rx_role,recv_ms,run_id,tx_id,node_id,seq,tx_ms,region,event,priority,usefulness,stale_after,policy,rssi,snr,parse_ok,parse_error,wall_time_utc,serial_port,raw_line
RX,730434,R35,TXK,N151,0,1764,A,1,0.75,0.72,5.0,U,-111.0,-2.5,True,,2026-07-13T13:32:39.263+00:00,/dev/cu.usbserial-58870137921,"RX,730434,R35,TXK,N151,0,1764,A,1,0.75,0.72,5,U,-111,-2.50"
RX,731289,R35,TXA,N01,0,2627,A,1,0.75,0.72,5.0,F,-111.0,-3.0,True,,2026-07-13T13:32:40.118+00:00,/dev/cu.usbserial-58870137921,"RX,731289,R35,TXA,N01,0,2627,A,1,0.75,0.72,5,F,-111,-3.00"
RX,732288,R35,TXA,N01,1,3627,B,0,0.2,0.18,5.0,F,-110.0,-3.75,True,,2026-07-13T13:32:41.117+00:00,/dev/cu.usbserial-58870137921,"RX,732288,R35,TXA,N01,1,3627,B,0,0.20,0.18,5,F,-110,-3.75"
RX,732433,R35,TXK,N151,1,3764,C,1,0.81,0.78,5.0,U,-110.0,-3.25,True,,2026-07-13T13:32:41.263+00:00,/dev/cu.usbserial-58870137921,"RX,732433,R35,TXK,N151,1,3764,C,1,0.81,0.78,5,U,-110,-3.25"
RX,733288,R35,TXA,N01,2,4627,C,1,0.81,0.78,5.0,F,-110.0,-2.0,True,,2026-07-13T13:32:42.117+00:00,/dev/cu.usbserial-58870137921,"RX,733288,R35,TXA,N01,2,4627,C,1,0.81,0.78,5,F,-110,-2.00"
RX,734288,R35,TXA,N01,3,5627,D,1,0.24,0.22,5.0,F,-109.0,-2.0,True,,2026-07-13T13:32:43.117+00:00,/dev/cu.usbserial-58870137921,"RX,734288,R35,TXA,N01,3,5627,D,1,0.24,0.22,5,F,-109,-2.00"
RX,734433,R35,TXK,N151,2,5764,E,0,0.87,0.84,5.0,U,-111.0,-3.0,True,,2026-07-13T13:32:43.262+00:00,/dev/cu.usbserial-58870137921,"RX,734433,R35,TXK,N151,2,5764,E,0,0.87,0.84,5,U,-111,-3.00"
RX,735288,R35,TXA,N01,4,6627,E,0,0.87,0.84,5.0,F,-109.0,-0.75,True,,2026-07-13T13:32:44.117+00:00,/dev/cu.usbserial-58870137921,"RX,735288,R35,TXA,N01,4,6627,E,0,0.87,0.84,5,F,-109,-0.75"
RX,736288,R35,TXA,N01,5,7627,F,1,0.28,0.26,5.0,F,-109.0,0.25,True,,2026-07-13T13:32:45.117+00:00,/dev/cu.usbserial-58870137921,"RX,736288,R35,TXA,N01,5,7627,F,1,0.28,0.26,5,F,-109,0.25"
RX,736404,R35,TXH,N106,0,7743,G,1,0.93,0.9,5.0,U,-106.0,1.5,True,,2026-07-13T13:32:45.233+00:00,/dev/cu.usbserial-58870137921,"RX,736404,R35,TXH,N106,0,7743,G,1,0.93,0.90,5,U,-106,1.50"
RX,736586,R35,TXL,N166,0,7917,G,1,0.93,0.9,5.0,U,-109.0,1.0,True,,2026-07-13T13:32:45.415+00:00,/dev/cu.usbserial-58870137921,"RX,736586,R35,TXL,N166,0,7917,G,1,0.93,0.90,5,U,-109,1.00"
RX,736787,R35,TXF,N76,0,8131,E,0,0.87,0.84,5.0,U,-111.0,-8.25,True,,2026-07-13T13:32:45.616+00:00,/dev/cu.usbserial-58870137921,"RX,736787,R35,TXF,N76,0,8131,E,0,0.87,0.84,5,U,-111,-8.25"
RX,737092,R35,TXD,N46,0,8431,G,1,0.93,0.9,5.0,U,-110.0,-4.25,True,,2026-07-13T13:32:45.921+00:00,/dev/cu.usbserial-58870137921,"RX,737092,R35,TXD,N46,0,8431,G,1,0.93,0.90,5,U,-110,-4.25"
RX,737288,R35,TXA,N01,6,8627,G,1,0.93,0.9,5.0,F,-109.0,-1.25,True,,2026-07-13T13:32:46.116+00:00,/dev/cu.usbserial-58870137921,"RX,737288,R35,TXA,N01,6,8627,G,1,0.93,0.90,5,F,-109,-1.25"
RX,738040,R35,TXE,N61,0,9383,A,1,0.75,0.72,5.0,U,-111.0,-4.25,True,,2026-07-13T13:32:46.869+00:00,/dev/cu.usbserial-58870137921,"RX,738040,R35,TXE,N61,0,9383,A,1,0.75,0.72,5,U,-111,-4.25"
RX,738288,R35,TXA,N01,7,9627,H,0,0.32,0.3,5.0,F,-109.0,-1.25,True,,2026-07-13T13:32:47.117+00:00,/dev/cu.usbserial-58870137921,"RX,738288,R35,TXA,N01,7,9627,H,0,0.32,0.30,5,F,-109,-1.25"
RX,738433,R35,TXK,N151,4,9764,A,1,0.75,0.72,5.0,U,-111.0,-3.0,True,,2026-07-13T13:32:47.262+00:00,/dev/cu.usbserial-58870137921,"RX,738433,R35,TXK,N151,4,9764,A,1,0.75,0.72,5,U,-111,-3.00"
RX,738792,R35,TXF,N76,1,10131,G,1,0.93,0.9,5.0,U,-112.0,-7.0,True,,2026-07-13T13:32:47.621+00:00,/dev/cu.usbserial-58870137921,"RX,738792,R35,TXF,N76,1,10131,G,1,0.93,0.90,5,U,-112,-7.00"
RX,739051,R35,TXC,N31,0,10385,E,0,0.87,0.84,5.0,U,-108.0,1.0,True,,2026-07-13T13:32:47.880+00:00,/dev/cu.usbserial-58870137921,"RX,739051,R35,TXC,N31,0,10385,E,0,0.87,0.84,5,U,-108,1.00"
RX,739293,R35,TXA,N01,8,10627,A,1,0.75,0.72,5.0,F,-109.0,-1.0,True,,2026-07-13T13:32:48.122+00:00,/dev/cu.usbserial-58870137921,"RX,739293,R35,TXA,N01,8,10627,A,1,0.75,0.72,5,F,-109,-1.00"
RX,740044,R35,TXE,N61,1,11383,C,1,0.81,0.78,5.0,U,-110.0,-5.25,True,,2026-07-13T13:32:48.873+00:00,/dev/cu.usbserial-58870137921,"RX,740044,R35,TXE,N61,1,11383,C,1,0.81,0.78,5,U,-110,-5.25"
RX,740152,R35,TXI,N121,0,11482,E,0,0.87,0.84,5.0,U,-110.0,-6.0,True,,2026-07-13T13:32:48.981+00:00,/dev/cu.usbserial-58870137921,"RX,740152,R35,TXI,N121,0,11482,E,0,0.87,0.84,5,U,-110,-6.00"
RX,740293,R35,TXA,N01,9,11627,B,1,0.2,0.18,5.0,F,-109.0,-1.5,True,,2026-07-13T13:32:49.122+00:00,/dev/cu.usbserial-58870137921,"RX,740293,R35,TXA,N01,9,11627,B,1,0.20,0.18,5,F,-109,-1.50"
RX,740433,R35,TXK,N151,5,11764,C,0,0.81,0.78,5.0,U,-110.0,-2.0,True,,2026-07-13T13:32:49.263+00:00,/dev/cu.usbserial-58870137921,"RX,740433,R35,TXK,N151,5,11764,C,0,0.81,0.78,5,U,-110,-2.00"
RX,741051,R35,TXC,N31,1,12385,G,1,0.93,0.9,5.0,U,-108.0,-0.5,True,,2026-07-13T13:32:49.880+00:00,/dev/cu.usbserial-58870137921,"RX,741051,R35,TXC,N31,1,12385,G,1,0.93,0.90,5,U,-108,-0.50"
RX,741293,R35,TXA,N01,10,12627,C,0,0.81,0.78,5.0,F,-110.0,-2.5,True,,2026-07-13T13:32:50.122+00:00,/dev/cu.usbserial-58870137921,"RX,741293,R35,TXA,N01,10,12627,C,0,0.81,0.78,5,F,-110,-2.50"
RX,742151,R35,TXI,N121,1,13482,G,1,0.93,0.9,5.0,U,-110.0,-8.75,True,,2026-07-13T13:32:50.981+00:00,/dev/cu.usbserial-58870137921,"RX,742151,R35,TXI,N121,1,13482,G,1,0.93,0.90,5,U,-110,-8.75"
RX,742293,R35,TXA,N01,11,13627,D,1,0.24,0.22,5.0,F,-109.0,-3.0,True,,2026-07-13T13:32:51.122+00:00,/dev/cu.usbserial-58870137921,"RX,742293,R35,TXA,N01,11,13627,D,1,0.24,0.22,5,F,-109,-3.00"
RX,742433,R35,TXK,N151,6,13764,E,1,0.87,0.84,5.0,U,-109.0,-5.0,True,,2026-07-13T13:32:51.263+00:00,/dev/cu.usbserial-58870137921,"RX,742433,R35,TXK,N151,6,13764,E,1,0.87,0.84,5,U,-109,-5.00"
RX,743293,R35,TXA,N01,12,14627,E,1,0.87,0.84,5.0,F,-109.0,-3.0,True,,2026-07-13T13:32:52.123+00:00,/dev/cu.usbserial-58870137921,"RX,743293,R35,TXA,N01,12,14627,E,1,0.87,0.84,5,F,-109,-3.00"
RX,744044,R35,TXE,N61,3,15383,G,1,0.93,0.9,5.0,U,-111.0,-8.25,True,,2026-07-13T13:32:52.874+00:00,/dev/cu.usbserial-58870137921,"RX,744044,R35,TXE,N61,3,15383,G,1,0.93,0.90,5,U,-111,-8.25"
RX,744293,R35,TXA,N01,13,15627,F,0,0.28,0.26,5.0,F,-109.0,-2.5,True,,2026-07-13T13:32:53.122+00:00,/dev/cu.usbserial-58870137921,"RX,744293,R35,TXA,N01,13,15627,F,0,0.28,0.26,5,F,-109,-2.50"
RX,744404,R35,TXH,N106,1,15743,G,1,0.93,0.9,5.0,U,-109.0,-5.25,True,,2026-07-13T13:32:53.233+00:00,/dev/cu.usbserial-58870137921,"RX,744404,R35,TXH,N106,1,15743,G,1,0.93,0.90,5,U,-109,-5.25"
RX,744586,R35,TXL,N166,1,15917,G,1,0.93,0.9,5.0,U,-108.0,-1.25,True,,2026-07-13T13:32:53.415+00:00,/dev/cu.usbserial-58870137921,"RX,744586,R35,TXL,N166,1,15917,G,1,0.93,0.90,5,U,-108,-1.25"
RX,745097,R35,TXD,N46,1,16431,G,1,0.93,0.9,5.0,U,-110.0,-5.5,True,,2026-07-13T13:32:53.926+00:00,/dev/cu.usbserial-58870137921,"RX,745097,R35,TXD,N46,1,16431,G,1,0.93,0.90,5,U,-110,-5.50"
RX,745293,R35,TXA,N01,14,16627,G,1,0.93,0.9,5.0,F,-109.0,-3.5,True,,2026-07-13T13:32:54.123+00:00,/dev/cu.usbserial-58870137921,"RX,745293,R35,TXA,N01,14,16627,G,1,0.93,0.90,5,F,-109,-3.50"
RX,745742,R35,TXG,N91,0,17081,G,1,0.93,0.9,5.0,U,-110.0,-5.5,True,,2026-07-13T13:32:54.572+00:00,/dev/cu.usbserial-58870137921,"RX,745742,R35,TXG,N91,0,17081,G,1,0.93,0.90,5,U,-110,-5.50"
RX,746293,R35,TXA,N01,15,17627,H,1,0.32,0.3,5.0,F,-109.0,-1.5,True,,2026-07-13T13:32:55.122+00:00,/dev/cu.usbserial-58870137921,"RX,746293,R35,TXA,N01,15,17627,H,1,0.32,0.30,5,F,-109,-1.50"
RX,746433,R35,TXK,N151,8,17764,A,0,0.75,0.72,5.0,U,-110.0,-3.0,True,,2026-07-13T13:32:55.263+00:00,/dev/cu.usbserial-58870137921,"RX,746433,R35,TXK,N151,8,17764,A,0,0.75,0.72,5,U,-110,-3.00"
RX,746950,R35,TXJ,N136,0,18281,G,1,0.93,0.9,5.0,U,-109.0,-0.5,True,,2026-07-13T13:32:55.780+00:00,/dev/cu.usbserial-58870137921,"RX,746950,R35,TXJ,N136,0,18281,G,1,0.93,0.90,5,U,-109,-0.50"
RX,747051,R35,TXC,N31,2,18385,E,1,0.87,0.84,5.0,U,-108.0,0.5,True,,2026-07-13T13:32:55.880+00:00,/dev/cu.usbserial-58870137921,"RX,747051,R35,TXC,N31,2,18385,E,1,0.87,0.84,5,U,-108,0.50"
RX,747293,R35,TXA,N01,16,18627,A,0,0.75,0.72,5.0,F,-109.0,-1.25,True,,2026-07-13T13:32:56.122+00:00,/dev/cu.usbserial-58870137921,"RX,747293,R35,TXA,N01,16,18627,A,0,0.75,0.72,5,F,-109,-1.25"
RX,748044,R35,TXE,N61,5,19383,C,0,0.81,0.78,5.0,U,-110.0,-6.0,True,,2026-07-13T13:32:56.874+00:00,/dev/cu.usbserial-58870137921,"RX,748044,R35,TXE,N61,5,19383,C,0,0.81,0.78,5,U,-110,-6.00"
RX,748151,R35,TXI,N121,2,19482,E,1,0.87,0.84,5.0,U,-110.0,-5.5,True,,2026-07-13T13:32:56.981+00:00,/dev/cu.usbserial-58870137921,"RX,748151,R35,TXI,N121,2,19482,E,1,0.87,0.84,5,U,-110,-5.50"
RX,748293,R35,TXA,N01,17,19627,B,1,0.2,0.18,5.0,F,-108.0,-0.75,True,,2026-07-13T13:32:57.122+00:00,/dev/cu.usbserial-58870137921,"RX,748293,R35,TXA,N01,17,19627,B,1,0.20,0.18,5,F,-108,-0.75"
RX,748433,R35,TXK,N151,9,19764,C,1,0.81,0.78,5.0,U,-110.0,-2.25,True,,2026-07-13T13:32:57.263+00:00,/dev/cu.usbserial-58870137921,"RX,748433,R35,TXK,N151,9,19764,C,1,0.81,0.78,5,U,-110,-2.25"
RX,749051,R35,TXC,N31,3,20385,G,1,0.93,0.9,5.0,U,-109.0,-0.25,True,,2026-07-13T13:32:57.880+00:00,/dev/cu.usbserial-58870137921,"RX,749051,R35,TXC,N31,3,20385,G,1,0.93,0.90,5,U,-109,-0.25"
RX,749293,R35,TXA,N01,18,20627,C,1,0.81,0.78,5.0,F,-109.0,1.25,True,,2026-07-13T13:32:58.123+00:00,/dev/cu.usbserial-58870137921,"RX,749293,R35,TXA,N01,18,20627,C,1,0.81,0.78,5,F,-109,1.25"
RX,750044,R35,TXE,N61,6,21383,E,1,0.87,0.84,5.0,U,-111.0,-4.75,True,,2026-07-13T13:32:58.874+00:00,/dev/cu.usbserial-58870137921,"RX,750044,R35,TXE,N61,6,21383,E,1,0.87,0.84,5,U,-111,-4.75"
RX,750151,R35,TXI,N121,3,21482,G,1,0.93,0.9,5.0,U,-112.0,-5.5,True,,2026-07-13T13:32:58.981+00:00,/dev/cu.usbserial-58870137921,"RX,750151,R35,TXI,N121,3,21482,G,1,0.93,0.90,5,U,-112,-5.50"
RX,750293,R35,TXA,N01,19,21627,D,0,0.24,0.22,5.0,F,-109.0,-0.75,True,,2026-07-13T13:32:59.122+00:00,/dev/cu.usbserial-58870137921,"RX,750293,R35,TXA,N01,19,21627,D,0,0.24,0.22,5,F,-109,-0.75"
RX,750434,R35,TXK,N151,10,21764,E,1,0.87,0.84,5.0,U,-110.0,-1.0,True,,2026-07-13T13:32:59.263+00:00,/dev/cu.usbserial-58870137921,"RX,750434,R35,TXK,N151,10,21764,E,1,0.87,0.84,5,U,-110,-1.00"
RX,751293,R35,TXA,N01,20,22627,E,1,0.87,0.84,5.0,F,-109.0,-0.75,True,,2026-07-13T13:33:00.123+00:00,/dev/cu.usbserial-58870137921,"RX,751293,R35,TXA,N01,20,22627,E,1,0.87,0.84,5,F,-109,-0.75"
RX,752044,R35,TXE,N61,7,23383,G,1,0.93,0.9,5.0,U,-111.0,-5.5,True,,2026-07-13T13:33:00.874+00:00,/dev/cu.usbserial-58870137921,"RX,752044,R35,TXE,N61,7,23383,G,1,0.93,0.90,5,U,-111,-5.50"
RX,752293,R35,TXA,N01,21,23627,F,1,0.28,0.26,5.0,F,-108.0,-0.5,True,,2026-07-13T13:33:01.123+00:00,/dev/cu.usbserial-58870137921,"RX,752293,R35,TXA,N01,21,23627,F,1,0.28,0.26,5,F,-108,-0.50"
RX,752404,R35,TXH,N106,2,23743,G,0,0.93,0.9,5.0,U,-105.0,2.5,True,,2026-07-13T13:33:01.233+00:00,/dev/cu.usbserial-58870137921,"RX,752404,R35,TXH,N106,2,23743,G,0,0.93,0.90,5,U,-105,2.50"
RX,753097,R35,TXD,N46,2,24431,G,0,0.93,0.9,5.0,U,-111.0,-4.0,True,,2026-07-13T13:33:01.926+00:00,/dev/cu.usbserial-58870137921,"RX,753097,R35,TXD,N46,2,24431,G,0,0.93,0.90,5,U,-111,-4.00"
RX,753293,R35,TXA,N01,22,24627,G,0,0.93,0.9,5.0,F,-109.0,-4.25,True,,2026-07-13T13:33:02.122+00:00,/dev/cu.usbserial-58870137921,"RX,753293,R35,TXA,N01,22,24627,G,0,0.93,0.90,5,F,-109,-4.25"
RX,753742,R35,TXG,N91,1,25081,G,1,0.93,0.9,5.0,U,-109.0,-6.5,True,,2026-07-13T13:33:02.571+00:00,/dev/cu.usbserial-58870137921,"RX,753742,R35,TXG,N91,1,25081,G,1,0.93,0.90,5,U,-109,-6.50"
RX,754044,R35,TXE,N61,8,25383,A,0,0.75,0.72,5.0,U,-109.0,-3.75,True,,2026-07-13T13:33:02.874+00:00,/dev/cu.usbserial-58870137921,"RX,754044,R35,TXE,N61,8,25383,A,0,0.75,0.72,5,U,-109,-3.75"
RX,754293,R35,TXA,N01,23,25627,H,1,0.32,0.3,5.0,F,-108.0,-0.5,True,,2026-07-13T13:33:03.123+00:00,/dev/cu.usbserial-58870137921,"RX,754293,R35,TXA,N01,23,25627,H,1,0.32,0.30,5,F,-108,-0.50"
RX,754792,R35,TXF,N76,5,26131,G,0,0.93,0.9,5.0,U,-111.0,-2.5,True,,2026-07-13T13:33:03.621+00:00,/dev/cu.usbserial-58870137921,"RX,754792,R35,TXF,N76,5,26131,G,0,0.93,0.90,5,U,-111,-2.50"
RX,755051,R35,TXC,N31,4,26385,E,1,0.87,0.84,5.0,U,-106.0,5.5,True,,2026-07-13T13:33:03.880+00:00,/dev/cu.usbserial-58870137921,"RX,755051,R35,TXC,N31,4,26385,E,1,0.87,0.84,5,U,-106,5.50"
RX,755293,R35,TXA,N01,24,26627,A,1,0.75,0.72,5.0,F,-108.0,1.5,True,,2026-07-13T13:33:04.123+00:00,/dev/cu.usbserial-58870137921,"RX,755293,R35,TXA,N01,24,26627,A,1,0.75,0.72,5,F,-108,1.50"
RX,756044,R35,TXE,N61,9,27383,C,1,0.81,0.78,5.0,U,-110.0,-2.5,True,,2026-07-13T13:33:04.875+00:00,/dev/cu.usbserial-58870137921,"RX,756044,R35,TXE,N61,9,27383,C,1,0.81,0.78,5,U,-110,-2.50"
RX,756151,R35,TXI,N121,4,27482,E,1,0.87,0.84,5.0,U,-110.0,-4.75,True,,2026-07-13T13:33:04.981+00:00,/dev/cu.usbserial-58870137921,"RX,756151,R35,TXI,N121,4,27482,E,1,0.87,0.84,5,U,-110,-4.75"
RX,756293,R35,TXA,N01,25,27627,B,0,0.2,0.18,5.0,F,-110.0,-4.0,True,,2026-07-13T13:33:05.122+00:00,/dev/cu.usbserial-58870137921,"RX,756293,R35,TXA,N01,25,27627,B,0,0.20,0.18,5,F,-110,-4.00"
RX,757051,R35,TXC,N31,5,28385,G,0,0.93,0.9,5.0,U,-108.0,0.0,True,,2026-07-13T13:33:05.880+00:00,/dev/cu.usbserial-58870137921,"RX,757051,R35,TXC,N31,5,28385,G,0,0.93,0.90,5,U,-108,0.00"
RX,757293,R35,TXA,N01,26,28627,C,1,0.81,0.78,5.0,F,-110.0,-2.25,True,,2026-07-13T13:33:06.123+00:00,/dev/cu.usbserial-58870137921,"RX,757293,R35,TXA,N01,26,28627,C,1,0.81,0.78,5,F,-110,-2.25"
RX,758044,R35,TXE,N61,10,29383,E,1,0.87,0.84,5.0,U,-108.0,1.5,True,,2026-07-13T13:33:06.874+00:00,/dev/cu.usbserial-58870137921,"RX,758044,R35,TXE,N61,10,29383,E,1,0.87,0.84,5,U,-108,1.50"
RX,758293,R35,TXA,N01,27,29627,D,1,0.24,0.22,5.0,F,-109.0,0.5,True,,2026-07-13T13:33:07.123+00:00,/dev/cu.usbserial-58870137921,"RX,758293,R35,TXA,N01,27,29627,D,1,0.24,0.22,5,F,-109,0.50"
RX,758433,R35,TXK,N151,14,29764,E,0,0.87,0.84,5.0,U,-109.0,1.0,True,,2026-07-13T13:33:07.263+00:00,/dev/cu.usbserial-58870137921,"RX,758433,R35,TXK,N151,14,29764,E,0,0.87,0.84,5,U,-109,1.00"
RX,759293,R35,TXA,N01,28,30627,E,0,0.87,0.84,5.0,F,-110.0,-2.75,True,,2026-07-13T13:33:08.122+00:00,/dev/cu.usbserial-58870137921,"RX,759293,R35,TXA,N01,28,30627,E,0,0.87,0.84,5,F,-110,-2.75"
RX,760044,R35,TXE,N61,11,31383,G,0,0.93,0.9,5.0,U,-111.0,-5.0,True,,2026-07-13T13:33:08.874+00:00,/dev/cu.usbserial-58870137921,"RX,760044,R35,TXE,N61,11,31383,G,0,0.93,0.90,5,U,-111,-5.00"
RX,760293,R35,TXA,N01,29,31627,F,1,0.28,0.26,5.0,F,-109.0,0.0,True,,2026-07-13T13:33:09.122+00:00,/dev/cu.usbserial-58870137921,"RX,760293,R35,TXA,N01,29,31627,F,1,0.28,0.26,5,F,-109,0.00"
RX,760404,R35,TXH,N106,3,31743,G,1,0.93,0.9,5.0,U,-107.0,0.25,True,,2026-07-13T13:33:09.233+00:00,/dev/cu.usbserial-58870137921,"RX,760404,R35,TXH,N106,3,31743,G,1,0.93,0.90,5,U,-107,0.25"
RX,760586,R35,TXL,N166,3,31917,G,1,0.93,0.9,5.0,U,-108.0,0.75,True,,2026-07-13T13:33:09.415+00:00,/dev/cu.usbserial-58870137921,"RX,760586,R35,TXL,N166,3,31917,G,1,0.93,0.90,5,U,-108,0.75"
RX,760792,R35,TXF,N76,6,32131,E,0,0.87,0.84,5.0,U,-111.0,-8.5,True,,2026-07-13T13:33:09.621+00:00,/dev/cu.usbserial-58870137921,"RX,760792,R35,TXF,N76,6,32131,E,0,0.87,0.84,5,U,-111,-8.50"
RX,761293,R35,TXA,N01,30,32627,G,1,0.93,0.9,5.0,F,-109.0,-0.75,True,,2026-07-13T13:33:10.122+00:00,/dev/cu.usbserial-58870137921,"RX,761293,R35,TXA,N01,30,32627,G,1,0.93,0.90,5,F,-109,-0.75"
RX,761742,R35,TXG,N91,2,33081,G,0,0.93,0.9,5.0,U,-111.0,-3.75,True,,2026-07-13T13:33:10.571+00:00,/dev/cu.usbserial-58870137921,"RX,761742,R35,TXG,N91,2,33081,G,0,0.93,0.90,5,U,-111,-3.75"
RX,762044,R35,TXE,N61,12,33383,A,1,0.75,0.72,5.0,U,-111.0,-4.25,True,,2026-07-13T13:33:10.874+00:00,/dev/cu.usbserial-58870137921,"RX,762044,R35,TXE,N61,12,33383,A,1,0.75,0.72,5,U,-111,-4.25"
RX,762293,R35,TXA,N01,31,33627,H,0,0.32,0.3,5.0,F,-109.0,0.0,True,,2026-07-13T13:33:11.122+00:00,/dev/cu.usbserial-58870137921,"RX,762293,R35,TXA,N01,31,33627,H,0,0.32,0.30,5,F,-109,0.00"
RX,762433,R35,TXK,N151,16,33764,A,1,0.75,0.72,5.0,U,-110.0,-3.0,True,,2026-07-13T13:33:11.263+00:00,/dev/cu.usbserial-58870137921,"RX,762433,R35,TXK,N151,16,33764,A,1,0.75,0.72,5,U,-110,-3.00"
RX,762792,R35,TXF,N76,7,34131,G,1,0.93,0.9,5.0,U,-111.0,-6.0,True,,2026-07-13T13:33:11.621+00:00,/dev/cu.usbserial-58870137921,"RX,762792,R35,TXF,N76,7,34131,G,1,0.93,0.90,5,U,-111,-6.00"
RX,762950,R35,TXJ,N136,2,34281,G,0,0.93,0.9,5.0,U,-108.0,1.25,True,,2026-07-13T13:33:11.780+00:00,/dev/cu.usbserial-58870137921,"RX,762950,R35,TXJ,N136,2,34281,G,0,0.93,0.90,5,U,-108,1.25"
RX,763050,R35,TXC,N31,6,34385,E,0,0.87,0.84,5.0,U,-107.0,2.0,True,,2026-07-13T13:33:11.880+00:00,/dev/cu.usbserial-58870137921,"RX,763050,R35,TXC,N31,6,34385,E,0,0.87,0.84,5,U,-107,2.00"
RX,763293,R35,TXA,N01,32,34627,A,1,0.75,0.72,5.0,F,-109.0,-0.5,True,,2026-07-13T13:33:12.122+00:00,/dev/cu.usbserial-58870137921,"RX,763293,R35,TXA,N01,32,34627,A,1,0.75,0.72,5,F,-109,-0.50"
RX,764044,R35,TXE,N61,13,35383,C,1,0.81,0.78,5.0,U,-110.0,-5.75,True,,2026-07-13T13:33:12.874+00:00,/dev/cu.usbserial-58870137921,"RX,764044,R35,TXE,N61,13,35383,C,1,0.81,0.78,5,U,-110,-5.75"
RX,764151,R35,TXI,N121,6,35482,E,0,0.87,0.84,5.0,U,-111.0,-5.0,True,,2026-07-13T13:33:12.981+00:00,/dev/cu.usbserial-58870137921,"RX,764151,R35,TXI,N121,6,35482,E,0,0.87,0.84,5,U,-111,-5.00"
RX,764293,R35,TXA,N01,33,35627,B,1,0.2,0.18,5.0,F,-108.0,-0.25,True,,2026-07-13T13:33:13.123+00:00,/dev/cu.usbserial-58870137921,"RX,764293,R35,TXA,N01,33,35627,B,1,0.20,0.18,5,F,-108,-0.25"
RX,764433,R35,TXK,N151,17,35764,C,0,0.81,0.78,5.0,U,-110.0,-3.25,True,,2026-07-13T13:33:13.263+00:00,/dev/cu.usbserial-58870137921,"RX,764433,R35,TXK,N151,17,35764,C,0,0.81,0.78,5,U,-110,-3.25"
RX,765050,R35,TXC,N31,7,36385,G,1,0.93,0.9,5.0,U,-106.0,2.75,True,,2026-07-13T13:33:13.880+00:00,/dev/cu.usbserial-58870137921,"RX,765050,R35,TXC,N31,7,36385,G,1,0.93,0.90,5,U,-106,2.75"
RX,765293,R35,TXA,N01,34,36627,C,0,0.81,0.78,5.0,F,-106.0,3.5,True,,2026-07-13T13:33:14.122+00:00,/dev/cu.usbserial-58870137921,"RX,765293,R35,TXA,N01,34,36627,C,0,0.81,0.78,5,F,-106,3.50"
RX,765561,R35,TXB,N16,16,36894,A,1,0.75,0.72,5.0,U,-110.0,-3.75,True,,2026-07-13T13:33:14.390+00:00,/dev/cu.usbserial-58870137921,"RX,765561,R35,TXB,N16,16,36894,A,1,0.75,0.72,5,U,-110,-3.75"
RX,766044,R35,TXE,N61,14,37383,E,0,0.87,0.84,5.0,U,-110.0,-4.0,True,,2026-07-13T13:33:14.874+00:00,/dev/cu.usbserial-58870137921,"RX,766044,R35,TXE,N61,14,37383,E,0,0.87,0.84,5,U,-110,-4.00"
RX,766151,R35,TXI,N121,7,37482,G,1,0.93,0.9,5.0,U,-109.0,-2.25,True,,2026-07-13T13:33:14.981+00:00,/dev/cu.usbserial-58870137921,"RX,766151,R35,TXI,N121,7,37482,G,1,0.93,0.90,5,U,-109,-2.25"
RX,766293,R35,TXA,N01,35,37627,D,1,0.24,0.22,5.0,F,-109.0,-0.25,True,,2026-07-13T13:33:15.122+00:00,/dev/cu.usbserial-58870137921,"RX,766293,R35,TXA,N01,35,37627,D,1,0.24,0.22,5,F,-109,-0.25"
RX,766433,R35,TXK,N151,18,37764,E,1,0.87,0.84,5.0,U,-110.0,-5.25,True,,2026-07-13T13:33:15.263+00:00,/dev/cu.usbserial-58870137921,"RX,766433,R35,TXK,N151,18,37764,E,1,0.87,0.84,5,U,-110,-5.25"
RX,767293,R35,TXA,N01,36,38627,E,1,0.87,0.84,5.0,F,-109.0,-1.5,True,,2026-07-13T13:33:16.123+00:00,/dev/cu.usbserial-58870137921,"RX,767293,R35,TXA,N01,36,38627,E,1,0.87,0.84,5,F,-109,-1.50"
RX,768044,R35,TXE,N61,15,39383,G,1,0.93,0.9,5.0,U,-110.0,-6.25,True,,2026-07-13T13:33:16.874+00:00,/dev/cu.usbserial-58870137921,"RX,768044,R35,TXE,N61,15,39383,G,1,0.93,0.90,5,U,-110,-6.25"
RX,768293,R35,TXA,N01,37,39627,F,0,0.28,0.26,5.0,F,-110.0,-3.0,True,,2026-07-13T13:33:17.123+00:00,/dev/cu.usbserial-58870137921,"RX,768293,R35,TXA,N01,37,39627,F,0,0.28,0.26,5,F,-110,-3.00"
RX,768792,R35,TXF,N76,8,40131,E,1,0.87,0.84,5.0,U,-111.0,-9.0,True,,2026-07-13T13:33:17.621+00:00,/dev/cu.usbserial-58870137921,"RX,768792,R35,TXF,N76,8,40131,E,1,0.87,0.84,5,U,-111,-9.00"
RX,769096,R35,TXD,N46,4,40431,G,1,0.93,0.9,5.0,U,-111.0,-8.5,True,,2026-07-13T13:33:17.925+00:00,/dev/cu.usbserial-58870137921,"RX,769096,R35,TXD,N46,4,40431,G,1,0.93,0.90,5,U,-111,-8.50"
RX,769293,R35,TXA,N01,38,40627,G,1,0.93,0.9,5.0,F,-110.0,-2.75,True,,2026-07-13T13:33:18.122+00:00,/dev/cu.usbserial-58870137921,"RX,769293,R35,TXA,N01,38,40627,G,1,0.93,0.90,5,F,-110,-2.75"
RX,769742,R35,TXG,N91,3,41081,G,1,0.93,0.9,5.0,U,-110.0,-4.0,True,,2026-07-13T13:33:18.571+00:00,/dev/cu.usbserial-58870137921,"RX,769742,R35,TXG,N91,3,41081,G,1,0.93,0.90,5,U,-110,-4.00"
RX,770044,R35,TXE,N61,16,41383,A,1,0.75,0.72,5.0,U,-111.0,-7.0,True,,2026-07-13T13:33:18.874+00:00,/dev/cu.usbserial-58870137921,"RX,770044,R35,TXE,N61,16,41383,A,1,0.75,0.72,5,U,-111,-7.00"
RX,770293,R35,TXA,N01,39,41627,H,1,0.32,0.3,5.0,F,-109.0,-2.5,True,,2026-07-13T13:33:19.122+00:00,/dev/cu.usbserial-58870137921,"RX,770293,R35,TXA,N01,39,41627,H,1,0.32,0.30,5,F,-109,-2.50"
RX,770950,R35,TXJ,N136,3,42281,G,1,0.93,0.9,5.0,U,-109.0,-0.25,True,,2026-07-13T13:33:19.780+00:00,/dev/cu.usbserial-58870137921,"RX,770950,R35,TXJ,N136,3,42281,G,1,0.93,0.90,5,U,-109,-0.25"
RX,771050,R35,TXC,N31,8,42385,E,1,0.87,0.84,5.0,U,-108.0,1.25,True,,2026-07-13T13:33:19.880+00:00,/dev/cu.usbserial-58870137921,"RX,771050,R35,TXC,N31,8,42385,E,1,0.87,0.84,5,U,-108,1.25"
RX,771293,R35,TXA,N01,40,42627,A,0,0.75,0.72,5.0,F,-109.0,-2.5,True,,2026-07-13T13:33:20.123+00:00,/dev/cu.usbserial-58870137921,"RX,771293,R35,TXA,N01,40,42627,A,0,0.75,0.72,5,F,-109,-2.50"
RX,772044,R35,TXE,N61,17,43383,C,0,0.81,0.78,5.0,U,-111.0,-7.0,True,,2026-07-13T13:33:20.874+00:00,/dev/cu.usbserial-58870137921,"RX,772044,R35,TXE,N61,17,43383,C,0,0.81,0.78,5,U,-111,-7.00"
RX,772151,R35,TXI,N121,8,43482,E,1,0.87,0.84,5.0,U,-111.0,-7.0,True,,2026-07-13T13:33:20.981+00:00,/dev/cu.usbserial-58870137921,"RX,772151,R35,TXI,N121,8,43482,E,1,0.87,0.84,5,U,-111,-7.00"
RX,772293,R35,TXA,N01,41,43627,B,1,0.2,0.18,5.0,F,-110.0,-3.25,True,,2026-07-13T13:33:21.122+00:00,/dev/cu.usbserial-58870137921,"RX,772293,R35,TXA,N01,41,43627,B,1,0.20,0.18,5,F,-110,-3.25"
RX,772433,R35,TXK,N151,21,43764,C,1,0.81,0.78,5.0,U,-110.0,-4.75,True,,2026-07-13T13:33:21.263+00:00,/dev/cu.usbserial-58870137921,"RX,772433,R35,TXK,N151,21,43764,C,1,0.81,0.78,5,U,-110,-4.75"
RX,773050,R35,TXC,N31,9,44385,G,1,0.93,0.9,5.0,U,-108.0,0.0,True,,2026-07-13T13:33:21.880+00:00,/dev/cu.usbserial-58870137921,"RX,773050,R35,TXC,N31,9,44385,G,1,0.93,0.90,5,U,-108,0.00"
RX,773293,R35,TXA,N01,42,44627,C,1,0.81,0.78,5.0,F,-109.0,-2.75,True,,2026-07-13T13:33:22.123+00:00,/dev/cu.usbserial-58870137921,"RX,773293,R35,TXA,N01,42,44627,C,1,0.81,0.78,5,F,-109,-2.75"
RX,774044,R35,TXE,N61,18,45383,E,1,0.87,0.84,5.0,U,-111.0,-6.0,True,,2026-07-13T13:33:22.874+00:00,/dev/cu.usbserial-58870137921,"RX,774044,R35,TXE,N61,18,45383,E,1,0.87,0.84,5,U,-111,-6.00"
RX,774151,R35,TXI,N121,9,45482,G,1,0.93,0.9,5.0,U,-110.0,-4.5,True,,2026-07-13T13:33:22.981+00:00,/dev/cu.usbserial-58870137921,"RX,774151,R35,TXI,N121,9,45482,G,1,0.93,0.90,5,U,-110,-4.50"
RX,774293,R35,TXA,N01,43,45627,D,0,0.24,0.22,5.0,F,-109.0,-3.25,True,,2026-07-13T13:33:23.123+00:00,/dev/cu.usbserial-58870137921,"RX,774293,R35,TXA,N01,43,45627,D,0,0.24,0.22,5,F,-109,-3.25"
RX,775293,R35,TXA,N01,44,46627,E,1,0.87,0.84,5.0,F,-109.0,-2.5,True,,2026-07-13T13:33:24.123+00:00,/dev/cu.usbserial-58870137921,"RX,775293,R35,TXA,N01,44,46627,E,1,0.87,0.84,5,F,-109,-2.50"
RX,776044,R35,TXE,N61,19,47383,G,1,0.93,0.9,5.0,U,-110.0,-6.75,True,,2026-07-13T13:33:24.874+00:00,/dev/cu.usbserial-58870137921,"RX,776044,R35,TXE,N61,19,47383,G,1,0.93,0.90,5,U,-110,-6.75"
RX,776293,R35,TXA,N01,45,47627,F,1,0.28,0.26,5.0,F,-109.0,-3.0,True,,2026-07-13T13:33:25.123+00:00,/dev/cu.usbserial-58870137921,"RX,776293,R35,TXA,N01,45,47627,F,1,0.28,0.26,5,F,-109,-3.00"
RX,776433,R35,TXK,N151,23,47764,G,0,0.93,0.9,5.0,U,-110.0,-5.25,True,,2026-07-13T13:33:25.263+00:00,/dev/cu.usbserial-58870137921,"RX,776433,R35,TXK,N151,23,47764,G,0,0.93,0.90,5,U,-110,-5.25"
RX,776792,R35,TXF,N76,10,48131,E,1,0.87,0.84,5.0,U,-111.0,-8.0,True,,2026-07-13T13:33:25.622+00:00,/dev/cu.usbserial-58870137921,"RX,776792,R35,TXF,N76,10,48131,E,1,0.87,0.84,5,U,-111,-8.00"
RX,777096,R35,TXD,N46,5,48431,G,0,0.93,0.9,5.0,U,-111.0,-9.5,True,,2026-07-13T13:33:25.927+00:00,/dev/cu.usbserial-58870137921,"RX,777096,R35,TXD,N46,5,48431,G,0,0.93,0.90,5,U,-111,-9.50"
RX,777293,R35,TXA,N01,46,48627,G,0,0.93,0.9,5.0,F,-109.0,-2.75,True,,2026-07-13T13:33:26.123+00:00,/dev/cu.usbserial-58870137921,"RX,777293,R35,TXA,N01,46,48627,G,0,0.93,0.90,5,F,-109,-2.75"
RX,777742,R35,TXG,N91,4,49081,G,1,0.93,0.9,5.0,U,-109.0,-3.75,True,,2026-07-13T13:33:26.571+00:00,/dev/cu.usbserial-58870137921,"RX,777742,R35,TXG,N91,4,49081,G,1,0.93,0.90,5,U,-109,-3.75"
RX,778044,R35,TXE,N61,20,49383,A,0,0.75,0.72,5.0,U,-109.0,-5.0,True,,2026-07-13T13:33:26.874+00:00,/dev/cu.usbserial-58870137921,"RX,778044,R35,TXE,N61,20,49383,A,0,0.75,0.72,5,U,-109,-5.00"
RX,778293,R35,TXA,N01,47,49627,H,1,0.32,0.3,5.0,F,-109.0,-1.5,True,,2026-07-13T13:33:27.123+00:00,/dev/cu.usbserial-58870137921,"RX,778293,R35,TXA,N01,47,49627,H,1,0.32,0.30,5,F,-109,-1.50"
RX,778433,R35,TXK,N151,24,49764,A,1,0.75,0.72,5.0,U,-109.0,-3.0,True,,2026-07-13T13:33:27.263+00:00,/dev/cu.usbserial-58870137921,"RX,778433,R35,TXK,N151,24,49764,A,1,0.75,0.72,5,U,-109,-3.00"
RX,778792,R35,TXF,N76,11,50131,G,0,0.93,0.9,5.0,U,-111.0,-7.0,True,,2026-07-13T13:33:27.622+00:00,/dev/cu.usbserial-58870137921,"RX,778792,R35,TXF,N76,11,50131,G,0,0.93,0.90,5,U,-111,-7.00"
RX,778950,R35,TXJ,N136,4,50281,G,1,0.93,0.9,5.0,U,-108.0,-0.75,True,,2026-07-13T13:33:27.780+00:00,/dev/cu.usbserial-58870137921,"RX,778950,R35,TXJ,N136,4,50281,G,1,0.93,0.90,5,U,-108,-0.75"
RX,779050,R35,TXC,N31,10,50385,E,1,0.87,0.84,5.0,U,-108.0,-0.25,True,,2026-07-13T13:33:27.880+00:00,/dev/cu.usbserial-58870137921,"RX,779050,R35,TXC,N31,10,50385,E,1,0.87,0.84,5,U,-108,-0.25"
RX,779293,R35,TXA,N01,48,50627,A,1,0.75,0.72,5.0,F,-109.0,-2.75,True,,2026-07-13T13:33:28.122+00:00,/dev/cu.usbserial-58870137921,"RX,779293,R35,TXA,N01,48,50627,A,1,0.75,0.72,5,F,-109,-2.75"
RX,780044,R35,TXE,N61,21,51383,C,1,0.81,0.78,5.0,U,-109.0,-5.0,True,,2026-07-13T13:33:28.874+00:00,/dev/cu.usbserial-58870137921,"RX,780044,R35,TXE,N61,21,51383,C,1,0.81,0.78,5,U,-109,-5.00"
RX,780151,R35,TXI,N121,10,51482,E,1,0.87,0.84,5.0,U,-110.0,-5.5,True,,2026-07-13T13:33:28.981+00:00,/dev/cu.usbserial-58870137921,"RX,780151,R35,TXI,N121,10,51482,E,1,0.87,0.84,5,U,-110,-5.50"
RX,780293,R35,TXA,N01,49,51627,B,0,0.2,0.18,5.0,F,-109.0,-1.25,True,,2026-07-13T13:33:29.123+00:00,/dev/cu.usbserial-58870137921,"RX,780293,R35,TXA,N01,49,51627,B,0,0.20,0.18,5,F,-109,-1.25"
RX,780433,R35,TXK,N151,25,51764,C,1,0.81,0.78,5.0,U,-110.0,-5.75,True,,2026-07-13T13:33:29.263+00:00,/dev/cu.usbserial-58870137921,"RX,780433,R35,TXK,N151,25,51764,C,1,0.81,0.78,5,U,-110,-5.75"
RX,781050,R35,TXC,N31,11,52385,G,0,0.93,0.9,5.0,U,-107.0,0.75,True,,2026-07-13T13:33:29.880+00:00,/dev/cu.usbserial-58870137921,"RX,781050,R35,TXC,N31,11,52385,G,0,0.93,0.90,5,U,-107,0.75"
RX,781293,R35,TXA,N01,50,52627,C,1,0.81,0.78,5.0,F,-108.0,-1.75,True,,2026-07-13T13:33:30.123+00:00,/dev/cu.usbserial-58870137921,"RX,781293,R35,TXA,N01,50,52627,C,1,0.81,0.78,5,F,-108,-1.75"
RX,782044,R35,TXE,N61,22,53383,E,1,0.87,0.84,5.0,U,-110.0,-6.75,True,,2026-07-13T13:33:30.874+00:00,/dev/cu.usbserial-58870137921,"RX,782044,R35,TXE,N61,22,53383,E,1,0.87,0.84,5,U,-110,-6.75"
RX,782151,R35,TXI,N121,11,53482,G,0,0.93,0.9,5.0,U,-110.0,-6.5,True,,2026-07-13T13:33:30.981+00:00,/dev/cu.usbserial-58870137921,"RX,782151,R35,TXI,N121,11,53482,G,0,0.93,0.90,5,U,-110,-6.50"
RX,782293,R35,TXA,N01,51,53627,D,1,0.24,0.22,5.0,F,-109.0,-2.5,True,,2026-07-13T13:33:31.122+00:00,/dev/cu.usbserial-58870137921,"RX,782293,R35,TXA,N01,51,53627,D,1,0.24,0.22,5,F,-109,-2.50"
RX,782433,R35,TXK,N151,26,53764,E,0,0.87,0.84,5.0,U,-110.0,-6.25,True,,2026-07-13T13:33:31.263+00:00,/dev/cu.usbserial-58870137921,"RX,782433,R35,TXK,N151,26,53764,E,0,0.87,0.84,5,U,-110,-6.25"
RX,783293,R35,TXA,N01,52,54627,E,0,0.87,0.84,5.0,F,-109.0,-1.0,True,,2026-07-13T13:33:32.123+00:00,/dev/cu.usbserial-58870137921,"RX,783293,R35,TXA,N01,52,54627,E,0,0.87,0.84,5,F,-109,-1.00"
RX,784044,R35,TXE,N61,23,55383,G,0,0.93,0.9,5.0,U,-110.0,-5.0,True,,2026-07-13T13:33:32.874+00:00,/dev/cu.usbserial-58870137921,"RX,784044,R35,TXE,N61,23,55383,G,0,0.93,0.90,5,U,-110,-5.00"
RX,784293,R35,TXA,N01,53,55627,F,1,0.28,0.26,5.0,F,-108.0,-1.75,True,,2026-07-13T13:33:33.122+00:00,/dev/cu.usbserial-58870137921,"RX,784293,R35,TXA,N01,53,55627,F,1,0.28,0.26,5,F,-108,-1.75"
RX,784433,R35,TXK,N151,27,55764,G,1,0.93,0.9,5.0,U,-110.0,-8.25,True,,2026-07-13T13:33:33.263+00:00,/dev/cu.usbserial-58870137921,"RX,784433,R35,TXK,N151,27,55764,G,1,0.93,0.90,5,U,-110,-8.25"
RX,785293,R35,TXA,N01,54,56627,G,1,0.93,0.9,5.0,F,-109.0,-1.75,True,,2026-07-13T13:33:34.122+00:00,/dev/cu.usbserial-58870137921,"RX,785293,R35,TXA,N01,54,56627,G,1,0.93,0.90,5,F,-109,-1.75"
RX,785742,R35,TXG,N91,5,57081,G,0,0.93,0.9,5.0,U,-109.0,-4.75,True,,2026-07-13T13:33:34.571+00:00,/dev/cu.usbserial-58870137921,"RX,785742,R35,TXG,N91,5,57081,G,0,0.93,0.90,5,U,-109,-4.75"
RX,786044,R35,TXE,N61,24,57383,A,1,0.75,0.72,5.0,U,-111.0,-9.75,True,,2026-07-13T13:33:34.874+00:00,/dev/cu.usbserial-58870137921,"RX,786044,R35,TXE,N61,24,57383,A,1,0.75,0.72,5,U,-111,-9.75"
RX,786293,R35,TXA,N01,55,57627,H,0,0.32,0.3,5.0,F,-109.0,-2.5,True,,2026-07-13T13:33:35.122+00:00,/dev/cu.usbserial-58870137921,"RX,786293,R35,TXA,N01,55,57627,H,0,0.32,0.30,5,F,-109,-2.50"
RX,786792,R35,TXF,N76,13,58131,G,1,0.93,0.9,5.0,U,-110.0,-4.25,True,,2026-07-13T13:33:35.622+00:00,/dev/cu.usbserial-58870137921,"RX,786792,R35,TXF,N76,13,58131,G,1,0.93,0.90,5,U,-110,-4.25"
RX,786950,R35,TXJ,N136,5,58281,G,0,0.93,0.9,5.0,U,-107.0,1.0,True,,2026-07-13T13:33:35.780+00:00,/dev/cu.usbserial-58870137921,"RX,786950,R35,TXJ,N136,5,58281,G,0,0.93,0.90,5,U,-107,1.00"
RX,787050,R35,TXC,N31,12,58385,E,0,0.87,0.84,5.0,U,-106.0,2.75,True,,2026-07-13T13:33:35.880+00:00,/dev/cu.usbserial-58870137921,"RX,787050,R35,TXC,N31,12,58385,E,0,0.87,0.84,5,U,-106,2.75"
RX,787293,R35,TXA,N01,56,58627,A,1,0.75,0.72,5.0,F,-109.0,-2.0,True,,2026-07-13T13:33:36.123+00:00,/dev/cu.usbserial-58870137921,"RX,787293,R35,TXA,N01,56,58627,A,1,0.75,0.72,5,F,-109,-2.00"
RX,788044,R35,TXE,N61,25,59383,C,1,0.81,0.78,5.0,U,-110.0,-8.75,True,,2026-07-13T13:33:36.874+00:00,/dev/cu.usbserial-58870137921,"RX,788044,R35,TXE,N61,25,59383,C,1,0.81,0.78,5,U,-110,-8.75"
RX,788293,R35,TXA,N01,57,59627,B,1,0.2,0.18,5.0,F,-109.0,-2.75,True,,2026-07-13T13:33:37.122+00:00,/dev/cu.usbserial-58870137921,"RX,788293,R35,TXA,N01,57,59627,B,1,0.20,0.18,5,F,-109,-2.75"
RX,788433,R35,TXK,N151,29,59764,C,0,0.81,0.78,5.0,U,-110.0,-6.25,True,,2026-07-13T13:33:37.263+00:00,/dev/cu.usbserial-58870137921,"RX,788433,R35,TXK,N151,29,59764,C,0,0.81,0.78,5,U,-110,-6.25"
RX,789050,R35,TXC,N31,13,60385,G,1,0.93,0.9,5.0,U,-108.0,-0.25,True,,2026-07-13T13:33:37.880+00:00,/dev/cu.usbserial-58870137921,"RX,789050,R35,TXC,N31,13,60385,G,1,0.93,0.90,5,U,-108,-0.25"
RX,789293,R35,TXA,N01,58,60627,C,0,0.81,0.78,5.0,F,-107.0,-4.75,True,,2026-07-13T13:33:38.123+00:00,/dev/cu.usbserial-58870137921,"RX,789293,R35,TXA,N01,58,60627,C,0,0.81,0.78,5,F,-107,-4.75"
RX,790044,R35,TXE,N61,26,61383,E,0,0.87,0.84,5.0,U,-110.0,-6.0,True,,2026-07-13T13:33:38.874+00:00,/dev/cu.usbserial-58870137921,"RX,790044,R35,TXE,N61,26,61383,E,0,0.87,0.84,5,U,-110,-6.00"
RX,790151,R35,TXI,N121,13,61482,G,1,0.93,0.9,5.0,U,-110.0,-7.5,True,,2026-07-13T13:33:38.980+00:00,/dev/cu.usbserial-58870137921,"RX,790151,R35,TXI,N121,13,61482,G,1,0.93,0.90,5,U,-110,-7.50"
RX,790293,R35,TXA,N01,59,61627,D,1,0.24,0.22,5.0,F,-109.0,-3.75,True,,2026-07-13T13:33:39.122+00:00,/dev/cu.usbserial-58870137921,"RX,790293,R35,TXA,N01,59,61627,D,1,0.24,0.22,5,F,-109,-3.75"
RX,790433,R35,TXK,N151,30,61764,E,1,0.87,0.84,5.0,U,-110.0,-5.75,True,,2026-07-13T13:33:39.263+00:00,/dev/cu.usbserial-58870137921,"RX,790433,R35,TXK,N151,30,61764,E,1,0.87,0.84,5,U,-110,-5.75"
RX,791293,R35,TXA,N01,60,62627,E,1,0.87,0.84,5.0,F,-109.0,-2.25,True,,2026-07-13T13:33:40.122+00:00,/dev/cu.usbserial-58870137921,"RX,791293,R35,TXA,N01,60,62627,E,1,0.87,0.84,5,F,-109,-2.25"
RX,792044,R35,TXE,N61,27,63383,G,1,0.93,0.9,5.0,U,-109.0,-7.75,True,,2026-07-13T13:33:40.874+00:00,/dev/cu.usbserial-58870137921,"RX,792044,R35,TXE,N61,27,63383,G,1,0.93,0.90,5,U,-109,-7.75"
RX,792293,R35,TXA,N01,61,63627,F,0,0.28,0.26,5.0,F,-109.0,-3.0,True,,2026-07-13T13:33:41.122+00:00,/dev/cu.usbserial-58870137921,"RX,792293,R35,TXA,N01,61,63627,F,0,0.28,0.26,5,F,-109,-3.00"
RX,792433,R35,TXK,N151,31,63764,G,1,0.93,0.9,5.0,U,-110.0,-6.75,True,,2026-07-13T13:33:41.263+00:00,/dev/cu.usbserial-58870137921,"RX,792433,R35,TXK,N151,31,63764,G,1,0.93,0.90,5,U,-110,-6.75"
RX,792792,R35,TXF,N76,14,64131,E,1,0.87,0.84,5.0,U,-110.0,-8.5,True,,2026-07-13T13:33:41.622+00:00,/dev/cu.usbserial-58870137921,"RX,792792,R35,TXF,N76,14,64131,E,1,0.87,0.84,5,U,-110,-8.50"
RX,793293,R35,TXA,N01,62,64627,G,1,0.93,0.9,5.0,F,-110.0,-4.5,True,,2026-07-13T13:33:42.123+00:00,/dev/cu.usbserial-58870137921,"RX,793293,R35,TXA,N01,62,64627,G,1,0.93,0.90,5,F,-110,-4.50"
RX,793742,R35,TXG,N91,6,65081,G,1,0.93,0.9,5.0,U,-110.0,-3.5,True,,2026-07-13T13:33:42.571+00:00,/dev/cu.usbserial-58870137921,"RX,793742,R35,TXG,N91,6,65081,G,1,0.93,0.90,5,U,-110,-3.50"
RX,794293,R35,TXA,N01,63,65627,H,1,0.32,0.3,5.0,F,-110.0,-4.5,True,,2026-07-13T13:33:43.123+00:00,/dev/cu.usbserial-58870137921,"RX,794293,R35,TXA,N01,63,65627,H,1,0.32,0.30,5,F,-110,-4.50"
RX,794433,R35,TXK,N151,32,65764,A,1,0.75,0.72,5.0,U,-110.0,-7.25,True,,2026-07-13T13:33:43.263+00:00,/dev/cu.usbserial-58870137921,"RX,794433,R35,TXK,N151,32,65764,A,1,0.75,0.72,5,U,-110,-7.25"
RX,794950,R35,TXJ,N136,6,66281,G,1,0.93,0.9,5.0,U,-109.0,-1.5,True,,2026-07-13T13:33:43.780+00:00,/dev/cu.usbserial-58870137921,"RX,794950,R35,TXJ,N136,6,66281,G,1,0.93,0.90,5,U,-109,-1.50"
RX,795050,R35,TXC,N31,14,66385,E,1,0.87,0.84,5.0,U,-107.0,0.0,True,,2026-07-13T13:33:43.879+00:00,/dev/cu.usbserial-58870137921,"RX,795050,R35,TXC,N31,14,66385,E,1,0.87,0.84,5,U,-107,0.00"
RX,795293,R35,TXA,N01,64,66627,A,1,0.75,0.72,5.0,F,-109.0,-2.0,True,,2026-07-13T13:33:44.123+00:00,/dev/cu.usbserial-58870137921,"RX,795293,R35,TXA,N01,64,66627,A,1,0.75,0.72,5,F,-109,-2.00"
RX,796044,R35,TXE,N61,29,67383,C,0,0.81,0.78,5.0,U,-110.0,-7.25,True,,2026-07-13T13:33:44.874+00:00,/dev/cu.usbserial-58870137921,"RX,796044,R35,TXE,N61,29,67383,C,0,0.81,0.78,5,U,-110,-7.25"
RX,796151,R35,TXI,N121,14,67482,E,1,0.87,0.84,5.0,U,-110.0,-8.0,True,,2026-07-13T13:33:44.980+00:00,/dev/cu.usbserial-58870137921,"RX,796151,R35,TXI,N121,14,67482,E,1,0.87,0.84,5,U,-110,-8.00"
RX,796293,R35,TXA,N01,65,67627,B,0,0.2,0.18,5.0,F,-109.0,-3.0,True,,2026-07-13T13:33:45.122+00:00,/dev/cu.usbserial-58870137921,"RX,796293,R35,TXA,N01,65,67627,B,0,0.20,0.18,5,F,-109,-3.00"
RX,796433,R35,TXK,N151,33,67764,C,1,0.81,0.78,5.0,U,-110.0,-6.25,True,,2026-07-13T13:33:45.263+00:00,/dev/cu.usbserial-58870137921,"RX,796433,R35,TXK,N151,33,67764,C,1,0.81,0.78,5,U,-110,-6.25"
RX,797050,R35,TXC,N31,15,68385,G,1,0.93,0.9,5.0,U,-108.0,0.0,True,,2026-07-13T13:33:45.880+00:00,/dev/cu.usbserial-58870137921,"RX,797050,R35,TXC,N31,15,68385,G,1,0.93,0.90,5,U,-108,0.00"
RX,797293,R35,TXA,N01,66,68627,C,1,0.81,0.78,5.0,F,-109.0,-3.25,True,,2026-07-13T13:33:46.123+00:00,/dev/cu.usbserial-58870137921,"RX,797293,R35,TXA,N01,66,68627,C,1,0.81,0.78,5,F,-109,-3.25"
RX,798044,R35,TXE,N61,30,69383,E,1,0.87,0.84,5.0,U,-110.0,-5.5,True,,2026-07-13T13:33:46.874+00:00,/dev/cu.usbserial-58870137921,"RX,798044,R35,TXE,N61,30,69383,E,1,0.87,0.84,5,U,-110,-5.50"
RX,798151,R35,TXI,N121,15,69482,G,1,0.93,0.9,5.0,U,-110.0,-7.0,True,,2026-07-13T13:33:46.981+00:00,/dev/cu.usbserial-58870137921,"RX,798151,R35,TXI,N121,15,69482,G,1,0.93,0.90,5,U,-110,-7.00"
RX,798293,R35,TXA,N01,67,69627,D,1,0.24,0.22,5.0,F,-109.0,-2.0,True,,2026-07-13T13:33:47.123+00:00,/dev/cu.usbserial-58870137921,"RX,798293,R35,TXA,N01,67,69627,D,1,0.24,0.22,5,F,-109,-2.00"
RX,798433,R35,TXK,N151,34,69764,E,0,0.87,0.84,5.0,U,-110.0,-5.0,True,,2026-07-13T13:33:47.263+00:00,/dev/cu.usbserial-58870137921,"RX,798433,R35,TXK,N151,34,69764,E,0,0.87,0.84,5,U,-110,-5.00"
RX,799293,R35,TXA,N01,68,70627,E,0,0.87,0.84,5.0,F,-109.0,-2.75,True,,2026-07-13T13:33:48.123+00:00,/dev/cu.usbserial-58870137921,"RX,799293,R35,TXA,N01,68,70627,E,0,0.87,0.84,5,F,-109,-2.75"
RX,800044,R35,TXE,N61,31,71383,G,1,0.93,0.9,5.0,U,-110.0,-5.5,True,,2026-07-13T13:33:48.874+00:00,/dev/cu.usbserial-58870137921,"RX,800044,R35,TXE,N61,31,71383,G,1,0.93,0.90,5,U,-110,-5.50"
RX,800293,R35,TXA,N01,69,71627,F,1,0.28,0.26,5.0,F,-109.0,-2.0,True,,2026-07-13T13:33:49.123+00:00,/dev/cu.usbserial-58870137921,"RX,800293,R35,TXA,N01,69,71627,F,1,0.28,0.26,5,F,-109,-2.00"
RX,800403,R35,TXH,N106,4,71743,G,1,0.93,0.9,5.0,U,-107.0,0.0,True,,2026-07-13T13:33:49.233+00:00,/dev/cu.usbserial-58870137921,"RX,800403,R35,TXH,N106,4,71743,G,1,0.93,0.90,5,U,-107,0.00"
RX,800586,R35,TXL,N166,4,71917,G,1,0.93,0.9,5.0,U,-107.0,0.0,True,,2026-07-13T13:33:49.415+00:00,/dev/cu.usbserial-58870137921,"RX,800586,R35,TXL,N166,4,71917,G,1,0.93,0.90,5,U,-107,0.00"
RX,800792,R35,TXF,N76,16,72131,E,0,0.87,0.84,5.0,U,-110.0,-7.5,True,,2026-07-13T13:33:49.622+00:00,/dev/cu.usbserial-58870137921,"RX,800792,R35,TXF,N76,16,72131,E,0,0.87,0.84,5,U,-110,-7.50"
RX,801096,R35,TXD,N46,8,72431,G,1,0.93,0.9,5.0,U,-110.0,-8.75,True,,2026-07-13T13:33:49.926+00:00,/dev/cu.usbserial-58870137921,"RX,801096,R35,TXD,N46,8,72431,G,1,0.93,0.90,5,U,-110,-8.75"
RX,801293,R35,TXA,N01,70,72627,G,1,0.93,0.9,5.0,F,-108.0,-1.0,True,,2026-07-13T13:33:50.122+00:00,/dev/cu.usbserial-58870137921,"RX,801293,R35,TXA,N01,70,72627,G,1,0.93,0.90,5,F,-108,-1.00"
RX,801742,R35,TXG,N91,7,73081,G,1,0.93,0.9,5.0,U,-109.0,-3.5,True,,2026-07-13T13:33:50.571+00:00,/dev/cu.usbserial-58870137921,"RX,801742,R35,TXG,N91,7,73081,G,1,0.93,0.90,5,U,-109,-3.50"
RX,802044,R35,TXE,N61,32,73383,A,1,0.75,0.72,5.0,U,-110.0,-5.0,True,,2026-07-13T13:33:50.874+00:00,/dev/cu.usbserial-58870137921,"RX,802044,R35,TXE,N61,32,73383,A,1,0.75,0.72,5,U,-110,-5.00"
RX,802293,R35,TXA,N01,71,73627,H,0,0.32,0.3,5.0,F,-109.0,-1.75,True,,2026-07-13T13:33:51.123+00:00,/dev/cu.usbserial-58870137921,"RX,802293,R35,TXA,N01,71,73627,H,0,0.32,0.30,5,F,-109,-1.75"
RX,802433,R35,TXK,N151,36,73764,A,1,0.75,0.72,5.0,U,-109.0,-5.75,True,,2026-07-13T13:33:51.263+00:00,/dev/cu.usbserial-58870137921,"RX,802433,R35,TXK,N151,36,73764,A,1,0.75,0.72,5,U,-109,-5.75"
RX,802792,R35,TXF,N76,17,74131,G,1,0.93,0.9,5.0,U,-110.0,-9.75,True,,2026-07-13T13:33:51.621+00:00,/dev/cu.usbserial-58870137921,"RX,802792,R35,TXF,N76,17,74131,G,1,0.93,0.90,5,U,-110,-9.75"
RX,802950,R35,TXJ,N136,7,74281,G,1,0.93,0.9,5.0,U,-109.0,-1.5,True,,2026-07-13T13:33:51.780+00:00,/dev/cu.usbserial-58870137921,"RX,802950,R35,TXJ,N136,7,74281,G,1,0.93,0.90,5,U,-109,-1.50"
RX,803050,R35,TXC,N31,16,74385,E,0,0.87,0.84,5.0,U,-108.0,-0.5,True,,2026-07-13T13:33:51.880+00:00,/dev/cu.usbserial-58870137921,"RX,803050,R35,TXC,N31,16,74385,E,0,0.87,0.84,5,U,-108,-0.50"
RX,803293,R35,TXA,N01,72,74627,A,1,0.75,0.72,5.0,F,-109.0,-0.5,True,,2026-07-13T13:33:52.122+00:00,/dev/cu.usbserial-58870137921,"RX,803293,R35,TXA,N01,72,74627,A,1,0.75,0.72,5,F,-109,-0.50"
RX,804044,R35,TXE,N61,33,75383,C,1,0.81,0.78,5.0,U,-110.0,-6.75,True,,2026-07-13T13:33:52.874+00:00,/dev/cu.usbserial-58870137921,"RX,804044,R35,TXE,N61,33,75383,C,1,0.81,0.78,5,U,-110,-6.75"
RX,804151,R35,TXI,N121,16,75482,E,0,0.87,0.84,5.0,U,-110.0,-5.75,True,,2026-07-13T13:33:52.980+00:00,/dev/cu.usbserial-58870137921,"RX,804151,R35,TXI,N121,16,75482,E,0,0.87,0.84,5,U,-110,-5.75"
RX,804293,R35,TXA,N01,73,75627,B,1,0.2,0.18,5.0,F,-109.0,-1.25,True,,2026-07-13T13:33:53.122+00:00,/dev/cu.usbserial-58870137921,"RX,804293,R35,TXA,N01,73,75627,B,1,0.20,0.18,5,F,-109,-1.25"
RX,804433,R35,TXK,N151,37,75764,C,0,0.81,0.78,5.0,U,-110.0,-6.25,True,,2026-07-13T13:33:53.263+00:00,/dev/cu.usbserial-58870137921,"RX,804433,R35,TXK,N151,37,75764,C,0,0.81,0.78,5,U,-110,-6.25"
RX,805050,R35,TXC,N31,17,76385,G,1,0.93,0.9,5.0,U,-109.0,-1.5,True,,2026-07-13T13:33:53.880+00:00,/dev/cu.usbserial-58870137921,"RX,805050,R35,TXC,N31,17,76385,G,1,0.93,0.90,5,U,-109,-1.50"
RX,805293,R35,TXA,N01,74,76627,C,0,0.81,0.78,5.0,F,-108.0,-0.5,True,,2026-07-13T13:33:54.123+00:00,/dev/cu.usbserial-58870137921,"RX,805293,R35,TXA,N01,74,76627,C,0,0.81,0.78,5,F,-108,-0.50"
RX,806044,R35,TXE,N61,34,77383,E,0,0.87,0.84,5.0,U,-110.0,-5.75,True,,2026-07-13T13:33:54.874+00:00,/dev/cu.usbserial-58870137921,"RX,806044,R35,TXE,N61,34,77383,E,0,0.87,0.84,5,U,-110,-5.75"
RX,806151,R35,TXI,N121,17,77482,G,1,0.93,0.9,5.0,U,-109.0,-4.5,True,,2026-07-13T13:33:54.980+00:00,/dev/cu.usbserial-58870137921,"RX,806151,R35,TXI,N121,17,77482,G,1,0.93,0.90,5,U,-109,-4.50"
RX,806293,R35,TXA,N01,75,77627,D,1,0.24,0.22,5.0,F,-109.0,-3.75,True,,2026-07-13T13:33:55.122+00:00,/dev/cu.usbserial-58870137921,"RX,806293,R35,TXA,N01,75,77627,D,1,0.24,0.22,5,F,-109,-3.75"
RX,807293,R35,TXA,N01,76,78627,E,1,0.87,0.84,5.0,F,-109.0,-1.75,True,,2026-07-13T13:33:56.123+00:00,/dev/cu.usbserial-58870137921,"RX,807293,R35,TXA,N01,76,78627,E,1,0.87,0.84,5,F,-109,-1.75"
RX,808044,R35,TXE,N61,35,79383,G,1,0.93,0.9,5.0,U,-109.0,-4.25,True,,2026-07-13T13:33:56.874+00:00,/dev/cu.usbserial-58870137921,"RX,808044,R35,TXE,N61,35,79383,G,1,0.93,0.90,5,U,-109,-4.25"
RX,808293,R35,TXA,N01,77,79627,F,0,0.28,0.26,5.0,F,-108.0,-3.25,True,,2026-07-13T13:33:57.123+00:00,/dev/cu.usbserial-58870137921,"RX,808293,R35,TXA,N01,77,79627,F,0,0.28,0.26,5,F,-108,-3.25"
RX,808403,R35,TXH,N106,5,79743,G,1,0.93,0.9,5.0,U,-105.0,1.5,True,,2026-07-13T13:33:57.233+00:00,/dev/cu.usbserial-58870137921,"RX,808403,R35,TXH,N106,5,79743,G,1,0.93,0.90,5,U,-105,1.50"
RX,808585,R35,TXL,N166,5,79917,G,1,0.93,0.9,5.0,U,-107.0,-0.75,True,,2026-07-13T13:33:57.415+00:00,/dev/cu.usbserial-58870137921,"RX,808585,R35,TXL,N166,5,79917,G,1,0.93,0.90,5,U,-107,-0.75"
RX,808792,R35,TXF,N76,18,80131,E,1,0.87,0.84,5.0,U,-109.0,-6.25,True,,2026-07-13T13:33:57.621+00:00,/dev/cu.usbserial-58870137921,"RX,808792,R35,TXF,N76,18,80131,E,1,0.87,0.84,5,U,-109,-6.25"
RX,809096,R35,TXD,N46,9,80431,G,1,0.93,0.9,5.0,U,-110.0,-8.5,True,,2026-07-13T13:33:57.926+00:00,/dev/cu.usbserial-58870137921,"RX,809096,R35,TXD,N46,9,80431,G,1,0.93,0.90,5,U,-110,-8.50"
RX,809293,R35,TXA,N01,78,80627,G,1,0.93,0.9,5.0,F,-109.0,-1.25,True,,2026-07-13T13:33:58.123+00:00,/dev/cu.usbserial-58870137921,"RX,809293,R35,TXA,N01,78,80627,G,1,0.93,0.90,5,F,-109,-1.25"
RX,809742,R35,TXG,N91,8,81081,G,1,0.93,0.9,5.0,U,-110.0,-4.5,True,,2026-07-13T13:33:58.571+00:00,/dev/cu.usbserial-58870137921,"RX,809742,R35,TXG,N91,8,81081,G,1,0.93,0.90,5,U,-110,-4.50"
RX,810293,R35,TXA,N01,79,81627,H,1,0.32,0.3,5.0,F,-109.0,-2.0,True,,2026-07-13T13:33:59.123+00:00,/dev/cu.usbserial-58870137921,"RX,810293,R35,TXA,N01,79,81627,H,1,0.32,0.30,5,F,-109,-2.00"
RX,810433,R35,TXK,N151,40,81764,A,0,0.75,0.72,5.0,U,-110.0,-6.0,True,,2026-07-13T13:33:59.263+00:00,/dev/cu.usbserial-58870137921,"RX,810433,R35,TXK,N151,40,81764,A,0,0.75,0.72,5,U,-110,-6.00"
RX,810950,R35,TXJ,N136,8,82281,G,1,0.93,0.9,5.0,U,-109.0,-3.0,True,,2026-07-13T13:33:59.779+00:00,/dev/cu.usbserial-58870137921,"RX,810950,R35,TXJ,N136,8,82281,G,1,0.93,0.90,5,U,-109,-3.00"
RX,811050,R35,TXC,N31,18,82385,E,1,0.87,0.84,5.0,U,-107.0,0.5,True,,2026-07-13T13:33:59.880+00:00,/dev/cu.usbserial-58870137921,"RX,811050,R35,TXC,N31,18,82385,E,1,0.87,0.84,5,U,-107,0.50"
RX,811293,R35,TXA,N01,80,82627,A,0,0.75,0.72,5.0,F,-108.0,0.25,True,,2026-07-13T13:34:00.122+00:00,/dev/cu.usbserial-58870137921,"RX,811293,R35,TXA,N01,80,82627,A,0,0.75,0.72,5,F,-108,0.25"
RX,812044,R35,TXE,N61,37,83383,C,0,0.81,0.78,5.0,U,-109.0,-2.75,True,,2026-07-13T13:34:00.874+00:00,/dev/cu.usbserial-58870137921,"RX,812044,R35,TXE,N61,37,83383,C,0,0.81,0.78,5,U,-109,-2.75"
RX,812151,R35,TXI,N121,18,83482,E,1,0.87,0.84,5.0,U,-110.0,-3.25,True,,2026-07-13T13:34:00.981+00:00,/dev/cu.usbserial-58870137921,"RX,812151,R35,TXI,N121,18,83482,E,1,0.87,0.84,5,U,-110,-3.25"
RX,812293,R35,TXA,N01,81,83627,B,1,0.2,0.18,5.0,F,-108.0,-0.25,True,,2026-07-13T13:34:01.122+00:00,/dev/cu.usbserial-58870137921,"RX,812293,R35,TXA,N01,81,83627,B,1,0.20,0.18,5,F,-108,-0.25"
RX,812433,R35,TXK,N151,41,83764,C,1,0.81,0.78,5.0,U,-109.0,-1.25,True,,2026-07-13T13:34:01.263+00:00,/dev/cu.usbserial-58870137921,"RX,812433,R35,TXK,N151,41,83764,C,1,0.81,0.78,5,U,-109,-1.25"
RX,813050,R35,TXC,N31,19,84385,G,1,0.93,0.9,5.0,U,-108.0,-0.25,True,,2026-07-13T13:34:01.880+00:00,/dev/cu.usbserial-58870137921,"RX,813050,R35,TXC,N31,19,84385,G,1,0.93,0.90,5,U,-108,-0.25"
RX,813293,R35,TXA,N01,82,84627,C,1,0.81,0.78,5.0,F,-109.0,0.5,True,,2026-07-13T13:34:02.123+00:00,/dev/cu.usbserial-58870137921,"RX,813293,R35,TXA,N01,82,84627,C,1,0.81,0.78,5,F,-109,0.50"
RX,814044,R35,TXE,N61,38,85383,E,1,0.87,0.84,5.0,U,-111.0,-8.5,True,,2026-07-13T13:34:02.874+00:00,/dev/cu.usbserial-58870137921,"RX,814044,R35,TXE,N61,38,85383,E,1,0.87,0.84,5,U,-111,-8.50"
RX,814293,R35,TXA,N01,83,85627,D,0,0.24,0.22,5.0,F,-110.0,-5.5,True,,2026-07-13T13:34:03.122+00:00,/dev/cu.usbserial-58870137921,"RX,814293,R35,TXA,N01,83,85627,D,0,0.24,0.22,5,F,-110,-5.50"
RX,815293,R35,TXA,N01,84,86627,E,1,0.87,0.84,5.0,F,-109.0,-3.5,True,,2026-07-13T13:34:04.123+00:00,/dev/cu.usbserial-58870137921,"RX,815293,R35,TXA,N01,84,86627,E,1,0.87,0.84,5,F,-109,-3.50"
RX,816293,R35,TXA,N01,85,87627,F,1,0.28,0.26,5.0,F,-109.0,-3.0,True,,2026-07-13T13:34:05.122+00:00,/dev/cu.usbserial-58870137921,"RX,816293,R35,TXA,N01,85,87627,F,1,0.28,0.26,5,F,-109,-3.00"
RX,816403,R35,TXH,N106,6,87743,G,0,0.93,0.9,5.0,U,-107.0,-1.0,True,,2026-07-13T13:34:05.233+00:00,/dev/cu.usbserial-58870137921,"RX,816403,R35,TXH,N106,6,87743,G,0,0.93,0.90,5,U,-107,-1.00"
RX,816585,R35,TXL,N166,6,87917,G,0,0.93,0.9,5.0,U,-108.0,0.5,True,,2026-07-13T13:34:05.415+00:00,/dev/cu.usbserial-58870137921,"RX,816585,R35,TXL,N166,6,87917,G,0,0.93,0.90,5,U,-108,0.50"
RX,816792,R35,TXF,N76,20,88131,E,1,0.87,0.84,5.0,U,-110.0,-7.75,True,,2026-07-13T13:34:05.621+00:00,/dev/cu.usbserial-58870137921,"RX,816792,R35,TXF,N76,20,88131,E,1,0.87,0.84,5,U,-110,-7.75"
RX,817096,R35,TXD,N46,10,88431,G,0,0.93,0.9,5.0,U,-108.0,0.75,True,,2026-07-13T13:34:05.926+00:00,/dev/cu.usbserial-58870137921,"RX,817096,R35,TXD,N46,10,88431,G,0,0.93,0.90,5,U,-108,0.75"
RX,817293,R35,TXA,N01,86,88627,G,0,0.93,0.9,5.0,F,-106.0,3.0,True,,2026-07-13T13:34:06.122+00:00,/dev/cu.usbserial-58870137921,"RX,817293,R35,TXA,N01,86,88627,G,0,0.93,0.90,5,F,-106,3.00"
RX,817560,R35,TXB,N16,42,88894,E,1,0.87,0.84,5.0,U,-110.0,-7.25,True,,2026-07-13T13:34:06.390+00:00,/dev/cu.usbserial-58870137921,"RX,817560,R35,TXB,N16,42,88894,E,1,0.87,0.84,5,U,-110,-7.25"
RX,818044,R35,TXE,N61,40,89383,A,0,0.75,0.72,5.0,U,-110.0,-6.5,True,,2026-07-13T13:34:06.874+00:00,/dev/cu.usbserial-58870137921,"RX,818044,R35,TXE,N61,40,89383,A,0,0.75,0.72,5,U,-110,-6.50"
RX,818293,R35,TXA,N01,87,89627,H,1,0.32,0.3,5.0,F,-110.0,-6.75,True,,2026-07-13T13:34:07.122+00:00,/dev/cu.usbserial-58870137921,"RX,818293,R35,TXA,N01,87,89627,H,1,0.32,0.30,5,F,-110,-6.75"
RX,818950,R35,TXJ,N136,9,90281,G,1,0.93,0.9,5.0,U,-109.0,-3.0,True,,2026-07-13T13:34:07.779+00:00,/dev/cu.usbserial-58870137921,"RX,818950,R35,TXJ,N136,9,90281,G,1,0.93,0.90,5,U,-109,-3.00"
RX,819050,R35,TXC,N31,20,90385,E,1,0.87,0.84,5.0,U,-107.0,1.5,True,,2026-07-13T13:34:07.880+00:00,/dev/cu.usbserial-58870137921,"RX,819050,R35,TXC,N31,20,90385,E,1,0.87,0.84,5,U,-107,1.50"
RX,819293,R35,TXA,N01,88,90627,A,1,0.75,0.72,5.0,F,-110.0,-5.0,True,,2026-07-13T13:34:08.122+00:00,/dev/cu.usbserial-58870137921,"RX,819293,R35,TXA,N01,88,90627,A,1,0.75,0.72,5,F,-110,-5.00"
RX,820293,R35,TXA,N01,89,91627,B,0,0.2,0.18,5.0,F,-110.0,-4.0,True,,2026-07-13T13:34:09.122+00:00,/dev/cu.usbserial-58870137921,"RX,820293,R35,TXA,N01,89,91627,B,0,0.20,0.18,5,F,-110,-4.00"
RX,820433,R35,TXK,N151,45,91764,C,1,0.81,0.78,5.0,U,-110.0,-5.0,True,,2026-07-13T13:34:09.262+00:00,/dev/cu.usbserial-58870137921,"RX,820433,R35,TXK,N151,45,91764,C,1,0.81,0.78,5,U,-110,-5.00"
RX,821050,R35,TXC,N31,21,92385,G,0,0.93,0.9,5.0,U,-107.0,2.0,True,,2026-07-13T13:34:09.879+00:00,/dev/cu.usbserial-58870137921,"RX,821050,R35,TXC,N31,21,92385,G,0,0.93,0.90,5,U,-107,2.00"
RX,821293,R35,TXA,N01,90,92627,C,1,0.81,0.78,5.0,F,-110.0,-1.5,True,,2026-07-13T13:34:10.122+00:00,/dev/cu.usbserial-58870137921,"RX,821293,R35,TXA,N01,90,92627,C,1,0.81,0.78,5,F,-110,-1.50"
RX,822044,R35,TXE,N61,42,93383,E,1,0.87,0.84,5.0,U,-111.0,-7.0,True,,2026-07-13T13:34:10.873+00:00,/dev/cu.usbserial-58870137921,"RX,822044,R35,TXE,N61,42,93383,E,1,0.87,0.84,5,U,-111,-7.00"
RX,822151,R35,TXI,N121,21,93482,G,0,0.93,0.9,5.0,U,-111.0,-5.75,True,,2026-07-13T13:34:10.981+00:00,/dev/cu.usbserial-58870137921,"RX,822151,R35,TXI,N121,21,93482,G,0,0.93,0.90,5,U,-111,-5.75"
RX,822293,R35,TXA,N01,91,93627,D,1,0.24,0.22,5.0,F,-109.0,-1.75,True,,2026-07-13T13:34:11.122+00:00,/dev/cu.usbserial-58870137921,"RX,822293,R35,TXA,N01,91,93627,D,1,0.24,0.22,5,F,-109,-1.75"
RX,822433,R35,TXK,N151,46,93764,E,0,0.87,0.84,5.0,U,-110.0,-4.25,True,,2026-07-13T13:34:11.262+00:00,/dev/cu.usbserial-58870137921,"RX,822433,R35,TXK,N151,46,93764,E,0,0.87,0.84,5,U,-110,-4.25"
RX,823293,R35,TXA,N01,92,94627,E,0,0.87,0.84,5.0,F,-109.0,-2.0,True,,2026-07-13T13:34:12.122+00:00,/dev/cu.usbserial-58870137921,"RX,823293,R35,TXA,N01,92,94627,E,0,0.87,0.84,5,F,-109,-2.00"
RX,824044,R35,TXE,N61,43,95383,G,0,0.93,0.9,5.0,U,-111.0,-6.25,True,,2026-07-13T13:34:12.873+00:00,/dev/cu.usbserial-58870137921,"RX,824044,R35,TXE,N61,43,95383,G,0,0.93,0.90,5,U,-111,-6.25"
RX,824293,R35,TXA,N01,93,95627,F,1,0.28,0.26,5.0,F,-110.0,-2.0,True,,2026-07-13T13:34:13.122+00:00,/dev/cu.usbserial-58870137921,"RX,824293,R35,TXA,N01,93,95627,F,1,0.28,0.26,5,F,-110,-2.00"
RX,824403,R35,TXH,N106,7,95743,G,1,0.93,0.9,5.0,U,-108.0,-2.75,True,,2026-07-13T13:34:13.233+00:00,/dev/cu.usbserial-58870137921,"RX,824403,R35,TXH,N106,7,95743,G,1,0.93,0.90,5,U,-108,-2.75"
RX,824585,R35,TXL,N166,7,95917,G,1,0.93,0.9,5.0,U,-109.0,0.5,True,,2026-07-13T13:34:13.415+00:00,/dev/cu.usbserial-58870137921,"RX,824585,R35,TXL,N166,7,95917,G,1,0.93,0.90,5,U,-109,0.50"
RX,824791,R35,TXF,N76,22,96131,E,0,0.87,0.84,5.0,U,-111.0,-8.0,True,,2026-07-13T13:34:13.621+00:00,/dev/cu.usbserial-58870137921,"RX,824791,R35,TXF,N76,22,96131,E,0,0.87,0.84,5,U,-111,-8.00"
RX,825096,R35,TXD,N46,11,96431,G,1,0.93,0.9,5.0,U,-109.0,-2.0,True,,2026-07-13T13:34:13.926+00:00,/dev/cu.usbserial-58870137921,"RX,825096,R35,TXD,N46,11,96431,G,1,0.93,0.90,5,U,-109,-2.00"
RX,825293,R35,TXA,N01,94,96627,G,1,0.93,0.9,5.0,F,-110.0,-3.25,True,,2026-07-13T13:34:14.124+00:00,/dev/cu.usbserial-58870137921,"RX,825293,R35,TXA,N01,94,96627,G,1,0.93,0.90,5,F,-110,-3.25"
RX,825742,R35,TXG,N91,10,97081,G,0,0.93,0.9,5.0,U,-109.0,-6.25,True,,2026-07-13T13:34:14.571+00:00,/dev/cu.usbserial-58870137921,"RX,825742,R35,TXG,N91,10,97081,G,0,0.93,0.90,5,U,-109,-6.25"
RX,826293,R35,TXA,N01,95,97627,H,0,0.32,0.3,5.0,F,-109.0,-5.0,True,,2026-07-13T13:34:15.122+00:00,/dev/cu.usbserial-58870137921,"RX,826293,R35,TXA,N01,95,97627,H,0,0.32,0.30,5,F,-109,-5.00"
RX,826791,R35,TXF,N76,23,98131,G,1,0.93,0.9,5.0,U,-109.0,-7.0,True,,2026-07-13T13:34:15.621+00:00,/dev/cu.usbserial-58870137921,"RX,826791,R35,TXF,N76,23,98131,G,1,0.93,0.90,5,U,-109,-7.00"
RX,826950,R35,TXJ,N136,10,98281,G,0,0.93,0.9,5.0,U,-109.0,-2.5,True,,2026-07-13T13:34:15.779+00:00,/dev/cu.usbserial-58870137921,"RX,826950,R35,TXJ,N136,10,98281,G,0,0.93,0.90,5,U,-109,-2.50"
RX,827050,R35,TXC,N31,22,98385,E,0,0.87,0.84,5.0,U,-107.0,1.5,True,,2026-07-13T13:34:15.880+00:00,/dev/cu.usbserial-58870137921,"RX,827050,R35,TXC,N31,22,98385,E,0,0.87,0.84,5,U,-107,1.50"
RX,827293,R35,TXA,N01,96,98627,A,1,0.75,0.72,5.0,F,-110.0,-5.75,True,,2026-07-13T13:34:16.122+00:00,/dev/cu.usbserial-58870137921,"RX,827293,R35,TXA,N01,96,98627,A,1,0.75,0.72,5,F,-110,-5.75"
RX,828044,R35,TXE,N61,45,99383,C,1,0.81,0.78,5.0,U,-110.0,-8.25,True,,2026-07-13T13:34:16.874+00:00,/dev/cu.usbserial-58870137921,"RX,828044,R35,TXE,N61,45,99383,C,1,0.81,0.78,5,U,-110,-8.25"
RX,828151,R35,TXI,N121,22,99482,E,0,0.87,0.84,5.0,U,-110.0,-8.75,True,,2026-07-13T13:34:16.981+00:00,/dev/cu.usbserial-58870137921,"RX,828151,R35,TXI,N121,22,99482,E,0,0.87,0.84,5,U,-110,-8.75"
RX,828293,R35,TXA,N01,97,99627,B,1,0.2,0.18,5.0,F,-109.0,-3.0,True,,2026-07-13T13:34:17.122+00:00,/dev/cu.usbserial-58870137921,"RX,828293,R35,TXA,N01,97,99627,B,1,0.20,0.18,5,F,-109,-3.00"
RX,829050,R35,TXC,N31,23,100385,G,1,0.93,0.9,5.0,U,-107.0,1.5,True,,2026-07-13T13:34:17.880+00:00,/dev/cu.usbserial-58870137921,"RX,829050,R35,TXC,N31,23,100385,G,1,0.93,0.90,5,U,-107,1.50"
RX,829293,R35,TXA,N01,98,100627,C,0,0.81,0.78,5.0,F,-110.0,-4.25,True,,2026-07-13T13:34:18.123+00:00,/dev/cu.usbserial-58870137921,"RX,829293,R35,TXA,N01,98,100627,C,0,0.81,0.78,5,F,-110,-4.25"
RX,830293,R35,TXA,N01,99,101627,D,1,0.24,0.22,5.0,F,-109.0,-4.5,True,,2026-07-13T13:34:19.123+00:00,/dev/cu.usbserial-58870137921,"RX,830293,R35,TXA,N01,99,101627,D,1,0.24,0.22,5,F,-109,-4.50"
RX,831293,R35,TXA,N01,100,102627,E,1,0.87,0.84,5.0,F,-109.0,-4.0,True,,2026-07-13T13:34:20.123+00:00,/dev/cu.usbserial-58870137921,"RX,831293,R35,TXA,N01,100,102627,E,1,0.87,0.84,5,F,-109,-4.00"
RX,832293,R35,TXA,N01,101,103627,F,0,0.28,0.26,5.0,F,-110.0,-3.0,True,,2026-07-13T13:34:21.123+00:00,/dev/cu.usbserial-58870137921,"RX,832293,R35,TXA,N01,101,103627,F,0,0.28,0.26,5,F,-110,-3.00"
RX,832433,R35,TXK,N151,51,103764,G,1,0.93,0.9,5.0,U,-111.0,-9.0,True,,2026-07-13T13:34:21.263+00:00,/dev/cu.usbserial-58870137921,"RX,832433,R35,TXK,N151,51,103764,G,1,0.93,0.90,5,U,-111,-9.00"
RX,832791,R35,TXF,N76,24,104131,E,1,0.87,0.84,5.0,U,-110.0,-6.25,True,,2026-07-13T13:34:21.625+00:00,/dev/cu.usbserial-58870137921,"RX,832791,R35,TXF,N76,24,104131,E,1,0.87,0.84,5,U,-110,-6.25"
RX,833096,R35,TXD,N46,12,104431,G,1,0.93,0.9,5.0,U,-110.0,-4.75,True,,2026-07-13T13:34:21.926+00:00,/dev/cu.usbserial-58870137921,"RX,833096,R35,TXD,N46,12,104431,G,1,0.93,0.90,5,U,-110,-4.75"
RX,833293,R35,TXA,N01,102,104627,G,1,0.93,0.9,5.0,F,-109.0,-2.75,True,,2026-07-13T13:34:22.123+00:00,/dev/cu.usbserial-58870137921,"RX,833293,R35,TXA,N01,102,104627,G,1,0.93,0.90,5,F,-109,-2.75"
RX,833742,R35,TXG,N91,11,105081,G,1,0.93,0.9,5.0,U,-110.0,-6.25,True,,2026-07-13T13:34:22.572+00:00,/dev/cu.usbserial-58870137921,"RX,833742,R35,TXG,N91,11,105081,G,1,0.93,0.90,5,U,-110,-6.25"
RX,834293,R35,TXA,N01,103,105627,H,1,0.32,0.3,5.0,F,-109.0,-2.75,True,,2026-07-13T13:34:23.123+00:00,/dev/cu.usbserial-58870137921,"RX,834293,R35,TXA,N01,103,105627,H,1,0.32,0.30,5,F,-109,-2.75"
RX,834433,R35,TXK,N151,52,105764,A,0,0.75,0.72,5.0,U,-110.0,-6.5,True,,2026-07-13T13:34:23.263+00:00,/dev/cu.usbserial-58870137921,"RX,834433,R35,TXK,N151,52,105764,A,0,0.75,0.72,5,U,-110,-6.50"
RX,834791,R35,TXF,N76,25,106131,G,1,0.93,0.9,5.0,U,-111.0,-8.0,True,,2026-07-13T13:34:23.621+00:00,/dev/cu.usbserial-58870137921,"RX,834791,R35,TXF,N76,25,106131,G,1,0.93,0.90,5,U,-111,-8.00"
RX,834950,R35,TXJ,N136,11,106281,G,1,0.93,0.9,5.0,U,-108.0,-1.5,True,,2026-07-13T13:34:23.780+00:00,/dev/cu.usbserial-58870137921,"RX,834950,R35,TXJ,N136,11,106281,G,1,0.93,0.90,5,U,-108,-1.50"
RX,835050,R35,TXC,N31,24,106385,E,1,0.87,0.84,5.0,U,-108.0,0.0,True,,2026-07-13T13:34:23.879+00:00,/dev/cu.usbserial-58870137921,"RX,835050,R35,TXC,N31,24,106385,E,1,0.87,0.84,5,U,-108,0.00"
RX,835293,R35,TXA,N01,104,106627,A,0,0.75,0.72,5.0,F,-109.0,-4.5,True,,2026-07-13T13:34:24.123+00:00,/dev/cu.usbserial-58870137921,"RX,835293,R35,TXA,N01,104,106627,A,0,0.75,0.72,5,F,-109,-4.50"
RX,836293,R35,TXA,N01,105,107627,B,1,0.2,0.18,5.0,F,-109.0,-4.0,True,,2026-07-13T13:34:25.123+00:00,/dev/cu.usbserial-58870137921,"RX,836293,R35,TXA,N01,105,107627,B,1,0.20,0.18,5,F,-109,-4.00"
RX,837050,R35,TXC,N31,25,108385,G,1,0.93,0.9,5.0,U,-108.0,0.75,True,,2026-07-13T13:34:25.880+00:00,/dev/cu.usbserial-58870137921,"RX,837050,R35,TXC,N31,25,108385,G,1,0.93,0.90,5,U,-108,0.75"
RX,837293,R35,TXA,N01,106,108627,C,1,0.81,0.78,5.0,F,-109.0,-3.0,True,,2026-07-13T13:34:26.123+00:00,/dev/cu.usbserial-58870137921,"RX,837293,R35,TXA,N01,106,108627,C,1,0.81,0.78,5,F,-109,-3.00"
RX,838151,R35,TXI,N121,25,109482,G,1,0.93,0.9,5.0,U,-110.0,-7.25,True,,2026-07-13T13:34:26.981+00:00,/dev/cu.usbserial-58870137921,"RX,838151,R35,TXI,N121,25,109482,G,1,0.93,0.90,5,U,-110,-7.25"
RX,838293,R35,TXA,N01,107,109627,D,0,0.24,0.22,5.0,F,-109.0,-3.75,True,,2026-07-13T13:34:27.123+00:00,/dev/cu.usbserial-58870137921,"RX,838293,R35,TXA,N01,107,109627,D,0,0.24,0.22,5,F,-109,-3.75"
RX,839293,R35,TXA,N01,108,110627,E,1,0.87,0.84,5.0,F,-109.0,-3.75,True,,2026-07-13T13:34:28.123+00:00,/dev/cu.usbserial-58870137921,"RX,839293,R35,TXA,N01,108,110627,E,1,0.87,0.84,5,F,-109,-3.75"
RX,840293,R35,TXA,N01,109,111627,F,1,0.28,0.26,5.0,F,-109.0,-3.75,True,,2026-07-13T13:34:29.123+00:00,/dev/cu.usbserial-58870137921,"RX,840293,R35,TXA,N01,109,111627,F,1,0.28,0.26,5,F,-109,-3.75"
RX,840791,R35,TXF,N76,26,112131,E,1,0.87,0.84,5.0,U,-110.0,-7.75,True,,2026-07-13T13:34:29.621+00:00,/dev/cu.usbserial-58870137921,"RX,840791,R35,TXF,N76,26,112131,E,1,0.87,0.84,5,U,-110,-7.75"
RX,841096,R35,TXD,N46,13,112431,G,0,0.93,0.9,5.0,U,-109.0,-4.5,True,,2026-07-13T13:34:29.926+00:00,/dev/cu.usbserial-58870137921,"RX,841096,R35,TXD,N46,13,112431,G,0,0.93,0.90,5,U,-109,-4.50"
RX,841293,R35,TXA,N01,110,112627,G,0,0.93,0.9,5.0,F,-109.0,-4.0,True,,2026-07-13T13:34:30.125+00:00,/dev/cu.usbserial-58870137921,"RX,841293,R35,TXA,N01,110,112627,G,0,0.93,0.90,5,F,-109,-4.00"
RX,841742,R35,TXG,N91,12,113081,G,1,0.93,0.9,5.0,U,-110.0,-4.75,True,,2026-07-13T13:34:30.571+00:00,/dev/cu.usbserial-58870137921,"RX,841742,R35,TXG,N91,12,113081,G,1,0.93,0.90,5,U,-110,-4.75"
RX,842293,R35,TXA,N01,111,113627,H,1,0.32,0.3,5.0,F,-109.0,-4.5,True,,2026-07-13T13:34:31.123+00:00,/dev/cu.usbserial-58870137921,"RX,842293,R35,TXA,N01,111,113627,H,1,0.32,0.30,5,F,-109,-4.50"
RX,842791,R35,TXF,N76,27,114131,G,0,0.93,0.9,5.0,U,-110.0,-7.0,True,,2026-07-13T13:34:31.621+00:00,/dev/cu.usbserial-58870137921,"RX,842791,R35,TXF,N76,27,114131,G,0,0.93,0.90,5,U,-110,-7.00"
RX,842950,R35,TXJ,N136,12,114281,G,1,0.93,0.9,5.0,U,-109.0,-2.5,True,,2026-07-13T13:34:31.780+00:00,/dev/cu.usbserial-58870137921,"RX,842950,R35,TXJ,N136,12,114281,G,1,0.93,0.90,5,U,-109,-2.50"
RX,843050,R35,TXC,N31,26,114385,E,1,0.87,0.84,5.0,U,-108.0,0.25,True,,2026-07-13T13:34:31.880+00:00,/dev/cu.usbserial-58870137921,"RX,843050,R35,TXC,N31,26,114385,E,1,0.87,0.84,5,U,-108,0.25"
RX,843293,R35,TXA,N01,112,114627,A,1,0.75,0.72,5.0,F,-110.0,-4.25,True,,2026-07-13T13:34:32.123+00:00,/dev/cu.usbserial-58870137921,"RX,843293,R35,TXA,N01,112,114627,A,1,0.75,0.72,5,F,-110,-4.25"
RX,844044,R35,TXE,N61,53,115383,C,1,0.81,0.78,5.0,U,-110.0,-8.75,True,,2026-07-13T13:34:32.874+00:00,/dev/cu.usbserial-58870137921,"RX,844044,R35,TXE,N61,53,115383,C,1,0.81,0.78,5,U,-110,-8.75"
RX,844293,R35,TXA,N01,113,115627,B,0,0.2,0.18,5.0,F,-110.0,-4.0,True,,2026-07-13T13:34:33.123+00:00,/dev/cu.usbserial-58870137921,"RX,844293,R35,TXA,N01,113,115627,B,0,0.20,0.18,5,F,-110,-4.00"
RX,845050,R35,TXC,N31,27,116385,G,0,0.93,0.9,5.0,U,-108.0,0.0,True,,2026-07-13T13:34:33.880+00:00,/dev/cu.usbserial-58870137921,"RX,845050,R35,TXC,N31,27,116385,G,0,0.93,0.90,5,U,-108,0.00"
RX,845293,R35,TXA,N01,114,116627,C,1,0.81,0.78,5.0,F,-110.0,-3.25,True,,2026-07-13T13:34:34.123+00:00,/dev/cu.usbserial-58870137921,"RX,845293,R35,TXA,N01,114,116627,C,1,0.81,0.78,5,F,-110,-3.25"
RX,846293,R35,TXA,N01,115,117627,D,1,0.24,0.22,5.0,F,-109.0,-4.5,True,,2026-07-13T13:34:35.123+00:00,/dev/cu.usbserial-58870137921,"RX,846293,R35,TXA,N01,115,117627,D,1,0.24,0.22,5,F,-109,-4.50"
RX,846433,R35,TXK,N151,58,117764,E,0,0.87,0.84,5.0,U,-110.0,-7.25,True,,2026-07-13T13:34:35.263+00:00,/dev/cu.usbserial-58870137921,"RX,846433,R35,TXK,N151,58,117764,E,0,0.87,0.84,5,U,-110,-7.25"
RX,847293,R35,TXA,N01,116,118627,E,0,0.87,0.84,5.0,F,-109.0,-3.25,True,,2026-07-13T13:34:36.126+00:00,/dev/cu.usbserial-58870137921,"RX,847293,R35,TXA,N01,116,118627,E,0,0.87,0.84,5,F,-109,-3.25"
RX,848293,R35,TXA,N01,117,119627,F,1,0.28,0.26,5.0,F,-109.0,-4.25,True,,2026-07-13T13:34:37.123+00:00,/dev/cu.usbserial-58870137921,"RX,848293,R35,TXA,N01,117,119627,F,1,0.28,0.26,5,F,-109,-4.25"
RX,848433,R35,TXK,N151,59,119764,G,1,0.93,0.9,5.0,U,-110.0,-7.0,True,,2026-07-13T13:34:37.263+00:00,/dev/cu.usbserial-58870137921,"RX,848433,R35,TXK,N151,59,119764,G,1,0.93,0.90,5,U,-110,-7.00"
RX,849096,R35,TXD,N46,14,120431,G,1,0.93,0.9,5.0,U,-110.0,-4.25,True,,2026-07-13T13:34:37.926+00:00,/dev/cu.usbserial-58870137921,"RX,849096,R35,TXD,N46,14,120431,G,1,0.93,0.90,5,U,-110,-4.25"
RX,849293,R35,TXA,N01,118,120627,G,1,0.93,0.9,5.0,F,-109.0,-3.5,True,,2026-07-13T13:34:38.123+00:00,/dev/cu.usbserial-58870137921,"RX,849293,R35,TXA,N01,118,120627,G,1,0.93,0.90,5,F,-109,-3.50"
RX,849742,R35,TXG,N91,13,121081,G,0,0.93,0.9,5.0,U,-109.0,-2.25,True,,2026-07-13T13:34:38.571+00:00,/dev/cu.usbserial-58870137921,"RX,849742,R35,TXG,N91,13,121081,G,0,0.93,0.90,5,U,-109,-2.25"
RX,850044,R35,TXE,N61,56,121383,A,1,0.75,0.72,5.0,U,-110.0,-9.5,True,,2026-07-13T13:34:38.874+00:00,/dev/cu.usbserial-58870137921,"RX,850044,R35,TXE,N61,56,121383,A,1,0.75,0.72,5,U,-110,-9.50"
RX,850293,R35,TXA,N01,119,121627,H,0,0.32,0.3,5.0,F,-109.0,-3.75,True,,2026-07-13T13:34:39.123+00:00,/dev/cu.usbserial-58870137921,"RX,850293,R35,TXA,N01,119,121627,H,0,0.32,0.30,5,F,-109,-3.75"
RX,850433,R35,TXK,N151,60,121764,A,1,0.75,0.72,5.0,U,-110.0,-6.5,True,,2026-07-13T13:34:39.263+00:00,/dev/cu.usbserial-58870137921,"RX,850433,R35,TXK,N151,60,121764,A,1,0.75,0.72,5,U,-110,-6.50"
RX,850950,R35,TXJ,N136,13,122281,G,0,0.93,0.9,5.0,U,-109.0,-2.25,True,,2026-07-13T13:34:39.780+00:00,/dev/cu.usbserial-58870137921,"RX,850950,R35,TXJ,N136,13,122281,G,0,0.93,0.90,5,U,-109,-2.25"
RX,851050,R35,TXC,N31,28,122385,E,0,0.87,0.84,5.0,U,-107.0,1.25,True,,2026-07-13T13:34:39.880+00:00,/dev/cu.usbserial-58870137921,"RX,851050,R35,TXC,N31,28,122385,E,0,0.87,0.84,5,U,-107,1.25"
RX,852044,R35,TXE,N61,57,123383,C,1,0.81,0.78,5.0,U,-110.0,-6.25,True,,2026-07-13T13:34:40.874+00:00,/dev/cu.usbserial-58870137921,"RX,852044,R35,TXE,N61,57,123383,C,1,0.81,0.78,5,U,-110,-6.25"
RX,852151,R35,TXI,N121,28,123482,E,0,0.87,0.84,5.0,U,-110.0,-6.25,True,,2026-07-13T13:34:40.981+00:00,/dev/cu.usbserial-58870137921,"RX,852151,R35,TXI,N121,28,123482,E,0,0.87,0.84,5,U,-110,-6.25"
RX,852293,R35,TXA,N01,121,123627,B,1,0.2,0.18,5.0,F,-110.0,-3.0,True,,2026-07-13T13:34:41.123+00:00,/dev/cu.usbserial-58870137921,"RX,852293,R35,TXA,N01,121,123627,B,1,0.20,0.18,5,F,-110,-3.00"
RX,852433,R35,TXK,N151,61,123764,C,0,0.81,0.78,5.0,U,-110.0,-6.75,True,,2026-07-13T13:34:41.263+00:00,/dev/cu.usbserial-58870137921,"RX,852433,R35,TXK,N151,61,123764,C,0,0.81,0.78,5,U,-110,-6.75"
RX,853050,R35,TXC,N31,29,124385,G,1,0.93,0.9,5.0,U,-108.0,0.5,True,,2026-07-13T13:34:41.880+00:00,/dev/cu.usbserial-58870137921,"RX,853050,R35,TXC,N31,29,124385,G,1,0.93,0.90,5,U,-108,0.50"
RX,853293,R35,TXA,N01,122,124627,C,0,0.81,0.78,5.0,F,-110.0,-3.25,True,,2026-07-13T13:34:42.123+00:00,/dev/cu.usbserial-58870137921,"RX,853293,R35,TXA,N01,122,124627,C,0,0.81,0.78,5,F,-110,-3.25"
RX,854151,R35,TXI,N121,29,125482,G,1,0.93,0.9,5.0,U,-109.0,-7.75,True,,2026-07-13T13:34:42.981+00:00,/dev/cu.usbserial-58870137921,"RX,854151,R35,TXI,N121,29,125482,G,1,0.93,0.90,5,U,-109,-7.75"
RX,854293,R35,TXA,N01,123,125627,D,1,0.24,0.22,5.0,F,-110.0,-3.75,True,,2026-07-13T13:34:43.123+00:00,/dev/cu.usbserial-58870137921,"RX,854293,R35,TXA,N01,123,125627,D,1,0.24,0.22,5,F,-110,-3.75"
RX,854433,R35,TXK,N151,62,125764,E,1,0.87,0.84,5.0,U,-110.0,-7.25,True,,2026-07-13T13:34:43.263+00:00,/dev/cu.usbserial-58870137921,"RX,854433,R35,TXK,N151,62,125764,E,1,0.87,0.84,5,U,-110,-7.25"
RX,855293,R35,TXA,N01,124,126627,E,1,0.87,0.84,5.0,F,-109.0,-3.5,True,,2026-07-13T13:34:44.123+00:00,/dev/cu.usbserial-58870137921,"RX,855293,R35,TXA,N01,124,126627,E,1,0.87,0.84,5,F,-109,-3.50"
RX,856293,R35,TXA,N01,125,127627,F,0,0.28,0.26,5.0,F,-109.0,-3.5,True,,2026-07-13T13:34:45.123+00:00,/dev/cu.usbserial-58870137921,"RX,856293,R35,TXA,N01,125,127627,F,0,0.28,0.26,5,F,-109,-3.50"
RX,856791,R35,TXF,N76,30,128131,E,1,0.87,0.84,5.0,U,-110.0,-6.5,True,,2026-07-13T13:34:45.621+00:00,/dev/cu.usbserial-58870137921,"RX,856791,R35,TXF,N76,30,128131,E,1,0.87,0.84,5,U,-110,-6.50"
RX,857096,R35,TXD,N46,15,128431,G,1,0.93,0.9,5.0,U,-109.0,-6.0,True,,2026-07-13T13:34:45.926+00:00,/dev/cu.usbserial-58870137921,"RX,857096,R35,TXD,N46,15,128431,G,1,0.93,0.90,5,U,-109,-6.00"
RX,857293,R35,TXA,N01,126,128627,G,1,0.93,0.9,5.0,F,-110.0,-8.0,True,,2026-07-13T13:34:46.123+00:00,/dev/cu.usbserial-58870137921,"RX,857293,R35,TXA,N01,126,128627,G,1,0.93,0.90,5,F,-110,-8.00"
RX,857741,R35,TXG,N91,14,129081,G,1,0.93,0.9,5.0,U,-110.0,-5.75,True,,2026-07-13T13:34:46.571+00:00,/dev/cu.usbserial-58870137921,"RX,857741,R35,TXG,N91,14,129081,G,1,0.93,0.90,5,U,-110,-5.75"
RX,858044,R35,TXE,N61,60,129383,A,1,0.75,0.72,5.0,U,-111.0,-7.5,True,,2026-07-13T13:34:46.874+00:00,/dev/cu.usbserial-58870137921,"RX,858044,R35,TXE,N61,60,129383,A,1,0.75,0.72,5,U,-111,-7.50"
RX,858293,R35,TXA,N01,127,129627,H,1,0.32,0.3,5.0,F,-109.0,-5.5,True,,2026-07-13T13:34:47.123+00:00,/dev/cu.usbserial-58870137921,"RX,858293,R35,TXA,N01,127,129627,H,1,0.32,0.30,5,F,-109,-5.50"
RX,858791,R35,TXF,N76,31,130131,G,1,0.93,0.9,5.0,U,-109.0,-6.25,True,,2026-07-13T13:34:47.621+00:00,/dev/cu.usbserial-58870137921,"RX,858791,R35,TXF,N76,31,130131,G,1,0.93,0.90,5,U,-109,-6.25"
RX,858950,R35,TXJ,N136,14,130281,G,1,0.93,0.9,5.0,U,-109.0,-3.5,True,,2026-07-13T13:34:47.780+00:00,/dev/cu.usbserial-58870137921,"RX,858950,R35,TXJ,N136,14,130281,G,1,0.93,0.90,5,U,-109,-3.50"
RX,859049,R35,TXC,N31,30,130385,E,1,0.87,0.84,5.0,U,-106.0,1.5,True,,2026-07-13T13:34:47.879+00:00,/dev/cu.usbserial-58870137921,"RX,859049,R35,TXC,N31,30,130385,E,1,0.87,0.84,5,U,-106,1.50"
RX,860044,R35,TXE,N61,61,131383,C,0,0.81,0.78,5.0,U,-109.0,-3.0,True,,2026-07-13T13:34:48.874+00:00,/dev/cu.usbserial-58870137921,"RX,860044,R35,TXE,N61,61,131383,C,0,0.81,0.78,5,U,-109,-3.00"
RX,860151,R35,TXI,N121,30,131482,E,1,0.87,0.84,5.0,U,-110.0,-4.0,True,,2026-07-13T13:34:48.981+00:00,/dev/cu.usbserial-58870137921,"RX,860151,R35,TXI,N121,30,131482,E,1,0.87,0.84,5,U,-110,-4.00"
RX,860293,R35,TXA,N01,129,131627,B,0,0.2,0.18,5.0,F,-110.0,-5.75,True,,2026-07-13T13:34:49.123+00:00,/dev/cu.usbserial-58870137921,"RX,860293,R35,TXA,N01,129,131627,B,0,0.20,0.18,5,F,-110,-5.75"
RX,860432,R35,TXK,N151,65,131764,C,1,0.81,0.78,5.0,U,-109.0,-4.25,True,,2026-07-13T13:34:49.263+00:00,/dev/cu.usbserial-58870137921,"RX,860432,R35,TXK,N151,65,131764,C,1,0.81,0.78,5,U,-109,-4.25"
RX,861049,R35,TXC,N31,31,132385,G,1,0.93,0.9,5.0,U,-105.0,3.75,True,,2026-07-13T13:34:49.879+00:00,/dev/cu.usbserial-58870137921,"RX,861049,R35,TXC,N31,31,132385,G,1,0.93,0.90,5,U,-105,3.75"
RX,861293,R35,TXA,N01,130,132627,C,1,0.81,0.78,5.0,F,-109.0,-4.25,True,,2026-07-13T13:34:50.123+00:00,/dev/cu.usbserial-58870137921,"RX,861293,R35,TXA,N01,130,132627,C,1,0.81,0.78,5,F,-109,-4.25"
RX,862293,R35,TXA,N01,131,133627,D,1,0.24,0.22,5.0,F,-109.0,-3.0,True,,2026-07-13T13:34:51.123+00:00,/dev/cu.usbserial-58870137921,"RX,862293,R35,TXA,N01,131,133627,D,1,0.24,0.22,5,F,-109,-3.00"
RX,862432,R35,TXK,N151,66,133764,E,0,0.87,0.84,5.0,U,-108.0,-0.25,True,,2026-07-13T13:34:51.263+00:00,/dev/cu.usbserial-58870137921,"RX,862432,R35,TXK,N151,66,133764,E,0,0.87,0.84,5,U,-108,-0.25"
RX,863292,R35,TXA,N01,132,134627,E,0,0.87,0.84,5.0,F,-110.0,-5.5,True,,2026-07-13T13:34:52.123+00:00,/dev/cu.usbserial-58870137921,"RX,863292,R35,TXA,N01,132,134627,E,0,0.87,0.84,5,F,-110,-5.50"
RX,864044,R35,TXE,N61,63,135383,G,1,0.93,0.9,5.0,U,-111.0,-7.0,True,,2026-07-13T13:34:52.874+00:00,/dev/cu.usbserial-58870137921,"RX,864044,R35,TXE,N61,63,135383,G,1,0.93,0.90,5,U,-111,-7.00"
RX,864293,R35,TXA,N01,133,135627,F,1,0.28,0.26,5.0,F,-109.0,-2.5,True,,2026-07-13T13:34:53.123+00:00,/dev/cu.usbserial-58870137921,"RX,864293,R35,TXA,N01,133,135627,F,1,0.28,0.26,5,F,-109,-2.50"
RX,864403,R35,TXH,N106,8,135743,G,1,0.93,0.9,5.0,U,-107.0,-1.0,True,,2026-07-13T13:34:53.233+00:00,/dev/cu.usbserial-58870137921,"RX,864403,R35,TXH,N106,8,135743,G,1,0.93,0.90,5,U,-107,-1.00"
RX,864585,R35,TXL,N166,8,135917,G,1,0.93,0.9,5.0,U,-108.0,-0.5,True,,2026-07-13T13:34:53.415+00:00,/dev/cu.usbserial-58870137921,"RX,864585,R35,TXL,N166,8,135917,G,1,0.93,0.90,5,U,-108,-0.50"
RX,864791,R35,TXF,N76,32,136131,E,0,0.87,0.84,5.0,U,-110.0,-6.5,True,,2026-07-13T13:34:53.621+00:00,/dev/cu.usbserial-58870137921,"RX,864791,R35,TXF,N76,32,136131,E,0,0.87,0.84,5,U,-110,-6.50"
RX,865096,R35,TXD,N46,16,136431,G,1,0.93,0.9,5.0,U,-110.0,-5.5,True,,2026-07-13T13:34:53.926+00:00,/dev/cu.usbserial-58870137921,"RX,865096,R35,TXD,N46,16,136431,G,1,0.93,0.90,5,U,-110,-5.50"
RX,865293,R35,TXA,N01,134,136627,G,1,0.93,0.9,5.0,F,-110.0,-3.75,True,,2026-07-13T13:34:54.123+00:00,/dev/cu.usbserial-58870137921,"RX,865293,R35,TXA,N01,134,136627,G,1,0.93,0.90,5,F,-110,-3.75"
RX,865741,R35,TXG,N91,15,137081,G,1,0.93,0.9,5.0,U,-106.0,-8.0,True,,2026-07-13T13:34:54.571+00:00,/dev/cu.usbserial-58870137921,"RX,865741,R35,TXG,N91,15,137081,G,1,0.93,0.90,5,U,-106,-8.00"
RX,866044,R35,TXE,N61,64,137383,A,1,0.75,0.72,5.0,U,-110.0,-5.5,True,,2026-07-13T13:34:54.876+00:00,/dev/cu.usbserial-58870137921,"RX,866044,R35,TXE,N61,64,137383,A,1,0.75,0.72,5,U,-110,-5.50"
RX,866293,R35,TXA,N01,135,137627,H,0,0.32,0.3,5.0,F,-110.0,-6.0,True,,2026-07-13T13:34:55.123+00:00,/dev/cu.usbserial-58870137921,"RX,866293,R35,TXA,N01,135,137627,H,0,0.32,0.30,5,F,-110,-6.00"
RX,866432,R35,TXK,N151,68,137764,A,1,0.75,0.72,5.0,U,-110.0,-7.25,True,,2026-07-13T13:34:55.263+00:00,/dev/cu.usbserial-58870137921,"RX,866432,R35,TXK,N151,68,137764,A,1,0.75,0.72,5,U,-110,-7.25"
RX,866791,R35,TXF,N76,33,138131,G,1,0.93,0.9,5.0,U,-110.0,-7.0,True,,2026-07-13T13:34:55.621+00:00,/dev/cu.usbserial-58870137921,"RX,866791,R35,TXF,N76,33,138131,G,1,0.93,0.90,5,U,-110,-7.00"
RX,866949,R35,TXJ,N136,15,138281,G,1,0.93,0.9,5.0,U,-108.0,-1.25,True,,2026-07-13T13:34:55.780+00:00,/dev/cu.usbserial-58870137921,"RX,866949,R35,TXJ,N136,15,138281,G,1,0.93,0.90,5,U,-108,-1.25"
RX,867049,R35,TXC,N31,32,138385,E,0,0.87,0.84,5.0,U,-107.0,1.5,True,,2026-07-13T13:34:55.879+00:00,/dev/cu.usbserial-58870137921,"RX,867049,R35,TXC,N31,32,138385,E,0,0.87,0.84,5,U,-107,1.50"
RX,867293,R35,TXA,N01,136,138627,A,1,0.75,0.72,5.0,F,-110.0,-4.0,True,,2026-07-13T13:34:56.123+00:00,/dev/cu.usbserial-58870137921,"RX,867293,R35,TXA,N01,136,138627,A,1,0.75,0.72,5,F,-110,-4.00"
RX,868044,R35,TXE,N61,65,139383,C,1,0.81,0.78,5.0,U,-110.0,-8.25,True,,2026-07-13T13:34:56.874+00:00,/dev/cu.usbserial-58870137921,"RX,868044,R35,TXE,N61,65,139383,C,1,0.81,0.78,5,U,-110,-8.25"
RX,868150,R35,TXI,N121,32,139482,E,0,0.87,0.84,5.0,U,-111.0,-6.5,True,,2026-07-13T13:34:56.981+00:00,/dev/cu.usbserial-58870137921,"RX,868150,R35,TXI,N121,32,139482,E,0,0.87,0.84,5,U,-111,-6.50"
RX,868292,R35,TXA,N01,137,139627,B,1,0.2,0.18,5.0,F,-109.0,-2.5,True,,2026-07-13T13:34:57.123+00:00,/dev/cu.usbserial-58870137921,"RX,868292,R35,TXA,N01,137,139627,B,1,0.20,0.18,5,F,-109,-2.50"
RX,868432,R35,TXK,N151,69,139764,C,0,0.81,0.78,5.0,U,-111.0,-6.75,True,,2026-07-13T13:34:57.262+00:00,/dev/cu.usbserial-58870137921,"RX,868432,R35,TXK,N151,69,139764,C,0,0.81,0.78,5,U,-111,-6.75"
RX,869049,R35,TXC,N31,33,140385,G,1,0.93,0.9,5.0,U,-107.0,1.75,True,,2026-07-13T13:34:57.879+00:00,/dev/cu.usbserial-58870137921,"RX,869049,R35,TXC,N31,33,140385,G,1,0.93,0.90,5,U,-107,1.75"
RX,869292,R35,TXA,N01,138,140627,C,0,0.81,0.78,5.0,F,-110.0,-2.75,True,,2026-07-13T13:34:58.123+00:00,/dev/cu.usbserial-58870137921,"RX,869292,R35,TXA,N01,138,140627,C,0,0.81,0.78,5,F,-110,-2.75"
RX,870044,R35,TXE,N61,66,141383,E,0,0.87,0.84,5.0,U,-111.0,-7.25,True,,2026-07-13T13:34:58.874+00:00,/dev/cu.usbserial-58870137921,"RX,870044,R35,TXE,N61,66,141383,E,0,0.87,0.84,5,U,-111,-7.25"
RX,870150,R35,TXI,N121,33,141482,G,1,0.93,0.9,5.0,U,-110.0,-8.25,True,,2026-07-13T13:34:58.981+00:00,/dev/cu.usbserial-58870137921,"RX,870150,R35,TXI,N121,33,141482,G,1,0.93,0.90,5,U,-110,-8.25"
RX,870293,R35,TXA,N01,139,141627,D,1,0.24,0.22,5.0,F,-110.0,-3.25,True,,2026-07-13T13:34:59.123+00:00,/dev/cu.usbserial-58870137921,"RX,870293,R35,TXA,N01,139,141627,D,1,0.24,0.22,5,F,-110,-3.25"
RX,870432,R35,TXK,N151,70,141764,E,1,0.87,0.84,5.0,U,-110.0,-7.0,True,,2026-07-13T13:34:59.263+00:00,/dev/cu.usbserial-58870137921,"RX,870432,R35,TXK,N151,70,141764,E,1,0.87,0.84,5,U,-110,-7.00"
RX,871292,R35,TXA,N01,140,142627,E,1,0.87,0.84,5.0,F,-109.0,-3.25,True,,2026-07-13T13:35:00.123+00:00,/dev/cu.usbserial-58870137921,"RX,871292,R35,TXA,N01,140,142627,E,1,0.87,0.84,5,F,-109,-3.25"
RX,872293,R35,TXA,N01,141,143627,F,0,0.28,0.26,5.0,F,-109.0,-3.0,True,,2026-07-13T13:35:01.123+00:00,/dev/cu.usbserial-58870137921,"RX,872293,R35,TXA,N01,141,143627,F,0,0.28,0.26,5,F,-109,-3.00"
RX,872403,R35,TXH,N106,9,143743,G,1,0.93,0.9,5.0,U,-108.0,-2.0,True,,2026-07-13T13:35:01.233+00:00,/dev/cu.usbserial-58870137921,"RX,872403,R35,TXH,N106,9,143743,G,1,0.93,0.90,5,U,-108,-2.00"
RX,872585,R35,TXL,N166,9,143917,G,1,0.93,0.9,5.0,U,-109.0,-2.0,True,,2026-07-13T13:35:01.415+00:00,/dev/cu.usbserial-58870137921,"RX,872585,R35,TXL,N166,9,143917,G,1,0.93,0.90,5,U,-109,-2.00"
RX,872791,R35,TXF,N76,34,144131,E,1,0.87,0.84,5.0,U,-110.0,-7.25,True,,2026-07-13T13:35:01.621+00:00,/dev/cu.usbserial-58870137921,"RX,872791,R35,TXF,N76,34,144131,E,1,0.87,0.84,5,U,-110,-7.25"
RX,873096,R35,TXD,N46,17,144431,G,1,0.93,0.9,5.0,U,-109.0,-3.25,True,,2026-07-13T13:35:01.926+00:00,/dev/cu.usbserial-58870137921,"RX,873096,R35,TXD,N46,17,144431,G,1,0.93,0.90,5,U,-109,-3.25"
RX,873292,R35,TXA,N01,142,144627,G,1,0.93,0.9,5.0,F,-109.0,-2.0,True,,2026-07-13T13:35:02.123+00:00,/dev/cu.usbserial-58870137921,"RX,873292,R35,TXA,N01,142,144627,G,1,0.93,0.90,5,F,-109,-2.00"
RX,873741,R35,TXG,N91,16,145081,G,1,0.93,0.9,5.0,U,-110.0,-4.75,True,,2026-07-13T13:35:02.571+00:00,/dev/cu.usbserial-58870137921,"RX,873741,R35,TXG,N91,16,145081,G,1,0.93,0.90,5,U,-110,-4.75"
RX,874044,R35,TXE,N61,68,145383,A,1,0.75,0.72,5.0,U,-110.0,-7.5,True,,2026-07-13T13:35:02.874+00:00,/dev/cu.usbserial-58870137921,"RX,874044,R35,TXE,N61,68,145383,A,1,0.75,0.72,5,U,-110,-7.50"
RX,874292,R35,TXA,N01,143,145627,H,1,0.32,0.3,5.0,F,-110.0,-2.75,True,,2026-07-13T13:35:03.123+00:00,/dev/cu.usbserial-58870137921,"RX,874292,R35,TXA,N01,143,145627,H,1,0.32,0.30,5,F,-110,-2.75"
RX,874432,R35,TXK,N151,72,145764,A,0,0.75,0.72,5.0,U,-110.0,-7.25,True,,2026-07-13T13:35:03.263+00:00,/dev/cu.usbserial-58870137921,"RX,874432,R35,TXK,N151,72,145764,A,0,0.75,0.72,5,U,-110,-7.25"
RX,874791,R35,TXF,N76,35,146131,G,1,0.93,0.9,5.0,U,-110.0,-9.0,True,,2026-07-13T13:35:03.621+00:00,/dev/cu.usbserial-58870137921,"RX,874791,R35,TXF,N76,35,146131,G,1,0.93,0.90,5,U,-110,-9.00"
RX,874949,R35,TXJ,N136,16,146281,G,1,0.93,0.9,5.0,U,-109.0,-2.25,True,,2026-07-13T13:35:03.780+00:00,/dev/cu.usbserial-58870137921,"RX,874949,R35,TXJ,N136,16,146281,G,1,0.93,0.90,5,U,-109,-2.25"
RX,875049,R35,TXC,N31,34,146385,E,1,0.87,0.84,5.0,U,-107.0,1.25,True,,2026-07-13T13:35:03.879+00:00,/dev/cu.usbserial-58870137921,"RX,875049,R35,TXC,N31,34,146385,E,1,0.87,0.84,5,U,-107,1.25"
RX,875292,R35,TXA,N01,144,146627,A,0,0.75,0.72,5.0,F,-109.0,-2.75,True,,2026-07-13T13:35:04.123+00:00,/dev/cu.usbserial-58870137921,"RX,875292,R35,TXA,N01,144,146627,A,0,0.75,0.72,5,F,-109,-2.75"
RX,876044,R35,TXE,N61,69,147383,C,0,0.81,0.78,5.0,U,-110.0,-8.75,True,,2026-07-13T13:35:04.874+00:00,/dev/cu.usbserial-58870137921,"RX,876044,R35,TXE,N61,69,147383,C,0,0.81,0.78,5,U,-110,-8.75"
RX,876150,R35,TXI,N121,34,147482,E,1,0.87,0.84,5.0,U,-110.0,-7.75,True,,2026-07-13T13:35:04.981+00:00,/dev/cu.usbserial-58870137921,"RX,876150,R35,TXI,N121,34,147482,E,1,0.87,0.84,5,U,-110,-7.75"
RX,876292,R35,TXA,N01,145,147627,B,1,0.2,0.18,5.0,F,-109.0,-2.75,True,,2026-07-13T13:35:05.123+00:00,/dev/cu.usbserial-58870137921,"RX,876292,R35,TXA,N01,145,147627,B,1,0.20,0.18,5,F,-109,-2.75"
RX,876432,R35,TXK,N151,73,147764,C,1,0.81,0.78,5.0,U,-110.0,-7.25,True,,2026-07-13T13:35:05.263+00:00,/dev/cu.usbserial-58870137921,"RX,876432,R35,TXK,N151,73,147764,C,1,0.81,0.78,5,U,-110,-7.25"
RX,877049,R35,TXC,N31,35,148385,G,1,0.93,0.9,5.0,U,-107.0,1.5,True,,2026-07-13T13:35:05.879+00:00,/dev/cu.usbserial-58870137921,"RX,877049,R35,TXC,N31,35,148385,G,1,0.93,0.90,5,U,-107,1.50"
RX,877292,R35,TXA,N01,146,148627,C,1,0.81,0.78,5.0,F,-109.0,-2.25,True,,2026-07-13T13:35:06.123+00:00,/dev/cu.usbserial-58870137921,"RX,877292,R35,TXA,N01,146,148627,C,1,0.81,0.78,5,F,-109,-2.25"
RX,878150,R35,TXI,N121,35,149482,G,1,0.93,0.9,5.0,U,-111.0,-8.5,True,,2026-07-13T13:35:06.981+00:00,/dev/cu.usbserial-58870137921,"RX,878150,R35,TXI,N121,35,149482,G,1,0.93,0.90,5,U,-111,-8.50"
RX,878293,R35,TXA,N01,147,149627,D,0,0.24,0.22,5.0,F,-109.0,-2.5,True,,2026-07-13T13:35:07.123+00:00,/dev/cu.usbserial-58870137921,"RX,878293,R35,TXA,N01,147,149627,D,0,0.24,0.22,5,F,-109,-2.50"
RX,878432,R35,TXK,N151,74,149764,E,1,0.87,0.84,5.0,U,-111.0,-6.75,True,,2026-07-13T13:35:07.263+00:00,/dev/cu.usbserial-58870137921,"RX,878432,R35,TXK,N151,74,149764,E,1,0.87,0.84,5,U,-111,-6.75"
RX,879292,R35,TXA,N01,148,150627,E,1,0.87,0.84,5.0,F,-111.0,-4.25,True,,2026-07-13T13:35:08.123+00:00,/dev/cu.usbserial-58870137921,"RX,879292,R35,TXA,N01,148,150627,E,1,0.87,0.84,5,F,-111,-4.25"
RX,880292,R35,TXA,N01,149,151627,F,1,0.28,0.26,5.0,F,-111.0,-1.75,True,,2026-07-13T13:35:09.123+00:00,/dev/cu.usbserial-58870137921,"RX,880292,R35,TXA,N01,149,151627,F,1,0.28,0.26,5,F,-111,-1.75"
RX,880403,R35,TXH,N106,10,151743,G,0,0.93,0.9,5.0,U,-109.0,-4.5,True,,2026-07-13T13:35:09.233+00:00,/dev/cu.usbserial-58870137921,"RX,880403,R35,TXH,N106,10,151743,G,0,0.93,0.90,5,U,-109,-4.50"
RX,880585,R35,TXL,N166,10,151917,G,0,0.93,0.9,5.0,U,-109.0,-2.5,True,,2026-07-13T13:35:09.415+00:00,/dev/cu.usbserial-58870137921,"RX,880585,R35,TXL,N166,10,151917,G,0,0.93,0.90,5,U,-109,-2.50"
RX,881096,R35,TXD,N46,18,152431,G,0,0.93,0.9,5.0,U,-109.0,-2.75,True,,2026-07-13T13:35:09.926+00:00,/dev/cu.usbserial-58870137921,"RX,881096,R35,TXD,N46,18,152431,G,0,0.93,0.90,5,U,-109,-2.75"
RX,881292,R35,TXA,N01,150,152627,G,0,0.93,0.9,5.0,F,-109.0,-3.0,True,,2026-07-13T13:35:10.123+00:00,/dev/cu.usbserial-58870137921,"RX,881292,R35,TXA,N01,150,152627,G,0,0.93,0.90,5,F,-109,-3.00"
RX,881741,R35,TXG,N91,17,153081,G,1,0.93,0.9,5.0,U,-110.0,-4.75,True,,2026-07-13T13:35:10.571+00:00,/dev/cu.usbserial-58870137921,"RX,881741,R35,TXG,N91,17,153081,G,1,0.93,0.90,5,U,-110,-4.75"
RX,882292,R35,TXA,N01,151,153627,H,1,0.32,0.3,5.0,F,-109.0,-2.5,True,,2026-07-13T13:35:11.123+00:00,/dev/cu.usbserial-58870137921,"RX,882292,R35,TXA,N01,151,153627,H,1,0.32,0.30,5,F,-109,-2.50"
RX,882432,R35,TXK,N151,76,153764,A,1,0.75,0.72,5.0,U,-111.0,-6.25,True,,2026-07-13T13:35:11.263+00:00,/dev/cu.usbserial-58870137921,"RX,882432,R35,TXK,N151,76,153764,A,1,0.75,0.72,5,U,-111,-6.25"
RX,882791,R35,TXF,N76,37,154131,G,0,0.93,0.9,5.0,U,-111.0,-8.0,True,,2026-07-13T13:35:11.621+00:00,/dev/cu.usbserial-58870137921,"RX,882791,R35,TXF,N76,37,154131,G,0,0.93,0.90,5,U,-111,-8.00"
RX,882949,R35,TXJ,N136,17,154281,G,1,0.93,0.9,5.0,U,-109.0,-0.5,True,,2026-07-13T13:35:11.780+00:00,/dev/cu.usbserial-58870137921,"RX,882949,R35,TXJ,N136,17,154281,G,1,0.93,0.90,5,U,-109,-0.50"
RX,883049,R35,TXC,N31,36,154385,E,1,0.87,0.84,5.0,U,-107.0,2.0,True,,2026-07-13T13:35:11.879+00:00,/dev/cu.usbserial-58870137921,"RX,883049,R35,TXC,N31,36,154385,E,1,0.87,0.84,5,U,-107,2.00"
RX,883292,R35,TXA,N01,152,154627,A,1,0.75,0.72,5.0,F,-110.0,-2.75,True,,2026-07-13T13:35:12.123+00:00,/dev/cu.usbserial-58870137921,"RX,883292,R35,TXA,N01,152,154627,A,1,0.75,0.72,5,F,-110,-2.75"
RX,884044,R35,TXE,N61,73,155383,C,1,0.81,0.78,5.0,U,-112.0,-8.5,True,,2026-07-13T13:35:12.874+00:00,/dev/cu.usbserial-58870137921,"RX,884044,R35,TXE,N61,73,155383,C,1,0.81,0.78,5,U,-112,-8.50"
RX,884150,R35,TXI,N121,36,155482,E,1,0.87,0.84,5.0,U,-110.0,-7.5,True,,2026-07-13T13:35:12.981+00:00,/dev/cu.usbserial-58870137921,"RX,884150,R35,TXI,N121,36,155482,E,1,0.87,0.84,5,U,-110,-7.50"
RX,884292,R35,TXA,N01,153,155627,B,0,0.2,0.18,5.0,F,-110.0,-2.5,True,,2026-07-13T13:35:13.123+00:00,/dev/cu.usbserial-58870137921,"RX,884292,R35,TXA,N01,153,155627,B,0,0.20,0.18,5,F,-110,-2.50"
RX,884432,R35,TXK,N151,77,155764,C,1,0.81,0.78,5.0,U,-111.0,-5.25,True,,2026-07-13T13:35:13.263+00:00,/dev/cu.usbserial-58870137921,"RX,884432,R35,TXK,N151,77,155764,C,1,0.81,0.78,5,U,-111,-5.25"
RX,885049,R35,TXC,N31,37,156385,G,0,0.93,0.9,5.0,U,-108.0,1.5,True,,2026-07-13T13:35:13.879+00:00,/dev/cu.usbserial-58870137921,"RX,885049,R35,TXC,N31,37,156385,G,0,0.93,0.90,5,U,-108,1.50"
RX,885292,R35,TXA,N01,154,156627,C,1,0.81,0.78,5.0,F,-109.0,-2.25,True,,2026-07-13T13:35:14.123+00:00,/dev/cu.usbserial-58870137921,"RX,885292,R35,TXA,N01,154,156627,C,1,0.81,0.78,5,F,-109,-2.25"
RX,886044,R35,TXE,N61,74,157383,E,1,0.87,0.84,5.0,U,-111.0,-8.25,True,,2026-07-13T13:35:14.874+00:00,/dev/cu.usbserial-58870137921,"RX,886044,R35,TXE,N61,74,157383,E,1,0.87,0.84,5,U,-111,-8.25"
RX,886150,R35,TXI,N121,37,157482,G,0,0.93,0.9,5.0,U,-110.0,-7.75,True,,2026-07-13T13:35:14.981+00:00,/dev/cu.usbserial-58870137921,"RX,886150,R35,TXI,N121,37,157482,G,0,0.93,0.90,5,U,-110,-7.75"
RX,886292,R35,TXA,N01,155,157627,D,1,0.24,0.22,5.0,F,-110.0,-4.25,True,,2026-07-13T13:35:15.123+00:00,/dev/cu.usbserial-58870137921,"RX,886292,R35,TXA,N01,155,157627,D,1,0.24,0.22,5,F,-110,-4.25"
RX,886432,R35,TXK,N151,78,157764,E,0,0.87,0.84,5.0,U,-110.0,-6.25,True,,2026-07-13T13:35:15.263+00:00,/dev/cu.usbserial-58870137921,"RX,886432,R35,TXK,N151,78,157764,E,0,0.87,0.84,5,U,-110,-6.25"
RX,887292,R35,TXA,N01,156,158627,E,0,0.87,0.84,5.0,F,-109.0,-3.25,True,,2026-07-13T13:35:16.123+00:00,/dev/cu.usbserial-58870137921,"RX,887292,R35,TXA,N01,156,158627,E,0,0.87,0.84,5,F,-109,-3.25"
RX,888044,R35,TXE,N61,75,159383,G,0,0.93,0.9,5.0,U,-111.0,-8.5,True,,2026-07-13T13:35:16.874+00:00,/dev/cu.usbserial-58870137921,"RX,888044,R35,TXE,N61,75,159383,G,0,0.93,0.90,5,U,-111,-8.50"
RX,888292,R35,TXA,N01,157,159627,F,1,0.28,0.26,5.0,F,-110.0,-3.0,True,,2026-07-13T13:35:17.123+00:00,/dev/cu.usbserial-58870137921,"RX,888292,R35,TXA,N01,157,159627,F,1,0.28,0.26,5,F,-110,-3.00"
RX,888403,R35,TXH,N106,11,159743,G,1,0.93,0.9,5.0,U,-109.0,-2.25,True,,2026-07-13T13:35:17.233+00:00,/dev/cu.usbserial-58870137921,"RX,888403,R35,TXH,N106,11,159743,G,1,0.93,0.90,5,U,-109,-2.25"
RX,888585,R35,TXL,N166,11,159917,G,1,0.93,0.9,5.0,U,-109.0,-1.0,True,,2026-07-13T13:35:17.415+00:00,/dev/cu.usbserial-58870137921,"RX,888585,R35,TXL,N166,11,159917,G,1,0.93,0.90,5,U,-109,-1.00"
RX,888791,R35,TXF,N76,38,160131,E,0,0.87,0.84,5.0,U,-110.0,-7.5,True,,2026-07-13T13:35:17.621+00:00,/dev/cu.usbserial-58870137921,"RX,888791,R35,TXF,N76,38,160131,E,0,0.87,0.84,5,U,-110,-7.50"
RX,889096,R35,TXD,N46,19,160431,G,1,0.93,0.9,5.0,U,-110.0,-4.0,True,,2026-07-13T13:35:17.926+00:00,/dev/cu.usbserial-58870137921,"RX,889096,R35,TXD,N46,19,160431,G,1,0.93,0.90,5,U,-110,-4.00"
RX,889292,R35,TXA,N01,158,160627,G,1,0.93,0.9,5.0,F,-110.0,-4.0,True,,2026-07-13T13:35:18.123+00:00,/dev/cu.usbserial-58870137921,"RX,889292,R35,TXA,N01,158,160627,G,1,0.93,0.90,5,F,-110,-4.00"
RX,889741,R35,TXG,N91,18,161081,G,0,0.93,0.9,5.0,U,-110.0,-4.75,True,,2026-07-13T13:35:18.571+00:00,/dev/cu.usbserial-58870137921,"RX,889741,R35,TXG,N91,18,161081,G,0,0.93,0.90,5,U,-110,-4.75"
RX,890044,R35,TXE,N61,76,161383,A,1,0.75,0.72,5.0,U,-111.0,-7.75,True,,2026-07-13T13:35:18.874+00:00,/dev/cu.usbserial-58870137921,"RX,890044,R35,TXE,N61,76,161383,A,1,0.75,0.72,5,U,-111,-7.75"
RX,890292,R35,TXA,N01,159,161627,H,0,0.32,0.3,5.0,F,-109.0,-2.5,True,,2026-07-13T13:35:19.123+00:00,/dev/cu.usbserial-58870137921,"RX,890292,R35,TXA,N01,159,161627,H,0,0.32,0.30,5,F,-109,-2.50"
RX,890432,R35,TXK,N151,80,161764,A,1,0.75,0.72,5.0,U,-110.0,-5.75,True,,2026-07-13T13:35:19.263+00:00,/dev/cu.usbserial-58870137921,"RX,890432,R35,TXK,N151,80,161764,A,1,0.75,0.72,5,U,-110,-5.75"
RX,890791,R35,TXF,N76,39,162131,G,1,0.93,0.9,5.0,U,-111.0,-7.5,True,,2026-07-13T13:35:19.621+00:00,/dev/cu.usbserial-58870137921,"RX,890791,R35,TXF,N76,39,162131,G,1,0.93,0.90,5,U,-111,-7.50"
RX,890949,R35,TXJ,N136,18,162281,G,0,0.93,0.9,5.0,U,-109.0,-0.75,True,,2026-07-13T13:35:19.780+00:00,/dev/cu.usbserial-58870137921,"RX,890949,R35,TXJ,N136,18,162281,G,0,0.93,0.90,5,U,-109,-0.75"
RX,891049,R35,TXC,N31,38,162385,E,0,0.87,0.84,5.0,U,-107.0,1.5,True,,2026-07-13T13:35:19.879+00:00,/dev/cu.usbserial-58870137921,"RX,891049,R35,TXC,N31,38,162385,E,0,0.87,0.84,5,U,-107,1.50"
RX,891292,R35,TXA,N01,160,162627,A,1,0.75,0.72,5.0,F,-109.0,-4.25,True,,2026-07-13T13:35:20.123+00:00,/dev/cu.usbserial-58870137921,"RX,891292,R35,TXA,N01,160,162627,A,1,0.75,0.72,5,F,-109,-4.25"
RX,892150,R35,TXI,N121,38,163482,E,0,0.87,0.84,5.0,U,-110.0,-8.25,True,,2026-07-13T13:35:20.981+00:00,/dev/cu.usbserial-58870137921,"RX,892150,R35,TXI,N121,38,163482,E,0,0.87,0.84,5,U,-110,-8.25"
RX,892292,R35,TXA,N01,161,163627,B,1,0.2,0.18,5.0,F,-109.0,-4.75,True,,2026-07-13T13:35:21.123+00:00,/dev/cu.usbserial-58870137921,"RX,892292,R35,TXA,N01,161,163627,B,1,0.20,0.18,5,F,-109,-4.75"
RX,892432,R35,TXK,N151,81,163764,C,0,0.81,0.78,5.0,U,-110.0,-5.75,True,,2026-07-13T13:35:21.263+00:00,/dev/cu.usbserial-58870137921,"RX,892432,R35,TXK,N151,81,163764,C,0,0.81,0.78,5,U,-110,-5.75"
RX,893049,R35,TXC,N31,39,164385,G,1,0.93,0.9,5.0,U,-107.0,1.0,True,,2026-07-13T13:35:21.879+00:00,/dev/cu.usbserial-58870137921,"RX,893049,R35,TXC,N31,39,164385,G,1,0.93,0.90,5,U,-107,1.00"
RX,893292,R35,TXA,N01,162,164627,C,0,0.81,0.78,5.0,F,-110.0,-3.5,True,,2026-07-13T13:35:22.123+00:00,/dev/cu.usbserial-58870137921,"RX,893292,R35,TXA,N01,162,164627,C,0,0.81,0.78,5,F,-110,-3.50"
RX,894150,R35,TXI,N121,39,165482,G,1,0.93,0.9,5.0,U,-110.0,-8.5,True,,2026-07-13T13:35:22.981+00:00,/dev/cu.usbserial-58870137921,"RX,894150,R35,TXI,N121,39,165482,G,1,0.93,0.90,5,U,-110,-8.50"
RX,894292,R35,TXA,N01,163,165627,D,1,0.24,0.22,5.0,F,-110.0,-3.25,True,,2026-07-13T13:35:23.123+00:00,/dev/cu.usbserial-58870137921,"RX,894292,R35,TXA,N01,163,165627,D,1,0.24,0.22,5,F,-110,-3.25"
RX,894432,R35,TXK,N151,82,165764,E,1,0.87,0.84,5.0,U,-111.0,-6.0,True,,2026-07-13T13:35:23.263+00:00,/dev/cu.usbserial-58870137921,"RX,894432,R35,TXK,N151,82,165764,E,1,0.87,0.84,5,U,-111,-6.00"
RX,895292,R35,TXA,N01,164,166627,E,1,0.87,0.84,5.0,F,-110.0,-3.75,True,,2026-07-13T13:35:24.125+00:00,/dev/cu.usbserial-58870137921,"RX,895292,R35,TXA,N01,164,166627,E,1,0.87,0.84,5,F,-110,-3.75"
RX,896043,R35,TXE,N61,79,167383,G,1,0.93,0.9,5.0,U,-110.0,-7.0,True,,2026-07-13T13:35:24.874+00:00,/dev/cu.usbserial-58870137921,"RX,896043,R35,TXE,N61,79,167383,G,1,0.93,0.90,5,U,-110,-7.00"
RX,896292,R35,TXA,N01,165,167627,F,0,0.28,0.26,5.0,F,-110.0,-3.25,True,,2026-07-13T13:35:25.123+00:00,/dev/cu.usbserial-58870137921,"RX,896292,R35,TXA,N01,165,167627,F,0,0.28,0.26,5,F,-110,-3.25"
RX,896432,R35,TXK,N151,83,167764,G,1,0.93,0.9,5.0,U,-111.0,-6.25,True,,2026-07-13T13:35:25.262+00:00,/dev/cu.usbserial-58870137921,"RX,896432,R35,TXK,N151,83,167764,G,1,0.93,0.90,5,U,-111,-6.25"
RX,896791,R35,TXF,N76,40,168131,E,1,0.87,0.84,5.0,U,-110.0,-7.0,True,,2026-07-13T13:35:25.621+00:00,/dev/cu.usbserial-58870137921,"RX,896791,R35,TXF,N76,40,168131,E,1,0.87,0.84,5,U,-110,-7.00"
RX,897096,R35,TXD,N46,20,168431,G,1,0.93,0.9,5.0,U,-109.0,-4.0,True,,2026-07-13T13:35:25.926+00:00,/dev/cu.usbserial-58870137921,"RX,897096,R35,TXD,N46,20,168431,G,1,0.93,0.90,5,U,-109,-4.00"
RX,897292,R35,TXA,N01,166,168627,G,1,0.93,0.9,5.0,F,-110.0,-3.75,True,,2026-07-13T13:35:26.123+00:00,/dev/cu.usbserial-58870137921,"RX,897292,R35,TXA,N01,166,168627,G,1,0.93,0.90,5,F,-110,-3.75"
RX,897741,R35,TXG,N91,19,169081,G,1,0.93,0.9,5.0,U,-110.0,-6.75,True,,2026-07-13T13:35:26.571+00:00,/dev/cu.usbserial-58870137921,"RX,897741,R35,TXG,N91,19,169081,G,1,0.93,0.90,5,U,-110,-6.75"
RX,898292,R35,TXA,N01,167,169627,H,1,0.32,0.3,5.0,F,-109.0,-3.0,True,,2026-07-13T13:35:27.123+00:00,/dev/cu.usbserial-58870137921,"RX,898292,R35,TXA,N01,167,169627,H,1,0.32,0.30,5,F,-109,-3.00"
RX,898432,R35,TXK,N151,84,169764,A,0,0.75,0.72,5.0,U,-110.0,-7.5,True,,2026-07-13T13:35:27.262+00:00,/dev/cu.usbserial-58870137921,"RX,898432,R35,TXK,N151,84,169764,A,0,0.75,0.72,5,U,-110,-7.50"
RX,898791,R35,TXF,N76,41,170131,G,1,0.93,0.9,5.0,U,-110.0,-7.0,True,,2026-07-13T13:35:27.621+00:00,/dev/cu.usbserial-58870137921,"RX,898791,R35,TXF,N76,41,170131,G,1,0.93,0.90,5,U,-110,-7.00"
RX,898949,R35,TXJ,N136,19,170281,G,1,0.93,0.9,5.0,U,-108.0,-1.5,True,,2026-07-13T13:35:27.780+00:00,/dev/cu.usbserial-58870137921,"RX,898949,R35,TXJ,N136,19,170281,G,1,0.93,0.90,5,U,-108,-1.50"
RX,899049,R35,TXC,N31,40,170385,E,1,0.87,0.84,5.0,U,-107.0,1.5,True,,2026-07-13T13:35:27.879+00:00,/dev/cu.usbserial-58870137921,"RX,899049,R35,TXC,N31,40,170385,E,1,0.87,0.84,5,U,-107,1.50"
RX,899292,R35,TXA,N01,168,170627,A,0,0.75,0.72,5.0,F,-109.0,-3.0,True,,2026-07-13T13:35:28.123+00:00,/dev/cu.usbserial-58870137921,"RX,899292,R35,TXA,N01,168,170627,A,0,0.75,0.72,5,F,-109,-3.00"
RX,900044,R35,TXE,N61,81,171383,C,0,0.81,0.78,5.0,U,-111.0,-8.25,True,,2026-07-13T13:35:28.874+00:00,/dev/cu.usbserial-58870137921,"RX,900044,R35,TXE,N61,81,171383,C,0,0.81,0.78,5,U,-111,-8.25"
RX,900150,R35,TXI,N121,40,171482,E,1,0.87,0.84,5.0,U,-110.0,-7.0,True,,2026-07-13T13:35:28.981+00:00,/dev/cu.usbserial-58870137921,"RX,900150,R35,TXI,N121,40,171482,E,1,0.87,0.84,5,U,-110,-7.00"
RX,900292,R35,TXA,N01,169,171627,B,1,0.2,0.18,5.0,F,-109.0,-2.25,True,,2026-07-13T13:35:29.123+00:00,/dev/cu.usbserial-58870137921,"RX,900292,R35,TXA,N01,169,171627,B,1,0.20,0.18,5,F,-109,-2.25"
RX,900432,R35,TXK,N151,85,171764,C,1,0.81,0.78,5.0,U,-110.0,-5.5,True,,2026-07-13T13:35:29.262+00:00,/dev/cu.usbserial-58870137921,"RX,900432,R35,TXK,N151,85,171764,C,1,0.81,0.78,5,U,-110,-5.50"
RX,901049,R35,TXC,N31,41,172385,G,1,0.93,0.9,5.0,U,-107.0,1.5,True,,2026-07-13T13:35:29.879+00:00,/dev/cu.usbserial-58870137921,"RX,901049,R35,TXC,N31,41,172385,G,1,0.93,0.90,5,U,-107,1.50"
RX,901292,R35,TXA,N01,170,172627,C,1,0.81,0.78,5.0,F,-109.0,-3.0,True,,2026-07-13T13:35:30.123+00:00,/dev/cu.usbserial-58870137921,"RX,901292,R35,TXA,N01,170,172627,C,1,0.81,0.78,5,F,-109,-3.00"
RX,902150,R35,TXI,N121,41,173482,G,1,0.93,0.9,5.0,U,-110.0,-6.5,True,,2026-07-13T13:35:30.981+00:00,/dev/cu.usbserial-58870137921,"RX,902150,R35,TXI,N121,41,173482,G,1,0.93,0.90,5,U,-110,-6.50"
RX,902292,R35,TXA,N01,171,173627,D,0,0.24,0.22,5.0,F,-109.0,-3.5,True,,2026-07-13T13:35:31.123+00:00,/dev/cu.usbserial-58870137921,"RX,902292,R35,TXA,N01,171,173627,D,0,0.24,0.22,5,F,-109,-3.50"
RX,902432,R35,TXK,N151,86,173764,E,1,0.87,0.84,5.0,U,-110.0,-7.0,True,,2026-07-13T13:35:31.262+00:00,/dev/cu.usbserial-58870137921,"RX,902432,R35,TXK,N151,86,173764,E,1,0.87,0.84,5,U,-110,-7.00"
RX,903292,R35,TXA,N01,172,174627,E,1,0.87,0.84,5.0,F,-109.0,-2.75,True,,2026-07-13T13:35:32.123+00:00,/dev/cu.usbserial-58870137921,"RX,903292,R35,TXA,N01,172,174627,E,1,0.87,0.84,5,F,-109,-2.75"
RX,904292,R35,TXA,N01,173,175627,F,1,0.28,0.26,5.0,F,-109.0,-3.25,True,,2026-07-13T13:35:33.123+00:00,/dev/cu.usbserial-58870137921,"RX,904292,R35,TXA,N01,173,175627,F,1,0.28,0.26,5,F,-109,-3.25"
RX,904432,R35,TXK,N151,87,175764,G,0,0.93,0.9,5.0,U,-110.0,-6.5,True,,2026-07-13T13:35:33.263+00:00,/dev/cu.usbserial-58870137921,"RX,904432,R35,TXK,N151,87,175764,G,0,0.93,0.90,5,U,-110,-6.50"
RX,905096,R35,TXD,N46,21,176431,G,0,0.93,0.9,5.0,U,-110.0,-3.75,True,,2026-07-13T13:35:33.926+00:00,/dev/cu.usbserial-58870137921,"RX,905096,R35,TXD,N46,21,176431,G,0,0.93,0.90,5,U,-110,-3.75"
RX,905292,R35,TXA,N01,174,176627,G,0,0.93,0.9,5.0,F,-109.0,-2.0,True,,2026-07-13T13:35:34.123+00:00,/dev/cu.usbserial-58870137921,"RX,905292,R35,TXA,N01,174,176627,G,0,0.93,0.90,5,F,-109,-2.00"
RX,905741,R35,TXG,N91,20,177081,G,1,0.93,0.9,5.0,U,-110.0,-3.0,True,,2026-07-13T13:35:34.571+00:00,/dev/cu.usbserial-58870137921,"RX,905741,R35,TXG,N91,20,177081,G,1,0.93,0.90,5,U,-110,-3.00"
RX,906292,R35,TXA,N01,175,177627,H,1,0.32,0.3,5.0,F,-109.0,-2.5,True,,2026-07-13T13:35:35.123+00:00,/dev/cu.usbserial-58870137921,"RX,906292,R35,TXA,N01,175,177627,H,1,0.32,0.30,5,F,-109,-2.50"
RX,906791,R35,TXF,N76,43,178131,G,0,0.93,0.9,5.0,U,-111.0,-7.5,True,,2026-07-13T13:35:35.621+00:00,/dev/cu.usbserial-58870137921,"RX,906791,R35,TXF,N76,43,178131,G,0,0.93,0.90,5,U,-111,-7.50"
RX,906949,R35,TXJ,N136,20,178281,G,1,0.93,0.9,5.0,U,-109.0,-1.75,True,,2026-07-13T13:35:35.780+00:00,/dev/cu.usbserial-58870137921,"RX,906949,R35,TXJ,N136,20,178281,G,1,0.93,0.90,5,U,-109,-1.75"
RX,907049,R35,TXC,N31,42,178385,E,1,0.87,0.84,5.0,U,-107.0,1.75,True,,2026-07-13T13:35:35.879+00:00,/dev/cu.usbserial-58870137921,"RX,907049,R35,TXC,N31,42,178385,E,1,0.87,0.84,5,U,-107,1.75"
RX,907292,R35,TXA,N01,176,178627,A,1,0.75,0.72,5.0,F,-110.0,-2.0,True,,2026-07-13T13:35:36.123+00:00,/dev/cu.usbserial-58870137921,"RX,907292,R35,TXA,N01,176,178627,A,1,0.75,0.72,5,F,-110,-2.00"
RX,908043,R35,TXE,N61,85,179383,C,1,0.81,0.78,5.0,U,-111.0,-8.0,True,,2026-07-13T13:35:36.874+00:00,/dev/cu.usbserial-58870137921,"RX,908043,R35,TXE,N61,85,179383,C,1,0.81,0.78,5,U,-111,-8.00"
RX,908150,R35,TXI,N121,42,179482,E,1,0.87,0.84,5.0,U,-111.0,-8.0,True,,2026-07-13T13:35:36.980+00:00,/dev/cu.usbserial-58870137921,"RX,908150,R35,TXI,N121,42,179482,E,1,0.87,0.84,5,U,-111,-8.00"
RX,908292,R35,TXA,N01,177,179627,B,0,0.2,0.18,5.0,F,-110.0,-2.5,True,,2026-07-13T13:35:37.123+00:00,/dev/cu.usbserial-58870137921,"RX,908292,R35,TXA,N01,177,179627,B,0,0.20,0.18,5,F,-110,-2.50"
RX,908432,R35,TXK,N151,89,179764,C,1,0.81,0.78,5.0,U,-111.0,-6.75,True,,2026-07-13T13:35:37.262+00:00,/dev/cu.usbserial-58870137921,"RX,908432,R35,TXK,N151,89,179764,C,1,0.81,0.78,5,U,-111,-6.75"
RX,909049,R35,TXC,N31,43,180385,G,0,0.93,0.9,5.0,U,-106.0,3.25,True,,2026-07-13T13:35:37.879+00:00,/dev/cu.usbserial-58870137921,"RX,909049,R35,TXC,N31,43,180385,G,0,0.93,0.90,5,U,-106,3.25"
RX,909292,R35,TXA,N01,178,180627,C,1,0.81,0.78,5.0,F,-110.0,-1.75,True,,2026-07-13T13:35:38.123+00:00,/dev/cu.usbserial-58870137921,"RX,909292,R35,TXA,N01,178,180627,C,1,0.81,0.78,5,F,-110,-1.75"
RX,910150,R35,TXI,N121,43,181482,G,0,0.93,0.9,5.0,U,-111.0,-6.5,True,,2026-07-13T13:35:38.981+00:00,/dev/cu.usbserial-58870137921,"RX,910150,R35,TXI,N121,43,181482,G,0,0.93,0.90,5,U,-111,-6.50"
RX,910292,R35,TXA,N01,179,181627,D,1,0.24,0.22,5.0,F,-107.0,1.5,True,,2026-07-13T13:35:39.123+00:00,/dev/cu.usbserial-58870137921,"RX,910292,R35,TXA,N01,179,181627,D,1,0.24,0.22,5,F,-107,1.50"
RX,910432,R35,TXK,N151,90,181764,E,0,0.87,0.84,5.0,U,-109.0,0.0,True,,2026-07-13T13:35:39.262+00:00,/dev/cu.usbserial-58870137921,"RX,910432,R35,TXK,N151,90,181764,E,0,0.87,0.84,5,U,-109,0.00"
RX,911292,R35,TXA,N01,180,182627,E,0,0.87,0.84,5.0,F,-110.0,-2.75,True,,2026-07-13T13:35:40.123+00:00,/dev/cu.usbserial-58870137921,"RX,911292,R35,TXA,N01,180,182627,E,0,0.87,0.84,5,F,-110,-2.75"
RX,911560,R35,TXB,N16,89,182894,C,1,0.81,0.78,5.0,U,-111.0,-8.5,True,,2026-07-13T13:35:40.390+00:00,/dev/cu.usbserial-58870137921,"RX,911560,R35,TXB,N16,89,182894,C,1,0.81,0.78,5,U,-111,-8.50"
RX,912292,R35,TXA,N01,181,183627,F,1,0.28,0.26,5.0,F,-111.0,-3.25,True,,2026-07-13T13:35:41.123+00:00,/dev/cu.usbserial-58870137921,"RX,912292,R35,TXA,N01,181,183627,F,1,0.28,0.26,5,F,-111,-3.25"
RX,913095,R35,TXD,N46,22,184431,G,1,0.93,0.9,5.0,U,-110.0,-2.25,True,,2026-07-13T13:35:41.926+00:00,/dev/cu.usbserial-58870137921,"RX,913095,R35,TXD,N46,22,184431,G,1,0.93,0.90,5,U,-110,-2.25"
RX,913292,R35,TXA,N01,182,184627,G,1,0.93,0.9,5.0,F,-110.0,-2.25,True,,2026-07-13T13:35:42.123+00:00,/dev/cu.usbserial-58870137921,"RX,913292,R35,TXA,N01,182,184627,G,1,0.93,0.90,5,F,-110,-2.25"
RX,913741,R35,TXG,N91,21,185081,G,0,0.93,0.9,5.0,U,-110.0,-4.75,True,,2026-07-13T13:35:42.571+00:00,/dev/cu.usbserial-58870137921,"RX,913741,R35,TXG,N91,21,185081,G,0,0.93,0.90,5,U,-110,-4.75"
RX,914043,R35,TXE,N61,88,185383,A,1,0.75,0.72,5.0,U,-111.0,-6.75,True,,2026-07-13T13:35:42.874+00:00,/dev/cu.usbserial-58870137921,"RX,914043,R35,TXE,N61,88,185383,A,1,0.75,0.72,5,U,-111,-6.75"
RX,914292,R35,TXA,N01,183,185627,H,0,0.32,0.3,5.0,F,-111.0,-2.75,True,,2026-07-13T13:35:43.123+00:00,/dev/cu.usbserial-58870137921,"RX,914292,R35,TXA,N01,183,185627,H,0,0.32,0.30,5,F,-111,-2.75"
RX,914791,R35,TXF,N76,45,186131,G,1,0.93,0.9,5.0,U,-111.0,-6.0,True,,2026-07-13T13:35:43.621+00:00,/dev/cu.usbserial-58870137921,"RX,914791,R35,TXF,N76,45,186131,G,1,0.93,0.90,5,U,-111,-6.00"
RX,914949,R35,TXJ,N136,21,186281,G,0,0.93,0.9,5.0,U,-110.0,-1.5,True,,2026-07-13T13:35:43.780+00:00,/dev/cu.usbserial-58870137921,"RX,914949,R35,TXJ,N136,21,186281,G,0,0.93,0.90,5,U,-110,-1.50"
RX,915049,R35,TXC,N31,44,186385,E,0,0.87,0.84,5.0,U,-107.0,2.5,True,,2026-07-13T13:35:43.879+00:00,/dev/cu.usbserial-58870137921,"RX,915049,R35,TXC,N31,44,186385,E,0,0.87,0.84,5,U,-107,2.50"
RX,915292,R35,TXA,N01,184,186627,A,1,0.75,0.72,5.0,F,-111.0,-2.25,True,,2026-07-13T13:35:44.123+00:00,/dev/cu.usbserial-58870137921,"RX,915292,R35,TXA,N01,184,186627,A,1,0.75,0.72,5,F,-111,-2.25"
RX,916043,R35,TXE,N61,89,187383,C,1,0.81,0.78,5.0,U,-111.0,-9.0,True,,2026-07-13T13:35:44.874+00:00,/dev/cu.usbserial-58870137921,"RX,916043,R35,TXE,N61,89,187383,C,1,0.81,0.78,5,U,-111,-9.00"
RX,916292,R35,TXA,N01,185,187627,B,1,0.2,0.18,5.0,F,-110.0,-0.75,True,,2026-07-13T13:35:45.123+00:00,/dev/cu.usbserial-58870137921,"RX,916292,R35,TXA,N01,185,187627,B,1,0.20,0.18,5,F,-110,-0.75"
RX,916432,R35,TXK,N151,93,187764,C,0,0.81,0.78,5.0,U,-112.0,-7.75,True,,2026-07-13T13:35:45.262+00:00,/dev/cu.usbserial-58870137921,"RX,916432,R35,TXK,N151,93,187764,C,0,0.81,0.78,5,U,-112,-7.75"
RX,917049,R35,TXC,N31,45,188385,G,1,0.93,0.9,5.0,U,-107.0,2.75,True,,2026-07-13T13:35:45.879+00:00,/dev/cu.usbserial-58870137921,"RX,917049,R35,TXC,N31,45,188385,G,1,0.93,0.90,5,U,-107,2.75"
RX,917292,R35,TXA,N01,186,188627,C,0,0.81,0.78,5.0,F,-110.0,-2.75,True,,2026-07-13T13:35:46.123+00:00,/dev/cu.usbserial-58870137921,"RX,917292,R35,TXA,N01,186,188627,C,0,0.81,0.78,5,F,-110,-2.75"
RX,918150,R35,TXI,N121,45,189482,G,1,0.93,0.9,5.0,U,-112.0,-7.75,True,,2026-07-13T13:35:46.980+00:00,/dev/cu.usbserial-58870137921,"RX,918150,R35,TXI,N121,45,189482,G,1,0.93,0.90,5,U,-112,-7.75"
RX,918292,R35,TXA,N01,187,189627,D,1,0.24,0.22,5.0,F,-110.0,-1.0,True,,2026-07-13T13:35:47.123+00:00,/dev/cu.usbserial-58870137921,"RX,918292,R35,TXA,N01,187,189627,D,1,0.24,0.22,5,F,-110,-1.00"
RX,918432,R35,TXK,N151,94,189764,E,1,0.87,0.84,5.0,U,-111.0,-5.75,True,,2026-07-13T13:35:47.262+00:00,/dev/cu.usbserial-58870137921,"RX,918432,R35,TXK,N151,94,189764,E,1,0.87,0.84,5,U,-111,-5.75"
RX,919292,R35,TXA,N01,188,190627,E,1,0.87,0.84,5.0,F,-111.0,-1.5,True,,2026-07-13T13:35:48.123+00:00,/dev/cu.usbserial-58870137921,"RX,919292,R35,TXA,N01,188,190627,E,1,0.87,0.84,5,F,-111,-1.50"
RX,920043,R35,TXE,N61,91,191383,G,1,0.93,0.9,5.0,U,-112.0,-9.25,True,,2026-07-13T13:35:48.874+00:00,/dev/cu.usbserial-58870137921,"RX,920043,R35,TXE,N61,91,191383,G,1,0.93,0.90,5,U,-112,-9.25"
RX,920292,R35,TXA,N01,189,191627,F,0,0.28,0.26,5.0,F,-110.0,-1.25,True,,2026-07-13T13:35:49.123+00:00,/dev/cu.usbserial-58870137921,"RX,920292,R35,TXA,N01,189,191627,F,0,0.28,0.26,5,F,-110,-1.25"
RX,920432,R35,TXK,N151,95,191764,G,1,0.93,0.9,5.0,U,-112.0,-5.25,True,,2026-07-13T13:35:49.262+00:00,/dev/cu.usbserial-58870137921,"RX,920432,R35,TXK,N151,95,191764,G,1,0.93,0.90,5,U,-112,-5.25"
RX,921095,R35,TXD,N46,23,192431,G,1,0.93,0.9,5.0,U,-110.0,-2.0,True,,2026-07-13T13:35:49.926+00:00,/dev/cu.usbserial-58870137921,"RX,921095,R35,TXD,N46,23,192431,G,1,0.93,0.90,5,U,-110,-2.00"
RX,921292,R35,TXA,N01,190,192627,G,1,0.93,0.9,5.0,F,-111.0,-2.25,True,,2026-07-13T13:35:50.123+00:00,/dev/cu.usbserial-58870137921,"RX,921292,R35,TXA,N01,190,192627,G,1,0.93,0.90,5,F,-111,-2.25"
RX,921741,R35,TXG,N91,22,193081,G,1,0.93,0.9,5.0,U,-111.0,-3.5,True,,2026-07-13T13:35:50.571+00:00,/dev/cu.usbserial-58870137921,"RX,921741,R35,TXG,N91,22,193081,G,1,0.93,0.90,5,U,-111,-3.50"
RX,922292,R35,TXA,N01,191,193627,H,1,0.32,0.3,5.0,F,-110.0,-1.5,True,,2026-07-13T13:35:51.123+00:00,/dev/cu.usbserial-58870137921,"RX,922292,R35,TXA,N01,191,193627,H,1,0.32,0.30,5,F,-110,-1.50"
RX,922432,R35,TXK,N151,96,193764,A,1,0.75,0.72,5.0,U,-111.0,-6.75,True,,2026-07-13T13:35:51.263+00:00,/dev/cu.usbserial-58870137921,"RX,922432,R35,TXK,N151,96,193764,A,1,0.75,0.72,5,U,-111,-6.75"
RX,922791,R35,TXF,N76,47,194131,G,1,0.93,0.9,5.0,U,-112.0,-9.0,True,,2026-07-13T13:35:51.621+00:00,/dev/cu.usbserial-58870137921,"RX,922791,R35,TXF,N76,47,194131,G,1,0.93,0.90,5,U,-112,-9.00"
RX,922949,R35,TXJ,N136,22,194281,G,1,0.93,0.9,5.0,U,-110.0,-0.25,True,,2026-07-13T13:35:51.780+00:00,/dev/cu.usbserial-58870137921,"RX,922949,R35,TXJ,N136,22,194281,G,1,0.93,0.90,5,U,-110,-0.25"
RX,923049,R35,TXC,N31,46,194385,E,1,0.87,0.84,5.0,U,-108.0,2.25,True,,2026-07-13T13:35:51.879+00:00,/dev/cu.usbserial-58870137921,"RX,923049,R35,TXC,N31,46,194385,E,1,0.87,0.84,5,U,-108,2.25"
RX,923292,R35,TXA,N01,192,194627,A,1,0.75,0.72,5.0,F,-110.0,-1.5,True,,2026-07-13T13:35:52.123+00:00,/dev/cu.usbserial-58870137921,"RX,923292,R35,TXA,N01,192,194627,A,1,0.75,0.72,5,F,-110,-1.50"
RX,924043,R35,TXE,N61,93,195383,C,0,0.81,0.78,5.0,U,-112.0,-9.75,True,,2026-07-13T13:35:52.874+00:00,/dev/cu.usbserial-58870137921,"RX,924043,R35,TXE,N61,93,195383,C,0,0.81,0.78,5,U,-112,-9.75"
RX,924150,R35,TXI,N121,46,195482,E,1,0.87,0.84,5.0,U,-112.0,-4.5,True,,2026-07-13T13:35:52.980+00:00,/dev/cu.usbserial-58870137921,"RX,924150,R35,TXI,N121,46,195482,E,1,0.87,0.84,5,U,-112,-4.50"
RX,924292,R35,TXA,N01,193,195627,B,0,0.2,0.18,5.0,F,-110.0,-0.5,True,,2026-07-13T13:35:53.123+00:00,/dev/cu.usbserial-58870137921,"RX,924292,R35,TXA,N01,193,195627,B,0,0.20,0.18,5,F,-110,-0.50"
RX,924432,R35,TXK,N151,97,195764,C,1,0.81,0.78,5.0,U,-111.0,-5.5,True,,2026-07-13T13:35:53.262+00:00,/dev/cu.usbserial-58870137921,"RX,924432,R35,TXK,N151,97,195764,C,1,0.81,0.78,5,U,-111,-5.50"
RX,925049,R35,TXC,N31,47,196385,G,1,0.93,0.9,5.0,U,-108.0,2.5,True,,2026-07-13T13:35:53.879+00:00,/dev/cu.usbserial-58870137921,"RX,925049,R35,TXC,N31,47,196385,G,1,0.93,0.90,5,U,-108,2.50"
RX,925292,R35,TXA,N01,194,196627,C,1,0.81,0.78,5.0,F,-110.0,-0.5,True,,2026-07-13T13:35:54.123+00:00,/dev/cu.usbserial-58870137921,"RX,925292,R35,TXA,N01,194,196627,C,1,0.81,0.78,5,F,-110,-0.50"
RX,926150,R35,TXI,N121,47,197482,G,1,0.93,0.9,5.0,U,-112.0,-7.75,True,,2026-07-13T13:35:54.980+00:00,/dev/cu.usbserial-58870137921,"RX,926150,R35,TXI,N121,47,197482,G,1,0.93,0.90,5,U,-112,-7.75"
RX,926292,R35,TXA,N01,195,197627,D,1,0.24,0.22,5.0,F,-111.0,-2.5,True,,2026-07-13T13:35:55.123+00:00,/dev/cu.usbserial-58870137921,"RX,926292,R35,TXA,N01,195,197627,D,1,0.24,0.22,5,F,-111,-2.50"
RX,926432,R35,TXK,N151,98,197764,E,0,0.87,0.84,5.0,U,-112.0,-7.75,True,,2026-07-13T13:35:55.262+00:00,/dev/cu.usbserial-58870137921,"RX,926432,R35,TXK,N151,98,197764,E,0,0.87,0.84,5,U,-112,-7.75"
RX,927292,R35,TXA,N01,196,198627,E,0,0.87,0.84,5.0,F,-110.0,-3.25,True,,2026-07-13T13:35:56.123+00:00,/dev/cu.usbserial-58870137921,"RX,927292,R35,TXA,N01,196,198627,E,0,0.87,0.84,5,F,-110,-3.25"
RX,928292,R35,TXA,N01,197,199627,F,1,0.28,0.26,5.0,F,-109.0,0.25,True,,2026-07-13T13:35:57.123+00:00,/dev/cu.usbserial-58870137921,"RX,928292,R35,TXA,N01,197,199627,F,1,0.28,0.26,5,F,-109,0.25"
RX,928403,R35,TXH,N106,12,199743,G,1,0.93,0.9,5.0,U,-108.0,0.0,True,,2026-07-13T13:35:57.233+00:00,/dev/cu.usbserial-58870137921,"RX,928403,R35,TXH,N106,12,199743,G,1,0.93,0.90,5,U,-108,0.00"
RX,928584,R35,TXL,N166,12,199917,G,1,0.93,0.9,5.0,U,-109.0,1.25,True,,2026-07-13T13:35:57.415+00:00,/dev/cu.usbserial-58870137921,"RX,928584,R35,TXL,N166,12,199917,G,1,0.93,0.90,5,U,-109,1.25"
RX,928790,R35,TXF,N76,48,200131,E,0,0.87,0.84,5.0,U,-112.0,-4.75,True,,2026-07-13T13:35:57.621+00:00,/dev/cu.usbserial-58870137921,"RX,928790,R35,TXF,N76,48,200131,E,0,0.87,0.84,5,U,-112,-4.75"
RX,929095,R35,TXD,N46,24,200431,G,1,0.93,0.9,5.0,U,-111.0,-1.75,True,,2026-07-13T13:35:57.926+00:00,/dev/cu.usbserial-58870137921,"RX,929095,R35,TXD,N46,24,200431,G,1,0.93,0.90,5,U,-111,-1.75"
RX,929292,R35,TXA,N01,198,200627,G,1,0.93,0.9,5.0,F,-110.0,0.5,True,,2026-07-13T13:35:58.123+00:00,/dev/cu.usbserial-58870137921,"RX,929292,R35,TXA,N01,198,200627,G,1,0.93,0.90,5,F,-110,0.50"
RX,929741,R35,TXG,N91,23,201081,G,1,0.93,0.9,5.0,U,-111.0,-5.75,True,,2026-07-13T13:35:58.571+00:00,/dev/cu.usbserial-58870137921,"RX,929741,R35,TXG,N91,23,201081,G,1,0.93,0.90,5,U,-111,-5.75"
RX,930292,R35,TXA,N01,199,201627,H,0,0.32,0.3,5.0,F,-110.0,-2.25,True,,2026-07-13T13:35:59.123+00:00,/dev/cu.usbserial-58870137921,"RX,930292,R35,TXA,N01,199,201627,H,0,0.32,0.30,5,F,-110,-2.25"
RX,930790,R35,TXF,N76,49,202131,G,1,0.93,0.9,5.0,U,-112.0,-8.5,True,,2026-07-13T13:35:59.621+00:00,/dev/cu.usbserial-58870137921,"RX,930790,R35,TXF,N76,49,202131,G,1,0.93,0.90,5,U,-112,-8.50"
RX,930949,R35,TXJ,N136,23,202281,G,1,0.93,0.9,5.0,U,-110.0,-1.75,True,,2026-07-13T13:35:59.780+00:00,/dev/cu.usbserial-58870137921,"RX,930949,R35,TXJ,N136,23,202281,G,1,0.93,0.90,5,U,-110,-1.75"
RX,931049,R35,TXC,N31,48,202385,E,0,0.87,0.84,5.0,U,-103.0,-1.0,True,,2026-07-13T13:35:59.879+00:00,/dev/cu.usbserial-58870137921,"RX,931049,R35,TXC,N31,48,202385,E,0,0.87,0.84,5,U,-103,-1.00"
RX,931292,R35,TXA,N01,200,202627,A,1,0.75,0.72,5.0,F,-110.0,-2.5,True,,2026-07-13T13:36:00.123+00:00,/dev/cu.usbserial-58870137921,"RX,931292,R35,TXA,N01,200,202627,A,1,0.75,0.72,5,F,-110,-2.50"
RX,932150,R35,TXI,N121,48,203482,E,0,0.87,0.84,5.0,U,-112.0,-7.25,True,,2026-07-13T13:36:00.981+00:00,/dev/cu.usbserial-58870137921,"RX,932150,R35,TXI,N121,48,203482,E,0,0.87,0.84,5,U,-112,-7.25"
RX,932292,R35,TXA,N01,201,203627,B,1,0.2,0.18,5.0,F,-110.0,-1.75,True,,2026-07-13T13:36:01.123+00:00,/dev/cu.usbserial-58870137921,"RX,932292,R35,TXA,N01,201,203627,B,1,0.20,0.18,5,F,-110,-1.75"
RX,933048,R35,TXC,N31,49,204385,G,1,0.93,0.9,5.0,U,-107.0,2.75,True,,2026-07-13T13:36:01.879+00:00,/dev/cu.usbserial-58870137921,"RX,933048,R35,TXC,N31,49,204385,G,1,0.93,0.90,5,U,-107,2.75"
RX,933292,R35,TXA,N01,202,204627,C,0,0.81,0.78,5.0,F,-110.0,-1.75,True,,2026-07-13T13:36:02.123+00:00,/dev/cu.usbserial-58870137921,"RX,933292,R35,TXA,N01,202,204627,C,0,0.81,0.78,5,F,-110,-1.75"
RX,934292,R35,TXA,N01,203,205627,D,1,0.24,0.22,5.0,F,-110.0,-1.5,True,,2026-07-13T13:36:03.123+00:00,/dev/cu.usbserial-58870137921,"RX,934292,R35,TXA,N01,203,205627,D,1,0.24,0.22,5,F,-110,-1.50"
RX,935292,R35,TXA,N01,204,206627,E,1,0.87,0.84,5.0,F,-111.0,-2.5,True,,2026-07-13T13:36:04.123+00:00,/dev/cu.usbserial-58870137921,"RX,935292,R35,TXA,N01,204,206627,E,1,0.87,0.84,5,F,-111,-2.50"
RX,936292,R35,TXA,N01,205,207627,F,0,0.28,0.26,5.0,F,-110.0,-3.75,True,,2026-07-13T13:36:05.123+00:00,/dev/cu.usbserial-58870137921,"RX,936292,R35,TXA,N01,205,207627,F,0,0.28,0.26,5,F,-110,-3.75"
RX,936403,R35,TXH,N106,13,207743,G,1,0.93,0.9,5.0,U,-111.0,-5.25,True,,2026-07-13T13:36:05.233+00:00,/dev/cu.usbserial-58870137921,"RX,936403,R35,TXH,N106,13,207743,G,1,0.93,0.90,5,U,-111,-5.25"
RX,936584,R35,TXL,N166,13,207917,G,1,0.93,0.9,5.0,U,-111.0,-2.5,True,,2026-07-13T13:36:05.415+00:00,/dev/cu.usbserial-58870137921,"RX,936584,R35,TXL,N166,13,207917,G,1,0.93,0.90,5,U,-111,-2.50"
RX,936790,R35,TXF,N76,50,208131,E,1,0.87,0.84,5.0,U,-112.0,-7.25,True,,2026-07-13T13:36:05.621+00:00,/dev/cu.usbserial-58870137921,"RX,936790,R35,TXF,N76,50,208131,E,1,0.87,0.84,5,U,-112,-7.25"
RX,937095,R35,TXD,N46,25,208431,G,1,0.93,0.9,5.0,U,-110.0,-1.75,True,,2026-07-13T13:36:05.926+00:00,/dev/cu.usbserial-58870137921,"RX,937095,R35,TXD,N46,25,208431,G,1,0.93,0.90,5,U,-110,-1.75"
RX,937292,R35,TXA,N01,206,208627,G,1,0.93,0.9,5.0,F,-111.0,-1.75,True,,2026-07-13T13:36:06.125+00:00,/dev/cu.usbserial-58870137921,"RX,937292,R35,TXA,N01,206,208627,G,1,0.93,0.90,5,F,-111,-1.75"
RX,937741,R35,TXG,N91,24,209081,G,1,0.93,0.9,5.0,U,-111.0,-4.25,True,,2026-07-13T13:36:06.571+00:00,/dev/cu.usbserial-58870137921,"RX,937741,R35,TXG,N91,24,209081,G,1,0.93,0.90,5,U,-111,-4.25"
RX,938292,R35,TXA,N01,207,209627,H,1,0.32,0.3,5.0,F,-110.0,-2.0,True,,2026-07-13T13:36:07.123+00:00,/dev/cu.usbserial-58870137921,"RX,938292,R35,TXA,N01,207,209627,H,1,0.32,0.30,5,F,-110,-2.00"
RX,938790,R35,TXF,N76,51,210131,G,1,0.93,0.9,5.0,U,-111.0,-7.0,True,,2026-07-13T13:36:07.621+00:00,/dev/cu.usbserial-58870137921,"RX,938790,R35,TXF,N76,51,210131,G,1,0.93,0.90,5,U,-111,-7.00"
RX,938949,R35,TXJ,N136,24,210281,G,1,0.93,0.9,5.0,U,-110.0,-0.5,True,,2026-07-13T13:36:07.780+00:00,/dev/cu.usbserial-58870137921,"RX,938949,R35,TXJ,N136,24,210281,G,1,0.93,0.90,5,U,-110,-0.50"
RX,939048,R35,TXC,N31,50,210385,E,1,0.87,0.84,5.0,U,-108.0,3.0,True,,2026-07-13T13:36:07.879+00:00,/dev/cu.usbserial-58870137921,"RX,939048,R35,TXC,N31,50,210385,E,1,0.87,0.84,5,U,-108,3.00"
RX,939292,R35,TXA,N01,208,210627,A,0,0.75,0.72,5.0,F,-110.0,-2.25,True,,2026-07-13T13:36:08.123+00:00,/dev/cu.usbserial-58870137921,"RX,939292,R35,TXA,N01,208,210627,A,0,0.75,0.72,5,F,-110,-2.25"
RX,940043,R35,TXE,N61,101,211383,C,0,0.81,0.78,5.0,U,-104.0,5.25,True,,2026-07-13T13:36:08.874+00:00,/dev/cu.usbserial-58870137921,"RX,940043,R35,TXE,N61,101,211383,C,0,0.81,0.78,5,U,-104,5.25"
RX,940150,R35,TXI,N121,50,211482,E,1,0.87,0.84,5.0,U,-107.0,3.0,True,,2026-07-13T13:36:08.980+00:00,/dev/cu.usbserial-58870137921,"RX,940150,R35,TXI,N121,50,211482,E,1,0.87,0.84,5,U,-107,3.00"
RX,941048,R35,TXC,N31,51,212385,G,1,0.93,0.9,5.0,U,-109.0,1.25,True,,2026-07-13T13:36:09.879+00:00,/dev/cu.usbserial-58870137921,"RX,941048,R35,TXC,N31,51,212385,G,1,0.93,0.90,5,U,-109,1.25"
RX,941292,R35,TXA,N01,210,212627,C,1,0.81,0.78,5.0,F,-111.0,-2.75,True,,2026-07-13T13:36:10.123+00:00,/dev/cu.usbserial-58870137921,"RX,941292,R35,TXA,N01,210,212627,C,1,0.81,0.78,5,F,-111,-2.75"
RX,942150,R35,TXI,N121,51,213482,G,1,0.93,0.9,5.0,U,-111.0,-8.25,True,,2026-07-13T13:36:10.981+00:00,/dev/cu.usbserial-58870137921,"RX,942150,R35,TXI,N121,51,213482,G,1,0.93,0.90,5,U,-111,-8.25"
RX,942292,R35,TXA,N01,211,213627,D,0,0.24,0.22,5.0,F,-111.0,-5.25,True,,2026-07-13T13:36:11.123+00:00,/dev/cu.usbserial-58870137921,"RX,942292,R35,TXA,N01,211,213627,D,0,0.24,0.22,5,F,-111,-5.25"
RX,943292,R35,TXA,N01,212,214627,E,1,0.87,0.84,5.0,F,-110.0,-1.5,True,,2026-07-13T13:36:12.123+00:00,/dev/cu.usbserial-58870137921,"RX,943292,R35,TXA,N01,212,214627,E,1,0.87,0.84,5,F,-110,-1.50"
RX,944292,R35,TXA,N01,213,215627,F,1,0.28,0.26,5.0,F,-111.0,-2.25,True,,2026-07-13T13:36:13.123+00:00,/dev/cu.usbserial-58870137921,"RX,944292,R35,TXA,N01,213,215627,F,1,0.28,0.26,5,F,-111,-2.25"
RX,944584,R35,TXL,N166,14,215917,G,0,0.93,0.9,5.0,U,-110.0,-1.0,True,,2026-07-13T13:36:13.415+00:00,/dev/cu.usbserial-58870137921,"RX,944584,R35,TXL,N166,14,215917,G,0,0.93,0.90,5,U,-110,-1.00"
RX,945095,R35,TXD,N46,26,216431,G,0,0.93,0.9,5.0,U,-110.0,-1.5,True,,2026-07-13T13:36:13.925+00:00,/dev/cu.usbserial-58870137921,"RX,945095,R35,TXD,N46,26,216431,G,0,0.93,0.90,5,U,-110,-1.50"
RX,945292,R35,TXA,N01,214,216627,G,0,0.93,0.9,5.0,F,-110.0,-3.0,True,,2026-07-13T13:36:14.123+00:00,/dev/cu.usbserial-58870137921,"RX,945292,R35,TXA,N01,214,216627,G,0,0.93,0.90,5,F,-110,-3.00"
RX,945741,R35,TXG,N91,25,217081,G,1,0.93,0.9,5.0,U,-110.0,-5.5,True,,2026-07-13T13:36:14.571+00:00,/dev/cu.usbserial-58870137921,"RX,945741,R35,TXG,N91,25,217081,G,1,0.93,0.90,5,U,-110,-5.50"
RX,946292,R35,TXA,N01,215,217627,H,1,0.32,0.3,5.0,F,-110.0,-1.75,True,,2026-07-13T13:36:15.122+00:00,/dev/cu.usbserial-58870137921,"RX,946292,R35,TXA,N01,215,217627,H,1,0.32,0.30,5,F,-110,-1.75"
RX,946949,R35,TXJ,N136,25,218281,G,1,0.93,0.9,5.0,U,-109.0,-1.0,True,,2026-07-13T13:36:15.780+00:00,/dev/cu.usbserial-58870137921,"RX,946949,R35,TXJ,N136,25,218281,G,1,0.93,0.90,5,U,-109,-1.00"
RX,947048,R35,TXC,N31,52,218385,E,1,0.87,0.84,5.0,U,-107.0,2.25,True,,2026-07-13T13:36:15.879+00:00,/dev/cu.usbserial-58870137921,"RX,947048,R35,TXC,N31,52,218385,E,1,0.87,0.84,5,U,-107,2.25"
RX,947292,R35,TXA,N01,216,218627,A,1,0.75,0.72,5.0,F,-109.0,-2.0,True,,2026-07-13T13:36:16.123+00:00,/dev/cu.usbserial-58870137921,"RX,947292,R35,TXA,N01,216,218627,A,1,0.75,0.72,5,F,-109,-2.00"
RX,948150,R35,TXI,N121,52,219482,E,1,0.87,0.84,5.0,U,-111.0,-9.0,True,,2026-07-13T13:36:16.980+00:00,/dev/cu.usbserial-58870137921,"RX,948150,R35,TXI,N121,52,219482,E,1,0.87,0.84,5,U,-111,-9.00"
RX,948292,R35,TXA,N01,217,219627,B,0,0.2,0.18,5.0,F,-109.0,0.5,True,,2026-07-13T13:36:17.123+00:00,/dev/cu.usbserial-58870137921,"RX,948292,R35,TXA,N01,217,219627,B,0,0.20,0.18,5,F,-109,0.50"
RX,949048,R35,TXC,N31,53,220385,G,0,0.93,0.9,5.0,U,-107.0,2.75,True,,2026-07-13T13:36:17.879+00:00,/dev/cu.usbserial-58870137921,"RX,949048,R35,TXC,N31,53,220385,G,0,0.93,0.90,5,U,-107,2.75"
RX,949292,R35,TXA,N01,218,220627,C,1,0.81,0.78,5.0,F,-110.0,-1.25,True,,2026-07-13T13:36:18.123+00:00,/dev/cu.usbserial-58870137921,"RX,949292,R35,TXA,N01,218,220627,C,1,0.81,0.78,5,F,-110,-1.25"
RX,950043,R35,TXE,N61,106,221383,E,1,0.87,0.84,5.0,U,-111.0,-9.75,True,,2026-07-13T13:36:18.874+00:00,/dev/cu.usbserial-58870137921,"RX,950043,R35,TXE,N61,106,221383,E,1,0.87,0.84,5,U,-111,-9.75"
RX,950292,R35,TXA,N01,219,221627,D,1,0.24,0.22,5.0,F,-110.0,-2.5,True,,2026-07-13T13:36:19.123+00:00,/dev/cu.usbserial-58870137921,"RX,950292,R35,TXA,N01,219,221627,D,1,0.24,0.22,5,F,-110,-2.50"
RX,951292,R35,TXA,N01,220,222627,E,0,0.87,0.84,5.0,F,-111.0,-2.75,True,,2026-07-13T13:36:20.123+00:00,/dev/cu.usbserial-58870137921,"RX,951292,R35,TXA,N01,220,222627,E,0,0.87,0.84,5,F,-111,-2.75"
RX,952292,R35,TXA,N01,221,223627,F,1,0.28,0.26,5.0,F,-111.0,-2.5,True,,2026-07-13T13:36:21.123+00:00,/dev/cu.usbserial-58870137921,"RX,952292,R35,TXA,N01,221,223627,F,1,0.28,0.26,5,F,-111,-2.50"
RX,952402,R35,TXH,N106,15,223743,G,1,0.93,0.9,5.0,U,-112.0,-6.75,True,,2026-07-13T13:36:21.233+00:00,/dev/cu.usbserial-58870137921,"RX,952402,R35,TXH,N106,15,223743,G,1,0.93,0.90,5,U,-112,-6.75"
RX,952584,R35,TXL,N166,15,223917,G,1,0.93,0.9,5.0,U,-108.0,-4.75,True,,2026-07-13T13:36:21.415+00:00,/dev/cu.usbserial-58870137921,"RX,952584,R35,TXL,N166,15,223917,G,1,0.93,0.90,5,U,-108,-4.75"
RX,953095,R35,TXD,N46,27,224431,G,1,0.93,0.9,5.0,U,-110.0,-1.75,True,,2026-07-13T13:36:21.926+00:00,/dev/cu.usbserial-58870137921,"RX,953095,R35,TXD,N46,27,224431,G,1,0.93,0.90,5,U,-110,-1.75"
RX,953292,R35,TXA,N01,222,224627,G,1,0.93,0.9,5.0,F,-110.0,-2.0,True,,2026-07-13T13:36:22.123+00:00,/dev/cu.usbserial-58870137921,"RX,953292,R35,TXA,N01,222,224627,G,1,0.93,0.90,5,F,-110,-2.00"
RX,953741,R35,TXG,N91,26,225081,G,0,0.93,0.9,5.0,U,-111.0,-5.0,True,,2026-07-13T13:36:22.571+00:00,/dev/cu.usbserial-58870137921,"RX,953741,R35,TXG,N91,26,225081,G,0,0.93,0.90,5,U,-111,-5.00"
RX,954043,R35,TXE,N61,108,225383,A,1,0.75,0.72,5.0,U,-112.0,-7.5,True,,2026-07-13T13:36:22.874+00:00,/dev/cu.usbserial-58870137921,"RX,954043,R35,TXE,N61,108,225383,A,1,0.75,0.72,5,U,-112,-7.50"
RX,954292,R35,TXA,N01,223,225627,H,0,0.32,0.3,5.0,F,-110.0,-1.25,True,,2026-07-13T13:36:23.123+00:00,/dev/cu.usbserial-58870137921,"RX,954292,R35,TXA,N01,223,225627,H,0,0.32,0.30,5,F,-110,-1.25"
RX,954437,R35,TXK,N151,112,225764,A,1,0.75,0.72,5.0,U,-111.0,-8.25,True,,2026-07-13T13:36:23.267+00:00,/dev/cu.usbserial-58870137921,"RX,954437,R35,TXK,N151,112,225764,A,1,0.75,0.72,5,U,-111,-8.25"
RX,954790,R35,TXF,N76,55,226131,G,1,0.93,0.9,5.0,U,-112.0,-7.75,True,,2026-07-13T13:36:23.621+00:00,/dev/cu.usbserial-58870137921,"RX,954790,R35,TXF,N76,55,226131,G,1,0.93,0.90,5,U,-112,-7.75"
RX,954949,R35,TXJ,N136,26,226281,G,0,0.93,0.9,5.0,U,-110.0,-2.0,True,,2026-07-13T13:36:23.780+00:00,/dev/cu.usbserial-58870137921,"RX,954949,R35,TXJ,N136,26,226281,G,0,0.93,0.90,5,U,-110,-2.00"
RX,955048,R35,TXC,N31,54,226385,E,0,0.87,0.84,5.0,U,-108.0,2.0,True,,2026-07-13T13:36:23.879+00:00,/dev/cu.usbserial-58870137921,"RX,955048,R35,TXC,N31,54,226385,E,0,0.87,0.84,5,U,-108,2.00"
RX,955292,R35,TXA,N01,224,226627,A,1,0.75,0.72,5.0,F,-110.0,-1.5,True,,2026-07-13T13:36:24.123+00:00,/dev/cu.usbserial-58870137921,"RX,955292,R35,TXA,N01,224,226627,A,1,0.75,0.72,5,F,-110,-1.50"
RX,956043,R35,TXE,N61,109,227383,C,1,0.81,0.78,5.0,U,-111.0,-7.75,True,,2026-07-13T13:36:24.874+00:00,/dev/cu.usbserial-58870137921,"RX,956043,R35,TXE,N61,109,227383,C,1,0.81,0.78,5,U,-111,-7.75"
RX,956149,R35,TXI,N121,54,227482,E,0,0.87,0.84,5.0,U,-110.0,-9.0,True,,2026-07-13T13:36:24.980+00:00,/dev/cu.usbserial-58870137921,"RX,956149,R35,TXI,N121,54,227482,E,0,0.87,0.84,5,U,-110,-9.00"
RX,956292,R35,TXA,N01,225,227627,B,1,0.2,0.18,5.0,F,-110.0,-1.5,True,,2026-07-13T13:36:25.123+00:00,/dev/cu.usbserial-58870137921,"RX,956292,R35,TXA,N01,225,227627,B,1,0.20,0.18,5,F,-110,-1.50"
RX,957048,R35,TXC,N31,55,228385,G,1,0.93,0.9,5.0,U,-108.0,2.5,True,,2026-07-13T13:36:25.879+00:00,/dev/cu.usbserial-58870137921,"RX,957048,R35,TXC,N31,55,228385,G,1,0.93,0.90,5,U,-108,2.50"
RX,957292,R35,TXA,N01,226,228627,C,0,0.81,0.78,5.0,F,-110.0,-2.0,True,,2026-07-13T13:36:26.123+00:00,/dev/cu.usbserial-58870137921,"RX,957292,R35,TXA,N01,226,228627,C,0,0.81,0.78,5,F,-110,-2.00"
RX,958043,R35,TXE,N61,110,229383,E,0,0.87,0.84,5.0,U,-112.0,-10.0,True,,2026-07-13T13:36:26.874+00:00,/dev/cu.usbserial-58870137921,"RX,958043,R35,TXE,N61,110,229383,E,0,0.87,0.84,5,U,-112,-10.00"
RX,958292,R35,TXA,N01,227,229627,D,1,0.24,0.22,5.0,F,-111.0,-3.25,True,,2026-07-13T13:36:27.123+00:00,/dev/cu.usbserial-58870137921,"RX,958292,R35,TXA,N01,227,229627,D,1,0.24,0.22,5,F,-111,-3.25"
RX,958437,R35,TXK,N151,114,229764,E,1,0.87,0.84,5.0,U,-111.0,-8.75,True,,2026-07-13T13:36:27.267+00:00,/dev/cu.usbserial-58870137921,"RX,958437,R35,TXK,N151,114,229764,E,1,0.87,0.84,5,U,-111,-8.75"
RX,959292,R35,TXA,N01,228,230627,E,1,0.87,0.84,5.0,F,-111.0,-4.0,True,,2026-07-13T13:36:28.123+00:00,/dev/cu.usbserial-58870137921,"RX,959292,R35,TXA,N01,228,230627,E,1,0.87,0.84,5,F,-111,-4.00"
RX,960292,R35,TXA,N01,229,231627,F,0,0.28,0.26,5.0,F,-111.0,-3.25,True,,2026-07-13T13:36:29.123+00:00,/dev/cu.usbserial-58870137921,"RX,960292,R35,TXA,N01,229,231627,F,0,0.28,0.26,5,F,-111,-3.25"
RX,960437,R35,TXK,N151,115,231764,G,1,0.93,0.9,5.0,U,-110.0,-5.75,True,,2026-07-13T13:36:29.267+00:00,/dev/cu.usbserial-58870137921,"RX,960437,R35,TXK,N151,115,231764,G,1,0.93,0.90,5,U,-110,-5.75"
RX,961095,R35,TXD,N46,28,232431,G,1,0.93,0.9,5.0,U,-110.0,-1.5,True,,2026-07-13T13:36:29.926+00:00,/dev/cu.usbserial-58870137921,"RX,961095,R35,TXD,N46,28,232431,G,1,0.93,0.90,5,U,-110,-1.50"
RX,962292,R35,TXA,N01,231,233627,H,1,0.32,0.3,5.0,F,-110.0,-3.25,True,,2026-07-13T13:36:31.123+00:00,/dev/cu.usbserial-58870137921,"RX,962292,R35,TXA,N01,231,233627,H,1,0.32,0.30,5,F,-110,-3.25"
RX,962949,R35,TXJ,N136,27,234281,G,1,0.93,0.9,5.0,U,-110.0,-4.0,True,,2026-07-13T13:36:31.779+00:00,/dev/cu.usbserial-58870137921,"RX,962949,R35,TXJ,N136,27,234281,G,1,0.93,0.90,5,U,-110,-4.00"
RX,963048,R35,TXC,N31,56,234385,E,1,0.87,0.84,5.0,U,-108.0,0.5,True,,2026-07-13T13:36:31.879+00:00,/dev/cu.usbserial-58870137921,"RX,963048,R35,TXC,N31,56,234385,E,1,0.87,0.84,5,U,-108,0.50"
RX,963292,R35,TXA,N01,232,234627,A,0,0.75,0.72,5.0,F,-110.0,-4.25,True,,2026-07-13T13:36:32.123+00:00,/dev/cu.usbserial-58870137921,"RX,963292,R35,TXA,N01,232,234627,A,0,0.75,0.72,5,F,-110,-4.25"
RX,964149,R35,TXI,N121,56,235482,E,1,0.87,0.84,5.0,U,-112.0,-7.75,True,,2026-07-13T13:36:32.980+00:00,/dev/cu.usbserial-58870137921,"RX,964149,R35,TXI,N121,56,235482,E,1,0.87,0.84,5,U,-112,-7.75"
RX,964292,R35,TXA,N01,233,235627,B,1,0.2,0.18,5.0,F,-111.0,-2.75,True,,2026-07-13T13:36:33.123+00:00,/dev/cu.usbserial-58870137921,"RX,964292,R35,TXA,N01,233,235627,B,1,0.20,0.18,5,F,-111,-2.75"
RX,964437,R35,TXK,N151,117,235764,C,1,0.81,0.78,5.0,U,-111.0,-6.0,True,,2026-07-13T13:36:33.267+00:00,/dev/cu.usbserial-58870137921,"RX,964437,R35,TXK,N151,117,235764,C,1,0.81,0.78,5,U,-111,-6.00"
RX,965048,R35,TXC,N31,57,236385,G,1,0.93,0.9,5.0,U,-109.0,0.75,True,,2026-07-13T13:36:33.879+00:00,/dev/cu.usbserial-58870137921,"RX,965048,R35,TXC,N31,57,236385,G,1,0.93,0.90,5,U,-109,0.75"
RX,965292,R35,TXA,N01,234,236627,C,1,0.81,0.78,5.0,F,-111.0,-3.5,True,,2026-07-13T13:36:34.123+00:00,/dev/cu.usbserial-58870137921,"RX,965292,R35,TXA,N01,234,236627,C,1,0.81,0.78,5,F,-111,-3.50"
RX,966149,R35,TXI,N121,57,237482,G,1,0.93,0.9,5.0,U,-112.0,-7.5,True,,2026-07-13T13:36:34.980+00:00,/dev/cu.usbserial-58870137921,"RX,966149,R35,TXI,N121,57,237482,G,1,0.93,0.90,5,U,-112,-7.50"
RX,966292,R35,TXA,N01,235,237627,D,0,0.24,0.22,5.0,F,-111.0,-4.5,True,,2026-07-13T13:36:35.123+00:00,/dev/cu.usbserial-58870137921,"RX,966292,R35,TXA,N01,235,237627,D,0,0.24,0.22,5,F,-111,-4.50"
RX,966437,R35,TXK,N151,118,237764,E,1,0.87,0.84,5.0,U,-110.0,-4.5,True,,2026-07-13T13:36:35.267+00:00,/dev/cu.usbserial-58870137921,"RX,966437,R35,TXK,N151,118,237764,E,1,0.87,0.84,5,U,-110,-4.50"
RX,967292,R35,TXA,N01,236,238627,E,1,0.87,0.84,5.0,F,-111.0,-4.5,True,,2026-07-13T13:36:36.123+00:00,/dev/cu.usbserial-58870137921,"RX,967292,R35,TXA,N01,236,238627,E,1,0.87,0.84,5,F,-111,-4.50"
RX,968292,R35,TXA,N01,237,239627,F,1,0.28,0.26,5.0,F,-111.0,-5.75,True,,2026-07-13T13:36:37.123+00:00,/dev/cu.usbserial-58870137921,"RX,968292,R35,TXA,N01,237,239627,F,1,0.28,0.26,5,F,-111,-5.75"
RX,968437,R35,TXK,N151,119,239764,G,0,0.93,0.9,5.0,U,-110.0,-4.5,True,,2026-07-13T13:36:37.267+00:00,/dev/cu.usbserial-58870137921,"RX,968437,R35,TXK,N151,119,239764,G,0,0.93,0.90,5,U,-110,-4.50"
RX,969095,R35,TXD,N46,29,240431,G,0,0.93,0.9,5.0,U,-109.0,-1.25,True,,2026-07-13T13:36:37.926+00:00,/dev/cu.usbserial-58870137921,"RX,969095,R35,TXD,N46,29,240431,G,0,0.93,0.90,5,U,-109,-1.25"
RX,969292,R35,TXA,N01,238,240627,G,0,0.93,0.9,5.0,F,-111.0,-4.0,True,,2026-07-13T13:36:38.123+00:00,/dev/cu.usbserial-58870137921,"RX,969292,R35,TXA,N01,238,240627,G,0,0.93,0.90,5,F,-111,-4.00"
RX,969741,R35,TXG,N91,28,241081,G,1,0.93,0.9,5.0,U,-110.0,-3.75,True,,2026-07-13T13:36:38.571+00:00,/dev/cu.usbserial-58870137921,"RX,969741,R35,TXG,N91,28,241081,G,1,0.93,0.90,5,U,-110,-3.75"
RX,970292,R35,TXA,N01,239,241627,H,1,0.32,0.3,5.0,F,-110.0,-4.75,True,,2026-07-13T13:36:39.123+00:00,/dev/cu.usbserial-58870137921,"RX,970292,R35,TXA,N01,239,241627,H,1,0.32,0.30,5,F,-110,-4.75"
RX,970437,R35,TXK,N151,120,241764,A,1,0.75,0.72,5.0,U,-111.0,-5.5,True,,2026-07-13T13:36:39.267+00:00,/dev/cu.usbserial-58870137921,"RX,970437,R35,TXK,N151,120,241764,A,1,0.75,0.72,5,U,-111,-5.50"
RX,970949,R35,TXJ,N136,28,242281,G,1,0.93,0.9,5.0,U,-111.0,-3.5,True,,2026-07-13T13:36:39.779+00:00,/dev/cu.usbserial-58870137921,"RX,970949,R35,TXJ,N136,28,242281,G,1,0.93,0.90,5,U,-111,-3.50"
RX,971048,R35,TXC,N31,58,242385,E,1,0.87,0.84,5.0,U,-108.0,0.5,True,,2026-07-13T13:36:39.879+00:00,/dev/cu.usbserial-58870137921,"RX,971048,R35,TXC,N31,58,242385,E,1,0.87,0.84,5,U,-108,0.50"
RX,971292,R35,TXA,N01,240,242627,A,1,0.75,0.72,5.0,F,-111.0,-3.75,True,,2026-07-13T13:36:40.123+00:00,/dev/cu.usbserial-58870137921,"RX,971292,R35,TXA,N01,240,242627,A,1,0.75,0.72,5,F,-111,-3.75"
RX,972149,R35,TXI,N121,58,243482,E,1,0.87,0.84,5.0,U,-112.0,-9.0,True,,2026-07-13T13:36:40.980+00:00,/dev/cu.usbserial-58870137921,"RX,972149,R35,TXI,N121,58,243482,E,1,0.87,0.84,5,U,-112,-9.00"
RX,972292,R35,TXA,N01,241,243627,B,0,0.2,0.18,5.0,F,-110.0,-3.75,True,,2026-07-13T13:36:41.123+00:00,/dev/cu.usbserial-58870137921,"RX,972292,R35,TXA,N01,241,243627,B,0,0.20,0.18,5,F,-110,-3.75"
RX,972436,R35,TXK,N151,121,243764,C,1,0.81,0.78,5.0,U,-111.0,-6.5,True,,2026-07-13T13:36:41.267+00:00,/dev/cu.usbserial-58870137921,"RX,972436,R35,TXK,N151,121,243764,C,1,0.81,0.78,5,U,-111,-6.50"
RX,973048,R35,TXC,N31,59,244385,G,0,0.93,0.9,5.0,U,-109.0,0.5,True,,2026-07-13T13:36:41.879+00:00,/dev/cu.usbserial-58870137921,"RX,973048,R35,TXC,N31,59,244385,G,0,0.93,0.90,5,U,-109,0.50"
RX,973292,R35,TXA,N01,242,244627,C,1,0.81,0.78,5.0,F,-111.0,-5.0,True,,2026-07-13T13:36:42.123+00:00,/dev/cu.usbserial-58870137921,"RX,973292,R35,TXA,N01,242,244627,C,1,0.81,0.78,5,F,-111,-5.00"
RX,974292,R35,TXA,N01,243,245627,D,1,0.24,0.22,5.0,F,-111.0,-5.75,True,,2026-07-13T13:36:43.123+00:00,/dev/cu.usbserial-58870137921,"RX,974292,R35,TXA,N01,243,245627,D,1,0.24,0.22,5,F,-111,-5.75"
RX,974436,R35,TXK,N151,122,245764,E,0,0.87,0.84,5.0,U,-111.0,-5.75,True,,2026-07-13T13:36:43.267+00:00,/dev/cu.usbserial-58870137921,"RX,974436,R35,TXK,N151,122,245764,E,0,0.87,0.84,5,U,-111,-5.75"
RX,975292,R35,TXA,N01,244,246627,E,0,0.87,0.84,5.0,F,-111.0,-5.25,True,,2026-07-13T13:36:44.123+00:00,/dev/cu.usbserial-58870137921,"RX,975292,R35,TXA,N01,244,246627,E,0,0.87,0.84,5,F,-111,-5.25"
RX,976292,R35,TXA,N01,245,247627,F,1,0.28,0.26,5.0,F,-111.0,-4.75,True,,2026-07-13T13:36:45.123+00:00,/dev/cu.usbserial-58870137921,"RX,976292,R35,TXA,N01,245,247627,F,1,0.28,0.26,5,F,-111,-4.75"
RX,976436,R35,TXK,N151,123,247764,G,1,0.93,0.9,5.0,U,-111.0,-7.75,True,,2026-07-13T13:36:45.267+00:00,/dev/cu.usbserial-58870137921,"RX,976436,R35,TXK,N151,123,247764,G,1,0.93,0.90,5,U,-111,-7.75"
RX,976790,R35,TXF,N76,60,248131,E,0,0.87,0.84,5.0,U,-112.0,-7.5,True,,2026-07-13T13:36:45.621+00:00,/dev/cu.usbserial-58870137921,"RX,976790,R35,TXF,N76,60,248131,E,0,0.87,0.84,5,U,-112,-7.50"
RX,977095,R35,TXD,N46,30,248431,G,1,0.93,0.9,5.0,U,-109.0,-1.25,True,,2026-07-13T13:36:45.926+00:00,/dev/cu.usbserial-58870137921,"RX,977095,R35,TXD,N46,30,248431,G,1,0.93,0.90,5,U,-109,-1.25"
RX,977292,R35,TXA,N01,246,248627,G,1,0.93,0.9,5.0,F,-111.0,-3.75,True,,2026-07-13T13:36:46.123+00:00,/dev/cu.usbserial-58870137921,"RX,977292,R35,TXA,N01,246,248627,G,1,0.93,0.90,5,F,-111,-3.75"
RX,977740,R35,TXG,N91,29,249081,G,0,0.93,0.9,5.0,U,-111.0,-5.75,True,,2026-07-13T13:36:46.571+00:00,/dev/cu.usbserial-58870137921,"RX,977740,R35,TXG,N91,29,249081,G,0,0.93,0.90,5,U,-111,-5.75"
RX,978292,R35,TXA,N01,247,249627,H,0,0.32,0.3,5.0,F,-110.0,-4.5,True,,2026-07-13T13:36:47.123+00:00,/dev/cu.usbserial-58870137921,"RX,978292,R35,TXA,N01,247,249627,H,0,0.32,0.30,5,F,-110,-4.50"
RX,978436,R35,TXK,N151,124,249764,A,1,0.75,0.72,5.0,U,-111.0,-7.0,True,,2026-07-13T13:36:47.267+00:00,/dev/cu.usbserial-58870137921,"RX,978436,R35,TXK,N151,124,249764,A,1,0.75,0.72,5,U,-111,-7.00"
RX,978790,R35,TXF,N76,61,250131,G,1,0.93,0.9,5.0,U,-111.0,-7.25,True,,2026-07-13T13:36:47.621+00:00,/dev/cu.usbserial-58870137921,"RX,978790,R35,TXF,N76,61,250131,G,1,0.93,0.90,5,U,-111,-7.25"
RX,978949,R35,TXJ,N136,29,250281,G,0,0.93,0.9,5.0,U,-110.0,-3.0,True,,2026-07-13T13:36:47.779+00:00,/dev/cu.usbserial-58870137921,"RX,978949,R35,TXJ,N136,29,250281,G,0,0.93,0.90,5,U,-110,-3.00"
RX,979048,R35,TXC,N31,60,250385,E,0,0.87,0.84,5.0,U,-108.0,1.25,True,,2026-07-13T13:36:47.879+00:00,/dev/cu.usbserial-58870137921,"RX,979048,R35,TXC,N31,60,250385,E,0,0.87,0.84,5,U,-108,1.25"
RX,979292,R35,TXA,N01,248,250627,A,1,0.75,0.72,5.0,F,-111.0,-4.75,True,,2026-07-13T13:36:48.123+00:00,/dev/cu.usbserial-58870137921,"RX,979292,R35,TXA,N01,248,250627,A,1,0.75,0.72,5,F,-111,-4.75"
RX,980292,R35,TXA,N01,249,251627,B,1,0.2,0.18,5.0,F,-111.0,-5.25,True,,2026-07-13T13:36:49.123+00:00,/dev/cu.usbserial-58870137921,"RX,980292,R35,TXA,N01,249,251627,B,1,0.20,0.18,5,F,-111,-5.25"
RX,980436,R35,TXK,N151,125,251764,C,0,0.81,0.78,5.0,U,-111.0,-8.25,True,,2026-07-13T13:36:49.267+00:00,/dev/cu.usbserial-58870137921,"RX,980436,R35,TXK,N151,125,251764,C,0,0.81,0.78,5,U,-111,-8.25"
RX,981048,R35,TXC,N31,61,252385,G,1,0.93,0.9,5.0,U,-108.0,1.0,True,,2026-07-13T13:36:49.879+00:00,/dev/cu.usbserial-58870137921,"RX,981048,R35,TXC,N31,61,252385,G,1,0.93,0.90,5,U,-108,1.00"
RX,981292,R35,TXA,N01,250,252627,C,0,0.81,0.78,5.0,F,-110.0,-6.25,True,,2026-07-13T13:36:50.123+00:00,/dev/cu.usbserial-58870137921,"RX,981292,R35,TXA,N01,250,252627,C,0,0.81,0.78,5,F,-110,-6.25"
RX,982292,R35,TXA,N01,251,253627,D,1,0.24,0.22,5.0,F,-110.0,-5.5,True,,2026-07-13T13:36:51.123+00:00,/dev/cu.usbserial-58870137921,"RX,982292,R35,TXA,N01,251,253627,D,1,0.24,0.22,5,F,-110,-5.50"
RX,982436,R35,TXK,N151,126,253764,E,1,0.87,0.84,5.0,U,-111.0,-8.25,True,,2026-07-13T13:36:51.267+00:00,/dev/cu.usbserial-58870137921,"RX,982436,R35,TXK,N151,126,253764,E,1,0.87,0.84,5,U,-111,-8.25"
RX,983292,R35,TXA,N01,252,254627,E,1,0.87,0.84,5.0,F,-110.0,-3.75,True,,2026-07-13T13:36:52.123+00:00,/dev/cu.usbserial-58870137921,"RX,983292,R35,TXA,N01,252,254627,E,1,0.87,0.84,5,F,-110,-3.75"
RX,984292,R35,TXA,N01,253,255627,F,0,0.28,0.26,5.0,F,-110.0,-4.25,True,,2026-07-13T13:36:53.123+00:00,/dev/cu.usbserial-58870137921,"RX,984292,R35,TXA,N01,253,255627,F,0,0.28,0.26,5,F,-110,-4.25"
RX,984436,R35,TXK,N151,127,255764,G,1,0.93,0.9,5.0,U,-110.0,-9.0,True,,2026-07-13T13:36:53.267+00:00,/dev/cu.usbserial-58870137921,"RX,984436,R35,TXK,N151,127,255764,G,1,0.93,0.90,5,U,-110,-9.00"
RX,985095,R35,TXD,N46,31,256431,G,1,0.93,0.9,5.0,U,-109.0,-3.5,True,,2026-07-13T13:36:53.926+00:00,/dev/cu.usbserial-58870137921,"RX,985095,R35,TXD,N46,31,256431,G,1,0.93,0.90,5,U,-109,-3.50"
RX,985292,R35,TXA,N01,254,256627,G,1,0.93,0.9,5.0,F,-110.0,-5.25,True,,2026-07-13T13:36:54.123+00:00,/dev/cu.usbserial-58870137921,"RX,985292,R35,TXA,N01,254,256627,G,1,0.93,0.90,5,F,-110,-5.25"
RX,985740,R35,TXG,N91,30,257081,G,1,0.93,0.9,5.0,U,-110.0,-7.0,True,,2026-07-13T13:36:54.571+00:00,/dev/cu.usbserial-58870137921,"RX,985740,R35,TXG,N91,30,257081,G,1,0.93,0.90,5,U,-110,-7.00"
RX,986292,R35,TXA,N01,255,257627,H,1,0.32,0.3,5.0,F,-109.0,-5.5,True,,2026-07-13T13:36:55.123+00:00,/dev/cu.usbserial-58870137921,"RX,986292,R35,TXA,N01,255,257627,H,1,0.32,0.30,5,F,-109,-5.50"
RX,986436,R35,TXK,N151,128,257764,A,1,0.75,0.72,5.0,U,-110.0,-8.5,True,,2026-07-13T13:36:55.267+00:00,/dev/cu.usbserial-58870137921,"RX,986436,R35,TXK,N151,128,257764,A,1,0.75,0.72,5,U,-110,-8.50"
RX,986949,R35,TXJ,N136,30,258281,G,1,0.93,0.9,5.0,U,-109.0,-2.25,True,,2026-07-13T13:36:55.779+00:00,/dev/cu.usbserial-58870137921,"RX,986949,R35,TXJ,N136,30,258281,G,1,0.93,0.90,5,U,-109,-2.25"
RX,987048,R35,TXC,N31,62,258385,E,1,0.87,0.84,5.0,U,-107.0,0.0,True,,2026-07-13T13:36:55.879+00:00,/dev/cu.usbserial-58870137921,"RX,987048,R35,TXC,N31,62,258385,E,1,0.87,0.84,5,U,-107,0.00"
RX,987292,R35,TXA,N01,256,258627,A,1,0.75,0.72,5.0,F,-110.0,-5.75,True,,2026-07-13T13:36:56.123+00:00,/dev/cu.usbserial-58870137921,"RX,987292,R35,TXA,N01,256,258627,A,1,0.75,0.72,5,F,-110,-5.75"
RX,988292,R35,TXA,N01,257,259627,B,0,0.2,0.18,5.0,F,-110.0,-5.5,True,,2026-07-13T13:36:57.123+00:00,/dev/cu.usbserial-58870137921,"RX,988292,R35,TXA,N01,257,259627,B,0,0.20,0.18,5,F,-110,-5.50"
RX,988436,R35,TXK,N151,129,259764,C,1,0.81,0.78,5.0,U,-110.0,-8.75,True,,2026-07-13T13:36:57.267+00:00,/dev/cu.usbserial-58870137921,"RX,988436,R35,TXK,N151,129,259764,C,1,0.81,0.78,5,U,-110,-8.75"
RX,989048,R35,TXC,N31,63,260385,G,1,0.93,0.9,5.0,U,-107.0,1.0,True,,2026-07-13T13:36:57.879+00:00,/dev/cu.usbserial-58870137921,"RX,989048,R35,TXC,N31,63,260385,G,1,0.93,0.90,5,U,-107,1.00"
RX,989292,R35,TXA,N01,258,260627,C,1,0.81,0.78,5.0,F,-110.0,-6.0,True,,2026-07-13T13:36:58.123+00:00,/dev/cu.usbserial-58870137921,"RX,989292,R35,TXA,N01,258,260627,C,1,0.81,0.78,5,F,-110,-6.00"
RX,990043,R35,TXE,N61,126,261383,E,1,0.87,0.84,5.0,U,-110.0,-8.75,True,,2026-07-13T13:36:58.874+00:00,/dev/cu.usbserial-58870137921,"RX,990043,R35,TXE,N61,126,261383,E,1,0.87,0.84,5,U,-110,-8.75"
RX,990292,R35,TXA,N01,259,261627,D,1,0.24,0.22,5.0,F,-109.0,-5.0,True,,2026-07-13T13:36:59.123+00:00,/dev/cu.usbserial-58870137921,"RX,990292,R35,TXA,N01,259,261627,D,1,0.24,0.22,5,F,-109,-5.00"
RX,990436,R35,TXK,N151,130,261764,E,0,0.87,0.84,5.0,U,-110.0,-8.5,True,,2026-07-13T13:36:59.267+00:00,/dev/cu.usbserial-58870137921,"RX,990436,R35,TXK,N151,130,261764,E,0,0.87,0.84,5,U,-110,-8.50"
RX,991292,R35,TXA,N01,260,262627,E,0,0.87,0.84,5.0,F,-110.0,-5.0,True,,2026-07-13T13:37:00.123+00:00,/dev/cu.usbserial-58870137921,"RX,991292,R35,TXA,N01,260,262627,E,0,0.87,0.84,5,F,-110,-5.00"
RX,992292,R35,TXA,N01,261,263627,F,1,0.28,0.26,5.0,F,-109.0,-6.0,True,,2026-07-13T13:37:01.123+00:00,/dev/cu.usbserial-58870137921,"RX,992292,R35,TXA,N01,261,263627,F,1,0.28,0.26,5,F,-109,-6.00"
RX,993095,R35,TXD,N46,32,264431,G,1,0.93,0.9,5.0,U,-109.0,-3.5,True,,2026-07-13T13:37:01.926+00:00,/dev/cu.usbserial-58870137921,"RX,993095,R35,TXD,N46,32,264431,G,1,0.93,0.90,5,U,-109,-3.50"
RX,993292,R35,TXA,N01,262,264627,G,1,0.93,0.9,5.0,F,-110.0,-4.5,True,,2026-07-13T13:37:02.123+00:00,/dev/cu.usbserial-58870137921,"RX,993292,R35,TXA,N01,262,264627,G,1,0.93,0.90,5,F,-110,-4.50"
RX,993740,R35,TXG,N91,31,265081,G,1,0.93,0.9,5.0,U,-110.0,-3.75,True,,2026-07-13T13:37:02.571+00:00,/dev/cu.usbserial-58870137921,"RX,993740,R35,TXG,N91,31,265081,G,1,0.93,0.90,5,U,-110,-3.75"
RX,994292,R35,TXA,N01,263,265627,H,0,0.32,0.3,5.0,F,-110.0,-5.5,True,,2026-07-13T13:37:03.123+00:00,/dev/cu.usbserial-58870137921,"RX,994292,R35,TXA,N01,263,265627,H,0,0.32,0.30,5,F,-110,-5.50"
RX,994948,R35,TXJ,N136,31,266281,G,1,0.93,0.9,5.0,U,-109.0,-2.75,True,,2026-07-13T13:37:03.781+00:00,/dev/cu.usbserial-58870137921,"RX,994948,R35,TXJ,N136,31,266281,G,1,0.93,0.90,5,U,-109,-2.75"
RX,995048,R35,TXC,N31,64,266385,E,0,0.87,0.84,5.0,U,-107.0,1.5,True,,2026-07-13T13:37:03.879+00:00,/dev/cu.usbserial-58870137921,"RX,995048,R35,TXC,N31,64,266385,E,0,0.87,0.84,5,U,-107,1.50"
RX,995292,R35,TXA,N01,264,266627,A,1,0.75,0.72,5.0,F,-109.0,-4.5,True,,2026-07-13T13:37:04.123+00:00,/dev/cu.usbserial-58870137921,"RX,995292,R35,TXA,N01,264,266627,A,1,0.75,0.72,5,F,-109,-4.50"
RX,996292,R35,TXA,N01,265,267627,B,1,0.2,0.18,5.0,F,-108.0,-2.25,True,,2026-07-13T13:37:05.123+00:00,/dev/cu.usbserial-58870137921,"RX,996292,R35,TXA,N01,265,267627,B,1,0.20,0.18,5,F,-108,-2.25"
RX,996436,R35,TXK,N151,133,267764,C,0,0.81,0.78,5.0,U,-109.0,-8.5,True,,2026-07-13T13:37:05.267+00:00,/dev/cu.usbserial-58870137921,"RX,996436,R35,TXK,N151,133,267764,C,0,0.81,0.78,5,U,-109,-8.50"
RX,997048,R35,TXC,N31,65,268385,G,1,0.93,0.9,5.0,U,-105.0,2.75,True,,2026-07-13T13:37:05.879+00:00,/dev/cu.usbserial-58870137921,"RX,997048,R35,TXC,N31,65,268385,G,1,0.93,0.90,5,U,-105,2.75"
RX,997292,R35,TXA,N01,266,268627,C,0,0.81,0.78,5.0,F,-109.0,-7.75,True,,2026-07-13T13:37:06.123+00:00,/dev/cu.usbserial-58870137921,"RX,997292,R35,TXA,N01,266,268627,C,0,0.81,0.78,5,F,-109,-7.75"
RX,998292,R35,TXA,N01,267,269627,D,1,0.24,0.22,5.0,F,-108.0,-5.75,True,,2026-07-13T13:37:07.123+00:00,/dev/cu.usbserial-58870137921,"RX,998292,R35,TXA,N01,267,269627,D,1,0.24,0.22,5,F,-108,-5.75"
RX,998436,R35,TXK,N151,134,269764,E,1,0.87,0.84,5.0,U,-108.0,-5.75,True,,2026-07-13T13:37:07.267+00:00,/dev/cu.usbserial-58870137921,"RX,998436,R35,TXK,N151,134,269764,E,1,0.87,0.84,5,U,-108,-5.75"
RX,999292,R35,TXA,N01,268,270627,E,1,0.87,0.84,5.0,F,-109.0,-6.75,True,,2026-07-13T13:37:08.123+00:00,/dev/cu.usbserial-58870137921,"RX,999292,R35,TXA,N01,268,270627,E,1,0.87,0.84,5,F,-109,-6.75"
RX,1000292,R35,TXA,N01,269,271627,F,0,0.28,0.26,5.0,F,-108.0,-6.75,True,,2026-07-13T13:37:09.123+00:00,/dev/cu.usbserial-58870137921,"RX,1000292,R35,TXA,N01,269,271627,F,0,0.28,0.26,5,F,-108,-6.75"
RX,1000436,R35,TXK,N151,135,271764,G,1,0.93,0.9,5.0,U,-108.0,-6.75,True,,2026-07-13T13:37:09.267+00:00,/dev/cu.usbserial-58870137921,"RX,1000436,R35,TXK,N151,135,271764,G,1,0.93,0.90,5,U,-108,-6.75"
RX,1000583,R35,TXL,N166,17,271917,G,1,0.93,0.9,5.0,U,-108.0,-3.5,True,,2026-07-13T13:37:09.415+00:00,/dev/cu.usbserial-58870137921,"RX,1000583,R35,TXL,N166,17,271917,G,1,0.93,0.90,5,U,-108,-3.50"
RX,1001095,R35,TXD,N46,33,272431,G,1,0.93,0.9,5.0,U,-109.0,-4.0,True,,2026-07-13T13:37:09.926+00:00,/dev/cu.usbserial-58870137921,"RX,1001095,R35,TXD,N46,33,272431,G,1,0.93,0.90,5,U,-109,-4.00"
RX,1001292,R35,TXA,N01,270,272627,G,1,0.93,0.9,5.0,F,-109.0,-6.75,True,,2026-07-13T13:37:10.123+00:00,/dev/cu.usbserial-58870137921,"RX,1001292,R35,TXA,N01,270,272627,G,1,0.93,0.90,5,F,-109,-6.75"
RX,1001740,R35,TXG,N91,32,273081,G,1,0.93,0.9,5.0,U,-109.0,-6.25,True,,2026-07-13T13:37:10.571+00:00,/dev/cu.usbserial-58870137921,"RX,1001740,R35,TXG,N91,32,273081,G,1,0.93,0.90,5,U,-109,-6.25"
RX,1002292,R35,TXA,N01,271,273627,H,1,0.32,0.3,5.0,F,-108.0,-7.75,True,,2026-07-13T13:37:11.123+00:00,/dev/cu.usbserial-58870137921,"RX,1002292,R35,TXA,N01,271,273627,H,1,0.32,0.30,5,F,-108,-7.75"
RX,1002948,R35,TXJ,N136,32,274281,G,1,0.93,0.9,5.0,U,-108.0,-2.75,True,,2026-07-13T13:37:11.779+00:00,/dev/cu.usbserial-58870137921,"RX,1002948,R35,TXJ,N136,32,274281,G,1,0.93,0.90,5,U,-108,-2.75"
RX,1003047,R35,TXC,N31,66,274385,E,1,0.87,0.84,5.0,U,-105.0,1.25,True,,2026-07-13T13:37:11.879+00:00,/dev/cu.usbserial-58870137921,"RX,1003047,R35,TXC,N31,66,274385,E,1,0.87,0.84,5,U,-105,1.25"
RX,1003292,R35,TXA,N01,272,274627,A,0,0.75,0.72,5.0,F,-108.0,-5.75,True,,2026-07-13T13:37:12.123+00:00,/dev/cu.usbserial-58870137921,"RX,1003292,R35,TXA,N01,272,274627,A,0,0.75,0.72,5,F,-108,-5.75"
RX,1004292,R35,TXA,N01,273,275627,B,1,0.2,0.18,5.0,F,-109.0,-6.75,True,,2026-07-13T13:37:13.123+00:00,/dev/cu.usbserial-58870137921,"RX,1004292,R35,TXA,N01,273,275627,B,1,0.20,0.18,5,F,-109,-6.75"
RX,1005047,R35,TXC,N31,67,276385,G,1,0.93,0.9,5.0,U,-108.0,-1.75,True,,2026-07-13T13:37:13.879+00:00,/dev/cu.usbserial-58870137921,"RX,1005047,R35,TXC,N31,67,276385,G,1,0.93,0.90,5,U,-108,-1.75"
RX,1005292,R35,TXA,N01,274,276627,C,1,0.81,0.78,5.0,F,-110.0,-7.75,True,,2026-07-13T13:37:14.123+00:00,/dev/cu.usbserial-58870137921,"RX,1005292,R35,TXA,N01,274,276627,C,1,0.81,0.78,5,F,-110,-7.75"
RX,1006292,R35,TXA,N01,275,277627,D,0,0.24,0.22,5.0,F,-108.0,-7.25,True,,2026-07-13T13:37:15.123+00:00,/dev/cu.usbserial-58870137921,"RX,1006292,R35,TXA,N01,275,277627,D,0,0.24,0.22,5,F,-108,-7.25"
RX,1007292,R35,TXA,N01,276,278627,E,1,0.87,0.84,5.0,F,-108.0,-6.5,True,,2026-07-13T13:37:16.123+00:00,/dev/cu.usbserial-58870137921,"RX,1007292,R35,TXA,N01,276,278627,E,1,0.87,0.84,5,F,-108,-6.50"
RX,1008292,R35,TXA,N01,277,279627,F,1,0.28,0.26,5.0,F,-109.0,-8.25,True,,2026-07-13T13:37:17.122+00:00,/dev/cu.usbserial-58870137921,"RX,1008292,R35,TXA,N01,277,279627,F,1,0.28,0.26,5,F,-109,-8.25"
RX,1008436,R35,TXK,N151,139,279764,G,0,0.93,0.9,5.0,U,-109.0,-6.25,True,,2026-07-13T13:37:17.267+00:00,/dev/cu.usbserial-58870137921,"RX,1008436,R35,TXK,N151,139,279764,G,0,0.93,0.90,5,U,-109,-6.25"
RX,1008583,R35,TXL,N166,18,279917,G,0,0.93,0.9,5.0,U,-108.0,-4.0,True,,2026-07-13T13:37:17.414+00:00,/dev/cu.usbserial-58870137921,"RX,1008583,R35,TXL,N166,18,279917,G,0,0.93,0.90,5,U,-108,-4.00"
RX,1009095,R35,TXD,N46,34,280431,G,0,0.93,0.9,5.0,U,-109.0,-3.75,True,,2026-07-13T13:37:17.926+00:00,/dev/cu.usbserial-58870137921,"RX,1009095,R35,TXD,N46,34,280431,G,0,0.93,0.90,5,U,-109,-3.75"
RX,1009292,R35,TXA,N01,278,280627,G,0,0.93,0.9,5.0,F,-109.0,-8.0,True,,2026-07-13T13:37:18.123+00:00,/dev/cu.usbserial-58870137921,"RX,1009292,R35,TXA,N01,278,280627,G,0,0.93,0.90,5,F,-109,-8.00"
RX,1009740,R35,TXG,N91,33,281081,G,1,0.93,0.9,5.0,U,-109.0,-3.5,True,,2026-07-13T13:37:18.571+00:00,/dev/cu.usbserial-58870137921,"RX,1009740,R35,TXG,N91,33,281081,G,1,0.93,0.90,5,U,-109,-3.50"
RX,1010043,R35,TXE,N61,136,281383,A,0,0.75,0.72,5.0,U,-108.0,-3.5,True,,2026-07-13T13:37:18.874+00:00,/dev/cu.usbserial-58870137921,"RX,1010043,R35,TXE,N61,136,281383,A,0,0.75,0.72,5,U,-108,-3.50"
RX,1010292,R35,TXA,N01,279,281627,H,1,0.32,0.3,5.0,F,-109.0,-7.75,True,,2026-07-13T13:37:19.123+00:00,/dev/cu.usbserial-58870137921,"RX,1010292,R35,TXA,N01,279,281627,H,1,0.32,0.30,5,F,-109,-7.75"
RX,1010436,R35,TXK,N151,140,281764,A,1,0.75,0.72,5.0,U,-109.0,-6.25,True,,2026-07-13T13:37:19.267+00:00,/dev/cu.usbserial-58870137921,"RX,1010436,R35,TXK,N151,140,281764,A,1,0.75,0.72,5,U,-109,-6.25"
RX,1010948,R35,TXJ,N136,33,282281,G,1,0.93,0.9,5.0,U,-108.0,-5.0,True,,2026-07-13T13:37:19.779+00:00,/dev/cu.usbserial-58870137921,"RX,1010948,R35,TXJ,N136,33,282281,G,1,0.93,0.90,5,U,-108,-5.00"
RX,1011047,R35,TXC,N31,68,282385,E,1,0.87,0.84,5.0,U,-107.0,-1.0,True,,2026-07-13T13:37:19.878+00:00,/dev/cu.usbserial-58870137921,"RX,1011047,R35,TXC,N31,68,282385,E,1,0.87,0.84,5,U,-107,-1.00"
RX,1011292,R35,TXA,N01,280,282627,A,1,0.75,0.72,5.0,F,-110.0,-7.75,True,,2026-07-13T13:37:20.123+00:00,/dev/cu.usbserial-58870137921,"RX,1011292,R35,TXA,N01,280,282627,A,1,0.75,0.72,5,F,-110,-7.75"
RX,1013047,R35,TXC,N31,69,284385,G,0,0.93,0.9,5.0,U,-107.0,-0.75,True,,2026-07-13T13:37:21.878+00:00,/dev/cu.usbserial-58870137921,"RX,1013047,R35,TXC,N31,69,284385,G,0,0.93,0.90,5,U,-107,-0.75"
RX,1013292,R35,TXA,N01,282,284627,C,1,0.81,0.78,5.0,F,-108.0,-7.5,True,,2026-07-13T13:37:22.123+00:00,/dev/cu.usbserial-58870137921,"RX,1013292,R35,TXA,N01,282,284627,C,1,0.81,0.78,5,F,-108,-7.50"
RX,1014292,R35,TXA,N01,283,285627,D,1,0.24,0.22,5.0,F,-109.0,-8.5,True,,2026-07-13T13:37:23.123+00:00,/dev/cu.usbserial-58870137921,"RX,1014292,R35,TXA,N01,283,285627,D,1,0.24,0.22,5,F,-109,-8.50"
RX,1016292,R35,TXA,N01,285,287627,F,1,0.28,0.26,5.0,F,-109.0,-6.5,True,,2026-07-13T13:37:25.123+00:00,/dev/cu.usbserial-58870137921,"RX,1016292,R35,TXA,N01,285,287627,F,1,0.28,0.26,5,F,-109,-6.50"
RX,1016436,R35,TXK,N151,143,287764,G,1,0.93,0.9,5.0,U,-109.0,-8.25,True,,2026-07-13T13:37:25.267+00:00,/dev/cu.usbserial-58870137921,"RX,1016436,R35,TXK,N151,143,287764,G,1,0.93,0.90,5,U,-109,-8.25"
RX,1016583,R35,TXL,N166,19,287917,G,1,0.93,0.9,5.0,U,-108.0,-4.25,True,,2026-07-13T13:37:25.414+00:00,/dev/cu.usbserial-58870137921,"RX,1016583,R35,TXL,N166,19,287917,G,1,0.93,0.90,5,U,-108,-4.25"
RX,1017095,R35,TXD,N46,35,288431,G,1,0.93,0.9,5.0,U,-107.0,-2.5,True,,2026-07-13T13:37:25.926+00:00,/dev/cu.usbserial-58870137921,"RX,1017095,R35,TXD,N46,35,288431,G,1,0.93,0.90,5,U,-107,-2.50"
RX,1017292,R35,TXA,N01,286,288627,G,1,0.93,0.9,5.0,F,-109.0,-6.75,True,,2026-07-13T13:37:26.123+00:00,/dev/cu.usbserial-58870137921,"RX,1017292,R35,TXA,N01,286,288627,G,1,0.93,0.90,5,F,-109,-6.75"
RX,1017740,R35,TXG,N91,34,289081,G,0,0.93,0.9,5.0,U,-109.0,-8.75,True,,2026-07-13T13:37:26.571+00:00,/dev/cu.usbserial-58870137921,"RX,1017740,R35,TXG,N91,34,289081,G,0,0.93,0.90,5,U,-109,-8.75"
RX,1018436,R35,TXK,N151,144,289764,A,1,0.75,0.72,5.0,U,-108.0,-7.0,True,,2026-07-13T13:37:27.267+00:00,/dev/cu.usbserial-58870137921,"RX,1018436,R35,TXK,N151,144,289764,A,1,0.75,0.72,5,U,-108,-7.00"
RX,1018948,R35,TXJ,N136,34,290281,G,0,0.93,0.9,5.0,U,-108.0,-4.5,True,,2026-07-13T13:37:27.779+00:00,/dev/cu.usbserial-58870137921,"RX,1018948,R35,TXJ,N136,34,290281,G,0,0.93,0.90,5,U,-108,-4.50"
RX,1019047,R35,TXC,N31,70,290385,E,0,0.87,0.84,5.0,U,-107.0,-2.5,True,,2026-07-13T13:37:27.879+00:00,/dev/cu.usbserial-58870137921,"RX,1019047,R35,TXC,N31,70,290385,E,0,0.87,0.84,5,U,-107,-2.50"
RX,1019292,R35,TXA,N01,288,290627,A,1,0.75,0.72,5.0,F,-109.0,-6.0,True,,2026-07-13T13:37:28.123+00:00,/dev/cu.usbserial-58870137921,"RX,1019292,R35,TXA,N01,288,290627,A,1,0.75,0.72,5,F,-109,-6.00"
RX,1020292,R35,TXA,N01,289,291627,B,1,0.2,0.18,5.0,F,-109.0,-6.5,True,,2026-07-13T13:37:29.123+00:00,/dev/cu.usbserial-58870137921,"RX,1020292,R35,TXA,N01,289,291627,B,1,0.20,0.18,5,F,-109,-6.50"
RX,1020436,R35,TXK,N151,145,291764,C,0,0.81,0.78,5.0,U,-109.0,-7.0,True,,2026-07-13T13:37:29.267+00:00,/dev/cu.usbserial-58870137921,"RX,1020436,R35,TXK,N151,145,291764,C,0,0.81,0.78,5,U,-109,-7.00"
RX,1021047,R35,TXC,N31,71,292385,G,1,0.93,0.9,5.0,U,-107.0,-1.5,True,,2026-07-13T13:37:29.879+00:00,/dev/cu.usbserial-58870137921,"RX,1021047,R35,TXC,N31,71,292385,G,1,0.93,0.90,5,U,-107,-1.50"
RX,1022291,R35,TXA,N01,291,293627,D,1,0.24,0.22,5.0,F,-108.0,-7.25,True,,2026-07-13T13:37:31.123+00:00,/dev/cu.usbserial-58870137921,"RX,1022291,R35,TXA,N01,291,293627,D,1,0.24,0.22,5,F,-108,-7.25"
RX,1022436,R35,TXK,N151,146,293764,E,1,0.87,0.84,5.0,U,-108.0,-6.75,True,,2026-07-13T13:37:31.267+00:00,/dev/cu.usbserial-58870137921,"RX,1022436,R35,TXK,N151,146,293764,E,1,0.87,0.84,5,U,-108,-6.75"
RX,1023292,R35,TXA,N01,292,294627,E,1,0.87,0.84,5.0,F,-108.0,-6.5,True,,2026-07-13T13:37:32.123+00:00,/dev/cu.usbserial-58870137921,"RX,1023292,R35,TXA,N01,292,294627,E,1,0.87,0.84,5,F,-108,-6.50"
RX,1024436,R35,TXK,N151,147,295764,G,1,0.93,0.9,5.0,U,-109.0,-7.75,True,,2026-07-13T13:37:33.267+00:00,/dev/cu.usbserial-58870137921,"RX,1024436,R35,TXK,N151,147,295764,G,1,0.93,0.90,5,U,-109,-7.75"
RX,1025094,R35,TXD,N46,36,296431,G,1,0.93,0.9,5.0,U,-108.0,-2.75,True,,2026-07-13T13:37:33.925+00:00,/dev/cu.usbserial-58870137921,"RX,1025094,R35,TXD,N46,36,296431,G,1,0.93,0.90,5,U,-108,-2.75"
RX,1025292,R35,TXA,N01,294,296627,G,1,0.93,0.9,5.0,F,-109.0,-6.5,True,,2026-07-13T13:37:34.123+00:00,/dev/cu.usbserial-58870137921,"RX,1025292,R35,TXA,N01,294,296627,G,1,0.93,0.90,5,F,-109,-6.50"
RX,1025740,R35,TXG,N91,35,297081,G,1,0.93,0.9,5.0,U,-109.0,-7.0,True,,2026-07-13T13:37:34.571+00:00,/dev/cu.usbserial-58870137921,"RX,1025740,R35,TXG,N91,35,297081,G,1,0.93,0.90,5,U,-109,-7.00"
RX,1026292,R35,TXA,N01,295,297627,H,1,0.32,0.3,5.0,F,-108.0,-6.75,True,,2026-07-13T13:37:35.122+00:00,/dev/cu.usbserial-58870137921,"RX,1026292,R35,TXA,N01,295,297627,H,1,0.32,0.30,5,F,-108,-6.75"
RX,1026436,R35,TXK,N151,148,297764,A,0,0.75,0.72,5.0,U,-109.0,-6.25,True,,2026-07-13T13:37:35.267+00:00,/dev/cu.usbserial-58870137921,"RX,1026436,R35,TXK,N151,148,297764,A,0,0.75,0.72,5,U,-109,-6.25"
RX,1026948,R35,TXJ,N136,35,298281,G,1,0.93,0.9,5.0,U,-108.0,-5.0,True,,2026-07-13T13:37:35.779+00:00,/dev/cu.usbserial-58870137921,"RX,1026948,R35,TXJ,N136,35,298281,G,1,0.93,0.90,5,U,-108,-5.00"
RX,1027047,R35,TXC,N31,72,298385,E,1,0.87,0.84,5.0,U,-107.0,-0.5,True,,2026-07-13T13:37:35.878+00:00,/dev/cu.usbserial-58870137921,"RX,1027047,R35,TXC,N31,72,298385,E,1,0.87,0.84,5,U,-107,-0.50"
RX,1027292,R35,TXA,N01,296,298627,A,0,0.75,0.72,5.0,F,-109.0,-6.25,True,,2026-07-13T13:37:36.123+00:00,/dev/cu.usbserial-58870137921,"RX,1027292,R35,TXA,N01,296,298627,A,0,0.75,0.72,5,F,-109,-6.25"
RX,1028292,R35,TXA,N01,297,299627,B,1,0.2,0.18,5.0,F,-108.0,-7.0,True,,2026-07-13T13:37:37.123+00:00,/dev/cu.usbserial-58870137921,"RX,1028292,R35,TXA,N01,297,299627,B,1,0.20,0.18,5,F,-108,-7.00"
RX,1028436,R35,TXK,N151,149,299764,C,1,0.81,0.78,5.0,U,-107.0,-8.0,True,,2026-07-13T13:37:37.267+00:00,/dev/cu.usbserial-58870137921,"RX,1028436,R35,TXK,N151,149,299764,C,1,0.81,0.78,5,U,-107,-8.00"
RX,1029047,R35,TXC,N31,73,300385,G,1,0.93,0.9,5.0,U,-108.0,-2.0,True,,2026-07-13T13:37:37.878+00:00,/dev/cu.usbserial-58870137921,"RX,1029047,R35,TXC,N31,73,300385,G,1,0.93,0.90,5,U,-108,-2.00"
RX,1029291,R35,TXA,N01,298,300627,C,1,0.81,0.78,5.0,F,-110.0,-7.0,True,,2026-07-13T13:37:38.123+00:00,/dev/cu.usbserial-58870137921,"RX,1029291,R35,TXA,N01,298,300627,C,1,0.81,0.78,5,F,-110,-7.00"
RX,1030292,R35,TXA,N01,299,301627,D,0,0.24,0.22,5.0,F,-109.0,-6.25,True,,2026-07-13T13:37:39.124+00:00,/dev/cu.usbserial-58870137921,"RX,1030292,R35,TXA,N01,299,301627,D,0,0.24,0.22,5,F,-109,-6.25"
RX,1030436,R35,TXK,N151,150,301764,E,1,0.87,0.84,5.0,U,-109.0,-8.5,True,,2026-07-13T13:37:39.267+00:00,/dev/cu.usbserial-58870137921,"RX,1030436,R35,TXK,N151,150,301764,E,1,0.87,0.84,5,U,-109,-8.50"
RX,1031291,R35,TXA,N01,300,302627,E,1,0.87,0.84,5.0,F,-108.0,-3.25,True,,2026-07-13T13:37:40.123+00:00,/dev/cu.usbserial-58870137921,"RX,1031291,R35,TXA,N01,300,302627,E,1,0.87,0.84,5,F,-108,-3.25"
RX,1032292,R35,TXA,N01,301,303627,F,1,0.28,0.26,5.0,F,-109.0,-7.0,True,,2026-07-13T13:37:41.123+00:00,/dev/cu.usbserial-58870137921,"RX,1032292,R35,TXA,N01,301,303627,F,1,0.28,0.26,5,F,-109,-7.00"
RX,1033094,R35,TXD,N46,37,304431,G,0,0.93,0.9,5.0,U,-108.0,-1.75,True,,2026-07-13T13:37:41.926+00:00,/dev/cu.usbserial-58870137921,"RX,1033094,R35,TXD,N46,37,304431,G,0,0.93,0.90,5,U,-108,-1.75"
RX,1033292,R35,TXA,N01,302,304627,G,0,0.93,0.9,5.0,F,-109.0,-5.5,True,,2026-07-13T13:37:42.123+00:00,/dev/cu.usbserial-58870137921,"RX,1033292,R35,TXA,N01,302,304627,G,0,0.93,0.90,5,F,-109,-5.50"
RX,1033740,R35,TXG,N91,36,305081,G,1,0.93,0.9,5.0,U,-109.0,-8.25,True,,2026-07-13T13:37:42.571+00:00,/dev/cu.usbserial-58870137921,"RX,1033740,R35,TXG,N91,36,305081,G,1,0.93,0.90,5,U,-109,-8.25"
RX,1034292,R35,TXA,N01,303,305627,H,1,0.32,0.3,5.0,F,-108.0,-6.75,True,,2026-07-13T13:37:43.123+00:00,/dev/cu.usbserial-58870137921,"RX,1034292,R35,TXA,N01,303,305627,H,1,0.32,0.30,5,F,-108,-6.75"
RX,1034948,R35,TXJ,N136,36,306281,G,1,0.93,0.9,5.0,U,-109.0,-4.25,True,,2026-07-13T13:37:43.779+00:00,/dev/cu.usbserial-58870137921,"RX,1034948,R35,TXJ,N136,36,306281,G,1,0.93,0.90,5,U,-109,-4.25"
RX,1035047,R35,TXC,N31,74,306385,E,1,0.87,0.84,5.0,U,-108.0,-2.0,True,,2026-07-13T13:37:43.878+00:00,/dev/cu.usbserial-58870137921,"RX,1035047,R35,TXC,N31,74,306385,E,1,0.87,0.84,5,U,-108,-2.00"
RX,1035291,R35,TXA,N01,304,306627,A,1,0.75,0.72,5.0,F,-109.0,-5.75,True,,2026-07-13T13:37:44.123+00:00,/dev/cu.usbserial-58870137921,"RX,1035291,R35,TXA,N01,304,306627,A,1,0.75,0.72,5,F,-109,-5.75"
RX,1036148,R35,TXI,N121,74,307482,E,1,0.87,0.84,5.0,U,-109.0,-8.25,True,,2026-07-13T13:37:44.980+00:00,/dev/cu.usbserial-58870137921,"RX,1036148,R35,TXI,N121,74,307482,E,1,0.87,0.84,5,U,-109,-8.25"
RX,1036291,R35,TXA,N01,305,307627,B,0,0.2,0.18,5.0,F,-109.0,-4.0,True,,2026-07-13T13:37:45.123+00:00,/dev/cu.usbserial-58870137921,"RX,1036291,R35,TXA,N01,305,307627,B,0,0.20,0.18,5,F,-109,-4.00"
RX,1036436,R35,TXK,N151,153,307764,C,1,0.81,0.78,5.0,U,-110.0,-8.0,True,,2026-07-13T13:37:45.267+00:00,/dev/cu.usbserial-58870137921,"RX,1036436,R35,TXK,N151,153,307764,C,1,0.81,0.78,5,U,-110,-8.00"
RX,1037047,R35,TXC,N31,75,308385,G,0,0.93,0.9,5.0,U,-107.0,0.75,True,,2026-07-13T13:37:45.878+00:00,/dev/cu.usbserial-58870137921,"RX,1037047,R35,TXC,N31,75,308385,G,0,0.93,0.90,5,U,-107,0.75"
RX,1037291,R35,TXA,N01,306,308627,C,1,0.81,0.78,5.0,F,-108.0,-4.25,True,,2026-07-13T13:37:46.123+00:00,/dev/cu.usbserial-58870137921,"RX,1037291,R35,TXA,N01,306,308627,C,1,0.81,0.78,5,F,-108,-4.25"
RX,1038043,R35,TXE,N61,150,309383,E,1,0.87,0.84,5.0,U,-109.0,-8.5,True,,2026-07-13T13:37:46.874+00:00,/dev/cu.usbserial-58870137921,"RX,1038043,R35,TXE,N61,150,309383,E,1,0.87,0.84,5,U,-109,-8.50"
RX,1038148,R35,TXI,N121,75,309482,G,0,0.93,0.9,5.0,U,-109.0,-8.25,True,,2026-07-13T13:37:46.980+00:00,/dev/cu.usbserial-58870137921,"RX,1038148,R35,TXI,N121,75,309482,G,0,0.93,0.90,5,U,-109,-8.25"
RX,1038291,R35,TXA,N01,307,309627,D,1,0.24,0.22,5.0,F,-108.0,-4.0,True,,2026-07-13T13:37:47.123+00:00,/dev/cu.usbserial-58870137921,"RX,1038291,R35,TXA,N01,307,309627,D,1,0.24,0.22,5,F,-108,-4.00"
RX,1039291,R35,TXA,N01,308,310627,E,0,0.87,0.84,5.0,F,-108.0,-5.75,True,,2026-07-13T13:37:48.122+00:00,/dev/cu.usbserial-58870137921,"RX,1039291,R35,TXA,N01,308,310627,E,0,0.87,0.84,5,F,-108,-5.75"
RX,1040291,R35,TXA,N01,309,311627,F,1,0.28,0.26,5.0,F,-110.0,-7.75,True,,2026-07-13T13:37:49.123+00:00,/dev/cu.usbserial-58870137921,"RX,1040291,R35,TXA,N01,309,311627,F,1,0.28,0.26,5,F,-110,-7.75"
RX,1040436,R35,TXK,N151,155,311764,G,1,0.93,0.9,5.0,U,-109.0,-5.0,True,,2026-07-13T13:37:49.267+00:00,/dev/cu.usbserial-58870137921,"RX,1040436,R35,TXK,N151,155,311764,G,1,0.93,0.90,5,U,-109,-5.00"
RX,1041094,R35,TXD,N46,38,312431,G,1,0.93,0.9,5.0,U,-110.0,-6.5,True,,2026-07-13T13:37:49.926+00:00,/dev/cu.usbserial-58870137921,"RX,1041094,R35,TXD,N46,38,312431,G,1,0.93,0.90,5,U,-110,-6.50"
RX,1041291,R35,TXA,N01,310,312627,G,1,0.93,0.9,5.0,F,-109.0,-6.0,True,,2026-07-13T13:37:50.123+00:00,/dev/cu.usbserial-58870137921,"RX,1041291,R35,TXA,N01,310,312627,G,1,0.93,0.90,5,F,-109,-6.00"
RX,1041740,R35,TXG,N91,37,313081,G,0,0.93,0.9,5.0,U,-109.0,-4.5,True,,2026-07-13T13:37:50.571+00:00,/dev/cu.usbserial-58870137921,"RX,1041740,R35,TXG,N91,37,313081,G,0,0.93,0.90,5,U,-109,-4.50"
RX,1042291,R35,TXA,N01,311,313627,H,0,0.32,0.3,5.0,F,-110.0,-7.5,True,,2026-07-13T13:37:51.123+00:00,/dev/cu.usbserial-58870137921,"RX,1042291,R35,TXA,N01,311,313627,H,0,0.32,0.30,5,F,-110,-7.50"
RX,1042948,R35,TXJ,N136,37,314281,G,0,0.93,0.9,5.0,U,-109.0,-4.5,True,,2026-07-13T13:37:51.779+00:00,/dev/cu.usbserial-58870137921,"RX,1042948,R35,TXJ,N136,37,314281,G,0,0.93,0.90,5,U,-109,-4.50"
RX,1043047,R35,TXC,N31,76,314385,E,0,0.87,0.84,5.0,U,-108.0,0.0,True,,2026-07-13T13:37:51.878+00:00,/dev/cu.usbserial-58870137921,"RX,1043047,R35,TXC,N31,76,314385,E,0,0.87,0.84,5,U,-108,0.00"
RX,1043291,R35,TXA,N01,312,314627,A,1,0.75,0.72,5.0,F,-110.0,-6.5,True,,2026-07-13T13:37:52.123+00:00,/dev/cu.usbserial-58870137921,"RX,1043291,R35,TXA,N01,312,314627,A,1,0.75,0.72,5,F,-110,-6.50"
RX,1044291,R35,TXA,N01,313,315627,B,1,0.2,0.18,5.0,F,-110.0,-3.5,True,,2026-07-13T13:37:53.123+00:00,/dev/cu.usbserial-58870137921,"RX,1044291,R35,TXA,N01,313,315627,B,1,0.20,0.18,5,F,-110,-3.50"
RX,1044436,R35,TXK,N151,157,315764,C,0,0.81,0.78,5.0,U,-109.0,-8.0,True,,2026-07-13T13:37:53.267+00:00,/dev/cu.usbserial-58870137921,"RX,1044436,R35,TXK,N151,157,315764,C,0,0.81,0.78,5,U,-109,-8.00"
RX,1045047,R35,TXC,N31,77,316385,G,1,0.93,0.9,5.0,U,-107.0,1.0,True,,2026-07-13T13:37:53.878+00:00,/dev/cu.usbserial-58870137921,"RX,1045047,R35,TXC,N31,77,316385,G,1,0.93,0.90,5,U,-107,1.00"
RX,1045291,R35,TXA,N01,314,316627,C,0,0.81,0.78,5.0,F,-109.0,-3.75,True,,2026-07-13T13:37:54.123+00:00,/dev/cu.usbserial-58870137921,"RX,1045291,R35,TXA,N01,314,316627,C,0,0.81,0.78,5,F,-109,-3.75"
RX,1046291,R35,TXA,N01,315,317627,D,1,0.24,0.22,5.0,F,-109.0,-5.5,True,,2026-07-13T13:37:55.123+00:00,/dev/cu.usbserial-58870137921,"RX,1046291,R35,TXA,N01,315,317627,D,1,0.24,0.22,5,F,-109,-5.50"
RX,1047291,R35,TXA,N01,316,318627,E,1,0.87,0.84,5.0,F,-109.0,-4.0,True,,2026-07-13T13:37:56.123+00:00,/dev/cu.usbserial-58870137921,"RX,1047291,R35,TXA,N01,316,318627,E,1,0.87,0.84,5,F,-109,-4.00"
RX,1048291,R35,TXA,N01,317,319627,F,0,0.28,0.26,5.0,F,-109.0,-4.25,True,,2026-07-13T13:37:57.123+00:00,/dev/cu.usbserial-58870137921,"RX,1048291,R35,TXA,N01,317,319627,F,0,0.28,0.26,5,F,-109,-4.25"
RX,1049094,R35,TXD,N46,39,320431,G,1,0.93,0.9,5.0,U,-109.0,-2.75,True,,2026-07-13T13:37:57.926+00:00,/dev/cu.usbserial-58870137921,"RX,1049094,R35,TXD,N46,39,320431,G,1,0.93,0.90,5,U,-109,-2.75"
RX,1049291,R35,TXA,N01,318,320627,G,1,0.93,0.9,5.0,F,-108.0,-2.25,True,,2026-07-13T13:37:58.123+00:00,/dev/cu.usbserial-58870137921,"RX,1049291,R35,TXA,N01,318,320627,G,1,0.93,0.90,5,F,-108,-2.25"
RX,1049740,R35,TXG,N91,38,321081,G,1,0.93,0.9,5.0,U,-109.0,-4.5,True,,2026-07-13T13:37:58.571+00:00,/dev/cu.usbserial-58870137921,"RX,1049740,R35,TXG,N91,38,321081,G,1,0.93,0.90,5,U,-109,-4.50"
RX,1050042,R35,TXE,N61,156,321383,A,1,0.75,0.72,5.0,U,-110.0,-7.0,True,,2026-07-13T13:37:58.874+00:00,/dev/cu.usbserial-58870137921,"RX,1050042,R35,TXE,N61,156,321383,A,1,0.75,0.72,5,U,-110,-7.00"
RX,1050291,R35,TXA,N01,319,321627,H,1,0.32,0.3,5.0,F,-108.0,-2.5,True,,2026-07-13T13:37:59.123+00:00,/dev/cu.usbserial-58870137921,"RX,1050291,R35,TXA,N01,319,321627,H,1,0.32,0.30,5,F,-108,-2.50"
RX,1050789,R35,TXF,N76,79,322131,G,1,0.93,0.9,5.0,U,-110.0,-7.75,True,,2026-07-13T13:37:59.621+00:00,/dev/cu.usbserial-58870137921,"RX,1050789,R35,TXF,N76,79,322131,G,1,0.93,0.90,5,U,-110,-7.75"
RX,1050948,R35,TXJ,N136,38,322281,G,1,0.93,0.9,5.0,U,-108.0,-2.75,True,,2026-07-13T13:37:59.779+00:00,/dev/cu.usbserial-58870137921,"RX,1050948,R35,TXJ,N136,38,322281,G,1,0.93,0.90,5,U,-108,-2.75"
RX,1051047,R35,TXC,N31,78,322385,E,1,0.87,0.84,5.0,U,-107.0,2.0,True,,2026-07-13T13:37:59.878+00:00,/dev/cu.usbserial-58870137921,"RX,1051047,R35,TXC,N31,78,322385,E,1,0.87,0.84,5,U,-107,2.00"
RX,1051291,R35,TXA,N01,320,322627,A,1,0.75,0.72,5.0,F,-109.0,-2.75,True,,2026-07-13T13:38:00.123+00:00,/dev/cu.usbserial-58870137921,"RX,1051291,R35,TXA,N01,320,322627,A,1,0.75,0.72,5,F,-109,-2.75"
RX,1052043,R35,TXE,N61,157,323383,C,0,0.81,0.78,5.0,U,-110.0,-7.5,True,,2026-07-13T13:38:00.874+00:00,/dev/cu.usbserial-58870137921,"RX,1052043,R35,TXE,N61,157,323383,C,0,0.81,0.78,5,U,-110,-7.50"
RX,1052148,R35,TXI,N121,78,323482,E,1,0.87,0.84,5.0,U,-110.0,-7.75,True,,2026-07-13T13:38:00.980+00:00,/dev/cu.usbserial-58870137921,"RX,1052148,R35,TXI,N121,78,323482,E,1,0.87,0.84,5,U,-110,-7.75"
RX,1052291,R35,TXA,N01,321,323627,B,0,0.2,0.18,5.0,F,-108.0,-2.5,True,,2026-07-13T13:38:01.123+00:00,/dev/cu.usbserial-58870137921,"RX,1052291,R35,TXA,N01,321,323627,B,0,0.20,0.18,5,F,-108,-2.50"
RX,1053047,R35,TXC,N31,79,324385,G,1,0.93,0.9,5.0,U,-107.0,1.5,True,,2026-07-13T13:38:01.878+00:00,/dev/cu.usbserial-58870137921,"RX,1053047,R35,TXC,N31,79,324385,G,1,0.93,0.90,5,U,-107,1.50"
RX,1053291,R35,TXA,N01,322,324627,C,1,0.81,0.78,5.0,F,-109.0,-3.25,True,,2026-07-13T13:38:02.123+00:00,/dev/cu.usbserial-58870137921,"RX,1053291,R35,TXA,N01,322,324627,C,1,0.81,0.78,5,F,-109,-3.25"
RX,1054042,R35,TXE,N61,158,325383,E,1,0.87,0.84,5.0,U,-111.0,-7.5,True,,2026-07-13T13:38:02.874+00:00,/dev/cu.usbserial-58870137921,"RX,1054042,R35,TXE,N61,158,325383,E,1,0.87,0.84,5,U,-111,-7.50"
RX,1054148,R35,TXI,N121,79,325482,G,1,0.93,0.9,5.0,U,-111.0,-6.75,True,,2026-07-13T13:38:02.980+00:00,/dev/cu.usbserial-58870137921,"RX,1054148,R35,TXI,N121,79,325482,G,1,0.93,0.90,5,U,-111,-6.75"
RX,1054291,R35,TXA,N01,323,325627,D,1,0.24,0.22,5.0,F,-108.0,-2.75,True,,2026-07-13T13:38:03.123+00:00,/dev/cu.usbserial-58870137921,"RX,1054291,R35,TXA,N01,323,325627,D,1,0.24,0.22,5,F,-108,-2.75"
RX,1055291,R35,TXA,N01,324,326627,E,0,0.87,0.84,5.0,F,-109.0,-2.5,True,,2026-07-13T13:38:04.122+00:00,/dev/cu.usbserial-58870137921,"RX,1055291,R35,TXA,N01,324,326627,E,0,0.87,0.84,5,F,-109,-2.50"
RX,1056043,R35,TXE,N61,159,327383,G,1,0.93,0.9,5.0,U,-110.0,-6.5,True,,2026-07-13T13:38:04.874+00:00,/dev/cu.usbserial-58870137921,"RX,1056043,R35,TXE,N61,159,327383,G,1,0.93,0.90,5,U,-110,-6.50"
RX,1056291,R35,TXA,N01,325,327627,F,1,0.28,0.26,5.0,F,-108.0,-2.0,True,,2026-07-13T13:38:05.123+00:00,/dev/cu.usbserial-58870137921,"RX,1056291,R35,TXA,N01,325,327627,F,1,0.28,0.26,5,F,-108,-2.00"
RX,1056402,R35,TXH,N106,20,327743,G,1,0.93,0.9,5.0,U,-108.0,-1.25,True,,2026-07-13T13:38:05.233+00:00,/dev/cu.usbserial-58870137921,"RX,1056402,R35,TXH,N106,20,327743,G,1,0.93,0.90,5,U,-108,-1.25"
RX,1056583,R35,TXL,N166,20,327917,G,1,0.93,0.9,5.0,U,-108.0,-1.5,True,,2026-07-13T13:38:05.414+00:00,/dev/cu.usbserial-58870137921,"RX,1056583,R35,TXL,N166,20,327917,G,1,0.93,0.90,5,U,-108,-1.50"
RX,1056789,R35,TXF,N76,80,328131,E,0,0.87,0.84,5.0,U,-109.0,-7.25,True,,2026-07-13T13:38:05.620+00:00,/dev/cu.usbserial-58870137921,"RX,1056789,R35,TXF,N76,80,328131,E,0,0.87,0.84,5,U,-109,-7.25"
RX,1057094,R35,TXD,N46,40,328431,G,1,0.93,0.9,5.0,U,-109.0,-2.75,True,,2026-07-13T13:38:05.926+00:00,/dev/cu.usbserial-58870137921,"RX,1057094,R35,TXD,N46,40,328431,G,1,0.93,0.90,5,U,-109,-2.75"
RX,1057291,R35,TXA,N01,326,328627,G,1,0.93,0.9,5.0,F,-109.0,-2.0,True,,2026-07-13T13:38:06.123+00:00,/dev/cu.usbserial-58870137921,"RX,1057291,R35,TXA,N01,326,328627,G,1,0.93,0.90,5,F,-109,-2.00"
RX,1057740,R35,TXG,N91,39,329081,G,1,0.93,0.9,5.0,U,-109.0,-4.5,True,,2026-07-13T13:38:06.571+00:00,/dev/cu.usbserial-58870137921,"RX,1057740,R35,TXG,N91,39,329081,G,1,0.93,0.90,5,U,-109,-4.50"
RX,1058042,R35,TXE,N61,160,329383,A,1,0.75,0.72,5.0,U,-110.0,-7.5,True,,2026-07-13T13:38:06.873+00:00,/dev/cu.usbserial-58870137921,"RX,1058042,R35,TXE,N61,160,329383,A,1,0.75,0.72,5,U,-110,-7.50"
RX,1058291,R35,TXA,N01,327,329627,H,0,0.32,0.3,5.0,F,-109.0,-3.25,True,,2026-07-13T13:38:07.123+00:00,/dev/cu.usbserial-58870137921,"RX,1058291,R35,TXA,N01,327,329627,H,0,0.32,0.30,5,F,-109,-3.25"
RX,1058789,R35,TXF,N76,81,330131,G,1,0.93,0.9,5.0,U,-110.0,-7.25,True,,2026-07-13T13:38:07.620+00:00,/dev/cu.usbserial-58870137921,"RX,1058789,R35,TXF,N76,81,330131,G,1,0.93,0.90,5,U,-110,-7.25"
RX,1058948,R35,TXJ,N136,39,330281,G,1,0.93,0.9,5.0,U,-109.0,-3.0,True,,2026-07-13T13:38:07.779+00:00,/dev/cu.usbserial-58870137921,"RX,1058948,R35,TXJ,N136,39,330281,G,1,0.93,0.90,5,U,-109,-3.00"
RX,1059047,R35,TXC,N31,80,330385,E,0,0.87,0.84,5.0,U,-107.0,0.5,True,,2026-07-13T13:38:07.878+00:00,/dev/cu.usbserial-58870137921,"RX,1059047,R35,TXC,N31,80,330385,E,0,0.87,0.84,5,U,-107,0.50"
RX,1059291,R35,TXA,N01,328,330627,A,1,0.75,0.72,5.0,F,-109.0,-2.0,True,,2026-07-13T13:38:08.123+00:00,/dev/cu.usbserial-58870137921,"RX,1059291,R35,TXA,N01,328,330627,A,1,0.75,0.72,5,F,-109,-2.00"
RX,1060148,R35,TXI,N121,80,331482,E,0,0.87,0.84,5.0,U,-110.0,-9.5,True,,2026-07-13T13:38:08.979+00:00,/dev/cu.usbserial-58870137921,"RX,1060148,R35,TXI,N121,80,331482,E,0,0.87,0.84,5,U,-110,-9.50"
RX,1060291,R35,TXA,N01,329,331627,B,1,0.2,0.18,5.0,F,-108.0,-2.0,True,,2026-07-13T13:38:09.124+00:00,/dev/cu.usbserial-58870137921,"RX,1060291,R35,TXA,N01,329,331627,B,1,0.20,0.18,5,F,-108,-2.00"
RX,1061047,R35,TXC,N31,81,332385,G,1,0.93,0.9,5.0,U,-107.0,0.25,True,,2026-07-13T13:38:09.878+00:00,/dev/cu.usbserial-58870137921,"RX,1061047,R35,TXC,N31,81,332385,G,1,0.93,0.90,5,U,-107,0.25"
RX,1061291,R35,TXA,N01,330,332627,C,0,0.81,0.78,5.0,F,-109.0,-3.0,True,,2026-07-13T13:38:10.123+00:00,/dev/cu.usbserial-58870137921,"RX,1061291,R35,TXA,N01,330,332627,C,0,0.81,0.78,5,F,-109,-3.00"
RX,1062148,R35,TXI,N121,81,333482,G,1,0.93,0.9,5.0,U,-111.0,-8.5,True,,2026-07-13T13:38:10.980+00:00,/dev/cu.usbserial-58870137921,"RX,1062148,R35,TXI,N121,81,333482,G,1,0.93,0.90,5,U,-111,-8.50"
RX,1062291,R35,TXA,N01,331,333627,D,1,0.24,0.22,5.0,F,-108.0,-3.75,True,,2026-07-13T13:38:11.123+00:00,/dev/cu.usbserial-58870137921,"RX,1062291,R35,TXA,N01,331,333627,D,1,0.24,0.22,5,F,-108,-3.75"
RX,1062436,R35,TXK,N151,166,333764,E,1,0.87,0.84,5.0,U,-110.0,-8.75,True,,2026-07-13T13:38:11.267+00:00,/dev/cu.usbserial-58870137921,"RX,1062436,R35,TXK,N151,166,333764,E,1,0.87,0.84,5,U,-110,-8.75"
RX,1063291,R35,TXA,N01,332,334627,E,1,0.87,0.84,5.0,F,-108.0,-2.75,True,,2026-07-13T13:38:12.123+00:00,/dev/cu.usbserial-58870137921,"RX,1063291,R35,TXA,N01,332,334627,E,1,0.87,0.84,5,F,-108,-2.75"
RX,1064291,R35,TXA,N01,333,335627,F,0,0.28,0.26,5.0,F,-109.0,-3.0,True,,2026-07-13T13:38:13.123+00:00,/dev/cu.usbserial-58870137921,"RX,1064291,R35,TXA,N01,333,335627,F,0,0.28,0.26,5,F,-109,-3.00"
RX,1064401,R35,TXH,N106,21,335743,G,1,0.93,0.9,5.0,U,-109.0,-3.25,True,,2026-07-13T13:38:13.233+00:00,/dev/cu.usbserial-58870137921,"RX,1064401,R35,TXH,N106,21,335743,G,1,0.93,0.90,5,U,-109,-3.25"
RX,1064583,R35,TXL,N166,21,335917,G,1,0.93,0.9,5.0,U,-109.0,-3.0,True,,2026-07-13T13:38:13.414+00:00,/dev/cu.usbserial-58870137921,"RX,1064583,R35,TXL,N166,21,335917,G,1,0.93,0.90,5,U,-109,-3.00"
RX,1065094,R35,TXD,N46,41,336431,G,1,0.93,0.9,5.0,U,-109.0,-3.0,True,,2026-07-13T13:38:13.925+00:00,/dev/cu.usbserial-58870137921,"RX,1065094,R35,TXD,N46,41,336431,G,1,0.93,0.90,5,U,-109,-3.00"
RX,1065291,R35,TXA,N01,334,336627,G,1,0.93,0.9,5.0,F,-110.0,-4.75,True,,2026-07-13T13:38:14.123+00:00,/dev/cu.usbserial-58870137921,"RX,1065291,R35,TXA,N01,334,336627,G,1,0.93,0.90,5,F,-110,-4.75"
RX,1065740,R35,TXG,N91,40,337081,G,1,0.93,0.9,5.0,U,-110.0,-6.0,True,,2026-07-13T13:38:14.571+00:00,/dev/cu.usbserial-58870137921,"RX,1065740,R35,TXG,N91,40,337081,G,1,0.93,0.90,5,U,-110,-6.00"
RX,1066291,R35,TXA,N01,335,337627,H,1,0.32,0.3,5.0,F,-109.0,-3.5,True,,2026-07-13T13:38:15.123+00:00,/dev/cu.usbserial-58870137921,"RX,1066291,R35,TXA,N01,335,337627,H,1,0.32,0.30,5,F,-109,-3.50"
RX,1066789,R35,TXF,N76,83,338131,G,1,0.93,0.9,5.0,U,-110.0,-8.25,True,,2026-07-13T13:38:15.620+00:00,/dev/cu.usbserial-58870137921,"RX,1066789,R35,TXF,N76,83,338131,G,1,0.93,0.90,5,U,-110,-8.25"
RX,1066948,R35,TXJ,N136,40,338281,G,1,0.93,0.9,5.0,U,-108.0,-1.5,True,,2026-07-13T13:38:15.779+00:00,/dev/cu.usbserial-58870137921,"RX,1066948,R35,TXJ,N136,40,338281,G,1,0.93,0.90,5,U,-108,-1.50"
RX,1067047,R35,TXC,N31,82,338385,E,1,0.87,0.84,5.0,U,-107.0,1.0,True,,2026-07-13T13:38:15.878+00:00,/dev/cu.usbserial-58870137921,"RX,1067047,R35,TXC,N31,82,338385,E,1,0.87,0.84,5,U,-107,1.00"
RX,1067291,R35,TXA,N01,336,338627,A,0,0.75,0.72,5.0,F,-110.0,-6.5,True,,2026-07-13T13:38:16.123+00:00,/dev/cu.usbserial-58870137921,"RX,1067291,R35,TXA,N01,336,338627,A,0,0.75,0.72,5,F,-110,-6.50"
RX,1068291,R35,TXA,N01,337,339627,B,1,0.2,0.18,5.0,F,-109.0,-4.5,True,,2026-07-13T13:38:17.122+00:00,/dev/cu.usbserial-58870137921,"RX,1068291,R35,TXA,N01,337,339627,B,1,0.20,0.18,5,F,-109,-4.50"
RX,1069047,R35,TXC,N31,83,340385,G,1,0.93,0.9,5.0,U,-107.0,0.75,True,,2026-07-13T13:38:17.878+00:00,/dev/cu.usbserial-58870137921,"RX,1069047,R35,TXC,N31,83,340385,G,1,0.93,0.90,5,U,-107,0.75"
RX,1069291,R35,TXA,N01,338,340627,C,1,0.81,0.78,5.0,F,-109.0,-3.75,True,,2026-07-13T13:38:18.123+00:00,/dev/cu.usbserial-58870137921,"RX,1069291,R35,TXA,N01,338,340627,C,1,0.81,0.78,5,F,-109,-3.75"
RX,1070291,R35,TXA,N01,339,341627,D,0,0.24,0.22,5.0,F,-109.0,-4.5,True,,2026-07-13T13:38:19.122+00:00,/dev/cu.usbserial-58870137921,"RX,1070291,R35,TXA,N01,339,341627,D,0,0.24,0.22,5,F,-109,-4.50"
RX,1071291,R35,TXA,N01,340,342627,E,1,0.87,0.84,5.0,F,-110.0,-8.0,True,,2026-07-13T13:38:20.123+00:00,/dev/cu.usbserial-58870137921,"RX,1071291,R35,TXA,N01,340,342627,E,1,0.87,0.84,5,F,-110,-8.00"
RX,1072042,R35,TXE,N61,167,343383,G,1,0.93,0.9,5.0,U,-111.0,-5.5,True,,2026-07-13T13:38:20.874+00:00,/dev/cu.usbserial-58870137921,"RX,1072042,R35,TXE,N61,167,343383,G,1,0.93,0.90,5,U,-111,-5.50"
RX,1072291,R35,TXA,N01,341,343627,F,1,0.28,0.26,5.0,F,-110.0,-8.75,True,,2026-07-13T13:38:21.123+00:00,/dev/cu.usbserial-58870137921,"RX,1072291,R35,TXA,N01,341,343627,F,1,0.28,0.26,5,F,-110,-8.75"
RX,1072402,R35,TXH,N106,22,343743,G,0,0.93,0.9,5.0,U,-111.0,-7.5,True,,2026-07-13T13:38:21.233+00:00,/dev/cu.usbserial-58870137921,"RX,1072402,R35,TXH,N106,22,343743,G,0,0.93,0.90,5,U,-111,-7.50"
RX,1072583,R35,TXL,N166,22,343917,G,0,0.93,0.9,5.0,U,-110.0,-4.75,True,,2026-07-13T13:38:21.414+00:00,/dev/cu.usbserial-58870137921,"RX,1072583,R35,TXL,N166,22,343917,G,0,0.93,0.90,5,U,-110,-4.75"
RX,1073094,R35,TXD,N46,42,344431,G,0,0.93,0.9,5.0,U,-109.0,-3.0,True,,2026-07-13T13:38:21.925+00:00,/dev/cu.usbserial-58870137921,"RX,1073094,R35,TXD,N46,42,344431,G,0,0.93,0.90,5,U,-109,-3.00"
RX,1073291,R35,TXA,N01,342,344627,G,0,0.93,0.9,5.0,F,-110.0,-5.75,True,,2026-07-13T13:38:22.123+00:00,/dev/cu.usbserial-58870137921,"RX,1073291,R35,TXA,N01,342,344627,G,0,0.93,0.90,5,F,-110,-5.75"
RX,1073740,R35,TXG,N91,41,345081,G,1,0.93,0.9,5.0,U,-110.0,-7.75,True,,2026-07-13T13:38:22.571+00:00,/dev/cu.usbserial-58870137921,"RX,1073740,R35,TXG,N91,41,345081,G,1,0.93,0.90,5,U,-110,-7.75"
RX,1074291,R35,TXA,N01,343,345627,H,1,0.32,0.3,5.0,F,-109.0,-4.5,True,,2026-07-13T13:38:23.123+00:00,/dev/cu.usbserial-58870137921,"RX,1074291,R35,TXA,N01,343,345627,H,1,0.32,0.30,5,F,-109,-4.50"
RX,1074435,R35,TXK,N151,172,345764,A,1,0.75,0.72,5.0,U,-110.0,-9.75,True,,2026-07-13T13:38:23.267+00:00,/dev/cu.usbserial-58870137921,"RX,1074435,R35,TXK,N151,172,345764,A,1,0.75,0.72,5,U,-110,-9.75"
RX,1074789,R35,TXF,N76,85,346131,G,0,0.93,0.9,5.0,U,-109.0,-4.5,True,,2026-07-13T13:38:23.620+00:00,/dev/cu.usbserial-58870137921,"RX,1074789,R35,TXF,N76,85,346131,G,0,0.93,0.90,5,U,-109,-4.50"
RX,1074948,R35,TXJ,N136,41,346281,G,1,0.93,0.9,5.0,U,-107.0,0.75,True,,2026-07-13T13:38:23.779+00:00,/dev/cu.usbserial-58870137921,"RX,1074948,R35,TXJ,N136,41,346281,G,1,0.93,0.90,5,U,-107,0.75"
RX,1075047,R35,TXC,N31,84,346385,E,1,0.87,0.84,5.0,U,-106.0,2.0,True,,2026-07-13T13:38:23.878+00:00,/dev/cu.usbserial-58870137921,"RX,1075047,R35,TXC,N31,84,346385,E,1,0.87,0.84,5,U,-106,2.00"
RX,1075291,R35,TXA,N01,344,346627,A,1,0.75,0.72,5.0,F,-108.0,-0.75,True,,2026-07-13T13:38:24.123+00:00,/dev/cu.usbserial-58870137921,"RX,1075291,R35,TXA,N01,344,346627,A,1,0.75,0.72,5,F,-108,-0.75"
RX,1077047,R35,TXC,N31,85,348385,G,0,0.93,0.9,5.0,U,-106.0,2.0,True,,2026-07-13T13:38:25.878+00:00,/dev/cu.usbserial-58870137921,"RX,1077047,R35,TXC,N31,85,348385,G,0,0.93,0.90,5,U,-106,2.00"
RX,1077291,R35,TXA,N01,346,348627,C,1,0.81,0.78,5.0,F,-109.0,-2.0,True,,2026-07-13T13:38:26.123+00:00,/dev/cu.usbserial-58870137921,"RX,1077291,R35,TXA,N01,346,348627,C,1,0.81,0.78,5,F,-109,-2.00"
RX,1078291,R35,TXA,N01,347,349627,D,1,0.24,0.22,5.0,F,-109.0,-2.75,True,,2026-07-13T13:38:27.123+00:00,/dev/cu.usbserial-58870137921,"RX,1078291,R35,TXA,N01,347,349627,D,1,0.24,0.22,5,F,-109,-2.75"
RX,1078435,R35,TXK,N151,174,349764,E,0,0.87,0.84,5.0,U,-110.0,-5.75,True,,2026-07-13T13:38:27.267+00:00,/dev/cu.usbserial-58870137921,"RX,1078435,R35,TXK,N151,174,349764,E,0,0.87,0.84,5,U,-110,-5.75"
RX,1079291,R35,TXA,N01,348,350627,E,0,0.87,0.84,5.0,F,-110.0,-6.75,True,,2026-07-13T13:38:28.123+00:00,/dev/cu.usbserial-58870137921,"RX,1079291,R35,TXA,N01,348,350627,E,0,0.87,0.84,5,F,-110,-6.75"
RX,1080291,R35,TXA,N01,349,351627,F,1,0.28,0.26,5.0,F,-110.0,-4.75,True,,2026-07-13T13:38:29.123+00:00,/dev/cu.usbserial-58870137921,"RX,1080291,R35,TXA,N01,349,351627,F,1,0.28,0.26,5,F,-110,-4.75"
RX,1080401,R35,TXH,N106,23,351743,G,1,0.93,0.9,5.0,U,-109.0,-3.25,True,,2026-07-13T13:38:29.233+00:00,/dev/cu.usbserial-58870137921,"RX,1080401,R35,TXH,N106,23,351743,G,1,0.93,0.90,5,U,-109,-3.25"
RX,1080583,R35,TXL,N166,23,351917,G,1,0.93,0.9,5.0,U,-109.0,-3.0,True,,2026-07-13T13:38:29.414+00:00,/dev/cu.usbserial-58870137921,"RX,1080583,R35,TXL,N166,23,351917,G,1,0.93,0.90,5,U,-109,-3.00"
RX,1081094,R35,TXD,N46,43,352431,G,1,0.93,0.9,5.0,U,-108.0,-1.75,True,,2026-07-13T13:38:29.925+00:00,/dev/cu.usbserial-58870137921,"RX,1081094,R35,TXD,N46,43,352431,G,1,0.93,0.90,5,U,-108,-1.75"
RX,1081291,R35,TXA,N01,350,352627,G,1,0.93,0.9,5.0,F,-110.0,-5.75,True,,2026-07-13T13:38:30.123+00:00,/dev/cu.usbserial-58870137921,"RX,1081291,R35,TXA,N01,350,352627,G,1,0.93,0.90,5,F,-110,-5.75"
RX,1081740,R35,TXG,N91,42,353081,G,0,0.93,0.9,5.0,U,-110.0,-6.25,True,,2026-07-13T13:38:30.571+00:00,/dev/cu.usbserial-58870137921,"RX,1081740,R35,TXG,N91,42,353081,G,0,0.93,0.90,5,U,-110,-6.25"
RX,1082291,R35,TXA,N01,351,353627,H,0,0.32,0.3,5.0,F,-109.0,-6.5,True,,2026-07-13T13:38:31.123+00:00,/dev/cu.usbserial-58870137921,"RX,1082291,R35,TXA,N01,351,353627,H,0,0.32,0.30,5,F,-109,-6.50"
RX,1082789,R35,TXF,N76,87,354131,G,1,0.93,0.9,5.0,U,-110.0,-8.5,True,,2026-07-13T13:38:31.620+00:00,/dev/cu.usbserial-58870137921,"RX,1082789,R35,TXF,N76,87,354131,G,1,0.93,0.90,5,U,-110,-8.50"
RX,1082948,R35,TXJ,N136,42,354281,G,0,0.93,0.9,5.0,U,-109.0,-3.0,True,,2026-07-13T13:38:31.779+00:00,/dev/cu.usbserial-58870137921,"RX,1082948,R35,TXJ,N136,42,354281,G,0,0.93,0.90,5,U,-109,-3.00"
RX,1083047,R35,TXC,N31,86,354385,E,0,0.87,0.84,5.0,U,-108.0,0.25,True,,2026-07-13T13:38:31.878+00:00,/dev/cu.usbserial-58870137921,"RX,1083047,R35,TXC,N31,86,354385,E,0,0.87,0.84,5,U,-108,0.25"
RX,1083291,R35,TXA,N01,352,354627,A,1,0.75,0.72,5.0,F,-110.0,-5.75,True,,2026-07-13T13:38:32.123+00:00,/dev/cu.usbserial-58870137921,"RX,1083291,R35,TXA,N01,352,354627,A,1,0.75,0.72,5,F,-110,-5.75"
RX,1084291,R35,TXA,N01,353,355627,B,1,0.2,0.18,5.0,F,-109.0,-4.75,True,,2026-07-13T13:38:33.123+00:00,/dev/cu.usbserial-58870137921,"RX,1084291,R35,TXA,N01,353,355627,B,1,0.20,0.18,5,F,-109,-4.75"
RX,1085047,R35,TXC,N31,87,356385,G,1,0.93,0.9,5.0,U,-107.0,1.0,True,,2026-07-13T13:38:33.878+00:00,/dev/cu.usbserial-58870137921,"RX,1085047,R35,TXC,N31,87,356385,G,1,0.93,0.90,5,U,-107,1.00"
RX,1085291,R35,TXA,N01,354,356627,C,0,0.81,0.78,5.0,F,-109.0,-4.0,True,,2026-07-13T13:38:34.123+00:00,/dev/cu.usbserial-58870137921,"RX,1085291,R35,TXA,N01,354,356627,C,0,0.81,0.78,5,F,-109,-4.00"
RX,1086291,R35,TXA,N01,355,357627,D,1,0.24,0.22,5.0,F,-109.0,-4.5,True,,2026-07-13T13:38:35.123+00:00,/dev/cu.usbserial-58870137921,"RX,1086291,R35,TXA,N01,355,357627,D,1,0.24,0.22,5,F,-109,-4.50"
RX,1087291,R35,TXA,N01,356,358627,E,1,0.87,0.84,5.0,F,-109.0,-4.25,True,,2026-07-13T13:38:36.123+00:00,/dev/cu.usbserial-58870137921,"RX,1087291,R35,TXA,N01,356,358627,E,1,0.87,0.84,5,F,-109,-4.25"
RX,1088042,R35,TXE,N61,175,359383,G,1,0.93,0.9,5.0,U,-110.0,-7.5,True,,2026-07-13T13:38:36.874+00:00,/dev/cu.usbserial-58870137921,"RX,1088042,R35,TXE,N61,175,359383,G,1,0.93,0.90,5,U,-110,-7.50"
RX,1088291,R35,TXA,N01,357,359627,F,0,0.28,0.26,5.0,F,-109.0,-3.5,True,,2026-07-13T13:38:37.123+00:00,/dev/cu.usbserial-58870137921,"RX,1088291,R35,TXA,N01,357,359627,F,0,0.28,0.26,5,F,-109,-3.50"
RX,1088789,R35,TXF,N76,88,360131,E,1,0.87,0.84,5.0,U,-110.0,-8.5,True,,2026-07-13T13:38:37.620+00:00,/dev/cu.usbserial-58870137921,"RX,1088789,R35,TXF,N76,88,360131,E,1,0.87,0.84,5,U,-110,-8.50"
RX,1089094,R35,TXD,N46,44,360431,G,1,0.93,0.9,5.0,U,-108.0,-0.75,True,,2026-07-13T13:38:37.926+00:00,/dev/cu.usbserial-58870137921,"RX,1089094,R35,TXD,N46,44,360431,G,1,0.93,0.90,5,U,-108,-0.75"
RX,1089291,R35,TXA,N01,358,360627,G,1,0.93,0.9,5.0,F,-109.0,-3.75,True,,2026-07-13T13:38:38.123+00:00,/dev/cu.usbserial-58870137921,"RX,1089291,R35,TXA,N01,358,360627,G,1,0.93,0.90,5,F,-109,-3.75"
RX,1089740,R35,TXG,N91,43,361081,G,1,0.93,0.9,5.0,U,-110.0,-5.25,True,,2026-07-13T13:38:38.571+00:00,/dev/cu.usbserial-58870137921,"RX,1089740,R35,TXG,N91,43,361081,G,1,0.93,0.90,5,U,-110,-5.25"
RX,1090042,R35,TXE,N61,176,361383,A,1,0.75,0.72,5.0,U,-111.0,-7.75,True,,2026-07-13T13:38:38.874+00:00,/dev/cu.usbserial-58870137921,"RX,1090042,R35,TXE,N61,176,361383,A,1,0.75,0.72,5,U,-111,-7.75"
RX,1090291,R35,TXA,N01,359,361627,H,1,0.32,0.3,5.0,F,-109.0,-4.0,True,,2026-07-13T13:38:39.123+00:00,/dev/cu.usbserial-58870137921,"RX,1090291,R35,TXA,N01,359,361627,H,1,0.32,0.30,5,F,-109,-4.00"
RX,1090789,R35,TXF,N76,89,362131,G,1,0.93,0.9,5.0,U,-110.0,-9.0,True,,2026-07-13T13:38:39.620+00:00,/dev/cu.usbserial-58870137921,"RX,1090789,R35,TXF,N76,89,362131,G,1,0.93,0.90,5,U,-110,-9.00"
RX,1090948,R35,TXJ,N136,43,362281,G,1,0.93,0.9,5.0,U,-108.0,-1.25,True,,2026-07-13T13:38:39.779+00:00,/dev/cu.usbserial-58870137921,"RX,1090948,R35,TXJ,N136,43,362281,G,1,0.93,0.90,5,U,-108,-1.25"
RX,1091046,R35,TXC,N31,88,362385,E,1,0.87,0.84,5.0,U,-107.0,1.5,True,,2026-07-13T13:38:39.878+00:00,/dev/cu.usbserial-58870137921,"RX,1091046,R35,TXC,N31,88,362385,E,1,0.87,0.84,5,U,-107,1.50"
RX,1091291,R35,TXA,N01,360,362627,A,0,0.75,0.72,5.0,F,-109.0,-5.0,True,,2026-07-13T13:38:40.123+00:00,/dev/cu.usbserial-58870137921,"RX,1091291,R35,TXA,N01,360,362627,A,0,0.75,0.72,5,F,-109,-5.00"
RX,1092042,R35,TXE,N61,177,363383,C,0,0.81,0.78,5.0,U,-110.0,-7.0,True,,2026-07-13T13:38:40.874+00:00,/dev/cu.usbserial-58870137921,"RX,1092042,R35,TXE,N61,177,363383,C,0,0.81,0.78,5,U,-110,-7.00"
RX,1092291,R35,TXA,N01,361,363627,B,1,0.2,0.18,5.0,F,-109.0,-3.0,True,,2026-07-13T13:38:41.123+00:00,/dev/cu.usbserial-58870137921,"RX,1092291,R35,TXA,N01,361,363627,B,1,0.20,0.18,5,F,-109,-3.00"
RX,1093046,R35,TXC,N31,89,364385,G,1,0.93,0.9,5.0,U,-106.0,2.0,True,,2026-07-13T13:38:41.878+00:00,/dev/cu.usbserial-58870137921,"RX,1093046,R35,TXC,N31,89,364385,G,1,0.93,0.90,5,U,-106,2.00"
RX,1093291,R35,TXA,N01,362,364627,C,1,0.81,0.78,5.0,F,-109.0,-2.75,True,,2026-07-13T13:38:42.123+00:00,/dev/cu.usbserial-58870137921,"RX,1093291,R35,TXA,N01,362,364627,C,1,0.81,0.78,5,F,-109,-2.75"
RX,1094042,R35,TXE,N61,178,365383,E,1,0.87,0.84,5.0,U,-110.0,-7.5,True,,2026-07-13T13:38:42.874+00:00,/dev/cu.usbserial-58870137921,"RX,1094042,R35,TXE,N61,178,365383,E,1,0.87,0.84,5,U,-110,-7.50"
RX,1094148,R35,TXI,N121,89,365482,G,1,0.93,0.9,5.0,U,-110.0,-8.25,True,,2026-07-13T13:38:42.979+00:00,/dev/cu.usbserial-58870137921,"RX,1094148,R35,TXI,N121,89,365482,G,1,0.93,0.90,5,U,-110,-8.25"
RX,1094291,R35,TXA,N01,363,365627,D,0,0.24,0.22,5.0,F,-109.0,-2.75,True,,2026-07-13T13:38:43.123+00:00,/dev/cu.usbserial-58870137921,"RX,1094291,R35,TXA,N01,363,365627,D,0,0.24,0.22,5,F,-109,-2.75"
RX,1095291,R35,TXA,N01,364,366627,E,1,0.87,0.84,5.0,F,-110.0,-3.0,True,,2026-07-13T13:38:44.122+00:00,/dev/cu.usbserial-58870137921,"RX,1095291,R35,TXA,N01,364,366627,E,1,0.87,0.84,5,F,-110,-3.00"
RX,1096291,R35,TXA,N01,365,367627,F,1,0.28,0.26,5.0,F,-109.0,-3.5,True,,2026-07-13T13:38:45.123+00:00,/dev/cu.usbserial-58870137921,"RX,1096291,R35,TXA,N01,365,367627,F,1,0.28,0.26,5,F,-109,-3.50"
RX,1096789,R35,TXF,N76,90,368131,E,1,0.87,0.84,5.0,U,-110.0,-5.5,True,,2026-07-13T13:38:45.620+00:00,/dev/cu.usbserial-58870137921,"RX,1096789,R35,TXF,N76,90,368131,E,1,0.87,0.84,5,U,-110,-5.50"
RX,1097094,R35,TXD,N46,45,368431,G,0,0.93,0.9,5.0,U,-108.0,-1.25,True,,2026-07-13T13:38:45.925+00:00,/dev/cu.usbserial-58870137921,"RX,1097094,R35,TXD,N46,45,368431,G,0,0.93,0.90,5,U,-108,-1.25"
RX,1097291,R35,TXA,N01,366,368627,G,0,0.93,0.9,5.0,F,-109.0,-4.5,True,,2026-07-13T13:38:46.123+00:00,/dev/cu.usbserial-58870137921,"RX,1097291,R35,TXA,N01,366,368627,G,0,0.93,0.90,5,F,-109,-4.50"
RX,1097740,R35,TXG,N91,44,369081,G,1,0.93,0.9,5.0,U,-110.0,-5.75,True,,2026-07-13T13:38:46.571+00:00,/dev/cu.usbserial-58870137921,"RX,1097740,R35,TXG,N91,44,369081,G,1,0.93,0.90,5,U,-110,-5.75"
RX,1098291,R35,TXA,N01,367,369627,H,1,0.32,0.3,5.0,F,-110.0,-4.0,True,,2026-07-13T13:38:47.123+00:00,/dev/cu.usbserial-58870137921,"RX,1098291,R35,TXA,N01,367,369627,H,1,0.32,0.30,5,F,-110,-4.00"
RX,1098435,R35,TXK,N151,184,369764,A,1,0.75,0.72,5.0,U,-110.0,-9.0,True,,2026-07-13T13:38:47.267+00:00,/dev/cu.usbserial-58870137921,"RX,1098435,R35,TXK,N151,184,369764,A,1,0.75,0.72,5,U,-110,-9.00"
RX,1098789,R35,TXF,N76,91,370131,G,0,0.93,0.9,5.0,U,-110.0,-6.25,True,,2026-07-13T13:38:47.620+00:00,/dev/cu.usbserial-58870137921,"RX,1098789,R35,TXF,N76,91,370131,G,0,0.93,0.90,5,U,-110,-6.25"
RX,1098948,R35,TXJ,N136,44,370281,G,1,0.93,0.9,5.0,U,-109.0,-1.5,True,,2026-07-13T13:38:47.779+00:00,/dev/cu.usbserial-58870137921,"RX,1098948,R35,TXJ,N136,44,370281,G,1,0.93,0.90,5,U,-109,-1.50"
RX,1099046,R35,TXC,N31,90,370385,E,1,0.87,0.84,5.0,U,-107.0,1.25,True,,2026-07-13T13:38:47.878+00:00,/dev/cu.usbserial-58870137921,"RX,1099046,R35,TXC,N31,90,370385,E,1,0.87,0.84,5,U,-107,1.25"
RX,1099291,R35,TXA,N01,368,370627,A,1,0.75,0.72,5.0,F,-110.0,-4.25,True,,2026-07-13T13:38:48.123+00:00,/dev/cu.usbserial-58870137921,"RX,1099291,R35,TXA,N01,368,370627,A,1,0.75,0.72,5,F,-110,-4.25"
RX,1100291,R35,TXA,N01,369,371627,B,0,0.2,0.18,5.0,F,-109.0,-5.25,True,,2026-07-13T13:38:49.123+00:00,/dev/cu.usbserial-58870137921,"RX,1100291,R35,TXA,N01,369,371627,B,0,0.20,0.18,5,F,-109,-5.25"
RX,1101046,R35,TXC,N31,91,372385,G,0,0.93,0.9,5.0,U,-107.0,0.25,True,,2026-07-13T13:38:49.878+00:00,/dev/cu.usbserial-58870137921,"RX,1101046,R35,TXC,N31,91,372385,G,0,0.93,0.90,5,U,-107,0.25"
RX,1101291,R35,TXA,N01,370,372627,C,1,0.81,0.78,5.0,F,-110.0,-6.0,True,,2026-07-13T13:38:50.123+00:00,/dev/cu.usbserial-58870137921,"RX,1101291,R35,TXA,N01,370,372627,C,1,0.81,0.78,5,F,-110,-6.00"
RX,1102291,R35,TXA,N01,371,373627,D,1,0.24,0.22,5.0,F,-109.0,-6.25,True,,2026-07-13T13:38:51.123+00:00,/dev/cu.usbserial-58870137921,"RX,1102291,R35,TXA,N01,371,373627,D,1,0.24,0.22,5,F,-109,-6.25"
RX,1103291,R35,TXA,N01,372,374627,E,0,0.87,0.84,5.0,F,-109.0,-7.5,True,,2026-07-13T13:38:52.122+00:00,/dev/cu.usbserial-58870137921,"RX,1103291,R35,TXA,N01,372,374627,E,0,0.87,0.84,5,F,-109,-7.50"
RX,1104291,R35,TXA,N01,373,375627,F,1,0.28,0.26,5.0,F,-109.0,-8.25,True,,2026-07-13T13:38:53.123+00:00,/dev/cu.usbserial-58870137921,"RX,1104291,R35,TXA,N01,373,375627,F,1,0.28,0.26,5,F,-109,-8.25"
RX,1104435,R35,TXK,N151,187,375764,G,1,0.93,0.9,5.0,U,-109.0,-6.5,True,,2026-07-13T13:38:53.267+00:00,/dev/cu.usbserial-58870137921,"RX,1104435,R35,TXK,N151,187,375764,G,1,0.93,0.90,5,U,-109,-6.50"
RX,1105094,R35,TXD,N46,46,376431,G,1,0.93,0.9,5.0,U,-108.0,-2.5,True,,2026-07-13T13:38:53.925+00:00,/dev/cu.usbserial-58870137921,"RX,1105094,R35,TXD,N46,46,376431,G,1,0.93,0.90,5,U,-108,-2.50"
RX,1105291,R35,TXA,N01,374,376627,G,1,0.93,0.9,5.0,F,-109.0,-1.25,True,,2026-07-13T13:38:54.123+00:00,/dev/cu.usbserial-58870137921,"RX,1105291,R35,TXA,N01,374,376627,G,1,0.93,0.90,5,F,-109,-1.25"
RX,1105739,R35,TXG,N91,45,377081,G,0,0.93,0.9,5.0,U,-109.0,-2.5,True,,2026-07-13T13:38:54.571+00:00,/dev/cu.usbserial-58870137921,"RX,1105739,R35,TXG,N91,45,377081,G,0,0.93,0.90,5,U,-109,-2.50"
RX,1106042,R35,TXE,N61,184,377383,A,1,0.75,0.72,5.0,U,-110.0,-5.25,True,,2026-07-13T13:38:54.874+00:00,/dev/cu.usbserial-58870137921,"RX,1106042,R35,TXE,N61,184,377383,A,1,0.75,0.72,5,U,-110,-5.25"
RX,1106291,R35,TXA,N01,375,377627,H,0,0.32,0.3,5.0,F,-108.0,-2.25,True,,2026-07-13T13:38:55.123+00:00,/dev/cu.usbserial-58870137921,"RX,1106291,R35,TXA,N01,375,377627,H,0,0.32,0.30,5,F,-108,-2.25"
RX,1106789,R35,TXF,N76,93,378131,G,1,0.93,0.9,5.0,U,-110.0,-8.5,True,,2026-07-13T13:38:55.620+00:00,/dev/cu.usbserial-58870137921,"RX,1106789,R35,TXF,N76,93,378131,G,1,0.93,0.90,5,U,-110,-8.50"
RX,1106947,R35,TXJ,N136,45,378281,G,0,0.93,0.9,5.0,U,-108.0,-1.5,True,,2026-07-13T13:38:55.779+00:00,/dev/cu.usbserial-58870137921,"RX,1106947,R35,TXJ,N136,45,378281,G,0,0.93,0.90,5,U,-108,-1.50"
RX,1107046,R35,TXC,N31,92,378385,E,0,0.87,0.84,5.0,U,-107.0,-0.25,True,,2026-07-13T13:38:55.878+00:00,/dev/cu.usbserial-58870137921,"RX,1107046,R35,TXC,N31,92,378385,E,0,0.87,0.84,5,U,-107,-0.25"
RX,1107291,R35,TXA,N01,376,378627,A,1,0.75,0.72,5.0,F,-108.0,-4.25,True,,2026-07-13T13:38:56.123+00:00,/dev/cu.usbserial-58870137921,"RX,1107291,R35,TXA,N01,376,378627,A,1,0.75,0.72,5,F,-108,-4.25"
RX,1108148,R35,TXI,N121,92,379482,E,0,0.87,0.84,5.0,U,-110.0,-7.5,True,,2026-07-13T13:38:56.979+00:00,/dev/cu.usbserial-58870137921,"RX,1108148,R35,TXI,N121,92,379482,E,0,0.87,0.84,5,U,-110,-7.50"
RX,1108291,R35,TXA,N01,377,379627,B,1,0.2,0.18,5.0,F,-109.0,-3.5,True,,2026-07-13T13:38:57.123+00:00,/dev/cu.usbserial-58870137921,"RX,1108291,R35,TXA,N01,377,379627,B,1,0.20,0.18,5,F,-109,-3.50"
RX,1108435,R35,TXK,N151,189,379764,C,0,0.81,0.78,5.0,U,-108.0,-6.0,True,,2026-07-13T13:38:57.267+00:00,/dev/cu.usbserial-58870137921,"RX,1108435,R35,TXK,N151,189,379764,C,0,0.81,0.78,5,U,-108,-6.00"
RX,1109046,R35,TXC,N31,93,380385,G,1,0.93,0.9,5.0,U,-108.0,0.25,True,,2026-07-13T13:38:57.878+00:00,/dev/cu.usbserial-58870137921,"RX,1109046,R35,TXC,N31,93,380385,G,1,0.93,0.90,5,U,-108,0.25"
RX,1109291,R35,TXA,N01,378,380627,C,0,0.81,0.78,5.0,F,-109.0,-3.5,True,,2026-07-13T13:38:58.123+00:00,/dev/cu.usbserial-58870137921,"RX,1109291,R35,TXA,N01,378,380627,C,0,0.81,0.78,5,F,-109,-3.50"
RX,1110042,R35,TXE,N61,186,381383,E,0,0.87,0.84,5.0,U,-110.0,-7.25,True,,2026-07-13T13:38:58.874+00:00,/dev/cu.usbserial-58870137921,"RX,1110042,R35,TXE,N61,186,381383,E,0,0.87,0.84,5,U,-110,-7.25"
RX,1110291,R35,TXA,N01,379,381627,D,1,0.24,0.22,5.0,F,-109.0,-4.25,True,,2026-07-13T13:38:59.123+00:00,/dev/cu.usbserial-58870137921,"RX,1110291,R35,TXA,N01,379,381627,D,1,0.24,0.22,5,F,-109,-4.25"
RX,1110435,R35,TXK,N151,190,381764,E,1,0.87,0.84,5.0,U,-110.0,-5.25,True,,2026-07-13T13:38:59.267+00:00,/dev/cu.usbserial-58870137921,"RX,1110435,R35,TXK,N151,190,381764,E,1,0.87,0.84,5,U,-110,-5.25"
RX,1111291,R35,TXA,N01,380,382627,E,1,0.87,0.84,5.0,F,-108.0,-2.75,True,,2026-07-13T13:39:00.123+00:00,/dev/cu.usbserial-58870137921,"RX,1111291,R35,TXA,N01,380,382627,E,1,0.87,0.84,5,F,-108,-2.75"
RX,1112042,R35,TXE,N61,187,383383,G,1,0.93,0.9,5.0,U,-109.0,-8.75,True,,2026-07-13T13:39:00.874+00:00,/dev/cu.usbserial-58870137921,"RX,1112042,R35,TXE,N61,187,383383,G,1,0.93,0.90,5,U,-109,-8.75"
RX,1112291,R35,TXA,N01,381,383627,F,0,0.28,0.26,5.0,F,-108.0,-4.0,True,,2026-07-13T13:39:01.123+00:00,/dev/cu.usbserial-58870137921,"RX,1112291,R35,TXA,N01,381,383627,F,0,0.28,0.26,5,F,-108,-4.00"
RX,1112435,R35,TXK,N151,191,383764,G,1,0.93,0.9,5.0,U,-109.0,-5.5,True,,2026-07-13T13:39:01.267+00:00,/dev/cu.usbserial-58870137921,"RX,1112435,R35,TXK,N151,191,383764,G,1,0.93,0.90,5,U,-109,-5.50"
RX,1113094,R35,TXD,N46,47,384431,G,1,0.93,0.9,5.0,U,-108.0,-3.5,True,,2026-07-13T13:39:01.925+00:00,/dev/cu.usbserial-58870137921,"RX,1113094,R35,TXD,N46,47,384431,G,1,0.93,0.90,5,U,-108,-3.50"
RX,1113291,R35,TXA,N01,382,384627,G,1,0.93,0.9,5.0,F,-109.0,-4.5,True,,2026-07-13T13:39:02.123+00:00,/dev/cu.usbserial-58870137921,"RX,1113291,R35,TXA,N01,382,384627,G,1,0.93,0.90,5,F,-109,-4.50"
RX,1113739,R35,TXG,N91,46,385081,G,1,0.93,0.9,5.0,U,-109.0,-4.75,True,,2026-07-13T13:39:02.571+00:00,/dev/cu.usbserial-58870137921,"RX,1113739,R35,TXG,N91,46,385081,G,1,0.93,0.90,5,U,-109,-4.75"
RX,1114947,R35,TXJ,N136,46,386281,G,1,0.93,0.9,5.0,U,-108.0,-2.75,True,,2026-07-13T13:39:03.779+00:00,/dev/cu.usbserial-58870137921,"RX,1114947,R35,TXJ,N136,46,386281,G,1,0.93,0.90,5,U,-108,-2.75"
RX,1115046,R35,TXC,N31,94,386385,E,1,0.87,0.84,5.0,U,-107.0,-1.0,True,,2026-07-13T13:39:03.878+00:00,/dev/cu.usbserial-58870137921,"RX,1115046,R35,TXC,N31,94,386385,E,1,0.87,0.84,5,U,-107,-1.00"
RX,1115291,R35,TXA,N01,384,386627,A,1,0.75,0.72,5.0,F,-106.0,0.0,True,,2026-07-13T13:39:04.123+00:00,/dev/cu.usbserial-58870137921,"RX,1115291,R35,TXA,N01,384,386627,A,1,0.75,0.72,5,F,-106,0.00"
RX,1116148,R35,TXI,N121,94,387482,E,1,0.87,0.84,5.0,U,-108.0,-3.75,True,,2026-07-13T13:39:04.979+00:00,/dev/cu.usbserial-58870137921,"RX,1116148,R35,TXI,N121,94,387482,E,1,0.87,0.84,5,U,-108,-3.75"
RX,1116435,R35,TXK,N151,193,387764,C,1,0.81,0.78,5.0,U,-108.0,-1.0,True,,2026-07-13T13:39:05.267+00:00,/dev/cu.usbserial-58870137921,"RX,1116435,R35,TXK,N151,193,387764,C,1,0.81,0.78,5,U,-108,-1.00"
RX,1117046,R35,TXC,N31,95,388385,G,1,0.93,0.9,5.0,U,-108.0,-2.5,True,,2026-07-13T13:39:05.878+00:00,/dev/cu.usbserial-58870137921,"RX,1117046,R35,TXC,N31,95,388385,G,1,0.93,0.90,5,U,-108,-2.50"
RX,1117291,R35,TXA,N01,386,388627,C,1,0.81,0.78,5.0,F,-108.0,-3.5,True,,2026-07-13T13:39:06.123+00:00,/dev/cu.usbserial-58870137921,"RX,1117291,R35,TXA,N01,386,388627,C,1,0.81,0.78,5,F,-108,-3.50"
RX,1118042,R35,TXE,N61,190,389383,E,1,0.87,0.84,5.0,U,-108.0,-7.75,True,,2026-07-13T13:39:06.874+00:00,/dev/cu.usbserial-58870137921,"RX,1118042,R35,TXE,N61,190,389383,E,1,0.87,0.84,5,U,-108,-7.75"
RX,1118291,R35,TXA,N01,387,389627,D,1,0.24,0.22,5.0,F,-108.0,-3.5,True,,2026-07-13T13:39:07.123+00:00,/dev/cu.usbserial-58870137921,"RX,1118291,R35,TXA,N01,387,389627,D,1,0.24,0.22,5,F,-108,-3.50"
RX,1118435,R35,TXK,N151,194,389764,E,0,0.87,0.84,5.0,U,-108.0,-5.25,True,,2026-07-13T13:39:07.267+00:00,/dev/cu.usbserial-58870137921,"RX,1118435,R35,TXK,N151,194,389764,E,0,0.87,0.84,5,U,-108,-5.25"
RX,1119291,R35,TXA,N01,388,390627,E,0,0.87,0.84,5.0,F,-108.0,-4.0,True,,2026-07-13T13:39:08.123+00:00,/dev/cu.usbserial-58870137921,"RX,1119291,R35,TXA,N01,388,390627,E,0,0.87,0.84,5,F,-108,-4.00"
RX,1120291,R35,TXA,N01,389,391627,F,1,0.28,0.26,5.0,F,-109.0,-4.5,True,,2026-07-13T13:39:09.123+00:00,/dev/cu.usbserial-58870137921,"RX,1120291,R35,TXA,N01,389,391627,F,1,0.28,0.26,5,F,-109,-4.50"
RX,1121094,R35,TXD,N46,48,392431,G,1,0.93,0.9,5.0,U,-108.0,-3.5,True,,2026-07-13T13:39:09.925+00:00,/dev/cu.usbserial-58870137921,"RX,1121094,R35,TXD,N46,48,392431,G,1,0.93,0.90,5,U,-108,-3.50"
RX,1121291,R35,TXA,N01,390,392627,G,1,0.93,0.9,5.0,F,-109.0,-5.5,True,,2026-07-13T13:39:10.123+00:00,/dev/cu.usbserial-58870137921,"RX,1121291,R35,TXA,N01,390,392627,G,1,0.93,0.90,5,F,-109,-5.50"
RX,1121739,R35,TXG,N91,47,393081,G,1,0.93,0.9,5.0,U,-108.0,-6.25,True,,2026-07-13T13:39:10.571+00:00,/dev/cu.usbserial-58870137921,"RX,1121739,R35,TXG,N91,47,393081,G,1,0.93,0.90,5,U,-108,-6.25"
RX,1122291,R35,TXA,N01,391,393627,H,0,0.32,0.3,5.0,F,-108.0,-6.25,True,,2026-07-13T13:39:11.123+00:00,/dev/cu.usbserial-58870137921,"RX,1122291,R35,TXA,N01,391,393627,H,0,0.32,0.30,5,F,-108,-6.25"
RX,1122435,R35,TXK,N151,196,393764,A,1,0.75,0.72,5.0,U,-106.0,-7.75,True,,2026-07-13T13:39:11.267+00:00,/dev/cu.usbserial-58870137921,"RX,1122435,R35,TXK,N151,196,393764,A,1,0.75,0.72,5,U,-106,-7.75"
RX,1122947,R35,TXJ,N136,47,394281,G,1,0.93,0.9,5.0,U,-107.0,-3.25,True,,2026-07-13T13:39:11.779+00:00,/dev/cu.usbserial-58870137921,"RX,1122947,R35,TXJ,N136,47,394281,G,1,0.93,0.90,5,U,-107,-3.25"
RX,1123046,R35,TXC,N31,96,394385,E,0,0.87,0.84,5.0,U,-107.0,-0.5,True,,2026-07-13T13:39:11.878+00:00,/dev/cu.usbserial-58870137921,"RX,1123046,R35,TXC,N31,96,394385,E,0,0.87,0.84,5,U,-107,-0.50"
RX,1123291,R35,TXA,N01,392,394627,A,1,0.75,0.72,5.0,F,-108.0,-5.25,True,,2026-07-13T13:39:12.123+00:00,/dev/cu.usbserial-58870137921,"RX,1123291,R35,TXA,N01,392,394627,A,1,0.75,0.72,5,F,-108,-5.25"
RX,1124148,R35,TXI,N121,96,395482,E,0,0.87,0.84,5.0,U,-109.0,-7.75,True,,2026-07-13T13:39:12.980+00:00,/dev/cu.usbserial-58870137921,"RX,1124148,R35,TXI,N121,96,395482,E,0,0.87,0.84,5,U,-109,-7.75"
RX,1124291,R35,TXA,N01,393,395627,B,1,0.2,0.18,5.0,F,-108.0,-4.0,True,,2026-07-13T13:39:13.123+00:00,/dev/cu.usbserial-58870137921,"RX,1124291,R35,TXA,N01,393,395627,B,1,0.20,0.18,5,F,-108,-4.00"
RX,1124435,R35,TXK,N151,197,395764,C,0,0.81,0.78,5.0,U,-109.0,-5.75,True,,2026-07-13T13:39:13.267+00:00,/dev/cu.usbserial-58870137921,"RX,1124435,R35,TXK,N151,197,395764,C,0,0.81,0.78,5,U,-109,-5.75"
RX,1125046,R35,TXC,N31,97,396385,G,1,0.93,0.9,5.0,U,-108.0,-0.5,True,,2026-07-13T13:39:13.878+00:00,/dev/cu.usbserial-58870137921,"RX,1125046,R35,TXC,N31,97,396385,G,1,0.93,0.90,5,U,-108,-0.50"
RX,1125291,R35,TXA,N01,394,396627,C,0,0.81,0.78,5.0,F,-109.0,-4.0,True,,2026-07-13T13:39:14.123+00:00,/dev/cu.usbserial-58870137921,"RX,1125291,R35,TXA,N01,394,396627,C,0,0.81,0.78,5,F,-109,-4.00"
RX,1126291,R35,TXA,N01,395,397627,D,1,0.24,0.22,5.0,F,-109.0,-3.0,True,,2026-07-13T13:39:15.123+00:00,/dev/cu.usbserial-58870137921,"RX,1126291,R35,TXA,N01,395,397627,D,1,0.24,0.22,5,F,-109,-3.00"
RX,1126435,R35,TXK,N151,198,397764,E,1,0.87,0.84,5.0,U,-109.0,-4.75,True,,2026-07-13T13:39:15.267+00:00,/dev/cu.usbserial-58870137921,"RX,1126435,R35,TXK,N151,198,397764,E,1,0.87,0.84,5,U,-109,-4.75"
RX,1127291,R35,TXA,N01,396,398627,E,1,0.87,0.84,5.0,F,-109.0,-4.25,True,,2026-07-13T13:39:16.122+00:00,/dev/cu.usbserial-58870137921,"RX,1127291,R35,TXA,N01,396,398627,E,1,0.87,0.84,5,F,-109,-4.25"
RX,1129094,R35,TXD,N46,49,400431,G,1,0.93,0.9,5.0,U,-109.0,-2.5,True,,2026-07-13T13:39:17.925+00:00,/dev/cu.usbserial-58870137921,"RX,1129094,R35,TXD,N46,49,400431,G,1,0.93,0.90,5,U,-109,-2.50"
RX,1129291,R35,TXA,N01,398,400627,G,1,0.93,0.9,5.0,F,-108.0,-4.0,True,,2026-07-13T13:39:18.123+00:00,/dev/cu.usbserial-58870137921,"RX,1129291,R35,TXA,N01,398,400627,G,1,0.93,0.90,5,F,-108,-4.00"
RX,1129739,R35,TXG,N91,48,401081,G,1,0.93,0.9,5.0,U,-109.0,-8.0,True,,2026-07-13T13:39:18.571+00:00,/dev/cu.usbserial-58870137921,"RX,1129739,R35,TXG,N91,48,401081,G,1,0.93,0.90,5,U,-109,-8.00"
RX,1130042,R35,TXE,N61,196,401383,A,1,0.75,0.72,5.0,U,-109.0,-7.75,True,,2026-07-13T13:39:18.874+00:00,/dev/cu.usbserial-58870137921,"RX,1130042,R35,TXE,N61,196,401383,A,1,0.75,0.72,5,U,-109,-7.75"
RX,1130291,R35,TXA,N01,399,401627,H,1,0.32,0.3,5.0,F,-108.0,-3.5,True,,2026-07-13T13:39:19.123+00:00,/dev/cu.usbserial-58870137921,"RX,1130291,R35,TXA,N01,399,401627,H,1,0.32,0.30,5,F,-108,-3.50"
RX,1130435,R35,TXK,N151,200,401764,A,0,0.75,0.72,5.0,U,-109.0,-6.5,True,,2026-07-13T13:39:19.267+00:00,/dev/cu.usbserial-58870137921,"RX,1130435,R35,TXK,N151,200,401764,A,0,0.75,0.72,5,U,-109,-6.50"
RX,1130947,R35,TXJ,N136,48,402281,G,1,0.93,0.9,5.0,U,-108.0,-2.0,True,,2026-07-13T13:39:19.779+00:00,/dev/cu.usbserial-58870137921,"RX,1130947,R35,TXJ,N136,48,402281,G,1,0.93,0.90,5,U,-108,-2.00"
RX,1131046,R35,TXC,N31,98,402385,E,1,0.87,0.84,5.0,U,-108.0,-1.25,True,,2026-07-13T13:39:19.878+00:00,/dev/cu.usbserial-58870137921,"RX,1131046,R35,TXC,N31,98,402385,E,1,0.87,0.84,5,U,-108,-1.25"
RX,1131291,R35,TXA,N01,400,402627,A,0,0.75,0.72,5.0,F,-109.0,-3.5,True,,2026-07-13T13:39:20.123+00:00,/dev/cu.usbserial-58870137921,"RX,1131291,R35,TXA,N01,400,402627,A,0,0.75,0.72,5,F,-109,-3.50"
RX,1132148,R35,TXI,N121,98,403482,E,1,0.87,0.84,5.0,U,-108.0,-5.5,True,,2026-07-13T13:39:20.979+00:00,/dev/cu.usbserial-58870137921,"RX,1132148,R35,TXI,N121,98,403482,E,1,0.87,0.84,5,U,-108,-5.50"
RX,1132291,R35,TXA,N01,401,403627,B,1,0.2,0.18,5.0,F,-109.0,-3.5,True,,2026-07-13T13:39:21.123+00:00,/dev/cu.usbserial-58870137921,"RX,1132291,R35,TXA,N01,401,403627,B,1,0.20,0.18,5,F,-109,-3.50"
RX,1132435,R35,TXK,N151,201,403764,C,1,0.81,0.78,5.0,U,-109.0,-6.25,True,,2026-07-13T13:39:21.267+00:00,/dev/cu.usbserial-58870137921,"RX,1132435,R35,TXK,N151,201,403764,C,1,0.81,0.78,5,U,-109,-6.25"
RX,1133046,R35,TXC,N31,99,404385,G,1,0.93,0.9,5.0,U,-107.0,-1.25,True,,2026-07-13T13:39:21.878+00:00,/dev/cu.usbserial-58870137921,"RX,1133046,R35,TXC,N31,99,404385,G,1,0.93,0.90,5,U,-107,-1.25"
RX,1133291,R35,TXA,N01,402,404627,C,1,0.81,0.78,5.0,F,-108.0,-3.25,True,,2026-07-13T13:39:22.123+00:00,/dev/cu.usbserial-58870137921,"RX,1133291,R35,TXA,N01,402,404627,C,1,0.81,0.78,5,F,-108,-3.25"
RX,1134291,R35,TXA,N01,403,405627,D,0,0.24,0.22,5.0,F,-108.0,-5.25,True,,2026-07-13T13:39:23.123+00:00,/dev/cu.usbserial-58870137921,"RX,1134291,R35,TXA,N01,403,405627,D,0,0.24,0.22,5,F,-108,-5.25"
RX,1134435,R35,TXK,N151,202,405764,E,1,0.87,0.84,5.0,U,-108.0,-4.25,True,,2026-07-13T13:39:23.267+00:00,/dev/cu.usbserial-58870137921,"RX,1134435,R35,TXK,N151,202,405764,E,1,0.87,0.84,5,U,-108,-4.25"
RX,1135291,R35,TXA,N01,404,406627,E,1,0.87,0.84,5.0,F,-108.0,-5.25,True,,2026-07-13T13:39:24.124+00:00,/dev/cu.usbserial-58870137921,"RX,1135291,R35,TXA,N01,404,406627,E,1,0.87,0.84,5,F,-108,-5.25"
RX,1136291,R35,TXA,N01,405,407627,F,1,0.28,0.26,5.0,F,-108.0,-3.25,True,,2026-07-13T13:39:25.123+00:00,/dev/cu.usbserial-58870137921,"RX,1136291,R35,TXA,N01,405,407627,F,1,0.28,0.26,5,F,-108,-3.25"
RX,1136582,R35,TXL,N166,26,407917,G,0,0.93,0.9,5.0,U,-108.0,-2.25,True,,2026-07-13T13:39:25.414+00:00,/dev/cu.usbserial-58870137921,"RX,1136582,R35,TXL,N166,26,407917,G,0,0.93,0.90,5,U,-108,-2.25"
RX,1137093,R35,TXD,N46,50,408431,G,0,0.93,0.9,5.0,U,-108.0,-2.5,True,,2026-07-13T13:39:25.925+00:00,/dev/cu.usbserial-58870137921,"RX,1137093,R35,TXD,N46,50,408431,G,0,0.93,0.90,5,U,-108,-2.50"
RX,1137291,R35,TXA,N01,406,408627,G,0,0.93,0.9,5.0,F,-108.0,-2.75,True,,2026-07-13T13:39:26.123+00:00,/dev/cu.usbserial-58870137921,"RX,1137291,R35,TXA,N01,406,408627,G,0,0.93,0.90,5,F,-108,-2.75"
RX,1137739,R35,TXG,N91,49,409081,G,1,0.93,0.9,5.0,U,-109.0,-7.25,True,,2026-07-13T13:39:26.571+00:00,/dev/cu.usbserial-58870137921,"RX,1137739,R35,TXG,N91,49,409081,G,1,0.93,0.90,5,U,-109,-7.25"
RX,1138291,R35,TXA,N01,407,409627,H,1,0.32,0.3,5.0,F,-109.0,-3.25,True,,2026-07-13T13:39:27.123+00:00,/dev/cu.usbserial-58870137921,"RX,1138291,R35,TXA,N01,407,409627,H,1,0.32,0.30,5,F,-109,-3.25"
RX,1138435,R35,TXK,N151,204,409764,A,1,0.75,0.72,5.0,U,-109.0,-4.75,True,,2026-07-13T13:39:27.267+00:00,/dev/cu.usbserial-58870137921,"RX,1138435,R35,TXK,N151,204,409764,A,1,0.75,0.72,5,U,-109,-4.75"
RX,1138947,R35,TXJ,N136,49,410281,G,1,0.93,0.9,5.0,U,-109.0,-3.0,True,,2026-07-13T13:39:27.779+00:00,/dev/cu.usbserial-58870137921,"RX,1138947,R35,TXJ,N136,49,410281,G,1,0.93,0.90,5,U,-109,-3.00"
RX,1139046,R35,TXC,N31,100,410385,E,1,0.87,0.84,5.0,U,-108.0,-3.0,True,,2026-07-13T13:39:27.878+00:00,/dev/cu.usbserial-58870137921,"RX,1139046,R35,TXC,N31,100,410385,E,1,0.87,0.84,5,U,-108,-3.00"
RX,1139291,R35,TXA,N01,408,410627,A,1,0.75,0.72,5.0,F,-108.0,-4.0,True,,2026-07-13T13:39:28.123+00:00,/dev/cu.usbserial-58870137921,"RX,1139291,R35,TXA,N01,408,410627,A,1,0.75,0.72,5,F,-108,-4.00"
RX,1140152,R35,TXI,N121,100,411482,E,1,0.87,0.84,5.0,U,-109.0,-6.5,True,,2026-07-13T13:39:28.984+00:00,/dev/cu.usbserial-58870137921,"RX,1140152,R35,TXI,N121,100,411482,E,1,0.87,0.84,5,U,-109,-6.50"
RX,1140291,R35,TXA,N01,409,411627,B,0,0.2,0.18,5.0,F,-109.0,-7.25,True,,2026-07-13T13:39:29.123+00:00,/dev/cu.usbserial-58870137921,"RX,1140291,R35,TXA,N01,409,411627,B,0,0.20,0.18,5,F,-109,-7.25"
RX,1140435,R35,TXK,N151,205,411764,C,1,0.81,0.78,5.0,U,-109.0,-9.25,True,,2026-07-13T13:39:29.267+00:00,/dev/cu.usbserial-58870137921,"RX,1140435,R35,TXK,N151,205,411764,C,1,0.81,0.78,5,U,-109,-9.25"
RX,1141046,R35,TXC,N31,101,412385,G,0,0.93,0.9,5.0,U,-108.0,-1.0,True,,2026-07-13T13:39:29.878+00:00,/dev/cu.usbserial-58870137921,"RX,1141046,R35,TXC,N31,101,412385,G,0,0.93,0.90,5,U,-108,-1.00"
RX,1141291,R35,TXA,N01,410,412627,C,1,0.81,0.78,5.0,F,-108.0,-1.75,True,,2026-07-13T13:39:30.123+00:00,/dev/cu.usbserial-58870137921,"RX,1141291,R35,TXA,N01,410,412627,C,1,0.81,0.78,5,F,-108,-1.75"
RX,1142291,R35,TXA,N01,411,413627,D,1,0.24,0.22,5.0,F,-108.0,-2.25,True,,2026-07-13T13:39:31.123+00:00,/dev/cu.usbserial-58870137921,"RX,1142291,R35,TXA,N01,411,413627,D,1,0.24,0.22,5,F,-108,-2.25"
RX,1143291,R35,TXA,N01,412,414627,E,0,0.87,0.84,5.0,F,-107.0,-3.0,True,,2026-07-13T13:39:32.123+00:00,/dev/cu.usbserial-58870137921,"RX,1143291,R35,TXA,N01,412,414627,E,0,0.87,0.84,5,F,-107,-3.00"
RX,1144291,R35,TXA,N01,413,415627,F,1,0.28,0.26,5.0,F,-108.0,-4.25,True,,2026-07-13T13:39:33.122+00:00,/dev/cu.usbserial-58870137921,"RX,1144291,R35,TXA,N01,413,415627,F,1,0.28,0.26,5,F,-108,-4.25"
RX,1144582,R35,TXL,N166,27,415917,G,1,0.93,0.9,5.0,U,-108.0,-3.0,True,,2026-07-13T13:39:33.414+00:00,/dev/cu.usbserial-58870137921,"RX,1144582,R35,TXL,N166,27,415917,G,1,0.93,0.90,5,U,-108,-3.00"
RX,1145093,R35,TXD,N46,51,416431,G,1,0.93,0.9,5.0,U,-108.0,-3.5,True,,2026-07-13T13:39:33.925+00:00,/dev/cu.usbserial-58870137921,"RX,1145093,R35,TXD,N46,51,416431,G,1,0.93,0.90,5,U,-108,-3.50"
RX,1145291,R35,TXA,N01,414,416627,G,1,0.93,0.9,5.0,F,-108.0,-5.25,True,,2026-07-13T13:39:34.123+00:00,/dev/cu.usbserial-58870137921,"RX,1145291,R35,TXA,N01,414,416627,G,1,0.93,0.90,5,F,-108,-5.25"
RX,1145739,R35,TXG,N91,50,417081,G,0,0.93,0.9,5.0,U,-108.0,-7.75,True,,2026-07-13T13:39:34.571+00:00,/dev/cu.usbserial-58870137921,"RX,1145739,R35,TXG,N91,50,417081,G,0,0.93,0.90,5,U,-108,-7.75"
RX,1146291,R35,TXA,N01,415,417627,H,0,0.32,0.3,5.0,F,-108.0,-5.5,True,,2026-07-13T13:39:35.123+00:00,/dev/cu.usbserial-58870137921,"RX,1146291,R35,TXA,N01,415,417627,H,0,0.32,0.30,5,F,-108,-5.50"
RX,1146947,R35,TXJ,N136,50,418281,G,0,0.93,0.9,5.0,U,-108.0,-7.0,True,,2026-07-13T13:39:35.779+00:00,/dev/cu.usbserial-58870137921,"RX,1146947,R35,TXJ,N136,50,418281,G,0,0.93,0.90,5,U,-108,-7.00"
RX,1147046,R35,TXC,N31,102,418385,E,0,0.87,0.84,5.0,U,-107.0,-1.75,True,,2026-07-13T13:39:35.878+00:00,/dev/cu.usbserial-58870137921,"RX,1147046,R35,TXC,N31,102,418385,E,0,0.87,0.84,5,U,-107,-1.75"
RX,1147291,R35,TXA,N01,416,418627,A,1,0.75,0.72,5.0,F,-108.0,-5.5,True,,2026-07-13T13:39:36.123+00:00,/dev/cu.usbserial-58870137921,"RX,1147291,R35,TXA,N01,416,418627,A,1,0.75,0.72,5,F,-108,-5.50"
RX,1148291,R35,TXA,N01,417,419627,B,1,0.2,0.18,5.0,F,-108.0,-5.0,True,,2026-07-13T13:39:37.123+00:00,/dev/cu.usbserial-58870137921,"RX,1148291,R35,TXA,N01,417,419627,B,1,0.20,0.18,5,F,-108,-5.00"
RX,1149046,R35,TXC,N31,103,420385,G,1,0.93,0.9,5.0,U,-107.0,0.25,True,,2026-07-13T13:39:37.878+00:00,/dev/cu.usbserial-58870137921,"RX,1149046,R35,TXC,N31,103,420385,G,1,0.93,0.90,5,U,-107,0.25"
RX,1149291,R35,TXA,N01,418,420627,C,0,0.81,0.78,5.0,F,-109.0,-4.0,True,,2026-07-13T13:39:38.123+00:00,/dev/cu.usbserial-58870137921,"RX,1149291,R35,TXA,N01,418,420627,C,0,0.81,0.78,5,F,-109,-4.00"
RX,1150291,R35,TXA,N01,419,421627,D,1,0.24,0.22,5.0,F,-108.0,-4.75,True,,2026-07-13T13:39:39.123+00:00,/dev/cu.usbserial-58870137921,"RX,1150291,R35,TXA,N01,419,421627,D,1,0.24,0.22,5,F,-108,-4.75"
RX,1151291,R35,TXA,N01,420,422627,E,1,0.87,0.84,5.0,F,-109.0,-4.5,True,,2026-07-13T13:39:40.123+00:00,/dev/cu.usbserial-58870137921,"RX,1151291,R35,TXA,N01,420,422627,E,1,0.87,0.84,5,F,-109,-4.50"
RX,1152291,R35,TXA,N01,421,423627,F,0,0.28,0.26,5.0,F,-108.0,-5.0,True,,2026-07-13T13:39:41.123+00:00,/dev/cu.usbserial-58870137921,"RX,1152291,R35,TXA,N01,421,423627,F,0,0.28,0.26,5,F,-108,-5.00"
RX,1153093,R35,TXD,N46,52,424431,G,1,0.93,0.9,5.0,U,-108.0,-3.0,True,,2026-07-13T13:39:41.926+00:00,/dev/cu.usbserial-58870137921,"RX,1153093,R35,TXD,N46,52,424431,G,1,0.93,0.90,5,U,-108,-3.00"
RX,1153291,R35,TXA,N01,422,424627,G,1,0.93,0.9,5.0,F,-109.0,-4.75,True,,2026-07-13T13:39:42.124+00:00,/dev/cu.usbserial-58870137921,"RX,1153291,R35,TXA,N01,422,424627,G,1,0.93,0.90,5,F,-109,-4.75"
RX,1153739,R35,TXG,N91,51,425081,G,1,0.93,0.9,5.0,U,-110.0,-7.75,True,,2026-07-13T13:39:42.571+00:00,/dev/cu.usbserial-58870137921,"RX,1153739,R35,TXG,N91,51,425081,G,1,0.93,0.90,5,U,-110,-7.75"
RX,1154291,R35,TXA,N01,423,425627,H,1,0.32,0.3,5.0,F,-109.0,-4.25,True,,2026-07-13T13:39:43.123+00:00,/dev/cu.usbserial-58870137921,"RX,1154291,R35,TXA,N01,423,425627,H,1,0.32,0.30,5,F,-109,-4.25"
RX,1154435,R35,TXK,N151,212,425764,A,0,0.75,0.72,5.0,U,-109.0,-9.0,True,,2026-07-13T13:39:43.267+00:00,/dev/cu.usbserial-58870137921,"RX,1154435,R35,TXK,N151,212,425764,A,0,0.75,0.72,5,U,-109,-9.00"
RX,1154947,R35,TXJ,N136,51,426281,G,1,0.93,0.9,5.0,U,-109.0,-5.25,True,,2026-07-13T13:39:43.779+00:00,/dev/cu.usbserial-58870137921,"RX,1154947,R35,TXJ,N136,51,426281,G,1,0.93,0.90,5,U,-109,-5.25"
RX,1155046,R35,TXC,N31,104,426385,E,1,0.87,0.84,5.0,U,-107.0,-0.25,True,,2026-07-13T13:39:43.877+00:00,/dev/cu.usbserial-58870137921,"RX,1155046,R35,TXC,N31,104,426385,E,1,0.87,0.84,5,U,-107,-0.25"
RX,1155291,R35,TXA,N01,424,426627,A,0,0.75,0.72,5.0,F,-108.0,-5.5,True,,2026-07-13T13:39:44.123+00:00,/dev/cu.usbserial-58870137921,"RX,1155291,R35,TXA,N01,424,426627,A,0,0.75,0.72,5,F,-108,-5.50"
RX,1156291,R35,TXA,N01,425,427627,B,1,0.2,0.18,5.0,F,-109.0,-5.5,True,,2026-07-13T13:39:45.123+00:00,/dev/cu.usbserial-58870137921,"RX,1156291,R35,TXA,N01,425,427627,B,1,0.20,0.18,5,F,-109,-5.50"
RX,1157046,R35,TXC,N31,105,428385,G,1,0.93,0.9,5.0,U,-107.0,-1.75,True,,2026-07-13T13:39:45.878+00:00,/dev/cu.usbserial-58870137921,"RX,1157046,R35,TXC,N31,105,428385,G,1,0.93,0.90,5,U,-107,-1.75"
RX,1157291,R35,TXA,N01,426,428627,C,1,0.81,0.78,5.0,F,-108.0,-4.75,True,,2026-07-13T13:39:46.123+00:00,/dev/cu.usbserial-58870137921,"RX,1157291,R35,TXA,N01,426,428627,C,1,0.81,0.78,5,F,-108,-4.75"
RX,1158152,R35,TXI,N121,105,429482,G,1,0.93,0.9,5.0,U,-109.0,-8.5,True,,2026-07-13T13:39:46.985+00:00,/dev/cu.usbserial-58870137921,"RX,1158152,R35,TXI,N121,105,429482,G,1,0.93,0.90,5,U,-109,-8.50"
RX,1158291,R35,TXA,N01,427,429627,D,0,0.24,0.22,5.0,F,-108.0,-3.75,True,,2026-07-13T13:39:47.123+00:00,/dev/cu.usbserial-58870137921,"RX,1158291,R35,TXA,N01,427,429627,D,0,0.24,0.22,5,F,-108,-3.75"
RX,1158435,R35,TXK,N151,214,429764,E,1,0.87,0.84,5.0,U,-109.0,-7.5,True,,2026-07-13T13:39:47.267+00:00,/dev/cu.usbserial-58870137921,"RX,1158435,R35,TXK,N151,214,429764,E,1,0.87,0.84,5,U,-109,-7.50"
RX,1159291,R35,TXA,N01,428,430627,E,1,0.87,0.84,5.0,F,-108.0,-4.75,True,,2026-07-13T13:39:48.123+00:00,/dev/cu.usbserial-58870137921,"RX,1159291,R35,TXA,N01,428,430627,E,1,0.87,0.84,5,F,-108,-4.75"
RX,1160291,R35,TXA,N01,429,431627,F,1,0.28,0.26,5.0,F,-109.0,-3.75,True,,2026-07-13T13:39:49.123+00:00,/dev/cu.usbserial-58870137921,"RX,1160291,R35,TXA,N01,429,431627,F,1,0.28,0.26,5,F,-109,-3.75"
RX,1160435,R35,TXK,N151,215,431764,G,0,0.93,0.9,5.0,U,-109.0,-7.5,True,,2026-07-13T13:39:49.267+00:00,/dev/cu.usbserial-58870137921,"RX,1160435,R35,TXK,N151,215,431764,G,0,0.93,0.90,5,U,-109,-7.50"
RX,1161093,R35,TXD,N46,53,432431,G,0,0.93,0.9,5.0,U,-108.0,-2.25,True,,2026-07-13T13:39:49.926+00:00,/dev/cu.usbserial-58870137921,"RX,1161093,R35,TXD,N46,53,432431,G,0,0.93,0.90,5,U,-108,-2.25"
RX,1161291,R35,TXA,N01,430,432627,G,0,0.93,0.9,5.0,F,-108.0,-4.25,True,,2026-07-13T13:39:50.123+00:00,/dev/cu.usbserial-58870137921,"RX,1161291,R35,TXA,N01,430,432627,G,0,0.93,0.90,5,F,-108,-4.25"
RX,1161739,R35,TXG,N91,52,433081,G,1,0.93,0.9,5.0,U,-109.0,-5.25,True,,2026-07-13T13:39:50.571+00:00,/dev/cu.usbserial-58870137921,"RX,1161739,R35,TXG,N91,52,433081,G,1,0.93,0.90,5,U,-109,-5.25"
RX,1162291,R35,TXA,N01,431,433627,H,1,0.32,0.3,5.0,F,-109.0,-6.0,True,,2026-07-13T13:39:51.123+00:00,/dev/cu.usbserial-58870137921,"RX,1162291,R35,TXA,N01,431,433627,H,1,0.32,0.30,5,F,-109,-6.00"
RX,1162435,R35,TXK,N151,216,433764,A,1,0.75,0.72,5.0,U,-109.0,-7.5,True,,2026-07-13T13:39:51.267+00:00,/dev/cu.usbserial-58870137921,"RX,1162435,R35,TXK,N151,216,433764,A,1,0.75,0.72,5,U,-109,-7.50"
RX,1162947,R35,TXJ,N136,52,434281,G,1,0.93,0.9,5.0,U,-108.0,-5.75,True,,2026-07-13T13:39:51.779+00:00,/dev/cu.usbserial-58870137921,"RX,1162947,R35,TXJ,N136,52,434281,G,1,0.93,0.90,5,U,-108,-5.75"
RX,1163046,R35,TXC,N31,106,434385,E,1,0.87,0.84,5.0,U,-107.0,-0.25,True,,2026-07-13T13:39:51.878+00:00,/dev/cu.usbserial-58870137921,"RX,1163046,R35,TXC,N31,106,434385,E,1,0.87,0.84,5,U,-107,-0.25"
RX,1163291,R35,TXA,N01,432,434627,A,1,0.75,0.72,5.0,F,-109.0,-6.0,True,,2026-07-13T13:39:52.123+00:00,/dev/cu.usbserial-58870137921,"RX,1163291,R35,TXA,N01,432,434627,A,1,0.75,0.72,5,F,-109,-6.00"
RX,1164291,R35,TXA,N01,433,435627,B,0,0.2,0.18,5.0,F,-109.0,-6.0,True,,2026-07-13T13:39:53.123+00:00,/dev/cu.usbserial-58870137921,"RX,1164291,R35,TXA,N01,433,435627,B,0,0.20,0.18,5,F,-109,-6.00"
RX,1165046,R35,TXC,N31,107,436385,G,0,0.93,0.9,5.0,U,-107.0,-0.75,True,,2026-07-13T13:39:53.878+00:00,/dev/cu.usbserial-58870137921,"RX,1165046,R35,TXC,N31,107,436385,G,0,0.93,0.90,5,U,-107,-0.75"
RX,1165291,R35,TXA,N01,434,436627,C,1,0.81,0.78,5.0,F,-109.0,-8.0,True,,2026-07-13T13:39:54.123+00:00,/dev/cu.usbserial-58870137921,"RX,1165291,R35,TXA,N01,434,436627,C,1,0.81,0.78,5,F,-109,-8.00"
RX,1166291,R35,TXA,N01,435,437627,D,1,0.24,0.22,5.0,F,-109.0,-6.5,True,,2026-07-13T13:39:55.123+00:00,/dev/cu.usbserial-58870137921,"RX,1166291,R35,TXA,N01,435,437627,D,1,0.24,0.22,5,F,-109,-6.50"
RX,1168291,R35,TXA,N01,437,439627,F,1,0.28,0.26,5.0,F,-109.0,-2.25,True,,2026-07-13T13:39:57.123+00:00,/dev/cu.usbserial-58870137921,"RX,1168291,R35,TXA,N01,437,439627,F,1,0.28,0.26,5,F,-109,-2.25"
RX,1169093,R35,TXD,N46,54,440431,G,1,0.93,0.9,5.0,U,-109.0,-2.75,True,,2026-07-13T13:39:57.925+00:00,/dev/cu.usbserial-58870137921,"RX,1169093,R35,TXD,N46,54,440431,G,1,0.93,0.90,5,U,-109,-2.75"
RX,1169291,R35,TXA,N01,438,440627,G,1,0.93,0.9,5.0,F,-109.0,-1.5,True,,2026-07-13T13:39:58.123+00:00,/dev/cu.usbserial-58870137921,"RX,1169291,R35,TXA,N01,438,440627,G,1,0.93,0.90,5,F,-109,-1.50"
RX,1170291,R35,TXA,N01,439,441627,H,0,0.32,0.3,5.0,F,-109.0,-2.25,True,,2026-07-13T13:39:59.123+00:00,/dev/cu.usbserial-58870137921,"RX,1170291,R35,TXA,N01,439,441627,H,0,0.32,0.30,5,F,-109,-2.25"
RX,1170788,R35,TXF,N76,109,442131,G,1,0.93,0.9,5.0,U,-109.0,-7.5,True,,2026-07-13T13:39:59.620+00:00,/dev/cu.usbserial-58870137921,"RX,1170788,R35,TXF,N76,109,442131,G,1,0.93,0.90,5,U,-109,-7.50"
RX,1170947,R35,TXJ,N136,53,442281,G,0,0.93,0.9,5.0,U,-108.0,-2.0,True,,2026-07-13T13:39:59.779+00:00,/dev/cu.usbserial-58870137921,"RX,1170947,R35,TXJ,N136,53,442281,G,0,0.93,0.90,5,U,-108,-2.00"
RX,1171045,R35,TXC,N31,108,442385,E,0,0.87,0.84,5.0,U,-110.0,-6.25,True,,2026-07-13T13:39:59.877+00:00,/dev/cu.usbserial-58870137921,"RX,1171045,R35,TXC,N31,108,442385,E,0,0.87,0.84,5,U,-110,-6.25"
RX,1171291,R35,TXA,N01,440,442627,A,1,0.75,0.72,5.0,F,-109.0,-1.75,True,,2026-07-13T13:40:00.123+00:00,/dev/cu.usbserial-58870137921,"RX,1171291,R35,TXA,N01,440,442627,A,1,0.75,0.72,5,F,-109,-1.75"
RX,1172042,R35,TXE,N61,217,443383,C,1,0.81,0.78,5.0,U,-110.0,-4.0,True,,2026-07-13T13:40:00.874+00:00,/dev/cu.usbserial-58870137921,"RX,1172042,R35,TXE,N61,217,443383,C,1,0.81,0.78,5,U,-110,-4.00"
RX,1172152,R35,TXI,N121,108,443482,E,0,0.87,0.84,5.0,U,-109.0,-4.75,True,,2026-07-13T13:40:00.985+00:00,/dev/cu.usbserial-58870137921,"RX,1172152,R35,TXI,N121,108,443482,E,0,0.87,0.84,5,U,-109,-4.75"
RX,1172291,R35,TXA,N01,441,443627,B,1,0.2,0.18,5.0,F,-107.0,0.75,True,,2026-07-13T13:40:01.123+00:00,/dev/cu.usbserial-58870137921,"RX,1172291,R35,TXA,N01,441,443627,B,1,0.20,0.18,5,F,-107,0.75"
RX,1172435,R35,TXK,N151,221,443764,C,0,0.81,0.78,5.0,U,-110.0,-4.25,True,,2026-07-13T13:40:01.267+00:00,/dev/cu.usbserial-58870137921,"RX,1172435,R35,TXK,N151,221,443764,C,0,0.81,0.78,5,U,-110,-4.25"
RX,1173045,R35,TXC,N31,109,444385,G,1,0.93,0.9,5.0,U,-106.0,2.25,True,,2026-07-13T13:40:01.878+00:00,/dev/cu.usbserial-58870137921,"RX,1173045,R35,TXC,N31,109,444385,G,1,0.93,0.90,5,U,-106,2.25"
RX,1173291,R35,TXA,N01,442,444627,C,0,0.81,0.78,5.0,F,-108.0,1.0,True,,2026-07-13T13:40:02.123+00:00,/dev/cu.usbserial-58870137921,"RX,1173291,R35,TXA,N01,442,444627,C,0,0.81,0.78,5,F,-108,1.00"
RX,1174291,R35,TXA,N01,443,445627,D,1,0.24,0.22,5.0,F,-108.0,0.5,True,,2026-07-13T13:40:03.123+00:00,/dev/cu.usbserial-58870137921,"RX,1174291,R35,TXA,N01,443,445627,D,1,0.24,0.22,5,F,-108,0.50"
RX,1175291,R35,TXA,N01,444,446627,E,1,0.87,0.84,5.0,F,-109.0,-3.75,True,,2026-07-13T13:40:04.123+00:00,/dev/cu.usbserial-58870137921,"RX,1175291,R35,TXA,N01,444,446627,E,1,0.87,0.84,5,F,-109,-3.75"
RX,1176291,R35,TXA,N01,445,447627,F,0,0.28,0.26,5.0,F,-109.0,-3.25,True,,2026-07-13T13:40:05.123+00:00,/dev/cu.usbserial-58870137921,"RX,1176291,R35,TXA,N01,445,447627,F,0,0.28,0.26,5,F,-109,-3.25"
RX,1176435,R35,TXK,N151,223,447764,G,1,0.93,0.9,5.0,U,-110.0,-5.0,True,,2026-07-13T13:40:05.267+00:00,/dev/cu.usbserial-58870137921,"RX,1176435,R35,TXK,N151,223,447764,G,1,0.93,0.90,5,U,-110,-5.00"
RX,1177093,R35,TXD,N46,55,448431,G,1,0.93,0.9,5.0,U,-109.0,-3.5,True,,2026-07-13T13:40:05.925+00:00,/dev/cu.usbserial-58870137921,"RX,1177093,R35,TXD,N46,55,448431,G,1,0.93,0.90,5,U,-109,-3.50"
RX,1177291,R35,TXA,N01,446,448627,G,1,0.93,0.9,5.0,F,-109.0,-2.0,True,,2026-07-13T13:40:06.123+00:00,/dev/cu.usbserial-58870137921,"RX,1177291,R35,TXA,N01,446,448627,G,1,0.93,0.90,5,F,-109,-2.00"
RX,1177739,R35,TXG,N91,54,449081,G,1,0.93,0.9,5.0,U,-110.0,-4.25,True,,2026-07-13T13:40:06.571+00:00,/dev/cu.usbserial-58870137921,"RX,1177739,R35,TXG,N91,54,449081,G,1,0.93,0.90,5,U,-110,-4.25"
RX,1178291,R35,TXA,N01,447,449627,H,1,0.32,0.3,5.0,F,-109.0,-2.0,True,,2026-07-13T13:40:07.123+00:00,/dev/cu.usbserial-58870137921,"RX,1178291,R35,TXA,N01,447,449627,H,1,0.32,0.30,5,F,-109,-2.00"
RX,1178435,R35,TXK,N151,224,449764,A,1,0.75,0.72,5.0,U,-110.0,-7.5,True,,2026-07-13T13:40:07.267+00:00,/dev/cu.usbserial-58870137921,"RX,1178435,R35,TXK,N151,224,449764,A,1,0.75,0.72,5,U,-110,-7.50"
RX,1178788,R35,TXF,N76,111,450131,G,1,0.93,0.9,5.0,U,-110.0,-8.25,True,,2026-07-13T13:40:07.620+00:00,/dev/cu.usbserial-58870137921,"RX,1178788,R35,TXF,N76,111,450131,G,1,0.93,0.90,5,U,-110,-8.25"
RX,1178947,R35,TXJ,N136,54,450281,G,1,0.93,0.9,5.0,U,-109.0,-2.75,True,,2026-07-13T13:40:07.779+00:00,/dev/cu.usbserial-58870137921,"RX,1178947,R35,TXJ,N136,54,450281,G,1,0.93,0.90,5,U,-109,-2.75"
RX,1179045,R35,TXC,N31,110,450385,E,1,0.87,0.84,5.0,U,-108.0,1.5,True,,2026-07-13T13:40:07.878+00:00,/dev/cu.usbserial-58870137921,"RX,1179045,R35,TXC,N31,110,450385,E,1,0.87,0.84,5,U,-108,1.50"
RX,1179291,R35,TXA,N01,448,450627,A,1,0.75,0.72,5.0,F,-108.0,-1.5,True,,2026-07-13T13:40:08.123+00:00,/dev/cu.usbserial-58870137921,"RX,1179291,R35,TXA,N01,448,450627,A,1,0.75,0.72,5,F,-108,-1.50"
RX,1180152,R35,TXI,N121,110,451482,E,1,0.87,0.84,5.0,U,-111.0,-6.25,True,,2026-07-13T13:40:08.985+00:00,/dev/cu.usbserial-58870137921,"RX,1180152,R35,TXI,N121,110,451482,E,1,0.87,0.84,5,U,-111,-6.25"
RX,1180291,R35,TXA,N01,449,451627,B,0,0.2,0.18,5.0,F,-109.0,-1.25,True,,2026-07-13T13:40:09.123+00:00,/dev/cu.usbserial-58870137921,"RX,1180291,R35,TXA,N01,449,451627,B,0,0.20,0.18,5,F,-109,-1.25"
RX,1180434,R35,TXK,N151,225,451764,C,1,0.81,0.78,5.0,U,-111.0,-6.25,True,,2026-07-13T13:40:09.267+00:00,/dev/cu.usbserial-58870137921,"RX,1180434,R35,TXK,N151,225,451764,C,1,0.81,0.78,5,U,-111,-6.25"
RX,1181045,R35,TXC,N31,111,452385,G,1,0.93,0.9,5.0,U,-107.0,1.5,True,,2026-07-13T13:40:09.878+00:00,/dev/cu.usbserial-58870137921,"RX,1181045,R35,TXC,N31,111,452385,G,1,0.93,0.90,5,U,-107,1.50"
RX,1181291,R35,TXA,N01,450,452627,C,1,0.81,0.78,5.0,F,-109.0,-1.25,True,,2026-07-13T13:40:10.123+00:00,/dev/cu.usbserial-58870137921,"RX,1181291,R35,TXA,N01,450,452627,C,1,0.81,0.78,5,F,-109,-1.25"
RX,1182291,R35,TXA,N01,451,453627,D,1,0.24,0.22,5.0,F,-108.0,-3.75,True,,2026-07-13T13:40:11.123+00:00,/dev/cu.usbserial-58870137921,"RX,1182291,R35,TXA,N01,451,453627,D,1,0.24,0.22,5,F,-108,-3.75"
RX,1182434,R35,TXK,N151,226,453764,E,0,0.87,0.84,5.0,U,-110.0,-7.0,True,,2026-07-13T13:40:11.267+00:00,/dev/cu.usbserial-58870137921,"RX,1182434,R35,TXK,N151,226,453764,E,0,0.87,0.84,5,U,-110,-7.00"
RX,1183291,R35,TXA,N01,452,454627,E,0,0.87,0.84,5.0,F,-110.0,-3.0,True,,2026-07-13T13:40:12.123+00:00,/dev/cu.usbserial-58870137921,"RX,1183291,R35,TXA,N01,452,454627,E,0,0.87,0.84,5,F,-110,-3.00"
RX,1184291,R35,TXA,N01,453,455627,F,1,0.28,0.26,5.0,F,-108.0,-1.5,True,,2026-07-13T13:40:13.123+00:00,/dev/cu.usbserial-58870137921,"RX,1184291,R35,TXA,N01,453,455627,F,1,0.28,0.26,5,F,-108,-1.50"
RX,1184434,R35,TXK,N151,227,455764,G,1,0.93,0.9,5.0,U,-110.0,-5.0,True,,2026-07-13T13:40:13.267+00:00,/dev/cu.usbserial-58870137921,"RX,1184434,R35,TXK,N151,227,455764,G,1,0.93,0.90,5,U,-110,-5.00"
RX,1184581,R35,TXL,N166,28,455917,G,1,0.93,0.9,5.0,U,-108.0,-1.75,True,,2026-07-13T13:40:13.414+00:00,/dev/cu.usbserial-58870137921,"RX,1184581,R35,TXL,N166,28,455917,G,1,0.93,0.90,5,U,-108,-1.75"
RX,1185093,R35,TXD,N46,56,456431,G,1,0.93,0.9,5.0,U,-109.0,-3.25,True,,2026-07-13T13:40:13.926+00:00,/dev/cu.usbserial-58870137921,"RX,1185093,R35,TXD,N46,56,456431,G,1,0.93,0.90,5,U,-109,-3.25"
RX,1185291,R35,TXA,N01,454,456627,G,1,0.93,0.9,5.0,F,-109.0,-2.75,True,,2026-07-13T13:40:14.123+00:00,/dev/cu.usbserial-58870137921,"RX,1185291,R35,TXA,N01,454,456627,G,1,0.93,0.90,5,F,-109,-2.75"
RX,1185739,R35,TXG,N91,55,457081,G,1,0.93,0.9,5.0,U,-109.0,-3.75,True,,2026-07-13T13:40:14.571+00:00,/dev/cu.usbserial-58870137921,"RX,1185739,R35,TXG,N91,55,457081,G,1,0.93,0.90,5,U,-109,-3.75"
RX,1186291,R35,TXA,N01,455,457627,H,0,0.32,0.3,5.0,F,-110.0,-5.0,True,,2026-07-13T13:40:15.122+00:00,/dev/cu.usbserial-58870137921,"RX,1186291,R35,TXA,N01,455,457627,H,0,0.32,0.30,5,F,-110,-5.00"
RX,1186434,R35,TXK,N151,228,457764,A,1,0.75,0.72,5.0,U,-109.0,-3.75,True,,2026-07-13T13:40:15.267+00:00,/dev/cu.usbserial-58870137921,"RX,1186434,R35,TXK,N151,228,457764,A,1,0.75,0.72,5,U,-109,-3.75"
RX,1186947,R35,TXJ,N136,55,458281,G,1,0.93,0.9,5.0,U,-110.0,-7.25,True,,2026-07-13T13:40:15.779+00:00,/dev/cu.usbserial-58870137921,"RX,1186947,R35,TXJ,N136,55,458281,G,1,0.93,0.90,5,U,-110,-7.25"
RX,1187045,R35,TXC,N31,112,458385,E,0,0.87,0.84,5.0,U,-108.0,0.5,True,,2026-07-13T13:40:15.877+00:00,/dev/cu.usbserial-58870137921,"RX,1187045,R35,TXC,N31,112,458385,E,0,0.87,0.84,5,U,-108,0.50"
RX,1187291,R35,TXA,N01,456,458627,A,1,0.75,0.72,5.0,F,-110.0,-5.0,True,,2026-07-13T13:40:16.123+00:00,/dev/cu.usbserial-58870137921,"RX,1187291,R35,TXA,N01,456,458627,A,1,0.75,0.72,5,F,-110,-5.00"
RX,1188152,R35,TXI,N121,112,459482,E,0,0.87,0.84,5.0,U,-111.0,-7.5,True,,2026-07-13T13:40:16.984+00:00,/dev/cu.usbserial-58870137921,"RX,1188152,R35,TXI,N121,112,459482,E,0,0.87,0.84,5,U,-111,-7.50"
RX,1188291,R35,TXA,N01,457,459627,B,1,0.2,0.18,5.0,F,-108.0,-2.0,True,,2026-07-13T13:40:17.123+00:00,/dev/cu.usbserial-58870137921,"RX,1188291,R35,TXA,N01,457,459627,B,1,0.20,0.18,5,F,-108,-2.00"
RX,1188434,R35,TXK,N151,229,459764,C,0,0.81,0.78,5.0,U,-109.0,-4.0,True,,2026-07-13T13:40:17.266+00:00,/dev/cu.usbserial-58870137921,"RX,1188434,R35,TXK,N151,229,459764,C,0,0.81,0.78,5,U,-109,-4.00"
RX,1189045,R35,TXC,N31,113,460385,G,1,0.93,0.9,5.0,U,-108.0,0.0,True,,2026-07-13T13:40:17.877+00:00,/dev/cu.usbserial-58870137921,"RX,1189045,R35,TXC,N31,113,460385,G,1,0.93,0.90,5,U,-108,0.00"
RX,1189291,R35,TXA,N01,458,460627,C,0,0.81,0.78,5.0,F,-108.0,-1.75,True,,2026-07-13T13:40:18.123+00:00,/dev/cu.usbserial-58870137921,"RX,1189291,R35,TXA,N01,458,460627,C,0,0.81,0.78,5,F,-108,-1.75"
RX,1190152,R35,TXI,N121,113,461482,G,1,0.93,0.9,5.0,U,-109.0,-7.0,True,,2026-07-13T13:40:18.984+00:00,/dev/cu.usbserial-58870137921,"RX,1190152,R35,TXI,N121,113,461482,G,1,0.93,0.90,5,U,-109,-7.00"
RX,1190291,R35,TXA,N01,459,461627,D,1,0.24,0.22,5.0,F,-108.0,-3.0,True,,2026-07-13T13:40:19.123+00:00,/dev/cu.usbserial-58870137921,"RX,1190291,R35,TXA,N01,459,461627,D,1,0.24,0.22,5,F,-108,-3.00"
RX,1190434,R35,TXK,N151,230,461764,E,1,0.87,0.84,5.0,U,-109.0,-6.25,True,,2026-07-13T13:40:19.267+00:00,/dev/cu.usbserial-58870137921,"RX,1190434,R35,TXK,N151,230,461764,E,1,0.87,0.84,5,U,-109,-6.25"
RX,1191290,R35,TXA,N01,460,462627,E,1,0.87,0.84,5.0,F,-108.0,-3.0,True,,2026-07-13T13:40:20.123+00:00,/dev/cu.usbserial-58870137921,"RX,1191290,R35,TXA,N01,460,462627,E,1,0.87,0.84,5,F,-108,-3.00"
RX,1192042,R35,TXE,N61,227,463383,G,1,0.93,0.9,5.0,U,-110.0,-9.0,True,,2026-07-13T13:40:20.874+00:00,/dev/cu.usbserial-58870137921,"RX,1192042,R35,TXE,N61,227,463383,G,1,0.93,0.90,5,U,-110,-9.00"
RX,1192291,R35,TXA,N01,461,463627,F,0,0.28,0.26,5.0,F,-108.0,-2.5,True,,2026-07-13T13:40:21.123+00:00,/dev/cu.usbserial-58870137921,"RX,1192291,R35,TXA,N01,461,463627,F,0,0.28,0.26,5,F,-108,-2.50"
RX,1192401,R35,TXH,N106,29,463743,G,1,0.93,0.9,5.0,U,-109.0,-5.25,True,,2026-07-13T13:40:21.233+00:00,/dev/cu.usbserial-58870137921,"RX,1192401,R35,TXH,N106,29,463743,G,1,0.93,0.90,5,U,-109,-5.25"
RX,1192581,R35,TXL,N166,29,463917,G,1,0.93,0.9,5.0,U,-109.0,-2.5,True,,2026-07-13T13:40:21.414+00:00,/dev/cu.usbserial-58870137921,"RX,1192581,R35,TXL,N166,29,463917,G,1,0.93,0.90,5,U,-109,-2.50"
RX,1192788,R35,TXF,N76,114,464131,E,1,0.87,0.84,5.0,U,-110.0,-8.25,True,,2026-07-13T13:40:21.620+00:00,/dev/cu.usbserial-58870137921,"RX,1192788,R35,TXF,N76,114,464131,E,1,0.87,0.84,5,U,-110,-8.25"
RX,1193093,R35,TXD,N46,57,464431,G,1,0.93,0.9,5.0,U,-108.0,-1.25,True,,2026-07-13T13:40:21.926+00:00,/dev/cu.usbserial-58870137921,"RX,1193093,R35,TXD,N46,57,464431,G,1,0.93,0.90,5,U,-108,-1.25"
RX,1193291,R35,TXA,N01,462,464627,G,1,0.93,0.9,5.0,F,-108.0,-1.75,True,,2026-07-13T13:40:22.123+00:00,/dev/cu.usbserial-58870137921,"RX,1193291,R35,TXA,N01,462,464627,G,1,0.93,0.90,5,F,-108,-1.75"
RX,1193739,R35,TXG,N91,56,465081,G,1,0.93,0.9,5.0,U,-110.0,-4.25,True,,2026-07-13T13:40:22.571+00:00,/dev/cu.usbserial-58870137921,"RX,1193739,R35,TXG,N91,56,465081,G,1,0.93,0.90,5,U,-110,-4.25"
RX,1194291,R35,TXA,N01,463,465627,H,1,0.32,0.3,5.0,F,-108.0,-0.75,True,,2026-07-13T13:40:23.123+00:00,/dev/cu.usbserial-58870137921,"RX,1194291,R35,TXA,N01,463,465627,H,1,0.32,0.30,5,F,-108,-0.75"
RX,1194434,R35,TXK,N151,232,465764,A,0,0.75,0.72,5.0,U,-110.0,-7.5,True,,2026-07-13T13:40:23.267+00:00,/dev/cu.usbserial-58870137921,"RX,1194434,R35,TXK,N151,232,465764,A,0,0.75,0.72,5,U,-110,-7.50"
RX,1194788,R35,TXF,N76,115,466131,G,1,0.93,0.9,5.0,U,-110.0,-6.75,True,,2026-07-13T13:40:23.620+00:00,/dev/cu.usbserial-58870137921,"RX,1194788,R35,TXF,N76,115,466131,G,1,0.93,0.90,5,U,-110,-6.75"
RX,1194947,R35,TXJ,N136,56,466281,G,1,0.93,0.9,5.0,U,-108.0,-1.75,True,,2026-07-13T13:40:23.779+00:00,/dev/cu.usbserial-58870137921,"RX,1194947,R35,TXJ,N136,56,466281,G,1,0.93,0.90,5,U,-108,-1.75"
RX,1195045,R35,TXC,N31,114,466385,E,1,0.87,0.84,5.0,U,-106.0,2.25,True,,2026-07-13T13:40:23.878+00:00,/dev/cu.usbserial-58870137921,"RX,1195045,R35,TXC,N31,114,466385,E,1,0.87,0.84,5,U,-106,2.25"
RX,1195290,R35,TXA,N01,464,466627,A,0,0.75,0.72,5.0,F,-108.0,-2.75,True,,2026-07-13T13:40:24.123+00:00,/dev/cu.usbserial-58870137921,"RX,1195290,R35,TXA,N01,464,466627,A,0,0.75,0.72,5,F,-108,-2.75"
RX,1196291,R35,TXA,N01,465,467627,B,1,0.2,0.18,5.0,F,-109.0,-2.25,True,,2026-07-13T13:40:25.123+00:00,/dev/cu.usbserial-58870137921,"RX,1196291,R35,TXA,N01,465,467627,B,1,0.20,0.18,5,F,-109,-2.25"
RX,1197045,R35,TXC,N31,115,468385,G,1,0.93,0.9,5.0,U,-106.0,1.0,True,,2026-07-13T13:40:25.878+00:00,/dev/cu.usbserial-58870137921,"RX,1197045,R35,TXC,N31,115,468385,G,1,0.93,0.90,5,U,-106,1.00"
RX,1197291,R35,TXA,N01,466,468627,C,1,0.81,0.78,5.0,F,-109.0,-5.0,True,,2026-07-13T13:40:26.123+00:00,/dev/cu.usbserial-58870137921,"RX,1197291,R35,TXA,N01,466,468627,C,1,0.81,0.78,5,F,-109,-5.00"
