rx_role,recv_ms,run_id,tx_id,node_id,seq,tx_ms,region,event,priority,usefulness,stale_after,policy,rssi,snr,parse_ok,parse_error,wall_time_utc,serial_port,raw_line
RX,16005,R33,TXA,N01,0,2627,A,1,0.75,0.72,5.0,F,-40.0,9.75,True,,2026-07-05T22:46:28.797+00:00,/dev/cu.usbserial-576B0005451,"RX,16005,R33,TXA,N01,0,2627,A,1,0.75,0.72,5,F,-40,9.75"
RX,17005,R33,TXA,N01,1,3627,B,0,0.2,0.18,5.0,F,-41.0,10.75,True,,2026-07-05T22:46:29.796+00:00,/dev/cu.usbserial-576B0005451,"RX,17005,R33,TXA,N01,1,3627,B,0,0.20,0.18,5,F,-41,10.75"
RX,18005,R33,TXA,N01,2,4627,C,1,0.81,0.78,5.0,F,-43.0,10.0,True,,2026-07-05T22:46:30.796+00:00,/dev/cu.usbserial-576B0005451,"RX,18005,R33,TXA,N01,2,4627,C,1,0.81,0.78,5,F,-43,10.00"
RX,18272,R33,TXB,N16,0,4893,A,1,0.75,0.72,5.0,U,-58.0,9.5,True,,2026-07-05T22:46:31.063+00:00,/dev/cu.usbserial-576B0005451,"RX,18272,R33,TXB,N16,0,4893,A,1,0.75,0.72,5,U,-58,9.50"
RX,19005,R33,TXA,N01,3,5627,D,1,0.24,0.22,5.0,F,-44.0,9.5,True,,2026-07-05T22:46:31.796+00:00,/dev/cu.usbserial-576B0005451,"RX,19005,R33,TXA,N01,3,5627,D,1,0.24,0.22,5,F,-44,9.50"
RX,20005,R33,TXA,N01,4,6627,E,0,0.87,0.84,5.0,F,-44.0,9.75,True,,2026-07-05T22:46:32.796+00:00,/dev/cu.usbserial-576B0005451,"RX,20005,R33,TXA,N01,4,6627,E,0,0.87,0.84,5,F,-44,9.75"
RX,20271,R33,TXB,N16,1,6893,C,1,0.81,0.78,5.0,U,-59.0,9.75,True,,2026-07-05T22:46:33.063+00:00,/dev/cu.usbserial-576B0005451,"RX,20271,R33,TXB,N16,1,6893,C,1,0.81,0.78,5,U,-59,9.75"
RX,21004,R33,TXA,N01,5,7627,F,1,0.28,0.26,5.0,F,-44.0,10.5,True,,2026-07-05T22:46:33.796+00:00,/dev/cu.usbserial-576B0005451,"RX,21004,R33,TXA,N01,5,7627,F,1,0.28,0.26,5,F,-44,10.50"
RX,21119,R33,TXH,N106,0,7742,G,1,0.93,0.9,5.0,U,-45.0,9.25,True,,2026-07-05T22:46:33.911+00:00,/dev/cu.usbserial-576B0005451,"RX,21119,R33,TXH,N106,0,7742,G,1,0.93,0.90,5,U,-45,9.25"
RX,21908,R33,TXD,N46,0,8530,G,1,0.93,0.9,5.0,U,-49.0,9.5,True,,2026-07-05T22:46:34.699+00:00,/dev/cu.usbserial-576B0005451,"RX,21908,R33,TXD,N46,0,8530,G,1,0.93,0.90,5,U,-49,9.50"
RX,22004,R33,TXA,N01,6,8627,G,1,0.93,0.9,5.0,F,-44.0,9.75,True,,2026-07-05T22:46:34.796+00:00,/dev/cu.usbserial-576B0005451,"RX,22004,R33,TXA,N01,6,8627,G,1,0.93,0.90,5,F,-44,9.75"
RX,22271,R33,TXB,N16,2,8893,E,0,0.87,0.84,5.0,U,-59.0,10.0,True,,2026-07-05T22:46:35.063+00:00,/dev/cu.usbserial-576B0005451,"RX,22271,R33,TXB,N16,2,8893,E,0,0.87,0.84,5,U,-59,10.00"
RX,22753,R33,TXE,N61,0,9379,A,1,0.75,0.72,5.0,U,-46.0,10.25,True,,2026-07-05T22:46:35.544+00:00,/dev/cu.usbserial-576B0005451,"RX,22753,R33,TXE,N61,0,9379,A,1,0.75,0.72,5,U,-46,10.25"
RX,23005,R33,TXA,N01,7,9627,H,0,0.32,0.3,5.0,F,-44.0,10.0,True,,2026-07-05T22:46:35.796+00:00,/dev/cu.usbserial-576B0005451,"RX,23005,R33,TXA,N01,7,9627,H,0,0.32,0.30,5,F,-44,10.00"
RX,23509,R33,TXF,N76,1,10131,G,1,0.93,0.9,5.0,U,-49.0,9.25,True,,2026-07-05T22:46:36.301+00:00,/dev/cu.usbserial-576B0005451,"RX,23509,R33,TXF,N76,1,10131,G,1,0.93,0.90,5,U,-49,9.25"
RX,23764,R33,TXC,N31,0,10381,E,0,0.87,0.84,5.0,U,-42.0,9.5,True,,2026-07-05T22:46:36.555+00:00,/dev/cu.usbserial-576B0005451,"RX,23764,R33,TXC,N31,0,10381,E,0,0.87,0.84,5,U,-42,9.50"
RX,24010,R33,TXA,N01,8,10627,A,1,0.75,0.72,5.0,F,-45.0,9.5,True,,2026-07-05T22:46:36.802+00:00,/dev/cu.usbserial-576B0005451,"RX,24010,R33,TXA,N01,8,10627,A,1,0.75,0.72,5,F,-45,9.50"
RX,24276,R33,TXB,N16,3,10893,G,1,0.93,0.9,5.0,U,-60.0,9.5,True,,2026-07-05T22:46:37.068+00:00,/dev/cu.usbserial-576B0005451,"RX,24276,R33,TXB,N16,3,10893,G,1,0.93,0.90,5,U,-60,9.50"
RX,24757,R33,TXE,N61,1,11379,C,1,0.81,0.78,5.0,U,-47.0,9.75,True,,2026-07-05T22:46:37.548+00:00,/dev/cu.usbserial-576B0005451,"RX,24757,R33,TXE,N61,1,11379,C,1,0.81,0.78,5,U,-47,9.75"
RX,25010,R33,TXA,N01,9,11627,B,1,0.2,0.18,5.0,F,-45.0,9.75,True,,2026-07-05T22:46:37.802+00:00,/dev/cu.usbserial-576B0005451,"RX,25010,R33,TXA,N01,9,11627,B,1,0.20,0.18,5,F,-45,9.75"
RX,25763,R33,TXC,N31,1,12381,G,1,0.93,0.9,5.0,U,-42.0,9.5,True,,2026-07-05T22:46:38.555+00:00,/dev/cu.usbserial-576B0005451,"RX,25763,R33,TXC,N31,1,12381,G,1,0.93,0.90,5,U,-42,9.50"
RX,26010,R33,TXA,N01,10,12627,C,0,0.81,0.78,5.0,F,-45.0,10.0,True,,2026-07-05T22:46:38.802+00:00,/dev/cu.usbserial-576B0005451,"RX,26010,R33,TXA,N01,10,12627,C,0,0.81,0.78,5,F,-45,10.00"
RX,26276,R33,TXB,N16,4,12893,A,1,0.75,0.72,5.0,U,-60.0,9.5,True,,2026-07-05T22:46:39.068+00:00,/dev/cu.usbserial-576B0005451,"RX,26276,R33,TXB,N16,4,12893,A,1,0.75,0.72,5,U,-60,9.50"
RX,26757,R33,TXE,N61,2,13379,E,0,0.87,0.84,5.0,U,-47.0,9.75,True,,2026-07-05T22:46:39.549+00:00,/dev/cu.usbserial-576B0005451,"RX,26757,R33,TXE,N61,2,13379,E,0,0.87,0.84,5,U,-47,9.75"
RX,27010,R33,TXA,N01,11,13627,D,1,0.24,0.22,5.0,F,-44.0,9.75,True,,2026-07-05T22:46:39.802+00:00,/dev/cu.usbserial-576B0005451,"RX,27010,R33,TXA,N01,11,13627,D,1,0.24,0.22,5,F,-44,9.75"
RX,28010,R33,TXA,N01,12,14627,E,1,0.87,0.84,5.0,F,-44.0,10.25,True,,2026-07-05T22:46:40.802+00:00,/dev/cu.usbserial-576B0005451,"RX,28010,R33,TXA,N01,12,14627,E,1,0.87,0.84,5,F,-44,10.25"
RX,28276,R33,TXB,N16,5,14893,C,0,0.81,0.78,5.0,U,-60.0,9.25,True,,2026-07-05T22:46:41.068+00:00,/dev/cu.usbserial-576B0005451,"RX,28276,R33,TXB,N16,5,14893,C,0,0.81,0.78,5,U,-60,9.25"
RX,28757,R33,TXE,N61,3,15379,G,1,0.93,0.9,5.0,U,-47.0,9.5,True,,2026-07-05T22:46:41.548+00:00,/dev/cu.usbserial-576B0005451,"RX,28757,R33,TXE,N61,3,15379,G,1,0.93,0.90,5,U,-47,9.50"
RX,29010,R33,TXA,N01,13,15627,F,0,0.28,0.26,5.0,F,-45.0,10.0,True,,2026-07-05T22:46:41.802+00:00,/dev/cu.usbserial-576B0005451,"RX,29010,R33,TXA,N01,13,15627,F,0,0.28,0.26,5,F,-45,10.00"
RX,29119,R33,TXH,N106,1,15742,G,1,0.93,0.9,5.0,U,-44.0,10.0,True,,2026-07-05T22:46:41.911+00:00,/dev/cu.usbserial-576B0005451,"RX,29119,R33,TXH,N106,1,15742,G,1,0.93,0.90,5,U,-44,10.00"
RX,29912,R33,TXD,N46,1,16530,G,1,0.93,0.9,5.0,U,-48.0,9.25,True,,2026-07-05T22:46:42.704+00:00,/dev/cu.usbserial-576B0005451,"RX,29912,R33,TXD,N46,1,16530,G,1,0.93,0.90,5,U,-48,9.25"
RX,30010,R33,TXA,N01,14,16627,G,1,0.93,0.9,5.0,F,-44.0,9.75,True,,2026-07-05T22:46:42.802+00:00,/dev/cu.usbserial-576B0005451,"RX,30010,R33,TXA,N01,14,16627,G,1,0.93,0.90,5,F,-44,9.75"
RX,30276,R33,TXB,N16,6,16893,E,1,0.87,0.84,5.0,U,-59.0,9.0,True,,2026-07-05T22:46:43.068+00:00,/dev/cu.usbserial-576B0005451,"RX,30276,R33,TXB,N16,6,16893,E,1,0.87,0.84,5,U,-59,9.00"
RX,30457,R33,TXG,N91,0,17079,G,1,0.93,0.9,5.0,U,-52.0,10.0,True,,2026-07-05T22:46:43.249+00:00,/dev/cu.usbserial-576B0005451,"RX,30457,R33,TXG,N91,0,17079,G,1,0.93,0.90,5,U,-52,10.00"
RX,30757,R33,TXE,N61,4,17379,A,1,0.75,0.72,5.0,U,-47.0,10.0,True,,2026-07-05T22:46:43.549+00:00,/dev/cu.usbserial-576B0005451,"RX,30757,R33,TXE,N61,4,17379,A,1,0.75,0.72,5,U,-47,10.00"
RX,31010,R33,TXA,N01,15,17627,H,1,0.32,0.3,5.0,F,-45.0,9.75,True,,2026-07-05T22:46:43.802+00:00,/dev/cu.usbserial-576B0005451,"RX,31010,R33,TXA,N01,15,17627,H,1,0.32,0.30,5,F,-45,9.75"
RX,31509,R33,TXF,N76,3,18131,G,1,0.93,0.9,5.0,U,-49.0,9.5,True,,2026-07-05T22:46:44.300+00:00,/dev/cu.usbserial-576B0005451,"RX,31509,R33,TXF,N76,3,18131,G,1,0.93,0.90,5,U,-49,9.50"
RX,31763,R33,TXC,N31,2,18381,E,1,0.87,0.84,5.0,U,-42.0,10.0,True,,2026-07-05T22:46:44.555+00:00,/dev/cu.usbserial-576B0005451,"RX,31763,R33,TXC,N31,2,18381,E,1,0.87,0.84,5,U,-42,10.00"
RX,32010,R33,TXA,N01,16,18627,A,0,0.75,0.72,5.0,F,-44.0,10.0,True,,2026-07-05T22:46:44.802+00:00,/dev/cu.usbserial-576B0005451,"RX,32010,R33,TXA,N01,16,18627,A,0,0.75,0.72,5,F,-44,10.00"
RX,32276,R33,TXB,N16,7,18893,G,1,0.93,0.9,5.0,U,-60.0,8.75,True,,2026-07-05T22:46:45.069+00:00,/dev/cu.usbserial-576B0005451,"RX,32276,R33,TXB,N16,7,18893,G,1,0.93,0.90,5,U,-60,8.75"
RX,32757,R33,TXE,N61,5,19379,C,0,0.81,0.78,5.0,U,-47.0,9.75,True,,2026-07-05T22:46:45.549+00:00,/dev/cu.usbserial-576B0005451,"RX,32757,R33,TXE,N61,5,19379,C,0,0.81,0.78,5,U,-47,9.75"
RX,33010,R33,TXA,N01,17,19627,B,1,0.2,0.18,5.0,F,-44.0,10.5,True,,2026-07-05T22:46:45.802+00:00,/dev/cu.usbserial-576B0005451,"RX,33010,R33,TXA,N01,17,19627,B,1,0.20,0.18,5,F,-44,10.50"
RX,33763,R33,TXC,N31,3,20381,G,1,0.93,0.9,5.0,U,-41.0,9.5,True,,2026-07-05T22:46:46.555+00:00,/dev/cu.usbserial-576B0005451,"RX,33763,R33,TXC,N31,3,20381,G,1,0.93,0.90,5,U,-41,9.50"
RX,34010,R33,TXA,N01,18,20627,C,1,0.81,0.78,5.0,F,-45.0,10.0,True,,2026-07-05T22:46:46.802+00:00,/dev/cu.usbserial-576B0005451,"RX,34010,R33,TXA,N01,18,20627,C,1,0.81,0.78,5,F,-45,10.00"
RX,34276,R33,TXB,N16,8,20893,A,0,0.75,0.72,5.0,U,-59.0,9.5,True,,2026-07-05T22:46:47.069+00:00,/dev/cu.usbserial-576B0005451,"RX,34276,R33,TXB,N16,8,20893,A,0,0.75,0.72,5,U,-59,9.50"
RX,34757,R33,TXE,N61,6,21379,E,1,0.87,0.84,5.0,U,-47.0,9.75,True,,2026-07-05T22:46:47.549+00:00,/dev/cu.usbserial-576B0005451,"RX,34757,R33,TXE,N61,6,21379,E,1,0.87,0.84,5,U,-47,9.75"
RX,35010,R33,TXA,N01,19,21627,D,0,0.24,0.22,5.0,F,-44.0,9.75,True,,2026-07-05T22:46:47.802+00:00,/dev/cu.usbserial-576B0005451,"RX,35010,R33,TXA,N01,19,21627,D,0,0.24,0.22,5,F,-44,9.75"
RX,36010,R33,TXA,N01,20,22627,E,1,0.87,0.84,5.0,F,-44.0,10.0,True,,2026-07-05T22:46:48.802+00:00,/dev/cu.usbserial-576B0005451,"RX,36010,R33,TXA,N01,20,22627,E,1,0.87,0.84,5,F,-44,10.00"
RX,36276,R33,TXB,N16,9,22893,C,1,0.81,0.78,5.0,U,-60.0,9.25,True,,2026-07-05T22:46:49.068+00:00,/dev/cu.usbserial-576B0005451,"RX,36276,R33,TXB,N16,9,22893,C,1,0.81,0.78,5,U,-60,9.25"
RX,36757,R33,TXE,N61,7,23379,G,1,0.93,0.9,5.0,U,-47.0,11.0,True,,2026-07-05T22:46:49.549+00:00,/dev/cu.usbserial-576B0005451,"RX,36757,R33,TXE,N61,7,23379,G,1,0.93,0.90,5,U,-47,11.00"
RX,37010,R33,TXA,N01,21,23627,F,1,0.28,0.26,5.0,F,-44.0,10.0,True,,2026-07-05T22:46:49.802+00:00,/dev/cu.usbserial-576B0005451,"RX,37010,R33,TXA,N01,21,23627,F,1,0.28,0.26,5,F,-44,10.00"
RX,37119,R33,TXH,N106,2,23742,G,0,0.93,0.9,5.0,U,-44.0,10.25,True,,2026-07-05T22:46:49.911+00:00,/dev/cu.usbserial-576B0005451,"RX,37119,R33,TXH,N106,2,23742,G,0,0.93,0.90,5,U,-44,10.25"
RX,37912,R33,TXD,N46,2,24530,G,0,0.93,0.9,5.0,U,-49.0,9.5,True,,2026-07-05T22:46:50.705+00:00,/dev/cu.usbserial-576B0005451,"RX,37912,R33,TXD,N46,2,24530,G,0,0.93,0.90,5,U,-49,9.50"
RX,38010,R33,TXA,N01,22,24627,G,0,0.93,0.9,5.0,F,-44.0,10.0,True,,2026-07-05T22:46:50.802+00:00,/dev/cu.usbserial-576B0005451,"RX,38010,R33,TXA,N01,22,24627,G,0,0.93,0.90,5,F,-44,10.00"
RX,38277,R33,TXB,N16,10,24893,E,1,0.87,0.84,5.0,U,-59.0,9.75,True,,2026-07-05T22:46:51.069+00:00,/dev/cu.usbserial-576B0005451,"RX,38277,R33,TXB,N16,10,24893,E,1,0.87,0.84,5,U,-59,9.75"
RX,38457,R33,TXG,N91,1,25079,G,1,0.93,0.9,5.0,U,-52.0,10.0,True,,2026-07-05T22:46:51.248+00:00,/dev/cu.usbserial-576B0005451,"RX,38457,R33,TXG,N91,1,25079,G,1,0.93,0.90,5,U,-52,10.00"
RX,38757,R33,TXE,N61,8,25379,A,0,0.75,0.72,5.0,U,-46.0,9.75,True,,2026-07-05T22:46:51.549+00:00,/dev/cu.usbserial-576B0005451,"RX,38757,R33,TXE,N61,8,25379,A,0,0.75,0.72,5,U,-46,9.75"
RX,39010,R33,TXA,N01,23,25627,H,1,0.32,0.3,5.0,F,-45.0,10.0,True,,2026-07-05T22:46:51.802+00:00,/dev/cu.usbserial-576B0005451,"RX,39010,R33,TXA,N01,23,25627,H,1,0.32,0.30,5,F,-45,10.00"
RX,39509,R33,TXF,N76,5,26131,G,0,0.93,0.9,5.0,U,-49.0,9.5,True,,2026-07-05T22:46:52.301+00:00,/dev/cu.usbserial-576B0005451,"RX,39509,R33,TXF,N76,5,26131,G,0,0.93,0.90,5,U,-49,9.50"
RX,39763,R33,TXC,N31,4,26381,E,1,0.87,0.84,5.0,U,-42.0,10.25,True,,2026-07-05T22:46:52.556+00:00,/dev/cu.usbserial-576B0005451,"RX,39763,R33,TXC,N31,4,26381,E,1,0.87,0.84,5,U,-42,10.25"
RX,40010,R33,TXA,N01,24,26627,A,1,0.75,0.72,5.0,F,-44.0,9.75,True,,2026-07-05T22:46:52.802+00:00,/dev/cu.usbserial-576B0005451,"RX,40010,R33,TXA,N01,24,26627,A,1,0.75,0.72,5,F,-44,9.75"
RX,40277,R33,TXB,N16,11,26893,G,0,0.93,0.9,5.0,U,-59.0,9.75,True,,2026-07-05T22:46:53.069+00:00,/dev/cu.usbserial-576B0005451,"RX,40277,R33,TXB,N16,11,26893,G,0,0.93,0.90,5,U,-59,9.75"
RX,40757,R33,TXE,N61,9,27379,C,1,0.81,0.78,5.0,U,-46.0,9.75,True,,2026-07-05T22:46:53.549+00:00,/dev/cu.usbserial-576B0005451,"RX,40757,R33,TXE,N61,9,27379,C,1,0.81,0.78,5,U,-46,9.75"
RX,41010,R33,TXA,N01,25,27627,B,0,0.2,0.18,5.0,F,-44.0,9.75,True,,2026-07-05T22:46:53.802+00:00,/dev/cu.usbserial-576B0005451,"RX,41010,R33,TXA,N01,25,27627,B,0,0.20,0.18,5,F,-44,9.75"
RX,41763,R33,TXC,N31,5,28381,G,0,0.93,0.9,5.0,U,-42.0,9.75,True,,2026-07-05T22:46:54.556+00:00,/dev/cu.usbserial-576B0005451,"RX,41763,R33,TXC,N31,5,28381,G,0,0.93,0.90,5,U,-42,9.75"
RX,42010,R33,TXA,N01,26,28627,C,1,0.81,0.78,5.0,F,-44.0,9.5,True,,2026-07-05T22:46:54.802+00:00,/dev/cu.usbserial-576B0005451,"RX,42010,R33,TXA,N01,26,28627,C,1,0.81,0.78,5,F,-44,9.50"
RX,42277,R33,TXB,N16,12,28893,A,1,0.75,0.72,5.0,U,-58.0,10.0,True,,2026-07-05T22:46:55.069+00:00,/dev/cu.usbserial-576B0005451,"RX,42277,R33,TXB,N16,12,28893,A,1,0.75,0.72,5,U,-58,10.00"
RX,42757,R33,TXE,N61,10,29379,E,1,0.87,0.84,5.0,U,-47.0,10.0,True,,2026-07-05T22:46:55.549+00:00,/dev/cu.usbserial-576B0005451,"RX,42757,R33,TXE,N61,10,29379,E,1,0.87,0.84,5,U,-47,10.00"
RX,43010,R33,TXA,N01,27,29627,D,1,0.24,0.22,5.0,F,-42.0,10.25,True,,2026-07-05T22:46:55.802+00:00,/dev/cu.usbserial-576B0005451,"RX,43010,R33,TXA,N01,27,29627,D,1,0.24,0.22,5,F,-42,10.25"
RX,44010,R33,TXA,N01,28,30627,E,0,0.87,0.84,5.0,F,-42.0,10.0,True,,2026-07-05T22:46:56.802+00:00,/dev/cu.usbserial-576B0005451,"RX,44010,R33,TXA,N01,28,30627,E,0,0.87,0.84,5,F,-42,10.00"
RX,44277,R33,TXB,N16,13,30893,C,1,0.81,0.78,5.0,U,-56.0,10.0,True,,2026-07-05T22:46:57.069+00:00,/dev/cu.usbserial-576B0005451,"RX,44277,R33,TXB,N16,13,30893,C,1,0.81,0.78,5,U,-56,10.00"
RX,44757,R33,TXE,N61,11,31379,G,0,0.93,0.9,5.0,U,-49.0,10.0,True,,2026-07-05T22:46:57.549+00:00,/dev/cu.usbserial-576B0005451,"RX,44757,R33,TXE,N61,11,31379,G,0,0.93,0.90,5,U,-49,10.00"
RX,45010,R33,TXA,N01,29,31627,F,1,0.28,0.26,5.0,F,-41.0,10.25,True,,2026-07-05T22:46:57.803+00:00,/dev/cu.usbserial-576B0005451,"RX,45010,R33,TXA,N01,29,31627,F,1,0.28,0.26,5,F,-41,10.25"
RX,45119,R33,TXH,N106,3,31742,G,1,0.93,0.9,5.0,U,-49.0,10.0,True,,2026-07-05T22:46:57.911+00:00,/dev/cu.usbserial-576B0005451,"RX,45119,R33,TXH,N106,3,31742,G,1,0.93,0.90,5,U,-49,10.00"
RX,45509,R33,TXF,N76,6,32131,E,0,0.87,0.84,5.0,U,-52.0,9.75,True,,2026-07-05T22:46:58.301+00:00,/dev/cu.usbserial-576B0005451,"RX,45509,R33,TXF,N76,6,32131,E,0,0.87,0.84,5,U,-52,9.75"
RX,45912,R33,TXD,N46,3,32530,G,1,0.93,0.9,5.0,U,-46.0,9.75,True,,2026-07-05T22:46:58.705+00:00,/dev/cu.usbserial-576B0005451,"RX,45912,R33,TXD,N46,3,32530,G,1,0.93,0.90,5,U,-46,9.75"
RX,46010,R33,TXA,N01,30,32627,G,1,0.93,0.9,5.0,F,-41.0,10.0,True,,2026-07-05T22:46:58.802+00:00,/dev/cu.usbserial-576B0005451,"RX,46010,R33,TXA,N01,30,32627,G,1,0.93,0.90,5,F,-41,10.00"
RX,46277,R33,TXB,N16,14,32893,E,0,0.87,0.84,5.0,U,-56.0,9.75,True,,2026-07-05T22:46:59.069+00:00,/dev/cu.usbserial-576B0005451,"RX,46277,R33,TXB,N16,14,32893,E,0,0.87,0.84,5,U,-56,9.75"
RX,46457,R33,TXG,N91,2,33079,G,0,0.93,0.9,5.0,U,-52.0,9.5,True,,2026-07-05T22:46:59.249+00:00,/dev/cu.usbserial-576B0005451,"RX,46457,R33,TXG,N91,2,33079,G,0,0.93,0.90,5,U,-52,9.50"
RX,46757,R33,TXE,N61,12,33379,A,1,0.75,0.72,5.0,U,-49.0,9.5,True,,2026-07-05T22:46:59.549+00:00,/dev/cu.usbserial-576B0005451,"RX,46757,R33,TXE,N61,12,33379,A,1,0.75,0.72,5,U,-49,9.50"
RX,47010,R33,TXA,N01,31,33627,H,0,0.32,0.3,5.0,F,-41.0,9.75,True,,2026-07-05T22:46:59.802+00:00,/dev/cu.usbserial-576B0005451,"RX,47010,R33,TXA,N01,31,33627,H,0,0.32,0.30,5,F,-41,9.75"
RX,47509,R33,TXF,N76,7,34131,G,1,0.93,0.9,5.0,U,-53.0,9.25,True,,2026-07-05T22:47:00.301+00:00,/dev/cu.usbserial-576B0005451,"RX,47509,R33,TXF,N76,7,34131,G,1,0.93,0.90,5,U,-53,9.25"
RX,47763,R33,TXC,N31,6,34381,E,0,0.87,0.84,5.0,U,-40.0,9.5,True,,2026-07-05T22:47:00.555+00:00,/dev/cu.usbserial-576B0005451,"RX,47763,R33,TXC,N31,6,34381,E,0,0.87,0.84,5,U,-40,9.50"
RX,48010,R33,TXA,N01,32,34627,A,1,0.75,0.72,5.0,F,-42.0,10.0,True,,2026-07-05T22:47:00.802+00:00,/dev/cu.usbserial-576B0005451,"RX,48010,R33,TXA,N01,32,34627,A,1,0.75,0.72,5,F,-42,10.00"
RX,48277,R33,TXB,N16,15,34893,G,1,0.93,0.9,5.0,U,-56.0,9.75,True,,2026-07-05T22:47:01.069+00:00,/dev/cu.usbserial-576B0005451,"RX,48277,R33,TXB,N16,15,34893,G,1,0.93,0.90,5,U,-56,9.75"
RX,48757,R33,TXE,N61,13,35379,C,1,0.81,0.78,5.0,U,-53.0,9.25,True,,2026-07-05T22:47:01.549+00:00,/dev/cu.usbserial-576B0005451,"RX,48757,R33,TXE,N61,13,35379,C,1,0.81,0.78,5,U,-53,9.25"
RX,49010,R33,TXA,N01,33,35627,B,1,0.2,0.18,5.0,F,-42.0,10.25,True,,2026-07-05T22:47:01.802+00:00,/dev/cu.usbserial-576B0005451,"RX,49010,R33,TXA,N01,33,35627,B,1,0.20,0.18,5,F,-42,10.25"
RX,49763,R33,TXC,N31,7,36381,G,1,0.93,0.9,5.0,U,-41.0,9.75,True,,2026-07-05T22:47:02.556+00:00,/dev/cu.usbserial-576B0005451,"RX,49763,R33,TXC,N31,7,36381,G,1,0.93,0.90,5,U,-41,9.75"
RX,50010,R33,TXA,N01,34,36627,C,0,0.81,0.78,5.0,F,-41.0,10.0,True,,2026-07-05T22:47:02.802+00:00,/dev/cu.usbserial-576B0005451,"RX,50010,R33,TXA,N01,34,36627,C,0,0.81,0.78,5,F,-41,10.00"
RX,50277,R33,TXB,N16,16,36893,A,1,0.75,0.72,5.0,U,-56.0,10.25,True,,2026-07-05T22:47:03.069+00:00,/dev/cu.usbserial-576B0005451,"RX,50277,R33,TXB,N16,16,36893,A,1,0.75,0.72,5,U,-56,10.25"
RX,50757,R33,TXE,N61,14,37379,E,0,0.87,0.84,5.0,U,-52.0,10.0,True,,2026-07-05T22:47:03.550+00:00,/dev/cu.usbserial-576B0005451,"RX,50757,R33,TXE,N61,14,37379,E,0,0.87,0.84,5,U,-52,10.00"
RX,51010,R33,TXA,N01,35,37627,D,1,0.24,0.22,5.0,F,-42.0,10.25,True,,2026-07-05T22:47:03.802+00:00,/dev/cu.usbserial-576B0005451,"RX,51010,R33,TXA,N01,35,37627,D,1,0.24,0.22,5,F,-42,10.25"
RX,52010,R33,TXA,N01,36,38627,E,1,0.87,0.84,5.0,F,-43.0,10.25,True,,2026-07-05T22:47:04.803+00:00,/dev/cu.usbserial-576B0005451,"RX,52010,R33,TXA,N01,36,38627,E,1,0.87,0.84,5,F,-43,10.25"
RX,52277,R33,TXB,N16,17,38893,C,0,0.81,0.78,5.0,U,-59.0,9.5,True,,2026-07-05T22:47:05.069+00:00,/dev/cu.usbserial-576B0005451,"RX,52277,R33,TXB,N16,17,38893,C,0,0.81,0.78,5,U,-59,9.50"
RX,52757,R33,TXE,N61,15,39379,G,1,0.93,0.9,5.0,U,-47.0,10.0,True,,2026-07-05T22:47:05.549+00:00,/dev/cu.usbserial-576B0005451,"RX,52757,R33,TXE,N61,15,39379,G,1,0.93,0.90,5,U,-47,10.00"
RX,53010,R33,TXA,N01,37,39627,F,0,0.28,0.26,5.0,F,-42.0,9.5,True,,2026-07-05T22:47:05.802+00:00,/dev/cu.usbserial-576B0005451,"RX,53010,R33,TXA,N01,37,39627,F,0,0.28,0.26,5,F,-42,9.50"
RX,53509,R33,TXF,N76,8,40131,E,1,0.87,0.84,5.0,U,-55.0,9.75,True,,2026-07-05T22:47:06.301+00:00,/dev/cu.usbserial-576B0005451,"RX,53509,R33,TXF,N76,8,40131,E,1,0.87,0.84,5,U,-55,9.75"
RX,53912,R33,TXD,N46,4,40530,G,1,0.93,0.9,5.0,U,-48.0,9.5,True,,2026-07-05T22:47:06.705+00:00,/dev/cu.usbserial-576B0005451,"RX,53912,R33,TXD,N46,4,40530,G,1,0.93,0.90,5,U,-48,9.50"
RX,54010,R33,TXA,N01,38,40627,G,1,0.93,0.9,5.0,F,-43.0,9.5,True,,2026-07-05T22:47:06.802+00:00,/dev/cu.usbserial-576B0005451,"RX,54010,R33,TXA,N01,38,40627,G,1,0.93,0.90,5,F,-43,9.50"
RX,54277,R33,TXB,N16,18,40893,E,1,0.87,0.84,5.0,U,-58.0,9.75,True,,2026-07-05T22:47:07.069+00:00,/dev/cu.usbserial-576B0005451,"RX,54277,R33,TXB,N16,18,40893,E,1,0.87,0.84,5,U,-58,9.75"
RX,54457,R33,TXG,N91,3,41079,G,1,0.93,0.9,5.0,U,-53.0,9.5,True,,2026-07-05T22:47:07.249+00:00,/dev/cu.usbserial-576B0005451,"RX,54457,R33,TXG,N91,3,41079,G,1,0.93,0.90,5,U,-53,9.50"
RX,54757,R33,TXE,N61,16,41379,A,1,0.75,0.72,5.0,U,-55.0,9.75,True,,2026-07-05T22:47:07.550+00:00,/dev/cu.usbserial-576B0005451,"RX,54757,R33,TXE,N61,16,41379,A,1,0.75,0.72,5,U,-55,9.75"
RX,55010,R33,TXA,N01,39,41627,H,1,0.32,0.3,5.0,F,-42.0,9.75,True,,2026-07-05T22:47:07.803+00:00,/dev/cu.usbserial-576B0005451,"RX,55010,R33,TXA,N01,39,41627,H,1,0.32,0.30,5,F,-42,9.75"
RX,55509,R33,TXF,N76,9,42131,G,1,0.93,0.9,5.0,U,-52.0,9.5,True,,2026-07-05T22:47:08.303+00:00,/dev/cu.usbserial-576B0005451,"RX,55509,R33,TXF,N76,9,42131,G,1,0.93,0.90,5,U,-52,9.50"
RX,55763,R33,TXC,N31,8,42381,E,1,0.87,0.84,5.0,U,-41.0,9.5,True,,2026-07-05T22:47:08.556+00:00,/dev/cu.usbserial-576B0005451,"RX,55763,R33,TXC,N31,8,42381,E,1,0.87,0.84,5,U,-41,9.50"
RX,56010,R33,TXA,N01,40,42627,A,0,0.75,0.72,5.0,F,-42.0,9.5,True,,2026-07-05T22:47:08.803+00:00,/dev/cu.usbserial-576B0005451,"RX,56010,R33,TXA,N01,40,42627,A,0,0.75,0.72,5,F,-42,9.50"
RX,56277,R33,TXB,N16,19,42893,G,1,0.93,0.9,5.0,U,-57.0,10.0,True,,2026-07-05T22:47:09.069+00:00,/dev/cu.usbserial-576B0005451,"RX,56277,R33,TXB,N16,19,42893,G,1,0.93,0.90,5,U,-57,10.00"
RX,56757,R33,TXE,N61,17,43379,C,0,0.81,0.78,5.0,U,-53.0,9.75,True,,2026-07-05T22:47:09.549+00:00,/dev/cu.usbserial-576B0005451,"RX,56757,R33,TXE,N61,17,43379,C,0,0.81,0.78,5,U,-53,9.75"
RX,57010,R33,TXA,N01,41,43627,B,1,0.2,0.18,5.0,F,-43.0,9.5,True,,2026-07-05T22:47:09.803+00:00,/dev/cu.usbserial-576B0005451,"RX,57010,R33,TXA,N01,41,43627,B,1,0.20,0.18,5,F,-43,9.50"
RX,57763,R33,TXC,N31,9,44381,G,1,0.93,0.9,5.0,U,-40.0,9.25,True,,2026-07-05T22:47:10.556+00:00,/dev/cu.usbserial-576B0005451,"RX,57763,R33,TXC,N31,9,44381,G,1,0.93,0.90,5,U,-40,9.25"
RX,58010,R33,TXA,N01,42,44627,C,1,0.81,0.78,5.0,F,-43.0,9.75,True,,2026-07-05T22:47:10.803+00:00,/dev/cu.usbserial-576B0005451,"RX,58010,R33,TXA,N01,42,44627,C,1,0.81,0.78,5,F,-43,9.75"
RX,58277,R33,TXB,N16,20,44893,A,0,0.75,0.72,5.0,U,-57.0,11.25,True,,2026-07-05T22:47:11.069+00:00,/dev/cu.usbserial-576B0005451,"RX,58277,R33,TXB,N16,20,44893,A,0,0.75,0.72,5,U,-57,11.25"
RX,58757,R33,TXE,N61,18,45379,E,1,0.87,0.84,5.0,U,-53.0,9.75,True,,2026-07-05T22:47:11.549+00:00,/dev/cu.usbserial-576B0005451,"RX,58757,R33,TXE,N61,18,45379,E,1,0.87,0.84,5,U,-53,9.75"
RX,59010,R33,TXA,N01,43,45627,D,0,0.24,0.22,5.0,F,-43.0,9.5,True,,2026-07-05T22:47:11.803+00:00,/dev/cu.usbserial-576B0005451,"RX,59010,R33,TXA,N01,43,45627,D,0,0.24,0.22,5,F,-43,9.50"
RX,60010,R33,TXA,N01,44,46627,E,1,0.87,0.84,5.0,F,-43.0,9.25,True,,2026-07-05T22:47:12.802+00:00,/dev/cu.usbserial-576B0005451,"RX,60010,R33,TXA,N01,44,46627,E,1,0.87,0.84,5,F,-43,9.25"
RX,60277,R33,TXB,N16,21,46893,C,1,0.81,0.78,5.0,U,-57.0,10.0,True,,2026-07-05T22:47:13.069+00:00,/dev/cu.usbserial-576B0005451,"RX,60277,R33,TXB,N16,21,46893,C,1,0.81,0.78,5,U,-57,10.00"
RX,60757,R33,TXE,N61,19,47379,G,1,0.93,0.9,5.0,U,-51.0,9.75,True,,2026-07-05T22:47:13.550+00:00,/dev/cu.usbserial-576B0005451,"RX,60757,R33,TXE,N61,19,47379,G,1,0.93,0.90,5,U,-51,9.75"
RX,61010,R33,TXA,N01,45,47627,F,1,0.28,0.26,5.0,F,-43.0,9.75,True,,2026-07-05T22:47:13.802+00:00,/dev/cu.usbserial-576B0005451,"RX,61010,R33,TXA,N01,45,47627,F,1,0.28,0.26,5,F,-43,9.75"
RX,61509,R33,TXF,N76,10,48131,E,1,0.87,0.84,5.0,U,-53.0,9.5,True,,2026-07-05T22:47:14.301+00:00,/dev/cu.usbserial-576B0005451,"RX,61509,R33,TXF,N76,10,48131,E,1,0.87,0.84,5,U,-53,9.50"
RX,61912,R33,TXD,N46,5,48530,G,0,0.93,0.9,5.0,U,-49.0,9.25,True,,2026-07-05T22:47:14.705+00:00,/dev/cu.usbserial-576B0005451,"RX,61912,R33,TXD,N46,5,48530,G,0,0.93,0.90,5,U,-49,9.25"
RX,62010,R33,TXA,N01,46,48627,G,0,0.93,0.9,5.0,F,-44.0,10.0,True,,2026-07-05T22:47:14.803+00:00,/dev/cu.usbserial-576B0005451,"RX,62010,R33,TXA,N01,46,48627,G,0,0.93,0.90,5,F,-44,10.00"
RX,62277,R33,TXB,N16,22,48893,E,1,0.87,0.84,5.0,U,-59.0,9.75,True,,2026-07-05T22:47:15.069+00:00,/dev/cu.usbserial-576B0005451,"RX,62277,R33,TXB,N16,22,48893,E,1,0.87,0.84,5,U,-59,9.75"
RX,62457,R33,TXG,N91,4,49079,G,1,0.93,0.9,5.0,U,-52.0,10.0,True,,2026-07-05T22:47:15.249+00:00,/dev/cu.usbserial-576B0005451,"RX,62457,R33,TXG,N91,4,49079,G,1,0.93,0.90,5,U,-52,10.00"
RX,62757,R33,TXE,N61,20,49379,A,0,0.75,0.72,5.0,U,-49.0,9.75,True,,2026-07-05T22:47:15.549+00:00,/dev/cu.usbserial-576B0005451,"RX,62757,R33,TXE,N61,20,49379,A,0,0.75,0.72,5,U,-49,9.75"
RX,63010,R33,TXA,N01,47,49627,H,1,0.32,0.3,5.0,F,-44.0,9.5,True,,2026-07-05T22:47:15.803+00:00,/dev/cu.usbserial-576B0005451,"RX,63010,R33,TXA,N01,47,49627,H,1,0.32,0.30,5,F,-44,9.50"
RX,63509,R33,TXF,N76,11,50131,G,0,0.93,0.9,5.0,U,-50.0,9.75,True,,2026-07-05T22:47:16.301+00:00,/dev/cu.usbserial-576B0005451,"RX,63509,R33,TXF,N76,11,50131,G,0,0.93,0.90,5,U,-50,9.75"
RX,63763,R33,TXC,N31,10,50381,E,1,0.87,0.84,5.0,U,-42.0,10.0,True,,2026-07-05T22:47:16.556+00:00,/dev/cu.usbserial-576B0005451,"RX,63763,R33,TXC,N31,10,50381,E,1,0.87,0.84,5,U,-42,10.00"
RX,64010,R33,TXA,N01,48,50627,A,1,0.75,0.72,5.0,F,-44.0,10.5,True,,2026-07-05T22:47:16.803+00:00,/dev/cu.usbserial-576B0005451,"RX,64010,R33,TXA,N01,48,50627,A,1,0.75,0.72,5,F,-44,10.50"
RX,64277,R33,TXB,N16,23,50893,G,0,0.93,0.9,5.0,U,-59.0,9.75,True,,2026-07-05T22:47:17.069+00:00,/dev/cu.usbserial-576B0005451,"RX,64277,R33,TXB,N16,23,50893,G,0,0.93,0.90,5,U,-59,9.75"
RX,64757,R33,TXE,N61,21,51379,C,1,0.81,0.78,5.0,U,-50.0,10.0,True,,2026-07-05T22:47:17.550+00:00,/dev/cu.usbserial-576B0005451,"RX,64757,R33,TXE,N61,21,51379,C,1,0.81,0.78,5,U,-50,10.00"
RX,65010,R33,TXA,N01,49,51627,B,0,0.2,0.18,5.0,F,-43.0,10.0,True,,2026-07-05T22:47:17.803+00:00,/dev/cu.usbserial-576B0005451,"RX,65010,R33,TXA,N01,49,51627,B,0,0.20,0.18,5,F,-43,10.00"
RX,65763,R33,TXC,N31,11,52381,G,0,0.93,0.9,5.0,U,-42.0,9.75,True,,2026-07-05T22:47:18.556+00:00,/dev/cu.usbserial-576B0005451,"RX,65763,R33,TXC,N31,11,52381,G,0,0.93,0.90,5,U,-42,9.75"
RX,66010,R33,TXA,N01,50,52627,C,1,0.81,0.78,5.0,F,-44.0,9.75,True,,2026-07-05T22:47:18.802+00:00,/dev/cu.usbserial-576B0005451,"RX,66010,R33,TXA,N01,50,52627,C,1,0.81,0.78,5,F,-44,9.75"
RX,66277,R33,TXB,N16,24,52893,A,1,0.75,0.72,5.0,U,-58.0,9.75,True,,2026-07-05T22:47:19.069+00:00,/dev/cu.usbserial-576B0005451,"RX,66277,R33,TXB,N16,24,52893,A,1,0.75,0.72,5,U,-58,9.75"
RX,66757,R33,TXE,N61,22,53379,E,1,0.87,0.84,5.0,U,-48.0,9.5,True,,2026-07-05T22:47:19.550+00:00,/dev/cu.usbserial-576B0005451,"RX,66757,R33,TXE,N61,22,53379,E,1,0.87,0.84,5,U,-48,9.50"
RX,67010,R33,TXA,N01,51,53627,D,1,0.24,0.22,5.0,F,-45.0,9.25,True,,2026-07-05T22:47:19.803+00:00,/dev/cu.usbserial-576B0005451,"RX,67010,R33,TXA,N01,51,53627,D,1,0.24,0.22,5,F,-45,9.25"
RX,68010,R33,TXA,N01,52,54627,E,0,0.87,0.84,5.0,F,-44.0,9.75,True,,2026-07-05T22:47:20.803+00:00,/dev/cu.usbserial-576B0005451,"RX,68010,R33,TXA,N01,52,54627,E,0,0.87,0.84,5,F,-44,9.75"
RX,68277,R33,TXB,N16,25,54893,C,1,0.81,0.78,5.0,U,-59.0,10.0,True,,2026-07-05T22:47:21.070+00:00,/dev/cu.usbserial-576B0005451,"RX,68277,R33,TXB,N16,25,54893,C,1,0.81,0.78,5,U,-59,10.00"
RX,68757,R33,TXE,N61,23,55379,G,0,0.93,0.9,5.0,U,-48.0,10.25,True,,2026-07-05T22:47:21.550+00:00,/dev/cu.usbserial-576B0005451,"RX,68757,R33,TXE,N61,23,55379,G,0,0.93,0.90,5,U,-48,10.25"
RX,69010,R33,TXA,N01,53,55627,F,1,0.28,0.26,5.0,F,-45.0,9.75,True,,2026-07-05T22:47:21.803+00:00,/dev/cu.usbserial-576B0005451,"RX,69010,R33,TXA,N01,53,55627,F,1,0.28,0.26,5,F,-45,9.75"
RX,69509,R33,TXF,N76,12,56131,E,0,0.87,0.84,5.0,U,-49.0,10.0,True,,2026-07-05T22:47:22.302+00:00,/dev/cu.usbserial-576B0005451,"RX,69509,R33,TXF,N76,12,56131,E,0,0.87,0.84,5,U,-49,10.00"
RX,69912,R33,TXD,N46,6,56530,G,1,0.93,0.9,5.0,U,-51.0,9.5,True,,2026-07-05T22:47:22.705+00:00,/dev/cu.usbserial-576B0005451,"RX,69912,R33,TXD,N46,6,56530,G,1,0.93,0.90,5,U,-51,9.50"
RX,70010,R33,TXA,N01,54,56627,G,1,0.93,0.9,5.0,F,-44.0,12.25,True,,2026-07-05T22:47:22.803+00:00,/dev/cu.usbserial-576B0005451,"RX,70010,R33,TXA,N01,54,56627,G,1,0.93,0.90,5,F,-44,12.25"
RX,70277,R33,TXB,N16,26,56893,E,0,0.87,0.84,5.0,U,-60.0,9.5,True,,2026-07-05T22:47:23.070+00:00,/dev/cu.usbserial-576B0005451,"RX,70277,R33,TXB,N16,26,56893,E,0,0.87,0.84,5,U,-60,9.50"
RX,70457,R33,TXG,N91,5,57079,G,0,0.93,0.9,5.0,U,-57.0,9.75,True,,2026-07-05T22:47:23.249+00:00,/dev/cu.usbserial-576B0005451,"RX,70457,R33,TXG,N91,5,57079,G,0,0.93,0.90,5,U,-57,9.75"
RX,70757,R33,TXE,N61,24,57379,A,1,0.75,0.72,5.0,U,-47.0,9.5,True,,2026-07-05T22:47:23.550+00:00,/dev/cu.usbserial-576B0005451,"RX,70757,R33,TXE,N61,24,57379,A,1,0.75,0.72,5,U,-47,9.50"
RX,71010,R33,TXA,N01,55,57627,H,0,0.32,0.3,5.0,F,-44.0,10.0,True,,2026-07-05T22:47:23.803+00:00,/dev/cu.usbserial-576B0005451,"RX,71010,R33,TXA,N01,55,57627,H,0,0.32,0.30,5,F,-44,10.00"
RX,71509,R33,TXF,N76,13,58131,G,1,0.93,0.9,5.0,U,-50.0,9.5,True,,2026-07-05T22:47:24.302+00:00,/dev/cu.usbserial-576B0005451,"RX,71509,R33,TXF,N76,13,58131,G,1,0.93,0.90,5,U,-50,9.50"
RX,71763,R33,TXC,N31,12,58381,E,0,0.87,0.84,5.0,U,-42.0,9.5,True,,2026-07-05T22:47:24.556+00:00,/dev/cu.usbserial-576B0005451,"RX,71763,R33,TXC,N31,12,58381,E,0,0.87,0.84,5,U,-42,9.50"
RX,72010,R33,TXA,N01,56,58627,A,1,0.75,0.72,5.0,F,-45.0,9.5,True,,2026-07-05T22:47:24.803+00:00,/dev/cu.usbserial-576B0005451,"RX,72010,R33,TXA,N01,56,58627,A,1,0.75,0.72,5,F,-45,9.50"
RX,72277,R33,TXB,N16,27,58893,G,1,0.93,0.9,5.0,U,-58.0,9.75,True,,2026-07-05T22:47:25.069+00:00,/dev/cu.usbserial-576B0005451,"RX,72277,R33,TXB,N16,27,58893,G,1,0.93,0.90,5,U,-58,9.75"
RX,72757,R33,TXE,N61,25,59379,C,1,0.81,0.78,5.0,U,-47.0,10.0,True,,2026-07-05T22:47:25.550+00:00,/dev/cu.usbserial-576B0005451,"RX,72757,R33,TXE,N61,25,59379,C,1,0.81,0.78,5,U,-47,10.00"
RX,73010,R33,TXA,N01,57,59627,B,1,0.2,0.18,5.0,F,-45.0,9.5,True,,2026-07-05T22:47:25.803+00:00,/dev/cu.usbserial-576B0005451,"RX,73010,R33,TXA,N01,57,59627,B,1,0.20,0.18,5,F,-45,9.50"
RX,73763,R33,TXC,N31,13,60381,G,1,0.93,0.9,5.0,U,-42.0,10.0,True,,2026-07-05T22:47:26.556+00:00,/dev/cu.usbserial-576B0005451,"RX,73763,R33,TXC,N31,13,60381,G,1,0.93,0.90,5,U,-42,10.00"
RX,74010,R33,TXA,N01,58,60627,C,0,0.81,0.78,5.0,F,-46.0,10.75,True,,2026-07-05T22:47:26.803+00:00,/dev/cu.usbserial-576B0005451,"RX,74010,R33,TXA,N01,58,60627,C,0,0.81,0.78,5,F,-46,10.75"
RX,74277,R33,TXB,N16,28,60893,A,1,0.75,0.72,5.0,U,-59.0,10.25,True,,2026-07-05T22:47:27.070+00:00,/dev/cu.usbserial-576B0005451,"RX,74277,R33,TXB,N16,28,60893,A,1,0.75,0.72,5,U,-59,10.25"
RX,74757,R33,TXE,N61,26,61379,E,0,0.87,0.84,5.0,U,-48.0,9.75,True,,2026-07-05T22:47:27.550+00:00,/dev/cu.usbserial-576B0005451,"RX,74757,R33,TXE,N61,26,61379,E,0,0.87,0.84,5,U,-48,9.75"
RX,75010,R33,TXA,N01,59,61627,D,1,0.24,0.22,5.0,F,-44.0,10.0,True,,2026-07-05T22:47:27.803+00:00,/dev/cu.usbserial-576B0005451,"RX,75010,R33,TXA,N01,59,61627,D,1,0.24,0.22,5,F,-44,10.00"
RX,76010,R33,TXA,N01,60,62627,E,1,0.87,0.84,5.0,F,-47.0,10.0,True,,2026-07-05T22:47:28.803+00:00,/dev/cu.usbserial-576B0005451,"RX,76010,R33,TXA,N01,60,62627,E,1,0.87,0.84,5,F,-47,10.00"
RX,76277,R33,TXB,N16,29,62893,C,0,0.81,0.78,5.0,U,-60.0,10.0,True,,2026-07-05T22:47:29.070+00:00,/dev/cu.usbserial-576B0005451,"RX,76277,R33,TXB,N16,29,62893,C,0,0.81,0.78,5,U,-60,10.00"
RX,76757,R33,TXE,N61,27,63379,G,1,0.93,0.9,5.0,U,-48.0,9.5,True,,2026-07-05T22:47:29.550+00:00,/dev/cu.usbserial-576B0005451,"RX,76757,R33,TXE,N61,27,63379,G,1,0.93,0.90,5,U,-48,9.50"
RX,77010,R33,TXA,N01,61,63627,F,0,0.28,0.26,5.0,F,-44.0,9.75,True,,2026-07-05T22:47:29.803+00:00,/dev/cu.usbserial-576B0005451,"RX,77010,R33,TXA,N01,61,63627,F,0,0.28,0.26,5,F,-44,9.75"
RX,77509,R33,TXF,N76,14,64131,E,1,0.87,0.84,5.0,U,-52.0,9.75,True,,2026-07-05T22:47:30.302+00:00,/dev/cu.usbserial-576B0005451,"RX,77509,R33,TXF,N76,14,64131,E,1,0.87,0.84,5,U,-52,9.75"
RX,77912,R33,TXD,N46,7,64530,G,1,0.93,0.9,5.0,U,-52.0,10.0,True,,2026-07-05T22:47:30.705+00:00,/dev/cu.usbserial-576B0005451,"RX,77912,R33,TXD,N46,7,64530,G,1,0.93,0.90,5,U,-52,10.00"
RX,78010,R33,TXA,N01,62,64627,G,1,0.93,0.9,5.0,F,-44.0,10.25,True,,2026-07-05T22:47:30.804+00:00,/dev/cu.usbserial-576B0005451,"RX,78010,R33,TXA,N01,62,64627,G,1,0.93,0.90,5,F,-44,10.25"
RX,78277,R33,TXB,N16,30,64893,E,1,0.87,0.84,5.0,U,-59.0,9.75,True,,2026-07-05T22:47:31.070+00:00,/dev/cu.usbserial-576B0005451,"RX,78277,R33,TXB,N16,30,64893,E,1,0.87,0.84,5,U,-59,9.75"
RX,78457,R33,TXG,N91,6,65079,G,1,0.93,0.9,5.0,U,-59.0,9.25,True,,2026-07-05T22:47:31.250+00:00,/dev/cu.usbserial-576B0005451,"RX,78457,R33,TXG,N91,6,65079,G,1,0.93,0.90,5,U,-59,9.25"
RX,78757,R33,TXE,N61,28,65379,A,1,0.75,0.72,5.0,U,-48.0,9.5,True,,2026-07-05T22:47:31.550+00:00,/dev/cu.usbserial-576B0005451,"RX,78757,R33,TXE,N61,28,65379,A,1,0.75,0.72,5,U,-48,9.50"
RX,79010,R33,TXA,N01,63,65627,H,1,0.32,0.3,5.0,F,-44.0,10.0,True,,2026-07-05T22:47:31.803+00:00,/dev/cu.usbserial-576B0005451,"RX,79010,R33,TXA,N01,63,65627,H,1,0.32,0.30,5,F,-44,10.00"
RX,79509,R33,TXF,N76,15,66131,G,1,0.93,0.9,5.0,U,-50.0,9.25,True,,2026-07-05T22:47:32.301+00:00,/dev/cu.usbserial-576B0005451,"RX,79509,R33,TXF,N76,15,66131,G,1,0.93,0.90,5,U,-50,9.25"
RX,79763,R33,TXC,N31,14,66381,E,1,0.87,0.84,5.0,U,-42.0,10.0,True,,2026-07-05T22:47:32.556+00:00,/dev/cu.usbserial-576B0005451,"RX,79763,R33,TXC,N31,14,66381,E,1,0.87,0.84,5,U,-42,10.00"
RX,80010,R33,TXA,N01,64,66627,A,1,0.75,0.72,5.0,F,-44.0,9.75,True,,2026-07-05T22:47:32.803+00:00,/dev/cu.usbserial-576B0005451,"RX,80010,R33,TXA,N01,64,66627,A,1,0.75,0.72,5,F,-44,9.75"
RX,80277,R33,TXB,N16,31,66893,G,1,0.93,0.9,5.0,U,-59.0,9.25,True,,2026-07-05T22:47:33.070+00:00,/dev/cu.usbserial-576B0005451,"RX,80277,R33,TXB,N16,31,66893,G,1,0.93,0.90,5,U,-59,9.25"
RX,80757,R33,TXE,N61,29,67379,C,0,0.81,0.78,5.0,U,-46.0,9.75,True,,2026-07-05T22:47:33.550+00:00,/dev/cu.usbserial-576B0005451,"RX,80757,R33,TXE,N61,29,67379,C,0,0.81,0.78,5,U,-46,9.75"
RX,81010,R33,TXA,N01,65,67627,B,0,0.2,0.18,5.0,F,-45.0,9.75,True,,2026-07-05T22:47:33.803+00:00,/dev/cu.usbserial-576B0005451,"RX,81010,R33,TXA,N01,65,67627,B,0,0.20,0.18,5,F,-45,9.75"
RX,81763,R33,TXC,N31,15,68381,G,1,0.93,0.9,5.0,U,-41.0,9.5,True,,2026-07-05T22:47:34.556+00:00,/dev/cu.usbserial-576B0005451,"RX,81763,R33,TXC,N31,15,68381,G,1,0.93,0.90,5,U,-41,9.50"
RX,82010,R33,TXA,N01,66,68627,C,1,0.81,0.78,5.0,F,-44.0,9.5,True,,2026-07-05T22:47:34.803+00:00,/dev/cu.usbserial-576B0005451,"RX,82010,R33,TXA,N01,66,68627,C,1,0.81,0.78,5,F,-44,9.50"
RX,82277,R33,TXB,N16,32,68893,A,1,0.75,0.72,5.0,U,-58.0,9.5,True,,2026-07-05T22:47:35.070+00:00,/dev/cu.usbserial-576B0005451,"RX,82277,R33,TXB,N16,32,68893,A,1,0.75,0.72,5,U,-58,9.50"
RX,82757,R33,TXE,N61,30,69379,E,1,0.87,0.84,5.0,U,-48.0,9.75,True,,2026-07-05T22:47:35.550+00:00,/dev/cu.usbserial-576B0005451,"RX,82757,R33,TXE,N61,30,69379,E,1,0.87,0.84,5,U,-48,9.75"
RX,83010,R33,TXA,N01,67,69627,D,1,0.24,0.22,5.0,F,-44.0,10.25,True,,2026-07-05T22:47:35.803+00:00,/dev/cu.usbserial-576B0005451,"RX,83010,R33,TXA,N01,67,69627,D,1,0.24,0.22,5,F,-44,10.25"
RX,84010,R33,TXA,N01,68,70627,E,0,0.87,0.84,5.0,F,-45.0,10.0,True,,2026-07-05T22:47:36.803+00:00,/dev/cu.usbserial-576B0005451,"RX,84010,R33,TXA,N01,68,70627,E,0,0.87,0.84,5,F,-45,10.00"
RX,84277,R33,TXB,N16,33,70893,C,1,0.81,0.78,5.0,U,-58.0,10.0,True,,2026-07-05T22:47:37.070+00:00,/dev/cu.usbserial-576B0005451,"RX,84277,R33,TXB,N16,33,70893,C,1,0.81,0.78,5,U,-58,10.00"
RX,84757,R33,TXE,N61,31,71379,G,1,0.93,0.9,5.0,U,-47.0,10.25,True,,2026-07-05T22:47:37.550+00:00,/dev/cu.usbserial-576B0005451,"RX,84757,R33,TXE,N61,31,71379,G,1,0.93,0.90,5,U,-47,10.25"
RX,85010,R33,TXA,N01,69,71627,F,1,0.28,0.26,5.0,F,-45.0,9.5,True,,2026-07-05T22:47:37.803+00:00,/dev/cu.usbserial-576B0005451,"RX,85010,R33,TXA,N01,69,71627,F,1,0.28,0.26,5,F,-45,9.50"
RX,85119,R33,TXH,N106,4,71742,G,1,0.93,0.9,5.0,U,-50.0,10.25,True,,2026-07-05T22:47:37.912+00:00,/dev/cu.usbserial-576B0005451,"RX,85119,R33,TXH,N106,4,71742,G,1,0.93,0.90,5,U,-50,10.25"
RX,85509,R33,TXF,N76,16,72131,E,0,0.87,0.84,5.0,U,-52.0,10.0,True,,2026-07-05T22:47:38.302+00:00,/dev/cu.usbserial-576B0005451,"RX,85509,R33,TXF,N76,16,72131,E,0,0.87,0.84,5,U,-52,10.00"
RX,85912,R33,TXD,N46,8,72530,G,1,0.93,0.9,5.0,U,-49.0,9.5,True,,2026-07-05T22:47:38.706+00:00,/dev/cu.usbserial-576B0005451,"RX,85912,R33,TXD,N46,8,72530,G,1,0.93,0.90,5,U,-49,9.50"
RX,86010,R33,TXA,N01,70,72627,G,1,0.93,0.9,5.0,F,-45.0,9.5,True,,2026-07-05T22:47:38.803+00:00,/dev/cu.usbserial-576B0005451,"RX,86010,R33,TXA,N01,70,72627,G,1,0.93,0.90,5,F,-45,9.50"
RX,86277,R33,TXB,N16,34,72893,E,0,0.87,0.84,5.0,U,-59.0,9.0,True,,2026-07-05T22:47:39.070+00:00,/dev/cu.usbserial-576B0005451,"RX,86277,R33,TXB,N16,34,72893,E,0,0.87,0.84,5,U,-59,9.00"
RX,86457,R33,TXG,N91,7,73079,G,1,0.93,0.9,5.0,U,-55.0,9.5,True,,2026-07-05T22:47:39.250+00:00,/dev/cu.usbserial-576B0005451,"RX,86457,R33,TXG,N91,7,73079,G,1,0.93,0.90,5,U,-55,9.50"
RX,86757,R33,TXE,N61,32,73379,A,1,0.75,0.72,5.0,U,-47.0,9.75,True,,2026-07-05T22:47:39.550+00:00,/dev/cu.usbserial-576B0005451,"RX,86757,R33,TXE,N61,32,73379,A,1,0.75,0.72,5,U,-47,9.75"
RX,87010,R33,TXA,N01,71,73627,H,0,0.32,0.3,5.0,F,-45.0,9.5,True,,2026-07-05T22:47:39.803+00:00,/dev/cu.usbserial-576B0005451,"RX,87010,R33,TXA,N01,71,73627,H,0,0.32,0.30,5,F,-45,9.50"
RX,87509,R33,TXF,N76,17,74131,G,1,0.93,0.9,5.0,U,-52.0,9.75,True,,2026-07-05T22:47:40.302+00:00,/dev/cu.usbserial-576B0005451,"RX,87509,R33,TXF,N76,17,74131,G,1,0.93,0.90,5,U,-52,9.75"
RX,87763,R33,TXC,N31,16,74381,E,0,0.87,0.84,5.0,U,-42.0,9.75,True,,2026-07-05T22:47:40.556+00:00,/dev/cu.usbserial-576B0005451,"RX,87763,R33,TXC,N31,16,74381,E,0,0.87,0.84,5,U,-42,9.75"
RX,88010,R33,TXA,N01,72,74627,A,1,0.75,0.72,5.0,F,-45.0,10.0,True,,2026-07-05T22:47:40.803+00:00,/dev/cu.usbserial-576B0005451,"RX,88010,R33,TXA,N01,72,74627,A,1,0.75,0.72,5,F,-45,10.00"
RX,88277,R33,TXB,N16,35,74893,G,1,0.93,0.9,5.0,U,-58.0,9.75,True,,2026-07-05T22:47:41.070+00:00,/dev/cu.usbserial-576B0005451,"RX,88277,R33,TXB,N16,35,74893,G,1,0.93,0.90,5,U,-58,9.75"
RX,88757,R33,TXE,N61,33,75379,C,1,0.81,0.78,5.0,U,-47.0,10.0,True,,2026-07-05T22:47:41.550+00:00,/dev/cu.usbserial-576B0005451,"RX,88757,R33,TXE,N61,33,75379,C,1,0.81,0.78,5,U,-47,10.00"
RX,89010,R33,TXA,N01,73,75627,B,1,0.2,0.18,5.0,F,-44.0,9.75,True,,2026-07-05T22:47:41.803+00:00,/dev/cu.usbserial-576B0005451,"RX,89010,R33,TXA,N01,73,75627,B,1,0.20,0.18,5,F,-44,9.75"
RX,89763,R33,TXC,N31,17,76381,G,1,0.93,0.9,5.0,U,-42.0,9.75,True,,2026-07-05T22:47:42.556+00:00,/dev/cu.usbserial-576B0005451,"RX,89763,R33,TXC,N31,17,76381,G,1,0.93,0.90,5,U,-42,9.75"
RX,90010,R33,TXA,N01,74,76627,C,0,0.81,0.78,5.0,F,-45.0,10.0,True,,2026-07-05T22:47:42.803+00:00,/dev/cu.usbserial-576B0005451,"RX,90010,R33,TXA,N01,74,76627,C,0,0.81,0.78,5,F,-45,10.00"
RX,90277,R33,TXB,N16,36,76893,A,1,0.75,0.72,5.0,U,-59.0,10.0,True,,2026-07-05T22:47:43.070+00:00,/dev/cu.usbserial-576B0005451,"RX,90277,R33,TXB,N16,36,76893,A,1,0.75,0.72,5,U,-59,10.00"
RX,90757,R33,TXE,N61,34,77379,E,0,0.87,0.84,5.0,U,-47.0,10.25,True,,2026-07-05T22:47:43.550+00:00,/dev/cu.usbserial-576B0005451,"RX,90757,R33,TXE,N61,34,77379,E,0,0.87,0.84,5,U,-47,10.25"
RX,91010,R33,TXA,N01,75,77627,D,1,0.24,0.22,5.0,F,-44.0,10.0,True,,2026-07-05T22:47:43.804+00:00,/dev/cu.usbserial-576B0005451,"RX,91010,R33,TXA,N01,75,77627,D,1,0.24,0.22,5,F,-44,10.00"
RX,92010,R33,TXA,N01,76,78627,E,1,0.87,0.84,5.0,F,-44.0,9.75,True,,2026-07-05T22:47:44.803+00:00,/dev/cu.usbserial-576B0005451,"RX,92010,R33,TXA,N01,76,78627,E,1,0.87,0.84,5,F,-44,9.75"
RX,92277,R33,TXB,N16,37,78893,C,0,0.81,0.78,5.0,U,-59.0,9.75,True,,2026-07-05T22:47:45.070+00:00,/dev/cu.usbserial-576B0005451,"RX,92277,R33,TXB,N16,37,78893,C,0,0.81,0.78,5,U,-59,9.75"
RX,92757,R33,TXE,N61,35,79379,G,1,0.93,0.9,5.0,U,-47.0,9.75,True,,2026-07-05T22:47:45.550+00:00,/dev/cu.usbserial-576B0005451,"RX,92757,R33,TXE,N61,35,79379,G,1,0.93,0.90,5,U,-47,9.75"
RX,93010,R33,TXA,N01,77,79627,F,0,0.28,0.26,5.0,F,-45.0,9.75,True,,2026-07-05T22:47:45.803+00:00,/dev/cu.usbserial-576B0005451,"RX,93010,R33,TXA,N01,77,79627,F,0,0.28,0.26,5,F,-45,9.75"
RX,93119,R33,TXH,N106,5,79742,G,1,0.93,0.9,5.0,U,-49.0,10.5,True,,2026-07-05T22:47:45.912+00:00,/dev/cu.usbserial-576B0005451,"RX,93119,R33,TXH,N106,5,79742,G,1,0.93,0.90,5,U,-49,10.50"
RX,93912,R33,TXD,N46,9,80530,G,1,0.93,0.9,5.0,U,-50.0,9.75,True,,2026-07-05T22:47:46.706+00:00,/dev/cu.usbserial-576B0005451,"RX,93912,R33,TXD,N46,9,80530,G,1,0.93,0.90,5,U,-50,9.75"
RX,94010,R33,TXA,N01,78,80627,G,1,0.93,0.9,5.0,F,-45.0,10.25,True,,2026-07-05T22:47:46.803+00:00,/dev/cu.usbserial-576B0005451,"RX,94010,R33,TXA,N01,78,80627,G,1,0.93,0.90,5,F,-45,10.25"
RX,94277,R33,TXB,N16,38,80893,E,1,0.87,0.84,5.0,U,-59.0,9.5,True,,2026-07-05T22:47:47.070+00:00,/dev/cu.usbserial-576B0005451,"RX,94277,R33,TXB,N16,38,80893,E,1,0.87,0.84,5,U,-59,9.50"
RX,94457,R33,TXG,N91,8,81079,G,1,0.93,0.9,5.0,U,-56.0,9.25,True,,2026-07-05T22:47:47.250+00:00,/dev/cu.usbserial-576B0005451,"RX,94457,R33,TXG,N91,8,81079,G,1,0.93,0.90,5,U,-56,9.25"
RX,94757,R33,TXE,N61,36,81379,A,1,0.75,0.72,5.0,U,-46.0,9.75,True,,2026-07-05T22:47:47.550+00:00,/dev/cu.usbserial-576B0005451,"RX,94757,R33,TXE,N61,36,81379,A,1,0.75,0.72,5,U,-46,9.75"
RX,95010,R33,TXA,N01,79,81627,H,1,0.32,0.3,5.0,F,-45.0,10.0,True,,2026-07-05T22:47:47.803+00:00,/dev/cu.usbserial-576B0005451,"RX,95010,R33,TXA,N01,79,81627,H,1,0.32,0.30,5,F,-45,10.00"
RX,95509,R33,TXF,N76,19,82131,G,1,0.93,0.9,5.0,U,-51.0,9.75,True,,2026-07-05T22:47:48.302+00:00,/dev/cu.usbserial-576B0005451,"RX,95509,R33,TXF,N76,19,82131,G,1,0.93,0.90,5,U,-51,9.75"
RX,95763,R33,TXC,N31,18,82381,E,1,0.87,0.84,5.0,U,-42.0,10.0,True,,2026-07-05T22:47:48.557+00:00,/dev/cu.usbserial-576B0005451,"RX,95763,R33,TXC,N31,18,82381,E,1,0.87,0.84,5,U,-42,10.00"
RX,96010,R33,TXA,N01,80,82627,A,0,0.75,0.72,5.0,F,-45.0,9.75,True,,2026-07-05T22:47:48.803+00:00,/dev/cu.usbserial-576B0005451,"RX,96010,R33,TXA,N01,80,82627,A,0,0.75,0.72,5,F,-45,9.75"
RX,96277,R33,TXB,N16,39,82893,G,1,0.93,0.9,5.0,U,-58.0,10.5,True,,2026-07-05T22:47:49.070+00:00,/dev/cu.usbserial-576B0005451,"RX,96277,R33,TXB,N16,39,82893,G,1,0.93,0.90,5,U,-58,10.50"
RX,96757,R33,TXE,N61,37,83379,C,0,0.81,0.78,5.0,U,-47.0,10.25,True,,2026-07-05T22:47:49.550+00:00,/dev/cu.usbserial-576B0005451,"RX,96757,R33,TXE,N61,37,83379,C,0,0.81,0.78,5,U,-47,10.25"
RX,97010,R33,TXA,N01,81,83627,B,1,0.2,0.18,5.0,F,-45.0,9.25,True,,2026-07-05T22:47:49.803+00:00,/dev/cu.usbserial-576B0005451,"RX,97010,R33,TXA,N01,81,83627,B,1,0.20,0.18,5,F,-45,9.25"
RX,97763,R33,TXC,N31,19,84381,G,1,0.93,0.9,5.0,U,-42.0,10.0,True,,2026-07-05T22:47:50.556+00:00,/dev/cu.usbserial-576B0005451,"RX,97763,R33,TXC,N31,19,84381,G,1,0.93,0.90,5,U,-42,10.00"
RX,98010,R33,TXA,N01,82,84627,C,1,0.81,0.78,5.0,F,-44.0,10.0,True,,2026-07-05T22:47:50.803+00:00,/dev/cu.usbserial-576B0005451,"RX,98010,R33,TXA,N01,82,84627,C,1,0.81,0.78,5,F,-44,10.00"
RX,98277,R33,TXB,N16,40,84893,A,0,0.75,0.72,5.0,U,-60.0,9.25,True,,2026-07-05T22:47:51.070+00:00,/dev/cu.usbserial-576B0005451,"RX,98277,R33,TXB,N16,40,84893,A,0,0.75,0.72,5,U,-60,9.25"
RX,98757,R33,TXE,N61,38,85379,E,1,0.87,0.84,5.0,U,-47.0,10.0,True,,2026-07-05T22:47:51.550+00:00,/dev/cu.usbserial-576B0005451,"RX,98757,R33,TXE,N61,38,85379,E,1,0.87,0.84,5,U,-47,10.00"
RX,99010,R33,TXA,N01,83,85627,D,0,0.24,0.22,5.0,F,-44.0,9.75,True,,2026-07-05T22:47:51.803+00:00,/dev/cu.usbserial-576B0005451,"RX,99010,R33,TXA,N01,83,85627,D,0,0.24,0.22,5,F,-44,9.75"
RX,100010,R33,TXA,N01,84,86627,E,1,0.87,0.84,5.0,F,-44.0,9.75,True,,2026-07-05T22:47:52.803+00:00,/dev/cu.usbserial-576B0005451,"RX,100010,R33,TXA,N01,84,86627,E,1,0.87,0.84,5,F,-44,9.75"
RX,100277,R33,TXB,N16,41,86893,C,1,0.81,0.78,5.0,U,-59.0,9.25,True,,2026-07-05T22:47:53.070+00:00,/dev/cu.usbserial-576B0005451,"RX,100277,R33,TXB,N16,41,86893,C,1,0.81,0.78,5,U,-59,9.25"
RX,100757,R33,TXE,N61,39,87379,G,1,0.93,0.9,5.0,U,-48.0,9.5,True,,2026-07-05T22:47:53.550+00:00,/dev/cu.usbserial-576B0005451,"RX,100757,R33,TXE,N61,39,87379,G,1,0.93,0.90,5,U,-48,9.50"
RX,101010,R33,TXA,N01,85,87627,F,1,0.28,0.26,5.0,F,-44.0,9.75,True,,2026-07-05T22:47:53.803+00:00,/dev/cu.usbserial-576B0005451,"RX,101010,R33,TXA,N01,85,87627,F,1,0.28,0.26,5,F,-44,9.75"
RX,101119,R33,TXH,N106,6,87742,G,0,0.93,0.9,5.0,U,-50.0,10.0,True,,2026-07-05T22:47:53.913+00:00,/dev/cu.usbserial-576B0005451,"RX,101119,R33,TXH,N106,6,87742,G,0,0.93,0.90,5,U,-50,10.00"
RX,101509,R33,TXF,N76,20,88131,E,1,0.87,0.84,5.0,U,-51.0,10.75,True,,2026-07-05T22:47:54.302+00:00,/dev/cu.usbserial-576B0005451,"RX,101509,R33,TXF,N76,20,88131,E,1,0.87,0.84,5,U,-51,10.75"
RX,101913,R33,TXD,N46,10,88530,G,0,0.93,0.9,5.0,U,-51.0,10.0,True,,2026-07-05T22:47:54.706+00:00,/dev/cu.usbserial-576B0005451,"RX,101913,R33,TXD,N46,10,88530,G,0,0.93,0.90,5,U,-51,10.00"
RX,102010,R33,TXA,N01,86,88627,G,0,0.93,0.9,5.0,F,-46.0,12.75,True,,2026-07-05T22:47:54.804+00:00,/dev/cu.usbserial-576B0005451,"RX,102010,R33,TXA,N01,86,88627,G,0,0.93,0.90,5,F,-46,12.75"
RX,102277,R33,TXB,N16,42,88893,E,1,0.87,0.84,5.0,U,-60.0,9.75,True,,2026-07-05T22:47:55.070+00:00,/dev/cu.usbserial-576B0005451,"RX,102277,R33,TXB,N16,42,88893,E,1,0.87,0.84,5,U,-60,9.75"
RX,102457,R33,TXG,N91,9,89079,G,1,0.93,0.9,5.0,U,-57.0,9.5,True,,2026-07-05T22:47:55.250+00:00,/dev/cu.usbserial-576B0005451,"RX,102457,R33,TXG,N91,9,89079,G,1,0.93,0.90,5,U,-57,9.50"
RX,102757,R33,TXE,N61,40,89379,A,0,0.75,0.72,5.0,U,-47.0,9.5,True,,2026-07-05T22:47:55.550+00:00,/dev/cu.usbserial-576B0005451,"RX,102757,R33,TXE,N61,40,89379,A,0,0.75,0.72,5,U,-47,9.50"
RX,103010,R33,TXA,N01,87,89627,H,1,0.32,0.3,5.0,F,-45.0,9.75,True,,2026-07-05T22:47:55.803+00:00,/dev/cu.usbserial-576B0005451,"RX,103010,R33,TXA,N01,87,89627,H,1,0.32,0.30,5,F,-45,9.75"
RX,103509,R33,TXF,N76,21,90131,G,0,0.93,0.9,5.0,U,-53.0,9.75,True,,2026-07-05T22:47:56.302+00:00,/dev/cu.usbserial-576B0005451,"RX,103509,R33,TXF,N76,21,90131,G,0,0.93,0.90,5,U,-53,9.75"
RX,103763,R33,TXC,N31,20,90381,E,1,0.87,0.84,5.0,U,-42.0,10.75,True,,2026-07-05T22:47:56.557+00:00,/dev/cu.usbserial-576B0005451,"RX,103763,R33,TXC,N31,20,90381,E,1,0.87,0.84,5,U,-42,10.75"
RX,104010,R33,TXA,N01,88,90627,A,1,0.75,0.72,5.0,F,-45.0,9.5,True,,2026-07-05T22:47:56.804+00:00,/dev/cu.usbserial-576B0005451,"RX,104010,R33,TXA,N01,88,90627,A,1,0.75,0.72,5,F,-45,9.50"
RX,104277,R33,TXB,N16,43,90893,G,0,0.93,0.9,5.0,U,-59.0,10.0,True,,2026-07-05T22:47:57.070+00:00,/dev/cu.usbserial-576B0005451,"RX,104277,R33,TXB,N16,43,90893,G,0,0.93,0.90,5,U,-59,10.00"
RX,104757,R33,TXE,N61,41,91379,C,1,0.81,0.78,5.0,U,-47.0,9.5,True,,2026-07-05T22:47:57.550+00:00,/dev/cu.usbserial-576B0005451,"RX,104757,R33,TXE,N61,41,91379,C,1,0.81,0.78,5,U,-47,9.50"
RX,105010,R33,TXA,N01,89,91627,B,0,0.2,0.18,5.0,F,-45.0,10.0,True,,2026-07-05T22:47:57.804+00:00,/dev/cu.usbserial-576B0005451,"RX,105010,R33,TXA,N01,89,91627,B,0,0.20,0.18,5,F,-45,10.00"
RX,105763,R33,TXC,N31,21,92381,G,0,0.93,0.9,5.0,U,-42.0,9.75,True,,2026-07-05T22:47:58.557+00:00,/dev/cu.usbserial-576B0005451,"RX,105763,R33,TXC,N31,21,92381,G,0,0.93,0.90,5,U,-42,9.75"
RX,106010,R33,TXA,N01,90,92627,C,1,0.81,0.78,5.0,F,-45.0,9.75,True,,2026-07-05T22:47:58.804+00:00,/dev/cu.usbserial-576B0005451,"RX,106010,R33,TXA,N01,90,92627,C,1,0.81,0.78,5,F,-45,9.75"
RX,106277,R33,TXB,N16,44,92893,A,1,0.75,0.72,5.0,U,-59.0,9.25,True,,2026-07-05T22:47:59.070+00:00,/dev/cu.usbserial-576B0005451,"RX,106277,R33,TXB,N16,44,92893,A,1,0.75,0.72,5,U,-59,9.25"
RX,106757,R33,TXE,N61,42,93379,E,1,0.87,0.84,5.0,U,-47.0,9.5,True,,2026-07-05T22:47:59.550+00:00,/dev/cu.usbserial-576B0005451,"RX,106757,R33,TXE,N61,42,93379,E,1,0.87,0.84,5,U,-47,9.50"
RX,107010,R33,TXA,N01,91,93627,D,1,0.24,0.22,5.0,F,-45.0,9.75,True,,2026-07-05T22:47:59.803+00:00,/dev/cu.usbserial-576B0005451,"RX,107010,R33,TXA,N01,91,93627,D,1,0.24,0.22,5,F,-45,9.75"
RX,108010,R33,TXA,N01,92,94627,E,0,0.87,0.84,5.0,F,-44.0,9.75,True,,2026-07-05T22:48:00.803+00:00,/dev/cu.usbserial-576B0005451,"RX,108010,R33,TXA,N01,92,94627,E,0,0.87,0.84,5,F,-44,9.75"
RX,108277,R33,TXB,N16,45,94893,C,1,0.81,0.78,5.0,U,-59.0,9.75,True,,2026-07-05T22:48:01.070+00:00,/dev/cu.usbserial-576B0005451,"RX,108277,R33,TXB,N16,45,94893,C,1,0.81,0.78,5,U,-59,9.75"
RX,108757,R33,TXE,N61,43,95379,G,0,0.93,0.9,5.0,U,-47.0,9.5,True,,2026-07-05T22:48:01.550+00:00,/dev/cu.usbserial-576B0005451,"RX,108757,R33,TXE,N61,43,95379,G,0,0.93,0.90,5,U,-47,9.50"
RX,109010,R33,TXA,N01,93,95627,F,1,0.28,0.26,5.0,F,-44.0,9.75,True,,2026-07-05T22:48:01.804+00:00,/dev/cu.usbserial-576B0005451,"RX,109010,R33,TXA,N01,93,95627,F,1,0.28,0.26,5,F,-44,9.75"
RX,109509,R33,TXF,N76,22,96131,E,0,0.87,0.84,5.0,U,-52.0,10.5,True,,2026-07-05T22:48:02.302+00:00,/dev/cu.usbserial-576B0005451,"RX,109509,R33,TXF,N76,22,96131,E,0,0.87,0.84,5,U,-52,10.50"
RX,109913,R33,TXD,N46,11,96530,G,1,0.93,0.9,5.0,U,-48.0,9.75,True,,2026-07-05T22:48:02.706+00:00,/dev/cu.usbserial-576B0005451,"RX,109913,R33,TXD,N46,11,96530,G,1,0.93,0.90,5,U,-48,9.75"
RX,110010,R33,TXA,N01,94,96627,G,1,0.93,0.9,5.0,F,-44.0,9.75,True,,2026-07-05T22:48:02.803+00:00,/dev/cu.usbserial-576B0005451,"RX,110010,R33,TXA,N01,94,96627,G,1,0.93,0.90,5,F,-44,9.75"
RX,110277,R33,TXB,N16,46,96893,E,0,0.87,0.84,5.0,U,-58.0,10.0,True,,2026-07-05T22:48:03.071+00:00,/dev/cu.usbserial-576B0005451,"RX,110277,R33,TXB,N16,46,96893,E,0,0.87,0.84,5,U,-58,10.00"
RX,110457,R33,TXG,N91,10,97079,G,0,0.93,0.9,5.0,U,-54.0,9.75,True,,2026-07-05T22:48:03.250+00:00,/dev/cu.usbserial-576B0005451,"RX,110457,R33,TXG,N91,10,97079,G,0,0.93,0.90,5,U,-54,9.75"
RX,110757,R33,TXE,N61,44,97379,A,1,0.75,0.72,5.0,U,-47.0,10.25,True,,2026-07-05T22:48:03.550+00:00,/dev/cu.usbserial-576B0005451,"RX,110757,R33,TXE,N61,44,97379,A,1,0.75,0.72,5,U,-47,10.25"
RX,111010,R33,TXA,N01,95,97627,H,0,0.32,0.3,5.0,F,-45.0,9.5,True,,2026-07-05T22:48:03.804+00:00,/dev/cu.usbserial-576B0005451,"RX,111010,R33,TXA,N01,95,97627,H,0,0.32,0.30,5,F,-45,9.50"
RX,111509,R33,TXF,N76,23,98131,G,1,0.93,0.9,5.0,U,-53.0,9.75,True,,2026-07-05T22:48:04.302+00:00,/dev/cu.usbserial-576B0005451,"RX,111509,R33,TXF,N76,23,98131,G,1,0.93,0.90,5,U,-53,9.75"
RX,111763,R33,TXC,N31,22,98381,E,0,0.87,0.84,5.0,U,-42.0,11.0,True,,2026-07-05T22:48:04.557+00:00,/dev/cu.usbserial-576B0005451,"RX,111763,R33,TXC,N31,22,98381,E,0,0.87,0.84,5,U,-42,11.00"
RX,112010,R33,TXA,N01,96,98627,A,1,0.75,0.72,5.0,F,-45.0,10.0,True,,2026-07-05T22:48:04.804+00:00,/dev/cu.usbserial-576B0005451,"RX,112010,R33,TXA,N01,96,98627,A,1,0.75,0.72,5,F,-45,10.00"
RX,112277,R33,TXB,N16,47,98893,G,1,0.93,0.9,5.0,U,-58.0,10.0,True,,2026-07-05T22:48:05.071+00:00,/dev/cu.usbserial-576B0005451,"RX,112277,R33,TXB,N16,47,98893,G,1,0.93,0.90,5,U,-58,10.00"
RX,112757,R33,TXE,N61,45,99379,C,1,0.81,0.78,5.0,U,-47.0,9.5,True,,2026-07-05T22:48:05.551+00:00,/dev/cu.usbserial-576B0005451,"RX,112757,R33,TXE,N61,45,99379,C,1,0.81,0.78,5,U,-47,9.50"
RX,113010,R33,TXA,N01,97,99627,B,1,0.2,0.18,5.0,F,-44.0,10.0,True,,2026-07-05T22:48:05.804+00:00,/dev/cu.usbserial-576B0005451,"RX,113010,R33,TXA,N01,97,99627,B,1,0.20,0.18,5,F,-44,10.00"
RX,113763,R33,TXC,N31,23,100381,G,1,0.93,0.9,5.0,U,-42.0,10.25,True,,2026-07-05T22:48:06.557+00:00,/dev/cu.usbserial-576B0005451,"RX,113763,R33,TXC,N31,23,100381,G,1,0.93,0.90,5,U,-42,10.25"
RX,114010,R33,TXA,N01,98,100627,C,0,0.81,0.78,5.0,F,-44.0,9.75,True,,2026-07-05T22:48:06.804+00:00,/dev/cu.usbserial-576B0005451,"RX,114010,R33,TXA,N01,98,100627,C,0,0.81,0.78,5,F,-44,9.75"
RX,114277,R33,TXB,N16,48,100893,A,1,0.75,0.72,5.0,U,-59.0,9.5,True,,2026-07-05T22:48:07.071+00:00,/dev/cu.usbserial-576B0005451,"RX,114277,R33,TXB,N16,48,100893,A,1,0.75,0.72,5,U,-59,9.50"
RX,114757,R33,TXE,N61,46,101379,E,0,0.87,0.84,5.0,U,-47.0,9.75,True,,2026-07-05T22:48:07.551+00:00,/dev/cu.usbserial-576B0005451,"RX,114757,R33,TXE,N61,46,101379,E,0,0.87,0.84,5,U,-47,9.75"
RX,115010,R33,TXA,N01,99,101627,D,1,0.24,0.22,5.0,F,-44.0,10.0,True,,2026-07-05T22:48:07.804+00:00,/dev/cu.usbserial-576B0005451,"RX,115010,R33,TXA,N01,99,101627,D,1,0.24,0.22,5,F,-44,10.00"
RX,116010,R33,TXA,N01,100,102627,E,1,0.87,0.84,5.0,F,-45.0,9.25,True,,2026-07-05T22:48:08.804+00:00,/dev/cu.usbserial-576B0005451,"RX,116010,R33,TXA,N01,100,102627,E,1,0.87,0.84,5,F,-45,9.25"
RX,116277,R33,TXB,N16,49,102893,C,0,0.81,0.78,5.0,U,-59.0,9.5,True,,2026-07-05T22:48:09.071+00:00,/dev/cu.usbserial-576B0005451,"RX,116277,R33,TXB,N16,49,102893,C,0,0.81,0.78,5,U,-59,9.50"
RX,116757,R33,TXE,N61,47,103379,G,1,0.93,0.9,5.0,U,-45.0,9.25,True,,2026-07-05T22:48:09.551+00:00,/dev/cu.usbserial-576B0005451,"RX,116757,R33,TXE,N61,47,103379,G,1,0.93,0.90,5,U,-45,9.25"
RX,117010,R33,TXA,N01,101,103627,F,0,0.28,0.26,5.0,F,-44.0,9.5,True,,2026-07-05T22:48:09.804+00:00,/dev/cu.usbserial-576B0005451,"RX,117010,R33,TXA,N01,101,103627,F,0,0.28,0.26,5,F,-44,9.50"
RX,117509,R33,TXF,N76,24,104131,E,1,0.87,0.84,5.0,U,-52.0,9.75,True,,2026-07-05T22:48:10.303+00:00,/dev/cu.usbserial-576B0005451,"RX,117509,R33,TXF,N76,24,104131,E,1,0.87,0.84,5,U,-52,9.75"
RX,117913,R33,TXD,N46,12,104530,G,1,0.93,0.9,5.0,U,-49.0,9.75,True,,2026-07-05T22:48:10.707+00:00,/dev/cu.usbserial-576B0005451,"RX,117913,R33,TXD,N46,12,104530,G,1,0.93,0.90,5,U,-49,9.75"
RX,118010,R33,TXA,N01,102,104627,G,1,0.93,0.9,5.0,F,-44.0,10.0,True,,2026-07-05T22:48:10.804+00:00,/dev/cu.usbserial-576B0005451,"RX,118010,R33,TXA,N01,102,104627,G,1,0.93,0.90,5,F,-44,10.00"
RX,118277,R33,TXB,N16,50,104893,E,1,0.87,0.84,5.0,U,-58.0,9.5,True,,2026-07-05T22:48:11.071+00:00,/dev/cu.usbserial-576B0005451,"RX,118277,R33,TXB,N16,50,104893,E,1,0.87,0.84,5,U,-58,9.50"
RX,118457,R33,TXG,N91,11,105079,G,1,0.93,0.9,5.0,U,-55.0,9.5,True,,2026-07-05T22:48:11.251+00:00,/dev/cu.usbserial-576B0005451,"RX,118457,R33,TXG,N91,11,105079,G,1,0.93,0.90,5,U,-55,9.50"
RX,118757,R33,TXE,N61,48,105379,A,1,0.75,0.72,5.0,U,-49.0,9.5,True,,2026-07-05T22:48:11.551+00:00,/dev/cu.usbserial-576B0005451,"RX,118757,R33,TXE,N61,48,105379,A,1,0.75,0.72,5,U,-49,9.50"
RX,119010,R33,TXA,N01,103,105627,H,1,0.32,0.3,5.0,F,-44.0,9.75,True,,2026-07-05T22:48:11.804+00:00,/dev/cu.usbserial-576B0005451,"RX,119010,R33,TXA,N01,103,105627,H,1,0.32,0.30,5,F,-44,9.75"
RX,119509,R33,TXF,N76,25,106131,G,1,0.93,0.9,5.0,U,-53.0,10.25,True,,2026-07-05T22:48:12.303+00:00,/dev/cu.usbserial-576B0005451,"RX,119509,R33,TXF,N76,25,106131,G,1,0.93,0.90,5,U,-53,10.25"
RX,119763,R33,TXC,N31,24,106381,E,1,0.87,0.84,5.0,U,-40.0,10.5,True,,2026-07-05T22:48:12.557+00:00,/dev/cu.usbserial-576B0005451,"RX,119763,R33,TXC,N31,24,106381,E,1,0.87,0.84,5,U,-40,10.50"
RX,120010,R33,TXA,N01,104,106627,A,0,0.75,0.72,5.0,F,-44.0,9.75,True,,2026-07-05T22:48:12.804+00:00,/dev/cu.usbserial-576B0005451,"RX,120010,R33,TXA,N01,104,106627,A,0,0.75,0.72,5,F,-44,9.75"
RX,120277,R33,TXB,N16,51,106893,G,1,0.93,0.9,5.0,U,-58.0,9.75,True,,2026-07-05T22:48:13.071+00:00,/dev/cu.usbserial-576B0005451,"RX,120277,R33,TXB,N16,51,106893,G,1,0.93,0.90,5,U,-58,9.75"
RX,120757,R33,TXE,N61,49,107379,C,0,0.81,0.78,5.0,U,-51.0,9.75,True,,2026-07-05T22:48:13.551+00:00,/dev/cu.usbserial-576B0005451,"RX,120757,R33,TXE,N61,49,107379,C,0,0.81,0.78,5,U,-51,9.75"
RX,121010,R33,TXA,N01,105,107627,B,1,0.2,0.18,5.0,F,-43.0,10.0,True,,2026-07-05T22:48:13.804+00:00,/dev/cu.usbserial-576B0005451,"RX,121010,R33,TXA,N01,105,107627,B,1,0.20,0.18,5,F,-43,10.00"
RX,121763,R33,TXC,N31,25,108381,G,1,0.93,0.9,5.0,U,-42.0,9.75,True,,2026-07-05T22:48:14.557+00:00,/dev/cu.usbserial-576B0005451,"RX,121763,R33,TXC,N31,25,108381,G,1,0.93,0.90,5,U,-42,9.75"
RX,122010,R33,TXA,N01,106,108627,C,1,0.81,0.78,5.0,F,-44.0,9.75,True,,2026-07-05T22:48:14.804+00:00,/dev/cu.usbserial-576B0005451,"RX,122010,R33,TXA,N01,106,108627,C,1,0.81,0.78,5,F,-44,9.75"
RX,122277,R33,TXB,N16,52,108893,A,0,0.75,0.72,5.0,U,-58.0,9.0,True,,2026-07-05T22:48:15.071+00:00,/dev/cu.usbserial-576B0005451,"RX,122277,R33,TXB,N16,52,108893,A,0,0.75,0.72,5,U,-58,9.00"
RX,122757,R33,TXE,N61,50,109379,E,1,0.87,0.84,5.0,U,-49.0,9.5,True,,2026-07-05T22:48:15.551+00:00,/dev/cu.usbserial-576B0005451,"RX,122757,R33,TXE,N61,50,109379,E,1,0.87,0.84,5,U,-49,9.50"
RX,123010,R33,TXA,N01,107,109627,D,0,0.24,0.22,5.0,F,-44.0,9.25,True,,2026-07-05T22:48:15.804+00:00,/dev/cu.usbserial-576B0005451,"RX,123010,R33,TXA,N01,107,109627,D,0,0.24,0.22,5,F,-44,9.25"
RX,124010,R33,TXA,N01,108,110627,E,1,0.87,0.84,5.0,F,-45.0,9.25,True,,2026-07-05T22:48:16.804+00:00,/dev/cu.usbserial-576B0005451,"RX,124010,R33,TXA,N01,108,110627,E,1,0.87,0.84,5,F,-45,9.25"
RX,124277,R33,TXB,N16,53,110893,C,1,0.81,0.78,5.0,U,-58.0,9.75,True,,2026-07-05T22:48:17.071+00:00,/dev/cu.usbserial-576B0005451,"RX,124277,R33,TXB,N16,53,110893,C,1,0.81,0.78,5,U,-58,9.75"
RX,124757,R33,TXE,N61,51,111379,G,1,0.93,0.9,5.0,U,-49.0,9.75,True,,2026-07-05T22:48:17.551+00:00,/dev/cu.usbserial-576B0005451,"RX,124757,R33,TXE,N61,51,111379,G,1,0.93,0.90,5,U,-49,9.75"
RX,125010,R33,TXA,N01,109,111627,F,1,0.28,0.26,5.0,F,-43.0,9.5,True,,2026-07-05T22:48:17.804+00:00,/dev/cu.usbserial-576B0005451,"RX,125010,R33,TXA,N01,109,111627,F,1,0.28,0.26,5,F,-43,9.50"
RX,125509,R33,TXF,N76,26,112131,E,1,0.87,0.84,5.0,U,-51.0,9.75,True,,2026-07-05T22:48:18.303+00:00,/dev/cu.usbserial-576B0005451,"RX,125509,R33,TXF,N76,26,112131,E,1,0.87,0.84,5,U,-51,9.75"
RX,125913,R33,TXD,N46,13,112530,G,0,0.93,0.9,5.0,U,-50.0,9.75,True,,2026-07-05T22:48:18.707+00:00,/dev/cu.usbserial-576B0005451,"RX,125913,R33,TXD,N46,13,112530,G,0,0.93,0.90,5,U,-50,9.75"
RX,126010,R33,TXA,N01,110,112627,G,0,0.93,0.9,5.0,F,-44.0,9.75,True,,2026-07-05T22:48:18.804+00:00,/dev/cu.usbserial-576B0005451,"RX,126010,R33,TXA,N01,110,112627,G,0,0.93,0.90,5,F,-44,9.75"
RX,126277,R33,TXB,N16,54,112893,E,1,0.87,0.84,5.0,U,-58.0,10.0,True,,2026-07-05T22:48:19.071+00:00,/dev/cu.usbserial-576B0005451,"RX,126277,R33,TXB,N16,54,112893,E,1,0.87,0.84,5,U,-58,10.00"
RX,126457,R33,TXG,N91,12,113079,G,1,0.93,0.9,5.0,U,-54.0,9.25,True,,2026-07-05T22:48:19.251+00:00,/dev/cu.usbserial-576B0005451,"RX,126457,R33,TXG,N91,12,113079,G,1,0.93,0.90,5,U,-54,9.25"
RX,126757,R33,TXE,N61,52,113379,A,0,0.75,0.72,5.0,U,-48.0,9.75,True,,2026-07-05T22:48:19.551+00:00,/dev/cu.usbserial-576B0005451,"RX,126757,R33,TXE,N61,52,113379,A,0,0.75,0.72,5,U,-48,9.75"
RX,127010,R33,TXA,N01,111,113627,H,1,0.32,0.3,5.0,F,-44.0,9.25,True,,2026-07-05T22:48:19.804+00:00,/dev/cu.usbserial-576B0005451,"RX,127010,R33,TXA,N01,111,113627,H,1,0.32,0.30,5,F,-44,9.25"
RX,127509,R33,TXF,N76,27,114131,G,0,0.93,0.9,5.0,U,-54.0,9.75,True,,2026-07-05T22:48:20.302+00:00,/dev/cu.usbserial-576B0005451,"RX,127509,R33,TXF,N76,27,114131,G,0,0.93,0.90,5,U,-54,9.75"
RX,127763,R33,TXC,N31,26,114381,E,1,0.87,0.84,5.0,U,-44.0,9.75,True,,2026-07-05T22:48:20.557+00:00,/dev/cu.usbserial-576B0005451,"RX,127763,R33,TXC,N31,26,114381,E,1,0.87,0.84,5,U,-44,9.75"
RX,128010,R33,TXA,N01,112,114627,A,1,0.75,0.72,5.0,F,-42.0,9.5,True,,2026-07-05T22:48:20.804+00:00,/dev/cu.usbserial-576B0005451,"RX,128010,R33,TXA,N01,112,114627,A,1,0.75,0.72,5,F,-42,9.50"
RX,128277,R33,TXB,N16,55,114893,G,0,0.93,0.9,5.0,U,-59.0,9.0,True,,2026-07-05T22:48:21.071+00:00,/dev/cu.usbserial-576B0005451,"RX,128277,R33,TXB,N16,55,114893,G,0,0.93,0.90,5,U,-59,9.00"
RX,128757,R33,TXE,N61,53,115379,C,1,0.81,0.78,5.0,U,-51.0,10.0,True,,2026-07-05T22:48:21.551+00:00,/dev/cu.usbserial-576B0005451,"RX,128757,R33,TXE,N61,53,115379,C,1,0.81,0.78,5,U,-51,10.00"
RX,129010,R33,TXA,N01,113,115627,B,0,0.2,0.18,5.0,F,-44.0,9.5,True,,2026-07-05T22:48:21.804+00:00,/dev/cu.usbserial-576B0005451,"RX,129010,R33,TXA,N01,113,115627,B,0,0.20,0.18,5,F,-44,9.50"
RX,129763,R33,TXC,N31,27,116381,G,0,0.93,0.9,5.0,U,-43.0,9.75,True,,2026-07-05T22:48:22.557+00:00,/dev/cu.usbserial-576B0005451,"RX,129763,R33,TXC,N31,27,116381,G,0,0.93,0.90,5,U,-43,9.75"
RX,130010,R33,TXA,N01,114,116627,C,1,0.81,0.78,5.0,F,-43.0,9.75,True,,2026-07-05T22:48:22.804+00:00,/dev/cu.usbserial-576B0005451,"RX,130010,R33,TXA,N01,114,116627,C,1,0.81,0.78,5,F,-43,9.75"
RX,130277,R33,TXB,N16,56,116893,A,1,0.75,0.72,5.0,U,-59.0,9.75,True,,2026-07-05T22:48:23.071+00:00,/dev/cu.usbserial-576B0005451,"RX,130277,R33,TXB,N16,56,116893,A,1,0.75,0.72,5,U,-59,9.75"
RX,130757,R33,TXE,N61,54,117379,E,1,0.87,0.84,5.0,U,-49.0,9.25,True,,2026-07-05T22:48:23.551+00:00,/dev/cu.usbserial-576B0005451,"RX,130757,R33,TXE,N61,54,117379,E,1,0.87,0.84,5,U,-49,9.25"
RX,131010,R33,TXA,N01,115,117627,D,1,0.24,0.22,5.0,F,-43.0,9.75,True,,2026-07-05T22:48:23.805+00:00,/dev/cu.usbserial-576B0005451,"RX,131010,R33,TXA,N01,115,117627,D,1,0.24,0.22,5,F,-43,9.75"
RX,132010,R33,TXA,N01,116,118627,E,0,0.87,0.84,5.0,F,-43.0,9.5,True,,2026-07-05T22:48:24.805+00:00,/dev/cu.usbserial-576B0005451,"RX,132010,R33,TXA,N01,116,118627,E,0,0.87,0.84,5,F,-43,9.50"
RX,132277,R33,TXB,N16,57,118893,C,1,0.81,0.78,5.0,U,-59.0,9.75,True,,2026-07-05T22:48:25.071+00:00,/dev/cu.usbserial-576B0005451,"RX,132277,R33,TXB,N16,57,118893,C,1,0.81,0.78,5,U,-59,9.75"
RX,132757,R33,TXE,N61,55,119379,G,0,0.93,0.9,5.0,U,-48.0,9.25,True,,2026-07-05T22:48:25.551+00:00,/dev/cu.usbserial-576B0005451,"RX,132757,R33,TXE,N61,55,119379,G,0,0.93,0.90,5,U,-48,9.25"
RX,133010,R33,TXA,N01,117,119627,F,1,0.28,0.26,5.0,F,-44.0,9.5,True,,2026-07-05T22:48:25.805+00:00,/dev/cu.usbserial-576B0005451,"RX,133010,R33,TXA,N01,117,119627,F,1,0.28,0.26,5,F,-44,9.50"
RX,133509,R33,TXF,N76,28,120131,E,0,0.87,0.84,5.0,U,-54.0,9.25,True,,2026-07-05T22:48:26.303+00:00,/dev/cu.usbserial-576B0005451,"RX,133509,R33,TXF,N76,28,120131,E,0,0.87,0.84,5,U,-54,9.25"
RX,133913,R33,TXD,N46,14,120530,G,1,0.93,0.9,5.0,U,-50.0,9.75,True,,2026-07-05T22:48:26.707+00:00,/dev/cu.usbserial-576B0005451,"RX,133913,R33,TXD,N46,14,120530,G,1,0.93,0.90,5,U,-50,9.75"
RX,134010,R33,TXA,N01,118,120627,G,1,0.93,0.9,5.0,F,-44.0,9.25,True,,2026-07-05T22:48:26.804+00:00,/dev/cu.usbserial-576B0005451,"RX,134010,R33,TXA,N01,118,120627,G,1,0.93,0.90,5,F,-44,9.25"
RX,134277,R33,TXB,N16,58,120893,E,0,0.87,0.84,5.0,U,-59.0,9.75,True,,2026-07-05T22:48:27.071+00:00,/dev/cu.usbserial-576B0005451,"RX,134277,R33,TXB,N16,58,120893,E,0,0.87,0.84,5,U,-59,9.75"
RX,134457,R33,TXG,N91,13,121079,G,0,0.93,0.9,5.0,U,-55.0,9.75,True,,2026-07-05T22:48:27.251+00:00,/dev/cu.usbserial-576B0005451,"RX,134457,R33,TXG,N91,13,121079,G,0,0.93,0.90,5,U,-55,9.75"
RX,134757,R33,TXE,N61,56,121379,A,1,0.75,0.72,5.0,U,-47.0,10.0,True,,2026-07-05T22:48:27.551+00:00,/dev/cu.usbserial-576B0005451,"RX,134757,R33,TXE,N61,56,121379,A,1,0.75,0.72,5,U,-47,10.00"
RX,135010,R33,TXA,N01,119,121627,H,0,0.32,0.3,5.0,F,-44.0,9.5,True,,2026-07-05T22:48:27.805+00:00,/dev/cu.usbserial-576B0005451,"RX,135010,R33,TXA,N01,119,121627,H,0,0.32,0.30,5,F,-44,9.50"
RX,135509,R33,TXF,N76,29,122131,G,1,0.93,0.9,5.0,U,-49.0,10.0,True,,2026-07-05T22:48:28.303+00:00,/dev/cu.usbserial-576B0005451,"RX,135509,R33,TXF,N76,29,122131,G,1,0.93,0.90,5,U,-49,10.00"
RX,135763,R33,TXC,N31,28,122381,E,0,0.87,0.84,5.0,U,-43.0,9.5,True,,2026-07-05T22:48:28.557+00:00,/dev/cu.usbserial-576B0005451,"RX,135763,R33,TXC,N31,28,122381,E,0,0.87,0.84,5,U,-43,9.50"
RX,136010,R33,TXA,N01,120,122627,A,1,0.75,0.72,5.0,F,-44.0,9.5,True,,2026-07-05T22:48:28.805+00:00,/dev/cu.usbserial-576B0005451,"RX,136010,R33,TXA,N01,120,122627,A,1,0.75,0.72,5,F,-44,9.50"
RX,136277,R33,TXB,N16,59,122893,G,1,0.93,0.9,5.0,U,-60.0,9.5,True,,2026-07-05T22:48:29.071+00:00,/dev/cu.usbserial-576B0005451,"RX,136277,R33,TXB,N16,59,122893,G,1,0.93,0.90,5,U,-60,9.50"
RX,136757,R33,TXE,N61,57,123379,C,1,0.81,0.78,5.0,U,-46.0,9.75,True,,2026-07-05T22:48:29.551+00:00,/dev/cu.usbserial-576B0005451,"RX,136757,R33,TXE,N61,57,123379,C,1,0.81,0.78,5,U,-46,9.75"
RX,137010,R33,TXA,N01,121,123627,B,1,0.2,0.18,5.0,F,-44.0,9.5,True,,2026-07-05T22:48:29.805+00:00,/dev/cu.usbserial-576B0005451,"RX,137010,R33,TXA,N01,121,123627,B,1,0.20,0.18,5,F,-44,9.50"
RX,137763,R33,TXC,N31,29,124381,G,1,0.93,0.9,5.0,U,-43.0,9.5,True,,2026-07-05T22:48:30.558+00:00,/dev/cu.usbserial-576B0005451,"RX,137763,R33,TXC,N31,29,124381,G,1,0.93,0.90,5,U,-43,9.50"
RX,138010,R33,TXA,N01,122,124627,C,0,0.81,0.78,5.0,F,-44.0,9.75,True,,2026-07-05T22:48:30.805+00:00,/dev/cu.usbserial-576B0005451,"RX,138010,R33,TXA,N01,122,124627,C,0,0.81,0.78,5,F,-44,9.75"
RX,138277,R33,TXB,N16,60,124893,A,1,0.75,0.72,5.0,U,-61.0,9.5,True,,2026-07-05T22:48:31.071+00:00,/dev/cu.usbserial-576B0005451,"RX,138277,R33,TXB,N16,60,124893,A,1,0.75,0.72,5,U,-61,9.50"
RX,138757,R33,TXE,N61,58,125379,E,0,0.87,0.84,5.0,U,-45.0,9.75,True,,2026-07-05T22:48:31.551+00:00,/dev/cu.usbserial-576B0005451,"RX,138757,R33,TXE,N61,58,125379,E,0,0.87,0.84,5,U,-45,9.75"
RX,139010,R33,TXA,N01,123,125627,D,1,0.24,0.22,5.0,F,-46.0,9.5,True,,2026-07-05T22:48:31.805+00:00,/dev/cu.usbserial-576B0005451,"RX,139010,R33,TXA,N01,123,125627,D,1,0.24,0.22,5,F,-46,9.50"
RX,140010,R33,TXA,N01,124,126627,E,1,0.87,0.84,5.0,F,-45.0,9.5,True,,2026-07-05T22:48:32.805+00:00,/dev/cu.usbserial-576B0005451,"RX,140010,R33,TXA,N01,124,126627,E,1,0.87,0.84,5,F,-45,9.50"
RX,140277,R33,TXB,N16,61,126893,C,0,0.81,0.78,5.0,U,-59.0,10.0,True,,2026-07-05T22:48:33.071+00:00,/dev/cu.usbserial-576B0005451,"RX,140277,R33,TXB,N16,61,126893,C,0,0.81,0.78,5,U,-59,10.00"
RX,140757,R33,TXE,N61,59,127379,G,1,0.93,0.9,5.0,U,-47.0,9.5,True,,2026-07-05T22:48:33.551+00:00,/dev/cu.usbserial-576B0005451,"RX,140757,R33,TXE,N61,59,127379,G,1,0.93,0.90,5,U,-47,9.50"
RX,141010,R33,TXA,N01,125,127627,F,0,0.28,0.26,5.0,F,-44.0,10.0,True,,2026-07-05T22:48:33.805+00:00,/dev/cu.usbserial-576B0005451,"RX,141010,R33,TXA,N01,125,127627,F,0,0.28,0.26,5,F,-44,10.00"
RX,141509,R33,TXF,N76,30,128131,E,1,0.87,0.84,5.0,U,-50.0,9.5,True,,2026-07-05T22:48:34.303+00:00,/dev/cu.usbserial-576B0005451,"RX,141509,R33,TXF,N76,30,128131,E,1,0.87,0.84,5,U,-50,9.50"
RX,141913,R33,TXD,N46,15,128530,G,1,0.93,0.9,5.0,U,-52.0,10.25,True,,2026-07-05T22:48:34.707+00:00,/dev/cu.usbserial-576B0005451,"RX,141913,R33,TXD,N46,15,128530,G,1,0.93,0.90,5,U,-52,10.25"
RX,142010,R33,TXA,N01,126,128627,G,1,0.93,0.9,5.0,F,-44.0,11.5,True,,2026-07-05T22:48:34.805+00:00,/dev/cu.usbserial-576B0005451,"RX,142010,R33,TXA,N01,126,128627,G,1,0.93,0.90,5,F,-44,11.50"
RX,142277,R33,TXB,N16,62,128893,E,1,0.87,0.84,5.0,U,-58.0,9.25,True,,2026-07-05T22:48:35.071+00:00,/dev/cu.usbserial-576B0005451,"RX,142277,R33,TXB,N16,62,128893,E,1,0.87,0.84,5,U,-58,9.25"
RX,142457,R33,TXG,N91,14,129079,G,1,0.93,0.9,5.0,U,-54.0,9.5,True,,2026-07-05T22:48:35.251+00:00,/dev/cu.usbserial-576B0005451,"RX,142457,R33,TXG,N91,14,129079,G,1,0.93,0.90,5,U,-54,9.50"
RX,142757,R33,TXE,N61,60,129379,A,1,0.75,0.72,5.0,U,-48.0,9.25,True,,2026-07-05T22:48:35.552+00:00,/dev/cu.usbserial-576B0005451,"RX,142757,R33,TXE,N61,60,129379,A,1,0.75,0.72,5,U,-48,9.25"
RX,143010,R33,TXA,N01,127,129627,H,1,0.32,0.3,5.0,F,-44.0,9.75,True,,2026-07-05T22:48:35.804+00:00,/dev/cu.usbserial-576B0005451,"RX,143010,R33,TXA,N01,127,129627,H,1,0.32,0.30,5,F,-44,9.75"
RX,143509,R33,TXF,N76,31,130131,G,1,0.93,0.9,5.0,U,-49.0,9.5,True,,2026-07-05T22:48:36.303+00:00,/dev/cu.usbserial-576B0005451,"RX,143509,R33,TXF,N76,31,130131,G,1,0.93,0.90,5,U,-49,9.50"
RX,143763,R33,TXC,N31,30,130381,E,1,0.87,0.84,5.0,U,-43.0,9.5,True,,2026-07-05T22:48:36.557+00:00,/dev/cu.usbserial-576B0005451,"RX,143763,R33,TXC,N31,30,130381,E,1,0.87,0.84,5,U,-43,9.50"
RX,144010,R33,TXA,N01,128,130627,A,1,0.75,0.72,5.0,F,-45.0,9.75,True,,2026-07-05T22:48:36.805+00:00,/dev/cu.usbserial-576B0005451,"RX,144010,R33,TXA,N01,128,130627,A,1,0.75,0.72,5,F,-45,9.75"
RX,144277,R33,TXB,N16,63,130893,G,1,0.93,0.9,5.0,U,-59.0,9.75,True,,2026-07-05T22:48:37.071+00:00,/dev/cu.usbserial-576B0005451,"RX,144277,R33,TXB,N16,63,130893,G,1,0.93,0.90,5,U,-59,9.75"
RX,144757,R33,TXE,N61,61,131379,C,0,0.81,0.78,5.0,U,-46.0,9.75,True,,2026-07-05T22:48:37.551+00:00,/dev/cu.usbserial-576B0005451,"RX,144757,R33,TXE,N61,61,131379,C,0,0.81,0.78,5,U,-46,9.75"
RX,145010,R33,TXA,N01,129,131627,B,0,0.2,0.18,5.0,F,-44.0,9.75,True,,2026-07-05T22:48:37.805+00:00,/dev/cu.usbserial-576B0005451,"RX,145010,R33,TXA,N01,129,131627,B,0,0.20,0.18,5,F,-44,9.75"
RX,145763,R33,TXC,N31,31,132381,G,1,0.93,0.9,5.0,U,-44.0,9.5,True,,2026-07-05T22:48:38.557+00:00,/dev/cu.usbserial-576B0005451,"RX,145763,R33,TXC,N31,31,132381,G,1,0.93,0.90,5,U,-44,9.50"
RX,146010,R33,TXA,N01,130,132627,C,1,0.81,0.78,5.0,F,-44.0,9.5,True,,2026-07-05T22:48:38.805+00:00,/dev/cu.usbserial-576B0005451,"RX,146010,R33,TXA,N01,130,132627,C,1,0.81,0.78,5,F,-44,9.50"
RX,146277,R33,TXB,N16,64,132893,A,1,0.75,0.72,5.0,U,-59.0,8.75,True,,2026-07-05T22:48:39.071+00:00,/dev/cu.usbserial-576B0005451,"RX,146277,R33,TXB,N16,64,132893,A,1,0.75,0.72,5,U,-59,8.75"
RX,146757,R33,TXE,N61,62,133379,E,1,0.87,0.84,5.0,U,-46.0,9.75,True,,2026-07-05T22:48:39.552+00:00,/dev/cu.usbserial-576B0005451,"RX,146757,R33,TXE,N61,62,133379,E,1,0.87,0.84,5,U,-46,9.75"
RX,148010,R33,TXA,N01,132,134627,E,0,0.87,0.84,5.0,F,-44.0,9.75,True,,2026-07-05T22:48:40.805+00:00,/dev/cu.usbserial-576B0005451,"RX,148010,R33,TXA,N01,132,134627,E,0,0.87,0.84,5,F,-44,9.75"
RX,148277,R33,TXB,N16,65,134893,C,1,0.81,0.78,5.0,U,-59.0,9.75,True,,2026-07-05T22:48:41.071+00:00,/dev/cu.usbserial-576B0005451,"RX,148277,R33,TXB,N16,65,134893,C,1,0.81,0.78,5,U,-59,9.75"
RX,148757,R33,TXE,N61,63,135379,G,1,0.93,0.9,5.0,U,-47.0,9.75,True,,2026-07-05T22:48:41.552+00:00,/dev/cu.usbserial-576B0005451,"RX,148757,R33,TXE,N61,63,135379,G,1,0.93,0.90,5,U,-47,9.75"
RX,149010,R33,TXA,N01,133,135627,F,1,0.28,0.26,5.0,F,-45.0,9.5,True,,2026-07-05T22:48:41.805+00:00,/dev/cu.usbserial-576B0005451,"RX,149010,R33,TXA,N01,133,135627,F,1,0.28,0.26,5,F,-45,9.50"
RX,149120,R33,TXH,N106,8,135742,G,1,0.93,0.9,5.0,U,-53.0,9.5,True,,2026-07-05T22:48:41.914+00:00,/dev/cu.usbserial-576B0005451,"RX,149120,R33,TXH,N106,8,135742,G,1,0.93,0.90,5,U,-53,9.50"
RX,149509,R33,TXF,N76,32,136131,E,0,0.87,0.84,5.0,U,-51.0,10.0,True,,2026-07-05T22:48:42.303+00:00,/dev/cu.usbserial-576B0005451,"RX,149509,R33,TXF,N76,32,136131,E,0,0.87,0.84,5,U,-51,10.00"
RX,149913,R33,TXD,N46,16,136530,G,1,0.93,0.9,5.0,U,-51.0,10.0,True,,2026-07-05T22:48:42.707+00:00,/dev/cu.usbserial-576B0005451,"RX,149913,R33,TXD,N46,16,136530,G,1,0.93,0.90,5,U,-51,10.00"
RX,150010,R33,TXA,N01,134,136627,G,1,0.93,0.9,5.0,F,-44.0,9.75,True,,2026-07-05T22:48:42.805+00:00,/dev/cu.usbserial-576B0005451,"RX,150010,R33,TXA,N01,134,136627,G,1,0.93,0.90,5,F,-44,9.75"
RX,150277,R33,TXB,N16,66,136893,E,0,0.87,0.84,5.0,U,-59.0,9.25,True,,2026-07-05T22:48:43.072+00:00,/dev/cu.usbserial-576B0005451,"RX,150277,R33,TXB,N16,66,136893,E,0,0.87,0.84,5,U,-59,9.25"
RX,150457,R33,TXG,N91,15,137079,G,1,0.93,0.9,5.0,U,-55.0,9.5,True,,2026-07-05T22:48:43.252+00:00,/dev/cu.usbserial-576B0005451,"RX,150457,R33,TXG,N91,15,137079,G,1,0.93,0.90,5,U,-55,9.50"
RX,150757,R33,TXE,N61,64,137379,A,1,0.75,0.72,5.0,U,-48.0,9.75,True,,2026-07-05T22:48:43.552+00:00,/dev/cu.usbserial-576B0005451,"RX,150757,R33,TXE,N61,64,137379,A,1,0.75,0.72,5,U,-48,9.75"
RX,151010,R33,TXA,N01,135,137627,H,0,0.32,0.3,5.0,F,-44.0,9.75,True,,2026-07-05T22:48:43.805+00:00,/dev/cu.usbserial-576B0005451,"RX,151010,R33,TXA,N01,135,137627,H,0,0.32,0.30,5,F,-44,9.75"
RX,151509,R33,TXF,N76,33,138131,G,1,0.93,0.9,5.0,U,-51.0,10.5,True,,2026-07-05T22:48:44.303+00:00,/dev/cu.usbserial-576B0005451,"RX,151509,R33,TXF,N76,33,138131,G,1,0.93,0.90,5,U,-51,10.50"
RX,151763,R33,TXC,N31,32,138381,E,0,0.87,0.84,5.0,U,-42.0,9.25,True,,2026-07-05T22:48:44.558+00:00,/dev/cu.usbserial-576B0005451,"RX,151763,R33,TXC,N31,32,138381,E,0,0.87,0.84,5,U,-42,9.25"
RX,152010,R33,TXA,N01,136,138627,A,1,0.75,0.72,5.0,F,-44.0,10.25,True,,2026-07-05T22:48:44.805+00:00,/dev/cu.usbserial-576B0005451,"RX,152010,R33,TXA,N01,136,138627,A,1,0.75,0.72,5,F,-44,10.25"
RX,152277,R33,TXB,N16,67,138893,G,1,0.93,0.9,5.0,U,-59.0,9.25,True,,2026-07-05T22:48:45.072+00:00,/dev/cu.usbserial-576B0005451,"RX,152277,R33,TXB,N16,67,138893,G,1,0.93,0.90,5,U,-59,9.25"
RX,152757,R33,TXE,N61,65,139379,C,1,0.81,0.78,5.0,U,-48.0,9.75,True,,2026-07-05T22:48:45.552+00:00,/dev/cu.usbserial-576B0005451,"RX,152757,R33,TXE,N61,65,139379,C,1,0.81,0.78,5,U,-48,9.75"
RX,153010,R33,TXA,N01,137,139627,B,1,0.2,0.18,5.0,F,-44.0,9.5,True,,2026-07-05T22:48:45.805+00:00,/dev/cu.usbserial-576B0005451,"RX,153010,R33,TXA,N01,137,139627,B,1,0.20,0.18,5,F,-44,9.50"
RX,153763,R33,TXC,N31,33,140381,G,1,0.93,0.9,5.0,U,-42.0,10.0,True,,2026-07-05T22:48:46.557+00:00,/dev/cu.usbserial-576B0005451,"RX,153763,R33,TXC,N31,33,140381,G,1,0.93,0.90,5,U,-42,10.00"
RX,154010,R33,TXA,N01,138,140627,C,0,0.81,0.78,5.0,F,-45.0,9.5,True,,2026-07-05T22:48:46.805+00:00,/dev/cu.usbserial-576B0005451,"RX,154010,R33,TXA,N01,138,140627,C,0,0.81,0.78,5,F,-45,9.50"
RX,154277,R33,TXB,N16,68,140893,A,1,0.75,0.72,5.0,U,-59.0,9.5,True,,2026-07-05T22:48:47.072+00:00,/dev/cu.usbserial-576B0005451,"RX,154277,R33,TXB,N16,68,140893,A,1,0.75,0.72,5,U,-59,9.50"
RX,154757,R33,TXE,N61,66,141379,E,0,0.87,0.84,5.0,U,-49.0,9.5,True,,2026-07-05T22:48:47.552+00:00,/dev/cu.usbserial-576B0005451,"RX,154757,R33,TXE,N61,66,141379,E,0,0.87,0.84,5,U,-49,9.50"
RX,155010,R33,TXA,N01,139,141627,D,1,0.24,0.22,5.0,F,-44.0,9.5,True,,2026-07-05T22:48:47.805+00:00,/dev/cu.usbserial-576B0005451,"RX,155010,R33,TXA,N01,139,141627,D,1,0.24,0.22,5,F,-44,9.50"
RX,156010,R33,TXA,N01,140,142627,E,1,0.87,0.84,5.0,F,-44.0,9.5,True,,2026-07-05T22:48:48.805+00:00,/dev/cu.usbserial-576B0005451,"RX,156010,R33,TXA,N01,140,142627,E,1,0.87,0.84,5,F,-44,9.50"
RX,156277,R33,TXB,N16,69,142893,C,0,0.81,0.78,5.0,U,-59.0,9.0,True,,2026-07-05T22:48:49.072+00:00,/dev/cu.usbserial-576B0005451,"RX,156277,R33,TXB,N16,69,142893,C,0,0.81,0.78,5,U,-59,9.00"
RX,156757,R33,TXE,N61,67,143379,G,1,0.93,0.9,5.0,U,-47.0,9.5,True,,2026-07-05T22:48:49.552+00:00,/dev/cu.usbserial-576B0005451,"RX,156757,R33,TXE,N61,67,143379,G,1,0.93,0.90,5,U,-47,9.50"
RX,157010,R33,TXA,N01,141,143627,F,0,0.28,0.26,5.0,F,-44.0,9.75,True,,2026-07-05T22:48:49.805+00:00,/dev/cu.usbserial-576B0005451,"RX,157010,R33,TXA,N01,141,143627,F,0,0.28,0.26,5,F,-44,9.75"
RX,157120,R33,TXH,N106,9,143742,G,1,0.93,0.9,5.0,U,-51.0,9.5,True,,2026-07-05T22:48:49.914+00:00,/dev/cu.usbserial-576B0005451,"RX,157120,R33,TXH,N106,9,143742,G,1,0.93,0.90,5,U,-51,9.50"
RX,157509,R33,TXF,N76,34,144131,E,1,0.87,0.84,5.0,U,-51.0,9.5,True,,2026-07-05T22:48:50.303+00:00,/dev/cu.usbserial-576B0005451,"RX,157509,R33,TXF,N76,34,144131,E,1,0.87,0.84,5,U,-51,9.50"
RX,157913,R33,TXD,N46,17,144530,G,1,0.93,0.9,5.0,U,-48.0,10.0,True,,2026-07-05T22:48:50.707+00:00,/dev/cu.usbserial-576B0005451,"RX,157913,R33,TXD,N46,17,144530,G,1,0.93,0.90,5,U,-48,10.00"
RX,158010,R33,TXA,N01,142,144627,G,1,0.93,0.9,5.0,F,-44.0,9.75,True,,2026-07-05T22:48:50.805+00:00,/dev/cu.usbserial-576B0005451,"RX,158010,R33,TXA,N01,142,144627,G,1,0.93,0.90,5,F,-44,9.75"
RX,158277,R33,TXB,N16,70,144893,E,1,0.87,0.84,5.0,U,-58.0,9.25,True,,2026-07-05T22:48:51.072+00:00,/dev/cu.usbserial-576B0005451,"RX,158277,R33,TXB,N16,70,144893,E,1,0.87,0.84,5,U,-58,9.25"
RX,158457,R33,TXG,N91,16,145079,G,1,0.93,0.9,5.0,U,-56.0,9.25,True,,2026-07-05T22:48:51.251+00:00,/dev/cu.usbserial-576B0005451,"RX,158457,R33,TXG,N91,16,145079,G,1,0.93,0.90,5,U,-56,9.25"
RX,158757,R33,TXE,N61,68,145379,A,1,0.75,0.72,5.0,U,-48.0,9.0,True,,2026-07-05T22:48:51.552+00:00,/dev/cu.usbserial-576B0005451,"RX,158757,R33,TXE,N61,68,145379,A,1,0.75,0.72,5,U,-48,9.00"
RX,159010,R33,TXA,N01,143,145627,H,1,0.32,0.3,5.0,F,-43.0,9.5,True,,2026-07-05T22:48:51.805+00:00,/dev/cu.usbserial-576B0005451,"RX,159010,R33,TXA,N01,143,145627,H,1,0.32,0.30,5,F,-43,9.50"
RX,159509,R33,TXF,N76,35,146131,G,1,0.93,0.9,5.0,U,-52.0,9.75,True,,2026-07-05T22:48:52.303+00:00,/dev/cu.usbserial-576B0005451,"RX,159509,R33,TXF,N76,35,146131,G,1,0.93,0.90,5,U,-52,9.75"
RX,159763,R33,TXC,N31,34,146381,E,1,0.87,0.84,5.0,U,-42.0,9.75,True,,2026-07-05T22:48:52.558+00:00,/dev/cu.usbserial-576B0005451,"RX,159763,R33,TXC,N31,34,146381,E,1,0.87,0.84,5,U,-42,9.75"
RX,160010,R33,TXA,N01,144,146627,A,0,0.75,0.72,5.0,F,-44.0,10.0,True,,2026-07-05T22:48:52.805+00:00,/dev/cu.usbserial-576B0005451,"RX,160010,R33,TXA,N01,144,146627,A,0,0.75,0.72,5,F,-44,10.00"
RX,160277,R33,TXB,N16,71,146893,G,1,0.93,0.9,5.0,U,-58.0,9.25,True,,2026-07-05T22:48:53.072+00:00,/dev/cu.usbserial-576B0005451,"RX,160277,R33,TXB,N16,71,146893,G,1,0.93,0.90,5,U,-58,9.25"
RX,160757,R33,TXE,N61,69,147379,C,0,0.81,0.78,5.0,U,-48.0,9.5,True,,2026-07-05T22:48:53.552+00:00,/dev/cu.usbserial-576B0005451,"RX,160757,R33,TXE,N61,69,147379,C,0,0.81,0.78,5,U,-48,9.50"
RX,161010,R33,TXA,N01,145,147627,B,1,0.2,0.18,5.0,F,-44.0,9.75,True,,2026-07-05T22:48:53.805+00:00,/dev/cu.usbserial-576B0005451,"RX,161010,R33,TXA,N01,145,147627,B,1,0.20,0.18,5,F,-44,9.75"
RX,161763,R33,TXC,N31,35,148381,G,1,0.93,0.9,5.0,U,-41.0,9.75,True,,2026-07-05T22:48:54.558+00:00,/dev/cu.usbserial-576B0005451,"RX,161763,R33,TXC,N31,35,148381,G,1,0.93,0.90,5,U,-41,9.75"
RX,162010,R33,TXA,N01,146,148627,C,1,0.81,0.78,5.0,F,-44.0,9.5,True,,2026-07-05T22:48:54.805+00:00,/dev/cu.usbserial-576B0005451,"RX,162010,R33,TXA,N01,146,148627,C,1,0.81,0.78,5,F,-44,9.50"
RX,162277,R33,TXB,N16,72,148893,A,0,0.75,0.72,5.0,U,-59.0,9.25,True,,2026-07-05T22:48:55.072+00:00,/dev/cu.usbserial-576B0005451,"RX,162277,R33,TXB,N16,72,148893,A,0,0.75,0.72,5,U,-59,9.25"
RX,162757,R33,TXE,N61,70,149379,E,1,0.87,0.84,5.0,U,-47.0,9.75,True,,2026-07-05T22:48:55.552+00:00,/dev/cu.usbserial-576B0005451,"RX,162757,R33,TXE,N61,70,149379,E,1,0.87,0.84,5,U,-47,9.75"
RX,163010,R33,TXA,N01,147,149627,D,0,0.24,0.22,5.0,F,-44.0,9.5,True,,2026-07-05T22:48:55.805+00:00,/dev/cu.usbserial-576B0005451,"RX,163010,R33,TXA,N01,147,149627,D,0,0.24,0.22,5,F,-44,9.50"
RX,164010,R33,TXA,N01,148,150627,E,1,0.87,0.84,5.0,F,-43.0,9.5,True,,2026-07-05T22:48:56.805+00:00,/dev/cu.usbserial-576B0005451,"RX,164010,R33,TXA,N01,148,150627,E,1,0.87,0.84,5,F,-43,9.50"
RX,164277,R33,TXB,N16,73,150893,C,1,0.81,0.78,5.0,U,-59.0,9.5,True,,2026-07-05T22:48:57.072+00:00,/dev/cu.usbserial-576B0005451,"RX,164277,R33,TXB,N16,73,150893,C,1,0.81,0.78,5,U,-59,9.50"
RX,164757,R33,TXE,N61,71,151379,G,1,0.93,0.9,5.0,U,-49.0,9.5,True,,2026-07-05T22:48:57.552+00:00,/dev/cu.usbserial-576B0005451,"RX,164757,R33,TXE,N61,71,151379,G,1,0.93,0.90,5,U,-49,9.50"
RX,165010,R33,TXA,N01,149,151627,F,1,0.28,0.26,5.0,F,-45.0,10.0,True,,2026-07-05T22:48:57.805+00:00,/dev/cu.usbserial-576B0005451,"RX,165010,R33,TXA,N01,149,151627,F,1,0.28,0.26,5,F,-45,10.00"
RX,165120,R33,TXH,N106,10,151742,G,0,0.93,0.9,5.0,U,-50.0,9.25,True,,2026-07-05T22:48:57.914+00:00,/dev/cu.usbserial-576B0005451,"RX,165120,R33,TXH,N106,10,151742,G,0,0.93,0.90,5,U,-50,9.25"
RX,165509,R33,TXF,N76,36,152131,E,1,0.87,0.84,5.0,U,-52.0,9.75,True,,2026-07-05T22:48:58.303+00:00,/dev/cu.usbserial-576B0005451,"RX,165509,R33,TXF,N76,36,152131,E,1,0.87,0.84,5,U,-52,9.75"
RX,165913,R33,TXD,N46,18,152530,G,0,0.93,0.9,5.0,U,-49.0,10.25,True,,2026-07-05T22:48:58.708+00:00,/dev/cu.usbserial-576B0005451,"RX,165913,R33,TXD,N46,18,152530,G,0,0.93,0.90,5,U,-49,10.25"
RX,166010,R33,TXA,N01,150,152627,G,0,0.93,0.9,5.0,F,-44.0,9.75,True,,2026-07-05T22:48:58.805+00:00,/dev/cu.usbserial-576B0005451,"RX,166010,R33,TXA,N01,150,152627,G,0,0.93,0.90,5,F,-44,9.75"
RX,166277,R33,TXB,N16,74,152893,E,1,0.87,0.84,5.0,U,-59.0,9.25,True,,2026-07-05T22:48:59.072+00:00,/dev/cu.usbserial-576B0005451,"RX,166277,R33,TXB,N16,74,152893,E,1,0.87,0.84,5,U,-59,9.25"
RX,166457,R33,TXG,N91,17,153079,G,1,0.93,0.9,5.0,U,-52.0,9.75,True,,2026-07-05T22:48:59.252+00:00,/dev/cu.usbserial-576B0005451,"RX,166457,R33,TXG,N91,17,153079,G,1,0.93,0.90,5,U,-52,9.75"
RX,166757,R33,TXE,N61,72,153379,A,0,0.75,0.72,5.0,U,-49.0,9.0,True,,2026-07-05T22:48:59.552+00:00,/dev/cu.usbserial-576B0005451,"RX,166757,R33,TXE,N61,72,153379,A,0,0.75,0.72,5,U,-49,9.00"
RX,167010,R33,TXA,N01,151,153627,H,1,0.32,0.3,5.0,F,-43.0,9.25,True,,2026-07-05T22:48:59.805+00:00,/dev/cu.usbserial-576B0005451,"RX,167010,R33,TXA,N01,151,153627,H,1,0.32,0.30,5,F,-43,9.25"
RX,167509,R33,TXF,N76,37,154131,G,0,0.93,0.9,5.0,U,-51.0,9.5,True,,2026-07-05T22:49:00.304+00:00,/dev/cu.usbserial-576B0005451,"RX,167509,R33,TXF,N76,37,154131,G,0,0.93,0.90,5,U,-51,9.50"
RX,167763,R33,TXC,N31,36,154381,E,1,0.87,0.84,5.0,U,-43.0,9.0,True,,2026-07-05T22:49:00.558+00:00,/dev/cu.usbserial-576B0005451,"RX,167763,R33,TXC,N31,36,154381,E,1,0.87,0.84,5,U,-43,9.00"
RX,168010,R33,TXA,N01,152,154627,A,1,0.75,0.72,5.0,F,-44.0,9.75,True,,2026-07-05T22:49:00.805+00:00,/dev/cu.usbserial-576B0005451,"RX,168010,R33,TXA,N01,152,154627,A,1,0.75,0.72,5,F,-44,9.75"
RX,168277,R33,TXB,N16,75,154893,G,0,0.93,0.9,5.0,U,-60.0,9.25,True,,2026-07-05T22:49:01.072+00:00,/dev/cu.usbserial-576B0005451,"RX,168277,R33,TXB,N16,75,154893,G,0,0.93,0.90,5,U,-60,9.25"
RX,168757,R33,TXE,N61,73,155379,C,1,0.81,0.78,5.0,U,-47.0,9.25,True,,2026-07-05T22:49:01.552+00:00,/dev/cu.usbserial-576B0005451,"RX,168757,R33,TXE,N61,73,155379,C,1,0.81,0.78,5,U,-47,9.25"
RX,169010,R33,TXA,N01,153,155627,B,0,0.2,0.18,5.0,F,-44.0,9.5,True,,2026-07-05T22:49:01.805+00:00,/dev/cu.usbserial-576B0005451,"RX,169010,R33,TXA,N01,153,155627,B,0,0.20,0.18,5,F,-44,9.50"
RX,169763,R33,TXC,N31,37,156381,G,0,0.93,0.9,5.0,U,-43.0,9.5,True,,2026-07-05T22:49:02.558+00:00,/dev/cu.usbserial-576B0005451,"RX,169763,R33,TXC,N31,37,156381,G,0,0.93,0.90,5,U,-43,9.50"
RX,170010,R33,TXA,N01,154,156627,C,1,0.81,0.78,5.0,F,-45.0,9.75,True,,2026-07-05T22:49:02.806+00:00,/dev/cu.usbserial-576B0005451,"RX,170010,R33,TXA,N01,154,156627,C,1,0.81,0.78,5,F,-45,9.75"
RX,170277,R33,TXB,N16,76,156893,A,1,0.75,0.72,5.0,U,-60.0,9.0,True,,2026-07-05T22:49:03.072+00:00,/dev/cu.usbserial-576B0005451,"RX,170277,R33,TXB,N16,76,156893,A,1,0.75,0.72,5,U,-60,9.00"
RX,170757,R33,TXE,N61,74,157379,E,1,0.87,0.84,5.0,U,-49.0,9.25,True,,2026-07-05T22:49:03.552+00:00,/dev/cu.usbserial-576B0005451,"RX,170757,R33,TXE,N61,74,157379,E,1,0.87,0.84,5,U,-49,9.25"
RX,171010,R33,TXA,N01,155,157627,D,1,0.24,0.22,5.0,F,-45.0,9.75,True,,2026-07-05T22:49:03.805+00:00,/dev/cu.usbserial-576B0005451,"RX,171010,R33,TXA,N01,155,157627,D,1,0.24,0.22,5,F,-45,9.75"
RX,172010,R33,TXA,N01,156,158627,E,0,0.87,0.84,5.0,F,-44.0,10.0,True,,2026-07-05T22:49:04.806+00:00,/dev/cu.usbserial-576B0005451,"RX,172010,R33,TXA,N01,156,158627,E,0,0.87,0.84,5,F,-44,10.00"
RX,172277,R33,TXB,N16,77,158893,C,1,0.81,0.78,5.0,U,-59.0,9.5,True,,2026-07-05T22:49:05.072+00:00,/dev/cu.usbserial-576B0005451,"RX,172277,R33,TXB,N16,77,158893,C,1,0.81,0.78,5,U,-59,9.50"
RX,172757,R33,TXE,N61,75,159379,G,0,0.93,0.9,5.0,U,-49.0,9.5,True,,2026-07-05T22:49:05.552+00:00,/dev/cu.usbserial-576B0005451,"RX,172757,R33,TXE,N61,75,159379,G,0,0.93,0.90,5,U,-49,9.50"
RX,173011,R33,TXA,N01,157,159627,F,1,0.28,0.26,5.0,F,-45.0,9.5,True,,2026-07-05T22:49:05.806+00:00,/dev/cu.usbserial-576B0005451,"RX,173011,R33,TXA,N01,157,159627,F,1,0.28,0.26,5,F,-45,9.50"
RX,173120,R33,TXH,N106,11,159742,G,1,0.93,0.9,5.0,U,-50.0,9.25,True,,2026-07-05T22:49:05.915+00:00,/dev/cu.usbserial-576B0005451,"RX,173120,R33,TXH,N106,11,159742,G,1,0.93,0.90,5,U,-50,9.25"
RX,173509,R33,TXF,N76,38,160131,E,0,0.87,0.84,5.0,U,-51.0,9.25,True,,2026-07-05T22:49:06.304+00:00,/dev/cu.usbserial-576B0005451,"RX,173509,R33,TXF,N76,38,160131,E,0,0.87,0.84,5,U,-51,9.25"
RX,173913,R33,TXD,N46,19,160530,G,1,0.93,0.9,5.0,U,-50.0,9.5,True,,2026-07-05T22:49:06.708+00:00,/dev/cu.usbserial-576B0005451,"RX,173913,R33,TXD,N46,19,160530,G,1,0.93,0.90,5,U,-50,9.50"
RX,174010,R33,TXA,N01,158,160627,G,1,0.93,0.9,5.0,F,-44.0,9.75,True,,2026-07-05T22:49:06.806+00:00,/dev/cu.usbserial-576B0005451,"RX,174010,R33,TXA,N01,158,160627,G,1,0.93,0.90,5,F,-44,9.75"
RX,174277,R33,TXB,N16,78,160893,E,0,0.87,0.84,5.0,U,-59.0,9.5,True,,2026-07-05T22:49:07.072+00:00,/dev/cu.usbserial-576B0005451,"RX,174277,R33,TXB,N16,78,160893,E,0,0.87,0.84,5,U,-59,9.50"
RX,174457,R33,TXG,N91,18,161079,G,0,0.93,0.9,5.0,U,-53.0,9.75,True,,2026-07-05T22:49:07.252+00:00,/dev/cu.usbserial-576B0005451,"RX,174457,R33,TXG,N91,18,161079,G,0,0.93,0.90,5,U,-53,9.75"
RX,174757,R33,TXE,N61,76,161379,A,1,0.75,0.72,5.0,U,-49.0,9.5,True,,2026-07-05T22:49:07.552+00:00,/dev/cu.usbserial-576B0005451,"RX,174757,R33,TXE,N61,76,161379,A,1,0.75,0.72,5,U,-49,9.50"
RX,175010,R33,TXA,N01,159,161627,H,0,0.32,0.3,5.0,F,-44.0,9.75,True,,2026-07-05T22:49:07.806+00:00,/dev/cu.usbserial-576B0005451,"RX,175010,R33,TXA,N01,159,161627,H,0,0.32,0.30,5,F,-44,9.75"
RX,175509,R33,TXF,N76,39,162131,G,1,0.93,0.9,5.0,U,-50.0,9.75,True,,2026-07-05T22:49:08.303+00:00,/dev/cu.usbserial-576B0005451,"RX,175509,R33,TXF,N76,39,162131,G,1,0.93,0.90,5,U,-50,9.75"
RX,175763,R33,TXC,N31,38,162381,E,0,0.87,0.84,5.0,U,-42.0,9.0,True,,2026-07-05T22:49:08.569+00:00,/dev/cu.usbserial-576B0005451,"RX,175763,R33,TXC,N31,38,162381,E,0,0.87,0.84,5,U,-42,9.00"
RX,176010,R33,TXA,N01,160,162627,A,1,0.75,0.72,5.0,F,-43.0,10.0,True,,2026-07-05T22:49:08.805+00:00,/dev/cu.usbserial-576B0005451,"RX,176010,R33,TXA,N01,160,162627,A,1,0.75,0.72,5,F,-43,10.00"
RX,176277,R33,TXB,N16,79,162893,G,1,0.93,0.9,5.0,U,-58.0,9.75,True,,2026-07-05T22:49:09.072+00:00,/dev/cu.usbserial-576B0005451,"RX,176277,R33,TXB,N16,79,162893,G,1,0.93,0.90,5,U,-58,9.75"
RX,176757,R33,TXE,N61,77,163379,C,1,0.81,0.78,5.0,U,-50.0,9.5,True,,2026-07-05T22:49:09.552+00:00,/dev/cu.usbserial-576B0005451,"RX,176757,R33,TXE,N61,77,163379,C,1,0.81,0.78,5,U,-50,9.50"
RX,177011,R33,TXA,N01,161,163627,B,1,0.2,0.18,5.0,F,-43.0,9.5,True,,2026-07-05T22:49:09.806+00:00,/dev/cu.usbserial-576B0005451,"RX,177011,R33,TXA,N01,161,163627,B,1,0.20,0.18,5,F,-43,9.50"
RX,177763,R33,TXC,N31,39,164381,G,1,0.93,0.9,5.0,U,-42.0,9.5,True,,2026-07-05T22:49:10.558+00:00,/dev/cu.usbserial-576B0005451,"RX,177763,R33,TXC,N31,39,164381,G,1,0.93,0.90,5,U,-42,9.50"
RX,178011,R33,TXA,N01,162,164627,C,0,0.81,0.78,5.0,F,-44.0,9.75,True,,2026-07-05T22:49:10.806+00:00,/dev/cu.usbserial-576B0005451,"RX,178011,R33,TXA,N01,162,164627,C,0,0.81,0.78,5,F,-44,9.75"
RX,178277,R33,TXB,N16,80,164893,A,1,0.75,0.72,5.0,U,-58.0,9.0,True,,2026-07-05T22:49:11.072+00:00,/dev/cu.usbserial-576B0005451,"RX,178277,R33,TXB,N16,80,164893,A,1,0.75,0.72,5,U,-58,9.00"
RX,178757,R33,TXE,N61,78,165379,E,0,0.87,0.84,5.0,U,-48.0,9.75,True,,2026-07-05T22:49:11.552+00:00,/dev/cu.usbserial-576B0005451,"RX,178757,R33,TXE,N61,78,165379,E,0,0.87,0.84,5,U,-48,9.75"
RX,179011,R33,TXA,N01,163,165627,D,1,0.24,0.22,5.0,F,-44.0,9.75,True,,2026-07-05T22:49:11.806+00:00,/dev/cu.usbserial-576B0005451,"RX,179011,R33,TXA,N01,163,165627,D,1,0.24,0.22,5,F,-44,9.75"
RX,180010,R33,TXA,N01,164,166627,E,1,0.87,0.84,5.0,F,-44.0,9.5,True,,2026-07-05T22:49:12.806+00:00,/dev/cu.usbserial-576B0005451,"RX,180010,R33,TXA,N01,164,166627,E,1,0.87,0.84,5,F,-44,9.50"
RX,180277,R33,TXB,N16,81,166893,C,0,0.81,0.78,5.0,U,-59.0,9.75,True,,2026-07-05T22:49:13.072+00:00,/dev/cu.usbserial-576B0005451,"RX,180277,R33,TXB,N16,81,166893,C,0,0.81,0.78,5,U,-59,9.75"
RX,180757,R33,TXE,N61,79,167379,G,1,0.93,0.9,5.0,U,-49.0,9.75,True,,2026-07-05T22:49:13.552+00:00,/dev/cu.usbserial-576B0005451,"RX,180757,R33,TXE,N61,79,167379,G,1,0.93,0.90,5,U,-49,9.75"
RX,181010,R33,TXA,N01,165,167627,F,0,0.28,0.26,5.0,F,-44.0,9.75,True,,2026-07-05T22:49:13.806+00:00,/dev/cu.usbserial-576B0005451,"RX,181010,R33,TXA,N01,165,167627,F,0,0.28,0.26,5,F,-44,9.75"
RX,181509,R33,TXF,N76,40,168131,E,1,0.87,0.84,5.0,U,-52.0,9.75,True,,2026-07-05T22:49:14.304+00:00,/dev/cu.usbserial-576B0005451,"RX,181509,R33,TXF,N76,40,168131,E,1,0.87,0.84,5,U,-52,9.75"
RX,181913,R33,TXD,N46,20,168530,G,1,0.93,0.9,5.0,U,-49.0,9.75,True,,2026-07-05T22:49:14.708+00:00,/dev/cu.usbserial-576B0005451,"RX,181913,R33,TXD,N46,20,168530,G,1,0.93,0.90,5,U,-49,9.75"
RX,182011,R33,TXA,N01,166,168627,G,1,0.93,0.9,5.0,F,-44.0,9.75,True,,2026-07-05T22:49:14.806+00:00,/dev/cu.usbserial-576B0005451,"RX,182011,R33,TXA,N01,166,168627,G,1,0.93,0.90,5,F,-44,9.75"
RX,182277,R33,TXB,N16,82,168893,E,1,0.87,0.84,5.0,U,-59.0,9.25,True,,2026-07-05T22:49:15.072+00:00,/dev/cu.usbserial-576B0005451,"RX,182277,R33,TXB,N16,82,168893,E,1,0.87,0.84,5,U,-59,9.25"
RX,182457,R33,TXG,N91,19,169079,G,1,0.93,0.9,5.0,U,-55.0,9.5,True,,2026-07-05T22:49:15.252+00:00,/dev/cu.usbserial-576B0005451,"RX,182457,R33,TXG,N91,19,169079,G,1,0.93,0.90,5,U,-55,9.50"
RX,182757,R33,TXE,N61,80,169379,A,1,0.75,0.72,5.0,U,-49.0,9.5,True,,2026-07-05T22:49:15.552+00:00,/dev/cu.usbserial-576B0005451,"RX,182757,R33,TXE,N61,80,169379,A,1,0.75,0.72,5,U,-49,9.50"
RX,183010,R33,TXA,N01,167,169627,H,1,0.32,0.3,5.0,F,-44.0,9.75,True,,2026-07-05T22:49:15.806+00:00,/dev/cu.usbserial-576B0005451,"RX,183010,R33,TXA,N01,167,169627,H,1,0.32,0.30,5,F,-44,9.75"
RX,183509,R33,TXF,N76,41,170131,G,1,0.93,0.9,5.0,U,-52.0,9.5,True,,2026-07-05T22:49:16.304+00:00,/dev/cu.usbserial-576B0005451,"RX,183509,R33,TXF,N76,41,170131,G,1,0.93,0.90,5,U,-52,9.50"
RX,183763,R33,TXC,N31,40,170381,E,1,0.87,0.84,5.0,U,-43.0,9.25,True,,2026-07-05T22:49:16.558+00:00,/dev/cu.usbserial-576B0005451,"RX,183763,R33,TXC,N31,40,170381,E,1,0.87,0.84,5,U,-43,9.25"
RX,184011,R33,TXA,N01,168,170627,A,0,0.75,0.72,5.0,F,-44.0,9.75,True,,2026-07-05T22:49:16.806+00:00,/dev/cu.usbserial-576B0005451,"RX,184011,R33,TXA,N01,168,170627,A,0,0.75,0.72,5,F,-44,9.75"
RX,184277,R33,TXB,N16,83,170893,G,1,0.93,0.9,5.0,U,-60.0,9.5,True,,2026-07-05T22:49:17.072+00:00,/dev/cu.usbserial-576B0005451,"RX,184277,R33,TXB,N16,83,170893,G,1,0.93,0.90,5,U,-60,9.50"
RX,184757,R33,TXE,N61,81,171379,C,0,0.81,0.78,5.0,U,-50.0,9.5,True,,2026-07-05T22:49:17.552+00:00,/dev/cu.usbserial-576B0005451,"RX,184757,R33,TXE,N61,81,171379,C,0,0.81,0.78,5,U,-50,9.50"
RX,185011,R33,TXA,N01,169,171627,B,1,0.2,0.18,5.0,F,-43.0,9.75,True,,2026-07-05T22:49:17.806+00:00,/dev/cu.usbserial-576B0005451,"RX,185011,R33,TXA,N01,169,171627,B,1,0.20,0.18,5,F,-43,9.75"
RX,185763,R33,TXC,N31,41,172381,G,1,0.93,0.9,5.0,U,-42.0,9.5,True,,2026-07-05T22:49:18.558+00:00,/dev/cu.usbserial-576B0005451,"RX,185763,R33,TXC,N31,41,172381,G,1,0.93,0.90,5,U,-42,9.50"
RX,186011,R33,TXA,N01,170,172627,C,1,0.81,0.78,5.0,F,-44.0,10.0,True,,2026-07-05T22:49:18.806+00:00,/dev/cu.usbserial-576B0005451,"RX,186011,R33,TXA,N01,170,172627,C,1,0.81,0.78,5,F,-44,10.00"
RX,186277,R33,TXB,N16,84,172893,A,0,0.75,0.72,5.0,U,-59.0,9.0,True,,2026-07-05T22:49:19.072+00:00,/dev/cu.usbserial-576B0005451,"RX,186277,R33,TXB,N16,84,172893,A,0,0.75,0.72,5,U,-59,9.00"
RX,186757,R33,TXE,N61,82,173379,E,1,0.87,0.84,5.0,U,-49.0,10.0,True,,2026-07-05T22:49:19.553+00:00,/dev/cu.usbserial-576B0005451,"RX,186757,R33,TXE,N61,82,173379,E,1,0.87,0.84,5,U,-49,10.00"
RX,187011,R33,TXA,N01,171,173627,D,0,0.24,0.22,5.0,F,-44.0,9.75,True,,2026-07-05T22:49:19.806+00:00,/dev/cu.usbserial-576B0005451,"RX,187011,R33,TXA,N01,171,173627,D,0,0.24,0.22,5,F,-44,9.75"
RX,188011,R33,TXA,N01,172,174627,E,1,0.87,0.84,5.0,F,-44.0,9.75,True,,2026-07-05T22:49:20.806+00:00,/dev/cu.usbserial-576B0005451,"RX,188011,R33,TXA,N01,172,174627,E,1,0.87,0.84,5,F,-44,9.75"
RX,188277,R33,TXB,N16,85,174893,C,1,0.81,0.78,5.0,U,-59.0,9.5,True,,2026-07-05T22:49:21.072+00:00,/dev/cu.usbserial-576B0005451,"RX,188277,R33,TXB,N16,85,174893,C,1,0.81,0.78,5,U,-59,9.50"
RX,188757,R33,TXE,N61,83,175379,G,1,0.93,0.9,5.0,U,-49.0,9.75,True,,2026-07-05T22:49:21.552+00:00,/dev/cu.usbserial-576B0005451,"RX,188757,R33,TXE,N61,83,175379,G,1,0.93,0.90,5,U,-49,9.75"
RX,189011,R33,TXA,N01,173,175627,F,1,0.28,0.26,5.0,F,-44.0,9.5,True,,2026-07-05T22:49:21.806+00:00,/dev/cu.usbserial-576B0005451,"RX,189011,R33,TXA,N01,173,175627,F,1,0.28,0.26,5,F,-44,9.50"
RX,189509,R33,TXF,N76,42,176131,E,1,0.87,0.84,5.0,U,-52.0,10.0,True,,2026-07-05T22:49:22.304+00:00,/dev/cu.usbserial-576B0005451,"RX,189509,R33,TXF,N76,42,176131,E,1,0.87,0.84,5,U,-52,10.00"
RX,189913,R33,TXD,N46,21,176530,G,0,0.93,0.9,5.0,U,-49.0,10.0,True,,2026-07-05T22:49:22.708+00:00,/dev/cu.usbserial-576B0005451,"RX,189913,R33,TXD,N46,21,176530,G,0,0.93,0.90,5,U,-49,10.00"
RX,190010,R33,TXA,N01,174,176627,G,0,0.93,0.9,5.0,F,-44.0,10.0,True,,2026-07-05T22:49:22.806+00:00,/dev/cu.usbserial-576B0005451,"RX,190010,R33,TXA,N01,174,176627,G,0,0.93,0.90,5,F,-44,10.00"
RX,190277,R33,TXB,N16,86,176893,E,1,0.87,0.84,5.0,U,-60.0,9.75,True,,2026-07-05T22:49:23.072+00:00,/dev/cu.usbserial-576B0005451,"RX,190277,R33,TXB,N16,86,176893,E,1,0.87,0.84,5,U,-60,9.75"
RX,190457,R33,TXG,N91,20,177079,G,1,0.93,0.9,5.0,U,-55.0,9.75,True,,2026-07-05T22:49:23.252+00:00,/dev/cu.usbserial-576B0005451,"RX,190457,R33,TXG,N91,20,177079,G,1,0.93,0.90,5,U,-55,9.75"
RX,190757,R33,TXE,N61,84,177379,A,0,0.75,0.72,5.0,U,-48.0,9.5,True,,2026-07-05T22:49:23.552+00:00,/dev/cu.usbserial-576B0005451,"RX,190757,R33,TXE,N61,84,177379,A,0,0.75,0.72,5,U,-48,9.50"
RX,191011,R33,TXA,N01,175,177627,H,1,0.32,0.3,5.0,F,-44.0,9.75,True,,2026-07-05T22:49:23.806+00:00,/dev/cu.usbserial-576B0005451,"RX,191011,R33,TXA,N01,175,177627,H,1,0.32,0.30,5,F,-44,9.75"
RX,191509,R33,TXF,N76,43,178131,G,0,0.93,0.9,5.0,U,-52.0,10.0,True,,2026-07-05T22:49:24.304+00:00,/dev/cu.usbserial-576B0005451,"RX,191509,R33,TXF,N76,43,178131,G,0,0.93,0.90,5,U,-52,10.00"
RX,191763,R33,TXC,N31,42,178381,E,1,0.87,0.84,5.0,U,-42.0,9.75,True,,2026-07-05T22:49:24.558+00:00,/dev/cu.usbserial-576B0005451,"RX,191763,R33,TXC,N31,42,178381,E,1,0.87,0.84,5,U,-42,9.75"
RX,192011,R33,TXA,N01,176,178627,A,1,0.75,0.72,5.0,F,-45.0,9.0,True,,2026-07-05T22:49:24.806+00:00,/dev/cu.usbserial-576B0005451,"RX,192011,R33,TXA,N01,176,178627,A,1,0.75,0.72,5,F,-45,9.00"
RX,192277,R33,TXB,N16,87,178893,G,0,0.93,0.9,5.0,U,-59.0,8.75,True,,2026-07-05T22:49:25.073+00:00,/dev/cu.usbserial-576B0005451,"RX,192277,R33,TXB,N16,87,178893,G,0,0.93,0.90,5,U,-59,8.75"
RX,192757,R33,TXE,N61,85,179379,C,1,0.81,0.78,5.0,U,-47.0,9.5,True,,2026-07-05T22:49:25.552+00:00,/dev/cu.usbserial-576B0005451,"RX,192757,R33,TXE,N61,85,179379,C,1,0.81,0.78,5,U,-47,9.50"
RX,193011,R33,TXA,N01,177,179627,B,0,0.2,0.18,5.0,F,-44.0,9.25,True,,2026-07-05T22:49:25.806+00:00,/dev/cu.usbserial-576B0005451,"RX,193011,R33,TXA,N01,177,179627,B,0,0.20,0.18,5,F,-44,9.25"
RX,193763,R33,TXC,N31,43,180381,G,0,0.93,0.9,5.0,U,-42.0,9.5,True,,2026-07-05T22:49:26.558+00:00,/dev/cu.usbserial-576B0005451,"RX,193763,R33,TXC,N31,43,180381,G,0,0.93,0.90,5,U,-42,9.50"
RX,194011,R33,TXA,N01,178,180627,C,1,0.81,0.78,5.0,F,-44.0,9.75,True,,2026-07-05T22:49:26.806+00:00,/dev/cu.usbserial-576B0005451,"RX,194011,R33,TXA,N01,178,180627,C,1,0.81,0.78,5,F,-44,9.75"
RX,194277,R33,TXB,N16,88,180893,A,1,0.75,0.72,5.0,U,-60.0,9.25,True,,2026-07-05T22:49:27.072+00:00,/dev/cu.usbserial-576B0005451,"RX,194277,R33,TXB,N16,88,180893,A,1,0.75,0.72,5,U,-60,9.25"
RX,194757,R33,TXE,N61,86,181379,E,1,0.87,0.84,5.0,U,-47.0,9.75,True,,2026-07-05T22:49:27.552+00:00,/dev/cu.usbserial-576B0005451,"RX,194757,R33,TXE,N61,86,181379,E,1,0.87,0.84,5,U,-47,9.75"
RX,195011,R33,TXA,N01,179,181627,D,1,0.24,0.22,5.0,F,-44.0,9.75,True,,2026-07-05T22:49:27.806+00:00,/dev/cu.usbserial-576B0005451,"RX,195011,R33,TXA,N01,179,181627,D,1,0.24,0.22,5,F,-44,9.75"
RX,196011,R33,TXA,N01,180,182627,E,0,0.87,0.84,5.0,F,-44.0,9.5,True,,2026-07-05T22:49:28.806+00:00,/dev/cu.usbserial-576B0005451,"RX,196011,R33,TXA,N01,180,182627,E,0,0.87,0.84,5,F,-44,9.50"
RX,196277,R33,TXB,N16,89,182893,C,1,0.81,0.78,5.0,U,-59.0,9.5,True,,2026-07-05T22:49:29.073+00:00,/dev/cu.usbserial-576B0005451,"RX,196277,R33,TXB,N16,89,182893,C,1,0.81,0.78,5,U,-59,9.50"
RX,196758,R33,TXE,N61,87,183379,G,0,0.93,0.9,5.0,U,-48.0,9.25,True,,2026-07-05T22:49:29.552+00:00,/dev/cu.usbserial-576B0005451,"RX,196758,R33,TXE,N61,87,183379,G,0,0.93,0.90,5,U,-48,9.25"
RX,197011,R33,TXA,N01,181,183627,F,1,0.28,0.26,5.0,F,-45.0,9.5,True,,2026-07-05T22:49:29.806+00:00,/dev/cu.usbserial-576B0005451,"RX,197011,R33,TXA,N01,181,183627,F,1,0.28,0.26,5,F,-45,9.50"
RX,197509,R33,TXF,N76,44,184131,E,0,0.87,0.84,5.0,U,-51.0,9.5,True,,2026-07-05T22:49:30.304+00:00,/dev/cu.usbserial-576B0005451,"RX,197509,R33,TXF,N76,44,184131,E,0,0.87,0.84,5,U,-51,9.50"
RX,197913,R33,TXD,N46,22,184530,G,1,0.93,0.9,5.0,U,-52.0,9.25,True,,2026-07-05T22:49:30.708+00:00,/dev/cu.usbserial-576B0005451,"RX,197913,R33,TXD,N46,22,184530,G,1,0.93,0.90,5,U,-52,9.25"
RX,198011,R33,TXA,N01,182,184627,G,1,0.93,0.9,5.0,F,-45.0,9.75,True,,2026-07-05T22:49:30.806+00:00,/dev/cu.usbserial-576B0005451,"RX,198011,R33,TXA,N01,182,184627,G,1,0.93,0.90,5,F,-45,9.75"
RX,198277,R33,TXB,N16,90,184893,E,0,0.87,0.84,5.0,U,-59.0,9.5,True,,2026-07-05T22:49:31.073+00:00,/dev/cu.usbserial-576B0005451,"RX,198277,R33,TXB,N16,90,184893,E,0,0.87,0.84,5,U,-59,9.50"
RX,198457,R33,TXG,N91,21,185079,G,0,0.93,0.9,5.0,U,-53.0,9.5,True,,2026-07-05T22:49:31.253+00:00,/dev/cu.usbserial-576B0005451,"RX,198457,R33,TXG,N91,21,185079,G,0,0.93,0.90,5,U,-53,9.50"
RX,198757,R33,TXE,N61,88,185379,A,1,0.75,0.72,5.0,U,-48.0,9.25,True,,2026-07-05T22:49:31.553+00:00,/dev/cu.usbserial-576B0005451,"RX,198757,R33,TXE,N61,88,185379,A,1,0.75,0.72,5,U,-48,9.25"
RX,199011,R33,TXA,N01,183,185627,H,0,0.32,0.3,5.0,F,-44.0,9.5,True,,2026-07-05T22:49:31.806+00:00,/dev/cu.usbserial-576B0005451,"RX,199011,R33,TXA,N01,183,185627,H,0,0.32,0.30,5,F,-44,9.50"
RX,199509,R33,TXF,N76,45,186131,G,1,0.93,0.9,5.0,U,-52.0,9.5,True,,2026-07-05T22:49:32.304+00:00,/dev/cu.usbserial-576B0005451,"RX,199509,R33,TXF,N76,45,186131,G,1,0.93,0.90,5,U,-52,9.50"
RX,199763,R33,TXC,N31,44,186381,E,0,0.87,0.84,5.0,U,-42.0,9.5,True,,2026-07-05T22:49:32.558+00:00,/dev/cu.usbserial-576B0005451,"RX,199763,R33,TXC,N31,44,186381,E,0,0.87,0.84,5,U,-42,9.50"
RX,200011,R33,TXA,N01,184,186627,A,1,0.75,0.72,5.0,F,-44.0,9.5,True,,2026-07-05T22:49:32.806+00:00,/dev/cu.usbserial-576B0005451,"RX,200011,R33,TXA,N01,184,186627,A,1,0.75,0.72,5,F,-44,9.50"
RX,200277,R33,TXB,N16,91,186893,G,1,0.93,0.9,5.0,U,-59.0,9.25,True,,2026-07-05T22:49:33.073+00:00,/dev/cu.usbserial-576B0005451,"RX,200277,R33,TXB,N16,91,186893,G,1,0.93,0.90,5,U,-59,9.25"
RX,200758,R33,TXE,N61,89,187379,C,1,0.81,0.78,5.0,U,-49.0,9.25,True,,2026-07-05T22:49:33.553+00:00,/dev/cu.usbserial-576B0005451,"RX,200758,R33,TXE,N61,89,187379,C,1,0.81,0.78,5,U,-49,9.25"
RX,201011,R33,TXA,N01,185,187627,B,1,0.2,0.18,5.0,F,-44.0,9.25,True,,2026-07-05T22:49:33.806+00:00,/dev/cu.usbserial-576B0005451,"RX,201011,R33,TXA,N01,185,187627,B,1,0.20,0.18,5,F,-44,9.25"
RX,201763,R33,TXC,N31,45,188381,G,1,0.93,0.9,5.0,U,-42.0,9.75,True,,2026-07-05T22:49:34.558+00:00,/dev/cu.usbserial-576B0005451,"RX,201763,R33,TXC,N31,45,188381,G,1,0.93,0.90,5,U,-42,9.75"
RX,202011,R33,TXA,N01,186,188627,C,0,0.81,0.78,5.0,F,-44.0,9.75,True,,2026-07-05T22:49:34.806+00:00,/dev/cu.usbserial-576B0005451,"RX,202011,R33,TXA,N01,186,188627,C,0,0.81,0.78,5,F,-44,9.75"
RX,202277,R33,TXB,N16,92,188893,A,1,0.75,0.72,5.0,U,-59.0,9.0,True,,2026-07-05T22:49:35.073+00:00,/dev/cu.usbserial-576B0005451,"RX,202277,R33,TXB,N16,92,188893,A,1,0.75,0.72,5,U,-59,9.00"
RX,202758,R33,TXE,N61,90,189379,E,0,0.87,0.84,5.0,U,-48.0,9.5,True,,2026-07-05T22:49:35.553+00:00,/dev/cu.usbserial-576B0005451,"RX,202758,R33,TXE,N61,90,189379,E,0,0.87,0.84,5,U,-48,9.50"
RX,203011,R33,TXA,N01,187,189627,D,1,0.24,0.22,5.0,F,-44.0,9.75,True,,2026-07-05T22:49:35.806+00:00,/dev/cu.usbserial-576B0005451,"RX,203011,R33,TXA,N01,187,189627,D,1,0.24,0.22,5,F,-44,9.75"
RX,204011,R33,TXA,N01,188,190627,E,1,0.87,0.84,5.0,F,-44.0,9.75,True,,2026-07-05T22:49:36.806+00:00,/dev/cu.usbserial-576B0005451,"RX,204011,R33,TXA,N01,188,190627,E,1,0.87,0.84,5,F,-44,9.75"
RX,204277,R33,TXB,N16,93,190893,C,0,0.81,0.78,5.0,U,-58.0,9.25,True,,2026-07-05T22:49:37.073+00:00,/dev/cu.usbserial-576B0005451,"RX,204277,R33,TXB,N16,93,190893,C,0,0.81,0.78,5,U,-58,9.25"
RX,204758,R33,TXE,N61,91,191379,G,1,0.93,0.9,5.0,U,-48.0,9.5,True,,2026-07-05T22:49:37.553+00:00,/dev/cu.usbserial-576B0005451,"RX,204758,R33,TXE,N61,91,191379,G,1,0.93,0.90,5,U,-48,9.50"
RX,205011,R33,TXA,N01,189,191627,F,0,0.28,0.26,5.0,F,-44.0,9.75,True,,2026-07-05T22:49:37.806+00:00,/dev/cu.usbserial-576B0005451,"RX,205011,R33,TXA,N01,189,191627,F,0,0.28,0.26,5,F,-44,9.75"
RX,205509,R33,TXF,N76,46,192131,E,1,0.87,0.84,5.0,U,-52.0,9.75,True,,2026-07-05T22:49:38.304+00:00,/dev/cu.usbserial-576B0005451,"RX,205509,R33,TXF,N76,46,192131,E,1,0.87,0.84,5,U,-52,9.75"
RX,205913,R33,TXD,N46,23,192530,G,1,0.93,0.9,5.0,U,-48.0,10.0,True,,2026-07-05T22:49:38.708+00:00,/dev/cu.usbserial-576B0005451,"RX,205913,R33,TXD,N46,23,192530,G,1,0.93,0.90,5,U,-48,10.00"
RX,206011,R33,TXA,N01,190,192627,G,1,0.93,0.9,5.0,F,-41.0,9.5,True,,2026-07-05T22:49:38.806+00:00,/dev/cu.usbserial-576B0005451,"RX,206011,R33,TXA,N01,190,192627,G,1,0.93,0.90,5,F,-41,9.50"
RX,206277,R33,TXB,N16,94,192893,E,1,0.87,0.84,5.0,U,-58.0,9.75,True,,2026-07-05T22:49:39.073+00:00,/dev/cu.usbserial-576B0005451,"RX,206277,R33,TXB,N16,94,192893,E,1,0.87,0.84,5,U,-58,9.75"
RX,206457,R33,TXG,N91,22,193079,G,1,0.93,0.9,5.0,U,-53.0,9.0,True,,2026-07-05T22:49:39.253+00:00,/dev/cu.usbserial-576B0005451,"RX,206457,R33,TXG,N91,22,193079,G,1,0.93,0.90,5,U,-53,9.00"
RX,206758,R33,TXE,N61,92,193379,A,1,0.75,0.72,5.0,U,-49.0,9.25,True,,2026-07-05T22:49:39.553+00:00,/dev/cu.usbserial-576B0005451,"RX,206758,R33,TXE,N61,92,193379,A,1,0.75,0.72,5,U,-49,9.25"
RX,207011,R33,TXA,N01,191,193627,H,1,0.32,0.3,5.0,F,-43.0,9.5,True,,2026-07-05T22:49:39.806+00:00,/dev/cu.usbserial-576B0005451,"RX,207011,R33,TXA,N01,191,193627,H,1,0.32,0.30,5,F,-43,9.50"
RX,207509,R33,TXF,N76,47,194131,G,1,0.93,0.9,5.0,U,-51.0,9.5,True,,2026-07-05T22:49:40.304+00:00,/dev/cu.usbserial-576B0005451,"RX,207509,R33,TXF,N76,47,194131,G,1,0.93,0.90,5,U,-51,9.50"
RX,207763,R33,TXC,N31,46,194381,E,1,0.87,0.84,5.0,U,-41.0,9.75,True,,2026-07-05T22:49:40.559+00:00,/dev/cu.usbserial-576B0005451,"RX,207763,R33,TXC,N31,46,194381,E,1,0.87,0.84,5,U,-41,9.75"
RX,208011,R33,TXA,N01,192,194627,A,1,0.75,0.72,5.0,F,-43.0,10.25,True,,2026-07-05T22:49:40.806+00:00,/dev/cu.usbserial-576B0005451,"RX,208011,R33,TXA,N01,192,194627,A,1,0.75,0.72,5,F,-43,10.25"
RX,208277,R33,TXB,N16,95,194893,G,1,0.93,0.9,5.0,U,-58.0,9.5,True,,2026-07-05T22:49:41.073+00:00,/dev/cu.usbserial-576B0005451,"RX,208277,R33,TXB,N16,95,194893,G,1,0.93,0.90,5,U,-58,9.50"
RX,208758,R33,TXE,N61,93,195379,C,0,0.81,0.78,5.0,U,-49.0,9.25,True,,2026-07-05T22:49:41.553+00:00,/dev/cu.usbserial-576B0005451,"RX,208758,R33,TXE,N61,93,195379,C,0,0.81,0.78,5,U,-49,9.25"
RX,209011,R33,TXA,N01,193,195627,B,0,0.2,0.18,5.0,F,-43.0,9.25,True,,2026-07-05T22:49:41.806+00:00,/dev/cu.usbserial-576B0005451,"RX,209011,R33,TXA,N01,193,195627,B,0,0.20,0.18,5,F,-43,9.25"
RX,209763,R33,TXC,N31,47,196381,G,1,0.93,0.9,5.0,U,-42.0,9.5,True,,2026-07-05T22:49:42.559+00:00,/dev/cu.usbserial-576B0005451,"RX,209763,R33,TXC,N31,47,196381,G,1,0.93,0.90,5,U,-42,9.50"
RX,210011,R33,TXA,N01,194,196627,C,1,0.81,0.78,5.0,F,-44.0,9.75,True,,2026-07-05T22:49:42.806+00:00,/dev/cu.usbserial-576B0005451,"RX,210011,R33,TXA,N01,194,196627,C,1,0.81,0.78,5,F,-44,9.75"
RX,210277,R33,TXB,N16,96,196893,A,1,0.75,0.72,5.0,U,-58.0,9.5,True,,2026-07-05T22:49:43.073+00:00,/dev/cu.usbserial-576B0005451,"RX,210277,R33,TXB,N16,96,196893,A,1,0.75,0.72,5,U,-58,9.50"
RX,210758,R33,TXE,N61,94,197379,E,1,0.87,0.84,5.0,U,-49.0,9.5,True,,2026-07-05T22:49:43.553+00:00,/dev/cu.usbserial-576B0005451,"RX,210758,R33,TXE,N61,94,197379,E,1,0.87,0.84,5,U,-49,9.50"
RX,211011,R33,TXA,N01,195,197627,D,1,0.24,0.22,5.0,F,-43.0,9.5,True,,2026-07-05T22:49:43.806+00:00,/dev/cu.usbserial-576B0005451,"RX,211011,R33,TXA,N01,195,197627,D,1,0.24,0.22,5,F,-43,9.50"
RX,212011,R33,TXA,N01,196,198627,E,0,0.87,0.84,5.0,F,-43.0,9.25,True,,2026-07-05T22:49:44.807+00:00,/dev/cu.usbserial-576B0005451,"RX,212011,R33,TXA,N01,196,198627,E,0,0.87,0.84,5,F,-43,9.25"
RX,212277,R33,TXB,N16,97,198893,C,1,0.81,0.78,5.0,U,-58.0,9.5,True,,2026-07-05T22:49:45.073+00:00,/dev/cu.usbserial-576B0005451,"RX,212277,R33,TXB,N16,97,198893,C,1,0.81,0.78,5,U,-58,9.50"
RX,212758,R33,TXE,N61,95,199379,G,1,0.93,0.9,5.0,U,-49.0,9.25,True,,2026-07-05T22:49:45.553+00:00,/dev/cu.usbserial-576B0005451,"RX,212758,R33,TXE,N61,95,199379,G,1,0.93,0.90,5,U,-49,9.25"
RX,213011,R33,TXA,N01,197,199627,F,1,0.28,0.26,5.0,F,-43.0,9.75,True,,2026-07-05T22:49:45.807+00:00,/dev/cu.usbserial-576B0005451,"RX,213011,R33,TXA,N01,197,199627,F,1,0.28,0.26,5,F,-43,9.75"
RX,213120,R33,TXH,N106,12,199742,G,1,0.93,0.9,5.0,U,-52.0,9.75,True,,2026-07-05T22:49:45.915+00:00,/dev/cu.usbserial-576B0005451,"RX,213120,R33,TXH,N106,12,199742,G,1,0.93,0.90,5,U,-52,9.75"
RX,213509,R33,TXF,N76,48,200131,E,0,0.87,0.84,5.0,U,-52.0,10.0,True,,2026-07-05T22:49:46.304+00:00,/dev/cu.usbserial-576B0005451,"RX,213509,R33,TXF,N76,48,200131,E,0,0.87,0.84,5,U,-52,10.00"
RX,213913,R33,TXD,N46,24,200530,G,1,0.93,0.9,5.0,U,-48.0,9.5,True,,2026-07-05T22:49:46.708+00:00,/dev/cu.usbserial-576B0005451,"RX,213913,R33,TXD,N46,24,200530,G,1,0.93,0.90,5,U,-48,9.50"
RX,214011,R33,TXA,N01,198,200627,G,1,0.93,0.9,5.0,F,-43.0,10.25,True,,2026-07-05T22:49:46.806+00:00,/dev/cu.usbserial-576B0005451,"RX,214011,R33,TXA,N01,198,200627,G,1,0.93,0.90,5,F,-43,10.25"
RX,214277,R33,TXB,N16,98,200893,E,0,0.87,0.84,5.0,U,-58.0,9.5,True,,2026-07-05T22:49:47.073+00:00,/dev/cu.usbserial-576B0005451,"RX,214277,R33,TXB,N16,98,200893,E,0,0.87,0.84,5,U,-58,9.50"
RX,214457,R33,TXG,N91,23,201079,G,1,0.93,0.9,5.0,U,-54.0,9.25,True,,2026-07-05T22:49:47.252+00:00,/dev/cu.usbserial-576B0005451,"RX,214457,R33,TXG,N91,23,201079,G,1,0.93,0.90,5,U,-54,9.25"
RX,214758,R33,TXE,N61,96,201379,A,1,0.75,0.72,5.0,U,-49.0,9.75,True,,2026-07-05T22:49:47.553+00:00,/dev/cu.usbserial-576B0005451,"RX,214758,R33,TXE,N61,96,201379,A,1,0.75,0.72,5,U,-49,9.75"
RX,215011,R33,TXA,N01,199,201627,H,0,0.32,0.3,5.0,F,-44.0,10.0,True,,2026-07-05T22:49:47.807+00:00,/dev/cu.usbserial-576B0005451,"RX,215011,R33,TXA,N01,199,201627,H,0,0.32,0.30,5,F,-44,10.00"
RX,215509,R33,TXF,N76,49,202131,G,1,0.93,0.9,5.0,U,-52.0,10.25,True,,2026-07-05T22:49:48.305+00:00,/dev/cu.usbserial-576B0005451,"RX,215509,R33,TXF,N76,49,202131,G,1,0.93,0.90,5,U,-52,10.25"
RX,215763,R33,TXC,N31,48,202381,E,0,0.87,0.84,5.0,U,-42.0,9.75,True,,2026-07-05T22:49:48.558+00:00,/dev/cu.usbserial-576B0005451,"RX,215763,R33,TXC,N31,48,202381,E,0,0.87,0.84,5,U,-42,9.75"
RX,216011,R33,TXA,N01,200,202627,A,1,0.75,0.72,5.0,F,-43.0,10.0,True,,2026-07-05T22:49:48.807+00:00,/dev/cu.usbserial-576B0005451,"RX,216011,R33,TXA,N01,200,202627,A,1,0.75,0.72,5,F,-43,10.00"
RX,216277,R33,TXB,N16,99,202893,G,1,0.93,0.9,5.0,U,-59.0,9.75,True,,2026-07-05T22:49:49.073+00:00,/dev/cu.usbserial-576B0005451,"RX,216277,R33,TXB,N16,99,202893,G,1,0.93,0.90,5,U,-59,9.75"
RX,217011,R33,TXA,N01,201,203627,B,1,0.2,0.18,5.0,F,-43.0,9.25,True,,2026-07-05T22:49:49.807+00:00,/dev/cu.usbserial-576B0005451,"RX,217011,R33,TXA,N01,201,203627,B,1,0.20,0.18,5,F,-43,9.25"
RX,217763,R33,TXC,N31,49,204381,G,1,0.93,0.9,5.0,U,-43.0,9.25,True,,2026-07-05T22:49:50.558+00:00,/dev/cu.usbserial-576B0005451,"RX,217763,R33,TXC,N31,49,204381,G,1,0.93,0.90,5,U,-43,9.25"
RX,218011,R33,TXA,N01,202,204627,C,0,0.81,0.78,5.0,F,-43.0,9.25,True,,2026-07-05T22:49:50.807+00:00,/dev/cu.usbserial-576B0005451,"RX,218011,R33,TXA,N01,202,204627,C,0,0.81,0.78,5,F,-43,9.25"
RX,218277,R33,TXB,N16,100,204893,A,1,0.75,0.72,5.0,U,-58.0,9.75,True,,2026-07-05T22:49:51.073+00:00,/dev/cu.usbserial-576B0005451,"RX,218277,R33,TXB,N16,100,204893,A,1,0.75,0.72,5,U,-58,9.75"
RX,218758,R33,TXE,N61,98,205379,E,0,0.87,0.84,5.0,U,-50.0,9.5,True,,2026-07-05T22:49:51.553+00:00,/dev/cu.usbserial-576B0005451,"RX,218758,R33,TXE,N61,98,205379,E,0,0.87,0.84,5,U,-50,9.50"
RX,219011,R33,TXA,N01,203,205627,D,1,0.24,0.22,5.0,F,-43.0,9.25,True,,2026-07-05T22:49:51.807+00:00,/dev/cu.usbserial-576B0005451,"RX,219011,R33,TXA,N01,203,205627,D,1,0.24,0.22,5,F,-43,9.25"
RX,220011,R33,TXA,N01,204,206627,E,1,0.87,0.84,5.0,F,-44.0,9.5,True,,2026-07-05T22:49:52.807+00:00,/dev/cu.usbserial-576B0005451,"RX,220011,R33,TXA,N01,204,206627,E,1,0.87,0.84,5,F,-44,9.50"
RX,220277,R33,TXB,N16,101,206893,C,0,0.81,0.78,5.0,U,-58.0,9.75,True,,2026-07-05T22:49:53.073+00:00,/dev/cu.usbserial-576B0005451,"RX,220277,R33,TXB,N16,101,206893,C,0,0.81,0.78,5,U,-58,9.75"
RX,220758,R33,TXE,N61,99,207379,G,1,0.93,0.9,5.0,U,-49.0,9.75,True,,2026-07-05T22:49:53.553+00:00,/dev/cu.usbserial-576B0005451,"RX,220758,R33,TXE,N61,99,207379,G,1,0.93,0.90,5,U,-49,9.75"
RX,221011,R33,TXA,N01,205,207627,F,0,0.28,0.26,5.0,F,-43.0,9.75,True,,2026-07-05T22:49:53.807+00:00,/dev/cu.usbserial-576B0005451,"RX,221011,R33,TXA,N01,205,207627,F,0,0.28,0.26,5,F,-43,9.75"
RX,221120,R33,TXH,N106,13,207742,G,1,0.93,0.9,5.0,U,-52.0,9.5,True,,2026-07-05T22:49:53.915+00:00,/dev/cu.usbserial-576B0005451,"RX,221120,R33,TXH,N106,13,207742,G,1,0.93,0.90,5,U,-52,9.50"
RX,221509,R33,TXF,N76,50,208131,E,1,0.87,0.84,5.0,U,-52.0,9.5,True,,2026-07-05T22:49:54.304+00:00,/dev/cu.usbserial-576B0005451,"RX,221509,R33,TXF,N76,50,208131,E,1,0.87,0.84,5,U,-52,9.50"
RX,221913,R33,TXD,N46,25,208530,G,1,0.93,0.9,5.0,U,-49.0,9.25,True,,2026-07-05T22:49:54.708+00:00,/dev/cu.usbserial-576B0005451,"RX,221913,R33,TXD,N46,25,208530,G,1,0.93,0.90,5,U,-49,9.25"
RX,222011,R33,TXA,N01,206,208627,G,1,0.93,0.9,5.0,F,-43.0,9.75,True,,2026-07-05T22:49:54.806+00:00,/dev/cu.usbserial-576B0005451,"RX,222011,R33,TXA,N01,206,208627,G,1,0.93,0.90,5,F,-43,9.75"
RX,222277,R33,TXB,N16,102,208893,E,1,0.87,0.84,5.0,U,-58.0,9.5,True,,2026-07-05T22:49:55.073+00:00,/dev/cu.usbserial-576B0005451,"RX,222277,R33,TXB,N16,102,208893,E,1,0.87,0.84,5,U,-58,9.50"
RX,222457,R33,TXG,N91,24,209079,G,1,0.93,0.9,5.0,U,-53.0,10.0,True,,2026-07-05T22:49:55.253+00:00,/dev/cu.usbserial-576B0005451,"RX,222457,R33,TXG,N91,24,209079,G,1,0.93,0.90,5,U,-53,10.00"
RX,222758,R33,TXE,N61,100,209379,A,1,0.75,0.72,5.0,U,-49.0,10.0,True,,2026-07-05T22:49:55.554+00:00,/dev/cu.usbserial-576B0005451,"RX,222758,R33,TXE,N61,100,209379,A,1,0.75,0.72,5,U,-49,10.00"
RX,223011,R33,TXA,N01,207,209627,H,1,0.32,0.3,5.0,F,-43.0,9.75,True,,2026-07-05T22:49:55.807+00:00,/dev/cu.usbserial-576B0005451,"RX,223011,R33,TXA,N01,207,209627,H,1,0.32,0.30,5,F,-43,9.75"
RX,223509,R33,TXF,N76,51,210131,G,1,0.93,0.9,5.0,U,-52.0,9.75,True,,2026-07-05T22:49:56.305+00:00,/dev/cu.usbserial-576B0005451,"RX,223509,R33,TXF,N76,51,210131,G,1,0.93,0.90,5,U,-52,9.75"
RX,223763,R33,TXC,N31,50,210381,E,1,0.87,0.84,5.0,U,-41.0,9.75,True,,2026-07-05T22:49:56.559+00:00,/dev/cu.usbserial-576B0005451,"RX,223763,R33,TXC,N31,50,210381,E,1,0.87,0.84,5,U,-41,9.75"
RX,224011,R33,TXA,N01,208,210627,A,0,0.75,0.72,5.0,F,-43.0,10.25,True,,2026-07-05T22:49:56.807+00:00,/dev/cu.usbserial-576B0005451,"RX,224011,R33,TXA,N01,208,210627,A,0,0.75,0.72,5,F,-43,10.25"
RX,224277,R33,TXB,N16,103,210893,G,1,0.93,0.9,5.0,U,-58.0,9.25,True,,2026-07-05T22:49:57.073+00:00,/dev/cu.usbserial-576B0005451,"RX,224277,R33,TXB,N16,103,210893,G,1,0.93,0.90,5,U,-58,9.25"
RX,224758,R33,TXE,N61,101,211379,C,0,0.81,0.78,5.0,U,-48.0,9.25,True,,2026-07-05T22:49:57.553+00:00,/dev/cu.usbserial-576B0005451,"RX,224758,R33,TXE,N61,101,211379,C,0,0.81,0.78,5,U,-48,9.25"
RX,225011,R33,TXA,N01,209,211627,B,1,0.2,0.18,5.0,F,-43.0,9.25,True,,2026-07-05T22:49:57.807+00:00,/dev/cu.usbserial-576B0005451,"RX,225011,R33,TXA,N01,209,211627,B,1,0.20,0.18,5,F,-43,9.25"
RX,225763,R33,TXC,N31,51,212381,G,1,0.93,0.9,5.0,U,-42.0,9.75,True,,2026-07-05T22:49:58.559+00:00,/dev/cu.usbserial-576B0005451,"RX,225763,R33,TXC,N31,51,212381,G,1,0.93,0.90,5,U,-42,9.75"
RX,226011,R33,TXA,N01,210,212627,C,1,0.81,0.78,5.0,F,-43.0,9.5,True,,2026-07-05T22:49:58.807+00:00,/dev/cu.usbserial-576B0005451,"RX,226011,R33,TXA,N01,210,212627,C,1,0.81,0.78,5,F,-43,9.50"
RX,226278,R33,TXB,N16,104,212893,A,0,0.75,0.72,5.0,U,-58.0,9.5,True,,2026-07-05T22:49:59.074+00:00,/dev/cu.usbserial-576B0005451,"RX,226278,R33,TXB,N16,104,212893,A,0,0.75,0.72,5,U,-58,9.50"
RX,226758,R33,TXE,N61,102,213379,E,1,0.87,0.84,5.0,U,-48.0,9.5,True,,2026-07-05T22:49:59.553+00:00,/dev/cu.usbserial-576B0005451,"RX,226758,R33,TXE,N61,102,213379,E,1,0.87,0.84,5,U,-48,9.50"
RX,227011,R33,TXA,N01,211,213627,D,0,0.24,0.22,5.0,F,-43.0,9.5,True,,2026-07-05T22:49:59.807+00:00,/dev/cu.usbserial-576B0005451,"RX,227011,R33,TXA,N01,211,213627,D,0,0.24,0.22,5,F,-43,9.50"
RX,228011,R33,TXA,N01,212,214627,E,1,0.87,0.84,5.0,F,-42.0,9.75,True,,2026-07-05T22:50:00.807+00:00,/dev/cu.usbserial-576B0005451,"RX,228011,R33,TXA,N01,212,214627,E,1,0.87,0.84,5,F,-42,9.75"
RX,228277,R33,TXB,N16,105,214893,C,1,0.81,0.78,5.0,U,-58.0,9.25,True,,2026-07-05T22:50:01.074+00:00,/dev/cu.usbserial-576B0005451,"RX,228277,R33,TXB,N16,105,214893,C,1,0.81,0.78,5,U,-58,9.25"
RX,228758,R33,TXE,N61,103,215379,G,1,0.93,0.9,5.0,U,-48.0,9.25,True,,2026-07-05T22:50:01.553+00:00,/dev/cu.usbserial-576B0005451,"RX,228758,R33,TXE,N61,103,215379,G,1,0.93,0.90,5,U,-48,9.25"
RX,229011,R33,TXA,N01,213,215627,F,1,0.28,0.26,5.0,F,-44.0,9.75,True,,2026-07-05T22:50:01.807+00:00,/dev/cu.usbserial-576B0005451,"RX,229011,R33,TXA,N01,213,215627,F,1,0.28,0.26,5,F,-44,9.75"
RX,229120,R33,TXH,N106,14,215742,G,0,0.93,0.9,5.0,U,-51.0,10.0,True,,2026-07-05T22:50:01.916+00:00,/dev/cu.usbserial-576B0005451,"RX,229120,R33,TXH,N106,14,215742,G,0,0.93,0.90,5,U,-51,10.00"
RX,229509,R33,TXF,N76,52,216131,E,1,0.87,0.84,5.0,U,-52.0,9.75,True,,2026-07-05T22:50:02.304+00:00,/dev/cu.usbserial-576B0005451,"RX,229509,R33,TXF,N76,52,216131,E,1,0.87,0.84,5,U,-52,9.75"
RX,229913,R33,TXD,N46,26,216530,G,0,0.93,0.9,5.0,U,-48.0,9.25,True,,2026-07-05T22:50:02.709+00:00,/dev/cu.usbserial-576B0005451,"RX,229913,R33,TXD,N46,26,216530,G,0,0.93,0.90,5,U,-48,9.25"
RX,230011,R33,TXA,N01,214,216627,G,0,0.93,0.9,5.0,F,-43.0,9.75,True,,2026-07-05T22:50:02.807+00:00,/dev/cu.usbserial-576B0005451,"RX,230011,R33,TXA,N01,214,216627,G,0,0.93,0.90,5,F,-43,9.75"
RX,230277,R33,TXB,N16,106,216893,E,1,0.87,0.84,5.0,U,-58.0,9.5,True,,2026-07-05T22:50:03.074+00:00,/dev/cu.usbserial-576B0005451,"RX,230277,R33,TXB,N16,106,216893,E,1,0.87,0.84,5,U,-58,9.50"
RX,230457,R33,TXG,N91,25,217079,G,1,0.93,0.9,5.0,U,-53.0,9.75,True,,2026-07-05T22:50:03.253+00:00,/dev/cu.usbserial-576B0005451,"RX,230457,R33,TXG,N91,25,217079,G,1,0.93,0.90,5,U,-53,9.75"
RX,230758,R33,TXE,N61,104,217379,A,0,0.75,0.72,5.0,U,-48.0,10.0,True,,2026-07-05T22:50:03.554+00:00,/dev/cu.usbserial-576B0005451,"RX,230758,R33,TXE,N61,104,217379,A,0,0.75,0.72,5,U,-48,10.00"
RX,231011,R33,TXA,N01,215,217627,H,1,0.32,0.3,5.0,F,-44.0,9.75,True,,2026-07-05T22:50:03.807+00:00,/dev/cu.usbserial-576B0005451,"RX,231011,R33,TXA,N01,215,217627,H,1,0.32,0.30,5,F,-44,9.75"
RX,231509,R33,TXF,N76,53,218131,G,0,0.93,0.9,5.0,U,-52.0,9.75,True,,2026-07-05T22:50:04.305+00:00,/dev/cu.usbserial-576B0005451,"RX,231509,R33,TXF,N76,53,218131,G,0,0.93,0.90,5,U,-52,9.75"
RX,231763,R33,TXC,N31,52,218381,E,1,0.87,0.84,5.0,U,-42.0,9.5,True,,2026-07-05T22:50:04.559+00:00,/dev/cu.usbserial-576B0005451,"RX,231763,R33,TXC,N31,52,218381,E,1,0.87,0.84,5,U,-42,9.50"
RX,232011,R33,TXA,N01,216,218627,A,1,0.75,0.72,5.0,F,-44.0,9.5,True,,2026-07-05T22:50:04.807+00:00,/dev/cu.usbserial-576B0005451,"RX,232011,R33,TXA,N01,216,218627,A,1,0.75,0.72,5,F,-44,9.50"
RX,232277,R33,TXB,N16,107,218893,G,0,0.93,0.9,5.0,U,-59.0,9.5,True,,2026-07-05T22:50:05.074+00:00,/dev/cu.usbserial-576B0005451,"RX,232277,R33,TXB,N16,107,218893,G,0,0.93,0.90,5,U,-59,9.50"
RX,232758,R33,TXE,N61,105,219379,C,1,0.81,0.78,5.0,U,-48.0,9.25,True,,2026-07-05T22:50:05.553+00:00,/dev/cu.usbserial-576B0005451,"RX,232758,R33,TXE,N61,105,219379,C,1,0.81,0.78,5,U,-48,9.25"
RX,233763,R33,TXC,N31,53,220381,G,0,0.93,0.9,5.0,U,-42.0,9.25,True,,2026-07-05T22:50:06.559+00:00,/dev/cu.usbserial-576B0005451,"RX,233763,R33,TXC,N31,53,220381,G,0,0.93,0.90,5,U,-42,9.25"
RX,234011,R33,TXA,N01,218,220627,C,1,0.81,0.78,5.0,F,-44.0,9.25,True,,2026-07-05T22:50:06.806+00:00,/dev/cu.usbserial-576B0005451,"RX,234011,R33,TXA,N01,218,220627,C,1,0.81,0.78,5,F,-44,9.25"
RX,234278,R33,TXB,N16,108,220893,A,1,0.75,0.72,5.0,U,-58.0,9.5,True,,2026-07-05T22:50:07.074+00:00,/dev/cu.usbserial-576B0005451,"RX,234278,R33,TXB,N16,108,220893,A,1,0.75,0.72,5,U,-58,9.50"
RX,234758,R33,TXE,N61,106,221379,E,1,0.87,0.84,5.0,U,-49.0,9.5,True,,2026-07-05T22:50:07.554+00:00,/dev/cu.usbserial-576B0005451,"RX,234758,R33,TXE,N61,106,221379,E,1,0.87,0.84,5,U,-49,9.50"
RX,235011,R33,TXA,N01,219,221627,D,1,0.24,0.22,5.0,F,-43.0,10.0,True,,2026-07-05T22:50:07.807+00:00,/dev/cu.usbserial-576B0005451,"RX,235011,R33,TXA,N01,219,221627,D,1,0.24,0.22,5,F,-43,10.00"
RX,236011,R33,TXA,N01,220,222627,E,0,0.87,0.84,5.0,F,-43.0,9.25,True,,2026-07-05T22:50:08.807+00:00,/dev/cu.usbserial-576B0005451,"RX,236011,R33,TXA,N01,220,222627,E,0,0.87,0.84,5,F,-43,9.25"
RX,236278,R33,TXB,N16,109,222893,C,1,0.81,0.78,5.0,U,-58.0,9.25,True,,2026-07-05T22:50:09.074+00:00,/dev/cu.usbserial-576B0005451,"RX,236278,R33,TXB,N16,109,222893,C,1,0.81,0.78,5,U,-58,9.25"
RX,236758,R33,TXE,N61,107,223379,G,0,0.93,0.9,5.0,U,-48.0,9.0,True,,2026-07-05T22:50:09.554+00:00,/dev/cu.usbserial-576B0005451,"RX,236758,R33,TXE,N61,107,223379,G,0,0.93,0.90,5,U,-48,9.00"
RX,237011,R33,TXA,N01,221,223627,F,1,0.28,0.26,5.0,F,-43.0,9.5,True,,2026-07-05T22:50:09.807+00:00,/dev/cu.usbserial-576B0005451,"RX,237011,R33,TXA,N01,221,223627,F,1,0.28,0.26,5,F,-43,9.50"
RX,237120,R33,TXH,N106,15,223742,G,1,0.93,0.9,5.0,U,-53.0,9.75,True,,2026-07-05T22:50:09.916+00:00,/dev/cu.usbserial-576B0005451,"RX,237120,R33,TXH,N106,15,223742,G,1,0.93,0.90,5,U,-53,9.75"
RX,237509,R33,TXF,N76,54,224131,E,0,0.87,0.84,5.0,U,-51.0,10.0,True,,2026-07-05T22:50:10.304+00:00,/dev/cu.usbserial-576B0005451,"RX,237509,R33,TXF,N76,54,224131,E,0,0.87,0.84,5,U,-51,10.00"
RX,237913,R33,TXD,N46,27,224530,G,1,0.93,0.9,5.0,U,-48.0,9.25,True,,2026-07-05T22:50:10.709+00:00,/dev/cu.usbserial-576B0005451,"RX,237913,R33,TXD,N46,27,224530,G,1,0.93,0.90,5,U,-48,9.25"
RX,238011,R33,TXA,N01,222,224627,G,1,0.93,0.9,5.0,F,-44.0,9.5,True,,2026-07-05T22:50:10.807+00:00,/dev/cu.usbserial-576B0005451,"RX,238011,R33,TXA,N01,222,224627,G,1,0.93,0.90,5,F,-44,9.50"
RX,238278,R33,TXB,N16,110,224893,E,0,0.87,0.84,5.0,U,-58.0,9.25,True,,2026-07-05T22:50:11.074+00:00,/dev/cu.usbserial-576B0005451,"RX,238278,R33,TXB,N16,110,224893,E,0,0.87,0.84,5,U,-58,9.25"
RX,238457,R33,TXG,N91,26,225079,G,0,0.93,0.9,5.0,U,-55.0,9.75,True,,2026-07-05T22:50:11.253+00:00,/dev/cu.usbserial-576B0005451,"RX,238457,R33,TXG,N91,26,225079,G,0,0.93,0.90,5,U,-55,9.75"
RX,238758,R33,TXE,N61,108,225379,A,1,0.75,0.72,5.0,U,-48.0,9.75,True,,2026-07-05T22:50:11.554+00:00,/dev/cu.usbserial-576B0005451,"RX,238758,R33,TXE,N61,108,225379,A,1,0.75,0.72,5,U,-48,9.75"
RX,239011,R33,TXA,N01,223,225627,H,0,0.32,0.3,5.0,F,-43.0,9.75,True,,2026-07-05T22:50:11.807+00:00,/dev/cu.usbserial-576B0005451,"RX,239011,R33,TXA,N01,223,225627,H,0,0.32,0.30,5,F,-43,9.75"
RX,239509,R33,TXF,N76,55,226131,G,1,0.93,0.9,5.0,U,-51.0,9.75,True,,2026-07-05T22:50:12.305+00:00,/dev/cu.usbserial-576B0005451,"RX,239509,R33,TXF,N76,55,226131,G,1,0.93,0.90,5,U,-51,9.75"
RX,239763,R33,TXC,N31,54,226381,E,0,0.87,0.84,5.0,U,-43.0,9.25,True,,2026-07-05T22:50:12.559+00:00,/dev/cu.usbserial-576B0005451,"RX,239763,R33,TXC,N31,54,226381,E,0,0.87,0.84,5,U,-43,9.25"
RX,240011,R33,TXA,N01,224,226627,A,1,0.75,0.72,5.0,F,-44.0,9.5,True,,2026-07-05T22:50:12.807+00:00,/dev/cu.usbserial-576B0005451,"RX,240011,R33,TXA,N01,224,226627,A,1,0.75,0.72,5,F,-44,9.50"
RX,240278,R33,TXB,N16,111,226893,G,1,0.93,0.9,5.0,U,-58.0,9.0,True,,2026-07-05T22:50:13.074+00:00,/dev/cu.usbserial-576B0005451,"RX,240278,R33,TXB,N16,111,226893,G,1,0.93,0.90,5,U,-58,9.00"
RX,240758,R33,TXE,N61,109,227379,C,1,0.81,0.78,5.0,U,-48.0,9.25,True,,2026-07-05T22:50:13.554+00:00,/dev/cu.usbserial-576B0005451,"RX,240758,R33,TXE,N61,109,227379,C,1,0.81,0.78,5,U,-48,9.25"
RX,241011,R33,TXA,N01,225,227627,B,1,0.2,0.18,5.0,F,-43.0,9.5,True,,2026-07-05T22:50:13.807+00:00,/dev/cu.usbserial-576B0005451,"RX,241011,R33,TXA,N01,225,227627,B,1,0.20,0.18,5,F,-43,9.50"
RX,241763,R33,TXC,N31,55,228381,G,1,0.93,0.9,5.0,U,-42.0,10.0,True,,2026-07-05T22:50:14.559+00:00,/dev/cu.usbserial-576B0005451,"RX,241763,R33,TXC,N31,55,228381,G,1,0.93,0.90,5,U,-42,10.00"
RX,242011,R33,TXA,N01,226,228627,C,0,0.81,0.78,5.0,F,-44.0,8.75,True,,2026-07-05T22:50:14.807+00:00,/dev/cu.usbserial-576B0005451,"RX,242011,R33,TXA,N01,226,228627,C,0,0.81,0.78,5,F,-44,8.75"
RX,242278,R33,TXB,N16,112,228893,A,1,0.75,0.72,5.0,U,-59.0,9.0,True,,2026-07-05T22:50:15.074+00:00,/dev/cu.usbserial-576B0005451,"RX,242278,R33,TXB,N16,112,228893,A,1,0.75,0.72,5,U,-59,9.00"
RX,242758,R33,TXE,N61,110,229379,E,0,0.87,0.84,5.0,U,-48.0,9.75,True,,2026-07-05T22:50:15.554+00:00,/dev/cu.usbserial-576B0005451,"RX,242758,R33,TXE,N61,110,229379,E,0,0.87,0.84,5,U,-48,9.75"
RX,243011,R33,TXA,N01,227,229627,D,1,0.24,0.22,5.0,F,-44.0,9.25,True,,2026-07-05T22:50:15.807+00:00,/dev/cu.usbserial-576B0005451,"RX,243011,R33,TXA,N01,227,229627,D,1,0.24,0.22,5,F,-44,9.25"
RX,244011,R33,TXA,N01,228,230627,E,1,0.87,0.84,5.0,F,-43.0,9.25,True,,2026-07-05T22:50:16.807+00:00,/dev/cu.usbserial-576B0005451,"RX,244011,R33,TXA,N01,228,230627,E,1,0.87,0.84,5,F,-43,9.25"
RX,244277,R33,TXB,N16,113,230893,C,0,0.81,0.78,5.0,U,-58.0,9.75,True,,2026-07-05T22:50:17.074+00:00,/dev/cu.usbserial-576B0005451,"RX,244277,R33,TXB,N16,113,230893,C,0,0.81,0.78,5,U,-58,9.75"
RX,244758,R33,TXE,N61,111,231379,G,1,0.93,0.9,5.0,U,-48.0,9.75,True,,2026-07-05T22:50:17.554+00:00,/dev/cu.usbserial-576B0005451,"RX,244758,R33,TXE,N61,111,231379,G,1,0.93,0.90,5,U,-48,9.75"
RX,245011,R33,TXA,N01,229,231627,F,0,0.28,0.26,5.0,F,-44.0,9.5,True,,2026-07-05T22:50:17.807+00:00,/dev/cu.usbserial-576B0005451,"RX,245011,R33,TXA,N01,229,231627,F,0,0.28,0.26,5,F,-44,9.50"
RX,245509,R33,TXF,N76,56,232131,E,1,0.87,0.84,5.0,U,-51.0,10.0,True,,2026-07-05T22:50:18.305+00:00,/dev/cu.usbserial-576B0005451,"RX,245509,R33,TXF,N76,56,232131,E,1,0.87,0.84,5,U,-51,10.00"
RX,245913,R33,TXD,N46,28,232530,G,1,0.93,0.9,5.0,U,-49.0,9.75,True,,2026-07-05T22:50:18.709+00:00,/dev/cu.usbserial-576B0005451,"RX,245913,R33,TXD,N46,28,232530,G,1,0.93,0.90,5,U,-49,9.75"
RX,246011,R33,TXA,N01,230,232627,G,1,0.93,0.9,5.0,F,-42.0,9.5,True,,2026-07-05T22:50:18.807+00:00,/dev/cu.usbserial-576B0005451,"RX,246011,R33,TXA,N01,230,232627,G,1,0.93,0.90,5,F,-42,9.50"
RX,246278,R33,TXB,N16,114,232893,E,1,0.87,0.84,5.0,U,-58.0,10.0,True,,2026-07-05T22:50:19.074+00:00,/dev/cu.usbserial-576B0005451,"RX,246278,R33,TXB,N16,114,232893,E,1,0.87,0.84,5,U,-58,10.00"
RX,246457,R33,TXG,N91,27,233079,G,1,0.93,0.9,5.0,U,-54.0,9.75,True,,2026-07-05T22:50:19.253+00:00,/dev/cu.usbserial-576B0005451,"RX,246457,R33,TXG,N91,27,233079,G,1,0.93,0.90,5,U,-54,9.75"
RX,246758,R33,TXE,N61,112,233379,A,1,0.75,0.72,5.0,U,-49.0,9.25,True,,2026-07-05T22:50:19.554+00:00,/dev/cu.usbserial-576B0005451,"RX,246758,R33,TXE,N61,112,233379,A,1,0.75,0.72,5,U,-49,9.25"
RX,247011,R33,TXA,N01,231,233627,H,1,0.32,0.3,5.0,F,-43.0,9.0,True,,2026-07-05T22:50:19.807+00:00,/dev/cu.usbserial-576B0005451,"RX,247011,R33,TXA,N01,231,233627,H,1,0.32,0.30,5,F,-43,9.00"
RX,247509,R33,TXF,N76,57,234131,G,1,0.93,0.9,5.0,U,-52.0,9.5,True,,2026-07-05T22:50:20.305+00:00,/dev/cu.usbserial-576B0005451,"RX,247509,R33,TXF,N76,57,234131,G,1,0.93,0.90,5,U,-52,9.50"
RX,247763,R33,TXC,N31,56,234381,E,1,0.87,0.84,5.0,U,-41.0,9.75,True,,2026-07-05T22:50:20.559+00:00,/dev/cu.usbserial-576B0005451,"RX,247763,R33,TXC,N31,56,234381,E,1,0.87,0.84,5,U,-41,9.75"
RX,248011,R33,TXA,N01,232,234627,A,0,0.75,0.72,5.0,F,-44.0,9.25,True,,2026-07-05T22:50:20.807+00:00,/dev/cu.usbserial-576B0005451,"RX,248011,R33,TXA,N01,232,234627,A,0,0.75,0.72,5,F,-44,9.25"
RX,248278,R33,TXB,N16,115,234893,G,1,0.93,0.9,5.0,U,-58.0,10.0,True,,2026-07-05T22:50:21.074+00:00,/dev/cu.usbserial-576B0005451,"RX,248278,R33,TXB,N16,115,234893,G,1,0.93,0.90,5,U,-58,10.00"
RX,248758,R33,TXE,N61,113,235379,C,0,0.81,0.78,5.0,U,-48.0,9.5,True,,2026-07-05T22:50:21.554+00:00,/dev/cu.usbserial-576B0005451,"RX,248758,R33,TXE,N61,113,235379,C,0,0.81,0.78,5,U,-48,9.50"
RX,249011,R33,TXA,N01,233,235627,B,1,0.2,0.18,5.0,F,-43.0,9.0,True,,2026-07-05T22:50:21.807+00:00,/dev/cu.usbserial-576B0005451,"RX,249011,R33,TXA,N01,233,235627,B,1,0.20,0.18,5,F,-43,9.00"
RX,249763,R33,TXC,N31,57,236381,G,1,0.93,0.9,5.0,U,-42.0,9.25,True,,2026-07-05T22:50:22.559+00:00,/dev/cu.usbserial-576B0005451,"RX,249763,R33,TXC,N31,57,236381,G,1,0.93,0.90,5,U,-42,9.25"
RX,250011,R33,TXA,N01,234,236627,C,1,0.81,0.78,5.0,F,-43.0,9.25,True,,2026-07-05T22:50:22.807+00:00,/dev/cu.usbserial-576B0005451,"RX,250011,R33,TXA,N01,234,236627,C,1,0.81,0.78,5,F,-43,9.25"
RX,250278,R33,TXB,N16,116,236893,A,0,0.75,0.72,5.0,U,-58.0,9.75,True,,2026-07-05T22:50:23.074+00:00,/dev/cu.usbserial-576B0005451,"RX,250278,R33,TXB,N16,116,236893,A,0,0.75,0.72,5,U,-58,9.75"
RX,250758,R33,TXE,N61,114,237379,E,1,0.87,0.84,5.0,U,-49.0,10.0,True,,2026-07-05T22:50:23.554+00:00,/dev/cu.usbserial-576B0005451,"RX,250758,R33,TXE,N61,114,237379,E,1,0.87,0.84,5,U,-49,10.00"
RX,251011,R33,TXA,N01,235,237627,D,0,0.24,0.22,5.0,F,-43.0,9.75,True,,2026-07-05T22:50:23.807+00:00,/dev/cu.usbserial-576B0005451,"RX,251011,R33,TXA,N01,235,237627,D,0,0.24,0.22,5,F,-43,9.75"
RX,252011,R33,TXA,N01,236,238627,E,1,0.87,0.84,5.0,F,-43.0,9.5,True,,2026-07-05T22:50:24.807+00:00,/dev/cu.usbserial-576B0005451,"RX,252011,R33,TXA,N01,236,238627,E,1,0.87,0.84,5,F,-43,9.50"
RX,252278,R33,TXB,N16,117,238893,C,1,0.81,0.78,5.0,U,-59.0,9.25,True,,2026-07-05T22:50:25.074+00:00,/dev/cu.usbserial-576B0005451,"RX,252278,R33,TXB,N16,117,238893,C,1,0.81,0.78,5,U,-59,9.25"
RX,252758,R33,TXE,N61,115,239379,G,1,0.93,0.9,5.0,U,-49.0,9.25,True,,2026-07-05T22:50:25.554+00:00,/dev/cu.usbserial-576B0005451,"RX,252758,R33,TXE,N61,115,239379,G,1,0.93,0.90,5,U,-49,9.25"
RX,253011,R33,TXA,N01,237,239627,F,1,0.28,0.26,5.0,F,-44.0,9.5,True,,2026-07-05T22:50:25.807+00:00,/dev/cu.usbserial-576B0005451,"RX,253011,R33,TXA,N01,237,239627,F,1,0.28,0.26,5,F,-44,9.50"
RX,253509,R33,TXF,N76,58,240131,E,1,0.87,0.84,5.0,U,-52.0,9.5,True,,2026-07-05T22:50:26.305+00:00,/dev/cu.usbserial-576B0005451,"RX,253509,R33,TXF,N76,58,240131,E,1,0.87,0.84,5,U,-52,9.50"
RX,253913,R33,TXD,N46,29,240530,G,0,0.93,0.9,5.0,U,-49.0,9.5,True,,2026-07-05T22:50:26.709+00:00,/dev/cu.usbserial-576B0005451,"RX,253913,R33,TXD,N46,29,240530,G,0,0.93,0.90,5,U,-49,9.50"
RX,254011,R33,TXA,N01,238,240627,G,0,0.93,0.9,5.0,F,-43.0,9.75,True,,2026-07-05T22:50:26.807+00:00,/dev/cu.usbserial-576B0005451,"RX,254011,R33,TXA,N01,238,240627,G,0,0.93,0.90,5,F,-43,9.75"
RX,254278,R33,TXB,N16,118,240893,E,1,0.87,0.84,5.0,U,-59.0,9.5,True,,2026-07-05T22:50:27.074+00:00,/dev/cu.usbserial-576B0005451,"RX,254278,R33,TXB,N16,118,240893,E,1,0.87,0.84,5,U,-59,9.50"
RX,254457,R33,TXG,N91,28,241079,G,1,0.93,0.9,5.0,U,-55.0,9.5,True,,2026-07-05T22:50:27.254+00:00,/dev/cu.usbserial-576B0005451,"RX,254457,R33,TXG,N91,28,241079,G,1,0.93,0.90,5,U,-55,9.50"
RX,254758,R33,TXE,N61,116,241379,A,0,0.75,0.72,5.0,U,-48.0,9.25,True,,2026-07-05T22:50:27.554+00:00,/dev/cu.usbserial-576B0005451,"RX,254758,R33,TXE,N61,116,241379,A,0,0.75,0.72,5,U,-48,9.25"
RX,255011,R33,TXA,N01,239,241627,H,1,0.32,0.3,5.0,F,-44.0,9.5,True,,2026-07-05T22:50:27.807+00:00,/dev/cu.usbserial-576B0005451,"RX,255011,R33,TXA,N01,239,241627,H,1,0.32,0.30,5,F,-44,9.50"
RX,255509,R33,TXF,N76,59,242131,G,0,0.93,0.9,5.0,U,-52.0,9.75,True,,2026-07-05T22:50:28.305+00:00,/dev/cu.usbserial-576B0005451,"RX,255509,R33,TXF,N76,59,242131,G,0,0.93,0.90,5,U,-52,9.75"
RX,255763,R33,TXC,N31,58,242381,E,1,0.87,0.84,5.0,U,-43.0,9.5,True,,2026-07-05T22:50:28.559+00:00,/dev/cu.usbserial-576B0005451,"RX,255763,R33,TXC,N31,58,242381,E,1,0.87,0.84,5,U,-43,9.50"
RX,256011,R33,TXA,N01,240,242627,A,1,0.75,0.72,5.0,F,-43.0,9.75,True,,2026-07-05T22:50:28.808+00:00,/dev/cu.usbserial-576B0005451,"RX,256011,R33,TXA,N01,240,242627,A,1,0.75,0.72,5,F,-43,9.75"
RX,256278,R33,TXB,N16,119,242893,G,0,0.93,0.9,5.0,U,-59.0,9.5,True,,2026-07-05T22:50:29.074+00:00,/dev/cu.usbserial-576B0005451,"RX,256278,R33,TXB,N16,119,242893,G,0,0.93,0.90,5,U,-59,9.50"
RX,256758,R33,TXE,N61,117,243379,C,1,0.81,0.78,5.0,U,-49.0,9.5,True,,2026-07-05T22:50:29.554+00:00,/dev/cu.usbserial-576B0005451,"RX,256758,R33,TXE,N61,117,243379,C,1,0.81,0.78,5,U,-49,9.50"
RX,257011,R33,TXA,N01,241,243627,B,0,0.2,0.18,5.0,F,-43.0,9.75,True,,2026-07-05T22:50:29.807+00:00,/dev/cu.usbserial-576B0005451,"RX,257011,R33,TXA,N01,241,243627,B,0,0.20,0.18,5,F,-43,9.75"
RX,257763,R33,TXC,N31,59,244381,G,0,0.93,0.9,5.0,U,-42.0,10.25,True,,2026-07-05T22:50:30.559+00:00,/dev/cu.usbserial-576B0005451,"RX,257763,R33,TXC,N31,59,244381,G,0,0.93,0.90,5,U,-42,10.25"
RX,258011,R33,TXA,N01,242,244627,C,1,0.81,0.78,5.0,F,-44.0,9.25,True,,2026-07-05T22:50:30.807+00:00,/dev/cu.usbserial-576B0005451,"RX,258011,R33,TXA,N01,242,244627,C,1,0.81,0.78,5,F,-44,9.25"
RX,258278,R33,TXB,N16,120,244893,A,1,0.75,0.72,5.0,U,-59.0,9.75,True,,2026-07-05T22:50:31.074+00:00,/dev/cu.usbserial-576B0005451,"RX,258278,R33,TXB,N16,120,244893,A,1,0.75,0.72,5,U,-59,9.75"
RX,258758,R33,TXE,N61,118,245379,E,1,0.87,0.84,5.0,U,-49.0,9.25,True,,2026-07-05T22:50:31.554+00:00,/dev/cu.usbserial-576B0005451,"RX,258758,R33,TXE,N61,118,245379,E,1,0.87,0.84,5,U,-49,9.25"
RX,259011,R33,TXA,N01,243,245627,D,1,0.24,0.22,5.0,F,-44.0,9.0,True,,2026-07-05T22:50:31.807+00:00,/dev/cu.usbserial-576B0005451,"RX,259011,R33,TXA,N01,243,245627,D,1,0.24,0.22,5,F,-44,9.00"
RX,260011,R33,TXA,N01,244,246627,E,0,0.87,0.84,5.0,F,-44.0,9.5,True,,2026-07-05T22:50:32.808+00:00,/dev/cu.usbserial-576B0005451,"RX,260011,R33,TXA,N01,244,246627,E,0,0.87,0.84,5,F,-44,9.50"
RX,260278,R33,TXB,N16,121,246893,C,1,0.81,0.78,5.0,U,-59.0,9.25,True,,2026-07-05T22:50:33.074+00:00,/dev/cu.usbserial-576B0005451,"RX,260278,R33,TXB,N16,121,246893,C,1,0.81,0.78,5,U,-59,9.25"
RX,260758,R33,TXE,N61,119,247379,G,0,0.93,0.9,5.0,U,-48.0,9.25,True,,2026-07-05T22:50:33.554+00:00,/dev/cu.usbserial-576B0005451,"RX,260758,R33,TXE,N61,119,247379,G,0,0.93,0.90,5,U,-48,9.25"
RX,261011,R33,TXA,N01,245,247627,F,1,0.28,0.26,5.0,F,-44.0,9.75,True,,2026-07-05T22:50:33.808+00:00,/dev/cu.usbserial-576B0005451,"RX,261011,R33,TXA,N01,245,247627,F,1,0.28,0.26,5,F,-44,9.75"
RX,261509,R33,TXF,N76,60,248131,E,0,0.87,0.84,5.0,U,-52.0,9.75,True,,2026-07-05T22:50:34.305+00:00,/dev/cu.usbserial-576B0005451,"RX,261509,R33,TXF,N76,60,248131,E,0,0.87,0.84,5,U,-52,9.75"
RX,261913,R33,TXD,N46,30,248530,G,1,0.93,0.9,5.0,U,-48.0,9.25,True,,2026-07-05T22:50:34.709+00:00,/dev/cu.usbserial-576B0005451,"RX,261913,R33,TXD,N46,30,248530,G,1,0.93,0.90,5,U,-48,9.25"
RX,262011,R33,TXA,N01,246,248627,G,1,0.93,0.9,5.0,F,-44.0,9.25,True,,2026-07-05T22:50:34.807+00:00,/dev/cu.usbserial-576B0005451,"RX,262011,R33,TXA,N01,246,248627,G,1,0.93,0.90,5,F,-44,9.25"
RX,262278,R33,TXB,N16,122,248893,E,0,0.87,0.84,5.0,U,-59.0,9.25,True,,2026-07-05T22:50:35.074+00:00,/dev/cu.usbserial-576B0005451,"RX,262278,R33,TXB,N16,122,248893,E,0,0.87,0.84,5,U,-59,9.25"
RX,262457,R33,TXG,N91,29,249079,G,0,0.93,0.9,5.0,U,-54.0,9.75,True,,2026-07-05T22:50:35.254+00:00,/dev/cu.usbserial-576B0005451,"RX,262457,R33,TXG,N91,29,249079,G,0,0.93,0.90,5,U,-54,9.75"
RX,262758,R33,TXE,N61,120,249379,A,1,0.75,0.72,5.0,U,-49.0,9.5,True,,2026-07-05T22:50:35.554+00:00,/dev/cu.usbserial-576B0005451,"RX,262758,R33,TXE,N61,120,249379,A,1,0.75,0.72,5,U,-49,9.50"
RX,263011,R33,TXA,N01,247,249627,H,0,0.32,0.3,5.0,F,-43.0,9.5,True,,2026-07-05T22:50:35.808+00:00,/dev/cu.usbserial-576B0005451,"RX,263011,R33,TXA,N01,247,249627,H,0,0.32,0.30,5,F,-43,9.50"
RX,263509,R33,TXF,N76,61,250131,G,1,0.93,0.9,5.0,U,-52.0,9.5,True,,2026-07-05T22:50:36.305+00:00,/dev/cu.usbserial-576B0005451,"RX,263509,R33,TXF,N76,61,250131,G,1,0.93,0.90,5,U,-52,9.50"
RX,263763,R33,TXC,N31,60,250381,E,0,0.87,0.84,5.0,U,-43.0,9.25,True,,2026-07-05T22:50:36.560+00:00,/dev/cu.usbserial-576B0005451,"RX,263763,R33,TXC,N31,60,250381,E,0,0.87,0.84,5,U,-43,9.25"
RX,264011,R33,TXA,N01,248,250627,A,1,0.75,0.72,5.0,F,-43.0,9.75,True,,2026-07-05T22:50:36.808+00:00,/dev/cu.usbserial-576B0005451,"RX,264011,R33,TXA,N01,248,250627,A,1,0.75,0.72,5,F,-43,9.75"
RX,264278,R33,TXB,N16,123,250893,G,1,0.93,0.9,5.0,U,-59.0,9.25,True,,2026-07-05T22:50:37.074+00:00,/dev/cu.usbserial-576B0005451,"RX,264278,R33,TXB,N16,123,250893,G,1,0.93,0.90,5,U,-59,9.25"
RX,264758,R33,TXE,N61,121,251379,C,1,0.81,0.78,5.0,U,-48.0,9.25,True,,2026-07-05T22:50:37.554+00:00,/dev/cu.usbserial-576B0005451,"RX,264758,R33,TXE,N61,121,251379,C,1,0.81,0.78,5,U,-48,9.25"
RX,265011,R33,TXA,N01,249,251627,B,1,0.2,0.18,5.0,F,-43.0,10.0,True,,2026-07-05T22:50:37.808+00:00,/dev/cu.usbserial-576B0005451,"RX,265011,R33,TXA,N01,249,251627,B,1,0.20,0.18,5,F,-43,10.00"
RX,265763,R33,TXC,N31,61,252381,G,1,0.93,0.9,5.0,U,-43.0,9.25,True,,2026-07-05T22:50:38.560+00:00,/dev/cu.usbserial-576B0005451,"RX,265763,R33,TXC,N31,61,252381,G,1,0.93,0.90,5,U,-43,9.25"
RX,266011,R33,TXA,N01,250,252627,C,0,0.81,0.78,5.0,F,-43.0,9.5,True,,2026-07-05T22:50:38.807+00:00,/dev/cu.usbserial-576B0005451,"RX,266011,R33,TXA,N01,250,252627,C,0,0.81,0.78,5,F,-43,9.50"
RX,266278,R33,TXB,N16,124,252893,A,1,0.75,0.72,5.0,U,-59.0,9.25,True,,2026-07-05T22:50:39.074+00:00,/dev/cu.usbserial-576B0005451,"RX,266278,R33,TXB,N16,124,252893,A,1,0.75,0.72,5,U,-59,9.25"
RX,266758,R33,TXE,N61,122,253379,E,0,0.87,0.84,5.0,U,-49.0,9.75,True,,2026-07-05T22:50:39.555+00:00,/dev/cu.usbserial-576B0005451,"RX,266758,R33,TXE,N61,122,253379,E,0,0.87,0.84,5,U,-49,9.75"
RX,267011,R33,TXA,N01,251,253627,D,1,0.24,0.22,5.0,F,-43.0,10.0,True,,2026-07-05T22:50:39.808+00:00,/dev/cu.usbserial-576B0005451,"RX,267011,R33,TXA,N01,251,253627,D,1,0.24,0.22,5,F,-43,10.00"
RX,268011,R33,TXA,N01,252,254627,E,1,0.87,0.84,5.0,F,-43.0,9.5,True,,2026-07-05T22:50:40.808+00:00,/dev/cu.usbserial-576B0005451,"RX,268011,R33,TXA,N01,252,254627,E,1,0.87,0.84,5,F,-43,9.50"
RX,268278,R33,TXB,N16,125,254893,C,0,0.81,0.78,5.0,U,-59.0,9.25,True,,2026-07-05T22:50:41.074+00:00,/dev/cu.usbserial-576B0005451,"RX,268278,R33,TXB,N16,125,254893,C,0,0.81,0.78,5,U,-59,9.25"
RX,268758,R33,TXE,N61,123,255379,G,1,0.93,0.9,5.0,U,-48.0,9.25,True,,2026-07-05T22:50:41.554+00:00,/dev/cu.usbserial-576B0005451,"RX,268758,R33,TXE,N61,123,255379,G,1,0.93,0.90,5,U,-48,9.25"
RX,269011,R33,TXA,N01,253,255627,F,0,0.28,0.26,5.0,F,-44.0,9.25,True,,2026-07-05T22:50:41.808+00:00,/dev/cu.usbserial-576B0005451,"RX,269011,R33,TXA,N01,253,255627,F,0,0.28,0.26,5,F,-44,9.25"
RX,269509,R33,TXF,N76,62,256131,E,1,0.87,0.84,5.0,U,-52.0,9.5,True,,2026-07-05T22:50:42.305+00:00,/dev/cu.usbserial-576B0005451,"RX,269509,R33,TXF,N76,62,256131,E,1,0.87,0.84,5,U,-52,9.50"
RX,269913,R33,TXD,N46,31,256530,G,1,0.93,0.9,5.0,U,-47.0,9.75,True,,2026-07-05T22:50:42.710+00:00,/dev/cu.usbserial-576B0005451,"RX,269913,R33,TXD,N46,31,256530,G,1,0.93,0.90,5,U,-47,9.75"
RX,270011,R33,TXA,N01,254,256627,G,1,0.93,0.9,5.0,F,-43.0,9.75,True,,2026-07-05T22:50:42.807+00:00,/dev/cu.usbserial-576B0005451,"RX,270011,R33,TXA,N01,254,256627,G,1,0.93,0.90,5,F,-43,9.75"
RX,270278,R33,TXB,N16,126,256893,E,1,0.87,0.84,5.0,U,-59.0,9.75,True,,2026-07-05T22:50:43.074+00:00,/dev/cu.usbserial-576B0005451,"RX,270278,R33,TXB,N16,126,256893,E,1,0.87,0.84,5,U,-59,9.75"
RX,270457,R33,TXG,N91,30,257079,G,1,0.93,0.9,5.0,U,-55.0,10.0,True,,2026-07-05T22:50:43.254+00:00,/dev/cu.usbserial-576B0005451,"RX,270457,R33,TXG,N91,30,257079,G,1,0.93,0.90,5,U,-55,10.00"
RX,270758,R33,TXE,N61,124,257379,A,1,0.75,0.72,5.0,U,-49.0,9.25,True,,2026-07-05T22:50:43.555+00:00,/dev/cu.usbserial-576B0005451,"RX,270758,R33,TXE,N61,124,257379,A,1,0.75,0.72,5,U,-49,9.25"
RX,271011,R33,TXA,N01,255,257627,H,1,0.32,0.3,5.0,F,-44.0,9.25,True,,2026-07-05T22:50:43.808+00:00,/dev/cu.usbserial-576B0005451,"RX,271011,R33,TXA,N01,255,257627,H,1,0.32,0.30,5,F,-44,9.25"
RX,271509,R33,TXF,N76,63,258131,G,1,0.93,0.9,5.0,U,-53.0,9.5,True,,2026-07-05T22:50:44.306+00:00,/dev/cu.usbserial-576B0005451,"RX,271509,R33,TXF,N76,63,258131,G,1,0.93,0.90,5,U,-53,9.50"
RX,271763,R33,TXC,N31,62,258381,E,1,0.87,0.84,5.0,U,-43.0,9.5,True,,2026-07-05T22:50:44.560+00:00,/dev/cu.usbserial-576B0005451,"RX,271763,R33,TXC,N31,62,258381,E,1,0.87,0.84,5,U,-43,9.50"
RX,272011,R33,TXA,N01,256,258627,A,1,0.75,0.72,5.0,F,-44.0,9.75,True,,2026-07-05T22:50:44.808+00:00,/dev/cu.usbserial-576B0005451,"RX,272011,R33,TXA,N01,256,258627,A,1,0.75,0.72,5,F,-44,9.75"
RX,272278,R33,TXB,N16,127,258893,G,1,0.93,0.9,5.0,U,-59.0,9.5,True,,2026-07-05T22:50:45.074+00:00,/dev/cu.usbserial-576B0005451,"RX,272278,R33,TXB,N16,127,258893,G,1,0.93,0.90,5,U,-59,9.50"
RX,272758,R33,TXE,N61,125,259379,C,0,0.81,0.78,5.0,U,-48.0,9.25,True,,2026-07-05T22:50:45.555+00:00,/dev/cu.usbserial-576B0005451,"RX,272758,R33,TXE,N61,125,259379,C,0,0.81,0.78,5,U,-48,9.25"
RX,273011,R33,TXA,N01,257,259627,B,0,0.2,0.18,5.0,F,-44.0,9.25,True,,2026-07-05T22:50:45.808+00:00,/dev/cu.usbserial-576B0005451,"RX,273011,R33,TXA,N01,257,259627,B,0,0.20,0.18,5,F,-44,9.25"
RX,273763,R33,TXC,N31,63,260381,G,1,0.93,0.9,5.0,U,-43.0,9.5,True,,2026-07-05T22:50:46.560+00:00,/dev/cu.usbserial-576B0005451,"RX,273763,R33,TXC,N31,63,260381,G,1,0.93,0.90,5,U,-43,9.50"
RX,274011,R33,TXA,N01,258,260627,C,1,0.81,0.78,5.0,F,-44.0,9.75,True,,2026-07-05T22:50:46.808+00:00,/dev/cu.usbserial-576B0005451,"RX,274011,R33,TXA,N01,258,260627,C,1,0.81,0.78,5,F,-44,9.75"
RX,274278,R33,TXB,N16,128,260893,A,1,0.75,0.72,5.0,U,-59.0,9.75,True,,2026-07-05T22:50:47.075+00:00,/dev/cu.usbserial-576B0005451,"RX,274278,R33,TXB,N16,128,260893,A,1,0.75,0.72,5,U,-59,9.75"
RX,274758,R33,TXE,N61,126,261379,E,1,0.87,0.84,5.0,U,-48.0,9.0,True,,2026-07-05T22:50:47.555+00:00,/dev/cu.usbserial-576B0005451,"RX,274758,R33,TXE,N61,126,261379,E,1,0.87,0.84,5,U,-48,9.00"
RX,275011,R33,TXA,N01,259,261627,D,1,0.24,0.22,5.0,F,-44.0,9.5,True,,2026-07-05T22:50:47.808+00:00,/dev/cu.usbserial-576B0005451,"RX,275011,R33,TXA,N01,259,261627,D,1,0.24,0.22,5,F,-44,9.50"
RX,276011,R33,TXA,N01,260,262627,E,0,0.87,0.84,5.0,F,-44.0,9.5,True,,2026-07-05T22:50:48.808+00:00,/dev/cu.usbserial-576B0005451,"RX,276011,R33,TXA,N01,260,262627,E,0,0.87,0.84,5,F,-44,9.50"
RX,276278,R33,TXB,N16,129,262893,C,1,0.81,0.78,5.0,U,-58.0,9.25,True,,2026-07-05T22:50:49.075+00:00,/dev/cu.usbserial-576B0005451,"RX,276278,R33,TXB,N16,129,262893,C,1,0.81,0.78,5,U,-58,9.25"
RX,276758,R33,TXE,N61,127,263379,G,1,0.93,0.9,5.0,U,-48.0,9.25,True,,2026-07-05T22:50:49.555+00:00,/dev/cu.usbserial-576B0005451,"RX,276758,R33,TXE,N61,127,263379,G,1,0.93,0.90,5,U,-48,9.25"
RX,277011,R33,TXA,N01,261,263627,F,1,0.28,0.26,5.0,F,-43.0,9.75,True,,2026-07-05T22:50:49.808+00:00,/dev/cu.usbserial-576B0005451,"RX,277011,R33,TXA,N01,261,263627,F,1,0.28,0.26,5,F,-43,9.75"
RX,277120,R33,TXH,N106,16,263742,G,1,0.93,0.9,5.0,U,-55.0,9.75,True,,2026-07-05T22:50:49.917+00:00,/dev/cu.usbserial-576B0005451,"RX,277120,R33,TXH,N106,16,263742,G,1,0.93,0.90,5,U,-55,9.75"
RX,277509,R33,TXF,N76,64,264131,E,0,0.87,0.84,5.0,U,-53.0,9.5,True,,2026-07-05T22:50:50.305+00:00,/dev/cu.usbserial-576B0005451,"RX,277509,R33,TXF,N76,64,264131,E,0,0.87,0.84,5,U,-53,9.50"
RX,277913,R33,TXD,N46,32,264530,G,1,0.93,0.9,5.0,U,-46.0,9.75,True,,2026-07-05T22:50:50.709+00:00,/dev/cu.usbserial-576B0005451,"RX,277913,R33,TXD,N46,32,264530,G,1,0.93,0.90,5,U,-46,9.75"
RX,278011,R33,TXA,N01,262,264627,G,1,0.93,0.9,5.0,F,-44.0,9.75,True,,2026-07-05T22:50:50.808+00:00,/dev/cu.usbserial-576B0005451,"RX,278011,R33,TXA,N01,262,264627,G,1,0.93,0.90,5,F,-44,9.75"
RX,278278,R33,TXB,N16,130,264893,E,0,0.87,0.84,5.0,U,-59.0,9.5,True,,2026-07-05T22:50:51.075+00:00,/dev/cu.usbserial-576B0005451,"RX,278278,R33,TXB,N16,130,264893,E,0,0.87,0.84,5,U,-59,9.50"
RX,278457,R33,TXG,N91,31,265079,G,1,0.93,0.9,5.0,U,-54.0,10.0,True,,2026-07-05T22:50:51.254+00:00,/dev/cu.usbserial-576B0005451,"RX,278457,R33,TXG,N91,31,265079,G,1,0.93,0.90,5,U,-54,10.00"
RX,278758,R33,TXE,N61,128,265379,A,1,0.75,0.72,5.0,U,-49.0,9.75,True,,2026-07-05T22:50:51.555+00:00,/dev/cu.usbserial-576B0005451,"RX,278758,R33,TXE,N61,128,265379,A,1,0.75,0.72,5,U,-49,9.75"
RX,279011,R33,TXA,N01,263,265627,H,0,0.32,0.3,5.0,F,-43.0,9.5,True,,2026-07-05T22:50:51.808+00:00,/dev/cu.usbserial-576B0005451,"RX,279011,R33,TXA,N01,263,265627,H,0,0.32,0.30,5,F,-43,9.50"
RX,279509,R33,TXF,N76,65,266131,G,1,0.93,0.9,5.0,U,-53.0,9.5,True,,2026-07-05T22:50:52.306+00:00,/dev/cu.usbserial-576B0005451,"RX,279509,R33,TXF,N76,65,266131,G,1,0.93,0.90,5,U,-53,9.50"
RX,279763,R33,TXC,N31,64,266381,E,0,0.87,0.84,5.0,U,-43.0,9.75,True,,2026-07-05T22:50:52.560+00:00,/dev/cu.usbserial-576B0005451,"RX,279763,R33,TXC,N31,64,266381,E,0,0.87,0.84,5,U,-43,9.75"
RX,280011,R33,TXA,N01,264,266627,A,1,0.75,0.72,5.0,F,-43.0,9.75,True,,2026-07-05T22:50:52.808+00:00,/dev/cu.usbserial-576B0005451,"RX,280011,R33,TXA,N01,264,266627,A,1,0.75,0.72,5,F,-43,9.75"
RX,280278,R33,TXB,N16,131,266893,G,1,0.93,0.9,5.0,U,-59.0,9.5,True,,2026-07-05T22:50:53.075+00:00,/dev/cu.usbserial-576B0005451,"RX,280278,R33,TXB,N16,131,266893,G,1,0.93,0.90,5,U,-59,9.50"
RX,280758,R33,TXE,N61,129,267379,C,1,0.81,0.78,5.0,U,-48.0,9.5,True,,2026-07-05T22:50:53.555+00:00,/dev/cu.usbserial-576B0005451,"RX,280758,R33,TXE,N61,129,267379,C,1,0.81,0.78,5,U,-48,9.50"
RX,281011,R33,TXA,N01,265,267627,B,1,0.2,0.18,5.0,F,-43.0,9.5,True,,2026-07-05T22:50:53.808+00:00,/dev/cu.usbserial-576B0005451,"RX,281011,R33,TXA,N01,265,267627,B,1,0.20,0.18,5,F,-43,9.50"
RX,281763,R33,TXC,N31,65,268381,G,1,0.93,0.9,5.0,U,-42.0,10.0,True,,2026-07-05T22:50:54.560+00:00,/dev/cu.usbserial-576B0005451,"RX,281763,R33,TXC,N31,65,268381,G,1,0.93,0.90,5,U,-42,10.00"
RX,282011,R33,TXA,N01,266,268627,C,0,0.81,0.78,5.0,F,-44.0,9.5,True,,2026-07-05T22:50:54.808+00:00,/dev/cu.usbserial-576B0005451,"RX,282011,R33,TXA,N01,266,268627,C,0,0.81,0.78,5,F,-44,9.50"
RX,282278,R33,TXB,N16,132,268893,A,1,0.75,0.72,5.0,U,-59.0,9.5,True,,2026-07-05T22:50:55.075+00:00,/dev/cu.usbserial-576B0005451,"RX,282278,R33,TXB,N16,132,268893,A,1,0.75,0.72,5,U,-59,9.50"
RX,282758,R33,TXE,N61,130,269379,E,0,0.87,0.84,5.0,U,-49.0,9.75,True,,2026-07-05T22:50:55.555+00:00,/dev/cu.usbserial-576B0005451,"RX,282758,R33,TXE,N61,130,269379,E,0,0.87,0.84,5,U,-49,9.75"
RX,283011,R33,TXA,N01,267,269627,D,1,0.24,0.22,5.0,F,-43.0,9.25,True,,2026-07-05T22:50:55.808+00:00,/dev/cu.usbserial-576B0005451,"RX,283011,R33,TXA,N01,267,269627,D,1,0.24,0.22,5,F,-43,9.25"
RX,284011,R33,TXA,N01,268,270627,E,1,0.87,0.84,5.0,F,-44.0,9.5,True,,2026-07-05T22:50:56.808+00:00,/dev/cu.usbserial-576B0005451,"RX,284011,R33,TXA,N01,268,270627,E,1,0.87,0.84,5,F,-44,9.50"
RX,284278,R33,TXB,N16,133,270893,C,0,0.81,0.78,5.0,U,-59.0,9.5,True,,2026-07-05T22:50:57.075+00:00,/dev/cu.usbserial-576B0005451,"RX,284278,R33,TXB,N16,133,270893,C,0,0.81,0.78,5,U,-59,9.50"
RX,284758,R33,TXE,N61,131,271379,G,1,0.93,0.9,5.0,U,-49.0,9.75,True,,2026-07-05T22:50:57.555+00:00,/dev/cu.usbserial-576B0005451,"RX,284758,R33,TXE,N61,131,271379,G,1,0.93,0.90,5,U,-49,9.75"
RX,285011,R33,TXA,N01,269,271627,F,0,0.28,0.26,5.0,F,-43.0,9.75,True,,2026-07-05T22:50:57.808+00:00,/dev/cu.usbserial-576B0005451,"RX,285011,R33,TXA,N01,269,271627,F,0,0.28,0.26,5,F,-43,9.75"
RX,285120,R33,TXH,N106,17,271742,G,1,0.93,0.9,5.0,U,-55.0,10.0,True,,2026-07-05T22:50:57.917+00:00,/dev/cu.usbserial-576B0005451,"RX,285120,R33,TXH,N106,17,271742,G,1,0.93,0.90,5,U,-55,10.00"
RX,285509,R33,TXF,N76,66,272131,E,1,0.87,0.84,5.0,U,-52.0,9.5,True,,2026-07-05T22:50:58.305+00:00,/dev/cu.usbserial-576B0005451,"RX,285509,R33,TXF,N76,66,272131,E,1,0.87,0.84,5,U,-52,9.50"
RX,285913,R33,TXD,N46,33,272530,G,1,0.93,0.9,5.0,U,-47.0,9.5,True,,2026-07-05T22:50:58.709+00:00,/dev/cu.usbserial-576B0005451,"RX,285913,R33,TXD,N46,33,272530,G,1,0.93,0.90,5,U,-47,9.50"
RX,286011,R33,TXA,N01,270,272627,G,1,0.93,0.9,5.0,F,-43.0,10.0,True,,2026-07-05T22:50:58.808+00:00,/dev/cu.usbserial-576B0005451,"RX,286011,R33,TXA,N01,270,272627,G,1,0.93,0.90,5,F,-43,10.00"
RX,286278,R33,TXB,N16,134,272893,E,1,0.87,0.84,5.0,U,-59.0,9.25,True,,2026-07-05T22:50:59.075+00:00,/dev/cu.usbserial-576B0005451,"RX,286278,R33,TXB,N16,134,272893,E,1,0.87,0.84,5,U,-59,9.25"
RX,286457,R33,TXG,N91,32,273079,G,1,0.93,0.9,5.0,U,-55.0,9.5,True,,2026-07-05T22:50:59.254+00:00,/dev/cu.usbserial-576B0005451,"RX,286457,R33,TXG,N91,32,273079,G,1,0.93,0.90,5,U,-55,9.50"
RX,286758,R33,TXE,N61,132,273379,A,1,0.75,0.72,5.0,U,-49.0,9.25,True,,2026-07-05T22:50:59.555+00:00,/dev/cu.usbserial-576B0005451,"RX,286758,R33,TXE,N61,132,273379,A,1,0.75,0.72,5,U,-49,9.25"
RX,287011,R33,TXA,N01,271,273627,H,1,0.32,0.3,5.0,F,-44.0,9.5,True,,2026-07-05T22:50:59.807+00:00,/dev/cu.usbserial-576B0005451,"RX,287011,R33,TXA,N01,271,273627,H,1,0.32,0.30,5,F,-44,9.50"
RX,287509,R33,TXF,N76,67,274131,G,1,0.93,0.9,5.0,U,-53.0,9.5,True,,2026-07-05T22:51:00.306+00:00,/dev/cu.usbserial-576B0005451,"RX,287509,R33,TXF,N76,67,274131,G,1,0.93,0.90,5,U,-53,9.50"
RX,287763,R33,TXC,N31,66,274381,E,1,0.87,0.84,5.0,U,-42.0,9.5,True,,2026-07-05T22:51:00.560+00:00,/dev/cu.usbserial-576B0005451,"RX,287763,R33,TXC,N31,66,274381,E,1,0.87,0.84,5,U,-42,9.50"
RX,288011,R33,TXA,N01,272,274627,A,0,0.75,0.72,5.0,F,-43.0,10.0,True,,2026-07-05T22:51:00.808+00:00,/dev/cu.usbserial-576B0005451,"RX,288011,R33,TXA,N01,272,274627,A,0,0.75,0.72,5,F,-43,10.00"
RX,288278,R33,TXB,N16,135,274893,G,1,0.93,0.9,5.0,U,-59.0,9.25,True,,2026-07-05T22:51:01.075+00:00,/dev/cu.usbserial-576B0005451,"RX,288278,R33,TXB,N16,135,274893,G,1,0.93,0.90,5,U,-59,9.25"
RX,288758,R33,TXE,N61,133,275379,C,0,0.81,0.78,5.0,U,-49.0,9.5,True,,2026-07-05T22:51:01.555+00:00,/dev/cu.usbserial-576B0005451,"RX,288758,R33,TXE,N61,133,275379,C,0,0.81,0.78,5,U,-49,9.50"
RX,289011,R33,TXA,N01,273,275627,B,1,0.2,0.18,5.0,F,-44.0,9.25,True,,2026-07-05T22:51:01.808+00:00,/dev/cu.usbserial-576B0005451,"RX,289011,R33,TXA,N01,273,275627,B,1,0.20,0.18,5,F,-44,9.25"
RX,289763,R33,TXC,N31,67,276381,G,1,0.93,0.9,5.0,U,-43.0,9.75,True,,2026-07-05T22:51:02.560+00:00,/dev/cu.usbserial-576B0005451,"RX,289763,R33,TXC,N31,67,276381,G,1,0.93,0.90,5,U,-43,9.75"
RX,290011,R33,TXA,N01,274,276627,C,1,0.81,0.78,5.0,F,-43.0,10.0,True,,2026-07-05T22:51:02.808+00:00,/dev/cu.usbserial-576B0005451,"RX,290011,R33,TXA,N01,274,276627,C,1,0.81,0.78,5,F,-43,10.00"
RX,290278,R33,TXB,N16,136,276893,A,0,0.75,0.72,5.0,U,-59.0,9.25,True,,2026-07-05T22:51:03.075+00:00,/dev/cu.usbserial-576B0005451,"RX,290278,R33,TXB,N16,136,276893,A,0,0.75,0.72,5,U,-59,9.25"
RX,290758,R33,TXE,N61,134,277379,E,1,0.87,0.84,5.0,U,-49.0,9.75,True,,2026-07-05T22:51:03.555+00:00,/dev/cu.usbserial-576B0005451,"RX,290758,R33,TXE,N61,134,277379,E,1,0.87,0.84,5,U,-49,9.75"
RX,291011,R33,TXA,N01,275,277627,D,0,0.24,0.22,5.0,F,-43.0,9.75,True,,2026-07-05T22:51:03.808+00:00,/dev/cu.usbserial-576B0005451,"RX,291011,R33,TXA,N01,275,277627,D,0,0.24,0.22,5,F,-43,9.75"
RX,292011,R33,TXA,N01,276,278627,E,1,0.87,0.84,5.0,F,-43.0,10.0,True,,2026-07-05T22:51:04.808+00:00,/dev/cu.usbserial-576B0005451,"RX,292011,R33,TXA,N01,276,278627,E,1,0.87,0.84,5,F,-43,10.00"
RX,292278,R33,TXB,N16,137,278893,C,1,0.81,0.78,5.0,U,-59.0,9.5,True,,2026-07-05T22:51:05.075+00:00,/dev/cu.usbserial-576B0005451,"RX,292278,R33,TXB,N16,137,278893,C,1,0.81,0.78,5,U,-59,9.50"
RX,292758,R33,TXE,N61,135,279379,G,1,0.93,0.9,5.0,U,-48.0,9.75,True,,2026-07-05T22:51:05.555+00:00,/dev/cu.usbserial-576B0005451,"RX,292758,R33,TXE,N61,135,279379,G,1,0.93,0.90,5,U,-48,9.75"
RX,293011,R33,TXA,N01,277,279627,F,1,0.28,0.26,5.0,F,-44.0,9.25,True,,2026-07-05T22:51:05.808+00:00,/dev/cu.usbserial-576B0005451,"RX,293011,R33,TXA,N01,277,279627,F,1,0.28,0.26,5,F,-44,9.25"
RX,293120,R33,TXH,N106,18,279742,G,0,0.93,0.9,5.0,U,-55.0,9.25,True,,2026-07-05T22:51:05.917+00:00,/dev/cu.usbserial-576B0005451,"RX,293120,R33,TXH,N106,18,279742,G,0,0.93,0.90,5,U,-55,9.25"
RX,293509,R33,TXF,N76,68,280131,E,1,0.87,0.84,5.0,U,-53.0,10.25,True,,2026-07-05T22:51:06.306+00:00,/dev/cu.usbserial-576B0005451,"RX,293509,R33,TXF,N76,68,280131,E,1,0.87,0.84,5,U,-53,10.25"
RX,293913,R33,TXD,N46,34,280530,G,0,0.93,0.9,5.0,U,-47.0,9.75,True,,2026-07-05T22:51:06.710+00:00,/dev/cu.usbserial-576B0005451,"RX,293913,R33,TXD,N46,34,280530,G,0,0.93,0.90,5,U,-47,9.75"
RX,294011,R33,TXA,N01,278,280627,G,0,0.93,0.9,5.0,F,-43.0,9.75,True,,2026-07-05T22:51:06.808+00:00,/dev/cu.usbserial-576B0005451,"RX,294011,R33,TXA,N01,278,280627,G,0,0.93,0.90,5,F,-43,9.75"
RX,294278,R33,TXB,N16,138,280893,E,1,0.87,0.84,5.0,U,-59.0,9.0,True,,2026-07-05T22:51:07.075+00:00,/dev/cu.usbserial-576B0005451,"RX,294278,R33,TXB,N16,138,280893,E,1,0.87,0.84,5,U,-59,9.00"
RX,294457,R33,TXG,N91,33,281079,G,1,0.93,0.9,5.0,U,-55.0,9.75,True,,2026-07-05T22:51:07.255+00:00,/dev/cu.usbserial-576B0005451,"RX,294457,R33,TXG,N91,33,281079,G,1,0.93,0.90,5,U,-55,9.75"
RX,294758,R33,TXE,N61,136,281379,A,0,0.75,0.72,5.0,U,-48.0,9.25,True,,2026-07-05T22:51:07.555+00:00,/dev/cu.usbserial-576B0005451,"RX,294758,R33,TXE,N61,136,281379,A,0,0.75,0.72,5,U,-48,9.25"
RX,295011,R33,TXA,N01,279,281627,H,1,0.32,0.3,5.0,F,-42.0,9.25,True,,2026-07-05T22:51:07.808+00:00,/dev/cu.usbserial-576B0005451,"RX,295011,R33,TXA,N01,279,281627,H,1,0.32,0.30,5,F,-42,9.25"
RX,295509,R33,TXF,N76,69,282131,G,0,0.93,0.9,5.0,U,-53.0,9.75,True,,2026-07-05T22:51:08.305+00:00,/dev/cu.usbserial-576B0005451,"RX,295509,R33,TXF,N76,69,282131,G,0,0.93,0.90,5,U,-53,9.75"
RX,295763,R33,TXC,N31,68,282381,E,1,0.87,0.84,5.0,U,-42.0,9.5,True,,2026-07-05T22:51:08.560+00:00,/dev/cu.usbserial-576B0005451,"RX,295763,R33,TXC,N31,68,282381,E,1,0.87,0.84,5,U,-42,9.50"
RX,296011,R33,TXA,N01,280,282627,A,1,0.75,0.72,5.0,F,-44.0,10.25,True,,2026-07-05T22:51:08.808+00:00,/dev/cu.usbserial-576B0005451,"RX,296011,R33,TXA,N01,280,282627,A,1,0.75,0.72,5,F,-44,10.25"
RX,296278,R33,TXB,N16,139,282893,G,0,0.93,0.9,5.0,U,-59.0,9.25,True,,2026-07-05T22:51:09.075+00:00,/dev/cu.usbserial-576B0005451,"RX,296278,R33,TXB,N16,139,282893,G,0,0.93,0.90,5,U,-59,9.25"
RX,296758,R33,TXE,N61,137,283379,C,1,0.81,0.78,5.0,U,-48.0,9.25,True,,2026-07-05T22:51:09.555+00:00,/dev/cu.usbserial-576B0005451,"RX,296758,R33,TXE,N61,137,283379,C,1,0.81,0.78,5,U,-48,9.25"
RX,297011,R33,TXA,N01,281,283627,B,0,0.2,0.18,5.0,F,-44.0,9.25,True,,2026-07-05T22:51:09.808+00:00,/dev/cu.usbserial-576B0005451,"RX,297011,R33,TXA,N01,281,283627,B,0,0.20,0.18,5,F,-44,9.25"
RX,297763,R33,TXC,N31,69,284381,G,0,0.93,0.9,5.0,U,-43.0,9.25,True,,2026-07-05T22:51:10.560+00:00,/dev/cu.usbserial-576B0005451,"RX,297763,R33,TXC,N31,69,284381,G,0,0.93,0.90,5,U,-43,9.25"
RX,298011,R33,TXA,N01,282,284627,C,1,0.81,0.78,5.0,F,-43.0,9.75,True,,2026-07-05T22:51:10.808+00:00,/dev/cu.usbserial-576B0005451,"RX,298011,R33,TXA,N01,282,284627,C,1,0.81,0.78,5,F,-43,9.75"
RX,298278,R33,TXB,N16,140,284893,A,1,0.75,0.72,5.0,U,-59.0,9.25,True,,2026-07-05T22:51:11.075+00:00,/dev/cu.usbserial-576B0005451,"RX,298278,R33,TXB,N16,140,284893,A,1,0.75,0.72,5,U,-59,9.25"
RX,298758,R33,TXE,N61,138,285379,E,1,0.87,0.84,5.0,U,-49.0,9.5,True,,2026-07-05T22:51:11.555+00:00,/dev/cu.usbserial-576B0005451,"RX,298758,R33,TXE,N61,138,285379,E,1,0.87,0.84,5,U,-49,9.50"
RX,299011,R33,TXA,N01,283,285627,D,1,0.24,0.22,5.0,F,-44.0,9.75,True,,2026-07-05T22:51:11.808+00:00,/dev/cu.usbserial-576B0005451,"RX,299011,R33,TXA,N01,283,285627,D,1,0.24,0.22,5,F,-44,9.75"
RX,300011,R33,TXA,N01,284,286627,E,0,0.87,0.84,5.0,F,-43.0,9.75,True,,2026-07-05T22:51:12.808+00:00,/dev/cu.usbserial-576B0005451,"RX,300011,R33,TXA,N01,284,286627,E,0,0.87,0.84,5,F,-43,9.75"
RX,300278,R33,TXB,N16,141,286893,C,1,0.81,0.78,5.0,U,-59.0,9.25,True,,2026-07-05T22:51:13.075+00:00,/dev/cu.usbserial-576B0005451,"RX,300278,R33,TXB,N16,141,286893,C,1,0.81,0.78,5,U,-59,9.25"
RX,300758,R33,TXE,N61,139,287379,G,0,0.93,0.9,5.0,U,-48.0,9.25,True,,2026-07-05T22:51:13.555+00:00,/dev/cu.usbserial-576B0005451,"RX,300758,R33,TXE,N61,139,287379,G,0,0.93,0.90,5,U,-48,9.25"
RX,301011,R33,TXA,N01,285,287627,F,1,0.28,0.26,5.0,F,-44.0,9.5,True,,2026-07-05T22:51:13.808+00:00,/dev/cu.usbserial-576B0005451,"RX,301011,R33,TXA,N01,285,287627,F,1,0.28,0.26,5,F,-44,9.50"
RX,301120,R33,TXH,N106,19,287742,G,1,0.93,0.9,5.0,U,-56.0,9.75,True,,2026-07-05T22:51:13.917+00:00,/dev/cu.usbserial-576B0005451,"RX,301120,R33,TXH,N106,19,287742,G,1,0.93,0.90,5,U,-56,9.75"
RX,301509,R33,TXF,N76,70,288131,E,0,0.87,0.84,5.0,U,-52.0,10.0,True,,2026-07-05T22:51:14.306+00:00,/dev/cu.usbserial-576B0005451,"RX,301509,R33,TXF,N76,70,288131,E,0,0.87,0.84,5,U,-52,10.00"
RX,301913,R33,TXD,N46,35,288530,G,1,0.93,0.9,5.0,U,-47.0,9.75,True,,2026-07-05T22:51:14.710+00:00,/dev/cu.usbserial-576B0005451,"RX,301913,R33,TXD,N46,35,288530,G,1,0.93,0.90,5,U,-47,9.75"
RX,302011,R33,TXA,N01,286,288627,G,1,0.93,0.9,5.0,F,-43.0,9.5,True,,2026-07-05T22:51:14.808+00:00,/dev/cu.usbserial-576B0005451,"RX,302011,R33,TXA,N01,286,288627,G,1,0.93,0.90,5,F,-43,9.50"
RX,302278,R33,TXB,N16,142,288893,E,0,0.87,0.84,5.0,U,-59.0,9.25,True,,2026-07-05T22:51:15.075+00:00,/dev/cu.usbserial-576B0005451,"RX,302278,R33,TXB,N16,142,288893,E,0,0.87,0.84,5,U,-59,9.25"
RX,302457,R33,TXG,N91,34,289079,G,0,0.93,0.9,5.0,U,-54.0,9.75,True,,2026-07-05T22:51:15.255+00:00,/dev/cu.usbserial-576B0005451,"RX,302457,R33,TXG,N91,34,289079,G,0,0.93,0.90,5,U,-54,9.75"
RX,302758,R33,TXE,N61,140,289379,A,1,0.75,0.72,5.0,U,-48.0,9.75,True,,2026-07-05T22:51:15.555+00:00,/dev/cu.usbserial-576B0005451,"RX,302758,R33,TXE,N61,140,289379,A,1,0.75,0.72,5,U,-48,9.75"
RX,303011,R33,TXA,N01,287,289627,H,0,0.32,0.3,5.0,F,-44.0,9.25,True,,2026-07-05T22:51:15.808+00:00,/dev/cu.usbserial-576B0005451,"RX,303011,R33,TXA,N01,287,289627,H,0,0.32,0.30,5,F,-44,9.25"
RX,303509,R33,TXF,N76,71,290131,G,1,0.93,0.9,5.0,U,-53.0,9.75,True,,2026-07-05T22:51:16.306+00:00,/dev/cu.usbserial-576B0005451,"RX,303509,R33,TXF,N76,71,290131,G,1,0.93,0.90,5,U,-53,9.75"
RX,303763,R33,TXC,N31,70,290381,E,0,0.87,0.84,5.0,U,-43.0,9.25,True,,2026-07-05T22:51:16.560+00:00,/dev/cu.usbserial-576B0005451,"RX,303763,R33,TXC,N31,70,290381,E,0,0.87,0.84,5,U,-43,9.25"
RX,304011,R33,TXA,N01,288,290627,A,1,0.75,0.72,5.0,F,-44.0,9.5,True,,2026-07-05T22:51:16.808+00:00,/dev/cu.usbserial-576B0005451,"RX,304011,R33,TXA,N01,288,290627,A,1,0.75,0.72,5,F,-44,9.50"
RX,304278,R33,TXB,N16,143,290893,G,1,0.93,0.9,5.0,U,-58.0,9.75,True,,2026-07-05T22:51:17.075+00:00,/dev/cu.usbserial-576B0005451,"RX,304278,R33,TXB,N16,143,290893,G,1,0.93,0.90,5,U,-58,9.75"
RX,304758,R33,TXE,N61,141,291379,C,1,0.81,0.78,5.0,U,-47.0,9.5,True,,2026-07-05T22:51:17.555+00:00,/dev/cu.usbserial-576B0005451,"RX,304758,R33,TXE,N61,141,291379,C,1,0.81,0.78,5,U,-47,9.50"
RX,305011,R33,TXA,N01,289,291627,B,1,0.2,0.18,5.0,F,-44.0,9.25,True,,2026-07-05T22:51:17.809+00:00,/dev/cu.usbserial-576B0005451,"RX,305011,R33,TXA,N01,289,291627,B,1,0.20,0.18,5,F,-44,9.25"
RX,305763,R33,TXC,N31,71,292381,G,1,0.93,0.9,5.0,U,-42.0,9.75,True,,2026-07-05T22:51:18.560+00:00,/dev/cu.usbserial-576B0005451,"RX,305763,R33,TXC,N31,71,292381,G,1,0.93,0.90,5,U,-42,9.75"
RX,306011,R33,TXA,N01,290,292627,C,0,0.81,0.78,5.0,F,-44.0,9.5,True,,2026-07-05T22:51:18.809+00:00,/dev/cu.usbserial-576B0005451,"RX,306011,R33,TXA,N01,290,292627,C,0,0.81,0.78,5,F,-44,9.50"
RX,306278,R33,TXB,N16,144,292893,A,1,0.75,0.72,5.0,U,-59.0,9.25,True,,2026-07-05T22:51:19.075+00:00,/dev/cu.usbserial-576B0005451,"RX,306278,R33,TXB,N16,144,292893,A,1,0.75,0.72,5,U,-59,9.25"
RX,306758,R33,TXE,N61,142,293379,E,0,0.87,0.84,5.0,U,-48.0,9.25,True,,2026-07-05T22:51:19.555+00:00,/dev/cu.usbserial-576B0005451,"RX,306758,R33,TXE,N61,142,293379,E,0,0.87,0.84,5,U,-48,9.25"
RX,307011,R33,TXA,N01,291,293627,D,1,0.24,0.22,5.0,F,-43.0,9.75,True,,2026-07-05T22:51:19.809+00:00,/dev/cu.usbserial-576B0005451,"RX,307011,R33,TXA,N01,291,293627,D,1,0.24,0.22,5,F,-43,9.75"
RX,308011,R33,TXA,N01,292,294627,E,1,0.87,0.84,5.0,F,-44.0,10.0,True,,2026-07-05T22:51:20.808+00:00,/dev/cu.usbserial-576B0005451,"RX,308011,R33,TXA,N01,292,294627,E,1,0.87,0.84,5,F,-44,10.00"
RX,308278,R33,TXB,N16,145,294893,C,0,0.81,0.78,5.0,U,-58.0,9.5,True,,2026-07-05T22:51:21.075+00:00,/dev/cu.usbserial-576B0005451,"RX,308278,R33,TXB,N16,145,294893,C,0,0.81,0.78,5,U,-58,9.50"
RX,308758,R33,TXE,N61,143,295379,G,1,0.93,0.9,5.0,U,-49.0,9.5,True,,2026-07-05T22:51:21.555+00:00,/dev/cu.usbserial-576B0005451,"RX,308758,R33,TXE,N61,143,295379,G,1,0.93,0.90,5,U,-49,9.50"
RX,309011,R33,TXA,N01,293,295627,F,0,0.28,0.26,5.0,F,-44.0,9.5,True,,2026-07-05T22:51:21.809+00:00,/dev/cu.usbserial-576B0005451,"RX,309011,R33,TXA,N01,293,295627,F,0,0.28,0.26,5,F,-44,9.50"
RX,309509,R33,TXF,N76,72,296131,E,1,0.87,0.84,5.0,U,-53.0,10.0,True,,2026-07-05T22:51:22.306+00:00,/dev/cu.usbserial-576B0005451,"RX,309509,R33,TXF,N76,72,296131,E,1,0.87,0.84,5,U,-53,10.00"
RX,309913,R33,TXD,N46,36,296530,G,1,0.93,0.9,5.0,U,-47.0,9.75,True,,2026-07-05T22:51:22.710+00:00,/dev/cu.usbserial-576B0005451,"RX,309913,R33,TXD,N46,36,296530,G,1,0.93,0.90,5,U,-47,9.75"
RX,310011,R33,TXA,N01,294,296627,G,1,0.93,0.9,5.0,F,-44.0,9.5,True,,2026-07-05T22:51:22.808+00:00,/dev/cu.usbserial-576B0005451,"RX,310011,R33,TXA,N01,294,296627,G,1,0.93,0.90,5,F,-44,9.50"
RX,310278,R33,TXB,N16,146,296893,E,1,0.87,0.84,5.0,U,-58.0,9.75,True,,2026-07-05T22:51:23.075+00:00,/dev/cu.usbserial-576B0005451,"RX,310278,R33,TXB,N16,146,296893,E,1,0.87,0.84,5,U,-58,9.75"
RX,310457,R33,TXG,N91,35,297079,G,1,0.93,0.9,5.0,U,-55.0,9.75,True,,2026-07-05T22:51:23.254+00:00,/dev/cu.usbserial-576B0005451,"RX,310457,R33,TXG,N91,35,297079,G,1,0.93,0.90,5,U,-55,9.75"
RX,310758,R33,TXE,N61,144,297379,A,1,0.75,0.72,5.0,U,-48.0,9.5,True,,2026-07-05T22:51:23.555+00:00,/dev/cu.usbserial-576B0005451,"RX,310758,R33,TXE,N61,144,297379,A,1,0.75,0.72,5,U,-48,9.50"
RX,311011,R33,TXA,N01,295,297627,H,1,0.32,0.3,5.0,F,-43.0,9.5,True,,2026-07-05T22:51:23.808+00:00,/dev/cu.usbserial-576B0005451,"RX,311011,R33,TXA,N01,295,297627,H,1,0.32,0.30,5,F,-43,9.50"
RX,311509,R33,TXF,N76,73,298131,G,1,0.93,0.9,5.0,U,-52.0,9.75,True,,2026-07-05T22:51:24.306+00:00,/dev/cu.usbserial-576B0005451,"RX,311509,R33,TXF,N76,73,298131,G,1,0.93,0.90,5,U,-52,9.75"
RX,311763,R33,TXC,N31,72,298381,E,1,0.87,0.84,5.0,U,-41.0,9.5,True,,2026-07-05T22:51:24.560+00:00,/dev/cu.usbserial-576B0005451,"RX,311763,R33,TXC,N31,72,298381,E,1,0.87,0.84,5,U,-41,9.50"
RX,312011,R33,TXA,N01,296,298627,A,0,0.75,0.72,5.0,F,-43.0,9.75,True,,2026-07-05T22:51:24.808+00:00,/dev/cu.usbserial-576B0005451,"RX,312011,R33,TXA,N01,296,298627,A,0,0.75,0.72,5,F,-43,9.75"
RX,312278,R33,TXB,N16,147,298893,G,1,0.93,0.9,5.0,U,-59.0,9.75,True,,2026-07-05T22:51:25.075+00:00,/dev/cu.usbserial-576B0005451,"RX,312278,R33,TXB,N16,147,298893,G,1,0.93,0.90,5,U,-59,9.75"
RX,312758,R33,TXE,N61,145,299379,C,0,0.81,0.78,5.0,U,-49.0,9.25,True,,2026-07-05T22:51:25.555+00:00,/dev/cu.usbserial-576B0005451,"RX,312758,R33,TXE,N61,145,299379,C,0,0.81,0.78,5,U,-49,9.25"
RX,313011,R33,TXA,N01,297,299627,B,1,0.2,0.18,5.0,F,-44.0,9.5,True,,2026-07-05T22:51:25.808+00:00,/dev/cu.usbserial-576B0005451,"RX,313011,R33,TXA,N01,297,299627,B,1,0.20,0.18,5,F,-44,9.50"
RX,313763,R33,TXC,N31,73,300381,G,1,0.93,0.9,5.0,U,-41.0,10.0,True,,2026-07-05T22:51:26.560+00:00,/dev/cu.usbserial-576B0005451,"RX,313763,R33,TXC,N31,73,300381,G,1,0.93,0.90,5,U,-41,10.00"
RX,314011,R33,TXA,N01,298,300627,C,1,0.81,0.78,5.0,F,-43.0,9.75,True,,2026-07-05T22:51:26.808+00:00,/dev/cu.usbserial-576B0005451,"RX,314011,R33,TXA,N01,298,300627,C,1,0.81,0.78,5,F,-43,9.75"
RX,314278,R33,TXB,N16,148,300893,A,0,0.75,0.72,5.0,U,-58.0,9.5,True,,2026-07-05T22:51:27.075+00:00,/dev/cu.usbserial-576B0005451,"RX,314278,R33,TXB,N16,148,300893,A,0,0.75,0.72,5,U,-58,9.50"
RX,314758,R33,TXE,N61,146,301379,E,1,0.87,0.84,5.0,U,-48.0,9.25,True,,2026-07-05T22:51:27.555+00:00,/dev/cu.usbserial-576B0005451,"RX,314758,R33,TXE,N61,146,301379,E,1,0.87,0.84,5,U,-48,9.25"
RX,315011,R33,TXA,N01,299,301627,D,0,0.24,0.22,5.0,F,-43.0,10.0,True,,2026-07-05T22:51:27.808+00:00,/dev/cu.usbserial-576B0005451,"RX,315011,R33,TXA,N01,299,301627,D,0,0.24,0.22,5,F,-43,10.00"
RX,316011,R33,TXA,N01,300,302627,E,1,0.87,0.84,5.0,F,-44.0,9.0,True,,2026-07-05T22:51:28.808+00:00,/dev/cu.usbserial-576B0005451,"RX,316011,R33,TXA,N01,300,302627,E,1,0.87,0.84,5,F,-44,9.00"
RX,316278,R33,TXB,N16,149,302893,C,1,0.81,0.78,5.0,U,-59.0,9.5,True,,2026-07-05T22:51:29.075+00:00,/dev/cu.usbserial-576B0005451,"RX,316278,R33,TXB,N16,149,302893,C,1,0.81,0.78,5,U,-59,9.50"
RX,316758,R33,TXE,N61,147,303379,G,1,0.93,0.9,5.0,U,-48.0,9.5,True,,2026-07-05T22:51:29.555+00:00,/dev/cu.usbserial-576B0005451,"RX,316758,R33,TXE,N61,147,303379,G,1,0.93,0.90,5,U,-48,9.50"
RX,317011,R33,TXA,N01,301,303627,F,1,0.28,0.26,5.0,F,-43.0,9.5,True,,2026-07-05T22:51:29.808+00:00,/dev/cu.usbserial-576B0005451,"RX,317011,R33,TXA,N01,301,303627,F,1,0.28,0.26,5,F,-43,9.50"
RX,317509,R33,TXF,N76,74,304131,E,1,0.87,0.84,5.0,U,-52.0,9.5,True,,2026-07-05T22:51:30.306+00:00,/dev/cu.usbserial-576B0005451,"RX,317509,R33,TXF,N76,74,304131,E,1,0.87,0.84,5,U,-52,9.50"
RX,317913,R33,TXD,N46,37,304530,G,0,0.93,0.9,5.0,U,-49.0,9.25,True,,2026-07-05T22:51:30.711+00:00,/dev/cu.usbserial-576B0005451,"RX,317913,R33,TXD,N46,37,304530,G,0,0.93,0.90,5,U,-49,9.25"
RX,318011,R33,TXA,N01,302,304627,G,0,0.93,0.9,5.0,F,-44.0,9.5,True,,2026-07-05T22:51:30.809+00:00,/dev/cu.usbserial-576B0005451,"RX,318011,R33,TXA,N01,302,304627,G,0,0.93,0.90,5,F,-44,9.50"
RX,318278,R33,TXB,N16,150,304893,E,1,0.87,0.84,5.0,U,-59.0,11.75,True,,2026-07-05T22:51:31.076+00:00,/dev/cu.usbserial-576B0005451,"RX,318278,R33,TXB,N16,150,304893,E,1,0.87,0.84,5,U,-59,11.75"
RX,318457,R33,TXG,N91,36,305079,G,1,0.93,0.9,5.0,U,-55.0,10.0,True,,2026-07-05T22:51:31.255+00:00,/dev/cu.usbserial-576B0005451,"RX,318457,R33,TXG,N91,36,305079,G,1,0.93,0.90,5,U,-55,10.00"
RX,318758,R33,TXE,N61,148,305379,A,0,0.75,0.72,5.0,U,-49.0,9.25,True,,2026-07-05T22:51:31.556+00:00,/dev/cu.usbserial-576B0005451,"RX,318758,R33,TXE,N61,148,305379,A,0,0.75,0.72,5,U,-49,9.25"
RX,319011,R33,TXA,N01,303,305627,H,1,0.32,0.3,5.0,F,-43.0,9.5,True,,2026-07-05T22:51:31.809+00:00,/dev/cu.usbserial-576B0005451,"RX,319011,R33,TXA,N01,303,305627,H,1,0.32,0.30,5,F,-43,9.50"
RX,319509,R33,TXF,N76,75,306131,G,0,0.93,0.9,5.0,U,-51.0,10.0,True,,2026-07-05T22:51:32.306+00:00,/dev/cu.usbserial-576B0005451,"RX,319509,R33,TXF,N76,75,306131,G,0,0.93,0.90,5,U,-51,10.00"
RX,319763,R33,TXC,N31,74,306381,E,1,0.87,0.84,5.0,U,-42.0,9.75,True,,2026-07-05T22:51:32.560+00:00,/dev/cu.usbserial-576B0005451,"RX,319763,R33,TXC,N31,74,306381,E,1,0.87,0.84,5,U,-42,9.75"
RX,320011,R33,TXA,N01,304,306627,A,1,0.75,0.72,5.0,F,-43.0,10.0,True,,2026-07-05T22:51:32.809+00:00,/dev/cu.usbserial-576B0005451,"RX,320011,R33,TXA,N01,304,306627,A,1,0.75,0.72,5,F,-43,10.00"
RX,320278,R33,TXB,N16,151,306893,G,0,0.93,0.9,5.0,U,-58.0,9.5,True,,2026-07-05T22:51:33.076+00:00,/dev/cu.usbserial-576B0005451,"RX,320278,R33,TXB,N16,151,306893,G,0,0.93,0.90,5,U,-58,9.50"
RX,320758,R33,TXE,N61,149,307379,C,1,0.81,0.78,5.0,U,-49.0,9.25,True,,2026-07-05T22:51:33.555+00:00,/dev/cu.usbserial-576B0005451,"RX,320758,R33,TXE,N61,149,307379,C,1,0.81,0.78,5,U,-49,9.25"
RX,321011,R33,TXA,N01,305,307627,B,0,0.2,0.18,5.0,F,-42.0,9.25,True,,2026-07-05T22:51:33.809+00:00,/dev/cu.usbserial-576B0005451,"RX,321011,R33,TXA,N01,305,307627,B,0,0.20,0.18,5,F,-42,9.25"
RX,321763,R33,TXC,N31,75,308381,G,0,0.93,0.9,5.0,U,-41.0,9.5,True,,2026-07-05T22:51:34.560+00:00,/dev/cu.usbserial-576B0005451,"RX,321763,R33,TXC,N31,75,308381,G,0,0.93,0.90,5,U,-41,9.50"
RX,322011,R33,TXA,N01,306,308627,C,1,0.81,0.78,5.0,F,-43.0,9.25,True,,2026-07-05T22:51:34.809+00:00,/dev/cu.usbserial-576B0005451,"RX,322011,R33,TXA,N01,306,308627,C,1,0.81,0.78,5,F,-43,9.25"
RX,322278,R33,TXB,N16,152,308893,A,1,0.75,0.72,5.0,U,-58.0,9.25,True,,2026-07-05T22:51:35.076+00:00,/dev/cu.usbserial-576B0005451,"RX,322278,R33,TXB,N16,152,308893,A,1,0.75,0.72,5,U,-58,9.25"
RX,322758,R33,TXE,N61,150,309379,E,1,0.87,0.84,5.0,U,-49.0,9.5,True,,2026-07-05T22:51:35.558+00:00,/dev/cu.usbserial-576B0005451,"RX,322758,R33,TXE,N61,150,309379,E,1,0.87,0.84,5,U,-49,9.50"
RX,323011,R33,TXA,N01,307,309627,D,1,0.24,0.22,5.0,F,-44.0,9.5,True,,2026-07-05T22:51:35.809+00:00,/dev/cu.usbserial-576B0005451,"RX,323011,R33,TXA,N01,307,309627,D,1,0.24,0.22,5,F,-44,9.50"
RX,324011,R33,TXA,N01,308,310627,E,0,0.87,0.84,5.0,F,-44.0,9.25,True,,2026-07-05T22:51:36.809+00:00,/dev/cu.usbserial-576B0005451,"RX,324011,R33,TXA,N01,308,310627,E,0,0.87,0.84,5,F,-44,9.25"
RX,324278,R33,TXB,N16,153,310893,C,1,0.81,0.78,5.0,U,-59.0,9.25,True,,2026-07-05T22:51:37.076+00:00,/dev/cu.usbserial-576B0005451,"RX,324278,R33,TXB,N16,153,310893,C,1,0.81,0.78,5,U,-59,9.25"
RX,324758,R33,TXE,N61,151,311379,G,0,0.93,0.9,5.0,U,-49.0,9.75,True,,2026-07-05T22:51:37.556+00:00,/dev/cu.usbserial-576B0005451,"RX,324758,R33,TXE,N61,151,311379,G,0,0.93,0.90,5,U,-49,9.75"
RX,325011,R33,TXA,N01,309,311627,F,1,0.28,0.26,5.0,F,-43.0,9.5,True,,2026-07-05T22:51:37.809+00:00,/dev/cu.usbserial-576B0005451,"RX,325011,R33,TXA,N01,309,311627,F,1,0.28,0.26,5,F,-43,9.50"
RX,325509,R33,TXF,N76,76,312131,E,0,0.87,0.84,5.0,U,-53.0,9.5,True,,2026-07-05T22:51:38.306+00:00,/dev/cu.usbserial-576B0005451,"RX,325509,R33,TXF,N76,76,312131,E,0,0.87,0.84,5,U,-53,9.50"
RX,325913,R33,TXD,N46,38,312530,G,1,0.93,0.9,5.0,U,-48.0,10.0,True,,2026-07-05T22:51:38.711+00:00,/dev/cu.usbserial-576B0005451,"RX,325913,R33,TXD,N46,38,312530,G,1,0.93,0.90,5,U,-48,10.00"
RX,326011,R33,TXA,N01,310,312627,G,1,0.93,0.9,5.0,F,-43.0,9.75,True,,2026-07-05T22:51:38.809+00:00,/dev/cu.usbserial-576B0005451,"RX,326011,R33,TXA,N01,310,312627,G,1,0.93,0.90,5,F,-43,9.75"
RX,326278,R33,TXB,N16,154,312893,E,0,0.87,0.84,5.0,U,-59.0,9.5,True,,2026-07-05T22:51:39.076+00:00,/dev/cu.usbserial-576B0005451,"RX,326278,R33,TXB,N16,154,312893,E,0,0.87,0.84,5,U,-59,9.50"
RX,326457,R33,TXG,N91,37,313079,G,0,0.93,0.9,5.0,U,-55.0,9.25,True,,2026-07-05T22:51:39.255+00:00,/dev/cu.usbserial-576B0005451,"RX,326457,R33,TXG,N91,37,313079,G,0,0.93,0.90,5,U,-55,9.25"
RX,326758,R33,TXE,N61,152,313379,A,1,0.75,0.72,5.0,U,-48.0,9.25,True,,2026-07-05T22:51:39.556+00:00,/dev/cu.usbserial-576B0005451,"RX,326758,R33,TXE,N61,152,313379,A,1,0.75,0.72,5,U,-48,9.25"
RX,327011,R33,TXA,N01,311,313627,H,0,0.32,0.3,5.0,F,-44.0,9.5,True,,2026-07-05T22:51:39.809+00:00,/dev/cu.usbserial-576B0005451,"RX,327011,R33,TXA,N01,311,313627,H,0,0.32,0.30,5,F,-44,9.50"
RX,327509,R33,TXF,N76,77,314131,G,1,0.93,0.9,5.0,U,-53.0,9.75,True,,2026-07-05T22:51:40.306+00:00,/dev/cu.usbserial-576B0005451,"RX,327509,R33,TXF,N76,77,314131,G,1,0.93,0.90,5,U,-53,9.75"
RX,327763,R33,TXC,N31,76,314381,E,0,0.87,0.84,5.0,U,-42.0,9.5,True,,2026-07-05T22:51:40.561+00:00,/dev/cu.usbserial-576B0005451,"RX,327763,R33,TXC,N31,76,314381,E,0,0.87,0.84,5,U,-42,9.50"
RX,328011,R33,TXA,N01,312,314627,A,1,0.75,0.72,5.0,F,-43.0,10.0,True,,2026-07-05T22:51:40.809+00:00,/dev/cu.usbserial-576B0005451,"RX,328011,R33,TXA,N01,312,314627,A,1,0.75,0.72,5,F,-43,10.00"
RX,328278,R33,TXB,N16,155,314893,G,1,0.93,0.9,5.0,U,-59.0,9.25,True,,2026-07-05T22:51:41.076+00:00,/dev/cu.usbserial-576B0005451,"RX,328278,R33,TXB,N16,155,314893,G,1,0.93,0.90,5,U,-59,9.25"
RX,328758,R33,TXE,N61,153,315379,C,1,0.81,0.78,5.0,U,-48.0,9.25,True,,2026-07-05T22:51:41.556+00:00,/dev/cu.usbserial-576B0005451,"RX,328758,R33,TXE,N61,153,315379,C,1,0.81,0.78,5,U,-48,9.25"
RX,329011,R33,TXA,N01,313,315627,B,1,0.2,0.18,5.0,F,-44.0,9.25,True,,2026-07-05T22:51:41.809+00:00,/dev/cu.usbserial-576B0005451,"RX,329011,R33,TXA,N01,313,315627,B,1,0.20,0.18,5,F,-44,9.25"
RX,329763,R33,TXC,N31,77,316381,G,1,0.93,0.9,5.0,U,-42.0,9.25,True,,2026-07-05T22:51:42.560+00:00,/dev/cu.usbserial-576B0005451,"RX,329763,R33,TXC,N31,77,316381,G,1,0.93,0.90,5,U,-42,9.25"
RX,330011,R33,TXA,N01,314,316627,C,0,0.81,0.78,5.0,F,-43.0,10.0,True,,2026-07-05T22:51:42.809+00:00,/dev/cu.usbserial-576B0005451,"RX,330011,R33,TXA,N01,314,316627,C,0,0.81,0.78,5,F,-43,10.00"
RX,330278,R33,TXB,N16,156,316893,A,1,0.75,0.72,5.0,U,-59.0,9.5,True,,2026-07-05T22:51:43.075+00:00,/dev/cu.usbserial-576B0005451,"RX,330278,R33,TXB,N16,156,316893,A,1,0.75,0.72,5,U,-59,9.50"
RX,330758,R33,TXE,N61,154,317379,E,0,0.87,0.84,5.0,U,-48.0,9.0,True,,2026-07-05T22:51:43.555+00:00,/dev/cu.usbserial-576B0005451,"RX,330758,R33,TXE,N61,154,317379,E,0,0.87,0.84,5,U,-48,9.00"
RX,331011,R33,TXA,N01,315,317627,D,1,0.24,0.22,5.0,F,-43.0,9.75,True,,2026-07-05T22:51:43.808+00:00,/dev/cu.usbserial-576B0005451,"RX,331011,R33,TXA,N01,315,317627,D,1,0.24,0.22,5,F,-43,9.75"
RX,332011,R33,TXA,N01,316,318627,E,1,0.87,0.84,5.0,F,-43.0,9.75,True,,2026-07-05T22:51:44.809+00:00,/dev/cu.usbserial-576B0005451,"RX,332011,R33,TXA,N01,316,318627,E,1,0.87,0.84,5,F,-43,9.75"
RX,332278,R33,TXB,N16,157,318893,C,0,0.81,0.78,5.0,U,-59.0,9.5,True,,2026-07-05T22:51:45.076+00:00,/dev/cu.usbserial-576B0005451,"RX,332278,R33,TXB,N16,157,318893,C,0,0.81,0.78,5,U,-59,9.50"
RX,332758,R33,TXE,N61,155,319379,G,1,0.93,0.9,5.0,U,-48.0,9.25,True,,2026-07-05T22:51:45.556+00:00,/dev/cu.usbserial-576B0005451,"RX,332758,R33,TXE,N61,155,319379,G,1,0.93,0.90,5,U,-48,9.25"
RX,333011,R33,TXA,N01,317,319627,F,0,0.28,0.26,5.0,F,-43.0,9.5,True,,2026-07-05T22:51:45.809+00:00,/dev/cu.usbserial-576B0005451,"RX,333011,R33,TXA,N01,317,319627,F,0,0.28,0.26,5,F,-43,9.50"
RX,333509,R33,TXF,N76,78,320131,E,1,0.87,0.84,5.0,U,-52.0,10.0,True,,2026-07-05T22:51:46.307+00:00,/dev/cu.usbserial-576B0005451,"RX,333509,R33,TXF,N76,78,320131,E,1,0.87,0.84,5,U,-52,10.00"
RX,333913,R33,TXD,N46,39,320530,G,1,0.93,0.9,5.0,U,-47.0,10.25,True,,2026-07-05T22:51:46.711+00:00,/dev/cu.usbserial-576B0005451,"RX,333913,R33,TXD,N46,39,320530,G,1,0.93,0.90,5,U,-47,10.25"
RX,334011,R33,TXA,N01,318,320627,G,1,0.93,0.9,5.0,F,-43.0,9.75,True,,2026-07-05T22:51:46.809+00:00,/dev/cu.usbserial-576B0005451,"RX,334011,R33,TXA,N01,318,320627,G,1,0.93,0.90,5,F,-43,9.75"
RX,334278,R33,TXB,N16,158,320893,E,1,0.87,0.84,5.0,U,-59.0,9.5,True,,2026-07-05T22:51:47.076+00:00,/dev/cu.usbserial-576B0005451,"RX,334278,R33,TXB,N16,158,320893,E,1,0.87,0.84,5,U,-59,9.50"
RX,334457,R33,TXG,N91,38,321079,G,1,0.93,0.9,5.0,U,-53.0,9.75,True,,2026-07-05T22:51:47.255+00:00,/dev/cu.usbserial-576B0005451,"RX,334457,R33,TXG,N91,38,321079,G,1,0.93,0.90,5,U,-53,9.75"
RX,334758,R33,TXE,N61,156,321379,A,1,0.75,0.72,5.0,U,-48.0,9.25,True,,2026-07-05T22:51:47.556+00:00,/dev/cu.usbserial-576B0005451,"RX,334758,R33,TXE,N61,156,321379,A,1,0.75,0.72,5,U,-48,9.25"
RX,335011,R33,TXA,N01,319,321627,H,1,0.32,0.3,5.0,F,-43.0,9.75,True,,2026-07-05T22:51:47.809+00:00,/dev/cu.usbserial-576B0005451,"RX,335011,R33,TXA,N01,319,321627,H,1,0.32,0.30,5,F,-43,9.75"
RX,335509,R33,TXF,N76,79,322131,G,1,0.93,0.9,5.0,U,-53.0,9.75,True,,2026-07-05T22:51:48.306+00:00,/dev/cu.usbserial-576B0005451,"RX,335509,R33,TXF,N76,79,322131,G,1,0.93,0.90,5,U,-53,9.75"
RX,335763,R33,TXC,N31,78,322381,E,1,0.87,0.84,5.0,U,-42.0,9.75,True,,2026-07-05T22:51:48.561+00:00,/dev/cu.usbserial-576B0005451,"RX,335763,R33,TXC,N31,78,322381,E,1,0.87,0.84,5,U,-42,9.75"
RX,336011,R33,TXA,N01,320,322627,A,1,0.75,0.72,5.0,F,-43.0,10.25,True,,2026-07-05T22:51:48.809+00:00,/dev/cu.usbserial-576B0005451,"RX,336011,R33,TXA,N01,320,322627,A,1,0.75,0.72,5,F,-43,10.25"
RX,336278,R33,TXB,N16,159,322893,G,1,0.93,0.9,5.0,U,-59.0,9.5,True,,2026-07-05T22:51:49.076+00:00,/dev/cu.usbserial-576B0005451,"RX,336278,R33,TXB,N16,159,322893,G,1,0.93,0.90,5,U,-59,9.50"
RX,336758,R33,TXE,N61,157,323379,C,0,0.81,0.78,5.0,U,-48.0,9.25,True,,2026-07-05T22:51:49.556+00:00,/dev/cu.usbserial-576B0005451,"RX,336758,R33,TXE,N61,157,323379,C,0,0.81,0.78,5,U,-48,9.25"
RX,337011,R33,TXA,N01,321,323627,B,0,0.2,0.18,5.0,F,-43.0,9.75,True,,2026-07-05T22:51:49.809+00:00,/dev/cu.usbserial-576B0005451,"RX,337011,R33,TXA,N01,321,323627,B,0,0.20,0.18,5,F,-43,9.75"
RX,337763,R33,TXC,N31,79,324381,G,1,0.93,0.9,5.0,U,-42.0,9.5,True,,2026-07-05T22:51:50.561+00:00,/dev/cu.usbserial-576B0005451,"RX,337763,R33,TXC,N31,79,324381,G,1,0.93,0.90,5,U,-42,9.50"
RX,338011,R33,TXA,N01,322,324627,C,1,0.81,0.78,5.0,F,-44.0,9.25,True,,2026-07-05T22:51:50.809+00:00,/dev/cu.usbserial-576B0005451,"RX,338011,R33,TXA,N01,322,324627,C,1,0.81,0.78,5,F,-44,9.25"
RX,338278,R33,TXB,N16,160,324893,A,1,0.75,0.72,5.0,U,-59.0,9.25,True,,2026-07-05T22:51:51.076+00:00,/dev/cu.usbserial-576B0005451,"RX,338278,R33,TXB,N16,160,324893,A,1,0.75,0.72,5,U,-59,9.25"
RX,338758,R33,TXE,N61,158,325379,E,1,0.87,0.84,5.0,U,-48.0,9.25,True,,2026-07-05T22:51:51.556+00:00,/dev/cu.usbserial-576B0005451,"RX,338758,R33,TXE,N61,158,325379,E,1,0.87,0.84,5,U,-48,9.25"
RX,339011,R33,TXA,N01,323,325627,D,1,0.24,0.22,5.0,F,-44.0,9.75,True,,2026-07-05T22:51:51.809+00:00,/dev/cu.usbserial-576B0005451,"RX,339011,R33,TXA,N01,323,325627,D,1,0.24,0.22,5,F,-44,9.75"
RX,340011,R33,TXA,N01,324,326627,E,0,0.87,0.84,5.0,F,-44.0,9.5,True,,2026-07-05T22:51:52.809+00:00,/dev/cu.usbserial-576B0005451,"RX,340011,R33,TXA,N01,324,326627,E,0,0.87,0.84,5,F,-44,9.50"
RX,340278,R33,TXB,N16,161,326893,C,1,0.81,0.78,5.0,U,-58.0,9.25,True,,2026-07-05T22:51:53.076+00:00,/dev/cu.usbserial-576B0005451,"RX,340278,R33,TXB,N16,161,326893,C,1,0.81,0.78,5,U,-58,9.25"
RX,340758,R33,TXE,N61,159,327379,G,1,0.93,0.9,5.0,U,-48.0,9.25,True,,2026-07-05T22:51:53.556+00:00,/dev/cu.usbserial-576B0005451,"RX,340758,R33,TXE,N61,159,327379,G,1,0.93,0.90,5,U,-48,9.25"
RX,341011,R33,TXA,N01,325,327627,F,1,0.28,0.26,5.0,F,-44.0,9.5,True,,2026-07-05T22:51:53.809+00:00,/dev/cu.usbserial-576B0005451,"RX,341011,R33,TXA,N01,325,327627,F,1,0.28,0.26,5,F,-44,9.50"
RX,341120,R33,TXH,N106,20,327742,G,1,0.93,0.9,5.0,U,-53.0,9.0,True,,2026-07-05T22:51:53.918+00:00,/dev/cu.usbserial-576B0005451,"RX,341120,R33,TXH,N106,20,327742,G,1,0.93,0.90,5,U,-53,9.00"
RX,341509,R33,TXF,N76,80,328131,E,0,0.87,0.84,5.0,U,-54.0,9.5,True,,2026-07-05T22:51:54.307+00:00,/dev/cu.usbserial-576B0005451,"RX,341509,R33,TXF,N76,80,328131,E,0,0.87,0.84,5,U,-54,9.50"
RX,341913,R33,TXD,N46,40,328530,G,1,0.93,0.9,5.0,U,-47.0,9.25,True,,2026-07-05T22:51:54.711+00:00,/dev/cu.usbserial-576B0005451,"RX,341913,R33,TXD,N46,40,328530,G,1,0.93,0.90,5,U,-47,9.25"
RX,342011,R33,TXA,N01,326,328627,G,1,0.93,0.9,5.0,F,-44.0,9.75,True,,2026-07-05T22:51:54.809+00:00,/dev/cu.usbserial-576B0005451,"RX,342011,R33,TXA,N01,326,328627,G,1,0.93,0.90,5,F,-44,9.75"
RX,342278,R33,TXB,N16,162,328893,E,0,0.87,0.84,5.0,U,-58.0,9.5,True,,2026-07-05T22:51:55.076+00:00,/dev/cu.usbserial-576B0005451,"RX,342278,R33,TXB,N16,162,328893,E,0,0.87,0.84,5,U,-58,9.50"
RX,342457,R33,TXG,N91,39,329079,G,1,0.93,0.9,5.0,U,-54.0,9.25,True,,2026-07-05T22:51:55.256+00:00,/dev/cu.usbserial-576B0005451,"RX,342457,R33,TXG,N91,39,329079,G,1,0.93,0.90,5,U,-54,9.25"
RX,342758,R33,TXE,N61,160,329379,A,1,0.75,0.72,5.0,U,-48.0,9.75,True,,2026-07-05T22:51:55.556+00:00,/dev/cu.usbserial-576B0005451,"RX,342758,R33,TXE,N61,160,329379,A,1,0.75,0.72,5,U,-48,9.75"
RX,343011,R33,TXA,N01,327,329627,H,0,0.32,0.3,5.0,F,-43.0,9.75,True,,2026-07-05T22:51:55.809+00:00,/dev/cu.usbserial-576B0005451,"RX,343011,R33,TXA,N01,327,329627,H,0,0.32,0.30,5,F,-43,9.75"
RX,343509,R33,TXF,N76,81,330131,G,1,0.93,0.9,5.0,U,-54.0,9.75,True,,2026-07-05T22:51:56.306+00:00,/dev/cu.usbserial-576B0005451,"RX,343509,R33,TXF,N76,81,330131,G,1,0.93,0.90,5,U,-54,9.75"
RX,343763,R33,TXC,N31,80,330381,E,0,0.87,0.84,5.0,U,-41.0,10.25,True,,2026-07-05T22:51:56.562+00:00,/dev/cu.usbserial-576B0005451,"RX,343763,R33,TXC,N31,80,330381,E,0,0.87,0.84,5,U,-41,10.25"
RX,344011,R33,TXA,N01,328,330627,A,1,0.75,0.72,5.0,F,-43.0,9.75,True,,2026-07-05T22:51:56.809+00:00,/dev/cu.usbserial-576B0005451,"RX,344011,R33,TXA,N01,328,330627,A,1,0.75,0.72,5,F,-43,9.75"
RX,344278,R33,TXB,N16,163,330893,G,1,0.93,0.9,5.0,U,-58.0,9.75,True,,2026-07-05T22:51:57.076+00:00,/dev/cu.usbserial-576B0005451,"RX,344278,R33,TXB,N16,163,330893,G,1,0.93,0.90,5,U,-58,9.75"
RX,344758,R33,TXE,N61,161,331379,C,1,0.81,0.78,5.0,U,-53.0,9.25,True,,2026-07-05T22:51:57.556+00:00,/dev/cu.usbserial-576B0005451,"RX,344758,R33,TXE,N61,161,331379,C,1,0.81,0.78,5,U,-53,9.25"
RX,345011,R33,TXA,N01,329,331627,B,1,0.2,0.18,5.0,F,-43.0,9.75,True,,2026-07-05T22:51:57.809+00:00,/dev/cu.usbserial-576B0005451,"RX,345011,R33,TXA,N01,329,331627,B,1,0.20,0.18,5,F,-43,9.75"
RX,345763,R33,TXC,N31,81,332381,G,1,0.93,0.9,5.0,U,-41.0,10.0,True,,2026-07-05T22:51:58.561+00:00,/dev/cu.usbserial-576B0005451,"RX,345763,R33,TXC,N31,81,332381,G,1,0.93,0.90,5,U,-41,10.00"
RX,346011,R33,TXA,N01,330,332627,C,0,0.81,0.78,5.0,F,-43.0,10.0,True,,2026-07-05T22:51:58.810+00:00,/dev/cu.usbserial-576B0005451,"RX,346011,R33,TXA,N01,330,332627,C,0,0.81,0.78,5,F,-43,10.00"
RX,346278,R33,TXB,N16,164,332893,A,1,0.75,0.72,5.0,U,-58.0,9.75,True,,2026-07-05T22:51:59.076+00:00,/dev/cu.usbserial-576B0005451,"RX,346278,R33,TXB,N16,164,332893,A,1,0.75,0.72,5,U,-58,9.75"
RX,346758,R33,TXE,N61,162,333379,E,0,0.87,0.84,5.0,U,-51.0,9.75,True,,2026-07-05T22:51:59.556+00:00,/dev/cu.usbserial-576B0005451,"RX,346758,R33,TXE,N61,162,333379,E,0,0.87,0.84,5,U,-51,9.75"
RX,347011,R33,TXA,N01,331,333627,D,1,0.24,0.22,5.0,F,-43.0,10.0,True,,2026-07-05T22:51:59.809+00:00,/dev/cu.usbserial-576B0005451,"RX,347011,R33,TXA,N01,331,333627,D,1,0.24,0.22,5,F,-43,10.00"
RX,348011,R33,TXA,N01,332,334627,E,1,0.87,0.84,5.0,F,-43.0,9.5,True,,2026-07-05T22:52:00.809+00:00,/dev/cu.usbserial-576B0005451,"RX,348011,R33,TXA,N01,332,334627,E,1,0.87,0.84,5,F,-43,9.50"
RX,348278,R33,TXB,N16,165,334893,C,0,0.81,0.78,5.0,U,-57.0,9.5,True,,2026-07-05T22:52:01.076+00:00,/dev/cu.usbserial-576B0005451,"RX,348278,R33,TXB,N16,165,334893,C,0,0.81,0.78,5,U,-57,9.50"
RX,348758,R33,TXE,N61,163,335379,G,1,0.93,0.9,5.0,U,-52.0,10.0,True,,2026-07-05T22:52:01.556+00:00,/dev/cu.usbserial-576B0005451,"RX,348758,R33,TXE,N61,163,335379,G,1,0.93,0.90,5,U,-52,10.00"
RX,349011,R33,TXA,N01,333,335627,F,0,0.28,0.26,5.0,F,-44.0,9.25,True,,2026-07-05T22:52:01.810+00:00,/dev/cu.usbserial-576B0005451,"RX,349011,R33,TXA,N01,333,335627,F,0,0.28,0.26,5,F,-44,9.25"
RX,349120,R33,TXH,N106,21,335742,G,1,0.93,0.9,5.0,U,-53.0,9.5,True,,2026-07-05T22:52:01.918+00:00,/dev/cu.usbserial-576B0005451,"RX,349120,R33,TXH,N106,21,335742,G,1,0.93,0.90,5,U,-53,9.50"
RX,349509,R33,TXF,N76,82,336131,E,1,0.87,0.84,5.0,U,-54.0,9.25,True,,2026-07-05T22:52:02.307+00:00,/dev/cu.usbserial-576B0005451,"RX,349509,R33,TXF,N76,82,336131,E,1,0.87,0.84,5,U,-54,9.25"
RX,349913,R33,TXD,N46,41,336530,G,1,0.93,0.9,5.0,U,-48.0,9.75,True,,2026-07-05T22:52:02.711+00:00,/dev/cu.usbserial-576B0005451,"RX,349913,R33,TXD,N46,41,336530,G,1,0.93,0.90,5,U,-48,9.75"
RX,350011,R33,TXA,N01,334,336627,G,1,0.93,0.9,5.0,F,-43.0,9.5,True,,2026-07-05T22:52:02.810+00:00,/dev/cu.usbserial-576B0005451,"RX,350011,R33,TXA,N01,334,336627,G,1,0.93,0.90,5,F,-43,9.50"
RX,350278,R33,TXB,N16,166,336893,E,1,0.87,0.84,5.0,U,-57.0,9.75,True,,2026-07-05T22:52:03.076+00:00,/dev/cu.usbserial-576B0005451,"RX,350278,R33,TXB,N16,166,336893,E,1,0.87,0.84,5,U,-57,9.75"
RX,350457,R33,TXG,N91,40,337079,G,1,0.93,0.9,5.0,U,-52.0,9.75,True,,2026-07-05T22:52:03.256+00:00,/dev/cu.usbserial-576B0005451,"RX,350457,R33,TXG,N91,40,337079,G,1,0.93,0.90,5,U,-52,9.75"
RX,350758,R33,TXE,N61,164,337379,A,1,0.75,0.72,5.0,U,-52.0,10.25,True,,2026-07-05T22:52:03.556+00:00,/dev/cu.usbserial-576B0005451,"RX,350758,R33,TXE,N61,164,337379,A,1,0.75,0.72,5,U,-52,10.25"
RX,351011,R33,TXA,N01,335,337627,H,1,0.32,0.3,5.0,F,-43.0,9.75,True,,2026-07-05T22:52:03.810+00:00,/dev/cu.usbserial-576B0005451,"RX,351011,R33,TXA,N01,335,337627,H,1,0.32,0.30,5,F,-43,9.75"
RX,351509,R33,TXF,N76,83,338131,G,1,0.93,0.9,5.0,U,-54.0,9.25,True,,2026-07-05T22:52:04.307+00:00,/dev/cu.usbserial-576B0005451,"RX,351509,R33,TXF,N76,83,338131,G,1,0.93,0.90,5,U,-54,9.25"
RX,351763,R33,TXC,N31,82,338381,E,1,0.87,0.84,5.0,U,-41.0,10.0,True,,2026-07-05T22:52:04.561+00:00,/dev/cu.usbserial-576B0005451,"RX,351763,R33,TXC,N31,82,338381,E,1,0.87,0.84,5,U,-41,10.00"
RX,352011,R33,TXA,N01,336,338627,A,0,0.75,0.72,5.0,F,-43.0,9.5,True,,2026-07-05T22:52:04.810+00:00,/dev/cu.usbserial-576B0005451,"RX,352011,R33,TXA,N01,336,338627,A,0,0.75,0.72,5,F,-43,9.50"
RX,352278,R33,TXB,N16,167,338893,G,1,0.93,0.9,5.0,U,-58.0,9.75,True,,2026-07-05T22:52:05.077+00:00,/dev/cu.usbserial-576B0005451,"RX,352278,R33,TXB,N16,167,338893,G,1,0.93,0.90,5,U,-58,9.75"
RX,352758,R33,TXE,N61,165,339379,C,0,0.81,0.78,5.0,U,-51.0,9.75,True,,2026-07-05T22:52:05.556+00:00,/dev/cu.usbserial-576B0005451,"RX,352758,R33,TXE,N61,165,339379,C,0,0.81,0.78,5,U,-51,9.75"
RX,353011,R33,TXA,N01,337,339627,B,1,0.2,0.18,5.0,F,-44.0,9.25,True,,2026-07-05T22:52:05.810+00:00,/dev/cu.usbserial-576B0005451,"RX,353011,R33,TXA,N01,337,339627,B,1,0.20,0.18,5,F,-44,9.25"
RX,353763,R33,TXC,N31,83,340381,G,1,0.93,0.9,5.0,U,-41.0,10.0,True,,2026-07-05T22:52:06.561+00:00,/dev/cu.usbserial-576B0005451,"RX,353763,R33,TXC,N31,83,340381,G,1,0.93,0.90,5,U,-41,10.00"
RX,354011,R33,TXA,N01,338,340627,C,1,0.81,0.78,5.0,F,-43.0,9.5,True,,2026-07-05T22:52:06.810+00:00,/dev/cu.usbserial-576B0005451,"RX,354011,R33,TXA,N01,338,340627,C,1,0.81,0.78,5,F,-43,9.50"
RX,354278,R33,TXB,N16,168,340893,A,0,0.75,0.72,5.0,U,-57.0,10.25,True,,2026-07-05T22:52:07.077+00:00,/dev/cu.usbserial-576B0005451,"RX,354278,R33,TXB,N16,168,340893,A,0,0.75,0.72,5,U,-57,10.25"
RX,354758,R33,TXE,N61,166,341379,E,1,0.87,0.84,5.0,U,-52.0,10.0,True,,2026-07-05T22:52:07.557+00:00,/dev/cu.usbserial-576B0005451,"RX,354758,R33,TXE,N61,166,341379,E,1,0.87,0.84,5,U,-52,10.00"
RX,355011,R33,TXA,N01,339,341627,D,0,0.24,0.22,5.0,F,-43.0,9.75,True,,2026-07-05T22:52:07.810+00:00,/dev/cu.usbserial-576B0005451,"RX,355011,R33,TXA,N01,339,341627,D,0,0.24,0.22,5,F,-43,9.75"
RX,356011,R33,TXA,N01,340,342627,E,1,0.87,0.84,5.0,F,-44.0,10.0,True,,2026-07-05T22:52:08.810+00:00,/dev/cu.usbserial-576B0005451,"RX,356011,R33,TXA,N01,340,342627,E,1,0.87,0.84,5,F,-44,10.00"
RX,356278,R33,TXB,N16,169,342893,C,1,0.81,0.78,5.0,U,-57.0,10.0,True,,2026-07-05T22:52:09.077+00:00,/dev/cu.usbserial-576B0005451,"RX,356278,R33,TXB,N16,169,342893,C,1,0.81,0.78,5,U,-57,10.00"
RX,356758,R33,TXE,N61,167,343379,G,1,0.93,0.9,5.0,U,-51.0,9.75,True,,2026-07-05T22:52:09.557+00:00,/dev/cu.usbserial-576B0005451,"RX,356758,R33,TXE,N61,167,343379,G,1,0.93,0.90,5,U,-51,9.75"
RX,357011,R33,TXA,N01,341,343627,F,1,0.28,0.26,5.0,F,-43.0,9.75,True,,2026-07-05T22:52:09.810+00:00,/dev/cu.usbserial-576B0005451,"RX,357011,R33,TXA,N01,341,343627,F,1,0.28,0.26,5,F,-43,9.75"
RX,357120,R33,TXH,N106,22,343742,G,0,0.93,0.9,5.0,U,-53.0,9.75,True,,2026-07-05T22:52:09.918+00:00,/dev/cu.usbserial-576B0005451,"RX,357120,R33,TXH,N106,22,343742,G,0,0.93,0.90,5,U,-53,9.75"
RX,357509,R33,TXF,N76,84,344131,E,1,0.87,0.84,5.0,U,-54.0,9.75,True,,2026-07-05T22:52:10.307+00:00,/dev/cu.usbserial-576B0005451,"RX,357509,R33,TXF,N76,84,344131,E,1,0.87,0.84,5,U,-54,9.75"
RX,357913,R33,TXD,N46,42,344530,G,0,0.93,0.9,5.0,U,-48.0,9.25,True,,2026-07-05T22:52:10.711+00:00,/dev/cu.usbserial-576B0005451,"RX,357913,R33,TXD,N46,42,344530,G,0,0.93,0.90,5,U,-48,9.25"
RX,358011,R33,TXA,N01,342,344627,G,0,0.93,0.9,5.0,F,-44.0,10.0,True,,2026-07-05T22:52:10.810+00:00,/dev/cu.usbserial-576B0005451,"RX,358011,R33,TXA,N01,342,344627,G,0,0.93,0.90,5,F,-44,10.00"
RX,358278,R33,TXB,N16,170,344893,E,1,0.87,0.84,5.0,U,-58.0,10.0,True,,2026-07-05T22:52:11.077+00:00,/dev/cu.usbserial-576B0005451,"RX,358278,R33,TXB,N16,170,344893,E,1,0.87,0.84,5,U,-58,10.00"
RX,358457,R33,TXG,N91,41,345079,G,1,0.93,0.9,5.0,U,-52.0,12.0,True,,2026-07-05T22:52:11.256+00:00,/dev/cu.usbserial-576B0005451,"RX,358457,R33,TXG,N91,41,345079,G,1,0.93,0.90,5,U,-52,12.00"
RX,358758,R33,TXE,N61,168,345379,A,0,0.75,0.72,5.0,U,-50.0,10.0,True,,2026-07-05T22:52:11.556+00:00,/dev/cu.usbserial-576B0005451,"RX,358758,R33,TXE,N61,168,345379,A,0,0.75,0.72,5,U,-50,10.00"
RX,359011,R33,TXA,N01,343,345627,H,1,0.32,0.3,5.0,F,-43.0,10.0,True,,2026-07-05T22:52:11.810+00:00,/dev/cu.usbserial-576B0005451,"RX,359011,R33,TXA,N01,343,345627,H,1,0.32,0.30,5,F,-43,10.00"
RX,359509,R33,TXF,N76,85,346131,G,0,0.93,0.9,5.0,U,-54.0,9.25,True,,2026-07-05T22:52:12.307+00:00,/dev/cu.usbserial-576B0005451,"RX,359509,R33,TXF,N76,85,346131,G,0,0.93,0.90,5,U,-54,9.25"
RX,359762,R33,TXC,N31,84,346381,E,1,0.87,0.84,5.0,U,-41.0,9.75,True,,2026-07-05T22:52:12.561+00:00,/dev/cu.usbserial-576B0005451,"RX,359762,R33,TXC,N31,84,346381,E,1,0.87,0.84,5,U,-41,9.75"
RX,360011,R33,TXA,N01,344,346627,A,1,0.75,0.72,5.0,F,-44.0,9.5,True,,2026-07-05T22:52:12.810+00:00,/dev/cu.usbserial-576B0005451,"RX,360011,R33,TXA,N01,344,346627,A,1,0.75,0.72,5,F,-44,9.50"
RX,360278,R33,TXB,N16,171,346893,G,0,0.93,0.9,5.0,U,-57.0,9.5,True,,2026-07-05T22:52:13.077+00:00,/dev/cu.usbserial-576B0005451,"RX,360278,R33,TXB,N16,171,346893,G,0,0.93,0.90,5,U,-57,9.50"
RX,360758,R33,TXE,N61,169,347379,C,1,0.81,0.78,5.0,U,-51.0,9.75,True,,2026-07-05T22:52:13.557+00:00,/dev/cu.usbserial-576B0005451,"RX,360758,R33,TXE,N61,169,347379,C,1,0.81,0.78,5,U,-51,9.75"
RX,361011,R33,TXA,N01,345,347627,B,0,0.2,0.18,5.0,F,-42.0,9.5,True,,2026-07-05T22:52:13.810+00:00,/dev/cu.usbserial-576B0005451,"RX,361011,R33,TXA,N01,345,347627,B,0,0.20,0.18,5,F,-42,9.50"
RX,361762,R33,TXC,N31,85,348381,G,0,0.93,0.9,5.0,U,-41.0,10.25,True,,2026-07-05T22:52:14.561+00:00,/dev/cu.usbserial-576B0005451,"RX,361762,R33,TXC,N31,85,348381,G,0,0.93,0.90,5,U,-41,10.25"
RX,362011,R33,TXA,N01,346,348627,C,1,0.81,0.78,5.0,F,-44.0,9.5,True,,2026-07-05T22:52:14.810+00:00,/dev/cu.usbserial-576B0005451,"RX,362011,R33,TXA,N01,346,348627,C,1,0.81,0.78,5,F,-44,9.50"
RX,362278,R33,TXB,N16,172,348893,A,1,0.75,0.72,5.0,U,-58.0,9.5,True,,2026-07-05T22:52:15.077+00:00,/dev/cu.usbserial-576B0005451,"RX,362278,R33,TXB,N16,172,348893,A,1,0.75,0.72,5,U,-58,9.50"
RX,362758,R33,TXE,N61,170,349379,E,1,0.87,0.84,5.0,U,-51.0,9.5,True,,2026-07-05T22:52:15.556+00:00,/dev/cu.usbserial-576B0005451,"RX,362758,R33,TXE,N61,170,349379,E,1,0.87,0.84,5,U,-51,9.50"
RX,363011,R33,TXA,N01,347,349627,D,1,0.24,0.22,5.0,F,-44.0,9.75,True,,2026-07-05T22:52:15.810+00:00,/dev/cu.usbserial-576B0005451,"RX,363011,R33,TXA,N01,347,349627,D,1,0.24,0.22,5,F,-44,9.75"
RX,364011,R33,TXA,N01,348,350627,E,0,0.87,0.84,5.0,F,-43.0,9.25,True,,2026-07-05T22:52:16.809+00:00,/dev/cu.usbserial-576B0005451,"RX,364011,R33,TXA,N01,348,350627,E,0,0.87,0.84,5,F,-43,9.25"
RX,364278,R33,TXB,N16,173,350893,C,1,0.81,0.78,5.0,U,-57.0,9.75,True,,2026-07-05T22:52:17.076+00:00,/dev/cu.usbserial-576B0005451,"RX,364278,R33,TXB,N16,173,350893,C,1,0.81,0.78,5,U,-57,9.75"
RX,364758,R33,TXE,N61,171,351379,G,0,0.93,0.9,5.0,U,-47.0,9.5,True,,2026-07-05T22:52:17.558+00:00,/dev/cu.usbserial-576B0005451,"RX,364758,R33,TXE,N61,171,351379,G,0,0.93,0.90,5,U,-47,9.50"
RX,365011,R33,TXA,N01,349,351627,F,1,0.28,0.26,5.0,F,-42.0,9.75,True,,2026-07-05T22:52:17.810+00:00,/dev/cu.usbserial-576B0005451,"RX,365011,R33,TXA,N01,349,351627,F,1,0.28,0.26,5,F,-42,9.75"
RX,365120,R33,TXH,N106,23,351742,G,1,0.93,0.9,5.0,U,-51.0,9.5,True,,2026-07-05T22:52:17.918+00:00,/dev/cu.usbserial-576B0005451,"RX,365120,R33,TXH,N106,23,351742,G,1,0.93,0.90,5,U,-51,9.50"
RX,365509,R33,TXF,N76,86,352131,E,0,0.87,0.84,5.0,U,-49.0,9.75,True,,2026-07-05T22:52:18.307+00:00,/dev/cu.usbserial-576B0005451,"RX,365509,R33,TXF,N76,86,352131,E,0,0.87,0.84,5,U,-49,9.75"
RX,365913,R33,TXD,N46,43,352530,G,1,0.93,0.9,5.0,U,-51.0,9.5,True,,2026-07-05T22:52:18.711+00:00,/dev/cu.usbserial-576B0005451,"RX,365913,R33,TXD,N46,43,352530,G,1,0.93,0.90,5,U,-51,9.50"
RX,366011,R33,TXA,N01,350,352627,G,1,0.93,0.9,5.0,F,-42.0,9.75,True,,2026-07-05T22:52:18.810+00:00,/dev/cu.usbserial-576B0005451,"RX,366011,R33,TXA,N01,350,352627,G,1,0.93,0.90,5,F,-42,9.75"
RX,366278,R33,TXB,N16,174,352893,E,0,0.87,0.84,5.0,U,-57.0,9.75,True,,2026-07-05T22:52:19.077+00:00,/dev/cu.usbserial-576B0005451,"RX,366278,R33,TXB,N16,174,352893,E,0,0.87,0.84,5,U,-57,9.75"
RX,366457,R33,TXG,N91,42,353079,G,0,0.93,0.9,5.0,U,-52.0,10.5,True,,2026-07-05T22:52:19.256+00:00,/dev/cu.usbserial-576B0005451,"RX,366457,R33,TXG,N91,42,353079,G,0,0.93,0.90,5,U,-52,10.50"
RX,366758,R33,TXE,N61,172,353379,A,1,0.75,0.72,5.0,U,-52.0,9.75,True,,2026-07-05T22:52:19.556+00:00,/dev/cu.usbserial-576B0005451,"RX,366758,R33,TXE,N61,172,353379,A,1,0.75,0.72,5,U,-52,9.75"
RX,367011,R33,TXA,N01,351,353627,H,0,0.32,0.3,5.0,F,-42.0,9.25,True,,2026-07-05T22:52:19.810+00:00,/dev/cu.usbserial-576B0005451,"RX,367011,R33,TXA,N01,351,353627,H,0,0.32,0.30,5,F,-42,9.25"
RX,367509,R33,TXF,N76,87,354131,G,1,0.93,0.9,5.0,U,-50.0,9.75,True,,2026-07-05T22:52:20.307+00:00,/dev/cu.usbserial-576B0005451,"RX,367509,R33,TXF,N76,87,354131,G,1,0.93,0.90,5,U,-50,9.75"
RX,367762,R33,TXC,N31,86,354381,E,0,0.87,0.84,5.0,U,-43.0,9.5,True,,2026-07-05T22:52:20.561+00:00,/dev/cu.usbserial-576B0005451,"RX,367762,R33,TXC,N31,86,354381,E,0,0.87,0.84,5,U,-43,9.50"
RX,368011,R33,TXA,N01,352,354627,A,1,0.75,0.72,5.0,F,-44.0,9.75,True,,2026-07-05T22:52:20.810+00:00,/dev/cu.usbserial-576B0005451,"RX,368011,R33,TXA,N01,352,354627,A,1,0.75,0.72,5,F,-44,9.75"
RX,368278,R33,TXB,N16,175,354893,G,1,0.93,0.9,5.0,U,-58.0,9.75,True,,2026-07-05T22:52:21.077+00:00,/dev/cu.usbserial-576B0005451,"RX,368278,R33,TXB,N16,175,354893,G,1,0.93,0.90,5,U,-58,9.75"
RX,368758,R33,TXE,N61,173,355379,C,1,0.81,0.78,5.0,U,-55.0,9.25,True,,2026-07-05T22:52:21.557+00:00,/dev/cu.usbserial-576B0005451,"RX,368758,R33,TXE,N61,173,355379,C,1,0.81,0.78,5,U,-55,9.25"
RX,369011,R33,TXA,N01,353,355627,B,1,0.2,0.18,5.0,F,-43.0,9.25,True,,2026-07-05T22:52:21.810+00:00,/dev/cu.usbserial-576B0005451,"RX,369011,R33,TXA,N01,353,355627,B,1,0.20,0.18,5,F,-43,9.25"
RX,369762,R33,TXC,N31,87,356381,G,1,0.93,0.9,5.0,U,-41.0,9.75,True,,2026-07-05T22:52:22.561+00:00,/dev/cu.usbserial-576B0005451,"RX,369762,R33,TXC,N31,87,356381,G,1,0.93,0.90,5,U,-41,9.75"
RX,370011,R33,TXA,N01,354,356627,C,0,0.81,0.78,5.0,F,-43.0,9.5,True,,2026-07-05T22:52:22.810+00:00,/dev/cu.usbserial-576B0005451,"RX,370011,R33,TXA,N01,354,356627,C,0,0.81,0.78,5,F,-43,9.50"
RX,370278,R33,TXB,N16,176,356893,A,1,0.75,0.72,5.0,U,-57.0,9.25,True,,2026-07-05T22:52:23.077+00:00,/dev/cu.usbserial-576B0005451,"RX,370278,R33,TXB,N16,176,356893,A,1,0.75,0.72,5,U,-57,9.25"
RX,370758,R33,TXE,N61,174,357379,E,0,0.87,0.84,5.0,U,-54.0,9.5,True,,2026-07-05T22:52:23.556+00:00,/dev/cu.usbserial-576B0005451,"RX,370758,R33,TXE,N61,174,357379,E,0,0.87,0.84,5,U,-54,9.50"
RX,371011,R33,TXA,N01,355,357627,D,1,0.24,0.22,5.0,F,-43.0,9.5,True,,2026-07-05T22:52:23.810+00:00,/dev/cu.usbserial-576B0005451,"RX,371011,R33,TXA,N01,355,357627,D,1,0.24,0.22,5,F,-43,9.50"
RX,372011,R33,TXA,N01,356,358627,E,1,0.87,0.84,5.0,F,-44.0,9.25,True,,2026-07-05T22:52:24.810+00:00,/dev/cu.usbserial-576B0005451,"RX,372011,R33,TXA,N01,356,358627,E,1,0.87,0.84,5,F,-44,9.25"
RX,372278,R33,TXB,N16,177,358893,C,0,0.81,0.78,5.0,U,-58.0,10.0,True,,2026-07-05T22:52:25.076+00:00,/dev/cu.usbserial-576B0005451,"RX,372278,R33,TXB,N16,177,358893,C,0,0.81,0.78,5,U,-58,10.00"
RX,372758,R33,TXE,N61,175,359379,G,1,0.93,0.9,5.0,U,-53.0,9.25,True,,2026-07-05T22:52:25.556+00:00,/dev/cu.usbserial-576B0005451,"RX,372758,R33,TXE,N61,175,359379,G,1,0.93,0.90,5,U,-53,9.25"
RX,373011,R33,TXA,N01,357,359627,F,0,0.28,0.26,5.0,F,-43.0,9.0,True,,2026-07-05T22:52:25.810+00:00,/dev/cu.usbserial-576B0005451,"RX,373011,R33,TXA,N01,357,359627,F,0,0.28,0.26,5,F,-43,9.00"
RX,373509,R33,TXF,N76,88,360131,E,1,0.87,0.84,5.0,U,-53.0,9.5,True,,2026-07-05T22:52:26.307+00:00,/dev/cu.usbserial-576B0005451,"RX,373509,R33,TXF,N76,88,360131,E,1,0.87,0.84,5,U,-53,9.50"
RX,373913,R33,TXD,N46,44,360530,G,1,0.93,0.9,5.0,U,-46.0,9.25,True,,2026-07-05T22:52:26.712+00:00,/dev/cu.usbserial-576B0005451,"RX,373913,R33,TXD,N46,44,360530,G,1,0.93,0.90,5,U,-46,9.25"
RX,374011,R33,TXA,N01,358,360627,G,1,0.93,0.9,5.0,F,-44.0,9.5,True,,2026-07-05T22:52:26.810+00:00,/dev/cu.usbserial-576B0005451,"RX,374011,R33,TXA,N01,358,360627,G,1,0.93,0.90,5,F,-44,9.50"
RX,374278,R33,TXB,N16,178,360893,E,1,0.87,0.84,5.0,U,-58.0,9.75,True,,2026-07-05T22:52:27.077+00:00,/dev/cu.usbserial-576B0005451,"RX,374278,R33,TXB,N16,178,360893,E,1,0.87,0.84,5,U,-58,9.75"
RX,374457,R33,TXG,N91,43,361079,G,1,0.93,0.9,5.0,U,-53.0,9.5,True,,2026-07-05T22:52:27.256+00:00,/dev/cu.usbserial-576B0005451,"RX,374457,R33,TXG,N91,43,361079,G,1,0.93,0.90,5,U,-53,9.50"
RX,374758,R33,TXE,N61,176,361379,A,1,0.75,0.72,5.0,U,-54.0,9.75,True,,2026-07-05T22:52:27.557+00:00,/dev/cu.usbserial-576B0005451,"RX,374758,R33,TXE,N61,176,361379,A,1,0.75,0.72,5,U,-54,9.75"
RX,375011,R33,TXA,N01,359,361627,H,1,0.32,0.3,5.0,F,-42.0,9.5,True,,2026-07-05T22:52:27.810+00:00,/dev/cu.usbserial-576B0005451,"RX,375011,R33,TXA,N01,359,361627,H,1,0.32,0.30,5,F,-42,9.50"
RX,375509,R33,TXF,N76,89,362131,G,1,0.93,0.9,5.0,U,-52.0,10.25,True,,2026-07-05T22:52:28.307+00:00,/dev/cu.usbserial-576B0005451,"RX,375509,R33,TXF,N76,89,362131,G,1,0.93,0.90,5,U,-52,10.25"
RX,375762,R33,TXC,N31,88,362381,E,1,0.87,0.84,5.0,U,-42.0,9.75,True,,2026-07-05T22:52:28.561+00:00,/dev/cu.usbserial-576B0005451,"RX,375762,R33,TXC,N31,88,362381,E,1,0.87,0.84,5,U,-42,9.75"
RX,376011,R33,TXA,N01,360,362627,A,0,0.75,0.72,5.0,F,-42.0,9.5,True,,2026-07-05T22:52:28.810+00:00,/dev/cu.usbserial-576B0005451,"RX,376011,R33,TXA,N01,360,362627,A,0,0.75,0.72,5,F,-42,9.50"
RX,376278,R33,TXB,N16,179,362893,G,1,0.93,0.9,5.0,U,-57.0,9.5,True,,2026-07-05T22:52:29.077+00:00,/dev/cu.usbserial-576B0005451,"RX,376278,R33,TXB,N16,179,362893,G,1,0.93,0.90,5,U,-57,9.50"
RX,376758,R33,TXE,N61,177,363379,C,0,0.81,0.78,5.0,U,-52.0,9.75,True,,2026-07-05T22:52:29.557+00:00,/dev/cu.usbserial-576B0005451,"RX,376758,R33,TXE,N61,177,363379,C,0,0.81,0.78,5,U,-52,9.75"
RX,377011,R33,TXA,N01,361,363627,B,1,0.2,0.18,5.0,F,-43.0,9.25,True,,2026-07-05T22:52:29.810+00:00,/dev/cu.usbserial-576B0005451,"RX,377011,R33,TXA,N01,361,363627,B,1,0.20,0.18,5,F,-43,9.25"
RX,377762,R33,TXC,N31,89,364381,G,1,0.93,0.9,5.0,U,-42.0,9.75,True,,2026-07-05T22:52:30.561+00:00,/dev/cu.usbserial-576B0005451,"RX,377762,R33,TXC,N31,89,364381,G,1,0.93,0.90,5,U,-42,9.75"
RX,378011,R33,TXA,N01,362,364627,C,1,0.81,0.78,5.0,F,-43.0,9.25,True,,2026-07-05T22:52:30.810+00:00,/dev/cu.usbserial-576B0005451,"RX,378011,R33,TXA,N01,362,364627,C,1,0.81,0.78,5,F,-43,9.25"
RX,378278,R33,TXB,N16,180,364893,A,0,0.75,0.72,5.0,U,-57.0,9.75,True,,2026-07-05T22:52:31.077+00:00,/dev/cu.usbserial-576B0005451,"RX,378278,R33,TXB,N16,180,364893,A,0,0.75,0.72,5,U,-57,9.75"
RX,378758,R33,TXE,N61,178,365379,E,1,0.87,0.84,5.0,U,-51.0,9.75,True,,2026-07-05T22:52:31.557+00:00,/dev/cu.usbserial-576B0005451,"RX,378758,R33,TXE,N61,178,365379,E,1,0.87,0.84,5,U,-51,9.75"
RX,379011,R33,TXA,N01,363,365627,D,0,0.24,0.22,5.0,F,-43.0,9.25,True,,2026-07-05T22:52:31.810+00:00,/dev/cu.usbserial-576B0005451,"RX,379011,R33,TXA,N01,363,365627,D,0,0.24,0.22,5,F,-43,9.25"
RX,380011,R33,TXA,N01,364,366627,E,1,0.87,0.84,5.0,F,-44.0,10.0,True,,2026-07-05T22:52:32.810+00:00,/dev/cu.usbserial-576B0005451,"RX,380011,R33,TXA,N01,364,366627,E,1,0.87,0.84,5,F,-44,10.00"
RX,380278,R33,TXB,N16,181,366893,C,1,0.81,0.78,5.0,U,-58.0,10.0,True,,2026-07-05T22:52:33.077+00:00,/dev/cu.usbserial-576B0005451,"RX,380278,R33,TXB,N16,181,366893,C,1,0.81,0.78,5,U,-58,10.00"
RX,380758,R33,TXE,N61,179,367379,G,1,0.93,0.9,5.0,U,-47.0,9.25,True,,2026-07-05T22:52:33.556+00:00,/dev/cu.usbserial-576B0005451,"RX,380758,R33,TXE,N61,179,367379,G,1,0.93,0.90,5,U,-47,9.25"
RX,381011,R33,TXA,N01,365,367627,F,1,0.28,0.26,5.0,F,-43.0,9.75,True,,2026-07-05T22:52:33.810+00:00,/dev/cu.usbserial-576B0005451,"RX,381011,R33,TXA,N01,365,367627,F,1,0.28,0.26,5,F,-43,9.75"
RX,381509,R33,TXF,N76,90,368131,E,1,0.87,0.84,5.0,U,-50.0,10.25,True,,2026-07-05T22:52:34.307+00:00,/dev/cu.usbserial-576B0005451,"RX,381509,R33,TXF,N76,90,368131,E,1,0.87,0.84,5,U,-50,10.25"
RX,381913,R33,TXD,N46,45,368530,G,0,0.93,0.9,5.0,U,-48.0,9.25,True,,2026-07-05T22:52:34.711+00:00,/dev/cu.usbserial-576B0005451,"RX,381913,R33,TXD,N46,45,368530,G,0,0.93,0.90,5,U,-48,9.25"
RX,382011,R33,TXA,N01,366,368627,G,0,0.93,0.9,5.0,F,-43.0,9.75,True,,2026-07-05T22:52:34.810+00:00,/dev/cu.usbserial-576B0005451,"RX,382011,R33,TXA,N01,366,368627,G,0,0.93,0.90,5,F,-43,9.75"
RX,382278,R33,TXB,N16,182,368893,E,1,0.87,0.84,5.0,U,-58.0,9.25,True,,2026-07-05T22:52:35.076+00:00,/dev/cu.usbserial-576B0005451,"RX,382278,R33,TXB,N16,182,368893,E,1,0.87,0.84,5,U,-58,9.25"
RX,382457,R33,TXG,N91,44,369079,G,1,0.93,0.9,5.0,U,-52.0,10.0,True,,2026-07-05T22:52:35.256+00:00,/dev/cu.usbserial-576B0005451,"RX,382457,R33,TXG,N91,44,369079,G,1,0.93,0.90,5,U,-52,10.00"
RX,382758,R33,TXE,N61,180,369379,A,0,0.75,0.72,5.0,U,-48.0,9.75,True,,2026-07-05T22:52:35.557+00:00,/dev/cu.usbserial-576B0005451,"RX,382758,R33,TXE,N61,180,369379,A,0,0.75,0.72,5,U,-48,9.75"
RX,383011,R33,TXA,N01,367,369627,H,1,0.32,0.3,5.0,F,-42.0,9.75,True,,2026-07-05T22:52:35.810+00:00,/dev/cu.usbserial-576B0005451,"RX,383011,R33,TXA,N01,367,369627,H,1,0.32,0.30,5,F,-42,9.75"
RX,383509,R33,TXF,N76,91,370131,G,0,0.93,0.9,5.0,U,-51.0,9.75,True,,2026-07-05T22:52:36.307+00:00,/dev/cu.usbserial-576B0005451,"RX,383509,R33,TXF,N76,91,370131,G,0,0.93,0.90,5,U,-51,9.75"
RX,383762,R33,TXC,N31,90,370381,E,1,0.87,0.84,5.0,U,-43.0,9.0,True,,2026-07-05T22:52:36.561+00:00,/dev/cu.usbserial-576B0005451,"RX,383762,R33,TXC,N31,90,370381,E,1,0.87,0.84,5,U,-43,9.00"
RX,384011,R33,TXA,N01,368,370627,A,1,0.75,0.72,5.0,F,-42.0,9.25,True,,2026-07-05T22:52:36.810+00:00,/dev/cu.usbserial-576B0005451,"RX,384011,R33,TXA,N01,368,370627,A,1,0.75,0.72,5,F,-42,9.25"
RX,384278,R33,TXB,N16,183,370893,G,0,0.93,0.9,5.0,U,-57.0,9.75,True,,2026-07-05T22:52:37.077+00:00,/dev/cu.usbserial-576B0005451,"RX,384278,R33,TXB,N16,183,370893,G,0,0.93,0.90,5,U,-57,9.75"
RX,384758,R33,TXE,N61,181,371379,C,1,0.81,0.78,5.0,U,-51.0,9.5,True,,2026-07-05T22:52:37.557+00:00,/dev/cu.usbserial-576B0005451,"RX,384758,R33,TXE,N61,181,371379,C,1,0.81,0.78,5,U,-51,9.50"
RX,385011,R33,TXA,N01,369,371627,B,0,0.2,0.18,5.0,F,-42.0,9.5,True,,2026-07-05T22:52:37.810+00:00,/dev/cu.usbserial-576B0005451,"RX,385011,R33,TXA,N01,369,371627,B,0,0.20,0.18,5,F,-42,9.50"
RX,385762,R33,TXC,N31,91,372381,G,0,0.93,0.9,5.0,U,-41.0,10.0,True,,2026-07-05T22:52:38.561+00:00,/dev/cu.usbserial-576B0005451,"RX,385762,R33,TXC,N31,91,372381,G,0,0.93,0.90,5,U,-41,10.00"
RX,386011,R33,TXA,N01,370,372627,C,1,0.81,0.78,5.0,F,-43.0,9.5,True,,2026-07-05T22:52:38.811+00:00,/dev/cu.usbserial-576B0005451,"RX,386011,R33,TXA,N01,370,372627,C,1,0.81,0.78,5,F,-43,9.50"
RX,386278,R33,TXB,N16,184,372893,A,1,0.75,0.72,5.0,U,-57.0,10.0,True,,2026-07-05T22:52:39.077+00:00,/dev/cu.usbserial-576B0005451,"RX,386278,R33,TXB,N16,184,372893,A,1,0.75,0.72,5,U,-57,10.00"
RX,386758,R33,TXE,N61,182,373379,E,1,0.87,0.84,5.0,U,-49.0,9.75,True,,2026-07-05T22:52:39.557+00:00,/dev/cu.usbserial-576B0005451,"RX,386758,R33,TXE,N61,182,373379,E,1,0.87,0.84,5,U,-49,9.75"
RX,387011,R33,TXA,N01,371,373627,D,1,0.24,0.22,5.0,F,-43.0,9.5,True,,2026-07-05T22:52:39.810+00:00,/dev/cu.usbserial-576B0005451,"RX,387011,R33,TXA,N01,371,373627,D,1,0.24,0.22,5,F,-43,9.50"
RX,388011,R33,TXA,N01,372,374627,E,0,0.87,0.84,5.0,F,-43.0,9.25,True,,2026-07-05T22:52:40.810+00:00,/dev/cu.usbserial-576B0005451,"RX,388011,R33,TXA,N01,372,374627,E,0,0.87,0.84,5,F,-43,9.25"
RX,388278,R33,TXB,N16,185,374893,C,1,0.81,0.78,5.0,U,-57.0,9.5,True,,2026-07-05T22:52:41.077+00:00,/dev/cu.usbserial-576B0005451,"RX,388278,R33,TXB,N16,185,374893,C,1,0.81,0.78,5,U,-57,9.50"
RX,388758,R33,TXE,N61,183,375379,G,0,0.93,0.9,5.0,U,-49.0,9.75,True,,2026-07-05T22:52:41.557+00:00,/dev/cu.usbserial-576B0005451,"RX,388758,R33,TXE,N61,183,375379,G,0,0.93,0.90,5,U,-49,9.75"
RX,389011,R33,TXA,N01,373,375627,F,1,0.28,0.26,5.0,F,-43.0,9.25,True,,2026-07-05T22:52:41.811+00:00,/dev/cu.usbserial-576B0005451,"RX,389011,R33,TXA,N01,373,375627,F,1,0.28,0.26,5,F,-43,9.25"
RX,389509,R33,TXF,N76,92,376131,E,0,0.87,0.84,5.0,U,-55.0,9.75,True,,2026-07-05T22:52:42.308+00:00,/dev/cu.usbserial-576B0005451,"RX,389509,R33,TXF,N76,92,376131,E,0,0.87,0.84,5,U,-55,9.75"
RX,389913,R33,TXD,N46,46,376530,G,1,0.93,0.9,5.0,U,-47.0,9.5,True,,2026-07-05T22:52:42.712+00:00,/dev/cu.usbserial-576B0005451,"RX,389913,R33,TXD,N46,46,376530,G,1,0.93,0.90,5,U,-47,9.50"
RX,390011,R33,TXA,N01,374,376627,G,1,0.93,0.9,5.0,F,-43.0,9.5,True,,2026-07-05T22:52:42.810+00:00,/dev/cu.usbserial-576B0005451,"RX,390011,R33,TXA,N01,374,376627,G,1,0.93,0.90,5,F,-43,9.50"
RX,390278,R33,TXB,N16,186,376893,E,0,0.87,0.84,5.0,U,-57.0,9.25,True,,2026-07-05T22:52:43.077+00:00,/dev/cu.usbserial-576B0005451,"RX,390278,R33,TXB,N16,186,376893,E,0,0.87,0.84,5,U,-57,9.25"
RX,390457,R33,TXG,N91,45,377079,G,0,0.93,0.9,5.0,U,-53.0,9.5,True,,2026-07-05T22:52:43.256+00:00,/dev/cu.usbserial-576B0005451,"RX,390457,R33,TXG,N91,45,377079,G,0,0.93,0.90,5,U,-53,9.50"
RX,390758,R33,TXE,N61,184,377379,A,1,0.75,0.72,5.0,U,-49.0,9.75,True,,2026-07-05T22:52:43.557+00:00,/dev/cu.usbserial-576B0005451,"RX,390758,R33,TXE,N61,184,377379,A,1,0.75,0.72,5,U,-49,9.75"
RX,391011,R33,TXA,N01,375,377627,H,0,0.32,0.3,5.0,F,-43.0,9.25,True,,2026-07-05T22:52:43.811+00:00,/dev/cu.usbserial-576B0005451,"RX,391011,R33,TXA,N01,375,377627,H,0,0.32,0.30,5,F,-43,9.25"
RX,391509,R33,TXF,N76,93,378131,G,1,0.93,0.9,5.0,U,-55.0,9.5,True,,2026-07-05T22:52:44.308+00:00,/dev/cu.usbserial-576B0005451,"RX,391509,R33,TXF,N76,93,378131,G,1,0.93,0.90,5,U,-55,9.50"
RX,391762,R33,TXC,N31,92,378381,E,0,0.87,0.84,5.0,U,-41.0,9.75,True,,2026-07-05T22:52:44.562+00:00,/dev/cu.usbserial-576B0005451,"RX,391762,R33,TXC,N31,92,378381,E,0,0.87,0.84,5,U,-41,9.75"
RX,392011,R33,TXA,N01,376,378627,A,1,0.75,0.72,5.0,F,-42.0,9.25,True,,2026-07-05T22:52:44.810+00:00,/dev/cu.usbserial-576B0005451,"RX,392011,R33,TXA,N01,376,378627,A,1,0.75,0.72,5,F,-42,9.25"
RX,392278,R33,TXB,N16,187,378893,G,1,0.93,0.9,5.0,U,-57.0,10.0,True,,2026-07-05T22:52:45.077+00:00,/dev/cu.usbserial-576B0005451,"RX,392278,R33,TXB,N16,187,378893,G,1,0.93,0.90,5,U,-57,10.00"
RX,392758,R33,TXE,N61,185,379379,C,1,0.81,0.78,5.0,U,-49.0,9.25,True,,2026-07-05T22:52:45.557+00:00,/dev/cu.usbserial-576B0005451,"RX,392758,R33,TXE,N61,185,379379,C,1,0.81,0.78,5,U,-49,9.25"
RX,393011,R33,TXA,N01,377,379627,B,1,0.2,0.18,5.0,F,-43.0,9.25,True,,2026-07-05T22:52:45.811+00:00,/dev/cu.usbserial-576B0005451,"RX,393011,R33,TXA,N01,377,379627,B,1,0.20,0.18,5,F,-43,9.25"
RX,393762,R33,TXC,N31,93,380381,G,1,0.93,0.9,5.0,U,-41.0,9.75,True,,2026-07-05T22:52:46.561+00:00,/dev/cu.usbserial-576B0005451,"RX,393762,R33,TXC,N31,93,380381,G,1,0.93,0.90,5,U,-41,9.75"
RX,394011,R33,TXA,N01,378,380627,C,0,0.81,0.78,5.0,F,-43.0,9.5,True,,2026-07-05T22:52:46.811+00:00,/dev/cu.usbserial-576B0005451,"RX,394011,R33,TXA,N01,378,380627,C,0,0.81,0.78,5,F,-43,9.50"
RX,394278,R33,TXB,N16,188,380893,A,1,0.75,0.72,5.0,U,-57.0,9.75,True,,2026-07-05T22:52:47.077+00:00,/dev/cu.usbserial-576B0005451,"RX,394278,R33,TXB,N16,188,380893,A,1,0.75,0.72,5,U,-57,9.75"
RX,394758,R33,TXE,N61,186,381379,E,0,0.87,0.84,5.0,U,-49.0,9.5,True,,2026-07-05T22:52:47.557+00:00,/dev/cu.usbserial-576B0005451,"RX,394758,R33,TXE,N61,186,381379,E,0,0.87,0.84,5,U,-49,9.50"
RX,395011,R33,TXA,N01,379,381627,D,1,0.24,0.22,5.0,F,-43.0,9.5,True,,2026-07-05T22:52:47.811+00:00,/dev/cu.usbserial-576B0005451,"RX,395011,R33,TXA,N01,379,381627,D,1,0.24,0.22,5,F,-43,9.50"
RX,396011,R33,TXA,N01,380,382627,E,1,0.87,0.84,5.0,F,-43.0,9.75,True,,2026-07-05T22:52:48.811+00:00,/dev/cu.usbserial-576B0005451,"RX,396011,R33,TXA,N01,380,382627,E,1,0.87,0.84,5,F,-43,9.75"
RX,396278,R33,TXB,N16,189,382893,C,0,0.81,0.78,5.0,U,-57.0,9.75,True,,2026-07-05T22:52:49.077+00:00,/dev/cu.usbserial-576B0005451,"RX,396278,R33,TXB,N16,189,382893,C,0,0.81,0.78,5,U,-57,9.75"
RX,396758,R33,TXE,N61,187,383379,G,1,0.93,0.9,5.0,U,-49.0,9.5,True,,2026-07-05T22:52:49.557+00:00,/dev/cu.usbserial-576B0005451,"RX,396758,R33,TXE,N61,187,383379,G,1,0.93,0.90,5,U,-49,9.50"
RX,397011,R33,TXA,N01,381,383627,F,0,0.28,0.26,5.0,F,-43.0,9.25,True,,2026-07-05T22:52:49.810+00:00,/dev/cu.usbserial-576B0005451,"RX,397011,R33,TXA,N01,381,383627,F,0,0.28,0.26,5,F,-43,9.25"
RX,397509,R33,TXF,N76,94,384131,E,1,0.87,0.84,5.0,U,-55.0,9.5,True,,2026-07-05T22:52:50.307+00:00,/dev/cu.usbserial-576B0005451,"RX,397509,R33,TXF,N76,94,384131,E,1,0.87,0.84,5,U,-55,9.50"
RX,397913,R33,TXD,N46,47,384530,G,1,0.93,0.9,5.0,U,-46.0,10.0,True,,2026-07-05T22:52:50.713+00:00,/dev/cu.usbserial-576B0005451,"RX,397913,R33,TXD,N46,47,384530,G,1,0.93,0.90,5,U,-46,10.00"
RX,398011,R33,TXA,N01,382,384627,G,1,0.93,0.9,5.0,F,-43.0,9.75,True,,2026-07-05T22:52:50.810+00:00,/dev/cu.usbserial-576B0005451,"RX,398011,R33,TXA,N01,382,384627,G,1,0.93,0.90,5,F,-43,9.75"
RX,398278,R33,TXB,N16,190,384893,E,1,0.87,0.84,5.0,U,-57.0,10.0,True,,2026-07-05T22:52:51.078+00:00,/dev/cu.usbserial-576B0005451,"RX,398278,R33,TXB,N16,190,384893,E,1,0.87,0.84,5,U,-57,10.00"
RX,398457,R33,TXG,N91,46,385079,G,1,0.93,0.9,5.0,U,-54.0,9.75,True,,2026-07-05T22:52:51.257+00:00,/dev/cu.usbserial-576B0005451,"RX,398457,R33,TXG,N91,46,385079,G,1,0.93,0.90,5,U,-54,9.75"
RX,398758,R33,TXE,N61,188,385379,A,1,0.75,0.72,5.0,U,-54.0,9.75,True,,2026-07-05T22:52:51.558+00:00,/dev/cu.usbserial-576B0005451,"RX,398758,R33,TXE,N61,188,385379,A,1,0.75,0.72,5,U,-54,9.75"
RX,399011,R33,TXA,N01,383,385627,H,1,0.32,0.3,5.0,F,-42.0,9.5,True,,2026-07-05T22:52:51.811+00:00,/dev/cu.usbserial-576B0005451,"RX,399011,R33,TXA,N01,383,385627,H,1,0.32,0.30,5,F,-42,9.50"
RX,399509,R33,TXF,N76,95,386131,G,1,0.93,0.9,5.0,U,-55.0,9.5,True,,2026-07-05T22:52:52.308+00:00,/dev/cu.usbserial-576B0005451,"RX,399509,R33,TXF,N76,95,386131,G,1,0.93,0.90,5,U,-55,9.50"
RX,399762,R33,TXC,N31,94,386381,E,1,0.87,0.84,5.0,U,-41.0,9.5,True,,2026-07-05T22:52:52.562+00:00,/dev/cu.usbserial-576B0005451,"RX,399762,R33,TXC,N31,94,386381,E,1,0.87,0.84,5,U,-41,9.50"
RX,400011,R33,TXA,N01,384,386627,A,1,0.75,0.72,5.0,F,-42.0,8.75,True,,2026-07-05T22:52:52.811+00:00,/dev/cu.usbserial-576B0005451,"RX,400011,R33,TXA,N01,384,386627,A,1,0.75,0.72,5,F,-42,8.75"
RX,400278,R33,TXB,N16,191,386893,G,1,0.93,0.9,5.0,U,-57.0,9.75,True,,2026-07-05T22:52:53.078+00:00,/dev/cu.usbserial-576B0005451,"RX,400278,R33,TXB,N16,191,386893,G,1,0.93,0.90,5,U,-57,9.75"
RX,400758,R33,TXE,N61,189,387379,C,0,0.81,0.78,5.0,U,-50.0,9.75,True,,2026-07-05T22:52:53.557+00:00,/dev/cu.usbserial-576B0005451,"RX,400758,R33,TXE,N61,189,387379,C,0,0.81,0.78,5,U,-50,9.75"
RX,401011,R33,TXA,N01,385,387627,B,0,0.2,0.18,5.0,F,-43.0,9.0,True,,2026-07-05T22:52:53.811+00:00,/dev/cu.usbserial-576B0005451,"RX,401011,R33,TXA,N01,385,387627,B,0,0.20,0.18,5,F,-43,9.00"
RX,401762,R33,TXC,N31,95,388381,G,1,0.93,0.9,5.0,U,-41.0,9.5,True,,2026-07-05T22:52:54.562+00:00,/dev/cu.usbserial-576B0005451,"RX,401762,R33,TXC,N31,95,388381,G,1,0.93,0.90,5,U,-41,9.50"
RX,402011,R33,TXA,N01,386,388627,C,1,0.81,0.78,5.0,F,-43.0,9.5,True,,2026-07-05T22:52:54.811+00:00,/dev/cu.usbserial-576B0005451,"RX,402011,R33,TXA,N01,386,388627,C,1,0.81,0.78,5,F,-43,9.50"
RX,402278,R33,TXB,N16,192,388893,A,1,0.75,0.72,5.0,U,-57.0,10.0,True,,2026-07-05T22:52:55.078+00:00,/dev/cu.usbserial-576B0005451,"RX,402278,R33,TXB,N16,192,388893,A,1,0.75,0.72,5,U,-57,10.00"
RX,402758,R33,TXE,N61,190,389379,E,1,0.87,0.84,5.0,U,-50.0,9.25,True,,2026-07-05T22:52:55.557+00:00,/dev/cu.usbserial-576B0005451,"RX,402758,R33,TXE,N61,190,389379,E,1,0.87,0.84,5,U,-50,9.25"
RX,403011,R33,TXA,N01,387,389627,D,1,0.24,0.22,5.0,F,-43.0,9.5,True,,2026-07-05T22:52:55.811+00:00,/dev/cu.usbserial-576B0005451,"RX,403011,R33,TXA,N01,387,389627,D,1,0.24,0.22,5,F,-43,9.50"
RX,404011,R33,TXA,N01,388,390627,E,0,0.87,0.84,5.0,F,-43.0,9.25,True,,2026-07-05T22:52:56.811+00:00,/dev/cu.usbserial-576B0005451,"RX,404011,R33,TXA,N01,388,390627,E,0,0.87,0.84,5,F,-43,9.25"
RX,404278,R33,TXB,N16,193,390893,C,1,0.81,0.78,5.0,U,-57.0,9.75,True,,2026-07-05T22:52:57.078+00:00,/dev/cu.usbserial-576B0005451,"RX,404278,R33,TXB,N16,193,390893,C,1,0.81,0.78,5,U,-57,9.75"
RX,404758,R33,TXE,N61,191,391379,G,1,0.93,0.9,5.0,U,-50.0,9.25,True,,2026-07-05T22:52:57.558+00:00,/dev/cu.usbserial-576B0005451,"RX,404758,R33,TXE,N61,191,391379,G,1,0.93,0.90,5,U,-50,9.25"
RX,405011,R33,TXA,N01,389,391627,F,1,0.28,0.26,5.0,F,-43.0,9.0,True,,2026-07-05T22:52:57.811+00:00,/dev/cu.usbserial-576B0005451,"RX,405011,R33,TXA,N01,389,391627,F,1,0.28,0.26,5,F,-43,9.00"
RX,405120,R33,TXH,N106,24,391742,G,1,0.93,0.9,5.0,U,-55.0,9.75,True,,2026-07-05T22:52:57.920+00:00,/dev/cu.usbserial-576B0005451,"RX,405120,R33,TXH,N106,24,391742,G,1,0.93,0.90,5,U,-55,9.75"
RX,405509,R33,TXF,N76,96,392131,E,0,0.87,0.84,5.0,U,-55.0,9.5,True,,2026-07-05T22:52:58.307+00:00,/dev/cu.usbserial-576B0005451,"RX,405509,R33,TXF,N76,96,392131,E,0,0.87,0.84,5,U,-55,9.50"
RX,405913,R33,TXD,N46,48,392530,G,1,0.93,0.9,5.0,U,-47.0,10.0,True,,2026-07-05T22:52:58.712+00:00,/dev/cu.usbserial-576B0005451,"RX,405913,R33,TXD,N46,48,392530,G,1,0.93,0.90,5,U,-47,10.00"
RX,406011,R33,TXA,N01,390,392627,G,1,0.93,0.9,5.0,F,-43.0,9.5,True,,2026-07-05T22:52:58.811+00:00,/dev/cu.usbserial-576B0005451,"RX,406011,R33,TXA,N01,390,392627,G,1,0.93,0.90,5,F,-43,9.50"
RX,406278,R33,TXB,N16,194,392893,E,0,0.87,0.84,5.0,U,-57.0,9.75,True,,2026-07-05T22:52:59.078+00:00,/dev/cu.usbserial-576B0005451,"RX,406278,R33,TXB,N16,194,392893,E,0,0.87,0.84,5,U,-57,9.75"
RX,406457,R33,TXG,N91,47,393079,G,1,0.93,0.9,5.0,U,-54.0,9.25,True,,2026-07-05T22:52:59.257+00:00,/dev/cu.usbserial-576B0005451,"RX,406457,R33,TXG,N91,47,393079,G,1,0.93,0.90,5,U,-54,9.25"
RX,406758,R33,TXE,N61,192,393379,A,1,0.75,0.72,5.0,U,-49.0,9.75,True,,2026-07-05T22:52:59.557+00:00,/dev/cu.usbserial-576B0005451,"RX,406758,R33,TXE,N61,192,393379,A,1,0.75,0.72,5,U,-49,9.75"
RX,407011,R33,TXA,N01,391,393627,H,0,0.32,0.3,5.0,F,-43.0,9.5,True,,2026-07-05T22:52:59.811+00:00,/dev/cu.usbserial-576B0005451,"RX,407011,R33,TXA,N01,391,393627,H,0,0.32,0.30,5,F,-43,9.50"
RX,407509,R33,TXF,N76,97,394131,G,1,0.93,0.9,5.0,U,-55.0,10.0,True,,2026-07-05T22:53:00.308+00:00,/dev/cu.usbserial-576B0005451,"RX,407509,R33,TXF,N76,97,394131,G,1,0.93,0.90,5,U,-55,10.00"
RX,407762,R33,TXC,N31,96,394381,E,0,0.87,0.84,5.0,U,-41.0,10.25,True,,2026-07-05T22:53:00.562+00:00,/dev/cu.usbserial-576B0005451,"RX,407762,R33,TXC,N31,96,394381,E,0,0.87,0.84,5,U,-41,10.25"
RX,408011,R33,TXA,N01,392,394627,A,1,0.75,0.72,5.0,F,-43.0,9.75,True,,2026-07-05T22:53:00.811+00:00,/dev/cu.usbserial-576B0005451,"RX,408011,R33,TXA,N01,392,394627,A,1,0.75,0.72,5,F,-43,9.75"
RX,408278,R33,TXB,N16,195,394893,G,1,0.93,0.9,5.0,U,-57.0,10.0,True,,2026-07-05T22:53:01.078+00:00,/dev/cu.usbserial-576B0005451,"RX,408278,R33,TXB,N16,195,394893,G,1,0.93,0.90,5,U,-57,10.00"
RX,408758,R33,TXE,N61,193,395379,C,1,0.81,0.78,5.0,U,-49.0,9.5,True,,2026-07-05T22:53:01.557+00:00,/dev/cu.usbserial-576B0005451,"RX,408758,R33,TXE,N61,193,395379,C,1,0.81,0.78,5,U,-49,9.50"
RX,409011,R33,TXA,N01,393,395627,B,1,0.2,0.18,5.0,F,-43.0,9.25,True,,2026-07-05T22:53:01.811+00:00,/dev/cu.usbserial-576B0005451,"RX,409011,R33,TXA,N01,393,395627,B,1,0.20,0.18,5,F,-43,9.25"
RX,409762,R33,TXC,N31,97,396381,G,1,0.93,0.9,5.0,U,-41.0,9.75,True,,2026-07-05T22:53:02.564+00:00,/dev/cu.usbserial-576B0005451,"RX,409762,R33,TXC,N31,97,396381,G,1,0.93,0.90,5,U,-41,9.75"
RX,410011,R33,TXA,N01,394,396627,C,0,0.81,0.78,5.0,F,-43.0,9.25,True,,2026-07-05T22:53:02.810+00:00,/dev/cu.usbserial-576B0005451,"RX,410011,R33,TXA,N01,394,396627,C,0,0.81,0.78,5,F,-43,9.25"
RX,410278,R33,TXB,N16,196,396893,A,1,0.75,0.72,5.0,U,-57.0,10.0,True,,2026-07-05T22:53:03.077+00:00,/dev/cu.usbserial-576B0005451,"RX,410278,R33,TXB,N16,196,396893,A,1,0.75,0.72,5,U,-57,10.00"
RX,410758,R33,TXE,N61,194,397379,E,0,0.87,0.84,5.0,U,-49.0,9.5,True,,2026-07-05T22:53:03.557+00:00,/dev/cu.usbserial-576B0005451,"RX,410758,R33,TXE,N61,194,397379,E,0,0.87,0.84,5,U,-49,9.50"
RX,411011,R33,TXA,N01,395,397627,D,1,0.24,0.22,5.0,F,-43.0,9.25,True,,2026-07-05T22:53:03.810+00:00,/dev/cu.usbserial-576B0005451,"RX,411011,R33,TXA,N01,395,397627,D,1,0.24,0.22,5,F,-43,9.25"
RX,412011,R33,TXA,N01,396,398627,E,1,0.87,0.84,5.0,F,-43.0,9.0,True,,2026-07-05T22:53:04.811+00:00,/dev/cu.usbserial-576B0005451,"RX,412011,R33,TXA,N01,396,398627,E,1,0.87,0.84,5,F,-43,9.00"
RX,412278,R33,TXB,N16,197,398893,C,0,0.81,0.78,5.0,U,-58.0,10.0,True,,2026-07-05T22:53:05.078+00:00,/dev/cu.usbserial-576B0005451,"RX,412278,R33,TXB,N16,197,398893,C,0,0.81,0.78,5,U,-58,10.00"
RX,412758,R33,TXE,N61,195,399379,G,1,0.93,0.9,5.0,U,-50.0,9.5,True,,2026-07-05T22:53:05.558+00:00,/dev/cu.usbserial-576B0005451,"RX,412758,R33,TXE,N61,195,399379,G,1,0.93,0.90,5,U,-50,9.50"
RX,413011,R33,TXA,N01,397,399627,F,0,0.28,0.26,5.0,F,-43.0,9.5,True,,2026-07-05T22:53:05.811+00:00,/dev/cu.usbserial-576B0005451,"RX,413011,R33,TXA,N01,397,399627,F,0,0.28,0.26,5,F,-43,9.50"
RX,413120,R33,TXH,N106,25,399742,G,1,0.93,0.9,5.0,U,-56.0,9.5,True,,2026-07-05T22:53:05.919+00:00,/dev/cu.usbserial-576B0005451,"RX,413120,R33,TXH,N106,25,399742,G,1,0.93,0.90,5,U,-56,9.50"
RX,413509,R33,TXF,N76,98,400131,E,1,0.87,0.84,5.0,U,-56.0,9.5,True,,2026-07-05T22:53:06.308+00:00,/dev/cu.usbserial-576B0005451,"RX,413509,R33,TXF,N76,98,400131,E,1,0.87,0.84,5,U,-56,9.50"
RX,413913,R33,TXD,N46,49,400530,G,1,0.93,0.9,5.0,U,-47.0,10.25,True,,2026-07-05T22:53:06.712+00:00,/dev/cu.usbserial-576B0005451,"RX,413913,R33,TXD,N46,49,400530,G,1,0.93,0.90,5,U,-47,10.25"
RX,414011,R33,TXA,N01,398,400627,G,1,0.93,0.9,5.0,F,-43.0,9.0,True,,2026-07-05T22:53:06.811+00:00,/dev/cu.usbserial-576B0005451,"RX,414011,R33,TXA,N01,398,400627,G,1,0.93,0.90,5,F,-43,9.00"
RX,414278,R33,TXB,N16,198,400893,E,1,0.87,0.84,5.0,U,-57.0,10.0,True,,2026-07-05T22:53:07.078+00:00,/dev/cu.usbserial-576B0005451,"RX,414278,R33,TXB,N16,198,400893,E,1,0.87,0.84,5,U,-57,10.00"
RX,414458,R33,TXG,N91,48,401079,G,1,0.93,0.9,5.0,U,-54.0,9.5,True,,2026-07-05T22:53:07.257+00:00,/dev/cu.usbserial-576B0005451,"RX,414458,R33,TXG,N91,48,401079,G,1,0.93,0.90,5,U,-54,9.50"
RX,414758,R33,TXE,N61,196,401379,A,1,0.75,0.72,5.0,U,-50.0,9.5,True,,2026-07-05T22:53:07.558+00:00,/dev/cu.usbserial-576B0005451,"RX,414758,R33,TXE,N61,196,401379,A,1,0.75,0.72,5,U,-50,9.50"
RX,415011,R33,TXA,N01,399,401627,H,1,0.32,0.3,5.0,F,-43.0,9.5,True,,2026-07-05T22:53:07.811+00:00,/dev/cu.usbserial-576B0005451,"RX,415011,R33,TXA,N01,399,401627,H,1,0.32,0.30,5,F,-43,9.50"
RX,415509,R33,TXF,N76,99,402131,G,1,0.93,0.9,5.0,U,-55.0,9.5,True,,2026-07-05T22:53:08.308+00:00,/dev/cu.usbserial-576B0005451,"RX,415509,R33,TXF,N76,99,402131,G,1,0.93,0.90,5,U,-55,9.50"
RX,415762,R33,TXC,N31,98,402381,E,1,0.87,0.84,5.0,U,-41.0,10.0,True,,2026-07-05T22:53:08.562+00:00,/dev/cu.usbserial-576B0005451,"RX,415762,R33,TXC,N31,98,402381,E,1,0.87,0.84,5,U,-41,10.00"
RX,416011,R33,TXA,N01,400,402627,A,0,0.75,0.72,5.0,F,-43.0,9.25,True,,2026-07-05T22:53:08.811+00:00,/dev/cu.usbserial-576B0005451,"RX,416011,R33,TXA,N01,400,402627,A,0,0.75,0.72,5,F,-43,9.25"
RX,416278,R33,TXB,N16,199,402893,G,1,0.93,0.9,5.0,U,-57.0,9.75,True,,2026-07-05T22:53:09.078+00:00,/dev/cu.usbserial-576B0005451,"RX,416278,R33,TXB,N16,199,402893,G,1,0.93,0.90,5,U,-57,9.75"
RX,416758,R33,TXE,N61,197,403379,C,0,0.81,0.78,5.0,U,-50.0,9.5,True,,2026-07-05T22:53:09.558+00:00,/dev/cu.usbserial-576B0005451,"RX,416758,R33,TXE,N61,197,403379,C,0,0.81,0.78,5,U,-50,9.50"
RX,417011,R33,TXA,N01,401,403627,B,1,0.2,0.18,5.0,F,-43.0,9.5,True,,2026-07-05T22:53:09.811+00:00,/dev/cu.usbserial-576B0005451,"RX,417011,R33,TXA,N01,401,403627,B,1,0.20,0.18,5,F,-43,9.50"
RX,417762,R33,TXC,N31,99,404381,G,1,0.93,0.9,5.0,U,-42.0,9.75,True,,2026-07-05T22:53:10.562+00:00,/dev/cu.usbserial-576B0005451,"RX,417762,R33,TXC,N31,99,404381,G,1,0.93,0.90,5,U,-42,9.75"
RX,418011,R33,TXA,N01,402,404627,C,1,0.81,0.78,5.0,F,-42.0,9.25,True,,2026-07-05T22:53:10.811+00:00,/dev/cu.usbserial-576B0005451,"RX,418011,R33,TXA,N01,402,404627,C,1,0.81,0.78,5,F,-42,9.25"
RX,418278,R33,TXB,N16,200,404893,A,0,0.75,0.72,5.0,U,-58.0,9.5,True,,2026-07-05T22:53:11.078+00:00,/dev/cu.usbserial-576B0005451,"RX,418278,R33,TXB,N16,200,404893,A,0,0.75,0.72,5,U,-58,9.50"
RX,418758,R33,TXE,N61,198,405379,E,1,0.87,0.84,5.0,U,-50.0,9.75,True,,2026-07-05T22:53:11.558+00:00,/dev/cu.usbserial-576B0005451,"RX,418758,R33,TXE,N61,198,405379,E,1,0.87,0.84,5,U,-50,9.75"
RX,419011,R33,TXA,N01,403,405627,D,0,0.24,0.22,5.0,F,-43.0,9.25,True,,2026-07-05T22:53:11.811+00:00,/dev/cu.usbserial-576B0005451,"RX,419011,R33,TXA,N01,403,405627,D,0,0.24,0.22,5,F,-43,9.25"
RX,420011,R33,TXA,N01,404,406627,E,1,0.87,0.84,5.0,F,-43.0,9.5,True,,2026-07-05T22:53:12.811+00:00,/dev/cu.usbserial-576B0005451,"RX,420011,R33,TXA,N01,404,406627,E,1,0.87,0.84,5,F,-43,9.50"
RX,420278,R33,TXB,N16,201,406893,C,1,0.81,0.78,5.0,U,-58.0,9.5,True,,2026-07-05T22:53:13.078+00:00,/dev/cu.usbserial-576B0005451,"RX,420278,R33,TXB,N16,201,406893,C,1,0.81,0.78,5,U,-58,9.50"
RX,420758,R33,TXE,N61,199,407379,G,1,0.93,0.9,5.0,U,-49.0,9.75,True,,2026-07-05T22:53:13.558+00:00,/dev/cu.usbserial-576B0005451,"RX,420758,R33,TXE,N61,199,407379,G,1,0.93,0.90,5,U,-49,9.75"
RX,421011,R33,TXA,N01,405,407627,F,1,0.28,0.26,5.0,F,-43.0,9.25,True,,2026-07-05T22:53:13.811+00:00,/dev/cu.usbserial-576B0005451,"RX,421011,R33,TXA,N01,405,407627,F,1,0.28,0.26,5,F,-43,9.25"
RX,421120,R33,TXH,N106,26,407742,G,0,0.93,0.9,5.0,U,-57.0,10.25,True,,2026-07-05T22:53:13.920+00:00,/dev/cu.usbserial-576B0005451,"RX,421120,R33,TXH,N106,26,407742,G,0,0.93,0.90,5,U,-57,10.25"
RX,421509,R33,TXF,N76,100,408131,E,1,0.87,0.84,5.0,U,-53.0,9.5,True,,2026-07-05T22:53:14.308+00:00,/dev/cu.usbserial-576B0005451,"RX,421509,R33,TXF,N76,100,408131,E,1,0.87,0.84,5,U,-53,9.50"
RX,421913,R33,TXD,N46,50,408530,G,0,0.93,0.9,5.0,U,-49.0,9.5,True,,2026-07-05T22:53:14.713+00:00,/dev/cu.usbserial-576B0005451,"RX,421913,R33,TXD,N46,50,408530,G,0,0.93,0.90,5,U,-49,9.50"
RX,422011,R33,TXA,N01,406,408627,G,0,0.93,0.9,5.0,F,-43.0,9.5,True,,2026-07-05T22:53:14.811+00:00,/dev/cu.usbserial-576B0005451,"RX,422011,R33,TXA,N01,406,408627,G,0,0.93,0.90,5,F,-43,9.50"
RX,422278,R33,TXB,N16,202,408893,E,1,0.87,0.84,5.0,U,-58.0,9.75,True,,2026-07-05T22:53:15.078+00:00,/dev/cu.usbserial-576B0005451,"RX,422278,R33,TXB,N16,202,408893,E,1,0.87,0.84,5,U,-58,9.75"
RX,422458,R33,TXG,N91,49,409079,G,1,0.93,0.9,5.0,U,-55.0,9.25,True,,2026-07-05T22:53:15.257+00:00,/dev/cu.usbserial-576B0005451,"RX,422458,R33,TXG,N91,49,409079,G,1,0.93,0.90,5,U,-55,9.25"
RX,422758,R33,TXE,N61,200,409379,A,0,0.75,0.72,5.0,U,-49.0,9.5,True,,2026-07-05T22:53:15.557+00:00,/dev/cu.usbserial-576B0005451,"RX,422758,R33,TXE,N61,200,409379,A,0,0.75,0.72,5,U,-49,9.50"
RX,423011,R33,TXA,N01,407,409627,H,1,0.32,0.3,5.0,F,-43.0,9.25,True,,2026-07-05T22:53:15.811+00:00,/dev/cu.usbserial-576B0005451,"RX,423011,R33,TXA,N01,407,409627,H,1,0.32,0.30,5,F,-43,9.25"
RX,423509,R33,TXF,N76,101,410131,G,0,0.93,0.9,5.0,U,-54.0,9.5,True,,2026-07-05T22:53:16.309+00:00,/dev/cu.usbserial-576B0005451,"RX,423509,R33,TXF,N76,101,410131,G,0,0.93,0.90,5,U,-54,9.50"
RX,423762,R33,TXC,N31,100,410381,E,1,0.87,0.84,5.0,U,-41.0,9.75,True,,2026-07-05T22:53:16.562+00:00,/dev/cu.usbserial-576B0005451,"RX,423762,R33,TXC,N31,100,410381,E,1,0.87,0.84,5,U,-41,9.75"
RX,424011,R33,TXA,N01,408,410627,A,1,0.75,0.72,5.0,F,-43.0,9.25,True,,2026-07-05T22:53:16.811+00:00,/dev/cu.usbserial-576B0005451,"RX,424011,R33,TXA,N01,408,410627,A,1,0.75,0.72,5,F,-43,9.25"
RX,424278,R33,TXB,N16,203,410893,G,0,0.93,0.9,5.0,U,-58.0,9.75,True,,2026-07-05T22:53:17.078+00:00,/dev/cu.usbserial-576B0005451,"RX,424278,R33,TXB,N16,203,410893,G,0,0.93,0.90,5,U,-58,9.75"
RX,424758,R33,TXE,N61,201,411379,C,1,0.81,0.78,5.0,U,-49.0,9.5,True,,2026-07-05T22:53:17.558+00:00,/dev/cu.usbserial-576B0005451,"RX,424758,R33,TXE,N61,201,411379,C,1,0.81,0.78,5,U,-49,9.50"
RX,425011,R33,TXA,N01,409,411627,B,0,0.2,0.18,5.0,F,-42.0,9.0,True,,2026-07-05T22:53:17.811+00:00,/dev/cu.usbserial-576B0005451,"RX,425011,R33,TXA,N01,409,411627,B,0,0.20,0.18,5,F,-42,9.00"
RX,425762,R33,TXC,N31,101,412381,G,0,0.93,0.9,5.0,U,-41.0,9.5,True,,2026-07-05T22:53:18.562+00:00,/dev/cu.usbserial-576B0005451,"RX,425762,R33,TXC,N31,101,412381,G,0,0.93,0.90,5,U,-41,9.50"
RX,426011,R33,TXA,N01,410,412627,C,1,0.81,0.78,5.0,F,-43.0,8.75,True,,2026-07-05T22:53:18.811+00:00,/dev/cu.usbserial-576B0005451,"RX,426011,R33,TXA,N01,410,412627,C,1,0.81,0.78,5,F,-43,8.75"
RX,426278,R33,TXB,N16,204,412893,A,1,0.75,0.72,5.0,U,-58.0,10.0,True,,2026-07-05T22:53:19.078+00:00,/dev/cu.usbserial-576B0005451,"RX,426278,R33,TXB,N16,204,412893,A,1,0.75,0.72,5,U,-58,10.00"
RX,426758,R33,TXE,N61,202,413379,E,1,0.87,0.84,5.0,U,-49.0,9.5,True,,2026-07-05T22:53:19.558+00:00,/dev/cu.usbserial-576B0005451,"RX,426758,R33,TXE,N61,202,413379,E,1,0.87,0.84,5,U,-49,9.50"
RX,427011,R33,TXA,N01,411,413627,D,1,0.24,0.22,5.0,F,-43.0,9.25,True,,2026-07-05T22:53:19.811+00:00,/dev/cu.usbserial-576B0005451,"RX,427011,R33,TXA,N01,411,413627,D,1,0.24,0.22,5,F,-43,9.25"
RX,428011,R33,TXA,N01,412,414627,E,0,0.87,0.84,5.0,F,-43.0,9.25,True,,2026-07-05T22:53:20.811+00:00,/dev/cu.usbserial-576B0005451,"RX,428011,R33,TXA,N01,412,414627,E,0,0.87,0.84,5,F,-43,9.25"
RX,428278,R33,TXB,N16,205,414893,C,1,0.81,0.78,5.0,U,-58.0,9.75,True,,2026-07-05T22:53:21.078+00:00,/dev/cu.usbserial-576B0005451,"RX,428278,R33,TXB,N16,205,414893,C,1,0.81,0.78,5,U,-58,9.75"
RX,428758,R33,TXE,N61,203,415379,G,0,0.93,0.9,5.0,U,-49.0,10.0,True,,2026-07-05T22:53:21.558+00:00,/dev/cu.usbserial-576B0005451,"RX,428758,R33,TXE,N61,203,415379,G,0,0.93,0.90,5,U,-49,10.00"
RX,429011,R33,TXA,N01,413,415627,F,1,0.28,0.26,5.0,F,-43.0,9.5,True,,2026-07-05T22:53:21.811+00:00,/dev/cu.usbserial-576B0005451,"RX,429011,R33,TXA,N01,413,415627,F,1,0.28,0.26,5,F,-43,9.50"
RX,429120,R33,TXH,N106,27,415742,G,1,0.93,0.9,5.0,U,-57.0,10.0,True,,2026-07-05T22:53:21.920+00:00,/dev/cu.usbserial-576B0005451,"RX,429120,R33,TXH,N106,27,415742,G,1,0.93,0.90,5,U,-57,10.00"
RX,429509,R33,TXF,N76,102,416131,E,0,0.87,0.84,5.0,U,-54.0,10.0,True,,2026-07-05T22:53:22.308+00:00,/dev/cu.usbserial-576B0005451,"RX,429509,R33,TXF,N76,102,416131,E,0,0.87,0.84,5,U,-54,10.00"
RX,429913,R33,TXD,N46,51,416530,G,1,0.93,0.9,5.0,U,-49.0,9.5,True,,2026-07-05T22:53:22.713+00:00,/dev/cu.usbserial-576B0005451,"RX,429913,R33,TXD,N46,51,416530,G,1,0.93,0.90,5,U,-49,9.50"
RX,430011,R33,TXA,N01,414,416627,G,1,0.93,0.9,5.0,F,-43.0,9.5,True,,2026-07-05T22:53:22.811+00:00,/dev/cu.usbserial-576B0005451,"RX,430011,R33,TXA,N01,414,416627,G,1,0.93,0.90,5,F,-43,9.50"
RX,430278,R33,TXB,N16,206,416893,E,0,0.87,0.84,5.0,U,-58.0,9.75,True,,2026-07-05T22:53:23.078+00:00,/dev/cu.usbserial-576B0005451,"RX,430278,R33,TXB,N16,206,416893,E,0,0.87,0.84,5,U,-58,9.75"
RX,430458,R33,TXG,N91,50,417079,G,0,0.93,0.9,5.0,U,-55.0,9.5,True,,2026-07-05T22:53:23.257+00:00,/dev/cu.usbserial-576B0005451,"RX,430458,R33,TXG,N91,50,417079,G,0,0.93,0.90,5,U,-55,9.50"
RX,430758,R33,TXE,N61,204,417379,A,1,0.75,0.72,5.0,U,-49.0,9.75,True,,2026-07-05T22:53:23.558+00:00,/dev/cu.usbserial-576B0005451,"RX,430758,R33,TXE,N61,204,417379,A,1,0.75,0.72,5,U,-49,9.75"
RX,431011,R33,TXA,N01,415,417627,H,0,0.32,0.3,5.0,F,-43.0,9.5,True,,2026-07-05T22:53:23.811+00:00,/dev/cu.usbserial-576B0005451,"RX,431011,R33,TXA,N01,415,417627,H,0,0.32,0.30,5,F,-43,9.50"
RX,431509,R33,TXF,N76,103,418131,G,1,0.93,0.9,5.0,U,-54.0,9.5,True,,2026-07-05T22:53:24.308+00:00,/dev/cu.usbserial-576B0005451,"RX,431509,R33,TXF,N76,103,418131,G,1,0.93,0.90,5,U,-54,9.50"
RX,431762,R33,TXC,N31,102,418381,E,0,0.87,0.84,5.0,U,-41.0,9.75,True,,2026-07-05T22:53:24.562+00:00,/dev/cu.usbserial-576B0005451,"RX,431762,R33,TXC,N31,102,418381,E,0,0.87,0.84,5,U,-41,9.75"
RX,432012,R33,TXA,N01,416,418627,A,1,0.75,0.72,5.0,F,-43.0,9.5,True,,2026-07-05T22:53:24.811+00:00,/dev/cu.usbserial-576B0005451,"RX,432012,R33,TXA,N01,416,418627,A,1,0.75,0.72,5,F,-43,9.50"
RX,432278,R33,TXB,N16,207,418893,G,1,0.93,0.9,5.0,U,-58.0,9.75,True,,2026-07-05T22:53:25.078+00:00,/dev/cu.usbserial-576B0005451,"RX,432278,R33,TXB,N16,207,418893,G,1,0.93,0.90,5,U,-58,9.75"
RX,432758,R33,TXE,N61,205,419379,C,1,0.81,0.78,5.0,U,-50.0,9.25,True,,2026-07-05T22:53:25.558+00:00,/dev/cu.usbserial-576B0005451,"RX,432758,R33,TXE,N61,205,419379,C,1,0.81,0.78,5,U,-50,9.25"
RX,433011,R33,TXA,N01,417,419627,B,1,0.2,0.18,5.0,F,-43.0,9.5,True,,2026-07-05T22:53:25.812+00:00,/dev/cu.usbserial-576B0005451,"RX,433011,R33,TXA,N01,417,419627,B,1,0.20,0.18,5,F,-43,9.50"
RX,433762,R33,TXC,N31,103,420381,G,1,0.93,0.9,5.0,U,-41.0,9.75,True,,2026-07-05T22:53:26.562+00:00,/dev/cu.usbserial-576B0005451,"RX,433762,R33,TXC,N31,103,420381,G,1,0.93,0.90,5,U,-41,9.75"
RX,434011,R33,TXA,N01,418,420627,C,0,0.81,0.78,5.0,F,-43.0,9.25,True,,2026-07-05T22:53:26.812+00:00,/dev/cu.usbserial-576B0005451,"RX,434011,R33,TXA,N01,418,420627,C,0,0.81,0.78,5,F,-43,9.25"
RX,434278,R33,TXB,N16,208,420893,A,1,0.75,0.72,5.0,U,-57.0,9.75,True,,2026-07-05T22:53:27.078+00:00,/dev/cu.usbserial-576B0005451,"RX,434278,R33,TXB,N16,208,420893,A,1,0.75,0.72,5,U,-57,9.75"
RX,434758,R33,TXE,N61,206,421379,E,0,0.87,0.84,5.0,U,-50.0,9.5,True,,2026-07-05T22:53:27.558+00:00,/dev/cu.usbserial-576B0005451,"RX,434758,R33,TXE,N61,206,421379,E,0,0.87,0.84,5,U,-50,9.50"
RX,435011,R33,TXA,N01,419,421627,D,1,0.24,0.22,5.0,F,-43.0,9.5,True,,2026-07-05T22:53:27.812+00:00,/dev/cu.usbserial-576B0005451,"RX,435011,R33,TXA,N01,419,421627,D,1,0.24,0.22,5,F,-43,9.50"
RX,436011,R33,TXA,N01,420,422627,E,1,0.87,0.84,5.0,F,-41.0,10.0,True,,2026-07-05T22:53:28.812+00:00,/dev/cu.usbserial-576B0005451,"RX,436011,R33,TXA,N01,420,422627,E,1,0.87,0.84,5,F,-41,10.00"
RX,436278,R33,TXB,N16,209,422893,C,0,0.81,0.78,5.0,U,-56.0,9.75,True,,2026-07-05T22:53:29.078+00:00,/dev/cu.usbserial-576B0005451,"RX,436278,R33,TXB,N16,209,422893,C,0,0.81,0.78,5,U,-56,9.75"
RX,436758,R33,TXE,N61,207,423379,G,1,0.93,0.9,5.0,U,-49.0,9.5,True,,2026-07-05T22:53:29.558+00:00,/dev/cu.usbserial-576B0005451,"RX,436758,R33,TXE,N61,207,423379,G,1,0.93,0.90,5,U,-49,9.50"
RX,437012,R33,TXA,N01,421,423627,F,0,0.28,0.26,5.0,F,-42.0,10.0,True,,2026-07-05T22:53:29.812+00:00,/dev/cu.usbserial-576B0005451,"RX,437012,R33,TXA,N01,421,423627,F,0,0.28,0.26,5,F,-42,10.00"
RX,437509,R33,TXF,N76,104,424131,E,1,0.87,0.84,5.0,U,-55.0,9.5,True,,2026-07-05T22:53:30.308+00:00,/dev/cu.usbserial-576B0005451,"RX,437509,R33,TXF,N76,104,424131,E,1,0.87,0.84,5,U,-55,9.50"
RX,437913,R33,TXD,N46,52,424530,G,1,0.93,0.9,5.0,U,-45.0,10.0,True,,2026-07-05T22:53:30.713+00:00,/dev/cu.usbserial-576B0005451,"RX,437913,R33,TXD,N46,52,424530,G,1,0.93,0.90,5,U,-45,10.00"
RX,438012,R33,TXA,N01,422,424627,G,1,0.93,0.9,5.0,F,-41.0,10.25,True,,2026-07-05T22:53:30.811+00:00,/dev/cu.usbserial-576B0005451,"RX,438012,R33,TXA,N01,422,424627,G,1,0.93,0.90,5,F,-41,10.25"
RX,438278,R33,TXB,N16,210,424893,E,1,0.87,0.84,5.0,U,-56.0,9.75,True,,2026-07-05T22:53:31.080+00:00,/dev/cu.usbserial-576B0005451,"RX,438278,R33,TXB,N16,210,424893,E,1,0.87,0.84,5,U,-56,9.75"
RX,438457,R33,TXG,N91,51,425079,G,1,0.93,0.9,5.0,U,-57.0,10.0,True,,2026-07-05T22:53:31.258+00:00,/dev/cu.usbserial-576B0005451,"RX,438457,R33,TXG,N91,51,425079,G,1,0.93,0.90,5,U,-57,10.00"
RX,438758,R33,TXE,N61,208,425379,A,1,0.75,0.72,5.0,U,-50.0,9.75,True,,2026-07-05T22:53:31.558+00:00,/dev/cu.usbserial-576B0005451,"RX,438758,R33,TXE,N61,208,425379,A,1,0.75,0.72,5,U,-50,9.75"
RX,439011,R33,TXA,N01,423,425627,H,1,0.32,0.3,5.0,F,-43.0,9.25,True,,2026-07-05T22:53:31.812+00:00,/dev/cu.usbserial-576B0005451,"RX,439011,R33,TXA,N01,423,425627,H,1,0.32,0.30,5,F,-43,9.25"
RX,439509,R33,TXF,N76,105,426131,G,1,0.93,0.9,5.0,U,-53.0,9.75,True,,2026-07-05T22:53:32.309+00:00,/dev/cu.usbserial-576B0005451,"RX,439509,R33,TXF,N76,105,426131,G,1,0.93,0.90,5,U,-53,9.75"
RX,439762,R33,TXC,N31,104,426381,E,1,0.87,0.84,5.0,U,-40.0,11.5,True,,2026-07-05T22:53:32.562+00:00,/dev/cu.usbserial-576B0005451,"RX,439762,R33,TXC,N31,104,426381,E,1,0.87,0.84,5,U,-40,11.50"
RX,440012,R33,TXA,N01,424,426627,A,0,0.75,0.72,5.0,F,-42.0,9.75,True,,2026-07-05T22:53:32.812+00:00,/dev/cu.usbserial-576B0005451,"RX,440012,R33,TXA,N01,424,426627,A,0,0.75,0.72,5,F,-42,9.75"
RX,440278,R33,TXB,N16,211,426893,G,1,0.93,0.9,5.0,U,-56.0,9.75,True,,2026-07-05T22:53:33.078+00:00,/dev/cu.usbserial-576B0005451,"RX,440278,R33,TXB,N16,211,426893,G,1,0.93,0.90,5,U,-56,9.75"
RX,440758,R33,TXE,N61,209,427379,C,0,0.81,0.78,5.0,U,-47.0,9.25,True,,2026-07-05T22:53:33.558+00:00,/dev/cu.usbserial-576B0005451,"RX,440758,R33,TXE,N61,209,427379,C,0,0.81,0.78,5,U,-47,9.25"
RX,441011,R33,TXA,N01,425,427627,B,1,0.2,0.18,5.0,F,-43.0,9.0,True,,2026-07-05T22:53:33.812+00:00,/dev/cu.usbserial-576B0005451,"RX,441011,R33,TXA,N01,425,427627,B,1,0.20,0.18,5,F,-43,9.00"
RX,441762,R33,TXC,N31,105,428381,G,1,0.93,0.9,5.0,U,-43.0,9.75,True,,2026-07-05T22:53:34.562+00:00,/dev/cu.usbserial-576B0005451,"RX,441762,R33,TXC,N31,105,428381,G,1,0.93,0.90,5,U,-43,9.75"
RX,442012,R33,TXA,N01,426,428627,C,1,0.81,0.78,5.0,F,-43.0,10.0,True,,2026-07-05T22:53:34.812+00:00,/dev/cu.usbserial-576B0005451,"RX,442012,R33,TXA,N01,426,428627,C,1,0.81,0.78,5,F,-43,10.00"
RX,442278,R33,TXB,N16,212,428893,A,0,0.75,0.72,5.0,U,-58.0,9.5,True,,2026-07-05T22:53:35.078+00:00,/dev/cu.usbserial-576B0005451,"RX,442278,R33,TXB,N16,212,428893,A,0,0.75,0.72,5,U,-58,9.50"
RX,442758,R33,TXE,N61,210,429379,E,1,0.87,0.84,5.0,U,-54.0,9.75,True,,2026-07-05T22:53:35.558+00:00,/dev/cu.usbserial-576B0005451,"RX,442758,R33,TXE,N61,210,429379,E,1,0.87,0.84,5,U,-54,9.75"
RX,443012,R33,TXA,N01,427,429627,D,0,0.24,0.22,5.0,F,-43.0,9.75,True,,2026-07-05T22:53:35.811+00:00,/dev/cu.usbserial-576B0005451,"RX,443012,R33,TXA,N01,427,429627,D,0,0.24,0.22,5,F,-43,9.75"
RX,444011,R33,TXA,N01,428,430627,E,1,0.87,0.84,5.0,F,-43.0,9.75,True,,2026-07-05T22:53:36.812+00:00,/dev/cu.usbserial-576B0005451,"RX,444011,R33,TXA,N01,428,430627,E,1,0.87,0.84,5,F,-43,9.75"
RX,444278,R33,TXB,N16,213,430893,C,1,0.81,0.78,5.0,U,-59.0,9.5,True,,2026-07-05T22:53:37.078+00:00,/dev/cu.usbserial-576B0005451,"RX,444278,R33,TXB,N16,213,430893,C,1,0.81,0.78,5,U,-59,9.50"
RX,444758,R33,TXE,N61,211,431379,G,1,0.93,0.9,5.0,U,-54.0,9.75,True,,2026-07-05T22:53:37.558+00:00,/dev/cu.usbserial-576B0005451,"RX,444758,R33,TXE,N61,211,431379,G,1,0.93,0.90,5,U,-54,9.75"
