rx_role,recv_ms,run_id,tx_id,node_id,seq,tx_ms,region,event,priority,usefulness,stale_after,policy,rssi,snr,parse_ok,parse_error,wall_time_utc,serial_port,raw_line
RX,63548,R35,TXK,N151,0,1764,A,1,0.75,0.72,5.0,U,-72.0,9.5,True,,2026-07-09T14:19:46.771+00:00,/dev/cu.usbserial-576B0005451,"RX,63548,R35,TXK,N151,0,1764,A,1,0.75,0.72,5,U,-72,9.50"
RX,64402,R35,TXA,N01,0,2627,A,1,0.75,0.72,5.0,F,-87.0,9.75,True,,2026-07-09T14:19:47.624+00:00,/dev/cu.usbserial-576B0005451,"RX,64402,R35,TXA,N01,0,2627,A,1,0.75,0.72,5,F,-87,9.75"
RX,65402,R35,TXA,N01,1,3627,B,0,0.2,0.18,5.0,F,-83.0,9.75,True,,2026-07-09T14:19:48.625+00:00,/dev/cu.usbserial-576B0005451,"RX,65402,R35,TXA,N01,1,3627,B,0,0.20,0.18,5,F,-83,9.75"
RX,65547,R35,TXK,N151,1,3763,C,1,0.81,0.78,5.0,U,-71.0,9.25,True,,2026-07-09T14:19:48.769+00:00,/dev/cu.usbserial-576B0005451,"RX,65547,R35,TXK,N151,1,3763,C,1,0.81,0.78,5,U,-71,9.25"
RX,66402,R35,TXA,N01,2,4627,C,1,0.81,0.78,5.0,F,-84.0,10.0,True,,2026-07-09T14:19:49.624+00:00,/dev/cu.usbserial-576B0005451,"RX,66402,R35,TXA,N01,2,4627,C,1,0.81,0.78,5,F,-84,10.00"
RX,66669,R35,TXB,N16,0,4893,A,1,0.75,0.72,5.0,U,-83.0,10.0,True,,2026-07-09T14:19:49.891+00:00,/dev/cu.usbserial-576B0005451,"RX,66669,R35,TXB,N16,0,4893,A,1,0.75,0.72,5,U,-83,10.00"
RX,67402,R35,TXA,N01,3,5627,D,1,0.24,0.22,5.0,F,-88.0,9.5,True,,2026-07-09T14:19:50.624+00:00,/dev/cu.usbserial-576B0005451,"RX,67402,R35,TXA,N01,3,5627,D,1,0.24,0.22,5,F,-88,9.50"
RX,67547,R35,TXK,N151,2,5763,E,0,0.87,0.84,5.0,U,-73.0,9.25,True,,2026-07-09T14:19:50.769+00:00,/dev/cu.usbserial-576B0005451,"RX,67547,R35,TXK,N151,2,5763,E,0,0.87,0.84,5,U,-73,9.25"
RX,68402,R35,TXA,N01,4,6627,E,0,0.87,0.84,5.0,F,-92.0,10.0,True,,2026-07-09T14:19:51.624+00:00,/dev/cu.usbserial-576B0005451,"RX,68402,R35,TXA,N01,4,6627,E,0,0.87,0.84,5,F,-92,10.00"
RX,68668,R35,TXB,N16,1,6893,C,1,0.81,0.78,5.0,U,-85.0,10.5,True,,2026-07-09T14:19:51.891+00:00,/dev/cu.usbserial-576B0005451,"RX,68668,R35,TXB,N16,1,6893,C,1,0.81,0.78,5,U,-85,10.50"
RX,69402,R35,TXA,N01,5,7627,F,1,0.28,0.26,5.0,F,-87.0,10.25,True,,2026-07-09T14:19:52.624+00:00,/dev/cu.usbserial-576B0005451,"RX,69402,R35,TXA,N01,5,7627,F,1,0.28,0.26,5,F,-87,10.25"
RX,69701,R35,TXL,N166,0,7917,G,1,0.93,0.9,5.0,U,-88.0,9.25,True,,2026-07-09T14:19:52.923+00:00,/dev/cu.usbserial-576B0005451,"RX,69701,R35,TXL,N166,0,7917,G,1,0.93,0.90,5,U,-88,9.25"
RX,69901,R35,TXF,N76,0,8131,E,0,0.87,0.84,5.0,U,-79.0,10.0,True,,2026-07-09T14:19:53.124+00:00,/dev/cu.usbserial-576B0005451,"RX,69901,R35,TXF,N76,0,8131,E,0,0.87,0.84,5,U,-79,10.00"
RX,70206,R35,TXD,N46,0,8431,G,1,0.93,0.9,5.0,U,-71.0,10.25,True,,2026-07-09T14:19:53.428+00:00,/dev/cu.usbserial-576B0005451,"RX,70206,R35,TXD,N46,0,8431,G,1,0.93,0.90,5,U,-71,10.25"
RX,70402,R35,TXA,N01,6,8627,G,1,0.93,0.9,5.0,F,-96.0,9.25,True,,2026-07-09T14:19:53.624+00:00,/dev/cu.usbserial-576B0005451,"RX,70402,R35,TXA,N01,6,8627,G,1,0.93,0.90,5,F,-96,9.25"
RX,70669,R35,TXB,N16,2,8893,E,0,0.87,0.84,5.0,U,-84.0,10.5,True,,2026-07-09T14:19:53.891+00:00,/dev/cu.usbserial-576B0005451,"RX,70669,R35,TXB,N16,2,8893,E,0,0.87,0.84,5,U,-84,10.50"
RX,71153,R35,TXE,N61,0,9382,A,1,0.75,0.72,5.0,U,-77.0,10.25,True,,2026-07-09T14:19:54.375+00:00,/dev/cu.usbserial-576B0005451,"RX,71153,R35,TXE,N61,0,9382,A,1,0.75,0.72,5,U,-77,10.25"
RX,71402,R35,TXA,N01,7,9627,H,0,0.32,0.3,5.0,F,-81.0,10.0,True,,2026-07-09T14:19:54.624+00:00,/dev/cu.usbserial-576B0005451,"RX,71402,R35,TXA,N01,7,9627,H,0,0.32,0.30,5,F,-81,10.00"
RX,71547,R35,TXK,N151,4,9763,A,1,0.75,0.72,5.0,U,-73.0,9.5,True,,2026-07-09T14:19:54.769+00:00,/dev/cu.usbserial-576B0005451,"RX,71547,R35,TXK,N151,4,9763,A,1,0.75,0.72,5,U,-73,9.50"
RX,71906,R35,TXF,N76,1,10131,G,1,0.93,0.9,5.0,U,-82.0,9.25,True,,2026-07-09T14:19:55.128+00:00,/dev/cu.usbserial-576B0005451,"RX,71906,R35,TXF,N76,1,10131,G,1,0.93,0.90,5,U,-82,9.25"
RX,72161,R35,TXC,N31,0,10381,E,0,0.87,0.84,5.0,U,-75.0,9.25,True,,2026-07-09T14:19:55.383+00:00,/dev/cu.usbserial-576B0005451,"RX,72161,R35,TXC,N31,0,10381,E,0,0.87,0.84,5,U,-75,9.25"
RX,72407,R35,TXA,N01,8,10627,A,1,0.75,0.72,5.0,F,-81.0,9.5,True,,2026-07-09T14:19:55.629+00:00,/dev/cu.usbserial-576B0005451,"RX,72407,R35,TXA,N01,8,10627,A,1,0.75,0.72,5,F,-81,9.50"
RX,72674,R35,TXB,N16,3,10893,G,1,0.93,0.9,5.0,U,-86.0,9.75,True,,2026-07-09T14:19:55.896+00:00,/dev/cu.usbserial-576B0005451,"RX,72674,R35,TXB,N16,3,10893,G,1,0.93,0.90,5,U,-86,9.75"
RX,73157,R35,TXE,N61,1,11382,C,1,0.81,0.78,5.0,U,-77.0,9.75,True,,2026-07-09T14:19:56.380+00:00,/dev/cu.usbserial-576B0005451,"RX,73157,R35,TXE,N61,1,11382,C,1,0.81,0.78,5,U,-77,9.75"
RX,73265,R35,TXI,N121,0,11481,E,0,0.87,0.84,5.0,U,-75.0,9.75,True,,2026-07-09T14:19:56.488+00:00,/dev/cu.usbserial-576B0005451,"RX,73265,R35,TXI,N121,0,11481,E,0,0.87,0.84,5,U,-75,9.75"
RX,73407,R35,TXA,N01,9,11627,B,1,0.2,0.18,5.0,F,-93.0,9.25,True,,2026-07-09T14:19:56.629+00:00,/dev/cu.usbserial-576B0005451,"RX,73407,R35,TXA,N01,9,11627,B,1,0.20,0.18,5,F,-93,9.25"
RX,73547,R35,TXK,N151,5,11763,C,0,0.81,0.78,5.0,U,-73.0,10.25,True,,2026-07-09T14:19:56.769+00:00,/dev/cu.usbserial-576B0005451,"RX,73547,R35,TXK,N151,5,11763,C,0,0.81,0.78,5,U,-73,10.25"
RX,74161,R35,TXC,N31,1,12381,G,1,0.93,0.9,5.0,U,-71.0,9.5,True,,2026-07-09T14:19:57.383+00:00,/dev/cu.usbserial-576B0005451,"RX,74161,R35,TXC,N31,1,12381,G,1,0.93,0.90,5,U,-71,9.50"
RX,74407,R35,TXA,N01,10,12627,C,0,0.81,0.78,5.0,F,-82.0,9.5,True,,2026-07-09T14:19:57.629+00:00,/dev/cu.usbserial-576B0005451,"RX,74407,R35,TXA,N01,10,12627,C,0,0.81,0.78,5,F,-82,9.50"
RX,74674,R35,TXB,N16,4,12893,A,1,0.75,0.72,5.0,U,-84.0,9.5,True,,2026-07-09T14:19:57.896+00:00,/dev/cu.usbserial-576B0005451,"RX,74674,R35,TXB,N16,4,12893,A,1,0.75,0.72,5,U,-84,9.50"
RX,75265,R35,TXI,N121,1,13481,G,1,0.93,0.9,5.0,U,-74.0,9.75,True,,2026-07-09T14:19:58.487+00:00,/dev/cu.usbserial-576B0005451,"RX,75265,R35,TXI,N121,1,13481,G,1,0.93,0.90,5,U,-74,9.75"
RX,75407,R35,TXA,N01,11,13627,D,1,0.24,0.22,5.0,F,-93.0,9.75,True,,2026-07-09T14:19:58.629+00:00,/dev/cu.usbserial-576B0005451,"RX,75407,R35,TXA,N01,11,13627,D,1,0.24,0.22,5,F,-93,9.75"
RX,75547,R35,TXK,N151,6,13763,E,1,0.87,0.84,5.0,U,-69.0,9.25,True,,2026-07-09T14:19:58.769+00:00,/dev/cu.usbserial-576B0005451,"RX,75547,R35,TXK,N151,6,13763,E,1,0.87,0.84,5,U,-69,9.25"
RX,76407,R35,TXA,N01,12,14627,E,1,0.87,0.84,5.0,F,-87.0,9.5,True,,2026-07-09T14:19:59.629+00:00,/dev/cu.usbserial-576B0005451,"RX,76407,R35,TXA,N01,12,14627,E,1,0.87,0.84,5,F,-87,9.50"
RX,76674,R35,TXB,N16,5,14893,C,0,0.81,0.78,5.0,U,-84.0,9.5,True,,2026-07-09T14:19:59.896+00:00,/dev/cu.usbserial-576B0005451,"RX,76674,R35,TXB,N16,5,14893,C,0,0.81,0.78,5,U,-84,9.50"
RX,77157,R35,TXE,N61,3,15382,G,1,0.93,0.9,5.0,U,-78.0,9.5,True,,2026-07-09T14:20:00.380+00:00,/dev/cu.usbserial-576B0005451,"RX,77157,R35,TXE,N61,3,15382,G,1,0.93,0.90,5,U,-78,9.50"
RX,77407,R35,TXA,N01,13,15627,F,0,0.28,0.26,5.0,F,-90.0,9.75,True,,2026-07-09T14:20:00.629+00:00,/dev/cu.usbserial-576B0005451,"RX,77407,R35,TXA,N01,13,15627,F,0,0.28,0.26,5,F,-90,9.75"
RX,77518,R35,TXH,N106,1,15743,G,1,0.93,0.9,5.0,U,-63.0,1.75,True,,2026-07-09T14:20:00.740+00:00,/dev/cu.usbserial-576B0005451,"RX,77518,R35,TXH,N106,1,15743,G,1,0.93,0.90,5,U,-63,1.75"
RX,77701,R35,TXL,N166,1,15917,G,1,0.93,0.9,5.0,U,-81.0,9.5,True,,2026-07-09T14:20:00.923+00:00,/dev/cu.usbserial-576B0005451,"RX,77701,R35,TXL,N166,1,15917,G,1,0.93,0.90,5,U,-81,9.50"
RX,77906,R35,TXF,N76,2,16131,E,1,0.87,0.84,5.0,U,-79.0,9.75,True,,2026-07-09T14:20:01.128+00:00,/dev/cu.usbserial-576B0005451,"RX,77906,R35,TXF,N76,2,16131,E,1,0.87,0.84,5,U,-79,9.75"
RX,78211,R35,TXD,N46,1,16431,G,1,0.93,0.9,5.0,U,-72.0,9.75,True,,2026-07-09T14:20:01.433+00:00,/dev/cu.usbserial-576B0005451,"RX,78211,R35,TXD,N46,1,16431,G,1,0.93,0.90,5,U,-72,9.75"
RX,78407,R35,TXA,N01,14,16627,G,1,0.93,0.9,5.0,F,-82.0,10.0,True,,2026-07-09T14:20:01.629+00:00,/dev/cu.usbserial-576B0005451,"RX,78407,R35,TXA,N01,14,16627,G,1,0.93,0.90,5,F,-82,10.00"
RX,78674,R35,TXB,N16,6,16893,E,1,0.87,0.84,5.0,U,-87.0,9.25,True,,2026-07-09T14:20:01.896+00:00,/dev/cu.usbserial-576B0005451,"RX,78674,R35,TXB,N16,6,16893,E,1,0.87,0.84,5,U,-87,9.25"
RX,78855,R35,TXG,N91,0,17080,G,1,0.93,0.9,5.0,U,-80.0,9.75,True,,2026-07-09T14:20:02.078+00:00,/dev/cu.usbserial-576B0005451,"RX,78855,R35,TXG,N91,0,17080,G,1,0.93,0.90,5,U,-80,9.75"
RX,79157,R35,TXE,N61,4,17382,A,1,0.75,0.72,5.0,U,-81.0,9.25,True,,2026-07-09T14:20:02.380+00:00,/dev/cu.usbserial-576B0005451,"RX,79157,R35,TXE,N61,4,17382,A,1,0.75,0.72,5,U,-81,9.25"
RX,79407,R35,TXA,N01,15,17627,H,1,0.32,0.3,5.0,F,-80.0,9.5,True,,2026-07-09T14:20:02.629+00:00,/dev/cu.usbserial-576B0005451,"RX,79407,R35,TXA,N01,15,17627,H,1,0.32,0.30,5,F,-80,9.50"
RX,79547,R35,TXK,N151,8,17763,A,0,0.75,0.72,5.0,U,-79.0,9.5,True,,2026-07-09T14:20:02.769+00:00,/dev/cu.usbserial-576B0005451,"RX,79547,R35,TXK,N151,8,17763,A,0,0.75,0.72,5,U,-79,9.50"
RX,79906,R35,TXF,N76,3,18131,G,1,0.93,0.9,5.0,U,-90.0,9.5,True,,2026-07-09T14:20:03.128+00:00,/dev/cu.usbserial-576B0005451,"RX,79906,R35,TXF,N76,3,18131,G,1,0.93,0.90,5,U,-90,9.50"
RX,80064,R35,TXJ,N136,0,18280,G,1,0.93,0.9,5.0,U,-91.0,10.0,True,,2026-07-09T14:20:03.286+00:00,/dev/cu.usbserial-576B0005451,"RX,80064,R35,TXJ,N136,0,18280,G,1,0.93,0.90,5,U,-91,10.00"
RX,80160,R35,TXC,N31,2,18381,E,1,0.87,0.84,5.0,U,-76.0,9.5,True,,2026-07-09T14:20:03.382+00:00,/dev/cu.usbserial-576B0005451,"RX,80160,R35,TXC,N31,2,18381,E,1,0.87,0.84,5,U,-76,9.50"
RX,80407,R35,TXA,N01,16,18627,A,0,0.75,0.72,5.0,F,-81.0,9.75,True,,2026-07-09T14:20:03.629+00:00,/dev/cu.usbserial-576B0005451,"RX,80407,R35,TXA,N01,16,18627,A,0,0.75,0.72,5,F,-81,9.75"
RX,80674,R35,TXB,N16,7,18893,G,1,0.93,0.9,5.0,U,-87.0,9.25,True,,2026-07-09T14:20:03.895+00:00,/dev/cu.usbserial-576B0005451,"RX,80674,R35,TXB,N16,7,18893,G,1,0.93,0.90,5,U,-87,9.25"
RX,81157,R35,TXE,N61,5,19382,C,0,0.81,0.78,5.0,U,-82.0,9.5,True,,2026-07-09T14:20:04.379+00:00,/dev/cu.usbserial-576B0005451,"RX,81157,R35,TXE,N61,5,19382,C,0,0.81,0.78,5,U,-82,9.50"
RX,81265,R35,TXI,N121,2,19481,E,1,0.87,0.84,5.0,U,-77.0,10.0,True,,2026-07-09T14:20:04.487+00:00,/dev/cu.usbserial-576B0005451,"RX,81265,R35,TXI,N121,2,19481,E,1,0.87,0.84,5,U,-77,10.00"
RX,81407,R35,TXA,N01,17,19627,B,1,0.2,0.18,5.0,F,-81.0,10.0,True,,2026-07-09T14:20:04.629+00:00,/dev/cu.usbserial-576B0005451,"RX,81407,R35,TXA,N01,17,19627,B,1,0.20,0.18,5,F,-81,10.00"
RX,81547,R35,TXK,N151,9,19763,C,1,0.81,0.78,5.0,U,-88.0,9.5,True,,2026-07-09T14:20:04.769+00:00,/dev/cu.usbserial-576B0005451,"RX,81547,R35,TXK,N151,9,19763,C,1,0.81,0.78,5,U,-88,9.50"
RX,82161,R35,TXC,N31,3,20381,G,1,0.93,0.9,5.0,U,-77.0,9.25,True,,2026-07-09T14:20:05.383+00:00,/dev/cu.usbserial-576B0005451,"RX,82161,R35,TXC,N31,3,20381,G,1,0.93,0.90,5,U,-77,9.25"
RX,82407,R35,TXA,N01,18,20627,C,1,0.81,0.78,5.0,F,-82.0,9.75,True,,2026-07-09T14:20:05.629+00:00,/dev/cu.usbserial-576B0005451,"RX,82407,R35,TXA,N01,18,20627,C,1,0.81,0.78,5,F,-82,9.75"
RX,82674,R35,TXB,N16,8,20893,A,0,0.75,0.72,5.0,U,-87.0,9.5,True,,2026-07-09T14:20:05.895+00:00,/dev/cu.usbserial-576B0005451,"RX,82674,R35,TXB,N16,8,20893,A,0,0.75,0.72,5,U,-87,9.50"
RX,83157,R35,TXE,N61,6,21382,E,1,0.87,0.84,5.0,U,-77.0,10.0,True,,2026-07-09T14:20:06.379+00:00,/dev/cu.usbserial-576B0005451,"RX,83157,R35,TXE,N61,6,21382,E,1,0.87,0.84,5,U,-77,10.00"
RX,83265,R35,TXI,N121,3,21481,G,1,0.93,0.9,5.0,U,-76.0,9.75,True,,2026-07-09T14:20:06.487+00:00,/dev/cu.usbserial-576B0005451,"RX,83265,R35,TXI,N121,3,21481,G,1,0.93,0.90,5,U,-76,9.75"
RX,83407,R35,TXA,N01,19,21627,D,0,0.24,0.22,5.0,F,-86.0,9.5,True,,2026-07-09T14:20:06.629+00:00,/dev/cu.usbserial-576B0005451,"RX,83407,R35,TXA,N01,19,21627,D,0,0.24,0.22,5,F,-86,9.50"
RX,83547,R35,TXK,N151,10,21763,E,1,0.87,0.84,5.0,U,-70.0,9.5,True,,2026-07-09T14:20:06.769+00:00,/dev/cu.usbserial-576B0005451,"RX,83547,R35,TXK,N151,10,21763,E,1,0.87,0.84,5,U,-70,9.50"
RX,84407,R35,TXA,N01,20,22627,E,1,0.87,0.84,5.0,F,-84.0,10.0,True,,2026-07-09T14:20:07.629+00:00,/dev/cu.usbserial-576B0005451,"RX,84407,R35,TXA,N01,20,22627,E,1,0.87,0.84,5,F,-84,10.00"
RX,84674,R35,TXB,N16,9,22893,C,1,0.81,0.78,5.0,U,-85.0,9.5,True,,2026-07-09T14:20:07.895+00:00,/dev/cu.usbserial-576B0005451,"RX,84674,R35,TXB,N16,9,22893,C,1,0.81,0.78,5,U,-85,9.50"
RX,85157,R35,TXE,N61,7,23382,G,1,0.93,0.9,5.0,U,-77.0,9.25,True,,2026-07-09T14:20:08.379+00:00,/dev/cu.usbserial-576B0005451,"RX,85157,R35,TXE,N61,7,23382,G,1,0.93,0.90,5,U,-77,9.25"
RX,85407,R35,TXA,N01,21,23627,F,1,0.28,0.26,5.0,F,-93.0,9.75,True,,2026-07-09T14:20:08.629+00:00,/dev/cu.usbserial-576B0005451,"RX,85407,R35,TXA,N01,21,23627,F,1,0.28,0.26,5,F,-93,9.75"
RX,85701,R35,TXL,N166,2,23917,G,0,0.93,0.9,5.0,U,-88.0,9.25,True,,2026-07-09T14:20:08.923+00:00,/dev/cu.usbserial-576B0005451,"RX,85701,R35,TXL,N166,2,23917,G,0,0.93,0.90,5,U,-88,9.25"
RX,85906,R35,TXF,N76,4,24131,E,1,0.87,0.84,5.0,U,-79.0,9.75,True,,2026-07-09T14:20:09.128+00:00,/dev/cu.usbserial-576B0005451,"RX,85906,R35,TXF,N76,4,24131,E,1,0.87,0.84,5,U,-79,9.75"
RX,86211,R35,TXD,N46,2,24431,G,0,0.93,0.9,5.0,U,-73.0,9.5,True,,2026-07-09T14:20:09.432+00:00,/dev/cu.usbserial-576B0005451,"RX,86211,R35,TXD,N46,2,24431,G,0,0.93,0.90,5,U,-73,9.50"
RX,86407,R35,TXA,N01,22,24627,G,0,0.93,0.9,5.0,F,-91.0,10.0,True,,2026-07-09T14:20:09.629+00:00,/dev/cu.usbserial-576B0005451,"RX,86407,R35,TXA,N01,22,24627,G,0,0.93,0.90,5,F,-91,10.00"
RX,86674,R35,TXB,N16,10,24893,E,1,0.87,0.84,5.0,U,-85.0,10.25,True,,2026-07-09T14:20:09.896+00:00,/dev/cu.usbserial-576B0005451,"RX,86674,R35,TXB,N16,10,24893,E,1,0.87,0.84,5,U,-85,10.25"
RX,86855,R35,TXG,N91,1,25080,G,1,0.93,0.9,5.0,U,-83.0,9.5,True,,2026-07-09T14:20:10.077+00:00,/dev/cu.usbserial-576B0005451,"RX,86855,R35,TXG,N91,1,25080,G,1,0.93,0.90,5,U,-83,9.50"
RX,87157,R35,TXE,N61,8,25382,A,0,0.75,0.72,5.0,U,-77.0,9.75,True,,2026-07-09T14:20:10.380+00:00,/dev/cu.usbserial-576B0005451,"RX,87157,R35,TXE,N61,8,25382,A,0,0.75,0.72,5,U,-77,9.75"
RX,87407,R35,TXA,N01,23,25627,H,1,0.32,0.3,5.0,F,-91.0,9.75,True,,2026-07-09T14:20:10.628+00:00,/dev/cu.usbserial-576B0005451,"RX,87407,R35,TXA,N01,23,25627,H,1,0.32,0.30,5,F,-91,9.75"
RX,87547,R35,TXK,N151,12,25763,A,1,0.75,0.72,5.0,U,-72.0,9.25,True,,2026-07-09T14:20:10.774+00:00,/dev/cu.usbserial-576B0005451,"RX,87547,R35,TXK,N151,12,25763,A,1,0.75,0.72,5,U,-72,9.25"
RX,87906,R35,TXF,N76,5,26131,G,0,0.93,0.9,5.0,U,-79.0,9.75,True,,2026-07-09T14:20:11.128+00:00,/dev/cu.usbserial-576B0005451,"RX,87906,R35,TXF,N76,5,26131,G,0,0.93,0.90,5,U,-79,9.75"
RX,88064,R35,TXJ,N136,1,26280,G,1,0.93,0.9,5.0,U,-74.0,9.75,True,,2026-07-09T14:20:11.285+00:00,/dev/cu.usbserial-576B0005451,"RX,88064,R35,TXJ,N136,1,26280,G,1,0.93,0.90,5,U,-74,9.75"
RX,88160,R35,TXC,N31,4,26381,E,1,0.87,0.84,5.0,U,-75.0,9.5,True,,2026-07-09T14:20:11.382+00:00,/dev/cu.usbserial-576B0005451,"RX,88160,R35,TXC,N31,4,26381,E,1,0.87,0.84,5,U,-75,9.50"
RX,88407,R35,TXA,N01,24,26627,A,1,0.75,0.72,5.0,F,-90.0,9.5,True,,2026-07-09T14:20:11.629+00:00,/dev/cu.usbserial-576B0005451,"RX,88407,R35,TXA,N01,24,26627,A,1,0.75,0.72,5,F,-90,9.50"
RX,88674,R35,TXB,N16,11,26893,G,0,0.93,0.9,5.0,U,-85.0,10.25,True,,2026-07-09T14:20:11.895+00:00,/dev/cu.usbserial-576B0005451,"RX,88674,R35,TXB,N16,11,26893,G,0,0.93,0.90,5,U,-85,10.25"
RX,89157,R35,TXE,N61,9,27382,C,1,0.81,0.78,5.0,U,-77.0,9.5,True,,2026-07-09T14:20:12.379+00:00,/dev/cu.usbserial-576B0005451,"RX,89157,R35,TXE,N61,9,27382,C,1,0.81,0.78,5,U,-77,9.50"
RX,89265,R35,TXI,N121,4,27481,E,1,0.87,0.84,5.0,U,-73.0,10.25,True,,2026-07-09T14:20:12.487+00:00,/dev/cu.usbserial-576B0005451,"RX,89265,R35,TXI,N121,4,27481,E,1,0.87,0.84,5,U,-73,10.25"
RX,89407,R35,TXA,N01,25,27627,B,0,0.2,0.18,5.0,F,-90.0,10.0,True,,2026-07-09T14:20:12.629+00:00,/dev/cu.usbserial-576B0005451,"RX,89407,R35,TXA,N01,25,27627,B,0,0.20,0.18,5,F,-90,10.00"
RX,89547,R35,TXK,N151,13,27763,C,1,0.81,0.78,5.0,U,-71.0,9.75,True,,2026-07-09T14:20:12.769+00:00,/dev/cu.usbserial-576B0005451,"RX,89547,R35,TXK,N151,13,27763,C,1,0.81,0.78,5,U,-71,9.75"
RX,90160,R35,TXC,N31,5,28381,G,0,0.93,0.9,5.0,U,-75.0,10.25,True,,2026-07-09T14:20:13.382+00:00,/dev/cu.usbserial-576B0005451,"RX,90160,R35,TXC,N31,5,28381,G,0,0.93,0.90,5,U,-75,10.25"
RX,90407,R35,TXA,N01,26,28627,C,1,0.81,0.78,5.0,F,-88.0,10.0,True,,2026-07-09T14:20:13.629+00:00,/dev/cu.usbserial-576B0005451,"RX,90407,R35,TXA,N01,26,28627,C,1,0.81,0.78,5,F,-88,10.00"
RX,90674,R35,TXB,N16,12,28893,A,1,0.75,0.72,5.0,U,-86.0,9.5,True,,2026-07-09T14:20:13.895+00:00,/dev/cu.usbserial-576B0005451,"RX,90674,R35,TXB,N16,12,28893,A,1,0.75,0.72,5,U,-86,9.50"
RX,91157,R35,TXE,N61,10,29382,E,1,0.87,0.84,5.0,U,-76.0,9.75,True,,2026-07-09T14:20:14.379+00:00,/dev/cu.usbserial-576B0005451,"RX,91157,R35,TXE,N61,10,29382,E,1,0.87,0.84,5,U,-76,9.75"
RX,91265,R35,TXI,N121,5,29481,G,0,0.93,0.9,5.0,U,-69.0,9.75,True,,2026-07-09T14:20:14.487+00:00,/dev/cu.usbserial-576B0005451,"RX,91265,R35,TXI,N121,5,29481,G,0,0.93,0.90,5,U,-69,9.75"
RX,91407,R35,TXA,N01,27,29627,D,1,0.24,0.22,5.0,F,-88.0,9.5,True,,2026-07-09T14:20:14.629+00:00,/dev/cu.usbserial-576B0005451,"RX,91407,R35,TXA,N01,27,29627,D,1,0.24,0.22,5,F,-88,9.50"
RX,91547,R35,TXK,N151,14,29763,E,0,0.87,0.84,5.0,U,-71.0,9.25,True,,2026-07-09T14:20:14.769+00:00,/dev/cu.usbserial-576B0005451,"RX,91547,R35,TXK,N151,14,29763,E,0,0.87,0.84,5,U,-71,9.25"
RX,92407,R35,TXA,N01,28,30627,E,0,0.87,0.84,5.0,F,-86.0,9.25,True,,2026-07-09T14:20:15.629+00:00,/dev/cu.usbserial-576B0005451,"RX,92407,R35,TXA,N01,28,30627,E,0,0.87,0.84,5,F,-86,9.25"
RX,92674,R35,TXB,N16,13,30893,C,1,0.81,0.78,5.0,U,-86.0,10.25,True,,2026-07-09T14:20:15.896+00:00,/dev/cu.usbserial-576B0005451,"RX,92674,R35,TXB,N16,13,30893,C,1,0.81,0.78,5,U,-86,10.25"
RX,93158,R35,TXE,N61,11,31382,G,0,0.93,0.9,5.0,U,-77.0,10.5,True,,2026-07-09T14:20:16.379+00:00,/dev/cu.usbserial-576B0005451,"RX,93158,R35,TXE,N61,11,31382,G,0,0.93,0.90,5,U,-77,10.50"
RX,93407,R35,TXA,N01,29,31627,F,1,0.28,0.26,5.0,F,-90.0,10.0,True,,2026-07-09T14:20:16.629+00:00,/dev/cu.usbserial-576B0005451,"RX,93407,R35,TXA,N01,29,31627,F,1,0.28,0.26,5,F,-90,10.00"
RX,93701,R35,TXL,N166,3,31917,G,1,0.93,0.9,5.0,U,-90.0,9.5,True,,2026-07-09T14:20:16.922+00:00,/dev/cu.usbserial-576B0005451,"RX,93701,R35,TXL,N166,3,31917,G,1,0.93,0.90,5,U,-90,9.50"
RX,93906,R35,TXF,N76,6,32131,E,0,0.87,0.84,5.0,U,-77.0,9.5,True,,2026-07-09T14:20:17.128+00:00,/dev/cu.usbserial-576B0005451,"RX,93906,R35,TXF,N76,6,32131,E,0,0.87,0.84,5,U,-77,9.50"
RX,94210,R35,TXD,N46,3,32431,G,1,0.93,0.9,5.0,U,-74.0,9.5,True,,2026-07-09T14:20:17.432+00:00,/dev/cu.usbserial-576B0005451,"RX,94210,R35,TXD,N46,3,32431,G,1,0.93,0.90,5,U,-74,9.50"
RX,94407,R35,TXA,N01,30,32627,G,1,0.93,0.9,5.0,F,-84.0,9.75,True,,2026-07-09T14:20:17.629+00:00,/dev/cu.usbserial-576B0005451,"RX,94407,R35,TXA,N01,30,32627,G,1,0.93,0.90,5,F,-84,9.75"
RX,94674,R35,TXB,N16,14,32893,E,0,0.87,0.84,5.0,U,-86.0,9.75,True,,2026-07-09T14:20:17.896+00:00,/dev/cu.usbserial-576B0005451,"RX,94674,R35,TXB,N16,14,32893,E,0,0.87,0.84,5,U,-86,9.75"
RX,94855,R35,TXG,N91,2,33080,G,0,0.93,0.9,5.0,U,-81.0,9.25,True,,2026-07-09T14:20:18.077+00:00,/dev/cu.usbserial-576B0005451,"RX,94855,R35,TXG,N91,2,33080,G,0,0.93,0.90,5,U,-81,9.25"
RX,95157,R35,TXE,N61,12,33382,A,1,0.75,0.72,5.0,U,-76.0,10.0,True,,2026-07-09T14:20:18.379+00:00,/dev/cu.usbserial-576B0005451,"RX,95157,R35,TXE,N61,12,33382,A,1,0.75,0.72,5,U,-76,10.00"
RX,95407,R35,TXA,N01,31,33627,H,0,0.32,0.3,5.0,F,-80.0,10.25,True,,2026-07-09T14:20:18.629+00:00,/dev/cu.usbserial-576B0005451,"RX,95407,R35,TXA,N01,31,33627,H,0,0.32,0.30,5,F,-80,10.25"
RX,95547,R35,TXK,N151,16,33763,A,1,0.75,0.72,5.0,U,-80.0,9.25,True,,2026-07-09T14:20:18.769+00:00,/dev/cu.usbserial-576B0005451,"RX,95547,R35,TXK,N151,16,33763,A,1,0.75,0.72,5,U,-80,9.25"
RX,95906,R35,TXF,N76,7,34131,G,1,0.93,0.9,5.0,U,-81.0,9.0,True,,2026-07-09T14:20:19.128+00:00,/dev/cu.usbserial-576B0005451,"RX,95906,R35,TXF,N76,7,34131,G,1,0.93,0.90,5,U,-81,9.00"
RX,96064,R35,TXJ,N136,2,34280,G,0,0.93,0.9,5.0,U,-96.0,10.0,True,,2026-07-09T14:20:19.286+00:00,/dev/cu.usbserial-576B0005451,"RX,96064,R35,TXJ,N136,2,34280,G,0,0.93,0.90,5,U,-96,10.00"
RX,96407,R35,TXA,N01,32,34627,A,1,0.75,0.72,5.0,F,-86.0,10.0,True,,2026-07-09T14:20:19.629+00:00,/dev/cu.usbserial-576B0005451,"RX,96407,R35,TXA,N01,32,34627,A,1,0.75,0.72,5,F,-86,10.00"
RX,96674,R35,TXB,N16,15,34893,G,1,0.93,0.9,5.0,U,-86.0,9.75,True,,2026-07-09T14:20:19.896+00:00,/dev/cu.usbserial-576B0005451,"RX,96674,R35,TXB,N16,15,34893,G,1,0.93,0.90,5,U,-86,9.75"
RX,97157,R35,TXE,N61,13,35382,C,1,0.81,0.78,5.0,U,-76.0,10.0,True,,2026-07-09T14:20:20.379+00:00,/dev/cu.usbserial-576B0005451,"RX,97157,R35,TXE,N61,13,35382,C,1,0.81,0.78,5,U,-76,10.00"
RX,97265,R35,TXI,N121,6,35481,E,0,0.87,0.84,5.0,U,-73.0,10.0,True,,2026-07-09T14:20:20.487+00:00,/dev/cu.usbserial-576B0005451,"RX,97265,R35,TXI,N121,6,35481,E,0,0.87,0.84,5,U,-73,10.00"
RX,97407,R35,TXA,N01,33,35627,B,1,0.2,0.18,5.0,F,-86.0,9.75,True,,2026-07-09T14:20:20.629+00:00,/dev/cu.usbserial-576B0005451,"RX,97407,R35,TXA,N01,33,35627,B,1,0.20,0.18,5,F,-86,9.75"
RX,97547,R35,TXK,N151,17,35763,C,0,0.81,0.78,5.0,U,-77.0,9.75,True,,2026-07-09T14:20:20.769+00:00,/dev/cu.usbserial-576B0005451,"RX,97547,R35,TXK,N151,17,35763,C,0,0.81,0.78,5,U,-77,9.75"
RX,98160,R35,TXC,N31,7,36381,G,1,0.93,0.9,5.0,U,-72.0,10.25,True,,2026-07-09T14:20:21.383+00:00,/dev/cu.usbserial-576B0005451,"RX,98160,R35,TXC,N31,7,36381,G,1,0.93,0.90,5,U,-72,10.25"
RX,98407,R35,TXA,N01,34,36627,C,0,0.81,0.78,5.0,F,-100.0,9.5,True,,2026-07-09T14:20:21.629+00:00,/dev/cu.usbserial-576B0005451,"RX,98407,R35,TXA,N01,34,36627,C,0,0.81,0.78,5,F,-100,9.50"
RX,98674,R35,TXB,N16,16,36893,A,1,0.75,0.72,5.0,U,-84.0,10.0,True,,2026-07-09T14:20:21.896+00:00,/dev/cu.usbserial-576B0005451,"RX,98674,R35,TXB,N16,16,36893,A,1,0.75,0.72,5,U,-84,10.00"
RX,99158,R35,TXE,N61,14,37382,E,0,0.87,0.84,5.0,U,-77.0,10.25,True,,2026-07-09T14:20:22.379+00:00,/dev/cu.usbserial-576B0005451,"RX,99158,R35,TXE,N61,14,37382,E,0,0.87,0.84,5,U,-77,10.25"
RX,99265,R35,TXI,N121,7,37481,G,1,0.93,0.9,5.0,U,-73.0,10.5,True,,2026-07-09T14:20:22.487+00:00,/dev/cu.usbserial-576B0005451,"RX,99265,R35,TXI,N121,7,37481,G,1,0.93,0.90,5,U,-73,10.50"
RX,99407,R35,TXA,N01,35,37627,D,1,0.24,0.22,5.0,F,-84.0,10.0,True,,2026-07-09T14:20:22.629+00:00,/dev/cu.usbserial-576B0005451,"RX,99407,R35,TXA,N01,35,37627,D,1,0.24,0.22,5,F,-84,10.00"
RX,99547,R35,TXK,N151,18,37763,E,1,0.87,0.84,5.0,U,-72.0,9.75,True,,2026-07-09T14:20:22.769+00:00,/dev/cu.usbserial-576B0005451,"RX,99547,R35,TXK,N151,18,37763,E,1,0.87,0.84,5,U,-72,9.75"
RX,100407,R35,TXA,N01,36,38627,E,1,0.87,0.84,5.0,F,-82.0,10.0,True,,2026-07-09T14:20:23.629+00:00,/dev/cu.usbserial-576B0005451,"RX,100407,R35,TXA,N01,36,38627,E,1,0.87,0.84,5,F,-82,10.00"
RX,100674,R35,TXB,N16,17,38893,C,0,0.81,0.78,5.0,U,-85.0,9.5,True,,2026-07-09T14:20:23.896+00:00,/dev/cu.usbserial-576B0005451,"RX,100674,R35,TXB,N16,17,38893,C,0,0.81,0.78,5,U,-85,9.50"
RX,101157,R35,TXE,N61,15,39382,G,1,0.93,0.9,5.0,U,-76.0,9.75,True,,2026-07-09T14:20:24.380+00:00,/dev/cu.usbserial-576B0005451,"RX,101157,R35,TXE,N61,15,39382,G,1,0.93,0.90,5,U,-76,9.75"
RX,101407,R35,TXA,N01,37,39627,F,0,0.28,0.26,5.0,F,-87.0,9.75,True,,2026-07-09T14:20:24.629+00:00,/dev/cu.usbserial-576B0005451,"RX,101407,R35,TXA,N01,37,39627,F,0,0.28,0.26,5,F,-87,9.75"
RX,101547,R35,TXK,N151,19,39763,G,1,0.93,0.9,5.0,U,-72.0,9.5,True,,2026-07-09T14:20:24.769+00:00,/dev/cu.usbserial-576B0005451,"RX,101547,R35,TXK,N151,19,39763,G,1,0.93,0.90,5,U,-72,9.50"
RX,101906,R35,TXF,N76,8,40131,E,1,0.87,0.84,5.0,U,-81.0,9.5,True,,2026-07-09T14:20:25.128+00:00,/dev/cu.usbserial-576B0005451,"RX,101906,R35,TXF,N76,8,40131,E,1,0.87,0.84,5,U,-81,9.50"
RX,102211,R35,TXD,N46,4,40431,G,1,0.93,0.9,5.0,U,-72.0,9.5,True,,2026-07-09T14:20:25.432+00:00,/dev/cu.usbserial-576B0005451,"RX,102211,R35,TXD,N46,4,40431,G,1,0.93,0.90,5,U,-72,9.50"
RX,102407,R35,TXA,N01,38,40627,G,1,0.93,0.9,5.0,F,-82.0,9.75,True,,2026-07-09T14:20:25.629+00:00,/dev/cu.usbserial-576B0005451,"RX,102407,R35,TXA,N01,38,40627,G,1,0.93,0.90,5,F,-82,9.75"
RX,102674,R35,TXB,N16,18,40893,E,1,0.87,0.84,5.0,U,-84.0,10.0,True,,2026-07-09T14:20:25.896+00:00,/dev/cu.usbserial-576B0005451,"RX,102674,R35,TXB,N16,18,40893,E,1,0.87,0.84,5,U,-84,10.00"
RX,102855,R35,TXG,N91,3,41080,G,1,0.93,0.9,5.0,U,-85.0,9.5,True,,2026-07-09T14:20:26.077+00:00,/dev/cu.usbserial-576B0005451,"RX,102855,R35,TXG,N91,3,41080,G,1,0.93,0.90,5,U,-85,9.50"
RX,103157,R35,TXE,N61,16,41382,A,1,0.75,0.72,5.0,U,-78.0,9.5,True,,2026-07-09T14:20:26.379+00:00,/dev/cu.usbserial-576B0005451,"RX,103157,R35,TXE,N61,16,41382,A,1,0.75,0.72,5,U,-78,9.50"
RX,103407,R35,TXA,N01,39,41627,H,1,0.32,0.3,5.0,F,-89.0,10.25,True,,2026-07-09T14:20:26.629+00:00,/dev/cu.usbserial-576B0005451,"RX,103407,R35,TXA,N01,39,41627,H,1,0.32,0.30,5,F,-89,10.25"
RX,103547,R35,TXK,N151,20,41763,A,0,0.75,0.72,5.0,U,-75.0,9.25,True,,2026-07-09T14:20:26.769+00:00,/dev/cu.usbserial-576B0005451,"RX,103547,R35,TXK,N151,20,41763,A,0,0.75,0.72,5,U,-75,9.25"
RX,103906,R35,TXF,N76,9,42131,G,1,0.93,0.9,5.0,U,-81.0,9.25,True,,2026-07-09T14:20:27.128+00:00,/dev/cu.usbserial-576B0005451,"RX,103906,R35,TXF,N76,9,42131,G,1,0.93,0.90,5,U,-81,9.25"
RX,104064,R35,TXJ,N136,3,42280,G,1,0.93,0.9,5.0,U,-78.0,10.0,True,,2026-07-09T14:20:27.287+00:00,/dev/cu.usbserial-576B0005451,"RX,104064,R35,TXJ,N136,3,42280,G,1,0.93,0.90,5,U,-78,10.00"
RX,104160,R35,TXC,N31,8,42381,E,1,0.87,0.84,5.0,U,-72.0,9.75,True,,2026-07-09T14:20:27.382+00:00,/dev/cu.usbserial-576B0005451,"RX,104160,R35,TXC,N31,8,42381,E,1,0.87,0.84,5,U,-72,9.75"
RX,104407,R35,TXA,N01,40,42627,A,0,0.75,0.72,5.0,F,-88.0,10.25,True,,2026-07-09T14:20:27.629+00:00,/dev/cu.usbserial-576B0005451,"RX,104407,R35,TXA,N01,40,42627,A,0,0.75,0.72,5,F,-88,10.25"
RX,104674,R35,TXB,N16,19,42893,G,1,0.93,0.9,5.0,U,-85.0,10.0,True,,2026-07-09T14:20:27.896+00:00,/dev/cu.usbserial-576B0005451,"RX,104674,R35,TXB,N16,19,42893,G,1,0.93,0.90,5,U,-85,10.00"
RX,105158,R35,TXE,N61,17,43382,C,0,0.81,0.78,5.0,U,-76.0,9.5,True,,2026-07-09T14:20:28.380+00:00,/dev/cu.usbserial-576B0005451,"RX,105158,R35,TXE,N61,17,43382,C,0,0.81,0.78,5,U,-76,9.50"
RX,105265,R35,TXI,N121,8,43481,E,1,0.87,0.84,5.0,U,-74.0,9.75,True,,2026-07-09T14:20:28.487+00:00,/dev/cu.usbserial-576B0005451,"RX,105265,R35,TXI,N121,8,43481,E,1,0.87,0.84,5,U,-74,9.75"
RX,105407,R35,TXA,N01,41,43627,B,1,0.2,0.18,5.0,F,-93.0,9.5,True,,2026-07-09T14:20:28.629+00:00,/dev/cu.usbserial-576B0005451,"RX,105407,R35,TXA,N01,41,43627,B,1,0.20,0.18,5,F,-93,9.50"
RX,105547,R35,TXK,N151,21,43763,C,1,0.81,0.78,5.0,U,-71.0,9.5,True,,2026-07-09T14:20:28.769+00:00,/dev/cu.usbserial-576B0005451,"RX,105547,R35,TXK,N151,21,43763,C,1,0.81,0.78,5,U,-71,9.50"
RX,106160,R35,TXC,N31,9,44381,G,1,0.93,0.9,5.0,U,-75.0,9.25,True,,2026-07-09T14:20:29.383+00:00,/dev/cu.usbserial-576B0005451,"RX,106160,R35,TXC,N31,9,44381,G,1,0.93,0.90,5,U,-75,9.25"
RX,106407,R35,TXA,N01,42,44627,C,1,0.81,0.78,5.0,F,-87.0,9.5,True,,2026-07-09T14:20:29.629+00:00,/dev/cu.usbserial-576B0005451,"RX,106407,R35,TXA,N01,42,44627,C,1,0.81,0.78,5,F,-87,9.50"
RX,106674,R35,TXB,N16,20,44893,A,0,0.75,0.72,5.0,U,-84.0,10.0,True,,2026-07-09T14:20:29.896+00:00,/dev/cu.usbserial-576B0005451,"RX,106674,R35,TXB,N16,20,44893,A,0,0.75,0.72,5,U,-84,10.00"
RX,107158,R35,TXE,N61,18,45382,E,1,0.87,0.84,5.0,U,-75.0,9.75,True,,2026-07-09T14:20:30.380+00:00,/dev/cu.usbserial-576B0005451,"RX,107158,R35,TXE,N61,18,45382,E,1,0.87,0.84,5,U,-75,9.75"
RX,107265,R35,TXI,N121,9,45481,G,1,0.93,0.9,5.0,U,-74.0,10.25,True,,2026-07-09T14:20:30.487+00:00,/dev/cu.usbserial-576B0005451,"RX,107265,R35,TXI,N121,9,45481,G,1,0.93,0.90,5,U,-74,10.25"
RX,107407,R35,TXA,N01,43,45627,D,0,0.24,0.22,5.0,F,-86.0,9.75,True,,2026-07-09T14:20:30.629+00:00,/dev/cu.usbserial-576B0005451,"RX,107407,R35,TXA,N01,43,45627,D,0,0.24,0.22,5,F,-86,9.75"
RX,107547,R35,TXK,N151,22,45763,E,1,0.87,0.84,5.0,U,-72.0,9.75,True,,2026-07-09T14:20:30.769+00:00,/dev/cu.usbserial-576B0005451,"RX,107547,R35,TXK,N151,22,45763,E,1,0.87,0.84,5,U,-72,9.75"
RX,108407,R35,TXA,N01,44,46627,E,1,0.87,0.84,5.0,F,-87.0,9.75,True,,2026-07-09T14:20:31.629+00:00,/dev/cu.usbserial-576B0005451,"RX,108407,R35,TXA,N01,44,46627,E,1,0.87,0.84,5,F,-87,9.75"
RX,108674,R35,TXB,N16,21,46893,C,1,0.81,0.78,5.0,U,-85.0,9.5,True,,2026-07-09T14:20:31.896+00:00,/dev/cu.usbserial-576B0005451,"RX,108674,R35,TXB,N16,21,46893,C,1,0.81,0.78,5,U,-85,9.50"
RX,109158,R35,TXE,N61,19,47382,G,1,0.93,0.9,5.0,U,-76.0,9.5,True,,2026-07-09T14:20:32.380+00:00,/dev/cu.usbserial-576B0005451,"RX,109158,R35,TXE,N61,19,47382,G,1,0.93,0.90,5,U,-76,9.50"
RX,109407,R35,TXA,N01,45,47627,F,1,0.28,0.26,5.0,F,-94.0,9.75,True,,2026-07-09T14:20:32.629+00:00,/dev/cu.usbserial-576B0005451,"RX,109407,R35,TXA,N01,45,47627,F,1,0.28,0.26,5,F,-94,9.75"
RX,109547,R35,TXK,N151,23,47763,G,0,0.93,0.9,5.0,U,-70.0,9.5,True,,2026-07-09T14:20:32.769+00:00,/dev/cu.usbserial-576B0005451,"RX,109547,R35,TXK,N151,23,47763,G,0,0.93,0.90,5,U,-70,9.50"
RX,109906,R35,TXF,N76,10,48131,E,1,0.87,0.84,5.0,U,-79.0,9.5,True,,2026-07-09T14:20:33.128+00:00,/dev/cu.usbserial-576B0005451,"RX,109906,R35,TXF,N76,10,48131,E,1,0.87,0.84,5,U,-79,9.50"
RX,110211,R35,TXD,N46,5,48431,G,0,0.93,0.9,5.0,U,-72.0,9.75,True,,2026-07-09T14:20:33.432+00:00,/dev/cu.usbserial-576B0005451,"RX,110211,R35,TXD,N46,5,48431,G,0,0.93,0.90,5,U,-72,9.75"
RX,110407,R35,TXA,N01,46,48627,G,0,0.93,0.9,5.0,F,-86.0,9.5,True,,2026-07-09T14:20:33.629+00:00,/dev/cu.usbserial-576B0005451,"RX,110407,R35,TXA,N01,46,48627,G,0,0.93,0.90,5,F,-86,9.50"
RX,110674,R35,TXB,N16,22,48893,E,1,0.87,0.84,5.0,U,-85.0,9.5,True,,2026-07-09T14:20:33.896+00:00,/dev/cu.usbserial-576B0005451,"RX,110674,R35,TXB,N16,22,48893,E,1,0.87,0.84,5,U,-85,9.50"
RX,110855,R35,TXG,N91,4,49080,G,1,0.93,0.9,5.0,U,-84.0,10.25,True,,2026-07-09T14:20:34.077+00:00,/dev/cu.usbserial-576B0005451,"RX,110855,R35,TXG,N91,4,49080,G,1,0.93,0.90,5,U,-84,10.25"
RX,111158,R35,TXE,N61,20,49382,A,0,0.75,0.72,5.0,U,-78.0,9.75,True,,2026-07-09T14:20:34.379+00:00,/dev/cu.usbserial-576B0005451,"RX,111158,R35,TXE,N61,20,49382,A,0,0.75,0.72,5,U,-78,9.75"
RX,111407,R35,TXA,N01,47,49627,H,1,0.32,0.3,5.0,F,-87.0,10.0,True,,2026-07-09T14:20:34.629+00:00,/dev/cu.usbserial-576B0005451,"RX,111407,R35,TXA,N01,47,49627,H,1,0.32,0.30,5,F,-87,10.00"
RX,111547,R35,TXK,N151,24,49763,A,1,0.75,0.72,5.0,U,-71.0,9.75,True,,2026-07-09T14:20:34.769+00:00,/dev/cu.usbserial-576B0005451,"RX,111547,R35,TXK,N151,24,49763,A,1,0.75,0.72,5,U,-71,9.75"
RX,111906,R35,TXF,N76,11,50131,G,0,0.93,0.9,5.0,U,-80.0,10.0,True,,2026-07-09T14:20:35.128+00:00,/dev/cu.usbserial-576B0005451,"RX,111906,R35,TXF,N76,11,50131,G,0,0.93,0.90,5,U,-80,10.00"
RX,112064,R35,TXJ,N136,4,50280,G,1,0.93,0.9,5.0,U,-76.0,9.5,True,,2026-07-09T14:20:35.286+00:00,/dev/cu.usbserial-576B0005451,"RX,112064,R35,TXJ,N136,4,50280,G,1,0.93,0.90,5,U,-76,9.50"
RX,112160,R35,TXC,N31,10,50381,E,1,0.87,0.84,5.0,U,-77.0,10.25,True,,2026-07-09T14:20:35.382+00:00,/dev/cu.usbserial-576B0005451,"RX,112160,R35,TXC,N31,10,50381,E,1,0.87,0.84,5,U,-77,10.25"
RX,112407,R35,TXA,N01,48,50627,A,1,0.75,0.72,5.0,F,-88.0,9.5,True,,2026-07-09T14:20:35.629+00:00,/dev/cu.usbserial-576B0005451,"RX,112407,R35,TXA,N01,48,50627,A,1,0.75,0.72,5,F,-88,9.50"
RX,112674,R35,TXB,N16,23,50893,G,0,0.93,0.9,5.0,U,-84.0,10.0,True,,2026-07-09T14:20:35.895+00:00,/dev/cu.usbserial-576B0005451,"RX,112674,R35,TXB,N16,23,50893,G,0,0.93,0.90,5,U,-84,10.00"
RX,113158,R35,TXE,N61,21,51382,C,1,0.81,0.78,5.0,U,-76.0,10.25,True,,2026-07-09T14:20:36.379+00:00,/dev/cu.usbserial-576B0005451,"RX,113158,R35,TXE,N61,21,51382,C,1,0.81,0.78,5,U,-76,10.25"
RX,113265,R35,TXI,N121,10,51481,E,1,0.87,0.84,5.0,U,-75.0,9.0,True,,2026-07-09T14:20:36.487+00:00,/dev/cu.usbserial-576B0005451,"RX,113265,R35,TXI,N121,10,51481,E,1,0.87,0.84,5,U,-75,9.00"
RX,113407,R35,TXA,N01,49,51627,B,0,0.2,0.18,5.0,F,-88.0,10.25,True,,2026-07-09T14:20:36.629+00:00,/dev/cu.usbserial-576B0005451,"RX,113407,R35,TXA,N01,49,51627,B,0,0.20,0.18,5,F,-88,10.25"
RX,113547,R35,TXK,N151,25,51763,C,1,0.81,0.78,5.0,U,-70.0,10.0,True,,2026-07-09T14:20:36.769+00:00,/dev/cu.usbserial-576B0005451,"RX,113547,R35,TXK,N151,25,51763,C,1,0.81,0.78,5,U,-70,10.00"
RX,114161,R35,TXC,N31,11,52381,G,0,0.93,0.9,5.0,U,-76.0,12.5,True,,2026-07-09T14:20:37.383+00:00,/dev/cu.usbserial-576B0005451,"RX,114161,R35,TXC,N31,11,52381,G,0,0.93,0.90,5,U,-76,12.50"
RX,114407,R35,TXA,N01,50,52627,C,1,0.81,0.78,5.0,F,-87.0,10.0,True,,2026-07-09T14:20:37.629+00:00,/dev/cu.usbserial-576B0005451,"RX,114407,R35,TXA,N01,50,52627,C,1,0.81,0.78,5,F,-87,10.00"
RX,114674,R35,TXB,N16,24,52893,A,1,0.75,0.72,5.0,U,-85.0,10.0,True,,2026-07-09T14:20:37.896+00:00,/dev/cu.usbserial-576B0005451,"RX,114674,R35,TXB,N16,24,52893,A,1,0.75,0.72,5,U,-85,10.00"
RX,115157,R35,TXE,N61,22,53382,E,1,0.87,0.84,5.0,U,-76.0,10.0,True,,2026-07-09T14:20:38.379+00:00,/dev/cu.usbserial-576B0005451,"RX,115157,R35,TXE,N61,22,53382,E,1,0.87,0.84,5,U,-76,10.00"
RX,115265,R35,TXI,N121,11,53481,G,0,0.93,0.9,5.0,U,-74.0,10.25,True,,2026-07-09T14:20:38.487+00:00,/dev/cu.usbserial-576B0005451,"RX,115265,R35,TXI,N121,11,53481,G,0,0.93,0.90,5,U,-74,10.25"
RX,115407,R35,TXA,N01,51,53627,D,1,0.24,0.22,5.0,F,-87.0,10.0,True,,2026-07-09T14:20:38.629+00:00,/dev/cu.usbserial-576B0005451,"RX,115407,R35,TXA,N01,51,53627,D,1,0.24,0.22,5,F,-87,10.00"
RX,115547,R35,TXK,N151,26,53763,E,0,0.87,0.84,5.0,U,-70.0,9.5,True,,2026-07-09T14:20:38.769+00:00,/dev/cu.usbserial-576B0005451,"RX,115547,R35,TXK,N151,26,53763,E,0,0.87,0.84,5,U,-70,9.50"
RX,116407,R35,TXA,N01,52,54627,E,0,0.87,0.84,5.0,F,-96.0,10.75,True,,2026-07-09T14:20:39.629+00:00,/dev/cu.usbserial-576B0005451,"RX,116407,R35,TXA,N01,52,54627,E,0,0.87,0.84,5,F,-96,10.75"
RX,116674,R35,TXB,N16,25,54893,C,1,0.81,0.78,5.0,U,-86.0,9.75,True,,2026-07-09T14:20:39.896+00:00,/dev/cu.usbserial-576B0005451,"RX,116674,R35,TXB,N16,25,54893,C,1,0.81,0.78,5,U,-86,9.75"
RX,117158,R35,TXE,N61,23,55382,G,0,0.93,0.9,5.0,U,-75.0,10.25,True,,2026-07-09T14:20:40.380+00:00,/dev/cu.usbserial-576B0005451,"RX,117158,R35,TXE,N61,23,55382,G,0,0.93,0.90,5,U,-75,10.25"
RX,117407,R35,TXA,N01,53,55627,F,1,0.28,0.26,5.0,F,-89.0,10.0,True,,2026-07-09T14:20:40.629+00:00,/dev/cu.usbserial-576B0005451,"RX,117407,R35,TXA,N01,53,55627,F,1,0.28,0.26,5,F,-89,10.00"
RX,117547,R35,TXK,N151,27,55763,G,1,0.93,0.9,5.0,U,-71.0,9.5,True,,2026-07-09T14:20:40.769+00:00,/dev/cu.usbserial-576B0005451,"RX,117547,R35,TXK,N151,27,55763,G,1,0.93,0.90,5,U,-71,9.50"
RX,117906,R35,TXF,N76,12,56131,E,0,0.87,0.84,5.0,U,-79.0,9.5,True,,2026-07-09T14:20:41.128+00:00,/dev/cu.usbserial-576B0005451,"RX,117906,R35,TXF,N76,12,56131,E,0,0.87,0.84,5,U,-79,9.50"
RX,118211,R35,TXD,N46,6,56431,G,1,0.93,0.9,5.0,U,-73.0,9.75,True,,2026-07-09T14:20:41.432+00:00,/dev/cu.usbserial-576B0005451,"RX,118211,R35,TXD,N46,6,56431,G,1,0.93,0.90,5,U,-73,9.75"
RX,118407,R35,TXA,N01,54,56627,G,1,0.93,0.9,5.0,F,-85.0,9.75,True,,2026-07-09T14:20:41.629+00:00,/dev/cu.usbserial-576B0005451,"RX,118407,R35,TXA,N01,54,56627,G,1,0.93,0.90,5,F,-85,9.75"
RX,118674,R35,TXB,N16,26,56893,E,0,0.87,0.84,5.0,U,-84.0,10.0,True,,2026-07-09T14:20:41.895+00:00,/dev/cu.usbserial-576B0005451,"RX,118674,R35,TXB,N16,26,56893,E,0,0.87,0.84,5,U,-84,10.00"
RX,118855,R35,TXG,N91,5,57080,G,0,0.93,0.9,5.0,U,-83.0,9.75,True,,2026-07-09T14:20:42.077+00:00,/dev/cu.usbserial-576B0005451,"RX,118855,R35,TXG,N91,5,57080,G,0,0.93,0.90,5,U,-83,9.75"
RX,119158,R35,TXE,N61,24,57382,A,1,0.75,0.72,5.0,U,-76.0,9.5,True,,2026-07-09T14:20:42.379+00:00,/dev/cu.usbserial-576B0005451,"RX,119158,R35,TXE,N61,24,57382,A,1,0.75,0.72,5,U,-76,9.50"
RX,119407,R35,TXA,N01,55,57627,H,0,0.32,0.3,5.0,F,-83.0,10.25,True,,2026-07-09T14:20:42.629+00:00,/dev/cu.usbserial-576B0005451,"RX,119407,R35,TXA,N01,55,57627,H,0,0.32,0.30,5,F,-83,10.25"
RX,119547,R35,TXK,N151,28,57763,A,1,0.75,0.72,5.0,U,-71.0,9.75,True,,2026-07-09T14:20:42.769+00:00,/dev/cu.usbserial-576B0005451,"RX,119547,R35,TXK,N151,28,57763,A,1,0.75,0.72,5,U,-71,9.75"
RX,119906,R35,TXF,N76,13,58131,G,1,0.93,0.9,5.0,U,-78.0,10.0,True,,2026-07-09T14:20:43.128+00:00,/dev/cu.usbserial-576B0005451,"RX,119906,R35,TXF,N76,13,58131,G,1,0.93,0.90,5,U,-78,10.00"
RX,120064,R35,TXJ,N136,5,58280,G,0,0.93,0.9,5.0,U,-78.0,9.75,True,,2026-07-09T14:20:43.286+00:00,/dev/cu.usbserial-576B0005451,"RX,120064,R35,TXJ,N136,5,58280,G,0,0.93,0.90,5,U,-78,9.75"
RX,120160,R35,TXC,N31,12,58381,E,0,0.87,0.84,5.0,U,-72.0,9.75,True,,2026-07-09T14:20:43.382+00:00,/dev/cu.usbserial-576B0005451,"RX,120160,R35,TXC,N31,12,58381,E,0,0.87,0.84,5,U,-72,9.75"
RX,120407,R35,TXA,N01,56,58627,A,1,0.75,0.72,5.0,F,-87.0,10.0,True,,2026-07-09T14:20:43.629+00:00,/dev/cu.usbserial-576B0005451,"RX,120407,R35,TXA,N01,56,58627,A,1,0.75,0.72,5,F,-87,10.00"
RX,120674,R35,TXB,N16,27,58893,G,1,0.93,0.9,5.0,U,-85.0,10.0,True,,2026-07-09T14:20:43.895+00:00,/dev/cu.usbserial-576B0005451,"RX,120674,R35,TXB,N16,27,58893,G,1,0.93,0.90,5,U,-85,10.00"
RX,121157,R35,TXE,N61,25,59382,C,1,0.81,0.78,5.0,U,-75.0,10.0,True,,2026-07-09T14:20:44.379+00:00,/dev/cu.usbserial-576B0005451,"RX,121157,R35,TXE,N61,25,59382,C,1,0.81,0.78,5,U,-75,10.00"
RX,121265,R35,TXI,N121,12,59481,E,0,0.87,0.84,5.0,U,-72.0,9.25,True,,2026-07-09T14:20:44.487+00:00,/dev/cu.usbserial-576B0005451,"RX,121265,R35,TXI,N121,12,59481,E,0,0.87,0.84,5,U,-72,9.25"
RX,121407,R35,TXA,N01,57,59627,B,1,0.2,0.18,5.0,F,-88.0,9.75,True,,2026-07-09T14:20:44.629+00:00,/dev/cu.usbserial-576B0005451,"RX,121407,R35,TXA,N01,57,59627,B,1,0.20,0.18,5,F,-88,9.75"
RX,121547,R35,TXK,N151,29,59763,C,0,0.81,0.78,5.0,U,-75.0,9.5,True,,2026-07-09T14:20:44.769+00:00,/dev/cu.usbserial-576B0005451,"RX,121547,R35,TXK,N151,29,59763,C,0,0.81,0.78,5,U,-75,9.50"
RX,122160,R35,TXC,N31,13,60381,G,1,0.93,0.9,5.0,U,-76.0,9.5,True,,2026-07-09T14:20:45.382+00:00,/dev/cu.usbserial-576B0005451,"RX,122160,R35,TXC,N31,13,60381,G,1,0.93,0.90,5,U,-76,9.50"
RX,122407,R35,TXA,N01,58,60627,C,0,0.81,0.78,5.0,F,-83.0,9.75,True,,2026-07-09T14:20:45.629+00:00,/dev/cu.usbserial-576B0005451,"RX,122407,R35,TXA,N01,58,60627,C,0,0.81,0.78,5,F,-83,9.75"
RX,122674,R35,TXB,N16,28,60893,A,1,0.75,0.72,5.0,U,-86.0,9.25,True,,2026-07-09T14:20:45.895+00:00,/dev/cu.usbserial-576B0005451,"RX,122674,R35,TXB,N16,28,60893,A,1,0.75,0.72,5,U,-86,9.25"
RX,123157,R35,TXE,N61,26,61382,E,0,0.87,0.84,5.0,U,-77.0,9.75,True,,2026-07-09T14:20:46.379+00:00,/dev/cu.usbserial-576B0005451,"RX,123157,R35,TXE,N61,26,61382,E,0,0.87,0.84,5,U,-77,9.75"
RX,123265,R35,TXI,N121,13,61481,G,1,0.93,0.9,5.0,U,-75.0,9.75,True,,2026-07-09T14:20:46.487+00:00,/dev/cu.usbserial-576B0005451,"RX,123265,R35,TXI,N121,13,61481,G,1,0.93,0.90,5,U,-75,9.75"
RX,123407,R35,TXA,N01,59,61627,D,1,0.24,0.22,5.0,F,-82.0,10.0,True,,2026-07-09T14:20:46.629+00:00,/dev/cu.usbserial-576B0005451,"RX,123407,R35,TXA,N01,59,61627,D,1,0.24,0.22,5,F,-82,10.00"
RX,123547,R35,TXK,N151,30,61763,E,1,0.87,0.84,5.0,U,-71.0,9.5,True,,2026-07-09T14:20:46.769+00:00,/dev/cu.usbserial-576B0005451,"RX,123547,R35,TXK,N151,30,61763,E,1,0.87,0.84,5,U,-71,9.50"
RX,124407,R35,TXA,N01,60,62627,E,1,0.87,0.84,5.0,F,-81.0,10.0,True,,2026-07-09T14:20:47.629+00:00,/dev/cu.usbserial-576B0005451,"RX,124407,R35,TXA,N01,60,62627,E,1,0.87,0.84,5,F,-81,10.00"
RX,124674,R35,TXB,N16,29,62893,C,0,0.81,0.78,5.0,U,-85.0,9.5,True,,2026-07-09T14:20:47.895+00:00,/dev/cu.usbserial-576B0005451,"RX,124674,R35,TXB,N16,29,62893,C,0,0.81,0.78,5,U,-85,9.50"
RX,125158,R35,TXE,N61,27,63382,G,1,0.93,0.9,5.0,U,-78.0,9.25,True,,2026-07-09T14:20:48.379+00:00,/dev/cu.usbserial-576B0005451,"RX,125158,R35,TXE,N61,27,63382,G,1,0.93,0.90,5,U,-78,9.25"
RX,125407,R35,TXA,N01,61,63627,F,0,0.28,0.26,5.0,F,-82.0,9.75,True,,2026-07-09T14:20:48.628+00:00,/dev/cu.usbserial-576B0005451,"RX,125407,R35,TXA,N01,61,63627,F,0,0.28,0.26,5,F,-82,9.75"
RX,125547,R35,TXK,N151,31,63763,G,1,0.93,0.9,5.0,U,-73.0,10.0,True,,2026-07-09T14:20:48.769+00:00,/dev/cu.usbserial-576B0005451,"RX,125547,R35,TXK,N151,31,63763,G,1,0.93,0.90,5,U,-73,10.00"
RX,125906,R35,TXF,N76,14,64131,E,1,0.87,0.84,5.0,U,-84.0,9.5,True,,2026-07-09T14:20:49.128+00:00,/dev/cu.usbserial-576B0005451,"RX,125906,R35,TXF,N76,14,64131,E,1,0.87,0.84,5,U,-84,9.50"
RX,126211,R35,TXD,N46,7,64431,G,1,0.93,0.9,5.0,U,-73.0,9.5,True,,2026-07-09T14:20:49.432+00:00,/dev/cu.usbserial-576B0005451,"RX,126211,R35,TXD,N46,7,64431,G,1,0.93,0.90,5,U,-73,9.50"
RX,126407,R35,TXA,N01,62,64627,G,1,0.93,0.9,5.0,F,-81.0,9.75,True,,2026-07-09T14:20:49.628+00:00,/dev/cu.usbserial-576B0005451,"RX,126407,R35,TXA,N01,62,64627,G,1,0.93,0.90,5,F,-81,9.75"
RX,126674,R35,TXB,N16,30,64893,E,1,0.87,0.84,5.0,U,-85.0,10.75,True,,2026-07-09T14:20:49.895+00:00,/dev/cu.usbserial-576B0005451,"RX,126674,R35,TXB,N16,30,64893,E,1,0.87,0.84,5,U,-85,10.75"
RX,126855,R35,TXG,N91,6,65080,G,1,0.93,0.9,5.0,U,-88.0,9.5,True,,2026-07-09T14:20:50.077+00:00,/dev/cu.usbserial-576B0005451,"RX,126855,R35,TXG,N91,6,65080,G,1,0.93,0.90,5,U,-88,9.50"
RX,127157,R35,TXE,N61,28,65382,A,1,0.75,0.72,5.0,U,-79.0,9.5,True,,2026-07-09T14:20:50.379+00:00,/dev/cu.usbserial-576B0005451,"RX,127157,R35,TXE,N61,28,65382,A,1,0.75,0.72,5,U,-79,9.50"
RX,127407,R35,TXA,N01,63,65627,H,1,0.32,0.3,5.0,F,-81.0,9.75,True,,2026-07-09T14:20:50.628+00:00,/dev/cu.usbserial-576B0005451,"RX,127407,R35,TXA,N01,63,65627,H,1,0.32,0.30,5,F,-81,9.75"
RX,127547,R35,TXK,N151,32,65763,A,1,0.75,0.72,5.0,U,-73.0,9.75,True,,2026-07-09T14:20:50.769+00:00,/dev/cu.usbserial-576B0005451,"RX,127547,R35,TXK,N151,32,65763,A,1,0.75,0.72,5,U,-73,9.75"
RX,127906,R35,TXF,N76,15,66131,G,1,0.93,0.9,5.0,U,-82.0,9.75,True,,2026-07-09T14:20:51.128+00:00,/dev/cu.usbserial-576B0005451,"RX,127906,R35,TXF,N76,15,66131,G,1,0.93,0.90,5,U,-82,9.75"
RX,128064,R35,TXJ,N136,6,66280,G,1,0.93,0.9,5.0,U,-82.0,10.5,True,,2026-07-09T14:20:51.286+00:00,/dev/cu.usbserial-576B0005451,"RX,128064,R35,TXJ,N136,6,66280,G,1,0.93,0.90,5,U,-82,10.50"
RX,128160,R35,TXC,N31,14,66381,E,1,0.87,0.84,5.0,U,-77.0,10.5,True,,2026-07-09T14:20:51.382+00:00,/dev/cu.usbserial-576B0005451,"RX,128160,R35,TXC,N31,14,66381,E,1,0.87,0.84,5,U,-77,10.50"
RX,128407,R35,TXA,N01,64,66627,A,1,0.75,0.72,5.0,F,-82.0,10.0,True,,2026-07-09T14:20:51.628+00:00,/dev/cu.usbserial-576B0005451,"RX,128407,R35,TXA,N01,64,66627,A,1,0.75,0.72,5,F,-82,10.00"
RX,128674,R35,TXB,N16,31,66893,G,1,0.93,0.9,5.0,U,-85.0,10.5,True,,2026-07-09T14:20:51.895+00:00,/dev/cu.usbserial-576B0005451,"RX,128674,R35,TXB,N16,31,66893,G,1,0.93,0.90,5,U,-85,10.50"
RX,129157,R35,TXE,N61,29,67382,C,0,0.81,0.78,5.0,U,-78.0,9.5,True,,2026-07-09T14:20:52.379+00:00,/dev/cu.usbserial-576B0005451,"RX,129157,R35,TXE,N61,29,67382,C,0,0.81,0.78,5,U,-78,9.50"
RX,129265,R35,TXI,N121,14,67481,E,1,0.87,0.84,5.0,U,-76.0,9.25,True,,2026-07-09T14:20:52.487+00:00,/dev/cu.usbserial-576B0005451,"RX,129265,R35,TXI,N121,14,67481,E,1,0.87,0.84,5,U,-76,9.25"
RX,129407,R35,TXA,N01,65,67627,B,0,0.2,0.18,5.0,F,-81.0,10.0,True,,2026-07-09T14:20:52.629+00:00,/dev/cu.usbserial-576B0005451,"RX,129407,R35,TXA,N01,65,67627,B,0,0.20,0.18,5,F,-81,10.00"
RX,129547,R35,TXK,N151,33,67763,C,1,0.81,0.78,5.0,U,-70.0,9.5,True,,2026-07-09T14:20:52.769+00:00,/dev/cu.usbserial-576B0005451,"RX,129547,R35,TXK,N151,33,67763,C,1,0.81,0.78,5,U,-70,9.50"
RX,130160,R35,TXC,N31,15,68381,G,1,0.93,0.9,5.0,U,-75.0,9.25,True,,2026-07-09T14:20:53.382+00:00,/dev/cu.usbserial-576B0005451,"RX,130160,R35,TXC,N31,15,68381,G,1,0.93,0.90,5,U,-75,9.25"
RX,130407,R35,TXA,N01,66,68627,C,1,0.81,0.78,5.0,F,-85.0,9.75,True,,2026-07-09T14:20:53.628+00:00,/dev/cu.usbserial-576B0005451,"RX,130407,R35,TXA,N01,66,68627,C,1,0.81,0.78,5,F,-85,9.75"
RX,130674,R35,TXB,N16,32,68893,A,1,0.75,0.72,5.0,U,-84.0,9.75,True,,2026-07-09T14:20:53.895+00:00,/dev/cu.usbserial-576B0005451,"RX,130674,R35,TXB,N16,32,68893,A,1,0.75,0.72,5,U,-84,9.75"
RX,131158,R35,TXE,N61,30,69382,E,1,0.87,0.84,5.0,U,-76.0,10.0,True,,2026-07-09T14:20:54.380+00:00,/dev/cu.usbserial-576B0005451,"RX,131158,R35,TXE,N61,30,69382,E,1,0.87,0.84,5,U,-76,10.00"
RX,131265,R35,TXI,N121,15,69481,G,1,0.93,0.9,5.0,U,-76.0,9.5,True,,2026-07-09T14:20:54.487+00:00,/dev/cu.usbserial-576B0005451,"RX,131265,R35,TXI,N121,15,69481,G,1,0.93,0.90,5,U,-76,9.50"
RX,131407,R35,TXA,N01,67,69627,D,1,0.24,0.22,5.0,F,-94.0,9.75,True,,2026-07-09T14:20:54.628+00:00,/dev/cu.usbserial-576B0005451,"RX,131407,R35,TXA,N01,67,69627,D,1,0.24,0.22,5,F,-94,9.75"
RX,131547,R35,TXK,N151,34,69763,E,0,0.87,0.84,5.0,U,-70.0,9.25,True,,2026-07-09T14:20:54.769+00:00,/dev/cu.usbserial-576B0005451,"RX,131547,R35,TXK,N151,34,69763,E,0,0.87,0.84,5,U,-70,9.25"
RX,132407,R35,TXA,N01,68,70627,E,0,0.87,0.84,5.0,F,-97.0,10.25,True,,2026-07-09T14:20:55.629+00:00,/dev/cu.usbserial-576B0005451,"RX,132407,R35,TXA,N01,68,70627,E,0,0.87,0.84,5,F,-97,10.25"
RX,132674,R35,TXB,N16,33,70893,C,1,0.81,0.78,5.0,U,-85.0,10.75,True,,2026-07-09T14:20:55.895+00:00,/dev/cu.usbserial-576B0005451,"RX,132674,R35,TXB,N16,33,70893,C,1,0.81,0.78,5,U,-85,10.75"
RX,133158,R35,TXE,N61,31,71382,G,1,0.93,0.9,5.0,U,-77.0,9.75,True,,2026-07-09T14:20:56.379+00:00,/dev/cu.usbserial-576B0005451,"RX,133158,R35,TXE,N61,31,71382,G,1,0.93,0.90,5,U,-77,9.75"
RX,133407,R35,TXA,N01,69,71627,F,1,0.28,0.26,5.0,F,-92.0,10.25,True,,2026-07-09T14:20:56.629+00:00,/dev/cu.usbserial-576B0005451,"RX,133407,R35,TXA,N01,69,71627,F,1,0.28,0.26,5,F,-92,10.25"
RX,133701,R35,TXL,N166,4,71917,G,1,0.93,0.9,5.0,U,-81.0,10.25,True,,2026-07-09T14:20:56.923+00:00,/dev/cu.usbserial-576B0005451,"RX,133701,R35,TXL,N166,4,71917,G,1,0.93,0.90,5,U,-81,10.25"
RX,133906,R35,TXF,N76,16,72131,E,0,0.87,0.84,5.0,U,-79.0,10.25,True,,2026-07-09T14:20:57.128+00:00,/dev/cu.usbserial-576B0005451,"RX,133906,R35,TXF,N76,16,72131,E,0,0.87,0.84,5,U,-79,10.25"
RX,134211,R35,TXD,N46,8,72431,G,1,0.93,0.9,5.0,U,-69.0,9.75,True,,2026-07-09T14:20:57.432+00:00,/dev/cu.usbserial-576B0005451,"RX,134211,R35,TXD,N46,8,72431,G,1,0.93,0.90,5,U,-69,9.75"
RX,134407,R35,TXA,N01,70,72627,G,1,0.93,0.9,5.0,F,-97.0,10.25,True,,2026-07-09T14:20:57.629+00:00,/dev/cu.usbserial-576B0005451,"RX,134407,R35,TXA,N01,70,72627,G,1,0.93,0.90,5,F,-97,10.25"
RX,134674,R35,TXB,N16,34,72893,E,0,0.87,0.84,5.0,U,-85.0,10.0,True,,2026-07-09T14:20:57.895+00:00,/dev/cu.usbserial-576B0005451,"RX,134674,R35,TXB,N16,34,72893,E,0,0.87,0.84,5,U,-85,10.00"
RX,134855,R35,TXG,N91,7,73080,G,1,0.93,0.9,5.0,U,-85.0,9.75,True,,2026-07-09T14:20:58.077+00:00,/dev/cu.usbserial-576B0005451,"RX,134855,R35,TXG,N91,7,73080,G,1,0.93,0.90,5,U,-85,9.75"
RX,135157,R35,TXE,N61,32,73382,A,1,0.75,0.72,5.0,U,-75.0,9.75,True,,2026-07-09T14:20:58.379+00:00,/dev/cu.usbserial-576B0005451,"RX,135157,R35,TXE,N61,32,73382,A,1,0.75,0.72,5,U,-75,9.75"
RX,135407,R35,TXA,N01,71,73627,H,0,0.32,0.3,5.0,F,-95.0,9.5,True,,2026-07-09T14:20:58.628+00:00,/dev/cu.usbserial-576B0005451,"RX,135407,R35,TXA,N01,71,73627,H,0,0.32,0.30,5,F,-95,9.50"
RX,135547,R35,TXK,N151,36,73763,A,1,0.75,0.72,5.0,U,-69.0,9.25,True,,2026-07-09T14:20:58.769+00:00,/dev/cu.usbserial-576B0005451,"RX,135547,R35,TXK,N151,36,73763,A,1,0.75,0.72,5,U,-69,9.25"
RX,135906,R35,TXF,N76,17,74131,G,1,0.93,0.9,5.0,U,-79.0,9.75,True,,2026-07-09T14:20:59.128+00:00,/dev/cu.usbserial-576B0005451,"RX,135906,R35,TXF,N76,17,74131,G,1,0.93,0.90,5,U,-79,9.75"
RX,136064,R35,TXJ,N136,7,74280,G,1,0.93,0.9,5.0,U,-81.0,9.5,True,,2026-07-09T14:20:59.285+00:00,/dev/cu.usbserial-576B0005451,"RX,136064,R35,TXJ,N136,7,74280,G,1,0.93,0.90,5,U,-81,9.50"
RX,136160,R35,TXC,N31,16,74381,E,0,0.87,0.84,5.0,U,-75.0,10.5,True,,2026-07-09T14:20:59.382+00:00,/dev/cu.usbserial-576B0005451,"RX,136160,R35,TXC,N31,16,74381,E,0,0.87,0.84,5,U,-75,10.50"
RX,136407,R35,TXA,N01,72,74627,A,1,0.75,0.72,5.0,F,-87.0,9.75,True,,2026-07-09T14:20:59.628+00:00,/dev/cu.usbserial-576B0005451,"RX,136407,R35,TXA,N01,72,74627,A,1,0.75,0.72,5,F,-87,9.75"
RX,136674,R35,TXB,N16,35,74893,G,1,0.93,0.9,5.0,U,-84.0,10.0,True,,2026-07-09T14:20:59.895+00:00,/dev/cu.usbserial-576B0005451,"RX,136674,R35,TXB,N16,35,74893,G,1,0.93,0.90,5,U,-84,10.00"
RX,137158,R35,TXE,N61,33,75382,C,1,0.81,0.78,5.0,U,-75.0,9.5,True,,2026-07-09T14:21:00.379+00:00,/dev/cu.usbserial-576B0005451,"RX,137158,R35,TXE,N61,33,75382,C,1,0.81,0.78,5,U,-75,9.50"
RX,137265,R35,TXI,N121,16,75481,E,0,0.87,0.84,5.0,U,-75.0,9.5,True,,2026-07-09T14:21:00.487+00:00,/dev/cu.usbserial-576B0005451,"RX,137265,R35,TXI,N121,16,75481,E,0,0.87,0.84,5,U,-75,9.50"
RX,137407,R35,TXA,N01,73,75627,B,1,0.2,0.18,5.0,F,-87.0,10.0,True,,2026-07-09T14:21:00.629+00:00,/dev/cu.usbserial-576B0005451,"RX,137407,R35,TXA,N01,73,75627,B,1,0.20,0.18,5,F,-87,10.00"
RX,137547,R35,TXK,N151,37,75763,C,0,0.81,0.78,5.0,U,-70.0,9.5,True,,2026-07-09T14:21:00.769+00:00,/dev/cu.usbserial-576B0005451,"RX,137547,R35,TXK,N151,37,75763,C,0,0.81,0.78,5,U,-70,9.50"
RX,138160,R35,TXC,N31,17,76381,G,1,0.93,0.9,5.0,U,-75.0,9.5,True,,2026-07-09T14:21:01.382+00:00,/dev/cu.usbserial-576B0005451,"RX,138160,R35,TXC,N31,17,76381,G,1,0.93,0.90,5,U,-75,9.50"
RX,138407,R35,TXA,N01,74,76627,C,0,0.81,0.78,5.0,F,-82.0,9.75,True,,2026-07-09T14:21:01.629+00:00,/dev/cu.usbserial-576B0005451,"RX,138407,R35,TXA,N01,74,76627,C,0,0.81,0.78,5,F,-82,9.75"
RX,138674,R35,TXB,N16,36,76893,A,1,0.75,0.72,5.0,U,-84.0,10.25,True,,2026-07-09T14:21:01.896+00:00,/dev/cu.usbserial-576B0005451,"RX,138674,R35,TXB,N16,36,76893,A,1,0.75,0.72,5,U,-84,10.25"
RX,139158,R35,TXE,N61,34,77382,E,0,0.87,0.84,5.0,U,-77.0,10.75,True,,2026-07-09T14:21:02.379+00:00,/dev/cu.usbserial-576B0005451,"RX,139158,R35,TXE,N61,34,77382,E,0,0.87,0.84,5,U,-77,10.75"
RX,139265,R35,TXI,N121,17,77481,G,1,0.93,0.9,5.0,U,-75.0,9.0,True,,2026-07-09T14:21:02.487+00:00,/dev/cu.usbserial-576B0005451,"RX,139265,R35,TXI,N121,17,77481,G,1,0.93,0.90,5,U,-75,9.00"
RX,139407,R35,TXA,N01,75,77627,D,1,0.24,0.22,5.0,F,-82.0,10.5,True,,2026-07-09T14:21:02.629+00:00,/dev/cu.usbserial-576B0005451,"RX,139407,R35,TXA,N01,75,77627,D,1,0.24,0.22,5,F,-82,10.50"
RX,139547,R35,TXK,N151,38,77763,E,1,0.87,0.84,5.0,U,-75.0,9.5,True,,2026-07-09T14:21:02.769+00:00,/dev/cu.usbserial-576B0005451,"RX,139547,R35,TXK,N151,38,77763,E,1,0.87,0.84,5,U,-75,9.50"
RX,140407,R35,TXA,N01,76,78627,E,1,0.87,0.84,5.0,F,-79.0,10.75,True,,2026-07-09T14:21:03.629+00:00,/dev/cu.usbserial-576B0005451,"RX,140407,R35,TXA,N01,76,78627,E,1,0.87,0.84,5,F,-79,10.75"
RX,140674,R35,TXB,N16,37,78893,C,0,0.81,0.78,5.0,U,-86.0,9.5,True,,2026-07-09T14:21:03.895+00:00,/dev/cu.usbserial-576B0005451,"RX,140674,R35,TXB,N16,37,78893,C,0,0.81,0.78,5,U,-86,9.50"
RX,141158,R35,TXE,N61,35,79382,G,1,0.93,0.9,5.0,U,-76.0,10.0,True,,2026-07-09T14:21:04.379+00:00,/dev/cu.usbserial-576B0005451,"RX,141158,R35,TXE,N61,35,79382,G,1,0.93,0.90,5,U,-76,10.00"
RX,141407,R35,TXA,N01,77,79627,F,0,0.28,0.26,5.0,F,-82.0,10.75,True,,2026-07-09T14:21:04.629+00:00,/dev/cu.usbserial-576B0005451,"RX,141407,R35,TXA,N01,77,79627,F,0,0.28,0.26,5,F,-82,10.75"
RX,141518,R35,TXH,N106,5,79743,G,1,0.93,0.9,5.0,U,-66.0,1.25,True,,2026-07-09T14:21:04.739+00:00,/dev/cu.usbserial-576B0005451,"RX,141518,R35,TXH,N106,5,79743,G,1,0.93,0.90,5,U,-66,1.25"
RX,141701,R35,TXL,N166,5,79917,G,1,0.93,0.9,5.0,U,-82.0,9.75,True,,2026-07-09T14:21:04.922+00:00,/dev/cu.usbserial-576B0005451,"RX,141701,R35,TXL,N166,5,79917,G,1,0.93,0.90,5,U,-82,9.75"
RX,141906,R35,TXF,N76,18,80131,E,1,0.87,0.84,5.0,U,-87.0,10.0,True,,2026-07-09T14:21:05.128+00:00,/dev/cu.usbserial-576B0005451,"RX,141906,R35,TXF,N76,18,80131,E,1,0.87,0.84,5,U,-87,10.00"
RX,142210,R35,TXD,N46,9,80431,G,1,0.93,0.9,5.0,U,-71.0,9.75,True,,2026-07-09T14:21:05.432+00:00,/dev/cu.usbserial-576B0005451,"RX,142210,R35,TXD,N46,9,80431,G,1,0.93,0.90,5,U,-71,9.75"
RX,142407,R35,TXA,N01,78,80627,G,1,0.93,0.9,5.0,F,-85.0,9.75,True,,2026-07-09T14:21:05.628+00:00,/dev/cu.usbserial-576B0005451,"RX,142407,R35,TXA,N01,78,80627,G,1,0.93,0.90,5,F,-85,9.75"
RX,142674,R35,TXB,N16,38,80893,E,1,0.87,0.84,5.0,U,-85.0,10.25,True,,2026-07-09T14:21:05.895+00:00,/dev/cu.usbserial-576B0005451,"RX,142674,R35,TXB,N16,38,80893,E,1,0.87,0.84,5,U,-85,10.25"
RX,142855,R35,TXG,N91,8,81080,G,1,0.93,0.9,5.0,U,-80.0,9.5,True,,2026-07-09T14:21:06.076+00:00,/dev/cu.usbserial-576B0005451,"RX,142855,R35,TXG,N91,8,81080,G,1,0.93,0.90,5,U,-80,9.50"
RX,143158,R35,TXE,N61,36,81382,A,1,0.75,0.72,5.0,U,-76.0,9.5,True,,2026-07-09T14:21:06.379+00:00,/dev/cu.usbserial-576B0005451,"RX,143158,R35,TXE,N61,36,81382,A,1,0.75,0.72,5,U,-76,9.50"
RX,143407,R35,TXA,N01,79,81627,H,1,0.32,0.3,5.0,F,-83.0,10.0,True,,2026-07-09T14:21:06.628+00:00,/dev/cu.usbserial-576B0005451,"RX,143407,R35,TXA,N01,79,81627,H,1,0.32,0.30,5,F,-83,10.00"
RX,143547,R35,TXK,N151,40,81763,A,0,0.75,0.72,5.0,U,-75.0,9.0,True,,2026-07-09T14:21:06.769+00:00,/dev/cu.usbserial-576B0005451,"RX,143547,R35,TXK,N151,40,81763,A,0,0.75,0.72,5,U,-75,9.00"
RX,143906,R35,TXF,N76,19,82131,G,1,0.93,0.9,5.0,U,-85.0,9.75,True,,2026-07-09T14:21:07.127+00:00,/dev/cu.usbserial-576B0005451,"RX,143906,R35,TXF,N76,19,82131,G,1,0.93,0.90,5,U,-85,9.75"
RX,144064,R35,TXJ,N136,8,82280,G,1,0.93,0.9,5.0,U,-83.0,10.0,True,,2026-07-09T14:21:07.285+00:00,/dev/cu.usbserial-576B0005451,"RX,144064,R35,TXJ,N136,8,82280,G,1,0.93,0.90,5,U,-83,10.00"
RX,144160,R35,TXC,N31,18,82381,E,1,0.87,0.84,5.0,U,-73.0,9.75,True,,2026-07-09T14:21:07.382+00:00,/dev/cu.usbserial-576B0005451,"RX,144160,R35,TXC,N31,18,82381,E,1,0.87,0.84,5,U,-73,9.75"
RX,144407,R35,TXA,N01,80,82627,A,0,0.75,0.72,5.0,F,-84.0,9.5,True,,2026-07-09T14:21:07.628+00:00,/dev/cu.usbserial-576B0005451,"RX,144407,R35,TXA,N01,80,82627,A,0,0.75,0.72,5,F,-84,9.50"
RX,144674,R35,TXB,N16,39,82893,G,1,0.93,0.9,5.0,U,-83.0,9.5,True,,2026-07-09T14:21:07.895+00:00,/dev/cu.usbserial-576B0005451,"RX,144674,R35,TXB,N16,39,82893,G,1,0.93,0.90,5,U,-83,9.50"
RX,145158,R35,TXE,N61,37,83382,C,0,0.81,0.78,5.0,U,-76.0,9.75,True,,2026-07-09T14:21:08.379+00:00,/dev/cu.usbserial-576B0005451,"RX,145158,R35,TXE,N61,37,83382,C,0,0.81,0.78,5,U,-76,9.75"
RX,145265,R35,TXI,N121,18,83481,E,1,0.87,0.84,5.0,U,-72.0,9.75,True,,2026-07-09T14:21:08.487+00:00,/dev/cu.usbserial-576B0005451,"RX,145265,R35,TXI,N121,18,83481,E,1,0.87,0.84,5,U,-72,9.75"
RX,145407,R35,TXA,N01,81,83627,B,1,0.2,0.18,5.0,F,-83.0,9.75,True,,2026-07-09T14:21:08.628+00:00,/dev/cu.usbserial-576B0005451,"RX,145407,R35,TXA,N01,81,83627,B,1,0.20,0.18,5,F,-83,9.75"
RX,145547,R35,TXK,N151,41,83763,C,1,0.81,0.78,5.0,U,-74.0,9.75,True,,2026-07-09T14:21:08.769+00:00,/dev/cu.usbserial-576B0005451,"RX,145547,R35,TXK,N151,41,83763,C,1,0.81,0.78,5,U,-74,9.75"
RX,146160,R35,TXC,N31,19,84381,G,1,0.93,0.9,5.0,U,-72.0,9.75,True,,2026-07-09T14:21:09.382+00:00,/dev/cu.usbserial-576B0005451,"RX,146160,R35,TXC,N31,19,84381,G,1,0.93,0.90,5,U,-72,9.75"
RX,146407,R35,TXA,N01,82,84627,C,1,0.81,0.78,5.0,F,-84.0,10.5,True,,2026-07-09T14:21:09.628+00:00,/dev/cu.usbserial-576B0005451,"RX,146407,R35,TXA,N01,82,84627,C,1,0.81,0.78,5,F,-84,10.50"
RX,146674,R35,TXB,N16,40,84893,A,0,0.75,0.72,5.0,U,-84.0,9.75,True,,2026-07-09T14:21:09.895+00:00,/dev/cu.usbserial-576B0005451,"RX,146674,R35,TXB,N16,40,84893,A,0,0.75,0.72,5,U,-84,9.75"
RX,147157,R35,TXE,N61,38,85382,E,1,0.87,0.84,5.0,U,-75.0,9.75,True,,2026-07-09T14:21:10.379+00:00,/dev/cu.usbserial-576B0005451,"RX,147157,R35,TXE,N61,38,85382,E,1,0.87,0.84,5,U,-75,9.75"
RX,147265,R35,TXI,N121,19,85481,G,1,0.93,0.9,5.0,U,-73.0,9.75,True,,2026-07-09T14:21:10.487+00:00,/dev/cu.usbserial-576B0005451,"RX,147265,R35,TXI,N121,19,85481,G,1,0.93,0.90,5,U,-73,9.75"
RX,147407,R35,TXA,N01,83,85627,D,0,0.24,0.22,5.0,F,-84.0,10.0,True,,2026-07-09T14:21:10.628+00:00,/dev/cu.usbserial-576B0005451,"RX,147407,R35,TXA,N01,83,85627,D,0,0.24,0.22,5,F,-84,10.00"
RX,147547,R35,TXK,N151,42,85763,E,1,0.87,0.84,5.0,U,-73.0,9.5,True,,2026-07-09T14:21:10.769+00:00,/dev/cu.usbserial-576B0005451,"RX,147547,R35,TXK,N151,42,85763,E,1,0.87,0.84,5,U,-73,9.50"
RX,148407,R35,TXA,N01,84,86627,E,1,0.87,0.84,5.0,F,-84.0,10.0,True,,2026-07-09T14:21:11.629+00:00,/dev/cu.usbserial-576B0005451,"RX,148407,R35,TXA,N01,84,86627,E,1,0.87,0.84,5,F,-84,10.00"
RX,148674,R35,TXB,N16,41,86893,C,1,0.81,0.78,5.0,U,-84.0,10.0,True,,2026-07-09T14:21:11.895+00:00,/dev/cu.usbserial-576B0005451,"RX,148674,R35,TXB,N16,41,86893,C,1,0.81,0.78,5,U,-84,10.00"
RX,149158,R35,TXE,N61,39,87382,G,1,0.93,0.9,5.0,U,-76.0,9.5,True,,2026-07-09T14:21:12.379+00:00,/dev/cu.usbserial-576B0005451,"RX,149158,R35,TXE,N61,39,87382,G,1,0.93,0.90,5,U,-76,9.50"
RX,149407,R35,TXA,N01,85,87627,F,1,0.28,0.26,5.0,F,-81.0,9.75,True,,2026-07-09T14:21:12.629+00:00,/dev/cu.usbserial-576B0005451,"RX,149407,R35,TXA,N01,85,87627,F,1,0.28,0.26,5,F,-81,9.75"
RX,149518,R35,TXH,N106,6,87743,G,0,0.93,0.9,5.0,U,-68.0,3.25,True,,2026-07-09T14:21:12.739+00:00,/dev/cu.usbserial-576B0005451,"RX,149518,R35,TXH,N106,6,87743,G,0,0.93,0.90,5,U,-68,3.25"
RX,149701,R35,TXL,N166,6,87917,G,0,0.93,0.9,5.0,U,-82.0,10.0,True,,2026-07-09T14:21:12.922+00:00,/dev/cu.usbserial-576B0005451,"RX,149701,R35,TXL,N166,6,87917,G,0,0.93,0.90,5,U,-82,10.00"
RX,149906,R35,TXF,N76,20,88131,E,1,0.87,0.84,5.0,U,-90.0,10.25,True,,2026-07-09T14:21:13.128+00:00,/dev/cu.usbserial-576B0005451,"RX,149906,R35,TXF,N76,20,88131,E,1,0.87,0.84,5,U,-90,10.25"
RX,150211,R35,TXD,N46,10,88431,G,0,0.93,0.9,5.0,U,-72.0,9.75,True,,2026-07-09T14:21:13.432+00:00,/dev/cu.usbserial-576B0005451,"RX,150211,R35,TXD,N46,10,88431,G,0,0.93,0.90,5,U,-72,9.75"
RX,150407,R35,TXA,N01,86,88627,G,0,0.93,0.9,5.0,F,-79.0,10.25,True,,2026-07-09T14:21:13.628+00:00,/dev/cu.usbserial-576B0005451,"RX,150407,R35,TXA,N01,86,88627,G,0,0.93,0.90,5,F,-79,10.25"
RX,150674,R35,TXB,N16,42,88893,E,1,0.87,0.84,5.0,U,-85.0,10.25,True,,2026-07-09T14:21:13.895+00:00,/dev/cu.usbserial-576B0005451,"RX,150674,R35,TXB,N16,42,88893,E,1,0.87,0.84,5,U,-85,10.25"
RX,150855,R35,TXG,N91,9,89080,G,1,0.93,0.9,5.0,U,-82.0,9.5,True,,2026-07-09T14:21:14.076+00:00,/dev/cu.usbserial-576B0005451,"RX,150855,R35,TXG,N91,9,89080,G,1,0.93,0.90,5,U,-82,9.50"
RX,151158,R35,TXE,N61,40,89382,A,0,0.75,0.72,5.0,U,-76.0,9.75,True,,2026-07-09T14:21:14.379+00:00,/dev/cu.usbserial-576B0005451,"RX,151158,R35,TXE,N61,40,89382,A,0,0.75,0.72,5,U,-76,9.75"
RX,151407,R35,TXA,N01,87,89627,H,1,0.32,0.3,5.0,F,-81.0,9.75,True,,2026-07-09T14:21:14.628+00:00,/dev/cu.usbserial-576B0005451,"RX,151407,R35,TXA,N01,87,89627,H,1,0.32,0.30,5,F,-81,9.75"
RX,151547,R35,TXK,N151,44,89763,A,1,0.75,0.72,5.0,U,-75.0,9.5,True,,2026-07-09T14:21:14.768+00:00,/dev/cu.usbserial-576B0005451,"RX,151547,R35,TXK,N151,44,89763,A,1,0.75,0.72,5,U,-75,9.50"
RX,151906,R35,TXF,N76,21,90131,G,0,0.93,0.9,5.0,U,-85.0,10.0,True,,2026-07-09T14:21:15.127+00:00,/dev/cu.usbserial-576B0005451,"RX,151906,R35,TXF,N76,21,90131,G,0,0.93,0.90,5,U,-85,10.00"
RX,152064,R35,TXJ,N136,9,90280,G,1,0.93,0.9,5.0,U,-81.0,9.75,True,,2026-07-09T14:21:15.285+00:00,/dev/cu.usbserial-576B0005451,"RX,152064,R35,TXJ,N136,9,90280,G,1,0.93,0.90,5,U,-81,9.75"
RX,152160,R35,TXC,N31,20,90381,E,1,0.87,0.84,5.0,U,-75.0,9.5,True,,2026-07-09T14:21:15.382+00:00,/dev/cu.usbserial-576B0005451,"RX,152160,R35,TXC,N31,20,90381,E,1,0.87,0.84,5,U,-75,9.50"
RX,152407,R35,TXA,N01,88,90627,A,1,0.75,0.72,5.0,F,-82.0,10.0,True,,2026-07-09T14:21:15.628+00:00,/dev/cu.usbserial-576B0005451,"RX,152407,R35,TXA,N01,88,90627,A,1,0.75,0.72,5,F,-82,10.00"
RX,152674,R35,TXB,N16,43,90893,G,0,0.93,0.9,5.0,U,-85.0,9.75,True,,2026-07-09T14:21:15.895+00:00,/dev/cu.usbserial-576B0005451,"RX,152674,R35,TXB,N16,43,90893,G,0,0.93,0.90,5,U,-85,9.75"
RX,153158,R35,TXE,N61,41,91382,C,1,0.81,0.78,5.0,U,-75.0,9.75,True,,2026-07-09T14:21:16.379+00:00,/dev/cu.usbserial-576B0005451,"RX,153158,R35,TXE,N61,41,91382,C,1,0.81,0.78,5,U,-75,9.75"
RX,153265,R35,TXI,N121,20,91481,E,1,0.87,0.84,5.0,U,-75.0,9.25,True,,2026-07-09T14:21:16.486+00:00,/dev/cu.usbserial-576B0005451,"RX,153265,R35,TXI,N121,20,91481,E,1,0.87,0.84,5,U,-75,9.25"
RX,153407,R35,TXA,N01,89,91627,B,0,0.2,0.18,5.0,F,-82.0,9.5,True,,2026-07-09T14:21:16.628+00:00,/dev/cu.usbserial-576B0005451,"RX,153407,R35,TXA,N01,89,91627,B,0,0.20,0.18,5,F,-82,9.50"
RX,153547,R35,TXK,N151,45,91763,C,1,0.81,0.78,5.0,U,-73.0,9.5,True,,2026-07-09T14:21:16.768+00:00,/dev/cu.usbserial-576B0005451,"RX,153547,R35,TXK,N151,45,91763,C,1,0.81,0.78,5,U,-73,9.50"
RX,154160,R35,TXC,N31,21,92381,G,0,0.93,0.9,5.0,U,-76.0,10.0,True,,2026-07-09T14:21:17.382+00:00,/dev/cu.usbserial-576B0005451,"RX,154160,R35,TXC,N31,21,92381,G,0,0.93,0.90,5,U,-76,10.00"
RX,154407,R35,TXA,N01,90,92627,C,1,0.81,0.78,5.0,F,-87.0,9.25,True,,2026-07-09T14:21:17.628+00:00,/dev/cu.usbserial-576B0005451,"RX,154407,R35,TXA,N01,90,92627,C,1,0.81,0.78,5,F,-87,9.25"
RX,154674,R35,TXB,N16,44,92893,A,1,0.75,0.72,5.0,U,-85.0,9.75,True,,2026-07-09T14:21:17.895+00:00,/dev/cu.usbserial-576B0005451,"RX,154674,R35,TXB,N16,44,92893,A,1,0.75,0.72,5,U,-85,9.75"
RX,155158,R35,TXE,N61,42,93382,E,1,0.87,0.84,5.0,U,-76.0,10.0,True,,2026-07-09T14:21:18.379+00:00,/dev/cu.usbserial-576B0005451,"RX,155158,R35,TXE,N61,42,93382,E,1,0.87,0.84,5,U,-76,10.00"
RX,155265,R35,TXI,N121,21,93481,G,0,0.93,0.9,5.0,U,-76.0,9.5,True,,2026-07-09T14:21:18.486+00:00,/dev/cu.usbserial-576B0005451,"RX,155265,R35,TXI,N121,21,93481,G,0,0.93,0.90,5,U,-76,9.50"
RX,155407,R35,TXA,N01,91,93627,D,1,0.24,0.22,5.0,F,-83.0,9.75,True,,2026-07-09T14:21:18.628+00:00,/dev/cu.usbserial-576B0005451,"RX,155407,R35,TXA,N01,91,93627,D,1,0.24,0.22,5,F,-83,9.75"
RX,155547,R35,TXK,N151,46,93763,E,0,0.87,0.84,5.0,U,-72.0,9.75,True,,2026-07-09T14:21:18.768+00:00,/dev/cu.usbserial-576B0005451,"RX,155547,R35,TXK,N151,46,93763,E,0,0.87,0.84,5,U,-72,9.75"
RX,156407,R35,TXA,N01,92,94627,E,0,0.87,0.84,5.0,F,-80.0,10.0,True,,2026-07-09T14:21:19.629+00:00,/dev/cu.usbserial-576B0005451,"RX,156407,R35,TXA,N01,92,94627,E,0,0.87,0.84,5,F,-80,10.00"
RX,156674,R35,TXB,N16,45,94893,C,1,0.81,0.78,5.0,U,-85.0,9.75,True,,2026-07-09T14:21:19.895+00:00,/dev/cu.usbserial-576B0005451,"RX,156674,R35,TXB,N16,45,94893,C,1,0.81,0.78,5,U,-85,9.75"
RX,157158,R35,TXE,N61,43,95382,G,0,0.93,0.9,5.0,U,-77.0,9.75,True,,2026-07-09T14:21:20.379+00:00,/dev/cu.usbserial-576B0005451,"RX,157158,R35,TXE,N61,43,95382,G,0,0.93,0.90,5,U,-77,9.75"
RX,157407,R35,TXA,N01,93,95627,F,1,0.28,0.26,5.0,F,-88.0,10.0,True,,2026-07-09T14:21:20.629+00:00,/dev/cu.usbserial-576B0005451,"RX,157407,R35,TXA,N01,93,95627,F,1,0.28,0.26,5,F,-88,10.00"
RX,157701,R35,TXL,N166,7,95917,G,1,0.93,0.9,5.0,U,-89.0,10.5,True,,2026-07-09T14:21:20.922+00:00,/dev/cu.usbserial-576B0005451,"RX,157701,R35,TXL,N166,7,95917,G,1,0.93,0.90,5,U,-89,10.50"
RX,157906,R35,TXF,N76,22,96131,E,0,0.87,0.84,5.0,U,-80.0,10.25,True,,2026-07-09T14:21:21.127+00:00,/dev/cu.usbserial-576B0005451,"RX,157906,R35,TXF,N76,22,96131,E,0,0.87,0.84,5,U,-80,10.25"
RX,158211,R35,TXD,N46,11,96431,G,1,0.93,0.9,5.0,U,-71.0,9.75,True,,2026-07-09T14:21:21.432+00:00,/dev/cu.usbserial-576B0005451,"RX,158211,R35,TXD,N46,11,96431,G,1,0.93,0.90,5,U,-71,9.75"
RX,158407,R35,TXA,N01,94,96627,G,1,0.93,0.9,5.0,F,-89.0,10.0,True,,2026-07-09T14:21:21.629+00:00,/dev/cu.usbserial-576B0005451,"RX,158407,R35,TXA,N01,94,96627,G,1,0.93,0.90,5,F,-89,10.00"
RX,158674,R35,TXB,N16,46,96893,E,0,0.87,0.84,5.0,U,-85.0,9.75,True,,2026-07-09T14:21:21.895+00:00,/dev/cu.usbserial-576B0005451,"RX,158674,R35,TXB,N16,46,96893,E,0,0.87,0.84,5,U,-85,9.75"
RX,158855,R35,TXG,N91,10,97080,G,0,0.93,0.9,5.0,U,-86.0,9.25,True,,2026-07-09T14:21:22.076+00:00,/dev/cu.usbserial-576B0005451,"RX,158855,R35,TXG,N91,10,97080,G,0,0.93,0.90,5,U,-86,9.25"
RX,159158,R35,TXE,N61,44,97382,A,1,0.75,0.72,5.0,U,-77.0,10.25,True,,2026-07-09T14:21:22.379+00:00,/dev/cu.usbserial-576B0005451,"RX,159158,R35,TXE,N61,44,97382,A,1,0.75,0.72,5,U,-77,10.25"
RX,159407,R35,TXA,N01,95,97627,H,0,0.32,0.3,5.0,F,-89.0,9.5,True,,2026-07-09T14:21:22.628+00:00,/dev/cu.usbserial-576B0005451,"RX,159407,R35,TXA,N01,95,97627,H,0,0.32,0.30,5,F,-89,9.50"
RX,159547,R35,TXK,N151,48,97763,A,1,0.75,0.72,5.0,U,-70.0,9.5,True,,2026-07-09T14:21:22.768+00:00,/dev/cu.usbserial-576B0005451,"RX,159547,R35,TXK,N151,48,97763,A,1,0.75,0.72,5,U,-70,9.50"
RX,159906,R35,TXF,N76,23,98131,G,1,0.93,0.9,5.0,U,-77.0,9.75,True,,2026-07-09T14:21:23.127+00:00,/dev/cu.usbserial-576B0005451,"RX,159906,R35,TXF,N76,23,98131,G,1,0.93,0.90,5,U,-77,9.75"
RX,160064,R35,TXJ,N136,10,98280,G,0,0.93,0.9,5.0,U,-77.0,9.75,True,,2026-07-09T14:21:23.285+00:00,/dev/cu.usbserial-576B0005451,"RX,160064,R35,TXJ,N136,10,98280,G,0,0.93,0.90,5,U,-77,9.75"
RX,160160,R35,TXC,N31,22,98381,E,0,0.87,0.84,5.0,U,-74.0,9.25,True,,2026-07-09T14:21:23.381+00:00,/dev/cu.usbserial-576B0005451,"RX,160160,R35,TXC,N31,22,98381,E,0,0.87,0.84,5,U,-74,9.25"
RX,160407,R35,TXA,N01,96,98627,A,1,0.75,0.72,5.0,F,-87.0,10.0,True,,2026-07-09T14:21:23.628+00:00,/dev/cu.usbserial-576B0005451,"RX,160407,R35,TXA,N01,96,98627,A,1,0.75,0.72,5,F,-87,10.00"
RX,160674,R35,TXB,N16,47,98893,G,1,0.93,0.9,5.0,U,-84.0,10.0,True,,2026-07-09T14:21:23.895+00:00,/dev/cu.usbserial-576B0005451,"RX,160674,R35,TXB,N16,47,98893,G,1,0.93,0.90,5,U,-84,10.00"
RX,161158,R35,TXE,N61,45,99382,C,1,0.81,0.78,5.0,U,-75.0,10.0,True,,2026-07-09T14:21:24.379+00:00,/dev/cu.usbserial-576B0005451,"RX,161158,R35,TXE,N61,45,99382,C,1,0.81,0.78,5,U,-75,10.00"
RX,161265,R35,TXI,N121,22,99481,E,0,0.87,0.84,5.0,U,-74.0,9.75,True,,2026-07-09T14:21:24.486+00:00,/dev/cu.usbserial-576B0005451,"RX,161265,R35,TXI,N121,22,99481,E,0,0.87,0.84,5,U,-74,9.75"
RX,161407,R35,TXA,N01,97,99627,B,1,0.2,0.18,5.0,F,-90.0,9.75,True,,2026-07-09T14:21:24.628+00:00,/dev/cu.usbserial-576B0005451,"RX,161407,R35,TXA,N01,97,99627,B,1,0.20,0.18,5,F,-90,9.75"
RX,161547,R35,TXK,N151,49,99763,C,0,0.81,0.78,5.0,U,-71.0,9.0,True,,2026-07-09T14:21:24.768+00:00,/dev/cu.usbserial-576B0005451,"RX,161547,R35,TXK,N151,49,99763,C,0,0.81,0.78,5,U,-71,9.00"
RX,162160,R35,TXC,N31,23,100381,G,1,0.93,0.9,5.0,U,-75.0,10.25,True,,2026-07-09T14:21:25.382+00:00,/dev/cu.usbserial-576B0005451,"RX,162160,R35,TXC,N31,23,100381,G,1,0.93,0.90,5,U,-75,10.25"
RX,162407,R35,TXA,N01,98,100627,C,0,0.81,0.78,5.0,F,-94.0,9.5,True,,2026-07-09T14:21:25.629+00:00,/dev/cu.usbserial-576B0005451,"RX,162407,R35,TXA,N01,98,100627,C,0,0.81,0.78,5,F,-94,9.50"
RX,162674,R35,TXB,N16,48,100893,A,1,0.75,0.72,5.0,U,-85.0,10.75,True,,2026-07-09T14:21:25.895+00:00,/dev/cu.usbserial-576B0005451,"RX,162674,R35,TXB,N16,48,100893,A,1,0.75,0.72,5,U,-85,10.75"
RX,163158,R35,TXE,N61,46,101382,E,0,0.87,0.84,5.0,U,-77.0,9.5,True,,2026-07-09T14:21:26.379+00:00,/dev/cu.usbserial-576B0005451,"RX,163158,R35,TXE,N61,46,101382,E,0,0.87,0.84,5,U,-77,9.50"
RX,163265,R35,TXI,N121,23,101481,G,1,0.93,0.9,5.0,U,-74.0,9.25,True,,2026-07-09T14:21:26.487+00:00,/dev/cu.usbserial-576B0005451,"RX,163265,R35,TXI,N121,23,101481,G,1,0.93,0.90,5,U,-74,9.25"
RX,163407,R35,TXA,N01,99,101627,D,1,0.24,0.22,5.0,F,-103.0,8.75,True,,2026-07-09T14:21:26.628+00:00,/dev/cu.usbserial-576B0005451,"RX,163407,R35,TXA,N01,99,101627,D,1,0.24,0.22,5,F,-103,8.75"
RX,163547,R35,TXK,N151,50,101763,E,1,0.87,0.84,5.0,U,-70.0,9.75,True,,2026-07-09T14:21:26.769+00:00,/dev/cu.usbserial-576B0005451,"RX,163547,R35,TXK,N151,50,101763,E,1,0.87,0.84,5,U,-70,9.75"
RX,164407,R35,TXA,N01,100,102627,E,1,0.87,0.84,5.0,F,-83.0,9.75,True,,2026-07-09T14:21:27.629+00:00,/dev/cu.usbserial-576B0005451,"RX,164407,R35,TXA,N01,100,102627,E,1,0.87,0.84,5,F,-83,9.75"
RX,164674,R35,TXB,N16,49,102893,C,0,0.81,0.78,5.0,U,-86.0,9.5,True,,2026-07-09T14:21:27.895+00:00,/dev/cu.usbserial-576B0005451,"RX,164674,R35,TXB,N16,49,102893,C,0,0.81,0.78,5,U,-86,9.50"
RX,165158,R35,TXE,N61,47,103382,G,1,0.93,0.9,5.0,U,-76.0,9.75,True,,2026-07-09T14:21:28.379+00:00,/dev/cu.usbserial-576B0005451,"RX,165158,R35,TXE,N61,47,103382,G,1,0.93,0.90,5,U,-76,9.75"
RX,165407,R35,TXA,N01,101,103627,F,0,0.28,0.26,5.0,F,-87.0,10.25,True,,2026-07-09T14:21:28.629+00:00,/dev/cu.usbserial-576B0005451,"RX,165407,R35,TXA,N01,101,103627,F,0,0.28,0.26,5,F,-87,10.25"
RX,165547,R35,TXK,N151,51,103763,G,1,0.93,0.9,5.0,U,-71.0,9.75,True,,2026-07-09T14:21:28.769+00:00,/dev/cu.usbserial-576B0005451,"RX,165547,R35,TXK,N151,51,103763,G,1,0.93,0.90,5,U,-71,9.75"
RX,165906,R35,TXF,N76,24,104131,E,1,0.87,0.84,5.0,U,-81.0,9.25,True,,2026-07-09T14:21:29.128+00:00,/dev/cu.usbserial-576B0005451,"RX,165906,R35,TXF,N76,24,104131,E,1,0.87,0.84,5,U,-81,9.25"
RX,166211,R35,TXD,N46,12,104431,G,1,0.93,0.9,5.0,U,-71.0,9.5,True,,2026-07-09T14:21:29.432+00:00,/dev/cu.usbserial-576B0005451,"RX,166211,R35,TXD,N46,12,104431,G,1,0.93,0.90,5,U,-71,9.50"
RX,166407,R35,TXA,N01,102,104627,G,1,0.93,0.9,5.0,F,-91.0,9.25,True,,2026-07-09T14:21:29.629+00:00,/dev/cu.usbserial-576B0005451,"RX,166407,R35,TXA,N01,102,104627,G,1,0.93,0.90,5,F,-91,9.25"
RX,166674,R35,TXB,N16,50,104893,E,1,0.87,0.84,5.0,U,-86.0,9.5,True,,2026-07-09T14:21:29.895+00:00,/dev/cu.usbserial-576B0005451,"RX,166674,R35,TXB,N16,50,104893,E,1,0.87,0.84,5,U,-86,9.50"
RX,166855,R35,TXG,N91,11,105080,G,1,0.93,0.9,5.0,U,-88.0,9.0,True,,2026-07-09T14:21:30.077+00:00,/dev/cu.usbserial-576B0005451,"RX,166855,R35,TXG,N91,11,105080,G,1,0.93,0.90,5,U,-88,9.00"
RX,167158,R35,TXE,N61,48,105382,A,1,0.75,0.72,5.0,U,-77.0,9.5,True,,2026-07-09T14:21:30.379+00:00,/dev/cu.usbserial-576B0005451,"RX,167158,R35,TXE,N61,48,105382,A,1,0.75,0.72,5,U,-77,9.50"
RX,167407,R35,TXA,N01,103,105627,H,1,0.32,0.3,5.0,F,-89.0,10.25,True,,2026-07-09T14:21:30.629+00:00,/dev/cu.usbserial-576B0005451,"RX,167407,R35,TXA,N01,103,105627,H,1,0.32,0.30,5,F,-89,10.25"
RX,167547,R35,TXK,N151,52,105763,A,0,0.75,0.72,5.0,U,-73.0,9.5,True,,2026-07-09T14:21:30.769+00:00,/dev/cu.usbserial-576B0005451,"RX,167547,R35,TXK,N151,52,105763,A,0,0.75,0.72,5,U,-73,9.50"
RX,167906,R35,TXF,N76,25,106131,G,1,0.93,0.9,5.0,U,-81.0,9.25,True,,2026-07-09T14:21:31.128+00:00,/dev/cu.usbserial-576B0005451,"RX,167906,R35,TXF,N76,25,106131,G,1,0.93,0.90,5,U,-81,9.25"
RX,168064,R35,TXJ,N136,11,106280,G,1,0.93,0.9,5.0,U,-77.0,10.0,True,,2026-07-09T14:21:31.286+00:00,/dev/cu.usbserial-576B0005451,"RX,168064,R35,TXJ,N136,11,106280,G,1,0.93,0.90,5,U,-77,10.00"
RX,168160,R35,TXC,N31,24,106381,E,1,0.87,0.84,5.0,U,-74.0,9.5,True,,2026-07-09T14:21:31.382+00:00,/dev/cu.usbserial-576B0005451,"RX,168160,R35,TXC,N31,24,106381,E,1,0.87,0.84,5,U,-74,9.50"
RX,168407,R35,TXA,N01,104,106627,A,0,0.75,0.72,5.0,F,-84.0,9.75,True,,2026-07-09T14:21:31.629+00:00,/dev/cu.usbserial-576B0005451,"RX,168407,R35,TXA,N01,104,106627,A,0,0.75,0.72,5,F,-84,9.75"
RX,168674,R35,TXB,N16,51,106893,G,1,0.93,0.9,5.0,U,-84.0,9.5,True,,2026-07-09T14:21:31.895+00:00,/dev/cu.usbserial-576B0005451,"RX,168674,R35,TXB,N16,51,106893,G,1,0.93,0.90,5,U,-84,9.50"
RX,169158,R35,TXE,N61,49,107382,C,0,0.81,0.78,5.0,U,-76.0,9.75,True,,2026-07-09T14:21:32.379+00:00,/dev/cu.usbserial-576B0005451,"RX,169158,R35,TXE,N61,49,107382,C,0,0.81,0.78,5,U,-76,9.75"
RX,169265,R35,TXI,N121,24,107481,E,1,0.87,0.84,5.0,U,-74.0,9.75,True,,2026-07-09T14:21:32.486+00:00,/dev/cu.usbserial-576B0005451,"RX,169265,R35,TXI,N121,24,107481,E,1,0.87,0.84,5,U,-74,9.75"
RX,169407,R35,TXA,N01,105,107627,B,1,0.2,0.18,5.0,F,-86.0,9.25,True,,2026-07-09T14:21:32.629+00:00,/dev/cu.usbserial-576B0005451,"RX,169407,R35,TXA,N01,105,107627,B,1,0.20,0.18,5,F,-86,9.25"
RX,169547,R35,TXK,N151,53,107763,C,1,0.81,0.78,5.0,U,-72.0,9.75,True,,2026-07-09T14:21:32.769+00:00,/dev/cu.usbserial-576B0005451,"RX,169547,R35,TXK,N151,53,107763,C,1,0.81,0.78,5,U,-72,9.75"
RX,170160,R35,TXC,N31,25,108381,G,1,0.93,0.9,5.0,U,-74.0,9.75,True,,2026-07-09T14:21:33.382+00:00,/dev/cu.usbserial-576B0005451,"RX,170160,R35,TXC,N31,25,108381,G,1,0.93,0.90,5,U,-74,9.75"
RX,170407,R35,TXA,N01,106,108627,C,1,0.81,0.78,5.0,F,-86.0,9.5,True,,2026-07-09T14:21:33.628+00:00,/dev/cu.usbserial-576B0005451,"RX,170407,R35,TXA,N01,106,108627,C,1,0.81,0.78,5,F,-86,9.50"
RX,170674,R35,TXB,N16,52,108893,A,0,0.75,0.72,5.0,U,-83.0,9.0,True,,2026-07-09T14:21:33.895+00:00,/dev/cu.usbserial-576B0005451,"RX,170674,R35,TXB,N16,52,108893,A,0,0.75,0.72,5,U,-83,9.00"
RX,171158,R35,TXE,N61,50,109382,E,1,0.87,0.84,5.0,U,-75.0,9.5,True,,2026-07-09T14:21:34.379+00:00,/dev/cu.usbserial-576B0005451,"RX,171158,R35,TXE,N61,50,109382,E,1,0.87,0.84,5,U,-75,9.50"
RX,171265,R35,TXI,N121,25,109481,G,1,0.93,0.9,5.0,U,-73.0,9.5,True,,2026-07-09T14:21:34.487+00:00,/dev/cu.usbserial-576B0005451,"RX,171265,R35,TXI,N121,25,109481,G,1,0.93,0.90,5,U,-73,9.50"
RX,171407,R35,TXA,N01,107,109627,D,0,0.24,0.22,5.0,F,-92.0,9.0,True,,2026-07-09T14:21:34.628+00:00,/dev/cu.usbserial-576B0005451,"RX,171407,R35,TXA,N01,107,109627,D,0,0.24,0.22,5,F,-92,9.00"
RX,171547,R35,TXK,N151,54,109763,E,1,0.87,0.84,5.0,U,-70.0,9.5,True,,2026-07-09T14:21:34.768+00:00,/dev/cu.usbserial-576B0005451,"RX,171547,R35,TXK,N151,54,109763,E,1,0.87,0.84,5,U,-70,9.50"
RX,172407,R35,TXA,N01,108,110627,E,1,0.87,0.84,5.0,F,-86.0,9.75,True,,2026-07-09T14:21:35.628+00:00,/dev/cu.usbserial-576B0005451,"RX,172407,R35,TXA,N01,108,110627,E,1,0.87,0.84,5,F,-86,9.75"
RX,172674,R35,TXB,N16,53,110893,C,1,0.81,0.78,5.0,U,-84.0,10.0,True,,2026-07-09T14:21:35.895+00:00,/dev/cu.usbserial-576B0005451,"RX,172674,R35,TXB,N16,53,110893,C,1,0.81,0.78,5,U,-84,10.00"
RX,173158,R35,TXE,N61,51,111382,G,1,0.93,0.9,5.0,U,-76.0,9.25,True,,2026-07-09T14:21:36.379+00:00,/dev/cu.usbserial-576B0005451,"RX,173158,R35,TXE,N61,51,111382,G,1,0.93,0.90,5,U,-76,9.25"
RX,173407,R35,TXA,N01,109,111627,F,1,0.28,0.26,5.0,F,-86.0,9.75,True,,2026-07-09T14:21:36.629+00:00,/dev/cu.usbserial-576B0005451,"RX,173407,R35,TXA,N01,109,111627,F,1,0.28,0.26,5,F,-86,9.75"
RX,173547,R35,TXK,N151,55,111763,G,0,0.93,0.9,5.0,U,-71.0,9.5,True,,2026-07-09T14:21:36.768+00:00,/dev/cu.usbserial-576B0005451,"RX,173547,R35,TXK,N151,55,111763,G,0,0.93,0.90,5,U,-71,9.50"
RX,173906,R35,TXF,N76,26,112131,E,1,0.87,0.84,5.0,U,-78.0,10.0,True,,2026-07-09T14:21:37.128+00:00,/dev/cu.usbserial-576B0005451,"RX,173906,R35,TXF,N76,26,112131,E,1,0.87,0.84,5,U,-78,10.00"
RX,174211,R35,TXD,N46,13,112431,G,0,0.93,0.9,5.0,U,-70.0,9.75,True,,2026-07-09T14:21:37.432+00:00,/dev/cu.usbserial-576B0005451,"RX,174211,R35,TXD,N46,13,112431,G,0,0.93,0.90,5,U,-70,9.75"
RX,174407,R35,TXA,N01,110,112627,G,0,0.93,0.9,5.0,F,-85.0,9.5,True,,2026-07-09T14:21:37.629+00:00,/dev/cu.usbserial-576B0005451,"RX,174407,R35,TXA,N01,110,112627,G,0,0.93,0.90,5,F,-85,9.50"
RX,174674,R35,TXB,N16,54,112893,E,1,0.87,0.84,5.0,U,-83.0,10.0,True,,2026-07-09T14:21:37.895+00:00,/dev/cu.usbserial-576B0005451,"RX,174674,R35,TXB,N16,54,112893,E,1,0.87,0.84,5,U,-83,10.00"
RX,174855,R35,TXG,N91,12,113080,G,1,0.93,0.9,5.0,U,-82.0,9.75,True,,2026-07-09T14:21:38.076+00:00,/dev/cu.usbserial-576B0005451,"RX,174855,R35,TXG,N91,12,113080,G,1,0.93,0.90,5,U,-82,9.75"
RX,175158,R35,TXE,N61,52,113382,A,0,0.75,0.72,5.0,U,-75.0,10.25,True,,2026-07-09T14:21:38.379+00:00,/dev/cu.usbserial-576B0005451,"RX,175158,R35,TXE,N61,52,113382,A,0,0.75,0.72,5,U,-75,10.25"
RX,175407,R35,TXA,N01,111,113627,H,1,0.32,0.3,5.0,F,-89.0,10.0,True,,2026-07-09T14:21:38.630+00:00,/dev/cu.usbserial-576B0005451,"RX,175407,R35,TXA,N01,111,113627,H,1,0.32,0.30,5,F,-89,10.00"
RX,175547,R35,TXK,N151,56,113763,A,1,0.75,0.72,5.0,U,-70.0,9.75,True,,2026-07-09T14:21:38.769+00:00,/dev/cu.usbserial-576B0005451,"RX,175547,R35,TXK,N151,56,113763,A,1,0.75,0.72,5,U,-70,9.75"
RX,175906,R35,TXF,N76,27,114131,G,0,0.93,0.9,5.0,U,-78.0,9.5,True,,2026-07-09T14:21:39.127+00:00,/dev/cu.usbserial-576B0005451,"RX,175906,R35,TXF,N76,27,114131,G,0,0.93,0.90,5,U,-78,9.50"
RX,176064,R35,TXJ,N136,12,114280,G,1,0.93,0.9,5.0,U,-79.0,10.25,True,,2026-07-09T14:21:39.285+00:00,/dev/cu.usbserial-576B0005451,"RX,176064,R35,TXJ,N136,12,114280,G,1,0.93,0.90,5,U,-79,10.25"
RX,176160,R35,TXC,N31,26,114381,E,1,0.87,0.84,5.0,U,-73.0,9.75,True,,2026-07-09T14:21:39.381+00:00,/dev/cu.usbserial-576B0005451,"RX,176160,R35,TXC,N31,26,114381,E,1,0.87,0.84,5,U,-73,9.75"
RX,176407,R35,TXA,N01,112,114627,A,1,0.75,0.72,5.0,F,-88.0,9.5,True,,2026-07-09T14:21:39.628+00:00,/dev/cu.usbserial-576B0005451,"RX,176407,R35,TXA,N01,112,114627,A,1,0.75,0.72,5,F,-88,9.50"
RX,176674,R35,TXB,N16,55,114893,G,0,0.93,0.9,5.0,U,-84.0,9.5,True,,2026-07-09T14:21:39.895+00:00,/dev/cu.usbserial-576B0005451,"RX,176674,R35,TXB,N16,55,114893,G,0,0.93,0.90,5,U,-84,9.50"
RX,177158,R35,TXE,N61,53,115382,C,1,0.81,0.78,5.0,U,-76.0,9.25,True,,2026-07-09T14:21:40.379+00:00,/dev/cu.usbserial-576B0005451,"RX,177158,R35,TXE,N61,53,115382,C,1,0.81,0.78,5,U,-76,9.25"
RX,177265,R35,TXI,N121,26,115481,E,1,0.87,0.84,5.0,U,-74.0,9.5,True,,2026-07-09T14:21:40.486+00:00,/dev/cu.usbserial-576B0005451,"RX,177265,R35,TXI,N121,26,115481,E,1,0.87,0.84,5,U,-74,9.50"
RX,177407,R35,TXA,N01,113,115627,B,0,0.2,0.18,5.0,F,-86.0,9.25,True,,2026-07-09T14:21:40.628+00:00,/dev/cu.usbserial-576B0005451,"RX,177407,R35,TXA,N01,113,115627,B,0,0.20,0.18,5,F,-86,9.25"
RX,177547,R35,TXK,N151,57,115763,C,1,0.81,0.78,5.0,U,-70.0,9.25,True,,2026-07-09T14:21:40.768+00:00,/dev/cu.usbserial-576B0005451,"RX,177547,R35,TXK,N151,57,115763,C,1,0.81,0.78,5,U,-70,9.25"
RX,178160,R35,TXC,N31,27,116381,G,0,0.93,0.9,5.0,U,-74.0,9.75,True,,2026-07-09T14:21:41.381+00:00,/dev/cu.usbserial-576B0005451,"RX,178160,R35,TXC,N31,27,116381,G,0,0.93,0.90,5,U,-74,9.75"
RX,178407,R35,TXA,N01,114,116627,C,1,0.81,0.78,5.0,F,-86.0,9.0,True,,2026-07-09T14:21:41.628+00:00,/dev/cu.usbserial-576B0005451,"RX,178407,R35,TXA,N01,114,116627,C,1,0.81,0.78,5,F,-86,9.00"
RX,178674,R35,TXB,N16,56,116893,A,1,0.75,0.72,5.0,U,-84.0,10.25,True,,2026-07-09T14:21:41.895+00:00,/dev/cu.usbserial-576B0005451,"RX,178674,R35,TXB,N16,56,116893,A,1,0.75,0.72,5,U,-84,10.25"
RX,179158,R35,TXE,N61,54,117382,E,1,0.87,0.84,5.0,U,-76.0,9.5,True,,2026-07-09T14:21:42.378+00:00,/dev/cu.usbserial-576B0005451,"RX,179158,R35,TXE,N61,54,117382,E,1,0.87,0.84,5,U,-76,9.50"
RX,179265,R35,TXI,N121,27,117481,G,0,0.93,0.9,5.0,U,-74.0,9.25,True,,2026-07-09T14:21:42.486+00:00,/dev/cu.usbserial-576B0005451,"RX,179265,R35,TXI,N121,27,117481,G,0,0.93,0.90,5,U,-74,9.25"
RX,179407,R35,TXA,N01,115,117627,D,1,0.24,0.22,5.0,F,-85.0,8.25,True,,2026-07-09T14:21:42.628+00:00,/dev/cu.usbserial-576B0005451,"RX,179407,R35,TXA,N01,115,117627,D,1,0.24,0.22,5,F,-85,8.25"
RX,179547,R35,TXK,N151,58,117763,E,0,0.87,0.84,5.0,U,-70.0,9.5,True,,2026-07-09T14:21:42.768+00:00,/dev/cu.usbserial-576B0005451,"RX,179547,R35,TXK,N151,58,117763,E,0,0.87,0.84,5,U,-70,9.50"
RX,180407,R35,TXA,N01,116,118627,E,0,0.87,0.84,5.0,F,-87.0,9.75,True,,2026-07-09T14:21:43.629+00:00,/dev/cu.usbserial-576B0005451,"RX,180407,R35,TXA,N01,116,118627,E,0,0.87,0.84,5,F,-87,9.75"
RX,180674,R35,TXB,N16,57,118893,C,1,0.81,0.78,5.0,U,-84.0,10.25,True,,2026-07-09T14:21:43.895+00:00,/dev/cu.usbserial-576B0005451,"RX,180674,R35,TXB,N16,57,118893,C,1,0.81,0.78,5,U,-84,10.25"
RX,181158,R35,TXE,N61,55,119382,G,0,0.93,0.9,5.0,U,-75.0,11.5,True,,2026-07-09T14:21:44.379+00:00,/dev/cu.usbserial-576B0005451,"RX,181158,R35,TXE,N61,55,119382,G,0,0.93,0.90,5,U,-75,11.50"
RX,181407,R35,TXA,N01,117,119627,F,1,0.28,0.26,5.0,F,-86.0,9.5,True,,2026-07-09T14:21:44.628+00:00,/dev/cu.usbserial-576B0005451,"RX,181407,R35,TXA,N01,117,119627,F,1,0.28,0.26,5,F,-86,9.50"
RX,181547,R35,TXK,N151,59,119763,G,1,0.93,0.9,5.0,U,-71.0,9.5,True,,2026-07-09T14:21:44.768+00:00,/dev/cu.usbserial-576B0005451,"RX,181547,R35,TXK,N151,59,119763,G,1,0.93,0.90,5,U,-71,9.50"
RX,181906,R35,TXF,N76,28,120131,E,0,0.87,0.84,5.0,U,-78.0,9.75,True,,2026-07-09T14:21:45.127+00:00,/dev/cu.usbserial-576B0005451,"RX,181906,R35,TXF,N76,28,120131,E,0,0.87,0.84,5,U,-78,9.75"
RX,182211,R35,TXD,N46,14,120431,G,1,0.93,0.9,5.0,U,-71.0,9.5,True,,2026-07-09T14:21:45.432+00:00,/dev/cu.usbserial-576B0005451,"RX,182211,R35,TXD,N46,14,120431,G,1,0.93,0.90,5,U,-71,9.50"
RX,182407,R35,TXA,N01,118,120627,G,1,0.93,0.9,5.0,F,-87.0,9.75,True,,2026-07-09T14:21:45.628+00:00,/dev/cu.usbserial-576B0005451,"RX,182407,R35,TXA,N01,118,120627,G,1,0.93,0.90,5,F,-87,9.75"
RX,182674,R35,TXB,N16,58,120893,E,0,0.87,0.84,5.0,U,-84.0,10.0,True,,2026-07-09T14:21:45.895+00:00,/dev/cu.usbserial-576B0005451,"RX,182674,R35,TXB,N16,58,120893,E,0,0.87,0.84,5,U,-84,10.00"
RX,182855,R35,TXG,N91,13,121080,G,0,0.93,0.9,5.0,U,-81.0,9.5,True,,2026-07-09T14:21:46.076+00:00,/dev/cu.usbserial-576B0005451,"RX,182855,R35,TXG,N91,13,121080,G,0,0.93,0.90,5,U,-81,9.50"
RX,183158,R35,TXE,N61,56,121382,A,1,0.75,0.72,5.0,U,-76.0,10.0,True,,2026-07-09T14:21:46.379+00:00,/dev/cu.usbserial-576B0005451,"RX,183158,R35,TXE,N61,56,121382,A,1,0.75,0.72,5,U,-76,10.00"
RX,183407,R35,TXA,N01,119,121627,H,0,0.32,0.3,5.0,F,-86.0,9.75,True,,2026-07-09T14:21:46.628+00:00,/dev/cu.usbserial-576B0005451,"RX,183407,R35,TXA,N01,119,121627,H,0,0.32,0.30,5,F,-86,9.75"
RX,183547,R35,TXK,N151,60,121763,A,1,0.75,0.72,5.0,U,-71.0,10.0,True,,2026-07-09T14:21:46.768+00:00,/dev/cu.usbserial-576B0005451,"RX,183547,R35,TXK,N151,60,121763,A,1,0.75,0.72,5,U,-71,10.00"
RX,183906,R35,TXF,N76,29,122131,G,1,0.93,0.9,5.0,U,-77.0,9.75,True,,2026-07-09T14:21:47.127+00:00,/dev/cu.usbserial-576B0005451,"RX,183906,R35,TXF,N76,29,122131,G,1,0.93,0.90,5,U,-77,9.75"
RX,184064,R35,TXJ,N136,13,122280,G,0,0.93,0.9,5.0,U,-77.0,9.75,True,,2026-07-09T14:21:47.285+00:00,/dev/cu.usbserial-576B0005451,"RX,184064,R35,TXJ,N136,13,122280,G,0,0.93,0.90,5,U,-77,9.75"
RX,184160,R35,TXC,N31,28,122381,E,0,0.87,0.84,5.0,U,-74.0,9.75,True,,2026-07-09T14:21:47.381+00:00,/dev/cu.usbserial-576B0005451,"RX,184160,R35,TXC,N31,28,122381,E,0,0.87,0.84,5,U,-74,9.75"
RX,184407,R35,TXA,N01,120,122627,A,1,0.75,0.72,5.0,F,-88.0,9.5,True,,2026-07-09T14:21:47.628+00:00,/dev/cu.usbserial-576B0005451,"RX,184407,R35,TXA,N01,120,122627,A,1,0.75,0.72,5,F,-88,9.50"
RX,184674,R35,TXB,N16,59,122893,G,1,0.93,0.9,5.0,U,-85.0,10.5,True,,2026-07-09T14:21:47.895+00:00,/dev/cu.usbserial-576B0005451,"RX,184674,R35,TXB,N16,59,122893,G,1,0.93,0.90,5,U,-85,10.50"
RX,185158,R35,TXE,N61,57,123382,C,1,0.81,0.78,5.0,U,-76.0,9.5,True,,2026-07-09T14:21:48.379+00:00,/dev/cu.usbserial-576B0005451,"RX,185158,R35,TXE,N61,57,123382,C,1,0.81,0.78,5,U,-76,9.50"
RX,185265,R35,TXI,N121,28,123481,E,0,0.87,0.84,5.0,U,-74.0,10.0,True,,2026-07-09T14:21:48.486+00:00,/dev/cu.usbserial-576B0005451,"RX,185265,R35,TXI,N121,28,123481,E,0,0.87,0.84,5,U,-74,10.00"
RX,185407,R35,TXA,N01,121,123627,B,1,0.2,0.18,5.0,F,-87.0,9.5,True,,2026-07-09T14:21:48.628+00:00,/dev/cu.usbserial-576B0005451,"RX,185407,R35,TXA,N01,121,123627,B,1,0.20,0.18,5,F,-87,9.50"
RX,185547,R35,TXK,N151,61,123763,C,0,0.81,0.78,5.0,U,-71.0,9.5,True,,2026-07-09T14:21:48.768+00:00,/dev/cu.usbserial-576B0005451,"RX,185547,R35,TXK,N151,61,123763,C,0,0.81,0.78,5,U,-71,9.50"
RX,186160,R35,TXC,N31,29,124381,G,1,0.93,0.9,5.0,U,-75.0,9.5,True,,2026-07-09T14:21:49.382+00:00,/dev/cu.usbserial-576B0005451,"RX,186160,R35,TXC,N31,29,124381,G,1,0.93,0.90,5,U,-75,9.50"
RX,186407,R35,TXA,N01,122,124627,C,0,0.81,0.78,5.0,F,-85.0,9.0,True,,2026-07-09T14:21:49.628+00:00,/dev/cu.usbserial-576B0005451,"RX,186407,R35,TXA,N01,122,124627,C,0,0.81,0.78,5,F,-85,9.00"
RX,186674,R35,TXB,N16,60,124893,A,1,0.75,0.72,5.0,U,-85.0,9.5,True,,2026-07-09T14:21:49.895+00:00,/dev/cu.usbserial-576B0005451,"RX,186674,R35,TXB,N16,60,124893,A,1,0.75,0.72,5,U,-85,9.50"
RX,187158,R35,TXE,N61,58,125382,E,0,0.87,0.84,5.0,U,-75.0,9.5,True,,2026-07-09T14:21:50.378+00:00,/dev/cu.usbserial-576B0005451,"RX,187158,R35,TXE,N61,58,125382,E,0,0.87,0.84,5,U,-75,9.50"
RX,187265,R35,TXI,N121,29,125481,G,1,0.93,0.9,5.0,U,-73.0,9.75,True,,2026-07-09T14:21:50.486+00:00,/dev/cu.usbserial-576B0005451,"RX,187265,R35,TXI,N121,29,125481,G,1,0.93,0.90,5,U,-73,9.75"
RX,187407,R35,TXA,N01,123,125627,D,1,0.24,0.22,5.0,F,-87.0,9.25,True,,2026-07-09T14:21:50.628+00:00,/dev/cu.usbserial-576B0005451,"RX,187407,R35,TXA,N01,123,125627,D,1,0.24,0.22,5,F,-87,9.25"
RX,187547,R35,TXK,N151,62,125763,E,1,0.87,0.84,5.0,U,-70.0,9.5,True,,2026-07-09T14:21:50.768+00:00,/dev/cu.usbserial-576B0005451,"RX,187547,R35,TXK,N151,62,125763,E,1,0.87,0.84,5,U,-70,9.50"
RX,188407,R35,TXA,N01,124,126627,E,1,0.87,0.84,5.0,F,-88.0,9.5,True,,2026-07-09T14:21:51.629+00:00,/dev/cu.usbserial-576B0005451,"RX,188407,R35,TXA,N01,124,126627,E,1,0.87,0.84,5,F,-88,9.50"
RX,188674,R35,TXB,N16,61,126893,C,0,0.81,0.78,5.0,U,-84.0,10.25,True,,2026-07-09T14:21:51.895+00:00,/dev/cu.usbserial-576B0005451,"RX,188674,R35,TXB,N16,61,126893,C,0,0.81,0.78,5,U,-84,10.25"
RX,189158,R35,TXE,N61,59,127382,G,1,0.93,0.9,5.0,U,-75.0,9.25,True,,2026-07-09T14:21:52.379+00:00,/dev/cu.usbserial-576B0005451,"RX,189158,R35,TXE,N61,59,127382,G,1,0.93,0.90,5,U,-75,9.25"
RX,189407,R35,TXA,N01,125,127627,F,0,0.28,0.26,5.0,F,-87.0,10.0,True,,2026-07-09T14:21:52.629+00:00,/dev/cu.usbserial-576B0005451,"RX,189407,R35,TXA,N01,125,127627,F,0,0.28,0.26,5,F,-87,10.00"
RX,189547,R35,TXK,N151,63,127763,G,1,0.93,0.9,5.0,U,-70.0,10.0,True,,2026-07-09T14:21:52.768+00:00,/dev/cu.usbserial-576B0005451,"RX,189547,R35,TXK,N151,63,127763,G,1,0.93,0.90,5,U,-70,10.00"
RX,189906,R35,TXF,N76,30,128131,E,1,0.87,0.84,5.0,U,-76.0,9.25,True,,2026-07-09T14:21:53.127+00:00,/dev/cu.usbserial-576B0005451,"RX,189906,R35,TXF,N76,30,128131,E,1,0.87,0.84,5,U,-76,9.25"
RX,190211,R35,TXD,N46,15,128431,G,1,0.93,0.9,5.0,U,-71.0,9.75,True,,2026-07-09T14:21:53.432+00:00,/dev/cu.usbserial-576B0005451,"RX,190211,R35,TXD,N46,15,128431,G,1,0.93,0.90,5,U,-71,9.75"
RX,190407,R35,TXA,N01,126,128627,G,1,0.93,0.9,5.0,F,-87.0,9.25,True,,2026-07-09T14:21:53.628+00:00,/dev/cu.usbserial-576B0005451,"RX,190407,R35,TXA,N01,126,128627,G,1,0.93,0.90,5,F,-87,9.25"
RX,190674,R35,TXB,N16,62,128893,E,1,0.87,0.84,5.0,U,-84.0,9.75,True,,2026-07-09T14:21:53.895+00:00,/dev/cu.usbserial-576B0005451,"RX,190674,R35,TXB,N16,62,128893,E,1,0.87,0.84,5,U,-84,9.75"
RX,190855,R35,TXG,N91,14,129080,G,1,0.93,0.9,5.0,U,-81.0,9.25,True,,2026-07-09T14:21:54.076+00:00,/dev/cu.usbserial-576B0005451,"RX,190855,R35,TXG,N91,14,129080,G,1,0.93,0.90,5,U,-81,9.25"
RX,191158,R35,TXE,N61,60,129382,A,1,0.75,0.72,5.0,U,-76.0,9.25,True,,2026-07-09T14:21:54.379+00:00,/dev/cu.usbserial-576B0005451,"RX,191158,R35,TXE,N61,60,129382,A,1,0.75,0.72,5,U,-76,9.25"
RX,191407,R35,TXA,N01,127,129627,H,1,0.32,0.3,5.0,F,-86.0,9.25,True,,2026-07-09T14:21:54.628+00:00,/dev/cu.usbserial-576B0005451,"RX,191407,R35,TXA,N01,127,129627,H,1,0.32,0.30,5,F,-86,9.25"
RX,191547,R35,TXK,N151,64,129763,A,1,0.75,0.72,5.0,U,-70.0,9.5,True,,2026-07-09T14:21:54.768+00:00,/dev/cu.usbserial-576B0005451,"RX,191547,R35,TXK,N151,64,129763,A,1,0.75,0.72,5,U,-70,9.50"
RX,191906,R35,TXF,N76,31,130131,G,1,0.93,0.9,5.0,U,-78.0,9.75,True,,2026-07-09T14:21:55.127+00:00,/dev/cu.usbserial-576B0005451,"RX,191906,R35,TXF,N76,31,130131,G,1,0.93,0.90,5,U,-78,9.75"
RX,192064,R35,TXJ,N136,14,130280,G,1,0.93,0.9,5.0,U,-78.0,9.5,True,,2026-07-09T14:21:55.285+00:00,/dev/cu.usbserial-576B0005451,"RX,192064,R35,TXJ,N136,14,130280,G,1,0.93,0.90,5,U,-78,9.50"
RX,192160,R35,TXC,N31,30,130381,E,1,0.87,0.84,5.0,U,-73.0,9.5,True,,2026-07-09T14:21:55.381+00:00,/dev/cu.usbserial-576B0005451,"RX,192160,R35,TXC,N31,30,130381,E,1,0.87,0.84,5,U,-73,9.50"
RX,192407,R35,TXA,N01,128,130627,A,1,0.75,0.72,5.0,F,-87.0,10.0,True,,2026-07-09T14:21:55.628+00:00,/dev/cu.usbserial-576B0005451,"RX,192407,R35,TXA,N01,128,130627,A,1,0.75,0.72,5,F,-87,10.00"
RX,192674,R35,TXB,N16,63,130893,G,1,0.93,0.9,5.0,U,-84.0,10.0,True,,2026-07-09T14:21:55.895+00:00,/dev/cu.usbserial-576B0005451,"RX,192674,R35,TXB,N16,63,130893,G,1,0.93,0.90,5,U,-84,10.00"
RX,193158,R35,TXE,N61,61,131382,C,0,0.81,0.78,5.0,U,-76.0,10.25,True,,2026-07-09T14:21:56.379+00:00,/dev/cu.usbserial-576B0005451,"RX,193158,R35,TXE,N61,61,131382,C,0,0.81,0.78,5,U,-76,10.25"
RX,193265,R35,TXI,N121,30,131481,E,1,0.87,0.84,5.0,U,-75.0,9.75,True,,2026-07-09T14:21:56.486+00:00,/dev/cu.usbserial-576B0005451,"RX,193265,R35,TXI,N121,30,131481,E,1,0.87,0.84,5,U,-75,9.75"
RX,193407,R35,TXA,N01,129,131627,B,0,0.2,0.18,5.0,F,-86.0,9.0,True,,2026-07-09T14:21:56.628+00:00,/dev/cu.usbserial-576B0005451,"RX,193407,R35,TXA,N01,129,131627,B,0,0.20,0.18,5,F,-86,9.00"
RX,193547,R35,TXK,N151,65,131763,C,1,0.81,0.78,5.0,U,-70.0,9.25,True,,2026-07-09T14:21:56.768+00:00,/dev/cu.usbserial-576B0005451,"RX,193547,R35,TXK,N151,65,131763,C,1,0.81,0.78,5,U,-70,9.25"
RX,194160,R35,TXC,N31,31,132381,G,1,0.93,0.9,5.0,U,-73.0,9.75,True,,2026-07-09T14:21:57.381+00:00,/dev/cu.usbserial-576B0005451,"RX,194160,R35,TXC,N31,31,132381,G,1,0.93,0.90,5,U,-73,9.75"
RX,194407,R35,TXA,N01,130,132627,C,1,0.81,0.78,5.0,F,-87.0,9.75,True,,2026-07-09T14:21:57.628+00:00,/dev/cu.usbserial-576B0005451,"RX,194407,R35,TXA,N01,130,132627,C,1,0.81,0.78,5,F,-87,9.75"
RX,194674,R35,TXB,N16,64,132893,A,1,0.75,0.72,5.0,U,-84.0,10.25,True,,2026-07-09T14:21:57.895+00:00,/dev/cu.usbserial-576B0005451,"RX,194674,R35,TXB,N16,64,132893,A,1,0.75,0.72,5,U,-84,10.25"
RX,195158,R35,TXE,N61,62,133382,E,1,0.87,0.84,5.0,U,-76.0,9.25,True,,2026-07-09T14:21:58.379+00:00,/dev/cu.usbserial-576B0005451,"RX,195158,R35,TXE,N61,62,133382,E,1,0.87,0.84,5,U,-76,9.25"
RX,195265,R35,TXI,N121,31,133481,G,1,0.93,0.9,5.0,U,-74.0,9.5,True,,2026-07-09T14:21:58.486+00:00,/dev/cu.usbserial-576B0005451,"RX,195265,R35,TXI,N121,31,133481,G,1,0.93,0.90,5,U,-74,9.50"
RX,195407,R35,TXA,N01,131,133627,D,1,0.24,0.22,5.0,F,-88.0,9.75,True,,2026-07-09T14:21:58.628+00:00,/dev/cu.usbserial-576B0005451,"RX,195407,R35,TXA,N01,131,133627,D,1,0.24,0.22,5,F,-88,9.75"
RX,195547,R35,TXK,N151,66,133763,E,0,0.87,0.84,5.0,U,-70.0,9.5,True,,2026-07-09T14:21:58.768+00:00,/dev/cu.usbserial-576B0005451,"RX,195547,R35,TXK,N151,66,133763,E,0,0.87,0.84,5,U,-70,9.50"
RX,196407,R35,TXA,N01,132,134627,E,0,0.87,0.84,5.0,F,-88.0,10.0,True,,2026-07-09T14:21:59.629+00:00,/dev/cu.usbserial-576B0005451,"RX,196407,R35,TXA,N01,132,134627,E,0,0.87,0.84,5,F,-88,10.00"
RX,196674,R35,TXB,N16,65,134893,C,1,0.81,0.78,5.0,U,-84.0,10.0,True,,2026-07-09T14:21:59.895+00:00,/dev/cu.usbserial-576B0005451,"RX,196674,R35,TXB,N16,65,134893,C,1,0.81,0.78,5,U,-84,10.00"
RX,197158,R35,TXE,N61,63,135382,G,1,0.93,0.9,5.0,U,-76.0,12.0,True,,2026-07-09T14:22:00.379+00:00,/dev/cu.usbserial-576B0005451,"RX,197158,R35,TXE,N61,63,135382,G,1,0.93,0.90,5,U,-76,12.00"
RX,197407,R35,TXA,N01,133,135627,F,1,0.28,0.26,5.0,F,-87.0,9.75,True,,2026-07-09T14:22:00.628+00:00,/dev/cu.usbserial-576B0005451,"RX,197407,R35,TXA,N01,133,135627,F,1,0.28,0.26,5,F,-87,9.75"
RX,197701,R35,TXL,N166,8,135917,G,1,0.93,0.9,5.0,U,-84.0,9.75,True,,2026-07-09T14:22:00.922+00:00,/dev/cu.usbserial-576B0005451,"RX,197701,R35,TXL,N166,8,135917,G,1,0.93,0.90,5,U,-84,9.75"
RX,197906,R35,TXF,N76,32,136131,E,0,0.87,0.84,5.0,U,-78.0,9.75,True,,2026-07-09T14:22:01.127+00:00,/dev/cu.usbserial-576B0005451,"RX,197906,R35,TXF,N76,32,136131,E,0,0.87,0.84,5,U,-78,9.75"
RX,198211,R35,TXD,N46,16,136431,G,1,0.93,0.9,5.0,U,-71.0,9.5,True,,2026-07-09T14:22:01.431+00:00,/dev/cu.usbserial-576B0005451,"RX,198211,R35,TXD,N46,16,136431,G,1,0.93,0.90,5,U,-71,9.50"
RX,198407,R35,TXA,N01,134,136627,G,1,0.93,0.9,5.0,F,-87.0,9.75,True,,2026-07-09T14:22:01.628+00:00,/dev/cu.usbserial-576B0005451,"RX,198407,R35,TXA,N01,134,136627,G,1,0.93,0.90,5,F,-87,9.75"
RX,198674,R35,TXB,N16,66,136893,E,0,0.87,0.84,5.0,U,-84.0,10.0,True,,2026-07-09T14:22:01.895+00:00,/dev/cu.usbserial-576B0005451,"RX,198674,R35,TXB,N16,66,136893,E,0,0.87,0.84,5,U,-84,10.00"
RX,198855,R35,TXG,N91,15,137080,G,1,0.93,0.9,5.0,U,-83.0,9.5,True,,2026-07-09T14:22:02.076+00:00,/dev/cu.usbserial-576B0005451,"RX,198855,R35,TXG,N91,15,137080,G,1,0.93,0.90,5,U,-83,9.50"
RX,199158,R35,TXE,N61,64,137382,A,1,0.75,0.72,5.0,U,-76.0,9.25,True,,2026-07-09T14:22:02.379+00:00,/dev/cu.usbserial-576B0005451,"RX,199158,R35,TXE,N61,64,137382,A,1,0.75,0.72,5,U,-76,9.25"
RX,199407,R35,TXA,N01,135,137627,H,0,0.32,0.3,5.0,F,-88.0,9.25,True,,2026-07-09T14:22:02.628+00:00,/dev/cu.usbserial-576B0005451,"RX,199407,R35,TXA,N01,135,137627,H,0,0.32,0.30,5,F,-88,9.25"
RX,199547,R35,TXK,N151,68,137763,A,1,0.75,0.72,5.0,U,-70.0,9.75,True,,2026-07-09T14:22:02.768+00:00,/dev/cu.usbserial-576B0005451,"RX,199547,R35,TXK,N151,68,137763,A,1,0.75,0.72,5,U,-70,9.75"
RX,200064,R35,TXJ,N136,15,138280,G,1,0.93,0.9,5.0,U,-78.0,9.25,True,,2026-07-09T14:22:03.285+00:00,/dev/cu.usbserial-576B0005451,"RX,200064,R35,TXJ,N136,15,138280,G,1,0.93,0.90,5,U,-78,9.25"
RX,200160,R35,TXC,N31,32,138381,E,0,0.87,0.84,5.0,U,-73.0,10.0,True,,2026-07-09T14:22:03.381+00:00,/dev/cu.usbserial-576B0005451,"RX,200160,R35,TXC,N31,32,138381,E,0,0.87,0.84,5,U,-73,10.00"
RX,200407,R35,TXA,N01,136,138627,A,1,0.75,0.72,5.0,F,-87.0,10.0,True,,2026-07-09T14:22:03.628+00:00,/dev/cu.usbserial-576B0005451,"RX,200407,R35,TXA,N01,136,138627,A,1,0.75,0.72,5,F,-87,10.00"
RX,200674,R35,TXB,N16,67,138893,G,1,0.93,0.9,5.0,U,-84.0,9.75,True,,2026-07-09T14:22:03.895+00:00,/dev/cu.usbserial-576B0005451,"RX,200674,R35,TXB,N16,67,138893,G,1,0.93,0.90,5,U,-84,9.75"
RX,201158,R35,TXE,N61,65,139382,C,1,0.81,0.78,5.0,U,-77.0,9.75,True,,2026-07-09T14:22:04.379+00:00,/dev/cu.usbserial-576B0005451,"RX,201158,R35,TXE,N61,65,139382,C,1,0.81,0.78,5,U,-77,9.75"
RX,201265,R35,TXI,N121,32,139481,E,0,0.87,0.84,5.0,U,-74.0,10.0,True,,2026-07-09T14:22:04.486+00:00,/dev/cu.usbserial-576B0005451,"RX,201265,R35,TXI,N121,32,139481,E,0,0.87,0.84,5,U,-74,10.00"
RX,201407,R35,TXA,N01,137,139627,B,1,0.2,0.18,5.0,F,-87.0,9.5,True,,2026-07-09T14:22:04.628+00:00,/dev/cu.usbserial-576B0005451,"RX,201407,R35,TXA,N01,137,139627,B,1,0.20,0.18,5,F,-87,9.50"
RX,201547,R35,TXK,N151,69,139763,C,0,0.81,0.78,5.0,U,-70.0,9.25,True,,2026-07-09T14:22:04.768+00:00,/dev/cu.usbserial-576B0005451,"RX,201547,R35,TXK,N151,69,139763,C,0,0.81,0.78,5,U,-70,9.25"
RX,202160,R35,TXC,N31,33,140381,G,1,0.93,0.9,5.0,U,-74.0,9.5,True,,2026-07-09T14:22:05.381+00:00,/dev/cu.usbserial-576B0005451,"RX,202160,R35,TXC,N31,33,140381,G,1,0.93,0.90,5,U,-74,9.50"
RX,202407,R35,TXA,N01,138,140627,C,0,0.81,0.78,5.0,F,-86.0,9.75,True,,2026-07-09T14:22:05.628+00:00,/dev/cu.usbserial-576B0005451,"RX,202407,R35,TXA,N01,138,140627,C,0,0.81,0.78,5,F,-86,9.75"
RX,202674,R35,TXB,N16,68,140893,A,1,0.75,0.72,5.0,U,-84.0,9.75,True,,2026-07-09T14:22:05.895+00:00,/dev/cu.usbserial-576B0005451,"RX,202674,R35,TXB,N16,68,140893,A,1,0.75,0.72,5,U,-84,9.75"
RX,203158,R35,TXE,N61,66,141382,E,0,0.87,0.84,5.0,U,-76.0,9.75,True,,2026-07-09T14:22:06.379+00:00,/dev/cu.usbserial-576B0005451,"RX,203158,R35,TXE,N61,66,141382,E,0,0.87,0.84,5,U,-76,9.75"
RX,203265,R35,TXI,N121,33,141481,G,1,0.93,0.9,5.0,U,-74.0,9.75,True,,2026-07-09T14:22:06.486+00:00,/dev/cu.usbserial-576B0005451,"RX,203265,R35,TXI,N121,33,141481,G,1,0.93,0.90,5,U,-74,9.75"
RX,203407,R35,TXA,N01,139,141627,D,1,0.24,0.22,5.0,F,-87.0,9.75,True,,2026-07-09T14:22:06.628+00:00,/dev/cu.usbserial-576B0005451,"RX,203407,R35,TXA,N01,139,141627,D,1,0.24,0.22,5,F,-87,9.75"
RX,203547,R35,TXK,N151,70,141763,E,1,0.87,0.84,5.0,U,-71.0,9.75,True,,2026-07-09T14:22:06.768+00:00,/dev/cu.usbserial-576B0005451,"RX,203547,R35,TXK,N151,70,141763,E,1,0.87,0.84,5,U,-71,9.75"
RX,204407,R35,TXA,N01,140,142627,E,1,0.87,0.84,5.0,F,-87.0,9.25,True,,2026-07-09T14:22:07.628+00:00,/dev/cu.usbserial-576B0005451,"RX,204407,R35,TXA,N01,140,142627,E,1,0.87,0.84,5,F,-87,9.25"
RX,204674,R35,TXB,N16,69,142893,C,0,0.81,0.78,5.0,U,-84.0,9.5,True,,2026-07-09T14:22:07.895+00:00,/dev/cu.usbserial-576B0005451,"RX,204674,R35,TXB,N16,69,142893,C,0,0.81,0.78,5,U,-84,9.50"
RX,205158,R35,TXE,N61,67,143382,G,1,0.93,0.9,5.0,U,-76.0,9.25,True,,2026-07-09T14:22:08.379+00:00,/dev/cu.usbserial-576B0005451,"RX,205158,R35,TXE,N61,67,143382,G,1,0.93,0.90,5,U,-76,9.25"
RX,205407,R35,TXA,N01,141,143627,F,0,0.28,0.26,5.0,F,-87.0,9.25,True,,2026-07-09T14:22:08.628+00:00,/dev/cu.usbserial-576B0005451,"RX,205407,R35,TXA,N01,141,143627,F,0,0.28,0.26,5,F,-87,9.25"
RX,205701,R35,TXL,N166,9,143917,G,1,0.93,0.9,5.0,U,-84.0,9.75,True,,2026-07-09T14:22:08.922+00:00,/dev/cu.usbserial-576B0005451,"RX,205701,R35,TXL,N166,9,143917,G,1,0.93,0.90,5,U,-84,9.75"
RX,205906,R35,TXF,N76,34,144131,E,1,0.87,0.84,5.0,U,-77.0,10.0,True,,2026-07-09T14:22:09.127+00:00,/dev/cu.usbserial-576B0005451,"RX,205906,R35,TXF,N76,34,144131,E,1,0.87,0.84,5,U,-77,10.00"
RX,206211,R35,TXD,N46,17,144431,G,1,0.93,0.9,5.0,U,-70.0,10.0,True,,2026-07-09T14:22:09.432+00:00,/dev/cu.usbserial-576B0005451,"RX,206211,R35,TXD,N46,17,144431,G,1,0.93,0.90,5,U,-70,10.00"
RX,206407,R35,TXA,N01,142,144627,G,1,0.93,0.9,5.0,F,-87.0,9.5,True,,2026-07-09T14:22:09.628+00:00,/dev/cu.usbserial-576B0005451,"RX,206407,R35,TXA,N01,142,144627,G,1,0.93,0.90,5,F,-87,9.50"
RX,206674,R35,TXB,N16,70,144893,E,1,0.87,0.84,5.0,U,-84.0,9.5,True,,2026-07-09T14:22:09.895+00:00,/dev/cu.usbserial-576B0005451,"RX,206674,R35,TXB,N16,70,144893,E,1,0.87,0.84,5,U,-84,9.50"
RX,206855,R35,TXG,N91,16,145080,G,1,0.93,0.9,5.0,U,-83.0,9.25,True,,2026-07-09T14:22:10.076+00:00,/dev/cu.usbserial-576B0005451,"RX,206855,R35,TXG,N91,16,145080,G,1,0.93,0.90,5,U,-83,9.25"
RX,207158,R35,TXE,N61,68,145382,A,1,0.75,0.72,5.0,U,-76.0,9.5,True,,2026-07-09T14:22:10.378+00:00,/dev/cu.usbserial-576B0005451,"RX,207158,R35,TXE,N61,68,145382,A,1,0.75,0.72,5,U,-76,9.50"
RX,207407,R35,TXA,N01,143,145627,H,1,0.32,0.3,5.0,F,-87.0,9.75,True,,2026-07-09T14:22:10.628+00:00,/dev/cu.usbserial-576B0005451,"RX,207407,R35,TXA,N01,143,145627,H,1,0.32,0.30,5,F,-87,9.75"
RX,207547,R35,TXK,N151,72,145763,A,0,0.75,0.72,5.0,U,-71.0,9.5,True,,2026-07-09T14:22:10.768+00:00,/dev/cu.usbserial-576B0005451,"RX,207547,R35,TXK,N151,72,145763,A,0,0.75,0.72,5,U,-71,9.50"
RX,207906,R35,TXF,N76,35,146131,G,1,0.93,0.9,5.0,U,-78.0,9.75,True,,2026-07-09T14:22:11.127+00:00,/dev/cu.usbserial-576B0005451,"RX,207906,R35,TXF,N76,35,146131,G,1,0.93,0.90,5,U,-78,9.75"
RX,208064,R35,TXJ,N136,16,146280,G,1,0.93,0.9,5.0,U,-78.0,9.5,True,,2026-07-09T14:22:11.285+00:00,/dev/cu.usbserial-576B0005451,"RX,208064,R35,TXJ,N136,16,146280,G,1,0.93,0.90,5,U,-78,9.50"
RX,208160,R35,TXC,N31,34,146381,E,1,0.87,0.84,5.0,U,-74.0,9.75,True,,2026-07-09T14:22:11.381+00:00,/dev/cu.usbserial-576B0005451,"RX,208160,R35,TXC,N31,34,146381,E,1,0.87,0.84,5,U,-74,9.75"
RX,208407,R35,TXA,N01,144,146627,A,0,0.75,0.72,5.0,F,-87.0,9.75,True,,2026-07-09T14:22:11.628+00:00,/dev/cu.usbserial-576B0005451,"RX,208407,R35,TXA,N01,144,146627,A,0,0.75,0.72,5,F,-87,9.75"
RX,208674,R35,TXB,N16,71,146893,G,1,0.93,0.9,5.0,U,-84.0,9.75,True,,2026-07-09T14:22:11.895+00:00,/dev/cu.usbserial-576B0005451,"RX,208674,R35,TXB,N16,71,146893,G,1,0.93,0.90,5,U,-84,9.75"
RX,209158,R35,TXE,N61,69,147382,C,0,0.81,0.78,5.0,U,-76.0,9.75,True,,2026-07-09T14:22:12.378+00:00,/dev/cu.usbserial-576B0005451,"RX,209158,R35,TXE,N61,69,147382,C,0,0.81,0.78,5,U,-76,9.75"
RX,209265,R35,TXI,N121,34,147481,E,1,0.87,0.84,5.0,U,-74.0,9.5,True,,2026-07-09T14:22:12.486+00:00,/dev/cu.usbserial-576B0005451,"RX,209265,R35,TXI,N121,34,147481,E,1,0.87,0.84,5,U,-74,9.50"
RX,209407,R35,TXA,N01,145,147627,B,1,0.2,0.18,5.0,F,-88.0,10.0,True,,2026-07-09T14:22:12.628+00:00,/dev/cu.usbserial-576B0005451,"RX,209407,R35,TXA,N01,145,147627,B,1,0.20,0.18,5,F,-88,10.00"
RX,209547,R35,TXK,N151,73,147763,C,1,0.81,0.78,5.0,U,-70.0,9.75,True,,2026-07-09T14:22:12.768+00:00,/dev/cu.usbserial-576B0005451,"RX,209547,R35,TXK,N151,73,147763,C,1,0.81,0.78,5,U,-70,9.75"
RX,210160,R35,TXC,N31,35,148381,G,1,0.93,0.9,5.0,U,-73.0,9.5,True,,2026-07-09T14:22:13.381+00:00,/dev/cu.usbserial-576B0005451,"RX,210160,R35,TXC,N31,35,148381,G,1,0.93,0.90,5,U,-73,9.50"
RX,210407,R35,TXA,N01,146,148627,C,1,0.81,0.78,5.0,F,-87.0,9.75,True,,2026-07-09T14:22:13.628+00:00,/dev/cu.usbserial-576B0005451,"RX,210407,R35,TXA,N01,146,148627,C,1,0.81,0.78,5,F,-87,9.75"
RX,210674,R35,TXB,N16,72,148893,A,0,0.75,0.72,5.0,U,-84.0,9.75,True,,2026-07-09T14:22:13.895+00:00,/dev/cu.usbserial-576B0005451,"RX,210674,R35,TXB,N16,72,148893,A,0,0.75,0.72,5,U,-84,9.75"
RX,211158,R35,TXE,N61,70,149382,E,1,0.87,0.84,5.0,U,-76.0,9.75,True,,2026-07-09T14:22:14.378+00:00,/dev/cu.usbserial-576B0005451,"RX,211158,R35,TXE,N61,70,149382,E,1,0.87,0.84,5,U,-76,9.75"
RX,211265,R35,TXI,N121,35,149481,G,1,0.93,0.9,5.0,U,-74.0,9.25,True,,2026-07-09T14:22:14.486+00:00,/dev/cu.usbserial-576B0005451,"RX,211265,R35,TXI,N121,35,149481,G,1,0.93,0.90,5,U,-74,9.25"
RX,211407,R35,TXA,N01,147,149627,D,0,0.24,0.22,5.0,F,-88.0,10.25,True,,2026-07-09T14:22:14.628+00:00,/dev/cu.usbserial-576B0005451,"RX,211407,R35,TXA,N01,147,149627,D,0,0.24,0.22,5,F,-88,10.25"
RX,211547,R35,TXK,N151,74,149763,E,1,0.87,0.84,5.0,U,-70.0,9.75,True,,2026-07-09T14:22:14.768+00:00,/dev/cu.usbserial-576B0005451,"RX,211547,R35,TXK,N151,74,149763,E,1,0.87,0.84,5,U,-70,9.75"
RX,212407,R35,TXA,N01,148,150627,E,1,0.87,0.84,5.0,F,-88.0,9.5,True,,2026-07-09T14:22:15.628+00:00,/dev/cu.usbserial-576B0005451,"RX,212407,R35,TXA,N01,148,150627,E,1,0.87,0.84,5,F,-88,9.50"
RX,212674,R35,TXB,N16,73,150893,C,1,0.81,0.78,5.0,U,-84.0,10.25,True,,2026-07-09T14:22:15.895+00:00,/dev/cu.usbserial-576B0005451,"RX,212674,R35,TXB,N16,73,150893,C,1,0.81,0.78,5,U,-84,10.25"
RX,213158,R35,TXE,N61,71,151382,G,1,0.93,0.9,5.0,U,-76.0,9.5,True,,2026-07-09T14:22:16.378+00:00,/dev/cu.usbserial-576B0005451,"RX,213158,R35,TXE,N61,71,151382,G,1,0.93,0.90,5,U,-76,9.50"
RX,213407,R35,TXA,N01,149,151627,F,1,0.28,0.26,5.0,F,-88.0,10.0,True,,2026-07-09T14:22:16.628+00:00,/dev/cu.usbserial-576B0005451,"RX,213407,R35,TXA,N01,149,151627,F,1,0.28,0.26,5,F,-88,10.00"
RX,213701,R35,TXL,N166,10,151917,G,0,0.93,0.9,5.0,U,-84.0,10.0,True,,2026-07-09T14:22:16.921+00:00,/dev/cu.usbserial-576B0005451,"RX,213701,R35,TXL,N166,10,151917,G,0,0.93,0.90,5,U,-84,10.00"
RX,213906,R35,TXF,N76,36,152131,E,1,0.87,0.84,5.0,U,-77.0,9.5,True,,2026-07-09T14:22:17.127+00:00,/dev/cu.usbserial-576B0005451,"RX,213906,R35,TXF,N76,36,152131,E,1,0.87,0.84,5,U,-77,9.50"
RX,214211,R35,TXD,N46,18,152431,G,0,0.93,0.9,5.0,U,-71.0,11.25,True,,2026-07-09T14:22:17.433+00:00,/dev/cu.usbserial-576B0005451,"RX,214211,R35,TXD,N46,18,152431,G,0,0.93,0.90,5,U,-71,11.25"
RX,214407,R35,TXA,N01,150,152627,G,0,0.93,0.9,5.0,F,-89.0,9.25,True,,2026-07-09T14:22:17.628+00:00,/dev/cu.usbserial-576B0005451,"RX,214407,R35,TXA,N01,150,152627,G,0,0.93,0.90,5,F,-89,9.25"
RX,214674,R35,TXB,N16,74,152893,E,1,0.87,0.84,5.0,U,-84.0,9.75,True,,2026-07-09T14:22:17.895+00:00,/dev/cu.usbserial-576B0005451,"RX,214674,R35,TXB,N16,74,152893,E,1,0.87,0.84,5,U,-84,9.75"
RX,214855,R35,TXG,N91,17,153080,G,1,0.93,0.9,5.0,U,-83.0,9.5,True,,2026-07-09T14:22:18.076+00:00,/dev/cu.usbserial-576B0005451,"RX,214855,R35,TXG,N91,17,153080,G,1,0.93,0.90,5,U,-83,9.50"
RX,215158,R35,TXE,N61,72,153382,A,0,0.75,0.72,5.0,U,-76.0,9.25,True,,2026-07-09T14:22:18.378+00:00,/dev/cu.usbserial-576B0005451,"RX,215158,R35,TXE,N61,72,153382,A,0,0.75,0.72,5,U,-76,9.25"
RX,215407,R35,TXA,N01,151,153627,H,1,0.32,0.3,5.0,F,-88.0,9.5,True,,2026-07-09T14:22:18.628+00:00,/dev/cu.usbserial-576B0005451,"RX,215407,R35,TXA,N01,151,153627,H,1,0.32,0.30,5,F,-88,9.50"
RX,215547,R35,TXK,N151,76,153763,A,1,0.75,0.72,5.0,U,-70.0,9.75,True,,2026-07-09T14:22:18.768+00:00,/dev/cu.usbserial-576B0005451,"RX,215547,R35,TXK,N151,76,153763,A,1,0.75,0.72,5,U,-70,9.75"
RX,215906,R35,TXF,N76,37,154131,G,0,0.93,0.9,5.0,U,-77.0,9.75,True,,2026-07-09T14:22:19.127+00:00,/dev/cu.usbserial-576B0005451,"RX,215906,R35,TXF,N76,37,154131,G,0,0.93,0.90,5,U,-77,9.75"
RX,216064,R35,TXJ,N136,17,154280,G,1,0.93,0.9,5.0,U,-78.0,9.75,True,,2026-07-09T14:22:19.285+00:00,/dev/cu.usbserial-576B0005451,"RX,216064,R35,TXJ,N136,17,154280,G,1,0.93,0.90,5,U,-78,9.75"
RX,216160,R35,TXC,N31,36,154381,E,1,0.87,0.84,5.0,U,-73.0,9.75,True,,2026-07-09T14:22:19.381+00:00,/dev/cu.usbserial-576B0005451,"RX,216160,R35,TXC,N31,36,154381,E,1,0.87,0.84,5,U,-73,9.75"
RX,216407,R35,TXA,N01,152,154627,A,1,0.75,0.72,5.0,F,-88.0,9.75,True,,2026-07-09T14:22:19.628+00:00,/dev/cu.usbserial-576B0005451,"RX,216407,R35,TXA,N01,152,154627,A,1,0.75,0.72,5,F,-88,9.75"
RX,216674,R35,TXB,N16,75,154893,G,0,0.93,0.9,5.0,U,-84.0,9.5,True,,2026-07-09T14:22:19.895+00:00,/dev/cu.usbserial-576B0005451,"RX,216674,R35,TXB,N16,75,154893,G,0,0.93,0.90,5,U,-84,9.50"
RX,217158,R35,TXE,N61,73,155382,C,1,0.81,0.78,5.0,U,-76.0,9.5,True,,2026-07-09T14:22:20.378+00:00,/dev/cu.usbserial-576B0005451,"RX,217158,R35,TXE,N61,73,155382,C,1,0.81,0.78,5,U,-76,9.50"
RX,217265,R35,TXI,N121,36,155481,E,1,0.87,0.84,5.0,U,-74.0,9.75,True,,2026-07-09T14:22:20.486+00:00,/dev/cu.usbserial-576B0005451,"RX,217265,R35,TXI,N121,36,155481,E,1,0.87,0.84,5,U,-74,9.75"
RX,217407,R35,TXA,N01,153,155627,B,0,0.2,0.18,5.0,F,-88.0,9.5,True,,2026-07-09T14:22:20.628+00:00,/dev/cu.usbserial-576B0005451,"RX,217407,R35,TXA,N01,153,155627,B,0,0.20,0.18,5,F,-88,9.50"
RX,217547,R35,TXK,N151,77,155763,C,1,0.81,0.78,5.0,U,-70.0,9.75,True,,2026-07-09T14:22:20.768+00:00,/dev/cu.usbserial-576B0005451,"RX,217547,R35,TXK,N151,77,155763,C,1,0.81,0.78,5,U,-70,9.75"
RX,218160,R35,TXC,N31,37,156381,G,0,0.93,0.9,5.0,U,-73.0,10.25,True,,2026-07-09T14:22:21.381+00:00,/dev/cu.usbserial-576B0005451,"RX,218160,R35,TXC,N31,37,156381,G,0,0.93,0.90,5,U,-73,10.25"
RX,218407,R35,TXA,N01,154,156627,C,1,0.81,0.78,5.0,F,-88.0,10.0,True,,2026-07-09T14:22:21.628+00:00,/dev/cu.usbserial-576B0005451,"RX,218407,R35,TXA,N01,154,156627,C,1,0.81,0.78,5,F,-88,10.00"
RX,218674,R35,TXB,N16,76,156893,A,1,0.75,0.72,5.0,U,-84.0,9.75,True,,2026-07-09T14:22:21.895+00:00,/dev/cu.usbserial-576B0005451,"RX,218674,R35,TXB,N16,76,156893,A,1,0.75,0.72,5,U,-84,9.75"
RX,219158,R35,TXE,N61,74,157382,E,1,0.87,0.84,5.0,U,-76.0,9.75,True,,2026-07-09T14:22:22.379+00:00,/dev/cu.usbserial-576B0005451,"RX,219158,R35,TXE,N61,74,157382,E,1,0.87,0.84,5,U,-76,9.75"
RX,219265,R35,TXI,N121,37,157481,G,0,0.93,0.9,5.0,U,-74.0,9.25,True,,2026-07-09T14:22:22.486+00:00,/dev/cu.usbserial-576B0005451,"RX,219265,R35,TXI,N121,37,157481,G,0,0.93,0.90,5,U,-74,9.25"
RX,219407,R35,TXA,N01,155,157627,D,1,0.24,0.22,5.0,F,-88.0,10.0,True,,2026-07-09T14:22:22.628+00:00,/dev/cu.usbserial-576B0005451,"RX,219407,R35,TXA,N01,155,157627,D,1,0.24,0.22,5,F,-88,10.00"
RX,219547,R35,TXK,N151,78,157763,E,0,0.87,0.84,5.0,U,-70.0,9.75,True,,2026-07-09T14:22:22.768+00:00,/dev/cu.usbserial-576B0005451,"RX,219547,R35,TXK,N151,78,157763,E,0,0.87,0.84,5,U,-70,9.75"
RX,220407,R35,TXA,N01,156,158627,E,0,0.87,0.84,5.0,F,-87.0,10.25,True,,2026-07-09T14:22:23.628+00:00,/dev/cu.usbserial-576B0005451,"RX,220407,R35,TXA,N01,156,158627,E,0,0.87,0.84,5,F,-87,10.25"
RX,220674,R35,TXB,N16,77,158893,C,1,0.81,0.78,5.0,U,-84.0,9.5,True,,2026-07-09T14:22:23.895+00:00,/dev/cu.usbserial-576B0005451,"RX,220674,R35,TXB,N16,77,158893,C,1,0.81,0.78,5,U,-84,9.50"
RX,221158,R35,TXE,N61,75,159382,G,0,0.93,0.9,5.0,U,-76.0,9.75,True,,2026-07-09T14:22:24.379+00:00,/dev/cu.usbserial-576B0005451,"RX,221158,R35,TXE,N61,75,159382,G,0,0.93,0.90,5,U,-76,9.75"
RX,221407,R35,TXA,N01,157,159627,F,1,0.28,0.26,5.0,F,-88.0,9.75,True,,2026-07-09T14:22:24.628+00:00,/dev/cu.usbserial-576B0005451,"RX,221407,R35,TXA,N01,157,159627,F,1,0.28,0.26,5,F,-88,9.75"
RX,221701,R35,TXL,N166,11,159917,G,1,0.93,0.9,5.0,U,-84.0,9.5,True,,2026-07-09T14:22:24.923+00:00,/dev/cu.usbserial-576B0005451,"RX,221701,R35,TXL,N166,11,159917,G,1,0.93,0.90,5,U,-84,9.50"
RX,221906,R35,TXF,N76,38,160131,E,0,0.87,0.84,5.0,U,-78.0,9.75,True,,2026-07-09T14:22:25.127+00:00,/dev/cu.usbserial-576B0005451,"RX,221906,R35,TXF,N76,38,160131,E,0,0.87,0.84,5,U,-78,9.75"
RX,222211,R35,TXD,N46,19,160431,G,1,0.93,0.9,5.0,U,-70.0,9.5,True,,2026-07-09T14:22:25.431+00:00,/dev/cu.usbserial-576B0005451,"RX,222211,R35,TXD,N46,19,160431,G,1,0.93,0.90,5,U,-70,9.50"
RX,222407,R35,TXA,N01,158,160627,G,1,0.93,0.9,5.0,F,-88.0,9.5,True,,2026-07-09T14:22:25.628+00:00,/dev/cu.usbserial-576B0005451,"RX,222407,R35,TXA,N01,158,160627,G,1,0.93,0.90,5,F,-88,9.50"
RX,222674,R35,TXB,N16,78,160893,E,0,0.87,0.84,5.0,U,-84.0,9.75,True,,2026-07-09T14:22:25.895+00:00,/dev/cu.usbserial-576B0005451,"RX,222674,R35,TXB,N16,78,160893,E,0,0.87,0.84,5,U,-84,9.75"
RX,222856,R35,TXG,N91,18,161080,G,0,0.93,0.9,5.0,U,-83.0,9.5,True,,2026-07-09T14:22:26.076+00:00,/dev/cu.usbserial-576B0005451,"RX,222856,R35,TXG,N91,18,161080,G,0,0.93,0.90,5,U,-83,9.50"
RX,223158,R35,TXE,N61,76,161382,A,1,0.75,0.72,5.0,U,-76.0,9.75,True,,2026-07-09T14:22:26.378+00:00,/dev/cu.usbserial-576B0005451,"RX,223158,R35,TXE,N61,76,161382,A,1,0.75,0.72,5,U,-76,9.75"
RX,223407,R35,TXA,N01,159,161627,H,0,0.32,0.3,5.0,F,-88.0,10.0,True,,2026-07-09T14:22:26.628+00:00,/dev/cu.usbserial-576B0005451,"RX,223407,R35,TXA,N01,159,161627,H,0,0.32,0.30,5,F,-88,10.00"
RX,223906,R35,TXF,N76,39,162131,G,1,0.93,0.9,5.0,U,-77.0,10.0,True,,2026-07-09T14:22:27.127+00:00,/dev/cu.usbserial-576B0005451,"RX,223906,R35,TXF,N76,39,162131,G,1,0.93,0.90,5,U,-77,10.00"
RX,224064,R35,TXJ,N136,18,162280,G,0,0.93,0.9,5.0,U,-78.0,10.0,True,,2026-07-09T14:22:27.285+00:00,/dev/cu.usbserial-576B0005451,"RX,224064,R35,TXJ,N136,18,162280,G,0,0.93,0.90,5,U,-78,10.00"
RX,224160,R35,TXC,N31,38,162381,E,0,0.87,0.84,5.0,U,-74.0,9.75,True,,2026-07-09T14:22:27.381+00:00,/dev/cu.usbserial-576B0005451,"RX,224160,R35,TXC,N31,38,162381,E,0,0.87,0.84,5,U,-74,9.75"
RX,224407,R35,TXA,N01,160,162627,A,1,0.75,0.72,5.0,F,-88.0,9.75,True,,2026-07-09T14:22:27.628+00:00,/dev/cu.usbserial-576B0005451,"RX,224407,R35,TXA,N01,160,162627,A,1,0.75,0.72,5,F,-88,9.75"
RX,224674,R35,TXB,N16,79,162893,G,1,0.93,0.9,5.0,U,-84.0,9.5,True,,2026-07-09T14:22:27.895+00:00,/dev/cu.usbserial-576B0005451,"RX,224674,R35,TXB,N16,79,162893,G,1,0.93,0.90,5,U,-84,9.50"
RX,225158,R35,TXE,N61,77,163382,C,1,0.81,0.78,5.0,U,-76.0,9.75,True,,2026-07-09T14:22:28.378+00:00,/dev/cu.usbserial-576B0005451,"RX,225158,R35,TXE,N61,77,163382,C,1,0.81,0.78,5,U,-76,9.75"
RX,225265,R35,TXI,N121,38,163481,E,0,0.87,0.84,5.0,U,-74.0,9.75,True,,2026-07-09T14:22:28.486+00:00,/dev/cu.usbserial-576B0005451,"RX,225265,R35,TXI,N121,38,163481,E,0,0.87,0.84,5,U,-74,9.75"
RX,225407,R35,TXA,N01,161,163627,B,1,0.2,0.18,5.0,F,-88.0,9.75,True,,2026-07-09T14:22:28.628+00:00,/dev/cu.usbserial-576B0005451,"RX,225407,R35,TXA,N01,161,163627,B,1,0.20,0.18,5,F,-88,9.75"
RX,225547,R35,TXK,N151,81,163763,C,0,0.81,0.78,5.0,U,-71.0,9.25,True,,2026-07-09T14:22:28.768+00:00,/dev/cu.usbserial-576B0005451,"RX,225547,R35,TXK,N151,81,163763,C,0,0.81,0.78,5,U,-71,9.25"
RX,226160,R35,TXC,N31,39,164381,G,1,0.93,0.9,5.0,U,-73.0,7.75,True,,2026-07-09T14:22:29.381+00:00,/dev/cu.usbserial-576B0005451,"RX,226160,R35,TXC,N31,39,164381,G,1,0.93,0.90,5,U,-73,7.75"
RX,226407,R35,TXA,N01,162,164627,C,0,0.81,0.78,5.0,F,-88.0,9.25,True,,2026-07-09T14:22:29.628+00:00,/dev/cu.usbserial-576B0005451,"RX,226407,R35,TXA,N01,162,164627,C,0,0.81,0.78,5,F,-88,9.25"
RX,226674,R35,TXB,N16,80,164893,A,1,0.75,0.72,5.0,U,-84.0,10.0,True,,2026-07-09T14:22:29.895+00:00,/dev/cu.usbserial-576B0005451,"RX,226674,R35,TXB,N16,80,164893,A,1,0.75,0.72,5,U,-84,10.00"
RX,227158,R35,TXE,N61,78,165382,E,0,0.87,0.84,5.0,U,-76.0,9.5,True,,2026-07-09T14:22:30.379+00:00,/dev/cu.usbserial-576B0005451,"RX,227158,R35,TXE,N61,78,165382,E,0,0.87,0.84,5,U,-76,9.50"
RX,227265,R35,TXI,N121,39,165481,G,1,0.93,0.9,5.0,U,-74.0,10.0,True,,2026-07-09T14:22:30.486+00:00,/dev/cu.usbserial-576B0005451,"RX,227265,R35,TXI,N121,39,165481,G,1,0.93,0.90,5,U,-74,10.00"
RX,227407,R35,TXA,N01,163,165627,D,1,0.24,0.22,5.0,F,-89.0,9.75,True,,2026-07-09T14:22:30.628+00:00,/dev/cu.usbserial-576B0005451,"RX,227407,R35,TXA,N01,163,165627,D,1,0.24,0.22,5,F,-89,9.75"
RX,228407,R35,TXA,N01,164,166627,E,1,0.87,0.84,5.0,F,-89.0,9.75,True,,2026-07-09T14:22:31.628+00:00,/dev/cu.usbserial-576B0005451,"RX,228407,R35,TXA,N01,164,166627,E,1,0.87,0.84,5,F,-89,9.75"
RX,228674,R35,TXB,N16,81,166893,C,0,0.81,0.78,5.0,U,-84.0,10.0,True,,2026-07-09T14:22:31.895+00:00,/dev/cu.usbserial-576B0005451,"RX,228674,R35,TXB,N16,81,166893,C,0,0.81,0.78,5,U,-84,10.00"
RX,229158,R35,TXE,N61,79,167382,G,1,0.93,0.9,5.0,U,-76.0,9.25,True,,2026-07-09T14:22:32.378+00:00,/dev/cu.usbserial-576B0005451,"RX,229158,R35,TXE,N61,79,167382,G,1,0.93,0.90,5,U,-76,9.25"
RX,229407,R35,TXA,N01,165,167627,F,0,0.28,0.26,5.0,F,-89.0,9.5,True,,2026-07-09T14:22:32.628+00:00,/dev/cu.usbserial-576B0005451,"RX,229407,R35,TXA,N01,165,167627,F,0,0.28,0.26,5,F,-89,9.50"
RX,229547,R35,TXK,N151,83,167763,G,1,0.93,0.9,5.0,U,-70.0,9.75,True,,2026-07-09T14:22:32.768+00:00,/dev/cu.usbserial-576B0005451,"RX,229547,R35,TXK,N151,83,167763,G,1,0.93,0.90,5,U,-70,9.75"
RX,229906,R35,TXF,N76,40,168131,E,1,0.87,0.84,5.0,U,-77.0,9.25,True,,2026-07-09T14:22:33.127+00:00,/dev/cu.usbserial-576B0005451,"RX,229906,R35,TXF,N76,40,168131,E,1,0.87,0.84,5,U,-77,9.25"
RX,230211,R35,TXD,N46,20,168431,G,1,0.93,0.9,5.0,U,-70.0,9.5,True,,2026-07-09T14:22:33.431+00:00,/dev/cu.usbserial-576B0005451,"RX,230211,R35,TXD,N46,20,168431,G,1,0.93,0.90,5,U,-70,9.50"
RX,230407,R35,TXA,N01,166,168627,G,1,0.93,0.9,5.0,F,-89.0,9.5,True,,2026-07-09T14:22:33.628+00:00,/dev/cu.usbserial-576B0005451,"RX,230407,R35,TXA,N01,166,168627,G,1,0.93,0.90,5,F,-89,9.50"
RX,230674,R35,TXB,N16,82,168893,E,1,0.87,0.84,5.0,U,-84.0,9.75,True,,2026-07-09T14:22:33.895+00:00,/dev/cu.usbserial-576B0005451,"RX,230674,R35,TXB,N16,82,168893,E,1,0.87,0.84,5,U,-84,9.75"
RX,230855,R35,TXG,N91,19,169080,G,1,0.93,0.9,5.0,U,-83.0,9.75,True,,2026-07-09T14:22:34.076+00:00,/dev/cu.usbserial-576B0005451,"RX,230855,R35,TXG,N91,19,169080,G,1,0.93,0.90,5,U,-83,9.75"
RX,231158,R35,TXE,N61,80,169382,A,1,0.75,0.72,5.0,U,-76.0,9.5,True,,2026-07-09T14:22:34.378+00:00,/dev/cu.usbserial-576B0005451,"RX,231158,R35,TXE,N61,80,169382,A,1,0.75,0.72,5,U,-76,9.50"
RX,231407,R35,TXA,N01,167,169627,H,1,0.32,0.3,5.0,F,-89.0,9.75,True,,2026-07-09T14:22:34.628+00:00,/dev/cu.usbserial-576B0005451,"RX,231407,R35,TXA,N01,167,169627,H,1,0.32,0.30,5,F,-89,9.75"
RX,231547,R35,TXK,N151,84,169763,A,0,0.75,0.72,5.0,U,-67.0,9.5,True,,2026-07-09T14:22:34.768+00:00,/dev/cu.usbserial-576B0005451,"RX,231547,R35,TXK,N151,84,169763,A,0,0.75,0.72,5,U,-67,9.50"
RX,231906,R35,TXF,N76,41,170131,G,1,0.93,0.9,5.0,U,-78.0,9.5,True,,2026-07-09T14:22:35.126+00:00,/dev/cu.usbserial-576B0005451,"RX,231906,R35,TXF,N76,41,170131,G,1,0.93,0.90,5,U,-78,9.50"
RX,232064,R35,TXJ,N136,19,170280,G,1,0.93,0.9,5.0,U,-78.0,10.25,True,,2026-07-09T14:22:35.285+00:00,/dev/cu.usbserial-576B0005451,"RX,232064,R35,TXJ,N136,19,170280,G,1,0.93,0.90,5,U,-78,10.25"
RX,232160,R35,TXC,N31,40,170381,E,1,0.87,0.84,5.0,U,-73.0,10.0,True,,2026-07-09T14:22:35.381+00:00,/dev/cu.usbserial-576B0005451,"RX,232160,R35,TXC,N31,40,170381,E,1,0.87,0.84,5,U,-73,10.00"
RX,232407,R35,TXA,N01,168,170627,A,0,0.75,0.72,5.0,F,-88.0,9.75,True,,2026-07-09T14:22:35.628+00:00,/dev/cu.usbserial-576B0005451,"RX,232407,R35,TXA,N01,168,170627,A,0,0.75,0.72,5,F,-88,9.75"
RX,232674,R35,TXB,N16,83,170893,G,1,0.93,0.9,5.0,U,-84.0,9.75,True,,2026-07-09T14:22:35.895+00:00,/dev/cu.usbserial-576B0005451,"RX,232674,R35,TXB,N16,83,170893,G,1,0.93,0.90,5,U,-84,9.75"
RX,233158,R35,TXE,N61,81,171382,C,0,0.81,0.78,5.0,U,-76.0,9.25,True,,2026-07-09T14:22:36.378+00:00,/dev/cu.usbserial-576B0005451,"RX,233158,R35,TXE,N61,81,171382,C,0,0.81,0.78,5,U,-76,9.25"
RX,233265,R35,TXI,N121,40,171481,E,1,0.87,0.84,5.0,U,-74.0,9.75,True,,2026-07-09T14:22:36.486+00:00,/dev/cu.usbserial-576B0005451,"RX,233265,R35,TXI,N121,40,171481,E,1,0.87,0.84,5,U,-74,9.75"
RX,233407,R35,TXA,N01,169,171627,B,1,0.2,0.18,5.0,F,-89.0,9.5,True,,2026-07-09T14:22:36.628+00:00,/dev/cu.usbserial-576B0005451,"RX,233407,R35,TXA,N01,169,171627,B,1,0.20,0.18,5,F,-89,9.50"
RX,233547,R35,TXK,N151,85,171763,C,1,0.81,0.78,5.0,U,-71.0,9.25,True,,2026-07-09T14:22:36.768+00:00,/dev/cu.usbserial-576B0005451,"RX,233547,R35,TXK,N151,85,171763,C,1,0.81,0.78,5,U,-71,9.25"
RX,234160,R35,TXC,N31,41,172381,G,1,0.93,0.9,5.0,U,-73.0,9.75,True,,2026-07-09T14:22:37.381+00:00,/dev/cu.usbserial-576B0005451,"RX,234160,R35,TXC,N31,41,172381,G,1,0.93,0.90,5,U,-73,9.75"
RX,234407,R35,TXA,N01,170,172627,C,1,0.81,0.78,5.0,F,-88.0,9.75,True,,2026-07-09T14:22:37.628+00:00,/dev/cu.usbserial-576B0005451,"RX,234407,R35,TXA,N01,170,172627,C,1,0.81,0.78,5,F,-88,9.75"
RX,234674,R35,TXB,N16,84,172893,A,0,0.75,0.72,5.0,U,-85.0,9.5,True,,2026-07-09T14:22:37.895+00:00,/dev/cu.usbserial-576B0005451,"RX,234674,R35,TXB,N16,84,172893,A,0,0.75,0.72,5,U,-85,9.50"
RX,235158,R35,TXE,N61,82,173382,E,1,0.87,0.84,5.0,U,-77.0,12.5,True,,2026-07-09T14:22:38.378+00:00,/dev/cu.usbserial-576B0005451,"RX,235158,R35,TXE,N61,82,173382,E,1,0.87,0.84,5,U,-77,12.50"
RX,235265,R35,TXI,N121,41,173481,G,1,0.93,0.9,5.0,U,-74.0,9.5,True,,2026-07-09T14:22:38.486+00:00,/dev/cu.usbserial-576B0005451,"RX,235265,R35,TXI,N121,41,173481,G,1,0.93,0.90,5,U,-74,9.50"
RX,235407,R35,TXA,N01,171,173627,D,0,0.24,0.22,5.0,F,-88.0,9.75,True,,2026-07-09T14:22:38.628+00:00,/dev/cu.usbserial-576B0005451,"RX,235407,R35,TXA,N01,171,173627,D,0,0.24,0.22,5,F,-88,9.75"
RX,235547,R35,TXK,N151,86,173763,E,1,0.87,0.84,5.0,U,-70.0,9.5,True,,2026-07-09T14:22:38.768+00:00,/dev/cu.usbserial-576B0005451,"RX,235547,R35,TXK,N151,86,173763,E,1,0.87,0.84,5,U,-70,9.50"
RX,236407,R35,TXA,N01,172,174627,E,1,0.87,0.84,5.0,F,-88.0,10.0,True,,2026-07-09T14:22:39.628+00:00,/dev/cu.usbserial-576B0005451,"RX,236407,R35,TXA,N01,172,174627,E,1,0.87,0.84,5,F,-88,10.00"
RX,236674,R35,TXB,N16,85,174893,C,1,0.81,0.78,5.0,U,-84.0,9.75,True,,2026-07-09T14:22:39.895+00:00,/dev/cu.usbserial-576B0005451,"RX,236674,R35,TXB,N16,85,174893,C,1,0.81,0.78,5,U,-84,9.75"
RX,237158,R35,TXE,N61,83,175382,G,1,0.93,0.9,5.0,U,-76.0,9.75,True,,2026-07-09T14:22:40.378+00:00,/dev/cu.usbserial-576B0005451,"RX,237158,R35,TXE,N61,83,175382,G,1,0.93,0.90,5,U,-76,9.75"
RX,237407,R35,TXA,N01,173,175627,F,1,0.28,0.26,5.0,F,-88.0,9.5,True,,2026-07-09T14:22:40.628+00:00,/dev/cu.usbserial-576B0005451,"RX,237407,R35,TXA,N01,173,175627,F,1,0.28,0.26,5,F,-88,9.50"
RX,237547,R35,TXK,N151,87,175763,G,0,0.93,0.9,5.0,U,-70.0,9.5,True,,2026-07-09T14:22:40.768+00:00,/dev/cu.usbserial-576B0005451,"RX,237547,R35,TXK,N151,87,175763,G,0,0.93,0.90,5,U,-70,9.50"
RX,237906,R35,TXF,N76,42,176131,E,1,0.87,0.84,5.0,U,-77.0,9.75,True,,2026-07-09T14:22:41.128+00:00,/dev/cu.usbserial-576B0005451,"RX,237906,R35,TXF,N76,42,176131,E,1,0.87,0.84,5,U,-77,9.75"
RX,238211,R35,TXD,N46,21,176431,G,0,0.93,0.9,5.0,U,-71.0,9.75,True,,2026-07-09T14:22:41.431+00:00,/dev/cu.usbserial-576B0005451,"RX,238211,R35,TXD,N46,21,176431,G,0,0.93,0.90,5,U,-71,9.75"
RX,238407,R35,TXA,N01,174,176627,G,0,0.93,0.9,5.0,F,-88.0,9.75,True,,2026-07-09T14:22:41.628+00:00,/dev/cu.usbserial-576B0005451,"RX,238407,R35,TXA,N01,174,176627,G,0,0.93,0.90,5,F,-88,9.75"
RX,238674,R35,TXB,N16,86,176893,E,1,0.87,0.84,5.0,U,-84.0,9.75,True,,2026-07-09T14:22:41.895+00:00,/dev/cu.usbserial-576B0005451,"RX,238674,R35,TXB,N16,86,176893,E,1,0.87,0.84,5,U,-84,9.75"
RX,238855,R35,TXG,N91,20,177080,G,1,0.93,0.9,5.0,U,-83.0,9.75,True,,2026-07-09T14:22:42.076+00:00,/dev/cu.usbserial-576B0005451,"RX,238855,R35,TXG,N91,20,177080,G,1,0.93,0.90,5,U,-83,9.75"
RX,239158,R35,TXE,N61,84,177382,A,0,0.75,0.72,5.0,U,-76.0,9.5,True,,2026-07-09T14:22:42.378+00:00,/dev/cu.usbserial-576B0005451,"RX,239158,R35,TXE,N61,84,177382,A,0,0.75,0.72,5,U,-76,9.50"
RX,239407,R35,TXA,N01,175,177627,H,1,0.32,0.3,5.0,F,-89.0,9.75,True,,2026-07-09T14:22:42.628+00:00,/dev/cu.usbserial-576B0005451,"RX,239407,R35,TXA,N01,175,177627,H,1,0.32,0.30,5,F,-89,9.75"
RX,239547,R35,TXK,N151,88,177763,A,1,0.75,0.72,5.0,U,-70.0,10.0,True,,2026-07-09T14:22:42.768+00:00,/dev/cu.usbserial-576B0005451,"RX,239547,R35,TXK,N151,88,177763,A,1,0.75,0.72,5,U,-70,10.00"
RX,239906,R35,TXF,N76,43,178131,G,0,0.93,0.9,5.0,U,-77.0,10.0,True,,2026-07-09T14:22:43.126+00:00,/dev/cu.usbserial-576B0005451,"RX,239906,R35,TXF,N76,43,178131,G,0,0.93,0.90,5,U,-77,10.00"
RX,240064,R35,TXJ,N136,20,178280,G,1,0.93,0.9,5.0,U,-78.0,9.75,True,,2026-07-09T14:22:43.284+00:00,/dev/cu.usbserial-576B0005451,"RX,240064,R35,TXJ,N136,20,178280,G,1,0.93,0.90,5,U,-78,9.75"
RX,240160,R35,TXC,N31,42,178381,E,1,0.87,0.84,5.0,U,-73.0,9.75,True,,2026-07-09T14:22:43.380+00:00,/dev/cu.usbserial-576B0005451,"RX,240160,R35,TXC,N31,42,178381,E,1,0.87,0.84,5,U,-73,9.75"
RX,240407,R35,TXA,N01,176,178627,A,1,0.75,0.72,5.0,F,-89.0,9.75,True,,2026-07-09T14:22:43.628+00:00,/dev/cu.usbserial-576B0005451,"RX,240407,R35,TXA,N01,176,178627,A,1,0.75,0.72,5,F,-89,9.75"
RX,240674,R35,TXB,N16,87,178893,G,0,0.93,0.9,5.0,U,-85.0,9.75,True,,2026-07-09T14:22:43.894+00:00,/dev/cu.usbserial-576B0005451,"RX,240674,R35,TXB,N16,87,178893,G,0,0.93,0.90,5,U,-85,9.75"
RX,241158,R35,TXE,N61,85,179382,C,1,0.81,0.78,5.0,U,-76.0,9.25,True,,2026-07-09T14:22:44.378+00:00,/dev/cu.usbserial-576B0005451,"RX,241158,R35,TXE,N61,85,179382,C,1,0.81,0.78,5,U,-76,9.25"
RX,241265,R35,TXI,N121,42,179481,E,1,0.87,0.84,5.0,U,-74.0,9.5,True,,2026-07-09T14:22:44.485+00:00,/dev/cu.usbserial-576B0005451,"RX,241265,R35,TXI,N121,42,179481,E,1,0.87,0.84,5,U,-74,9.50"
RX,241547,R35,TXK,N151,89,179763,C,1,0.81,0.78,5.0,U,-70.0,9.75,True,,2026-07-09T14:22:44.767+00:00,/dev/cu.usbserial-576B0005451,"RX,241547,R35,TXK,N151,89,179763,C,1,0.81,0.78,5,U,-70,9.75"
RX,242160,R35,TXC,N31,43,180381,G,0,0.93,0.9,5.0,U,-73.0,9.75,True,,2026-07-09T14:22:45.380+00:00,/dev/cu.usbserial-576B0005451,"RX,242160,R35,TXC,N31,43,180381,G,0,0.93,0.90,5,U,-73,9.75"
RX,242407,R35,TXA,N01,178,180627,C,1,0.81,0.78,5.0,F,-89.0,10.0,True,,2026-07-09T14:22:45.628+00:00,/dev/cu.usbserial-576B0005451,"RX,242407,R35,TXA,N01,178,180627,C,1,0.81,0.78,5,F,-89,10.00"
RX,242674,R35,TXB,N16,88,180893,A,1,0.75,0.72,5.0,U,-84.0,9.5,True,,2026-07-09T14:22:45.895+00:00,/dev/cu.usbserial-576B0005451,"RX,242674,R35,TXB,N16,88,180893,A,1,0.75,0.72,5,U,-84,9.50"
RX,243158,R35,TXE,N61,86,181382,E,1,0.87,0.84,5.0,U,-75.0,9.5,True,,2026-07-09T14:22:46.378+00:00,/dev/cu.usbserial-576B0005451,"RX,243158,R35,TXE,N61,86,181382,E,1,0.87,0.84,5,U,-75,9.50"
RX,243265,R35,TXI,N121,43,181481,G,0,0.93,0.9,5.0,U,-74.0,9.25,True,,2026-07-09T14:22:46.485+00:00,/dev/cu.usbserial-576B0005451,"RX,243265,R35,TXI,N121,43,181481,G,0,0.93,0.90,5,U,-74,9.25"
RX,243407,R35,TXA,N01,179,181627,D,1,0.24,0.22,5.0,F,-89.0,10.25,True,,2026-07-09T14:22:46.628+00:00,/dev/cu.usbserial-576B0005451,"RX,243407,R35,TXA,N01,179,181627,D,1,0.24,0.22,5,F,-89,10.25"
RX,243547,R35,TXK,N151,90,181763,E,0,0.87,0.84,5.0,U,-70.0,10.0,True,,2026-07-09T14:22:46.768+00:00,/dev/cu.usbserial-576B0005451,"RX,243547,R35,TXK,N151,90,181763,E,0,0.87,0.84,5,U,-70,10.00"
RX,244407,R35,TXA,N01,180,182627,E,0,0.87,0.84,5.0,F,-89.0,10.0,True,,2026-07-09T14:22:47.628+00:00,/dev/cu.usbserial-576B0005451,"RX,244407,R35,TXA,N01,180,182627,E,0,0.87,0.84,5,F,-89,10.00"
RX,244674,R35,TXB,N16,89,182893,C,1,0.81,0.78,5.0,U,-84.0,10.0,True,,2026-07-09T14:22:47.895+00:00,/dev/cu.usbserial-576B0005451,"RX,244674,R35,TXB,N16,89,182893,C,1,0.81,0.78,5,U,-84,10.00"
RX,245158,R35,TXE,N61,87,183382,G,0,0.93,0.9,5.0,U,-76.0,9.75,True,,2026-07-09T14:22:48.378+00:00,/dev/cu.usbserial-576B0005451,"RX,245158,R35,TXE,N61,87,183382,G,0,0.93,0.90,5,U,-76,9.75"
RX,245407,R35,TXA,N01,181,183627,F,1,0.28,0.26,5.0,F,-89.0,9.5,True,,2026-07-09T14:22:48.628+00:00,/dev/cu.usbserial-576B0005451,"RX,245407,R35,TXA,N01,181,183627,F,1,0.28,0.26,5,F,-89,9.50"
RX,245547,R35,TXK,N151,91,183763,G,1,0.93,0.9,5.0,U,-70.0,10.0,True,,2026-07-09T14:22:48.768+00:00,/dev/cu.usbserial-576B0005451,"RX,245547,R35,TXK,N151,91,183763,G,1,0.93,0.90,5,U,-70,10.00"
RX,245906,R35,TXF,N76,44,184131,E,0,0.87,0.84,5.0,U,-77.0,9.75,True,,2026-07-09T14:22:49.127+00:00,/dev/cu.usbserial-576B0005451,"RX,245906,R35,TXF,N76,44,184131,E,0,0.87,0.84,5,U,-77,9.75"
RX,246211,R35,TXD,N46,22,184431,G,1,0.93,0.9,5.0,U,-71.0,9.5,True,,2026-07-09T14:22:49.431+00:00,/dev/cu.usbserial-576B0005451,"RX,246211,R35,TXD,N46,22,184431,G,1,0.93,0.90,5,U,-71,9.50"
RX,246407,R35,TXA,N01,182,184627,G,1,0.93,0.9,5.0,F,-89.0,9.75,True,,2026-07-09T14:22:49.628+00:00,/dev/cu.usbserial-576B0005451,"RX,246407,R35,TXA,N01,182,184627,G,1,0.93,0.90,5,F,-89,9.75"
RX,246674,R35,TXB,N16,90,184893,E,0,0.87,0.84,5.0,U,-84.0,12.0,True,,2026-07-09T14:22:49.894+00:00,/dev/cu.usbserial-576B0005451,"RX,246674,R35,TXB,N16,90,184893,E,0,0.87,0.84,5,U,-84,12.00"
RX,246855,R35,TXG,N91,21,185080,G,0,0.93,0.9,5.0,U,-82.0,9.75,True,,2026-07-09T14:22:50.076+00:00,/dev/cu.usbserial-576B0005451,"RX,246855,R35,TXG,N91,21,185080,G,0,0.93,0.90,5,U,-82,9.75"
RX,247158,R35,TXE,N61,88,185382,A,1,0.75,0.72,5.0,U,-76.0,9.25,True,,2026-07-09T14:22:50.378+00:00,/dev/cu.usbserial-576B0005451,"RX,247158,R35,TXE,N61,88,185382,A,1,0.75,0.72,5,U,-76,9.25"
RX,247408,R35,TXA,N01,183,185627,H,0,0.32,0.3,5.0,F,-89.0,9.75,True,,2026-07-09T14:22:50.628+00:00,/dev/cu.usbserial-576B0005451,"RX,247408,R35,TXA,N01,183,185627,H,0,0.32,0.30,5,F,-89,9.75"
RX,247906,R35,TXF,N76,45,186131,G,1,0.93,0.9,5.0,U,-78.0,9.5,True,,2026-07-09T14:22:51.126+00:00,/dev/cu.usbserial-576B0005451,"RX,247906,R35,TXF,N76,45,186131,G,1,0.93,0.90,5,U,-78,9.50"
RX,248064,R35,TXJ,N136,21,186280,G,0,0.93,0.9,5.0,U,-78.0,10.0,True,,2026-07-09T14:22:51.285+00:00,/dev/cu.usbserial-576B0005451,"RX,248064,R35,TXJ,N136,21,186280,G,0,0.93,0.90,5,U,-78,10.00"
RX,248160,R35,TXC,N31,44,186381,E,0,0.87,0.84,5.0,U,-73.0,9.75,True,,2026-07-09T14:22:51.380+00:00,/dev/cu.usbserial-576B0005451,"RX,248160,R35,TXC,N31,44,186381,E,0,0.87,0.84,5,U,-73,9.75"
RX,248407,R35,TXA,N01,184,186627,A,1,0.75,0.72,5.0,F,-89.0,11.25,True,,2026-07-09T14:22:51.628+00:00,/dev/cu.usbserial-576B0005451,"RX,248407,R35,TXA,N01,184,186627,A,1,0.75,0.72,5,F,-89,11.25"
RX,248674,R35,TXB,N16,91,186893,G,1,0.93,0.9,5.0,U,-84.0,11.75,True,,2026-07-09T14:22:51.894+00:00,/dev/cu.usbserial-576B0005451,"RX,248674,R35,TXB,N16,91,186893,G,1,0.93,0.90,5,U,-84,11.75"
RX,249158,R35,TXE,N61,89,187382,C,1,0.81,0.78,5.0,U,-76.0,9.75,True,,2026-07-09T14:22:52.378+00:00,/dev/cu.usbserial-576B0005451,"RX,249158,R35,TXE,N61,89,187382,C,1,0.81,0.78,5,U,-76,9.75"
RX,249265,R35,TXI,N121,44,187481,E,0,0.87,0.84,5.0,U,-74.0,9.5,True,,2026-07-09T14:22:52.485+00:00,/dev/cu.usbserial-576B0005451,"RX,249265,R35,TXI,N121,44,187481,E,0,0.87,0.84,5,U,-74,9.50"
RX,249408,R35,TXA,N01,185,187627,B,1,0.2,0.18,5.0,F,-89.0,10.0,True,,2026-07-09T14:22:52.628+00:00,/dev/cu.usbserial-576B0005451,"RX,249408,R35,TXA,N01,185,187627,B,1,0.20,0.18,5,F,-89,10.00"
RX,249547,R35,TXK,N151,93,187763,C,0,0.81,0.78,5.0,U,-70.0,10.0,True,,2026-07-09T14:22:52.768+00:00,/dev/cu.usbserial-576B0005451,"RX,249547,R35,TXK,N151,93,187763,C,0,0.81,0.78,5,U,-70,10.00"
RX,250160,R35,TXC,N31,45,188381,G,1,0.93,0.9,5.0,U,-74.0,10.25,True,,2026-07-09T14:22:53.381+00:00,/dev/cu.usbserial-576B0005451,"RX,250160,R35,TXC,N31,45,188381,G,1,0.93,0.90,5,U,-74,10.25"
RX,250407,R35,TXA,N01,186,188627,C,0,0.81,0.78,5.0,F,-89.0,10.0,True,,2026-07-09T14:22:53.628+00:00,/dev/cu.usbserial-576B0005451,"RX,250407,R35,TXA,N01,186,188627,C,0,0.81,0.78,5,F,-89,10.00"
RX,250674,R35,TXB,N16,92,188893,A,1,0.75,0.72,5.0,U,-84.0,10.25,True,,2026-07-09T14:22:53.894+00:00,/dev/cu.usbserial-576B0005451,"RX,250674,R35,TXB,N16,92,188893,A,1,0.75,0.72,5,U,-84,10.25"
RX,251158,R35,TXE,N61,90,189382,E,0,0.87,0.84,5.0,U,-76.0,9.5,True,,2026-07-09T14:22:54.378+00:00,/dev/cu.usbserial-576B0005451,"RX,251158,R35,TXE,N61,90,189382,E,0,0.87,0.84,5,U,-76,9.50"
RX,251265,R35,TXI,N121,45,189481,G,1,0.93,0.9,5.0,U,-74.0,9.5,True,,2026-07-09T14:22:54.485+00:00,/dev/cu.usbserial-576B0005451,"RX,251265,R35,TXI,N121,45,189481,G,1,0.93,0.90,5,U,-74,9.50"
RX,251408,R35,TXA,N01,187,189627,D,1,0.24,0.22,5.0,F,-90.0,10.0,True,,2026-07-09T14:22:54.628+00:00,/dev/cu.usbserial-576B0005451,"RX,251408,R35,TXA,N01,187,189627,D,1,0.24,0.22,5,F,-90,10.00"
RX,251547,R35,TXK,N151,94,189763,E,1,0.87,0.84,5.0,U,-70.0,9.75,True,,2026-07-09T14:22:54.767+00:00,/dev/cu.usbserial-576B0005451,"RX,251547,R35,TXK,N151,94,189763,E,1,0.87,0.84,5,U,-70,9.75"
RX,252408,R35,TXA,N01,188,190627,E,1,0.87,0.84,5.0,F,-89.0,9.75,True,,2026-07-09T14:22:55.628+00:00,/dev/cu.usbserial-576B0005451,"RX,252408,R35,TXA,N01,188,190627,E,1,0.87,0.84,5,F,-89,9.75"
RX,252674,R35,TXB,N16,93,190893,C,0,0.81,0.78,5.0,U,-84.0,9.5,True,,2026-07-09T14:22:55.895+00:00,/dev/cu.usbserial-576B0005451,"RX,252674,R35,TXB,N16,93,190893,C,0,0.81,0.78,5,U,-84,9.50"
RX,253158,R35,TXE,N61,91,191382,G,1,0.93,0.9,5.0,U,-76.0,9.75,True,,2026-07-09T14:22:56.378+00:00,/dev/cu.usbserial-576B0005451,"RX,253158,R35,TXE,N61,91,191382,G,1,0.93,0.90,5,U,-76,9.75"
RX,253408,R35,TXA,N01,189,191627,F,0,0.28,0.26,5.0,F,-88.0,10.0,True,,2026-07-09T14:22:56.628+00:00,/dev/cu.usbserial-576B0005451,"RX,253408,R35,TXA,N01,189,191627,F,0,0.28,0.26,5,F,-88,10.00"
RX,253547,R35,TXK,N151,95,191763,G,1,0.93,0.9,5.0,U,-70.0,9.75,True,,2026-07-09T14:22:56.768+00:00,/dev/cu.usbserial-576B0005451,"RX,253547,R35,TXK,N151,95,191763,G,1,0.93,0.90,5,U,-70,9.75"
RX,253906,R35,TXF,N76,46,192131,E,1,0.87,0.84,5.0,U,-77.0,10.0,True,,2026-07-09T14:22:57.126+00:00,/dev/cu.usbserial-576B0005451,"RX,253906,R35,TXF,N76,46,192131,E,1,0.87,0.84,5,U,-77,10.00"
RX,254211,R35,TXD,N46,23,192431,G,1,0.93,0.9,5.0,U,-71.0,9.75,True,,2026-07-09T14:22:57.431+00:00,/dev/cu.usbserial-576B0005451,"RX,254211,R35,TXD,N46,23,192431,G,1,0.93,0.90,5,U,-71,9.75"
RX,254408,R35,TXA,N01,190,192627,G,1,0.93,0.9,5.0,F,-88.0,9.5,True,,2026-07-09T14:22:57.628+00:00,/dev/cu.usbserial-576B0005451,"RX,254408,R35,TXA,N01,190,192627,G,1,0.93,0.90,5,F,-88,9.50"
RX,254674,R35,TXB,N16,94,192893,E,1,0.87,0.84,5.0,U,-84.0,9.75,True,,2026-07-09T14:22:57.894+00:00,/dev/cu.usbserial-576B0005451,"RX,254674,R35,TXB,N16,94,192893,E,1,0.87,0.84,5,U,-84,9.75"
RX,254855,R35,TXG,N91,22,193080,G,1,0.93,0.9,5.0,U,-82.0,9.5,True,,2026-07-09T14:22:58.076+00:00,/dev/cu.usbserial-576B0005451,"RX,254855,R35,TXG,N91,22,193080,G,1,0.93,0.90,5,U,-82,9.50"
RX,255158,R35,TXE,N61,92,193382,A,1,0.75,0.72,5.0,U,-76.0,9.5,True,,2026-07-09T14:22:58.378+00:00,/dev/cu.usbserial-576B0005451,"RX,255158,R35,TXE,N61,92,193382,A,1,0.75,0.72,5,U,-76,9.50"
RX,255408,R35,TXA,N01,191,193627,H,1,0.32,0.3,5.0,F,-86.0,9.75,True,,2026-07-09T14:22:58.628+00:00,/dev/cu.usbserial-576B0005451,"RX,255408,R35,TXA,N01,191,193627,H,1,0.32,0.30,5,F,-86,9.75"
RX,255547,R35,TXK,N151,96,193763,A,1,0.75,0.72,5.0,U,-70.0,9.75,True,,2026-07-09T14:22:58.767+00:00,/dev/cu.usbserial-576B0005451,"RX,255547,R35,TXK,N151,96,193763,A,1,0.75,0.72,5,U,-70,9.75"
RX,255906,R35,TXF,N76,47,194131,G,1,0.93,0.9,5.0,U,-78.0,9.75,True,,2026-07-09T14:22:59.126+00:00,/dev/cu.usbserial-576B0005451,"RX,255906,R35,TXF,N76,47,194131,G,1,0.93,0.90,5,U,-78,9.75"
RX,256064,R35,TXJ,N136,22,194280,G,1,0.93,0.9,5.0,U,-79.0,9.5,True,,2026-07-09T14:22:59.284+00:00,/dev/cu.usbserial-576B0005451,"RX,256064,R35,TXJ,N136,22,194280,G,1,0.93,0.90,5,U,-79,9.50"
RX,256160,R35,TXC,N31,46,194381,E,1,0.87,0.84,5.0,U,-74.0,9.75,True,,2026-07-09T14:22:59.380+00:00,/dev/cu.usbserial-576B0005451,"RX,256160,R35,TXC,N31,46,194381,E,1,0.87,0.84,5,U,-74,9.75"
RX,256408,R35,TXA,N01,192,194627,A,1,0.75,0.72,5.0,F,-91.0,9.5,True,,2026-07-09T14:22:59.628+00:00,/dev/cu.usbserial-576B0005451,"RX,256408,R35,TXA,N01,192,194627,A,1,0.75,0.72,5,F,-91,9.50"
RX,256674,R35,TXB,N16,95,194893,G,1,0.93,0.9,5.0,U,-84.0,9.75,True,,2026-07-09T14:22:59.894+00:00,/dev/cu.usbserial-576B0005451,"RX,256674,R35,TXB,N16,95,194893,G,1,0.93,0.90,5,U,-84,9.75"
RX,257158,R35,TXE,N61,93,195382,C,0,0.81,0.78,5.0,U,-76.0,10.0,True,,2026-07-09T14:23:00.378+00:00,/dev/cu.usbserial-576B0005451,"RX,257158,R35,TXE,N61,93,195382,C,0,0.81,0.78,5,U,-76,10.00"
RX,257408,R35,TXA,N01,193,195627,B,0,0.2,0.18,5.0,F,-86.0,9.75,True,,2026-07-09T14:23:00.628+00:00,/dev/cu.usbserial-576B0005451,"RX,257408,R35,TXA,N01,193,195627,B,0,0.20,0.18,5,F,-86,9.75"
RX,257547,R35,TXK,N151,97,195763,C,1,0.81,0.78,5.0,U,-71.0,9.75,True,,2026-07-09T14:23:00.767+00:00,/dev/cu.usbserial-576B0005451,"RX,257547,R35,TXK,N151,97,195763,C,1,0.81,0.78,5,U,-71,9.75"
RX,258160,R35,TXC,N31,47,196381,G,1,0.93,0.9,5.0,U,-73.0,9.5,True,,2026-07-09T14:23:01.380+00:00,/dev/cu.usbserial-576B0005451,"RX,258160,R35,TXC,N31,47,196381,G,1,0.93,0.90,5,U,-73,9.50"
RX,258407,R35,TXA,N01,194,196627,C,1,0.81,0.78,5.0,F,-95.0,9.5,True,,2026-07-09T14:23:01.628+00:00,/dev/cu.usbserial-576B0005451,"RX,258407,R35,TXA,N01,194,196627,C,1,0.81,0.78,5,F,-95,9.50"
RX,258674,R35,TXB,N16,96,196893,A,1,0.75,0.72,5.0,U,-85.0,10.5,True,,2026-07-09T14:23:01.894+00:00,/dev/cu.usbserial-576B0005451,"RX,258674,R35,TXB,N16,96,196893,A,1,0.75,0.72,5,U,-85,10.50"
RX,259158,R35,TXE,N61,94,197382,E,1,0.87,0.84,5.0,U,-76.0,10.0,True,,2026-07-09T14:23:02.378+00:00,/dev/cu.usbserial-576B0005451,"RX,259158,R35,TXE,N61,94,197382,E,1,0.87,0.84,5,U,-76,10.00"
RX,259265,R35,TXI,N121,47,197481,G,1,0.93,0.9,5.0,U,-73.0,9.75,True,,2026-07-09T14:23:02.485+00:00,/dev/cu.usbserial-576B0005451,"RX,259265,R35,TXI,N121,47,197481,G,1,0.93,0.90,5,U,-73,9.75"
RX,259407,R35,TXA,N01,195,197627,D,1,0.24,0.22,5.0,F,-88.0,10.0,True,,2026-07-09T14:23:02.628+00:00,/dev/cu.usbserial-576B0005451,"RX,259407,R35,TXA,N01,195,197627,D,1,0.24,0.22,5,F,-88,10.00"
RX,259547,R35,TXK,N151,98,197763,E,0,0.87,0.84,5.0,U,-71.0,10.0,True,,2026-07-09T14:23:02.767+00:00,/dev/cu.usbserial-576B0005451,"RX,259547,R35,TXK,N151,98,197763,E,0,0.87,0.84,5,U,-71,10.00"
RX,260408,R35,TXA,N01,196,198627,E,0,0.87,0.84,5.0,F,-93.0,9.25,True,,2026-07-09T14:23:03.628+00:00,/dev/cu.usbserial-576B0005451,"RX,260408,R35,TXA,N01,196,198627,E,0,0.87,0.84,5,F,-93,9.25"
RX,260674,R35,TXB,N16,97,198893,C,1,0.81,0.78,5.0,U,-86.0,9.25,True,,2026-07-09T14:23:03.895+00:00,/dev/cu.usbserial-576B0005451,"RX,260674,R35,TXB,N16,97,198893,C,1,0.81,0.78,5,U,-86,9.25"
RX,261158,R35,TXE,N61,95,199382,G,1,0.93,0.9,5.0,U,-77.0,9.5,True,,2026-07-09T14:23:04.378+00:00,/dev/cu.usbserial-576B0005451,"RX,261158,R35,TXE,N61,95,199382,G,1,0.93,0.90,5,U,-77,9.50"
RX,261408,R35,TXA,N01,197,199627,F,1,0.28,0.26,5.0,F,-99.0,9.5,True,,2026-07-09T14:23:04.628+00:00,/dev/cu.usbserial-576B0005451,"RX,261408,R35,TXA,N01,197,199627,F,1,0.28,0.26,5,F,-99,9.50"
RX,261701,R35,TXL,N166,12,199917,G,1,0.93,0.9,5.0,U,-96.0,9.75,True,,2026-07-09T14:23:04.921+00:00,/dev/cu.usbserial-576B0005451,"RX,261701,R35,TXL,N166,12,199917,G,1,0.93,0.90,5,U,-96,9.75"
RX,261906,R35,TXF,N76,48,200131,E,0,0.87,0.84,5.0,U,-81.0,9.75,True,,2026-07-09T14:23:05.126+00:00,/dev/cu.usbserial-576B0005451,"RX,261906,R35,TXF,N76,48,200131,E,0,0.87,0.84,5,U,-81,9.75"
RX,262211,R35,TXD,N46,24,200431,G,1,0.93,0.9,5.0,U,-72.0,9.5,True,,2026-07-09T14:23:05.431+00:00,/dev/cu.usbserial-576B0005451,"RX,262211,R35,TXD,N46,24,200431,G,1,0.93,0.90,5,U,-72,9.50"
RX,262408,R35,TXA,N01,198,200627,G,1,0.93,0.9,5.0,F,-85.0,9.75,True,,2026-07-09T14:23:05.628+00:00,/dev/cu.usbserial-576B0005451,"RX,262408,R35,TXA,N01,198,200627,G,1,0.93,0.90,5,F,-85,9.75"
RX,262674,R35,TXB,N16,98,200893,E,0,0.87,0.84,5.0,U,-86.0,9.5,True,,2026-07-09T14:23:05.895+00:00,/dev/cu.usbserial-576B0005451,"RX,262674,R35,TXB,N16,98,200893,E,0,0.87,0.84,5,U,-86,9.50"
RX,262856,R35,TXG,N91,23,201080,G,1,0.93,0.9,5.0,U,-87.0,9.5,True,,2026-07-09T14:23:06.076+00:00,/dev/cu.usbserial-576B0005451,"RX,262856,R35,TXG,N91,23,201080,G,1,0.93,0.90,5,U,-87,9.50"
RX,263158,R35,TXE,N61,96,201382,A,1,0.75,0.72,5.0,U,-76.0,9.25,True,,2026-07-09T14:23:06.378+00:00,/dev/cu.usbserial-576B0005451,"RX,263158,R35,TXE,N61,96,201382,A,1,0.75,0.72,5,U,-76,9.25"
RX,263408,R35,TXA,N01,199,201627,H,0,0.32,0.3,5.0,F,-98.0,9.25,True,,2026-07-09T14:23:06.627+00:00,/dev/cu.usbserial-576B0005451,"RX,263408,R35,TXA,N01,199,201627,H,0,0.32,0.30,5,F,-98,9.25"
RX,263552,R35,TXK,N151,100,201763,A,1,0.75,0.72,5.0,U,-71.0,9.75,True,,2026-07-09T14:23:06.772+00:00,/dev/cu.usbserial-576B0005451,"RX,263552,R35,TXK,N151,100,201763,A,1,0.75,0.72,5,U,-71,9.75"
RX,263906,R35,TXF,N76,49,202131,G,1,0.93,0.9,5.0,U,-78.0,9.75,True,,2026-07-09T14:23:07.126+00:00,/dev/cu.usbserial-576B0005451,"RX,263906,R35,TXF,N76,49,202131,G,1,0.93,0.90,5,U,-78,9.75"
RX,264064,R35,TXJ,N136,23,202280,G,1,0.93,0.9,5.0,U,-76.0,9.75,True,,2026-07-09T14:23:07.284+00:00,/dev/cu.usbserial-576B0005451,"RX,264064,R35,TXJ,N136,23,202280,G,1,0.93,0.90,5,U,-76,9.75"
RX,264160,R35,TXC,N31,48,202381,E,0,0.87,0.84,5.0,U,-75.0,9.25,True,,2026-07-09T14:23:07.380+00:00,/dev/cu.usbserial-576B0005451,"RX,264160,R35,TXC,N31,48,202381,E,0,0.87,0.84,5,U,-75,9.25"
RX,264408,R35,TXA,N01,200,202627,A,1,0.75,0.72,5.0,F,-86.0,9.25,True,,2026-07-09T14:23:07.628+00:00,/dev/cu.usbserial-576B0005451,"RX,264408,R35,TXA,N01,200,202627,A,1,0.75,0.72,5,F,-86,9.25"
RX,264674,R35,TXB,N16,99,202893,G,1,0.93,0.9,5.0,U,-84.0,10.0,True,,2026-07-09T14:23:07.894+00:00,/dev/cu.usbserial-576B0005451,"RX,264674,R35,TXB,N16,99,202893,G,1,0.93,0.90,5,U,-84,10.00"
RX,265158,R35,TXE,N61,97,203382,C,1,0.81,0.78,5.0,U,-76.0,10.25,True,,2026-07-09T14:23:08.378+00:00,/dev/cu.usbserial-576B0005451,"RX,265158,R35,TXE,N61,97,203382,C,1,0.81,0.78,5,U,-76,10.25"
RX,265265,R35,TXI,N121,48,203481,E,0,0.87,0.84,5.0,U,-75.0,9.5,True,,2026-07-09T14:23:08.485+00:00,/dev/cu.usbserial-576B0005451,"RX,265265,R35,TXI,N121,48,203481,E,0,0.87,0.84,5,U,-75,9.50"
RX,265408,R35,TXA,N01,201,203627,B,1,0.2,0.18,5.0,F,-85.0,9.5,True,,2026-07-09T14:23:08.628+00:00,/dev/cu.usbserial-576B0005451,"RX,265408,R35,TXA,N01,201,203627,B,1,0.20,0.18,5,F,-85,9.50"
RX,265552,R35,TXK,N151,101,203763,C,0,0.81,0.78,5.0,U,-73.0,10.0,True,,2026-07-09T14:23:08.773+00:00,/dev/cu.usbserial-576B0005451,"RX,265552,R35,TXK,N151,101,203763,C,0,0.81,0.78,5,U,-73,10.00"
RX,266160,R35,TXC,N31,49,204381,G,1,0.93,0.9,5.0,U,-74.0,10.25,True,,2026-07-09T14:23:09.380+00:00,/dev/cu.usbserial-576B0005451,"RX,266160,R35,TXC,N31,49,204381,G,1,0.93,0.90,5,U,-74,10.25"
RX,266407,R35,TXA,N01,202,204627,C,0,0.81,0.78,5.0,F,-87.0,9.5,True,,2026-07-09T14:23:09.628+00:00,/dev/cu.usbserial-576B0005451,"RX,266407,R35,TXA,N01,202,204627,C,0,0.81,0.78,5,F,-87,9.50"
RX,266674,R35,TXB,N16,100,204893,A,1,0.75,0.72,5.0,U,-86.0,9.5,True,,2026-07-09T14:23:09.895+00:00,/dev/cu.usbserial-576B0005451,"RX,266674,R35,TXB,N16,100,204893,A,1,0.75,0.72,5,U,-86,9.50"
RX,267158,R35,TXE,N61,98,205382,E,0,0.87,0.84,5.0,U,-76.0,9.25,True,,2026-07-09T14:23:10.378+00:00,/dev/cu.usbserial-576B0005451,"RX,267158,R35,TXE,N61,98,205382,E,0,0.87,0.84,5,U,-76,9.25"
RX,267265,R35,TXI,N121,49,205481,G,1,0.93,0.9,5.0,U,-74.0,10.0,True,,2026-07-09T14:23:10.485+00:00,/dev/cu.usbserial-576B0005451,"RX,267265,R35,TXI,N121,49,205481,G,1,0.93,0.90,5,U,-74,10.00"
RX,267408,R35,TXA,N01,203,205627,D,1,0.24,0.22,5.0,F,-84.0,10.25,True,,2026-07-09T14:23:10.628+00:00,/dev/cu.usbserial-576B0005451,"RX,267408,R35,TXA,N01,203,205627,D,1,0.24,0.22,5,F,-84,10.25"
RX,267552,R35,TXK,N151,102,205763,E,1,0.87,0.84,5.0,U,-71.0,10.25,True,,2026-07-09T14:23:10.773+00:00,/dev/cu.usbserial-576B0005451,"RX,267552,R35,TXK,N151,102,205763,E,1,0.87,0.84,5,U,-71,10.25"
RX,268407,R35,TXA,N01,204,206627,E,1,0.87,0.84,5.0,F,-99.0,9.0,True,,2026-07-09T14:23:11.628+00:00,/dev/cu.usbserial-576B0005451,"RX,268407,R35,TXA,N01,204,206627,E,1,0.87,0.84,5,F,-99,9.00"
RX,268674,R35,TXB,N16,101,206893,C,0,0.81,0.78,5.0,U,-82.0,10.25,True,,2026-07-09T14:23:11.895+00:00,/dev/cu.usbserial-576B0005451,"RX,268674,R35,TXB,N16,101,206893,C,0,0.81,0.78,5,U,-82,10.25"
RX,269158,R35,TXE,N61,99,207382,G,1,0.93,0.9,5.0,U,-76.0,9.75,True,,2026-07-09T14:23:12.378+00:00,/dev/cu.usbserial-576B0005451,"RX,269158,R35,TXE,N61,99,207382,G,1,0.93,0.90,5,U,-76,9.75"
RX,269408,R35,TXA,N01,205,207627,F,0,0.28,0.26,5.0,F,-85.0,9.5,True,,2026-07-09T14:23:12.628+00:00,/dev/cu.usbserial-576B0005451,"RX,269408,R35,TXA,N01,205,207627,F,0,0.28,0.26,5,F,-85,9.50"
RX,269701,R35,TXL,N166,13,207917,G,1,0.93,0.9,5.0,U,-84.0,9.75,True,,2026-07-09T14:23:12.921+00:00,/dev/cu.usbserial-576B0005451,"RX,269701,R35,TXL,N166,13,207917,G,1,0.93,0.90,5,U,-84,9.75"
RX,269906,R35,TXF,N76,50,208131,E,1,0.87,0.84,5.0,U,-76.0,10.25,True,,2026-07-09T14:23:13.126+00:00,/dev/cu.usbserial-576B0005451,"RX,269906,R35,TXF,N76,50,208131,E,1,0.87,0.84,5,U,-76,10.25"
RX,270211,R35,TXD,N46,25,208431,G,1,0.93,0.9,5.0,U,-69.0,9.25,True,,2026-07-09T14:23:13.431+00:00,/dev/cu.usbserial-576B0005451,"RX,270211,R35,TXD,N46,25,208431,G,1,0.93,0.90,5,U,-69,9.25"
RX,270408,R35,TXA,N01,206,208627,G,1,0.93,0.9,5.0,F,-84.0,9.5,True,,2026-07-09T14:23:13.627+00:00,/dev/cu.usbserial-576B0005451,"RX,270408,R35,TXA,N01,206,208627,G,1,0.93,0.90,5,F,-84,9.50"
RX,270674,R35,TXB,N16,102,208893,E,1,0.87,0.84,5.0,U,-84.0,9.75,True,,2026-07-09T14:23:13.895+00:00,/dev/cu.usbserial-576B0005451,"RX,270674,R35,TXB,N16,102,208893,E,1,0.87,0.84,5,U,-84,9.75"
RX,270855,R35,TXG,N91,24,209080,G,1,0.93,0.9,5.0,U,-85.0,9.5,True,,2026-07-09T14:23:14.076+00:00,/dev/cu.usbserial-576B0005451,"RX,270855,R35,TXG,N91,24,209080,G,1,0.93,0.90,5,U,-85,9.50"
RX,271158,R35,TXE,N61,100,209382,A,1,0.75,0.72,5.0,U,-75.0,9.5,True,,2026-07-09T14:23:14.378+00:00,/dev/cu.usbserial-576B0005451,"RX,271158,R35,TXE,N61,100,209382,A,1,0.75,0.72,5,U,-75,9.50"
RX,271408,R35,TXA,N01,207,209627,H,1,0.32,0.3,5.0,F,-96.0,9.75,True,,2026-07-09T14:23:14.628+00:00,/dev/cu.usbserial-576B0005451,"RX,271408,R35,TXA,N01,207,209627,H,1,0.32,0.30,5,F,-96,9.75"
RX,271552,R35,TXK,N151,104,209763,A,0,0.75,0.72,5.0,U,-71.0,10.25,True,,2026-07-09T14:23:14.773+00:00,/dev/cu.usbserial-576B0005451,"RX,271552,R35,TXK,N151,104,209763,A,0,0.75,0.72,5,U,-71,10.25"
RX,271906,R35,TXF,N76,51,210131,G,1,0.93,0.9,5.0,U,-79.0,9.75,True,,2026-07-09T14:23:15.126+00:00,/dev/cu.usbserial-576B0005451,"RX,271906,R35,TXF,N76,51,210131,G,1,0.93,0.90,5,U,-79,9.75"
RX,272064,R35,TXJ,N136,24,210280,G,1,0.93,0.9,5.0,U,-78.0,9.5,True,,2026-07-09T14:23:15.284+00:00,/dev/cu.usbserial-576B0005451,"RX,272064,R35,TXJ,N136,24,210280,G,1,0.93,0.90,5,U,-78,9.50"
RX,272160,R35,TXC,N31,50,210381,E,1,0.87,0.84,5.0,U,-71.0,9.5,True,,2026-07-09T14:23:15.380+00:00,/dev/cu.usbserial-576B0005451,"RX,272160,R35,TXC,N31,50,210381,E,1,0.87,0.84,5,U,-71,9.50"
RX,272408,R35,TXA,N01,208,210627,A,0,0.75,0.72,5.0,F,-87.0,9.75,True,,2026-07-09T14:23:15.628+00:00,/dev/cu.usbserial-576B0005451,"RX,272408,R35,TXA,N01,208,210627,A,0,0.75,0.72,5,F,-87,9.75"
RX,272674,R35,TXB,N16,103,210893,G,1,0.93,0.9,5.0,U,-85.0,9.75,True,,2026-07-09T14:23:15.894+00:00,/dev/cu.usbserial-576B0005451,"RX,272674,R35,TXB,N16,103,210893,G,1,0.93,0.90,5,U,-85,9.75"
RX,273158,R35,TXE,N61,101,211382,C,0,0.81,0.78,5.0,U,-75.0,9.5,True,,2026-07-09T14:23:16.378+00:00,/dev/cu.usbserial-576B0005451,"RX,273158,R35,TXE,N61,101,211382,C,0,0.81,0.78,5,U,-75,9.50"
RX,273265,R35,TXI,N121,50,211481,E,1,0.87,0.84,5.0,U,-74.0,9.75,True,,2026-07-09T14:23:16.485+00:00,/dev/cu.usbserial-576B0005451,"RX,273265,R35,TXI,N121,50,211481,E,1,0.87,0.84,5,U,-74,9.75"
RX,273408,R35,TXA,N01,209,211627,B,1,0.2,0.18,5.0,F,-87.0,10.0,True,,2026-07-09T14:23:16.628+00:00,/dev/cu.usbserial-576B0005451,"RX,273408,R35,TXA,N01,209,211627,B,1,0.20,0.18,5,F,-87,10.00"
RX,273552,R35,TXK,N151,105,211763,C,1,0.81,0.78,5.0,U,-71.0,9.5,True,,2026-07-09T14:23:16.772+00:00,/dev/cu.usbserial-576B0005451,"RX,273552,R35,TXK,N151,105,211763,C,1,0.81,0.78,5,U,-71,9.50"
RX,274160,R35,TXC,N31,51,212381,G,1,0.93,0.9,5.0,U,-74.0,9.5,True,,2026-07-09T14:23:17.380+00:00,/dev/cu.usbserial-576B0005451,"RX,274160,R35,TXC,N31,51,212381,G,1,0.93,0.90,5,U,-74,9.50"
RX,274408,R35,TXA,N01,210,212627,C,1,0.81,0.78,5.0,F,-82.0,9.75,True,,2026-07-09T14:23:17.628+00:00,/dev/cu.usbserial-576B0005451,"RX,274408,R35,TXA,N01,210,212627,C,1,0.81,0.78,5,F,-82,9.75"
RX,274674,R35,TXB,N16,104,212893,A,0,0.75,0.72,5.0,U,-84.0,9.75,True,,2026-07-09T14:23:17.895+00:00,/dev/cu.usbserial-576B0005451,"RX,274674,R35,TXB,N16,104,212893,A,0,0.75,0.72,5,U,-84,9.75"
RX,275158,R35,TXE,N61,102,213382,E,1,0.87,0.84,5.0,U,-75.0,10.0,True,,2026-07-09T14:23:18.378+00:00,/dev/cu.usbserial-576B0005451,"RX,275158,R35,TXE,N61,102,213382,E,1,0.87,0.84,5,U,-75,10.00"
RX,275265,R35,TXI,N121,51,213481,G,1,0.93,0.9,5.0,U,-74.0,9.75,True,,2026-07-09T14:23:18.485+00:00,/dev/cu.usbserial-576B0005451,"RX,275265,R35,TXI,N121,51,213481,G,1,0.93,0.90,5,U,-74,9.75"
RX,275408,R35,TXA,N01,211,213627,D,0,0.24,0.22,5.0,F,-85.0,9.5,True,,2026-07-09T14:23:18.627+00:00,/dev/cu.usbserial-576B0005451,"RX,275408,R35,TXA,N01,211,213627,D,0,0.24,0.22,5,F,-85,9.50"
RX,275552,R35,TXK,N151,106,213763,E,1,0.87,0.84,5.0,U,-70.0,10.25,True,,2026-07-09T14:23:18.772+00:00,/dev/cu.usbserial-576B0005451,"RX,275552,R35,TXK,N151,106,213763,E,1,0.87,0.84,5,U,-70,10.25"
RX,276408,R35,TXA,N01,212,214627,E,1,0.87,0.84,5.0,F,-84.0,10.0,True,,2026-07-09T14:23:19.628+00:00,/dev/cu.usbserial-576B0005451,"RX,276408,R35,TXA,N01,212,214627,E,1,0.87,0.84,5,F,-84,10.00"
RX,276674,R35,TXB,N16,105,214893,C,1,0.81,0.78,5.0,U,-84.0,10.75,True,,2026-07-09T14:23:19.895+00:00,/dev/cu.usbserial-576B0005451,"RX,276674,R35,TXB,N16,105,214893,C,1,0.81,0.78,5,U,-84,10.75"
RX,277158,R35,TXE,N61,103,215382,G,1,0.93,0.9,5.0,U,-75.0,9.5,True,,2026-07-09T14:23:20.378+00:00,/dev/cu.usbserial-576B0005451,"RX,277158,R35,TXE,N61,103,215382,G,1,0.93,0.90,5,U,-75,9.50"
RX,277408,R35,TXA,N01,213,215627,F,1,0.28,0.26,5.0,F,-84.0,9.5,True,,2026-07-09T14:23:20.628+00:00,/dev/cu.usbserial-576B0005451,"RX,277408,R35,TXA,N01,213,215627,F,1,0.28,0.26,5,F,-84,9.50"
RX,277701,R35,TXL,N166,14,215917,G,0,0.93,0.9,5.0,U,-84.0,9.75,True,,2026-07-09T14:23:20.921+00:00,/dev/cu.usbserial-576B0005451,"RX,277701,R35,TXL,N166,14,215917,G,0,0.93,0.90,5,U,-84,9.75"
RX,277906,R35,TXF,N76,52,216131,E,1,0.87,0.84,5.0,U,-77.0,9.5,True,,2026-07-09T14:23:21.126+00:00,/dev/cu.usbserial-576B0005451,"RX,277906,R35,TXF,N76,52,216131,E,1,0.87,0.84,5,U,-77,9.50"
RX,278211,R35,TXD,N46,26,216431,G,0,0.93,0.9,5.0,U,-70.0,9.25,True,,2026-07-09T14:23:21.431+00:00,/dev/cu.usbserial-576B0005451,"RX,278211,R35,TXD,N46,26,216431,G,0,0.93,0.90,5,U,-70,9.25"
RX,278408,R35,TXA,N01,214,216627,G,0,0.93,0.9,5.0,F,-85.0,9.5,True,,2026-07-09T14:23:21.627+00:00,/dev/cu.usbserial-576B0005451,"RX,278408,R35,TXA,N01,214,216627,G,0,0.93,0.90,5,F,-85,9.50"
RX,278674,R35,TXB,N16,106,216893,E,1,0.87,0.84,5.0,U,-84.0,7.5,True,,2026-07-09T14:23:21.895+00:00,/dev/cu.usbserial-576B0005451,"RX,278674,R35,TXB,N16,106,216893,E,1,0.87,0.84,5,U,-84,7.50"
RX,278856,R35,TXG,N91,25,217080,G,1,0.93,0.9,5.0,U,-83.0,9.25,True,,2026-07-09T14:23:22.075+00:00,/dev/cu.usbserial-576B0005451,"RX,278856,R35,TXG,N91,25,217080,G,1,0.93,0.90,5,U,-83,9.25"
RX,279158,R35,TXE,N61,104,217382,A,0,0.75,0.72,5.0,U,-75.0,9.5,True,,2026-07-09T14:23:22.378+00:00,/dev/cu.usbserial-576B0005451,"RX,279158,R35,TXE,N61,104,217382,A,0,0.75,0.72,5,U,-75,9.50"
RX,279408,R35,TXA,N01,215,217627,H,1,0.32,0.3,5.0,F,-84.0,9.5,True,,2026-07-09T14:23:22.628+00:00,/dev/cu.usbserial-576B0005451,"RX,279408,R35,TXA,N01,215,217627,H,1,0.32,0.30,5,F,-84,9.50"
RX,279552,R35,TXK,N151,108,217763,A,1,0.75,0.72,5.0,U,-70.0,10.75,True,,2026-07-09T14:23:22.772+00:00,/dev/cu.usbserial-576B0005451,"RX,279552,R35,TXK,N151,108,217763,A,1,0.75,0.72,5,U,-70,10.75"
RX,279906,R35,TXF,N76,53,218131,G,0,0.93,0.9,5.0,U,-77.0,9.5,True,,2026-07-09T14:23:23.126+00:00,/dev/cu.usbserial-576B0005451,"RX,279906,R35,TXF,N76,53,218131,G,0,0.93,0.90,5,U,-77,9.50"
RX,280064,R35,TXJ,N136,25,218280,G,1,0.93,0.9,5.0,U,-79.0,9.5,True,,2026-07-09T14:23:23.284+00:00,/dev/cu.usbserial-576B0005451,"RX,280064,R35,TXJ,N136,25,218280,G,1,0.93,0.90,5,U,-79,9.50"
RX,280160,R35,TXC,N31,52,218381,E,1,0.87,0.84,5.0,U,-73.0,9.75,True,,2026-07-09T14:23:23.380+00:00,/dev/cu.usbserial-576B0005451,"RX,280160,R35,TXC,N31,52,218381,E,1,0.87,0.84,5,U,-73,9.75"
RX,280408,R35,TXA,N01,216,218627,A,1,0.75,0.72,5.0,F,-85.0,9.75,True,,2026-07-09T14:23:23.628+00:00,/dev/cu.usbserial-576B0005451,"RX,280408,R35,TXA,N01,216,218627,A,1,0.75,0.72,5,F,-85,9.75"
RX,280674,R35,TXB,N16,107,218893,G,0,0.93,0.9,5.0,U,-84.0,11.75,True,,2026-07-09T14:23:23.894+00:00,/dev/cu.usbserial-576B0005451,"RX,280674,R35,TXB,N16,107,218893,G,0,0.93,0.90,5,U,-84,11.75"
RX,281158,R35,TXE,N61,105,219382,C,1,0.81,0.78,5.0,U,-75.0,9.75,True,,2026-07-09T14:23:24.378+00:00,/dev/cu.usbserial-576B0005451,"RX,281158,R35,TXE,N61,105,219382,C,1,0.81,0.78,5,U,-75,9.75"
RX,281265,R35,TXI,N121,52,219481,E,1,0.87,0.84,5.0,U,-74.0,10.0,True,,2026-07-09T14:23:24.485+00:00,/dev/cu.usbserial-576B0005451,"RX,281265,R35,TXI,N121,52,219481,E,1,0.87,0.84,5,U,-74,10.00"
RX,281408,R35,TXA,N01,217,219627,B,0,0.2,0.18,5.0,F,-85.0,9.75,True,,2026-07-09T14:23:24.628+00:00,/dev/cu.usbserial-576B0005451,"RX,281408,R35,TXA,N01,217,219627,B,0,0.20,0.18,5,F,-85,9.75"
RX,281552,R35,TXK,N151,109,219763,C,1,0.81,0.78,5.0,U,-71.0,9.5,True,,2026-07-09T14:23:24.772+00:00,/dev/cu.usbserial-576B0005451,"RX,281552,R35,TXK,N151,109,219763,C,1,0.81,0.78,5,U,-71,9.50"
RX,282160,R35,TXC,N31,53,220381,G,0,0.93,0.9,5.0,U,-74.0,9.75,True,,2026-07-09T14:23:25.380+00:00,/dev/cu.usbserial-576B0005451,"RX,282160,R35,TXC,N31,53,220381,G,0,0.93,0.90,5,U,-74,9.75"
RX,282408,R35,TXA,N01,218,220627,C,1,0.81,0.78,5.0,F,-85.0,9.5,True,,2026-07-09T14:23:25.628+00:00,/dev/cu.usbserial-576B0005451,"RX,282408,R35,TXA,N01,218,220627,C,1,0.81,0.78,5,F,-85,9.50"
RX,282674,R35,TXB,N16,108,220893,A,1,0.75,0.72,5.0,U,-84.0,10.0,True,,2026-07-09T14:23:25.894+00:00,/dev/cu.usbserial-576B0005451,"RX,282674,R35,TXB,N16,108,220893,A,1,0.75,0.72,5,U,-84,10.00"
RX,283158,R35,TXE,N61,106,221382,E,1,0.87,0.84,5.0,U,-75.0,9.75,True,,2026-07-09T14:23:26.378+00:00,/dev/cu.usbserial-576B0005451,"RX,283158,R35,TXE,N61,106,221382,E,1,0.87,0.84,5,U,-75,9.75"
RX,283265,R35,TXI,N121,53,221481,G,0,0.93,0.9,5.0,U,-74.0,9.5,True,,2026-07-09T14:23:26.485+00:00,/dev/cu.usbserial-576B0005451,"RX,283265,R35,TXI,N121,53,221481,G,0,0.93,0.90,5,U,-74,9.50"
RX,283408,R35,TXA,N01,219,221627,D,1,0.24,0.22,5.0,F,-85.0,9.75,True,,2026-07-09T14:23:26.627+00:00,/dev/cu.usbserial-576B0005451,"RX,283408,R35,TXA,N01,219,221627,D,1,0.24,0.22,5,F,-85,9.75"
RX,283552,R35,TXK,N151,110,221763,E,0,0.87,0.84,5.0,U,-71.0,9.75,True,,2026-07-09T14:23:26.772+00:00,/dev/cu.usbserial-576B0005451,"RX,283552,R35,TXK,N151,110,221763,E,0,0.87,0.84,5,U,-71,9.75"
RX,284408,R35,TXA,N01,220,222627,E,0,0.87,0.84,5.0,F,-84.0,9.25,True,,2026-07-09T14:23:27.628+00:00,/dev/cu.usbserial-576B0005451,"RX,284408,R35,TXA,N01,220,222627,E,0,0.87,0.84,5,F,-84,9.25"
RX,284674,R35,TXB,N16,109,222893,C,1,0.81,0.78,5.0,U,-84.0,9.75,True,,2026-07-09T14:23:27.895+00:00,/dev/cu.usbserial-576B0005451,"RX,284674,R35,TXB,N16,109,222893,C,1,0.81,0.78,5,U,-84,9.75"
RX,285158,R35,TXE,N61,107,223382,G,0,0.93,0.9,5.0,U,-75.0,10.0,True,,2026-07-09T14:23:28.378+00:00,/dev/cu.usbserial-576B0005451,"RX,285158,R35,TXE,N61,107,223382,G,0,0.93,0.90,5,U,-75,10.00"
RX,285408,R35,TXA,N01,221,223627,F,1,0.28,0.26,5.0,F,-84.0,10.0,True,,2026-07-09T14:23:28.628+00:00,/dev/cu.usbserial-576B0005451,"RX,285408,R35,TXA,N01,221,223627,F,1,0.28,0.26,5,F,-84,10.00"
RX,285701,R35,TXL,N166,15,223917,G,1,0.93,0.9,5.0,U,-83.0,10.25,True,,2026-07-09T14:23:28.921+00:00,/dev/cu.usbserial-576B0005451,"RX,285701,R35,TXL,N166,15,223917,G,1,0.93,0.90,5,U,-83,10.25"
RX,285906,R35,TXF,N76,54,224131,E,0,0.87,0.84,5.0,U,-77.0,9.75,True,,2026-07-09T14:23:29.126+00:00,/dev/cu.usbserial-576B0005451,"RX,285906,R35,TXF,N76,54,224131,E,0,0.87,0.84,5,U,-77,9.75"
RX,286211,R35,TXD,N46,27,224431,G,1,0.93,0.9,5.0,U,-70.0,9.75,True,,2026-07-09T14:23:29.430+00:00,/dev/cu.usbserial-576B0005451,"RX,286211,R35,TXD,N46,27,224431,G,1,0.93,0.90,5,U,-70,9.75"
RX,286408,R35,TXA,N01,222,224627,G,1,0.93,0.9,5.0,F,-89.0,9.25,True,,2026-07-09T14:23:29.627+00:00,/dev/cu.usbserial-576B0005451,"RX,286408,R35,TXA,N01,222,224627,G,1,0.93,0.90,5,F,-89,9.25"
RX,286674,R35,TXB,N16,110,224893,E,0,0.87,0.84,5.0,U,-84.0,9.75,True,,2026-07-09T14:23:29.894+00:00,/dev/cu.usbserial-576B0005451,"RX,286674,R35,TXB,N16,110,224893,E,0,0.87,0.84,5,U,-84,9.75"
RX,286856,R35,TXG,N91,26,225080,G,0,0.93,0.9,5.0,U,-84.0,9.5,True,,2026-07-09T14:23:30.075+00:00,/dev/cu.usbserial-576B0005451,"RX,286856,R35,TXG,N91,26,225080,G,0,0.93,0.90,5,U,-84,9.50"
RX,287158,R35,TXE,N61,108,225382,A,1,0.75,0.72,5.0,U,-76.0,9.5,True,,2026-07-09T14:23:30.378+00:00,/dev/cu.usbserial-576B0005451,"RX,287158,R35,TXE,N61,108,225382,A,1,0.75,0.72,5,U,-76,9.50"
RX,287408,R35,TXA,N01,223,225627,H,0,0.32,0.3,5.0,F,-80.0,10.0,True,,2026-07-09T14:23:30.627+00:00,/dev/cu.usbserial-576B0005451,"RX,287408,R35,TXA,N01,223,225627,H,0,0.32,0.30,5,F,-80,10.00"
RX,287552,R35,TXK,N151,112,225763,A,1,0.75,0.72,5.0,U,-71.0,10.5,True,,2026-07-09T14:23:30.772+00:00,/dev/cu.usbserial-576B0005451,"RX,287552,R35,TXK,N151,112,225763,A,1,0.75,0.72,5,U,-71,10.50"
RX,287906,R35,TXF,N76,55,226131,G,1,0.93,0.9,5.0,U,-78.0,9.75,True,,2026-07-09T14:23:31.126+00:00,/dev/cu.usbserial-576B0005451,"RX,287906,R35,TXF,N76,55,226131,G,1,0.93,0.90,5,U,-78,9.75"
RX,288064,R35,TXJ,N136,26,226280,G,0,0.93,0.9,5.0,U,-78.0,10.0,True,,2026-07-09T14:23:31.284+00:00,/dev/cu.usbserial-576B0005451,"RX,288064,R35,TXJ,N136,26,226280,G,0,0.93,0.90,5,U,-78,10.00"
RX,288160,R35,TXC,N31,54,226381,E,0,0.87,0.84,5.0,U,-72.0,10.5,True,,2026-07-09T14:23:31.380+00:00,/dev/cu.usbserial-576B0005451,"RX,288160,R35,TXC,N31,54,226381,E,0,0.87,0.84,5,U,-72,10.50"
RX,288408,R35,TXA,N01,224,226627,A,1,0.75,0.72,5.0,F,-83.0,10.0,True,,2026-07-09T14:23:31.627+00:00,/dev/cu.usbserial-576B0005451,"RX,288408,R35,TXA,N01,224,226627,A,1,0.75,0.72,5,F,-83,10.00"
RX,288674,R35,TXB,N16,111,226893,G,1,0.93,0.9,5.0,U,-84.0,9.5,True,,2026-07-09T14:23:31.895+00:00,/dev/cu.usbserial-576B0005451,"RX,288674,R35,TXB,N16,111,226893,G,1,0.93,0.90,5,U,-84,9.50"
RX,289158,R35,TXE,N61,109,227382,C,1,0.81,0.78,5.0,U,-76.0,9.5,True,,2026-07-09T14:23:32.378+00:00,/dev/cu.usbserial-576B0005451,"RX,289158,R35,TXE,N61,109,227382,C,1,0.81,0.78,5,U,-76,9.50"
RX,289265,R35,TXI,N121,54,227481,E,0,0.87,0.84,5.0,U,-75.0,9.5,True,,2026-07-09T14:23:32.485+00:00,/dev/cu.usbserial-576B0005451,"RX,289265,R35,TXI,N121,54,227481,E,0,0.87,0.84,5,U,-75,9.50"
RX,289408,R35,TXA,N01,225,227627,B,1,0.2,0.18,5.0,F,-81.0,9.75,True,,2026-07-09T14:23:32.627+00:00,/dev/cu.usbserial-576B0005451,"RX,289408,R35,TXA,N01,225,227627,B,1,0.20,0.18,5,F,-81,9.75"
RX,289552,R35,TXK,N151,113,227763,C,0,0.81,0.78,5.0,U,-71.0,10.25,True,,2026-07-09T14:23:32.772+00:00,/dev/cu.usbserial-576B0005451,"RX,289552,R35,TXK,N151,113,227763,C,0,0.81,0.78,5,U,-71,10.25"
RX,290160,R35,TXC,N31,55,228381,G,1,0.93,0.9,5.0,U,-72.0,9.5,True,,2026-07-09T14:23:33.380+00:00,/dev/cu.usbserial-576B0005451,"RX,290160,R35,TXC,N31,55,228381,G,1,0.93,0.90,5,U,-72,9.50"
RX,290408,R35,TXA,N01,226,228627,C,0,0.81,0.78,5.0,F,-82.0,9.5,True,,2026-07-09T14:23:33.628+00:00,/dev/cu.usbserial-576B0005451,"RX,290408,R35,TXA,N01,226,228627,C,0,0.81,0.78,5,F,-82,9.50"
RX,290674,R35,TXB,N16,112,228893,A,1,0.75,0.72,5.0,U,-83.0,9.75,True,,2026-07-09T14:23:33.895+00:00,/dev/cu.usbserial-576B0005451,"RX,290674,R35,TXB,N16,112,228893,A,1,0.75,0.72,5,U,-83,9.75"
RX,291158,R35,TXE,N61,110,229382,E,0,0.87,0.84,5.0,U,-76.0,9.75,True,,2026-07-09T14:23:34.378+00:00,/dev/cu.usbserial-576B0005451,"RX,291158,R35,TXE,N61,110,229382,E,0,0.87,0.84,5,U,-76,9.75"
RX,291265,R35,TXI,N121,55,229481,G,1,0.93,0.9,5.0,U,-74.0,9.75,True,,2026-07-09T14:23:34.485+00:00,/dev/cu.usbserial-576B0005451,"RX,291265,R35,TXI,N121,55,229481,G,1,0.93,0.90,5,U,-74,9.75"
RX,291408,R35,TXA,N01,227,229627,D,1,0.24,0.22,5.0,F,-85.0,10.25,True,,2026-07-09T14:23:34.628+00:00,/dev/cu.usbserial-576B0005451,"RX,291408,R35,TXA,N01,227,229627,D,1,0.24,0.22,5,F,-85,10.25"
RX,291552,R35,TXK,N151,114,229763,E,1,0.87,0.84,5.0,U,-70.0,10.0,True,,2026-07-09T14:23:34.772+00:00,/dev/cu.usbserial-576B0005451,"RX,291552,R35,TXK,N151,114,229763,E,1,0.87,0.84,5,U,-70,10.00"
RX,292408,R35,TXA,N01,228,230627,E,1,0.87,0.84,5.0,F,-85.0,9.25,True,,2026-07-09T14:23:35.628+00:00,/dev/cu.usbserial-576B0005451,"RX,292408,R35,TXA,N01,228,230627,E,1,0.87,0.84,5,F,-85,9.25"
RX,292675,R35,TXB,N16,113,230893,C,0,0.81,0.78,5.0,U,-83.0,9.0,True,,2026-07-09T14:23:35.895+00:00,/dev/cu.usbserial-576B0005451,"RX,292675,R35,TXB,N16,113,230893,C,0,0.81,0.78,5,U,-83,9.00"
RX,293158,R35,TXE,N61,111,231382,G,1,0.93,0.9,5.0,U,-76.0,9.5,True,,2026-07-09T14:23:36.378+00:00,/dev/cu.usbserial-576B0005451,"RX,293158,R35,TXE,N61,111,231382,G,1,0.93,0.90,5,U,-76,9.50"
RX,293408,R35,TXA,N01,229,231627,F,0,0.28,0.26,5.0,F,-83.0,10.0,True,,2026-07-09T14:23:36.628+00:00,/dev/cu.usbserial-576B0005451,"RX,293408,R35,TXA,N01,229,231627,F,0,0.28,0.26,5,F,-83,10.00"
RX,293552,R35,TXK,N151,115,231763,G,1,0.93,0.9,5.0,U,-71.0,9.75,True,,2026-07-09T14:23:36.772+00:00,/dev/cu.usbserial-576B0005451,"RX,293552,R35,TXK,N151,115,231763,G,1,0.93,0.90,5,U,-71,9.75"
RX,293906,R35,TXF,N76,56,232131,E,1,0.87,0.84,5.0,U,-76.0,9.75,True,,2026-07-09T14:23:37.126+00:00,/dev/cu.usbserial-576B0005451,"RX,293906,R35,TXF,N76,56,232131,E,1,0.87,0.84,5,U,-76,9.75"
RX,294408,R35,TXA,N01,230,232627,G,1,0.93,0.9,5.0,F,-82.0,9.75,True,,2026-07-09T14:23:37.628+00:00,/dev/cu.usbserial-576B0005451,"RX,294408,R35,TXA,N01,230,232627,G,1,0.93,0.90,5,F,-82,9.75"
RX,294675,R35,TXB,N16,114,232893,E,1,0.87,0.84,5.0,U,-83.0,9.5,True,,2026-07-09T14:23:37.895+00:00,/dev/cu.usbserial-576B0005451,"RX,294675,R35,TXB,N16,114,232893,E,1,0.87,0.84,5,U,-83,9.50"
RX,294856,R35,TXG,N91,27,233080,G,1,0.93,0.9,5.0,U,-84.0,10.0,True,,2026-07-09T14:23:38.075+00:00,/dev/cu.usbserial-576B0005451,"RX,294856,R35,TXG,N91,27,233080,G,1,0.93,0.90,5,U,-84,10.00"
RX,295158,R35,TXE,N61,112,233382,A,1,0.75,0.72,5.0,U,-76.0,9.25,True,,2026-07-09T14:23:38.378+00:00,/dev/cu.usbserial-576B0005451,"RX,295158,R35,TXE,N61,112,233382,A,1,0.75,0.72,5,U,-76,9.25"
RX,295408,R35,TXA,N01,231,233627,H,1,0.32,0.3,5.0,F,-82.0,9.5,True,,2026-07-09T14:23:38.627+00:00,/dev/cu.usbserial-576B0005451,"RX,295408,R35,TXA,N01,231,233627,H,1,0.32,0.30,5,F,-82,9.50"
RX,295552,R35,TXK,N151,116,233763,A,0,0.75,0.72,5.0,U,-70.0,10.0,True,,2026-07-09T14:23:38.772+00:00,/dev/cu.usbserial-576B0005451,"RX,295552,R35,TXK,N151,116,233763,A,0,0.75,0.72,5,U,-70,10.00"
RX,295906,R35,TXF,N76,57,234131,G,1,0.93,0.9,5.0,U,-77.0,9.75,True,,2026-07-09T14:23:39.125+00:00,/dev/cu.usbserial-576B0005451,"RX,295906,R35,TXF,N76,57,234131,G,1,0.93,0.90,5,U,-77,9.75"
RX,296064,R35,TXJ,N136,27,234280,G,1,0.93,0.9,5.0,U,-76.0,9.5,True,,2026-07-09T14:23:39.284+00:00,/dev/cu.usbserial-576B0005451,"RX,296064,R35,TXJ,N136,27,234280,G,1,0.93,0.90,5,U,-76,9.50"
RX,296160,R35,TXC,N31,56,234381,E,1,0.87,0.84,5.0,U,-72.0,9.75,True,,2026-07-09T14:23:39.379+00:00,/dev/cu.usbserial-576B0005451,"RX,296160,R35,TXC,N31,56,234381,E,1,0.87,0.84,5,U,-72,9.75"
RX,296408,R35,TXA,N01,232,234627,A,0,0.75,0.72,5.0,F,-82.0,9.5,True,,2026-07-09T14:23:39.628+00:00,/dev/cu.usbserial-576B0005451,"RX,296408,R35,TXA,N01,232,234627,A,0,0.75,0.72,5,F,-82,9.50"
RX,296675,R35,TXB,N16,115,234893,G,1,0.93,0.9,5.0,U,-83.0,9.5,True,,2026-07-09T14:23:39.895+00:00,/dev/cu.usbserial-576B0005451,"RX,296675,R35,TXB,N16,115,234893,G,1,0.93,0.90,5,U,-83,9.50"
RX,297158,R35,TXE,N61,113,235382,C,0,0.81,0.78,5.0,U,-76.0,9.75,True,,2026-07-09T14:23:40.378+00:00,/dev/cu.usbserial-576B0005451,"RX,297158,R35,TXE,N61,113,235382,C,0,0.81,0.78,5,U,-76,9.75"
RX,297265,R35,TXI,N121,56,235481,E,1,0.87,0.84,5.0,U,-75.0,9.75,True,,2026-07-09T14:23:40.485+00:00,/dev/cu.usbserial-576B0005451,"RX,297265,R35,TXI,N121,56,235481,E,1,0.87,0.84,5,U,-75,9.75"
RX,297408,R35,TXA,N01,233,235627,B,1,0.2,0.18,5.0,F,-82.0,9.25,True,,2026-07-09T14:23:40.627+00:00,/dev/cu.usbserial-576B0005451,"RX,297408,R35,TXA,N01,233,235627,B,1,0.20,0.18,5,F,-82,9.25"
RX,297552,R35,TXK,N151,117,235763,C,1,0.81,0.78,5.0,U,-71.0,10.25,True,,2026-07-09T14:23:40.772+00:00,/dev/cu.usbserial-576B0005451,"RX,297552,R35,TXK,N151,117,235763,C,1,0.81,0.78,5,U,-71,10.25"
RX,298160,R35,TXC,N31,57,236381,G,1,0.93,0.9,5.0,U,-72.0,9.75,True,,2026-07-09T14:23:41.380+00:00,/dev/cu.usbserial-576B0005451,"RX,298160,R35,TXC,N31,57,236381,G,1,0.93,0.90,5,U,-72,9.75"
RX,298408,R35,TXA,N01,234,236627,C,1,0.81,0.78,5.0,F,-82.0,9.75,True,,2026-07-09T14:23:41.627+00:00,/dev/cu.usbserial-576B0005451,"RX,298408,R35,TXA,N01,234,236627,C,1,0.81,0.78,5,F,-82,9.75"
RX,298675,R35,TXB,N16,116,236893,A,0,0.75,0.72,5.0,U,-82.0,9.75,True,,2026-07-09T14:23:41.894+00:00,/dev/cu.usbserial-576B0005451,"RX,298675,R35,TXB,N16,116,236893,A,0,0.75,0.72,5,U,-82,9.75"
RX,299158,R35,TXE,N61,114,237382,E,1,0.87,0.84,5.0,U,-76.0,9.75,True,,2026-07-09T14:23:42.378+00:00,/dev/cu.usbserial-576B0005451,"RX,299158,R35,TXE,N61,114,237382,E,1,0.87,0.84,5,U,-76,9.75"
RX,299265,R35,TXI,N121,57,237481,G,1,0.93,0.9,5.0,U,-73.0,10.0,True,,2026-07-09T14:23:42.485+00:00,/dev/cu.usbserial-576B0005451,"RX,299265,R35,TXI,N121,57,237481,G,1,0.93,0.90,5,U,-73,10.00"
RX,299408,R35,TXA,N01,235,237627,D,0,0.24,0.22,5.0,F,-85.0,10.0,True,,2026-07-09T14:23:42.627+00:00,/dev/cu.usbserial-576B0005451,"RX,299408,R35,TXA,N01,235,237627,D,0,0.24,0.22,5,F,-85,10.00"
RX,299552,R35,TXK,N151,118,237763,E,1,0.87,0.84,5.0,U,-70.0,10.25,True,,2026-07-09T14:23:42.772+00:00,/dev/cu.usbserial-576B0005451,"RX,299552,R35,TXK,N151,118,237763,E,1,0.87,0.84,5,U,-70,10.25"
RX,300408,R35,TXA,N01,236,238627,E,1,0.87,0.84,5.0,F,-85.0,9.75,True,,2026-07-09T14:23:43.628+00:00,/dev/cu.usbserial-576B0005451,"RX,300408,R35,TXA,N01,236,238627,E,1,0.87,0.84,5,F,-85,9.75"
RX,300675,R35,TXB,N16,117,238893,C,1,0.81,0.78,5.0,U,-82.0,11.0,True,,2026-07-09T14:23:43.895+00:00,/dev/cu.usbserial-576B0005451,"RX,300675,R35,TXB,N16,117,238893,C,1,0.81,0.78,5,U,-82,11.00"
RX,301158,R35,TXE,N61,115,239382,G,1,0.93,0.9,5.0,U,-75.0,9.5,True,,2026-07-09T14:23:44.378+00:00,/dev/cu.usbserial-576B0005451,"RX,301158,R35,TXE,N61,115,239382,G,1,0.93,0.90,5,U,-75,9.50"
RX,301408,R35,TXA,N01,237,239627,F,1,0.28,0.26,5.0,F,-85.0,9.5,True,,2026-07-09T14:23:44.627+00:00,/dev/cu.usbserial-576B0005451,"RX,301408,R35,TXA,N01,237,239627,F,1,0.28,0.26,5,F,-85,9.50"
RX,301552,R35,TXK,N151,119,239763,G,0,0.93,0.9,5.0,U,-70.0,10.25,True,,2026-07-09T14:23:44.772+00:00,/dev/cu.usbserial-576B0005451,"RX,301552,R35,TXK,N151,119,239763,G,0,0.93,0.90,5,U,-70,10.25"
RX,301906,R35,TXF,N76,58,240131,E,1,0.87,0.84,5.0,U,-76.0,9.5,True,,2026-07-09T14:23:45.126+00:00,/dev/cu.usbserial-576B0005451,"RX,301906,R35,TXF,N76,58,240131,E,1,0.87,0.84,5,U,-76,9.50"
RX,302211,R35,TXD,N46,29,240431,G,0,0.93,0.9,5.0,U,-70.0,9.75,True,,2026-07-09T14:23:45.430+00:00,/dev/cu.usbserial-576B0005451,"RX,302211,R35,TXD,N46,29,240431,G,0,0.93,0.90,5,U,-70,9.75"
RX,302408,R35,TXA,N01,238,240627,G,0,0.93,0.9,5.0,F,-84.0,10.5,True,,2026-07-09T14:23:45.628+00:00,/dev/cu.usbserial-576B0005451,"RX,302408,R35,TXA,N01,238,240627,G,0,0.93,0.90,5,F,-84,10.50"
RX,302675,R35,TXB,N16,118,240893,E,1,0.87,0.84,5.0,U,-83.0,9.5,True,,2026-07-09T14:23:45.894+00:00,/dev/cu.usbserial-576B0005451,"RX,302675,R35,TXB,N16,118,240893,E,1,0.87,0.84,5,U,-83,9.50"
RX,302855,R35,TXG,N91,28,241080,G,1,0.93,0.9,5.0,U,-82.0,9.5,True,,2026-07-09T14:23:46.075+00:00,/dev/cu.usbserial-576B0005451,"RX,302855,R35,TXG,N91,28,241080,G,1,0.93,0.90,5,U,-82,9.50"
RX,303158,R35,TXE,N61,116,241382,A,0,0.75,0.72,5.0,U,-76.0,9.5,True,,2026-07-09T14:23:46.378+00:00,/dev/cu.usbserial-576B0005451,"RX,303158,R35,TXE,N61,116,241382,A,0,0.75,0.72,5,U,-76,9.50"
RX,303408,R35,TXA,N01,239,241627,H,1,0.32,0.3,5.0,F,-85.0,10.25,True,,2026-07-09T14:23:46.627+00:00,/dev/cu.usbserial-576B0005451,"RX,303408,R35,TXA,N01,239,241627,H,1,0.32,0.30,5,F,-85,10.25"
RX,303552,R35,TXK,N151,120,241763,A,1,0.75,0.72,5.0,U,-70.0,10.0,True,,2026-07-09T14:23:46.772+00:00,/dev/cu.usbserial-576B0005451,"RX,303552,R35,TXK,N151,120,241763,A,1,0.75,0.72,5,U,-70,10.00"
RX,303906,R35,TXF,N76,59,242131,G,0,0.93,0.9,5.0,U,-77.0,9.25,True,,2026-07-09T14:23:47.126+00:00,/dev/cu.usbserial-576B0005451,"RX,303906,R35,TXF,N76,59,242131,G,0,0.93,0.90,5,U,-77,9.25"
RX,304064,R35,TXJ,N136,28,242280,G,1,0.93,0.9,5.0,U,-78.0,10.0,True,,2026-07-09T14:23:47.284+00:00,/dev/cu.usbserial-576B0005451,"RX,304064,R35,TXJ,N136,28,242280,G,1,0.93,0.90,5,U,-78,10.00"
RX,304160,R35,TXC,N31,58,242381,E,1,0.87,0.84,5.0,U,-71.0,12.0,True,,2026-07-09T14:23:47.379+00:00,/dev/cu.usbserial-576B0005451,"RX,304160,R35,TXC,N31,58,242381,E,1,0.87,0.84,5,U,-71,12.00"
RX,304408,R35,TXA,N01,240,242627,A,1,0.75,0.72,5.0,F,-82.0,9.75,True,,2026-07-09T14:23:47.627+00:00,/dev/cu.usbserial-576B0005451,"RX,304408,R35,TXA,N01,240,242627,A,1,0.75,0.72,5,F,-82,9.75"
RX,304675,R35,TXB,N16,119,242893,G,0,0.93,0.9,5.0,U,-84.0,11.75,True,,2026-07-09T14:23:47.894+00:00,/dev/cu.usbserial-576B0005451,"RX,304675,R35,TXB,N16,119,242893,G,0,0.93,0.90,5,U,-84,11.75"
RX,305158,R35,TXE,N61,117,243382,C,1,0.81,0.78,5.0,U,-75.0,9.75,True,,2026-07-09T14:23:48.378+00:00,/dev/cu.usbserial-576B0005451,"RX,305158,R35,TXE,N61,117,243382,C,1,0.81,0.78,5,U,-75,9.75"
RX,305265,R35,TXI,N121,58,243481,E,1,0.87,0.84,5.0,U,-75.0,9.5,True,,2026-07-09T14:23:48.485+00:00,/dev/cu.usbserial-576B0005451,"RX,305265,R35,TXI,N121,58,243481,E,1,0.87,0.84,5,U,-75,9.50"
RX,305408,R35,TXA,N01,241,243627,B,0,0.2,0.18,5.0,F,-84.0,10.25,True,,2026-07-09T14:23:48.627+00:00,/dev/cu.usbserial-576B0005451,"RX,305408,R35,TXA,N01,241,243627,B,0,0.20,0.18,5,F,-84,10.25"
RX,305552,R35,TXK,N151,121,243763,C,1,0.81,0.78,5.0,U,-70.0,9.5,True,,2026-07-09T14:23:48.772+00:00,/dev/cu.usbserial-576B0005451,"RX,305552,R35,TXK,N151,121,243763,C,1,0.81,0.78,5,U,-70,9.50"
RX,306160,R35,TXC,N31,59,244381,G,0,0.93,0.9,5.0,U,-71.0,9.5,True,,2026-07-09T14:23:49.379+00:00,/dev/cu.usbserial-576B0005451,"RX,306160,R35,TXC,N31,59,244381,G,0,0.93,0.90,5,U,-71,9.50"
RX,306408,R35,TXA,N01,242,244627,C,1,0.81,0.78,5.0,F,-84.0,10.0,True,,2026-07-09T14:23:49.627+00:00,/dev/cu.usbserial-576B0005451,"RX,306408,R35,TXA,N01,242,244627,C,1,0.81,0.78,5,F,-84,10.00"
RX,306675,R35,TXB,N16,120,244893,A,1,0.75,0.72,5.0,U,-83.0,10.0,True,,2026-07-09T14:23:49.895+00:00,/dev/cu.usbserial-576B0005451,"RX,306675,R35,TXB,N16,120,244893,A,1,0.75,0.72,5,U,-83,10.00"
RX,307158,R35,TXE,N61,118,245382,E,1,0.87,0.84,5.0,U,-76.0,9.75,True,,2026-07-09T14:23:50.378+00:00,/dev/cu.usbserial-576B0005451,"RX,307158,R35,TXE,N61,118,245382,E,1,0.87,0.84,5,U,-76,9.75"
RX,307265,R35,TXI,N121,59,245481,G,0,0.93,0.9,5.0,U,-74.0,9.5,True,,2026-07-09T14:23:50.485+00:00,/dev/cu.usbserial-576B0005451,"RX,307265,R35,TXI,N121,59,245481,G,0,0.93,0.90,5,U,-74,9.50"
RX,307408,R35,TXA,N01,243,245627,D,1,0.24,0.22,5.0,F,-86.0,9.75,True,,2026-07-09T14:23:50.628+00:00,/dev/cu.usbserial-576B0005451,"RX,307408,R35,TXA,N01,243,245627,D,1,0.24,0.22,5,F,-86,9.75"
RX,307552,R35,TXK,N151,122,245763,E,0,0.87,0.84,5.0,U,-71.0,9.5,True,,2026-07-09T14:23:50.772+00:00,/dev/cu.usbserial-576B0005451,"RX,307552,R35,TXK,N151,122,245763,E,0,0.87,0.84,5,U,-71,9.50"
RX,308408,R35,TXA,N01,244,246627,E,0,0.87,0.84,5.0,F,-83.0,9.25,True,,2026-07-09T14:23:51.628+00:00,/dev/cu.usbserial-576B0005451,"RX,308408,R35,TXA,N01,244,246627,E,0,0.87,0.84,5,F,-83,9.25"
RX,308675,R35,TXB,N16,121,246893,C,1,0.81,0.78,5.0,U,-83.0,9.5,True,,2026-07-09T14:23:51.894+00:00,/dev/cu.usbserial-576B0005451,"RX,308675,R35,TXB,N16,121,246893,C,1,0.81,0.78,5,U,-83,9.50"
RX,309158,R35,TXE,N61,119,247382,G,0,0.93,0.9,5.0,U,-75.0,9.25,True,,2026-07-09T14:23:52.377+00:00,/dev/cu.usbserial-576B0005451,"RX,309158,R35,TXE,N61,119,247382,G,0,0.93,0.90,5,U,-75,9.25"
RX,309408,R35,TXA,N01,245,247627,F,1,0.28,0.26,5.0,F,-88.0,10.0,True,,2026-07-09T14:23:52.628+00:00,/dev/cu.usbserial-576B0005451,"RX,309408,R35,TXA,N01,245,247627,F,1,0.28,0.26,5,F,-88,10.00"
RX,309552,R35,TXK,N151,123,247763,G,1,0.93,0.9,5.0,U,-70.0,10.0,True,,2026-07-09T14:23:52.772+00:00,/dev/cu.usbserial-576B0005451,"RX,309552,R35,TXK,N151,123,247763,G,1,0.93,0.90,5,U,-70,10.00"
RX,309906,R35,TXF,N76,60,248131,E,0,0.87,0.84,5.0,U,-78.0,9.25,True,,2026-07-09T14:23:53.125+00:00,/dev/cu.usbserial-576B0005451,"RX,309906,R35,TXF,N76,60,248131,E,0,0.87,0.84,5,U,-78,9.25"
RX,310211,R35,TXD,N46,30,248431,G,1,0.93,0.9,5.0,U,-70.0,9.25,True,,2026-07-09T14:23:53.430+00:00,/dev/cu.usbserial-576B0005451,"RX,310211,R35,TXD,N46,30,248431,G,1,0.93,0.90,5,U,-70,9.25"
RX,310408,R35,TXA,N01,246,248627,G,1,0.93,0.9,5.0,F,-88.0,9.5,True,,2026-07-09T14:23:53.627+00:00,/dev/cu.usbserial-576B0005451,"RX,310408,R35,TXA,N01,246,248627,G,1,0.93,0.90,5,F,-88,9.50"
RX,310675,R35,TXB,N16,122,248893,E,0,0.87,0.84,5.0,U,-83.0,9.75,True,,2026-07-09T14:23:53.894+00:00,/dev/cu.usbserial-576B0005451,"RX,310675,R35,TXB,N16,122,248893,E,0,0.87,0.84,5,U,-83,9.75"
RX,310855,R35,TXG,N91,29,249080,G,0,0.93,0.9,5.0,U,-83.0,9.25,True,,2026-07-09T14:23:54.075+00:00,/dev/cu.usbserial-576B0005451,"RX,310855,R35,TXG,N91,29,249080,G,0,0.93,0.90,5,U,-83,9.25"
RX,311158,R35,TXE,N61,120,249382,A,1,0.75,0.72,5.0,U,-76.0,9.5,True,,2026-07-09T14:23:54.378+00:00,/dev/cu.usbserial-576B0005451,"RX,311158,R35,TXE,N61,120,249382,A,1,0.75,0.72,5,U,-76,9.50"
RX,311408,R35,TXA,N01,247,249627,H,0,0.32,0.3,5.0,F,-87.0,10.5,True,,2026-07-09T14:23:54.627+00:00,/dev/cu.usbserial-576B0005451,"RX,311408,R35,TXA,N01,247,249627,H,0,0.32,0.30,5,F,-87,10.50"
RX,311552,R35,TXK,N151,124,249763,A,1,0.75,0.72,5.0,U,-71.0,10.25,True,,2026-07-09T14:23:54.772+00:00,/dev/cu.usbserial-576B0005451,"RX,311552,R35,TXK,N151,124,249763,A,1,0.75,0.72,5,U,-71,10.25"
RX,311906,R35,TXF,N76,61,250131,G,1,0.93,0.9,5.0,U,-77.0,9.75,True,,2026-07-09T14:23:55.125+00:00,/dev/cu.usbserial-576B0005451,"RX,311906,R35,TXF,N76,61,250131,G,1,0.93,0.90,5,U,-77,9.75"
RX,312064,R35,TXJ,N136,29,250280,G,0,0.93,0.9,5.0,U,-77.0,9.75,True,,2026-07-09T14:23:55.284+00:00,/dev/cu.usbserial-576B0005451,"RX,312064,R35,TXJ,N136,29,250280,G,0,0.93,0.90,5,U,-77,9.75"
RX,312160,R35,TXC,N31,60,250381,E,0,0.87,0.84,5.0,U,-71.0,9.5,True,,2026-07-09T14:23:55.379+00:00,/dev/cu.usbserial-576B0005451,"RX,312160,R35,TXC,N31,60,250381,E,0,0.87,0.84,5,U,-71,9.50"
RX,312408,R35,TXA,N01,248,250627,A,1,0.75,0.72,5.0,F,-87.0,9.75,True,,2026-07-09T14:23:55.627+00:00,/dev/cu.usbserial-576B0005451,"RX,312408,R35,TXA,N01,248,250627,A,1,0.75,0.72,5,F,-87,9.75"
RX,312674,R35,TXB,N16,123,250893,G,1,0.93,0.9,5.0,U,-83.0,10.0,True,,2026-07-09T14:23:55.895+00:00,/dev/cu.usbserial-576B0005451,"RX,312674,R35,TXB,N16,123,250893,G,1,0.93,0.90,5,U,-83,10.00"
RX,313158,R35,TXE,N61,121,251382,C,1,0.81,0.78,5.0,U,-75.0,9.75,True,,2026-07-09T14:23:56.378+00:00,/dev/cu.usbserial-576B0005451,"RX,313158,R35,TXE,N61,121,251382,C,1,0.81,0.78,5,U,-75,9.75"
RX,313265,R35,TXI,N121,60,251481,E,0,0.87,0.84,5.0,U,-74.0,9.75,True,,2026-07-09T14:23:56.485+00:00,/dev/cu.usbserial-576B0005451,"RX,313265,R35,TXI,N121,60,251481,E,0,0.87,0.84,5,U,-74,9.75"
RX,313408,R35,TXA,N01,249,251627,B,1,0.2,0.18,5.0,F,-87.0,9.5,True,,2026-07-09T14:23:56.627+00:00,/dev/cu.usbserial-576B0005451,"RX,313408,R35,TXA,N01,249,251627,B,1,0.20,0.18,5,F,-87,9.50"
RX,313552,R35,TXK,N151,125,251763,C,0,0.81,0.78,5.0,U,-71.0,9.75,True,,2026-07-09T14:23:56.772+00:00,/dev/cu.usbserial-576B0005451,"RX,313552,R35,TXK,N151,125,251763,C,0,0.81,0.78,5,U,-71,9.75"
RX,314160,R35,TXC,N31,61,252381,G,1,0.93,0.9,5.0,U,-72.0,9.75,True,,2026-07-09T14:23:57.379+00:00,/dev/cu.usbserial-576B0005451,"RX,314160,R35,TXC,N31,61,252381,G,1,0.93,0.90,5,U,-72,9.75"
RX,314408,R35,TXA,N01,250,252627,C,0,0.81,0.78,5.0,F,-82.0,9.75,True,,2026-07-09T14:23:57.627+00:00,/dev/cu.usbserial-576B0005451,"RX,314408,R35,TXA,N01,250,252627,C,0,0.81,0.78,5,F,-82,9.75"
RX,314675,R35,TXB,N16,124,252893,A,1,0.75,0.72,5.0,U,-84.0,10.0,True,,2026-07-09T14:23:57.894+00:00,/dev/cu.usbserial-576B0005451,"RX,314675,R35,TXB,N16,124,252893,A,1,0.75,0.72,5,U,-84,10.00"
RX,315158,R35,TXE,N61,122,253382,E,0,0.87,0.84,5.0,U,-75.0,9.25,True,,2026-07-09T14:23:58.378+00:00,/dev/cu.usbserial-576B0005451,"RX,315158,R35,TXE,N61,122,253382,E,0,0.87,0.84,5,U,-75,9.25"
RX,315265,R35,TXI,N121,61,253481,G,1,0.93,0.9,5.0,U,-74.0,9.75,True,,2026-07-09T14:23:58.485+00:00,/dev/cu.usbserial-576B0005451,"RX,315265,R35,TXI,N121,61,253481,G,1,0.93,0.90,5,U,-74,9.75"
RX,315408,R35,TXA,N01,251,253627,D,1,0.24,0.22,5.0,F,-84.0,10.0,True,,2026-07-09T14:23:58.627+00:00,/dev/cu.usbserial-576B0005451,"RX,315408,R35,TXA,N01,251,253627,D,1,0.24,0.22,5,F,-84,10.00"
RX,315552,R35,TXK,N151,126,253763,E,1,0.87,0.84,5.0,U,-72.0,9.5,True,,2026-07-09T14:23:58.772+00:00,/dev/cu.usbserial-576B0005451,"RX,315552,R35,TXK,N151,126,253763,E,1,0.87,0.84,5,U,-72,9.50"
RX,316408,R35,TXA,N01,252,254627,E,1,0.87,0.84,5.0,F,-83.0,9.75,True,,2026-07-09T14:23:59.628+00:00,/dev/cu.usbserial-576B0005451,"RX,316408,R35,TXA,N01,252,254627,E,1,0.87,0.84,5,F,-83,9.75"
RX,316675,R35,TXB,N16,125,254893,C,0,0.81,0.78,5.0,U,-84.0,9.5,True,,2026-07-09T14:23:59.894+00:00,/dev/cu.usbserial-576B0005451,"RX,316675,R35,TXB,N16,125,254893,C,0,0.81,0.78,5,U,-84,9.50"
RX,317158,R35,TXE,N61,123,255382,G,1,0.93,0.9,5.0,U,-75.0,9.25,True,,2026-07-09T14:24:00.378+00:00,/dev/cu.usbserial-576B0005451,"RX,317158,R35,TXE,N61,123,255382,G,1,0.93,0.90,5,U,-75,9.25"
RX,317408,R35,TXA,N01,253,255627,F,0,0.28,0.26,5.0,F,-84.0,9.75,True,,2026-07-09T14:24:00.627+00:00,/dev/cu.usbserial-576B0005451,"RX,317408,R35,TXA,N01,253,255627,F,0,0.28,0.26,5,F,-84,9.75"
RX,317552,R35,TXK,N151,127,255763,G,1,0.93,0.9,5.0,U,-71.0,9.75,True,,2026-07-09T14:24:00.772+00:00,/dev/cu.usbserial-576B0005451,"RX,317552,R35,TXK,N151,127,255763,G,1,0.93,0.90,5,U,-71,9.75"
RX,317906,R35,TXF,N76,62,256131,E,1,0.87,0.84,5.0,U,-77.0,9.75,True,,2026-07-09T14:24:01.125+00:00,/dev/cu.usbserial-576B0005451,"RX,317906,R35,TXF,N76,62,256131,E,1,0.87,0.84,5,U,-77,9.75"
RX,318211,R35,TXD,N46,31,256431,G,1,0.93,0.9,5.0,U,-71.0,10.0,True,,2026-07-09T14:24:01.430+00:00,/dev/cu.usbserial-576B0005451,"RX,318211,R35,TXD,N46,31,256431,G,1,0.93,0.90,5,U,-71,10.00"
RX,318408,R35,TXA,N01,254,256627,G,1,0.93,0.9,5.0,F,-83.0,9.75,True,,2026-07-09T14:24:01.627+00:00,/dev/cu.usbserial-576B0005451,"RX,318408,R35,TXA,N01,254,256627,G,1,0.93,0.90,5,F,-83,9.75"
RX,318675,R35,TXB,N16,126,256893,E,1,0.87,0.84,5.0,U,-84.0,9.75,True,,2026-07-09T14:24:01.894+00:00,/dev/cu.usbserial-576B0005451,"RX,318675,R35,TXB,N16,126,256893,E,1,0.87,0.84,5,U,-84,9.75"
RX,318856,R35,TXG,N91,30,257080,G,1,0.93,0.9,5.0,U,-83.0,9.5,True,,2026-07-09T14:24:02.075+00:00,/dev/cu.usbserial-576B0005451,"RX,318856,R35,TXG,N91,30,257080,G,1,0.93,0.90,5,U,-83,9.50"
RX,319158,R35,TXE,N61,124,257382,A,1,0.75,0.72,5.0,U,-75.0,9.25,True,,2026-07-09T14:24:02.378+00:00,/dev/cu.usbserial-576B0005451,"RX,319158,R35,TXE,N61,124,257382,A,1,0.75,0.72,5,U,-75,9.25"
RX,319408,R35,TXA,N01,255,257627,H,1,0.32,0.3,5.0,F,-83.0,9.5,True,,2026-07-09T14:24:02.627+00:00,/dev/cu.usbserial-576B0005451,"RX,319408,R35,TXA,N01,255,257627,H,1,0.32,0.30,5,F,-83,9.50"
RX,319552,R35,TXK,N151,128,257763,A,1,0.75,0.72,5.0,U,-71.0,10.0,True,,2026-07-09T14:24:02.772+00:00,/dev/cu.usbserial-576B0005451,"RX,319552,R35,TXK,N151,128,257763,A,1,0.75,0.72,5,U,-71,10.00"
RX,319906,R35,TXF,N76,63,258131,G,1,0.93,0.9,5.0,U,-77.0,9.5,True,,2026-07-09T14:24:03.125+00:00,/dev/cu.usbserial-576B0005451,"RX,319906,R35,TXF,N76,63,258131,G,1,0.93,0.90,5,U,-77,9.50"
RX,320064,R35,TXJ,N136,30,258280,G,1,0.93,0.9,5.0,U,-79.0,9.25,True,,2026-07-09T14:24:03.284+00:00,/dev/cu.usbserial-576B0005451,"RX,320064,R35,TXJ,N136,30,258280,G,1,0.93,0.90,5,U,-79,9.25"
RX,320160,R35,TXC,N31,62,258381,E,1,0.87,0.84,5.0,U,-71.0,9.75,True,,2026-07-09T14:24:03.379+00:00,/dev/cu.usbserial-576B0005451,"RX,320160,R35,TXC,N31,62,258381,E,1,0.87,0.84,5,U,-71,9.75"
RX,320408,R35,TXA,N01,256,258627,A,1,0.75,0.72,5.0,F,-83.0,9.5,True,,2026-07-09T14:24:03.627+00:00,/dev/cu.usbserial-576B0005451,"RX,320408,R35,TXA,N01,256,258627,A,1,0.75,0.72,5,F,-83,9.50"
RX,320675,R35,TXB,N16,127,258893,G,1,0.93,0.9,5.0,U,-84.0,10.0,True,,2026-07-09T14:24:03.894+00:00,/dev/cu.usbserial-576B0005451,"RX,320675,R35,TXB,N16,127,258893,G,1,0.93,0.90,5,U,-84,10.00"
RX,321158,R35,TXE,N61,125,259382,C,0,0.81,0.78,5.0,U,-75.0,9.5,True,,2026-07-09T14:24:04.378+00:00,/dev/cu.usbserial-576B0005451,"RX,321158,R35,TXE,N61,125,259382,C,0,0.81,0.78,5,U,-75,9.50"
RX,321265,R35,TXI,N121,62,259481,E,1,0.87,0.84,5.0,U,-73.0,10.5,True,,2026-07-09T14:24:04.485+00:00,/dev/cu.usbserial-576B0005451,"RX,321265,R35,TXI,N121,62,259481,E,1,0.87,0.84,5,U,-73,10.50"
RX,321408,R35,TXA,N01,257,259627,B,0,0.2,0.18,5.0,F,-83.0,9.75,True,,2026-07-09T14:24:04.627+00:00,/dev/cu.usbserial-576B0005451,"RX,321408,R35,TXA,N01,257,259627,B,0,0.20,0.18,5,F,-83,9.75"
RX,321552,R35,TXK,N151,129,259763,C,1,0.81,0.78,5.0,U,-71.0,9.75,True,,2026-07-09T14:24:04.772+00:00,/dev/cu.usbserial-576B0005451,"RX,321552,R35,TXK,N151,129,259763,C,1,0.81,0.78,5,U,-71,9.75"
RX,322160,R35,TXC,N31,63,260381,G,1,0.93,0.9,5.0,U,-71.0,9.5,True,,2026-07-09T14:24:05.379+00:00,/dev/cu.usbserial-576B0005451,"RX,322160,R35,TXC,N31,63,260381,G,1,0.93,0.90,5,U,-71,9.50"
RX,322408,R35,TXA,N01,258,260627,C,1,0.81,0.78,5.0,F,-83.0,9.25,True,,2026-07-09T14:24:05.627+00:00,/dev/cu.usbserial-576B0005451,"RX,322408,R35,TXA,N01,258,260627,C,1,0.81,0.78,5,F,-83,9.25"
RX,322675,R35,TXB,N16,128,260893,A,1,0.75,0.72,5.0,U,-84.0,10.25,True,,2026-07-09T14:24:05.894+00:00,/dev/cu.usbserial-576B0005451,"RX,322675,R35,TXB,N16,128,260893,A,1,0.75,0.72,5,U,-84,10.25"
RX,323158,R35,TXE,N61,126,261382,E,1,0.87,0.84,5.0,U,-76.0,9.5,True,,2026-07-09T14:24:06.378+00:00,/dev/cu.usbserial-576B0005451,"RX,323158,R35,TXE,N61,126,261382,E,1,0.87,0.84,5,U,-76,9.50"
RX,323265,R35,TXI,N121,63,261481,G,1,0.93,0.9,5.0,U,-76.0,10.75,True,,2026-07-09T14:24:06.485+00:00,/dev/cu.usbserial-576B0005451,"RX,323265,R35,TXI,N121,63,261481,G,1,0.93,0.90,5,U,-76,10.75"
RX,323408,R35,TXA,N01,259,261627,D,1,0.24,0.22,5.0,F,-83.0,12.0,True,,2026-07-09T14:24:06.627+00:00,/dev/cu.usbserial-576B0005451,"RX,323408,R35,TXA,N01,259,261627,D,1,0.24,0.22,5,F,-83,12.00"
RX,323552,R35,TXK,N151,130,261763,E,0,0.87,0.84,5.0,U,-71.0,10.25,True,,2026-07-09T14:24:06.772+00:00,/dev/cu.usbserial-576B0005451,"RX,323552,R35,TXK,N151,130,261763,E,0,0.87,0.84,5,U,-71,10.25"
RX,324408,R35,TXA,N01,260,262627,E,0,0.87,0.84,5.0,F,-83.0,9.75,True,,2026-07-09T14:24:07.628+00:00,/dev/cu.usbserial-576B0005451,"RX,324408,R35,TXA,N01,260,262627,E,0,0.87,0.84,5,F,-83,9.75"
RX,324675,R35,TXB,N16,129,262893,C,1,0.81,0.78,5.0,U,-84.0,10.0,True,,2026-07-09T14:24:07.894+00:00,/dev/cu.usbserial-576B0005451,"RX,324675,R35,TXB,N16,129,262893,C,1,0.81,0.78,5,U,-84,10.00"
RX,325158,R35,TXE,N61,127,263382,G,1,0.93,0.9,5.0,U,-76.0,9.5,True,,2026-07-09T14:24:08.378+00:00,/dev/cu.usbserial-576B0005451,"RX,325158,R35,TXE,N61,127,263382,G,1,0.93,0.90,5,U,-76,9.50"
RX,325408,R35,TXA,N01,261,263627,F,1,0.28,0.26,5.0,F,-83.0,10.0,True,,2026-07-09T14:24:08.627+00:00,/dev/cu.usbserial-576B0005451,"RX,325408,R35,TXA,N01,261,263627,F,1,0.28,0.26,5,F,-83,10.00"
RX,325701,R35,TXL,N166,16,263917,G,1,0.93,0.9,5.0,U,-82.0,9.75,True,,2026-07-09T14:24:08.920+00:00,/dev/cu.usbserial-576B0005451,"RX,325701,R35,TXL,N166,16,263917,G,1,0.93,0.90,5,U,-82,9.75"
RX,325906,R35,TXF,N76,64,264131,E,0,0.87,0.84,5.0,U,-76.0,9.75,True,,2026-07-09T14:24:09.125+00:00,/dev/cu.usbserial-576B0005451,"RX,325906,R35,TXF,N76,64,264131,E,0,0.87,0.84,5,U,-76,9.75"
RX,326211,R35,TXD,N46,32,264431,G,1,0.93,0.9,5.0,U,-69.0,10.0,True,,2026-07-09T14:24:09.430+00:00,/dev/cu.usbserial-576B0005451,"RX,326211,R35,TXD,N46,32,264431,G,1,0.93,0.90,5,U,-69,10.00"
RX,326408,R35,TXA,N01,262,264627,G,1,0.93,0.9,5.0,F,-84.0,9.75,True,,2026-07-09T14:24:09.627+00:00,/dev/cu.usbserial-576B0005451,"RX,326408,R35,TXA,N01,262,264627,G,1,0.93,0.90,5,F,-84,9.75"
RX,326675,R35,TXB,N16,130,264893,E,0,0.87,0.84,5.0,U,-84.0,9.75,True,,2026-07-09T14:24:09.894+00:00,/dev/cu.usbserial-576B0005451,"RX,326675,R35,TXB,N16,130,264893,E,0,0.87,0.84,5,U,-84,9.75"
RX,326856,R35,TXG,N91,31,265080,G,1,0.93,0.9,5.0,U,-82.0,9.5,True,,2026-07-09T14:24:10.075+00:00,/dev/cu.usbserial-576B0005451,"RX,326856,R35,TXG,N91,31,265080,G,1,0.93,0.90,5,U,-82,9.50"
RX,327158,R35,TXE,N61,128,265382,A,1,0.75,0.72,5.0,U,-76.0,9.5,True,,2026-07-09T14:24:10.378+00:00,/dev/cu.usbserial-576B0005451,"RX,327158,R35,TXE,N61,128,265382,A,1,0.75,0.72,5,U,-76,9.50"
RX,327408,R35,TXA,N01,263,265627,H,0,0.32,0.3,5.0,F,-83.0,10.25,True,,2026-07-09T14:24:10.627+00:00,/dev/cu.usbserial-576B0005451,"RX,327408,R35,TXA,N01,263,265627,H,0,0.32,0.30,5,F,-83,10.25"
RX,327552,R35,TXK,N151,132,265763,A,1,0.75,0.72,5.0,U,-71.0,9.5,True,,2026-07-09T14:24:10.772+00:00,/dev/cu.usbserial-576B0005451,"RX,327552,R35,TXK,N151,132,265763,A,1,0.75,0.72,5,U,-71,9.50"
RX,327906,R35,TXF,N76,65,266131,G,1,0.93,0.9,5.0,U,-77.0,9.75,True,,2026-07-09T14:24:11.125+00:00,/dev/cu.usbserial-576B0005451,"RX,327906,R35,TXF,N76,65,266131,G,1,0.93,0.90,5,U,-77,9.75"
RX,328064,R35,TXJ,N136,31,266280,G,1,0.93,0.9,5.0,U,-79.0,10.25,True,,2026-07-09T14:24:11.284+00:00,/dev/cu.usbserial-576B0005451,"RX,328064,R35,TXJ,N136,31,266280,G,1,0.93,0.90,5,U,-79,10.25"
RX,328160,R35,TXC,N31,64,266381,E,0,0.87,0.84,5.0,U,-72.0,10.0,True,,2026-07-09T14:24:11.379+00:00,/dev/cu.usbserial-576B0005451,"RX,328160,R35,TXC,N31,64,266381,E,0,0.87,0.84,5,U,-72,10.00"
RX,328408,R35,TXA,N01,264,266627,A,1,0.75,0.72,5.0,F,-83.0,9.75,True,,2026-07-09T14:24:11.627+00:00,/dev/cu.usbserial-576B0005451,"RX,328408,R35,TXA,N01,264,266627,A,1,0.75,0.72,5,F,-83,9.75"
RX,328675,R35,TXB,N16,131,266893,G,1,0.93,0.9,5.0,U,-84.0,9.75,True,,2026-07-09T14:24:11.894+00:00,/dev/cu.usbserial-576B0005451,"RX,328675,R35,TXB,N16,131,266893,G,1,0.93,0.90,5,U,-84,9.75"
RX,329158,R35,TXE,N61,129,267382,C,1,0.81,0.78,5.0,U,-75.0,9.5,True,,2026-07-09T14:24:12.378+00:00,/dev/cu.usbserial-576B0005451,"RX,329158,R35,TXE,N61,129,267382,C,1,0.81,0.78,5,U,-75,9.50"
RX,329265,R35,TXI,N121,64,267481,E,0,0.87,0.84,5.0,U,-76.0,9.5,True,,2026-07-09T14:24:12.484+00:00,/dev/cu.usbserial-576B0005451,"RX,329265,R35,TXI,N121,64,267481,E,0,0.87,0.84,5,U,-76,9.50"
RX,329408,R35,TXA,N01,265,267627,B,1,0.2,0.18,5.0,F,-83.0,10.0,True,,2026-07-09T14:24:12.627+00:00,/dev/cu.usbserial-576B0005451,"RX,329408,R35,TXA,N01,265,267627,B,1,0.20,0.18,5,F,-83,10.00"
RX,329552,R35,TXK,N151,133,267763,C,0,0.81,0.78,5.0,U,-71.0,9.75,True,,2026-07-09T14:24:12.772+00:00,/dev/cu.usbserial-576B0005451,"RX,329552,R35,TXK,N151,133,267763,C,0,0.81,0.78,5,U,-71,9.75"
RX,330160,R35,TXC,N31,65,268381,G,1,0.93,0.9,5.0,U,-71.0,9.75,True,,2026-07-09T14:24:13.379+00:00,/dev/cu.usbserial-576B0005451,"RX,330160,R35,TXC,N31,65,268381,G,1,0.93,0.90,5,U,-71,9.75"
RX,330408,R35,TXA,N01,266,268627,C,0,0.81,0.78,5.0,F,-83.0,9.25,True,,2026-07-09T14:24:13.628+00:00,/dev/cu.usbserial-576B0005451,"RX,330408,R35,TXA,N01,266,268627,C,0,0.81,0.78,5,F,-83,9.25"
RX,330675,R35,TXB,N16,132,268893,A,1,0.75,0.72,5.0,U,-83.0,9.75,True,,2026-07-09T14:24:13.894+00:00,/dev/cu.usbserial-576B0005451,"RX,330675,R35,TXB,N16,132,268893,A,1,0.75,0.72,5,U,-83,9.75"
RX,331158,R35,TXE,N61,130,269382,E,0,0.87,0.84,5.0,U,-76.0,9.25,True,,2026-07-09T14:24:14.377+00:00,/dev/cu.usbserial-576B0005451,"RX,331158,R35,TXE,N61,130,269382,E,0,0.87,0.84,5,U,-76,9.25"
RX,331265,R35,TXI,N121,65,269481,G,1,0.93,0.9,5.0,U,-75.0,9.5,True,,2026-07-09T14:24:14.484+00:00,/dev/cu.usbserial-576B0005451,"RX,331265,R35,TXI,N121,65,269481,G,1,0.93,0.90,5,U,-75,9.50"
RX,331408,R35,TXA,N01,267,269627,D,1,0.24,0.22,5.0,F,-83.0,9.75,True,,2026-07-09T14:24:14.627+00:00,/dev/cu.usbserial-576B0005451,"RX,331408,R35,TXA,N01,267,269627,D,1,0.24,0.22,5,F,-83,9.75"
RX,331552,R35,TXK,N151,134,269763,E,1,0.87,0.84,5.0,U,-71.0,10.25,True,,2026-07-09T14:24:14.772+00:00,/dev/cu.usbserial-576B0005451,"RX,331552,R35,TXK,N151,134,269763,E,1,0.87,0.84,5,U,-71,10.25"
RX,332408,R35,TXA,N01,268,270627,E,1,0.87,0.84,5.0,F,-87.0,9.75,True,,2026-07-09T14:24:15.627+00:00,/dev/cu.usbserial-576B0005451,"RX,332408,R35,TXA,N01,268,270627,E,1,0.87,0.84,5,F,-87,9.75"
RX,332675,R35,TXB,N16,133,270893,C,0,0.81,0.78,5.0,U,-84.0,9.75,True,,2026-07-09T14:24:15.894+00:00,/dev/cu.usbserial-576B0005451,"RX,332675,R35,TXB,N16,133,270893,C,0,0.81,0.78,5,U,-84,9.75"
RX,333158,R35,TXE,N61,131,271382,G,1,0.93,0.9,5.0,U,-76.0,10.0,True,,2026-07-09T14:24:16.378+00:00,/dev/cu.usbserial-576B0005451,"RX,333158,R35,TXE,N61,131,271382,G,1,0.93,0.90,5,U,-76,10.00"
RX,333408,R35,TXA,N01,269,271627,F,0,0.28,0.26,5.0,F,-85.0,9.25,True,,2026-07-09T14:24:16.627+00:00,/dev/cu.usbserial-576B0005451,"RX,333408,R35,TXA,N01,269,271627,F,0,0.28,0.26,5,F,-85,9.25"
RX,333700,R35,TXL,N166,17,271917,G,1,0.93,0.9,5.0,U,-82.0,9.25,True,,2026-07-09T14:24:16.920+00:00,/dev/cu.usbserial-576B0005451,"RX,333700,R35,TXL,N166,17,271917,G,1,0.93,0.90,5,U,-82,9.25"
RX,333906,R35,TXF,N76,66,272131,E,1,0.87,0.84,5.0,U,-77.0,9.75,True,,2026-07-09T14:24:17.125+00:00,/dev/cu.usbserial-576B0005451,"RX,333906,R35,TXF,N76,66,272131,E,1,0.87,0.84,5,U,-77,9.75"
RX,334211,R35,TXD,N46,33,272431,G,1,0.93,0.9,5.0,U,-71.0,9.25,True,,2026-07-09T14:24:17.430+00:00,/dev/cu.usbserial-576B0005451,"RX,334211,R35,TXD,N46,33,272431,G,1,0.93,0.90,5,U,-71,9.25"
RX,334408,R35,TXA,N01,270,272627,G,1,0.93,0.9,5.0,F,-86.0,9.5,True,,2026-07-09T14:24:17.627+00:00,/dev/cu.usbserial-576B0005451,"RX,334408,R35,TXA,N01,270,272627,G,1,0.93,0.90,5,F,-86,9.50"
RX,334675,R35,TXB,N16,134,272893,E,1,0.87,0.84,5.0,U,-84.0,11.5,True,,2026-07-09T14:24:17.894+00:00,/dev/cu.usbserial-576B0005451,"RX,334675,R35,TXB,N16,134,272893,E,1,0.87,0.84,5,U,-84,11.50"
RX,334856,R35,TXG,N91,32,273080,G,1,0.93,0.9,5.0,U,-83.0,9.75,True,,2026-07-09T14:24:18.075+00:00,/dev/cu.usbserial-576B0005451,"RX,334856,R35,TXG,N91,32,273080,G,1,0.93,0.90,5,U,-83,9.75"
RX,335158,R35,TXE,N61,132,273382,A,1,0.75,0.72,5.0,U,-76.0,9.5,True,,2026-07-09T14:24:18.377+00:00,/dev/cu.usbserial-576B0005451,"RX,335158,R35,TXE,N61,132,273382,A,1,0.75,0.72,5,U,-76,9.50"
RX,335408,R35,TXA,N01,271,273627,H,1,0.32,0.3,5.0,F,-85.0,9.25,True,,2026-07-09T14:24:18.627+00:00,/dev/cu.usbserial-576B0005451,"RX,335408,R35,TXA,N01,271,273627,H,1,0.32,0.30,5,F,-85,9.25"
RX,335552,R35,TXK,N151,136,273763,A,0,0.75,0.72,5.0,U,-71.0,9.5,True,,2026-07-09T14:24:18.772+00:00,/dev/cu.usbserial-576B0005451,"RX,335552,R35,TXK,N151,136,273763,A,0,0.75,0.72,5,U,-71,9.50"
RX,335906,R35,TXF,N76,67,274131,G,1,0.93,0.9,5.0,U,-77.0,9.75,True,,2026-07-09T14:24:19.125+00:00,/dev/cu.usbserial-576B0005451,"RX,335906,R35,TXF,N76,67,274131,G,1,0.93,0.90,5,U,-77,9.75"
RX,336064,R35,TXJ,N136,32,274280,G,1,0.93,0.9,5.0,U,-78.0,10.0,True,,2026-07-09T14:24:19.284+00:00,/dev/cu.usbserial-576B0005451,"RX,336064,R35,TXJ,N136,32,274280,G,1,0.93,0.90,5,U,-78,10.00"
RX,336160,R35,TXC,N31,66,274381,E,1,0.87,0.84,5.0,U,-73.0,9.75,True,,2026-07-09T14:24:19.379+00:00,/dev/cu.usbserial-576B0005451,"RX,336160,R35,TXC,N31,66,274381,E,1,0.87,0.84,5,U,-73,9.75"
RX,336408,R35,TXA,N01,272,274627,A,0,0.75,0.72,5.0,F,-86.0,9.25,True,,2026-07-09T14:24:19.627+00:00,/dev/cu.usbserial-576B0005451,"RX,336408,R35,TXA,N01,272,274627,A,0,0.75,0.72,5,F,-86,9.25"
RX,336675,R35,TXB,N16,135,274893,G,1,0.93,0.9,5.0,U,-84.0,9.75,True,,2026-07-09T14:24:19.894+00:00,/dev/cu.usbserial-576B0005451,"RX,336675,R35,TXB,N16,135,274893,G,1,0.93,0.90,5,U,-84,9.75"
RX,337158,R35,TXE,N61,133,275382,C,0,0.81,0.78,5.0,U,-76.0,9.75,True,,2026-07-09T14:24:20.378+00:00,/dev/cu.usbserial-576B0005451,"RX,337158,R35,TXE,N61,133,275382,C,0,0.81,0.78,5,U,-76,9.75"
RX,337265,R35,TXI,N121,66,275481,E,1,0.87,0.84,5.0,U,-76.0,9.5,True,,2026-07-09T14:24:20.484+00:00,/dev/cu.usbserial-576B0005451,"RX,337265,R35,TXI,N121,66,275481,E,1,0.87,0.84,5,U,-76,9.50"
RX,337408,R35,TXA,N01,273,275627,B,1,0.2,0.18,5.0,F,-86.0,9.5,True,,2026-07-09T14:24:20.627+00:00,/dev/cu.usbserial-576B0005451,"RX,337408,R35,TXA,N01,273,275627,B,1,0.20,0.18,5,F,-86,9.50"
RX,337552,R35,TXK,N151,137,275763,C,1,0.81,0.78,5.0,U,-71.0,10.0,True,,2026-07-09T14:24:20.772+00:00,/dev/cu.usbserial-576B0005451,"RX,337552,R35,TXK,N151,137,275763,C,1,0.81,0.78,5,U,-71,10.00"
RX,338160,R35,TXC,N31,67,276381,G,1,0.93,0.9,5.0,U,-72.0,9.75,True,,2026-07-09T14:24:21.379+00:00,/dev/cu.usbserial-576B0005451,"RX,338160,R35,TXC,N31,67,276381,G,1,0.93,0.90,5,U,-72,9.75"
RX,338408,R35,TXA,N01,274,276627,C,1,0.81,0.78,5.0,F,-86.0,9.25,True,,2026-07-09T14:24:21.627+00:00,/dev/cu.usbserial-576B0005451,"RX,338408,R35,TXA,N01,274,276627,C,1,0.81,0.78,5,F,-86,9.25"
RX,338675,R35,TXB,N16,136,276893,A,0,0.75,0.72,5.0,U,-84.0,10.25,True,,2026-07-09T14:24:21.894+00:00,/dev/cu.usbserial-576B0005451,"RX,338675,R35,TXB,N16,136,276893,A,0,0.75,0.72,5,U,-84,10.25"
RX,339158,R35,TXE,N61,134,277382,E,1,0.87,0.84,5.0,U,-75.0,10.0,True,,2026-07-09T14:24:22.378+00:00,/dev/cu.usbserial-576B0005451,"RX,339158,R35,TXE,N61,134,277382,E,1,0.87,0.84,5,U,-75,10.00"
RX,339265,R35,TXI,N121,67,277481,G,1,0.93,0.9,5.0,U,-75.0,9.75,True,,2026-07-09T14:24:22.484+00:00,/dev/cu.usbserial-576B0005451,"RX,339265,R35,TXI,N121,67,277481,G,1,0.93,0.90,5,U,-75,9.75"
RX,339408,R35,TXA,N01,275,277627,D,0,0.24,0.22,5.0,F,-86.0,10.0,True,,2026-07-09T14:24:22.627+00:00,/dev/cu.usbserial-576B0005451,"RX,339408,R35,TXA,N01,275,277627,D,0,0.24,0.22,5,F,-86,10.00"
RX,339552,R35,TXK,N151,138,277763,E,1,0.87,0.84,5.0,U,-71.0,9.0,True,,2026-07-09T14:24:22.772+00:00,/dev/cu.usbserial-576B0005451,"RX,339552,R35,TXK,N151,138,277763,E,1,0.87,0.84,5,U,-71,9.00"
RX,340408,R35,TXA,N01,276,278627,E,1,0.87,0.84,5.0,F,-87.0,9.5,True,,2026-07-09T14:24:23.627+00:00,/dev/cu.usbserial-576B0005451,"RX,340408,R35,TXA,N01,276,278627,E,1,0.87,0.84,5,F,-87,9.50"
RX,340675,R35,TXB,N16,137,278893,C,1,0.81,0.78,5.0,U,-85.0,9.5,True,,2026-07-09T14:24:23.894+00:00,/dev/cu.usbserial-576B0005451,"RX,340675,R35,TXB,N16,137,278893,C,1,0.81,0.78,5,U,-85,9.50"
RX,341158,R35,TXE,N61,135,279382,G,1,0.93,0.9,5.0,U,-76.0,9.75,True,,2026-07-09T14:24:24.378+00:00,/dev/cu.usbserial-576B0005451,"RX,341158,R35,TXE,N61,135,279382,G,1,0.93,0.90,5,U,-76,9.75"
RX,341408,R35,TXA,N01,277,279627,F,1,0.28,0.26,5.0,F,-86.0,9.75,True,,2026-07-09T14:24:24.627+00:00,/dev/cu.usbserial-576B0005451,"RX,341408,R35,TXA,N01,277,279627,F,1,0.28,0.26,5,F,-86,9.75"
RX,341701,R35,TXL,N166,18,279917,G,0,0.93,0.9,5.0,U,-81.0,9.25,True,,2026-07-09T14:24:24.920+00:00,/dev/cu.usbserial-576B0005451,"RX,341701,R35,TXL,N166,18,279917,G,0,0.93,0.90,5,U,-81,9.25"
RX,341906,R35,TXF,N76,68,280131,E,1,0.87,0.84,5.0,U,-76.0,10.25,True,,2026-07-09T14:24:25.125+00:00,/dev/cu.usbserial-576B0005451,"RX,341906,R35,TXF,N76,68,280131,E,1,0.87,0.84,5,U,-76,10.25"
RX,342211,R35,TXD,N46,34,280431,G,0,0.93,0.9,5.0,U,-70.0,9.75,True,,2026-07-09T14:24:25.430+00:00,/dev/cu.usbserial-576B0005451,"RX,342211,R35,TXD,N46,34,280431,G,0,0.93,0.90,5,U,-70,9.75"
RX,342408,R35,TXA,N01,278,280627,G,0,0.93,0.9,5.0,F,-85.0,9.75,True,,2026-07-09T14:24:25.627+00:00,/dev/cu.usbserial-576B0005451,"RX,342408,R35,TXA,N01,278,280627,G,0,0.93,0.90,5,F,-85,9.75"
RX,342675,R35,TXB,N16,138,280893,E,1,0.87,0.84,5.0,U,-84.0,9.75,True,,2026-07-09T14:24:25.894+00:00,/dev/cu.usbserial-576B0005451,"RX,342675,R35,TXB,N16,138,280893,E,1,0.87,0.84,5,U,-84,9.75"
RX,342856,R35,TXG,N91,33,281080,G,1,0.93,0.9,5.0,U,-82.0,9.75,True,,2026-07-09T14:24:26.075+00:00,/dev/cu.usbserial-576B0005451,"RX,342856,R35,TXG,N91,33,281080,G,1,0.93,0.90,5,U,-82,9.75"
RX,343158,R35,TXE,N61,136,281382,A,0,0.75,0.72,5.0,U,-76.0,9.25,True,,2026-07-09T14:24:26.378+00:00,/dev/cu.usbserial-576B0005451,"RX,343158,R35,TXE,N61,136,281382,A,0,0.75,0.72,5,U,-76,9.25"
RX,343408,R35,TXA,N01,279,281627,H,1,0.32,0.3,5.0,F,-84.0,9.75,True,,2026-07-09T14:24:26.627+00:00,/dev/cu.usbserial-576B0005451,"RX,343408,R35,TXA,N01,279,281627,H,1,0.32,0.30,5,F,-84,9.75"
RX,343552,R35,TXK,N151,140,281763,A,1,0.75,0.72,5.0,U,-71.0,9.25,True,,2026-07-09T14:24:26.772+00:00,/dev/cu.usbserial-576B0005451,"RX,343552,R35,TXK,N151,140,281763,A,1,0.75,0.72,5,U,-71,9.25"
RX,343906,R35,TXF,N76,69,282131,G,0,0.93,0.9,5.0,U,-77.0,9.25,True,,2026-07-09T14:24:27.125+00:00,/dev/cu.usbserial-576B0005451,"RX,343906,R35,TXF,N76,69,282131,G,0,0.93,0.90,5,U,-77,9.25"
RX,344064,R35,TXJ,N136,33,282280,G,1,0.93,0.9,5.0,U,-78.0,10.25,True,,2026-07-09T14:24:27.283+00:00,/dev/cu.usbserial-576B0005451,"RX,344064,R35,TXJ,N136,33,282280,G,1,0.93,0.90,5,U,-78,10.25"
RX,344160,R35,TXC,N31,68,282381,E,1,0.87,0.84,5.0,U,-71.0,10.0,True,,2026-07-09T14:24:27.379+00:00,/dev/cu.usbserial-576B0005451,"RX,344160,R35,TXC,N31,68,282381,E,1,0.87,0.84,5,U,-71,10.00"
RX,344408,R35,TXA,N01,280,282627,A,1,0.75,0.72,5.0,F,-85.0,9.25,True,,2026-07-09T14:24:27.627+00:00,/dev/cu.usbserial-576B0005451,"RX,344408,R35,TXA,N01,280,282627,A,1,0.75,0.72,5,F,-85,9.25"
RX,344675,R35,TXB,N16,139,282893,G,0,0.93,0.9,5.0,U,-84.0,9.75,True,,2026-07-09T14:24:27.894+00:00,/dev/cu.usbserial-576B0005451,"RX,344675,R35,TXB,N16,139,282893,G,0,0.93,0.90,5,U,-84,9.75"
RX,345158,R35,TXE,N61,137,283382,C,1,0.81,0.78,5.0,U,-76.0,9.5,True,,2026-07-09T14:24:28.378+00:00,/dev/cu.usbserial-576B0005451,"RX,345158,R35,TXE,N61,137,283382,C,1,0.81,0.78,5,U,-76,9.50"
RX,345265,R35,TXI,N121,68,283481,E,1,0.87,0.84,5.0,U,-76.0,9.75,True,,2026-07-09T14:24:28.484+00:00,/dev/cu.usbserial-576B0005451,"RX,345265,R35,TXI,N121,68,283481,E,1,0.87,0.84,5,U,-76,9.75"
RX,345408,R35,TXA,N01,281,283627,B,0,0.2,0.18,5.0,F,-85.0,9.5,True,,2026-07-09T14:24:28.627+00:00,/dev/cu.usbserial-576B0005451,"RX,345408,R35,TXA,N01,281,283627,B,0,0.20,0.18,5,F,-85,9.50"
RX,345552,R35,TXK,N151,141,283763,C,1,0.81,0.78,5.0,U,-71.0,10.0,True,,2026-07-09T14:24:28.772+00:00,/dev/cu.usbserial-576B0005451,"RX,345552,R35,TXK,N151,141,283763,C,1,0.81,0.78,5,U,-71,10.00"
RX,346160,R35,TXC,N31,69,284381,G,0,0.93,0.9,5.0,U,-72.0,9.5,True,,2026-07-09T14:24:29.379+00:00,/dev/cu.usbserial-576B0005451,"RX,346160,R35,TXC,N31,69,284381,G,0,0.93,0.90,5,U,-72,9.50"
RX,346408,R35,TXA,N01,282,284627,C,1,0.81,0.78,5.0,F,-86.0,9.5,True,,2026-07-09T14:24:29.627+00:00,/dev/cu.usbserial-576B0005451,"RX,346408,R35,TXA,N01,282,284627,C,1,0.81,0.78,5,F,-86,9.50"
RX,346675,R35,TXB,N16,140,284893,A,1,0.75,0.72,5.0,U,-84.0,9.75,True,,2026-07-09T14:24:29.894+00:00,/dev/cu.usbserial-576B0005451,"RX,346675,R35,TXB,N16,140,284893,A,1,0.75,0.72,5,U,-84,9.75"
RX,347158,R35,TXE,N61,138,285382,E,1,0.87,0.84,5.0,U,-76.0,10.0,True,,2026-07-09T14:24:30.378+00:00,/dev/cu.usbserial-576B0005451,"RX,347158,R35,TXE,N61,138,285382,E,1,0.87,0.84,5,U,-76,10.00"
RX,347265,R35,TXI,N121,69,285481,G,0,0.93,0.9,5.0,U,-75.0,9.25,True,,2026-07-09T14:24:30.484+00:00,/dev/cu.usbserial-576B0005451,"RX,347265,R35,TXI,N121,69,285481,G,0,0.93,0.90,5,U,-75,9.25"
RX,347408,R35,TXA,N01,283,285627,D,1,0.24,0.22,5.0,F,-86.0,9.25,True,,2026-07-09T14:24:30.627+00:00,/dev/cu.usbserial-576B0005451,"RX,347408,R35,TXA,N01,283,285627,D,1,0.24,0.22,5,F,-86,9.25"
RX,347552,R35,TXK,N151,142,285763,E,0,0.87,0.84,5.0,U,-71.0,10.0,True,,2026-07-09T14:24:30.772+00:00,/dev/cu.usbserial-576B0005451,"RX,347552,R35,TXK,N151,142,285763,E,0,0.87,0.84,5,U,-71,10.00"
RX,348408,R35,TXA,N01,284,286627,E,0,0.87,0.84,5.0,F,-86.0,9.5,True,,2026-07-09T14:24:31.627+00:00,/dev/cu.usbserial-576B0005451,"RX,348408,R35,TXA,N01,284,286627,E,0,0.87,0.84,5,F,-86,9.50"
RX,348675,R35,TXB,N16,141,286893,C,1,0.81,0.78,5.0,U,-84.0,10.0,True,,2026-07-09T14:24:31.894+00:00,/dev/cu.usbserial-576B0005451,"RX,348675,R35,TXB,N16,141,286893,C,1,0.81,0.78,5,U,-84,10.00"
RX,349158,R35,TXE,N61,139,287382,G,0,0.93,0.9,5.0,U,-75.0,9.75,True,,2026-07-09T14:24:32.378+00:00,/dev/cu.usbserial-576B0005451,"RX,349158,R35,TXE,N61,139,287382,G,0,0.93,0.90,5,U,-75,9.75"
RX,349408,R35,TXA,N01,285,287627,F,1,0.28,0.26,5.0,F,-86.0,9.25,True,,2026-07-09T14:24:32.627+00:00,/dev/cu.usbserial-576B0005451,"RX,349408,R35,TXA,N01,285,287627,F,1,0.28,0.26,5,F,-86,9.25"
RX,349701,R35,TXL,N166,19,287917,G,1,0.93,0.9,5.0,U,-82.0,9.5,True,,2026-07-09T14:24:32.920+00:00,/dev/cu.usbserial-576B0005451,"RX,349701,R35,TXL,N166,19,287917,G,1,0.93,0.90,5,U,-82,9.50"
RX,349906,R35,TXF,N76,70,288131,E,0,0.87,0.84,5.0,U,-77.0,10.25,True,,2026-07-09T14:24:33.125+00:00,/dev/cu.usbserial-576B0005451,"RX,349906,R35,TXF,N76,70,288131,E,0,0.87,0.84,5,U,-77,10.25"
RX,350211,R35,TXD,N46,35,288431,G,1,0.93,0.9,5.0,U,-71.0,9.5,True,,2026-07-09T14:24:33.430+00:00,/dev/cu.usbserial-576B0005451,"RX,350211,R35,TXD,N46,35,288431,G,1,0.93,0.90,5,U,-71,9.50"
RX,350408,R35,TXA,N01,286,288627,G,1,0.93,0.9,5.0,F,-86.0,9.25,True,,2026-07-09T14:24:33.627+00:00,/dev/cu.usbserial-576B0005451,"RX,350408,R35,TXA,N01,286,288627,G,1,0.93,0.90,5,F,-86,9.25"
RX,350675,R35,TXB,N16,142,288893,E,0,0.87,0.84,5.0,U,-84.0,10.0,True,,2026-07-09T14:24:33.894+00:00,/dev/cu.usbserial-576B0005451,"RX,350675,R35,TXB,N16,142,288893,E,0,0.87,0.84,5,U,-84,10.00"
RX,350856,R35,TXG,N91,34,289080,G,0,0.93,0.9,5.0,U,-84.0,10.0,True,,2026-07-09T14:24:34.075+00:00,/dev/cu.usbserial-576B0005451,"RX,350856,R35,TXG,N91,34,289080,G,0,0.93,0.90,5,U,-84,10.00"
RX,351158,R35,TXE,N61,140,289382,A,1,0.75,0.72,5.0,U,-76.0,9.75,True,,2026-07-09T14:24:34.377+00:00,/dev/cu.usbserial-576B0005451,"RX,351158,R35,TXE,N61,140,289382,A,1,0.75,0.72,5,U,-76,9.75"
RX,351408,R35,TXA,N01,287,289627,H,0,0.32,0.3,5.0,F,-85.0,9.5,True,,2026-07-09T14:24:34.627+00:00,/dev/cu.usbserial-576B0005451,"RX,351408,R35,TXA,N01,287,289627,H,0,0.32,0.30,5,F,-85,9.50"
RX,351552,R35,TXK,N151,144,289763,A,1,0.75,0.72,5.0,U,-71.0,9.5,True,,2026-07-09T14:24:34.772+00:00,/dev/cu.usbserial-576B0005451,"RX,351552,R35,TXK,N151,144,289763,A,1,0.75,0.72,5,U,-71,9.50"
RX,351906,R35,TXF,N76,71,290131,G,1,0.93,0.9,5.0,U,-77.0,9.5,True,,2026-07-09T14:24:35.125+00:00,/dev/cu.usbserial-576B0005451,"RX,351906,R35,TXF,N76,71,290131,G,1,0.93,0.90,5,U,-77,9.50"
RX,352064,R35,TXJ,N136,34,290280,G,0,0.93,0.9,5.0,U,-79.0,10.0,True,,2026-07-09T14:24:35.284+00:00,/dev/cu.usbserial-576B0005451,"RX,352064,R35,TXJ,N136,34,290280,G,0,0.93,0.90,5,U,-79,10.00"
RX,352160,R35,TXC,N31,70,290381,E,0,0.87,0.84,5.0,U,-73.0,9.5,True,,2026-07-09T14:24:35.379+00:00,/dev/cu.usbserial-576B0005451,"RX,352160,R35,TXC,N31,70,290381,E,0,0.87,0.84,5,U,-73,9.50"
RX,352408,R35,TXA,N01,288,290627,A,1,0.75,0.72,5.0,F,-86.0,10.0,True,,2026-07-09T14:24:35.627+00:00,/dev/cu.usbserial-576B0005451,"RX,352408,R35,TXA,N01,288,290627,A,1,0.75,0.72,5,F,-86,10.00"
RX,352675,R35,TXB,N16,143,290893,G,1,0.93,0.9,5.0,U,-84.0,9.75,True,,2026-07-09T14:24:35.894+00:00,/dev/cu.usbserial-576B0005451,"RX,352675,R35,TXB,N16,143,290893,G,1,0.93,0.90,5,U,-84,9.75"
RX,353158,R35,TXE,N61,141,291382,C,1,0.81,0.78,5.0,U,-76.0,9.5,True,,2026-07-09T14:24:36.378+00:00,/dev/cu.usbserial-576B0005451,"RX,353158,R35,TXE,N61,141,291382,C,1,0.81,0.78,5,U,-76,9.50"
RX,353265,R35,TXI,N121,70,291481,E,0,0.87,0.84,5.0,U,-75.0,9.5,True,,2026-07-09T14:24:36.484+00:00,/dev/cu.usbserial-576B0005451,"RX,353265,R35,TXI,N121,70,291481,E,0,0.87,0.84,5,U,-75,9.50"
RX,353408,R35,TXA,N01,289,291627,B,1,0.2,0.18,5.0,F,-85.0,9.5,True,,2026-07-09T14:24:36.627+00:00,/dev/cu.usbserial-576B0005451,"RX,353408,R35,TXA,N01,289,291627,B,1,0.20,0.18,5,F,-85,9.50"
RX,353552,R35,TXK,N151,145,291763,C,0,0.81,0.78,5.0,U,-71.0,10.0,True,,2026-07-09T14:24:36.772+00:00,/dev/cu.usbserial-576B0005451,"RX,353552,R35,TXK,N151,145,291763,C,0,0.81,0.78,5,U,-71,10.00"
RX,354160,R35,TXC,N31,71,292381,G,1,0.93,0.9,5.0,U,-72.0,10.0,True,,2026-07-09T14:24:37.379+00:00,/dev/cu.usbserial-576B0005451,"RX,354160,R35,TXC,N31,71,292381,G,1,0.93,0.90,5,U,-72,10.00"
RX,354408,R35,TXA,N01,290,292627,C,0,0.81,0.78,5.0,F,-86.0,9.5,True,,2026-07-09T14:24:37.627+00:00,/dev/cu.usbserial-576B0005451,"RX,354408,R35,TXA,N01,290,292627,C,0,0.81,0.78,5,F,-86,9.50"
RX,354675,R35,TXB,N16,144,292893,A,1,0.75,0.72,5.0,U,-84.0,10.0,True,,2026-07-09T14:24:37.894+00:00,/dev/cu.usbserial-576B0005451,"RX,354675,R35,TXB,N16,144,292893,A,1,0.75,0.72,5,U,-84,10.00"
RX,355158,R35,TXE,N61,142,293382,E,0,0.87,0.84,5.0,U,-75.0,9.5,True,,2026-07-09T14:24:38.377+00:00,/dev/cu.usbserial-576B0005451,"RX,355158,R35,TXE,N61,142,293382,E,0,0.87,0.84,5,U,-75,9.50"
RX,355265,R35,TXI,N121,71,293481,G,1,0.93,0.9,5.0,U,-76.0,9.5,True,,2026-07-09T14:24:38.484+00:00,/dev/cu.usbserial-576B0005451,"RX,355265,R35,TXI,N121,71,293481,G,1,0.93,0.90,5,U,-76,9.50"
RX,355408,R35,TXA,N01,291,293627,D,1,0.24,0.22,5.0,F,-86.0,9.25,True,,2026-07-09T14:24:38.627+00:00,/dev/cu.usbserial-576B0005451,"RX,355408,R35,TXA,N01,291,293627,D,1,0.24,0.22,5,F,-86,9.25"
RX,355552,R35,TXK,N151,146,293763,E,1,0.87,0.84,5.0,U,-70.0,9.75,True,,2026-07-09T14:24:38.771+00:00,/dev/cu.usbserial-576B0005451,"RX,355552,R35,TXK,N151,146,293763,E,1,0.87,0.84,5,U,-70,9.75"
RX,356408,R35,TXA,N01,292,294627,E,1,0.87,0.84,5.0,F,-84.0,9.75,True,,2026-07-09T14:24:39.627+00:00,/dev/cu.usbserial-576B0005451,"RX,356408,R35,TXA,N01,292,294627,E,1,0.87,0.84,5,F,-84,9.75"
RX,356675,R35,TXB,N16,145,294893,C,0,0.81,0.78,5.0,U,-84.0,10.25,True,,2026-07-09T14:24:39.894+00:00,/dev/cu.usbserial-576B0005451,"RX,356675,R35,TXB,N16,145,294893,C,0,0.81,0.78,5,U,-84,10.25"
RX,357158,R35,TXE,N61,143,295382,G,1,0.93,0.9,5.0,U,-76.0,9.75,True,,2026-07-09T14:24:40.378+00:00,/dev/cu.usbserial-576B0005451,"RX,357158,R35,TXE,N61,143,295382,G,1,0.93,0.90,5,U,-76,9.75"
RX,357408,R35,TXA,N01,293,295627,F,0,0.28,0.26,5.0,F,-85.0,10.0,True,,2026-07-09T14:24:40.627+00:00,/dev/cu.usbserial-576B0005451,"RX,357408,R35,TXA,N01,293,295627,F,0,0.28,0.26,5,F,-85,10.00"
RX,357552,R35,TXK,N151,147,295763,G,1,0.93,0.9,5.0,U,-71.0,9.75,True,,2026-07-09T14:24:40.772+00:00,/dev/cu.usbserial-576B0005451,"RX,357552,R35,TXK,N151,147,295763,G,1,0.93,0.90,5,U,-71,9.75"
RX,357906,R35,TXF,N76,72,296131,E,1,0.87,0.84,5.0,U,-77.0,9.5,True,,2026-07-09T14:24:41.125+00:00,/dev/cu.usbserial-576B0005451,"RX,357906,R35,TXF,N76,72,296131,E,1,0.87,0.84,5,U,-77,9.50"
RX,358211,R35,TXD,N46,36,296431,G,1,0.93,0.9,5.0,U,-71.0,9.75,True,,2026-07-09T14:24:41.430+00:00,/dev/cu.usbserial-576B0005451,"RX,358211,R35,TXD,N46,36,296431,G,1,0.93,0.90,5,U,-71,9.75"
RX,358408,R35,TXA,N01,294,296627,G,1,0.93,0.9,5.0,F,-83.0,10.0,True,,2026-07-09T14:24:41.627+00:00,/dev/cu.usbserial-576B0005451,"RX,358408,R35,TXA,N01,294,296627,G,1,0.93,0.90,5,F,-83,10.00"
RX,358675,R35,TXB,N16,146,296893,E,1,0.87,0.84,5.0,U,-84.0,9.75,True,,2026-07-09T14:24:41.894+00:00,/dev/cu.usbserial-576B0005451,"RX,358675,R35,TXB,N16,146,296893,E,1,0.87,0.84,5,U,-84,9.75"
RX,358856,R35,TXG,N91,35,297080,G,1,0.93,0.9,5.0,U,-83.0,9.5,True,,2026-07-09T14:24:42.075+00:00,/dev/cu.usbserial-576B0005451,"RX,358856,R35,TXG,N91,35,297080,G,1,0.93,0.90,5,U,-83,9.50"
RX,359158,R35,TXE,N61,144,297382,A,1,0.75,0.72,5.0,U,-76.0,9.75,True,,2026-07-09T14:24:42.377+00:00,/dev/cu.usbserial-576B0005451,"RX,359158,R35,TXE,N61,144,297382,A,1,0.75,0.72,5,U,-76,9.75"
RX,359408,R35,TXA,N01,295,297627,H,1,0.32,0.3,5.0,F,-83.0,9.75,True,,2026-07-09T14:24:42.627+00:00,/dev/cu.usbserial-576B0005451,"RX,359408,R35,TXA,N01,295,297627,H,1,0.32,0.30,5,F,-83,9.75"
RX,359552,R35,TXK,N151,148,297763,A,0,0.75,0.72,5.0,U,-71.0,9.5,True,,2026-07-09T14:24:42.772+00:00,/dev/cu.usbserial-576B0005451,"RX,359552,R35,TXK,N151,148,297763,A,0,0.75,0.72,5,U,-71,9.50"
RX,359906,R35,TXF,N76,73,298131,G,1,0.93,0.9,5.0,U,-77.0,9.75,True,,2026-07-09T14:24:43.125+00:00,/dev/cu.usbserial-576B0005451,"RX,359906,R35,TXF,N76,73,298131,G,1,0.93,0.90,5,U,-77,9.75"
RX,360064,R35,TXJ,N136,35,298280,G,1,0.93,0.9,5.0,U,-79.0,9.25,True,,2026-07-09T14:24:43.283+00:00,/dev/cu.usbserial-576B0005451,"RX,360064,R35,TXJ,N136,35,298280,G,1,0.93,0.90,5,U,-79,9.25"
RX,360160,R35,TXC,N31,72,298381,E,1,0.87,0.84,5.0,U,-72.0,9.75,True,,2026-07-09T14:24:43.378+00:00,/dev/cu.usbserial-576B0005451,"RX,360160,R35,TXC,N31,72,298381,E,1,0.87,0.84,5,U,-72,9.75"
RX,360408,R35,TXA,N01,296,298627,A,0,0.75,0.72,5.0,F,-84.0,10.0,True,,2026-07-09T14:24:43.627+00:00,/dev/cu.usbserial-576B0005451,"RX,360408,R35,TXA,N01,296,298627,A,0,0.75,0.72,5,F,-84,10.00"
RX,360675,R35,TXB,N16,147,298893,G,1,0.93,0.9,5.0,U,-83.0,10.0,True,,2026-07-09T14:24:43.894+00:00,/dev/cu.usbserial-576B0005451,"RX,360675,R35,TXB,N16,147,298893,G,1,0.93,0.90,5,U,-83,10.00"
RX,361158,R35,TXE,N61,145,299382,C,0,0.81,0.78,5.0,U,-76.0,9.5,True,,2026-07-09T14:24:44.377+00:00,/dev/cu.usbserial-576B0005451,"RX,361158,R35,TXE,N61,145,299382,C,0,0.81,0.78,5,U,-76,9.50"
RX,361265,R35,TXI,N121,72,299481,E,1,0.87,0.84,5.0,U,-75.0,9.75,True,,2026-07-09T14:24:44.484+00:00,/dev/cu.usbserial-576B0005451,"RX,361265,R35,TXI,N121,72,299481,E,1,0.87,0.84,5,U,-75,9.75"
RX,361408,R35,TXA,N01,297,299627,B,1,0.2,0.18,5.0,F,-84.0,9.75,True,,2026-07-09T14:24:44.627+00:00,/dev/cu.usbserial-576B0005451,"RX,361408,R35,TXA,N01,297,299627,B,1,0.20,0.18,5,F,-84,9.75"
RX,361552,R35,TXK,N151,149,299763,C,1,0.81,0.78,5.0,U,-72.0,10.0,True,,2026-07-09T14:24:44.772+00:00,/dev/cu.usbserial-576B0005451,"RX,361552,R35,TXK,N151,149,299763,C,1,0.81,0.78,5,U,-72,10.00"
RX,362160,R35,TXC,N31,73,300381,G,1,0.93,0.9,5.0,U,-73.0,10.25,True,,2026-07-09T14:24:45.379+00:00,/dev/cu.usbserial-576B0005451,"RX,362160,R35,TXC,N31,73,300381,G,1,0.93,0.90,5,U,-73,10.25"
RX,362408,R35,TXA,N01,298,300627,C,1,0.81,0.78,5.0,F,-87.0,9.5,True,,2026-07-09T14:24:45.627+00:00,/dev/cu.usbserial-576B0005451,"RX,362408,R35,TXA,N01,298,300627,C,1,0.81,0.78,5,F,-87,9.50"
RX,362675,R35,TXB,N16,148,300893,A,0,0.75,0.72,5.0,U,-84.0,10.0,True,,2026-07-09T14:24:45.894+00:00,/dev/cu.usbserial-576B0005451,"RX,362675,R35,TXB,N16,148,300893,A,0,0.75,0.72,5,U,-84,10.00"
RX,363158,R35,TXE,N61,146,301382,E,1,0.87,0.84,5.0,U,-75.0,9.75,True,,2026-07-09T14:24:46.378+00:00,/dev/cu.usbserial-576B0005451,"RX,363158,R35,TXE,N61,146,301382,E,1,0.87,0.84,5,U,-75,9.75"
RX,363265,R35,TXI,N121,73,301481,G,1,0.93,0.9,5.0,U,-75.0,9.75,True,,2026-07-09T14:24:46.484+00:00,/dev/cu.usbserial-576B0005451,"RX,363265,R35,TXI,N121,73,301481,G,1,0.93,0.90,5,U,-75,9.75"
RX,363408,R35,TXA,N01,299,301627,D,0,0.24,0.22,5.0,F,-85.0,10.0,True,,2026-07-09T14:24:46.627+00:00,/dev/cu.usbserial-576B0005451,"RX,363408,R35,TXA,N01,299,301627,D,0,0.24,0.22,5,F,-85,10.00"
RX,363552,R35,TXK,N151,150,301763,E,1,0.87,0.84,5.0,U,-71.0,9.75,True,,2026-07-09T14:24:46.771+00:00,/dev/cu.usbserial-576B0005451,"RX,363552,R35,TXK,N151,150,301763,E,1,0.87,0.84,5,U,-71,9.75"
RX,364408,R35,TXA,N01,300,302627,E,1,0.87,0.84,5.0,F,-86.0,9.5,True,,2026-07-09T14:24:47.627+00:00,/dev/cu.usbserial-576B0005451,"RX,364408,R35,TXA,N01,300,302627,E,1,0.87,0.84,5,F,-86,9.50"
RX,364675,R35,TXB,N16,149,302893,C,1,0.81,0.78,5.0,U,-84.0,10.0,True,,2026-07-09T14:24:47.894+00:00,/dev/cu.usbserial-576B0005451,"RX,364675,R35,TXB,N16,149,302893,C,1,0.81,0.78,5,U,-84,10.00"
RX,365158,R35,TXE,N61,147,303382,G,1,0.93,0.9,5.0,U,-76.0,10.25,True,,2026-07-09T14:24:48.377+00:00,/dev/cu.usbserial-576B0005451,"RX,365158,R35,TXE,N61,147,303382,G,1,0.93,0.90,5,U,-76,10.25"
RX,365552,R35,TXK,N151,151,303763,G,0,0.93,0.9,5.0,U,-70.0,10.0,True,,2026-07-09T14:24:48.771+00:00,/dev/cu.usbserial-576B0005451,"RX,365552,R35,TXK,N151,151,303763,G,0,0.93,0.90,5,U,-70,10.00"
RX,365906,R35,TXF,N76,74,304131,E,1,0.87,0.84,5.0,U,-77.0,9.5,True,,2026-07-09T14:24:49.125+00:00,/dev/cu.usbserial-576B0005451,"RX,365906,R35,TXF,N76,74,304131,E,1,0.87,0.84,5,U,-77,9.50"
RX,366211,R35,TXD,N46,37,304431,G,0,0.93,0.9,5.0,U,-70.0,9.5,True,,2026-07-09T14:24:49.430+00:00,/dev/cu.usbserial-576B0005451,"RX,366211,R35,TXD,N46,37,304431,G,0,0.93,0.90,5,U,-70,9.50"
RX,366408,R35,TXA,N01,302,304627,G,0,0.93,0.9,5.0,F,-85.0,9.75,True,,2026-07-09T14:24:49.627+00:00,/dev/cu.usbserial-576B0005451,"RX,366408,R35,TXA,N01,302,304627,G,0,0.93,0.90,5,F,-85,9.75"
RX,366675,R35,TXB,N16,150,304893,E,1,0.87,0.84,5.0,U,-84.0,10.0,True,,2026-07-09T14:24:49.894+00:00,/dev/cu.usbserial-576B0005451,"RX,366675,R35,TXB,N16,150,304893,E,1,0.87,0.84,5,U,-84,10.00"
RX,366856,R35,TXG,N91,36,305080,G,1,0.93,0.9,5.0,U,-84.0,9.5,True,,2026-07-09T14:24:50.074+00:00,/dev/cu.usbserial-576B0005451,"RX,366856,R35,TXG,N91,36,305080,G,1,0.93,0.90,5,U,-84,9.50"
RX,367158,R35,TXE,N61,148,305382,A,0,0.75,0.72,5.0,U,-76.0,9.5,True,,2026-07-09T14:24:50.377+00:00,/dev/cu.usbserial-576B0005451,"RX,367158,R35,TXE,N61,148,305382,A,0,0.75,0.72,5,U,-76,9.50"
RX,367408,R35,TXA,N01,303,305627,H,1,0.32,0.3,5.0,F,-86.0,9.25,True,,2026-07-09T14:24:50.627+00:00,/dev/cu.usbserial-576B0005451,"RX,367408,R35,TXA,N01,303,305627,H,1,0.32,0.30,5,F,-86,9.25"
RX,367552,R35,TXK,N151,152,305763,A,1,0.75,0.72,5.0,U,-70.0,9.75,True,,2026-07-09T14:24:50.771+00:00,/dev/cu.usbserial-576B0005451,"RX,367552,R35,TXK,N151,152,305763,A,1,0.75,0.72,5,U,-70,9.75"
RX,367906,R35,TXF,N76,75,306131,G,0,0.93,0.9,5.0,U,-77.0,9.75,True,,2026-07-09T14:24:51.125+00:00,/dev/cu.usbserial-576B0005451,"RX,367906,R35,TXF,N76,75,306131,G,0,0.93,0.90,5,U,-77,9.75"
RX,368064,R35,TXJ,N136,36,306280,G,1,0.93,0.9,5.0,U,-79.0,9.25,True,,2026-07-09T14:24:51.283+00:00,/dev/cu.usbserial-576B0005451,"RX,368064,R35,TXJ,N136,36,306280,G,1,0.93,0.90,5,U,-79,9.25"
RX,368160,R35,TXC,N31,74,306381,E,1,0.87,0.84,5.0,U,-72.0,9.75,True,,2026-07-09T14:24:51.378+00:00,/dev/cu.usbserial-576B0005451,"RX,368160,R35,TXC,N31,74,306381,E,1,0.87,0.84,5,U,-72,9.75"
RX,368408,R35,TXA,N01,304,306627,A,1,0.75,0.72,5.0,F,-85.0,10.0,True,,2026-07-09T14:24:51.627+00:00,/dev/cu.usbserial-576B0005451,"RX,368408,R35,TXA,N01,304,306627,A,1,0.75,0.72,5,F,-85,10.00"
RX,368675,R35,TXB,N16,151,306893,G,0,0.93,0.9,5.0,U,-84.0,10.0,True,,2026-07-09T14:24:51.894+00:00,/dev/cu.usbserial-576B0005451,"RX,368675,R35,TXB,N16,151,306893,G,0,0.93,0.90,5,U,-84,10.00"
RX,369158,R35,TXE,N61,149,307382,C,1,0.81,0.78,5.0,U,-76.0,9.75,True,,2026-07-09T14:24:52.377+00:00,/dev/cu.usbserial-576B0005451,"RX,369158,R35,TXE,N61,149,307382,C,1,0.81,0.78,5,U,-76,9.75"
RX,369265,R35,TXI,N121,74,307481,E,1,0.87,0.84,5.0,U,-75.0,9.75,True,,2026-07-09T14:24:52.483+00:00,/dev/cu.usbserial-576B0005451,"RX,369265,R35,TXI,N121,74,307481,E,1,0.87,0.84,5,U,-75,9.75"
RX,369408,R35,TXA,N01,305,307627,B,0,0.2,0.18,5.0,F,-85.0,9.75,True,,2026-07-09T14:24:52.627+00:00,/dev/cu.usbserial-576B0005451,"RX,369408,R35,TXA,N01,305,307627,B,0,0.20,0.18,5,F,-85,9.75"
RX,369552,R35,TXK,N151,153,307763,C,1,0.81,0.78,5.0,U,-71.0,10.0,True,,2026-07-09T14:24:52.771+00:00,/dev/cu.usbserial-576B0005451,"RX,369552,R35,TXK,N151,153,307763,C,1,0.81,0.78,5,U,-71,10.00"
RX,370159,R35,TXC,N31,75,308381,G,0,0.93,0.9,5.0,U,-73.0,9.5,True,,2026-07-09T14:24:53.379+00:00,/dev/cu.usbserial-576B0005451,"RX,370159,R35,TXC,N31,75,308381,G,0,0.93,0.90,5,U,-73,9.50"
RX,370408,R35,TXA,N01,306,308627,C,1,0.81,0.78,5.0,F,-85.0,9.75,True,,2026-07-09T14:24:53.627+00:00,/dev/cu.usbserial-576B0005451,"RX,370408,R35,TXA,N01,306,308627,C,1,0.81,0.78,5,F,-85,9.75"
RX,370675,R35,TXB,N16,152,308893,A,1,0.75,0.72,5.0,U,-84.0,10.0,True,,2026-07-09T14:24:53.894+00:00,/dev/cu.usbserial-576B0005451,"RX,370675,R35,TXB,N16,152,308893,A,1,0.75,0.72,5,U,-84,10.00"
RX,371158,R35,TXE,N61,150,309382,E,1,0.87,0.84,5.0,U,-75.0,9.75,True,,2026-07-09T14:24:54.377+00:00,/dev/cu.usbserial-576B0005451,"RX,371158,R35,TXE,N61,150,309382,E,1,0.87,0.84,5,U,-75,9.75"
RX,371265,R35,TXI,N121,75,309481,G,0,0.93,0.9,5.0,U,-75.0,9.5,True,,2026-07-09T14:24:54.484+00:00,/dev/cu.usbserial-576B0005451,"RX,371265,R35,TXI,N121,75,309481,G,0,0.93,0.90,5,U,-75,9.50"
RX,371408,R35,TXA,N01,307,309627,D,1,0.24,0.22,5.0,F,-85.0,9.75,True,,2026-07-09T14:24:54.627+00:00,/dev/cu.usbserial-576B0005451,"RX,371408,R35,TXA,N01,307,309627,D,1,0.24,0.22,5,F,-85,9.75"
RX,371552,R35,TXK,N151,154,309763,E,0,0.87,0.84,5.0,U,-70.0,9.75,True,,2026-07-09T14:24:54.771+00:00,/dev/cu.usbserial-576B0005451,"RX,371552,R35,TXK,N151,154,309763,E,0,0.87,0.84,5,U,-70,9.75"
RX,372408,R35,TXA,N01,308,310627,E,0,0.87,0.84,5.0,F,-87.0,9.5,True,,2026-07-09T14:24:55.627+00:00,/dev/cu.usbserial-576B0005451,"RX,372408,R35,TXA,N01,308,310627,E,0,0.87,0.84,5,F,-87,9.50"
RX,372675,R35,TXB,N16,153,310893,C,1,0.81,0.78,5.0,U,-84.0,9.75,True,,2026-07-09T14:24:55.896+00:00,/dev/cu.usbserial-576B0005451,"RX,372675,R35,TXB,N16,153,310893,C,1,0.81,0.78,5,U,-84,9.75"
RX,373158,R35,TXE,N61,151,311382,G,0,0.93,0.9,5.0,U,-76.0,9.75,True,,2026-07-09T14:24:56.377+00:00,/dev/cu.usbserial-576B0005451,"RX,373158,R35,TXE,N61,151,311382,G,0,0.93,0.90,5,U,-76,9.75"
RX,373408,R35,TXA,N01,309,311627,F,1,0.28,0.26,5.0,F,-84.0,10.0,True,,2026-07-09T14:24:56.627+00:00,/dev/cu.usbserial-576B0005451,"RX,373408,R35,TXA,N01,309,311627,F,1,0.28,0.26,5,F,-84,10.00"
RX,373552,R35,TXK,N151,155,311763,G,1,0.93,0.9,5.0,U,-70.0,9.5,True,,2026-07-09T14:24:56.771+00:00,/dev/cu.usbserial-576B0005451,"RX,373552,R35,TXK,N151,155,311763,G,1,0.93,0.90,5,U,-70,9.50"
RX,373906,R35,TXF,N76,76,312131,E,0,0.87,0.84,5.0,U,-77.0,9.25,True,,2026-07-09T14:24:57.125+00:00,/dev/cu.usbserial-576B0005451,"RX,373906,R35,TXF,N76,76,312131,E,0,0.87,0.84,5,U,-77,9.25"
RX,374211,R35,TXD,N46,38,312431,G,1,0.93,0.9,5.0,U,-71.0,9.5,True,,2026-07-09T14:24:57.429+00:00,/dev/cu.usbserial-576B0005451,"RX,374211,R35,TXD,N46,38,312431,G,1,0.93,0.90,5,U,-71,9.50"
RX,374408,R35,TXA,N01,310,312627,G,1,0.93,0.9,5.0,F,-83.0,10.0,True,,2026-07-09T14:24:57.627+00:00,/dev/cu.usbserial-576B0005451,"RX,374408,R35,TXA,N01,310,312627,G,1,0.93,0.90,5,F,-83,10.00"
RX,374675,R35,TXB,N16,154,312893,E,0,0.87,0.84,5.0,U,-85.0,9.5,True,,2026-07-09T14:24:57.894+00:00,/dev/cu.usbserial-576B0005451,"RX,374675,R35,TXB,N16,154,312893,E,0,0.87,0.84,5,U,-85,9.50"
RX,374856,R35,TXG,N91,37,313080,G,0,0.93,0.9,5.0,U,-81.0,9.75,True,,2026-07-09T14:24:58.075+00:00,/dev/cu.usbserial-576B0005451,"RX,374856,R35,TXG,N91,37,313080,G,0,0.93,0.90,5,U,-81,9.75"
RX,375158,R35,TXE,N61,152,313382,A,1,0.75,0.72,5.0,U,-75.0,9.5,True,,2026-07-09T14:24:58.377+00:00,/dev/cu.usbserial-576B0005451,"RX,375158,R35,TXE,N61,152,313382,A,1,0.75,0.72,5,U,-75,9.50"
RX,375408,R35,TXA,N01,311,313627,H,0,0.32,0.3,5.0,F,-83.0,9.75,True,,2026-07-09T14:24:58.627+00:00,/dev/cu.usbserial-576B0005451,"RX,375408,R35,TXA,N01,311,313627,H,0,0.32,0.30,5,F,-83,9.75"
RX,375552,R35,TXK,N151,156,313763,A,1,0.75,0.72,5.0,U,-72.0,10.25,True,,2026-07-09T14:24:58.771+00:00,/dev/cu.usbserial-576B0005451,"RX,375552,R35,TXK,N151,156,313763,A,1,0.75,0.72,5,U,-72,10.25"
RX,375906,R35,TXF,N76,77,314131,G,1,0.93,0.9,5.0,U,-77.0,9.25,True,,2026-07-09T14:24:59.125+00:00,/dev/cu.usbserial-576B0005451,"RX,375906,R35,TXF,N76,77,314131,G,1,0.93,0.90,5,U,-77,9.25"
RX,376064,R35,TXJ,N136,37,314280,G,0,0.93,0.9,5.0,U,-78.0,9.25,True,,2026-07-09T14:24:59.283+00:00,/dev/cu.usbserial-576B0005451,"RX,376064,R35,TXJ,N136,37,314280,G,0,0.93,0.90,5,U,-78,9.25"
RX,376159,R35,TXC,N31,76,314381,E,0,0.87,0.84,5.0,U,-72.0,9.5,True,,2026-07-09T14:24:59.378+00:00,/dev/cu.usbserial-576B0005451,"RX,376159,R35,TXC,N31,76,314381,E,0,0.87,0.84,5,U,-72,9.50"
RX,376408,R35,TXA,N01,312,314627,A,1,0.75,0.72,5.0,F,-85.0,9.5,True,,2026-07-09T14:24:59.627+00:00,/dev/cu.usbserial-576B0005451,"RX,376408,R35,TXA,N01,312,314627,A,1,0.75,0.72,5,F,-85,9.50"
RX,376675,R35,TXB,N16,155,314893,G,1,0.93,0.9,5.0,U,-84.0,10.25,True,,2026-07-09T14:24:59.894+00:00,/dev/cu.usbserial-576B0005451,"RX,376675,R35,TXB,N16,155,314893,G,1,0.93,0.90,5,U,-84,10.25"
RX,377158,R35,TXE,N61,153,315382,C,1,0.81,0.78,5.0,U,-76.0,9.75,True,,2026-07-09T14:25:00.377+00:00,/dev/cu.usbserial-576B0005451,"RX,377158,R35,TXE,N61,153,315382,C,1,0.81,0.78,5,U,-76,9.75"
RX,377265,R35,TXI,N121,76,315481,E,0,0.87,0.84,5.0,U,-76.0,9.5,True,,2026-07-09T14:25:00.484+00:00,/dev/cu.usbserial-576B0005451,"RX,377265,R35,TXI,N121,76,315481,E,0,0.87,0.84,5,U,-76,9.50"
RX,377408,R35,TXA,N01,313,315627,B,1,0.2,0.18,5.0,F,-86.0,9.5,True,,2026-07-09T14:25:00.627+00:00,/dev/cu.usbserial-576B0005451,"RX,377408,R35,TXA,N01,313,315627,B,1,0.20,0.18,5,F,-86,9.50"
RX,377552,R35,TXK,N151,157,315763,C,0,0.81,0.78,5.0,U,-71.0,9.75,True,,2026-07-09T14:25:00.771+00:00,/dev/cu.usbserial-576B0005451,"RX,377552,R35,TXK,N151,157,315763,C,0,0.81,0.78,5,U,-71,9.75"
RX,378159,R35,TXC,N31,77,316381,G,1,0.93,0.9,5.0,U,-72.0,9.75,True,,2026-07-09T14:25:01.379+00:00,/dev/cu.usbserial-576B0005451,"RX,378159,R35,TXC,N31,77,316381,G,1,0.93,0.90,5,U,-72,9.75"
RX,378408,R35,TXA,N01,314,316627,C,0,0.81,0.78,5.0,F,-87.0,9.75,True,,2026-07-09T14:25:01.627+00:00,/dev/cu.usbserial-576B0005451,"RX,378408,R35,TXA,N01,314,316627,C,0,0.81,0.78,5,F,-87,9.75"
RX,378675,R35,TXB,N16,156,316893,A,1,0.75,0.72,5.0,U,-84.0,9.25,True,,2026-07-09T14:25:01.894+00:00,/dev/cu.usbserial-576B0005451,"RX,378675,R35,TXB,N16,156,316893,A,1,0.75,0.72,5,U,-84,9.25"
RX,379158,R35,TXE,N61,154,317382,E,0,0.87,0.84,5.0,U,-75.0,9.75,True,,2026-07-09T14:25:02.377+00:00,/dev/cu.usbserial-576B0005451,"RX,379158,R35,TXE,N61,154,317382,E,0,0.87,0.84,5,U,-75,9.75"
RX,379265,R35,TXI,N121,77,317481,G,1,0.93,0.9,5.0,U,-76.0,9.25,True,,2026-07-09T14:25:02.484+00:00,/dev/cu.usbserial-576B0005451,"RX,379265,R35,TXI,N121,77,317481,G,1,0.93,0.90,5,U,-76,9.25"
RX,379408,R35,TXA,N01,315,317627,D,1,0.24,0.22,5.0,F,-87.0,10.0,True,,2026-07-09T14:25:02.627+00:00,/dev/cu.usbserial-576B0005451,"RX,379408,R35,TXA,N01,315,317627,D,1,0.24,0.22,5,F,-87,10.00"
RX,379552,R35,TXK,N151,158,317763,E,1,0.87,0.84,5.0,U,-71.0,9.75,True,,2026-07-09T14:25:02.771+00:00,/dev/cu.usbserial-576B0005451,"RX,379552,R35,TXK,N151,158,317763,E,1,0.87,0.84,5,U,-71,9.75"
RX,380408,R35,TXA,N01,316,318627,E,1,0.87,0.84,5.0,F,-87.0,9.75,True,,2026-07-09T14:25:03.627+00:00,/dev/cu.usbserial-576B0005451,"RX,380408,R35,TXA,N01,316,318627,E,1,0.87,0.84,5,F,-87,9.75"
RX,380675,R35,TXB,N16,157,318893,C,0,0.81,0.78,5.0,U,-84.0,9.5,True,,2026-07-09T14:25:03.894+00:00,/dev/cu.usbserial-576B0005451,"RX,380675,R35,TXB,N16,157,318893,C,0,0.81,0.78,5,U,-84,9.50"
RX,381158,R35,TXE,N61,155,319382,G,1,0.93,0.9,5.0,U,-76.0,9.5,True,,2026-07-09T14:25:04.377+00:00,/dev/cu.usbserial-576B0005451,"RX,381158,R35,TXE,N61,155,319382,G,1,0.93,0.90,5,U,-76,9.50"
RX,381408,R35,TXA,N01,317,319627,F,0,0.28,0.26,5.0,F,-87.0,9.5,True,,2026-07-09T14:25:04.627+00:00,/dev/cu.usbserial-576B0005451,"RX,381408,R35,TXA,N01,317,319627,F,0,0.28,0.26,5,F,-87,9.50"
RX,381552,R35,TXK,N151,159,319763,G,1,0.93,0.9,5.0,U,-72.0,10.25,True,,2026-07-09T14:25:04.771+00:00,/dev/cu.usbserial-576B0005451,"RX,381552,R35,TXK,N151,159,319763,G,1,0.93,0.90,5,U,-72,10.25"
RX,381906,R35,TXF,N76,78,320131,E,1,0.87,0.84,5.0,U,-78.0,9.5,True,,2026-07-09T14:25:05.125+00:00,/dev/cu.usbserial-576B0005451,"RX,381906,R35,TXF,N76,78,320131,E,1,0.87,0.84,5,U,-78,9.50"
RX,382211,R35,TXD,N46,39,320431,G,1,0.93,0.9,5.0,U,-70.0,10.0,True,,2026-07-09T14:25:05.429+00:00,/dev/cu.usbserial-576B0005451,"RX,382211,R35,TXD,N46,39,320431,G,1,0.93,0.90,5,U,-70,10.00"
RX,382408,R35,TXA,N01,318,320627,G,1,0.93,0.9,5.0,F,-86.0,9.75,True,,2026-07-09T14:25:05.627+00:00,/dev/cu.usbserial-576B0005451,"RX,382408,R35,TXA,N01,318,320627,G,1,0.93,0.90,5,F,-86,9.75"
RX,382675,R35,TXB,N16,158,320893,E,1,0.87,0.84,5.0,U,-84.0,10.0,True,,2026-07-09T14:25:05.894+00:00,/dev/cu.usbserial-576B0005451,"RX,382675,R35,TXB,N16,158,320893,E,1,0.87,0.84,5,U,-84,10.00"
RX,382856,R35,TXG,N91,38,321080,G,1,0.93,0.9,5.0,U,-83.0,9.75,True,,2026-07-09T14:25:06.074+00:00,/dev/cu.usbserial-576B0005451,"RX,382856,R35,TXG,N91,38,321080,G,1,0.93,0.90,5,U,-83,9.75"
RX,383158,R35,TXE,N61,156,321382,A,1,0.75,0.72,5.0,U,-75.0,9.75,True,,2026-07-09T14:25:06.377+00:00,/dev/cu.usbserial-576B0005451,"RX,383158,R35,TXE,N61,156,321382,A,1,0.75,0.72,5,U,-75,9.75"
RX,383408,R35,TXA,N01,319,321627,H,1,0.32,0.3,5.0,F,-87.0,9.75,True,,2026-07-09T14:25:06.627+00:00,/dev/cu.usbserial-576B0005451,"RX,383408,R35,TXA,N01,319,321627,H,1,0.32,0.30,5,F,-87,9.75"
RX,383552,R35,TXK,N151,160,321763,A,1,0.75,0.72,5.0,U,-71.0,9.5,True,,2026-07-09T14:25:06.771+00:00,/dev/cu.usbserial-576B0005451,"RX,383552,R35,TXK,N151,160,321763,A,1,0.75,0.72,5,U,-71,9.50"
RX,383906,R35,TXF,N76,79,322131,G,1,0.93,0.9,5.0,U,-78.0,9.75,True,,2026-07-09T14:25:07.124+00:00,/dev/cu.usbserial-576B0005451,"RX,383906,R35,TXF,N76,79,322131,G,1,0.93,0.90,5,U,-78,9.75"
RX,384064,R35,TXJ,N136,38,322280,G,1,0.93,0.9,5.0,U,-78.0,9.75,True,,2026-07-09T14:25:07.283+00:00,/dev/cu.usbserial-576B0005451,"RX,384064,R35,TXJ,N136,38,322280,G,1,0.93,0.90,5,U,-78,9.75"
RX,384159,R35,TXC,N31,78,322381,E,1,0.87,0.84,5.0,U,-73.0,9.75,True,,2026-07-09T14:25:07.378+00:00,/dev/cu.usbserial-576B0005451,"RX,384159,R35,TXC,N31,78,322381,E,1,0.87,0.84,5,U,-73,9.75"
RX,384408,R35,TXA,N01,320,322627,A,1,0.75,0.72,5.0,F,-87.0,12.0,True,,2026-07-09T14:25:07.627+00:00,/dev/cu.usbserial-576B0005451,"RX,384408,R35,TXA,N01,320,322627,A,1,0.75,0.72,5,F,-87,12.00"
RX,384675,R35,TXB,N16,159,322893,G,1,0.93,0.9,5.0,U,-85.0,10.25,True,,2026-07-09T14:25:07.894+00:00,/dev/cu.usbserial-576B0005451,"RX,384675,R35,TXB,N16,159,322893,G,1,0.93,0.90,5,U,-85,10.25"
RX,385158,R35,TXE,N61,157,323382,C,0,0.81,0.78,5.0,U,-75.0,9.5,True,,2026-07-09T14:25:08.377+00:00,/dev/cu.usbserial-576B0005451,"RX,385158,R35,TXE,N61,157,323382,C,0,0.81,0.78,5,U,-75,9.50"
RX,385265,R35,TXI,N121,78,323481,E,1,0.87,0.84,5.0,U,-76.0,9.75,True,,2026-07-09T14:25:08.484+00:00,/dev/cu.usbserial-576B0005451,"RX,385265,R35,TXI,N121,78,323481,E,1,0.87,0.84,5,U,-76,9.75"
RX,385408,R35,TXA,N01,321,323627,B,0,0.2,0.18,5.0,F,-86.0,9.75,True,,2026-07-09T14:25:08.627+00:00,/dev/cu.usbserial-576B0005451,"RX,385408,R35,TXA,N01,321,323627,B,0,0.20,0.18,5,F,-86,9.75"
RX,385552,R35,TXK,N151,161,323763,C,1,0.81,0.78,5.0,U,-71.0,9.75,True,,2026-07-09T14:25:08.771+00:00,/dev/cu.usbserial-576B0005451,"RX,385552,R35,TXK,N151,161,323763,C,1,0.81,0.78,5,U,-71,9.75"
RX,386159,R35,TXC,N31,79,324381,G,1,0.93,0.9,5.0,U,-73.0,10.0,True,,2026-07-09T14:25:09.378+00:00,/dev/cu.usbserial-576B0005451,"RX,386159,R35,TXC,N31,79,324381,G,1,0.93,0.90,5,U,-73,10.00"
RX,386408,R35,TXA,N01,322,324627,C,1,0.81,0.78,5.0,F,-87.0,9.75,True,,2026-07-09T14:25:09.627+00:00,/dev/cu.usbserial-576B0005451,"RX,386408,R35,TXA,N01,322,324627,C,1,0.81,0.78,5,F,-87,9.75"
RX,386675,R35,TXB,N16,160,324893,A,1,0.75,0.72,5.0,U,-84.0,10.25,True,,2026-07-09T14:25:09.894+00:00,/dev/cu.usbserial-576B0005451,"RX,386675,R35,TXB,N16,160,324893,A,1,0.75,0.72,5,U,-84,10.25"
RX,387158,R35,TXE,N61,158,325382,E,1,0.87,0.84,5.0,U,-76.0,10.0,True,,2026-07-09T14:25:10.377+00:00,/dev/cu.usbserial-576B0005451,"RX,387158,R35,TXE,N61,158,325382,E,1,0.87,0.84,5,U,-76,10.00"
RX,387265,R35,TXI,N121,79,325481,G,1,0.93,0.9,5.0,U,-76.0,9.75,True,,2026-07-09T14:25:10.484+00:00,/dev/cu.usbserial-576B0005451,"RX,387265,R35,TXI,N121,79,325481,G,1,0.93,0.90,5,U,-76,9.75"
RX,387408,R35,TXA,N01,323,325627,D,1,0.24,0.22,5.0,F,-87.0,9.25,True,,2026-07-09T14:25:10.627+00:00,/dev/cu.usbserial-576B0005451,"RX,387408,R35,TXA,N01,323,325627,D,1,0.24,0.22,5,F,-87,9.25"
RX,387552,R35,TXK,N151,162,325763,E,0,0.87,0.84,5.0,U,-71.0,9.5,True,,2026-07-09T14:25:10.771+00:00,/dev/cu.usbserial-576B0005451,"RX,387552,R35,TXK,N151,162,325763,E,0,0.87,0.84,5,U,-71,9.50"
RX,388408,R35,TXA,N01,324,326627,E,0,0.87,0.84,5.0,F,-87.0,9.5,True,,2026-07-09T14:25:11.627+00:00,/dev/cu.usbserial-576B0005451,"RX,388408,R35,TXA,N01,324,326627,E,0,0.87,0.84,5,F,-87,9.50"
RX,388675,R35,TXB,N16,161,326893,C,1,0.81,0.78,5.0,U,-85.0,9.75,True,,2026-07-09T14:25:11.894+00:00,/dev/cu.usbserial-576B0005451,"RX,388675,R35,TXB,N16,161,326893,C,1,0.81,0.78,5,U,-85,9.75"
RX,389158,R35,TXE,N61,159,327382,G,1,0.93,0.9,5.0,U,-75.0,9.25,True,,2026-07-09T14:25:12.377+00:00,/dev/cu.usbserial-576B0005451,"RX,389158,R35,TXE,N61,159,327382,G,1,0.93,0.90,5,U,-75,9.25"
RX,389408,R35,TXA,N01,325,327627,F,1,0.28,0.26,5.0,F,-87.0,9.75,True,,2026-07-09T14:25:12.627+00:00,/dev/cu.usbserial-576B0005451,"RX,389408,R35,TXA,N01,325,327627,F,1,0.28,0.26,5,F,-87,9.75"
RX,389700,R35,TXL,N166,20,327917,G,1,0.93,0.9,5.0,U,-82.0,9.5,True,,2026-07-09T14:25:12.919+00:00,/dev/cu.usbserial-576B0005451,"RX,389700,R35,TXL,N166,20,327917,G,1,0.93,0.90,5,U,-82,9.50"
RX,389906,R35,TXF,N76,80,328131,E,0,0.87,0.84,5.0,U,-77.0,9.75,True,,2026-07-09T14:25:13.125+00:00,/dev/cu.usbserial-576B0005451,"RX,389906,R35,TXF,N76,80,328131,E,0,0.87,0.84,5,U,-77,9.75"
RX,390211,R35,TXD,N46,40,328431,G,1,0.93,0.9,5.0,U,-71.0,9.5,True,,2026-07-09T14:25:13.429+00:00,/dev/cu.usbserial-576B0005451,"RX,390211,R35,TXD,N46,40,328431,G,1,0.93,0.90,5,U,-71,9.50"
RX,390408,R35,TXA,N01,326,328627,G,1,0.93,0.9,5.0,F,-86.0,9.75,True,,2026-07-09T14:25:13.627+00:00,/dev/cu.usbserial-576B0005451,"RX,390408,R35,TXA,N01,326,328627,G,1,0.93,0.90,5,F,-86,9.75"
RX,390675,R35,TXB,N16,162,328893,E,0,0.87,0.84,5.0,U,-85.0,9.5,True,,2026-07-09T14:25:13.894+00:00,/dev/cu.usbserial-576B0005451,"RX,390675,R35,TXB,N16,162,328893,E,0,0.87,0.84,5,U,-85,9.50"
RX,390856,R35,TXG,N91,39,329080,G,1,0.93,0.9,5.0,U,-82.0,9.75,True,,2026-07-09T14:25:14.074+00:00,/dev/cu.usbserial-576B0005451,"RX,390856,R35,TXG,N91,39,329080,G,1,0.93,0.90,5,U,-82,9.75"
RX,391158,R35,TXE,N61,160,329382,A,1,0.75,0.72,5.0,U,-76.0,9.5,True,,2026-07-09T14:25:14.376+00:00,/dev/cu.usbserial-576B0005451,"RX,391158,R35,TXE,N61,160,329382,A,1,0.75,0.72,5,U,-76,9.50"
RX,391408,R35,TXA,N01,327,329627,H,0,0.32,0.3,5.0,F,-86.0,10.25,True,,2026-07-09T14:25:14.627+00:00,/dev/cu.usbserial-576B0005451,"RX,391408,R35,TXA,N01,327,329627,H,0,0.32,0.30,5,F,-86,10.25"
RX,391552,R35,TXK,N151,164,329763,A,1,0.75,0.72,5.0,U,-72.0,10.0,True,,2026-07-09T14:25:14.771+00:00,/dev/cu.usbserial-576B0005451,"RX,391552,R35,TXK,N151,164,329763,A,1,0.75,0.72,5,U,-72,10.00"
RX,391906,R35,TXF,N76,81,330131,G,1,0.93,0.9,5.0,U,-78.0,9.5,True,,2026-07-09T14:25:15.125+00:00,/dev/cu.usbserial-576B0005451,"RX,391906,R35,TXF,N76,81,330131,G,1,0.93,0.90,5,U,-78,9.50"
RX,392064,R35,TXJ,N136,39,330280,G,1,0.93,0.9,5.0,U,-78.0,9.75,True,,2026-07-09T14:25:15.283+00:00,/dev/cu.usbserial-576B0005451,"RX,392064,R35,TXJ,N136,39,330280,G,1,0.93,0.90,5,U,-78,9.75"
RX,392159,R35,TXC,N31,80,330381,E,0,0.87,0.84,5.0,U,-73.0,9.75,True,,2026-07-09T14:25:15.378+00:00,/dev/cu.usbserial-576B0005451,"RX,392159,R35,TXC,N31,80,330381,E,0,0.87,0.84,5,U,-73,9.75"
RX,392408,R35,TXA,N01,328,330627,A,1,0.75,0.72,5.0,F,-87.0,10.0,True,,2026-07-09T14:25:15.627+00:00,/dev/cu.usbserial-576B0005451,"RX,392408,R35,TXA,N01,328,330627,A,1,0.75,0.72,5,F,-87,10.00"
RX,392675,R35,TXB,N16,163,330893,G,1,0.93,0.9,5.0,U,-84.0,9.0,True,,2026-07-09T14:25:15.893+00:00,/dev/cu.usbserial-576B0005451,"RX,392675,R35,TXB,N16,163,330893,G,1,0.93,0.90,5,U,-84,9.00"
RX,393158,R35,TXE,N61,161,331382,C,1,0.81,0.78,5.0,U,-75.0,10.0,True,,2026-07-09T14:25:16.377+00:00,/dev/cu.usbserial-576B0005451,"RX,393158,R35,TXE,N61,161,331382,C,1,0.81,0.78,5,U,-75,10.00"
RX,393265,R35,TXI,N121,80,331481,E,0,0.87,0.84,5.0,U,-75.0,9.5,True,,2026-07-09T14:25:16.483+00:00,/dev/cu.usbserial-576B0005451,"RX,393265,R35,TXI,N121,80,331481,E,0,0.87,0.84,5,U,-75,9.50"
RX,393408,R35,TXA,N01,329,331627,B,1,0.2,0.18,5.0,F,-86.0,9.5,True,,2026-07-09T14:25:16.626+00:00,/dev/cu.usbserial-576B0005451,"RX,393408,R35,TXA,N01,329,331627,B,1,0.20,0.18,5,F,-86,9.50"
RX,393552,R35,TXK,N151,165,331763,C,0,0.81,0.78,5.0,U,-71.0,9.75,True,,2026-07-09T14:25:16.771+00:00,/dev/cu.usbserial-576B0005451,"RX,393552,R35,TXK,N151,165,331763,C,0,0.81,0.78,5,U,-71,9.75"
RX,394159,R35,TXC,N31,81,332381,G,1,0.93,0.9,5.0,U,-72.0,12.25,True,,2026-07-09T14:25:17.378+00:00,/dev/cu.usbserial-576B0005451,"RX,394159,R35,TXC,N31,81,332381,G,1,0.93,0.90,5,U,-72,12.25"
RX,394408,R35,TXA,N01,330,332627,C,0,0.81,0.78,5.0,F,-86.0,9.5,True,,2026-07-09T14:25:17.627+00:00,/dev/cu.usbserial-576B0005451,"RX,394408,R35,TXA,N01,330,332627,C,0,0.81,0.78,5,F,-86,9.50"
RX,394675,R35,TXB,N16,164,332893,A,1,0.75,0.72,5.0,U,-84.0,10.25,True,,2026-07-09T14:25:17.894+00:00,/dev/cu.usbserial-576B0005451,"RX,394675,R35,TXB,N16,164,332893,A,1,0.75,0.72,5,U,-84,10.25"
RX,395158,R35,TXE,N61,162,333382,E,0,0.87,0.84,5.0,U,-76.0,9.5,True,,2026-07-09T14:25:18.377+00:00,/dev/cu.usbserial-576B0005451,"RX,395158,R35,TXE,N61,162,333382,E,0,0.87,0.84,5,U,-76,9.50"
RX,395265,R35,TXI,N121,81,333481,G,1,0.93,0.9,5.0,U,-76.0,9.75,True,,2026-07-09T14:25:18.483+00:00,/dev/cu.usbserial-576B0005451,"RX,395265,R35,TXI,N121,81,333481,G,1,0.93,0.90,5,U,-76,9.75"
RX,395408,R35,TXA,N01,331,333627,D,1,0.24,0.22,5.0,F,-86.0,9.5,True,,2026-07-09T14:25:18.626+00:00,/dev/cu.usbserial-576B0005451,"RX,395408,R35,TXA,N01,331,333627,D,1,0.24,0.22,5,F,-86,9.50"
RX,395552,R35,TXK,N151,166,333763,E,1,0.87,0.84,5.0,U,-70.0,10.5,True,,2026-07-09T14:25:18.771+00:00,/dev/cu.usbserial-576B0005451,"RX,395552,R35,TXK,N151,166,333763,E,1,0.87,0.84,5,U,-70,10.50"
RX,396408,R35,TXA,N01,332,334627,E,1,0.87,0.84,5.0,F,-86.0,9.75,True,,2026-07-09T14:25:19.627+00:00,/dev/cu.usbserial-576B0005451,"RX,396408,R35,TXA,N01,332,334627,E,1,0.87,0.84,5,F,-86,9.75"
RX,396675,R35,TXB,N16,165,334893,C,0,0.81,0.78,5.0,U,-84.0,9.5,True,,2026-07-09T14:25:19.894+00:00,/dev/cu.usbserial-576B0005451,"RX,396675,R35,TXB,N16,165,334893,C,0,0.81,0.78,5,U,-84,9.50"
RX,397158,R35,TXE,N61,163,335382,G,1,0.93,0.9,5.0,U,-75.0,9.5,True,,2026-07-09T14:25:20.377+00:00,/dev/cu.usbserial-576B0005451,"RX,397158,R35,TXE,N61,163,335382,G,1,0.93,0.90,5,U,-75,9.50"
RX,397408,R35,TXA,N01,333,335627,F,0,0.28,0.26,5.0,F,-87.0,9.25,True,,2026-07-09T14:25:20.627+00:00,/dev/cu.usbserial-576B0005451,"RX,397408,R35,TXA,N01,333,335627,F,0,0.28,0.26,5,F,-87,9.25"
RX,397700,R35,TXL,N166,21,335917,G,1,0.93,0.9,5.0,U,-82.0,9.5,True,,2026-07-09T14:25:20.919+00:00,/dev/cu.usbserial-576B0005451,"RX,397700,R35,TXL,N166,21,335917,G,1,0.93,0.90,5,U,-82,9.50"
RX,397906,R35,TXF,N76,82,336131,E,1,0.87,0.84,5.0,U,-78.0,9.75,True,,2026-07-09T14:25:21.124+00:00,/dev/cu.usbserial-576B0005451,"RX,397906,R35,TXF,N76,82,336131,E,1,0.87,0.84,5,U,-78,9.75"
RX,398211,R35,TXD,N46,41,336431,G,1,0.93,0.9,5.0,U,-70.0,9.25,True,,2026-07-09T14:25:21.429+00:00,/dev/cu.usbserial-576B0005451,"RX,398211,R35,TXD,N46,41,336431,G,1,0.93,0.90,5,U,-70,9.25"
RX,398408,R35,TXA,N01,334,336627,G,1,0.93,0.9,5.0,F,-86.0,10.25,True,,2026-07-09T14:25:21.627+00:00,/dev/cu.usbserial-576B0005451,"RX,398408,R35,TXA,N01,334,336627,G,1,0.93,0.90,5,F,-86,10.25"
RX,398675,R35,TXB,N16,166,336893,E,1,0.87,0.84,5.0,U,-84.0,9.75,True,,2026-07-09T14:25:21.894+00:00,/dev/cu.usbserial-576B0005451,"RX,398675,R35,TXB,N16,166,336893,E,1,0.87,0.84,5,U,-84,9.75"
RX,398856,R35,TXG,N91,40,337080,G,1,0.93,0.9,5.0,U,-82.0,9.75,True,,2026-07-09T14:25:22.074+00:00,/dev/cu.usbserial-576B0005451,"RX,398856,R35,TXG,N91,40,337080,G,1,0.93,0.90,5,U,-82,9.75"
RX,399158,R35,TXE,N61,164,337382,A,1,0.75,0.72,5.0,U,-76.0,9.5,True,,2026-07-09T14:25:22.377+00:00,/dev/cu.usbserial-576B0005451,"RX,399158,R35,TXE,N61,164,337382,A,1,0.75,0.72,5,U,-76,9.50"
RX,399408,R35,TXA,N01,335,337627,H,1,0.32,0.3,5.0,F,-87.0,9.75,True,,2026-07-09T14:25:22.627+00:00,/dev/cu.usbserial-576B0005451,"RX,399408,R35,TXA,N01,335,337627,H,1,0.32,0.30,5,F,-87,9.75"
RX,399552,R35,TXK,N151,168,337763,A,0,0.75,0.72,5.0,U,-71.0,10.25,True,,2026-07-09T14:25:22.771+00:00,/dev/cu.usbserial-576B0005451,"RX,399552,R35,TXK,N151,168,337763,A,0,0.75,0.72,5,U,-71,10.25"
RX,399906,R35,TXF,N76,83,338131,G,1,0.93,0.9,5.0,U,-78.0,9.25,True,,2026-07-09T14:25:23.124+00:00,/dev/cu.usbserial-576B0005451,"RX,399906,R35,TXF,N76,83,338131,G,1,0.93,0.90,5,U,-78,9.25"
RX,400064,R35,TXJ,N136,40,338280,G,1,0.93,0.9,5.0,U,-78.0,9.75,True,,2026-07-09T14:25:23.283+00:00,/dev/cu.usbserial-576B0005451,"RX,400064,R35,TXJ,N136,40,338280,G,1,0.93,0.90,5,U,-78,9.75"
RX,400159,R35,TXC,N31,82,338381,E,1,0.87,0.84,5.0,U,-72.0,9.5,True,,2026-07-09T14:25:23.378+00:00,/dev/cu.usbserial-576B0005451,"RX,400159,R35,TXC,N31,82,338381,E,1,0.87,0.84,5,U,-72,9.50"
RX,400408,R35,TXA,N01,336,338627,A,0,0.75,0.72,5.0,F,-87.0,9.5,True,,2026-07-09T14:25:23.627+00:00,/dev/cu.usbserial-576B0005451,"RX,400408,R35,TXA,N01,336,338627,A,0,0.75,0.72,5,F,-87,9.50"
RX,400675,R35,TXB,N16,167,338893,G,1,0.93,0.9,5.0,U,-84.0,10.0,True,,2026-07-09T14:25:23.894+00:00,/dev/cu.usbserial-576B0005451,"RX,400675,R35,TXB,N16,167,338893,G,1,0.93,0.90,5,U,-84,10.00"
RX,401158,R35,TXE,N61,165,339382,C,0,0.81,0.78,5.0,U,-76.0,9.25,True,,2026-07-09T14:25:24.377+00:00,/dev/cu.usbserial-576B0005451,"RX,401158,R35,TXE,N61,165,339382,C,0,0.81,0.78,5,U,-76,9.25"
RX,401265,R35,TXI,N121,82,339481,E,1,0.87,0.84,5.0,U,-76.0,9.5,True,,2026-07-09T14:25:24.484+00:00,/dev/cu.usbserial-576B0005451,"RX,401265,R35,TXI,N121,82,339481,E,1,0.87,0.84,5,U,-76,9.50"
RX,401408,R35,TXA,N01,337,339627,B,1,0.2,0.18,5.0,F,-87.0,9.5,True,,2026-07-09T14:25:24.627+00:00,/dev/cu.usbserial-576B0005451,"RX,401408,R35,TXA,N01,337,339627,B,1,0.20,0.18,5,F,-87,9.50"
RX,401552,R35,TXK,N151,169,339763,C,1,0.81,0.78,5.0,U,-71.0,9.75,True,,2026-07-09T14:25:24.771+00:00,/dev/cu.usbserial-576B0005451,"RX,401552,R35,TXK,N151,169,339763,C,1,0.81,0.78,5,U,-71,9.75"
RX,402159,R35,TXC,N31,83,340381,G,1,0.93,0.9,5.0,U,-73.0,9.25,True,,2026-07-09T14:25:25.378+00:00,/dev/cu.usbserial-576B0005451,"RX,402159,R35,TXC,N31,83,340381,G,1,0.93,0.90,5,U,-73,9.25"
RX,402408,R35,TXA,N01,338,340627,C,1,0.81,0.78,5.0,F,-86.0,10.0,True,,2026-07-09T14:25:25.627+00:00,/dev/cu.usbserial-576B0005451,"RX,402408,R35,TXA,N01,338,340627,C,1,0.81,0.78,5,F,-86,10.00"
RX,402675,R35,TXB,N16,168,340893,A,0,0.75,0.72,5.0,U,-85.0,9.25,True,,2026-07-09T14:25:25.893+00:00,/dev/cu.usbserial-576B0005451,"RX,402675,R35,TXB,N16,168,340893,A,0,0.75,0.72,5,U,-85,9.25"
RX,403158,R35,TXE,N61,166,341382,E,1,0.87,0.84,5.0,U,-76.0,9.5,True,,2026-07-09T14:25:26.377+00:00,/dev/cu.usbserial-576B0005451,"RX,403158,R35,TXE,N61,166,341382,E,1,0.87,0.84,5,U,-76,9.50"
RX,403265,R35,TXI,N121,83,341481,G,1,0.93,0.9,5.0,U,-76.0,9.5,True,,2026-07-09T14:25:26.484+00:00,/dev/cu.usbserial-576B0005451,"RX,403265,R35,TXI,N121,83,341481,G,1,0.93,0.90,5,U,-76,9.50"
RX,403408,R35,TXA,N01,339,341627,D,0,0.24,0.22,5.0,F,-86.0,9.5,True,,2026-07-09T14:25:26.627+00:00,/dev/cu.usbserial-576B0005451,"RX,403408,R35,TXA,N01,339,341627,D,0,0.24,0.22,5,F,-86,9.50"
RX,403552,R35,TXK,N151,170,341763,E,1,0.87,0.84,5.0,U,-71.0,10.0,True,,2026-07-09T14:25:26.771+00:00,/dev/cu.usbserial-576B0005451,"RX,403552,R35,TXK,N151,170,341763,E,1,0.87,0.84,5,U,-71,10.00"
RX,404408,R35,TXA,N01,340,342627,E,1,0.87,0.84,5.0,F,-88.0,9.5,True,,2026-07-09T14:25:27.627+00:00,/dev/cu.usbserial-576B0005451,"RX,404408,R35,TXA,N01,340,342627,E,1,0.87,0.84,5,F,-88,9.50"
RX,404675,R35,TXB,N16,169,342893,C,1,0.81,0.78,5.0,U,-85.0,9.5,True,,2026-07-09T14:25:27.894+00:00,/dev/cu.usbserial-576B0005451,"RX,404675,R35,TXB,N16,169,342893,C,1,0.81,0.78,5,U,-85,9.50"
RX,405158,R35,TXE,N61,167,343382,G,1,0.93,0.9,5.0,U,-76.0,9.75,True,,2026-07-09T14:25:28.377+00:00,/dev/cu.usbserial-576B0005451,"RX,405158,R35,TXE,N61,167,343382,G,1,0.93,0.90,5,U,-76,9.75"
RX,405408,R35,TXA,N01,341,343627,F,1,0.28,0.26,5.0,F,-88.0,9.75,True,,2026-07-09T14:25:28.627+00:00,/dev/cu.usbserial-576B0005451,"RX,405408,R35,TXA,N01,341,343627,F,1,0.28,0.26,5,F,-88,9.75"
RX,405700,R35,TXL,N166,22,343917,G,0,0.93,0.9,5.0,U,-82.0,9.5,True,,2026-07-09T14:25:28.919+00:00,/dev/cu.usbserial-576B0005451,"RX,405700,R35,TXL,N166,22,343917,G,0,0.93,0.90,5,U,-82,9.50"
RX,405906,R35,TXF,N76,84,344131,E,1,0.87,0.84,5.0,U,-78.0,9.75,True,,2026-07-09T14:25:29.125+00:00,/dev/cu.usbserial-576B0005451,"RX,405906,R35,TXF,N76,84,344131,E,1,0.87,0.84,5,U,-78,9.75"
RX,406211,R35,TXD,N46,42,344431,G,0,0.93,0.9,5.0,U,-71.0,9.75,True,,2026-07-09T14:25:29.430+00:00,/dev/cu.usbserial-576B0005451,"RX,406211,R35,TXD,N46,42,344431,G,0,0.93,0.90,5,U,-71,9.75"
RX,406408,R35,TXA,N01,342,344627,G,0,0.93,0.9,5.0,F,-87.0,10.0,True,,2026-07-09T14:25:29.627+00:00,/dev/cu.usbserial-576B0005451,"RX,406408,R35,TXA,N01,342,344627,G,0,0.93,0.90,5,F,-87,10.00"
RX,406675,R35,TXB,N16,170,344893,E,1,0.87,0.84,5.0,U,-84.0,9.0,True,,2026-07-09T14:25:29.894+00:00,/dev/cu.usbserial-576B0005451,"RX,406675,R35,TXB,N16,170,344893,E,1,0.87,0.84,5,U,-84,9.00"
RX,406856,R35,TXG,N91,41,345080,G,1,0.93,0.9,5.0,U,-82.0,9.75,True,,2026-07-09T14:25:30.074+00:00,/dev/cu.usbserial-576B0005451,"RX,406856,R35,TXG,N91,41,345080,G,1,0.93,0.90,5,U,-82,9.75"
RX,407158,R35,TXE,N61,168,345382,A,0,0.75,0.72,5.0,U,-75.0,9.75,True,,2026-07-09T14:25:30.377+00:00,/dev/cu.usbserial-576B0005451,"RX,407158,R35,TXE,N61,168,345382,A,0,0.75,0.72,5,U,-75,9.75"
RX,407408,R35,TXA,N01,343,345627,H,1,0.32,0.3,5.0,F,-88.0,10.25,True,,2026-07-09T14:25:30.627+00:00,/dev/cu.usbserial-576B0005451,"RX,407408,R35,TXA,N01,343,345627,H,1,0.32,0.30,5,F,-88,10.25"
RX,407552,R35,TXK,N151,172,345763,A,1,0.75,0.72,5.0,U,-71.0,9.5,True,,2026-07-09T14:25:30.771+00:00,/dev/cu.usbserial-576B0005451,"RX,407552,R35,TXK,N151,172,345763,A,1,0.75,0.72,5,U,-71,9.50"
RX,407906,R35,TXF,N76,85,346131,G,0,0.93,0.9,5.0,U,-77.0,9.75,True,,2026-07-09T14:25:31.124+00:00,/dev/cu.usbserial-576B0005451,"RX,407906,R35,TXF,N76,85,346131,G,0,0.93,0.90,5,U,-77,9.75"
RX,408064,R35,TXJ,N136,41,346280,G,1,0.93,0.9,5.0,U,-79.0,9.5,True,,2026-07-09T14:25:31.283+00:00,/dev/cu.usbserial-576B0005451,"RX,408064,R35,TXJ,N136,41,346280,G,1,0.93,0.90,5,U,-79,9.50"
RX,408159,R35,TXC,N31,84,346381,E,1,0.87,0.84,5.0,U,-72.0,10.0,True,,2026-07-09T14:25:31.378+00:00,/dev/cu.usbserial-576B0005451,"RX,408159,R35,TXC,N31,84,346381,E,1,0.87,0.84,5,U,-72,10.00"
RX,408408,R35,TXA,N01,344,346627,A,1,0.75,0.72,5.0,F,-86.0,9.75,True,,2026-07-09T14:25:31.627+00:00,/dev/cu.usbserial-576B0005451,"RX,408408,R35,TXA,N01,344,346627,A,1,0.75,0.72,5,F,-86,9.75"
RX,408675,R35,TXB,N16,171,346893,G,0,0.93,0.9,5.0,U,-84.0,10.0,True,,2026-07-09T14:25:31.894+00:00,/dev/cu.usbserial-576B0005451,"RX,408675,R35,TXB,N16,171,346893,G,0,0.93,0.90,5,U,-84,10.00"
RX,409158,R35,TXE,N61,169,347382,C,1,0.81,0.78,5.0,U,-75.0,9.5,True,,2026-07-09T14:25:32.377+00:00,/dev/cu.usbserial-576B0005451,"RX,409158,R35,TXE,N61,169,347382,C,1,0.81,0.78,5,U,-75,9.50"
RX,409265,R35,TXI,N121,84,347481,E,1,0.87,0.84,5.0,U,-76.0,9.75,True,,2026-07-09T14:25:32.483+00:00,/dev/cu.usbserial-576B0005451,"RX,409265,R35,TXI,N121,84,347481,E,1,0.87,0.84,5,U,-76,9.75"
RX,409408,R35,TXA,N01,345,347627,B,0,0.2,0.18,5.0,F,-87.0,9.5,True,,2026-07-09T14:25:32.627+00:00,/dev/cu.usbserial-576B0005451,"RX,409408,R35,TXA,N01,345,347627,B,0,0.20,0.18,5,F,-87,9.50"
RX,409552,R35,TXK,N151,173,347763,C,1,0.81,0.78,5.0,U,-71.0,9.5,True,,2026-07-09T14:25:32.771+00:00,/dev/cu.usbserial-576B0005451,"RX,409552,R35,TXK,N151,173,347763,C,1,0.81,0.78,5,U,-71,9.50"
RX,410159,R35,TXC,N31,85,348381,G,0,0.93,0.9,5.0,U,-73.0,10.0,True,,2026-07-09T14:25:33.378+00:00,/dev/cu.usbserial-576B0005451,"RX,410159,R35,TXC,N31,85,348381,G,0,0.93,0.90,5,U,-73,10.00"
RX,410408,R35,TXA,N01,346,348627,C,1,0.81,0.78,5.0,F,-88.0,9.0,True,,2026-07-09T14:25:33.627+00:00,/dev/cu.usbserial-576B0005451,"RX,410408,R35,TXA,N01,346,348627,C,1,0.81,0.78,5,F,-88,9.00"
RX,410675,R35,TXB,N16,172,348893,A,1,0.75,0.72,5.0,U,-84.0,10.25,True,,2026-07-09T14:25:33.894+00:00,/dev/cu.usbserial-576B0005451,"RX,410675,R35,TXB,N16,172,348893,A,1,0.75,0.72,5,U,-84,10.25"
RX,411158,R35,TXE,N61,170,349382,E,1,0.87,0.84,5.0,U,-75.0,9.25,True,,2026-07-09T14:25:34.377+00:00,/dev/cu.usbserial-576B0005451,"RX,411158,R35,TXE,N61,170,349382,E,1,0.87,0.84,5,U,-75,9.25"
RX,411265,R35,TXI,N121,85,349481,G,0,0.93,0.9,5.0,U,-75.0,9.75,True,,2026-07-09T14:25:34.483+00:00,/dev/cu.usbserial-576B0005451,"RX,411265,R35,TXI,N121,85,349481,G,0,0.93,0.90,5,U,-75,9.75"
RX,411408,R35,TXA,N01,347,349627,D,1,0.24,0.22,5.0,F,-86.0,9.5,True,,2026-07-09T14:25:34.627+00:00,/dev/cu.usbserial-576B0005451,"RX,411408,R35,TXA,N01,347,349627,D,1,0.24,0.22,5,F,-86,9.50"
RX,411552,R35,TXK,N151,174,349763,E,0,0.87,0.84,5.0,U,-71.0,10.0,True,,2026-07-09T14:25:34.771+00:00,/dev/cu.usbserial-576B0005451,"RX,411552,R35,TXK,N151,174,349763,E,0,0.87,0.84,5,U,-71,10.00"
RX,412408,R35,TXA,N01,348,350627,E,0,0.87,0.84,5.0,F,-86.0,10.25,True,,2026-07-09T14:25:35.627+00:00,/dev/cu.usbserial-576B0005451,"RX,412408,R35,TXA,N01,348,350627,E,0,0.87,0.84,5,F,-86,10.25"
RX,412675,R35,TXB,N16,173,350893,C,1,0.81,0.78,5.0,U,-84.0,10.0,True,,2026-07-09T14:25:35.894+00:00,/dev/cu.usbserial-576B0005451,"RX,412675,R35,TXB,N16,173,350893,C,1,0.81,0.78,5,U,-84,10.00"
RX,413158,R35,TXE,N61,171,351382,G,0,0.93,0.9,5.0,U,-76.0,9.5,True,,2026-07-09T14:25:36.377+00:00,/dev/cu.usbserial-576B0005451,"RX,413158,R35,TXE,N61,171,351382,G,0,0.93,0.90,5,U,-76,9.50"
RX,413408,R35,TXA,N01,349,351627,F,1,0.28,0.26,5.0,F,-87.0,10.25,True,,2026-07-09T14:25:36.627+00:00,/dev/cu.usbserial-576B0005451,"RX,413408,R35,TXA,N01,349,351627,F,1,0.28,0.26,5,F,-87,10.25"
RX,413906,R35,TXF,N76,86,352131,E,0,0.87,0.84,5.0,U,-78.0,9.75,True,,2026-07-09T14:25:37.124+00:00,/dev/cu.usbserial-576B0005451,"RX,413906,R35,TXF,N76,86,352131,E,0,0.87,0.84,5,U,-78,9.75"
RX,414211,R35,TXD,N46,43,352431,G,1,0.93,0.9,5.0,U,-70.0,9.25,True,,2026-07-09T14:25:37.429+00:00,/dev/cu.usbserial-576B0005451,"RX,414211,R35,TXD,N46,43,352431,G,1,0.93,0.90,5,U,-70,9.25"
RX,414408,R35,TXA,N01,350,352627,G,1,0.93,0.9,5.0,F,-87.0,10.5,True,,2026-07-09T14:25:37.626+00:00,/dev/cu.usbserial-576B0005451,"RX,414408,R35,TXA,N01,350,352627,G,1,0.93,0.90,5,F,-87,10.50"
RX,414675,R35,TXB,N16,174,352893,E,0,0.87,0.84,5.0,U,-84.0,10.0,True,,2026-07-09T14:25:37.893+00:00,/dev/cu.usbserial-576B0005451,"RX,414675,R35,TXB,N16,174,352893,E,0,0.87,0.84,5,U,-84,10.00"
RX,414856,R35,TXG,N91,42,353080,G,0,0.93,0.9,5.0,U,-82.0,9.5,True,,2026-07-09T14:25:38.074+00:00,/dev/cu.usbserial-576B0005451,"RX,414856,R35,TXG,N91,42,353080,G,0,0.93,0.90,5,U,-82,9.50"
RX,415158,R35,TXE,N61,172,353382,A,1,0.75,0.72,5.0,U,-75.0,9.75,True,,2026-07-09T14:25:38.377+00:00,/dev/cu.usbserial-576B0005451,"RX,415158,R35,TXE,N61,172,353382,A,1,0.75,0.72,5,U,-75,9.75"
RX,415408,R35,TXA,N01,351,353627,H,0,0.32,0.3,5.0,F,-87.0,9.5,True,,2026-07-09T14:25:38.626+00:00,/dev/cu.usbserial-576B0005451,"RX,415408,R35,TXA,N01,351,353627,H,0,0.32,0.30,5,F,-87,9.50"
RX,415552,R35,TXK,N151,176,353763,A,1,0.75,0.72,5.0,U,-71.0,9.5,True,,2026-07-09T14:25:38.771+00:00,/dev/cu.usbserial-576B0005451,"RX,415552,R35,TXK,N151,176,353763,A,1,0.75,0.72,5,U,-71,9.50"
RX,415906,R35,TXF,N76,87,354131,G,1,0.93,0.9,5.0,U,-78.0,9.5,True,,2026-07-09T14:25:39.124+00:00,/dev/cu.usbserial-576B0005451,"RX,415906,R35,TXF,N76,87,354131,G,1,0.93,0.90,5,U,-78,9.50"
RX,416064,R35,TXJ,N136,42,354280,G,0,0.93,0.9,5.0,U,-78.0,9.5,True,,2026-07-09T14:25:39.283+00:00,/dev/cu.usbserial-576B0005451,"RX,416064,R35,TXJ,N136,42,354280,G,0,0.93,0.90,5,U,-78,9.50"
RX,416159,R35,TXC,N31,86,354381,E,0,0.87,0.84,5.0,U,-72.0,9.5,True,,2026-07-09T14:25:39.378+00:00,/dev/cu.usbserial-576B0005451,"RX,416159,R35,TXC,N31,86,354381,E,0,0.87,0.84,5,U,-72,9.50"
RX,416408,R35,TXA,N01,352,354627,A,1,0.75,0.72,5.0,F,-87.0,10.0,True,,2026-07-09T14:25:39.626+00:00,/dev/cu.usbserial-576B0005451,"RX,416408,R35,TXA,N01,352,354627,A,1,0.75,0.72,5,F,-87,10.00"
RX,416675,R35,TXB,N16,175,354893,G,1,0.93,0.9,5.0,U,-84.0,10.0,True,,2026-07-09T14:25:39.893+00:00,/dev/cu.usbserial-576B0005451,"RX,416675,R35,TXB,N16,175,354893,G,1,0.93,0.90,5,U,-84,10.00"
RX,417158,R35,TXE,N61,173,355382,C,1,0.81,0.78,5.0,U,-76.0,9.5,True,,2026-07-09T14:25:40.377+00:00,/dev/cu.usbserial-576B0005451,"RX,417158,R35,TXE,N61,173,355382,C,1,0.81,0.78,5,U,-76,9.50"
RX,417265,R35,TXI,N121,86,355481,E,0,0.87,0.84,5.0,U,-76.0,9.25,True,,2026-07-09T14:25:40.483+00:00,/dev/cu.usbserial-576B0005451,"RX,417265,R35,TXI,N121,86,355481,E,0,0.87,0.84,5,U,-76,9.25"
RX,417408,R35,TXA,N01,353,355627,B,1,0.2,0.18,5.0,F,-88.0,9.5,True,,2026-07-09T14:25:40.626+00:00,/dev/cu.usbserial-576B0005451,"RX,417408,R35,TXA,N01,353,355627,B,1,0.20,0.18,5,F,-88,9.50"
RX,417552,R35,TXK,N151,177,355763,C,0,0.81,0.78,5.0,U,-71.0,9.75,True,,2026-07-09T14:25:40.771+00:00,/dev/cu.usbserial-576B0005451,"RX,417552,R35,TXK,N151,177,355763,C,0,0.81,0.78,5,U,-71,9.75"
RX,418159,R35,TXC,N31,87,356381,G,1,0.93,0.9,5.0,U,-73.0,11.0,True,,2026-07-09T14:25:41.378+00:00,/dev/cu.usbserial-576B0005451,"RX,418159,R35,TXC,N31,87,356381,G,1,0.93,0.90,5,U,-73,11.00"
RX,418408,R35,TXA,N01,354,356627,C,0,0.81,0.78,5.0,F,-88.0,9.5,True,,2026-07-09T14:25:41.627+00:00,/dev/cu.usbserial-576B0005451,"RX,418408,R35,TXA,N01,354,356627,C,0,0.81,0.78,5,F,-88,9.50"
RX,418675,R35,TXB,N16,176,356893,A,1,0.75,0.72,5.0,U,-84.0,9.75,True,,2026-07-09T14:25:41.894+00:00,/dev/cu.usbserial-576B0005451,"RX,418675,R35,TXB,N16,176,356893,A,1,0.75,0.72,5,U,-84,9.75"
RX,419158,R35,TXE,N61,174,357382,E,0,0.87,0.84,5.0,U,-76.0,9.75,True,,2026-07-09T14:25:42.377+00:00,/dev/cu.usbserial-576B0005451,"RX,419158,R35,TXE,N61,174,357382,E,0,0.87,0.84,5,U,-76,9.75"
RX,419265,R35,TXI,N121,87,357481,G,1,0.93,0.9,5.0,U,-76.0,9.5,True,,2026-07-09T14:25:42.484+00:00,/dev/cu.usbserial-576B0005451,"RX,419265,R35,TXI,N121,87,357481,G,1,0.93,0.90,5,U,-76,9.50"
RX,419408,R35,TXA,N01,355,357627,D,1,0.24,0.22,5.0,F,-88.0,9.5,True,,2026-07-09T14:25:42.627+00:00,/dev/cu.usbserial-576B0005451,"RX,419408,R35,TXA,N01,355,357627,D,1,0.24,0.22,5,F,-88,9.50"
RX,419552,R35,TXK,N151,178,357763,E,1,0.87,0.84,5.0,U,-71.0,10.25,True,,2026-07-09T14:25:42.771+00:00,/dev/cu.usbserial-576B0005451,"RX,419552,R35,TXK,N151,178,357763,E,1,0.87,0.84,5,U,-71,10.25"
RX,420408,R35,TXA,N01,356,358627,E,1,0.87,0.84,5.0,F,-88.0,9.75,True,,2026-07-09T14:25:43.627+00:00,/dev/cu.usbserial-576B0005451,"RX,420408,R35,TXA,N01,356,358627,E,1,0.87,0.84,5,F,-88,9.75"
RX,420675,R35,TXB,N16,177,358893,C,0,0.81,0.78,5.0,U,-85.0,10.0,True,,2026-07-09T14:25:43.894+00:00,/dev/cu.usbserial-576B0005451,"RX,420675,R35,TXB,N16,177,358893,C,0,0.81,0.78,5,U,-85,10.00"
RX,421158,R35,TXE,N61,175,359382,G,1,0.93,0.9,5.0,U,-76.0,9.5,True,,2026-07-09T14:25:44.377+00:00,/dev/cu.usbserial-576B0005451,"RX,421158,R35,TXE,N61,175,359382,G,1,0.93,0.90,5,U,-76,9.50"
RX,421408,R35,TXA,N01,357,359627,F,0,0.28,0.26,5.0,F,-88.0,9.25,True,,2026-07-09T14:25:44.626+00:00,/dev/cu.usbserial-576B0005451,"RX,421408,R35,TXA,N01,357,359627,F,0,0.28,0.26,5,F,-88,9.25"
RX,421552,R35,TXK,N151,179,359763,G,1,0.93,0.9,5.0,U,-71.0,9.75,True,,2026-07-09T14:25:44.771+00:00,/dev/cu.usbserial-576B0005451,"RX,421552,R35,TXK,N151,179,359763,G,1,0.93,0.90,5,U,-71,9.75"
RX,421906,R35,TXF,N76,88,360131,E,1,0.87,0.84,5.0,U,-78.0,9.5,True,,2026-07-09T14:25:45.124+00:00,/dev/cu.usbserial-576B0005451,"RX,421906,R35,TXF,N76,88,360131,E,1,0.87,0.84,5,U,-78,9.50"
RX,422211,R35,TXD,N46,44,360431,G,1,0.93,0.9,5.0,U,-70.0,9.5,True,,2026-07-09T14:25:45.429+00:00,/dev/cu.usbserial-576B0005451,"RX,422211,R35,TXD,N46,44,360431,G,1,0.93,0.90,5,U,-70,9.50"
RX,422408,R35,TXA,N01,358,360627,G,1,0.93,0.9,5.0,F,-89.0,10.0,True,,2026-07-09T14:25:45.626+00:00,/dev/cu.usbserial-576B0005451,"RX,422408,R35,TXA,N01,358,360627,G,1,0.93,0.90,5,F,-89,10.00"
RX,422675,R35,TXB,N16,178,360893,E,1,0.87,0.84,5.0,U,-84.0,10.0,True,,2026-07-09T14:25:45.893+00:00,/dev/cu.usbserial-576B0005451,"RX,422675,R35,TXB,N16,178,360893,E,1,0.87,0.84,5,U,-84,10.00"
RX,423158,R35,TXE,N61,176,361382,A,1,0.75,0.72,5.0,U,-75.0,9.25,True,,2026-07-09T14:25:46.377+00:00,/dev/cu.usbserial-576B0005451,"RX,423158,R35,TXE,N61,176,361382,A,1,0.75,0.72,5,U,-75,9.25"
RX,423408,R35,TXA,N01,359,361627,H,1,0.32,0.3,5.0,F,-87.0,10.0,True,,2026-07-09T14:25:46.626+00:00,/dev/cu.usbserial-576B0005451,"RX,423408,R35,TXA,N01,359,361627,H,1,0.32,0.30,5,F,-87,10.00"
RX,423552,R35,TXK,N151,180,361763,A,0,0.75,0.72,5.0,U,-72.0,9.75,True,,2026-07-09T14:25:46.771+00:00,/dev/cu.usbserial-576B0005451,"RX,423552,R35,TXK,N151,180,361763,A,0,0.75,0.72,5,U,-72,9.75"
RX,423906,R35,TXF,N76,89,362131,G,1,0.93,0.9,5.0,U,-78.0,9.25,True,,2026-07-09T14:25:47.124+00:00,/dev/cu.usbserial-576B0005451,"RX,423906,R35,TXF,N76,89,362131,G,1,0.93,0.90,5,U,-78,9.25"
RX,424064,R35,TXJ,N136,43,362280,G,1,0.93,0.9,5.0,U,-79.0,9.75,True,,2026-07-09T14:25:47.283+00:00,/dev/cu.usbserial-576B0005451,"RX,424064,R35,TXJ,N136,43,362280,G,1,0.93,0.90,5,U,-79,9.75"
RX,424159,R35,TXC,N31,88,362381,E,1,0.87,0.84,5.0,U,-73.0,10.25,True,,2026-07-09T14:25:47.378+00:00,/dev/cu.usbserial-576B0005451,"RX,424159,R35,TXC,N31,88,362381,E,1,0.87,0.84,5,U,-73,10.25"
RX,424408,R35,TXA,N01,360,362627,A,0,0.75,0.72,5.0,F,-87.0,9.5,True,,2026-07-09T14:25:47.626+00:00,/dev/cu.usbserial-576B0005451,"RX,424408,R35,TXA,N01,360,362627,A,0,0.75,0.72,5,F,-87,9.50"
RX,424675,R35,TXB,N16,179,362893,G,1,0.93,0.9,5.0,U,-85.0,9.75,True,,2026-07-09T14:25:47.893+00:00,/dev/cu.usbserial-576B0005451,"RX,424675,R35,TXB,N16,179,362893,G,1,0.93,0.90,5,U,-85,9.75"
RX,425158,R35,TXE,N61,177,363382,C,0,0.81,0.78,5.0,U,-76.0,9.5,True,,2026-07-09T14:25:48.377+00:00,/dev/cu.usbserial-576B0005451,"RX,425158,R35,TXE,N61,177,363382,C,0,0.81,0.78,5,U,-76,9.50"
RX,425265,R35,TXI,N121,88,363481,E,1,0.87,0.84,5.0,U,-76.0,9.75,True,,2026-07-09T14:25:48.483+00:00,/dev/cu.usbserial-576B0005451,"RX,425265,R35,TXI,N121,88,363481,E,1,0.87,0.84,5,U,-76,9.75"
RX,425408,R35,TXA,N01,361,363627,B,1,0.2,0.18,5.0,F,-86.0,9.5,True,,2026-07-09T14:25:48.627+00:00,/dev/cu.usbserial-576B0005451,"RX,425408,R35,TXA,N01,361,363627,B,1,0.20,0.18,5,F,-86,9.50"
RX,425552,R35,TXK,N151,181,363763,C,1,0.81,0.78,5.0,U,-71.0,9.75,True,,2026-07-09T14:25:48.771+00:00,/dev/cu.usbserial-576B0005451,"RX,425552,R35,TXK,N151,181,363763,C,1,0.81,0.78,5,U,-71,9.75"
RX,426159,R35,TXC,N31,89,364381,G,1,0.93,0.9,5.0,U,-72.0,9.75,True,,2026-07-09T14:25:49.378+00:00,/dev/cu.usbserial-576B0005451,"RX,426159,R35,TXC,N31,89,364381,G,1,0.93,0.90,5,U,-72,9.75"
RX,426408,R35,TXA,N01,362,364627,C,1,0.81,0.78,5.0,F,-87.0,9.25,True,,2026-07-09T14:25:49.626+00:00,/dev/cu.usbserial-576B0005451,"RX,426408,R35,TXA,N01,362,364627,C,1,0.81,0.78,5,F,-87,9.25"
RX,426675,R35,TXB,N16,180,364893,A,0,0.75,0.72,5.0,U,-84.0,10.0,True,,2026-07-09T14:25:49.894+00:00,/dev/cu.usbserial-576B0005451,"RX,426675,R35,TXB,N16,180,364893,A,0,0.75,0.72,5,U,-84,10.00"
RX,427158,R35,TXE,N61,178,365382,E,1,0.87,0.84,5.0,U,-75.0,9.75,True,,2026-07-09T14:25:50.377+00:00,/dev/cu.usbserial-576B0005451,"RX,427158,R35,TXE,N61,178,365382,E,1,0.87,0.84,5,U,-75,9.75"
RX,427265,R35,TXI,N121,89,365481,G,1,0.93,0.9,5.0,U,-75.0,9.75,True,,2026-07-09T14:25:50.484+00:00,/dev/cu.usbserial-576B0005451,"RX,427265,R35,TXI,N121,89,365481,G,1,0.93,0.90,5,U,-75,9.75"
RX,427408,R35,TXA,N01,363,365627,D,0,0.24,0.22,5.0,F,-87.0,9.75,True,,2026-07-09T14:25:50.627+00:00,/dev/cu.usbserial-576B0005451,"RX,427408,R35,TXA,N01,363,365627,D,0,0.24,0.22,5,F,-87,9.75"
RX,427552,R35,TXK,N151,182,365763,E,1,0.87,0.84,5.0,U,-71.0,10.0,True,,2026-07-09T14:25:50.771+00:00,/dev/cu.usbserial-576B0005451,"RX,427552,R35,TXK,N151,182,365763,E,1,0.87,0.84,5,U,-71,10.00"
RX,428408,R35,TXA,N01,364,366627,E,1,0.87,0.84,5.0,F,-87.0,10.0,True,,2026-07-09T14:25:51.627+00:00,/dev/cu.usbserial-576B0005451,"RX,428408,R35,TXA,N01,364,366627,E,1,0.87,0.84,5,F,-87,10.00"
RX,428675,R35,TXB,N16,181,366893,C,1,0.81,0.78,5.0,U,-85.0,10.0,True,,2026-07-09T14:25:51.894+00:00,/dev/cu.usbserial-576B0005451,"RX,428675,R35,TXB,N16,181,366893,C,1,0.81,0.78,5,U,-85,10.00"
RX,429158,R35,TXE,N61,179,367382,G,1,0.93,0.9,5.0,U,-75.0,9.75,True,,2026-07-09T14:25:52.377+00:00,/dev/cu.usbserial-576B0005451,"RX,429158,R35,TXE,N61,179,367382,G,1,0.93,0.90,5,U,-75,9.75"
RX,429408,R35,TXA,N01,365,367627,F,1,0.28,0.26,5.0,F,-87.0,10.0,True,,2026-07-09T14:25:52.626+00:00,/dev/cu.usbserial-576B0005451,"RX,429408,R35,TXA,N01,365,367627,F,1,0.28,0.26,5,F,-87,10.00"
RX,429552,R35,TXK,N151,183,367763,G,0,0.93,0.9,5.0,U,-71.0,9.5,True,,2026-07-09T14:25:52.771+00:00,/dev/cu.usbserial-576B0005451,"RX,429552,R35,TXK,N151,183,367763,G,0,0.93,0.90,5,U,-71,9.50"
RX,429906,R35,TXF,N76,90,368131,E,1,0.87,0.84,5.0,U,-78.0,9.75,True,,2026-07-09T14:25:53.124+00:00,/dev/cu.usbserial-576B0005451,"RX,429906,R35,TXF,N76,90,368131,E,1,0.87,0.84,5,U,-78,9.75"
RX,430211,R35,TXD,N46,45,368431,G,0,0.93,0.9,5.0,U,-70.0,9.75,True,,2026-07-09T14:25:53.429+00:00,/dev/cu.usbserial-576B0005451,"RX,430211,R35,TXD,N46,45,368431,G,0,0.93,0.90,5,U,-70,9.75"
RX,430408,R35,TXA,N01,366,368627,G,0,0.93,0.9,5.0,F,-87.0,9.75,True,,2026-07-09T14:25:53.626+00:00,/dev/cu.usbserial-576B0005451,"RX,430408,R35,TXA,N01,366,368627,G,0,0.93,0.90,5,F,-87,9.75"
RX,430675,R35,TXB,N16,182,368893,E,1,0.87,0.84,5.0,U,-85.0,10.25,True,,2026-07-09T14:25:53.894+00:00,/dev/cu.usbserial-576B0005451,"RX,430675,R35,TXB,N16,182,368893,E,1,0.87,0.84,5,U,-85,10.25"
RX,430856,R35,TXG,N91,44,369080,G,1,0.93,0.9,5.0,U,-82.0,9.5,True,,2026-07-09T14:25:54.074+00:00,/dev/cu.usbserial-576B0005451,"RX,430856,R35,TXG,N91,44,369080,G,1,0.93,0.90,5,U,-82,9.50"
RX,431158,R35,TXE,N61,180,369382,A,0,0.75,0.72,5.0,U,-77.0,9.75,True,,2026-07-09T14:25:54.377+00:00,/dev/cu.usbserial-576B0005451,"RX,431158,R35,TXE,N61,180,369382,A,0,0.75,0.72,5,U,-77,9.75"
RX,431408,R35,TXA,N01,367,369627,H,1,0.32,0.3,5.0,F,-87.0,9.75,True,,2026-07-09T14:25:54.627+00:00,/dev/cu.usbserial-576B0005451,"RX,431408,R35,TXA,N01,367,369627,H,1,0.32,0.30,5,F,-87,9.75"
RX,431552,R35,TXK,N151,184,369763,A,1,0.75,0.72,5.0,U,-71.0,10.0,True,,2026-07-09T14:25:54.771+00:00,/dev/cu.usbserial-576B0005451,"RX,431552,R35,TXK,N151,184,369763,A,1,0.75,0.72,5,U,-71,10.00"
RX,431906,R35,TXF,N76,91,370131,G,0,0.93,0.9,5.0,U,-78.0,9.5,True,,2026-07-09T14:25:55.124+00:00,/dev/cu.usbserial-576B0005451,"RX,431906,R35,TXF,N76,91,370131,G,0,0.93,0.90,5,U,-78,9.50"
RX,432064,R35,TXJ,N136,44,370280,G,1,0.93,0.9,5.0,U,-79.0,9.75,True,,2026-07-09T14:25:55.283+00:00,/dev/cu.usbserial-576B0005451,"RX,432064,R35,TXJ,N136,44,370280,G,1,0.93,0.90,5,U,-79,9.75"
RX,432159,R35,TXC,N31,90,370381,E,1,0.87,0.84,5.0,U,-72.0,9.75,True,,2026-07-09T14:25:55.377+00:00,/dev/cu.usbserial-576B0005451,"RX,432159,R35,TXC,N31,90,370381,E,1,0.87,0.84,5,U,-72,9.75"
RX,432408,R35,TXA,N01,368,370627,A,1,0.75,0.72,5.0,F,-87.0,10.0,True,,2026-07-09T14:25:55.627+00:00,/dev/cu.usbserial-576B0005451,"RX,432408,R35,TXA,N01,368,370627,A,1,0.75,0.72,5,F,-87,10.00"
RX,432675,R35,TXB,N16,183,370893,G,0,0.93,0.9,5.0,U,-85.0,9.5,True,,2026-07-09T14:25:55.893+00:00,/dev/cu.usbserial-576B0005451,"RX,432675,R35,TXB,N16,183,370893,G,0,0.93,0.90,5,U,-85,9.50"
RX,433158,R35,TXE,N61,181,371382,C,1,0.81,0.78,5.0,U,-76.0,9.5,True,,2026-07-09T14:25:56.377+00:00,/dev/cu.usbserial-576B0005451,"RX,433158,R35,TXE,N61,181,371382,C,1,0.81,0.78,5,U,-76,9.50"
RX,433265,R35,TXI,N121,90,371481,E,1,0.87,0.84,5.0,U,-75.0,9.25,True,,2026-07-09T14:25:56.483+00:00,/dev/cu.usbserial-576B0005451,"RX,433265,R35,TXI,N121,90,371481,E,1,0.87,0.84,5,U,-75,9.25"
RX,433408,R35,TXA,N01,369,371627,B,0,0.2,0.18,5.0,F,-87.0,9.75,True,,2026-07-09T14:25:56.626+00:00,/dev/cu.usbserial-576B0005451,"RX,433408,R35,TXA,N01,369,371627,B,0,0.20,0.18,5,F,-87,9.75"
RX,433552,R35,TXK,N151,185,371763,C,1,0.81,0.78,5.0,U,-71.0,9.75,True,,2026-07-09T14:25:56.771+00:00,/dev/cu.usbserial-576B0005451,"RX,433552,R35,TXK,N151,185,371763,C,1,0.81,0.78,5,U,-71,9.75"
RX,434159,R35,TXC,N31,91,372381,G,0,0.93,0.9,5.0,U,-73.0,9.5,True,,2026-07-09T14:25:57.378+00:00,/dev/cu.usbserial-576B0005451,"RX,434159,R35,TXC,N31,91,372381,G,0,0.93,0.90,5,U,-73,9.50"
RX,434408,R35,TXA,N01,370,372627,C,1,0.81,0.78,5.0,F,-88.0,9.75,True,,2026-07-09T14:25:57.626+00:00,/dev/cu.usbserial-576B0005451,"RX,434408,R35,TXA,N01,370,372627,C,1,0.81,0.78,5,F,-88,9.75"
RX,434675,R35,TXB,N16,184,372893,A,1,0.75,0.72,5.0,U,-84.0,10.0,True,,2026-07-09T14:25:57.893+00:00,/dev/cu.usbserial-576B0005451,"RX,434675,R35,TXB,N16,184,372893,A,1,0.75,0.72,5,U,-84,10.00"
RX,435158,R35,TXE,N61,182,373382,E,1,0.87,0.84,5.0,U,-76.0,9.5,True,,2026-07-09T14:25:58.377+00:00,/dev/cu.usbserial-576B0005451,"RX,435158,R35,TXE,N61,182,373382,E,1,0.87,0.84,5,U,-76,9.50"
RX,435265,R35,TXI,N121,91,373481,G,0,0.93,0.9,5.0,U,-75.0,9.75,True,,2026-07-09T14:25:58.483+00:00,/dev/cu.usbserial-576B0005451,"RX,435265,R35,TXI,N121,91,373481,G,0,0.93,0.90,5,U,-75,9.75"
RX,435408,R35,TXA,N01,371,373627,D,1,0.24,0.22,5.0,F,-88.0,9.75,True,,2026-07-09T14:25:58.626+00:00,/dev/cu.usbserial-576B0005451,"RX,435408,R35,TXA,N01,371,373627,D,1,0.24,0.22,5,F,-88,9.75"
RX,435552,R35,TXK,N151,186,373763,E,0,0.87,0.84,5.0,U,-71.0,9.75,True,,2026-07-09T14:25:58.771+00:00,/dev/cu.usbserial-576B0005451,"RX,435552,R35,TXK,N151,186,373763,E,0,0.87,0.84,5,U,-71,9.75"
RX,436408,R35,TXA,N01,372,374627,E,0,0.87,0.84,5.0,F,-86.0,10.25,True,,2026-07-09T14:25:59.627+00:00,/dev/cu.usbserial-576B0005451,"RX,436408,R35,TXA,N01,372,374627,E,0,0.87,0.84,5,F,-86,10.25"
RX,436675,R35,TXB,N16,185,374893,C,1,0.81,0.78,5.0,U,-84.0,9.75,True,,2026-07-09T14:25:59.893+00:00,/dev/cu.usbserial-576B0005451,"RX,436675,R35,TXB,N16,185,374893,C,1,0.81,0.78,5,U,-84,9.75"
RX,437158,R35,TXE,N61,183,375382,G,0,0.93,0.9,5.0,U,-76.0,9.25,True,,2026-07-09T14:26:00.377+00:00,/dev/cu.usbserial-576B0005451,"RX,437158,R35,TXE,N61,183,375382,G,0,0.93,0.90,5,U,-76,9.25"
RX,437408,R35,TXA,N01,373,375627,F,1,0.28,0.26,5.0,F,-86.0,9.75,True,,2026-07-09T14:26:00.627+00:00,/dev/cu.usbserial-576B0005451,"RX,437408,R35,TXA,N01,373,375627,F,1,0.28,0.26,5,F,-86,9.75"
RX,437552,R35,TXK,N151,187,375763,G,1,0.93,0.9,5.0,U,-71.0,9.75,True,,2026-07-09T14:26:00.770+00:00,/dev/cu.usbserial-576B0005451,"RX,437552,R35,TXK,N151,187,375763,G,1,0.93,0.90,5,U,-71,9.75"
RX,437906,R35,TXF,N76,92,376131,E,0,0.87,0.84,5.0,U,-78.0,9.5,True,,2026-07-09T14:26:01.124+00:00,/dev/cu.usbserial-576B0005451,"RX,437906,R35,TXF,N76,92,376131,E,0,0.87,0.84,5,U,-78,9.50"
RX,438211,R35,TXD,N46,46,376431,G,1,0.93,0.9,5.0,U,-71.0,9.5,True,,2026-07-09T14:26:01.429+00:00,/dev/cu.usbserial-576B0005451,"RX,438211,R35,TXD,N46,46,376431,G,1,0.93,0.90,5,U,-71,9.50"
RX,438408,R35,TXA,N01,374,376627,G,1,0.93,0.9,5.0,F,-87.0,10.0,True,,2026-07-09T14:26:01.626+00:00,/dev/cu.usbserial-576B0005451,"RX,438408,R35,TXA,N01,374,376627,G,1,0.93,0.90,5,F,-87,10.00"
RX,438675,R35,TXB,N16,186,376893,E,0,0.87,0.84,5.0,U,-84.0,9.75,True,,2026-07-09T14:26:01.893+00:00,/dev/cu.usbserial-576B0005451,"RX,438675,R35,TXB,N16,186,376893,E,0,0.87,0.84,5,U,-84,9.75"
RX,438856,R35,TXG,N91,45,377080,G,0,0.93,0.9,5.0,U,-82.0,9.75,True,,2026-07-09T14:26:02.074+00:00,/dev/cu.usbserial-576B0005451,"RX,438856,R35,TXG,N91,45,377080,G,0,0.93,0.90,5,U,-82,9.75"
RX,439158,R35,TXE,N61,184,377382,A,1,0.75,0.72,5.0,U,-76.0,9.5,True,,2026-07-09T14:26:02.376+00:00,/dev/cu.usbserial-576B0005451,"RX,439158,R35,TXE,N61,184,377382,A,1,0.75,0.72,5,U,-76,9.50"
RX,439408,R35,TXA,N01,375,377627,H,0,0.32,0.3,5.0,F,-86.0,9.25,True,,2026-07-09T14:26:02.626+00:00,/dev/cu.usbserial-576B0005451,"RX,439408,R35,TXA,N01,375,377627,H,0,0.32,0.30,5,F,-86,9.25"
RX,439552,R35,TXK,N151,188,377763,A,1,0.75,0.72,5.0,U,-71.0,9.5,True,,2026-07-09T14:26:02.771+00:00,/dev/cu.usbserial-576B0005451,"RX,439552,R35,TXK,N151,188,377763,A,1,0.75,0.72,5,U,-71,9.50"
RX,439906,R35,TXF,N76,93,378131,G,1,0.93,0.9,5.0,U,-79.0,9.5,True,,2026-07-09T14:26:03.124+00:00,/dev/cu.usbserial-576B0005451,"RX,439906,R35,TXF,N76,93,378131,G,1,0.93,0.90,5,U,-79,9.50"
RX,440065,R35,TXJ,N136,45,378280,G,0,0.93,0.9,5.0,U,-78.0,10.0,True,,2026-07-09T14:26:03.283+00:00,/dev/cu.usbserial-576B0005451,"RX,440065,R35,TXJ,N136,45,378280,G,0,0.93,0.90,5,U,-78,10.00"
RX,440159,R35,TXC,N31,92,378381,E,0,0.87,0.84,5.0,U,-73.0,9.75,True,,2026-07-09T14:26:03.377+00:00,/dev/cu.usbserial-576B0005451,"RX,440159,R35,TXC,N31,92,378381,E,0,0.87,0.84,5,U,-73,9.75"
RX,440408,R35,TXA,N01,376,378627,A,1,0.75,0.72,5.0,F,-87.0,9.5,True,,2026-07-09T14:26:03.626+00:00,/dev/cu.usbserial-576B0005451,"RX,440408,R35,TXA,N01,376,378627,A,1,0.75,0.72,5,F,-87,9.50"
RX,440675,R35,TXB,N16,187,378893,G,1,0.93,0.9,5.0,U,-84.0,9.5,True,,2026-07-09T14:26:03.893+00:00,/dev/cu.usbserial-576B0005451,"RX,440675,R35,TXB,N16,187,378893,G,1,0.93,0.90,5,U,-84,9.50"
RX,441158,R35,TXE,N61,185,379382,C,1,0.81,0.78,5.0,U,-76.0,9.5,True,,2026-07-09T14:26:04.377+00:00,/dev/cu.usbserial-576B0005451,"RX,441158,R35,TXE,N61,185,379382,C,1,0.81,0.78,5,U,-76,9.50"
RX,441265,R35,TXI,N121,92,379481,E,0,0.87,0.84,5.0,U,-75.0,9.75,True,,2026-07-09T14:26:04.483+00:00,/dev/cu.usbserial-576B0005451,"RX,441265,R35,TXI,N121,92,379481,E,0,0.87,0.84,5,U,-75,9.75"
RX,441408,R35,TXA,N01,377,379627,B,1,0.2,0.18,5.0,F,-87.0,9.75,True,,2026-07-09T14:26:04.626+00:00,/dev/cu.usbserial-576B0005451,"RX,441408,R35,TXA,N01,377,379627,B,1,0.20,0.18,5,F,-87,9.75"
RX,441552,R35,TXK,N151,189,379763,C,0,0.81,0.78,5.0,U,-72.0,9.5,True,,2026-07-09T14:26:04.770+00:00,/dev/cu.usbserial-576B0005451,"RX,441552,R35,TXK,N151,189,379763,C,0,0.81,0.78,5,U,-72,9.50"
RX,442159,R35,TXC,N31,93,380381,G,1,0.93,0.9,5.0,U,-72.0,10.0,True,,2026-07-09T14:26:05.378+00:00,/dev/cu.usbserial-576B0005451,"RX,442159,R35,TXC,N31,93,380381,G,1,0.93,0.90,5,U,-72,10.00"
RX,442408,R35,TXA,N01,378,380627,C,0,0.81,0.78,5.0,F,-87.0,9.75,True,,2026-07-09T14:26:05.626+00:00,/dev/cu.usbserial-576B0005451,"RX,442408,R35,TXA,N01,378,380627,C,0,0.81,0.78,5,F,-87,9.75"
RX,442675,R35,TXB,N16,188,380893,A,1,0.75,0.72,5.0,U,-84.0,10.25,True,,2026-07-09T14:26:05.893+00:00,/dev/cu.usbserial-576B0005451,"RX,442675,R35,TXB,N16,188,380893,A,1,0.75,0.72,5,U,-84,10.25"
RX,443158,R35,TXE,N61,186,381382,E,0,0.87,0.84,5.0,U,-76.0,10.0,True,,2026-07-09T14:26:06.377+00:00,/dev/cu.usbserial-576B0005451,"RX,443158,R35,TXE,N61,186,381382,E,0,0.87,0.84,5,U,-76,10.00"
RX,443265,R35,TXI,N121,93,381481,G,1,0.93,0.9,5.0,U,-75.0,9.75,True,,2026-07-09T14:26:06.483+00:00,/dev/cu.usbserial-576B0005451,"RX,443265,R35,TXI,N121,93,381481,G,1,0.93,0.90,5,U,-75,9.75"
RX,443408,R35,TXA,N01,379,381627,D,1,0.24,0.22,5.0,F,-87.0,10.0,True,,2026-07-09T14:26:06.626+00:00,/dev/cu.usbserial-576B0005451,"RX,443408,R35,TXA,N01,379,381627,D,1,0.24,0.22,5,F,-87,10.00"
RX,443552,R35,TXK,N151,190,381763,E,1,0.87,0.84,5.0,U,-72.0,9.75,True,,2026-07-09T14:26:06.770+00:00,/dev/cu.usbserial-576B0005451,"RX,443552,R35,TXK,N151,190,381763,E,1,0.87,0.84,5,U,-72,9.75"
RX,444408,R35,TXA,N01,380,382627,E,1,0.87,0.84,5.0,F,-87.0,10.0,True,,2026-07-09T14:26:07.626+00:00,/dev/cu.usbserial-576B0005451,"RX,444408,R35,TXA,N01,380,382627,E,1,0.87,0.84,5,F,-87,10.00"
RX,444675,R35,TXB,N16,189,382893,C,0,0.81,0.78,5.0,U,-85.0,9.75,True,,2026-07-09T14:26:07.893+00:00,/dev/cu.usbserial-576B0005451,"RX,444675,R35,TXB,N16,189,382893,C,0,0.81,0.78,5,U,-85,9.75"
RX,445158,R35,TXE,N61,187,383382,G,1,0.93,0.9,5.0,U,-76.0,9.5,True,,2026-07-09T14:26:08.377+00:00,/dev/cu.usbserial-576B0005451,"RX,445158,R35,TXE,N61,187,383382,G,1,0.93,0.90,5,U,-76,9.50"
RX,445408,R35,TXA,N01,381,383627,F,0,0.28,0.26,5.0,F,-87.0,7.25,True,,2026-07-09T14:26:08.627+00:00,/dev/cu.usbserial-576B0005451,"RX,445408,R35,TXA,N01,381,383627,F,0,0.28,0.26,5,F,-87,7.25"
RX,445552,R35,TXK,N151,191,383763,G,1,0.93,0.9,5.0,U,-72.0,9.75,True,,2026-07-09T14:26:08.770+00:00,/dev/cu.usbserial-576B0005451,"RX,445552,R35,TXK,N151,191,383763,G,1,0.93,0.90,5,U,-72,9.75"
RX,445906,R35,TXF,N76,94,384131,E,1,0.87,0.84,5.0,U,-78.0,9.5,True,,2026-07-09T14:26:09.124+00:00,/dev/cu.usbserial-576B0005451,"RX,445906,R35,TXF,N76,94,384131,E,1,0.87,0.84,5,U,-78,9.50"
RX,446211,R35,TXD,N46,47,384431,G,1,0.93,0.9,5.0,U,-71.0,10.0,True,,2026-07-09T14:26:09.429+00:00,/dev/cu.usbserial-576B0005451,"RX,446211,R35,TXD,N46,47,384431,G,1,0.93,0.90,5,U,-71,10.00"
RX,446408,R35,TXA,N01,382,384627,G,1,0.93,0.9,5.0,F,-87.0,9.75,True,,2026-07-09T14:26:09.627+00:00,/dev/cu.usbserial-576B0005451,"RX,446408,R35,TXA,N01,382,384627,G,1,0.93,0.90,5,F,-87,9.75"
RX,446675,R35,TXB,N16,190,384893,E,1,0.87,0.84,5.0,U,-84.0,10.25,True,,2026-07-09T14:26:09.893+00:00,/dev/cu.usbserial-576B0005451,"RX,446675,R35,TXB,N16,190,384893,E,1,0.87,0.84,5,U,-84,10.25"
RX,446856,R35,TXG,N91,46,385080,G,1,0.93,0.9,5.0,U,-83.0,9.25,True,,2026-07-09T14:26:10.074+00:00,/dev/cu.usbserial-576B0005451,"RX,446856,R35,TXG,N91,46,385080,G,1,0.93,0.90,5,U,-83,9.25"
RX,447158,R35,TXE,N61,188,385382,A,1,0.75,0.72,5.0,U,-76.0,9.75,True,,2026-07-09T14:26:10.376+00:00,/dev/cu.usbserial-576B0005451,"RX,447158,R35,TXE,N61,188,385382,A,1,0.75,0.72,5,U,-76,9.75"
RX,447408,R35,TXA,N01,383,385627,H,1,0.32,0.3,5.0,F,-87.0,9.75,True,,2026-07-09T14:26:10.626+00:00,/dev/cu.usbserial-576B0005451,"RX,447408,R35,TXA,N01,383,385627,H,1,0.32,0.30,5,F,-87,9.75"
RX,447552,R35,TXK,N151,192,385763,A,1,0.75,0.72,5.0,U,-72.0,9.5,True,,2026-07-09T14:26:10.770+00:00,/dev/cu.usbserial-576B0005451,"RX,447552,R35,TXK,N151,192,385763,A,1,0.75,0.72,5,U,-72,9.50"
RX,447906,R35,TXF,N76,95,386131,G,1,0.93,0.9,5.0,U,-78.0,10.0,True,,2026-07-09T14:26:11.124+00:00,/dev/cu.usbserial-576B0005451,"RX,447906,R35,TXF,N76,95,386131,G,1,0.93,0.90,5,U,-78,10.00"
RX,448065,R35,TXJ,N136,46,386280,G,1,0.93,0.9,5.0,U,-78.0,10.0,True,,2026-07-09T14:26:11.283+00:00,/dev/cu.usbserial-576B0005451,"RX,448065,R35,TXJ,N136,46,386280,G,1,0.93,0.90,5,U,-78,10.00"
RX,448159,R35,TXC,N31,94,386381,E,1,0.87,0.84,5.0,U,-72.0,9.5,True,,2026-07-09T14:26:11.377+00:00,/dev/cu.usbserial-576B0005451,"RX,448159,R35,TXC,N31,94,386381,E,1,0.87,0.84,5,U,-72,9.50"
RX,448408,R35,TXA,N01,384,386627,A,1,0.75,0.72,5.0,F,-87.0,9.5,True,,2026-07-09T14:26:11.626+00:00,/dev/cu.usbserial-576B0005451,"RX,448408,R35,TXA,N01,384,386627,A,1,0.75,0.72,5,F,-87,9.50"
RX,448675,R35,TXB,N16,191,386893,G,1,0.93,0.9,5.0,U,-84.0,10.0,True,,2026-07-09T14:26:11.893+00:00,/dev/cu.usbserial-576B0005451,"RX,448675,R35,TXB,N16,191,386893,G,1,0.93,0.90,5,U,-84,10.00"
RX,449158,R35,TXE,N61,189,387382,C,0,0.81,0.78,5.0,U,-76.0,9.5,True,,2026-07-09T14:26:12.377+00:00,/dev/cu.usbserial-576B0005451,"RX,449158,R35,TXE,N61,189,387382,C,0,0.81,0.78,5,U,-76,9.50"
RX,449265,R35,TXI,N121,94,387481,E,1,0.87,0.84,5.0,U,-75.0,9.75,True,,2026-07-09T14:26:12.483+00:00,/dev/cu.usbserial-576B0005451,"RX,449265,R35,TXI,N121,94,387481,E,1,0.87,0.84,5,U,-75,9.75"
RX,449408,R35,TXA,N01,385,387627,B,0,0.2,0.18,5.0,F,-86.0,9.75,True,,2026-07-09T14:26:12.626+00:00,/dev/cu.usbserial-576B0005451,"RX,449408,R35,TXA,N01,385,387627,B,0,0.20,0.18,5,F,-86,9.75"
RX,449552,R35,TXK,N151,193,387763,C,1,0.81,0.78,5.0,U,-72.0,9.5,True,,2026-07-09T14:26:12.770+00:00,/dev/cu.usbserial-576B0005451,"RX,449552,R35,TXK,N151,193,387763,C,1,0.81,0.78,5,U,-72,9.50"
RX,450159,R35,TXC,N31,95,388381,G,1,0.93,0.9,5.0,U,-73.0,9.5,True,,2026-07-09T14:26:13.377+00:00,/dev/cu.usbserial-576B0005451,"RX,450159,R35,TXC,N31,95,388381,G,1,0.93,0.90,5,U,-73,9.50"
RX,450408,R35,TXA,N01,386,388627,C,1,0.81,0.78,5.0,F,-87.0,9.75,True,,2026-07-09T14:26:13.627+00:00,/dev/cu.usbserial-576B0005451,"RX,450408,R35,TXA,N01,386,388627,C,1,0.81,0.78,5,F,-87,9.75"
RX,450675,R35,TXB,N16,192,388893,A,1,0.75,0.72,5.0,U,-84.0,10.0,True,,2026-07-09T14:26:13.893+00:00,/dev/cu.usbserial-576B0005451,"RX,450675,R35,TXB,N16,192,388893,A,1,0.75,0.72,5,U,-84,10.00"
RX,451158,R35,TXE,N61,190,389382,E,1,0.87,0.84,5.0,U,-76.0,9.75,True,,2026-07-09T14:26:14.376+00:00,/dev/cu.usbserial-576B0005451,"RX,451158,R35,TXE,N61,190,389382,E,1,0.87,0.84,5,U,-76,9.75"
RX,451265,R35,TXI,N121,95,389481,G,1,0.93,0.9,5.0,U,-76.0,9.5,True,,2026-07-09T14:26:14.483+00:00,/dev/cu.usbserial-576B0005451,"RX,451265,R35,TXI,N121,95,389481,G,1,0.93,0.90,5,U,-76,9.50"
RX,451408,R35,TXA,N01,387,389627,D,1,0.24,0.22,5.0,F,-88.0,10.0,True,,2026-07-09T14:26:14.626+00:00,/dev/cu.usbserial-576B0005451,"RX,451408,R35,TXA,N01,387,389627,D,1,0.24,0.22,5,F,-88,10.00"
RX,451552,R35,TXK,N151,194,389763,E,0,0.87,0.84,5.0,U,-71.0,10.5,True,,2026-07-09T14:26:14.771+00:00,/dev/cu.usbserial-576B0005451,"RX,451552,R35,TXK,N151,194,389763,E,0,0.87,0.84,5,U,-71,10.50"
RX,452408,R35,TXA,N01,388,390627,E,0,0.87,0.84,5.0,F,-87.0,10.0,True,,2026-07-09T14:26:15.626+00:00,/dev/cu.usbserial-576B0005451,"RX,452408,R35,TXA,N01,388,390627,E,0,0.87,0.84,5,F,-87,10.00"
RX,452675,R35,TXB,N16,193,390893,C,1,0.81,0.78,5.0,U,-84.0,10.0,True,,2026-07-09T14:26:15.893+00:00,/dev/cu.usbserial-576B0005451,"RX,452675,R35,TXB,N16,193,390893,C,1,0.81,0.78,5,U,-84,10.00"
RX,453158,R35,TXE,N61,191,391382,G,1,0.93,0.9,5.0,U,-77.0,9.5,True,,2026-07-09T14:26:16.376+00:00,/dev/cu.usbserial-576B0005451,"RX,453158,R35,TXE,N61,191,391382,G,1,0.93,0.90,5,U,-77,9.50"
RX,453408,R35,TXA,N01,389,391627,F,1,0.28,0.26,5.0,F,-87.0,9.5,True,,2026-07-09T14:26:16.626+00:00,/dev/cu.usbserial-576B0005451,"RX,453408,R35,TXA,N01,389,391627,F,1,0.28,0.26,5,F,-87,9.50"
RX,453906,R35,TXF,N76,96,392131,E,0,0.87,0.84,5.0,U,-77.0,9.5,True,,2026-07-09T14:26:17.124+00:00,/dev/cu.usbserial-576B0005451,"RX,453906,R35,TXF,N76,96,392131,E,0,0.87,0.84,5,U,-77,9.50"
RX,454211,R35,TXD,N46,48,392431,G,1,0.93,0.9,5.0,U,-70.0,10.25,True,,2026-07-09T14:26:17.429+00:00,/dev/cu.usbserial-576B0005451,"RX,454211,R35,TXD,N46,48,392431,G,1,0.93,0.90,5,U,-70,10.25"
RX,454408,R35,TXA,N01,390,392627,G,1,0.93,0.9,5.0,F,-87.0,9.5,True,,2026-07-09T14:26:17.627+00:00,/dev/cu.usbserial-576B0005451,"RX,454408,R35,TXA,N01,390,392627,G,1,0.93,0.90,5,F,-87,9.50"
RX,454675,R35,TXB,N16,194,392893,E,0,0.87,0.84,5.0,U,-84.0,10.0,True,,2026-07-09T14:26:17.893+00:00,/dev/cu.usbserial-576B0005451,"RX,454675,R35,TXB,N16,194,392893,E,0,0.87,0.84,5,U,-84,10.00"
RX,454856,R35,TXG,N91,47,393080,G,1,0.93,0.9,5.0,U,-82.0,9.5,True,,2026-07-09T14:26:18.073+00:00,/dev/cu.usbserial-576B0005451,"RX,454856,R35,TXG,N91,47,393080,G,1,0.93,0.90,5,U,-82,9.50"
RX,455158,R35,TXE,N61,192,393382,A,1,0.75,0.72,5.0,U,-76.0,9.5,True,,2026-07-09T14:26:18.376+00:00,/dev/cu.usbserial-576B0005451,"RX,455158,R35,TXE,N61,192,393382,A,1,0.75,0.72,5,U,-76,9.50"
RX,455408,R35,TXA,N01,391,393627,H,0,0.32,0.3,5.0,F,-87.0,9.75,True,,2026-07-09T14:26:18.626+00:00,/dev/cu.usbserial-576B0005451,"RX,455408,R35,TXA,N01,391,393627,H,0,0.32,0.30,5,F,-87,9.75"
RX,455552,R35,TXK,N151,196,393763,A,1,0.75,0.72,5.0,U,-72.0,9.75,True,,2026-07-09T14:26:18.770+00:00,/dev/cu.usbserial-576B0005451,"RX,455552,R35,TXK,N151,196,393763,A,1,0.75,0.72,5,U,-72,9.75"
RX,455906,R35,TXF,N76,97,394131,G,1,0.93,0.9,5.0,U,-78.0,9.5,True,,2026-07-09T14:26:19.124+00:00,/dev/cu.usbserial-576B0005451,"RX,455906,R35,TXF,N76,97,394131,G,1,0.93,0.90,5,U,-78,9.50"
RX,456064,R35,TXJ,N136,47,394280,G,1,0.93,0.9,5.0,U,-79.0,9.75,True,,2026-07-09T14:26:19.282+00:00,/dev/cu.usbserial-576B0005451,"RX,456064,R35,TXJ,N136,47,394280,G,1,0.93,0.90,5,U,-79,9.75"
RX,456159,R35,TXC,N31,96,394381,E,0,0.87,0.84,5.0,U,-73.0,9.5,True,,2026-07-09T14:26:19.377+00:00,/dev/cu.usbserial-576B0005451,"RX,456159,R35,TXC,N31,96,394381,E,0,0.87,0.84,5,U,-73,9.50"
RX,456408,R35,TXA,N01,392,394627,A,1,0.75,0.72,5.0,F,-86.0,10.0,True,,2026-07-09T14:26:19.626+00:00,/dev/cu.usbserial-576B0005451,"RX,456408,R35,TXA,N01,392,394627,A,1,0.75,0.72,5,F,-86,10.00"
RX,456675,R35,TXB,N16,195,394893,G,1,0.93,0.9,5.0,U,-85.0,9.75,True,,2026-07-09T14:26:19.893+00:00,/dev/cu.usbserial-576B0005451,"RX,456675,R35,TXB,N16,195,394893,G,1,0.93,0.90,5,U,-85,9.75"
RX,457158,R35,TXE,N61,193,395382,C,1,0.81,0.78,5.0,U,-75.0,10.0,True,,2026-07-09T14:26:20.377+00:00,/dev/cu.usbserial-576B0005451,"RX,457158,R35,TXE,N61,193,395382,C,1,0.81,0.78,5,U,-75,10.00"
RX,457265,R35,TXI,N121,96,395481,E,0,0.87,0.84,5.0,U,-75.0,9.5,True,,2026-07-09T14:26:20.483+00:00,/dev/cu.usbserial-576B0005451,"RX,457265,R35,TXI,N121,96,395481,E,0,0.87,0.84,5,U,-75,9.50"
RX,457408,R35,TXA,N01,393,395627,B,1,0.2,0.18,5.0,F,-86.0,9.5,True,,2026-07-09T14:26:20.626+00:00,/dev/cu.usbserial-576B0005451,"RX,457408,R35,TXA,N01,393,395627,B,1,0.20,0.18,5,F,-86,9.50"
RX,457552,R35,TXK,N151,197,395763,C,0,0.81,0.78,5.0,U,-71.0,10.0,True,,2026-07-09T14:26:20.770+00:00,/dev/cu.usbserial-576B0005451,"RX,457552,R35,TXK,N151,197,395763,C,0,0.81,0.78,5,U,-71,10.00"
RX,458159,R35,TXC,N31,97,396381,G,1,0.93,0.9,5.0,U,-72.0,9.75,True,,2026-07-09T14:26:21.377+00:00,/dev/cu.usbserial-576B0005451,"RX,458159,R35,TXC,N31,97,396381,G,1,0.93,0.90,5,U,-72,9.75"
RX,458408,R35,TXA,N01,394,396627,C,0,0.81,0.78,5.0,F,-87.0,9.25,True,,2026-07-09T14:26:21.627+00:00,/dev/cu.usbserial-576B0005451,"RX,458408,R35,TXA,N01,394,396627,C,0,0.81,0.78,5,F,-87,9.25"
RX,458675,R35,TXB,N16,196,396893,A,1,0.75,0.72,5.0,U,-85.0,9.75,True,,2026-07-09T14:26:21.893+00:00,/dev/cu.usbserial-576B0005451,"RX,458675,R35,TXB,N16,196,396893,A,1,0.75,0.72,5,U,-85,9.75"
RX,459158,R35,TXE,N61,194,397382,E,0,0.87,0.84,5.0,U,-75.0,9.5,True,,2026-07-09T14:26:22.377+00:00,/dev/cu.usbserial-576B0005451,"RX,459158,R35,TXE,N61,194,397382,E,0,0.87,0.84,5,U,-75,9.50"
RX,459265,R35,TXI,N121,97,397481,G,1,0.93,0.9,5.0,U,-76.0,9.25,True,,2026-07-09T14:26:22.483+00:00,/dev/cu.usbserial-576B0005451,"RX,459265,R35,TXI,N121,97,397481,G,1,0.93,0.90,5,U,-76,9.25"
RX,459408,R35,TXA,N01,395,397627,D,1,0.24,0.22,5.0,F,-87.0,10.0,True,,2026-07-09T14:26:22.626+00:00,/dev/cu.usbserial-576B0005451,"RX,459408,R35,TXA,N01,395,397627,D,1,0.24,0.22,5,F,-87,10.00"
RX,459552,R35,TXK,N151,198,397763,E,1,0.87,0.84,5.0,U,-71.0,9.75,True,,2026-07-09T14:26:22.770+00:00,/dev/cu.usbserial-576B0005451,"RX,459552,R35,TXK,N151,198,397763,E,1,0.87,0.84,5,U,-71,9.75"
RX,460408,R35,TXA,N01,396,398627,E,1,0.87,0.84,5.0,F,-88.0,9.5,True,,2026-07-09T14:26:23.626+00:00,/dev/cu.usbserial-576B0005451,"RX,460408,R35,TXA,N01,396,398627,E,1,0.87,0.84,5,F,-88,9.50"
RX,460675,R35,TXB,N16,197,398893,C,0,0.81,0.78,5.0,U,-84.0,11.0,True,,2026-07-09T14:26:23.893+00:00,/dev/cu.usbserial-576B0005451,"RX,460675,R35,TXB,N16,197,398893,C,0,0.81,0.78,5,U,-84,11.00"
RX,461158,R35,TXE,N61,195,399382,G,1,0.93,0.9,5.0,U,-76.0,9.5,True,,2026-07-09T14:26:24.377+00:00,/dev/cu.usbserial-576B0005451,"RX,461158,R35,TXE,N61,195,399382,G,1,0.93,0.90,5,U,-76,9.50"
RX,461408,R35,TXA,N01,397,399627,F,0,0.28,0.26,5.0,F,-88.0,9.75,True,,2026-07-09T14:26:24.627+00:00,/dev/cu.usbserial-576B0005451,"RX,461408,R35,TXA,N01,397,399627,F,0,0.28,0.26,5,F,-88,9.75"
RX,461906,R35,TXF,N76,98,400131,E,1,0.87,0.84,5.0,U,-77.0,9.75,True,,2026-07-09T14:26:25.124+00:00,/dev/cu.usbserial-576B0005451,"RX,461906,R35,TXF,N76,98,400131,E,1,0.87,0.84,5,U,-77,9.75"
RX,462211,R35,TXD,N46,49,400431,G,1,0.93,0.9,5.0,U,-70.0,9.75,True,,2026-07-09T14:26:25.429+00:00,/dev/cu.usbserial-576B0005451,"RX,462211,R35,TXD,N46,49,400431,G,1,0.93,0.90,5,U,-70,9.75"
RX,462408,R35,TXA,N01,398,400627,G,1,0.93,0.9,5.0,F,-87.0,9.75,True,,2026-07-09T14:26:25.626+00:00,/dev/cu.usbserial-576B0005451,"RX,462408,R35,TXA,N01,398,400627,G,1,0.93,0.90,5,F,-87,9.75"
RX,462675,R35,TXB,N16,198,400893,E,1,0.87,0.84,5.0,U,-84.0,9.75,True,,2026-07-09T14:26:25.893+00:00,/dev/cu.usbserial-576B0005451,"RX,462675,R35,TXB,N16,198,400893,E,1,0.87,0.84,5,U,-84,9.75"
RX,462856,R35,TXG,N91,48,401080,G,1,0.93,0.9,5.0,U,-81.0,9.5,True,,2026-07-09T14:26:26.074+00:00,/dev/cu.usbserial-576B0005451,"RX,462856,R35,TXG,N91,48,401080,G,1,0.93,0.90,5,U,-81,9.50"
RX,463158,R35,TXE,N61,196,401382,A,1,0.75,0.72,5.0,U,-75.0,9.75,True,,2026-07-09T14:26:26.376+00:00,/dev/cu.usbserial-576B0005451,"RX,463158,R35,TXE,N61,196,401382,A,1,0.75,0.72,5,U,-75,9.75"
RX,463408,R35,TXA,N01,399,401627,H,1,0.32,0.3,5.0,F,-87.0,10.0,True,,2026-07-09T14:26:26.626+00:00,/dev/cu.usbserial-576B0005451,"RX,463408,R35,TXA,N01,399,401627,H,1,0.32,0.30,5,F,-87,10.00"
RX,463552,R35,TXK,N151,200,401763,A,0,0.75,0.72,5.0,U,-71.0,10.25,True,,2026-07-09T14:26:26.770+00:00,/dev/cu.usbserial-576B0005451,"RX,463552,R35,TXK,N151,200,401763,A,0,0.75,0.72,5,U,-71,10.25"
RX,463906,R35,TXF,N76,99,402131,G,1,0.93,0.9,5.0,U,-78.0,9.5,True,,2026-07-09T14:26:27.124+00:00,/dev/cu.usbserial-576B0005451,"RX,463906,R35,TXF,N76,99,402131,G,1,0.93,0.90,5,U,-78,9.50"
RX,464065,R35,TXJ,N136,48,402280,G,1,0.93,0.9,5.0,U,-78.0,10.0,True,,2026-07-09T14:26:27.283+00:00,/dev/cu.usbserial-576B0005451,"RX,464065,R35,TXJ,N136,48,402280,G,1,0.93,0.90,5,U,-78,10.00"
RX,464159,R35,TXC,N31,98,402381,E,1,0.87,0.84,5.0,U,-73.0,9.75,True,,2026-07-09T14:26:27.377+00:00,/dev/cu.usbserial-576B0005451,"RX,464159,R35,TXC,N31,98,402381,E,1,0.87,0.84,5,U,-73,9.75"
RX,464408,R35,TXA,N01,400,402627,A,0,0.75,0.72,5.0,F,-86.0,9.75,True,,2026-07-09T14:26:27.626+00:00,/dev/cu.usbserial-576B0005451,"RX,464408,R35,TXA,N01,400,402627,A,0,0.75,0.72,5,F,-86,9.75"
RX,464675,R35,TXB,N16,199,402893,G,1,0.93,0.9,5.0,U,-84.0,10.0,True,,2026-07-09T14:26:27.893+00:00,/dev/cu.usbserial-576B0005451,"RX,464675,R35,TXB,N16,199,402893,G,1,0.93,0.90,5,U,-84,10.00"
RX,465158,R35,TXE,N61,197,403382,C,0,0.81,0.78,5.0,U,-75.0,9.5,True,,2026-07-09T14:26:28.377+00:00,/dev/cu.usbserial-576B0005451,"RX,465158,R35,TXE,N61,197,403382,C,0,0.81,0.78,5,U,-75,9.50"
RX,465265,R35,TXI,N121,98,403481,E,1,0.87,0.84,5.0,U,-75.0,9.5,True,,2026-07-09T14:26:28.483+00:00,/dev/cu.usbserial-576B0005451,"RX,465265,R35,TXI,N121,98,403481,E,1,0.87,0.84,5,U,-75,9.50"
RX,465408,R35,TXA,N01,401,403627,B,1,0.2,0.18,5.0,F,-87.0,9.5,True,,2026-07-09T14:26:28.626+00:00,/dev/cu.usbserial-576B0005451,"RX,465408,R35,TXA,N01,401,403627,B,1,0.20,0.18,5,F,-87,9.50"
RX,465552,R35,TXK,N151,201,403763,C,1,0.81,0.78,5.0,U,-71.0,10.0,True,,2026-07-09T14:26:28.770+00:00,/dev/cu.usbserial-576B0005451,"RX,465552,R35,TXK,N151,201,403763,C,1,0.81,0.78,5,U,-71,10.00"
RX,466159,R35,TXC,N31,99,404381,G,1,0.93,0.9,5.0,U,-73.0,10.0,True,,2026-07-09T14:26:29.377+00:00,/dev/cu.usbserial-576B0005451,"RX,466159,R35,TXC,N31,99,404381,G,1,0.93,0.90,5,U,-73,10.00"
RX,466408,R35,TXA,N01,402,404627,C,1,0.81,0.78,5.0,F,-87.0,9.5,True,,2026-07-09T14:26:29.626+00:00,/dev/cu.usbserial-576B0005451,"RX,466408,R35,TXA,N01,402,404627,C,1,0.81,0.78,5,F,-87,9.50"
RX,466675,R35,TXB,N16,200,404893,A,0,0.75,0.72,5.0,U,-84.0,9.75,True,,2026-07-09T14:26:29.893+00:00,/dev/cu.usbserial-576B0005451,"RX,466675,R35,TXB,N16,200,404893,A,0,0.75,0.72,5,U,-84,9.75"
RX,467158,R35,TXE,N61,198,405382,E,1,0.87,0.84,5.0,U,-75.0,9.75,True,,2026-07-09T14:26:30.376+00:00,/dev/cu.usbserial-576B0005451,"RX,467158,R35,TXE,N61,198,405382,E,1,0.87,0.84,5,U,-75,9.75"
RX,467265,R35,TXI,N121,99,405481,G,1,0.93,0.9,5.0,U,-75.0,10.0,True,,2026-07-09T14:26:30.483+00:00,/dev/cu.usbserial-576B0005451,"RX,467265,R35,TXI,N121,99,405481,G,1,0.93,0.90,5,U,-75,10.00"
RX,467408,R35,TXA,N01,403,405627,D,0,0.24,0.22,5.0,F,-88.0,10.0,True,,2026-07-09T14:26:30.626+00:00,/dev/cu.usbserial-576B0005451,"RX,467408,R35,TXA,N01,403,405627,D,0,0.24,0.22,5,F,-88,10.00"
RX,467552,R35,TXK,N151,202,405763,E,1,0.87,0.84,5.0,U,-71.0,9.75,True,,2026-07-09T14:26:30.770+00:00,/dev/cu.usbserial-576B0005451,"RX,467552,R35,TXK,N151,202,405763,E,1,0.87,0.84,5,U,-71,9.75"
RX,468408,R35,TXA,N01,404,406627,E,1,0.87,0.84,5.0,F,-88.0,9.75,True,,2026-07-09T14:26:31.626+00:00,/dev/cu.usbserial-576B0005451,"RX,468408,R35,TXA,N01,404,406627,E,1,0.87,0.84,5,F,-88,9.75"
RX,468675,R35,TXB,N16,201,406893,C,1,0.81,0.78,5.0,U,-84.0,9.75,True,,2026-07-09T14:26:31.893+00:00,/dev/cu.usbserial-576B0005451,"RX,468675,R35,TXB,N16,201,406893,C,1,0.81,0.78,5,U,-84,9.75"
RX,469158,R35,TXE,N61,199,407382,G,1,0.93,0.9,5.0,U,-75.0,9.5,True,,2026-07-09T14:26:32.376+00:00,/dev/cu.usbserial-576B0005451,"RX,469158,R35,TXE,N61,199,407382,G,1,0.93,0.90,5,U,-75,9.50"
RX,469408,R35,TXA,N01,405,407627,F,1,0.28,0.26,5.0,F,-88.0,9.75,True,,2026-07-09T14:26:32.626+00:00,/dev/cu.usbserial-576B0005451,"RX,469408,R35,TXA,N01,405,407627,F,1,0.28,0.26,5,F,-88,9.75"
RX,469906,R35,TXF,N76,100,408131,E,1,0.87,0.84,5.0,U,-78.0,10.25,True,,2026-07-09T14:26:33.124+00:00,/dev/cu.usbserial-576B0005451,"RX,469906,R35,TXF,N76,100,408131,E,1,0.87,0.84,5,U,-78,10.25"
RX,470211,R35,TXD,N46,50,408431,G,0,0.93,0.9,5.0,U,-71.0,9.75,True,,2026-07-09T14:26:33.429+00:00,/dev/cu.usbserial-576B0005451,"RX,470211,R35,TXD,N46,50,408431,G,0,0.93,0.90,5,U,-71,9.75"
RX,470408,R35,TXA,N01,406,408627,G,0,0.93,0.9,5.0,F,-87.0,10.0,True,,2026-07-09T14:26:33.626+00:00,/dev/cu.usbserial-576B0005451,"RX,470408,R35,TXA,N01,406,408627,G,0,0.93,0.90,5,F,-87,10.00"
RX,470675,R35,TXB,N16,202,408893,E,1,0.87,0.84,5.0,U,-85.0,10.0,True,,2026-07-09T14:26:33.893+00:00,/dev/cu.usbserial-576B0005451,"RX,470675,R35,TXB,N16,202,408893,E,1,0.87,0.84,5,U,-85,10.00"
RX,470856,R35,TXG,N91,49,409080,G,1,0.93,0.9,5.0,U,-83.0,10.25,True,,2026-07-09T14:26:34.074+00:00,/dev/cu.usbserial-576B0005451,"RX,470856,R35,TXG,N91,49,409080,G,1,0.93,0.90,5,U,-83,10.25"
RX,471158,R35,TXE,N61,200,409382,A,0,0.75,0.72,5.0,U,-75.0,9.75,True,,2026-07-09T14:26:34.377+00:00,/dev/cu.usbserial-576B0005451,"RX,471158,R35,TXE,N61,200,409382,A,0,0.75,0.72,5,U,-75,9.75"
RX,471408,R35,TXA,N01,407,409627,H,1,0.32,0.3,5.0,F,-87.0,9.75,True,,2026-07-09T14:26:34.626+00:00,/dev/cu.usbserial-576B0005451,"RX,471408,R35,TXA,N01,407,409627,H,1,0.32,0.30,5,F,-87,9.75"
RX,471552,R35,TXK,N151,204,409763,A,1,0.75,0.72,5.0,U,-71.0,9.5,True,,2026-07-09T14:26:34.770+00:00,/dev/cu.usbserial-576B0005451,"RX,471552,R35,TXK,N151,204,409763,A,1,0.75,0.72,5,U,-71,9.50"
RX,471906,R35,TXF,N76,101,410131,G,0,0.93,0.9,5.0,U,-77.0,10.0,True,,2026-07-09T14:26:35.124+00:00,/dev/cu.usbserial-576B0005451,"RX,471906,R35,TXF,N76,101,410131,G,0,0.93,0.90,5,U,-77,10.00"
RX,472065,R35,TXJ,N136,49,410280,G,1,0.93,0.9,5.0,U,-78.0,9.75,True,,2026-07-09T14:26:35.282+00:00,/dev/cu.usbserial-576B0005451,"RX,472065,R35,TXJ,N136,49,410280,G,1,0.93,0.90,5,U,-78,9.75"
RX,472159,R35,TXC,N31,100,410381,E,1,0.87,0.84,5.0,U,-73.0,10.0,True,,2026-07-09T14:26:35.377+00:00,/dev/cu.usbserial-576B0005451,"RX,472159,R35,TXC,N31,100,410381,E,1,0.87,0.84,5,U,-73,10.00"
RX,472408,R35,TXA,N01,408,410627,A,1,0.75,0.72,5.0,F,-87.0,9.75,True,,2026-07-09T14:26:35.626+00:00,/dev/cu.usbserial-576B0005451,"RX,472408,R35,TXA,N01,408,410627,A,1,0.75,0.72,5,F,-87,9.75"
RX,472675,R35,TXB,N16,203,410893,G,0,0.93,0.9,5.0,U,-85.0,9.5,True,,2026-07-09T14:26:35.893+00:00,/dev/cu.usbserial-576B0005451,"RX,472675,R35,TXB,N16,203,410893,G,0,0.93,0.90,5,U,-85,9.50"
RX,473158,R35,TXE,N61,201,411382,C,1,0.81,0.78,5.0,U,-76.0,9.5,True,,2026-07-09T14:26:36.376+00:00,/dev/cu.usbserial-576B0005451,"RX,473158,R35,TXE,N61,201,411382,C,1,0.81,0.78,5,U,-76,9.50"
RX,473270,R35,TXI,N121,100,411481,E,1,0.87,0.84,5.0,U,-75.0,10.0,True,,2026-07-09T14:26:36.488+00:00,/dev/cu.usbserial-576B0005451,"RX,473270,R35,TXI,N121,100,411481,E,1,0.87,0.84,5,U,-75,10.00"
RX,473408,R35,TXA,N01,409,411627,B,0,0.2,0.18,5.0,F,-87.0,9.25,True,,2026-07-09T14:26:36.626+00:00,/dev/cu.usbserial-576B0005451,"RX,473408,R35,TXA,N01,409,411627,B,0,0.20,0.18,5,F,-87,9.25"
RX,473552,R35,TXK,N151,205,411763,C,1,0.81,0.78,5.0,U,-71.0,10.25,True,,2026-07-09T14:26:36.770+00:00,/dev/cu.usbserial-576B0005451,"RX,473552,R35,TXK,N151,205,411763,C,1,0.81,0.78,5,U,-71,10.25"
RX,474159,R35,TXC,N31,101,412381,G,0,0.93,0.9,5.0,U,-73.0,10.0,True,,2026-07-09T14:26:37.377+00:00,/dev/cu.usbserial-576B0005451,"RX,474159,R35,TXC,N31,101,412381,G,0,0.93,0.90,5,U,-73,10.00"
RX,474408,R35,TXA,N01,410,412627,C,1,0.81,0.78,5.0,F,-87.0,9.75,True,,2026-07-09T14:26:37.626+00:00,/dev/cu.usbserial-576B0005451,"RX,474408,R35,TXA,N01,410,412627,C,1,0.81,0.78,5,F,-87,9.75"
RX,474675,R35,TXB,N16,204,412893,A,1,0.75,0.72,5.0,U,-85.0,9.5,True,,2026-07-09T14:26:37.893+00:00,/dev/cu.usbserial-576B0005451,"RX,474675,R35,TXB,N16,204,412893,A,1,0.75,0.72,5,U,-85,9.50"
RX,475158,R35,TXE,N61,202,413382,E,1,0.87,0.84,5.0,U,-75.0,9.75,True,,2026-07-09T14:26:38.377+00:00,/dev/cu.usbserial-576B0005451,"RX,475158,R35,TXE,N61,202,413382,E,1,0.87,0.84,5,U,-75,9.75"
RX,475270,R35,TXI,N121,101,413481,G,0,0.93,0.9,5.0,U,-76.0,9.25,True,,2026-07-09T14:26:38.488+00:00,/dev/cu.usbserial-576B0005451,"RX,475270,R35,TXI,N121,101,413481,G,0,0.93,0.90,5,U,-76,9.25"
RX,475408,R35,TXA,N01,411,413627,D,1,0.24,0.22,5.0,F,-87.0,10.0,True,,2026-07-09T14:26:38.628+00:00,/dev/cu.usbserial-576B0005451,"RX,475408,R35,TXA,N01,411,413627,D,1,0.24,0.22,5,F,-87,10.00"
RX,475552,R35,TXK,N151,206,413763,E,0,0.87,0.84,5.0,U,-71.0,10.0,True,,2026-07-09T14:26:38.770+00:00,/dev/cu.usbserial-576B0005451,"RX,475552,R35,TXK,N151,206,413763,E,0,0.87,0.84,5,U,-71,10.00"
RX,476408,R35,TXA,N01,412,414627,E,0,0.87,0.84,5.0,F,-87.0,9.5,True,,2026-07-09T14:26:39.626+00:00,/dev/cu.usbserial-576B0005451,"RX,476408,R35,TXA,N01,412,414627,E,0,0.87,0.84,5,F,-87,9.50"
RX,476675,R35,TXB,N16,205,414893,C,1,0.81,0.78,5.0,U,-85.0,9.5,True,,2026-07-09T14:26:39.893+00:00,/dev/cu.usbserial-576B0005451,"RX,476675,R35,TXB,N16,205,414893,C,1,0.81,0.78,5,U,-85,9.50"
RX,477158,R35,TXE,N61,203,415382,G,0,0.93,0.9,5.0,U,-76.0,9.75,True,,2026-07-09T14:26:40.376+00:00,/dev/cu.usbserial-576B0005451,"RX,477158,R35,TXE,N61,203,415382,G,0,0.93,0.90,5,U,-76,9.75"
RX,477408,R35,TXA,N01,413,415627,F,1,0.28,0.26,5.0,F,-87.0,9.5,True,,2026-07-09T14:26:40.626+00:00,/dev/cu.usbserial-576B0005451,"RX,477408,R35,TXA,N01,413,415627,F,1,0.28,0.26,5,F,-87,9.50"
RX,477906,R35,TXF,N76,102,416131,E,0,0.87,0.84,5.0,U,-78.0,10.0,True,,2026-07-09T14:26:41.124+00:00,/dev/cu.usbserial-576B0005451,"RX,477906,R35,TXF,N76,102,416131,E,0,0.87,0.84,5,U,-78,10.00"
RX,478211,R35,TXD,N46,51,416431,G,1,0.93,0.9,5.0,U,-70.0,9.25,True,,2026-07-09T14:26:41.428+00:00,/dev/cu.usbserial-576B0005451,"RX,478211,R35,TXD,N46,51,416431,G,1,0.93,0.90,5,U,-70,9.25"
RX,478408,R35,TXA,N01,414,416627,G,1,0.93,0.9,5.0,F,-87.0,9.75,True,,2026-07-09T14:26:41.626+00:00,/dev/cu.usbserial-576B0005451,"RX,478408,R35,TXA,N01,414,416627,G,1,0.93,0.90,5,F,-87,9.75"
RX,478675,R35,TXB,N16,206,416893,E,0,0.87,0.84,5.0,U,-85.0,9.75,True,,2026-07-09T14:26:41.893+00:00,/dev/cu.usbserial-576B0005451,"RX,478675,R35,TXB,N16,206,416893,E,0,0.87,0.84,5,U,-85,9.75"
RX,478856,R35,TXG,N91,50,417080,G,0,0.93,0.9,5.0,U,-82.0,10.0,True,,2026-07-09T14:26:42.074+00:00,/dev/cu.usbserial-576B0005451,"RX,478856,R35,TXG,N91,50,417080,G,0,0.93,0.90,5,U,-82,10.00"
RX,479158,R35,TXE,N61,204,417382,A,1,0.75,0.72,5.0,U,-76.0,9.25,True,,2026-07-09T14:26:42.376+00:00,/dev/cu.usbserial-576B0005451,"RX,479158,R35,TXE,N61,204,417382,A,1,0.75,0.72,5,U,-76,9.25"
RX,479408,R35,TXA,N01,415,417627,H,0,0.32,0.3,5.0,F,-86.0,9.75,True,,2026-07-09T14:26:42.626+00:00,/dev/cu.usbserial-576B0005451,"RX,479408,R35,TXA,N01,415,417627,H,0,0.32,0.30,5,F,-86,9.75"
RX,479552,R35,TXK,N151,208,417763,A,1,0.75,0.72,5.0,U,-71.0,9.75,True,,2026-07-09T14:26:42.770+00:00,/dev/cu.usbserial-576B0005451,"RX,479552,R35,TXK,N151,208,417763,A,1,0.75,0.72,5,U,-71,9.75"
RX,479906,R35,TXF,N76,103,418131,G,1,0.93,0.9,5.0,U,-78.0,9.75,True,,2026-07-09T14:26:43.124+00:00,/dev/cu.usbserial-576B0005451,"RX,479906,R35,TXF,N76,103,418131,G,1,0.93,0.90,5,U,-78,9.75"
RX,480065,R35,TXJ,N136,50,418280,G,0,0.93,0.9,5.0,U,-79.0,9.5,True,,2026-07-09T14:26:43.282+00:00,/dev/cu.usbserial-576B0005451,"RX,480065,R35,TXJ,N136,50,418280,G,0,0.93,0.90,5,U,-79,9.50"
RX,480159,R35,TXC,N31,102,418381,E,0,0.87,0.84,5.0,U,-72.0,10.0,True,,2026-07-09T14:26:43.377+00:00,/dev/cu.usbserial-576B0005451,"RX,480159,R35,TXC,N31,102,418381,E,0,0.87,0.84,5,U,-72,10.00"
RX,480408,R35,TXA,N01,416,418627,A,1,0.75,0.72,5.0,F,-86.0,9.0,True,,2026-07-09T14:26:43.626+00:00,/dev/cu.usbserial-576B0005451,"RX,480408,R35,TXA,N01,416,418627,A,1,0.75,0.72,5,F,-86,9.00"
RX,480675,R35,TXB,N16,207,418893,G,1,0.93,0.9,5.0,U,-83.0,9.75,True,,2026-07-09T14:26:43.893+00:00,/dev/cu.usbserial-576B0005451,"RX,480675,R35,TXB,N16,207,418893,G,1,0.93,0.90,5,U,-83,9.75"
RX,481158,R35,TXE,N61,205,419382,C,1,0.81,0.78,5.0,U,-76.0,9.5,True,,2026-07-09T14:26:44.376+00:00,/dev/cu.usbserial-576B0005451,"RX,481158,R35,TXE,N61,205,419382,C,1,0.81,0.78,5,U,-76,9.50"
RX,481270,R35,TXI,N121,102,419481,E,0,0.87,0.84,5.0,U,-75.0,10.0,True,,2026-07-09T14:26:44.488+00:00,/dev/cu.usbserial-576B0005451,"RX,481270,R35,TXI,N121,102,419481,E,0,0.87,0.84,5,U,-75,10.00"
RX,481408,R35,TXA,N01,417,419627,B,1,0.2,0.18,5.0,F,-92.0,9.5,True,,2026-07-09T14:26:44.626+00:00,/dev/cu.usbserial-576B0005451,"RX,481408,R35,TXA,N01,417,419627,B,1,0.20,0.18,5,F,-92,9.50"
RX,481552,R35,TXK,N151,209,419763,C,0,0.81,0.78,5.0,U,-71.0,10.0,True,,2026-07-09T14:26:44.770+00:00,/dev/cu.usbserial-576B0005451,"RX,481552,R35,TXK,N151,209,419763,C,0,0.81,0.78,5,U,-71,10.00"
RX,482159,R35,TXC,N31,103,420381,G,1,0.93,0.9,5.0,U,-72.0,10.0,True,,2026-07-09T14:26:45.377+00:00,/dev/cu.usbserial-576B0005451,"RX,482159,R35,TXC,N31,103,420381,G,1,0.93,0.90,5,U,-72,10.00"
RX,482408,R35,TXA,N01,418,420627,C,0,0.81,0.78,5.0,F,-90.0,9.75,True,,2026-07-09T14:26:45.626+00:00,/dev/cu.usbserial-576B0005451,"RX,482408,R35,TXA,N01,418,420627,C,0,0.81,0.78,5,F,-90,9.75"
RX,482675,R35,TXB,N16,208,420893,A,1,0.75,0.72,5.0,U,-84.0,10.0,True,,2026-07-09T14:26:45.893+00:00,/dev/cu.usbserial-576B0005451,"RX,482675,R35,TXB,N16,208,420893,A,1,0.75,0.72,5,U,-84,10.00"
RX,483158,R35,TXE,N61,206,421382,E,0,0.87,0.84,5.0,U,-76.0,9.5,True,,2026-07-09T14:26:46.376+00:00,/dev/cu.usbserial-576B0005451,"RX,483158,R35,TXE,N61,206,421382,E,0,0.87,0.84,5,U,-76,9.50"
RX,483270,R35,TXI,N121,103,421481,G,1,0.93,0.9,5.0,U,-75.0,9.25,True,,2026-07-09T14:26:46.488+00:00,/dev/cu.usbserial-576B0005451,"RX,483270,R35,TXI,N121,103,421481,G,1,0.93,0.90,5,U,-75,9.25"
RX,483408,R35,TXA,N01,419,421627,D,1,0.24,0.22,5.0,F,-93.0,10.0,True,,2026-07-09T14:26:46.626+00:00,/dev/cu.usbserial-576B0005451,"RX,483408,R35,TXA,N01,419,421627,D,1,0.24,0.22,5,F,-93,10.00"
RX,483552,R35,TXK,N151,210,421763,E,1,0.87,0.84,5.0,U,-71.0,10.25,True,,2026-07-09T14:26:46.770+00:00,/dev/cu.usbserial-576B0005451,"RX,483552,R35,TXK,N151,210,421763,E,1,0.87,0.84,5,U,-71,10.25"
RX,484408,R35,TXA,N01,420,422627,E,1,0.87,0.84,5.0,F,-91.0,9.75,True,,2026-07-09T14:26:47.626+00:00,/dev/cu.usbserial-576B0005451,"RX,484408,R35,TXA,N01,420,422627,E,1,0.87,0.84,5,F,-91,9.75"
RX,484675,R35,TXB,N16,209,422893,C,0,0.81,0.78,5.0,U,-84.0,10.25,True,,2026-07-09T14:26:47.893+00:00,/dev/cu.usbserial-576B0005451,"RX,484675,R35,TXB,N16,209,422893,C,0,0.81,0.78,5,U,-84,10.25"
RX,485158,R35,TXE,N61,207,423382,G,1,0.93,0.9,5.0,U,-75.0,9.5,True,,2026-07-09T14:26:48.376+00:00,/dev/cu.usbserial-576B0005451,"RX,485158,R35,TXE,N61,207,423382,G,1,0.93,0.90,5,U,-75,9.50"
RX,485408,R35,TXA,N01,421,423627,F,0,0.28,0.26,5.0,F,-90.0,9.5,True,,2026-07-09T14:26:48.626+00:00,/dev/cu.usbserial-576B0005451,"RX,485408,R35,TXA,N01,421,423627,F,0,0.28,0.26,5,F,-90,9.50"
RX,485552,R35,TXK,N151,211,423763,G,1,0.93,0.9,5.0,U,-71.0,10.25,True,,2026-07-09T14:26:48.770+00:00,/dev/cu.usbserial-576B0005451,"RX,485552,R35,TXK,N151,211,423763,G,1,0.93,0.90,5,U,-71,10.25"
RX,485906,R35,TXF,N76,104,424131,E,1,0.87,0.84,5.0,U,-78.0,10.0,True,,2026-07-09T14:26:49.123+00:00,/dev/cu.usbserial-576B0005451,"RX,485906,R35,TXF,N76,104,424131,E,1,0.87,0.84,5,U,-78,10.00"
RX,486211,R35,TXD,N46,52,424431,G,1,0.93,0.9,5.0,U,-71.0,9.5,True,,2026-07-09T14:26:49.428+00:00,/dev/cu.usbserial-576B0005451,"RX,486211,R35,TXD,N46,52,424431,G,1,0.93,0.90,5,U,-71,9.50"
RX,486408,R35,TXA,N01,422,424627,G,1,0.93,0.9,5.0,F,-86.0,9.75,True,,2026-07-09T14:26:49.626+00:00,/dev/cu.usbserial-576B0005451,"RX,486408,R35,TXA,N01,422,424627,G,1,0.93,0.90,5,F,-86,9.75"
RX,486675,R35,TXB,N16,210,424893,E,1,0.87,0.84,5.0,U,-84.0,9.5,True,,2026-07-09T14:26:49.894+00:00,/dev/cu.usbserial-576B0005451,"RX,486675,R35,TXB,N16,210,424893,E,1,0.87,0.84,5,U,-84,9.50"
RX,486856,R35,TXG,N91,51,425080,G,1,0.93,0.9,5.0,U,-82.0,9.75,True,,2026-07-09T14:26:50.073+00:00,/dev/cu.usbserial-576B0005451,"RX,486856,R35,TXG,N91,51,425080,G,1,0.93,0.90,5,U,-82,9.75"
RX,487158,R35,TXE,N61,208,425382,A,1,0.75,0.72,5.0,U,-76.0,9.25,True,,2026-07-09T14:26:50.376+00:00,/dev/cu.usbserial-576B0005451,"RX,487158,R35,TXE,N61,208,425382,A,1,0.75,0.72,5,U,-76,9.25"
RX,487408,R35,TXA,N01,423,425627,H,1,0.32,0.3,5.0,F,-81.0,9.5,True,,2026-07-09T14:26:50.626+00:00,/dev/cu.usbserial-576B0005451,"RX,487408,R35,TXA,N01,423,425627,H,1,0.32,0.30,5,F,-81,9.50"
RX,487552,R35,TXK,N151,212,425763,A,0,0.75,0.72,5.0,U,-71.0,9.75,True,,2026-07-09T14:26:50.770+00:00,/dev/cu.usbserial-576B0005451,"RX,487552,R35,TXK,N151,212,425763,A,0,0.75,0.72,5,U,-71,9.75"
RX,487906,R35,TXF,N76,105,426131,G,1,0.93,0.9,5.0,U,-79.0,9.25,True,,2026-07-09T14:26:51.123+00:00,/dev/cu.usbserial-576B0005451,"RX,487906,R35,TXF,N76,105,426131,G,1,0.93,0.90,5,U,-79,9.25"
RX,488065,R35,TXJ,N136,51,426280,G,1,0.93,0.9,5.0,U,-78.0,9.5,True,,2026-07-09T14:26:51.282+00:00,/dev/cu.usbserial-576B0005451,"RX,488065,R35,TXJ,N136,51,426280,G,1,0.93,0.90,5,U,-78,9.50"
RX,488159,R35,TXC,N31,104,426381,E,1,0.87,0.84,5.0,U,-72.0,9.75,True,,2026-07-09T14:26:51.377+00:00,/dev/cu.usbserial-576B0005451,"RX,488159,R35,TXC,N31,104,426381,E,1,0.87,0.84,5,U,-72,9.75"
RX,488408,R35,TXA,N01,424,426627,A,0,0.75,0.72,5.0,F,-87.0,9.75,True,,2026-07-09T14:26:51.626+00:00,/dev/cu.usbserial-576B0005451,"RX,488408,R35,TXA,N01,424,426627,A,0,0.75,0.72,5,F,-87,9.75"
RX,488675,R35,TXB,N16,211,426893,G,1,0.93,0.9,5.0,U,-85.0,9.75,True,,2026-07-09T14:26:51.893+00:00,/dev/cu.usbserial-576B0005451,"RX,488675,R35,TXB,N16,211,426893,G,1,0.93,0.90,5,U,-85,9.75"
RX,489158,R35,TXE,N61,209,427382,C,0,0.81,0.78,5.0,U,-76.0,9.5,True,,2026-07-09T14:26:52.376+00:00,/dev/cu.usbserial-576B0005451,"RX,489158,R35,TXE,N61,209,427382,C,0,0.81,0.78,5,U,-76,9.50"
RX,489270,R35,TXI,N121,104,427481,E,1,0.87,0.84,5.0,U,-74.0,10.75,True,,2026-07-09T14:26:52.488+00:00,/dev/cu.usbserial-576B0005451,"RX,489270,R35,TXI,N121,104,427481,E,1,0.87,0.84,5,U,-74,10.75"
RX,489408,R35,TXA,N01,425,427627,B,1,0.2,0.18,5.0,F,-86.0,9.5,True,,2026-07-09T14:26:52.626+00:00,/dev/cu.usbserial-576B0005451,"RX,489408,R35,TXA,N01,425,427627,B,1,0.20,0.18,5,F,-86,9.50"
RX,489552,R35,TXK,N151,213,427763,C,1,0.81,0.78,5.0,U,-71.0,10.0,True,,2026-07-09T14:26:52.770+00:00,/dev/cu.usbserial-576B0005451,"RX,489552,R35,TXK,N151,213,427763,C,1,0.81,0.78,5,U,-71,10.00"
