rx_role,recv_ms,run_id,tx_id,node_id,seq,tx_ms,region,event,priority,usefulness,stale_after,policy,rssi,snr,parse_ok,parse_error,wall_time_utc,serial_port,raw_line
RX,1296985,R35,TXK,N151,0,1764,A,1,0.75,0.72,5.0,U,-108.0,-3.0,True,,2026-07-13T13:41:50.561+00:00,/dev/cu.usbserial-576B0005451,"RX,1296985,R35,TXK,N151,0,1764,A,1,0.75,0.72,5,U,-108,-3.00"
RX,1297840,R35,TXA,N01,0,2627,A,1,0.75,0.72,5.0,F,-109.0,-2.5,True,,2026-07-13T13:41:51.415+00:00,/dev/cu.usbserial-576B0005451,"RX,1297840,R35,TXA,N01,0,2627,A,1,0.75,0.72,5,F,-109,-2.50"
RX,1298839,R35,TXA,N01,1,3627,B,0,0.2,0.18,5.0,F,-109.0,-3.25,True,,2026-07-13T13:41:52.415+00:00,/dev/cu.usbserial-576B0005451,"RX,1298839,R35,TXA,N01,1,3627,B,0,0.20,0.18,5,F,-109,-3.25"
RX,1298985,R35,TXK,N151,1,3764,C,1,0.81,0.78,5.0,U,-109.0,-2.5,True,,2026-07-13T13:41:52.561+00:00,/dev/cu.usbserial-576B0005451,"RX,1298985,R35,TXK,N151,1,3764,C,1,0.81,0.78,5,U,-109,-2.50"
RX,1299839,R35,TXA,N01,2,4627,C,1,0.81,0.78,5.0,F,-108.0,-3.75,True,,2026-07-13T13:41:53.415+00:00,/dev/cu.usbserial-576B0005451,"RX,1299839,R35,TXA,N01,2,4627,C,1,0.81,0.78,5,F,-108,-3.75"
RX,1300839,R35,TXA,N01,3,5627,D,1,0.24,0.22,5.0,F,-108.0,-4.0,True,,2026-07-13T13:41:54.415+00:00,/dev/cu.usbserial-576B0005451,"RX,1300839,R35,TXA,N01,3,5627,D,1,0.24,0.22,5,F,-108,-4.00"
RX,1300985,R35,TXK,N151,2,5764,E,0,0.87,0.84,5.0,U,-109.0,-3.25,True,,2026-07-13T13:41:54.560+00:00,/dev/cu.usbserial-576B0005451,"RX,1300985,R35,TXK,N151,2,5764,E,0,0.87,0.84,5,U,-109,-3.25"
RX,1301839,R35,TXA,N01,4,6627,E,0,0.87,0.84,5.0,F,-109.0,-3.0,True,,2026-07-13T13:41:55.415+00:00,/dev/cu.usbserial-576B0005451,"RX,1301839,R35,TXA,N01,4,6627,E,0,0.87,0.84,5,F,-109,-3.00"
RX,1302839,R35,TXA,N01,5,7627,F,1,0.28,0.26,5.0,F,-111.0,-4.75,True,,2026-07-13T13:41:56.415+00:00,/dev/cu.usbserial-576B0005451,"RX,1302839,R35,TXA,N01,5,7627,F,1,0.28,0.26,5,F,-111,-4.75"
RX,1302955,R35,TXH,N106,0,7743,G,1,0.93,0.9,5.0,U,-106.0,-0.5,True,,2026-07-13T13:41:56.531+00:00,/dev/cu.usbserial-576B0005451,"RX,1302955,R35,TXH,N106,0,7743,G,1,0.93,0.90,5,U,-106,-0.50"
RX,1303138,R35,TXL,N166,0,7917,G,1,0.93,0.9,5.0,U,-109.0,-1.75,True,,2026-07-13T13:41:56.713+00:00,/dev/cu.usbserial-576B0005451,"RX,1303138,R35,TXL,N166,0,7917,G,1,0.93,0.90,5,U,-109,-1.75"
RX,1303339,R35,TXF,N76,0,8131,E,0,0.87,0.84,5.0,U,-111.0,-8.75,True,,2026-07-13T13:41:56.914+00:00,/dev/cu.usbserial-576B0005451,"RX,1303339,R35,TXF,N76,0,8131,E,0,0.87,0.84,5,U,-111,-8.75"
RX,1303643,R35,TXD,N46,0,8431,G,1,0.93,0.9,5.0,U,-111.0,-5.25,True,,2026-07-13T13:41:57.219+00:00,/dev/cu.usbserial-576B0005451,"RX,1303643,R35,TXD,N46,0,8431,G,1,0.93,0.90,5,U,-111,-5.25"
RX,1303839,R35,TXA,N01,6,8627,G,1,0.93,0.9,5.0,F,-109.0,-1.5,True,,2026-07-13T13:41:57.415+00:00,/dev/cu.usbserial-576B0005451,"RX,1303839,R35,TXA,N01,6,8627,G,1,0.93,0.90,5,F,-109,-1.50"
RX,1304591,R35,TXE,N61,0,9383,A,1,0.75,0.72,5.0,U,-110.0,-3.0,True,,2026-07-13T13:41:58.167+00:00,/dev/cu.usbserial-576B0005451,"RX,1304591,R35,TXE,N61,0,9383,A,1,0.75,0.72,5,U,-110,-3.00"
RX,1304839,R35,TXA,N01,7,9627,H,0,0.32,0.3,5.0,F,-108.0,-1.0,True,,2026-07-13T13:41:58.415+00:00,/dev/cu.usbserial-576B0005451,"RX,1304839,R35,TXA,N01,7,9627,H,0,0.32,0.30,5,F,-108,-1.00"
RX,1304985,R35,TXK,N151,4,9764,A,1,0.75,0.72,5.0,U,-108.0,-1.5,True,,2026-07-13T13:41:58.560+00:00,/dev/cu.usbserial-576B0005451,"RX,1304985,R35,TXK,N151,4,9764,A,1,0.75,0.72,5,U,-108,-1.50"
RX,1305602,R35,TXC,N31,0,10385,E,0,0.87,0.84,5.0,U,-107.0,0.5,True,,2026-07-13T13:41:59.178+00:00,/dev/cu.usbserial-576B0005451,"RX,1305602,R35,TXC,N31,0,10385,E,0,0.87,0.84,5,U,-107,0.50"
RX,1305844,R35,TXA,N01,8,10627,A,1,0.75,0.72,5.0,F,-108.0,0.5,True,,2026-07-13T13:41:59.422+00:00,/dev/cu.usbserial-576B0005451,"RX,1305844,R35,TXA,N01,8,10627,A,1,0.75,0.72,5,F,-108,0.50"
RX,1306596,R35,TXE,N61,1,11383,C,1,0.81,0.78,5.0,U,-108.0,-2.0,True,,2026-07-13T13:42:00.172+00:00,/dev/cu.usbserial-576B0005451,"RX,1306596,R35,TXE,N61,1,11383,C,1,0.81,0.78,5,U,-108,-2.00"
RX,1306703,R35,TXI,N121,0,11482,E,0,0.87,0.84,5.0,U,-109.0,-3.75,True,,2026-07-13T13:42:00.279+00:00,/dev/cu.usbserial-576B0005451,"RX,1306703,R35,TXI,N121,0,11482,E,0,0.87,0.84,5,U,-109,-3.75"
RX,1306844,R35,TXA,N01,9,11627,B,1,0.2,0.18,5.0,F,-108.0,-2.75,True,,2026-07-13T13:42:00.420+00:00,/dev/cu.usbserial-576B0005451,"RX,1306844,R35,TXA,N01,9,11627,B,1,0.20,0.18,5,F,-108,-2.75"
RX,1306985,R35,TXK,N151,5,11764,C,0,0.81,0.78,5.0,U,-109.0,-2.75,True,,2026-07-13T13:42:00.561+00:00,/dev/cu.usbserial-576B0005451,"RX,1306985,R35,TXK,N151,5,11764,C,0,0.81,0.78,5,U,-109,-2.75"
RX,1307602,R35,TXC,N31,1,12385,G,1,0.93,0.9,5.0,U,-109.0,-4.0,True,,2026-07-13T13:42:01.178+00:00,/dev/cu.usbserial-576B0005451,"RX,1307602,R35,TXC,N31,1,12385,G,1,0.93,0.90,5,U,-109,-4.00"
RX,1307844,R35,TXA,N01,10,12627,C,0,0.81,0.78,5.0,F,-108.0,-3.5,True,,2026-07-13T13:42:01.421+00:00,/dev/cu.usbserial-576B0005451,"RX,1307844,R35,TXA,N01,10,12627,C,0,0.81,0.78,5,F,-108,-3.50"
RX,1308596,R35,TXE,N61,2,13383,E,0,0.87,0.84,5.0,U,-108.0,-3.75,True,,2026-07-13T13:42:02.171+00:00,/dev/cu.usbserial-576B0005451,"RX,1308596,R35,TXE,N61,2,13383,E,0,0.87,0.84,5,U,-108,-3.75"
RX,1308703,R35,TXI,N121,1,13482,G,1,0.93,0.9,5.0,U,-108.0,-5.25,True,,2026-07-13T13:42:02.279+00:00,/dev/cu.usbserial-576B0005451,"RX,1308703,R35,TXI,N121,1,13482,G,1,0.93,0.90,5,U,-108,-5.25"
RX,1308844,R35,TXA,N01,11,13627,D,1,0.24,0.22,5.0,F,-109.0,-2.75,True,,2026-07-13T13:42:02.421+00:00,/dev/cu.usbserial-576B0005451,"RX,1308844,R35,TXA,N01,11,13627,D,1,0.24,0.22,5,F,-109,-2.75"
RX,1308985,R35,TXK,N151,6,13764,E,1,0.87,0.84,5.0,U,-108.0,-4.25,True,,2026-07-13T13:42:02.561+00:00,/dev/cu.usbserial-576B0005451,"RX,1308985,R35,TXK,N151,6,13764,E,1,0.87,0.84,5,U,-108,-4.25"
RX,1309844,R35,TXA,N01,12,14627,E,1,0.87,0.84,5.0,F,-108.0,-1.75,True,,2026-07-13T13:42:03.421+00:00,/dev/cu.usbserial-576B0005451,"RX,1309844,R35,TXA,N01,12,14627,E,1,0.87,0.84,5,F,-108,-1.75"
RX,1310596,R35,TXE,N61,3,15383,G,1,0.93,0.9,5.0,U,-109.0,-3.25,True,,2026-07-13T13:42:04.172+00:00,/dev/cu.usbserial-576B0005451,"RX,1310596,R35,TXE,N61,3,15383,G,1,0.93,0.90,5,U,-109,-3.25"
RX,1310844,R35,TXA,N01,13,15627,F,0,0.28,0.26,5.0,F,-109.0,-3.75,True,,2026-07-13T13:42:04.420+00:00,/dev/cu.usbserial-576B0005451,"RX,1310844,R35,TXA,N01,13,15627,F,0,0.28,0.26,5,F,-109,-3.75"
RX,1310955,R35,TXH,N106,1,15743,G,1,0.93,0.9,5.0,U,-107.0,-1.0,True,,2026-07-13T13:42:04.531+00:00,/dev/cu.usbserial-576B0005451,"RX,1310955,R35,TXH,N106,1,15743,G,1,0.93,0.90,5,U,-107,-1.00"
RX,1311138,R35,TXL,N166,1,15917,G,1,0.93,0.9,5.0,U,-108.0,-0.75,True,,2026-07-13T13:42:04.713+00:00,/dev/cu.usbserial-576B0005451,"RX,1311138,R35,TXL,N166,1,15917,G,1,0.93,0.90,5,U,-108,-0.75"
RX,1311648,R35,TXD,N46,1,16431,G,1,0.93,0.9,5.0,U,-110.0,-5.0,True,,2026-07-13T13:42:05.224+00:00,/dev/cu.usbserial-576B0005451,"RX,1311648,R35,TXD,N46,1,16431,G,1,0.93,0.90,5,U,-110,-5.00"
RX,1311844,R35,TXA,N01,14,16627,G,1,0.93,0.9,5.0,F,-109.0,-2.25,True,,2026-07-13T13:42:05.421+00:00,/dev/cu.usbserial-576B0005451,"RX,1311844,R35,TXA,N01,14,16627,G,1,0.93,0.90,5,F,-109,-2.25"
RX,1312294,R35,TXG,N91,0,17081,G,1,0.93,0.9,5.0,U,-109.0,-6.0,True,,2026-07-13T13:42:05.870+00:00,/dev/cu.usbserial-576B0005451,"RX,1312294,R35,TXG,N91,0,17081,G,1,0.93,0.90,5,U,-109,-6.00"
RX,1312596,R35,TXE,N61,4,17383,A,1,0.75,0.72,5.0,U,-109.0,-3.75,True,,2026-07-13T13:42:06.173+00:00,/dev/cu.usbserial-576B0005451,"RX,1312596,R35,TXE,N61,4,17383,A,1,0.75,0.72,5,U,-109,-3.75"
RX,1312844,R35,TXA,N01,15,17627,H,1,0.32,0.3,5.0,F,-108.0,-1.5,True,,2026-07-13T13:42:06.421+00:00,/dev/cu.usbserial-576B0005451,"RX,1312844,R35,TXA,N01,15,17627,H,1,0.32,0.30,5,F,-108,-1.50"
RX,1312985,R35,TXK,N151,8,17764,A,0,0.75,0.72,5.0,U,-109.0,-3.0,True,,2026-07-13T13:42:06.561+00:00,/dev/cu.usbserial-576B0005451,"RX,1312985,R35,TXK,N151,8,17764,A,0,0.75,0.72,5,U,-109,-3.00"
RX,1313502,R35,TXJ,N136,0,18281,G,1,0.93,0.9,5.0,U,-109.0,-5.75,True,,2026-07-13T13:42:07.078+00:00,/dev/cu.usbserial-576B0005451,"RX,1313502,R35,TXJ,N136,0,18281,G,1,0.93,0.90,5,U,-109,-5.75"
RX,1313602,R35,TXC,N31,2,18385,E,1,0.87,0.84,5.0,U,-109.0,-3.0,True,,2026-07-13T13:42:07.178+00:00,/dev/cu.usbserial-576B0005451,"RX,1313602,R35,TXC,N31,2,18385,E,1,0.87,0.84,5,U,-109,-3.00"
RX,1313844,R35,TXA,N01,16,18627,A,0,0.75,0.72,5.0,F,-108.0,-1.75,True,,2026-07-13T13:42:07.421+00:00,/dev/cu.usbserial-576B0005451,"RX,1313844,R35,TXA,N01,16,18627,A,0,0.75,0.72,5,F,-108,-1.75"
RX,1314596,R35,TXE,N61,5,19383,C,0,0.81,0.78,5.0,U,-108.0,-4.0,True,,2026-07-13T13:42:08.172+00:00,/dev/cu.usbserial-576B0005451,"RX,1314596,R35,TXE,N61,5,19383,C,0,0.81,0.78,5,U,-108,-4.00"
RX,1314703,R35,TXI,N121,2,19482,E,1,0.87,0.84,5.0,U,-109.0,-5.25,True,,2026-07-13T13:42:08.279+00:00,/dev/cu.usbserial-576B0005451,"RX,1314703,R35,TXI,N121,2,19482,E,1,0.87,0.84,5,U,-109,-5.25"
RX,1314844,R35,TXA,N01,17,19627,B,1,0.2,0.18,5.0,F,-108.0,-1.75,True,,2026-07-13T13:42:08.422+00:00,/dev/cu.usbserial-576B0005451,"RX,1314844,R35,TXA,N01,17,19627,B,1,0.20,0.18,5,F,-108,-1.75"
RX,1314985,R35,TXK,N151,9,19764,C,1,0.81,0.78,5.0,U,-108.0,-4.0,True,,2026-07-13T13:42:08.561+00:00,/dev/cu.usbserial-576B0005451,"RX,1314985,R35,TXK,N151,9,19764,C,1,0.81,0.78,5,U,-108,-4.00"
RX,1315602,R35,TXC,N31,3,20385,G,1,0.93,0.9,5.0,U,-108.0,-2.25,True,,2026-07-13T13:42:09.178+00:00,/dev/cu.usbserial-576B0005451,"RX,1315602,R35,TXC,N31,3,20385,G,1,0.93,0.90,5,U,-108,-2.25"
RX,1315844,R35,TXA,N01,18,20627,C,1,0.81,0.78,5.0,F,-109.0,-2.75,True,,2026-07-13T13:42:09.420+00:00,/dev/cu.usbserial-576B0005451,"RX,1315844,R35,TXA,N01,18,20627,C,1,0.81,0.78,5,F,-109,-2.75"
RX,1316596,R35,TXE,N61,6,21383,E,1,0.87,0.84,5.0,U,-108.0,-4.25,True,,2026-07-13T13:42:10.171+00:00,/dev/cu.usbserial-576B0005451,"RX,1316596,R35,TXE,N61,6,21383,E,1,0.87,0.84,5,U,-108,-4.25"
RX,1316703,R35,TXI,N121,3,21482,G,1,0.93,0.9,5.0,U,-109.0,-6.5,True,,2026-07-13T13:42:10.278+00:00,/dev/cu.usbserial-576B0005451,"RX,1316703,R35,TXI,N121,3,21482,G,1,0.93,0.90,5,U,-109,-6.50"
RX,1316844,R35,TXA,N01,19,21627,D,0,0.24,0.22,5.0,F,-109.0,-3.0,True,,2026-07-13T13:42:10.420+00:00,/dev/cu.usbserial-576B0005451,"RX,1316844,R35,TXA,N01,19,21627,D,0,0.24,0.22,5,F,-109,-3.00"
RX,1316985,R35,TXK,N151,10,21764,E,1,0.87,0.84,5.0,U,-109.0,-3.75,True,,2026-07-13T13:42:10.560+00:00,/dev/cu.usbserial-576B0005451,"RX,1316985,R35,TXK,N151,10,21764,E,1,0.87,0.84,5,U,-109,-3.75"
RX,1317844,R35,TXA,N01,20,22627,E,1,0.87,0.84,5.0,F,-109.0,-3.0,True,,2026-07-13T13:42:11.420+00:00,/dev/cu.usbserial-576B0005451,"RX,1317844,R35,TXA,N01,20,22627,E,1,0.87,0.84,5,F,-109,-3.00"
RX,1318596,R35,TXE,N61,7,23383,G,1,0.93,0.9,5.0,U,-108.0,-4.5,True,,2026-07-13T13:42:12.171+00:00,/dev/cu.usbserial-576B0005451,"RX,1318596,R35,TXE,N61,7,23383,G,1,0.93,0.90,5,U,-108,-4.50"
RX,1318844,R35,TXA,N01,21,23627,F,1,0.28,0.26,5.0,F,-108.0,-2.75,True,,2026-07-13T13:42:12.420+00:00,/dev/cu.usbserial-576B0005451,"RX,1318844,R35,TXA,N01,21,23627,F,1,0.28,0.26,5,F,-108,-2.75"
RX,1318955,R35,TXH,N106,2,23743,G,0,0.93,0.9,5.0,U,-106.0,-0.5,True,,2026-07-13T13:42:12.531+00:00,/dev/cu.usbserial-576B0005451,"RX,1318955,R35,TXH,N106,2,23743,G,0,0.93,0.90,5,U,-106,-0.50"
RX,1319137,R35,TXL,N166,2,23917,G,0,0.93,0.9,5.0,U,-108.0,-0.75,True,,2026-07-13T13:42:12.713+00:00,/dev/cu.usbserial-576B0005451,"RX,1319137,R35,TXL,N166,2,23917,G,0,0.93,0.90,5,U,-108,-0.75"
RX,1319648,R35,TXD,N46,2,24431,G,0,0.93,0.9,5.0,U,-109.0,-4.75,True,,2026-07-13T13:42:13.224+00:00,/dev/cu.usbserial-576B0005451,"RX,1319648,R35,TXD,N46,2,24431,G,0,0.93,0.90,5,U,-109,-4.75"
RX,1319844,R35,TXA,N01,22,24627,G,0,0.93,0.9,5.0,F,-108.0,-2.5,True,,2026-07-13T13:42:13.420+00:00,/dev/cu.usbserial-576B0005451,"RX,1319844,R35,TXA,N01,22,24627,G,0,0.93,0.90,5,F,-108,-2.50"
RX,1320294,R35,TXG,N91,1,25081,G,1,0.93,0.9,5.0,U,-109.0,-6.5,True,,2026-07-13T13:42:13.869+00:00,/dev/cu.usbserial-576B0005451,"RX,1320294,R35,TXG,N91,1,25081,G,1,0.93,0.90,5,U,-109,-6.50"
RX,1320596,R35,TXE,N61,8,25383,A,0,0.75,0.72,5.0,U,-109.0,-4.75,True,,2026-07-13T13:42:14.171+00:00,/dev/cu.usbserial-576B0005451,"RX,1320596,R35,TXE,N61,8,25383,A,0,0.75,0.72,5,U,-109,-4.75"
RX,1320844,R35,TXA,N01,23,25627,H,1,0.32,0.3,5.0,F,-108.0,-2.0,True,,2026-07-13T13:42:14.420+00:00,/dev/cu.usbserial-576B0005451,"RX,1320844,R35,TXA,N01,23,25627,H,1,0.32,0.30,5,F,-108,-2.00"
RX,1320985,R35,TXK,N151,12,25764,A,1,0.75,0.72,5.0,U,-108.0,-3.0,True,,2026-07-13T13:42:14.560+00:00,/dev/cu.usbserial-576B0005451,"RX,1320985,R35,TXK,N151,12,25764,A,1,0.75,0.72,5,U,-108,-3.00"
RX,1321502,R35,TXJ,N136,1,26281,G,1,0.93,0.9,5.0,U,-108.0,-3.0,True,,2026-07-13T13:42:15.077+00:00,/dev/cu.usbserial-576B0005451,"RX,1321502,R35,TXJ,N136,1,26281,G,1,0.93,0.90,5,U,-108,-3.00"
RX,1321602,R35,TXC,N31,4,26385,E,1,0.87,0.84,5.0,U,-109.0,-1.25,True,,2026-07-13T13:42:15.177+00:00,/dev/cu.usbserial-576B0005451,"RX,1321602,R35,TXC,N31,4,26385,E,1,0.87,0.84,5,U,-109,-1.25"
RX,1321844,R35,TXA,N01,24,26627,A,1,0.75,0.72,5.0,F,-108.0,-1.75,True,,2026-07-13T13:42:15.420+00:00,/dev/cu.usbserial-576B0005451,"RX,1321844,R35,TXA,N01,24,26627,A,1,0.75,0.72,5,F,-108,-1.75"
RX,1322596,R35,TXE,N61,9,27383,C,1,0.81,0.78,5.0,U,-109.0,-3.0,True,,2026-07-13T13:42:16.171+00:00,/dev/cu.usbserial-576B0005451,"RX,1322596,R35,TXE,N61,9,27383,C,1,0.81,0.78,5,U,-109,-3.00"
RX,1322703,R35,TXI,N121,4,27482,E,1,0.87,0.84,5.0,U,-108.0,-5.5,True,,2026-07-13T13:42:16.278+00:00,/dev/cu.usbserial-576B0005451,"RX,1322703,R35,TXI,N121,4,27482,E,1,0.87,0.84,5,U,-108,-5.50"
RX,1322844,R35,TXA,N01,25,27627,B,0,0.2,0.18,5.0,F,-108.0,-2.75,True,,2026-07-13T13:42:16.420+00:00,/dev/cu.usbserial-576B0005451,"RX,1322844,R35,TXA,N01,25,27627,B,0,0.20,0.18,5,F,-108,-2.75"
RX,1322985,R35,TXK,N151,13,27764,C,1,0.81,0.78,5.0,U,-108.0,-2.0,True,,2026-07-13T13:42:16.560+00:00,/dev/cu.usbserial-576B0005451,"RX,1322985,R35,TXK,N151,13,27764,C,1,0.81,0.78,5,U,-108,-2.00"
RX,1323602,R35,TXC,N31,5,28385,G,0,0.93,0.9,5.0,U,-109.0,-3.5,True,,2026-07-13T13:42:17.178+00:00,/dev/cu.usbserial-576B0005451,"RX,1323602,R35,TXC,N31,5,28385,G,0,0.93,0.90,5,U,-109,-3.50"
RX,1323844,R35,TXA,N01,26,28627,C,1,0.81,0.78,5.0,F,-109.0,-2.25,True,,2026-07-13T13:42:17.420+00:00,/dev/cu.usbserial-576B0005451,"RX,1323844,R35,TXA,N01,26,28627,C,1,0.81,0.78,5,F,-109,-2.25"
RX,1324596,R35,TXE,N61,10,29383,E,1,0.87,0.84,5.0,U,-108.0,-3.0,True,,2026-07-13T13:42:18.172+00:00,/dev/cu.usbserial-576B0005451,"RX,1324596,R35,TXE,N61,10,29383,E,1,0.87,0.84,5,U,-108,-3.00"
RX,1324703,R35,TXI,N121,5,29482,G,0,0.93,0.9,5.0,U,-109.0,-6.0,True,,2026-07-13T13:42:18.278+00:00,/dev/cu.usbserial-576B0005451,"RX,1324703,R35,TXI,N121,5,29482,G,0,0.93,0.90,5,U,-109,-6.00"
RX,1324844,R35,TXA,N01,27,29627,D,1,0.24,0.22,5.0,F,-108.0,-2.75,True,,2026-07-13T13:42:18.420+00:00,/dev/cu.usbserial-576B0005451,"RX,1324844,R35,TXA,N01,27,29627,D,1,0.24,0.22,5,F,-108,-2.75"
RX,1324985,R35,TXK,N151,14,29764,E,0,0.87,0.84,5.0,U,-108.0,-3.0,True,,2026-07-13T13:42:18.561+00:00,/dev/cu.usbserial-576B0005451,"RX,1324985,R35,TXK,N151,14,29764,E,0,0.87,0.84,5,U,-108,-3.00"
RX,1325844,R35,TXA,N01,28,30627,E,0,0.87,0.84,5.0,F,-108.0,-2.75,True,,2026-07-13T13:42:19.420+00:00,/dev/cu.usbserial-576B0005451,"RX,1325844,R35,TXA,N01,28,30627,E,0,0.87,0.84,5,F,-108,-2.75"
RX,1326596,R35,TXE,N61,11,31383,G,0,0.93,0.9,5.0,U,-108.0,-4.0,True,,2026-07-13T13:42:20.172+00:00,/dev/cu.usbserial-576B0005451,"RX,1326596,R35,TXE,N61,11,31383,G,0,0.93,0.90,5,U,-108,-4.00"
RX,1326844,R35,TXA,N01,29,31627,F,1,0.28,0.26,5.0,F,-108.0,-2.0,True,,2026-07-13T13:42:20.420+00:00,/dev/cu.usbserial-576B0005451,"RX,1326844,R35,TXA,N01,29,31627,F,1,0.28,0.26,5,F,-108,-2.00"
RX,1326955,R35,TXH,N106,3,31743,G,1,0.93,0.9,5.0,U,-105.0,0.25,True,,2026-07-13T13:42:20.531+00:00,/dev/cu.usbserial-576B0005451,"RX,1326955,R35,TXH,N106,3,31743,G,1,0.93,0.90,5,U,-105,0.25"
RX,1327137,R35,TXL,N166,3,31917,G,1,0.93,0.9,5.0,U,-108.0,-1.75,True,,2026-07-13T13:42:20.713+00:00,/dev/cu.usbserial-576B0005451,"RX,1327137,R35,TXL,N166,3,31917,G,1,0.93,0.90,5,U,-108,-1.75"
RX,1327648,R35,TXD,N46,3,32431,G,1,0.93,0.9,5.0,U,-108.0,-5.5,True,,2026-07-13T13:42:21.224+00:00,/dev/cu.usbserial-576B0005451,"RX,1327648,R35,TXD,N46,3,32431,G,1,0.93,0.90,5,U,-108,-5.50"
RX,1327844,R35,TXA,N01,30,32627,G,1,0.93,0.9,5.0,F,-108.0,-2.25,True,,2026-07-13T13:42:21.420+00:00,/dev/cu.usbserial-576B0005451,"RX,1327844,R35,TXA,N01,30,32627,G,1,0.93,0.90,5,F,-108,-2.25"
RX,1328293,R35,TXG,N91,2,33081,G,0,0.93,0.9,5.0,U,-109.0,-4.25,True,,2026-07-13T13:42:21.869+00:00,/dev/cu.usbserial-576B0005451,"RX,1328293,R35,TXG,N91,2,33081,G,0,0.93,0.90,5,U,-109,-4.25"
RX,1328596,R35,TXE,N61,12,33383,A,1,0.75,0.72,5.0,U,-109.0,-4.25,True,,2026-07-13T13:42:22.172+00:00,/dev/cu.usbserial-576B0005451,"RX,1328596,R35,TXE,N61,12,33383,A,1,0.75,0.72,5,U,-109,-4.25"
RX,1328844,R35,TXA,N01,31,33627,H,0,0.32,0.3,5.0,F,-108.0,-2.5,True,,2026-07-13T13:42:22.420+00:00,/dev/cu.usbserial-576B0005451,"RX,1328844,R35,TXA,N01,31,33627,H,0,0.32,0.30,5,F,-108,-2.50"
RX,1328985,R35,TXK,N151,16,33764,A,1,0.75,0.72,5.0,U,-108.0,-4.0,True,,2026-07-13T13:42:22.561+00:00,/dev/cu.usbserial-576B0005451,"RX,1328985,R35,TXK,N151,16,33764,A,1,0.75,0.72,5,U,-108,-4.00"
RX,1329502,R35,TXJ,N136,2,34281,G,0,0.93,0.9,5.0,U,-108.0,-3.25,True,,2026-07-13T13:42:23.077+00:00,/dev/cu.usbserial-576B0005451,"RX,1329502,R35,TXJ,N136,2,34281,G,0,0.93,0.90,5,U,-108,-3.25"
RX,1329602,R35,TXC,N31,6,34385,E,0,0.87,0.84,5.0,U,-107.0,-1.5,True,,2026-07-13T13:42:23.178+00:00,/dev/cu.usbserial-576B0005451,"RX,1329602,R35,TXC,N31,6,34385,E,0,0.87,0.84,5,U,-107,-1.50"
RX,1329844,R35,TXA,N01,32,34627,A,1,0.75,0.72,5.0,F,-108.0,-2.0,True,,2026-07-13T13:42:23.420+00:00,/dev/cu.usbserial-576B0005451,"RX,1329844,R35,TXA,N01,32,34627,A,1,0.75,0.72,5,F,-108,-2.00"
RX,1330596,R35,TXE,N61,13,35383,C,1,0.81,0.78,5.0,U,-108.0,-3.25,True,,2026-07-13T13:42:24.172+00:00,/dev/cu.usbserial-576B0005451,"RX,1330596,R35,TXE,N61,13,35383,C,1,0.81,0.78,5,U,-108,-3.25"
RX,1330703,R35,TXI,N121,6,35482,E,0,0.87,0.84,5.0,U,-109.0,-5.0,True,,2026-07-13T13:42:24.278+00:00,/dev/cu.usbserial-576B0005451,"RX,1330703,R35,TXI,N121,6,35482,E,0,0.87,0.84,5,U,-109,-5.00"
RX,1330844,R35,TXA,N01,33,35627,B,1,0.2,0.18,5.0,F,-108.0,-1.5,True,,2026-07-13T13:42:24.420+00:00,/dev/cu.usbserial-576B0005451,"RX,1330844,R35,TXA,N01,33,35627,B,1,0.20,0.18,5,F,-108,-1.50"
RX,1330985,R35,TXK,N151,17,35764,C,0,0.81,0.78,5.0,U,-108.0,-3.0,True,,2026-07-13T13:42:24.560+00:00,/dev/cu.usbserial-576B0005451,"RX,1330985,R35,TXK,N151,17,35764,C,0,0.81,0.78,5,U,-108,-3.00"
RX,1331602,R35,TXC,N31,7,36385,G,1,0.93,0.9,5.0,U,-109.0,-2.75,True,,2026-07-13T13:42:25.178+00:00,/dev/cu.usbserial-576B0005451,"RX,1331602,R35,TXC,N31,7,36385,G,1,0.93,0.90,5,U,-109,-2.75"
RX,1331844,R35,TXA,N01,34,36627,C,0,0.81,0.78,5.0,F,-108.0,-1.75,True,,2026-07-13T13:42:25.420+00:00,/dev/cu.usbserial-576B0005451,"RX,1331844,R35,TXA,N01,34,36627,C,0,0.81,0.78,5,F,-108,-1.75"
RX,1332596,R35,TXE,N61,14,37383,E,0,0.87,0.84,5.0,U,-108.0,-3.25,True,,2026-07-13T13:42:26.172+00:00,/dev/cu.usbserial-576B0005451,"RX,1332596,R35,TXE,N61,14,37383,E,0,0.87,0.84,5,U,-108,-3.25"
RX,1332703,R35,TXI,N121,7,37482,G,1,0.93,0.9,5.0,U,-108.0,-4.25,True,,2026-07-13T13:42:26.278+00:00,/dev/cu.usbserial-576B0005451,"RX,1332703,R35,TXI,N121,7,37482,G,1,0.93,0.90,5,U,-108,-4.25"
RX,1332844,R35,TXA,N01,35,37627,D,1,0.24,0.22,5.0,F,-108.0,-1.75,True,,2026-07-13T13:42:26.420+00:00,/dev/cu.usbserial-576B0005451,"RX,1332844,R35,TXA,N01,35,37627,D,1,0.24,0.22,5,F,-108,-1.75"
RX,1332985,R35,TXK,N151,18,37764,E,1,0.87,0.84,5.0,U,-108.0,-2.75,True,,2026-07-13T13:42:26.560+00:00,/dev/cu.usbserial-576B0005451,"RX,1332985,R35,TXK,N151,18,37764,E,1,0.87,0.84,5,U,-108,-2.75"
RX,1333844,R35,TXA,N01,36,38627,E,1,0.87,0.84,5.0,F,-107.0,-1.0,True,,2026-07-13T13:42:27.420+00:00,/dev/cu.usbserial-576B0005451,"RX,1333844,R35,TXA,N01,36,38627,E,1,0.87,0.84,5,F,-107,-1.00"
RX,1334596,R35,TXE,N61,15,39383,G,1,0.93,0.9,5.0,U,-107.0,-3.25,True,,2026-07-13T13:42:28.172+00:00,/dev/cu.usbserial-576B0005451,"RX,1334596,R35,TXE,N61,15,39383,G,1,0.93,0.90,5,U,-107,-3.25"
RX,1334844,R35,TXA,N01,37,39627,F,0,0.28,0.26,5.0,F,-107.0,-0.75,True,,2026-07-13T13:42:28.420+00:00,/dev/cu.usbserial-576B0005451,"RX,1334844,R35,TXA,N01,37,39627,F,0,0.28,0.26,5,F,-107,-0.75"
RX,1334985,R35,TXK,N151,19,39764,G,1,0.93,0.9,5.0,U,-108.0,-2.5,True,,2026-07-13T13:42:28.560+00:00,/dev/cu.usbserial-576B0005451,"RX,1334985,R35,TXK,N151,19,39764,G,1,0.93,0.90,5,U,-108,-2.50"
RX,1335648,R35,TXD,N46,4,40431,G,1,0.93,0.9,5.0,U,-109.0,-5.0,True,,2026-07-13T13:42:29.224+00:00,/dev/cu.usbserial-576B0005451,"RX,1335648,R35,TXD,N46,4,40431,G,1,0.93,0.90,5,U,-109,-5.00"
RX,1335844,R35,TXA,N01,38,40627,G,1,0.93,0.9,5.0,F,-107.0,-0.75,True,,2026-07-13T13:42:29.420+00:00,/dev/cu.usbserial-576B0005451,"RX,1335844,R35,TXA,N01,38,40627,G,1,0.93,0.90,5,F,-107,-0.75"
RX,1336293,R35,TXG,N91,3,41081,G,1,0.93,0.9,5.0,U,-108.0,-5.5,True,,2026-07-13T13:42:29.869+00:00,/dev/cu.usbserial-576B0005451,"RX,1336293,R35,TXG,N91,3,41081,G,1,0.93,0.90,5,U,-108,-5.50"
RX,1336844,R35,TXA,N01,39,41627,H,1,0.32,0.3,5.0,F,-108.0,-1.25,True,,2026-07-13T13:42:30.420+00:00,/dev/cu.usbserial-576B0005451,"RX,1336844,R35,TXA,N01,39,41627,H,1,0.32,0.30,5,F,-108,-1.25"
RX,1336985,R35,TXK,N151,20,41764,A,0,0.75,0.72,5.0,U,-108.0,-2.5,True,,2026-07-13T13:42:30.560+00:00,/dev/cu.usbserial-576B0005451,"RX,1336985,R35,TXK,N151,20,41764,A,0,0.75,0.72,5,U,-108,-2.50"
RX,1337502,R35,TXJ,N136,3,42281,G,1,0.93,0.9,5.0,U,-108.0,-3.0,True,,2026-07-13T13:42:31.078+00:00,/dev/cu.usbserial-576B0005451,"RX,1337502,R35,TXJ,N136,3,42281,G,1,0.93,0.90,5,U,-108,-3.00"
RX,1337602,R35,TXC,N31,8,42385,E,1,0.87,0.84,5.0,U,-108.0,-1.25,True,,2026-07-13T13:42:31.177+00:00,/dev/cu.usbserial-576B0005451,"RX,1337602,R35,TXC,N31,8,42385,E,1,0.87,0.84,5,U,-108,-1.25"
RX,1337844,R35,TXA,N01,40,42627,A,0,0.75,0.72,5.0,F,-108.0,-1.25,True,,2026-07-13T13:42:31.420+00:00,/dev/cu.usbserial-576B0005451,"RX,1337844,R35,TXA,N01,40,42627,A,0,0.75,0.72,5,F,-108,-1.25"
RX,1338596,R35,TXE,N61,17,43383,C,0,0.81,0.78,5.0,U,-108.0,-2.25,True,,2026-07-13T13:42:32.172+00:00,/dev/cu.usbserial-576B0005451,"RX,1338596,R35,TXE,N61,17,43383,C,0,0.81,0.78,5,U,-108,-2.25"
RX,1338703,R35,TXI,N121,8,43482,E,1,0.87,0.84,5.0,U,-109.0,-3.75,True,,2026-07-13T13:42:32.278+00:00,/dev/cu.usbserial-576B0005451,"RX,1338703,R35,TXI,N121,8,43482,E,1,0.87,0.84,5,U,-109,-3.75"
RX,1338844,R35,TXA,N01,41,43627,B,1,0.2,0.18,5.0,F,-108.0,-2.0,True,,2026-07-13T13:42:32.420+00:00,/dev/cu.usbserial-576B0005451,"RX,1338844,R35,TXA,N01,41,43627,B,1,0.20,0.18,5,F,-108,-2.00"
RX,1338985,R35,TXK,N151,21,43764,C,1,0.81,0.78,5.0,U,-108.0,-4.0,True,,2026-07-13T13:42:32.561+00:00,/dev/cu.usbserial-576B0005451,"RX,1338985,R35,TXK,N151,21,43764,C,1,0.81,0.78,5,U,-108,-4.00"
RX,1339602,R35,TXC,N31,9,44385,G,1,0.93,0.9,5.0,U,-108.0,-3.5,True,,2026-07-13T13:42:33.177+00:00,/dev/cu.usbserial-576B0005451,"RX,1339602,R35,TXC,N31,9,44385,G,1,0.93,0.90,5,U,-108,-3.50"
RX,1339844,R35,TXA,N01,42,44627,C,1,0.81,0.78,5.0,F,-109.0,-4.0,True,,2026-07-13T13:42:33.420+00:00,/dev/cu.usbserial-576B0005451,"RX,1339844,R35,TXA,N01,42,44627,C,1,0.81,0.78,5,F,-109,-4.00"
RX,1340596,R35,TXE,N61,18,45383,E,1,0.87,0.84,5.0,U,-108.0,-2.75,True,,2026-07-13T13:42:34.172+00:00,/dev/cu.usbserial-576B0005451,"RX,1340596,R35,TXE,N61,18,45383,E,1,0.87,0.84,5,U,-108,-2.75"
RX,1340703,R35,TXI,N121,9,45482,G,1,0.93,0.9,5.0,U,-108.0,-5.0,True,,2026-07-13T13:42:34.278+00:00,/dev/cu.usbserial-576B0005451,"RX,1340703,R35,TXI,N121,9,45482,G,1,0.93,0.90,5,U,-108,-5.00"
RX,1340844,R35,TXA,N01,43,45627,D,0,0.24,0.22,5.0,F,-108.0,-1.0,True,,2026-07-13T13:42:34.420+00:00,/dev/cu.usbserial-576B0005451,"RX,1340844,R35,TXA,N01,43,45627,D,0,0.24,0.22,5,F,-108,-1.00"
RX,1340985,R35,TXK,N151,22,45764,E,1,0.87,0.84,5.0,U,-108.0,-4.25,True,,2026-07-13T13:42:34.561+00:00,/dev/cu.usbserial-576B0005451,"RX,1340985,R35,TXK,N151,22,45764,E,1,0.87,0.84,5,U,-108,-4.25"
RX,1341844,R35,TXA,N01,44,46627,E,1,0.87,0.84,5.0,F,-109.0,-2.25,True,,2026-07-13T13:42:35.420+00:00,/dev/cu.usbserial-576B0005451,"RX,1341844,R35,TXA,N01,44,46627,E,1,0.87,0.84,5,F,-109,-2.25"
RX,1342596,R35,TXE,N61,19,47383,G,1,0.93,0.9,5.0,U,-108.0,-3.5,True,,2026-07-13T13:42:36.172+00:00,/dev/cu.usbserial-576B0005451,"RX,1342596,R35,TXE,N61,19,47383,G,1,0.93,0.90,5,U,-108,-3.50"
RX,1342844,R35,TXA,N01,45,47627,F,1,0.28,0.26,5.0,F,-107.0,-1.25,True,,2026-07-13T13:42:36.420+00:00,/dev/cu.usbserial-576B0005451,"RX,1342844,R35,TXA,N01,45,47627,F,1,0.28,0.26,5,F,-107,-1.25"
RX,1342985,R35,TXK,N151,23,47764,G,0,0.93,0.9,5.0,U,-108.0,-2.75,True,,2026-07-13T13:42:36.560+00:00,/dev/cu.usbserial-576B0005451,"RX,1342985,R35,TXK,N151,23,47764,G,0,0.93,0.90,5,U,-108,-2.75"
RX,1343343,R35,TXF,N76,10,48131,E,1,0.87,0.84,5.0,U,-109.0,-7.25,True,,2026-07-13T13:42:36.919+00:00,/dev/cu.usbserial-576B0005451,"RX,1343343,R35,TXF,N76,10,48131,E,1,0.87,0.84,5,U,-109,-7.25"
RX,1343648,R35,TXD,N46,5,48431,G,0,0.93,0.9,5.0,U,-106.0,-7.0,True,,2026-07-13T13:42:37.224+00:00,/dev/cu.usbserial-576B0005451,"RX,1343648,R35,TXD,N46,5,48431,G,0,0.93,0.90,5,U,-106,-7.00"
RX,1343844,R35,TXA,N01,46,48627,G,0,0.93,0.9,5.0,F,-107.0,-1.0,True,,2026-07-13T13:42:37.420+00:00,/dev/cu.usbserial-576B0005451,"RX,1343844,R35,TXA,N01,46,48627,G,0,0.93,0.90,5,F,-107,-1.00"
RX,1344293,R35,TXG,N91,4,49081,G,1,0.93,0.9,5.0,U,-109.0,-4.5,True,,2026-07-13T13:42:37.869+00:00,/dev/cu.usbserial-576B0005451,"RX,1344293,R35,TXG,N91,4,49081,G,1,0.93,0.90,5,U,-109,-4.50"
RX,1344596,R35,TXE,N61,20,49383,A,0,0.75,0.72,5.0,U,-108.0,-2.5,True,,2026-07-13T13:42:38.172+00:00,/dev/cu.usbserial-576B0005451,"RX,1344596,R35,TXE,N61,20,49383,A,0,0.75,0.72,5,U,-108,-2.50"
RX,1344844,R35,TXA,N01,47,49627,H,1,0.32,0.3,5.0,F,-107.0,-2.25,True,,2026-07-13T13:42:38.420+00:00,/dev/cu.usbserial-576B0005451,"RX,1344844,R35,TXA,N01,47,49627,H,1,0.32,0.30,5,F,-107,-2.25"
RX,1344985,R35,TXK,N151,24,49764,A,1,0.75,0.72,5.0,U,-108.0,-2.5,True,,2026-07-13T13:42:38.561+00:00,/dev/cu.usbserial-576B0005451,"RX,1344985,R35,TXK,N151,24,49764,A,1,0.75,0.72,5,U,-108,-2.50"
RX,1345502,R35,TXJ,N136,4,50281,G,1,0.93,0.9,5.0,U,-108.0,-4.5,True,,2026-07-13T13:42:39.077+00:00,/dev/cu.usbserial-576B0005451,"RX,1345502,R35,TXJ,N136,4,50281,G,1,0.93,0.90,5,U,-108,-4.50"
RX,1345602,R35,TXC,N31,10,50385,E,1,0.87,0.84,5.0,U,-108.0,-2.75,True,,2026-07-13T13:42:39.178+00:00,/dev/cu.usbserial-576B0005451,"RX,1345602,R35,TXC,N31,10,50385,E,1,0.87,0.84,5,U,-108,-2.75"
RX,1345844,R35,TXA,N01,48,50627,A,1,0.75,0.72,5.0,F,-107.0,-1.25,True,,2026-07-13T13:42:39.420+00:00,/dev/cu.usbserial-576B0005451,"RX,1345844,R35,TXA,N01,48,50627,A,1,0.75,0.72,5,F,-107,-1.25"
RX,1346596,R35,TXE,N61,21,51383,C,1,0.81,0.78,5.0,U,-108.0,-6.25,True,,2026-07-13T13:42:40.172+00:00,/dev/cu.usbserial-576B0005451,"RX,1346596,R35,TXE,N61,21,51383,C,1,0.81,0.78,5,U,-108,-6.25"
RX,1346703,R35,TXI,N121,10,51482,E,1,0.87,0.84,5.0,U,-108.0,-7.5,True,,2026-07-13T13:42:40.279+00:00,/dev/cu.usbserial-576B0005451,"RX,1346703,R35,TXI,N121,10,51482,E,1,0.87,0.84,5,U,-108,-7.50"
RX,1346844,R35,TXA,N01,49,51627,B,0,0.2,0.18,5.0,F,-107.0,-2.0,True,,2026-07-13T13:42:40.420+00:00,/dev/cu.usbserial-576B0005451,"RX,1346844,R35,TXA,N01,49,51627,B,0,0.20,0.18,5,F,-107,-2.00"
RX,1346985,R35,TXK,N151,25,51764,C,1,0.81,0.78,5.0,U,-108.0,-5.25,True,,2026-07-13T13:42:40.560+00:00,/dev/cu.usbserial-576B0005451,"RX,1346985,R35,TXK,N151,25,51764,C,1,0.81,0.78,5,U,-108,-5.25"
RX,1347602,R35,TXC,N31,11,52385,G,0,0.93,0.9,5.0,U,-107.0,-3.5,True,,2026-07-13T13:42:41.178+00:00,/dev/cu.usbserial-576B0005451,"RX,1347602,R35,TXC,N31,11,52385,G,0,0.93,0.90,5,U,-107,-3.50"
RX,1347844,R35,TXA,N01,50,52627,C,1,0.81,0.78,5.0,F,-107.0,-3.5,True,,2026-07-13T13:42:41.420+00:00,/dev/cu.usbserial-576B0005451,"RX,1347844,R35,TXA,N01,50,52627,C,1,0.81,0.78,5,F,-107,-3.50"
RX,1348596,R35,TXE,N61,22,53383,E,1,0.87,0.84,5.0,U,-108.0,-4.25,True,,2026-07-13T13:42:42.172+00:00,/dev/cu.usbserial-576B0005451,"RX,1348596,R35,TXE,N61,22,53383,E,1,0.87,0.84,5,U,-108,-4.25"
RX,1348703,R35,TXI,N121,11,53482,G,0,0.93,0.9,5.0,U,-109.0,-7.0,True,,2026-07-13T13:42:42.279+00:00,/dev/cu.usbserial-576B0005451,"RX,1348703,R35,TXI,N121,11,53482,G,0,0.93,0.90,5,U,-109,-7.00"
RX,1348844,R35,TXA,N01,51,53627,D,1,0.24,0.22,5.0,F,-107.0,-2.25,True,,2026-07-13T13:42:42.420+00:00,/dev/cu.usbserial-576B0005451,"RX,1348844,R35,TXA,N01,51,53627,D,1,0.24,0.22,5,F,-107,-2.25"
RX,1348985,R35,TXK,N151,26,53764,E,0,0.87,0.84,5.0,U,-108.0,-6.0,True,,2026-07-13T13:42:42.561+00:00,/dev/cu.usbserial-576B0005451,"RX,1348985,R35,TXK,N151,26,53764,E,0,0.87,0.84,5,U,-108,-6.00"
RX,1349844,R35,TXA,N01,52,54627,E,0,0.87,0.84,5.0,F,-108.0,-4.0,True,,2026-07-13T13:42:43.420+00:00,/dev/cu.usbserial-576B0005451,"RX,1349844,R35,TXA,N01,52,54627,E,0,0.87,0.84,5,F,-108,-4.00"
RX,1350596,R35,TXE,N61,23,55383,G,0,0.93,0.9,5.0,U,-108.0,-6.75,True,,2026-07-13T13:42:44.173+00:00,/dev/cu.usbserial-576B0005451,"RX,1350596,R35,TXE,N61,23,55383,G,0,0.93,0.90,5,U,-108,-6.75"
RX,1350844,R35,TXA,N01,53,55627,F,1,0.28,0.26,5.0,F,-107.0,-3.5,True,,2026-07-13T13:42:44.420+00:00,/dev/cu.usbserial-576B0005451,"RX,1350844,R35,TXA,N01,53,55627,F,1,0.28,0.26,5,F,-107,-3.50"
RX,1350985,R35,TXK,N151,27,55764,G,1,0.93,0.9,5.0,U,-108.0,-7.25,True,,2026-07-13T13:42:44.561+00:00,/dev/cu.usbserial-576B0005451,"RX,1350985,R35,TXK,N151,27,55764,G,1,0.93,0.90,5,U,-108,-7.25"
RX,1351844,R35,TXA,N01,54,56627,G,1,0.93,0.9,5.0,F,-107.0,-3.5,True,,2026-07-13T13:42:45.420+00:00,/dev/cu.usbserial-576B0005451,"RX,1351844,R35,TXA,N01,54,56627,G,1,0.93,0.90,5,F,-107,-3.50"
RX,1352293,R35,TXG,N91,5,57081,G,0,0.93,0.9,5.0,U,-108.0,-8.0,True,,2026-07-13T13:42:45.869+00:00,/dev/cu.usbserial-576B0005451,"RX,1352293,R35,TXG,N91,5,57081,G,0,0.93,0.90,5,U,-108,-8.00"
RX,1352596,R35,TXE,N61,24,57383,A,1,0.75,0.72,5.0,U,-109.0,-5.0,True,,2026-07-13T13:42:46.172+00:00,/dev/cu.usbserial-576B0005451,"RX,1352596,R35,TXE,N61,24,57383,A,1,0.75,0.72,5,U,-109,-5.00"
RX,1352844,R35,TXA,N01,55,57627,H,0,0.32,0.3,5.0,F,-107.0,-2.0,True,,2026-07-13T13:42:46.420+00:00,/dev/cu.usbserial-576B0005451,"RX,1352844,R35,TXA,N01,55,57627,H,0,0.32,0.30,5,F,-107,-2.00"
RX,1352985,R35,TXK,N151,28,57764,A,1,0.75,0.72,5.0,U,-109.0,-6.0,True,,2026-07-13T13:42:46.560+00:00,/dev/cu.usbserial-576B0005451,"RX,1352985,R35,TXK,N151,28,57764,A,1,0.75,0.72,5,U,-109,-6.00"
RX,1353502,R35,TXJ,N136,5,58281,G,0,0.93,0.9,5.0,U,-108.0,-8.0,True,,2026-07-13T13:42:47.077+00:00,/dev/cu.usbserial-576B0005451,"RX,1353502,R35,TXJ,N136,5,58281,G,0,0.93,0.90,5,U,-108,-8.00"
RX,1353602,R35,TXC,N31,12,58385,E,0,0.87,0.84,5.0,U,-107.0,-3.5,True,,2026-07-13T13:42:47.178+00:00,/dev/cu.usbserial-576B0005451,"RX,1353602,R35,TXC,N31,12,58385,E,0,0.87,0.84,5,U,-107,-3.50"
RX,1353844,R35,TXA,N01,56,58627,A,1,0.75,0.72,5.0,F,-107.0,-3.25,True,,2026-07-13T13:42:47.420+00:00,/dev/cu.usbserial-576B0005451,"RX,1353844,R35,TXA,N01,56,58627,A,1,0.75,0.72,5,F,-107,-3.25"
RX,1354596,R35,TXE,N61,25,59383,C,1,0.81,0.78,5.0,U,-108.0,-2.0,True,,2026-07-13T13:42:48.172+00:00,/dev/cu.usbserial-576B0005451,"RX,1354596,R35,TXE,N61,25,59383,C,1,0.81,0.78,5,U,-108,-2.00"
RX,1354703,R35,TXI,N121,12,59482,E,0,0.87,0.84,5.0,U,-108.0,-3.5,True,,2026-07-13T13:42:48.279+00:00,/dev/cu.usbserial-576B0005451,"RX,1354703,R35,TXI,N121,12,59482,E,0,0.87,0.84,5,U,-108,-3.50"
RX,1354844,R35,TXA,N01,57,59627,B,1,0.2,0.18,5.0,F,-108.0,-1.5,True,,2026-07-13T13:42:48.420+00:00,/dev/cu.usbserial-576B0005451,"RX,1354844,R35,TXA,N01,57,59627,B,1,0.20,0.18,5,F,-108,-1.50"
RX,1354985,R35,TXK,N151,29,59764,C,0,0.81,0.78,5.0,U,-108.0,-1.5,True,,2026-07-13T13:42:48.560+00:00,/dev/cu.usbserial-576B0005451,"RX,1354985,R35,TXK,N151,29,59764,C,0,0.81,0.78,5,U,-108,-1.50"
RX,1355602,R35,TXC,N31,13,60385,G,1,0.93,0.9,5.0,U,-109.0,-3.0,True,,2026-07-13T13:42:49.178+00:00,/dev/cu.usbserial-576B0005451,"RX,1355602,R35,TXC,N31,13,60385,G,1,0.93,0.90,5,U,-109,-3.00"
RX,1355844,R35,TXA,N01,58,60627,C,0,0.81,0.78,5.0,F,-107.0,-1.5,True,,2026-07-13T13:42:49.420+00:00,/dev/cu.usbserial-576B0005451,"RX,1355844,R35,TXA,N01,58,60627,C,0,0.81,0.78,5,F,-107,-1.50"
RX,1356596,R35,TXE,N61,26,61383,E,0,0.87,0.84,5.0,U,-108.0,-2.0,True,,2026-07-13T13:42:50.172+00:00,/dev/cu.usbserial-576B0005451,"RX,1356596,R35,TXE,N61,26,61383,E,0,0.87,0.84,5,U,-108,-2.00"
RX,1356703,R35,TXI,N121,13,61482,G,1,0.93,0.9,5.0,U,-109.0,-5.5,True,,2026-07-13T13:42:50.279+00:00,/dev/cu.usbserial-576B0005451,"RX,1356703,R35,TXI,N121,13,61482,G,1,0.93,0.90,5,U,-109,-5.50"
RX,1356844,R35,TXA,N01,59,61627,D,1,0.24,0.22,5.0,F,-108.0,-2.25,True,,2026-07-13T13:42:50.421+00:00,/dev/cu.usbserial-576B0005451,"RX,1356844,R35,TXA,N01,59,61627,D,1,0.24,0.22,5,F,-108,-2.25"
RX,1356985,R35,TXK,N151,30,61764,E,1,0.87,0.84,5.0,U,-108.0,-1.75,True,,2026-07-13T13:42:50.560+00:00,/dev/cu.usbserial-576B0005451,"RX,1356985,R35,TXK,N151,30,61764,E,1,0.87,0.84,5,U,-108,-1.75"
RX,1357844,R35,TXA,N01,60,62627,E,1,0.87,0.84,5.0,F,-108.0,-2.25,True,,2026-07-13T13:42:51.420+00:00,/dev/cu.usbserial-576B0005451,"RX,1357844,R35,TXA,N01,60,62627,E,1,0.87,0.84,5,F,-108,-2.25"
RX,1358596,R35,TXE,N61,27,63383,G,1,0.93,0.9,5.0,U,-109.0,-2.75,True,,2026-07-13T13:42:52.172+00:00,/dev/cu.usbserial-576B0005451,"RX,1358596,R35,TXE,N61,27,63383,G,1,0.93,0.90,5,U,-109,-2.75"
RX,1358844,R35,TXA,N01,61,63627,F,0,0.28,0.26,5.0,F,-108.0,-0.75,True,,2026-07-13T13:42:52.420+00:00,/dev/cu.usbserial-576B0005451,"RX,1358844,R35,TXA,N01,61,63627,F,0,0.28,0.26,5,F,-108,-0.75"
RX,1358985,R35,TXK,N151,31,63764,G,1,0.93,0.9,5.0,U,-109.0,-2.75,True,,2026-07-13T13:42:52.560+00:00,/dev/cu.usbserial-576B0005451,"RX,1358985,R35,TXK,N151,31,63764,G,1,0.93,0.90,5,U,-109,-2.75"
RX,1359344,R35,TXF,N76,14,64131,E,1,0.87,0.84,5.0,U,-110.0,-8.5,True,,2026-07-13T13:42:52.919+00:00,/dev/cu.usbserial-576B0005451,"RX,1359344,R35,TXF,N76,14,64131,E,1,0.87,0.84,5,U,-110,-8.50"
RX,1359648,R35,TXD,N46,7,64431,G,1,0.93,0.9,5.0,U,-110.0,-5.25,True,,2026-07-13T13:42:53.224+00:00,/dev/cu.usbserial-576B0005451,"RX,1359648,R35,TXD,N46,7,64431,G,1,0.93,0.90,5,U,-110,-5.25"
RX,1359844,R35,TXA,N01,62,64627,G,1,0.93,0.9,5.0,F,-109.0,-0.75,True,,2026-07-13T13:42:53.420+00:00,/dev/cu.usbserial-576B0005451,"RX,1359844,R35,TXA,N01,62,64627,G,1,0.93,0.90,5,F,-109,-0.75"
RX,1360293,R35,TXG,N91,6,65081,G,1,0.93,0.9,5.0,U,-109.0,-5.25,True,,2026-07-13T13:42:53.869+00:00,/dev/cu.usbserial-576B0005451,"RX,1360293,R35,TXG,N91,6,65081,G,1,0.93,0.90,5,U,-109,-5.25"
RX,1360596,R35,TXE,N61,28,65383,A,1,0.75,0.72,5.0,U,-108.0,-1.75,True,,2026-07-13T13:42:54.172+00:00,/dev/cu.usbserial-576B0005451,"RX,1360596,R35,TXE,N61,28,65383,A,1,0.75,0.72,5,U,-108,-1.75"
RX,1360844,R35,TXA,N01,63,65627,H,1,0.32,0.3,5.0,F,-108.0,-0.5,True,,2026-07-13T13:42:54.420+00:00,/dev/cu.usbserial-576B0005451,"RX,1360844,R35,TXA,N01,63,65627,H,1,0.32,0.30,5,F,-108,-0.50"
RX,1360985,R35,TXK,N151,32,65764,A,1,0.75,0.72,5.0,U,-109.0,-2.25,True,,2026-07-13T13:42:54.560+00:00,/dev/cu.usbserial-576B0005451,"RX,1360985,R35,TXK,N151,32,65764,A,1,0.75,0.72,5,U,-109,-2.25"
RX,1361343,R35,TXF,N76,15,66131,G,1,0.93,0.9,5.0,U,-109.0,-7.5,True,,2026-07-13T13:42:54.919+00:00,/dev/cu.usbserial-576B0005451,"RX,1361343,R35,TXF,N76,15,66131,G,1,0.93,0.90,5,U,-109,-7.50"
RX,1361502,R35,TXJ,N136,6,66281,G,1,0.93,0.9,5.0,U,-108.0,-1.5,True,,2026-07-13T13:42:55.077+00:00,/dev/cu.usbserial-576B0005451,"RX,1361502,R35,TXJ,N136,6,66281,G,1,0.93,0.90,5,U,-108,-1.50"
RX,1361602,R35,TXC,N31,14,66385,E,1,0.87,0.84,5.0,U,-108.0,-2.75,True,,2026-07-13T13:42:55.177+00:00,/dev/cu.usbserial-576B0005451,"RX,1361602,R35,TXC,N31,14,66385,E,1,0.87,0.84,5,U,-108,-2.75"
RX,1361844,R35,TXA,N01,64,66627,A,1,0.75,0.72,5.0,F,-107.0,-1.0,True,,2026-07-13T13:42:55.420+00:00,/dev/cu.usbserial-576B0005451,"RX,1361844,R35,TXA,N01,64,66627,A,1,0.75,0.72,5,F,-107,-1.00"
RX,1362596,R35,TXE,N61,29,67383,C,0,0.81,0.78,5.0,U,-108.0,-3.5,True,,2026-07-13T13:42:56.171+00:00,/dev/cu.usbserial-576B0005451,"RX,1362596,R35,TXE,N61,29,67383,C,0,0.81,0.78,5,U,-108,-3.50"
RX,1362703,R35,TXI,N121,14,67482,E,1,0.87,0.84,5.0,U,-108.0,-4.75,True,,2026-07-13T13:42:56.278+00:00,/dev/cu.usbserial-576B0005451,"RX,1362703,R35,TXI,N121,14,67482,E,1,0.87,0.84,5,U,-108,-4.75"
RX,1362844,R35,TXA,N01,65,67627,B,0,0.2,0.18,5.0,F,-108.0,-1.5,True,,2026-07-13T13:42:56.420+00:00,/dev/cu.usbserial-576B0005451,"RX,1362844,R35,TXA,N01,65,67627,B,0,0.20,0.18,5,F,-108,-1.50"
RX,1362985,R35,TXK,N151,33,67764,C,1,0.81,0.78,5.0,U,-108.0,-3.25,True,,2026-07-13T13:42:56.560+00:00,/dev/cu.usbserial-576B0005451,"RX,1362985,R35,TXK,N151,33,67764,C,1,0.81,0.78,5,U,-108,-3.25"
RX,1363602,R35,TXC,N31,15,68385,G,1,0.93,0.9,5.0,U,-108.0,-3.25,True,,2026-07-13T13:42:57.177+00:00,/dev/cu.usbserial-576B0005451,"RX,1363602,R35,TXC,N31,15,68385,G,1,0.93,0.90,5,U,-108,-3.25"
RX,1363844,R35,TXA,N01,66,68627,C,1,0.81,0.78,5.0,F,-108.0,-0.75,True,,2026-07-13T13:42:57.420+00:00,/dev/cu.usbserial-576B0005451,"RX,1363844,R35,TXA,N01,66,68627,C,1,0.81,0.78,5,F,-108,-0.75"
RX,1364596,R35,TXE,N61,30,69383,E,1,0.87,0.84,5.0,U,-107.0,-0.75,True,,2026-07-13T13:42:58.171+00:00,/dev/cu.usbserial-576B0005451,"RX,1364596,R35,TXE,N61,30,69383,E,1,0.87,0.84,5,U,-107,-0.75"
RX,1364703,R35,TXI,N121,15,69482,G,1,0.93,0.9,5.0,U,-108.0,-2.25,True,,2026-07-13T13:42:58.278+00:00,/dev/cu.usbserial-576B0005451,"RX,1364703,R35,TXI,N121,15,69482,G,1,0.93,0.90,5,U,-108,-2.25"
RX,1364844,R35,TXA,N01,67,69627,D,1,0.24,0.22,5.0,F,-108.0,-2.0,True,,2026-07-13T13:42:58.420+00:00,/dev/cu.usbserial-576B0005451,"RX,1364844,R35,TXA,N01,67,69627,D,1,0.24,0.22,5,F,-108,-2.00"
RX,1364985,R35,TXK,N151,34,69764,E,0,0.87,0.84,5.0,U,-108.0,-1.75,True,,2026-07-13T13:42:58.560+00:00,/dev/cu.usbserial-576B0005451,"RX,1364985,R35,TXK,N151,34,69764,E,0,0.87,0.84,5,U,-108,-1.75"
RX,1365844,R35,TXA,N01,68,70627,E,0,0.87,0.84,5.0,F,-107.0,-1.0,True,,2026-07-13T13:42:59.420+00:00,/dev/cu.usbserial-576B0005451,"RX,1365844,R35,TXA,N01,68,70627,E,0,0.87,0.84,5,F,-107,-1.00"
RX,1366596,R35,TXE,N61,31,71383,G,1,0.93,0.9,5.0,U,-107.0,-1.5,True,,2026-07-13T13:43:00.172+00:00,/dev/cu.usbserial-576B0005451,"RX,1366596,R35,TXE,N61,31,71383,G,1,0.93,0.90,5,U,-107,-1.50"
RX,1366844,R35,TXA,N01,69,71627,F,1,0.28,0.26,5.0,F,-107.0,-1.5,True,,2026-07-13T13:43:00.420+00:00,/dev/cu.usbserial-576B0005451,"RX,1366844,R35,TXA,N01,69,71627,F,1,0.28,0.26,5,F,-107,-1.50"
RX,1366955,R35,TXH,N106,4,71743,G,1,0.93,0.9,5.0,U,-104.0,1.0,True,,2026-07-13T13:43:00.531+00:00,/dev/cu.usbserial-576B0005451,"RX,1366955,R35,TXH,N106,4,71743,G,1,0.93,0.90,5,U,-104,1.00"
RX,1367137,R35,TXL,N166,4,71917,G,1,0.93,0.9,5.0,U,-108.0,-4.0,True,,2026-07-13T13:43:00.713+00:00,/dev/cu.usbserial-576B0005451,"RX,1367137,R35,TXL,N166,4,71917,G,1,0.93,0.90,5,U,-108,-4.00"
RX,1367648,R35,TXD,N46,8,72431,G,1,0.93,0.9,5.0,U,-109.0,-5.25,True,,2026-07-13T13:43:01.224+00:00,/dev/cu.usbserial-576B0005451,"RX,1367648,R35,TXD,N46,8,72431,G,1,0.93,0.90,5,U,-109,-5.25"
RX,1367844,R35,TXA,N01,70,72627,G,1,0.93,0.9,5.0,F,-107.0,-0.75,True,,2026-07-13T13:43:01.420+00:00,/dev/cu.usbserial-576B0005451,"RX,1367844,R35,TXA,N01,70,72627,G,1,0.93,0.90,5,F,-107,-0.75"
RX,1368293,R35,TXG,N91,7,73081,G,1,0.93,0.9,5.0,U,-109.0,-9.5,True,,2026-07-13T13:43:01.869+00:00,/dev/cu.usbserial-576B0005451,"RX,1368293,R35,TXG,N91,7,73081,G,1,0.93,0.90,5,U,-109,-9.50"
RX,1368596,R35,TXE,N61,32,73383,A,1,0.75,0.72,5.0,U,-108.0,-6.25,True,,2026-07-13T13:43:02.171+00:00,/dev/cu.usbserial-576B0005451,"RX,1368596,R35,TXE,N61,32,73383,A,1,0.75,0.72,5,U,-108,-6.25"
RX,1368844,R35,TXA,N01,71,73627,H,0,0.32,0.3,5.0,F,-109.0,-4.5,True,,2026-07-13T13:43:02.420+00:00,/dev/cu.usbserial-576B0005451,"RX,1368844,R35,TXA,N01,71,73627,H,0,0.32,0.30,5,F,-109,-4.50"
RX,1369343,R35,TXF,N76,17,74131,G,1,0.93,0.9,5.0,U,-109.0,-7.75,True,,2026-07-13T13:43:02.919+00:00,/dev/cu.usbserial-576B0005451,"RX,1369343,R35,TXF,N76,17,74131,G,1,0.93,0.90,5,U,-109,-7.75"
RX,1369502,R35,TXJ,N136,7,74281,G,1,0.93,0.9,5.0,U,-108.0,-2.5,True,,2026-07-13T13:43:03.077+00:00,/dev/cu.usbserial-576B0005451,"RX,1369502,R35,TXJ,N136,7,74281,G,1,0.93,0.90,5,U,-108,-2.50"
RX,1369602,R35,TXC,N31,16,74385,E,0,0.87,0.84,5.0,U,-108.0,-4.0,True,,2026-07-13T13:43:03.178+00:00,/dev/cu.usbserial-576B0005451,"RX,1369602,R35,TXC,N31,16,74385,E,0,0.87,0.84,5,U,-108,-4.00"
RX,1369844,R35,TXA,N01,72,74627,A,1,0.75,0.72,5.0,F,-107.0,-1.5,True,,2026-07-13T13:43:03.421+00:00,/dev/cu.usbserial-576B0005451,"RX,1369844,R35,TXA,N01,72,74627,A,1,0.75,0.72,5,F,-107,-1.50"
RX,1370596,R35,TXE,N61,33,75383,C,1,0.81,0.78,5.0,U,-108.0,-4.0,True,,2026-07-13T13:43:04.172+00:00,/dev/cu.usbserial-576B0005451,"RX,1370596,R35,TXE,N61,33,75383,C,1,0.81,0.78,5,U,-108,-4.00"
RX,1370703,R35,TXI,N121,16,75482,E,0,0.87,0.84,5.0,U,-108.0,-5.0,True,,2026-07-13T13:43:04.279+00:00,/dev/cu.usbserial-576B0005451,"RX,1370703,R35,TXI,N121,16,75482,E,0,0.87,0.84,5,U,-108,-5.00"
RX,1370844,R35,TXA,N01,73,75627,B,1,0.2,0.18,5.0,F,-107.0,-2.25,True,,2026-07-13T13:43:04.421+00:00,/dev/cu.usbserial-576B0005451,"RX,1370844,R35,TXA,N01,73,75627,B,1,0.20,0.18,5,F,-107,-2.25"
RX,1370985,R35,TXK,N151,37,75764,C,0,0.81,0.78,5.0,U,-107.0,-1.75,True,,2026-07-13T13:43:04.561+00:00,/dev/cu.usbserial-576B0005451,"RX,1370985,R35,TXK,N151,37,75764,C,0,0.81,0.78,5,U,-107,-1.75"
RX,1371602,R35,TXC,N31,17,76385,G,1,0.93,0.9,5.0,U,-107.0,-2.5,True,,2026-07-13T13:43:05.178+00:00,/dev/cu.usbserial-576B0005451,"RX,1371602,R35,TXC,N31,17,76385,G,1,0.93,0.90,5,U,-107,-2.50"
RX,1371844,R35,TXA,N01,74,76627,C,0,0.81,0.78,5.0,F,-108.0,-3.75,True,,2026-07-13T13:43:05.421+00:00,/dev/cu.usbserial-576B0005451,"RX,1371844,R35,TXA,N01,74,76627,C,0,0.81,0.78,5,F,-108,-3.75"
RX,1372596,R35,TXE,N61,34,77383,E,0,0.87,0.84,5.0,U,-108.0,-3.75,True,,2026-07-13T13:43:06.172+00:00,/dev/cu.usbserial-576B0005451,"RX,1372596,R35,TXE,N61,34,77383,E,0,0.87,0.84,5,U,-108,-3.75"
RX,1372703,R35,TXI,N121,17,77482,G,1,0.93,0.9,5.0,U,-109.0,-5.25,True,,2026-07-13T13:43:06.279+00:00,/dev/cu.usbserial-576B0005451,"RX,1372703,R35,TXI,N121,17,77482,G,1,0.93,0.90,5,U,-109,-5.25"
RX,1372844,R35,TXA,N01,75,77627,D,1,0.24,0.22,5.0,F,-108.0,-2.75,True,,2026-07-13T13:43:06.421+00:00,/dev/cu.usbserial-576B0005451,"RX,1372844,R35,TXA,N01,75,77627,D,1,0.24,0.22,5,F,-108,-2.75"
RX,1372985,R35,TXK,N151,38,77764,E,1,0.87,0.84,5.0,U,-108.0,-2.5,True,,2026-07-13T13:43:06.560+00:00,/dev/cu.usbserial-576B0005451,"RX,1372985,R35,TXK,N151,38,77764,E,1,0.87,0.84,5,U,-108,-2.50"
RX,1373844,R35,TXA,N01,76,78627,E,1,0.87,0.84,5.0,F,-108.0,-1.75,True,,2026-07-13T13:43:07.421+00:00,/dev/cu.usbserial-576B0005451,"RX,1373844,R35,TXA,N01,76,78627,E,1,0.87,0.84,5,F,-108,-1.75"
RX,1374596,R35,TXE,N61,35,79383,G,1,0.93,0.9,5.0,U,-108.0,-4.5,True,,2026-07-13T13:43:08.172+00:00,/dev/cu.usbserial-576B0005451,"RX,1374596,R35,TXE,N61,35,79383,G,1,0.93,0.90,5,U,-108,-4.50"
RX,1374844,R35,TXA,N01,77,79627,F,0,0.28,0.26,5.0,F,-107.0,0.0,True,,2026-07-13T13:43:08.421+00:00,/dev/cu.usbserial-576B0005451,"RX,1374844,R35,TXA,N01,77,79627,F,0,0.28,0.26,5,F,-107,0.00"
RX,1374955,R35,TXH,N106,5,79743,G,1,0.93,0.9,5.0,U,-103.0,2.0,True,,2026-07-13T13:43:08.531+00:00,/dev/cu.usbserial-576B0005451,"RX,1374955,R35,TXH,N106,5,79743,G,1,0.93,0.90,5,U,-103,2.00"
RX,1375137,R35,TXL,N166,5,79917,G,1,0.93,0.9,5.0,U,-107.0,0.25,True,,2026-07-13T13:43:08.713+00:00,/dev/cu.usbserial-576B0005451,"RX,1375137,R35,TXL,N166,5,79917,G,1,0.93,0.90,5,U,-107,0.25"
RX,1375343,R35,TXF,N76,18,80131,E,1,0.87,0.84,5.0,U,-109.0,-8.75,True,,2026-07-13T13:43:08.919+00:00,/dev/cu.usbserial-576B0005451,"RX,1375343,R35,TXF,N76,18,80131,E,1,0.87,0.84,5,U,-109,-8.75"
RX,1375648,R35,TXD,N46,9,80431,G,1,0.93,0.9,5.0,U,-109.0,-6.0,True,,2026-07-13T13:43:09.224+00:00,/dev/cu.usbserial-576B0005451,"RX,1375648,R35,TXD,N46,9,80431,G,1,0.93,0.90,5,U,-109,-6.00"
RX,1375844,R35,TXA,N01,78,80627,G,1,0.93,0.9,5.0,F,-108.0,-2.0,True,,2026-07-13T13:43:09.421+00:00,/dev/cu.usbserial-576B0005451,"RX,1375844,R35,TXA,N01,78,80627,G,1,0.93,0.90,5,F,-108,-2.00"
RX,1376293,R35,TXG,N91,8,81081,G,1,0.93,0.9,5.0,U,-108.0,-5.75,True,,2026-07-13T13:43:09.869+00:00,/dev/cu.usbserial-576B0005451,"RX,1376293,R35,TXG,N91,8,81081,G,1,0.93,0.90,5,U,-108,-5.75"
RX,1376596,R35,TXE,N61,36,81383,A,1,0.75,0.72,5.0,U,-108.0,-2.5,True,,2026-07-13T13:43:10.172+00:00,/dev/cu.usbserial-576B0005451,"RX,1376596,R35,TXE,N61,36,81383,A,1,0.75,0.72,5,U,-108,-2.50"
RX,1376844,R35,TXA,N01,79,81627,H,1,0.32,0.3,5.0,F,-107.0,-1.75,True,,2026-07-13T13:43:10.421+00:00,/dev/cu.usbserial-576B0005451,"RX,1376844,R35,TXA,N01,79,81627,H,1,0.32,0.30,5,F,-107,-1.75"
RX,1376985,R35,TXK,N151,40,81764,A,0,0.75,0.72,5.0,U,-108.0,-2.0,True,,2026-07-13T13:43:10.561+00:00,/dev/cu.usbserial-576B0005451,"RX,1376985,R35,TXK,N151,40,81764,A,0,0.75,0.72,5,U,-108,-2.00"
RX,1377343,R35,TXF,N76,19,82131,G,1,0.93,0.9,5.0,U,-109.0,-7.25,True,,2026-07-13T13:43:10.919+00:00,/dev/cu.usbserial-576B0005451,"RX,1377343,R35,TXF,N76,19,82131,G,1,0.93,0.90,5,U,-109,-7.25"
RX,1377501,R35,TXJ,N136,8,82281,G,1,0.93,0.9,5.0,U,-107.0,-1.0,True,,2026-07-13T13:43:11.077+00:00,/dev/cu.usbserial-576B0005451,"RX,1377501,R35,TXJ,N136,8,82281,G,1,0.93,0.90,5,U,-107,-1.00"
RX,1377602,R35,TXC,N31,18,82385,E,1,0.87,0.84,5.0,U,-108.0,-5.0,True,,2026-07-13T13:43:11.178+00:00,/dev/cu.usbserial-576B0005451,"RX,1377602,R35,TXC,N31,18,82385,E,1,0.87,0.84,5,U,-108,-5.00"
RX,1377844,R35,TXA,N01,80,82627,A,0,0.75,0.72,5.0,F,-107.0,-3.25,True,,2026-07-13T13:43:11.421+00:00,/dev/cu.usbserial-576B0005451,"RX,1377844,R35,TXA,N01,80,82627,A,0,0.75,0.72,5,F,-107,-3.25"
RX,1378596,R35,TXE,N61,37,83383,C,0,0.81,0.78,5.0,U,-108.0,-3.0,True,,2026-07-13T13:43:12.172+00:00,/dev/cu.usbserial-576B0005451,"RX,1378596,R35,TXE,N61,37,83383,C,0,0.81,0.78,5,U,-108,-3.00"
RX,1378703,R35,TXI,N121,18,83482,E,1,0.87,0.84,5.0,U,-108.0,-6.5,True,,2026-07-13T13:43:12.279+00:00,/dev/cu.usbserial-576B0005451,"RX,1378703,R35,TXI,N121,18,83482,E,1,0.87,0.84,5,U,-108,-6.50"
RX,1378844,R35,TXA,N01,81,83627,B,1,0.2,0.18,5.0,F,-108.0,-2.5,True,,2026-07-13T13:43:12.421+00:00,/dev/cu.usbserial-576B0005451,"RX,1378844,R35,TXA,N01,81,83627,B,1,0.20,0.18,5,F,-108,-2.50"
RX,1378985,R35,TXK,N151,41,83764,C,1,0.81,0.78,5.0,U,-108.0,-4.5,True,,2026-07-13T13:43:12.561+00:00,/dev/cu.usbserial-576B0005451,"RX,1378985,R35,TXK,N151,41,83764,C,1,0.81,0.78,5,U,-108,-4.50"
RX,1379602,R35,TXC,N31,19,84385,G,1,0.93,0.9,5.0,U,-108.0,-3.25,True,,2026-07-13T13:43:13.178+00:00,/dev/cu.usbserial-576B0005451,"RX,1379602,R35,TXC,N31,19,84385,G,1,0.93,0.90,5,U,-108,-3.25"
RX,1379844,R35,TXA,N01,82,84627,C,1,0.81,0.78,5.0,F,-107.0,-1.25,True,,2026-07-13T13:43:13.421+00:00,/dev/cu.usbserial-576B0005451,"RX,1379844,R35,TXA,N01,82,84627,C,1,0.81,0.78,5,F,-107,-1.25"
RX,1380596,R35,TXE,N61,38,85383,E,1,0.87,0.84,5.0,U,-108.0,-3.25,True,,2026-07-13T13:43:14.172+00:00,/dev/cu.usbserial-576B0005451,"RX,1380596,R35,TXE,N61,38,85383,E,1,0.87,0.84,5,U,-108,-3.25"
RX,1380703,R35,TXI,N121,19,85482,G,1,0.93,0.9,5.0,U,-108.0,-4.0,True,,2026-07-13T13:43:14.279+00:00,/dev/cu.usbserial-576B0005451,"RX,1380703,R35,TXI,N121,19,85482,G,1,0.93,0.90,5,U,-108,-4.00"
RX,1380844,R35,TXA,N01,83,85627,D,0,0.24,0.22,5.0,F,-108.0,-2.0,True,,2026-07-13T13:43:14.421+00:00,/dev/cu.usbserial-576B0005451,"RX,1380844,R35,TXA,N01,83,85627,D,0,0.24,0.22,5,F,-108,-2.00"
RX,1380985,R35,TXK,N151,42,85764,E,1,0.87,0.84,5.0,U,-107.0,-1.25,True,,2026-07-13T13:43:14.561+00:00,/dev/cu.usbserial-576B0005451,"RX,1380985,R35,TXK,N151,42,85764,E,1,0.87,0.84,5,U,-107,-1.25"
RX,1381844,R35,TXA,N01,84,86627,E,1,0.87,0.84,5.0,F,-108.0,-3.25,True,,2026-07-13T13:43:15.421+00:00,/dev/cu.usbserial-576B0005451,"RX,1381844,R35,TXA,N01,84,86627,E,1,0.87,0.84,5,F,-108,-3.25"
RX,1382596,R35,TXE,N61,39,87383,G,1,0.93,0.9,5.0,U,-108.0,-4.25,True,,2026-07-13T13:43:16.172+00:00,/dev/cu.usbserial-576B0005451,"RX,1382596,R35,TXE,N61,39,87383,G,1,0.93,0.90,5,U,-108,-4.25"
RX,1382844,R35,TXA,N01,85,87627,F,1,0.28,0.26,5.0,F,-108.0,-2.25,True,,2026-07-13T13:43:16.421+00:00,/dev/cu.usbserial-576B0005451,"RX,1382844,R35,TXA,N01,85,87627,F,1,0.28,0.26,5,F,-108,-2.25"
RX,1382955,R35,TXH,N106,6,87743,G,0,0.93,0.9,5.0,U,-104.0,1.5,True,,2026-07-13T13:43:16.531+00:00,/dev/cu.usbserial-576B0005451,"RX,1382955,R35,TXH,N106,6,87743,G,0,0.93,0.90,5,U,-104,1.50"
RX,1383137,R35,TXL,N166,6,87917,G,0,0.93,0.9,5.0,U,-108.0,-2.5,True,,2026-07-13T13:43:16.713+00:00,/dev/cu.usbserial-576B0005451,"RX,1383137,R35,TXL,N166,6,87917,G,0,0.93,0.90,5,U,-108,-2.50"
RX,1383648,R35,TXD,N46,10,88431,G,0,0.93,0.9,5.0,U,-108.0,-7.75,True,,2026-07-13T13:43:17.224+00:00,/dev/cu.usbserial-576B0005451,"RX,1383648,R35,TXD,N46,10,88431,G,0,0.93,0.90,5,U,-108,-7.75"
RX,1383844,R35,TXA,N01,86,88627,G,0,0.93,0.9,5.0,F,-108.0,-3.25,True,,2026-07-13T13:43:17.420+00:00,/dev/cu.usbserial-576B0005451,"RX,1383844,R35,TXA,N01,86,88627,G,0,0.93,0.90,5,F,-108,-3.25"
RX,1384293,R35,TXG,N91,9,89081,G,1,0.93,0.9,5.0,U,-108.0,-6.25,True,,2026-07-13T13:43:17.869+00:00,/dev/cu.usbserial-576B0005451,"RX,1384293,R35,TXG,N91,9,89081,G,1,0.93,0.90,5,U,-108,-6.25"
RX,1384596,R35,TXE,N61,40,89383,A,0,0.75,0.72,5.0,U,-108.0,-3.5,True,,2026-07-13T13:43:18.172+00:00,/dev/cu.usbserial-576B0005451,"RX,1384596,R35,TXE,N61,40,89383,A,0,0.75,0.72,5,U,-108,-3.50"
RX,1384844,R35,TXA,N01,87,89627,H,1,0.32,0.3,5.0,F,-108.0,-4.5,True,,2026-07-13T13:43:18.421+00:00,/dev/cu.usbserial-576B0005451,"RX,1384844,R35,TXA,N01,87,89627,H,1,0.32,0.30,5,F,-108,-4.50"
RX,1384985,R35,TXK,N151,44,89764,A,1,0.75,0.72,5.0,U,-109.0,-7.75,True,,2026-07-13T13:43:18.561+00:00,/dev/cu.usbserial-576B0005451,"RX,1384985,R35,TXK,N151,44,89764,A,1,0.75,0.72,5,U,-109,-7.75"
RX,1385343,R35,TXF,N76,21,90131,G,0,0.93,0.9,5.0,U,-108.0,-6.25,True,,2026-07-13T13:43:18.919+00:00,/dev/cu.usbserial-576B0005451,"RX,1385343,R35,TXF,N76,21,90131,G,0,0.93,0.90,5,U,-108,-6.25"
RX,1385501,R35,TXJ,N136,9,90281,G,1,0.93,0.9,5.0,U,-109.0,-5.25,True,,2026-07-13T13:43:19.077+00:00,/dev/cu.usbserial-576B0005451,"RX,1385501,R35,TXJ,N136,9,90281,G,1,0.93,0.90,5,U,-109,-5.25"
RX,1385602,R35,TXC,N31,20,90385,E,1,0.87,0.84,5.0,U,-108.0,-4.5,True,,2026-07-13T13:43:19.178+00:00,/dev/cu.usbserial-576B0005451,"RX,1385602,R35,TXC,N31,20,90385,E,1,0.87,0.84,5,U,-108,-4.50"
RX,1385844,R35,TXA,N01,88,90627,A,1,0.75,0.72,5.0,F,-108.0,-2.25,True,,2026-07-13T13:43:19.421+00:00,/dev/cu.usbserial-576B0005451,"RX,1385844,R35,TXA,N01,88,90627,A,1,0.75,0.72,5,F,-108,-2.25"
RX,1386596,R35,TXE,N61,41,91383,C,1,0.81,0.78,5.0,U,-108.0,-4.0,True,,2026-07-13T13:43:20.172+00:00,/dev/cu.usbserial-576B0005451,"RX,1386596,R35,TXE,N61,41,91383,C,1,0.81,0.78,5,U,-108,-4.00"
RX,1386703,R35,TXI,N121,20,91482,E,1,0.87,0.84,5.0,U,-108.0,-4.0,True,,2026-07-13T13:43:20.279+00:00,/dev/cu.usbserial-576B0005451,"RX,1386703,R35,TXI,N121,20,91482,E,1,0.87,0.84,5,U,-108,-4.00"
RX,1386844,R35,TXA,N01,89,91627,B,0,0.2,0.18,5.0,F,-107.0,-2.5,True,,2026-07-13T13:43:20.421+00:00,/dev/cu.usbserial-576B0005451,"RX,1386844,R35,TXA,N01,89,91627,B,0,0.20,0.18,5,F,-107,-2.50"
RX,1386985,R35,TXK,N151,45,91764,C,1,0.81,0.78,5.0,U,-108.0,-4.0,True,,2026-07-13T13:43:20.561+00:00,/dev/cu.usbserial-576B0005451,"RX,1386985,R35,TXK,N151,45,91764,C,1,0.81,0.78,5,U,-108,-4.00"
RX,1387602,R35,TXC,N31,21,92385,G,0,0.93,0.9,5.0,U,-107.0,-4.0,True,,2026-07-13T13:43:21.178+00:00,/dev/cu.usbserial-576B0005451,"RX,1387602,R35,TXC,N31,21,92385,G,0,0.93,0.90,5,U,-107,-4.00"
RX,1387844,R35,TXA,N01,90,92627,C,1,0.81,0.78,5.0,F,-107.0,-1.75,True,,2026-07-13T13:43:21.421+00:00,/dev/cu.usbserial-576B0005451,"RX,1387844,R35,TXA,N01,90,92627,C,1,0.81,0.78,5,F,-107,-1.75"
RX,1388596,R35,TXE,N61,42,93383,E,1,0.87,0.84,5.0,U,-108.0,-5.0,True,,2026-07-13T13:43:22.172+00:00,/dev/cu.usbserial-576B0005451,"RX,1388596,R35,TXE,N61,42,93383,E,1,0.87,0.84,5,U,-108,-5.00"
RX,1388703,R35,TXI,N121,21,93482,G,0,0.93,0.9,5.0,U,-108.0,-4.25,True,,2026-07-13T13:43:22.279+00:00,/dev/cu.usbserial-576B0005451,"RX,1388703,R35,TXI,N121,21,93482,G,0,0.93,0.90,5,U,-108,-4.25"
RX,1388844,R35,TXA,N01,91,93627,D,1,0.24,0.22,5.0,F,-108.0,-4.25,True,,2026-07-13T13:43:22.421+00:00,/dev/cu.usbserial-576B0005451,"RX,1388844,R35,TXA,N01,91,93627,D,1,0.24,0.22,5,F,-108,-4.25"
RX,1388985,R35,TXK,N151,46,93764,E,0,0.87,0.84,5.0,U,-108.0,-4.5,True,,2026-07-13T13:43:22.561+00:00,/dev/cu.usbserial-576B0005451,"RX,1388985,R35,TXK,N151,46,93764,E,0,0.87,0.84,5,U,-108,-4.50"
RX,1389844,R35,TXA,N01,92,94627,E,0,0.87,0.84,5.0,F,-108.0,-4.5,True,,2026-07-13T13:43:23.421+00:00,/dev/cu.usbserial-576B0005451,"RX,1389844,R35,TXA,N01,92,94627,E,0,0.87,0.84,5,F,-108,-4.50"
RX,1390596,R35,TXE,N61,43,95383,G,0,0.93,0.9,5.0,U,-107.0,-5.75,True,,2026-07-13T13:43:24.172+00:00,/dev/cu.usbserial-576B0005451,"RX,1390596,R35,TXE,N61,43,95383,G,0,0.93,0.90,5,U,-107,-5.75"
RX,1390844,R35,TXA,N01,93,95627,F,1,0.28,0.26,5.0,F,-108.0,-3.5,True,,2026-07-13T13:43:24.421+00:00,/dev/cu.usbserial-576B0005451,"RX,1390844,R35,TXA,N01,93,95627,F,1,0.28,0.26,5,F,-108,-3.50"
RX,1391137,R35,TXL,N166,7,95917,G,1,0.93,0.9,5.0,U,-107.0,-2.0,True,,2026-07-13T13:43:24.713+00:00,/dev/cu.usbserial-576B0005451,"RX,1391137,R35,TXL,N166,7,95917,G,1,0.93,0.90,5,U,-107,-2.00"
RX,1391648,R35,TXD,N46,11,96431,G,1,0.93,0.9,5.0,U,-108.0,-9.5,True,,2026-07-13T13:43:25.224+00:00,/dev/cu.usbserial-576B0005451,"RX,1391648,R35,TXD,N46,11,96431,G,1,0.93,0.90,5,U,-108,-9.50"
RX,1391844,R35,TXA,N01,94,96627,G,1,0.93,0.9,5.0,F,-107.0,-4.25,True,,2026-07-13T13:43:25.421+00:00,/dev/cu.usbserial-576B0005451,"RX,1391844,R35,TXA,N01,94,96627,G,1,0.93,0.90,5,F,-107,-4.25"
RX,1392293,R35,TXG,N91,10,97081,G,0,0.93,0.9,5.0,U,-109.0,-7.75,True,,2026-07-13T13:43:25.869+00:00,/dev/cu.usbserial-576B0005451,"RX,1392293,R35,TXG,N91,10,97081,G,0,0.93,0.90,5,U,-109,-7.75"
RX,1392596,R35,TXE,N61,44,97383,A,1,0.75,0.72,5.0,U,-107.0,-4.25,True,,2026-07-13T13:43:26.172+00:00,/dev/cu.usbserial-576B0005451,"RX,1392596,R35,TXE,N61,44,97383,A,1,0.75,0.72,5,U,-107,-4.25"
RX,1392844,R35,TXA,N01,95,97627,H,0,0.32,0.3,5.0,F,-108.0,-2.5,True,,2026-07-13T13:43:26.421+00:00,/dev/cu.usbserial-576B0005451,"RX,1392844,R35,TXA,N01,95,97627,H,0,0.32,0.30,5,F,-108,-2.50"
RX,1392985,R35,TXK,N151,48,97764,A,1,0.75,0.72,5.0,U,-108.0,-3.25,True,,2026-07-13T13:43:26.561+00:00,/dev/cu.usbserial-576B0005451,"RX,1392985,R35,TXK,N151,48,97764,A,1,0.75,0.72,5,U,-108,-3.25"
RX,1393343,R35,TXF,N76,23,98131,G,1,0.93,0.9,5.0,U,-109.0,-7.0,True,,2026-07-13T13:43:26.919+00:00,/dev/cu.usbserial-576B0005451,"RX,1393343,R35,TXF,N76,23,98131,G,1,0.93,0.90,5,U,-109,-7.00"
RX,1393502,R35,TXJ,N136,10,98281,G,0,0.93,0.9,5.0,U,-108.0,-5.0,True,,2026-07-13T13:43:27.078+00:00,/dev/cu.usbserial-576B0005451,"RX,1393502,R35,TXJ,N136,10,98281,G,0,0.93,0.90,5,U,-108,-5.00"
RX,1393602,R35,TXC,N31,22,98385,E,0,0.87,0.84,5.0,U,-108.0,-5.0,True,,2026-07-13T13:43:27.178+00:00,/dev/cu.usbserial-576B0005451,"RX,1393602,R35,TXC,N31,22,98385,E,0,0.87,0.84,5,U,-108,-5.00"
RX,1393844,R35,TXA,N01,96,98627,A,1,0.75,0.72,5.0,F,-108.0,-2.5,True,,2026-07-13T13:43:27.421+00:00,/dev/cu.usbserial-576B0005451,"RX,1393844,R35,TXA,N01,96,98627,A,1,0.75,0.72,5,F,-108,-2.50"
RX,1394596,R35,TXE,N61,45,99383,C,1,0.81,0.78,5.0,U,-108.0,-3.75,True,,2026-07-13T13:43:28.172+00:00,/dev/cu.usbserial-576B0005451,"RX,1394596,R35,TXE,N61,45,99383,C,1,0.81,0.78,5,U,-108,-3.75"
RX,1394703,R35,TXI,N121,22,99482,E,0,0.87,0.84,5.0,U,-108.0,-6.0,True,,2026-07-13T13:43:28.279+00:00,/dev/cu.usbserial-576B0005451,"RX,1394703,R35,TXI,N121,22,99482,E,0,0.87,0.84,5,U,-108,-6.00"
RX,1394844,R35,TXA,N01,97,99627,B,1,0.2,0.18,5.0,F,-108.0,-4.25,True,,2026-07-13T13:43:28.421+00:00,/dev/cu.usbserial-576B0005451,"RX,1394844,R35,TXA,N01,97,99627,B,1,0.20,0.18,5,F,-108,-4.25"
RX,1394984,R35,TXK,N151,49,99764,C,0,0.81,0.78,5.0,U,-108.0,-4.0,True,,2026-07-13T13:43:28.560+00:00,/dev/cu.usbserial-576B0005451,"RX,1394984,R35,TXK,N151,49,99764,C,0,0.81,0.78,5,U,-108,-4.00"
RX,1395602,R35,TXC,N31,23,100385,G,1,0.93,0.9,5.0,U,-108.0,-6.0,True,,2026-07-13T13:43:29.178+00:00,/dev/cu.usbserial-576B0005451,"RX,1395602,R35,TXC,N31,23,100385,G,1,0.93,0.90,5,U,-108,-6.00"
RX,1395845,R35,TXA,N01,98,100627,C,0,0.81,0.78,5.0,F,-108.0,-3.0,True,,2026-07-13T13:43:29.421+00:00,/dev/cu.usbserial-576B0005451,"RX,1395845,R35,TXA,N01,98,100627,C,0,0.81,0.78,5,F,-108,-3.00"
RX,1396596,R35,TXE,N61,46,101383,E,0,0.87,0.84,5.0,U,-108.0,-5.0,True,,2026-07-13T13:43:30.172+00:00,/dev/cu.usbserial-576B0005451,"RX,1396596,R35,TXE,N61,46,101383,E,0,0.87,0.84,5,U,-108,-5.00"
RX,1396703,R35,TXI,N121,23,101482,G,1,0.93,0.9,5.0,U,-108.0,-5.25,True,,2026-07-13T13:43:30.278+00:00,/dev/cu.usbserial-576B0005451,"RX,1396703,R35,TXI,N121,23,101482,G,1,0.93,0.90,5,U,-108,-5.25"
RX,1396845,R35,TXA,N01,99,101627,D,1,0.24,0.22,5.0,F,-106.0,-0.75,True,,2026-07-13T13:43:30.421+00:00,/dev/cu.usbserial-576B0005451,"RX,1396845,R35,TXA,N01,99,101627,D,1,0.24,0.22,5,F,-106,-0.75"
RX,1396985,R35,TXK,N151,50,101764,E,1,0.87,0.84,5.0,U,-109.0,-10.0,True,,2026-07-13T13:43:30.561+00:00,/dev/cu.usbserial-576B0005451,"RX,1396985,R35,TXK,N151,50,101764,E,1,0.87,0.84,5,U,-109,-10.00"
RX,1397845,R35,TXA,N01,100,102627,E,1,0.87,0.84,5.0,F,-107.0,-3.0,True,,2026-07-13T13:43:31.421+00:00,/dev/cu.usbserial-576B0005451,"RX,1397845,R35,TXA,N01,100,102627,E,1,0.87,0.84,5,F,-107,-3.00"
RX,1398596,R35,TXE,N61,47,103383,G,1,0.93,0.9,5.0,U,-108.0,-4.5,True,,2026-07-13T13:43:32.172+00:00,/dev/cu.usbserial-576B0005451,"RX,1398596,R35,TXE,N61,47,103383,G,1,0.93,0.90,5,U,-108,-4.50"
RX,1398845,R35,TXA,N01,101,103627,F,0,0.28,0.26,5.0,F,-107.0,-3.5,True,,2026-07-13T13:43:32.421+00:00,/dev/cu.usbserial-576B0005451,"RX,1398845,R35,TXA,N01,101,103627,F,0,0.28,0.26,5,F,-107,-3.50"
RX,1398985,R35,TXK,N151,51,103764,G,1,0.93,0.9,5.0,U,-108.0,-4.0,True,,2026-07-13T13:43:32.561+00:00,/dev/cu.usbserial-576B0005451,"RX,1398985,R35,TXK,N151,51,103764,G,1,0.93,0.90,5,U,-108,-4.00"
RX,1399648,R35,TXD,N46,12,104431,G,1,0.93,0.9,5.0,U,-108.0,-7.5,True,,2026-07-13T13:43:33.224+00:00,/dev/cu.usbserial-576B0005451,"RX,1399648,R35,TXD,N46,12,104431,G,1,0.93,0.90,5,U,-108,-7.50"
RX,1399845,R35,TXA,N01,102,104627,G,1,0.93,0.9,5.0,F,-107.0,-3.0,True,,2026-07-13T13:43:33.421+00:00,/dev/cu.usbserial-576B0005451,"RX,1399845,R35,TXA,N01,102,104627,G,1,0.93,0.90,5,F,-107,-3.00"
RX,1400596,R35,TXE,N61,48,105383,A,1,0.75,0.72,5.0,U,-108.0,-4.5,True,,2026-07-13T13:43:34.172+00:00,/dev/cu.usbserial-576B0005451,"RX,1400596,R35,TXE,N61,48,105383,A,1,0.75,0.72,5,U,-108,-4.50"
RX,1400845,R35,TXA,N01,103,105627,H,1,0.32,0.3,5.0,F,-107.0,-2.75,True,,2026-07-13T13:43:34.421+00:00,/dev/cu.usbserial-576B0005451,"RX,1400845,R35,TXA,N01,103,105627,H,1,0.32,0.30,5,F,-107,-2.75"
RX,1400985,R35,TXK,N151,52,105764,A,0,0.75,0.72,5.0,U,-107.0,-3.75,True,,2026-07-13T13:43:34.561+00:00,/dev/cu.usbserial-576B0005451,"RX,1400985,R35,TXK,N151,52,105764,A,0,0.75,0.72,5,U,-107,-3.75"
RX,1401502,R35,TXJ,N136,11,106281,G,1,0.93,0.9,5.0,U,-107.0,-4.25,True,,2026-07-13T13:43:35.077+00:00,/dev/cu.usbserial-576B0005451,"RX,1401502,R35,TXJ,N136,11,106281,G,1,0.93,0.90,5,U,-107,-4.25"
RX,1401602,R35,TXC,N31,24,106385,E,1,0.87,0.84,5.0,U,-108.0,-5.75,True,,2026-07-13T13:43:35.178+00:00,/dev/cu.usbserial-576B0005451,"RX,1401602,R35,TXC,N31,24,106385,E,1,0.87,0.84,5,U,-108,-5.75"
RX,1401845,R35,TXA,N01,104,106627,A,0,0.75,0.72,5.0,F,-107.0,-3.75,True,,2026-07-13T13:43:35.421+00:00,/dev/cu.usbserial-576B0005451,"RX,1401845,R35,TXA,N01,104,106627,A,0,0.75,0.72,5,F,-107,-3.75"
RX,1402596,R35,TXE,N61,49,107383,C,0,0.81,0.78,5.0,U,-107.0,-5.0,True,,2026-07-13T13:43:36.172+00:00,/dev/cu.usbserial-576B0005451,"RX,1402596,R35,TXE,N61,49,107383,C,0,0.81,0.78,5,U,-107,-5.00"
RX,1402703,R35,TXI,N121,24,107482,E,1,0.87,0.84,5.0,U,-107.0,-5.5,True,,2026-07-13T13:43:36.279+00:00,/dev/cu.usbserial-576B0005451,"RX,1402703,R35,TXI,N121,24,107482,E,1,0.87,0.84,5,U,-107,-5.50"
RX,1402845,R35,TXA,N01,105,107627,B,1,0.2,0.18,5.0,F,-107.0,-3.5,True,,2026-07-13T13:43:36.421+00:00,/dev/cu.usbserial-576B0005451,"RX,1402845,R35,TXA,N01,105,107627,B,1,0.20,0.18,5,F,-107,-3.50"
RX,1402985,R35,TXK,N151,53,107764,C,1,0.81,0.78,5.0,U,-107.0,-4.25,True,,2026-07-13T13:43:36.560+00:00,/dev/cu.usbserial-576B0005451,"RX,1402985,R35,TXK,N151,53,107764,C,1,0.81,0.78,5,U,-107,-4.25"
RX,1403602,R35,TXC,N31,25,108385,G,1,0.93,0.9,5.0,U,-108.0,-5.0,True,,2026-07-13T13:43:37.178+00:00,/dev/cu.usbserial-576B0005451,"RX,1403602,R35,TXC,N31,25,108385,G,1,0.93,0.90,5,U,-108,-5.00"
RX,1403845,R35,TXA,N01,106,108627,C,1,0.81,0.78,5.0,F,-108.0,-4.0,True,,2026-07-13T13:43:37.421+00:00,/dev/cu.usbserial-576B0005451,"RX,1403845,R35,TXA,N01,106,108627,C,1,0.81,0.78,5,F,-108,-4.00"
RX,1404596,R35,TXE,N61,50,109383,E,1,0.87,0.84,5.0,U,-107.0,-4.0,True,,2026-07-13T13:43:38.172+00:00,/dev/cu.usbserial-576B0005451,"RX,1404596,R35,TXE,N61,50,109383,E,1,0.87,0.84,5,U,-107,-4.00"
RX,1404703,R35,TXI,N121,25,109482,G,1,0.93,0.9,5.0,U,-107.0,-5.0,True,,2026-07-13T13:43:38.278+00:00,/dev/cu.usbserial-576B0005451,"RX,1404703,R35,TXI,N121,25,109482,G,1,0.93,0.90,5,U,-107,-5.00"
RX,1404845,R35,TXA,N01,107,109627,D,0,0.24,0.22,5.0,F,-107.0,-3.5,True,,2026-07-13T13:43:38.421+00:00,/dev/cu.usbserial-576B0005451,"RX,1404845,R35,TXA,N01,107,109627,D,0,0.24,0.22,5,F,-107,-3.50"
RX,1404985,R35,TXK,N151,54,109764,E,1,0.87,0.84,5.0,U,-108.0,-4.5,True,,2026-07-13T13:43:38.560+00:00,/dev/cu.usbserial-576B0005451,"RX,1404985,R35,TXK,N151,54,109764,E,1,0.87,0.84,5,U,-108,-4.50"
RX,1405845,R35,TXA,N01,108,110627,E,1,0.87,0.84,5.0,F,-107.0,-3.5,True,,2026-07-13T13:43:39.421+00:00,/dev/cu.usbserial-576B0005451,"RX,1405845,R35,TXA,N01,108,110627,E,1,0.87,0.84,5,F,-107,-3.50"
RX,1406596,R35,TXE,N61,51,111383,G,1,0.93,0.9,5.0,U,-108.0,-4.25,True,,2026-07-13T13:43:40.172+00:00,/dev/cu.usbserial-576B0005451,"RX,1406596,R35,TXE,N61,51,111383,G,1,0.93,0.90,5,U,-108,-4.25"
RX,1406845,R35,TXA,N01,109,111627,F,1,0.28,0.26,5.0,F,-108.0,-3.5,True,,2026-07-13T13:43:40.421+00:00,/dev/cu.usbserial-576B0005451,"RX,1406845,R35,TXA,N01,109,111627,F,1,0.28,0.26,5,F,-108,-3.50"
RX,1406985,R35,TXK,N151,55,111764,G,0,0.93,0.9,5.0,U,-107.0,-4.0,True,,2026-07-13T13:43:40.560+00:00,/dev/cu.usbserial-576B0005451,"RX,1406985,R35,TXK,N151,55,111764,G,0,0.93,0.90,5,U,-107,-4.00"
RX,1407343,R35,TXF,N76,26,112131,E,1,0.87,0.84,5.0,U,-109.0,-9.5,True,,2026-07-13T13:43:40.919+00:00,/dev/cu.usbserial-576B0005451,"RX,1407343,R35,TXF,N76,26,112131,E,1,0.87,0.84,5,U,-109,-9.50"
RX,1407648,R35,TXD,N46,13,112431,G,0,0.93,0.9,5.0,U,-108.0,-8.0,True,,2026-07-13T13:43:41.224+00:00,/dev/cu.usbserial-576B0005451,"RX,1407648,R35,TXD,N46,13,112431,G,0,0.93,0.90,5,U,-108,-8.00"
RX,1407845,R35,TXA,N01,110,112627,G,0,0.93,0.9,5.0,F,-107.0,-4.0,True,,2026-07-13T13:43:41.421+00:00,/dev/cu.usbserial-576B0005451,"RX,1407845,R35,TXA,N01,110,112627,G,0,0.93,0.90,5,F,-107,-4.00"
RX,1408294,R35,TXG,N91,12,113081,G,1,0.93,0.9,5.0,U,-108.0,-7.75,True,,2026-07-13T13:43:41.870+00:00,/dev/cu.usbserial-576B0005451,"RX,1408294,R35,TXG,N91,12,113081,G,1,0.93,0.90,5,U,-108,-7.75"
RX,1408596,R35,TXE,N61,52,113383,A,0,0.75,0.72,5.0,U,-107.0,-3.75,True,,2026-07-13T13:43:42.172+00:00,/dev/cu.usbserial-576B0005451,"RX,1408596,R35,TXE,N61,52,113383,A,0,0.75,0.72,5,U,-107,-3.75"
RX,1408845,R35,TXA,N01,111,113627,H,1,0.32,0.3,5.0,F,-107.0,-3.75,True,,2026-07-13T13:43:42.421+00:00,/dev/cu.usbserial-576B0005451,"RX,1408845,R35,TXA,N01,111,113627,H,1,0.32,0.30,5,F,-107,-3.75"
RX,1408985,R35,TXK,N151,56,113764,A,1,0.75,0.72,5.0,U,-108.0,-4.75,True,,2026-07-13T13:43:42.560+00:00,/dev/cu.usbserial-576B0005451,"RX,1408985,R35,TXK,N151,56,113764,A,1,0.75,0.72,5,U,-108,-4.75"
RX,1409502,R35,TXJ,N136,12,114281,G,1,0.93,0.9,5.0,U,-107.0,-6.0,True,,2026-07-13T13:43:43.078+00:00,/dev/cu.usbserial-576B0005451,"RX,1409502,R35,TXJ,N136,12,114281,G,1,0.93,0.90,5,U,-107,-6.00"
RX,1409602,R35,TXC,N31,26,114385,E,1,0.87,0.84,5.0,U,-108.0,-6.0,True,,2026-07-13T13:43:43.178+00:00,/dev/cu.usbserial-576B0005451,"RX,1409602,R35,TXC,N31,26,114385,E,1,0.87,0.84,5,U,-108,-6.00"
RX,1409845,R35,TXA,N01,112,114627,A,1,0.75,0.72,5.0,F,-107.0,-4.5,True,,2026-07-13T13:43:43.421+00:00,/dev/cu.usbserial-576B0005451,"RX,1409845,R35,TXA,N01,112,114627,A,1,0.75,0.72,5,F,-107,-4.50"
RX,1410596,R35,TXE,N61,53,115383,C,1,0.81,0.78,5.0,U,-108.0,-4.0,True,,2026-07-13T13:43:44.172+00:00,/dev/cu.usbserial-576B0005451,"RX,1410596,R35,TXE,N61,53,115383,C,1,0.81,0.78,5,U,-108,-4.00"
RX,1410703,R35,TXI,N121,26,115482,E,1,0.87,0.84,5.0,U,-108.0,-4.75,True,,2026-07-13T13:43:44.279+00:00,/dev/cu.usbserial-576B0005451,"RX,1410703,R35,TXI,N121,26,115482,E,1,0.87,0.84,5,U,-108,-4.75"
RX,1410845,R35,TXA,N01,113,115627,B,0,0.2,0.18,5.0,F,-108.0,-3.75,True,,2026-07-13T13:43:44.421+00:00,/dev/cu.usbserial-576B0005451,"RX,1410845,R35,TXA,N01,113,115627,B,0,0.20,0.18,5,F,-108,-3.75"
RX,1410985,R35,TXK,N151,57,115764,C,1,0.81,0.78,5.0,U,-108.0,-4.0,True,,2026-07-13T13:43:44.560+00:00,/dev/cu.usbserial-576B0005451,"RX,1410985,R35,TXK,N151,57,115764,C,1,0.81,0.78,5,U,-108,-4.00"
RX,1411602,R35,TXC,N31,27,116385,G,0,0.93,0.9,5.0,U,-108.0,-6.75,True,,2026-07-13T13:43:45.178+00:00,/dev/cu.usbserial-576B0005451,"RX,1411602,R35,TXC,N31,27,116385,G,0,0.93,0.90,5,U,-108,-6.75"
RX,1411845,R35,TXA,N01,114,116627,C,1,0.81,0.78,5.0,F,-108.0,-4.25,True,,2026-07-13T13:43:45.421+00:00,/dev/cu.usbserial-576B0005451,"RX,1411845,R35,TXA,N01,114,116627,C,1,0.81,0.78,5,F,-108,-4.25"
RX,1412596,R35,TXE,N61,54,117383,E,1,0.87,0.84,5.0,U,-108.0,-3.25,True,,2026-07-13T13:43:46.172+00:00,/dev/cu.usbserial-576B0005451,"RX,1412596,R35,TXE,N61,54,117383,E,1,0.87,0.84,5,U,-108,-3.25"
RX,1412703,R35,TXI,N121,27,117482,G,0,0.93,0.9,5.0,U,-108.0,-4.75,True,,2026-07-13T13:43:46.278+00:00,/dev/cu.usbserial-576B0005451,"RX,1412703,R35,TXI,N121,27,117482,G,0,0.93,0.90,5,U,-108,-4.75"
RX,1412845,R35,TXA,N01,115,117627,D,1,0.24,0.22,5.0,F,-108.0,-3.25,True,,2026-07-13T13:43:46.421+00:00,/dev/cu.usbserial-576B0005451,"RX,1412845,R35,TXA,N01,115,117627,D,1,0.24,0.22,5,F,-108,-3.25"
RX,1412985,R35,TXK,N151,58,117764,E,0,0.87,0.84,5.0,U,-108.0,-3.75,True,,2026-07-13T13:43:46.560+00:00,/dev/cu.usbserial-576B0005451,"RX,1412985,R35,TXK,N151,58,117764,E,0,0.87,0.84,5,U,-108,-3.75"
RX,1413845,R35,TXA,N01,116,118627,E,0,0.87,0.84,5.0,F,-108.0,-3.0,True,,2026-07-13T13:43:47.421+00:00,/dev/cu.usbserial-576B0005451,"RX,1413845,R35,TXA,N01,116,118627,E,0,0.87,0.84,5,F,-108,-3.00"
RX,1414596,R35,TXE,N61,55,119383,G,0,0.93,0.9,5.0,U,-108.0,-3.25,True,,2026-07-13T13:43:48.172+00:00,/dev/cu.usbserial-576B0005451,"RX,1414596,R35,TXE,N61,55,119383,G,0,0.93,0.90,5,U,-108,-3.25"
RX,1414845,R35,TXA,N01,117,119627,F,1,0.28,0.26,5.0,F,-108.0,-2.5,True,,2026-07-13T13:43:48.421+00:00,/dev/cu.usbserial-576B0005451,"RX,1414845,R35,TXA,N01,117,119627,F,1,0.28,0.26,5,F,-108,-2.50"
RX,1414985,R35,TXK,N151,59,119764,G,1,0.93,0.9,5.0,U,-108.0,-3.75,True,,2026-07-13T13:43:48.560+00:00,/dev/cu.usbserial-576B0005451,"RX,1414985,R35,TXK,N151,59,119764,G,1,0.93,0.90,5,U,-108,-3.75"
RX,1415343,R35,TXF,N76,28,120131,E,0,0.87,0.84,5.0,U,-109.0,-8.0,True,,2026-07-13T13:43:48.919+00:00,/dev/cu.usbserial-576B0005451,"RX,1415343,R35,TXF,N76,28,120131,E,0,0.87,0.84,5,U,-109,-8.00"
RX,1415648,R35,TXD,N46,14,120431,G,1,0.93,0.9,5.0,U,-108.0,-6.5,True,,2026-07-13T13:43:49.224+00:00,/dev/cu.usbserial-576B0005451,"RX,1415648,R35,TXD,N46,14,120431,G,1,0.93,0.90,5,U,-108,-6.50"
RX,1415845,R35,TXA,N01,118,120627,G,1,0.93,0.9,5.0,F,-109.0,-2.5,True,,2026-07-13T13:43:49.421+00:00,/dev/cu.usbserial-576B0005451,"RX,1415845,R35,TXA,N01,118,120627,G,1,0.93,0.90,5,F,-109,-2.50"
RX,1416294,R35,TXG,N91,13,121081,G,0,0.93,0.9,5.0,U,-109.0,-7.0,True,,2026-07-13T13:43:49.870+00:00,/dev/cu.usbserial-576B0005451,"RX,1416294,R35,TXG,N91,13,121081,G,0,0.93,0.90,5,U,-109,-7.00"
RX,1416596,R35,TXE,N61,56,121383,A,1,0.75,0.72,5.0,U,-108.0,-2.25,True,,2026-07-13T13:43:50.172+00:00,/dev/cu.usbserial-576B0005451,"RX,1416596,R35,TXE,N61,56,121383,A,1,0.75,0.72,5,U,-108,-2.25"
RX,1416845,R35,TXA,N01,119,121627,H,0,0.32,0.3,5.0,F,-108.0,-2.25,True,,2026-07-13T13:43:50.422+00:00,/dev/cu.usbserial-576B0005451,"RX,1416845,R35,TXA,N01,119,121627,H,0,0.32,0.30,5,F,-108,-2.25"
RX,1416985,R35,TXK,N151,60,121764,A,1,0.75,0.72,5.0,U,-108.0,-2.75,True,,2026-07-13T13:43:50.560+00:00,/dev/cu.usbserial-576B0005451,"RX,1416985,R35,TXK,N151,60,121764,A,1,0.75,0.72,5,U,-108,-2.75"
RX,1417343,R35,TXF,N76,29,122131,G,1,0.93,0.9,5.0,U,-108.0,-7.5,True,,2026-07-13T13:43:50.919+00:00,/dev/cu.usbserial-576B0005451,"RX,1417343,R35,TXF,N76,29,122131,G,1,0.93,0.90,5,U,-108,-7.50"
RX,1417502,R35,TXJ,N136,13,122281,G,0,0.93,0.9,5.0,U,-108.0,-4.0,True,,2026-07-13T13:43:51.077+00:00,/dev/cu.usbserial-576B0005451,"RX,1417502,R35,TXJ,N136,13,122281,G,0,0.93,0.90,5,U,-108,-4.00"
RX,1417602,R35,TXC,N31,28,122385,E,0,0.87,0.84,5.0,U,-109.0,-5.0,True,,2026-07-13T13:43:51.177+00:00,/dev/cu.usbserial-576B0005451,"RX,1417602,R35,TXC,N31,28,122385,E,0,0.87,0.84,5,U,-109,-5.00"
RX,1417845,R35,TXA,N01,120,122627,A,1,0.75,0.72,5.0,F,-108.0,-2.75,True,,2026-07-13T13:43:51.421+00:00,/dev/cu.usbserial-576B0005451,"RX,1417845,R35,TXA,N01,120,122627,A,1,0.75,0.72,5,F,-108,-2.75"
RX,1418596,R35,TXE,N61,57,123383,C,1,0.81,0.78,5.0,U,-108.0,-2.5,True,,2026-07-13T13:43:52.172+00:00,/dev/cu.usbserial-576B0005451,"RX,1418596,R35,TXE,N61,57,123383,C,1,0.81,0.78,5,U,-108,-2.50"
RX,1418703,R35,TXI,N121,28,123482,E,0,0.87,0.84,5.0,U,-108.0,-3.5,True,,2026-07-13T13:43:52.279+00:00,/dev/cu.usbserial-576B0005451,"RX,1418703,R35,TXI,N121,28,123482,E,0,0.87,0.84,5,U,-108,-3.50"
RX,1418845,R35,TXA,N01,121,123627,B,1,0.2,0.18,5.0,F,-108.0,-2.25,True,,2026-07-13T13:43:52.421+00:00,/dev/cu.usbserial-576B0005451,"RX,1418845,R35,TXA,N01,121,123627,B,1,0.20,0.18,5,F,-108,-2.25"
RX,1419602,R35,TXC,N31,29,124385,G,1,0.93,0.9,5.0,U,-108.0,-5.0,True,,2026-07-13T13:43:53.177+00:00,/dev/cu.usbserial-576B0005451,"RX,1419602,R35,TXC,N31,29,124385,G,1,0.93,0.90,5,U,-108,-5.00"
RX,1419845,R35,TXA,N01,122,124627,C,0,0.81,0.78,5.0,F,-108.0,-1.5,True,,2026-07-13T13:43:53.421+00:00,/dev/cu.usbserial-576B0005451,"RX,1419845,R35,TXA,N01,122,124627,C,0,0.81,0.78,5,F,-108,-1.50"
RX,1420596,R35,TXE,N61,58,125383,E,0,0.87,0.84,5.0,U,-109.0,-2.0,True,,2026-07-13T13:43:54.172+00:00,/dev/cu.usbserial-576B0005451,"RX,1420596,R35,TXE,N61,58,125383,E,0,0.87,0.84,5,U,-109,-2.00"
RX,1420703,R35,TXI,N121,29,125482,G,1,0.93,0.9,5.0,U,-109.0,-3.0,True,,2026-07-13T13:43:54.278+00:00,/dev/cu.usbserial-576B0005451,"RX,1420703,R35,TXI,N121,29,125482,G,1,0.93,0.90,5,U,-109,-3.00"
RX,1420845,R35,TXA,N01,123,125627,D,1,0.24,0.22,5.0,F,-108.0,-2.0,True,,2026-07-13T13:43:54.421+00:00,/dev/cu.usbserial-576B0005451,"RX,1420845,R35,TXA,N01,123,125627,D,1,0.24,0.22,5,F,-108,-2.00"
RX,1420985,R35,TXK,N151,62,125764,E,1,0.87,0.84,5.0,U,-109.0,-2.25,True,,2026-07-13T13:43:54.560+00:00,/dev/cu.usbserial-576B0005451,"RX,1420985,R35,TXK,N151,62,125764,E,1,0.87,0.84,5,U,-109,-2.25"
RX,1421845,R35,TXA,N01,124,126627,E,1,0.87,0.84,5.0,F,-108.0,-1.25,True,,2026-07-13T13:43:55.421+00:00,/dev/cu.usbserial-576B0005451,"RX,1421845,R35,TXA,N01,124,126627,E,1,0.87,0.84,5,F,-108,-1.25"
RX,1422596,R35,TXE,N61,59,127383,G,1,0.93,0.9,5.0,U,-108.0,-1.5,True,,2026-07-13T13:43:56.172+00:00,/dev/cu.usbserial-576B0005451,"RX,1422596,R35,TXE,N61,59,127383,G,1,0.93,0.90,5,U,-108,-1.50"
RX,1422845,R35,TXA,N01,125,127627,F,0,0.28,0.26,5.0,F,-107.0,-2.5,True,,2026-07-13T13:43:56.421+00:00,/dev/cu.usbserial-576B0005451,"RX,1422845,R35,TXA,N01,125,127627,F,0,0.28,0.26,5,F,-107,-2.50"
RX,1422985,R35,TXK,N151,63,127764,G,1,0.93,0.9,5.0,U,-109.0,-2.0,True,,2026-07-13T13:43:56.560+00:00,/dev/cu.usbserial-576B0005451,"RX,1422985,R35,TXK,N151,63,127764,G,1,0.93,0.90,5,U,-109,-2.00"
RX,1423343,R35,TXF,N76,30,128131,E,1,0.87,0.84,5.0,U,-110.0,-7.75,True,,2026-07-13T13:43:56.919+00:00,/dev/cu.usbserial-576B0005451,"RX,1423343,R35,TXF,N76,30,128131,E,1,0.87,0.84,5,U,-110,-7.75"
RX,1423648,R35,TXD,N46,15,128431,G,1,0.93,0.9,5.0,U,-110.0,-6.75,True,,2026-07-13T13:43:57.224+00:00,/dev/cu.usbserial-576B0005451,"RX,1423648,R35,TXD,N46,15,128431,G,1,0.93,0.90,5,U,-110,-6.75"
RX,1423845,R35,TXA,N01,126,128627,G,1,0.93,0.9,5.0,F,-108.0,-1.5,True,,2026-07-13T13:43:57.421+00:00,/dev/cu.usbserial-576B0005451,"RX,1423845,R35,TXA,N01,126,128627,G,1,0.93,0.90,5,F,-108,-1.50"
RX,1424294,R35,TXG,N91,14,129081,G,1,0.93,0.9,5.0,U,-109.0,-6.75,True,,2026-07-13T13:43:57.869+00:00,/dev/cu.usbserial-576B0005451,"RX,1424294,R35,TXG,N91,14,129081,G,1,0.93,0.90,5,U,-109,-6.75"
RX,1424596,R35,TXE,N61,60,129383,A,1,0.75,0.72,5.0,U,-108.0,-2.75,True,,2026-07-13T13:43:58.172+00:00,/dev/cu.usbserial-576B0005451,"RX,1424596,R35,TXE,N61,60,129383,A,1,0.75,0.72,5,U,-108,-2.75"
RX,1424845,R35,TXA,N01,127,129627,H,1,0.32,0.3,5.0,F,-108.0,-2.0,True,,2026-07-13T13:43:58.421+00:00,/dev/cu.usbserial-576B0005451,"RX,1424845,R35,TXA,N01,127,129627,H,1,0.32,0.30,5,F,-108,-2.00"
RX,1424985,R35,TXK,N151,64,129764,A,1,0.75,0.72,5.0,U,-108.0,-3.0,True,,2026-07-13T13:43:58.560+00:00,/dev/cu.usbserial-576B0005451,"RX,1424985,R35,TXK,N151,64,129764,A,1,0.75,0.72,5,U,-108,-3.00"
RX,1425343,R35,TXF,N76,31,130131,G,1,0.93,0.9,5.0,U,-108.0,-7.5,True,,2026-07-13T13:43:58.919+00:00,/dev/cu.usbserial-576B0005451,"RX,1425343,R35,TXF,N76,31,130131,G,1,0.93,0.90,5,U,-108,-7.50"
RX,1425502,R35,TXJ,N136,14,130281,G,1,0.93,0.9,5.0,U,-108.0,-3.5,True,,2026-07-13T13:43:59.077+00:00,/dev/cu.usbserial-576B0005451,"RX,1425502,R35,TXJ,N136,14,130281,G,1,0.93,0.90,5,U,-108,-3.50"
RX,1425602,R35,TXC,N31,30,130385,E,1,0.87,0.84,5.0,U,-108.0,-4.75,True,,2026-07-13T13:43:59.177+00:00,/dev/cu.usbserial-576B0005451,"RX,1425602,R35,TXC,N31,30,130385,E,1,0.87,0.84,5,U,-108,-4.75"
RX,1425845,R35,TXA,N01,128,130627,A,1,0.75,0.72,5.0,F,-107.0,-2.25,True,,2026-07-13T13:43:59.421+00:00,/dev/cu.usbserial-576B0005451,"RX,1425845,R35,TXA,N01,128,130627,A,1,0.75,0.72,5,F,-107,-2.25"
RX,1426596,R35,TXE,N61,61,131383,C,0,0.81,0.78,5.0,U,-108.0,-2.5,True,,2026-07-13T13:44:00.172+00:00,/dev/cu.usbserial-576B0005451,"RX,1426596,R35,TXE,N61,61,131383,C,0,0.81,0.78,5,U,-108,-2.50"
RX,1426703,R35,TXI,N121,30,131482,E,1,0.87,0.84,5.0,U,-108.0,-4.5,True,,2026-07-13T13:44:00.278+00:00,/dev/cu.usbserial-576B0005451,"RX,1426703,R35,TXI,N121,30,131482,E,1,0.87,0.84,5,U,-108,-4.50"
RX,1426845,R35,TXA,N01,129,131627,B,0,0.2,0.18,5.0,F,-107.0,-2.0,True,,2026-07-13T13:44:00.421+00:00,/dev/cu.usbserial-576B0005451,"RX,1426845,R35,TXA,N01,129,131627,B,0,0.20,0.18,5,F,-107,-2.00"
RX,1426985,R35,TXK,N151,65,131764,C,1,0.81,0.78,5.0,U,-107.0,-3.5,True,,2026-07-13T13:44:00.560+00:00,/dev/cu.usbserial-576B0005451,"RX,1426985,R35,TXK,N151,65,131764,C,1,0.81,0.78,5,U,-107,-3.50"
RX,1427602,R35,TXC,N31,31,132385,G,1,0.93,0.9,5.0,U,-108.0,-3.0,True,,2026-07-13T13:44:01.177+00:00,/dev/cu.usbserial-576B0005451,"RX,1427602,R35,TXC,N31,31,132385,G,1,0.93,0.90,5,U,-108,-3.00"
RX,1427845,R35,TXA,N01,130,132627,C,1,0.81,0.78,5.0,F,-107.0,-1.5,True,,2026-07-13T13:44:01.421+00:00,/dev/cu.usbserial-576B0005451,"RX,1427845,R35,TXA,N01,130,132627,C,1,0.81,0.78,5,F,-107,-1.50"
RX,1428596,R35,TXE,N61,62,133383,E,1,0.87,0.84,5.0,U,-108.0,-3.25,True,,2026-07-13T13:44:02.172+00:00,/dev/cu.usbserial-576B0005451,"RX,1428596,R35,TXE,N61,62,133383,E,1,0.87,0.84,5,U,-108,-3.25"
RX,1428703,R35,TXI,N121,31,133482,G,1,0.93,0.9,5.0,U,-109.0,-4.75,True,,2026-07-13T13:44:02.278+00:00,/dev/cu.usbserial-576B0005451,"RX,1428703,R35,TXI,N121,31,133482,G,1,0.93,0.90,5,U,-109,-4.75"
RX,1428845,R35,TXA,N01,131,133627,D,1,0.24,0.22,5.0,F,-108.0,-2.25,True,,2026-07-13T13:44:02.421+00:00,/dev/cu.usbserial-576B0005451,"RX,1428845,R35,TXA,N01,131,133627,D,1,0.24,0.22,5,F,-108,-2.25"
RX,1428985,R35,TXK,N151,66,133764,E,0,0.87,0.84,5.0,U,-108.0,-3.25,True,,2026-07-13T13:44:02.560+00:00,/dev/cu.usbserial-576B0005451,"RX,1428985,R35,TXK,N151,66,133764,E,0,0.87,0.84,5,U,-108,-3.25"
RX,1429845,R35,TXA,N01,132,134627,E,0,0.87,0.84,5.0,F,-108.0,-3.25,True,,2026-07-13T13:44:03.421+00:00,/dev/cu.usbserial-576B0005451,"RX,1429845,R35,TXA,N01,132,134627,E,0,0.87,0.84,5,F,-108,-3.25"
RX,1430596,R35,TXE,N61,63,135383,G,1,0.93,0.9,5.0,U,-108.0,-3.5,True,,2026-07-13T13:44:04.172+00:00,/dev/cu.usbserial-576B0005451,"RX,1430596,R35,TXE,N61,63,135383,G,1,0.93,0.90,5,U,-108,-3.50"
RX,1430845,R35,TXA,N01,133,135627,F,1,0.28,0.26,5.0,F,-108.0,-3.0,True,,2026-07-13T13:44:04.421+00:00,/dev/cu.usbserial-576B0005451,"RX,1430845,R35,TXA,N01,133,135627,F,1,0.28,0.26,5,F,-108,-3.00"
RX,1430955,R35,TXH,N106,8,135743,G,1,0.93,0.9,5.0,U,-104.0,1.5,True,,2026-07-13T13:44:04.531+00:00,/dev/cu.usbserial-576B0005451,"RX,1430955,R35,TXH,N106,8,135743,G,1,0.93,0.90,5,U,-104,1.50"
RX,1431137,R35,TXL,N166,8,135917,G,1,0.93,0.9,5.0,U,-106.0,-0.5,True,,2026-07-13T13:44:04.713+00:00,/dev/cu.usbserial-576B0005451,"RX,1431137,R35,TXL,N166,8,135917,G,1,0.93,0.90,5,U,-106,-0.50"
RX,1431343,R35,TXF,N76,32,136131,E,0,0.87,0.84,5.0,U,-109.0,-9.0,True,,2026-07-13T13:44:04.920+00:00,/dev/cu.usbserial-576B0005451,"RX,1431343,R35,TXF,N76,32,136131,E,0,0.87,0.84,5,U,-109,-9.00"
RX,1431648,R35,TXD,N46,16,136431,G,1,0.93,0.9,5.0,U,-108.0,-7.0,True,,2026-07-13T13:44:05.225+00:00,/dev/cu.usbserial-576B0005451,"RX,1431648,R35,TXD,N46,16,136431,G,1,0.93,0.90,5,U,-108,-7.00"
RX,1431845,R35,TXA,N01,134,136627,G,1,0.93,0.9,5.0,F,-107.0,-1.25,True,,2026-07-13T13:44:05.421+00:00,/dev/cu.usbserial-576B0005451,"RX,1431845,R35,TXA,N01,134,136627,G,1,0.93,0.90,5,F,-107,-1.25"
RX,1432294,R35,TXG,N91,15,137081,G,1,0.93,0.9,5.0,U,-108.0,-8.0,True,,2026-07-13T13:44:05.870+00:00,/dev/cu.usbserial-576B0005451,"RX,1432294,R35,TXG,N91,15,137081,G,1,0.93,0.90,5,U,-108,-8.00"
RX,1432596,R35,TXE,N61,64,137383,A,1,0.75,0.72,5.0,U,-108.0,-3.0,True,,2026-07-13T13:44:06.172+00:00,/dev/cu.usbserial-576B0005451,"RX,1432596,R35,TXE,N61,64,137383,A,1,0.75,0.72,5,U,-108,-3.00"
RX,1432845,R35,TXA,N01,135,137627,H,0,0.32,0.3,5.0,F,-108.0,-2.25,True,,2026-07-13T13:44:06.421+00:00,/dev/cu.usbserial-576B0005451,"RX,1432845,R35,TXA,N01,135,137627,H,0,0.32,0.30,5,F,-108,-2.25"
RX,1432985,R35,TXK,N151,68,137764,A,1,0.75,0.72,5.0,U,-107.0,-2.75,True,,2026-07-13T13:44:06.560+00:00,/dev/cu.usbserial-576B0005451,"RX,1432985,R35,TXK,N151,68,137764,A,1,0.75,0.72,5,U,-107,-2.75"
RX,1433502,R35,TXJ,N136,15,138281,G,1,0.93,0.9,5.0,U,-107.0,-2.25,True,,2026-07-13T13:44:07.077+00:00,/dev/cu.usbserial-576B0005451,"RX,1433502,R35,TXJ,N136,15,138281,G,1,0.93,0.90,5,U,-107,-2.25"
RX,1433602,R35,TXC,N31,32,138385,E,0,0.87,0.84,5.0,U,-107.0,-2.25,True,,2026-07-13T13:44:07.178+00:00,/dev/cu.usbserial-576B0005451,"RX,1433602,R35,TXC,N31,32,138385,E,0,0.87,0.84,5,U,-107,-2.25"
RX,1433845,R35,TXA,N01,136,138627,A,1,0.75,0.72,5.0,F,-107.0,-1.75,True,,2026-07-13T13:44:07.421+00:00,/dev/cu.usbserial-576B0005451,"RX,1433845,R35,TXA,N01,136,138627,A,1,0.75,0.72,5,F,-107,-1.75"
RX,1434596,R35,TXE,N61,65,139383,C,1,0.81,0.78,5.0,U,-108.0,-3.25,True,,2026-07-13T13:44:08.172+00:00,/dev/cu.usbserial-576B0005451,"RX,1434596,R35,TXE,N61,65,139383,C,1,0.81,0.78,5,U,-108,-3.25"
RX,1434703,R35,TXI,N121,32,139482,E,0,0.87,0.84,5.0,U,-108.0,-4.75,True,,2026-07-13T13:44:08.278+00:00,/dev/cu.usbserial-576B0005451,"RX,1434703,R35,TXI,N121,32,139482,E,0,0.87,0.84,5,U,-108,-4.75"
RX,1434845,R35,TXA,N01,137,139627,B,1,0.2,0.18,5.0,F,-108.0,-2.75,True,,2026-07-13T13:44:08.421+00:00,/dev/cu.usbserial-576B0005451,"RX,1434845,R35,TXA,N01,137,139627,B,1,0.20,0.18,5,F,-108,-2.75"
RX,1434985,R35,TXK,N151,69,139764,C,0,0.81,0.78,5.0,U,-108.0,-3.75,True,,2026-07-13T13:44:08.560+00:00,/dev/cu.usbserial-576B0005451,"RX,1434985,R35,TXK,N151,69,139764,C,0,0.81,0.78,5,U,-108,-3.75"
RX,1435602,R35,TXC,N31,33,140385,G,1,0.93,0.9,5.0,U,-109.0,-6.5,True,,2026-07-13T13:44:09.177+00:00,/dev/cu.usbserial-576B0005451,"RX,1435602,R35,TXC,N31,33,140385,G,1,0.93,0.90,5,U,-109,-6.50"
RX,1435845,R35,TXA,N01,138,140627,C,0,0.81,0.78,5.0,F,-108.0,-4.5,True,,2026-07-13T13:44:09.421+00:00,/dev/cu.usbserial-576B0005451,"RX,1435845,R35,TXA,N01,138,140627,C,0,0.81,0.78,5,F,-108,-4.50"
RX,1436596,R35,TXE,N61,66,141383,E,0,0.87,0.84,5.0,U,-108.0,-3.5,True,,2026-07-13T13:44:10.172+00:00,/dev/cu.usbserial-576B0005451,"RX,1436596,R35,TXE,N61,66,141383,E,0,0.87,0.84,5,U,-108,-3.50"
RX,1436702,R35,TXI,N121,33,141482,G,1,0.93,0.9,5.0,U,-108.0,-5.5,True,,2026-07-13T13:44:10.278+00:00,/dev/cu.usbserial-576B0005451,"RX,1436702,R35,TXI,N121,33,141482,G,1,0.93,0.90,5,U,-108,-5.50"
RX,1436845,R35,TXA,N01,139,141627,D,1,0.24,0.22,5.0,F,-108.0,-3.5,True,,2026-07-13T13:44:10.421+00:00,/dev/cu.usbserial-576B0005451,"RX,1436845,R35,TXA,N01,139,141627,D,1,0.24,0.22,5,F,-108,-3.50"
RX,1436985,R35,TXK,N151,70,141764,E,1,0.87,0.84,5.0,U,-107.0,-3.5,True,,2026-07-13T13:44:10.560+00:00,/dev/cu.usbserial-576B0005451,"RX,1436985,R35,TXK,N151,70,141764,E,1,0.87,0.84,5,U,-107,-3.50"
RX,1437845,R35,TXA,N01,140,142627,E,1,0.87,0.84,5.0,F,-108.0,-4.0,True,,2026-07-13T13:44:11.421+00:00,/dev/cu.usbserial-576B0005451,"RX,1437845,R35,TXA,N01,140,142627,E,1,0.87,0.84,5,F,-108,-4.00"
RX,1438596,R35,TXE,N61,67,143383,G,1,0.93,0.9,5.0,U,-107.0,-4.5,True,,2026-07-13T13:44:12.172+00:00,/dev/cu.usbserial-576B0005451,"RX,1438596,R35,TXE,N61,67,143383,G,1,0.93,0.90,5,U,-107,-4.50"
RX,1438955,R35,TXH,N106,9,143743,G,1,0.93,0.9,5.0,U,-104.0,1.75,True,,2026-07-13T13:44:12.531+00:00,/dev/cu.usbserial-576B0005451,"RX,1438955,R35,TXH,N106,9,143743,G,1,0.93,0.90,5,U,-104,1.75"
RX,1439137,R35,TXL,N166,9,143917,G,1,0.93,0.9,5.0,U,-108.0,-1.75,True,,2026-07-13T13:44:12.713+00:00,/dev/cu.usbserial-576B0005451,"RX,1439137,R35,TXL,N166,9,143917,G,1,0.93,0.90,5,U,-108,-1.75"
RX,1439648,R35,TXD,N46,17,144431,G,1,0.93,0.9,5.0,U,-109.0,-6.75,True,,2026-07-13T13:44:13.224+00:00,/dev/cu.usbserial-576B0005451,"RX,1439648,R35,TXD,N46,17,144431,G,1,0.93,0.90,5,U,-109,-6.75"
RX,1439845,R35,TXA,N01,142,144627,G,1,0.93,0.9,5.0,F,-107.0,-5.75,True,,2026-07-13T13:44:13.421+00:00,/dev/cu.usbserial-576B0005451,"RX,1439845,R35,TXA,N01,142,144627,G,1,0.93,0.90,5,F,-107,-5.75"
RX,1440596,R35,TXE,N61,68,145383,A,1,0.75,0.72,5.0,U,-109.0,-4.0,True,,2026-07-13T13:44:14.171+00:00,/dev/cu.usbserial-576B0005451,"RX,1440596,R35,TXE,N61,68,145383,A,1,0.75,0.72,5,U,-109,-4.00"
RX,1440845,R35,TXA,N01,143,145627,H,1,0.32,0.3,5.0,F,-108.0,-1.75,True,,2026-07-13T13:44:14.421+00:00,/dev/cu.usbserial-576B0005451,"RX,1440845,R35,TXA,N01,143,145627,H,1,0.32,0.30,5,F,-108,-1.75"
RX,1440985,R35,TXK,N151,72,145764,A,0,0.75,0.72,5.0,U,-109.0,-4.25,True,,2026-07-13T13:44:14.560+00:00,/dev/cu.usbserial-576B0005451,"RX,1440985,R35,TXK,N151,72,145764,A,0,0.75,0.72,5,U,-109,-4.25"
RX,1441502,R35,TXJ,N136,16,146281,G,1,0.93,0.9,5.0,U,-108.0,-4.75,True,,2026-07-13T13:44:15.077+00:00,/dev/cu.usbserial-576B0005451,"RX,1441502,R35,TXJ,N136,16,146281,G,1,0.93,0.90,5,U,-108,-4.75"
RX,1441602,R35,TXC,N31,34,146385,E,1,0.87,0.84,5.0,U,-109.0,-4.75,True,,2026-07-13T13:44:15.177+00:00,/dev/cu.usbserial-576B0005451,"RX,1441602,R35,TXC,N31,34,146385,E,1,0.87,0.84,5,U,-109,-4.75"
RX,1441845,R35,TXA,N01,144,146627,A,0,0.75,0.72,5.0,F,-108.0,-2.75,True,,2026-07-13T13:44:15.421+00:00,/dev/cu.usbserial-576B0005451,"RX,1441845,R35,TXA,N01,144,146627,A,0,0.75,0.72,5,F,-108,-2.75"
RX,1442596,R35,TXE,N61,69,147383,C,0,0.81,0.78,5.0,U,-108.0,-4.25,True,,2026-07-13T13:44:16.172+00:00,/dev/cu.usbserial-576B0005451,"RX,1442596,R35,TXE,N61,69,147383,C,0,0.81,0.78,5,U,-108,-4.25"
RX,1442703,R35,TXI,N121,34,147482,E,1,0.87,0.84,5.0,U,-108.0,-7.25,True,,2026-07-13T13:44:16.278+00:00,/dev/cu.usbserial-576B0005451,"RX,1442703,R35,TXI,N121,34,147482,E,1,0.87,0.84,5,U,-108,-7.25"
RX,1442845,R35,TXA,N01,145,147627,B,1,0.2,0.18,5.0,F,-108.0,-4.5,True,,2026-07-13T13:44:16.420+00:00,/dev/cu.usbserial-576B0005451,"RX,1442845,R35,TXA,N01,145,147627,B,1,0.20,0.18,5,F,-108,-4.50"
RX,1442985,R35,TXK,N151,73,147764,C,1,0.81,0.78,5.0,U,-108.0,-5.5,True,,2026-07-13T13:44:16.560+00:00,/dev/cu.usbserial-576B0005451,"RX,1442985,R35,TXK,N151,73,147764,C,1,0.81,0.78,5,U,-108,-5.50"
RX,1443845,R35,TXA,N01,146,148627,C,1,0.81,0.78,5.0,F,-108.0,-7.0,True,,2026-07-13T13:44:17.421+00:00,/dev/cu.usbserial-576B0005451,"RX,1443845,R35,TXA,N01,146,148627,C,1,0.81,0.78,5,F,-108,-7.00"
RX,1444703,R35,TXI,N121,35,149482,G,1,0.93,0.9,5.0,U,-109.0,-9.0,True,,2026-07-13T13:44:18.278+00:00,/dev/cu.usbserial-576B0005451,"RX,1444703,R35,TXI,N121,35,149482,G,1,0.93,0.90,5,U,-109,-9.00"
RX,1444845,R35,TXA,N01,147,149627,D,0,0.24,0.22,5.0,F,-109.0,-6.25,True,,2026-07-13T13:44:18.421+00:00,/dev/cu.usbserial-576B0005451,"RX,1444845,R35,TXA,N01,147,149627,D,0,0.24,0.22,5,F,-109,-6.25"
RX,1445845,R35,TXA,N01,148,150627,E,1,0.87,0.84,5.0,F,-109.0,-5.75,True,,2026-07-13T13:44:19.421+00:00,/dev/cu.usbserial-576B0005451,"RX,1445845,R35,TXA,N01,148,150627,E,1,0.87,0.84,5,F,-109,-5.75"
RX,1446596,R35,TXE,N61,71,151383,G,1,0.93,0.9,5.0,U,-108.0,-3.25,True,,2026-07-13T13:44:20.172+00:00,/dev/cu.usbserial-576B0005451,"RX,1446596,R35,TXE,N61,71,151383,G,1,0.93,0.90,5,U,-108,-3.25"
RX,1446845,R35,TXA,N01,149,151627,F,1,0.28,0.26,5.0,F,-107.0,-1.75,True,,2026-07-13T13:44:20.421+00:00,/dev/cu.usbserial-576B0005451,"RX,1446845,R35,TXA,N01,149,151627,F,1,0.28,0.26,5,F,-107,-1.75"
RX,1446955,R35,TXH,N106,10,151743,G,0,0.93,0.9,5.0,U,-101.0,3.5,True,,2026-07-13T13:44:20.531+00:00,/dev/cu.usbserial-576B0005451,"RX,1446955,R35,TXH,N106,10,151743,G,0,0.93,0.90,5,U,-101,3.50"
RX,1447137,R35,TXL,N166,10,151917,G,0,0.93,0.9,5.0,U,-106.0,-0.25,True,,2026-07-13T13:44:20.713+00:00,/dev/cu.usbserial-576B0005451,"RX,1447137,R35,TXL,N166,10,151917,G,0,0.93,0.90,5,U,-106,-0.25"
RX,1447343,R35,TXF,N76,36,152131,E,1,0.87,0.84,5.0,U,-108.0,-5.75,True,,2026-07-13T13:44:20.919+00:00,/dev/cu.usbserial-576B0005451,"RX,1447343,R35,TXF,N76,36,152131,E,1,0.87,0.84,5,U,-108,-5.75"
RX,1447648,R35,TXD,N46,18,152431,G,0,0.93,0.9,5.0,U,-108.0,-5.0,True,,2026-07-13T13:44:21.224+00:00,/dev/cu.usbserial-576B0005451,"RX,1447648,R35,TXD,N46,18,152431,G,0,0.93,0.90,5,U,-108,-5.00"
RX,1447845,R35,TXA,N01,150,152627,G,0,0.93,0.9,5.0,F,-108.0,-1.75,True,,2026-07-13T13:44:21.421+00:00,/dev/cu.usbserial-576B0005451,"RX,1447845,R35,TXA,N01,150,152627,G,0,0.93,0.90,5,F,-108,-1.75"
RX,1448294,R35,TXG,N91,17,153081,G,1,0.93,0.9,5.0,U,-108.0,-4.75,True,,2026-07-13T13:44:21.869+00:00,/dev/cu.usbserial-576B0005451,"RX,1448294,R35,TXG,N91,17,153081,G,1,0.93,0.90,5,U,-108,-4.75"
RX,1448845,R35,TXA,N01,151,153627,H,1,0.32,0.3,5.0,F,-107.0,-2.0,True,,2026-07-13T13:44:22.421+00:00,/dev/cu.usbserial-576B0005451,"RX,1448845,R35,TXA,N01,151,153627,H,1,0.32,0.30,5,F,-107,-2.00"
RX,1448985,R35,TXK,N151,76,153764,A,1,0.75,0.72,5.0,U,-109.0,-8.5,True,,2026-07-13T13:44:22.560+00:00,/dev/cu.usbserial-576B0005451,"RX,1448985,R35,TXK,N151,76,153764,A,1,0.75,0.72,5,U,-109,-8.50"
RX,1449343,R35,TXF,N76,37,154131,G,0,0.93,0.9,5.0,U,-108.0,-8.0,True,,2026-07-13T13:44:22.919+00:00,/dev/cu.usbserial-576B0005451,"RX,1449343,R35,TXF,N76,37,154131,G,0,0.93,0.90,5,U,-108,-8.00"
RX,1449502,R35,TXJ,N136,17,154281,G,1,0.93,0.9,5.0,U,-108.0,-2.75,True,,2026-07-13T13:44:23.077+00:00,/dev/cu.usbserial-576B0005451,"RX,1449502,R35,TXJ,N136,17,154281,G,1,0.93,0.90,5,U,-108,-2.75"
RX,1449601,R35,TXC,N31,36,154385,E,1,0.87,0.84,5.0,U,-109.0,-5.5,True,,2026-07-13T13:44:23.177+00:00,/dev/cu.usbserial-576B0005451,"RX,1449601,R35,TXC,N31,36,154385,E,1,0.87,0.84,5,U,-109,-5.50"
RX,1449845,R35,TXA,N01,152,154627,A,1,0.75,0.72,5.0,F,-108.0,-3.0,True,,2026-07-13T13:44:23.421+00:00,/dev/cu.usbserial-576B0005451,"RX,1449845,R35,TXA,N01,152,154627,A,1,0.75,0.72,5,F,-108,-3.00"
RX,1450596,R35,TXE,N61,73,155383,C,1,0.81,0.78,5.0,U,-109.0,-4.5,True,,2026-07-13T13:44:24.172+00:00,/dev/cu.usbserial-576B0005451,"RX,1450596,R35,TXE,N61,73,155383,C,1,0.81,0.78,5,U,-109,-4.50"
RX,1450703,R35,TXI,N121,36,155482,E,1,0.87,0.84,5.0,U,-108.0,-4.0,True,,2026-07-13T13:44:24.278+00:00,/dev/cu.usbserial-576B0005451,"RX,1450703,R35,TXI,N121,36,155482,E,1,0.87,0.84,5,U,-108,-4.00"
RX,1450845,R35,TXA,N01,153,155627,B,0,0.2,0.18,5.0,F,-107.0,-0.25,True,,2026-07-13T13:44:24.421+00:00,/dev/cu.usbserial-576B0005451,"RX,1450845,R35,TXA,N01,153,155627,B,0,0.20,0.18,5,F,-107,-0.25"
RX,1450984,R35,TXK,N151,77,155764,C,1,0.81,0.78,5.0,U,-108.0,-2.25,True,,2026-07-13T13:44:24.560+00:00,/dev/cu.usbserial-576B0005451,"RX,1450984,R35,TXK,N151,77,155764,C,1,0.81,0.78,5,U,-108,-2.25"
RX,1451601,R35,TXC,N31,37,156385,G,0,0.93,0.9,5.0,U,-108.0,-5.5,True,,2026-07-13T13:44:25.177+00:00,/dev/cu.usbserial-576B0005451,"RX,1451601,R35,TXC,N31,37,156385,G,0,0.93,0.90,5,U,-108,-5.50"
RX,1451845,R35,TXA,N01,154,156627,C,1,0.81,0.78,5.0,F,-108.0,-2.0,True,,2026-07-13T13:44:25.420+00:00,/dev/cu.usbserial-576B0005451,"RX,1451845,R35,TXA,N01,154,156627,C,1,0.81,0.78,5,F,-108,-2.00"
RX,1452596,R35,TXE,N61,74,157383,E,1,0.87,0.84,5.0,U,-109.0,-5.5,True,,2026-07-13T13:44:26.172+00:00,/dev/cu.usbserial-576B0005451,"RX,1452596,R35,TXE,N61,74,157383,E,1,0.87,0.84,5,U,-109,-5.50"
RX,1452702,R35,TXI,N121,37,157482,G,0,0.93,0.9,5.0,U,-108.0,-2.0,True,,2026-07-13T13:44:26.278+00:00,/dev/cu.usbserial-576B0005451,"RX,1452702,R35,TXI,N121,37,157482,G,0,0.93,0.90,5,U,-108,-2.00"
RX,1452845,R35,TXA,N01,155,157627,D,1,0.24,0.22,5.0,F,-108.0,-1.25,True,,2026-07-13T13:44:26.420+00:00,/dev/cu.usbserial-576B0005451,"RX,1452845,R35,TXA,N01,155,157627,D,1,0.24,0.22,5,F,-108,-1.25"
RX,1452984,R35,TXK,N151,78,157764,E,0,0.87,0.84,5.0,U,-109.0,-4.75,True,,2026-07-13T13:44:26.560+00:00,/dev/cu.usbserial-576B0005451,"RX,1452984,R35,TXK,N151,78,157764,E,0,0.87,0.84,5,U,-109,-4.75"
RX,1453845,R35,TXA,N01,156,158627,E,0,0.87,0.84,5.0,F,-108.0,-0.5,True,,2026-07-13T13:44:27.420+00:00,/dev/cu.usbserial-576B0005451,"RX,1453845,R35,TXA,N01,156,158627,E,0,0.87,0.84,5,F,-108,-0.50"
RX,1454596,R35,TXE,N61,75,159383,G,0,0.93,0.9,5.0,U,-109.0,-5.5,True,,2026-07-13T13:44:28.172+00:00,/dev/cu.usbserial-576B0005451,"RX,1454596,R35,TXE,N61,75,159383,G,0,0.93,0.90,5,U,-109,-5.50"
RX,1454845,R35,TXA,N01,157,159627,F,1,0.28,0.26,5.0,F,-108.0,0.0,True,,2026-07-13T13:44:28.420+00:00,/dev/cu.usbserial-576B0005451,"RX,1454845,R35,TXA,N01,157,159627,F,1,0.28,0.26,5,F,-108,0.00"
RX,1454955,R35,TXH,N106,11,159743,G,1,0.93,0.9,5.0,U,-103.0,2.25,True,,2026-07-13T13:44:28.531+00:00,/dev/cu.usbserial-576B0005451,"RX,1454955,R35,TXH,N106,11,159743,G,1,0.93,0.90,5,U,-103,2.25"
RX,1455137,R35,TXL,N166,11,159917,G,1,0.93,0.9,5.0,U,-106.0,1.25,True,,2026-07-13T13:44:28.713+00:00,/dev/cu.usbserial-576B0005451,"RX,1455137,R35,TXL,N166,11,159917,G,1,0.93,0.90,5,U,-106,1.25"
RX,1455648,R35,TXD,N46,19,160431,G,1,0.93,0.9,5.0,U,-110.0,-6.25,True,,2026-07-13T13:44:29.224+00:00,/dev/cu.usbserial-576B0005451,"RX,1455648,R35,TXD,N46,19,160431,G,1,0.93,0.90,5,U,-110,-6.25"
RX,1455845,R35,TXA,N01,158,160627,G,1,0.93,0.9,5.0,F,-108.0,-2.25,True,,2026-07-13T13:44:29.420+00:00,/dev/cu.usbserial-576B0005451,"RX,1455845,R35,TXA,N01,158,160627,G,1,0.93,0.90,5,F,-108,-2.25"
RX,1456596,R35,TXE,N61,76,161383,A,1,0.75,0.72,5.0,U,-108.0,-4.0,True,,2026-07-13T13:44:30.172+00:00,/dev/cu.usbserial-576B0005451,"RX,1456596,R35,TXE,N61,76,161383,A,1,0.75,0.72,5,U,-108,-4.00"
RX,1456845,R35,TXA,N01,159,161627,H,0,0.32,0.3,5.0,F,-108.0,-2.0,True,,2026-07-13T13:44:30.420+00:00,/dev/cu.usbserial-576B0005451,"RX,1456845,R35,TXA,N01,159,161627,H,0,0.32,0.30,5,F,-108,-2.00"
RX,1456985,R35,TXK,N151,80,161764,A,1,0.75,0.72,5.0,U,-108.0,-2.5,True,,2026-07-13T13:44:30.560+00:00,/dev/cu.usbserial-576B0005451,"RX,1456985,R35,TXK,N151,80,161764,A,1,0.75,0.72,5,U,-108,-2.50"
RX,1457343,R35,TXF,N76,39,162131,G,1,0.93,0.9,5.0,U,-109.0,-9.5,True,,2026-07-13T13:44:30.919+00:00,/dev/cu.usbserial-576B0005451,"RX,1457343,R35,TXF,N76,39,162131,G,1,0.93,0.90,5,U,-109,-9.50"
RX,1457845,R35,TXA,N01,160,162627,A,1,0.75,0.72,5.0,F,-107.0,-0.25,True,,2026-07-13T13:44:31.420+00:00,/dev/cu.usbserial-576B0005451,"RX,1457845,R35,TXA,N01,160,162627,A,1,0.75,0.72,5,F,-107,-0.25"
RX,1458596,R35,TXE,N61,77,163383,C,1,0.81,0.78,5.0,U,-109.0,-5.5,True,,2026-07-13T13:44:32.172+00:00,/dev/cu.usbserial-576B0005451,"RX,1458596,R35,TXE,N61,77,163383,C,1,0.81,0.78,5,U,-109,-5.50"
RX,1458845,R35,TXA,N01,161,163627,B,1,0.2,0.18,5.0,F,-106.0,1.5,True,,2026-07-13T13:44:32.420+00:00,/dev/cu.usbserial-576B0005451,"RX,1458845,R35,TXA,N01,161,163627,B,1,0.20,0.18,5,F,-106,1.50"
RX,1459601,R35,TXC,N31,39,164385,G,1,0.93,0.9,5.0,U,-108.0,-2.5,True,,2026-07-13T13:44:33.177+00:00,/dev/cu.usbserial-576B0005451,"RX,1459601,R35,TXC,N31,39,164385,G,1,0.93,0.90,5,U,-108,-2.50"
RX,1459845,R35,TXA,N01,162,164627,C,0,0.81,0.78,5.0,F,-108.0,-1.75,True,,2026-07-13T13:44:33.420+00:00,/dev/cu.usbserial-576B0005451,"RX,1459845,R35,TXA,N01,162,164627,C,0,0.81,0.78,5,F,-108,-1.75"
RX,1460596,R35,TXE,N61,78,165383,E,0,0.87,0.84,5.0,U,-108.0,-2.75,True,,2026-07-13T13:44:34.172+00:00,/dev/cu.usbserial-576B0005451,"RX,1460596,R35,TXE,N61,78,165383,E,0,0.87,0.84,5,U,-108,-2.75"
RX,1460702,R35,TXI,N121,39,165482,G,1,0.93,0.9,5.0,U,-108.0,-3.0,True,,2026-07-13T13:44:34.278+00:00,/dev/cu.usbserial-576B0005451,"RX,1460702,R35,TXI,N121,39,165482,G,1,0.93,0.90,5,U,-108,-3.00"
RX,1460845,R35,TXA,N01,163,165627,D,1,0.24,0.22,5.0,F,-107.0,-1.25,True,,2026-07-13T13:44:34.420+00:00,/dev/cu.usbserial-576B0005451,"RX,1460845,R35,TXA,N01,163,165627,D,1,0.24,0.22,5,F,-107,-1.25"
RX,1460985,R35,TXK,N151,82,165764,E,1,0.87,0.84,5.0,U,-108.0,-1.25,True,,2026-07-13T13:44:34.560+00:00,/dev/cu.usbserial-576B0005451,"RX,1460985,R35,TXK,N151,82,165764,E,1,0.87,0.84,5,U,-108,-1.25"
RX,1461845,R35,TXA,N01,164,166627,E,1,0.87,0.84,5.0,F,-108.0,-2.0,True,,2026-07-13T13:44:35.420+00:00,/dev/cu.usbserial-576B0005451,"RX,1461845,R35,TXA,N01,164,166627,E,1,0.87,0.84,5,F,-108,-2.00"
RX,1462596,R35,TXE,N61,79,167383,G,1,0.93,0.9,5.0,U,-108.0,-3.0,True,,2026-07-13T13:44:36.172+00:00,/dev/cu.usbserial-576B0005451,"RX,1462596,R35,TXE,N61,79,167383,G,1,0.93,0.90,5,U,-108,-3.00"
RX,1462845,R35,TXA,N01,165,167627,F,0,0.28,0.26,5.0,F,-107.0,-1.0,True,,2026-07-13T13:44:36.420+00:00,/dev/cu.usbserial-576B0005451,"RX,1462845,R35,TXA,N01,165,167627,F,0,0.28,0.26,5,F,-107,-1.00"
RX,1462984,R35,TXK,N151,83,167764,G,1,0.93,0.9,5.0,U,-108.0,-2.75,True,,2026-07-13T13:44:36.560+00:00,/dev/cu.usbserial-576B0005451,"RX,1462984,R35,TXK,N151,83,167764,G,1,0.93,0.90,5,U,-108,-2.75"
RX,1463343,R35,TXF,N76,40,168131,E,1,0.87,0.84,5.0,U,-109.0,-8.5,True,,2026-07-13T13:44:36.919+00:00,/dev/cu.usbserial-576B0005451,"RX,1463343,R35,TXF,N76,40,168131,E,1,0.87,0.84,5,U,-109,-8.50"
RX,1463648,R35,TXD,N46,20,168431,G,1,0.93,0.9,5.0,U,-109.0,-7.5,True,,2026-07-13T13:44:37.224+00:00,/dev/cu.usbserial-576B0005451,"RX,1463648,R35,TXD,N46,20,168431,G,1,0.93,0.90,5,U,-109,-7.50"
RX,1463845,R35,TXA,N01,166,168627,G,1,0.93,0.9,5.0,F,-108.0,-1.5,True,,2026-07-13T13:44:37.420+00:00,/dev/cu.usbserial-576B0005451,"RX,1463845,R35,TXA,N01,166,168627,G,1,0.93,0.90,5,F,-108,-1.50"
RX,1464293,R35,TXG,N91,19,169081,G,1,0.93,0.9,5.0,U,-109.0,-6.5,True,,2026-07-13T13:44:37.869+00:00,/dev/cu.usbserial-576B0005451,"RX,1464293,R35,TXG,N91,19,169081,G,1,0.93,0.90,5,U,-109,-6.50"
RX,1464596,R35,TXE,N61,80,169383,A,1,0.75,0.72,5.0,U,-107.0,-3.25,True,,2026-07-13T13:44:38.172+00:00,/dev/cu.usbserial-576B0005451,"RX,1464596,R35,TXE,N61,80,169383,A,1,0.75,0.72,5,U,-107,-3.25"
RX,1464845,R35,TXA,N01,167,169627,H,1,0.32,0.3,5.0,F,-107.0,-1.5,True,,2026-07-13T13:44:38.420+00:00,/dev/cu.usbserial-576B0005451,"RX,1464845,R35,TXA,N01,167,169627,H,1,0.32,0.30,5,F,-107,-1.50"
RX,1464984,R35,TXK,N151,84,169764,A,0,0.75,0.72,5.0,U,-107.0,-2.75,True,,2026-07-13T13:44:38.560+00:00,/dev/cu.usbserial-576B0005451,"RX,1464984,R35,TXK,N151,84,169764,A,0,0.75,0.72,5,U,-107,-2.75"
RX,1465343,R35,TXF,N76,41,170131,G,1,0.93,0.9,5.0,U,-109.0,-7.75,True,,2026-07-13T13:44:38.919+00:00,/dev/cu.usbserial-576B0005451,"RX,1465343,R35,TXF,N76,41,170131,G,1,0.93,0.90,5,U,-109,-7.75"
RX,1465502,R35,TXJ,N136,19,170281,G,1,0.93,0.9,5.0,U,-108.0,-3.0,True,,2026-07-13T13:44:39.077+00:00,/dev/cu.usbserial-576B0005451,"RX,1465502,R35,TXJ,N136,19,170281,G,1,0.93,0.90,5,U,-108,-3.00"
RX,1465601,R35,TXC,N31,40,170385,E,1,0.87,0.84,5.0,U,-108.0,-5.5,True,,2026-07-13T13:44:39.178+00:00,/dev/cu.usbserial-576B0005451,"RX,1465601,R35,TXC,N31,40,170385,E,1,0.87,0.84,5,U,-108,-5.50"
RX,1465845,R35,TXA,N01,168,170627,A,0,0.75,0.72,5.0,F,-107.0,-1.75,True,,2026-07-13T13:44:39.420+00:00,/dev/cu.usbserial-576B0005451,"RX,1465845,R35,TXA,N01,168,170627,A,0,0.75,0.72,5,F,-107,-1.75"
RX,1466596,R35,TXE,N61,81,171383,C,0,0.81,0.78,5.0,U,-108.0,-3.5,True,,2026-07-13T13:44:40.171+00:00,/dev/cu.usbserial-576B0005451,"RX,1466596,R35,TXE,N61,81,171383,C,0,0.81,0.78,5,U,-108,-3.50"
RX,1466702,R35,TXI,N121,40,171482,E,1,0.87,0.84,5.0,U,-109.0,-3.25,True,,2026-07-13T13:44:40.278+00:00,/dev/cu.usbserial-576B0005451,"RX,1466702,R35,TXI,N121,40,171482,E,1,0.87,0.84,5,U,-109,-3.25"
RX,1466845,R35,TXA,N01,169,171627,B,1,0.2,0.18,5.0,F,-108.0,-1.75,True,,2026-07-13T13:44:40.420+00:00,/dev/cu.usbserial-576B0005451,"RX,1466845,R35,TXA,N01,169,171627,B,1,0.20,0.18,5,F,-108,-1.75"
RX,1466984,R35,TXK,N151,85,171764,C,1,0.81,0.78,5.0,U,-106.0,-5.0,True,,2026-07-13T13:44:40.560+00:00,/dev/cu.usbserial-576B0005451,"RX,1466984,R35,TXK,N151,85,171764,C,1,0.81,0.78,5,U,-106,-5.00"
RX,1467601,R35,TXC,N31,41,172385,G,1,0.93,0.9,5.0,U,-108.0,-4.75,True,,2026-07-13T13:44:41.177+00:00,/dev/cu.usbserial-576B0005451,"RX,1467601,R35,TXC,N31,41,172385,G,1,0.93,0.90,5,U,-108,-4.75"
RX,1467845,R35,TXA,N01,170,172627,C,1,0.81,0.78,5.0,F,-107.0,-1.25,True,,2026-07-13T13:44:41.420+00:00,/dev/cu.usbserial-576B0005451,"RX,1467845,R35,TXA,N01,170,172627,C,1,0.81,0.78,5,F,-107,-1.25"
RX,1468596,R35,TXE,N61,82,173383,E,1,0.87,0.84,5.0,U,-108.0,-2.5,True,,2026-07-13T13:44:42.172+00:00,/dev/cu.usbserial-576B0005451,"RX,1468596,R35,TXE,N61,82,173383,E,1,0.87,0.84,5,U,-108,-2.50"
RX,1468702,R35,TXI,N121,41,173482,G,1,0.93,0.9,5.0,U,-108.0,-3.5,True,,2026-07-13T13:44:42.278+00:00,/dev/cu.usbserial-576B0005451,"RX,1468702,R35,TXI,N121,41,173482,G,1,0.93,0.90,5,U,-108,-3.50"
RX,1468845,R35,TXA,N01,171,173627,D,0,0.24,0.22,5.0,F,-108.0,-1.5,True,,2026-07-13T13:44:42.420+00:00,/dev/cu.usbserial-576B0005451,"RX,1468845,R35,TXA,N01,171,173627,D,0,0.24,0.22,5,F,-108,-1.50"
RX,1468984,R35,TXK,N151,86,173764,E,1,0.87,0.84,5.0,U,-108.0,-2.0,True,,2026-07-13T13:44:42.560+00:00,/dev/cu.usbserial-576B0005451,"RX,1468984,R35,TXK,N151,86,173764,E,1,0.87,0.84,5,U,-108,-2.00"
RX,1469845,R35,TXA,N01,172,174627,E,1,0.87,0.84,5.0,F,-107.0,-1.25,True,,2026-07-13T13:44:43.420+00:00,/dev/cu.usbserial-576B0005451,"RX,1469845,R35,TXA,N01,172,174627,E,1,0.87,0.84,5,F,-107,-1.25"
RX,1470596,R35,TXE,N61,83,175383,G,1,0.93,0.9,5.0,U,-108.0,-3.75,True,,2026-07-13T13:44:44.172+00:00,/dev/cu.usbserial-576B0005451,"RX,1470596,R35,TXE,N61,83,175383,G,1,0.93,0.90,5,U,-108,-3.75"
RX,1470845,R35,TXA,N01,173,175627,F,1,0.28,0.26,5.0,F,-107.0,-1.25,True,,2026-07-13T13:44:44.420+00:00,/dev/cu.usbserial-576B0005451,"RX,1470845,R35,TXA,N01,173,175627,F,1,0.28,0.26,5,F,-107,-1.25"
RX,1470984,R35,TXK,N151,87,175764,G,0,0.93,0.9,5.0,U,-107.0,-3.25,True,,2026-07-13T13:44:44.560+00:00,/dev/cu.usbserial-576B0005451,"RX,1470984,R35,TXK,N151,87,175764,G,0,0.93,0.90,5,U,-107,-3.25"
RX,1471648,R35,TXD,N46,21,176431,G,0,0.93,0.9,5.0,U,-108.0,-5.5,True,,2026-07-13T13:44:45.224+00:00,/dev/cu.usbserial-576B0005451,"RX,1471648,R35,TXD,N46,21,176431,G,0,0.93,0.90,5,U,-108,-5.50"
RX,1471845,R35,TXA,N01,174,176627,G,0,0.93,0.9,5.0,F,-107.0,-0.75,True,,2026-07-13T13:44:45.420+00:00,/dev/cu.usbserial-576B0005451,"RX,1471845,R35,TXA,N01,174,176627,G,0,0.93,0.90,5,F,-107,-0.75"
RX,1472294,R35,TXG,N91,20,177081,G,1,0.93,0.9,5.0,U,-108.0,-5.75,True,,2026-07-13T13:44:45.869+00:00,/dev/cu.usbserial-576B0005451,"RX,1472294,R35,TXG,N91,20,177081,G,1,0.93,0.90,5,U,-108,-5.75"
RX,1472596,R35,TXE,N61,84,177383,A,0,0.75,0.72,5.0,U,-108.0,-3.0,True,,2026-07-13T13:44:46.172+00:00,/dev/cu.usbserial-576B0005451,"RX,1472596,R35,TXE,N61,84,177383,A,0,0.75,0.72,5,U,-108,-3.00"
RX,1472845,R35,TXA,N01,175,177627,H,1,0.32,0.3,5.0,F,-107.0,-1.0,True,,2026-07-13T13:44:46.420+00:00,/dev/cu.usbserial-576B0005451,"RX,1472845,R35,TXA,N01,175,177627,H,1,0.32,0.30,5,F,-107,-1.00"
RX,1472984,R35,TXK,N151,88,177764,A,1,0.75,0.72,5.0,U,-108.0,-3.25,True,,2026-07-13T13:44:46.560+00:00,/dev/cu.usbserial-576B0005451,"RX,1472984,R35,TXK,N151,88,177764,A,1,0.75,0.72,5,U,-108,-3.25"
RX,1473343,R35,TXF,N76,43,178131,G,0,0.93,0.9,5.0,U,-109.0,-7.75,True,,2026-07-13T13:44:46.919+00:00,/dev/cu.usbserial-576B0005451,"RX,1473343,R35,TXF,N76,43,178131,G,0,0.93,0.90,5,U,-109,-7.75"
RX,1473502,R35,TXJ,N136,20,178281,G,1,0.93,0.9,5.0,U,-108.0,-3.25,True,,2026-07-13T13:44:47.077+00:00,/dev/cu.usbserial-576B0005451,"RX,1473502,R35,TXJ,N136,20,178281,G,1,0.93,0.90,5,U,-108,-3.25"
RX,1473845,R35,TXA,N01,176,178627,A,1,0.75,0.72,5.0,F,-107.0,-1.5,True,,2026-07-13T13:44:47.420+00:00,/dev/cu.usbserial-576B0005451,"RX,1473845,R35,TXA,N01,176,178627,A,1,0.75,0.72,5,F,-107,-1.50"
RX,1474596,R35,TXE,N61,85,179383,C,1,0.81,0.78,5.0,U,-108.0,-3.25,True,,2026-07-13T13:44:48.172+00:00,/dev/cu.usbserial-576B0005451,"RX,1474596,R35,TXE,N61,85,179383,C,1,0.81,0.78,5,U,-108,-3.25"
RX,1474702,R35,TXI,N121,42,179482,E,1,0.87,0.84,5.0,U,-108.0,-3.0,True,,2026-07-13T13:44:48.278+00:00,/dev/cu.usbserial-576B0005451,"RX,1474702,R35,TXI,N121,42,179482,E,1,0.87,0.84,5,U,-108,-3.00"
RX,1474845,R35,TXA,N01,177,179627,B,0,0.2,0.18,5.0,F,-107.0,-1.5,True,,2026-07-13T13:44:48.420+00:00,/dev/cu.usbserial-576B0005451,"RX,1474845,R35,TXA,N01,177,179627,B,0,0.20,0.18,5,F,-107,-1.50"
RX,1474984,R35,TXK,N151,89,179764,C,1,0.81,0.78,5.0,U,-108.0,-3.0,True,,2026-07-13T13:44:48.560+00:00,/dev/cu.usbserial-576B0005451,"RX,1474984,R35,TXK,N151,89,179764,C,1,0.81,0.78,5,U,-108,-3.00"
RX,1475601,R35,TXC,N31,43,180385,G,0,0.93,0.9,5.0,U,-108.0,-4.0,True,,2026-07-13T13:44:49.177+00:00,/dev/cu.usbserial-576B0005451,"RX,1475601,R35,TXC,N31,43,180385,G,0,0.93,0.90,5,U,-108,-4.00"
RX,1475845,R35,TXA,N01,178,180627,C,1,0.81,0.78,5.0,F,-107.0,-1.5,True,,2026-07-13T13:44:49.420+00:00,/dev/cu.usbserial-576B0005451,"RX,1475845,R35,TXA,N01,178,180627,C,1,0.81,0.78,5,F,-107,-1.50"
RX,1476596,R35,TXE,N61,86,181383,E,1,0.87,0.84,5.0,U,-108.0,-2.5,True,,2026-07-13T13:44:50.172+00:00,/dev/cu.usbserial-576B0005451,"RX,1476596,R35,TXE,N61,86,181383,E,1,0.87,0.84,5,U,-108,-2.50"
RX,1476702,R35,TXI,N121,43,181482,G,0,0.93,0.9,5.0,U,-109.0,-3.0,True,,2026-07-13T13:44:50.278+00:00,/dev/cu.usbserial-576B0005451,"RX,1476702,R35,TXI,N121,43,181482,G,0,0.93,0.90,5,U,-109,-3.00"
RX,1476845,R35,TXA,N01,179,181627,D,1,0.24,0.22,5.0,F,-108.0,-1.25,True,,2026-07-13T13:44:50.423+00:00,/dev/cu.usbserial-576B0005451,"RX,1476845,R35,TXA,N01,179,181627,D,1,0.24,0.22,5,F,-108,-1.25"
RX,1476984,R35,TXK,N151,90,181764,E,0,0.87,0.84,5.0,U,-109.0,-3.0,True,,2026-07-13T13:44:50.560+00:00,/dev/cu.usbserial-576B0005451,"RX,1476984,R35,TXK,N151,90,181764,E,0,0.87,0.84,5,U,-109,-3.00"
RX,1477845,R35,TXA,N01,180,182627,E,0,0.87,0.84,5.0,F,-107.0,-1.25,True,,2026-07-13T13:44:51.420+00:00,/dev/cu.usbserial-576B0005451,"RX,1477845,R35,TXA,N01,180,182627,E,0,0.87,0.84,5,F,-107,-1.25"
RX,1478596,R35,TXE,N61,87,183383,G,0,0.93,0.9,5.0,U,-108.0,-3.25,True,,2026-07-13T13:44:52.172+00:00,/dev/cu.usbserial-576B0005451,"RX,1478596,R35,TXE,N61,87,183383,G,0,0.93,0.90,5,U,-108,-3.25"
RX,1478845,R35,TXA,N01,181,183627,F,1,0.28,0.26,5.0,F,-107.0,-1.25,True,,2026-07-13T13:44:52.420+00:00,/dev/cu.usbserial-576B0005451,"RX,1478845,R35,TXA,N01,181,183627,F,1,0.28,0.26,5,F,-107,-1.25"
RX,1478984,R35,TXK,N151,91,183764,G,1,0.93,0.9,5.0,U,-108.0,-3.5,True,,2026-07-13T13:44:52.560+00:00,/dev/cu.usbserial-576B0005451,"RX,1478984,R35,TXK,N151,91,183764,G,1,0.93,0.90,5,U,-108,-3.50"
RX,1479343,R35,TXF,N76,44,184131,E,0,0.87,0.84,5.0,U,-108.0,-8.0,True,,2026-07-13T13:44:52.919+00:00,/dev/cu.usbserial-576B0005451,"RX,1479343,R35,TXF,N76,44,184131,E,0,0.87,0.84,5,U,-108,-8.00"
RX,1479648,R35,TXD,N46,22,184431,G,1,0.93,0.9,5.0,U,-109.0,-5.5,True,,2026-07-13T13:44:53.224+00:00,/dev/cu.usbserial-576B0005451,"RX,1479648,R35,TXD,N46,22,184431,G,1,0.93,0.90,5,U,-109,-5.50"
RX,1479845,R35,TXA,N01,182,184627,G,1,0.93,0.9,5.0,F,-107.0,-1.25,True,,2026-07-13T13:44:53.420+00:00,/dev/cu.usbserial-576B0005451,"RX,1479845,R35,TXA,N01,182,184627,G,1,0.93,0.90,5,F,-107,-1.25"
RX,1480294,R35,TXG,N91,21,185081,G,0,0.93,0.9,5.0,U,-108.0,-6.25,True,,2026-07-13T13:44:53.869+00:00,/dev/cu.usbserial-576B0005451,"RX,1480294,R35,TXG,N91,21,185081,G,0,0.93,0.90,5,U,-108,-6.25"
RX,1480596,R35,TXE,N61,88,185383,A,1,0.75,0.72,5.0,U,-108.0,-3.25,True,,2026-07-13T13:44:54.172+00:00,/dev/cu.usbserial-576B0005451,"RX,1480596,R35,TXE,N61,88,185383,A,1,0.75,0.72,5,U,-108,-3.25"
RX,1480845,R35,TXA,N01,183,185627,H,0,0.32,0.3,5.0,F,-107.0,-1.25,True,,2026-07-13T13:44:54.420+00:00,/dev/cu.usbserial-576B0005451,"RX,1480845,R35,TXA,N01,183,185627,H,0,0.32,0.30,5,F,-107,-1.25"
RX,1480984,R35,TXK,N151,92,185764,A,1,0.75,0.72,5.0,U,-108.0,-3.0,True,,2026-07-13T13:44:54.560+00:00,/dev/cu.usbserial-576B0005451,"RX,1480984,R35,TXK,N151,92,185764,A,1,0.75,0.72,5,U,-108,-3.00"
RX,1481502,R35,TXJ,N136,21,186281,G,0,0.93,0.9,5.0,U,-108.0,-3.75,True,,2026-07-13T13:44:55.077+00:00,/dev/cu.usbserial-576B0005451,"RX,1481502,R35,TXJ,N136,21,186281,G,0,0.93,0.90,5,U,-108,-3.75"
RX,1481601,R35,TXC,N31,44,186385,E,0,0.87,0.84,5.0,U,-108.0,-3.25,True,,2026-07-13T13:44:55.177+00:00,/dev/cu.usbserial-576B0005451,"RX,1481601,R35,TXC,N31,44,186385,E,0,0.87,0.84,5,U,-108,-3.25"
RX,1481845,R35,TXA,N01,184,186627,A,1,0.75,0.72,5.0,F,-107.0,-1.75,True,,2026-07-13T13:44:55.420+00:00,/dev/cu.usbserial-576B0005451,"RX,1481845,R35,TXA,N01,184,186627,A,1,0.75,0.72,5,F,-107,-1.75"
RX,1482596,R35,TXE,N61,89,187383,C,1,0.81,0.78,5.0,U,-108.0,-3.25,True,,2026-07-13T13:44:56.172+00:00,/dev/cu.usbserial-576B0005451,"RX,1482596,R35,TXE,N61,89,187383,C,1,0.81,0.78,5,U,-108,-3.25"
RX,1482702,R35,TXI,N121,44,187482,E,0,0.87,0.84,5.0,U,-108.0,-4.75,True,,2026-07-13T13:44:56.278+00:00,/dev/cu.usbserial-576B0005451,"RX,1482702,R35,TXI,N121,44,187482,E,0,0.87,0.84,5,U,-108,-4.75"
RX,1482845,R35,TXA,N01,185,187627,B,1,0.2,0.18,5.0,F,-107.0,-2.0,True,,2026-07-13T13:44:56.420+00:00,/dev/cu.usbserial-576B0005451,"RX,1482845,R35,TXA,N01,185,187627,B,1,0.20,0.18,5,F,-107,-2.00"
RX,1482984,R35,TXK,N151,93,187764,C,0,0.81,0.78,5.0,U,-108.0,-3.5,True,,2026-07-13T13:44:56.560+00:00,/dev/cu.usbserial-576B0005451,"RX,1482984,R35,TXK,N151,93,187764,C,0,0.81,0.78,5,U,-108,-3.50"
RX,1483601,R35,TXC,N31,45,188385,G,1,0.93,0.9,5.0,U,-108.0,-3.75,True,,2026-07-13T13:44:57.177+00:00,/dev/cu.usbserial-576B0005451,"RX,1483601,R35,TXC,N31,45,188385,G,1,0.93,0.90,5,U,-108,-3.75"
RX,1483845,R35,TXA,N01,186,188627,C,0,0.81,0.78,5.0,F,-107.0,-2.0,True,,2026-07-13T13:44:57.420+00:00,/dev/cu.usbserial-576B0005451,"RX,1483845,R35,TXA,N01,186,188627,C,0,0.81,0.78,5,F,-107,-2.00"
RX,1484596,R35,TXE,N61,90,189383,E,0,0.87,0.84,5.0,U,-108.0,-4.25,True,,2026-07-13T13:44:58.172+00:00,/dev/cu.usbserial-576B0005451,"RX,1484596,R35,TXE,N61,90,189383,E,0,0.87,0.84,5,U,-108,-4.25"
RX,1484702,R35,TXI,N121,45,189482,G,1,0.93,0.9,5.0,U,-108.0,-4.0,True,,2026-07-13T13:44:58.278+00:00,/dev/cu.usbserial-576B0005451,"RX,1484702,R35,TXI,N121,45,189482,G,1,0.93,0.90,5,U,-108,-4.00"
RX,1484845,R35,TXA,N01,187,189627,D,1,0.24,0.22,5.0,F,-107.0,-3.0,True,,2026-07-13T13:44:58.420+00:00,/dev/cu.usbserial-576B0005451,"RX,1484845,R35,TXA,N01,187,189627,D,1,0.24,0.22,5,F,-107,-3.00"
RX,1484984,R35,TXK,N151,94,189764,E,1,0.87,0.84,5.0,U,-108.0,-4.0,True,,2026-07-13T13:44:58.560+00:00,/dev/cu.usbserial-576B0005451,"RX,1484984,R35,TXK,N151,94,189764,E,1,0.87,0.84,5,U,-108,-4.00"
RX,1485845,R35,TXA,N01,188,190627,E,1,0.87,0.84,5.0,F,-107.0,-2.75,True,,2026-07-13T13:44:59.420+00:00,/dev/cu.usbserial-576B0005451,"RX,1485845,R35,TXA,N01,188,190627,E,1,0.87,0.84,5,F,-107,-2.75"
RX,1486596,R35,TXE,N61,91,191383,G,1,0.93,0.9,5.0,U,-108.0,-4.75,True,,2026-07-13T13:45:00.172+00:00,/dev/cu.usbserial-576B0005451,"RX,1486596,R35,TXE,N61,91,191383,G,1,0.93,0.90,5,U,-108,-4.75"
RX,1486845,R35,TXA,N01,189,191627,F,0,0.28,0.26,5.0,F,-109.0,-5.75,True,,2026-07-13T13:45:00.420+00:00,/dev/cu.usbserial-576B0005451,"RX,1486845,R35,TXA,N01,189,191627,F,0,0.28,0.26,5,F,-109,-5.75"
RX,1486984,R35,TXK,N151,95,191764,G,1,0.93,0.9,5.0,U,-108.0,-4.25,True,,2026-07-13T13:45:00.560+00:00,/dev/cu.usbserial-576B0005451,"RX,1486984,R35,TXK,N151,95,191764,G,1,0.93,0.90,5,U,-108,-4.25"
RX,1487648,R35,TXD,N46,23,192431,G,1,0.93,0.9,5.0,U,-108.0,-7.25,True,,2026-07-13T13:45:01.224+00:00,/dev/cu.usbserial-576B0005451,"RX,1487648,R35,TXD,N46,23,192431,G,1,0.93,0.90,5,U,-108,-7.25"
RX,1487845,R35,TXA,N01,190,192627,G,1,0.93,0.9,5.0,F,-107.0,-1.25,True,,2026-07-13T13:45:01.420+00:00,/dev/cu.usbserial-576B0005451,"RX,1487845,R35,TXA,N01,190,192627,G,1,0.93,0.90,5,F,-107,-1.25"
RX,1488294,R35,TXG,N91,22,193081,G,1,0.93,0.9,5.0,U,-108.0,-6.0,True,,2026-07-13T13:45:01.869+00:00,/dev/cu.usbserial-576B0005451,"RX,1488294,R35,TXG,N91,22,193081,G,1,0.93,0.90,5,U,-108,-6.00"
RX,1488596,R35,TXE,N61,92,193383,A,1,0.75,0.72,5.0,U,-108.0,-5.25,True,,2026-07-13T13:45:02.171+00:00,/dev/cu.usbserial-576B0005451,"RX,1488596,R35,TXE,N61,92,193383,A,1,0.75,0.72,5,U,-108,-5.25"
RX,1488845,R35,TXA,N01,191,193627,H,1,0.32,0.3,5.0,F,-108.0,-7.0,True,,2026-07-13T13:45:02.420+00:00,/dev/cu.usbserial-576B0005451,"RX,1488845,R35,TXA,N01,191,193627,H,1,0.32,0.30,5,F,-108,-7.00"
RX,1488984,R35,TXK,N151,96,193764,A,1,0.75,0.72,5.0,U,-107.0,-4.5,True,,2026-07-13T13:45:02.560+00:00,/dev/cu.usbserial-576B0005451,"RX,1488984,R35,TXK,N151,96,193764,A,1,0.75,0.72,5,U,-107,-4.50"
RX,1489502,R35,TXJ,N136,22,194281,G,1,0.93,0.9,5.0,U,-107.0,-5.25,True,,2026-07-13T13:45:03.077+00:00,/dev/cu.usbserial-576B0005451,"RX,1489502,R35,TXJ,N136,22,194281,G,1,0.93,0.90,5,U,-107,-5.25"
RX,1489845,R35,TXA,N01,192,194627,A,1,0.75,0.72,5.0,F,-106.0,0.75,True,,2026-07-13T13:45:03.420+00:00,/dev/cu.usbserial-576B0005451,"RX,1489845,R35,TXA,N01,192,194627,A,1,0.75,0.72,5,F,-106,0.75"
RX,1490596,R35,TXE,N61,93,195383,C,0,0.81,0.78,5.0,U,-106.0,0.25,True,,2026-07-13T13:45:04.172+00:00,/dev/cu.usbserial-576B0005451,"RX,1490596,R35,TXE,N61,93,195383,C,0,0.81,0.78,5,U,-106,0.25"
RX,1490702,R35,TXI,N121,46,195482,E,1,0.87,0.84,5.0,U,-106.0,0.0,True,,2026-07-13T13:45:04.278+00:00,/dev/cu.usbserial-576B0005451,"RX,1490702,R35,TXI,N121,46,195482,E,1,0.87,0.84,5,U,-106,0.00"
RX,1490845,R35,TXA,N01,193,195627,B,0,0.2,0.18,5.0,F,-106.0,0.5,True,,2026-07-13T13:45:04.420+00:00,/dev/cu.usbserial-576B0005451,"RX,1490845,R35,TXA,N01,193,195627,B,0,0.20,0.18,5,F,-106,0.50"
RX,1490984,R35,TXK,N151,97,195764,C,1,0.81,0.78,5.0,U,-107.0,-1.0,True,,2026-07-13T13:45:04.560+00:00,/dev/cu.usbserial-576B0005451,"RX,1490984,R35,TXK,N151,97,195764,C,1,0.81,0.78,5,U,-107,-1.00"
RX,1491845,R35,TXA,N01,194,196627,C,1,0.81,0.78,5.0,F,-107.0,-3.25,True,,2026-07-13T13:45:05.420+00:00,/dev/cu.usbserial-576B0005451,"RX,1491845,R35,TXA,N01,194,196627,C,1,0.81,0.78,5,F,-107,-3.25"
RX,1492596,R35,TXE,N61,94,197383,E,1,0.87,0.84,5.0,U,-107.0,-4.5,True,,2026-07-13T13:45:06.172+00:00,/dev/cu.usbserial-576B0005451,"RX,1492596,R35,TXE,N61,94,197383,E,1,0.87,0.84,5,U,-107,-4.50"
RX,1492702,R35,TXI,N121,47,197482,G,1,0.93,0.9,5.0,U,-109.0,-7.5,True,,2026-07-13T13:45:06.278+00:00,/dev/cu.usbserial-576B0005451,"RX,1492702,R35,TXI,N121,47,197482,G,1,0.93,0.90,5,U,-109,-7.50"
RX,1492984,R35,TXK,N151,98,197764,E,0,0.87,0.84,5.0,U,-108.0,-4.0,True,,2026-07-13T13:45:06.560+00:00,/dev/cu.usbserial-576B0005451,"RX,1492984,R35,TXK,N151,98,197764,E,0,0.87,0.84,5,U,-108,-4.00"
RX,1493845,R35,TXA,N01,196,198627,E,0,0.87,0.84,5.0,F,-108.0,-4.0,True,,2026-07-13T13:45:07.420+00:00,/dev/cu.usbserial-576B0005451,"RX,1493845,R35,TXA,N01,196,198627,E,0,0.87,0.84,5,F,-108,-4.00"
RX,1494596,R35,TXE,N61,95,199383,G,1,0.93,0.9,5.0,U,-109.0,-5.0,True,,2026-07-13T13:45:08.172+00:00,/dev/cu.usbserial-576B0005451,"RX,1494596,R35,TXE,N61,95,199383,G,1,0.93,0.90,5,U,-109,-5.00"
RX,1494955,R35,TXH,N106,12,199743,G,1,0.93,0.9,5.0,U,-104.0,0.5,True,,2026-07-13T13:45:08.531+00:00,/dev/cu.usbserial-576B0005451,"RX,1494955,R35,TXH,N106,12,199743,G,1,0.93,0.90,5,U,-104,0.50"
RX,1495137,R35,TXL,N166,12,199917,G,1,0.93,0.9,5.0,U,-108.0,-3.5,True,,2026-07-13T13:45:08.712+00:00,/dev/cu.usbserial-576B0005451,"RX,1495137,R35,TXL,N166,12,199917,G,1,0.93,0.90,5,U,-108,-3.50"
RX,1495343,R35,TXF,N76,48,200131,E,0,0.87,0.84,5.0,U,-109.0,-6.75,True,,2026-07-13T13:45:08.919+00:00,/dev/cu.usbserial-576B0005451,"RX,1495343,R35,TXF,N76,48,200131,E,0,0.87,0.84,5,U,-109,-6.75"
RX,1495648,R35,TXD,N46,24,200431,G,1,0.93,0.9,5.0,U,-109.0,-8.25,True,,2026-07-13T13:45:09.224+00:00,/dev/cu.usbserial-576B0005451,"RX,1495648,R35,TXD,N46,24,200431,G,1,0.93,0.90,5,U,-109,-8.25"
RX,1495845,R35,TXA,N01,198,200627,G,1,0.93,0.9,5.0,F,-108.0,-4.75,True,,2026-07-13T13:45:09.420+00:00,/dev/cu.usbserial-576B0005451,"RX,1495845,R35,TXA,N01,198,200627,G,1,0.93,0.90,5,F,-108,-4.75"
RX,1496294,R35,TXG,N91,23,201081,G,1,0.93,0.9,5.0,U,-109.0,-8.25,True,,2026-07-13T13:45:09.869+00:00,/dev/cu.usbserial-576B0005451,"RX,1496294,R35,TXG,N91,23,201081,G,1,0.93,0.90,5,U,-109,-8.25"
RX,1496845,R35,TXA,N01,199,201627,H,0,0.32,0.3,5.0,F,-107.0,-2.0,True,,2026-07-13T13:45:10.420+00:00,/dev/cu.usbserial-576B0005451,"RX,1496845,R35,TXA,N01,199,201627,H,0,0.32,0.30,5,F,-107,-2.00"
RX,1496989,R35,TXK,N151,100,201764,A,1,0.75,0.72,5.0,U,-108.0,-4.75,True,,2026-07-13T13:45:10.565+00:00,/dev/cu.usbserial-576B0005451,"RX,1496989,R35,TXK,N151,100,201764,A,1,0.75,0.72,5,U,-108,-4.75"
RX,1497502,R35,TXJ,N136,23,202281,G,1,0.93,0.9,5.0,U,-108.0,-4.5,True,,2026-07-13T13:45:11.077+00:00,/dev/cu.usbserial-576B0005451,"RX,1497502,R35,TXJ,N136,23,202281,G,1,0.93,0.90,5,U,-108,-4.50"
RX,1497601,R35,TXC,N31,48,202385,E,0,0.87,0.84,5.0,U,-107.0,-1.5,True,,2026-07-13T13:45:11.177+00:00,/dev/cu.usbserial-576B0005451,"RX,1497601,R35,TXC,N31,48,202385,E,0,0.87,0.84,5,U,-107,-1.50"
RX,1497845,R35,TXA,N01,200,202627,A,1,0.75,0.72,5.0,F,-108.0,-3.0,True,,2026-07-13T13:45:11.420+00:00,/dev/cu.usbserial-576B0005451,"RX,1497845,R35,TXA,N01,200,202627,A,1,0.75,0.72,5,F,-108,-3.00"
RX,1498596,R35,TXE,N61,97,203383,C,1,0.81,0.78,5.0,U,-109.0,-5.5,True,,2026-07-13T13:45:12.172+00:00,/dev/cu.usbserial-576B0005451,"RX,1498596,R35,TXE,N61,97,203383,C,1,0.81,0.78,5,U,-109,-5.50"
RX,1498845,R35,TXA,N01,201,203627,B,1,0.2,0.18,5.0,F,-108.0,-2.5,True,,2026-07-13T13:45:12.420+00:00,/dev/cu.usbserial-576B0005451,"RX,1498845,R35,TXA,N01,201,203627,B,1,0.20,0.18,5,F,-108,-2.50"
RX,1498989,R35,TXK,N151,101,203764,C,0,0.81,0.78,5.0,U,-108.0,-5.0,True,,2026-07-13T13:45:12.565+00:00,/dev/cu.usbserial-576B0005451,"RX,1498989,R35,TXK,N151,101,203764,C,0,0.81,0.78,5,U,-108,-5.00"
RX,1499601,R35,TXC,N31,49,204385,G,1,0.93,0.9,5.0,U,-108.0,-2.25,True,,2026-07-13T13:45:13.177+00:00,/dev/cu.usbserial-576B0005451,"RX,1499601,R35,TXC,N31,49,204385,G,1,0.93,0.90,5,U,-108,-2.25"
RX,1499845,R35,TXA,N01,202,204627,C,0,0.81,0.78,5.0,F,-107.0,-2.5,True,,2026-07-13T13:45:13.420+00:00,/dev/cu.usbserial-576B0005451,"RX,1499845,R35,TXA,N01,202,204627,C,0,0.81,0.78,5,F,-107,-2.50"
RX,1500596,R35,TXE,N61,98,205383,E,0,0.87,0.84,5.0,U,-109.0,-4.25,True,,2026-07-13T13:45:14.172+00:00,/dev/cu.usbserial-576B0005451,"RX,1500596,R35,TXE,N61,98,205383,E,0,0.87,0.84,5,U,-109,-4.25"
RX,1500702,R35,TXI,N121,49,205482,G,1,0.93,0.9,5.0,U,-109.0,-6.25,True,,2026-07-13T13:45:14.278+00:00,/dev/cu.usbserial-576B0005451,"RX,1500702,R35,TXI,N121,49,205482,G,1,0.93,0.90,5,U,-109,-6.25"
RX,1500845,R35,TXA,N01,203,205627,D,1,0.24,0.22,5.0,F,-108.0,-2.75,True,,2026-07-13T13:45:14.420+00:00,/dev/cu.usbserial-576B0005451,"RX,1500845,R35,TXA,N01,203,205627,D,1,0.24,0.22,5,F,-108,-2.75"
RX,1500989,R35,TXK,N151,102,205764,E,1,0.87,0.84,5.0,U,-108.0,-2.25,True,,2026-07-13T13:45:14.565+00:00,/dev/cu.usbserial-576B0005451,"RX,1500989,R35,TXK,N151,102,205764,E,1,0.87,0.84,5,U,-108,-2.25"
RX,1501845,R35,TXA,N01,204,206627,E,1,0.87,0.84,5.0,F,-108.0,-3.25,True,,2026-07-13T13:45:15.421+00:00,/dev/cu.usbserial-576B0005451,"RX,1501845,R35,TXA,N01,204,206627,E,1,0.87,0.84,5,F,-108,-3.25"
RX,1502596,R35,TXE,N61,99,207383,G,1,0.93,0.9,5.0,U,-108.0,-4.25,True,,2026-07-13T13:45:16.172+00:00,/dev/cu.usbserial-576B0005451,"RX,1502596,R35,TXE,N61,99,207383,G,1,0.93,0.90,5,U,-108,-4.25"
RX,1502845,R35,TXA,N01,205,207627,F,0,0.28,0.26,5.0,F,-108.0,-2.25,True,,2026-07-13T13:45:16.420+00:00,/dev/cu.usbserial-576B0005451,"RX,1502845,R35,TXA,N01,205,207627,F,0,0.28,0.26,5,F,-108,-2.25"
RX,1502955,R35,TXH,N106,13,207743,G,1,0.93,0.9,5.0,U,-103.0,1.5,True,,2026-07-13T13:45:16.531+00:00,/dev/cu.usbserial-576B0005451,"RX,1502955,R35,TXH,N106,13,207743,G,1,0.93,0.90,5,U,-103,1.50"
RX,1503137,R35,TXL,N166,13,207917,G,1,0.93,0.9,5.0,U,-108.0,-1.5,True,,2026-07-13T13:45:16.712+00:00,/dev/cu.usbserial-576B0005451,"RX,1503137,R35,TXL,N166,13,207917,G,1,0.93,0.90,5,U,-108,-1.50"
RX,1503648,R35,TXD,N46,25,208431,G,1,0.93,0.9,5.0,U,-108.0,-7.25,True,,2026-07-13T13:45:17.224+00:00,/dev/cu.usbserial-576B0005451,"RX,1503648,R35,TXD,N46,25,208431,G,1,0.93,0.90,5,U,-108,-7.25"
RX,1503845,R35,TXA,N01,206,208627,G,1,0.93,0.9,5.0,F,-107.0,-2.0,True,,2026-07-13T13:45:17.420+00:00,/dev/cu.usbserial-576B0005451,"RX,1503845,R35,TXA,N01,206,208627,G,1,0.93,0.90,5,F,-107,-2.00"
RX,1504294,R35,TXG,N91,24,209081,G,1,0.93,0.9,5.0,U,-109.0,-6.25,True,,2026-07-13T13:45:17.869+00:00,/dev/cu.usbserial-576B0005451,"RX,1504294,R35,TXG,N91,24,209081,G,1,0.93,0.90,5,U,-109,-6.25"
RX,1504596,R35,TXE,N61,100,209383,A,1,0.75,0.72,5.0,U,-108.0,-3.0,True,,2026-07-13T13:45:18.171+00:00,/dev/cu.usbserial-576B0005451,"RX,1504596,R35,TXE,N61,100,209383,A,1,0.75,0.72,5,U,-108,-3.00"
RX,1504845,R35,TXA,N01,207,209627,H,1,0.32,0.3,5.0,F,-107.0,-1.25,True,,2026-07-13T13:45:18.420+00:00,/dev/cu.usbserial-576B0005451,"RX,1504845,R35,TXA,N01,207,209627,H,1,0.32,0.30,5,F,-107,-1.25"
RX,1504989,R35,TXK,N151,104,209764,A,0,0.75,0.72,5.0,U,-108.0,-2.0,True,,2026-07-13T13:45:18.565+00:00,/dev/cu.usbserial-576B0005451,"RX,1504989,R35,TXK,N151,104,209764,A,0,0.75,0.72,5,U,-108,-2.00"
RX,1505343,R35,TXF,N76,51,210131,G,1,0.93,0.9,5.0,U,-109.0,-8.25,True,,2026-07-13T13:45:18.919+00:00,/dev/cu.usbserial-576B0005451,"RX,1505343,R35,TXF,N76,51,210131,G,1,0.93,0.90,5,U,-109,-8.25"
RX,1505502,R35,TXJ,N136,24,210281,G,1,0.93,0.9,5.0,U,-108.0,-2.5,True,,2026-07-13T13:45:19.077+00:00,/dev/cu.usbserial-576B0005451,"RX,1505502,R35,TXJ,N136,24,210281,G,1,0.93,0.90,5,U,-108,-2.50"
RX,1505601,R35,TXC,N31,50,210385,E,1,0.87,0.84,5.0,U,-108.0,-2.75,True,,2026-07-13T13:45:19.177+00:00,/dev/cu.usbserial-576B0005451,"RX,1505601,R35,TXC,N31,50,210385,E,1,0.87,0.84,5,U,-108,-2.75"
RX,1505845,R35,TXA,N01,208,210627,A,0,0.75,0.72,5.0,F,-108.0,-2.25,True,,2026-07-13T13:45:19.420+00:00,/dev/cu.usbserial-576B0005451,"RX,1505845,R35,TXA,N01,208,210627,A,0,0.75,0.72,5,F,-108,-2.25"
RX,1506596,R35,TXE,N61,101,211383,C,0,0.81,0.78,5.0,U,-108.0,-4.0,True,,2026-07-13T13:45:20.171+00:00,/dev/cu.usbserial-576B0005451,"RX,1506596,R35,TXE,N61,101,211383,C,0,0.81,0.78,5,U,-108,-4.00"
RX,1506702,R35,TXI,N121,50,211482,E,1,0.87,0.84,5.0,U,-108.0,-4.5,True,,2026-07-13T13:45:20.278+00:00,/dev/cu.usbserial-576B0005451,"RX,1506702,R35,TXI,N121,50,211482,E,1,0.87,0.84,5,U,-108,-4.50"
RX,1506845,R35,TXA,N01,209,211627,B,1,0.2,0.18,5.0,F,-108.0,-3.5,True,,2026-07-13T13:45:20.420+00:00,/dev/cu.usbserial-576B0005451,"RX,1506845,R35,TXA,N01,209,211627,B,1,0.20,0.18,5,F,-108,-3.50"
RX,1506989,R35,TXK,N151,105,211764,C,1,0.81,0.78,5.0,U,-108.0,-3.0,True,,2026-07-13T13:45:20.565+00:00,/dev/cu.usbserial-576B0005451,"RX,1506989,R35,TXK,N151,105,211764,C,1,0.81,0.78,5,U,-108,-3.00"
RX,1507601,R35,TXC,N31,51,212385,G,1,0.93,0.9,5.0,U,-108.0,-4.75,True,,2026-07-13T13:45:21.177+00:00,/dev/cu.usbserial-576B0005451,"RX,1507601,R35,TXC,N31,51,212385,G,1,0.93,0.90,5,U,-108,-4.75"
RX,1507845,R35,TXA,N01,210,212627,C,1,0.81,0.78,5.0,F,-108.0,-2.75,True,,2026-07-13T13:45:21.420+00:00,/dev/cu.usbserial-576B0005451,"RX,1507845,R35,TXA,N01,210,212627,C,1,0.81,0.78,5,F,-108,-2.75"
RX,1508596,R35,TXE,N61,102,213383,E,1,0.87,0.84,5.0,U,-108.0,-3.75,True,,2026-07-13T13:45:22.171+00:00,/dev/cu.usbserial-576B0005451,"RX,1508596,R35,TXE,N61,102,213383,E,1,0.87,0.84,5,U,-108,-3.75"
RX,1508702,R35,TXI,N121,51,213482,G,1,0.93,0.9,5.0,U,-108.0,-3.25,True,,2026-07-13T13:45:22.278+00:00,/dev/cu.usbserial-576B0005451,"RX,1508702,R35,TXI,N121,51,213482,G,1,0.93,0.90,5,U,-108,-3.25"
RX,1508845,R35,TXA,N01,211,213627,D,0,0.24,0.22,5.0,F,-107.0,-3.0,True,,2026-07-13T13:45:22.420+00:00,/dev/cu.usbserial-576B0005451,"RX,1508845,R35,TXA,N01,211,213627,D,0,0.24,0.22,5,F,-107,-3.00"
RX,1508989,R35,TXK,N151,106,213764,E,1,0.87,0.84,5.0,U,-108.0,-2.0,True,,2026-07-13T13:45:22.565+00:00,/dev/cu.usbserial-576B0005451,"RX,1508989,R35,TXK,N151,106,213764,E,1,0.87,0.84,5,U,-108,-2.00"
RX,1509845,R35,TXA,N01,212,214627,E,1,0.87,0.84,5.0,F,-108.0,-3.75,True,,2026-07-13T13:45:23.420+00:00,/dev/cu.usbserial-576B0005451,"RX,1509845,R35,TXA,N01,212,214627,E,1,0.87,0.84,5,F,-108,-3.75"
RX,1510596,R35,TXE,N61,103,215383,G,1,0.93,0.9,5.0,U,-108.0,-5.0,True,,2026-07-13T13:45:24.172+00:00,/dev/cu.usbserial-576B0005451,"RX,1510596,R35,TXE,N61,103,215383,G,1,0.93,0.90,5,U,-108,-5.00"
RX,1510845,R35,TXA,N01,213,215627,F,1,0.28,0.26,5.0,F,-108.0,-3.5,True,,2026-07-13T13:45:24.420+00:00,/dev/cu.usbserial-576B0005451,"RX,1510845,R35,TXA,N01,213,215627,F,1,0.28,0.26,5,F,-108,-3.50"
RX,1510955,R35,TXH,N106,14,215743,G,0,0.93,0.9,5.0,U,-105.0,0.25,True,,2026-07-13T13:45:24.531+00:00,/dev/cu.usbserial-576B0005451,"RX,1510955,R35,TXH,N106,14,215743,G,0,0.93,0.90,5,U,-105,0.25"
RX,1511137,R35,TXL,N166,14,215917,G,0,0.93,0.9,5.0,U,-108.0,-2.0,True,,2026-07-13T13:45:24.713+00:00,/dev/cu.usbserial-576B0005451,"RX,1511137,R35,TXL,N166,14,215917,G,0,0.93,0.90,5,U,-108,-2.00"
RX,1511845,R35,TXA,N01,214,216627,G,0,0.93,0.9,5.0,F,-108.0,-4.75,True,,2026-07-13T13:45:25.420+00:00,/dev/cu.usbserial-576B0005451,"RX,1511845,R35,TXA,N01,214,216627,G,0,0.93,0.90,5,F,-108,-4.75"
RX,1512293,R35,TXG,N91,25,217081,G,1,0.93,0.9,5.0,U,-109.0,-8.0,True,,2026-07-13T13:45:25.869+00:00,/dev/cu.usbserial-576B0005451,"RX,1512293,R35,TXG,N91,25,217081,G,1,0.93,0.90,5,U,-109,-8.00"
RX,1512596,R35,TXE,N61,104,217383,A,0,0.75,0.72,5.0,U,-108.0,-5.0,True,,2026-07-13T13:45:26.171+00:00,/dev/cu.usbserial-576B0005451,"RX,1512596,R35,TXE,N61,104,217383,A,0,0.75,0.72,5,U,-108,-5.00"
RX,1512845,R35,TXA,N01,215,217627,H,1,0.32,0.3,5.0,F,-108.0,-2.5,True,,2026-07-13T13:45:26.420+00:00,/dev/cu.usbserial-576B0005451,"RX,1512845,R35,TXA,N01,215,217627,H,1,0.32,0.30,5,F,-108,-2.50"
RX,1512989,R35,TXK,N151,108,217764,A,1,0.75,0.72,5.0,U,-108.0,-3.5,True,,2026-07-13T13:45:26.565+00:00,/dev/cu.usbserial-576B0005451,"RX,1512989,R35,TXK,N151,108,217764,A,1,0.75,0.72,5,U,-108,-3.50"
RX,1513343,R35,TXF,N76,53,218131,G,0,0.93,0.9,5.0,U,-109.0,-8.25,True,,2026-07-13T13:45:26.919+00:00,/dev/cu.usbserial-576B0005451,"RX,1513343,R35,TXF,N76,53,218131,G,0,0.93,0.90,5,U,-109,-8.25"
RX,1513502,R35,TXJ,N136,25,218281,G,1,0.93,0.9,5.0,U,-108.0,-3.75,True,,2026-07-13T13:45:27.077+00:00,/dev/cu.usbserial-576B0005451,"RX,1513502,R35,TXJ,N136,25,218281,G,1,0.93,0.90,5,U,-108,-3.75"
RX,1513601,R35,TXC,N31,52,218385,E,1,0.87,0.84,5.0,U,-108.0,-3.75,True,,2026-07-13T13:45:27.177+00:00,/dev/cu.usbserial-576B0005451,"RX,1513601,R35,TXC,N31,52,218385,E,1,0.87,0.84,5,U,-108,-3.75"
RX,1513845,R35,TXA,N01,216,218627,A,1,0.75,0.72,5.0,F,-107.0,-2.75,True,,2026-07-13T13:45:27.420+00:00,/dev/cu.usbserial-576B0005451,"RX,1513845,R35,TXA,N01,216,218627,A,1,0.75,0.72,5,F,-107,-2.75"
RX,1514596,R35,TXE,N61,105,219383,C,1,0.81,0.78,5.0,U,-108.0,-4.25,True,,2026-07-13T13:45:28.171+00:00,/dev/cu.usbserial-576B0005451,"RX,1514596,R35,TXE,N61,105,219383,C,1,0.81,0.78,5,U,-108,-4.25"
RX,1514702,R35,TXI,N121,52,219482,E,1,0.87,0.84,5.0,U,-108.0,-5.75,True,,2026-07-13T13:45:28.278+00:00,/dev/cu.usbserial-576B0005451,"RX,1514702,R35,TXI,N121,52,219482,E,1,0.87,0.84,5,U,-108,-5.75"
RX,1514845,R35,TXA,N01,217,219627,B,0,0.2,0.18,5.0,F,-108.0,-3.0,True,,2026-07-13T13:45:28.420+00:00,/dev/cu.usbserial-576B0005451,"RX,1514845,R35,TXA,N01,217,219627,B,0,0.20,0.18,5,F,-108,-3.00"
RX,1514989,R35,TXK,N151,109,219764,C,1,0.81,0.78,5.0,U,-108.0,-3.75,True,,2026-07-13T13:45:28.565+00:00,/dev/cu.usbserial-576B0005451,"RX,1514989,R35,TXK,N151,109,219764,C,1,0.81,0.78,5,U,-108,-3.75"
RX,1515601,R35,TXC,N31,53,220385,G,0,0.93,0.9,5.0,U,-108.0,-5.75,True,,2026-07-13T13:45:29.177+00:00,/dev/cu.usbserial-576B0005451,"RX,1515601,R35,TXC,N31,53,220385,G,0,0.93,0.90,5,U,-108,-5.75"
RX,1515845,R35,TXA,N01,218,220627,C,1,0.81,0.78,5.0,F,-108.0,-4.5,True,,2026-07-13T13:45:29.420+00:00,/dev/cu.usbserial-576B0005451,"RX,1515845,R35,TXA,N01,218,220627,C,1,0.81,0.78,5,F,-108,-4.50"
RX,1516596,R35,TXE,N61,106,221383,E,1,0.87,0.84,5.0,U,-108.0,-3.25,True,,2026-07-13T13:45:30.171+00:00,/dev/cu.usbserial-576B0005451,"RX,1516596,R35,TXE,N61,106,221383,E,1,0.87,0.84,5,U,-108,-3.25"
RX,1516702,R35,TXI,N121,53,221482,G,0,0.93,0.9,5.0,U,-108.0,-6.0,True,,2026-07-13T13:45:30.278+00:00,/dev/cu.usbserial-576B0005451,"RX,1516702,R35,TXI,N121,53,221482,G,0,0.93,0.90,5,U,-108,-6.00"
RX,1516845,R35,TXA,N01,219,221627,D,1,0.24,0.22,5.0,F,-109.0,-4.0,True,,2026-07-13T13:45:30.420+00:00,/dev/cu.usbserial-576B0005451,"RX,1516845,R35,TXA,N01,219,221627,D,1,0.24,0.22,5,F,-109,-4.00"
RX,1516989,R35,TXK,N151,110,221764,E,0,0.87,0.84,5.0,U,-108.0,-3.0,True,,2026-07-13T13:45:30.565+00:00,/dev/cu.usbserial-576B0005451,"RX,1516989,R35,TXK,N151,110,221764,E,0,0.87,0.84,5,U,-108,-3.00"
RX,1517845,R35,TXA,N01,220,222627,E,0,0.87,0.84,5.0,F,-109.0,-4.75,True,,2026-07-13T13:45:31.420+00:00,/dev/cu.usbserial-576B0005451,"RX,1517845,R35,TXA,N01,220,222627,E,0,0.87,0.84,5,F,-109,-4.75"
RX,1518596,R35,TXE,N61,107,223383,G,0,0.93,0.9,5.0,U,-108.0,-4.5,True,,2026-07-13T13:45:32.172+00:00,/dev/cu.usbserial-576B0005451,"RX,1518596,R35,TXE,N61,107,223383,G,0,0.93,0.90,5,U,-108,-4.50"
RX,1518845,R35,TXA,N01,221,223627,F,1,0.28,0.26,5.0,F,-108.0,-6.0,True,,2026-07-13T13:45:32.420+00:00,/dev/cu.usbserial-576B0005451,"RX,1518845,R35,TXA,N01,221,223627,F,1,0.28,0.26,5,F,-108,-6.00"
RX,1518955,R35,TXH,N106,15,223743,G,1,0.93,0.9,5.0,U,-105.0,0.5,True,,2026-07-13T13:45:32.531+00:00,/dev/cu.usbserial-576B0005451,"RX,1518955,R35,TXH,N106,15,223743,G,1,0.93,0.90,5,U,-105,0.50"
RX,1519137,R35,TXL,N166,15,223917,G,1,0.93,0.9,5.0,U,-107.0,-0.75,True,,2026-07-13T13:45:32.712+00:00,/dev/cu.usbserial-576B0005451,"RX,1519137,R35,TXL,N166,15,223917,G,1,0.93,0.90,5,U,-107,-0.75"
RX,1519343,R35,TXF,N76,54,224131,E,0,0.87,0.84,5.0,U,-109.0,-9.25,True,,2026-07-13T13:45:32.919+00:00,/dev/cu.usbserial-576B0005451,"RX,1519343,R35,TXF,N76,54,224131,E,0,0.87,0.84,5,U,-109,-9.25"
RX,1519648,R35,TXD,N46,27,224431,G,1,0.93,0.9,5.0,U,-109.0,-6.25,True,,2026-07-13T13:45:33.223+00:00,/dev/cu.usbserial-576B0005451,"RX,1519648,R35,TXD,N46,27,224431,G,1,0.93,0.90,5,U,-109,-6.25"
RX,1520596,R35,TXE,N61,108,225383,A,1,0.75,0.72,5.0,U,-108.0,-4.0,True,,2026-07-13T13:45:34.171+00:00,/dev/cu.usbserial-576B0005451,"RX,1520596,R35,TXE,N61,108,225383,A,1,0.75,0.72,5,U,-108,-4.00"
RX,1520845,R35,TXA,N01,223,225627,H,0,0.32,0.3,5.0,F,-108.0,-3.75,True,,2026-07-13T13:45:34.420+00:00,/dev/cu.usbserial-576B0005451,"RX,1520845,R35,TXA,N01,223,225627,H,0,0.32,0.30,5,F,-108,-3.75"
RX,1520989,R35,TXK,N151,112,225764,A,1,0.75,0.72,5.0,U,-109.0,-6.0,True,,2026-07-13T13:45:34.565+00:00,/dev/cu.usbserial-576B0005451,"RX,1520989,R35,TXK,N151,112,225764,A,1,0.75,0.72,5,U,-109,-6.00"
RX,1521501,R35,TXJ,N136,26,226281,G,0,0.93,0.9,5.0,U,-108.0,-8.75,True,,2026-07-13T13:45:35.077+00:00,/dev/cu.usbserial-576B0005451,"RX,1521501,R35,TXJ,N136,26,226281,G,0,0.93,0.90,5,U,-108,-8.75"
RX,1521601,R35,TXC,N31,54,226385,E,0,0.87,0.84,5.0,U,-108.0,-4.0,True,,2026-07-13T13:45:35.177+00:00,/dev/cu.usbserial-576B0005451,"RX,1521601,R35,TXC,N31,54,226385,E,0,0.87,0.84,5,U,-108,-4.00"
RX,1521845,R35,TXA,N01,224,226627,A,1,0.75,0.72,5.0,F,-108.0,-5.25,True,,2026-07-13T13:45:35.420+00:00,/dev/cu.usbserial-576B0005451,"RX,1521845,R35,TXA,N01,224,226627,A,1,0.75,0.72,5,F,-108,-5.25"
RX,1522596,R35,TXE,N61,109,227383,C,1,0.81,0.78,5.0,U,-108.0,-5.0,True,,2026-07-13T13:45:36.172+00:00,/dev/cu.usbserial-576B0005451,"RX,1522596,R35,TXE,N61,109,227383,C,1,0.81,0.78,5,U,-108,-5.00"
RX,1522702,R35,TXI,N121,54,227482,E,0,0.87,0.84,5.0,U,-109.0,-6.75,True,,2026-07-13T13:45:36.278+00:00,/dev/cu.usbserial-576B0005451,"RX,1522702,R35,TXI,N121,54,227482,E,0,0.87,0.84,5,U,-109,-6.75"
RX,1522845,R35,TXA,N01,225,227627,B,1,0.2,0.18,5.0,F,-108.0,-4.75,True,,2026-07-13T13:45:36.420+00:00,/dev/cu.usbserial-576B0005451,"RX,1522845,R35,TXA,N01,225,227627,B,1,0.20,0.18,5,F,-108,-4.75"
RX,1522989,R35,TXK,N151,113,227764,C,0,0.81,0.78,5.0,U,-108.0,-4.5,True,,2026-07-13T13:45:36.564+00:00,/dev/cu.usbserial-576B0005451,"RX,1522989,R35,TXK,N151,113,227764,C,0,0.81,0.78,5,U,-108,-4.50"
RX,1523601,R35,TXC,N31,55,228385,G,1,0.93,0.9,5.0,U,-108.0,-4.75,True,,2026-07-13T13:45:37.176+00:00,/dev/cu.usbserial-576B0005451,"RX,1523601,R35,TXC,N31,55,228385,G,1,0.93,0.90,5,U,-108,-4.75"
RX,1524596,R35,TXE,N61,110,229383,E,0,0.87,0.84,5.0,U,-109.0,-5.5,True,,2026-07-13T13:45:38.171+00:00,/dev/cu.usbserial-576B0005451,"RX,1524596,R35,TXE,N61,110,229383,E,0,0.87,0.84,5,U,-109,-5.50"
RX,1524702,R35,TXI,N121,55,229482,G,1,0.93,0.9,5.0,U,-109.0,-7.0,True,,2026-07-13T13:45:38.278+00:00,/dev/cu.usbserial-576B0005451,"RX,1524702,R35,TXI,N121,55,229482,G,1,0.93,0.90,5,U,-109,-7.00"
RX,1524845,R35,TXA,N01,227,229627,D,1,0.24,0.22,5.0,F,-108.0,-3.75,True,,2026-07-13T13:45:38.420+00:00,/dev/cu.usbserial-576B0005451,"RX,1524845,R35,TXA,N01,227,229627,D,1,0.24,0.22,5,F,-108,-3.75"
RX,1524989,R35,TXK,N151,114,229764,E,1,0.87,0.84,5.0,U,-109.0,-6.25,True,,2026-07-13T13:45:38.565+00:00,/dev/cu.usbserial-576B0005451,"RX,1524989,R35,TXK,N151,114,229764,E,1,0.87,0.84,5,U,-109,-6.25"
RX,1525845,R35,TXA,N01,228,230627,E,1,0.87,0.84,5.0,F,-109.0,-3.75,True,,2026-07-13T13:45:39.420+00:00,/dev/cu.usbserial-576B0005451,"RX,1525845,R35,TXA,N01,228,230627,E,1,0.87,0.84,5,F,-109,-3.75"
RX,1526596,R35,TXE,N61,111,231383,G,1,0.93,0.9,5.0,U,-109.0,-3.75,True,,2026-07-13T13:45:40.172+00:00,/dev/cu.usbserial-576B0005451,"RX,1526596,R35,TXE,N61,111,231383,G,1,0.93,0.90,5,U,-109,-3.75"
RX,1526845,R35,TXA,N01,229,231627,F,0,0.28,0.26,5.0,F,-109.0,-3.25,True,,2026-07-13T13:45:40.420+00:00,/dev/cu.usbserial-576B0005451,"RX,1526845,R35,TXA,N01,229,231627,F,0,0.28,0.26,5,F,-109,-3.25"
RX,1527648,R35,TXD,N46,28,232431,G,1,0.93,0.9,5.0,U,-110.0,-7.0,True,,2026-07-13T13:45:41.224+00:00,/dev/cu.usbserial-576B0005451,"RX,1527648,R35,TXD,N46,28,232431,G,1,0.93,0.90,5,U,-110,-7.00"
RX,1527845,R35,TXA,N01,230,232627,G,1,0.93,0.9,5.0,F,-108.0,-2.5,True,,2026-07-13T13:45:41.420+00:00,/dev/cu.usbserial-576B0005451,"RX,1527845,R35,TXA,N01,230,232627,G,1,0.93,0.90,5,F,-108,-2.50"
RX,1528293,R35,TXG,N91,27,233081,G,1,0.93,0.9,5.0,U,-110.0,-8.75,True,,2026-07-13T13:45:41.869+00:00,/dev/cu.usbserial-576B0005451,"RX,1528293,R35,TXG,N91,27,233081,G,1,0.93,0.90,5,U,-110,-8.75"
RX,1528596,R35,TXE,N61,112,233383,A,1,0.75,0.72,5.0,U,-108.0,-3.5,True,,2026-07-13T13:45:42.171+00:00,/dev/cu.usbserial-576B0005451,"RX,1528596,R35,TXE,N61,112,233383,A,1,0.75,0.72,5,U,-108,-3.50"
RX,1528845,R35,TXA,N01,231,233627,H,1,0.32,0.3,5.0,F,-109.0,-4.0,True,,2026-07-13T13:45:42.420+00:00,/dev/cu.usbserial-576B0005451,"RX,1528845,R35,TXA,N01,231,233627,H,1,0.32,0.30,5,F,-109,-4.00"
RX,1528989,R35,TXK,N151,116,233764,A,0,0.75,0.72,5.0,U,-109.0,-5.5,True,,2026-07-13T13:45:42.565+00:00,/dev/cu.usbserial-576B0005451,"RX,1528989,R35,TXK,N151,116,233764,A,0,0.75,0.72,5,U,-109,-5.50"
RX,1529343,R35,TXF,N76,57,234131,G,1,0.93,0.9,5.0,U,-109.0,-9.0,True,,2026-07-13T13:45:42.918+00:00,/dev/cu.usbserial-576B0005451,"RX,1529343,R35,TXF,N76,57,234131,G,1,0.93,0.90,5,U,-109,-9.00"
RX,1529501,R35,TXJ,N136,27,234281,G,1,0.93,0.9,5.0,U,-109.0,-6.5,True,,2026-07-13T13:45:43.077+00:00,/dev/cu.usbserial-576B0005451,"RX,1529501,R35,TXJ,N136,27,234281,G,1,0.93,0.90,5,U,-109,-6.50"
RX,1529601,R35,TXC,N31,56,234385,E,1,0.87,0.84,5.0,U,-107.0,-4.25,True,,2026-07-13T13:45:43.176+00:00,/dev/cu.usbserial-576B0005451,"RX,1529601,R35,TXC,N31,56,234385,E,1,0.87,0.84,5,U,-107,-4.25"
RX,1529845,R35,TXA,N01,232,234627,A,0,0.75,0.72,5.0,F,-108.0,-4.25,True,,2026-07-13T13:45:43.420+00:00,/dev/cu.usbserial-576B0005451,"RX,1529845,R35,TXA,N01,232,234627,A,0,0.75,0.72,5,F,-108,-4.25"
RX,1530596,R35,TXE,N61,113,235383,C,0,0.81,0.78,5.0,U,-108.0,-4.0,True,,2026-07-13T13:45:44.171+00:00,/dev/cu.usbserial-576B0005451,"RX,1530596,R35,TXE,N61,113,235383,C,0,0.81,0.78,5,U,-108,-4.00"
RX,1530702,R35,TXI,N121,56,235482,E,1,0.87,0.84,5.0,U,-109.0,-6.75,True,,2026-07-13T13:45:44.277+00:00,/dev/cu.usbserial-576B0005451,"RX,1530702,R35,TXI,N121,56,235482,E,1,0.87,0.84,5,U,-109,-6.75"
RX,1530845,R35,TXA,N01,233,235627,B,1,0.2,0.18,5.0,F,-108.0,-4.75,True,,2026-07-13T13:45:44.420+00:00,/dev/cu.usbserial-576B0005451,"RX,1530845,R35,TXA,N01,233,235627,B,1,0.20,0.18,5,F,-108,-4.75"
RX,1530989,R35,TXK,N151,117,235764,C,1,0.81,0.78,5.0,U,-108.0,-5.0,True,,2026-07-13T13:45:44.565+00:00,/dev/cu.usbserial-576B0005451,"RX,1530989,R35,TXK,N151,117,235764,C,1,0.81,0.78,5,U,-108,-5.00"
RX,1531601,R35,TXC,N31,57,236385,G,1,0.93,0.9,5.0,U,-108.0,-3.75,True,,2026-07-13T13:45:45.176+00:00,/dev/cu.usbserial-576B0005451,"RX,1531601,R35,TXC,N31,57,236385,G,1,0.93,0.90,5,U,-108,-3.75"
RX,1531845,R35,TXA,N01,234,236627,C,1,0.81,0.78,5.0,F,-108.0,-5.25,True,,2026-07-13T13:45:45.420+00:00,/dev/cu.usbserial-576B0005451,"RX,1531845,R35,TXA,N01,234,236627,C,1,0.81,0.78,5,F,-108,-5.25"
RX,1532596,R35,TXE,N61,114,237383,E,1,0.87,0.84,5.0,U,-108.0,-4.75,True,,2026-07-13T13:45:46.171+00:00,/dev/cu.usbserial-576B0005451,"RX,1532596,R35,TXE,N61,114,237383,E,1,0.87,0.84,5,U,-108,-4.75"
RX,1532702,R35,TXI,N121,57,237482,G,1,0.93,0.9,5.0,U,-109.0,-7.75,True,,2026-07-13T13:45:46.278+00:00,/dev/cu.usbserial-576B0005451,"RX,1532702,R35,TXI,N121,57,237482,G,1,0.93,0.90,5,U,-109,-7.75"
RX,1532845,R35,TXA,N01,235,237627,D,0,0.24,0.22,5.0,F,-107.0,-4.75,True,,2026-07-13T13:45:46.420+00:00,/dev/cu.usbserial-576B0005451,"RX,1532845,R35,TXA,N01,235,237627,D,0,0.24,0.22,5,F,-107,-4.75"
RX,1532989,R35,TXK,N151,118,237764,E,1,0.87,0.84,5.0,U,-108.0,-5.5,True,,2026-07-13T13:45:46.565+00:00,/dev/cu.usbserial-576B0005451,"RX,1532989,R35,TXK,N151,118,237764,E,1,0.87,0.84,5,U,-108,-5.50"
RX,1533845,R35,TXA,N01,236,238627,E,1,0.87,0.84,5.0,F,-108.0,-5.0,True,,2026-07-13T13:45:47.420+00:00,/dev/cu.usbserial-576B0005451,"RX,1533845,R35,TXA,N01,236,238627,E,1,0.87,0.84,5,F,-108,-5.00"
RX,1534596,R35,TXE,N61,115,239383,G,1,0.93,0.9,5.0,U,-109.0,-5.25,True,,2026-07-13T13:45:48.172+00:00,/dev/cu.usbserial-576B0005451,"RX,1534596,R35,TXE,N61,115,239383,G,1,0.93,0.90,5,U,-109,-5.25"
RX,1534845,R35,TXA,N01,237,239627,F,1,0.28,0.26,5.0,F,-109.0,-4.75,True,,2026-07-13T13:45:48.420+00:00,/dev/cu.usbserial-576B0005451,"RX,1534845,R35,TXA,N01,237,239627,F,1,0.28,0.26,5,F,-109,-4.75"
RX,1535343,R35,TXF,N76,58,240131,E,1,0.87,0.84,5.0,U,-109.0,-9.0,True,,2026-07-13T13:45:48.918+00:00,/dev/cu.usbserial-576B0005451,"RX,1535343,R35,TXF,N76,58,240131,E,1,0.87,0.84,5,U,-109,-9.00"
RX,1535648,R35,TXD,N46,29,240431,G,0,0.93,0.9,5.0,U,-109.0,-6.5,True,,2026-07-13T13:45:49.223+00:00,/dev/cu.usbserial-576B0005451,"RX,1535648,R35,TXD,N46,29,240431,G,0,0.93,0.90,5,U,-109,-6.50"
RX,1535845,R35,TXA,N01,238,240627,G,0,0.93,0.9,5.0,F,-108.0,-4.5,True,,2026-07-13T13:45:49.421+00:00,/dev/cu.usbserial-576B0005451,"RX,1535845,R35,TXA,N01,238,240627,G,0,0.93,0.90,5,F,-108,-4.50"
RX,1536293,R35,TXG,N91,28,241081,G,1,0.93,0.9,5.0,U,-108.0,-8.0,True,,2026-07-13T13:45:49.869+00:00,/dev/cu.usbserial-576B0005451,"RX,1536293,R35,TXG,N91,28,241081,G,1,0.93,0.90,5,U,-108,-8.00"
RX,1536596,R35,TXE,N61,116,241383,A,0,0.75,0.72,5.0,U,-108.0,-4.75,True,,2026-07-13T13:45:50.171+00:00,/dev/cu.usbserial-576B0005451,"RX,1536596,R35,TXE,N61,116,241383,A,0,0.75,0.72,5,U,-108,-4.75"
RX,1536845,R35,TXA,N01,239,241627,H,1,0.32,0.3,5.0,F,-108.0,-5.25,True,,2026-07-13T13:45:50.420+00:00,/dev/cu.usbserial-576B0005451,"RX,1536845,R35,TXA,N01,239,241627,H,1,0.32,0.30,5,F,-108,-5.25"
RX,1537343,R35,TXF,N76,59,242131,G,0,0.93,0.9,5.0,U,-108.0,-8.25,True,,2026-07-13T13:45:50.919+00:00,/dev/cu.usbserial-576B0005451,"RX,1537343,R35,TXF,N76,59,242131,G,0,0.93,0.90,5,U,-108,-8.25"
RX,1537501,R35,TXJ,N136,28,242281,G,1,0.93,0.9,5.0,U,-109.0,-6.75,True,,2026-07-13T13:45:51.077+00:00,/dev/cu.usbserial-576B0005451,"RX,1537501,R35,TXJ,N136,28,242281,G,1,0.93,0.90,5,U,-109,-6.75"
RX,1537601,R35,TXC,N31,58,242385,E,1,0.87,0.84,5.0,U,-108.0,-3.75,True,,2026-07-13T13:45:51.176+00:00,/dev/cu.usbserial-576B0005451,"RX,1537601,R35,TXC,N31,58,242385,E,1,0.87,0.84,5,U,-108,-3.75"
RX,1537845,R35,TXA,N01,240,242627,A,1,0.75,0.72,5.0,F,-108.0,-6.0,True,,2026-07-13T13:45:51.421+00:00,/dev/cu.usbserial-576B0005451,"RX,1537845,R35,TXA,N01,240,242627,A,1,0.75,0.72,5,F,-108,-6.00"
RX,1538596,R35,TXE,N61,117,243383,C,1,0.81,0.78,5.0,U,-109.0,-6.5,True,,2026-07-13T13:45:52.171+00:00,/dev/cu.usbserial-576B0005451,"RX,1538596,R35,TXE,N61,117,243383,C,1,0.81,0.78,5,U,-109,-6.50"
RX,1538702,R35,TXI,N121,58,243482,E,1,0.87,0.84,5.0,U,-108.0,-6.25,True,,2026-07-13T13:45:52.277+00:00,/dev/cu.usbserial-576B0005451,"RX,1538702,R35,TXI,N121,58,243482,E,1,0.87,0.84,5,U,-108,-6.25"
RX,1538845,R35,TXA,N01,241,243627,B,0,0.2,0.18,5.0,F,-108.0,-7.0,True,,2026-07-13T13:45:52.420+00:00,/dev/cu.usbserial-576B0005451,"RX,1538845,R35,TXA,N01,241,243627,B,0,0.20,0.18,5,F,-108,-7.00"
RX,1538989,R35,TXK,N151,121,243764,C,1,0.81,0.78,5.0,U,-109.0,-4.75,True,,2026-07-13T13:45:52.565+00:00,/dev/cu.usbserial-576B0005451,"RX,1538989,R35,TXK,N151,121,243764,C,1,0.81,0.78,5,U,-109,-4.75"
RX,1539601,R35,TXC,N31,59,244385,G,0,0.93,0.9,5.0,U,-108.0,-6.75,True,,2026-07-13T13:45:53.176+00:00,/dev/cu.usbserial-576B0005451,"RX,1539601,R35,TXC,N31,59,244385,G,0,0.93,0.90,5,U,-108,-6.75"
RX,1539845,R35,TXA,N01,242,244627,C,1,0.81,0.78,5.0,F,-107.0,-3.0,True,,2026-07-13T13:45:53.420+00:00,/dev/cu.usbserial-576B0005451,"RX,1539845,R35,TXA,N01,242,244627,C,1,0.81,0.78,5,F,-107,-3.00"
RX,1540596,R35,TXE,N61,118,245383,E,1,0.87,0.84,5.0,U,-108.0,-5.0,True,,2026-07-13T13:45:54.171+00:00,/dev/cu.usbserial-576B0005451,"RX,1540596,R35,TXE,N61,118,245383,E,1,0.87,0.84,5,U,-108,-5.00"
RX,1540702,R35,TXI,N121,59,245482,G,0,0.93,0.9,5.0,U,-108.0,-4.75,True,,2026-07-13T13:45:54.278+00:00,/dev/cu.usbserial-576B0005451,"RX,1540702,R35,TXI,N121,59,245482,G,0,0.93,0.90,5,U,-108,-4.75"
RX,1540845,R35,TXA,N01,243,245627,D,1,0.24,0.22,5.0,F,-107.0,-1.75,True,,2026-07-13T13:45:54.420+00:00,/dev/cu.usbserial-576B0005451,"RX,1540845,R35,TXA,N01,243,245627,D,1,0.24,0.22,5,F,-107,-1.75"
RX,1540989,R35,TXK,N151,122,245764,E,0,0.87,0.84,5.0,U,-108.0,-3.5,True,,2026-07-13T13:45:54.565+00:00,/dev/cu.usbserial-576B0005451,"RX,1540989,R35,TXK,N151,122,245764,E,0,0.87,0.84,5,U,-108,-3.50"
RX,1541845,R35,TXA,N01,244,246627,E,0,0.87,0.84,5.0,F,-107.0,-2.0,True,,2026-07-13T13:45:55.420+00:00,/dev/cu.usbserial-576B0005451,"RX,1541845,R35,TXA,N01,244,246627,E,0,0.87,0.84,5,F,-107,-2.00"
RX,1542596,R35,TXE,N61,119,247383,G,0,0.93,0.9,5.0,U,-108.0,-4.0,True,,2026-07-13T13:45:56.172+00:00,/dev/cu.usbserial-576B0005451,"RX,1542596,R35,TXE,N61,119,247383,G,0,0.93,0.90,5,U,-108,-4.00"
RX,1542845,R35,TXA,N01,245,247627,F,1,0.28,0.26,5.0,F,-108.0,-2.25,True,,2026-07-13T13:45:56.420+00:00,/dev/cu.usbserial-576B0005451,"RX,1542845,R35,TXA,N01,245,247627,F,1,0.28,0.26,5,F,-108,-2.25"
RX,1542989,R35,TXK,N151,123,247764,G,1,0.93,0.9,5.0,U,-108.0,-3.25,True,,2026-07-13T13:45:56.565+00:00,/dev/cu.usbserial-576B0005451,"RX,1542989,R35,TXK,N151,123,247764,G,1,0.93,0.90,5,U,-108,-3.25"
RX,1544596,R35,TXE,N61,120,249383,A,1,0.75,0.72,5.0,U,-108.0,-3.5,True,,2026-07-13T13:45:58.171+00:00,/dev/cu.usbserial-576B0005451,"RX,1544596,R35,TXE,N61,120,249383,A,1,0.75,0.72,5,U,-108,-3.50"
RX,1544845,R35,TXA,N01,247,249627,H,0,0.32,0.3,5.0,F,-108.0,-3.25,True,,2026-07-13T13:45:58.420+00:00,/dev/cu.usbserial-576B0005451,"RX,1544845,R35,TXA,N01,247,249627,H,0,0.32,0.30,5,F,-108,-3.25"
RX,1544989,R35,TXK,N151,124,249764,A,1,0.75,0.72,5.0,U,-108.0,-4.25,True,,2026-07-13T13:45:58.565+00:00,/dev/cu.usbserial-576B0005451,"RX,1544989,R35,TXK,N151,124,249764,A,1,0.75,0.72,5,U,-108,-4.25"
RX,1545501,R35,TXJ,N136,29,250281,G,0,0.93,0.9,5.0,U,-108.0,-5.75,True,,2026-07-13T13:45:59.076+00:00,/dev/cu.usbserial-576B0005451,"RX,1545501,R35,TXJ,N136,29,250281,G,0,0.93,0.90,5,U,-108,-5.75"
RX,1545601,R35,TXC,N31,60,250385,E,0,0.87,0.84,5.0,U,-109.0,-5.5,True,,2026-07-13T13:45:59.176+00:00,/dev/cu.usbserial-576B0005451,"RX,1545601,R35,TXC,N31,60,250385,E,0,0.87,0.84,5,U,-109,-5.50"
RX,1545845,R35,TXA,N01,248,250627,A,1,0.75,0.72,5.0,F,-107.0,-1.25,True,,2026-07-13T13:45:59.420+00:00,/dev/cu.usbserial-576B0005451,"RX,1545845,R35,TXA,N01,248,250627,A,1,0.75,0.72,5,F,-107,-1.25"
RX,1546596,R35,TXE,N61,121,251383,C,1,0.81,0.78,5.0,U,-108.0,-3.0,True,,2026-07-13T13:46:00.171+00:00,/dev/cu.usbserial-576B0005451,"RX,1546596,R35,TXE,N61,121,251383,C,1,0.81,0.78,5,U,-108,-3.00"
RX,1546702,R35,TXI,N121,60,251482,E,0,0.87,0.84,5.0,U,-108.0,-4.5,True,,2026-07-13T13:46:00.278+00:00,/dev/cu.usbserial-576B0005451,"RX,1546702,R35,TXI,N121,60,251482,E,0,0.87,0.84,5,U,-108,-4.50"
RX,1546845,R35,TXA,N01,249,251627,B,1,0.2,0.18,5.0,F,-107.0,-2.25,True,,2026-07-13T13:46:00.420+00:00,/dev/cu.usbserial-576B0005451,"RX,1546845,R35,TXA,N01,249,251627,B,1,0.20,0.18,5,F,-107,-2.25"
RX,1546989,R35,TXK,N151,125,251764,C,0,0.81,0.78,5.0,U,-108.0,-3.25,True,,2026-07-13T13:46:00.565+00:00,/dev/cu.usbserial-576B0005451,"RX,1546989,R35,TXK,N151,125,251764,C,0,0.81,0.78,5,U,-108,-3.25"
RX,1547601,R35,TXC,N31,61,252385,G,1,0.93,0.9,5.0,U,-108.0,-3.75,True,,2026-07-13T13:46:01.176+00:00,/dev/cu.usbserial-576B0005451,"RX,1547601,R35,TXC,N31,61,252385,G,1,0.93,0.90,5,U,-108,-3.75"
RX,1547845,R35,TXA,N01,250,252627,C,0,0.81,0.78,5.0,F,-107.0,-1.75,True,,2026-07-13T13:46:01.420+00:00,/dev/cu.usbserial-576B0005451,"RX,1547845,R35,TXA,N01,250,252627,C,0,0.81,0.78,5,F,-107,-1.75"
RX,1548596,R35,TXE,N61,122,253383,E,0,0.87,0.84,5.0,U,-108.0,-3.75,True,,2026-07-13T13:46:02.171+00:00,/dev/cu.usbserial-576B0005451,"RX,1548596,R35,TXE,N61,122,253383,E,0,0.87,0.84,5,U,-108,-3.75"
RX,1548702,R35,TXI,N121,61,253482,G,1,0.93,0.9,5.0,U,-109.0,-5.25,True,,2026-07-13T13:46:02.278+00:00,/dev/cu.usbserial-576B0005451,"RX,1548702,R35,TXI,N121,61,253482,G,1,0.93,0.90,5,U,-109,-5.25"
RX,1548845,R35,TXA,N01,251,253627,D,1,0.24,0.22,5.0,F,-107.0,-2.5,True,,2026-07-13T13:46:02.420+00:00,/dev/cu.usbserial-576B0005451,"RX,1548845,R35,TXA,N01,251,253627,D,1,0.24,0.22,5,F,-107,-2.50"
RX,1548989,R35,TXK,N151,126,253764,E,1,0.87,0.84,5.0,U,-108.0,-3.75,True,,2026-07-13T13:46:02.565+00:00,/dev/cu.usbserial-576B0005451,"RX,1548989,R35,TXK,N151,126,253764,E,1,0.87,0.84,5,U,-108,-3.75"
RX,1549845,R35,TXA,N01,252,254627,E,1,0.87,0.84,5.0,F,-108.0,-2.25,True,,2026-07-13T13:46:03.420+00:00,/dev/cu.usbserial-576B0005451,"RX,1549845,R35,TXA,N01,252,254627,E,1,0.87,0.84,5,F,-108,-2.25"
RX,1550596,R35,TXE,N61,123,255383,G,1,0.93,0.9,5.0,U,-108.0,-5.5,True,,2026-07-13T13:46:04.171+00:00,/dev/cu.usbserial-576B0005451,"RX,1550596,R35,TXE,N61,123,255383,G,1,0.93,0.90,5,U,-108,-5.50"
RX,1550845,R35,TXA,N01,253,255627,F,0,0.28,0.26,5.0,F,-107.0,-3.75,True,,2026-07-13T13:46:04.420+00:00,/dev/cu.usbserial-576B0005451,"RX,1550845,R35,TXA,N01,253,255627,F,0,0.28,0.26,5,F,-107,-3.75"
RX,1550989,R35,TXK,N151,127,255764,G,1,0.93,0.9,5.0,U,-108.0,-3.25,True,,2026-07-13T13:46:04.565+00:00,/dev/cu.usbserial-576B0005451,"RX,1550989,R35,TXK,N151,127,255764,G,1,0.93,0.90,5,U,-108,-3.25"
RX,1551648,R35,TXD,N46,31,256431,G,1,0.93,0.9,5.0,U,-108.0,-5.0,True,,2026-07-13T13:46:05.223+00:00,/dev/cu.usbserial-576B0005451,"RX,1551648,R35,TXD,N46,31,256431,G,1,0.93,0.90,5,U,-108,-5.00"
RX,1551845,R35,TXA,N01,254,256627,G,1,0.93,0.9,5.0,F,-106.0,0.0,True,,2026-07-13T13:46:05.420+00:00,/dev/cu.usbserial-576B0005451,"RX,1551845,R35,TXA,N01,254,256627,G,1,0.93,0.90,5,F,-106,0.00"
RX,1552293,R35,TXG,N91,30,257081,G,1,0.93,0.9,5.0,U,-108.0,-6.5,True,,2026-07-13T13:46:05.869+00:00,/dev/cu.usbserial-576B0005451,"RX,1552293,R35,TXG,N91,30,257081,G,1,0.93,0.90,5,U,-108,-6.50"
RX,1552596,R35,TXE,N61,124,257383,A,1,0.75,0.72,5.0,U,-109.0,-8.0,True,,2026-07-13T13:46:06.172+00:00,/dev/cu.usbserial-576B0005451,"RX,1552596,R35,TXE,N61,124,257383,A,1,0.75,0.72,5,U,-109,-8.00"
RX,1552845,R35,TXA,N01,255,257627,H,1,0.32,0.3,5.0,F,-108.0,-5.5,True,,2026-07-13T13:46:06.420+00:00,/dev/cu.usbserial-576B0005451,"RX,1552845,R35,TXA,N01,255,257627,H,1,0.32,0.30,5,F,-108,-5.50"
RX,1553601,R35,TXC,N31,62,258385,E,1,0.87,0.84,5.0,U,-105.0,1.75,True,,2026-07-13T13:46:07.176+00:00,/dev/cu.usbserial-576B0005451,"RX,1553601,R35,TXC,N31,62,258385,E,1,0.87,0.84,5,U,-105,1.75"
RX,1553845,R35,TXA,N01,256,258627,A,1,0.75,0.72,5.0,F,-103.0,4.0,True,,2026-07-13T13:46:07.420+00:00,/dev/cu.usbserial-576B0005451,"RX,1553845,R35,TXA,N01,256,258627,A,1,0.75,0.72,5,F,-103,4.00"
RX,1554113,R35,TXB,N16,127,258894,G,1,0.93,0.9,5.0,U,-108.0,-7.5,True,,2026-07-13T13:46:07.688+00:00,/dev/cu.usbserial-576B0005451,"RX,1554113,R35,TXB,N16,127,258894,G,1,0.93,0.90,5,U,-108,-7.50"
RX,1554596,R35,TXE,N61,125,259383,C,0,0.81,0.78,5.0,U,-105.0,1.5,True,,2026-07-13T13:46:08.172+00:00,/dev/cu.usbserial-576B0005451,"RX,1554596,R35,TXE,N61,125,259383,C,0,0.81,0.78,5,U,-105,1.50"
RX,1554702,R35,TXI,N121,62,259482,E,1,0.87,0.84,5.0,U,-107.0,-1.75,True,,2026-07-13T13:46:08.278+00:00,/dev/cu.usbserial-576B0005451,"RX,1554702,R35,TXI,N121,62,259482,E,1,0.87,0.84,5,U,-107,-1.75"
RX,1554845,R35,TXA,N01,257,259627,B,0,0.2,0.18,5.0,F,-107.0,-0.25,True,,2026-07-13T13:46:08.420+00:00,/dev/cu.usbserial-576B0005451,"RX,1554845,R35,TXA,N01,257,259627,B,0,0.20,0.18,5,F,-107,-0.25"
RX,1554989,R35,TXK,N151,129,259764,C,1,0.81,0.78,5.0,U,-105.0,-1.5,True,,2026-07-13T13:46:08.565+00:00,/dev/cu.usbserial-576B0005451,"RX,1554989,R35,TXK,N151,129,259764,C,1,0.81,0.78,5,U,-105,-1.50"
RX,1555601,R35,TXC,N31,63,260385,G,1,0.93,0.9,5.0,U,-108.0,-2.25,True,,2026-07-13T13:46:09.176+00:00,/dev/cu.usbserial-576B0005451,"RX,1555601,R35,TXC,N31,63,260385,G,1,0.93,0.90,5,U,-108,-2.25"
RX,1555845,R35,TXA,N01,258,260627,C,1,0.81,0.78,5.0,F,-109.0,-4.0,True,,2026-07-13T13:46:09.420+00:00,/dev/cu.usbserial-576B0005451,"RX,1555845,R35,TXA,N01,258,260627,C,1,0.81,0.78,5,F,-109,-4.00"
RX,1556596,R35,TXE,N61,126,261383,E,1,0.87,0.84,5.0,U,-109.0,-4.0,True,,2026-07-13T13:46:10.171+00:00,/dev/cu.usbserial-576B0005451,"RX,1556596,R35,TXE,N61,126,261383,E,1,0.87,0.84,5,U,-109,-4.00"
RX,1556702,R35,TXI,N121,63,261482,G,1,0.93,0.9,5.0,U,-109.0,-4.75,True,,2026-07-13T13:46:10.277+00:00,/dev/cu.usbserial-576B0005451,"RX,1556702,R35,TXI,N121,63,261482,G,1,0.93,0.90,5,U,-109,-4.75"
RX,1556845,R35,TXA,N01,259,261627,D,1,0.24,0.22,5.0,F,-108.0,-1.0,True,,2026-07-13T13:46:10.420+00:00,/dev/cu.usbserial-576B0005451,"RX,1556845,R35,TXA,N01,259,261627,D,1,0.24,0.22,5,F,-108,-1.00"
RX,1556989,R35,TXK,N151,130,261764,E,0,0.87,0.84,5.0,U,-108.0,-2.5,True,,2026-07-13T13:46:10.565+00:00,/dev/cu.usbserial-576B0005451,"RX,1556989,R35,TXK,N151,130,261764,E,0,0.87,0.84,5,U,-108,-2.50"
RX,1557845,R35,TXA,N01,260,262627,E,0,0.87,0.84,5.0,F,-107.0,-0.5,True,,2026-07-13T13:46:11.420+00:00,/dev/cu.usbserial-576B0005451,"RX,1557845,R35,TXA,N01,260,262627,E,0,0.87,0.84,5,F,-107,-0.50"
RX,1558596,R35,TXE,N61,127,263383,G,1,0.93,0.9,5.0,U,-108.0,-3.25,True,,2026-07-13T13:46:12.172+00:00,/dev/cu.usbserial-576B0005451,"RX,1558596,R35,TXE,N61,127,263383,G,1,0.93,0.90,5,U,-108,-3.25"
RX,1558845,R35,TXA,N01,261,263627,F,1,0.28,0.26,5.0,F,-107.0,-1.75,True,,2026-07-13T13:46:12.420+00:00,/dev/cu.usbserial-576B0005451,"RX,1558845,R35,TXA,N01,261,263627,F,1,0.28,0.26,5,F,-107,-1.75"
RX,1558955,R35,TXH,N106,16,263743,G,1,0.93,0.9,5.0,U,-104.0,2.0,True,,2026-07-13T13:46:12.531+00:00,/dev/cu.usbserial-576B0005451,"RX,1558955,R35,TXH,N106,16,263743,G,1,0.93,0.90,5,U,-104,2.00"
RX,1559137,R35,TXL,N166,16,263917,G,1,0.93,0.9,5.0,U,-107.0,-0.5,True,,2026-07-13T13:46:12.712+00:00,/dev/cu.usbserial-576B0005451,"RX,1559137,R35,TXL,N166,16,263917,G,1,0.93,0.90,5,U,-107,-0.50"
RX,1559648,R35,TXD,N46,32,264431,G,1,0.93,0.9,5.0,U,-109.0,-3.75,True,,2026-07-13T13:46:13.223+00:00,/dev/cu.usbserial-576B0005451,"RX,1559648,R35,TXD,N46,32,264431,G,1,0.93,0.90,5,U,-109,-3.75"
RX,1559845,R35,TXA,N01,262,264627,G,1,0.93,0.9,5.0,F,-108.0,-1.5,True,,2026-07-13T13:46:13.420+00:00,/dev/cu.usbserial-576B0005451,"RX,1559845,R35,TXA,N01,262,264627,G,1,0.93,0.90,5,F,-108,-1.50"
RX,1560596,R35,TXE,N61,128,265383,A,1,0.75,0.72,5.0,U,-108.0,-2.0,True,,2026-07-13T13:46:14.171+00:00,/dev/cu.usbserial-576B0005451,"RX,1560596,R35,TXE,N61,128,265383,A,1,0.75,0.72,5,U,-108,-2.00"
RX,1560845,R35,TXA,N01,263,265627,H,0,0.32,0.3,5.0,F,-107.0,-0.5,True,,2026-07-13T13:46:14.420+00:00,/dev/cu.usbserial-576B0005451,"RX,1560845,R35,TXA,N01,263,265627,H,0,0.32,0.30,5,F,-107,-0.50"
RX,1560989,R35,TXK,N151,132,265764,A,1,0.75,0.72,5.0,U,-108.0,-1.75,True,,2026-07-13T13:46:14.565+00:00,/dev/cu.usbserial-576B0005451,"RX,1560989,R35,TXK,N151,132,265764,A,1,0.75,0.72,5,U,-108,-1.75"
RX,1561343,R35,TXF,N76,65,266131,G,1,0.93,0.9,5.0,U,-109.0,-5.25,True,,2026-07-13T13:46:14.918+00:00,/dev/cu.usbserial-576B0005451,"RX,1561343,R35,TXF,N76,65,266131,G,1,0.93,0.90,5,U,-109,-5.25"
RX,1561501,R35,TXJ,N136,31,266281,G,1,0.93,0.9,5.0,U,-108.0,-3.0,True,,2026-07-13T13:46:15.077+00:00,/dev/cu.usbserial-576B0005451,"RX,1561501,R35,TXJ,N136,31,266281,G,1,0.93,0.90,5,U,-108,-3.00"
RX,1561601,R35,TXC,N31,64,266385,E,0,0.87,0.84,5.0,U,-108.0,-2.0,True,,2026-07-13T13:46:15.176+00:00,/dev/cu.usbserial-576B0005451,"RX,1561601,R35,TXC,N31,64,266385,E,0,0.87,0.84,5,U,-108,-2.00"
RX,1561845,R35,TXA,N01,264,266627,A,1,0.75,0.72,5.0,F,-107.0,-1.25,True,,2026-07-13T13:46:15.420+00:00,/dev/cu.usbserial-576B0005451,"RX,1561845,R35,TXA,N01,264,266627,A,1,0.75,0.72,5,F,-107,-1.25"
RX,1562596,R35,TXE,N61,129,267383,C,1,0.81,0.78,5.0,U,-108.0,-2.25,True,,2026-07-13T13:46:16.171+00:00,/dev/cu.usbserial-576B0005451,"RX,1562596,R35,TXE,N61,129,267383,C,1,0.81,0.78,5,U,-108,-2.25"
RX,1562702,R35,TXI,N121,64,267482,E,0,0.87,0.84,5.0,U,-108.0,-4.5,True,,2026-07-13T13:46:16.277+00:00,/dev/cu.usbserial-576B0005451,"RX,1562702,R35,TXI,N121,64,267482,E,0,0.87,0.84,5,U,-108,-4.50"
RX,1562845,R35,TXA,N01,265,267627,B,1,0.2,0.18,5.0,F,-108.0,-0.75,True,,2026-07-13T13:46:16.420+00:00,/dev/cu.usbserial-576B0005451,"RX,1562845,R35,TXA,N01,265,267627,B,1,0.20,0.18,5,F,-108,-0.75"
RX,1562989,R35,TXK,N151,133,267764,C,0,0.81,0.78,5.0,U,-109.0,-3.0,True,,2026-07-13T13:46:16.565+00:00,/dev/cu.usbserial-576B0005451,"RX,1562989,R35,TXK,N151,133,267764,C,0,0.81,0.78,5,U,-109,-3.00"
RX,1563601,R35,TXC,N31,65,268385,G,1,0.93,0.9,5.0,U,-108.0,-2.25,True,,2026-07-13T13:46:17.176+00:00,/dev/cu.usbserial-576B0005451,"RX,1563601,R35,TXC,N31,65,268385,G,1,0.93,0.90,5,U,-108,-2.25"
RX,1563845,R35,TXA,N01,266,268627,C,0,0.81,0.78,5.0,F,-107.0,-0.75,True,,2026-07-13T13:46:17.420+00:00,/dev/cu.usbserial-576B0005451,"RX,1563845,R35,TXA,N01,266,268627,C,0,0.81,0.78,5,F,-107,-0.75"
RX,1564596,R35,TXE,N61,130,269383,E,0,0.87,0.84,5.0,U,-108.0,-1.0,True,,2026-07-13T13:46:18.171+00:00,/dev/cu.usbserial-576B0005451,"RX,1564596,R35,TXE,N61,130,269383,E,0,0.87,0.84,5,U,-108,-1.00"
RX,1564702,R35,TXI,N121,65,269482,G,1,0.93,0.9,5.0,U,-109.0,-3.75,True,,2026-07-13T13:46:18.278+00:00,/dev/cu.usbserial-576B0005451,"RX,1564702,R35,TXI,N121,65,269482,G,1,0.93,0.90,5,U,-109,-3.75"
RX,1564845,R35,TXA,N01,267,269627,D,1,0.24,0.22,5.0,F,-108.0,-1.0,True,,2026-07-13T13:46:18.420+00:00,/dev/cu.usbserial-576B0005451,"RX,1564845,R35,TXA,N01,267,269627,D,1,0.24,0.22,5,F,-108,-1.00"
RX,1564989,R35,TXK,N151,134,269764,E,1,0.87,0.84,5.0,U,-108.0,-3.5,True,,2026-07-13T13:46:18.565+00:00,/dev/cu.usbserial-576B0005451,"RX,1564989,R35,TXK,N151,134,269764,E,1,0.87,0.84,5,U,-108,-3.50"
RX,1565845,R35,TXA,N01,268,270627,E,1,0.87,0.84,5.0,F,-108.0,-0.75,True,,2026-07-13T13:46:19.420+00:00,/dev/cu.usbserial-576B0005451,"RX,1565845,R35,TXA,N01,268,270627,E,1,0.87,0.84,5,F,-108,-0.75"
RX,1566596,R35,TXE,N61,131,271383,G,1,0.93,0.9,5.0,U,-110.0,-5.75,True,,2026-07-13T13:46:20.172+00:00,/dev/cu.usbserial-576B0005451,"RX,1566596,R35,TXE,N61,131,271383,G,1,0.93,0.90,5,U,-110,-5.75"
RX,1566845,R35,TXA,N01,269,271627,F,0,0.28,0.26,5.0,F,-109.0,-2.5,True,,2026-07-13T13:46:20.420+00:00,/dev/cu.usbserial-576B0005451,"RX,1566845,R35,TXA,N01,269,271627,F,0,0.28,0.26,5,F,-109,-2.50"
RX,1566955,R35,TXH,N106,17,271743,G,1,0.93,0.9,5.0,U,-104.0,1.25,True,,2026-07-13T13:46:20.531+00:00,/dev/cu.usbserial-576B0005451,"RX,1566955,R35,TXH,N106,17,271743,G,1,0.93,0.90,5,U,-104,1.25"
RX,1567343,R35,TXF,N76,66,272131,E,1,0.87,0.84,5.0,U,-109.0,-5.5,True,,2026-07-13T13:46:20.918+00:00,/dev/cu.usbserial-576B0005451,"RX,1567343,R35,TXF,N76,66,272131,E,1,0.87,0.84,5,U,-109,-5.50"
RX,1567648,R35,TXD,N46,33,272431,G,1,0.93,0.9,5.0,U,-110.0,-5.25,True,,2026-07-13T13:46:21.224+00:00,/dev/cu.usbserial-576B0005451,"RX,1567648,R35,TXD,N46,33,272431,G,1,0.93,0.90,5,U,-110,-5.25"
RX,1567845,R35,TXA,N01,270,272627,G,1,0.93,0.9,5.0,F,-108.0,-1.25,True,,2026-07-13T13:46:21.420+00:00,/dev/cu.usbserial-576B0005451,"RX,1567845,R35,TXA,N01,270,272627,G,1,0.93,0.90,5,F,-108,-1.25"
RX,1568596,R35,TXE,N61,132,273383,A,1,0.75,0.72,5.0,U,-108.0,-2.25,True,,2026-07-13T13:46:22.171+00:00,/dev/cu.usbserial-576B0005451,"RX,1568596,R35,TXE,N61,132,273383,A,1,0.75,0.72,5,U,-108,-2.25"
RX,1568845,R35,TXA,N01,271,273627,H,1,0.32,0.3,5.0,F,-109.0,-3.25,True,,2026-07-13T13:46:22.420+00:00,/dev/cu.usbserial-576B0005451,"RX,1568845,R35,TXA,N01,271,273627,H,1,0.32,0.30,5,F,-109,-3.25"
RX,1568989,R35,TXK,N151,136,273764,A,0,0.75,0.72,5.0,U,-108.0,-1.0,True,,2026-07-13T13:46:22.565+00:00,/dev/cu.usbserial-576B0005451,"RX,1568989,R35,TXK,N151,136,273764,A,0,0.75,0.72,5,U,-108,-1.00"
RX,1569501,R35,TXJ,N136,32,274281,G,1,0.93,0.9,5.0,U,-108.0,-3.75,True,,2026-07-13T13:46:23.077+00:00,/dev/cu.usbserial-576B0005451,"RX,1569501,R35,TXJ,N136,32,274281,G,1,0.93,0.90,5,U,-108,-3.75"
RX,1569601,R35,TXC,N31,66,274385,E,1,0.87,0.84,5.0,U,-110.0,-6.5,True,,2026-07-13T13:46:23.176+00:00,/dev/cu.usbserial-576B0005451,"RX,1569601,R35,TXC,N31,66,274385,E,1,0.87,0.84,5,U,-110,-6.50"
RX,1569845,R35,TXA,N01,272,274627,A,0,0.75,0.72,5.0,F,-108.0,-2.5,True,,2026-07-13T13:46:23.420+00:00,/dev/cu.usbserial-576B0005451,"RX,1569845,R35,TXA,N01,272,274627,A,0,0.75,0.72,5,F,-108,-2.50"
RX,1570596,R35,TXE,N61,133,275383,C,0,0.81,0.78,5.0,U,-109.0,-3.75,True,,2026-07-13T13:46:24.171+00:00,/dev/cu.usbserial-576B0005451,"RX,1570596,R35,TXE,N61,133,275383,C,0,0.81,0.78,5,U,-109,-3.75"
RX,1570702,R35,TXI,N121,66,275482,E,1,0.87,0.84,5.0,U,-109.0,-6.0,True,,2026-07-13T13:46:24.277+00:00,/dev/cu.usbserial-576B0005451,"RX,1570702,R35,TXI,N121,66,275482,E,1,0.87,0.84,5,U,-109,-6.00"
RX,1570845,R35,TXA,N01,273,275627,B,1,0.2,0.18,5.0,F,-108.0,-2.25,True,,2026-07-13T13:46:24.420+00:00,/dev/cu.usbserial-576B0005451,"RX,1570845,R35,TXA,N01,273,275627,B,1,0.20,0.18,5,F,-108,-2.25"
RX,1570989,R35,TXK,N151,137,275764,C,1,0.81,0.78,5.0,U,-108.0,-3.75,True,,2026-07-13T13:46:24.565+00:00,/dev/cu.usbserial-576B0005451,"RX,1570989,R35,TXK,N151,137,275764,C,1,0.81,0.78,5,U,-108,-3.75"
RX,1571601,R35,TXC,N31,67,276385,G,1,0.93,0.9,5.0,U,-109.0,-4.5,True,,2026-07-13T13:46:25.176+00:00,/dev/cu.usbserial-576B0005451,"RX,1571601,R35,TXC,N31,67,276385,G,1,0.93,0.90,5,U,-109,-4.50"
RX,1571845,R35,TXA,N01,274,276627,C,1,0.81,0.78,5.0,F,-108.0,-2.0,True,,2026-07-13T13:46:25.420+00:00,/dev/cu.usbserial-576B0005451,"RX,1571845,R35,TXA,N01,274,276627,C,1,0.81,0.78,5,F,-108,-2.00"
RX,1572596,R35,TXE,N61,134,277383,E,1,0.87,0.84,5.0,U,-108.0,-3.75,True,,2026-07-13T13:46:26.171+00:00,/dev/cu.usbserial-576B0005451,"RX,1572596,R35,TXE,N61,134,277383,E,1,0.87,0.84,5,U,-108,-3.75"
RX,1572702,R35,TXI,N121,67,277482,G,1,0.93,0.9,5.0,U,-109.0,-5.0,True,,2026-07-13T13:46:26.277+00:00,/dev/cu.usbserial-576B0005451,"RX,1572702,R35,TXI,N121,67,277482,G,1,0.93,0.90,5,U,-109,-5.00"
RX,1572845,R35,TXA,N01,275,277627,D,0,0.24,0.22,5.0,F,-108.0,-3.75,True,,2026-07-13T13:46:26.420+00:00,/dev/cu.usbserial-576B0005451,"RX,1572845,R35,TXA,N01,275,277627,D,0,0.24,0.22,5,F,-108,-3.75"
RX,1572989,R35,TXK,N151,138,277764,E,1,0.87,0.84,5.0,U,-108.0,-4.0,True,,2026-07-13T13:46:26.565+00:00,/dev/cu.usbserial-576B0005451,"RX,1572989,R35,TXK,N151,138,277764,E,1,0.87,0.84,5,U,-108,-4.00"
RX,1573845,R35,TXA,N01,276,278627,E,1,0.87,0.84,5.0,F,-107.0,-1.0,True,,2026-07-13T13:46:27.420+00:00,/dev/cu.usbserial-576B0005451,"RX,1573845,R35,TXA,N01,276,278627,E,1,0.87,0.84,5,F,-107,-1.00"
RX,1574596,R35,TXE,N61,135,279383,G,1,0.93,0.9,5.0,U,-109.0,-2.5,True,,2026-07-13T13:46:28.171+00:00,/dev/cu.usbserial-576B0005451,"RX,1574596,R35,TXE,N61,135,279383,G,1,0.93,0.90,5,U,-109,-2.50"
RX,1574845,R35,TXA,N01,277,279627,F,1,0.28,0.26,5.0,F,-108.0,-1.25,True,,2026-07-13T13:46:28.420+00:00,/dev/cu.usbserial-576B0005451,"RX,1574845,R35,TXA,N01,277,279627,F,1,0.28,0.26,5,F,-108,-1.25"
RX,1574955,R35,TXH,N106,18,279743,G,0,0.93,0.9,5.0,U,-105.0,0.75,True,,2026-07-13T13:46:28.531+00:00,/dev/cu.usbserial-576B0005451,"RX,1574955,R35,TXH,N106,18,279743,G,0,0.93,0.90,5,U,-105,0.75"
RX,1575136,R35,TXL,N166,18,279917,G,0,0.93,0.9,5.0,U,-109.0,-2.5,True,,2026-07-13T13:46:28.712+00:00,/dev/cu.usbserial-576B0005451,"RX,1575136,R35,TXL,N166,18,279917,G,0,0.93,0.90,5,U,-109,-2.50"
RX,1575648,R35,TXD,N46,34,280431,G,0,0.93,0.9,5.0,U,-110.0,-6.75,True,,2026-07-13T13:46:29.223+00:00,/dev/cu.usbserial-576B0005451,"RX,1575648,R35,TXD,N46,34,280431,G,0,0.93,0.90,5,U,-110,-6.75"
RX,1575845,R35,TXA,N01,278,280627,G,0,0.93,0.9,5.0,F,-109.0,-3.5,True,,2026-07-13T13:46:29.420+00:00,/dev/cu.usbserial-576B0005451,"RX,1575845,R35,TXA,N01,278,280627,G,0,0.93,0.90,5,F,-109,-3.50"
RX,1576596,R35,TXE,N61,136,281383,A,0,0.75,0.72,5.0,U,-109.0,-4.75,True,,2026-07-13T13:46:30.171+00:00,/dev/cu.usbserial-576B0005451,"RX,1576596,R35,TXE,N61,136,281383,A,0,0.75,0.72,5,U,-109,-4.75"
RX,1576845,R35,TXA,N01,279,281627,H,1,0.32,0.3,5.0,F,-108.0,-0.75,True,,2026-07-13T13:46:30.420+00:00,/dev/cu.usbserial-576B0005451,"RX,1576845,R35,TXA,N01,279,281627,H,1,0.32,0.30,5,F,-108,-0.75"
RX,1576989,R35,TXK,N151,140,281764,A,1,0.75,0.72,5.0,U,-108.0,-4.0,True,,2026-07-13T13:46:30.564+00:00,/dev/cu.usbserial-576B0005451,"RX,1576989,R35,TXK,N151,140,281764,A,1,0.75,0.72,5,U,-108,-4.00"
RX,1577343,R35,TXF,N76,69,282131,G,0,0.93,0.9,5.0,U,-109.0,-9.0,True,,2026-07-13T13:46:30.918+00:00,/dev/cu.usbserial-576B0005451,"RX,1577343,R35,TXF,N76,69,282131,G,0,0.93,0.90,5,U,-109,-9.00"
RX,1577501,R35,TXJ,N136,33,282281,G,1,0.93,0.9,5.0,U,-109.0,-4.75,True,,2026-07-13T13:46:31.077+00:00,/dev/cu.usbserial-576B0005451,"RX,1577501,R35,TXJ,N136,33,282281,G,1,0.93,0.90,5,U,-109,-4.75"
RX,1577601,R35,TXC,N31,68,282385,E,1,0.87,0.84,5.0,U,-109.0,-5.0,True,,2026-07-13T13:46:31.176+00:00,/dev/cu.usbserial-576B0005451,"RX,1577601,R35,TXC,N31,68,282385,E,1,0.87,0.84,5,U,-109,-5.00"
RX,1577845,R35,TXA,N01,280,282627,A,1,0.75,0.72,5.0,F,-107.0,-0.75,True,,2026-07-13T13:46:31.421+00:00,/dev/cu.usbserial-576B0005451,"RX,1577845,R35,TXA,N01,280,282627,A,1,0.75,0.72,5,F,-107,-0.75"
RX,1578596,R35,TXE,N61,137,283383,C,1,0.81,0.78,5.0,U,-109.0,-4.25,True,,2026-07-13T13:46:32.171+00:00,/dev/cu.usbserial-576B0005451,"RX,1578596,R35,TXE,N61,137,283383,C,1,0.81,0.78,5,U,-109,-4.25"
RX,1578702,R35,TXI,N121,68,283482,E,1,0.87,0.84,5.0,U,-109.0,-7.25,True,,2026-07-13T13:46:32.277+00:00,/dev/cu.usbserial-576B0005451,"RX,1578702,R35,TXI,N121,68,283482,E,1,0.87,0.84,5,U,-109,-7.25"
RX,1578845,R35,TXA,N01,281,283627,B,0,0.2,0.18,5.0,F,-108.0,-1.75,True,,2026-07-13T13:46:32.420+00:00,/dev/cu.usbserial-576B0005451,"RX,1578845,R35,TXA,N01,281,283627,B,0,0.20,0.18,5,F,-108,-1.75"
RX,1578989,R35,TXK,N151,141,283764,C,1,0.81,0.78,5.0,U,-108.0,-2.5,True,,2026-07-13T13:46:32.564+00:00,/dev/cu.usbserial-576B0005451,"RX,1578989,R35,TXK,N151,141,283764,C,1,0.81,0.78,5,U,-108,-2.50"
RX,1579601,R35,TXC,N31,69,284385,G,0,0.93,0.9,5.0,U,-108.0,-5.5,True,,2026-07-13T13:46:33.176+00:00,/dev/cu.usbserial-576B0005451,"RX,1579601,R35,TXC,N31,69,284385,G,0,0.93,0.90,5,U,-108,-5.50"
RX,1579845,R35,TXA,N01,282,284627,C,1,0.81,0.78,5.0,F,-107.0,-2.5,True,,2026-07-13T13:46:33.420+00:00,/dev/cu.usbserial-576B0005451,"RX,1579845,R35,TXA,N01,282,284627,C,1,0.81,0.78,5,F,-107,-2.50"
RX,1580596,R35,TXE,N61,138,285383,E,1,0.87,0.84,5.0,U,-108.0,-4.5,True,,2026-07-13T13:46:34.171+00:00,/dev/cu.usbserial-576B0005451,"RX,1580596,R35,TXE,N61,138,285383,E,1,0.87,0.84,5,U,-108,-4.50"
RX,1580702,R35,TXI,N121,69,285482,G,0,0.93,0.9,5.0,U,-108.0,-5.5,True,,2026-07-13T13:46:34.277+00:00,/dev/cu.usbserial-576B0005451,"RX,1580702,R35,TXI,N121,69,285482,G,0,0.93,0.90,5,U,-108,-5.50"
RX,1580845,R35,TXA,N01,283,285627,D,1,0.24,0.22,5.0,F,-107.0,-1.0,True,,2026-07-13T13:46:34.420+00:00,/dev/cu.usbserial-576B0005451,"RX,1580845,R35,TXA,N01,283,285627,D,1,0.24,0.22,5,F,-107,-1.00"
RX,1580989,R35,TXK,N151,142,285764,E,0,0.87,0.84,5.0,U,-108.0,-6.0,True,,2026-07-13T13:46:34.565+00:00,/dev/cu.usbserial-576B0005451,"RX,1580989,R35,TXK,N151,142,285764,E,0,0.87,0.84,5,U,-108,-6.00"
RX,1582596,R35,TXE,N61,139,287383,G,0,0.93,0.9,5.0,U,-108.0,-4.5,True,,2026-07-13T13:46:36.171+00:00,/dev/cu.usbserial-576B0005451,"RX,1582596,R35,TXE,N61,139,287383,G,0,0.93,0.90,5,U,-108,-4.50"
RX,1582845,R35,TXA,N01,285,287627,F,1,0.28,0.26,5.0,F,-107.0,-2.5,True,,2026-07-13T13:46:36.420+00:00,/dev/cu.usbserial-576B0005451,"RX,1582845,R35,TXA,N01,285,287627,F,1,0.28,0.26,5,F,-107,-2.50"
RX,1582955,R35,TXH,N106,19,287743,G,1,0.93,0.9,5.0,U,-104.0,1.0,True,,2026-07-13T13:46:36.531+00:00,/dev/cu.usbserial-576B0005451,"RX,1582955,R35,TXH,N106,19,287743,G,1,0.93,0.90,5,U,-104,1.00"
RX,1583136,R35,TXL,N166,19,287917,G,1,0.93,0.9,5.0,U,-108.0,-2.5,True,,2026-07-13T13:46:36.712+00:00,/dev/cu.usbserial-576B0005451,"RX,1583136,R35,TXL,N166,19,287917,G,1,0.93,0.90,5,U,-108,-2.50"
RX,1583648,R35,TXD,N46,35,288431,G,1,0.93,0.9,5.0,U,-108.0,-9.25,True,,2026-07-13T13:46:37.223+00:00,/dev/cu.usbserial-576B0005451,"RX,1583648,R35,TXD,N46,35,288431,G,1,0.93,0.90,5,U,-108,-9.25"
RX,1583845,R35,TXA,N01,286,288627,G,1,0.93,0.9,5.0,F,-108.0,-3.0,True,,2026-07-13T13:46:37.420+00:00,/dev/cu.usbserial-576B0005451,"RX,1583845,R35,TXA,N01,286,288627,G,1,0.93,0.90,5,F,-108,-3.00"
RX,1584293,R35,TXG,N91,34,289081,G,0,0.93,0.9,5.0,U,-109.0,-9.0,True,,2026-07-13T13:46:37.869+00:00,/dev/cu.usbserial-576B0005451,"RX,1584293,R35,TXG,N91,34,289081,G,0,0.93,0.90,5,U,-109,-9.00"
RX,1584596,R35,TXE,N61,140,289383,A,1,0.75,0.72,5.0,U,-108.0,-4.5,True,,2026-07-13T13:46:38.171+00:00,/dev/cu.usbserial-576B0005451,"RX,1584596,R35,TXE,N61,140,289383,A,1,0.75,0.72,5,U,-108,-4.50"
RX,1584845,R35,TXA,N01,287,289627,H,0,0.32,0.3,5.0,F,-106.0,-1.75,True,,2026-07-13T13:46:38.420+00:00,/dev/cu.usbserial-576B0005451,"RX,1584845,R35,TXA,N01,287,289627,H,0,0.32,0.30,5,F,-106,-1.75"
RX,1584989,R35,TXK,N151,144,289764,A,1,0.75,0.72,5.0,U,-108.0,-2.25,True,,2026-07-13T13:46:38.564+00:00,/dev/cu.usbserial-576B0005451,"RX,1584989,R35,TXK,N151,144,289764,A,1,0.75,0.72,5,U,-108,-2.25"
RX,1585343,R35,TXF,N76,71,290131,G,1,0.93,0.9,5.0,U,-108.0,-8.0,True,,2026-07-13T13:46:38.918+00:00,/dev/cu.usbserial-576B0005451,"RX,1585343,R35,TXF,N76,71,290131,G,1,0.93,0.90,5,U,-108,-8.00"
RX,1585501,R35,TXJ,N136,34,290281,G,0,0.93,0.9,5.0,U,-109.0,-5.25,True,,2026-07-13T13:46:39.077+00:00,/dev/cu.usbserial-576B0005451,"RX,1585501,R35,TXJ,N136,34,290281,G,0,0.93,0.90,5,U,-109,-5.25"
RX,1585601,R35,TXC,N31,70,290385,E,0,0.87,0.84,5.0,U,-107.0,-3.0,True,,2026-07-13T13:46:39.176+00:00,/dev/cu.usbserial-576B0005451,"RX,1585601,R35,TXC,N31,70,290385,E,0,0.87,0.84,5,U,-107,-3.00"
RX,1585845,R35,TXA,N01,288,290627,A,1,0.75,0.72,5.0,F,-107.0,-1.5,True,,2026-07-13T13:46:39.420+00:00,/dev/cu.usbserial-576B0005451,"RX,1585845,R35,TXA,N01,288,290627,A,1,0.75,0.72,5,F,-107,-1.50"
RX,1586596,R35,TXE,N61,141,291383,C,1,0.81,0.78,5.0,U,-109.0,-6.75,True,,2026-07-13T13:46:40.171+00:00,/dev/cu.usbserial-576B0005451,"RX,1586596,R35,TXE,N61,141,291383,C,1,0.81,0.78,5,U,-109,-6.75"
RX,1586702,R35,TXI,N121,70,291482,E,0,0.87,0.84,5.0,U,-108.0,-6.75,True,,2026-07-13T13:46:40.277+00:00,/dev/cu.usbserial-576B0005451,"RX,1586702,R35,TXI,N121,70,291482,E,0,0.87,0.84,5,U,-108,-6.75"
RX,1586845,R35,TXA,N01,289,291627,B,1,0.2,0.18,5.0,F,-107.0,-1.75,True,,2026-07-13T13:46:40.420+00:00,/dev/cu.usbserial-576B0005451,"RX,1586845,R35,TXA,N01,289,291627,B,1,0.20,0.18,5,F,-107,-1.75"
RX,1586989,R35,TXK,N151,145,291764,C,0,0.81,0.78,5.0,U,-108.0,-4.75,True,,2026-07-13T13:46:40.564+00:00,/dev/cu.usbserial-576B0005451,"RX,1586989,R35,TXK,N151,145,291764,C,0,0.81,0.78,5,U,-108,-4.75"
RX,1587601,R35,TXC,N31,71,292385,G,1,0.93,0.9,5.0,U,-107.0,-3.25,True,,2026-07-13T13:46:41.176+00:00,/dev/cu.usbserial-576B0005451,"RX,1587601,R35,TXC,N31,71,292385,G,1,0.93,0.90,5,U,-107,-3.25"
RX,1587845,R35,TXA,N01,290,292627,C,0,0.81,0.78,5.0,F,-108.0,-2.5,True,,2026-07-13T13:46:41.420+00:00,/dev/cu.usbserial-576B0005451,"RX,1587845,R35,TXA,N01,290,292627,C,0,0.81,0.78,5,F,-108,-2.50"
RX,1588596,R35,TXE,N61,142,293383,E,0,0.87,0.84,5.0,U,-108.0,-4.25,True,,2026-07-13T13:46:42.171+00:00,/dev/cu.usbserial-576B0005451,"RX,1588596,R35,TXE,N61,142,293383,E,0,0.87,0.84,5,U,-108,-4.25"
RX,1588702,R35,TXI,N121,71,293482,G,1,0.93,0.9,5.0,U,-108.0,-4.25,True,,2026-07-13T13:46:42.277+00:00,/dev/cu.usbserial-576B0005451,"RX,1588702,R35,TXI,N121,71,293482,G,1,0.93,0.90,5,U,-108,-4.25"
RX,1588845,R35,TXA,N01,291,293627,D,1,0.24,0.22,5.0,F,-107.0,-0.75,True,,2026-07-13T13:46:42.420+00:00,/dev/cu.usbserial-576B0005451,"RX,1588845,R35,TXA,N01,291,293627,D,1,0.24,0.22,5,F,-107,-0.75"
RX,1588989,R35,TXK,N151,146,293764,E,1,0.87,0.84,5.0,U,-108.0,-3.75,True,,2026-07-13T13:46:42.564+00:00,/dev/cu.usbserial-576B0005451,"RX,1588989,R35,TXK,N151,146,293764,E,1,0.87,0.84,5,U,-108,-3.75"
RX,1589845,R35,TXA,N01,292,294627,E,1,0.87,0.84,5.0,F,-107.0,-2.5,True,,2026-07-13T13:46:43.420+00:00,/dev/cu.usbserial-576B0005451,"RX,1589845,R35,TXA,N01,292,294627,E,1,0.87,0.84,5,F,-107,-2.50"
RX,1590596,R35,TXE,N61,143,295383,G,1,0.93,0.9,5.0,U,-107.0,-3.5,True,,2026-07-13T13:46:44.172+00:00,/dev/cu.usbserial-576B0005451,"RX,1590596,R35,TXE,N61,143,295383,G,1,0.93,0.90,5,U,-107,-3.50"
RX,1590845,R35,TXA,N01,293,295627,F,0,0.28,0.26,5.0,F,-108.0,-2.75,True,,2026-07-13T13:46:44.420+00:00,/dev/cu.usbserial-576B0005451,"RX,1590845,R35,TXA,N01,293,295627,F,0,0.28,0.26,5,F,-108,-2.75"
RX,1590989,R35,TXK,N151,147,295764,G,1,0.93,0.9,5.0,U,-107.0,-3.75,True,,2026-07-13T13:46:44.564+00:00,/dev/cu.usbserial-576B0005451,"RX,1590989,R35,TXK,N151,147,295764,G,1,0.93,0.90,5,U,-107,-3.75"
RX,1591648,R35,TXD,N46,36,296431,G,1,0.93,0.9,5.0,U,-109.0,-7.25,True,,2026-07-13T13:46:45.224+00:00,/dev/cu.usbserial-576B0005451,"RX,1591648,R35,TXD,N46,36,296431,G,1,0.93,0.90,5,U,-109,-7.25"
RX,1591845,R35,TXA,N01,294,296627,G,1,0.93,0.9,5.0,F,-108.0,-1.5,True,,2026-07-13T13:46:45.420+00:00,/dev/cu.usbserial-576B0005451,"RX,1591845,R35,TXA,N01,294,296627,G,1,0.93,0.90,5,F,-108,-1.50"
RX,1592293,R35,TXG,N91,35,297081,G,1,0.93,0.9,5.0,U,-108.0,-8.5,True,,2026-07-13T13:46:45.869+00:00,/dev/cu.usbserial-576B0005451,"RX,1592293,R35,TXG,N91,35,297081,G,1,0.93,0.90,5,U,-108,-8.50"
RX,1592596,R35,TXE,N61,144,297383,A,1,0.75,0.72,5.0,U,-108.0,-4.75,True,,2026-07-13T13:46:46.171+00:00,/dev/cu.usbserial-576B0005451,"RX,1592596,R35,TXE,N61,144,297383,A,1,0.75,0.72,5,U,-108,-4.75"
RX,1592845,R35,TXA,N01,295,297627,H,1,0.32,0.3,5.0,F,-107.0,-2.0,True,,2026-07-13T13:46:46.420+00:00,/dev/cu.usbserial-576B0005451,"RX,1592845,R35,TXA,N01,295,297627,H,1,0.32,0.30,5,F,-107,-2.00"
RX,1592989,R35,TXK,N151,148,297764,A,0,0.75,0.72,5.0,U,-108.0,-4.0,True,,2026-07-13T13:46:46.564+00:00,/dev/cu.usbserial-576B0005451,"RX,1592989,R35,TXK,N151,148,297764,A,0,0.75,0.72,5,U,-108,-4.00"
RX,1593343,R35,TXF,N76,73,298131,G,1,0.93,0.9,5.0,U,-109.0,-9.25,True,,2026-07-13T13:46:46.918+00:00,/dev/cu.usbserial-576B0005451,"RX,1593343,R35,TXF,N76,73,298131,G,1,0.93,0.90,5,U,-109,-9.25"
RX,1593501,R35,TXJ,N136,35,298281,G,1,0.93,0.9,5.0,U,-108.0,-3.75,True,,2026-07-13T13:46:47.077+00:00,/dev/cu.usbserial-576B0005451,"RX,1593501,R35,TXJ,N136,35,298281,G,1,0.93,0.90,5,U,-108,-3.75"
RX,1593601,R35,TXC,N31,72,298385,E,1,0.87,0.84,5.0,U,-108.0,-4.0,True,,2026-07-13T13:46:47.176+00:00,/dev/cu.usbserial-576B0005451,"RX,1593601,R35,TXC,N31,72,298385,E,1,0.87,0.84,5,U,-108,-4.00"
RX,1593845,R35,TXA,N01,296,298627,A,0,0.75,0.72,5.0,F,-107.0,-2.0,True,,2026-07-13T13:46:47.420+00:00,/dev/cu.usbserial-576B0005451,"RX,1593845,R35,TXA,N01,296,298627,A,0,0.75,0.72,5,F,-107,-2.00"
RX,1594596,R35,TXE,N61,145,299383,C,0,0.81,0.78,5.0,U,-108.0,-4.75,True,,2026-07-13T13:46:48.171+00:00,/dev/cu.usbserial-576B0005451,"RX,1594596,R35,TXE,N61,145,299383,C,0,0.81,0.78,5,U,-108,-4.75"
RX,1594702,R35,TXI,N121,72,299482,E,1,0.87,0.84,5.0,U,-107.0,-5.25,True,,2026-07-13T13:46:48.277+00:00,/dev/cu.usbserial-576B0005451,"RX,1594702,R35,TXI,N121,72,299482,E,1,0.87,0.84,5,U,-107,-5.25"
RX,1594845,R35,TXA,N01,297,299627,B,1,0.2,0.18,5.0,F,-107.0,-2.0,True,,2026-07-13T13:46:48.420+00:00,/dev/cu.usbserial-576B0005451,"RX,1594845,R35,TXA,N01,297,299627,B,1,0.20,0.18,5,F,-107,-2.00"
RX,1594989,R35,TXK,N151,149,299764,C,1,0.81,0.78,5.0,U,-108.0,-3.25,True,,2026-07-13T13:46:48.564+00:00,/dev/cu.usbserial-576B0005451,"RX,1594989,R35,TXK,N151,149,299764,C,1,0.81,0.78,5,U,-108,-3.25"
RX,1595601,R35,TXC,N31,73,300385,G,1,0.93,0.9,5.0,U,-108.0,-4.5,True,,2026-07-13T13:46:49.176+00:00,/dev/cu.usbserial-576B0005451,"RX,1595601,R35,TXC,N31,73,300385,G,1,0.93,0.90,5,U,-108,-4.50"
RX,1595845,R35,TXA,N01,298,300627,C,1,0.81,0.78,5.0,F,-107.0,-1.75,True,,2026-07-13T13:46:49.420+00:00,/dev/cu.usbserial-576B0005451,"RX,1595845,R35,TXA,N01,298,300627,C,1,0.81,0.78,5,F,-107,-1.75"
RX,1596596,R35,TXE,N61,146,301383,E,1,0.87,0.84,5.0,U,-108.0,-4.25,True,,2026-07-13T13:46:50.171+00:00,/dev/cu.usbserial-576B0005451,"RX,1596596,R35,TXE,N61,146,301383,E,1,0.87,0.84,5,U,-108,-4.25"
RX,1596702,R35,TXI,N121,73,301482,G,1,0.93,0.9,5.0,U,-108.0,-4.5,True,,2026-07-13T13:46:50.277+00:00,/dev/cu.usbserial-576B0005451,"RX,1596702,R35,TXI,N121,73,301482,G,1,0.93,0.90,5,U,-108,-4.50"
RX,1596989,R35,TXK,N151,150,301764,E,1,0.87,0.84,5.0,U,-107.0,-3.25,True,,2026-07-13T13:46:50.564+00:00,/dev/cu.usbserial-576B0005451,"RX,1596989,R35,TXK,N151,150,301764,E,1,0.87,0.84,5,U,-107,-3.25"
RX,1597845,R35,TXA,N01,300,302627,E,1,0.87,0.84,5.0,F,-108.0,-2.5,True,,2026-07-13T13:46:51.420+00:00,/dev/cu.usbserial-576B0005451,"RX,1597845,R35,TXA,N01,300,302627,E,1,0.87,0.84,5,F,-108,-2.50"
RX,1598596,R35,TXE,N61,147,303383,G,1,0.93,0.9,5.0,U,-109.0,-5.5,True,,2026-07-13T13:46:52.172+00:00,/dev/cu.usbserial-576B0005451,"RX,1598596,R35,TXE,N61,147,303383,G,1,0.93,0.90,5,U,-109,-5.50"
RX,1598845,R35,TXA,N01,301,303627,F,1,0.28,0.26,5.0,F,-108.0,-3.75,True,,2026-07-13T13:46:52.420+00:00,/dev/cu.usbserial-576B0005451,"RX,1598845,R35,TXA,N01,301,303627,F,1,0.28,0.26,5,F,-108,-3.75"
RX,1598989,R35,TXK,N151,151,303764,G,0,0.93,0.9,5.0,U,-108.0,-3.0,True,,2026-07-13T13:46:52.564+00:00,/dev/cu.usbserial-576B0005451,"RX,1598989,R35,TXK,N151,151,303764,G,0,0.93,0.90,5,U,-108,-3.00"
RX,1599343,R35,TXF,N76,74,304131,E,1,0.87,0.84,5.0,U,-109.0,-8.0,True,,2026-07-13T13:46:52.918+00:00,/dev/cu.usbserial-576B0005451,"RX,1599343,R35,TXF,N76,74,304131,E,1,0.87,0.84,5,U,-109,-8.00"
RX,1599648,R35,TXD,N46,37,304431,G,0,0.93,0.9,5.0,U,-108.0,-6.75,True,,2026-07-13T13:46:53.223+00:00,/dev/cu.usbserial-576B0005451,"RX,1599648,R35,TXD,N46,37,304431,G,0,0.93,0.90,5,U,-108,-6.75"
RX,1599845,R35,TXA,N01,302,304627,G,0,0.93,0.9,5.0,F,-107.0,-2.0,True,,2026-07-13T13:46:53.420+00:00,/dev/cu.usbserial-576B0005451,"RX,1599845,R35,TXA,N01,302,304627,G,0,0.93,0.90,5,F,-107,-2.00"
RX,1600293,R35,TXG,N91,36,305081,G,1,0.93,0.9,5.0,U,-109.0,-9.0,True,,2026-07-13T13:46:53.869+00:00,/dev/cu.usbserial-576B0005451,"RX,1600293,R35,TXG,N91,36,305081,G,1,0.93,0.90,5,U,-109,-9.00"
RX,1600596,R35,TXE,N61,148,305383,A,0,0.75,0.72,5.0,U,-108.0,-3.75,True,,2026-07-13T13:46:54.171+00:00,/dev/cu.usbserial-576B0005451,"RX,1600596,R35,TXE,N61,148,305383,A,0,0.75,0.72,5,U,-108,-3.75"
RX,1600845,R35,TXA,N01,303,305627,H,1,0.32,0.3,5.0,F,-108.0,-4.75,True,,2026-07-13T13:46:54.420+00:00,/dev/cu.usbserial-576B0005451,"RX,1600845,R35,TXA,N01,303,305627,H,1,0.32,0.30,5,F,-108,-4.75"
RX,1600989,R35,TXK,N151,152,305764,A,1,0.75,0.72,5.0,U,-108.0,-4.25,True,,2026-07-13T13:46:54.564+00:00,/dev/cu.usbserial-576B0005451,"RX,1600989,R35,TXK,N151,152,305764,A,1,0.75,0.72,5,U,-108,-4.25"
RX,1601343,R35,TXF,N76,75,306131,G,0,0.93,0.9,5.0,U,-108.0,-7.25,True,,2026-07-13T13:46:54.918+00:00,/dev/cu.usbserial-576B0005451,"RX,1601343,R35,TXF,N76,75,306131,G,0,0.93,0.90,5,U,-108,-7.25"
RX,1601501,R35,TXJ,N136,36,306281,G,1,0.93,0.9,5.0,U,-108.0,-4.0,True,,2026-07-13T13:46:55.076+00:00,/dev/cu.usbserial-576B0005451,"RX,1601501,R35,TXJ,N136,36,306281,G,1,0.93,0.90,5,U,-108,-4.00"
RX,1601600,R35,TXC,N31,74,306385,E,1,0.87,0.84,5.0,U,-107.0,-4.75,True,,2026-07-13T13:46:55.176+00:00,/dev/cu.usbserial-576B0005451,"RX,1601600,R35,TXC,N31,74,306385,E,1,0.87,0.84,5,U,-107,-4.75"
RX,1601845,R35,TXA,N01,304,306627,A,1,0.75,0.72,5.0,F,-107.0,-2.75,True,,2026-07-13T13:46:55.420+00:00,/dev/cu.usbserial-576B0005451,"RX,1601845,R35,TXA,N01,304,306627,A,1,0.75,0.72,5,F,-107,-2.75"
RX,1602596,R35,TXE,N61,149,307383,C,1,0.81,0.78,5.0,U,-108.0,-3.75,True,,2026-07-13T13:46:56.171+00:00,/dev/cu.usbserial-576B0005451,"RX,1602596,R35,TXE,N61,149,307383,C,1,0.81,0.78,5,U,-108,-3.75"
RX,1602702,R35,TXI,N121,74,307482,E,1,0.87,0.84,5.0,U,-108.0,-3.75,True,,2026-07-13T13:46:56.277+00:00,/dev/cu.usbserial-576B0005451,"RX,1602702,R35,TXI,N121,74,307482,E,1,0.87,0.84,5,U,-108,-3.75"
RX,1602845,R35,TXA,N01,305,307627,B,0,0.2,0.18,5.0,F,-107.0,-2.25,True,,2026-07-13T13:46:56.420+00:00,/dev/cu.usbserial-576B0005451,"RX,1602845,R35,TXA,N01,305,307627,B,0,0.20,0.18,5,F,-107,-2.25"
RX,1602989,R35,TXK,N151,153,307764,C,1,0.81,0.78,5.0,U,-108.0,-2.75,True,,2026-07-13T13:46:56.565+00:00,/dev/cu.usbserial-576B0005451,"RX,1602989,R35,TXK,N151,153,307764,C,1,0.81,0.78,5,U,-108,-2.75"
RX,1603601,R35,TXC,N31,75,308385,G,0,0.93,0.9,5.0,U,-108.0,-4.0,True,,2026-07-13T13:46:57.176+00:00,/dev/cu.usbserial-576B0005451,"RX,1603601,R35,TXC,N31,75,308385,G,0,0.93,0.90,5,U,-108,-4.00"
RX,1603845,R35,TXA,N01,306,308627,C,1,0.81,0.78,5.0,F,-107.0,-2.0,True,,2026-07-13T13:46:57.423+00:00,/dev/cu.usbserial-576B0005451,"RX,1603845,R35,TXA,N01,306,308627,C,1,0.81,0.78,5,F,-107,-2.00"
RX,1604596,R35,TXE,N61,150,309383,E,1,0.87,0.84,5.0,U,-108.0,-3.5,True,,2026-07-13T13:46:58.171+00:00,/dev/cu.usbserial-576B0005451,"RX,1604596,R35,TXE,N61,150,309383,E,1,0.87,0.84,5,U,-108,-3.50"
RX,1604702,R35,TXI,N121,75,309482,G,0,0.93,0.9,5.0,U,-109.0,-6.0,True,,2026-07-13T13:46:58.277+00:00,/dev/cu.usbserial-576B0005451,"RX,1604702,R35,TXI,N121,75,309482,G,0,0.93,0.90,5,U,-109,-6.00"
RX,1604845,R35,TXA,N01,307,309627,D,1,0.24,0.22,5.0,F,-108.0,-2.5,True,,2026-07-13T13:46:58.420+00:00,/dev/cu.usbserial-576B0005451,"RX,1604845,R35,TXA,N01,307,309627,D,1,0.24,0.22,5,F,-108,-2.50"
RX,1604989,R35,TXK,N151,154,309764,E,0,0.87,0.84,5.0,U,-108.0,-5.0,True,,2026-07-13T13:46:58.565+00:00,/dev/cu.usbserial-576B0005451,"RX,1604989,R35,TXK,N151,154,309764,E,0,0.87,0.84,5,U,-108,-5.00"
RX,1605845,R35,TXA,N01,308,310627,E,0,0.87,0.84,5.0,F,-107.0,-2.0,True,,2026-07-13T13:46:59.420+00:00,/dev/cu.usbserial-576B0005451,"RX,1605845,R35,TXA,N01,308,310627,E,0,0.87,0.84,5,F,-107,-2.00"
RX,1606113,R35,TXB,N16,153,310894,C,1,0.81,0.78,5.0,U,-108.0,-7.75,True,,2026-07-13T13:46:59.688+00:00,/dev/cu.usbserial-576B0005451,"RX,1606113,R35,TXB,N16,153,310894,C,1,0.81,0.78,5,U,-108,-7.75"
RX,1606845,R35,TXA,N01,309,311627,F,1,0.28,0.26,5.0,F,-108.0,-4.5,True,,2026-07-13T13:47:00.420+00:00,/dev/cu.usbserial-576B0005451,"RX,1606845,R35,TXA,N01,309,311627,F,1,0.28,0.26,5,F,-108,-4.50"
RX,1606989,R35,TXK,N151,155,311764,G,1,0.93,0.9,5.0,U,-108.0,-3.75,True,,2026-07-13T13:47:00.564+00:00,/dev/cu.usbserial-576B0005451,"RX,1606989,R35,TXK,N151,155,311764,G,1,0.93,0.90,5,U,-108,-3.75"
RX,1607648,R35,TXD,N46,38,312431,G,1,0.93,0.9,5.0,U,-109.0,-8.25,True,,2026-07-13T13:47:01.223+00:00,/dev/cu.usbserial-576B0005451,"RX,1607648,R35,TXD,N46,38,312431,G,1,0.93,0.90,5,U,-109,-8.25"
RX,1607845,R35,TXA,N01,310,312627,G,1,0.93,0.9,5.0,F,-107.0,-2.75,True,,2026-07-13T13:47:01.420+00:00,/dev/cu.usbserial-576B0005451,"RX,1607845,R35,TXA,N01,310,312627,G,1,0.93,0.90,5,F,-107,-2.75"
RX,1608293,R35,TXG,N91,37,313081,G,0,0.93,0.9,5.0,U,-109.0,-9.5,True,,2026-07-13T13:47:01.869+00:00,/dev/cu.usbserial-576B0005451,"RX,1608293,R35,TXG,N91,37,313081,G,0,0.93,0.90,5,U,-109,-9.50"
RX,1608596,R35,TXE,N61,152,313383,A,1,0.75,0.72,5.0,U,-108.0,-3.75,True,,2026-07-13T13:47:02.171+00:00,/dev/cu.usbserial-576B0005451,"RX,1608596,R35,TXE,N61,152,313383,A,1,0.75,0.72,5,U,-108,-3.75"
RX,1608845,R35,TXA,N01,311,313627,H,0,0.32,0.3,5.0,F,-107.0,-2.75,True,,2026-07-13T13:47:02.420+00:00,/dev/cu.usbserial-576B0005451,"RX,1608845,R35,TXA,N01,311,313627,H,0,0.32,0.30,5,F,-107,-2.75"
RX,1608989,R35,TXK,N151,156,313764,A,1,0.75,0.72,5.0,U,-108.0,-4.0,True,,2026-07-13T13:47:02.564+00:00,/dev/cu.usbserial-576B0005451,"RX,1608989,R35,TXK,N151,156,313764,A,1,0.75,0.72,5,U,-108,-4.00"
RX,1609343,R35,TXF,N76,77,314131,G,1,0.93,0.9,5.0,U,-109.0,-8.5,True,,2026-07-13T13:47:02.918+00:00,/dev/cu.usbserial-576B0005451,"RX,1609343,R35,TXF,N76,77,314131,G,1,0.93,0.90,5,U,-109,-8.50"
RX,1609501,R35,TXJ,N136,37,314281,G,0,0.93,0.9,5.0,U,-108.0,-4.75,True,,2026-07-13T13:47:03.077+00:00,/dev/cu.usbserial-576B0005451,"RX,1609501,R35,TXJ,N136,37,314281,G,0,0.93,0.90,5,U,-108,-4.75"
RX,1609600,R35,TXC,N31,76,314385,E,0,0.87,0.84,5.0,U,-108.0,-6.75,True,,2026-07-13T13:47:03.176+00:00,/dev/cu.usbserial-576B0005451,"RX,1609600,R35,TXC,N31,76,314385,E,0,0.87,0.84,5,U,-108,-6.75"
RX,1609845,R35,TXA,N01,312,314627,A,1,0.75,0.72,5.0,F,-108.0,-2.5,True,,2026-07-13T13:47:03.421+00:00,/dev/cu.usbserial-576B0005451,"RX,1609845,R35,TXA,N01,312,314627,A,1,0.75,0.72,5,F,-108,-2.50"
RX,1610702,R35,TXI,N121,76,315482,E,0,0.87,0.84,5.0,U,-109.0,-5.5,True,,2026-07-13T13:47:04.277+00:00,/dev/cu.usbserial-576B0005451,"RX,1610702,R35,TXI,N121,76,315482,E,0,0.87,0.84,5,U,-109,-5.50"
RX,1610845,R35,TXA,N01,313,315627,B,1,0.2,0.18,5.0,F,-107.0,-2.5,True,,2026-07-13T13:47:04.420+00:00,/dev/cu.usbserial-576B0005451,"RX,1610845,R35,TXA,N01,313,315627,B,1,0.20,0.18,5,F,-107,-2.50"
RX,1611600,R35,TXC,N31,77,316385,G,1,0.93,0.9,5.0,U,-108.0,-3.5,True,,2026-07-13T13:47:05.176+00:00,/dev/cu.usbserial-576B0005451,"RX,1611600,R35,TXC,N31,77,316385,G,1,0.93,0.90,5,U,-108,-3.50"
RX,1611845,R35,TXA,N01,314,316627,C,0,0.81,0.78,5.0,F,-108.0,-2.5,True,,2026-07-13T13:47:05.420+00:00,/dev/cu.usbserial-576B0005451,"RX,1611845,R35,TXA,N01,314,316627,C,0,0.81,0.78,5,F,-108,-2.50"
RX,1612596,R35,TXE,N61,154,317383,E,0,0.87,0.84,5.0,U,-108.0,-4.5,True,,2026-07-13T13:47:06.171+00:00,/dev/cu.usbserial-576B0005451,"RX,1612596,R35,TXE,N61,154,317383,E,0,0.87,0.84,5,U,-108,-4.50"
RX,1612702,R35,TXI,N121,77,317482,G,1,0.93,0.9,5.0,U,-108.0,-5.0,True,,2026-07-13T13:47:06.277+00:00,/dev/cu.usbserial-576B0005451,"RX,1612702,R35,TXI,N121,77,317482,G,1,0.93,0.90,5,U,-108,-5.00"
RX,1612845,R35,TXA,N01,315,317627,D,1,0.24,0.22,5.0,F,-104.0,-4.75,True,,2026-07-13T13:47:06.421+00:00,/dev/cu.usbserial-576B0005451,"RX,1612845,R35,TXA,N01,315,317627,D,1,0.24,0.22,5,F,-104,-4.75"
RX,1612989,R35,TXK,N151,158,317764,E,1,0.87,0.84,5.0,U,-107.0,-3.5,True,,2026-07-13T13:47:06.564+00:00,/dev/cu.usbserial-576B0005451,"RX,1612989,R35,TXK,N151,158,317764,E,1,0.87,0.84,5,U,-107,-3.50"
RX,1613845,R35,TXA,N01,316,318627,E,1,0.87,0.84,5.0,F,-107.0,-1.75,True,,2026-07-13T13:47:07.420+00:00,/dev/cu.usbserial-576B0005451,"RX,1613845,R35,TXA,N01,316,318627,E,1,0.87,0.84,5,F,-107,-1.75"
RX,1614596,R35,TXE,N61,155,319383,G,1,0.93,0.9,5.0,U,-108.0,-4.25,True,,2026-07-13T13:47:08.172+00:00,/dev/cu.usbserial-576B0005451,"RX,1614596,R35,TXE,N61,155,319383,G,1,0.93,0.90,5,U,-108,-4.25"
RX,1614845,R35,TXA,N01,317,319627,F,0,0.28,0.26,5.0,F,-107.0,-1.75,True,,2026-07-13T13:47:08.420+00:00,/dev/cu.usbserial-576B0005451,"RX,1614845,R35,TXA,N01,317,319627,F,0,0.28,0.26,5,F,-107,-1.75"
RX,1614989,R35,TXK,N151,159,319764,G,1,0.93,0.9,5.0,U,-108.0,-2.75,True,,2026-07-13T13:47:08.564+00:00,/dev/cu.usbserial-576B0005451,"RX,1614989,R35,TXK,N151,159,319764,G,1,0.93,0.90,5,U,-108,-2.75"
RX,1615343,R35,TXF,N76,78,320131,E,1,0.87,0.84,5.0,U,-109.0,-7.75,True,,2026-07-13T13:47:08.918+00:00,/dev/cu.usbserial-576B0005451,"RX,1615343,R35,TXF,N76,78,320131,E,1,0.87,0.84,5,U,-109,-7.75"
RX,1615845,R35,TXA,N01,318,320627,G,1,0.93,0.9,5.0,F,-107.0,-1.5,True,,2026-07-13T13:47:09.420+00:00,/dev/cu.usbserial-576B0005451,"RX,1615845,R35,TXA,N01,318,320627,G,1,0.93,0.90,5,F,-107,-1.50"
RX,1616293,R35,TXG,N91,38,321081,G,1,0.93,0.9,5.0,U,-109.0,-8.5,True,,2026-07-13T13:47:09.869+00:00,/dev/cu.usbserial-576B0005451,"RX,1616293,R35,TXG,N91,38,321081,G,1,0.93,0.90,5,U,-109,-8.50"
RX,1616596,R35,TXE,N61,156,321383,A,1,0.75,0.72,5.0,U,-108.0,-4.25,True,,2026-07-13T13:47:10.171+00:00,/dev/cu.usbserial-576B0005451,"RX,1616596,R35,TXE,N61,156,321383,A,1,0.75,0.72,5,U,-108,-4.25"
RX,1616845,R35,TXA,N01,319,321627,H,1,0.32,0.3,5.0,F,-107.0,-2.0,True,,2026-07-13T13:47:10.420+00:00,/dev/cu.usbserial-576B0005451,"RX,1616845,R35,TXA,N01,319,321627,H,1,0.32,0.30,5,F,-107,-2.00"
RX,1616989,R35,TXK,N151,160,321764,A,1,0.75,0.72,5.0,U,-107.0,-3.5,True,,2026-07-13T13:47:10.565+00:00,/dev/cu.usbserial-576B0005451,"RX,1616989,R35,TXK,N151,160,321764,A,1,0.75,0.72,5,U,-107,-3.50"
RX,1617343,R35,TXF,N76,79,322131,G,1,0.93,0.9,5.0,U,-109.0,-6.75,True,,2026-07-13T13:47:10.918+00:00,/dev/cu.usbserial-576B0005451,"RX,1617343,R35,TXF,N76,79,322131,G,1,0.93,0.90,5,U,-109,-6.75"
RX,1617501,R35,TXJ,N136,38,322281,G,1,0.93,0.9,5.0,U,-108.0,-3.5,True,,2026-07-13T13:47:11.077+00:00,/dev/cu.usbserial-576B0005451,"RX,1617501,R35,TXJ,N136,38,322281,G,1,0.93,0.90,5,U,-108,-3.50"
RX,1617600,R35,TXC,N31,78,322385,E,1,0.87,0.84,5.0,U,-108.0,-3.75,True,,2026-07-13T13:47:11.176+00:00,/dev/cu.usbserial-576B0005451,"RX,1617600,R35,TXC,N31,78,322385,E,1,0.87,0.84,5,U,-108,-3.75"
RX,1617845,R35,TXA,N01,320,322627,A,1,0.75,0.72,5.0,F,-108.0,-1.75,True,,2026-07-13T13:47:11.420+00:00,/dev/cu.usbserial-576B0005451,"RX,1617845,R35,TXA,N01,320,322627,A,1,0.75,0.72,5,F,-108,-1.75"
RX,1618596,R35,TXE,N61,157,323383,C,0,0.81,0.78,5.0,U,-108.0,-3.0,True,,2026-07-13T13:47:12.171+00:00,/dev/cu.usbserial-576B0005451,"RX,1618596,R35,TXE,N61,157,323383,C,0,0.81,0.78,5,U,-108,-3.00"
RX,1618702,R35,TXI,N121,78,323482,E,1,0.87,0.84,5.0,U,-109.0,-4.25,True,,2026-07-13T13:47:12.277+00:00,/dev/cu.usbserial-576B0005451,"RX,1618702,R35,TXI,N121,78,323482,E,1,0.87,0.84,5,U,-109,-4.25"
RX,1618845,R35,TXA,N01,321,323627,B,0,0.2,0.18,5.0,F,-108.0,-2.0,True,,2026-07-13T13:47:12.420+00:00,/dev/cu.usbserial-576B0005451,"RX,1618845,R35,TXA,N01,321,323627,B,0,0.20,0.18,5,F,-108,-2.00"
RX,1619600,R35,TXC,N31,79,324385,G,1,0.93,0.9,5.0,U,-108.0,-3.5,True,,2026-07-13T13:47:13.176+00:00,/dev/cu.usbserial-576B0005451,"RX,1619600,R35,TXC,N31,79,324385,G,1,0.93,0.90,5,U,-108,-3.50"
RX,1619845,R35,TXA,N01,322,324627,C,1,0.81,0.78,5.0,F,-107.0,-2.0,True,,2026-07-13T13:47:13.420+00:00,/dev/cu.usbserial-576B0005451,"RX,1619845,R35,TXA,N01,322,324627,C,1,0.81,0.78,5,F,-107,-2.00"
RX,1620702,R35,TXI,N121,79,325482,G,1,0.93,0.9,5.0,U,-109.0,-4.25,True,,2026-07-13T13:47:14.277+00:00,/dev/cu.usbserial-576B0005451,"RX,1620702,R35,TXI,N121,79,325482,G,1,0.93,0.90,5,U,-109,-4.25"
RX,1620845,R35,TXA,N01,323,325627,D,1,0.24,0.22,5.0,F,-108.0,-2.25,True,,2026-07-13T13:47:14.420+00:00,/dev/cu.usbserial-576B0005451,"RX,1620845,R35,TXA,N01,323,325627,D,1,0.24,0.22,5,F,-108,-2.25"
RX,1620989,R35,TXK,N151,162,325764,E,0,0.87,0.84,5.0,U,-107.0,-3.0,True,,2026-07-13T13:47:14.564+00:00,/dev/cu.usbserial-576B0005451,"RX,1620989,R35,TXK,N151,162,325764,E,0,0.87,0.84,5,U,-107,-3.00"
RX,1621845,R35,TXA,N01,324,326627,E,0,0.87,0.84,5.0,F,-108.0,-4.0,True,,2026-07-13T13:47:15.420+00:00,/dev/cu.usbserial-576B0005451,"RX,1621845,R35,TXA,N01,324,326627,E,0,0.87,0.84,5,F,-108,-4.00"
RX,1622596,R35,TXE,N61,159,327383,G,1,0.93,0.9,5.0,U,-108.0,-4.0,True,,2026-07-13T13:47:16.172+00:00,/dev/cu.usbserial-576B0005451,"RX,1622596,R35,TXE,N61,159,327383,G,1,0.93,0.90,5,U,-108,-4.00"
RX,1622845,R35,TXA,N01,325,327627,F,1,0.28,0.26,5.0,F,-109.0,-4.0,True,,2026-07-13T13:47:16.420+00:00,/dev/cu.usbserial-576B0005451,"RX,1622845,R35,TXA,N01,325,327627,F,1,0.28,0.26,5,F,-109,-4.00"
RX,1622955,R35,TXH,N106,20,327743,G,1,0.93,0.9,5.0,U,-105.0,0.75,True,,2026-07-13T13:47:16.530+00:00,/dev/cu.usbserial-576B0005451,"RX,1622955,R35,TXH,N106,20,327743,G,1,0.93,0.90,5,U,-105,0.75"
RX,1623136,R35,TXL,N166,20,327917,G,1,0.93,0.9,5.0,U,-108.0,-2.25,True,,2026-07-13T13:47:16.712+00:00,/dev/cu.usbserial-576B0005451,"RX,1623136,R35,TXL,N166,20,327917,G,1,0.93,0.90,5,U,-108,-2.25"
RX,1623648,R35,TXD,N46,40,328431,G,1,0.93,0.9,5.0,U,-108.0,-6.75,True,,2026-07-13T13:47:17.223+00:00,/dev/cu.usbserial-576B0005451,"RX,1623648,R35,TXD,N46,40,328431,G,1,0.93,0.90,5,U,-108,-6.75"
RX,1623845,R35,TXA,N01,326,328627,G,1,0.93,0.9,5.0,F,-108.0,-2.0,True,,2026-07-13T13:47:17.420+00:00,/dev/cu.usbserial-576B0005451,"RX,1623845,R35,TXA,N01,326,328627,G,1,0.93,0.90,5,F,-108,-2.00"
RX,1624293,R35,TXG,N91,39,329081,G,1,0.93,0.9,5.0,U,-109.0,-8.25,True,,2026-07-13T13:47:17.869+00:00,/dev/cu.usbserial-576B0005451,"RX,1624293,R35,TXG,N91,39,329081,G,1,0.93,0.90,5,U,-109,-8.25"
RX,1624596,R35,TXE,N61,160,329383,A,1,0.75,0.72,5.0,U,-108.0,-3.75,True,,2026-07-13T13:47:18.171+00:00,/dev/cu.usbserial-576B0005451,"RX,1624596,R35,TXE,N61,160,329383,A,1,0.75,0.72,5,U,-108,-3.75"
RX,1624845,R35,TXA,N01,327,329627,H,0,0.32,0.3,5.0,F,-107.0,-1.75,True,,2026-07-13T13:47:18.420+00:00,/dev/cu.usbserial-576B0005451,"RX,1624845,R35,TXA,N01,327,329627,H,0,0.32,0.30,5,F,-107,-1.75"
RX,1624989,R35,TXK,N151,164,329764,A,1,0.75,0.72,5.0,U,-108.0,-3.5,True,,2026-07-13T13:47:18.564+00:00,/dev/cu.usbserial-576B0005451,"RX,1624989,R35,TXK,N151,164,329764,A,1,0.75,0.72,5,U,-108,-3.50"
RX,1625343,R35,TXF,N76,81,330131,G,1,0.93,0.9,5.0,U,-109.0,-7.5,True,,2026-07-13T13:47:18.918+00:00,/dev/cu.usbserial-576B0005451,"RX,1625343,R35,TXF,N76,81,330131,G,1,0.93,0.90,5,U,-109,-7.50"
RX,1625501,R35,TXJ,N136,39,330281,G,1,0.93,0.9,5.0,U,-108.0,-3.25,True,,2026-07-13T13:47:19.077+00:00,/dev/cu.usbserial-576B0005451,"RX,1625501,R35,TXJ,N136,39,330281,G,1,0.93,0.90,5,U,-108,-3.25"
RX,1625600,R35,TXC,N31,80,330385,E,0,0.87,0.84,5.0,U,-108.0,-3.75,True,,2026-07-13T13:47:19.176+00:00,/dev/cu.usbserial-576B0005451,"RX,1625600,R35,TXC,N31,80,330385,E,0,0.87,0.84,5,U,-108,-3.75"
RX,1625845,R35,TXA,N01,328,330627,A,1,0.75,0.72,5.0,F,-107.0,-1.5,True,,2026-07-13T13:47:19.420+00:00,/dev/cu.usbserial-576B0005451,"RX,1625845,R35,TXA,N01,328,330627,A,1,0.75,0.72,5,F,-107,-1.50"
RX,1626596,R35,TXE,N61,161,331383,C,1,0.81,0.78,5.0,U,-108.0,-3.25,True,,2026-07-13T13:47:20.171+00:00,/dev/cu.usbserial-576B0005451,"RX,1626596,R35,TXE,N61,161,331383,C,1,0.81,0.78,5,U,-108,-3.25"
RX,1626702,R35,TXI,N121,80,331482,E,0,0.87,0.84,5.0,U,-109.0,-3.75,True,,2026-07-13T13:47:20.277+00:00,/dev/cu.usbserial-576B0005451,"RX,1626702,R35,TXI,N121,80,331482,E,0,0.87,0.84,5,U,-109,-3.75"
RX,1626845,R35,TXA,N01,329,331627,B,1,0.2,0.18,5.0,F,-107.0,-1.75,True,,2026-07-13T13:47:20.420+00:00,/dev/cu.usbserial-576B0005451,"RX,1626845,R35,TXA,N01,329,331627,B,1,0.20,0.18,5,F,-107,-1.75"
RX,1626989,R35,TXK,N151,165,331764,C,0,0.81,0.78,5.0,U,-108.0,-3.75,True,,2026-07-13T13:47:20.564+00:00,/dev/cu.usbserial-576B0005451,"RX,1626989,R35,TXK,N151,165,331764,C,0,0.81,0.78,5,U,-108,-3.75"
RX,1627600,R35,TXC,N31,81,332385,G,1,0.93,0.9,5.0,U,-109.0,-4.0,True,,2026-07-13T13:47:21.176+00:00,/dev/cu.usbserial-576B0005451,"RX,1627600,R35,TXC,N31,81,332385,G,1,0.93,0.90,5,U,-109,-4.00"
RX,1627845,R35,TXA,N01,330,332627,C,0,0.81,0.78,5.0,F,-107.0,-1.75,True,,2026-07-13T13:47:21.420+00:00,/dev/cu.usbserial-576B0005451,"RX,1627845,R35,TXA,N01,330,332627,C,0,0.81,0.78,5,F,-107,-1.75"
RX,1628596,R35,TXE,N61,162,333383,E,0,0.87,0.84,5.0,U,-108.0,-4.0,True,,2026-07-13T13:47:22.171+00:00,/dev/cu.usbserial-576B0005451,"RX,1628596,R35,TXE,N61,162,333383,E,0,0.87,0.84,5,U,-108,-4.00"
RX,1628702,R35,TXI,N121,81,333482,G,1,0.93,0.9,5.0,U,-106.0,-6.75,True,,2026-07-13T13:47:22.277+00:00,/dev/cu.usbserial-576B0005451,"RX,1628702,R35,TXI,N121,81,333482,G,1,0.93,0.90,5,U,-106,-6.75"
RX,1628845,R35,TXA,N01,331,333627,D,1,0.24,0.22,5.0,F,-107.0,-2.25,True,,2026-07-13T13:47:22.420+00:00,/dev/cu.usbserial-576B0005451,"RX,1628845,R35,TXA,N01,331,333627,D,1,0.24,0.22,5,F,-107,-2.25"
RX,1628989,R35,TXK,N151,166,333764,E,1,0.87,0.84,5.0,U,-107.0,-3.5,True,,2026-07-13T13:47:22.564+00:00,/dev/cu.usbserial-576B0005451,"RX,1628989,R35,TXK,N151,166,333764,E,1,0.87,0.84,5,U,-107,-3.50"
RX,1629845,R35,TXA,N01,332,334627,E,1,0.87,0.84,5.0,F,-108.0,-2.5,True,,2026-07-13T13:47:23.420+00:00,/dev/cu.usbserial-576B0005451,"RX,1629845,R35,TXA,N01,332,334627,E,1,0.87,0.84,5,F,-108,-2.50"
RX,1630596,R35,TXE,N61,163,335383,G,1,0.93,0.9,5.0,U,-108.0,-3.0,True,,2026-07-13T13:47:24.172+00:00,/dev/cu.usbserial-576B0005451,"RX,1630596,R35,TXE,N61,163,335383,G,1,0.93,0.90,5,U,-108,-3.00"
RX,1630845,R35,TXA,N01,333,335627,F,0,0.28,0.26,5.0,F,-108.0,-7.25,True,,2026-07-13T13:47:24.420+00:00,/dev/cu.usbserial-576B0005451,"RX,1630845,R35,TXA,N01,333,335627,F,0,0.28,0.26,5,F,-108,-7.25"
RX,1630955,R35,TXH,N106,21,335743,G,1,0.93,0.9,5.0,U,-100.0,3.75,True,,2026-07-13T13:47:24.531+00:00,/dev/cu.usbserial-576B0005451,"RX,1630955,R35,TXH,N106,21,335743,G,1,0.93,0.90,5,U,-100,3.75"
RX,1631648,R35,TXD,N46,41,336431,G,1,0.93,0.9,5.0,U,-109.0,-8.25,True,,2026-07-13T13:47:25.223+00:00,/dev/cu.usbserial-576B0005451,"RX,1631648,R35,TXD,N46,41,336431,G,1,0.93,0.90,5,U,-109,-8.25"
RX,1631845,R35,TXA,N01,334,336627,G,1,0.93,0.9,5.0,F,-107.0,-1.0,True,,2026-07-13T13:47:25.420+00:00,/dev/cu.usbserial-576B0005451,"RX,1631845,R35,TXA,N01,334,336627,G,1,0.93,0.90,5,F,-107,-1.00"
RX,1632293,R35,TXG,N91,40,337081,G,1,0.93,0.9,5.0,U,-109.0,-8.5,True,,2026-07-13T13:47:25.869+00:00,/dev/cu.usbserial-576B0005451,"RX,1632293,R35,TXG,N91,40,337081,G,1,0.93,0.90,5,U,-109,-8.50"
RX,1632596,R35,TXE,N61,164,337383,A,1,0.75,0.72,5.0,U,-108.0,-3.25,True,,2026-07-13T13:47:26.171+00:00,/dev/cu.usbserial-576B0005451,"RX,1632596,R35,TXE,N61,164,337383,A,1,0.75,0.72,5,U,-108,-3.25"
RX,1632845,R35,TXA,N01,335,337627,H,1,0.32,0.3,5.0,F,-107.0,-1.0,True,,2026-07-13T13:47:26.420+00:00,/dev/cu.usbserial-576B0005451,"RX,1632845,R35,TXA,N01,335,337627,H,1,0.32,0.30,5,F,-107,-1.00"
RX,1632989,R35,TXK,N151,168,337764,A,0,0.75,0.72,5.0,U,-108.0,-4.25,True,,2026-07-13T13:47:26.564+00:00,/dev/cu.usbserial-576B0005451,"RX,1632989,R35,TXK,N151,168,337764,A,0,0.75,0.72,5,U,-108,-4.25"
RX,1633501,R35,TXJ,N136,40,338281,G,1,0.93,0.9,5.0,U,-108.0,-4.75,True,,2026-07-13T13:47:27.076+00:00,/dev/cu.usbserial-576B0005451,"RX,1633501,R35,TXJ,N136,40,338281,G,1,0.93,0.90,5,U,-108,-4.75"
RX,1633600,R35,TXC,N31,82,338385,E,1,0.87,0.84,5.0,U,-108.0,-4.5,True,,2026-07-13T13:47:27.176+00:00,/dev/cu.usbserial-576B0005451,"RX,1633600,R35,TXC,N31,82,338385,E,1,0.87,0.84,5,U,-108,-4.50"
RX,1633845,R35,TXA,N01,336,338627,A,0,0.75,0.72,5.0,F,-107.0,-2.25,True,,2026-07-13T13:47:27.421+00:00,/dev/cu.usbserial-576B0005451,"RX,1633845,R35,TXA,N01,336,338627,A,0,0.75,0.72,5,F,-107,-2.25"
RX,1634596,R35,TXE,N61,165,339383,C,0,0.81,0.78,5.0,U,-108.0,-1.75,True,,2026-07-13T13:47:28.171+00:00,/dev/cu.usbserial-576B0005451,"RX,1634596,R35,TXE,N61,165,339383,C,0,0.81,0.78,5,U,-108,-1.75"
RX,1634702,R35,TXI,N121,82,339482,E,1,0.87,0.84,5.0,U,-108.0,-3.0,True,,2026-07-13T13:47:28.277+00:00,/dev/cu.usbserial-576B0005451,"RX,1634702,R35,TXI,N121,82,339482,E,1,0.87,0.84,5,U,-108,-3.00"
RX,1634845,R35,TXA,N01,337,339627,B,1,0.2,0.18,5.0,F,-107.0,-1.0,True,,2026-07-13T13:47:28.420+00:00,/dev/cu.usbserial-576B0005451,"RX,1634845,R35,TXA,N01,337,339627,B,1,0.20,0.18,5,F,-107,-1.00"
RX,1634989,R35,TXK,N151,169,339764,C,1,0.81,0.78,5.0,U,-108.0,-2.0,True,,2026-07-13T13:47:28.564+00:00,/dev/cu.usbserial-576B0005451,"RX,1634989,R35,TXK,N151,169,339764,C,1,0.81,0.78,5,U,-108,-2.00"
RX,1635600,R35,TXC,N31,83,340385,G,1,0.93,0.9,5.0,U,-108.0,-4.75,True,,2026-07-13T13:47:29.176+00:00,/dev/cu.usbserial-576B0005451,"RX,1635600,R35,TXC,N31,83,340385,G,1,0.93,0.90,5,U,-108,-4.75"
RX,1635845,R35,TXA,N01,338,340627,C,1,0.81,0.78,5.0,F,-107.0,-1.5,True,,2026-07-13T13:47:29.420+00:00,/dev/cu.usbserial-576B0005451,"RX,1635845,R35,TXA,N01,338,340627,C,1,0.81,0.78,5,F,-107,-1.50"
RX,1636596,R35,TXE,N61,166,341383,E,1,0.87,0.84,5.0,U,-108.0,-2.5,True,,2026-07-13T13:47:30.171+00:00,/dev/cu.usbserial-576B0005451,"RX,1636596,R35,TXE,N61,166,341383,E,1,0.87,0.84,5,U,-108,-2.50"
RX,1636702,R35,TXI,N121,83,341482,G,1,0.93,0.9,5.0,U,-109.0,-3.75,True,,2026-07-13T13:47:30.277+00:00,/dev/cu.usbserial-576B0005451,"RX,1636702,R35,TXI,N121,83,341482,G,1,0.93,0.90,5,U,-109,-3.75"
RX,1636845,R35,TXA,N01,339,341627,D,0,0.24,0.22,5.0,F,-107.0,-1.5,True,,2026-07-13T13:47:30.420+00:00,/dev/cu.usbserial-576B0005451,"RX,1636845,R35,TXA,N01,339,341627,D,0,0.24,0.22,5,F,-107,-1.50"
RX,1636989,R35,TXK,N151,170,341764,E,1,0.87,0.84,5.0,U,-108.0,-2.25,True,,2026-07-13T13:47:30.564+00:00,/dev/cu.usbserial-576B0005451,"RX,1636989,R35,TXK,N151,170,341764,E,1,0.87,0.84,5,U,-108,-2.25"
RX,1637845,R35,TXA,N01,340,342627,E,1,0.87,0.84,5.0,F,-108.0,-2.75,True,,2026-07-13T13:47:31.420+00:00,/dev/cu.usbserial-576B0005451,"RX,1637845,R35,TXA,N01,340,342627,E,1,0.87,0.84,5,F,-108,-2.75"
RX,1638596,R35,TXE,N61,167,343383,G,1,0.93,0.9,5.0,U,-108.0,-4.5,True,,2026-07-13T13:47:32.172+00:00,/dev/cu.usbserial-576B0005451,"RX,1638596,R35,TXE,N61,167,343383,G,1,0.93,0.90,5,U,-108,-4.50"
RX,1638845,R35,TXA,N01,341,343627,F,1,0.28,0.26,5.0,F,-107.0,-1.0,True,,2026-07-13T13:47:32.420+00:00,/dev/cu.usbserial-576B0005451,"RX,1638845,R35,TXA,N01,341,343627,F,1,0.28,0.26,5,F,-107,-1.00"
RX,1638955,R35,TXH,N106,22,343743,G,0,0.93,0.9,5.0,U,-104.0,1.5,True,,2026-07-13T13:47:32.530+00:00,/dev/cu.usbserial-576B0005451,"RX,1638955,R35,TXH,N106,22,343743,G,0,0.93,0.90,5,U,-104,1.50"
RX,1639136,R35,TXL,N166,22,343917,G,0,0.93,0.9,5.0,U,-108.0,-2.0,True,,2026-07-13T13:47:32.712+00:00,/dev/cu.usbserial-576B0005451,"RX,1639136,R35,TXL,N166,22,343917,G,0,0.93,0.90,5,U,-108,-2.00"
RX,1639343,R35,TXF,N76,84,344131,E,1,0.87,0.84,5.0,U,-109.0,-8.0,True,,2026-07-13T13:47:32.918+00:00,/dev/cu.usbserial-576B0005451,"RX,1639343,R35,TXF,N76,84,344131,E,1,0.87,0.84,5,U,-109,-8.00"
RX,1639648,R35,TXD,N46,42,344431,G,0,0.93,0.9,5.0,U,-109.0,-8.25,True,,2026-07-13T13:47:33.223+00:00,/dev/cu.usbserial-576B0005451,"RX,1639648,R35,TXD,N46,42,344431,G,0,0.93,0.90,5,U,-109,-8.25"
RX,1639845,R35,TXA,N01,342,344627,G,0,0.93,0.9,5.0,F,-108.0,-2.0,True,,2026-07-13T13:47:33.420+00:00,/dev/cu.usbserial-576B0005451,"RX,1639845,R35,TXA,N01,342,344627,G,0,0.93,0.90,5,F,-108,-2.00"
RX,1640293,R35,TXG,N91,41,345081,G,1,0.93,0.9,5.0,U,-109.0,-7.5,True,,2026-07-13T13:47:33.869+00:00,/dev/cu.usbserial-576B0005451,"RX,1640293,R35,TXG,N91,41,345081,G,1,0.93,0.90,5,U,-109,-7.50"
RX,1640596,R35,TXE,N61,168,345383,A,0,0.75,0.72,5.0,U,-107.0,-3.5,True,,2026-07-13T13:47:34.171+00:00,/dev/cu.usbserial-576B0005451,"RX,1640596,R35,TXE,N61,168,345383,A,0,0.75,0.72,5,U,-107,-3.50"
RX,1640845,R35,TXA,N01,343,345627,H,1,0.32,0.3,5.0,F,-107.0,-1.25,True,,2026-07-13T13:47:34.420+00:00,/dev/cu.usbserial-576B0005451,"RX,1640845,R35,TXA,N01,343,345627,H,1,0.32,0.30,5,F,-107,-1.25"
RX,1640989,R35,TXK,N151,172,345764,A,1,0.75,0.72,5.0,U,-108.0,-2.5,True,,2026-07-13T13:47:34.564+00:00,/dev/cu.usbserial-576B0005451,"RX,1640989,R35,TXK,N151,172,345764,A,1,0.75,0.72,5,U,-108,-2.50"
RX,1641343,R35,TXF,N76,85,346131,G,0,0.93,0.9,5.0,U,-109.0,-7.5,True,,2026-07-13T13:47:34.920+00:00,/dev/cu.usbserial-576B0005451,"RX,1641343,R35,TXF,N76,85,346131,G,0,0.93,0.90,5,U,-109,-7.50"
RX,1641501,R35,TXJ,N136,41,346281,G,1,0.93,0.9,5.0,U,-108.0,-3.0,True,,2026-07-13T13:47:35.076+00:00,/dev/cu.usbserial-576B0005451,"RX,1641501,R35,TXJ,N136,41,346281,G,1,0.93,0.90,5,U,-108,-3.00"
RX,1641600,R35,TXC,N31,84,346385,E,1,0.87,0.84,5.0,U,-108.0,-4.75,True,,2026-07-13T13:47:35.176+00:00,/dev/cu.usbserial-576B0005451,"RX,1641600,R35,TXC,N31,84,346385,E,1,0.87,0.84,5,U,-108,-4.75"
RX,1641845,R35,TXA,N01,344,346627,A,1,0.75,0.72,5.0,F,-107.0,-2.75,True,,2026-07-13T13:47:35.420+00:00,/dev/cu.usbserial-576B0005451,"RX,1641845,R35,TXA,N01,344,346627,A,1,0.75,0.72,5,F,-107,-2.75"
RX,1642596,R35,TXE,N61,169,347383,C,1,0.81,0.78,5.0,U,-109.0,-5.25,True,,2026-07-13T13:47:36.171+00:00,/dev/cu.usbserial-576B0005451,"RX,1642596,R35,TXE,N61,169,347383,C,1,0.81,0.78,5,U,-109,-5.25"
RX,1642702,R35,TXI,N121,84,347482,E,1,0.87,0.84,5.0,U,-108.0,-3.75,True,,2026-07-13T13:47:36.277+00:00,/dev/cu.usbserial-576B0005451,"RX,1642702,R35,TXI,N121,84,347482,E,1,0.87,0.84,5,U,-108,-3.75"
RX,1642845,R35,TXA,N01,345,347627,B,0,0.2,0.18,5.0,F,-107.0,-1.75,True,,2026-07-13T13:47:36.420+00:00,/dev/cu.usbserial-576B0005451,"RX,1642845,R35,TXA,N01,345,347627,B,0,0.20,0.18,5,F,-107,-1.75"
RX,1642989,R35,TXK,N151,173,347764,C,1,0.81,0.78,5.0,U,-108.0,-2.25,True,,2026-07-13T13:47:36.564+00:00,/dev/cu.usbserial-576B0005451,"RX,1642989,R35,TXK,N151,173,347764,C,1,0.81,0.78,5,U,-108,-2.25"
RX,1643600,R35,TXC,N31,85,348385,G,0,0.93,0.9,5.0,U,-108.0,-2.5,True,,2026-07-13T13:47:37.175+00:00,/dev/cu.usbserial-576B0005451,"RX,1643600,R35,TXC,N31,85,348385,G,0,0.93,0.90,5,U,-108,-2.50"
RX,1643845,R35,TXA,N01,346,348627,C,1,0.81,0.78,5.0,F,-108.0,-2.5,True,,2026-07-13T13:47:37.420+00:00,/dev/cu.usbserial-576B0005451,"RX,1643845,R35,TXA,N01,346,348627,C,1,0.81,0.78,5,F,-108,-2.50"
RX,1644596,R35,TXE,N61,170,349383,E,1,0.87,0.84,5.0,U,-108.0,-4.25,True,,2026-07-13T13:47:38.171+00:00,/dev/cu.usbserial-576B0005451,"RX,1644596,R35,TXE,N61,170,349383,E,1,0.87,0.84,5,U,-108,-4.25"
RX,1644702,R35,TXI,N121,85,349482,G,0,0.93,0.9,5.0,U,-108.0,-3.75,True,,2026-07-13T13:47:38.277+00:00,/dev/cu.usbserial-576B0005451,"RX,1644702,R35,TXI,N121,85,349482,G,0,0.93,0.90,5,U,-108,-3.75"
RX,1644845,R35,TXA,N01,347,349627,D,1,0.24,0.22,5.0,F,-108.0,-3.0,True,,2026-07-13T13:47:38.420+00:00,/dev/cu.usbserial-576B0005451,"RX,1644845,R35,TXA,N01,347,349627,D,1,0.24,0.22,5,F,-108,-3.00"
RX,1644989,R35,TXK,N151,174,349764,E,0,0.87,0.84,5.0,U,-108.0,-4.0,True,,2026-07-13T13:47:38.564+00:00,/dev/cu.usbserial-576B0005451,"RX,1644989,R35,TXK,N151,174,349764,E,0,0.87,0.84,5,U,-108,-4.00"
RX,1645845,R35,TXA,N01,348,350627,E,0,0.87,0.84,5.0,F,-108.0,-2.0,True,,2026-07-13T13:47:39.420+00:00,/dev/cu.usbserial-576B0005451,"RX,1645845,R35,TXA,N01,348,350627,E,0,0.87,0.84,5,F,-108,-2.00"
RX,1646596,R35,TXE,N61,171,351383,G,0,0.93,0.9,5.0,U,-108.0,-4.25,True,,2026-07-13T13:47:40.171+00:00,/dev/cu.usbserial-576B0005451,"RX,1646596,R35,TXE,N61,171,351383,G,0,0.93,0.90,5,U,-108,-4.25"
RX,1646845,R35,TXA,N01,349,351627,F,1,0.28,0.26,5.0,F,-108.0,-3.75,True,,2026-07-13T13:47:40.420+00:00,/dev/cu.usbserial-576B0005451,"RX,1646845,R35,TXA,N01,349,351627,F,1,0.28,0.26,5,F,-108,-3.75"
RX,1646955,R35,TXH,N106,23,351743,G,1,0.93,0.9,5.0,U,-104.0,0.5,True,,2026-07-13T13:47:40.530+00:00,/dev/cu.usbserial-576B0005451,"RX,1646955,R35,TXH,N106,23,351743,G,1,0.93,0.90,5,U,-104,0.50"
RX,1647136,R35,TXL,N166,23,351917,G,1,0.93,0.9,5.0,U,-108.0,-3.5,True,,2026-07-13T13:47:40.712+00:00,/dev/cu.usbserial-576B0005451,"RX,1647136,R35,TXL,N166,23,351917,G,1,0.93,0.90,5,U,-108,-3.50"
RX,1647648,R35,TXD,N46,43,352431,G,1,0.93,0.9,5.0,U,-108.0,-8.75,True,,2026-07-13T13:47:41.223+00:00,/dev/cu.usbserial-576B0005451,"RX,1647648,R35,TXD,N46,43,352431,G,1,0.93,0.90,5,U,-108,-8.75"
RX,1647845,R35,TXA,N01,350,352627,G,1,0.93,0.9,5.0,F,-107.0,-2.5,True,,2026-07-13T13:47:41.420+00:00,/dev/cu.usbserial-576B0005451,"RX,1647845,R35,TXA,N01,350,352627,G,1,0.93,0.90,5,F,-107,-2.50"
RX,1648596,R35,TXE,N61,172,353383,A,1,0.75,0.72,5.0,U,-108.0,-3.75,True,,2026-07-13T13:47:42.171+00:00,/dev/cu.usbserial-576B0005451,"RX,1648596,R35,TXE,N61,172,353383,A,1,0.75,0.72,5,U,-108,-3.75"
RX,1648845,R35,TXA,N01,351,353627,H,0,0.32,0.3,5.0,F,-107.0,-1.5,True,,2026-07-13T13:47:42.420+00:00,/dev/cu.usbserial-576B0005451,"RX,1648845,R35,TXA,N01,351,353627,H,0,0.32,0.30,5,F,-107,-1.50"
RX,1648989,R35,TXK,N151,176,353764,A,1,0.75,0.72,5.0,U,-108.0,-2.5,True,,2026-07-13T13:47:42.564+00:00,/dev/cu.usbserial-576B0005451,"RX,1648989,R35,TXK,N151,176,353764,A,1,0.75,0.72,5,U,-108,-2.50"
RX,1649501,R35,TXJ,N136,42,354281,G,0,0.93,0.9,5.0,U,-107.0,-4.0,True,,2026-07-13T13:47:43.077+00:00,/dev/cu.usbserial-576B0005451,"RX,1649501,R35,TXJ,N136,42,354281,G,0,0.93,0.90,5,U,-107,-4.00"
RX,1649600,R35,TXC,N31,86,354385,E,0,0.87,0.84,5.0,U,-108.0,-3.75,True,,2026-07-13T13:47:43.176+00:00,/dev/cu.usbserial-576B0005451,"RX,1649600,R35,TXC,N31,86,354385,E,0,0.87,0.84,5,U,-108,-3.75"
RX,1649845,R35,TXA,N01,352,354627,A,1,0.75,0.72,5.0,F,-107.0,-1.5,True,,2026-07-13T13:47:43.420+00:00,/dev/cu.usbserial-576B0005451,"RX,1649845,R35,TXA,N01,352,354627,A,1,0.75,0.72,5,F,-107,-1.50"
RX,1650596,R35,TXE,N61,173,355383,C,1,0.81,0.78,5.0,U,-107.0,-4.0,True,,2026-07-13T13:47:44.172+00:00,/dev/cu.usbserial-576B0005451,"RX,1650596,R35,TXE,N61,173,355383,C,1,0.81,0.78,5,U,-107,-4.00"
RX,1650702,R35,TXI,N121,86,355482,E,0,0.87,0.84,5.0,U,-108.0,-3.25,True,,2026-07-13T13:47:44.277+00:00,/dev/cu.usbserial-576B0005451,"RX,1650702,R35,TXI,N121,86,355482,E,0,0.87,0.84,5,U,-108,-3.25"
RX,1650845,R35,TXA,N01,353,355627,B,1,0.2,0.18,5.0,F,-107.0,-1.5,True,,2026-07-13T13:47:44.420+00:00,/dev/cu.usbserial-576B0005451,"RX,1650845,R35,TXA,N01,353,355627,B,1,0.20,0.18,5,F,-107,-1.50"
RX,1650989,R35,TXK,N151,177,355764,C,0,0.81,0.78,5.0,U,-107.0,-2.5,True,,2026-07-13T13:47:44.564+00:00,/dev/cu.usbserial-576B0005451,"RX,1650989,R35,TXK,N151,177,355764,C,0,0.81,0.78,5,U,-107,-2.50"
RX,1651600,R35,TXC,N31,87,356385,G,1,0.93,0.9,5.0,U,-109.0,-4.25,True,,2026-07-13T13:47:45.176+00:00,/dev/cu.usbserial-576B0005451,"RX,1651600,R35,TXC,N31,87,356385,G,1,0.93,0.90,5,U,-109,-4.25"
RX,1651845,R35,TXA,N01,354,356627,C,0,0.81,0.78,5.0,F,-107.0,-2.25,True,,2026-07-13T13:47:45.420+00:00,/dev/cu.usbserial-576B0005451,"RX,1651845,R35,TXA,N01,354,356627,C,0,0.81,0.78,5,F,-107,-2.25"
RX,1652596,R35,TXE,N61,174,357383,E,0,0.87,0.84,5.0,U,-108.0,-4.25,True,,2026-07-13T13:47:46.171+00:00,/dev/cu.usbserial-576B0005451,"RX,1652596,R35,TXE,N61,174,357383,E,0,0.87,0.84,5,U,-108,-4.25"
RX,1652702,R35,TXI,N121,87,357482,G,1,0.93,0.9,5.0,U,-108.0,-4.75,True,,2026-07-13T13:47:46.277+00:00,/dev/cu.usbserial-576B0005451,"RX,1652702,R35,TXI,N121,87,357482,G,1,0.93,0.90,5,U,-108,-4.75"
RX,1652845,R35,TXA,N01,355,357627,D,1,0.24,0.22,5.0,F,-107.0,-2.5,True,,2026-07-13T13:47:46.420+00:00,/dev/cu.usbserial-576B0005451,"RX,1652845,R35,TXA,N01,355,357627,D,1,0.24,0.22,5,F,-107,-2.50"
RX,1652989,R35,TXK,N151,178,357764,E,1,0.87,0.84,5.0,U,-108.0,-3.5,True,,2026-07-13T13:47:46.564+00:00,/dev/cu.usbserial-576B0005451,"RX,1652989,R35,TXK,N151,178,357764,E,1,0.87,0.84,5,U,-108,-3.50"
RX,1653845,R35,TXA,N01,356,358627,E,1,0.87,0.84,5.0,F,-107.0,-2.25,True,,2026-07-13T13:47:47.420+00:00,/dev/cu.usbserial-576B0005451,"RX,1653845,R35,TXA,N01,356,358627,E,1,0.87,0.84,5,F,-107,-2.25"
RX,1654596,R35,TXE,N61,175,359383,G,1,0.93,0.9,5.0,U,-109.0,-5.0,True,,2026-07-13T13:47:48.172+00:00,/dev/cu.usbserial-576B0005451,"RX,1654596,R35,TXE,N61,175,359383,G,1,0.93,0.90,5,U,-109,-5.00"
RX,1654989,R35,TXK,N151,179,359764,G,1,0.93,0.9,5.0,U,-108.0,-4.0,True,,2026-07-13T13:47:48.564+00:00,/dev/cu.usbserial-576B0005451,"RX,1654989,R35,TXK,N151,179,359764,G,1,0.93,0.90,5,U,-108,-4.00"
RX,1655845,R35,TXA,N01,358,360627,G,1,0.93,0.9,5.0,F,-108.0,-4.0,True,,2026-07-13T13:47:49.420+00:00,/dev/cu.usbserial-576B0005451,"RX,1655845,R35,TXA,N01,358,360627,G,1,0.93,0.90,5,F,-108,-4.00"
RX,1656596,R35,TXE,N61,176,361383,A,1,0.75,0.72,5.0,U,-108.0,-5.25,True,,2026-07-13T13:47:50.171+00:00,/dev/cu.usbserial-576B0005451,"RX,1656596,R35,TXE,N61,176,361383,A,1,0.75,0.72,5,U,-108,-5.25"
RX,1656845,R35,TXA,N01,359,361627,H,1,0.32,0.3,5.0,F,-108.0,-4.25,True,,2026-07-13T13:47:50.420+00:00,/dev/cu.usbserial-576B0005451,"RX,1656845,R35,TXA,N01,359,361627,H,1,0.32,0.30,5,F,-108,-4.25"
RX,1656989,R35,TXK,N151,180,361764,A,0,0.75,0.72,5.0,U,-108.0,-4.75,True,,2026-07-13T13:47:50.564+00:00,/dev/cu.usbserial-576B0005451,"RX,1656989,R35,TXK,N151,180,361764,A,0,0.75,0.72,5,U,-108,-4.75"
RX,1657501,R35,TXJ,N136,43,362281,G,1,0.93,0.9,5.0,U,-109.0,-4.75,True,,2026-07-13T13:47:51.077+00:00,/dev/cu.usbserial-576B0005451,"RX,1657501,R35,TXJ,N136,43,362281,G,1,0.93,0.90,5,U,-109,-4.75"
RX,1657600,R35,TXC,N31,88,362385,E,1,0.87,0.84,5.0,U,-108.0,-5.75,True,,2026-07-13T13:47:51.176+00:00,/dev/cu.usbserial-576B0005451,"RX,1657600,R35,TXC,N31,88,362385,E,1,0.87,0.84,5,U,-108,-5.75"
RX,1657845,R35,TXA,N01,360,362627,A,0,0.75,0.72,5.0,F,-108.0,-4.75,True,,2026-07-13T13:47:51.420+00:00,/dev/cu.usbserial-576B0005451,"RX,1657845,R35,TXA,N01,360,362627,A,0,0.75,0.72,5,F,-108,-4.75"
RX,1658596,R35,TXE,N61,177,363383,C,0,0.81,0.78,5.0,U,-108.0,-5.25,True,,2026-07-13T13:47:52.171+00:00,/dev/cu.usbserial-576B0005451,"RX,1658596,R35,TXE,N61,177,363383,C,0,0.81,0.78,5,U,-108,-5.25"
RX,1658702,R35,TXI,N121,88,363482,E,1,0.87,0.84,5.0,U,-108.0,-4.75,True,,2026-07-13T13:47:52.277+00:00,/dev/cu.usbserial-576B0005451,"RX,1658702,R35,TXI,N121,88,363482,E,1,0.87,0.84,5,U,-108,-4.75"
RX,1658845,R35,TXA,N01,361,363627,B,1,0.2,0.18,5.0,F,-108.0,-3.0,True,,2026-07-13T13:47:52.420+00:00,/dev/cu.usbserial-576B0005451,"RX,1658845,R35,TXA,N01,361,363627,B,1,0.20,0.18,5,F,-108,-3.00"
RX,1658989,R35,TXK,N151,181,363764,C,1,0.81,0.78,5.0,U,-106.0,-6.0,True,,2026-07-13T13:47:52.564+00:00,/dev/cu.usbserial-576B0005451,"RX,1658989,R35,TXK,N151,181,363764,C,1,0.81,0.78,5,U,-106,-6.00"
RX,1659600,R35,TXC,N31,89,364385,G,1,0.93,0.9,5.0,U,-108.0,-5.5,True,,2026-07-13T13:47:53.176+00:00,/dev/cu.usbserial-576B0005451,"RX,1659600,R35,TXC,N31,89,364385,G,1,0.93,0.90,5,U,-108,-5.50"
RX,1659845,R35,TXA,N01,362,364627,C,1,0.81,0.78,5.0,F,-108.0,-3.0,True,,2026-07-13T13:47:53.420+00:00,/dev/cu.usbserial-576B0005451,"RX,1659845,R35,TXA,N01,362,364627,C,1,0.81,0.78,5,F,-108,-3.00"
RX,1660596,R35,TXE,N61,178,365383,E,1,0.87,0.84,5.0,U,-109.0,-5.0,True,,2026-07-13T13:47:54.171+00:00,/dev/cu.usbserial-576B0005451,"RX,1660596,R35,TXE,N61,178,365383,E,1,0.87,0.84,5,U,-109,-5.00"
RX,1660702,R35,TXI,N121,89,365482,G,1,0.93,0.9,5.0,U,-108.0,-4.25,True,,2026-07-13T13:47:54.277+00:00,/dev/cu.usbserial-576B0005451,"RX,1660702,R35,TXI,N121,89,365482,G,1,0.93,0.90,5,U,-108,-4.25"
RX,1660845,R35,TXA,N01,363,365627,D,0,0.24,0.22,5.0,F,-107.0,-2.5,True,,2026-07-13T13:47:54.420+00:00,/dev/cu.usbserial-576B0005451,"RX,1660845,R35,TXA,N01,363,365627,D,0,0.24,0.22,5,F,-107,-2.50"
RX,1660989,R35,TXK,N151,182,365764,E,1,0.87,0.84,5.0,U,-108.0,-4.0,True,,2026-07-13T13:47:54.564+00:00,/dev/cu.usbserial-576B0005451,"RX,1660989,R35,TXK,N151,182,365764,E,1,0.87,0.84,5,U,-108,-4.00"
RX,1661845,R35,TXA,N01,364,366627,E,1,0.87,0.84,5.0,F,-107.0,-1.75,True,,2026-07-13T13:47:55.420+00:00,/dev/cu.usbserial-576B0005451,"RX,1661845,R35,TXA,N01,364,366627,E,1,0.87,0.84,5,F,-107,-1.75"
RX,1662596,R35,TXE,N61,179,367383,G,1,0.93,0.9,5.0,U,-108.0,-4.0,True,,2026-07-13T13:47:56.172+00:00,/dev/cu.usbserial-576B0005451,"RX,1662596,R35,TXE,N61,179,367383,G,1,0.93,0.90,5,U,-108,-4.00"
RX,1662845,R35,TXA,N01,365,367627,F,1,0.28,0.26,5.0,F,-107.0,-1.75,True,,2026-07-13T13:47:56.420+00:00,/dev/cu.usbserial-576B0005451,"RX,1662845,R35,TXA,N01,365,367627,F,1,0.28,0.26,5,F,-107,-1.75"
RX,1662989,R35,TXK,N151,183,367764,G,0,0.93,0.9,5.0,U,-107.0,-2.5,True,,2026-07-13T13:47:56.564+00:00,/dev/cu.usbserial-576B0005451,"RX,1662989,R35,TXK,N151,183,367764,G,0,0.93,0.90,5,U,-107,-2.50"
RX,1663845,R35,TXA,N01,366,368627,G,0,0.93,0.9,5.0,F,-108.0,-2.75,True,,2026-07-13T13:47:57.420+00:00,/dev/cu.usbserial-576B0005451,"RX,1663845,R35,TXA,N01,366,368627,G,0,0.93,0.90,5,F,-108,-2.75"
RX,1664293,R35,TXG,N91,44,369081,G,1,0.93,0.9,5.0,U,-108.0,-8.0,True,,2026-07-13T13:47:57.869+00:00,/dev/cu.usbserial-576B0005451,"RX,1664293,R35,TXG,N91,44,369081,G,1,0.93,0.90,5,U,-108,-8.00"
RX,1664596,R35,TXE,N61,180,369383,A,0,0.75,0.72,5.0,U,-108.0,-4.0,True,,2026-07-13T13:47:58.171+00:00,/dev/cu.usbserial-576B0005451,"RX,1664596,R35,TXE,N61,180,369383,A,0,0.75,0.72,5,U,-108,-4.00"
RX,1664845,R35,TXA,N01,367,369627,H,1,0.32,0.3,5.0,F,-107.0,-2.0,True,,2026-07-13T13:47:58.420+00:00,/dev/cu.usbserial-576B0005451,"RX,1664845,R35,TXA,N01,367,369627,H,1,0.32,0.30,5,F,-107,-2.00"
RX,1664989,R35,TXK,N151,184,369764,A,1,0.75,0.72,5.0,U,-108.0,-2.5,True,,2026-07-13T13:47:58.564+00:00,/dev/cu.usbserial-576B0005451,"RX,1664989,R35,TXK,N151,184,369764,A,1,0.75,0.72,5,U,-108,-2.50"
RX,1665501,R35,TXJ,N136,44,370281,G,1,0.93,0.9,5.0,U,-108.0,-4.25,True,,2026-07-13T13:47:59.077+00:00,/dev/cu.usbserial-576B0005451,"RX,1665501,R35,TXJ,N136,44,370281,G,1,0.93,0.90,5,U,-108,-4.25"
RX,1665600,R35,TXC,N31,90,370385,E,1,0.87,0.84,5.0,U,-108.0,-3.75,True,,2026-07-13T13:47:59.176+00:00,/dev/cu.usbserial-576B0005451,"RX,1665600,R35,TXC,N31,90,370385,E,1,0.87,0.84,5,U,-108,-3.75"
RX,1665845,R35,TXA,N01,368,370627,A,1,0.75,0.72,5.0,F,-107.0,-2.0,True,,2026-07-13T13:47:59.420+00:00,/dev/cu.usbserial-576B0005451,"RX,1665845,R35,TXA,N01,368,370627,A,1,0.75,0.72,5,F,-107,-2.00"
RX,1666596,R35,TXE,N61,181,371383,C,1,0.81,0.78,5.0,U,-107.0,-4.5,True,,2026-07-13T13:48:00.172+00:00,/dev/cu.usbserial-576B0005451,"RX,1666596,R35,TXE,N61,181,371383,C,1,0.81,0.78,5,U,-107,-4.50"
RX,1666702,R35,TXI,N121,90,371482,E,1,0.87,0.84,5.0,U,-108.0,-4.5,True,,2026-07-13T13:48:00.277+00:00,/dev/cu.usbserial-576B0005451,"RX,1666702,R35,TXI,N121,90,371482,E,1,0.87,0.84,5,U,-108,-4.50"
RX,1666845,R35,TXA,N01,369,371627,B,0,0.2,0.18,5.0,F,-108.0,-2.75,True,,2026-07-13T13:48:00.420+00:00,/dev/cu.usbserial-576B0005451,"RX,1666845,R35,TXA,N01,369,371627,B,0,0.20,0.18,5,F,-108,-2.75"
RX,1666989,R35,TXK,N151,185,371764,C,1,0.81,0.78,5.0,U,-108.0,-3.25,True,,2026-07-13T13:48:00.566+00:00,/dev/cu.usbserial-576B0005451,"RX,1666989,R35,TXK,N151,185,371764,C,1,0.81,0.78,5,U,-108,-3.25"
RX,1667600,R35,TXC,N31,91,372385,G,0,0.93,0.9,5.0,U,-108.0,-5.5,True,,2026-07-13T13:48:01.176+00:00,/dev/cu.usbserial-576B0005451,"RX,1667600,R35,TXC,N31,91,372385,G,0,0.93,0.90,5,U,-108,-5.50"
RX,1667845,R35,TXA,N01,370,372627,C,1,0.81,0.78,5.0,F,-108.0,-2.25,True,,2026-07-13T13:48:01.420+00:00,/dev/cu.usbserial-576B0005451,"RX,1667845,R35,TXA,N01,370,372627,C,1,0.81,0.78,5,F,-108,-2.25"
RX,1668596,R35,TXE,N61,182,373383,E,1,0.87,0.84,5.0,U,-108.0,-4.0,True,,2026-07-13T13:48:02.172+00:00,/dev/cu.usbserial-576B0005451,"RX,1668596,R35,TXE,N61,182,373383,E,1,0.87,0.84,5,U,-108,-4.00"
RX,1668702,R35,TXI,N121,91,373482,G,0,0.93,0.9,5.0,U,-108.0,-3.25,True,,2026-07-13T13:48:02.277+00:00,/dev/cu.usbserial-576B0005451,"RX,1668702,R35,TXI,N121,91,373482,G,0,0.93,0.90,5,U,-108,-3.25"
RX,1668845,R35,TXA,N01,371,373627,D,1,0.24,0.22,5.0,F,-107.0,-1.25,True,,2026-07-13T13:48:02.420+00:00,/dev/cu.usbserial-576B0005451,"RX,1668845,R35,TXA,N01,371,373627,D,1,0.24,0.22,5,F,-107,-1.25"
RX,1668989,R35,TXK,N151,186,373764,E,0,0.87,0.84,5.0,U,-107.0,-2.75,True,,2026-07-13T13:48:02.565+00:00,/dev/cu.usbserial-576B0005451,"RX,1668989,R35,TXK,N151,186,373764,E,0,0.87,0.84,5,U,-107,-2.75"
RX,1669845,R35,TXA,N01,372,374627,E,0,0.87,0.84,5.0,F,-107.0,-2.0,True,,2026-07-13T13:48:03.420+00:00,/dev/cu.usbserial-576B0005451,"RX,1669845,R35,TXA,N01,372,374627,E,0,0.87,0.84,5,F,-107,-2.00"
RX,1670596,R35,TXE,N61,183,375383,G,0,0.93,0.9,5.0,U,-108.0,-3.75,True,,2026-07-13T13:48:04.172+00:00,/dev/cu.usbserial-576B0005451,"RX,1670596,R35,TXE,N61,183,375383,G,0,0.93,0.90,5,U,-108,-3.75"
RX,1670845,R35,TXA,N01,373,375627,F,1,0.28,0.26,5.0,F,-107.0,-1.25,True,,2026-07-13T13:48:04.420+00:00,/dev/cu.usbserial-576B0005451,"RX,1670845,R35,TXA,N01,373,375627,F,1,0.28,0.26,5,F,-107,-1.25"
RX,1670989,R35,TXK,N151,187,375764,G,1,0.93,0.9,5.0,U,-108.0,-3.75,True,,2026-07-13T13:48:04.565+00:00,/dev/cu.usbserial-576B0005451,"RX,1670989,R35,TXK,N151,187,375764,G,1,0.93,0.90,5,U,-108,-3.75"
RX,1671648,R35,TXD,N46,46,376431,G,1,0.93,0.9,5.0,U,-109.0,-6.75,True,,2026-07-13T13:48:05.224+00:00,/dev/cu.usbserial-576B0005451,"RX,1671648,R35,TXD,N46,46,376431,G,1,0.93,0.90,5,U,-109,-6.75"
RX,1671845,R35,TXA,N01,374,376627,G,1,0.93,0.9,5.0,F,-108.0,-2.75,True,,2026-07-13T13:48:05.420+00:00,/dev/cu.usbserial-576B0005451,"RX,1671845,R35,TXA,N01,374,376627,G,1,0.93,0.90,5,F,-108,-2.75"
RX,1672293,R35,TXG,N91,45,377081,G,0,0.93,0.9,5.0,U,-109.0,-6.25,True,,2026-07-13T13:48:05.869+00:00,/dev/cu.usbserial-576B0005451,"RX,1672293,R35,TXG,N91,45,377081,G,0,0.93,0.90,5,U,-109,-6.25"
RX,1672596,R35,TXE,N61,184,377383,A,1,0.75,0.72,5.0,U,-108.0,-4.0,True,,2026-07-13T13:48:06.172+00:00,/dev/cu.usbserial-576B0005451,"RX,1672596,R35,TXE,N61,184,377383,A,1,0.75,0.72,5,U,-108,-4.00"
RX,1672845,R35,TXA,N01,375,377627,H,0,0.32,0.3,5.0,F,-108.0,-2.0,True,,2026-07-13T13:48:06.420+00:00,/dev/cu.usbserial-576B0005451,"RX,1672845,R35,TXA,N01,375,377627,H,0,0.32,0.30,5,F,-108,-2.00"
RX,1672989,R35,TXK,N151,188,377764,A,1,0.75,0.72,5.0,U,-108.0,-3.0,True,,2026-07-13T13:48:06.564+00:00,/dev/cu.usbserial-576B0005451,"RX,1672989,R35,TXK,N151,188,377764,A,1,0.75,0.72,5,U,-108,-3.00"
RX,1673501,R35,TXJ,N136,45,378281,G,0,0.93,0.9,5.0,U,-108.0,-3.25,True,,2026-07-13T13:48:07.077+00:00,/dev/cu.usbserial-576B0005451,"RX,1673501,R35,TXJ,N136,45,378281,G,0,0.93,0.90,5,U,-108,-3.25"
RX,1673600,R35,TXC,N31,92,378385,E,0,0.87,0.84,5.0,U,-108.0,-4.75,True,,2026-07-13T13:48:07.176+00:00,/dev/cu.usbserial-576B0005451,"RX,1673600,R35,TXC,N31,92,378385,E,0,0.87,0.84,5,U,-108,-4.75"
RX,1673845,R35,TXA,N01,376,378627,A,1,0.75,0.72,5.0,F,-107.0,-1.75,True,,2026-07-13T13:48:07.420+00:00,/dev/cu.usbserial-576B0005451,"RX,1673845,R35,TXA,N01,376,378627,A,1,0.75,0.72,5,F,-107,-1.75"
RX,1674596,R35,TXE,N61,185,379383,C,1,0.81,0.78,5.0,U,-108.0,-3.25,True,,2026-07-13T13:48:08.171+00:00,/dev/cu.usbserial-576B0005451,"RX,1674596,R35,TXE,N61,185,379383,C,1,0.81,0.78,5,U,-108,-3.25"
RX,1674702,R35,TXI,N121,92,379482,E,0,0.87,0.84,5.0,U,-107.0,-3.0,True,,2026-07-13T13:48:08.277+00:00,/dev/cu.usbserial-576B0005451,"RX,1674702,R35,TXI,N121,92,379482,E,0,0.87,0.84,5,U,-107,-3.00"
RX,1674845,R35,TXA,N01,377,379627,B,1,0.2,0.18,5.0,F,-107.0,-1.5,True,,2026-07-13T13:48:08.421+00:00,/dev/cu.usbserial-576B0005451,"RX,1674845,R35,TXA,N01,377,379627,B,1,0.20,0.18,5,F,-107,-1.50"
RX,1674989,R35,TXK,N151,189,379764,C,0,0.81,0.78,5.0,U,-108.0,-2.5,True,,2026-07-13T13:48:08.565+00:00,/dev/cu.usbserial-576B0005451,"RX,1674989,R35,TXK,N151,189,379764,C,0,0.81,0.78,5,U,-108,-2.50"
RX,1675600,R35,TXC,N31,93,380385,G,1,0.93,0.9,5.0,U,-108.0,-4.5,True,,2026-07-13T13:48:09.176+00:00,/dev/cu.usbserial-576B0005451,"RX,1675600,R35,TXC,N31,93,380385,G,1,0.93,0.90,5,U,-108,-4.50"
RX,1675845,R35,TXA,N01,378,380627,C,0,0.81,0.78,5.0,F,-107.0,-1.5,True,,2026-07-13T13:48:09.421+00:00,/dev/cu.usbserial-576B0005451,"RX,1675845,R35,TXA,N01,378,380627,C,0,0.81,0.78,5,F,-107,-1.50"
RX,1676596,R35,TXE,N61,186,381383,E,0,0.87,0.84,5.0,U,-108.0,-4.25,True,,2026-07-13T13:48:10.174+00:00,/dev/cu.usbserial-576B0005451,"RX,1676596,R35,TXE,N61,186,381383,E,0,0.87,0.84,5,U,-108,-4.25"
RX,1676702,R35,TXI,N121,93,381482,G,1,0.93,0.9,5.0,U,-107.0,-3.75,True,,2026-07-13T13:48:10.277+00:00,/dev/cu.usbserial-576B0005451,"RX,1676702,R35,TXI,N121,93,381482,G,1,0.93,0.90,5,U,-107,-3.75"
RX,1676845,R35,TXA,N01,379,381627,D,1,0.24,0.22,5.0,F,-106.0,-0.75,True,,2026-07-13T13:48:10.420+00:00,/dev/cu.usbserial-576B0005451,"RX,1676845,R35,TXA,N01,379,381627,D,1,0.24,0.22,5,F,-106,-0.75"
RX,1676989,R35,TXK,N151,190,381764,E,1,0.87,0.84,5.0,U,-108.0,-2.0,True,,2026-07-13T13:48:10.565+00:00,/dev/cu.usbserial-576B0005451,"RX,1676989,R35,TXK,N151,190,381764,E,1,0.87,0.84,5,U,-108,-2.00"
RX,1677845,R35,TXA,N01,380,382627,E,1,0.87,0.84,5.0,F,-107.0,-0.5,True,,2026-07-13T13:48:11.420+00:00,/dev/cu.usbserial-576B0005451,"RX,1677845,R35,TXA,N01,380,382627,E,1,0.87,0.84,5,F,-107,-0.50"
RX,1678596,R35,TXE,N61,187,383383,G,1,0.93,0.9,5.0,U,-109.0,-4.0,True,,2026-07-13T13:48:12.172+00:00,/dev/cu.usbserial-576B0005451,"RX,1678596,R35,TXE,N61,187,383383,G,1,0.93,0.90,5,U,-109,-4.00"
RX,1678845,R35,TXA,N01,381,383627,F,0,0.28,0.26,5.0,F,-107.0,-1.75,True,,2026-07-13T13:48:12.420+00:00,/dev/cu.usbserial-576B0005451,"RX,1678845,R35,TXA,N01,381,383627,F,0,0.28,0.26,5,F,-107,-1.75"
RX,1678989,R35,TXK,N151,191,383764,G,1,0.93,0.9,5.0,U,-107.0,-3.75,True,,2026-07-13T13:48:12.564+00:00,/dev/cu.usbserial-576B0005451,"RX,1678989,R35,TXK,N151,191,383764,G,1,0.93,0.90,5,U,-107,-3.75"
RX,1679648,R35,TXD,N46,47,384431,G,1,0.93,0.9,5.0,U,-108.0,-8.5,True,,2026-07-13T13:48:13.223+00:00,/dev/cu.usbserial-576B0005451,"RX,1679648,R35,TXD,N46,47,384431,G,1,0.93,0.90,5,U,-108,-8.50"
RX,1679845,R35,TXA,N01,382,384627,G,1,0.93,0.9,5.0,F,-107.0,-2.0,True,,2026-07-13T13:48:13.421+00:00,/dev/cu.usbserial-576B0005451,"RX,1679845,R35,TXA,N01,382,384627,G,1,0.93,0.90,5,F,-107,-2.00"
RX,1680293,R35,TXG,N91,46,385081,G,1,0.93,0.9,5.0,U,-108.0,-7.25,True,,2026-07-13T13:48:13.869+00:00,/dev/cu.usbserial-576B0005451,"RX,1680293,R35,TXG,N91,46,385081,G,1,0.93,0.90,5,U,-108,-7.25"
RX,1680596,R35,TXE,N61,188,385383,A,1,0.75,0.72,5.0,U,-108.0,-4.0,True,,2026-07-13T13:48:14.172+00:00,/dev/cu.usbserial-576B0005451,"RX,1680596,R35,TXE,N61,188,385383,A,1,0.75,0.72,5,U,-108,-4.00"
RX,1680845,R35,TXA,N01,383,385627,H,1,0.32,0.3,5.0,F,-107.0,-2.25,True,,2026-07-13T13:48:14.420+00:00,/dev/cu.usbserial-576B0005451,"RX,1680845,R35,TXA,N01,383,385627,H,1,0.32,0.30,5,F,-107,-2.25"
RX,1680989,R35,TXK,N151,192,385764,A,1,0.75,0.72,5.0,U,-107.0,-3.75,True,,2026-07-13T13:48:14.565+00:00,/dev/cu.usbserial-576B0005451,"RX,1680989,R35,TXK,N151,192,385764,A,1,0.75,0.72,5,U,-107,-3.75"
RX,1681343,R35,TXF,N76,95,386131,G,1,0.93,0.9,5.0,U,-108.0,-9.0,True,,2026-07-13T13:48:14.918+00:00,/dev/cu.usbserial-576B0005451,"RX,1681343,R35,TXF,N76,95,386131,G,1,0.93,0.90,5,U,-108,-9.00"
RX,1681501,R35,TXJ,N136,46,386281,G,1,0.93,0.9,5.0,U,-108.0,-3.25,True,,2026-07-13T13:48:15.077+00:00,/dev/cu.usbserial-576B0005451,"RX,1681501,R35,TXJ,N136,46,386281,G,1,0.93,0.90,5,U,-108,-3.25"
RX,1681600,R35,TXC,N31,94,386385,E,1,0.87,0.84,5.0,U,-108.0,-4.5,True,,2026-07-13T13:48:15.176+00:00,/dev/cu.usbserial-576B0005451,"RX,1681600,R35,TXC,N31,94,386385,E,1,0.87,0.84,5,U,-108,-4.50"
RX,1681845,R35,TXA,N01,384,386627,A,1,0.75,0.72,5.0,F,-108.0,-2.25,True,,2026-07-13T13:48:15.420+00:00,/dev/cu.usbserial-576B0005451,"RX,1681845,R35,TXA,N01,384,386627,A,1,0.75,0.72,5,F,-108,-2.25"
RX,1682596,R35,TXE,N61,189,387383,C,0,0.81,0.78,5.0,U,-108.0,-4.25,True,,2026-07-13T13:48:16.172+00:00,/dev/cu.usbserial-576B0005451,"RX,1682596,R35,TXE,N61,189,387383,C,0,0.81,0.78,5,U,-108,-4.25"
RX,1682702,R35,TXI,N121,94,387482,E,1,0.87,0.84,5.0,U,-107.0,-4.25,True,,2026-07-13T13:48:16.277+00:00,/dev/cu.usbserial-576B0005451,"RX,1682702,R35,TXI,N121,94,387482,E,1,0.87,0.84,5,U,-107,-4.25"
RX,1682845,R35,TXA,N01,385,387627,B,0,0.2,0.18,5.0,F,-107.0,-2.25,True,,2026-07-13T13:48:16.420+00:00,/dev/cu.usbserial-576B0005451,"RX,1682845,R35,TXA,N01,385,387627,B,0,0.20,0.18,5,F,-107,-2.25"
RX,1682989,R35,TXK,N151,193,387764,C,1,0.81,0.78,5.0,U,-107.0,-3.0,True,,2026-07-13T13:48:16.564+00:00,/dev/cu.usbserial-576B0005451,"RX,1682989,R35,TXK,N151,193,387764,C,1,0.81,0.78,5,U,-107,-3.00"
RX,1683600,R35,TXC,N31,95,388385,G,1,0.93,0.9,5.0,U,-108.0,-4.25,True,,2026-07-13T13:48:17.176+00:00,/dev/cu.usbserial-576B0005451,"RX,1683600,R35,TXC,N31,95,388385,G,1,0.93,0.90,5,U,-108,-4.25"
RX,1683845,R35,TXA,N01,386,388627,C,1,0.81,0.78,5.0,F,-106.0,-1.75,True,,2026-07-13T13:48:17.420+00:00,/dev/cu.usbserial-576B0005451,"RX,1683845,R35,TXA,N01,386,388627,C,1,0.81,0.78,5,F,-106,-1.75"
RX,1684596,R35,TXE,N61,190,389383,E,1,0.87,0.84,5.0,U,-108.0,-3.5,True,,2026-07-13T13:48:18.172+00:00,/dev/cu.usbserial-576B0005451,"RX,1684596,R35,TXE,N61,190,389383,E,1,0.87,0.84,5,U,-108,-3.50"
RX,1684702,R35,TXI,N121,95,389482,G,1,0.93,0.9,5.0,U,-108.0,-4.25,True,,2026-07-13T13:48:18.277+00:00,/dev/cu.usbserial-576B0005451,"RX,1684702,R35,TXI,N121,95,389482,G,1,0.93,0.90,5,U,-108,-4.25"
RX,1684845,R35,TXA,N01,387,389627,D,1,0.24,0.22,5.0,F,-107.0,-1.5,True,,2026-07-13T13:48:18.420+00:00,/dev/cu.usbserial-576B0005451,"RX,1684845,R35,TXA,N01,387,389627,D,1,0.24,0.22,5,F,-107,-1.50"
RX,1684989,R35,TXK,N151,194,389764,E,0,0.87,0.84,5.0,U,-108.0,-3.25,True,,2026-07-13T13:48:18.564+00:00,/dev/cu.usbserial-576B0005451,"RX,1684989,R35,TXK,N151,194,389764,E,0,0.87,0.84,5,U,-108,-3.25"
RX,1685845,R35,TXA,N01,388,390627,E,0,0.87,0.84,5.0,F,-107.0,-1.25,True,,2026-07-13T13:48:19.421+00:00,/dev/cu.usbserial-576B0005451,"RX,1685845,R35,TXA,N01,388,390627,E,0,0.87,0.84,5,F,-107,-1.25"
RX,1686596,R35,TXE,N61,191,391383,G,1,0.93,0.9,5.0,U,-108.0,-4.25,True,,2026-07-13T13:48:20.171+00:00,/dev/cu.usbserial-576B0005451,"RX,1686596,R35,TXE,N61,191,391383,G,1,0.93,0.90,5,U,-108,-4.25"
RX,1686845,R35,TXA,N01,389,391627,F,1,0.28,0.26,5.0,F,-107.0,-2.0,True,,2026-07-13T13:48:20.420+00:00,/dev/cu.usbserial-576B0005451,"RX,1686845,R35,TXA,N01,389,391627,F,1,0.28,0.26,5,F,-107,-2.00"
RX,1686955,R35,TXH,N106,24,391743,G,1,0.93,0.9,5.0,U,-104.0,0.5,True,,2026-07-13T13:48:20.531+00:00,/dev/cu.usbserial-576B0005451,"RX,1686955,R35,TXH,N106,24,391743,G,1,0.93,0.90,5,U,-104,0.50"
RX,1687136,R35,TXL,N166,24,391917,G,1,0.93,0.9,5.0,U,-107.0,-1.25,True,,2026-07-13T13:48:20.712+00:00,/dev/cu.usbserial-576B0005451,"RX,1687136,R35,TXL,N166,24,391917,G,1,0.93,0.90,5,U,-107,-1.25"
RX,1687648,R35,TXD,N46,48,392431,G,1,0.93,0.9,5.0,U,-108.0,-5.75,True,,2026-07-13T13:48:21.223+00:00,/dev/cu.usbserial-576B0005451,"RX,1687648,R35,TXD,N46,48,392431,G,1,0.93,0.90,5,U,-108,-5.75"
RX,1687845,R35,TXA,N01,390,392627,G,1,0.93,0.9,5.0,F,-107.0,-2.0,True,,2026-07-13T13:48:21.420+00:00,/dev/cu.usbserial-576B0005451,"RX,1687845,R35,TXA,N01,390,392627,G,1,0.93,0.90,5,F,-107,-2.00"
RX,1688293,R35,TXG,N91,47,393081,G,1,0.93,0.9,5.0,U,-108.0,-7.5,True,,2026-07-13T13:48:21.869+00:00,/dev/cu.usbserial-576B0005451,"RX,1688293,R35,TXG,N91,47,393081,G,1,0.93,0.90,5,U,-108,-7.50"
RX,1688596,R35,TXE,N61,192,393383,A,1,0.75,0.72,5.0,U,-108.0,-4.0,True,,2026-07-13T13:48:22.172+00:00,/dev/cu.usbserial-576B0005451,"RX,1688596,R35,TXE,N61,192,393383,A,1,0.75,0.72,5,U,-108,-4.00"
RX,1688845,R35,TXA,N01,391,393627,H,0,0.32,0.3,5.0,F,-107.0,-1.5,True,,2026-07-13T13:48:22.420+00:00,/dev/cu.usbserial-576B0005451,"RX,1688845,R35,TXA,N01,391,393627,H,0,0.32,0.30,5,F,-107,-1.50"
RX,1688989,R35,TXK,N151,196,393764,A,1,0.75,0.72,5.0,U,-107.0,-3.0,True,,2026-07-13T13:48:22.564+00:00,/dev/cu.usbserial-576B0005451,"RX,1688989,R35,TXK,N151,196,393764,A,1,0.75,0.72,5,U,-107,-3.00"
RX,1689343,R35,TXF,N76,97,394131,G,1,0.93,0.9,5.0,U,-109.0,-8.25,True,,2026-07-13T13:48:22.918+00:00,/dev/cu.usbserial-576B0005451,"RX,1689343,R35,TXF,N76,97,394131,G,1,0.93,0.90,5,U,-109,-8.25"
RX,1689501,R35,TXJ,N136,47,394281,G,1,0.93,0.9,5.0,U,-108.0,-3.5,True,,2026-07-13T13:48:23.077+00:00,/dev/cu.usbserial-576B0005451,"RX,1689501,R35,TXJ,N136,47,394281,G,1,0.93,0.90,5,U,-108,-3.50"
RX,1689600,R35,TXC,N31,96,394385,E,0,0.87,0.84,5.0,U,-108.0,-3.5,True,,2026-07-13T13:48:23.176+00:00,/dev/cu.usbserial-576B0005451,"RX,1689600,R35,TXC,N31,96,394385,E,0,0.87,0.84,5,U,-108,-3.50"
RX,1689845,R35,TXA,N01,392,394627,A,1,0.75,0.72,5.0,F,-108.0,-2.25,True,,2026-07-13T13:48:23.420+00:00,/dev/cu.usbserial-576B0005451,"RX,1689845,R35,TXA,N01,392,394627,A,1,0.75,0.72,5,F,-108,-2.25"
RX,1690596,R35,TXE,N61,193,395383,C,1,0.81,0.78,5.0,U,-107.0,-4.5,True,,2026-07-13T13:48:24.172+00:00,/dev/cu.usbserial-576B0005451,"RX,1690596,R35,TXE,N61,193,395383,C,1,0.81,0.78,5,U,-107,-4.50"
RX,1690702,R35,TXI,N121,96,395482,E,0,0.87,0.84,5.0,U,-108.0,-4.0,True,,2026-07-13T13:48:24.277+00:00,/dev/cu.usbserial-576B0005451,"RX,1690702,R35,TXI,N121,96,395482,E,0,0.87,0.84,5,U,-108,-4.00"
RX,1690845,R35,TXA,N01,393,395627,B,1,0.2,0.18,5.0,F,-107.0,-2.25,True,,2026-07-13T13:48:24.420+00:00,/dev/cu.usbserial-576B0005451,"RX,1690845,R35,TXA,N01,393,395627,B,1,0.20,0.18,5,F,-107,-2.25"
RX,1690989,R35,TXK,N151,197,395764,C,0,0.81,0.78,5.0,U,-108.0,-3.0,True,,2026-07-13T13:48:24.565+00:00,/dev/cu.usbserial-576B0005451,"RX,1690989,R35,TXK,N151,197,395764,C,0,0.81,0.78,5,U,-108,-3.00"
RX,1691600,R35,TXC,N31,97,396385,G,1,0.93,0.9,5.0,U,-108.0,-4.75,True,,2026-07-13T13:48:25.176+00:00,/dev/cu.usbserial-576B0005451,"RX,1691600,R35,TXC,N31,97,396385,G,1,0.93,0.90,5,U,-108,-4.75"
RX,1691845,R35,TXA,N01,394,396627,C,0,0.81,0.78,5.0,F,-107.0,-2.75,True,,2026-07-13T13:48:25.420+00:00,/dev/cu.usbserial-576B0005451,"RX,1691845,R35,TXA,N01,394,396627,C,0,0.81,0.78,5,F,-107,-2.75"
RX,1692596,R35,TXE,N61,194,397383,E,0,0.87,0.84,5.0,U,-108.0,-4.0,True,,2026-07-13T13:48:26.172+00:00,/dev/cu.usbserial-576B0005451,"RX,1692596,R35,TXE,N61,194,397383,E,0,0.87,0.84,5,U,-108,-4.00"
RX,1692702,R35,TXI,N121,97,397482,G,1,0.93,0.9,5.0,U,-108.0,-4.0,True,,2026-07-13T13:48:26.277+00:00,/dev/cu.usbserial-576B0005451,"RX,1692702,R35,TXI,N121,97,397482,G,1,0.93,0.90,5,U,-108,-4.00"
RX,1692845,R35,TXA,N01,395,397627,D,1,0.24,0.22,5.0,F,-108.0,-2.0,True,,2026-07-13T13:48:26.420+00:00,/dev/cu.usbserial-576B0005451,"RX,1692845,R35,TXA,N01,395,397627,D,1,0.24,0.22,5,F,-108,-2.00"
RX,1692989,R35,TXK,N151,198,397764,E,1,0.87,0.84,5.0,U,-108.0,-3.25,True,,2026-07-13T13:48:26.565+00:00,/dev/cu.usbserial-576B0005451,"RX,1692989,R35,TXK,N151,198,397764,E,1,0.87,0.84,5,U,-108,-3.25"
RX,1693845,R35,TXA,N01,396,398627,E,1,0.87,0.84,5.0,F,-108.0,-2.75,True,,2026-07-13T13:48:27.420+00:00,/dev/cu.usbserial-576B0005451,"RX,1693845,R35,TXA,N01,396,398627,E,1,0.87,0.84,5,F,-108,-2.75"
RX,1694596,R35,TXE,N61,195,399383,G,1,0.93,0.9,5.0,U,-108.0,-3.5,True,,2026-07-13T13:48:28.172+00:00,/dev/cu.usbserial-576B0005451,"RX,1694596,R35,TXE,N61,195,399383,G,1,0.93,0.90,5,U,-108,-3.50"
RX,1694845,R35,TXA,N01,397,399627,F,0,0.28,0.26,5.0,F,-108.0,-2.0,True,,2026-07-13T13:48:28.420+00:00,/dev/cu.usbserial-576B0005451,"RX,1694845,R35,TXA,N01,397,399627,F,0,0.28,0.26,5,F,-108,-2.00"
RX,1694955,R35,TXH,N106,25,399743,G,1,0.93,0.9,5.0,U,-105.0,-0.25,True,,2026-07-13T13:48:28.531+00:00,/dev/cu.usbserial-576B0005451,"RX,1694955,R35,TXH,N106,25,399743,G,1,0.93,0.90,5,U,-105,-0.25"
RX,1695136,R35,TXL,N166,25,399917,G,1,0.93,0.9,5.0,U,-108.0,-1.75,True,,2026-07-13T13:48:28.712+00:00,/dev/cu.usbserial-576B0005451,"RX,1695136,R35,TXL,N166,25,399917,G,1,0.93,0.90,5,U,-108,-1.75"
RX,1695648,R35,TXD,N46,49,400431,G,1,0.93,0.9,5.0,U,-108.0,-4.75,True,,2026-07-13T13:48:29.223+00:00,/dev/cu.usbserial-576B0005451,"RX,1695648,R35,TXD,N46,49,400431,G,1,0.93,0.90,5,U,-108,-4.75"
RX,1695845,R35,TXA,N01,398,400627,G,1,0.93,0.9,5.0,F,-108.0,-3.75,True,,2026-07-13T13:48:29.420+00:00,/dev/cu.usbserial-576B0005451,"RX,1695845,R35,TXA,N01,398,400627,G,1,0.93,0.90,5,F,-108,-3.75"
RX,1696293,R35,TXG,N91,48,401081,G,1,0.93,0.9,5.0,U,-108.0,-7.75,True,,2026-07-13T13:48:29.869+00:00,/dev/cu.usbserial-576B0005451,"RX,1696293,R35,TXG,N91,48,401081,G,1,0.93,0.90,5,U,-108,-7.75"
RX,1696596,R35,TXE,N61,196,401383,A,1,0.75,0.72,5.0,U,-107.0,-3.0,True,,2026-07-13T13:48:30.172+00:00,/dev/cu.usbserial-576B0005451,"RX,1696596,R35,TXE,N61,196,401383,A,1,0.75,0.72,5,U,-107,-3.00"
RX,1696845,R35,TXA,N01,399,401627,H,1,0.32,0.3,5.0,F,-108.0,-2.5,True,,2026-07-13T13:48:30.420+00:00,/dev/cu.usbserial-576B0005451,"RX,1696845,R35,TXA,N01,399,401627,H,1,0.32,0.30,5,F,-108,-2.50"
RX,1697501,R35,TXJ,N136,48,402281,G,1,0.93,0.9,5.0,U,-108.0,-6.5,True,,2026-07-13T13:48:31.077+00:00,/dev/cu.usbserial-576B0005451,"RX,1697501,R35,TXJ,N136,48,402281,G,1,0.93,0.90,5,U,-108,-6.50"
RX,1697600,R35,TXC,N31,98,402385,E,1,0.87,0.84,5.0,U,-108.0,-5.25,True,,2026-07-13T13:48:31.176+00:00,/dev/cu.usbserial-576B0005451,"RX,1697600,R35,TXC,N31,98,402385,E,1,0.87,0.84,5,U,-108,-5.25"
RX,1697845,R35,TXA,N01,400,402627,A,0,0.75,0.72,5.0,F,-107.0,-2.5,True,,2026-07-13T13:48:31.420+00:00,/dev/cu.usbserial-576B0005451,"RX,1697845,R35,TXA,N01,400,402627,A,0,0.75,0.72,5,F,-107,-2.50"
RX,1698596,R35,TXE,N61,197,403383,C,0,0.81,0.78,5.0,U,-108.0,-7.25,True,,2026-07-13T13:48:32.172+00:00,/dev/cu.usbserial-576B0005451,"RX,1698596,R35,TXE,N61,197,403383,C,0,0.81,0.78,5,U,-108,-7.25"
RX,1698702,R35,TXI,N121,98,403482,E,1,0.87,0.84,5.0,U,-108.0,-5.5,True,,2026-07-13T13:48:32.277+00:00,/dev/cu.usbserial-576B0005451,"RX,1698702,R35,TXI,N121,98,403482,E,1,0.87,0.84,5,U,-108,-5.50"
RX,1698845,R35,TXA,N01,401,403627,B,1,0.2,0.18,5.0,F,-108.0,-3.5,True,,2026-07-13T13:48:32.420+00:00,/dev/cu.usbserial-576B0005451,"RX,1698845,R35,TXA,N01,401,403627,B,1,0.20,0.18,5,F,-108,-3.50"
RX,1698989,R35,TXK,N151,201,403764,C,1,0.81,0.78,5.0,U,-107.0,-3.75,True,,2026-07-13T13:48:32.564+00:00,/dev/cu.usbserial-576B0005451,"RX,1698989,R35,TXK,N151,201,403764,C,1,0.81,0.78,5,U,-107,-3.75"
RX,1699845,R35,TXA,N01,402,404627,C,1,0.81,0.78,5.0,F,-107.0,-3.75,True,,2026-07-13T13:48:33.420+00:00,/dev/cu.usbserial-576B0005451,"RX,1699845,R35,TXA,N01,402,404627,C,1,0.81,0.78,5,F,-107,-3.75"
RX,1700596,R35,TXE,N61,198,405383,E,1,0.87,0.84,5.0,U,-107.0,-3.25,True,,2026-07-13T13:48:34.172+00:00,/dev/cu.usbserial-576B0005451,"RX,1700596,R35,TXE,N61,198,405383,E,1,0.87,0.84,5,U,-107,-3.25"
RX,1700702,R35,TXI,N121,99,405482,G,1,0.93,0.9,5.0,U,-107.0,-3.0,True,,2026-07-13T13:48:34.277+00:00,/dev/cu.usbserial-576B0005451,"RX,1700702,R35,TXI,N121,99,405482,G,1,0.93,0.90,5,U,-107,-3.00"
RX,1700989,R35,TXK,N151,202,405764,E,1,0.87,0.84,5.0,U,-108.0,-3.25,True,,2026-07-13T13:48:34.564+00:00,/dev/cu.usbserial-576B0005451,"RX,1700989,R35,TXK,N151,202,405764,E,1,0.87,0.84,5,U,-108,-3.25"
RX,1701845,R35,TXA,N01,404,406627,E,1,0.87,0.84,5.0,F,-107.0,-3.75,True,,2026-07-13T13:48:35.420+00:00,/dev/cu.usbserial-576B0005451,"RX,1701845,R35,TXA,N01,404,406627,E,1,0.87,0.84,5,F,-107,-3.75"
RX,1702596,R35,TXE,N61,199,407383,G,1,0.93,0.9,5.0,U,-108.0,-4.75,True,,2026-07-13T13:48:36.172+00:00,/dev/cu.usbserial-576B0005451,"RX,1702596,R35,TXE,N61,199,407383,G,1,0.93,0.90,5,U,-108,-4.75"
RX,1702845,R35,TXA,N01,405,407627,F,1,0.28,0.26,5.0,F,-107.0,-2.0,True,,2026-07-13T13:48:36.421+00:00,/dev/cu.usbserial-576B0005451,"RX,1702845,R35,TXA,N01,405,407627,F,1,0.28,0.26,5,F,-107,-2.00"
RX,1702955,R35,TXH,N106,26,407743,G,0,0.93,0.9,5.0,U,-104.0,1.0,True,,2026-07-13T13:48:36.531+00:00,/dev/cu.usbserial-576B0005451,"RX,1702955,R35,TXH,N106,26,407743,G,0,0.93,0.90,5,U,-104,1.00"
RX,1703136,R35,TXL,N166,26,407917,G,0,0.93,0.9,5.0,U,-107.0,-2.25,True,,2026-07-13T13:48:36.711+00:00,/dev/cu.usbserial-576B0005451,"RX,1703136,R35,TXL,N166,26,407917,G,0,0.93,0.90,5,U,-107,-2.25"
RX,1703648,R35,TXD,N46,50,408431,G,0,0.93,0.9,5.0,U,-108.0,-7.25,True,,2026-07-13T13:48:37.223+00:00,/dev/cu.usbserial-576B0005451,"RX,1703648,R35,TXD,N46,50,408431,G,0,0.93,0.90,5,U,-108,-7.25"
RX,1703845,R35,TXA,N01,406,408627,G,0,0.93,0.9,5.0,F,-107.0,-3.75,True,,2026-07-13T13:48:37.420+00:00,/dev/cu.usbserial-576B0005451,"RX,1703845,R35,TXA,N01,406,408627,G,0,0.93,0.90,5,F,-107,-3.75"
RX,1704596,R35,TXE,N61,200,409383,A,0,0.75,0.72,5.0,U,-108.0,-5.75,True,,2026-07-13T13:48:38.172+00:00,/dev/cu.usbserial-576B0005451,"RX,1704596,R35,TXE,N61,200,409383,A,0,0.75,0.72,5,U,-108,-5.75"
RX,1704845,R35,TXA,N01,407,409627,H,1,0.32,0.3,5.0,F,-108.0,-3.5,True,,2026-07-13T13:48:38.421+00:00,/dev/cu.usbserial-576B0005451,"RX,1704845,R35,TXA,N01,407,409627,H,1,0.32,0.30,5,F,-108,-3.50"
RX,1705600,R35,TXC,N31,100,410385,E,1,0.87,0.84,5.0,U,-109.0,-9.25,True,,2026-07-13T13:48:39.175+00:00,/dev/cu.usbserial-576B0005451,"RX,1705600,R35,TXC,N31,100,410385,E,1,0.87,0.84,5,U,-109,-9.25"
RX,1705845,R35,TXA,N01,408,410627,A,1,0.75,0.72,5.0,F,-108.0,-5.0,True,,2026-07-13T13:48:39.420+00:00,/dev/cu.usbserial-576B0005451,"RX,1705845,R35,TXA,N01,408,410627,A,1,0.75,0.72,5,F,-108,-5.00"
RX,1706596,R35,TXE,N61,201,411383,C,1,0.81,0.78,5.0,U,-108.0,-7.25,True,,2026-07-13T13:48:40.172+00:00,/dev/cu.usbserial-576B0005451,"RX,1706596,R35,TXE,N61,201,411383,C,1,0.81,0.78,5,U,-108,-7.25"
RX,1706707,R35,TXI,N121,100,411482,E,1,0.87,0.84,5.0,U,-108.0,-4.25,True,,2026-07-13T13:48:40.282+00:00,/dev/cu.usbserial-576B0005451,"RX,1706707,R35,TXI,N121,100,411482,E,1,0.87,0.84,5,U,-108,-4.25"
RX,1706989,R35,TXK,N151,205,411764,C,1,0.81,0.78,5.0,U,-109.0,-5.5,True,,2026-07-13T13:48:40.565+00:00,/dev/cu.usbserial-576B0005451,"RX,1706989,R35,TXK,N151,205,411764,C,1,0.81,0.78,5,U,-109,-5.50"
RX,1708596,R35,TXE,N61,202,413383,E,1,0.87,0.84,5.0,U,-106.0,-0.25,True,,2026-07-13T13:48:42.171+00:00,/dev/cu.usbserial-576B0005451,"RX,1708596,R35,TXE,N61,202,413383,E,1,0.87,0.84,5,U,-106,-0.25"
RX,1708707,R35,TXI,N121,101,413482,G,0,0.93,0.9,5.0,U,-108.0,-4.0,True,,2026-07-13T13:48:42.282+00:00,/dev/cu.usbserial-576B0005451,"RX,1708707,R35,TXI,N121,101,413482,G,0,0.93,0.90,5,U,-108,-4.00"
RX,1708845,R35,TXA,N01,411,413627,D,1,0.24,0.22,5.0,F,-108.0,-4.75,True,,2026-07-13T13:48:42.420+00:00,/dev/cu.usbserial-576B0005451,"RX,1708845,R35,TXA,N01,411,413627,D,1,0.24,0.22,5,F,-108,-4.75"
RX,1708989,R35,TXK,N151,206,413764,E,0,0.87,0.84,5.0,U,-108.0,-4.75,True,,2026-07-13T13:48:42.565+00:00,/dev/cu.usbserial-576B0005451,"RX,1708989,R35,TXK,N151,206,413764,E,0,0.87,0.84,5,U,-108,-4.75"
RX,1709845,R35,TXA,N01,412,414627,E,0,0.87,0.84,5.0,F,-108.0,-5.0,True,,2026-07-13T13:48:43.420+00:00,/dev/cu.usbserial-576B0005451,"RX,1709845,R35,TXA,N01,412,414627,E,0,0.87,0.84,5,F,-108,-5.00"
RX,1710596,R35,TXE,N61,203,415383,G,0,0.93,0.9,5.0,U,-108.0,-4.5,True,,2026-07-13T13:48:44.172+00:00,/dev/cu.usbserial-576B0005451,"RX,1710596,R35,TXE,N61,203,415383,G,0,0.93,0.90,5,U,-108,-4.50"
RX,1710845,R35,TXA,N01,413,415627,F,1,0.28,0.26,5.0,F,-107.0,-3.5,True,,2026-07-13T13:48:44.420+00:00,/dev/cu.usbserial-576B0005451,"RX,1710845,R35,TXA,N01,413,415627,F,1,0.28,0.26,5,F,-107,-3.50"
RX,1710955,R35,TXH,N106,27,415743,G,1,0.93,0.9,5.0,U,-105.0,-1.0,True,,2026-07-13T13:48:44.531+00:00,/dev/cu.usbserial-576B0005451,"RX,1710955,R35,TXH,N106,27,415743,G,1,0.93,0.90,5,U,-105,-1.00"
RX,1711136,R35,TXL,N166,27,415917,G,1,0.93,0.9,5.0,U,-107.0,-4.0,True,,2026-07-13T13:48:44.711+00:00,/dev/cu.usbserial-576B0005451,"RX,1711136,R35,TXL,N166,27,415917,G,1,0.93,0.90,5,U,-107,-4.00"
RX,1711845,R35,TXA,N01,414,416627,G,1,0.93,0.9,5.0,F,-107.0,-2.75,True,,2026-07-13T13:48:45.420+00:00,/dev/cu.usbserial-576B0005451,"RX,1711845,R35,TXA,N01,414,416627,G,1,0.93,0.90,5,F,-107,-2.75"
RX,1712596,R35,TXE,N61,204,417383,A,1,0.75,0.72,5.0,U,-108.0,-6.5,True,,2026-07-13T13:48:46.171+00:00,/dev/cu.usbserial-576B0005451,"RX,1712596,R35,TXE,N61,204,417383,A,1,0.75,0.72,5,U,-108,-6.50"
RX,1712845,R35,TXA,N01,415,417627,H,0,0.32,0.3,5.0,F,-108.0,-4.75,True,,2026-07-13T13:48:46.420+00:00,/dev/cu.usbserial-576B0005451,"RX,1712845,R35,TXA,N01,415,417627,H,0,0.32,0.30,5,F,-108,-4.75"
RX,1712989,R35,TXK,N151,208,417764,A,1,0.75,0.72,5.0,U,-108.0,-6.25,True,,2026-07-13T13:48:46.564+00:00,/dev/cu.usbserial-576B0005451,"RX,1712989,R35,TXK,N151,208,417764,A,1,0.75,0.72,5,U,-108,-6.25"
RX,1713501,R35,TXJ,N136,50,418281,G,0,0.93,0.9,5.0,U,-108.0,-8.75,True,,2026-07-13T13:48:47.077+00:00,/dev/cu.usbserial-576B0005451,"RX,1713501,R35,TXJ,N136,50,418281,G,0,0.93,0.90,5,U,-108,-8.75"
RX,1713845,R35,TXA,N01,416,418627,A,1,0.75,0.72,5.0,F,-108.0,-3.0,True,,2026-07-13T13:48:47.420+00:00,/dev/cu.usbserial-576B0005451,"RX,1713845,R35,TXA,N01,416,418627,A,1,0.75,0.72,5,F,-108,-3.00"
RX,1714596,R35,TXE,N61,205,419383,C,1,0.81,0.78,5.0,U,-108.0,-6.75,True,,2026-07-13T13:48:48.172+00:00,/dev/cu.usbserial-576B0005451,"RX,1714596,R35,TXE,N61,205,419383,C,1,0.81,0.78,5,U,-108,-6.75"
RX,1714707,R35,TXI,N121,102,419482,E,0,0.87,0.84,5.0,U,-108.0,-6.0,True,,2026-07-13T13:48:48.282+00:00,/dev/cu.usbserial-576B0005451,"RX,1714707,R35,TXI,N121,102,419482,E,0,0.87,0.84,5,U,-108,-6.00"
RX,1714845,R35,TXA,N01,417,419627,B,1,0.2,0.18,5.0,F,-107.0,-2.75,True,,2026-07-13T13:48:48.420+00:00,/dev/cu.usbserial-576B0005451,"RX,1714845,R35,TXA,N01,417,419627,B,1,0.20,0.18,5,F,-107,-2.75"
RX,1715845,R35,TXA,N01,418,420627,C,0,0.81,0.78,5.0,F,-108.0,-3.5,True,,2026-07-13T13:48:49.420+00:00,/dev/cu.usbserial-576B0005451,"RX,1715845,R35,TXA,N01,418,420627,C,0,0.81,0.78,5,F,-108,-3.50"
RX,1716596,R35,TXE,N61,206,421383,E,0,0.87,0.84,5.0,U,-108.0,-6.0,True,,2026-07-13T13:48:50.172+00:00,/dev/cu.usbserial-576B0005451,"RX,1716596,R35,TXE,N61,206,421383,E,0,0.87,0.84,5,U,-108,-6.00"
RX,1716707,R35,TXI,N121,103,421482,G,1,0.93,0.9,5.0,U,-109.0,-6.25,True,,2026-07-13T13:48:50.282+00:00,/dev/cu.usbserial-576B0005451,"RX,1716707,R35,TXI,N121,103,421482,G,1,0.93,0.90,5,U,-109,-6.25"
RX,1716845,R35,TXA,N01,419,421627,D,1,0.24,0.22,5.0,F,-107.0,-2.25,True,,2026-07-13T13:48:50.421+00:00,/dev/cu.usbserial-576B0005451,"RX,1716845,R35,TXA,N01,419,421627,D,1,0.24,0.22,5,F,-107,-2.25"
RX,1716989,R35,TXK,N151,210,421764,E,1,0.87,0.84,5.0,U,-108.0,-6.25,True,,2026-07-13T13:48:50.564+00:00,/dev/cu.usbserial-576B0005451,"RX,1716989,R35,TXK,N151,210,421764,E,1,0.87,0.84,5,U,-108,-6.25"
RX,1717845,R35,TXA,N01,420,422627,E,1,0.87,0.84,5.0,F,-107.0,-2.0,True,,2026-07-13T13:48:51.420+00:00,/dev/cu.usbserial-576B0005451,"RX,1717845,R35,TXA,N01,420,422627,E,1,0.87,0.84,5,F,-107,-2.00"
RX,1718596,R35,TXE,N61,207,423383,G,1,0.93,0.9,5.0,U,-108.0,-5.75,True,,2026-07-13T13:48:52.172+00:00,/dev/cu.usbserial-576B0005451,"RX,1718596,R35,TXE,N61,207,423383,G,1,0.93,0.90,5,U,-108,-5.75"
RX,1718845,R35,TXA,N01,421,423627,F,0,0.28,0.26,5.0,F,-107.0,-3.25,True,,2026-07-13T13:48:52.420+00:00,/dev/cu.usbserial-576B0005451,"RX,1718845,R35,TXA,N01,421,423627,F,0,0.28,0.26,5,F,-107,-3.25"
RX,1718989,R35,TXK,N151,211,423764,G,1,0.93,0.9,5.0,U,-108.0,-5.25,True,,2026-07-13T13:48:52.564+00:00,/dev/cu.usbserial-576B0005451,"RX,1718989,R35,TXK,N151,211,423764,G,1,0.93,0.90,5,U,-108,-5.25"
RX,1719648,R35,TXD,N46,52,424431,G,1,0.93,0.9,5.0,U,-108.0,-8.75,True,,2026-07-13T13:48:53.223+00:00,/dev/cu.usbserial-576B0005451,"RX,1719648,R35,TXD,N46,52,424431,G,1,0.93,0.90,5,U,-108,-8.75"
RX,1719845,R35,TXA,N01,422,424627,G,1,0.93,0.9,5.0,F,-108.0,-4.75,True,,2026-07-13T13:48:53.420+00:00,/dev/cu.usbserial-576B0005451,"RX,1719845,R35,TXA,N01,422,424627,G,1,0.93,0.90,5,F,-108,-4.75"
RX,1720596,R35,TXE,N61,208,425383,A,1,0.75,0.72,5.0,U,-109.0,-6.5,True,,2026-07-13T13:48:54.172+00:00,/dev/cu.usbserial-576B0005451,"RX,1720596,R35,TXE,N61,208,425383,A,1,0.75,0.72,5,U,-109,-6.50"
RX,1720845,R35,TXA,N01,423,425627,H,1,0.32,0.3,5.0,F,-108.0,-4.25,True,,2026-07-13T13:48:54.420+00:00,/dev/cu.usbserial-576B0005451,"RX,1720845,R35,TXA,N01,423,425627,H,1,0.32,0.30,5,F,-108,-4.25"
RX,1720989,R35,TXK,N151,212,425764,A,0,0.75,0.72,5.0,U,-108.0,-4.75,True,,2026-07-13T13:48:54.564+00:00,/dev/cu.usbserial-576B0005451,"RX,1720989,R35,TXK,N151,212,425764,A,0,0.75,0.72,5,U,-108,-4.75"
RX,1721845,R35,TXA,N01,424,426627,A,0,0.75,0.72,5.0,F,-108.0,-4.75,True,,2026-07-13T13:48:55.420+00:00,/dev/cu.usbserial-576B0005451,"RX,1721845,R35,TXA,N01,424,426627,A,0,0.75,0.72,5,F,-108,-4.75"
RX,1722596,R35,TXE,N61,209,427383,C,0,0.81,0.78,5.0,U,-108.0,-6.5,True,,2026-07-13T13:48:56.172+00:00,/dev/cu.usbserial-576B0005451,"RX,1722596,R35,TXE,N61,209,427383,C,0,0.81,0.78,5,U,-108,-6.50"
RX,1722707,R35,TXI,N121,104,427482,E,1,0.87,0.84,5.0,U,-108.0,-6.25,True,,2026-07-13T13:48:56.282+00:00,/dev/cu.usbserial-576B0005451,"RX,1722707,R35,TXI,N121,104,427482,E,1,0.87,0.84,5,U,-108,-6.25"
RX,1722845,R35,TXA,N01,425,427627,B,1,0.2,0.18,5.0,F,-108.0,-4.5,True,,2026-07-13T13:48:56.421+00:00,/dev/cu.usbserial-576B0005451,"RX,1722845,R35,TXA,N01,425,427627,B,1,0.20,0.18,5,F,-108,-4.50"
RX,1722989,R35,TXK,N151,213,427764,C,1,0.81,0.78,5.0,U,-108.0,-4.0,True,,2026-07-13T13:48:56.564+00:00,/dev/cu.usbserial-576B0005451,"RX,1722989,R35,TXK,N151,213,427764,C,1,0.81,0.78,5,U,-108,-4.00"
RX,1723845,R35,TXA,N01,426,428627,C,1,0.81,0.78,5.0,F,-108.0,-4.5,True,,2026-07-13T13:48:57.420+00:00,/dev/cu.usbserial-576B0005451,"RX,1723845,R35,TXA,N01,426,428627,C,1,0.81,0.78,5,F,-108,-4.50"
RX,1724596,R35,TXE,N61,210,429383,E,1,0.87,0.84,5.0,U,-109.0,-7.25,True,,2026-07-13T13:48:58.172+00:00,/dev/cu.usbserial-576B0005451,"RX,1724596,R35,TXE,N61,210,429383,E,1,0.87,0.84,5,U,-109,-7.25"
RX,1724707,R35,TXI,N121,105,429482,G,1,0.93,0.9,5.0,U,-108.0,-5.0,True,,2026-07-13T13:48:58.282+00:00,/dev/cu.usbserial-576B0005451,"RX,1724707,R35,TXI,N121,105,429482,G,1,0.93,0.90,5,U,-108,-5.00"
RX,1724845,R35,TXA,N01,427,429627,D,0,0.24,0.22,5.0,F,-108.0,-4.0,True,,2026-07-13T13:48:58.420+00:00,/dev/cu.usbserial-576B0005451,"RX,1724845,R35,TXA,N01,427,429627,D,0,0.24,0.22,5,F,-108,-4.00"
RX,1724989,R35,TXK,N151,214,429764,E,1,0.87,0.84,5.0,U,-108.0,-4.25,True,,2026-07-13T13:48:58.564+00:00,/dev/cu.usbserial-576B0005451,"RX,1724989,R35,TXK,N151,214,429764,E,1,0.87,0.84,5,U,-108,-4.25"
RX,1725845,R35,TXA,N01,428,430627,E,1,0.87,0.84,5.0,F,-107.0,-4.0,True,,2026-07-13T13:48:59.420+00:00,/dev/cu.usbserial-576B0005451,"RX,1725845,R35,TXA,N01,428,430627,E,1,0.87,0.84,5,F,-107,-4.00"
RX,1726596,R35,TXE,N61,211,431383,G,1,0.93,0.9,5.0,U,-108.0,-5.25,True,,2026-07-13T13:49:00.172+00:00,/dev/cu.usbserial-576B0005451,"RX,1726596,R35,TXE,N61,211,431383,G,1,0.93,0.90,5,U,-108,-5.25"
RX,1726845,R35,TXA,N01,429,431627,F,1,0.28,0.26,5.0,F,-107.0,-3.75,True,,2026-07-13T13:49:00.420+00:00,/dev/cu.usbserial-576B0005451,"RX,1726845,R35,TXA,N01,429,431627,F,1,0.28,0.26,5,F,-107,-3.75"
RX,1726989,R35,TXK,N151,215,431764,G,0,0.93,0.9,5.0,U,-108.0,-3.5,True,,2026-07-13T13:49:00.564+00:00,/dev/cu.usbserial-576B0005451,"RX,1726989,R35,TXK,N151,215,431764,G,0,0.93,0.90,5,U,-108,-3.50"
RX,1727648,R35,TXD,N46,53,432431,G,0,0.93,0.9,5.0,U,-108.0,-8.25,True,,2026-07-13T13:49:01.223+00:00,/dev/cu.usbserial-576B0005451,"RX,1727648,R35,TXD,N46,53,432431,G,0,0.93,0.90,5,U,-108,-8.25"
RX,1727845,R35,TXA,N01,430,432627,G,0,0.93,0.9,5.0,F,-107.0,-4.75,True,,2026-07-13T13:49:01.420+00:00,/dev/cu.usbserial-576B0005451,"RX,1727845,R35,TXA,N01,430,432627,G,0,0.93,0.90,5,F,-107,-4.75"
RX,1728596,R35,TXE,N61,212,433383,A,0,0.75,0.72,5.0,U,-108.0,-6.25,True,,2026-07-13T13:49:02.172+00:00,/dev/cu.usbserial-576B0005451,"RX,1728596,R35,TXE,N61,212,433383,A,0,0.75,0.72,5,U,-108,-6.25"
RX,1728845,R35,TXA,N01,431,433627,H,1,0.32,0.3,5.0,F,-108.0,-5.0,True,,2026-07-13T13:49:02.420+00:00,/dev/cu.usbserial-576B0005451,"RX,1728845,R35,TXA,N01,431,433627,H,1,0.32,0.30,5,F,-108,-5.00"
RX,1728989,R35,TXK,N151,216,433764,A,1,0.75,0.72,5.0,U,-107.0,-5.75,True,,2026-07-13T13:49:02.564+00:00,/dev/cu.usbserial-576B0005451,"RX,1728989,R35,TXK,N151,216,433764,A,1,0.75,0.72,5,U,-107,-5.75"
RX,1729845,R35,TXA,N01,432,434627,A,1,0.75,0.72,5.0,F,-108.0,-5.5,True,,2026-07-13T13:49:03.420+00:00,/dev/cu.usbserial-576B0005451,"RX,1729845,R35,TXA,N01,432,434627,A,1,0.75,0.72,5,F,-108,-5.50"
RX,1730596,R35,TXE,N61,213,435383,C,1,0.81,0.78,5.0,U,-107.0,-6.5,True,,2026-07-13T13:49:04.172+00:00,/dev/cu.usbserial-576B0005451,"RX,1730596,R35,TXE,N61,213,435383,C,1,0.81,0.78,5,U,-107,-6.50"
RX,1730707,R35,TXI,N121,106,435482,E,1,0.87,0.84,5.0,U,-108.0,-6.25,True,,2026-07-13T13:49:04.282+00:00,/dev/cu.usbserial-576B0005451,"RX,1730707,R35,TXI,N121,106,435482,E,1,0.87,0.84,5,U,-108,-6.25"
RX,1730845,R35,TXA,N01,433,435627,B,0,0.2,0.18,5.0,F,-108.0,-6.5,True,,2026-07-13T13:49:04.420+00:00,/dev/cu.usbserial-576B0005451,"RX,1730845,R35,TXA,N01,433,435627,B,0,0.20,0.18,5,F,-108,-6.50"
RX,1730989,R35,TXK,N151,217,435764,C,1,0.81,0.78,5.0,U,-107.0,-5.0,True,,2026-07-13T13:49:04.564+00:00,/dev/cu.usbserial-576B0005451,"RX,1730989,R35,TXK,N151,217,435764,C,1,0.81,0.78,5,U,-107,-5.00"
RX,1731845,R35,TXA,N01,434,436627,C,1,0.81,0.78,5.0,F,-108.0,-5.5,True,,2026-07-13T13:49:05.420+00:00,/dev/cu.usbserial-576B0005451,"RX,1731845,R35,TXA,N01,434,436627,C,1,0.81,0.78,5,F,-108,-5.50"
RX,1732596,R35,TXE,N61,214,437383,E,1,0.87,0.84,5.0,U,-108.0,-7.0,True,,2026-07-13T13:49:06.172+00:00,/dev/cu.usbserial-576B0005451,"RX,1732596,R35,TXE,N61,214,437383,E,1,0.87,0.84,5,U,-108,-7.00"
RX,1732707,R35,TXI,N121,107,437482,G,0,0.93,0.9,5.0,U,-108.0,-6.75,True,,2026-07-13T13:49:06.282+00:00,/dev/cu.usbserial-576B0005451,"RX,1732707,R35,TXI,N121,107,437482,G,0,0.93,0.90,5,U,-108,-6.75"
RX,1732845,R35,TXA,N01,435,437627,D,1,0.24,0.22,5.0,F,-109.0,-5.75,True,,2026-07-13T13:49:06.421+00:00,/dev/cu.usbserial-576B0005451,"RX,1732845,R35,TXA,N01,435,437627,D,1,0.24,0.22,5,F,-109,-5.75"
RX,1732989,R35,TXK,N151,218,437764,E,0,0.87,0.84,5.0,U,-107.0,-5.25,True,,2026-07-13T13:49:06.566+00:00,/dev/cu.usbserial-576B0005451,"RX,1732989,R35,TXK,N151,218,437764,E,0,0.87,0.84,5,U,-107,-5.25"
RX,1733845,R35,TXA,N01,436,438627,E,0,0.87,0.84,5.0,F,-108.0,-5.25,True,,2026-07-13T13:49:07.420+00:00,/dev/cu.usbserial-576B0005451,"RX,1733845,R35,TXA,N01,436,438627,E,0,0.87,0.84,5,F,-108,-5.25"
RX,1734596,R35,TXE,N61,215,439383,G,0,0.93,0.9,5.0,U,-108.0,-5.5,True,,2026-07-13T13:49:08.172+00:00,/dev/cu.usbserial-576B0005451,"RX,1734596,R35,TXE,N61,215,439383,G,0,0.93,0.90,5,U,-108,-5.50"
RX,1734845,R35,TXA,N01,437,439627,F,1,0.28,0.26,5.0,F,-107.0,-4.75,True,,2026-07-13T13:49:08.420+00:00,/dev/cu.usbserial-576B0005451,"RX,1734845,R35,TXA,N01,437,439627,F,1,0.28,0.26,5,F,-107,-4.75"
RX,1734989,R35,TXK,N151,219,439764,G,1,0.93,0.9,5.0,U,-108.0,-4.0,True,,2026-07-13T13:49:08.564+00:00,/dev/cu.usbserial-576B0005451,"RX,1734989,R35,TXK,N151,219,439764,G,1,0.93,0.90,5,U,-108,-4.00"
RX,1735648,R35,TXD,N46,54,440431,G,1,0.93,0.9,5.0,U,-108.0,-9.0,True,,2026-07-13T13:49:09.223+00:00,/dev/cu.usbserial-576B0005451,"RX,1735648,R35,TXD,N46,54,440431,G,1,0.93,0.90,5,U,-108,-9.00"
RX,1735845,R35,TXA,N01,438,440627,G,1,0.93,0.9,5.0,F,-108.0,-4.75,True,,2026-07-13T13:49:09.420+00:00,/dev/cu.usbserial-576B0005451,"RX,1735845,R35,TXA,N01,438,440627,G,1,0.93,0.90,5,F,-108,-4.75"
RX,1736596,R35,TXE,N61,216,441383,A,1,0.75,0.72,5.0,U,-108.0,-5.5,True,,2026-07-13T13:49:10.172+00:00,/dev/cu.usbserial-576B0005451,"RX,1736596,R35,TXE,N61,216,441383,A,1,0.75,0.72,5,U,-108,-5.50"
RX,1736845,R35,TXA,N01,439,441627,H,0,0.32,0.3,5.0,F,-107.0,-3.75,True,,2026-07-13T13:49:10.420+00:00,/dev/cu.usbserial-576B0005451,"RX,1736845,R35,TXA,N01,439,441627,H,0,0.32,0.30,5,F,-107,-3.75"
RX,1736989,R35,TXK,N151,220,441764,A,1,0.75,0.72,5.0,U,-107.0,-3.75,True,,2026-07-13T13:49:10.564+00:00,/dev/cu.usbserial-576B0005451,"RX,1736989,R35,TXK,N151,220,441764,A,1,0.75,0.72,5,U,-107,-3.75"
RX,1737502,R35,TXJ,N136,53,442281,G,0,0.93,0.9,5.0,U,-109.0,-8.25,True,,2026-07-13T13:49:11.077+00:00,/dev/cu.usbserial-576B0005451,"RX,1737502,R35,TXJ,N136,53,442281,G,0,0.93,0.90,5,U,-109,-8.25"
RX,1737845,R35,TXA,N01,440,442627,A,1,0.75,0.72,5.0,F,-108.0,-5.75,True,,2026-07-13T13:49:11.420+00:00,/dev/cu.usbserial-576B0005451,"RX,1737845,R35,TXA,N01,440,442627,A,1,0.75,0.72,5,F,-108,-5.75"
RX,1738596,R35,TXE,N61,217,443383,C,1,0.81,0.78,5.0,U,-109.0,-6.0,True,,2026-07-13T13:49:12.172+00:00,/dev/cu.usbserial-576B0005451,"RX,1738596,R35,TXE,N61,217,443383,C,1,0.81,0.78,5,U,-109,-6.00"
RX,1738707,R35,TXI,N121,108,443482,E,0,0.87,0.84,5.0,U,-108.0,-7.25,True,,2026-07-13T13:49:12.282+00:00,/dev/cu.usbserial-576B0005451,"RX,1738707,R35,TXI,N121,108,443482,E,0,0.87,0.84,5,U,-108,-7.25"
RX,1738845,R35,TXA,N01,441,443627,B,1,0.2,0.18,5.0,F,-108.0,-4.75,True,,2026-07-13T13:49:12.420+00:00,/dev/cu.usbserial-576B0005451,"RX,1738845,R35,TXA,N01,441,443627,B,1,0.20,0.18,5,F,-108,-4.75"
RX,1738989,R35,TXK,N151,221,443764,C,0,0.81,0.78,5.0,U,-108.0,-5.25,True,,2026-07-13T13:49:12.564+00:00,/dev/cu.usbserial-576B0005451,"RX,1738989,R35,TXK,N151,221,443764,C,0,0.81,0.78,5,U,-108,-5.25"
RX,1739600,R35,TXC,N31,109,444385,G,1,0.93,0.9,5.0,U,-109.0,-9.5,True,,2026-07-13T13:49:13.175+00:00,/dev/cu.usbserial-576B0005451,"RX,1739600,R35,TXC,N31,109,444385,G,1,0.93,0.90,5,U,-109,-9.50"
RX,1739845,R35,TXA,N01,442,444627,C,0,0.81,0.78,5.0,F,-108.0,-5.0,True,,2026-07-13T13:49:13.420+00:00,/dev/cu.usbserial-576B0005451,"RX,1739845,R35,TXA,N01,442,444627,C,0,0.81,0.78,5,F,-108,-5.00"
RX,1740596,R35,TXE,N61,218,445383,E,0,0.87,0.84,5.0,U,-109.0,-7.75,True,,2026-07-13T13:49:14.172+00:00,/dev/cu.usbserial-576B0005451,"RX,1740596,R35,TXE,N61,218,445383,E,0,0.87,0.84,5,U,-109,-7.75"
RX,1740845,R35,TXA,N01,443,445627,D,1,0.24,0.22,5.0,F,-108.0,-5.75,True,,2026-07-13T13:49:14.420+00:00,/dev/cu.usbserial-576B0005451,"RX,1740845,R35,TXA,N01,443,445627,D,1,0.24,0.22,5,F,-108,-5.75"
RX,1740989,R35,TXK,N151,222,445764,E,1,0.87,0.84,5.0,U,-108.0,-7.0,True,,2026-07-13T13:49:14.564+00:00,/dev/cu.usbserial-576B0005451,"RX,1740989,R35,TXK,N151,222,445764,E,1,0.87,0.84,5,U,-108,-7.00"
RX,1741845,R35,TXA,N01,444,446627,E,1,0.87,0.84,5.0,F,-108.0,-4.25,True,,2026-07-13T13:49:15.421+00:00,/dev/cu.usbserial-576B0005451,"RX,1741845,R35,TXA,N01,444,446627,E,1,0.87,0.84,5,F,-108,-4.25"
RX,1742596,R35,TXE,N61,219,447383,G,1,0.93,0.9,5.0,U,-108.0,-5.25,True,,2026-07-13T13:49:16.172+00:00,/dev/cu.usbserial-576B0005451,"RX,1742596,R35,TXE,N61,219,447383,G,1,0.93,0.90,5,U,-108,-5.25"
RX,1742845,R35,TXA,N01,445,447627,F,0,0.28,0.26,5.0,F,-108.0,-4.0,True,,2026-07-13T13:49:16.421+00:00,/dev/cu.usbserial-576B0005451,"RX,1742845,R35,TXA,N01,445,447627,F,0,0.28,0.26,5,F,-108,-4.00"
RX,1742989,R35,TXK,N151,223,447764,G,1,0.93,0.9,5.0,U,-108.0,-3.75,True,,2026-07-13T13:49:16.564+00:00,/dev/cu.usbserial-576B0005451,"RX,1742989,R35,TXK,N151,223,447764,G,1,0.93,0.90,5,U,-108,-3.75"
RX,1743343,R35,TXF,N76,110,448131,E,1,0.87,0.84,5.0,U,-108.0,-8.75,True,,2026-07-13T13:49:16.918+00:00,/dev/cu.usbserial-576B0005451,"RX,1743343,R35,TXF,N76,110,448131,E,1,0.87,0.84,5,U,-108,-8.75"
RX,1743845,R35,TXA,N01,446,448627,G,1,0.93,0.9,5.0,F,-108.0,-3.75,True,,2026-07-13T13:49:17.420+00:00,/dev/cu.usbserial-576B0005451,"RX,1743845,R35,TXA,N01,446,448627,G,1,0.93,0.90,5,F,-108,-3.75"
RX,1744596,R35,TXE,N61,220,449383,A,1,0.75,0.72,5.0,U,-108.0,-5.25,True,,2026-07-13T13:49:18.172+00:00,/dev/cu.usbserial-576B0005451,"RX,1744596,R35,TXE,N61,220,449383,A,1,0.75,0.72,5,U,-108,-5.25"
RX,1744845,R35,TXA,N01,447,449627,H,1,0.32,0.3,5.0,F,-108.0,-6.5,True,,2026-07-13T13:49:18.420+00:00,/dev/cu.usbserial-576B0005451,"RX,1744845,R35,TXA,N01,447,449627,H,1,0.32,0.30,5,F,-108,-6.50"
RX,1744989,R35,TXK,N151,224,449764,A,1,0.75,0.72,5.0,U,-108.0,-5.0,True,,2026-07-13T13:49:18.567+00:00,/dev/cu.usbserial-576B0005451,"RX,1744989,R35,TXK,N151,224,449764,A,1,0.75,0.72,5,U,-108,-5.00"
RX,1745501,R35,TXJ,N136,54,450281,G,1,0.93,0.9,5.0,U,-108.0,-6.25,True,,2026-07-13T13:49:19.077+00:00,/dev/cu.usbserial-576B0005451,"RX,1745501,R35,TXJ,N136,54,450281,G,1,0.93,0.90,5,U,-108,-6.25"
RX,1745600,R35,TXC,N31,110,450385,E,1,0.87,0.84,5.0,U,-109.0,-7.5,True,,2026-07-13T13:49:19.175+00:00,/dev/cu.usbserial-576B0005451,"RX,1745600,R35,TXC,N31,110,450385,E,1,0.87,0.84,5,U,-109,-7.50"
RX,1745845,R35,TXA,N01,448,450627,A,1,0.75,0.72,5.0,F,-109.0,-5.75,True,,2026-07-13T13:49:19.420+00:00,/dev/cu.usbserial-576B0005451,"RX,1745845,R35,TXA,N01,448,450627,A,1,0.75,0.72,5,F,-109,-5.75"
RX,1746596,R35,TXE,N61,221,451383,C,0,0.81,0.78,5.0,U,-108.0,-4.5,True,,2026-07-13T13:49:20.172+00:00,/dev/cu.usbserial-576B0005451,"RX,1746596,R35,TXE,N61,221,451383,C,0,0.81,0.78,5,U,-108,-4.50"
RX,1746707,R35,TXI,N121,110,451482,E,1,0.87,0.84,5.0,U,-108.0,-4.25,True,,2026-07-13T13:49:20.282+00:00,/dev/cu.usbserial-576B0005451,"RX,1746707,R35,TXI,N121,110,451482,E,1,0.87,0.84,5,U,-108,-4.25"
RX,1746845,R35,TXA,N01,449,451627,B,0,0.2,0.18,5.0,F,-108.0,-2.25,True,,2026-07-13T13:49:20.420+00:00,/dev/cu.usbserial-576B0005451,"RX,1746845,R35,TXA,N01,449,451627,B,0,0.20,0.18,5,F,-108,-2.25"
RX,1746989,R35,TXK,N151,225,451764,C,1,0.81,0.78,5.0,U,-108.0,-5.5,True,,2026-07-13T13:49:20.564+00:00,/dev/cu.usbserial-576B0005451,"RX,1746989,R35,TXK,N151,225,451764,C,1,0.81,0.78,5,U,-108,-5.50"
RX,1747845,R35,TXA,N01,450,452627,C,1,0.81,0.78,5.0,F,-108.0,-3.75,True,,2026-07-13T13:49:21.420+00:00,/dev/cu.usbserial-576B0005451,"RX,1747845,R35,TXA,N01,450,452627,C,1,0.81,0.78,5,F,-108,-3.75"
RX,1748596,R35,TXE,N61,222,453383,E,1,0.87,0.84,5.0,U,-108.0,-6.25,True,,2026-07-13T13:49:22.174+00:00,/dev/cu.usbserial-576B0005451,"RX,1748596,R35,TXE,N61,222,453383,E,1,0.87,0.84,5,U,-108,-6.25"
RX,1748707,R35,TXI,N121,111,453482,G,1,0.93,0.9,5.0,U,-108.0,-7.75,True,,2026-07-13T13:49:22.282+00:00,/dev/cu.usbserial-576B0005451,"RX,1748707,R35,TXI,N121,111,453482,G,1,0.93,0.90,5,U,-108,-7.75"
RX,1748845,R35,TXA,N01,451,453627,D,1,0.24,0.22,5.0,F,-108.0,-5.75,True,,2026-07-13T13:49:22.420+00:00,/dev/cu.usbserial-576B0005451,"RX,1748845,R35,TXA,N01,451,453627,D,1,0.24,0.22,5,F,-108,-5.75"
RX,1748989,R35,TXK,N151,226,453764,E,0,0.87,0.84,5.0,U,-108.0,-4.0,True,,2026-07-13T13:49:22.564+00:00,/dev/cu.usbserial-576B0005451,"RX,1748989,R35,TXK,N151,226,453764,E,0,0.87,0.84,5,U,-108,-4.00"
RX,1749845,R35,TXA,N01,452,454627,E,0,0.87,0.84,5.0,F,-107.0,-2.5,True,,2026-07-13T13:49:23.420+00:00,/dev/cu.usbserial-576B0005451,"RX,1749845,R35,TXA,N01,452,454627,E,0,0.87,0.84,5,F,-107,-2.50"
RX,1750845,R35,TXA,N01,453,455627,F,1,0.28,0.26,5.0,F,-108.0,-4.75,True,,2026-07-13T13:49:24.421+00:00,/dev/cu.usbserial-576B0005451,"RX,1750845,R35,TXA,N01,453,455627,F,1,0.28,0.26,5,F,-108,-4.75"
RX,1750955,R35,TXH,N106,28,455743,G,1,0.93,0.9,5.0,U,-105.0,-1.5,True,,2026-07-13T13:49:24.530+00:00,/dev/cu.usbserial-576B0005451,"RX,1750955,R35,TXH,N106,28,455743,G,1,0.93,0.90,5,U,-105,-1.50"
RX,1751136,R35,TXL,N166,28,455917,G,1,0.93,0.9,5.0,U,-107.0,-2.25,True,,2026-07-13T13:49:24.711+00:00,/dev/cu.usbserial-576B0005451,"RX,1751136,R35,TXL,N166,28,455917,G,1,0.93,0.90,5,U,-107,-2.25"
RX,1751845,R35,TXA,N01,454,456627,G,1,0.93,0.9,5.0,F,-108.0,-5.25,True,,2026-07-13T13:49:25.420+00:00,/dev/cu.usbserial-576B0005451,"RX,1751845,R35,TXA,N01,454,456627,G,1,0.93,0.90,5,F,-108,-5.25"
RX,1752294,R35,TXG,N91,55,457081,G,1,0.93,0.9,5.0,U,-108.0,-9.0,True,,2026-07-13T13:49:25.868+00:00,/dev/cu.usbserial-576B0005451,"RX,1752294,R35,TXG,N91,55,457081,G,1,0.93,0.90,5,U,-108,-9.00"
RX,1752596,R35,TXE,N61,224,457383,A,1,0.75,0.72,5.0,U,-108.0,-5.5,True,,2026-07-13T13:49:26.171+00:00,/dev/cu.usbserial-576B0005451,"RX,1752596,R35,TXE,N61,224,457383,A,1,0.75,0.72,5,U,-108,-5.50"
RX,1752845,R35,TXA,N01,455,457627,H,0,0.32,0.3,5.0,F,-107.0,-5.25,True,,2026-07-13T13:49:26.420+00:00,/dev/cu.usbserial-576B0005451,"RX,1752845,R35,TXA,N01,455,457627,H,0,0.32,0.30,5,F,-107,-5.25"
RX,1752989,R35,TXK,N151,228,457764,A,1,0.75,0.72,5.0,U,-108.0,-6.25,True,,2026-07-13T13:49:26.564+00:00,/dev/cu.usbserial-576B0005451,"RX,1752989,R35,TXK,N151,228,457764,A,1,0.75,0.72,5,U,-108,-6.25"
RX,1753502,R35,TXJ,N136,55,458281,G,1,0.93,0.9,5.0,U,-107.0,-4.5,True,,2026-07-13T13:49:27.076+00:00,/dev/cu.usbserial-576B0005451,"RX,1753502,R35,TXJ,N136,55,458281,G,1,0.93,0.90,5,U,-107,-4.50"
RX,1753600,R35,TXC,N31,112,458385,E,0,0.87,0.84,5.0,U,-107.0,-7.25,True,,2026-07-13T13:49:27.175+00:00,/dev/cu.usbserial-576B0005451,"RX,1753600,R35,TXC,N31,112,458385,E,0,0.87,0.84,5,U,-107,-7.25"
RX,1753845,R35,TXA,N01,456,458627,A,1,0.75,0.72,5.0,F,-107.0,-5.5,True,,2026-07-13T13:49:27.420+00:00,/dev/cu.usbserial-576B0005451,"RX,1753845,R35,TXA,N01,456,458627,A,1,0.75,0.72,5,F,-107,-5.50"
RX,1754596,R35,TXE,N61,225,459383,C,1,0.81,0.78,5.0,U,-107.0,-5.0,True,,2026-07-13T13:49:28.172+00:00,/dev/cu.usbserial-576B0005451,"RX,1754596,R35,TXE,N61,225,459383,C,1,0.81,0.78,5,U,-107,-5.00"
RX,1754707,R35,TXI,N121,112,459482,E,0,0.87,0.84,5.0,U,-108.0,-8.25,True,,2026-07-13T13:49:28.282+00:00,/dev/cu.usbserial-576B0005451,"RX,1754707,R35,TXI,N121,112,459482,E,0,0.87,0.84,5,U,-108,-8.25"
RX,1755845,R35,TXA,N01,458,460627,C,0,0.81,0.78,5.0,F,-107.0,-4.75,True,,2026-07-13T13:49:29.420+00:00,/dev/cu.usbserial-576B0005451,"RX,1755845,R35,TXA,N01,458,460627,C,0,0.81,0.78,5,F,-107,-4.75"
RX,1756707,R35,TXI,N121,113,461482,G,1,0.93,0.9,5.0,U,-108.0,-8.5,True,,2026-07-13T13:49:30.282+00:00,/dev/cu.usbserial-576B0005451,"RX,1756707,R35,TXI,N121,113,461482,G,1,0.93,0.90,5,U,-108,-8.50"
RX,1756845,R35,TXA,N01,459,461627,D,1,0.24,0.22,5.0,F,-108.0,-6.0,True,,2026-07-13T13:49:30.420+00:00,/dev/cu.usbserial-576B0005451,"RX,1756845,R35,TXA,N01,459,461627,D,1,0.24,0.22,5,F,-108,-6.00"
RX,1756989,R35,TXK,N151,230,461764,E,1,0.87,0.84,5.0,U,-108.0,-7.5,True,,2026-07-13T13:49:30.564+00:00,/dev/cu.usbserial-576B0005451,"RX,1756989,R35,TXK,N151,230,461764,E,1,0.87,0.84,5,U,-108,-7.50"
RX,1757845,R35,TXA,N01,460,462627,E,1,0.87,0.84,5.0,F,-107.0,-4.0,True,,2026-07-13T13:49:31.420+00:00,/dev/cu.usbserial-576B0005451,"RX,1757845,R35,TXA,N01,460,462627,E,1,0.87,0.84,5,F,-107,-4.00"
RX,1758596,R35,TXE,N61,227,463383,G,1,0.93,0.9,5.0,U,-108.0,-6.25,True,,2026-07-13T13:49:32.171+00:00,/dev/cu.usbserial-576B0005451,"RX,1758596,R35,TXE,N61,227,463383,G,1,0.93,0.90,5,U,-108,-6.25"
RX,1758845,R35,TXA,N01,461,463627,F,0,0.28,0.26,5.0,F,-108.0,-5.5,True,,2026-07-13T13:49:32.420+00:00,/dev/cu.usbserial-576B0005451,"RX,1758845,R35,TXA,N01,461,463627,F,0,0.28,0.26,5,F,-108,-5.50"
RX,1758955,R35,TXH,N106,29,463743,G,1,0.93,0.9,5.0,U,-107.0,-4.5,True,,2026-07-13T13:49:32.530+00:00,/dev/cu.usbserial-576B0005451,"RX,1758955,R35,TXH,N106,29,463743,G,1,0.93,0.90,5,U,-107,-4.50"
RX,1759136,R35,TXL,N166,29,463917,G,1,0.93,0.9,5.0,U,-107.0,-3.25,True,,2026-07-13T13:49:32.711+00:00,/dev/cu.usbserial-576B0005451,"RX,1759136,R35,TXL,N166,29,463917,G,1,0.93,0.90,5,U,-107,-3.25"
RX,1759648,R35,TXD,N46,57,464431,G,1,0.93,0.9,5.0,U,-108.0,-7.75,True,,2026-07-13T13:49:33.223+00:00,/dev/cu.usbserial-576B0005451,"RX,1759648,R35,TXD,N46,57,464431,G,1,0.93,0.90,5,U,-108,-7.75"
RX,1759845,R35,TXA,N01,462,464627,G,1,0.93,0.9,5.0,F,-108.0,-8.25,True,,2026-07-13T13:49:33.420+00:00,/dev/cu.usbserial-576B0005451,"RX,1759845,R35,TXA,N01,462,464627,G,1,0.93,0.90,5,F,-108,-8.25"
