rx_role,recv_ms,run_id,tx_id,node_id,seq,tx_ms,region,event,priority,usefulness,stale_after,policy,rssi,snr,parse_ok,parse_error,wall_time_utc,serial_port,raw_line
RX,75206,R35,TXK,N151,0,1764,A,1,0.75,0.72,5.0,U,-66.0,9.25,True,,2026-07-09T14:19:46.771+00:00,/dev/cu.usbserial-58870137921,"RX,75206,R35,TXK,N151,0,1764,A,1,0.75,0.72,5,U,-66,9.25"
RX,76060,R35,TXA,N01,0,2627,A,1,0.75,0.72,5.0,F,-81.0,9.5,True,,2026-07-09T14:19:47.624+00:00,/dev/cu.usbserial-58870137921,"RX,76060,R35,TXA,N01,0,2627,A,1,0.75,0.72,5,F,-81,9.50"
RX,77060,R35,TXA,N01,1,3627,B,0,0.2,0.18,5.0,F,-81.0,9.5,True,,2026-07-09T14:19:48.626+00:00,/dev/cu.usbserial-58870137921,"RX,77060,R35,TXA,N01,1,3627,B,0,0.20,0.18,5,F,-81,9.50"
RX,77205,R35,TXK,N151,1,3763,C,1,0.81,0.78,5.0,U,-65.0,9.5,True,,2026-07-09T14:19:48.769+00:00,/dev/cu.usbserial-58870137921,"RX,77205,R35,TXK,N151,1,3763,C,1,0.81,0.78,5,U,-65,9.50"
RX,78060,R35,TXA,N01,2,4627,C,1,0.81,0.78,5.0,F,-82.0,10.0,True,,2026-07-09T14:19:49.624+00:00,/dev/cu.usbserial-58870137921,"RX,78060,R35,TXA,N01,2,4627,C,1,0.81,0.78,5,F,-82,10.00"
RX,78327,R35,TXB,N16,0,4893,A,1,0.75,0.72,5.0,U,-81.0,9.75,True,,2026-07-09T14:19:49.891+00:00,/dev/cu.usbserial-58870137921,"RX,78327,R35,TXB,N16,0,4893,A,1,0.75,0.72,5,U,-81,9.75"
RX,79060,R35,TXA,N01,3,5627,D,1,0.24,0.22,5.0,F,-85.0,10.0,True,,2026-07-09T14:19:50.624+00:00,/dev/cu.usbserial-58870137921,"RX,79060,R35,TXA,N01,3,5627,D,1,0.24,0.22,5,F,-85,10.00"
RX,79205,R35,TXK,N151,2,5763,E,0,0.87,0.84,5.0,U,-66.0,9.25,True,,2026-07-09T14:19:50.769+00:00,/dev/cu.usbserial-58870137921,"RX,79205,R35,TXK,N151,2,5763,E,0,0.87,0.84,5,U,-66,9.25"
RX,80060,R35,TXA,N01,4,6627,E,0,0.87,0.84,5.0,F,-83.0,10.0,True,,2026-07-09T14:19:51.624+00:00,/dev/cu.usbserial-58870137921,"RX,80060,R35,TXA,N01,4,6627,E,0,0.87,0.84,5,F,-83,10.00"
RX,80327,R35,TXB,N16,1,6893,C,1,0.81,0.78,5.0,U,-85.0,10.0,True,,2026-07-09T14:19:51.891+00:00,/dev/cu.usbserial-58870137921,"RX,80327,R35,TXB,N16,1,6893,C,1,0.81,0.78,5,U,-85,10.00"
RX,81060,R35,TXA,N01,5,7627,F,1,0.28,0.26,5.0,F,-91.0,9.75,True,,2026-07-09T14:19:52.624+00:00,/dev/cu.usbserial-58870137921,"RX,81060,R35,TXA,N01,5,7627,F,1,0.28,0.26,5,F,-91,9.75"
RX,81176,R35,TXH,N106,0,7743,G,1,0.93,0.9,5.0,U,-61.0,0.75,True,,2026-07-09T14:19:52.740+00:00,/dev/cu.usbserial-58870137921,"RX,81176,R35,TXH,N106,0,7743,G,1,0.93,0.90,5,U,-61,0.75"
RX,81359,R35,TXL,N166,0,7917,G,1,0.93,0.9,5.0,U,-74.0,9.5,True,,2026-07-09T14:19:52.923+00:00,/dev/cu.usbserial-58870137921,"RX,81359,R35,TXL,N166,0,7917,G,1,0.93,0.90,5,U,-74,9.50"
RX,81559,R35,TXF,N76,0,8131,E,0,0.87,0.84,5.0,U,-72.0,9.75,True,,2026-07-09T14:19:53.124+00:00,/dev/cu.usbserial-58870137921,"RX,81559,R35,TXF,N76,0,8131,E,0,0.87,0.84,5,U,-72,9.75"
RX,81864,R35,TXD,N46,0,8431,G,1,0.93,0.9,5.0,U,-68.0,10.25,True,,2026-07-09T14:19:53.428+00:00,/dev/cu.usbserial-58870137921,"RX,81864,R35,TXD,N46,0,8431,G,1,0.93,0.90,5,U,-68,10.25"
RX,82060,R35,TXA,N01,6,8627,G,1,0.93,0.9,5.0,F,-78.0,10.0,True,,2026-07-09T14:19:53.624+00:00,/dev/cu.usbserial-58870137921,"RX,82060,R35,TXA,N01,6,8627,G,1,0.93,0.90,5,F,-78,10.00"
RX,82326,R35,TXB,N16,2,8893,E,0,0.87,0.84,5.0,U,-83.0,11.0,True,,2026-07-09T14:19:53.891+00:00,/dev/cu.usbserial-58870137921,"RX,82326,R35,TXB,N16,2,8893,E,0,0.87,0.84,5,U,-83,11.00"
RX,82811,R35,TXE,N61,0,9382,A,1,0.75,0.72,5.0,U,-73.0,10.0,True,,2026-07-09T14:19:54.375+00:00,/dev/cu.usbserial-58870137921,"RX,82811,R35,TXE,N61,0,9382,A,1,0.75,0.72,5,U,-73,10.00"
RX,83060,R35,TXA,N01,7,9627,H,0,0.32,0.3,5.0,F,-83.0,10.25,True,,2026-07-09T14:19:54.624+00:00,/dev/cu.usbserial-58870137921,"RX,83060,R35,TXA,N01,7,9627,H,0,0.32,0.30,5,F,-83,10.25"
RX,83205,R35,TXK,N151,4,9763,A,1,0.75,0.72,5.0,U,-66.0,9.25,True,,2026-07-09T14:19:54.769+00:00,/dev/cu.usbserial-58870137921,"RX,83205,R35,TXK,N151,4,9763,A,1,0.75,0.72,5,U,-66,9.25"
RX,83564,R35,TXF,N76,1,10131,G,1,0.93,0.9,5.0,U,-72.0,9.0,True,,2026-07-09T14:19:55.128+00:00,/dev/cu.usbserial-58870137921,"RX,83564,R35,TXF,N76,1,10131,G,1,0.93,0.90,5,U,-72,9.00"
RX,83819,R35,TXC,N31,0,10381,E,0,0.87,0.84,5.0,U,-83.0,9.75,True,,2026-07-09T14:19:55.383+00:00,/dev/cu.usbserial-58870137921,"RX,83819,R35,TXC,N31,0,10381,E,0,0.87,0.84,5,U,-83,9.75"
RX,84065,R35,TXA,N01,8,10627,A,1,0.75,0.72,5.0,F,-82.0,9.5,True,,2026-07-09T14:19:55.629+00:00,/dev/cu.usbserial-58870137921,"RX,84065,R35,TXA,N01,8,10627,A,1,0.75,0.72,5,F,-82,9.50"
RX,84332,R35,TXB,N16,3,10893,G,1,0.93,0.9,5.0,U,-84.0,9.75,True,,2026-07-09T14:19:55.896+00:00,/dev/cu.usbserial-58870137921,"RX,84332,R35,TXB,N16,3,10893,G,1,0.93,0.90,5,U,-84,9.75"
RX,84815,R35,TXE,N61,1,11382,C,1,0.81,0.78,5.0,U,-74.0,9.75,True,,2026-07-09T14:19:56.380+00:00,/dev/cu.usbserial-58870137921,"RX,84815,R35,TXE,N61,1,11382,C,1,0.81,0.78,5,U,-74,9.75"
RX,84923,R35,TXI,N121,0,11481,E,0,0.87,0.84,5.0,U,-72.0,10.0,True,,2026-07-09T14:19:56.488+00:00,/dev/cu.usbserial-58870137921,"RX,84923,R35,TXI,N121,0,11481,E,0,0.87,0.84,5,U,-72,10.00"
RX,85065,R35,TXA,N01,9,11627,B,1,0.2,0.18,5.0,F,-80.0,10.5,True,,2026-07-09T14:19:56.629+00:00,/dev/cu.usbserial-58870137921,"RX,85065,R35,TXA,N01,9,11627,B,1,0.20,0.18,5,F,-80,10.50"
RX,85205,R35,TXK,N151,5,11763,C,0,0.81,0.78,5.0,U,-65.0,9.5,True,,2026-07-09T14:19:56.769+00:00,/dev/cu.usbserial-58870137921,"RX,85205,R35,TXK,N151,5,11763,C,0,0.81,0.78,5,U,-65,9.50"
RX,85819,R35,TXC,N31,1,12381,G,1,0.93,0.9,5.0,U,-75.0,9.0,True,,2026-07-09T14:19:57.383+00:00,/dev/cu.usbserial-58870137921,"RX,85819,R35,TXC,N31,1,12381,G,1,0.93,0.90,5,U,-75,9.00"
RX,86065,R35,TXA,N01,10,12627,C,0,0.81,0.78,5.0,F,-82.0,10.5,True,,2026-07-09T14:19:57.629+00:00,/dev/cu.usbserial-58870137921,"RX,86065,R35,TXA,N01,10,12627,C,0,0.81,0.78,5,F,-82,10.50"
RX,86332,R35,TXB,N16,4,12893,A,1,0.75,0.72,5.0,U,-85.0,9.25,True,,2026-07-09T14:19:57.896+00:00,/dev/cu.usbserial-58870137921,"RX,86332,R35,TXB,N16,4,12893,A,1,0.75,0.72,5,U,-85,9.25"
RX,86815,R35,TXE,N61,2,13382,E,0,0.87,0.84,5.0,U,-74.0,9.5,True,,2026-07-09T14:19:58.379+00:00,/dev/cu.usbserial-58870137921,"RX,86815,R35,TXE,N61,2,13382,E,0,0.87,0.84,5,U,-74,9.50"
RX,86923,R35,TXI,N121,1,13481,G,1,0.93,0.9,5.0,U,-71.0,9.75,True,,2026-07-09T14:19:58.487+00:00,/dev/cu.usbserial-58870137921,"RX,86923,R35,TXI,N121,1,13481,G,1,0.93,0.90,5,U,-71,9.75"
RX,87065,R35,TXA,N01,11,13627,D,1,0.24,0.22,5.0,F,-82.0,9.75,True,,2026-07-09T14:19:58.629+00:00,/dev/cu.usbserial-58870137921,"RX,87065,R35,TXA,N01,11,13627,D,1,0.24,0.22,5,F,-82,9.75"
RX,87205,R35,TXK,N151,6,13763,E,1,0.87,0.84,5.0,U,-64.0,9.25,True,,2026-07-09T14:19:58.770+00:00,/dev/cu.usbserial-58870137921,"RX,87205,R35,TXK,N151,6,13763,E,1,0.87,0.84,5,U,-64,9.25"
RX,88065,R35,TXA,N01,12,14627,E,1,0.87,0.84,5.0,F,-81.0,9.75,True,,2026-07-09T14:19:59.629+00:00,/dev/cu.usbserial-58870137921,"RX,88065,R35,TXA,N01,12,14627,E,1,0.87,0.84,5,F,-81,9.75"
RX,88332,R35,TXB,N16,5,14893,C,0,0.81,0.78,5.0,U,-84.0,10.0,True,,2026-07-09T14:19:59.896+00:00,/dev/cu.usbserial-58870137921,"RX,88332,R35,TXB,N16,5,14893,C,0,0.81,0.78,5,U,-84,10.00"
RX,88815,R35,TXE,N61,3,15382,G,1,0.93,0.9,5.0,U,-75.0,9.5,True,,2026-07-09T14:20:00.380+00:00,/dev/cu.usbserial-58870137921,"RX,88815,R35,TXE,N61,3,15382,G,1,0.93,0.90,5,U,-75,9.50"
RX,89065,R35,TXA,N01,13,15627,F,0,0.28,0.26,5.0,F,-81.0,9.5,True,,2026-07-09T14:20:00.629+00:00,/dev/cu.usbserial-58870137921,"RX,89065,R35,TXA,N01,13,15627,F,0,0.28,0.26,5,F,-81,9.50"
RX,89359,R35,TXL,N166,1,15917,G,1,0.93,0.9,5.0,U,-78.0,9.75,True,,2026-07-09T14:20:00.923+00:00,/dev/cu.usbserial-58870137921,"RX,89359,R35,TXL,N166,1,15917,G,1,0.93,0.90,5,U,-78,9.75"
RX,89564,R35,TXF,N76,2,16131,E,1,0.87,0.84,5.0,U,-73.0,9.5,True,,2026-07-09T14:20:01.128+00:00,/dev/cu.usbserial-58870137921,"RX,89564,R35,TXF,N76,2,16131,E,1,0.87,0.84,5,U,-73,9.50"
RX,89868,R35,TXD,N46,1,16431,G,1,0.93,0.9,5.0,U,-70.0,9.5,True,,2026-07-09T14:20:01.433+00:00,/dev/cu.usbserial-58870137921,"RX,89868,R35,TXD,N46,1,16431,G,1,0.93,0.90,5,U,-70,9.50"
RX,90065,R35,TXA,N01,14,16627,G,1,0.93,0.9,5.0,F,-82.0,10.0,True,,2026-07-09T14:20:01.629+00:00,/dev/cu.usbserial-58870137921,"RX,90065,R35,TXA,N01,14,16627,G,1,0.93,0.90,5,F,-82,10.00"
RX,90332,R35,TXB,N16,6,16893,E,1,0.87,0.84,5.0,U,-84.0,9.75,True,,2026-07-09T14:20:01.896+00:00,/dev/cu.usbserial-58870137921,"RX,90332,R35,TXB,N16,6,16893,E,1,0.87,0.84,5,U,-84,9.75"
RX,90513,R35,TXG,N91,0,17080,G,1,0.93,0.9,5.0,U,-82.0,9.5,True,,2026-07-09T14:20:02.078+00:00,/dev/cu.usbserial-58870137921,"RX,90513,R35,TXG,N91,0,17080,G,1,0.93,0.90,5,U,-82,9.50"
RX,90815,R35,TXE,N61,4,17382,A,1,0.75,0.72,5.0,U,-74.0,10.0,True,,2026-07-09T14:20:02.380+00:00,/dev/cu.usbserial-58870137921,"RX,90815,R35,TXE,N61,4,17382,A,1,0.75,0.72,5,U,-74,10.00"
RX,91065,R35,TXA,N01,15,17627,H,1,0.32,0.3,5.0,F,-83.0,9.75,True,,2026-07-09T14:20:02.629+00:00,/dev/cu.usbserial-58870137921,"RX,91065,R35,TXA,N01,15,17627,H,1,0.32,0.30,5,F,-83,9.75"
RX,91205,R35,TXK,N151,8,17763,A,0,0.75,0.72,5.0,U,-65.0,9.0,True,,2026-07-09T14:20:02.769+00:00,/dev/cu.usbserial-58870137921,"RX,91205,R35,TXK,N151,8,17763,A,0,0.75,0.72,5,U,-65,9.00"
RX,91564,R35,TXF,N76,3,18131,G,1,0.93,0.9,5.0,U,-73.0,9.75,True,,2026-07-09T14:20:03.128+00:00,/dev/cu.usbserial-58870137921,"RX,91564,R35,TXF,N76,3,18131,G,1,0.93,0.90,5,U,-73,9.75"
RX,91722,R35,TXJ,N136,0,18280,G,1,0.93,0.9,5.0,U,-71.0,9.75,True,,2026-07-09T14:20:03.286+00:00,/dev/cu.usbserial-58870137921,"RX,91722,R35,TXJ,N136,0,18280,G,1,0.93,0.90,5,U,-71,9.75"
RX,91818,R35,TXC,N31,2,18381,E,1,0.87,0.84,5.0,U,-80.0,10.0,True,,2026-07-09T14:20:03.382+00:00,/dev/cu.usbserial-58870137921,"RX,91818,R35,TXC,N31,2,18381,E,1,0.87,0.84,5,U,-80,10.00"
RX,92065,R35,TXA,N01,16,18627,A,0,0.75,0.72,5.0,F,-82.0,10.0,True,,2026-07-09T14:20:03.629+00:00,/dev/cu.usbserial-58870137921,"RX,92065,R35,TXA,N01,16,18627,A,0,0.75,0.72,5,F,-82,10.00"
RX,92332,R35,TXB,N16,7,18893,G,1,0.93,0.9,5.0,U,-84.0,9.5,True,,2026-07-09T14:20:03.895+00:00,/dev/cu.usbserial-58870137921,"RX,92332,R35,TXB,N16,7,18893,G,1,0.93,0.90,5,U,-84,9.50"
RX,92815,R35,TXE,N61,5,19382,C,0,0.81,0.78,5.0,U,-74.0,9.5,True,,2026-07-09T14:20:04.379+00:00,/dev/cu.usbserial-58870137921,"RX,92815,R35,TXE,N61,5,19382,C,0,0.81,0.78,5,U,-74,9.50"
RX,92923,R35,TXI,N121,2,19481,E,1,0.87,0.84,5.0,U,-72.0,10.0,True,,2026-07-09T14:20:04.487+00:00,/dev/cu.usbserial-58870137921,"RX,92923,R35,TXI,N121,2,19481,E,1,0.87,0.84,5,U,-72,10.00"
RX,93065,R35,TXA,N01,17,19627,B,1,0.2,0.18,5.0,F,-83.0,10.0,True,,2026-07-09T14:20:04.629+00:00,/dev/cu.usbserial-58870137921,"RX,93065,R35,TXA,N01,17,19627,B,1,0.20,0.18,5,F,-83,10.00"
RX,93205,R35,TXK,N151,9,19763,C,1,0.81,0.78,5.0,U,-64.0,9.25,True,,2026-07-09T14:20:04.769+00:00,/dev/cu.usbserial-58870137921,"RX,93205,R35,TXK,N151,9,19763,C,1,0.81,0.78,5,U,-64,9.25"
RX,93818,R35,TXC,N31,3,20381,G,1,0.93,0.9,5.0,U,-78.0,9.25,True,,2026-07-09T14:20:05.383+00:00,/dev/cu.usbserial-58870137921,"RX,93818,R35,TXC,N31,3,20381,G,1,0.93,0.90,5,U,-78,9.25"
RX,94065,R35,TXA,N01,18,20627,C,1,0.81,0.78,5.0,F,-83.0,9.75,True,,2026-07-09T14:20:05.629+00:00,/dev/cu.usbserial-58870137921,"RX,94065,R35,TXA,N01,18,20627,C,1,0.81,0.78,5,F,-83,9.75"
RX,94332,R35,TXB,N16,8,20893,A,0,0.75,0.72,5.0,U,-84.0,9.75,True,,2026-07-09T14:20:05.895+00:00,/dev/cu.usbserial-58870137921,"RX,94332,R35,TXB,N16,8,20893,A,0,0.75,0.72,5,U,-84,9.75"
RX,94815,R35,TXE,N61,6,21382,E,1,0.87,0.84,5.0,U,-76.0,9.75,True,,2026-07-09T14:20:06.379+00:00,/dev/cu.usbserial-58870137921,"RX,94815,R35,TXE,N61,6,21382,E,1,0.87,0.84,5,U,-76,9.75"
RX,94923,R35,TXI,N121,3,21481,G,1,0.93,0.9,5.0,U,-72.0,9.5,True,,2026-07-09T14:20:06.487+00:00,/dev/cu.usbserial-58870137921,"RX,94923,R35,TXI,N121,3,21481,G,1,0.93,0.90,5,U,-72,9.50"
RX,95065,R35,TXA,N01,19,21627,D,0,0.24,0.22,5.0,F,-82.0,9.75,True,,2026-07-09T14:20:06.629+00:00,/dev/cu.usbserial-58870137921,"RX,95065,R35,TXA,N01,19,21627,D,0,0.24,0.22,5,F,-82,9.75"
RX,95205,R35,TXK,N151,10,21763,E,1,0.87,0.84,5.0,U,-65.0,9.75,True,,2026-07-09T14:20:06.769+00:00,/dev/cu.usbserial-58870137921,"RX,95205,R35,TXK,N151,10,21763,E,1,0.87,0.84,5,U,-65,9.75"
RX,96065,R35,TXA,N01,20,22627,E,1,0.87,0.84,5.0,F,-79.0,10.0,True,,2026-07-09T14:20:07.629+00:00,/dev/cu.usbserial-58870137921,"RX,96065,R35,TXA,N01,20,22627,E,1,0.87,0.84,5,F,-79,10.00"
RX,96331,R35,TXB,N16,9,22893,C,1,0.81,0.78,5.0,U,-84.0,9.5,True,,2026-07-09T14:20:07.895+00:00,/dev/cu.usbserial-58870137921,"RX,96331,R35,TXB,N16,9,22893,C,1,0.81,0.78,5,U,-84,9.50"
RX,96815,R35,TXE,N61,7,23382,G,1,0.93,0.9,5.0,U,-75.0,9.75,True,,2026-07-09T14:20:08.379+00:00,/dev/cu.usbserial-58870137921,"RX,96815,R35,TXE,N61,7,23382,G,1,0.93,0.90,5,U,-75,9.75"
RX,97065,R35,TXA,N01,21,23627,F,1,0.28,0.26,5.0,F,-82.0,9.75,True,,2026-07-09T14:20:08.629+00:00,/dev/cu.usbserial-58870137921,"RX,97065,R35,TXA,N01,21,23627,F,1,0.28,0.26,5,F,-82,9.75"
RX,97359,R35,TXL,N166,2,23917,G,0,0.93,0.9,5.0,U,-80.0,9.75,True,,2026-07-09T14:20:08.923+00:00,/dev/cu.usbserial-58870137921,"RX,97359,R35,TXL,N166,2,23917,G,0,0.93,0.90,5,U,-80,9.75"
RX,97564,R35,TXF,N76,4,24131,E,1,0.87,0.84,5.0,U,-72.0,9.75,True,,2026-07-09T14:20:09.128+00:00,/dev/cu.usbserial-58870137921,"RX,97564,R35,TXF,N76,4,24131,E,1,0.87,0.84,5,U,-72,9.75"
RX,97868,R35,TXD,N46,2,24431,G,0,0.93,0.9,5.0,U,-72.0,9.25,True,,2026-07-09T14:20:09.432+00:00,/dev/cu.usbserial-58870137921,"RX,97868,R35,TXD,N46,2,24431,G,0,0.93,0.90,5,U,-72,9.25"
RX,98065,R35,TXA,N01,22,24627,G,0,0.93,0.9,5.0,F,-81.0,10.0,True,,2026-07-09T14:20:09.629+00:00,/dev/cu.usbserial-58870137921,"RX,98065,R35,TXA,N01,22,24627,G,0,0.93,0.90,5,F,-81,10.00"
RX,98332,R35,TXB,N16,10,24893,E,1,0.87,0.84,5.0,U,-85.0,10.0,True,,2026-07-09T14:20:09.896+00:00,/dev/cu.usbserial-58870137921,"RX,98332,R35,TXB,N16,10,24893,E,1,0.87,0.84,5,U,-85,10.00"
RX,98513,R35,TXG,N91,1,25080,G,1,0.93,0.9,5.0,U,-72.0,9.75,True,,2026-07-09T14:20:10.077+00:00,/dev/cu.usbserial-58870137921,"RX,98513,R35,TXG,N91,1,25080,G,1,0.93,0.90,5,U,-72,9.75"
RX,98815,R35,TXE,N61,8,25382,A,0,0.75,0.72,5.0,U,-75.0,9.25,True,,2026-07-09T14:20:10.380+00:00,/dev/cu.usbserial-58870137921,"RX,98815,R35,TXE,N61,8,25382,A,0,0.75,0.72,5,U,-75,9.25"
RX,99065,R35,TXA,N01,23,25627,H,1,0.32,0.3,5.0,F,-81.0,9.5,True,,2026-07-09T14:20:10.628+00:00,/dev/cu.usbserial-58870137921,"RX,99065,R35,TXA,N01,23,25627,H,1,0.32,0.30,5,F,-81,9.50"
RX,99205,R35,TXK,N151,12,25763,A,1,0.75,0.72,5.0,U,-67.0,9.25,True,,2026-07-09T14:20:10.772+00:00,/dev/cu.usbserial-58870137921,"RX,99205,R35,TXK,N151,12,25763,A,1,0.75,0.72,5,U,-67,9.25"
RX,99564,R35,TXF,N76,5,26131,G,0,0.93,0.9,5.0,U,-73.0,9.5,True,,2026-07-09T14:20:11.128+00:00,/dev/cu.usbserial-58870137921,"RX,99564,R35,TXF,N76,5,26131,G,0,0.93,0.90,5,U,-73,9.50"
RX,99722,R35,TXJ,N136,1,26280,G,1,0.93,0.9,5.0,U,-71.0,9.5,True,,2026-07-09T14:20:11.285+00:00,/dev/cu.usbserial-58870137921,"RX,99722,R35,TXJ,N136,1,26280,G,1,0.93,0.90,5,U,-71,9.50"
RX,99818,R35,TXC,N31,4,26381,E,1,0.87,0.84,5.0,U,-73.0,9.75,True,,2026-07-09T14:20:11.382+00:00,/dev/cu.usbserial-58870137921,"RX,99818,R35,TXC,N31,4,26381,E,1,0.87,0.84,5,U,-73,9.75"
RX,100065,R35,TXA,N01,24,26627,A,1,0.75,0.72,5.0,F,-81.0,9.5,True,,2026-07-09T14:20:11.629+00:00,/dev/cu.usbserial-58870137921,"RX,100065,R35,TXA,N01,24,26627,A,1,0.75,0.72,5,F,-81,9.50"
RX,100332,R35,TXB,N16,11,26893,G,0,0.93,0.9,5.0,U,-84.0,10.5,True,,2026-07-09T14:20:11.895+00:00,/dev/cu.usbserial-58870137921,"RX,100332,R35,TXB,N16,11,26893,G,0,0.93,0.90,5,U,-84,10.50"
RX,100815,R35,TXE,N61,9,27382,C,1,0.81,0.78,5.0,U,-75.0,9.25,True,,2026-07-09T14:20:12.379+00:00,/dev/cu.usbserial-58870137921,"RX,100815,R35,TXE,N61,9,27382,C,1,0.81,0.78,5,U,-75,9.25"
RX,100923,R35,TXI,N121,4,27481,E,1,0.87,0.84,5.0,U,-73.0,10.75,True,,2026-07-09T14:20:12.487+00:00,/dev/cu.usbserial-58870137921,"RX,100923,R35,TXI,N121,4,27481,E,1,0.87,0.84,5,U,-73,10.75"
RX,101065,R35,TXA,N01,25,27627,B,0,0.2,0.18,5.0,F,-81.0,10.0,True,,2026-07-09T14:20:12.629+00:00,/dev/cu.usbserial-58870137921,"RX,101065,R35,TXA,N01,25,27627,B,0,0.20,0.18,5,F,-81,10.00"
RX,101205,R35,TXK,N151,13,27763,C,1,0.81,0.78,5.0,U,-66.0,10.0,True,,2026-07-09T14:20:12.769+00:00,/dev/cu.usbserial-58870137921,"RX,101205,R35,TXK,N151,13,27763,C,1,0.81,0.78,5,U,-66,10.00"
RX,101818,R35,TXC,N31,5,28381,G,0,0.93,0.9,5.0,U,-73.0,9.5,True,,2026-07-09T14:20:13.382+00:00,/dev/cu.usbserial-58870137921,"RX,101818,R35,TXC,N31,5,28381,G,0,0.93,0.90,5,U,-73,9.50"
RX,102065,R35,TXA,N01,26,28627,C,1,0.81,0.78,5.0,F,-82.0,10.0,True,,2026-07-09T14:20:13.629+00:00,/dev/cu.usbserial-58870137921,"RX,102065,R35,TXA,N01,26,28627,C,1,0.81,0.78,5,F,-82,10.00"
RX,102332,R35,TXB,N16,12,28893,A,1,0.75,0.72,5.0,U,-85.0,9.75,True,,2026-07-09T14:20:13.895+00:00,/dev/cu.usbserial-58870137921,"RX,102332,R35,TXB,N16,12,28893,A,1,0.75,0.72,5,U,-85,9.75"
RX,102815,R35,TXE,N61,10,29382,E,1,0.87,0.84,5.0,U,-75.0,9.75,True,,2026-07-09T14:20:14.379+00:00,/dev/cu.usbserial-58870137921,"RX,102815,R35,TXE,N61,10,29382,E,1,0.87,0.84,5,U,-75,9.75"
RX,102923,R35,TXI,N121,5,29481,G,0,0.93,0.9,5.0,U,-68.0,7.0,True,,2026-07-09T14:20:14.487+00:00,/dev/cu.usbserial-58870137921,"RX,102923,R35,TXI,N121,5,29481,G,0,0.93,0.90,5,U,-68,7.00"
RX,103065,R35,TXA,N01,27,29627,D,1,0.24,0.22,5.0,F,-81.0,9.75,True,,2026-07-09T14:20:14.629+00:00,/dev/cu.usbserial-58870137921,"RX,103065,R35,TXA,N01,27,29627,D,1,0.24,0.22,5,F,-81,9.75"
RX,103205,R35,TXK,N151,14,29763,E,0,0.87,0.84,5.0,U,-67.0,9.75,True,,2026-07-09T14:20:14.769+00:00,/dev/cu.usbserial-58870137921,"RX,103205,R35,TXK,N151,14,29763,E,0,0.87,0.84,5,U,-67,9.75"
RX,104065,R35,TXA,N01,28,30627,E,0,0.87,0.84,5.0,F,-81.0,9.25,True,,2026-07-09T14:20:15.629+00:00,/dev/cu.usbserial-58870137921,"RX,104065,R35,TXA,N01,28,30627,E,0,0.87,0.84,5,F,-81,9.25"
RX,104332,R35,TXB,N16,13,30893,C,1,0.81,0.78,5.0,U,-83.0,10.5,True,,2026-07-09T14:20:15.896+00:00,/dev/cu.usbserial-58870137921,"RX,104332,R35,TXB,N16,13,30893,C,1,0.81,0.78,5,U,-83,10.50"
RX,104815,R35,TXE,N61,11,31382,G,0,0.93,0.9,5.0,U,-75.0,9.75,True,,2026-07-09T14:20:16.379+00:00,/dev/cu.usbserial-58870137921,"RX,104815,R35,TXE,N61,11,31382,G,0,0.93,0.90,5,U,-75,9.75"
RX,105065,R35,TXA,N01,29,31627,F,1,0.28,0.26,5.0,F,-81.0,9.75,True,,2026-07-09T14:20:16.629+00:00,/dev/cu.usbserial-58870137921,"RX,105065,R35,TXA,N01,29,31627,F,1,0.28,0.26,5,F,-81,9.75"
RX,105359,R35,TXL,N166,3,31917,G,1,0.93,0.9,5.0,U,-79.0,10.0,True,,2026-07-09T14:20:16.923+00:00,/dev/cu.usbserial-58870137921,"RX,105359,R35,TXL,N166,3,31917,G,1,0.93,0.90,5,U,-79,10.00"
RX,105564,R35,TXF,N76,6,32131,E,0,0.87,0.84,5.0,U,-73.0,9.75,True,,2026-07-09T14:20:17.128+00:00,/dev/cu.usbserial-58870137921,"RX,105564,R35,TXF,N76,6,32131,E,0,0.87,0.84,5,U,-73,9.75"
RX,105868,R35,TXD,N46,3,32431,G,1,0.93,0.9,5.0,U,-72.0,9.25,True,,2026-07-09T14:20:17.432+00:00,/dev/cu.usbserial-58870137921,"RX,105868,R35,TXD,N46,3,32431,G,1,0.93,0.90,5,U,-72,9.25"
RX,106065,R35,TXA,N01,30,32627,G,1,0.93,0.9,5.0,F,-81.0,9.5,True,,2026-07-09T14:20:17.629+00:00,/dev/cu.usbserial-58870137921,"RX,106065,R35,TXA,N01,30,32627,G,1,0.93,0.90,5,F,-81,9.50"
RX,106332,R35,TXB,N16,14,32893,E,0,0.87,0.84,5.0,U,-86.0,9.75,True,,2026-07-09T14:20:17.896+00:00,/dev/cu.usbserial-58870137921,"RX,106332,R35,TXB,N16,14,32893,E,0,0.87,0.84,5,U,-86,9.75"
RX,106513,R35,TXG,N91,2,33080,G,0,0.93,0.9,5.0,U,-79.0,9.5,True,,2026-07-09T14:20:18.077+00:00,/dev/cu.usbserial-58870137921,"RX,106513,R35,TXG,N91,2,33080,G,0,0.93,0.90,5,U,-79,9.50"
RX,106815,R35,TXE,N61,12,33382,A,1,0.75,0.72,5.0,U,-76.0,9.75,True,,2026-07-09T14:20:18.379+00:00,/dev/cu.usbserial-58870137921,"RX,106815,R35,TXE,N61,12,33382,A,1,0.75,0.72,5,U,-76,9.75"
RX,107065,R35,TXA,N01,31,33627,H,0,0.32,0.3,5.0,F,-81.0,10.0,True,,2026-07-09T14:20:18.629+00:00,/dev/cu.usbserial-58870137921,"RX,107065,R35,TXA,N01,31,33627,H,0,0.32,0.30,5,F,-81,10.00"
RX,107205,R35,TXK,N151,16,33763,A,1,0.75,0.72,5.0,U,-64.0,9.0,True,,2026-07-09T14:20:18.769+00:00,/dev/cu.usbserial-58870137921,"RX,107205,R35,TXK,N151,16,33763,A,1,0.75,0.72,5,U,-64,9.00"
RX,107564,R35,TXF,N76,7,34131,G,1,0.93,0.9,5.0,U,-72.0,9.25,True,,2026-07-09T14:20:19.128+00:00,/dev/cu.usbserial-58870137921,"RX,107564,R35,TXF,N76,7,34131,G,1,0.93,0.90,5,U,-72,9.25"
RX,107722,R35,TXJ,N136,2,34280,G,0,0.93,0.9,5.0,U,-73.0,9.75,True,,2026-07-09T14:20:19.286+00:00,/dev/cu.usbserial-58870137921,"RX,107722,R35,TXJ,N136,2,34280,G,0,0.93,0.90,5,U,-73,9.75"
RX,107818,R35,TXC,N31,6,34381,E,0,0.87,0.84,5.0,U,-76.0,9.0,True,,2026-07-09T14:20:19.382+00:00,/dev/cu.usbserial-58870137921,"RX,107818,R35,TXC,N31,6,34381,E,0,0.87,0.84,5,U,-76,9.00"
RX,108065,R35,TXA,N01,32,34627,A,1,0.75,0.72,5.0,F,-88.0,9.5,True,,2026-07-09T14:20:19.629+00:00,/dev/cu.usbserial-58870137921,"RX,108065,R35,TXA,N01,32,34627,A,1,0.75,0.72,5,F,-88,9.50"
RX,108332,R35,TXB,N16,15,34893,G,1,0.93,0.9,5.0,U,-84.0,10.25,True,,2026-07-09T14:20:19.896+00:00,/dev/cu.usbserial-58870137921,"RX,108332,R35,TXB,N16,15,34893,G,1,0.93,0.90,5,U,-84,10.25"
RX,108815,R35,TXE,N61,13,35382,C,1,0.81,0.78,5.0,U,-75.0,9.5,True,,2026-07-09T14:20:20.379+00:00,/dev/cu.usbserial-58870137921,"RX,108815,R35,TXE,N61,13,35382,C,1,0.81,0.78,5,U,-75,9.50"
RX,108923,R35,TXI,N121,6,35481,E,0,0.87,0.84,5.0,U,-71.0,10.75,True,,2026-07-09T14:20:20.487+00:00,/dev/cu.usbserial-58870137921,"RX,108923,R35,TXI,N121,6,35481,E,0,0.87,0.84,5,U,-71,10.75"
RX,109065,R35,TXA,N01,33,35627,B,1,0.2,0.18,5.0,F,-82.0,9.75,True,,2026-07-09T14:20:20.629+00:00,/dev/cu.usbserial-58870137921,"RX,109065,R35,TXA,N01,33,35627,B,1,0.20,0.18,5,F,-82,9.75"
RX,109205,R35,TXK,N151,17,35763,C,0,0.81,0.78,5.0,U,-65.0,9.75,True,,2026-07-09T14:20:20.769+00:00,/dev/cu.usbserial-58870137921,"RX,109205,R35,TXK,N151,17,35763,C,0,0.81,0.78,5,U,-65,9.75"
RX,109818,R35,TXC,N31,7,36381,G,1,0.93,0.9,5.0,U,-77.0,9.5,True,,2026-07-09T14:20:21.383+00:00,/dev/cu.usbserial-58870137921,"RX,109818,R35,TXC,N31,7,36381,G,1,0.93,0.90,5,U,-77,9.50"
RX,110065,R35,TXA,N01,34,36627,C,0,0.81,0.78,5.0,F,-80.0,10.75,True,,2026-07-09T14:20:21.629+00:00,/dev/cu.usbserial-58870137921,"RX,110065,R35,TXA,N01,34,36627,C,0,0.81,0.78,5,F,-80,10.75"
RX,110332,R35,TXB,N16,16,36893,A,1,0.75,0.72,5.0,U,-85.0,10.0,True,,2026-07-09T14:20:21.896+00:00,/dev/cu.usbserial-58870137921,"RX,110332,R35,TXB,N16,16,36893,A,1,0.75,0.72,5,U,-85,10.00"
RX,110815,R35,TXE,N61,14,37382,E,0,0.87,0.84,5.0,U,-74.0,10.25,True,,2026-07-09T14:20:22.379+00:00,/dev/cu.usbserial-58870137921,"RX,110815,R35,TXE,N61,14,37382,E,0,0.87,0.84,5,U,-74,10.25"
RX,110923,R35,TXI,N121,7,37481,G,1,0.93,0.9,5.0,U,-72.0,10.0,True,,2026-07-09T14:20:22.487+00:00,/dev/cu.usbserial-58870137921,"RX,110923,R35,TXI,N121,7,37481,G,1,0.93,0.90,5,U,-72,10.00"
RX,111065,R35,TXA,N01,35,37627,D,1,0.24,0.22,5.0,F,-82.0,9.5,True,,2026-07-09T14:20:22.629+00:00,/dev/cu.usbserial-58870137921,"RX,111065,R35,TXA,N01,35,37627,D,1,0.24,0.22,5,F,-82,9.50"
RX,111205,R35,TXK,N151,18,37763,E,1,0.87,0.84,5.0,U,-65.0,9.25,True,,2026-07-09T14:20:22.769+00:00,/dev/cu.usbserial-58870137921,"RX,111205,R35,TXK,N151,18,37763,E,1,0.87,0.84,5,U,-65,9.25"
RX,112065,R35,TXA,N01,36,38627,E,1,0.87,0.84,5.0,F,-79.0,10.25,True,,2026-07-09T14:20:23.629+00:00,/dev/cu.usbserial-58870137921,"RX,112065,R35,TXA,N01,36,38627,E,1,0.87,0.84,5,F,-79,10.25"
RX,112332,R35,TXB,N16,17,38893,C,0,0.81,0.78,5.0,U,-84.0,9.75,True,,2026-07-09T14:20:23.896+00:00,/dev/cu.usbserial-58870137921,"RX,112332,R35,TXB,N16,17,38893,C,0,0.81,0.78,5,U,-84,9.75"
RX,112815,R35,TXE,N61,15,39382,G,1,0.93,0.9,5.0,U,-74.0,9.75,True,,2026-07-09T14:20:24.380+00:00,/dev/cu.usbserial-58870137921,"RX,112815,R35,TXE,N61,15,39382,G,1,0.93,0.90,5,U,-74,9.75"
RX,113065,R35,TXA,N01,37,39627,F,0,0.28,0.26,5.0,F,-82.0,10.0,True,,2026-07-09T14:20:24.629+00:00,/dev/cu.usbserial-58870137921,"RX,113065,R35,TXA,N01,37,39627,F,0,0.28,0.26,5,F,-82,10.00"
RX,113205,R35,TXK,N151,19,39763,G,1,0.93,0.9,5.0,U,-66.0,9.75,True,,2026-07-09T14:20:24.769+00:00,/dev/cu.usbserial-58870137921,"RX,113205,R35,TXK,N151,19,39763,G,1,0.93,0.90,5,U,-66,9.75"
RX,113564,R35,TXF,N76,8,40131,E,1,0.87,0.84,5.0,U,-72.0,9.5,True,,2026-07-09T14:20:25.128+00:00,/dev/cu.usbserial-58870137921,"RX,113564,R35,TXF,N76,8,40131,E,1,0.87,0.84,5,U,-72,9.50"
RX,113868,R35,TXD,N46,4,40431,G,1,0.93,0.9,5.0,U,-70.0,9.25,True,,2026-07-09T14:20:25.432+00:00,/dev/cu.usbserial-58870137921,"RX,113868,R35,TXD,N46,4,40431,G,1,0.93,0.90,5,U,-70,9.25"
RX,114065,R35,TXA,N01,38,40627,G,1,0.93,0.9,5.0,F,-82.0,9.75,True,,2026-07-09T14:20:25.629+00:00,/dev/cu.usbserial-58870137921,"RX,114065,R35,TXA,N01,38,40627,G,1,0.93,0.90,5,F,-82,9.75"
RX,114332,R35,TXB,N16,18,40893,E,1,0.87,0.84,5.0,U,-86.0,10.0,True,,2026-07-09T14:20:25.896+00:00,/dev/cu.usbserial-58870137921,"RX,114332,R35,TXB,N16,18,40893,E,1,0.87,0.84,5,U,-86,10.00"
RX,114513,R35,TXG,N91,3,41080,G,1,0.93,0.9,5.0,U,-83.0,9.5,True,,2026-07-09T14:20:26.077+00:00,/dev/cu.usbserial-58870137921,"RX,114513,R35,TXG,N91,3,41080,G,1,0.93,0.90,5,U,-83,9.50"
RX,114815,R35,TXE,N61,16,41382,A,1,0.75,0.72,5.0,U,-73.0,9.5,True,,2026-07-09T14:20:26.379+00:00,/dev/cu.usbserial-58870137921,"RX,114815,R35,TXE,N61,16,41382,A,1,0.75,0.72,5,U,-73,9.50"
RX,115065,R35,TXA,N01,39,41627,H,1,0.32,0.3,5.0,F,-89.0,10.0,True,,2026-07-09T14:20:26.629+00:00,/dev/cu.usbserial-58870137921,"RX,115065,R35,TXA,N01,39,41627,H,1,0.32,0.30,5,F,-89,10.00"
RX,115205,R35,TXK,N151,20,41763,A,0,0.75,0.72,5.0,U,-66.0,9.25,True,,2026-07-09T14:20:26.769+00:00,/dev/cu.usbserial-58870137921,"RX,115205,R35,TXK,N151,20,41763,A,0,0.75,0.72,5,U,-66,9.25"
RX,115564,R35,TXF,N76,9,42131,G,1,0.93,0.9,5.0,U,-70.0,9.25,True,,2026-07-09T14:20:27.128+00:00,/dev/cu.usbserial-58870137921,"RX,115564,R35,TXF,N76,9,42131,G,1,0.93,0.90,5,U,-70,9.25"
RX,115722,R35,TXJ,N136,3,42280,G,1,0.93,0.9,5.0,U,-70.0,9.5,True,,2026-07-09T14:20:27.287+00:00,/dev/cu.usbserial-58870137921,"RX,115722,R35,TXJ,N136,3,42280,G,1,0.93,0.90,5,U,-70,9.50"
RX,115818,R35,TXC,N31,8,42381,E,1,0.87,0.84,5.0,U,-74.0,9.5,True,,2026-07-09T14:20:27.382+00:00,/dev/cu.usbserial-58870137921,"RX,115818,R35,TXC,N31,8,42381,E,1,0.87,0.84,5,U,-74,9.50"
RX,116065,R35,TXA,N01,40,42627,A,0,0.75,0.72,5.0,F,-87.0,10.25,True,,2026-07-09T14:20:27.629+00:00,/dev/cu.usbserial-58870137921,"RX,116065,R35,TXA,N01,40,42627,A,0,0.75,0.72,5,F,-87,10.25"
RX,116332,R35,TXB,N16,19,42893,G,1,0.93,0.9,5.0,U,-86.0,9.5,True,,2026-07-09T14:20:27.896+00:00,/dev/cu.usbserial-58870137921,"RX,116332,R35,TXB,N16,19,42893,G,1,0.93,0.90,5,U,-86,9.50"
RX,116815,R35,TXE,N61,17,43382,C,0,0.81,0.78,5.0,U,-74.0,10.0,True,,2026-07-09T14:20:28.380+00:00,/dev/cu.usbserial-58870137921,"RX,116815,R35,TXE,N61,17,43382,C,0,0.81,0.78,5,U,-74,10.00"
RX,116923,R35,TXI,N121,8,43481,E,1,0.87,0.84,5.0,U,-73.0,10.0,True,,2026-07-09T14:20:28.487+00:00,/dev/cu.usbserial-58870137921,"RX,116923,R35,TXI,N121,8,43481,E,1,0.87,0.84,5,U,-73,10.00"
RX,117065,R35,TXA,N01,41,43627,B,1,0.2,0.18,5.0,F,-82.0,9.75,True,,2026-07-09T14:20:28.629+00:00,/dev/cu.usbserial-58870137921,"RX,117065,R35,TXA,N01,41,43627,B,1,0.20,0.18,5,F,-82,9.75"
RX,117205,R35,TXK,N151,21,43763,C,1,0.81,0.78,5.0,U,-66.0,9.5,True,,2026-07-09T14:20:28.769+00:00,/dev/cu.usbserial-58870137921,"RX,117205,R35,TXK,N151,21,43763,C,1,0.81,0.78,5,U,-66,9.50"
RX,117818,R35,TXC,N31,9,44381,G,1,0.93,0.9,5.0,U,-83.0,9.5,True,,2026-07-09T14:20:29.382+00:00,/dev/cu.usbserial-58870137921,"RX,117818,R35,TXC,N31,9,44381,G,1,0.93,0.90,5,U,-83,9.50"
RX,118065,R35,TXA,N01,42,44627,C,1,0.81,0.78,5.0,F,-80.0,9.5,True,,2026-07-09T14:20:29.629+00:00,/dev/cu.usbserial-58870137921,"RX,118065,R35,TXA,N01,42,44627,C,1,0.81,0.78,5,F,-80,9.50"
RX,118332,R35,TXB,N16,20,44893,A,0,0.75,0.72,5.0,U,-87.0,9.25,True,,2026-07-09T14:20:29.896+00:00,/dev/cu.usbserial-58870137921,"RX,118332,R35,TXB,N16,20,44893,A,0,0.75,0.72,5,U,-87,9.25"
RX,118815,R35,TXE,N61,18,45382,E,1,0.87,0.84,5.0,U,-73.0,10.0,True,,2026-07-09T14:20:30.380+00:00,/dev/cu.usbserial-58870137921,"RX,118815,R35,TXE,N61,18,45382,E,1,0.87,0.84,5,U,-73,10.00"
RX,118923,R35,TXI,N121,9,45481,G,1,0.93,0.9,5.0,U,-72.0,10.0,True,,2026-07-09T14:20:30.487+00:00,/dev/cu.usbserial-58870137921,"RX,118923,R35,TXI,N121,9,45481,G,1,0.93,0.90,5,U,-72,10.00"
RX,119065,R35,TXA,N01,43,45627,D,0,0.24,0.22,5.0,F,-83.0,9.75,True,,2026-07-09T14:20:30.629+00:00,/dev/cu.usbserial-58870137921,"RX,119065,R35,TXA,N01,43,45627,D,0,0.24,0.22,5,F,-83,9.75"
RX,119205,R35,TXK,N151,22,45763,E,1,0.87,0.84,5.0,U,-66.0,9.75,True,,2026-07-09T14:20:30.769+00:00,/dev/cu.usbserial-58870137921,"RX,119205,R35,TXK,N151,22,45763,E,1,0.87,0.84,5,U,-66,9.75"
RX,120065,R35,TXA,N01,44,46627,E,1,0.87,0.84,5.0,F,-76.0,10.0,True,,2026-07-09T14:20:31.629+00:00,/dev/cu.usbserial-58870137921,"RX,120065,R35,TXA,N01,44,46627,E,1,0.87,0.84,5,F,-76,10.00"
RX,120332,R35,TXB,N16,21,46893,C,1,0.81,0.78,5.0,U,-84.0,10.0,True,,2026-07-09T14:20:31.896+00:00,/dev/cu.usbserial-58870137921,"RX,120332,R35,TXB,N16,21,46893,C,1,0.81,0.78,5,U,-84,10.00"
RX,120815,R35,TXE,N61,19,47382,G,1,0.93,0.9,5.0,U,-74.0,9.5,True,,2026-07-09T14:20:32.380+00:00,/dev/cu.usbserial-58870137921,"RX,120815,R35,TXE,N61,19,47382,G,1,0.93,0.90,5,U,-74,9.50"
RX,121065,R35,TXA,N01,45,47627,F,1,0.28,0.26,5.0,F,-78.0,10.0,True,,2026-07-09T14:20:32.629+00:00,/dev/cu.usbserial-58870137921,"RX,121065,R35,TXA,N01,45,47627,F,1,0.28,0.26,5,F,-78,10.00"
RX,121205,R35,TXK,N151,23,47763,G,0,0.93,0.9,5.0,U,-68.0,9.75,True,,2026-07-09T14:20:32.769+00:00,/dev/cu.usbserial-58870137921,"RX,121205,R35,TXK,N151,23,47763,G,0,0.93,0.90,5,U,-68,9.75"
RX,121564,R35,TXF,N76,10,48131,E,1,0.87,0.84,5.0,U,-70.0,9.5,True,,2026-07-09T14:20:33.128+00:00,/dev/cu.usbserial-58870137921,"RX,121564,R35,TXF,N76,10,48131,E,1,0.87,0.84,5,U,-70,9.50"
RX,121868,R35,TXD,N46,5,48431,G,0,0.93,0.9,5.0,U,-83.0,9.75,True,,2026-07-09T14:20:33.432+00:00,/dev/cu.usbserial-58870137921,"RX,121868,R35,TXD,N46,5,48431,G,0,0.93,0.90,5,U,-83,9.75"
RX,122065,R35,TXA,N01,46,48627,G,0,0.93,0.9,5.0,F,-89.0,9.75,True,,2026-07-09T14:20:33.629+00:00,/dev/cu.usbserial-58870137921,"RX,122065,R35,TXA,N01,46,48627,G,0,0.93,0.90,5,F,-89,9.75"
RX,122331,R35,TXB,N16,22,48893,E,1,0.87,0.84,5.0,U,-84.0,10.25,True,,2026-07-09T14:20:33.896+00:00,/dev/cu.usbserial-58870137921,"RX,122331,R35,TXB,N16,22,48893,E,1,0.87,0.84,5,U,-84,10.25"
RX,122513,R35,TXG,N91,4,49080,G,1,0.93,0.9,5.0,U,-78.0,9.5,True,,2026-07-09T14:20:34.077+00:00,/dev/cu.usbserial-58870137921,"RX,122513,R35,TXG,N91,4,49080,G,1,0.93,0.90,5,U,-78,9.50"
RX,122815,R35,TXE,N61,20,49382,A,0,0.75,0.72,5.0,U,-72.0,10.0,True,,2026-07-09T14:20:34.379+00:00,/dev/cu.usbserial-58870137921,"RX,122815,R35,TXE,N61,20,49382,A,0,0.75,0.72,5,U,-72,10.00"
RX,123065,R35,TXA,N01,47,49627,H,1,0.32,0.3,5.0,F,-80.0,9.5,True,,2026-07-09T14:20:34.629+00:00,/dev/cu.usbserial-58870137921,"RX,123065,R35,TXA,N01,47,49627,H,1,0.32,0.30,5,F,-80,9.50"
RX,123205,R35,TXK,N151,24,49763,A,1,0.75,0.72,5.0,U,-65.0,10.0,True,,2026-07-09T14:20:34.769+00:00,/dev/cu.usbserial-58870137921,"RX,123205,R35,TXK,N151,24,49763,A,1,0.75,0.72,5,U,-65,10.00"
RX,123564,R35,TXF,N76,11,50131,G,0,0.93,0.9,5.0,U,-71.0,10.0,True,,2026-07-09T14:20:35.128+00:00,/dev/cu.usbserial-58870137921,"RX,123564,R35,TXF,N76,11,50131,G,0,0.93,0.90,5,U,-71,10.00"
RX,123722,R35,TXJ,N136,4,50280,G,1,0.93,0.9,5.0,U,-72.0,9.5,True,,2026-07-09T14:20:35.286+00:00,/dev/cu.usbserial-58870137921,"RX,123722,R35,TXJ,N136,4,50280,G,1,0.93,0.90,5,U,-72,9.50"
RX,123818,R35,TXC,N31,10,50381,E,1,0.87,0.84,5.0,U,-75.0,9.25,True,,2026-07-09T14:20:35.382+00:00,/dev/cu.usbserial-58870137921,"RX,123818,R35,TXC,N31,10,50381,E,1,0.87,0.84,5,U,-75,9.25"
RX,124065,R35,TXA,N01,48,50627,A,1,0.75,0.72,5.0,F,-81.0,9.25,True,,2026-07-09T14:20:35.629+00:00,/dev/cu.usbserial-58870137921,"RX,124065,R35,TXA,N01,48,50627,A,1,0.75,0.72,5,F,-81,9.25"
RX,124332,R35,TXB,N16,23,50893,G,0,0.93,0.9,5.0,U,-87.0,10.0,True,,2026-07-09T14:20:35.895+00:00,/dev/cu.usbserial-58870137921,"RX,124332,R35,TXB,N16,23,50893,G,0,0.93,0.90,5,U,-87,10.00"
RX,124815,R35,TXE,N61,21,51382,C,1,0.81,0.78,5.0,U,-74.0,10.25,True,,2026-07-09T14:20:36.379+00:00,/dev/cu.usbserial-58870137921,"RX,124815,R35,TXE,N61,21,51382,C,1,0.81,0.78,5,U,-74,10.25"
RX,124923,R35,TXI,N121,10,51481,E,1,0.87,0.84,5.0,U,-71.0,9.5,True,,2026-07-09T14:20:36.487+00:00,/dev/cu.usbserial-58870137921,"RX,124923,R35,TXI,N121,10,51481,E,1,0.87,0.84,5,U,-71,9.50"
RX,125065,R35,TXA,N01,49,51627,B,0,0.2,0.18,5.0,F,-81.0,10.0,True,,2026-07-09T14:20:36.629+00:00,/dev/cu.usbserial-58870137921,"RX,125065,R35,TXA,N01,49,51627,B,0,0.20,0.18,5,F,-81,10.00"
RX,125205,R35,TXK,N151,25,51763,C,1,0.81,0.78,5.0,U,-65.0,9.75,True,,2026-07-09T14:20:36.769+00:00,/dev/cu.usbserial-58870137921,"RX,125205,R35,TXK,N151,25,51763,C,1,0.81,0.78,5,U,-65,9.75"
RX,125818,R35,TXC,N31,11,52381,G,0,0.93,0.9,5.0,U,-75.0,9.75,True,,2026-07-09T14:20:37.383+00:00,/dev/cu.usbserial-58870137921,"RX,125818,R35,TXC,N31,11,52381,G,0,0.93,0.90,5,U,-75,9.75"
RX,126065,R35,TXA,N01,50,52627,C,1,0.81,0.78,5.0,F,-81.0,10.0,True,,2026-07-09T14:20:37.629+00:00,/dev/cu.usbserial-58870137921,"RX,126065,R35,TXA,N01,50,52627,C,1,0.81,0.78,5,F,-81,10.00"
RX,126332,R35,TXB,N16,24,52893,A,1,0.75,0.72,5.0,U,-86.0,9.75,True,,2026-07-09T14:20:37.895+00:00,/dev/cu.usbserial-58870137921,"RX,126332,R35,TXB,N16,24,52893,A,1,0.75,0.72,5,U,-86,9.75"
RX,126815,R35,TXE,N61,22,53382,E,1,0.87,0.84,5.0,U,-73.0,10.25,True,,2026-07-09T14:20:38.379+00:00,/dev/cu.usbserial-58870137921,"RX,126815,R35,TXE,N61,22,53382,E,1,0.87,0.84,5,U,-73,10.25"
RX,126923,R35,TXI,N121,11,53481,G,0,0.93,0.9,5.0,U,-71.0,10.0,True,,2026-07-09T14:20:38.487+00:00,/dev/cu.usbserial-58870137921,"RX,126923,R35,TXI,N121,11,53481,G,0,0.93,0.90,5,U,-71,10.00"
RX,127065,R35,TXA,N01,51,53627,D,1,0.24,0.22,5.0,F,-80.0,9.75,True,,2026-07-09T14:20:38.629+00:00,/dev/cu.usbserial-58870137921,"RX,127065,R35,TXA,N01,51,53627,D,1,0.24,0.22,5,F,-80,9.75"
RX,127205,R35,TXK,N151,26,53763,E,0,0.87,0.84,5.0,U,-65.0,9.75,True,,2026-07-09T14:20:38.769+00:00,/dev/cu.usbserial-58870137921,"RX,127205,R35,TXK,N151,26,53763,E,0,0.87,0.84,5,U,-65,9.75"
RX,128065,R35,TXA,N01,52,54627,E,0,0.87,0.84,5.0,F,-81.0,9.75,True,,2026-07-09T14:20:39.629+00:00,/dev/cu.usbserial-58870137921,"RX,128065,R35,TXA,N01,52,54627,E,0,0.87,0.84,5,F,-81,9.75"
RX,128331,R35,TXB,N16,25,54893,C,1,0.81,0.78,5.0,U,-84.0,10.25,True,,2026-07-09T14:20:39.896+00:00,/dev/cu.usbserial-58870137921,"RX,128331,R35,TXB,N16,25,54893,C,1,0.81,0.78,5,U,-84,10.25"
RX,129065,R35,TXA,N01,53,55627,F,1,0.28,0.26,5.0,F,-86.0,9.75,True,,2026-07-09T14:20:40.629+00:00,/dev/cu.usbserial-58870137921,"RX,129065,R35,TXA,N01,53,55627,F,1,0.28,0.26,5,F,-86,9.75"
RX,129205,R35,TXK,N151,27,55763,G,1,0.93,0.9,5.0,U,-64.0,9.0,True,,2026-07-09T14:20:40.769+00:00,/dev/cu.usbserial-58870137921,"RX,129205,R35,TXK,N151,27,55763,G,1,0.93,0.90,5,U,-64,9.00"
RX,129564,R35,TXF,N76,12,56131,E,0,0.87,0.84,5.0,U,-70.0,9.5,True,,2026-07-09T14:20:41.128+00:00,/dev/cu.usbserial-58870137921,"RX,129564,R35,TXF,N76,12,56131,E,0,0.87,0.84,5,U,-70,9.50"
RX,129868,R35,TXD,N46,6,56431,G,1,0.93,0.9,5.0,U,-67.0,9.5,True,,2026-07-09T14:20:41.432+00:00,/dev/cu.usbserial-58870137921,"RX,129868,R35,TXD,N46,6,56431,G,1,0.93,0.90,5,U,-67,9.50"
RX,130065,R35,TXA,N01,54,56627,G,1,0.93,0.9,5.0,F,-81.0,10.0,True,,2026-07-09T14:20:41.629+00:00,/dev/cu.usbserial-58870137921,"RX,130065,R35,TXA,N01,54,56627,G,1,0.93,0.90,5,F,-81,10.00"
RX,130331,R35,TXB,N16,26,56893,E,0,0.87,0.84,5.0,U,-87.0,10.25,True,,2026-07-09T14:20:41.895+00:00,/dev/cu.usbserial-58870137921,"RX,130331,R35,TXB,N16,26,56893,E,0,0.87,0.84,5,U,-87,10.25"
RX,130513,R35,TXG,N91,5,57080,G,0,0.93,0.9,5.0,U,-79.0,9.75,True,,2026-07-09T14:20:42.077+00:00,/dev/cu.usbserial-58870137921,"RX,130513,R35,TXG,N91,5,57080,G,0,0.93,0.90,5,U,-79,9.75"
RX,130815,R35,TXE,N61,24,57382,A,1,0.75,0.72,5.0,U,-74.0,10.0,True,,2026-07-09T14:20:42.379+00:00,/dev/cu.usbserial-58870137921,"RX,130815,R35,TXE,N61,24,57382,A,1,0.75,0.72,5,U,-74,10.00"
RX,131065,R35,TXA,N01,55,57627,H,0,0.32,0.3,5.0,F,-90.0,10.25,True,,2026-07-09T14:20:42.629+00:00,/dev/cu.usbserial-58870137921,"RX,131065,R35,TXA,N01,55,57627,H,0,0.32,0.30,5,F,-90,10.25"
RX,131205,R35,TXK,N151,28,57763,A,1,0.75,0.72,5.0,U,-67.0,9.5,True,,2026-07-09T14:20:42.769+00:00,/dev/cu.usbserial-58870137921,"RX,131205,R35,TXK,N151,28,57763,A,1,0.75,0.72,5,U,-67,9.50"
RX,131564,R35,TXF,N76,13,58131,G,1,0.93,0.9,5.0,U,-71.0,9.75,True,,2026-07-09T14:20:43.128+00:00,/dev/cu.usbserial-58870137921,"RX,131564,R35,TXF,N76,13,58131,G,1,0.93,0.90,5,U,-71,9.75"
RX,131722,R35,TXJ,N136,5,58280,G,0,0.93,0.9,5.0,U,-71.0,9.75,True,,2026-07-09T14:20:43.286+00:00,/dev/cu.usbserial-58870137921,"RX,131722,R35,TXJ,N136,5,58280,G,0,0.93,0.90,5,U,-71,9.75"
RX,131818,R35,TXC,N31,12,58381,E,0,0.87,0.84,5.0,U,-74.0,9.75,True,,2026-07-09T14:20:43.382+00:00,/dev/cu.usbserial-58870137921,"RX,131818,R35,TXC,N31,12,58381,E,0,0.87,0.84,5,U,-74,9.75"
RX,132065,R35,TXA,N01,56,58627,A,1,0.75,0.72,5.0,F,-79.0,10.25,True,,2026-07-09T14:20:43.629+00:00,/dev/cu.usbserial-58870137921,"RX,132065,R35,TXA,N01,56,58627,A,1,0.75,0.72,5,F,-79,10.25"
RX,132331,R35,TXB,N16,27,58893,G,1,0.93,0.9,5.0,U,-85.0,9.75,True,,2026-07-09T14:20:43.895+00:00,/dev/cu.usbserial-58870137921,"RX,132331,R35,TXB,N16,27,58893,G,1,0.93,0.90,5,U,-85,9.75"
RX,132815,R35,TXE,N61,25,59382,C,1,0.81,0.78,5.0,U,-74.0,10.25,True,,2026-07-09T14:20:44.379+00:00,/dev/cu.usbserial-58870137921,"RX,132815,R35,TXE,N61,25,59382,C,1,0.81,0.78,5,U,-74,10.25"
RX,132923,R35,TXI,N121,12,59481,E,0,0.87,0.84,5.0,U,-69.0,10.25,True,,2026-07-09T14:20:44.487+00:00,/dev/cu.usbserial-58870137921,"RX,132923,R35,TXI,N121,12,59481,E,0,0.87,0.84,5,U,-69,10.25"
RX,133065,R35,TXA,N01,57,59627,B,1,0.2,0.18,5.0,F,-81.0,9.75,True,,2026-07-09T14:20:44.628+00:00,/dev/cu.usbserial-58870137921,"RX,133065,R35,TXA,N01,57,59627,B,1,0.20,0.18,5,F,-81,9.75"
RX,133205,R35,TXK,N151,29,59763,C,0,0.81,0.78,5.0,U,-64.0,9.0,True,,2026-07-09T14:20:44.769+00:00,/dev/cu.usbserial-58870137921,"RX,133205,R35,TXK,N151,29,59763,C,0,0.81,0.78,5,U,-64,9.00"
RX,133818,R35,TXC,N31,13,60381,G,1,0.93,0.9,5.0,U,-75.0,9.5,True,,2026-07-09T14:20:45.382+00:00,/dev/cu.usbserial-58870137921,"RX,133818,R35,TXC,N31,13,60381,G,1,0.93,0.90,5,U,-75,9.50"
RX,134065,R35,TXA,N01,58,60627,C,0,0.81,0.78,5.0,F,-84.0,10.0,True,,2026-07-09T14:20:45.629+00:00,/dev/cu.usbserial-58870137921,"RX,134065,R35,TXA,N01,58,60627,C,0,0.81,0.78,5,F,-84,10.00"
RX,134331,R35,TXB,N16,28,60893,A,1,0.75,0.72,5.0,U,-87.0,9.25,True,,2026-07-09T14:20:45.895+00:00,/dev/cu.usbserial-58870137921,"RX,134331,R35,TXB,N16,28,60893,A,1,0.75,0.72,5,U,-87,9.25"
RX,134815,R35,TXE,N61,26,61382,E,0,0.87,0.84,5.0,U,-72.0,10.0,True,,2026-07-09T14:20:46.379+00:00,/dev/cu.usbserial-58870137921,"RX,134815,R35,TXE,N61,26,61382,E,0,0.87,0.84,5,U,-72,10.00"
RX,134923,R35,TXI,N121,13,61481,G,1,0.93,0.9,5.0,U,-72.0,9.5,True,,2026-07-09T14:20:46.487+00:00,/dev/cu.usbserial-58870137921,"RX,134923,R35,TXI,N121,13,61481,G,1,0.93,0.90,5,U,-72,9.50"
RX,135065,R35,TXA,N01,59,61627,D,1,0.24,0.22,5.0,F,-82.0,10.25,True,,2026-07-09T14:20:46.629+00:00,/dev/cu.usbserial-58870137921,"RX,135065,R35,TXA,N01,59,61627,D,1,0.24,0.22,5,F,-82,10.25"
RX,135205,R35,TXK,N151,30,61763,E,1,0.87,0.84,5.0,U,-65.0,9.5,True,,2026-07-09T14:20:46.769+00:00,/dev/cu.usbserial-58870137921,"RX,135205,R35,TXK,N151,30,61763,E,1,0.87,0.84,5,U,-65,9.50"
RX,136065,R35,TXA,N01,60,62627,E,1,0.87,0.84,5.0,F,-82.0,9.5,True,,2026-07-09T14:20:47.629+00:00,/dev/cu.usbserial-58870137921,"RX,136065,R35,TXA,N01,60,62627,E,1,0.87,0.84,5,F,-82,9.50"
RX,136331,R35,TXB,N16,29,62893,C,0,0.81,0.78,5.0,U,-87.0,9.5,True,,2026-07-09T14:20:47.895+00:00,/dev/cu.usbserial-58870137921,"RX,136331,R35,TXB,N16,29,62893,C,0,0.81,0.78,5,U,-87,9.50"
RX,136815,R35,TXE,N61,27,63382,G,1,0.93,0.9,5.0,U,-73.0,10.0,True,,2026-07-09T14:20:48.379+00:00,/dev/cu.usbserial-58870137921,"RX,136815,R35,TXE,N61,27,63382,G,1,0.93,0.90,5,U,-73,10.00"
RX,137065,R35,TXA,N01,61,63627,F,0,0.28,0.26,5.0,F,-80.0,9.75,True,,2026-07-09T14:20:48.628+00:00,/dev/cu.usbserial-58870137921,"RX,137065,R35,TXA,N01,61,63627,F,0,0.28,0.26,5,F,-80,9.75"
RX,137205,R35,TXK,N151,31,63763,G,1,0.93,0.9,5.0,U,-65.0,9.75,True,,2026-07-09T14:20:48.769+00:00,/dev/cu.usbserial-58870137921,"RX,137205,R35,TXK,N151,31,63763,G,1,0.93,0.90,5,U,-65,9.75"
RX,137564,R35,TXF,N76,14,64131,E,1,0.87,0.84,5.0,U,-71.0,9.75,True,,2026-07-09T14:20:49.128+00:00,/dev/cu.usbserial-58870137921,"RX,137564,R35,TXF,N76,14,64131,E,1,0.87,0.84,5,U,-71,9.75"
RX,137868,R35,TXD,N46,7,64431,G,1,0.93,0.9,5.0,U,-70.0,9.25,True,,2026-07-09T14:20:49.432+00:00,/dev/cu.usbserial-58870137921,"RX,137868,R35,TXD,N46,7,64431,G,1,0.93,0.90,5,U,-70,9.25"
RX,138065,R35,TXA,N01,62,64627,G,1,0.93,0.9,5.0,F,-78.0,9.75,True,,2026-07-09T14:20:49.628+00:00,/dev/cu.usbserial-58870137921,"RX,138065,R35,TXA,N01,62,64627,G,1,0.93,0.90,5,F,-78,9.75"
RX,138331,R35,TXB,N16,30,64893,E,1,0.87,0.84,5.0,U,-87.0,10.25,True,,2026-07-09T14:20:49.895+00:00,/dev/cu.usbserial-58870137921,"RX,138331,R35,TXB,N16,30,64893,E,1,0.87,0.84,5,U,-87,10.25"
RX,138513,R35,TXG,N91,6,65080,G,1,0.93,0.9,5.0,U,-84.0,9.5,True,,2026-07-09T14:20:50.077+00:00,/dev/cu.usbserial-58870137921,"RX,138513,R35,TXG,N91,6,65080,G,1,0.93,0.90,5,U,-84,9.50"
RX,138815,R35,TXE,N61,28,65382,A,1,0.75,0.72,5.0,U,-73.0,9.5,True,,2026-07-09T14:20:50.379+00:00,/dev/cu.usbserial-58870137921,"RX,138815,R35,TXE,N61,28,65382,A,1,0.75,0.72,5,U,-73,9.50"
RX,139065,R35,TXA,N01,63,65627,H,1,0.32,0.3,5.0,F,-79.0,9.75,True,,2026-07-09T14:20:50.628+00:00,/dev/cu.usbserial-58870137921,"RX,139065,R35,TXA,N01,63,65627,H,1,0.32,0.30,5,F,-79,9.75"
RX,139205,R35,TXK,N151,32,65763,A,1,0.75,0.72,5.0,U,-65.0,9.25,True,,2026-07-09T14:20:50.769+00:00,/dev/cu.usbserial-58870137921,"RX,139205,R35,TXK,N151,32,65763,A,1,0.75,0.72,5,U,-65,9.25"
RX,139564,R35,TXF,N76,15,66131,G,1,0.93,0.9,5.0,U,-70.0,9.5,True,,2026-07-09T14:20:51.128+00:00,/dev/cu.usbserial-58870137921,"RX,139564,R35,TXF,N76,15,66131,G,1,0.93,0.90,5,U,-70,9.50"
RX,139722,R35,TXJ,N136,6,66280,G,1,0.93,0.9,5.0,U,-71.0,10.25,True,,2026-07-09T14:20:51.286+00:00,/dev/cu.usbserial-58870137921,"RX,139722,R35,TXJ,N136,6,66280,G,1,0.93,0.90,5,U,-71,10.25"
RX,139818,R35,TXC,N31,14,66381,E,1,0.87,0.84,5.0,U,-75.0,12.5,True,,2026-07-09T14:20:51.382+00:00,/dev/cu.usbserial-58870137921,"RX,139818,R35,TXC,N31,14,66381,E,1,0.87,0.84,5,U,-75,12.50"
RX,140065,R35,TXA,N01,64,66627,A,1,0.75,0.72,5.0,F,-80.0,9.75,True,,2026-07-09T14:20:51.628+00:00,/dev/cu.usbserial-58870137921,"RX,140065,R35,TXA,N01,64,66627,A,1,0.75,0.72,5,F,-80,9.75"
RX,140331,R35,TXB,N16,31,66893,G,1,0.93,0.9,5.0,U,-85.0,10.25,True,,2026-07-09T14:20:51.895+00:00,/dev/cu.usbserial-58870137921,"RX,140331,R35,TXB,N16,31,66893,G,1,0.93,0.90,5,U,-85,10.25"
RX,140815,R35,TXE,N61,29,67382,C,0,0.81,0.78,5.0,U,-73.0,9.75,True,,2026-07-09T14:20:52.379+00:00,/dev/cu.usbserial-58870137921,"RX,140815,R35,TXE,N61,29,67382,C,0,0.81,0.78,5,U,-73,9.75"
RX,140923,R35,TXI,N121,14,67481,E,1,0.87,0.84,5.0,U,-72.0,9.75,True,,2026-07-09T14:20:52.487+00:00,/dev/cu.usbserial-58870137921,"RX,140923,R35,TXI,N121,14,67481,E,1,0.87,0.84,5,U,-72,9.75"
RX,141065,R35,TXA,N01,65,67627,B,0,0.2,0.18,5.0,F,-79.0,10.25,True,,2026-07-09T14:20:52.629+00:00,/dev/cu.usbserial-58870137921,"RX,141065,R35,TXA,N01,65,67627,B,0,0.20,0.18,5,F,-79,10.25"
RX,141205,R35,TXK,N151,33,67763,C,1,0.81,0.78,5.0,U,-65.0,9.5,True,,2026-07-09T14:20:52.769+00:00,/dev/cu.usbserial-58870137921,"RX,141205,R35,TXK,N151,33,67763,C,1,0.81,0.78,5,U,-65,9.50"
RX,141818,R35,TXC,N31,15,68381,G,1,0.93,0.9,5.0,U,-75.0,9.5,True,,2026-07-09T14:20:53.382+00:00,/dev/cu.usbserial-58870137921,"RX,141818,R35,TXC,N31,15,68381,G,1,0.93,0.90,5,U,-75,9.50"
RX,142065,R35,TXA,N01,66,68627,C,1,0.81,0.78,5.0,F,-79.0,9.75,True,,2026-07-09T14:20:53.628+00:00,/dev/cu.usbserial-58870137921,"RX,142065,R35,TXA,N01,66,68627,C,1,0.81,0.78,5,F,-79,9.75"
RX,142331,R35,TXB,N16,32,68893,A,1,0.75,0.72,5.0,U,-86.0,9.25,True,,2026-07-09T14:20:53.895+00:00,/dev/cu.usbserial-58870137921,"RX,142331,R35,TXB,N16,32,68893,A,1,0.75,0.72,5,U,-86,9.25"
RX,142815,R35,TXE,N61,30,69382,E,1,0.87,0.84,5.0,U,-72.0,10.0,True,,2026-07-09T14:20:54.379+00:00,/dev/cu.usbserial-58870137921,"RX,142815,R35,TXE,N61,30,69382,E,1,0.87,0.84,5,U,-72,10.00"
RX,142923,R35,TXI,N121,15,69481,G,1,0.93,0.9,5.0,U,-71.0,9.5,True,,2026-07-09T14:20:54.487+00:00,/dev/cu.usbserial-58870137921,"RX,142923,R35,TXI,N121,15,69481,G,1,0.93,0.90,5,U,-71,9.50"
RX,143065,R35,TXA,N01,67,69627,D,1,0.24,0.22,5.0,F,-80.0,9.75,True,,2026-07-09T14:20:54.628+00:00,/dev/cu.usbserial-58870137921,"RX,143065,R35,TXA,N01,67,69627,D,1,0.24,0.22,5,F,-80,9.75"
RX,143205,R35,TXK,N151,34,69763,E,0,0.87,0.84,5.0,U,-65.0,9.75,True,,2026-07-09T14:20:54.769+00:00,/dev/cu.usbserial-58870137921,"RX,143205,R35,TXK,N151,34,69763,E,0,0.87,0.84,5,U,-65,9.75"
RX,144065,R35,TXA,N01,68,70627,E,0,0.87,0.84,5.0,F,-80.0,10.0,True,,2026-07-09T14:20:55.629+00:00,/dev/cu.usbserial-58870137921,"RX,144065,R35,TXA,N01,68,70627,E,0,0.87,0.84,5,F,-80,10.00"
RX,144331,R35,TXB,N16,33,70893,C,1,0.81,0.78,5.0,U,-86.0,9.75,True,,2026-07-09T14:20:55.895+00:00,/dev/cu.usbserial-58870137921,"RX,144331,R35,TXB,N16,33,70893,C,1,0.81,0.78,5,U,-86,9.75"
RX,144815,R35,TXE,N61,31,71382,G,1,0.93,0.9,5.0,U,-72.0,9.75,True,,2026-07-09T14:20:56.379+00:00,/dev/cu.usbserial-58870137921,"RX,144815,R35,TXE,N61,31,71382,G,1,0.93,0.90,5,U,-72,9.75"
RX,145064,R35,TXA,N01,69,71627,F,1,0.28,0.26,5.0,F,-80.0,10.25,True,,2026-07-09T14:20:56.629+00:00,/dev/cu.usbserial-58870137921,"RX,145064,R35,TXA,N01,69,71627,F,1,0.28,0.26,5,F,-80,10.25"
RX,145358,R35,TXL,N166,4,71917,G,1,0.93,0.9,5.0,U,-76.0,10.25,True,,2026-07-09T14:20:56.923+00:00,/dev/cu.usbserial-58870137921,"RX,145358,R35,TXL,N166,4,71917,G,1,0.93,0.90,5,U,-76,10.25"
RX,145564,R35,TXF,N76,16,72131,E,0,0.87,0.84,5.0,U,-70.0,10.0,True,,2026-07-09T14:20:57.128+00:00,/dev/cu.usbserial-58870137921,"RX,145564,R35,TXF,N76,16,72131,E,0,0.87,0.84,5,U,-70,10.00"
RX,145868,R35,TXD,N46,8,72431,G,1,0.93,0.9,5.0,U,-69.0,9.5,True,,2026-07-09T14:20:57.432+00:00,/dev/cu.usbserial-58870137921,"RX,145868,R35,TXD,N46,8,72431,G,1,0.93,0.90,5,U,-69,9.50"
RX,146065,R35,TXA,N01,70,72627,G,1,0.93,0.9,5.0,F,-78.0,10.5,True,,2026-07-09T14:20:57.629+00:00,/dev/cu.usbserial-58870137921,"RX,146065,R35,TXA,N01,70,72627,G,1,0.93,0.90,5,F,-78,10.50"
RX,146331,R35,TXB,N16,34,72893,E,0,0.87,0.84,5.0,U,-86.0,9.75,True,,2026-07-09T14:20:57.895+00:00,/dev/cu.usbserial-58870137921,"RX,146331,R35,TXB,N16,34,72893,E,0,0.87,0.84,5,U,-86,9.75"
RX,146513,R35,TXG,N91,7,73080,G,1,0.93,0.9,5.0,U,-88.0,9.5,True,,2026-07-09T14:20:58.077+00:00,/dev/cu.usbserial-58870137921,"RX,146513,R35,TXG,N91,7,73080,G,1,0.93,0.90,5,U,-88,9.50"
RX,146815,R35,TXE,N61,32,73382,A,1,0.75,0.72,5.0,U,-73.0,10.25,True,,2026-07-09T14:20:58.379+00:00,/dev/cu.usbserial-58870137921,"RX,146815,R35,TXE,N61,32,73382,A,1,0.75,0.72,5,U,-73,10.25"
RX,147065,R35,TXA,N01,71,73627,H,0,0.32,0.3,5.0,F,-77.0,9.75,True,,2026-07-09T14:20:58.628+00:00,/dev/cu.usbserial-58870137921,"RX,147065,R35,TXA,N01,71,73627,H,0,0.32,0.30,5,F,-77,9.75"
RX,147205,R35,TXK,N151,36,73763,A,1,0.75,0.72,5.0,U,-65.0,9.75,True,,2026-07-09T14:20:58.769+00:00,/dev/cu.usbserial-58870137921,"RX,147205,R35,TXK,N151,36,73763,A,1,0.75,0.72,5,U,-65,9.75"
RX,147564,R35,TXF,N76,17,74131,G,1,0.93,0.9,5.0,U,-71.0,9.5,True,,2026-07-09T14:20:59.128+00:00,/dev/cu.usbserial-58870137921,"RX,147564,R35,TXF,N76,17,74131,G,1,0.93,0.90,5,U,-71,9.50"
RX,147721,R35,TXJ,N136,7,74280,G,1,0.93,0.9,5.0,U,-70.0,9.25,True,,2026-07-09T14:20:59.286+00:00,/dev/cu.usbserial-58870137921,"RX,147721,R35,TXJ,N136,7,74280,G,1,0.93,0.90,5,U,-70,9.25"
RX,147818,R35,TXC,N31,16,74381,E,0,0.87,0.84,5.0,U,-76.0,9.75,True,,2026-07-09T14:20:59.382+00:00,/dev/cu.usbserial-58870137921,"RX,147818,R35,TXC,N31,16,74381,E,0,0.87,0.84,5,U,-76,9.75"
RX,148065,R35,TXA,N01,72,74627,A,1,0.75,0.72,5.0,F,-79.0,9.5,True,,2026-07-09T14:20:59.628+00:00,/dev/cu.usbserial-58870137921,"RX,148065,R35,TXA,N01,72,74627,A,1,0.75,0.72,5,F,-79,9.50"
RX,148331,R35,TXB,N16,35,74893,G,1,0.93,0.9,5.0,U,-86.0,10.0,True,,2026-07-09T14:20:59.895+00:00,/dev/cu.usbserial-58870137921,"RX,148331,R35,TXB,N16,35,74893,G,1,0.93,0.90,5,U,-86,10.00"
RX,148815,R35,TXE,N61,33,75382,C,1,0.81,0.78,5.0,U,-74.0,10.25,True,,2026-07-09T14:21:00.379+00:00,/dev/cu.usbserial-58870137921,"RX,148815,R35,TXE,N61,33,75382,C,1,0.81,0.78,5,U,-74,10.25"
RX,148923,R35,TXI,N121,16,75481,E,0,0.87,0.84,5.0,U,-71.0,9.5,True,,2026-07-09T14:21:00.487+00:00,/dev/cu.usbserial-58870137921,"RX,148923,R35,TXI,N121,16,75481,E,0,0.87,0.84,5,U,-71,9.50"
RX,149065,R35,TXA,N01,73,75627,B,1,0.2,0.18,5.0,F,-81.0,10.0,True,,2026-07-09T14:21:00.628+00:00,/dev/cu.usbserial-58870137921,"RX,149065,R35,TXA,N01,73,75627,B,1,0.20,0.18,5,F,-81,10.00"
RX,149205,R35,TXK,N151,37,75763,C,0,0.81,0.78,5.0,U,-64.0,9.25,True,,2026-07-09T14:21:00.769+00:00,/dev/cu.usbserial-58870137921,"RX,149205,R35,TXK,N151,37,75763,C,0,0.81,0.78,5,U,-64,9.25"
RX,149818,R35,TXC,N31,17,76381,G,1,0.93,0.9,5.0,U,-74.0,10.0,True,,2026-07-09T14:21:01.382+00:00,/dev/cu.usbserial-58870137921,"RX,149818,R35,TXC,N31,17,76381,G,1,0.93,0.90,5,U,-74,10.00"
RX,150065,R35,TXA,N01,74,76627,C,0,0.81,0.78,5.0,F,-77.0,9.75,True,,2026-07-09T14:21:01.629+00:00,/dev/cu.usbserial-58870137921,"RX,150065,R35,TXA,N01,74,76627,C,0,0.81,0.78,5,F,-77,9.75"
RX,150331,R35,TXB,N16,36,76893,A,1,0.75,0.72,5.0,U,-85.0,9.75,True,,2026-07-09T14:21:01.896+00:00,/dev/cu.usbserial-58870137921,"RX,150331,R35,TXB,N16,36,76893,A,1,0.75,0.72,5,U,-85,9.75"
RX,150815,R35,TXE,N61,34,77382,E,0,0.87,0.84,5.0,U,-73.0,10.5,True,,2026-07-09T14:21:02.379+00:00,/dev/cu.usbserial-58870137921,"RX,150815,R35,TXE,N61,34,77382,E,0,0.87,0.84,5,U,-73,10.50"
RX,150923,R35,TXI,N121,17,77481,G,1,0.93,0.9,5.0,U,-71.0,9.5,True,,2026-07-09T14:21:02.487+00:00,/dev/cu.usbserial-58870137921,"RX,150923,R35,TXI,N121,17,77481,G,1,0.93,0.90,5,U,-71,9.50"
RX,151065,R35,TXA,N01,75,77627,D,1,0.24,0.22,5.0,F,-81.0,10.5,True,,2026-07-09T14:21:02.628+00:00,/dev/cu.usbserial-58870137921,"RX,151065,R35,TXA,N01,75,77627,D,1,0.24,0.22,5,F,-81,10.50"
RX,151205,R35,TXK,N151,38,77763,E,1,0.87,0.84,5.0,U,-65.0,9.5,True,,2026-07-09T14:21:02.769+00:00,/dev/cu.usbserial-58870137921,"RX,151205,R35,TXK,N151,38,77763,E,1,0.87,0.84,5,U,-65,9.50"
RX,152065,R35,TXA,N01,76,78627,E,1,0.87,0.84,5.0,F,-80.0,10.0,True,,2026-07-09T14:21:03.629+00:00,/dev/cu.usbserial-58870137921,"RX,152065,R35,TXA,N01,76,78627,E,1,0.87,0.84,5,F,-80,10.00"
RX,152331,R35,TXB,N16,37,78893,C,0,0.81,0.78,5.0,U,-86.0,8.75,True,,2026-07-09T14:21:03.895+00:00,/dev/cu.usbserial-58870137921,"RX,152331,R35,TXB,N16,37,78893,C,0,0.81,0.78,5,U,-86,8.75"
RX,152815,R35,TXE,N61,35,79382,G,1,0.93,0.9,5.0,U,-72.0,9.75,True,,2026-07-09T14:21:04.379+00:00,/dev/cu.usbserial-58870137921,"RX,152815,R35,TXE,N61,35,79382,G,1,0.93,0.90,5,U,-72,9.75"
RX,153065,R35,TXA,N01,77,79627,F,0,0.28,0.26,5.0,F,-79.0,10.5,True,,2026-07-09T14:21:04.629+00:00,/dev/cu.usbserial-58870137921,"RX,153065,R35,TXA,N01,77,79627,F,0,0.28,0.26,5,F,-79,10.50"
RX,153358,R35,TXL,N166,5,79917,G,1,0.93,0.9,5.0,U,-77.0,10.0,True,,2026-07-09T14:21:04.922+00:00,/dev/cu.usbserial-58870137921,"RX,153358,R35,TXL,N166,5,79917,G,1,0.93,0.90,5,U,-77,10.00"
RX,153564,R35,TXF,N76,18,80131,E,1,0.87,0.84,5.0,U,-70.0,9.75,True,,2026-07-09T14:21:05.128+00:00,/dev/cu.usbserial-58870137921,"RX,153564,R35,TXF,N76,18,80131,E,1,0.87,0.84,5,U,-70,9.75"
RX,153868,R35,TXD,N46,9,80431,G,1,0.93,0.9,5.0,U,-68.0,9.75,True,,2026-07-09T14:21:05.432+00:00,/dev/cu.usbserial-58870137921,"RX,153868,R35,TXD,N46,9,80431,G,1,0.93,0.90,5,U,-68,9.75"
RX,154065,R35,TXA,N01,78,80627,G,1,0.93,0.9,5.0,F,-81.0,10.0,True,,2026-07-09T14:21:05.628+00:00,/dev/cu.usbserial-58870137921,"RX,154065,R35,TXA,N01,78,80627,G,1,0.93,0.90,5,F,-81,10.00"
RX,154331,R35,TXB,N16,38,80893,E,1,0.87,0.84,5.0,U,-86.0,9.5,True,,2026-07-09T14:21:05.895+00:00,/dev/cu.usbserial-58870137921,"RX,154331,R35,TXB,N16,38,80893,E,1,0.87,0.84,5,U,-86,9.50"
RX,154513,R35,TXG,N91,8,81080,G,1,0.93,0.9,5.0,U,-86.0,9.5,True,,2026-07-09T14:21:06.076+00:00,/dev/cu.usbserial-58870137921,"RX,154513,R35,TXG,N91,8,81080,G,1,0.93,0.90,5,U,-86,9.50"
RX,154815,R35,TXE,N61,36,81382,A,1,0.75,0.72,5.0,U,-73.0,9.75,True,,2026-07-09T14:21:06.379+00:00,/dev/cu.usbserial-58870137921,"RX,154815,R35,TXE,N61,36,81382,A,1,0.75,0.72,5,U,-73,9.75"
RX,155065,R35,TXA,N01,79,81627,H,1,0.32,0.3,5.0,F,-83.0,10.0,True,,2026-07-09T14:21:06.628+00:00,/dev/cu.usbserial-58870137921,"RX,155065,R35,TXA,N01,79,81627,H,1,0.32,0.30,5,F,-83,10.00"
RX,155205,R35,TXK,N151,40,81763,A,0,0.75,0.72,5.0,U,-64.0,9.0,True,,2026-07-09T14:21:06.769+00:00,/dev/cu.usbserial-58870137921,"RX,155205,R35,TXK,N151,40,81763,A,0,0.75,0.72,5,U,-64,9.00"
RX,155564,R35,TXF,N76,19,82131,G,1,0.93,0.9,5.0,U,-69.0,9.5,True,,2026-07-09T14:21:07.127+00:00,/dev/cu.usbserial-58870137921,"RX,155564,R35,TXF,N76,19,82131,G,1,0.93,0.90,5,U,-69,9.50"
RX,155721,R35,TXJ,N136,8,82280,G,1,0.93,0.9,5.0,U,-71.0,10.0,True,,2026-07-09T14:21:07.285+00:00,/dev/cu.usbserial-58870137921,"RX,155721,R35,TXJ,N136,8,82280,G,1,0.93,0.90,5,U,-71,10.00"
RX,155818,R35,TXC,N31,18,82381,E,1,0.87,0.84,5.0,U,-76.0,10.0,True,,2026-07-09T14:21:07.382+00:00,/dev/cu.usbserial-58870137921,"RX,155818,R35,TXC,N31,18,82381,E,1,0.87,0.84,5,U,-76,10.00"
RX,156065,R35,TXA,N01,80,82627,A,0,0.75,0.72,5.0,F,-82.0,9.75,True,,2026-07-09T14:21:07.628+00:00,/dev/cu.usbserial-58870137921,"RX,156065,R35,TXA,N01,80,82627,A,0,0.75,0.72,5,F,-82,9.75"
RX,156331,R35,TXB,N16,39,82893,G,1,0.93,0.9,5.0,U,-86.0,9.5,True,,2026-07-09T14:21:07.895+00:00,/dev/cu.usbserial-58870137921,"RX,156331,R35,TXB,N16,39,82893,G,1,0.93,0.90,5,U,-86,9.50"
RX,156815,R35,TXE,N61,37,83382,C,0,0.81,0.78,5.0,U,-73.0,10.25,True,,2026-07-09T14:21:08.379+00:00,/dev/cu.usbserial-58870137921,"RX,156815,R35,TXE,N61,37,83382,C,0,0.81,0.78,5,U,-73,10.25"
RX,156923,R35,TXI,N121,18,83481,E,1,0.87,0.84,5.0,U,-71.0,9.75,True,,2026-07-09T14:21:08.487+00:00,/dev/cu.usbserial-58870137921,"RX,156923,R35,TXI,N121,18,83481,E,1,0.87,0.84,5,U,-71,9.75"
RX,157064,R35,TXA,N01,81,83627,B,1,0.2,0.18,5.0,F,-82.0,9.75,True,,2026-07-09T14:21:08.628+00:00,/dev/cu.usbserial-58870137921,"RX,157064,R35,TXA,N01,81,83627,B,1,0.20,0.18,5,F,-82,9.75"
RX,157205,R35,TXK,N151,41,83763,C,1,0.81,0.78,5.0,U,-64.0,9.5,True,,2026-07-09T14:21:08.769+00:00,/dev/cu.usbserial-58870137921,"RX,157205,R35,TXK,N151,41,83763,C,1,0.81,0.78,5,U,-64,9.50"
RX,157818,R35,TXC,N31,19,84381,G,1,0.93,0.9,5.0,U,-74.0,9.5,True,,2026-07-09T14:21:09.382+00:00,/dev/cu.usbserial-58870137921,"RX,157818,R35,TXC,N31,19,84381,G,1,0.93,0.90,5,U,-74,9.50"
RX,158064,R35,TXA,N01,82,84627,C,1,0.81,0.78,5.0,F,-81.0,10.5,True,,2026-07-09T14:21:09.628+00:00,/dev/cu.usbserial-58870137921,"RX,158064,R35,TXA,N01,82,84627,C,1,0.81,0.78,5,F,-81,10.50"
RX,158331,R35,TXB,N16,40,84893,A,0,0.75,0.72,5.0,U,-86.0,9.75,True,,2026-07-09T14:21:09.895+00:00,/dev/cu.usbserial-58870137921,"RX,158331,R35,TXB,N16,40,84893,A,0,0.75,0.72,5,U,-86,9.75"
RX,158815,R35,TXE,N61,38,85382,E,1,0.87,0.84,5.0,U,-72.0,9.75,True,,2026-07-09T14:21:10.379+00:00,/dev/cu.usbserial-58870137921,"RX,158815,R35,TXE,N61,38,85382,E,1,0.87,0.84,5,U,-72,9.75"
RX,158923,R35,TXI,N121,19,85481,G,1,0.93,0.9,5.0,U,-71.0,9.75,True,,2026-07-09T14:21:10.487+00:00,/dev/cu.usbserial-58870137921,"RX,158923,R35,TXI,N121,19,85481,G,1,0.93,0.90,5,U,-71,9.75"
RX,159064,R35,TXA,N01,83,85627,D,0,0.24,0.22,5.0,F,-81.0,9.5,True,,2026-07-09T14:21:10.628+00:00,/dev/cu.usbserial-58870137921,"RX,159064,R35,TXA,N01,83,85627,D,0,0.24,0.22,5,F,-81,9.50"
RX,159205,R35,TXK,N151,42,85763,E,1,0.87,0.84,5.0,U,-64.0,9.25,True,,2026-07-09T14:21:10.769+00:00,/dev/cu.usbserial-58870137921,"RX,159205,R35,TXK,N151,42,85763,E,1,0.87,0.84,5,U,-64,9.25"
RX,160064,R35,TXA,N01,84,86627,E,1,0.87,0.84,5.0,F,-81.0,9.75,True,,2026-07-09T14:21:11.629+00:00,/dev/cu.usbserial-58870137921,"RX,160064,R35,TXA,N01,84,86627,E,1,0.87,0.84,5,F,-81,9.75"
RX,160331,R35,TXB,N16,41,86893,C,1,0.81,0.78,5.0,U,-85.0,9.25,True,,2026-07-09T14:21:11.895+00:00,/dev/cu.usbserial-58870137921,"RX,160331,R35,TXB,N16,41,86893,C,1,0.81,0.78,5,U,-85,9.25"
RX,160815,R35,TXE,N61,39,87382,G,1,0.93,0.9,5.0,U,-73.0,10.0,True,,2026-07-09T14:21:12.379+00:00,/dev/cu.usbserial-58870137921,"RX,160815,R35,TXE,N61,39,87382,G,1,0.93,0.90,5,U,-73,10.00"
RX,161064,R35,TXA,N01,85,87627,F,1,0.28,0.26,5.0,F,-79.0,10.0,True,,2026-07-09T14:21:12.629+00:00,/dev/cu.usbserial-58870137921,"RX,161064,R35,TXA,N01,85,87627,F,1,0.28,0.26,5,F,-79,10.00"
RX,161358,R35,TXL,N166,6,87917,G,0,0.93,0.9,5.0,U,-76.0,10.0,True,,2026-07-09T14:21:12.922+00:00,/dev/cu.usbserial-58870137921,"RX,161358,R35,TXL,N166,6,87917,G,0,0.93,0.90,5,U,-76,10.00"
RX,161564,R35,TXF,N76,20,88131,E,1,0.87,0.84,5.0,U,-70.0,10.0,True,,2026-07-09T14:21:13.128+00:00,/dev/cu.usbserial-58870137921,"RX,161564,R35,TXF,N76,20,88131,E,1,0.87,0.84,5,U,-70,10.00"
RX,161868,R35,TXD,N46,10,88431,G,0,0.93,0.9,5.0,U,-67.0,9.75,True,,2026-07-09T14:21:13.432+00:00,/dev/cu.usbserial-58870137921,"RX,161868,R35,TXD,N46,10,88431,G,0,0.93,0.90,5,U,-67,9.75"
RX,162064,R35,TXA,N01,86,88627,G,0,0.93,0.9,5.0,F,-81.0,9.75,True,,2026-07-09T14:21:13.628+00:00,/dev/cu.usbserial-58870137921,"RX,162064,R35,TXA,N01,86,88627,G,0,0.93,0.90,5,F,-81,9.75"
RX,162331,R35,TXB,N16,42,88893,E,1,0.87,0.84,5.0,U,-86.0,10.0,True,,2026-07-09T14:21:13.895+00:00,/dev/cu.usbserial-58870137921,"RX,162331,R35,TXB,N16,42,88893,E,1,0.87,0.84,5,U,-86,10.00"
RX,162513,R35,TXG,N91,9,89080,G,1,0.93,0.9,5.0,U,-86.0,9.25,True,,2026-07-09T14:21:14.076+00:00,/dev/cu.usbserial-58870137921,"RX,162513,R35,TXG,N91,9,89080,G,1,0.93,0.90,5,U,-86,9.25"
RX,162815,R35,TXE,N61,40,89382,A,0,0.75,0.72,5.0,U,-73.0,10.0,True,,2026-07-09T14:21:14.379+00:00,/dev/cu.usbserial-58870137921,"RX,162815,R35,TXE,N61,40,89382,A,0,0.75,0.72,5,U,-73,10.00"
RX,163064,R35,TXA,N01,87,89627,H,1,0.32,0.3,5.0,F,-79.0,9.75,True,,2026-07-09T14:21:14.628+00:00,/dev/cu.usbserial-58870137921,"RX,163064,R35,TXA,N01,87,89627,H,1,0.32,0.30,5,F,-79,9.75"
RX,163205,R35,TXK,N151,44,89763,A,1,0.75,0.72,5.0,U,-64.0,9.5,True,,2026-07-09T14:21:14.768+00:00,/dev/cu.usbserial-58870137921,"RX,163205,R35,TXK,N151,44,89763,A,1,0.75,0.72,5,U,-64,9.50"
RX,163564,R35,TXF,N76,21,90131,G,0,0.93,0.9,5.0,U,-70.0,9.75,True,,2026-07-09T14:21:15.127+00:00,/dev/cu.usbserial-58870137921,"RX,163564,R35,TXF,N76,21,90131,G,0,0.93,0.90,5,U,-70,9.75"
RX,163721,R35,TXJ,N136,9,90280,G,1,0.93,0.9,5.0,U,-70.0,9.5,True,,2026-07-09T14:21:15.285+00:00,/dev/cu.usbserial-58870137921,"RX,163721,R35,TXJ,N136,9,90280,G,1,0.93,0.90,5,U,-70,9.50"
RX,163818,R35,TXC,N31,20,90381,E,1,0.87,0.84,5.0,U,-74.0,9.75,True,,2026-07-09T14:21:15.382+00:00,/dev/cu.usbserial-58870137921,"RX,163818,R35,TXC,N31,20,90381,E,1,0.87,0.84,5,U,-74,9.75"
RX,164064,R35,TXA,N01,88,90627,A,1,0.75,0.72,5.0,F,-79.0,10.0,True,,2026-07-09T14:21:15.628+00:00,/dev/cu.usbserial-58870137921,"RX,164064,R35,TXA,N01,88,90627,A,1,0.75,0.72,5,F,-79,10.00"
RX,164331,R35,TXB,N16,43,90893,G,0,0.93,0.9,5.0,U,-85.0,9.75,True,,2026-07-09T14:21:15.895+00:00,/dev/cu.usbserial-58870137921,"RX,164331,R35,TXB,N16,43,90893,G,0,0.93,0.90,5,U,-85,9.75"
RX,164815,R35,TXE,N61,41,91382,C,1,0.81,0.78,5.0,U,-74.0,9.5,True,,2026-07-09T14:21:16.379+00:00,/dev/cu.usbserial-58870137921,"RX,164815,R35,TXE,N61,41,91382,C,1,0.81,0.78,5,U,-74,9.50"
RX,164923,R35,TXI,N121,20,91481,E,1,0.87,0.84,5.0,U,-71.0,9.5,True,,2026-07-09T14:21:16.486+00:00,/dev/cu.usbserial-58870137921,"RX,164923,R35,TXI,N121,20,91481,E,1,0.87,0.84,5,U,-71,9.50"
RX,165064,R35,TXA,N01,89,91627,B,0,0.2,0.18,5.0,F,-80.0,9.5,True,,2026-07-09T14:21:16.628+00:00,/dev/cu.usbserial-58870137921,"RX,165064,R35,TXA,N01,89,91627,B,0,0.20,0.18,5,F,-80,9.50"
RX,165205,R35,TXK,N151,45,91763,C,1,0.81,0.78,5.0,U,-65.0,9.5,True,,2026-07-09T14:21:16.769+00:00,/dev/cu.usbserial-58870137921,"RX,165205,R35,TXK,N151,45,91763,C,1,0.81,0.78,5,U,-65,9.50"
RX,165818,R35,TXC,N31,21,92381,G,0,0.93,0.9,5.0,U,-75.0,10.0,True,,2026-07-09T14:21:17.382+00:00,/dev/cu.usbserial-58870137921,"RX,165818,R35,TXC,N31,21,92381,G,0,0.93,0.90,5,U,-75,10.00"
RX,166064,R35,TXA,N01,90,92627,C,1,0.81,0.78,5.0,F,-79.0,10.0,True,,2026-07-09T14:21:17.628+00:00,/dev/cu.usbserial-58870137921,"RX,166064,R35,TXA,N01,90,92627,C,1,0.81,0.78,5,F,-79,10.00"
RX,166331,R35,TXB,N16,44,92893,A,1,0.75,0.72,5.0,U,-86.0,9.5,True,,2026-07-09T14:21:17.895+00:00,/dev/cu.usbserial-58870137921,"RX,166331,R35,TXB,N16,44,92893,A,1,0.75,0.72,5,U,-86,9.50"
RX,166815,R35,TXE,N61,42,93382,E,1,0.87,0.84,5.0,U,-73.0,10.0,True,,2026-07-09T14:21:18.379+00:00,/dev/cu.usbserial-58870137921,"RX,166815,R35,TXE,N61,42,93382,E,1,0.87,0.84,5,U,-73,10.00"
RX,166923,R35,TXI,N121,21,93481,G,0,0.93,0.9,5.0,U,-71.0,9.75,True,,2026-07-09T14:21:18.486+00:00,/dev/cu.usbserial-58870137921,"RX,166923,R35,TXI,N121,21,93481,G,0,0.93,0.90,5,U,-71,9.75"
RX,167064,R35,TXA,N01,91,93627,D,1,0.24,0.22,5.0,F,-80.0,10.0,True,,2026-07-09T14:21:18.628+00:00,/dev/cu.usbserial-58870137921,"RX,167064,R35,TXA,N01,91,93627,D,1,0.24,0.22,5,F,-80,10.00"
RX,167205,R35,TXK,N151,46,93763,E,0,0.87,0.84,5.0,U,-65.0,9.75,True,,2026-07-09T14:21:18.768+00:00,/dev/cu.usbserial-58870137921,"RX,167205,R35,TXK,N151,46,93763,E,0,0.87,0.84,5,U,-65,9.75"
RX,168064,R35,TXA,N01,92,94627,E,0,0.87,0.84,5.0,F,-81.0,10.0,True,,2026-07-09T14:21:19.629+00:00,/dev/cu.usbserial-58870137921,"RX,168064,R35,TXA,N01,92,94627,E,0,0.87,0.84,5,F,-81,10.00"
RX,168331,R35,TXB,N16,45,94893,C,1,0.81,0.78,5.0,U,-87.0,9.75,True,,2026-07-09T14:21:19.895+00:00,/dev/cu.usbserial-58870137921,"RX,168331,R35,TXB,N16,45,94893,C,1,0.81,0.78,5,U,-87,9.75"
RX,168815,R35,TXE,N61,43,95382,G,0,0.93,0.9,5.0,U,-72.0,9.5,True,,2026-07-09T14:21:20.379+00:00,/dev/cu.usbserial-58870137921,"RX,168815,R35,TXE,N61,43,95382,G,0,0.93,0.90,5,U,-72,9.50"
RX,169064,R35,TXA,N01,93,95627,F,1,0.28,0.26,5.0,F,-85.0,9.75,True,,2026-07-09T14:21:20.628+00:00,/dev/cu.usbserial-58870137921,"RX,169064,R35,TXA,N01,93,95627,F,1,0.28,0.26,5,F,-85,9.75"
RX,169358,R35,TXL,N166,7,95917,G,1,0.93,0.9,5.0,U,-77.0,10.75,True,,2026-07-09T14:21:20.922+00:00,/dev/cu.usbserial-58870137921,"RX,169358,R35,TXL,N166,7,95917,G,1,0.93,0.90,5,U,-77,10.75"
RX,169564,R35,TXF,N76,22,96131,E,0,0.87,0.84,5.0,U,-70.0,9.75,True,,2026-07-09T14:21:21.127+00:00,/dev/cu.usbserial-58870137921,"RX,169564,R35,TXF,N76,22,96131,E,0,0.87,0.84,5,U,-70,9.75"
RX,169868,R35,TXD,N46,11,96431,G,1,0.93,0.9,5.0,U,-68.0,10.0,True,,2026-07-09T14:21:21.432+00:00,/dev/cu.usbserial-58870137921,"RX,169868,R35,TXD,N46,11,96431,G,1,0.93,0.90,5,U,-68,10.00"
RX,170064,R35,TXA,N01,94,96627,G,1,0.93,0.9,5.0,F,-83.0,10.0,True,,2026-07-09T14:21:21.629+00:00,/dev/cu.usbserial-58870137921,"RX,170064,R35,TXA,N01,94,96627,G,1,0.93,0.90,5,F,-83,10.00"
RX,170331,R35,TXB,N16,46,96893,E,0,0.87,0.84,5.0,U,-88.0,9.75,True,,2026-07-09T14:21:21.895+00:00,/dev/cu.usbserial-58870137921,"RX,170331,R35,TXB,N16,46,96893,E,0,0.87,0.84,5,U,-88,9.75"
RX,170513,R35,TXG,N91,10,97080,G,0,0.93,0.9,5.0,U,-77.0,10.25,True,,2026-07-09T14:21:22.077+00:00,/dev/cu.usbserial-58870137921,"RX,170513,R35,TXG,N91,10,97080,G,0,0.93,0.90,5,U,-77,10.25"
RX,170815,R35,TXE,N61,44,97382,A,1,0.75,0.72,5.0,U,-72.0,10.25,True,,2026-07-09T14:21:22.379+00:00,/dev/cu.usbserial-58870137921,"RX,170815,R35,TXE,N61,44,97382,A,1,0.75,0.72,5,U,-72,10.25"
RX,171064,R35,TXA,N01,95,97627,H,0,0.32,0.3,5.0,F,-81.0,9.5,True,,2026-07-09T14:21:22.628+00:00,/dev/cu.usbserial-58870137921,"RX,171064,R35,TXA,N01,95,97627,H,0,0.32,0.30,5,F,-81,9.50"
RX,171204,R35,TXK,N151,48,97763,A,1,0.75,0.72,5.0,U,-65.0,9.75,True,,2026-07-09T14:21:22.768+00:00,/dev/cu.usbserial-58870137921,"RX,171204,R35,TXK,N151,48,97763,A,1,0.75,0.72,5,U,-65,9.75"
RX,171564,R35,TXF,N76,23,98131,G,1,0.93,0.9,5.0,U,-70.0,10.0,True,,2026-07-09T14:21:23.127+00:00,/dev/cu.usbserial-58870137921,"RX,171564,R35,TXF,N76,23,98131,G,1,0.93,0.90,5,U,-70,10.00"
RX,171722,R35,TXJ,N136,10,98280,G,0,0.93,0.9,5.0,U,-71.0,9.5,True,,2026-07-09T14:21:23.285+00:00,/dev/cu.usbserial-58870137921,"RX,171722,R35,TXJ,N136,10,98280,G,0,0.93,0.90,5,U,-71,9.50"
RX,171818,R35,TXC,N31,22,98381,E,0,0.87,0.84,5.0,U,-75.0,9.25,True,,2026-07-09T14:21:23.381+00:00,/dev/cu.usbserial-58870137921,"RX,171818,R35,TXC,N31,22,98381,E,0,0.87,0.84,5,U,-75,9.25"
RX,172064,R35,TXA,N01,96,98627,A,1,0.75,0.72,5.0,F,-82.0,10.0,True,,2026-07-09T14:21:23.628+00:00,/dev/cu.usbserial-58870137921,"RX,172064,R35,TXA,N01,96,98627,A,1,0.75,0.72,5,F,-82,10.00"
RX,172331,R35,TXB,N16,47,98893,G,1,0.93,0.9,5.0,U,-85.0,10.0,True,,2026-07-09T14:21:23.895+00:00,/dev/cu.usbserial-58870137921,"RX,172331,R35,TXB,N16,47,98893,G,1,0.93,0.90,5,U,-85,10.00"
RX,172815,R35,TXE,N61,45,99382,C,1,0.81,0.78,5.0,U,-72.0,9.75,True,,2026-07-09T14:21:24.379+00:00,/dev/cu.usbserial-58870137921,"RX,172815,R35,TXE,N61,45,99382,C,1,0.81,0.78,5,U,-72,9.75"
RX,172923,R35,TXI,N121,22,99481,E,0,0.87,0.84,5.0,U,-72.0,9.5,True,,2026-07-09T14:21:24.486+00:00,/dev/cu.usbserial-58870137921,"RX,172923,R35,TXI,N121,22,99481,E,0,0.87,0.84,5,U,-72,9.50"
RX,173064,R35,TXA,N01,97,99627,B,1,0.2,0.18,5.0,F,-86.0,9.5,True,,2026-07-09T14:21:24.628+00:00,/dev/cu.usbserial-58870137921,"RX,173064,R35,TXA,N01,97,99627,B,1,0.20,0.18,5,F,-86,9.50"
RX,173205,R35,TXK,N151,49,99763,C,0,0.81,0.78,5.0,U,-65.0,9.5,True,,2026-07-09T14:21:24.768+00:00,/dev/cu.usbserial-58870137921,"RX,173205,R35,TXK,N151,49,99763,C,0,0.81,0.78,5,U,-65,9.50"
RX,173818,R35,TXC,N31,23,100381,G,1,0.93,0.9,5.0,U,-76.0,9.75,True,,2026-07-09T14:21:25.382+00:00,/dev/cu.usbserial-58870137921,"RX,173818,R35,TXC,N31,23,100381,G,1,0.93,0.90,5,U,-76,9.75"
RX,174065,R35,TXA,N01,98,100627,C,0,0.81,0.78,5.0,F,-83.0,9.75,True,,2026-07-09T14:21:25.629+00:00,/dev/cu.usbserial-58870137921,"RX,174065,R35,TXA,N01,98,100627,C,0,0.81,0.78,5,F,-83,9.75"
RX,174331,R35,TXB,N16,48,100893,A,1,0.75,0.72,5.0,U,-83.0,9.25,True,,2026-07-09T14:21:25.895+00:00,/dev/cu.usbserial-58870137921,"RX,174331,R35,TXB,N16,48,100893,A,1,0.75,0.72,5,U,-83,9.25"
RX,174815,R35,TXE,N61,46,101382,E,0,0.87,0.84,5.0,U,-72.0,9.5,True,,2026-07-09T14:21:26.379+00:00,/dev/cu.usbserial-58870137921,"RX,174815,R35,TXE,N61,46,101382,E,0,0.87,0.84,5,U,-72,9.50"
RX,174923,R35,TXI,N121,23,101481,G,1,0.93,0.9,5.0,U,-71.0,9.25,True,,2026-07-09T14:21:26.487+00:00,/dev/cu.usbserial-58870137921,"RX,174923,R35,TXI,N121,23,101481,G,1,0.93,0.90,5,U,-71,9.25"
RX,175065,R35,TXA,N01,99,101627,D,1,0.24,0.22,5.0,F,-79.0,9.75,True,,2026-07-09T14:21:26.628+00:00,/dev/cu.usbserial-58870137921,"RX,175065,R35,TXA,N01,99,101627,D,1,0.24,0.22,5,F,-79,9.75"
RX,175205,R35,TXK,N151,50,101763,E,1,0.87,0.84,5.0,U,-65.0,9.25,True,,2026-07-09T14:21:26.769+00:00,/dev/cu.usbserial-58870137921,"RX,175205,R35,TXK,N151,50,101763,E,1,0.87,0.84,5,U,-65,9.25"
RX,176065,R35,TXA,N01,100,102627,E,1,0.87,0.84,5.0,F,-76.0,9.5,True,,2026-07-09T14:21:27.629+00:00,/dev/cu.usbserial-58870137921,"RX,176065,R35,TXA,N01,100,102627,E,1,0.87,0.84,5,F,-76,9.50"
RX,176331,R35,TXB,N16,49,102893,C,0,0.81,0.78,5.0,U,-81.0,9.75,True,,2026-07-09T14:21:27.895+00:00,/dev/cu.usbserial-58870137921,"RX,176331,R35,TXB,N16,49,102893,C,0,0.81,0.78,5,U,-81,9.75"
RX,176815,R35,TXE,N61,47,103382,G,1,0.93,0.9,5.0,U,-74.0,9.75,True,,2026-07-09T14:21:28.379+00:00,/dev/cu.usbserial-58870137921,"RX,176815,R35,TXE,N61,47,103382,G,1,0.93,0.90,5,U,-74,9.75"
RX,177065,R35,TXA,N01,101,103627,F,0,0.28,0.26,5.0,F,-78.0,10.0,True,,2026-07-09T14:21:28.629+00:00,/dev/cu.usbserial-58870137921,"RX,177065,R35,TXA,N01,101,103627,F,0,0.28,0.26,5,F,-78,10.00"
RX,177205,R35,TXK,N151,51,103763,G,1,0.93,0.9,5.0,U,-65.0,9.5,True,,2026-07-09T14:21:28.769+00:00,/dev/cu.usbserial-58870137921,"RX,177205,R35,TXK,N151,51,103763,G,1,0.93,0.90,5,U,-65,9.50"
RX,177564,R35,TXF,N76,24,104131,E,1,0.87,0.84,5.0,U,-71.0,9.0,True,,2026-07-09T14:21:29.128+00:00,/dev/cu.usbserial-58870137921,"RX,177564,R35,TXF,N76,24,104131,E,1,0.87,0.84,5,U,-71,9.00"
RX,177868,R35,TXD,N46,12,104431,G,1,0.93,0.9,5.0,U,-67.0,9.5,True,,2026-07-09T14:21:29.432+00:00,/dev/cu.usbserial-58870137921,"RX,177868,R35,TXD,N46,12,104431,G,1,0.93,0.90,5,U,-67,9.50"
RX,178065,R35,TXA,N01,102,104627,G,1,0.93,0.9,5.0,F,-85.0,9.25,True,,2026-07-09T14:21:29.629+00:00,/dev/cu.usbserial-58870137921,"RX,178065,R35,TXA,N01,102,104627,G,1,0.93,0.90,5,F,-85,9.25"
RX,178331,R35,TXB,N16,50,104893,E,1,0.87,0.84,5.0,U,-85.0,9.5,True,,2026-07-09T14:21:29.895+00:00,/dev/cu.usbserial-58870137921,"RX,178331,R35,TXB,N16,50,104893,E,1,0.87,0.84,5,U,-85,9.50"
RX,178513,R35,TXG,N91,11,105080,G,1,0.93,0.9,5.0,U,-76.0,9.5,True,,2026-07-09T14:21:30.077+00:00,/dev/cu.usbserial-58870137921,"RX,178513,R35,TXG,N91,11,105080,G,1,0.93,0.90,5,U,-76,9.50"
RX,178815,R35,TXE,N61,48,105382,A,1,0.75,0.72,5.0,U,-74.0,9.75,True,,2026-07-09T14:21:30.379+00:00,/dev/cu.usbserial-58870137921,"RX,178815,R35,TXE,N61,48,105382,A,1,0.75,0.72,5,U,-74,9.75"
RX,179065,R35,TXA,N01,103,105627,H,1,0.32,0.3,5.0,F,-77.0,10.0,True,,2026-07-09T14:21:30.629+00:00,/dev/cu.usbserial-58870137921,"RX,179065,R35,TXA,N01,103,105627,H,1,0.32,0.30,5,F,-77,10.00"
RX,179205,R35,TXK,N151,52,105763,A,0,0.75,0.72,5.0,U,-65.0,9.5,True,,2026-07-09T14:21:30.769+00:00,/dev/cu.usbserial-58870137921,"RX,179205,R35,TXK,N151,52,105763,A,0,0.75,0.72,5,U,-65,9.50"
RX,179564,R35,TXF,N76,25,106131,G,1,0.93,0.9,5.0,U,-70.0,9.75,True,,2026-07-09T14:21:31.128+00:00,/dev/cu.usbserial-58870137921,"RX,179564,R35,TXF,N76,25,106131,G,1,0.93,0.90,5,U,-70,9.75"
RX,179722,R35,TXJ,N136,11,106280,G,1,0.93,0.9,5.0,U,-70.0,10.0,True,,2026-07-09T14:21:31.286+00:00,/dev/cu.usbserial-58870137921,"RX,179722,R35,TXJ,N136,11,106280,G,1,0.93,0.90,5,U,-70,10.00"
RX,179818,R35,TXC,N31,24,106381,E,1,0.87,0.84,5.0,U,-75.0,9.5,True,,2026-07-09T14:21:31.381+00:00,/dev/cu.usbserial-58870137921,"RX,179818,R35,TXC,N31,24,106381,E,1,0.87,0.84,5,U,-75,9.50"
RX,180065,R35,TXA,N01,104,106627,A,0,0.75,0.72,5.0,F,-80.0,9.25,True,,2026-07-09T14:21:31.628+00:00,/dev/cu.usbserial-58870137921,"RX,180065,R35,TXA,N01,104,106627,A,0,0.75,0.72,5,F,-80,9.25"
RX,180331,R35,TXB,N16,51,106893,G,1,0.93,0.9,5.0,U,-87.0,9.75,True,,2026-07-09T14:21:31.895+00:00,/dev/cu.usbserial-58870137921,"RX,180331,R35,TXB,N16,51,106893,G,1,0.93,0.90,5,U,-87,9.75"
RX,180815,R35,TXE,N61,49,107382,C,0,0.81,0.78,5.0,U,-75.0,9.75,True,,2026-07-09T14:21:32.379+00:00,/dev/cu.usbserial-58870137921,"RX,180815,R35,TXE,N61,49,107382,C,0,0.81,0.78,5,U,-75,9.75"
RX,180923,R35,TXI,N121,24,107481,E,1,0.87,0.84,5.0,U,-69.0,9.25,True,,2026-07-09T14:21:32.487+00:00,/dev/cu.usbserial-58870137921,"RX,180923,R35,TXI,N121,24,107481,E,1,0.87,0.84,5,U,-69,9.25"
RX,181065,R35,TXA,N01,105,107627,B,1,0.2,0.18,5.0,F,-84.0,9.75,True,,2026-07-09T14:21:32.629+00:00,/dev/cu.usbserial-58870137921,"RX,181065,R35,TXA,N01,105,107627,B,1,0.20,0.18,5,F,-84,9.75"
RX,181205,R35,TXK,N151,53,107763,C,1,0.81,0.78,5.0,U,-65.0,10.0,True,,2026-07-09T14:21:32.769+00:00,/dev/cu.usbserial-58870137921,"RX,181205,R35,TXK,N151,53,107763,C,1,0.81,0.78,5,U,-65,10.00"
RX,181818,R35,TXC,N31,25,108381,G,1,0.93,0.9,5.0,U,-71.0,9.5,True,,2026-07-09T14:21:33.382+00:00,/dev/cu.usbserial-58870137921,"RX,181818,R35,TXC,N31,25,108381,G,1,0.93,0.90,5,U,-71,9.50"
RX,182065,R35,TXA,N01,106,108627,C,1,0.81,0.78,5.0,F,-87.0,9.25,True,,2026-07-09T14:21:33.629+00:00,/dev/cu.usbserial-58870137921,"RX,182065,R35,TXA,N01,106,108627,C,1,0.81,0.78,5,F,-87,9.25"
RX,182331,R35,TXB,N16,52,108893,A,0,0.75,0.72,5.0,U,-82.0,9.5,True,,2026-07-09T14:21:33.895+00:00,/dev/cu.usbserial-58870137921,"RX,182331,R35,TXB,N16,52,108893,A,0,0.75,0.72,5,U,-82,9.50"
RX,182815,R35,TXE,N61,50,109382,E,1,0.87,0.84,5.0,U,-73.0,10.0,True,,2026-07-09T14:21:34.379+00:00,/dev/cu.usbserial-58870137921,"RX,182815,R35,TXE,N61,50,109382,E,1,0.87,0.84,5,U,-73,10.00"
RX,182923,R35,TXI,N121,25,109481,G,1,0.93,0.9,5.0,U,-70.0,9.0,True,,2026-07-09T14:21:34.487+00:00,/dev/cu.usbserial-58870137921,"RX,182923,R35,TXI,N121,25,109481,G,1,0.93,0.90,5,U,-70,9.00"
RX,183065,R35,TXA,N01,107,109627,D,0,0.24,0.22,5.0,F,-80.0,9.25,True,,2026-07-09T14:21:34.628+00:00,/dev/cu.usbserial-58870137921,"RX,183065,R35,TXA,N01,107,109627,D,0,0.24,0.22,5,F,-80,9.25"
RX,183205,R35,TXK,N151,54,109763,E,1,0.87,0.84,5.0,U,-66.0,9.75,True,,2026-07-09T14:21:34.768+00:00,/dev/cu.usbserial-58870137921,"RX,183205,R35,TXK,N151,54,109763,E,1,0.87,0.84,5,U,-66,9.75"
RX,184065,R35,TXA,N01,108,110627,E,1,0.87,0.84,5.0,F,-82.0,9.5,True,,2026-07-09T14:21:35.628+00:00,/dev/cu.usbserial-58870137921,"RX,184065,R35,TXA,N01,108,110627,E,1,0.87,0.84,5,F,-82,9.50"
RX,184331,R35,TXB,N16,53,110893,C,1,0.81,0.78,5.0,U,-87.0,9.75,True,,2026-07-09T14:21:35.895+00:00,/dev/cu.usbserial-58870137921,"RX,184331,R35,TXB,N16,53,110893,C,1,0.81,0.78,5,U,-87,9.75"
RX,184815,R35,TXE,N61,51,111382,G,1,0.93,0.9,5.0,U,-75.0,9.25,True,,2026-07-09T14:21:36.379+00:00,/dev/cu.usbserial-58870137921,"RX,184815,R35,TXE,N61,51,111382,G,1,0.93,0.90,5,U,-75,9.25"
RX,185065,R35,TXA,N01,109,111627,F,1,0.28,0.26,5.0,F,-81.0,9.25,True,,2026-07-09T14:21:36.629+00:00,/dev/cu.usbserial-58870137921,"RX,185065,R35,TXA,N01,109,111627,F,1,0.28,0.26,5,F,-81,9.25"
RX,185205,R35,TXK,N151,55,111763,G,0,0.93,0.9,5.0,U,-65.0,9.5,True,,2026-07-09T14:21:36.768+00:00,/dev/cu.usbserial-58870137921,"RX,185205,R35,TXK,N151,55,111763,G,0,0.93,0.90,5,U,-65,9.50"
RX,185564,R35,TXF,N76,26,112131,E,1,0.87,0.84,5.0,U,-70.0,9.75,True,,2026-07-09T14:21:37.128+00:00,/dev/cu.usbserial-58870137921,"RX,185564,R35,TXF,N76,26,112131,E,1,0.87,0.84,5,U,-70,9.75"
RX,185868,R35,TXD,N46,13,112431,G,0,0.93,0.9,5.0,U,-70.0,9.5,True,,2026-07-09T14:21:37.432+00:00,/dev/cu.usbserial-58870137921,"RX,185868,R35,TXD,N46,13,112431,G,0,0.93,0.90,5,U,-70,9.50"
RX,186065,R35,TXA,N01,110,112627,G,0,0.93,0.9,5.0,F,-80.0,9.5,True,,2026-07-09T14:21:37.629+00:00,/dev/cu.usbserial-58870137921,"RX,186065,R35,TXA,N01,110,112627,G,0,0.93,0.90,5,F,-80,9.50"
RX,186331,R35,TXB,N16,54,112893,E,1,0.87,0.84,5.0,U,-86.0,9.75,True,,2026-07-09T14:21:37.895+00:00,/dev/cu.usbserial-58870137921,"RX,186331,R35,TXB,N16,54,112893,E,1,0.87,0.84,5,U,-86,9.75"
RX,186513,R35,TXG,N91,12,113080,G,1,0.93,0.9,5.0,U,-84.0,10.25,True,,2026-07-09T14:21:38.076+00:00,/dev/cu.usbserial-58870137921,"RX,186513,R35,TXG,N91,12,113080,G,1,0.93,0.90,5,U,-84,10.25"
RX,186815,R35,TXE,N61,52,113382,A,0,0.75,0.72,5.0,U,-74.0,10.25,True,,2026-07-09T14:21:38.379+00:00,/dev/cu.usbserial-58870137921,"RX,186815,R35,TXE,N61,52,113382,A,0,0.75,0.72,5,U,-74,10.25"
RX,187065,R35,TXA,N01,111,113627,H,1,0.32,0.3,5.0,F,-85.0,10.0,True,,2026-07-09T14:21:38.630+00:00,/dev/cu.usbserial-58870137921,"RX,187065,R35,TXA,N01,111,113627,H,1,0.32,0.30,5,F,-85,10.00"
RX,187205,R35,TXK,N151,56,113763,A,1,0.75,0.72,5.0,U,-65.0,9.75,True,,2026-07-09T14:21:38.768+00:00,/dev/cu.usbserial-58870137921,"RX,187205,R35,TXK,N151,56,113763,A,1,0.75,0.72,5,U,-65,9.75"
RX,187563,R35,TXF,N76,27,114131,G,0,0.93,0.9,5.0,U,-71.0,9.5,True,,2026-07-09T14:21:39.127+00:00,/dev/cu.usbserial-58870137921,"RX,187563,R35,TXF,N76,27,114131,G,0,0.93,0.90,5,U,-71,9.50"
RX,187722,R35,TXJ,N136,12,114280,G,1,0.93,0.9,5.0,U,-72.0,10.75,True,,2026-07-09T14:21:39.285+00:00,/dev/cu.usbserial-58870137921,"RX,187722,R35,TXJ,N136,12,114280,G,1,0.93,0.90,5,U,-72,10.75"
RX,187818,R35,TXC,N31,26,114381,E,1,0.87,0.84,5.0,U,-73.0,9.75,True,,2026-07-09T14:21:39.381+00:00,/dev/cu.usbserial-58870137921,"RX,187818,R35,TXC,N31,26,114381,E,1,0.87,0.84,5,U,-73,9.75"
RX,188065,R35,TXA,N01,112,114627,A,1,0.75,0.72,5.0,F,-82.0,9.5,True,,2026-07-09T14:21:39.628+00:00,/dev/cu.usbserial-58870137921,"RX,188065,R35,TXA,N01,112,114627,A,1,0.75,0.72,5,F,-82,9.50"
RX,188331,R35,TXB,N16,55,114893,G,0,0.93,0.9,5.0,U,-86.0,9.5,True,,2026-07-09T14:21:39.895+00:00,/dev/cu.usbserial-58870137921,"RX,188331,R35,TXB,N16,55,114893,G,0,0.93,0.90,5,U,-86,9.50"
RX,188815,R35,TXE,N61,53,115382,C,1,0.81,0.78,5.0,U,-74.0,9.75,True,,2026-07-09T14:21:40.379+00:00,/dev/cu.usbserial-58870137921,"RX,188815,R35,TXE,N61,53,115382,C,1,0.81,0.78,5,U,-74,9.75"
RX,188922,R35,TXI,N121,26,115481,E,1,0.87,0.84,5.0,U,-71.0,10.0,True,,2026-07-09T14:21:40.486+00:00,/dev/cu.usbserial-58870137921,"RX,188922,R35,TXI,N121,26,115481,E,1,0.87,0.84,5,U,-71,10.00"
RX,189065,R35,TXA,N01,113,115627,B,0,0.2,0.18,5.0,F,-84.0,9.75,True,,2026-07-09T14:21:40.628+00:00,/dev/cu.usbserial-58870137921,"RX,189065,R35,TXA,N01,113,115627,B,0,0.20,0.18,5,F,-84,9.75"
RX,189204,R35,TXK,N151,57,115763,C,1,0.81,0.78,5.0,U,-65.0,9.5,True,,2026-07-09T14:21:40.768+00:00,/dev/cu.usbserial-58870137921,"RX,189204,R35,TXK,N151,57,115763,C,1,0.81,0.78,5,U,-65,9.50"
RX,189818,R35,TXC,N31,27,116381,G,0,0.93,0.9,5.0,U,-75.0,9.25,True,,2026-07-09T14:21:41.381+00:00,/dev/cu.usbserial-58870137921,"RX,189818,R35,TXC,N31,27,116381,G,0,0.93,0.90,5,U,-75,9.25"
RX,190064,R35,TXA,N01,114,116627,C,1,0.81,0.78,5.0,F,-84.0,9.75,True,,2026-07-09T14:21:41.628+00:00,/dev/cu.usbserial-58870137921,"RX,190064,R35,TXA,N01,114,116627,C,1,0.81,0.78,5,F,-84,9.75"
RX,190331,R35,TXB,N16,56,116893,A,1,0.75,0.72,5.0,U,-86.0,9.25,True,,2026-07-09T14:21:41.895+00:00,/dev/cu.usbserial-58870137921,"RX,190331,R35,TXB,N16,56,116893,A,1,0.75,0.72,5,U,-86,9.25"
RX,190815,R35,TXE,N61,54,117382,E,1,0.87,0.84,5.0,U,-73.0,10.5,True,,2026-07-09T14:21:42.378+00:00,/dev/cu.usbserial-58870137921,"RX,190815,R35,TXE,N61,54,117382,E,1,0.87,0.84,5,U,-73,10.50"
RX,190922,R35,TXI,N121,27,117481,G,0,0.93,0.9,5.0,U,-71.0,9.5,True,,2026-07-09T14:21:42.486+00:00,/dev/cu.usbserial-58870137921,"RX,190922,R35,TXI,N121,27,117481,G,0,0.93,0.90,5,U,-71,9.50"
RX,191065,R35,TXA,N01,115,117627,D,1,0.24,0.22,5.0,F,-83.0,9.5,True,,2026-07-09T14:21:42.628+00:00,/dev/cu.usbserial-58870137921,"RX,191065,R35,TXA,N01,115,117627,D,1,0.24,0.22,5,F,-83,9.50"
RX,191205,R35,TXK,N151,58,117763,E,0,0.87,0.84,5.0,U,-65.0,9.5,True,,2026-07-09T14:21:42.769+00:00,/dev/cu.usbserial-58870137921,"RX,191205,R35,TXK,N151,58,117763,E,0,0.87,0.84,5,U,-65,9.50"
RX,192065,R35,TXA,N01,116,118627,E,0,0.87,0.84,5.0,F,-85.0,9.25,True,,2026-07-09T14:21:43.629+00:00,/dev/cu.usbserial-58870137921,"RX,192065,R35,TXA,N01,116,118627,E,0,0.87,0.84,5,F,-85,9.25"
RX,192331,R35,TXB,N16,57,118893,C,1,0.81,0.78,5.0,U,-86.0,9.5,True,,2026-07-09T14:21:43.895+00:00,/dev/cu.usbserial-58870137921,"RX,192331,R35,TXB,N16,57,118893,C,1,0.81,0.78,5,U,-86,9.50"
RX,192815,R35,TXE,N61,55,119382,G,0,0.93,0.9,5.0,U,-74.0,10.0,True,,2026-07-09T14:21:44.379+00:00,/dev/cu.usbserial-58870137921,"RX,192815,R35,TXE,N61,55,119382,G,0,0.93,0.90,5,U,-74,10.00"
RX,193065,R35,TXA,N01,117,119627,F,1,0.28,0.26,5.0,F,-89.0,9.75,True,,2026-07-09T14:21:44.628+00:00,/dev/cu.usbserial-58870137921,"RX,193065,R35,TXA,N01,117,119627,F,1,0.28,0.26,5,F,-89,9.75"
RX,193204,R35,TXK,N151,59,119763,G,1,0.93,0.9,5.0,U,-64.0,9.75,True,,2026-07-09T14:21:44.768+00:00,/dev/cu.usbserial-58870137921,"RX,193204,R35,TXK,N151,59,119763,G,1,0.93,0.90,5,U,-64,9.75"
RX,193563,R35,TXF,N76,28,120131,E,0,0.87,0.84,5.0,U,-71.0,9.5,True,,2026-07-09T14:21:45.127+00:00,/dev/cu.usbserial-58870137921,"RX,193563,R35,TXF,N76,28,120131,E,0,0.87,0.84,5,U,-71,9.50"
RX,193868,R35,TXD,N46,14,120431,G,1,0.93,0.9,5.0,U,-70.0,9.25,True,,2026-07-09T14:21:45.432+00:00,/dev/cu.usbserial-58870137921,"RX,193868,R35,TXD,N46,14,120431,G,1,0.93,0.90,5,U,-70,9.25"
RX,194065,R35,TXA,N01,118,120627,G,1,0.93,0.9,5.0,F,-86.0,9.5,True,,2026-07-09T14:21:45.628+00:00,/dev/cu.usbserial-58870137921,"RX,194065,R35,TXA,N01,118,120627,G,1,0.93,0.90,5,F,-86,9.50"
RX,194331,R35,TXB,N16,58,120893,E,0,0.87,0.84,5.0,U,-85.0,9.5,True,,2026-07-09T14:21:45.895+00:00,/dev/cu.usbserial-58870137921,"RX,194331,R35,TXB,N16,58,120893,E,0,0.87,0.84,5,U,-85,9.50"
RX,194513,R35,TXG,N91,13,121080,G,0,0.93,0.9,5.0,U,-83.0,9.75,True,,2026-07-09T14:21:46.076+00:00,/dev/cu.usbserial-58870137921,"RX,194513,R35,TXG,N91,13,121080,G,0,0.93,0.90,5,U,-83,9.75"
RX,194815,R35,TXE,N61,56,121382,A,1,0.75,0.72,5.0,U,-74.0,10.25,True,,2026-07-09T14:21:46.379+00:00,/dev/cu.usbserial-58870137921,"RX,194815,R35,TXE,N61,56,121382,A,1,0.75,0.72,5,U,-74,10.25"
RX,195065,R35,TXA,N01,119,121627,H,0,0.32,0.3,5.0,F,-85.0,9.5,True,,2026-07-09T14:21:46.628+00:00,/dev/cu.usbserial-58870137921,"RX,195065,R35,TXA,N01,119,121627,H,0,0.32,0.30,5,F,-85,9.50"
RX,195204,R35,TXK,N151,60,121763,A,1,0.75,0.72,5.0,U,-65.0,10.25,True,,2026-07-09T14:21:46.768+00:00,/dev/cu.usbserial-58870137921,"RX,195204,R35,TXK,N151,60,121763,A,1,0.75,0.72,5,U,-65,10.25"
RX,195563,R35,TXF,N76,29,122131,G,1,0.93,0.9,5.0,U,-71.0,9.75,True,,2026-07-09T14:21:47.127+00:00,/dev/cu.usbserial-58870137921,"RX,195563,R35,TXF,N76,29,122131,G,1,0.93,0.90,5,U,-71,9.75"
RX,195721,R35,TXJ,N136,13,122280,G,0,0.93,0.9,5.0,U,-71.0,10.75,True,,2026-07-09T14:21:47.285+00:00,/dev/cu.usbserial-58870137921,"RX,195721,R35,TXJ,N136,13,122280,G,0,0.93,0.90,5,U,-71,10.75"
RX,195818,R35,TXC,N31,28,122381,E,0,0.87,0.84,5.0,U,-76.0,9.5,True,,2026-07-09T14:21:47.381+00:00,/dev/cu.usbserial-58870137921,"RX,195818,R35,TXC,N31,28,122381,E,0,0.87,0.84,5,U,-76,9.50"
RX,196065,R35,TXA,N01,120,122627,A,1,0.75,0.72,5.0,F,-85.0,9.25,True,,2026-07-09T14:21:47.628+00:00,/dev/cu.usbserial-58870137921,"RX,196065,R35,TXA,N01,120,122627,A,1,0.75,0.72,5,F,-85,9.25"
RX,196331,R35,TXB,N16,59,122893,G,1,0.93,0.9,5.0,U,-86.0,9.0,True,,2026-07-09T14:21:47.895+00:00,/dev/cu.usbserial-58870137921,"RX,196331,R35,TXB,N16,59,122893,G,1,0.93,0.90,5,U,-86,9.00"
RX,196815,R35,TXE,N61,57,123382,C,1,0.81,0.78,5.0,U,-74.0,9.25,True,,2026-07-09T14:21:48.379+00:00,/dev/cu.usbserial-58870137921,"RX,196815,R35,TXE,N61,57,123382,C,1,0.81,0.78,5,U,-74,9.25"
RX,196922,R35,TXI,N121,28,123481,E,0,0.87,0.84,5.0,U,-70.0,10.0,True,,2026-07-09T14:21:48.486+00:00,/dev/cu.usbserial-58870137921,"RX,196922,R35,TXI,N121,28,123481,E,0,0.87,0.84,5,U,-70,10.00"
RX,197064,R35,TXA,N01,121,123627,B,1,0.2,0.18,5.0,F,-86.0,9.75,True,,2026-07-09T14:21:48.628+00:00,/dev/cu.usbserial-58870137921,"RX,197064,R35,TXA,N01,121,123627,B,1,0.20,0.18,5,F,-86,9.75"
RX,197204,R35,TXK,N151,61,123763,C,0,0.81,0.78,5.0,U,-65.0,9.5,True,,2026-07-09T14:21:48.768+00:00,/dev/cu.usbserial-58870137921,"RX,197204,R35,TXK,N151,61,123763,C,0,0.81,0.78,5,U,-65,9.50"
RX,197818,R35,TXC,N31,29,124381,G,1,0.93,0.9,5.0,U,-77.0,9.5,True,,2026-07-09T14:21:49.381+00:00,/dev/cu.usbserial-58870137921,"RX,197818,R35,TXC,N31,29,124381,G,1,0.93,0.90,5,U,-77,9.50"
RX,198065,R35,TXA,N01,122,124627,C,0,0.81,0.78,5.0,F,-86.0,9.25,True,,2026-07-09T14:21:49.628+00:00,/dev/cu.usbserial-58870137921,"RX,198065,R35,TXA,N01,122,124627,C,0,0.81,0.78,5,F,-86,9.25"
RX,198331,R35,TXB,N16,60,124893,A,1,0.75,0.72,5.0,U,-86.0,9.0,True,,2026-07-09T14:21:49.895+00:00,/dev/cu.usbserial-58870137921,"RX,198331,R35,TXB,N16,60,124893,A,1,0.75,0.72,5,U,-86,9.00"
RX,198815,R35,TXE,N61,58,125382,E,0,0.87,0.84,5.0,U,-74.0,10.0,True,,2026-07-09T14:21:50.378+00:00,/dev/cu.usbserial-58870137921,"RX,198815,R35,TXE,N61,58,125382,E,0,0.87,0.84,5,U,-74,10.00"
RX,198922,R35,TXI,N121,29,125481,G,1,0.93,0.9,5.0,U,-71.0,9.75,True,,2026-07-09T14:21:50.486+00:00,/dev/cu.usbserial-58870137921,"RX,198922,R35,TXI,N121,29,125481,G,1,0.93,0.90,5,U,-71,9.75"
RX,199064,R35,TXA,N01,123,125627,D,1,0.24,0.22,5.0,F,-84.0,9.5,True,,2026-07-09T14:21:50.628+00:00,/dev/cu.usbserial-58870137921,"RX,199064,R35,TXA,N01,123,125627,D,1,0.24,0.22,5,F,-84,9.50"
RX,199204,R35,TXK,N151,62,125763,E,1,0.87,0.84,5.0,U,-64.0,9.0,True,,2026-07-09T14:21:50.768+00:00,/dev/cu.usbserial-58870137921,"RX,199204,R35,TXK,N151,62,125763,E,1,0.87,0.84,5,U,-64,9.00"
RX,200065,R35,TXA,N01,124,126627,E,1,0.87,0.84,5.0,F,-84.0,12.0,True,,2026-07-09T14:21:51.629+00:00,/dev/cu.usbserial-58870137921,"RX,200065,R35,TXA,N01,124,126627,E,1,0.87,0.84,5,F,-84,12.00"
RX,200331,R35,TXB,N16,61,126893,C,0,0.81,0.78,5.0,U,-85.0,10.0,True,,2026-07-09T14:21:51.895+00:00,/dev/cu.usbserial-58870137921,"RX,200331,R35,TXB,N16,61,126893,C,0,0.81,0.78,5,U,-85,10.00"
RX,200815,R35,TXE,N61,59,127382,G,1,0.93,0.9,5.0,U,-74.0,10.0,True,,2026-07-09T14:21:52.379+00:00,/dev/cu.usbserial-58870137921,"RX,200815,R35,TXE,N61,59,127382,G,1,0.93,0.90,5,U,-74,10.00"
RX,201065,R35,TXA,N01,125,127627,F,0,0.28,0.26,5.0,F,-84.0,10.0,True,,2026-07-09T14:21:52.629+00:00,/dev/cu.usbserial-58870137921,"RX,201065,R35,TXA,N01,125,127627,F,0,0.28,0.26,5,F,-84,10.00"
RX,201204,R35,TXK,N151,63,127763,G,1,0.93,0.9,5.0,U,-64.0,9.75,True,,2026-07-09T14:21:52.768+00:00,/dev/cu.usbserial-58870137921,"RX,201204,R35,TXK,N151,63,127763,G,1,0.93,0.90,5,U,-64,9.75"
RX,201563,R35,TXF,N76,30,128131,E,1,0.87,0.84,5.0,U,-71.0,9.25,True,,2026-07-09T14:21:53.127+00:00,/dev/cu.usbserial-58870137921,"RX,201563,R35,TXF,N76,30,128131,E,1,0.87,0.84,5,U,-71,9.25"
RX,201868,R35,TXD,N46,15,128431,G,1,0.93,0.9,5.0,U,-68.0,10.0,True,,2026-07-09T14:21:53.432+00:00,/dev/cu.usbserial-58870137921,"RX,201868,R35,TXD,N46,15,128431,G,1,0.93,0.90,5,U,-68,10.00"
RX,202065,R35,TXA,N01,126,128627,G,1,0.93,0.9,5.0,F,-84.0,10.25,True,,2026-07-09T14:21:53.628+00:00,/dev/cu.usbserial-58870137921,"RX,202065,R35,TXA,N01,126,128627,G,1,0.93,0.90,5,F,-84,10.25"
RX,202331,R35,TXB,N16,62,128893,E,1,0.87,0.84,5.0,U,-85.0,9.25,True,,2026-07-09T14:21:53.895+00:00,/dev/cu.usbserial-58870137921,"RX,202331,R35,TXB,N16,62,128893,E,1,0.87,0.84,5,U,-85,9.25"
RX,202513,R35,TXG,N91,14,129080,G,1,0.93,0.9,5.0,U,-85.0,9.75,True,,2026-07-09T14:21:54.076+00:00,/dev/cu.usbserial-58870137921,"RX,202513,R35,TXG,N91,14,129080,G,1,0.93,0.90,5,U,-85,9.75"
RX,202815,R35,TXE,N61,60,129382,A,1,0.75,0.72,5.0,U,-74.0,9.5,True,,2026-07-09T14:21:54.379+00:00,/dev/cu.usbserial-58870137921,"RX,202815,R35,TXE,N61,60,129382,A,1,0.75,0.72,5,U,-74,9.50"
RX,203064,R35,TXA,N01,127,129627,H,1,0.32,0.3,5.0,F,-84.0,10.25,True,,2026-07-09T14:21:54.628+00:00,/dev/cu.usbserial-58870137921,"RX,203064,R35,TXA,N01,127,129627,H,1,0.32,0.30,5,F,-84,10.25"
RX,203204,R35,TXK,N151,64,129763,A,1,0.75,0.72,5.0,U,-65.0,9.75,True,,2026-07-09T14:21:54.768+00:00,/dev/cu.usbserial-58870137921,"RX,203204,R35,TXK,N151,64,129763,A,1,0.75,0.72,5,U,-65,9.75"
RX,203563,R35,TXF,N76,31,130131,G,1,0.93,0.9,5.0,U,-71.0,9.5,True,,2026-07-09T14:21:55.127+00:00,/dev/cu.usbserial-58870137921,"RX,203563,R35,TXF,N76,31,130131,G,1,0.93,0.90,5,U,-71,9.50"
RX,203721,R35,TXJ,N136,14,130280,G,1,0.93,0.9,5.0,U,-71.0,11.25,True,,2026-07-09T14:21:55.285+00:00,/dev/cu.usbserial-58870137921,"RX,203721,R35,TXJ,N136,14,130280,G,1,0.93,0.90,5,U,-71,11.25"
RX,203817,R35,TXC,N31,30,130381,E,1,0.87,0.84,5.0,U,-77.0,9.75,True,,2026-07-09T14:21:55.381+00:00,/dev/cu.usbserial-58870137921,"RX,203817,R35,TXC,N31,30,130381,E,1,0.87,0.84,5,U,-77,9.75"
RX,204065,R35,TXA,N01,128,130627,A,1,0.75,0.72,5.0,F,-85.0,9.75,True,,2026-07-09T14:21:55.628+00:00,/dev/cu.usbserial-58870137921,"RX,204065,R35,TXA,N01,128,130627,A,1,0.75,0.72,5,F,-85,9.75"
RX,204331,R35,TXB,N16,63,130893,G,1,0.93,0.9,5.0,U,-85.0,9.5,True,,2026-07-09T14:21:55.895+00:00,/dev/cu.usbserial-58870137921,"RX,204331,R35,TXB,N16,63,130893,G,1,0.93,0.90,5,U,-85,9.50"
RX,204815,R35,TXE,N61,61,131382,C,0,0.81,0.78,5.0,U,-74.0,10.5,True,,2026-07-09T14:21:56.379+00:00,/dev/cu.usbserial-58870137921,"RX,204815,R35,TXE,N61,61,131382,C,0,0.81,0.78,5,U,-74,10.50"
RX,204922,R35,TXI,N121,30,131481,E,1,0.87,0.84,5.0,U,-71.0,9.25,True,,2026-07-09T14:21:56.486+00:00,/dev/cu.usbserial-58870137921,"RX,204922,R35,TXI,N121,30,131481,E,1,0.87,0.84,5,U,-71,9.25"
RX,205064,R35,TXA,N01,129,131627,B,0,0.2,0.18,5.0,F,-83.0,9.5,True,,2026-07-09T14:21:56.628+00:00,/dev/cu.usbserial-58870137921,"RX,205064,R35,TXA,N01,129,131627,B,0,0.20,0.18,5,F,-83,9.50"
RX,205204,R35,TXK,N151,65,131763,C,1,0.81,0.78,5.0,U,-65.0,9.25,True,,2026-07-09T14:21:56.768+00:00,/dev/cu.usbserial-58870137921,"RX,205204,R35,TXK,N151,65,131763,C,1,0.81,0.78,5,U,-65,9.25"
RX,205817,R35,TXC,N31,31,132381,G,1,0.93,0.9,5.0,U,-78.0,9.75,True,,2026-07-09T14:21:57.381+00:00,/dev/cu.usbserial-58870137921,"RX,205817,R35,TXC,N31,31,132381,G,1,0.93,0.90,5,U,-78,9.75"
RX,206065,R35,TXA,N01,130,132627,C,1,0.81,0.78,5.0,F,-83.0,9.75,True,,2026-07-09T14:21:57.628+00:00,/dev/cu.usbserial-58870137921,"RX,206065,R35,TXA,N01,130,132627,C,1,0.81,0.78,5,F,-83,9.75"
RX,206331,R35,TXB,N16,64,132893,A,1,0.75,0.72,5.0,U,-86.0,9.25,True,,2026-07-09T14:21:57.895+00:00,/dev/cu.usbserial-58870137921,"RX,206331,R35,TXB,N16,64,132893,A,1,0.75,0.72,5,U,-86,9.25"
RX,206815,R35,TXE,N61,62,133382,E,1,0.87,0.84,5.0,U,-73.0,9.5,True,,2026-07-09T14:21:58.379+00:00,/dev/cu.usbserial-58870137921,"RX,206815,R35,TXE,N61,62,133382,E,1,0.87,0.84,5,U,-73,9.50"
RX,206922,R35,TXI,N121,31,133481,G,1,0.93,0.9,5.0,U,-71.0,9.5,True,,2026-07-09T14:21:58.486+00:00,/dev/cu.usbserial-58870137921,"RX,206922,R35,TXI,N121,31,133481,G,1,0.93,0.90,5,U,-71,9.50"
RX,207064,R35,TXA,N01,131,133627,D,1,0.24,0.22,5.0,F,-83.0,9.75,True,,2026-07-09T14:21:58.628+00:00,/dev/cu.usbserial-58870137921,"RX,207064,R35,TXA,N01,131,133627,D,1,0.24,0.22,5,F,-83,9.75"
RX,207204,R35,TXK,N151,66,133763,E,0,0.87,0.84,5.0,U,-65.0,9.25,True,,2026-07-09T14:21:58.768+00:00,/dev/cu.usbserial-58870137921,"RX,207204,R35,TXK,N151,66,133763,E,0,0.87,0.84,5,U,-65,9.25"
RX,208064,R35,TXA,N01,132,134627,E,0,0.87,0.84,5.0,F,-87.0,10.0,True,,2026-07-09T14:21:59.629+00:00,/dev/cu.usbserial-58870137921,"RX,208064,R35,TXA,N01,132,134627,E,0,0.87,0.84,5,F,-87,10.00"
RX,208331,R35,TXB,N16,65,134893,C,1,0.81,0.78,5.0,U,-85.0,9.75,True,,2026-07-09T14:21:59.895+00:00,/dev/cu.usbserial-58870137921,"RX,208331,R35,TXB,N16,65,134893,C,1,0.81,0.78,5,U,-85,9.75"
RX,208815,R35,TXE,N61,63,135382,G,1,0.93,0.9,5.0,U,-74.0,10.0,True,,2026-07-09T14:22:00.379+00:00,/dev/cu.usbserial-58870137921,"RX,208815,R35,TXE,N61,63,135382,G,1,0.93,0.90,5,U,-74,10.00"
RX,209064,R35,TXA,N01,133,135627,F,1,0.28,0.26,5.0,F,-84.0,10.0,True,,2026-07-09T14:22:00.629+00:00,/dev/cu.usbserial-58870137921,"RX,209064,R35,TXA,N01,133,135627,F,1,0.28,0.26,5,F,-84,10.00"
RX,209358,R35,TXL,N166,8,135917,G,1,0.93,0.9,5.0,U,-78.0,9.5,True,,2026-07-09T14:22:00.922+00:00,/dev/cu.usbserial-58870137921,"RX,209358,R35,TXL,N166,8,135917,G,1,0.93,0.90,5,U,-78,9.50"
RX,209563,R35,TXF,N76,32,136131,E,0,0.87,0.84,5.0,U,-71.0,9.5,True,,2026-07-09T14:22:01.127+00:00,/dev/cu.usbserial-58870137921,"RX,209563,R35,TXF,N76,32,136131,E,0,0.87,0.84,5,U,-71,9.50"
RX,209868,R35,TXD,N46,16,136431,G,1,0.93,0.9,5.0,U,-69.0,9.5,True,,2026-07-09T14:22:01.432+00:00,/dev/cu.usbserial-58870137921,"RX,209868,R35,TXD,N46,16,136431,G,1,0.93,0.90,5,U,-69,9.50"
RX,210064,R35,TXA,N01,134,136627,G,1,0.93,0.9,5.0,F,-82.0,9.75,True,,2026-07-09T14:22:01.628+00:00,/dev/cu.usbserial-58870137921,"RX,210064,R35,TXA,N01,134,136627,G,1,0.93,0.90,5,F,-82,9.75"
RX,210331,R35,TXB,N16,66,136893,E,0,0.87,0.84,5.0,U,-85.0,9.5,True,,2026-07-09T14:22:01.895+00:00,/dev/cu.usbserial-58870137921,"RX,210331,R35,TXB,N16,66,136893,E,0,0.87,0.84,5,U,-85,9.50"
RX,210513,R35,TXG,N91,15,137080,G,1,0.93,0.9,5.0,U,-84.0,9.75,True,,2026-07-09T14:22:02.076+00:00,/dev/cu.usbserial-58870137921,"RX,210513,R35,TXG,N91,15,137080,G,1,0.93,0.90,5,U,-84,9.75"
RX,210815,R35,TXE,N61,64,137382,A,1,0.75,0.72,5.0,U,-74.0,9.75,True,,2026-07-09T14:22:02.379+00:00,/dev/cu.usbserial-58870137921,"RX,210815,R35,TXE,N61,64,137382,A,1,0.75,0.72,5,U,-74,9.75"
RX,211064,R35,TXA,N01,135,137627,H,0,0.32,0.3,5.0,F,-82.0,9.75,True,,2026-07-09T14:22:02.628+00:00,/dev/cu.usbserial-58870137921,"RX,211064,R35,TXA,N01,135,137627,H,0,0.32,0.30,5,F,-82,9.75"
RX,211204,R35,TXK,N151,68,137763,A,1,0.75,0.72,5.0,U,-65.0,9.75,True,,2026-07-09T14:22:02.768+00:00,/dev/cu.usbserial-58870137921,"RX,211204,R35,TXK,N151,68,137763,A,1,0.75,0.72,5,U,-65,9.75"
RX,211563,R35,TXF,N76,33,138131,G,1,0.93,0.9,5.0,U,-71.0,9.5,True,,2026-07-09T14:22:03.127+00:00,/dev/cu.usbserial-58870137921,"RX,211563,R35,TXF,N76,33,138131,G,1,0.93,0.90,5,U,-71,9.50"
RX,211721,R35,TXJ,N136,15,138280,G,1,0.93,0.9,5.0,U,-71.0,9.5,True,,2026-07-09T14:22:03.285+00:00,/dev/cu.usbserial-58870137921,"RX,211721,R35,TXJ,N136,15,138280,G,1,0.93,0.90,5,U,-71,9.50"
RX,211817,R35,TXC,N31,32,138381,E,0,0.87,0.84,5.0,U,-74.0,9.75,True,,2026-07-09T14:22:03.381+00:00,/dev/cu.usbserial-58870137921,"RX,211817,R35,TXC,N31,32,138381,E,0,0.87,0.84,5,U,-74,9.75"
RX,212064,R35,TXA,N01,136,138627,A,1,0.75,0.72,5.0,F,-81.0,10.0,True,,2026-07-09T14:22:03.628+00:00,/dev/cu.usbserial-58870137921,"RX,212064,R35,TXA,N01,136,138627,A,1,0.75,0.72,5,F,-81,10.00"
RX,212331,R35,TXB,N16,67,138893,G,1,0.93,0.9,5.0,U,-86.0,9.75,True,,2026-07-09T14:22:03.895+00:00,/dev/cu.usbserial-58870137921,"RX,212331,R35,TXB,N16,67,138893,G,1,0.93,0.90,5,U,-86,9.75"
RX,212815,R35,TXE,N61,65,139382,C,1,0.81,0.78,5.0,U,-74.0,9.75,True,,2026-07-09T14:22:04.379+00:00,/dev/cu.usbserial-58870137921,"RX,212815,R35,TXE,N61,65,139382,C,1,0.81,0.78,5,U,-74,9.75"
RX,212922,R35,TXI,N121,32,139481,E,0,0.87,0.84,5.0,U,-71.0,10.0,True,,2026-07-09T14:22:04.486+00:00,/dev/cu.usbserial-58870137921,"RX,212922,R35,TXI,N121,32,139481,E,0,0.87,0.84,5,U,-71,10.00"
RX,213064,R35,TXA,N01,137,139627,B,1,0.2,0.18,5.0,F,-82.0,9.5,True,,2026-07-09T14:22:04.628+00:00,/dev/cu.usbserial-58870137921,"RX,213064,R35,TXA,N01,137,139627,B,1,0.20,0.18,5,F,-82,9.50"
RX,213204,R35,TXK,N151,69,139763,C,0,0.81,0.78,5.0,U,-65.0,9.75,True,,2026-07-09T14:22:04.768+00:00,/dev/cu.usbserial-58870137921,"RX,213204,R35,TXK,N151,69,139763,C,0,0.81,0.78,5,U,-65,9.75"
RX,213817,R35,TXC,N31,33,140381,G,1,0.93,0.9,5.0,U,-76.0,9.5,True,,2026-07-09T14:22:05.381+00:00,/dev/cu.usbserial-58870137921,"RX,213817,R35,TXC,N31,33,140381,G,1,0.93,0.90,5,U,-76,9.50"
RX,214064,R35,TXA,N01,138,140627,C,0,0.81,0.78,5.0,F,-82.0,9.75,True,,2026-07-09T14:22:05.628+00:00,/dev/cu.usbserial-58870137921,"RX,214064,R35,TXA,N01,138,140627,C,0,0.81,0.78,5,F,-82,9.75"
RX,214331,R35,TXB,N16,68,140893,A,1,0.75,0.72,5.0,U,-86.0,9.25,True,,2026-07-09T14:22:05.895+00:00,/dev/cu.usbserial-58870137921,"RX,214331,R35,TXB,N16,68,140893,A,1,0.75,0.72,5,U,-86,9.25"
RX,214815,R35,TXE,N61,66,141382,E,0,0.87,0.84,5.0,U,-73.0,10.25,True,,2026-07-09T14:22:06.379+00:00,/dev/cu.usbserial-58870137921,"RX,214815,R35,TXE,N61,66,141382,E,0,0.87,0.84,5,U,-73,10.25"
RX,214922,R35,TXI,N121,33,141481,G,1,0.93,0.9,5.0,U,-71.0,9.75,True,,2026-07-09T14:22:06.486+00:00,/dev/cu.usbserial-58870137921,"RX,214922,R35,TXI,N121,33,141481,G,1,0.93,0.90,5,U,-71,9.75"
RX,215064,R35,TXA,N01,139,141627,D,1,0.24,0.22,5.0,F,-83.0,9.75,True,,2026-07-09T14:22:06.628+00:00,/dev/cu.usbserial-58870137921,"RX,215064,R35,TXA,N01,139,141627,D,1,0.24,0.22,5,F,-83,9.75"
RX,215204,R35,TXK,N151,70,141763,E,1,0.87,0.84,5.0,U,-65.0,9.5,True,,2026-07-09T14:22:06.768+00:00,/dev/cu.usbserial-58870137921,"RX,215204,R35,TXK,N151,70,141763,E,1,0.87,0.84,5,U,-65,9.50"
RX,216064,R35,TXA,N01,140,142627,E,1,0.87,0.84,5.0,F,-82.0,9.5,True,,2026-07-09T14:22:07.628+00:00,/dev/cu.usbserial-58870137921,"RX,216064,R35,TXA,N01,140,142627,E,1,0.87,0.84,5,F,-82,9.50"
RX,216331,R35,TXB,N16,69,142893,C,0,0.81,0.78,5.0,U,-86.0,9.25,True,,2026-07-09T14:22:07.895+00:00,/dev/cu.usbserial-58870137921,"RX,216331,R35,TXB,N16,69,142893,C,0,0.81,0.78,5,U,-86,9.25"
RX,216815,R35,TXE,N61,67,143382,G,1,0.93,0.9,5.0,U,-73.0,9.75,True,,2026-07-09T14:22:08.379+00:00,/dev/cu.usbserial-58870137921,"RX,216815,R35,TXE,N61,67,143382,G,1,0.93,0.90,5,U,-73,9.75"
RX,217064,R35,TXA,N01,141,143627,F,0,0.28,0.26,5.0,F,-83.0,9.75,True,,2026-07-09T14:22:08.628+00:00,/dev/cu.usbserial-58870137921,"RX,217064,R35,TXA,N01,141,143627,F,0,0.28,0.26,5,F,-83,9.75"
RX,217358,R35,TXL,N166,9,143917,G,1,0.93,0.9,5.0,U,-78.0,9.75,True,,2026-07-09T14:22:08.922+00:00,/dev/cu.usbserial-58870137921,"RX,217358,R35,TXL,N166,9,143917,G,1,0.93,0.90,5,U,-78,9.75"
RX,217563,R35,TXF,N76,34,144131,E,1,0.87,0.84,5.0,U,-71.0,10.0,True,,2026-07-09T14:22:09.127+00:00,/dev/cu.usbserial-58870137921,"RX,217563,R35,TXF,N76,34,144131,E,1,0.87,0.84,5,U,-71,10.00"
RX,217868,R35,TXD,N46,17,144431,G,1,0.93,0.9,5.0,U,-69.0,9.75,True,,2026-07-09T14:22:09.432+00:00,/dev/cu.usbserial-58870137921,"RX,217868,R35,TXD,N46,17,144431,G,1,0.93,0.90,5,U,-69,9.75"
RX,218064,R35,TXA,N01,142,144627,G,1,0.93,0.9,5.0,F,-83.0,9.25,True,,2026-07-09T14:22:09.628+00:00,/dev/cu.usbserial-58870137921,"RX,218064,R35,TXA,N01,142,144627,G,1,0.93,0.90,5,F,-83,9.25"
RX,218331,R35,TXB,N16,70,144893,E,1,0.87,0.84,5.0,U,-85.0,9.25,True,,2026-07-09T14:22:09.895+00:00,/dev/cu.usbserial-58870137921,"RX,218331,R35,TXB,N16,70,144893,E,1,0.87,0.84,5,U,-85,9.25"
RX,218512,R35,TXG,N91,16,145080,G,1,0.93,0.9,5.0,U,-86.0,9.25,True,,2026-07-09T14:22:10.076+00:00,/dev/cu.usbserial-58870137921,"RX,218512,R35,TXG,N91,16,145080,G,1,0.93,0.90,5,U,-86,9.25"
RX,218815,R35,TXE,N61,68,145382,A,1,0.75,0.72,5.0,U,-73.0,9.75,True,,2026-07-09T14:22:10.378+00:00,/dev/cu.usbserial-58870137921,"RX,218815,R35,TXE,N61,68,145382,A,1,0.75,0.72,5,U,-73,9.75"
RX,219064,R35,TXA,N01,143,145627,H,1,0.32,0.3,5.0,F,-83.0,10.0,True,,2026-07-09T14:22:10.628+00:00,/dev/cu.usbserial-58870137921,"RX,219064,R35,TXA,N01,143,145627,H,1,0.32,0.30,5,F,-83,10.00"
RX,219204,R35,TXK,N151,72,145763,A,0,0.75,0.72,5.0,U,-65.0,9.25,True,,2026-07-09T14:22:10.768+00:00,/dev/cu.usbserial-58870137921,"RX,219204,R35,TXK,N151,72,145763,A,0,0.75,0.72,5,U,-65,9.25"
RX,219563,R35,TXF,N76,35,146131,G,1,0.93,0.9,5.0,U,-71.0,9.5,True,,2026-07-09T14:22:11.127+00:00,/dev/cu.usbserial-58870137921,"RX,219563,R35,TXF,N76,35,146131,G,1,0.93,0.90,5,U,-71,9.50"
RX,219721,R35,TXJ,N136,16,146280,G,1,0.93,0.9,5.0,U,-71.0,9.75,True,,2026-07-09T14:22:11.285+00:00,/dev/cu.usbserial-58870137921,"RX,219721,R35,TXJ,N136,16,146280,G,1,0.93,0.90,5,U,-71,9.75"
RX,219817,R35,TXC,N31,34,146381,E,1,0.87,0.84,5.0,U,-76.0,9.25,True,,2026-07-09T14:22:11.381+00:00,/dev/cu.usbserial-58870137921,"RX,219817,R35,TXC,N31,34,146381,E,1,0.87,0.84,5,U,-76,9.25"
RX,220064,R35,TXA,N01,144,146627,A,0,0.75,0.72,5.0,F,-82.0,9.75,True,,2026-07-09T14:22:11.628+00:00,/dev/cu.usbserial-58870137921,"RX,220064,R35,TXA,N01,144,146627,A,0,0.75,0.72,5,F,-82,9.75"
RX,220331,R35,TXB,N16,71,146893,G,1,0.93,0.9,5.0,U,-86.0,9.25,True,,2026-07-09T14:22:11.895+00:00,/dev/cu.usbserial-58870137921,"RX,220331,R35,TXB,N16,71,146893,G,1,0.93,0.90,5,U,-86,9.25"
RX,220815,R35,TXE,N61,69,147382,C,0,0.81,0.78,5.0,U,-73.0,9.75,True,,2026-07-09T14:22:12.378+00:00,/dev/cu.usbserial-58870137921,"RX,220815,R35,TXE,N61,69,147382,C,0,0.81,0.78,5,U,-73,9.75"
RX,220922,R35,TXI,N121,34,147481,E,1,0.87,0.84,5.0,U,-71.0,9.75,True,,2026-07-09T14:22:12.486+00:00,/dev/cu.usbserial-58870137921,"RX,220922,R35,TXI,N121,34,147481,E,1,0.87,0.84,5,U,-71,9.75"
RX,221064,R35,TXA,N01,145,147627,B,1,0.2,0.18,5.0,F,-82.0,9.75,True,,2026-07-09T14:22:12.628+00:00,/dev/cu.usbserial-58870137921,"RX,221064,R35,TXA,N01,145,147627,B,1,0.20,0.18,5,F,-82,9.75"
RX,221204,R35,TXK,N151,73,147763,C,1,0.81,0.78,5.0,U,-65.0,9.75,True,,2026-07-09T14:22:12.768+00:00,/dev/cu.usbserial-58870137921,"RX,221204,R35,TXK,N151,73,147763,C,1,0.81,0.78,5,U,-65,9.75"
RX,221817,R35,TXC,N31,35,148381,G,1,0.93,0.9,5.0,U,-75.0,9.5,True,,2026-07-09T14:22:13.381+00:00,/dev/cu.usbserial-58870137921,"RX,221817,R35,TXC,N31,35,148381,G,1,0.93,0.90,5,U,-75,9.50"
RX,222064,R35,TXA,N01,146,148627,C,1,0.81,0.78,5.0,F,-82.0,9.5,True,,2026-07-09T14:22:13.628+00:00,/dev/cu.usbserial-58870137921,"RX,222064,R35,TXA,N01,146,148627,C,1,0.81,0.78,5,F,-82,9.50"
RX,222331,R35,TXB,N16,72,148893,A,0,0.75,0.72,5.0,U,-85.0,9.75,True,,2026-07-09T14:22:13.895+00:00,/dev/cu.usbserial-58870137921,"RX,222331,R35,TXB,N16,72,148893,A,0,0.75,0.72,5,U,-85,9.75"
RX,222815,R35,TXE,N61,70,149382,E,1,0.87,0.84,5.0,U,-73.0,9.75,True,,2026-07-09T14:22:14.378+00:00,/dev/cu.usbserial-58870137921,"RX,222815,R35,TXE,N61,70,149382,E,1,0.87,0.84,5,U,-73,9.75"
RX,222922,R35,TXI,N121,35,149481,G,1,0.93,0.9,5.0,U,-71.0,10.0,True,,2026-07-09T14:22:14.486+00:00,/dev/cu.usbserial-58870137921,"RX,222922,R35,TXI,N121,35,149481,G,1,0.93,0.90,5,U,-71,10.00"
RX,223064,R35,TXA,N01,147,149627,D,0,0.24,0.22,5.0,F,-82.0,9.5,True,,2026-07-09T14:22:14.628+00:00,/dev/cu.usbserial-58870137921,"RX,223064,R35,TXA,N01,147,149627,D,0,0.24,0.22,5,F,-82,9.50"
RX,223204,R35,TXK,N151,74,149763,E,1,0.87,0.84,5.0,U,-64.0,9.75,True,,2026-07-09T14:22:14.768+00:00,/dev/cu.usbserial-58870137921,"RX,223204,R35,TXK,N151,74,149763,E,1,0.87,0.84,5,U,-64,9.75"
RX,224064,R35,TXA,N01,148,150627,E,1,0.87,0.84,5.0,F,-82.0,9.5,True,,2026-07-09T14:22:15.628+00:00,/dev/cu.usbserial-58870137921,"RX,224064,R35,TXA,N01,148,150627,E,1,0.87,0.84,5,F,-82,9.50"
RX,224331,R35,TXB,N16,73,150893,C,1,0.81,0.78,5.0,U,-86.0,9.25,True,,2026-07-09T14:22:15.895+00:00,/dev/cu.usbserial-58870137921,"RX,224331,R35,TXB,N16,73,150893,C,1,0.81,0.78,5,U,-86,9.25"
RX,224815,R35,TXE,N61,71,151382,G,1,0.93,0.9,5.0,U,-74.0,9.75,True,,2026-07-09T14:22:16.378+00:00,/dev/cu.usbserial-58870137921,"RX,224815,R35,TXE,N61,71,151382,G,1,0.93,0.90,5,U,-74,9.75"
RX,225064,R35,TXA,N01,149,151627,F,1,0.28,0.26,5.0,F,-82.0,9.75,True,,2026-07-09T14:22:16.628+00:00,/dev/cu.usbserial-58870137921,"RX,225064,R35,TXA,N01,149,151627,F,1,0.28,0.26,5,F,-82,9.75"
RX,225358,R35,TXL,N166,10,151917,G,0,0.93,0.9,5.0,U,-77.0,9.5,True,,2026-07-09T14:22:16.921+00:00,/dev/cu.usbserial-58870137921,"RX,225358,R35,TXL,N166,10,151917,G,0,0.93,0.90,5,U,-77,9.50"
RX,225563,R35,TXF,N76,36,152131,E,1,0.87,0.84,5.0,U,-71.0,9.75,True,,2026-07-09T14:22:17.127+00:00,/dev/cu.usbserial-58870137921,"RX,225563,R35,TXF,N76,36,152131,E,1,0.87,0.84,5,U,-71,9.75"
RX,225868,R35,TXD,N46,18,152431,G,0,0.93,0.9,5.0,U,-69.0,9.5,True,,2026-07-09T14:22:17.433+00:00,/dev/cu.usbserial-58870137921,"RX,225868,R35,TXD,N46,18,152431,G,0,0.93,0.90,5,U,-69,9.50"
RX,226064,R35,TXA,N01,150,152627,G,0,0.93,0.9,5.0,F,-82.0,9.75,True,,2026-07-09T14:22:17.628+00:00,/dev/cu.usbserial-58870137921,"RX,226064,R35,TXA,N01,150,152627,G,0,0.93,0.90,5,F,-82,9.75"
RX,226331,R35,TXB,N16,74,152893,E,1,0.87,0.84,5.0,U,-85.0,9.25,True,,2026-07-09T14:22:17.895+00:00,/dev/cu.usbserial-58870137921,"RX,226331,R35,TXB,N16,74,152893,E,1,0.87,0.84,5,U,-85,9.25"
RX,226512,R35,TXG,N91,17,153080,G,1,0.93,0.9,5.0,U,-85.0,9.25,True,,2026-07-09T14:22:18.076+00:00,/dev/cu.usbserial-58870137921,"RX,226512,R35,TXG,N91,17,153080,G,1,0.93,0.90,5,U,-85,9.25"
RX,226815,R35,TXE,N61,72,153382,A,0,0.75,0.72,5.0,U,-73.0,9.5,True,,2026-07-09T14:22:18.378+00:00,/dev/cu.usbserial-58870137921,"RX,226815,R35,TXE,N61,72,153382,A,0,0.75,0.72,5,U,-73,9.50"
RX,227064,R35,TXA,N01,151,153627,H,1,0.32,0.3,5.0,F,-82.0,9.5,True,,2026-07-09T14:22:18.628+00:00,/dev/cu.usbserial-58870137921,"RX,227064,R35,TXA,N01,151,153627,H,1,0.32,0.30,5,F,-82,9.50"
RX,227204,R35,TXK,N151,76,153763,A,1,0.75,0.72,5.0,U,-64.0,9.75,True,,2026-07-09T14:22:18.768+00:00,/dev/cu.usbserial-58870137921,"RX,227204,R35,TXK,N151,76,153763,A,1,0.75,0.72,5,U,-64,9.75"
RX,227563,R35,TXF,N76,37,154131,G,0,0.93,0.9,5.0,U,-72.0,9.5,True,,2026-07-09T14:22:19.127+00:00,/dev/cu.usbserial-58870137921,"RX,227563,R35,TXF,N76,37,154131,G,0,0.93,0.90,5,U,-72,9.50"
RX,227721,R35,TXJ,N136,17,154280,G,1,0.93,0.9,5.0,U,-71.0,9.5,True,,2026-07-09T14:22:19.285+00:00,/dev/cu.usbserial-58870137921,"RX,227721,R35,TXJ,N136,17,154280,G,1,0.93,0.90,5,U,-71,9.50"
RX,228064,R35,TXA,N01,152,154627,A,1,0.75,0.72,5.0,F,-81.0,9.5,True,,2026-07-09T14:22:19.628+00:00,/dev/cu.usbserial-58870137921,"RX,228064,R35,TXA,N01,152,154627,A,1,0.75,0.72,5,F,-81,9.50"
RX,228331,R35,TXB,N16,75,154893,G,0,0.93,0.9,5.0,U,-85.0,9.5,True,,2026-07-09T14:22:19.895+00:00,/dev/cu.usbserial-58870137921,"RX,228331,R35,TXB,N16,75,154893,G,0,0.93,0.90,5,U,-85,9.50"
RX,228815,R35,TXE,N61,73,155382,C,1,0.81,0.78,5.0,U,-73.0,9.75,True,,2026-07-09T14:22:20.378+00:00,/dev/cu.usbserial-58870137921,"RX,228815,R35,TXE,N61,73,155382,C,1,0.81,0.78,5,U,-73,9.75"
RX,228922,R35,TXI,N121,36,155481,E,1,0.87,0.84,5.0,U,-71.0,9.5,True,,2026-07-09T14:22:20.486+00:00,/dev/cu.usbserial-58870137921,"RX,228922,R35,TXI,N121,36,155481,E,1,0.87,0.84,5,U,-71,9.50"
RX,229064,R35,TXA,N01,153,155627,B,0,0.2,0.18,5.0,F,-82.0,9.75,True,,2026-07-09T14:22:20.628+00:00,/dev/cu.usbserial-58870137921,"RX,229064,R35,TXA,N01,153,155627,B,0,0.20,0.18,5,F,-82,9.75"
RX,229204,R35,TXK,N151,77,155763,C,1,0.81,0.78,5.0,U,-65.0,9.25,True,,2026-07-09T14:22:20.768+00:00,/dev/cu.usbserial-58870137921,"RX,229204,R35,TXK,N151,77,155763,C,1,0.81,0.78,5,U,-65,9.25"
RX,229817,R35,TXC,N31,37,156381,G,0,0.93,0.9,5.0,U,-76.0,9.5,True,,2026-07-09T14:22:21.381+00:00,/dev/cu.usbserial-58870137921,"RX,229817,R35,TXC,N31,37,156381,G,0,0.93,0.90,5,U,-76,9.50"
RX,230064,R35,TXA,N01,154,156627,C,1,0.81,0.78,5.0,F,-81.0,10.0,True,,2026-07-09T14:22:21.628+00:00,/dev/cu.usbserial-58870137921,"RX,230064,R35,TXA,N01,154,156627,C,1,0.81,0.78,5,F,-81,10.00"
RX,230331,R35,TXB,N16,76,156893,A,1,0.75,0.72,5.0,U,-86.0,9.0,True,,2026-07-09T14:22:21.895+00:00,/dev/cu.usbserial-58870137921,"RX,230331,R35,TXB,N16,76,156893,A,1,0.75,0.72,5,U,-86,9.00"
RX,230815,R35,TXE,N61,74,157382,E,1,0.87,0.84,5.0,U,-74.0,10.0,True,,2026-07-09T14:22:22.379+00:00,/dev/cu.usbserial-58870137921,"RX,230815,R35,TXE,N61,74,157382,E,1,0.87,0.84,5,U,-74,10.00"
RX,230922,R35,TXI,N121,37,157481,G,0,0.93,0.9,5.0,U,-71.0,9.75,True,,2026-07-09T14:22:22.486+00:00,/dev/cu.usbserial-58870137921,"RX,230922,R35,TXI,N121,37,157481,G,0,0.93,0.90,5,U,-71,9.75"
RX,231064,R35,TXA,N01,155,157627,D,1,0.24,0.22,5.0,F,-81.0,10.0,True,,2026-07-09T14:22:22.628+00:00,/dev/cu.usbserial-58870137921,"RX,231064,R35,TXA,N01,155,157627,D,1,0.24,0.22,5,F,-81,10.00"
RX,231204,R35,TXK,N151,78,157763,E,0,0.87,0.84,5.0,U,-65.0,9.75,True,,2026-07-09T14:22:22.768+00:00,/dev/cu.usbserial-58870137921,"RX,231204,R35,TXK,N151,78,157763,E,0,0.87,0.84,5,U,-65,9.75"
RX,232064,R35,TXA,N01,156,158627,E,0,0.87,0.84,5.0,F,-81.0,10.0,True,,2026-07-09T14:22:23.628+00:00,/dev/cu.usbserial-58870137921,"RX,232064,R35,TXA,N01,156,158627,E,0,0.87,0.84,5,F,-81,10.00"
RX,232331,R35,TXB,N16,77,158893,C,1,0.81,0.78,5.0,U,-86.0,9.25,True,,2026-07-09T14:22:23.895+00:00,/dev/cu.usbserial-58870137921,"RX,232331,R35,TXB,N16,77,158893,C,1,0.81,0.78,5,U,-86,9.25"
RX,232815,R35,TXE,N61,75,159382,G,0,0.93,0.9,5.0,U,-74.0,9.75,True,,2026-07-09T14:22:24.379+00:00,/dev/cu.usbserial-58870137921,"RX,232815,R35,TXE,N61,75,159382,G,0,0.93,0.90,5,U,-74,9.75"
RX,233064,R35,TXA,N01,157,159627,F,1,0.28,0.26,5.0,F,-81.0,9.75,True,,2026-07-09T14:22:24.628+00:00,/dev/cu.usbserial-58870137921,"RX,233064,R35,TXA,N01,157,159627,F,1,0.28,0.26,5,F,-81,9.75"
RX,233358,R35,TXL,N166,11,159917,G,1,0.93,0.9,5.0,U,-77.0,9.5,True,,2026-07-09T14:22:24.923+00:00,/dev/cu.usbserial-58870137921,"RX,233358,R35,TXL,N166,11,159917,G,1,0.93,0.90,5,U,-77,9.50"
RX,233563,R35,TXF,N76,38,160131,E,0,0.87,0.84,5.0,U,-71.0,9.75,True,,2026-07-09T14:22:25.127+00:00,/dev/cu.usbserial-58870137921,"RX,233563,R35,TXF,N76,38,160131,E,0,0.87,0.84,5,U,-71,9.75"
RX,233868,R35,TXD,N46,19,160431,G,1,0.93,0.9,5.0,U,-69.0,9.5,True,,2026-07-09T14:22:25.431+00:00,/dev/cu.usbserial-58870137921,"RX,233868,R35,TXD,N46,19,160431,G,1,0.93,0.90,5,U,-69,9.50"
RX,234064,R35,TXA,N01,158,160627,G,1,0.93,0.9,5.0,F,-81.0,9.5,True,,2026-07-09T14:22:25.628+00:00,/dev/cu.usbserial-58870137921,"RX,234064,R35,TXA,N01,158,160627,G,1,0.93,0.90,5,F,-81,9.50"
RX,234331,R35,TXB,N16,78,160893,E,0,0.87,0.84,5.0,U,-85.0,9.5,True,,2026-07-09T14:22:25.895+00:00,/dev/cu.usbserial-58870137921,"RX,234331,R35,TXB,N16,78,160893,E,0,0.87,0.84,5,U,-85,9.50"
RX,234512,R35,TXG,N91,18,161080,G,0,0.93,0.9,5.0,U,-86.0,9.25,True,,2026-07-09T14:22:26.076+00:00,/dev/cu.usbserial-58870137921,"RX,234512,R35,TXG,N91,18,161080,G,0,0.93,0.90,5,U,-86,9.25"
RX,234815,R35,TXE,N61,76,161382,A,1,0.75,0.72,5.0,U,-73.0,9.75,True,,2026-07-09T14:22:26.378+00:00,/dev/cu.usbserial-58870137921,"RX,234815,R35,TXE,N61,76,161382,A,1,0.75,0.72,5,U,-73,9.75"
RX,235064,R35,TXA,N01,159,161627,H,0,0.32,0.3,5.0,F,-82.0,9.75,True,,2026-07-09T14:22:26.628+00:00,/dev/cu.usbserial-58870137921,"RX,235064,R35,TXA,N01,159,161627,H,0,0.32,0.30,5,F,-82,9.75"
RX,235204,R35,TXK,N151,80,161763,A,1,0.75,0.72,5.0,U,-65.0,9.75,True,,2026-07-09T14:22:26.768+00:00,/dev/cu.usbserial-58870137921,"RX,235204,R35,TXK,N151,80,161763,A,1,0.75,0.72,5,U,-65,9.75"
RX,235563,R35,TXF,N76,39,162131,G,1,0.93,0.9,5.0,U,-71.0,9.75,True,,2026-07-09T14:22:27.127+00:00,/dev/cu.usbserial-58870137921,"RX,235563,R35,TXF,N76,39,162131,G,1,0.93,0.90,5,U,-71,9.75"
RX,235721,R35,TXJ,N136,18,162280,G,0,0.93,0.9,5.0,U,-71.0,9.75,True,,2026-07-09T14:22:27.285+00:00,/dev/cu.usbserial-58870137921,"RX,235721,R35,TXJ,N136,18,162280,G,0,0.93,0.90,5,U,-71,9.75"
RX,235817,R35,TXC,N31,38,162381,E,0,0.87,0.84,5.0,U,-76.0,9.5,True,,2026-07-09T14:22:27.381+00:00,/dev/cu.usbserial-58870137921,"RX,235817,R35,TXC,N31,38,162381,E,0,0.87,0.84,5,U,-76,9.50"
RX,236064,R35,TXA,N01,160,162627,A,1,0.75,0.72,5.0,F,-81.0,9.75,True,,2026-07-09T14:22:27.628+00:00,/dev/cu.usbserial-58870137921,"RX,236064,R35,TXA,N01,160,162627,A,1,0.75,0.72,5,F,-81,9.75"
RX,236331,R35,TXB,N16,79,162893,G,1,0.93,0.9,5.0,U,-85.0,9.5,True,,2026-07-09T14:22:27.895+00:00,/dev/cu.usbserial-58870137921,"RX,236331,R35,TXB,N16,79,162893,G,1,0.93,0.90,5,U,-85,9.50"
RX,236815,R35,TXE,N61,77,163382,C,1,0.81,0.78,5.0,U,-73.0,10.0,True,,2026-07-09T14:22:28.378+00:00,/dev/cu.usbserial-58870137921,"RX,236815,R35,TXE,N61,77,163382,C,1,0.81,0.78,5,U,-73,10.00"
RX,236922,R35,TXI,N121,38,163481,E,0,0.87,0.84,5.0,U,-71.0,9.75,True,,2026-07-09T14:22:28.486+00:00,/dev/cu.usbserial-58870137921,"RX,236922,R35,TXI,N121,38,163481,E,0,0.87,0.84,5,U,-71,9.75"
RX,237064,R35,TXA,N01,161,163627,B,1,0.2,0.18,5.0,F,-82.0,9.5,True,,2026-07-09T14:22:28.628+00:00,/dev/cu.usbserial-58870137921,"RX,237064,R35,TXA,N01,161,163627,B,1,0.20,0.18,5,F,-82,9.50"
RX,237204,R35,TXK,N151,81,163763,C,0,0.81,0.78,5.0,U,-65.0,9.5,True,,2026-07-09T14:22:28.768+00:00,/dev/cu.usbserial-58870137921,"RX,237204,R35,TXK,N151,81,163763,C,0,0.81,0.78,5,U,-65,9.50"
RX,237817,R35,TXC,N31,39,164381,G,1,0.93,0.9,5.0,U,-75.0,9.5,True,,2026-07-09T14:22:29.381+00:00,/dev/cu.usbserial-58870137921,"RX,237817,R35,TXC,N31,39,164381,G,1,0.93,0.90,5,U,-75,9.50"
RX,238064,R35,TXA,N01,162,164627,C,0,0.81,0.78,5.0,F,-82.0,9.0,True,,2026-07-09T14:22:29.628+00:00,/dev/cu.usbserial-58870137921,"RX,238064,R35,TXA,N01,162,164627,C,0,0.81,0.78,5,F,-82,9.00"
RX,238331,R35,TXB,N16,80,164893,A,1,0.75,0.72,5.0,U,-85.0,9.25,True,,2026-07-09T14:22:29.895+00:00,/dev/cu.usbserial-58870137921,"RX,238331,R35,TXB,N16,80,164893,A,1,0.75,0.72,5,U,-85,9.25"
RX,238815,R35,TXE,N61,78,165382,E,0,0.87,0.84,5.0,U,-73.0,9.5,True,,2026-07-09T14:22:30.379+00:00,/dev/cu.usbserial-58870137921,"RX,238815,R35,TXE,N61,78,165382,E,0,0.87,0.84,5,U,-73,9.50"
RX,238922,R35,TXI,N121,39,165481,G,1,0.93,0.9,5.0,U,-71.0,9.75,True,,2026-07-09T14:22:30.486+00:00,/dev/cu.usbserial-58870137921,"RX,238922,R35,TXI,N121,39,165481,G,1,0.93,0.90,5,U,-71,9.75"
RX,239064,R35,TXA,N01,163,165627,D,1,0.24,0.22,5.0,F,-82.0,9.5,True,,2026-07-09T14:22:30.628+00:00,/dev/cu.usbserial-58870137921,"RX,239064,R35,TXA,N01,163,165627,D,1,0.24,0.22,5,F,-82,9.50"
RX,239204,R35,TXK,N151,82,165763,E,1,0.87,0.84,5.0,U,-65.0,9.75,True,,2026-07-09T14:22:30.768+00:00,/dev/cu.usbserial-58870137921,"RX,239204,R35,TXK,N151,82,165763,E,1,0.87,0.84,5,U,-65,9.75"
RX,240064,R35,TXA,N01,164,166627,E,1,0.87,0.84,5.0,F,-82.0,9.75,True,,2026-07-09T14:22:31.628+00:00,/dev/cu.usbserial-58870137921,"RX,240064,R35,TXA,N01,164,166627,E,1,0.87,0.84,5,F,-82,9.75"
RX,240331,R35,TXB,N16,81,166893,C,0,0.81,0.78,5.0,U,-85.0,9.75,True,,2026-07-09T14:22:31.895+00:00,/dev/cu.usbserial-58870137921,"RX,240331,R35,TXB,N16,81,166893,C,0,0.81,0.78,5,U,-85,9.75"
RX,240815,R35,TXE,N61,79,167382,G,1,0.93,0.9,5.0,U,-73.0,10.0,True,,2026-07-09T14:22:32.378+00:00,/dev/cu.usbserial-58870137921,"RX,240815,R35,TXE,N61,79,167382,G,1,0.93,0.90,5,U,-73,10.00"
RX,241064,R35,TXA,N01,165,167627,F,0,0.28,0.26,5.0,F,-81.0,10.0,True,,2026-07-09T14:22:32.628+00:00,/dev/cu.usbserial-58870137921,"RX,241064,R35,TXA,N01,165,167627,F,0,0.28,0.26,5,F,-81,10.00"
RX,241204,R35,TXK,N151,83,167763,G,1,0.93,0.9,5.0,U,-65.0,9.5,True,,2026-07-09T14:22:32.768+00:00,/dev/cu.usbserial-58870137921,"RX,241204,R35,TXK,N151,83,167763,G,1,0.93,0.90,5,U,-65,9.50"
RX,241563,R35,TXF,N76,40,168131,E,1,0.87,0.84,5.0,U,-71.0,9.25,True,,2026-07-09T14:22:33.127+00:00,/dev/cu.usbserial-58870137921,"RX,241563,R35,TXF,N76,40,168131,E,1,0.87,0.84,5,U,-71,9.25"
RX,241868,R35,TXD,N46,20,168431,G,1,0.93,0.9,5.0,U,-70.0,9.5,True,,2026-07-09T14:22:33.431+00:00,/dev/cu.usbserial-58870137921,"RX,241868,R35,TXD,N46,20,168431,G,1,0.93,0.90,5,U,-70,9.50"
RX,242064,R35,TXA,N01,166,168627,G,1,0.93,0.9,5.0,F,-81.0,9.75,True,,2026-07-09T14:22:33.628+00:00,/dev/cu.usbserial-58870137921,"RX,242064,R35,TXA,N01,166,168627,G,1,0.93,0.90,5,F,-81,9.75"
RX,242331,R35,TXB,N16,82,168893,E,1,0.87,0.84,5.0,U,-85.0,9.5,True,,2026-07-09T14:22:33.895+00:00,/dev/cu.usbserial-58870137921,"RX,242331,R35,TXB,N16,82,168893,E,1,0.87,0.84,5,U,-85,9.50"
RX,242512,R35,TXG,N91,19,169080,G,1,0.93,0.9,5.0,U,-86.0,9.5,True,,2026-07-09T14:22:34.076+00:00,/dev/cu.usbserial-58870137921,"RX,242512,R35,TXG,N91,19,169080,G,1,0.93,0.90,5,U,-86,9.50"
RX,242815,R35,TXE,N61,80,169382,A,1,0.75,0.72,5.0,U,-74.0,10.0,True,,2026-07-09T14:22:34.378+00:00,/dev/cu.usbserial-58870137921,"RX,242815,R35,TXE,N61,80,169382,A,1,0.75,0.72,5,U,-74,10.00"
RX,243064,R35,TXA,N01,167,169627,H,1,0.32,0.3,5.0,F,-81.0,9.75,True,,2026-07-09T14:22:34.628+00:00,/dev/cu.usbserial-58870137921,"RX,243064,R35,TXA,N01,167,169627,H,1,0.32,0.30,5,F,-81,9.75"
RX,243204,R35,TXK,N151,84,169763,A,0,0.75,0.72,5.0,U,-61.0,9.5,True,,2026-07-09T14:22:34.768+00:00,/dev/cu.usbserial-58870137921,"RX,243204,R35,TXK,N151,84,169763,A,0,0.75,0.72,5,U,-61,9.50"
RX,243563,R35,TXF,N76,41,170131,G,1,0.93,0.9,5.0,U,-72.0,9.75,True,,2026-07-09T14:22:35.126+00:00,/dev/cu.usbserial-58870137921,"RX,243563,R35,TXF,N76,41,170131,G,1,0.93,0.90,5,U,-72,9.75"
RX,243721,R35,TXJ,N136,19,170280,G,1,0.93,0.9,5.0,U,-71.0,9.5,True,,2026-07-09T14:22:35.285+00:00,/dev/cu.usbserial-58870137921,"RX,243721,R35,TXJ,N136,19,170280,G,1,0.93,0.90,5,U,-71,9.50"
RX,243817,R35,TXC,N31,40,170381,E,1,0.87,0.84,5.0,U,-75.0,9.75,True,,2026-07-09T14:22:35.380+00:00,/dev/cu.usbserial-58870137921,"RX,243817,R35,TXC,N31,40,170381,E,1,0.87,0.84,5,U,-75,9.75"
RX,244064,R35,TXA,N01,168,170627,A,0,0.75,0.72,5.0,F,-82.0,9.75,True,,2026-07-09T14:22:35.628+00:00,/dev/cu.usbserial-58870137921,"RX,244064,R35,TXA,N01,168,170627,A,0,0.75,0.72,5,F,-82,9.75"
RX,244331,R35,TXB,N16,83,170893,G,1,0.93,0.9,5.0,U,-85.0,9.75,True,,2026-07-09T14:22:35.895+00:00,/dev/cu.usbserial-58870137921,"RX,244331,R35,TXB,N16,83,170893,G,1,0.93,0.90,5,U,-85,9.75"
RX,244815,R35,TXE,N61,81,171382,C,0,0.81,0.78,5.0,U,-73.0,9.75,True,,2026-07-09T14:22:36.378+00:00,/dev/cu.usbserial-58870137921,"RX,244815,R35,TXE,N61,81,171382,C,0,0.81,0.78,5,U,-73,9.75"
RX,244922,R35,TXI,N121,40,171481,E,1,0.87,0.84,5.0,U,-71.0,9.75,True,,2026-07-09T14:22:36.486+00:00,/dev/cu.usbserial-58870137921,"RX,244922,R35,TXI,N121,40,171481,E,1,0.87,0.84,5,U,-71,9.75"
RX,245064,R35,TXA,N01,169,171627,B,1,0.2,0.18,5.0,F,-82.0,10.0,True,,2026-07-09T14:22:36.628+00:00,/dev/cu.usbserial-58870137921,"RX,245064,R35,TXA,N01,169,171627,B,1,0.20,0.18,5,F,-82,10.00"
RX,245204,R35,TXK,N151,85,171763,C,1,0.81,0.78,5.0,U,-65.0,9.5,True,,2026-07-09T14:22:36.768+00:00,/dev/cu.usbserial-58870137921,"RX,245204,R35,TXK,N151,85,171763,C,1,0.81,0.78,5,U,-65,9.50"
RX,245817,R35,TXC,N31,41,172381,G,1,0.93,0.9,5.0,U,-75.0,9.0,True,,2026-07-09T14:22:37.381+00:00,/dev/cu.usbserial-58870137921,"RX,245817,R35,TXC,N31,41,172381,G,1,0.93,0.90,5,U,-75,9.00"
RX,246064,R35,TXA,N01,170,172627,C,1,0.81,0.78,5.0,F,-82.0,10.0,True,,2026-07-09T14:22:37.628+00:00,/dev/cu.usbserial-58870137921,"RX,246064,R35,TXA,N01,170,172627,C,1,0.81,0.78,5,F,-82,10.00"
RX,246331,R35,TXB,N16,84,172893,A,0,0.75,0.72,5.0,U,-85.0,9.5,True,,2026-07-09T14:22:37.895+00:00,/dev/cu.usbserial-58870137921,"RX,246331,R35,TXB,N16,84,172893,A,0,0.75,0.72,5,U,-85,9.50"
RX,246815,R35,TXE,N61,82,173382,E,1,0.87,0.84,5.0,U,-74.0,9.5,True,,2026-07-09T14:22:38.379+00:00,/dev/cu.usbserial-58870137921,"RX,246815,R35,TXE,N61,82,173382,E,1,0.87,0.84,5,U,-74,9.50"
RX,246922,R35,TXI,N121,41,173481,G,1,0.93,0.9,5.0,U,-71.0,9.5,True,,2026-07-09T14:22:38.486+00:00,/dev/cu.usbserial-58870137921,"RX,246922,R35,TXI,N121,41,173481,G,1,0.93,0.90,5,U,-71,9.50"
RX,247064,R35,TXA,N01,171,173627,D,0,0.24,0.22,5.0,F,-82.0,10.0,True,,2026-07-09T14:22:38.628+00:00,/dev/cu.usbserial-58870137921,"RX,247064,R35,TXA,N01,171,173627,D,0,0.24,0.22,5,F,-82,10.00"
RX,247204,R35,TXK,N151,86,173763,E,1,0.87,0.84,5.0,U,-65.0,9.75,True,,2026-07-09T14:22:38.768+00:00,/dev/cu.usbserial-58870137921,"RX,247204,R35,TXK,N151,86,173763,E,1,0.87,0.84,5,U,-65,9.75"
RX,248064,R35,TXA,N01,172,174627,E,1,0.87,0.84,5.0,F,-82.0,10.25,True,,2026-07-09T14:22:39.628+00:00,/dev/cu.usbserial-58870137921,"RX,248064,R35,TXA,N01,172,174627,E,1,0.87,0.84,5,F,-82,10.25"
RX,248331,R35,TXB,N16,85,174893,C,1,0.81,0.78,5.0,U,-85.0,9.75,True,,2026-07-09T14:22:39.895+00:00,/dev/cu.usbserial-58870137921,"RX,248331,R35,TXB,N16,85,174893,C,1,0.81,0.78,5,U,-85,9.75"
RX,248815,R35,TXE,N61,83,175382,G,1,0.93,0.9,5.0,U,-74.0,10.0,True,,2026-07-09T14:22:40.379+00:00,/dev/cu.usbserial-58870137921,"RX,248815,R35,TXE,N61,83,175382,G,1,0.93,0.90,5,U,-74,10.00"
RX,249064,R35,TXA,N01,173,175627,F,1,0.28,0.26,5.0,F,-82.0,9.75,True,,2026-07-09T14:22:40.628+00:00,/dev/cu.usbserial-58870137921,"RX,249064,R35,TXA,N01,173,175627,F,1,0.28,0.26,5,F,-82,9.75"
RX,249204,R35,TXK,N151,87,175763,G,0,0.93,0.9,5.0,U,-65.0,9.5,True,,2026-07-09T14:22:40.768+00:00,/dev/cu.usbserial-58870137921,"RX,249204,R35,TXK,N151,87,175763,G,0,0.93,0.90,5,U,-65,9.50"
RX,249563,R35,TXF,N76,42,176131,E,1,0.87,0.84,5.0,U,-71.0,12.0,True,,2026-07-09T14:22:41.128+00:00,/dev/cu.usbserial-58870137921,"RX,249563,R35,TXF,N76,42,176131,E,1,0.87,0.84,5,U,-71,12.00"
RX,249868,R35,TXD,N46,21,176431,G,0,0.93,0.9,5.0,U,-70.0,9.0,True,,2026-07-09T14:22:41.431+00:00,/dev/cu.usbserial-58870137921,"RX,249868,R35,TXD,N46,21,176431,G,0,0.93,0.90,5,U,-70,9.00"
RX,250064,R35,TXA,N01,174,176627,G,0,0.93,0.9,5.0,F,-82.0,9.75,True,,2026-07-09T14:22:41.628+00:00,/dev/cu.usbserial-58870137921,"RX,250064,R35,TXA,N01,174,176627,G,0,0.93,0.90,5,F,-82,9.75"
RX,250331,R35,TXB,N16,86,176893,E,1,0.87,0.84,5.0,U,-85.0,9.0,True,,2026-07-09T14:22:41.895+00:00,/dev/cu.usbserial-58870137921,"RX,250331,R35,TXB,N16,86,176893,E,1,0.87,0.84,5,U,-85,9.00"
RX,250512,R35,TXG,N91,20,177080,G,1,0.93,0.9,5.0,U,-86.0,9.5,True,,2026-07-09T14:22:42.076+00:00,/dev/cu.usbserial-58870137921,"RX,250512,R35,TXG,N91,20,177080,G,1,0.93,0.90,5,U,-86,9.50"
RX,250815,R35,TXE,N61,84,177382,A,0,0.75,0.72,5.0,U,-74.0,9.5,True,,2026-07-09T14:22:42.378+00:00,/dev/cu.usbserial-58870137921,"RX,250815,R35,TXE,N61,84,177382,A,0,0.75,0.72,5,U,-74,9.50"
RX,251064,R35,TXA,N01,175,177627,H,1,0.32,0.3,5.0,F,-82.0,9.5,True,,2026-07-09T14:22:42.628+00:00,/dev/cu.usbserial-58870137921,"RX,251064,R35,TXA,N01,175,177627,H,1,0.32,0.30,5,F,-82,9.50"
RX,251204,R35,TXK,N151,88,177763,A,1,0.75,0.72,5.0,U,-64.0,10.0,True,,2026-07-09T14:22:42.768+00:00,/dev/cu.usbserial-58870137921,"RX,251204,R35,TXK,N151,88,177763,A,1,0.75,0.72,5,U,-64,10.00"
RX,251563,R35,TXF,N76,43,178131,G,0,0.93,0.9,5.0,U,-71.0,9.75,True,,2026-07-09T14:22:43.126+00:00,/dev/cu.usbserial-58870137921,"RX,251563,R35,TXF,N76,43,178131,G,0,0.93,0.90,5,U,-71,9.75"
RX,251721,R35,TXJ,N136,20,178280,G,1,0.93,0.9,5.0,U,-71.0,9.75,True,,2026-07-09T14:22:43.284+00:00,/dev/cu.usbserial-58870137921,"RX,251721,R35,TXJ,N136,20,178280,G,1,0.93,0.90,5,U,-71,9.75"
RX,251817,R35,TXC,N31,42,178381,E,1,0.87,0.84,5.0,U,-76.0,9.0,True,,2026-07-09T14:22:43.380+00:00,/dev/cu.usbserial-58870137921,"RX,251817,R35,TXC,N31,42,178381,E,1,0.87,0.84,5,U,-76,9.00"
RX,252064,R35,TXA,N01,176,178627,A,1,0.75,0.72,5.0,F,-82.0,9.75,True,,2026-07-09T14:22:43.628+00:00,/dev/cu.usbserial-58870137921,"RX,252064,R35,TXA,N01,176,178627,A,1,0.75,0.72,5,F,-82,9.75"
RX,252331,R35,TXB,N16,87,178893,G,0,0.93,0.9,5.0,U,-86.0,9.25,True,,2026-07-09T14:22:43.894+00:00,/dev/cu.usbserial-58870137921,"RX,252331,R35,TXB,N16,87,178893,G,0,0.93,0.90,5,U,-86,9.25"
RX,252815,R35,TXE,N61,85,179382,C,1,0.81,0.78,5.0,U,-74.0,9.5,True,,2026-07-09T14:22:44.378+00:00,/dev/cu.usbserial-58870137921,"RX,252815,R35,TXE,N61,85,179382,C,1,0.81,0.78,5,U,-74,9.50"
RX,252922,R35,TXI,N121,42,179481,E,1,0.87,0.84,5.0,U,-71.0,9.0,True,,2026-07-09T14:22:44.485+00:00,/dev/cu.usbserial-58870137921,"RX,252922,R35,TXI,N121,42,179481,E,1,0.87,0.84,5,U,-71,9.00"
RX,253064,R35,TXA,N01,177,179627,B,0,0.2,0.18,5.0,F,-84.0,10.0,True,,2026-07-09T14:22:44.628+00:00,/dev/cu.usbserial-58870137921,"RX,253064,R35,TXA,N01,177,179627,B,0,0.20,0.18,5,F,-84,10.00"
RX,253204,R35,TXK,N151,89,179763,C,1,0.81,0.78,5.0,U,-64.0,10.0,True,,2026-07-09T14:22:44.767+00:00,/dev/cu.usbserial-58870137921,"RX,253204,R35,TXK,N151,89,179763,C,1,0.81,0.78,5,U,-64,10.00"
RX,253817,R35,TXC,N31,43,180381,G,0,0.93,0.9,5.0,U,-75.0,9.5,True,,2026-07-09T14:22:45.380+00:00,/dev/cu.usbserial-58870137921,"RX,253817,R35,TXC,N31,43,180381,G,0,0.93,0.90,5,U,-75,9.50"
RX,254064,R35,TXA,N01,178,180627,C,1,0.81,0.78,5.0,F,-84.0,10.0,True,,2026-07-09T14:22:45.628+00:00,/dev/cu.usbserial-58870137921,"RX,254064,R35,TXA,N01,178,180627,C,1,0.81,0.78,5,F,-84,10.00"
RX,254331,R35,TXB,N16,88,180893,A,1,0.75,0.72,5.0,U,-85.0,10.25,True,,2026-07-09T14:22:45.895+00:00,/dev/cu.usbserial-58870137921,"RX,254331,R35,TXB,N16,88,180893,A,1,0.75,0.72,5,U,-85,10.25"
RX,254815,R35,TXE,N61,86,181382,E,1,0.87,0.84,5.0,U,-74.0,9.75,True,,2026-07-09T14:22:46.378+00:00,/dev/cu.usbserial-58870137921,"RX,254815,R35,TXE,N61,86,181382,E,1,0.87,0.84,5,U,-74,9.75"
RX,254922,R35,TXI,N121,43,181481,G,0,0.93,0.9,5.0,U,-71.0,9.25,True,,2026-07-09T14:22:46.485+00:00,/dev/cu.usbserial-58870137921,"RX,254922,R35,TXI,N121,43,181481,G,0,0.93,0.90,5,U,-71,9.25"
RX,255064,R35,TXA,N01,179,181627,D,1,0.24,0.22,5.0,F,-84.0,10.5,True,,2026-07-09T14:22:46.628+00:00,/dev/cu.usbserial-58870137921,"RX,255064,R35,TXA,N01,179,181627,D,1,0.24,0.22,5,F,-84,10.50"
RX,255204,R35,TXK,N151,90,181763,E,0,0.87,0.84,5.0,U,-64.0,9.75,True,,2026-07-09T14:22:46.768+00:00,/dev/cu.usbserial-58870137921,"RX,255204,R35,TXK,N151,90,181763,E,0,0.87,0.84,5,U,-64,9.75"
RX,256064,R35,TXA,N01,180,182627,E,0,0.87,0.84,5.0,F,-84.0,10.0,True,,2026-07-09T14:22:47.628+00:00,/dev/cu.usbserial-58870137921,"RX,256064,R35,TXA,N01,180,182627,E,0,0.87,0.84,5,F,-84,10.00"
RX,256331,R35,TXB,N16,89,182893,C,1,0.81,0.78,5.0,U,-85.0,10.0,True,,2026-07-09T14:22:47.895+00:00,/dev/cu.usbserial-58870137921,"RX,256331,R35,TXB,N16,89,182893,C,1,0.81,0.78,5,U,-85,10.00"
RX,256815,R35,TXE,N61,87,183382,G,0,0.93,0.9,5.0,U,-74.0,10.0,True,,2026-07-09T14:22:48.378+00:00,/dev/cu.usbserial-58870137921,"RX,256815,R35,TXE,N61,87,183382,G,0,0.93,0.90,5,U,-74,10.00"
RX,257064,R35,TXA,N01,181,183627,F,1,0.28,0.26,5.0,F,-83.0,9.75,True,,2026-07-09T14:22:48.628+00:00,/dev/cu.usbserial-58870137921,"RX,257064,R35,TXA,N01,181,183627,F,1,0.28,0.26,5,F,-83,9.75"
RX,257204,R35,TXK,N151,91,183763,G,1,0.93,0.9,5.0,U,-65.0,10.0,True,,2026-07-09T14:22:48.768+00:00,/dev/cu.usbserial-58870137921,"RX,257204,R35,TXK,N151,91,183763,G,1,0.93,0.90,5,U,-65,10.00"
RX,257563,R35,TXF,N76,44,184131,E,0,0.87,0.84,5.0,U,-71.0,9.25,True,,2026-07-09T14:22:49.127+00:00,/dev/cu.usbserial-58870137921,"RX,257563,R35,TXF,N76,44,184131,E,0,0.87,0.84,5,U,-71,9.25"
RX,257867,R35,TXD,N46,22,184431,G,1,0.93,0.9,5.0,U,-70.0,9.25,True,,2026-07-09T14:22:49.431+00:00,/dev/cu.usbserial-58870137921,"RX,257867,R35,TXD,N46,22,184431,G,1,0.93,0.90,5,U,-70,9.25"
RX,258064,R35,TXA,N01,182,184627,G,1,0.93,0.9,5.0,F,-83.0,9.75,True,,2026-07-09T14:22:49.628+00:00,/dev/cu.usbserial-58870137921,"RX,258064,R35,TXA,N01,182,184627,G,1,0.93,0.90,5,F,-83,9.75"
RX,258331,R35,TXB,N16,90,184893,E,0,0.87,0.84,5.0,U,-85.0,9.5,True,,2026-07-09T14:22:49.894+00:00,/dev/cu.usbserial-58870137921,"RX,258331,R35,TXB,N16,90,184893,E,0,0.87,0.84,5,U,-85,9.50"
RX,258512,R35,TXG,N91,21,185080,G,0,0.93,0.9,5.0,U,-86.0,9.5,True,,2026-07-09T14:22:50.076+00:00,/dev/cu.usbserial-58870137921,"RX,258512,R35,TXG,N91,21,185080,G,0,0.93,0.90,5,U,-86,9.50"
RX,258815,R35,TXE,N61,88,185382,A,1,0.75,0.72,5.0,U,-74.0,9.75,True,,2026-07-09T14:22:50.378+00:00,/dev/cu.usbserial-58870137921,"RX,258815,R35,TXE,N61,88,185382,A,1,0.75,0.72,5,U,-74,9.75"
RX,259064,R35,TXA,N01,183,185627,H,0,0.32,0.3,5.0,F,-83.0,10.0,True,,2026-07-09T14:22:50.628+00:00,/dev/cu.usbserial-58870137921,"RX,259064,R35,TXA,N01,183,185627,H,0,0.32,0.30,5,F,-83,10.00"
RX,259204,R35,TXK,N151,92,185763,A,1,0.75,0.72,5.0,U,-64.0,9.75,True,,2026-07-09T14:22:50.767+00:00,/dev/cu.usbserial-58870137921,"RX,259204,R35,TXK,N151,92,185763,A,1,0.75,0.72,5,U,-64,9.75"
RX,259563,R35,TXF,N76,45,186131,G,1,0.93,0.9,5.0,U,-71.0,9.5,True,,2026-07-09T14:22:51.126+00:00,/dev/cu.usbserial-58870137921,"RX,259563,R35,TXF,N76,45,186131,G,1,0.93,0.90,5,U,-71,9.50"
RX,259721,R35,TXJ,N136,21,186280,G,0,0.93,0.9,5.0,U,-70.0,9.75,True,,2026-07-09T14:22:51.285+00:00,/dev/cu.usbserial-58870137921,"RX,259721,R35,TXJ,N136,21,186280,G,0,0.93,0.90,5,U,-70,9.75"
RX,259817,R35,TXC,N31,44,186381,E,0,0.87,0.84,5.0,U,-76.0,9.5,True,,2026-07-09T14:22:51.380+00:00,/dev/cu.usbserial-58870137921,"RX,259817,R35,TXC,N31,44,186381,E,0,0.87,0.84,5,U,-76,9.50"
RX,260064,R35,TXA,N01,184,186627,A,1,0.75,0.72,5.0,F,-83.0,11.0,True,,2026-07-09T14:22:51.628+00:00,/dev/cu.usbserial-58870137921,"RX,260064,R35,TXA,N01,184,186627,A,1,0.75,0.72,5,F,-83,11.00"
RX,260331,R35,TXB,N16,91,186893,G,1,0.93,0.9,5.0,U,-85.0,9.5,True,,2026-07-09T14:22:51.894+00:00,/dev/cu.usbserial-58870137921,"RX,260331,R35,TXB,N16,91,186893,G,1,0.93,0.90,5,U,-85,9.50"
RX,260815,R35,TXE,N61,89,187382,C,1,0.81,0.78,5.0,U,-74.0,10.0,True,,2026-07-09T14:22:52.378+00:00,/dev/cu.usbserial-58870137921,"RX,260815,R35,TXE,N61,89,187382,C,1,0.81,0.78,5,U,-74,10.00"
RX,260922,R35,TXI,N121,44,187481,E,0,0.87,0.84,5.0,U,-71.0,9.25,True,,2026-07-09T14:22:52.485+00:00,/dev/cu.usbserial-58870137921,"RX,260922,R35,TXI,N121,44,187481,E,0,0.87,0.84,5,U,-71,9.25"
RX,261064,R35,TXA,N01,185,187627,B,1,0.2,0.18,5.0,F,-82.0,10.0,True,,2026-07-09T14:22:52.628+00:00,/dev/cu.usbserial-58870137921,"RX,261064,R35,TXA,N01,185,187627,B,1,0.20,0.18,5,F,-82,10.00"
RX,261204,R35,TXK,N151,93,187763,C,0,0.81,0.78,5.0,U,-65.0,9.75,True,,2026-07-09T14:22:52.768+00:00,/dev/cu.usbserial-58870137921,"RX,261204,R35,TXK,N151,93,187763,C,0,0.81,0.78,5,U,-65,9.75"
RX,261817,R35,TXC,N31,45,188381,G,1,0.93,0.9,5.0,U,-76.0,9.75,True,,2026-07-09T14:22:53.381+00:00,/dev/cu.usbserial-58870137921,"RX,261817,R35,TXC,N31,45,188381,G,1,0.93,0.90,5,U,-76,9.75"
RX,262064,R35,TXA,N01,186,188627,C,0,0.81,0.78,5.0,F,-82.0,11.0,True,,2026-07-09T14:22:53.628+00:00,/dev/cu.usbserial-58870137921,"RX,262064,R35,TXA,N01,186,188627,C,0,0.81,0.78,5,F,-82,11.00"
RX,262331,R35,TXB,N16,92,188893,A,1,0.75,0.72,5.0,U,-85.0,9.75,True,,2026-07-09T14:22:53.894+00:00,/dev/cu.usbserial-58870137921,"RX,262331,R35,TXB,N16,92,188893,A,1,0.75,0.72,5,U,-85,9.75"
RX,262815,R35,TXE,N61,90,189382,E,0,0.87,0.84,5.0,U,-74.0,10.0,True,,2026-07-09T14:22:54.378+00:00,/dev/cu.usbserial-58870137921,"RX,262815,R35,TXE,N61,90,189382,E,0,0.87,0.84,5,U,-74,10.00"
RX,262922,R35,TXI,N121,45,189481,G,1,0.93,0.9,5.0,U,-71.0,10.0,True,,2026-07-09T14:22:54.485+00:00,/dev/cu.usbserial-58870137921,"RX,262922,R35,TXI,N121,45,189481,G,1,0.93,0.90,5,U,-71,10.00"
RX,263064,R35,TXA,N01,187,189627,D,1,0.24,0.22,5.0,F,-83.0,9.75,True,,2026-07-09T14:22:54.628+00:00,/dev/cu.usbserial-58870137921,"RX,263064,R35,TXA,N01,187,189627,D,1,0.24,0.22,5,F,-83,9.75"
RX,263204,R35,TXK,N151,94,189763,E,1,0.87,0.84,5.0,U,-64.0,9.5,True,,2026-07-09T14:22:54.767+00:00,/dev/cu.usbserial-58870137921,"RX,263204,R35,TXK,N151,94,189763,E,1,0.87,0.84,5,U,-64,9.50"
RX,264064,R35,TXA,N01,188,190627,E,1,0.87,0.84,5.0,F,-82.0,9.25,True,,2026-07-09T14:22:55.628+00:00,/dev/cu.usbserial-58870137921,"RX,264064,R35,TXA,N01,188,190627,E,1,0.87,0.84,5,F,-82,9.25"
RX,264331,R35,TXB,N16,93,190893,C,0,0.81,0.78,5.0,U,-86.0,9.0,True,,2026-07-09T14:22:55.895+00:00,/dev/cu.usbserial-58870137921,"RX,264331,R35,TXB,N16,93,190893,C,0,0.81,0.78,5,U,-86,9.00"
RX,264815,R35,TXE,N61,91,191382,G,1,0.93,0.9,5.0,U,-73.0,9.5,True,,2026-07-09T14:22:56.378+00:00,/dev/cu.usbserial-58870137921,"RX,264815,R35,TXE,N61,91,191382,G,1,0.93,0.90,5,U,-73,9.50"
RX,265064,R35,TXA,N01,189,191627,F,0,0.28,0.26,5.0,F,-84.0,9.75,True,,2026-07-09T14:22:56.628+00:00,/dev/cu.usbserial-58870137921,"RX,265064,R35,TXA,N01,189,191627,F,0,0.28,0.26,5,F,-84,9.75"
RX,265204,R35,TXK,N151,95,191763,G,1,0.93,0.9,5.0,U,-65.0,9.5,True,,2026-07-09T14:22:56.768+00:00,/dev/cu.usbserial-58870137921,"RX,265204,R35,TXK,N151,95,191763,G,1,0.93,0.90,5,U,-65,9.50"
RX,265563,R35,TXF,N76,46,192131,E,1,0.87,0.84,5.0,U,-71.0,9.5,True,,2026-07-09T14:22:57.126+00:00,/dev/cu.usbserial-58870137921,"RX,265563,R35,TXF,N76,46,192131,E,1,0.87,0.84,5,U,-71,9.50"
RX,265867,R35,TXD,N46,23,192431,G,1,0.93,0.9,5.0,U,-70.0,9.0,True,,2026-07-09T14:22:57.431+00:00,/dev/cu.usbserial-58870137921,"RX,265867,R35,TXD,N46,23,192431,G,1,0.93,0.90,5,U,-70,9.00"
RX,266064,R35,TXA,N01,190,192627,G,1,0.93,0.9,5.0,F,-82.0,9.75,True,,2026-07-09T14:22:57.628+00:00,/dev/cu.usbserial-58870137921,"RX,266064,R35,TXA,N01,190,192627,G,1,0.93,0.90,5,F,-82,9.75"
RX,266331,R35,TXB,N16,94,192893,E,1,0.87,0.84,5.0,U,-85.0,9.25,True,,2026-07-09T14:22:57.894+00:00,/dev/cu.usbserial-58870137921,"RX,266331,R35,TXB,N16,94,192893,E,1,0.87,0.84,5,U,-85,9.25"
RX,266512,R35,TXG,N91,22,193080,G,1,0.93,0.9,5.0,U,-88.0,9.5,True,,2026-07-09T14:22:58.076+00:00,/dev/cu.usbserial-58870137921,"RX,266512,R35,TXG,N91,22,193080,G,1,0.93,0.90,5,U,-88,9.50"
RX,266814,R35,TXE,N61,92,193382,A,1,0.75,0.72,5.0,U,-74.0,9.75,True,,2026-07-09T14:22:58.378+00:00,/dev/cu.usbserial-58870137921,"RX,266814,R35,TXE,N61,92,193382,A,1,0.75,0.72,5,U,-74,9.75"
RX,267064,R35,TXA,N01,191,193627,H,1,0.32,0.3,5.0,F,-82.0,9.75,True,,2026-07-09T14:22:58.628+00:00,/dev/cu.usbserial-58870137921,"RX,267064,R35,TXA,N01,191,193627,H,1,0.32,0.30,5,F,-82,9.75"
RX,267204,R35,TXK,N151,96,193763,A,1,0.75,0.72,5.0,U,-65.0,9.5,True,,2026-07-09T14:22:58.767+00:00,/dev/cu.usbserial-58870137921,"RX,267204,R35,TXK,N151,96,193763,A,1,0.75,0.72,5,U,-65,9.50"
RX,267563,R35,TXF,N76,47,194131,G,1,0.93,0.9,5.0,U,-71.0,9.5,True,,2026-07-09T14:22:59.126+00:00,/dev/cu.usbserial-58870137921,"RX,267563,R35,TXF,N76,47,194131,G,1,0.93,0.90,5,U,-71,9.50"
RX,267721,R35,TXJ,N136,22,194280,G,1,0.93,0.9,5.0,U,-71.0,9.75,True,,2026-07-09T14:22:59.284+00:00,/dev/cu.usbserial-58870137921,"RX,267721,R35,TXJ,N136,22,194280,G,1,0.93,0.90,5,U,-71,9.75"
RX,267817,R35,TXC,N31,46,194381,E,1,0.87,0.84,5.0,U,-75.0,9.25,True,,2026-07-09T14:22:59.380+00:00,/dev/cu.usbserial-58870137921,"RX,267817,R35,TXC,N31,46,194381,E,1,0.87,0.84,5,U,-75,9.25"
RX,268064,R35,TXA,N01,192,194627,A,1,0.75,0.72,5.0,F,-81.0,9.75,True,,2026-07-09T14:22:59.628+00:00,/dev/cu.usbserial-58870137921,"RX,268064,R35,TXA,N01,192,194627,A,1,0.75,0.72,5,F,-81,9.75"
RX,268331,R35,TXB,N16,95,194893,G,1,0.93,0.9,5.0,U,-84.0,9.75,True,,2026-07-09T14:22:59.894+00:00,/dev/cu.usbserial-58870137921,"RX,268331,R35,TXB,N16,95,194893,G,1,0.93,0.90,5,U,-84,9.75"
RX,268815,R35,TXE,N61,93,195382,C,0,0.81,0.78,5.0,U,-73.0,9.5,True,,2026-07-09T14:23:00.378+00:00,/dev/cu.usbserial-58870137921,"RX,268815,R35,TXE,N61,93,195382,C,0,0.81,0.78,5,U,-73,9.50"
RX,268922,R35,TXI,N121,46,195481,E,1,0.87,0.84,5.0,U,-70.0,9.0,True,,2026-07-09T14:23:00.485+00:00,/dev/cu.usbserial-58870137921,"RX,268922,R35,TXI,N121,46,195481,E,1,0.87,0.84,5,U,-70,9.00"
RX,269064,R35,TXA,N01,193,195627,B,0,0.2,0.18,5.0,F,-85.0,9.75,True,,2026-07-09T14:23:00.628+00:00,/dev/cu.usbserial-58870137921,"RX,269064,R35,TXA,N01,193,195627,B,0,0.20,0.18,5,F,-85,9.75"
RX,269204,R35,TXK,N151,97,195763,C,1,0.81,0.78,5.0,U,-66.0,9.75,True,,2026-07-09T14:23:00.767+00:00,/dev/cu.usbserial-58870137921,"RX,269204,R35,TXK,N151,97,195763,C,1,0.81,0.78,5,U,-66,9.75"
RX,269817,R35,TXC,N31,47,196381,G,1,0.93,0.9,5.0,U,-70.0,9.25,True,,2026-07-09T14:23:01.380+00:00,/dev/cu.usbserial-58870137921,"RX,269817,R35,TXC,N31,47,196381,G,1,0.93,0.90,5,U,-70,9.25"
RX,270064,R35,TXA,N01,194,196627,C,1,0.81,0.78,5.0,F,-85.0,9.25,True,,2026-07-09T14:23:01.628+00:00,/dev/cu.usbserial-58870137921,"RX,270064,R35,TXA,N01,194,196627,C,1,0.81,0.78,5,F,-85,9.25"
RX,270331,R35,TXB,N16,96,196893,A,1,0.75,0.72,5.0,U,-84.0,9.75,True,,2026-07-09T14:23:01.894+00:00,/dev/cu.usbserial-58870137921,"RX,270331,R35,TXB,N16,96,196893,A,1,0.75,0.72,5,U,-84,9.75"
RX,270814,R35,TXE,N61,94,197382,E,1,0.87,0.84,5.0,U,-76.0,9.5,True,,2026-07-09T14:23:02.378+00:00,/dev/cu.usbserial-58870137921,"RX,270814,R35,TXE,N61,94,197382,E,1,0.87,0.84,5,U,-76,9.50"
RX,270922,R35,TXI,N121,47,197481,G,1,0.93,0.9,5.0,U,-68.0,9.75,True,,2026-07-09T14:23:02.485+00:00,/dev/cu.usbserial-58870137921,"RX,270922,R35,TXI,N121,47,197481,G,1,0.93,0.90,5,U,-68,9.75"
RX,271064,R35,TXA,N01,195,197627,D,1,0.24,0.22,5.0,F,-80.0,10.0,True,,2026-07-09T14:23:02.628+00:00,/dev/cu.usbserial-58870137921,"RX,271064,R35,TXA,N01,195,197627,D,1,0.24,0.22,5,F,-80,10.00"
RX,271204,R35,TXK,N151,98,197763,E,0,0.87,0.84,5.0,U,-65.0,9.5,True,,2026-07-09T14:23:02.767+00:00,/dev/cu.usbserial-58870137921,"RX,271204,R35,TXK,N151,98,197763,E,0,0.87,0.84,5,U,-65,9.50"
RX,272064,R35,TXA,N01,196,198627,E,0,0.87,0.84,5.0,F,-83.0,9.25,True,,2026-07-09T14:23:03.628+00:00,/dev/cu.usbserial-58870137921,"RX,272064,R35,TXA,N01,196,198627,E,0,0.87,0.84,5,F,-83,9.25"
RX,272331,R35,TXB,N16,97,198893,C,1,0.81,0.78,5.0,U,-84.0,9.75,True,,2026-07-09T14:23:03.895+00:00,/dev/cu.usbserial-58870137921,"RX,272331,R35,TXB,N16,97,198893,C,1,0.81,0.78,5,U,-84,9.75"
RX,272815,R35,TXE,N61,95,199382,G,1,0.93,0.9,5.0,U,-74.0,9.5,True,,2026-07-09T14:23:04.378+00:00,/dev/cu.usbserial-58870137921,"RX,272815,R35,TXE,N61,95,199382,G,1,0.93,0.90,5,U,-74,9.50"
RX,273064,R35,TXA,N01,197,199627,F,1,0.28,0.26,5.0,F,-80.0,9.5,True,,2026-07-09T14:23:04.628+00:00,/dev/cu.usbserial-58870137921,"RX,273064,R35,TXA,N01,197,199627,F,1,0.28,0.26,5,F,-80,9.50"
RX,273357,R35,TXL,N166,12,199917,G,1,0.93,0.9,5.0,U,-73.0,10.25,True,,2026-07-09T14:23:04.921+00:00,/dev/cu.usbserial-58870137921,"RX,273357,R35,TXL,N166,12,199917,G,1,0.93,0.90,5,U,-73,10.25"
RX,273563,R35,TXF,N76,48,200131,E,0,0.87,0.84,5.0,U,-72.0,9.25,True,,2026-07-09T14:23:05.126+00:00,/dev/cu.usbserial-58870137921,"RX,273563,R35,TXF,N76,48,200131,E,0,0.87,0.84,5,U,-72,9.25"
RX,273867,R35,TXD,N46,24,200431,G,1,0.93,0.9,5.0,U,-67.0,9.75,True,,2026-07-09T14:23:05.431+00:00,/dev/cu.usbserial-58870137921,"RX,273867,R35,TXD,N46,24,200431,G,1,0.93,0.90,5,U,-67,9.75"
RX,274064,R35,TXA,N01,198,200627,G,1,0.93,0.9,5.0,F,-84.0,9.75,True,,2026-07-09T14:23:05.628+00:00,/dev/cu.usbserial-58870137921,"RX,274064,R35,TXA,N01,198,200627,G,1,0.93,0.90,5,F,-84,9.75"
RX,274331,R35,TXB,N16,98,200893,E,0,0.87,0.84,5.0,U,-86.0,9.25,True,,2026-07-09T14:23:05.895+00:00,/dev/cu.usbserial-58870137921,"RX,274331,R35,TXB,N16,98,200893,E,0,0.87,0.84,5,U,-86,9.25"
RX,274512,R35,TXG,N91,23,201080,G,1,0.93,0.9,5.0,U,-82.0,9.25,True,,2026-07-09T14:23:06.076+00:00,/dev/cu.usbserial-58870137921,"RX,274512,R35,TXG,N91,23,201080,G,1,0.93,0.90,5,U,-82,9.25"
RX,274815,R35,TXE,N61,96,201382,A,1,0.75,0.72,5.0,U,-74.0,10.0,True,,2026-07-09T14:23:06.378+00:00,/dev/cu.usbserial-58870137921,"RX,274815,R35,TXE,N61,96,201382,A,1,0.75,0.72,5,U,-74,10.00"
RX,275064,R35,TXA,N01,199,201627,H,0,0.32,0.3,5.0,F,-86.0,9.0,True,,2026-07-09T14:23:06.627+00:00,/dev/cu.usbserial-58870137921,"RX,275064,R35,TXA,N01,199,201627,H,0,0.32,0.30,5,F,-86,9.00"
RX,275209,R35,TXK,N151,100,201763,A,1,0.75,0.72,5.0,U,-66.0,9.75,True,,2026-07-09T14:23:06.772+00:00,/dev/cu.usbserial-58870137921,"RX,275209,R35,TXK,N151,100,201763,A,1,0.75,0.72,5,U,-66,9.75"
RX,275563,R35,TXF,N76,49,202131,G,1,0.93,0.9,5.0,U,-71.0,9.5,True,,2026-07-09T14:23:07.126+00:00,/dev/cu.usbserial-58870137921,"RX,275563,R35,TXF,N76,49,202131,G,1,0.93,0.90,5,U,-71,9.50"
RX,275721,R35,TXJ,N136,23,202280,G,1,0.93,0.9,5.0,U,-71.0,9.25,True,,2026-07-09T14:23:07.284+00:00,/dev/cu.usbserial-58870137921,"RX,275721,R35,TXJ,N136,23,202280,G,1,0.93,0.90,5,U,-71,9.25"
RX,275817,R35,TXC,N31,48,202381,E,0,0.87,0.84,5.0,U,-82.0,9.5,True,,2026-07-09T14:23:07.380+00:00,/dev/cu.usbserial-58870137921,"RX,275817,R35,TXC,N31,48,202381,E,0,0.87,0.84,5,U,-82,9.50"
RX,276064,R35,TXA,N01,200,202627,A,1,0.75,0.72,5.0,F,-87.0,9.75,True,,2026-07-09T14:23:07.628+00:00,/dev/cu.usbserial-58870137921,"RX,276064,R35,TXA,N01,200,202627,A,1,0.75,0.72,5,F,-87,9.75"
RX,276331,R35,TXB,N16,99,202893,G,1,0.93,0.9,5.0,U,-82.0,9.5,True,,2026-07-09T14:23:07.894+00:00,/dev/cu.usbserial-58870137921,"RX,276331,R35,TXB,N16,99,202893,G,1,0.93,0.90,5,U,-82,9.50"
RX,276815,R35,TXE,N61,97,203382,C,1,0.81,0.78,5.0,U,-70.0,9.75,True,,2026-07-09T14:23:08.378+00:00,/dev/cu.usbserial-58870137921,"RX,276815,R35,TXE,N61,97,203382,C,1,0.81,0.78,5,U,-70,9.75"
RX,276922,R35,TXI,N121,48,203481,E,0,0.87,0.84,5.0,U,-71.0,10.0,True,,2026-07-09T14:23:08.485+00:00,/dev/cu.usbserial-58870137921,"RX,276922,R35,TXI,N121,48,203481,E,0,0.87,0.84,5,U,-71,10.00"
RX,277064,R35,TXA,N01,201,203627,B,1,0.2,0.18,5.0,F,-83.0,9.75,True,,2026-07-09T14:23:08.628+00:00,/dev/cu.usbserial-58870137921,"RX,277064,R35,TXA,N01,201,203627,B,1,0.20,0.18,5,F,-83,9.75"
RX,277209,R35,TXK,N151,101,203763,C,0,0.81,0.78,5.0,U,-66.0,10.0,True,,2026-07-09T14:23:08.772+00:00,/dev/cu.usbserial-58870137921,"RX,277209,R35,TXK,N151,101,203763,C,0,0.81,0.78,5,U,-66,10.00"
RX,277817,R35,TXC,N31,49,204381,G,1,0.93,0.9,5.0,U,-82.0,9.75,True,,2026-07-09T14:23:09.380+00:00,/dev/cu.usbserial-58870137921,"RX,277817,R35,TXC,N31,49,204381,G,1,0.93,0.90,5,U,-82,9.75"
RX,278064,R35,TXA,N01,202,204627,C,0,0.81,0.78,5.0,F,-81.0,9.25,True,,2026-07-09T14:23:09.628+00:00,/dev/cu.usbserial-58870137921,"RX,278064,R35,TXA,N01,202,204627,C,0,0.81,0.78,5,F,-81,9.25"
RX,278331,R35,TXB,N16,100,204893,A,1,0.75,0.72,5.0,U,-85.0,9.75,True,,2026-07-09T14:23:09.895+00:00,/dev/cu.usbserial-58870137921,"RX,278331,R35,TXB,N16,100,204893,A,1,0.75,0.72,5,U,-85,9.75"
RX,278814,R35,TXE,N61,98,205382,E,0,0.87,0.84,5.0,U,-75.0,9.5,True,,2026-07-09T14:23:10.378+00:00,/dev/cu.usbserial-58870137921,"RX,278814,R35,TXE,N61,98,205382,E,0,0.87,0.84,5,U,-75,9.50"
RX,278922,R35,TXI,N121,49,205481,G,1,0.93,0.9,5.0,U,-71.0,9.5,True,,2026-07-09T14:23:10.485+00:00,/dev/cu.usbserial-58870137921,"RX,278922,R35,TXI,N121,49,205481,G,1,0.93,0.90,5,U,-71,9.50"
RX,279064,R35,TXA,N01,203,205627,D,1,0.24,0.22,5.0,F,-88.0,10.0,True,,2026-07-09T14:23:10.628+00:00,/dev/cu.usbserial-58870137921,"RX,279064,R35,TXA,N01,203,205627,D,1,0.24,0.22,5,F,-88,10.00"
RX,279209,R35,TXK,N151,102,205763,E,1,0.87,0.84,5.0,U,-65.0,10.0,True,,2026-07-09T14:23:10.773+00:00,/dev/cu.usbserial-58870137921,"RX,279209,R35,TXK,N151,102,205763,E,1,0.87,0.84,5,U,-65,10.00"
RX,280064,R35,TXA,N01,204,206627,E,1,0.87,0.84,5.0,F,-75.0,9.5,True,,2026-07-09T14:23:11.628+00:00,/dev/cu.usbserial-58870137921,"RX,280064,R35,TXA,N01,204,206627,E,1,0.87,0.84,5,F,-75,9.50"
RX,280331,R35,TXB,N16,101,206893,C,0,0.81,0.78,5.0,U,-81.0,9.5,True,,2026-07-09T14:23:11.895+00:00,/dev/cu.usbserial-58870137921,"RX,280331,R35,TXB,N16,101,206893,C,0,0.81,0.78,5,U,-81,9.50"
RX,280814,R35,TXE,N61,99,207382,G,1,0.93,0.9,5.0,U,-72.0,9.75,True,,2026-07-09T14:23:12.378+00:00,/dev/cu.usbserial-58870137921,"RX,280814,R35,TXE,N61,99,207382,G,1,0.93,0.90,5,U,-72,9.75"
RX,281064,R35,TXA,N01,205,207627,F,0,0.28,0.26,5.0,F,-70.0,10.0,True,,2026-07-09T14:23:12.628+00:00,/dev/cu.usbserial-58870137921,"RX,281064,R35,TXA,N01,205,207627,F,0,0.28,0.26,5,F,-70,10.00"
RX,281357,R35,TXL,N166,13,207917,G,1,0.93,0.9,5.0,U,-76.0,9.75,True,,2026-07-09T14:23:12.921+00:00,/dev/cu.usbserial-58870137921,"RX,281357,R35,TXL,N166,13,207917,G,1,0.93,0.90,5,U,-76,9.75"
RX,281563,R35,TXF,N76,50,208131,E,1,0.87,0.84,5.0,U,-73.0,9.5,True,,2026-07-09T14:23:13.126+00:00,/dev/cu.usbserial-58870137921,"RX,281563,R35,TXF,N76,50,208131,E,1,0.87,0.84,5,U,-73,9.50"
RX,281867,R35,TXD,N46,25,208431,G,1,0.93,0.9,5.0,U,-70.0,9.25,True,,2026-07-09T14:23:13.431+00:00,/dev/cu.usbserial-58870137921,"RX,281867,R35,TXD,N46,25,208431,G,1,0.93,0.90,5,U,-70,9.25"
RX,282064,R35,TXA,N01,206,208627,G,1,0.93,0.9,5.0,F,-76.0,9.5,True,,2026-07-09T14:23:13.627+00:00,/dev/cu.usbserial-58870137921,"RX,282064,R35,TXA,N01,206,208627,G,1,0.93,0.90,5,F,-76,9.50"
RX,282331,R35,TXB,N16,102,208893,E,1,0.87,0.84,5.0,U,-81.0,9.75,True,,2026-07-09T14:23:13.895+00:00,/dev/cu.usbserial-58870137921,"RX,282331,R35,TXB,N16,102,208893,E,1,0.87,0.84,5,U,-81,9.75"
RX,282512,R35,TXG,N91,24,209080,G,1,0.93,0.9,5.0,U,-81.0,9.5,True,,2026-07-09T14:23:14.076+00:00,/dev/cu.usbserial-58870137921,"RX,282512,R35,TXG,N91,24,209080,G,1,0.93,0.90,5,U,-81,9.50"
RX,282815,R35,TXE,N61,100,209382,A,1,0.75,0.72,5.0,U,-74.0,9.5,True,,2026-07-09T14:23:14.378+00:00,/dev/cu.usbserial-58870137921,"RX,282815,R35,TXE,N61,100,209382,A,1,0.75,0.72,5,U,-74,9.50"
RX,283064,R35,TXA,N01,207,209627,H,1,0.32,0.3,5.0,F,-80.0,9.75,True,,2026-07-09T14:23:14.628+00:00,/dev/cu.usbserial-58870137921,"RX,283064,R35,TXA,N01,207,209627,H,1,0.32,0.30,5,F,-80,9.75"
RX,283209,R35,TXK,N151,104,209763,A,0,0.75,0.72,5.0,U,-65.0,10.25,True,,2026-07-09T14:23:14.773+00:00,/dev/cu.usbserial-58870137921,"RX,283209,R35,TXK,N151,104,209763,A,0,0.75,0.72,5,U,-65,10.25"
RX,283563,R35,TXF,N76,51,210131,G,1,0.93,0.9,5.0,U,-73.0,9.75,True,,2026-07-09T14:23:15.126+00:00,/dev/cu.usbserial-58870137921,"RX,283563,R35,TXF,N76,51,210131,G,1,0.93,0.90,5,U,-73,9.75"
RX,283721,R35,TXJ,N136,24,210280,G,1,0.93,0.9,5.0,U,-71.0,9.5,True,,2026-07-09T14:23:15.284+00:00,/dev/cu.usbserial-58870137921,"RX,283721,R35,TXJ,N136,24,210280,G,1,0.93,0.90,5,U,-71,9.50"
RX,283817,R35,TXC,N31,50,210381,E,1,0.87,0.84,5.0,U,-77.0,9.75,True,,2026-07-09T14:23:15.380+00:00,/dev/cu.usbserial-58870137921,"RX,283817,R35,TXC,N31,50,210381,E,1,0.87,0.84,5,U,-77,9.75"
RX,284064,R35,TXA,N01,208,210627,A,0,0.75,0.72,5.0,F,-79.0,9.75,True,,2026-07-09T14:23:15.628+00:00,/dev/cu.usbserial-58870137921,"RX,284064,R35,TXA,N01,208,210627,A,0,0.75,0.72,5,F,-79,9.75"
RX,284331,R35,TXB,N16,103,210893,G,1,0.93,0.9,5.0,U,-82.0,9.75,True,,2026-07-09T14:23:15.894+00:00,/dev/cu.usbserial-58870137921,"RX,284331,R35,TXB,N16,103,210893,G,1,0.93,0.90,5,U,-82,9.75"
RX,284815,R35,TXE,N61,101,211382,C,0,0.81,0.78,5.0,U,-74.0,9.5,True,,2026-07-09T14:23:16.378+00:00,/dev/cu.usbserial-58870137921,"RX,284815,R35,TXE,N61,101,211382,C,0,0.81,0.78,5,U,-74,9.50"
RX,284922,R35,TXI,N121,50,211481,E,1,0.87,0.84,5.0,U,-71.0,9.5,True,,2026-07-09T14:23:16.485+00:00,/dev/cu.usbserial-58870137921,"RX,284922,R35,TXI,N121,50,211481,E,1,0.87,0.84,5,U,-71,9.50"
RX,285064,R35,TXA,N01,209,211627,B,1,0.2,0.18,5.0,F,-75.0,9.75,True,,2026-07-09T14:23:16.628+00:00,/dev/cu.usbserial-58870137921,"RX,285064,R35,TXA,N01,209,211627,B,1,0.20,0.18,5,F,-75,9.75"
RX,285209,R35,TXK,N151,105,211763,C,1,0.81,0.78,5.0,U,-65.0,9.75,True,,2026-07-09T14:23:16.772+00:00,/dev/cu.usbserial-58870137921,"RX,285209,R35,TXK,N151,105,211763,C,1,0.81,0.78,5,U,-65,9.75"
RX,285816,R35,TXC,N31,51,212381,G,1,0.93,0.9,5.0,U,-75.0,9.0,True,,2026-07-09T14:23:17.380+00:00,/dev/cu.usbserial-58870137921,"RX,285816,R35,TXC,N31,51,212381,G,1,0.93,0.90,5,U,-75,9.00"
RX,286064,R35,TXA,N01,210,212627,C,1,0.81,0.78,5.0,F,-80.0,10.0,True,,2026-07-09T14:23:17.628+00:00,/dev/cu.usbserial-58870137921,"RX,286064,R35,TXA,N01,210,212627,C,1,0.81,0.78,5,F,-80,10.00"
RX,286331,R35,TXB,N16,104,212893,A,0,0.75,0.72,5.0,U,-85.0,9.75,True,,2026-07-09T14:23:17.895+00:00,/dev/cu.usbserial-58870137921,"RX,286331,R35,TXB,N16,104,212893,A,0,0.75,0.72,5,U,-85,9.75"
RX,286815,R35,TXE,N61,102,213382,E,1,0.87,0.84,5.0,U,-74.0,9.75,True,,2026-07-09T14:23:18.378+00:00,/dev/cu.usbserial-58870137921,"RX,286815,R35,TXE,N61,102,213382,E,1,0.87,0.84,5,U,-74,9.75"
RX,286922,R35,TXI,N121,51,213481,G,1,0.93,0.9,5.0,U,-70.0,9.5,True,,2026-07-09T14:23:18.485+00:00,/dev/cu.usbserial-58870137921,"RX,286922,R35,TXI,N121,51,213481,G,1,0.93,0.90,5,U,-70,9.50"
RX,287064,R35,TXA,N01,211,213627,D,0,0.24,0.22,5.0,F,-81.0,9.75,True,,2026-07-09T14:23:18.627+00:00,/dev/cu.usbserial-58870137921,"RX,287064,R35,TXA,N01,211,213627,D,0,0.24,0.22,5,F,-81,9.75"
RX,287209,R35,TXK,N151,106,213763,E,1,0.87,0.84,5.0,U,-65.0,11.75,True,,2026-07-09T14:23:18.772+00:00,/dev/cu.usbserial-58870137921,"RX,287209,R35,TXK,N151,106,213763,E,1,0.87,0.84,5,U,-65,11.75"
RX,288064,R35,TXA,N01,212,214627,E,1,0.87,0.84,5.0,F,-81.0,10.0,True,,2026-07-09T14:23:19.628+00:00,/dev/cu.usbserial-58870137921,"RX,288064,R35,TXA,N01,212,214627,E,1,0.87,0.84,5,F,-81,10.00"
RX,288331,R35,TXB,N16,105,214893,C,1,0.81,0.78,5.0,U,-84.0,9.25,True,,2026-07-09T14:23:19.895+00:00,/dev/cu.usbserial-58870137921,"RX,288331,R35,TXB,N16,105,214893,C,1,0.81,0.78,5,U,-84,9.25"
RX,288815,R35,TXE,N61,103,215382,G,1,0.93,0.9,5.0,U,-74.0,9.75,True,,2026-07-09T14:23:20.378+00:00,/dev/cu.usbserial-58870137921,"RX,288815,R35,TXE,N61,103,215382,G,1,0.93,0.90,5,U,-74,9.75"
RX,289064,R35,TXA,N01,213,215627,F,1,0.28,0.26,5.0,F,-80.0,9.75,True,,2026-07-09T14:23:20.628+00:00,/dev/cu.usbserial-58870137921,"RX,289064,R35,TXA,N01,213,215627,F,1,0.28,0.26,5,F,-80,9.75"
RX,289357,R35,TXL,N166,14,215917,G,0,0.93,0.9,5.0,U,-78.0,9.75,True,,2026-07-09T14:23:20.921+00:00,/dev/cu.usbserial-58870137921,"RX,289357,R35,TXL,N166,14,215917,G,0,0.93,0.90,5,U,-78,9.75"
RX,289563,R35,TXF,N76,52,216131,E,1,0.87,0.84,5.0,U,-72.0,11.75,True,,2026-07-09T14:23:21.126+00:00,/dev/cu.usbserial-58870137921,"RX,289563,R35,TXF,N76,52,216131,E,1,0.87,0.84,5,U,-72,11.75"
RX,289867,R35,TXD,N46,26,216431,G,0,0.93,0.9,5.0,U,-69.0,9.75,True,,2026-07-09T14:23:21.431+00:00,/dev/cu.usbserial-58870137921,"RX,289867,R35,TXD,N46,26,216431,G,0,0.93,0.90,5,U,-69,9.75"
RX,290064,R35,TXA,N01,214,216627,G,0,0.93,0.9,5.0,F,-80.0,9.5,True,,2026-07-09T14:23:21.627+00:00,/dev/cu.usbserial-58870137921,"RX,290064,R35,TXA,N01,214,216627,G,0,0.93,0.90,5,F,-80,9.50"
RX,290331,R35,TXB,N16,106,216893,E,1,0.87,0.84,5.0,U,-84.0,10.0,True,,2026-07-09T14:23:21.895+00:00,/dev/cu.usbserial-58870137921,"RX,290331,R35,TXB,N16,106,216893,E,1,0.87,0.84,5,U,-84,10.00"
RX,290512,R35,TXG,N91,25,217080,G,1,0.93,0.9,5.0,U,-80.0,9.0,True,,2026-07-09T14:23:22.075+00:00,/dev/cu.usbserial-58870137921,"RX,290512,R35,TXG,N91,25,217080,G,1,0.93,0.90,5,U,-80,9.00"
RX,290814,R35,TXE,N61,104,217382,A,0,0.75,0.72,5.0,U,-73.0,9.75,True,,2026-07-09T14:23:22.378+00:00,/dev/cu.usbserial-58870137921,"RX,290814,R35,TXE,N61,104,217382,A,0,0.75,0.72,5,U,-73,9.75"
RX,291064,R35,TXA,N01,215,217627,H,1,0.32,0.3,5.0,F,-80.0,9.25,True,,2026-07-09T14:23:22.628+00:00,/dev/cu.usbserial-58870137921,"RX,291064,R35,TXA,N01,215,217627,H,1,0.32,0.30,5,F,-80,9.25"
RX,291209,R35,TXK,N151,108,217763,A,1,0.75,0.72,5.0,U,-65.0,9.0,True,,2026-07-09T14:23:22.772+00:00,/dev/cu.usbserial-58870137921,"RX,291209,R35,TXK,N151,108,217763,A,1,0.75,0.72,5,U,-65,9.00"
RX,291563,R35,TXF,N76,53,218131,G,0,0.93,0.9,5.0,U,-72.0,9.5,True,,2026-07-09T14:23:23.126+00:00,/dev/cu.usbserial-58870137921,"RX,291563,R35,TXF,N76,53,218131,G,0,0.93,0.90,5,U,-72,9.50"
RX,291721,R35,TXJ,N136,25,218280,G,1,0.93,0.9,5.0,U,-72.0,9.25,True,,2026-07-09T14:23:23.284+00:00,/dev/cu.usbserial-58870137921,"RX,291721,R35,TXJ,N136,25,218280,G,1,0.93,0.90,5,U,-72,9.25"
RX,291816,R35,TXC,N31,52,218381,E,1,0.87,0.84,5.0,U,-75.0,10.0,True,,2026-07-09T14:23:23.380+00:00,/dev/cu.usbserial-58870137921,"RX,291816,R35,TXC,N31,52,218381,E,1,0.87,0.84,5,U,-75,10.00"
RX,292064,R35,TXA,N01,216,218627,A,1,0.75,0.72,5.0,F,-80.0,9.25,True,,2026-07-09T14:23:23.628+00:00,/dev/cu.usbserial-58870137921,"RX,292064,R35,TXA,N01,216,218627,A,1,0.75,0.72,5,F,-80,9.25"
RX,292331,R35,TXB,N16,107,218893,G,0,0.93,0.9,5.0,U,-84.0,9.75,True,,2026-07-09T14:23:23.894+00:00,/dev/cu.usbserial-58870137921,"RX,292331,R35,TXB,N16,107,218893,G,0,0.93,0.90,5,U,-84,9.75"
RX,292815,R35,TXE,N61,105,219382,C,1,0.81,0.78,5.0,U,-74.0,10.25,True,,2026-07-09T14:23:24.378+00:00,/dev/cu.usbserial-58870137921,"RX,292815,R35,TXE,N61,105,219382,C,1,0.81,0.78,5,U,-74,10.25"
RX,292922,R35,TXI,N121,52,219481,E,1,0.87,0.84,5.0,U,-70.0,9.75,True,,2026-07-09T14:23:24.485+00:00,/dev/cu.usbserial-58870137921,"RX,292922,R35,TXI,N121,52,219481,E,1,0.87,0.84,5,U,-70,9.75"
RX,293064,R35,TXA,N01,217,219627,B,0,0.2,0.18,5.0,F,-79.0,9.75,True,,2026-07-09T14:23:24.628+00:00,/dev/cu.usbserial-58870137921,"RX,293064,R35,TXA,N01,217,219627,B,0,0.20,0.18,5,F,-79,9.75"
RX,293209,R35,TXK,N151,109,219763,C,1,0.81,0.78,5.0,U,-65.0,10.25,True,,2026-07-09T14:23:24.772+00:00,/dev/cu.usbserial-58870137921,"RX,293209,R35,TXK,N151,109,219763,C,1,0.81,0.78,5,U,-65,10.25"
RX,293816,R35,TXC,N31,53,220381,G,0,0.93,0.9,5.0,U,-76.0,10.0,True,,2026-07-09T14:23:25.380+00:00,/dev/cu.usbserial-58870137921,"RX,293816,R35,TXC,N31,53,220381,G,0,0.93,0.90,5,U,-76,10.00"
RX,294064,R35,TXA,N01,218,220627,C,1,0.81,0.78,5.0,F,-80.0,9.25,True,,2026-07-09T14:23:25.628+00:00,/dev/cu.usbserial-58870137921,"RX,294064,R35,TXA,N01,218,220627,C,1,0.81,0.78,5,F,-80,9.25"
RX,294331,R35,TXB,N16,108,220893,A,1,0.75,0.72,5.0,U,-83.0,9.75,True,,2026-07-09T14:23:25.894+00:00,/dev/cu.usbserial-58870137921,"RX,294331,R35,TXB,N16,108,220893,A,1,0.75,0.72,5,U,-83,9.75"
RX,294814,R35,TXE,N61,106,221382,E,1,0.87,0.84,5.0,U,-74.0,9.75,True,,2026-07-09T14:23:26.378+00:00,/dev/cu.usbserial-58870137921,"RX,294814,R35,TXE,N61,106,221382,E,1,0.87,0.84,5,U,-74,9.75"
RX,294921,R35,TXI,N121,53,221481,G,0,0.93,0.9,5.0,U,-70.0,9.75,True,,2026-07-09T14:23:26.485+00:00,/dev/cu.usbserial-58870137921,"RX,294921,R35,TXI,N121,53,221481,G,0,0.93,0.90,5,U,-70,9.75"
RX,295064,R35,TXA,N01,219,221627,D,1,0.24,0.22,5.0,F,-80.0,9.5,True,,2026-07-09T14:23:26.627+00:00,/dev/cu.usbserial-58870137921,"RX,295064,R35,TXA,N01,219,221627,D,1,0.24,0.22,5,F,-80,9.50"
RX,295209,R35,TXK,N151,110,221763,E,0,0.87,0.84,5.0,U,-65.0,9.5,True,,2026-07-09T14:23:26.772+00:00,/dev/cu.usbserial-58870137921,"RX,295209,R35,TXK,N151,110,221763,E,0,0.87,0.84,5,U,-65,9.50"
RX,296064,R35,TXA,N01,220,222627,E,0,0.87,0.84,5.0,F,-81.0,9.25,True,,2026-07-09T14:23:27.628+00:00,/dev/cu.usbserial-58870137921,"RX,296064,R35,TXA,N01,220,222627,E,0,0.87,0.84,5,F,-81,9.25"
RX,296331,R35,TXB,N16,109,222893,C,1,0.81,0.78,5.0,U,-84.0,9.75,True,,2026-07-09T14:23:27.895+00:00,/dev/cu.usbserial-58870137921,"RX,296331,R35,TXB,N16,109,222893,C,1,0.81,0.78,5,U,-84,9.75"
RX,296814,R35,TXE,N61,107,223382,G,0,0.93,0.9,5.0,U,-73.0,9.5,True,,2026-07-09T14:23:28.378+00:00,/dev/cu.usbserial-58870137921,"RX,296814,R35,TXE,N61,107,223382,G,0,0.93,0.90,5,U,-73,9.50"
RX,297064,R35,TXA,N01,221,223627,F,1,0.28,0.26,5.0,F,-81.0,9.5,True,,2026-07-09T14:23:28.628+00:00,/dev/cu.usbserial-58870137921,"RX,297064,R35,TXA,N01,221,223627,F,1,0.28,0.26,5,F,-81,9.50"
RX,297357,R35,TXL,N166,15,223917,G,1,0.93,0.9,5.0,U,-77.0,10.0,True,,2026-07-09T14:23:28.921+00:00,/dev/cu.usbserial-58870137921,"RX,297357,R35,TXL,N166,15,223917,G,1,0.93,0.90,5,U,-77,10.00"
RX,297563,R35,TXF,N76,54,224131,E,0,0.87,0.84,5.0,U,-72.0,9.75,True,,2026-07-09T14:23:29.126+00:00,/dev/cu.usbserial-58870137921,"RX,297563,R35,TXF,N76,54,224131,E,0,0.87,0.84,5,U,-72,9.75"
RX,297867,R35,TXD,N46,27,224431,G,1,0.93,0.9,5.0,U,-70.0,9.5,True,,2026-07-09T14:23:29.431+00:00,/dev/cu.usbserial-58870137921,"RX,297867,R35,TXD,N46,27,224431,G,1,0.93,0.90,5,U,-70,9.50"
RX,298064,R35,TXA,N01,222,224627,G,1,0.93,0.9,5.0,F,-88.0,9.5,True,,2026-07-09T14:23:29.627+00:00,/dev/cu.usbserial-58870137921,"RX,298064,R35,TXA,N01,222,224627,G,1,0.93,0.90,5,F,-88,9.50"
RX,298331,R35,TXB,N16,110,224893,E,0,0.87,0.84,5.0,U,-83.0,9.5,True,,2026-07-09T14:23:29.894+00:00,/dev/cu.usbserial-58870137921,"RX,298331,R35,TXB,N16,110,224893,E,0,0.87,0.84,5,U,-83,9.50"
RX,298512,R35,TXG,N91,26,225080,G,0,0.93,0.9,5.0,U,-86.0,9.25,True,,2026-07-09T14:23:30.075+00:00,/dev/cu.usbserial-58870137921,"RX,298512,R35,TXG,N91,26,225080,G,0,0.93,0.90,5,U,-86,9.25"
RX,298815,R35,TXE,N61,108,225382,A,1,0.75,0.72,5.0,U,-73.0,10.0,True,,2026-07-09T14:23:30.378+00:00,/dev/cu.usbserial-58870137921,"RX,298815,R35,TXE,N61,108,225382,A,1,0.75,0.72,5,U,-73,10.00"
RX,299064,R35,TXA,N01,223,225627,H,0,0.32,0.3,5.0,F,-80.0,9.75,True,,2026-07-09T14:23:30.627+00:00,/dev/cu.usbserial-58870137921,"RX,299064,R35,TXA,N01,223,225627,H,0,0.32,0.30,5,F,-80,9.75"
RX,299209,R35,TXK,N151,112,225763,A,1,0.75,0.72,5.0,U,-65.0,10.0,True,,2026-07-09T14:23:30.772+00:00,/dev/cu.usbserial-58870137921,"RX,299209,R35,TXK,N151,112,225763,A,1,0.75,0.72,5,U,-65,10.00"
RX,299562,R35,TXF,N76,55,226131,G,1,0.93,0.9,5.0,U,-73.0,9.75,True,,2026-07-09T14:23:31.126+00:00,/dev/cu.usbserial-58870137921,"RX,299562,R35,TXF,N76,55,226131,G,1,0.93,0.90,5,U,-73,9.75"
RX,299721,R35,TXJ,N136,26,226280,G,0,0.93,0.9,5.0,U,-71.0,9.75,True,,2026-07-09T14:23:31.284+00:00,/dev/cu.usbserial-58870137921,"RX,299721,R35,TXJ,N136,26,226280,G,0,0.93,0.90,5,U,-71,9.75"
RX,299816,R35,TXC,N31,54,226381,E,0,0.87,0.84,5.0,U,-78.0,10.0,True,,2026-07-09T14:23:31.380+00:00,/dev/cu.usbserial-58870137921,"RX,299816,R35,TXC,N31,54,226381,E,0,0.87,0.84,5,U,-78,10.00"
RX,300064,R35,TXA,N01,224,226627,A,1,0.75,0.72,5.0,F,-80.0,9.75,True,,2026-07-09T14:23:31.627+00:00,/dev/cu.usbserial-58870137921,"RX,300064,R35,TXA,N01,224,226627,A,1,0.75,0.72,5,F,-80,9.75"
RX,300331,R35,TXB,N16,111,226893,G,1,0.93,0.9,5.0,U,-84.0,10.0,True,,2026-07-09T14:23:31.895+00:00,/dev/cu.usbserial-58870137921,"RX,300331,R35,TXB,N16,111,226893,G,1,0.93,0.90,5,U,-84,10.00"
RX,300814,R35,TXE,N61,109,227382,C,1,0.81,0.78,5.0,U,-74.0,9.5,True,,2026-07-09T14:23:32.378+00:00,/dev/cu.usbserial-58870137921,"RX,300814,R35,TXE,N61,109,227382,C,1,0.81,0.78,5,U,-74,9.50"
RX,300921,R35,TXI,N121,54,227481,E,0,0.87,0.84,5.0,U,-70.0,10.0,True,,2026-07-09T14:23:32.485+00:00,/dev/cu.usbserial-58870137921,"RX,300921,R35,TXI,N121,54,227481,E,0,0.87,0.84,5,U,-70,10.00"
RX,301064,R35,TXA,N01,225,227627,B,1,0.2,0.18,5.0,F,-78.0,9.75,True,,2026-07-09T14:23:32.627+00:00,/dev/cu.usbserial-58870137921,"RX,301064,R35,TXA,N01,225,227627,B,1,0.20,0.18,5,F,-78,9.75"
RX,301209,R35,TXK,N151,113,227763,C,0,0.81,0.78,5.0,U,-65.0,11.25,True,,2026-07-09T14:23:32.773+00:00,/dev/cu.usbserial-58870137921,"RX,301209,R35,TXK,N151,113,227763,C,0,0.81,0.78,5,U,-65,11.25"
RX,301816,R35,TXC,N31,55,228381,G,1,0.93,0.9,5.0,U,-76.0,9.25,True,,2026-07-09T14:23:33.380+00:00,/dev/cu.usbserial-58870137921,"RX,301816,R35,TXC,N31,55,228381,G,1,0.93,0.90,5,U,-76,9.25"
RX,302064,R35,TXA,N01,226,228627,C,0,0.81,0.78,5.0,F,-79.0,9.75,True,,2026-07-09T14:23:33.628+00:00,/dev/cu.usbserial-58870137921,"RX,302064,R35,TXA,N01,226,228627,C,0,0.81,0.78,5,F,-79,9.75"
RX,302331,R35,TXB,N16,112,228893,A,1,0.75,0.72,5.0,U,-82.0,10.0,True,,2026-07-09T14:23:33.895+00:00,/dev/cu.usbserial-58870137921,"RX,302331,R35,TXB,N16,112,228893,A,1,0.75,0.72,5,U,-82,10.00"
RX,302815,R35,TXE,N61,110,229382,E,0,0.87,0.84,5.0,U,-75.0,9.25,True,,2026-07-09T14:23:34.378+00:00,/dev/cu.usbserial-58870137921,"RX,302815,R35,TXE,N61,110,229382,E,0,0.87,0.84,5,U,-75,9.25"
RX,302921,R35,TXI,N121,55,229481,G,1,0.93,0.9,5.0,U,-71.0,9.75,True,,2026-07-09T14:23:34.485+00:00,/dev/cu.usbserial-58870137921,"RX,302921,R35,TXI,N121,55,229481,G,1,0.93,0.90,5,U,-71,9.75"
RX,303064,R35,TXA,N01,227,229627,D,1,0.24,0.22,5.0,F,-77.0,9.75,True,,2026-07-09T14:23:34.628+00:00,/dev/cu.usbserial-58870137921,"RX,303064,R35,TXA,N01,227,229627,D,1,0.24,0.22,5,F,-77,9.75"
RX,303209,R35,TXK,N151,114,229763,E,1,0.87,0.84,5.0,U,-65.0,10.0,True,,2026-07-09T14:23:34.772+00:00,/dev/cu.usbserial-58870137921,"RX,303209,R35,TXK,N151,114,229763,E,1,0.87,0.84,5,U,-65,10.00"
RX,304064,R35,TXA,N01,228,230627,E,1,0.87,0.84,5.0,F,-77.0,9.25,True,,2026-07-09T14:23:35.628+00:00,/dev/cu.usbserial-58870137921,"RX,304064,R35,TXA,N01,228,230627,E,1,0.87,0.84,5,F,-77,9.25"
RX,304331,R35,TXB,N16,113,230893,C,0,0.81,0.78,5.0,U,-83.0,9.75,True,,2026-07-09T14:23:35.895+00:00,/dev/cu.usbserial-58870137921,"RX,304331,R35,TXB,N16,113,230893,C,0,0.81,0.78,5,U,-83,9.75"
RX,304814,R35,TXE,N61,111,231382,G,1,0.93,0.9,5.0,U,-75.0,9.5,True,,2026-07-09T14:23:36.378+00:00,/dev/cu.usbserial-58870137921,"RX,304814,R35,TXE,N61,111,231382,G,1,0.93,0.90,5,U,-75,9.50"
RX,305064,R35,TXA,N01,229,231627,F,0,0.28,0.26,5.0,F,-77.0,9.75,True,,2026-07-09T14:23:36.628+00:00,/dev/cu.usbserial-58870137921,"RX,305064,R35,TXA,N01,229,231627,F,0,0.28,0.26,5,F,-77,9.75"
RX,305209,R35,TXK,N151,115,231763,G,1,0.93,0.9,5.0,U,-65.0,9.75,True,,2026-07-09T14:23:36.772+00:00,/dev/cu.usbserial-58870137921,"RX,305209,R35,TXK,N151,115,231763,G,1,0.93,0.90,5,U,-65,9.75"
RX,305563,R35,TXF,N76,56,232131,E,1,0.87,0.84,5.0,U,-73.0,9.75,True,,2026-07-09T14:23:37.126+00:00,/dev/cu.usbserial-58870137921,"RX,305563,R35,TXF,N76,56,232131,E,1,0.87,0.84,5,U,-73,9.75"
RX,305867,R35,TXD,N46,28,232431,G,1,0.93,0.9,5.0,U,-70.0,9.25,True,,2026-07-09T14:23:37.430+00:00,/dev/cu.usbserial-58870137921,"RX,305867,R35,TXD,N46,28,232431,G,1,0.93,0.90,5,U,-70,9.25"
RX,306064,R35,TXA,N01,230,232627,G,1,0.93,0.9,5.0,F,-78.0,9.75,True,,2026-07-09T14:23:37.628+00:00,/dev/cu.usbserial-58870137921,"RX,306064,R35,TXA,N01,230,232627,G,1,0.93,0.90,5,F,-78,9.75"
RX,306331,R35,TXB,N16,114,232893,E,1,0.87,0.84,5.0,U,-83.0,9.5,True,,2026-07-09T14:23:37.895+00:00,/dev/cu.usbserial-58870137921,"RX,306331,R35,TXB,N16,114,232893,E,1,0.87,0.84,5,U,-83,9.50"
RX,306512,R35,TXG,N91,27,233080,G,1,0.93,0.9,5.0,U,-86.0,9.25,True,,2026-07-09T14:23:38.075+00:00,/dev/cu.usbserial-58870137921,"RX,306512,R35,TXG,N91,27,233080,G,1,0.93,0.90,5,U,-86,9.25"
RX,306814,R35,TXE,N61,112,233382,A,1,0.75,0.72,5.0,U,-75.0,9.5,True,,2026-07-09T14:23:38.378+00:00,/dev/cu.usbserial-58870137921,"RX,306814,R35,TXE,N61,112,233382,A,1,0.75,0.72,5,U,-75,9.50"
RX,307064,R35,TXA,N01,231,233627,H,1,0.32,0.3,5.0,F,-77.0,9.5,True,,2026-07-09T14:23:38.627+00:00,/dev/cu.usbserial-58870137921,"RX,307064,R35,TXA,N01,231,233627,H,1,0.32,0.30,5,F,-77,9.50"
RX,307209,R35,TXK,N151,116,233763,A,0,0.75,0.72,5.0,U,-64.0,10.5,True,,2026-07-09T14:23:38.772+00:00,/dev/cu.usbserial-58870137921,"RX,307209,R35,TXK,N151,116,233763,A,0,0.75,0.72,5,U,-64,10.50"
RX,307562,R35,TXF,N76,57,234131,G,1,0.93,0.9,5.0,U,-73.0,10.0,True,,2026-07-09T14:23:39.125+00:00,/dev/cu.usbserial-58870137921,"RX,307562,R35,TXF,N76,57,234131,G,1,0.93,0.90,5,U,-73,10.00"
RX,307721,R35,TXJ,N136,27,234280,G,1,0.93,0.9,5.0,U,-70.0,9.75,True,,2026-07-09T14:23:39.284+00:00,/dev/cu.usbserial-58870137921,"RX,307721,R35,TXJ,N136,27,234280,G,1,0.93,0.90,5,U,-70,9.75"
RX,307816,R35,TXC,N31,56,234381,E,1,0.87,0.84,5.0,U,-75.0,9.75,True,,2026-07-09T14:23:39.379+00:00,/dev/cu.usbserial-58870137921,"RX,307816,R35,TXC,N31,56,234381,E,1,0.87,0.84,5,U,-75,9.75"
RX,308064,R35,TXA,N01,232,234627,A,0,0.75,0.72,5.0,F,-77.0,9.5,True,,2026-07-09T14:23:39.628+00:00,/dev/cu.usbserial-58870137921,"RX,308064,R35,TXA,N01,232,234627,A,0,0.75,0.72,5,F,-77,9.50"
RX,308331,R35,TXB,N16,115,234893,G,1,0.93,0.9,5.0,U,-83.0,9.5,True,,2026-07-09T14:23:39.895+00:00,/dev/cu.usbserial-58870137921,"RX,308331,R35,TXB,N16,115,234893,G,1,0.93,0.90,5,U,-83,9.50"
RX,308814,R35,TXE,N61,113,235382,C,0,0.81,0.78,5.0,U,-74.0,10.0,True,,2026-07-09T14:23:40.378+00:00,/dev/cu.usbserial-58870137921,"RX,308814,R35,TXE,N61,113,235382,C,0,0.81,0.78,5,U,-74,10.00"
RX,308921,R35,TXI,N121,56,235481,E,1,0.87,0.84,5.0,U,-72.0,9.75,True,,2026-07-09T14:23:40.485+00:00,/dev/cu.usbserial-58870137921,"RX,308921,R35,TXI,N121,56,235481,E,1,0.87,0.84,5,U,-72,9.75"
RX,309064,R35,TXA,N01,233,235627,B,1,0.2,0.18,5.0,F,-77.0,9.25,True,,2026-07-09T14:23:40.627+00:00,/dev/cu.usbserial-58870137921,"RX,309064,R35,TXA,N01,233,235627,B,1,0.20,0.18,5,F,-77,9.25"
RX,309209,R35,TXK,N151,117,235763,C,1,0.81,0.78,5.0,U,-65.0,9.75,True,,2026-07-09T14:23:40.772+00:00,/dev/cu.usbserial-58870137921,"RX,309209,R35,TXK,N151,117,235763,C,1,0.81,0.78,5,U,-65,9.75"
RX,309816,R35,TXC,N31,57,236381,G,1,0.93,0.9,5.0,U,-76.0,9.75,True,,2026-07-09T14:23:41.380+00:00,/dev/cu.usbserial-58870137921,"RX,309816,R35,TXC,N31,57,236381,G,1,0.93,0.90,5,U,-76,9.75"
RX,310064,R35,TXA,N01,234,236627,C,1,0.81,0.78,5.0,F,-77.0,9.75,True,,2026-07-09T14:23:41.627+00:00,/dev/cu.usbserial-58870137921,"RX,310064,R35,TXA,N01,234,236627,C,1,0.81,0.78,5,F,-77,9.75"
RX,310331,R35,TXB,N16,116,236893,A,0,0.75,0.72,5.0,U,-83.0,9.75,True,,2026-07-09T14:23:41.894+00:00,/dev/cu.usbserial-58870137921,"RX,310331,R35,TXB,N16,116,236893,A,0,0.75,0.72,5,U,-83,9.75"
RX,310814,R35,TXE,N61,114,237382,E,1,0.87,0.84,5.0,U,-76.0,9.75,True,,2026-07-09T14:23:42.378+00:00,/dev/cu.usbserial-58870137921,"RX,310814,R35,TXE,N61,114,237382,E,1,0.87,0.84,5,U,-76,9.75"
RX,310921,R35,TXI,N121,57,237481,G,1,0.93,0.9,5.0,U,-71.0,9.75,True,,2026-07-09T14:23:42.485+00:00,/dev/cu.usbserial-58870137921,"RX,310921,R35,TXI,N121,57,237481,G,1,0.93,0.90,5,U,-71,9.75"
RX,311064,R35,TXA,N01,235,237627,D,0,0.24,0.22,5.0,F,-78.0,9.75,True,,2026-07-09T14:23:42.627+00:00,/dev/cu.usbserial-58870137921,"RX,311064,R35,TXA,N01,235,237627,D,0,0.24,0.22,5,F,-78,9.75"
RX,311209,R35,TXK,N151,118,237763,E,1,0.87,0.84,5.0,U,-64.0,10.25,True,,2026-07-09T14:23:42.772+00:00,/dev/cu.usbserial-58870137921,"RX,311209,R35,TXK,N151,118,237763,E,1,0.87,0.84,5,U,-64,10.25"
RX,312064,R35,TXA,N01,236,238627,E,1,0.87,0.84,5.0,F,-77.0,9.75,True,,2026-07-09T14:23:43.628+00:00,/dev/cu.usbserial-58870137921,"RX,312064,R35,TXA,N01,236,238627,E,1,0.87,0.84,5,F,-77,9.75"
RX,312331,R35,TXB,N16,117,238893,C,1,0.81,0.78,5.0,U,-82.0,9.75,True,,2026-07-09T14:23:43.894+00:00,/dev/cu.usbserial-58870137921,"RX,312331,R35,TXB,N16,117,238893,C,1,0.81,0.78,5,U,-82,9.75"
RX,312814,R35,TXE,N61,115,239382,G,1,0.93,0.9,5.0,U,-75.0,9.5,True,,2026-07-09T14:23:44.378+00:00,/dev/cu.usbserial-58870137921,"RX,312814,R35,TXE,N61,115,239382,G,1,0.93,0.90,5,U,-75,9.50"
RX,313064,R35,TXA,N01,237,239627,F,1,0.28,0.26,5.0,F,-78.0,9.5,True,,2026-07-09T14:23:44.627+00:00,/dev/cu.usbserial-58870137921,"RX,313064,R35,TXA,N01,237,239627,F,1,0.28,0.26,5,F,-78,9.50"
RX,313209,R35,TXK,N151,119,239763,G,0,0.93,0.9,5.0,U,-64.0,10.0,True,,2026-07-09T14:23:44.772+00:00,/dev/cu.usbserial-58870137921,"RX,313209,R35,TXK,N151,119,239763,G,0,0.93,0.90,5,U,-64,10.00"
RX,313562,R35,TXF,N76,58,240131,E,1,0.87,0.84,5.0,U,-72.0,9.75,True,,2026-07-09T14:23:45.126+00:00,/dev/cu.usbserial-58870137921,"RX,313562,R35,TXF,N76,58,240131,E,1,0.87,0.84,5,U,-72,9.75"
RX,313867,R35,TXD,N46,29,240431,G,0,0.93,0.9,5.0,U,-70.0,9.5,True,,2026-07-09T14:23:45.430+00:00,/dev/cu.usbserial-58870137921,"RX,313867,R35,TXD,N46,29,240431,G,0,0.93,0.90,5,U,-70,9.50"
RX,314064,R35,TXA,N01,238,240627,G,0,0.93,0.9,5.0,F,-77.0,10.0,True,,2026-07-09T14:23:45.627+00:00,/dev/cu.usbserial-58870137921,"RX,314064,R35,TXA,N01,238,240627,G,0,0.93,0.90,5,F,-77,10.00"
RX,314331,R35,TXB,N16,118,240893,E,1,0.87,0.84,5.0,U,-82.0,9.5,True,,2026-07-09T14:23:45.894+00:00,/dev/cu.usbserial-58870137921,"RX,314331,R35,TXB,N16,118,240893,E,1,0.87,0.84,5,U,-82,9.50"
RX,314512,R35,TXG,N91,28,241080,G,1,0.93,0.9,5.0,U,-84.0,10.25,True,,2026-07-09T14:23:46.075+00:00,/dev/cu.usbserial-58870137921,"RX,314512,R35,TXG,N91,28,241080,G,1,0.93,0.90,5,U,-84,10.25"
RX,314814,R35,TXE,N61,116,241382,A,0,0.75,0.72,5.0,U,-75.0,9.25,True,,2026-07-09T14:23:46.378+00:00,/dev/cu.usbserial-58870137921,"RX,314814,R35,TXE,N61,116,241382,A,0,0.75,0.72,5,U,-75,9.25"
RX,315064,R35,TXA,N01,239,241627,H,1,0.32,0.3,5.0,F,-80.0,9.5,True,,2026-07-09T14:23:46.627+00:00,/dev/cu.usbserial-58870137921,"RX,315064,R35,TXA,N01,239,241627,H,1,0.32,0.30,5,F,-80,9.50"
RX,315209,R35,TXK,N151,120,241763,A,1,0.75,0.72,5.0,U,-64.0,10.0,True,,2026-07-09T14:23:46.772+00:00,/dev/cu.usbserial-58870137921,"RX,315209,R35,TXK,N151,120,241763,A,1,0.75,0.72,5,U,-64,10.00"
RX,315562,R35,TXF,N76,59,242131,G,0,0.93,0.9,5.0,U,-72.0,9.5,True,,2026-07-09T14:23:47.126+00:00,/dev/cu.usbserial-58870137921,"RX,315562,R35,TXF,N76,59,242131,G,0,0.93,0.90,5,U,-72,9.50"
RX,315721,R35,TXJ,N136,28,242280,G,1,0.93,0.9,5.0,U,-71.0,10.0,True,,2026-07-09T14:23:47.284+00:00,/dev/cu.usbserial-58870137921,"RX,315721,R35,TXJ,N136,28,242280,G,1,0.93,0.90,5,U,-71,10.00"
RX,315816,R35,TXC,N31,58,242381,E,1,0.87,0.84,5.0,U,-77.0,9.25,True,,2026-07-09T14:23:47.380+00:00,/dev/cu.usbserial-58870137921,"RX,315816,R35,TXC,N31,58,242381,E,1,0.87,0.84,5,U,-77,9.25"
RX,316064,R35,TXA,N01,240,242627,A,1,0.75,0.72,5.0,F,-80.0,10.25,True,,2026-07-09T14:23:47.627+00:00,/dev/cu.usbserial-58870137921,"RX,316064,R35,TXA,N01,240,242627,A,1,0.75,0.72,5,F,-80,10.25"
RX,316331,R35,TXB,N16,119,242893,G,0,0.93,0.9,5.0,U,-84.0,10.0,True,,2026-07-09T14:23:47.894+00:00,/dev/cu.usbserial-58870137921,"RX,316331,R35,TXB,N16,119,242893,G,0,0.93,0.90,5,U,-84,10.00"
RX,316814,R35,TXE,N61,117,243382,C,1,0.81,0.78,5.0,U,-75.0,9.5,True,,2026-07-09T14:23:48.378+00:00,/dev/cu.usbserial-58870137921,"RX,316814,R35,TXE,N61,117,243382,C,1,0.81,0.78,5,U,-75,9.50"
RX,316921,R35,TXI,N121,58,243481,E,1,0.87,0.84,5.0,U,-71.0,9.75,True,,2026-07-09T14:23:48.485+00:00,/dev/cu.usbserial-58870137921,"RX,316921,R35,TXI,N121,58,243481,E,1,0.87,0.84,5,U,-71,9.75"
RX,317064,R35,TXA,N01,241,243627,B,0,0.2,0.18,5.0,F,-81.0,10.25,True,,2026-07-09T14:23:48.627+00:00,/dev/cu.usbserial-58870137921,"RX,317064,R35,TXA,N01,241,243627,B,0,0.20,0.18,5,F,-81,10.25"
RX,317209,R35,TXK,N151,121,243763,C,1,0.81,0.78,5.0,U,-64.0,9.75,True,,2026-07-09T14:23:48.772+00:00,/dev/cu.usbserial-58870137921,"RX,317209,R35,TXK,N151,121,243763,C,1,0.81,0.78,5,U,-64,9.75"
RX,317816,R35,TXC,N31,59,244381,G,0,0.93,0.9,5.0,U,-77.0,9.75,True,,2026-07-09T14:23:49.379+00:00,/dev/cu.usbserial-58870137921,"RX,317816,R35,TXC,N31,59,244381,G,0,0.93,0.90,5,U,-77,9.75"
RX,318064,R35,TXA,N01,242,244627,C,1,0.81,0.78,5.0,F,-81.0,9.0,True,,2026-07-09T14:23:49.627+00:00,/dev/cu.usbserial-58870137921,"RX,318064,R35,TXA,N01,242,244627,C,1,0.81,0.78,5,F,-81,9.00"
RX,318331,R35,TXB,N16,120,244893,A,1,0.75,0.72,5.0,U,-83.0,10.0,True,,2026-07-09T14:23:49.895+00:00,/dev/cu.usbserial-58870137921,"RX,318331,R35,TXB,N16,120,244893,A,1,0.75,0.72,5,U,-83,10.00"
RX,318814,R35,TXE,N61,118,245382,E,1,0.87,0.84,5.0,U,-74.0,9.75,True,,2026-07-09T14:23:50.378+00:00,/dev/cu.usbserial-58870137921,"RX,318814,R35,TXE,N61,118,245382,E,1,0.87,0.84,5,U,-74,9.75"
RX,318921,R35,TXI,N121,59,245481,G,0,0.93,0.9,5.0,U,-71.0,9.75,True,,2026-07-09T14:23:50.485+00:00,/dev/cu.usbserial-58870137921,"RX,318921,R35,TXI,N121,59,245481,G,0,0.93,0.90,5,U,-71,9.75"
RX,319064,R35,TXA,N01,243,245627,D,1,0.24,0.22,5.0,F,-82.0,9.5,True,,2026-07-09T14:23:50.628+00:00,/dev/cu.usbserial-58870137921,"RX,319064,R35,TXA,N01,243,245627,D,1,0.24,0.22,5,F,-82,9.50"
RX,319209,R35,TXK,N151,122,245763,E,0,0.87,0.84,5.0,U,-65.0,9.5,True,,2026-07-09T14:23:50.772+00:00,/dev/cu.usbserial-58870137921,"RX,319209,R35,TXK,N151,122,245763,E,0,0.87,0.84,5,U,-65,9.50"
RX,320064,R35,TXA,N01,244,246627,E,0,0.87,0.84,5.0,F,-78.0,9.25,True,,2026-07-09T14:23:51.628+00:00,/dev/cu.usbserial-58870137921,"RX,320064,R35,TXA,N01,244,246627,E,0,0.87,0.84,5,F,-78,9.25"
RX,320331,R35,TXB,N16,121,246893,C,1,0.81,0.78,5.0,U,-83.0,9.5,True,,2026-07-09T14:23:51.895+00:00,/dev/cu.usbserial-58870137921,"RX,320331,R35,TXB,N16,121,246893,C,1,0.81,0.78,5,U,-83,9.50"
RX,320814,R35,TXE,N61,119,247382,G,0,0.93,0.9,5.0,U,-74.0,10.0,True,,2026-07-09T14:23:52.377+00:00,/dev/cu.usbserial-58870137921,"RX,320814,R35,TXE,N61,119,247382,G,0,0.93,0.90,5,U,-74,10.00"
RX,321064,R35,TXA,N01,245,247627,F,1,0.28,0.26,5.0,F,-80.0,9.5,True,,2026-07-09T14:23:52.628+00:00,/dev/cu.usbserial-58870137921,"RX,321064,R35,TXA,N01,245,247627,F,1,0.28,0.26,5,F,-80,9.50"
RX,321209,R35,TXK,N151,123,247763,G,1,0.93,0.9,5.0,U,-64.0,10.0,True,,2026-07-09T14:23:52.772+00:00,/dev/cu.usbserial-58870137921,"RX,321209,R35,TXK,N151,123,247763,G,1,0.93,0.90,5,U,-64,10.00"
RX,321562,R35,TXF,N76,60,248131,E,0,0.87,0.84,5.0,U,-73.0,9.5,True,,2026-07-09T14:23:53.125+00:00,/dev/cu.usbserial-58870137921,"RX,321562,R35,TXF,N76,60,248131,E,0,0.87,0.84,5,U,-73,9.50"
RX,321867,R35,TXD,N46,30,248431,G,1,0.93,0.9,5.0,U,-70.0,9.5,True,,2026-07-09T14:23:53.430+00:00,/dev/cu.usbserial-58870137921,"RX,321867,R35,TXD,N46,30,248431,G,1,0.93,0.90,5,U,-70,9.50"
RX,322064,R35,TXA,N01,246,248627,G,1,0.93,0.9,5.0,F,-80.0,9.75,True,,2026-07-09T14:23:53.627+00:00,/dev/cu.usbserial-58870137921,"RX,322064,R35,TXA,N01,246,248627,G,1,0.93,0.90,5,F,-80,9.75"
RX,322331,R35,TXB,N16,122,248893,E,0,0.87,0.84,5.0,U,-83.0,10.0,True,,2026-07-09T14:23:53.894+00:00,/dev/cu.usbserial-58870137921,"RX,322331,R35,TXB,N16,122,248893,E,0,0.87,0.84,5,U,-83,10.00"
RX,322512,R35,TXG,N91,29,249080,G,0,0.93,0.9,5.0,U,-87.0,9.5,True,,2026-07-09T14:23:54.075+00:00,/dev/cu.usbserial-58870137921,"RX,322512,R35,TXG,N91,29,249080,G,0,0.93,0.90,5,U,-87,9.50"
RX,322814,R35,TXE,N61,120,249382,A,1,0.75,0.72,5.0,U,-74.0,9.5,True,,2026-07-09T14:23:54.378+00:00,/dev/cu.usbserial-58870137921,"RX,322814,R35,TXE,N61,120,249382,A,1,0.75,0.72,5,U,-74,9.50"
RX,323064,R35,TXA,N01,247,249627,H,0,0.32,0.3,5.0,F,-81.0,9.75,True,,2026-07-09T14:23:54.627+00:00,/dev/cu.usbserial-58870137921,"RX,323064,R35,TXA,N01,247,249627,H,0,0.32,0.30,5,F,-81,9.75"
RX,323208,R35,TXK,N151,124,249763,A,1,0.75,0.72,5.0,U,-65.0,10.0,True,,2026-07-09T14:23:54.772+00:00,/dev/cu.usbserial-58870137921,"RX,323208,R35,TXK,N151,124,249763,A,1,0.75,0.72,5,U,-65,10.00"
RX,323562,R35,TXF,N76,61,250131,G,1,0.93,0.9,5.0,U,-73.0,9.5,True,,2026-07-09T14:23:55.125+00:00,/dev/cu.usbserial-58870137921,"RX,323562,R35,TXF,N76,61,250131,G,1,0.93,0.90,5,U,-73,9.50"
RX,323721,R35,TXJ,N136,29,250280,G,0,0.93,0.9,5.0,U,-71.0,9.75,True,,2026-07-09T14:23:55.284+00:00,/dev/cu.usbserial-58870137921,"RX,323721,R35,TXJ,N136,29,250280,G,0,0.93,0.90,5,U,-71,9.75"
RX,323816,R35,TXC,N31,60,250381,E,0,0.87,0.84,5.0,U,-77.0,10.5,True,,2026-07-09T14:23:55.379+00:00,/dev/cu.usbserial-58870137921,"RX,323816,R35,TXC,N31,60,250381,E,0,0.87,0.84,5,U,-77,10.50"
RX,324064,R35,TXA,N01,248,250627,A,1,0.75,0.72,5.0,F,-81.0,9.75,True,,2026-07-09T14:23:55.627+00:00,/dev/cu.usbserial-58870137921,"RX,324064,R35,TXA,N01,248,250627,A,1,0.75,0.72,5,F,-81,9.75"
RX,324331,R35,TXB,N16,123,250893,G,1,0.93,0.9,5.0,U,-83.0,10.25,True,,2026-07-09T14:23:55.894+00:00,/dev/cu.usbserial-58870137921,"RX,324331,R35,TXB,N16,123,250893,G,1,0.93,0.90,5,U,-83,10.25"
RX,324814,R35,TXE,N61,121,251382,C,1,0.81,0.78,5.0,U,-74.0,9.75,True,,2026-07-09T14:23:56.378+00:00,/dev/cu.usbserial-58870137921,"RX,324814,R35,TXE,N61,121,251382,C,1,0.81,0.78,5,U,-74,9.75"
RX,324921,R35,TXI,N121,60,251481,E,0,0.87,0.84,5.0,U,-71.0,10.0,True,,2026-07-09T14:23:56.485+00:00,/dev/cu.usbserial-58870137921,"RX,324921,R35,TXI,N121,60,251481,E,0,0.87,0.84,5,U,-71,10.00"
RX,325064,R35,TXA,N01,249,251627,B,1,0.2,0.18,5.0,F,-79.0,9.5,True,,2026-07-09T14:23:56.627+00:00,/dev/cu.usbserial-58870137921,"RX,325064,R35,TXA,N01,249,251627,B,1,0.20,0.18,5,F,-79,9.50"
RX,325209,R35,TXK,N151,125,251763,C,0,0.81,0.78,5.0,U,-65.0,9.75,True,,2026-07-09T14:23:56.772+00:00,/dev/cu.usbserial-58870137921,"RX,325209,R35,TXK,N151,125,251763,C,0,0.81,0.78,5,U,-65,9.75"
RX,325816,R35,TXC,N31,61,252381,G,1,0.93,0.9,5.0,U,-75.0,9.5,True,,2026-07-09T14:23:57.379+00:00,/dev/cu.usbserial-58870137921,"RX,325816,R35,TXC,N31,61,252381,G,1,0.93,0.90,5,U,-75,9.50"
RX,326064,R35,TXA,N01,250,252627,C,0,0.81,0.78,5.0,F,-80.0,9.75,True,,2026-07-09T14:23:57.627+00:00,/dev/cu.usbserial-58870137921,"RX,326064,R35,TXA,N01,250,252627,C,0,0.81,0.78,5,F,-80,9.75"
RX,326331,R35,TXB,N16,124,252893,A,1,0.75,0.72,5.0,U,-83.0,9.75,True,,2026-07-09T14:23:57.894+00:00,/dev/cu.usbserial-58870137921,"RX,326331,R35,TXB,N16,124,252893,A,1,0.75,0.72,5,U,-83,9.75"
RX,326814,R35,TXE,N61,122,253382,E,0,0.87,0.84,5.0,U,-74.0,9.75,True,,2026-07-09T14:23:58.378+00:00,/dev/cu.usbserial-58870137921,"RX,326814,R35,TXE,N61,122,253382,E,0,0.87,0.84,5,U,-74,9.75"
RX,326921,R35,TXI,N121,61,253481,G,1,0.93,0.9,5.0,U,-71.0,9.75,True,,2026-07-09T14:23:58.485+00:00,/dev/cu.usbserial-58870137921,"RX,326921,R35,TXI,N121,61,253481,G,1,0.93,0.90,5,U,-71,9.75"
RX,327064,R35,TXA,N01,251,253627,D,1,0.24,0.22,5.0,F,-79.0,10.0,True,,2026-07-09T14:23:58.627+00:00,/dev/cu.usbserial-58870137921,"RX,327064,R35,TXA,N01,251,253627,D,1,0.24,0.22,5,F,-79,10.00"
RX,327208,R35,TXK,N151,126,253763,E,1,0.87,0.84,5.0,U,-65.0,9.75,True,,2026-07-09T14:23:58.772+00:00,/dev/cu.usbserial-58870137921,"RX,327208,R35,TXK,N151,126,253763,E,1,0.87,0.84,5,U,-65,9.75"
RX,328064,R35,TXA,N01,252,254627,E,1,0.87,0.84,5.0,F,-80.0,9.5,True,,2026-07-09T14:23:59.628+00:00,/dev/cu.usbserial-58870137921,"RX,328064,R35,TXA,N01,252,254627,E,1,0.87,0.84,5,F,-80,9.50"
RX,328331,R35,TXB,N16,125,254893,C,0,0.81,0.78,5.0,U,-83.0,9.75,True,,2026-07-09T14:23:59.894+00:00,/dev/cu.usbserial-58870137921,"RX,328331,R35,TXB,N16,125,254893,C,0,0.81,0.78,5,U,-83,9.75"
RX,328814,R35,TXE,N61,123,255382,G,1,0.93,0.9,5.0,U,-75.0,9.5,True,,2026-07-09T14:24:00.378+00:00,/dev/cu.usbserial-58870137921,"RX,328814,R35,TXE,N61,123,255382,G,1,0.93,0.90,5,U,-75,9.50"
RX,329064,R35,TXA,N01,253,255627,F,0,0.28,0.26,5.0,F,-81.0,9.0,True,,2026-07-09T14:24:00.627+00:00,/dev/cu.usbserial-58870137921,"RX,329064,R35,TXA,N01,253,255627,F,0,0.28,0.26,5,F,-81,9.00"
RX,329208,R35,TXK,N151,127,255763,G,1,0.93,0.9,5.0,U,-65.0,10.25,True,,2026-07-09T14:24:00.772+00:00,/dev/cu.usbserial-58870137921,"RX,329208,R35,TXK,N151,127,255763,G,1,0.93,0.90,5,U,-65,10.25"
RX,329562,R35,TXF,N76,62,256131,E,1,0.87,0.84,5.0,U,-72.0,9.5,True,,2026-07-09T14:24:01.125+00:00,/dev/cu.usbserial-58870137921,"RX,329562,R35,TXF,N76,62,256131,E,1,0.87,0.84,5,U,-72,9.50"
RX,329867,R35,TXD,N46,31,256431,G,1,0.93,0.9,5.0,U,-70.0,9.5,True,,2026-07-09T14:24:01.430+00:00,/dev/cu.usbserial-58870137921,"RX,329867,R35,TXD,N46,31,256431,G,1,0.93,0.90,5,U,-70,9.50"
RX,330064,R35,TXA,N01,254,256627,G,1,0.93,0.9,5.0,F,-80.0,9.5,True,,2026-07-09T14:24:01.627+00:00,/dev/cu.usbserial-58870137921,"RX,330064,R35,TXA,N01,254,256627,G,1,0.93,0.90,5,F,-80,9.50"
RX,330331,R35,TXB,N16,126,256893,E,1,0.87,0.84,5.0,U,-84.0,10.25,True,,2026-07-09T14:24:01.894+00:00,/dev/cu.usbserial-58870137921,"RX,330331,R35,TXB,N16,126,256893,E,1,0.87,0.84,5,U,-84,10.25"
RX,330512,R35,TXG,N91,30,257080,G,1,0.93,0.9,5.0,U,-86.0,9.25,True,,2026-07-09T14:24:02.075+00:00,/dev/cu.usbserial-58870137921,"RX,330512,R35,TXG,N91,30,257080,G,1,0.93,0.90,5,U,-86,9.25"
RX,330814,R35,TXE,N61,124,257382,A,1,0.75,0.72,5.0,U,-75.0,9.5,True,,2026-07-09T14:24:02.378+00:00,/dev/cu.usbserial-58870137921,"RX,330814,R35,TXE,N61,124,257382,A,1,0.75,0.72,5,U,-75,9.50"
RX,331064,R35,TXA,N01,255,257627,H,1,0.32,0.3,5.0,F,-80.0,9.25,True,,2026-07-09T14:24:02.627+00:00,/dev/cu.usbserial-58870137921,"RX,331064,R35,TXA,N01,255,257627,H,1,0.32,0.30,5,F,-80,9.25"
RX,331208,R35,TXK,N151,128,257763,A,1,0.75,0.72,5.0,U,-65.0,9.5,True,,2026-07-09T14:24:02.772+00:00,/dev/cu.usbserial-58870137921,"RX,331208,R35,TXK,N151,128,257763,A,1,0.75,0.72,5,U,-65,9.50"
RX,331562,R35,TXF,N76,63,258131,G,1,0.93,0.9,5.0,U,-72.0,9.75,True,,2026-07-09T14:24:03.125+00:00,/dev/cu.usbserial-58870137921,"RX,331562,R35,TXF,N76,63,258131,G,1,0.93,0.90,5,U,-72,9.75"
RX,331721,R35,TXJ,N136,30,258280,G,1,0.93,0.9,5.0,U,-71.0,9.5,True,,2026-07-09T14:24:03.284+00:00,/dev/cu.usbserial-58870137921,"RX,331721,R35,TXJ,N136,30,258280,G,1,0.93,0.90,5,U,-71,9.50"
RX,331816,R35,TXC,N31,62,258381,E,1,0.87,0.84,5.0,U,-75.0,9.5,True,,2026-07-09T14:24:03.379+00:00,/dev/cu.usbserial-58870137921,"RX,331816,R35,TXC,N31,62,258381,E,1,0.87,0.84,5,U,-75,9.50"
RX,332064,R35,TXA,N01,256,258627,A,1,0.75,0.72,5.0,F,-81.0,9.5,True,,2026-07-09T14:24:03.627+00:00,/dev/cu.usbserial-58870137921,"RX,332064,R35,TXA,N01,256,258627,A,1,0.75,0.72,5,F,-81,9.50"
RX,332331,R35,TXB,N16,127,258893,G,1,0.93,0.9,5.0,U,-84.0,9.5,True,,2026-07-09T14:24:03.894+00:00,/dev/cu.usbserial-58870137921,"RX,332331,R35,TXB,N16,127,258893,G,1,0.93,0.90,5,U,-84,9.50"
RX,332814,R35,TXE,N61,125,259382,C,0,0.81,0.78,5.0,U,-74.0,9.75,True,,2026-07-09T14:24:04.378+00:00,/dev/cu.usbserial-58870137921,"RX,332814,R35,TXE,N61,125,259382,C,0,0.81,0.78,5,U,-74,9.75"
RX,332921,R35,TXI,N121,62,259481,E,1,0.87,0.84,5.0,U,-70.0,9.75,True,,2026-07-09T14:24:04.485+00:00,/dev/cu.usbserial-58870137921,"RX,332921,R35,TXI,N121,62,259481,E,1,0.87,0.84,5,U,-70,9.75"
RX,333064,R35,TXA,N01,257,259627,B,0,0.2,0.18,5.0,F,-80.0,9.5,True,,2026-07-09T14:24:04.627+00:00,/dev/cu.usbserial-58870137921,"RX,333064,R35,TXA,N01,257,259627,B,0,0.20,0.18,5,F,-80,9.50"
RX,333208,R35,TXK,N151,129,259763,C,1,0.81,0.78,5.0,U,-65.0,10.25,True,,2026-07-09T14:24:04.772+00:00,/dev/cu.usbserial-58870137921,"RX,333208,R35,TXK,N151,129,259763,C,1,0.81,0.78,5,U,-65,10.25"
RX,333816,R35,TXC,N31,63,260381,G,1,0.93,0.9,5.0,U,-76.0,9.25,True,,2026-07-09T14:24:05.379+00:00,/dev/cu.usbserial-58870137921,"RX,333816,R35,TXC,N31,63,260381,G,1,0.93,0.90,5,U,-76,9.25"
RX,334064,R35,TXA,N01,258,260627,C,1,0.81,0.78,5.0,F,-81.0,9.25,True,,2026-07-09T14:24:05.628+00:00,/dev/cu.usbserial-58870137921,"RX,334064,R35,TXA,N01,258,260627,C,1,0.81,0.78,5,F,-81,9.25"
RX,334331,R35,TXB,N16,128,260893,A,1,0.75,0.72,5.0,U,-83.0,10.0,True,,2026-07-09T14:24:05.894+00:00,/dev/cu.usbserial-58870137921,"RX,334331,R35,TXB,N16,128,260893,A,1,0.75,0.72,5,U,-83,10.00"
RX,334814,R35,TXE,N61,126,261382,E,1,0.87,0.84,5.0,U,-75.0,9.5,True,,2026-07-09T14:24:06.378+00:00,/dev/cu.usbserial-58870137921,"RX,334814,R35,TXE,N61,126,261382,E,1,0.87,0.84,5,U,-75,9.50"
RX,334921,R35,TXI,N121,63,261481,G,1,0.93,0.9,5.0,U,-71.0,9.5,True,,2026-07-09T14:24:06.485+00:00,/dev/cu.usbserial-58870137921,"RX,334921,R35,TXI,N121,63,261481,G,1,0.93,0.90,5,U,-71,9.50"
RX,335064,R35,TXA,N01,259,261627,D,1,0.24,0.22,5.0,F,-81.0,9.75,True,,2026-07-09T14:24:06.627+00:00,/dev/cu.usbserial-58870137921,"RX,335064,R35,TXA,N01,259,261627,D,1,0.24,0.22,5,F,-81,9.75"
RX,335208,R35,TXK,N151,130,261763,E,0,0.87,0.84,5.0,U,-64.0,10.25,True,,2026-07-09T14:24:06.772+00:00,/dev/cu.usbserial-58870137921,"RX,335208,R35,TXK,N151,130,261763,E,0,0.87,0.84,5,U,-64,10.25"
RX,336064,R35,TXA,N01,260,262627,E,0,0.87,0.84,5.0,F,-81.0,9.25,True,,2026-07-09T14:24:07.627+00:00,/dev/cu.usbserial-58870137921,"RX,336064,R35,TXA,N01,260,262627,E,0,0.87,0.84,5,F,-81,9.25"
RX,336331,R35,TXB,N16,129,262893,C,1,0.81,0.78,5.0,U,-83.0,9.5,True,,2026-07-09T14:24:07.894+00:00,/dev/cu.usbserial-58870137921,"RX,336331,R35,TXB,N16,129,262893,C,1,0.81,0.78,5,U,-83,9.50"
RX,336814,R35,TXE,N61,127,263382,G,1,0.93,0.9,5.0,U,-75.0,9.5,True,,2026-07-09T14:24:08.378+00:00,/dev/cu.usbserial-58870137921,"RX,336814,R35,TXE,N61,127,263382,G,1,0.93,0.90,5,U,-75,9.50"
RX,337064,R35,TXA,N01,261,263627,F,1,0.28,0.26,5.0,F,-81.0,9.75,True,,2026-07-09T14:24:08.628+00:00,/dev/cu.usbserial-58870137921,"RX,337064,R35,TXA,N01,261,263627,F,1,0.28,0.26,5,F,-81,9.75"
RX,337357,R35,TXL,N166,16,263917,G,1,0.93,0.9,5.0,U,-77.0,9.75,True,,2026-07-09T14:24:08.920+00:00,/dev/cu.usbserial-58870137921,"RX,337357,R35,TXL,N166,16,263917,G,1,0.93,0.90,5,U,-77,9.75"
RX,337562,R35,TXF,N76,64,264131,E,0,0.87,0.84,5.0,U,-72.0,9.75,True,,2026-07-09T14:24:09.125+00:00,/dev/cu.usbserial-58870137921,"RX,337562,R35,TXF,N76,64,264131,E,0,0.87,0.84,5,U,-72,9.75"
RX,337867,R35,TXD,N46,32,264431,G,1,0.93,0.9,5.0,U,-68.0,9.5,True,,2026-07-09T14:24:09.430+00:00,/dev/cu.usbserial-58870137921,"RX,337867,R35,TXD,N46,32,264431,G,1,0.93,0.90,5,U,-68,9.50"
RX,338064,R35,TXA,N01,262,264627,G,1,0.93,0.9,5.0,F,-81.0,9.25,True,,2026-07-09T14:24:09.627+00:00,/dev/cu.usbserial-58870137921,"RX,338064,R35,TXA,N01,262,264627,G,1,0.93,0.90,5,F,-81,9.25"
RX,338331,R35,TXB,N16,130,264893,E,0,0.87,0.84,5.0,U,-83.0,9.75,True,,2026-07-09T14:24:09.894+00:00,/dev/cu.usbserial-58870137921,"RX,338331,R35,TXB,N16,130,264893,E,0,0.87,0.84,5,U,-83,9.75"
RX,338512,R35,TXG,N91,31,265080,G,1,0.93,0.9,5.0,U,-87.0,9.5,True,,2026-07-09T14:24:10.075+00:00,/dev/cu.usbserial-58870137921,"RX,338512,R35,TXG,N91,31,265080,G,1,0.93,0.90,5,U,-87,9.50"
RX,338814,R35,TXE,N61,128,265382,A,1,0.75,0.72,5.0,U,-75.0,9.5,True,,2026-07-09T14:24:10.378+00:00,/dev/cu.usbserial-58870137921,"RX,338814,R35,TXE,N61,128,265382,A,1,0.75,0.72,5,U,-75,9.50"
RX,339064,R35,TXA,N01,263,265627,H,0,0.32,0.3,5.0,F,-80.0,9.25,True,,2026-07-09T14:24:10.627+00:00,/dev/cu.usbserial-58870137921,"RX,339064,R35,TXA,N01,263,265627,H,0,0.32,0.30,5,F,-80,9.25"
RX,339208,R35,TXK,N151,132,265763,A,1,0.75,0.72,5.0,U,-65.0,9.5,True,,2026-07-09T14:24:10.772+00:00,/dev/cu.usbserial-58870137921,"RX,339208,R35,TXK,N151,132,265763,A,1,0.75,0.72,5,U,-65,9.50"
RX,339562,R35,TXF,N76,65,266131,G,1,0.93,0.9,5.0,U,-72.0,9.5,True,,2026-07-09T14:24:11.125+00:00,/dev/cu.usbserial-58870137921,"RX,339562,R35,TXF,N76,65,266131,G,1,0.93,0.90,5,U,-72,9.50"
RX,339721,R35,TXJ,N136,31,266280,G,1,0.93,0.9,5.0,U,-71.0,9.75,True,,2026-07-09T14:24:11.284+00:00,/dev/cu.usbserial-58870137921,"RX,339721,R35,TXJ,N136,31,266280,G,1,0.93,0.90,5,U,-71,9.75"
RX,339816,R35,TXC,N31,64,266381,E,0,0.87,0.84,5.0,U,-76.0,9.75,True,,2026-07-09T14:24:11.379+00:00,/dev/cu.usbserial-58870137921,"RX,339816,R35,TXC,N31,64,266381,E,0,0.87,0.84,5,U,-76,9.75"
RX,340064,R35,TXA,N01,264,266627,A,1,0.75,0.72,5.0,F,-80.0,9.5,True,,2026-07-09T14:24:11.627+00:00,/dev/cu.usbserial-58870137921,"RX,340064,R35,TXA,N01,264,266627,A,1,0.75,0.72,5,F,-80,9.50"
RX,340331,R35,TXB,N16,131,266893,G,1,0.93,0.9,5.0,U,-83.0,9.75,True,,2026-07-09T14:24:11.894+00:00,/dev/cu.usbserial-58870137921,"RX,340331,R35,TXB,N16,131,266893,G,1,0.93,0.90,5,U,-83,9.75"
RX,340814,R35,TXE,N61,129,267382,C,1,0.81,0.78,5.0,U,-75.0,9.25,True,,2026-07-09T14:24:12.378+00:00,/dev/cu.usbserial-58870137921,"RX,340814,R35,TXE,N61,129,267382,C,1,0.81,0.78,5,U,-75,9.25"
RX,340921,R35,TXI,N121,64,267481,E,0,0.87,0.84,5.0,U,-71.0,9.25,True,,2026-07-09T14:24:12.484+00:00,/dev/cu.usbserial-58870137921,"RX,340921,R35,TXI,N121,64,267481,E,0,0.87,0.84,5,U,-71,9.25"
RX,341064,R35,TXA,N01,265,267627,B,1,0.2,0.18,5.0,F,-80.0,9.5,True,,2026-07-09T14:24:12.627+00:00,/dev/cu.usbserial-58870137921,"RX,341064,R35,TXA,N01,265,267627,B,1,0.20,0.18,5,F,-80,9.50"
RX,341208,R35,TXK,N151,133,267763,C,0,0.81,0.78,5.0,U,-65.0,9.5,True,,2026-07-09T14:24:12.772+00:00,/dev/cu.usbserial-58870137921,"RX,341208,R35,TXK,N151,133,267763,C,0,0.81,0.78,5,U,-65,9.50"
RX,341816,R35,TXC,N31,65,268381,G,1,0.93,0.9,5.0,U,-75.0,9.5,True,,2026-07-09T14:24:13.379+00:00,/dev/cu.usbserial-58870137921,"RX,341816,R35,TXC,N31,65,268381,G,1,0.93,0.90,5,U,-75,9.50"
RX,342064,R35,TXA,N01,266,268627,C,0,0.81,0.78,5.0,F,-80.0,9.5,True,,2026-07-09T14:24:13.627+00:00,/dev/cu.usbserial-58870137921,"RX,342064,R35,TXA,N01,266,268627,C,0,0.81,0.78,5,F,-80,9.50"
RX,342331,R35,TXB,N16,132,268893,A,1,0.75,0.72,5.0,U,-84.0,10.0,True,,2026-07-09T14:24:13.894+00:00,/dev/cu.usbserial-58870137921,"RX,342331,R35,TXB,N16,132,268893,A,1,0.75,0.72,5,U,-84,10.00"
RX,342814,R35,TXE,N61,130,269382,E,0,0.87,0.84,5.0,U,-75.0,9.25,True,,2026-07-09T14:24:14.377+00:00,/dev/cu.usbserial-58870137921,"RX,342814,R35,TXE,N61,130,269382,E,0,0.87,0.84,5,U,-75,9.25"
RX,342921,R35,TXI,N121,65,269481,G,1,0.93,0.9,5.0,U,-71.0,10.0,True,,2026-07-09T14:24:14.484+00:00,/dev/cu.usbserial-58870137921,"RX,342921,R35,TXI,N121,65,269481,G,1,0.93,0.90,5,U,-71,10.00"
RX,343064,R35,TXA,N01,267,269627,D,1,0.24,0.22,5.0,F,-80.0,9.25,True,,2026-07-09T14:24:14.627+00:00,/dev/cu.usbserial-58870137921,"RX,343064,R35,TXA,N01,267,269627,D,1,0.24,0.22,5,F,-80,9.25"
RX,343208,R35,TXK,N151,134,269763,E,1,0.87,0.84,5.0,U,-65.0,9.75,True,,2026-07-09T14:24:14.772+00:00,/dev/cu.usbserial-58870137921,"RX,343208,R35,TXK,N151,134,269763,E,1,0.87,0.84,5,U,-65,9.75"
RX,344064,R35,TXA,N01,268,270627,E,1,0.87,0.84,5.0,F,-80.0,9.5,True,,2026-07-09T14:24:15.627+00:00,/dev/cu.usbserial-58870137921,"RX,344064,R35,TXA,N01,268,270627,E,1,0.87,0.84,5,F,-80,9.50"
RX,344331,R35,TXB,N16,133,270893,C,0,0.81,0.78,5.0,U,-85.0,9.75,True,,2026-07-09T14:24:15.894+00:00,/dev/cu.usbserial-58870137921,"RX,344331,R35,TXB,N16,133,270893,C,0,0.81,0.78,5,U,-85,9.75"
RX,344814,R35,TXE,N61,131,271382,G,1,0.93,0.9,5.0,U,-74.0,9.75,True,,2026-07-09T14:24:16.378+00:00,/dev/cu.usbserial-58870137921,"RX,344814,R35,TXE,N61,131,271382,G,1,0.93,0.90,5,U,-74,9.75"
RX,345064,R35,TXA,N01,269,271627,F,0,0.28,0.26,5.0,F,-80.0,10.0,True,,2026-07-09T14:24:16.628+00:00,/dev/cu.usbserial-58870137921,"RX,345064,R35,TXA,N01,269,271627,F,0,0.28,0.26,5,F,-80,10.00"
RX,345357,R35,TXL,N166,17,271917,G,1,0.93,0.9,5.0,U,-77.0,9.5,True,,2026-07-09T14:24:16.920+00:00,/dev/cu.usbserial-58870137921,"RX,345357,R35,TXL,N166,17,271917,G,1,0.93,0.90,5,U,-77,9.50"
RX,345562,R35,TXF,N76,66,272131,E,1,0.87,0.84,5.0,U,-71.0,10.0,True,,2026-07-09T14:24:17.125+00:00,/dev/cu.usbserial-58870137921,"RX,345562,R35,TXF,N76,66,272131,E,1,0.87,0.84,5,U,-71,10.00"
RX,345867,R35,TXD,N46,33,272431,G,1,0.93,0.9,5.0,U,-70.0,9.5,True,,2026-07-09T14:24:17.430+00:00,/dev/cu.usbserial-58870137921,"RX,345867,R35,TXD,N46,33,272431,G,1,0.93,0.90,5,U,-70,9.50"
RX,346064,R35,TXA,N01,270,272627,G,1,0.93,0.9,5.0,F,-80.0,10.0,True,,2026-07-09T14:24:17.627+00:00,/dev/cu.usbserial-58870137921,"RX,346064,R35,TXA,N01,270,272627,G,1,0.93,0.90,5,F,-80,10.00"
RX,346331,R35,TXB,N16,134,272893,E,1,0.87,0.84,5.0,U,-84.0,10.25,True,,2026-07-09T14:24:17.894+00:00,/dev/cu.usbserial-58870137921,"RX,346331,R35,TXB,N16,134,272893,E,1,0.87,0.84,5,U,-84,10.25"
RX,346512,R35,TXG,N91,32,273080,G,1,0.93,0.9,5.0,U,-87.0,9.5,True,,2026-07-09T14:24:18.075+00:00,/dev/cu.usbserial-58870137921,"RX,346512,R35,TXG,N91,32,273080,G,1,0.93,0.90,5,U,-87,9.50"
RX,346814,R35,TXE,N61,132,273382,A,1,0.75,0.72,5.0,U,-75.0,9.5,True,,2026-07-09T14:24:18.377+00:00,/dev/cu.usbserial-58870137921,"RX,346814,R35,TXE,N61,132,273382,A,1,0.75,0.72,5,U,-75,9.50"
RX,347064,R35,TXA,N01,271,273627,H,1,0.32,0.3,5.0,F,-80.0,9.5,True,,2026-07-09T14:24:18.627+00:00,/dev/cu.usbserial-58870137921,"RX,347064,R35,TXA,N01,271,273627,H,1,0.32,0.30,5,F,-80,9.50"
RX,347208,R35,TXK,N151,136,273763,A,0,0.75,0.72,5.0,U,-65.0,9.5,True,,2026-07-09T14:24:18.772+00:00,/dev/cu.usbserial-58870137921,"RX,347208,R35,TXK,N151,136,273763,A,0,0.75,0.72,5,U,-65,9.50"
RX,347562,R35,TXF,N76,67,274131,G,1,0.93,0.9,5.0,U,-72.0,9.75,True,,2026-07-09T14:24:19.125+00:00,/dev/cu.usbserial-58870137921,"RX,347562,R35,TXF,N76,67,274131,G,1,0.93,0.90,5,U,-72,9.75"
RX,347720,R35,TXJ,N136,32,274280,G,1,0.93,0.9,5.0,U,-71.0,9.75,True,,2026-07-09T14:24:19.284+00:00,/dev/cu.usbserial-58870137921,"RX,347720,R35,TXJ,N136,32,274280,G,1,0.93,0.90,5,U,-71,9.75"
RX,347816,R35,TXC,N31,66,274381,E,1,0.87,0.84,5.0,U,-74.0,9.5,True,,2026-07-09T14:24:19.379+00:00,/dev/cu.usbserial-58870137921,"RX,347816,R35,TXC,N31,66,274381,E,1,0.87,0.84,5,U,-74,9.50"
RX,348064,R35,TXA,N01,272,274627,A,0,0.75,0.72,5.0,F,-81.0,9.25,True,,2026-07-09T14:24:19.627+00:00,/dev/cu.usbserial-58870137921,"RX,348064,R35,TXA,N01,272,274627,A,0,0.75,0.72,5,F,-81,9.25"
RX,348331,R35,TXB,N16,135,274893,G,1,0.93,0.9,5.0,U,-84.0,9.5,True,,2026-07-09T14:24:19.894+00:00,/dev/cu.usbserial-58870137921,"RX,348331,R35,TXB,N16,135,274893,G,1,0.93,0.90,5,U,-84,9.50"
RX,348814,R35,TXE,N61,133,275382,C,0,0.81,0.78,5.0,U,-75.0,9.5,True,,2026-07-09T14:24:20.378+00:00,/dev/cu.usbserial-58870137921,"RX,348814,R35,TXE,N61,133,275382,C,0,0.81,0.78,5,U,-75,9.50"
RX,348921,R35,TXI,N121,66,275481,E,1,0.87,0.84,5.0,U,-71.0,9.25,True,,2026-07-09T14:24:20.484+00:00,/dev/cu.usbserial-58870137921,"RX,348921,R35,TXI,N121,66,275481,E,1,0.87,0.84,5,U,-71,9.25"
RX,349064,R35,TXA,N01,273,275627,B,1,0.2,0.18,5.0,F,-80.0,9.5,True,,2026-07-09T14:24:20.627+00:00,/dev/cu.usbserial-58870137921,"RX,349064,R35,TXA,N01,273,275627,B,1,0.20,0.18,5,F,-80,9.50"
RX,349208,R35,TXK,N151,137,275763,C,1,0.81,0.78,5.0,U,-65.0,9.5,True,,2026-07-09T14:24:20.772+00:00,/dev/cu.usbserial-58870137921,"RX,349208,R35,TXK,N151,137,275763,C,1,0.81,0.78,5,U,-65,9.50"
RX,349816,R35,TXC,N31,67,276381,G,1,0.93,0.9,5.0,U,-75.0,9.25,True,,2026-07-09T14:24:21.379+00:00,/dev/cu.usbserial-58870137921,"RX,349816,R35,TXC,N31,67,276381,G,1,0.93,0.90,5,U,-75,9.25"
RX,350064,R35,TXA,N01,274,276627,C,1,0.81,0.78,5.0,F,-81.0,9.25,True,,2026-07-09T14:24:21.627+00:00,/dev/cu.usbserial-58870137921,"RX,350064,R35,TXA,N01,274,276627,C,1,0.81,0.78,5,F,-81,9.25"
RX,350331,R35,TXB,N16,136,276893,A,0,0.75,0.72,5.0,U,-84.0,10.0,True,,2026-07-09T14:24:21.894+00:00,/dev/cu.usbserial-58870137921,"RX,350331,R35,TXB,N16,136,276893,A,0,0.75,0.72,5,U,-84,10.00"
RX,350814,R35,TXE,N61,134,277382,E,1,0.87,0.84,5.0,U,-75.0,9.25,True,,2026-07-09T14:24:22.378+00:00,/dev/cu.usbserial-58870137921,"RX,350814,R35,TXE,N61,134,277382,E,1,0.87,0.84,5,U,-75,9.25"
RX,350921,R35,TXI,N121,67,277481,G,1,0.93,0.9,5.0,U,-71.0,10.25,True,,2026-07-09T14:24:22.485+00:00,/dev/cu.usbserial-58870137921,"RX,350921,R35,TXI,N121,67,277481,G,1,0.93,0.90,5,U,-71,10.25"
RX,351064,R35,TXA,N01,275,277627,D,0,0.24,0.22,5.0,F,-80.0,9.5,True,,2026-07-09T14:24:22.627+00:00,/dev/cu.usbserial-58870137921,"RX,351064,R35,TXA,N01,275,277627,D,0,0.24,0.22,5,F,-80,9.50"
RX,351208,R35,TXK,N151,138,277763,E,1,0.87,0.84,5.0,U,-64.0,9.5,True,,2026-07-09T14:24:22.772+00:00,/dev/cu.usbserial-58870137921,"RX,351208,R35,TXK,N151,138,277763,E,1,0.87,0.84,5,U,-64,9.50"
RX,352064,R35,TXA,N01,276,278627,E,1,0.87,0.84,5.0,F,-81.0,9.25,True,,2026-07-09T14:24:23.627+00:00,/dev/cu.usbserial-58870137921,"RX,352064,R35,TXA,N01,276,278627,E,1,0.87,0.84,5,F,-81,9.25"
RX,352331,R35,TXB,N16,137,278893,C,1,0.81,0.78,5.0,U,-84.0,9.75,True,,2026-07-09T14:24:23.894+00:00,/dev/cu.usbserial-58870137921,"RX,352331,R35,TXB,N16,137,278893,C,1,0.81,0.78,5,U,-84,9.75"
RX,352814,R35,TXE,N61,135,279382,G,1,0.93,0.9,5.0,U,-74.0,9.75,True,,2026-07-09T14:24:24.378+00:00,/dev/cu.usbserial-58870137921,"RX,352814,R35,TXE,N61,135,279382,G,1,0.93,0.90,5,U,-74,9.75"
RX,353064,R35,TXA,N01,277,279627,F,1,0.28,0.26,5.0,F,-81.0,9.5,True,,2026-07-09T14:24:24.627+00:00,/dev/cu.usbserial-58870137921,"RX,353064,R35,TXA,N01,277,279627,F,1,0.28,0.26,5,F,-81,9.50"
RX,353357,R35,TXL,N166,18,279917,G,0,0.93,0.9,5.0,U,-78.0,9.5,True,,2026-07-09T14:24:24.920+00:00,/dev/cu.usbserial-58870137921,"RX,353357,R35,TXL,N166,18,279917,G,0,0.93,0.90,5,U,-78,9.50"
RX,353562,R35,TXF,N76,68,280131,E,1,0.87,0.84,5.0,U,-71.0,10.0,True,,2026-07-09T14:24:25.125+00:00,/dev/cu.usbserial-58870137921,"RX,353562,R35,TXF,N76,68,280131,E,1,0.87,0.84,5,U,-71,10.00"
RX,353867,R35,TXD,N46,34,280431,G,0,0.93,0.9,5.0,U,-70.0,9.25,True,,2026-07-09T14:24:25.430+00:00,/dev/cu.usbserial-58870137921,"RX,353867,R35,TXD,N46,34,280431,G,0,0.93,0.90,5,U,-70,9.25"
RX,354064,R35,TXA,N01,278,280627,G,0,0.93,0.9,5.0,F,-81.0,9.5,True,,2026-07-09T14:24:25.627+00:00,/dev/cu.usbserial-58870137921,"RX,354064,R35,TXA,N01,278,280627,G,0,0.93,0.90,5,F,-81,9.50"
RX,354331,R35,TXB,N16,138,280893,E,1,0.87,0.84,5.0,U,-84.0,9.5,True,,2026-07-09T14:24:25.894+00:00,/dev/cu.usbserial-58870137921,"RX,354331,R35,TXB,N16,138,280893,E,1,0.87,0.84,5,U,-84,9.50"
RX,354512,R35,TXG,N91,33,281080,G,1,0.93,0.9,5.0,U,-85.0,9.75,True,,2026-07-09T14:24:26.075+00:00,/dev/cu.usbserial-58870137921,"RX,354512,R35,TXG,N91,33,281080,G,1,0.93,0.90,5,U,-85,9.75"
RX,354814,R35,TXE,N61,136,281382,A,0,0.75,0.72,5.0,U,-75.0,9.0,True,,2026-07-09T14:24:26.378+00:00,/dev/cu.usbserial-58870137921,"RX,354814,R35,TXE,N61,136,281382,A,0,0.75,0.72,5,U,-75,9.00"
RX,355064,R35,TXA,N01,279,281627,H,1,0.32,0.3,5.0,F,-80.0,9.75,True,,2026-07-09T14:24:26.627+00:00,/dev/cu.usbserial-58870137921,"RX,355064,R35,TXA,N01,279,281627,H,1,0.32,0.30,5,F,-80,9.75"
RX,355208,R35,TXK,N151,140,281763,A,1,0.75,0.72,5.0,U,-65.0,9.5,True,,2026-07-09T14:24:26.772+00:00,/dev/cu.usbserial-58870137921,"RX,355208,R35,TXK,N151,140,281763,A,1,0.75,0.72,5,U,-65,9.50"
RX,355562,R35,TXF,N76,69,282131,G,0,0.93,0.9,5.0,U,-72.0,9.75,True,,2026-07-09T14:24:27.125+00:00,/dev/cu.usbserial-58870137921,"RX,355562,R35,TXF,N76,69,282131,G,0,0.93,0.90,5,U,-72,9.75"
RX,355720,R35,TXJ,N136,33,282280,G,1,0.93,0.9,5.0,U,-71.0,9.75,True,,2026-07-09T14:24:27.283+00:00,/dev/cu.usbserial-58870137921,"RX,355720,R35,TXJ,N136,33,282280,G,1,0.93,0.90,5,U,-71,9.75"
RX,355816,R35,TXC,N31,68,282381,E,1,0.87,0.84,5.0,U,-74.0,9.75,True,,2026-07-09T14:24:27.379+00:00,/dev/cu.usbserial-58870137921,"RX,355816,R35,TXC,N31,68,282381,E,1,0.87,0.84,5,U,-74,9.75"
RX,356064,R35,TXA,N01,280,282627,A,1,0.75,0.72,5.0,F,-81.0,9.5,True,,2026-07-09T14:24:27.627+00:00,/dev/cu.usbserial-58870137921,"RX,356064,R35,TXA,N01,280,282627,A,1,0.75,0.72,5,F,-81,9.50"
RX,356331,R35,TXB,N16,139,282893,G,0,0.93,0.9,5.0,U,-84.0,10.0,True,,2026-07-09T14:24:27.894+00:00,/dev/cu.usbserial-58870137921,"RX,356331,R35,TXB,N16,139,282893,G,0,0.93,0.90,5,U,-84,10.00"
RX,356814,R35,TXE,N61,137,283382,C,1,0.81,0.78,5.0,U,-75.0,9.25,True,,2026-07-09T14:24:28.378+00:00,/dev/cu.usbserial-58870137921,"RX,356814,R35,TXE,N61,137,283382,C,1,0.81,0.78,5,U,-75,9.25"
RX,356921,R35,TXI,N121,68,283481,E,1,0.87,0.84,5.0,U,-71.0,10.0,True,,2026-07-09T14:24:28.484+00:00,/dev/cu.usbserial-58870137921,"RX,356921,R35,TXI,N121,68,283481,E,1,0.87,0.84,5,U,-71,10.00"
RX,357064,R35,TXA,N01,281,283627,B,0,0.2,0.18,5.0,F,-80.0,9.75,True,,2026-07-09T14:24:28.627+00:00,/dev/cu.usbserial-58870137921,"RX,357064,R35,TXA,N01,281,283627,B,0,0.20,0.18,5,F,-80,9.75"
RX,357208,R35,TXK,N151,141,283763,C,1,0.81,0.78,5.0,U,-65.0,10.5,True,,2026-07-09T14:24:28.772+00:00,/dev/cu.usbserial-58870137921,"RX,357208,R35,TXK,N151,141,283763,C,1,0.81,0.78,5,U,-65,10.50"
RX,357816,R35,TXC,N31,69,284381,G,0,0.93,0.9,5.0,U,-75.0,10.0,True,,2026-07-09T14:24:29.379+00:00,/dev/cu.usbserial-58870137921,"RX,357816,R35,TXC,N31,69,284381,G,0,0.93,0.90,5,U,-75,10.00"
RX,358064,R35,TXA,N01,282,284627,C,1,0.81,0.78,5.0,F,-81.0,9.75,True,,2026-07-09T14:24:29.627+00:00,/dev/cu.usbserial-58870137921,"RX,358064,R35,TXA,N01,282,284627,C,1,0.81,0.78,5,F,-81,9.75"
RX,358331,R35,TXB,N16,140,284893,A,1,0.75,0.72,5.0,U,-84.0,10.0,True,,2026-07-09T14:24:29.894+00:00,/dev/cu.usbserial-58870137921,"RX,358331,R35,TXB,N16,140,284893,A,1,0.75,0.72,5,U,-84,10.00"
RX,358814,R35,TXE,N61,138,285382,E,1,0.87,0.84,5.0,U,-75.0,9.75,True,,2026-07-09T14:24:30.378+00:00,/dev/cu.usbserial-58870137921,"RX,358814,R35,TXE,N61,138,285382,E,1,0.87,0.84,5,U,-75,9.75"
RX,358921,R35,TXI,N121,69,285481,G,0,0.93,0.9,5.0,U,-71.0,9.75,True,,2026-07-09T14:24:30.484+00:00,/dev/cu.usbserial-58870137921,"RX,358921,R35,TXI,N121,69,285481,G,0,0.93,0.90,5,U,-71,9.75"
RX,359064,R35,TXA,N01,283,285627,D,1,0.24,0.22,5.0,F,-80.0,9.5,True,,2026-07-09T14:24:30.627+00:00,/dev/cu.usbserial-58870137921,"RX,359064,R35,TXA,N01,283,285627,D,1,0.24,0.22,5,F,-80,9.50"
RX,359208,R35,TXK,N151,142,285763,E,0,0.87,0.84,5.0,U,-65.0,10.25,True,,2026-07-09T14:24:30.772+00:00,/dev/cu.usbserial-58870137921,"RX,359208,R35,TXK,N151,142,285763,E,0,0.87,0.84,5,U,-65,10.25"
RX,360064,R35,TXA,N01,284,286627,E,0,0.87,0.84,5.0,F,-81.0,9.5,True,,2026-07-09T14:24:31.627+00:00,/dev/cu.usbserial-58870137921,"RX,360064,R35,TXA,N01,284,286627,E,0,0.87,0.84,5,F,-81,9.50"
RX,360331,R35,TXB,N16,141,286893,C,1,0.81,0.78,5.0,U,-84.0,9.75,True,,2026-07-09T14:24:31.894+00:00,/dev/cu.usbserial-58870137921,"RX,360331,R35,TXB,N16,141,286893,C,1,0.81,0.78,5,U,-84,9.75"
RX,360814,R35,TXE,N61,139,287382,G,0,0.93,0.9,5.0,U,-75.0,9.5,True,,2026-07-09T14:24:32.378+00:00,/dev/cu.usbserial-58870137921,"RX,360814,R35,TXE,N61,139,287382,G,0,0.93,0.90,5,U,-75,9.50"
RX,361064,R35,TXA,N01,285,287627,F,1,0.28,0.26,5.0,F,-81.0,9.5,True,,2026-07-09T14:24:32.627+00:00,/dev/cu.usbserial-58870137921,"RX,361064,R35,TXA,N01,285,287627,F,1,0.28,0.26,5,F,-81,9.50"
RX,361356,R35,TXL,N166,19,287917,G,1,0.93,0.9,5.0,U,-77.0,9.75,True,,2026-07-09T14:24:32.920+00:00,/dev/cu.usbserial-58870137921,"RX,361356,R35,TXL,N166,19,287917,G,1,0.93,0.90,5,U,-77,9.75"
RX,361562,R35,TXF,N76,70,288131,E,0,0.87,0.84,5.0,U,-72.0,9.5,True,,2026-07-09T14:24:33.125+00:00,/dev/cu.usbserial-58870137921,"RX,361562,R35,TXF,N76,70,288131,E,0,0.87,0.84,5,U,-72,9.50"
RX,361867,R35,TXD,N46,35,288431,G,1,0.93,0.9,5.0,U,-70.0,9.5,True,,2026-07-09T14:24:33.430+00:00,/dev/cu.usbserial-58870137921,"RX,361867,R35,TXD,N46,35,288431,G,1,0.93,0.90,5,U,-70,9.50"
RX,362064,R35,TXA,N01,286,288627,G,1,0.93,0.9,5.0,F,-81.0,9.75,True,,2026-07-09T14:24:33.627+00:00,/dev/cu.usbserial-58870137921,"RX,362064,R35,TXA,N01,286,288627,G,1,0.93,0.90,5,F,-81,9.75"
RX,362331,R35,TXB,N16,142,288893,E,0,0.87,0.84,5.0,U,-84.0,10.25,True,,2026-07-09T14:24:33.894+00:00,/dev/cu.usbserial-58870137921,"RX,362331,R35,TXB,N16,142,288893,E,0,0.87,0.84,5,U,-84,10.25"
RX,362512,R35,TXG,N91,34,289080,G,0,0.93,0.9,5.0,U,-84.0,10.0,True,,2026-07-09T14:24:34.075+00:00,/dev/cu.usbserial-58870137921,"RX,362512,R35,TXG,N91,34,289080,G,0,0.93,0.90,5,U,-84,10.00"
RX,362814,R35,TXE,N61,140,289382,A,1,0.75,0.72,5.0,U,-75.0,9.75,True,,2026-07-09T14:24:34.377+00:00,/dev/cu.usbserial-58870137921,"RX,362814,R35,TXE,N61,140,289382,A,1,0.75,0.72,5,U,-75,9.75"
RX,363064,R35,TXA,N01,287,289627,H,0,0.32,0.3,5.0,F,-81.0,9.5,True,,2026-07-09T14:24:34.627+00:00,/dev/cu.usbserial-58870137921,"RX,363064,R35,TXA,N01,287,289627,H,0,0.32,0.30,5,F,-81,9.50"
RX,363208,R35,TXK,N151,144,289763,A,1,0.75,0.72,5.0,U,-65.0,9.5,True,,2026-07-09T14:24:34.772+00:00,/dev/cu.usbserial-58870137921,"RX,363208,R35,TXK,N151,144,289763,A,1,0.75,0.72,5,U,-65,9.50"
RX,363562,R35,TXF,N76,71,290131,G,1,0.93,0.9,5.0,U,-72.0,9.75,True,,2026-07-09T14:24:35.125+00:00,/dev/cu.usbserial-58870137921,"RX,363562,R35,TXF,N76,71,290131,G,1,0.93,0.90,5,U,-72,9.75"
RX,363720,R35,TXJ,N136,34,290280,G,0,0.93,0.9,5.0,U,-71.0,9.75,True,,2026-07-09T14:24:35.283+00:00,/dev/cu.usbserial-58870137921,"RX,363720,R35,TXJ,N136,34,290280,G,0,0.93,0.90,5,U,-71,9.75"
RX,363816,R35,TXC,N31,70,290381,E,0,0.87,0.84,5.0,U,-75.0,9.25,True,,2026-07-09T14:24:35.379+00:00,/dev/cu.usbserial-58870137921,"RX,363816,R35,TXC,N31,70,290381,E,0,0.87,0.84,5,U,-75,9.25"
RX,364064,R35,TXA,N01,288,290627,A,1,0.75,0.72,5.0,F,-81.0,9.75,True,,2026-07-09T14:24:35.627+00:00,/dev/cu.usbserial-58870137921,"RX,364064,R35,TXA,N01,288,290627,A,1,0.75,0.72,5,F,-81,9.75"
RX,364331,R35,TXB,N16,143,290893,G,1,0.93,0.9,5.0,U,-84.0,10.0,True,,2026-07-09T14:24:35.894+00:00,/dev/cu.usbserial-58870137921,"RX,364331,R35,TXB,N16,143,290893,G,1,0.93,0.90,5,U,-84,10.00"
RX,364814,R35,TXE,N61,141,291382,C,1,0.81,0.78,5.0,U,-75.0,9.25,True,,2026-07-09T14:24:36.378+00:00,/dev/cu.usbserial-58870137921,"RX,364814,R35,TXE,N61,141,291382,C,1,0.81,0.78,5,U,-75,9.25"
RX,364921,R35,TXI,N121,70,291481,E,0,0.87,0.84,5.0,U,-71.0,9.5,True,,2026-07-09T14:24:36.484+00:00,/dev/cu.usbserial-58870137921,"RX,364921,R35,TXI,N121,70,291481,E,0,0.87,0.84,5,U,-71,9.50"
RX,365064,R35,TXA,N01,289,291627,B,1,0.2,0.18,5.0,F,-80.0,9.25,True,,2026-07-09T14:24:36.627+00:00,/dev/cu.usbserial-58870137921,"RX,365064,R35,TXA,N01,289,291627,B,1,0.20,0.18,5,F,-80,9.25"
RX,365208,R35,TXK,N151,145,291763,C,0,0.81,0.78,5.0,U,-65.0,9.75,True,,2026-07-09T14:24:36.772+00:00,/dev/cu.usbserial-58870137921,"RX,365208,R35,TXK,N151,145,291763,C,0,0.81,0.78,5,U,-65,9.75"
RX,365816,R35,TXC,N31,71,292381,G,1,0.93,0.9,5.0,U,-74.0,10.0,True,,2026-07-09T14:24:37.379+00:00,/dev/cu.usbserial-58870137921,"RX,365816,R35,TXC,N31,71,292381,G,1,0.93,0.90,5,U,-74,10.00"
RX,366064,R35,TXA,N01,290,292627,C,0,0.81,0.78,5.0,F,-81.0,9.75,True,,2026-07-09T14:24:37.627+00:00,/dev/cu.usbserial-58870137921,"RX,366064,R35,TXA,N01,290,292627,C,0,0.81,0.78,5,F,-81,9.75"
RX,366331,R35,TXB,N16,144,292893,A,1,0.75,0.72,5.0,U,-83.0,9.5,True,,2026-07-09T14:24:37.894+00:00,/dev/cu.usbserial-58870137921,"RX,366331,R35,TXB,N16,144,292893,A,1,0.75,0.72,5,U,-83,9.50"
RX,366814,R35,TXE,N61,142,293382,E,0,0.87,0.84,5.0,U,-75.0,9.25,True,,2026-07-09T14:24:38.378+00:00,/dev/cu.usbserial-58870137921,"RX,366814,R35,TXE,N61,142,293382,E,0,0.87,0.84,5,U,-75,9.25"
RX,366921,R35,TXI,N121,71,293481,G,1,0.93,0.9,5.0,U,-71.0,10.0,True,,2026-07-09T14:24:38.484+00:00,/dev/cu.usbserial-58870137921,"RX,366921,R35,TXI,N121,71,293481,G,1,0.93,0.90,5,U,-71,10.00"
RX,367064,R35,TXA,N01,291,293627,D,1,0.24,0.22,5.0,F,-81.0,9.75,True,,2026-07-09T14:24:38.627+00:00,/dev/cu.usbserial-58870137921,"RX,367064,R35,TXA,N01,291,293627,D,1,0.24,0.22,5,F,-81,9.75"
RX,367208,R35,TXK,N151,146,293763,E,1,0.87,0.84,5.0,U,-65.0,10.0,True,,2026-07-09T14:24:38.771+00:00,/dev/cu.usbserial-58870137921,"RX,367208,R35,TXK,N151,146,293763,E,1,0.87,0.84,5,U,-65,10.00"
RX,368064,R35,TXA,N01,292,294627,E,1,0.87,0.84,5.0,F,-81.0,9.25,True,,2026-07-09T14:24:39.627+00:00,/dev/cu.usbserial-58870137921,"RX,368064,R35,TXA,N01,292,294627,E,1,0.87,0.84,5,F,-81,9.25"
RX,368331,R35,TXB,N16,145,294893,C,0,0.81,0.78,5.0,U,-83.0,10.0,True,,2026-07-09T14:24:39.894+00:00,/dev/cu.usbserial-58870137921,"RX,368331,R35,TXB,N16,145,294893,C,0,0.81,0.78,5,U,-83,10.00"
RX,368814,R35,TXE,N61,143,295382,G,1,0.93,0.9,5.0,U,-75.0,9.5,True,,2026-07-09T14:24:40.378+00:00,/dev/cu.usbserial-58870137921,"RX,368814,R35,TXE,N61,143,295382,G,1,0.93,0.90,5,U,-75,9.50"
RX,369064,R35,TXA,N01,293,295627,F,0,0.28,0.26,5.0,F,-80.0,10.0,True,,2026-07-09T14:24:40.627+00:00,/dev/cu.usbserial-58870137921,"RX,369064,R35,TXA,N01,293,295627,F,0,0.28,0.26,5,F,-80,10.00"
RX,369208,R35,TXK,N151,147,295763,G,1,0.93,0.9,5.0,U,-64.0,9.75,True,,2026-07-09T14:24:40.772+00:00,/dev/cu.usbserial-58870137921,"RX,369208,R35,TXK,N151,147,295763,G,1,0.93,0.90,5,U,-64,9.75"
RX,369562,R35,TXF,N76,72,296131,E,1,0.87,0.84,5.0,U,-73.0,9.5,True,,2026-07-09T14:24:41.125+00:00,/dev/cu.usbserial-58870137921,"RX,369562,R35,TXF,N76,72,296131,E,1,0.87,0.84,5,U,-73,9.50"
RX,369867,R35,TXD,N46,36,296431,G,1,0.93,0.9,5.0,U,-69.0,9.75,True,,2026-07-09T14:24:41.430+00:00,/dev/cu.usbserial-58870137921,"RX,369867,R35,TXD,N46,36,296431,G,1,0.93,0.90,5,U,-69,9.75"
RX,370064,R35,TXA,N01,294,296627,G,1,0.93,0.9,5.0,F,-80.0,9.75,True,,2026-07-09T14:24:41.627+00:00,/dev/cu.usbserial-58870137921,"RX,370064,R35,TXA,N01,294,296627,G,1,0.93,0.90,5,F,-80,9.75"
RX,370331,R35,TXB,N16,146,296893,E,1,0.87,0.84,5.0,U,-85.0,10.0,True,,2026-07-09T14:24:41.894+00:00,/dev/cu.usbserial-58870137921,"RX,370331,R35,TXB,N16,146,296893,E,1,0.87,0.84,5,U,-85,10.00"
RX,370512,R35,TXG,N91,35,297080,G,1,0.93,0.9,5.0,U,-88.0,9.5,True,,2026-07-09T14:24:42.075+00:00,/dev/cu.usbserial-58870137921,"RX,370512,R35,TXG,N91,35,297080,G,1,0.93,0.90,5,U,-88,9.50"
RX,370814,R35,TXE,N61,144,297382,A,1,0.75,0.72,5.0,U,-75.0,9.75,True,,2026-07-09T14:24:42.377+00:00,/dev/cu.usbserial-58870137921,"RX,370814,R35,TXE,N61,144,297382,A,1,0.75,0.72,5,U,-75,9.75"
RX,371064,R35,TXA,N01,295,297627,H,1,0.32,0.3,5.0,F,-80.0,10.25,True,,2026-07-09T14:24:42.627+00:00,/dev/cu.usbserial-58870137921,"RX,371064,R35,TXA,N01,295,297627,H,1,0.32,0.30,5,F,-80,10.25"
RX,371208,R35,TXK,N151,148,297763,A,0,0.75,0.72,5.0,U,-64.0,9.75,True,,2026-07-09T14:24:42.772+00:00,/dev/cu.usbserial-58870137921,"RX,371208,R35,TXK,N151,148,297763,A,0,0.75,0.72,5,U,-64,9.75"
RX,371562,R35,TXF,N76,73,298131,G,1,0.93,0.9,5.0,U,-71.0,9.5,True,,2026-07-09T14:24:43.125+00:00,/dev/cu.usbserial-58870137921,"RX,371562,R35,TXF,N76,73,298131,G,1,0.93,0.90,5,U,-71,9.50"
RX,371720,R35,TXJ,N136,35,298280,G,1,0.93,0.9,5.0,U,-71.0,9.75,True,,2026-07-09T14:24:43.283+00:00,/dev/cu.usbserial-58870137921,"RX,371720,R35,TXJ,N136,35,298280,G,1,0.93,0.90,5,U,-71,9.75"
RX,371815,R35,TXC,N31,72,298381,E,1,0.87,0.84,5.0,U,-75.0,9.75,True,,2026-07-09T14:24:43.379+00:00,/dev/cu.usbserial-58870137921,"RX,371815,R35,TXC,N31,72,298381,E,1,0.87,0.84,5,U,-75,9.75"
RX,372064,R35,TXA,N01,296,298627,A,0,0.75,0.72,5.0,F,-80.0,9.5,True,,2026-07-09T14:24:43.627+00:00,/dev/cu.usbserial-58870137921,"RX,372064,R35,TXA,N01,296,298627,A,0,0.75,0.72,5,F,-80,9.50"
RX,372331,R35,TXB,N16,147,298893,G,1,0.93,0.9,5.0,U,-85.0,10.0,True,,2026-07-09T14:24:43.894+00:00,/dev/cu.usbserial-58870137921,"RX,372331,R35,TXB,N16,147,298893,G,1,0.93,0.90,5,U,-85,10.00"
RX,372814,R35,TXE,N61,145,299382,C,0,0.81,0.78,5.0,U,-75.0,9.25,True,,2026-07-09T14:24:44.378+00:00,/dev/cu.usbserial-58870137921,"RX,372814,R35,TXE,N61,145,299382,C,0,0.81,0.78,5,U,-75,9.25"
RX,372921,R35,TXI,N121,72,299481,E,1,0.87,0.84,5.0,U,-71.0,9.75,True,,2026-07-09T14:24:44.484+00:00,/dev/cu.usbserial-58870137921,"RX,372921,R35,TXI,N121,72,299481,E,1,0.87,0.84,5,U,-71,9.75"
RX,373064,R35,TXA,N01,297,299627,B,1,0.2,0.18,5.0,F,-80.0,9.75,True,,2026-07-09T14:24:44.627+00:00,/dev/cu.usbserial-58870137921,"RX,373064,R35,TXA,N01,297,299627,B,1,0.20,0.18,5,F,-80,9.75"
RX,373208,R35,TXK,N151,149,299763,C,1,0.81,0.78,5.0,U,-65.0,9.75,True,,2026-07-09T14:24:44.771+00:00,/dev/cu.usbserial-58870137921,"RX,373208,R35,TXK,N151,149,299763,C,1,0.81,0.78,5,U,-65,9.75"
RX,373815,R35,TXC,N31,73,300381,G,1,0.93,0.9,5.0,U,-76.0,12.25,True,,2026-07-09T14:24:45.379+00:00,/dev/cu.usbserial-58870137921,"RX,373815,R35,TXC,N31,73,300381,G,1,0.93,0.90,5,U,-76,12.25"
RX,374064,R35,TXA,N01,298,300627,C,1,0.81,0.78,5.0,F,-81.0,9.75,True,,2026-07-09T14:24:45.627+00:00,/dev/cu.usbserial-58870137921,"RX,374064,R35,TXA,N01,298,300627,C,1,0.81,0.78,5,F,-81,9.75"
RX,374331,R35,TXB,N16,148,300893,A,0,0.75,0.72,5.0,U,-85.0,10.0,True,,2026-07-09T14:24:45.894+00:00,/dev/cu.usbserial-58870137921,"RX,374331,R35,TXB,N16,148,300893,A,0,0.75,0.72,5,U,-85,10.00"
RX,374814,R35,TXE,N61,146,301382,E,1,0.87,0.84,5.0,U,-75.0,9.5,True,,2026-07-09T14:24:46.377+00:00,/dev/cu.usbserial-58870137921,"RX,374814,R35,TXE,N61,146,301382,E,1,0.87,0.84,5,U,-75,9.50"
RX,374921,R35,TXI,N121,73,301481,G,1,0.93,0.9,5.0,U,-71.0,9.25,True,,2026-07-09T14:24:46.484+00:00,/dev/cu.usbserial-58870137921,"RX,374921,R35,TXI,N121,73,301481,G,1,0.93,0.90,5,U,-71,9.25"
RX,375064,R35,TXA,N01,299,301627,D,0,0.24,0.22,5.0,F,-81.0,10.25,True,,2026-07-09T14:24:46.627+00:00,/dev/cu.usbserial-58870137921,"RX,375064,R35,TXA,N01,299,301627,D,0,0.24,0.22,5,F,-81,10.25"
RX,375208,R35,TXK,N151,150,301763,E,1,0.87,0.84,5.0,U,-64.0,9.75,True,,2026-07-09T14:24:46.771+00:00,/dev/cu.usbserial-58870137921,"RX,375208,R35,TXK,N151,150,301763,E,1,0.87,0.84,5,U,-64,9.75"
RX,376064,R35,TXA,N01,300,302627,E,1,0.87,0.84,5.0,F,-81.0,9.75,True,,2026-07-09T14:24:47.627+00:00,/dev/cu.usbserial-58870137921,"RX,376064,R35,TXA,N01,300,302627,E,1,0.87,0.84,5,F,-81,9.75"
RX,376331,R35,TXB,N16,149,302893,C,1,0.81,0.78,5.0,U,-83.0,9.75,True,,2026-07-09T14:24:47.894+00:00,/dev/cu.usbserial-58870137921,"RX,376331,R35,TXB,N16,149,302893,C,1,0.81,0.78,5,U,-83,9.75"
RX,376814,R35,TXE,N61,147,303382,G,1,0.93,0.9,5.0,U,-73.0,9.75,True,,2026-07-09T14:24:48.378+00:00,/dev/cu.usbserial-58870137921,"RX,376814,R35,TXE,N61,147,303382,G,1,0.93,0.90,5,U,-73,9.75"
RX,377064,R35,TXA,N01,301,303627,F,1,0.28,0.26,5.0,F,-80.0,9.75,True,,2026-07-09T14:24:48.627+00:00,/dev/cu.usbserial-58870137921,"RX,377064,R35,TXA,N01,301,303627,F,1,0.28,0.26,5,F,-80,9.75"
RX,377208,R35,TXK,N151,151,303763,G,0,0.93,0.9,5.0,U,-65.0,10.5,True,,2026-07-09T14:24:48.771+00:00,/dev/cu.usbserial-58870137921,"RX,377208,R35,TXK,N151,151,303763,G,0,0.93,0.90,5,U,-65,10.50"
RX,377562,R35,TXF,N76,74,304131,E,1,0.87,0.84,5.0,U,-72.0,9.25,True,,2026-07-09T14:24:49.125+00:00,/dev/cu.usbserial-58870137921,"RX,377562,R35,TXF,N76,74,304131,E,1,0.87,0.84,5,U,-72,9.25"
RX,377867,R35,TXD,N46,37,304431,G,0,0.93,0.9,5.0,U,-70.0,9.5,True,,2026-07-09T14:24:49.430+00:00,/dev/cu.usbserial-58870137921,"RX,377867,R35,TXD,N46,37,304431,G,0,0.93,0.90,5,U,-70,9.50"
RX,378064,R35,TXA,N01,302,304627,G,0,0.93,0.9,5.0,F,-80.0,9.5,True,,2026-07-09T14:24:49.627+00:00,/dev/cu.usbserial-58870137921,"RX,378064,R35,TXA,N01,302,304627,G,0,0.93,0.90,5,F,-80,9.50"
RX,378331,R35,TXB,N16,150,304893,E,1,0.87,0.84,5.0,U,-84.0,9.5,True,,2026-07-09T14:24:49.894+00:00,/dev/cu.usbserial-58870137921,"RX,378331,R35,TXB,N16,150,304893,E,1,0.87,0.84,5,U,-84,9.50"
RX,378512,R35,TXG,N91,36,305080,G,1,0.93,0.9,5.0,U,-89.0,9.75,True,,2026-07-09T14:24:50.074+00:00,/dev/cu.usbserial-58870137921,"RX,378512,R35,TXG,N91,36,305080,G,1,0.93,0.90,5,U,-89,9.75"
RX,378814,R35,TXE,N61,148,305382,A,0,0.75,0.72,5.0,U,-75.0,9.25,True,,2026-07-09T14:24:50.378+00:00,/dev/cu.usbserial-58870137921,"RX,378814,R35,TXE,N61,148,305382,A,0,0.75,0.72,5,U,-75,9.25"
RX,379064,R35,TXA,N01,303,305627,H,1,0.32,0.3,5.0,F,-81.0,9.5,True,,2026-07-09T14:24:50.627+00:00,/dev/cu.usbserial-58870137921,"RX,379064,R35,TXA,N01,303,305627,H,1,0.32,0.30,5,F,-81,9.50"
RX,379208,R35,TXK,N151,152,305763,A,1,0.75,0.72,5.0,U,-64.0,10.0,True,,2026-07-09T14:24:50.771+00:00,/dev/cu.usbserial-58870137921,"RX,379208,R35,TXK,N151,152,305763,A,1,0.75,0.72,5,U,-64,10.00"
RX,379562,R35,TXF,N76,75,306131,G,0,0.93,0.9,5.0,U,-72.0,9.5,True,,2026-07-09T14:24:51.125+00:00,/dev/cu.usbserial-58870137921,"RX,379562,R35,TXF,N76,75,306131,G,0,0.93,0.90,5,U,-72,9.50"
RX,379720,R35,TXJ,N136,36,306280,G,1,0.93,0.9,5.0,U,-71.0,9.75,True,,2026-07-09T14:24:51.283+00:00,/dev/cu.usbserial-58870137921,"RX,379720,R35,TXJ,N136,36,306280,G,1,0.93,0.90,5,U,-71,9.75"
RX,379815,R35,TXC,N31,74,306381,E,1,0.87,0.84,5.0,U,-76.0,9.75,True,,2026-07-09T14:24:51.378+00:00,/dev/cu.usbserial-58870137921,"RX,379815,R35,TXC,N31,74,306381,E,1,0.87,0.84,5,U,-76,9.75"
RX,380064,R35,TXA,N01,304,306627,A,1,0.75,0.72,5.0,F,-80.0,9.5,True,,2026-07-09T14:24:51.627+00:00,/dev/cu.usbserial-58870137921,"RX,380064,R35,TXA,N01,304,306627,A,1,0.75,0.72,5,F,-80,9.50"
RX,380331,R35,TXB,N16,151,306893,G,0,0.93,0.9,5.0,U,-84.0,10.25,True,,2026-07-09T14:24:51.894+00:00,/dev/cu.usbserial-58870137921,"RX,380331,R35,TXB,N16,151,306893,G,0,0.93,0.90,5,U,-84,10.25"
RX,380814,R35,TXE,N61,149,307382,C,1,0.81,0.78,5.0,U,-75.0,9.0,True,,2026-07-09T14:24:52.377+00:00,/dev/cu.usbserial-58870137921,"RX,380814,R35,TXE,N61,149,307382,C,1,0.81,0.78,5,U,-75,9.00"
RX,380921,R35,TXI,N121,74,307481,E,1,0.87,0.84,5.0,U,-71.0,10.0,True,,2026-07-09T14:24:52.483+00:00,/dev/cu.usbserial-58870137921,"RX,380921,R35,TXI,N121,74,307481,E,1,0.87,0.84,5,U,-71,10.00"
RX,381064,R35,TXA,N01,305,307627,B,0,0.2,0.18,5.0,F,-80.0,9.5,True,,2026-07-09T14:24:52.627+00:00,/dev/cu.usbserial-58870137921,"RX,381064,R35,TXA,N01,305,307627,B,0,0.20,0.18,5,F,-80,9.50"
RX,381208,R35,TXK,N151,153,307763,C,1,0.81,0.78,5.0,U,-65.0,10.0,True,,2026-07-09T14:24:52.771+00:00,/dev/cu.usbserial-58870137921,"RX,381208,R35,TXK,N151,153,307763,C,1,0.81,0.78,5,U,-65,10.00"
RX,381815,R35,TXC,N31,75,308381,G,0,0.93,0.9,5.0,U,-76.0,10.75,True,,2026-07-09T14:24:53.379+00:00,/dev/cu.usbserial-58870137921,"RX,381815,R35,TXC,N31,75,308381,G,0,0.93,0.90,5,U,-76,10.75"
RX,382064,R35,TXA,N01,306,308627,C,1,0.81,0.78,5.0,F,-80.0,9.75,True,,2026-07-09T14:24:53.627+00:00,/dev/cu.usbserial-58870137921,"RX,382064,R35,TXA,N01,306,308627,C,1,0.81,0.78,5,F,-80,9.75"
RX,382331,R35,TXB,N16,152,308893,A,1,0.75,0.72,5.0,U,-84.0,10.0,True,,2026-07-09T14:24:53.894+00:00,/dev/cu.usbserial-58870137921,"RX,382331,R35,TXB,N16,152,308893,A,1,0.75,0.72,5,U,-84,10.00"
RX,382814,R35,TXE,N61,150,309382,E,1,0.87,0.84,5.0,U,-75.0,9.25,True,,2026-07-09T14:24:54.377+00:00,/dev/cu.usbserial-58870137921,"RX,382814,R35,TXE,N61,150,309382,E,1,0.87,0.84,5,U,-75,9.25"
RX,382921,R35,TXI,N121,75,309481,G,0,0.93,0.9,5.0,U,-72.0,9.5,True,,2026-07-09T14:24:54.484+00:00,/dev/cu.usbserial-58870137921,"RX,382921,R35,TXI,N121,75,309481,G,0,0.93,0.90,5,U,-72,9.50"
RX,383064,R35,TXA,N01,307,309627,D,1,0.24,0.22,5.0,F,-80.0,9.25,True,,2026-07-09T14:24:54.627+00:00,/dev/cu.usbserial-58870137921,"RX,383064,R35,TXA,N01,307,309627,D,1,0.24,0.22,5,F,-80,9.25"
RX,383208,R35,TXK,N151,154,309763,E,0,0.87,0.84,5.0,U,-64.0,9.25,True,,2026-07-09T14:24:54.771+00:00,/dev/cu.usbserial-58870137921,"RX,383208,R35,TXK,N151,154,309763,E,0,0.87,0.84,5,U,-64,9.25"
RX,384064,R35,TXA,N01,308,310627,E,0,0.87,0.84,5.0,F,-79.0,9.75,True,,2026-07-09T14:24:55.627+00:00,/dev/cu.usbserial-58870137921,"RX,384064,R35,TXA,N01,308,310627,E,0,0.87,0.84,5,F,-79,9.75"
RX,384331,R35,TXB,N16,153,310893,C,1,0.81,0.78,5.0,U,-85.0,9.75,True,,2026-07-09T14:24:55.895+00:00,/dev/cu.usbserial-58870137921,"RX,384331,R35,TXB,N16,153,310893,C,1,0.81,0.78,5,U,-85,9.75"
RX,384814,R35,TXE,N61,151,311382,G,0,0.93,0.9,5.0,U,-74.0,9.75,True,,2026-07-09T14:24:56.377+00:00,/dev/cu.usbserial-58870137921,"RX,384814,R35,TXE,N61,151,311382,G,0,0.93,0.90,5,U,-74,9.75"
RX,385064,R35,TXA,N01,309,311627,F,1,0.28,0.26,5.0,F,-78.0,10.0,True,,2026-07-09T14:24:56.627+00:00,/dev/cu.usbserial-58870137921,"RX,385064,R35,TXA,N01,309,311627,F,1,0.28,0.26,5,F,-78,10.00"
RX,385208,R35,TXK,N151,155,311763,G,1,0.93,0.9,5.0,U,-64.0,9.5,True,,2026-07-09T14:24:56.771+00:00,/dev/cu.usbserial-58870137921,"RX,385208,R35,TXK,N151,155,311763,G,1,0.93,0.90,5,U,-64,9.50"
RX,385562,R35,TXF,N76,76,312131,E,0,0.87,0.84,5.0,U,-72.0,9.5,True,,2026-07-09T14:24:57.125+00:00,/dev/cu.usbserial-58870137921,"RX,385562,R35,TXF,N76,76,312131,E,0,0.87,0.84,5,U,-72,9.50"
RX,385867,R35,TXD,N46,38,312431,G,1,0.93,0.9,5.0,U,-69.0,9.5,True,,2026-07-09T14:24:57.429+00:00,/dev/cu.usbserial-58870137921,"RX,385867,R35,TXD,N46,38,312431,G,1,0.93,0.90,5,U,-69,9.50"
RX,386064,R35,TXA,N01,310,312627,G,1,0.93,0.9,5.0,F,-79.0,10.0,True,,2026-07-09T14:24:57.627+00:00,/dev/cu.usbserial-58870137921,"RX,386064,R35,TXA,N01,310,312627,G,1,0.93,0.90,5,F,-79,10.00"
RX,386331,R35,TXB,N16,154,312893,E,0,0.87,0.84,5.0,U,-85.0,10.0,True,,2026-07-09T14:24:57.894+00:00,/dev/cu.usbserial-58870137921,"RX,386331,R35,TXB,N16,154,312893,E,0,0.87,0.84,5,U,-85,10.00"
RX,386511,R35,TXG,N91,37,313080,G,0,0.93,0.9,5.0,U,-84.0,10.0,True,,2026-07-09T14:24:58.075+00:00,/dev/cu.usbserial-58870137921,"RX,386511,R35,TXG,N91,37,313080,G,0,0.93,0.90,5,U,-84,10.00"
RX,386814,R35,TXE,N61,152,313382,A,1,0.75,0.72,5.0,U,-74.0,9.5,True,,2026-07-09T14:24:58.377+00:00,/dev/cu.usbserial-58870137921,"RX,386814,R35,TXE,N61,152,313382,A,1,0.75,0.72,5,U,-74,9.50"
RX,387064,R35,TXA,N01,311,313627,H,0,0.32,0.3,5.0,F,-81.0,9.25,True,,2026-07-09T14:24:58.627+00:00,/dev/cu.usbserial-58870137921,"RX,387064,R35,TXA,N01,311,313627,H,0,0.32,0.30,5,F,-81,9.25"
RX,387208,R35,TXK,N151,156,313763,A,1,0.75,0.72,5.0,U,-65.0,9.75,True,,2026-07-09T14:24:58.771+00:00,/dev/cu.usbserial-58870137921,"RX,387208,R35,TXK,N151,156,313763,A,1,0.75,0.72,5,U,-65,9.75"
RX,387562,R35,TXF,N76,77,314131,G,1,0.93,0.9,5.0,U,-72.0,9.75,True,,2026-07-09T14:24:59.125+00:00,/dev/cu.usbserial-58870137921,"RX,387562,R35,TXF,N76,77,314131,G,1,0.93,0.90,5,U,-72,9.75"
RX,387720,R35,TXJ,N136,37,314280,G,0,0.93,0.9,5.0,U,-70.0,9.25,True,,2026-07-09T14:24:59.283+00:00,/dev/cu.usbserial-58870137921,"RX,387720,R35,TXJ,N136,37,314280,G,0,0.93,0.90,5,U,-70,9.25"
RX,387815,R35,TXC,N31,76,314381,E,0,0.87,0.84,5.0,U,-76.0,9.75,True,,2026-07-09T14:24:59.378+00:00,/dev/cu.usbserial-58870137921,"RX,387815,R35,TXC,N31,76,314381,E,0,0.87,0.84,5,U,-76,9.75"
RX,388064,R35,TXA,N01,312,314627,A,1,0.75,0.72,5.0,F,-79.0,10.0,True,,2026-07-09T14:24:59.627+00:00,/dev/cu.usbserial-58870137921,"RX,388064,R35,TXA,N01,312,314627,A,1,0.75,0.72,5,F,-79,10.00"
RX,388331,R35,TXB,N16,155,314893,G,1,0.93,0.9,5.0,U,-84.0,9.75,True,,2026-07-09T14:24:59.894+00:00,/dev/cu.usbserial-58870137921,"RX,388331,R35,TXB,N16,155,314893,G,1,0.93,0.90,5,U,-84,9.75"
RX,388814,R35,TXE,N61,153,315382,C,1,0.81,0.78,5.0,U,-74.0,9.5,True,,2026-07-09T14:25:00.377+00:00,/dev/cu.usbserial-58870137921,"RX,388814,R35,TXE,N61,153,315382,C,1,0.81,0.78,5,U,-74,9.50"
RX,388921,R35,TXI,N121,76,315481,E,0,0.87,0.84,5.0,U,-71.0,9.5,True,,2026-07-09T14:25:00.484+00:00,/dev/cu.usbserial-58870137921,"RX,388921,R35,TXI,N121,76,315481,E,0,0.87,0.84,5,U,-71,9.50"
RX,389064,R35,TXA,N01,313,315627,B,1,0.2,0.18,5.0,F,-79.0,9.75,True,,2026-07-09T14:25:00.627+00:00,/dev/cu.usbserial-58870137921,"RX,389064,R35,TXA,N01,313,315627,B,1,0.20,0.18,5,F,-79,9.75"
RX,389208,R35,TXK,N151,157,315763,C,0,0.81,0.78,5.0,U,-64.0,9.75,True,,2026-07-09T14:25:00.771+00:00,/dev/cu.usbserial-58870137921,"RX,389208,R35,TXK,N151,157,315763,C,0,0.81,0.78,5,U,-64,9.75"
RX,389815,R35,TXC,N31,77,316381,G,1,0.93,0.9,5.0,U,-76.0,9.75,True,,2026-07-09T14:25:01.378+00:00,/dev/cu.usbserial-58870137921,"RX,389815,R35,TXC,N31,77,316381,G,1,0.93,0.90,5,U,-76,9.75"
RX,390064,R35,TXA,N01,314,316627,C,0,0.81,0.78,5.0,F,-81.0,9.25,True,,2026-07-09T14:25:01.627+00:00,/dev/cu.usbserial-58870137921,"RX,390064,R35,TXA,N01,314,316627,C,0,0.81,0.78,5,F,-81,9.25"
RX,390330,R35,TXB,N16,156,316893,A,1,0.75,0.72,5.0,U,-84.0,9.5,True,,2026-07-09T14:25:01.894+00:00,/dev/cu.usbserial-58870137921,"RX,390330,R35,TXB,N16,156,316893,A,1,0.75,0.72,5,U,-84,9.50"
RX,390814,R35,TXE,N61,154,317382,E,0,0.87,0.84,5.0,U,-74.0,9.25,True,,2026-07-09T14:25:02.377+00:00,/dev/cu.usbserial-58870137921,"RX,390814,R35,TXE,N61,154,317382,E,0,0.87,0.84,5,U,-74,9.25"
RX,390921,R35,TXI,N121,77,317481,G,1,0.93,0.9,5.0,U,-71.0,9.75,True,,2026-07-09T14:25:02.484+00:00,/dev/cu.usbserial-58870137921,"RX,390921,R35,TXI,N121,77,317481,G,1,0.93,0.90,5,U,-71,9.75"
RX,391064,R35,TXA,N01,315,317627,D,1,0.24,0.22,5.0,F,-80.0,9.25,True,,2026-07-09T14:25:02.627+00:00,/dev/cu.usbserial-58870137921,"RX,391064,R35,TXA,N01,315,317627,D,1,0.24,0.22,5,F,-80,9.25"
RX,391208,R35,TXK,N151,158,317763,E,1,0.87,0.84,5.0,U,-65.0,9.5,True,,2026-07-09T14:25:02.771+00:00,/dev/cu.usbserial-58870137921,"RX,391208,R35,TXK,N151,158,317763,E,1,0.87,0.84,5,U,-65,9.50"
RX,392064,R35,TXA,N01,316,318627,E,1,0.87,0.84,5.0,F,-80.0,9.75,True,,2026-07-09T14:25:03.627+00:00,/dev/cu.usbserial-58870137921,"RX,392064,R35,TXA,N01,316,318627,E,1,0.87,0.84,5,F,-80,9.75"
RX,392331,R35,TXB,N16,157,318893,C,0,0.81,0.78,5.0,U,-84.0,10.0,True,,2026-07-09T14:25:03.894+00:00,/dev/cu.usbserial-58870137921,"RX,392331,R35,TXB,N16,157,318893,C,0,0.81,0.78,5,U,-84,10.00"
RX,392814,R35,TXE,N61,155,319382,G,1,0.93,0.9,5.0,U,-75.0,8.75,True,,2026-07-09T14:25:04.377+00:00,/dev/cu.usbserial-58870137921,"RX,392814,R35,TXE,N61,155,319382,G,1,0.93,0.90,5,U,-75,8.75"
RX,393064,R35,TXA,N01,317,319627,F,0,0.28,0.26,5.0,F,-80.0,9.25,True,,2026-07-09T14:25:04.627+00:00,/dev/cu.usbserial-58870137921,"RX,393064,R35,TXA,N01,317,319627,F,0,0.28,0.26,5,F,-80,9.25"
RX,393208,R35,TXK,N151,159,319763,G,1,0.93,0.9,5.0,U,-65.0,10.0,True,,2026-07-09T14:25:04.771+00:00,/dev/cu.usbserial-58870137921,"RX,393208,R35,TXK,N151,159,319763,G,1,0.93,0.90,5,U,-65,10.00"
RX,393562,R35,TXF,N76,78,320131,E,1,0.87,0.84,5.0,U,-71.0,9.5,True,,2026-07-09T14:25:05.125+00:00,/dev/cu.usbserial-58870137921,"RX,393562,R35,TXF,N76,78,320131,E,1,0.87,0.84,5,U,-71,9.50"
RX,393866,R35,TXD,N46,39,320431,G,1,0.93,0.9,5.0,U,-69.0,9.5,True,,2026-07-09T14:25:05.429+00:00,/dev/cu.usbserial-58870137921,"RX,393866,R35,TXD,N46,39,320431,G,1,0.93,0.90,5,U,-69,9.50"
RX,394064,R35,TXA,N01,318,320627,G,1,0.93,0.9,5.0,F,-80.0,9.5,True,,2026-07-09T14:25:05.627+00:00,/dev/cu.usbserial-58870137921,"RX,394064,R35,TXA,N01,318,320627,G,1,0.93,0.90,5,F,-80,9.50"
RX,394331,R35,TXB,N16,158,320893,E,1,0.87,0.84,5.0,U,-84.0,9.75,True,,2026-07-09T14:25:05.894+00:00,/dev/cu.usbserial-58870137921,"RX,394331,R35,TXB,N16,158,320893,E,1,0.87,0.84,5,U,-84,9.75"
RX,394511,R35,TXG,N91,38,321080,G,1,0.93,0.9,5.0,U,-85.0,9.5,True,,2026-07-09T14:25:06.074+00:00,/dev/cu.usbserial-58870137921,"RX,394511,R35,TXG,N91,38,321080,G,1,0.93,0.90,5,U,-85,9.50"
RX,394814,R35,TXE,N61,156,321382,A,1,0.75,0.72,5.0,U,-74.0,9.5,True,,2026-07-09T14:25:06.377+00:00,/dev/cu.usbserial-58870137921,"RX,394814,R35,TXE,N61,156,321382,A,1,0.75,0.72,5,U,-74,9.50"
RX,395064,R35,TXA,N01,319,321627,H,1,0.32,0.3,5.0,F,-80.0,9.75,True,,2026-07-09T14:25:06.627+00:00,/dev/cu.usbserial-58870137921,"RX,395064,R35,TXA,N01,319,321627,H,1,0.32,0.30,5,F,-80,9.75"
RX,395208,R35,TXK,N151,160,321763,A,1,0.75,0.72,5.0,U,-65.0,9.25,True,,2026-07-09T14:25:06.771+00:00,/dev/cu.usbserial-58870137921,"RX,395208,R35,TXK,N151,160,321763,A,1,0.75,0.72,5,U,-65,9.25"
RX,395562,R35,TXF,N76,79,322131,G,1,0.93,0.9,5.0,U,-72.0,9.75,True,,2026-07-09T14:25:07.125+00:00,/dev/cu.usbserial-58870137921,"RX,395562,R35,TXF,N76,79,322131,G,1,0.93,0.90,5,U,-72,9.75"
RX,395720,R35,TXJ,N136,38,322280,G,1,0.93,0.9,5.0,U,-71.0,10.0,True,,2026-07-09T14:25:07.283+00:00,/dev/cu.usbserial-58870137921,"RX,395720,R35,TXJ,N136,38,322280,G,1,0.93,0.90,5,U,-71,10.00"
RX,395815,R35,TXC,N31,78,322381,E,1,0.87,0.84,5.0,U,-76.0,9.25,True,,2026-07-09T14:25:07.378+00:00,/dev/cu.usbserial-58870137921,"RX,395815,R35,TXC,N31,78,322381,E,1,0.87,0.84,5,U,-76,9.25"
RX,396064,R35,TXA,N01,320,322627,A,1,0.75,0.72,5.0,F,-79.0,10.25,True,,2026-07-09T14:25:07.627+00:00,/dev/cu.usbserial-58870137921,"RX,396064,R35,TXA,N01,320,322627,A,1,0.75,0.72,5,F,-79,10.25"
RX,396331,R35,TXB,N16,159,322893,G,1,0.93,0.9,5.0,U,-84.0,10.0,True,,2026-07-09T14:25:07.894+00:00,/dev/cu.usbserial-58870137921,"RX,396331,R35,TXB,N16,159,322893,G,1,0.93,0.90,5,U,-84,10.00"
RX,396814,R35,TXE,N61,157,323382,C,0,0.81,0.78,5.0,U,-74.0,9.75,True,,2026-07-09T14:25:08.377+00:00,/dev/cu.usbserial-58870137921,"RX,396814,R35,TXE,N61,157,323382,C,0,0.81,0.78,5,U,-74,9.75"
RX,396921,R35,TXI,N121,78,323481,E,1,0.87,0.84,5.0,U,-71.0,9.5,True,,2026-07-09T14:25:08.484+00:00,/dev/cu.usbserial-58870137921,"RX,396921,R35,TXI,N121,78,323481,E,1,0.87,0.84,5,U,-71,9.50"
RX,397064,R35,TXA,N01,321,323627,B,0,0.2,0.18,5.0,F,-80.0,9.25,True,,2026-07-09T14:25:08.627+00:00,/dev/cu.usbserial-58870137921,"RX,397064,R35,TXA,N01,321,323627,B,0,0.20,0.18,5,F,-80,9.25"
RX,397208,R35,TXK,N151,161,323763,C,1,0.81,0.78,5.0,U,-65.0,10.0,True,,2026-07-09T14:25:08.771+00:00,/dev/cu.usbserial-58870137921,"RX,397208,R35,TXK,N151,161,323763,C,1,0.81,0.78,5,U,-65,10.00"
RX,397815,R35,TXC,N31,79,324381,G,1,0.93,0.9,5.0,U,-76.0,9.25,True,,2026-07-09T14:25:09.378+00:00,/dev/cu.usbserial-58870137921,"RX,397815,R35,TXC,N31,79,324381,G,1,0.93,0.90,5,U,-76,9.25"
RX,398064,R35,TXA,N01,322,324627,C,1,0.81,0.78,5.0,F,-80.0,9.25,True,,2026-07-09T14:25:09.627+00:00,/dev/cu.usbserial-58870137921,"RX,398064,R35,TXA,N01,322,324627,C,1,0.81,0.78,5,F,-80,9.25"
RX,398331,R35,TXB,N16,160,324893,A,1,0.75,0.72,5.0,U,-83.0,10.25,True,,2026-07-09T14:25:09.894+00:00,/dev/cu.usbserial-58870137921,"RX,398331,R35,TXB,N16,160,324893,A,1,0.75,0.72,5,U,-83,10.25"
RX,398814,R35,TXE,N61,158,325382,E,1,0.87,0.84,5.0,U,-75.0,9.5,True,,2026-07-09T14:25:10.377+00:00,/dev/cu.usbserial-58870137921,"RX,398814,R35,TXE,N61,158,325382,E,1,0.87,0.84,5,U,-75,9.50"
RX,398921,R35,TXI,N121,79,325481,G,1,0.93,0.9,5.0,U,-71.0,9.75,True,,2026-07-09T14:25:10.484+00:00,/dev/cu.usbserial-58870137921,"RX,398921,R35,TXI,N121,79,325481,G,1,0.93,0.90,5,U,-71,9.75"
RX,399064,R35,TXA,N01,323,325627,D,1,0.24,0.22,5.0,F,-80.0,9.25,True,,2026-07-09T14:25:10.627+00:00,/dev/cu.usbserial-58870137921,"RX,399064,R35,TXA,N01,323,325627,D,1,0.24,0.22,5,F,-80,9.25"
RX,399208,R35,TXK,N151,162,325763,E,0,0.87,0.84,5.0,U,-64.0,9.75,True,,2026-07-09T14:25:10.771+00:00,/dev/cu.usbserial-58870137921,"RX,399208,R35,TXK,N151,162,325763,E,0,0.87,0.84,5,U,-64,9.75"
RX,400064,R35,TXA,N01,324,326627,E,0,0.87,0.84,5.0,F,-80.0,9.5,True,,2026-07-09T14:25:11.627+00:00,/dev/cu.usbserial-58870137921,"RX,400064,R35,TXA,N01,324,326627,E,0,0.87,0.84,5,F,-80,9.50"
RX,400331,R35,TXB,N16,161,326893,C,1,0.81,0.78,5.0,U,-84.0,10.0,True,,2026-07-09T14:25:11.894+00:00,/dev/cu.usbserial-58870137921,"RX,400331,R35,TXB,N16,161,326893,C,1,0.81,0.78,5,U,-84,10.00"
RX,400814,R35,TXE,N61,159,327382,G,1,0.93,0.9,5.0,U,-75.0,9.5,True,,2026-07-09T14:25:12.377+00:00,/dev/cu.usbserial-58870137921,"RX,400814,R35,TXE,N61,159,327382,G,1,0.93,0.90,5,U,-75,9.50"
RX,401064,R35,TXA,N01,325,327627,F,1,0.28,0.26,5.0,F,-80.0,9.75,True,,2026-07-09T14:25:12.627+00:00,/dev/cu.usbserial-58870137921,"RX,401064,R35,TXA,N01,325,327627,F,1,0.28,0.26,5,F,-80,9.75"
RX,401356,R35,TXL,N166,20,327917,G,1,0.93,0.9,5.0,U,-78.0,9.5,True,,2026-07-09T14:25:12.919+00:00,/dev/cu.usbserial-58870137921,"RX,401356,R35,TXL,N166,20,327917,G,1,0.93,0.90,5,U,-78,9.50"
RX,401562,R35,TXF,N76,80,328131,E,0,0.87,0.84,5.0,U,-71.0,9.5,True,,2026-07-09T14:25:13.125+00:00,/dev/cu.usbserial-58870137921,"RX,401562,R35,TXF,N76,80,328131,E,0,0.87,0.84,5,U,-71,9.50"
RX,401866,R35,TXD,N46,40,328431,G,1,0.93,0.9,5.0,U,-69.0,9.5,True,,2026-07-09T14:25:13.429+00:00,/dev/cu.usbserial-58870137921,"RX,401866,R35,TXD,N46,40,328431,G,1,0.93,0.90,5,U,-69,9.50"
RX,402064,R35,TXA,N01,326,328627,G,1,0.93,0.9,5.0,F,-79.0,10.0,True,,2026-07-09T14:25:13.627+00:00,/dev/cu.usbserial-58870137921,"RX,402064,R35,TXA,N01,326,328627,G,1,0.93,0.90,5,F,-79,10.00"
RX,402331,R35,TXB,N16,162,328893,E,0,0.87,0.84,5.0,U,-84.0,9.5,True,,2026-07-09T14:25:13.894+00:00,/dev/cu.usbserial-58870137921,"RX,402331,R35,TXB,N16,162,328893,E,0,0.87,0.84,5,U,-84,9.50"
RX,402511,R35,TXG,N91,39,329080,G,1,0.93,0.9,5.0,U,-86.0,9.5,True,,2026-07-09T14:25:14.074+00:00,/dev/cu.usbserial-58870137921,"RX,402511,R35,TXG,N91,39,329080,G,1,0.93,0.90,5,U,-86,9.50"
RX,402814,R35,TXE,N61,160,329382,A,1,0.75,0.72,5.0,U,-75.0,9.5,True,,2026-07-09T14:25:14.376+00:00,/dev/cu.usbserial-58870137921,"RX,402814,R35,TXE,N61,160,329382,A,1,0.75,0.72,5,U,-75,9.50"
RX,403064,R35,TXA,N01,327,329627,H,0,0.32,0.3,5.0,F,-80.0,10.25,True,,2026-07-09T14:25:14.627+00:00,/dev/cu.usbserial-58870137921,"RX,403064,R35,TXA,N01,327,329627,H,0,0.32,0.30,5,F,-80,10.25"
RX,403208,R35,TXK,N151,164,329763,A,1,0.75,0.72,5.0,U,-65.0,9.5,True,,2026-07-09T14:25:14.771+00:00,/dev/cu.usbserial-58870137921,"RX,403208,R35,TXK,N151,164,329763,A,1,0.75,0.72,5,U,-65,9.50"
RX,403562,R35,TXF,N76,81,330131,G,1,0.93,0.9,5.0,U,-72.0,9.75,True,,2026-07-09T14:25:15.125+00:00,/dev/cu.usbserial-58870137921,"RX,403562,R35,TXF,N76,81,330131,G,1,0.93,0.90,5,U,-72,9.75"
RX,403720,R35,TXJ,N136,39,330280,G,1,0.93,0.9,5.0,U,-71.0,9.75,True,,2026-07-09T14:25:15.283+00:00,/dev/cu.usbserial-58870137921,"RX,403720,R35,TXJ,N136,39,330280,G,1,0.93,0.90,5,U,-71,9.75"
RX,403815,R35,TXC,N31,80,330381,E,0,0.87,0.84,5.0,U,-76.0,9.5,True,,2026-07-09T14:25:15.378+00:00,/dev/cu.usbserial-58870137921,"RX,403815,R35,TXC,N31,80,330381,E,0,0.87,0.84,5,U,-76,9.50"
RX,404064,R35,TXA,N01,328,330627,A,1,0.75,0.72,5.0,F,-80.0,9.25,True,,2026-07-09T14:25:15.627+00:00,/dev/cu.usbserial-58870137921,"RX,404064,R35,TXA,N01,328,330627,A,1,0.75,0.72,5,F,-80,9.25"
RX,404331,R35,TXB,N16,163,330893,G,1,0.93,0.9,5.0,U,-84.0,9.75,True,,2026-07-09T14:25:15.894+00:00,/dev/cu.usbserial-58870137921,"RX,404331,R35,TXB,N16,163,330893,G,1,0.93,0.90,5,U,-84,9.75"
RX,404814,R35,TXE,N61,161,331382,C,1,0.81,0.78,5.0,U,-75.0,9.75,True,,2026-07-09T14:25:16.377+00:00,/dev/cu.usbserial-58870137921,"RX,404814,R35,TXE,N61,161,331382,C,1,0.81,0.78,5,U,-75,9.75"
RX,404921,R35,TXI,N121,80,331481,E,0,0.87,0.84,5.0,U,-71.0,9.75,True,,2026-07-09T14:25:16.484+00:00,/dev/cu.usbserial-58870137921,"RX,404921,R35,TXI,N121,80,331481,E,0,0.87,0.84,5,U,-71,9.75"
RX,405064,R35,TXA,N01,329,331627,B,1,0.2,0.18,5.0,F,-80.0,9.5,True,,2026-07-09T14:25:16.627+00:00,/dev/cu.usbserial-58870137921,"RX,405064,R35,TXA,N01,329,331627,B,1,0.20,0.18,5,F,-80,9.50"
RX,405208,R35,TXK,N151,165,331763,C,0,0.81,0.78,5.0,U,-65.0,10.0,True,,2026-07-09T14:25:16.771+00:00,/dev/cu.usbserial-58870137921,"RX,405208,R35,TXK,N151,165,331763,C,0,0.81,0.78,5,U,-65,10.00"
RX,405815,R35,TXC,N31,81,332381,G,1,0.93,0.9,5.0,U,-76.0,9.75,True,,2026-07-09T14:25:17.378+00:00,/dev/cu.usbserial-58870137921,"RX,405815,R35,TXC,N31,81,332381,G,1,0.93,0.90,5,U,-76,9.75"
RX,406064,R35,TXA,N01,330,332627,C,0,0.81,0.78,5.0,F,-80.0,10.25,True,,2026-07-09T14:25:17.627+00:00,/dev/cu.usbserial-58870137921,"RX,406064,R35,TXA,N01,330,332627,C,0,0.81,0.78,5,F,-80,10.25"
RX,406330,R35,TXB,N16,164,332893,A,1,0.75,0.72,5.0,U,-84.0,9.75,True,,2026-07-09T14:25:17.893+00:00,/dev/cu.usbserial-58870137921,"RX,406330,R35,TXB,N16,164,332893,A,1,0.75,0.72,5,U,-84,9.75"
RX,406814,R35,TXE,N61,162,333382,E,0,0.87,0.84,5.0,U,-75.0,9.5,True,,2026-07-09T14:25:18.377+00:00,/dev/cu.usbserial-58870137921,"RX,406814,R35,TXE,N61,162,333382,E,0,0.87,0.84,5,U,-75,9.50"
RX,406920,R35,TXI,N121,81,333481,G,1,0.93,0.9,5.0,U,-70.0,9.5,True,,2026-07-09T14:25:18.483+00:00,/dev/cu.usbserial-58870137921,"RX,406920,R35,TXI,N121,81,333481,G,1,0.93,0.90,5,U,-70,9.50"
RX,407064,R35,TXA,N01,331,333627,D,1,0.24,0.22,5.0,F,-80.0,9.5,True,,2026-07-09T14:25:18.626+00:00,/dev/cu.usbserial-58870137921,"RX,407064,R35,TXA,N01,331,333627,D,1,0.24,0.22,5,F,-80,9.50"
RX,407208,R35,TXK,N151,166,333763,E,1,0.87,0.84,5.0,U,-62.0,10.0,True,,2026-07-09T14:25:18.771+00:00,/dev/cu.usbserial-58870137921,"RX,407208,R35,TXK,N151,166,333763,E,1,0.87,0.84,5,U,-62,10.00"
RX,408064,R35,TXA,N01,332,334627,E,1,0.87,0.84,5.0,F,-80.0,10.0,True,,2026-07-09T14:25:19.627+00:00,/dev/cu.usbserial-58870137921,"RX,408064,R35,TXA,N01,332,334627,E,1,0.87,0.84,5,F,-80,10.00"
RX,408331,R35,TXB,N16,165,334893,C,0,0.81,0.78,5.0,U,-86.0,9.0,True,,2026-07-09T14:25:19.894+00:00,/dev/cu.usbserial-58870137921,"RX,408331,R35,TXB,N16,165,334893,C,0,0.81,0.78,5,U,-86,9.00"
RX,408814,R35,TXE,N61,163,335382,G,1,0.93,0.9,5.0,U,-73.0,10.25,True,,2026-07-09T14:25:20.377+00:00,/dev/cu.usbserial-58870137921,"RX,408814,R35,TXE,N61,163,335382,G,1,0.93,0.90,5,U,-73,10.25"
RX,409064,R35,TXA,N01,333,335627,F,0,0.28,0.26,5.0,F,-79.0,9.5,True,,2026-07-09T14:25:20.627+00:00,/dev/cu.usbserial-58870137921,"RX,409064,R35,TXA,N01,333,335627,F,0,0.28,0.26,5,F,-79,9.50"
RX,409356,R35,TXL,N166,21,335917,G,1,0.93,0.9,5.0,U,-78.0,9.75,True,,2026-07-09T14:25:20.919+00:00,/dev/cu.usbserial-58870137921,"RX,409356,R35,TXL,N166,21,335917,G,1,0.93,0.90,5,U,-78,9.75"
RX,409562,R35,TXF,N76,82,336131,E,1,0.87,0.84,5.0,U,-72.0,9.5,True,,2026-07-09T14:25:21.124+00:00,/dev/cu.usbserial-58870137921,"RX,409562,R35,TXF,N76,82,336131,E,1,0.87,0.84,5,U,-72,9.50"
RX,409866,R35,TXD,N46,41,336431,G,1,0.93,0.9,5.0,U,-69.0,9.5,True,,2026-07-09T14:25:21.429+00:00,/dev/cu.usbserial-58870137921,"RX,409866,R35,TXD,N46,41,336431,G,1,0.93,0.90,5,U,-69,9.50"
RX,410064,R35,TXA,N01,334,336627,G,1,0.93,0.9,5.0,F,-78.0,10.5,True,,2026-07-09T14:25:21.627+00:00,/dev/cu.usbserial-58870137921,"RX,410064,R35,TXA,N01,334,336627,G,1,0.93,0.90,5,F,-78,10.50"
RX,410330,R35,TXB,N16,166,336893,E,1,0.87,0.84,5.0,U,-84.0,9.5,True,,2026-07-09T14:25:21.894+00:00,/dev/cu.usbserial-58870137921,"RX,410330,R35,TXB,N16,166,336893,E,1,0.87,0.84,5,U,-84,9.50"
RX,410511,R35,TXG,N91,40,337080,G,1,0.93,0.9,5.0,U,-87.0,10.0,True,,2026-07-09T14:25:22.074+00:00,/dev/cu.usbserial-58870137921,"RX,410511,R35,TXG,N91,40,337080,G,1,0.93,0.90,5,U,-87,10.00"
RX,410814,R35,TXE,N61,164,337382,A,1,0.75,0.72,5.0,U,-74.0,9.75,True,,2026-07-09T14:25:22.377+00:00,/dev/cu.usbserial-58870137921,"RX,410814,R35,TXE,N61,164,337382,A,1,0.75,0.72,5,U,-74,9.75"
RX,411064,R35,TXA,N01,335,337627,H,1,0.32,0.3,5.0,F,-78.0,9.5,True,,2026-07-09T14:25:22.627+00:00,/dev/cu.usbserial-58870137921,"RX,411064,R35,TXA,N01,335,337627,H,1,0.32,0.30,5,F,-78,9.50"
RX,411208,R35,TXK,N151,168,337763,A,0,0.75,0.72,5.0,U,-65.0,10.0,True,,2026-07-09T14:25:22.771+00:00,/dev/cu.usbserial-58870137921,"RX,411208,R35,TXK,N151,168,337763,A,0,0.75,0.72,5,U,-65,10.00"
RX,411562,R35,TXF,N76,83,338131,G,1,0.93,0.9,5.0,U,-72.0,9.5,True,,2026-07-09T14:25:23.124+00:00,/dev/cu.usbserial-58870137921,"RX,411562,R35,TXF,N76,83,338131,G,1,0.93,0.90,5,U,-72,9.50"
RX,411720,R35,TXJ,N136,40,338280,G,1,0.93,0.9,5.0,U,-71.0,9.5,True,,2026-07-09T14:25:23.283+00:00,/dev/cu.usbserial-58870137921,"RX,411720,R35,TXJ,N136,40,338280,G,1,0.93,0.90,5,U,-71,9.50"
RX,411815,R35,TXC,N31,82,338381,E,1,0.87,0.84,5.0,U,-75.0,9.25,True,,2026-07-09T14:25:23.378+00:00,/dev/cu.usbserial-58870137921,"RX,411815,R35,TXC,N31,82,338381,E,1,0.87,0.84,5,U,-75,9.25"
RX,412064,R35,TXA,N01,336,338627,A,0,0.75,0.72,5.0,F,-79.0,9.25,True,,2026-07-09T14:25:23.627+00:00,/dev/cu.usbserial-58870137921,"RX,412064,R35,TXA,N01,336,338627,A,0,0.75,0.72,5,F,-79,9.25"
RX,412330,R35,TXB,N16,167,338893,G,1,0.93,0.9,5.0,U,-84.0,9.5,True,,2026-07-09T14:25:23.894+00:00,/dev/cu.usbserial-58870137921,"RX,412330,R35,TXB,N16,167,338893,G,1,0.93,0.90,5,U,-84,9.50"
RX,412814,R35,TXE,N61,165,339382,C,0,0.81,0.78,5.0,U,-74.0,9.75,True,,2026-07-09T14:25:24.377+00:00,/dev/cu.usbserial-58870137921,"RX,412814,R35,TXE,N61,165,339382,C,0,0.81,0.78,5,U,-74,9.75"
RX,412920,R35,TXI,N121,82,339481,E,1,0.87,0.84,5.0,U,-71.0,9.5,True,,2026-07-09T14:25:24.484+00:00,/dev/cu.usbserial-58870137921,"RX,412920,R35,TXI,N121,82,339481,E,1,0.87,0.84,5,U,-71,9.50"
RX,413064,R35,TXA,N01,337,339627,B,1,0.2,0.18,5.0,F,-79.0,9.5,True,,2026-07-09T14:25:24.627+00:00,/dev/cu.usbserial-58870137921,"RX,413064,R35,TXA,N01,337,339627,B,1,0.20,0.18,5,F,-79,9.50"
RX,413208,R35,TXK,N151,169,339763,C,1,0.81,0.78,5.0,U,-64.0,10.0,True,,2026-07-09T14:25:24.771+00:00,/dev/cu.usbserial-58870137921,"RX,413208,R35,TXK,N151,169,339763,C,1,0.81,0.78,5,U,-64,10.00"
RX,413815,R35,TXC,N31,83,340381,G,1,0.93,0.9,5.0,U,-76.0,9.25,True,,2026-07-09T14:25:25.378+00:00,/dev/cu.usbserial-58870137921,"RX,413815,R35,TXC,N31,83,340381,G,1,0.93,0.90,5,U,-76,9.25"
RX,414064,R35,TXA,N01,338,340627,C,1,0.81,0.78,5.0,F,-79.0,9.75,True,,2026-07-09T14:25:25.627+00:00,/dev/cu.usbserial-58870137921,"RX,414064,R35,TXA,N01,338,340627,C,1,0.81,0.78,5,F,-79,9.75"
RX,414330,R35,TXB,N16,168,340893,A,0,0.75,0.72,5.0,U,-84.0,10.25,True,,2026-07-09T14:25:25.893+00:00,/dev/cu.usbserial-58870137921,"RX,414330,R35,TXB,N16,168,340893,A,0,0.75,0.72,5,U,-84,10.25"
RX,414814,R35,TXE,N61,166,341382,E,1,0.87,0.84,5.0,U,-73.0,9.75,True,,2026-07-09T14:25:26.377+00:00,/dev/cu.usbserial-58870137921,"RX,414814,R35,TXE,N61,166,341382,E,1,0.87,0.84,5,U,-73,9.75"
RX,414920,R35,TXI,N121,83,341481,G,1,0.93,0.9,5.0,U,-72.0,9.75,True,,2026-07-09T14:25:26.484+00:00,/dev/cu.usbserial-58870137921,"RX,414920,R35,TXI,N121,83,341481,G,1,0.93,0.90,5,U,-72,9.75"
RX,415064,R35,TXA,N01,339,341627,D,0,0.24,0.22,5.0,F,-80.0,9.5,True,,2026-07-09T14:25:26.627+00:00,/dev/cu.usbserial-58870137921,"RX,415064,R35,TXA,N01,339,341627,D,0,0.24,0.22,5,F,-80,9.50"
RX,415208,R35,TXK,N151,170,341763,E,1,0.87,0.84,5.0,U,-65.0,10.0,True,,2026-07-09T14:25:26.771+00:00,/dev/cu.usbserial-58870137921,"RX,415208,R35,TXK,N151,170,341763,E,1,0.87,0.84,5,U,-65,10.00"
RX,416064,R35,TXA,N01,340,342627,E,1,0.87,0.84,5.0,F,-79.0,9.75,True,,2026-07-09T14:25:27.627+00:00,/dev/cu.usbserial-58870137921,"RX,416064,R35,TXA,N01,340,342627,E,1,0.87,0.84,5,F,-79,9.75"
RX,416330,R35,TXB,N16,169,342893,C,1,0.81,0.78,5.0,U,-84.0,9.75,True,,2026-07-09T14:25:27.894+00:00,/dev/cu.usbserial-58870137921,"RX,416330,R35,TXB,N16,169,342893,C,1,0.81,0.78,5,U,-84,9.75"
RX,416814,R35,TXE,N61,167,343382,G,1,0.93,0.9,5.0,U,-74.0,9.5,True,,2026-07-09T14:25:28.377+00:00,/dev/cu.usbserial-58870137921,"RX,416814,R35,TXE,N61,167,343382,G,1,0.93,0.90,5,U,-74,9.50"
RX,417064,R35,TXA,N01,341,343627,F,1,0.28,0.26,5.0,F,-80.0,10.0,True,,2026-07-09T14:25:28.627+00:00,/dev/cu.usbserial-58870137921,"RX,417064,R35,TXA,N01,341,343627,F,1,0.28,0.26,5,F,-80,10.00"
RX,417356,R35,TXL,N166,22,343917,G,0,0.93,0.9,5.0,U,-78.0,9.75,True,,2026-07-09T14:25:28.919+00:00,/dev/cu.usbserial-58870137921,"RX,417356,R35,TXL,N166,22,343917,G,0,0.93,0.90,5,U,-78,9.75"
RX,417562,R35,TXF,N76,84,344131,E,1,0.87,0.84,5.0,U,-72.0,9.75,True,,2026-07-09T14:25:29.125+00:00,/dev/cu.usbserial-58870137921,"RX,417562,R35,TXF,N76,84,344131,E,1,0.87,0.84,5,U,-72,9.75"
RX,417866,R35,TXD,N46,42,344431,G,0,0.93,0.9,5.0,U,-70.0,9.25,True,,2026-07-09T14:25:29.429+00:00,/dev/cu.usbserial-58870137921,"RX,417866,R35,TXD,N46,42,344431,G,0,0.93,0.90,5,U,-70,9.25"
RX,418064,R35,TXA,N01,342,344627,G,0,0.93,0.9,5.0,F,-79.0,9.5,True,,2026-07-09T14:25:29.627+00:00,/dev/cu.usbserial-58870137921,"RX,418064,R35,TXA,N01,342,344627,G,0,0.93,0.90,5,F,-79,9.50"
RX,418330,R35,TXB,N16,170,344893,E,1,0.87,0.84,5.0,U,-84.0,10.0,True,,2026-07-09T14:25:29.894+00:00,/dev/cu.usbserial-58870137921,"RX,418330,R35,TXB,N16,170,344893,E,1,0.87,0.84,5,U,-84,10.00"
RX,418511,R35,TXG,N91,41,345080,G,1,0.93,0.9,5.0,U,-85.0,9.0,True,,2026-07-09T14:25:30.074+00:00,/dev/cu.usbserial-58870137921,"RX,418511,R35,TXG,N91,41,345080,G,1,0.93,0.90,5,U,-85,9.00"
RX,418814,R35,TXE,N61,168,345382,A,0,0.75,0.72,5.0,U,-73.0,9.75,True,,2026-07-09T14:25:30.377+00:00,/dev/cu.usbserial-58870137921,"RX,418814,R35,TXE,N61,168,345382,A,0,0.75,0.72,5,U,-73,9.75"
RX,419064,R35,TXA,N01,343,345627,H,1,0.32,0.3,5.0,F,-79.0,9.75,True,,2026-07-09T14:25:30.627+00:00,/dev/cu.usbserial-58870137921,"RX,419064,R35,TXA,N01,343,345627,H,1,0.32,0.30,5,F,-79,9.75"
RX,419208,R35,TXK,N151,172,345763,A,1,0.75,0.72,5.0,U,-65.0,9.25,True,,2026-07-09T14:25:30.771+00:00,/dev/cu.usbserial-58870137921,"RX,419208,R35,TXK,N151,172,345763,A,1,0.75,0.72,5,U,-65,9.25"
RX,419562,R35,TXF,N76,85,346131,G,0,0.93,0.9,5.0,U,-72.0,9.75,True,,2026-07-09T14:25:31.124+00:00,/dev/cu.usbserial-58870137921,"RX,419562,R35,TXF,N76,85,346131,G,0,0.93,0.90,5,U,-72,9.75"
RX,419720,R35,TXJ,N136,41,346280,G,1,0.93,0.9,5.0,U,-71.0,9.25,True,,2026-07-09T14:25:31.283+00:00,/dev/cu.usbserial-58870137921,"RX,419720,R35,TXJ,N136,41,346280,G,1,0.93,0.90,5,U,-71,9.25"
RX,419815,R35,TXC,N31,84,346381,E,1,0.87,0.84,5.0,U,-75.0,9.5,True,,2026-07-09T14:25:31.378+00:00,/dev/cu.usbserial-58870137921,"RX,419815,R35,TXC,N31,84,346381,E,1,0.87,0.84,5,U,-75,9.50"
RX,420064,R35,TXA,N01,344,346627,A,1,0.75,0.72,5.0,F,-79.0,10.0,True,,2026-07-09T14:25:31.627+00:00,/dev/cu.usbserial-58870137921,"RX,420064,R35,TXA,N01,344,346627,A,1,0.75,0.72,5,F,-79,10.00"
RX,420330,R35,TXB,N16,171,346893,G,0,0.93,0.9,5.0,U,-84.0,10.0,True,,2026-07-09T14:25:31.893+00:00,/dev/cu.usbserial-58870137921,"RX,420330,R35,TXB,N16,171,346893,G,0,0.93,0.90,5,U,-84,10.00"
RX,420814,R35,TXE,N61,169,347382,C,1,0.81,0.78,5.0,U,-73.0,10.0,True,,2026-07-09T14:25:32.377+00:00,/dev/cu.usbserial-58870137921,"RX,420814,R35,TXE,N61,169,347382,C,1,0.81,0.78,5,U,-73,10.00"
RX,420920,R35,TXI,N121,84,347481,E,1,0.87,0.84,5.0,U,-72.0,9.75,True,,2026-07-09T14:25:32.483+00:00,/dev/cu.usbserial-58870137921,"RX,420920,R35,TXI,N121,84,347481,E,1,0.87,0.84,5,U,-72,9.75"
RX,421064,R35,TXA,N01,345,347627,B,0,0.2,0.18,5.0,F,-80.0,9.25,True,,2026-07-09T14:25:32.627+00:00,/dev/cu.usbserial-58870137921,"RX,421064,R35,TXA,N01,345,347627,B,0,0.20,0.18,5,F,-80,9.25"
RX,421208,R35,TXK,N151,173,347763,C,1,0.81,0.78,5.0,U,-65.0,9.5,True,,2026-07-09T14:25:32.771+00:00,/dev/cu.usbserial-58870137921,"RX,421208,R35,TXK,N151,173,347763,C,1,0.81,0.78,5,U,-65,9.50"
RX,421815,R35,TXC,N31,85,348381,G,0,0.93,0.9,5.0,U,-75.0,9.5,True,,2026-07-09T14:25:33.378+00:00,/dev/cu.usbserial-58870137921,"RX,421815,R35,TXC,N31,85,348381,G,0,0.93,0.90,5,U,-75,9.50"
RX,422064,R35,TXA,N01,346,348627,C,1,0.81,0.78,5.0,F,-80.0,9.5,True,,2026-07-09T14:25:33.627+00:00,/dev/cu.usbserial-58870137921,"RX,422064,R35,TXA,N01,346,348627,C,1,0.81,0.78,5,F,-80,9.50"
RX,422330,R35,TXB,N16,172,348893,A,1,0.75,0.72,5.0,U,-84.0,10.25,True,,2026-07-09T14:25:33.894+00:00,/dev/cu.usbserial-58870137921,"RX,422330,R35,TXB,N16,172,348893,A,1,0.75,0.72,5,U,-84,10.25"
RX,422814,R35,TXE,N61,170,349382,E,1,0.87,0.84,5.0,U,-74.0,9.75,True,,2026-07-09T14:25:34.377+00:00,/dev/cu.usbserial-58870137921,"RX,422814,R35,TXE,N61,170,349382,E,1,0.87,0.84,5,U,-74,9.75"
RX,422920,R35,TXI,N121,85,349481,G,0,0.93,0.9,5.0,U,-70.0,10.0,True,,2026-07-09T14:25:34.483+00:00,/dev/cu.usbserial-58870137921,"RX,422920,R35,TXI,N121,85,349481,G,0,0.93,0.90,5,U,-70,10.00"
RX,423064,R35,TXA,N01,347,349627,D,1,0.24,0.22,5.0,F,-80.0,9.25,True,,2026-07-09T14:25:34.627+00:00,/dev/cu.usbserial-58870137921,"RX,423064,R35,TXA,N01,347,349627,D,1,0.24,0.22,5,F,-80,9.25"
RX,423208,R35,TXK,N151,174,349763,E,0,0.87,0.84,5.0,U,-65.0,9.75,True,,2026-07-09T14:25:34.771+00:00,/dev/cu.usbserial-58870137921,"RX,423208,R35,TXK,N151,174,349763,E,0,0.87,0.84,5,U,-65,9.75"
RX,424064,R35,TXA,N01,348,350627,E,0,0.87,0.84,5.0,F,-80.0,9.5,True,,2026-07-09T14:25:35.627+00:00,/dev/cu.usbserial-58870137921,"RX,424064,R35,TXA,N01,348,350627,E,0,0.87,0.84,5,F,-80,9.50"
RX,424330,R35,TXB,N16,173,350893,C,1,0.81,0.78,5.0,U,-84.0,9.75,True,,2026-07-09T14:25:35.894+00:00,/dev/cu.usbserial-58870137921,"RX,424330,R35,TXB,N16,173,350893,C,1,0.81,0.78,5,U,-84,9.75"
RX,424814,R35,TXE,N61,171,351382,G,0,0.93,0.9,5.0,U,-75.0,9.25,True,,2026-07-09T14:25:36.377+00:00,/dev/cu.usbserial-58870137921,"RX,424814,R35,TXE,N61,171,351382,G,0,0.93,0.90,5,U,-75,9.25"
RX,425064,R35,TXA,N01,349,351627,F,1,0.28,0.26,5.0,F,-80.0,9.75,True,,2026-07-09T14:25:36.626+00:00,/dev/cu.usbserial-58870137921,"RX,425064,R35,TXA,N01,349,351627,F,1,0.28,0.26,5,F,-80,9.75"
RX,425356,R35,TXL,N166,23,351917,G,1,0.93,0.9,5.0,U,-78.0,9.25,True,,2026-07-09T14:25:36.919+00:00,/dev/cu.usbserial-58870137921,"RX,425356,R35,TXL,N166,23,351917,G,1,0.93,0.90,5,U,-78,9.25"
RX,425561,R35,TXF,N76,86,352131,E,0,0.87,0.84,5.0,U,-71.0,9.25,True,,2026-07-09T14:25:37.124+00:00,/dev/cu.usbserial-58870137921,"RX,425561,R35,TXF,N76,86,352131,E,0,0.87,0.84,5,U,-71,9.25"
RX,425866,R35,TXD,N46,43,352431,G,1,0.93,0.9,5.0,U,-69.0,9.75,True,,2026-07-09T14:25:37.429+00:00,/dev/cu.usbserial-58870137921,"RX,425866,R35,TXD,N46,43,352431,G,1,0.93,0.90,5,U,-69,9.75"
RX,426064,R35,TXA,N01,350,352627,G,1,0.93,0.9,5.0,F,-81.0,9.5,True,,2026-07-09T14:25:37.627+00:00,/dev/cu.usbserial-58870137921,"RX,426064,R35,TXA,N01,350,352627,G,1,0.93,0.90,5,F,-81,9.50"
RX,426330,R35,TXB,N16,174,352893,E,0,0.87,0.84,5.0,U,-84.0,10.25,True,,2026-07-09T14:25:37.893+00:00,/dev/cu.usbserial-58870137921,"RX,426330,R35,TXB,N16,174,352893,E,0,0.87,0.84,5,U,-84,10.25"
RX,426511,R35,TXG,N91,42,353080,G,0,0.93,0.9,5.0,U,-86.0,9.75,True,,2026-07-09T14:25:38.074+00:00,/dev/cu.usbserial-58870137921,"RX,426511,R35,TXG,N91,42,353080,G,0,0.93,0.90,5,U,-86,9.75"
RX,426814,R35,TXE,N61,172,353382,A,1,0.75,0.72,5.0,U,-75.0,9.25,True,,2026-07-09T14:25:38.377+00:00,/dev/cu.usbserial-58870137921,"RX,426814,R35,TXE,N61,172,353382,A,1,0.75,0.72,5,U,-75,9.25"
RX,427064,R35,TXA,N01,351,353627,H,0,0.32,0.3,5.0,F,-81.0,9.0,True,,2026-07-09T14:25:38.627+00:00,/dev/cu.usbserial-58870137921,"RX,427064,R35,TXA,N01,351,353627,H,0,0.32,0.30,5,F,-81,9.00"
RX,427208,R35,TXK,N151,176,353763,A,1,0.75,0.72,5.0,U,-65.0,9.75,True,,2026-07-09T14:25:38.771+00:00,/dev/cu.usbserial-58870137921,"RX,427208,R35,TXK,N151,176,353763,A,1,0.75,0.72,5,U,-65,9.75"
RX,427561,R35,TXF,N76,87,354131,G,1,0.93,0.9,5.0,U,-72.0,9.5,True,,2026-07-09T14:25:39.124+00:00,/dev/cu.usbserial-58870137921,"RX,427561,R35,TXF,N76,87,354131,G,1,0.93,0.90,5,U,-72,9.50"
RX,427720,R35,TXJ,N136,42,354280,G,0,0.93,0.9,5.0,U,-71.0,9.5,True,,2026-07-09T14:25:39.283+00:00,/dev/cu.usbserial-58870137921,"RX,427720,R35,TXJ,N136,42,354280,G,0,0.93,0.90,5,U,-71,9.50"
RX,427815,R35,TXC,N31,86,354381,E,0,0.87,0.84,5.0,U,-75.0,9.5,True,,2026-07-09T14:25:39.378+00:00,/dev/cu.usbserial-58870137921,"RX,427815,R35,TXC,N31,86,354381,E,0,0.87,0.84,5,U,-75,9.50"
RX,428064,R35,TXA,N01,352,354627,A,1,0.75,0.72,5.0,F,-80.0,9.0,True,,2026-07-09T14:25:39.626+00:00,/dev/cu.usbserial-58870137921,"RX,428064,R35,TXA,N01,352,354627,A,1,0.75,0.72,5,F,-80,9.00"
RX,428330,R35,TXB,N16,175,354893,G,1,0.93,0.9,5.0,U,-84.0,10.0,True,,2026-07-09T14:25:39.894+00:00,/dev/cu.usbserial-58870137921,"RX,428330,R35,TXB,N16,175,354893,G,1,0.93,0.90,5,U,-84,10.00"
RX,428814,R35,TXE,N61,173,355382,C,1,0.81,0.78,5.0,U,-74.0,9.5,True,,2026-07-09T14:25:40.377+00:00,/dev/cu.usbserial-58870137921,"RX,428814,R35,TXE,N61,173,355382,C,1,0.81,0.78,5,U,-74,9.50"
RX,428920,R35,TXI,N121,86,355481,E,0,0.87,0.84,5.0,U,-71.0,9.5,True,,2026-07-09T14:25:40.484+00:00,/dev/cu.usbserial-58870137921,"RX,428920,R35,TXI,N121,86,355481,E,0,0.87,0.84,5,U,-71,9.50"
RX,429064,R35,TXA,N01,353,355627,B,1,0.2,0.18,5.0,F,-80.0,9.25,True,,2026-07-09T14:25:40.627+00:00,/dev/cu.usbserial-58870137921,"RX,429064,R35,TXA,N01,353,355627,B,1,0.20,0.18,5,F,-80,9.25"
RX,429208,R35,TXK,N151,177,355763,C,0,0.81,0.78,5.0,U,-64.0,9.5,True,,2026-07-09T14:25:40.771+00:00,/dev/cu.usbserial-58870137921,"RX,429208,R35,TXK,N151,177,355763,C,0,0.81,0.78,5,U,-64,9.50"
RX,429815,R35,TXC,N31,87,356381,G,1,0.93,0.9,5.0,U,-76.0,9.25,True,,2026-07-09T14:25:41.378+00:00,/dev/cu.usbserial-58870137921,"RX,429815,R35,TXC,N31,87,356381,G,1,0.93,0.90,5,U,-76,9.25"
RX,430064,R35,TXA,N01,354,356627,C,0,0.81,0.78,5.0,F,-80.0,10.0,True,,2026-07-09T14:25:41.627+00:00,/dev/cu.usbserial-58870137921,"RX,430064,R35,TXA,N01,354,356627,C,0,0.81,0.78,5,F,-80,10.00"
RX,430330,R35,TXB,N16,176,356893,A,1,0.75,0.72,5.0,U,-84.0,10.0,True,,2026-07-09T14:25:41.894+00:00,/dev/cu.usbserial-58870137921,"RX,430330,R35,TXB,N16,176,356893,A,1,0.75,0.72,5,U,-84,10.00"
RX,430814,R35,TXE,N61,174,357382,E,0,0.87,0.84,5.0,U,-74.0,9.75,True,,2026-07-09T14:25:42.377+00:00,/dev/cu.usbserial-58870137921,"RX,430814,R35,TXE,N61,174,357382,E,0,0.87,0.84,5,U,-74,9.75"
RX,430920,R35,TXI,N121,87,357481,G,1,0.93,0.9,5.0,U,-71.0,9.5,True,,2026-07-09T14:25:42.483+00:00,/dev/cu.usbserial-58870137921,"RX,430920,R35,TXI,N121,87,357481,G,1,0.93,0.90,5,U,-71,9.50"
RX,431064,R35,TXA,N01,355,357627,D,1,0.24,0.22,5.0,F,-80.0,9.75,True,,2026-07-09T14:25:42.626+00:00,/dev/cu.usbserial-58870137921,"RX,431064,R35,TXA,N01,355,357627,D,1,0.24,0.22,5,F,-80,9.75"
RX,431208,R35,TXK,N151,178,357763,E,1,0.87,0.84,5.0,U,-65.0,9.75,True,,2026-07-09T14:25:42.771+00:00,/dev/cu.usbserial-58870137921,"RX,431208,R35,TXK,N151,178,357763,E,1,0.87,0.84,5,U,-65,9.75"
RX,432064,R35,TXA,N01,356,358627,E,1,0.87,0.84,5.0,F,-79.0,9.75,True,,2026-07-09T14:25:43.627+00:00,/dev/cu.usbserial-58870137921,"RX,432064,R35,TXA,N01,356,358627,E,1,0.87,0.84,5,F,-79,9.75"
RX,432330,R35,TXB,N16,177,358893,C,0,0.81,0.78,5.0,U,-84.0,10.25,True,,2026-07-09T14:25:43.894+00:00,/dev/cu.usbserial-58870137921,"RX,432330,R35,TXB,N16,177,358893,C,0,0.81,0.78,5,U,-84,10.25"
RX,432814,R35,TXE,N61,175,359382,G,1,0.93,0.9,5.0,U,-74.0,9.5,True,,2026-07-09T14:25:44.377+00:00,/dev/cu.usbserial-58870137921,"RX,432814,R35,TXE,N61,175,359382,G,1,0.93,0.90,5,U,-74,9.50"
RX,433064,R35,TXA,N01,357,359627,F,0,0.28,0.26,5.0,F,-80.0,9.25,True,,2026-07-09T14:25:44.626+00:00,/dev/cu.usbserial-58870137921,"RX,433064,R35,TXA,N01,357,359627,F,0,0.28,0.26,5,F,-80,9.25"
RX,433208,R35,TXK,N151,179,359763,G,1,0.93,0.9,5.0,U,-64.0,9.5,True,,2026-07-09T14:25:44.771+00:00,/dev/cu.usbserial-58870137921,"RX,433208,R35,TXK,N151,179,359763,G,1,0.93,0.90,5,U,-64,9.50"
RX,433561,R35,TXF,N76,88,360131,E,1,0.87,0.84,5.0,U,-71.0,9.5,True,,2026-07-09T14:25:45.124+00:00,/dev/cu.usbserial-58870137921,"RX,433561,R35,TXF,N76,88,360131,E,1,0.87,0.84,5,U,-71,9.50"
RX,433866,R35,TXD,N46,44,360431,G,1,0.93,0.9,5.0,U,-69.0,9.25,True,,2026-07-09T14:25:45.429+00:00,/dev/cu.usbserial-58870137921,"RX,433866,R35,TXD,N46,44,360431,G,1,0.93,0.90,5,U,-69,9.25"
RX,434063,R35,TXA,N01,358,360627,G,1,0.93,0.9,5.0,F,-79.0,9.5,True,,2026-07-09T14:25:45.626+00:00,/dev/cu.usbserial-58870137921,"RX,434063,R35,TXA,N01,358,360627,G,1,0.93,0.90,5,F,-79,9.50"
RX,434330,R35,TXB,N16,178,360893,E,1,0.87,0.84,5.0,U,-83.0,10.0,True,,2026-07-09T14:25:45.893+00:00,/dev/cu.usbserial-58870137921,"RX,434330,R35,TXB,N16,178,360893,E,1,0.87,0.84,5,U,-83,10.00"
RX,434511,R35,TXG,N91,43,361080,G,1,0.93,0.9,5.0,U,-83.0,9.5,True,,2026-07-09T14:25:46.074+00:00,/dev/cu.usbserial-58870137921,"RX,434511,R35,TXG,N91,43,361080,G,1,0.93,0.90,5,U,-83,9.50"
RX,434814,R35,TXE,N61,176,361382,A,1,0.75,0.72,5.0,U,-75.0,9.25,True,,2026-07-09T14:25:46.377+00:00,/dev/cu.usbserial-58870137921,"RX,434814,R35,TXE,N61,176,361382,A,1,0.75,0.72,5,U,-75,9.25"
RX,435064,R35,TXA,N01,359,361627,H,1,0.32,0.3,5.0,F,-81.0,10.0,True,,2026-07-09T14:25:46.626+00:00,/dev/cu.usbserial-58870137921,"RX,435064,R35,TXA,N01,359,361627,H,1,0.32,0.30,5,F,-81,10.00"
RX,435208,R35,TXK,N151,180,361763,A,0,0.75,0.72,5.0,U,-64.0,9.75,True,,2026-07-09T14:25:46.771+00:00,/dev/cu.usbserial-58870137921,"RX,435208,R35,TXK,N151,180,361763,A,0,0.75,0.72,5,U,-64,9.75"
RX,435561,R35,TXF,N76,89,362131,G,1,0.93,0.9,5.0,U,-72.0,9.75,True,,2026-07-09T14:25:47.124+00:00,/dev/cu.usbserial-58870137921,"RX,435561,R35,TXF,N76,89,362131,G,1,0.93,0.90,5,U,-72,9.75"
RX,435720,R35,TXJ,N136,43,362280,G,1,0.93,0.9,5.0,U,-71.0,9.5,True,,2026-07-09T14:25:47.283+00:00,/dev/cu.usbserial-58870137921,"RX,435720,R35,TXJ,N136,43,362280,G,1,0.93,0.90,5,U,-71,9.50"
RX,435815,R35,TXC,N31,88,362381,E,1,0.87,0.84,5.0,U,-75.0,10.0,True,,2026-07-09T14:25:47.378+00:00,/dev/cu.usbserial-58870137921,"RX,435815,R35,TXC,N31,88,362381,E,1,0.87,0.84,5,U,-75,10.00"
RX,436063,R35,TXA,N01,360,362627,A,0,0.75,0.72,5.0,F,-80.0,9.5,True,,2026-07-09T14:25:47.626+00:00,/dev/cu.usbserial-58870137921,"RX,436063,R35,TXA,N01,360,362627,A,0,0.75,0.72,5,F,-80,9.50"
RX,436330,R35,TXB,N16,179,362893,G,1,0.93,0.9,5.0,U,-84.0,9.5,True,,2026-07-09T14:25:47.893+00:00,/dev/cu.usbserial-58870137921,"RX,436330,R35,TXB,N16,179,362893,G,1,0.93,0.90,5,U,-84,9.50"
RX,436814,R35,TXE,N61,177,363382,C,0,0.81,0.78,5.0,U,-74.0,9.75,True,,2026-07-09T14:25:48.377+00:00,/dev/cu.usbserial-58870137921,"RX,436814,R35,TXE,N61,177,363382,C,0,0.81,0.78,5,U,-74,9.75"
RX,436920,R35,TXI,N121,88,363481,E,1,0.87,0.84,5.0,U,-71.0,9.5,True,,2026-07-09T14:25:48.483+00:00,/dev/cu.usbserial-58870137921,"RX,436920,R35,TXI,N121,88,363481,E,1,0.87,0.84,5,U,-71,9.50"
RX,437064,R35,TXA,N01,361,363627,B,1,0.2,0.18,5.0,F,-80.0,9.25,True,,2026-07-09T14:25:48.626+00:00,/dev/cu.usbserial-58870137921,"RX,437064,R35,TXA,N01,361,363627,B,1,0.20,0.18,5,F,-80,9.25"
RX,437208,R35,TXK,N151,181,363763,C,1,0.81,0.78,5.0,U,-64.0,9.75,True,,2026-07-09T14:25:48.771+00:00,/dev/cu.usbserial-58870137921,"RX,437208,R35,TXK,N151,181,363763,C,1,0.81,0.78,5,U,-64,9.75"
RX,437815,R35,TXC,N31,89,364381,G,1,0.93,0.9,5.0,U,-75.0,9.25,True,,2026-07-09T14:25:49.378+00:00,/dev/cu.usbserial-58870137921,"RX,437815,R35,TXC,N31,89,364381,G,1,0.93,0.90,5,U,-75,9.25"
RX,438064,R35,TXA,N01,362,364627,C,1,0.81,0.78,5.0,F,-80.0,9.25,True,,2026-07-09T14:25:49.626+00:00,/dev/cu.usbserial-58870137921,"RX,438064,R35,TXA,N01,362,364627,C,1,0.81,0.78,5,F,-80,9.25"
RX,438330,R35,TXB,N16,180,364893,A,0,0.75,0.72,5.0,U,-83.0,10.0,True,,2026-07-09T14:25:49.894+00:00,/dev/cu.usbserial-58870137921,"RX,438330,R35,TXB,N16,180,364893,A,0,0.75,0.72,5,U,-83,10.00"
RX,438814,R35,TXE,N61,178,365382,E,1,0.87,0.84,5.0,U,-75.0,9.5,True,,2026-07-09T14:25:50.377+00:00,/dev/cu.usbserial-58870137921,"RX,438814,R35,TXE,N61,178,365382,E,1,0.87,0.84,5,U,-75,9.50"
RX,438920,R35,TXI,N121,89,365481,G,1,0.93,0.9,5.0,U,-71.0,9.75,True,,2026-07-09T14:25:50.483+00:00,/dev/cu.usbserial-58870137921,"RX,438920,R35,TXI,N121,89,365481,G,1,0.93,0.90,5,U,-71,9.75"
RX,439064,R35,TXA,N01,363,365627,D,0,0.24,0.22,5.0,F,-80.0,9.5,True,,2026-07-09T14:25:50.626+00:00,/dev/cu.usbserial-58870137921,"RX,439064,R35,TXA,N01,363,365627,D,0,0.24,0.22,5,F,-80,9.50"
RX,439208,R35,TXK,N151,182,365763,E,1,0.87,0.84,5.0,U,-65.0,9.75,True,,2026-07-09T14:25:50.771+00:00,/dev/cu.usbserial-58870137921,"RX,439208,R35,TXK,N151,182,365763,E,1,0.87,0.84,5,U,-65,9.75"
RX,440064,R35,TXA,N01,364,366627,E,1,0.87,0.84,5.0,F,-80.0,9.75,True,,2026-07-09T14:25:51.626+00:00,/dev/cu.usbserial-58870137921,"RX,440064,R35,TXA,N01,364,366627,E,1,0.87,0.84,5,F,-80,9.75"
RX,440330,R35,TXB,N16,181,366893,C,1,0.81,0.78,5.0,U,-84.0,10.0,True,,2026-07-09T14:25:51.894+00:00,/dev/cu.usbserial-58870137921,"RX,440330,R35,TXB,N16,181,366893,C,1,0.81,0.78,5,U,-84,10.00"
RX,440814,R35,TXE,N61,179,367382,G,1,0.93,0.9,5.0,U,-74.0,9.75,True,,2026-07-09T14:25:52.377+00:00,/dev/cu.usbserial-58870137921,"RX,440814,R35,TXE,N61,179,367382,G,1,0.93,0.90,5,U,-74,9.75"
RX,441064,R35,TXA,N01,365,367627,F,1,0.28,0.26,5.0,F,-80.0,9.75,True,,2026-07-09T14:25:52.626+00:00,/dev/cu.usbserial-58870137921,"RX,441064,R35,TXA,N01,365,367627,F,1,0.28,0.26,5,F,-80,9.75"
RX,441208,R35,TXK,N151,183,367763,G,0,0.93,0.9,5.0,U,-64.0,9.75,True,,2026-07-09T14:25:52.771+00:00,/dev/cu.usbserial-58870137921,"RX,441208,R35,TXK,N151,183,367763,G,0,0.93,0.90,5,U,-64,9.75"
RX,441561,R35,TXF,N76,90,368131,E,1,0.87,0.84,5.0,U,-71.0,9.75,True,,2026-07-09T14:25:53.124+00:00,/dev/cu.usbserial-58870137921,"RX,441561,R35,TXF,N76,90,368131,E,1,0.87,0.84,5,U,-71,9.75"
RX,441866,R35,TXD,N46,45,368431,G,0,0.93,0.9,5.0,U,-69.0,9.5,True,,2026-07-09T14:25:53.429+00:00,/dev/cu.usbserial-58870137921,"RX,441866,R35,TXD,N46,45,368431,G,0,0.93,0.90,5,U,-69,9.50"
RX,442064,R35,TXA,N01,366,368627,G,0,0.93,0.9,5.0,F,-80.0,9.25,True,,2026-07-09T14:25:53.626+00:00,/dev/cu.usbserial-58870137921,"RX,442064,R35,TXA,N01,366,368627,G,0,0.93,0.90,5,F,-80,9.25"
RX,442330,R35,TXB,N16,182,368893,E,1,0.87,0.84,5.0,U,-84.0,10.0,True,,2026-07-09T14:25:53.894+00:00,/dev/cu.usbserial-58870137921,"RX,442330,R35,TXB,N16,182,368893,E,1,0.87,0.84,5,U,-84,10.00"
RX,442511,R35,TXG,N91,44,369080,G,1,0.93,0.9,5.0,U,-86.0,9.25,True,,2026-07-09T14:25:54.074+00:00,/dev/cu.usbserial-58870137921,"RX,442511,R35,TXG,N91,44,369080,G,1,0.93,0.90,5,U,-86,9.25"
RX,442814,R35,TXE,N61,180,369382,A,0,0.75,0.72,5.0,U,-75.0,9.0,True,,2026-07-09T14:25:54.377+00:00,/dev/cu.usbserial-58870137921,"RX,442814,R35,TXE,N61,180,369382,A,0,0.75,0.72,5,U,-75,9.00"
RX,443064,R35,TXA,N01,367,369627,H,1,0.32,0.3,5.0,F,-79.0,9.75,True,,2026-07-09T14:25:54.627+00:00,/dev/cu.usbserial-58870137921,"RX,443064,R35,TXA,N01,367,369627,H,1,0.32,0.30,5,F,-79,9.75"
RX,443208,R35,TXK,N151,184,369763,A,1,0.75,0.72,5.0,U,-64.0,10.0,True,,2026-07-09T14:25:54.771+00:00,/dev/cu.usbserial-58870137921,"RX,443208,R35,TXK,N151,184,369763,A,1,0.75,0.72,5,U,-64,10.00"
RX,443561,R35,TXF,N76,91,370131,G,0,0.93,0.9,5.0,U,-71.0,9.5,True,,2026-07-09T14:25:55.124+00:00,/dev/cu.usbserial-58870137921,"RX,443561,R35,TXF,N76,91,370131,G,0,0.93,0.90,5,U,-71,9.50"
RX,443720,R35,TXJ,N136,44,370280,G,1,0.93,0.9,5.0,U,-71.0,9.75,True,,2026-07-09T14:25:55.283+00:00,/dev/cu.usbserial-58870137921,"RX,443720,R35,TXJ,N136,44,370280,G,1,0.93,0.90,5,U,-71,9.75"
RX,443815,R35,TXC,N31,90,370381,E,1,0.87,0.84,5.0,U,-74.0,9.75,True,,2026-07-09T14:25:55.377+00:00,/dev/cu.usbserial-58870137921,"RX,443815,R35,TXC,N31,90,370381,E,1,0.87,0.84,5,U,-74,9.75"
RX,444064,R35,TXA,N01,368,370627,A,1,0.75,0.72,5.0,F,-79.0,10.0,True,,2026-07-09T14:25:55.626+00:00,/dev/cu.usbserial-58870137921,"RX,444064,R35,TXA,N01,368,370627,A,1,0.75,0.72,5,F,-79,10.00"
RX,444330,R35,TXB,N16,183,370893,G,0,0.93,0.9,5.0,U,-84.0,10.0,True,,2026-07-09T14:25:55.893+00:00,/dev/cu.usbserial-58870137921,"RX,444330,R35,TXB,N16,183,370893,G,0,0.93,0.90,5,U,-84,10.00"
RX,444814,R35,TXE,N61,181,371382,C,1,0.81,0.78,5.0,U,-75.0,9.25,True,,2026-07-09T14:25:56.377+00:00,/dev/cu.usbserial-58870137921,"RX,444814,R35,TXE,N61,181,371382,C,1,0.81,0.78,5,U,-75,9.25"
RX,444920,R35,TXI,N121,90,371481,E,1,0.87,0.84,5.0,U,-71.0,9.75,True,,2026-07-09T14:25:56.483+00:00,/dev/cu.usbserial-58870137921,"RX,444920,R35,TXI,N121,90,371481,E,1,0.87,0.84,5,U,-71,9.75"
RX,445063,R35,TXA,N01,369,371627,B,0,0.2,0.18,5.0,F,-80.0,9.5,True,,2026-07-09T14:25:56.626+00:00,/dev/cu.usbserial-58870137921,"RX,445063,R35,TXA,N01,369,371627,B,0,0.20,0.18,5,F,-80,9.50"
RX,445207,R35,TXK,N151,185,371763,C,1,0.81,0.78,5.0,U,-65.0,10.0,True,,2026-07-09T14:25:56.771+00:00,/dev/cu.usbserial-58870137921,"RX,445207,R35,TXK,N151,185,371763,C,1,0.81,0.78,5,U,-65,10.00"
RX,445815,R35,TXC,N31,91,372381,G,0,0.93,0.9,5.0,U,-75.0,9.0,True,,2026-07-09T14:25:57.378+00:00,/dev/cu.usbserial-58870137921,"RX,445815,R35,TXC,N31,91,372381,G,0,0.93,0.90,5,U,-75,9.00"
RX,446063,R35,TXA,N01,370,372627,C,1,0.81,0.78,5.0,F,-80.0,9.5,True,,2026-07-09T14:25:57.626+00:00,/dev/cu.usbserial-58870137921,"RX,446063,R35,TXA,N01,370,372627,C,1,0.81,0.78,5,F,-80,9.50"
RX,446330,R35,TXB,N16,184,372893,A,1,0.75,0.72,5.0,U,-84.0,10.0,True,,2026-07-09T14:25:57.893+00:00,/dev/cu.usbserial-58870137921,"RX,446330,R35,TXB,N16,184,372893,A,1,0.75,0.72,5,U,-84,10.00"
RX,446814,R35,TXE,N61,182,373382,E,1,0.87,0.84,5.0,U,-75.0,9.5,True,,2026-07-09T14:25:58.377+00:00,/dev/cu.usbserial-58870137921,"RX,446814,R35,TXE,N61,182,373382,E,1,0.87,0.84,5,U,-75,9.50"
RX,446920,R35,TXI,N121,91,373481,G,0,0.93,0.9,5.0,U,-71.0,9.75,True,,2026-07-09T14:25:58.483+00:00,/dev/cu.usbserial-58870137921,"RX,446920,R35,TXI,N121,91,373481,G,0,0.93,0.90,5,U,-71,9.75"
RX,447063,R35,TXA,N01,371,373627,D,1,0.24,0.22,5.0,F,-80.0,9.75,True,,2026-07-09T14:25:58.626+00:00,/dev/cu.usbserial-58870137921,"RX,447063,R35,TXA,N01,371,373627,D,1,0.24,0.22,5,F,-80,9.75"
RX,447208,R35,TXK,N151,186,373763,E,0,0.87,0.84,5.0,U,-65.0,9.75,True,,2026-07-09T14:25:58.771+00:00,/dev/cu.usbserial-58870137921,"RX,447208,R35,TXK,N151,186,373763,E,0,0.87,0.84,5,U,-65,9.75"
RX,448063,R35,TXA,N01,372,374627,E,0,0.87,0.84,5.0,F,-79.0,10.25,True,,2026-07-09T14:25:59.627+00:00,/dev/cu.usbserial-58870137921,"RX,448063,R35,TXA,N01,372,374627,E,0,0.87,0.84,5,F,-79,10.25"
RX,448330,R35,TXB,N16,185,374893,C,1,0.81,0.78,5.0,U,-84.0,9.75,True,,2026-07-09T14:25:59.894+00:00,/dev/cu.usbserial-58870137921,"RX,448330,R35,TXB,N16,185,374893,C,1,0.81,0.78,5,U,-84,9.75"
RX,448814,R35,TXE,N61,183,375382,G,0,0.93,0.9,5.0,U,-75.0,9.5,True,,2026-07-09T14:26:00.377+00:00,/dev/cu.usbserial-58870137921,"RX,448814,R35,TXE,N61,183,375382,G,0,0.93,0.90,5,U,-75,9.50"
RX,449064,R35,TXA,N01,373,375627,F,1,0.28,0.26,5.0,F,-80.0,9.0,True,,2026-07-09T14:26:00.627+00:00,/dev/cu.usbserial-58870137921,"RX,449064,R35,TXA,N01,373,375627,F,1,0.28,0.26,5,F,-80,9.00"
RX,449208,R35,TXK,N151,187,375763,G,1,0.93,0.9,5.0,U,-65.0,9.5,True,,2026-07-09T14:26:00.770+00:00,/dev/cu.usbserial-58870137921,"RX,449208,R35,TXK,N151,187,375763,G,1,0.93,0.90,5,U,-65,9.50"
RX,449561,R35,TXF,N76,92,376131,E,0,0.87,0.84,5.0,U,-72.0,9.75,True,,2026-07-09T14:26:01.124+00:00,/dev/cu.usbserial-58870137921,"RX,449561,R35,TXF,N76,92,376131,E,0,0.87,0.84,5,U,-72,9.75"
RX,449866,R35,TXD,N46,46,376431,G,1,0.93,0.9,5.0,U,-70.0,9.5,True,,2026-07-09T14:26:01.429+00:00,/dev/cu.usbserial-58870137921,"RX,449866,R35,TXD,N46,46,376431,G,1,0.93,0.90,5,U,-70,9.50"
RX,450063,R35,TXA,N01,374,376627,G,1,0.93,0.9,5.0,F,-81.0,9.75,True,,2026-07-09T14:26:01.626+00:00,/dev/cu.usbserial-58870137921,"RX,450063,R35,TXA,N01,374,376627,G,1,0.93,0.90,5,F,-81,9.75"
RX,450330,R35,TXB,N16,186,376893,E,0,0.87,0.84,5.0,U,-84.0,10.0,True,,2026-07-09T14:26:01.893+00:00,/dev/cu.usbserial-58870137921,"RX,450330,R35,TXB,N16,186,376893,E,0,0.87,0.84,5,U,-84,10.00"
RX,450511,R35,TXG,N91,45,377080,G,0,0.93,0.9,5.0,U,-85.0,9.5,True,,2026-07-09T14:26:02.074+00:00,/dev/cu.usbserial-58870137921,"RX,450511,R35,TXG,N91,45,377080,G,0,0.93,0.90,5,U,-85,9.50"
RX,450814,R35,TXE,N61,184,377382,A,1,0.75,0.72,5.0,U,-75.0,9.25,True,,2026-07-09T14:26:02.377+00:00,/dev/cu.usbserial-58870137921,"RX,450814,R35,TXE,N61,184,377382,A,1,0.75,0.72,5,U,-75,9.25"
RX,451063,R35,TXA,N01,375,377627,H,0,0.32,0.3,5.0,F,-80.0,9.25,True,,2026-07-09T14:26:02.626+00:00,/dev/cu.usbserial-58870137921,"RX,451063,R35,TXA,N01,375,377627,H,0,0.32,0.30,5,F,-80,9.25"
RX,451208,R35,TXK,N151,188,377763,A,1,0.75,0.72,5.0,U,-65.0,9.5,True,,2026-07-09T14:26:02.771+00:00,/dev/cu.usbserial-58870137921,"RX,451208,R35,TXK,N151,188,377763,A,1,0.75,0.72,5,U,-65,9.50"
RX,451561,R35,TXF,N76,93,378131,G,1,0.93,0.9,5.0,U,-72.0,9.5,True,,2026-07-09T14:26:03.124+00:00,/dev/cu.usbserial-58870137921,"RX,451561,R35,TXF,N76,93,378131,G,1,0.93,0.90,5,U,-72,9.50"
RX,451720,R35,TXJ,N136,45,378280,G,0,0.93,0.9,5.0,U,-71.0,9.5,True,,2026-07-09T14:26:03.283+00:00,/dev/cu.usbserial-58870137921,"RX,451720,R35,TXJ,N136,45,378280,G,0,0.93,0.90,5,U,-71,9.50"
RX,451815,R35,TXC,N31,92,378381,E,0,0.87,0.84,5.0,U,-75.0,9.5,True,,2026-07-09T14:26:03.377+00:00,/dev/cu.usbserial-58870137921,"RX,451815,R35,TXC,N31,92,378381,E,0,0.87,0.84,5,U,-75,9.50"
RX,452063,R35,TXA,N01,376,378627,A,1,0.75,0.72,5.0,F,-80.0,9.75,True,,2026-07-09T14:26:03.626+00:00,/dev/cu.usbserial-58870137921,"RX,452063,R35,TXA,N01,376,378627,A,1,0.75,0.72,5,F,-80,9.75"
RX,452330,R35,TXB,N16,187,378893,G,1,0.93,0.9,5.0,U,-84.0,9.75,True,,2026-07-09T14:26:03.893+00:00,/dev/cu.usbserial-58870137921,"RX,452330,R35,TXB,N16,187,378893,G,1,0.93,0.90,5,U,-84,9.75"
RX,452814,R35,TXE,N61,185,379382,C,1,0.81,0.78,5.0,U,-74.0,9.25,True,,2026-07-09T14:26:04.377+00:00,/dev/cu.usbserial-58870137921,"RX,452814,R35,TXE,N61,185,379382,C,1,0.81,0.78,5,U,-74,9.25"
RX,452920,R35,TXI,N121,92,379481,E,0,0.87,0.84,5.0,U,-70.0,10.0,True,,2026-07-09T14:26:04.483+00:00,/dev/cu.usbserial-58870137921,"RX,452920,R35,TXI,N121,92,379481,E,0,0.87,0.84,5,U,-70,10.00"
RX,453064,R35,TXA,N01,377,379627,B,1,0.2,0.18,5.0,F,-80.0,9.75,True,,2026-07-09T14:26:04.626+00:00,/dev/cu.usbserial-58870137921,"RX,453064,R35,TXA,N01,377,379627,B,1,0.20,0.18,5,F,-80,9.75"
RX,453207,R35,TXK,N151,189,379763,C,0,0.81,0.78,5.0,U,-66.0,9.5,True,,2026-07-09T14:26:04.770+00:00,/dev/cu.usbserial-58870137921,"RX,453207,R35,TXK,N151,189,379763,C,0,0.81,0.78,5,U,-66,9.50"
RX,453815,R35,TXC,N31,93,380381,G,1,0.93,0.9,5.0,U,-76.0,9.75,True,,2026-07-09T14:26:05.378+00:00,/dev/cu.usbserial-58870137921,"RX,453815,R35,TXC,N31,93,380381,G,1,0.93,0.90,5,U,-76,9.75"
RX,454063,R35,TXA,N01,378,380627,C,0,0.81,0.78,5.0,F,-80.0,9.5,True,,2026-07-09T14:26:05.626+00:00,/dev/cu.usbserial-58870137921,"RX,454063,R35,TXA,N01,378,380627,C,0,0.81,0.78,5,F,-80,9.50"
RX,454330,R35,TXB,N16,188,380893,A,1,0.75,0.72,5.0,U,-84.0,10.0,True,,2026-07-09T14:26:05.893+00:00,/dev/cu.usbserial-58870137921,"RX,454330,R35,TXB,N16,188,380893,A,1,0.75,0.72,5,U,-84,10.00"
RX,454814,R35,TXE,N61,186,381382,E,0,0.87,0.84,5.0,U,-74.0,9.75,True,,2026-07-09T14:26:06.377+00:00,/dev/cu.usbserial-58870137921,"RX,454814,R35,TXE,N61,186,381382,E,0,0.87,0.84,5,U,-74,9.75"
RX,454920,R35,TXI,N121,93,381481,G,1,0.93,0.9,5.0,U,-70.0,10.0,True,,2026-07-09T14:26:06.483+00:00,/dev/cu.usbserial-58870137921,"RX,454920,R35,TXI,N121,93,381481,G,1,0.93,0.90,5,U,-70,10.00"
RX,455064,R35,TXA,N01,379,381627,D,1,0.24,0.22,5.0,F,-80.0,10.0,True,,2026-07-09T14:26:06.626+00:00,/dev/cu.usbserial-58870137921,"RX,455064,R35,TXA,N01,379,381627,D,1,0.24,0.22,5,F,-80,10.00"
RX,455207,R35,TXK,N151,190,381763,E,1,0.87,0.84,5.0,U,-65.0,9.25,True,,2026-07-09T14:26:06.771+00:00,/dev/cu.usbserial-58870137921,"RX,455207,R35,TXK,N151,190,381763,E,1,0.87,0.84,5,U,-65,9.25"
RX,456063,R35,TXA,N01,380,382627,E,1,0.87,0.84,5.0,F,-80.0,9.75,True,,2026-07-09T14:26:07.626+00:00,/dev/cu.usbserial-58870137921,"RX,456063,R35,TXA,N01,380,382627,E,1,0.87,0.84,5,F,-80,9.75"
RX,456330,R35,TXB,N16,189,382893,C,0,0.81,0.78,5.0,U,-84.0,9.75,True,,2026-07-09T14:26:07.893+00:00,/dev/cu.usbserial-58870137921,"RX,456330,R35,TXB,N16,189,382893,C,0,0.81,0.78,5,U,-84,9.75"
RX,456814,R35,TXE,N61,187,383382,G,1,0.93,0.9,5.0,U,-74.0,9.75,True,,2026-07-09T14:26:08.377+00:00,/dev/cu.usbserial-58870137921,"RX,456814,R35,TXE,N61,187,383382,G,1,0.93,0.90,5,U,-74,9.75"
RX,457063,R35,TXA,N01,381,383627,F,0,0.28,0.26,5.0,F,-80.0,9.5,True,,2026-07-09T14:26:08.627+00:00,/dev/cu.usbserial-58870137921,"RX,457063,R35,TXA,N01,381,383627,F,0,0.28,0.26,5,F,-80,9.50"
RX,457207,R35,TXK,N151,191,383763,G,1,0.93,0.9,5.0,U,-65.0,9.75,True,,2026-07-09T14:26:08.770+00:00,/dev/cu.usbserial-58870137921,"RX,457207,R35,TXK,N151,191,383763,G,1,0.93,0.90,5,U,-65,9.75"
RX,457561,R35,TXF,N76,94,384131,E,1,0.87,0.84,5.0,U,-72.0,9.25,True,,2026-07-09T14:26:09.124+00:00,/dev/cu.usbserial-58870137921,"RX,457561,R35,TXF,N76,94,384131,E,1,0.87,0.84,5,U,-72,9.25"
RX,457866,R35,TXD,N46,47,384431,G,1,0.93,0.9,5.0,U,-69.0,9.5,True,,2026-07-09T14:26:09.429+00:00,/dev/cu.usbserial-58870137921,"RX,457866,R35,TXD,N46,47,384431,G,1,0.93,0.90,5,U,-69,9.50"
RX,458063,R35,TXA,N01,382,384627,G,1,0.93,0.9,5.0,F,-80.0,9.75,True,,2026-07-09T14:26:09.627+00:00,/dev/cu.usbserial-58870137921,"RX,458063,R35,TXA,N01,382,384627,G,1,0.93,0.90,5,F,-80,9.75"
RX,458330,R35,TXB,N16,190,384893,E,1,0.87,0.84,5.0,U,-84.0,10.0,True,,2026-07-09T14:26:09.893+00:00,/dev/cu.usbserial-58870137921,"RX,458330,R35,TXB,N16,190,384893,E,1,0.87,0.84,5,U,-84,10.00"
RX,458511,R35,TXG,N91,46,385080,G,1,0.93,0.9,5.0,U,-88.0,9.5,True,,2026-07-09T14:26:10.074+00:00,/dev/cu.usbserial-58870137921,"RX,458511,R35,TXG,N91,46,385080,G,1,0.93,0.90,5,U,-88,9.50"
RX,458814,R35,TXE,N61,188,385382,A,1,0.75,0.72,5.0,U,-75.0,9.5,True,,2026-07-09T14:26:10.376+00:00,/dev/cu.usbserial-58870137921,"RX,458814,R35,TXE,N61,188,385382,A,1,0.75,0.72,5,U,-75,9.50"
RX,459063,R35,TXA,N01,383,385627,H,1,0.32,0.3,5.0,F,-79.0,9.75,True,,2026-07-09T14:26:10.626+00:00,/dev/cu.usbserial-58870137921,"RX,459063,R35,TXA,N01,383,385627,H,1,0.32,0.30,5,F,-79,9.75"
RX,459207,R35,TXK,N151,192,385763,A,1,0.75,0.72,5.0,U,-65.0,9.75,True,,2026-07-09T14:26:10.770+00:00,/dev/cu.usbserial-58870137921,"RX,459207,R35,TXK,N151,192,385763,A,1,0.75,0.72,5,U,-65,9.75"
RX,459561,R35,TXF,N76,95,386131,G,1,0.93,0.9,5.0,U,-72.0,9.75,True,,2026-07-09T14:26:11.124+00:00,/dev/cu.usbserial-58870137921,"RX,459561,R35,TXF,N76,95,386131,G,1,0.93,0.90,5,U,-72,9.75"
RX,459720,R35,TXJ,N136,46,386280,G,1,0.93,0.9,5.0,U,-71.0,9.5,True,,2026-07-09T14:26:11.283+00:00,/dev/cu.usbserial-58870137921,"RX,459720,R35,TXJ,N136,46,386280,G,1,0.93,0.90,5,U,-71,9.50"
RX,459814,R35,TXC,N31,94,386381,E,1,0.87,0.84,5.0,U,-76.0,9.5,True,,2026-07-09T14:26:11.377+00:00,/dev/cu.usbserial-58870137921,"RX,459814,R35,TXC,N31,94,386381,E,1,0.87,0.84,5,U,-76,9.50"
RX,460063,R35,TXA,N01,384,386627,A,1,0.75,0.72,5.0,F,-80.0,9.5,True,,2026-07-09T14:26:11.626+00:00,/dev/cu.usbserial-58870137921,"RX,460063,R35,TXA,N01,384,386627,A,1,0.75,0.72,5,F,-80,9.50"
RX,460330,R35,TXB,N16,191,386893,G,1,0.93,0.9,5.0,U,-84.0,9.75,True,,2026-07-09T14:26:11.893+00:00,/dev/cu.usbserial-58870137921,"RX,460330,R35,TXB,N16,191,386893,G,1,0.93,0.90,5,U,-84,9.75"
RX,460814,R35,TXE,N61,189,387382,C,0,0.81,0.78,5.0,U,-74.0,10.0,True,,2026-07-09T14:26:12.377+00:00,/dev/cu.usbserial-58870137921,"RX,460814,R35,TXE,N61,189,387382,C,0,0.81,0.78,5,U,-74,10.00"
RX,460920,R35,TXI,N121,94,387481,E,1,0.87,0.84,5.0,U,-71.0,9.5,True,,2026-07-09T14:26:12.483+00:00,/dev/cu.usbserial-58870137921,"RX,460920,R35,TXI,N121,94,387481,E,1,0.87,0.84,5,U,-71,9.50"
RX,461063,R35,TXA,N01,385,387627,B,0,0.2,0.18,5.0,F,-79.0,9.75,True,,2026-07-09T14:26:12.626+00:00,/dev/cu.usbserial-58870137921,"RX,461063,R35,TXA,N01,385,387627,B,0,0.20,0.18,5,F,-79,9.75"
RX,461207,R35,TXK,N151,193,387763,C,1,0.81,0.78,5.0,U,-66.0,9.5,True,,2026-07-09T14:26:12.770+00:00,/dev/cu.usbserial-58870137921,"RX,461207,R35,TXK,N151,193,387763,C,1,0.81,0.78,5,U,-66,9.50"
RX,461814,R35,TXC,N31,95,388381,G,1,0.93,0.9,5.0,U,-76.0,9.25,True,,2026-07-09T14:26:13.377+00:00,/dev/cu.usbserial-58870137921,"RX,461814,R35,TXC,N31,95,388381,G,1,0.93,0.90,5,U,-76,9.25"
RX,462063,R35,TXA,N01,386,388627,C,1,0.81,0.78,5.0,F,-80.0,9.5,True,,2026-07-09T14:26:13.627+00:00,/dev/cu.usbserial-58870137921,"RX,462063,R35,TXA,N01,386,388627,C,1,0.81,0.78,5,F,-80,9.50"
RX,462330,R35,TXB,N16,192,388893,A,1,0.75,0.72,5.0,U,-84.0,10.0,True,,2026-07-09T14:26:13.893+00:00,/dev/cu.usbserial-58870137921,"RX,462330,R35,TXB,N16,192,388893,A,1,0.75,0.72,5,U,-84,10.00"
RX,462814,R35,TXE,N61,190,389382,E,1,0.87,0.84,5.0,U,-74.0,9.75,True,,2026-07-09T14:26:14.377+00:00,/dev/cu.usbserial-58870137921,"RX,462814,R35,TXE,N61,190,389382,E,1,0.87,0.84,5,U,-74,9.75"
RX,462920,R35,TXI,N121,95,389481,G,1,0.93,0.9,5.0,U,-71.0,9.75,True,,2026-07-09T14:26:14.483+00:00,/dev/cu.usbserial-58870137921,"RX,462920,R35,TXI,N121,95,389481,G,1,0.93,0.90,5,U,-71,9.75"
RX,463063,R35,TXA,N01,387,389627,D,1,0.24,0.22,5.0,F,-80.0,9.75,True,,2026-07-09T14:26:14.626+00:00,/dev/cu.usbserial-58870137921,"RX,463063,R35,TXA,N01,387,389627,D,1,0.24,0.22,5,F,-80,9.75"
RX,463207,R35,TXK,N151,194,389763,E,0,0.87,0.84,5.0,U,-65.0,10.25,True,,2026-07-09T14:26:14.771+00:00,/dev/cu.usbserial-58870137921,"RX,463207,R35,TXK,N151,194,389763,E,0,0.87,0.84,5,U,-65,10.25"
RX,464063,R35,TXA,N01,388,390627,E,0,0.87,0.84,5.0,F,-80.0,10.0,True,,2026-07-09T14:26:15.626+00:00,/dev/cu.usbserial-58870137921,"RX,464063,R35,TXA,N01,388,390627,E,0,0.87,0.84,5,F,-80,10.00"
RX,464330,R35,TXB,N16,193,390893,C,1,0.81,0.78,5.0,U,-84.0,10.0,True,,2026-07-09T14:26:15.893+00:00,/dev/cu.usbserial-58870137921,"RX,464330,R35,TXB,N16,193,390893,C,1,0.81,0.78,5,U,-84,10.00"
RX,464814,R35,TXE,N61,191,391382,G,1,0.93,0.9,5.0,U,-74.0,9.5,True,,2026-07-09T14:26:16.376+00:00,/dev/cu.usbserial-58870137921,"RX,464814,R35,TXE,N61,191,391382,G,1,0.93,0.90,5,U,-74,9.50"
RX,465063,R35,TXA,N01,389,391627,F,1,0.28,0.26,5.0,F,-80.0,9.25,True,,2026-07-09T14:26:16.626+00:00,/dev/cu.usbserial-58870137921,"RX,465063,R35,TXA,N01,389,391627,F,1,0.28,0.26,5,F,-80,9.25"
RX,465561,R35,TXF,N76,96,392131,E,0,0.87,0.84,5.0,U,-72.0,9.25,True,,2026-07-09T14:26:17.124+00:00,/dev/cu.usbserial-58870137921,"RX,465561,R35,TXF,N76,96,392131,E,0,0.87,0.84,5,U,-72,9.25"
RX,465866,R35,TXD,N46,48,392431,G,1,0.93,0.9,5.0,U,-69.0,9.75,True,,2026-07-09T14:26:17.429+00:00,/dev/cu.usbserial-58870137921,"RX,465866,R35,TXD,N46,48,392431,G,1,0.93,0.90,5,U,-69,9.75"
RX,466063,R35,TXA,N01,390,392627,G,1,0.93,0.9,5.0,F,-80.0,9.5,True,,2026-07-09T14:26:17.626+00:00,/dev/cu.usbserial-58870137921,"RX,466063,R35,TXA,N01,390,392627,G,1,0.93,0.90,5,F,-80,9.50"
RX,466330,R35,TXB,N16,194,392893,E,0,0.87,0.84,5.0,U,-84.0,9.75,True,,2026-07-09T14:26:17.893+00:00,/dev/cu.usbserial-58870137921,"RX,466330,R35,TXB,N16,194,392893,E,0,0.87,0.84,5,U,-84,9.75"
RX,466511,R35,TXG,N91,47,393080,G,1,0.93,0.9,5.0,U,-87.0,9.5,True,,2026-07-09T14:26:18.073+00:00,/dev/cu.usbserial-58870137921,"RX,466511,R35,TXG,N91,47,393080,G,1,0.93,0.90,5,U,-87,9.50"
RX,466814,R35,TXE,N61,192,393382,A,1,0.75,0.72,5.0,U,-74.0,9.5,True,,2026-07-09T14:26:18.376+00:00,/dev/cu.usbserial-58870137921,"RX,466814,R35,TXE,N61,192,393382,A,1,0.75,0.72,5,U,-74,9.50"
RX,467063,R35,TXA,N01,391,393627,H,0,0.32,0.3,5.0,F,-80.0,9.5,True,,2026-07-09T14:26:18.626+00:00,/dev/cu.usbserial-58870137921,"RX,467063,R35,TXA,N01,391,393627,H,0,0.32,0.30,5,F,-80,9.50"
RX,467207,R35,TXK,N151,196,393763,A,1,0.75,0.72,5.0,U,-65.0,9.75,True,,2026-07-09T14:26:18.770+00:00,/dev/cu.usbserial-58870137921,"RX,467207,R35,TXK,N151,196,393763,A,1,0.75,0.72,5,U,-65,9.75"
RX,467561,R35,TXF,N76,97,394131,G,1,0.93,0.9,5.0,U,-72.0,10.0,True,,2026-07-09T14:26:19.124+00:00,/dev/cu.usbserial-58870137921,"RX,467561,R35,TXF,N76,97,394131,G,1,0.93,0.90,5,U,-72,10.00"
RX,467720,R35,TXJ,N136,47,394280,G,1,0.93,0.9,5.0,U,-71.0,9.75,True,,2026-07-09T14:26:19.282+00:00,/dev/cu.usbserial-58870137921,"RX,467720,R35,TXJ,N136,47,394280,G,1,0.93,0.90,5,U,-71,9.75"
RX,467814,R35,TXC,N31,96,394381,E,0,0.87,0.84,5.0,U,-76.0,9.5,True,,2026-07-09T14:26:19.377+00:00,/dev/cu.usbserial-58870137921,"RX,467814,R35,TXC,N31,96,394381,E,0,0.87,0.84,5,U,-76,9.50"
RX,468063,R35,TXA,N01,392,394627,A,1,0.75,0.72,5.0,F,-80.0,9.25,True,,2026-07-09T14:26:19.626+00:00,/dev/cu.usbserial-58870137921,"RX,468063,R35,TXA,N01,392,394627,A,1,0.75,0.72,5,F,-80,9.25"
RX,468330,R35,TXB,N16,195,394893,G,1,0.93,0.9,5.0,U,-84.0,9.5,True,,2026-07-09T14:26:19.893+00:00,/dev/cu.usbserial-58870137921,"RX,468330,R35,TXB,N16,195,394893,G,1,0.93,0.90,5,U,-84,9.50"
RX,468814,R35,TXE,N61,193,395382,C,1,0.81,0.78,5.0,U,-74.0,9.5,True,,2026-07-09T14:26:20.377+00:00,/dev/cu.usbserial-58870137921,"RX,468814,R35,TXE,N61,193,395382,C,1,0.81,0.78,5,U,-74,9.50"
RX,468920,R35,TXI,N121,96,395481,E,0,0.87,0.84,5.0,U,-71.0,10.0,True,,2026-07-09T14:26:20.483+00:00,/dev/cu.usbserial-58870137921,"RX,468920,R35,TXI,N121,96,395481,E,0,0.87,0.84,5,U,-71,10.00"
RX,469063,R35,TXA,N01,393,395627,B,1,0.2,0.18,5.0,F,-80.0,9.75,True,,2026-07-09T14:26:20.626+00:00,/dev/cu.usbserial-58870137921,"RX,469063,R35,TXA,N01,393,395627,B,1,0.20,0.18,5,F,-80,9.75"
RX,469207,R35,TXK,N151,197,395763,C,0,0.81,0.78,5.0,U,-65.0,9.75,True,,2026-07-09T14:26:20.770+00:00,/dev/cu.usbserial-58870137921,"RX,469207,R35,TXK,N151,197,395763,C,0,0.81,0.78,5,U,-65,9.75"
RX,469814,R35,TXC,N31,97,396381,G,1,0.93,0.9,5.0,U,-75.0,9.25,True,,2026-07-09T14:26:21.377+00:00,/dev/cu.usbserial-58870137921,"RX,469814,R35,TXC,N31,97,396381,G,1,0.93,0.90,5,U,-75,9.25"
RX,470063,R35,TXA,N01,394,396627,C,0,0.81,0.78,5.0,F,-80.0,9.0,True,,2026-07-09T14:26:21.626+00:00,/dev/cu.usbserial-58870137921,"RX,470063,R35,TXA,N01,394,396627,C,0,0.81,0.78,5,F,-80,9.00"
RX,470330,R35,TXB,N16,196,396893,A,1,0.75,0.72,5.0,U,-84.0,10.0,True,,2026-07-09T14:26:21.893+00:00,/dev/cu.usbserial-58870137921,"RX,470330,R35,TXB,N16,196,396893,A,1,0.75,0.72,5,U,-84,10.00"
RX,470814,R35,TXE,N61,194,397382,E,0,0.87,0.84,5.0,U,-74.0,8.75,True,,2026-07-09T14:26:22.377+00:00,/dev/cu.usbserial-58870137921,"RX,470814,R35,TXE,N61,194,397382,E,0,0.87,0.84,5,U,-74,8.75"
RX,470920,R35,TXI,N121,97,397481,G,1,0.93,0.9,5.0,U,-71.0,9.75,True,,2026-07-09T14:26:22.483+00:00,/dev/cu.usbserial-58870137921,"RX,470920,R35,TXI,N121,97,397481,G,1,0.93,0.90,5,U,-71,9.75"
RX,471063,R35,TXA,N01,395,397627,D,1,0.24,0.22,5.0,F,-81.0,9.5,True,,2026-07-09T14:26:22.626+00:00,/dev/cu.usbserial-58870137921,"RX,471063,R35,TXA,N01,395,397627,D,1,0.24,0.22,5,F,-81,9.50"
RX,471207,R35,TXK,N151,198,397763,E,1,0.87,0.84,5.0,U,-64.0,10.0,True,,2026-07-09T14:26:22.770+00:00,/dev/cu.usbserial-58870137921,"RX,471207,R35,TXK,N151,198,397763,E,1,0.87,0.84,5,U,-64,10.00"
RX,472063,R35,TXA,N01,396,398627,E,1,0.87,0.84,5.0,F,-80.0,9.75,True,,2026-07-09T14:26:23.627+00:00,/dev/cu.usbserial-58870137921,"RX,472063,R35,TXA,N01,396,398627,E,1,0.87,0.84,5,F,-80,9.75"
RX,472330,R35,TXB,N16,197,398893,C,0,0.81,0.78,5.0,U,-85.0,10.0,True,,2026-07-09T14:26:23.893+00:00,/dev/cu.usbserial-58870137921,"RX,472330,R35,TXB,N16,197,398893,C,0,0.81,0.78,5,U,-85,10.00"
RX,472814,R35,TXE,N61,195,399382,G,1,0.93,0.9,5.0,U,-74.0,9.25,True,,2026-07-09T14:26:24.377+00:00,/dev/cu.usbserial-58870137921,"RX,472814,R35,TXE,N61,195,399382,G,1,0.93,0.90,5,U,-74,9.25"
RX,473063,R35,TXA,N01,397,399627,F,0,0.28,0.26,5.0,F,-81.0,9.5,True,,2026-07-09T14:26:24.626+00:00,/dev/cu.usbserial-58870137921,"RX,473063,R35,TXA,N01,397,399627,F,0,0.28,0.26,5,F,-81,9.50"
RX,473561,R35,TXF,N76,98,400131,E,1,0.87,0.84,5.0,U,-71.0,9.75,True,,2026-07-09T14:26:25.124+00:00,/dev/cu.usbserial-58870137921,"RX,473561,R35,TXF,N76,98,400131,E,1,0.87,0.84,5,U,-71,9.75"
RX,473866,R35,TXD,N46,49,400431,G,1,0.93,0.9,5.0,U,-70.0,9.25,True,,2026-07-09T14:26:25.429+00:00,/dev/cu.usbserial-58870137921,"RX,473866,R35,TXD,N46,49,400431,G,1,0.93,0.90,5,U,-70,9.25"
RX,474063,R35,TXA,N01,398,400627,G,1,0.93,0.9,5.0,F,-80.0,9.25,True,,2026-07-09T14:26:25.626+00:00,/dev/cu.usbserial-58870137921,"RX,474063,R35,TXA,N01,398,400627,G,1,0.93,0.90,5,F,-80,9.25"
RX,474330,R35,TXB,N16,198,400893,E,1,0.87,0.84,5.0,U,-84.0,9.75,True,,2026-07-09T14:26:25.893+00:00,/dev/cu.usbserial-58870137921,"RX,474330,R35,TXB,N16,198,400893,E,1,0.87,0.84,5,U,-84,9.75"
RX,474511,R35,TXG,N91,48,401080,G,1,0.93,0.9,5.0,U,-85.0,9.5,True,,2026-07-09T14:26:26.074+00:00,/dev/cu.usbserial-58870137921,"RX,474511,R35,TXG,N91,48,401080,G,1,0.93,0.90,5,U,-85,9.50"
RX,474814,R35,TXE,N61,196,401382,A,1,0.75,0.72,5.0,U,-75.0,9.75,True,,2026-07-09T14:26:26.376+00:00,/dev/cu.usbserial-58870137921,"RX,474814,R35,TXE,N61,196,401382,A,1,0.75,0.72,5,U,-75,9.75"
RX,475063,R35,TXA,N01,399,401627,H,1,0.32,0.3,5.0,F,-81.0,9.75,True,,2026-07-09T14:26:26.626+00:00,/dev/cu.usbserial-58870137921,"RX,475063,R35,TXA,N01,399,401627,H,1,0.32,0.30,5,F,-81,9.75"
RX,475207,R35,TXK,N151,200,401763,A,0,0.75,0.72,5.0,U,-64.0,10.0,True,,2026-07-09T14:26:26.770+00:00,/dev/cu.usbserial-58870137921,"RX,475207,R35,TXK,N151,200,401763,A,0,0.75,0.72,5,U,-64,10.00"
RX,475561,R35,TXF,N76,99,402131,G,1,0.93,0.9,5.0,U,-72.0,9.5,True,,2026-07-09T14:26:27.124+00:00,/dev/cu.usbserial-58870137921,"RX,475561,R35,TXF,N76,99,402131,G,1,0.93,0.90,5,U,-72,9.50"
RX,475720,R35,TXJ,N136,48,402280,G,1,0.93,0.9,5.0,U,-71.0,10.0,True,,2026-07-09T14:26:27.283+00:00,/dev/cu.usbserial-58870137921,"RX,475720,R35,TXJ,N136,48,402280,G,1,0.93,0.90,5,U,-71,10.00"
RX,475814,R35,TXC,N31,98,402381,E,1,0.87,0.84,5.0,U,-76.0,9.5,True,,2026-07-09T14:26:27.377+00:00,/dev/cu.usbserial-58870137921,"RX,475814,R35,TXC,N31,98,402381,E,1,0.87,0.84,5,U,-76,9.50"
RX,476063,R35,TXA,N01,400,402627,A,0,0.75,0.72,5.0,F,-80.0,9.25,True,,2026-07-09T14:26:27.626+00:00,/dev/cu.usbserial-58870137921,"RX,476063,R35,TXA,N01,400,402627,A,0,0.75,0.72,5,F,-80,9.25"
RX,476330,R35,TXB,N16,199,402893,G,1,0.93,0.9,5.0,U,-84.0,9.75,True,,2026-07-09T14:26:27.893+00:00,/dev/cu.usbserial-58870137921,"RX,476330,R35,TXB,N16,199,402893,G,1,0.93,0.90,5,U,-84,9.75"
RX,476814,R35,TXE,N61,197,403382,C,0,0.81,0.78,5.0,U,-75.0,9.5,True,,2026-07-09T14:26:28.377+00:00,/dev/cu.usbserial-58870137921,"RX,476814,R35,TXE,N61,197,403382,C,0,0.81,0.78,5,U,-75,9.50"
RX,476920,R35,TXI,N121,98,403481,E,1,0.87,0.84,5.0,U,-71.0,9.75,True,,2026-07-09T14:26:28.483+00:00,/dev/cu.usbserial-58870137921,"RX,476920,R35,TXI,N121,98,403481,E,1,0.87,0.84,5,U,-71,9.75"
RX,477063,R35,TXA,N01,401,403627,B,1,0.2,0.18,5.0,F,-80.0,9.25,True,,2026-07-09T14:26:28.626+00:00,/dev/cu.usbserial-58870137921,"RX,477063,R35,TXA,N01,401,403627,B,1,0.20,0.18,5,F,-80,9.25"
RX,477207,R35,TXK,N151,201,403763,C,1,0.81,0.78,5.0,U,-64.0,9.75,True,,2026-07-09T14:26:28.770+00:00,/dev/cu.usbserial-58870137921,"RX,477207,R35,TXK,N151,201,403763,C,1,0.81,0.78,5,U,-64,9.75"
RX,477814,R35,TXC,N31,99,404381,G,1,0.93,0.9,5.0,U,-76.0,9.75,True,,2026-07-09T14:26:29.377+00:00,/dev/cu.usbserial-58870137921,"RX,477814,R35,TXC,N31,99,404381,G,1,0.93,0.90,5,U,-76,9.75"
RX,478063,R35,TXA,N01,402,404627,C,1,0.81,0.78,5.0,F,-81.0,9.25,True,,2026-07-09T14:26:29.626+00:00,/dev/cu.usbserial-58870137921,"RX,478063,R35,TXA,N01,402,404627,C,1,0.81,0.78,5,F,-81,9.25"
RX,478330,R35,TXB,N16,200,404893,A,0,0.75,0.72,5.0,U,-84.0,9.75,True,,2026-07-09T14:26:29.893+00:00,/dev/cu.usbserial-58870137921,"RX,478330,R35,TXB,N16,200,404893,A,0,0.75,0.72,5,U,-84,9.75"
RX,478814,R35,TXE,N61,198,405382,E,1,0.87,0.84,5.0,U,-75.0,9.5,True,,2026-07-09T14:26:30.377+00:00,/dev/cu.usbserial-58870137921,"RX,478814,R35,TXE,N61,198,405382,E,1,0.87,0.84,5,U,-75,9.50"
RX,478920,R35,TXI,N121,99,405481,G,1,0.93,0.9,5.0,U,-71.0,9.75,True,,2026-07-09T14:26:30.483+00:00,/dev/cu.usbserial-58870137921,"RX,478920,R35,TXI,N121,99,405481,G,1,0.93,0.90,5,U,-71,9.75"
RX,479063,R35,TXA,N01,403,405627,D,0,0.24,0.22,5.0,F,-80.0,9.75,True,,2026-07-09T14:26:30.626+00:00,/dev/cu.usbserial-58870137921,"RX,479063,R35,TXA,N01,403,405627,D,0,0.24,0.22,5,F,-80,9.75"
RX,479207,R35,TXK,N151,202,405763,E,1,0.87,0.84,5.0,U,-65.0,9.75,True,,2026-07-09T14:26:30.770+00:00,/dev/cu.usbserial-58870137921,"RX,479207,R35,TXK,N151,202,405763,E,1,0.87,0.84,5,U,-65,9.75"
RX,480063,R35,TXA,N01,404,406627,E,1,0.87,0.84,5.0,F,-81.0,9.75,True,,2026-07-09T14:26:31.626+00:00,/dev/cu.usbserial-58870137921,"RX,480063,R35,TXA,N01,404,406627,E,1,0.87,0.84,5,F,-81,9.75"
RX,480330,R35,TXB,N16,201,406893,C,1,0.81,0.78,5.0,U,-84.0,9.75,True,,2026-07-09T14:26:31.893+00:00,/dev/cu.usbserial-58870137921,"RX,480330,R35,TXB,N16,201,406893,C,1,0.81,0.78,5,U,-84,9.75"
RX,480813,R35,TXE,N61,199,407382,G,1,0.93,0.9,5.0,U,-75.0,9.25,True,,2026-07-09T14:26:32.376+00:00,/dev/cu.usbserial-58870137921,"RX,480813,R35,TXE,N61,199,407382,G,1,0.93,0.90,5,U,-75,9.25"
RX,481063,R35,TXA,N01,405,407627,F,1,0.28,0.26,5.0,F,-81.0,9.75,True,,2026-07-09T14:26:32.626+00:00,/dev/cu.usbserial-58870137921,"RX,481063,R35,TXA,N01,405,407627,F,1,0.28,0.26,5,F,-81,9.75"
RX,481561,R35,TXF,N76,100,408131,E,1,0.87,0.84,5.0,U,-71.0,9.75,True,,2026-07-09T14:26:33.124+00:00,/dev/cu.usbserial-58870137921,"RX,481561,R35,TXF,N76,100,408131,E,1,0.87,0.84,5,U,-71,9.75"
RX,481866,R35,TXD,N46,50,408431,G,0,0.93,0.9,5.0,U,-69.0,9.5,True,,2026-07-09T14:26:33.429+00:00,/dev/cu.usbserial-58870137921,"RX,481866,R35,TXD,N46,50,408431,G,0,0.93,0.90,5,U,-69,9.50"
RX,482063,R35,TXA,N01,406,408627,G,0,0.93,0.9,5.0,F,-81.0,9.75,True,,2026-07-09T14:26:33.626+00:00,/dev/cu.usbserial-58870137921,"RX,482063,R35,TXA,N01,406,408627,G,0,0.93,0.90,5,F,-81,9.75"
RX,482330,R35,TXB,N16,202,408893,E,1,0.87,0.84,5.0,U,-84.0,9.75,True,,2026-07-09T14:26:33.893+00:00,/dev/cu.usbserial-58870137921,"RX,482330,R35,TXB,N16,202,408893,E,1,0.87,0.84,5,U,-84,9.75"
RX,482511,R35,TXG,N91,49,409080,G,1,0.93,0.9,5.0,U,-85.0,10.0,True,,2026-07-09T14:26:34.074+00:00,/dev/cu.usbserial-58870137921,"RX,482511,R35,TXG,N91,49,409080,G,1,0.93,0.90,5,U,-85,10.00"
RX,482814,R35,TXE,N61,200,409382,A,0,0.75,0.72,5.0,U,-74.0,9.25,True,,2026-07-09T14:26:34.376+00:00,/dev/cu.usbserial-58870137921,"RX,482814,R35,TXE,N61,200,409382,A,0,0.75,0.72,5,U,-74,9.25"
RX,483063,R35,TXA,N01,407,409627,H,1,0.32,0.3,5.0,F,-80.0,9.5,True,,2026-07-09T14:26:34.626+00:00,/dev/cu.usbserial-58870137921,"RX,483063,R35,TXA,N01,407,409627,H,1,0.32,0.30,5,F,-80,9.50"
RX,483207,R35,TXK,N151,204,409763,A,1,0.75,0.72,5.0,U,-64.0,9.75,True,,2026-07-09T14:26:34.770+00:00,/dev/cu.usbserial-58870137921,"RX,483207,R35,TXK,N151,204,409763,A,1,0.75,0.72,5,U,-64,9.75"
RX,483561,R35,TXF,N76,101,410131,G,0,0.93,0.9,5.0,U,-71.0,9.75,True,,2026-07-09T14:26:35.124+00:00,/dev/cu.usbserial-58870137921,"RX,483561,R35,TXF,N76,101,410131,G,0,0.93,0.90,5,U,-71,9.75"
RX,483720,R35,TXJ,N136,49,410280,G,1,0.93,0.9,5.0,U,-71.0,9.25,True,,2026-07-09T14:26:35.282+00:00,/dev/cu.usbserial-58870137921,"RX,483720,R35,TXJ,N136,49,410280,G,1,0.93,0.90,5,U,-71,9.25"
RX,483814,R35,TXC,N31,100,410381,E,1,0.87,0.84,5.0,U,-75.0,9.75,True,,2026-07-09T14:26:35.377+00:00,/dev/cu.usbserial-58870137921,"RX,483814,R35,TXC,N31,100,410381,E,1,0.87,0.84,5,U,-75,9.75"
RX,484063,R35,TXA,N01,408,410627,A,1,0.75,0.72,5.0,F,-81.0,9.5,True,,2026-07-09T14:26:35.626+00:00,/dev/cu.usbserial-58870137921,"RX,484063,R35,TXA,N01,408,410627,A,1,0.75,0.72,5,F,-81,9.50"
RX,484330,R35,TXB,N16,203,410893,G,0,0.93,0.9,5.0,U,-84.0,9.5,True,,2026-07-09T14:26:35.893+00:00,/dev/cu.usbserial-58870137921,"RX,484330,R35,TXB,N16,203,410893,G,0,0.93,0.90,5,U,-84,9.50"
RX,484814,R35,TXE,N61,201,411382,C,1,0.81,0.78,5.0,U,-75.0,9.25,True,,2026-07-09T14:26:36.377+00:00,/dev/cu.usbserial-58870137921,"RX,484814,R35,TXE,N61,201,411382,C,1,0.81,0.78,5,U,-75,9.25"
RX,484925,R35,TXI,N121,100,411481,E,1,0.87,0.84,5.0,U,-71.0,10.5,True,,2026-07-09T14:26:36.488+00:00,/dev/cu.usbserial-58870137921,"RX,484925,R35,TXI,N121,100,411481,E,1,0.87,0.84,5,U,-71,10.50"
RX,485063,R35,TXA,N01,409,411627,B,0,0.2,0.18,5.0,F,-81.0,9.5,True,,2026-07-09T14:26:36.626+00:00,/dev/cu.usbserial-58870137921,"RX,485063,R35,TXA,N01,409,411627,B,0,0.20,0.18,5,F,-81,9.50"
RX,485207,R35,TXK,N151,205,411763,C,1,0.81,0.78,5.0,U,-65.0,10.0,True,,2026-07-09T14:26:36.770+00:00,/dev/cu.usbserial-58870137921,"RX,485207,R35,TXK,N151,205,411763,C,1,0.81,0.78,5,U,-65,10.00"
RX,485814,R35,TXC,N31,101,412381,G,0,0.93,0.9,5.0,U,-75.0,10.0,True,,2026-07-09T14:26:37.377+00:00,/dev/cu.usbserial-58870137921,"RX,485814,R35,TXC,N31,101,412381,G,0,0.93,0.90,5,U,-75,10.00"
RX,486063,R35,TXA,N01,410,412627,C,1,0.81,0.78,5.0,F,-80.0,9.5,True,,2026-07-09T14:26:37.626+00:00,/dev/cu.usbserial-58870137921,"RX,486063,R35,TXA,N01,410,412627,C,1,0.81,0.78,5,F,-80,9.50"
RX,486330,R35,TXB,N16,204,412893,A,1,0.75,0.72,5.0,U,-84.0,10.0,True,,2026-07-09T14:26:37.893+00:00,/dev/cu.usbserial-58870137921,"RX,486330,R35,TXB,N16,204,412893,A,1,0.75,0.72,5,U,-84,10.00"
RX,486813,R35,TXE,N61,202,413382,E,1,0.87,0.84,5.0,U,-74.0,9.5,True,,2026-07-09T14:26:38.376+00:00,/dev/cu.usbserial-58870137921,"RX,486813,R35,TXE,N61,202,413382,E,1,0.87,0.84,5,U,-74,9.50"
RX,486925,R35,TXI,N121,101,413481,G,0,0.93,0.9,5.0,U,-71.0,9.75,True,,2026-07-09T14:26:38.488+00:00,/dev/cu.usbserial-58870137921,"RX,486925,R35,TXI,N121,101,413481,G,0,0.93,0.90,5,U,-71,9.75"
RX,487063,R35,TXA,N01,411,413627,D,1,0.24,0.22,5.0,F,-80.0,9.75,True,,2026-07-09T14:26:38.626+00:00,/dev/cu.usbserial-58870137921,"RX,487063,R35,TXA,N01,411,413627,D,1,0.24,0.22,5,F,-80,9.75"
RX,487207,R35,TXK,N151,206,413763,E,0,0.87,0.84,5.0,U,-65.0,9.75,True,,2026-07-09T14:26:38.770+00:00,/dev/cu.usbserial-58870137921,"RX,487207,R35,TXK,N151,206,413763,E,0,0.87,0.84,5,U,-65,9.75"
RX,488063,R35,TXA,N01,412,414627,E,0,0.87,0.84,5.0,F,-81.0,9.25,True,,2026-07-09T14:26:39.626+00:00,/dev/cu.usbserial-58870137921,"RX,488063,R35,TXA,N01,412,414627,E,0,0.87,0.84,5,F,-81,9.25"
RX,488330,R35,TXB,N16,205,414893,C,1,0.81,0.78,5.0,U,-84.0,9.75,True,,2026-07-09T14:26:39.893+00:00,/dev/cu.usbserial-58870137921,"RX,488330,R35,TXB,N16,205,414893,C,1,0.81,0.78,5,U,-84,9.75"
RX,488813,R35,TXE,N61,203,415382,G,0,0.93,0.9,5.0,U,-75.0,9.5,True,,2026-07-09T14:26:40.376+00:00,/dev/cu.usbserial-58870137921,"RX,488813,R35,TXE,N61,203,415382,G,0,0.93,0.90,5,U,-75,9.50"
RX,489063,R35,TXA,N01,413,415627,F,1,0.28,0.26,5.0,F,-80.0,9.75,True,,2026-07-09T14:26:40.626+00:00,/dev/cu.usbserial-58870137921,"RX,489063,R35,TXA,N01,413,415627,F,1,0.28,0.26,5,F,-80,9.75"
RX,489355,R35,TXL,N166,27,415917,G,1,0.93,0.9,5.0,U,-79.0,9.75,True,,2026-07-09T14:26:40.918+00:00,/dev/cu.usbserial-58870137921,"RX,489355,R35,TXL,N166,27,415917,G,1,0.93,0.90,5,U,-79,9.75"
RX,489561,R35,TXF,N76,102,416131,E,0,0.87,0.84,5.0,U,-71.0,9.75,True,,2026-07-09T14:26:41.124+00:00,/dev/cu.usbserial-58870137921,"RX,489561,R35,TXF,N76,102,416131,E,0,0.87,0.84,5,U,-71,9.75"
RX,489866,R35,TXD,N46,51,416431,G,1,0.93,0.9,5.0,U,-70.0,9.25,True,,2026-07-09T14:26:41.428+00:00,/dev/cu.usbserial-58870137921,"RX,489866,R35,TXD,N46,51,416431,G,1,0.93,0.90,5,U,-70,9.25"
RX,490063,R35,TXA,N01,414,416627,G,1,0.93,0.9,5.0,F,-80.0,9.5,True,,2026-07-09T14:26:41.626+00:00,/dev/cu.usbserial-58870137921,"RX,490063,R35,TXA,N01,414,416627,G,1,0.93,0.90,5,F,-80,9.50"
RX,490330,R35,TXB,N16,206,416893,E,0,0.87,0.84,5.0,U,-84.0,10.25,True,,2026-07-09T14:26:41.893+00:00,/dev/cu.usbserial-58870137921,"RX,490330,R35,TXB,N16,206,416893,E,0,0.87,0.84,5,U,-84,10.25"
RX,490511,R35,TXG,N91,50,417080,G,0,0.93,0.9,5.0,U,-85.0,10.25,True,,2026-07-09T14:26:42.073+00:00,/dev/cu.usbserial-58870137921,"RX,490511,R35,TXG,N91,50,417080,G,0,0.93,0.90,5,U,-85,10.25"
RX,490814,R35,TXE,N61,204,417382,A,1,0.75,0.72,5.0,U,-75.0,9.25,True,,2026-07-09T14:26:42.376+00:00,/dev/cu.usbserial-58870137921,"RX,490814,R35,TXE,N61,204,417382,A,1,0.75,0.72,5,U,-75,9.25"
RX,491063,R35,TXA,N01,415,417627,H,0,0.32,0.3,5.0,F,-81.0,9.5,True,,2026-07-09T14:26:42.626+00:00,/dev/cu.usbserial-58870137921,"RX,491063,R35,TXA,N01,415,417627,H,0,0.32,0.30,5,F,-81,9.50"
RX,491207,R35,TXK,N151,208,417763,A,1,0.75,0.72,5.0,U,-65.0,9.75,True,,2026-07-09T14:26:42.770+00:00,/dev/cu.usbserial-58870137921,"RX,491207,R35,TXK,N151,208,417763,A,1,0.75,0.72,5,U,-65,9.75"
RX,491561,R35,TXF,N76,103,418131,G,1,0.93,0.9,5.0,U,-71.0,10.0,True,,2026-07-09T14:26:43.124+00:00,/dev/cu.usbserial-58870137921,"RX,491561,R35,TXF,N76,103,418131,G,1,0.93,0.90,5,U,-71,10.00"
RX,491720,R35,TXJ,N136,50,418280,G,0,0.93,0.9,5.0,U,-71.0,9.25,True,,2026-07-09T14:26:43.282+00:00,/dev/cu.usbserial-58870137921,"RX,491720,R35,TXJ,N136,50,418280,G,0,0.93,0.90,5,U,-71,9.25"
RX,491814,R35,TXC,N31,102,418381,E,0,0.87,0.84,5.0,U,-76.0,10.0,True,,2026-07-09T14:26:43.377+00:00,/dev/cu.usbserial-58870137921,"RX,491814,R35,TXC,N31,102,418381,E,0,0.87,0.84,5,U,-76,10.00"
RX,492063,R35,TXA,N01,416,418627,A,1,0.75,0.72,5.0,F,-82.0,9.5,True,,2026-07-09T14:26:43.626+00:00,/dev/cu.usbserial-58870137921,"RX,492063,R35,TXA,N01,416,418627,A,1,0.75,0.72,5,F,-82,9.50"
RX,492330,R35,TXB,N16,207,418893,G,1,0.93,0.9,5.0,U,-84.0,10.0,True,,2026-07-09T14:26:43.893+00:00,/dev/cu.usbserial-58870137921,"RX,492330,R35,TXB,N16,207,418893,G,1,0.93,0.90,5,U,-84,10.00"
RX,492814,R35,TXE,N61,205,419382,C,1,0.81,0.78,5.0,U,-73.0,9.5,True,,2026-07-09T14:26:44.376+00:00,/dev/cu.usbserial-58870137921,"RX,492814,R35,TXE,N61,205,419382,C,1,0.81,0.78,5,U,-73,9.50"
RX,492925,R35,TXI,N121,102,419481,E,0,0.87,0.84,5.0,U,-71.0,10.0,True,,2026-07-09T14:26:44.488+00:00,/dev/cu.usbserial-58870137921,"RX,492925,R35,TXI,N121,102,419481,E,0,0.87,0.84,5,U,-71,10.00"
RX,493063,R35,TXA,N01,417,419627,B,1,0.2,0.18,5.0,F,-80.0,9.5,True,,2026-07-09T14:26:44.626+00:00,/dev/cu.usbserial-58870137921,"RX,493063,R35,TXA,N01,417,419627,B,1,0.20,0.18,5,F,-80,9.50"
RX,493207,R35,TXK,N151,209,419763,C,0,0.81,0.78,5.0,U,-65.0,9.75,True,,2026-07-09T14:26:44.770+00:00,/dev/cu.usbserial-58870137921,"RX,493207,R35,TXK,N151,209,419763,C,0,0.81,0.78,5,U,-65,9.75"
RX,493814,R35,TXC,N31,103,420381,G,1,0.93,0.9,5.0,U,-75.0,9.75,True,,2026-07-09T14:26:45.377+00:00,/dev/cu.usbserial-58870137921,"RX,493814,R35,TXC,N31,103,420381,G,1,0.93,0.90,5,U,-75,9.75"
RX,494063,R35,TXA,N01,418,420627,C,0,0.81,0.78,5.0,F,-78.0,9.75,True,,2026-07-09T14:26:45.626+00:00,/dev/cu.usbserial-58870137921,"RX,494063,R35,TXA,N01,418,420627,C,0,0.81,0.78,5,F,-78,9.75"
RX,494330,R35,TXB,N16,208,420893,A,1,0.75,0.72,5.0,U,-82.0,9.75,True,,2026-07-09T14:26:45.893+00:00,/dev/cu.usbserial-58870137921,"RX,494330,R35,TXB,N16,208,420893,A,1,0.75,0.72,5,U,-82,9.75"
RX,494813,R35,TXE,N61,206,421382,E,0,0.87,0.84,5.0,U,-74.0,9.25,True,,2026-07-09T14:26:46.376+00:00,/dev/cu.usbserial-58870137921,"RX,494813,R35,TXE,N61,206,421382,E,0,0.87,0.84,5,U,-74,9.25"
RX,494925,R35,TXI,N121,103,421481,G,1,0.93,0.9,5.0,U,-71.0,9.75,True,,2026-07-09T14:26:46.488+00:00,/dev/cu.usbserial-58870137921,"RX,494925,R35,TXI,N121,103,421481,G,1,0.93,0.90,5,U,-71,9.75"
RX,495063,R35,TXA,N01,419,421627,D,1,0.24,0.22,5.0,F,-81.0,10.0,True,,2026-07-09T14:26:46.626+00:00,/dev/cu.usbserial-58870137921,"RX,495063,R35,TXA,N01,419,421627,D,1,0.24,0.22,5,F,-81,10.00"
RX,495207,R35,TXK,N151,210,421763,E,1,0.87,0.84,5.0,U,-64.0,10.0,True,,2026-07-09T14:26:46.770+00:00,/dev/cu.usbserial-58870137921,"RX,495207,R35,TXK,N151,210,421763,E,1,0.87,0.84,5,U,-64,10.00"
RX,496063,R35,TXA,N01,420,422627,E,1,0.87,0.84,5.0,F,-81.0,9.25,True,,2026-07-09T14:26:47.626+00:00,/dev/cu.usbserial-58870137921,"RX,496063,R35,TXA,N01,420,422627,E,1,0.87,0.84,5,F,-81,9.25"
RX,496330,R35,TXB,N16,209,422893,C,0,0.81,0.78,5.0,U,-82.0,9.5,True,,2026-07-09T14:26:47.893+00:00,/dev/cu.usbserial-58870137921,"RX,496330,R35,TXB,N16,209,422893,C,0,0.81,0.78,5,U,-82,9.50"
RX,496813,R35,TXE,N61,207,423382,G,1,0.93,0.9,5.0,U,-76.0,10.0,True,,2026-07-09T14:26:48.376+00:00,/dev/cu.usbserial-58870137921,"RX,496813,R35,TXE,N61,207,423382,G,1,0.93,0.90,5,U,-76,10.00"
RX,497063,R35,TXA,N01,421,423627,F,0,0.28,0.26,5.0,F,-80.0,10.0,True,,2026-07-09T14:26:48.626+00:00,/dev/cu.usbserial-58870137921,"RX,497063,R35,TXA,N01,421,423627,F,0,0.28,0.26,5,F,-80,10.00"
RX,497207,R35,TXK,N151,211,423763,G,1,0.93,0.9,5.0,U,-64.0,9.75,True,,2026-07-09T14:26:48.770+00:00,/dev/cu.usbserial-58870137921,"RX,497207,R35,TXK,N151,211,423763,G,1,0.93,0.90,5,U,-64,9.75"
RX,497561,R35,TXF,N76,104,424131,E,1,0.87,0.84,5.0,U,-73.0,9.5,True,,2026-07-09T14:26:49.123+00:00,/dev/cu.usbserial-58870137921,"RX,497561,R35,TXF,N76,104,424131,E,1,0.87,0.84,5,U,-73,9.50"
RX,497866,R35,TXD,N46,52,424431,G,1,0.93,0.9,5.0,U,-69.0,9.75,True,,2026-07-09T14:26:49.428+00:00,/dev/cu.usbserial-58870137921,"RX,497866,R35,TXD,N46,52,424431,G,1,0.93,0.90,5,U,-69,9.75"
RX,498063,R35,TXA,N01,422,424627,G,1,0.93,0.9,5.0,F,-78.0,9.75,True,,2026-07-09T14:26:49.626+00:00,/dev/cu.usbserial-58870137921,"RX,498063,R35,TXA,N01,422,424627,G,1,0.93,0.90,5,F,-78,9.75"
RX,498330,R35,TXB,N16,210,424893,E,1,0.87,0.84,5.0,U,-84.0,9.25,True,,2026-07-09T14:26:49.894+00:00,/dev/cu.usbserial-58870137921,"RX,498330,R35,TXB,N16,210,424893,E,1,0.87,0.84,5,U,-84,9.25"
RX,498511,R35,TXG,N91,51,425080,G,1,0.93,0.9,5.0,U,-83.0,9.75,True,,2026-07-09T14:26:50.073+00:00,/dev/cu.usbserial-58870137921,"RX,498511,R35,TXG,N91,51,425080,G,1,0.93,0.90,5,U,-83,9.75"
RX,498813,R35,TXE,N61,208,425382,A,1,0.75,0.72,5.0,U,-75.0,9.5,True,,2026-07-09T14:26:50.376+00:00,/dev/cu.usbserial-58870137921,"RX,498813,R35,TXE,N61,208,425382,A,1,0.75,0.72,5,U,-75,9.50"
RX,499063,R35,TXA,N01,423,425627,H,1,0.32,0.3,5.0,F,-80.0,9.5,True,,2026-07-09T14:26:50.626+00:00,/dev/cu.usbserial-58870137921,"RX,499063,R35,TXA,N01,423,425627,H,1,0.32,0.30,5,F,-80,9.50"
RX,499207,R35,TXK,N151,212,425763,A,0,0.75,0.72,5.0,U,-65.0,9.75,True,,2026-07-09T14:26:50.770+00:00,/dev/cu.usbserial-58870137921,"RX,499207,R35,TXK,N151,212,425763,A,0,0.75,0.72,5,U,-65,9.75"
RX,499561,R35,TXF,N76,105,426131,G,1,0.93,0.9,5.0,U,-73.0,9.5,True,,2026-07-09T14:26:51.123+00:00,/dev/cu.usbserial-58870137921,"RX,499561,R35,TXF,N76,105,426131,G,1,0.93,0.90,5,U,-73,9.50"
RX,499720,R35,TXJ,N136,51,426280,G,1,0.93,0.9,5.0,U,-71.0,9.75,True,,2026-07-09T14:26:51.282+00:00,/dev/cu.usbserial-58870137921,"RX,499720,R35,TXJ,N136,51,426280,G,1,0.93,0.90,5,U,-71,9.75"
RX,499814,R35,TXC,N31,104,426381,E,1,0.87,0.84,5.0,U,-72.0,9.25,True,,2026-07-09T14:26:51.377+00:00,/dev/cu.usbserial-58870137921,"RX,499814,R35,TXC,N31,104,426381,E,1,0.87,0.84,5,U,-72,9.25"
RX,500063,R35,TXA,N01,424,426627,A,0,0.75,0.72,5.0,F,-77.0,9.25,True,,2026-07-09T14:26:51.626+00:00,/dev/cu.usbserial-58870137921,"RX,500063,R35,TXA,N01,424,426627,A,0,0.75,0.72,5,F,-77,9.25"
RX,500330,R35,TXB,N16,211,426893,G,1,0.93,0.9,5.0,U,-85.0,10.0,True,,2026-07-09T14:26:51.893+00:00,/dev/cu.usbserial-58870137921,"RX,500330,R35,TXB,N16,211,426893,G,1,0.93,0.90,5,U,-85,10.00"
RX,500813,R35,TXE,N61,209,427382,C,0,0.81,0.78,5.0,U,-76.0,9.5,True,,2026-07-09T14:26:52.376+00:00,/dev/cu.usbserial-58870137921,"RX,500813,R35,TXE,N61,209,427382,C,0,0.81,0.78,5,U,-76,9.50"
RX,500925,R35,TXI,N121,104,427481,E,1,0.87,0.84,5.0,U,-70.0,10.0,True,,2026-07-09T14:26:52.488+00:00,/dev/cu.usbserial-58870137921,"RX,500925,R35,TXI,N121,104,427481,E,1,0.87,0.84,5,U,-70,10.00"
RX,501063,R35,TXA,N01,425,427627,B,1,0.2,0.18,5.0,F,-80.0,10.0,True,,2026-07-09T14:26:52.626+00:00,/dev/cu.usbserial-58870137921,"RX,501063,R35,TXA,N01,425,427627,B,1,0.20,0.18,5,F,-80,10.00"
RX,501207,R35,TXK,N151,213,427763,C,1,0.81,0.78,5.0,U,-64.0,9.5,True,,2026-07-09T14:26:52.770+00:00,/dev/cu.usbserial-58870137921,"RX,501207,R35,TXK,N151,213,427763,C,1,0.81,0.78,5,U,-64,9.50"
