rx_role,recv_ms,run_id,tx_id,node_id,seq,tx_ms,region,event,priority,usefulness,stale_after,policy,rssi,snr,parse_ok,parse_error,wall_time_utc,serial_port,raw_line
RX,3771193,R35,TXK,N151,0,1763,A,1,0.75,0.72,5.0,U,-68.0,9.5,True,,2026-07-11T14:51:55.722+00:00,/dev/cu.usbserial-58870137921,"RX,3771193,R35,TXK,N151,0,1763,A,1,0.75,0.72,5,U,-68,9.50"
RX,3772047,R35,TXA,N01,0,2627,A,1,0.75,0.72,5.0,F,-81.0,10.0,True,,2026-07-11T14:51:56.576+00:00,/dev/cu.usbserial-58870137921,"RX,3772047,R35,TXA,N01,0,2627,A,1,0.75,0.72,5,F,-81,10.00"
RX,3773046,R35,TXA,N01,1,3626,B,0,0.2,0.18,5.0,F,-80.0,10.0,True,,2026-07-11T14:51:57.575+00:00,/dev/cu.usbserial-58870137921,"RX,3773046,R35,TXA,N01,1,3626,B,0,0.20,0.18,5,F,-80,10.00"
RX,3773192,R35,TXK,N151,1,3763,C,1,0.81,0.78,5.0,U,-67.0,9.5,True,,2026-07-11T14:51:57.721+00:00,/dev/cu.usbserial-58870137921,"RX,3773192,R35,TXK,N151,1,3763,C,1,0.81,0.78,5,U,-67,9.50"
RX,3774046,R35,TXA,N01,2,4626,C,1,0.81,0.78,5.0,F,-76.0,10.0,True,,2026-07-11T14:51:58.575+00:00,/dev/cu.usbserial-58870137921,"RX,3774046,R35,TXA,N01,2,4626,C,1,0.81,0.78,5,F,-76,10.00"
RX,3774314,R35,TXB,N16,0,4893,A,1,0.75,0.72,5.0,U,-82.0,9.75,True,,2026-07-11T14:51:58.843+00:00,/dev/cu.usbserial-58870137921,"RX,3774314,R35,TXB,N16,0,4893,A,1,0.75,0.72,5,U,-82,9.75"
RX,3775046,R35,TXA,N01,3,5626,D,1,0.24,0.22,5.0,F,-80.0,9.25,True,,2026-07-11T14:51:59.575+00:00,/dev/cu.usbserial-58870137921,"RX,3775046,R35,TXA,N01,3,5626,D,1,0.24,0.22,5,F,-80,9.25"
RX,3775192,R35,TXK,N151,2,5763,E,0,0.87,0.84,5.0,U,-68.0,9.5,True,,2026-07-11T14:51:59.721+00:00,/dev/cu.usbserial-58870137921,"RX,3775192,R35,TXK,N151,2,5763,E,0,0.87,0.84,5,U,-68,9.50"
RX,3776046,R35,TXA,N01,4,6626,E,0,0.87,0.84,5.0,F,-80.0,9.75,True,,2026-07-11T14:52:00.575+00:00,/dev/cu.usbserial-58870137921,"RX,3776046,R35,TXA,N01,4,6626,E,0,0.87,0.84,5,F,-80,9.75"
RX,3776314,R35,TXB,N16,1,6893,C,1,0.81,0.78,5.0,U,-80.0,10.5,True,,2026-07-11T14:52:00.843+00:00,/dev/cu.usbserial-58870137921,"RX,3776314,R35,TXB,N16,1,6893,C,1,0.81,0.78,5,U,-80,10.50"
RX,3777046,R35,TXA,N01,5,7626,F,1,0.28,0.26,5.0,F,-76.0,10.0,True,,2026-07-11T14:52:01.575+00:00,/dev/cu.usbserial-58870137921,"RX,3777046,R35,TXA,N01,5,7626,F,1,0.28,0.26,5,F,-76,10.00"
RX,3777345,R35,TXL,N166,0,7916,G,1,0.93,0.9,5.0,U,-83.0,9.5,True,,2026-07-11T14:52:01.874+00:00,/dev/cu.usbserial-58870137921,"RX,3777345,R35,TXL,N166,0,7916,G,1,0.93,0.90,5,U,-83,9.50"
RX,3777546,R35,TXF,N76,0,8131,E,0,0.87,0.84,5.0,U,-75.0,9.75,True,,2026-07-11T14:52:02.075+00:00,/dev/cu.usbserial-58870137921,"RX,3777546,R35,TXF,N76,0,8131,E,0,0.87,0.84,5,U,-75,9.75"
RX,3777850,R35,TXD,N46,0,8430,G,1,0.93,0.9,5.0,U,-74.0,9.5,True,,2026-07-11T14:52:02.379+00:00,/dev/cu.usbserial-58870137921,"RX,3777850,R35,TXD,N46,0,8430,G,1,0.93,0.90,5,U,-74,9.50"
RX,3778046,R35,TXA,N01,6,8626,G,1,0.93,0.9,5.0,F,-80.0,9.5,True,,2026-07-11T14:52:02.575+00:00,/dev/cu.usbserial-58870137921,"RX,3778046,R35,TXA,N01,6,8626,G,1,0.93,0.90,5,F,-80,9.50"
RX,3778314,R35,TXB,N16,2,8893,E,0,0.87,0.84,5.0,U,-81.0,10.25,True,,2026-07-11T14:52:02.843+00:00,/dev/cu.usbserial-58870137921,"RX,3778314,R35,TXB,N16,2,8893,E,0,0.87,0.84,5,U,-81,10.25"
RX,3778798,R35,TXE,N61,0,9382,A,1,0.75,0.72,5.0,U,-75.0,10.25,True,,2026-07-11T14:52:03.327+00:00,/dev/cu.usbserial-58870137921,"RX,3778798,R35,TXE,N61,0,9382,A,1,0.75,0.72,5,U,-75,10.25"
RX,3779046,R35,TXA,N01,7,9626,H,0,0.32,0.3,5.0,F,-79.0,10.0,True,,2026-07-11T14:52:03.575+00:00,/dev/cu.usbserial-58870137921,"RX,3779046,R35,TXA,N01,7,9626,H,0,0.32,0.30,5,F,-79,10.00"
RX,3779192,R35,TXK,N151,4,9763,A,1,0.75,0.72,5.0,U,-68.0,9.5,True,,2026-07-11T14:52:03.721+00:00,/dev/cu.usbserial-58870137921,"RX,3779192,R35,TXK,N151,4,9763,A,1,0.75,0.72,5,U,-68,9.50"
RX,3779551,R35,TXF,N76,1,10131,G,1,0.93,0.9,5.0,U,-75.0,9.0,True,,2026-07-11T14:52:04.080+00:00,/dev/cu.usbserial-58870137921,"RX,3779551,R35,TXF,N76,1,10131,G,1,0.93,0.90,5,U,-75,9.00"
RX,3779806,R35,TXC,N31,0,10381,E,0,0.87,0.84,5.0,U,-77.0,9.75,True,,2026-07-11T14:52:04.335+00:00,/dev/cu.usbserial-58870137921,"RX,3779806,R35,TXC,N31,0,10381,E,0,0.87,0.84,5,U,-77,9.75"
RX,3780051,R35,TXA,N01,8,10626,A,1,0.75,0.72,5.0,F,-80.0,9.5,True,,2026-07-11T14:52:04.580+00:00,/dev/cu.usbserial-58870137921,"RX,3780051,R35,TXA,N01,8,10626,A,1,0.75,0.72,5,F,-80,9.50"
RX,3780319,R35,TXB,N16,3,10893,G,1,0.93,0.9,5.0,U,-83.0,9.75,True,,2026-07-11T14:52:04.850+00:00,/dev/cu.usbserial-58870137921,"RX,3780319,R35,TXB,N16,3,10893,G,1,0.93,0.90,5,U,-83,9.75"
RX,3780802,R35,TXE,N61,1,11382,C,1,0.81,0.78,5.0,U,-76.0,9.5,True,,2026-07-11T14:52:05.332+00:00,/dev/cu.usbserial-58870137921,"RX,3780802,R35,TXE,N61,1,11382,C,1,0.81,0.78,5,U,-76,9.50"
RX,3780911,R35,TXI,N121,0,11481,E,0,0.87,0.84,5.0,U,-74.0,9.25,True,,2026-07-11T14:52:05.440+00:00,/dev/cu.usbserial-58870137921,"RX,3780911,R35,TXI,N121,0,11481,E,0,0.87,0.84,5,U,-74,9.25"
RX,3781051,R35,TXA,N01,9,11626,B,1,0.2,0.18,5.0,F,-83.0,9.75,True,,2026-07-11T14:52:05.580+00:00,/dev/cu.usbserial-58870137921,"RX,3781051,R35,TXA,N01,9,11626,B,1,0.20,0.18,5,F,-83,9.75"
RX,3781193,R35,TXK,N151,5,11763,C,0,0.81,0.78,5.0,U,-71.0,9.5,True,,2026-07-11T14:52:05.722+00:00,/dev/cu.usbserial-58870137921,"RX,3781193,R35,TXK,N151,5,11763,C,0,0.81,0.78,5,U,-71,9.50"
RX,3781806,R35,TXC,N31,1,12381,G,1,0.93,0.9,5.0,U,-80.0,10.5,True,,2026-07-11T14:52:06.335+00:00,/dev/cu.usbserial-58870137921,"RX,3781806,R35,TXC,N31,1,12381,G,1,0.93,0.90,5,U,-80,10.50"
RX,3782051,R35,TXA,N01,10,12626,C,0,0.81,0.78,5.0,F,-80.0,9.5,True,,2026-07-11T14:52:06.581+00:00,/dev/cu.usbserial-58870137921,"RX,3782051,R35,TXA,N01,10,12626,C,0,0.81,0.78,5,F,-80,9.50"
RX,3782319,R35,TXB,N16,4,12893,A,1,0.75,0.72,5.0,U,-81.0,9.5,True,,2026-07-11T14:52:06.851+00:00,/dev/cu.usbserial-58870137921,"RX,3782319,R35,TXB,N16,4,12893,A,1,0.75,0.72,5,U,-81,9.50"
RX,3782802,R35,TXE,N61,2,13382,E,0,0.87,0.84,5.0,U,-76.0,9.25,True,,2026-07-11T14:52:07.332+00:00,/dev/cu.usbserial-58870137921,"RX,3782802,R35,TXE,N61,2,13382,E,0,0.87,0.84,5,U,-76,9.25"
RX,3782911,R35,TXI,N121,1,13481,G,1,0.93,0.9,5.0,U,-75.0,9.25,True,,2026-07-11T14:52:07.440+00:00,/dev/cu.usbserial-58870137921,"RX,3782911,R35,TXI,N121,1,13481,G,1,0.93,0.90,5,U,-75,9.25"
RX,3783051,R35,TXA,N01,11,13626,D,1,0.24,0.22,5.0,F,-80.0,9.25,True,,2026-07-11T14:52:07.580+00:00,/dev/cu.usbserial-58870137921,"RX,3783051,R35,TXA,N01,11,13626,D,1,0.24,0.22,5,F,-80,9.25"
RX,3783192,R35,TXK,N151,6,13763,E,1,0.87,0.84,5.0,U,-69.0,9.25,True,,2026-07-11T14:52:07.722+00:00,/dev/cu.usbserial-58870137921,"RX,3783192,R35,TXK,N151,6,13763,E,1,0.87,0.84,5,U,-69,9.25"
RX,3784051,R35,TXA,N01,12,14626,E,1,0.87,0.84,5.0,F,-77.0,10.0,True,,2026-07-11T14:52:08.580+00:00,/dev/cu.usbserial-58870137921,"RX,3784051,R35,TXA,N01,12,14626,E,1,0.87,0.84,5,F,-77,10.00"
RX,3784319,R35,TXB,N16,5,14893,C,0,0.81,0.78,5.0,U,-81.0,9.25,True,,2026-07-11T14:52:08.849+00:00,/dev/cu.usbserial-58870137921,"RX,3784319,R35,TXB,N16,5,14893,C,0,0.81,0.78,5,U,-81,9.25"
RX,3784802,R35,TXE,N61,3,15382,G,1,0.93,0.9,5.0,U,-75.0,9.25,True,,2026-07-11T14:52:09.331+00:00,/dev/cu.usbserial-58870137921,"RX,3784802,R35,TXE,N61,3,15382,G,1,0.93,0.90,5,U,-75,9.25"
RX,3785051,R35,TXA,N01,13,15626,F,0,0.28,0.26,5.0,F,-78.0,10.0,True,,2026-07-11T14:52:09.581+00:00,/dev/cu.usbserial-58870137921,"RX,3785051,R35,TXA,N01,13,15626,F,0,0.28,0.26,5,F,-78,10.00"
RX,3785345,R35,TXL,N166,1,15916,G,1,0.93,0.9,5.0,U,-80.0,9.25,True,,2026-07-11T14:52:09.874+00:00,/dev/cu.usbserial-58870137921,"RX,3785345,R35,TXL,N166,1,15916,G,1,0.93,0.90,5,U,-80,9.25"
RX,3785551,R35,TXF,N76,2,16131,E,1,0.87,0.84,5.0,U,-74.0,9.5,True,,2026-07-11T14:52:10.080+00:00,/dev/cu.usbserial-58870137921,"RX,3785551,R35,TXF,N76,2,16131,E,1,0.87,0.84,5,U,-74,9.50"
RX,3785855,R35,TXD,N46,1,16430,G,1,0.93,0.9,5.0,U,-73.0,9.5,True,,2026-07-11T14:52:10.384+00:00,/dev/cu.usbserial-58870137921,"RX,3785855,R35,TXD,N46,1,16430,G,1,0.93,0.90,5,U,-73,9.50"
RX,3786051,R35,TXA,N01,14,16626,G,1,0.93,0.9,5.0,F,-77.0,10.0,True,,2026-07-11T14:52:10.581+00:00,/dev/cu.usbserial-58870137921,"RX,3786051,R35,TXA,N01,14,16626,G,1,0.93,0.90,5,F,-77,10.00"
RX,3786319,R35,TXB,N16,6,16893,E,1,0.87,0.84,5.0,U,-82.0,9.25,True,,2026-07-11T14:52:10.849+00:00,/dev/cu.usbserial-58870137921,"RX,3786319,R35,TXB,N16,6,16893,E,1,0.87,0.84,5,U,-82,9.25"
RX,3786500,R35,TXG,N91,0,17080,G,1,0.93,0.9,5.0,U,-83.0,9.25,True,,2026-07-11T14:52:11.030+00:00,/dev/cu.usbserial-58870137921,"RX,3786500,R35,TXG,N91,0,17080,G,1,0.93,0.90,5,U,-83,9.25"
RX,3786802,R35,TXE,N61,4,17382,A,1,0.75,0.72,5.0,U,-75.0,9.25,True,,2026-07-11T14:52:11.332+00:00,/dev/cu.usbserial-58870137921,"RX,3786802,R35,TXE,N61,4,17382,A,1,0.75,0.72,5,U,-75,9.25"
RX,3787051,R35,TXA,N01,15,17626,H,1,0.32,0.3,5.0,F,-78.0,9.75,True,,2026-07-11T14:52:11.581+00:00,/dev/cu.usbserial-58870137921,"RX,3787051,R35,TXA,N01,15,17626,H,1,0.32,0.30,5,F,-78,9.75"
RX,3787192,R35,TXK,N151,8,17763,A,0,0.75,0.72,5.0,U,-68.0,9.75,True,,2026-07-11T14:52:11.722+00:00,/dev/cu.usbserial-58870137921,"RX,3787192,R35,TXK,N151,8,17763,A,0,0.75,0.72,5,U,-68,9.75"
RX,3787551,R35,TXF,N76,3,18131,G,1,0.93,0.9,5.0,U,-75.0,9.5,True,,2026-07-11T14:52:12.080+00:00,/dev/cu.usbserial-58870137921,"RX,3787551,R35,TXF,N76,3,18131,G,1,0.93,0.90,5,U,-75,9.50"
RX,3787710,R35,TXJ,N136,0,18280,G,1,0.93,0.9,5.0,U,-75.0,9.5,True,,2026-07-11T14:52:12.239+00:00,/dev/cu.usbserial-58870137921,"RX,3787710,R35,TXJ,N136,0,18280,G,1,0.93,0.90,5,U,-75,9.50"
RX,3787806,R35,TXC,N31,2,18381,E,1,0.87,0.84,5.0,U,-76.0,9.5,True,,2026-07-11T14:52:12.335+00:00,/dev/cu.usbserial-58870137921,"RX,3787806,R35,TXC,N31,2,18381,E,1,0.87,0.84,5,U,-76,9.50"
RX,3788051,R35,TXA,N01,16,18626,A,0,0.75,0.72,5.0,F,-78.0,10.0,True,,2026-07-11T14:52:12.581+00:00,/dev/cu.usbserial-58870137921,"RX,3788051,R35,TXA,N01,16,18626,A,0,0.75,0.72,5,F,-78,10.00"
RX,3788319,R35,TXB,N16,7,18893,G,1,0.93,0.9,5.0,U,-81.0,9.5,True,,2026-07-11T14:52:12.849+00:00,/dev/cu.usbserial-58870137921,"RX,3788319,R35,TXB,N16,7,18893,G,1,0.93,0.90,5,U,-81,9.50"
RX,3788802,R35,TXE,N61,5,19382,C,0,0.81,0.78,5.0,U,-75.0,9.25,True,,2026-07-11T14:52:13.332+00:00,/dev/cu.usbserial-58870137921,"RX,3788802,R35,TXE,N61,5,19382,C,0,0.81,0.78,5,U,-75,9.25"
RX,3788910,R35,TXI,N121,2,19481,E,1,0.87,0.84,5.0,U,-73.0,10.5,True,,2026-07-11T14:52:13.440+00:00,/dev/cu.usbserial-58870137921,"RX,3788910,R35,TXI,N121,2,19481,E,1,0.87,0.84,5,U,-73,10.50"
RX,3789051,R35,TXA,N01,17,19626,B,1,0.2,0.18,5.0,F,-84.0,10.25,True,,2026-07-11T14:52:13.581+00:00,/dev/cu.usbserial-58870137921,"RX,3789051,R35,TXA,N01,17,19626,B,1,0.20,0.18,5,F,-84,10.25"
RX,3789192,R35,TXK,N151,9,19763,C,1,0.81,0.78,5.0,U,-71.0,9.75,True,,2026-07-11T14:52:13.721+00:00,/dev/cu.usbserial-58870137921,"RX,3789192,R35,TXK,N151,9,19763,C,1,0.81,0.78,5,U,-71,9.75"
RX,3789806,R35,TXC,N31,3,20381,G,1,0.93,0.9,5.0,U,-75.0,11.75,True,,2026-07-11T14:52:14.335+00:00,/dev/cu.usbserial-58870137921,"RX,3789806,R35,TXC,N31,3,20381,G,1,0.93,0.90,5,U,-75,11.75"
RX,3790051,R35,TXA,N01,18,20626,C,1,0.81,0.78,5.0,F,-78.0,10.25,True,,2026-07-11T14:52:14.581+00:00,/dev/cu.usbserial-58870137921,"RX,3790051,R35,TXA,N01,18,20626,C,1,0.81,0.78,5,F,-78,10.25"
RX,3790319,R35,TXB,N16,8,20893,A,0,0.75,0.72,5.0,U,-80.0,9.25,True,,2026-07-11T14:52:14.849+00:00,/dev/cu.usbserial-58870137921,"RX,3790319,R35,TXB,N16,8,20893,A,0,0.75,0.72,5,U,-80,9.25"
RX,3790802,R35,TXE,N61,6,21382,E,1,0.87,0.84,5.0,U,-76.0,9.5,True,,2026-07-11T14:52:15.332+00:00,/dev/cu.usbserial-58870137921,"RX,3790802,R35,TXE,N61,6,21382,E,1,0.87,0.84,5,U,-76,9.50"
RX,3790910,R35,TXI,N121,3,21481,G,1,0.93,0.9,5.0,U,-75.0,9.25,True,,2026-07-11T14:52:15.439+00:00,/dev/cu.usbserial-58870137921,"RX,3790910,R35,TXI,N121,3,21481,G,1,0.93,0.90,5,U,-75,9.25"
RX,3791051,R35,TXA,N01,19,21626,D,0,0.24,0.22,5.0,F,-77.0,10.0,True,,2026-07-11T14:52:15.581+00:00,/dev/cu.usbserial-58870137921,"RX,3791051,R35,TXA,N01,19,21626,D,0,0.24,0.22,5,F,-77,10.00"
RX,3791192,R35,TXK,N151,10,21763,E,1,0.87,0.84,5.0,U,-70.0,9.25,True,,2026-07-11T14:52:15.722+00:00,/dev/cu.usbserial-58870137921,"RX,3791192,R35,TXK,N151,10,21763,E,1,0.87,0.84,5,U,-70,9.25"
RX,3792051,R35,TXA,N01,20,22626,E,1,0.87,0.84,5.0,F,-78.0,10.0,True,,2026-07-11T14:52:16.585+00:00,/dev/cu.usbserial-58870137921,"RX,3792051,R35,TXA,N01,20,22626,E,1,0.87,0.84,5,F,-78,10.00"
RX,3792319,R35,TXB,N16,9,22893,C,1,0.81,0.78,5.0,U,-81.0,9.25,True,,2026-07-11T14:52:16.848+00:00,/dev/cu.usbserial-58870137921,"RX,3792319,R35,TXB,N16,9,22893,C,1,0.81,0.78,5,U,-81,9.25"
RX,3792802,R35,TXE,N61,7,23382,G,1,0.93,0.9,5.0,U,-77.0,9.5,True,,2026-07-11T14:52:17.331+00:00,/dev/cu.usbserial-58870137921,"RX,3792802,R35,TXE,N61,7,23382,G,1,0.93,0.90,5,U,-77,9.50"
RX,3793051,R35,TXA,N01,21,23626,F,1,0.28,0.26,5.0,F,-80.0,9.25,True,,2026-07-11T14:52:17.580+00:00,/dev/cu.usbserial-58870137921,"RX,3793051,R35,TXA,N01,21,23626,F,1,0.28,0.26,5,F,-80,9.25"
RX,3793345,R35,TXL,N166,2,23916,G,0,0.93,0.9,5.0,U,-84.0,10.0,True,,2026-07-11T14:52:17.875+00:00,/dev/cu.usbserial-58870137921,"RX,3793345,R35,TXL,N166,2,23916,G,0,0.93,0.90,5,U,-84,10.00"
RX,3793551,R35,TXF,N76,4,24131,E,1,0.87,0.84,5.0,U,-76.0,9.75,True,,2026-07-11T14:52:18.080+00:00,/dev/cu.usbserial-58870137921,"RX,3793551,R35,TXF,N76,4,24131,E,1,0.87,0.84,5,U,-76,9.75"
RX,3793855,R35,TXD,N46,2,24430,G,0,0.93,0.9,5.0,U,-73.0,9.25,True,,2026-07-11T14:52:18.384+00:00,/dev/cu.usbserial-58870137921,"RX,3793855,R35,TXD,N46,2,24430,G,0,0.93,0.90,5,U,-73,9.25"
RX,3794051,R35,TXA,N01,22,24626,G,0,0.93,0.9,5.0,F,-81.0,9.75,True,,2026-07-11T14:52:18.581+00:00,/dev/cu.usbserial-58870137921,"RX,3794051,R35,TXA,N01,22,24626,G,0,0.93,0.90,5,F,-81,9.75"
RX,3794319,R35,TXB,N16,10,24893,E,1,0.87,0.84,5.0,U,-80.0,10.25,True,,2026-07-11T14:52:18.850+00:00,/dev/cu.usbserial-58870137921,"RX,3794319,R35,TXB,N16,10,24893,E,1,0.87,0.84,5,U,-80,10.25"
RX,3794500,R35,TXG,N91,1,25080,G,1,0.93,0.9,5.0,U,-81.0,9.0,True,,2026-07-11T14:52:19.029+00:00,/dev/cu.usbserial-58870137921,"RX,3794500,R35,TXG,N91,1,25080,G,1,0.93,0.90,5,U,-81,9.00"
RX,3794802,R35,TXE,N61,8,25382,A,0,0.75,0.72,5.0,U,-76.0,9.5,True,,2026-07-11T14:52:19.332+00:00,/dev/cu.usbserial-58870137921,"RX,3794802,R35,TXE,N61,8,25382,A,0,0.75,0.72,5,U,-76,9.50"
RX,3795051,R35,TXA,N01,23,25626,H,1,0.32,0.3,5.0,F,-81.0,10.0,True,,2026-07-11T14:52:19.580+00:00,/dev/cu.usbserial-58870137921,"RX,3795051,R35,TXA,N01,23,25626,H,1,0.32,0.30,5,F,-81,10.00"
RX,3795192,R35,TXK,N151,12,25763,A,1,0.75,0.72,5.0,U,-68.0,9.5,True,,2026-07-11T14:52:19.722+00:00,/dev/cu.usbserial-58870137921,"RX,3795192,R35,TXK,N151,12,25763,A,1,0.75,0.72,5,U,-68,9.50"
RX,3795551,R35,TXF,N76,5,26131,G,0,0.93,0.9,5.0,U,-72.0,9.75,True,,2026-07-11T14:52:20.080+00:00,/dev/cu.usbserial-58870137921,"RX,3795551,R35,TXF,N76,5,26131,G,0,0.93,0.90,5,U,-72,9.75"
RX,3795709,R35,TXJ,N136,1,26280,G,1,0.93,0.9,5.0,U,-74.0,10.25,True,,2026-07-11T14:52:20.245+00:00,/dev/cu.usbserial-58870137921,"RX,3795709,R35,TXJ,N136,1,26280,G,1,0.93,0.90,5,U,-74,10.25"
RX,3795806,R35,TXC,N31,4,26381,E,1,0.87,0.84,5.0,U,-75.0,9.25,True,,2026-07-11T14:52:20.334+00:00,/dev/cu.usbserial-58870137921,"RX,3795806,R35,TXC,N31,4,26381,E,1,0.87,0.84,5,U,-75,9.25"
RX,3796051,R35,TXA,N01,24,26626,A,1,0.75,0.72,5.0,F,-83.0,10.25,True,,2026-07-11T14:52:20.580+00:00,/dev/cu.usbserial-58870137921,"RX,3796051,R35,TXA,N01,24,26626,A,1,0.75,0.72,5,F,-83,10.25"
RX,3796319,R35,TXB,N16,11,26893,G,0,0.93,0.9,5.0,U,-83.0,9.75,True,,2026-07-11T14:52:20.849+00:00,/dev/cu.usbserial-58870137921,"RX,3796319,R35,TXB,N16,11,26893,G,0,0.93,0.90,5,U,-83,9.75"
RX,3796802,R35,TXE,N61,9,27382,C,1,0.81,0.78,5.0,U,-77.0,9.75,True,,2026-07-11T14:52:21.332+00:00,/dev/cu.usbserial-58870137921,"RX,3796802,R35,TXE,N61,9,27382,C,1,0.81,0.78,5,U,-77,9.75"
RX,3796910,R35,TXI,N121,4,27481,E,1,0.87,0.84,5.0,U,-72.0,10.0,True,,2026-07-11T14:52:21.440+00:00,/dev/cu.usbserial-58870137921,"RX,3796910,R35,TXI,N121,4,27481,E,1,0.87,0.84,5,U,-72,10.00"
RX,3797051,R35,TXA,N01,25,27626,B,0,0.2,0.18,5.0,F,-78.0,9.5,True,,2026-07-11T14:52:21.581+00:00,/dev/cu.usbserial-58870137921,"RX,3797051,R35,TXA,N01,25,27626,B,0,0.20,0.18,5,F,-78,9.50"
RX,3797193,R35,TXK,N151,13,27763,C,1,0.81,0.78,5.0,U,-68.0,9.75,True,,2026-07-11T14:52:21.722+00:00,/dev/cu.usbserial-58870137921,"RX,3797193,R35,TXK,N151,13,27763,C,1,0.81,0.78,5,U,-68,9.75"
RX,3797806,R35,TXC,N31,5,28381,G,0,0.93,0.9,5.0,U,-75.0,9.25,True,,2026-07-11T14:52:22.335+00:00,/dev/cu.usbserial-58870137921,"RX,3797806,R35,TXC,N31,5,28381,G,0,0.93,0.90,5,U,-75,9.25"
RX,3798051,R35,TXA,N01,26,28626,C,1,0.81,0.78,5.0,F,-76.0,10.0,True,,2026-07-11T14:52:22.581+00:00,/dev/cu.usbserial-58870137921,"RX,3798051,R35,TXA,N01,26,28626,C,1,0.81,0.78,5,F,-76,10.00"
RX,3798319,R35,TXB,N16,12,28893,A,1,0.75,0.72,5.0,U,-81.0,9.75,True,,2026-07-11T14:52:22.849+00:00,/dev/cu.usbserial-58870137921,"RX,3798319,R35,TXB,N16,12,28893,A,1,0.75,0.72,5,U,-81,9.75"
RX,3798802,R35,TXE,N61,10,29382,E,1,0.87,0.84,5.0,U,-75.0,9.5,True,,2026-07-11T14:52:23.332+00:00,/dev/cu.usbserial-58870137921,"RX,3798802,R35,TXE,N61,10,29382,E,1,0.87,0.84,5,U,-75,9.50"
RX,3798910,R35,TXI,N121,5,29481,G,0,0.93,0.9,5.0,U,-72.0,10.5,True,,2026-07-11T14:52:23.440+00:00,/dev/cu.usbserial-58870137921,"RX,3798910,R35,TXI,N121,5,29481,G,0,0.93,0.90,5,U,-72,10.50"
RX,3799051,R35,TXA,N01,27,29626,D,1,0.24,0.22,5.0,F,-77.0,9.5,True,,2026-07-11T14:52:23.580+00:00,/dev/cu.usbserial-58870137921,"RX,3799051,R35,TXA,N01,27,29626,D,1,0.24,0.22,5,F,-77,9.50"
RX,3799192,R35,TXK,N151,14,29763,E,0,0.87,0.84,5.0,U,-70.0,9.5,True,,2026-07-11T14:52:23.722+00:00,/dev/cu.usbserial-58870137921,"RX,3799192,R35,TXK,N151,14,29763,E,0,0.87,0.84,5,U,-70,9.50"
RX,3800051,R35,TXA,N01,28,30626,E,0,0.87,0.84,5.0,F,-78.0,10.0,True,,2026-07-11T14:52:24.581+00:00,/dev/cu.usbserial-58870137921,"RX,3800051,R35,TXA,N01,28,30626,E,0,0.87,0.84,5,F,-78,10.00"
RX,3800319,R35,TXB,N16,13,30893,C,1,0.81,0.78,5.0,U,-82.0,10.5,True,,2026-07-11T14:52:24.849+00:00,/dev/cu.usbserial-58870137921,"RX,3800319,R35,TXB,N16,13,30893,C,1,0.81,0.78,5,U,-82,10.50"
RX,3800802,R35,TXE,N61,11,31382,G,0,0.93,0.9,5.0,U,-75.0,9.75,True,,2026-07-11T14:52:25.332+00:00,/dev/cu.usbserial-58870137921,"RX,3800802,R35,TXE,N61,11,31382,G,0,0.93,0.90,5,U,-75,9.75"
RX,3801051,R35,TXA,N01,29,31626,F,1,0.28,0.26,5.0,F,-77.0,9.75,True,,2026-07-11T14:52:25.581+00:00,/dev/cu.usbserial-58870137921,"RX,3801051,R35,TXA,N01,29,31626,F,1,0.28,0.26,5,F,-77,9.75"
RX,3801345,R35,TXL,N166,3,31916,G,1,0.93,0.9,5.0,U,-81.0,10.0,True,,2026-07-11T14:52:25.874+00:00,/dev/cu.usbserial-58870137921,"RX,3801345,R35,TXL,N166,3,31916,G,1,0.93,0.90,5,U,-81,10.00"
RX,3801551,R35,TXF,N76,6,32131,E,0,0.87,0.84,5.0,U,-76.0,9.25,True,,2026-07-11T14:52:26.080+00:00,/dev/cu.usbserial-58870137921,"RX,3801551,R35,TXF,N76,6,32131,E,0,0.87,0.84,5,U,-76,9.25"
RX,3801855,R35,TXD,N46,3,32430,G,1,0.93,0.9,5.0,U,-74.0,9.75,True,,2026-07-11T14:52:26.385+00:00,/dev/cu.usbserial-58870137921,"RX,3801855,R35,TXD,N46,3,32430,G,1,0.93,0.90,5,U,-74,9.75"
RX,3802051,R35,TXA,N01,30,32626,G,1,0.93,0.9,5.0,F,-78.0,9.75,True,,2026-07-11T14:52:26.581+00:00,/dev/cu.usbserial-58870137921,"RX,3802051,R35,TXA,N01,30,32626,G,1,0.93,0.90,5,F,-78,9.75"
RX,3802319,R35,TXB,N16,14,32893,E,0,0.87,0.84,5.0,U,-81.0,9.75,True,,2026-07-11T14:52:26.849+00:00,/dev/cu.usbserial-58870137921,"RX,3802319,R35,TXB,N16,14,32893,E,0,0.87,0.84,5,U,-81,9.75"
RX,3802500,R35,TXG,N91,2,33080,G,0,0.93,0.9,5.0,U,-87.0,9.25,True,,2026-07-11T14:52:27.029+00:00,/dev/cu.usbserial-58870137921,"RX,3802500,R35,TXG,N91,2,33080,G,0,0.93,0.90,5,U,-87,9.25"
RX,3802802,R35,TXE,N61,12,33382,A,1,0.75,0.72,5.0,U,-76.0,10.0,True,,2026-07-11T14:52:27.333+00:00,/dev/cu.usbserial-58870137921,"RX,3802802,R35,TXE,N61,12,33382,A,1,0.75,0.72,5,U,-76,10.00"
RX,3803051,R35,TXA,N01,31,33626,H,0,0.32,0.3,5.0,F,-76.0,9.75,True,,2026-07-11T14:52:27.581+00:00,/dev/cu.usbserial-58870137921,"RX,3803051,R35,TXA,N01,31,33626,H,0,0.32,0.30,5,F,-76,9.75"
RX,3803192,R35,TXK,N151,16,33763,A,1,0.75,0.72,5.0,U,-70.0,9.5,True,,2026-07-11T14:52:27.722+00:00,/dev/cu.usbserial-58870137921,"RX,3803192,R35,TXK,N151,16,33763,A,1,0.75,0.72,5,U,-70,9.50"
RX,3803551,R35,TXF,N76,7,34131,G,1,0.93,0.9,5.0,U,-77.0,9.5,True,,2026-07-11T14:52:28.080+00:00,/dev/cu.usbserial-58870137921,"RX,3803551,R35,TXF,N76,7,34131,G,1,0.93,0.90,5,U,-77,9.50"
RX,3803709,R35,TXJ,N136,2,34280,G,0,0.93,0.9,5.0,U,-75.0,9.25,True,,2026-07-11T14:52:28.239+00:00,/dev/cu.usbserial-58870137921,"RX,3803709,R35,TXJ,N136,2,34280,G,0,0.93,0.90,5,U,-75,9.25"
RX,3803806,R35,TXC,N31,6,34381,E,0,0.87,0.84,5.0,U,-75.0,9.25,True,,2026-07-11T14:52:28.335+00:00,/dev/cu.usbserial-58870137921,"RX,3803806,R35,TXC,N31,6,34381,E,0,0.87,0.84,5,U,-75,9.25"
RX,3804051,R35,TXA,N01,32,34626,A,1,0.75,0.72,5.0,F,-83.0,10.0,True,,2026-07-11T14:52:28.581+00:00,/dev/cu.usbserial-58870137921,"RX,3804051,R35,TXA,N01,32,34626,A,1,0.75,0.72,5,F,-83,10.00"
RX,3804319,R35,TXB,N16,15,34893,G,1,0.93,0.9,5.0,U,-82.0,10.25,True,,2026-07-11T14:52:28.851+00:00,/dev/cu.usbserial-58870137921,"RX,3804319,R35,TXB,N16,15,34893,G,1,0.93,0.90,5,U,-82,10.25"
RX,3804802,R35,TXE,N61,13,35382,C,1,0.81,0.78,5.0,U,-76.0,9.75,True,,2026-07-11T14:52:29.332+00:00,/dev/cu.usbserial-58870137921,"RX,3804802,R35,TXE,N61,13,35382,C,1,0.81,0.78,5,U,-76,9.75"
RX,3804910,R35,TXI,N121,6,35481,E,0,0.87,0.84,5.0,U,-74.0,9.75,True,,2026-07-11T14:52:29.439+00:00,/dev/cu.usbserial-58870137921,"RX,3804910,R35,TXI,N121,6,35481,E,0,0.87,0.84,5,U,-74,9.75"
RX,3805051,R35,TXA,N01,33,35626,B,1,0.2,0.18,5.0,F,-81.0,9.75,True,,2026-07-11T14:52:29.580+00:00,/dev/cu.usbserial-58870137921,"RX,3805051,R35,TXA,N01,33,35626,B,1,0.20,0.18,5,F,-81,9.75"
RX,3805192,R35,TXK,N151,17,35763,C,0,0.81,0.78,5.0,U,-71.0,9.75,True,,2026-07-11T14:52:29.722+00:00,/dev/cu.usbserial-58870137921,"RX,3805192,R35,TXK,N151,17,35763,C,0,0.81,0.78,5,U,-71,9.75"
RX,3805806,R35,TXC,N31,7,36381,G,1,0.93,0.9,5.0,U,-78.0,9.25,True,,2026-07-11T14:52:30.335+00:00,/dev/cu.usbserial-58870137921,"RX,3805806,R35,TXC,N31,7,36381,G,1,0.93,0.90,5,U,-78,9.25"
RX,3806051,R35,TXA,N01,34,36626,C,0,0.81,0.78,5.0,F,-80.0,9.75,True,,2026-07-11T14:52:30.580+00:00,/dev/cu.usbserial-58870137921,"RX,3806051,R35,TXA,N01,34,36626,C,0,0.81,0.78,5,F,-80,9.75"
RX,3806319,R35,TXB,N16,16,36893,A,1,0.75,0.72,5.0,U,-82.0,9.75,True,,2026-07-11T14:52:30.849+00:00,/dev/cu.usbserial-58870137921,"RX,3806319,R35,TXB,N16,16,36893,A,1,0.75,0.72,5,U,-82,9.75"
RX,3806802,R35,TXE,N61,14,37382,E,0,0.87,0.84,5.0,U,-76.0,9.75,True,,2026-07-11T14:52:31.332+00:00,/dev/cu.usbserial-58870137921,"RX,3806802,R35,TXE,N61,14,37382,E,0,0.87,0.84,5,U,-76,9.75"
RX,3806910,R35,TXI,N121,7,37481,G,1,0.93,0.9,5.0,U,-74.0,10.0,True,,2026-07-11T14:52:31.440+00:00,/dev/cu.usbserial-58870137921,"RX,3806910,R35,TXI,N121,7,37481,G,1,0.93,0.90,5,U,-74,10.00"
RX,3807051,R35,TXA,N01,35,37626,D,1,0.24,0.22,5.0,F,-80.0,9.5,True,,2026-07-11T14:52:31.580+00:00,/dev/cu.usbserial-58870137921,"RX,3807051,R35,TXA,N01,35,37626,D,1,0.24,0.22,5,F,-80,9.50"
RX,3807192,R35,TXK,N151,18,37763,E,1,0.87,0.84,5.0,U,-71.0,9.5,True,,2026-07-11T14:52:31.721+00:00,/dev/cu.usbserial-58870137921,"RX,3807192,R35,TXK,N151,18,37763,E,1,0.87,0.84,5,U,-71,9.50"
RX,3808051,R35,TXA,N01,36,38626,E,1,0.87,0.84,5.0,F,-80.0,9.5,True,,2026-07-11T14:52:32.581+00:00,/dev/cu.usbserial-58870137921,"RX,3808051,R35,TXA,N01,36,38626,E,1,0.87,0.84,5,F,-80,9.50"
RX,3808319,R35,TXB,N16,17,38893,C,0,0.81,0.78,5.0,U,-83.0,9.25,True,,2026-07-11T14:52:32.848+00:00,/dev/cu.usbserial-58870137921,"RX,3808319,R35,TXB,N16,17,38893,C,0,0.81,0.78,5,U,-83,9.25"
RX,3808802,R35,TXE,N61,15,39382,G,1,0.93,0.9,5.0,U,-76.0,9.5,True,,2026-07-11T14:52:33.332+00:00,/dev/cu.usbserial-58870137921,"RX,3808802,R35,TXE,N61,15,39382,G,1,0.93,0.90,5,U,-76,9.50"
RX,3809051,R35,TXA,N01,37,39626,F,0,0.28,0.26,5.0,F,-79.0,9.25,True,,2026-07-11T14:52:33.580+00:00,/dev/cu.usbserial-58870137921,"RX,3809051,R35,TXA,N01,37,39626,F,0,0.28,0.26,5,F,-79,9.25"
RX,3809192,R35,TXK,N151,19,39763,G,1,0.93,0.9,5.0,U,-71.0,9.75,True,,2026-07-11T14:52:33.721+00:00,/dev/cu.usbserial-58870137921,"RX,3809192,R35,TXK,N151,19,39763,G,1,0.93,0.90,5,U,-71,9.75"
RX,3809551,R35,TXF,N76,8,40131,E,1,0.87,0.84,5.0,U,-77.0,9.25,True,,2026-07-11T14:52:34.080+00:00,/dev/cu.usbserial-58870137921,"RX,3809551,R35,TXF,N76,8,40131,E,1,0.87,0.84,5,U,-77,9.25"
RX,3809855,R35,TXD,N46,4,40430,G,1,0.93,0.9,5.0,U,-74.0,9.0,True,,2026-07-11T14:52:34.384+00:00,/dev/cu.usbserial-58870137921,"RX,3809855,R35,TXD,N46,4,40430,G,1,0.93,0.90,5,U,-74,9.00"
RX,3810051,R35,TXA,N01,38,40626,G,1,0.93,0.9,5.0,F,-79.0,10.0,True,,2026-07-11T14:52:34.581+00:00,/dev/cu.usbserial-58870137921,"RX,3810051,R35,TXA,N01,38,40626,G,1,0.93,0.90,5,F,-79,10.00"
RX,3810319,R35,TXB,N16,18,40893,E,1,0.87,0.84,5.0,U,-83.0,10.0,True,,2026-07-11T14:52:34.850+00:00,/dev/cu.usbserial-58870137921,"RX,3810319,R35,TXB,N16,18,40893,E,1,0.87,0.84,5,U,-83,10.00"
RX,3810500,R35,TXG,N91,3,41080,G,1,0.93,0.9,5.0,U,-95.0,8.75,True,,2026-07-11T14:52:35.029+00:00,/dev/cu.usbserial-58870137921,"RX,3810500,R35,TXG,N91,3,41080,G,1,0.93,0.90,5,U,-95,8.75"
RX,3810802,R35,TXE,N61,16,41382,A,1,0.75,0.72,5.0,U,-76.0,9.5,True,,2026-07-11T14:52:35.332+00:00,/dev/cu.usbserial-58870137921,"RX,3810802,R35,TXE,N61,16,41382,A,1,0.75,0.72,5,U,-76,9.50"
RX,3811051,R35,TXA,N01,39,41626,H,1,0.32,0.3,5.0,F,-78.0,10.0,True,,2026-07-11T14:52:35.582+00:00,/dev/cu.usbserial-58870137921,"RX,3811051,R35,TXA,N01,39,41626,H,1,0.32,0.30,5,F,-78,10.00"
RX,3811192,R35,TXK,N151,20,41763,A,0,0.75,0.72,5.0,U,-69.0,9.0,True,,2026-07-11T14:52:35.722+00:00,/dev/cu.usbserial-58870137921,"RX,3811192,R35,TXK,N151,20,41763,A,0,0.75,0.72,5,U,-69,9.00"
RX,3811551,R35,TXF,N76,9,42131,G,1,0.93,0.9,5.0,U,-78.0,9.5,True,,2026-07-11T14:52:36.080+00:00,/dev/cu.usbserial-58870137921,"RX,3811551,R35,TXF,N76,9,42131,G,1,0.93,0.90,5,U,-78,9.50"
RX,3811709,R35,TXJ,N136,3,42280,G,1,0.93,0.9,5.0,U,-75.0,9.5,True,,2026-07-11T14:52:36.239+00:00,/dev/cu.usbserial-58870137921,"RX,3811709,R35,TXJ,N136,3,42280,G,1,0.93,0.90,5,U,-75,9.50"
RX,3811806,R35,TXC,N31,8,42381,E,1,0.87,0.84,5.0,U,-79.0,9.5,True,,2026-07-11T14:52:36.335+00:00,/dev/cu.usbserial-58870137921,"RX,3811806,R35,TXC,N31,8,42381,E,1,0.87,0.84,5,U,-79,9.50"
RX,3812051,R35,TXA,N01,40,42626,A,0,0.75,0.72,5.0,F,-76.0,9.5,True,,2026-07-11T14:52:36.580+00:00,/dev/cu.usbserial-58870137921,"RX,3812051,R35,TXA,N01,40,42626,A,0,0.75,0.72,5,F,-76,9.50"
RX,3812319,R35,TXB,N16,19,42893,G,1,0.93,0.9,5.0,U,-81.0,9.75,True,,2026-07-11T14:52:36.849+00:00,/dev/cu.usbserial-58870137921,"RX,3812319,R35,TXB,N16,19,42893,G,1,0.93,0.90,5,U,-81,9.75"
RX,3812802,R35,TXE,N61,17,43382,C,0,0.81,0.78,5.0,U,-75.0,10.0,True,,2026-07-11T14:52:37.332+00:00,/dev/cu.usbserial-58870137921,"RX,3812802,R35,TXE,N61,17,43382,C,0,0.81,0.78,5,U,-75,10.00"
RX,3812910,R35,TXI,N121,8,43481,E,1,0.87,0.84,5.0,U,-73.0,9.75,True,,2026-07-11T14:52:37.440+00:00,/dev/cu.usbserial-58870137921,"RX,3812910,R35,TXI,N121,8,43481,E,1,0.87,0.84,5,U,-73,9.75"
RX,3813051,R35,TXA,N01,41,43626,B,1,0.2,0.18,5.0,F,-76.0,10.25,True,,2026-07-11T14:52:37.581+00:00,/dev/cu.usbserial-58870137921,"RX,3813051,R35,TXA,N01,41,43626,B,1,0.20,0.18,5,F,-76,10.25"
RX,3813192,R35,TXK,N151,21,43763,C,1,0.81,0.78,5.0,U,-69.0,9.25,True,,2026-07-11T14:52:37.722+00:00,/dev/cu.usbserial-58870137921,"RX,3813192,R35,TXK,N151,21,43763,C,1,0.81,0.78,5,U,-69,9.25"
RX,3813806,R35,TXC,N31,9,44381,G,1,0.93,0.9,5.0,U,-76.0,9.75,True,,2026-07-11T14:52:38.336+00:00,/dev/cu.usbserial-58870137921,"RX,3813806,R35,TXC,N31,9,44381,G,1,0.93,0.90,5,U,-76,9.75"
RX,3814051,R35,TXA,N01,42,44626,C,1,0.81,0.78,5.0,F,-79.0,10.0,True,,2026-07-11T14:52:38.581+00:00,/dev/cu.usbserial-58870137921,"RX,3814051,R35,TXA,N01,42,44626,C,1,0.81,0.78,5,F,-79,10.00"
RX,3814319,R35,TXB,N16,20,44893,A,0,0.75,0.72,5.0,U,-81.0,9.5,True,,2026-07-11T14:52:38.850+00:00,/dev/cu.usbserial-58870137921,"RX,3814319,R35,TXB,N16,20,44893,A,0,0.75,0.72,5,U,-81,9.50"
RX,3814802,R35,TXE,N61,18,45382,E,1,0.87,0.84,5.0,U,-74.0,9.5,True,,2026-07-11T14:52:39.331+00:00,/dev/cu.usbserial-58870137921,"RX,3814802,R35,TXE,N61,18,45382,E,1,0.87,0.84,5,U,-74,9.50"
RX,3814910,R35,TXI,N121,9,45481,G,1,0.93,0.9,5.0,U,-72.0,10.0,True,,2026-07-11T14:52:39.440+00:00,/dev/cu.usbserial-58870137921,"RX,3814910,R35,TXI,N121,9,45481,G,1,0.93,0.90,5,U,-72,10.00"
RX,3815051,R35,TXA,N01,43,45626,D,0,0.24,0.22,5.0,F,-79.0,10.0,True,,2026-07-11T14:52:39.581+00:00,/dev/cu.usbserial-58870137921,"RX,3815051,R35,TXA,N01,43,45626,D,0,0.24,0.22,5,F,-79,10.00"
RX,3815192,R35,TXK,N151,22,45763,E,1,0.87,0.84,5.0,U,-69.0,10.0,True,,2026-07-11T14:52:39.722+00:00,/dev/cu.usbserial-58870137921,"RX,3815192,R35,TXK,N151,22,45763,E,1,0.87,0.84,5,U,-69,10.00"
RX,3816051,R35,TXA,N01,44,46626,E,1,0.87,0.84,5.0,F,-80.0,9.5,True,,2026-07-11T14:52:40.581+00:00,/dev/cu.usbserial-58870137921,"RX,3816051,R35,TXA,N01,44,46626,E,1,0.87,0.84,5,F,-80,9.50"
RX,3816319,R35,TXB,N16,21,46893,C,1,0.81,0.78,5.0,U,-81.0,10.0,True,,2026-07-11T14:52:40.851+00:00,/dev/cu.usbserial-58870137921,"RX,3816319,R35,TXB,N16,21,46893,C,1,0.81,0.78,5,U,-81,10.00"
RX,3816802,R35,TXE,N61,19,47382,G,1,0.93,0.9,5.0,U,-75.0,9.5,True,,2026-07-11T14:52:41.332+00:00,/dev/cu.usbserial-58870137921,"RX,3816802,R35,TXE,N61,19,47382,G,1,0.93,0.90,5,U,-75,9.50"
RX,3817051,R35,TXA,N01,45,47626,F,1,0.28,0.26,5.0,F,-78.0,10.25,True,,2026-07-11T14:52:41.581+00:00,/dev/cu.usbserial-58870137921,"RX,3817051,R35,TXA,N01,45,47626,F,1,0.28,0.26,5,F,-78,10.25"
RX,3817192,R35,TXK,N151,23,47763,G,0,0.93,0.9,5.0,U,-69.0,9.5,True,,2026-07-11T14:52:41.722+00:00,/dev/cu.usbserial-58870137921,"RX,3817192,R35,TXK,N151,23,47763,G,0,0.93,0.90,5,U,-69,9.50"
RX,3817551,R35,TXF,N76,10,48131,E,1,0.87,0.84,5.0,U,-74.0,9.75,True,,2026-07-11T14:52:42.081+00:00,/dev/cu.usbserial-58870137921,"RX,3817551,R35,TXF,N76,10,48131,E,1,0.87,0.84,5,U,-74,9.75"
RX,3817855,R35,TXD,N46,5,48430,G,0,0.93,0.9,5.0,U,-71.0,9.5,True,,2026-07-11T14:52:42.384+00:00,/dev/cu.usbserial-58870137921,"RX,3817855,R35,TXD,N46,5,48430,G,0,0.93,0.90,5,U,-71,9.50"
RX,3818051,R35,TXA,N01,46,48626,G,0,0.93,0.9,5.0,F,-80.0,9.5,True,,2026-07-11T14:52:42.581+00:00,/dev/cu.usbserial-58870137921,"RX,3818051,R35,TXA,N01,46,48626,G,0,0.93,0.90,5,F,-80,9.50"
RX,3818319,R35,TXB,N16,22,48893,E,1,0.87,0.84,5.0,U,-81.0,10.25,True,,2026-07-11T14:52:42.849+00:00,/dev/cu.usbserial-58870137921,"RX,3818319,R35,TXB,N16,22,48893,E,1,0.87,0.84,5,U,-81,10.25"
RX,3818500,R35,TXG,N91,4,49080,G,1,0.93,0.9,5.0,U,-82.0,9.25,True,,2026-07-11T14:52:43.029+00:00,/dev/cu.usbserial-58870137921,"RX,3818500,R35,TXG,N91,4,49080,G,1,0.93,0.90,5,U,-82,9.25"
RX,3818802,R35,TXE,N61,20,49382,A,0,0.75,0.72,5.0,U,-76.0,9.5,True,,2026-07-11T14:52:43.332+00:00,/dev/cu.usbserial-58870137921,"RX,3818802,R35,TXE,N61,20,49382,A,0,0.75,0.72,5,U,-76,9.50"
RX,3819051,R35,TXA,N01,47,49626,H,1,0.32,0.3,5.0,F,-80.0,9.75,True,,2026-07-11T14:52:43.581+00:00,/dev/cu.usbserial-58870137921,"RX,3819051,R35,TXA,N01,47,49626,H,1,0.32,0.30,5,F,-80,9.75"
RX,3819192,R35,TXK,N151,24,49763,A,1,0.75,0.72,5.0,U,-68.0,10.0,True,,2026-07-11T14:52:43.722+00:00,/dev/cu.usbserial-58870137921,"RX,3819192,R35,TXK,N151,24,49763,A,1,0.75,0.72,5,U,-68,10.00"
RX,3819551,R35,TXF,N76,11,50131,G,0,0.93,0.9,5.0,U,-74.0,10.25,True,,2026-07-11T14:52:44.081+00:00,/dev/cu.usbserial-58870137921,"RX,3819551,R35,TXF,N76,11,50131,G,0,0.93,0.90,5,U,-74,10.25"
RX,3819806,R35,TXC,N31,10,50381,E,1,0.87,0.84,5.0,U,-79.0,9.5,True,,2026-07-11T14:52:44.335+00:00,/dev/cu.usbserial-58870137921,"RX,3819806,R35,TXC,N31,10,50381,E,1,0.87,0.84,5,U,-79,9.50"
RX,3820051,R35,TXA,N01,48,50626,A,1,0.75,0.72,5.0,F,-77.0,10.0,True,,2026-07-11T14:52:44.581+00:00,/dev/cu.usbserial-58870137921,"RX,3820051,R35,TXA,N01,48,50626,A,1,0.75,0.72,5,F,-77,10.00"
RX,3820319,R35,TXB,N16,23,50893,G,0,0.93,0.9,5.0,U,-81.0,9.75,True,,2026-07-11T14:52:44.850+00:00,/dev/cu.usbserial-58870137921,"RX,3820319,R35,TXB,N16,23,50893,G,0,0.93,0.90,5,U,-81,9.75"
RX,3820802,R35,TXE,N61,21,51382,C,1,0.81,0.78,5.0,U,-74.0,10.25,True,,2026-07-11T14:52:45.332+00:00,/dev/cu.usbserial-58870137921,"RX,3820802,R35,TXE,N61,21,51382,C,1,0.81,0.78,5,U,-74,10.25"
RX,3820910,R35,TXI,N121,10,51481,E,1,0.87,0.84,5.0,U,-73.0,9.75,True,,2026-07-11T14:52:45.440+00:00,/dev/cu.usbserial-58870137921,"RX,3820910,R35,TXI,N121,10,51481,E,1,0.87,0.84,5,U,-73,9.75"
RX,3821051,R35,TXA,N01,49,51626,B,0,0.2,0.18,5.0,F,-78.0,9.75,True,,2026-07-11T14:52:45.581+00:00,/dev/cu.usbserial-58870137921,"RX,3821051,R35,TXA,N01,49,51626,B,0,0.20,0.18,5,F,-78,9.75"
RX,3821192,R35,TXK,N151,25,51763,C,1,0.81,0.78,5.0,U,-67.0,10.0,True,,2026-07-11T14:52:45.722+00:00,/dev/cu.usbserial-58870137921,"RX,3821192,R35,TXK,N151,25,51763,C,1,0.81,0.78,5,U,-67,10.00"
RX,3821805,R35,TXC,N31,11,52381,G,0,0.93,0.9,5.0,U,-78.0,10.25,True,,2026-07-11T14:52:46.335+00:00,/dev/cu.usbserial-58870137921,"RX,3821805,R35,TXC,N31,11,52381,G,0,0.93,0.90,5,U,-78,10.25"
RX,3822051,R35,TXA,N01,50,52626,C,1,0.81,0.78,5.0,F,-81.0,10.5,True,,2026-07-11T14:52:46.581+00:00,/dev/cu.usbserial-58870137921,"RX,3822051,R35,TXA,N01,50,52626,C,1,0.81,0.78,5,F,-81,10.50"
RX,3822319,R35,TXB,N16,24,52893,A,1,0.75,0.72,5.0,U,-81.0,10.0,True,,2026-07-11T14:52:46.850+00:00,/dev/cu.usbserial-58870137921,"RX,3822319,R35,TXB,N16,24,52893,A,1,0.75,0.72,5,U,-81,10.00"
RX,3822802,R35,TXE,N61,22,53382,E,1,0.87,0.84,5.0,U,-75.0,10.0,True,,2026-07-11T14:52:47.332+00:00,/dev/cu.usbserial-58870137921,"RX,3822802,R35,TXE,N61,22,53382,E,1,0.87,0.84,5,U,-75,10.00"
RX,3822910,R35,TXI,N121,11,53481,G,0,0.93,0.9,5.0,U,-73.0,10.0,True,,2026-07-11T14:52:47.440+00:00,/dev/cu.usbserial-58870137921,"RX,3822910,R35,TXI,N121,11,53481,G,0,0.93,0.90,5,U,-73,10.00"
RX,3823051,R35,TXA,N01,51,53626,D,1,0.24,0.22,5.0,F,-81.0,9.75,True,,2026-07-11T14:52:47.581+00:00,/dev/cu.usbserial-58870137921,"RX,3823051,R35,TXA,N01,51,53626,D,1,0.24,0.22,5,F,-81,9.75"
RX,3823192,R35,TXK,N151,26,53763,E,0,0.87,0.84,5.0,U,-67.0,10.25,True,,2026-07-11T14:52:47.722+00:00,/dev/cu.usbserial-58870137921,"RX,3823192,R35,TXK,N151,26,53763,E,0,0.87,0.84,5,U,-67,10.25"
RX,3824051,R35,TXA,N01,52,54626,E,0,0.87,0.84,5.0,F,-79.0,10.5,True,,2026-07-11T14:52:48.581+00:00,/dev/cu.usbserial-58870137921,"RX,3824051,R35,TXA,N01,52,54626,E,0,0.87,0.84,5,F,-79,10.50"
RX,3824319,R35,TXB,N16,25,54893,C,1,0.81,0.78,5.0,U,-81.0,9.75,True,,2026-07-11T14:52:48.850+00:00,/dev/cu.usbserial-58870137921,"RX,3824319,R35,TXB,N16,25,54893,C,1,0.81,0.78,5,U,-81,9.75"
RX,3824802,R35,TXE,N61,23,55382,G,0,0.93,0.9,5.0,U,-76.0,10.0,True,,2026-07-11T14:52:49.332+00:00,/dev/cu.usbserial-58870137921,"RX,3824802,R35,TXE,N61,23,55382,G,0,0.93,0.90,5,U,-76,10.00"
RX,3825051,R35,TXA,N01,53,55626,F,1,0.28,0.26,5.0,F,-80.0,10.5,True,,2026-07-11T14:52:49.581+00:00,/dev/cu.usbserial-58870137921,"RX,3825051,R35,TXA,N01,53,55626,F,1,0.28,0.26,5,F,-80,10.50"
RX,3825192,R35,TXK,N151,27,55763,G,1,0.93,0.9,5.0,U,-68.0,9.5,True,,2026-07-11T14:52:49.722+00:00,/dev/cu.usbserial-58870137921,"RX,3825192,R35,TXK,N151,27,55763,G,1,0.93,0.90,5,U,-68,9.50"
RX,3825551,R35,TXF,N76,12,56131,E,0,0.87,0.84,5.0,U,-76.0,9.75,True,,2026-07-11T14:52:50.081+00:00,/dev/cu.usbserial-58870137921,"RX,3825551,R35,TXF,N76,12,56131,E,0,0.87,0.84,5,U,-76,9.75"
RX,3825855,R35,TXD,N46,6,56430,G,1,0.93,0.9,5.0,U,-72.0,9.5,True,,2026-07-11T14:52:50.384+00:00,/dev/cu.usbserial-58870137921,"RX,3825855,R35,TXD,N46,6,56430,G,1,0.93,0.90,5,U,-72,9.50"
RX,3826051,R35,TXA,N01,54,56626,G,1,0.93,0.9,5.0,F,-79.0,10.25,True,,2026-07-11T14:52:50.581+00:00,/dev/cu.usbserial-58870137921,"RX,3826051,R35,TXA,N01,54,56626,G,1,0.93,0.90,5,F,-79,10.25"
RX,3826319,R35,TXB,N16,26,56893,E,0,0.87,0.84,5.0,U,-81.0,10.0,True,,2026-07-11T14:52:50.851+00:00,/dev/cu.usbserial-58870137921,"RX,3826319,R35,TXB,N16,26,56893,E,0,0.87,0.84,5,U,-81,10.00"
RX,3826500,R35,TXG,N91,5,57080,G,0,0.93,0.9,5.0,U,-80.0,9.25,True,,2026-07-11T14:52:51.029+00:00,/dev/cu.usbserial-58870137921,"RX,3826500,R35,TXG,N91,5,57080,G,0,0.93,0.90,5,U,-80,9.25"
RX,3826802,R35,TXE,N61,24,57382,A,1,0.75,0.72,5.0,U,-77.0,9.75,True,,2026-07-11T14:52:51.332+00:00,/dev/cu.usbserial-58870137921,"RX,3826802,R35,TXE,N61,24,57382,A,1,0.75,0.72,5,U,-77,9.75"
RX,3827051,R35,TXA,N01,55,57626,H,0,0.32,0.3,5.0,F,-80.0,9.5,True,,2026-07-11T14:52:51.581+00:00,/dev/cu.usbserial-58870137921,"RX,3827051,R35,TXA,N01,55,57626,H,0,0.32,0.30,5,F,-80,9.50"
RX,3827192,R35,TXK,N151,28,57763,A,1,0.75,0.72,5.0,U,-68.0,9.75,True,,2026-07-11T14:52:51.722+00:00,/dev/cu.usbserial-58870137921,"RX,3827192,R35,TXK,N151,28,57763,A,1,0.75,0.72,5,U,-68,9.75"
RX,3827551,R35,TXF,N76,13,58131,G,1,0.93,0.9,5.0,U,-76.0,9.75,True,,2026-07-11T14:52:52.081+00:00,/dev/cu.usbserial-58870137921,"RX,3827551,R35,TXF,N76,13,58131,G,1,0.93,0.90,5,U,-76,9.75"
RX,3827709,R35,TXJ,N136,5,58280,G,0,0.93,0.9,5.0,U,-77.0,10.0,True,,2026-07-11T14:52:52.239+00:00,/dev/cu.usbserial-58870137921,"RX,3827709,R35,TXJ,N136,5,58280,G,0,0.93,0.90,5,U,-77,10.00"
RX,3827806,R35,TXC,N31,12,58381,E,0,0.87,0.84,5.0,U,-85.0,9.5,True,,2026-07-11T14:52:52.335+00:00,/dev/cu.usbserial-58870137921,"RX,3827806,R35,TXC,N31,12,58381,E,0,0.87,0.84,5,U,-85,9.50"
RX,3828051,R35,TXA,N01,56,58626,A,1,0.75,0.72,5.0,F,-81.0,9.75,True,,2026-07-11T14:52:52.581+00:00,/dev/cu.usbserial-58870137921,"RX,3828051,R35,TXA,N01,56,58626,A,1,0.75,0.72,5,F,-81,9.75"
RX,3828319,R35,TXB,N16,27,58893,G,1,0.93,0.9,5.0,U,-80.0,10.25,True,,2026-07-11T14:52:52.850+00:00,/dev/cu.usbserial-58870137921,"RX,3828319,R35,TXB,N16,27,58893,G,1,0.93,0.90,5,U,-80,10.25"
RX,3828802,R35,TXE,N61,25,59382,C,1,0.81,0.78,5.0,U,-77.0,9.75,True,,2026-07-11T14:52:53.332+00:00,/dev/cu.usbserial-58870137921,"RX,3828802,R35,TXE,N61,25,59382,C,1,0.81,0.78,5,U,-77,9.75"
RX,3828910,R35,TXI,N121,12,59481,E,0,0.87,0.84,5.0,U,-74.0,9.5,True,,2026-07-11T14:52:53.440+00:00,/dev/cu.usbserial-58870137921,"RX,3828910,R35,TXI,N121,12,59481,E,0,0.87,0.84,5,U,-74,9.50"
RX,3829051,R35,TXA,N01,57,59626,B,1,0.2,0.18,5.0,F,-81.0,9.5,True,,2026-07-11T14:52:53.581+00:00,/dev/cu.usbserial-58870137921,"RX,3829051,R35,TXA,N01,57,59626,B,1,0.20,0.18,5,F,-81,9.50"
RX,3829192,R35,TXK,N151,29,59763,C,0,0.81,0.78,5.0,U,-67.0,9.5,True,,2026-07-11T14:52:53.722+00:00,/dev/cu.usbserial-58870137921,"RX,3829192,R35,TXK,N151,29,59763,C,0,0.81,0.78,5,U,-67,9.50"
RX,3829805,R35,TXC,N31,13,60381,G,1,0.93,0.9,5.0,U,-81.0,10.0,True,,2026-07-11T14:52:54.336+00:00,/dev/cu.usbserial-58870137921,"RX,3829805,R35,TXC,N31,13,60381,G,1,0.93,0.90,5,U,-81,10.00"
RX,3830051,R35,TXA,N01,58,60626,C,0,0.81,0.78,5.0,F,-78.0,10.0,True,,2026-07-11T14:52:54.581+00:00,/dev/cu.usbserial-58870137921,"RX,3830051,R35,TXA,N01,58,60626,C,0,0.81,0.78,5,F,-78,10.00"
RX,3830319,R35,TXB,N16,28,60893,A,1,0.75,0.72,5.0,U,-82.0,9.5,True,,2026-07-11T14:52:54.850+00:00,/dev/cu.usbserial-58870137921,"RX,3830319,R35,TXB,N16,28,60893,A,1,0.75,0.72,5,U,-82,9.50"
RX,3830802,R35,TXE,N61,26,61382,E,0,0.87,0.84,5.0,U,-77.0,9.75,True,,2026-07-11T14:52:55.332+00:00,/dev/cu.usbserial-58870137921,"RX,3830802,R35,TXE,N61,26,61382,E,0,0.87,0.84,5,U,-77,9.75"
RX,3830910,R35,TXI,N121,13,61481,G,1,0.93,0.9,5.0,U,-75.0,9.75,True,,2026-07-11T14:52:55.440+00:00,/dev/cu.usbserial-58870137921,"RX,3830910,R35,TXI,N121,13,61481,G,1,0.93,0.90,5,U,-75,9.75"
RX,3831051,R35,TXA,N01,59,61626,D,1,0.24,0.22,5.0,F,-80.0,9.5,True,,2026-07-11T14:52:55.581+00:00,/dev/cu.usbserial-58870137921,"RX,3831051,R35,TXA,N01,59,61626,D,1,0.24,0.22,5,F,-80,9.50"
RX,3831192,R35,TXK,N151,30,61763,E,1,0.87,0.84,5.0,U,-69.0,9.25,True,,2026-07-11T14:52:55.722+00:00,/dev/cu.usbserial-58870137921,"RX,3831192,R35,TXK,N151,30,61763,E,1,0.87,0.84,5,U,-69,9.25"
RX,3832051,R35,TXA,N01,60,62626,E,1,0.87,0.84,5.0,F,-80.0,9.75,True,,2026-07-11T14:52:56.581+00:00,/dev/cu.usbserial-58870137921,"RX,3832051,R35,TXA,N01,60,62626,E,1,0.87,0.84,5,F,-80,9.75"
RX,3832319,R35,TXB,N16,29,62893,C,0,0.81,0.78,5.0,U,-82.0,10.0,True,,2026-07-11T14:52:56.849+00:00,/dev/cu.usbserial-58870137921,"RX,3832319,R35,TXB,N16,29,62893,C,0,0.81,0.78,5,U,-82,10.00"
RX,3832802,R35,TXE,N61,27,63382,G,1,0.93,0.9,5.0,U,-77.0,9.5,True,,2026-07-11T14:52:57.332+00:00,/dev/cu.usbserial-58870137921,"RX,3832802,R35,TXE,N61,27,63382,G,1,0.93,0.90,5,U,-77,9.50"
RX,3833051,R35,TXA,N01,61,63626,F,0,0.28,0.26,5.0,F,-80.0,10.0,True,,2026-07-11T14:52:57.581+00:00,/dev/cu.usbserial-58870137921,"RX,3833051,R35,TXA,N01,61,63626,F,0,0.28,0.26,5,F,-80,10.00"
RX,3833192,R35,TXK,N151,31,63763,G,1,0.93,0.9,5.0,U,-68.0,9.5,True,,2026-07-11T14:52:57.724+00:00,/dev/cu.usbserial-58870137921,"RX,3833192,R35,TXK,N151,31,63763,G,1,0.93,0.90,5,U,-68,9.50"
RX,3833551,R35,TXF,N76,14,64131,E,1,0.87,0.84,5.0,U,-76.0,9.75,True,,2026-07-11T14:52:58.081+00:00,/dev/cu.usbserial-58870137921,"RX,3833551,R35,TXF,N76,14,64131,E,1,0.87,0.84,5,U,-76,9.75"
RX,3833855,R35,TXD,N46,7,64430,G,1,0.93,0.9,5.0,U,-77.0,9.25,True,,2026-07-11T14:52:58.384+00:00,/dev/cu.usbserial-58870137921,"RX,3833855,R35,TXD,N46,7,64430,G,1,0.93,0.90,5,U,-77,9.25"
RX,3834051,R35,TXA,N01,62,64626,G,1,0.93,0.9,5.0,F,-79.0,10.25,True,,2026-07-11T14:52:58.581+00:00,/dev/cu.usbserial-58870137921,"RX,3834051,R35,TXA,N01,62,64626,G,1,0.93,0.90,5,F,-79,10.25"
RX,3834319,R35,TXB,N16,30,64893,E,1,0.87,0.84,5.0,U,-82.0,10.5,True,,2026-07-11T14:52:58.851+00:00,/dev/cu.usbserial-58870137921,"RX,3834319,R35,TXB,N16,30,64893,E,1,0.87,0.84,5,U,-82,10.50"
RX,3834500,R35,TXG,N91,6,65080,G,1,0.93,0.9,5.0,U,-86.0,9.25,True,,2026-07-11T14:52:59.029+00:00,/dev/cu.usbserial-58870137921,"RX,3834500,R35,TXG,N91,6,65080,G,1,0.93,0.90,5,U,-86,9.25"
RX,3834802,R35,TXE,N61,28,65382,A,1,0.75,0.72,5.0,U,-77.0,9.5,True,,2026-07-11T14:52:59.332+00:00,/dev/cu.usbserial-58870137921,"RX,3834802,R35,TXE,N61,28,65382,A,1,0.75,0.72,5,U,-77,9.50"
RX,3835051,R35,TXA,N01,63,65626,H,1,0.32,0.3,5.0,F,-78.0,9.75,True,,2026-07-11T14:52:59.581+00:00,/dev/cu.usbserial-58870137921,"RX,3835051,R35,TXA,N01,63,65626,H,1,0.32,0.30,5,F,-78,9.75"
RX,3835192,R35,TXK,N151,32,65763,A,1,0.75,0.72,5.0,U,-71.0,9.75,True,,2026-07-11T14:52:59.722+00:00,/dev/cu.usbserial-58870137921,"RX,3835192,R35,TXK,N151,32,65763,A,1,0.75,0.72,5,U,-71,9.75"
RX,3835551,R35,TXF,N76,15,66131,G,1,0.93,0.9,5.0,U,-78.0,9.75,True,,2026-07-11T14:53:00.081+00:00,/dev/cu.usbserial-58870137921,"RX,3835551,R35,TXF,N76,15,66131,G,1,0.93,0.90,5,U,-78,9.75"
RX,3835709,R35,TXJ,N136,6,66280,G,1,0.93,0.9,5.0,U,-82.0,10.25,True,,2026-07-11T14:53:00.239+00:00,/dev/cu.usbserial-58870137921,"RX,3835709,R35,TXJ,N136,6,66280,G,1,0.93,0.90,5,U,-82,10.25"
RX,3835805,R35,TXC,N31,14,66381,E,1,0.87,0.84,5.0,U,-79.0,10.25,True,,2026-07-11T14:53:00.335+00:00,/dev/cu.usbserial-58870137921,"RX,3835805,R35,TXC,N31,14,66381,E,1,0.87,0.84,5,U,-79,10.25"
RX,3836051,R35,TXA,N01,64,66626,A,1,0.75,0.72,5.0,F,-79.0,9.75,True,,2026-07-11T14:53:00.581+00:00,/dev/cu.usbserial-58870137921,"RX,3836051,R35,TXA,N01,64,66626,A,1,0.75,0.72,5,F,-79,9.75"
RX,3836319,R35,TXB,N16,31,66893,G,1,0.93,0.9,5.0,U,-81.0,10.5,True,,2026-07-11T14:53:00.850+00:00,/dev/cu.usbserial-58870137921,"RX,3836319,R35,TXB,N16,31,66893,G,1,0.93,0.90,5,U,-81,10.50"
RX,3836802,R35,TXE,N61,29,67382,C,0,0.81,0.78,5.0,U,-76.0,9.75,True,,2026-07-11T14:53:01.332+00:00,/dev/cu.usbserial-58870137921,"RX,3836802,R35,TXE,N61,29,67382,C,0,0.81,0.78,5,U,-76,9.75"
RX,3836910,R35,TXI,N121,14,67481,E,1,0.87,0.84,5.0,U,-75.0,9.25,True,,2026-07-11T14:53:01.440+00:00,/dev/cu.usbserial-58870137921,"RX,3836910,R35,TXI,N121,14,67481,E,1,0.87,0.84,5,U,-75,9.25"
RX,3837051,R35,TXA,N01,65,67626,B,0,0.2,0.18,5.0,F,-79.0,10.0,True,,2026-07-11T14:53:01.581+00:00,/dev/cu.usbserial-58870137921,"RX,3837051,R35,TXA,N01,65,67626,B,0,0.20,0.18,5,F,-79,10.00"
RX,3837192,R35,TXK,N151,33,67763,C,1,0.81,0.78,5.0,U,-68.0,10.0,True,,2026-07-11T14:53:01.722+00:00,/dev/cu.usbserial-58870137921,"RX,3837192,R35,TXK,N151,33,67763,C,1,0.81,0.78,5,U,-68,10.00"
RX,3837805,R35,TXC,N31,15,68381,G,1,0.93,0.9,5.0,U,-76.0,9.25,True,,2026-07-11T14:53:02.335+00:00,/dev/cu.usbserial-58870137921,"RX,3837805,R35,TXC,N31,15,68381,G,1,0.93,0.90,5,U,-76,9.25"
RX,3838051,R35,TXA,N01,66,68626,C,1,0.81,0.78,5.0,F,-83.0,10.0,True,,2026-07-11T14:53:02.581+00:00,/dev/cu.usbserial-58870137921,"RX,3838051,R35,TXA,N01,66,68626,C,1,0.81,0.78,5,F,-83,10.00"
RX,3838319,R35,TXB,N16,32,68893,A,1,0.75,0.72,5.0,U,-81.0,9.5,True,,2026-07-11T14:53:02.850+00:00,/dev/cu.usbserial-58870137921,"RX,3838319,R35,TXB,N16,32,68893,A,1,0.75,0.72,5,U,-81,9.50"
RX,3838802,R35,TXE,N61,30,69382,E,1,0.87,0.84,5.0,U,-77.0,9.5,True,,2026-07-11T14:53:03.332+00:00,/dev/cu.usbserial-58870137921,"RX,3838802,R35,TXE,N61,30,69382,E,1,0.87,0.84,5,U,-77,9.50"
RX,3838910,R35,TXI,N121,15,69481,G,1,0.93,0.9,5.0,U,-74.0,9.5,True,,2026-07-11T14:53:03.440+00:00,/dev/cu.usbserial-58870137921,"RX,3838910,R35,TXI,N121,15,69481,G,1,0.93,0.90,5,U,-74,9.50"
RX,3839051,R35,TXA,N01,67,69626,D,1,0.24,0.22,5.0,F,-85.0,10.0,True,,2026-07-11T14:53:03.581+00:00,/dev/cu.usbserial-58870137921,"RX,3839051,R35,TXA,N01,67,69626,D,1,0.24,0.22,5,F,-85,10.00"
RX,3839192,R35,TXK,N151,34,69763,E,0,0.87,0.84,5.0,U,-71.0,9.75,True,,2026-07-11T14:53:03.722+00:00,/dev/cu.usbserial-58870137921,"RX,3839192,R35,TXK,N151,34,69763,E,0,0.87,0.84,5,U,-71,9.75"
RX,3840051,R35,TXA,N01,68,70626,E,0,0.87,0.84,5.0,F,-82.0,9.75,True,,2026-07-11T14:53:04.581+00:00,/dev/cu.usbserial-58870137921,"RX,3840051,R35,TXA,N01,68,70626,E,0,0.87,0.84,5,F,-82,9.75"
RX,3840319,R35,TXB,N16,33,70893,C,1,0.81,0.78,5.0,U,-82.0,10.25,True,,2026-07-11T14:53:04.850+00:00,/dev/cu.usbserial-58870137921,"RX,3840319,R35,TXB,N16,33,70893,C,1,0.81,0.78,5,U,-82,10.25"
RX,3840802,R35,TXE,N61,31,71382,G,1,0.93,0.9,5.0,U,-75.0,9.75,True,,2026-07-11T14:53:05.332+00:00,/dev/cu.usbserial-58870137921,"RX,3840802,R35,TXE,N61,31,71382,G,1,0.93,0.90,5,U,-75,9.75"
RX,3841051,R35,TXA,N01,69,71626,F,1,0.28,0.26,5.0,F,-81.0,9.75,True,,2026-07-11T14:53:05.581+00:00,/dev/cu.usbserial-58870137921,"RX,3841051,R35,TXA,N01,69,71626,F,1,0.28,0.26,5,F,-81,9.75"
RX,3841345,R35,TXL,N166,4,71916,G,1,0.93,0.9,5.0,U,-90.0,8.75,True,,2026-07-11T14:53:05.875+00:00,/dev/cu.usbserial-58870137921,"RX,3841345,R35,TXL,N166,4,71916,G,1,0.93,0.90,5,U,-90,8.75"
RX,3841551,R35,TXF,N76,16,72131,E,0,0.87,0.84,5.0,U,-75.0,10.25,True,,2026-07-11T14:53:06.081+00:00,/dev/cu.usbserial-58870137921,"RX,3841551,R35,TXF,N76,16,72131,E,0,0.87,0.84,5,U,-75,10.25"
RX,3841855,R35,TXD,N46,8,72430,G,1,0.93,0.9,5.0,U,-71.0,9.5,True,,2026-07-11T14:53:06.384+00:00,/dev/cu.usbserial-58870137921,"RX,3841855,R35,TXD,N46,8,72430,G,1,0.93,0.90,5,U,-71,9.50"
RX,3842051,R35,TXA,N01,70,72626,G,1,0.93,0.9,5.0,F,-81.0,10.0,True,,2026-07-11T14:53:06.581+00:00,/dev/cu.usbserial-58870137921,"RX,3842051,R35,TXA,N01,70,72626,G,1,0.93,0.90,5,F,-81,10.00"
RX,3842319,R35,TXB,N16,34,72893,E,0,0.87,0.84,5.0,U,-82.0,10.0,True,,2026-07-11T14:53:06.850+00:00,/dev/cu.usbserial-58870137921,"RX,3842319,R35,TXB,N16,34,72893,E,0,0.87,0.84,5,U,-82,10.00"
RX,3842500,R35,TXG,N91,7,73080,G,1,0.93,0.9,5.0,U,-87.0,9.25,True,,2026-07-11T14:53:07.029+00:00,/dev/cu.usbserial-58870137921,"RX,3842500,R35,TXG,N91,7,73080,G,1,0.93,0.90,5,U,-87,9.25"
RX,3842802,R35,TXE,N61,32,73382,A,1,0.75,0.72,5.0,U,-75.0,9.75,True,,2026-07-11T14:53:07.332+00:00,/dev/cu.usbserial-58870137921,"RX,3842802,R35,TXE,N61,32,73382,A,1,0.75,0.72,5,U,-75,9.75"
RX,3843051,R35,TXA,N01,71,73626,H,0,0.32,0.3,5.0,F,-80.0,9.5,True,,2026-07-11T14:53:07.581+00:00,/dev/cu.usbserial-58870137921,"RX,3843051,R35,TXA,N01,71,73626,H,0,0.32,0.30,5,F,-80,9.50"
RX,3843192,R35,TXK,N151,36,73763,A,1,0.75,0.72,5.0,U,-69.0,9.5,True,,2026-07-11T14:53:07.722+00:00,/dev/cu.usbserial-58870137921,"RX,3843192,R35,TXK,N151,36,73763,A,1,0.75,0.72,5,U,-69,9.50"
RX,3843551,R35,TXF,N76,17,74131,G,1,0.93,0.9,5.0,U,-77.0,9.75,True,,2026-07-11T14:53:08.081+00:00,/dev/cu.usbserial-58870137921,"RX,3843551,R35,TXF,N76,17,74131,G,1,0.93,0.90,5,U,-77,9.75"
RX,3843709,R35,TXJ,N136,7,74280,G,1,0.93,0.9,5.0,U,-77.0,9.5,True,,2026-07-11T14:53:08.239+00:00,/dev/cu.usbserial-58870137921,"RX,3843709,R35,TXJ,N136,7,74280,G,1,0.93,0.90,5,U,-77,9.50"
RX,3843805,R35,TXC,N31,16,74381,E,0,0.87,0.84,5.0,U,-77.0,9.5,True,,2026-07-11T14:53:08.335+00:00,/dev/cu.usbserial-58870137921,"RX,3843805,R35,TXC,N31,16,74381,E,0,0.87,0.84,5,U,-77,9.50"
RX,3844051,R35,TXA,N01,72,74626,A,1,0.75,0.72,5.0,F,-78.0,9.5,True,,2026-07-11T14:53:08.581+00:00,/dev/cu.usbserial-58870137921,"RX,3844051,R35,TXA,N01,72,74626,A,1,0.75,0.72,5,F,-78,9.50"
RX,3844319,R35,TXB,N16,35,74893,G,1,0.93,0.9,5.0,U,-82.0,10.5,True,,2026-07-11T14:53:08.851+00:00,/dev/cu.usbserial-58870137921,"RX,3844319,R35,TXB,N16,35,74893,G,1,0.93,0.90,5,U,-82,10.50"
RX,3844802,R35,TXE,N61,33,75382,C,1,0.81,0.78,5.0,U,-76.0,9.75,True,,2026-07-11T14:53:09.332+00:00,/dev/cu.usbserial-58870137921,"RX,3844802,R35,TXE,N61,33,75382,C,1,0.81,0.78,5,U,-76,9.75"
RX,3844910,R35,TXI,N121,16,75481,E,0,0.87,0.84,5.0,U,-74.0,9.75,True,,2026-07-11T14:53:09.440+00:00,/dev/cu.usbserial-58870137921,"RX,3844910,R35,TXI,N121,16,75481,E,0,0.87,0.84,5,U,-74,9.75"
RX,3845051,R35,TXA,N01,73,75626,B,1,0.2,0.18,5.0,F,-79.0,9.5,True,,2026-07-11T14:53:09.581+00:00,/dev/cu.usbserial-58870137921,"RX,3845051,R35,TXA,N01,73,75626,B,1,0.20,0.18,5,F,-79,9.50"
RX,3845192,R35,TXK,N151,37,75763,C,0,0.81,0.78,5.0,U,-67.0,9.75,True,,2026-07-11T14:53:09.722+00:00,/dev/cu.usbserial-58870137921,"RX,3845192,R35,TXK,N151,37,75763,C,0,0.81,0.78,5,U,-67,9.75"
RX,3845805,R35,TXC,N31,17,76381,G,1,0.93,0.9,5.0,U,-82.0,9.75,True,,2026-07-11T14:53:10.335+00:00,/dev/cu.usbserial-58870137921,"RX,3845805,R35,TXC,N31,17,76381,G,1,0.93,0.90,5,U,-82,9.75"
RX,3846051,R35,TXA,N01,74,76626,C,0,0.81,0.78,5.0,F,-81.0,10.0,True,,2026-07-11T14:53:10.581+00:00,/dev/cu.usbserial-58870137921,"RX,3846051,R35,TXA,N01,74,76626,C,0,0.81,0.78,5,F,-81,10.00"
RX,3846319,R35,TXB,N16,36,76893,A,1,0.75,0.72,5.0,U,-81.0,10.0,True,,2026-07-11T14:53:10.851+00:00,/dev/cu.usbserial-58870137921,"RX,3846319,R35,TXB,N16,36,76893,A,1,0.75,0.72,5,U,-81,10.00"
RX,3846802,R35,TXE,N61,34,77382,E,0,0.87,0.84,5.0,U,-75.0,10.5,True,,2026-07-11T14:53:11.332+00:00,/dev/cu.usbserial-58870137921,"RX,3846802,R35,TXE,N61,34,77382,E,0,0.87,0.84,5,U,-75,10.50"
RX,3846910,R35,TXI,N121,17,77481,G,1,0.93,0.9,5.0,U,-74.0,9.25,True,,2026-07-11T14:53:11.440+00:00,/dev/cu.usbserial-58870137921,"RX,3846910,R35,TXI,N121,17,77481,G,1,0.93,0.90,5,U,-74,9.25"
RX,3847051,R35,TXA,N01,75,77626,D,1,0.24,0.22,5.0,F,-80.0,10.25,True,,2026-07-11T14:53:11.581+00:00,/dev/cu.usbserial-58870137921,"RX,3847051,R35,TXA,N01,75,77626,D,1,0.24,0.22,5,F,-80,10.25"
RX,3847192,R35,TXK,N151,38,77763,E,1,0.87,0.84,5.0,U,-68.0,9.75,True,,2026-07-11T14:53:11.722+00:00,/dev/cu.usbserial-58870137921,"RX,3847192,R35,TXK,N151,38,77763,E,1,0.87,0.84,5,U,-68,9.75"
RX,3848051,R35,TXA,N01,76,78626,E,1,0.87,0.84,5.0,F,-81.0,9.75,True,,2026-07-11T14:53:12.581+00:00,/dev/cu.usbserial-58870137921,"RX,3848051,R35,TXA,N01,76,78626,E,1,0.87,0.84,5,F,-81,9.75"
RX,3848319,R35,TXB,N16,37,78893,C,0,0.81,0.78,5.0,U,-82.0,9.5,True,,2026-07-11T14:53:12.850+00:00,/dev/cu.usbserial-58870137921,"RX,3848319,R35,TXB,N16,37,78893,C,0,0.81,0.78,5,U,-82,9.50"
RX,3848802,R35,TXE,N61,35,79382,G,1,0.93,0.9,5.0,U,-76.0,9.5,True,,2026-07-11T14:53:13.332+00:00,/dev/cu.usbserial-58870137921,"RX,3848802,R35,TXE,N61,35,79382,G,1,0.93,0.90,5,U,-76,9.50"
RX,3849051,R35,TXA,N01,77,79626,F,0,0.28,0.26,5.0,F,-81.0,9.75,True,,2026-07-11T14:53:13.581+00:00,/dev/cu.usbserial-58870137921,"RX,3849051,R35,TXA,N01,77,79626,F,0,0.28,0.26,5,F,-81,9.75"
RX,3849345,R35,TXL,N166,5,79916,G,1,0.93,0.9,5.0,U,-81.0,9.5,True,,2026-07-11T14:53:13.875+00:00,/dev/cu.usbserial-58870137921,"RX,3849345,R35,TXL,N166,5,79916,G,1,0.93,0.90,5,U,-81,9.50"
RX,3849551,R35,TXF,N76,18,80131,E,1,0.87,0.84,5.0,U,-75.0,10.0,True,,2026-07-11T14:53:14.081+00:00,/dev/cu.usbserial-58870137921,"RX,3849551,R35,TXF,N76,18,80131,E,1,0.87,0.84,5,U,-75,10.00"
RX,3849854,R35,TXD,N46,9,80430,G,1,0.93,0.9,5.0,U,-72.0,9.25,True,,2026-07-11T14:53:14.384+00:00,/dev/cu.usbserial-58870137921,"RX,3849854,R35,TXD,N46,9,80430,G,1,0.93,0.90,5,U,-72,9.25"
RX,3850051,R35,TXA,N01,78,80626,G,1,0.93,0.9,5.0,F,-78.0,10.0,True,,2026-07-11T14:53:14.582+00:00,/dev/cu.usbserial-58870137921,"RX,3850051,R35,TXA,N01,78,80626,G,1,0.93,0.90,5,F,-78,10.00"
RX,3850319,R35,TXB,N16,38,80893,E,1,0.87,0.84,5.0,U,-82.0,10.25,True,,2026-07-11T14:53:14.850+00:00,/dev/cu.usbserial-58870137921,"RX,3850319,R35,TXB,N16,38,80893,E,1,0.87,0.84,5,U,-82,10.25"
RX,3850500,R35,TXG,N91,8,81080,G,1,0.93,0.9,5.0,U,-79.0,10.0,True,,2026-07-11T14:53:15.030+00:00,/dev/cu.usbserial-58870137921,"RX,3850500,R35,TXG,N91,8,81080,G,1,0.93,0.90,5,U,-79,10.00"
RX,3850802,R35,TXE,N61,36,81382,A,1,0.75,0.72,5.0,U,-79.0,9.75,True,,2026-07-11T14:53:15.332+00:00,/dev/cu.usbserial-58870137921,"RX,3850802,R35,TXE,N61,36,81382,A,1,0.75,0.72,5,U,-79,9.75"
RX,3851051,R35,TXA,N01,79,81626,H,1,0.32,0.3,5.0,F,-82.0,9.75,True,,2026-07-11T14:53:15.581+00:00,/dev/cu.usbserial-58870137921,"RX,3851051,R35,TXA,N01,79,81626,H,1,0.32,0.30,5,F,-82,9.75"
RX,3851192,R35,TXK,N151,40,81763,A,0,0.75,0.72,5.0,U,-69.0,9.5,True,,2026-07-11T14:53:15.722+00:00,/dev/cu.usbserial-58870137921,"RX,3851192,R35,TXK,N151,40,81763,A,0,0.75,0.72,5,U,-69,9.50"
RX,3851551,R35,TXF,N76,19,82131,G,1,0.93,0.9,5.0,U,-75.0,9.75,True,,2026-07-11T14:53:16.081+00:00,/dev/cu.usbserial-58870137921,"RX,3851551,R35,TXF,N76,19,82131,G,1,0.93,0.90,5,U,-75,9.75"
RX,3851709,R35,TXJ,N136,8,82280,G,1,0.93,0.9,5.0,U,-76.0,9.75,True,,2026-07-11T14:53:16.239+00:00,/dev/cu.usbserial-58870137921,"RX,3851709,R35,TXJ,N136,8,82280,G,1,0.93,0.90,5,U,-76,9.75"
RX,3851805,R35,TXC,N31,18,82381,E,1,0.87,0.84,5.0,U,-78.0,9.75,True,,2026-07-11T14:53:16.335+00:00,/dev/cu.usbserial-58870137921,"RX,3851805,R35,TXC,N31,18,82381,E,1,0.87,0.84,5,U,-78,9.75"
RX,3852051,R35,TXA,N01,80,82626,A,0,0.75,0.72,5.0,F,-79.0,10.25,True,,2026-07-11T14:53:16.581+00:00,/dev/cu.usbserial-58870137921,"RX,3852051,R35,TXA,N01,80,82626,A,0,0.75,0.72,5,F,-79,10.25"
RX,3852319,R35,TXB,N16,39,82893,G,1,0.93,0.9,5.0,U,-81.0,9.5,True,,2026-07-11T14:53:16.850+00:00,/dev/cu.usbserial-58870137921,"RX,3852319,R35,TXB,N16,39,82893,G,1,0.93,0.90,5,U,-81,9.50"
RX,3852802,R35,TXE,N61,37,83382,C,0,0.81,0.78,5.0,U,-76.0,9.5,True,,2026-07-11T14:53:17.332+00:00,/dev/cu.usbserial-58870137921,"RX,3852802,R35,TXE,N61,37,83382,C,0,0.81,0.78,5,U,-76,9.50"
RX,3852910,R35,TXI,N121,18,83481,E,1,0.87,0.84,5.0,U,-77.0,10.0,True,,2026-07-11T14:53:17.440+00:00,/dev/cu.usbserial-58870137921,"RX,3852910,R35,TXI,N121,18,83481,E,1,0.87,0.84,5,U,-77,10.00"
RX,3853051,R35,TXA,N01,81,83626,B,1,0.2,0.18,5.0,F,-82.0,9.75,True,,2026-07-11T14:53:17.581+00:00,/dev/cu.usbserial-58870137921,"RX,3853051,R35,TXA,N01,81,83626,B,1,0.20,0.18,5,F,-82,9.75"
RX,3853192,R35,TXK,N151,41,83763,C,1,0.81,0.78,5.0,U,-73.0,9.75,True,,2026-07-11T14:53:17.722+00:00,/dev/cu.usbserial-58870137921,"RX,3853192,R35,TXK,N151,41,83763,C,1,0.81,0.78,5,U,-73,9.75"
RX,3853805,R35,TXC,N31,19,84381,G,1,0.93,0.9,5.0,U,-75.0,9.25,True,,2026-07-11T14:53:18.335+00:00,/dev/cu.usbserial-58870137921,"RX,3853805,R35,TXC,N31,19,84381,G,1,0.93,0.90,5,U,-75,9.25"
RX,3854051,R35,TXA,N01,82,84626,C,1,0.81,0.78,5.0,F,-78.0,10.0,True,,2026-07-11T14:53:18.581+00:00,/dev/cu.usbserial-58870137921,"RX,3854051,R35,TXA,N01,82,84626,C,1,0.81,0.78,5,F,-78,10.00"
RX,3854319,R35,TXB,N16,40,84893,A,0,0.75,0.72,5.0,U,-83.0,10.0,True,,2026-07-11T14:53:18.850+00:00,/dev/cu.usbserial-58870137921,"RX,3854319,R35,TXB,N16,40,84893,A,0,0.75,0.72,5,U,-83,10.00"
RX,3854802,R35,TXE,N61,38,85382,E,1,0.87,0.84,5.0,U,-76.0,10.0,True,,2026-07-11T14:53:19.332+00:00,/dev/cu.usbserial-58870137921,"RX,3854802,R35,TXE,N61,38,85382,E,1,0.87,0.84,5,U,-76,10.00"
RX,3854910,R35,TXI,N121,19,85481,G,1,0.93,0.9,5.0,U,-74.0,9.5,True,,2026-07-11T14:53:19.440+00:00,/dev/cu.usbserial-58870137921,"RX,3854910,R35,TXI,N121,19,85481,G,1,0.93,0.90,5,U,-74,9.50"
RX,3855051,R35,TXA,N01,83,85626,D,0,0.24,0.22,5.0,F,-80.0,10.25,True,,2026-07-11T14:53:19.582+00:00,/dev/cu.usbserial-58870137921,"RX,3855051,R35,TXA,N01,83,85626,D,0,0.24,0.22,5,F,-80,10.25"
RX,3855192,R35,TXK,N151,42,85763,E,1,0.87,0.84,5.0,U,-66.0,9.5,True,,2026-07-11T14:53:19.722+00:00,/dev/cu.usbserial-58870137921,"RX,3855192,R35,TXK,N151,42,85763,E,1,0.87,0.84,5,U,-66,9.50"
RX,3856051,R35,TXA,N01,84,86626,E,1,0.87,0.84,5.0,F,-80.0,10.5,True,,2026-07-11T14:53:20.581+00:00,/dev/cu.usbserial-58870137921,"RX,3856051,R35,TXA,N01,84,86626,E,1,0.87,0.84,5,F,-80,10.50"
RX,3856319,R35,TXB,N16,41,86893,C,1,0.81,0.78,5.0,U,-82.0,9.75,True,,2026-07-11T14:53:20.850+00:00,/dev/cu.usbserial-58870137921,"RX,3856319,R35,TXB,N16,41,86893,C,1,0.81,0.78,5,U,-82,9.75"
RX,3856802,R35,TXE,N61,39,87382,G,1,0.93,0.9,5.0,U,-77.0,9.75,True,,2026-07-11T14:53:21.332+00:00,/dev/cu.usbserial-58870137921,"RX,3856802,R35,TXE,N61,39,87382,G,1,0.93,0.90,5,U,-77,9.75"
RX,3857051,R35,TXA,N01,85,87626,F,1,0.28,0.26,5.0,F,-76.0,9.75,True,,2026-07-11T14:53:21.582+00:00,/dev/cu.usbserial-58870137921,"RX,3857051,R35,TXA,N01,85,87626,F,1,0.28,0.26,5,F,-76,9.75"
RX,3857345,R35,TXL,N166,6,87916,G,0,0.93,0.9,5.0,U,-81.0,9.25,True,,2026-07-11T14:53:21.875+00:00,/dev/cu.usbserial-58870137921,"RX,3857345,R35,TXL,N166,6,87916,G,0,0.93,0.90,5,U,-81,9.25"
RX,3857551,R35,TXF,N76,20,88131,E,1,0.87,0.84,5.0,U,-72.0,10.0,True,,2026-07-11T14:53:22.081+00:00,/dev/cu.usbserial-58870137921,"RX,3857551,R35,TXF,N76,20,88131,E,1,0.87,0.84,5,U,-72,10.00"
RX,3857854,R35,TXD,N46,10,88430,G,0,0.93,0.9,5.0,U,-73.0,10.0,True,,2026-07-11T14:53:22.385+00:00,/dev/cu.usbserial-58870137921,"RX,3857854,R35,TXD,N46,10,88430,G,0,0.93,0.90,5,U,-73,10.00"
RX,3858051,R35,TXA,N01,86,88626,G,0,0.93,0.9,5.0,F,-77.0,10.0,True,,2026-07-11T14:53:22.581+00:00,/dev/cu.usbserial-58870137921,"RX,3858051,R35,TXA,N01,86,88626,G,0,0.93,0.90,5,F,-77,10.00"
RX,3858319,R35,TXB,N16,42,88893,E,1,0.87,0.84,5.0,U,-81.0,10.0,True,,2026-07-11T14:53:22.850+00:00,/dev/cu.usbserial-58870137921,"RX,3858319,R35,TXB,N16,42,88893,E,1,0.87,0.84,5,U,-81,10.00"
RX,3858500,R35,TXG,N91,9,89080,G,1,0.93,0.9,5.0,U,-86.0,8.75,True,,2026-07-11T14:53:23.030+00:00,/dev/cu.usbserial-58870137921,"RX,3858500,R35,TXG,N91,9,89080,G,1,0.93,0.90,5,U,-86,8.75"
RX,3858802,R35,TXE,N61,40,89382,A,0,0.75,0.72,5.0,U,-76.0,9.5,True,,2026-07-11T14:53:23.332+00:00,/dev/cu.usbserial-58870137921,"RX,3858802,R35,TXE,N61,40,89382,A,0,0.75,0.72,5,U,-76,9.50"
RX,3859051,R35,TXA,N01,87,89626,H,1,0.32,0.3,5.0,F,-80.0,9.5,True,,2026-07-11T14:53:23.581+00:00,/dev/cu.usbserial-58870137921,"RX,3859051,R35,TXA,N01,87,89626,H,1,0.32,0.30,5,F,-80,9.50"
RX,3859192,R35,TXK,N151,44,89763,A,1,0.75,0.72,5.0,U,-67.0,10.0,True,,2026-07-11T14:53:23.722+00:00,/dev/cu.usbserial-58870137921,"RX,3859192,R35,TXK,N151,44,89763,A,1,0.75,0.72,5,U,-67,10.00"
RX,3859551,R35,TXF,N76,21,90131,G,0,0.93,0.9,5.0,U,-74.0,10.0,True,,2026-07-11T14:53:24.081+00:00,/dev/cu.usbserial-58870137921,"RX,3859551,R35,TXF,N76,21,90131,G,0,0.93,0.90,5,U,-74,10.00"
RX,3859709,R35,TXJ,N136,9,90280,G,1,0.93,0.9,5.0,U,-77.0,9.5,True,,2026-07-11T14:53:24.239+00:00,/dev/cu.usbserial-58870137921,"RX,3859709,R35,TXJ,N136,9,90280,G,1,0.93,0.90,5,U,-77,9.50"
RX,3859805,R35,TXC,N31,20,90381,E,1,0.87,0.84,5.0,U,-75.0,10.0,True,,2026-07-11T14:53:24.335+00:00,/dev/cu.usbserial-58870137921,"RX,3859805,R35,TXC,N31,20,90381,E,1,0.87,0.84,5,U,-75,10.00"
RX,3860051,R35,TXA,N01,88,90626,A,1,0.75,0.72,5.0,F,-97.0,7.25,True,,2026-07-11T14:53:24.581+00:00,/dev/cu.usbserial-58870137921,"RX,3860051,R35,TXA,N01,88,90626,A,1,0.75,0.72,5,F,-97,7.25"
RX,3860319,R35,TXB,N16,43,90893,G,0,0.93,0.9,5.0,U,-81.0,9.75,True,,2026-07-11T14:53:24.850+00:00,/dev/cu.usbserial-58870137921,"RX,3860319,R35,TXB,N16,43,90893,G,0,0.93,0.90,5,U,-81,9.75"
RX,3860802,R35,TXE,N61,41,91382,C,1,0.81,0.78,5.0,U,-75.0,9.0,True,,2026-07-11T14:53:25.332+00:00,/dev/cu.usbserial-58870137921,"RX,3860802,R35,TXE,N61,41,91382,C,1,0.81,0.78,5,U,-75,9.00"
RX,3860910,R35,TXI,N121,20,91481,E,1,0.87,0.84,5.0,U,-76.0,9.5,True,,2026-07-11T14:53:25.440+00:00,/dev/cu.usbserial-58870137921,"RX,3860910,R35,TXI,N121,20,91481,E,1,0.87,0.84,5,U,-76,9.50"
RX,3861051,R35,TXA,N01,89,91626,B,0,0.2,0.18,5.0,F,-82.0,10.25,True,,2026-07-11T14:53:25.581+00:00,/dev/cu.usbserial-58870137921,"RX,3861051,R35,TXA,N01,89,91626,B,0,0.20,0.18,5,F,-82,10.25"
RX,3861192,R35,TXK,N151,45,91763,C,1,0.81,0.78,5.0,U,-68.0,9.75,True,,2026-07-11T14:53:25.722+00:00,/dev/cu.usbserial-58870137921,"RX,3861192,R35,TXK,N151,45,91763,C,1,0.81,0.78,5,U,-68,9.75"
RX,3861805,R35,TXC,N31,21,92381,G,0,0.93,0.9,5.0,U,-79.0,9.75,True,,2026-07-11T14:53:26.335+00:00,/dev/cu.usbserial-58870137921,"RX,3861805,R35,TXC,N31,21,92381,G,0,0.93,0.90,5,U,-79,9.75"
RX,3862051,R35,TXA,N01,90,92626,C,1,0.81,0.78,5.0,F,-84.0,9.5,True,,2026-07-11T14:53:26.581+00:00,/dev/cu.usbserial-58870137921,"RX,3862051,R35,TXA,N01,90,92626,C,1,0.81,0.78,5,F,-84,9.50"
RX,3862319,R35,TXB,N16,44,92893,A,1,0.75,0.72,5.0,U,-82.0,9.75,True,,2026-07-11T14:53:26.850+00:00,/dev/cu.usbserial-58870137921,"RX,3862319,R35,TXB,N16,44,92893,A,1,0.75,0.72,5,U,-82,9.75"
RX,3862802,R35,TXE,N61,42,93382,E,1,0.87,0.84,5.0,U,-76.0,10.0,True,,2026-07-11T14:53:27.332+00:00,/dev/cu.usbserial-58870137921,"RX,3862802,R35,TXE,N61,42,93382,E,1,0.87,0.84,5,U,-76,10.00"
RX,3862910,R35,TXI,N121,21,93481,G,0,0.93,0.9,5.0,U,-76.0,9.75,True,,2026-07-11T14:53:27.440+00:00,/dev/cu.usbserial-58870137921,"RX,3862910,R35,TXI,N121,21,93481,G,0,0.93,0.90,5,U,-76,9.75"
RX,3863051,R35,TXA,N01,91,93626,D,1,0.24,0.22,5.0,F,-83.0,9.75,True,,2026-07-11T14:53:27.581+00:00,/dev/cu.usbserial-58870137921,"RX,3863051,R35,TXA,N01,91,93626,D,1,0.24,0.22,5,F,-83,9.75"
RX,3863192,R35,TXK,N151,46,93763,E,0,0.87,0.84,5.0,U,-69.0,9.25,True,,2026-07-11T14:53:27.722+00:00,/dev/cu.usbserial-58870137921,"RX,3863192,R35,TXK,N151,46,93763,E,0,0.87,0.84,5,U,-69,9.25"
RX,3864051,R35,TXA,N01,92,94626,E,0,0.87,0.84,5.0,F,-82.0,10.0,True,,2026-07-11T14:53:28.581+00:00,/dev/cu.usbserial-58870137921,"RX,3864051,R35,TXA,N01,92,94626,E,0,0.87,0.84,5,F,-82,10.00"
RX,3864319,R35,TXB,N16,45,94893,C,1,0.81,0.78,5.0,U,-82.0,9.5,True,,2026-07-11T14:53:28.850+00:00,/dev/cu.usbserial-58870137921,"RX,3864319,R35,TXB,N16,45,94893,C,1,0.81,0.78,5,U,-82,9.50"
RX,3864802,R35,TXE,N61,43,95382,G,0,0.93,0.9,5.0,U,-76.0,9.5,True,,2026-07-11T14:53:29.332+00:00,/dev/cu.usbserial-58870137921,"RX,3864802,R35,TXE,N61,43,95382,G,0,0.93,0.90,5,U,-76,9.50"
RX,3865051,R35,TXA,N01,93,95626,F,1,0.28,0.26,5.0,F,-82.0,9.5,True,,2026-07-11T14:53:29.582+00:00,/dev/cu.usbserial-58870137921,"RX,3865051,R35,TXA,N01,93,95626,F,1,0.28,0.26,5,F,-82,9.50"
RX,3865344,R35,TXL,N166,7,95916,G,1,0.93,0.9,5.0,U,-92.0,9.0,True,,2026-07-11T14:53:29.875+00:00,/dev/cu.usbserial-58870137921,"RX,3865344,R35,TXL,N166,7,95916,G,1,0.93,0.90,5,U,-92,9.00"
RX,3865550,R35,TXF,N76,22,96131,E,0,0.87,0.84,5.0,U,-74.0,9.5,True,,2026-07-11T14:53:30.081+00:00,/dev/cu.usbserial-58870137921,"RX,3865550,R35,TXF,N76,22,96131,E,0,0.87,0.84,5,U,-74,9.50"
RX,3865854,R35,TXD,N46,11,96430,G,1,0.93,0.9,5.0,U,-71.0,10.5,True,,2026-07-11T14:53:30.385+00:00,/dev/cu.usbserial-58870137921,"RX,3865854,R35,TXD,N46,11,96430,G,1,0.93,0.90,5,U,-71,10.50"
RX,3866051,R35,TXA,N01,94,96626,G,1,0.93,0.9,5.0,F,-81.0,9.75,True,,2026-07-11T14:53:30.581+00:00,/dev/cu.usbserial-58870137921,"RX,3866051,R35,TXA,N01,94,96626,G,1,0.93,0.90,5,F,-81,9.75"
RX,3866319,R35,TXB,N16,46,96893,E,0,0.87,0.84,5.0,U,-82.0,10.0,True,,2026-07-11T14:53:30.851+00:00,/dev/cu.usbserial-58870137921,"RX,3866319,R35,TXB,N16,46,96893,E,0,0.87,0.84,5,U,-82,10.00"
RX,3866500,R35,TXG,N91,10,97080,G,0,0.93,0.9,5.0,U,-86.0,9.75,True,,2026-07-11T14:53:31.030+00:00,/dev/cu.usbserial-58870137921,"RX,3866500,R35,TXG,N91,10,97080,G,0,0.93,0.90,5,U,-86,9.75"
RX,3866802,R35,TXE,N61,44,97382,A,1,0.75,0.72,5.0,U,-78.0,10.5,True,,2026-07-11T14:53:31.332+00:00,/dev/cu.usbserial-58870137921,"RX,3866802,R35,TXE,N61,44,97382,A,1,0.75,0.72,5,U,-78,10.50"
RX,3867051,R35,TXA,N01,95,97626,H,0,0.32,0.3,5.0,F,-80.0,9.5,True,,2026-07-11T14:53:31.581+00:00,/dev/cu.usbserial-58870137921,"RX,3867051,R35,TXA,N01,95,97626,H,0,0.32,0.30,5,F,-80,9.50"
RX,3867192,R35,TXK,N151,48,97763,A,1,0.75,0.72,5.0,U,-69.0,9.5,True,,2026-07-11T14:53:31.722+00:00,/dev/cu.usbserial-58870137921,"RX,3867192,R35,TXK,N151,48,97763,A,1,0.75,0.72,5,U,-69,9.50"
RX,3867551,R35,TXF,N76,23,98131,G,1,0.93,0.9,5.0,U,-74.0,10.0,True,,2026-07-11T14:53:32.082+00:00,/dev/cu.usbserial-58870137921,"RX,3867551,R35,TXF,N76,23,98131,G,1,0.93,0.90,5,U,-74,10.00"
RX,3867709,R35,TXJ,N136,10,98280,G,0,0.93,0.9,5.0,U,-79.0,9.75,True,,2026-07-11T14:53:32.239+00:00,/dev/cu.usbserial-58870137921,"RX,3867709,R35,TXJ,N136,10,98280,G,0,0.93,0.90,5,U,-79,9.75"
RX,3867805,R35,TXC,N31,22,98381,E,0,0.87,0.84,5.0,U,-81.0,9.0,True,,2026-07-11T14:53:32.335+00:00,/dev/cu.usbserial-58870137921,"RX,3867805,R35,TXC,N31,22,98381,E,0,0.87,0.84,5,U,-81,9.00"
RX,3868051,R35,TXA,N01,96,98626,A,1,0.75,0.72,5.0,F,-80.0,10.25,True,,2026-07-11T14:53:32.581+00:00,/dev/cu.usbserial-58870137921,"RX,3868051,R35,TXA,N01,96,98626,A,1,0.75,0.72,5,F,-80,10.25"
RX,3868319,R35,TXB,N16,47,98893,G,1,0.93,0.9,5.0,U,-82.0,9.75,True,,2026-07-11T14:53:32.850+00:00,/dev/cu.usbserial-58870137921,"RX,3868319,R35,TXB,N16,47,98893,G,1,0.93,0.90,5,U,-82,9.75"
RX,3868802,R35,TXE,N61,45,99382,C,1,0.81,0.78,5.0,U,-78.0,10.25,True,,2026-07-11T14:53:33.332+00:00,/dev/cu.usbserial-58870137921,"RX,3868802,R35,TXE,N61,45,99382,C,1,0.81,0.78,5,U,-78,10.25"
RX,3868910,R35,TXI,N121,22,99481,E,0,0.87,0.84,5.0,U,-72.0,10.0,True,,2026-07-11T14:53:33.440+00:00,/dev/cu.usbserial-58870137921,"RX,3868910,R35,TXI,N121,22,99481,E,0,0.87,0.84,5,U,-72,10.00"
RX,3869051,R35,TXA,N01,97,99626,B,1,0.2,0.18,5.0,F,-78.0,10.25,True,,2026-07-11T14:53:33.581+00:00,/dev/cu.usbserial-58870137921,"RX,3869051,R35,TXA,N01,97,99626,B,1,0.20,0.18,5,F,-78,10.25"
RX,3869192,R35,TXK,N151,49,99763,C,0,0.81,0.78,5.0,U,-68.0,9.75,True,,2026-07-11T14:53:33.722+00:00,/dev/cu.usbserial-58870137921,"RX,3869192,R35,TXK,N151,49,99763,C,0,0.81,0.78,5,U,-68,9.75"
RX,3869805,R35,TXC,N31,23,100381,G,1,0.93,0.9,5.0,U,-78.0,9.75,True,,2026-07-11T14:53:34.335+00:00,/dev/cu.usbserial-58870137921,"RX,3869805,R35,TXC,N31,23,100381,G,1,0.93,0.90,5,U,-78,9.75"
RX,3870051,R35,TXA,N01,98,100626,C,0,0.81,0.78,5.0,F,-79.0,9.25,True,,2026-07-11T14:53:34.582+00:00,/dev/cu.usbserial-58870137921,"RX,3870051,R35,TXA,N01,98,100626,C,0,0.81,0.78,5,F,-79,9.25"
RX,3870319,R35,TXB,N16,48,100893,A,1,0.75,0.72,5.0,U,-82.0,10.0,True,,2026-07-11T14:53:34.850+00:00,/dev/cu.usbserial-58870137921,"RX,3870319,R35,TXB,N16,48,100893,A,1,0.75,0.72,5,U,-82,10.00"
RX,3870802,R35,TXE,N61,46,101382,E,0,0.87,0.84,5.0,U,-77.0,9.75,True,,2026-07-11T14:53:35.332+00:00,/dev/cu.usbserial-58870137921,"RX,3870802,R35,TXE,N61,46,101382,E,0,0.87,0.84,5,U,-77,9.75"
RX,3870910,R35,TXI,N121,23,101481,G,1,0.93,0.9,5.0,U,-73.0,9.75,True,,2026-07-11T14:53:35.440+00:00,/dev/cu.usbserial-58870137921,"RX,3870910,R35,TXI,N121,23,101481,G,1,0.93,0.90,5,U,-73,9.75"
RX,3871051,R35,TXA,N01,99,101626,D,1,0.24,0.22,5.0,F,-80.0,9.5,True,,2026-07-11T14:53:35.581+00:00,/dev/cu.usbserial-58870137921,"RX,3871051,R35,TXA,N01,99,101626,D,1,0.24,0.22,5,F,-80,9.50"
RX,3871192,R35,TXK,N151,50,101763,E,1,0.87,0.84,5.0,U,-68.0,9.75,True,,2026-07-11T14:53:35.722+00:00,/dev/cu.usbserial-58870137921,"RX,3871192,R35,TXK,N151,50,101763,E,1,0.87,0.84,5,U,-68,9.75"
RX,3872051,R35,TXA,N01,100,102626,E,1,0.87,0.84,5.0,F,-80.0,9.75,True,,2026-07-11T14:53:36.582+00:00,/dev/cu.usbserial-58870137921,"RX,3872051,R35,TXA,N01,100,102626,E,1,0.87,0.84,5,F,-80,9.75"
RX,3872319,R35,TXB,N16,49,102893,C,0,0.81,0.78,5.0,U,-82.0,9.75,True,,2026-07-11T14:53:36.850+00:00,/dev/cu.usbserial-58870137921,"RX,3872319,R35,TXB,N16,49,102893,C,0,0.81,0.78,5,U,-82,9.75"
RX,3872802,R35,TXE,N61,47,103382,G,1,0.93,0.9,5.0,U,-76.0,9.5,True,,2026-07-11T14:53:37.332+00:00,/dev/cu.usbserial-58870137921,"RX,3872802,R35,TXE,N61,47,103382,G,1,0.93,0.90,5,U,-76,9.50"
RX,3873051,R35,TXA,N01,101,103626,F,0,0.28,0.26,5.0,F,-83.0,9.75,True,,2026-07-11T14:53:37.582+00:00,/dev/cu.usbserial-58870137921,"RX,3873051,R35,TXA,N01,101,103626,F,0,0.28,0.26,5,F,-83,9.75"
RX,3873192,R35,TXK,N151,51,103763,G,1,0.93,0.9,5.0,U,-67.0,10.5,True,,2026-07-11T14:53:37.722+00:00,/dev/cu.usbserial-58870137921,"RX,3873192,R35,TXK,N151,51,103763,G,1,0.93,0.90,5,U,-67,10.50"
RX,3873551,R35,TXF,N76,24,104131,E,1,0.87,0.84,5.0,U,-73.0,9.5,True,,2026-07-11T14:53:38.082+00:00,/dev/cu.usbserial-58870137921,"RX,3873551,R35,TXF,N76,24,104131,E,1,0.87,0.84,5,U,-73,9.50"
RX,3873854,R35,TXD,N46,12,104430,G,1,0.93,0.9,5.0,U,-71.0,9.75,True,,2026-07-11T14:53:38.385+00:00,/dev/cu.usbserial-58870137921,"RX,3873854,R35,TXD,N46,12,104430,G,1,0.93,0.90,5,U,-71,9.75"
RX,3874051,R35,TXA,N01,102,104626,G,1,0.93,0.9,5.0,F,-81.0,10.0,True,,2026-07-11T14:53:38.582+00:00,/dev/cu.usbserial-58870137921,"RX,3874051,R35,TXA,N01,102,104626,G,1,0.93,0.90,5,F,-81,10.00"
RX,3874319,R35,TXB,N16,50,104893,E,1,0.87,0.84,5.0,U,-80.0,9.75,True,,2026-07-11T14:53:38.850+00:00,/dev/cu.usbserial-58870137921,"RX,3874319,R35,TXB,N16,50,104893,E,1,0.87,0.84,5,U,-80,9.75"
RX,3874500,R35,TXG,N91,11,105080,G,1,0.93,0.9,5.0,U,-80.0,9.0,True,,2026-07-11T14:53:39.030+00:00,/dev/cu.usbserial-58870137921,"RX,3874500,R35,TXG,N91,11,105080,G,1,0.93,0.90,5,U,-80,9.00"
RX,3874802,R35,TXE,N61,48,105382,A,1,0.75,0.72,5.0,U,-77.0,9.25,True,,2026-07-11T14:53:39.332+00:00,/dev/cu.usbserial-58870137921,"RX,3874802,R35,TXE,N61,48,105382,A,1,0.75,0.72,5,U,-77,9.25"
RX,3875051,R35,TXA,N01,103,105626,H,1,0.32,0.3,5.0,F,-81.0,9.5,True,,2026-07-11T14:53:39.582+00:00,/dev/cu.usbserial-58870137921,"RX,3875051,R35,TXA,N01,103,105626,H,1,0.32,0.30,5,F,-81,9.50"
RX,3875192,R35,TXK,N151,52,105763,A,0,0.75,0.72,5.0,U,-68.0,9.5,True,,2026-07-11T14:53:39.723+00:00,/dev/cu.usbserial-58870137921,"RX,3875192,R35,TXK,N151,52,105763,A,0,0.75,0.72,5,U,-68,9.50"
RX,3875551,R35,TXF,N76,25,106131,G,1,0.93,0.9,5.0,U,-74.0,9.5,True,,2026-07-11T14:53:40.081+00:00,/dev/cu.usbserial-58870137921,"RX,3875551,R35,TXF,N76,25,106131,G,1,0.93,0.90,5,U,-74,9.50"
RX,3875709,R35,TXJ,N136,11,106280,G,1,0.93,0.9,5.0,U,-76.0,9.5,True,,2026-07-11T14:53:40.239+00:00,/dev/cu.usbserial-58870137921,"RX,3875709,R35,TXJ,N136,11,106280,G,1,0.93,0.90,5,U,-76,9.50"
RX,3875805,R35,TXC,N31,24,106381,E,1,0.87,0.84,5.0,U,-79.0,9.5,True,,2026-07-11T14:53:40.336+00:00,/dev/cu.usbserial-58870137921,"RX,3875805,R35,TXC,N31,24,106381,E,1,0.87,0.84,5,U,-79,9.50"
RX,3876051,R35,TXA,N01,104,106626,A,0,0.75,0.72,5.0,F,-85.0,9.5,True,,2026-07-11T14:53:40.582+00:00,/dev/cu.usbserial-58870137921,"RX,3876051,R35,TXA,N01,104,106626,A,0,0.75,0.72,5,F,-85,9.50"
RX,3876319,R35,TXB,N16,51,106893,G,1,0.93,0.9,5.0,U,-81.0,9.75,True,,2026-07-11T14:53:40.850+00:00,/dev/cu.usbserial-58870137921,"RX,3876319,R35,TXB,N16,51,106893,G,1,0.93,0.90,5,U,-81,9.75"
RX,3876802,R35,TXE,N61,49,107382,C,0,0.81,0.78,5.0,U,-76.0,9.75,True,,2026-07-11T14:53:41.332+00:00,/dev/cu.usbserial-58870137921,"RX,3876802,R35,TXE,N61,49,107382,C,0,0.81,0.78,5,U,-76,9.75"
RX,3876910,R35,TXI,N121,24,107481,E,1,0.87,0.84,5.0,U,-73.0,9.75,True,,2026-07-11T14:53:41.440+00:00,/dev/cu.usbserial-58870137921,"RX,3876910,R35,TXI,N121,24,107481,E,1,0.87,0.84,5,U,-73,9.75"
RX,3877051,R35,TXA,N01,105,107626,B,1,0.2,0.18,5.0,F,-80.0,9.25,True,,2026-07-11T14:53:41.582+00:00,/dev/cu.usbserial-58870137921,"RX,3877051,R35,TXA,N01,105,107626,B,1,0.20,0.18,5,F,-80,9.25"
RX,3877192,R35,TXK,N151,53,107763,C,1,0.81,0.78,5.0,U,-67.0,10.0,True,,2026-07-11T14:53:41.723+00:00,/dev/cu.usbserial-58870137921,"RX,3877192,R35,TXK,N151,53,107763,C,1,0.81,0.78,5,U,-67,10.00"
RX,3877805,R35,TXC,N31,25,108381,G,1,0.93,0.9,5.0,U,-77.0,9.25,True,,2026-07-11T14:53:42.336+00:00,/dev/cu.usbserial-58870137921,"RX,3877805,R35,TXC,N31,25,108381,G,1,0.93,0.90,5,U,-77,9.25"
RX,3878051,R35,TXA,N01,106,108626,C,1,0.81,0.78,5.0,F,-81.0,9.5,True,,2026-07-11T14:53:42.582+00:00,/dev/cu.usbserial-58870137921,"RX,3878051,R35,TXA,N01,106,108626,C,1,0.81,0.78,5,F,-81,9.50"
RX,3878319,R35,TXB,N16,52,108893,A,0,0.75,0.72,5.0,U,-82.0,9.5,True,,2026-07-11T14:53:42.850+00:00,/dev/cu.usbserial-58870137921,"RX,3878319,R35,TXB,N16,52,108893,A,0,0.75,0.72,5,U,-82,9.50"
RX,3878802,R35,TXE,N61,50,109382,E,1,0.87,0.84,5.0,U,-75.0,9.5,True,,2026-07-11T14:53:43.332+00:00,/dev/cu.usbserial-58870137921,"RX,3878802,R35,TXE,N61,50,109382,E,1,0.87,0.84,5,U,-75,9.50"
RX,3878910,R35,TXI,N121,25,109481,G,1,0.93,0.9,5.0,U,-74.0,9.5,True,,2026-07-11T14:53:43.440+00:00,/dev/cu.usbserial-58870137921,"RX,3878910,R35,TXI,N121,25,109481,G,1,0.93,0.90,5,U,-74,9.50"
RX,3879051,R35,TXA,N01,107,109626,D,0,0.24,0.22,5.0,F,-80.0,9.5,True,,2026-07-11T14:53:43.582+00:00,/dev/cu.usbserial-58870137921,"RX,3879051,R35,TXA,N01,107,109626,D,0,0.24,0.22,5,F,-80,9.50"
RX,3879192,R35,TXK,N151,54,109763,E,1,0.87,0.84,5.0,U,-68.0,10.0,True,,2026-07-11T14:53:43.722+00:00,/dev/cu.usbserial-58870137921,"RX,3879192,R35,TXK,N151,54,109763,E,1,0.87,0.84,5,U,-68,10.00"
RX,3880051,R35,TXA,N01,108,110626,E,1,0.87,0.84,5.0,F,-80.0,10.0,True,,2026-07-11T14:53:44.582+00:00,/dev/cu.usbserial-58870137921,"RX,3880051,R35,TXA,N01,108,110626,E,1,0.87,0.84,5,F,-80,10.00"
RX,3880319,R35,TXB,N16,53,110893,C,1,0.81,0.78,5.0,U,-81.0,9.75,True,,2026-07-11T14:53:44.851+00:00,/dev/cu.usbserial-58870137921,"RX,3880319,R35,TXB,N16,53,110893,C,1,0.81,0.78,5,U,-81,9.75"
RX,3880802,R35,TXE,N61,51,111382,G,1,0.93,0.9,5.0,U,-77.0,9.5,True,,2026-07-11T14:53:45.332+00:00,/dev/cu.usbserial-58870137921,"RX,3880802,R35,TXE,N61,51,111382,G,1,0.93,0.90,5,U,-77,9.50"
RX,3881051,R35,TXA,N01,109,111626,F,1,0.28,0.26,5.0,F,-81.0,9.5,True,,2026-07-11T14:53:45.582+00:00,/dev/cu.usbserial-58870137921,"RX,3881051,R35,TXA,N01,109,111626,F,1,0.28,0.26,5,F,-81,9.50"
RX,3881192,R35,TXK,N151,55,111763,G,0,0.93,0.9,5.0,U,-67.0,9.75,True,,2026-07-11T14:53:45.722+00:00,/dev/cu.usbserial-58870137921,"RX,3881192,R35,TXK,N151,55,111763,G,0,0.93,0.90,5,U,-67,9.75"
RX,3881550,R35,TXF,N76,26,112131,E,1,0.87,0.84,5.0,U,-74.0,9.75,True,,2026-07-11T14:53:46.081+00:00,/dev/cu.usbserial-58870137921,"RX,3881550,R35,TXF,N76,26,112131,E,1,0.87,0.84,5,U,-74,9.75"
RX,3881854,R35,TXD,N46,13,112430,G,0,0.93,0.9,5.0,U,-71.0,9.75,True,,2026-07-11T14:53:46.385+00:00,/dev/cu.usbserial-58870137921,"RX,3881854,R35,TXD,N46,13,112430,G,0,0.93,0.90,5,U,-71,9.75"
RX,3882051,R35,TXA,N01,110,112626,G,0,0.93,0.9,5.0,F,-80.0,9.25,True,,2026-07-11T14:53:46.582+00:00,/dev/cu.usbserial-58870137921,"RX,3882051,R35,TXA,N01,110,112626,G,0,0.93,0.90,5,F,-80,9.25"
RX,3882319,R35,TXB,N16,54,112893,E,1,0.87,0.84,5.0,U,-81.0,10.0,True,,2026-07-11T14:53:46.850+00:00,/dev/cu.usbserial-58870137921,"RX,3882319,R35,TXB,N16,54,112893,E,1,0.87,0.84,5,U,-81,10.00"
RX,3882500,R35,TXG,N91,12,113080,G,1,0.93,0.9,5.0,U,-82.0,9.5,True,,2026-07-11T14:53:47.030+00:00,/dev/cu.usbserial-58870137921,"RX,3882500,R35,TXG,N91,12,113080,G,1,0.93,0.90,5,U,-82,9.50"
RX,3882802,R35,TXE,N61,52,113382,A,0,0.75,0.72,5.0,U,-76.0,10.25,True,,2026-07-11T14:53:47.332+00:00,/dev/cu.usbserial-58870137921,"RX,3882802,R35,TXE,N61,52,113382,A,0,0.75,0.72,5,U,-76,10.25"
RX,3883051,R35,TXA,N01,111,113626,H,1,0.32,0.3,5.0,F,-80.0,9.25,True,,2026-07-11T14:53:47.582+00:00,/dev/cu.usbserial-58870137921,"RX,3883051,R35,TXA,N01,111,113626,H,1,0.32,0.30,5,F,-80,9.25"
RX,3883192,R35,TXK,N151,56,113763,A,1,0.75,0.72,5.0,U,-68.0,9.75,True,,2026-07-11T14:53:47.723+00:00,/dev/cu.usbserial-58870137921,"RX,3883192,R35,TXK,N151,56,113763,A,1,0.75,0.72,5,U,-68,9.75"
RX,3883551,R35,TXF,N76,27,114131,G,0,0.93,0.9,5.0,U,-73.0,9.5,True,,2026-07-11T14:53:48.081+00:00,/dev/cu.usbserial-58870137921,"RX,3883551,R35,TXF,N76,27,114131,G,0,0.93,0.90,5,U,-73,9.50"
RX,3883709,R35,TXJ,N136,12,114280,G,1,0.93,0.9,5.0,U,-78.0,9.75,True,,2026-07-11T14:53:48.240+00:00,/dev/cu.usbserial-58870137921,"RX,3883709,R35,TXJ,N136,12,114280,G,1,0.93,0.90,5,U,-78,9.75"
RX,3883805,R35,TXC,N31,26,114381,E,1,0.87,0.84,5.0,U,-78.0,9.75,True,,2026-07-11T14:53:48.336+00:00,/dev/cu.usbserial-58870137921,"RX,3883805,R35,TXC,N31,26,114381,E,1,0.87,0.84,5,U,-78,9.75"
RX,3884051,R35,TXA,N01,112,114626,A,1,0.75,0.72,5.0,F,-80.0,9.25,True,,2026-07-11T14:53:48.582+00:00,/dev/cu.usbserial-58870137921,"RX,3884051,R35,TXA,N01,112,114626,A,1,0.75,0.72,5,F,-80,9.25"
RX,3884319,R35,TXB,N16,55,114893,G,0,0.93,0.9,5.0,U,-81.0,9.75,True,,2026-07-11T14:53:48.850+00:00,/dev/cu.usbserial-58870137921,"RX,3884319,R35,TXB,N16,55,114893,G,0,0.93,0.90,5,U,-81,9.75"
RX,3884802,R35,TXE,N61,53,115382,C,1,0.81,0.78,5.0,U,-77.0,9.75,True,,2026-07-11T14:53:49.332+00:00,/dev/cu.usbserial-58870137921,"RX,3884802,R35,TXE,N61,53,115382,C,1,0.81,0.78,5,U,-77,9.75"
RX,3884910,R35,TXI,N121,26,115481,E,1,0.87,0.84,5.0,U,-74.0,10.25,True,,2026-07-11T14:53:49.440+00:00,/dev/cu.usbserial-58870137921,"RX,3884910,R35,TXI,N121,26,115481,E,1,0.87,0.84,5,U,-74,10.25"
RX,3885051,R35,TXA,N01,113,115626,B,0,0.2,0.18,5.0,F,-80.0,9.25,True,,2026-07-11T14:53:49.582+00:00,/dev/cu.usbserial-58870137921,"RX,3885051,R35,TXA,N01,113,115626,B,0,0.20,0.18,5,F,-80,9.25"
RX,3885192,R35,TXK,N151,57,115763,C,1,0.81,0.78,5.0,U,-68.0,9.5,True,,2026-07-11T14:53:49.722+00:00,/dev/cu.usbserial-58870137921,"RX,3885192,R35,TXK,N151,57,115763,C,1,0.81,0.78,5,U,-68,9.50"
RX,3885805,R35,TXC,N31,27,116381,G,0,0.93,0.9,5.0,U,-78.0,9.25,True,,2026-07-11T14:53:50.339+00:00,/dev/cu.usbserial-58870137921,"RX,3885805,R35,TXC,N31,27,116381,G,0,0.93,0.90,5,U,-78,9.25"
RX,3886051,R35,TXA,N01,114,116626,C,1,0.81,0.78,5.0,F,-81.0,9.25,True,,2026-07-11T14:53:50.582+00:00,/dev/cu.usbserial-58870137921,"RX,3886051,R35,TXA,N01,114,116626,C,1,0.81,0.78,5,F,-81,9.25"
RX,3886319,R35,TXB,N16,56,116893,A,1,0.75,0.72,5.0,U,-81.0,9.75,True,,2026-07-11T14:53:50.850+00:00,/dev/cu.usbserial-58870137921,"RX,3886319,R35,TXB,N16,56,116893,A,1,0.75,0.72,5,U,-81,9.75"
RX,3886802,R35,TXE,N61,54,117382,E,1,0.87,0.84,5.0,U,-76.0,9.75,True,,2026-07-11T14:53:51.332+00:00,/dev/cu.usbserial-58870137921,"RX,3886802,R35,TXE,N61,54,117382,E,1,0.87,0.84,5,U,-76,9.75"
RX,3886910,R35,TXI,N121,27,117481,G,0,0.93,0.9,5.0,U,-75.0,9.5,True,,2026-07-11T14:53:51.440+00:00,/dev/cu.usbserial-58870137921,"RX,3886910,R35,TXI,N121,27,117481,G,0,0.93,0.90,5,U,-75,9.50"
RX,3887051,R35,TXA,N01,115,117626,D,1,0.24,0.22,5.0,F,-80.0,9.25,True,,2026-07-11T14:53:51.582+00:00,/dev/cu.usbserial-58870137921,"RX,3887051,R35,TXA,N01,115,117626,D,1,0.24,0.22,5,F,-80,9.25"
RX,3887192,R35,TXK,N151,58,117763,E,0,0.87,0.84,5.0,U,-67.0,9.75,True,,2026-07-11T14:53:51.722+00:00,/dev/cu.usbserial-58870137921,"RX,3887192,R35,TXK,N151,58,117763,E,0,0.87,0.84,5,U,-67,9.75"
RX,3888051,R35,TXA,N01,116,118626,E,0,0.87,0.84,5.0,F,-80.0,11.5,True,,2026-07-11T14:53:52.582+00:00,/dev/cu.usbserial-58870137921,"RX,3888051,R35,TXA,N01,116,118626,E,0,0.87,0.84,5,F,-80,11.50"
RX,3888319,R35,TXB,N16,57,118893,C,1,0.81,0.78,5.0,U,-82.0,9.75,True,,2026-07-11T14:53:52.851+00:00,/dev/cu.usbserial-58870137921,"RX,3888319,R35,TXB,N16,57,118893,C,1,0.81,0.78,5,U,-82,9.75"
RX,3888802,R35,TXE,N61,55,119382,G,0,0.93,0.9,5.0,U,-75.0,9.75,True,,2026-07-11T14:53:53.332+00:00,/dev/cu.usbserial-58870137921,"RX,3888802,R35,TXE,N61,55,119382,G,0,0.93,0.90,5,U,-75,9.75"
RX,3889051,R35,TXA,N01,117,119626,F,1,0.28,0.26,5.0,F,-80.0,9.5,True,,2026-07-11T14:53:53.582+00:00,/dev/cu.usbserial-58870137921,"RX,3889051,R35,TXA,N01,117,119626,F,1,0.28,0.26,5,F,-80,9.50"
RX,3889192,R35,TXK,N151,59,119763,G,1,0.93,0.9,5.0,U,-68.0,10.0,True,,2026-07-11T14:53:53.723+00:00,/dev/cu.usbserial-58870137921,"RX,3889192,R35,TXK,N151,59,119763,G,1,0.93,0.90,5,U,-68,10.00"
RX,3889550,R35,TXF,N76,28,120131,E,0,0.87,0.84,5.0,U,-74.0,9.5,True,,2026-07-11T14:53:54.081+00:00,/dev/cu.usbserial-58870137921,"RX,3889550,R35,TXF,N76,28,120131,E,0,0.87,0.84,5,U,-74,9.50"
RX,3889854,R35,TXD,N46,14,120430,G,1,0.93,0.9,5.0,U,-71.0,9.75,True,,2026-07-11T14:53:54.385+00:00,/dev/cu.usbserial-58870137921,"RX,3889854,R35,TXD,N46,14,120430,G,1,0.93,0.90,5,U,-71,9.75"
RX,3890051,R35,TXA,N01,118,120626,G,1,0.93,0.9,5.0,F,-80.0,9.5,True,,2026-07-11T14:53:54.582+00:00,/dev/cu.usbserial-58870137921,"RX,3890051,R35,TXA,N01,118,120626,G,1,0.93,0.90,5,F,-80,9.50"
RX,3890319,R35,TXB,N16,58,120893,E,0,0.87,0.84,5.0,U,-81.0,9.75,True,,2026-07-11T14:53:54.850+00:00,/dev/cu.usbserial-58870137921,"RX,3890319,R35,TXB,N16,58,120893,E,0,0.87,0.84,5,U,-81,9.75"
RX,3890500,R35,TXG,N91,13,121080,G,0,0.93,0.9,5.0,U,-81.0,9.25,True,,2026-07-11T14:53:55.030+00:00,/dev/cu.usbserial-58870137921,"RX,3890500,R35,TXG,N91,13,121080,G,0,0.93,0.90,5,U,-81,9.25"
RX,3890802,R35,TXE,N61,56,121382,A,1,0.75,0.72,5.0,U,-75.0,10.0,True,,2026-07-11T14:53:55.332+00:00,/dev/cu.usbserial-58870137921,"RX,3890802,R35,TXE,N61,56,121382,A,1,0.75,0.72,5,U,-75,10.00"
RX,3891051,R35,TXA,N01,119,121626,H,0,0.32,0.3,5.0,F,-80.0,9.0,True,,2026-07-11T14:53:55.582+00:00,/dev/cu.usbserial-58870137921,"RX,3891051,R35,TXA,N01,119,121626,H,0,0.32,0.30,5,F,-80,9.00"
RX,3891192,R35,TXK,N151,60,121763,A,1,0.75,0.72,5.0,U,-68.0,10.25,True,,2026-07-11T14:53:55.723+00:00,/dev/cu.usbserial-58870137921,"RX,3891192,R35,TXK,N151,60,121763,A,1,0.75,0.72,5,U,-68,10.25"
RX,3891550,R35,TXF,N76,29,122131,G,1,0.93,0.9,5.0,U,-74.0,10.0,True,,2026-07-11T14:53:56.081+00:00,/dev/cu.usbserial-58870137921,"RX,3891550,R35,TXF,N76,29,122131,G,1,0.93,0.90,5,U,-74,10.00"
RX,3891709,R35,TXJ,N136,13,122280,G,0,0.93,0.9,5.0,U,-77.0,9.5,True,,2026-07-11T14:53:56.240+00:00,/dev/cu.usbserial-58870137921,"RX,3891709,R35,TXJ,N136,13,122280,G,0,0.93,0.90,5,U,-77,9.50"
RX,3891805,R35,TXC,N31,28,122381,E,0,0.87,0.84,5.0,U,-79.0,9.25,True,,2026-07-11T14:53:56.336+00:00,/dev/cu.usbserial-58870137921,"RX,3891805,R35,TXC,N31,28,122381,E,0,0.87,0.84,5,U,-79,9.25"
RX,3892051,R35,TXA,N01,120,122626,A,1,0.75,0.72,5.0,F,-80.0,9.5,True,,2026-07-11T14:53:56.582+00:00,/dev/cu.usbserial-58870137921,"RX,3892051,R35,TXA,N01,120,122626,A,1,0.75,0.72,5,F,-80,9.50"
RX,3892319,R35,TXB,N16,59,122893,G,1,0.93,0.9,5.0,U,-82.0,9.75,True,,2026-07-11T14:53:56.850+00:00,/dev/cu.usbserial-58870137921,"RX,3892319,R35,TXB,N16,59,122893,G,1,0.93,0.90,5,U,-82,9.75"
RX,3892802,R35,TXE,N61,57,123382,C,1,0.81,0.78,5.0,U,-76.0,9.25,True,,2026-07-11T14:53:57.332+00:00,/dev/cu.usbserial-58870137921,"RX,3892802,R35,TXE,N61,57,123382,C,1,0.81,0.78,5,U,-76,9.25"
RX,3892910,R35,TXI,N121,28,123481,E,0,0.87,0.84,5.0,U,-73.0,10.25,True,,2026-07-11T14:53:57.440+00:00,/dev/cu.usbserial-58870137921,"RX,3892910,R35,TXI,N121,28,123481,E,0,0.87,0.84,5,U,-73,10.25"
RX,3893051,R35,TXA,N01,121,123626,B,1,0.2,0.18,5.0,F,-81.0,9.25,True,,2026-07-11T14:53:57.582+00:00,/dev/cu.usbserial-58870137921,"RX,3893051,R35,TXA,N01,121,123626,B,1,0.20,0.18,5,F,-81,9.25"
RX,3893192,R35,TXK,N151,61,123763,C,0,0.81,0.78,5.0,U,-68.0,10.0,True,,2026-07-11T14:53:57.722+00:00,/dev/cu.usbserial-58870137921,"RX,3893192,R35,TXK,N151,61,123763,C,0,0.81,0.78,5,U,-68,10.00"
RX,3893805,R35,TXC,N31,29,124381,G,1,0.93,0.9,5.0,U,-76.0,9.75,True,,2026-07-11T14:53:58.336+00:00,/dev/cu.usbserial-58870137921,"RX,3893805,R35,TXC,N31,29,124381,G,1,0.93,0.90,5,U,-76,9.75"
RX,3894051,R35,TXA,N01,122,124626,C,0,0.81,0.78,5.0,F,-80.0,9.5,True,,2026-07-11T14:53:58.582+00:00,/dev/cu.usbserial-58870137921,"RX,3894051,R35,TXA,N01,122,124626,C,0,0.81,0.78,5,F,-80,9.50"
RX,3894319,R35,TXB,N16,60,124893,A,1,0.75,0.72,5.0,U,-81.0,9.25,True,,2026-07-11T14:53:58.850+00:00,/dev/cu.usbserial-58870137921,"RX,3894319,R35,TXB,N16,60,124893,A,1,0.75,0.72,5,U,-81,9.25"
RX,3894802,R35,TXE,N61,58,125382,E,0,0.87,0.84,5.0,U,-76.0,9.25,True,,2026-07-11T14:53:59.332+00:00,/dev/cu.usbserial-58870137921,"RX,3894802,R35,TXE,N61,58,125382,E,0,0.87,0.84,5,U,-76,9.25"
RX,3894910,R35,TXI,N121,29,125481,G,1,0.93,0.9,5.0,U,-74.0,10.5,True,,2026-07-11T14:53:59.440+00:00,/dev/cu.usbserial-58870137921,"RX,3894910,R35,TXI,N121,29,125481,G,1,0.93,0.90,5,U,-74,10.50"
RX,3895051,R35,TXA,N01,123,125626,D,1,0.24,0.22,5.0,F,-81.0,9.75,True,,2026-07-11T14:53:59.583+00:00,/dev/cu.usbserial-58870137921,"RX,3895051,R35,TXA,N01,123,125626,D,1,0.24,0.22,5,F,-81,9.75"
RX,3895192,R35,TXK,N151,62,125763,E,1,0.87,0.84,5.0,U,-68.0,9.5,True,,2026-07-11T14:53:59.723+00:00,/dev/cu.usbserial-58870137921,"RX,3895192,R35,TXK,N151,62,125763,E,1,0.87,0.84,5,U,-68,9.50"
RX,3896051,R35,TXA,N01,124,126626,E,1,0.87,0.84,5.0,F,-81.0,9.75,True,,2026-07-11T14:54:00.582+00:00,/dev/cu.usbserial-58870137921,"RX,3896051,R35,TXA,N01,124,126626,E,1,0.87,0.84,5,F,-81,9.75"
RX,3896319,R35,TXB,N16,61,126893,C,0,0.81,0.78,5.0,U,-81.0,9.75,True,,2026-07-11T14:54:00.850+00:00,/dev/cu.usbserial-58870137921,"RX,3896319,R35,TXB,N16,61,126893,C,0,0.81,0.78,5,U,-81,9.75"
RX,3896802,R35,TXE,N61,59,127382,G,1,0.93,0.9,5.0,U,-76.0,9.75,True,,2026-07-11T14:54:01.332+00:00,/dev/cu.usbserial-58870137921,"RX,3896802,R35,TXE,N61,59,127382,G,1,0.93,0.90,5,U,-76,9.75"
RX,3897051,R35,TXA,N01,125,127626,F,0,0.28,0.26,5.0,F,-81.0,9.5,True,,2026-07-11T14:54:01.582+00:00,/dev/cu.usbserial-58870137921,"RX,3897051,R35,TXA,N01,125,127626,F,0,0.28,0.26,5,F,-81,9.50"
RX,3897192,R35,TXK,N151,63,127763,G,1,0.93,0.9,5.0,U,-68.0,9.75,True,,2026-07-11T14:54:01.722+00:00,/dev/cu.usbserial-58870137921,"RX,3897192,R35,TXK,N151,63,127763,G,1,0.93,0.90,5,U,-68,9.75"
RX,3897550,R35,TXF,N76,30,128131,E,1,0.87,0.84,5.0,U,-74.0,9.5,True,,2026-07-11T14:54:02.081+00:00,/dev/cu.usbserial-58870137921,"RX,3897550,R35,TXF,N76,30,128131,E,1,0.87,0.84,5,U,-74,9.50"
RX,3897854,R35,TXD,N46,15,128430,G,1,0.93,0.9,5.0,U,-70.0,9.5,True,,2026-07-11T14:54:02.385+00:00,/dev/cu.usbserial-58870137921,"RX,3897854,R35,TXD,N46,15,128430,G,1,0.93,0.90,5,U,-70,9.50"
RX,3898051,R35,TXA,N01,126,128626,G,1,0.93,0.9,5.0,F,-81.0,9.5,True,,2026-07-11T14:54:02.582+00:00,/dev/cu.usbserial-58870137921,"RX,3898051,R35,TXA,N01,126,128626,G,1,0.93,0.90,5,F,-81,9.50"
RX,3898319,R35,TXB,N16,62,128893,E,1,0.87,0.84,5.0,U,-81.0,10.0,True,,2026-07-11T14:54:02.850+00:00,/dev/cu.usbserial-58870137921,"RX,3898319,R35,TXB,N16,62,128893,E,1,0.87,0.84,5,U,-81,10.00"
RX,3898500,R35,TXG,N91,14,129080,G,1,0.93,0.9,5.0,U,-82.0,9.75,True,,2026-07-11T14:54:03.030+00:00,/dev/cu.usbserial-58870137921,"RX,3898500,R35,TXG,N91,14,129080,G,1,0.93,0.90,5,U,-82,9.75"
RX,3898802,R35,TXE,N61,60,129382,A,1,0.75,0.72,5.0,U,-76.0,9.75,True,,2026-07-11T14:54:03.333+00:00,/dev/cu.usbserial-58870137921,"RX,3898802,R35,TXE,N61,60,129382,A,1,0.75,0.72,5,U,-76,9.75"
RX,3899051,R35,TXA,N01,127,129626,H,1,0.32,0.3,5.0,F,-81.0,9.5,True,,2026-07-11T14:54:03.582+00:00,/dev/cu.usbserial-58870137921,"RX,3899051,R35,TXA,N01,127,129626,H,1,0.32,0.30,5,F,-81,9.50"
RX,3899192,R35,TXK,N151,64,129763,A,1,0.75,0.72,5.0,U,-67.0,9.75,True,,2026-07-11T14:54:03.723+00:00,/dev/cu.usbserial-58870137921,"RX,3899192,R35,TXK,N151,64,129763,A,1,0.75,0.72,5,U,-67,9.75"
RX,3899550,R35,TXF,N76,31,130131,G,1,0.93,0.9,5.0,U,-74.0,9.75,True,,2026-07-11T14:54:04.081+00:00,/dev/cu.usbserial-58870137921,"RX,3899550,R35,TXF,N76,31,130131,G,1,0.93,0.90,5,U,-74,9.75"
RX,3899709,R35,TXJ,N136,14,130280,G,1,0.93,0.9,5.0,U,-77.0,9.5,True,,2026-07-11T14:54:04.239+00:00,/dev/cu.usbserial-58870137921,"RX,3899709,R35,TXJ,N136,14,130280,G,1,0.93,0.90,5,U,-77,9.50"
RX,3899805,R35,TXC,N31,30,130381,E,1,0.87,0.84,5.0,U,-78.0,9.75,True,,2026-07-11T14:54:04.335+00:00,/dev/cu.usbserial-58870137921,"RX,3899805,R35,TXC,N31,30,130381,E,1,0.87,0.84,5,U,-78,9.75"
RX,3900051,R35,TXA,N01,128,130626,A,1,0.75,0.72,5.0,F,-69.0,-4.25,True,,2026-07-11T14:54:04.582+00:00,/dev/cu.usbserial-58870137921,"RX,3900051,R35,TXA,N01,128,130626,A,1,0.75,0.72,5,F,-69,-4.25"
RX,3900319,R35,TXB,N16,63,130893,G,1,0.93,0.9,5.0,U,-81.0,9.75,True,,2026-07-11T14:54:04.851+00:00,/dev/cu.usbserial-58870137921,"RX,3900319,R35,TXB,N16,63,130893,G,1,0.93,0.90,5,U,-81,9.75"
RX,3900802,R35,TXE,N61,61,131382,C,0,0.81,0.78,5.0,U,-76.0,10.0,True,,2026-07-11T14:54:05.333+00:00,/dev/cu.usbserial-58870137921,"RX,3900802,R35,TXE,N61,61,131382,C,0,0.81,0.78,5,U,-76,10.00"
RX,3900910,R35,TXI,N121,30,131481,E,1,0.87,0.84,5.0,U,-74.0,9.5,True,,2026-07-11T14:54:05.440+00:00,/dev/cu.usbserial-58870137921,"RX,3900910,R35,TXI,N121,30,131481,E,1,0.87,0.84,5,U,-74,9.50"
RX,3901051,R35,TXA,N01,129,131626,B,0,0.2,0.18,5.0,F,-80.0,9.25,True,,2026-07-11T14:54:05.582+00:00,/dev/cu.usbserial-58870137921,"RX,3901051,R35,TXA,N01,129,131626,B,0,0.20,0.18,5,F,-80,9.25"
RX,3901192,R35,TXK,N151,65,131763,C,1,0.81,0.78,5.0,U,-68.0,9.5,True,,2026-07-11T14:54:05.722+00:00,/dev/cu.usbserial-58870137921,"RX,3901192,R35,TXK,N151,65,131763,C,1,0.81,0.78,5,U,-68,9.50"
RX,3901805,R35,TXC,N31,31,132381,G,1,0.93,0.9,5.0,U,-78.0,9.5,True,,2026-07-11T14:54:06.336+00:00,/dev/cu.usbserial-58870137921,"RX,3901805,R35,TXC,N31,31,132381,G,1,0.93,0.90,5,U,-78,9.50"
RX,3902051,R35,TXA,N01,130,132626,C,1,0.81,0.78,5.0,F,-80.0,9.0,True,,2026-07-11T14:54:06.582+00:00,/dev/cu.usbserial-58870137921,"RX,3902051,R35,TXA,N01,130,132626,C,1,0.81,0.78,5,F,-80,9.00"
RX,3902319,R35,TXB,N16,64,132893,A,1,0.75,0.72,5.0,U,-81.0,9.25,True,,2026-07-11T14:54:06.850+00:00,/dev/cu.usbserial-58870137921,"RX,3902319,R35,TXB,N16,64,132893,A,1,0.75,0.72,5,U,-81,9.25"
RX,3902802,R35,TXE,N61,62,133382,E,1,0.87,0.84,5.0,U,-76.0,9.75,True,,2026-07-11T14:54:07.333+00:00,/dev/cu.usbserial-58870137921,"RX,3902802,R35,TXE,N61,62,133382,E,1,0.87,0.84,5,U,-76,9.75"
RX,3902910,R35,TXI,N121,31,133481,G,1,0.93,0.9,5.0,U,-75.0,9.75,True,,2026-07-11T14:54:07.440+00:00,/dev/cu.usbserial-58870137921,"RX,3902910,R35,TXI,N121,31,133481,G,1,0.93,0.90,5,U,-75,9.75"
RX,3903051,R35,TXA,N01,131,133626,D,1,0.24,0.22,5.0,F,-80.0,8.75,True,,2026-07-11T14:54:07.582+00:00,/dev/cu.usbserial-58870137921,"RX,3903051,R35,TXA,N01,131,133626,D,1,0.24,0.22,5,F,-80,8.75"
RX,3903192,R35,TXK,N151,66,133763,E,0,0.87,0.84,5.0,U,-68.0,9.75,True,,2026-07-11T14:54:07.723+00:00,/dev/cu.usbserial-58870137921,"RX,3903192,R35,TXK,N151,66,133763,E,0,0.87,0.84,5,U,-68,9.75"
RX,3904051,R35,TXA,N01,132,134626,E,0,0.87,0.84,5.0,F,-81.0,10.0,True,,2026-07-11T14:54:08.582+00:00,/dev/cu.usbserial-58870137921,"RX,3904051,R35,TXA,N01,132,134626,E,0,0.87,0.84,5,F,-81,10.00"
RX,3904319,R35,TXB,N16,65,134893,C,1,0.81,0.78,5.0,U,-82.0,9.75,True,,2026-07-11T14:54:08.850+00:00,/dev/cu.usbserial-58870137921,"RX,3904319,R35,TXB,N16,65,134893,C,1,0.81,0.78,5,U,-82,9.75"
RX,3904802,R35,TXE,N61,63,135382,G,1,0.93,0.9,5.0,U,-76.0,9.75,True,,2026-07-11T14:54:09.333+00:00,/dev/cu.usbserial-58870137921,"RX,3904802,R35,TXE,N61,63,135382,G,1,0.93,0.90,5,U,-76,9.75"
RX,3905051,R35,TXA,N01,133,135626,F,1,0.28,0.26,5.0,F,-81.0,9.75,True,,2026-07-11T14:54:09.582+00:00,/dev/cu.usbserial-58870137921,"RX,3905051,R35,TXA,N01,133,135626,F,1,0.28,0.26,5,F,-81,9.75"
RX,3905344,R35,TXL,N166,8,135916,G,1,0.93,0.9,5.0,U,-85.0,9.5,True,,2026-07-11T14:54:09.875+00:00,/dev/cu.usbserial-58870137921,"RX,3905344,R35,TXL,N166,8,135916,G,1,0.93,0.90,5,U,-85,9.50"
RX,3905550,R35,TXF,N76,32,136131,E,0,0.87,0.84,5.0,U,-74.0,9.75,True,,2026-07-11T14:54:10.081+00:00,/dev/cu.usbserial-58870137921,"RX,3905550,R35,TXF,N76,32,136131,E,0,0.87,0.84,5,U,-74,9.75"
RX,3905854,R35,TXD,N46,16,136430,G,1,0.93,0.9,5.0,U,-70.0,10.0,True,,2026-07-11T14:54:10.385+00:00,/dev/cu.usbserial-58870137921,"RX,3905854,R35,TXD,N46,16,136430,G,1,0.93,0.90,5,U,-70,10.00"
RX,3906051,R35,TXA,N01,134,136626,G,1,0.93,0.9,5.0,F,-80.0,9.0,True,,2026-07-11T14:54:10.582+00:00,/dev/cu.usbserial-58870137921,"RX,3906051,R35,TXA,N01,134,136626,G,1,0.93,0.90,5,F,-80,9.00"
RX,3906319,R35,TXB,N16,66,136893,E,0,0.87,0.84,5.0,U,-81.0,9.75,True,,2026-07-11T14:54:10.851+00:00,/dev/cu.usbserial-58870137921,"RX,3906319,R35,TXB,N16,66,136893,E,0,0.87,0.84,5,U,-81,9.75"
RX,3906500,R35,TXG,N91,15,137080,G,1,0.93,0.9,5.0,U,-80.0,9.25,True,,2026-07-11T14:54:11.030+00:00,/dev/cu.usbserial-58870137921,"RX,3906500,R35,TXG,N91,15,137080,G,1,0.93,0.90,5,U,-80,9.25"
RX,3906802,R35,TXE,N61,64,137382,A,1,0.75,0.72,5.0,U,-76.0,9.25,True,,2026-07-11T14:54:11.332+00:00,/dev/cu.usbserial-58870137921,"RX,3906802,R35,TXE,N61,64,137382,A,1,0.75,0.72,5,U,-76,9.25"
RX,3907051,R35,TXA,N01,135,137626,H,0,0.32,0.3,5.0,F,-78.0,9.5,True,,2026-07-11T14:54:11.582+00:00,/dev/cu.usbserial-58870137921,"RX,3907051,R35,TXA,N01,135,137626,H,0,0.32,0.30,5,F,-78,9.50"
RX,3907192,R35,TXK,N151,68,137763,A,1,0.75,0.72,5.0,U,-68.0,9.75,True,,2026-07-11T14:54:11.723+00:00,/dev/cu.usbserial-58870137921,"RX,3907192,R35,TXK,N151,68,137763,A,1,0.75,0.72,5,U,-68,9.75"
RX,3907550,R35,TXF,N76,33,138131,G,1,0.93,0.9,5.0,U,-74.0,9.5,True,,2026-07-11T14:54:12.081+00:00,/dev/cu.usbserial-58870137921,"RX,3907550,R35,TXF,N76,33,138131,G,1,0.93,0.90,5,U,-74,9.50"
RX,3907709,R35,TXJ,N136,15,138280,G,1,0.93,0.9,5.0,U,-78.0,9.5,True,,2026-07-11T14:54:12.240+00:00,/dev/cu.usbserial-58870137921,"RX,3907709,R35,TXJ,N136,15,138280,G,1,0.93,0.90,5,U,-78,9.50"
RX,3907805,R35,TXC,N31,32,138381,E,0,0.87,0.84,5.0,U,-78.0,10.0,True,,2026-07-11T14:54:12.336+00:00,/dev/cu.usbserial-58870137921,"RX,3907805,R35,TXC,N31,32,138381,E,0,0.87,0.84,5,U,-78,10.00"
RX,3908051,R35,TXA,N01,136,138626,A,1,0.75,0.72,5.0,F,-78.0,10.25,True,,2026-07-11T14:54:12.582+00:00,/dev/cu.usbserial-58870137921,"RX,3908051,R35,TXA,N01,136,138626,A,1,0.75,0.72,5,F,-78,10.25"
RX,3908319,R35,TXB,N16,67,138893,G,1,0.93,0.9,5.0,U,-82.0,9.5,True,,2026-07-11T14:54:12.850+00:00,/dev/cu.usbserial-58870137921,"RX,3908319,R35,TXB,N16,67,138893,G,1,0.93,0.90,5,U,-82,9.50"
RX,3908802,R35,TXE,N61,65,139382,C,1,0.81,0.78,5.0,U,-76.0,9.75,True,,2026-07-11T14:54:13.333+00:00,/dev/cu.usbserial-58870137921,"RX,3908802,R35,TXE,N61,65,139382,C,1,0.81,0.78,5,U,-76,9.75"
RX,3908910,R35,TXI,N121,32,139481,E,0,0.87,0.84,5.0,U,-75.0,11.5,True,,2026-07-11T14:54:13.441+00:00,/dev/cu.usbserial-58870137921,"RX,3908910,R35,TXI,N121,32,139481,E,0,0.87,0.84,5,U,-75,11.50"
RX,3909051,R35,TXA,N01,137,139626,B,1,0.2,0.18,5.0,F,-80.0,9.5,True,,2026-07-11T14:54:13.582+00:00,/dev/cu.usbserial-58870137921,"RX,3909051,R35,TXA,N01,137,139626,B,1,0.20,0.18,5,F,-80,9.50"
RX,3909192,R35,TXK,N151,69,139763,C,0,0.81,0.78,5.0,U,-68.0,9.5,True,,2026-07-11T14:54:13.723+00:00,/dev/cu.usbserial-58870137921,"RX,3909192,R35,TXK,N151,69,139763,C,0,0.81,0.78,5,U,-68,9.50"
RX,3909805,R35,TXC,N31,33,140381,G,1,0.93,0.9,5.0,U,-79.0,9.75,True,,2026-07-11T14:54:14.336+00:00,/dev/cu.usbserial-58870137921,"RX,3909805,R35,TXC,N31,33,140381,G,1,0.93,0.90,5,U,-79,9.75"
RX,3910051,R35,TXA,N01,138,140626,C,0,0.81,0.78,5.0,F,-80.0,9.5,True,,2026-07-11T14:54:14.583+00:00,/dev/cu.usbserial-58870137921,"RX,3910051,R35,TXA,N01,138,140626,C,0,0.81,0.78,5,F,-80,9.50"
RX,3910319,R35,TXB,N16,68,140893,A,1,0.75,0.72,5.0,U,-81.0,9.5,True,,2026-07-11T14:54:14.850+00:00,/dev/cu.usbserial-58870137921,"RX,3910319,R35,TXB,N16,68,140893,A,1,0.75,0.72,5,U,-81,9.50"
RX,3910802,R35,TXE,N61,66,141382,E,0,0.87,0.84,5.0,U,-76.0,9.5,True,,2026-07-11T14:54:15.333+00:00,/dev/cu.usbserial-58870137921,"RX,3910802,R35,TXE,N61,66,141382,E,0,0.87,0.84,5,U,-76,9.50"
RX,3910910,R35,TXI,N121,33,141481,G,1,0.93,0.9,5.0,U,-73.0,10.25,True,,2026-07-11T14:54:15.441+00:00,/dev/cu.usbserial-58870137921,"RX,3910910,R35,TXI,N121,33,141481,G,1,0.93,0.90,5,U,-73,10.25"
RX,3911051,R35,TXA,N01,139,141626,D,1,0.24,0.22,5.0,F,-80.0,9.25,True,,2026-07-11T14:54:15.582+00:00,/dev/cu.usbserial-58870137921,"RX,3911051,R35,TXA,N01,139,141626,D,1,0.24,0.22,5,F,-80,9.25"
RX,3911192,R35,TXK,N151,70,141763,E,1,0.87,0.84,5.0,U,-67.0,9.75,True,,2026-07-11T14:54:15.723+00:00,/dev/cu.usbserial-58870137921,"RX,3911192,R35,TXK,N151,70,141763,E,1,0.87,0.84,5,U,-67,9.75"
RX,3912051,R35,TXA,N01,140,142626,E,1,0.87,0.84,5.0,F,-79.0,9.5,True,,2026-07-11T14:54:16.582+00:00,/dev/cu.usbserial-58870137921,"RX,3912051,R35,TXA,N01,140,142626,E,1,0.87,0.84,5,F,-79,9.50"
RX,3912319,R35,TXB,N16,69,142893,C,0,0.81,0.78,5.0,U,-81.0,9.75,True,,2026-07-11T14:54:16.850+00:00,/dev/cu.usbserial-58870137921,"RX,3912319,R35,TXB,N16,69,142893,C,0,0.81,0.78,5,U,-81,9.75"
RX,3912802,R35,TXE,N61,67,143382,G,1,0.93,0.9,5.0,U,-76.0,9.5,True,,2026-07-11T14:54:17.333+00:00,/dev/cu.usbserial-58870137921,"RX,3912802,R35,TXE,N61,67,143382,G,1,0.93,0.90,5,U,-76,9.50"
RX,3913051,R35,TXA,N01,141,143626,F,0,0.28,0.26,5.0,F,-79.0,9.25,True,,2026-07-11T14:54:17.582+00:00,/dev/cu.usbserial-58870137921,"RX,3913051,R35,TXA,N01,141,143626,F,0,0.28,0.26,5,F,-79,9.25"
RX,3913344,R35,TXL,N166,9,143916,G,1,0.93,0.9,5.0,U,-82.0,9.25,True,,2026-07-11T14:54:17.875+00:00,/dev/cu.usbserial-58870137921,"RX,3913344,R35,TXL,N166,9,143916,G,1,0.93,0.90,5,U,-82,9.25"
RX,3913550,R35,TXF,N76,34,144131,E,1,0.87,0.84,5.0,U,-74.0,9.5,True,,2026-07-11T14:54:18.081+00:00,/dev/cu.usbserial-58870137921,"RX,3913550,R35,TXF,N76,34,144131,E,1,0.87,0.84,5,U,-74,9.50"
RX,3913854,R35,TXD,N46,17,144430,G,1,0.93,0.9,5.0,U,-71.0,9.5,True,,2026-07-11T14:54:18.385+00:00,/dev/cu.usbserial-58870137921,"RX,3913854,R35,TXD,N46,17,144430,G,1,0.93,0.90,5,U,-71,9.50"
RX,3914051,R35,TXA,N01,142,144626,G,1,0.93,0.9,5.0,F,-79.0,10.25,True,,2026-07-11T14:54:18.582+00:00,/dev/cu.usbserial-58870137921,"RX,3914051,R35,TXA,N01,142,144626,G,1,0.93,0.90,5,F,-79,10.25"
RX,3914319,R35,TXB,N16,70,144893,E,1,0.87,0.84,5.0,U,-81.0,9.5,True,,2026-07-11T14:54:18.850+00:00,/dev/cu.usbserial-58870137921,"RX,3914319,R35,TXB,N16,70,144893,E,1,0.87,0.84,5,U,-81,9.50"
RX,3914500,R35,TXG,N91,16,145080,G,1,0.93,0.9,5.0,U,-82.0,9.25,True,,2026-07-11T14:54:19.030+00:00,/dev/cu.usbserial-58870137921,"RX,3914500,R35,TXG,N91,16,145080,G,1,0.93,0.90,5,U,-82,9.25"
RX,3914802,R35,TXE,N61,68,145382,A,1,0.75,0.72,5.0,U,-76.0,9.5,True,,2026-07-11T14:54:19.333+00:00,/dev/cu.usbserial-58870137921,"RX,3914802,R35,TXE,N61,68,145382,A,1,0.75,0.72,5,U,-76,9.50"
RX,3915051,R35,TXA,N01,143,145626,H,1,0.32,0.3,5.0,F,-79.0,9.5,True,,2026-07-11T14:54:19.582+00:00,/dev/cu.usbserial-58870137921,"RX,3915051,R35,TXA,N01,143,145626,H,1,0.32,0.30,5,F,-79,9.50"
RX,3915192,R35,TXK,N151,72,145763,A,0,0.75,0.72,5.0,U,-68.0,9.5,True,,2026-07-11T14:54:19.723+00:00,/dev/cu.usbserial-58870137921,"RX,3915192,R35,TXK,N151,72,145763,A,0,0.75,0.72,5,U,-68,9.50"
RX,3915550,R35,TXF,N76,35,146131,G,1,0.93,0.9,5.0,U,-75.0,9.5,True,,2026-07-11T14:54:20.081+00:00,/dev/cu.usbserial-58870137921,"RX,3915550,R35,TXF,N76,35,146131,G,1,0.93,0.90,5,U,-75,9.50"
RX,3915709,R35,TXJ,N136,16,146280,G,1,0.93,0.9,5.0,U,-76.0,9.5,True,,2026-07-11T14:54:20.240+00:00,/dev/cu.usbserial-58870137921,"RX,3915709,R35,TXJ,N136,16,146280,G,1,0.93,0.90,5,U,-76,9.50"
RX,3915805,R35,TXC,N31,34,146381,E,1,0.87,0.84,5.0,U,-79.0,9.75,True,,2026-07-11T14:54:20.336+00:00,/dev/cu.usbserial-58870137921,"RX,3915805,R35,TXC,N31,34,146381,E,1,0.87,0.84,5,U,-79,9.75"
RX,3916051,R35,TXA,N01,144,146626,A,0,0.75,0.72,5.0,F,-79.0,9.75,True,,2026-07-11T14:54:20.581+00:00,/dev/cu.usbserial-58870137921,"RX,3916051,R35,TXA,N01,144,146626,A,0,0.75,0.72,5,F,-79,9.75"
RX,3916319,R35,TXB,N16,71,146893,G,1,0.93,0.9,5.0,U,-81.0,9.5,True,,2026-07-11T14:54:20.850+00:00,/dev/cu.usbserial-58870137921,"RX,3916319,R35,TXB,N16,71,146893,G,1,0.93,0.90,5,U,-81,9.50"
RX,3916802,R35,TXE,N61,69,147382,C,0,0.81,0.78,5.0,U,-76.0,9.75,True,,2026-07-11T14:54:21.333+00:00,/dev/cu.usbserial-58870137921,"RX,3916802,R35,TXE,N61,69,147382,C,0,0.81,0.78,5,U,-76,9.75"
RX,3916910,R35,TXI,N121,34,147481,E,1,0.87,0.84,5.0,U,-73.0,10.0,True,,2026-07-11T14:54:21.440+00:00,/dev/cu.usbserial-58870137921,"RX,3916910,R35,TXI,N121,34,147481,E,1,0.87,0.84,5,U,-73,10.00"
RX,3917051,R35,TXA,N01,145,147626,B,1,0.2,0.18,5.0,F,-79.0,9.75,True,,2026-07-11T14:54:21.582+00:00,/dev/cu.usbserial-58870137921,"RX,3917051,R35,TXA,N01,145,147626,B,1,0.20,0.18,5,F,-79,9.75"
RX,3917192,R35,TXK,N151,73,147763,C,1,0.81,0.78,5.0,U,-67.0,9.5,True,,2026-07-11T14:54:21.723+00:00,/dev/cu.usbserial-58870137921,"RX,3917192,R35,TXK,N151,73,147763,C,1,0.81,0.78,5,U,-67,9.50"
RX,3917805,R35,TXC,N31,35,148381,G,1,0.93,0.9,5.0,U,-79.0,9.5,True,,2026-07-11T14:54:22.336+00:00,/dev/cu.usbserial-58870137921,"RX,3917805,R35,TXC,N31,35,148381,G,1,0.93,0.90,5,U,-79,9.50"
RX,3918051,R35,TXA,N01,146,148626,C,1,0.81,0.78,5.0,F,-79.0,10.0,True,,2026-07-11T14:54:22.582+00:00,/dev/cu.usbserial-58870137921,"RX,3918051,R35,TXA,N01,146,148626,C,1,0.81,0.78,5,F,-79,10.00"
RX,3918319,R35,TXB,N16,72,148893,A,0,0.75,0.72,5.0,U,-81.0,10.0,True,,2026-07-11T14:54:22.850+00:00,/dev/cu.usbserial-58870137921,"RX,3918319,R35,TXB,N16,72,148893,A,0,0.75,0.72,5,U,-81,10.00"
RX,3918802,R35,TXE,N61,70,149382,E,1,0.87,0.84,5.0,U,-76.0,9.5,True,,2026-07-11T14:54:23.333+00:00,/dev/cu.usbserial-58870137921,"RX,3918802,R35,TXE,N61,70,149382,E,1,0.87,0.84,5,U,-76,9.50"
RX,3918910,R35,TXI,N121,35,149481,G,1,0.93,0.9,5.0,U,-72.0,9.5,True,,2026-07-11T14:54:23.440+00:00,/dev/cu.usbserial-58870137921,"RX,3918910,R35,TXI,N121,35,149481,G,1,0.93,0.90,5,U,-72,9.50"
RX,3919051,R35,TXA,N01,147,149626,D,0,0.24,0.22,5.0,F,-78.0,10.25,True,,2026-07-11T14:54:23.582+00:00,/dev/cu.usbserial-58870137921,"RX,3919051,R35,TXA,N01,147,149626,D,0,0.24,0.22,5,F,-78,10.25"
RX,3919192,R35,TXK,N151,74,149763,E,1,0.87,0.84,5.0,U,-68.0,10.0,True,,2026-07-11T14:54:23.723+00:00,/dev/cu.usbserial-58870137921,"RX,3919192,R35,TXK,N151,74,149763,E,1,0.87,0.84,5,U,-68,10.00"
RX,3920051,R35,TXA,N01,148,150626,E,1,0.87,0.84,5.0,F,-80.0,9.5,True,,2026-07-11T14:54:24.582+00:00,/dev/cu.usbserial-58870137921,"RX,3920051,R35,TXA,N01,148,150626,E,1,0.87,0.84,5,F,-80,9.50"
RX,3920319,R35,TXB,N16,73,150893,C,1,0.81,0.78,5.0,U,-81.0,9.5,True,,2026-07-11T14:54:24.850+00:00,/dev/cu.usbserial-58870137921,"RX,3920319,R35,TXB,N16,73,150893,C,1,0.81,0.78,5,U,-81,9.50"
RX,3920802,R35,TXE,N61,71,151382,G,1,0.93,0.9,5.0,U,-75.0,9.5,True,,2026-07-11T14:54:25.332+00:00,/dev/cu.usbserial-58870137921,"RX,3920802,R35,TXE,N61,71,151382,G,1,0.93,0.90,5,U,-75,9.50"
RX,3921051,R35,TXA,N01,149,151626,F,1,0.28,0.26,5.0,F,-79.0,9.25,True,,2026-07-11T14:54:25.584+00:00,/dev/cu.usbserial-58870137921,"RX,3921051,R35,TXA,N01,149,151626,F,1,0.28,0.26,5,F,-79,9.25"
RX,3921344,R35,TXL,N166,10,151916,G,0,0.93,0.9,5.0,U,-81.0,9.75,True,,2026-07-11T14:54:25.875+00:00,/dev/cu.usbserial-58870137921,"RX,3921344,R35,TXL,N166,10,151916,G,0,0.93,0.90,5,U,-81,9.75"
RX,3921854,R35,TXD,N46,18,152430,G,0,0.93,0.9,5.0,U,-71.0,9.5,True,,2026-07-11T14:54:26.385+00:00,/dev/cu.usbserial-58870137921,"RX,3921854,R35,TXD,N46,18,152430,G,0,0.93,0.90,5,U,-71,9.50"
RX,3922051,R35,TXA,N01,150,152626,G,0,0.93,0.9,5.0,F,-79.0,9.75,True,,2026-07-11T14:54:26.582+00:00,/dev/cu.usbserial-58870137921,"RX,3922051,R35,TXA,N01,150,152626,G,0,0.93,0.90,5,F,-79,9.75"
RX,3922319,R35,TXB,N16,74,152893,E,1,0.87,0.84,5.0,U,-81.0,9.5,True,,2026-07-11T14:54:26.850+00:00,/dev/cu.usbserial-58870137921,"RX,3922319,R35,TXB,N16,74,152893,E,1,0.87,0.84,5,U,-81,9.50"
RX,3922500,R35,TXG,N91,17,153080,G,1,0.93,0.9,5.0,U,-80.0,9.25,True,,2026-07-11T14:54:27.030+00:00,/dev/cu.usbserial-58870137921,"RX,3922500,R35,TXG,N91,17,153080,G,1,0.93,0.90,5,U,-80,9.25"
RX,3922802,R35,TXE,N61,72,153382,A,0,0.75,0.72,5.0,U,-75.0,9.5,True,,2026-07-11T14:54:27.333+00:00,/dev/cu.usbserial-58870137921,"RX,3922802,R35,TXE,N61,72,153382,A,0,0.75,0.72,5,U,-75,9.50"
RX,3923051,R35,TXA,N01,151,153626,H,1,0.32,0.3,5.0,F,-80.0,9.5,True,,2026-07-11T14:54:27.582+00:00,/dev/cu.usbserial-58870137921,"RX,3923051,R35,TXA,N01,151,153626,H,1,0.32,0.30,5,F,-80,9.50"
RX,3923192,R35,TXK,N151,76,153763,A,1,0.75,0.72,5.0,U,-68.0,9.75,True,,2026-07-11T14:54:27.723+00:00,/dev/cu.usbserial-58870137921,"RX,3923192,R35,TXK,N151,76,153763,A,1,0.75,0.72,5,U,-68,9.75"
RX,3923550,R35,TXF,N76,37,154131,G,0,0.93,0.9,5.0,U,-75.0,10.0,True,,2026-07-11T14:54:28.081+00:00,/dev/cu.usbserial-58870137921,"RX,3923550,R35,TXF,N76,37,154131,G,0,0.93,0.90,5,U,-75,10.00"
RX,3923709,R35,TXJ,N136,17,154280,G,1,0.93,0.9,5.0,U,-75.0,9.5,True,,2026-07-11T14:54:28.240+00:00,/dev/cu.usbserial-58870137921,"RX,3923709,R35,TXJ,N136,17,154280,G,1,0.93,0.90,5,U,-75,9.50"
RX,3923805,R35,TXC,N31,36,154381,E,1,0.87,0.84,5.0,U,-78.0,9.75,True,,2026-07-11T14:54:28.336+00:00,/dev/cu.usbserial-58870137921,"RX,3923805,R35,TXC,N31,36,154381,E,1,0.87,0.84,5,U,-78,9.75"
RX,3924051,R35,TXA,N01,152,154626,A,1,0.75,0.72,5.0,F,-79.0,10.0,True,,2026-07-11T14:54:28.582+00:00,/dev/cu.usbserial-58870137921,"RX,3924051,R35,TXA,N01,152,154626,A,1,0.75,0.72,5,F,-79,10.00"
RX,3924319,R35,TXB,N16,75,154893,G,0,0.93,0.9,5.0,U,-81.0,9.5,True,,2026-07-11T14:54:28.850+00:00,/dev/cu.usbserial-58870137921,"RX,3924319,R35,TXB,N16,75,154893,G,0,0.93,0.90,5,U,-81,9.50"
RX,3924802,R35,TXE,N61,73,155382,C,1,0.81,0.78,5.0,U,-76.0,9.25,True,,2026-07-11T14:54:29.333+00:00,/dev/cu.usbserial-58870137921,"RX,3924802,R35,TXE,N61,73,155382,C,1,0.81,0.78,5,U,-76,9.25"
RX,3924910,R35,TXI,N121,36,155481,E,1,0.87,0.84,5.0,U,-73.0,10.0,True,,2026-07-11T14:54:29.440+00:00,/dev/cu.usbserial-58870137921,"RX,3924910,R35,TXI,N121,36,155481,E,1,0.87,0.84,5,U,-73,10.00"
RX,3925051,R35,TXA,N01,153,155626,B,0,0.2,0.18,5.0,F,-79.0,9.5,True,,2026-07-11T14:54:29.582+00:00,/dev/cu.usbserial-58870137921,"RX,3925051,R35,TXA,N01,153,155626,B,0,0.20,0.18,5,F,-79,9.50"
RX,3925192,R35,TXK,N151,77,155763,C,1,0.81,0.78,5.0,U,-68.0,10.0,True,,2026-07-11T14:54:29.723+00:00,/dev/cu.usbserial-58870137921,"RX,3925192,R35,TXK,N151,77,155763,C,1,0.81,0.78,5,U,-68,10.00"
RX,3925805,R35,TXC,N31,37,156381,G,0,0.93,0.9,5.0,U,-78.0,10.0,True,,2026-07-11T14:54:30.336+00:00,/dev/cu.usbserial-58870137921,"RX,3925805,R35,TXC,N31,37,156381,G,0,0.93,0.90,5,U,-78,10.00"
RX,3926051,R35,TXA,N01,154,156626,C,1,0.81,0.78,5.0,F,-80.0,9.75,True,,2026-07-11T14:54:30.582+00:00,/dev/cu.usbserial-58870137921,"RX,3926051,R35,TXA,N01,154,156626,C,1,0.81,0.78,5,F,-80,9.75"
RX,3926319,R35,TXB,N16,76,156893,A,1,0.75,0.72,5.0,U,-81.0,9.5,True,,2026-07-11T14:54:30.850+00:00,/dev/cu.usbserial-58870137921,"RX,3926319,R35,TXB,N16,76,156893,A,1,0.75,0.72,5,U,-81,9.50"
RX,3926802,R35,TXE,N61,74,157382,E,1,0.87,0.84,5.0,U,-75.0,9.5,True,,2026-07-11T14:54:31.333+00:00,/dev/cu.usbserial-58870137921,"RX,3926802,R35,TXE,N61,74,157382,E,1,0.87,0.84,5,U,-75,9.50"
RX,3926910,R35,TXI,N121,37,157481,G,0,0.93,0.9,5.0,U,-73.0,9.75,True,,2026-07-11T14:54:31.440+00:00,/dev/cu.usbserial-58870137921,"RX,3926910,R35,TXI,N121,37,157481,G,0,0.93,0.90,5,U,-73,9.75"
RX,3927051,R35,TXA,N01,155,157626,D,1,0.24,0.22,5.0,F,-80.0,9.25,True,,2026-07-11T14:54:31.582+00:00,/dev/cu.usbserial-58870137921,"RX,3927051,R35,TXA,N01,155,157626,D,1,0.24,0.22,5,F,-80,9.25"
RX,3927192,R35,TXK,N151,78,157763,E,0,0.87,0.84,5.0,U,-68.0,9.5,True,,2026-07-11T14:54:31.723+00:00,/dev/cu.usbserial-58870137921,"RX,3927192,R35,TXK,N151,78,157763,E,0,0.87,0.84,5,U,-68,9.50"
RX,3928051,R35,TXA,N01,156,158626,E,0,0.87,0.84,5.0,F,-80.0,9.25,True,,2026-07-11T14:54:32.582+00:00,/dev/cu.usbserial-58870137921,"RX,3928051,R35,TXA,N01,156,158626,E,0,0.87,0.84,5,F,-80,9.25"
RX,3928319,R35,TXB,N16,77,158893,C,1,0.81,0.78,5.0,U,-81.0,9.5,True,,2026-07-11T14:54:32.852+00:00,/dev/cu.usbserial-58870137921,"RX,3928319,R35,TXB,N16,77,158893,C,1,0.81,0.78,5,U,-81,9.50"
RX,3928802,R35,TXE,N61,75,159382,G,0,0.93,0.9,5.0,U,-76.0,9.5,True,,2026-07-11T14:54:33.333+00:00,/dev/cu.usbserial-58870137921,"RX,3928802,R35,TXE,N61,75,159382,G,0,0.93,0.90,5,U,-76,9.50"
RX,3929051,R35,TXA,N01,157,159626,F,1,0.28,0.26,5.0,F,-80.0,9.75,True,,2026-07-11T14:54:33.582+00:00,/dev/cu.usbserial-58870137921,"RX,3929051,R35,TXA,N01,157,159626,F,1,0.28,0.26,5,F,-80,9.75"
RX,3929344,R35,TXL,N166,11,159916,G,1,0.93,0.9,5.0,U,-80.0,9.25,True,,2026-07-11T14:54:33.875+00:00,/dev/cu.usbserial-58870137921,"RX,3929344,R35,TXL,N166,11,159916,G,1,0.93,0.90,5,U,-80,9.25"
RX,3929550,R35,TXF,N76,38,160131,E,0,0.87,0.84,5.0,U,-75.0,9.25,True,,2026-07-11T14:54:34.081+00:00,/dev/cu.usbserial-58870137921,"RX,3929550,R35,TXF,N76,38,160131,E,0,0.87,0.84,5,U,-75,9.25"
RX,3929854,R35,TXD,N46,19,160430,G,1,0.93,0.9,5.0,U,-71.0,9.5,True,,2026-07-11T14:54:34.385+00:00,/dev/cu.usbserial-58870137921,"RX,3929854,R35,TXD,N46,19,160430,G,1,0.93,0.90,5,U,-71,9.50"
RX,3930051,R35,TXA,N01,158,160626,G,1,0.93,0.9,5.0,F,-80.0,9.5,True,,2026-07-11T14:54:34.582+00:00,/dev/cu.usbserial-58870137921,"RX,3930051,R35,TXA,N01,158,160626,G,1,0.93,0.90,5,F,-80,9.50"
RX,3930319,R35,TXB,N16,78,160893,E,0,0.87,0.84,5.0,U,-81.0,9.5,True,,2026-07-11T14:54:34.850+00:00,/dev/cu.usbserial-58870137921,"RX,3930319,R35,TXB,N16,78,160893,E,0,0.87,0.84,5,U,-81,9.50"
RX,3930499,R35,TXG,N91,18,161080,G,0,0.93,0.9,5.0,U,-81.0,9.5,True,,2026-07-11T14:54:35.030+00:00,/dev/cu.usbserial-58870137921,"RX,3930499,R35,TXG,N91,18,161080,G,0,0.93,0.90,5,U,-81,9.50"
RX,3930802,R35,TXE,N61,76,161382,A,1,0.75,0.72,5.0,U,-76.0,9.75,True,,2026-07-11T14:54:35.333+00:00,/dev/cu.usbserial-58870137921,"RX,3930802,R35,TXE,N61,76,161382,A,1,0.75,0.72,5,U,-76,9.75"
RX,3931051,R35,TXA,N01,159,161626,H,0,0.32,0.3,5.0,F,-80.0,9.5,True,,2026-07-11T14:54:35.582+00:00,/dev/cu.usbserial-58870137921,"RX,3931051,R35,TXA,N01,159,161626,H,0,0.32,0.30,5,F,-80,9.50"
RX,3931192,R35,TXK,N151,80,161763,A,1,0.75,0.72,5.0,U,-67.0,9.75,True,,2026-07-11T14:54:35.722+00:00,/dev/cu.usbserial-58870137921,"RX,3931192,R35,TXK,N151,80,161763,A,1,0.75,0.72,5,U,-67,9.75"
RX,3931550,R35,TXF,N76,39,162131,G,1,0.93,0.9,5.0,U,-74.0,9.5,True,,2026-07-11T14:54:36.081+00:00,/dev/cu.usbserial-58870137921,"RX,3931550,R35,TXF,N76,39,162131,G,1,0.93,0.90,5,U,-74,9.50"
RX,3931709,R35,TXJ,N136,18,162280,G,0,0.93,0.9,5.0,U,-76.0,9.75,True,,2026-07-11T14:54:36.240+00:00,/dev/cu.usbserial-58870137921,"RX,3931709,R35,TXJ,N136,18,162280,G,0,0.93,0.90,5,U,-76,9.75"
RX,3931804,R35,TXC,N31,38,162381,E,0,0.87,0.84,5.0,U,-79.0,9.5,True,,2026-07-11T14:54:36.335+00:00,/dev/cu.usbserial-58870137921,"RX,3931804,R35,TXC,N31,38,162381,E,0,0.87,0.84,5,U,-79,9.50"
RX,3932051,R35,TXA,N01,160,162626,A,1,0.75,0.72,5.0,F,-80.0,9.25,True,,2026-07-11T14:54:36.582+00:00,/dev/cu.usbserial-58870137921,"RX,3932051,R35,TXA,N01,160,162626,A,1,0.75,0.72,5,F,-80,9.25"
RX,3932319,R35,TXB,N16,79,162893,G,1,0.93,0.9,5.0,U,-81.0,9.5,True,,2026-07-11T14:54:36.851+00:00,/dev/cu.usbserial-58870137921,"RX,3932319,R35,TXB,N16,79,162893,G,1,0.93,0.90,5,U,-81,9.50"
RX,3932802,R35,TXE,N61,77,163382,C,1,0.81,0.78,5.0,U,-76.0,9.5,True,,2026-07-11T14:54:37.333+00:00,/dev/cu.usbserial-58870137921,"RX,3932802,R35,TXE,N61,77,163382,C,1,0.81,0.78,5,U,-76,9.50"
RX,3932909,R35,TXI,N121,38,163481,E,0,0.87,0.84,5.0,U,-72.0,10.25,True,,2026-07-11T14:54:37.441+00:00,/dev/cu.usbserial-58870137921,"RX,3932909,R35,TXI,N121,38,163481,E,0,0.87,0.84,5,U,-72,10.25"
RX,3933051,R35,TXA,N01,161,163626,B,1,0.2,0.18,5.0,F,-79.0,9.75,True,,2026-07-11T14:54:37.582+00:00,/dev/cu.usbserial-58870137921,"RX,3933051,R35,TXA,N01,161,163626,B,1,0.20,0.18,5,F,-79,9.75"
RX,3933191,R35,TXK,N151,81,163763,C,0,0.81,0.78,5.0,U,-68.0,9.25,True,,2026-07-11T14:54:37.723+00:00,/dev/cu.usbserial-58870137921,"RX,3933191,R35,TXK,N151,81,163763,C,0,0.81,0.78,5,U,-68,9.25"
RX,3933804,R35,TXC,N31,39,164381,G,1,0.93,0.9,5.0,U,-78.0,9.75,True,,2026-07-11T14:54:38.336+00:00,/dev/cu.usbserial-58870137921,"RX,3933804,R35,TXC,N31,39,164381,G,1,0.93,0.90,5,U,-78,9.75"
RX,3934051,R35,TXA,N01,162,164626,C,0,0.81,0.78,5.0,F,-78.0,10.0,True,,2026-07-11T14:54:38.582+00:00,/dev/cu.usbserial-58870137921,"RX,3934051,R35,TXA,N01,162,164626,C,0,0.81,0.78,5,F,-78,10.00"
RX,3934319,R35,TXB,N16,80,164893,A,1,0.75,0.72,5.0,U,-81.0,9.0,True,,2026-07-11T14:54:38.850+00:00,/dev/cu.usbserial-58870137921,"RX,3934319,R35,TXB,N16,80,164893,A,1,0.75,0.72,5,U,-81,9.00"
RX,3934802,R35,TXE,N61,78,165382,E,0,0.87,0.84,5.0,U,-76.0,10.25,True,,2026-07-11T14:54:39.333+00:00,/dev/cu.usbserial-58870137921,"RX,3934802,R35,TXE,N61,78,165382,E,0,0.87,0.84,5,U,-76,10.25"
RX,3934909,R35,TXI,N121,39,165481,G,1,0.93,0.9,5.0,U,-73.0,10.25,True,,2026-07-11T14:54:39.441+00:00,/dev/cu.usbserial-58870137921,"RX,3934909,R35,TXI,N121,39,165481,G,1,0.93,0.90,5,U,-73,10.25"
RX,3935051,R35,TXA,N01,163,165626,D,1,0.24,0.22,5.0,F,-79.0,10.25,True,,2026-07-11T14:54:39.582+00:00,/dev/cu.usbserial-58870137921,"RX,3935051,R35,TXA,N01,163,165626,D,1,0.24,0.22,5,F,-79,10.25"
RX,3935191,R35,TXK,N151,82,165763,E,1,0.87,0.84,5.0,U,-68.0,10.0,True,,2026-07-11T14:54:39.723+00:00,/dev/cu.usbserial-58870137921,"RX,3935191,R35,TXK,N151,82,165763,E,1,0.87,0.84,5,U,-68,10.00"
RX,3936051,R35,TXA,N01,164,166626,E,1,0.87,0.84,5.0,F,-79.0,9.5,True,,2026-07-11T14:54:40.582+00:00,/dev/cu.usbserial-58870137921,"RX,3936051,R35,TXA,N01,164,166626,E,1,0.87,0.84,5,F,-79,9.50"
RX,3936319,R35,TXB,N16,81,166893,C,0,0.81,0.78,5.0,U,-81.0,10.0,True,,2026-07-11T14:54:40.851+00:00,/dev/cu.usbserial-58870137921,"RX,3936319,R35,TXB,N16,81,166893,C,0,0.81,0.78,5,U,-81,10.00"
RX,3936802,R35,TXE,N61,79,167382,G,1,0.93,0.9,5.0,U,-76.0,9.75,True,,2026-07-11T14:54:41.333+00:00,/dev/cu.usbserial-58870137921,"RX,3936802,R35,TXE,N61,79,167382,G,1,0.93,0.90,5,U,-76,9.75"
RX,3937051,R35,TXA,N01,165,167626,F,0,0.28,0.26,5.0,F,-79.0,9.5,True,,2026-07-11T14:54:41.582+00:00,/dev/cu.usbserial-58870137921,"RX,3937051,R35,TXA,N01,165,167626,F,0,0.28,0.26,5,F,-79,9.50"
RX,3937192,R35,TXK,N151,83,167763,G,1,0.93,0.9,5.0,U,-68.0,9.5,True,,2026-07-11T14:54:41.723+00:00,/dev/cu.usbserial-58870137921,"RX,3937192,R35,TXK,N151,83,167763,G,1,0.93,0.90,5,U,-68,9.50"
RX,3937550,R35,TXF,N76,40,168131,E,1,0.87,0.84,5.0,U,-75.0,9.5,True,,2026-07-11T14:54:42.081+00:00,/dev/cu.usbserial-58870137921,"RX,3937550,R35,TXF,N76,40,168131,E,1,0.87,0.84,5,U,-75,9.50"
RX,3937854,R35,TXD,N46,20,168430,G,1,0.93,0.9,5.0,U,-72.0,9.75,True,,2026-07-11T14:54:42.385+00:00,/dev/cu.usbserial-58870137921,"RX,3937854,R35,TXD,N46,20,168430,G,1,0.93,0.90,5,U,-72,9.75"
RX,3938051,R35,TXA,N01,166,168626,G,1,0.93,0.9,5.0,F,-79.0,9.5,True,,2026-07-11T14:54:42.582+00:00,/dev/cu.usbserial-58870137921,"RX,3938051,R35,TXA,N01,166,168626,G,1,0.93,0.90,5,F,-79,9.50"
RX,3938319,R35,TXB,N16,82,168893,E,1,0.87,0.84,5.0,U,-81.0,9.75,True,,2026-07-11T14:54:42.850+00:00,/dev/cu.usbserial-58870137921,"RX,3938319,R35,TXB,N16,82,168893,E,1,0.87,0.84,5,U,-81,9.75"
RX,3938499,R35,TXG,N91,19,169080,G,1,0.93,0.9,5.0,U,-81.0,9.5,True,,2026-07-11T14:54:43.030+00:00,/dev/cu.usbserial-58870137921,"RX,3938499,R35,TXG,N91,19,169080,G,1,0.93,0.90,5,U,-81,9.50"
RX,3938802,R35,TXE,N61,80,169382,A,1,0.75,0.72,5.0,U,-77.0,9.75,True,,2026-07-11T14:54:43.333+00:00,/dev/cu.usbserial-58870137921,"RX,3938802,R35,TXE,N61,80,169382,A,1,0.75,0.72,5,U,-77,9.75"
RX,3939051,R35,TXA,N01,167,169626,H,1,0.32,0.3,5.0,F,-80.0,9.25,True,,2026-07-11T14:54:43.582+00:00,/dev/cu.usbserial-58870137921,"RX,3939051,R35,TXA,N01,167,169626,H,1,0.32,0.30,5,F,-80,9.25"
RX,3939191,R35,TXK,N151,84,169763,A,0,0.75,0.72,5.0,U,-68.0,10.0,True,,2026-07-11T14:54:43.723+00:00,/dev/cu.usbserial-58870137921,"RX,3939191,R35,TXK,N151,84,169763,A,0,0.75,0.72,5,U,-68,10.00"
RX,3939550,R35,TXF,N76,41,170131,G,1,0.93,0.9,5.0,U,-75.0,9.5,True,,2026-07-11T14:54:44.081+00:00,/dev/cu.usbserial-58870137921,"RX,3939550,R35,TXF,N76,41,170131,G,1,0.93,0.90,5,U,-75,9.50"
RX,3939709,R35,TXJ,N136,19,170280,G,1,0.93,0.9,5.0,U,-75.0,9.75,True,,2026-07-11T14:54:44.240+00:00,/dev/cu.usbserial-58870137921,"RX,3939709,R35,TXJ,N136,19,170280,G,1,0.93,0.90,5,U,-75,9.75"
RX,3939804,R35,TXC,N31,40,170381,E,1,0.87,0.84,5.0,U,-78.0,10.0,True,,2026-07-11T14:54:44.336+00:00,/dev/cu.usbserial-58870137921,"RX,3939804,R35,TXC,N31,40,170381,E,1,0.87,0.84,5,U,-78,10.00"
RX,3940051,R35,TXA,N01,168,170626,A,0,0.75,0.72,5.0,F,-80.0,9.25,True,,2026-07-11T14:54:44.582+00:00,/dev/cu.usbserial-58870137921,"RX,3940051,R35,TXA,N01,168,170626,A,0,0.75,0.72,5,F,-80,9.25"
RX,3940319,R35,TXB,N16,83,170893,G,1,0.93,0.9,5.0,U,-81.0,9.75,True,,2026-07-11T14:54:44.850+00:00,/dev/cu.usbserial-58870137921,"RX,3940319,R35,TXB,N16,83,170893,G,1,0.93,0.90,5,U,-81,9.75"
RX,3940802,R35,TXE,N61,81,171382,C,0,0.81,0.78,5.0,U,-76.0,9.75,True,,2026-07-11T14:54:45.333+00:00,/dev/cu.usbserial-58870137921,"RX,3940802,R35,TXE,N61,81,171382,C,0,0.81,0.78,5,U,-76,9.75"
RX,3940909,R35,TXI,N121,40,171481,E,1,0.87,0.84,5.0,U,-73.0,9.5,True,,2026-07-11T14:54:45.440+00:00,/dev/cu.usbserial-58870137921,"RX,3940909,R35,TXI,N121,40,171481,E,1,0.87,0.84,5,U,-73,9.50"
RX,3941051,R35,TXA,N01,169,171626,B,1,0.2,0.18,5.0,F,-80.0,9.0,True,,2026-07-11T14:54:45.582+00:00,/dev/cu.usbserial-58870137921,"RX,3941051,R35,TXA,N01,169,171626,B,1,0.20,0.18,5,F,-80,9.00"
RX,3941191,R35,TXK,N151,85,171763,C,1,0.81,0.78,5.0,U,-68.0,9.5,True,,2026-07-11T14:54:45.723+00:00,/dev/cu.usbserial-58870137921,"RX,3941191,R35,TXK,N151,85,171763,C,1,0.81,0.78,5,U,-68,9.50"
RX,3941804,R35,TXC,N31,41,172381,G,1,0.93,0.9,5.0,U,-78.0,9.5,True,,2026-07-11T14:54:46.336+00:00,/dev/cu.usbserial-58870137921,"RX,3941804,R35,TXC,N31,41,172381,G,1,0.93,0.90,5,U,-78,9.50"
RX,3942051,R35,TXA,N01,170,172626,C,1,0.81,0.78,5.0,F,-80.0,9.25,True,,2026-07-11T14:54:46.582+00:00,/dev/cu.usbserial-58870137921,"RX,3942051,R35,TXA,N01,170,172626,C,1,0.81,0.78,5,F,-80,9.25"
RX,3942319,R35,TXB,N16,84,172893,A,0,0.75,0.72,5.0,U,-81.0,9.5,True,,2026-07-11T14:54:46.851+00:00,/dev/cu.usbserial-58870137921,"RX,3942319,R35,TXB,N16,84,172893,A,0,0.75,0.72,5,U,-81,9.50"
RX,3942802,R35,TXE,N61,82,173382,E,1,0.87,0.84,5.0,U,-77.0,9.5,True,,2026-07-11T14:54:47.333+00:00,/dev/cu.usbserial-58870137921,"RX,3942802,R35,TXE,N61,82,173382,E,1,0.87,0.84,5,U,-77,9.50"
RX,3942909,R35,TXI,N121,41,173481,G,1,0.93,0.9,5.0,U,-72.0,10.25,True,,2026-07-11T14:54:47.441+00:00,/dev/cu.usbserial-58870137921,"RX,3942909,R35,TXI,N121,41,173481,G,1,0.93,0.90,5,U,-72,10.25"
RX,3943051,R35,TXA,N01,171,173626,D,0,0.24,0.22,5.0,F,-80.0,9.75,True,,2026-07-11T14:54:47.583+00:00,/dev/cu.usbserial-58870137921,"RX,3943051,R35,TXA,N01,171,173626,D,0,0.24,0.22,5,F,-80,9.75"
RX,3943191,R35,TXK,N151,86,173763,E,1,0.87,0.84,5.0,U,-68.0,10.0,True,,2026-07-11T14:54:47.723+00:00,/dev/cu.usbserial-58870137921,"RX,3943191,R35,TXK,N151,86,173763,E,1,0.87,0.84,5,U,-68,10.00"
RX,3944051,R35,TXA,N01,172,174626,E,1,0.87,0.84,5.0,F,-80.0,9.5,True,,2026-07-11T14:54:48.582+00:00,/dev/cu.usbserial-58870137921,"RX,3944051,R35,TXA,N01,172,174626,E,1,0.87,0.84,5,F,-80,9.50"
RX,3944319,R35,TXB,N16,85,174893,C,1,0.81,0.78,5.0,U,-81.0,9.75,True,,2026-07-11T14:54:48.850+00:00,/dev/cu.usbserial-58870137921,"RX,3944319,R35,TXB,N16,85,174893,C,1,0.81,0.78,5,U,-81,9.75"
RX,3944802,R35,TXE,N61,83,175382,G,1,0.93,0.9,5.0,U,-77.0,10.0,True,,2026-07-11T14:54:49.333+00:00,/dev/cu.usbserial-58870137921,"RX,3944802,R35,TXE,N61,83,175382,G,1,0.93,0.90,5,U,-77,10.00"
RX,3945051,R35,TXA,N01,173,175626,F,1,0.28,0.26,5.0,F,-80.0,9.75,True,,2026-07-11T14:54:49.582+00:00,/dev/cu.usbserial-58870137921,"RX,3945051,R35,TXA,N01,173,175626,F,1,0.28,0.26,5,F,-80,9.75"
RX,3945191,R35,TXK,N151,87,175763,G,0,0.93,0.9,5.0,U,-68.0,9.75,True,,2026-07-11T14:54:49.723+00:00,/dev/cu.usbserial-58870137921,"RX,3945191,R35,TXK,N151,87,175763,G,0,0.93,0.90,5,U,-68,9.75"
RX,3945550,R35,TXF,N76,42,176131,E,1,0.87,0.84,5.0,U,-74.0,10.0,True,,2026-07-11T14:54:50.082+00:00,/dev/cu.usbserial-58870137921,"RX,3945550,R35,TXF,N76,42,176131,E,1,0.87,0.84,5,U,-74,10.00"
RX,3945854,R35,TXD,N46,21,176430,G,0,0.93,0.9,5.0,U,-71.0,10.0,True,,2026-07-11T14:54:50.385+00:00,/dev/cu.usbserial-58870137921,"RX,3945854,R35,TXD,N46,21,176430,G,0,0.93,0.90,5,U,-71,10.00"
RX,3946051,R35,TXA,N01,174,176626,G,0,0.93,0.9,5.0,F,-80.0,9.0,True,,2026-07-11T14:54:50.582+00:00,/dev/cu.usbserial-58870137921,"RX,3946051,R35,TXA,N01,174,176626,G,0,0.93,0.90,5,F,-80,9.00"
RX,3946319,R35,TXB,N16,86,176893,E,1,0.87,0.84,5.0,U,-81.0,9.75,True,,2026-07-11T14:54:50.851+00:00,/dev/cu.usbserial-58870137921,"RX,3946319,R35,TXB,N16,86,176893,E,1,0.87,0.84,5,U,-81,9.75"
RX,3946499,R35,TXG,N91,20,177080,G,1,0.93,0.9,5.0,U,-80.0,9.25,True,,2026-07-11T14:54:51.030+00:00,/dev/cu.usbserial-58870137921,"RX,3946499,R35,TXG,N91,20,177080,G,1,0.93,0.90,5,U,-80,9.25"
RX,3946802,R35,TXE,N61,84,177382,A,0,0.75,0.72,5.0,U,-77.0,9.75,True,,2026-07-11T14:54:51.333+00:00,/dev/cu.usbserial-58870137921,"RX,3946802,R35,TXE,N61,84,177382,A,0,0.75,0.72,5,U,-77,9.75"
RX,3947051,R35,TXA,N01,175,177626,H,1,0.32,0.3,5.0,F,-80.0,9.5,True,,2026-07-11T14:54:51.582+00:00,/dev/cu.usbserial-58870137921,"RX,3947051,R35,TXA,N01,175,177626,H,1,0.32,0.30,5,F,-80,9.50"
RX,3947191,R35,TXK,N151,88,177763,A,1,0.75,0.72,5.0,U,-68.0,12.0,True,,2026-07-11T14:54:51.723+00:00,/dev/cu.usbserial-58870137921,"RX,3947191,R35,TXK,N151,88,177763,A,1,0.75,0.72,5,U,-68,12.00"
RX,3947550,R35,TXF,N76,43,178131,G,0,0.93,0.9,5.0,U,-74.0,9.5,True,,2026-07-11T14:54:52.081+00:00,/dev/cu.usbserial-58870137921,"RX,3947550,R35,TXF,N76,43,178131,G,0,0.93,0.90,5,U,-74,9.50"
RX,3947709,R35,TXJ,N136,20,178280,G,1,0.93,0.9,5.0,U,-75.0,9.75,True,,2026-07-11T14:54:52.240+00:00,/dev/cu.usbserial-58870137921,"RX,3947709,R35,TXJ,N136,20,178280,G,1,0.93,0.90,5,U,-75,9.75"
RX,3947804,R35,TXC,N31,42,178381,E,1,0.87,0.84,5.0,U,-78.0,9.75,True,,2026-07-11T14:54:52.335+00:00,/dev/cu.usbserial-58870137921,"RX,3947804,R35,TXC,N31,42,178381,E,1,0.87,0.84,5,U,-78,9.75"
RX,3948051,R35,TXA,N01,176,178626,A,1,0.75,0.72,5.0,F,-80.0,9.75,True,,2026-07-11T14:54:52.582+00:00,/dev/cu.usbserial-58870137921,"RX,3948051,R35,TXA,N01,176,178626,A,1,0.75,0.72,5,F,-80,9.75"
RX,3948319,R35,TXB,N16,87,178893,G,0,0.93,0.9,5.0,U,-81.0,9.5,True,,2026-07-11T14:54:52.850+00:00,/dev/cu.usbserial-58870137921,"RX,3948319,R35,TXB,N16,87,178893,G,0,0.93,0.90,5,U,-81,9.50"
RX,3948802,R35,TXE,N61,85,179382,C,1,0.81,0.78,5.0,U,-76.0,9.75,True,,2026-07-11T14:54:53.333+00:00,/dev/cu.usbserial-58870137921,"RX,3948802,R35,TXE,N61,85,179382,C,1,0.81,0.78,5,U,-76,9.75"
RX,3948909,R35,TXI,N121,42,179481,E,1,0.87,0.84,5.0,U,-73.0,9.5,True,,2026-07-11T14:54:53.440+00:00,/dev/cu.usbserial-58870137921,"RX,3948909,R35,TXI,N121,42,179481,E,1,0.87,0.84,5,U,-73,9.50"
RX,3949051,R35,TXA,N01,177,179626,B,0,0.2,0.18,5.0,F,-80.0,9.25,True,,2026-07-11T14:54:53.582+00:00,/dev/cu.usbserial-58870137921,"RX,3949051,R35,TXA,N01,177,179626,B,0,0.20,0.18,5,F,-80,9.25"
RX,3949191,R35,TXK,N151,89,179763,C,1,0.81,0.78,5.0,U,-68.0,10.0,True,,2026-07-11T14:54:53.723+00:00,/dev/cu.usbserial-58870137921,"RX,3949191,R35,TXK,N151,89,179763,C,1,0.81,0.78,5,U,-68,10.00"
RX,3949804,R35,TXC,N31,43,180381,G,0,0.93,0.9,5.0,U,-79.0,10.25,True,,2026-07-11T14:54:54.335+00:00,/dev/cu.usbserial-58870137921,"RX,3949804,R35,TXC,N31,43,180381,G,0,0.93,0.90,5,U,-79,10.25"
RX,3950051,R35,TXA,N01,178,180626,C,1,0.81,0.78,5.0,F,-79.0,9.5,True,,2026-07-11T14:54:54.582+00:00,/dev/cu.usbserial-58870137921,"RX,3950051,R35,TXA,N01,178,180626,C,1,0.81,0.78,5,F,-79,9.50"
RX,3950319,R35,TXB,N16,88,180893,A,1,0.75,0.72,5.0,U,-81.0,10.0,True,,2026-07-11T14:54:54.850+00:00,/dev/cu.usbserial-58870137921,"RX,3950319,R35,TXB,N16,88,180893,A,1,0.75,0.72,5,U,-81,10.00"
RX,3950802,R35,TXE,N61,86,181382,E,1,0.87,0.84,5.0,U,-76.0,9.75,True,,2026-07-11T14:54:55.333+00:00,/dev/cu.usbserial-58870137921,"RX,3950802,R35,TXE,N61,86,181382,E,1,0.87,0.84,5,U,-76,9.75"
RX,3950909,R35,TXI,N121,43,181481,G,0,0.93,0.9,5.0,U,-73.0,9.75,True,,2026-07-11T14:54:55.440+00:00,/dev/cu.usbserial-58870137921,"RX,3950909,R35,TXI,N121,43,181481,G,0,0.93,0.90,5,U,-73,9.75"
RX,3951051,R35,TXA,N01,179,181626,D,1,0.24,0.22,5.0,F,-79.0,9.75,True,,2026-07-11T14:54:55.582+00:00,/dev/cu.usbserial-58870137921,"RX,3951051,R35,TXA,N01,179,181626,D,1,0.24,0.22,5,F,-79,9.75"
RX,3951191,R35,TXK,N151,90,181763,E,0,0.87,0.84,5.0,U,-68.0,10.25,True,,2026-07-11T14:54:55.723+00:00,/dev/cu.usbserial-58870137921,"RX,3951191,R35,TXK,N151,90,181763,E,0,0.87,0.84,5,U,-68,10.25"
RX,3952051,R35,TXA,N01,180,182626,E,0,0.87,0.84,5.0,F,-79.0,9.75,True,,2026-07-11T14:54:56.583+00:00,/dev/cu.usbserial-58870137921,"RX,3952051,R35,TXA,N01,180,182626,E,0,0.87,0.84,5,F,-79,9.75"
RX,3952319,R35,TXB,N16,89,182893,C,1,0.81,0.78,5.0,U,-81.0,10.25,True,,2026-07-11T14:54:56.850+00:00,/dev/cu.usbserial-58870137921,"RX,3952319,R35,TXB,N16,89,182893,C,1,0.81,0.78,5,U,-81,10.25"
RX,3952802,R35,TXE,N61,87,183382,G,0,0.93,0.9,5.0,U,-77.0,9.75,True,,2026-07-11T14:54:57.333+00:00,/dev/cu.usbserial-58870137921,"RX,3952802,R35,TXE,N61,87,183382,G,0,0.93,0.90,5,U,-77,9.75"
RX,3953051,R35,TXA,N01,181,183626,F,1,0.28,0.26,5.0,F,-79.0,9.75,True,,2026-07-11T14:54:57.583+00:00,/dev/cu.usbserial-58870137921,"RX,3953051,R35,TXA,N01,181,183626,F,1,0.28,0.26,5,F,-79,9.75"
RX,3953191,R35,TXK,N151,91,183763,G,1,0.93,0.9,5.0,U,-67.0,9.75,True,,2026-07-11T14:54:57.723+00:00,/dev/cu.usbserial-58870137921,"RX,3953191,R35,TXK,N151,91,183763,G,1,0.93,0.90,5,U,-67,9.75"
RX,3953550,R35,TXF,N76,44,184131,E,0,0.87,0.84,5.0,U,-74.0,9.5,True,,2026-07-11T14:54:58.082+00:00,/dev/cu.usbserial-58870137921,"RX,3953550,R35,TXF,N76,44,184131,E,0,0.87,0.84,5,U,-74,9.50"
RX,3953854,R35,TXD,N46,22,184430,G,1,0.93,0.9,5.0,U,-71.0,9.75,True,,2026-07-11T14:54:58.385+00:00,/dev/cu.usbserial-58870137921,"RX,3953854,R35,TXD,N46,22,184430,G,1,0.93,0.90,5,U,-71,9.75"
RX,3954051,R35,TXA,N01,182,184626,G,1,0.93,0.9,5.0,F,-78.0,9.75,True,,2026-07-11T14:54:58.582+00:00,/dev/cu.usbserial-58870137921,"RX,3954051,R35,TXA,N01,182,184626,G,1,0.93,0.90,5,F,-78,9.75"
RX,3954319,R35,TXB,N16,90,184893,E,0,0.87,0.84,5.0,U,-80.0,9.75,True,,2026-07-11T14:54:58.850+00:00,/dev/cu.usbserial-58870137921,"RX,3954319,R35,TXB,N16,90,184893,E,0,0.87,0.84,5,U,-80,9.75"
RX,3954499,R35,TXG,N91,21,185080,G,0,0.93,0.9,5.0,U,-81.0,9.75,True,,2026-07-11T14:54:59.031+00:00,/dev/cu.usbserial-58870137921,"RX,3954499,R35,TXG,N91,21,185080,G,0,0.93,0.90,5,U,-81,9.75"
RX,3954802,R35,TXE,N61,88,185382,A,1,0.75,0.72,5.0,U,-76.0,9.75,True,,2026-07-11T14:54:59.333+00:00,/dev/cu.usbserial-58870137921,"RX,3954802,R35,TXE,N61,88,185382,A,1,0.75,0.72,5,U,-76,9.75"
RX,3955051,R35,TXA,N01,183,185626,H,0,0.32,0.3,5.0,F,-79.0,9.75,True,,2026-07-11T14:54:59.582+00:00,/dev/cu.usbserial-58870137921,"RX,3955051,R35,TXA,N01,183,185626,H,0,0.32,0.30,5,F,-79,9.75"
RX,3955191,R35,TXK,N151,92,185763,A,1,0.75,0.72,5.0,U,-68.0,10.5,True,,2026-07-11T14:54:59.723+00:00,/dev/cu.usbserial-58870137921,"RX,3955191,R35,TXK,N151,92,185763,A,1,0.75,0.72,5,U,-68,10.50"
RX,3955550,R35,TXF,N76,45,186131,G,1,0.93,0.9,5.0,U,-75.0,9.5,True,,2026-07-11T14:55:00.082+00:00,/dev/cu.usbserial-58870137921,"RX,3955550,R35,TXF,N76,45,186131,G,1,0.93,0.90,5,U,-75,9.50"
RX,3955709,R35,TXJ,N136,21,186280,G,0,0.93,0.9,5.0,U,-76.0,9.75,True,,2026-07-11T14:55:00.240+00:00,/dev/cu.usbserial-58870137921,"RX,3955709,R35,TXJ,N136,21,186280,G,0,0.93,0.90,5,U,-76,9.75"
RX,3955804,R35,TXC,N31,44,186381,E,0,0.87,0.84,5.0,U,-80.0,9.5,True,,2026-07-11T14:55:00.335+00:00,/dev/cu.usbserial-58870137921,"RX,3955804,R35,TXC,N31,44,186381,E,0,0.87,0.84,5,U,-80,9.50"
RX,3956051,R35,TXA,N01,184,186626,A,1,0.75,0.72,5.0,F,-79.0,10.0,True,,2026-07-11T14:55:00.582+00:00,/dev/cu.usbserial-58870137921,"RX,3956051,R35,TXA,N01,184,186626,A,1,0.75,0.72,5,F,-79,10.00"
RX,3956319,R35,TXB,N16,91,186893,G,1,0.93,0.9,5.0,U,-80.0,9.75,True,,2026-07-11T14:55:00.851+00:00,/dev/cu.usbserial-58870137921,"RX,3956319,R35,TXB,N16,91,186893,G,1,0.93,0.90,5,U,-80,9.75"
RX,3956802,R35,TXE,N61,89,187382,C,1,0.81,0.78,5.0,U,-76.0,10.0,True,,2026-07-11T14:55:01.333+00:00,/dev/cu.usbserial-58870137921,"RX,3956802,R35,TXE,N61,89,187382,C,1,0.81,0.78,5,U,-76,10.00"
RX,3956909,R35,TXI,N121,44,187481,E,0,0.87,0.84,5.0,U,-73.0,9.25,True,,2026-07-11T14:55:01.440+00:00,/dev/cu.usbserial-58870137921,"RX,3956909,R35,TXI,N121,44,187481,E,0,0.87,0.84,5,U,-73,9.25"
RX,3957051,R35,TXA,N01,185,187626,B,1,0.2,0.18,5.0,F,-79.0,9.75,True,,2026-07-11T14:55:01.582+00:00,/dev/cu.usbserial-58870137921,"RX,3957051,R35,TXA,N01,185,187626,B,1,0.20,0.18,5,F,-79,9.75"
RX,3957191,R35,TXK,N151,93,187763,C,0,0.81,0.78,5.0,U,-67.0,10.0,True,,2026-07-11T14:55:01.723+00:00,/dev/cu.usbserial-58870137921,"RX,3957191,R35,TXK,N151,93,187763,C,0,0.81,0.78,5,U,-67,10.00"
RX,3957804,R35,TXC,N31,45,188381,G,1,0.93,0.9,5.0,U,-80.0,9.75,True,,2026-07-11T14:55:02.335+00:00,/dev/cu.usbserial-58870137921,"RX,3957804,R35,TXC,N31,45,188381,G,1,0.93,0.90,5,U,-80,9.75"
RX,3958051,R35,TXA,N01,186,188626,C,0,0.81,0.78,5.0,F,-78.0,9.5,True,,2026-07-11T14:55:02.582+00:00,/dev/cu.usbserial-58870137921,"RX,3958051,R35,TXA,N01,186,188626,C,0,0.81,0.78,5,F,-78,9.50"
RX,3958319,R35,TXB,N16,92,188893,A,1,0.75,0.72,5.0,U,-81.0,9.75,True,,2026-07-11T14:55:02.851+00:00,/dev/cu.usbserial-58870137921,"RX,3958319,R35,TXB,N16,92,188893,A,1,0.75,0.72,5,U,-81,9.75"
RX,3958802,R35,TXE,N61,90,189382,E,0,0.87,0.84,5.0,U,-76.0,9.75,True,,2026-07-11T14:55:03.333+00:00,/dev/cu.usbserial-58870137921,"RX,3958802,R35,TXE,N61,90,189382,E,0,0.87,0.84,5,U,-76,9.75"
RX,3958909,R35,TXI,N121,45,189481,G,1,0.93,0.9,5.0,U,-73.0,10.25,True,,2026-07-11T14:55:03.440+00:00,/dev/cu.usbserial-58870137921,"RX,3958909,R35,TXI,N121,45,189481,G,1,0.93,0.90,5,U,-73,10.25"
RX,3959051,R35,TXA,N01,187,189626,D,1,0.24,0.22,5.0,F,-79.0,9.5,True,,2026-07-11T14:55:03.583+00:00,/dev/cu.usbserial-58870137921,"RX,3959051,R35,TXA,N01,187,189626,D,1,0.24,0.22,5,F,-79,9.50"
RX,3959191,R35,TXK,N151,94,189763,E,1,0.87,0.84,5.0,U,-68.0,9.75,True,,2026-07-11T14:55:03.723+00:00,/dev/cu.usbserial-58870137921,"RX,3959191,R35,TXK,N151,94,189763,E,1,0.87,0.84,5,U,-68,9.75"
RX,3960051,R35,TXA,N01,188,190626,E,1,0.87,0.84,5.0,F,-79.0,9.5,True,,2026-07-11T14:55:04.583+00:00,/dev/cu.usbserial-58870137921,"RX,3960051,R35,TXA,N01,188,190626,E,1,0.87,0.84,5,F,-79,9.50"
RX,3960319,R35,TXB,N16,93,190893,C,0,0.81,0.78,5.0,U,-80.0,9.5,True,,2026-07-11T14:55:04.850+00:00,/dev/cu.usbserial-58870137921,"RX,3960319,R35,TXB,N16,93,190893,C,0,0.81,0.78,5,U,-80,9.50"
RX,3960802,R35,TXE,N61,91,191382,G,1,0.93,0.9,5.0,U,-76.0,9.75,True,,2026-07-11T14:55:05.333+00:00,/dev/cu.usbserial-58870137921,"RX,3960802,R35,TXE,N61,91,191382,G,1,0.93,0.90,5,U,-76,9.75"
RX,3961051,R35,TXA,N01,189,191626,F,0,0.28,0.26,5.0,F,-79.0,10.0,True,,2026-07-11T14:55:05.582+00:00,/dev/cu.usbserial-58870137921,"RX,3961051,R35,TXA,N01,189,191626,F,0,0.28,0.26,5,F,-79,10.00"
RX,3961191,R35,TXK,N151,95,191763,G,1,0.93,0.9,5.0,U,-67.0,10.0,True,,2026-07-11T14:55:05.723+00:00,/dev/cu.usbserial-58870137921,"RX,3961191,R35,TXK,N151,95,191763,G,1,0.93,0.90,5,U,-67,10.00"
RX,3961550,R35,TXF,N76,46,192131,E,1,0.87,0.84,5.0,U,-75.0,9.75,True,,2026-07-11T14:55:06.081+00:00,/dev/cu.usbserial-58870137921,"RX,3961550,R35,TXF,N76,46,192131,E,1,0.87,0.84,5,U,-75,9.75"
RX,3961854,R35,TXD,N46,23,192430,G,1,0.93,0.9,5.0,U,-71.0,9.75,True,,2026-07-11T14:55:06.385+00:00,/dev/cu.usbserial-58870137921,"RX,3961854,R35,TXD,N46,23,192430,G,1,0.93,0.90,5,U,-71,9.75"
RX,3962051,R35,TXA,N01,190,192626,G,1,0.93,0.9,5.0,F,-79.0,9.75,True,,2026-07-11T14:55:06.582+00:00,/dev/cu.usbserial-58870137921,"RX,3962051,R35,TXA,N01,190,192626,G,1,0.93,0.90,5,F,-79,9.75"
RX,3962318,R35,TXB,N16,94,192893,E,1,0.87,0.84,5.0,U,-81.0,9.5,True,,2026-07-11T14:55:06.851+00:00,/dev/cu.usbserial-58870137921,"RX,3962318,R35,TXB,N16,94,192893,E,1,0.87,0.84,5,U,-81,9.50"
RX,3962499,R35,TXG,N91,22,193080,G,1,0.93,0.9,5.0,U,-81.0,9.75,True,,2026-07-11T14:55:07.031+00:00,/dev/cu.usbserial-58870137921,"RX,3962499,R35,TXG,N91,22,193080,G,1,0.93,0.90,5,U,-81,9.75"
RX,3962802,R35,TXE,N61,92,193382,A,1,0.75,0.72,5.0,U,-76.0,9.5,True,,2026-07-11T14:55:07.333+00:00,/dev/cu.usbserial-58870137921,"RX,3962802,R35,TXE,N61,92,193382,A,1,0.75,0.72,5,U,-76,9.50"
RX,3963051,R35,TXA,N01,191,193626,H,1,0.32,0.3,5.0,F,-79.0,9.75,True,,2026-07-11T14:55:07.583+00:00,/dev/cu.usbserial-58870137921,"RX,3963051,R35,TXA,N01,191,193626,H,1,0.32,0.30,5,F,-79,9.75"
RX,3963191,R35,TXK,N151,96,193763,A,1,0.75,0.72,5.0,U,-68.0,10.75,True,,2026-07-11T14:55:07.723+00:00,/dev/cu.usbserial-58870137921,"RX,3963191,R35,TXK,N151,96,193763,A,1,0.75,0.72,5,U,-68,10.75"
RX,3963550,R35,TXF,N76,47,194131,G,1,0.93,0.9,5.0,U,-75.0,9.25,True,,2026-07-11T14:55:08.082+00:00,/dev/cu.usbserial-58870137921,"RX,3963550,R35,TXF,N76,47,194131,G,1,0.93,0.90,5,U,-75,9.25"
RX,3963709,R35,TXJ,N136,22,194280,G,1,0.93,0.9,5.0,U,-75.0,9.75,True,,2026-07-11T14:55:08.240+00:00,/dev/cu.usbserial-58870137921,"RX,3963709,R35,TXJ,N136,22,194280,G,1,0.93,0.90,5,U,-75,9.75"
RX,3963804,R35,TXC,N31,46,194381,E,1,0.87,0.84,5.0,U,-79.0,9.5,True,,2026-07-11T14:55:08.335+00:00,/dev/cu.usbserial-58870137921,"RX,3963804,R35,TXC,N31,46,194381,E,1,0.87,0.84,5,U,-79,9.50"
RX,3964051,R35,TXA,N01,192,194626,A,1,0.75,0.72,5.0,F,-80.0,9.5,True,,2026-07-11T14:55:08.583+00:00,/dev/cu.usbserial-58870137921,"RX,3964051,R35,TXA,N01,192,194626,A,1,0.75,0.72,5,F,-80,9.50"
RX,3964318,R35,TXB,N16,95,194893,G,1,0.93,0.9,5.0,U,-81.0,9.5,True,,2026-07-11T14:55:08.850+00:00,/dev/cu.usbserial-58870137921,"RX,3964318,R35,TXB,N16,95,194893,G,1,0.93,0.90,5,U,-81,9.50"
RX,3964802,R35,TXE,N61,93,195382,C,0,0.81,0.78,5.0,U,-76.0,9.75,True,,2026-07-11T14:55:09.333+00:00,/dev/cu.usbserial-58870137921,"RX,3964802,R35,TXE,N61,93,195382,C,0,0.81,0.78,5,U,-76,9.75"
RX,3964909,R35,TXI,N121,46,195481,E,1,0.87,0.84,5.0,U,-73.0,9.75,True,,2026-07-11T14:55:09.441+00:00,/dev/cu.usbserial-58870137921,"RX,3964909,R35,TXI,N121,46,195481,E,1,0.87,0.84,5,U,-73,9.75"
RX,3965051,R35,TXA,N01,193,195626,B,0,0.2,0.18,5.0,F,-79.0,10.0,True,,2026-07-11T14:55:09.582+00:00,/dev/cu.usbserial-58870137921,"RX,3965051,R35,TXA,N01,193,195626,B,0,0.20,0.18,5,F,-79,10.00"
RX,3965191,R35,TXK,N151,97,195763,C,1,0.81,0.78,5.0,U,-68.0,9.75,True,,2026-07-11T14:55:09.723+00:00,/dev/cu.usbserial-58870137921,"RX,3965191,R35,TXK,N151,97,195763,C,1,0.81,0.78,5,U,-68,9.75"
RX,3965804,R35,TXC,N31,47,196381,G,1,0.93,0.9,5.0,U,-79.0,10.25,True,,2026-07-11T14:55:10.336+00:00,/dev/cu.usbserial-58870137921,"RX,3965804,R35,TXC,N31,47,196381,G,1,0.93,0.90,5,U,-79,10.25"
RX,3966051,R35,TXA,N01,194,196626,C,1,0.81,0.78,5.0,F,-79.0,9.75,True,,2026-07-11T14:55:10.583+00:00,/dev/cu.usbserial-58870137921,"RX,3966051,R35,TXA,N01,194,196626,C,1,0.81,0.78,5,F,-79,9.75"
RX,3966318,R35,TXB,N16,96,196893,A,1,0.75,0.72,5.0,U,-81.0,9.5,True,,2026-07-11T14:55:10.850+00:00,/dev/cu.usbserial-58870137921,"RX,3966318,R35,TXB,N16,96,196893,A,1,0.75,0.72,5,U,-81,9.50"
RX,3966802,R35,TXE,N61,94,197382,E,1,0.87,0.84,5.0,U,-76.0,9.75,True,,2026-07-11T14:55:11.333+00:00,/dev/cu.usbserial-58870137921,"RX,3966802,R35,TXE,N61,94,197382,E,1,0.87,0.84,5,U,-76,9.75"
RX,3966909,R35,TXI,N121,47,197481,G,1,0.93,0.9,5.0,U,-73.0,10.5,True,,2026-07-11T14:55:11.440+00:00,/dev/cu.usbserial-58870137921,"RX,3966909,R35,TXI,N121,47,197481,G,1,0.93,0.90,5,U,-73,10.50"
RX,3967051,R35,TXA,N01,195,197626,D,1,0.24,0.22,5.0,F,-80.0,10.25,True,,2026-07-11T14:55:11.583+00:00,/dev/cu.usbserial-58870137921,"RX,3967051,R35,TXA,N01,195,197626,D,1,0.24,0.22,5,F,-80,10.25"
RX,3967191,R35,TXK,N151,98,197763,E,0,0.87,0.84,5.0,U,-68.0,9.5,True,,2026-07-11T14:55:11.723+00:00,/dev/cu.usbserial-58870137921,"RX,3967191,R35,TXK,N151,98,197763,E,0,0.87,0.84,5,U,-68,9.50"
RX,3968051,R35,TXA,N01,196,198626,E,0,0.87,0.84,5.0,F,-79.0,9.5,True,,2026-07-11T14:55:12.583+00:00,/dev/cu.usbserial-58870137921,"RX,3968051,R35,TXA,N01,196,198626,E,0,0.87,0.84,5,F,-79,9.50"
RX,3968318,R35,TXB,N16,97,198893,C,1,0.81,0.78,5.0,U,-80.0,9.75,True,,2026-07-11T14:55:12.851+00:00,/dev/cu.usbserial-58870137921,"RX,3968318,R35,TXB,N16,97,198893,C,1,0.81,0.78,5,U,-80,9.75"
RX,3968802,R35,TXE,N61,95,199382,G,1,0.93,0.9,5.0,U,-76.0,9.5,True,,2026-07-11T14:55:13.333+00:00,/dev/cu.usbserial-58870137921,"RX,3968802,R35,TXE,N61,95,199382,G,1,0.93,0.90,5,U,-76,9.50"
RX,3969051,R35,TXA,N01,197,199626,F,1,0.28,0.26,5.0,F,-80.0,9.25,True,,2026-07-11T14:55:13.582+00:00,/dev/cu.usbserial-58870137921,"RX,3969051,R35,TXA,N01,197,199626,F,1,0.28,0.26,5,F,-80,9.25"
RX,3969344,R35,TXL,N166,12,199916,G,1,0.93,0.9,5.0,U,-81.0,9.75,True,,2026-07-11T14:55:13.875+00:00,/dev/cu.usbserial-58870137921,"RX,3969344,R35,TXL,N166,12,199916,G,1,0.93,0.90,5,U,-81,9.75"
RX,3969550,R35,TXF,N76,48,200131,E,0,0.87,0.84,5.0,U,-75.0,9.75,True,,2026-07-11T14:55:14.081+00:00,/dev/cu.usbserial-58870137921,"RX,3969550,R35,TXF,N76,48,200131,E,0,0.87,0.84,5,U,-75,9.75"
RX,3969854,R35,TXD,N46,24,200430,G,1,0.93,0.9,5.0,U,-71.0,9.5,True,,2026-07-11T14:55:14.385+00:00,/dev/cu.usbserial-58870137921,"RX,3969854,R35,TXD,N46,24,200430,G,1,0.93,0.90,5,U,-71,9.50"
RX,3970051,R35,TXA,N01,198,200626,G,1,0.93,0.9,5.0,F,-79.0,9.5,True,,2026-07-11T14:55:14.582+00:00,/dev/cu.usbserial-58870137921,"RX,3970051,R35,TXA,N01,198,200626,G,1,0.93,0.90,5,F,-79,9.50"
RX,3970318,R35,TXB,N16,98,200893,E,0,0.87,0.84,5.0,U,-81.0,9.5,True,,2026-07-11T14:55:14.850+00:00,/dev/cu.usbserial-58870137921,"RX,3970318,R35,TXB,N16,98,200893,E,0,0.87,0.84,5,U,-81,9.50"
RX,3970499,R35,TXG,N91,23,201080,G,1,0.93,0.9,5.0,U,-81.0,9.75,True,,2026-07-11T14:55:15.031+00:00,/dev/cu.usbserial-58870137921,"RX,3970499,R35,TXG,N91,23,201080,G,1,0.93,0.90,5,U,-81,9.75"
RX,3970802,R35,TXE,N61,96,201382,A,1,0.75,0.72,5.0,U,-77.0,9.25,True,,2026-07-11T14:55:15.333+00:00,/dev/cu.usbserial-58870137921,"RX,3970802,R35,TXE,N61,96,201382,A,1,0.75,0.72,5,U,-77,9.25"
RX,3971051,R35,TXA,N01,199,201626,H,0,0.32,0.3,5.0,F,-80.0,9.25,True,,2026-07-11T14:55:15.582+00:00,/dev/cu.usbserial-58870137921,"RX,3971051,R35,TXA,N01,199,201626,H,0,0.32,0.30,5,F,-80,9.25"
RX,3971196,R35,TXK,N151,100,201763,A,1,0.75,0.72,5.0,U,-68.0,10.25,True,,2026-07-11T14:55:15.728+00:00,/dev/cu.usbserial-58870137921,"RX,3971196,R35,TXK,N151,100,201763,A,1,0.75,0.72,5,U,-68,10.25"
RX,3971550,R35,TXF,N76,49,202131,G,1,0.93,0.9,5.0,U,-75.0,9.75,True,,2026-07-11T14:55:16.081+00:00,/dev/cu.usbserial-58870137921,"RX,3971550,R35,TXF,N76,49,202131,G,1,0.93,0.90,5,U,-75,9.75"
RX,3971708,R35,TXJ,N136,23,202280,G,1,0.93,0.9,5.0,U,-75.0,9.5,True,,2026-07-11T14:55:16.240+00:00,/dev/cu.usbserial-58870137921,"RX,3971708,R35,TXJ,N136,23,202280,G,1,0.93,0.90,5,U,-75,9.50"
RX,3971804,R35,TXC,N31,48,202381,E,0,0.87,0.84,5.0,U,-78.0,9.5,True,,2026-07-11T14:55:16.336+00:00,/dev/cu.usbserial-58870137921,"RX,3971804,R35,TXC,N31,48,202381,E,0,0.87,0.84,5,U,-78,9.50"
RX,3972051,R35,TXA,N01,200,202626,A,1,0.75,0.72,5.0,F,-81.0,9.5,True,,2026-07-11T14:55:16.583+00:00,/dev/cu.usbserial-58870137921,"RX,3972051,R35,TXA,N01,200,202626,A,1,0.75,0.72,5,F,-81,9.50"
RX,3972318,R35,TXB,N16,99,202893,G,1,0.93,0.9,5.0,U,-81.0,9.75,True,,2026-07-11T14:55:16.850+00:00,/dev/cu.usbserial-58870137921,"RX,3972318,R35,TXB,N16,99,202893,G,1,0.93,0.90,5,U,-81,9.75"
RX,3972802,R35,TXE,N61,97,203382,C,1,0.81,0.78,5.0,U,-76.0,9.5,True,,2026-07-11T14:55:17.333+00:00,/dev/cu.usbserial-58870137921,"RX,3972802,R35,TXE,N61,97,203382,C,1,0.81,0.78,5,U,-76,9.50"
RX,3972909,R35,TXI,N121,48,203481,E,0,0.87,0.84,5.0,U,-72.0,10.0,True,,2026-07-11T14:55:17.441+00:00,/dev/cu.usbserial-58870137921,"RX,3972909,R35,TXI,N121,48,203481,E,0,0.87,0.84,5,U,-72,10.00"
RX,3973051,R35,TXA,N01,201,203626,B,1,0.2,0.18,5.0,F,-80.0,10.0,True,,2026-07-11T14:55:17.583+00:00,/dev/cu.usbserial-58870137921,"RX,3973051,R35,TXA,N01,201,203626,B,1,0.20,0.18,5,F,-80,10.00"
RX,3973196,R35,TXK,N151,101,203763,C,0,0.81,0.78,5.0,U,-67.0,9.75,True,,2026-07-11T14:55:17.728+00:00,/dev/cu.usbserial-58870137921,"RX,3973196,R35,TXK,N151,101,203763,C,0,0.81,0.78,5,U,-67,9.75"
RX,3973804,R35,TXC,N31,49,204381,G,1,0.93,0.9,5.0,U,-77.0,10.0,True,,2026-07-11T14:55:18.336+00:00,/dev/cu.usbserial-58870137921,"RX,3973804,R35,TXC,N31,49,204381,G,1,0.93,0.90,5,U,-77,10.00"
RX,3974051,R35,TXA,N01,202,204626,C,0,0.81,0.78,5.0,F,-80.0,9.5,True,,2026-07-11T14:55:18.582+00:00,/dev/cu.usbserial-58870137921,"RX,3974051,R35,TXA,N01,202,204626,C,0,0.81,0.78,5,F,-80,9.50"
RX,3974319,R35,TXB,N16,100,204893,A,1,0.75,0.72,5.0,U,-81.0,10.0,True,,2026-07-11T14:55:18.851+00:00,/dev/cu.usbserial-58870137921,"RX,3974319,R35,TXB,N16,100,204893,A,1,0.75,0.72,5,U,-81,10.00"
RX,3974802,R35,TXE,N61,98,205382,E,0,0.87,0.84,5.0,U,-76.0,9.5,True,,2026-07-11T14:55:19.333+00:00,/dev/cu.usbserial-58870137921,"RX,3974802,R35,TXE,N61,98,205382,E,0,0.87,0.84,5,U,-76,9.50"
RX,3974909,R35,TXI,N121,49,205481,G,1,0.93,0.9,5.0,U,-73.0,9.5,True,,2026-07-11T14:55:19.440+00:00,/dev/cu.usbserial-58870137921,"RX,3974909,R35,TXI,N121,49,205481,G,1,0.93,0.90,5,U,-73,9.50"
RX,3975051,R35,TXA,N01,203,205626,D,1,0.24,0.22,5.0,F,-79.0,10.0,True,,2026-07-11T14:55:19.582+00:00,/dev/cu.usbserial-58870137921,"RX,3975051,R35,TXA,N01,203,205626,D,1,0.24,0.22,5,F,-79,10.00"
RX,3975196,R35,TXK,N151,102,205763,E,1,0.87,0.84,5.0,U,-67.0,10.0,True,,2026-07-11T14:55:19.728+00:00,/dev/cu.usbserial-58870137921,"RX,3975196,R35,TXK,N151,102,205763,E,1,0.87,0.84,5,U,-67,10.00"
RX,3976051,R35,TXA,N01,204,206626,E,1,0.87,0.84,5.0,F,-79.0,9.5,True,,2026-07-11T14:55:20.583+00:00,/dev/cu.usbserial-58870137921,"RX,3976051,R35,TXA,N01,204,206626,E,1,0.87,0.84,5,F,-79,9.50"
RX,3976319,R35,TXB,N16,101,206893,C,0,0.81,0.78,5.0,U,-80.0,9.5,True,,2026-07-11T14:55:20.850+00:00,/dev/cu.usbserial-58870137921,"RX,3976319,R35,TXB,N16,101,206893,C,0,0.81,0.78,5,U,-80,9.50"
RX,3976802,R35,TXE,N61,99,207382,G,1,0.93,0.9,5.0,U,-77.0,9.75,True,,2026-07-11T14:55:21.333+00:00,/dev/cu.usbserial-58870137921,"RX,3976802,R35,TXE,N61,99,207382,G,1,0.93,0.90,5,U,-77,9.75"
RX,3977051,R35,TXA,N01,205,207626,F,0,0.28,0.26,5.0,F,-79.0,9.75,True,,2026-07-11T14:55:21.582+00:00,/dev/cu.usbserial-58870137921,"RX,3977051,R35,TXA,N01,205,207626,F,0,0.28,0.26,5,F,-79,9.75"
RX,3977344,R35,TXL,N166,13,207916,G,1,0.93,0.9,5.0,U,-82.0,9.75,True,,2026-07-11T14:55:21.875+00:00,/dev/cu.usbserial-58870137921,"RX,3977344,R35,TXL,N166,13,207916,G,1,0.93,0.90,5,U,-82,9.75"
RX,3977550,R35,TXF,N76,50,208131,E,1,0.87,0.84,5.0,U,-75.0,9.25,True,,2026-07-11T14:55:22.082+00:00,/dev/cu.usbserial-58870137921,"RX,3977550,R35,TXF,N76,50,208131,E,1,0.87,0.84,5,U,-75,9.25"
RX,3977854,R35,TXD,N46,25,208430,G,1,0.93,0.9,5.0,U,-71.0,9.5,True,,2026-07-11T14:55:22.385+00:00,/dev/cu.usbserial-58870137921,"RX,3977854,R35,TXD,N46,25,208430,G,1,0.93,0.90,5,U,-71,9.50"
RX,3978051,R35,TXA,N01,206,208626,G,1,0.93,0.9,5.0,F,-79.0,10.0,True,,2026-07-11T14:55:22.583+00:00,/dev/cu.usbserial-58870137921,"RX,3978051,R35,TXA,N01,206,208626,G,1,0.93,0.90,5,F,-79,10.00"
RX,3978318,R35,TXB,N16,102,208893,E,1,0.87,0.84,5.0,U,-80.0,9.5,True,,2026-07-11T14:55:22.851+00:00,/dev/cu.usbserial-58870137921,"RX,3978318,R35,TXB,N16,102,208893,E,1,0.87,0.84,5,U,-80,9.50"
RX,3978499,R35,TXG,N91,24,209080,G,1,0.93,0.9,5.0,U,-82.0,9.75,True,,2026-07-11T14:55:23.031+00:00,/dev/cu.usbserial-58870137921,"RX,3978499,R35,TXG,N91,24,209080,G,1,0.93,0.90,5,U,-82,9.75"
RX,3978802,R35,TXE,N61,100,209382,A,1,0.75,0.72,5.0,U,-76.0,9.75,True,,2026-07-11T14:55:23.333+00:00,/dev/cu.usbserial-58870137921,"RX,3978802,R35,TXE,N61,100,209382,A,1,0.75,0.72,5,U,-76,9.75"
RX,3979051,R35,TXA,N01,207,209626,H,1,0.32,0.3,5.0,F,-79.0,9.75,True,,2026-07-11T14:55:23.584+00:00,/dev/cu.usbserial-58870137921,"RX,3979051,R35,TXA,N01,207,209626,H,1,0.32,0.30,5,F,-79,9.75"
RX,3979196,R35,TXK,N151,104,209763,A,0,0.75,0.72,5.0,U,-67.0,10.25,True,,2026-07-11T14:55:23.728+00:00,/dev/cu.usbserial-58870137921,"RX,3979196,R35,TXK,N151,104,209763,A,0,0.75,0.72,5,U,-67,10.25"
RX,3979550,R35,TXF,N76,51,210131,G,1,0.93,0.9,5.0,U,-75.0,9.25,True,,2026-07-11T14:55:24.081+00:00,/dev/cu.usbserial-58870137921,"RX,3979550,R35,TXF,N76,51,210131,G,1,0.93,0.90,5,U,-75,9.25"
RX,3979708,R35,TXJ,N136,24,210280,G,1,0.93,0.9,5.0,U,-75.0,9.25,True,,2026-07-11T14:55:24.240+00:00,/dev/cu.usbserial-58870137921,"RX,3979708,R35,TXJ,N136,24,210280,G,1,0.93,0.90,5,U,-75,9.25"
RX,3979804,R35,TXC,N31,50,210381,E,1,0.87,0.84,5.0,U,-79.0,9.5,True,,2026-07-11T14:55:24.336+00:00,/dev/cu.usbserial-58870137921,"RX,3979804,R35,TXC,N31,50,210381,E,1,0.87,0.84,5,U,-79,9.50"
RX,3980051,R35,TXA,N01,208,210626,A,0,0.75,0.72,5.0,F,-79.0,9.5,True,,2026-07-11T14:55:24.582+00:00,/dev/cu.usbserial-58870137921,"RX,3980051,R35,TXA,N01,208,210626,A,0,0.75,0.72,5,F,-79,9.50"
RX,3980318,R35,TXB,N16,103,210893,G,1,0.93,0.9,5.0,U,-81.0,9.5,True,,2026-07-11T14:55:24.851+00:00,/dev/cu.usbserial-58870137921,"RX,3980318,R35,TXB,N16,103,210893,G,1,0.93,0.90,5,U,-81,9.50"
RX,3980802,R35,TXE,N61,101,211382,C,0,0.81,0.78,5.0,U,-76.0,9.5,True,,2026-07-11T14:55:25.333+00:00,/dev/cu.usbserial-58870137921,"RX,3980802,R35,TXE,N61,101,211382,C,0,0.81,0.78,5,U,-76,9.50"
RX,3980909,R35,TXI,N121,50,211481,E,1,0.87,0.84,5.0,U,-73.0,9.75,True,,2026-07-11T14:55:25.441+00:00,/dev/cu.usbserial-58870137921,"RX,3980909,R35,TXI,N121,50,211481,E,1,0.87,0.84,5,U,-73,9.75"
RX,3981051,R35,TXA,N01,209,211626,B,1,0.2,0.18,5.0,F,-79.0,11.5,True,,2026-07-11T14:55:25.583+00:00,/dev/cu.usbserial-58870137921,"RX,3981051,R35,TXA,N01,209,211626,B,1,0.20,0.18,5,F,-79,11.50"
RX,3981196,R35,TXK,N151,105,211763,C,1,0.81,0.78,5.0,U,-68.0,10.25,True,,2026-07-11T14:55:25.728+00:00,/dev/cu.usbserial-58870137921,"RX,3981196,R35,TXK,N151,105,211763,C,1,0.81,0.78,5,U,-68,10.25"
RX,3981804,R35,TXC,N31,51,212381,G,1,0.93,0.9,5.0,U,-79.0,10.0,True,,2026-07-11T14:55:26.335+00:00,/dev/cu.usbserial-58870137921,"RX,3981804,R35,TXC,N31,51,212381,G,1,0.93,0.90,5,U,-79,10.00"
RX,3982051,R35,TXA,N01,210,212626,C,1,0.81,0.78,5.0,F,-79.0,9.75,True,,2026-07-11T14:55:26.582+00:00,/dev/cu.usbserial-58870137921,"RX,3982051,R35,TXA,N01,210,212626,C,1,0.81,0.78,5,F,-79,9.75"
RX,3982318,R35,TXB,N16,104,212893,A,0,0.75,0.72,5.0,U,-80.0,10.0,True,,2026-07-11T14:55:26.851+00:00,/dev/cu.usbserial-58870137921,"RX,3982318,R35,TXB,N16,104,212893,A,0,0.75,0.72,5,U,-80,10.00"
RX,3982802,R35,TXE,N61,102,213382,E,1,0.87,0.84,5.0,U,-76.0,9.75,True,,2026-07-11T14:55:27.333+00:00,/dev/cu.usbserial-58870137921,"RX,3982802,R35,TXE,N61,102,213382,E,1,0.87,0.84,5,U,-76,9.75"
RX,3982909,R35,TXI,N121,51,213481,G,1,0.93,0.9,5.0,U,-74.0,9.5,True,,2026-07-11T14:55:27.441+00:00,/dev/cu.usbserial-58870137921,"RX,3982909,R35,TXI,N121,51,213481,G,1,0.93,0.90,5,U,-74,9.50"
RX,3983051,R35,TXA,N01,211,213626,D,0,0.24,0.22,5.0,F,-79.0,9.75,True,,2026-07-11T14:55:27.583+00:00,/dev/cu.usbserial-58870137921,"RX,3983051,R35,TXA,N01,211,213626,D,0,0.24,0.22,5,F,-79,9.75"
RX,3983196,R35,TXK,N151,106,213763,E,1,0.87,0.84,5.0,U,-68.0,10.0,True,,2026-07-11T14:55:27.728+00:00,/dev/cu.usbserial-58870137921,"RX,3983196,R35,TXK,N151,106,213763,E,1,0.87,0.84,5,U,-68,10.00"
RX,3984051,R35,TXA,N01,212,214626,E,1,0.87,0.84,5.0,F,-79.0,10.0,True,,2026-07-11T14:55:28.582+00:00,/dev/cu.usbserial-58870137921,"RX,3984051,R35,TXA,N01,212,214626,E,1,0.87,0.84,5,F,-79,10.00"
RX,3984318,R35,TXB,N16,105,214893,C,1,0.81,0.78,5.0,U,-81.0,9.5,True,,2026-07-11T14:55:28.851+00:00,/dev/cu.usbserial-58870137921,"RX,3984318,R35,TXB,N16,105,214893,C,1,0.81,0.78,5,U,-81,9.50"
RX,3984802,R35,TXE,N61,103,215382,G,1,0.93,0.9,5.0,U,-76.0,9.75,True,,2026-07-11T14:55:29.333+00:00,/dev/cu.usbserial-58870137921,"RX,3984802,R35,TXE,N61,103,215382,G,1,0.93,0.90,5,U,-76,9.75"
RX,3985051,R35,TXA,N01,213,215626,F,1,0.28,0.26,5.0,F,-79.0,9.5,True,,2026-07-11T14:55:29.583+00:00,/dev/cu.usbserial-58870137921,"RX,3985051,R35,TXA,N01,213,215626,F,1,0.28,0.26,5,F,-79,9.50"
RX,3985344,R35,TXL,N166,14,215916,G,0,0.93,0.9,5.0,U,-81.0,9.75,True,,2026-07-11T14:55:29.875+00:00,/dev/cu.usbserial-58870137921,"RX,3985344,R35,TXL,N166,14,215916,G,0,0.93,0.90,5,U,-81,9.75"
RX,3985550,R35,TXF,N76,52,216131,E,1,0.87,0.84,5.0,U,-74.0,9.5,True,,2026-07-11T14:55:30.082+00:00,/dev/cu.usbserial-58870137921,"RX,3985550,R35,TXF,N76,52,216131,E,1,0.87,0.84,5,U,-74,9.50"
RX,3985854,R35,TXD,N46,26,216430,G,0,0.93,0.9,5.0,U,-71.0,9.5,True,,2026-07-11T14:55:30.385+00:00,/dev/cu.usbserial-58870137921,"RX,3985854,R35,TXD,N46,26,216430,G,0,0.93,0.90,5,U,-71,9.50"
RX,3986051,R35,TXA,N01,214,216626,G,0,0.93,0.9,5.0,F,-78.0,9.75,True,,2026-07-11T14:55:30.583+00:00,/dev/cu.usbserial-58870137921,"RX,3986051,R35,TXA,N01,214,216626,G,0,0.93,0.90,5,F,-78,9.75"
RX,3986319,R35,TXB,N16,106,216893,E,1,0.87,0.84,5.0,U,-80.0,9.5,True,,2026-07-11T14:55:30.851+00:00,/dev/cu.usbserial-58870137921,"RX,3986319,R35,TXB,N16,106,216893,E,1,0.87,0.84,5,U,-80,9.50"
RX,3986499,R35,TXG,N91,25,217080,G,1,0.93,0.9,5.0,U,-82.0,9.75,True,,2026-07-11T14:55:31.031+00:00,/dev/cu.usbserial-58870137921,"RX,3986499,R35,TXG,N91,25,217080,G,1,0.93,0.90,5,U,-82,9.75"
RX,3986802,R35,TXE,N61,104,217382,A,0,0.75,0.72,5.0,U,-76.0,9.5,True,,2026-07-11T14:55:31.333+00:00,/dev/cu.usbserial-58870137921,"RX,3986802,R35,TXE,N61,104,217382,A,0,0.75,0.72,5,U,-76,9.50"
RX,3987051,R35,TXA,N01,215,217626,H,1,0.32,0.3,5.0,F,-78.0,9.75,True,,2026-07-11T14:55:31.583+00:00,/dev/cu.usbserial-58870137921,"RX,3987051,R35,TXA,N01,215,217626,H,1,0.32,0.30,5,F,-78,9.75"
RX,3987196,R35,TXK,N151,108,217763,A,1,0.75,0.72,5.0,U,-67.0,10.25,True,,2026-07-11T14:55:31.728+00:00,/dev/cu.usbserial-58870137921,"RX,3987196,R35,TXK,N151,108,217763,A,1,0.75,0.72,5,U,-67,10.25"
RX,3987550,R35,TXF,N76,53,218131,G,0,0.93,0.9,5.0,U,-74.0,9.5,True,,2026-07-11T14:55:32.082+00:00,/dev/cu.usbserial-58870137921,"RX,3987550,R35,TXF,N76,53,218131,G,0,0.93,0.90,5,U,-74,9.50"
RX,3987708,R35,TXJ,N136,25,218280,G,1,0.93,0.9,5.0,U,-76.0,9.5,True,,2026-07-11T14:55:32.240+00:00,/dev/cu.usbserial-58870137921,"RX,3987708,R35,TXJ,N136,25,218280,G,1,0.93,0.90,5,U,-76,9.50"
RX,3987804,R35,TXC,N31,52,218381,E,1,0.87,0.84,5.0,U,-79.0,10.75,True,,2026-07-11T14:55:32.336+00:00,/dev/cu.usbserial-58870137921,"RX,3987804,R35,TXC,N31,52,218381,E,1,0.87,0.84,5,U,-79,10.75"
RX,3988051,R35,TXA,N01,216,218626,A,1,0.75,0.72,5.0,F,-78.0,10.0,True,,2026-07-11T14:55:32.583+00:00,/dev/cu.usbserial-58870137921,"RX,3988051,R35,TXA,N01,216,218626,A,1,0.75,0.72,5,F,-78,10.00"
RX,3988319,R35,TXB,N16,107,218893,G,0,0.93,0.9,5.0,U,-80.0,9.75,True,,2026-07-11T14:55:32.851+00:00,/dev/cu.usbserial-58870137921,"RX,3988319,R35,TXB,N16,107,218893,G,0,0.93,0.90,5,U,-80,9.75"
RX,3988802,R35,TXE,N61,105,219382,C,1,0.81,0.78,5.0,U,-76.0,9.75,True,,2026-07-11T14:55:33.333+00:00,/dev/cu.usbserial-58870137921,"RX,3988802,R35,TXE,N61,105,219382,C,1,0.81,0.78,5,U,-76,9.75"
RX,3988909,R35,TXI,N121,52,219481,E,1,0.87,0.84,5.0,U,-73.0,10.0,True,,2026-07-11T14:55:33.441+00:00,/dev/cu.usbserial-58870137921,"RX,3988909,R35,TXI,N121,52,219481,E,1,0.87,0.84,5,U,-73,10.00"
RX,3989051,R35,TXA,N01,217,219626,B,0,0.2,0.18,5.0,F,-78.0,9.5,True,,2026-07-11T14:55:33.583+00:00,/dev/cu.usbserial-58870137921,"RX,3989051,R35,TXA,N01,217,219626,B,0,0.20,0.18,5,F,-78,9.50"
RX,3989196,R35,TXK,N151,109,219763,C,1,0.81,0.78,5.0,U,-67.0,10.0,True,,2026-07-11T14:55:33.728+00:00,/dev/cu.usbserial-58870137921,"RX,3989196,R35,TXK,N151,109,219763,C,1,0.81,0.78,5,U,-67,10.00"
RX,3989804,R35,TXC,N31,53,220381,G,0,0.93,0.9,5.0,U,-79.0,9.75,True,,2026-07-11T14:55:34.336+00:00,/dev/cu.usbserial-58870137921,"RX,3989804,R35,TXC,N31,53,220381,G,0,0.93,0.90,5,U,-79,9.75"
RX,3990051,R35,TXA,N01,218,220626,C,1,0.81,0.78,5.0,F,-78.0,10.0,True,,2026-07-11T14:55:34.583+00:00,/dev/cu.usbserial-58870137921,"RX,3990051,R35,TXA,N01,218,220626,C,1,0.81,0.78,5,F,-78,10.00"
RX,3990319,R35,TXB,N16,108,220893,A,1,0.75,0.72,5.0,U,-81.0,9.75,True,,2026-07-11T14:55:34.851+00:00,/dev/cu.usbserial-58870137921,"RX,3990319,R35,TXB,N16,108,220893,A,1,0.75,0.72,5,U,-81,9.75"
RX,3990802,R35,TXE,N61,106,221382,E,1,0.87,0.84,5.0,U,-76.0,9.75,True,,2026-07-11T14:55:35.333+00:00,/dev/cu.usbserial-58870137921,"RX,3990802,R35,TXE,N61,106,221382,E,1,0.87,0.84,5,U,-76,9.75"
RX,3990909,R35,TXI,N121,53,221481,G,0,0.93,0.9,5.0,U,-73.0,10.0,True,,2026-07-11T14:55:35.441+00:00,/dev/cu.usbserial-58870137921,"RX,3990909,R35,TXI,N121,53,221481,G,0,0.93,0.90,5,U,-73,10.00"
RX,3991051,R35,TXA,N01,219,221626,D,1,0.24,0.22,5.0,F,-78.0,10.25,True,,2026-07-11T14:55:35.583+00:00,/dev/cu.usbserial-58870137921,"RX,3991051,R35,TXA,N01,219,221626,D,1,0.24,0.22,5,F,-78,10.25"
RX,3991196,R35,TXK,N151,110,221763,E,0,0.87,0.84,5.0,U,-68.0,9.5,True,,2026-07-11T14:55:35.728+00:00,/dev/cu.usbserial-58870137921,"RX,3991196,R35,TXK,N151,110,221763,E,0,0.87,0.84,5,U,-68,9.50"
RX,3992051,R35,TXA,N01,220,222626,E,0,0.87,0.84,5.0,F,-79.0,9.75,True,,2026-07-11T14:55:36.583+00:00,/dev/cu.usbserial-58870137921,"RX,3992051,R35,TXA,N01,220,222626,E,0,0.87,0.84,5,F,-79,9.75"
RX,3992318,R35,TXB,N16,109,222893,C,1,0.81,0.78,5.0,U,-81.0,9.75,True,,2026-07-11T14:55:36.851+00:00,/dev/cu.usbserial-58870137921,"RX,3992318,R35,TXB,N16,109,222893,C,1,0.81,0.78,5,U,-81,9.75"
RX,3992802,R35,TXE,N61,107,223382,G,0,0.93,0.9,5.0,U,-76.0,10.0,True,,2026-07-11T14:55:37.333+00:00,/dev/cu.usbserial-58870137921,"RX,3992802,R35,TXE,N61,107,223382,G,0,0.93,0.90,5,U,-76,10.00"
RX,3993051,R35,TXA,N01,221,223626,F,1,0.28,0.26,5.0,F,-78.0,9.75,True,,2026-07-11T14:55:37.582+00:00,/dev/cu.usbserial-58870137921,"RX,3993051,R35,TXA,N01,221,223626,F,1,0.28,0.26,5,F,-78,9.75"
RX,3993344,R35,TXL,N166,15,223916,G,1,0.93,0.9,5.0,U,-81.0,9.75,True,,2026-07-11T14:55:37.875+00:00,/dev/cu.usbserial-58870137921,"RX,3993344,R35,TXL,N166,15,223916,G,1,0.93,0.90,5,U,-81,9.75"
RX,3993550,R35,TXF,N76,54,224131,E,0,0.87,0.84,5.0,U,-74.0,9.25,True,,2026-07-11T14:55:38.082+00:00,/dev/cu.usbserial-58870137921,"RX,3993550,R35,TXF,N76,54,224131,E,0,0.87,0.84,5,U,-74,9.25"
RX,3993854,R35,TXD,N46,27,224430,G,1,0.93,0.9,5.0,U,-71.0,9.5,True,,2026-07-11T14:55:38.385+00:00,/dev/cu.usbserial-58870137921,"RX,3993854,R35,TXD,N46,27,224430,G,1,0.93,0.90,5,U,-71,9.50"
RX,3994051,R35,TXA,N01,222,224626,G,1,0.93,0.9,5.0,F,-78.0,9.75,True,,2026-07-11T14:55:38.583+00:00,/dev/cu.usbserial-58870137921,"RX,3994051,R35,TXA,N01,222,224626,G,1,0.93,0.90,5,F,-78,9.75"
RX,3994319,R35,TXB,N16,110,224893,E,0,0.87,0.84,5.0,U,-81.0,9.75,True,,2026-07-11T14:55:38.851+00:00,/dev/cu.usbserial-58870137921,"RX,3994319,R35,TXB,N16,110,224893,E,0,0.87,0.84,5,U,-81,9.75"
RX,3994499,R35,TXG,N91,26,225080,G,0,0.93,0.9,5.0,U,-82.0,9.5,True,,2026-07-11T14:55:39.031+00:00,/dev/cu.usbserial-58870137921,"RX,3994499,R35,TXG,N91,26,225080,G,0,0.93,0.90,5,U,-82,9.50"
RX,3994802,R35,TXE,N61,108,225382,A,1,0.75,0.72,5.0,U,-76.0,9.75,True,,2026-07-11T14:55:39.333+00:00,/dev/cu.usbserial-58870137921,"RX,3994802,R35,TXE,N61,108,225382,A,1,0.75,0.72,5,U,-76,9.75"
RX,3995051,R35,TXA,N01,223,225626,H,0,0.32,0.3,5.0,F,-79.0,9.5,True,,2026-07-11T14:55:39.583+00:00,/dev/cu.usbserial-58870137921,"RX,3995051,R35,TXA,N01,223,225626,H,0,0.32,0.30,5,F,-79,9.50"
RX,3995196,R35,TXK,N151,112,225763,A,1,0.75,0.72,5.0,U,-67.0,10.25,True,,2026-07-11T14:55:39.728+00:00,/dev/cu.usbserial-58870137921,"RX,3995196,R35,TXK,N151,112,225763,A,1,0.75,0.72,5,U,-67,10.25"
RX,3995550,R35,TXF,N76,55,226131,G,1,0.93,0.9,5.0,U,-75.0,9.25,True,,2026-07-11T14:55:40.081+00:00,/dev/cu.usbserial-58870137921,"RX,3995550,R35,TXF,N76,55,226131,G,1,0.93,0.90,5,U,-75,9.25"
RX,3995708,R35,TXJ,N136,26,226280,G,0,0.93,0.9,5.0,U,-76.0,10.0,True,,2026-07-11T14:55:40.240+00:00,/dev/cu.usbserial-58870137921,"RX,3995708,R35,TXJ,N136,26,226280,G,0,0.93,0.90,5,U,-76,10.00"
RX,3995804,R35,TXC,N31,54,226381,E,0,0.87,0.84,5.0,U,-79.0,10.0,True,,2026-07-11T14:55:40.336+00:00,/dev/cu.usbserial-58870137921,"RX,3995804,R35,TXC,N31,54,226381,E,0,0.87,0.84,5,U,-79,10.00"
RX,3996051,R35,TXA,N01,224,226626,A,1,0.75,0.72,5.0,F,-79.0,9.75,True,,2026-07-11T14:55:40.583+00:00,/dev/cu.usbserial-58870137921,"RX,3996051,R35,TXA,N01,224,226626,A,1,0.75,0.72,5,F,-79,9.75"
RX,3996318,R35,TXB,N16,111,226893,G,1,0.93,0.9,5.0,U,-80.0,10.0,True,,2026-07-11T14:55:40.851+00:00,/dev/cu.usbserial-58870137921,"RX,3996318,R35,TXB,N16,111,226893,G,1,0.93,0.90,5,U,-80,10.00"
RX,3996802,R35,TXE,N61,109,227382,C,1,0.81,0.78,5.0,U,-76.0,9.5,True,,2026-07-11T14:55:41.333+00:00,/dev/cu.usbserial-58870137921,"RX,3996802,R35,TXE,N61,109,227382,C,1,0.81,0.78,5,U,-76,9.50"
RX,3996909,R35,TXI,N121,54,227481,E,0,0.87,0.84,5.0,U,-73.0,10.0,True,,2026-07-11T14:55:41.441+00:00,/dev/cu.usbserial-58870137921,"RX,3996909,R35,TXI,N121,54,227481,E,0,0.87,0.84,5,U,-73,10.00"
RX,3997051,R35,TXA,N01,225,227626,B,1,0.2,0.18,5.0,F,-79.0,9.75,True,,2026-07-11T14:55:41.583+00:00,/dev/cu.usbserial-58870137921,"RX,3997051,R35,TXA,N01,225,227626,B,1,0.20,0.18,5,F,-79,9.75"
RX,3997196,R35,TXK,N151,113,227763,C,0,0.81,0.78,5.0,U,-67.0,10.5,True,,2026-07-11T14:55:41.728+00:00,/dev/cu.usbserial-58870137921,"RX,3997196,R35,TXK,N151,113,227763,C,0,0.81,0.78,5,U,-67,10.50"
RX,3997804,R35,TXC,N31,55,228381,G,1,0.93,0.9,5.0,U,-80.0,9.25,True,,2026-07-11T14:55:42.336+00:00,/dev/cu.usbserial-58870137921,"RX,3997804,R35,TXC,N31,55,228381,G,1,0.93,0.90,5,U,-80,9.25"
RX,3998051,R35,TXA,N01,226,228626,C,0,0.81,0.78,5.0,F,-79.0,10.5,True,,2026-07-11T14:55:42.583+00:00,/dev/cu.usbserial-58870137921,"RX,3998051,R35,TXA,N01,226,228626,C,0,0.81,0.78,5,F,-79,10.50"
RX,3998319,R35,TXB,N16,112,228893,A,1,0.75,0.72,5.0,U,-81.0,10.0,True,,2026-07-11T14:55:42.851+00:00,/dev/cu.usbserial-58870137921,"RX,3998319,R35,TXB,N16,112,228893,A,1,0.75,0.72,5,U,-81,10.00"
RX,3998802,R35,TXE,N61,110,229382,E,0,0.87,0.84,5.0,U,-76.0,9.5,True,,2026-07-11T14:55:43.333+00:00,/dev/cu.usbserial-58870137921,"RX,3998802,R35,TXE,N61,110,229382,E,0,0.87,0.84,5,U,-76,9.50"
RX,3998909,R35,TXI,N121,55,229481,G,1,0.93,0.9,5.0,U,-73.0,9.75,True,,2026-07-11T14:55:43.440+00:00,/dev/cu.usbserial-58870137921,"RX,3998909,R35,TXI,N121,55,229481,G,1,0.93,0.90,5,U,-73,9.75"
RX,3999051,R35,TXA,N01,227,229626,D,1,0.24,0.22,5.0,F,-79.0,10.25,True,,2026-07-11T14:55:43.583+00:00,/dev/cu.usbserial-58870137921,"RX,3999051,R35,TXA,N01,227,229626,D,1,0.24,0.22,5,F,-79,10.25"
RX,3999196,R35,TXK,N151,114,229763,E,1,0.87,0.84,5.0,U,-67.0,10.0,True,,2026-07-11T14:55:43.728+00:00,/dev/cu.usbserial-58870137921,"RX,3999196,R35,TXK,N151,114,229763,E,1,0.87,0.84,5,U,-67,10.00"
RX,4000051,R35,TXA,N01,228,230626,E,1,0.87,0.84,5.0,F,-79.0,9.5,True,,2026-07-11T14:55:44.582+00:00,/dev/cu.usbserial-58870137921,"RX,4000051,R35,TXA,N01,228,230626,E,1,0.87,0.84,5,F,-79,9.50"
RX,4000319,R35,TXB,N16,113,230893,C,0,0.81,0.78,5.0,U,-80.0,9.75,True,,2026-07-11T14:55:44.852+00:00,/dev/cu.usbserial-58870137921,"RX,4000319,R35,TXB,N16,113,230893,C,0,0.81,0.78,5,U,-80,9.75"
RX,4000802,R35,TXE,N61,111,231382,G,1,0.93,0.9,5.0,U,-76.0,9.75,True,,2026-07-11T14:55:45.333+00:00,/dev/cu.usbserial-58870137921,"RX,4000802,R35,TXE,N61,111,231382,G,1,0.93,0.90,5,U,-76,9.75"
RX,4001051,R35,TXA,N01,229,231626,F,0,0.28,0.26,5.0,F,-80.0,9.0,True,,2026-07-11T14:55:45.583+00:00,/dev/cu.usbserial-58870137921,"RX,4001051,R35,TXA,N01,229,231626,F,0,0.28,0.26,5,F,-80,9.00"
RX,4001196,R35,TXK,N151,115,231763,G,1,0.93,0.9,5.0,U,-68.0,9.75,True,,2026-07-11T14:55:45.728+00:00,/dev/cu.usbserial-58870137921,"RX,4001196,R35,TXK,N151,115,231763,G,1,0.93,0.90,5,U,-68,9.75"
RX,4001550,R35,TXF,N76,56,232131,E,1,0.87,0.84,5.0,U,-75.0,9.5,True,,2026-07-11T14:55:46.081+00:00,/dev/cu.usbserial-58870137921,"RX,4001550,R35,TXF,N76,56,232131,E,1,0.87,0.84,5,U,-75,9.50"
RX,4001854,R35,TXD,N46,28,232430,G,1,0.93,0.9,5.0,U,-71.0,9.75,True,,2026-07-11T14:55:46.385+00:00,/dev/cu.usbserial-58870137921,"RX,4001854,R35,TXD,N46,28,232430,G,1,0.93,0.90,5,U,-71,9.75"
RX,4002051,R35,TXA,N01,230,232626,G,1,0.93,0.9,5.0,F,-80.0,9.25,True,,2026-07-11T14:55:46.583+00:00,/dev/cu.usbserial-58870137921,"RX,4002051,R35,TXA,N01,230,232626,G,1,0.93,0.90,5,F,-80,9.25"
RX,4002318,R35,TXB,N16,114,232893,E,1,0.87,0.84,5.0,U,-81.0,9.25,True,,2026-07-11T14:55:46.851+00:00,/dev/cu.usbserial-58870137921,"RX,4002318,R35,TXB,N16,114,232893,E,1,0.87,0.84,5,U,-81,9.25"
RX,4002499,R35,TXG,N91,27,233080,G,1,0.93,0.9,5.0,U,-82.0,9.25,True,,2026-07-11T14:55:47.031+00:00,/dev/cu.usbserial-58870137921,"RX,4002499,R35,TXG,N91,27,233080,G,1,0.93,0.90,5,U,-82,9.25"
RX,4002802,R35,TXE,N61,112,233382,A,1,0.75,0.72,5.0,U,-76.0,9.5,True,,2026-07-11T14:55:47.333+00:00,/dev/cu.usbserial-58870137921,"RX,4002802,R35,TXE,N61,112,233382,A,1,0.75,0.72,5,U,-76,9.50"
RX,4003051,R35,TXA,N01,231,233626,H,1,0.32,0.3,5.0,F,-80.0,9.25,True,,2026-07-11T14:55:47.583+00:00,/dev/cu.usbserial-58870137921,"RX,4003051,R35,TXA,N01,231,233626,H,1,0.32,0.30,5,F,-80,9.25"
RX,4003196,R35,TXK,N151,116,233763,A,0,0.75,0.72,5.0,U,-67.0,10.5,True,,2026-07-11T14:55:47.728+00:00,/dev/cu.usbserial-58870137921,"RX,4003196,R35,TXK,N151,116,233763,A,0,0.75,0.72,5,U,-67,10.50"
RX,4003550,R35,TXF,N76,57,234131,G,1,0.93,0.9,5.0,U,-75.0,9.25,True,,2026-07-11T14:55:48.081+00:00,/dev/cu.usbserial-58870137921,"RX,4003550,R35,TXF,N76,57,234131,G,1,0.93,0.90,5,U,-75,9.25"
RX,4003708,R35,TXJ,N136,27,234280,G,1,0.93,0.9,5.0,U,-75.0,9.5,True,,2026-07-11T14:55:48.240+00:00,/dev/cu.usbserial-58870137921,"RX,4003708,R35,TXJ,N136,27,234280,G,1,0.93,0.90,5,U,-75,9.50"
RX,4003804,R35,TXC,N31,56,234381,E,1,0.87,0.84,5.0,U,-78.0,10.0,True,,2026-07-11T14:55:48.335+00:00,/dev/cu.usbserial-58870137921,"RX,4003804,R35,TXC,N31,56,234381,E,1,0.87,0.84,5,U,-78,10.00"
RX,4004051,R35,TXA,N01,232,234626,A,0,0.75,0.72,5.0,F,-80.0,9.25,True,,2026-07-11T14:55:48.583+00:00,/dev/cu.usbserial-58870137921,"RX,4004051,R35,TXA,N01,232,234626,A,0,0.75,0.72,5,F,-80,9.25"
RX,4004318,R35,TXB,N16,115,234893,G,1,0.93,0.9,5.0,U,-81.0,9.75,True,,2026-07-11T14:55:48.851+00:00,/dev/cu.usbserial-58870137921,"RX,4004318,R35,TXB,N16,115,234893,G,1,0.93,0.90,5,U,-81,9.75"
RX,4004802,R35,TXE,N61,113,235382,C,0,0.81,0.78,5.0,U,-76.0,9.5,True,,2026-07-11T14:55:49.333+00:00,/dev/cu.usbserial-58870137921,"RX,4004802,R35,TXE,N61,113,235382,C,0,0.81,0.78,5,U,-76,9.50"
RX,4004909,R35,TXI,N121,56,235481,E,1,0.87,0.84,5.0,U,-72.0,9.75,True,,2026-07-11T14:55:49.441+00:00,/dev/cu.usbserial-58870137921,"RX,4004909,R35,TXI,N121,56,235481,E,1,0.87,0.84,5,U,-72,9.75"
RX,4005051,R35,TXA,N01,233,235626,B,1,0.2,0.18,5.0,F,-80.0,9.5,True,,2026-07-11T14:55:49.583+00:00,/dev/cu.usbserial-58870137921,"RX,4005051,R35,TXA,N01,233,235626,B,1,0.20,0.18,5,F,-80,9.50"
RX,4005196,R35,TXK,N151,117,235763,C,1,0.81,0.78,5.0,U,-67.0,9.75,True,,2026-07-11T14:55:49.728+00:00,/dev/cu.usbserial-58870137921,"RX,4005196,R35,TXK,N151,117,235763,C,1,0.81,0.78,5,U,-67,9.75"
RX,4005804,R35,TXC,N31,57,236381,G,1,0.93,0.9,5.0,U,-79.0,9.75,True,,2026-07-11T14:55:50.336+00:00,/dev/cu.usbserial-58870137921,"RX,4005804,R35,TXC,N31,57,236381,G,1,0.93,0.90,5,U,-79,9.75"
RX,4006051,R35,TXA,N01,234,236626,C,1,0.81,0.78,5.0,F,-79.0,9.25,True,,2026-07-11T14:55:50.583+00:00,/dev/cu.usbserial-58870137921,"RX,4006051,R35,TXA,N01,234,236626,C,1,0.81,0.78,5,F,-79,9.25"
RX,4006318,R35,TXB,N16,116,236893,A,0,0.75,0.72,5.0,U,-81.0,9.75,True,,2026-07-11T14:55:50.852+00:00,/dev/cu.usbserial-58870137921,"RX,4006318,R35,TXB,N16,116,236893,A,0,0.75,0.72,5,U,-81,9.75"
RX,4006801,R35,TXE,N61,114,237382,E,1,0.87,0.84,5.0,U,-76.0,10.0,True,,2026-07-11T14:55:51.333+00:00,/dev/cu.usbserial-58870137921,"RX,4006801,R35,TXE,N61,114,237382,E,1,0.87,0.84,5,U,-76,10.00"
RX,4006909,R35,TXI,N121,57,237481,G,1,0.93,0.9,5.0,U,-73.0,10.0,True,,2026-07-11T14:55:51.441+00:00,/dev/cu.usbserial-58870137921,"RX,4006909,R35,TXI,N121,57,237481,G,1,0.93,0.90,5,U,-73,10.00"
RX,4007051,R35,TXA,N01,235,237626,D,0,0.24,0.22,5.0,F,-80.0,9.25,True,,2026-07-11T14:55:51.583+00:00,/dev/cu.usbserial-58870137921,"RX,4007051,R35,TXA,N01,235,237626,D,0,0.24,0.22,5,F,-80,9.25"
RX,4007196,R35,TXK,N151,118,237763,E,1,0.87,0.84,5.0,U,-67.0,10.5,True,,2026-07-11T14:55:51.728+00:00,/dev/cu.usbserial-58870137921,"RX,4007196,R35,TXK,N151,118,237763,E,1,0.87,0.84,5,U,-67,10.50"
RX,4008051,R35,TXA,N01,236,238626,E,1,0.87,0.84,5.0,F,-80.0,9.25,True,,2026-07-11T14:55:52.583+00:00,/dev/cu.usbserial-58870137921,"RX,4008051,R35,TXA,N01,236,238626,E,1,0.87,0.84,5,F,-80,9.25"
RX,4008318,R35,TXB,N16,117,238893,C,1,0.81,0.78,5.0,U,-80.0,9.75,True,,2026-07-11T14:55:52.851+00:00,/dev/cu.usbserial-58870137921,"RX,4008318,R35,TXB,N16,117,238893,C,1,0.81,0.78,5,U,-80,9.75"
RX,4008802,R35,TXE,N61,115,239382,G,1,0.93,0.9,5.0,U,-76.0,9.75,True,,2026-07-11T14:55:53.333+00:00,/dev/cu.usbserial-58870137921,"RX,4008802,R35,TXE,N61,115,239382,G,1,0.93,0.90,5,U,-76,9.75"
RX,4009051,R35,TXA,N01,237,239626,F,1,0.28,0.26,5.0,F,-80.0,9.5,True,,2026-07-11T14:55:53.583+00:00,/dev/cu.usbserial-58870137921,"RX,4009051,R35,TXA,N01,237,239626,F,1,0.28,0.26,5,F,-80,9.50"
RX,4009196,R35,TXK,N151,119,239763,G,0,0.93,0.9,5.0,U,-67.0,9.75,True,,2026-07-11T14:55:53.728+00:00,/dev/cu.usbserial-58870137921,"RX,4009196,R35,TXK,N151,119,239763,G,0,0.93,0.90,5,U,-67,9.75"
RX,4009550,R35,TXF,N76,58,240131,E,1,0.87,0.84,5.0,U,-74.0,10.0,True,,2026-07-11T14:55:54.082+00:00,/dev/cu.usbserial-58870137921,"RX,4009550,R35,TXF,N76,58,240131,E,1,0.87,0.84,5,U,-74,10.00"
RX,4009854,R35,TXD,N46,29,240430,G,0,0.93,0.9,5.0,U,-71.0,9.75,True,,2026-07-11T14:55:54.386+00:00,/dev/cu.usbserial-58870137921,"RX,4009854,R35,TXD,N46,29,240430,G,0,0.93,0.90,5,U,-71,9.75"
RX,4010050,R35,TXA,N01,238,240626,G,0,0.93,0.9,5.0,F,-80.0,9.25,True,,2026-07-11T14:55:54.583+00:00,/dev/cu.usbserial-58870137921,"RX,4010050,R35,TXA,N01,238,240626,G,0,0.93,0.90,5,F,-80,9.25"
RX,4010318,R35,TXB,N16,118,240893,E,1,0.87,0.84,5.0,U,-81.0,9.75,True,,2026-07-11T14:55:54.851+00:00,/dev/cu.usbserial-58870137921,"RX,4010318,R35,TXB,N16,118,240893,E,1,0.87,0.84,5,U,-81,9.75"
RX,4010499,R35,TXG,N91,28,241080,G,1,0.93,0.9,5.0,U,-83.0,10.0,True,,2026-07-11T14:55:55.031+00:00,/dev/cu.usbserial-58870137921,"RX,4010499,R35,TXG,N91,28,241080,G,1,0.93,0.90,5,U,-83,10.00"
RX,4010802,R35,TXE,N61,116,241382,A,0,0.75,0.72,5.0,U,-77.0,9.5,True,,2026-07-11T14:55:55.333+00:00,/dev/cu.usbserial-58870137921,"RX,4010802,R35,TXE,N61,116,241382,A,0,0.75,0.72,5,U,-77,9.50"
RX,4011051,R35,TXA,N01,239,241626,H,1,0.32,0.3,5.0,F,-80.0,9.25,True,,2026-07-11T14:55:55.583+00:00,/dev/cu.usbserial-58870137921,"RX,4011051,R35,TXA,N01,239,241626,H,1,0.32,0.30,5,F,-80,9.25"
RX,4011196,R35,TXK,N151,120,241763,A,1,0.75,0.72,5.0,U,-68.0,10.0,True,,2026-07-11T14:55:55.728+00:00,/dev/cu.usbserial-58870137921,"RX,4011196,R35,TXK,N151,120,241763,A,1,0.75,0.72,5,U,-68,10.00"
RX,4011550,R35,TXF,N76,59,242131,G,0,0.93,0.9,5.0,U,-74.0,9.75,True,,2026-07-11T14:55:56.082+00:00,/dev/cu.usbserial-58870137921,"RX,4011550,R35,TXF,N76,59,242131,G,0,0.93,0.90,5,U,-74,9.75"
RX,4011708,R35,TXJ,N136,28,242280,G,1,0.93,0.9,5.0,U,-75.0,9.5,True,,2026-07-11T14:55:56.240+00:00,/dev/cu.usbserial-58870137921,"RX,4011708,R35,TXJ,N136,28,242280,G,1,0.93,0.90,5,U,-75,9.50"
RX,4011804,R35,TXC,N31,58,242381,E,1,0.87,0.84,5.0,U,-77.0,9.25,True,,2026-07-11T14:55:56.336+00:00,/dev/cu.usbserial-58870137921,"RX,4011804,R35,TXC,N31,58,242381,E,1,0.87,0.84,5,U,-77,9.25"
RX,4012051,R35,TXA,N01,240,242626,A,1,0.75,0.72,5.0,F,-80.0,9.5,True,,2026-07-11T14:55:56.583+00:00,/dev/cu.usbserial-58870137921,"RX,4012051,R35,TXA,N01,240,242626,A,1,0.75,0.72,5,F,-80,9.50"
RX,4012318,R35,TXB,N16,119,242893,G,0,0.93,0.9,5.0,U,-80.0,9.25,True,,2026-07-11T14:55:56.850+00:00,/dev/cu.usbserial-58870137921,"RX,4012318,R35,TXB,N16,119,242893,G,0,0.93,0.90,5,U,-80,9.25"
RX,4012801,R35,TXE,N61,117,243382,C,1,0.81,0.78,5.0,U,-76.0,9.5,True,,2026-07-11T14:55:57.333+00:00,/dev/cu.usbserial-58870137921,"RX,4012801,R35,TXE,N61,117,243382,C,1,0.81,0.78,5,U,-76,9.50"
RX,4012909,R35,TXI,N121,58,243481,E,1,0.87,0.84,5.0,U,-73.0,9.75,True,,2026-07-11T14:55:57.441+00:00,/dev/cu.usbserial-58870137921,"RX,4012909,R35,TXI,N121,58,243481,E,1,0.87,0.84,5,U,-73,9.75"
RX,4013051,R35,TXA,N01,241,243626,B,0,0.2,0.18,5.0,F,-80.0,9.25,True,,2026-07-11T14:55:57.583+00:00,/dev/cu.usbserial-58870137921,"RX,4013051,R35,TXA,N01,241,243626,B,0,0.20,0.18,5,F,-80,9.25"
RX,4013196,R35,TXK,N151,121,243763,C,1,0.81,0.78,5.0,U,-67.0,10.0,True,,2026-07-11T14:55:57.728+00:00,/dev/cu.usbserial-58870137921,"RX,4013196,R35,TXK,N151,121,243763,C,1,0.81,0.78,5,U,-67,10.00"
RX,4013804,R35,TXC,N31,59,244381,G,0,0.93,0.9,5.0,U,-77.0,9.5,True,,2026-07-11T14:55:58.336+00:00,/dev/cu.usbserial-58870137921,"RX,4013804,R35,TXC,N31,59,244381,G,0,0.93,0.90,5,U,-77,9.50"
RX,4014051,R35,TXA,N01,242,244626,C,1,0.81,0.78,5.0,F,-80.0,9.25,True,,2026-07-11T14:55:58.583+00:00,/dev/cu.usbserial-58870137921,"RX,4014051,R35,TXA,N01,242,244626,C,1,0.81,0.78,5,F,-80,9.25"
RX,4014318,R35,TXB,N16,120,244893,A,1,0.75,0.72,5.0,U,-81.0,10.0,True,,2026-07-11T14:55:58.851+00:00,/dev/cu.usbserial-58870137921,"RX,4014318,R35,TXB,N16,120,244893,A,1,0.75,0.72,5,U,-81,10.00"
RX,4014802,R35,TXE,N61,118,245382,E,1,0.87,0.84,5.0,U,-76.0,9.5,True,,2026-07-11T14:55:59.334+00:00,/dev/cu.usbserial-58870137921,"RX,4014802,R35,TXE,N61,118,245382,E,1,0.87,0.84,5,U,-76,9.50"
RX,4014909,R35,TXI,N121,59,245481,G,0,0.93,0.9,5.0,U,-73.0,10.0,True,,2026-07-11T14:55:59.441+00:00,/dev/cu.usbserial-58870137921,"RX,4014909,R35,TXI,N121,59,245481,G,0,0.93,0.90,5,U,-73,10.00"
RX,4015051,R35,TXA,N01,243,245626,D,1,0.24,0.22,5.0,F,-80.0,9.5,True,,2026-07-11T14:55:59.583+00:00,/dev/cu.usbserial-58870137921,"RX,4015051,R35,TXA,N01,243,245626,D,1,0.24,0.22,5,F,-80,9.50"
RX,4015196,R35,TXK,N151,122,245763,E,0,0.87,0.84,5.0,U,-67.0,9.75,True,,2026-07-11T14:55:59.728+00:00,/dev/cu.usbserial-58870137921,"RX,4015196,R35,TXK,N151,122,245763,E,0,0.87,0.84,5,U,-67,9.75"
RX,4016051,R35,TXA,N01,244,246626,E,0,0.87,0.84,5.0,F,-80.0,9.25,True,,2026-07-11T14:56:00.583+00:00,/dev/cu.usbserial-58870137921,"RX,4016051,R35,TXA,N01,244,246626,E,0,0.87,0.84,5,F,-80,9.25"
RX,4016318,R35,TXB,N16,121,246893,C,1,0.81,0.78,5.0,U,-80.0,9.25,True,,2026-07-11T14:56:00.851+00:00,/dev/cu.usbserial-58870137921,"RX,4016318,R35,TXB,N16,121,246893,C,1,0.81,0.78,5,U,-80,9.25"
RX,4016802,R35,TXE,N61,119,247382,G,0,0.93,0.9,5.0,U,-76.0,9.5,True,,2026-07-11T14:56:01.334+00:00,/dev/cu.usbserial-58870137921,"RX,4016802,R35,TXE,N61,119,247382,G,0,0.93,0.90,5,U,-76,9.50"
RX,4017051,R35,TXA,N01,245,247626,F,1,0.28,0.26,5.0,F,-80.0,9.25,True,,2026-07-11T14:56:01.582+00:00,/dev/cu.usbserial-58870137921,"RX,4017051,R35,TXA,N01,245,247626,F,1,0.28,0.26,5,F,-80,9.25"
RX,4017196,R35,TXK,N151,123,247763,G,1,0.93,0.9,5.0,U,-67.0,10.0,True,,2026-07-11T14:56:01.728+00:00,/dev/cu.usbserial-58870137921,"RX,4017196,R35,TXK,N151,123,247763,G,1,0.93,0.90,5,U,-67,10.00"
RX,4017549,R35,TXF,N76,60,248131,E,0,0.87,0.84,5.0,U,-74.0,9.5,True,,2026-07-11T14:56:02.081+00:00,/dev/cu.usbserial-58870137921,"RX,4017549,R35,TXF,N76,60,248131,E,0,0.87,0.84,5,U,-74,9.50"
RX,4017854,R35,TXD,N46,30,248430,G,1,0.93,0.9,5.0,U,-71.0,10.25,True,,2026-07-11T14:56:02.385+00:00,/dev/cu.usbserial-58870137921,"RX,4017854,R35,TXD,N46,30,248430,G,1,0.93,0.90,5,U,-71,10.25"
RX,4018051,R35,TXA,N01,246,248626,G,1,0.93,0.9,5.0,F,-78.0,10.5,True,,2026-07-11T14:56:02.583+00:00,/dev/cu.usbserial-58870137921,"RX,4018051,R35,TXA,N01,246,248626,G,1,0.93,0.90,5,F,-78,10.50"
RX,4018318,R35,TXB,N16,122,248893,E,0,0.87,0.84,5.0,U,-81.0,10.0,True,,2026-07-11T14:56:02.851+00:00,/dev/cu.usbserial-58870137921,"RX,4018318,R35,TXB,N16,122,248893,E,0,0.87,0.84,5,U,-81,10.00"
RX,4018499,R35,TXG,N91,29,249080,G,0,0.93,0.9,5.0,U,-82.0,9.25,True,,2026-07-11T14:56:03.031+00:00,/dev/cu.usbserial-58870137921,"RX,4018499,R35,TXG,N91,29,249080,G,0,0.93,0.90,5,U,-82,9.25"
RX,4018801,R35,TXE,N61,120,249382,A,1,0.75,0.72,5.0,U,-77.0,9.75,True,,2026-07-11T14:56:03.333+00:00,/dev/cu.usbserial-58870137921,"RX,4018801,R35,TXE,N61,120,249382,A,1,0.75,0.72,5,U,-77,9.75"
RX,4019051,R35,TXA,N01,247,249626,H,0,0.32,0.3,5.0,F,-78.0,10.0,True,,2026-07-11T14:56:03.583+00:00,/dev/cu.usbserial-58870137921,"RX,4019051,R35,TXA,N01,247,249626,H,0,0.32,0.30,5,F,-78,10.00"
RX,4019196,R35,TXK,N151,124,249763,A,1,0.75,0.72,5.0,U,-67.0,10.25,True,,2026-07-11T14:56:03.728+00:00,/dev/cu.usbserial-58870137921,"RX,4019196,R35,TXK,N151,124,249763,A,1,0.75,0.72,5,U,-67,10.25"
RX,4019549,R35,TXF,N76,61,250131,G,1,0.93,0.9,5.0,U,-74.0,9.5,True,,2026-07-11T14:56:04.082+00:00,/dev/cu.usbserial-58870137921,"RX,4019549,R35,TXF,N76,61,250131,G,1,0.93,0.90,5,U,-74,9.50"
RX,4019708,R35,TXJ,N136,29,250280,G,0,0.93,0.9,5.0,U,-76.0,9.75,True,,2026-07-11T14:56:04.240+00:00,/dev/cu.usbserial-58870137921,"RX,4019708,R35,TXJ,N136,29,250280,G,0,0.93,0.90,5,U,-76,9.75"
RX,4019804,R35,TXC,N31,60,250381,E,0,0.87,0.84,5.0,U,-79.0,10.0,True,,2026-07-11T14:56:04.336+00:00,/dev/cu.usbserial-58870137921,"RX,4019804,R35,TXC,N31,60,250381,E,0,0.87,0.84,5,U,-79,10.00"
RX,4020051,R35,TXA,N01,248,250626,A,1,0.75,0.72,5.0,F,-79.0,9.75,True,,2026-07-11T14:56:04.583+00:00,/dev/cu.usbserial-58870137921,"RX,4020051,R35,TXA,N01,248,250626,A,1,0.75,0.72,5,F,-79,9.75"
RX,4020318,R35,TXB,N16,123,250893,G,1,0.93,0.9,5.0,U,-81.0,10.0,True,,2026-07-11T14:56:04.851+00:00,/dev/cu.usbserial-58870137921,"RX,4020318,R35,TXB,N16,123,250893,G,1,0.93,0.90,5,U,-81,10.00"
RX,4020802,R35,TXE,N61,121,251382,C,1,0.81,0.78,5.0,U,-76.0,9.75,True,,2026-07-11T14:56:05.333+00:00,/dev/cu.usbserial-58870137921,"RX,4020802,R35,TXE,N61,121,251382,C,1,0.81,0.78,5,U,-76,9.75"
RX,4020909,R35,TXI,N121,60,251481,E,0,0.87,0.84,5.0,U,-74.0,9.75,True,,2026-07-11T14:56:05.441+00:00,/dev/cu.usbserial-58870137921,"RX,4020909,R35,TXI,N121,60,251481,E,0,0.87,0.84,5,U,-74,9.75"
RX,4021051,R35,TXA,N01,249,251626,B,1,0.2,0.18,5.0,F,-78.0,9.0,True,,2026-07-11T14:56:05.583+00:00,/dev/cu.usbserial-58870137921,"RX,4021051,R35,TXA,N01,249,251626,B,1,0.20,0.18,5,F,-78,9.00"
RX,4021196,R35,TXK,N151,125,251763,C,0,0.81,0.78,5.0,U,-68.0,9.75,True,,2026-07-11T14:56:05.728+00:00,/dev/cu.usbserial-58870137921,"RX,4021196,R35,TXK,N151,125,251763,C,0,0.81,0.78,5,U,-68,9.75"
RX,4021804,R35,TXC,N31,61,252381,G,1,0.93,0.9,5.0,U,-79.0,10.0,True,,2026-07-11T14:56:06.336+00:00,/dev/cu.usbserial-58870137921,"RX,4021804,R35,TXC,N31,61,252381,G,1,0.93,0.90,5,U,-79,10.00"
RX,4022051,R35,TXA,N01,250,252626,C,0,0.81,0.78,5.0,F,-78.0,10.0,True,,2026-07-11T14:56:06.583+00:00,/dev/cu.usbserial-58870137921,"RX,4022051,R35,TXA,N01,250,252626,C,0,0.81,0.78,5,F,-78,10.00"
RX,4022318,R35,TXB,N16,124,252893,A,1,0.75,0.72,5.0,U,-81.0,9.75,True,,2026-07-11T14:56:06.851+00:00,/dev/cu.usbserial-58870137921,"RX,4022318,R35,TXB,N16,124,252893,A,1,0.75,0.72,5,U,-81,9.75"
RX,4022801,R35,TXE,N61,122,253382,E,0,0.87,0.84,5.0,U,-77.0,9.5,True,,2026-07-11T14:56:07.334+00:00,/dev/cu.usbserial-58870137921,"RX,4022801,R35,TXE,N61,122,253382,E,0,0.87,0.84,5,U,-77,9.50"
RX,4022909,R35,TXI,N121,61,253481,G,1,0.93,0.9,5.0,U,-73.0,9.25,True,,2026-07-11T14:56:07.441+00:00,/dev/cu.usbserial-58870137921,"RX,4022909,R35,TXI,N121,61,253481,G,1,0.93,0.90,5,U,-73,9.25"
RX,4023050,R35,TXA,N01,251,253626,D,1,0.24,0.22,5.0,F,-79.0,9.75,True,,2026-07-11T14:56:07.583+00:00,/dev/cu.usbserial-58870137921,"RX,4023050,R35,TXA,N01,251,253626,D,1,0.24,0.22,5,F,-79,9.75"
RX,4023196,R35,TXK,N151,126,253763,E,1,0.87,0.84,5.0,U,-68.0,9.75,True,,2026-07-11T14:56:07.728+00:00,/dev/cu.usbserial-58870137921,"RX,4023196,R35,TXK,N151,126,253763,E,1,0.87,0.84,5,U,-68,9.75"
RX,4024051,R35,TXA,N01,252,254626,E,1,0.87,0.84,5.0,F,-80.0,9.25,True,,2026-07-11T14:56:08.582+00:00,/dev/cu.usbserial-58870137921,"RX,4024051,R35,TXA,N01,252,254626,E,1,0.87,0.84,5,F,-80,9.25"
RX,4024318,R35,TXB,N16,125,254893,C,0,0.81,0.78,5.0,U,-81.0,9.5,True,,2026-07-11T14:56:08.851+00:00,/dev/cu.usbserial-58870137921,"RX,4024318,R35,TXB,N16,125,254893,C,0,0.81,0.78,5,U,-81,9.50"
RX,4024801,R35,TXE,N61,123,255382,G,1,0.93,0.9,5.0,U,-76.0,9.5,True,,2026-07-11T14:56:09.334+00:00,/dev/cu.usbserial-58870137921,"RX,4024801,R35,TXE,N61,123,255382,G,1,0.93,0.90,5,U,-76,9.50"
RX,4025051,R35,TXA,N01,253,255626,F,0,0.28,0.26,5.0,F,-79.0,9.25,True,,2026-07-11T14:56:09.583+00:00,/dev/cu.usbserial-58870137921,"RX,4025051,R35,TXA,N01,253,255626,F,0,0.28,0.26,5,F,-79,9.25"
RX,4025196,R35,TXK,N151,127,255763,G,1,0.93,0.9,5.0,U,-68.0,9.75,True,,2026-07-11T14:56:09.728+00:00,/dev/cu.usbserial-58870137921,"RX,4025196,R35,TXK,N151,127,255763,G,1,0.93,0.90,5,U,-68,9.75"
RX,4025549,R35,TXF,N76,62,256131,E,1,0.87,0.84,5.0,U,-74.0,9.75,True,,2026-07-11T14:56:10.082+00:00,/dev/cu.usbserial-58870137921,"RX,4025549,R35,TXF,N76,62,256131,E,1,0.87,0.84,5,U,-74,9.75"
RX,4025853,R35,TXD,N46,31,256430,G,1,0.93,0.9,5.0,U,-71.0,9.5,True,,2026-07-11T14:56:10.386+00:00,/dev/cu.usbserial-58870137921,"RX,4025853,R35,TXD,N46,31,256430,G,1,0.93,0.90,5,U,-71,9.50"
RX,4026050,R35,TXA,N01,254,256626,G,1,0.93,0.9,5.0,F,-79.0,9.5,True,,2026-07-11T14:56:10.583+00:00,/dev/cu.usbserial-58870137921,"RX,4026050,R35,TXA,N01,254,256626,G,1,0.93,0.90,5,F,-79,9.50"
RX,4026318,R35,TXB,N16,126,256893,E,1,0.87,0.84,5.0,U,-81.0,9.25,True,,2026-07-11T14:56:10.850+00:00,/dev/cu.usbserial-58870137921,"RX,4026318,R35,TXB,N16,126,256893,E,1,0.87,0.84,5,U,-81,9.25"
RX,4026499,R35,TXG,N91,30,257080,G,1,0.93,0.9,5.0,U,-82.0,9.25,True,,2026-07-11T14:56:11.031+00:00,/dev/cu.usbserial-58870137921,"RX,4026499,R35,TXG,N91,30,257080,G,1,0.93,0.90,5,U,-82,9.25"
RX,4026801,R35,TXE,N61,124,257382,A,1,0.75,0.72,5.0,U,-76.0,9.25,True,,2026-07-11T14:56:11.334+00:00,/dev/cu.usbserial-58870137921,"RX,4026801,R35,TXE,N61,124,257382,A,1,0.75,0.72,5,U,-76,9.25"
RX,4027051,R35,TXA,N01,255,257626,H,1,0.32,0.3,5.0,F,-79.0,9.75,True,,2026-07-11T14:56:11.583+00:00,/dev/cu.usbserial-58870137921,"RX,4027051,R35,TXA,N01,255,257626,H,1,0.32,0.30,5,F,-79,9.75"
RX,4027196,R35,TXK,N151,128,257763,A,1,0.75,0.72,5.0,U,-68.0,10.0,True,,2026-07-11T14:56:11.728+00:00,/dev/cu.usbserial-58870137921,"RX,4027196,R35,TXK,N151,128,257763,A,1,0.75,0.72,5,U,-68,10.00"
RX,4027549,R35,TXF,N76,63,258131,G,1,0.93,0.9,5.0,U,-74.0,9.75,True,,2026-07-11T14:56:12.082+00:00,/dev/cu.usbserial-58870137921,"RX,4027549,R35,TXF,N76,63,258131,G,1,0.93,0.90,5,U,-74,9.75"
RX,4027708,R35,TXJ,N136,30,258280,G,1,0.93,0.9,5.0,U,-76.0,9.75,True,,2026-07-11T14:56:12.241+00:00,/dev/cu.usbserial-58870137921,"RX,4027708,R35,TXJ,N136,30,258280,G,1,0.93,0.90,5,U,-76,9.75"
RX,4027803,R35,TXC,N31,62,258381,E,1,0.87,0.84,5.0,U,-78.0,9.25,True,,2026-07-11T14:56:12.335+00:00,/dev/cu.usbserial-58870137921,"RX,4027803,R35,TXC,N31,62,258381,E,1,0.87,0.84,5,U,-78,9.25"
RX,4028051,R35,TXA,N01,256,258626,A,1,0.75,0.72,5.0,F,-80.0,9.75,True,,2026-07-11T14:56:12.583+00:00,/dev/cu.usbserial-58870137921,"RX,4028051,R35,TXA,N01,256,258626,A,1,0.75,0.72,5,F,-80,9.75"
RX,4028318,R35,TXB,N16,127,258893,G,1,0.93,0.9,5.0,U,-81.0,9.25,True,,2026-07-11T14:56:12.851+00:00,/dev/cu.usbserial-58870137921,"RX,4028318,R35,TXB,N16,127,258893,G,1,0.93,0.90,5,U,-81,9.25"
RX,4028801,R35,TXE,N61,125,259382,C,0,0.81,0.78,5.0,U,-76.0,10.0,True,,2026-07-11T14:56:13.334+00:00,/dev/cu.usbserial-58870137921,"RX,4028801,R35,TXE,N61,125,259382,C,0,0.81,0.78,5,U,-76,10.00"
RX,4028909,R35,TXI,N121,62,259481,E,1,0.87,0.84,5.0,U,-73.0,9.5,True,,2026-07-11T14:56:13.441+00:00,/dev/cu.usbserial-58870137921,"RX,4028909,R35,TXI,N121,62,259481,E,1,0.87,0.84,5,U,-73,9.50"
RX,4029051,R35,TXA,N01,257,259626,B,0,0.2,0.18,5.0,F,-78.0,9.5,True,,2026-07-11T14:56:13.583+00:00,/dev/cu.usbserial-58870137921,"RX,4029051,R35,TXA,N01,257,259626,B,0,0.20,0.18,5,F,-78,9.50"
RX,4029196,R35,TXK,N151,129,259763,C,1,0.81,0.78,5.0,U,-67.0,10.0,True,,2026-07-11T14:56:13.728+00:00,/dev/cu.usbserial-58870137921,"RX,4029196,R35,TXK,N151,129,259763,C,1,0.81,0.78,5,U,-67,10.00"
RX,4029803,R35,TXC,N31,63,260381,G,1,0.93,0.9,5.0,U,-78.0,9.75,True,,2026-07-11T14:56:14.335+00:00,/dev/cu.usbserial-58870137921,"RX,4029803,R35,TXC,N31,63,260381,G,1,0.93,0.90,5,U,-78,9.75"
RX,4030051,R35,TXA,N01,258,260626,C,1,0.81,0.78,5.0,F,-79.0,9.75,True,,2026-07-11T14:56:14.583+00:00,/dev/cu.usbserial-58870137921,"RX,4030051,R35,TXA,N01,258,260626,C,1,0.81,0.78,5,F,-79,9.75"
RX,4030318,R35,TXB,N16,128,260893,A,1,0.75,0.72,5.0,U,-81.0,9.5,True,,2026-07-11T14:56:14.851+00:00,/dev/cu.usbserial-58870137921,"RX,4030318,R35,TXB,N16,128,260893,A,1,0.75,0.72,5,U,-81,9.50"
RX,4030801,R35,TXE,N61,126,261382,E,1,0.87,0.84,5.0,U,-76.0,9.5,True,,2026-07-11T14:56:15.334+00:00,/dev/cu.usbserial-58870137921,"RX,4030801,R35,TXE,N61,126,261382,E,1,0.87,0.84,5,U,-76,9.50"
RX,4030909,R35,TXI,N121,63,261481,G,1,0.93,0.9,5.0,U,-73.0,9.5,True,,2026-07-11T14:56:15.440+00:00,/dev/cu.usbserial-58870137921,"RX,4030909,R35,TXI,N121,63,261481,G,1,0.93,0.90,5,U,-73,9.50"
RX,4031050,R35,TXA,N01,259,261626,D,1,0.24,0.22,5.0,F,-79.0,9.5,True,,2026-07-11T14:56:15.583+00:00,/dev/cu.usbserial-58870137921,"RX,4031050,R35,TXA,N01,259,261626,D,1,0.24,0.22,5,F,-79,9.50"
RX,4031196,R35,TXK,N151,130,261763,E,0,0.87,0.84,5.0,U,-67.0,10.25,True,,2026-07-11T14:56:15.728+00:00,/dev/cu.usbserial-58870137921,"RX,4031196,R35,TXK,N151,130,261763,E,0,0.87,0.84,5,U,-67,10.25"
RX,4032050,R35,TXA,N01,260,262626,E,0,0.87,0.84,5.0,F,-79.0,9.5,True,,2026-07-11T14:56:16.583+00:00,/dev/cu.usbserial-58870137921,"RX,4032050,R35,TXA,N01,260,262626,E,0,0.87,0.84,5,F,-79,9.50"
RX,4032318,R35,TXB,N16,129,262893,C,1,0.81,0.78,5.0,U,-81.0,9.5,True,,2026-07-11T14:56:16.851+00:00,/dev/cu.usbserial-58870137921,"RX,4032318,R35,TXB,N16,129,262893,C,1,0.81,0.78,5,U,-81,9.50"
RX,4032801,R35,TXE,N61,127,263382,G,1,0.93,0.9,5.0,U,-76.0,9.25,True,,2026-07-11T14:56:17.334+00:00,/dev/cu.usbserial-58870137921,"RX,4032801,R35,TXE,N61,127,263382,G,1,0.93,0.90,5,U,-76,9.25"
RX,4033050,R35,TXA,N01,261,263626,F,1,0.28,0.26,5.0,F,-80.0,9.25,True,,2026-07-11T14:56:17.583+00:00,/dev/cu.usbserial-58870137921,"RX,4033050,R35,TXA,N01,261,263626,F,1,0.28,0.26,5,F,-80,9.25"
RX,4033343,R35,TXL,N166,16,263916,G,1,0.93,0.9,5.0,U,-82.0,9.5,True,,2026-07-11T14:56:17.875+00:00,/dev/cu.usbserial-58870137921,"RX,4033343,R35,TXL,N166,16,263916,G,1,0.93,0.90,5,U,-82,9.50"
RX,4033549,R35,TXF,N76,64,264131,E,0,0.87,0.84,5.0,U,-74.0,9.5,True,,2026-07-11T14:56:18.082+00:00,/dev/cu.usbserial-58870137921,"RX,4033549,R35,TXF,N76,64,264131,E,0,0.87,0.84,5,U,-74,9.50"
RX,4033853,R35,TXD,N46,32,264430,G,1,0.93,0.9,5.0,U,-71.0,11.25,True,,2026-07-11T14:56:18.386+00:00,/dev/cu.usbserial-58870137921,"RX,4033853,R35,TXD,N46,32,264430,G,1,0.93,0.90,5,U,-71,11.25"
RX,4034050,R35,TXA,N01,262,264626,G,1,0.93,0.9,5.0,F,-80.0,9.5,True,,2026-07-11T14:56:18.583+00:00,/dev/cu.usbserial-58870137921,"RX,4034050,R35,TXA,N01,262,264626,G,1,0.93,0.90,5,F,-80,9.50"
RX,4034318,R35,TXB,N16,130,264893,E,0,0.87,0.84,5.0,U,-81.0,9.5,True,,2026-07-11T14:56:18.851+00:00,/dev/cu.usbserial-58870137921,"RX,4034318,R35,TXB,N16,130,264893,E,0,0.87,0.84,5,U,-81,9.50"
RX,4034499,R35,TXG,N91,31,265080,G,1,0.93,0.9,5.0,U,-82.0,9.25,True,,2026-07-11T14:56:19.031+00:00,/dev/cu.usbserial-58870137921,"RX,4034499,R35,TXG,N91,31,265080,G,1,0.93,0.90,5,U,-82,9.25"
RX,4034801,R35,TXE,N61,128,265382,A,1,0.75,0.72,5.0,U,-76.0,9.75,True,,2026-07-11T14:56:19.334+00:00,/dev/cu.usbserial-58870137921,"RX,4034801,R35,TXE,N61,128,265382,A,1,0.75,0.72,5,U,-76,9.75"
RX,4035051,R35,TXA,N01,263,265626,H,0,0.32,0.3,5.0,F,-80.0,9.25,True,,2026-07-11T14:56:19.583+00:00,/dev/cu.usbserial-58870137921,"RX,4035051,R35,TXA,N01,263,265626,H,0,0.32,0.30,5,F,-80,9.25"
RX,4035196,R35,TXK,N151,132,265763,A,1,0.75,0.72,5.0,U,-68.0,10.0,True,,2026-07-11T14:56:19.728+00:00,/dev/cu.usbserial-58870137921,"RX,4035196,R35,TXK,N151,132,265763,A,1,0.75,0.72,5,U,-68,10.00"
RX,4035549,R35,TXF,N76,65,266131,G,1,0.93,0.9,5.0,U,-75.0,9.5,True,,2026-07-11T14:56:20.082+00:00,/dev/cu.usbserial-58870137921,"RX,4035549,R35,TXF,N76,65,266131,G,1,0.93,0.90,5,U,-75,9.50"
RX,4035708,R35,TXJ,N136,31,266280,G,1,0.93,0.9,5.0,U,-76.0,10.0,True,,2026-07-11T14:56:20.240+00:00,/dev/cu.usbserial-58870137921,"RX,4035708,R35,TXJ,N136,31,266280,G,1,0.93,0.90,5,U,-76,10.00"
RX,4035803,R35,TXC,N31,64,266381,E,0,0.87,0.84,5.0,U,-76.0,9.5,True,,2026-07-11T14:56:20.336+00:00,/dev/cu.usbserial-58870137921,"RX,4035803,R35,TXC,N31,64,266381,E,0,0.87,0.84,5,U,-76,9.50"
RX,4036051,R35,TXA,N01,264,266626,A,1,0.75,0.72,5.0,F,-80.0,9.5,True,,2026-07-11T14:56:20.583+00:00,/dev/cu.usbserial-58870137921,"RX,4036051,R35,TXA,N01,264,266626,A,1,0.75,0.72,5,F,-80,9.50"
RX,4036318,R35,TXB,N16,131,266893,G,1,0.93,0.9,5.0,U,-81.0,9.75,True,,2026-07-11T14:56:20.851+00:00,/dev/cu.usbserial-58870137921,"RX,4036318,R35,TXB,N16,131,266893,G,1,0.93,0.90,5,U,-81,9.75"
RX,4036801,R35,TXE,N61,129,267382,C,1,0.81,0.78,5.0,U,-76.0,9.5,True,,2026-07-11T14:56:21.334+00:00,/dev/cu.usbserial-58870137921,"RX,4036801,R35,TXE,N61,129,267382,C,1,0.81,0.78,5,U,-76,9.50"
RX,4036909,R35,TXI,N121,64,267481,E,0,0.87,0.84,5.0,U,-73.0,9.5,True,,2026-07-11T14:56:21.440+00:00,/dev/cu.usbserial-58870137921,"RX,4036909,R35,TXI,N121,64,267481,E,0,0.87,0.84,5,U,-73,9.50"
RX,4037050,R35,TXA,N01,265,267626,B,1,0.2,0.18,5.0,F,-81.0,9.25,True,,2026-07-11T14:56:21.583+00:00,/dev/cu.usbserial-58870137921,"RX,4037050,R35,TXA,N01,265,267626,B,1,0.20,0.18,5,F,-81,9.25"
RX,4037196,R35,TXK,N151,133,267763,C,0,0.81,0.78,5.0,U,-67.0,10.0,True,,2026-07-11T14:56:21.728+00:00,/dev/cu.usbserial-58870137921,"RX,4037196,R35,TXK,N151,133,267763,C,0,0.81,0.78,5,U,-67,10.00"
RX,4037803,R35,TXC,N31,65,268381,G,1,0.93,0.9,5.0,U,-76.0,9.5,True,,2026-07-11T14:56:22.336+00:00,/dev/cu.usbserial-58870137921,"RX,4037803,R35,TXC,N31,65,268381,G,1,0.93,0.90,5,U,-76,9.50"
RX,4038051,R35,TXA,N01,266,268626,C,0,0.81,0.78,5.0,F,-80.0,9.75,True,,2026-07-11T14:56:22.583+00:00,/dev/cu.usbserial-58870137921,"RX,4038051,R35,TXA,N01,266,268626,C,0,0.81,0.78,5,F,-80,9.75"
RX,4038318,R35,TXB,N16,132,268893,A,1,0.75,0.72,5.0,U,-81.0,10.0,True,,2026-07-11T14:56:22.851+00:00,/dev/cu.usbserial-58870137921,"RX,4038318,R35,TXB,N16,132,268893,A,1,0.75,0.72,5,U,-81,10.00"
RX,4038801,R35,TXE,N61,130,269382,E,0,0.87,0.84,5.0,U,-76.0,9.75,True,,2026-07-11T14:56:23.333+00:00,/dev/cu.usbserial-58870137921,"RX,4038801,R35,TXE,N61,130,269382,E,0,0.87,0.84,5,U,-76,9.75"
RX,4038909,R35,TXI,N121,65,269481,G,1,0.93,0.9,5.0,U,-73.0,9.75,True,,2026-07-11T14:56:23.441+00:00,/dev/cu.usbserial-58870137921,"RX,4038909,R35,TXI,N121,65,269481,G,1,0.93,0.90,5,U,-73,9.75"
RX,4039051,R35,TXA,N01,267,269626,D,1,0.24,0.22,5.0,F,-80.0,9.75,True,,2026-07-11T14:56:23.583+00:00,/dev/cu.usbserial-58870137921,"RX,4039051,R35,TXA,N01,267,269626,D,1,0.24,0.22,5,F,-80,9.75"
RX,4039196,R35,TXK,N151,134,269763,E,1,0.87,0.84,5.0,U,-68.0,9.75,True,,2026-07-11T14:56:23.728+00:00,/dev/cu.usbserial-58870137921,"RX,4039196,R35,TXK,N151,134,269763,E,1,0.87,0.84,5,U,-68,9.75"
RX,4040050,R35,TXA,N01,268,270626,E,1,0.87,0.84,5.0,F,-79.0,8.5,True,,2026-07-11T14:56:24.583+00:00,/dev/cu.usbserial-58870137921,"RX,4040050,R35,TXA,N01,268,270626,E,1,0.87,0.84,5,F,-79,8.50"
RX,4040318,R35,TXB,N16,133,270893,C,0,0.81,0.78,5.0,U,-81.0,9.5,True,,2026-07-11T14:56:24.852+00:00,/dev/cu.usbserial-58870137921,"RX,4040318,R35,TXB,N16,133,270893,C,0,0.81,0.78,5,U,-81,9.50"
RX,4040801,R35,TXE,N61,131,271382,G,1,0.93,0.9,5.0,U,-76.0,10.0,True,,2026-07-11T14:56:25.334+00:00,/dev/cu.usbserial-58870137921,"RX,4040801,R35,TXE,N61,131,271382,G,1,0.93,0.90,5,U,-76,10.00"
RX,4041050,R35,TXA,N01,269,271626,F,0,0.28,0.26,5.0,F,-80.0,9.5,True,,2026-07-11T14:56:25.583+00:00,/dev/cu.usbserial-58870137921,"RX,4041050,R35,TXA,N01,269,271626,F,0,0.28,0.26,5,F,-80,9.50"
RX,4041343,R35,TXL,N166,17,271916,G,1,0.93,0.9,5.0,U,-81.0,9.5,True,,2026-07-11T14:56:25.875+00:00,/dev/cu.usbserial-58870137921,"RX,4041343,R35,TXL,N166,17,271916,G,1,0.93,0.90,5,U,-81,9.50"
RX,4041549,R35,TXF,N76,66,272131,E,1,0.87,0.84,5.0,U,-74.0,9.5,True,,2026-07-11T14:56:26.082+00:00,/dev/cu.usbserial-58870137921,"RX,4041549,R35,TXF,N76,66,272131,E,1,0.87,0.84,5,U,-74,9.50"
RX,4041853,R35,TXD,N46,33,272430,G,1,0.93,0.9,5.0,U,-71.0,10.0,True,,2026-07-11T14:56:26.386+00:00,/dev/cu.usbserial-58870137921,"RX,4041853,R35,TXD,N46,33,272430,G,1,0.93,0.90,5,U,-71,10.00"
RX,4042050,R35,TXA,N01,270,272626,G,1,0.93,0.9,5.0,F,-80.0,9.75,True,,2026-07-11T14:56:26.583+00:00,/dev/cu.usbserial-58870137921,"RX,4042050,R35,TXA,N01,270,272626,G,1,0.93,0.90,5,F,-80,9.75"
RX,4042318,R35,TXB,N16,134,272893,E,1,0.87,0.84,5.0,U,-81.0,9.75,True,,2026-07-11T14:56:26.852+00:00,/dev/cu.usbserial-58870137921,"RX,4042318,R35,TXB,N16,134,272893,E,1,0.87,0.84,5,U,-81,9.75"
RX,4042499,R35,TXG,N91,32,273080,G,1,0.93,0.9,5.0,U,-82.0,9.5,True,,2026-07-11T14:56:27.031+00:00,/dev/cu.usbserial-58870137921,"RX,4042499,R35,TXG,N91,32,273080,G,1,0.93,0.90,5,U,-82,9.50"
RX,4042801,R35,TXE,N61,132,273382,A,1,0.75,0.72,5.0,U,-76.0,9.5,True,,2026-07-11T14:56:27.334+00:00,/dev/cu.usbserial-58870137921,"RX,4042801,R35,TXE,N61,132,273382,A,1,0.75,0.72,5,U,-76,9.50"
RX,4043050,R35,TXA,N01,271,273626,H,1,0.32,0.3,5.0,F,-81.0,9.25,True,,2026-07-11T14:56:27.583+00:00,/dev/cu.usbserial-58870137921,"RX,4043050,R35,TXA,N01,271,273626,H,1,0.32,0.30,5,F,-81,9.25"
RX,4043196,R35,TXK,N151,136,273763,A,0,0.75,0.72,5.0,U,-67.0,10.0,True,,2026-07-11T14:56:27.728+00:00,/dev/cu.usbserial-58870137921,"RX,4043196,R35,TXK,N151,136,273763,A,0,0.75,0.72,5,U,-67,10.00"
RX,4043549,R35,TXF,N76,67,274131,G,1,0.93,0.9,5.0,U,-74.0,9.25,True,,2026-07-11T14:56:28.082+00:00,/dev/cu.usbserial-58870137921,"RX,4043549,R35,TXF,N76,67,274131,G,1,0.93,0.90,5,U,-74,9.25"
RX,4043708,R35,TXJ,N136,32,274280,G,1,0.93,0.9,5.0,U,-75.0,10.0,True,,2026-07-11T14:56:28.240+00:00,/dev/cu.usbserial-58870137921,"RX,4043708,R35,TXJ,N136,32,274280,G,1,0.93,0.90,5,U,-75,10.00"
RX,4043803,R35,TXC,N31,66,274381,E,1,0.87,0.84,5.0,U,-78.0,10.0,True,,2026-07-11T14:56:28.336+00:00,/dev/cu.usbserial-58870137921,"RX,4043803,R35,TXC,N31,66,274381,E,1,0.87,0.84,5,U,-78,10.00"
RX,4044050,R35,TXA,N01,272,274626,A,0,0.75,0.72,5.0,F,-81.0,9.5,True,,2026-07-11T14:56:28.583+00:00,/dev/cu.usbserial-58870137921,"RX,4044050,R35,TXA,N01,272,274626,A,0,0.75,0.72,5,F,-81,9.50"
RX,4044318,R35,TXB,N16,135,274893,G,1,0.93,0.9,5.0,U,-81.0,9.75,True,,2026-07-11T14:56:28.851+00:00,/dev/cu.usbserial-58870137921,"RX,4044318,R35,TXB,N16,135,274893,G,1,0.93,0.90,5,U,-81,9.75"
RX,4044801,R35,TXE,N61,133,275382,C,0,0.81,0.78,5.0,U,-76.0,9.5,True,,2026-07-11T14:56:29.334+00:00,/dev/cu.usbserial-58870137921,"RX,4044801,R35,TXE,N61,133,275382,C,0,0.81,0.78,5,U,-76,9.50"
RX,4044908,R35,TXI,N121,66,275481,E,1,0.87,0.84,5.0,U,-73.0,9.25,True,,2026-07-11T14:56:29.440+00:00,/dev/cu.usbserial-58870137921,"RX,4044908,R35,TXI,N121,66,275481,E,1,0.87,0.84,5,U,-73,9.25"
RX,4045050,R35,TXA,N01,273,275626,B,1,0.2,0.18,5.0,F,-80.0,10.0,True,,2026-07-11T14:56:29.583+00:00,/dev/cu.usbserial-58870137921,"RX,4045050,R35,TXA,N01,273,275626,B,1,0.20,0.18,5,F,-80,10.00"
RX,4045196,R35,TXK,N151,137,275763,C,1,0.81,0.78,5.0,U,-68.0,10.0,True,,2026-07-11T14:56:29.728+00:00,/dev/cu.usbserial-58870137921,"RX,4045196,R35,TXK,N151,137,275763,C,1,0.81,0.78,5,U,-68,10.00"
RX,4045803,R35,TXC,N31,67,276381,G,1,0.93,0.9,5.0,U,-78.0,10.0,True,,2026-07-11T14:56:30.336+00:00,/dev/cu.usbserial-58870137921,"RX,4045803,R35,TXC,N31,67,276381,G,1,0.93,0.90,5,U,-78,10.00"
RX,4046050,R35,TXA,N01,274,276626,C,1,0.81,0.78,5.0,F,-81.0,9.25,True,,2026-07-11T14:56:30.583+00:00,/dev/cu.usbserial-58870137921,"RX,4046050,R35,TXA,N01,274,276626,C,1,0.81,0.78,5,F,-81,9.25"
RX,4046318,R35,TXB,N16,136,276893,A,0,0.75,0.72,5.0,U,-81.0,10.0,True,,2026-07-11T14:56:30.851+00:00,/dev/cu.usbserial-58870137921,"RX,4046318,R35,TXB,N16,136,276893,A,0,0.75,0.72,5,U,-81,10.00"
RX,4046801,R35,TXE,N61,134,277382,E,1,0.87,0.84,5.0,U,-76.0,9.5,True,,2026-07-11T14:56:31.334+00:00,/dev/cu.usbserial-58870137921,"RX,4046801,R35,TXE,N61,134,277382,E,1,0.87,0.84,5,U,-76,9.50"
RX,4046908,R35,TXI,N121,67,277481,G,1,0.93,0.9,5.0,U,-73.0,9.75,True,,2026-07-11T14:56:31.441+00:00,/dev/cu.usbserial-58870137921,"RX,4046908,R35,TXI,N121,67,277481,G,1,0.93,0.90,5,U,-73,9.75"
RX,4047050,R35,TXA,N01,275,277626,D,0,0.24,0.22,5.0,F,-80.0,9.25,True,,2026-07-11T14:56:31.583+00:00,/dev/cu.usbserial-58870137921,"RX,4047050,R35,TXA,N01,275,277626,D,0,0.24,0.22,5,F,-80,9.25"
RX,4047196,R35,TXK,N151,138,277763,E,1,0.87,0.84,5.0,U,-68.0,9.75,True,,2026-07-11T14:56:31.728+00:00,/dev/cu.usbserial-58870137921,"RX,4047196,R35,TXK,N151,138,277763,E,1,0.87,0.84,5,U,-68,9.75"
RX,4048050,R35,TXA,N01,276,278626,E,1,0.87,0.84,5.0,F,-80.0,9.25,True,,2026-07-11T14:56:32.583+00:00,/dev/cu.usbserial-58870137921,"RX,4048050,R35,TXA,N01,276,278626,E,1,0.87,0.84,5,F,-80,9.25"
RX,4048318,R35,TXB,N16,137,278893,C,1,0.81,0.78,5.0,U,-81.0,9.5,True,,2026-07-11T14:56:32.851+00:00,/dev/cu.usbserial-58870137921,"RX,4048318,R35,TXB,N16,137,278893,C,1,0.81,0.78,5,U,-81,9.50"
RX,4048801,R35,TXE,N61,135,279382,G,1,0.93,0.9,5.0,U,-76.0,9.75,True,,2026-07-11T14:56:33.334+00:00,/dev/cu.usbserial-58870137921,"RX,4048801,R35,TXE,N61,135,279382,G,1,0.93,0.90,5,U,-76,9.75"
RX,4049050,R35,TXA,N01,277,279626,F,1,0.28,0.26,5.0,F,-80.0,9.5,True,,2026-07-11T14:56:33.583+00:00,/dev/cu.usbserial-58870137921,"RX,4049050,R35,TXA,N01,277,279626,F,1,0.28,0.26,5,F,-80,9.50"
RX,4049343,R35,TXL,N166,18,279916,G,0,0.93,0.9,5.0,U,-81.0,9.75,True,,2026-07-11T14:56:33.876+00:00,/dev/cu.usbserial-58870137921,"RX,4049343,R35,TXL,N166,18,279916,G,0,0.93,0.90,5,U,-81,9.75"
RX,4049549,R35,TXF,N76,68,280131,E,1,0.87,0.84,5.0,U,-74.0,9.75,True,,2026-07-11T14:56:34.082+00:00,/dev/cu.usbserial-58870137921,"RX,4049549,R35,TXF,N76,68,280131,E,1,0.87,0.84,5,U,-74,9.75"
RX,4049853,R35,TXD,N46,34,280430,G,0,0.93,0.9,5.0,U,-71.0,10.25,True,,2026-07-11T14:56:34.386+00:00,/dev/cu.usbserial-58870137921,"RX,4049853,R35,TXD,N46,34,280430,G,0,0.93,0.90,5,U,-71,10.25"
RX,4050050,R35,TXA,N01,278,280626,G,0,0.93,0.9,5.0,F,-80.0,9.25,True,,2026-07-11T14:56:34.583+00:00,/dev/cu.usbserial-58870137921,"RX,4050050,R35,TXA,N01,278,280626,G,0,0.93,0.90,5,F,-80,9.25"
RX,4050318,R35,TXB,N16,138,280893,E,1,0.87,0.84,5.0,U,-81.0,9.25,True,,2026-07-11T14:56:34.851+00:00,/dev/cu.usbserial-58870137921,"RX,4050318,R35,TXB,N16,138,280893,E,1,0.87,0.84,5,U,-81,9.25"
RX,4050499,R35,TXG,N91,33,281080,G,1,0.93,0.9,5.0,U,-81.0,9.75,True,,2026-07-11T14:56:35.031+00:00,/dev/cu.usbserial-58870137921,"RX,4050499,R35,TXG,N91,33,281080,G,1,0.93,0.90,5,U,-81,9.75"
RX,4050801,R35,TXE,N61,136,281382,A,0,0.75,0.72,5.0,U,-76.0,9.5,True,,2026-07-11T14:56:35.334+00:00,/dev/cu.usbserial-58870137921,"RX,4050801,R35,TXE,N61,136,281382,A,0,0.75,0.72,5,U,-76,9.50"
RX,4051050,R35,TXA,N01,279,281626,H,1,0.32,0.3,5.0,F,-80.0,9.5,True,,2026-07-11T14:56:35.583+00:00,/dev/cu.usbserial-58870137921,"RX,4051050,R35,TXA,N01,279,281626,H,1,0.32,0.30,5,F,-80,9.50"
RX,4051196,R35,TXK,N151,140,281763,A,1,0.75,0.72,5.0,U,-68.0,9.75,True,,2026-07-11T14:56:35.728+00:00,/dev/cu.usbserial-58870137921,"RX,4051196,R35,TXK,N151,140,281763,A,1,0.75,0.72,5,U,-68,9.75"
RX,4051549,R35,TXF,N76,69,282131,G,0,0.93,0.9,5.0,U,-74.0,9.75,True,,2026-07-11T14:56:36.082+00:00,/dev/cu.usbserial-58870137921,"RX,4051549,R35,TXF,N76,69,282131,G,0,0.93,0.90,5,U,-74,9.75"
RX,4051708,R35,TXJ,N136,33,282280,G,1,0.93,0.9,5.0,U,-76.0,10.0,True,,2026-07-11T14:56:36.240+00:00,/dev/cu.usbserial-58870137921,"RX,4051708,R35,TXJ,N136,33,282280,G,1,0.93,0.90,5,U,-76,10.00"
RX,4051803,R35,TXC,N31,68,282381,E,1,0.87,0.84,5.0,U,-79.0,10.0,True,,2026-07-11T14:56:36.336+00:00,/dev/cu.usbserial-58870137921,"RX,4051803,R35,TXC,N31,68,282381,E,1,0.87,0.84,5,U,-79,10.00"
RX,4052050,R35,TXA,N01,280,282626,A,1,0.75,0.72,5.0,F,-80.0,10.0,True,,2026-07-11T14:56:36.583+00:00,/dev/cu.usbserial-58870137921,"RX,4052050,R35,TXA,N01,280,282626,A,1,0.75,0.72,5,F,-80,10.00"
RX,4052318,R35,TXB,N16,139,282893,G,0,0.93,0.9,5.0,U,-81.0,9.75,True,,2026-07-11T14:56:36.851+00:00,/dev/cu.usbserial-58870137921,"RX,4052318,R35,TXB,N16,139,282893,G,0,0.93,0.90,5,U,-81,9.75"
RX,4052801,R35,TXE,N61,137,283382,C,1,0.81,0.78,5.0,U,-76.0,9.75,True,,2026-07-11T14:56:37.334+00:00,/dev/cu.usbserial-58870137921,"RX,4052801,R35,TXE,N61,137,283382,C,1,0.81,0.78,5,U,-76,9.75"
RX,4052909,R35,TXI,N121,68,283481,E,1,0.87,0.84,5.0,U,-73.0,9.5,True,,2026-07-11T14:56:37.441+00:00,/dev/cu.usbserial-58870137921,"RX,4052909,R35,TXI,N121,68,283481,E,1,0.87,0.84,5,U,-73,9.50"
RX,4053050,R35,TXA,N01,281,283626,B,0,0.2,0.18,5.0,F,-79.0,9.5,True,,2026-07-11T14:56:37.583+00:00,/dev/cu.usbserial-58870137921,"RX,4053050,R35,TXA,N01,281,283626,B,0,0.20,0.18,5,F,-79,9.50"
RX,4053196,R35,TXK,N151,141,283763,C,1,0.81,0.78,5.0,U,-68.0,10.25,True,,2026-07-11T14:56:37.728+00:00,/dev/cu.usbserial-58870137921,"RX,4053196,R35,TXK,N151,141,283763,C,1,0.81,0.78,5,U,-68,10.25"
RX,4053803,R35,TXC,N31,69,284381,G,0,0.93,0.9,5.0,U,-80.0,11.0,True,,2026-07-11T14:56:38.336+00:00,/dev/cu.usbserial-58870137921,"RX,4053803,R35,TXC,N31,69,284381,G,0,0.93,0.90,5,U,-80,11.00"
RX,4054050,R35,TXA,N01,282,284626,C,1,0.81,0.78,5.0,F,-80.0,9.5,True,,2026-07-11T14:56:38.583+00:00,/dev/cu.usbserial-58870137921,"RX,4054050,R35,TXA,N01,282,284626,C,1,0.81,0.78,5,F,-80,9.50"
RX,4054318,R35,TXB,N16,140,284893,A,1,0.75,0.72,5.0,U,-81.0,10.0,True,,2026-07-11T14:56:38.851+00:00,/dev/cu.usbserial-58870137921,"RX,4054318,R35,TXB,N16,140,284893,A,1,0.75,0.72,5,U,-81,10.00"
RX,4054801,R35,TXE,N61,138,285382,E,1,0.87,0.84,5.0,U,-76.0,10.0,True,,2026-07-11T14:56:39.334+00:00,/dev/cu.usbserial-58870137921,"RX,4054801,R35,TXE,N61,138,285382,E,1,0.87,0.84,5,U,-76,10.00"
RX,4054909,R35,TXI,N121,69,285481,G,0,0.93,0.9,5.0,U,-73.0,10.0,True,,2026-07-11T14:56:39.441+00:00,/dev/cu.usbserial-58870137921,"RX,4054909,R35,TXI,N121,69,285481,G,0,0.93,0.90,5,U,-73,10.00"
RX,4055050,R35,TXA,N01,283,285626,D,1,0.24,0.22,5.0,F,-79.0,9.25,True,,2026-07-11T14:56:39.583+00:00,/dev/cu.usbserial-58870137921,"RX,4055050,R35,TXA,N01,283,285626,D,1,0.24,0.22,5,F,-79,9.25"
RX,4055196,R35,TXK,N151,142,285763,E,0,0.87,0.84,5.0,U,-67.0,10.25,True,,2026-07-11T14:56:39.728+00:00,/dev/cu.usbserial-58870137921,"RX,4055196,R35,TXK,N151,142,285763,E,0,0.87,0.84,5,U,-67,10.25"
RX,4056050,R35,TXA,N01,284,286626,E,0,0.87,0.84,5.0,F,-79.0,9.25,True,,2026-07-11T14:56:40.583+00:00,/dev/cu.usbserial-58870137921,"RX,4056050,R35,TXA,N01,284,286626,E,0,0.87,0.84,5,F,-79,9.25"
RX,4056318,R35,TXB,N16,141,286893,C,1,0.81,0.78,5.0,U,-80.0,9.5,True,,2026-07-11T14:56:40.851+00:00,/dev/cu.usbserial-58870137921,"RX,4056318,R35,TXB,N16,141,286893,C,1,0.81,0.78,5,U,-80,9.50"
RX,4056801,R35,TXE,N61,139,287382,G,0,0.93,0.9,5.0,U,-76.0,9.75,True,,2026-07-11T14:56:41.334+00:00,/dev/cu.usbserial-58870137921,"RX,4056801,R35,TXE,N61,139,287382,G,0,0.93,0.90,5,U,-76,9.75"
RX,4057050,R35,TXA,N01,285,287626,F,1,0.28,0.26,5.0,F,-79.0,10.0,True,,2026-07-11T14:56:41.583+00:00,/dev/cu.usbserial-58870137921,"RX,4057050,R35,TXA,N01,285,287626,F,1,0.28,0.26,5,F,-79,10.00"
RX,4057343,R35,TXL,N166,19,287916,G,1,0.93,0.9,5.0,U,-81.0,10.0,True,,2026-07-11T14:56:41.875+00:00,/dev/cu.usbserial-58870137921,"RX,4057343,R35,TXL,N166,19,287916,G,1,0.93,0.90,5,U,-81,10.00"
RX,4057549,R35,TXF,N76,70,288131,E,0,0.87,0.84,5.0,U,-74.0,9.5,True,,2026-07-11T14:56:42.082+00:00,/dev/cu.usbserial-58870137921,"RX,4057549,R35,TXF,N76,70,288131,E,0,0.87,0.84,5,U,-74,9.50"
RX,4057853,R35,TXD,N46,35,288430,G,1,0.93,0.9,5.0,U,-71.0,10.0,True,,2026-07-11T14:56:42.386+00:00,/dev/cu.usbserial-58870137921,"RX,4057853,R35,TXD,N46,35,288430,G,1,0.93,0.90,5,U,-71,10.00"
RX,4058050,R35,TXA,N01,286,288626,G,1,0.93,0.9,5.0,F,-79.0,9.5,True,,2026-07-11T14:56:42.583+00:00,/dev/cu.usbserial-58870137921,"RX,4058050,R35,TXA,N01,286,288626,G,1,0.93,0.90,5,F,-79,9.50"
RX,4058318,R35,TXB,N16,142,288893,E,0,0.87,0.84,5.0,U,-80.0,9.75,True,,2026-07-11T14:56:42.851+00:00,/dev/cu.usbserial-58870137921,"RX,4058318,R35,TXB,N16,142,288893,E,0,0.87,0.84,5,U,-80,9.75"
RX,4058499,R35,TXG,N91,34,289080,G,0,0.93,0.9,5.0,U,-81.0,9.5,True,,2026-07-11T14:56:43.031+00:00,/dev/cu.usbserial-58870137921,"RX,4058499,R35,TXG,N91,34,289080,G,0,0.93,0.90,5,U,-81,9.50"
RX,4058801,R35,TXE,N61,140,289382,A,1,0.75,0.72,5.0,U,-76.0,10.0,True,,2026-07-11T14:56:43.334+00:00,/dev/cu.usbserial-58870137921,"RX,4058801,R35,TXE,N61,140,289382,A,1,0.75,0.72,5,U,-76,10.00"
RX,4059050,R35,TXA,N01,287,289626,H,0,0.32,0.3,5.0,F,-79.0,10.0,True,,2026-07-11T14:56:43.583+00:00,/dev/cu.usbserial-58870137921,"RX,4059050,R35,TXA,N01,287,289626,H,0,0.32,0.30,5,F,-79,10.00"
RX,4059196,R35,TXK,N151,144,289763,A,1,0.75,0.72,5.0,U,-68.0,9.5,True,,2026-07-11T14:56:43.728+00:00,/dev/cu.usbserial-58870137921,"RX,4059196,R35,TXK,N151,144,289763,A,1,0.75,0.72,5,U,-68,9.50"
RX,4059549,R35,TXF,N76,71,290131,G,1,0.93,0.9,5.0,U,-75.0,9.5,True,,2026-07-11T14:56:44.082+00:00,/dev/cu.usbserial-58870137921,"RX,4059549,R35,TXF,N76,71,290131,G,1,0.93,0.90,5,U,-75,9.50"
RX,4059708,R35,TXJ,N136,34,290280,G,0,0.93,0.9,5.0,U,-75.0,10.0,True,,2026-07-11T14:56:44.241+00:00,/dev/cu.usbserial-58870137921,"RX,4059708,R35,TXJ,N136,34,290280,G,0,0.93,0.90,5,U,-75,10.00"
RX,4059803,R35,TXC,N31,70,290381,E,0,0.87,0.84,5.0,U,-80.0,9.75,True,,2026-07-11T14:56:44.336+00:00,/dev/cu.usbserial-58870137921,"RX,4059803,R35,TXC,N31,70,290381,E,0,0.87,0.84,5,U,-80,9.75"
RX,4060050,R35,TXA,N01,288,290626,A,1,0.75,0.72,5.0,F,-79.0,10.0,True,,2026-07-11T14:56:44.583+00:00,/dev/cu.usbserial-58870137921,"RX,4060050,R35,TXA,N01,288,290626,A,1,0.75,0.72,5,F,-79,10.00"
RX,4060318,R35,TXB,N16,143,290893,G,1,0.93,0.9,5.0,U,-80.0,9.75,True,,2026-07-11T14:56:44.851+00:00,/dev/cu.usbserial-58870137921,"RX,4060318,R35,TXB,N16,143,290893,G,1,0.93,0.90,5,U,-80,9.75"
RX,4060801,R35,TXE,N61,141,291382,C,1,0.81,0.78,5.0,U,-76.0,9.5,True,,2026-07-11T14:56:45.334+00:00,/dev/cu.usbserial-58870137921,"RX,4060801,R35,TXE,N61,141,291382,C,1,0.81,0.78,5,U,-76,9.50"
RX,4060908,R35,TXI,N121,70,291481,E,0,0.87,0.84,5.0,U,-73.0,9.75,True,,2026-07-11T14:56:45.441+00:00,/dev/cu.usbserial-58870137921,"RX,4060908,R35,TXI,N121,70,291481,E,0,0.87,0.84,5,U,-73,9.75"
RX,4061050,R35,TXA,N01,289,291626,B,1,0.2,0.18,5.0,F,-79.0,9.25,True,,2026-07-11T14:56:45.583+00:00,/dev/cu.usbserial-58870137921,"RX,4061050,R35,TXA,N01,289,291626,B,1,0.20,0.18,5,F,-79,9.25"
RX,4061196,R35,TXK,N151,145,291763,C,0,0.81,0.78,5.0,U,-68.0,9.75,True,,2026-07-11T14:56:45.728+00:00,/dev/cu.usbserial-58870137921,"RX,4061196,R35,TXK,N151,145,291763,C,0,0.81,0.78,5,U,-68,9.75"
RX,4061803,R35,TXC,N31,71,292381,G,1,0.93,0.9,5.0,U,-79.0,9.5,True,,2026-07-11T14:56:46.335+00:00,/dev/cu.usbserial-58870137921,"RX,4061803,R35,TXC,N31,71,292381,G,1,0.93,0.90,5,U,-79,9.50"
RX,4062050,R35,TXA,N01,290,292626,C,0,0.81,0.78,5.0,F,-79.0,9.75,True,,2026-07-11T14:56:46.583+00:00,/dev/cu.usbserial-58870137921,"RX,4062050,R35,TXA,N01,290,292626,C,0,0.81,0.78,5,F,-79,9.75"
RX,4062318,R35,TXB,N16,144,292893,A,1,0.75,0.72,5.0,U,-81.0,10.0,True,,2026-07-11T14:56:46.851+00:00,/dev/cu.usbserial-58870137921,"RX,4062318,R35,TXB,N16,144,292893,A,1,0.75,0.72,5,U,-81,10.00"
RX,4062801,R35,TXE,N61,142,293382,E,0,0.87,0.84,5.0,U,-76.0,9.25,True,,2026-07-11T14:56:47.334+00:00,/dev/cu.usbserial-58870137921,"RX,4062801,R35,TXE,N61,142,293382,E,0,0.87,0.84,5,U,-76,9.25"
RX,4062908,R35,TXI,N121,71,293481,G,1,0.93,0.9,5.0,U,-74.0,10.0,True,,2026-07-11T14:56:47.441+00:00,/dev/cu.usbserial-58870137921,"RX,4062908,R35,TXI,N121,71,293481,G,1,0.93,0.90,5,U,-74,10.00"
RX,4063050,R35,TXA,N01,291,293626,D,1,0.24,0.22,5.0,F,-80.0,9.5,True,,2026-07-11T14:56:47.583+00:00,/dev/cu.usbserial-58870137921,"RX,4063050,R35,TXA,N01,291,293626,D,1,0.24,0.22,5,F,-80,9.50"
RX,4063196,R35,TXK,N151,146,293763,E,1,0.87,0.84,5.0,U,-67.0,9.75,True,,2026-07-11T14:56:47.728+00:00,/dev/cu.usbserial-58870137921,"RX,4063196,R35,TXK,N151,146,293763,E,1,0.87,0.84,5,U,-67,9.75"
RX,4064050,R35,TXA,N01,292,294626,E,1,0.87,0.84,5.0,F,-80.0,9.5,True,,2026-07-11T14:56:48.583+00:00,/dev/cu.usbserial-58870137921,"RX,4064050,R35,TXA,N01,292,294626,E,1,0.87,0.84,5,F,-80,9.50"
RX,4064318,R35,TXB,N16,145,294893,C,0,0.81,0.78,5.0,U,-81.0,9.75,True,,2026-07-11T14:56:48.852+00:00,/dev/cu.usbserial-58870137921,"RX,4064318,R35,TXB,N16,145,294893,C,0,0.81,0.78,5,U,-81,9.75"
RX,4064801,R35,TXE,N61,143,295382,G,1,0.93,0.9,5.0,U,-76.0,9.5,True,,2026-07-11T14:56:49.334+00:00,/dev/cu.usbserial-58870137921,"RX,4064801,R35,TXE,N61,143,295382,G,1,0.93,0.90,5,U,-76,9.50"
RX,4065050,R35,TXA,N01,293,295626,F,0,0.28,0.26,5.0,F,-80.0,9.5,True,,2026-07-11T14:56:49.583+00:00,/dev/cu.usbserial-58870137921,"RX,4065050,R35,TXA,N01,293,295626,F,0,0.28,0.26,5,F,-80,9.50"
RX,4065196,R35,TXK,N151,147,295763,G,1,0.93,0.9,5.0,U,-67.0,10.25,True,,2026-07-11T14:56:49.728+00:00,/dev/cu.usbserial-58870137921,"RX,4065196,R35,TXK,N151,147,295763,G,1,0.93,0.90,5,U,-67,10.25"
RX,4065549,R35,TXF,N76,72,296131,E,1,0.87,0.84,5.0,U,-75.0,9.25,True,,2026-07-11T14:56:50.082+00:00,/dev/cu.usbserial-58870137921,"RX,4065549,R35,TXF,N76,72,296131,E,1,0.87,0.84,5,U,-75,9.25"
RX,4065853,R35,TXD,N46,36,296430,G,1,0.93,0.9,5.0,U,-71.0,9.75,True,,2026-07-11T14:56:50.387+00:00,/dev/cu.usbserial-58870137921,"RX,4065853,R35,TXD,N46,36,296430,G,1,0.93,0.90,5,U,-71,9.75"
RX,4066050,R35,TXA,N01,294,296626,G,1,0.93,0.9,5.0,F,-80.0,9.5,True,,2026-07-11T14:56:50.583+00:00,/dev/cu.usbserial-58870137921,"RX,4066050,R35,TXA,N01,294,296626,G,1,0.93,0.90,5,F,-80,9.50"
RX,4066318,R35,TXB,N16,146,296893,E,1,0.87,0.84,5.0,U,-81.0,9.5,True,,2026-07-11T14:56:50.852+00:00,/dev/cu.usbserial-58870137921,"RX,4066318,R35,TXB,N16,146,296893,E,1,0.87,0.84,5,U,-81,9.50"
RX,4066499,R35,TXG,N91,35,297080,G,1,0.93,0.9,5.0,U,-82.0,9.75,True,,2026-07-11T14:56:51.031+00:00,/dev/cu.usbserial-58870137921,"RX,4066499,R35,TXG,N91,35,297080,G,1,0.93,0.90,5,U,-82,9.75"
RX,4066801,R35,TXE,N61,144,297382,A,1,0.75,0.72,5.0,U,-76.0,9.75,True,,2026-07-11T14:56:51.334+00:00,/dev/cu.usbserial-58870137921,"RX,4066801,R35,TXE,N61,144,297382,A,1,0.75,0.72,5,U,-76,9.75"
RX,4067050,R35,TXA,N01,295,297626,H,1,0.32,0.3,5.0,F,-79.0,9.5,True,,2026-07-11T14:56:51.583+00:00,/dev/cu.usbserial-58870137921,"RX,4067050,R35,TXA,N01,295,297626,H,1,0.32,0.30,5,F,-79,9.50"
RX,4067196,R35,TXK,N151,148,297763,A,0,0.75,0.72,5.0,U,-68.0,10.0,True,,2026-07-11T14:56:51.728+00:00,/dev/cu.usbserial-58870137921,"RX,4067196,R35,TXK,N151,148,297763,A,0,0.75,0.72,5,U,-68,10.00"
RX,4067549,R35,TXF,N76,73,298131,G,1,0.93,0.9,5.0,U,-74.0,9.5,True,,2026-07-11T14:56:52.082+00:00,/dev/cu.usbserial-58870137921,"RX,4067549,R35,TXF,N76,73,298131,G,1,0.93,0.90,5,U,-74,9.50"
RX,4067708,R35,TXJ,N136,35,298280,G,1,0.93,0.9,5.0,U,-76.0,9.75,True,,2026-07-11T14:56:52.240+00:00,/dev/cu.usbserial-58870137921,"RX,4067708,R35,TXJ,N136,35,298280,G,1,0.93,0.90,5,U,-76,9.75"
RX,4067803,R35,TXC,N31,72,298381,E,1,0.87,0.84,5.0,U,-78.0,9.75,True,,2026-07-11T14:56:52.336+00:00,/dev/cu.usbserial-58870137921,"RX,4067803,R35,TXC,N31,72,298381,E,1,0.87,0.84,5,U,-78,9.75"
RX,4068050,R35,TXA,N01,296,298626,A,0,0.75,0.72,5.0,F,-79.0,9.5,True,,2026-07-11T14:56:52.583+00:00,/dev/cu.usbserial-58870137921,"RX,4068050,R35,TXA,N01,296,298626,A,0,0.75,0.72,5,F,-79,9.50"
RX,4068318,R35,TXB,N16,147,298893,G,1,0.93,0.9,5.0,U,-80.0,10.0,True,,2026-07-11T14:56:52.851+00:00,/dev/cu.usbserial-58870137921,"RX,4068318,R35,TXB,N16,147,298893,G,1,0.93,0.90,5,U,-80,10.00"
RX,4068801,R35,TXE,N61,145,299382,C,0,0.81,0.78,5.0,U,-76.0,9.25,True,,2026-07-11T14:56:53.334+00:00,/dev/cu.usbserial-58870137921,"RX,4068801,R35,TXE,N61,145,299382,C,0,0.81,0.78,5,U,-76,9.25"
RX,4068908,R35,TXI,N121,72,299481,E,1,0.87,0.84,5.0,U,-73.0,10.25,True,,2026-07-11T14:56:53.441+00:00,/dev/cu.usbserial-58870137921,"RX,4068908,R35,TXI,N121,72,299481,E,1,0.87,0.84,5,U,-73,10.25"
RX,4069050,R35,TXA,N01,297,299626,B,1,0.2,0.18,5.0,F,-79.0,9.5,True,,2026-07-11T14:56:53.583+00:00,/dev/cu.usbserial-58870137921,"RX,4069050,R35,TXA,N01,297,299626,B,1,0.20,0.18,5,F,-79,9.50"
RX,4069196,R35,TXK,N151,149,299763,C,1,0.81,0.78,5.0,U,-68.0,10.0,True,,2026-07-11T14:56:53.728+00:00,/dev/cu.usbserial-58870137921,"RX,4069196,R35,TXK,N151,149,299763,C,1,0.81,0.78,5,U,-68,10.00"
RX,4069803,R35,TXC,N31,73,300381,G,1,0.93,0.9,5.0,U,-79.0,10.0,True,,2026-07-11T14:56:54.336+00:00,/dev/cu.usbserial-58870137921,"RX,4069803,R35,TXC,N31,73,300381,G,1,0.93,0.90,5,U,-79,10.00"
RX,4070050,R35,TXA,N01,298,300626,C,1,0.81,0.78,5.0,F,-79.0,9.5,True,,2026-07-11T14:56:54.583+00:00,/dev/cu.usbserial-58870137921,"RX,4070050,R35,TXA,N01,298,300626,C,1,0.81,0.78,5,F,-79,9.50"
RX,4070318,R35,TXB,N16,148,300893,A,0,0.75,0.72,5.0,U,-81.0,9.75,True,,2026-07-11T14:56:54.851+00:00,/dev/cu.usbserial-58870137921,"RX,4070318,R35,TXB,N16,148,300893,A,0,0.75,0.72,5,U,-81,9.75"
RX,4070801,R35,TXE,N61,146,301382,E,1,0.87,0.84,5.0,U,-76.0,9.75,True,,2026-07-11T14:56:55.334+00:00,/dev/cu.usbserial-58870137921,"RX,4070801,R35,TXE,N61,146,301382,E,1,0.87,0.84,5,U,-76,9.75"
RX,4070908,R35,TXI,N121,73,301481,G,1,0.93,0.9,5.0,U,-73.0,9.5,True,,2026-07-11T14:56:55.441+00:00,/dev/cu.usbserial-58870137921,"RX,4070908,R35,TXI,N121,73,301481,G,1,0.93,0.90,5,U,-73,9.50"
RX,4071050,R35,TXA,N01,299,301626,D,0,0.24,0.22,5.0,F,-79.0,9.25,True,,2026-07-11T14:56:55.583+00:00,/dev/cu.usbserial-58870137921,"RX,4071050,R35,TXA,N01,299,301626,D,0,0.24,0.22,5,F,-79,9.25"
RX,4071196,R35,TXK,N151,150,301763,E,1,0.87,0.84,5.0,U,-67.0,9.75,True,,2026-07-11T14:56:55.728+00:00,/dev/cu.usbserial-58870137921,"RX,4071196,R35,TXK,N151,150,301763,E,1,0.87,0.84,5,U,-67,9.75"
RX,4072050,R35,TXA,N01,300,302626,E,1,0.87,0.84,5.0,F,-79.0,9.75,True,,2026-07-11T14:56:56.583+00:00,/dev/cu.usbserial-58870137921,"RX,4072050,R35,TXA,N01,300,302626,E,1,0.87,0.84,5,F,-79,9.75"
RX,4072318,R35,TXB,N16,149,302893,C,1,0.81,0.78,5.0,U,-80.0,9.5,True,,2026-07-11T14:56:56.851+00:00,/dev/cu.usbserial-58870137921,"RX,4072318,R35,TXB,N16,149,302893,C,1,0.81,0.78,5,U,-80,9.50"
RX,4072801,R35,TXE,N61,147,303382,G,1,0.93,0.9,5.0,U,-76.0,9.75,True,,2026-07-11T14:56:57.334+00:00,/dev/cu.usbserial-58870137921,"RX,4072801,R35,TXE,N61,147,303382,G,1,0.93,0.90,5,U,-76,9.75"
RX,4073050,R35,TXA,N01,301,303626,F,1,0.28,0.26,5.0,F,-78.0,9.75,True,,2026-07-11T14:56:57.583+00:00,/dev/cu.usbserial-58870137921,"RX,4073050,R35,TXA,N01,301,303626,F,1,0.28,0.26,5,F,-78,9.75"
RX,4073196,R35,TXK,N151,151,303763,G,0,0.93,0.9,5.0,U,-68.0,10.0,True,,2026-07-11T14:56:57.728+00:00,/dev/cu.usbserial-58870137921,"RX,4073196,R35,TXK,N151,151,303763,G,0,0.93,0.90,5,U,-68,10.00"
RX,4073549,R35,TXF,N76,74,304131,E,1,0.87,0.84,5.0,U,-74.0,9.0,True,,2026-07-11T14:56:58.082+00:00,/dev/cu.usbserial-58870137921,"RX,4073549,R35,TXF,N76,74,304131,E,1,0.87,0.84,5,U,-74,9.00"
RX,4073853,R35,TXD,N46,37,304430,G,0,0.93,0.9,5.0,U,-71.0,9.75,True,,2026-07-11T14:56:58.386+00:00,/dev/cu.usbserial-58870137921,"RX,4073853,R35,TXD,N46,37,304430,G,0,0.93,0.90,5,U,-71,9.75"
RX,4074050,R35,TXA,N01,302,304626,G,0,0.93,0.9,5.0,F,-79.0,10.25,True,,2026-07-11T14:56:58.583+00:00,/dev/cu.usbserial-58870137921,"RX,4074050,R35,TXA,N01,302,304626,G,0,0.93,0.90,5,F,-79,10.25"
RX,4074318,R35,TXB,N16,150,304893,E,1,0.87,0.84,5.0,U,-81.0,9.75,True,,2026-07-11T14:56:58.852+00:00,/dev/cu.usbserial-58870137921,"RX,4074318,R35,TXB,N16,150,304893,E,1,0.87,0.84,5,U,-81,9.75"
RX,4074499,R35,TXG,N91,36,305080,G,1,0.93,0.9,5.0,U,-81.0,9.25,True,,2026-07-11T14:56:59.031+00:00,/dev/cu.usbserial-58870137921,"RX,4074499,R35,TXG,N91,36,305080,G,1,0.93,0.90,5,U,-81,9.25"
RX,4074801,R35,TXE,N61,148,305382,A,0,0.75,0.72,5.0,U,-76.0,9.5,True,,2026-07-11T14:56:59.334+00:00,/dev/cu.usbserial-58870137921,"RX,4074801,R35,TXE,N61,148,305382,A,0,0.75,0.72,5,U,-76,9.50"
RX,4075050,R35,TXA,N01,303,305626,H,1,0.32,0.3,5.0,F,-79.0,9.25,True,,2026-07-11T14:56:59.583+00:00,/dev/cu.usbserial-58870137921,"RX,4075050,R35,TXA,N01,303,305626,H,1,0.32,0.30,5,F,-79,9.25"
RX,4075196,R35,TXK,N151,152,305763,A,1,0.75,0.72,5.0,U,-68.0,10.0,True,,2026-07-11T14:56:59.728+00:00,/dev/cu.usbserial-58870137921,"RX,4075196,R35,TXK,N151,152,305763,A,1,0.75,0.72,5,U,-68,10.00"
RX,4075549,R35,TXF,N76,75,306131,G,0,0.93,0.9,5.0,U,-74.0,9.25,True,,2026-07-11T14:57:00.082+00:00,/dev/cu.usbserial-58870137921,"RX,4075549,R35,TXF,N76,75,306131,G,0,0.93,0.90,5,U,-74,9.25"
RX,4075708,R35,TXJ,N136,36,306280,G,1,0.93,0.9,5.0,U,-76.0,9.5,True,,2026-07-11T14:57:00.241+00:00,/dev/cu.usbserial-58870137921,"RX,4075708,R35,TXJ,N136,36,306280,G,1,0.93,0.90,5,U,-76,9.50"
RX,4075803,R35,TXC,N31,74,306381,E,1,0.87,0.84,5.0,U,-79.0,9.75,True,,2026-07-11T14:57:00.335+00:00,/dev/cu.usbserial-58870137921,"RX,4075803,R35,TXC,N31,74,306381,E,1,0.87,0.84,5,U,-79,9.75"
RX,4076050,R35,TXA,N01,304,306626,A,1,0.75,0.72,5.0,F,-79.0,10.0,True,,2026-07-11T14:57:00.583+00:00,/dev/cu.usbserial-58870137921,"RX,4076050,R35,TXA,N01,304,306626,A,1,0.75,0.72,5,F,-79,10.00"
RX,4076318,R35,TXB,N16,151,306893,G,0,0.93,0.9,5.0,U,-81.0,10.25,True,,2026-07-11T14:57:00.852+00:00,/dev/cu.usbserial-58870137921,"RX,4076318,R35,TXB,N16,151,306893,G,0,0.93,0.90,5,U,-81,10.25"
RX,4076801,R35,TXE,N61,149,307382,C,1,0.81,0.78,5.0,U,-77.0,9.75,True,,2026-07-11T14:57:01.334+00:00,/dev/cu.usbserial-58870137921,"RX,4076801,R35,TXE,N61,149,307382,C,1,0.81,0.78,5,U,-77,9.75"
RX,4076908,R35,TXI,N121,74,307481,E,1,0.87,0.84,5.0,U,-73.0,9.75,True,,2026-07-11T14:57:01.441+00:00,/dev/cu.usbserial-58870137921,"RX,4076908,R35,TXI,N121,74,307481,E,1,0.87,0.84,5,U,-73,9.75"
RX,4077050,R35,TXA,N01,305,307626,B,0,0.2,0.18,5.0,F,-79.0,9.5,True,,2026-07-11T14:57:01.583+00:00,/dev/cu.usbserial-58870137921,"RX,4077050,R35,TXA,N01,305,307626,B,0,0.20,0.18,5,F,-79,9.50"
RX,4077196,R35,TXK,N151,153,307763,C,1,0.81,0.78,5.0,U,-67.0,10.5,True,,2026-07-11T14:57:01.728+00:00,/dev/cu.usbserial-58870137921,"RX,4077196,R35,TXK,N151,153,307763,C,1,0.81,0.78,5,U,-67,10.50"
RX,4077803,R35,TXC,N31,75,308381,G,0,0.93,0.9,5.0,U,-79.0,9.75,True,,2026-07-11T14:57:02.336+00:00,/dev/cu.usbserial-58870137921,"RX,4077803,R35,TXC,N31,75,308381,G,0,0.93,0.90,5,U,-79,9.75"
RX,4078050,R35,TXA,N01,306,308626,C,1,0.81,0.78,5.0,F,-79.0,10.5,True,,2026-07-11T14:57:02.583+00:00,/dev/cu.usbserial-58870137921,"RX,4078050,R35,TXA,N01,306,308626,C,1,0.81,0.78,5,F,-79,10.50"
RX,4078318,R35,TXB,N16,152,308893,A,1,0.75,0.72,5.0,U,-81.0,9.75,True,,2026-07-11T14:57:02.851+00:00,/dev/cu.usbserial-58870137921,"RX,4078318,R35,TXB,N16,152,308893,A,1,0.75,0.72,5,U,-81,9.75"
RX,4078801,R35,TXE,N61,150,309382,E,1,0.87,0.84,5.0,U,-76.0,9.5,True,,2026-07-11T14:57:03.334+00:00,/dev/cu.usbserial-58870137921,"RX,4078801,R35,TXE,N61,150,309382,E,1,0.87,0.84,5,U,-76,9.50"
RX,4078908,R35,TXI,N121,75,309481,G,0,0.93,0.9,5.0,U,-73.0,9.75,True,,2026-07-11T14:57:03.441+00:00,/dev/cu.usbserial-58870137921,"RX,4078908,R35,TXI,N121,75,309481,G,0,0.93,0.90,5,U,-73,9.75"
RX,4079050,R35,TXA,N01,307,309626,D,1,0.24,0.22,5.0,F,-79.0,9.25,True,,2026-07-11T14:57:03.583+00:00,/dev/cu.usbserial-58870137921,"RX,4079050,R35,TXA,N01,307,309626,D,1,0.24,0.22,5,F,-79,9.25"
RX,4079196,R35,TXK,N151,154,309763,E,0,0.87,0.84,5.0,U,-68.0,10.0,True,,2026-07-11T14:57:03.728+00:00,/dev/cu.usbserial-58870137921,"RX,4079196,R35,TXK,N151,154,309763,E,0,0.87,0.84,5,U,-68,10.00"
RX,4080050,R35,TXA,N01,308,310626,E,0,0.87,0.84,5.0,F,-79.0,9.75,True,,2026-07-11T14:57:04.583+00:00,/dev/cu.usbserial-58870137921,"RX,4080050,R35,TXA,N01,308,310626,E,0,0.87,0.84,5,F,-79,9.75"
RX,4080318,R35,TXB,N16,153,310893,C,1,0.81,0.78,5.0,U,-81.0,9.25,True,,2026-07-11T14:57:04.851+00:00,/dev/cu.usbserial-58870137921,"RX,4080318,R35,TXB,N16,153,310893,C,1,0.81,0.78,5,U,-81,9.25"
RX,4080801,R35,TXE,N61,151,311382,G,0,0.93,0.9,5.0,U,-76.0,9.5,True,,2026-07-11T14:57:05.334+00:00,/dev/cu.usbserial-58870137921,"RX,4080801,R35,TXE,N61,151,311382,G,0,0.93,0.90,5,U,-76,9.50"
RX,4081050,R35,TXA,N01,309,311626,F,1,0.28,0.26,5.0,F,-80.0,9.5,True,,2026-07-11T14:57:05.583+00:00,/dev/cu.usbserial-58870137921,"RX,4081050,R35,TXA,N01,309,311626,F,1,0.28,0.26,5,F,-80,9.50"
RX,4081196,R35,TXK,N151,155,311763,G,1,0.93,0.9,5.0,U,-68.0,9.5,True,,2026-07-11T14:57:05.728+00:00,/dev/cu.usbserial-58870137921,"RX,4081196,R35,TXK,N151,155,311763,G,1,0.93,0.90,5,U,-68,9.50"
RX,4081549,R35,TXF,N76,76,312131,E,0,0.87,0.84,5.0,U,-74.0,9.0,True,,2026-07-11T14:57:06.081+00:00,/dev/cu.usbserial-58870137921,"RX,4081549,R35,TXF,N76,76,312131,E,0,0.87,0.84,5,U,-74,9.00"
RX,4081853,R35,TXD,N46,38,312430,G,1,0.93,0.9,5.0,U,-71.0,9.5,True,,2026-07-11T14:57:06.386+00:00,/dev/cu.usbserial-58870137921,"RX,4081853,R35,TXD,N46,38,312430,G,1,0.93,0.90,5,U,-71,9.50"
RX,4082050,R35,TXA,N01,310,312626,G,1,0.93,0.9,5.0,F,-79.0,9.75,True,,2026-07-11T14:57:06.583+00:00,/dev/cu.usbserial-58870137921,"RX,4082050,R35,TXA,N01,310,312626,G,1,0.93,0.90,5,F,-79,9.75"
RX,4082318,R35,TXB,N16,154,312893,E,0,0.87,0.84,5.0,U,-81.0,9.5,True,,2026-07-11T14:57:06.851+00:00,/dev/cu.usbserial-58870137921,"RX,4082318,R35,TXB,N16,154,312893,E,0,0.87,0.84,5,U,-81,9.50"
RX,4082499,R35,TXG,N91,37,313080,G,0,0.93,0.9,5.0,U,-81.0,9.5,True,,2026-07-11T14:57:07.031+00:00,/dev/cu.usbserial-58870137921,"RX,4082499,R35,TXG,N91,37,313080,G,0,0.93,0.90,5,U,-81,9.50"
RX,4082801,R35,TXE,N61,152,313382,A,1,0.75,0.72,5.0,U,-75.0,9.5,True,,2026-07-11T14:57:07.334+00:00,/dev/cu.usbserial-58870137921,"RX,4082801,R35,TXE,N61,152,313382,A,1,0.75,0.72,5,U,-75,9.50"
RX,4083050,R35,TXA,N01,311,313626,H,0,0.32,0.3,5.0,F,-79.0,9.5,True,,2026-07-11T14:57:07.583+00:00,/dev/cu.usbserial-58870137921,"RX,4083050,R35,TXA,N01,311,313626,H,0,0.32,0.30,5,F,-79,9.50"
RX,4083196,R35,TXK,N151,156,313763,A,1,0.75,0.72,5.0,U,-68.0,10.25,True,,2026-07-11T14:57:07.728+00:00,/dev/cu.usbserial-58870137921,"RX,4083196,R35,TXK,N151,156,313763,A,1,0.75,0.72,5,U,-68,10.25"
RX,4083549,R35,TXF,N76,77,314131,G,1,0.93,0.9,5.0,U,-74.0,9.5,True,,2026-07-11T14:57:08.083+00:00,/dev/cu.usbserial-58870137921,"RX,4083549,R35,TXF,N76,77,314131,G,1,0.93,0.90,5,U,-74,9.50"
RX,4083708,R35,TXJ,N136,37,314280,G,0,0.93,0.9,5.0,U,-76.0,9.75,True,,2026-07-11T14:57:08.241+00:00,/dev/cu.usbserial-58870137921,"RX,4083708,R35,TXJ,N136,37,314280,G,0,0.93,0.90,5,U,-76,9.75"
RX,4083803,R35,TXC,N31,76,314381,E,0,0.87,0.84,5.0,U,-80.0,9.25,True,,2026-07-11T14:57:08.336+00:00,/dev/cu.usbserial-58870137921,"RX,4083803,R35,TXC,N31,76,314381,E,0,0.87,0.84,5,U,-80,9.25"
RX,4084050,R35,TXA,N01,312,314626,A,1,0.75,0.72,5.0,F,-80.0,9.25,True,,2026-07-11T14:57:08.583+00:00,/dev/cu.usbserial-58870137921,"RX,4084050,R35,TXA,N01,312,314626,A,1,0.75,0.72,5,F,-80,9.25"
RX,4084318,R35,TXB,N16,155,314893,G,1,0.93,0.9,5.0,U,-80.0,10.0,True,,2026-07-11T14:57:08.851+00:00,/dev/cu.usbserial-58870137921,"RX,4084318,R35,TXB,N16,155,314893,G,1,0.93,0.90,5,U,-80,10.00"
RX,4084801,R35,TXE,N61,153,315382,C,1,0.81,0.78,5.0,U,-76.0,9.75,True,,2026-07-11T14:57:09.333+00:00,/dev/cu.usbserial-58870137921,"RX,4084801,R35,TXE,N61,153,315382,C,1,0.81,0.78,5,U,-76,9.75"
RX,4084908,R35,TXI,N121,76,315481,E,0,0.87,0.84,5.0,U,-74.0,9.75,True,,2026-07-11T14:57:09.441+00:00,/dev/cu.usbserial-58870137921,"RX,4084908,R35,TXI,N121,76,315481,E,0,0.87,0.84,5,U,-74,9.75"
RX,4085050,R35,TXA,N01,313,315626,B,1,0.2,0.18,5.0,F,-79.0,10.0,True,,2026-07-11T14:57:09.583+00:00,/dev/cu.usbserial-58870137921,"RX,4085050,R35,TXA,N01,313,315626,B,1,0.20,0.18,5,F,-79,10.00"
RX,4085195,R35,TXK,N151,157,315763,C,0,0.81,0.78,5.0,U,-67.0,9.5,True,,2026-07-11T14:57:09.728+00:00,/dev/cu.usbserial-58870137921,"RX,4085195,R35,TXK,N151,157,315763,C,0,0.81,0.78,5,U,-67,9.50"
RX,4085803,R35,TXC,N31,77,316381,G,1,0.93,0.9,5.0,U,-80.0,9.25,True,,2026-07-11T14:57:10.336+00:00,/dev/cu.usbserial-58870137921,"RX,4085803,R35,TXC,N31,77,316381,G,1,0.93,0.90,5,U,-80,9.25"
RX,4086050,R35,TXA,N01,314,316626,C,0,0.81,0.78,5.0,F,-79.0,10.0,True,,2026-07-11T14:57:10.583+00:00,/dev/cu.usbserial-58870137921,"RX,4086050,R35,TXA,N01,314,316626,C,0,0.81,0.78,5,F,-79,10.00"
RX,4086318,R35,TXB,N16,156,316893,A,1,0.75,0.72,5.0,U,-81.0,9.75,True,,2026-07-11T14:57:10.851+00:00,/dev/cu.usbserial-58870137921,"RX,4086318,R35,TXB,N16,156,316893,A,1,0.75,0.72,5,U,-81,9.75"
RX,4086801,R35,TXE,N61,154,317382,E,0,0.87,0.84,5.0,U,-76.0,10.25,True,,2026-07-11T14:57:11.334+00:00,/dev/cu.usbserial-58870137921,"RX,4086801,R35,TXE,N61,154,317382,E,0,0.87,0.84,5,U,-76,10.25"
RX,4086908,R35,TXI,N121,77,317481,G,1,0.93,0.9,5.0,U,-74.0,9.25,True,,2026-07-11T14:57:11.441+00:00,/dev/cu.usbserial-58870137921,"RX,4086908,R35,TXI,N121,77,317481,G,1,0.93,0.90,5,U,-74,9.25"
RX,4087050,R35,TXA,N01,315,317626,D,1,0.24,0.22,5.0,F,-79.0,9.75,True,,2026-07-11T14:57:11.583+00:00,/dev/cu.usbserial-58870137921,"RX,4087050,R35,TXA,N01,315,317626,D,1,0.24,0.22,5,F,-79,9.75"
RX,4087196,R35,TXK,N151,158,317763,E,1,0.87,0.84,5.0,U,-67.0,9.5,True,,2026-07-11T14:57:11.728+00:00,/dev/cu.usbserial-58870137921,"RX,4087196,R35,TXK,N151,158,317763,E,1,0.87,0.84,5,U,-67,9.50"
RX,4088050,R35,TXA,N01,316,318626,E,1,0.87,0.84,5.0,F,-79.0,9.75,True,,2026-07-11T14:57:12.583+00:00,/dev/cu.usbserial-58870137921,"RX,4088050,R35,TXA,N01,316,318626,E,1,0.87,0.84,5,F,-79,9.75"
RX,4088318,R35,TXB,N16,157,318893,C,0,0.81,0.78,5.0,U,-81.0,9.75,True,,2026-07-11T14:57:12.851+00:00,/dev/cu.usbserial-58870137921,"RX,4088318,R35,TXB,N16,157,318893,C,0,0.81,0.78,5,U,-81,9.75"
RX,4088801,R35,TXE,N61,155,319382,G,1,0.93,0.9,5.0,U,-76.0,9.25,True,,2026-07-11T14:57:13.334+00:00,/dev/cu.usbserial-58870137921,"RX,4088801,R35,TXE,N61,155,319382,G,1,0.93,0.90,5,U,-76,9.25"
RX,4089050,R35,TXA,N01,317,319626,F,0,0.28,0.26,5.0,F,-79.0,10.0,True,,2026-07-11T14:57:13.583+00:00,/dev/cu.usbserial-58870137921,"RX,4089050,R35,TXA,N01,317,319626,F,0,0.28,0.26,5,F,-79,10.00"
RX,4089196,R35,TXK,N151,159,319763,G,1,0.93,0.9,5.0,U,-67.0,10.0,True,,2026-07-11T14:57:13.728+00:00,/dev/cu.usbserial-58870137921,"RX,4089196,R35,TXK,N151,159,319763,G,1,0.93,0.90,5,U,-67,10.00"
RX,4089549,R35,TXF,N76,78,320131,E,1,0.87,0.84,5.0,U,-74.0,9.25,True,,2026-07-11T14:57:14.082+00:00,/dev/cu.usbserial-58870137921,"RX,4089549,R35,TXF,N76,78,320131,E,1,0.87,0.84,5,U,-74,9.25"
RX,4089853,R35,TXD,N46,39,320430,G,1,0.93,0.9,5.0,U,-71.0,9.5,True,,2026-07-11T14:57:14.386+00:00,/dev/cu.usbserial-58870137921,"RX,4089853,R35,TXD,N46,39,320430,G,1,0.93,0.90,5,U,-71,9.50"
RX,4090050,R35,TXA,N01,318,320626,G,1,0.93,0.9,5.0,F,-79.0,10.5,True,,2026-07-11T14:57:14.583+00:00,/dev/cu.usbserial-58870137921,"RX,4090050,R35,TXA,N01,318,320626,G,1,0.93,0.90,5,F,-79,10.50"
RX,4090318,R35,TXB,N16,158,320893,E,1,0.87,0.84,5.0,U,-80.0,9.75,True,,2026-07-11T14:57:14.852+00:00,/dev/cu.usbserial-58870137921,"RX,4090318,R35,TXB,N16,158,320893,E,1,0.87,0.84,5,U,-80,9.75"
RX,4090499,R35,TXG,N91,38,321080,G,1,0.93,0.9,5.0,U,-81.0,9.25,True,,2026-07-11T14:57:15.031+00:00,/dev/cu.usbserial-58870137921,"RX,4090499,R35,TXG,N91,38,321080,G,1,0.93,0.90,5,U,-81,9.25"
RX,4090801,R35,TXE,N61,156,321382,A,1,0.75,0.72,5.0,U,-76.0,9.5,True,,2026-07-11T14:57:15.334+00:00,/dev/cu.usbserial-58870137921,"RX,4090801,R35,TXE,N61,156,321382,A,1,0.75,0.72,5,U,-76,9.50"
RX,4091050,R35,TXA,N01,319,321626,H,1,0.32,0.3,5.0,F,-79.0,9.5,True,,2026-07-11T14:57:15.583+00:00,/dev/cu.usbserial-58870137921,"RX,4091050,R35,TXA,N01,319,321626,H,1,0.32,0.30,5,F,-79,9.50"
RX,4091196,R35,TXK,N151,160,321763,A,1,0.75,0.72,5.0,U,-67.0,9.5,True,,2026-07-11T14:57:15.728+00:00,/dev/cu.usbserial-58870137921,"RX,4091196,R35,TXK,N151,160,321763,A,1,0.75,0.72,5,U,-67,9.50"
RX,4091549,R35,TXF,N76,79,322131,G,1,0.93,0.9,5.0,U,-74.0,9.5,True,,2026-07-11T14:57:16.082+00:00,/dev/cu.usbserial-58870137921,"RX,4091549,R35,TXF,N76,79,322131,G,1,0.93,0.90,5,U,-74,9.50"
RX,4091708,R35,TXJ,N136,38,322280,G,1,0.93,0.9,5.0,U,-76.0,10.0,True,,2026-07-11T14:57:16.241+00:00,/dev/cu.usbserial-58870137921,"RX,4091708,R35,TXJ,N136,38,322280,G,1,0.93,0.90,5,U,-76,10.00"
RX,4091803,R35,TXC,N31,78,322381,E,1,0.87,0.84,5.0,U,-80.0,9.25,True,,2026-07-11T14:57:16.336+00:00,/dev/cu.usbserial-58870137921,"RX,4091803,R35,TXC,N31,78,322381,E,1,0.87,0.84,5,U,-80,9.25"
RX,4092050,R35,TXA,N01,320,322626,A,1,0.75,0.72,5.0,F,-79.0,9.75,True,,2026-07-11T14:57:16.583+00:00,/dev/cu.usbserial-58870137921,"RX,4092050,R35,TXA,N01,320,322626,A,1,0.75,0.72,5,F,-79,9.75"
RX,4092318,R35,TXB,N16,159,322893,G,1,0.93,0.9,5.0,U,-81.0,10.0,True,,2026-07-11T14:57:16.851+00:00,/dev/cu.usbserial-58870137921,"RX,4092318,R35,TXB,N16,159,322893,G,1,0.93,0.90,5,U,-81,10.00"
RX,4092801,R35,TXE,N61,157,323382,C,0,0.81,0.78,5.0,U,-76.0,9.75,True,,2026-07-11T14:57:17.334+00:00,/dev/cu.usbserial-58870137921,"RX,4092801,R35,TXE,N61,157,323382,C,0,0.81,0.78,5,U,-76,9.75"
RX,4092908,R35,TXI,N121,78,323481,E,1,0.87,0.84,5.0,U,-73.0,9.75,True,,2026-07-11T14:57:17.441+00:00,/dev/cu.usbserial-58870137921,"RX,4092908,R35,TXI,N121,78,323481,E,1,0.87,0.84,5,U,-73,9.75"
RX,4093050,R35,TXA,N01,321,323626,B,0,0.2,0.18,5.0,F,-79.0,9.25,True,,2026-07-11T14:57:17.583+00:00,/dev/cu.usbserial-58870137921,"RX,4093050,R35,TXA,N01,321,323626,B,0,0.20,0.18,5,F,-79,9.25"
RX,4093196,R35,TXK,N151,161,323763,C,1,0.81,0.78,5.0,U,-68.0,9.75,True,,2026-07-11T14:57:17.728+00:00,/dev/cu.usbserial-58870137921,"RX,4093196,R35,TXK,N151,161,323763,C,1,0.81,0.78,5,U,-68,9.75"
RX,4093803,R35,TXC,N31,79,324381,G,1,0.93,0.9,5.0,U,-81.0,9.25,True,,2026-07-11T14:57:18.336+00:00,/dev/cu.usbserial-58870137921,"RX,4093803,R35,TXC,N31,79,324381,G,1,0.93,0.90,5,U,-81,9.25"
RX,4094050,R35,TXA,N01,322,324626,C,1,0.81,0.78,5.0,F,-79.0,9.75,True,,2026-07-11T14:57:18.583+00:00,/dev/cu.usbserial-58870137921,"RX,4094050,R35,TXA,N01,322,324626,C,1,0.81,0.78,5,F,-79,9.75"
RX,4094318,R35,TXB,N16,160,324893,A,1,0.75,0.72,5.0,U,-80.0,10.0,True,,2026-07-11T14:57:18.852+00:00,/dev/cu.usbserial-58870137921,"RX,4094318,R35,TXB,N16,160,324893,A,1,0.75,0.72,5,U,-80,10.00"
RX,4094801,R35,TXE,N61,158,325382,E,1,0.87,0.84,5.0,U,-76.0,9.5,True,,2026-07-11T14:57:19.334+00:00,/dev/cu.usbserial-58870137921,"RX,4094801,R35,TXE,N61,158,325382,E,1,0.87,0.84,5,U,-76,9.50"
RX,4094908,R35,TXI,N121,79,325481,G,1,0.93,0.9,5.0,U,-73.0,9.75,True,,2026-07-11T14:57:19.441+00:00,/dev/cu.usbserial-58870137921,"RX,4094908,R35,TXI,N121,79,325481,G,1,0.93,0.90,5,U,-73,9.75"
RX,4095195,R35,TXK,N151,162,325763,E,0,0.87,0.84,5.0,U,-68.0,10.25,True,,2026-07-11T14:57:19.728+00:00,/dev/cu.usbserial-58870137921,"RX,4095195,R35,TXK,N151,162,325763,E,0,0.87,0.84,5,U,-68,10.25"
RX,4096050,R35,TXA,N01,324,326626,E,0,0.87,0.84,5.0,F,-79.0,9.75,True,,2026-07-11T14:57:20.583+00:00,/dev/cu.usbserial-58870137921,"RX,4096050,R35,TXA,N01,324,326626,E,0,0.87,0.84,5,F,-79,9.75"
RX,4096318,R35,TXB,N16,161,326893,C,1,0.81,0.78,5.0,U,-81.0,9.75,True,,2026-07-11T14:57:20.851+00:00,/dev/cu.usbserial-58870137921,"RX,4096318,R35,TXB,N16,161,326893,C,1,0.81,0.78,5,U,-81,9.75"
RX,4096801,R35,TXE,N61,159,327382,G,1,0.93,0.9,5.0,U,-75.0,9.75,True,,2026-07-11T14:57:21.334+00:00,/dev/cu.usbserial-58870137921,"RX,4096801,R35,TXE,N61,159,327382,G,1,0.93,0.90,5,U,-75,9.75"
RX,4097050,R35,TXA,N01,325,327626,F,1,0.28,0.26,5.0,F,-79.0,10.0,True,,2026-07-11T14:57:21.583+00:00,/dev/cu.usbserial-58870137921,"RX,4097050,R35,TXA,N01,325,327626,F,1,0.28,0.26,5,F,-79,10.00"
RX,4097343,R35,TXL,N166,20,327916,G,1,0.93,0.9,5.0,U,-81.0,9.5,True,,2026-07-11T14:57:21.876+00:00,/dev/cu.usbserial-58870137921,"RX,4097343,R35,TXL,N166,20,327916,G,1,0.93,0.90,5,U,-81,9.50"
RX,4097549,R35,TXF,N76,80,328131,E,0,0.87,0.84,5.0,U,-75.0,9.25,True,,2026-07-11T14:57:22.082+00:00,/dev/cu.usbserial-58870137921,"RX,4097549,R35,TXF,N76,80,328131,E,0,0.87,0.84,5,U,-75,9.25"
RX,4097853,R35,TXD,N46,40,328430,G,1,0.93,0.9,5.0,U,-71.0,9.5,True,,2026-07-11T14:57:22.386+00:00,/dev/cu.usbserial-58870137921,"RX,4097853,R35,TXD,N46,40,328430,G,1,0.93,0.90,5,U,-71,9.50"
RX,4098050,R35,TXA,N01,326,328626,G,1,0.93,0.9,5.0,F,-79.0,9.75,True,,2026-07-11T14:57:22.583+00:00,/dev/cu.usbserial-58870137921,"RX,4098050,R35,TXA,N01,326,328626,G,1,0.93,0.90,5,F,-79,9.75"
RX,4098318,R35,TXB,N16,162,328893,E,0,0.87,0.84,5.0,U,-80.0,9.5,True,,2026-07-11T14:57:22.852+00:00,/dev/cu.usbserial-58870137921,"RX,4098318,R35,TXB,N16,162,328893,E,0,0.87,0.84,5,U,-80,9.50"
RX,4098499,R35,TXG,N91,39,329080,G,1,0.93,0.9,5.0,U,-81.0,9.75,True,,2026-07-11T14:57:23.032+00:00,/dev/cu.usbserial-58870137921,"RX,4098499,R35,TXG,N91,39,329080,G,1,0.93,0.90,5,U,-81,9.75"
RX,4098801,R35,TXE,N61,160,329382,A,1,0.75,0.72,5.0,U,-76.0,9.5,True,,2026-07-11T14:57:23.334+00:00,/dev/cu.usbserial-58870137921,"RX,4098801,R35,TXE,N61,160,329382,A,1,0.75,0.72,5,U,-76,9.50"
RX,4099050,R35,TXA,N01,327,329626,H,0,0.32,0.3,5.0,F,-79.0,9.5,True,,2026-07-11T14:57:23.583+00:00,/dev/cu.usbserial-58870137921,"RX,4099050,R35,TXA,N01,327,329626,H,0,0.32,0.30,5,F,-79,9.50"
RX,4099195,R35,TXK,N151,164,329763,A,1,0.75,0.72,5.0,U,-68.0,9.5,True,,2026-07-11T14:57:23.729+00:00,/dev/cu.usbserial-58870137921,"RX,4099195,R35,TXK,N151,164,329763,A,1,0.75,0.72,5,U,-68,9.50"
RX,4099549,R35,TXF,N76,81,330131,G,1,0.93,0.9,5.0,U,-74.0,10.0,True,,2026-07-11T14:57:24.082+00:00,/dev/cu.usbserial-58870137921,"RX,4099549,R35,TXF,N76,81,330131,G,1,0.93,0.90,5,U,-74,10.00"
RX,4099708,R35,TXJ,N136,39,330280,G,1,0.93,0.9,5.0,U,-76.0,9.75,True,,2026-07-11T14:57:24.241+00:00,/dev/cu.usbserial-58870137921,"RX,4099708,R35,TXJ,N136,39,330280,G,1,0.93,0.90,5,U,-76,9.75"
RX,4099803,R35,TXC,N31,80,330381,E,0,0.87,0.84,5.0,U,-80.0,9.5,True,,2026-07-11T14:57:24.336+00:00,/dev/cu.usbserial-58870137921,"RX,4099803,R35,TXC,N31,80,330381,E,0,0.87,0.84,5,U,-80,9.50"
RX,4100050,R35,TXA,N01,328,330626,A,1,0.75,0.72,5.0,F,-79.0,9.5,True,,2026-07-11T14:57:24.583+00:00,/dev/cu.usbserial-58870137921,"RX,4100050,R35,TXA,N01,328,330626,A,1,0.75,0.72,5,F,-79,9.50"
RX,4100318,R35,TXB,N16,163,330893,G,1,0.93,0.9,5.0,U,-80.0,9.5,True,,2026-07-11T14:57:24.851+00:00,/dev/cu.usbserial-58870137921,"RX,4100318,R35,TXB,N16,163,330893,G,1,0.93,0.90,5,U,-80,9.50"
RX,4100801,R35,TXE,N61,161,331382,C,1,0.81,0.78,5.0,U,-75.0,9.75,True,,2026-07-11T14:57:25.334+00:00,/dev/cu.usbserial-58870137921,"RX,4100801,R35,TXE,N61,161,331382,C,1,0.81,0.78,5,U,-75,9.75"
RX,4100908,R35,TXI,N121,80,331481,E,0,0.87,0.84,5.0,U,-74.0,9.5,True,,2026-07-11T14:57:25.441+00:00,/dev/cu.usbserial-58870137921,"RX,4100908,R35,TXI,N121,80,331481,E,0,0.87,0.84,5,U,-74,9.50"
RX,4101050,R35,TXA,N01,329,331626,B,1,0.2,0.18,5.0,F,-79.0,9.5,True,,2026-07-11T14:57:25.583+00:00,/dev/cu.usbserial-58870137921,"RX,4101050,R35,TXA,N01,329,331626,B,1,0.20,0.18,5,F,-79,9.50"
RX,4101195,R35,TXK,N151,165,331763,C,0,0.81,0.78,5.0,U,-67.0,10.0,True,,2026-07-11T14:57:25.728+00:00,/dev/cu.usbserial-58870137921,"RX,4101195,R35,TXK,N151,165,331763,C,0,0.81,0.78,5,U,-67,10.00"
RX,4101803,R35,TXC,N31,81,332381,G,1,0.93,0.9,5.0,U,-79.0,9.75,True,,2026-07-11T14:57:26.336+00:00,/dev/cu.usbserial-58870137921,"RX,4101803,R35,TXC,N31,81,332381,G,1,0.93,0.90,5,U,-79,9.75"
RX,4102050,R35,TXA,N01,330,332626,C,0,0.81,0.78,5.0,F,-78.0,9.75,True,,2026-07-11T14:57:26.584+00:00,/dev/cu.usbserial-58870137921,"RX,4102050,R35,TXA,N01,330,332626,C,0,0.81,0.78,5,F,-78,9.75"
RX,4102318,R35,TXB,N16,164,332893,A,1,0.75,0.72,5.0,U,-80.0,10.0,True,,2026-07-11T14:57:26.852+00:00,/dev/cu.usbserial-58870137921,"RX,4102318,R35,TXB,N16,164,332893,A,1,0.75,0.72,5,U,-80,10.00"
RX,4102801,R35,TXE,N61,162,333382,E,0,0.87,0.84,5.0,U,-76.0,10.0,True,,2026-07-11T14:57:27.334+00:00,/dev/cu.usbserial-58870137921,"RX,4102801,R35,TXE,N61,162,333382,E,0,0.87,0.84,5,U,-76,10.00"
RX,4102908,R35,TXI,N121,81,333481,G,1,0.93,0.9,5.0,U,-73.0,10.0,True,,2026-07-11T14:57:27.441+00:00,/dev/cu.usbserial-58870137921,"RX,4102908,R35,TXI,N121,81,333481,G,1,0.93,0.90,5,U,-73,10.00"
RX,4103050,R35,TXA,N01,331,333626,D,1,0.24,0.22,5.0,F,-79.0,9.75,True,,2026-07-11T14:57:27.583+00:00,/dev/cu.usbserial-58870137921,"RX,4103050,R35,TXA,N01,331,333626,D,1,0.24,0.22,5,F,-79,9.75"
RX,4103195,R35,TXK,N151,166,333763,E,1,0.87,0.84,5.0,U,-67.0,10.25,True,,2026-07-11T14:57:27.728+00:00,/dev/cu.usbserial-58870137921,"RX,4103195,R35,TXK,N151,166,333763,E,1,0.87,0.84,5,U,-67,10.25"
RX,4104050,R35,TXA,N01,332,334626,E,1,0.87,0.84,5.0,F,-79.0,9.25,True,,2026-07-11T14:57:28.583+00:00,/dev/cu.usbserial-58870137921,"RX,4104050,R35,TXA,N01,332,334626,E,1,0.87,0.84,5,F,-79,9.25"
RX,4104318,R35,TXB,N16,165,334893,C,0,0.81,0.78,5.0,U,-80.0,9.75,True,,2026-07-11T14:57:28.851+00:00,/dev/cu.usbserial-58870137921,"RX,4104318,R35,TXB,N16,165,334893,C,0,0.81,0.78,5,U,-80,9.75"
RX,4104801,R35,TXE,N61,163,335382,G,1,0.93,0.9,5.0,U,-76.0,9.75,True,,2026-07-11T14:57:29.334+00:00,/dev/cu.usbserial-58870137921,"RX,4104801,R35,TXE,N61,163,335382,G,1,0.93,0.90,5,U,-76,9.75"
RX,4105050,R35,TXA,N01,333,335626,F,0,0.28,0.26,5.0,F,-79.0,10.0,True,,2026-07-11T14:57:29.583+00:00,/dev/cu.usbserial-58870137921,"RX,4105050,R35,TXA,N01,333,335626,F,0,0.28,0.26,5,F,-79,10.00"
RX,4105343,R35,TXL,N166,21,335916,G,1,0.93,0.9,5.0,U,-81.0,9.75,True,,2026-07-11T14:57:29.876+00:00,/dev/cu.usbserial-58870137921,"RX,4105343,R35,TXL,N166,21,335916,G,1,0.93,0.90,5,U,-81,9.75"
RX,4105549,R35,TXF,N76,82,336131,E,1,0.87,0.84,5.0,U,-75.0,9.0,True,,2026-07-11T14:57:30.082+00:00,/dev/cu.usbserial-58870137921,"RX,4105549,R35,TXF,N76,82,336131,E,1,0.87,0.84,5,U,-75,9.00"
RX,4105853,R35,TXD,N46,41,336430,G,1,0.93,0.9,5.0,U,-71.0,10.0,True,,2026-07-11T14:57:30.386+00:00,/dev/cu.usbserial-58870137921,"RX,4105853,R35,TXD,N46,41,336430,G,1,0.93,0.90,5,U,-71,10.00"
RX,4106050,R35,TXA,N01,334,336626,G,1,0.93,0.9,5.0,F,-79.0,10.0,True,,2026-07-11T14:57:30.583+00:00,/dev/cu.usbserial-58870137921,"RX,4106050,R35,TXA,N01,334,336626,G,1,0.93,0.90,5,F,-79,10.00"
RX,4106318,R35,TXB,N16,166,336893,E,1,0.87,0.84,5.0,U,-81.0,9.25,True,,2026-07-11T14:57:30.851+00:00,/dev/cu.usbserial-58870137921,"RX,4106318,R35,TXB,N16,166,336893,E,1,0.87,0.84,5,U,-81,9.25"
RX,4106499,R35,TXG,N91,40,337080,G,1,0.93,0.9,5.0,U,-82.0,10.25,True,,2026-07-11T14:57:31.031+00:00,/dev/cu.usbserial-58870137921,"RX,4106499,R35,TXG,N91,40,337080,G,1,0.93,0.90,5,U,-82,10.25"
RX,4106801,R35,TXE,N61,164,337382,A,1,0.75,0.72,5.0,U,-76.0,9.75,True,,2026-07-11T14:57:31.334+00:00,/dev/cu.usbserial-58870137921,"RX,4106801,R35,TXE,N61,164,337382,A,1,0.75,0.72,5,U,-76,9.75"
RX,4107050,R35,TXA,N01,335,337626,H,1,0.32,0.3,5.0,F,-79.0,9.5,True,,2026-07-11T14:57:31.583+00:00,/dev/cu.usbserial-58870137921,"RX,4107050,R35,TXA,N01,335,337626,H,1,0.32,0.30,5,F,-79,9.50"
RX,4107195,R35,TXK,N151,168,337763,A,0,0.75,0.72,5.0,U,-67.0,10.0,True,,2026-07-11T14:57:31.728+00:00,/dev/cu.usbserial-58870137921,"RX,4107195,R35,TXK,N151,168,337763,A,0,0.75,0.72,5,U,-67,10.00"
RX,4107549,R35,TXF,N76,83,338131,G,1,0.93,0.9,5.0,U,-74.0,9.5,True,,2026-07-11T14:57:32.082+00:00,/dev/cu.usbserial-58870137921,"RX,4107549,R35,TXF,N76,83,338131,G,1,0.93,0.90,5,U,-74,9.50"
RX,4107708,R35,TXJ,N136,40,338280,G,1,0.93,0.9,5.0,U,-76.0,9.75,True,,2026-07-11T14:57:32.241+00:00,/dev/cu.usbserial-58870137921,"RX,4107708,R35,TXJ,N136,40,338280,G,1,0.93,0.90,5,U,-76,9.75"
RX,4107803,R35,TXC,N31,82,338381,E,1,0.87,0.84,5.0,U,-79.0,9.25,True,,2026-07-11T14:57:32.336+00:00,/dev/cu.usbserial-58870137921,"RX,4107803,R35,TXC,N31,82,338381,E,1,0.87,0.84,5,U,-79,9.25"
RX,4108050,R35,TXA,N01,336,338626,A,0,0.75,0.72,5.0,F,-79.0,10.0,True,,2026-07-11T14:57:32.583+00:00,/dev/cu.usbserial-58870137921,"RX,4108050,R35,TXA,N01,336,338626,A,0,0.75,0.72,5,F,-79,10.00"
RX,4108318,R35,TXB,N16,167,338893,G,1,0.93,0.9,5.0,U,-81.0,9.75,True,,2026-07-11T14:57:32.851+00:00,/dev/cu.usbserial-58870137921,"RX,4108318,R35,TXB,N16,167,338893,G,1,0.93,0.90,5,U,-81,9.75"
RX,4108801,R35,TXE,N61,165,339382,C,0,0.81,0.78,5.0,U,-76.0,9.25,True,,2026-07-11T14:57:33.334+00:00,/dev/cu.usbserial-58870137921,"RX,4108801,R35,TXE,N61,165,339382,C,0,0.81,0.78,5,U,-76,9.25"
RX,4108908,R35,TXI,N121,82,339481,E,1,0.87,0.84,5.0,U,-73.0,10.0,True,,2026-07-11T14:57:33.441+00:00,/dev/cu.usbserial-58870137921,"RX,4108908,R35,TXI,N121,82,339481,E,1,0.87,0.84,5,U,-73,10.00"
RX,4109050,R35,TXA,N01,337,339626,B,1,0.2,0.18,5.0,F,-79.0,9.75,True,,2026-07-11T14:57:33.583+00:00,/dev/cu.usbserial-58870137921,"RX,4109050,R35,TXA,N01,337,339626,B,1,0.20,0.18,5,F,-79,9.75"
RX,4109195,R35,TXK,N151,169,339763,C,1,0.81,0.78,5.0,U,-67.0,10.0,True,,2026-07-11T14:57:33.728+00:00,/dev/cu.usbserial-58870137921,"RX,4109195,R35,TXK,N151,169,339763,C,1,0.81,0.78,5,U,-67,10.00"
RX,4109803,R35,TXC,N31,83,340381,G,1,0.93,0.9,5.0,U,-80.0,9.5,True,,2026-07-11T14:57:34.336+00:00,/dev/cu.usbserial-58870137921,"RX,4109803,R35,TXC,N31,83,340381,G,1,0.93,0.90,5,U,-80,9.50"
RX,4110050,R35,TXA,N01,338,340626,C,1,0.81,0.78,5.0,F,-79.0,9.5,True,,2026-07-11T14:57:34.583+00:00,/dev/cu.usbserial-58870137921,"RX,4110050,R35,TXA,N01,338,340626,C,1,0.81,0.78,5,F,-79,9.50"
RX,4110318,R35,TXB,N16,168,340893,A,0,0.75,0.72,5.0,U,-80.0,9.75,True,,2026-07-11T14:57:34.852+00:00,/dev/cu.usbserial-58870137921,"RX,4110318,R35,TXB,N16,168,340893,A,0,0.75,0.72,5,U,-80,9.75"
RX,4110801,R35,TXE,N61,166,341382,E,1,0.87,0.84,5.0,U,-76.0,9.75,True,,2026-07-11T14:57:35.334+00:00,/dev/cu.usbserial-58870137921,"RX,4110801,R35,TXE,N61,166,341382,E,1,0.87,0.84,5,U,-76,9.75"
RX,4110908,R35,TXI,N121,83,341481,G,1,0.93,0.9,5.0,U,-73.0,9.75,True,,2026-07-11T14:57:35.441+00:00,/dev/cu.usbserial-58870137921,"RX,4110908,R35,TXI,N121,83,341481,G,1,0.93,0.90,5,U,-73,9.75"
RX,4111050,R35,TXA,N01,339,341626,D,0,0.24,0.22,5.0,F,-79.0,9.25,True,,2026-07-11T14:57:35.583+00:00,/dev/cu.usbserial-58870137921,"RX,4111050,R35,TXA,N01,339,341626,D,0,0.24,0.22,5,F,-79,9.25"
RX,4111195,R35,TXK,N151,170,341763,E,1,0.87,0.84,5.0,U,-68.0,10.25,True,,2026-07-11T14:57:35.728+00:00,/dev/cu.usbserial-58870137921,"RX,4111195,R35,TXK,N151,170,341763,E,1,0.87,0.84,5,U,-68,10.25"
RX,4112050,R35,TXA,N01,340,342626,E,1,0.87,0.84,5.0,F,-79.0,9.75,True,,2026-07-11T14:57:36.583+00:00,/dev/cu.usbserial-58870137921,"RX,4112050,R35,TXA,N01,340,342626,E,1,0.87,0.84,5,F,-79,9.75"
RX,4112318,R35,TXB,N16,169,342893,C,1,0.81,0.78,5.0,U,-81.0,9.5,True,,2026-07-11T14:57:36.851+00:00,/dev/cu.usbserial-58870137921,"RX,4112318,R35,TXB,N16,169,342893,C,1,0.81,0.78,5,U,-81,9.50"
RX,4112801,R35,TXE,N61,167,343382,G,1,0.93,0.9,5.0,U,-76.0,9.75,True,,2026-07-11T14:57:37.334+00:00,/dev/cu.usbserial-58870137921,"RX,4112801,R35,TXE,N61,167,343382,G,1,0.93,0.90,5,U,-76,9.75"
RX,4113050,R35,TXA,N01,341,343626,F,1,0.28,0.26,5.0,F,-79.0,9.25,True,,2026-07-11T14:57:37.583+00:00,/dev/cu.usbserial-58870137921,"RX,4113050,R35,TXA,N01,341,343626,F,1,0.28,0.26,5,F,-79,9.25"
RX,4113549,R35,TXF,N76,84,344131,E,1,0.87,0.84,5.0,U,-74.0,9.0,True,,2026-07-11T14:57:38.082+00:00,/dev/cu.usbserial-58870137921,"RX,4113549,R35,TXF,N76,84,344131,E,1,0.87,0.84,5,U,-74,9.00"
RX,4113853,R35,TXD,N46,42,344430,G,0,0.93,0.9,5.0,U,-71.0,10.0,True,,2026-07-11T14:57:38.386+00:00,/dev/cu.usbserial-58870137921,"RX,4113853,R35,TXD,N46,42,344430,G,0,0.93,0.90,5,U,-71,10.00"
RX,4114050,R35,TXA,N01,342,344626,G,0,0.93,0.9,5.0,F,-79.0,9.75,True,,2026-07-11T14:57:38.583+00:00,/dev/cu.usbserial-58870137921,"RX,4114050,R35,TXA,N01,342,344626,G,0,0.93,0.90,5,F,-79,9.75"
RX,4114318,R35,TXB,N16,170,344893,E,1,0.87,0.84,5.0,U,-81.0,9.5,True,,2026-07-11T14:57:38.851+00:00,/dev/cu.usbserial-58870137921,"RX,4114318,R35,TXB,N16,170,344893,E,1,0.87,0.84,5,U,-81,9.50"
RX,4114499,R35,TXG,N91,41,345080,G,1,0.93,0.9,5.0,U,-81.0,12.0,True,,2026-07-11T14:57:39.031+00:00,/dev/cu.usbserial-58870137921,"RX,4114499,R35,TXG,N91,41,345080,G,1,0.93,0.90,5,U,-81,12.00"
RX,4114801,R35,TXE,N61,168,345382,A,0,0.75,0.72,5.0,U,-76.0,9.5,True,,2026-07-11T14:57:39.334+00:00,/dev/cu.usbserial-58870137921,"RX,4114801,R35,TXE,N61,168,345382,A,0,0.75,0.72,5,U,-76,9.50"
RX,4115050,R35,TXA,N01,343,345626,H,1,0.32,0.3,5.0,F,-79.0,9.5,True,,2026-07-11T14:57:39.583+00:00,/dev/cu.usbserial-58870137921,"RX,4115050,R35,TXA,N01,343,345626,H,1,0.32,0.30,5,F,-79,9.50"
RX,4115195,R35,TXK,N151,172,345763,A,1,0.75,0.72,5.0,U,-68.0,10.0,True,,2026-07-11T14:57:39.728+00:00,/dev/cu.usbserial-58870137921,"RX,4115195,R35,TXK,N151,172,345763,A,1,0.75,0.72,5,U,-68,10.00"
RX,4115549,R35,TXF,N76,85,346131,G,0,0.93,0.9,5.0,U,-74.0,9.5,True,,2026-07-11T14:57:40.082+00:00,/dev/cu.usbserial-58870137921,"RX,4115549,R35,TXF,N76,85,346131,G,0,0.93,0.90,5,U,-74,9.50"
RX,4115708,R35,TXJ,N136,41,346280,G,1,0.93,0.9,5.0,U,-76.0,11.75,True,,2026-07-11T14:57:40.241+00:00,/dev/cu.usbserial-58870137921,"RX,4115708,R35,TXJ,N136,41,346280,G,1,0.93,0.90,5,U,-76,11.75"
RX,4115803,R35,TXC,N31,84,346381,E,1,0.87,0.84,5.0,U,-79.0,10.0,True,,2026-07-11T14:57:40.335+00:00,/dev/cu.usbserial-58870137921,"RX,4115803,R35,TXC,N31,84,346381,E,1,0.87,0.84,5,U,-79,10.00"
RX,4116050,R35,TXA,N01,344,346626,A,1,0.75,0.72,5.0,F,-79.0,9.5,True,,2026-07-11T14:57:40.583+00:00,/dev/cu.usbserial-58870137921,"RX,4116050,R35,TXA,N01,344,346626,A,1,0.75,0.72,5,F,-79,9.50"
RX,4116318,R35,TXB,N16,171,346893,G,0,0.93,0.9,5.0,U,-81.0,9.5,True,,2026-07-11T14:57:40.851+00:00,/dev/cu.usbserial-58870137921,"RX,4116318,R35,TXB,N16,171,346893,G,0,0.93,0.90,5,U,-81,9.50"
RX,4116801,R35,TXE,N61,169,347382,C,1,0.81,0.78,5.0,U,-76.0,9.5,True,,2026-07-11T14:57:41.334+00:00,/dev/cu.usbserial-58870137921,"RX,4116801,R35,TXE,N61,169,347382,C,1,0.81,0.78,5,U,-76,9.50"
RX,4116908,R35,TXI,N121,84,347481,E,1,0.87,0.84,5.0,U,-73.0,9.75,True,,2026-07-11T14:57:41.441+00:00,/dev/cu.usbserial-58870137921,"RX,4116908,R35,TXI,N121,84,347481,E,1,0.87,0.84,5,U,-73,9.75"
RX,4117050,R35,TXA,N01,345,347626,B,0,0.2,0.18,5.0,F,-79.0,9.5,True,,2026-07-11T14:57:41.583+00:00,/dev/cu.usbserial-58870137921,"RX,4117050,R35,TXA,N01,345,347626,B,0,0.20,0.18,5,F,-79,9.50"
RX,4117195,R35,TXK,N151,173,347763,C,1,0.81,0.78,5.0,U,-68.0,9.5,True,,2026-07-11T14:57:41.729+00:00,/dev/cu.usbserial-58870137921,"RX,4117195,R35,TXK,N151,173,347763,C,1,0.81,0.78,5,U,-68,9.50"
RX,4117802,R35,TXC,N31,85,348381,G,0,0.93,0.9,5.0,U,-79.0,9.75,True,,2026-07-11T14:57:42.336+00:00,/dev/cu.usbserial-58870137921,"RX,4117802,R35,TXC,N31,85,348381,G,0,0.93,0.90,5,U,-79,9.75"
RX,4118050,R35,TXA,N01,346,348626,C,1,0.81,0.78,5.0,F,-79.0,9.75,True,,2026-07-11T14:57:42.583+00:00,/dev/cu.usbserial-58870137921,"RX,4118050,R35,TXA,N01,346,348626,C,1,0.81,0.78,5,F,-79,9.75"
RX,4118318,R35,TXB,N16,172,348893,A,1,0.75,0.72,5.0,U,-80.0,10.25,True,,2026-07-11T14:57:42.851+00:00,/dev/cu.usbserial-58870137921,"RX,4118318,R35,TXB,N16,172,348893,A,1,0.75,0.72,5,U,-80,10.25"
RX,4118801,R35,TXE,N61,170,349382,E,1,0.87,0.84,5.0,U,-76.0,10.0,True,,2026-07-11T14:57:43.334+00:00,/dev/cu.usbserial-58870137921,"RX,4118801,R35,TXE,N61,170,349382,E,1,0.87,0.84,5,U,-76,10.00"
RX,4118908,R35,TXI,N121,85,349481,G,0,0.93,0.9,5.0,U,-73.0,10.25,True,,2026-07-11T14:57:43.441+00:00,/dev/cu.usbserial-58870137921,"RX,4118908,R35,TXI,N121,85,349481,G,0,0.93,0.90,5,U,-73,10.25"
RX,4119050,R35,TXA,N01,347,349626,D,1,0.24,0.22,5.0,F,-80.0,9.5,True,,2026-07-11T14:57:43.583+00:00,/dev/cu.usbserial-58870137921,"RX,4119050,R35,TXA,N01,347,349626,D,1,0.24,0.22,5,F,-80,9.50"
RX,4119195,R35,TXK,N151,174,349763,E,0,0.87,0.84,5.0,U,-68.0,9.5,True,,2026-07-11T14:57:43.729+00:00,/dev/cu.usbserial-58870137921,"RX,4119195,R35,TXK,N151,174,349763,E,0,0.87,0.84,5,U,-68,9.50"
RX,4120050,R35,TXA,N01,348,350626,E,0,0.87,0.84,5.0,F,-80.0,9.75,True,,2026-07-11T14:57:44.583+00:00,/dev/cu.usbserial-58870137921,"RX,4120050,R35,TXA,N01,348,350626,E,0,0.87,0.84,5,F,-80,9.75"
RX,4120318,R35,TXB,N16,173,350893,C,1,0.81,0.78,5.0,U,-80.0,9.5,True,,2026-07-11T14:57:44.852+00:00,/dev/cu.usbserial-58870137921,"RX,4120318,R35,TXB,N16,173,350893,C,1,0.81,0.78,5,U,-80,9.50"
RX,4120801,R35,TXE,N61,171,351382,G,0,0.93,0.9,5.0,U,-76.0,9.75,True,,2026-07-11T14:57:45.334+00:00,/dev/cu.usbserial-58870137921,"RX,4120801,R35,TXE,N61,171,351382,G,0,0.93,0.90,5,U,-76,9.75"
RX,4121050,R35,TXA,N01,349,351626,F,1,0.28,0.26,5.0,F,-80.0,9.25,True,,2026-07-11T14:57:45.584+00:00,/dev/cu.usbserial-58870137921,"RX,4121050,R35,TXA,N01,349,351626,F,1,0.28,0.26,5,F,-80,9.25"
RX,4121343,R35,TXL,N166,23,351916,G,1,0.93,0.9,5.0,U,-82.0,9.75,True,,2026-07-11T14:57:45.876+00:00,/dev/cu.usbserial-58870137921,"RX,4121343,R35,TXL,N166,23,351916,G,1,0.93,0.90,5,U,-82,9.75"
RX,4121549,R35,TXF,N76,86,352131,E,0,0.87,0.84,5.0,U,-74.0,10.0,True,,2026-07-11T14:57:46.082+00:00,/dev/cu.usbserial-58870137921,"RX,4121549,R35,TXF,N76,86,352131,E,0,0.87,0.84,5,U,-74,10.00"
RX,4121853,R35,TXD,N46,43,352430,G,1,0.93,0.9,5.0,U,-71.0,9.75,True,,2026-07-11T14:57:46.386+00:00,/dev/cu.usbserial-58870137921,"RX,4121853,R35,TXD,N46,43,352430,G,1,0.93,0.90,5,U,-71,9.75"
RX,4122050,R35,TXA,N01,350,352626,G,1,0.93,0.9,5.0,F,-80.0,9.0,True,,2026-07-11T14:57:46.583+00:00,/dev/cu.usbserial-58870137921,"RX,4122050,R35,TXA,N01,350,352626,G,1,0.93,0.90,5,F,-80,9.00"
RX,4122318,R35,TXB,N16,174,352893,E,0,0.87,0.84,5.0,U,-81.0,10.0,True,,2026-07-11T14:57:46.852+00:00,/dev/cu.usbserial-58870137921,"RX,4122318,R35,TXB,N16,174,352893,E,0,0.87,0.84,5,U,-81,10.00"
RX,4122498,R35,TXG,N91,42,353080,G,0,0.93,0.9,5.0,U,-82.0,9.5,True,,2026-07-11T14:57:47.031+00:00,/dev/cu.usbserial-58870137921,"RX,4122498,R35,TXG,N91,42,353080,G,0,0.93,0.90,5,U,-82,9.50"
RX,4122801,R35,TXE,N61,172,353382,A,1,0.75,0.72,5.0,U,-76.0,10.0,True,,2026-07-11T14:57:47.334+00:00,/dev/cu.usbserial-58870137921,"RX,4122801,R35,TXE,N61,172,353382,A,1,0.75,0.72,5,U,-76,10.00"
RX,4123050,R35,TXA,N01,351,353626,H,0,0.32,0.3,5.0,F,-80.0,9.75,True,,2026-07-11T14:57:47.583+00:00,/dev/cu.usbserial-58870137921,"RX,4123050,R35,TXA,N01,351,353626,H,0,0.32,0.30,5,F,-80,9.75"
RX,4123195,R35,TXK,N151,176,353763,A,1,0.75,0.72,5.0,U,-67.0,9.75,True,,2026-07-11T14:57:47.729+00:00,/dev/cu.usbserial-58870137921,"RX,4123195,R35,TXK,N151,176,353763,A,1,0.75,0.72,5,U,-67,9.75"
RX,4123549,R35,TXF,N76,87,354131,G,1,0.93,0.9,5.0,U,-75.0,9.5,True,,2026-07-11T14:57:48.082+00:00,/dev/cu.usbserial-58870137921,"RX,4123549,R35,TXF,N76,87,354131,G,1,0.93,0.90,5,U,-75,9.50"
RX,4123708,R35,TXJ,N136,42,354280,G,0,0.93,0.9,5.0,U,-76.0,9.25,True,,2026-07-11T14:57:48.241+00:00,/dev/cu.usbserial-58870137921,"RX,4123708,R35,TXJ,N136,42,354280,G,0,0.93,0.90,5,U,-76,9.25"
RX,4123802,R35,TXC,N31,86,354381,E,0,0.87,0.84,5.0,U,-79.0,9.75,True,,2026-07-11T14:57:48.336+00:00,/dev/cu.usbserial-58870137921,"RX,4123802,R35,TXC,N31,86,354381,E,0,0.87,0.84,5,U,-79,9.75"
RX,4124050,R35,TXA,N01,352,354626,A,1,0.75,0.72,5.0,F,-80.0,9.25,True,,2026-07-11T14:57:48.583+00:00,/dev/cu.usbserial-58870137921,"RX,4124050,R35,TXA,N01,352,354626,A,1,0.75,0.72,5,F,-80,9.25"
RX,4124318,R35,TXB,N16,175,354893,G,1,0.93,0.9,5.0,U,-80.0,9.75,True,,2026-07-11T14:57:48.851+00:00,/dev/cu.usbserial-58870137921,"RX,4124318,R35,TXB,N16,175,354893,G,1,0.93,0.90,5,U,-80,9.75"
RX,4124801,R35,TXE,N61,173,355382,C,1,0.81,0.78,5.0,U,-76.0,9.5,True,,2026-07-11T14:57:49.334+00:00,/dev/cu.usbserial-58870137921,"RX,4124801,R35,TXE,N61,173,355382,C,1,0.81,0.78,5,U,-76,9.50"
RX,4124908,R35,TXI,N121,86,355481,E,0,0.87,0.84,5.0,U,-73.0,10.0,True,,2026-07-11T14:57:49.441+00:00,/dev/cu.usbserial-58870137921,"RX,4124908,R35,TXI,N121,86,355481,E,0,0.87,0.84,5,U,-73,10.00"
RX,4125050,R35,TXA,N01,353,355626,B,1,0.2,0.18,5.0,F,-80.0,9.25,True,,2026-07-11T14:57:49.583+00:00,/dev/cu.usbserial-58870137921,"RX,4125050,R35,TXA,N01,353,355626,B,1,0.20,0.18,5,F,-80,9.25"
RX,4125195,R35,TXK,N151,177,355763,C,0,0.81,0.78,5.0,U,-67.0,10.25,True,,2026-07-11T14:57:49.728+00:00,/dev/cu.usbserial-58870137921,"RX,4125195,R35,TXK,N151,177,355763,C,0,0.81,0.78,5,U,-67,10.25"
RX,4125802,R35,TXC,N31,87,356381,G,1,0.93,0.9,5.0,U,-79.0,9.5,True,,2026-07-11T14:57:50.336+00:00,/dev/cu.usbserial-58870137921,"RX,4125802,R35,TXC,N31,87,356381,G,1,0.93,0.90,5,U,-79,9.50"
RX,4126050,R35,TXA,N01,354,356626,C,0,0.81,0.78,5.0,F,-80.0,9.25,True,,2026-07-11T14:57:50.583+00:00,/dev/cu.usbserial-58870137921,"RX,4126050,R35,TXA,N01,354,356626,C,0,0.81,0.78,5,F,-80,9.25"
RX,4126318,R35,TXB,N16,176,356893,A,1,0.75,0.72,5.0,U,-81.0,10.25,True,,2026-07-11T14:57:50.852+00:00,/dev/cu.usbserial-58870137921,"RX,4126318,R35,TXB,N16,176,356893,A,1,0.75,0.72,5,U,-81,10.25"
RX,4126801,R35,TXE,N61,174,357382,E,0,0.87,0.84,5.0,U,-76.0,9.5,True,,2026-07-11T14:57:51.334+00:00,/dev/cu.usbserial-58870137921,"RX,4126801,R35,TXE,N61,174,357382,E,0,0.87,0.84,5,U,-76,9.50"
RX,4126908,R35,TXI,N121,87,357481,G,1,0.93,0.9,5.0,U,-73.0,9.75,True,,2026-07-11T14:57:51.441+00:00,/dev/cu.usbserial-58870137921,"RX,4126908,R35,TXI,N121,87,357481,G,1,0.93,0.90,5,U,-73,9.75"
RX,4127050,R35,TXA,N01,355,357626,D,1,0.24,0.22,5.0,F,-80.0,9.25,True,,2026-07-11T14:57:51.583+00:00,/dev/cu.usbserial-58870137921,"RX,4127050,R35,TXA,N01,355,357626,D,1,0.24,0.22,5,F,-80,9.25"
RX,4127195,R35,TXK,N151,178,357763,E,1,0.87,0.84,5.0,U,-68.0,10.25,True,,2026-07-11T14:57:51.728+00:00,/dev/cu.usbserial-58870137921,"RX,4127195,R35,TXK,N151,178,357763,E,1,0.87,0.84,5,U,-68,10.25"
RX,4128318,R35,TXB,N16,177,358893,C,0,0.81,0.78,5.0,U,-81.0,9.25,True,,2026-07-11T14:57:52.852+00:00,/dev/cu.usbserial-58870137921,"RX,4128318,R35,TXB,N16,177,358893,C,0,0.81,0.78,5,U,-81,9.25"
RX,4128801,R35,TXE,N61,175,359382,G,1,0.93,0.9,5.0,U,-76.0,9.75,True,,2026-07-11T14:57:53.334+00:00,/dev/cu.usbserial-58870137921,"RX,4128801,R35,TXE,N61,175,359382,G,1,0.93,0.90,5,U,-76,9.75"
RX,4129050,R35,TXA,N01,357,359626,F,0,0.28,0.26,5.0,F,-80.0,9.25,True,,2026-07-11T14:57:53.583+00:00,/dev/cu.usbserial-58870137921,"RX,4129050,R35,TXA,N01,357,359626,F,0,0.28,0.26,5,F,-80,9.25"
RX,4129195,R35,TXK,N151,179,359763,G,1,0.93,0.9,5.0,U,-68.0,10.0,True,,2026-07-11T14:57:53.728+00:00,/dev/cu.usbserial-58870137921,"RX,4129195,R35,TXK,N151,179,359763,G,1,0.93,0.90,5,U,-68,10.00"
RX,4129549,R35,TXF,N76,88,360131,E,1,0.87,0.84,5.0,U,-74.0,9.5,True,,2026-07-11T14:57:54.082+00:00,/dev/cu.usbserial-58870137921,"RX,4129549,R35,TXF,N76,88,360131,E,1,0.87,0.84,5,U,-74,9.50"
RX,4129853,R35,TXD,N46,44,360430,G,1,0.93,0.9,5.0,U,-71.0,10.0,True,,2026-07-11T14:57:54.386+00:00,/dev/cu.usbserial-58870137921,"RX,4129853,R35,TXD,N46,44,360430,G,1,0.93,0.90,5,U,-71,10.00"
RX,4130050,R35,TXA,N01,358,360626,G,1,0.93,0.9,5.0,F,-80.0,9.75,True,,2026-07-11T14:57:54.584+00:00,/dev/cu.usbserial-58870137921,"RX,4130050,R35,TXA,N01,358,360626,G,1,0.93,0.90,5,F,-80,9.75"
RX,4130318,R35,TXB,N16,178,360893,E,1,0.87,0.84,5.0,U,-81.0,10.0,True,,2026-07-11T14:57:54.851+00:00,/dev/cu.usbserial-58870137921,"RX,4130318,R35,TXB,N16,178,360893,E,1,0.87,0.84,5,U,-81,10.00"
RX,4130498,R35,TXG,N91,43,361080,G,1,0.93,0.9,5.0,U,-82.0,9.5,True,,2026-07-11T14:57:55.032+00:00,/dev/cu.usbserial-58870137921,"RX,4130498,R35,TXG,N91,43,361080,G,1,0.93,0.90,5,U,-82,9.50"
RX,4130801,R35,TXE,N61,176,361382,A,1,0.75,0.72,5.0,U,-75.0,9.0,True,,2026-07-11T14:57:55.334+00:00,/dev/cu.usbserial-58870137921,"RX,4130801,R35,TXE,N61,176,361382,A,1,0.75,0.72,5,U,-75,9.00"
RX,4131050,R35,TXA,N01,359,361626,H,1,0.32,0.3,5.0,F,-80.0,9.5,True,,2026-07-11T14:57:55.584+00:00,/dev/cu.usbserial-58870137921,"RX,4131050,R35,TXA,N01,359,361626,H,1,0.32,0.30,5,F,-80,9.50"
RX,4131195,R35,TXK,N151,180,361763,A,0,0.75,0.72,5.0,U,-68.0,9.5,True,,2026-07-11T14:57:55.729+00:00,/dev/cu.usbserial-58870137921,"RX,4131195,R35,TXK,N151,180,361763,A,0,0.75,0.72,5,U,-68,9.50"
RX,4131549,R35,TXF,N76,89,362131,G,1,0.93,0.9,5.0,U,-75.0,9.5,True,,2026-07-11T14:57:56.082+00:00,/dev/cu.usbserial-58870137921,"RX,4131549,R35,TXF,N76,89,362131,G,1,0.93,0.90,5,U,-75,9.50"
RX,4131708,R35,TXJ,N136,43,362280,G,1,0.93,0.9,5.0,U,-76.0,10.0,True,,2026-07-11T14:57:56.241+00:00,/dev/cu.usbserial-58870137921,"RX,4131708,R35,TXJ,N136,43,362280,G,1,0.93,0.90,5,U,-76,10.00"
RX,4131802,R35,TXC,N31,88,362381,E,1,0.87,0.84,5.0,U,-79.0,10.0,True,,2026-07-11T14:57:56.336+00:00,/dev/cu.usbserial-58870137921,"RX,4131802,R35,TXC,N31,88,362381,E,1,0.87,0.84,5,U,-79,10.00"
RX,4132050,R35,TXA,N01,360,362626,A,0,0.75,0.72,5.0,F,-80.0,9.25,True,,2026-07-11T14:57:56.583+00:00,/dev/cu.usbserial-58870137921,"RX,4132050,R35,TXA,N01,360,362626,A,0,0.75,0.72,5,F,-80,9.25"
RX,4132318,R35,TXB,N16,179,362893,G,1,0.93,0.9,5.0,U,-81.0,9.25,True,,2026-07-11T14:57:56.852+00:00,/dev/cu.usbserial-58870137921,"RX,4132318,R35,TXB,N16,179,362893,G,1,0.93,0.90,5,U,-81,9.25"
RX,4132801,R35,TXE,N61,177,363382,C,0,0.81,0.78,5.0,U,-76.0,9.5,True,,2026-07-11T14:57:57.334+00:00,/dev/cu.usbserial-58870137921,"RX,4132801,R35,TXE,N61,177,363382,C,0,0.81,0.78,5,U,-76,9.50"
RX,4132908,R35,TXI,N121,88,363481,E,1,0.87,0.84,5.0,U,-74.0,9.5,True,,2026-07-11T14:57:57.441+00:00,/dev/cu.usbserial-58870137921,"RX,4132908,R35,TXI,N121,88,363481,E,1,0.87,0.84,5,U,-74,9.50"
RX,4133050,R35,TXA,N01,361,363626,B,1,0.2,0.18,5.0,F,-79.0,9.75,True,,2026-07-11T14:57:57.584+00:00,/dev/cu.usbserial-58870137921,"RX,4133050,R35,TXA,N01,361,363626,B,1,0.20,0.18,5,F,-79,9.75"
RX,4133195,R35,TXK,N151,181,363763,C,1,0.81,0.78,5.0,U,-68.0,10.0,True,,2026-07-11T14:57:57.729+00:00,/dev/cu.usbserial-58870137921,"RX,4133195,R35,TXK,N151,181,363763,C,1,0.81,0.78,5,U,-68,10.00"
RX,4133802,R35,TXC,N31,89,364381,G,1,0.93,0.9,5.0,U,-79.0,9.5,True,,2026-07-11T14:57:58.336+00:00,/dev/cu.usbserial-58870137921,"RX,4133802,R35,TXC,N31,89,364381,G,1,0.93,0.90,5,U,-79,9.50"
RX,4134050,R35,TXA,N01,362,364626,C,1,0.81,0.78,5.0,F,-80.0,9.75,True,,2026-07-11T14:57:58.583+00:00,/dev/cu.usbserial-58870137921,"RX,4134050,R35,TXA,N01,362,364626,C,1,0.81,0.78,5,F,-80,9.75"
RX,4134318,R35,TXB,N16,180,364893,A,0,0.75,0.72,5.0,U,-81.0,9.75,True,,2026-07-11T14:57:58.852+00:00,/dev/cu.usbserial-58870137921,"RX,4134318,R35,TXB,N16,180,364893,A,0,0.75,0.72,5,U,-81,9.75"
RX,4134801,R35,TXE,N61,178,365382,E,1,0.87,0.84,5.0,U,-76.0,10.0,True,,2026-07-11T14:57:59.334+00:00,/dev/cu.usbserial-58870137921,"RX,4134801,R35,TXE,N61,178,365382,E,1,0.87,0.84,5,U,-76,10.00"
RX,4134908,R35,TXI,N121,89,365481,G,1,0.93,0.9,5.0,U,-73.0,9.75,True,,2026-07-11T14:57:59.441+00:00,/dev/cu.usbserial-58870137921,"RX,4134908,R35,TXI,N121,89,365481,G,1,0.93,0.90,5,U,-73,9.75"
RX,4135050,R35,TXA,N01,363,365626,D,0,0.24,0.22,5.0,F,-80.0,9.75,True,,2026-07-11T14:57:59.583+00:00,/dev/cu.usbserial-58870137921,"RX,4135050,R35,TXA,N01,363,365626,D,0,0.24,0.22,5,F,-80,9.75"
RX,4135195,R35,TXK,N151,182,365763,E,1,0.87,0.84,5.0,U,-68.0,10.25,True,,2026-07-11T14:57:59.728+00:00,/dev/cu.usbserial-58870137921,"RX,4135195,R35,TXK,N151,182,365763,E,1,0.87,0.84,5,U,-68,10.25"
RX,4136050,R35,TXA,N01,364,366626,E,1,0.87,0.84,5.0,F,-80.0,9.75,True,,2026-07-11T14:58:00.584+00:00,/dev/cu.usbserial-58870137921,"RX,4136050,R35,TXA,N01,364,366626,E,1,0.87,0.84,5,F,-80,9.75"
RX,4136318,R35,TXB,N16,181,366893,C,1,0.81,0.78,5.0,U,-81.0,9.75,True,,2026-07-11T14:58:00.852+00:00,/dev/cu.usbserial-58870137921,"RX,4136318,R35,TXB,N16,181,366893,C,1,0.81,0.78,5,U,-81,9.75"
RX,4136801,R35,TXE,N61,179,367382,G,1,0.93,0.9,5.0,U,-76.0,9.75,True,,2026-07-11T14:58:01.334+00:00,/dev/cu.usbserial-58870137921,"RX,4136801,R35,TXE,N61,179,367382,G,1,0.93,0.90,5,U,-76,9.75"
RX,4137050,R35,TXA,N01,365,367626,F,1,0.28,0.26,5.0,F,-80.0,9.25,True,,2026-07-11T14:58:01.584+00:00,/dev/cu.usbserial-58870137921,"RX,4137050,R35,TXA,N01,365,367626,F,1,0.28,0.26,5,F,-80,9.25"
RX,4137195,R35,TXK,N151,183,367763,G,0,0.93,0.9,5.0,U,-68.0,10.25,True,,2026-07-11T14:58:01.728+00:00,/dev/cu.usbserial-58870137921,"RX,4137195,R35,TXK,N151,183,367763,G,0,0.93,0.90,5,U,-68,10.25"
RX,4137549,R35,TXF,N76,90,368131,E,1,0.87,0.84,5.0,U,-75.0,9.5,True,,2026-07-11T14:58:02.082+00:00,/dev/cu.usbserial-58870137921,"RX,4137549,R35,TXF,N76,90,368131,E,1,0.87,0.84,5,U,-75,9.50"
RX,4137853,R35,TXD,N46,45,368430,G,0,0.93,0.9,5.0,U,-71.0,9.5,True,,2026-07-11T14:58:02.386+00:00,/dev/cu.usbserial-58870137921,"RX,4137853,R35,TXD,N46,45,368430,G,0,0.93,0.90,5,U,-71,9.50"
RX,4138050,R35,TXA,N01,366,368626,G,0,0.93,0.9,5.0,F,-79.0,9.25,True,,2026-07-11T14:58:02.584+00:00,/dev/cu.usbserial-58870137921,"RX,4138050,R35,TXA,N01,366,368626,G,0,0.93,0.90,5,F,-79,9.25"
RX,4138318,R35,TXB,N16,182,368893,E,1,0.87,0.84,5.0,U,-80.0,10.0,True,,2026-07-11T14:58:02.852+00:00,/dev/cu.usbserial-58870137921,"RX,4138318,R35,TXB,N16,182,368893,E,1,0.87,0.84,5,U,-80,10.00"
RX,4138498,R35,TXG,N91,44,369080,G,1,0.93,0.9,5.0,U,-82.0,9.5,True,,2026-07-11T14:58:03.032+00:00,/dev/cu.usbserial-58870137921,"RX,4138498,R35,TXG,N91,44,369080,G,1,0.93,0.90,5,U,-82,9.50"
RX,4138801,R35,TXE,N61,180,369382,A,0,0.75,0.72,5.0,U,-76.0,9.5,True,,2026-07-11T14:58:03.334+00:00,/dev/cu.usbserial-58870137921,"RX,4138801,R35,TXE,N61,180,369382,A,0,0.75,0.72,5,U,-76,9.50"
RX,4139050,R35,TXA,N01,367,369626,H,1,0.32,0.3,5.0,F,-79.0,9.75,True,,2026-07-11T14:58:03.583+00:00,/dev/cu.usbserial-58870137921,"RX,4139050,R35,TXA,N01,367,369626,H,1,0.32,0.30,5,F,-79,9.75"
RX,4139195,R35,TXK,N151,184,369763,A,1,0.75,0.72,5.0,U,-67.0,10.5,True,,2026-07-11T14:58:03.728+00:00,/dev/cu.usbserial-58870137921,"RX,4139195,R35,TXK,N151,184,369763,A,1,0.75,0.72,5,U,-67,10.50"
RX,4139549,R35,TXF,N76,91,370131,G,0,0.93,0.9,5.0,U,-74.0,9.5,True,,2026-07-11T14:58:04.082+00:00,/dev/cu.usbserial-58870137921,"RX,4139549,R35,TXF,N76,91,370131,G,0,0.93,0.90,5,U,-74,9.50"
RX,4139708,R35,TXJ,N136,44,370280,G,1,0.93,0.9,5.0,U,-75.0,10.0,True,,2026-07-11T14:58:04.241+00:00,/dev/cu.usbserial-58870137921,"RX,4139708,R35,TXJ,N136,44,370280,G,1,0.93,0.90,5,U,-75,10.00"
RX,4139802,R35,TXC,N31,90,370381,E,1,0.87,0.84,5.0,U,-79.0,9.75,True,,2026-07-11T14:58:04.336+00:00,/dev/cu.usbserial-58870137921,"RX,4139802,R35,TXC,N31,90,370381,E,1,0.87,0.84,5,U,-79,9.75"
RX,4140050,R35,TXA,N01,368,370626,A,1,0.75,0.72,5.0,F,-78.0,10.0,True,,2026-07-11T14:58:04.584+00:00,/dev/cu.usbserial-58870137921,"RX,4140050,R35,TXA,N01,368,370626,A,1,0.75,0.72,5,F,-78,10.00"
RX,4140318,R35,TXB,N16,183,370893,G,0,0.93,0.9,5.0,U,-81.0,10.0,True,,2026-07-11T14:58:04.852+00:00,/dev/cu.usbserial-58870137921,"RX,4140318,R35,TXB,N16,183,370893,G,0,0.93,0.90,5,U,-81,10.00"
RX,4140801,R35,TXE,N61,181,371382,C,1,0.81,0.78,5.0,U,-76.0,9.5,True,,2026-07-11T14:58:05.334+00:00,/dev/cu.usbserial-58870137921,"RX,4140801,R35,TXE,N61,181,371382,C,1,0.81,0.78,5,U,-76,9.50"
RX,4140908,R35,TXI,N121,90,371481,E,1,0.87,0.84,5.0,U,-73.0,10.0,True,,2026-07-11T14:58:05.441+00:00,/dev/cu.usbserial-58870137921,"RX,4140908,R35,TXI,N121,90,371481,E,1,0.87,0.84,5,U,-73,10.00"
RX,4141050,R35,TXA,N01,369,371626,B,0,0.2,0.18,5.0,F,-78.0,10.0,True,,2026-07-11T14:58:05.584+00:00,/dev/cu.usbserial-58870137921,"RX,4141050,R35,TXA,N01,369,371626,B,0,0.20,0.18,5,F,-78,10.00"
RX,4141195,R35,TXK,N151,185,371763,C,1,0.81,0.78,5.0,U,-67.0,10.0,True,,2026-07-11T14:58:05.729+00:00,/dev/cu.usbserial-58870137921,"RX,4141195,R35,TXK,N151,185,371763,C,1,0.81,0.78,5,U,-67,10.00"
RX,4141802,R35,TXC,N31,91,372381,G,0,0.93,0.9,5.0,U,-79.0,9.75,True,,2026-07-11T14:58:06.336+00:00,/dev/cu.usbserial-58870137921,"RX,4141802,R35,TXC,N31,91,372381,G,0,0.93,0.90,5,U,-79,9.75"
RX,4142050,R35,TXA,N01,370,372626,C,1,0.81,0.78,5.0,F,-79.0,9.5,True,,2026-07-11T14:58:06.584+00:00,/dev/cu.usbserial-58870137921,"RX,4142050,R35,TXA,N01,370,372626,C,1,0.81,0.78,5,F,-79,9.50"
RX,4142318,R35,TXB,N16,184,372893,A,1,0.75,0.72,5.0,U,-80.0,9.5,True,,2026-07-11T14:58:06.852+00:00,/dev/cu.usbserial-58870137921,"RX,4142318,R35,TXB,N16,184,372893,A,1,0.75,0.72,5,U,-80,9.50"
RX,4142801,R35,TXE,N61,182,373382,E,1,0.87,0.84,5.0,U,-76.0,9.75,True,,2026-07-11T14:58:07.334+00:00,/dev/cu.usbserial-58870137921,"RX,4142801,R35,TXE,N61,182,373382,E,1,0.87,0.84,5,U,-76,9.75"
RX,4142908,R35,TXI,N121,91,373481,G,0,0.93,0.9,5.0,U,-73.0,10.25,True,,2026-07-11T14:58:07.441+00:00,/dev/cu.usbserial-58870137921,"RX,4142908,R35,TXI,N121,91,373481,G,0,0.93,0.90,5,U,-73,10.25"
RX,4143050,R35,TXA,N01,371,373626,D,1,0.24,0.22,5.0,F,-79.0,9.5,True,,2026-07-11T14:58:07.584+00:00,/dev/cu.usbserial-58870137921,"RX,4143050,R35,TXA,N01,371,373626,D,1,0.24,0.22,5,F,-79,9.50"
RX,4143195,R35,TXK,N151,186,373763,E,0,0.87,0.84,5.0,U,-67.0,10.0,True,,2026-07-11T14:58:07.728+00:00,/dev/cu.usbserial-58870137921,"RX,4143195,R35,TXK,N151,186,373763,E,0,0.87,0.84,5,U,-67,10.00"
RX,4144050,R35,TXA,N01,372,374626,E,0,0.87,0.84,5.0,F,-79.0,9.75,True,,2026-07-11T14:58:08.584+00:00,/dev/cu.usbserial-58870137921,"RX,4144050,R35,TXA,N01,372,374626,E,0,0.87,0.84,5,F,-79,9.75"
RX,4144318,R35,TXB,N16,185,374893,C,1,0.81,0.78,5.0,U,-80.0,9.5,True,,2026-07-11T14:58:08.852+00:00,/dev/cu.usbserial-58870137921,"RX,4144318,R35,TXB,N16,185,374893,C,1,0.81,0.78,5,U,-80,9.50"
RX,4144801,R35,TXE,N61,183,375382,G,0,0.93,0.9,5.0,U,-76.0,9.75,True,,2026-07-11T14:58:09.334+00:00,/dev/cu.usbserial-58870137921,"RX,4144801,R35,TXE,N61,183,375382,G,0,0.93,0.90,5,U,-76,9.75"
RX,4145050,R35,TXA,N01,373,375626,F,1,0.28,0.26,5.0,F,-79.0,10.0,True,,2026-07-11T14:58:09.584+00:00,/dev/cu.usbserial-58870137921,"RX,4145050,R35,TXA,N01,373,375626,F,1,0.28,0.26,5,F,-79,10.00"
RX,4145195,R35,TXK,N151,187,375763,G,1,0.93,0.9,5.0,U,-68.0,10.25,True,,2026-07-11T14:58:09.729+00:00,/dev/cu.usbserial-58870137921,"RX,4145195,R35,TXK,N151,187,375763,G,1,0.93,0.90,5,U,-68,10.25"
RX,4145549,R35,TXF,N76,92,376131,E,0,0.87,0.84,5.0,U,-74.0,9.0,True,,2026-07-11T14:58:10.081+00:00,/dev/cu.usbserial-58870137921,"RX,4145549,R35,TXF,N76,92,376131,E,0,0.87,0.84,5,U,-74,9.00"
RX,4145853,R35,TXD,N46,46,376430,G,1,0.93,0.9,5.0,U,-71.0,9.75,True,,2026-07-11T14:58:10.386+00:00,/dev/cu.usbserial-58870137921,"RX,4145853,R35,TXD,N46,46,376430,G,1,0.93,0.90,5,U,-71,9.75"
RX,4146050,R35,TXA,N01,374,376626,G,1,0.93,0.9,5.0,F,-79.0,9.5,True,,2026-07-11T14:58:10.583+00:00,/dev/cu.usbserial-58870137921,"RX,4146050,R35,TXA,N01,374,376626,G,1,0.93,0.90,5,F,-79,9.50"
RX,4146318,R35,TXB,N16,186,376893,E,0,0.87,0.84,5.0,U,-80.0,9.75,True,,2026-07-11T14:58:10.851+00:00,/dev/cu.usbserial-58870137921,"RX,4146318,R35,TXB,N16,186,376893,E,0,0.87,0.84,5,U,-80,9.75"
RX,4146498,R35,TXG,N91,45,377080,G,0,0.93,0.9,5.0,U,-82.0,9.5,True,,2026-07-11T14:58:11.032+00:00,/dev/cu.usbserial-58870137921,"RX,4146498,R35,TXG,N91,45,377080,G,0,0.93,0.90,5,U,-82,9.50"
RX,4146801,R35,TXE,N61,184,377382,A,1,0.75,0.72,5.0,U,-76.0,9.5,True,,2026-07-11T14:58:11.334+00:00,/dev/cu.usbserial-58870137921,"RX,4146801,R35,TXE,N61,184,377382,A,1,0.75,0.72,5,U,-76,9.50"
RX,4147050,R35,TXA,N01,375,377626,H,0,0.32,0.3,5.0,F,-79.0,10.0,True,,2026-07-11T14:58:11.584+00:00,/dev/cu.usbserial-58870137921,"RX,4147050,R35,TXA,N01,375,377626,H,0,0.32,0.30,5,F,-79,10.00"
RX,4147195,R35,TXK,N151,188,377763,A,1,0.75,0.72,5.0,U,-68.0,10.0,True,,2026-07-11T14:58:11.729+00:00,/dev/cu.usbserial-58870137921,"RX,4147195,R35,TXK,N151,188,377763,A,1,0.75,0.72,5,U,-68,10.00"
RX,4147549,R35,TXF,N76,93,378131,G,1,0.93,0.9,5.0,U,-75.0,9.25,True,,2026-07-11T14:58:12.082+00:00,/dev/cu.usbserial-58870137921,"RX,4147549,R35,TXF,N76,93,378131,G,1,0.93,0.90,5,U,-75,9.25"
RX,4147708,R35,TXJ,N136,45,378280,G,0,0.93,0.9,5.0,U,-75.0,10.25,True,,2026-07-11T14:58:12.241+00:00,/dev/cu.usbserial-58870137921,"RX,4147708,R35,TXJ,N136,45,378280,G,0,0.93,0.90,5,U,-75,10.25"
RX,4147802,R35,TXC,N31,92,378381,E,0,0.87,0.84,5.0,U,-79.0,9.75,True,,2026-07-11T14:58:12.336+00:00,/dev/cu.usbserial-58870137921,"RX,4147802,R35,TXC,N31,92,378381,E,0,0.87,0.84,5,U,-79,9.75"
RX,4148050,R35,TXA,N01,376,378626,A,1,0.75,0.72,5.0,F,-79.0,9.75,True,,2026-07-11T14:58:12.584+00:00,/dev/cu.usbserial-58870137921,"RX,4148050,R35,TXA,N01,376,378626,A,1,0.75,0.72,5,F,-79,9.75"
RX,4148318,R35,TXB,N16,187,378893,G,1,0.93,0.9,5.0,U,-80.0,9.75,True,,2026-07-11T14:58:12.852+00:00,/dev/cu.usbserial-58870137921,"RX,4148318,R35,TXB,N16,187,378893,G,1,0.93,0.90,5,U,-80,9.75"
RX,4148801,R35,TXE,N61,185,379382,C,1,0.81,0.78,5.0,U,-76.0,9.75,True,,2026-07-11T14:58:13.334+00:00,/dev/cu.usbserial-58870137921,"RX,4148801,R35,TXE,N61,185,379382,C,1,0.81,0.78,5,U,-76,9.75"
RX,4148908,R35,TXI,N121,92,379481,E,0,0.87,0.84,5.0,U,-73.0,10.5,True,,2026-07-11T14:58:13.441+00:00,/dev/cu.usbserial-58870137921,"RX,4148908,R35,TXI,N121,92,379481,E,0,0.87,0.84,5,U,-73,10.50"
RX,4149050,R35,TXA,N01,377,379626,B,1,0.2,0.18,5.0,F,-79.0,9.25,True,,2026-07-11T14:58:13.584+00:00,/dev/cu.usbserial-58870137921,"RX,4149050,R35,TXA,N01,377,379626,B,1,0.20,0.18,5,F,-79,9.25"
RX,4149195,R35,TXK,N151,189,379763,C,0,0.81,0.78,5.0,U,-68.0,10.0,True,,2026-07-11T14:58:13.729+00:00,/dev/cu.usbserial-58870137921,"RX,4149195,R35,TXK,N151,189,379763,C,0,0.81,0.78,5,U,-68,10.00"
RX,4149802,R35,TXC,N31,93,380381,G,1,0.93,0.9,5.0,U,-78.0,9.75,True,,2026-07-11T14:58:14.336+00:00,/dev/cu.usbserial-58870137921,"RX,4149802,R35,TXC,N31,93,380381,G,1,0.93,0.90,5,U,-78,9.75"
RX,4150050,R35,TXA,N01,378,380626,C,0,0.81,0.78,5.0,F,-80.0,9.0,True,,2026-07-11T14:58:14.583+00:00,/dev/cu.usbserial-58870137921,"RX,4150050,R35,TXA,N01,378,380626,C,0,0.81,0.78,5,F,-80,9.00"
RX,4150318,R35,TXB,N16,188,380893,A,1,0.75,0.72,5.0,U,-81.0,10.25,True,,2026-07-11T14:58:14.852+00:00,/dev/cu.usbserial-58870137921,"RX,4150318,R35,TXB,N16,188,380893,A,1,0.75,0.72,5,U,-81,10.25"
RX,4150801,R35,TXE,N61,186,381382,E,0,0.87,0.84,5.0,U,-76.0,10.0,True,,2026-07-11T14:58:15.334+00:00,/dev/cu.usbserial-58870137921,"RX,4150801,R35,TXE,N61,186,381382,E,0,0.87,0.84,5,U,-76,10.00"
RX,4150908,R35,TXI,N121,93,381481,G,1,0.93,0.9,5.0,U,-73.0,10.25,True,,2026-07-11T14:58:15.441+00:00,/dev/cu.usbserial-58870137921,"RX,4150908,R35,TXI,N121,93,381481,G,1,0.93,0.90,5,U,-73,10.25"
RX,4151050,R35,TXA,N01,379,381626,D,1,0.24,0.22,5.0,F,-79.0,9.75,True,,2026-07-11T14:58:15.583+00:00,/dev/cu.usbserial-58870137921,"RX,4151050,R35,TXA,N01,379,381626,D,1,0.24,0.22,5,F,-79,9.75"
RX,4151195,R35,TXK,N151,190,381763,E,1,0.87,0.84,5.0,U,-68.0,9.75,True,,2026-07-11T14:58:15.729+00:00,/dev/cu.usbserial-58870137921,"RX,4151195,R35,TXK,N151,190,381763,E,1,0.87,0.84,5,U,-68,9.75"
RX,4152050,R35,TXA,N01,380,382626,E,1,0.87,0.84,5.0,F,-80.0,10.0,True,,2026-07-11T14:58:16.584+00:00,/dev/cu.usbserial-58870137921,"RX,4152050,R35,TXA,N01,380,382626,E,1,0.87,0.84,5,F,-80,10.00"
RX,4152318,R35,TXB,N16,189,382893,C,0,0.81,0.78,5.0,U,-80.0,9.5,True,,2026-07-11T14:58:16.852+00:00,/dev/cu.usbserial-58870137921,"RX,4152318,R35,TXB,N16,189,382893,C,0,0.81,0.78,5,U,-80,9.50"
RX,4152801,R35,TXE,N61,187,383382,G,1,0.93,0.9,5.0,U,-76.0,10.0,True,,2026-07-11T14:58:17.335+00:00,/dev/cu.usbserial-58870137921,"RX,4152801,R35,TXE,N61,187,383382,G,1,0.93,0.90,5,U,-76,10.00"
RX,4153050,R35,TXA,N01,381,383626,F,0,0.28,0.26,5.0,F,-80.0,9.5,True,,2026-07-11T14:58:17.584+00:00,/dev/cu.usbserial-58870137921,"RX,4153050,R35,TXA,N01,381,383626,F,0,0.28,0.26,5,F,-80,9.50"
RX,4153195,R35,TXK,N151,191,383763,G,1,0.93,0.9,5.0,U,-68.0,9.75,True,,2026-07-11T14:58:17.729+00:00,/dev/cu.usbserial-58870137921,"RX,4153195,R35,TXK,N151,191,383763,G,1,0.93,0.90,5,U,-68,9.75"
RX,4153548,R35,TXF,N76,94,384131,E,1,0.87,0.84,5.0,U,-74.0,9.75,True,,2026-07-11T14:58:18.083+00:00,/dev/cu.usbserial-58870137921,"RX,4153548,R35,TXF,N76,94,384131,E,1,0.87,0.84,5,U,-74,9.75"
RX,4153853,R35,TXD,N46,47,384430,G,1,0.93,0.9,5.0,U,-71.0,9.5,True,,2026-07-11T14:58:18.386+00:00,/dev/cu.usbserial-58870137921,"RX,4153853,R35,TXD,N46,47,384430,G,1,0.93,0.90,5,U,-71,9.50"
RX,4154050,R35,TXA,N01,382,384626,G,1,0.93,0.9,5.0,F,-80.0,9.5,True,,2026-07-11T14:58:18.584+00:00,/dev/cu.usbserial-58870137921,"RX,4154050,R35,TXA,N01,382,384626,G,1,0.93,0.90,5,F,-80,9.50"
RX,4154318,R35,TXB,N16,190,384893,E,1,0.87,0.84,5.0,U,-81.0,9.5,True,,2026-07-11T14:58:18.852+00:00,/dev/cu.usbserial-58870137921,"RX,4154318,R35,TXB,N16,190,384893,E,1,0.87,0.84,5,U,-81,9.50"
RX,4154498,R35,TXG,N91,46,385080,G,1,0.93,0.9,5.0,U,-83.0,9.5,True,,2026-07-11T14:58:19.032+00:00,/dev/cu.usbserial-58870137921,"RX,4154498,R35,TXG,N91,46,385080,G,1,0.93,0.90,5,U,-83,9.50"
RX,4154801,R35,TXE,N61,188,385382,A,1,0.75,0.72,5.0,U,-76.0,9.75,True,,2026-07-11T14:58:19.334+00:00,/dev/cu.usbserial-58870137921,"RX,4154801,R35,TXE,N61,188,385382,A,1,0.75,0.72,5,U,-76,9.75"
RX,4155050,R35,TXA,N01,383,385626,H,1,0.32,0.3,5.0,F,-79.0,9.5,True,,2026-07-11T14:58:19.583+00:00,/dev/cu.usbserial-58870137921,"RX,4155050,R35,TXA,N01,383,385626,H,1,0.32,0.30,5,F,-79,9.50"
RX,4155195,R35,TXK,N151,192,385763,A,1,0.75,0.72,5.0,U,-69.0,9.75,True,,2026-07-11T14:58:19.729+00:00,/dev/cu.usbserial-58870137921,"RX,4155195,R35,TXK,N151,192,385763,A,1,0.75,0.72,5,U,-69,9.75"
RX,4155548,R35,TXF,N76,95,386131,G,1,0.93,0.9,5.0,U,-74.0,10.25,True,,2026-07-11T14:58:20.082+00:00,/dev/cu.usbserial-58870137921,"RX,4155548,R35,TXF,N76,95,386131,G,1,0.93,0.90,5,U,-74,10.25"
RX,4155708,R35,TXJ,N136,46,386280,G,1,0.93,0.9,5.0,U,-76.0,9.75,True,,2026-07-11T14:58:20.241+00:00,/dev/cu.usbserial-58870137921,"RX,4155708,R35,TXJ,N136,46,386280,G,1,0.93,0.90,5,U,-76,9.75"
RX,4155802,R35,TXC,N31,94,386381,E,1,0.87,0.84,5.0,U,-77.0,9.75,True,,2026-07-11T14:58:20.336+00:00,/dev/cu.usbserial-58870137921,"RX,4155802,R35,TXC,N31,94,386381,E,1,0.87,0.84,5,U,-77,9.75"
RX,4156050,R35,TXA,N01,384,386626,A,1,0.75,0.72,5.0,F,-80.0,9.75,True,,2026-07-11T14:58:20.584+00:00,/dev/cu.usbserial-58870137921,"RX,4156050,R35,TXA,N01,384,386626,A,1,0.75,0.72,5,F,-80,9.75"
RX,4156318,R35,TXB,N16,191,386893,G,1,0.93,0.9,5.0,U,-80.0,10.0,True,,2026-07-11T14:58:20.852+00:00,/dev/cu.usbserial-58870137921,"RX,4156318,R35,TXB,N16,191,386893,G,1,0.93,0.90,5,U,-80,10.00"
RX,4156801,R35,TXE,N61,189,387382,C,0,0.81,0.78,5.0,U,-76.0,9.75,True,,2026-07-11T14:58:21.335+00:00,/dev/cu.usbserial-58870137921,"RX,4156801,R35,TXE,N61,189,387382,C,0,0.81,0.78,5,U,-76,9.75"
RX,4156908,R35,TXI,N121,94,387481,E,1,0.87,0.84,5.0,U,-73.0,10.0,True,,2026-07-11T14:58:21.441+00:00,/dev/cu.usbserial-58870137921,"RX,4156908,R35,TXI,N121,94,387481,E,1,0.87,0.84,5,U,-73,10.00"
RX,4157050,R35,TXA,N01,385,387626,B,0,0.2,0.18,5.0,F,-79.0,9.75,True,,2026-07-11T14:58:21.584+00:00,/dev/cu.usbserial-58870137921,"RX,4157050,R35,TXA,N01,385,387626,B,0,0.20,0.18,5,F,-79,9.75"
RX,4157195,R35,TXK,N151,193,387763,C,1,0.81,0.78,5.0,U,-68.0,10.0,True,,2026-07-11T14:58:21.728+00:00,/dev/cu.usbserial-58870137921,"RX,4157195,R35,TXK,N151,193,387763,C,1,0.81,0.78,5,U,-68,10.00"
RX,4157802,R35,TXC,N31,95,388381,G,1,0.93,0.9,5.0,U,-77.0,9.5,True,,2026-07-11T14:58:22.336+00:00,/dev/cu.usbserial-58870137921,"RX,4157802,R35,TXC,N31,95,388381,G,1,0.93,0.90,5,U,-77,9.50"
RX,4158050,R35,TXA,N01,386,388626,C,1,0.81,0.78,5.0,F,-80.0,8.75,True,,2026-07-11T14:58:22.583+00:00,/dev/cu.usbserial-58870137921,"RX,4158050,R35,TXA,N01,386,388626,C,1,0.81,0.78,5,F,-80,8.75"
RX,4158318,R35,TXB,N16,192,388893,A,1,0.75,0.72,5.0,U,-81.0,10.0,True,,2026-07-11T14:58:22.852+00:00,/dev/cu.usbserial-58870137921,"RX,4158318,R35,TXB,N16,192,388893,A,1,0.75,0.72,5,U,-81,10.00"
RX,4158801,R35,TXE,N61,190,389382,E,1,0.87,0.84,5.0,U,-76.0,9.75,True,,2026-07-11T14:58:23.335+00:00,/dev/cu.usbserial-58870137921,"RX,4158801,R35,TXE,N61,190,389382,E,1,0.87,0.84,5,U,-76,9.75"
RX,4158908,R35,TXI,N121,95,389481,G,1,0.93,0.9,5.0,U,-73.0,9.75,True,,2026-07-11T14:58:23.441+00:00,/dev/cu.usbserial-58870137921,"RX,4158908,R35,TXI,N121,95,389481,G,1,0.93,0.90,5,U,-73,9.75"
RX,4159050,R35,TXA,N01,387,389626,D,1,0.24,0.22,5.0,F,-80.0,9.5,True,,2026-07-11T14:58:23.583+00:00,/dev/cu.usbserial-58870137921,"RX,4159050,R35,TXA,N01,387,389626,D,1,0.24,0.22,5,F,-80,9.50"
RX,4159195,R35,TXK,N151,194,389763,E,0,0.87,0.84,5.0,U,-68.0,10.0,True,,2026-07-11T14:58:23.729+00:00,/dev/cu.usbserial-58870137921,"RX,4159195,R35,TXK,N151,194,389763,E,0,0.87,0.84,5,U,-68,10.00"
RX,4160050,R35,TXA,N01,388,390626,E,0,0.87,0.84,5.0,F,-80.0,9.0,True,,2026-07-11T14:58:24.584+00:00,/dev/cu.usbserial-58870137921,"RX,4160050,R35,TXA,N01,388,390626,E,0,0.87,0.84,5,F,-80,9.00"
RX,4160318,R35,TXB,N16,193,390893,C,1,0.81,0.78,5.0,U,-81.0,9.5,True,,2026-07-11T14:58:24.852+00:00,/dev/cu.usbserial-58870137921,"RX,4160318,R35,TXB,N16,193,390893,C,1,0.81,0.78,5,U,-81,9.50"
RX,4160801,R35,TXE,N61,191,391382,G,1,0.93,0.9,5.0,U,-76.0,9.25,True,,2026-07-11T14:58:25.335+00:00,/dev/cu.usbserial-58870137921,"RX,4160801,R35,TXE,N61,191,391382,G,1,0.93,0.90,5,U,-76,9.25"
RX,4161050,R35,TXA,N01,389,391626,F,1,0.28,0.26,5.0,F,-80.0,9.25,True,,2026-07-11T14:58:25.584+00:00,/dev/cu.usbserial-58870137921,"RX,4161050,R35,TXA,N01,389,391626,F,1,0.28,0.26,5,F,-80,9.25"
RX,4161342,R35,TXL,N166,24,391916,G,1,0.93,0.9,5.0,U,-81.0,9.5,True,,2026-07-11T14:58:25.876+00:00,/dev/cu.usbserial-58870137921,"RX,4161342,R35,TXL,N166,24,391916,G,1,0.93,0.90,5,U,-81,9.50"
RX,4161548,R35,TXF,N76,96,392131,E,0,0.87,0.84,5.0,U,-74.0,9.25,True,,2026-07-11T14:58:26.082+00:00,/dev/cu.usbserial-58870137921,"RX,4161548,R35,TXF,N76,96,392131,E,0,0.87,0.84,5,U,-74,9.25"
RX,4161853,R35,TXD,N46,48,392430,G,1,0.93,0.9,5.0,U,-71.0,9.75,True,,2026-07-11T14:58:26.386+00:00,/dev/cu.usbserial-58870137921,"RX,4161853,R35,TXD,N46,48,392430,G,1,0.93,0.90,5,U,-71,9.75"
RX,4162050,R35,TXA,N01,390,392626,G,1,0.93,0.9,5.0,F,-80.0,10.0,True,,2026-07-11T14:58:26.583+00:00,/dev/cu.usbserial-58870137921,"RX,4162050,R35,TXA,N01,390,392626,G,1,0.93,0.90,5,F,-80,10.00"
RX,4162318,R35,TXB,N16,194,392893,E,0,0.87,0.84,5.0,U,-81.0,9.75,True,,2026-07-11T14:58:26.852+00:00,/dev/cu.usbserial-58870137921,"RX,4162318,R35,TXB,N16,194,392893,E,0,0.87,0.84,5,U,-81,9.75"
RX,4162498,R35,TXG,N91,47,393080,G,1,0.93,0.9,5.0,U,-83.0,9.5,True,,2026-07-11T14:58:27.032+00:00,/dev/cu.usbserial-58870137921,"RX,4162498,R35,TXG,N91,47,393080,G,1,0.93,0.90,5,U,-83,9.50"
RX,4162801,R35,TXE,N61,192,393382,A,1,0.75,0.72,5.0,U,-76.0,9.75,True,,2026-07-11T14:58:27.334+00:00,/dev/cu.usbserial-58870137921,"RX,4162801,R35,TXE,N61,192,393382,A,1,0.75,0.72,5,U,-76,9.75"
RX,4163050,R35,TXA,N01,391,393626,H,0,0.32,0.3,5.0,F,-80.0,9.5,True,,2026-07-11T14:58:27.584+00:00,/dev/cu.usbserial-58870137921,"RX,4163050,R35,TXA,N01,391,393626,H,0,0.32,0.30,5,F,-80,9.50"
RX,4163195,R35,TXK,N151,196,393763,A,1,0.75,0.72,5.0,U,-68.0,10.5,True,,2026-07-11T14:58:27.729+00:00,/dev/cu.usbserial-58870137921,"RX,4163195,R35,TXK,N151,196,393763,A,1,0.75,0.72,5,U,-68,10.50"
RX,4163548,R35,TXF,N76,97,394131,G,1,0.93,0.9,5.0,U,-74.0,10.5,True,,2026-07-11T14:58:28.082+00:00,/dev/cu.usbserial-58870137921,"RX,4163548,R35,TXF,N76,97,394131,G,1,0.93,0.90,5,U,-74,10.50"
RX,4163707,R35,TXJ,N136,47,394280,G,1,0.93,0.9,5.0,U,-76.0,9.5,True,,2026-07-11T14:58:28.241+00:00,/dev/cu.usbserial-58870137921,"RX,4163707,R35,TXJ,N136,47,394280,G,1,0.93,0.90,5,U,-76,9.50"
RX,4163802,R35,TXC,N31,96,394381,E,0,0.87,0.84,5.0,U,-77.0,9.5,True,,2026-07-11T14:58:28.336+00:00,/dev/cu.usbserial-58870137921,"RX,4163802,R35,TXC,N31,96,394381,E,0,0.87,0.84,5,U,-77,9.50"
RX,4164050,R35,TXA,N01,392,394626,A,1,0.75,0.72,5.0,F,-80.0,9.5,True,,2026-07-11T14:58:28.584+00:00,/dev/cu.usbserial-58870137921,"RX,4164050,R35,TXA,N01,392,394626,A,1,0.75,0.72,5,F,-80,9.50"
RX,4164318,R35,TXB,N16,195,394893,G,1,0.93,0.9,5.0,U,-81.0,9.75,True,,2026-07-11T14:58:28.852+00:00,/dev/cu.usbserial-58870137921,"RX,4164318,R35,TXB,N16,195,394893,G,1,0.93,0.90,5,U,-81,9.75"
RX,4164801,R35,TXE,N61,193,395382,C,1,0.81,0.78,5.0,U,-76.0,9.75,True,,2026-07-11T14:58:29.335+00:00,/dev/cu.usbserial-58870137921,"RX,4164801,R35,TXE,N61,193,395382,C,1,0.81,0.78,5,U,-76,9.75"
RX,4164908,R35,TXI,N121,96,395481,E,0,0.87,0.84,5.0,U,-73.0,9.75,True,,2026-07-11T14:58:29.441+00:00,/dev/cu.usbserial-58870137921,"RX,4164908,R35,TXI,N121,96,395481,E,0,0.87,0.84,5,U,-73,9.75"
RX,4165050,R35,TXA,N01,393,395626,B,1,0.2,0.18,5.0,F,-81.0,9.75,True,,2026-07-11T14:58:29.583+00:00,/dev/cu.usbserial-58870137921,"RX,4165050,R35,TXA,N01,393,395626,B,1,0.20,0.18,5,F,-81,9.75"
RX,4165195,R35,TXK,N151,197,395763,C,0,0.81,0.78,5.0,U,-68.0,10.0,True,,2026-07-11T14:58:29.729+00:00,/dev/cu.usbserial-58870137921,"RX,4165195,R35,TXK,N151,197,395763,C,0,0.81,0.78,5,U,-68,10.00"
RX,4165802,R35,TXC,N31,97,396381,G,1,0.93,0.9,5.0,U,-76.0,9.75,True,,2026-07-11T14:58:30.336+00:00,/dev/cu.usbserial-58870137921,"RX,4165802,R35,TXC,N31,97,396381,G,1,0.93,0.90,5,U,-76,9.75"
RX,4166050,R35,TXA,N01,394,396626,C,0,0.81,0.78,5.0,F,-81.0,9.5,True,,2026-07-11T14:58:30.584+00:00,/dev/cu.usbserial-58870137921,"RX,4166050,R35,TXA,N01,394,396626,C,0,0.81,0.78,5,F,-81,9.50"
RX,4166318,R35,TXB,N16,196,396893,A,1,0.75,0.72,5.0,U,-81.0,9.75,True,,2026-07-11T14:58:30.852+00:00,/dev/cu.usbserial-58870137921,"RX,4166318,R35,TXB,N16,196,396893,A,1,0.75,0.72,5,U,-81,9.75"
RX,4166801,R35,TXE,N61,194,397382,E,0,0.87,0.84,5.0,U,-76.0,9.75,True,,2026-07-11T14:58:31.335+00:00,/dev/cu.usbserial-58870137921,"RX,4166801,R35,TXE,N61,194,397382,E,0,0.87,0.84,5,U,-76,9.75"
RX,4166908,R35,TXI,N121,97,397481,G,1,0.93,0.9,5.0,U,-73.0,10.25,True,,2026-07-11T14:58:31.441+00:00,/dev/cu.usbserial-58870137921,"RX,4166908,R35,TXI,N121,97,397481,G,1,0.93,0.90,5,U,-73,10.25"
RX,4167050,R35,TXA,N01,395,397626,D,1,0.24,0.22,5.0,F,-80.0,9.5,True,,2026-07-11T14:58:31.584+00:00,/dev/cu.usbserial-58870137921,"RX,4167050,R35,TXA,N01,395,397626,D,1,0.24,0.22,5,F,-80,9.50"
RX,4167195,R35,TXK,N151,198,397763,E,1,0.87,0.84,5.0,U,-68.0,10.0,True,,2026-07-11T14:58:31.729+00:00,/dev/cu.usbserial-58870137921,"RX,4167195,R35,TXK,N151,198,397763,E,1,0.87,0.84,5,U,-68,10.00"
RX,4168050,R35,TXA,N01,396,398626,E,1,0.87,0.84,5.0,F,-81.0,10.0,True,,2026-07-11T14:58:32.584+00:00,/dev/cu.usbserial-58870137921,"RX,4168050,R35,TXA,N01,396,398626,E,1,0.87,0.84,5,F,-81,10.00"
RX,4168318,R35,TXB,N16,197,398893,C,0,0.81,0.78,5.0,U,-81.0,9.75,True,,2026-07-11T14:58:32.852+00:00,/dev/cu.usbserial-58870137921,"RX,4168318,R35,TXB,N16,197,398893,C,0,0.81,0.78,5,U,-81,9.75"
RX,4168801,R35,TXE,N61,195,399382,G,1,0.93,0.9,5.0,U,-76.0,9.5,True,,2026-07-11T14:58:33.335+00:00,/dev/cu.usbserial-58870137921,"RX,4168801,R35,TXE,N61,195,399382,G,1,0.93,0.90,5,U,-76,9.50"
RX,4169050,R35,TXA,N01,397,399626,F,0,0.28,0.26,5.0,F,-81.0,10.0,True,,2026-07-11T14:58:33.584+00:00,/dev/cu.usbserial-58870137921,"RX,4169050,R35,TXA,N01,397,399626,F,0,0.28,0.26,5,F,-81,10.00"
RX,4169342,R35,TXL,N166,25,399916,G,1,0.93,0.9,5.0,U,-82.0,9.75,True,,2026-07-11T14:58:33.876+00:00,/dev/cu.usbserial-58870137921,"RX,4169342,R35,TXL,N166,25,399916,G,1,0.93,0.90,5,U,-82,9.75"
RX,4169548,R35,TXF,N76,98,400131,E,1,0.87,0.84,5.0,U,-74.0,9.25,True,,2026-07-11T14:58:34.082+00:00,/dev/cu.usbserial-58870137921,"RX,4169548,R35,TXF,N76,98,400131,E,1,0.87,0.84,5,U,-74,9.25"
RX,4169853,R35,TXD,N46,49,400430,G,1,0.93,0.9,5.0,U,-71.0,9.75,True,,2026-07-11T14:58:34.386+00:00,/dev/cu.usbserial-58870137921,"RX,4169853,R35,TXD,N46,49,400430,G,1,0.93,0.90,5,U,-71,9.75"
RX,4170050,R35,TXA,N01,398,400626,G,1,0.93,0.9,5.0,F,-80.0,9.75,True,,2026-07-11T14:58:34.584+00:00,/dev/cu.usbserial-58870137921,"RX,4170050,R35,TXA,N01,398,400626,G,1,0.93,0.90,5,F,-80,9.75"
RX,4170318,R35,TXB,N16,198,400893,E,1,0.87,0.84,5.0,U,-81.0,9.5,True,,2026-07-11T14:58:34.852+00:00,/dev/cu.usbserial-58870137921,"RX,4170318,R35,TXB,N16,198,400893,E,1,0.87,0.84,5,U,-81,9.50"
RX,4170498,R35,TXG,N91,48,401080,G,1,0.93,0.9,5.0,U,-83.0,9.25,True,,2026-07-11T14:58:35.032+00:00,/dev/cu.usbserial-58870137921,"RX,4170498,R35,TXG,N91,48,401080,G,1,0.93,0.90,5,U,-83,9.25"
RX,4170801,R35,TXE,N61,196,401382,A,1,0.75,0.72,5.0,U,-76.0,9.5,True,,2026-07-11T14:58:35.335+00:00,/dev/cu.usbserial-58870137921,"RX,4170801,R35,TXE,N61,196,401382,A,1,0.75,0.72,5,U,-76,9.50"
RX,4171050,R35,TXA,N01,399,401626,H,1,0.32,0.3,5.0,F,-80.0,9.5,True,,2026-07-11T14:58:35.584+00:00,/dev/cu.usbserial-58870137921,"RX,4171050,R35,TXA,N01,399,401626,H,1,0.32,0.30,5,F,-80,9.50"
RX,4171195,R35,TXK,N151,200,401763,A,0,0.75,0.72,5.0,U,-67.0,10.25,True,,2026-07-11T14:58:35.729+00:00,/dev/cu.usbserial-58870137921,"RX,4171195,R35,TXK,N151,200,401763,A,0,0.75,0.72,5,U,-67,10.25"
RX,4171548,R35,TXF,N76,99,402131,G,1,0.93,0.9,5.0,U,-74.0,9.5,True,,2026-07-11T14:58:36.082+00:00,/dev/cu.usbserial-58870137921,"RX,4171548,R35,TXF,N76,99,402131,G,1,0.93,0.90,5,U,-74,9.50"
RX,4171707,R35,TXJ,N136,48,402280,G,1,0.93,0.9,5.0,U,-76.0,9.5,True,,2026-07-11T14:58:36.241+00:00,/dev/cu.usbserial-58870137921,"RX,4171707,R35,TXJ,N136,48,402280,G,1,0.93,0.90,5,U,-76,9.50"
RX,4171802,R35,TXC,N31,98,402381,E,1,0.87,0.84,5.0,U,-77.0,9.5,True,,2026-07-11T14:58:36.336+00:00,/dev/cu.usbserial-58870137921,"RX,4171802,R35,TXC,N31,98,402381,E,1,0.87,0.84,5,U,-77,9.50"
RX,4172050,R35,TXA,N01,400,402626,A,0,0.75,0.72,5.0,F,-80.0,10.0,True,,2026-07-11T14:58:36.584+00:00,/dev/cu.usbserial-58870137921,"RX,4172050,R35,TXA,N01,400,402626,A,0,0.75,0.72,5,F,-80,10.00"
RX,4172318,R35,TXB,N16,199,402893,G,1,0.93,0.9,5.0,U,-81.0,9.5,True,,2026-07-11T14:58:36.852+00:00,/dev/cu.usbserial-58870137921,"RX,4172318,R35,TXB,N16,199,402893,G,1,0.93,0.90,5,U,-81,9.50"
RX,4172801,R35,TXE,N61,197,403382,C,0,0.81,0.78,5.0,U,-77.0,9.25,True,,2026-07-11T14:58:37.335+00:00,/dev/cu.usbserial-58870137921,"RX,4172801,R35,TXE,N61,197,403382,C,0,0.81,0.78,5,U,-77,9.25"
RX,4172908,R35,TXI,N121,98,403481,E,1,0.87,0.84,5.0,U,-73.0,9.75,True,,2026-07-11T14:58:37.441+00:00,/dev/cu.usbserial-58870137921,"RX,4172908,R35,TXI,N121,98,403481,E,1,0.87,0.84,5,U,-73,9.75"
RX,4173050,R35,TXA,N01,401,403626,B,1,0.2,0.18,5.0,F,-80.0,9.5,True,,2026-07-11T14:58:37.584+00:00,/dev/cu.usbserial-58870137921,"RX,4173050,R35,TXA,N01,401,403626,B,1,0.20,0.18,5,F,-80,9.50"
RX,4173195,R35,TXK,N151,201,403763,C,1,0.81,0.78,5.0,U,-68.0,10.0,True,,2026-07-11T14:58:37.729+00:00,/dev/cu.usbserial-58870137921,"RX,4173195,R35,TXK,N151,201,403763,C,1,0.81,0.78,5,U,-68,10.00"
RX,4173802,R35,TXC,N31,99,404381,G,1,0.93,0.9,5.0,U,-76.0,9.75,True,,2026-07-11T14:58:38.336+00:00,/dev/cu.usbserial-58870137921,"RX,4173802,R35,TXC,N31,99,404381,G,1,0.93,0.90,5,U,-76,9.75"
RX,4174050,R35,TXA,N01,402,404626,C,1,0.81,0.78,5.0,F,-80.0,9.25,True,,2026-07-11T14:58:38.584+00:00,/dev/cu.usbserial-58870137921,"RX,4174050,R35,TXA,N01,402,404626,C,1,0.81,0.78,5,F,-80,9.25"
RX,4174318,R35,TXB,N16,200,404893,A,0,0.75,0.72,5.0,U,-81.0,9.75,True,,2026-07-11T14:58:38.852+00:00,/dev/cu.usbserial-58870137921,"RX,4174318,R35,TXB,N16,200,404893,A,0,0.75,0.72,5,U,-81,9.75"
RX,4174801,R35,TXE,N61,198,405382,E,1,0.87,0.84,5.0,U,-76.0,9.5,True,,2026-07-11T14:58:39.335+00:00,/dev/cu.usbserial-58870137921,"RX,4174801,R35,TXE,N61,198,405382,E,1,0.87,0.84,5,U,-76,9.50"
RX,4174908,R35,TXI,N121,99,405481,G,1,0.93,0.9,5.0,U,-73.0,10.0,True,,2026-07-11T14:58:39.441+00:00,/dev/cu.usbserial-58870137921,"RX,4174908,R35,TXI,N121,99,405481,G,1,0.93,0.90,5,U,-73,10.00"
RX,4175050,R35,TXA,N01,403,405626,D,0,0.24,0.22,5.0,F,-80.0,9.75,True,,2026-07-11T14:58:39.584+00:00,/dev/cu.usbserial-58870137921,"RX,4175050,R35,TXA,N01,403,405626,D,0,0.24,0.22,5,F,-80,9.75"
RX,4175195,R35,TXK,N151,202,405763,E,1,0.87,0.84,5.0,U,-67.0,10.25,True,,2026-07-11T14:58:39.729+00:00,/dev/cu.usbserial-58870137921,"RX,4175195,R35,TXK,N151,202,405763,E,1,0.87,0.84,5,U,-67,10.25"
RX,4176050,R35,TXA,N01,404,406626,E,1,0.87,0.84,5.0,F,-81.0,9.25,True,,2026-07-11T14:58:40.584+00:00,/dev/cu.usbserial-58870137921,"RX,4176050,R35,TXA,N01,404,406626,E,1,0.87,0.84,5,F,-81,9.25"
RX,4176318,R35,TXB,N16,201,406893,C,1,0.81,0.78,5.0,U,-81.0,9.5,True,,2026-07-11T14:58:40.852+00:00,/dev/cu.usbserial-58870137921,"RX,4176318,R35,TXB,N16,201,406893,C,1,0.81,0.78,5,U,-81,9.50"
RX,4176801,R35,TXE,N61,199,407382,G,1,0.93,0.9,5.0,U,-76.0,9.5,True,,2026-07-11T14:58:41.335+00:00,/dev/cu.usbserial-58870137921,"RX,4176801,R35,TXE,N61,199,407382,G,1,0.93,0.90,5,U,-76,9.50"
RX,4177050,R35,TXA,N01,405,407626,F,1,0.28,0.26,5.0,F,-80.0,10.0,True,,2026-07-11T14:58:41.584+00:00,/dev/cu.usbserial-58870137921,"RX,4177050,R35,TXA,N01,405,407626,F,1,0.28,0.26,5,F,-80,10.00"
RX,4177342,R35,TXL,N166,26,407916,G,0,0.93,0.9,5.0,U,-81.0,9.5,True,,2026-07-11T14:58:41.876+00:00,/dev/cu.usbserial-58870137921,"RX,4177342,R35,TXL,N166,26,407916,G,0,0.93,0.90,5,U,-81,9.50"
RX,4177548,R35,TXF,N76,100,408131,E,1,0.87,0.84,5.0,U,-74.0,9.5,True,,2026-07-11T14:58:42.083+00:00,/dev/cu.usbserial-58870137921,"RX,4177548,R35,TXF,N76,100,408131,E,1,0.87,0.84,5,U,-74,9.50"
RX,4177853,R35,TXD,N46,50,408430,G,0,0.93,0.9,5.0,U,-71.0,9.75,True,,2026-07-11T14:58:42.386+00:00,/dev/cu.usbserial-58870137921,"RX,4177853,R35,TXD,N46,50,408430,G,0,0.93,0.90,5,U,-71,9.75"
RX,4178050,R35,TXA,N01,406,408626,G,0,0.93,0.9,5.0,F,-81.0,9.25,True,,2026-07-11T14:58:42.584+00:00,/dev/cu.usbserial-58870137921,"RX,4178050,R35,TXA,N01,406,408626,G,0,0.93,0.90,5,F,-81,9.25"
RX,4178318,R35,TXB,N16,202,408893,E,1,0.87,0.84,5.0,U,-81.0,9.75,True,,2026-07-11T14:58:42.852+00:00,/dev/cu.usbserial-58870137921,"RX,4178318,R35,TXB,N16,202,408893,E,1,0.87,0.84,5,U,-81,9.75"
RX,4178498,R35,TXG,N91,49,409080,G,1,0.93,0.9,5.0,U,-82.0,9.5,True,,2026-07-11T14:58:43.032+00:00,/dev/cu.usbserial-58870137921,"RX,4178498,R35,TXG,N91,49,409080,G,1,0.93,0.90,5,U,-82,9.50"
RX,4178801,R35,TXE,N61,200,409382,A,0,0.75,0.72,5.0,U,-77.0,9.75,True,,2026-07-11T14:58:43.335+00:00,/dev/cu.usbserial-58870137921,"RX,4178801,R35,TXE,N61,200,409382,A,0,0.75,0.72,5,U,-77,9.75"
RX,4179050,R35,TXA,N01,407,409626,H,1,0.32,0.3,5.0,F,-80.0,10.0,True,,2026-07-11T14:58:43.584+00:00,/dev/cu.usbserial-58870137921,"RX,4179050,R35,TXA,N01,407,409626,H,1,0.32,0.30,5,F,-80,10.00"
RX,4179195,R35,TXK,N151,204,409763,A,1,0.75,0.72,5.0,U,-68.0,10.25,True,,2026-07-11T14:58:43.729+00:00,/dev/cu.usbserial-58870137921,"RX,4179195,R35,TXK,N151,204,409763,A,1,0.75,0.72,5,U,-68,10.25"
RX,4179548,R35,TXF,N76,101,410131,G,0,0.93,0.9,5.0,U,-74.0,9.5,True,,2026-07-11T14:58:44.082+00:00,/dev/cu.usbserial-58870137921,"RX,4179548,R35,TXF,N76,101,410131,G,0,0.93,0.90,5,U,-74,9.50"
RX,4179707,R35,TXJ,N136,49,410280,G,1,0.93,0.9,5.0,U,-76.0,9.5,True,,2026-07-11T14:58:44.241+00:00,/dev/cu.usbserial-58870137921,"RX,4179707,R35,TXJ,N136,49,410280,G,1,0.93,0.90,5,U,-76,9.50"
RX,4179802,R35,TXC,N31,100,410381,E,1,0.87,0.84,5.0,U,-78.0,12.0,True,,2026-07-11T14:58:44.335+00:00,/dev/cu.usbserial-58870137921,"RX,4179802,R35,TXC,N31,100,410381,E,1,0.87,0.84,5,U,-78,12.00"
RX,4180050,R35,TXA,N01,408,410626,A,1,0.75,0.72,5.0,F,-81.0,9.5,True,,2026-07-11T14:58:44.584+00:00,/dev/cu.usbserial-58870137921,"RX,4180050,R35,TXA,N01,408,410626,A,1,0.75,0.72,5,F,-81,9.50"
RX,4180318,R35,TXB,N16,203,410893,G,0,0.93,0.9,5.0,U,-81.0,9.75,True,,2026-07-11T14:58:44.851+00:00,/dev/cu.usbserial-58870137921,"RX,4180318,R35,TXB,N16,203,410893,G,0,0.93,0.90,5,U,-81,9.75"
RX,4180801,R35,TXE,N61,201,411382,C,1,0.81,0.78,5.0,U,-77.0,9.75,True,,2026-07-11T14:58:45.335+00:00,/dev/cu.usbserial-58870137921,"RX,4180801,R35,TXE,N61,201,411382,C,1,0.81,0.78,5,U,-77,9.75"
RX,4180913,R35,TXI,N121,100,411481,E,1,0.87,0.84,5.0,U,-73.0,10.25,True,,2026-07-11T14:58:45.446+00:00,/dev/cu.usbserial-58870137921,"RX,4180913,R35,TXI,N121,100,411481,E,1,0.87,0.84,5,U,-73,10.25"
RX,4181050,R35,TXA,N01,409,411626,B,0,0.2,0.18,5.0,F,-80.0,9.75,True,,2026-07-11T14:58:45.584+00:00,/dev/cu.usbserial-58870137921,"RX,4181050,R35,TXA,N01,409,411626,B,0,0.20,0.18,5,F,-80,9.75"
RX,4181195,R35,TXK,N151,205,411763,C,1,0.81,0.78,5.0,U,-66.0,10.25,True,,2026-07-11T14:58:45.729+00:00,/dev/cu.usbserial-58870137921,"RX,4181195,R35,TXK,N151,205,411763,C,1,0.81,0.78,5,U,-66,10.25"
RX,4181802,R35,TXC,N31,101,412381,G,0,0.93,0.9,5.0,U,-77.0,9.5,True,,2026-07-11T14:58:46.336+00:00,/dev/cu.usbserial-58870137921,"RX,4181802,R35,TXC,N31,101,412381,G,0,0.93,0.90,5,U,-77,9.50"
RX,4182050,R35,TXA,N01,410,412626,C,1,0.81,0.78,5.0,F,-80.0,9.5,True,,2026-07-11T14:58:46.584+00:00,/dev/cu.usbserial-58870137921,"RX,4182050,R35,TXA,N01,410,412626,C,1,0.81,0.78,5,F,-80,9.50"
RX,4182318,R35,TXB,N16,204,412893,A,1,0.75,0.72,5.0,U,-81.0,9.75,True,,2026-07-11T14:58:46.852+00:00,/dev/cu.usbserial-58870137921,"RX,4182318,R35,TXB,N16,204,412893,A,1,0.75,0.72,5,U,-81,9.75"
RX,4182801,R35,TXE,N61,202,413382,E,1,0.87,0.84,5.0,U,-77.0,9.75,True,,2026-07-11T14:58:47.335+00:00,/dev/cu.usbserial-58870137921,"RX,4182801,R35,TXE,N61,202,413382,E,1,0.87,0.84,5,U,-77,9.75"
RX,4182913,R35,TXI,N121,101,413481,G,0,0.93,0.9,5.0,U,-73.0,10.25,True,,2026-07-11T14:58:47.446+00:00,/dev/cu.usbserial-58870137921,"RX,4182913,R35,TXI,N121,101,413481,G,0,0.93,0.90,5,U,-73,10.25"
RX,4183050,R35,TXA,N01,411,413626,D,1,0.24,0.22,5.0,F,-79.0,9.75,True,,2026-07-11T14:58:47.584+00:00,/dev/cu.usbserial-58870137921,"RX,4183050,R35,TXA,N01,411,413626,D,1,0.24,0.22,5,F,-79,9.75"
RX,4183195,R35,TXK,N151,206,413763,E,0,0.87,0.84,5.0,U,-68.0,9.75,True,,2026-07-11T14:58:47.729+00:00,/dev/cu.usbserial-58870137921,"RX,4183195,R35,TXK,N151,206,413763,E,0,0.87,0.84,5,U,-68,9.75"
RX,4184050,R35,TXA,N01,412,414626,E,0,0.87,0.84,5.0,F,-80.0,9.75,True,,2026-07-11T14:58:48.584+00:00,/dev/cu.usbserial-58870137921,"RX,4184050,R35,TXA,N01,412,414626,E,0,0.87,0.84,5,F,-80,9.75"
RX,4184318,R35,TXB,N16,205,414893,C,1,0.81,0.78,5.0,U,-81.0,9.5,True,,2026-07-11T14:58:48.852+00:00,/dev/cu.usbserial-58870137921,"RX,4184318,R35,TXB,N16,205,414893,C,1,0.81,0.78,5,U,-81,9.50"
RX,4184801,R35,TXE,N61,203,415382,G,0,0.93,0.9,5.0,U,-77.0,9.75,True,,2026-07-11T14:58:49.335+00:00,/dev/cu.usbserial-58870137921,"RX,4184801,R35,TXE,N61,203,415382,G,0,0.93,0.90,5,U,-77,9.75"
RX,4185050,R35,TXA,N01,413,415626,F,1,0.28,0.26,5.0,F,-81.0,9.25,True,,2026-07-11T14:58:49.584+00:00,/dev/cu.usbserial-58870137921,"RX,4185050,R35,TXA,N01,413,415626,F,1,0.28,0.26,5,F,-81,9.25"
RX,4185342,R35,TXL,N166,27,415916,G,1,0.93,0.9,5.0,U,-82.0,9.5,True,,2026-07-11T14:58:49.876+00:00,/dev/cu.usbserial-58870137921,"RX,4185342,R35,TXL,N166,27,415916,G,1,0.93,0.90,5,U,-82,9.50"
RX,4185548,R35,TXF,N76,102,416131,E,0,0.87,0.84,5.0,U,-74.0,9.25,True,,2026-07-11T14:58:50.082+00:00,/dev/cu.usbserial-58870137921,"RX,4185548,R35,TXF,N76,102,416131,E,0,0.87,0.84,5,U,-74,9.25"
RX,4185853,R35,TXD,N46,51,416430,G,1,0.93,0.9,5.0,U,-71.0,10.0,True,,2026-07-11T14:58:50.386+00:00,/dev/cu.usbserial-58870137921,"RX,4185853,R35,TXD,N46,51,416430,G,1,0.93,0.90,5,U,-71,10.00"
RX,4186050,R35,TXA,N01,414,416626,G,1,0.93,0.9,5.0,F,-80.0,9.5,True,,2026-07-11T14:58:50.584+00:00,/dev/cu.usbserial-58870137921,"RX,4186050,R35,TXA,N01,414,416626,G,1,0.93,0.90,5,F,-80,9.50"
RX,4186318,R35,TXB,N16,206,416893,E,0,0.87,0.84,5.0,U,-81.0,9.25,True,,2026-07-11T14:58:50.852+00:00,/dev/cu.usbserial-58870137921,"RX,4186318,R35,TXB,N16,206,416893,E,0,0.87,0.84,5,U,-81,9.25"
RX,4186498,R35,TXG,N91,50,417080,G,0,0.93,0.9,5.0,U,-82.0,10.0,True,,2026-07-11T14:58:51.032+00:00,/dev/cu.usbserial-58870137921,"RX,4186498,R35,TXG,N91,50,417080,G,0,0.93,0.90,5,U,-82,10.00"
RX,4186801,R35,TXE,N61,204,417382,A,1,0.75,0.72,5.0,U,-76.0,9.5,True,,2026-07-11T14:58:51.335+00:00,/dev/cu.usbserial-58870137921,"RX,4186801,R35,TXE,N61,204,417382,A,1,0.75,0.72,5,U,-76,9.50"
RX,4187050,R35,TXA,N01,415,417626,H,0,0.32,0.3,5.0,F,-81.0,10.0,True,,2026-07-11T14:58:51.584+00:00,/dev/cu.usbserial-58870137921,"RX,4187050,R35,TXA,N01,415,417626,H,0,0.32,0.30,5,F,-81,10.00"
RX,4187195,R35,TXK,N151,208,417763,A,1,0.75,0.72,5.0,U,-68.0,10.0,True,,2026-07-11T14:58:51.729+00:00,/dev/cu.usbserial-58870137921,"RX,4187195,R35,TXK,N151,208,417763,A,1,0.75,0.72,5,U,-68,10.00"
RX,4187548,R35,TXF,N76,103,418131,G,1,0.93,0.9,5.0,U,-74.0,9.5,True,,2026-07-11T14:58:52.082+00:00,/dev/cu.usbserial-58870137921,"RX,4187548,R35,TXF,N76,103,418131,G,1,0.93,0.90,5,U,-74,9.50"
RX,4187707,R35,TXJ,N136,50,418280,G,0,0.93,0.9,5.0,U,-76.0,9.75,True,,2026-07-11T14:58:52.241+00:00,/dev/cu.usbserial-58870137921,"RX,4187707,R35,TXJ,N136,50,418280,G,0,0.93,0.90,5,U,-76,9.75"
RX,4187802,R35,TXC,N31,102,418381,E,0,0.87,0.84,5.0,U,-77.0,10.0,True,,2026-07-11T14:58:52.335+00:00,/dev/cu.usbserial-58870137921,"RX,4187802,R35,TXC,N31,102,418381,E,0,0.87,0.84,5,U,-77,10.00"
RX,4188050,R35,TXA,N01,416,418626,A,1,0.75,0.72,5.0,F,-80.0,9.5,True,,2026-07-11T14:58:52.584+00:00,/dev/cu.usbserial-58870137921,"RX,4188050,R35,TXA,N01,416,418626,A,1,0.75,0.72,5,F,-80,9.50"
RX,4188318,R35,TXB,N16,207,418893,G,1,0.93,0.9,5.0,U,-81.0,9.75,True,,2026-07-11T14:58:52.852+00:00,/dev/cu.usbserial-58870137921,"RX,4188318,R35,TXB,N16,207,418893,G,1,0.93,0.90,5,U,-81,9.75"
RX,4188801,R35,TXE,N61,205,419382,C,1,0.81,0.78,5.0,U,-77.0,9.5,True,,2026-07-11T14:58:53.335+00:00,/dev/cu.usbserial-58870137921,"RX,4188801,R35,TXE,N61,205,419382,C,1,0.81,0.78,5,U,-77,9.50"
RX,4188913,R35,TXI,N121,102,419481,E,0,0.87,0.84,5.0,U,-73.0,10.5,True,,2026-07-11T14:58:53.446+00:00,/dev/cu.usbserial-58870137921,"RX,4188913,R35,TXI,N121,102,419481,E,0,0.87,0.84,5,U,-73,10.50"
RX,4189050,R35,TXA,N01,417,419626,B,1,0.2,0.18,5.0,F,-80.0,9.0,True,,2026-07-11T14:58:53.584+00:00,/dev/cu.usbserial-58870137921,"RX,4189050,R35,TXA,N01,417,419626,B,1,0.20,0.18,5,F,-80,9.00"
RX,4189195,R35,TXK,N151,209,419763,C,0,0.81,0.78,5.0,U,-68.0,10.25,True,,2026-07-11T14:58:53.729+00:00,/dev/cu.usbserial-58870137921,"RX,4189195,R35,TXK,N151,209,419763,C,0,0.81,0.78,5,U,-68,10.25"
RX,4189802,R35,TXC,N31,103,420381,G,1,0.93,0.9,5.0,U,-77.0,9.5,True,,2026-07-11T14:58:54.336+00:00,/dev/cu.usbserial-58870137921,"RX,4189802,R35,TXC,N31,103,420381,G,1,0.93,0.90,5,U,-77,9.50"
RX,4190050,R35,TXA,N01,418,420626,C,0,0.81,0.78,5.0,F,-80.0,9.5,True,,2026-07-11T14:58:54.584+00:00,/dev/cu.usbserial-58870137921,"RX,4190050,R35,TXA,N01,418,420626,C,0,0.81,0.78,5,F,-80,9.50"
RX,4190318,R35,TXB,N16,208,420893,A,1,0.75,0.72,5.0,U,-81.0,10.25,True,,2026-07-11T14:58:54.852+00:00,/dev/cu.usbserial-58870137921,"RX,4190318,R35,TXB,N16,208,420893,A,1,0.75,0.72,5,U,-81,10.25"
RX,4190801,R35,TXE,N61,206,421382,E,0,0.87,0.84,5.0,U,-77.0,9.75,True,,2026-07-11T14:58:55.335+00:00,/dev/cu.usbserial-58870137921,"RX,4190801,R35,TXE,N61,206,421382,E,0,0.87,0.84,5,U,-77,9.75"
RX,4190913,R35,TXI,N121,103,421481,G,1,0.93,0.9,5.0,U,-73.0,10.0,True,,2026-07-11T14:58:55.446+00:00,/dev/cu.usbserial-58870137921,"RX,4190913,R35,TXI,N121,103,421481,G,1,0.93,0.90,5,U,-73,10.00"
RX,4191050,R35,TXA,N01,419,421626,D,1,0.24,0.22,5.0,F,-80.0,9.75,True,,2026-07-11T14:58:55.584+00:00,/dev/cu.usbserial-58870137921,"RX,4191050,R35,TXA,N01,419,421626,D,1,0.24,0.22,5,F,-80,9.75"
RX,4191195,R35,TXK,N151,210,421763,E,1,0.87,0.84,5.0,U,-67.0,10.25,True,,2026-07-11T14:58:55.729+00:00,/dev/cu.usbserial-58870137921,"RX,4191195,R35,TXK,N151,210,421763,E,1,0.87,0.84,5,U,-67,10.25"
RX,4192050,R35,TXA,N01,420,422626,E,1,0.87,0.84,5.0,F,-81.0,9.25,True,,2026-07-11T14:58:56.584+00:00,/dev/cu.usbserial-58870137921,"RX,4192050,R35,TXA,N01,420,422626,E,1,0.87,0.84,5,F,-81,9.25"
RX,4192318,R35,TXB,N16,209,422893,C,0,0.81,0.78,5.0,U,-80.0,10.0,True,,2026-07-11T14:58:56.852+00:00,/dev/cu.usbserial-58870137921,"RX,4192318,R35,TXB,N16,209,422893,C,0,0.81,0.78,5,U,-80,10.00"
RX,4192801,R35,TXE,N61,207,423382,G,1,0.93,0.9,5.0,U,-76.0,10.0,True,,2026-07-11T14:58:57.335+00:00,/dev/cu.usbserial-58870137921,"RX,4192801,R35,TXE,N61,207,423382,G,1,0.93,0.90,5,U,-76,10.00"
RX,4193050,R35,TXA,N01,421,423626,F,0,0.28,0.26,5.0,F,-80.0,9.25,True,,2026-07-11T14:58:57.584+00:00,/dev/cu.usbserial-58870137921,"RX,4193050,R35,TXA,N01,421,423626,F,0,0.28,0.26,5,F,-80,9.25"
RX,4193195,R35,TXK,N151,211,423763,G,1,0.93,0.9,5.0,U,-68.0,10.25,True,,2026-07-11T14:58:57.729+00:00,/dev/cu.usbserial-58870137921,"RX,4193195,R35,TXK,N151,211,423763,G,1,0.93,0.90,5,U,-68,10.25"
RX,4193548,R35,TXF,N76,104,424131,E,1,0.87,0.84,5.0,U,-75.0,9.75,True,,2026-07-11T14:58:58.082+00:00,/dev/cu.usbserial-58870137921,"RX,4193548,R35,TXF,N76,104,424131,E,1,0.87,0.84,5,U,-75,9.75"
RX,4193853,R35,TXD,N46,52,424430,G,1,0.93,0.9,5.0,U,-71.0,9.75,True,,2026-07-11T14:58:58.386+00:00,/dev/cu.usbserial-58870137921,"RX,4193853,R35,TXD,N46,52,424430,G,1,0.93,0.90,5,U,-71,9.75"
RX,4194050,R35,TXA,N01,422,424626,G,1,0.93,0.9,5.0,F,-80.0,9.5,True,,2026-07-11T14:58:58.584+00:00,/dev/cu.usbserial-58870137921,"RX,4194050,R35,TXA,N01,422,424626,G,1,0.93,0.90,5,F,-80,9.50"
RX,4194318,R35,TXB,N16,210,424893,E,1,0.87,0.84,5.0,U,-80.0,9.5,True,,2026-07-11T14:58:58.852+00:00,/dev/cu.usbserial-58870137921,"RX,4194318,R35,TXB,N16,210,424893,E,1,0.87,0.84,5,U,-80,9.50"
RX,4194498,R35,TXG,N91,51,425080,G,1,0.93,0.9,5.0,U,-84.0,9.25,True,,2026-07-11T14:58:59.032+00:00,/dev/cu.usbserial-58870137921,"RX,4194498,R35,TXG,N91,51,425080,G,1,0.93,0.90,5,U,-84,9.25"
RX,4194801,R35,TXE,N61,208,425382,A,1,0.75,0.72,5.0,U,-77.0,9.75,True,,2026-07-11T14:58:59.335+00:00,/dev/cu.usbserial-58870137921,"RX,4194801,R35,TXE,N61,208,425382,A,1,0.75,0.72,5,U,-77,9.75"
RX,4195050,R35,TXA,N01,423,425626,H,1,0.32,0.3,5.0,F,-80.0,9.25,True,,2026-07-11T14:58:59.584+00:00,/dev/cu.usbserial-58870137921,"RX,4195050,R35,TXA,N01,423,425626,H,1,0.32,0.30,5,F,-80,9.25"
RX,4195195,R35,TXK,N151,212,425763,A,0,0.75,0.72,5.0,U,-68.0,9.75,True,,2026-07-11T14:58:59.729+00:00,/dev/cu.usbserial-58870137921,"RX,4195195,R35,TXK,N151,212,425763,A,0,0.75,0.72,5,U,-68,9.75"
RX,4195548,R35,TXF,N76,105,426131,G,1,0.93,0.9,5.0,U,-75.0,9.0,True,,2026-07-11T14:59:00.083+00:00,/dev/cu.usbserial-58870137921,"RX,4195548,R35,TXF,N76,105,426131,G,1,0.93,0.90,5,U,-75,9.00"
RX,4195707,R35,TXJ,N136,51,426280,G,1,0.93,0.9,5.0,U,-76.0,9.25,True,,2026-07-11T14:59:00.241+00:00,/dev/cu.usbserial-58870137921,"RX,4195707,R35,TXJ,N136,51,426280,G,1,0.93,0.90,5,U,-76,9.25"
RX,4195802,R35,TXC,N31,104,426381,E,1,0.87,0.84,5.0,U,-77.0,9.5,True,,2026-07-11T14:59:00.336+00:00,/dev/cu.usbserial-58870137921,"RX,4195802,R35,TXC,N31,104,426381,E,1,0.87,0.84,5,U,-77,9.50"
RX,4196050,R35,TXA,N01,424,426626,A,0,0.75,0.72,5.0,F,-80.0,9.5,True,,2026-07-11T14:59:00.584+00:00,/dev/cu.usbserial-58870137921,"RX,4196050,R35,TXA,N01,424,426626,A,0,0.75,0.72,5,F,-80,9.50"
RX,4196318,R35,TXB,N16,211,426893,G,1,0.93,0.9,5.0,U,-80.0,10.0,True,,2026-07-11T14:59:00.852+00:00,/dev/cu.usbserial-58870137921,"RX,4196318,R35,TXB,N16,211,426893,G,1,0.93,0.90,5,U,-80,10.00"
RX,4196801,R35,TXE,N61,209,427382,C,0,0.81,0.78,5.0,U,-76.0,9.5,True,,2026-07-11T14:59:01.335+00:00,/dev/cu.usbserial-58870137921,"RX,4196801,R35,TXE,N61,209,427382,C,0,0.81,0.78,5,U,-76,9.50"
RX,4196912,R35,TXI,N121,104,427481,E,1,0.87,0.84,5.0,U,-73.0,10.25,True,,2026-07-11T14:59:01.446+00:00,/dev/cu.usbserial-58870137921,"RX,4196912,R35,TXI,N121,104,427481,E,1,0.87,0.84,5,U,-73,10.25"
RX,4197050,R35,TXA,N01,425,427626,B,1,0.2,0.18,5.0,F,-80.0,9.75,True,,2026-07-11T14:59:01.584+00:00,/dev/cu.usbserial-58870137921,"RX,4197050,R35,TXA,N01,425,427626,B,1,0.20,0.18,5,F,-80,9.75"
RX,4197195,R35,TXK,N151,213,427763,C,1,0.81,0.78,5.0,U,-68.0,10.0,True,,2026-07-11T14:59:01.729+00:00,/dev/cu.usbserial-58870137921,"RX,4197195,R35,TXK,N151,213,427763,C,1,0.81,0.78,5,U,-68,10.00"
RX,4197802,R35,TXC,N31,105,428381,G,1,0.93,0.9,5.0,U,-76.0,9.75,True,,2026-07-11T14:59:02.336+00:00,/dev/cu.usbserial-58870137921,"RX,4197802,R35,TXC,N31,105,428381,G,1,0.93,0.90,5,U,-76,9.75"
RX,4198050,R35,TXA,N01,426,428626,C,1,0.81,0.78,5.0,F,-80.0,9.25,True,,2026-07-11T14:59:02.584+00:00,/dev/cu.usbserial-58870137921,"RX,4198050,R35,TXA,N01,426,428626,C,1,0.81,0.78,5,F,-80,9.25"
RX,4198318,R35,TXB,N16,212,428893,A,0,0.75,0.72,5.0,U,-81.0,9.5,True,,2026-07-11T14:59:02.852+00:00,/dev/cu.usbserial-58870137921,"RX,4198318,R35,TXB,N16,212,428893,A,0,0.75,0.72,5,U,-81,9.50"
RX,4198801,R35,TXE,N61,210,429382,E,1,0.87,0.84,5.0,U,-76.0,10.0,True,,2026-07-11T14:59:03.335+00:00,/dev/cu.usbserial-58870137921,"RX,4198801,R35,TXE,N61,210,429382,E,1,0.87,0.84,5,U,-76,10.00"
RX,4198912,R35,TXI,N121,105,429481,G,1,0.93,0.9,5.0,U,-73.0,10.0,True,,2026-07-11T14:59:03.446+00:00,/dev/cu.usbserial-58870137921,"RX,4198912,R35,TXI,N121,105,429481,G,1,0.93,0.90,5,U,-73,10.00"
RX,4199050,R35,TXA,N01,427,429626,D,0,0.24,0.22,5.0,F,-80.0,9.25,True,,2026-07-11T14:59:03.584+00:00,/dev/cu.usbserial-58870137921,"RX,4199050,R35,TXA,N01,427,429626,D,0,0.24,0.22,5,F,-80,9.25"
RX,4199195,R35,TXK,N151,214,429763,E,1,0.87,0.84,5.0,U,-67.0,10.0,True,,2026-07-11T14:59:03.729+00:00,/dev/cu.usbserial-58870137921,"RX,4199195,R35,TXK,N151,214,429763,E,1,0.87,0.84,5,U,-67,10.00"
RX,4200050,R35,TXA,N01,428,430626,E,1,0.87,0.84,5.0,F,-81.0,9.5,True,,2026-07-11T14:59:04.584+00:00,/dev/cu.usbserial-58870137921,"RX,4200050,R35,TXA,N01,428,430626,E,1,0.87,0.84,5,F,-81,9.50"
RX,4200318,R35,TXB,N16,213,430893,C,1,0.81,0.78,5.0,U,-81.0,9.5,True,,2026-07-11T14:59:04.852+00:00,/dev/cu.usbserial-58870137921,"RX,4200318,R35,TXB,N16,213,430893,C,1,0.81,0.78,5,U,-81,9.50"
RX,4200801,R35,TXE,N61,211,431382,G,1,0.93,0.9,5.0,U,-76.0,9.75,True,,2026-07-11T14:59:05.335+00:00,/dev/cu.usbserial-58870137921,"RX,4200801,R35,TXE,N61,211,431382,G,1,0.93,0.90,5,U,-76,9.75"
RX,4201050,R35,TXA,N01,429,431626,F,1,0.28,0.26,5.0,F,-81.0,9.75,True,,2026-07-11T14:59:05.584+00:00,/dev/cu.usbserial-58870137921,"RX,4201050,R35,TXA,N01,429,431626,F,1,0.28,0.26,5,F,-81,9.75"
RX,4201195,R35,TXK,N151,215,431763,G,0,0.93,0.9,5.0,U,-67.0,9.75,True,,2026-07-11T14:59:05.729+00:00,/dev/cu.usbserial-58870137921,"RX,4201195,R35,TXK,N151,215,431763,G,0,0.93,0.90,5,U,-67,9.75"
RX,4201548,R35,TXF,N76,106,432131,E,1,0.87,0.84,5.0,U,-75.0,9.5,True,,2026-07-11T14:59:06.083+00:00,/dev/cu.usbserial-58870137921,"RX,4201548,R35,TXF,N76,106,432131,E,1,0.87,0.84,5,U,-75,9.50"
RX,4201852,R35,TXD,N46,53,432430,G,0,0.93,0.9,5.0,U,-72.0,10.0,True,,2026-07-11T14:59:06.390+00:00,/dev/cu.usbserial-58870137921,"RX,4201852,R35,TXD,N46,53,432430,G,0,0.93,0.90,5,U,-72,10.00"
RX,4202050,R35,TXA,N01,430,432626,G,0,0.93,0.9,5.0,F,-80.0,9.75,True,,2026-07-11T14:59:06.584+00:00,/dev/cu.usbserial-58870137921,"RX,4202050,R35,TXA,N01,430,432626,G,0,0.93,0.90,5,F,-80,9.75"
RX,4202318,R35,TXB,N16,214,432893,E,1,0.87,0.84,5.0,U,-81.0,9.5,True,,2026-07-11T14:59:06.852+00:00,/dev/cu.usbserial-58870137921,"RX,4202318,R35,TXB,N16,214,432893,E,1,0.87,0.84,5,U,-81,9.50"
RX,4202498,R35,TXG,N91,52,433080,G,1,0.93,0.9,5.0,U,-82.0,10.25,True,,2026-07-11T14:59:07.032+00:00,/dev/cu.usbserial-58870137921,"RX,4202498,R35,TXG,N91,52,433080,G,1,0.93,0.90,5,U,-82,10.25"
RX,4202801,R35,TXE,N61,212,433382,A,0,0.75,0.72,5.0,U,-76.0,9.5,True,,2026-07-11T14:59:07.335+00:00,/dev/cu.usbserial-58870137921,"RX,4202801,R35,TXE,N61,212,433382,A,0,0.75,0.72,5,U,-76,9.50"
RX,4203050,R35,TXA,N01,431,433626,H,1,0.32,0.3,5.0,F,-80.0,9.0,True,,2026-07-11T14:59:07.584+00:00,/dev/cu.usbserial-58870137921,"RX,4203050,R35,TXA,N01,431,433626,H,1,0.32,0.30,5,F,-80,9.00"
RX,4203195,R35,TXK,N151,216,433763,A,1,0.75,0.72,5.0,U,-67.0,9.75,True,,2026-07-11T14:59:07.729+00:00,/dev/cu.usbserial-58870137921,"RX,4203195,R35,TXK,N151,216,433763,A,1,0.75,0.72,5,U,-67,9.75"
RX,4203548,R35,TXF,N76,107,434131,G,0,0.93,0.9,5.0,U,-74.0,9.25,True,,2026-07-11T14:59:08.083+00:00,/dev/cu.usbserial-58870137921,"RX,4203548,R35,TXF,N76,107,434131,G,0,0.93,0.90,5,U,-74,9.25"
RX,4203707,R35,TXJ,N136,52,434280,G,1,0.93,0.9,5.0,U,-76.0,9.75,True,,2026-07-11T14:59:08.241+00:00,/dev/cu.usbserial-58870137921,"RX,4203707,R35,TXJ,N136,52,434280,G,1,0.93,0.90,5,U,-76,9.75"
RX,4203802,R35,TXC,N31,106,434381,E,1,0.87,0.84,5.0,U,-76.0,9.5,True,,2026-07-11T14:59:08.336+00:00,/dev/cu.usbserial-58870137921,"RX,4203802,R35,TXC,N31,106,434381,E,1,0.87,0.84,5,U,-76,9.50"
RX,4204050,R35,TXA,N01,432,434626,A,1,0.75,0.72,5.0,F,-80.0,9.25,True,,2026-07-11T14:59:08.584+00:00,/dev/cu.usbserial-58870137921,"RX,4204050,R35,TXA,N01,432,434626,A,1,0.75,0.72,5,F,-80,9.25"
RX,4204318,R35,TXB,N16,215,434893,G,0,0.93,0.9,5.0,U,-81.0,9.5,True,,2026-07-11T14:59:08.852+00:00,/dev/cu.usbserial-58870137921,"RX,4204318,R35,TXB,N16,215,434893,G,0,0.93,0.90,5,U,-81,9.50"
RX,4204801,R35,TXE,N61,213,435382,C,1,0.81,0.78,5.0,U,-76.0,9.5,True,,2026-07-11T14:59:09.335+00:00,/dev/cu.usbserial-58870137921,"RX,4204801,R35,TXE,N61,213,435382,C,1,0.81,0.78,5,U,-76,9.50"
RX,4204912,R35,TXI,N121,106,435481,E,1,0.87,0.84,5.0,U,-73.0,9.75,True,,2026-07-11T14:59:09.446+00:00,/dev/cu.usbserial-58870137921,"RX,4204912,R35,TXI,N121,106,435481,E,1,0.87,0.84,5,U,-73,9.75"
RX,4205050,R35,TXA,N01,433,435626,B,0,0.2,0.18,5.0,F,-79.0,9.5,True,,2026-07-11T14:59:09.584+00:00,/dev/cu.usbserial-58870137921,"RX,4205050,R35,TXA,N01,433,435626,B,0,0.20,0.18,5,F,-79,9.50"
RX,4205195,R35,TXK,N151,217,435763,C,1,0.81,0.78,5.0,U,-67.0,9.75,True,,2026-07-11T14:59:09.729+00:00,/dev/cu.usbserial-58870137921,"RX,4205195,R35,TXK,N151,217,435763,C,1,0.81,0.78,5,U,-67,9.75"
RX,4205802,R35,TXC,N31,107,436381,G,0,0.93,0.9,5.0,U,-77.0,9.25,True,,2026-07-11T14:59:10.336+00:00,/dev/cu.usbserial-58870137921,"RX,4205802,R35,TXC,N31,107,436381,G,0,0.93,0.90,5,U,-77,9.25"
RX,4206050,R35,TXA,N01,434,436626,C,1,0.81,0.78,5.0,F,-80.0,9.25,True,,2026-07-11T14:59:10.584+00:00,/dev/cu.usbserial-58870137921,"RX,4206050,R35,TXA,N01,434,436626,C,1,0.81,0.78,5,F,-80,9.25"
RX,4206318,R35,TXB,N16,216,436893,A,1,0.75,0.72,5.0,U,-81.0,10.0,True,,2026-07-11T14:59:10.852+00:00,/dev/cu.usbserial-58870137921,"RX,4206318,R35,TXB,N16,216,436893,A,1,0.75,0.72,5,U,-81,10.00"
RX,4206801,R35,TXE,N61,214,437382,E,1,0.87,0.84,5.0,U,-76.0,10.0,True,,2026-07-11T14:59:11.335+00:00,/dev/cu.usbserial-58870137921,"RX,4206801,R35,TXE,N61,214,437382,E,1,0.87,0.84,5,U,-76,10.00"
RX,4206912,R35,TXI,N121,107,437481,G,0,0.93,0.9,5.0,U,-73.0,10.0,True,,2026-07-11T14:59:11.446+00:00,/dev/cu.usbserial-58870137921,"RX,4206912,R35,TXI,N121,107,437481,G,0,0.93,0.90,5,U,-73,10.00"
RX,4207050,R35,TXA,N01,435,437626,D,1,0.24,0.22,5.0,F,-80.0,10.0,True,,2026-07-11T14:59:11.584+00:00,/dev/cu.usbserial-58870137921,"RX,4207050,R35,TXA,N01,435,437626,D,1,0.24,0.22,5,F,-80,10.00"
RX,4207195,R35,TXK,N151,218,437763,E,0,0.87,0.84,5.0,U,-68.0,10.25,True,,2026-07-11T14:59:11.729+00:00,/dev/cu.usbserial-58870137921,"RX,4207195,R35,TXK,N151,218,437763,E,0,0.87,0.84,5,U,-68,10.25"
RX,4208050,R35,TXA,N01,436,438626,E,0,0.87,0.84,5.0,F,-81.0,9.75,True,,2026-07-11T14:59:12.584+00:00,/dev/cu.usbserial-58870137921,"RX,4208050,R35,TXA,N01,436,438626,E,0,0.87,0.84,5,F,-81,9.75"
RX,4208318,R35,TXB,N16,217,438893,C,1,0.81,0.78,5.0,U,-80.0,9.5,True,,2026-07-11T14:59:12.852+00:00,/dev/cu.usbserial-58870137921,"RX,4208318,R35,TXB,N16,217,438893,C,1,0.81,0.78,5,U,-80,9.50"
RX,4208801,R35,TXE,N61,215,439382,G,0,0.93,0.9,5.0,U,-76.0,9.5,True,,2026-07-11T14:59:13.335+00:00,/dev/cu.usbserial-58870137921,"RX,4208801,R35,TXE,N61,215,439382,G,0,0.93,0.90,5,U,-76,9.50"
RX,4209050,R35,TXA,N01,437,439626,F,1,0.28,0.26,5.0,F,-81.0,9.5,True,,2026-07-11T14:59:13.584+00:00,/dev/cu.usbserial-58870137921,"RX,4209050,R35,TXA,N01,437,439626,F,1,0.28,0.26,5,F,-81,9.50"
RX,4209195,R35,TXK,N151,219,439763,G,1,0.93,0.9,5.0,U,-68.0,9.75,True,,2026-07-11T14:59:13.729+00:00,/dev/cu.usbserial-58870137921,"RX,4209195,R35,TXK,N151,219,439763,G,1,0.93,0.90,5,U,-68,9.75"
RX,4209548,R35,TXF,N76,108,440131,E,0,0.87,0.84,5.0,U,-75.0,9.25,True,,2026-07-11T14:59:14.083+00:00,/dev/cu.usbserial-58870137921,"RX,4209548,R35,TXF,N76,108,440131,E,0,0.87,0.84,5,U,-75,9.25"
RX,4209852,R35,TXD,N46,54,440430,G,1,0.93,0.9,5.0,U,-71.0,9.75,True,,2026-07-11T14:59:14.386+00:00,/dev/cu.usbserial-58870137921,"RX,4209852,R35,TXD,N46,54,440430,G,1,0.93,0.90,5,U,-71,9.75"
RX,4210050,R35,TXA,N01,438,440626,G,1,0.93,0.9,5.0,F,-80.0,9.75,True,,2026-07-11T14:59:14.584+00:00,/dev/cu.usbserial-58870137921,"RX,4210050,R35,TXA,N01,438,440626,G,1,0.93,0.90,5,F,-80,9.75"
RX,4210318,R35,TXB,N16,218,440893,E,0,0.87,0.84,5.0,U,-81.0,10.0,True,,2026-07-11T14:59:14.852+00:00,/dev/cu.usbserial-58870137921,"RX,4210318,R35,TXB,N16,218,440893,E,0,0.87,0.84,5,U,-81,10.00"
RX,4210498,R35,TXG,N91,53,441080,G,0,0.93,0.9,5.0,U,-84.0,9.5,True,,2026-07-11T14:59:15.032+00:00,/dev/cu.usbserial-58870137921,"RX,4210498,R35,TXG,N91,53,441080,G,0,0.93,0.90,5,U,-84,9.50"
RX,4210801,R35,TXE,N61,216,441382,A,1,0.75,0.72,5.0,U,-76.0,9.5,True,,2026-07-11T14:59:15.335+00:00,/dev/cu.usbserial-58870137921,"RX,4210801,R35,TXE,N61,216,441382,A,1,0.75,0.72,5,U,-76,9.50"
RX,4211050,R35,TXA,N01,439,441626,H,0,0.32,0.3,5.0,F,-80.0,9.5,True,,2026-07-11T14:59:15.584+00:00,/dev/cu.usbserial-58870137921,"RX,4211050,R35,TXA,N01,439,441626,H,0,0.32,0.30,5,F,-80,9.50"
RX,4211195,R35,TXK,N151,220,441763,A,1,0.75,0.72,5.0,U,-68.0,10.25,True,,2026-07-11T14:59:15.729+00:00,/dev/cu.usbserial-58870137921,"RX,4211195,R35,TXK,N151,220,441763,A,1,0.75,0.72,5,U,-68,10.25"
RX,4211548,R35,TXF,N76,109,442131,G,1,0.93,0.9,5.0,U,-74.0,9.25,True,,2026-07-11T14:59:16.083+00:00,/dev/cu.usbserial-58870137921,"RX,4211548,R35,TXF,N76,109,442131,G,1,0.93,0.90,5,U,-74,9.25"
RX,4211707,R35,TXJ,N136,53,442280,G,0,0.93,0.9,5.0,U,-76.0,10.0,True,,2026-07-11T14:59:16.242+00:00,/dev/cu.usbserial-58870137921,"RX,4211707,R35,TXJ,N136,53,442280,G,0,0.93,0.90,5,U,-76,10.00"
RX,4211802,R35,TXC,N31,108,442381,E,0,0.87,0.84,5.0,U,-76.0,9.5,True,,2026-07-11T14:59:16.336+00:00,/dev/cu.usbserial-58870137921,"RX,4211802,R35,TXC,N31,108,442381,E,0,0.87,0.84,5,U,-76,9.50"
RX,4212050,R35,TXA,N01,440,442626,A,1,0.75,0.72,5.0,F,-80.0,9.75,True,,2026-07-11T14:59:16.584+00:00,/dev/cu.usbserial-58870137921,"RX,4212050,R35,TXA,N01,440,442626,A,1,0.75,0.72,5,F,-80,9.75"
RX,4212318,R35,TXB,N16,219,442893,G,1,0.93,0.9,5.0,U,-81.0,9.75,True,,2026-07-11T14:59:16.852+00:00,/dev/cu.usbserial-58870137921,"RX,4212318,R35,TXB,N16,219,442893,G,1,0.93,0.90,5,U,-81,9.75"
RX,4212801,R35,TXE,N61,217,443382,C,1,0.81,0.78,5.0,U,-76.0,9.5,True,,2026-07-11T14:59:17.335+00:00,/dev/cu.usbserial-58870137921,"RX,4212801,R35,TXE,N61,217,443382,C,1,0.81,0.78,5,U,-76,9.50"
RX,4212912,R35,TXI,N121,108,443481,E,0,0.87,0.84,5.0,U,-73.0,10.0,True,,2026-07-11T14:59:17.446+00:00,/dev/cu.usbserial-58870137921,"RX,4212912,R35,TXI,N121,108,443481,E,0,0.87,0.84,5,U,-73,10.00"
RX,4213050,R35,TXA,N01,441,443626,B,1,0.2,0.18,5.0,F,-81.0,9.75,True,,2026-07-11T14:59:17.584+00:00,/dev/cu.usbserial-58870137921,"RX,4213050,R35,TXA,N01,441,443626,B,1,0.20,0.18,5,F,-81,9.75"
RX,4213195,R35,TXK,N151,221,443763,C,0,0.81,0.78,5.0,U,-67.0,10.25,True,,2026-07-11T14:59:17.729+00:00,/dev/cu.usbserial-58870137921,"RX,4213195,R35,TXK,N151,221,443763,C,0,0.81,0.78,5,U,-67,10.25"
RX,4213802,R35,TXC,N31,109,444381,G,1,0.93,0.9,5.0,U,-78.0,9.75,True,,2026-07-11T14:59:18.336+00:00,/dev/cu.usbserial-58870137921,"RX,4213802,R35,TXC,N31,109,444381,G,1,0.93,0.90,5,U,-78,9.75"
RX,4214050,R35,TXA,N01,442,444626,C,0,0.81,0.78,5.0,F,-80.0,9.25,True,,2026-07-11T14:59:18.584+00:00,/dev/cu.usbserial-58870137921,"RX,4214050,R35,TXA,N01,442,444626,C,0,0.81,0.78,5,F,-80,9.25"
RX,4214318,R35,TXB,N16,220,444893,A,1,0.75,0.72,5.0,U,-81.0,10.0,True,,2026-07-11T14:59:18.852+00:00,/dev/cu.usbserial-58870137921,"RX,4214318,R35,TXB,N16,220,444893,A,1,0.75,0.72,5,U,-81,10.00"
RX,4214801,R35,TXE,N61,218,445382,E,0,0.87,0.84,5.0,U,-76.0,9.75,True,,2026-07-11T14:59:19.335+00:00,/dev/cu.usbserial-58870137921,"RX,4214801,R35,TXE,N61,218,445382,E,0,0.87,0.84,5,U,-76,9.75"
RX,4214912,R35,TXI,N121,109,445481,G,1,0.93,0.9,5.0,U,-74.0,9.75,True,,2026-07-11T14:59:19.447+00:00,/dev/cu.usbserial-58870137921,"RX,4214912,R35,TXI,N121,109,445481,G,1,0.93,0.90,5,U,-74,9.75"
RX,4215050,R35,TXA,N01,443,445626,D,1,0.24,0.22,5.0,F,-80.0,9.75,True,,2026-07-11T14:59:19.584+00:00,/dev/cu.usbserial-58870137921,"RX,4215050,R35,TXA,N01,443,445626,D,1,0.24,0.22,5,F,-80,9.75"
RX,4215195,R35,TXK,N151,222,445763,E,1,0.87,0.84,5.0,U,-67.0,10.0,True,,2026-07-11T14:59:19.729+00:00,/dev/cu.usbserial-58870137921,"RX,4215195,R35,TXK,N151,222,445763,E,1,0.87,0.84,5,U,-67,10.00"
RX,4216050,R35,TXA,N01,444,446626,E,1,0.87,0.84,5.0,F,-79.0,9.75,True,,2026-07-11T14:59:20.584+00:00,/dev/cu.usbserial-58870137921,"RX,4216050,R35,TXA,N01,444,446626,E,1,0.87,0.84,5,F,-79,9.75"
RX,4216318,R35,TXB,N16,221,446893,C,0,0.81,0.78,5.0,U,-81.0,9.75,True,,2026-07-11T14:59:20.852+00:00,/dev/cu.usbserial-58870137921,"RX,4216318,R35,TXB,N16,221,446893,C,0,0.81,0.78,5,U,-81,9.75"
RX,4216801,R35,TXE,N61,219,447382,G,1,0.93,0.9,5.0,U,-75.0,9.5,True,,2026-07-11T14:59:21.335+00:00,/dev/cu.usbserial-58870137921,"RX,4216801,R35,TXE,N61,219,447382,G,1,0.93,0.90,5,U,-75,9.50"
RX,4217050,R35,TXA,N01,445,447626,F,0,0.28,0.26,5.0,F,-83.0,10.5,True,,2026-07-11T14:59:21.584+00:00,/dev/cu.usbserial-58870137921,"RX,4217050,R35,TXA,N01,445,447626,F,0,0.28,0.26,5,F,-83,10.50"
RX,4217195,R35,TXK,N151,223,447763,G,1,0.93,0.9,5.0,U,-67.0,9.75,True,,2026-07-11T14:59:21.729+00:00,/dev/cu.usbserial-58870137921,"RX,4217195,R35,TXK,N151,223,447763,G,1,0.93,0.90,5,U,-67,9.75"
RX,4217548,R35,TXF,N76,110,448131,E,1,0.87,0.84,5.0,U,-75.0,10.25,True,,2026-07-11T14:59:22.083+00:00,/dev/cu.usbserial-58870137921,"RX,4217548,R35,TXF,N76,110,448131,E,1,0.87,0.84,5,U,-75,10.25"
RX,4217852,R35,TXD,N46,55,448430,G,1,0.93,0.9,5.0,U,-70.0,9.75,True,,2026-07-11T14:59:22.387+00:00,/dev/cu.usbserial-58870137921,"RX,4217852,R35,TXD,N46,55,448430,G,1,0.93,0.90,5,U,-70,9.75"
RX,4218050,R35,TXA,N01,446,448626,G,1,0.93,0.9,5.0,F,-80.0,9.0,True,,2026-07-11T14:59:22.584+00:00,/dev/cu.usbserial-58870137921,"RX,4218050,R35,TXA,N01,446,448626,G,1,0.93,0.90,5,F,-80,9.00"
RX,4218318,R35,TXB,N16,222,448893,E,1,0.87,0.84,5.0,U,-81.0,9.75,True,,2026-07-11T14:59:22.852+00:00,/dev/cu.usbserial-58870137921,"RX,4218318,R35,TXB,N16,222,448893,E,1,0.87,0.84,5,U,-81,9.75"
RX,4218498,R35,TXG,N91,54,449080,G,1,0.93,0.9,5.0,U,-81.0,9.25,True,,2026-07-11T14:59:23.032+00:00,/dev/cu.usbserial-58870137921,"RX,4218498,R35,TXG,N91,54,449080,G,1,0.93,0.90,5,U,-81,9.25"
RX,4218801,R35,TXE,N61,220,449382,A,1,0.75,0.72,5.0,U,-76.0,9.5,True,,2026-07-11T14:59:23.335+00:00,/dev/cu.usbserial-58870137921,"RX,4218801,R35,TXE,N61,220,449382,A,1,0.75,0.72,5,U,-76,9.50"
RX,4219050,R35,TXA,N01,447,449626,H,1,0.32,0.3,5.0,F,-80.0,9.5,True,,2026-07-11T14:59:23.584+00:00,/dev/cu.usbserial-58870137921,"RX,4219050,R35,TXA,N01,447,449626,H,1,0.32,0.30,5,F,-80,9.50"
RX,4219195,R35,TXK,N151,224,449763,A,1,0.75,0.72,5.0,U,-68.0,10.5,True,,2026-07-11T14:59:23.729+00:00,/dev/cu.usbserial-58870137921,"RX,4219195,R35,TXK,N151,224,449763,A,1,0.75,0.72,5,U,-68,10.50"
RX,4219548,R35,TXF,N76,111,450131,G,1,0.93,0.9,5.0,U,-75.0,9.5,True,,2026-07-11T14:59:24.083+00:00,/dev/cu.usbserial-58870137921,"RX,4219548,R35,TXF,N76,111,450131,G,1,0.93,0.90,5,U,-75,9.50"
RX,4219707,R35,TXJ,N136,54,450280,G,1,0.93,0.9,5.0,U,-76.0,10.0,True,,2026-07-11T14:59:24.242+00:00,/dev/cu.usbserial-58870137921,"RX,4219707,R35,TXJ,N136,54,450280,G,1,0.93,0.90,5,U,-76,10.00"
RX,4219802,R35,TXC,N31,110,450381,E,1,0.87,0.84,5.0,U,-77.0,10.0,True,,2026-07-11T14:59:24.336+00:00,/dev/cu.usbserial-58870137921,"RX,4219802,R35,TXC,N31,110,450381,E,1,0.87,0.84,5,U,-77,10.00"
RX,4220050,R35,TXA,N01,448,450626,A,1,0.75,0.72,5.0,F,-86.0,9.5,True,,2026-07-11T14:59:24.584+00:00,/dev/cu.usbserial-58870137921,"RX,4220050,R35,TXA,N01,448,450626,A,1,0.75,0.72,5,F,-86,9.50"
RX,4220318,R35,TXB,N16,223,450893,G,1,0.93,0.9,5.0,U,-81.0,10.0,True,,2026-07-11T14:59:24.852+00:00,/dev/cu.usbserial-58870137921,"RX,4220318,R35,TXB,N16,223,450893,G,1,0.93,0.90,5,U,-81,10.00"
RX,4220801,R35,TXE,N61,221,451382,C,0,0.81,0.78,5.0,U,-77.0,9.75,True,,2026-07-11T14:59:25.335+00:00,/dev/cu.usbserial-58870137921,"RX,4220801,R35,TXE,N61,221,451382,C,0,0.81,0.78,5,U,-77,9.75"
RX,4220912,R35,TXI,N121,110,451481,E,1,0.87,0.84,5.0,U,-75.0,9.5,True,,2026-07-11T14:59:25.446+00:00,/dev/cu.usbserial-58870137921,"RX,4220912,R35,TXI,N121,110,451481,E,1,0.87,0.84,5,U,-75,9.50"
RX,4221050,R35,TXA,N01,449,451626,B,0,0.2,0.18,5.0,F,-79.0,10.0,True,,2026-07-11T14:59:25.584+00:00,/dev/cu.usbserial-58870137921,"RX,4221050,R35,TXA,N01,449,451626,B,0,0.20,0.18,5,F,-79,10.00"
RX,4221195,R35,TXK,N151,225,451763,C,1,0.81,0.78,5.0,U,-68.0,10.0,True,,2026-07-11T14:59:25.729+00:00,/dev/cu.usbserial-58870137921,"RX,4221195,R35,TXK,N151,225,451763,C,1,0.81,0.78,5,U,-68,10.00"
RX,4221802,R35,TXC,N31,111,452381,G,1,0.93,0.9,5.0,U,-78.0,9.5,True,,2026-07-11T14:59:26.336+00:00,/dev/cu.usbserial-58870137921,"RX,4221802,R35,TXC,N31,111,452381,G,1,0.93,0.90,5,U,-78,9.50"
RX,4222050,R35,TXA,N01,450,452626,C,1,0.81,0.78,5.0,F,-79.0,10.0,True,,2026-07-11T14:59:26.586+00:00,/dev/cu.usbserial-58870137921,"RX,4222050,R35,TXA,N01,450,452626,C,1,0.81,0.78,5,F,-79,10.00"
RX,4222318,R35,TXB,N16,224,452893,A,1,0.75,0.72,5.0,U,-80.0,9.75,True,,2026-07-11T14:59:26.853+00:00,/dev/cu.usbserial-58870137921,"RX,4222318,R35,TXB,N16,224,452893,A,1,0.75,0.72,5,U,-80,9.75"
RX,4222801,R35,TXE,N61,222,453382,E,1,0.87,0.84,5.0,U,-75.0,9.75,True,,2026-07-11T14:59:27.335+00:00,/dev/cu.usbserial-58870137921,"RX,4222801,R35,TXE,N61,222,453382,E,1,0.87,0.84,5,U,-75,9.75"
RX,4222912,R35,TXI,N121,111,453481,G,1,0.93,0.9,5.0,U,-75.0,9.5,True,,2026-07-11T14:59:27.446+00:00,/dev/cu.usbserial-58870137921,"RX,4222912,R35,TXI,N121,111,453481,G,1,0.93,0.90,5,U,-75,9.50"
RX,4223050,R35,TXA,N01,451,453626,D,1,0.24,0.22,5.0,F,-78.0,10.0,True,,2026-07-11T14:59:27.584+00:00,/dev/cu.usbserial-58870137921,"RX,4223050,R35,TXA,N01,451,453626,D,1,0.24,0.22,5,F,-78,10.00"
RX,4223195,R35,TXK,N151,226,453763,E,0,0.87,0.84,5.0,U,-67.0,10.75,True,,2026-07-11T14:59:27.729+00:00,/dev/cu.usbserial-58870137921,"RX,4223195,R35,TXK,N151,226,453763,E,0,0.87,0.84,5,U,-67,10.75"
RX,4224050,R35,TXA,N01,452,454626,E,0,0.87,0.84,5.0,F,-77.0,10.25,True,,2026-07-11T14:59:28.584+00:00,/dev/cu.usbserial-58870137921,"RX,4224050,R35,TXA,N01,452,454626,E,0,0.87,0.84,5,F,-77,10.25"
RX,4224318,R35,TXB,N16,225,454893,C,1,0.81,0.78,5.0,U,-81.0,9.75,True,,2026-07-11T14:59:28.853+00:00,/dev/cu.usbserial-58870137921,"RX,4224318,R35,TXB,N16,225,454893,C,1,0.81,0.78,5,U,-81,9.75"
RX,4224801,R35,TXE,N61,223,455382,G,1,0.93,0.9,5.0,U,-75.0,9.5,True,,2026-07-11T14:59:29.335+00:00,/dev/cu.usbserial-58870137921,"RX,4224801,R35,TXE,N61,223,455382,G,1,0.93,0.90,5,U,-75,9.50"
RX,4225050,R35,TXA,N01,453,455626,F,1,0.28,0.26,5.0,F,-76.0,10.0,True,,2026-07-11T14:59:29.585+00:00,/dev/cu.usbserial-58870137921,"RX,4225050,R35,TXA,N01,453,455626,F,1,0.28,0.26,5,F,-76,10.00"
RX,4225342,R35,TXL,N166,28,455916,G,1,0.93,0.9,5.0,U,-84.0,9.5,True,,2026-07-11T14:59:29.876+00:00,/dev/cu.usbserial-58870137921,"RX,4225342,R35,TXL,N166,28,455916,G,1,0.93,0.90,5,U,-84,9.50"
RX,4225548,R35,TXF,N76,112,456131,E,0,0.87,0.84,5.0,U,-73.0,9.75,True,,2026-07-11T14:59:30.082+00:00,/dev/cu.usbserial-58870137921,"RX,4225548,R35,TXF,N76,112,456131,E,0,0.87,0.84,5,U,-73,9.75"
RX,4225852,R35,TXD,N46,56,456430,G,1,0.93,0.9,5.0,U,-71.0,9.75,True,,2026-07-11T14:59:30.387+00:00,/dev/cu.usbserial-58870137921,"RX,4225852,R35,TXD,N46,56,456430,G,1,0.93,0.90,5,U,-71,9.75"
RX,4226050,R35,TXA,N01,454,456626,G,1,0.93,0.9,5.0,F,-76.0,10.0,True,,2026-07-11T14:59:30.584+00:00,/dev/cu.usbserial-58870137921,"RX,4226050,R35,TXA,N01,454,456626,G,1,0.93,0.90,5,F,-76,10.00"
RX,4226318,R35,TXB,N16,226,456893,E,0,0.87,0.84,5.0,U,-81.0,9.75,True,,2026-07-11T14:59:30.853+00:00,/dev/cu.usbserial-58870137921,"RX,4226318,R35,TXB,N16,226,456893,E,0,0.87,0.84,5,U,-81,9.75"
RX,4226498,R35,TXG,N91,55,457080,G,1,0.93,0.9,5.0,U,-79.0,9.75,True,,2026-07-11T14:59:31.032+00:00,/dev/cu.usbserial-58870137921,"RX,4226498,R35,TXG,N91,55,457080,G,1,0.93,0.90,5,U,-79,9.75"
RX,4226801,R35,TXE,N61,224,457382,A,1,0.75,0.72,5.0,U,-75.0,9.5,True,,2026-07-11T14:59:31.335+00:00,/dev/cu.usbserial-58870137921,"RX,4226801,R35,TXE,N61,224,457382,A,1,0.75,0.72,5,U,-75,9.50"
RX,4227050,R35,TXA,N01,455,457626,H,0,0.32,0.3,5.0,F,-75.0,9.25,True,,2026-07-11T14:59:31.584+00:00,/dev/cu.usbserial-58870137921,"RX,4227050,R35,TXA,N01,455,457626,H,0,0.32,0.30,5,F,-75,9.25"
RX,4227195,R35,TXK,N151,228,457763,A,1,0.75,0.72,5.0,U,-67.0,10.5,True,,2026-07-11T14:59:31.729+00:00,/dev/cu.usbserial-58870137921,"RX,4227195,R35,TXK,N151,228,457763,A,1,0.75,0.72,5,U,-67,10.50"
RX,4227548,R35,TXF,N76,113,458131,G,1,0.93,0.9,5.0,U,-73.0,10.0,True,,2026-07-11T14:59:32.082+00:00,/dev/cu.usbserial-58870137921,"RX,4227548,R35,TXF,N76,113,458131,G,1,0.93,0.90,5,U,-73,10.00"
RX,4227707,R35,TXJ,N136,55,458280,G,1,0.93,0.9,5.0,U,-78.0,10.0,True,,2026-07-11T14:59:32.242+00:00,/dev/cu.usbserial-58870137921,"RX,4227707,R35,TXJ,N136,55,458280,G,1,0.93,0.90,5,U,-78,10.00"
RX,4227802,R35,TXC,N31,112,458381,E,0,0.87,0.84,5.0,U,-84.0,9.75,True,,2026-07-11T14:59:32.336+00:00,/dev/cu.usbserial-58870137921,"RX,4227802,R35,TXC,N31,112,458381,E,0,0.87,0.84,5,U,-84,9.75"
RX,4228050,R35,TXA,N01,456,458626,A,1,0.75,0.72,5.0,F,-78.0,10.0,True,,2026-07-11T14:59:32.584+00:00,/dev/cu.usbserial-58870137921,"RX,4228050,R35,TXA,N01,456,458626,A,1,0.75,0.72,5,F,-78,10.00"
RX,4228318,R35,TXB,N16,227,458893,G,1,0.93,0.9,5.0,U,-81.0,9.75,True,,2026-07-11T14:59:32.853+00:00,/dev/cu.usbserial-58870137921,"RX,4228318,R35,TXB,N16,227,458893,G,1,0.93,0.90,5,U,-81,9.75"
RX,4228801,R35,TXE,N61,225,459382,C,1,0.81,0.78,5.0,U,-75.0,9.5,True,,2026-07-11T14:59:33.335+00:00,/dev/cu.usbserial-58870137921,"RX,4228801,R35,TXE,N61,225,459382,C,1,0.81,0.78,5,U,-75,9.50"
RX,4228912,R35,TXI,N121,112,459481,E,0,0.87,0.84,5.0,U,-76.0,10.0,True,,2026-07-11T14:59:33.447+00:00,/dev/cu.usbserial-58870137921,"RX,4228912,R35,TXI,N121,112,459481,E,0,0.87,0.84,5,U,-76,10.00"
RX,4229050,R35,TXA,N01,457,459626,B,1,0.2,0.18,5.0,F,-83.0,9.5,True,,2026-07-11T14:59:33.584+00:00,/dev/cu.usbserial-58870137921,"RX,4229050,R35,TXA,N01,457,459626,B,1,0.20,0.18,5,F,-83,9.50"
RX,4229195,R35,TXK,N151,229,459763,C,0,0.81,0.78,5.0,U,-67.0,10.0,True,,2026-07-11T14:59:33.729+00:00,/dev/cu.usbserial-58870137921,"RX,4229195,R35,TXK,N151,229,459763,C,0,0.81,0.78,5,U,-67,10.00"
RX,4229802,R35,TXC,N31,113,460381,G,1,0.93,0.9,5.0,U,-81.0,9.5,True,,2026-07-11T14:59:34.336+00:00,/dev/cu.usbserial-58870137921,"RX,4229802,R35,TXC,N31,113,460381,G,1,0.93,0.90,5,U,-81,9.50"
