rx_role,recv_ms,run_id,tx_id,node_id,seq,tx_ms,region,event,priority,usefulness,stale_after,policy,rssi,snr,parse_ok,parse_error,wall_time_utc,serial_port,raw_line
RX,1880238,R35,TXK,N151,0,1763,A,1,0.75,0.72,5.0,U,-57.0,9.25,True,,2026-07-07T14:52:39.270+00:00,/dev/cu.usbserial-576B0005451,"RX,1880238,R35,TXK,N151,0,1763,A,1,0.75,0.72,5,U,-57,9.25"
RX,1881094,R35,TXA,N01,0,2626,A,1,0.75,0.72,5.0,F,-40.0,10.0,True,,2026-07-07T14:52:40.126+00:00,/dev/cu.usbserial-576B0005451,"RX,1881094,R35,TXA,N01,0,2626,A,1,0.75,0.72,5,F,-40,10.00"
RX,1882093,R35,TXA,N01,1,3626,B,0,0.2,0.18,5.0,F,-40.0,9.75,True,,2026-07-07T14:52:41.125+00:00,/dev/cu.usbserial-576B0005451,"RX,1882093,R35,TXA,N01,1,3626,B,0,0.20,0.18,5,F,-40,9.75"
RX,1882237,R35,TXK,N151,1,3763,C,1,0.81,0.78,5.0,U,-56.0,9.75,True,,2026-07-07T14:52:41.270+00:00,/dev/cu.usbserial-576B0005451,"RX,1882237,R35,TXK,N151,1,3763,C,1,0.81,0.78,5,U,-56,9.75"
RX,1883093,R35,TXA,N01,2,4626,C,1,0.81,0.78,5.0,F,-40.0,10.5,True,,2026-07-07T14:52:42.125+00:00,/dev/cu.usbserial-576B0005451,"RX,1883093,R35,TXA,N01,2,4626,C,1,0.81,0.78,5,F,-40,10.50"
RX,1883361,R35,TXB,N16,0,4893,A,1,0.75,0.72,5.0,U,-50.0,9.75,True,,2026-07-07T14:52:42.393+00:00,/dev/cu.usbserial-576B0005451,"RX,1883361,R35,TXB,N16,0,4893,A,1,0.75,0.72,5,U,-50,9.75"
RX,1884093,R35,TXA,N01,3,5626,D,1,0.24,0.22,5.0,F,-40.0,9.5,True,,2026-07-07T14:52:43.125+00:00,/dev/cu.usbserial-576B0005451,"RX,1884093,R35,TXA,N01,3,5626,D,1,0.24,0.22,5,F,-40,9.50"
RX,1884237,R35,TXK,N151,2,5763,E,0,0.87,0.84,5.0,U,-57.0,12.75,True,,2026-07-07T14:52:43.270+00:00,/dev/cu.usbserial-576B0005451,"RX,1884237,R35,TXK,N151,2,5763,E,0,0.87,0.84,5,U,-57,12.75"
RX,1885093,R35,TXA,N01,4,6626,E,0,0.87,0.84,5.0,F,-40.0,10.0,True,,2026-07-07T14:52:44.125+00:00,/dev/cu.usbserial-576B0005451,"RX,1885093,R35,TXA,N01,4,6626,E,0,0.87,0.84,5,F,-40,10.00"
RX,1885360,R35,TXB,N16,1,6892,C,1,0.81,0.78,5.0,U,-49.0,10.25,True,,2026-07-07T14:52:44.392+00:00,/dev/cu.usbserial-576B0005451,"RX,1885360,R35,TXB,N16,1,6892,C,1,0.81,0.78,5,U,-49,10.25"
RX,1886093,R35,TXA,N01,5,7626,F,1,0.28,0.26,5.0,F,-40.0,10.0,True,,2026-07-07T14:52:45.125+00:00,/dev/cu.usbserial-576B0005451,"RX,1886093,R35,TXA,N01,5,7626,F,1,0.28,0.26,5,F,-40,10.00"
RX,1886209,R35,TXH,N106,0,7742,G,1,0.93,0.9,5.0,U,-42.0,6.25,True,,2026-07-07T14:52:45.242+00:00,/dev/cu.usbserial-576B0005451,"RX,1886209,R35,TXH,N106,0,7742,G,1,0.93,0.90,5,U,-42,6.25"
RX,1886390,R35,TXL,N166,0,7916,G,1,0.93,0.9,5.0,U,-49.0,9.75,True,,2026-07-07T14:52:45.422+00:00,/dev/cu.usbserial-576B0005451,"RX,1886390,R35,TXL,N166,0,7916,G,1,0.93,0.90,5,U,-49,9.75"
RX,1886594,R35,TXF,N76,0,8131,E,0,0.87,0.84,5.0,U,-49.0,10.0,True,,2026-07-07T14:52:45.626+00:00,/dev/cu.usbserial-576B0005451,"RX,1886594,R35,TXF,N76,0,8131,E,0,0.87,0.84,5,U,-49,10.00"
RX,1886897,R35,TXD,N46,0,8430,G,1,0.93,0.9,5.0,U,-44.0,10.0,True,,2026-07-07T14:52:45.929+00:00,/dev/cu.usbserial-576B0005451,"RX,1886897,R35,TXD,N46,0,8430,G,1,0.93,0.90,5,U,-44,10.00"
RX,1887093,R35,TXA,N01,6,8626,G,1,0.93,0.9,5.0,F,-40.0,9.75,True,,2026-07-07T14:52:46.125+00:00,/dev/cu.usbserial-576B0005451,"RX,1887093,R35,TXA,N01,6,8626,G,1,0.93,0.90,5,F,-40,9.75"
RX,1887360,R35,TXB,N16,2,8892,E,0,0.87,0.84,5.0,U,-50.0,10.5,True,,2026-07-07T14:52:46.392+00:00,/dev/cu.usbserial-576B0005451,"RX,1887360,R35,TXB,N16,2,8892,E,0,0.87,0.84,5,U,-50,10.50"
RX,1887843,R35,TXE,N61,0,9379,A,1,0.75,0.72,5.0,U,-59.0,10.0,True,,2026-07-07T14:52:46.875+00:00,/dev/cu.usbserial-576B0005451,"RX,1887843,R35,TXE,N61,0,9379,A,1,0.75,0.72,5,U,-59,10.00"
RX,1888093,R35,TXA,N01,7,9626,H,0,0.32,0.3,5.0,F,-40.0,9.75,True,,2026-07-07T14:52:47.125+00:00,/dev/cu.usbserial-576B0005451,"RX,1888093,R35,TXA,N01,7,9626,H,0,0.32,0.30,5,F,-40,9.75"
RX,1888237,R35,TXK,N151,4,9763,A,1,0.75,0.72,5.0,U,-59.0,9.25,True,,2026-07-07T14:52:47.269+00:00,/dev/cu.usbserial-576B0005451,"RX,1888237,R35,TXK,N151,4,9763,A,1,0.75,0.72,5,U,-59,9.25"
RX,1888599,R35,TXF,N76,1,10131,G,1,0.93,0.9,5.0,U,-50.0,9.0,True,,2026-07-07T14:52:47.631+00:00,/dev/cu.usbserial-576B0005451,"RX,1888599,R35,TXF,N76,1,10131,G,1,0.93,0.90,5,U,-50,9.00"
RX,1888853,R35,TXC,N31,0,10381,E,0,0.87,0.84,5.0,U,-42.0,10.0,True,,2026-07-07T14:52:47.885+00:00,/dev/cu.usbserial-576B0005451,"RX,1888853,R35,TXC,N31,0,10381,E,0,0.87,0.84,5,U,-42,10.00"
RX,1889098,R35,TXA,N01,8,10626,A,1,0.75,0.72,5.0,F,-41.0,9.5,True,,2026-07-07T14:52:48.130+00:00,/dev/cu.usbserial-576B0005451,"RX,1889098,R35,TXA,N01,8,10626,A,1,0.75,0.72,5,F,-41,9.50"
RX,1889365,R35,TXB,N16,3,10892,G,1,0.93,0.9,5.0,U,-51.0,9.5,True,,2026-07-07T14:52:48.397+00:00,/dev/cu.usbserial-576B0005451,"RX,1889365,R35,TXB,N16,3,10892,G,1,0.93,0.90,5,U,-51,9.50"
RX,1889847,R35,TXE,N61,1,11379,C,1,0.81,0.78,5.0,U,-59.0,9.25,True,,2026-07-07T14:52:48.879+00:00,/dev/cu.usbserial-576B0005451,"RX,1889847,R35,TXE,N61,1,11379,C,1,0.81,0.78,5,U,-59,9.25"
RX,1889955,R35,TXI,N121,0,11480,E,0,0.87,0.84,5.0,U,-49.0,10.0,True,,2026-07-07T14:52:48.986+00:00,/dev/cu.usbserial-576B0005451,"RX,1889955,R35,TXI,N121,0,11480,E,0,0.87,0.84,5,U,-49,10.00"
RX,1890098,R35,TXA,N01,9,11626,B,1,0.2,0.18,5.0,F,-41.0,9.25,True,,2026-07-07T14:52:49.130+00:00,/dev/cu.usbserial-576B0005451,"RX,1890098,R35,TXA,N01,9,11626,B,1,0.20,0.18,5,F,-41,9.25"
RX,1890237,R35,TXK,N151,5,11763,C,0,0.81,0.78,5.0,U,-57.0,9.75,True,,2026-07-07T14:52:49.270+00:00,/dev/cu.usbserial-576B0005451,"RX,1890237,R35,TXK,N151,5,11763,C,0,0.81,0.78,5,U,-57,9.75"
RX,1890853,R35,TXC,N31,1,12381,G,1,0.93,0.9,5.0,U,-42.0,10.0,True,,2026-07-07T14:52:49.885+00:00,/dev/cu.usbserial-576B0005451,"RX,1890853,R35,TXC,N31,1,12381,G,1,0.93,0.90,5,U,-42,10.00"
RX,1891098,R35,TXA,N01,10,12626,C,0,0.81,0.78,5.0,F,-41.0,10.0,True,,2026-07-07T14:52:50.130+00:00,/dev/cu.usbserial-576B0005451,"RX,1891098,R35,TXA,N01,10,12626,C,0,0.81,0.78,5,F,-41,10.00"
RX,1891365,R35,TXB,N16,4,12892,A,1,0.75,0.72,5.0,U,-51.0,9.25,True,,2026-07-07T14:52:50.397+00:00,/dev/cu.usbserial-576B0005451,"RX,1891365,R35,TXB,N16,4,12892,A,1,0.75,0.72,5,U,-51,9.25"
RX,1891847,R35,TXE,N61,2,13379,E,0,0.87,0.84,5.0,U,-51.0,9.5,True,,2026-07-07T14:52:50.879+00:00,/dev/cu.usbserial-576B0005451,"RX,1891847,R35,TXE,N61,2,13379,E,0,0.87,0.84,5,U,-51,9.50"
RX,1891955,R35,TXI,N121,1,13480,G,1,0.93,0.9,5.0,U,-58.0,10.0,True,,2026-07-07T14:52:50.987+00:00,/dev/cu.usbserial-576B0005451,"RX,1891955,R35,TXI,N121,1,13480,G,1,0.93,0.90,5,U,-58,10.00"
RX,1892098,R35,TXA,N01,11,13626,D,1,0.24,0.22,5.0,F,-42.0,10.0,True,,2026-07-07T14:52:51.130+00:00,/dev/cu.usbserial-576B0005451,"RX,1892098,R35,TXA,N01,11,13626,D,1,0.24,0.22,5,F,-42,10.00"
RX,1892237,R35,TXK,N151,6,13763,E,1,0.87,0.84,5.0,U,-54.0,9.25,True,,2026-07-07T14:52:51.269+00:00,/dev/cu.usbserial-576B0005451,"RX,1892237,R35,TXK,N151,6,13763,E,1,0.87,0.84,5,U,-54,9.25"
RX,1893098,R35,TXA,N01,12,14626,E,1,0.87,0.84,5.0,F,-41.0,10.5,True,,2026-07-07T14:52:52.130+00:00,/dev/cu.usbserial-576B0005451,"RX,1893098,R35,TXA,N01,12,14626,E,1,0.87,0.84,5,F,-41,10.50"
RX,1893365,R35,TXB,N16,5,14892,C,0,0.81,0.78,5.0,U,-51.0,9.75,True,,2026-07-07T14:52:52.397+00:00,/dev/cu.usbserial-576B0005451,"RX,1893365,R35,TXB,N16,5,14892,C,0,0.81,0.78,5,U,-51,9.75"
RX,1893847,R35,TXE,N61,3,15379,G,1,0.93,0.9,5.0,U,-45.0,9.75,True,,2026-07-07T14:52:52.879+00:00,/dev/cu.usbserial-576B0005451,"RX,1893847,R35,TXE,N61,3,15379,G,1,0.93,0.90,5,U,-45,9.75"
RX,1894098,R35,TXA,N01,13,15626,F,0,0.28,0.26,5.0,F,-41.0,10.25,True,,2026-07-07T14:52:53.130+00:00,/dev/cu.usbserial-576B0005451,"RX,1894098,R35,TXA,N01,13,15626,F,0,0.28,0.26,5,F,-41,10.25"
RX,1894209,R35,TXH,N106,1,15742,G,1,0.93,0.9,5.0,U,-36.0,5.0,True,,2026-07-07T14:52:53.241+00:00,/dev/cu.usbserial-576B0005451,"RX,1894209,R35,TXH,N106,1,15742,G,1,0.93,0.90,5,U,-36,5.00"
RX,1894390,R35,TXL,N166,1,15916,G,1,0.93,0.9,5.0,U,-45.0,9.75,True,,2026-07-07T14:52:53.422+00:00,/dev/cu.usbserial-576B0005451,"RX,1894390,R35,TXL,N166,1,15916,G,1,0.93,0.90,5,U,-45,9.75"
RX,1894599,R35,TXF,N76,2,16131,E,1,0.87,0.84,5.0,U,-45.0,9.75,True,,2026-07-07T14:52:53.631+00:00,/dev/cu.usbserial-576B0005451,"RX,1894599,R35,TXF,N76,2,16131,E,1,0.87,0.84,5,U,-45,9.75"
RX,1894902,R35,TXD,N46,1,16430,G,1,0.93,0.9,5.0,U,-44.0,9.5,True,,2026-07-07T14:52:53.934+00:00,/dev/cu.usbserial-576B0005451,"RX,1894902,R35,TXD,N46,1,16430,G,1,0.93,0.90,5,U,-44,9.50"
RX,1895098,R35,TXA,N01,14,16626,G,1,0.93,0.9,5.0,F,-41.0,10.0,True,,2026-07-07T14:52:54.130+00:00,/dev/cu.usbserial-576B0005451,"RX,1895098,R35,TXA,N01,14,16626,G,1,0.93,0.90,5,F,-41,10.00"
RX,1895365,R35,TXB,N16,6,16892,E,1,0.87,0.84,5.0,U,-52.0,9.25,True,,2026-07-07T14:52:54.397+00:00,/dev/cu.usbserial-576B0005451,"RX,1895365,R35,TXB,N16,6,16892,E,1,0.87,0.84,5,U,-52,9.25"
RX,1895548,R35,TXG,N91,0,17080,G,1,0.93,0.9,5.0,U,-49.0,9.25,True,,2026-07-07T14:52:54.580+00:00,/dev/cu.usbserial-576B0005451,"RX,1895548,R35,TXG,N91,0,17080,G,1,0.93,0.90,5,U,-49,9.25"
RX,1895847,R35,TXE,N61,4,17379,A,1,0.75,0.72,5.0,U,-48.0,9.75,True,,2026-07-07T14:52:54.879+00:00,/dev/cu.usbserial-576B0005451,"RX,1895847,R35,TXE,N61,4,17379,A,1,0.75,0.72,5,U,-48,9.75"
RX,1896098,R35,TXA,N01,15,17626,H,1,0.32,0.3,5.0,F,-41.0,10.0,True,,2026-07-07T14:52:55.130+00:00,/dev/cu.usbserial-576B0005451,"RX,1896098,R35,TXA,N01,15,17626,H,1,0.32,0.30,5,F,-41,10.00"
RX,1896237,R35,TXK,N151,8,17763,A,0,0.75,0.72,5.0,U,-52.0,9.5,True,,2026-07-07T14:52:55.270+00:00,/dev/cu.usbserial-576B0005451,"RX,1896237,R35,TXK,N151,8,17763,A,0,0.75,0.72,5,U,-52,9.50"
RX,1896599,R35,TXF,N76,3,18131,G,1,0.93,0.9,5.0,U,-49.0,9.5,True,,2026-07-07T14:52:55.631+00:00,/dev/cu.usbserial-576B0005451,"RX,1896599,R35,TXF,N76,3,18131,G,1,0.93,0.90,5,U,-49,9.50"
RX,1896754,R35,TXJ,N136,0,18280,G,1,0.93,0.9,5.0,U,-54.0,10.0,True,,2026-07-07T14:52:55.787+00:00,/dev/cu.usbserial-576B0005451,"RX,1896754,R35,TXJ,N136,0,18280,G,1,0.93,0.90,5,U,-54,10.00"
RX,1896853,R35,TXC,N31,2,18381,E,1,0.87,0.84,5.0,U,-44.0,9.5,True,,2026-07-07T14:52:55.885+00:00,/dev/cu.usbserial-576B0005451,"RX,1896853,R35,TXC,N31,2,18381,E,1,0.87,0.84,5,U,-44,9.50"
RX,1897098,R35,TXA,N01,16,18626,A,0,0.75,0.72,5.0,F,-42.0,9.5,True,,2026-07-07T14:52:56.130+00:00,/dev/cu.usbserial-576B0005451,"RX,1897098,R35,TXA,N01,16,18626,A,0,0.75,0.72,5,F,-42,9.50"
RX,1897365,R35,TXB,N16,7,18892,G,1,0.93,0.9,5.0,U,-51.0,9.5,True,,2026-07-07T14:52:56.397+00:00,/dev/cu.usbserial-576B0005451,"RX,1897365,R35,TXB,N16,7,18892,G,1,0.93,0.90,5,U,-51,9.50"
RX,1897847,R35,TXE,N61,5,19379,C,0,0.81,0.78,5.0,U,-52.0,9.5,True,,2026-07-07T14:52:56.879+00:00,/dev/cu.usbserial-576B0005451,"RX,1897847,R35,TXE,N61,5,19379,C,0,0.81,0.78,5,U,-52,9.50"
RX,1897955,R35,TXI,N121,2,19480,E,1,0.87,0.84,5.0,U,-54.0,9.5,True,,2026-07-07T14:52:56.987+00:00,/dev/cu.usbserial-576B0005451,"RX,1897955,R35,TXI,N121,2,19480,E,1,0.87,0.84,5,U,-54,9.50"
RX,1898098,R35,TXA,N01,17,19626,B,1,0.2,0.18,5.0,F,-41.0,10.5,True,,2026-07-07T14:52:57.130+00:00,/dev/cu.usbserial-576B0005451,"RX,1898098,R35,TXA,N01,17,19626,B,1,0.20,0.18,5,F,-41,10.50"
RX,1898237,R35,TXK,N151,9,19763,C,1,0.81,0.78,5.0,U,-51.0,9.75,True,,2026-07-07T14:52:57.270+00:00,/dev/cu.usbserial-576B0005451,"RX,1898237,R35,TXK,N151,9,19763,C,1,0.81,0.78,5,U,-51,9.75"
RX,1898853,R35,TXC,N31,3,20381,G,1,0.93,0.9,5.0,U,-43.0,9.5,True,,2026-07-07T14:52:57.885+00:00,/dev/cu.usbserial-576B0005451,"RX,1898853,R35,TXC,N31,3,20381,G,1,0.93,0.90,5,U,-43,9.50"
RX,1899098,R35,TXA,N01,18,20626,C,1,0.81,0.78,5.0,F,-42.0,10.0,True,,2026-07-07T14:52:58.130+00:00,/dev/cu.usbserial-576B0005451,"RX,1899098,R35,TXA,N01,18,20626,C,1,0.81,0.78,5,F,-42,10.00"
RX,1899365,R35,TXB,N16,8,20892,A,0,0.75,0.72,5.0,U,-51.0,9.5,True,,2026-07-07T14:52:58.396+00:00,/dev/cu.usbserial-576B0005451,"RX,1899365,R35,TXB,N16,8,20892,A,0,0.75,0.72,5,U,-51,9.50"
RX,1899847,R35,TXE,N61,6,21379,E,1,0.87,0.84,5.0,U,-52.0,10.25,True,,2026-07-07T14:52:58.878+00:00,/dev/cu.usbserial-576B0005451,"RX,1899847,R35,TXE,N61,6,21379,E,1,0.87,0.84,5,U,-52,10.25"
RX,1899955,R35,TXI,N121,3,21480,G,1,0.93,0.9,5.0,U,-54.0,10.5,True,,2026-07-07T14:52:58.987+00:00,/dev/cu.usbserial-576B0005451,"RX,1899955,R35,TXI,N121,3,21480,G,1,0.93,0.90,5,U,-54,10.50"
RX,1900098,R35,TXA,N01,19,21626,D,0,0.24,0.22,5.0,F,-42.0,10.0,True,,2026-07-07T14:52:59.130+00:00,/dev/cu.usbserial-576B0005451,"RX,1900098,R35,TXA,N01,19,21626,D,0,0.24,0.22,5,F,-42,10.00"
RX,1900237,R35,TXK,N151,10,21763,E,1,0.87,0.84,5.0,U,-51.0,9.75,True,,2026-07-07T14:52:59.269+00:00,/dev/cu.usbserial-576B0005451,"RX,1900237,R35,TXK,N151,10,21763,E,1,0.87,0.84,5,U,-51,9.75"
RX,1901098,R35,TXA,N01,20,22626,E,1,0.87,0.84,5.0,F,-41.0,10.0,True,,2026-07-07T14:53:00.130+00:00,/dev/cu.usbserial-576B0005451,"RX,1901098,R35,TXA,N01,20,22626,E,1,0.87,0.84,5,F,-41,10.00"
RX,1901365,R35,TXB,N16,9,22892,C,1,0.81,0.78,5.0,U,-51.0,9.75,True,,2026-07-07T14:53:00.397+00:00,/dev/cu.usbserial-576B0005451,"RX,1901365,R35,TXB,N16,9,22892,C,1,0.81,0.78,5,U,-51,9.75"
RX,1901847,R35,TXE,N61,7,23379,G,1,0.93,0.9,5.0,U,-52.0,9.5,True,,2026-07-07T14:53:00.878+00:00,/dev/cu.usbserial-576B0005451,"RX,1901847,R35,TXE,N61,7,23379,G,1,0.93,0.90,5,U,-52,9.50"
RX,1902098,R35,TXA,N01,21,23626,F,1,0.28,0.26,5.0,F,-42.0,9.5,True,,2026-07-07T14:53:01.130+00:00,/dev/cu.usbserial-576B0005451,"RX,1902098,R35,TXA,N01,21,23626,F,1,0.28,0.26,5,F,-42,9.50"
RX,1902390,R35,TXL,N166,2,23916,G,0,0.93,0.9,5.0,U,-48.0,10.5,True,,2026-07-07T14:53:01.422+00:00,/dev/cu.usbserial-576B0005451,"RX,1902390,R35,TXL,N166,2,23916,G,0,0.93,0.90,5,U,-48,10.50"
RX,1902599,R35,TXF,N76,4,24131,E,1,0.87,0.84,5.0,U,-45.0,9.5,True,,2026-07-07T14:53:01.631+00:00,/dev/cu.usbserial-576B0005451,"RX,1902599,R35,TXF,N76,4,24131,E,1,0.87,0.84,5,U,-45,9.50"
RX,1902902,R35,TXD,N46,2,24430,G,0,0.93,0.9,5.0,U,-44.0,9.25,True,,2026-07-07T14:53:01.934+00:00,/dev/cu.usbserial-576B0005451,"RX,1902902,R35,TXD,N46,2,24430,G,0,0.93,0.90,5,U,-44,9.25"
RX,1903098,R35,TXA,N01,22,24626,G,0,0.93,0.9,5.0,F,-41.0,9.5,True,,2026-07-07T14:53:02.130+00:00,/dev/cu.usbserial-576B0005451,"RX,1903098,R35,TXA,N01,22,24626,G,0,0.93,0.90,5,F,-41,9.50"
RX,1903365,R35,TXB,N16,10,24892,E,1,0.87,0.84,5.0,U,-50.0,9.75,True,,2026-07-07T14:53:02.398+00:00,/dev/cu.usbserial-576B0005451,"RX,1903365,R35,TXB,N16,10,24892,E,1,0.87,0.84,5,U,-50,9.75"
RX,1903547,R35,TXG,N91,1,25080,G,1,0.93,0.9,5.0,U,-49.0,9.25,True,,2026-07-07T14:53:02.579+00:00,/dev/cu.usbserial-576B0005451,"RX,1903547,R35,TXG,N91,1,25080,G,1,0.93,0.90,5,U,-49,9.25"
RX,1903847,R35,TXE,N61,8,25379,A,0,0.75,0.72,5.0,U,-52.0,9.75,True,,2026-07-07T14:53:02.878+00:00,/dev/cu.usbserial-576B0005451,"RX,1903847,R35,TXE,N61,8,25379,A,0,0.75,0.72,5,U,-52,9.75"
RX,1904098,R35,TXA,N01,23,25626,H,1,0.32,0.3,5.0,F,-41.0,10.25,True,,2026-07-07T14:53:03.130+00:00,/dev/cu.usbserial-576B0005451,"RX,1904098,R35,TXA,N01,23,25626,H,1,0.32,0.30,5,F,-41,10.25"
RX,1904237,R35,TXK,N151,12,25763,A,1,0.75,0.72,5.0,U,-52.0,9.25,True,,2026-07-07T14:53:03.269+00:00,/dev/cu.usbserial-576B0005451,"RX,1904237,R35,TXK,N151,12,25763,A,1,0.75,0.72,5,U,-52,9.25"
RX,1904599,R35,TXF,N76,5,26131,G,0,0.93,0.9,5.0,U,-46.0,9.5,True,,2026-07-07T14:53:03.630+00:00,/dev/cu.usbserial-576B0005451,"RX,1904599,R35,TXF,N76,5,26131,G,0,0.93,0.90,5,U,-46,9.50"
RX,1904754,R35,TXJ,N136,1,26280,G,1,0.93,0.9,5.0,U,-56.0,9.75,True,,2026-07-07T14:53:03.786+00:00,/dev/cu.usbserial-576B0005451,"RX,1904754,R35,TXJ,N136,1,26280,G,1,0.93,0.90,5,U,-56,9.75"
RX,1904853,R35,TXC,N31,4,26381,E,1,0.87,0.84,5.0,U,-44.0,9.5,True,,2026-07-07T14:53:03.885+00:00,/dev/cu.usbserial-576B0005451,"RX,1904853,R35,TXC,N31,4,26381,E,1,0.87,0.84,5,U,-44,9.50"
RX,1905098,R35,TXA,N01,24,26626,A,1,0.75,0.72,5.0,F,-41.0,10.25,True,,2026-07-07T14:53:04.130+00:00,/dev/cu.usbserial-576B0005451,"RX,1905098,R35,TXA,N01,24,26626,A,1,0.75,0.72,5,F,-41,10.25"
RX,1905365,R35,TXB,N16,11,26892,G,0,0.93,0.9,5.0,U,-51.0,10.25,True,,2026-07-07T14:53:04.396+00:00,/dev/cu.usbserial-576B0005451,"RX,1905365,R35,TXB,N16,11,26892,G,0,0.93,0.90,5,U,-51,10.25"
RX,1905847,R35,TXE,N61,9,27379,C,1,0.81,0.78,5.0,U,-51.0,9.5,True,,2026-07-07T14:53:04.878+00:00,/dev/cu.usbserial-576B0005451,"RX,1905847,R35,TXE,N61,9,27379,C,1,0.81,0.78,5,U,-51,9.50"
RX,1905954,R35,TXI,N121,4,27480,E,1,0.87,0.84,5.0,U,-54.0,10.0,True,,2026-07-07T14:53:04.987+00:00,/dev/cu.usbserial-576B0005451,"RX,1905954,R35,TXI,N121,4,27480,E,1,0.87,0.84,5,U,-54,10.00"
RX,1906098,R35,TXA,N01,25,27626,B,0,0.2,0.18,5.0,F,-43.0,10.0,True,,2026-07-07T14:53:05.130+00:00,/dev/cu.usbserial-576B0005451,"RX,1906098,R35,TXA,N01,25,27626,B,0,0.20,0.18,5,F,-43,10.00"
RX,1906237,R35,TXK,N151,13,27763,C,1,0.81,0.78,5.0,U,-51.0,9.5,True,,2026-07-07T14:53:05.270+00:00,/dev/cu.usbserial-576B0005451,"RX,1906237,R35,TXK,N151,13,27763,C,1,0.81,0.78,5,U,-51,9.50"
RX,1906853,R35,TXC,N31,5,28381,G,0,0.93,0.9,5.0,U,-45.0,9.75,True,,2026-07-07T14:53:05.884+00:00,/dev/cu.usbserial-576B0005451,"RX,1906853,R35,TXC,N31,5,28381,G,0,0.93,0.90,5,U,-45,9.75"
RX,1907098,R35,TXA,N01,26,28626,C,1,0.81,0.78,5.0,F,-42.0,10.0,True,,2026-07-07T14:53:06.130+00:00,/dev/cu.usbserial-576B0005451,"RX,1907098,R35,TXA,N01,26,28626,C,1,0.81,0.78,5,F,-42,10.00"
RX,1907365,R35,TXB,N16,12,28892,A,1,0.75,0.72,5.0,U,-51.0,10.25,True,,2026-07-07T14:53:06.397+00:00,/dev/cu.usbserial-576B0005451,"RX,1907365,R35,TXB,N16,12,28892,A,1,0.75,0.72,5,U,-51,10.25"
RX,1907847,R35,TXE,N61,10,29379,E,1,0.87,0.84,5.0,U,-51.0,9.75,True,,2026-07-07T14:53:06.879+00:00,/dev/cu.usbserial-576B0005451,"RX,1907847,R35,TXE,N61,10,29379,E,1,0.87,0.84,5,U,-51,9.75"
RX,1907955,R35,TXI,N121,5,29480,G,0,0.93,0.9,5.0,U,-53.0,9.5,True,,2026-07-07T14:53:06.986+00:00,/dev/cu.usbserial-576B0005451,"RX,1907955,R35,TXI,N121,5,29480,G,0,0.93,0.90,5,U,-53,9.50"
RX,1908098,R35,TXA,N01,27,29626,D,1,0.24,0.22,5.0,F,-43.0,9.5,True,,2026-07-07T14:53:07.130+00:00,/dev/cu.usbserial-576B0005451,"RX,1908098,R35,TXA,N01,27,29626,D,1,0.24,0.22,5,F,-43,9.50"
RX,1908237,R35,TXK,N151,14,29763,E,0,0.87,0.84,5.0,U,-52.0,9.75,True,,2026-07-07T14:53:07.269+00:00,/dev/cu.usbserial-576B0005451,"RX,1908237,R35,TXK,N151,14,29763,E,0,0.87,0.84,5,U,-52,9.75"
RX,1909098,R35,TXA,N01,28,30626,E,0,0.87,0.84,5.0,F,-43.0,10.0,True,,2026-07-07T14:53:08.131+00:00,/dev/cu.usbserial-576B0005451,"RX,1909098,R35,TXA,N01,28,30626,E,0,0.87,0.84,5,F,-43,10.00"
RX,1909365,R35,TXB,N16,13,30892,C,1,0.81,0.78,5.0,U,-50.0,10.0,True,,2026-07-07T14:53:08.396+00:00,/dev/cu.usbserial-576B0005451,"RX,1909365,R35,TXB,N16,13,30892,C,1,0.81,0.78,5,U,-50,10.00"
RX,1909847,R35,TXE,N61,11,31379,G,0,0.93,0.9,5.0,U,-50.0,9.75,True,,2026-07-07T14:53:08.878+00:00,/dev/cu.usbserial-576B0005451,"RX,1909847,R35,TXE,N61,11,31379,G,0,0.93,0.90,5,U,-50,9.75"
RX,1910098,R35,TXA,N01,29,31626,F,1,0.28,0.26,5.0,F,-43.0,9.75,True,,2026-07-07T14:53:09.130+00:00,/dev/cu.usbserial-576B0005451,"RX,1910098,R35,TXA,N01,29,31626,F,1,0.28,0.26,5,F,-43,9.75"
RX,1910390,R35,TXL,N166,3,31916,G,1,0.93,0.9,5.0,U,-48.0,9.75,True,,2026-07-07T14:53:09.422+00:00,/dev/cu.usbserial-576B0005451,"RX,1910390,R35,TXL,N166,3,31916,G,1,0.93,0.90,5,U,-48,9.75"
RX,1910599,R35,TXF,N76,6,32131,E,0,0.87,0.84,5.0,U,-46.0,9.5,True,,2026-07-07T14:53:09.630+00:00,/dev/cu.usbserial-576B0005451,"RX,1910599,R35,TXF,N76,6,32131,E,0,0.87,0.84,5,U,-46,9.50"
RX,1910902,R35,TXD,N46,3,32430,G,1,0.93,0.9,5.0,U,-45.0,9.5,True,,2026-07-07T14:53:09.933+00:00,/dev/cu.usbserial-576B0005451,"RX,1910902,R35,TXD,N46,3,32430,G,1,0.93,0.90,5,U,-45,9.50"
RX,1911098,R35,TXA,N01,30,32626,G,1,0.93,0.9,5.0,F,-41.0,10.0,True,,2026-07-07T14:53:10.129+00:00,/dev/cu.usbserial-576B0005451,"RX,1911098,R35,TXA,N01,30,32626,G,1,0.93,0.90,5,F,-41,10.00"
RX,1911365,R35,TXB,N16,14,32892,E,0,0.87,0.84,5.0,U,-51.0,9.5,True,,2026-07-07T14:53:10.397+00:00,/dev/cu.usbserial-576B0005451,"RX,1911365,R35,TXB,N16,14,32892,E,0,0.87,0.84,5,U,-51,9.50"
RX,1911547,R35,TXG,N91,2,33080,G,0,0.93,0.9,5.0,U,-49.0,9.75,True,,2026-07-07T14:53:10.579+00:00,/dev/cu.usbserial-576B0005451,"RX,1911547,R35,TXG,N91,2,33080,G,0,0.93,0.90,5,U,-49,9.75"
RX,1911847,R35,TXE,N61,12,33379,A,1,0.75,0.72,5.0,U,-51.0,9.5,True,,2026-07-07T14:53:10.878+00:00,/dev/cu.usbserial-576B0005451,"RX,1911847,R35,TXE,N61,12,33379,A,1,0.75,0.72,5,U,-51,9.50"
RX,1912098,R35,TXA,N01,31,33626,H,0,0.32,0.3,5.0,F,-42.0,10.25,True,,2026-07-07T14:53:11.130+00:00,/dev/cu.usbserial-576B0005451,"RX,1912098,R35,TXA,N01,31,33626,H,0,0.32,0.30,5,F,-42,10.25"
RX,1912237,R35,TXK,N151,16,33763,A,1,0.75,0.72,5.0,U,-52.0,10.0,True,,2026-07-07T14:53:11.269+00:00,/dev/cu.usbserial-576B0005451,"RX,1912237,R35,TXK,N151,16,33763,A,1,0.75,0.72,5,U,-52,10.00"
RX,1912599,R35,TXF,N76,7,34131,G,1,0.93,0.9,5.0,U,-45.0,9.25,True,,2026-07-07T14:53:11.630+00:00,/dev/cu.usbserial-576B0005451,"RX,1912599,R35,TXF,N76,7,34131,G,1,0.93,0.90,5,U,-45,9.25"
RX,1912754,R35,TXJ,N136,2,34280,G,0,0.93,0.9,5.0,U,-59.0,9.25,True,,2026-07-07T14:53:11.786+00:00,/dev/cu.usbserial-576B0005451,"RX,1912754,R35,TXJ,N136,2,34280,G,0,0.93,0.90,5,U,-59,9.25"
RX,1912853,R35,TXC,N31,6,34381,E,0,0.87,0.84,5.0,U,-45.0,9.5,True,,2026-07-07T14:53:11.884+00:00,/dev/cu.usbserial-576B0005451,"RX,1912853,R35,TXC,N31,6,34381,E,0,0.87,0.84,5,U,-45,9.50"
RX,1913098,R35,TXA,N01,32,34626,A,1,0.75,0.72,5.0,F,-42.0,9.5,True,,2026-07-07T14:53:12.129+00:00,/dev/cu.usbserial-576B0005451,"RX,1913098,R35,TXA,N01,32,34626,A,1,0.75,0.72,5,F,-42,9.50"
RX,1913365,R35,TXB,N16,15,34892,G,1,0.93,0.9,5.0,U,-50.0,9.5,True,,2026-07-07T14:53:12.397+00:00,/dev/cu.usbserial-576B0005451,"RX,1913365,R35,TXB,N16,15,34892,G,1,0.93,0.90,5,U,-50,9.50"
RX,1913847,R35,TXE,N61,13,35379,C,1,0.81,0.78,5.0,U,-51.0,9.75,True,,2026-07-07T14:53:12.878+00:00,/dev/cu.usbserial-576B0005451,"RX,1913847,R35,TXE,N61,13,35379,C,1,0.81,0.78,5,U,-51,9.75"
RX,1913954,R35,TXI,N121,6,35480,E,0,0.87,0.84,5.0,U,-55.0,10.25,True,,2026-07-07T14:53:12.986+00:00,/dev/cu.usbserial-576B0005451,"RX,1913954,R35,TXI,N121,6,35480,E,0,0.87,0.84,5,U,-55,10.25"
RX,1914098,R35,TXA,N01,33,35626,B,1,0.2,0.18,5.0,F,-42.0,10.0,True,,2026-07-07T14:53:13.130+00:00,/dev/cu.usbserial-576B0005451,"RX,1914098,R35,TXA,N01,33,35626,B,1,0.20,0.18,5,F,-42,10.00"
RX,1914237,R35,TXK,N151,17,35763,C,0,0.81,0.78,5.0,U,-52.0,9.75,True,,2026-07-07T14:53:13.269+00:00,/dev/cu.usbserial-576B0005451,"RX,1914237,R35,TXK,N151,17,35763,C,0,0.81,0.78,5,U,-52,9.75"
RX,1914853,R35,TXC,N31,7,36381,G,1,0.93,0.9,5.0,U,-45.0,9.5,True,,2026-07-07T14:53:13.884+00:00,/dev/cu.usbserial-576B0005451,"RX,1914853,R35,TXC,N31,7,36381,G,1,0.93,0.90,5,U,-45,9.50"
RX,1915098,R35,TXA,N01,34,36626,C,0,0.81,0.78,5.0,F,-42.0,10.5,True,,2026-07-07T14:53:14.130+00:00,/dev/cu.usbserial-576B0005451,"RX,1915098,R35,TXA,N01,34,36626,C,0,0.81,0.78,5,F,-42,10.50"
RX,1915365,R35,TXB,N16,16,36892,A,1,0.75,0.72,5.0,U,-51.0,9.5,True,,2026-07-07T14:53:14.397+00:00,/dev/cu.usbserial-576B0005451,"RX,1915365,R35,TXB,N16,16,36892,A,1,0.75,0.72,5,U,-51,9.50"
RX,1915847,R35,TXE,N61,14,37379,E,0,0.87,0.84,5.0,U,-51.0,9.75,True,,2026-07-07T14:53:14.879+00:00,/dev/cu.usbserial-576B0005451,"RX,1915847,R35,TXE,N61,14,37379,E,0,0.87,0.84,5,U,-51,9.75"
RX,1915954,R35,TXI,N121,7,37480,G,1,0.93,0.9,5.0,U,-55.0,9.75,True,,2026-07-07T14:53:14.986+00:00,/dev/cu.usbserial-576B0005451,"RX,1915954,R35,TXI,N121,7,37480,G,1,0.93,0.90,5,U,-55,9.75"
RX,1916098,R35,TXA,N01,35,37626,D,1,0.24,0.22,5.0,F,-42.0,9.75,True,,2026-07-07T14:53:15.129+00:00,/dev/cu.usbserial-576B0005451,"RX,1916098,R35,TXA,N01,35,37626,D,1,0.24,0.22,5,F,-42,9.75"
RX,1916237,R35,TXK,N151,18,37763,E,1,0.87,0.84,5.0,U,-52.0,9.75,True,,2026-07-07T14:53:15.269+00:00,/dev/cu.usbserial-576B0005451,"RX,1916237,R35,TXK,N151,18,37763,E,1,0.87,0.84,5,U,-52,9.75"
RX,1917098,R35,TXA,N01,36,38626,E,1,0.87,0.84,5.0,F,-42.0,10.25,True,,2026-07-07T14:53:16.129+00:00,/dev/cu.usbserial-576B0005451,"RX,1917098,R35,TXA,N01,36,38626,E,1,0.87,0.84,5,F,-42,10.25"
RX,1917365,R35,TXB,N16,17,38892,C,0,0.81,0.78,5.0,U,-51.0,10.25,True,,2026-07-07T14:53:16.397+00:00,/dev/cu.usbserial-576B0005451,"RX,1917365,R35,TXB,N16,17,38892,C,0,0.81,0.78,5,U,-51,10.25"
RX,1917847,R35,TXE,N61,15,39379,G,1,0.93,0.9,5.0,U,-51.0,9.5,True,,2026-07-07T14:53:16.879+00:00,/dev/cu.usbserial-576B0005451,"RX,1917847,R35,TXE,N61,15,39379,G,1,0.93,0.90,5,U,-51,9.50"
RX,1918098,R35,TXA,N01,37,39626,F,0,0.28,0.26,5.0,F,-42.0,10.0,True,,2026-07-07T14:53:17.130+00:00,/dev/cu.usbserial-576B0005451,"RX,1918098,R35,TXA,N01,37,39626,F,0,0.28,0.26,5,F,-42,10.00"
RX,1918237,R35,TXK,N151,19,39763,G,1,0.93,0.9,5.0,U,-52.0,9.75,True,,2026-07-07T14:53:17.270+00:00,/dev/cu.usbserial-576B0005451,"RX,1918237,R35,TXK,N151,19,39763,G,1,0.93,0.90,5,U,-52,9.75"
RX,1918598,R35,TXF,N76,8,40131,E,1,0.87,0.84,5.0,U,-45.0,9.25,True,,2026-07-07T14:53:17.630+00:00,/dev/cu.usbserial-576B0005451,"RX,1918598,R35,TXF,N76,8,40131,E,1,0.87,0.84,5,U,-45,9.25"
RX,1918902,R35,TXD,N46,4,40430,G,1,0.93,0.9,5.0,U,-44.0,9.5,True,,2026-07-07T14:53:17.933+00:00,/dev/cu.usbserial-576B0005451,"RX,1918902,R35,TXD,N46,4,40430,G,1,0.93,0.90,5,U,-44,9.50"
RX,1919098,R35,TXA,N01,38,40626,G,1,0.93,0.9,5.0,F,-42.0,9.75,True,,2026-07-07T14:53:18.130+00:00,/dev/cu.usbserial-576B0005451,"RX,1919098,R35,TXA,N01,38,40626,G,1,0.93,0.90,5,F,-42,9.75"
RX,1919365,R35,TXB,N16,18,40892,E,1,0.87,0.84,5.0,U,-51.0,10.25,True,,2026-07-07T14:53:18.396+00:00,/dev/cu.usbserial-576B0005451,"RX,1919365,R35,TXB,N16,18,40892,E,1,0.87,0.84,5,U,-51,10.25"
RX,1919548,R35,TXG,N91,3,41080,G,1,0.93,0.9,5.0,U,-49.0,9.25,True,,2026-07-07T14:53:18.579+00:00,/dev/cu.usbserial-576B0005451,"RX,1919548,R35,TXG,N91,3,41080,G,1,0.93,0.90,5,U,-49,9.25"
RX,1919847,R35,TXE,N61,16,41379,A,1,0.75,0.72,5.0,U,-52.0,10.0,True,,2026-07-07T14:53:18.879+00:00,/dev/cu.usbserial-576B0005451,"RX,1919847,R35,TXE,N61,16,41379,A,1,0.75,0.72,5,U,-52,10.00"
RX,1920098,R35,TXA,N01,39,41626,H,1,0.32,0.3,5.0,F,-41.0,10.25,True,,2026-07-07T14:53:19.129+00:00,/dev/cu.usbserial-576B0005451,"RX,1920098,R35,TXA,N01,39,41626,H,1,0.32,0.30,5,F,-41,10.25"
RX,1920237,R35,TXK,N151,20,41763,A,0,0.75,0.72,5.0,U,-53.0,10.0,True,,2026-07-07T14:53:19.269+00:00,/dev/cu.usbserial-576B0005451,"RX,1920237,R35,TXK,N151,20,41763,A,0,0.75,0.72,5,U,-53,10.00"
RX,1920598,R35,TXF,N76,9,42131,G,1,0.93,0.9,5.0,U,-46.0,9.25,True,,2026-07-07T14:53:19.630+00:00,/dev/cu.usbserial-576B0005451,"RX,1920598,R35,TXF,N76,9,42131,G,1,0.93,0.90,5,U,-46,9.25"
RX,1920754,R35,TXJ,N136,3,42280,G,1,0.93,0.9,5.0,U,-55.0,9.5,True,,2026-07-07T14:53:19.786+00:00,/dev/cu.usbserial-576B0005451,"RX,1920754,R35,TXJ,N136,3,42280,G,1,0.93,0.90,5,U,-55,9.50"
RX,1920853,R35,TXC,N31,8,42381,E,1,0.87,0.84,5.0,U,-44.0,9.75,True,,2026-07-07T14:53:19.884+00:00,/dev/cu.usbserial-576B0005451,"RX,1920853,R35,TXC,N31,8,42381,E,1,0.87,0.84,5,U,-44,9.75"
RX,1921098,R35,TXA,N01,40,42626,A,0,0.75,0.72,5.0,F,-42.0,9.75,True,,2026-07-07T14:53:20.130+00:00,/dev/cu.usbserial-576B0005451,"RX,1921098,R35,TXA,N01,40,42626,A,0,0.75,0.72,5,F,-42,9.75"
RX,1921365,R35,TXB,N16,19,42892,G,1,0.93,0.9,5.0,U,-51.0,10.0,True,,2026-07-07T14:53:20.397+00:00,/dev/cu.usbserial-576B0005451,"RX,1921365,R35,TXB,N16,19,42892,G,1,0.93,0.90,5,U,-51,10.00"
RX,1921847,R35,TXE,N61,17,43379,C,0,0.81,0.78,5.0,U,-51.0,10.25,True,,2026-07-07T14:53:20.879+00:00,/dev/cu.usbserial-576B0005451,"RX,1921847,R35,TXE,N61,17,43379,C,0,0.81,0.78,5,U,-51,10.25"
RX,1921955,R35,TXI,N121,8,43480,E,1,0.87,0.84,5.0,U,-57.0,10.0,True,,2026-07-07T14:53:20.986+00:00,/dev/cu.usbserial-576B0005451,"RX,1921955,R35,TXI,N121,8,43480,E,1,0.87,0.84,5,U,-57,10.00"
RX,1922098,R35,TXA,N01,41,43626,B,1,0.2,0.18,5.0,F,-42.0,10.5,True,,2026-07-07T14:53:21.130+00:00,/dev/cu.usbserial-576B0005451,"RX,1922098,R35,TXA,N01,41,43626,B,1,0.20,0.18,5,F,-42,10.50"
RX,1922237,R35,TXK,N151,21,43763,C,1,0.81,0.78,5.0,U,-53.0,9.5,True,,2026-07-07T14:53:21.269+00:00,/dev/cu.usbserial-576B0005451,"RX,1922237,R35,TXK,N151,21,43763,C,1,0.81,0.78,5,U,-53,9.50"
RX,1922853,R35,TXC,N31,9,44381,G,1,0.93,0.9,5.0,U,-45.0,10.0,True,,2026-07-07T14:53:21.884+00:00,/dev/cu.usbserial-576B0005451,"RX,1922853,R35,TXC,N31,9,44381,G,1,0.93,0.90,5,U,-45,10.00"
RX,1923098,R35,TXA,N01,42,44626,C,1,0.81,0.78,5.0,F,-41.0,10.0,True,,2026-07-07T14:53:22.129+00:00,/dev/cu.usbserial-576B0005451,"RX,1923098,R35,TXA,N01,42,44626,C,1,0.81,0.78,5,F,-41,10.00"
RX,1923365,R35,TXB,N16,20,44892,A,0,0.75,0.72,5.0,U,-51.0,9.75,True,,2026-07-07T14:53:22.397+00:00,/dev/cu.usbserial-576B0005451,"RX,1923365,R35,TXB,N16,20,44892,A,0,0.75,0.72,5,U,-51,9.75"
RX,1923847,R35,TXE,N61,18,45379,E,1,0.87,0.84,5.0,U,-52.0,10.5,True,,2026-07-07T14:53:22.879+00:00,/dev/cu.usbserial-576B0005451,"RX,1923847,R35,TXE,N61,18,45379,E,1,0.87,0.84,5,U,-52,10.50"
RX,1923954,R35,TXI,N121,9,45480,G,1,0.93,0.9,5.0,U,-56.0,9.75,True,,2026-07-07T14:53:22.986+00:00,/dev/cu.usbserial-576B0005451,"RX,1923954,R35,TXI,N121,9,45480,G,1,0.93,0.90,5,U,-56,9.75"
RX,1924098,R35,TXA,N01,43,45626,D,0,0.24,0.22,5.0,F,-42.0,10.25,True,,2026-07-07T14:53:23.130+00:00,/dev/cu.usbserial-576B0005451,"RX,1924098,R35,TXA,N01,43,45626,D,0,0.24,0.22,5,F,-42,10.25"
RX,1924237,R35,TXK,N151,22,45763,E,1,0.87,0.84,5.0,U,-53.0,9.75,True,,2026-07-07T14:53:23.269+00:00,/dev/cu.usbserial-576B0005451,"RX,1924237,R35,TXK,N151,22,45763,E,1,0.87,0.84,5,U,-53,9.75"
RX,1925098,R35,TXA,N01,44,46626,E,1,0.87,0.84,5.0,F,-42.0,10.25,True,,2026-07-07T14:53:24.130+00:00,/dev/cu.usbserial-576B0005451,"RX,1925098,R35,TXA,N01,44,46626,E,1,0.87,0.84,5,F,-42,10.25"
RX,1925365,R35,TXB,N16,21,46892,C,1,0.81,0.78,5.0,U,-53.0,10.0,True,,2026-07-07T14:53:24.397+00:00,/dev/cu.usbserial-576B0005451,"RX,1925365,R35,TXB,N16,21,46892,C,1,0.81,0.78,5,U,-53,10.00"
RX,1925847,R35,TXE,N61,19,47379,G,1,0.93,0.9,5.0,U,-52.0,10.0,True,,2026-07-07T14:53:24.879+00:00,/dev/cu.usbserial-576B0005451,"RX,1925847,R35,TXE,N61,19,47379,G,1,0.93,0.90,5,U,-52,10.00"
RX,1926098,R35,TXA,N01,45,47626,F,1,0.28,0.26,5.0,F,-43.0,10.25,True,,2026-07-07T14:53:25.130+00:00,/dev/cu.usbserial-576B0005451,"RX,1926098,R35,TXA,N01,45,47626,F,1,0.28,0.26,5,F,-43,10.25"
RX,1926237,R35,TXK,N151,23,47763,G,0,0.93,0.9,5.0,U,-54.0,9.5,True,,2026-07-07T14:53:25.269+00:00,/dev/cu.usbserial-576B0005451,"RX,1926237,R35,TXK,N151,23,47763,G,0,0.93,0.90,5,U,-54,9.50"
RX,1926599,R35,TXF,N76,10,48131,E,1,0.87,0.84,5.0,U,-47.0,9.75,True,,2026-07-07T14:53:25.629+00:00,/dev/cu.usbserial-576B0005451,"RX,1926599,R35,TXF,N76,10,48131,E,1,0.87,0.84,5,U,-47,9.75"
RX,1926902,R35,TXD,N46,5,48430,G,0,0.93,0.9,5.0,U,-46.0,9.5,True,,2026-07-07T14:53:25.933+00:00,/dev/cu.usbserial-576B0005451,"RX,1926902,R35,TXD,N46,5,48430,G,0,0.93,0.90,5,U,-46,9.50"
RX,1927098,R35,TXA,N01,46,48626,G,0,0.93,0.9,5.0,F,-43.0,10.0,True,,2026-07-07T14:53:26.129+00:00,/dev/cu.usbserial-576B0005451,"RX,1927098,R35,TXA,N01,46,48626,G,0,0.93,0.90,5,F,-43,10.00"
RX,1927365,R35,TXB,N16,22,48892,E,1,0.87,0.84,5.0,U,-52.0,10.25,True,,2026-07-07T14:53:26.396+00:00,/dev/cu.usbserial-576B0005451,"RX,1927365,R35,TXB,N16,22,48892,E,1,0.87,0.84,5,U,-52,10.25"
RX,1927548,R35,TXG,N91,4,49080,G,1,0.93,0.9,5.0,U,-51.0,9.5,True,,2026-07-07T14:53:26.579+00:00,/dev/cu.usbserial-576B0005451,"RX,1927548,R35,TXG,N91,4,49080,G,1,0.93,0.90,5,U,-51,9.50"
RX,1927847,R35,TXE,N61,20,49379,A,0,0.75,0.72,5.0,U,-52.0,9.25,True,,2026-07-07T14:53:26.879+00:00,/dev/cu.usbserial-576B0005451,"RX,1927847,R35,TXE,N61,20,49379,A,0,0.75,0.72,5,U,-52,9.25"
RX,1928098,R35,TXA,N01,47,49626,H,1,0.32,0.3,5.0,F,-42.0,9.75,True,,2026-07-07T14:53:27.130+00:00,/dev/cu.usbserial-576B0005451,"RX,1928098,R35,TXA,N01,47,49626,H,1,0.32,0.30,5,F,-42,9.75"
RX,1928237,R35,TXK,N151,24,49763,A,1,0.75,0.72,5.0,U,-53.0,9.5,True,,2026-07-07T14:53:27.269+00:00,/dev/cu.usbserial-576B0005451,"RX,1928237,R35,TXK,N151,24,49763,A,1,0.75,0.72,5,U,-53,9.50"
RX,1928599,R35,TXF,N76,11,50131,G,0,0.93,0.9,5.0,U,-47.0,9.75,True,,2026-07-07T14:53:27.630+00:00,/dev/cu.usbserial-576B0005451,"RX,1928599,R35,TXF,N76,11,50131,G,0,0.93,0.90,5,U,-47,9.75"
RX,1928754,R35,TXJ,N136,4,50280,G,1,0.93,0.9,5.0,U,-52.0,12.0,True,,2026-07-07T14:53:27.786+00:00,/dev/cu.usbserial-576B0005451,"RX,1928754,R35,TXJ,N136,4,50280,G,1,0.93,0.90,5,U,-52,12.00"
RX,1928853,R35,TXC,N31,10,50381,E,1,0.87,0.84,5.0,U,-46.0,10.5,True,,2026-07-07T14:53:27.884+00:00,/dev/cu.usbserial-576B0005451,"RX,1928853,R35,TXC,N31,10,50381,E,1,0.87,0.84,5,U,-46,10.50"
RX,1929098,R35,TXA,N01,48,50626,A,1,0.75,0.72,5.0,F,-42.0,10.0,True,,2026-07-07T14:53:28.130+00:00,/dev/cu.usbserial-576B0005451,"RX,1929098,R35,TXA,N01,48,50626,A,1,0.75,0.72,5,F,-42,10.00"
RX,1929365,R35,TXB,N16,23,50892,G,0,0.93,0.9,5.0,U,-53.0,9.75,True,,2026-07-07T14:53:28.397+00:00,/dev/cu.usbserial-576B0005451,"RX,1929365,R35,TXB,N16,23,50892,G,0,0.93,0.90,5,U,-53,9.75"
RX,1929847,R35,TXE,N61,21,51379,C,1,0.81,0.78,5.0,U,-52.0,9.75,True,,2026-07-07T14:53:28.879+00:00,/dev/cu.usbserial-576B0005451,"RX,1929847,R35,TXE,N61,21,51379,C,1,0.81,0.78,5,U,-52,9.75"
RX,1929955,R35,TXI,N121,10,51480,E,1,0.87,0.84,5.0,U,-61.0,9.75,True,,2026-07-07T14:53:28.986+00:00,/dev/cu.usbserial-576B0005451,"RX,1929955,R35,TXI,N121,10,51480,E,1,0.87,0.84,5,U,-61,9.75"
RX,1930098,R35,TXA,N01,49,51626,B,0,0.2,0.18,5.0,F,-42.0,9.5,True,,2026-07-07T14:53:29.130+00:00,/dev/cu.usbserial-576B0005451,"RX,1930098,R35,TXA,N01,49,51626,B,0,0.20,0.18,5,F,-42,9.50"
RX,1930237,R35,TXK,N151,25,51763,C,1,0.81,0.78,5.0,U,-53.0,9.75,True,,2026-07-07T14:53:29.268+00:00,/dev/cu.usbserial-576B0005451,"RX,1930237,R35,TXK,N151,25,51763,C,1,0.81,0.78,5,U,-53,9.75"
RX,1930853,R35,TXC,N31,11,52381,G,0,0.93,0.9,5.0,U,-46.0,10.5,True,,2026-07-07T14:53:29.884+00:00,/dev/cu.usbserial-576B0005451,"RX,1930853,R35,TXC,N31,11,52381,G,0,0.93,0.90,5,U,-46,10.50"
RX,1931098,R35,TXA,N01,50,52626,C,1,0.81,0.78,5.0,F,-42.0,10.25,True,,2026-07-07T14:53:30.130+00:00,/dev/cu.usbserial-576B0005451,"RX,1931098,R35,TXA,N01,50,52626,C,1,0.81,0.78,5,F,-42,10.25"
RX,1931365,R35,TXB,N16,24,52892,A,1,0.75,0.72,5.0,U,-54.0,9.5,True,,2026-07-07T14:53:30.397+00:00,/dev/cu.usbserial-576B0005451,"RX,1931365,R35,TXB,N16,24,52892,A,1,0.75,0.72,5,U,-54,9.50"
RX,1931847,R35,TXE,N61,22,53379,E,1,0.87,0.84,5.0,U,-52.0,9.75,True,,2026-07-07T14:53:30.879+00:00,/dev/cu.usbserial-576B0005451,"RX,1931847,R35,TXE,N61,22,53379,E,1,0.87,0.84,5,U,-52,9.75"
RX,1931955,R35,TXI,N121,11,53480,G,0,0.93,0.9,5.0,U,-64.0,9.25,True,,2026-07-07T14:53:30.986+00:00,/dev/cu.usbserial-576B0005451,"RX,1931955,R35,TXI,N121,11,53480,G,0,0.93,0.90,5,U,-64,9.25"
RX,1932098,R35,TXA,N01,51,53626,D,1,0.24,0.22,5.0,F,-43.0,9.5,True,,2026-07-07T14:53:31.130+00:00,/dev/cu.usbserial-576B0005451,"RX,1932098,R35,TXA,N01,51,53626,D,1,0.24,0.22,5,F,-43,9.50"
RX,1932237,R35,TXK,N151,26,53763,E,0,0.87,0.84,5.0,U,-53.0,9.75,True,,2026-07-07T14:53:31.269+00:00,/dev/cu.usbserial-576B0005451,"RX,1932237,R35,TXK,N151,26,53763,E,0,0.87,0.84,5,U,-53,9.75"
RX,1933098,R35,TXA,N01,52,54626,E,0,0.87,0.84,5.0,F,-41.0,10.25,True,,2026-07-07T14:53:32.130+00:00,/dev/cu.usbserial-576B0005451,"RX,1933098,R35,TXA,N01,52,54626,E,0,0.87,0.84,5,F,-41,10.25"
RX,1933365,R35,TXB,N16,25,54892,C,1,0.81,0.78,5.0,U,-53.0,9.75,True,,2026-07-07T14:53:32.396+00:00,/dev/cu.usbserial-576B0005451,"RX,1933365,R35,TXB,N16,25,54892,C,1,0.81,0.78,5,U,-53,9.75"
RX,1933847,R35,TXE,N61,23,55379,G,0,0.93,0.9,5.0,U,-51.0,10.25,True,,2026-07-07T14:53:32.879+00:00,/dev/cu.usbserial-576B0005451,"RX,1933847,R35,TXE,N61,23,55379,G,0,0.93,0.90,5,U,-51,10.25"
RX,1934098,R35,TXA,N01,53,55626,F,1,0.28,0.26,5.0,F,-42.0,10.5,True,,2026-07-07T14:53:33.130+00:00,/dev/cu.usbserial-576B0005451,"RX,1934098,R35,TXA,N01,53,55626,F,1,0.28,0.26,5,F,-42,10.50"
RX,1934237,R35,TXK,N151,27,55763,G,1,0.93,0.9,5.0,U,-54.0,9.5,True,,2026-07-07T14:53:33.269+00:00,/dev/cu.usbserial-576B0005451,"RX,1934237,R35,TXK,N151,27,55763,G,1,0.93,0.90,5,U,-54,9.50"
RX,1934599,R35,TXF,N76,12,56131,E,0,0.87,0.84,5.0,U,-47.0,9.75,True,,2026-07-07T14:53:33.630+00:00,/dev/cu.usbserial-576B0005451,"RX,1934599,R35,TXF,N76,12,56131,E,0,0.87,0.84,5,U,-47,9.75"
RX,1934902,R35,TXD,N46,6,56430,G,1,0.93,0.9,5.0,U,-46.0,9.5,True,,2026-07-07T14:53:33.933+00:00,/dev/cu.usbserial-576B0005451,"RX,1934902,R35,TXD,N46,6,56430,G,1,0.93,0.90,5,U,-46,9.50"
RX,1935098,R35,TXA,N01,54,56626,G,1,0.93,0.9,5.0,F,-43.0,10.0,True,,2026-07-07T14:53:34.130+00:00,/dev/cu.usbserial-576B0005451,"RX,1935098,R35,TXA,N01,54,56626,G,1,0.93,0.90,5,F,-43,10.00"
RX,1935365,R35,TXB,N16,26,56892,E,0,0.87,0.84,5.0,U,-53.0,10.0,True,,2026-07-07T14:53:34.397+00:00,/dev/cu.usbserial-576B0005451,"RX,1935365,R35,TXB,N16,26,56892,E,0,0.87,0.84,5,U,-53,10.00"
RX,1935548,R35,TXG,N91,5,57080,G,0,0.93,0.9,5.0,U,-51.0,9.5,True,,2026-07-07T14:53:34.579+00:00,/dev/cu.usbserial-576B0005451,"RX,1935548,R35,TXG,N91,5,57080,G,0,0.93,0.90,5,U,-51,9.50"
RX,1935847,R35,TXE,N61,24,57379,A,1,0.75,0.72,5.0,U,-52.0,10.0,True,,2026-07-07T14:53:34.879+00:00,/dev/cu.usbserial-576B0005451,"RX,1935847,R35,TXE,N61,24,57379,A,1,0.75,0.72,5,U,-52,10.00"
RX,1936098,R35,TXA,N01,55,57626,H,0,0.32,0.3,5.0,F,-42.0,9.5,True,,2026-07-07T14:53:35.130+00:00,/dev/cu.usbserial-576B0005451,"RX,1936098,R35,TXA,N01,55,57626,H,0,0.32,0.30,5,F,-42,9.50"
RX,1936237,R35,TXK,N151,28,57763,A,1,0.75,0.72,5.0,U,-54.0,9.25,True,,2026-07-07T14:53:35.269+00:00,/dev/cu.usbserial-576B0005451,"RX,1936237,R35,TXK,N151,28,57763,A,1,0.75,0.72,5,U,-54,9.25"
RX,1936599,R35,TXF,N76,13,58131,G,1,0.93,0.9,5.0,U,-47.0,10.0,True,,2026-07-07T14:53:35.630+00:00,/dev/cu.usbserial-576B0005451,"RX,1936599,R35,TXF,N76,13,58131,G,1,0.93,0.90,5,U,-47,10.00"
RX,1936754,R35,TXJ,N136,5,58280,G,0,0.93,0.9,5.0,U,-52.0,10.25,True,,2026-07-07T14:53:35.786+00:00,/dev/cu.usbserial-576B0005451,"RX,1936754,R35,TXJ,N136,5,58280,G,0,0.93,0.90,5,U,-52,10.25"
RX,1936853,R35,TXC,N31,12,58381,E,0,0.87,0.84,5.0,U,-46.0,10.0,True,,2026-07-07T14:53:35.884+00:00,/dev/cu.usbserial-576B0005451,"RX,1936853,R35,TXC,N31,12,58381,E,0,0.87,0.84,5,U,-46,10.00"
RX,1937098,R35,TXA,N01,56,58626,A,1,0.75,0.72,5.0,F,-42.0,10.0,True,,2026-07-07T14:53:36.130+00:00,/dev/cu.usbserial-576B0005451,"RX,1937098,R35,TXA,N01,56,58626,A,1,0.75,0.72,5,F,-42,10.00"
RX,1937365,R35,TXB,N16,27,58892,G,1,0.93,0.9,5.0,U,-53.0,10.5,True,,2026-07-07T14:53:36.397+00:00,/dev/cu.usbserial-576B0005451,"RX,1937365,R35,TXB,N16,27,58892,G,1,0.93,0.90,5,U,-53,10.50"
RX,1937847,R35,TXE,N61,25,59379,C,1,0.81,0.78,5.0,U,-52.0,9.75,True,,2026-07-07T14:53:36.878+00:00,/dev/cu.usbserial-576B0005451,"RX,1937847,R35,TXE,N61,25,59379,C,1,0.81,0.78,5,U,-52,9.75"
RX,1937955,R35,TXI,N121,12,59480,E,0,0.87,0.84,5.0,U,-65.0,10.0,True,,2026-07-07T14:53:36.986+00:00,/dev/cu.usbserial-576B0005451,"RX,1937955,R35,TXI,N121,12,59480,E,0,0.87,0.84,5,U,-65,10.00"
RX,1938098,R35,TXA,N01,57,59626,B,1,0.2,0.18,5.0,F,-43.0,9.5,True,,2026-07-07T14:53:37.130+00:00,/dev/cu.usbserial-576B0005451,"RX,1938098,R35,TXA,N01,57,59626,B,1,0.20,0.18,5,F,-43,9.50"
RX,1938237,R35,TXK,N151,29,59763,C,0,0.81,0.78,5.0,U,-54.0,9.25,True,,2026-07-07T14:53:37.269+00:00,/dev/cu.usbserial-576B0005451,"RX,1938237,R35,TXK,N151,29,59763,C,0,0.81,0.78,5,U,-54,9.25"
RX,1938853,R35,TXC,N31,13,60381,G,1,0.93,0.9,5.0,U,-46.0,9.75,True,,2026-07-07T14:53:37.884+00:00,/dev/cu.usbserial-576B0005451,"RX,1938853,R35,TXC,N31,13,60381,G,1,0.93,0.90,5,U,-46,9.75"
RX,1939098,R35,TXA,N01,58,60626,C,0,0.81,0.78,5.0,F,-43.0,10.0,True,,2026-07-07T14:53:38.130+00:00,/dev/cu.usbserial-576B0005451,"RX,1939098,R35,TXA,N01,58,60626,C,0,0.81,0.78,5,F,-43,10.00"
RX,1939365,R35,TXB,N16,28,60892,A,1,0.75,0.72,5.0,U,-53.0,9.75,True,,2026-07-07T14:53:38.397+00:00,/dev/cu.usbserial-576B0005451,"RX,1939365,R35,TXB,N16,28,60892,A,1,0.75,0.72,5,U,-53,9.75"
RX,1939847,R35,TXE,N61,26,61379,E,0,0.87,0.84,5.0,U,-51.0,10.25,True,,2026-07-07T14:53:38.879+00:00,/dev/cu.usbserial-576B0005451,"RX,1939847,R35,TXE,N61,26,61379,E,0,0.87,0.84,5,U,-51,10.25"
RX,1939954,R35,TXI,N121,13,61480,G,1,0.93,0.9,5.0,U,-57.0,9.75,True,,2026-07-07T14:53:38.986+00:00,/dev/cu.usbserial-576B0005451,"RX,1939954,R35,TXI,N121,13,61480,G,1,0.93,0.90,5,U,-57,9.75"
RX,1940098,R35,TXA,N01,59,61626,D,1,0.24,0.22,5.0,F,-42.0,10.0,True,,2026-07-07T14:53:39.130+00:00,/dev/cu.usbserial-576B0005451,"RX,1940098,R35,TXA,N01,59,61626,D,1,0.24,0.22,5,F,-42,10.00"
RX,1940237,R35,TXK,N151,30,61763,E,1,0.87,0.84,5.0,U,-54.0,9.25,True,,2026-07-07T14:53:39.269+00:00,/dev/cu.usbserial-576B0005451,"RX,1940237,R35,TXK,N151,30,61763,E,1,0.87,0.84,5,U,-54,9.25"
RX,1941098,R35,TXA,N01,60,62626,E,1,0.87,0.84,5.0,F,-42.0,10.25,True,,2026-07-07T14:53:40.130+00:00,/dev/cu.usbserial-576B0005451,"RX,1941098,R35,TXA,N01,60,62626,E,1,0.87,0.84,5,F,-42,10.25"
RX,1941365,R35,TXB,N16,29,62892,C,0,0.81,0.78,5.0,U,-52.0,10.0,True,,2026-07-07T14:53:40.397+00:00,/dev/cu.usbserial-576B0005451,"RX,1941365,R35,TXB,N16,29,62892,C,0,0.81,0.78,5,U,-52,10.00"
RX,1941847,R35,TXE,N61,27,63379,G,1,0.93,0.9,5.0,U,-51.0,10.25,True,,2026-07-07T14:53:40.879+00:00,/dev/cu.usbserial-576B0005451,"RX,1941847,R35,TXE,N61,27,63379,G,1,0.93,0.90,5,U,-51,10.25"
RX,1942098,R35,TXA,N01,61,63626,F,0,0.28,0.26,5.0,F,-41.0,10.0,True,,2026-07-07T14:53:41.130+00:00,/dev/cu.usbserial-576B0005451,"RX,1942098,R35,TXA,N01,61,63626,F,0,0.28,0.26,5,F,-41,10.00"
RX,1942237,R35,TXK,N151,31,63763,G,1,0.93,0.9,5.0,U,-54.0,9.5,True,,2026-07-07T14:53:41.269+00:00,/dev/cu.usbserial-576B0005451,"RX,1942237,R35,TXK,N151,31,63763,G,1,0.93,0.90,5,U,-54,9.50"
RX,1942599,R35,TXF,N76,14,64131,E,1,0.87,0.84,5.0,U,-48.0,9.75,True,,2026-07-07T14:53:41.630+00:00,/dev/cu.usbserial-576B0005451,"RX,1942599,R35,TXF,N76,14,64131,E,1,0.87,0.84,5,U,-48,9.75"
RX,1942902,R35,TXD,N46,7,64430,G,1,0.93,0.9,5.0,U,-45.0,9.5,True,,2026-07-07T14:53:41.933+00:00,/dev/cu.usbserial-576B0005451,"RX,1942902,R35,TXD,N46,7,64430,G,1,0.93,0.90,5,U,-45,9.50"
RX,1943098,R35,TXA,N01,62,64626,G,1,0.93,0.9,5.0,F,-41.0,10.25,True,,2026-07-07T14:53:42.130+00:00,/dev/cu.usbserial-576B0005451,"RX,1943098,R35,TXA,N01,62,64626,G,1,0.93,0.90,5,F,-41,10.25"
RX,1943365,R35,TXB,N16,30,64892,E,1,0.87,0.84,5.0,U,-52.0,10.0,True,,2026-07-07T14:53:42.397+00:00,/dev/cu.usbserial-576B0005451,"RX,1943365,R35,TXB,N16,30,64892,E,1,0.87,0.84,5,U,-52,10.00"
RX,1943548,R35,TXG,N91,6,65080,G,1,0.93,0.9,5.0,U,-51.0,9.5,True,,2026-07-07T14:53:42.579+00:00,/dev/cu.usbserial-576B0005451,"RX,1943548,R35,TXG,N91,6,65080,G,1,0.93,0.90,5,U,-51,9.50"
RX,1943847,R35,TXE,N61,28,65379,A,1,0.75,0.72,5.0,U,-50.0,9.75,True,,2026-07-07T14:53:42.878+00:00,/dev/cu.usbserial-576B0005451,"RX,1943847,R35,TXE,N61,28,65379,A,1,0.75,0.72,5,U,-50,9.75"
RX,1944098,R35,TXA,N01,63,65626,H,1,0.32,0.3,5.0,F,-42.0,10.0,True,,2026-07-07T14:53:43.129+00:00,/dev/cu.usbserial-576B0005451,"RX,1944098,R35,TXA,N01,63,65626,H,1,0.32,0.30,5,F,-42,10.00"
RX,1944237,R35,TXK,N151,32,65763,A,1,0.75,0.72,5.0,U,-53.0,9.5,True,,2026-07-07T14:53:43.269+00:00,/dev/cu.usbserial-576B0005451,"RX,1944237,R35,TXK,N151,32,65763,A,1,0.75,0.72,5,U,-53,9.50"
RX,1944599,R35,TXF,N76,15,66131,G,1,0.93,0.9,5.0,U,-46.0,10.0,True,,2026-07-07T14:53:43.630+00:00,/dev/cu.usbserial-576B0005451,"RX,1944599,R35,TXF,N76,15,66131,G,1,0.93,0.90,5,U,-46,10.00"
RX,1944754,R35,TXJ,N136,6,66280,G,1,0.93,0.9,5.0,U,-54.0,10.5,True,,2026-07-07T14:53:43.785+00:00,/dev/cu.usbserial-576B0005451,"RX,1944754,R35,TXJ,N136,6,66280,G,1,0.93,0.90,5,U,-54,10.50"
RX,1944853,R35,TXC,N31,14,66381,E,1,0.87,0.84,5.0,U,-44.0,9.75,True,,2026-07-07T14:53:43.884+00:00,/dev/cu.usbserial-576B0005451,"RX,1944853,R35,TXC,N31,14,66381,E,1,0.87,0.84,5,U,-44,9.75"
RX,1945098,R35,TXA,N01,64,66626,A,1,0.75,0.72,5.0,F,-42.0,10.0,True,,2026-07-07T14:53:44.130+00:00,/dev/cu.usbserial-576B0005451,"RX,1945098,R35,TXA,N01,64,66626,A,1,0.75,0.72,5,F,-42,10.00"
RX,1945365,R35,TXB,N16,31,66892,G,1,0.93,0.9,5.0,U,-52.0,10.0,True,,2026-07-07T14:53:44.397+00:00,/dev/cu.usbserial-576B0005451,"RX,1945365,R35,TXB,N16,31,66892,G,1,0.93,0.90,5,U,-52,10.00"
RX,1945847,R35,TXE,N61,29,67379,C,0,0.81,0.78,5.0,U,-50.0,9.75,True,,2026-07-07T14:53:44.878+00:00,/dev/cu.usbserial-576B0005451,"RX,1945847,R35,TXE,N61,29,67379,C,0,0.81,0.78,5,U,-50,9.75"
RX,1945955,R35,TXI,N121,14,67480,E,1,0.87,0.84,5.0,U,-64.0,9.5,True,,2026-07-07T14:53:44.986+00:00,/dev/cu.usbserial-576B0005451,"RX,1945955,R35,TXI,N121,14,67480,E,1,0.87,0.84,5,U,-64,9.50"
RX,1946098,R35,TXA,N01,65,67626,B,0,0.2,0.18,5.0,F,-42.0,10.25,True,,2026-07-07T14:53:45.129+00:00,/dev/cu.usbserial-576B0005451,"RX,1946098,R35,TXA,N01,65,67626,B,0,0.20,0.18,5,F,-42,10.25"
RX,1946237,R35,TXK,N151,33,67763,C,1,0.81,0.78,5.0,U,-52.0,9.5,True,,2026-07-07T14:53:45.270+00:00,/dev/cu.usbserial-576B0005451,"RX,1946237,R35,TXK,N151,33,67763,C,1,0.81,0.78,5,U,-52,9.50"
RX,1946853,R35,TXC,N31,15,68381,G,1,0.93,0.9,5.0,U,-45.0,9.75,True,,2026-07-07T14:53:45.884+00:00,/dev/cu.usbserial-576B0005451,"RX,1946853,R35,TXC,N31,15,68381,G,1,0.93,0.90,5,U,-45,9.75"
RX,1947098,R35,TXA,N01,66,68626,C,1,0.81,0.78,5.0,F,-42.0,10.25,True,,2026-07-07T14:53:46.129+00:00,/dev/cu.usbserial-576B0005451,"RX,1947098,R35,TXA,N01,66,68626,C,1,0.81,0.78,5,F,-42,10.25"
RX,1947365,R35,TXB,N16,32,68892,A,1,0.75,0.72,5.0,U,-52.0,10.75,True,,2026-07-07T14:53:46.396+00:00,/dev/cu.usbserial-576B0005451,"RX,1947365,R35,TXB,N16,32,68892,A,1,0.75,0.72,5,U,-52,10.75"
RX,1947847,R35,TXE,N61,30,69379,E,1,0.87,0.84,5.0,U,-50.0,10.25,True,,2026-07-07T14:53:46.878+00:00,/dev/cu.usbserial-576B0005451,"RX,1947847,R35,TXE,N61,30,69379,E,1,0.87,0.84,5,U,-50,10.25"
RX,1948098,R35,TXA,N01,67,69626,D,1,0.24,0.22,5.0,F,-42.0,10.25,True,,2026-07-07T14:53:47.130+00:00,/dev/cu.usbserial-576B0005451,"RX,1948098,R35,TXA,N01,67,69626,D,1,0.24,0.22,5,F,-42,10.25"
RX,1948237,R35,TXK,N151,34,69763,E,0,0.87,0.84,5.0,U,-51.0,10.25,True,,2026-07-07T14:53:47.269+00:00,/dev/cu.usbserial-576B0005451,"RX,1948237,R35,TXK,N151,34,69763,E,0,0.87,0.84,5,U,-51,10.25"
RX,1949098,R35,TXA,N01,68,70626,E,0,0.87,0.84,5.0,F,-42.0,10.0,True,,2026-07-07T14:53:48.130+00:00,/dev/cu.usbserial-576B0005451,"RX,1949098,R35,TXA,N01,68,70626,E,0,0.87,0.84,5,F,-42,10.00"
RX,1949365,R35,TXB,N16,33,70892,C,1,0.81,0.78,5.0,U,-52.0,9.75,True,,2026-07-07T14:53:48.396+00:00,/dev/cu.usbserial-576B0005451,"RX,1949365,R35,TXB,N16,33,70892,C,1,0.81,0.78,5,U,-52,9.75"
RX,1949847,R35,TXE,N61,31,71379,G,1,0.93,0.9,5.0,U,-50.0,9.75,True,,2026-07-07T14:53:48.878+00:00,/dev/cu.usbserial-576B0005451,"RX,1949847,R35,TXE,N61,31,71379,G,1,0.93,0.90,5,U,-50,9.75"
RX,1950098,R35,TXA,N01,69,71626,F,1,0.28,0.26,5.0,F,-42.0,9.5,True,,2026-07-07T14:53:49.129+00:00,/dev/cu.usbserial-576B0005451,"RX,1950098,R35,TXA,N01,69,71626,F,1,0.28,0.26,5,F,-42,9.50"
RX,1950209,R35,TXH,N106,4,71742,G,1,0.93,0.9,5.0,U,-42.0,-2.0,True,,2026-07-07T14:53:49.241+00:00,/dev/cu.usbserial-576B0005451,"RX,1950209,R35,TXH,N106,4,71742,G,1,0.93,0.90,5,U,-42,-2.00"
RX,1950390,R35,TXL,N166,4,71916,G,1,0.93,0.9,5.0,U,-49.0,10.25,True,,2026-07-07T14:53:49.421+00:00,/dev/cu.usbserial-576B0005451,"RX,1950390,R35,TXL,N166,4,71916,G,1,0.93,0.90,5,U,-49,10.25"
RX,1950599,R35,TXF,N76,16,72131,E,0,0.87,0.84,5.0,U,-47.0,10.5,True,,2026-07-07T14:53:49.630+00:00,/dev/cu.usbserial-576B0005451,"RX,1950599,R35,TXF,N76,16,72131,E,0,0.87,0.84,5,U,-47,10.50"
RX,1950902,R35,TXD,N46,8,72430,G,1,0.93,0.9,5.0,U,-45.0,9.75,True,,2026-07-07T14:53:49.933+00:00,/dev/cu.usbserial-576B0005451,"RX,1950902,R35,TXD,N46,8,72430,G,1,0.93,0.90,5,U,-45,9.75"
RX,1951098,R35,TXA,N01,70,72626,G,1,0.93,0.9,5.0,F,-42.0,10.5,True,,2026-07-07T14:53:50.129+00:00,/dev/cu.usbserial-576B0005451,"RX,1951098,R35,TXA,N01,70,72626,G,1,0.93,0.90,5,F,-42,10.50"
RX,1951365,R35,TXB,N16,34,72892,E,0,0.87,0.84,5.0,U,-51.0,10.0,True,,2026-07-07T14:53:50.396+00:00,/dev/cu.usbserial-576B0005451,"RX,1951365,R35,TXB,N16,34,72892,E,0,0.87,0.84,5,U,-51,10.00"
RX,1951548,R35,TXG,N91,7,73080,G,1,0.93,0.9,5.0,U,-50.0,9.25,True,,2026-07-07T14:53:50.578+00:00,/dev/cu.usbserial-576B0005451,"RX,1951548,R35,TXG,N91,7,73080,G,1,0.93,0.90,5,U,-50,9.25"
RX,1951847,R35,TXE,N61,32,73379,A,1,0.75,0.72,5.0,U,-50.0,9.5,True,,2026-07-07T14:53:50.878+00:00,/dev/cu.usbserial-576B0005451,"RX,1951847,R35,TXE,N61,32,73379,A,1,0.75,0.72,5,U,-50,9.50"
RX,1952098,R35,TXA,N01,71,73626,H,0,0.32,0.3,5.0,F,-42.0,10.25,True,,2026-07-07T14:53:51.129+00:00,/dev/cu.usbserial-576B0005451,"RX,1952098,R35,TXA,N01,71,73626,H,0,0.32,0.30,5,F,-42,10.25"
RX,1952237,R35,TXK,N151,36,73763,A,1,0.75,0.72,5.0,U,-52.0,9.5,True,,2026-07-07T14:53:51.268+00:00,/dev/cu.usbserial-576B0005451,"RX,1952237,R35,TXK,N151,36,73763,A,1,0.75,0.72,5,U,-52,9.50"
RX,1952599,R35,TXF,N76,17,74131,G,1,0.93,0.9,5.0,U,-47.0,9.25,True,,2026-07-07T14:53:51.629+00:00,/dev/cu.usbserial-576B0005451,"RX,1952599,R35,TXF,N76,17,74131,G,1,0.93,0.90,5,U,-47,9.25"
RX,1952754,R35,TXJ,N136,7,74280,G,1,0.93,0.9,5.0,U,-55.0,9.5,True,,2026-07-07T14:53:51.785+00:00,/dev/cu.usbserial-576B0005451,"RX,1952754,R35,TXJ,N136,7,74280,G,1,0.93,0.90,5,U,-55,9.50"
RX,1952853,R35,TXC,N31,16,74381,E,0,0.87,0.84,5.0,U,-44.0,9.75,True,,2026-07-07T14:53:51.884+00:00,/dev/cu.usbserial-576B0005451,"RX,1952853,R35,TXC,N31,16,74381,E,0,0.87,0.84,5,U,-44,9.75"
RX,1953098,R35,TXA,N01,72,74626,A,1,0.75,0.72,5.0,F,-42.0,9.75,True,,2026-07-07T14:53:52.129+00:00,/dev/cu.usbserial-576B0005451,"RX,1953098,R35,TXA,N01,72,74626,A,1,0.75,0.72,5,F,-42,9.75"
RX,1953365,R35,TXB,N16,35,74892,G,1,0.93,0.9,5.0,U,-52.0,10.0,True,,2026-07-07T14:53:52.396+00:00,/dev/cu.usbserial-576B0005451,"RX,1953365,R35,TXB,N16,35,74892,G,1,0.93,0.90,5,U,-52,10.00"
RX,1953847,R35,TXE,N61,33,75379,C,1,0.81,0.78,5.0,U,-50.0,9.5,True,,2026-07-07T14:53:52.878+00:00,/dev/cu.usbserial-576B0005451,"RX,1953847,R35,TXE,N61,33,75379,C,1,0.81,0.78,5,U,-50,9.50"
RX,1953955,R35,TXI,N121,16,75480,E,0,0.87,0.84,5.0,U,-61.0,9.75,True,,2026-07-07T14:53:52.985+00:00,/dev/cu.usbserial-576B0005451,"RX,1953955,R35,TXI,N121,16,75480,E,0,0.87,0.84,5,U,-61,9.75"
RX,1954098,R35,TXA,N01,73,75626,B,1,0.2,0.18,5.0,F,-42.0,9.75,True,,2026-07-07T14:53:53.129+00:00,/dev/cu.usbserial-576B0005451,"RX,1954098,R35,TXA,N01,73,75626,B,1,0.20,0.18,5,F,-42,9.75"
RX,1954237,R35,TXK,N151,37,75763,C,0,0.81,0.78,5.0,U,-52.0,9.75,True,,2026-07-07T14:53:53.269+00:00,/dev/cu.usbserial-576B0005451,"RX,1954237,R35,TXK,N151,37,75763,C,0,0.81,0.78,5,U,-52,9.75"
RX,1954853,R35,TXC,N31,17,76381,G,1,0.93,0.9,5.0,U,-45.0,10.25,True,,2026-07-07T14:53:53.883+00:00,/dev/cu.usbserial-576B0005451,"RX,1954853,R35,TXC,N31,17,76381,G,1,0.93,0.90,5,U,-45,10.25"
RX,1955098,R35,TXA,N01,74,76626,C,0,0.81,0.78,5.0,F,-42.0,9.75,True,,2026-07-07T14:53:54.129+00:00,/dev/cu.usbserial-576B0005451,"RX,1955098,R35,TXA,N01,74,76626,C,0,0.81,0.78,5,F,-42,9.75"
RX,1955365,R35,TXB,N16,36,76892,A,1,0.75,0.72,5.0,U,-52.0,10.0,True,,2026-07-07T14:53:54.396+00:00,/dev/cu.usbserial-576B0005451,"RX,1955365,R35,TXB,N16,36,76892,A,1,0.75,0.72,5,U,-52,10.00"
RX,1955847,R35,TXE,N61,34,77379,E,0,0.87,0.84,5.0,U,-50.0,9.75,True,,2026-07-07T14:53:54.878+00:00,/dev/cu.usbserial-576B0005451,"RX,1955847,R35,TXE,N61,34,77379,E,0,0.87,0.84,5,U,-50,9.75"
RX,1955955,R35,TXI,N121,17,77480,G,1,0.93,0.9,5.0,U,-60.0,9.75,True,,2026-07-07T14:53:54.985+00:00,/dev/cu.usbserial-576B0005451,"RX,1955955,R35,TXI,N121,17,77480,G,1,0.93,0.90,5,U,-60,9.75"
RX,1956098,R35,TXA,N01,75,77626,D,1,0.24,0.22,5.0,F,-42.0,10.0,True,,2026-07-07T14:53:55.130+00:00,/dev/cu.usbserial-576B0005451,"RX,1956098,R35,TXA,N01,75,77626,D,1,0.24,0.22,5,F,-42,10.00"
RX,1956237,R35,TXK,N151,38,77763,E,1,0.87,0.84,5.0,U,-52.0,9.5,True,,2026-07-07T14:53:55.268+00:00,/dev/cu.usbserial-576B0005451,"RX,1956237,R35,TXK,N151,38,77763,E,1,0.87,0.84,5,U,-52,9.50"
RX,1957098,R35,TXA,N01,76,78626,E,1,0.87,0.84,5.0,F,-42.0,9.75,True,,2026-07-07T14:53:56.129+00:00,/dev/cu.usbserial-576B0005451,"RX,1957098,R35,TXA,N01,76,78626,E,1,0.87,0.84,5,F,-42,9.75"
RX,1957365,R35,TXB,N16,37,78892,C,0,0.81,0.78,5.0,U,-52.0,9.75,True,,2026-07-07T14:53:56.396+00:00,/dev/cu.usbserial-576B0005451,"RX,1957365,R35,TXB,N16,37,78892,C,0,0.81,0.78,5,U,-52,9.75"
RX,1957847,R35,TXE,N61,35,79379,G,1,0.93,0.9,5.0,U,-50.0,10.0,True,,2026-07-07T14:53:56.878+00:00,/dev/cu.usbserial-576B0005451,"RX,1957847,R35,TXE,N61,35,79379,G,1,0.93,0.90,5,U,-50,10.00"
RX,1958098,R35,TXA,N01,77,79626,F,0,0.28,0.26,5.0,F,-42.0,9.5,True,,2026-07-07T14:53:57.129+00:00,/dev/cu.usbserial-576B0005451,"RX,1958098,R35,TXA,N01,77,79626,F,0,0.28,0.26,5,F,-42,9.50"
RX,1958209,R35,TXH,N106,5,79742,G,1,0.93,0.9,5.0,U,-41.0,-1.5,True,,2026-07-07T14:53:57.241+00:00,/dev/cu.usbserial-576B0005451,"RX,1958209,R35,TXH,N106,5,79742,G,1,0.93,0.90,5,U,-41,-1.50"
RX,1958390,R35,TXL,N166,5,79916,G,1,0.93,0.9,5.0,U,-48.0,10.0,True,,2026-07-07T14:53:57.421+00:00,/dev/cu.usbserial-576B0005451,"RX,1958390,R35,TXL,N166,5,79916,G,1,0.93,0.90,5,U,-48,10.00"
RX,1958598,R35,TXF,N76,18,80131,E,1,0.87,0.84,5.0,U,-46.0,10.0,True,,2026-07-07T14:53:57.629+00:00,/dev/cu.usbserial-576B0005451,"RX,1958598,R35,TXF,N76,18,80131,E,1,0.87,0.84,5,U,-46,10.00"
RX,1958902,R35,TXD,N46,9,80430,G,1,0.93,0.9,5.0,U,-45.0,9.25,True,,2026-07-07T14:53:57.933+00:00,/dev/cu.usbserial-576B0005451,"RX,1958902,R35,TXD,N46,9,80430,G,1,0.93,0.90,5,U,-45,9.25"
RX,1959098,R35,TXA,N01,78,80626,G,1,0.93,0.9,5.0,F,-42.0,10.0,True,,2026-07-07T14:53:58.130+00:00,/dev/cu.usbserial-576B0005451,"RX,1959098,R35,TXA,N01,78,80626,G,1,0.93,0.90,5,F,-42,10.00"
RX,1959365,R35,TXB,N16,38,80892,E,1,0.87,0.84,5.0,U,-52.0,10.25,True,,2026-07-07T14:53:58.396+00:00,/dev/cu.usbserial-576B0005451,"RX,1959365,R35,TXB,N16,38,80892,E,1,0.87,0.84,5,U,-52,10.25"
RX,1959548,R35,TXG,N91,8,81080,G,1,0.93,0.9,5.0,U,-50.0,9.5,True,,2026-07-07T14:53:58.579+00:00,/dev/cu.usbserial-576B0005451,"RX,1959548,R35,TXG,N91,8,81080,G,1,0.93,0.90,5,U,-50,9.50"
RX,1959847,R35,TXE,N61,36,81379,A,1,0.75,0.72,5.0,U,-50.0,10.0,True,,2026-07-07T14:53:58.878+00:00,/dev/cu.usbserial-576B0005451,"RX,1959847,R35,TXE,N61,36,81379,A,1,0.75,0.72,5,U,-50,10.00"
RX,1960098,R35,TXA,N01,79,81626,H,1,0.32,0.3,5.0,F,-42.0,9.75,True,,2026-07-07T14:53:59.129+00:00,/dev/cu.usbserial-576B0005451,"RX,1960098,R35,TXA,N01,79,81626,H,1,0.32,0.30,5,F,-42,9.75"
RX,1960237,R35,TXK,N151,40,81763,A,0,0.75,0.72,5.0,U,-52.0,9.75,True,,2026-07-07T14:53:59.269+00:00,/dev/cu.usbserial-576B0005451,"RX,1960237,R35,TXK,N151,40,81763,A,0,0.75,0.72,5,U,-52,9.75"
RX,1960598,R35,TXF,N76,19,82131,G,1,0.93,0.9,5.0,U,-46.0,9.75,True,,2026-07-07T14:53:59.629+00:00,/dev/cu.usbserial-576B0005451,"RX,1960598,R35,TXF,N76,19,82131,G,1,0.93,0.90,5,U,-46,9.75"
RX,1960754,R35,TXJ,N136,8,82280,G,1,0.93,0.9,5.0,U,-54.0,10.0,True,,2026-07-07T14:53:59.785+00:00,/dev/cu.usbserial-576B0005451,"RX,1960754,R35,TXJ,N136,8,82280,G,1,0.93,0.90,5,U,-54,10.00"
RX,1960853,R35,TXC,N31,18,82381,E,1,0.87,0.84,5.0,U,-44.0,9.5,True,,2026-07-07T14:53:59.883+00:00,/dev/cu.usbserial-576B0005451,"RX,1960853,R35,TXC,N31,18,82381,E,1,0.87,0.84,5,U,-44,9.50"
RX,1961098,R35,TXA,N01,80,82626,A,0,0.75,0.72,5.0,F,-41.0,10.25,True,,2026-07-07T14:54:00.129+00:00,/dev/cu.usbserial-576B0005451,"RX,1961098,R35,TXA,N01,80,82626,A,0,0.75,0.72,5,F,-41,10.25"
RX,1961365,R35,TXB,N16,39,82892,G,1,0.93,0.9,5.0,U,-52.0,10.25,True,,2026-07-07T14:54:00.397+00:00,/dev/cu.usbserial-576B0005451,"RX,1961365,R35,TXB,N16,39,82892,G,1,0.93,0.90,5,U,-52,10.25"
RX,1961847,R35,TXE,N61,37,83379,C,0,0.81,0.78,5.0,U,-50.0,9.5,True,,2026-07-07T14:54:00.878+00:00,/dev/cu.usbserial-576B0005451,"RX,1961847,R35,TXE,N61,37,83379,C,0,0.81,0.78,5,U,-50,9.50"
RX,1961955,R35,TXI,N121,18,83480,E,1,0.87,0.84,5.0,U,-60.0,9.75,True,,2026-07-07T14:54:00.986+00:00,/dev/cu.usbserial-576B0005451,"RX,1961955,R35,TXI,N121,18,83480,E,1,0.87,0.84,5,U,-60,9.75"
RX,1962098,R35,TXA,N01,81,83626,B,1,0.2,0.18,5.0,F,-42.0,9.75,True,,2026-07-07T14:54:01.129+00:00,/dev/cu.usbserial-576B0005451,"RX,1962098,R35,TXA,N01,81,83626,B,1,0.20,0.18,5,F,-42,9.75"
RX,1962237,R35,TXK,N151,41,83763,C,1,0.81,0.78,5.0,U,-52.0,9.75,True,,2026-07-07T14:54:01.268+00:00,/dev/cu.usbserial-576B0005451,"RX,1962237,R35,TXK,N151,41,83763,C,1,0.81,0.78,5,U,-52,9.75"
RX,1962853,R35,TXC,N31,19,84381,G,1,0.93,0.9,5.0,U,-44.0,9.75,True,,2026-07-07T14:54:01.883+00:00,/dev/cu.usbserial-576B0005451,"RX,1962853,R35,TXC,N31,19,84381,G,1,0.93,0.90,5,U,-44,9.75"
RX,1963098,R35,TXA,N01,82,84626,C,1,0.81,0.78,5.0,F,-42.0,9.75,True,,2026-07-07T14:54:02.129+00:00,/dev/cu.usbserial-576B0005451,"RX,1963098,R35,TXA,N01,82,84626,C,1,0.81,0.78,5,F,-42,9.75"
RX,1963365,R35,TXB,N16,40,84892,A,0,0.75,0.72,5.0,U,-51.0,10.25,True,,2026-07-07T14:54:02.397+00:00,/dev/cu.usbserial-576B0005451,"RX,1963365,R35,TXB,N16,40,84892,A,0,0.75,0.72,5,U,-51,10.25"
RX,1963847,R35,TXE,N61,38,85379,E,1,0.87,0.84,5.0,U,-50.0,9.75,True,,2026-07-07T14:54:02.878+00:00,/dev/cu.usbserial-576B0005451,"RX,1963847,R35,TXE,N61,38,85379,E,1,0.87,0.84,5,U,-50,9.75"
RX,1963955,R35,TXI,N121,19,85480,G,1,0.93,0.9,5.0,U,-60.0,9.5,True,,2026-07-07T14:54:02.986+00:00,/dev/cu.usbserial-576B0005451,"RX,1963955,R35,TXI,N121,19,85480,G,1,0.93,0.90,5,U,-60,9.50"
RX,1964098,R35,TXA,N01,83,85626,D,0,0.24,0.22,5.0,F,-42.0,10.0,True,,2026-07-07T14:54:03.129+00:00,/dev/cu.usbserial-576B0005451,"RX,1964098,R35,TXA,N01,83,85626,D,0,0.24,0.22,5,F,-42,10.00"
RX,1964237,R35,TXK,N151,42,85763,E,1,0.87,0.84,5.0,U,-52.0,9.75,True,,2026-07-07T14:54:03.269+00:00,/dev/cu.usbserial-576B0005451,"RX,1964237,R35,TXK,N151,42,85763,E,1,0.87,0.84,5,U,-52,9.75"
RX,1965098,R35,TXA,N01,84,86626,E,1,0.87,0.84,5.0,F,-42.0,10.25,True,,2026-07-07T14:54:04.129+00:00,/dev/cu.usbserial-576B0005451,"RX,1965098,R35,TXA,N01,84,86626,E,1,0.87,0.84,5,F,-42,10.25"
RX,1965365,R35,TXB,N16,41,86892,C,1,0.81,0.78,5.0,U,-52.0,10.0,True,,2026-07-07T14:54:04.396+00:00,/dev/cu.usbserial-576B0005451,"RX,1965365,R35,TXB,N16,41,86892,C,1,0.81,0.78,5,U,-52,10.00"
RX,1965847,R35,TXE,N61,39,87379,G,1,0.93,0.9,5.0,U,-50.0,9.5,True,,2026-07-07T14:54:04.878+00:00,/dev/cu.usbserial-576B0005451,"RX,1965847,R35,TXE,N61,39,87379,G,1,0.93,0.90,5,U,-50,9.50"
RX,1966098,R35,TXA,N01,85,87626,F,1,0.28,0.26,5.0,F,-42.0,10.25,True,,2026-07-07T14:54:05.129+00:00,/dev/cu.usbserial-576B0005451,"RX,1966098,R35,TXA,N01,85,87626,F,1,0.28,0.26,5,F,-42,10.25"
RX,1966209,R35,TXH,N106,6,87742,G,0,0.93,0.9,5.0,U,-41.0,-0.75,True,,2026-07-07T14:54:05.240+00:00,/dev/cu.usbserial-576B0005451,"RX,1966209,R35,TXH,N106,6,87742,G,0,0.93,0.90,5,U,-41,-0.75"
RX,1966390,R35,TXL,N166,6,87916,G,0,0.93,0.9,5.0,U,-49.0,9.5,True,,2026-07-07T14:54:05.421+00:00,/dev/cu.usbserial-576B0005451,"RX,1966390,R35,TXL,N166,6,87916,G,0,0.93,0.90,5,U,-49,9.50"
RX,1966598,R35,TXF,N76,20,88131,E,1,0.87,0.84,5.0,U,-46.0,10.25,True,,2026-07-07T14:54:05.629+00:00,/dev/cu.usbserial-576B0005451,"RX,1966598,R35,TXF,N76,20,88131,E,1,0.87,0.84,5,U,-46,10.25"
RX,1966902,R35,TXD,N46,10,88430,G,0,0.93,0.9,5.0,U,-45.0,10.0,True,,2026-07-07T14:54:05.933+00:00,/dev/cu.usbserial-576B0005451,"RX,1966902,R35,TXD,N46,10,88430,G,0,0.93,0.90,5,U,-45,10.00"
RX,1967098,R35,TXA,N01,86,88626,G,0,0.93,0.9,5.0,F,-42.0,9.75,True,,2026-07-07T14:54:06.129+00:00,/dev/cu.usbserial-576B0005451,"RX,1967098,R35,TXA,N01,86,88626,G,0,0.93,0.90,5,F,-42,9.75"
RX,1967365,R35,TXB,N16,42,88892,E,1,0.87,0.84,5.0,U,-52.0,9.75,True,,2026-07-07T14:54:06.396+00:00,/dev/cu.usbserial-576B0005451,"RX,1967365,R35,TXB,N16,42,88892,E,1,0.87,0.84,5,U,-52,9.75"
RX,1967548,R35,TXG,N91,9,89080,G,1,0.93,0.9,5.0,U,-50.0,9.75,True,,2026-07-07T14:54:06.578+00:00,/dev/cu.usbserial-576B0005451,"RX,1967548,R35,TXG,N91,9,89080,G,1,0.93,0.90,5,U,-50,9.75"
RX,1967847,R35,TXE,N61,40,89379,A,0,0.75,0.72,5.0,U,-50.0,10.0,True,,2026-07-07T14:54:06.878+00:00,/dev/cu.usbserial-576B0005451,"RX,1967847,R35,TXE,N61,40,89379,A,0,0.75,0.72,5,U,-50,10.00"
RX,1968098,R35,TXA,N01,87,89626,H,1,0.32,0.3,5.0,F,-43.0,9.25,True,,2026-07-07T14:54:07.129+00:00,/dev/cu.usbserial-576B0005451,"RX,1968098,R35,TXA,N01,87,89626,H,1,0.32,0.30,5,F,-43,9.25"
RX,1968237,R35,TXK,N151,44,89763,A,1,0.75,0.72,5.0,U,-53.0,9.75,True,,2026-07-07T14:54:07.269+00:00,/dev/cu.usbserial-576B0005451,"RX,1968237,R35,TXK,N151,44,89763,A,1,0.75,0.72,5,U,-53,9.75"
RX,1968599,R35,TXF,N76,21,90131,G,0,0.93,0.9,5.0,U,-47.0,9.75,True,,2026-07-07T14:54:07.630+00:00,/dev/cu.usbserial-576B0005451,"RX,1968599,R35,TXF,N76,21,90131,G,0,0.93,0.90,5,U,-47,9.75"
RX,1968754,R35,TXJ,N136,9,90280,G,1,0.93,0.9,5.0,U,-55.0,9.75,True,,2026-07-07T14:54:07.785+00:00,/dev/cu.usbserial-576B0005451,"RX,1968754,R35,TXJ,N136,9,90280,G,1,0.93,0.90,5,U,-55,9.75"
RX,1968853,R35,TXC,N31,20,90381,E,1,0.87,0.84,5.0,U,-44.0,9.75,True,,2026-07-07T14:54:07.883+00:00,/dev/cu.usbserial-576B0005451,"RX,1968853,R35,TXC,N31,20,90381,E,1,0.87,0.84,5,U,-44,9.75"
RX,1969098,R35,TXA,N01,88,90626,A,1,0.75,0.72,5.0,F,-43.0,9.75,True,,2026-07-07T14:54:08.129+00:00,/dev/cu.usbserial-576B0005451,"RX,1969098,R35,TXA,N01,88,90626,A,1,0.75,0.72,5,F,-43,9.75"
RX,1969365,R35,TXB,N16,43,90892,G,0,0.93,0.9,5.0,U,-52.0,9.75,True,,2026-07-07T14:54:08.396+00:00,/dev/cu.usbserial-576B0005451,"RX,1969365,R35,TXB,N16,43,90892,G,0,0.93,0.90,5,U,-52,9.75"
RX,1969847,R35,TXE,N61,41,91379,C,1,0.81,0.78,5.0,U,-50.0,10.0,True,,2026-07-07T14:54:08.878+00:00,/dev/cu.usbserial-576B0005451,"RX,1969847,R35,TXE,N61,41,91379,C,1,0.81,0.78,5,U,-50,10.00"
RX,1969954,R35,TXI,N121,20,91480,E,1,0.87,0.84,5.0,U,-57.0,9.75,True,,2026-07-07T14:54:08.985+00:00,/dev/cu.usbserial-576B0005451,"RX,1969954,R35,TXI,N121,20,91480,E,1,0.87,0.84,5,U,-57,9.75"
RX,1970098,R35,TXA,N01,89,91626,B,0,0.2,0.18,5.0,F,-42.0,9.75,True,,2026-07-07T14:54:09.129+00:00,/dev/cu.usbserial-576B0005451,"RX,1970098,R35,TXA,N01,89,91626,B,0,0.20,0.18,5,F,-42,9.75"
RX,1970237,R35,TXK,N151,45,91763,C,1,0.81,0.78,5.0,U,-52.0,9.75,True,,2026-07-07T14:54:09.268+00:00,/dev/cu.usbserial-576B0005451,"RX,1970237,R35,TXK,N151,45,91763,C,1,0.81,0.78,5,U,-52,9.75"
RX,1970853,R35,TXC,N31,21,92381,G,0,0.93,0.9,5.0,U,-44.0,10.25,True,,2026-07-07T14:54:09.884+00:00,/dev/cu.usbserial-576B0005451,"RX,1970853,R35,TXC,N31,21,92381,G,0,0.93,0.90,5,U,-44,10.25"
RX,1971098,R35,TXA,N01,90,92626,C,1,0.81,0.78,5.0,F,-43.0,9.25,True,,2026-07-07T14:54:10.129+00:00,/dev/cu.usbserial-576B0005451,"RX,1971098,R35,TXA,N01,90,92626,C,1,0.81,0.78,5,F,-43,9.25"
RX,1971365,R35,TXB,N16,44,92892,A,1,0.75,0.72,5.0,U,-52.0,9.5,True,,2026-07-07T14:54:10.396+00:00,/dev/cu.usbserial-576B0005451,"RX,1971365,R35,TXB,N16,44,92892,A,1,0.75,0.72,5,U,-52,9.50"
RX,1971847,R35,TXE,N61,42,93379,E,1,0.87,0.84,5.0,U,-50.0,10.25,True,,2026-07-07T14:54:10.878+00:00,/dev/cu.usbserial-576B0005451,"RX,1971847,R35,TXE,N61,42,93379,E,1,0.87,0.84,5,U,-50,10.25"
RX,1971955,R35,TXI,N121,21,93480,G,0,0.93,0.9,5.0,U,-73.0,9.5,True,,2026-07-07T14:54:10.986+00:00,/dev/cu.usbserial-576B0005451,"RX,1971955,R35,TXI,N121,21,93480,G,0,0.93,0.90,5,U,-73,9.50"
RX,1972098,R35,TXA,N01,91,93626,D,1,0.24,0.22,5.0,F,-43.0,9.75,True,,2026-07-07T14:54:11.129+00:00,/dev/cu.usbserial-576B0005451,"RX,1972098,R35,TXA,N01,91,93626,D,1,0.24,0.22,5,F,-43,9.75"
RX,1972237,R35,TXK,N151,46,93763,E,0,0.87,0.84,5.0,U,-52.0,10.0,True,,2026-07-07T14:54:11.268+00:00,/dev/cu.usbserial-576B0005451,"RX,1972237,R35,TXK,N151,46,93763,E,0,0.87,0.84,5,U,-52,10.00"
RX,1973098,R35,TXA,N01,92,94626,E,0,0.87,0.84,5.0,F,-43.0,9.5,True,,2026-07-07T14:54:12.129+00:00,/dev/cu.usbserial-576B0005451,"RX,1973098,R35,TXA,N01,92,94626,E,0,0.87,0.84,5,F,-43,9.50"
RX,1973365,R35,TXB,N16,45,94892,C,1,0.81,0.78,5.0,U,-53.0,9.75,True,,2026-07-07T14:54:12.396+00:00,/dev/cu.usbserial-576B0005451,"RX,1973365,R35,TXB,N16,45,94892,C,1,0.81,0.78,5,U,-53,9.75"
RX,1973847,R35,TXE,N61,43,95379,G,0,0.93,0.9,5.0,U,-60.0,9.75,True,,2026-07-07T14:54:12.877+00:00,/dev/cu.usbserial-576B0005451,"RX,1973847,R35,TXE,N61,43,95379,G,0,0.93,0.90,5,U,-60,9.75"
RX,1974098,R35,TXA,N01,93,95626,F,1,0.28,0.26,5.0,F,-42.0,10.0,True,,2026-07-07T14:54:13.129+00:00,/dev/cu.usbserial-576B0005451,"RX,1974098,R35,TXA,N01,93,95626,F,1,0.28,0.26,5,F,-42,10.00"
RX,1974390,R35,TXL,N166,7,95916,G,1,0.93,0.9,5.0,U,-48.0,9.75,True,,2026-07-07T14:54:13.426+00:00,/dev/cu.usbserial-576B0005451,"RX,1974390,R35,TXL,N166,7,95916,G,1,0.93,0.90,5,U,-48,9.75"
RX,1974599,R35,TXF,N76,22,96131,E,0,0.87,0.84,5.0,U,-44.0,9.75,True,,2026-07-07T14:54:13.629+00:00,/dev/cu.usbserial-576B0005451,"RX,1974599,R35,TXF,N76,22,96131,E,0,0.87,0.84,5,U,-44,9.75"
RX,1974902,R35,TXD,N46,11,96430,G,1,0.93,0.9,5.0,U,-44.0,10.25,True,,2026-07-07T14:54:13.932+00:00,/dev/cu.usbserial-576B0005451,"RX,1974902,R35,TXD,N46,11,96430,G,1,0.93,0.90,5,U,-44,10.25"
RX,1975098,R35,TXA,N01,94,96626,G,1,0.93,0.9,5.0,F,-42.0,10.0,True,,2026-07-07T14:54:14.129+00:00,/dev/cu.usbserial-576B0005451,"RX,1975098,R35,TXA,N01,94,96626,G,1,0.93,0.90,5,F,-42,10.00"
RX,1975365,R35,TXB,N16,46,96892,E,0,0.87,0.84,5.0,U,-51.0,10.5,True,,2026-07-07T14:54:14.399+00:00,/dev/cu.usbserial-576B0005451,"RX,1975365,R35,TXB,N16,46,96892,E,0,0.87,0.84,5,U,-51,10.50"
RX,1975548,R35,TXG,N91,10,97080,G,0,0.93,0.9,5.0,U,-49.0,9.75,True,,2026-07-07T14:54:14.578+00:00,/dev/cu.usbserial-576B0005451,"RX,1975548,R35,TXG,N91,10,97080,G,0,0.93,0.90,5,U,-49,9.75"
RX,1975847,R35,TXE,N61,44,97379,A,1,0.75,0.72,5.0,U,-51.0,9.5,True,,2026-07-07T14:54:14.877+00:00,/dev/cu.usbserial-576B0005451,"RX,1975847,R35,TXE,N61,44,97379,A,1,0.75,0.72,5,U,-51,9.50"
RX,1976098,R35,TXA,N01,95,97626,H,0,0.32,0.3,5.0,F,-42.0,10.0,True,,2026-07-07T14:54:15.129+00:00,/dev/cu.usbserial-576B0005451,"RX,1976098,R35,TXA,N01,95,97626,H,0,0.32,0.30,5,F,-42,10.00"
RX,1976237,R35,TXK,N151,48,97763,A,1,0.75,0.72,5.0,U,-51.0,9.75,True,,2026-07-07T14:54:15.268+00:00,/dev/cu.usbserial-576B0005451,"RX,1976237,R35,TXK,N151,48,97763,A,1,0.75,0.72,5,U,-51,9.75"
RX,1976598,R35,TXF,N76,23,98131,G,1,0.93,0.9,5.0,U,-45.0,9.75,True,,2026-07-07T14:54:15.629+00:00,/dev/cu.usbserial-576B0005451,"RX,1976598,R35,TXF,N76,23,98131,G,1,0.93,0.90,5,U,-45,9.75"
RX,1976754,R35,TXJ,N136,10,98280,G,0,0.93,0.9,5.0,U,-59.0,9.25,True,,2026-07-07T14:54:15.785+00:00,/dev/cu.usbserial-576B0005451,"RX,1976754,R35,TXJ,N136,10,98280,G,0,0.93,0.90,5,U,-59,9.25"
RX,1976853,R35,TXC,N31,22,98381,E,0,0.87,0.84,5.0,U,-44.0,9.75,True,,2026-07-07T14:54:15.883+00:00,/dev/cu.usbserial-576B0005451,"RX,1976853,R35,TXC,N31,22,98381,E,0,0.87,0.84,5,U,-44,9.75"
RX,1977098,R35,TXA,N01,96,98626,A,1,0.75,0.72,5.0,F,-42.0,10.0,True,,2026-07-07T14:54:16.129+00:00,/dev/cu.usbserial-576B0005451,"RX,1977098,R35,TXA,N01,96,98626,A,1,0.75,0.72,5,F,-42,10.00"
RX,1977365,R35,TXB,N16,47,98892,G,1,0.93,0.9,5.0,U,-51.0,9.25,True,,2026-07-07T14:54:16.395+00:00,/dev/cu.usbserial-576B0005451,"RX,1977365,R35,TXB,N16,47,98892,G,1,0.93,0.90,5,U,-51,9.25"
RX,1977847,R35,TXE,N61,45,99379,C,1,0.81,0.78,5.0,U,-51.0,9.75,True,,2026-07-07T14:54:16.878+00:00,/dev/cu.usbserial-576B0005451,"RX,1977847,R35,TXE,N61,45,99379,C,1,0.81,0.78,5,U,-51,9.75"
RX,1977954,R35,TXI,N121,22,99480,E,0,0.87,0.84,5.0,U,-55.0,9.75,True,,2026-07-07T14:54:16.985+00:00,/dev/cu.usbserial-576B0005451,"RX,1977954,R35,TXI,N121,22,99480,E,0,0.87,0.84,5,U,-55,9.75"
RX,1978098,R35,TXA,N01,97,99626,B,1,0.2,0.18,5.0,F,-42.0,10.5,True,,2026-07-07T14:54:17.129+00:00,/dev/cu.usbserial-576B0005451,"RX,1978098,R35,TXA,N01,97,99626,B,1,0.20,0.18,5,F,-42,10.50"
RX,1978237,R35,TXK,N151,49,99763,C,0,0.81,0.78,5.0,U,-51.0,10.0,True,,2026-07-07T14:54:17.268+00:00,/dev/cu.usbserial-576B0005451,"RX,1978237,R35,TXK,N151,49,99763,C,0,0.81,0.78,5,U,-51,10.00"
RX,1978853,R35,TXC,N31,23,100381,G,1,0.93,0.9,5.0,U,-45.0,10.0,True,,2026-07-07T14:54:17.884+00:00,/dev/cu.usbserial-576B0005451,"RX,1978853,R35,TXC,N31,23,100381,G,1,0.93,0.90,5,U,-45,10.00"
RX,1979099,R35,TXA,N01,98,100626,C,0,0.81,0.78,5.0,F,-43.0,9.5,True,,2026-07-07T14:54:18.129+00:00,/dev/cu.usbserial-576B0005451,"RX,1979099,R35,TXA,N01,98,100626,C,0,0.81,0.78,5,F,-43,9.50"
RX,1979365,R35,TXB,N16,48,100892,A,1,0.75,0.72,5.0,U,-52.0,9.75,True,,2026-07-07T14:54:18.396+00:00,/dev/cu.usbserial-576B0005451,"RX,1979365,R35,TXB,N16,48,100892,A,1,0.75,0.72,5,U,-52,9.75"
RX,1979847,R35,TXE,N61,46,101379,E,0,0.87,0.84,5.0,U,-51.0,9.75,True,,2026-07-07T14:54:18.878+00:00,/dev/cu.usbserial-576B0005451,"RX,1979847,R35,TXE,N61,46,101379,E,0,0.87,0.84,5,U,-51,9.75"
RX,1979955,R35,TXI,N121,23,101480,G,1,0.93,0.9,5.0,U,-53.0,9.5,True,,2026-07-07T14:54:18.985+00:00,/dev/cu.usbserial-576B0005451,"RX,1979955,R35,TXI,N121,23,101480,G,1,0.93,0.90,5,U,-53,9.50"
RX,1980099,R35,TXA,N01,99,101626,D,1,0.24,0.22,5.0,F,-42.0,9.25,True,,2026-07-07T14:54:19.129+00:00,/dev/cu.usbserial-576B0005451,"RX,1980099,R35,TXA,N01,99,101626,D,1,0.24,0.22,5,F,-42,9.25"
RX,1980237,R35,TXK,N151,50,101763,E,1,0.87,0.84,5.0,U,-50.0,9.5,True,,2026-07-07T14:54:19.268+00:00,/dev/cu.usbserial-576B0005451,"RX,1980237,R35,TXK,N151,50,101763,E,1,0.87,0.84,5,U,-50,9.50"
RX,1981099,R35,TXA,N01,100,102626,E,1,0.87,0.84,5.0,F,-42.0,10.0,True,,2026-07-07T14:54:20.130+00:00,/dev/cu.usbserial-576B0005451,"RX,1981099,R35,TXA,N01,100,102626,E,1,0.87,0.84,5,F,-42,10.00"
RX,1981365,R35,TXB,N16,49,102892,C,0,0.81,0.78,5.0,U,-51.0,10.5,True,,2026-07-07T14:54:20.396+00:00,/dev/cu.usbserial-576B0005451,"RX,1981365,R35,TXB,N16,49,102892,C,0,0.81,0.78,5,U,-51,10.50"
RX,1981847,R35,TXE,N61,47,103379,G,1,0.93,0.9,5.0,U,-50.0,9.75,True,,2026-07-07T14:54:20.878+00:00,/dev/cu.usbserial-576B0005451,"RX,1981847,R35,TXE,N61,47,103379,G,1,0.93,0.90,5,U,-50,9.75"
RX,1982099,R35,TXA,N01,101,103626,F,0,0.28,0.26,5.0,F,-42.0,9.75,True,,2026-07-07T14:54:21.130+00:00,/dev/cu.usbserial-576B0005451,"RX,1982099,R35,TXA,N01,101,103626,F,0,0.28,0.26,5,F,-42,9.75"
RX,1982238,R35,TXK,N151,51,103763,G,1,0.93,0.9,5.0,U,-50.0,10.0,True,,2026-07-07T14:54:21.269+00:00,/dev/cu.usbserial-576B0005451,"RX,1982238,R35,TXK,N151,51,103763,G,1,0.93,0.90,5,U,-50,10.00"
RX,1982599,R35,TXF,N76,24,104131,E,1,0.87,0.84,5.0,U,-45.0,9.5,True,,2026-07-07T14:54:21.629+00:00,/dev/cu.usbserial-576B0005451,"RX,1982599,R35,TXF,N76,24,104131,E,1,0.87,0.84,5,U,-45,9.50"
RX,1982902,R35,TXD,N46,12,104430,G,1,0.93,0.9,5.0,U,-44.0,10.0,True,,2026-07-07T14:54:21.933+00:00,/dev/cu.usbserial-576B0005451,"RX,1982902,R35,TXD,N46,12,104430,G,1,0.93,0.90,5,U,-44,10.00"
RX,1983099,R35,TXA,N01,102,104626,G,1,0.93,0.9,5.0,F,-42.0,9.75,True,,2026-07-07T14:54:22.129+00:00,/dev/cu.usbserial-576B0005451,"RX,1983099,R35,TXA,N01,102,104626,G,1,0.93,0.90,5,F,-42,9.75"
RX,1983365,R35,TXB,N16,50,104892,E,1,0.87,0.84,5.0,U,-51.0,10.0,True,,2026-07-07T14:54:22.396+00:00,/dev/cu.usbserial-576B0005451,"RX,1983365,R35,TXB,N16,50,104892,E,1,0.87,0.84,5,U,-51,10.00"
RX,1983548,R35,TXG,N91,11,105080,G,1,0.93,0.9,5.0,U,-48.0,9.5,True,,2026-07-07T14:54:22.579+00:00,/dev/cu.usbserial-576B0005451,"RX,1983548,R35,TXG,N91,11,105080,G,1,0.93,0.90,5,U,-48,9.50"
RX,1983847,R35,TXE,N61,48,105379,A,1,0.75,0.72,5.0,U,-49.0,10.0,True,,2026-07-07T14:54:22.878+00:00,/dev/cu.usbserial-576B0005451,"RX,1983847,R35,TXE,N61,48,105379,A,1,0.75,0.72,5,U,-49,10.00"
RX,1984099,R35,TXA,N01,103,105626,H,1,0.32,0.3,5.0,F,-42.0,9.5,True,,2026-07-07T14:54:23.129+00:00,/dev/cu.usbserial-576B0005451,"RX,1984099,R35,TXA,N01,103,105626,H,1,0.32,0.30,5,F,-42,9.50"
RX,1984238,R35,TXK,N151,52,105763,A,0,0.75,0.72,5.0,U,-51.0,10.0,True,,2026-07-07T14:54:23.268+00:00,/dev/cu.usbserial-576B0005451,"RX,1984238,R35,TXK,N151,52,105763,A,0,0.75,0.72,5,U,-51,10.00"
RX,1984599,R35,TXF,N76,25,106131,G,1,0.93,0.9,5.0,U,-45.0,9.5,True,,2026-07-07T14:54:23.629+00:00,/dev/cu.usbserial-576B0005451,"RX,1984599,R35,TXF,N76,25,106131,G,1,0.93,0.90,5,U,-45,9.50"
RX,1984755,R35,TXJ,N136,11,106280,G,1,0.93,0.9,5.0,U,-54.0,11.75,True,,2026-07-07T14:54:23.785+00:00,/dev/cu.usbserial-576B0005451,"RX,1984755,R35,TXJ,N136,11,106280,G,1,0.93,0.90,5,U,-54,11.75"
RX,1984853,R35,TXC,N31,24,106381,E,1,0.87,0.84,5.0,U,-44.0,9.5,True,,2026-07-07T14:54:23.883+00:00,/dev/cu.usbserial-576B0005451,"RX,1984853,R35,TXC,N31,24,106381,E,1,0.87,0.84,5,U,-44,9.50"
RX,1985099,R35,TXA,N01,104,106626,A,0,0.75,0.72,5.0,F,-43.0,9.25,True,,2026-07-07T14:54:24.129+00:00,/dev/cu.usbserial-576B0005451,"RX,1985099,R35,TXA,N01,104,106626,A,0,0.75,0.72,5,F,-43,9.25"
RX,1985365,R35,TXB,N16,51,106892,G,1,0.93,0.9,5.0,U,-52.0,10.0,True,,2026-07-07T14:54:24.396+00:00,/dev/cu.usbserial-576B0005451,"RX,1985365,R35,TXB,N16,51,106892,G,1,0.93,0.90,5,U,-52,10.00"
RX,1985847,R35,TXE,N61,49,107379,C,0,0.81,0.78,5.0,U,-50.0,9.5,True,,2026-07-07T14:54:24.877+00:00,/dev/cu.usbserial-576B0005451,"RX,1985847,R35,TXE,N61,49,107379,C,0,0.81,0.78,5,U,-50,9.50"
RX,1985955,R35,TXI,N121,24,107480,E,1,0.87,0.84,5.0,U,-49.0,9.5,True,,2026-07-07T14:54:24.985+00:00,/dev/cu.usbserial-576B0005451,"RX,1985955,R35,TXI,N121,24,107480,E,1,0.87,0.84,5,U,-49,9.50"
RX,1986099,R35,TXA,N01,105,107626,B,1,0.2,0.18,5.0,F,-42.0,9.0,True,,2026-07-07T14:54:25.129+00:00,/dev/cu.usbserial-576B0005451,"RX,1986099,R35,TXA,N01,105,107626,B,1,0.20,0.18,5,F,-42,9.00"
RX,1986237,R35,TXK,N151,53,107763,C,1,0.81,0.78,5.0,U,-50.0,9.75,True,,2026-07-07T14:54:25.268+00:00,/dev/cu.usbserial-576B0005451,"RX,1986237,R35,TXK,N151,53,107763,C,1,0.81,0.78,5,U,-50,9.75"
RX,1986853,R35,TXC,N31,25,108381,G,1,0.93,0.9,5.0,U,-44.0,9.25,True,,2026-07-07T14:54:25.883+00:00,/dev/cu.usbserial-576B0005451,"RX,1986853,R35,TXC,N31,25,108381,G,1,0.93,0.90,5,U,-44,9.25"
RX,1987099,R35,TXA,N01,106,108626,C,1,0.81,0.78,5.0,F,-43.0,9.25,True,,2026-07-07T14:54:26.130+00:00,/dev/cu.usbserial-576B0005451,"RX,1987099,R35,TXA,N01,106,108626,C,1,0.81,0.78,5,F,-43,9.25"
RX,1987365,R35,TXB,N16,52,108892,A,0,0.75,0.72,5.0,U,-51.0,9.75,True,,2026-07-07T14:54:26.396+00:00,/dev/cu.usbserial-576B0005451,"RX,1987365,R35,TXB,N16,52,108892,A,0,0.75,0.72,5,U,-51,9.75"
RX,1987847,R35,TXE,N61,50,109379,E,1,0.87,0.84,5.0,U,-49.0,9.25,True,,2026-07-07T14:54:26.878+00:00,/dev/cu.usbserial-576B0005451,"RX,1987847,R35,TXE,N61,50,109379,E,1,0.87,0.84,5,U,-49,9.25"
RX,1987955,R35,TXI,N121,25,109480,G,1,0.93,0.9,5.0,U,-48.0,9.5,True,,2026-07-07T14:54:26.986+00:00,/dev/cu.usbserial-576B0005451,"RX,1987955,R35,TXI,N121,25,109480,G,1,0.93,0.90,5,U,-48,9.50"
RX,1988099,R35,TXA,N01,107,109626,D,0,0.24,0.22,5.0,F,-43.0,9.75,True,,2026-07-07T14:54:27.129+00:00,/dev/cu.usbserial-576B0005451,"RX,1988099,R35,TXA,N01,107,109626,D,0,0.24,0.22,5,F,-43,9.75"
RX,1988238,R35,TXK,N151,54,109763,E,1,0.87,0.84,5.0,U,-50.0,9.5,True,,2026-07-07T14:54:27.268+00:00,/dev/cu.usbserial-576B0005451,"RX,1988238,R35,TXK,N151,54,109763,E,1,0.87,0.84,5,U,-50,9.50"
RX,1989099,R35,TXA,N01,108,110626,E,1,0.87,0.84,5.0,F,-42.0,9.75,True,,2026-07-07T14:54:28.129+00:00,/dev/cu.usbserial-576B0005451,"RX,1989099,R35,TXA,N01,108,110626,E,1,0.87,0.84,5,F,-42,9.75"
RX,1989365,R35,TXB,N16,53,110892,C,1,0.81,0.78,5.0,U,-51.0,10.0,True,,2026-07-07T14:54:28.396+00:00,/dev/cu.usbserial-576B0005451,"RX,1989365,R35,TXB,N16,53,110892,C,1,0.81,0.78,5,U,-51,10.00"
RX,1989847,R35,TXE,N61,51,111379,G,1,0.93,0.9,5.0,U,-49.0,11.0,True,,2026-07-07T14:54:28.878+00:00,/dev/cu.usbserial-576B0005451,"RX,1989847,R35,TXE,N61,51,111379,G,1,0.93,0.90,5,U,-49,11.00"
RX,1990099,R35,TXA,N01,109,111626,F,1,0.28,0.26,5.0,F,-44.0,9.5,True,,2026-07-07T14:54:29.129+00:00,/dev/cu.usbserial-576B0005451,"RX,1990099,R35,TXA,N01,109,111626,F,1,0.28,0.26,5,F,-44,9.50"
RX,1990238,R35,TXK,N151,55,111763,G,0,0.93,0.9,5.0,U,-50.0,9.5,True,,2026-07-07T14:54:29.268+00:00,/dev/cu.usbserial-576B0005451,"RX,1990238,R35,TXK,N151,55,111763,G,0,0.93,0.90,5,U,-50,9.50"
RX,1990599,R35,TXF,N76,26,112131,E,1,0.87,0.84,5.0,U,-44.0,9.75,True,,2026-07-07T14:54:29.629+00:00,/dev/cu.usbserial-576B0005451,"RX,1990599,R35,TXF,N76,26,112131,E,1,0.87,0.84,5,U,-44,9.75"
RX,1990902,R35,TXD,N46,13,112430,G,0,0.93,0.9,5.0,U,-44.0,10.0,True,,2026-07-07T14:54:29.933+00:00,/dev/cu.usbserial-576B0005451,"RX,1990902,R35,TXD,N46,13,112430,G,0,0.93,0.90,5,U,-44,10.00"
RX,1991099,R35,TXA,N01,110,112626,G,0,0.93,0.9,5.0,F,-44.0,9.25,True,,2026-07-07T14:54:30.129+00:00,/dev/cu.usbserial-576B0005451,"RX,1991099,R35,TXA,N01,110,112626,G,0,0.93,0.90,5,F,-44,9.25"
RX,1991365,R35,TXB,N16,54,112892,E,1,0.87,0.84,5.0,U,-53.0,9.25,True,,2026-07-07T14:54:30.396+00:00,/dev/cu.usbserial-576B0005451,"RX,1991365,R35,TXB,N16,54,112892,E,1,0.87,0.84,5,U,-53,9.25"
RX,1991548,R35,TXG,N91,12,113080,G,1,0.93,0.9,5.0,U,-49.0,9.5,True,,2026-07-07T14:54:30.579+00:00,/dev/cu.usbserial-576B0005451,"RX,1991548,R35,TXG,N91,12,113080,G,1,0.93,0.90,5,U,-49,9.50"
RX,1991847,R35,TXE,N61,52,113379,A,0,0.75,0.72,5.0,U,-50.0,9.25,True,,2026-07-07T14:54:30.878+00:00,/dev/cu.usbserial-576B0005451,"RX,1991847,R35,TXE,N61,52,113379,A,0,0.75,0.72,5,U,-50,9.25"
RX,1992099,R35,TXA,N01,111,113626,H,1,0.32,0.3,5.0,F,-43.0,10.0,True,,2026-07-07T14:54:31.129+00:00,/dev/cu.usbserial-576B0005451,"RX,1992099,R35,TXA,N01,111,113626,H,1,0.32,0.30,5,F,-43,10.00"
RX,1992238,R35,TXK,N151,56,113763,A,1,0.75,0.72,5.0,U,-50.0,9.5,True,,2026-07-07T14:54:31.268+00:00,/dev/cu.usbserial-576B0005451,"RX,1992238,R35,TXK,N151,56,113763,A,1,0.75,0.72,5,U,-50,9.50"
RX,1992599,R35,TXF,N76,27,114131,G,0,0.93,0.9,5.0,U,-45.0,10.0,True,,2026-07-07T14:54:31.629+00:00,/dev/cu.usbserial-576B0005451,"RX,1992599,R35,TXF,N76,27,114131,G,0,0.93,0.90,5,U,-45,10.00"
RX,1992755,R35,TXJ,N136,12,114280,G,1,0.93,0.9,5.0,U,-54.0,9.5,True,,2026-07-07T14:54:31.785+00:00,/dev/cu.usbserial-576B0005451,"RX,1992755,R35,TXJ,N136,12,114280,G,1,0.93,0.90,5,U,-54,9.50"
RX,1992853,R35,TXC,N31,26,114381,E,1,0.87,0.84,5.0,U,-43.0,10.0,True,,2026-07-07T14:54:31.883+00:00,/dev/cu.usbserial-576B0005451,"RX,1992853,R35,TXC,N31,26,114381,E,1,0.87,0.84,5,U,-43,10.00"
RX,1993099,R35,TXA,N01,112,114626,A,1,0.75,0.72,5.0,F,-44.0,9.5,True,,2026-07-07T14:54:32.129+00:00,/dev/cu.usbserial-576B0005451,"RX,1993099,R35,TXA,N01,112,114626,A,1,0.75,0.72,5,F,-44,9.50"
RX,1993365,R35,TXB,N16,55,114892,G,0,0.93,0.9,5.0,U,-52.0,9.75,True,,2026-07-07T14:54:32.396+00:00,/dev/cu.usbserial-576B0005451,"RX,1993365,R35,TXB,N16,55,114892,G,0,0.93,0.90,5,U,-52,9.75"
RX,1993847,R35,TXE,N61,53,115379,C,1,0.81,0.78,5.0,U,-49.0,9.75,True,,2026-07-07T14:54:32.878+00:00,/dev/cu.usbserial-576B0005451,"RX,1993847,R35,TXE,N61,53,115379,C,1,0.81,0.78,5,U,-49,9.75"
RX,1993955,R35,TXI,N121,26,115480,E,1,0.87,0.84,5.0,U,-48.0,10.0,True,,2026-07-07T14:54:32.986+00:00,/dev/cu.usbserial-576B0005451,"RX,1993955,R35,TXI,N121,26,115480,E,1,0.87,0.84,5,U,-48,10.00"
RX,1994099,R35,TXA,N01,113,115626,B,0,0.2,0.18,5.0,F,-42.0,9.75,True,,2026-07-07T14:54:33.129+00:00,/dev/cu.usbserial-576B0005451,"RX,1994099,R35,TXA,N01,113,115626,B,0,0.20,0.18,5,F,-42,9.75"
RX,1994238,R35,TXK,N151,57,115763,C,1,0.81,0.78,5.0,U,-51.0,9.5,True,,2026-07-07T14:54:33.268+00:00,/dev/cu.usbserial-576B0005451,"RX,1994238,R35,TXK,N151,57,115763,C,1,0.81,0.78,5,U,-51,9.50"
RX,1994853,R35,TXC,N31,27,116381,G,0,0.93,0.9,5.0,U,-45.0,9.75,True,,2026-07-07T14:54:33.883+00:00,/dev/cu.usbserial-576B0005451,"RX,1994853,R35,TXC,N31,27,116381,G,0,0.93,0.90,5,U,-45,9.75"
RX,1995099,R35,TXA,N01,114,116626,C,1,0.81,0.78,5.0,F,-43.0,9.25,True,,2026-07-07T14:54:34.129+00:00,/dev/cu.usbserial-576B0005451,"RX,1995099,R35,TXA,N01,114,116626,C,1,0.81,0.78,5,F,-43,9.25"
RX,1995365,R35,TXB,N16,56,116892,A,1,0.75,0.72,5.0,U,-52.0,9.5,True,,2026-07-07T14:54:34.396+00:00,/dev/cu.usbserial-576B0005451,"RX,1995365,R35,TXB,N16,56,116892,A,1,0.75,0.72,5,U,-52,9.50"
RX,1995847,R35,TXE,N61,54,117379,E,1,0.87,0.84,5.0,U,-49.0,9.75,True,,2026-07-07T14:54:34.878+00:00,/dev/cu.usbserial-576B0005451,"RX,1995847,R35,TXE,N61,54,117379,E,1,0.87,0.84,5,U,-49,9.75"
RX,1995955,R35,TXI,N121,27,117480,G,0,0.93,0.9,5.0,U,-47.0,9.75,True,,2026-07-07T14:54:34.985+00:00,/dev/cu.usbserial-576B0005451,"RX,1995955,R35,TXI,N121,27,117480,G,0,0.93,0.90,5,U,-47,9.75"
RX,1996099,R35,TXA,N01,115,117626,D,1,0.24,0.22,5.0,F,-43.0,9.5,True,,2026-07-07T14:54:35.129+00:00,/dev/cu.usbserial-576B0005451,"RX,1996099,R35,TXA,N01,115,117626,D,1,0.24,0.22,5,F,-43,9.50"
RX,1996238,R35,TXK,N151,58,117763,E,0,0.87,0.84,5.0,U,-51.0,9.75,True,,2026-07-07T14:54:35.268+00:00,/dev/cu.usbserial-576B0005451,"RX,1996238,R35,TXK,N151,58,117763,E,0,0.87,0.84,5,U,-51,9.75"
RX,1997099,R35,TXA,N01,116,118626,E,0,0.87,0.84,5.0,F,-43.0,9.0,True,,2026-07-07T14:54:36.129+00:00,/dev/cu.usbserial-576B0005451,"RX,1997099,R35,TXA,N01,116,118626,E,0,0.87,0.84,5,F,-43,9.00"
RX,1997365,R35,TXB,N16,57,118892,C,1,0.81,0.78,5.0,U,-52.0,9.75,True,,2026-07-07T14:54:36.396+00:00,/dev/cu.usbserial-576B0005451,"RX,1997365,R35,TXB,N16,57,118892,C,1,0.81,0.78,5,U,-52,9.75"
RX,1997847,R35,TXE,N61,55,119379,G,0,0.93,0.9,5.0,U,-50.0,9.75,True,,2026-07-07T14:54:36.878+00:00,/dev/cu.usbserial-576B0005451,"RX,1997847,R35,TXE,N61,55,119379,G,0,0.93,0.90,5,U,-50,9.75"
RX,1998099,R35,TXA,N01,117,119626,F,1,0.28,0.26,5.0,F,-43.0,9.5,True,,2026-07-07T14:54:37.129+00:00,/dev/cu.usbserial-576B0005451,"RX,1998099,R35,TXA,N01,117,119626,F,1,0.28,0.26,5,F,-43,9.50"
RX,1998238,R35,TXK,N151,59,119763,G,1,0.93,0.9,5.0,U,-51.0,10.0,True,,2026-07-07T14:54:37.268+00:00,/dev/cu.usbserial-576B0005451,"RX,1998238,R35,TXK,N151,59,119763,G,1,0.93,0.90,5,U,-51,10.00"
RX,1998599,R35,TXF,N76,28,120131,E,0,0.87,0.84,5.0,U,-45.0,9.5,True,,2026-07-07T14:54:37.629+00:00,/dev/cu.usbserial-576B0005451,"RX,1998599,R35,TXF,N76,28,120131,E,0,0.87,0.84,5,U,-45,9.50"
RX,1998902,R35,TXD,N46,14,120430,G,1,0.93,0.9,5.0,U,-44.0,9.5,True,,2026-07-07T14:54:37.932+00:00,/dev/cu.usbserial-576B0005451,"RX,1998902,R35,TXD,N46,14,120430,G,1,0.93,0.90,5,U,-44,9.50"
RX,1999099,R35,TXA,N01,118,120626,G,1,0.93,0.9,5.0,F,-43.0,9.75,True,,2026-07-07T14:54:38.129+00:00,/dev/cu.usbserial-576B0005451,"RX,1999099,R35,TXA,N01,118,120626,G,1,0.93,0.90,5,F,-43,9.75"
RX,1999366,R35,TXB,N16,58,120892,E,0,0.87,0.84,5.0,U,-52.0,9.5,True,,2026-07-07T14:54:38.396+00:00,/dev/cu.usbserial-576B0005451,"RX,1999366,R35,TXB,N16,58,120892,E,0,0.87,0.84,5,U,-52,9.50"
RX,1999548,R35,TXG,N91,13,121080,G,0,0.93,0.9,5.0,U,-48.0,9.5,True,,2026-07-07T14:54:38.578+00:00,/dev/cu.usbserial-576B0005451,"RX,1999548,R35,TXG,N91,13,121080,G,0,0.93,0.90,5,U,-48,9.50"
RX,1999847,R35,TXE,N61,56,121379,A,1,0.75,0.72,5.0,U,-50.0,9.5,True,,2026-07-07T14:54:38.878+00:00,/dev/cu.usbserial-576B0005451,"RX,1999847,R35,TXE,N61,56,121379,A,1,0.75,0.72,5,U,-50,9.50"
RX,2000099,R35,TXA,N01,119,121626,H,0,0.32,0.3,5.0,F,-43.0,9.5,True,,2026-07-07T14:54:39.129+00:00,/dev/cu.usbserial-576B0005451,"RX,2000099,R35,TXA,N01,119,121626,H,0,0.32,0.30,5,F,-43,9.50"
RX,2000238,R35,TXK,N151,60,121763,A,1,0.75,0.72,5.0,U,-51.0,10.0,True,,2026-07-07T14:54:39.268+00:00,/dev/cu.usbserial-576B0005451,"RX,2000238,R35,TXK,N151,60,121763,A,1,0.75,0.72,5,U,-51,10.00"
RX,2000599,R35,TXF,N76,29,122131,G,1,0.93,0.9,5.0,U,-45.0,10.0,True,,2026-07-07T14:54:39.629+00:00,/dev/cu.usbserial-576B0005451,"RX,2000599,R35,TXF,N76,29,122131,G,1,0.93,0.90,5,U,-45,10.00"
RX,2000755,R35,TXJ,N136,13,122280,G,0,0.93,0.9,5.0,U,-55.0,9.75,True,,2026-07-07T14:54:39.785+00:00,/dev/cu.usbserial-576B0005451,"RX,2000755,R35,TXJ,N136,13,122280,G,0,0.93,0.90,5,U,-55,9.75"
RX,2000853,R35,TXC,N31,28,122381,E,0,0.87,0.84,5.0,U,-44.0,10.0,True,,2026-07-07T14:54:39.882+00:00,/dev/cu.usbserial-576B0005451,"RX,2000853,R35,TXC,N31,28,122381,E,0,0.87,0.84,5,U,-44,10.00"
RX,2001099,R35,TXA,N01,120,122626,A,1,0.75,0.72,5.0,F,-43.0,9.5,True,,2026-07-07T14:54:40.129+00:00,/dev/cu.usbserial-576B0005451,"RX,2001099,R35,TXA,N01,120,122626,A,1,0.75,0.72,5,F,-43,9.50"
RX,2001365,R35,TXB,N16,59,122892,G,1,0.93,0.9,5.0,U,-52.0,9.75,True,,2026-07-07T14:54:40.396+00:00,/dev/cu.usbserial-576B0005451,"RX,2001365,R35,TXB,N16,59,122892,G,1,0.93,0.90,5,U,-52,9.75"
RX,2001847,R35,TXE,N61,57,123379,C,1,0.81,0.78,5.0,U,-49.0,9.5,True,,2026-07-07T14:54:40.877+00:00,/dev/cu.usbserial-576B0005451,"RX,2001847,R35,TXE,N61,57,123379,C,1,0.81,0.78,5,U,-49,9.50"
RX,2001955,R35,TXI,N121,28,123480,E,0,0.87,0.84,5.0,U,-48.0,9.5,True,,2026-07-07T14:54:40.985+00:00,/dev/cu.usbserial-576B0005451,"RX,2001955,R35,TXI,N121,28,123480,E,0,0.87,0.84,5,U,-48,9.50"
RX,2002099,R35,TXA,N01,121,123626,B,1,0.2,0.18,5.0,F,-43.0,9.25,True,,2026-07-07T14:54:41.130+00:00,/dev/cu.usbserial-576B0005451,"RX,2002099,R35,TXA,N01,121,123626,B,1,0.20,0.18,5,F,-43,9.25"
RX,2002238,R35,TXK,N151,61,123763,C,0,0.81,0.78,5.0,U,-50.0,9.5,True,,2026-07-07T14:54:41.268+00:00,/dev/cu.usbserial-576B0005451,"RX,2002238,R35,TXK,N151,61,123763,C,0,0.81,0.78,5,U,-50,9.50"
RX,2002853,R35,TXC,N31,29,124381,G,1,0.93,0.9,5.0,U,-45.0,9.75,True,,2026-07-07T14:54:41.883+00:00,/dev/cu.usbserial-576B0005451,"RX,2002853,R35,TXC,N31,29,124381,G,1,0.93,0.90,5,U,-45,9.75"
RX,2003099,R35,TXA,N01,122,124626,C,0,0.81,0.78,5.0,F,-43.0,10.25,True,,2026-07-07T14:54:42.129+00:00,/dev/cu.usbserial-576B0005451,"RX,2003099,R35,TXA,N01,122,124626,C,0,0.81,0.78,5,F,-43,10.25"
RX,2003366,R35,TXB,N16,60,124892,A,1,0.75,0.72,5.0,U,-52.0,10.0,True,,2026-07-07T14:54:42.396+00:00,/dev/cu.usbserial-576B0005451,"RX,2003366,R35,TXB,N16,60,124892,A,1,0.75,0.72,5,U,-52,10.00"
RX,2003847,R35,TXE,N61,58,125379,E,0,0.87,0.84,5.0,U,-49.0,10.0,True,,2026-07-07T14:54:42.877+00:00,/dev/cu.usbserial-576B0005451,"RX,2003847,R35,TXE,N61,58,125379,E,0,0.87,0.84,5,U,-49,10.00"
RX,2003955,R35,TXI,N121,29,125480,G,1,0.93,0.9,5.0,U,-48.0,9.5,True,,2026-07-07T14:54:42.985+00:00,/dev/cu.usbserial-576B0005451,"RX,2003955,R35,TXI,N121,29,125480,G,1,0.93,0.90,5,U,-48,9.50"
RX,2004099,R35,TXA,N01,123,125626,D,1,0.24,0.22,5.0,F,-43.0,9.25,True,,2026-07-07T14:54:43.129+00:00,/dev/cu.usbserial-576B0005451,"RX,2004099,R35,TXA,N01,123,125626,D,1,0.24,0.22,5,F,-43,9.25"
RX,2004238,R35,TXK,N151,62,125763,E,1,0.87,0.84,5.0,U,-51.0,9.5,True,,2026-07-07T14:54:43.267+00:00,/dev/cu.usbserial-576B0005451,"RX,2004238,R35,TXK,N151,62,125763,E,1,0.87,0.84,5,U,-51,9.50"
RX,2005099,R35,TXA,N01,124,126626,E,1,0.87,0.84,5.0,F,-43.0,9.5,True,,2026-07-07T14:54:44.129+00:00,/dev/cu.usbserial-576B0005451,"RX,2005099,R35,TXA,N01,124,126626,E,1,0.87,0.84,5,F,-43,9.50"
RX,2005365,R35,TXB,N16,61,126892,C,0,0.81,0.78,5.0,U,-52.0,9.5,True,,2026-07-07T14:54:44.396+00:00,/dev/cu.usbserial-576B0005451,"RX,2005365,R35,TXB,N16,61,126892,C,0,0.81,0.78,5,U,-52,9.50"
RX,2005847,R35,TXE,N61,59,127379,G,1,0.93,0.9,5.0,U,-49.0,9.75,True,,2026-07-07T14:54:44.878+00:00,/dev/cu.usbserial-576B0005451,"RX,2005847,R35,TXE,N61,59,127379,G,1,0.93,0.90,5,U,-49,9.75"
RX,2006099,R35,TXA,N01,125,127626,F,0,0.28,0.26,5.0,F,-43.0,9.5,True,,2026-07-07T14:54:45.129+00:00,/dev/cu.usbserial-576B0005451,"RX,2006099,R35,TXA,N01,125,127626,F,0,0.28,0.26,5,F,-43,9.50"
RX,2006238,R35,TXK,N151,63,127763,G,1,0.93,0.9,5.0,U,-50.0,9.5,True,,2026-07-07T14:54:45.268+00:00,/dev/cu.usbserial-576B0005451,"RX,2006238,R35,TXK,N151,63,127763,G,1,0.93,0.90,5,U,-50,9.50"
RX,2006599,R35,TXF,N76,30,128131,E,1,0.87,0.84,5.0,U,-45.0,9.5,True,,2026-07-07T14:54:45.629+00:00,/dev/cu.usbserial-576B0005451,"RX,2006599,R35,TXF,N76,30,128131,E,1,0.87,0.84,5,U,-45,9.50"
RX,2006902,R35,TXD,N46,15,128430,G,1,0.93,0.9,5.0,U,-44.0,9.75,True,,2026-07-07T14:54:45.932+00:00,/dev/cu.usbserial-576B0005451,"RX,2006902,R35,TXD,N46,15,128430,G,1,0.93,0.90,5,U,-44,9.75"
RX,2007099,R35,TXA,N01,126,128626,G,1,0.93,0.9,5.0,F,-43.0,9.5,True,,2026-07-07T14:54:46.129+00:00,/dev/cu.usbserial-576B0005451,"RX,2007099,R35,TXA,N01,126,128626,G,1,0.93,0.90,5,F,-43,9.50"
RX,2007366,R35,TXB,N16,62,128892,E,1,0.87,0.84,5.0,U,-52.0,10.25,True,,2026-07-07T14:54:46.396+00:00,/dev/cu.usbserial-576B0005451,"RX,2007366,R35,TXB,N16,62,128892,E,1,0.87,0.84,5,U,-52,10.25"
RX,2007548,R35,TXG,N91,14,129080,G,1,0.93,0.9,5.0,U,-48.0,9.25,True,,2026-07-07T14:54:46.578+00:00,/dev/cu.usbserial-576B0005451,"RX,2007548,R35,TXG,N91,14,129080,G,1,0.93,0.90,5,U,-48,9.25"
RX,2007847,R35,TXE,N61,60,129379,A,1,0.75,0.72,5.0,U,-49.0,9.25,True,,2026-07-07T14:54:46.878+00:00,/dev/cu.usbserial-576B0005451,"RX,2007847,R35,TXE,N61,60,129379,A,1,0.75,0.72,5,U,-49,9.25"
RX,2008099,R35,TXA,N01,127,129626,H,1,0.32,0.3,5.0,F,-44.0,9.5,True,,2026-07-07T14:54:47.129+00:00,/dev/cu.usbserial-576B0005451,"RX,2008099,R35,TXA,N01,127,129626,H,1,0.32,0.30,5,F,-44,9.50"
RX,2008238,R35,TXK,N151,64,129763,A,1,0.75,0.72,5.0,U,-50.0,9.75,True,,2026-07-07T14:54:47.268+00:00,/dev/cu.usbserial-576B0005451,"RX,2008238,R35,TXK,N151,64,129763,A,1,0.75,0.72,5,U,-50,9.75"
RX,2008599,R35,TXF,N76,31,130131,G,1,0.93,0.9,5.0,U,-45.0,9.75,True,,2026-07-07T14:54:47.631+00:00,/dev/cu.usbserial-576B0005451,"RX,2008599,R35,TXF,N76,31,130131,G,1,0.93,0.90,5,U,-45,9.75"
RX,2008755,R35,TXJ,N136,14,130280,G,1,0.93,0.9,5.0,U,-53.0,9.25,True,,2026-07-07T14:54:47.785+00:00,/dev/cu.usbserial-576B0005451,"RX,2008755,R35,TXJ,N136,14,130280,G,1,0.93,0.90,5,U,-53,9.25"
RX,2008853,R35,TXC,N31,30,130381,E,1,0.87,0.84,5.0,U,-44.0,9.5,True,,2026-07-07T14:54:47.883+00:00,/dev/cu.usbserial-576B0005451,"RX,2008853,R35,TXC,N31,30,130381,E,1,0.87,0.84,5,U,-44,9.50"
RX,2009099,R35,TXA,N01,128,130626,A,1,0.75,0.72,5.0,F,-43.0,10.0,True,,2026-07-07T14:54:48.129+00:00,/dev/cu.usbserial-576B0005451,"RX,2009099,R35,TXA,N01,128,130626,A,1,0.75,0.72,5,F,-43,10.00"
RX,2009365,R35,TXB,N16,63,130892,G,1,0.93,0.9,5.0,U,-51.0,9.75,True,,2026-07-07T14:54:48.395+00:00,/dev/cu.usbserial-576B0005451,"RX,2009365,R35,TXB,N16,63,130892,G,1,0.93,0.90,5,U,-51,9.75"
RX,2009847,R35,TXE,N61,61,131379,C,0,0.81,0.78,5.0,U,-50.0,9.5,True,,2026-07-07T14:54:48.877+00:00,/dev/cu.usbserial-576B0005451,"RX,2009847,R35,TXE,N61,61,131379,C,0,0.81,0.78,5,U,-50,9.50"
RX,2009955,R35,TXI,N121,30,131480,E,1,0.87,0.84,5.0,U,-47.0,9.75,True,,2026-07-07T14:54:48.985+00:00,/dev/cu.usbserial-576B0005451,"RX,2009955,R35,TXI,N121,30,131480,E,1,0.87,0.84,5,U,-47,9.75"
RX,2010099,R35,TXA,N01,129,131626,B,0,0.2,0.18,5.0,F,-44.0,9.25,True,,2026-07-07T14:54:49.129+00:00,/dev/cu.usbserial-576B0005451,"RX,2010099,R35,TXA,N01,129,131626,B,0,0.20,0.18,5,F,-44,9.25"
RX,2010237,R35,TXK,N151,65,131763,C,1,0.81,0.78,5.0,U,-50.0,9.25,True,,2026-07-07T14:54:49.268+00:00,/dev/cu.usbserial-576B0005451,"RX,2010237,R35,TXK,N151,65,131763,C,1,0.81,0.78,5,U,-50,9.25"
RX,2010852,R35,TXC,N31,31,132381,G,1,0.93,0.9,5.0,U,-43.0,9.5,True,,2026-07-07T14:54:49.883+00:00,/dev/cu.usbserial-576B0005451,"RX,2010852,R35,TXC,N31,31,132381,G,1,0.93,0.90,5,U,-43,9.50"
RX,2011099,R35,TXA,N01,130,132626,C,1,0.81,0.78,5.0,F,-44.0,9.5,True,,2026-07-07T14:54:50.129+00:00,/dev/cu.usbserial-576B0005451,"RX,2011099,R35,TXA,N01,130,132626,C,1,0.81,0.78,5,F,-44,9.50"
RX,2011366,R35,TXB,N16,64,132892,A,1,0.75,0.72,5.0,U,-52.0,10.0,True,,2026-07-07T14:54:50.396+00:00,/dev/cu.usbserial-576B0005451,"RX,2011366,R35,TXB,N16,64,132892,A,1,0.75,0.72,5,U,-52,10.00"
RX,2011847,R35,TXE,N61,62,133379,E,1,0.87,0.84,5.0,U,-48.0,9.5,True,,2026-07-07T14:54:50.878+00:00,/dev/cu.usbserial-576B0005451,"RX,2011847,R35,TXE,N61,62,133379,E,1,0.87,0.84,5,U,-48,9.50"
RX,2011955,R35,TXI,N121,31,133480,G,1,0.93,0.9,5.0,U,-46.0,9.75,True,,2026-07-07T14:54:50.985+00:00,/dev/cu.usbserial-576B0005451,"RX,2011955,R35,TXI,N121,31,133480,G,1,0.93,0.90,5,U,-46,9.75"
RX,2012099,R35,TXA,N01,131,133626,D,1,0.24,0.22,5.0,F,-44.0,9.25,True,,2026-07-07T14:54:51.129+00:00,/dev/cu.usbserial-576B0005451,"RX,2012099,R35,TXA,N01,131,133626,D,1,0.24,0.22,5,F,-44,9.25"
RX,2012237,R35,TXK,N151,66,133763,E,0,0.87,0.84,5.0,U,-50.0,9.25,True,,2026-07-07T14:54:51.268+00:00,/dev/cu.usbserial-576B0005451,"RX,2012237,R35,TXK,N151,66,133763,E,0,0.87,0.84,5,U,-50,9.25"
RX,2013099,R35,TXA,N01,132,134626,E,0,0.87,0.84,5.0,F,-44.0,9.5,True,,2026-07-07T14:54:52.129+00:00,/dev/cu.usbserial-576B0005451,"RX,2013099,R35,TXA,N01,132,134626,E,0,0.87,0.84,5,F,-44,9.50"
RX,2013365,R35,TXB,N16,65,134892,C,1,0.81,0.78,5.0,U,-52.0,9.75,True,,2026-07-07T14:54:52.396+00:00,/dev/cu.usbserial-576B0005451,"RX,2013365,R35,TXB,N16,65,134892,C,1,0.81,0.78,5,U,-52,9.75"
RX,2013847,R35,TXE,N61,63,135379,G,1,0.93,0.9,5.0,U,-49.0,9.5,True,,2026-07-07T14:54:52.877+00:00,/dev/cu.usbserial-576B0005451,"RX,2013847,R35,TXE,N61,63,135379,G,1,0.93,0.90,5,U,-49,9.50"
RX,2014099,R35,TXA,N01,133,135626,F,1,0.28,0.26,5.0,F,-43.0,9.25,True,,2026-07-07T14:54:53.129+00:00,/dev/cu.usbserial-576B0005451,"RX,2014099,R35,TXA,N01,133,135626,F,1,0.28,0.26,5,F,-43,9.25"
RX,2014390,R35,TXL,N166,8,135916,G,1,0.93,0.9,5.0,U,-46.0,9.75,True,,2026-07-07T14:54:53.420+00:00,/dev/cu.usbserial-576B0005451,"RX,2014390,R35,TXL,N166,8,135916,G,1,0.93,0.90,5,U,-46,9.75"
RX,2014599,R35,TXF,N76,32,136131,E,0,0.87,0.84,5.0,U,-46.0,9.75,True,,2026-07-07T14:54:53.628+00:00,/dev/cu.usbserial-576B0005451,"RX,2014599,R35,TXF,N76,32,136131,E,0,0.87,0.84,5,U,-46,9.75"
RX,2014902,R35,TXD,N46,16,136430,G,1,0.93,0.9,5.0,U,-44.0,10.0,True,,2026-07-07T14:54:53.933+00:00,/dev/cu.usbserial-576B0005451,"RX,2014902,R35,TXD,N46,16,136430,G,1,0.93,0.90,5,U,-44,10.00"
RX,2015099,R35,TXA,N01,134,136626,G,1,0.93,0.9,5.0,F,-43.0,9.25,True,,2026-07-07T14:54:54.129+00:00,/dev/cu.usbserial-576B0005451,"RX,2015099,R35,TXA,N01,134,136626,G,1,0.93,0.90,5,F,-43,9.25"
RX,2015365,R35,TXB,N16,66,136892,E,0,0.87,0.84,5.0,U,-52.0,10.25,True,,2026-07-07T14:54:54.395+00:00,/dev/cu.usbserial-576B0005451,"RX,2015365,R35,TXB,N16,66,136892,E,0,0.87,0.84,5,U,-52,10.25"
RX,2015548,R35,TXG,N91,15,137080,G,1,0.93,0.9,5.0,U,-49.0,9.75,True,,2026-07-07T14:54:54.578+00:00,/dev/cu.usbserial-576B0005451,"RX,2015548,R35,TXG,N91,15,137080,G,1,0.93,0.90,5,U,-49,9.75"
RX,2015847,R35,TXE,N61,64,137379,A,1,0.75,0.72,5.0,U,-49.0,9.25,True,,2026-07-07T14:54:54.877+00:00,/dev/cu.usbserial-576B0005451,"RX,2015847,R35,TXE,N61,64,137379,A,1,0.75,0.72,5,U,-49,9.25"
RX,2016099,R35,TXA,N01,135,137626,H,0,0.32,0.3,5.0,F,-43.0,9.5,True,,2026-07-07T14:54:55.129+00:00,/dev/cu.usbserial-576B0005451,"RX,2016099,R35,TXA,N01,135,137626,H,0,0.32,0.30,5,F,-43,9.50"
RX,2016237,R35,TXK,N151,68,137763,A,1,0.75,0.72,5.0,U,-50.0,9.5,True,,2026-07-07T14:54:55.268+00:00,/dev/cu.usbserial-576B0005451,"RX,2016237,R35,TXK,N151,68,137763,A,1,0.75,0.72,5,U,-50,9.50"
RX,2016599,R35,TXF,N76,33,138131,G,1,0.93,0.9,5.0,U,-45.0,9.75,True,,2026-07-07T14:54:55.629+00:00,/dev/cu.usbserial-576B0005451,"RX,2016599,R35,TXF,N76,33,138131,G,1,0.93,0.90,5,U,-45,9.75"
RX,2016755,R35,TXJ,N136,15,138280,G,1,0.93,0.9,5.0,U,-55.0,9.25,True,,2026-07-07T14:54:55.785+00:00,/dev/cu.usbserial-576B0005451,"RX,2016755,R35,TXJ,N136,15,138280,G,1,0.93,0.90,5,U,-55,9.25"
RX,2016852,R35,TXC,N31,32,138381,E,0,0.87,0.84,5.0,U,-44.0,10.25,True,,2026-07-07T14:54:55.883+00:00,/dev/cu.usbserial-576B0005451,"RX,2016852,R35,TXC,N31,32,138381,E,0,0.87,0.84,5,U,-44,10.25"
RX,2017099,R35,TXA,N01,136,138626,A,1,0.75,0.72,5.0,F,-43.0,9.75,True,,2026-07-07T14:54:56.129+00:00,/dev/cu.usbserial-576B0005451,"RX,2017099,R35,TXA,N01,136,138626,A,1,0.75,0.72,5,F,-43,9.75"
RX,2017366,R35,TXB,N16,67,138892,G,1,0.93,0.9,5.0,U,-52.0,10.0,True,,2026-07-07T14:54:56.395+00:00,/dev/cu.usbserial-576B0005451,"RX,2017366,R35,TXB,N16,67,138892,G,1,0.93,0.90,5,U,-52,10.00"
RX,2017847,R35,TXE,N61,65,139379,C,1,0.81,0.78,5.0,U,-49.0,10.5,True,,2026-07-07T14:54:56.878+00:00,/dev/cu.usbserial-576B0005451,"RX,2017847,R35,TXE,N61,65,139379,C,1,0.81,0.78,5,U,-49,10.50"
RX,2017955,R35,TXI,N121,32,139480,E,0,0.87,0.84,5.0,U,-48.0,9.75,True,,2026-07-07T14:54:56.985+00:00,/dev/cu.usbserial-576B0005451,"RX,2017955,R35,TXI,N121,32,139480,E,0,0.87,0.84,5,U,-48,9.75"
RX,2018099,R35,TXA,N01,137,139626,B,1,0.2,0.18,5.0,F,-42.0,9.75,True,,2026-07-07T14:54:57.129+00:00,/dev/cu.usbserial-576B0005451,"RX,2018099,R35,TXA,N01,137,139626,B,1,0.20,0.18,5,F,-42,9.75"
RX,2018238,R35,TXK,N151,69,139763,C,0,0.81,0.78,5.0,U,-50.0,9.5,True,,2026-07-07T14:54:57.268+00:00,/dev/cu.usbserial-576B0005451,"RX,2018238,R35,TXK,N151,69,139763,C,0,0.81,0.78,5,U,-50,9.50"
RX,2018853,R35,TXC,N31,33,140381,G,1,0.93,0.9,5.0,U,-44.0,9.5,True,,2026-07-07T14:54:57.883+00:00,/dev/cu.usbserial-576B0005451,"RX,2018853,R35,TXC,N31,33,140381,G,1,0.93,0.90,5,U,-44,9.50"
RX,2019099,R35,TXA,N01,138,140626,C,0,0.81,0.78,5.0,F,-43.0,9.5,True,,2026-07-07T14:54:58.129+00:00,/dev/cu.usbserial-576B0005451,"RX,2019099,R35,TXA,N01,138,140626,C,0,0.81,0.78,5,F,-43,9.50"
RX,2019365,R35,TXB,N16,68,140892,A,1,0.75,0.72,5.0,U,-52.0,9.5,True,,2026-07-07T14:54:58.395+00:00,/dev/cu.usbserial-576B0005451,"RX,2019365,R35,TXB,N16,68,140892,A,1,0.75,0.72,5,U,-52,9.50"
RX,2019847,R35,TXE,N61,66,141379,E,0,0.87,0.84,5.0,U,-49.0,10.0,True,,2026-07-07T14:54:58.878+00:00,/dev/cu.usbserial-576B0005451,"RX,2019847,R35,TXE,N61,66,141379,E,0,0.87,0.84,5,U,-49,10.00"
RX,2019955,R35,TXI,N121,33,141480,G,1,0.93,0.9,5.0,U,-48.0,9.75,True,,2026-07-07T14:54:58.985+00:00,/dev/cu.usbserial-576B0005451,"RX,2019955,R35,TXI,N121,33,141480,G,1,0.93,0.90,5,U,-48,9.75"
RX,2020099,R35,TXA,N01,139,141626,D,1,0.24,0.22,5.0,F,-41.0,10.0,True,,2026-07-07T14:54:59.129+00:00,/dev/cu.usbserial-576B0005451,"RX,2020099,R35,TXA,N01,139,141626,D,1,0.24,0.22,5,F,-41,10.00"
RX,2020238,R35,TXK,N151,70,141763,E,1,0.87,0.84,5.0,U,-52.0,9.25,True,,2026-07-07T14:54:59.268+00:00,/dev/cu.usbserial-576B0005451,"RX,2020238,R35,TXK,N151,70,141763,E,1,0.87,0.84,5,U,-52,9.25"
RX,2021099,R35,TXA,N01,140,142626,E,1,0.87,0.84,5.0,F,-44.0,9.75,True,,2026-07-07T14:55:00.129+00:00,/dev/cu.usbserial-576B0005451,"RX,2021099,R35,TXA,N01,140,142626,E,1,0.87,0.84,5,F,-44,9.75"
RX,2021365,R35,TXB,N16,69,142892,C,0,0.81,0.78,5.0,U,-54.0,9.5,True,,2026-07-07T14:55:00.396+00:00,/dev/cu.usbserial-576B0005451,"RX,2021365,R35,TXB,N16,69,142892,C,0,0.81,0.78,5,U,-54,9.50"
RX,2021847,R35,TXE,N61,67,143379,G,1,0.93,0.9,5.0,U,-47.0,9.5,True,,2026-07-07T14:55:00.877+00:00,/dev/cu.usbserial-576B0005451,"RX,2021847,R35,TXE,N61,67,143379,G,1,0.93,0.90,5,U,-47,9.50"
RX,2022099,R35,TXA,N01,141,143626,F,0,0.28,0.26,5.0,F,-44.0,9.5,True,,2026-07-07T14:55:01.129+00:00,/dev/cu.usbserial-576B0005451,"RX,2022099,R35,TXA,N01,141,143626,F,0,0.28,0.26,5,F,-44,9.50"
RX,2022390,R35,TXL,N166,9,143916,G,1,0.93,0.9,5.0,U,-48.0,9.5,True,,2026-07-07T14:55:01.420+00:00,/dev/cu.usbserial-576B0005451,"RX,2022390,R35,TXL,N166,9,143916,G,1,0.93,0.90,5,U,-48,9.50"
RX,2022599,R35,TXF,N76,34,144131,E,1,0.87,0.84,5.0,U,-46.0,10.0,True,,2026-07-07T14:55:01.628+00:00,/dev/cu.usbserial-576B0005451,"RX,2022599,R35,TXF,N76,34,144131,E,1,0.87,0.84,5,U,-46,10.00"
RX,2022902,R35,TXD,N46,17,144430,G,1,0.93,0.9,5.0,U,-44.0,10.0,True,,2026-07-07T14:55:01.932+00:00,/dev/cu.usbserial-576B0005451,"RX,2022902,R35,TXD,N46,17,144430,G,1,0.93,0.90,5,U,-44,10.00"
RX,2023366,R35,TXB,N16,70,144892,E,1,0.87,0.84,5.0,U,-53.0,9.5,True,,2026-07-07T14:55:02.395+00:00,/dev/cu.usbserial-576B0005451,"RX,2023366,R35,TXB,N16,70,144892,E,1,0.87,0.84,5,U,-53,9.50"
RX,2023548,R35,TXG,N91,16,145080,G,1,0.93,0.9,5.0,U,-51.0,9.25,True,,2026-07-07T14:55:02.578+00:00,/dev/cu.usbserial-576B0005451,"RX,2023548,R35,TXG,N91,16,145080,G,1,0.93,0.90,5,U,-51,9.25"
RX,2023847,R35,TXE,N61,68,145379,A,1,0.75,0.72,5.0,U,-48.0,9.5,True,,2026-07-07T14:55:02.877+00:00,/dev/cu.usbserial-576B0005451,"RX,2023847,R35,TXE,N61,68,145379,A,1,0.75,0.72,5,U,-48,9.50"
RX,2024099,R35,TXA,N01,143,145626,H,1,0.32,0.3,5.0,F,-45.0,10.0,True,,2026-07-07T14:55:03.129+00:00,/dev/cu.usbserial-576B0005451,"RX,2024099,R35,TXA,N01,143,145626,H,1,0.32,0.30,5,F,-45,10.00"
RX,2024238,R35,TXK,N151,72,145763,A,0,0.75,0.72,5.0,U,-52.0,9.75,True,,2026-07-07T14:55:03.268+00:00,/dev/cu.usbserial-576B0005451,"RX,2024238,R35,TXK,N151,72,145763,A,0,0.75,0.72,5,U,-52,9.75"
RX,2024599,R35,TXF,N76,35,146131,G,1,0.93,0.9,5.0,U,-47.0,10.0,True,,2026-07-07T14:55:03.629+00:00,/dev/cu.usbserial-576B0005451,"RX,2024599,R35,TXF,N76,35,146131,G,1,0.93,0.90,5,U,-47,10.00"
RX,2024755,R35,TXJ,N136,16,146280,G,1,0.93,0.9,5.0,U,-56.0,9.75,True,,2026-07-07T14:55:03.784+00:00,/dev/cu.usbserial-576B0005451,"RX,2024755,R35,TXJ,N136,16,146280,G,1,0.93,0.90,5,U,-56,9.75"
RX,2024852,R35,TXC,N31,34,146381,E,1,0.87,0.84,5.0,U,-47.0,9.75,True,,2026-07-07T14:55:03.882+00:00,/dev/cu.usbserial-576B0005451,"RX,2024852,R35,TXC,N31,34,146381,E,1,0.87,0.84,5,U,-47,9.75"
RX,2025099,R35,TXA,N01,144,146626,A,0,0.75,0.72,5.0,F,-44.0,9.75,True,,2026-07-07T14:55:04.129+00:00,/dev/cu.usbserial-576B0005451,"RX,2025099,R35,TXA,N01,144,146626,A,0,0.75,0.72,5,F,-44,9.75"
RX,2025365,R35,TXB,N16,71,146892,G,1,0.93,0.9,5.0,U,-54.0,9.5,True,,2026-07-07T14:55:04.395+00:00,/dev/cu.usbserial-576B0005451,"RX,2025365,R35,TXB,N16,71,146892,G,1,0.93,0.90,5,U,-54,9.50"
RX,2025847,R35,TXE,N61,69,147379,C,0,0.81,0.78,5.0,U,-47.0,9.75,True,,2026-07-07T14:55:04.877+00:00,/dev/cu.usbserial-576B0005451,"RX,2025847,R35,TXE,N61,69,147379,C,0,0.81,0.78,5,U,-47,9.75"
RX,2025955,R35,TXI,N121,34,147480,E,1,0.87,0.84,5.0,U,-47.0,9.75,True,,2026-07-07T14:55:04.985+00:00,/dev/cu.usbserial-576B0005451,"RX,2025955,R35,TXI,N121,34,147480,E,1,0.87,0.84,5,U,-47,9.75"
RX,2026099,R35,TXA,N01,145,147626,B,1,0.2,0.18,5.0,F,-44.0,9.5,True,,2026-07-07T14:55:05.129+00:00,/dev/cu.usbserial-576B0005451,"RX,2026099,R35,TXA,N01,145,147626,B,1,0.20,0.18,5,F,-44,9.50"
RX,2026238,R35,TXK,N151,73,147763,C,1,0.81,0.78,5.0,U,-53.0,9.5,True,,2026-07-07T14:55:05.267+00:00,/dev/cu.usbserial-576B0005451,"RX,2026238,R35,TXK,N151,73,147763,C,1,0.81,0.78,5,U,-53,9.50"
RX,2026852,R35,TXC,N31,35,148381,G,1,0.93,0.9,5.0,U,-48.0,9.5,True,,2026-07-07T14:55:05.883+00:00,/dev/cu.usbserial-576B0005451,"RX,2026852,R35,TXC,N31,35,148381,G,1,0.93,0.90,5,U,-48,9.50"
RX,2027099,R35,TXA,N01,146,148626,C,1,0.81,0.78,5.0,F,-43.0,9.5,True,,2026-07-07T14:55:06.129+00:00,/dev/cu.usbserial-576B0005451,"RX,2027099,R35,TXA,N01,146,148626,C,1,0.81,0.78,5,F,-43,9.50"
RX,2027366,R35,TXB,N16,72,148892,A,0,0.75,0.72,5.0,U,-54.0,9.25,True,,2026-07-07T14:55:06.395+00:00,/dev/cu.usbserial-576B0005451,"RX,2027366,R35,TXB,N16,72,148892,A,0,0.75,0.72,5,U,-54,9.25"
RX,2027847,R35,TXE,N61,70,149379,E,1,0.87,0.84,5.0,U,-47.0,10.0,True,,2026-07-07T14:55:06.877+00:00,/dev/cu.usbserial-576B0005451,"RX,2027847,R35,TXE,N61,70,149379,E,1,0.87,0.84,5,U,-47,10.00"
RX,2027955,R35,TXI,N121,35,149480,G,1,0.93,0.9,5.0,U,-47.0,10.0,True,,2026-07-07T14:55:06.985+00:00,/dev/cu.usbserial-576B0005451,"RX,2027955,R35,TXI,N121,35,149480,G,1,0.93,0.90,5,U,-47,10.00"
RX,2028099,R35,TXA,N01,147,149626,D,0,0.24,0.22,5.0,F,-43.0,10.0,True,,2026-07-07T14:55:07.129+00:00,/dev/cu.usbserial-576B0005451,"RX,2028099,R35,TXA,N01,147,149626,D,0,0.24,0.22,5,F,-43,10.00"
RX,2028238,R35,TXK,N151,74,149763,E,1,0.87,0.84,5.0,U,-52.0,9.75,True,,2026-07-07T14:55:07.267+00:00,/dev/cu.usbserial-576B0005451,"RX,2028238,R35,TXK,N151,74,149763,E,1,0.87,0.84,5,U,-52,9.75"
RX,2029099,R35,TXA,N01,148,150626,E,1,0.87,0.84,5.0,F,-43.0,9.75,True,,2026-07-07T14:55:08.129+00:00,/dev/cu.usbserial-576B0005451,"RX,2029099,R35,TXA,N01,148,150626,E,1,0.87,0.84,5,F,-43,9.75"
RX,2029366,R35,TXB,N16,73,150892,C,1,0.81,0.78,5.0,U,-53.0,9.5,True,,2026-07-07T14:55:08.395+00:00,/dev/cu.usbserial-576B0005451,"RX,2029366,R35,TXB,N16,73,150892,C,1,0.81,0.78,5,U,-53,9.50"
RX,2029847,R35,TXE,N61,71,151379,G,1,0.93,0.9,5.0,U,-47.0,9.75,True,,2026-07-07T14:55:08.877+00:00,/dev/cu.usbserial-576B0005451,"RX,2029847,R35,TXE,N61,71,151379,G,1,0.93,0.90,5,U,-47,9.75"
RX,2030099,R35,TXA,N01,149,151626,F,1,0.28,0.26,5.0,F,-44.0,9.75,True,,2026-07-07T14:55:09.129+00:00,/dev/cu.usbserial-576B0005451,"RX,2030099,R35,TXA,N01,149,151626,F,1,0.28,0.26,5,F,-44,9.75"
RX,2030390,R35,TXL,N166,10,151916,G,0,0.93,0.9,5.0,U,-46.0,10.0,True,,2026-07-07T14:55:09.420+00:00,/dev/cu.usbserial-576B0005451,"RX,2030390,R35,TXL,N166,10,151916,G,0,0.93,0.90,5,U,-46,10.00"
RX,2030599,R35,TXF,N76,36,152131,E,1,0.87,0.84,5.0,U,-47.0,9.75,True,,2026-07-07T14:55:09.628+00:00,/dev/cu.usbserial-576B0005451,"RX,2030599,R35,TXF,N76,36,152131,E,1,0.87,0.84,5,U,-47,9.75"
RX,2030902,R35,TXD,N46,18,152430,G,0,0.93,0.9,5.0,U,-43.0,9.75,True,,2026-07-07T14:55:09.932+00:00,/dev/cu.usbserial-576B0005451,"RX,2030902,R35,TXD,N46,18,152430,G,0,0.93,0.90,5,U,-43,9.75"
RX,2031099,R35,TXA,N01,150,152626,G,0,0.93,0.9,5.0,F,-44.0,9.5,True,,2026-07-07T14:55:10.129+00:00,/dev/cu.usbserial-576B0005451,"RX,2031099,R35,TXA,N01,150,152626,G,0,0.93,0.90,5,F,-44,9.50"
RX,2031366,R35,TXB,N16,74,152892,E,1,0.87,0.84,5.0,U,-53.0,9.25,True,,2026-07-07T14:55:10.395+00:00,/dev/cu.usbserial-576B0005451,"RX,2031366,R35,TXB,N16,74,152892,E,1,0.87,0.84,5,U,-53,9.25"
RX,2031548,R35,TXG,N91,17,153080,G,1,0.93,0.9,5.0,U,-51.0,9.75,True,,2026-07-07T14:55:10.578+00:00,/dev/cu.usbserial-576B0005451,"RX,2031548,R35,TXG,N91,17,153080,G,1,0.93,0.90,5,U,-51,9.75"
RX,2031847,R35,TXE,N61,72,153379,A,0,0.75,0.72,5.0,U,-47.0,9.75,True,,2026-07-07T14:55:10.877+00:00,/dev/cu.usbserial-576B0005451,"RX,2031847,R35,TXE,N61,72,153379,A,0,0.75,0.72,5,U,-47,9.75"
RX,2032099,R35,TXA,N01,151,153626,H,1,0.32,0.3,5.0,F,-43.0,9.75,True,,2026-07-07T14:55:11.129+00:00,/dev/cu.usbserial-576B0005451,"RX,2032099,R35,TXA,N01,151,153626,H,1,0.32,0.30,5,F,-43,9.75"
RX,2032238,R35,TXK,N151,76,153763,A,1,0.75,0.72,5.0,U,-52.0,9.75,True,,2026-07-07T14:55:11.268+00:00,/dev/cu.usbserial-576B0005451,"RX,2032238,R35,TXK,N151,76,153763,A,1,0.75,0.72,5,U,-52,9.75"
RX,2032599,R35,TXF,N76,37,154131,G,0,0.93,0.9,5.0,U,-47.0,10.0,True,,2026-07-07T14:55:11.628+00:00,/dev/cu.usbserial-576B0005451,"RX,2032599,R35,TXF,N76,37,154131,G,0,0.93,0.90,5,U,-47,10.00"
RX,2032755,R35,TXJ,N136,17,154280,G,1,0.93,0.9,5.0,U,-58.0,9.25,True,,2026-07-07T14:55:11.785+00:00,/dev/cu.usbserial-576B0005451,"RX,2032755,R35,TXJ,N136,17,154280,G,1,0.93,0.90,5,U,-58,9.25"
RX,2032852,R35,TXC,N31,36,154381,E,1,0.87,0.84,5.0,U,-48.0,9.5,True,,2026-07-07T14:55:11.882+00:00,/dev/cu.usbserial-576B0005451,"RX,2032852,R35,TXC,N31,36,154381,E,1,0.87,0.84,5,U,-48,9.50"
RX,2033099,R35,TXA,N01,152,154626,A,1,0.75,0.72,5.0,F,-43.0,10.0,True,,2026-07-07T14:55:12.129+00:00,/dev/cu.usbserial-576B0005451,"RX,2033099,R35,TXA,N01,152,154626,A,1,0.75,0.72,5,F,-43,10.00"
RX,2033366,R35,TXB,N16,75,154892,G,0,0.93,0.9,5.0,U,-54.0,9.25,True,,2026-07-07T14:55:12.395+00:00,/dev/cu.usbserial-576B0005451,"RX,2033366,R35,TXB,N16,75,154892,G,0,0.93,0.90,5,U,-54,9.25"
RX,2033847,R35,TXE,N61,73,155379,C,1,0.81,0.78,5.0,U,-47.0,9.75,True,,2026-07-07T14:55:12.877+00:00,/dev/cu.usbserial-576B0005451,"RX,2033847,R35,TXE,N61,73,155379,C,1,0.81,0.78,5,U,-47,9.75"
RX,2033954,R35,TXI,N121,36,155480,E,1,0.87,0.84,5.0,U,-47.0,9.5,True,,2026-07-07T14:55:12.984+00:00,/dev/cu.usbserial-576B0005451,"RX,2033954,R35,TXI,N121,36,155480,E,1,0.87,0.84,5,U,-47,9.50"
RX,2034099,R35,TXA,N01,153,155626,B,0,0.2,0.18,5.0,F,-43.0,9.5,True,,2026-07-07T14:55:13.128+00:00,/dev/cu.usbserial-576B0005451,"RX,2034099,R35,TXA,N01,153,155626,B,0,0.20,0.18,5,F,-43,9.50"
RX,2034238,R35,TXK,N151,77,155763,C,1,0.81,0.78,5.0,U,-53.0,9.5,True,,2026-07-07T14:55:13.268+00:00,/dev/cu.usbserial-576B0005451,"RX,2034238,R35,TXK,N151,77,155763,C,1,0.81,0.78,5,U,-53,9.50"
RX,2034852,R35,TXC,N31,37,156381,G,0,0.93,0.9,5.0,U,-47.0,10.0,True,,2026-07-07T14:55:13.882+00:00,/dev/cu.usbserial-576B0005451,"RX,2034852,R35,TXC,N31,37,156381,G,0,0.93,0.90,5,U,-47,10.00"
RX,2035099,R35,TXA,N01,154,156626,C,1,0.81,0.78,5.0,F,-43.0,10.0,True,,2026-07-07T14:55:14.128+00:00,/dev/cu.usbserial-576B0005451,"RX,2035099,R35,TXA,N01,154,156626,C,1,0.81,0.78,5,F,-43,10.00"
RX,2035366,R35,TXB,N16,76,156892,A,1,0.75,0.72,5.0,U,-53.0,9.25,True,,2026-07-07T14:55:14.395+00:00,/dev/cu.usbserial-576B0005451,"RX,2035366,R35,TXB,N16,76,156892,A,1,0.75,0.72,5,U,-53,9.25"
RX,2035847,R35,TXE,N61,74,157379,E,1,0.87,0.84,5.0,U,-47.0,9.75,True,,2026-07-07T14:55:14.877+00:00,/dev/cu.usbserial-576B0005451,"RX,2035847,R35,TXE,N61,74,157379,E,1,0.87,0.84,5,U,-47,9.75"
RX,2035955,R35,TXI,N121,37,157480,G,0,0.93,0.9,5.0,U,-48.0,9.5,True,,2026-07-07T14:55:14.985+00:00,/dev/cu.usbserial-576B0005451,"RX,2035955,R35,TXI,N121,37,157480,G,0,0.93,0.90,5,U,-48,9.50"
RX,2036099,R35,TXA,N01,155,157626,D,1,0.24,0.22,5.0,F,-44.0,9.25,True,,2026-07-07T14:55:15.129+00:00,/dev/cu.usbserial-576B0005451,"RX,2036099,R35,TXA,N01,155,157626,D,1,0.24,0.22,5,F,-44,9.25"
RX,2036238,R35,TXK,N151,78,157763,E,0,0.87,0.84,5.0,U,-53.0,9.75,True,,2026-07-07T14:55:15.268+00:00,/dev/cu.usbserial-576B0005451,"RX,2036238,R35,TXK,N151,78,157763,E,0,0.87,0.84,5,U,-53,9.75"
RX,2037099,R35,TXA,N01,156,158626,E,0,0.87,0.84,5.0,F,-43.0,9.5,True,,2026-07-07T14:55:16.128+00:00,/dev/cu.usbserial-576B0005451,"RX,2037099,R35,TXA,N01,156,158626,E,0,0.87,0.84,5,F,-43,9.50"
RX,2037366,R35,TXB,N16,77,158892,C,1,0.81,0.78,5.0,U,-54.0,9.5,True,,2026-07-07T14:55:16.395+00:00,/dev/cu.usbserial-576B0005451,"RX,2037366,R35,TXB,N16,77,158892,C,1,0.81,0.78,5,U,-54,9.50"
RX,2037847,R35,TXE,N61,75,159379,G,0,0.93,0.9,5.0,U,-47.0,9.75,True,,2026-07-07T14:55:16.877+00:00,/dev/cu.usbserial-576B0005451,"RX,2037847,R35,TXE,N61,75,159379,G,0,0.93,0.90,5,U,-47,9.75"
RX,2038099,R35,TXA,N01,157,159626,F,1,0.28,0.26,5.0,F,-43.0,10.0,True,,2026-07-07T14:55:17.129+00:00,/dev/cu.usbserial-576B0005451,"RX,2038099,R35,TXA,N01,157,159626,F,1,0.28,0.26,5,F,-43,10.00"
RX,2038390,R35,TXL,N166,11,159916,G,1,0.93,0.9,5.0,U,-47.0,9.75,True,,2026-07-07T14:55:17.420+00:00,/dev/cu.usbserial-576B0005451,"RX,2038390,R35,TXL,N166,11,159916,G,1,0.93,0.90,5,U,-47,9.75"
RX,2038598,R35,TXF,N76,38,160131,E,0,0.87,0.84,5.0,U,-48.0,9.75,True,,2026-07-07T14:55:17.628+00:00,/dev/cu.usbserial-576B0005451,"RX,2038598,R35,TXF,N76,38,160131,E,0,0.87,0.84,5,U,-48,9.75"
RX,2038902,R35,TXD,N46,19,160430,G,1,0.93,0.9,5.0,U,-44.0,9.5,True,,2026-07-07T14:55:17.932+00:00,/dev/cu.usbserial-576B0005451,"RX,2038902,R35,TXD,N46,19,160430,G,1,0.93,0.90,5,U,-44,9.50"
RX,2039099,R35,TXA,N01,158,160626,G,1,0.93,0.9,5.0,F,-43.0,9.25,True,,2026-07-07T14:55:18.129+00:00,/dev/cu.usbserial-576B0005451,"RX,2039099,R35,TXA,N01,158,160626,G,1,0.93,0.90,5,F,-43,9.25"
RX,2039366,R35,TXB,N16,78,160892,E,0,0.87,0.84,5.0,U,-53.0,9.5,True,,2026-07-07T14:55:18.395+00:00,/dev/cu.usbserial-576B0005451,"RX,2039366,R35,TXB,N16,78,160892,E,0,0.87,0.84,5,U,-53,9.50"
RX,2039548,R35,TXG,N91,18,161080,G,0,0.93,0.9,5.0,U,-51.0,9.25,True,,2026-07-07T14:55:18.578+00:00,/dev/cu.usbserial-576B0005451,"RX,2039548,R35,TXG,N91,18,161080,G,0,0.93,0.90,5,U,-51,9.25"
RX,2039847,R35,TXE,N61,76,161379,A,1,0.75,0.72,5.0,U,-47.0,9.25,True,,2026-07-07T14:55:18.877+00:00,/dev/cu.usbserial-576B0005451,"RX,2039847,R35,TXE,N61,76,161379,A,1,0.75,0.72,5,U,-47,9.25"
RX,2040099,R35,TXA,N01,159,161626,H,0,0.32,0.3,5.0,F,-44.0,9.75,True,,2026-07-07T14:55:19.129+00:00,/dev/cu.usbserial-576B0005451,"RX,2040099,R35,TXA,N01,159,161626,H,0,0.32,0.30,5,F,-44,9.75"
RX,2040238,R35,TXK,N151,80,161763,A,1,0.75,0.72,5.0,U,-53.0,9.75,True,,2026-07-07T14:55:19.268+00:00,/dev/cu.usbserial-576B0005451,"RX,2040238,R35,TXK,N151,80,161763,A,1,0.75,0.72,5,U,-53,9.75"
RX,2040598,R35,TXF,N76,39,162131,G,1,0.93,0.9,5.0,U,-47.0,9.5,True,,2026-07-07T14:55:19.628+00:00,/dev/cu.usbserial-576B0005451,"RX,2040598,R35,TXF,N76,39,162131,G,1,0.93,0.90,5,U,-47,9.50"
RX,2040755,R35,TXJ,N136,18,162280,G,0,0.93,0.9,5.0,U,-58.0,9.5,True,,2026-07-07T14:55:19.784+00:00,/dev/cu.usbserial-576B0005451,"RX,2040755,R35,TXJ,N136,18,162280,G,0,0.93,0.90,5,U,-58,9.50"
RX,2040852,R35,TXC,N31,38,162381,E,0,0.87,0.84,5.0,U,-48.0,9.5,True,,2026-07-07T14:55:19.882+00:00,/dev/cu.usbserial-576B0005451,"RX,2040852,R35,TXC,N31,38,162381,E,0,0.87,0.84,5,U,-48,9.50"
RX,2041099,R35,TXA,N01,160,162626,A,1,0.75,0.72,5.0,F,-43.0,9.75,True,,2026-07-07T14:55:20.128+00:00,/dev/cu.usbserial-576B0005451,"RX,2041099,R35,TXA,N01,160,162626,A,1,0.75,0.72,5,F,-43,9.75"
RX,2041366,R35,TXB,N16,79,162892,G,1,0.93,0.9,5.0,U,-54.0,9.25,True,,2026-07-07T14:55:20.395+00:00,/dev/cu.usbserial-576B0005451,"RX,2041366,R35,TXB,N16,79,162892,G,1,0.93,0.90,5,U,-54,9.25"
RX,2041847,R35,TXE,N61,77,163379,C,1,0.81,0.78,5.0,U,-47.0,9.75,True,,2026-07-07T14:55:20.877+00:00,/dev/cu.usbserial-576B0005451,"RX,2041847,R35,TXE,N61,77,163379,C,1,0.81,0.78,5,U,-47,9.75"
RX,2041955,R35,TXI,N121,38,163480,E,0,0.87,0.84,5.0,U,-48.0,9.25,True,,2026-07-07T14:55:20.984+00:00,/dev/cu.usbserial-576B0005451,"RX,2041955,R35,TXI,N121,38,163480,E,0,0.87,0.84,5,U,-48,9.25"
RX,2042099,R35,TXA,N01,161,163626,B,1,0.2,0.18,5.0,F,-44.0,9.75,True,,2026-07-07T14:55:21.128+00:00,/dev/cu.usbserial-576B0005451,"RX,2042099,R35,TXA,N01,161,163626,B,1,0.20,0.18,5,F,-44,9.75"
RX,2042238,R35,TXK,N151,81,163763,C,0,0.81,0.78,5.0,U,-53.0,9.0,True,,2026-07-07T14:55:21.267+00:00,/dev/cu.usbserial-576B0005451,"RX,2042238,R35,TXK,N151,81,163763,C,0,0.81,0.78,5,U,-53,9.00"
RX,2042852,R35,TXC,N31,39,164381,G,1,0.93,0.9,5.0,U,-47.0,9.5,True,,2026-07-07T14:55:21.882+00:00,/dev/cu.usbserial-576B0005451,"RX,2042852,R35,TXC,N31,39,164381,G,1,0.93,0.90,5,U,-47,9.50"
RX,2043099,R35,TXA,N01,162,164626,C,0,0.81,0.78,5.0,F,-43.0,9.75,True,,2026-07-07T14:55:22.128+00:00,/dev/cu.usbserial-576B0005451,"RX,2043099,R35,TXA,N01,162,164626,C,0,0.81,0.78,5,F,-43,9.75"
RX,2043366,R35,TXB,N16,80,164892,A,1,0.75,0.72,5.0,U,-53.0,10.0,True,,2026-07-07T14:55:22.395+00:00,/dev/cu.usbserial-576B0005451,"RX,2043366,R35,TXB,N16,80,164892,A,1,0.75,0.72,5,U,-53,10.00"
RX,2043847,R35,TXE,N61,78,165379,E,0,0.87,0.84,5.0,U,-47.0,9.75,True,,2026-07-07T14:55:22.877+00:00,/dev/cu.usbserial-576B0005451,"RX,2043847,R35,TXE,N61,78,165379,E,0,0.87,0.84,5,U,-47,9.75"
RX,2043955,R35,TXI,N121,39,165480,G,1,0.93,0.9,5.0,U,-48.0,9.5,True,,2026-07-07T14:55:22.984+00:00,/dev/cu.usbserial-576B0005451,"RX,2043955,R35,TXI,N121,39,165480,G,1,0.93,0.90,5,U,-48,9.50"
RX,2044099,R35,TXA,N01,163,165626,D,1,0.24,0.22,5.0,F,-44.0,9.5,True,,2026-07-07T14:55:23.129+00:00,/dev/cu.usbserial-576B0005451,"RX,2044099,R35,TXA,N01,163,165626,D,1,0.24,0.22,5,F,-44,9.50"
RX,2044238,R35,TXK,N151,82,165763,E,1,0.87,0.84,5.0,U,-53.0,9.75,True,,2026-07-07T14:55:23.267+00:00,/dev/cu.usbserial-576B0005451,"RX,2044238,R35,TXK,N151,82,165763,E,1,0.87,0.84,5,U,-53,9.75"
RX,2045099,R35,TXA,N01,164,166626,E,1,0.87,0.84,5.0,F,-43.0,9.75,True,,2026-07-07T14:55:24.129+00:00,/dev/cu.usbserial-576B0005451,"RX,2045099,R35,TXA,N01,164,166626,E,1,0.87,0.84,5,F,-43,9.75"
RX,2045366,R35,TXB,N16,81,166892,C,0,0.81,0.78,5.0,U,-54.0,9.75,True,,2026-07-07T14:55:24.395+00:00,/dev/cu.usbserial-576B0005451,"RX,2045366,R35,TXB,N16,81,166892,C,0,0.81,0.78,5,U,-54,9.75"
RX,2045847,R35,TXE,N61,79,167379,G,1,0.93,0.9,5.0,U,-48.0,9.5,True,,2026-07-07T14:55:24.877+00:00,/dev/cu.usbserial-576B0005451,"RX,2045847,R35,TXE,N61,79,167379,G,1,0.93,0.90,5,U,-48,9.50"
RX,2046099,R35,TXA,N01,165,167626,F,0,0.28,0.26,5.0,F,-44.0,9.5,True,,2026-07-07T14:55:25.129+00:00,/dev/cu.usbserial-576B0005451,"RX,2046099,R35,TXA,N01,165,167626,F,0,0.28,0.26,5,F,-44,9.50"
RX,2046238,R35,TXK,N151,83,167763,G,1,0.93,0.9,5.0,U,-53.0,9.5,True,,2026-07-07T14:55:25.267+00:00,/dev/cu.usbserial-576B0005451,"RX,2046238,R35,TXK,N151,83,167763,G,1,0.93,0.90,5,U,-53,9.50"
RX,2046599,R35,TXF,N76,40,168131,E,1,0.87,0.84,5.0,U,-47.0,9.75,True,,2026-07-07T14:55:25.628+00:00,/dev/cu.usbserial-576B0005451,"RX,2046599,R35,TXF,N76,40,168131,E,1,0.87,0.84,5,U,-47,9.75"
RX,2046902,R35,TXD,N46,20,168430,G,1,0.93,0.9,5.0,U,-45.0,9.75,True,,2026-07-07T14:55:25.932+00:00,/dev/cu.usbserial-576B0005451,"RX,2046902,R35,TXD,N46,20,168430,G,1,0.93,0.90,5,U,-45,9.75"
RX,2047099,R35,TXA,N01,166,168626,G,1,0.93,0.9,5.0,F,-43.0,9.75,True,,2026-07-07T14:55:26.129+00:00,/dev/cu.usbserial-576B0005451,"RX,2047099,R35,TXA,N01,166,168626,G,1,0.93,0.90,5,F,-43,9.75"
RX,2047366,R35,TXB,N16,82,168892,E,1,0.87,0.84,5.0,U,-54.0,9.5,True,,2026-07-07T14:55:26.395+00:00,/dev/cu.usbserial-576B0005451,"RX,2047366,R35,TXB,N16,82,168892,E,1,0.87,0.84,5,U,-54,9.50"
RX,2047548,R35,TXG,N91,19,169080,G,1,0.93,0.9,5.0,U,-51.0,9.25,True,,2026-07-07T14:55:26.578+00:00,/dev/cu.usbserial-576B0005451,"RX,2047548,R35,TXG,N91,19,169080,G,1,0.93,0.90,5,U,-51,9.25"
RX,2047847,R35,TXE,N61,80,169379,A,1,0.75,0.72,5.0,U,-47.0,9.25,True,,2026-07-07T14:55:26.877+00:00,/dev/cu.usbserial-576B0005451,"RX,2047847,R35,TXE,N61,80,169379,A,1,0.75,0.72,5,U,-47,9.25"
RX,2048099,R35,TXA,N01,167,169626,H,1,0.32,0.3,5.0,F,-45.0,9.75,True,,2026-07-07T14:55:27.128+00:00,/dev/cu.usbserial-576B0005451,"RX,2048099,R35,TXA,N01,167,169626,H,1,0.32,0.30,5,F,-45,9.75"
RX,2048238,R35,TXK,N151,84,169763,A,0,0.75,0.72,5.0,U,-52.0,9.75,True,,2026-07-07T14:55:27.267+00:00,/dev/cu.usbserial-576B0005451,"RX,2048238,R35,TXK,N151,84,169763,A,0,0.75,0.72,5,U,-52,9.75"
RX,2048599,R35,TXF,N76,41,170131,G,1,0.93,0.9,5.0,U,-47.0,9.75,True,,2026-07-07T14:55:27.628+00:00,/dev/cu.usbserial-576B0005451,"RX,2048599,R35,TXF,N76,41,170131,G,1,0.93,0.90,5,U,-47,9.75"
RX,2048755,R35,TXJ,N136,19,170280,G,1,0.93,0.9,5.0,U,-56.0,10.0,True,,2026-07-07T14:55:27.785+00:00,/dev/cu.usbserial-576B0005451,"RX,2048755,R35,TXJ,N136,19,170280,G,1,0.93,0.90,5,U,-56,10.00"
RX,2048852,R35,TXC,N31,40,170381,E,1,0.87,0.84,5.0,U,-47.0,10.25,True,,2026-07-07T14:55:27.882+00:00,/dev/cu.usbserial-576B0005451,"RX,2048852,R35,TXC,N31,40,170381,E,1,0.87,0.84,5,U,-47,10.25"
RX,2049099,R35,TXA,N01,168,170626,A,0,0.75,0.72,5.0,F,-44.0,9.0,True,,2026-07-07T14:55:28.129+00:00,/dev/cu.usbserial-576B0005451,"RX,2049099,R35,TXA,N01,168,170626,A,0,0.75,0.72,5,F,-44,9.00"
RX,2049366,R35,TXB,N16,83,170892,G,1,0.93,0.9,5.0,U,-54.0,9.25,True,,2026-07-07T14:55:28.395+00:00,/dev/cu.usbserial-576B0005451,"RX,2049366,R35,TXB,N16,83,170892,G,1,0.93,0.90,5,U,-54,9.25"
RX,2049847,R35,TXE,N61,81,171379,C,0,0.81,0.78,5.0,U,-48.0,9.5,True,,2026-07-07T14:55:28.877+00:00,/dev/cu.usbserial-576B0005451,"RX,2049847,R35,TXE,N61,81,171379,C,0,0.81,0.78,5,U,-48,9.50"
RX,2049954,R35,TXI,N121,40,171480,E,1,0.87,0.84,5.0,U,-47.0,10.0,True,,2026-07-07T14:55:28.984+00:00,/dev/cu.usbserial-576B0005451,"RX,2049954,R35,TXI,N121,40,171480,E,1,0.87,0.84,5,U,-47,10.00"
RX,2050099,R35,TXA,N01,169,171626,B,1,0.2,0.18,5.0,F,-43.0,9.5,True,,2026-07-07T14:55:29.129+00:00,/dev/cu.usbserial-576B0005451,"RX,2050099,R35,TXA,N01,169,171626,B,1,0.20,0.18,5,F,-43,9.50"
RX,2050238,R35,TXK,N151,85,171763,C,1,0.81,0.78,5.0,U,-52.0,9.75,True,,2026-07-07T14:55:29.267+00:00,/dev/cu.usbserial-576B0005451,"RX,2050238,R35,TXK,N151,85,171763,C,1,0.81,0.78,5,U,-52,9.75"
RX,2050852,R35,TXC,N31,41,172381,G,1,0.93,0.9,5.0,U,-47.0,9.5,True,,2026-07-07T14:55:29.881+00:00,/dev/cu.usbserial-576B0005451,"RX,2050852,R35,TXC,N31,41,172381,G,1,0.93,0.90,5,U,-47,9.50"
RX,2051099,R35,TXA,N01,170,172626,C,1,0.81,0.78,5.0,F,-43.0,9.0,True,,2026-07-07T14:55:30.128+00:00,/dev/cu.usbserial-576B0005451,"RX,2051099,R35,TXA,N01,170,172626,C,1,0.81,0.78,5,F,-43,9.00"
RX,2051366,R35,TXB,N16,84,172892,A,0,0.75,0.72,5.0,U,-53.0,9.75,True,,2026-07-07T14:55:30.395+00:00,/dev/cu.usbserial-576B0005451,"RX,2051366,R35,TXB,N16,84,172892,A,0,0.75,0.72,5,U,-53,9.75"
RX,2051847,R35,TXE,N61,82,173379,E,1,0.87,0.84,5.0,U,-47.0,10.0,True,,2026-07-07T14:55:30.877+00:00,/dev/cu.usbserial-576B0005451,"RX,2051847,R35,TXE,N61,82,173379,E,1,0.87,0.84,5,U,-47,10.00"
RX,2051955,R35,TXI,N121,41,173480,G,1,0.93,0.9,5.0,U,-47.0,9.75,True,,2026-07-07T14:55:30.984+00:00,/dev/cu.usbserial-576B0005451,"RX,2051955,R35,TXI,N121,41,173480,G,1,0.93,0.90,5,U,-47,9.75"
RX,2052099,R35,TXA,N01,171,173626,D,0,0.24,0.22,5.0,F,-43.0,9.5,True,,2026-07-07T14:55:31.129+00:00,/dev/cu.usbserial-576B0005451,"RX,2052099,R35,TXA,N01,171,173626,D,0,0.24,0.22,5,F,-43,9.50"
RX,2052237,R35,TXK,N151,86,173763,E,1,0.87,0.84,5.0,U,-51.0,10.0,True,,2026-07-07T14:55:31.267+00:00,/dev/cu.usbserial-576B0005451,"RX,2052237,R35,TXK,N151,86,173763,E,1,0.87,0.84,5,U,-51,10.00"
RX,2053099,R35,TXA,N01,172,174626,E,1,0.87,0.84,5.0,F,-43.0,9.5,True,,2026-07-07T14:55:32.128+00:00,/dev/cu.usbserial-576B0005451,"RX,2053099,R35,TXA,N01,172,174626,E,1,0.87,0.84,5,F,-43,9.50"
RX,2053366,R35,TXB,N16,85,174892,C,1,0.81,0.78,5.0,U,-53.0,9.25,True,,2026-07-07T14:55:32.395+00:00,/dev/cu.usbserial-576B0005451,"RX,2053366,R35,TXB,N16,85,174892,C,1,0.81,0.78,5,U,-53,9.25"
RX,2053847,R35,TXE,N61,83,175379,G,1,0.93,0.9,5.0,U,-48.0,10.25,True,,2026-07-07T14:55:32.877+00:00,/dev/cu.usbserial-576B0005451,"RX,2053847,R35,TXE,N61,83,175379,G,1,0.93,0.90,5,U,-48,10.25"
RX,2054099,R35,TXA,N01,173,175626,F,1,0.28,0.26,5.0,F,-43.0,9.75,True,,2026-07-07T14:55:33.128+00:00,/dev/cu.usbserial-576B0005451,"RX,2054099,R35,TXA,N01,173,175626,F,1,0.28,0.26,5,F,-43,9.75"
RX,2054238,R35,TXK,N151,87,175763,G,0,0.93,0.9,5.0,U,-52.0,9.5,True,,2026-07-07T14:55:33.267+00:00,/dev/cu.usbserial-576B0005451,"RX,2054238,R35,TXK,N151,87,175763,G,0,0.93,0.90,5,U,-52,9.50"
RX,2054599,R35,TXF,N76,42,176131,E,1,0.87,0.84,5.0,U,-47.0,9.75,True,,2026-07-07T14:55:33.628+00:00,/dev/cu.usbserial-576B0005451,"RX,2054599,R35,TXF,N76,42,176131,E,1,0.87,0.84,5,U,-47,9.75"
RX,2054902,R35,TXD,N46,21,176430,G,0,0.93,0.9,5.0,U,-43.0,9.75,True,,2026-07-07T14:55:33.932+00:00,/dev/cu.usbserial-576B0005451,"RX,2054902,R35,TXD,N46,21,176430,G,0,0.93,0.90,5,U,-43,9.75"
RX,2055099,R35,TXA,N01,174,176626,G,0,0.93,0.9,5.0,F,-44.0,9.25,True,,2026-07-07T14:55:34.128+00:00,/dev/cu.usbserial-576B0005451,"RX,2055099,R35,TXA,N01,174,176626,G,0,0.93,0.90,5,F,-44,9.25"
RX,2055366,R35,TXB,N16,86,176892,E,1,0.87,0.84,5.0,U,-53.0,9.25,True,,2026-07-07T14:55:34.395+00:00,/dev/cu.usbserial-576B0005451,"RX,2055366,R35,TXB,N16,86,176892,E,1,0.87,0.84,5,U,-53,9.25"
RX,2055548,R35,TXG,N91,20,177080,G,1,0.93,0.9,5.0,U,-52.0,9.75,True,,2026-07-07T14:55:34.577+00:00,/dev/cu.usbserial-576B0005451,"RX,2055548,R35,TXG,N91,20,177080,G,1,0.93,0.90,5,U,-52,9.75"
RX,2055847,R35,TXE,N61,84,177379,A,0,0.75,0.72,5.0,U,-47.0,9.75,True,,2026-07-07T14:55:34.876+00:00,/dev/cu.usbserial-576B0005451,"RX,2055847,R35,TXE,N61,84,177379,A,0,0.75,0.72,5,U,-47,9.75"
RX,2056099,R35,TXA,N01,175,177626,H,1,0.32,0.3,5.0,F,-43.0,10.0,True,,2026-07-07T14:55:35.129+00:00,/dev/cu.usbserial-576B0005451,"RX,2056099,R35,TXA,N01,175,177626,H,1,0.32,0.30,5,F,-43,10.00"
RX,2056238,R35,TXK,N151,88,177763,A,1,0.75,0.72,5.0,U,-52.0,9.75,True,,2026-07-07T14:55:35.267+00:00,/dev/cu.usbserial-576B0005451,"RX,2056238,R35,TXK,N151,88,177763,A,1,0.75,0.72,5,U,-52,9.75"
RX,2056755,R35,TXJ,N136,20,178280,G,1,0.93,0.9,5.0,U,-57.0,10.0,True,,2026-07-07T14:55:35.784+00:00,/dev/cu.usbserial-576B0005451,"RX,2056755,R35,TXJ,N136,20,178280,G,1,0.93,0.90,5,U,-57,10.00"
RX,2057099,R35,TXA,N01,176,178626,A,1,0.75,0.72,5.0,F,-43.0,9.75,True,,2026-07-07T14:55:36.128+00:00,/dev/cu.usbserial-576B0005451,"RX,2057099,R35,TXA,N01,176,178626,A,1,0.75,0.72,5,F,-43,9.75"
RX,2057366,R35,TXB,N16,87,178892,G,0,0.93,0.9,5.0,U,-54.0,9.5,True,,2026-07-07T14:55:36.395+00:00,/dev/cu.usbserial-576B0005451,"RX,2057366,R35,TXB,N16,87,178892,G,0,0.93,0.90,5,U,-54,9.50"
RX,2057847,R35,TXE,N61,85,179379,C,1,0.81,0.78,5.0,U,-46.0,9.75,True,,2026-07-07T14:55:36.877+00:00,/dev/cu.usbserial-576B0005451,"RX,2057847,R35,TXE,N61,85,179379,C,1,0.81,0.78,5,U,-46,9.75"
RX,2057955,R35,TXI,N121,42,179480,E,1,0.87,0.84,5.0,U,-47.0,9.75,True,,2026-07-07T14:55:36.984+00:00,/dev/cu.usbserial-576B0005451,"RX,2057955,R35,TXI,N121,42,179480,E,1,0.87,0.84,5,U,-47,9.75"
RX,2058099,R35,TXA,N01,177,179626,B,0,0.2,0.18,5.0,F,-43.0,9.5,True,,2026-07-07T14:55:37.128+00:00,/dev/cu.usbserial-576B0005451,"RX,2058099,R35,TXA,N01,177,179626,B,0,0.20,0.18,5,F,-43,9.50"
RX,2058238,R35,TXK,N151,89,179763,C,1,0.81,0.78,5.0,U,-53.0,9.75,True,,2026-07-07T14:55:37.267+00:00,/dev/cu.usbserial-576B0005451,"RX,2058238,R35,TXK,N151,89,179763,C,1,0.81,0.78,5,U,-53,9.75"
RX,2058852,R35,TXC,N31,43,180381,G,0,0.93,0.9,5.0,U,-48.0,9.5,True,,2026-07-07T14:55:37.882+00:00,/dev/cu.usbserial-576B0005451,"RX,2058852,R35,TXC,N31,43,180381,G,0,0.93,0.90,5,U,-48,9.50"
RX,2059099,R35,TXA,N01,178,180626,C,1,0.81,0.78,5.0,F,-44.0,9.5,True,,2026-07-07T14:55:38.128+00:00,/dev/cu.usbserial-576B0005451,"RX,2059099,R35,TXA,N01,178,180626,C,1,0.81,0.78,5,F,-44,9.50"
RX,2059366,R35,TXB,N16,88,180892,A,1,0.75,0.72,5.0,U,-54.0,9.25,True,,2026-07-07T14:55:38.395+00:00,/dev/cu.usbserial-576B0005451,"RX,2059366,R35,TXB,N16,88,180892,A,1,0.75,0.72,5,U,-54,9.25"
RX,2059847,R35,TXE,N61,86,181379,E,1,0.87,0.84,5.0,U,-47.0,10.0,True,,2026-07-07T14:55:38.877+00:00,/dev/cu.usbserial-576B0005451,"RX,2059847,R35,TXE,N61,86,181379,E,1,0.87,0.84,5,U,-47,10.00"
RX,2059954,R35,TXI,N121,43,181480,G,0,0.93,0.9,5.0,U,-47.0,9.75,True,,2026-07-07T14:55:38.984+00:00,/dev/cu.usbserial-576B0005451,"RX,2059954,R35,TXI,N121,43,181480,G,0,0.93,0.90,5,U,-47,9.75"
RX,2060099,R35,TXA,N01,179,181626,D,1,0.24,0.22,5.0,F,-43.0,9.75,True,,2026-07-07T14:55:39.128+00:00,/dev/cu.usbserial-576B0005451,"RX,2060099,R35,TXA,N01,179,181626,D,1,0.24,0.22,5,F,-43,9.75"
RX,2060238,R35,TXK,N151,90,181763,E,0,0.87,0.84,5.0,U,-53.0,9.75,True,,2026-07-07T14:55:39.267+00:00,/dev/cu.usbserial-576B0005451,"RX,2060238,R35,TXK,N151,90,181763,E,0,0.87,0.84,5,U,-53,9.75"
RX,2061099,R35,TXA,N01,180,182626,E,0,0.87,0.84,5.0,F,-44.0,9.5,True,,2026-07-07T14:55:40.128+00:00,/dev/cu.usbserial-576B0005451,"RX,2061099,R35,TXA,N01,180,182626,E,0,0.87,0.84,5,F,-44,9.50"
RX,2061366,R35,TXB,N16,89,182892,C,1,0.81,0.78,5.0,U,-54.0,9.25,True,,2026-07-07T14:55:40.395+00:00,/dev/cu.usbserial-576B0005451,"RX,2061366,R35,TXB,N16,89,182892,C,1,0.81,0.78,5,U,-54,9.25"
RX,2061847,R35,TXE,N61,87,183379,G,0,0.93,0.9,5.0,U,-48.0,10.0,True,,2026-07-07T14:55:40.877+00:00,/dev/cu.usbserial-576B0005451,"RX,2061847,R35,TXE,N61,87,183379,G,0,0.93,0.90,5,U,-48,10.00"
RX,2062099,R35,TXA,N01,181,183626,F,1,0.28,0.26,5.0,F,-44.0,10.0,True,,2026-07-07T14:55:41.128+00:00,/dev/cu.usbserial-576B0005451,"RX,2062099,R35,TXA,N01,181,183626,F,1,0.28,0.26,5,F,-44,10.00"
RX,2062238,R35,TXK,N151,91,183763,G,1,0.93,0.9,5.0,U,-52.0,10.25,True,,2026-07-07T14:55:41.267+00:00,/dev/cu.usbserial-576B0005451,"RX,2062238,R35,TXK,N151,91,183763,G,1,0.93,0.90,5,U,-52,10.25"
RX,2062599,R35,TXF,N76,44,184131,E,0,0.87,0.84,5.0,U,-47.0,9.5,True,,2026-07-07T14:55:41.628+00:00,/dev/cu.usbserial-576B0005451,"RX,2062599,R35,TXF,N76,44,184131,E,0,0.87,0.84,5,U,-47,9.50"
RX,2062902,R35,TXD,N46,22,184430,G,1,0.93,0.9,5.0,U,-43.0,9.5,True,,2026-07-07T14:55:41.932+00:00,/dev/cu.usbserial-576B0005451,"RX,2062902,R35,TXD,N46,22,184430,G,1,0.93,0.90,5,U,-43,9.50"
RX,2063099,R35,TXA,N01,182,184626,G,1,0.93,0.9,5.0,F,-44.0,9.75,True,,2026-07-07T14:55:42.129+00:00,/dev/cu.usbserial-576B0005451,"RX,2063099,R35,TXA,N01,182,184626,G,1,0.93,0.90,5,F,-44,9.75"
RX,2063366,R35,TXB,N16,90,184892,E,0,0.87,0.84,5.0,U,-54.0,9.0,True,,2026-07-07T14:55:42.395+00:00,/dev/cu.usbserial-576B0005451,"RX,2063366,R35,TXB,N16,90,184892,E,0,0.87,0.84,5,U,-54,9.00"
RX,2063548,R35,TXG,N91,21,185080,G,0,0.93,0.9,5.0,U,-52.0,9.75,True,,2026-07-07T14:55:42.578+00:00,/dev/cu.usbserial-576B0005451,"RX,2063548,R35,TXG,N91,21,185080,G,0,0.93,0.90,5,U,-52,9.75"
RX,2063847,R35,TXE,N61,88,185379,A,1,0.75,0.72,5.0,U,-47.0,9.75,True,,2026-07-07T14:55:42.877+00:00,/dev/cu.usbserial-576B0005451,"RX,2063847,R35,TXE,N61,88,185379,A,1,0.75,0.72,5,U,-47,9.75"
RX,2064099,R35,TXA,N01,183,185626,H,0,0.32,0.3,5.0,F,-43.0,10.0,True,,2026-07-07T14:55:43.128+00:00,/dev/cu.usbserial-576B0005451,"RX,2064099,R35,TXA,N01,183,185626,H,0,0.32,0.30,5,F,-43,10.00"
RX,2064238,R35,TXK,N151,92,185763,A,1,0.75,0.72,5.0,U,-52.0,9.75,True,,2026-07-07T14:55:43.267+00:00,/dev/cu.usbserial-576B0005451,"RX,2064238,R35,TXK,N151,92,185763,A,1,0.75,0.72,5,U,-52,9.75"
RX,2064599,R35,TXF,N76,45,186131,G,1,0.93,0.9,5.0,U,-46.0,9.75,True,,2026-07-07T14:55:43.628+00:00,/dev/cu.usbserial-576B0005451,"RX,2064599,R35,TXF,N76,45,186131,G,1,0.93,0.90,5,U,-46,9.75"
RX,2064755,R35,TXJ,N136,21,186280,G,0,0.93,0.9,5.0,U,-53.0,9.5,True,,2026-07-07T14:55:43.784+00:00,/dev/cu.usbserial-576B0005451,"RX,2064755,R35,TXJ,N136,21,186280,G,0,0.93,0.90,5,U,-53,9.50"
RX,2064852,R35,TXC,N31,44,186381,E,0,0.87,0.84,5.0,U,-44.0,10.0,True,,2026-07-07T14:55:43.881+00:00,/dev/cu.usbserial-576B0005451,"RX,2064852,R35,TXC,N31,44,186381,E,0,0.87,0.84,5,U,-44,10.00"
RX,2065099,R35,TXA,N01,184,186626,A,1,0.75,0.72,5.0,F,-42.0,9.75,True,,2026-07-07T14:55:44.128+00:00,/dev/cu.usbserial-576B0005451,"RX,2065099,R35,TXA,N01,184,186626,A,1,0.75,0.72,5,F,-42,9.75"
RX,2065366,R35,TXB,N16,91,186892,G,1,0.93,0.9,5.0,U,-51.0,10.0,True,,2026-07-07T14:55:44.395+00:00,/dev/cu.usbserial-576B0005451,"RX,2065366,R35,TXB,N16,91,186892,G,1,0.93,0.90,5,U,-51,10.00"
RX,2065847,R35,TXE,N61,89,187379,C,1,0.81,0.78,5.0,U,-50.0,9.75,True,,2026-07-07T14:55:44.876+00:00,/dev/cu.usbserial-576B0005451,"RX,2065847,R35,TXE,N61,89,187379,C,1,0.81,0.78,5,U,-50,9.75"
RX,2065955,R35,TXI,N121,44,187480,E,0,0.87,0.84,5.0,U,-54.0,9.75,True,,2026-07-07T14:55:44.984+00:00,/dev/cu.usbserial-576B0005451,"RX,2065955,R35,TXI,N121,44,187480,E,0,0.87,0.84,5,U,-54,9.75"
RX,2066099,R35,TXA,N01,185,187626,B,1,0.2,0.18,5.0,F,-42.0,9.75,True,,2026-07-07T14:55:45.128+00:00,/dev/cu.usbserial-576B0005451,"RX,2066099,R35,TXA,N01,185,187626,B,1,0.20,0.18,5,F,-42,9.75"
RX,2066238,R35,TXK,N151,93,187763,C,0,0.81,0.78,5.0,U,-49.0,9.75,True,,2026-07-07T14:55:45.266+00:00,/dev/cu.usbserial-576B0005451,"RX,2066238,R35,TXK,N151,93,187763,C,0,0.81,0.78,5,U,-49,9.75"
RX,2066852,R35,TXC,N31,45,188381,G,1,0.93,0.9,5.0,U,-45.0,9.75,True,,2026-07-07T14:55:45.881+00:00,/dev/cu.usbserial-576B0005451,"RX,2066852,R35,TXC,N31,45,188381,G,1,0.93,0.90,5,U,-45,9.75"
RX,2067099,R35,TXA,N01,186,188626,C,0,0.81,0.78,5.0,F,-42.0,9.75,True,,2026-07-07T14:55:46.128+00:00,/dev/cu.usbserial-576B0005451,"RX,2067099,R35,TXA,N01,186,188626,C,0,0.81,0.78,5,F,-42,9.75"
RX,2067366,R35,TXB,N16,92,188892,A,1,0.75,0.72,5.0,U,-51.0,9.75,True,,2026-07-07T14:55:46.395+00:00,/dev/cu.usbserial-576B0005451,"RX,2067366,R35,TXB,N16,92,188892,A,1,0.75,0.72,5,U,-51,9.75"
RX,2067847,R35,TXE,N61,90,189379,E,0,0.87,0.84,5.0,U,-50.0,9.5,True,,2026-07-07T14:55:46.876+00:00,/dev/cu.usbserial-576B0005451,"RX,2067847,R35,TXE,N61,90,189379,E,0,0.87,0.84,5,U,-50,9.50"
RX,2067955,R35,TXI,N121,45,189480,G,1,0.93,0.9,5.0,U,-53.0,9.5,True,,2026-07-07T14:55:46.984+00:00,/dev/cu.usbserial-576B0005451,"RX,2067955,R35,TXI,N121,45,189480,G,1,0.93,0.90,5,U,-53,9.50"
RX,2068099,R35,TXA,N01,187,189626,D,1,0.24,0.22,5.0,F,-42.0,9.75,True,,2026-07-07T14:55:47.128+00:00,/dev/cu.usbserial-576B0005451,"RX,2068099,R35,TXA,N01,187,189626,D,1,0.24,0.22,5,F,-42,9.75"
RX,2068238,R35,TXK,N151,94,189763,E,1,0.87,0.84,5.0,U,-50.0,10.75,True,,2026-07-07T14:55:47.267+00:00,/dev/cu.usbserial-576B0005451,"RX,2068238,R35,TXK,N151,94,189763,E,1,0.87,0.84,5,U,-50,10.75"
RX,2069099,R35,TXA,N01,188,190626,E,1,0.87,0.84,5.0,F,-42.0,9.5,True,,2026-07-07T14:55:48.128+00:00,/dev/cu.usbserial-576B0005451,"RX,2069099,R35,TXA,N01,188,190626,E,1,0.87,0.84,5,F,-42,9.50"
RX,2069366,R35,TXB,N16,93,190892,C,0,0.81,0.78,5.0,U,-51.0,10.0,True,,2026-07-07T14:55:48.395+00:00,/dev/cu.usbserial-576B0005451,"RX,2069366,R35,TXB,N16,93,190892,C,0,0.81,0.78,5,U,-51,10.00"
RX,2069847,R35,TXE,N61,91,191379,G,1,0.93,0.9,5.0,U,-49.0,10.0,True,,2026-07-07T14:55:48.877+00:00,/dev/cu.usbserial-576B0005451,"RX,2069847,R35,TXE,N61,91,191379,G,1,0.93,0.90,5,U,-49,10.00"
RX,2070099,R35,TXA,N01,189,191626,F,0,0.28,0.26,5.0,F,-41.0,10.5,True,,2026-07-07T14:55:49.128+00:00,/dev/cu.usbserial-576B0005451,"RX,2070099,R35,TXA,N01,189,191626,F,0,0.28,0.26,5,F,-41,10.50"
RX,2070238,R35,TXK,N151,95,191763,G,1,0.93,0.9,5.0,U,-50.0,9.5,True,,2026-07-07T14:55:49.267+00:00,/dev/cu.usbserial-576B0005451,"RX,2070238,R35,TXK,N151,95,191763,G,1,0.93,0.90,5,U,-50,9.50"
RX,2070599,R35,TXF,N76,46,192131,E,1,0.87,0.84,5.0,U,-45.0,9.5,True,,2026-07-07T14:55:49.628+00:00,/dev/cu.usbserial-576B0005451,"RX,2070599,R35,TXF,N76,46,192131,E,1,0.87,0.84,5,U,-45,9.50"
RX,2070902,R35,TXD,N46,23,192430,G,1,0.93,0.9,5.0,U,-44.0,9.5,True,,2026-07-07T14:55:49.931+00:00,/dev/cu.usbserial-576B0005451,"RX,2070902,R35,TXD,N46,23,192430,G,1,0.93,0.90,5,U,-44,9.50"
RX,2071099,R35,TXA,N01,190,192626,G,1,0.93,0.9,5.0,F,-42.0,9.75,True,,2026-07-07T14:55:50.128+00:00,/dev/cu.usbserial-576B0005451,"RX,2071099,R35,TXA,N01,190,192626,G,1,0.93,0.90,5,F,-42,9.75"
RX,2071366,R35,TXB,N16,94,192892,E,1,0.87,0.84,5.0,U,-51.0,9.25,True,,2026-07-07T14:55:50.395+00:00,/dev/cu.usbserial-576B0005451,"RX,2071366,R35,TXB,N16,94,192892,E,1,0.87,0.84,5,U,-51,9.25"
RX,2071548,R35,TXG,N91,22,193080,G,1,0.93,0.9,5.0,U,-49.0,9.75,True,,2026-07-07T14:55:50.577+00:00,/dev/cu.usbserial-576B0005451,"RX,2071548,R35,TXG,N91,22,193080,G,1,0.93,0.90,5,U,-49,9.75"
RX,2071847,R35,TXE,N61,92,193379,A,1,0.75,0.72,5.0,U,-50.0,9.25,True,,2026-07-07T14:55:50.877+00:00,/dev/cu.usbserial-576B0005451,"RX,2071847,R35,TXE,N61,92,193379,A,1,0.75,0.72,5,U,-50,9.25"
RX,2072099,R35,TXA,N01,191,193626,H,1,0.32,0.3,5.0,F,-42.0,9.75,True,,2026-07-07T14:55:51.128+00:00,/dev/cu.usbserial-576B0005451,"RX,2072099,R35,TXA,N01,191,193626,H,1,0.32,0.30,5,F,-42,9.75"
RX,2072238,R35,TXK,N151,96,193763,A,1,0.75,0.72,5.0,U,-50.0,10.0,True,,2026-07-07T14:55:51.267+00:00,/dev/cu.usbserial-576B0005451,"RX,2072238,R35,TXK,N151,96,193763,A,1,0.75,0.72,5,U,-50,10.00"
RX,2072599,R35,TXF,N76,47,194131,G,1,0.93,0.9,5.0,U,-45.0,9.75,True,,2026-07-07T14:55:51.628+00:00,/dev/cu.usbserial-576B0005451,"RX,2072599,R35,TXF,N76,47,194131,G,1,0.93,0.90,5,U,-45,9.75"
RX,2072755,R35,TXJ,N136,22,194280,G,1,0.93,0.9,5.0,U,-54.0,10.0,True,,2026-07-07T14:55:51.784+00:00,/dev/cu.usbserial-576B0005451,"RX,2072755,R35,TXJ,N136,22,194280,G,1,0.93,0.90,5,U,-54,10.00"
RX,2072852,R35,TXC,N31,46,194381,E,1,0.87,0.84,5.0,U,-44.0,9.5,True,,2026-07-07T14:55:51.881+00:00,/dev/cu.usbserial-576B0005451,"RX,2072852,R35,TXC,N31,46,194381,E,1,0.87,0.84,5,U,-44,9.50"
RX,2073099,R35,TXA,N01,192,194626,A,1,0.75,0.72,5.0,F,-42.0,9.0,True,,2026-07-07T14:55:52.128+00:00,/dev/cu.usbserial-576B0005451,"RX,2073099,R35,TXA,N01,192,194626,A,1,0.75,0.72,5,F,-42,9.00"
RX,2073366,R35,TXB,N16,95,194892,G,1,0.93,0.9,5.0,U,-51.0,10.0,True,,2026-07-07T14:55:52.395+00:00,/dev/cu.usbserial-576B0005451,"RX,2073366,R35,TXB,N16,95,194892,G,1,0.93,0.90,5,U,-51,10.00"
RX,2073847,R35,TXE,N61,93,195379,C,0,0.81,0.78,5.0,U,-49.0,9.5,True,,2026-07-07T14:55:52.877+00:00,/dev/cu.usbserial-576B0005451,"RX,2073847,R35,TXE,N61,93,195379,C,0,0.81,0.78,5,U,-49,9.50"
RX,2073955,R35,TXI,N121,46,195480,E,1,0.87,0.84,5.0,U,-53.0,9.75,True,,2026-07-07T14:55:52.984+00:00,/dev/cu.usbserial-576B0005451,"RX,2073955,R35,TXI,N121,46,195480,E,1,0.87,0.84,5,U,-53,9.75"
RX,2074099,R35,TXA,N01,193,195626,B,0,0.2,0.18,5.0,F,-42.0,9.75,True,,2026-07-07T14:55:53.128+00:00,/dev/cu.usbserial-576B0005451,"RX,2074099,R35,TXA,N01,193,195626,B,0,0.20,0.18,5,F,-42,9.75"
RX,2074237,R35,TXK,N151,97,195763,C,1,0.81,0.78,5.0,U,-51.0,9.25,True,,2026-07-07T14:55:53.267+00:00,/dev/cu.usbserial-576B0005451,"RX,2074237,R35,TXK,N151,97,195763,C,1,0.81,0.78,5,U,-51,9.25"
RX,2074852,R35,TXC,N31,47,196381,G,1,0.93,0.9,5.0,U,-45.0,9.75,True,,2026-07-07T14:55:53.881+00:00,/dev/cu.usbserial-576B0005451,"RX,2074852,R35,TXC,N31,47,196381,G,1,0.93,0.90,5,U,-45,9.75"
RX,2075099,R35,TXA,N01,194,196626,C,1,0.81,0.78,5.0,F,-42.0,9.5,True,,2026-07-07T14:55:54.128+00:00,/dev/cu.usbserial-576B0005451,"RX,2075099,R35,TXA,N01,194,196626,C,1,0.81,0.78,5,F,-42,9.50"
RX,2075366,R35,TXB,N16,96,196892,A,1,0.75,0.72,5.0,U,-50.0,9.5,True,,2026-07-07T14:55:54.395+00:00,/dev/cu.usbserial-576B0005451,"RX,2075366,R35,TXB,N16,96,196892,A,1,0.75,0.72,5,U,-50,9.50"
RX,2075847,R35,TXE,N61,94,197379,E,1,0.87,0.84,5.0,U,-50.0,9.5,True,,2026-07-07T14:55:54.877+00:00,/dev/cu.usbserial-576B0005451,"RX,2075847,R35,TXE,N61,94,197379,E,1,0.87,0.84,5,U,-50,9.50"
RX,2075955,R35,TXI,N121,47,197480,G,1,0.93,0.9,5.0,U,-53.0,10.0,True,,2026-07-07T14:55:54.984+00:00,/dev/cu.usbserial-576B0005451,"RX,2075955,R35,TXI,N121,47,197480,G,1,0.93,0.90,5,U,-53,10.00"
RX,2076099,R35,TXA,N01,195,197626,D,1,0.24,0.22,5.0,F,-42.0,9.75,True,,2026-07-07T14:55:55.128+00:00,/dev/cu.usbserial-576B0005451,"RX,2076099,R35,TXA,N01,195,197626,D,1,0.24,0.22,5,F,-42,9.75"
RX,2076238,R35,TXK,N151,98,197763,E,0,0.87,0.84,5.0,U,-50.0,11.75,True,,2026-07-07T14:55:55.268+00:00,/dev/cu.usbserial-576B0005451,"RX,2076238,R35,TXK,N151,98,197763,E,0,0.87,0.84,5,U,-50,11.75"
RX,2077099,R35,TXA,N01,196,198626,E,0,0.87,0.84,5.0,F,-42.0,10.0,True,,2026-07-07T14:55:56.128+00:00,/dev/cu.usbserial-576B0005451,"RX,2077099,R35,TXA,N01,196,198626,E,0,0.87,0.84,5,F,-42,10.00"
RX,2077366,R35,TXB,N16,97,198892,C,1,0.81,0.78,5.0,U,-50.0,9.5,True,,2026-07-07T14:55:56.395+00:00,/dev/cu.usbserial-576B0005451,"RX,2077366,R35,TXB,N16,97,198892,C,1,0.81,0.78,5,U,-50,9.50"
RX,2077847,R35,TXE,N61,95,199379,G,1,0.93,0.9,5.0,U,-52.0,9.5,True,,2026-07-07T14:55:56.877+00:00,/dev/cu.usbserial-576B0005451,"RX,2077847,R35,TXE,N61,95,199379,G,1,0.93,0.90,5,U,-52,9.50"
RX,2078099,R35,TXA,N01,197,199626,F,1,0.28,0.26,5.0,F,-42.0,9.75,True,,2026-07-07T14:55:57.128+00:00,/dev/cu.usbserial-576B0005451,"RX,2078099,R35,TXA,N01,197,199626,F,1,0.28,0.26,5,F,-42,9.75"
RX,2078390,R35,TXL,N166,12,199916,G,1,0.93,0.9,5.0,U,-47.0,9.75,True,,2026-07-07T14:55:57.419+00:00,/dev/cu.usbserial-576B0005451,"RX,2078390,R35,TXL,N166,12,199916,G,1,0.93,0.90,5,U,-47,9.75"
RX,2078599,R35,TXF,N76,48,200131,E,0,0.87,0.84,5.0,U,-45.0,9.25,True,,2026-07-07T14:55:57.628+00:00,/dev/cu.usbserial-576B0005451,"RX,2078599,R35,TXF,N76,48,200131,E,0,0.87,0.84,5,U,-45,9.25"
RX,2078902,R35,TXD,N46,24,200430,G,1,0.93,0.9,5.0,U,-44.0,9.75,True,,2026-07-07T14:55:57.932+00:00,/dev/cu.usbserial-576B0005451,"RX,2078902,R35,TXD,N46,24,200430,G,1,0.93,0.90,5,U,-44,9.75"
RX,2079099,R35,TXA,N01,198,200626,G,1,0.93,0.9,5.0,F,-41.0,9.5,True,,2026-07-07T14:55:58.128+00:00,/dev/cu.usbserial-576B0005451,"RX,2079099,R35,TXA,N01,198,200626,G,1,0.93,0.90,5,F,-41,9.50"
RX,2079366,R35,TXB,N16,98,200892,E,0,0.87,0.84,5.0,U,-50.0,9.75,True,,2026-07-07T14:55:58.395+00:00,/dev/cu.usbserial-576B0005451,"RX,2079366,R35,TXB,N16,98,200892,E,0,0.87,0.84,5,U,-50,9.75"
RX,2079548,R35,TXG,N91,23,201080,G,1,0.93,0.9,5.0,U,-49.0,9.5,True,,2026-07-07T14:55:58.577+00:00,/dev/cu.usbserial-576B0005451,"RX,2079548,R35,TXG,N91,23,201080,G,1,0.93,0.90,5,U,-49,9.50"
RX,2079847,R35,TXE,N61,96,201379,A,1,0.75,0.72,5.0,U,-50.0,9.5,True,,2026-07-07T14:55:58.877+00:00,/dev/cu.usbserial-576B0005451,"RX,2079847,R35,TXE,N61,96,201379,A,1,0.75,0.72,5,U,-50,9.50"
RX,2080099,R35,TXA,N01,199,201626,H,0,0.32,0.3,5.0,F,-42.0,9.5,True,,2026-07-07T14:55:59.128+00:00,/dev/cu.usbserial-576B0005451,"RX,2080099,R35,TXA,N01,199,201626,H,0,0.32,0.30,5,F,-42,9.50"
RX,2080243,R35,TXK,N151,100,201763,A,1,0.75,0.72,5.0,U,-51.0,12.25,True,,2026-07-07T14:55:59.272+00:00,/dev/cu.usbserial-576B0005451,"RX,2080243,R35,TXK,N151,100,201763,A,1,0.75,0.72,5,U,-51,12.25"
RX,2080599,R35,TXF,N76,49,202131,G,1,0.93,0.9,5.0,U,-44.0,10.0,True,,2026-07-07T14:55:59.628+00:00,/dev/cu.usbserial-576B0005451,"RX,2080599,R35,TXF,N76,49,202131,G,1,0.93,0.90,5,U,-44,10.00"
RX,2080755,R35,TXJ,N136,23,202280,G,1,0.93,0.9,5.0,U,-61.0,9.25,True,,2026-07-07T14:55:59.784+00:00,/dev/cu.usbserial-576B0005451,"RX,2080755,R35,TXJ,N136,23,202280,G,1,0.93,0.90,5,U,-61,9.25"
RX,2080852,R35,TXC,N31,48,202381,E,0,0.87,0.84,5.0,U,-44.0,9.75,True,,2026-07-07T14:55:59.881+00:00,/dev/cu.usbserial-576B0005451,"RX,2080852,R35,TXC,N31,48,202381,E,0,0.87,0.84,5,U,-44,9.75"
RX,2081099,R35,TXA,N01,200,202626,A,1,0.75,0.72,5.0,F,-41.0,9.75,True,,2026-07-07T14:56:00.128+00:00,/dev/cu.usbserial-576B0005451,"RX,2081099,R35,TXA,N01,200,202626,A,1,0.75,0.72,5,F,-41,9.75"
RX,2081366,R35,TXB,N16,99,202892,G,1,0.93,0.9,5.0,U,-50.0,9.5,True,,2026-07-07T14:56:00.394+00:00,/dev/cu.usbserial-576B0005451,"RX,2081366,R35,TXB,N16,99,202892,G,1,0.93,0.90,5,U,-50,9.50"
RX,2081847,R35,TXE,N61,97,203379,C,1,0.81,0.78,5.0,U,-50.0,9.75,True,,2026-07-07T14:56:00.876+00:00,/dev/cu.usbserial-576B0005451,"RX,2081847,R35,TXE,N61,97,203379,C,1,0.81,0.78,5,U,-50,9.75"
RX,2081954,R35,TXI,N121,48,203480,E,0,0.87,0.84,5.0,U,-53.0,9.25,True,,2026-07-07T14:56:00.984+00:00,/dev/cu.usbserial-576B0005451,"RX,2081954,R35,TXI,N121,48,203480,E,0,0.87,0.84,5,U,-53,9.25"
RX,2082099,R35,TXA,N01,201,203626,B,1,0.2,0.18,5.0,F,-42.0,9.5,True,,2026-07-07T14:56:01.128+00:00,/dev/cu.usbserial-576B0005451,"RX,2082099,R35,TXA,N01,201,203626,B,1,0.20,0.18,5,F,-42,9.50"
RX,2082243,R35,TXK,N151,101,203763,C,0,0.81,0.78,5.0,U,-54.0,12.0,True,,2026-07-07T14:56:01.272+00:00,/dev/cu.usbserial-576B0005451,"RX,2082243,R35,TXK,N151,101,203763,C,0,0.81,0.78,5,U,-54,12.00"
RX,2082852,R35,TXC,N31,49,204381,G,1,0.93,0.9,5.0,U,-43.0,9.5,True,,2026-07-07T14:56:01.881+00:00,/dev/cu.usbserial-576B0005451,"RX,2082852,R35,TXC,N31,49,204381,G,1,0.93,0.90,5,U,-43,9.50"
RX,2083099,R35,TXA,N01,202,204626,C,0,0.81,0.78,5.0,F,-42.0,10.0,True,,2026-07-07T14:56:02.128+00:00,/dev/cu.usbserial-576B0005451,"RX,2083099,R35,TXA,N01,202,204626,C,0,0.81,0.78,5,F,-42,10.00"
RX,2083366,R35,TXB,N16,100,204892,A,1,0.75,0.72,5.0,U,-50.0,9.5,True,,2026-07-07T14:56:02.395+00:00,/dev/cu.usbserial-576B0005451,"RX,2083366,R35,TXB,N16,100,204892,A,1,0.75,0.72,5,U,-50,9.50"
RX,2083847,R35,TXE,N61,98,205379,E,0,0.87,0.84,5.0,U,-49.0,10.0,True,,2026-07-07T14:56:02.876+00:00,/dev/cu.usbserial-576B0005451,"RX,2083847,R35,TXE,N61,98,205379,E,0,0.87,0.84,5,U,-49,10.00"
RX,2083954,R35,TXI,N121,49,205480,G,1,0.93,0.9,5.0,U,-51.0,9.75,True,,2026-07-07T14:56:02.983+00:00,/dev/cu.usbserial-576B0005451,"RX,2083954,R35,TXI,N121,49,205480,G,1,0.93,0.90,5,U,-51,9.75"
RX,2084099,R35,TXA,N01,203,205626,D,1,0.24,0.22,5.0,F,-41.0,10.25,True,,2026-07-07T14:56:03.128+00:00,/dev/cu.usbserial-576B0005451,"RX,2084099,R35,TXA,N01,203,205626,D,1,0.24,0.22,5,F,-41,10.25"
RX,2084243,R35,TXK,N151,102,205763,E,1,0.87,0.84,5.0,U,-54.0,9.25,True,,2026-07-07T14:56:03.272+00:00,/dev/cu.usbserial-576B0005451,"RX,2084243,R35,TXK,N151,102,205763,E,1,0.87,0.84,5,U,-54,9.25"
RX,2085099,R35,TXA,N01,204,206626,E,1,0.87,0.84,5.0,F,-41.0,9.75,True,,2026-07-07T14:56:04.128+00:00,/dev/cu.usbserial-576B0005451,"RX,2085099,R35,TXA,N01,204,206626,E,1,0.87,0.84,5,F,-41,9.75"
RX,2085366,R35,TXB,N16,101,206892,C,0,0.81,0.78,5.0,U,-50.0,9.5,True,,2026-07-07T14:56:04.395+00:00,/dev/cu.usbserial-576B0005451,"RX,2085366,R35,TXB,N16,101,206892,C,0,0.81,0.78,5,U,-50,9.50"
RX,2085847,R35,TXE,N61,99,207379,G,1,0.93,0.9,5.0,U,-52.0,9.25,True,,2026-07-07T14:56:04.876+00:00,/dev/cu.usbserial-576B0005451,"RX,2085847,R35,TXE,N61,99,207379,G,1,0.93,0.90,5,U,-52,9.25"
RX,2086099,R35,TXA,N01,205,207626,F,0,0.28,0.26,5.0,F,-42.0,9.25,True,,2026-07-07T14:56:05.128+00:00,/dev/cu.usbserial-576B0005451,"RX,2086099,R35,TXA,N01,205,207626,F,0,0.28,0.26,5,F,-42,9.25"
RX,2086210,R35,TXH,N106,13,207742,G,1,0.93,0.9,5.0,U,-43.0,0.75,True,,2026-07-07T14:56:05.239+00:00,/dev/cu.usbserial-576B0005451,"RX,2086210,R35,TXH,N106,13,207742,G,1,0.93,0.90,5,U,-43,0.75"
RX,2086390,R35,TXL,N166,13,207916,G,1,0.93,0.9,5.0,U,-48.0,9.5,True,,2026-07-07T14:56:05.419+00:00,/dev/cu.usbserial-576B0005451,"RX,2086390,R35,TXL,N166,13,207916,G,1,0.93,0.90,5,U,-48,9.50"
RX,2086598,R35,TXF,N76,50,208131,E,1,0.87,0.84,5.0,U,-46.0,9.25,True,,2026-07-07T14:56:05.627+00:00,/dev/cu.usbserial-576B0005451,"RX,2086598,R35,TXF,N76,50,208131,E,1,0.87,0.84,5,U,-46,9.25"
RX,2086902,R35,TXD,N46,25,208430,G,1,0.93,0.9,5.0,U,-45.0,9.75,True,,2026-07-07T14:56:05.931+00:00,/dev/cu.usbserial-576B0005451,"RX,2086902,R35,TXD,N46,25,208430,G,1,0.93,0.90,5,U,-45,9.75"
RX,2087099,R35,TXA,N01,206,208626,G,1,0.93,0.9,5.0,F,-41.0,10.0,True,,2026-07-07T14:56:06.128+00:00,/dev/cu.usbserial-576B0005451,"RX,2087099,R35,TXA,N01,206,208626,G,1,0.93,0.90,5,F,-41,10.00"
RX,2087366,R35,TXB,N16,102,208892,E,1,0.87,0.84,5.0,U,-50.0,9.75,True,,2026-07-07T14:56:06.395+00:00,/dev/cu.usbserial-576B0005451,"RX,2087366,R35,TXB,N16,102,208892,E,1,0.87,0.84,5,U,-50,9.75"
RX,2087548,R35,TXG,N91,24,209080,G,1,0.93,0.9,5.0,U,-48.0,9.5,True,,2026-07-07T14:56:06.577+00:00,/dev/cu.usbserial-576B0005451,"RX,2087548,R35,TXG,N91,24,209080,G,1,0.93,0.90,5,U,-48,9.50"
RX,2087848,R35,TXE,N61,100,209379,A,1,0.75,0.72,5.0,U,-52.0,9.75,True,,2026-07-07T14:56:06.877+00:00,/dev/cu.usbserial-576B0005451,"RX,2087848,R35,TXE,N61,100,209379,A,1,0.75,0.72,5,U,-52,9.75"
RX,2088099,R35,TXA,N01,207,209626,H,1,0.32,0.3,5.0,F,-41.0,10.0,True,,2026-07-07T14:56:07.128+00:00,/dev/cu.usbserial-576B0005451,"RX,2088099,R35,TXA,N01,207,209626,H,1,0.32,0.30,5,F,-41,10.00"
RX,2088243,R35,TXK,N151,104,209763,A,0,0.75,0.72,5.0,U,-52.0,10.5,True,,2026-07-07T14:56:07.272+00:00,/dev/cu.usbserial-576B0005451,"RX,2088243,R35,TXK,N151,104,209763,A,0,0.75,0.72,5,U,-52,10.50"
RX,2088599,R35,TXF,N76,51,210131,G,1,0.93,0.9,5.0,U,-46.0,9.75,True,,2026-07-07T14:56:07.628+00:00,/dev/cu.usbserial-576B0005451,"RX,2088599,R35,TXF,N76,51,210131,G,1,0.93,0.90,5,U,-46,9.75"
RX,2088755,R35,TXJ,N136,24,210280,G,1,0.93,0.9,5.0,U,-59.0,9.5,True,,2026-07-07T14:56:07.784+00:00,/dev/cu.usbserial-576B0005451,"RX,2088755,R35,TXJ,N136,24,210280,G,1,0.93,0.90,5,U,-59,9.50"
RX,2088852,R35,TXC,N31,50,210381,E,1,0.87,0.84,5.0,U,-43.0,10.5,True,,2026-07-07T14:56:07.881+00:00,/dev/cu.usbserial-576B0005451,"RX,2088852,R35,TXC,N31,50,210381,E,1,0.87,0.84,5,U,-43,10.50"
RX,2089099,R35,TXA,N01,208,210626,A,0,0.75,0.72,5.0,F,-42.0,9.5,True,,2026-07-07T14:56:08.128+00:00,/dev/cu.usbserial-576B0005451,"RX,2089099,R35,TXA,N01,208,210626,A,0,0.75,0.72,5,F,-42,9.50"
RX,2089366,R35,TXB,N16,103,210892,G,1,0.93,0.9,5.0,U,-50.0,9.75,True,,2026-07-07T14:56:08.395+00:00,/dev/cu.usbserial-576B0005451,"RX,2089366,R35,TXB,N16,103,210892,G,1,0.93,0.90,5,U,-50,9.75"
RX,2089954,R35,TXI,N121,50,211480,E,1,0.87,0.84,5.0,U,-53.0,9.5,True,,2026-07-07T14:56:08.984+00:00,/dev/cu.usbserial-576B0005451,"RX,2089954,R35,TXI,N121,50,211480,E,1,0.87,0.84,5,U,-53,9.50"
RX,2090099,R35,TXA,N01,209,211626,B,1,0.2,0.18,5.0,F,-41.0,9.5,True,,2026-07-07T14:56:09.128+00:00,/dev/cu.usbserial-576B0005451,"RX,2090099,R35,TXA,N01,209,211626,B,1,0.20,0.18,5,F,-41,9.50"
RX,2090243,R35,TXK,N151,105,211763,C,1,0.81,0.78,5.0,U,-53.0,9.5,True,,2026-07-07T14:56:09.272+00:00,/dev/cu.usbserial-576B0005451,"RX,2090243,R35,TXK,N151,105,211763,C,1,0.81,0.78,5,U,-53,9.50"
RX,2090852,R35,TXC,N31,51,212381,G,1,0.93,0.9,5.0,U,-44.0,9.75,True,,2026-07-07T14:56:09.881+00:00,/dev/cu.usbserial-576B0005451,"RX,2090852,R35,TXC,N31,51,212381,G,1,0.93,0.90,5,U,-44,9.75"
RX,2091099,R35,TXA,N01,210,212626,C,1,0.81,0.78,5.0,F,-41.0,9.5,True,,2026-07-07T14:56:10.128+00:00,/dev/cu.usbserial-576B0005451,"RX,2091099,R35,TXA,N01,210,212626,C,1,0.81,0.78,5,F,-41,9.50"
RX,2091366,R35,TXB,N16,104,212892,A,0,0.75,0.72,5.0,U,-50.0,9.75,True,,2026-07-07T14:56:10.395+00:00,/dev/cu.usbserial-576B0005451,"RX,2091366,R35,TXB,N16,104,212892,A,0,0.75,0.72,5,U,-50,9.75"
RX,2091848,R35,TXE,N61,102,213379,E,1,0.87,0.84,5.0,U,-52.0,10.0,True,,2026-07-07T14:56:10.877+00:00,/dev/cu.usbserial-576B0005451,"RX,2091848,R35,TXE,N61,102,213379,E,1,0.87,0.84,5,U,-52,10.00"
RX,2091954,R35,TXI,N121,51,213480,G,1,0.93,0.9,5.0,U,-53.0,9.75,True,,2026-07-07T14:56:10.983+00:00,/dev/cu.usbserial-576B0005451,"RX,2091954,R35,TXI,N121,51,213480,G,1,0.93,0.90,5,U,-53,9.75"
RX,2092099,R35,TXA,N01,211,213626,D,0,0.24,0.22,5.0,F,-41.0,10.0,True,,2026-07-07T14:56:11.128+00:00,/dev/cu.usbserial-576B0005451,"RX,2092099,R35,TXA,N01,211,213626,D,0,0.24,0.22,5,F,-41,10.00"
RX,2092243,R35,TXK,N151,106,213763,E,1,0.87,0.84,5.0,U,-52.0,9.5,True,,2026-07-07T14:56:11.272+00:00,/dev/cu.usbserial-576B0005451,"RX,2092243,R35,TXK,N151,106,213763,E,1,0.87,0.84,5,U,-52,9.50"
RX,2093099,R35,TXA,N01,212,214626,E,1,0.87,0.84,5.0,F,-41.0,9.75,True,,2026-07-07T14:56:12.128+00:00,/dev/cu.usbserial-576B0005451,"RX,2093099,R35,TXA,N01,212,214626,E,1,0.87,0.84,5,F,-41,9.75"
RX,2093366,R35,TXB,N16,105,214892,C,1,0.81,0.78,5.0,U,-50.0,9.75,True,,2026-07-07T14:56:12.395+00:00,/dev/cu.usbserial-576B0005451,"RX,2093366,R35,TXB,N16,105,214892,C,1,0.81,0.78,5,U,-50,9.75"
RX,2094099,R35,TXA,N01,213,215626,F,1,0.28,0.26,5.0,F,-42.0,9.75,True,,2026-07-07T14:56:13.128+00:00,/dev/cu.usbserial-576B0005451,"RX,2094099,R35,TXA,N01,213,215626,F,1,0.28,0.26,5,F,-42,9.75"
RX,2094210,R35,TXH,N106,14,215742,G,0,0.93,0.9,5.0,U,-42.0,0.25,True,,2026-07-07T14:56:13.243+00:00,/dev/cu.usbserial-576B0005451,"RX,2094210,R35,TXH,N106,14,215742,G,0,0.93,0.90,5,U,-42,0.25"
RX,2094390,R35,TXL,N166,14,215916,G,0,0.93,0.9,5.0,U,-48.0,9.5,True,,2026-07-07T14:56:13.419+00:00,/dev/cu.usbserial-576B0005451,"RX,2094390,R35,TXL,N166,14,215916,G,0,0.93,0.90,5,U,-48,9.50"
RX,2094599,R35,TXF,N76,52,216131,E,1,0.87,0.84,5.0,U,-47.0,9.75,True,,2026-07-07T14:56:13.627+00:00,/dev/cu.usbserial-576B0005451,"RX,2094599,R35,TXF,N76,52,216131,E,1,0.87,0.84,5,U,-47,9.75"
RX,2094902,R35,TXD,N46,26,216430,G,0,0.93,0.9,5.0,U,-44.0,9.75,True,,2026-07-07T14:56:13.931+00:00,/dev/cu.usbserial-576B0005451,"RX,2094902,R35,TXD,N46,26,216430,G,0,0.93,0.90,5,U,-44,9.75"
RX,2095099,R35,TXA,N01,214,216626,G,0,0.93,0.9,5.0,F,-41.0,9.75,True,,2026-07-07T14:56:14.128+00:00,/dev/cu.usbserial-576B0005451,"RX,2095099,R35,TXA,N01,214,216626,G,0,0.93,0.90,5,F,-41,9.75"
RX,2095366,R35,TXB,N16,106,216892,E,1,0.87,0.84,5.0,U,-50.0,9.5,True,,2026-07-07T14:56:14.395+00:00,/dev/cu.usbserial-576B0005451,"RX,2095366,R35,TXB,N16,106,216892,E,1,0.87,0.84,5,U,-50,9.50"
RX,2095548,R35,TXG,N91,25,217080,G,1,0.93,0.9,5.0,U,-49.0,9.25,True,,2026-07-07T14:56:14.577+00:00,/dev/cu.usbserial-576B0005451,"RX,2095548,R35,TXG,N91,25,217080,G,1,0.93,0.90,5,U,-49,9.25"
RX,2095848,R35,TXE,N61,104,217379,A,0,0.75,0.72,5.0,U,-51.0,9.5,True,,2026-07-07T14:56:14.877+00:00,/dev/cu.usbserial-576B0005451,"RX,2095848,R35,TXE,N61,104,217379,A,0,0.75,0.72,5,U,-51,9.50"
RX,2096099,R35,TXA,N01,215,217626,H,1,0.32,0.3,5.0,F,-41.0,9.75,True,,2026-07-07T14:56:15.128+00:00,/dev/cu.usbserial-576B0005451,"RX,2096099,R35,TXA,N01,215,217626,H,1,0.32,0.30,5,F,-41,9.75"
RX,2096243,R35,TXK,N151,108,217763,A,1,0.75,0.72,5.0,U,-52.0,10.0,True,,2026-07-07T14:56:15.271+00:00,/dev/cu.usbserial-576B0005451,"RX,2096243,R35,TXK,N151,108,217763,A,1,0.75,0.72,5,U,-52,10.00"
RX,2096599,R35,TXF,N76,53,218131,G,0,0.93,0.9,5.0,U,-45.0,9.75,True,,2026-07-07T14:56:15.628+00:00,/dev/cu.usbserial-576B0005451,"RX,2096599,R35,TXF,N76,53,218131,G,0,0.93,0.90,5,U,-45,9.75"
RX,2096755,R35,TXJ,N136,25,218280,G,1,0.93,0.9,5.0,U,-69.0,9.25,True,,2026-07-07T14:56:15.784+00:00,/dev/cu.usbserial-576B0005451,"RX,2096755,R35,TXJ,N136,25,218280,G,1,0.93,0.90,5,U,-69,9.25"
RX,2096852,R35,TXC,N31,52,218381,E,1,0.87,0.84,5.0,U,-43.0,9.5,True,,2026-07-07T14:56:15.881+00:00,/dev/cu.usbserial-576B0005451,"RX,2096852,R35,TXC,N31,52,218381,E,1,0.87,0.84,5,U,-43,9.50"
RX,2097099,R35,TXA,N01,216,218626,A,1,0.75,0.72,5.0,F,-41.0,9.5,True,,2026-07-07T14:56:16.128+00:00,/dev/cu.usbserial-576B0005451,"RX,2097099,R35,TXA,N01,216,218626,A,1,0.75,0.72,5,F,-41,9.50"
RX,2097366,R35,TXB,N16,107,218892,G,0,0.93,0.9,5.0,U,-50.0,9.75,True,,2026-07-07T14:56:16.394+00:00,/dev/cu.usbserial-576B0005451,"RX,2097366,R35,TXB,N16,107,218892,G,0,0.93,0.90,5,U,-50,9.75"
RX,2097848,R35,TXE,N61,105,219379,C,1,0.81,0.78,5.0,U,-50.0,10.0,True,,2026-07-07T14:56:16.876+00:00,/dev/cu.usbserial-576B0005451,"RX,2097848,R35,TXE,N61,105,219379,C,1,0.81,0.78,5,U,-50,10.00"
RX,2097955,R35,TXI,N121,52,219480,E,1,0.87,0.84,5.0,U,-53.0,9.75,True,,2026-07-07T14:56:16.983+00:00,/dev/cu.usbserial-576B0005451,"RX,2097955,R35,TXI,N121,52,219480,E,1,0.87,0.84,5,U,-53,9.75"
RX,2098099,R35,TXA,N01,217,219626,B,0,0.2,0.18,5.0,F,-42.0,9.75,True,,2026-07-07T14:56:17.128+00:00,/dev/cu.usbserial-576B0005451,"RX,2098099,R35,TXA,N01,217,219626,B,0,0.20,0.18,5,F,-42,9.75"
RX,2098243,R35,TXK,N151,109,219763,C,1,0.81,0.78,5.0,U,-52.0,10.25,True,,2026-07-07T14:56:17.271+00:00,/dev/cu.usbserial-576B0005451,"RX,2098243,R35,TXK,N151,109,219763,C,1,0.81,0.78,5,U,-52,10.25"
RX,2098852,R35,TXC,N31,53,220381,G,0,0.93,0.9,5.0,U,-44.0,9.25,True,,2026-07-07T14:56:17.881+00:00,/dev/cu.usbserial-576B0005451,"RX,2098852,R35,TXC,N31,53,220381,G,0,0.93,0.90,5,U,-44,9.25"
RX,2099099,R35,TXA,N01,218,220626,C,1,0.81,0.78,5.0,F,-41.0,10.0,True,,2026-07-07T14:56:18.128+00:00,/dev/cu.usbserial-576B0005451,"RX,2099099,R35,TXA,N01,218,220626,C,1,0.81,0.78,5,F,-41,10.00"
RX,2099366,R35,TXB,N16,108,220892,A,1,0.75,0.72,5.0,U,-50.0,10.25,True,,2026-07-07T14:56:18.395+00:00,/dev/cu.usbserial-576B0005451,"RX,2099366,R35,TXB,N16,108,220892,A,1,0.75,0.72,5,U,-50,10.25"
RX,2100099,R35,TXA,N01,219,221626,D,1,0.24,0.22,5.0,F,-41.0,10.25,True,,2026-07-07T14:56:19.128+00:00,/dev/cu.usbserial-576B0005451,"RX,2100099,R35,TXA,N01,219,221626,D,1,0.24,0.22,5,F,-41,10.25"
RX,2100243,R35,TXK,N151,110,221763,E,0,0.87,0.84,5.0,U,-54.0,9.25,True,,2026-07-07T14:56:19.272+00:00,/dev/cu.usbserial-576B0005451,"RX,2100243,R35,TXK,N151,110,221763,E,0,0.87,0.84,5,U,-54,9.25"
RX,2101099,R35,TXA,N01,220,222626,E,0,0.87,0.84,5.0,F,-42.0,9.75,True,,2026-07-07T14:56:20.128+00:00,/dev/cu.usbserial-576B0005451,"RX,2101099,R35,TXA,N01,220,222626,E,0,0.87,0.84,5,F,-42,9.75"
RX,2101366,R35,TXB,N16,109,222892,C,1,0.81,0.78,5.0,U,-50.0,9.5,True,,2026-07-07T14:56:20.395+00:00,/dev/cu.usbserial-576B0005451,"RX,2101366,R35,TXB,N16,109,222892,C,1,0.81,0.78,5,U,-50,9.50"
RX,2101848,R35,TXE,N61,107,223379,G,0,0.93,0.9,5.0,U,-53.0,9.5,True,,2026-07-07T14:56:20.876+00:00,/dev/cu.usbserial-576B0005451,"RX,2101848,R35,TXE,N61,107,223379,G,0,0.93,0.90,5,U,-53,9.50"
RX,2102099,R35,TXA,N01,221,223626,F,1,0.28,0.26,5.0,F,-42.0,9.75,True,,2026-07-07T14:56:21.128+00:00,/dev/cu.usbserial-576B0005451,"RX,2102099,R35,TXA,N01,221,223626,F,1,0.28,0.26,5,F,-42,9.75"
RX,2102210,R35,TXH,N106,15,223742,G,1,0.93,0.9,5.0,U,-43.0,1.0,True,,2026-07-07T14:56:21.239+00:00,/dev/cu.usbserial-576B0005451,"RX,2102210,R35,TXH,N106,15,223742,G,1,0.93,0.90,5,U,-43,1.00"
RX,2102390,R35,TXL,N166,15,223916,G,1,0.93,0.9,5.0,U,-48.0,9.5,True,,2026-07-07T14:56:21.419+00:00,/dev/cu.usbserial-576B0005451,"RX,2102390,R35,TXL,N166,15,223916,G,1,0.93,0.90,5,U,-48,9.50"
RX,2102599,R35,TXF,N76,54,224131,E,0,0.87,0.84,5.0,U,-47.0,10.0,True,,2026-07-07T14:56:21.627+00:00,/dev/cu.usbserial-576B0005451,"RX,2102599,R35,TXF,N76,54,224131,E,0,0.87,0.84,5,U,-47,10.00"
RX,2102902,R35,TXD,N46,27,224430,G,1,0.93,0.9,5.0,U,-44.0,10.0,True,,2026-07-07T14:56:21.931+00:00,/dev/cu.usbserial-576B0005451,"RX,2102902,R35,TXD,N46,27,224430,G,1,0.93,0.90,5,U,-44,10.00"
RX,2103099,R35,TXA,N01,222,224626,G,1,0.93,0.9,5.0,F,-41.0,10.25,True,,2026-07-07T14:56:22.128+00:00,/dev/cu.usbserial-576B0005451,"RX,2103099,R35,TXA,N01,222,224626,G,1,0.93,0.90,5,F,-41,10.25"
RX,2103366,R35,TXB,N16,110,224892,E,0,0.87,0.84,5.0,U,-50.0,11.25,True,,2026-07-07T14:56:22.395+00:00,/dev/cu.usbserial-576B0005451,"RX,2103366,R35,TXB,N16,110,224892,E,0,0.87,0.84,5,U,-50,11.25"
RX,2103548,R35,TXG,N91,26,225080,G,0,0.93,0.9,5.0,U,-49.0,9.5,True,,2026-07-07T14:56:22.577+00:00,/dev/cu.usbserial-576B0005451,"RX,2103548,R35,TXG,N91,26,225080,G,0,0.93,0.90,5,U,-49,9.50"
RX,2103848,R35,TXE,N61,108,225379,A,1,0.75,0.72,5.0,U,-52.0,9.5,True,,2026-07-07T14:56:22.876+00:00,/dev/cu.usbserial-576B0005451,"RX,2103848,R35,TXE,N61,108,225379,A,1,0.75,0.72,5,U,-52,9.50"
RX,2104099,R35,TXA,N01,223,225626,H,0,0.32,0.3,5.0,F,-41.0,10.0,True,,2026-07-07T14:56:23.128+00:00,/dev/cu.usbserial-576B0005451,"RX,2104099,R35,TXA,N01,223,225626,H,0,0.32,0.30,5,F,-41,10.00"
RX,2104243,R35,TXK,N151,112,225763,A,1,0.75,0.72,5.0,U,-53.0,9.75,True,,2026-07-07T14:56:23.272+00:00,/dev/cu.usbserial-576B0005451,"RX,2104243,R35,TXK,N151,112,225763,A,1,0.75,0.72,5,U,-53,9.75"
RX,2104598,R35,TXF,N76,55,226131,G,1,0.93,0.9,5.0,U,-47.0,9.75,True,,2026-07-07T14:56:23.627+00:00,/dev/cu.usbserial-576B0005451,"RX,2104598,R35,TXF,N76,55,226131,G,1,0.93,0.90,5,U,-47,9.75"
RX,2104755,R35,TXJ,N136,26,226280,G,0,0.93,0.9,5.0,U,-58.0,10.0,True,,2026-07-07T14:56:23.784+00:00,/dev/cu.usbserial-576B0005451,"RX,2104755,R35,TXJ,N136,26,226280,G,0,0.93,0.90,5,U,-58,10.00"
RX,2104852,R35,TXC,N31,54,226381,E,0,0.87,0.84,5.0,U,-43.0,9.75,True,,2026-07-07T14:56:23.881+00:00,/dev/cu.usbserial-576B0005451,"RX,2104852,R35,TXC,N31,54,226381,E,0,0.87,0.84,5,U,-43,9.75"
RX,2105099,R35,TXA,N01,224,226626,A,1,0.75,0.72,5.0,F,-41.0,9.75,True,,2026-07-07T14:56:24.128+00:00,/dev/cu.usbserial-576B0005451,"RX,2105099,R35,TXA,N01,224,226626,A,1,0.75,0.72,5,F,-41,9.75"
RX,2105366,R35,TXB,N16,111,226892,G,1,0.93,0.9,5.0,U,-50.0,10.25,True,,2026-07-07T14:56:24.395+00:00,/dev/cu.usbserial-576B0005451,"RX,2105366,R35,TXB,N16,111,226892,G,1,0.93,0.90,5,U,-50,10.25"
RX,2105848,R35,TXE,N61,109,227379,C,1,0.81,0.78,5.0,U,-52.0,9.5,True,,2026-07-07T14:56:24.876+00:00,/dev/cu.usbserial-576B0005451,"RX,2105848,R35,TXE,N61,109,227379,C,1,0.81,0.78,5,U,-52,9.50"
RX,2105954,R35,TXI,N121,54,227480,E,0,0.87,0.84,5.0,U,-54.0,9.75,True,,2026-07-07T14:56:24.983+00:00,/dev/cu.usbserial-576B0005451,"RX,2105954,R35,TXI,N121,54,227480,E,0,0.87,0.84,5,U,-54,9.75"
RX,2106099,R35,TXA,N01,225,227626,B,1,0.2,0.18,5.0,F,-41.0,9.5,True,,2026-07-07T14:56:25.127+00:00,/dev/cu.usbserial-576B0005451,"RX,2106099,R35,TXA,N01,225,227626,B,1,0.20,0.18,5,F,-41,9.50"
RX,2106243,R35,TXK,N151,113,227763,C,0,0.81,0.78,5.0,U,-53.0,10.0,True,,2026-07-07T14:56:25.271+00:00,/dev/cu.usbserial-576B0005451,"RX,2106243,R35,TXK,N151,113,227763,C,0,0.81,0.78,5,U,-53,10.00"
RX,2106852,R35,TXC,N31,55,228381,G,1,0.93,0.9,5.0,U,-44.0,9.5,True,,2026-07-07T14:56:25.881+00:00,/dev/cu.usbserial-576B0005451,"RX,2106852,R35,TXC,N31,55,228381,G,1,0.93,0.90,5,U,-44,9.50"
RX,2107099,R35,TXA,N01,226,228626,C,0,0.81,0.78,5.0,F,-41.0,10.0,True,,2026-07-07T14:56:26.128+00:00,/dev/cu.usbserial-576B0005451,"RX,2107099,R35,TXA,N01,226,228626,C,0,0.81,0.78,5,F,-41,10.00"
RX,2107366,R35,TXB,N16,112,228892,A,1,0.75,0.72,5.0,U,-50.0,9.75,True,,2026-07-07T14:56:26.394+00:00,/dev/cu.usbserial-576B0005451,"RX,2107366,R35,TXB,N16,112,228892,A,1,0.75,0.72,5,U,-50,9.75"
RX,2107848,R35,TXE,N61,110,229379,E,0,0.87,0.84,5.0,U,-52.0,9.75,True,,2026-07-07T14:56:26.876+00:00,/dev/cu.usbserial-576B0005451,"RX,2107848,R35,TXE,N61,110,229379,E,0,0.87,0.84,5,U,-52,9.75"
RX,2107954,R35,TXI,N121,55,229480,G,1,0.93,0.9,5.0,U,-54.0,9.25,True,,2026-07-07T14:56:26.983+00:00,/dev/cu.usbserial-576B0005451,"RX,2107954,R35,TXI,N121,55,229480,G,1,0.93,0.90,5,U,-54,9.25"
RX,2108099,R35,TXA,N01,227,229626,D,1,0.24,0.22,5.0,F,-42.0,10.0,True,,2026-07-07T14:56:27.127+00:00,/dev/cu.usbserial-576B0005451,"RX,2108099,R35,TXA,N01,227,229626,D,1,0.24,0.22,5,F,-42,10.00"
RX,2108243,R35,TXK,N151,114,229763,E,1,0.87,0.84,5.0,U,-53.0,9.5,True,,2026-07-07T14:56:27.272+00:00,/dev/cu.usbserial-576B0005451,"RX,2108243,R35,TXK,N151,114,229763,E,1,0.87,0.84,5,U,-53,9.50"
RX,2109099,R35,TXA,N01,228,230626,E,1,0.87,0.84,5.0,F,-41.0,9.75,True,,2026-07-07T14:56:28.128+00:00,/dev/cu.usbserial-576B0005451,"RX,2109099,R35,TXA,N01,228,230626,E,1,0.87,0.84,5,F,-41,9.75"
RX,2109366,R35,TXB,N16,113,230892,C,0,0.81,0.78,5.0,U,-50.0,9.75,True,,2026-07-07T14:56:28.394+00:00,/dev/cu.usbserial-576B0005451,"RX,2109366,R35,TXB,N16,113,230892,C,0,0.81,0.78,5,U,-50,9.75"
RX,2109848,R35,TXE,N61,111,231379,G,1,0.93,0.9,5.0,U,-52.0,11.5,True,,2026-07-07T14:56:28.876+00:00,/dev/cu.usbserial-576B0005451,"RX,2109848,R35,TXE,N61,111,231379,G,1,0.93,0.90,5,U,-52,11.50"
RX,2110099,R35,TXA,N01,229,231626,F,0,0.28,0.26,5.0,F,-42.0,10.0,True,,2026-07-07T14:56:29.128+00:00,/dev/cu.usbserial-576B0005451,"RX,2110099,R35,TXA,N01,229,231626,F,0,0.28,0.26,5,F,-42,10.00"
RX,2110243,R35,TXK,N151,115,231763,G,1,0.93,0.9,5.0,U,-53.0,9.25,True,,2026-07-07T14:56:29.271+00:00,/dev/cu.usbserial-576B0005451,"RX,2110243,R35,TXK,N151,115,231763,G,1,0.93,0.90,5,U,-53,9.25"
RX,2110599,R35,TXF,N76,56,232131,E,1,0.87,0.84,5.0,U,-47.0,10.0,True,,2026-07-07T14:56:29.626+00:00,/dev/cu.usbserial-576B0005451,"RX,2110599,R35,TXF,N76,56,232131,E,1,0.87,0.84,5,U,-47,10.00"
RX,2110902,R35,TXD,N46,28,232430,G,1,0.93,0.9,5.0,U,-44.0,9.5,True,,2026-07-07T14:56:29.931+00:00,/dev/cu.usbserial-576B0005451,"RX,2110902,R35,TXD,N46,28,232430,G,1,0.93,0.90,5,U,-44,9.50"
RX,2111099,R35,TXA,N01,230,232626,G,1,0.93,0.9,5.0,F,-41.0,9.75,True,,2026-07-07T14:56:30.127+00:00,/dev/cu.usbserial-576B0005451,"RX,2111099,R35,TXA,N01,230,232626,G,1,0.93,0.90,5,F,-41,9.75"
RX,2111366,R35,TXB,N16,114,232892,E,1,0.87,0.84,5.0,U,-50.0,10.0,True,,2026-07-07T14:56:30.395+00:00,/dev/cu.usbserial-576B0005451,"RX,2111366,R35,TXB,N16,114,232892,E,1,0.87,0.84,5,U,-50,10.00"
RX,2111548,R35,TXG,N91,27,233080,G,1,0.93,0.9,5.0,U,-49.0,9.25,True,,2026-07-07T14:56:30.577+00:00,/dev/cu.usbserial-576B0005451,"RX,2111548,R35,TXG,N91,27,233080,G,1,0.93,0.90,5,U,-49,9.25"
RX,2111848,R35,TXE,N61,112,233379,A,1,0.75,0.72,5.0,U,-53.0,9.75,True,,2026-07-07T14:56:30.876+00:00,/dev/cu.usbserial-576B0005451,"RX,2111848,R35,TXE,N61,112,233379,A,1,0.75,0.72,5,U,-53,9.75"
RX,2112099,R35,TXA,N01,231,233626,H,1,0.32,0.3,5.0,F,-41.0,10.25,True,,2026-07-07T14:56:31.128+00:00,/dev/cu.usbserial-576B0005451,"RX,2112099,R35,TXA,N01,231,233626,H,1,0.32,0.30,5,F,-41,10.25"
RX,2112243,R35,TXK,N151,116,233763,A,0,0.75,0.72,5.0,U,-52.0,10.5,True,,2026-07-07T14:56:31.271+00:00,/dev/cu.usbserial-576B0005451,"RX,2112243,R35,TXK,N151,116,233763,A,0,0.75,0.72,5,U,-52,10.50"
RX,2112599,R35,TXF,N76,57,234131,G,1,0.93,0.9,5.0,U,-45.0,9.5,True,,2026-07-07T14:56:31.626+00:00,/dev/cu.usbserial-576B0005451,"RX,2112599,R35,TXF,N76,57,234131,G,1,0.93,0.90,5,U,-45,9.50"
RX,2112755,R35,TXJ,N136,27,234280,G,1,0.93,0.9,5.0,U,-65.0,9.75,True,,2026-07-07T14:56:31.783+00:00,/dev/cu.usbserial-576B0005451,"RX,2112755,R35,TXJ,N136,27,234280,G,1,0.93,0.90,5,U,-65,9.75"
RX,2112852,R35,TXC,N31,56,234381,E,1,0.87,0.84,5.0,U,-43.0,9.75,True,,2026-07-07T14:56:31.880+00:00,/dev/cu.usbserial-576B0005451,"RX,2112852,R35,TXC,N31,56,234381,E,1,0.87,0.84,5,U,-43,9.75"
RX,2113099,R35,TXA,N01,232,234626,A,0,0.75,0.72,5.0,F,-41.0,9.75,True,,2026-07-07T14:56:32.128+00:00,/dev/cu.usbserial-576B0005451,"RX,2113099,R35,TXA,N01,232,234626,A,0,0.75,0.72,5,F,-41,9.75"
RX,2113366,R35,TXB,N16,115,234892,G,1,0.93,0.9,5.0,U,-50.0,12.0,True,,2026-07-07T14:56:32.395+00:00,/dev/cu.usbserial-576B0005451,"RX,2113366,R35,TXB,N16,115,234892,G,1,0.93,0.90,5,U,-50,12.00"
RX,2113848,R35,TXE,N61,113,235379,C,0,0.81,0.78,5.0,U,-53.0,9.25,True,,2026-07-07T14:56:32.876+00:00,/dev/cu.usbserial-576B0005451,"RX,2113848,R35,TXE,N61,113,235379,C,0,0.81,0.78,5,U,-53,9.25"
RX,2113954,R35,TXI,N121,56,235480,E,1,0.87,0.84,5.0,U,-55.0,9.75,True,,2026-07-07T14:56:32.983+00:00,/dev/cu.usbserial-576B0005451,"RX,2113954,R35,TXI,N121,56,235480,E,1,0.87,0.84,5,U,-55,9.75"
RX,2114099,R35,TXA,N01,233,235626,B,1,0.2,0.18,5.0,F,-41.0,9.5,True,,2026-07-07T14:56:33.128+00:00,/dev/cu.usbserial-576B0005451,"RX,2114099,R35,TXA,N01,233,235626,B,1,0.20,0.18,5,F,-41,9.50"
RX,2114243,R35,TXK,N151,117,235763,C,1,0.81,0.78,5.0,U,-52.0,9.75,True,,2026-07-07T14:56:33.271+00:00,/dev/cu.usbserial-576B0005451,"RX,2114243,R35,TXK,N151,117,235763,C,1,0.81,0.78,5,U,-52,9.75"
RX,2114852,R35,TXC,N31,57,236381,G,1,0.93,0.9,5.0,U,-43.0,9.5,True,,2026-07-07T14:56:33.880+00:00,/dev/cu.usbserial-576B0005451,"RX,2114852,R35,TXC,N31,57,236381,G,1,0.93,0.90,5,U,-43,9.50"
RX,2115099,R35,TXA,N01,234,236626,C,1,0.81,0.78,5.0,F,-41.0,9.5,True,,2026-07-07T14:56:34.128+00:00,/dev/cu.usbserial-576B0005451,"RX,2115099,R35,TXA,N01,234,236626,C,1,0.81,0.78,5,F,-41,9.50"
RX,2115366,R35,TXB,N16,116,236892,A,0,0.75,0.72,5.0,U,-50.0,9.75,True,,2026-07-07T14:56:34.395+00:00,/dev/cu.usbserial-576B0005451,"RX,2115366,R35,TXB,N16,116,236892,A,0,0.75,0.72,5,U,-50,9.75"
RX,2115848,R35,TXE,N61,114,237379,E,1,0.87,0.84,5.0,U,-53.0,9.5,True,,2026-07-07T14:56:34.876+00:00,/dev/cu.usbserial-576B0005451,"RX,2115848,R35,TXE,N61,114,237379,E,1,0.87,0.84,5,U,-53,9.50"
RX,2115954,R35,TXI,N121,57,237480,G,1,0.93,0.9,5.0,U,-55.0,9.5,True,,2026-07-07T14:56:34.983+00:00,/dev/cu.usbserial-576B0005451,"RX,2115954,R35,TXI,N121,57,237480,G,1,0.93,0.90,5,U,-55,9.50"
RX,2116099,R35,TXA,N01,235,237626,D,0,0.24,0.22,5.0,F,-41.0,9.5,True,,2026-07-07T14:56:35.128+00:00,/dev/cu.usbserial-576B0005451,"RX,2116099,R35,TXA,N01,235,237626,D,0,0.24,0.22,5,F,-41,9.50"
RX,2116243,R35,TXK,N151,118,237763,E,1,0.87,0.84,5.0,U,-52.0,10.25,True,,2026-07-07T14:56:35.271+00:00,/dev/cu.usbserial-576B0005451,"RX,2116243,R35,TXK,N151,118,237763,E,1,0.87,0.84,5,U,-52,10.25"
RX,2117099,R35,TXA,N01,236,238626,E,1,0.87,0.84,5.0,F,-41.0,9.75,True,,2026-07-07T14:56:36.128+00:00,/dev/cu.usbserial-576B0005451,"RX,2117099,R35,TXA,N01,236,238626,E,1,0.87,0.84,5,F,-41,9.75"
RX,2117366,R35,TXB,N16,117,238892,C,1,0.81,0.78,5.0,U,-49.0,9.75,True,,2026-07-07T14:56:36.395+00:00,/dev/cu.usbserial-576B0005451,"RX,2117366,R35,TXB,N16,117,238892,C,1,0.81,0.78,5,U,-49,9.75"
RX,2117848,R35,TXE,N61,115,239379,G,1,0.93,0.9,5.0,U,-53.0,10.0,True,,2026-07-07T14:56:36.876+00:00,/dev/cu.usbserial-576B0005451,"RX,2117848,R35,TXE,N61,115,239379,G,1,0.93,0.90,5,U,-53,10.00"
RX,2118099,R35,TXA,N01,237,239626,F,1,0.28,0.26,5.0,F,-41.0,10.0,True,,2026-07-07T14:56:37.128+00:00,/dev/cu.usbserial-576B0005451,"RX,2118099,R35,TXA,N01,237,239626,F,1,0.28,0.26,5,F,-41,10.00"
RX,2118243,R35,TXK,N151,119,239763,G,0,0.93,0.9,5.0,U,-51.0,10.25,True,,2026-07-07T14:56:37.271+00:00,/dev/cu.usbserial-576B0005451,"RX,2118243,R35,TXK,N151,119,239763,G,0,0.93,0.90,5,U,-51,10.25"
RX,2118598,R35,TXF,N76,58,240131,E,1,0.87,0.84,5.0,U,-46.0,9.5,True,,2026-07-07T14:56:37.627+00:00,/dev/cu.usbserial-576B0005451,"RX,2118598,R35,TXF,N76,58,240131,E,1,0.87,0.84,5,U,-46,9.50"
RX,2118902,R35,TXD,N46,29,240430,G,0,0.93,0.9,5.0,U,-44.0,9.75,True,,2026-07-07T14:56:37.931+00:00,/dev/cu.usbserial-576B0005451,"RX,2118902,R35,TXD,N46,29,240430,G,0,0.93,0.90,5,U,-44,9.75"
RX,2119099,R35,TXA,N01,238,240626,G,0,0.93,0.9,5.0,F,-41.0,9.5,True,,2026-07-07T14:56:38.128+00:00,/dev/cu.usbserial-576B0005451,"RX,2119099,R35,TXA,N01,238,240626,G,0,0.93,0.90,5,F,-41,9.50"
RX,2119366,R35,TXB,N16,118,240892,E,1,0.87,0.84,5.0,U,-50.0,9.5,True,,2026-07-07T14:56:38.394+00:00,/dev/cu.usbserial-576B0005451,"RX,2119366,R35,TXB,N16,118,240892,E,1,0.87,0.84,5,U,-50,9.50"
RX,2119548,R35,TXG,N91,28,241080,G,1,0.93,0.9,5.0,U,-48.0,9.5,True,,2026-07-07T14:56:38.576+00:00,/dev/cu.usbserial-576B0005451,"RX,2119548,R35,TXG,N91,28,241080,G,1,0.93,0.90,5,U,-48,9.50"
RX,2119848,R35,TXE,N61,116,241379,A,0,0.75,0.72,5.0,U,-53.0,9.25,True,,2026-07-07T14:56:38.876+00:00,/dev/cu.usbserial-576B0005451,"RX,2119848,R35,TXE,N61,116,241379,A,0,0.75,0.72,5,U,-53,9.25"
RX,2120099,R35,TXA,N01,239,241626,H,1,0.32,0.3,5.0,F,-41.0,10.0,True,,2026-07-07T14:56:39.128+00:00,/dev/cu.usbserial-576B0005451,"RX,2120099,R35,TXA,N01,239,241626,H,1,0.32,0.30,5,F,-41,10.00"
RX,2120243,R35,TXK,N151,120,241763,A,1,0.75,0.72,5.0,U,-51.0,10.0,True,,2026-07-07T14:56:39.271+00:00,/dev/cu.usbserial-576B0005451,"RX,2120243,R35,TXK,N151,120,241763,A,1,0.75,0.72,5,U,-51,10.00"
RX,2120598,R35,TXF,N76,59,242131,G,0,0.93,0.9,5.0,U,-47.0,9.75,True,,2026-07-07T14:56:39.627+00:00,/dev/cu.usbserial-576B0005451,"RX,2120598,R35,TXF,N76,59,242131,G,0,0.93,0.90,5,U,-47,9.75"
RX,2120755,R35,TXJ,N136,28,242280,G,1,0.93,0.9,5.0,U,-57.0,10.0,True,,2026-07-07T14:56:39.783+00:00,/dev/cu.usbserial-576B0005451,"RX,2120755,R35,TXJ,N136,28,242280,G,1,0.93,0.90,5,U,-57,10.00"
RX,2120852,R35,TXC,N31,58,242381,E,1,0.87,0.84,5.0,U,-43.0,9.0,True,,2026-07-07T14:56:39.880+00:00,/dev/cu.usbserial-576B0005451,"RX,2120852,R35,TXC,N31,58,242381,E,1,0.87,0.84,5,U,-43,9.00"
RX,2121099,R35,TXA,N01,240,242626,A,1,0.75,0.72,5.0,F,-41.0,9.75,True,,2026-07-07T14:56:40.128+00:00,/dev/cu.usbserial-576B0005451,"RX,2121099,R35,TXA,N01,240,242626,A,1,0.75,0.72,5,F,-41,9.75"
RX,2121366,R35,TXB,N16,119,242892,G,0,0.93,0.9,5.0,U,-50.0,9.5,True,,2026-07-07T14:56:40.395+00:00,/dev/cu.usbserial-576B0005451,"RX,2121366,R35,TXB,N16,119,242892,G,0,0.93,0.90,5,U,-50,9.50"
RX,2121848,R35,TXE,N61,117,243379,C,1,0.81,0.78,5.0,U,-53.0,9.5,True,,2026-07-07T14:56:40.876+00:00,/dev/cu.usbserial-576B0005451,"RX,2121848,R35,TXE,N61,117,243379,C,1,0.81,0.78,5,U,-53,9.50"
RX,2121954,R35,TXI,N121,58,243480,E,1,0.87,0.84,5.0,U,-55.0,9.5,True,,2026-07-07T14:56:40.983+00:00,/dev/cu.usbserial-576B0005451,"RX,2121954,R35,TXI,N121,58,243480,E,1,0.87,0.84,5,U,-55,9.50"
RX,2122099,R35,TXA,N01,241,243626,B,0,0.2,0.18,5.0,F,-41.0,10.25,True,,2026-07-07T14:56:41.128+00:00,/dev/cu.usbserial-576B0005451,"RX,2122099,R35,TXA,N01,241,243626,B,0,0.20,0.18,5,F,-41,10.25"
RX,2122243,R35,TXK,N151,121,243763,C,1,0.81,0.78,5.0,U,-52.0,10.0,True,,2026-07-07T14:56:41.271+00:00,/dev/cu.usbserial-576B0005451,"RX,2122243,R35,TXK,N151,121,243763,C,1,0.81,0.78,5,U,-52,10.00"
RX,2122852,R35,TXC,N31,59,244381,G,0,0.93,0.9,5.0,U,-43.0,9.5,True,,2026-07-07T14:56:41.880+00:00,/dev/cu.usbserial-576B0005451,"RX,2122852,R35,TXC,N31,59,244381,G,0,0.93,0.90,5,U,-43,9.50"
RX,2123099,R35,TXA,N01,242,244626,C,1,0.81,0.78,5.0,F,-41.0,9.75,True,,2026-07-07T14:56:42.128+00:00,/dev/cu.usbserial-576B0005451,"RX,2123099,R35,TXA,N01,242,244626,C,1,0.81,0.78,5,F,-41,9.75"
RX,2123366,R35,TXB,N16,120,244892,A,1,0.75,0.72,5.0,U,-50.0,9.5,True,,2026-07-07T14:56:42.394+00:00,/dev/cu.usbserial-576B0005451,"RX,2123366,R35,TXB,N16,120,244892,A,1,0.75,0.72,5,U,-50,9.50"
RX,2123848,R35,TXE,N61,118,245379,E,1,0.87,0.84,5.0,U,-53.0,10.0,True,,2026-07-07T14:56:42.876+00:00,/dev/cu.usbserial-576B0005451,"RX,2123848,R35,TXE,N61,118,245379,E,1,0.87,0.84,5,U,-53,10.00"
RX,2123954,R35,TXI,N121,59,245480,G,0,0.93,0.9,5.0,U,-54.0,9.75,True,,2026-07-07T14:56:42.983+00:00,/dev/cu.usbserial-576B0005451,"RX,2123954,R35,TXI,N121,59,245480,G,0,0.93,0.90,5,U,-54,9.75"
RX,2124099,R35,TXA,N01,243,245626,D,1,0.24,0.22,5.0,F,-42.0,10.0,True,,2026-07-07T14:56:43.128+00:00,/dev/cu.usbserial-576B0005451,"RX,2124099,R35,TXA,N01,243,245626,D,1,0.24,0.22,5,F,-42,10.00"
RX,2124243,R35,TXK,N151,122,245763,E,0,0.87,0.84,5.0,U,-50.0,9.5,True,,2026-07-07T14:56:43.271+00:00,/dev/cu.usbserial-576B0005451,"RX,2124243,R35,TXK,N151,122,245763,E,0,0.87,0.84,5,U,-50,9.50"
RX,2125099,R35,TXA,N01,244,246626,E,0,0.87,0.84,5.0,F,-43.0,9.5,True,,2026-07-07T14:56:44.127+00:00,/dev/cu.usbserial-576B0005451,"RX,2125099,R35,TXA,N01,244,246626,E,0,0.87,0.84,5,F,-43,9.50"
RX,2125366,R35,TXB,N16,121,246892,C,1,0.81,0.78,5.0,U,-50.0,9.5,True,,2026-07-07T14:56:44.395+00:00,/dev/cu.usbserial-576B0005451,"RX,2125366,R35,TXB,N16,121,246892,C,1,0.81,0.78,5,U,-50,9.50"
RX,2125848,R35,TXE,N61,119,247379,G,0,0.93,0.9,5.0,U,-50.0,9.5,True,,2026-07-07T14:56:44.876+00:00,/dev/cu.usbserial-576B0005451,"RX,2125848,R35,TXE,N61,119,247379,G,0,0.93,0.90,5,U,-50,9.50"
RX,2126099,R35,TXA,N01,245,247626,F,1,0.28,0.26,5.0,F,-43.0,9.0,True,,2026-07-07T14:56:45.128+00:00,/dev/cu.usbserial-576B0005451,"RX,2126099,R35,TXA,N01,245,247626,F,1,0.28,0.26,5,F,-43,9.00"
RX,2126243,R35,TXK,N151,123,247763,G,1,0.93,0.9,5.0,U,-50.0,10.0,True,,2026-07-07T14:56:45.271+00:00,/dev/cu.usbserial-576B0005451,"RX,2126243,R35,TXK,N151,123,247763,G,1,0.93,0.90,5,U,-50,10.00"
RX,2126598,R35,TXF,N76,60,248131,E,0,0.87,0.84,5.0,U,-45.0,9.5,True,,2026-07-07T14:56:45.627+00:00,/dev/cu.usbserial-576B0005451,"RX,2126598,R35,TXF,N76,60,248131,E,0,0.87,0.84,5,U,-45,9.50"
RX,2126902,R35,TXD,N46,30,248430,G,1,0.93,0.9,5.0,U,-44.0,9.5,True,,2026-07-07T14:56:45.930+00:00,/dev/cu.usbserial-576B0005451,"RX,2126902,R35,TXD,N46,30,248430,G,1,0.93,0.90,5,U,-44,9.50"
RX,2127099,R35,TXA,N01,246,248626,G,1,0.93,0.9,5.0,F,-42.0,9.5,True,,2026-07-07T14:56:46.127+00:00,/dev/cu.usbserial-576B0005451,"RX,2127099,R35,TXA,N01,246,248626,G,1,0.93,0.90,5,F,-42,9.50"
RX,2127366,R35,TXB,N16,122,248892,E,0,0.87,0.84,5.0,U,-51.0,10.25,True,,2026-07-07T14:56:46.394+00:00,/dev/cu.usbserial-576B0005451,"RX,2127366,R35,TXB,N16,122,248892,E,0,0.87,0.84,5,U,-51,10.25"
RX,2127548,R35,TXG,N91,29,249080,G,0,0.93,0.9,5.0,U,-50.0,9.75,True,,2026-07-07T14:56:46.576+00:00,/dev/cu.usbserial-576B0005451,"RX,2127548,R35,TXG,N91,29,249080,G,0,0.93,0.90,5,U,-50,9.75"
RX,2127848,R35,TXE,N61,120,249379,A,1,0.75,0.72,5.0,U,-50.0,9.75,True,,2026-07-07T14:56:46.876+00:00,/dev/cu.usbserial-576B0005451,"RX,2127848,R35,TXE,N61,120,249379,A,1,0.75,0.72,5,U,-50,9.75"
RX,2128099,R35,TXA,N01,247,249626,H,0,0.32,0.3,5.0,F,-42.0,10.0,True,,2026-07-07T14:56:47.128+00:00,/dev/cu.usbserial-576B0005451,"RX,2128099,R35,TXA,N01,247,249626,H,0,0.32,0.30,5,F,-42,10.00"
RX,2128243,R35,TXK,N151,124,249763,A,1,0.75,0.72,5.0,U,-51.0,9.75,True,,2026-07-07T14:56:47.271+00:00,/dev/cu.usbserial-576B0005451,"RX,2128243,R35,TXK,N151,124,249763,A,1,0.75,0.72,5,U,-51,9.75"
RX,2128598,R35,TXF,N76,61,250131,G,1,0.93,0.9,5.0,U,-45.0,9.5,True,,2026-07-07T14:56:47.627+00:00,/dev/cu.usbserial-576B0005451,"RX,2128598,R35,TXF,N76,61,250131,G,1,0.93,0.90,5,U,-45,9.50"
RX,2128755,R35,TXJ,N136,29,250280,G,0,0.93,0.9,5.0,U,-54.0,9.5,True,,2026-07-07T14:56:47.783+00:00,/dev/cu.usbserial-576B0005451,"RX,2128755,R35,TXJ,N136,29,250280,G,0,0.93,0.90,5,U,-54,9.50"
RX,2128852,R35,TXC,N31,60,250381,E,0,0.87,0.84,5.0,U,-45.0,10.0,True,,2026-07-07T14:56:47.880+00:00,/dev/cu.usbserial-576B0005451,"RX,2128852,R35,TXC,N31,60,250381,E,0,0.87,0.84,5,U,-45,10.00"
RX,2129366,R35,TXB,N16,123,250892,G,1,0.93,0.9,5.0,U,-50.0,10.0,True,,2026-07-07T14:56:48.395+00:00,/dev/cu.usbserial-576B0005451,"RX,2129366,R35,TXB,N16,123,250892,G,1,0.93,0.90,5,U,-50,10.00"
RX,2129848,R35,TXE,N61,121,251379,C,1,0.81,0.78,5.0,U,-50.0,9.75,True,,2026-07-07T14:56:48.876+00:00,/dev/cu.usbserial-576B0005451,"RX,2129848,R35,TXE,N61,121,251379,C,1,0.81,0.78,5,U,-50,9.75"
RX,2129954,R35,TXI,N121,60,251480,E,0,0.87,0.84,5.0,U,-51.0,9.75,True,,2026-07-07T14:56:48.983+00:00,/dev/cu.usbserial-576B0005451,"RX,2129954,R35,TXI,N121,60,251480,E,0,0.87,0.84,5,U,-51,9.75"
RX,2130099,R35,TXA,N01,249,251626,B,1,0.2,0.18,5.0,F,-43.0,9.75,True,,2026-07-07T14:56:49.128+00:00,/dev/cu.usbserial-576B0005451,"RX,2130099,R35,TXA,N01,249,251626,B,1,0.20,0.18,5,F,-43,9.75"
RX,2130243,R35,TXK,N151,125,251763,C,0,0.81,0.78,5.0,U,-51.0,9.5,True,,2026-07-07T14:56:49.271+00:00,/dev/cu.usbserial-576B0005451,"RX,2130243,R35,TXK,N151,125,251763,C,0,0.81,0.78,5,U,-51,9.50"
RX,2130852,R35,TXC,N31,61,252381,G,1,0.93,0.9,5.0,U,-44.0,9.75,True,,2026-07-07T14:56:49.880+00:00,/dev/cu.usbserial-576B0005451,"RX,2130852,R35,TXC,N31,61,252381,G,1,0.93,0.90,5,U,-44,9.75"
RX,2131099,R35,TXA,N01,250,252626,C,0,0.81,0.78,5.0,F,-41.0,9.5,True,,2026-07-07T14:56:50.128+00:00,/dev/cu.usbserial-576B0005451,"RX,2131099,R35,TXA,N01,250,252626,C,0,0.81,0.78,5,F,-41,9.50"
RX,2131366,R35,TXB,N16,124,252892,A,1,0.75,0.72,5.0,U,-50.0,9.75,True,,2026-07-07T14:56:50.394+00:00,/dev/cu.usbserial-576B0005451,"RX,2131366,R35,TXB,N16,124,252892,A,1,0.75,0.72,5,U,-50,9.75"
RX,2131848,R35,TXE,N61,122,253379,E,0,0.87,0.84,5.0,U,-49.0,10.0,True,,2026-07-07T14:56:50.876+00:00,/dev/cu.usbserial-576B0005451,"RX,2131848,R35,TXE,N61,122,253379,E,0,0.87,0.84,5,U,-49,10.00"
RX,2131954,R35,TXI,N121,61,253480,G,1,0.93,0.9,5.0,U,-51.0,9.5,True,,2026-07-07T14:56:50.983+00:00,/dev/cu.usbserial-576B0005451,"RX,2131954,R35,TXI,N121,61,253480,G,1,0.93,0.90,5,U,-51,9.50"
RX,2132099,R35,TXA,N01,251,253626,D,1,0.24,0.22,5.0,F,-42.0,9.25,True,,2026-07-07T14:56:51.127+00:00,/dev/cu.usbserial-576B0005451,"RX,2132099,R35,TXA,N01,251,253626,D,1,0.24,0.22,5,F,-42,9.25"
RX,2132243,R35,TXK,N151,126,253763,E,1,0.87,0.84,5.0,U,-50.0,10.25,True,,2026-07-07T14:56:51.270+00:00,/dev/cu.usbserial-576B0005451,"RX,2132243,R35,TXK,N151,126,253763,E,1,0.87,0.84,5,U,-50,10.25"
RX,2133099,R35,TXA,N01,252,254626,E,1,0.87,0.84,5.0,F,-42.0,9.5,True,,2026-07-07T14:56:52.127+00:00,/dev/cu.usbserial-576B0005451,"RX,2133099,R35,TXA,N01,252,254626,E,1,0.87,0.84,5,F,-42,9.50"
RX,2133366,R35,TXB,N16,125,254892,C,0,0.81,0.78,5.0,U,-50.0,9.5,True,,2026-07-07T14:56:52.394+00:00,/dev/cu.usbserial-576B0005451,"RX,2133366,R35,TXB,N16,125,254892,C,0,0.81,0.78,5,U,-50,9.50"
RX,2133848,R35,TXE,N61,123,255379,G,1,0.93,0.9,5.0,U,-50.0,9.5,True,,2026-07-07T14:56:52.876+00:00,/dev/cu.usbserial-576B0005451,"RX,2133848,R35,TXE,N61,123,255379,G,1,0.93,0.90,5,U,-50,9.50"
RX,2134099,R35,TXA,N01,253,255626,F,0,0.28,0.26,5.0,F,-43.0,9.75,True,,2026-07-07T14:56:53.127+00:00,/dev/cu.usbserial-576B0005451,"RX,2134099,R35,TXA,N01,253,255626,F,0,0.28,0.26,5,F,-43,9.75"
RX,2134243,R35,TXK,N151,127,255763,G,1,0.93,0.9,5.0,U,-51.0,9.75,True,,2026-07-07T14:56:53.270+00:00,/dev/cu.usbserial-576B0005451,"RX,2134243,R35,TXK,N151,127,255763,G,1,0.93,0.90,5,U,-51,9.75"
RX,2134598,R35,TXF,N76,62,256131,E,1,0.87,0.84,5.0,U,-46.0,10.0,True,,2026-07-07T14:56:53.627+00:00,/dev/cu.usbserial-576B0005451,"RX,2134598,R35,TXF,N76,62,256131,E,1,0.87,0.84,5,U,-46,10.00"
RX,2134902,R35,TXD,N46,31,256430,G,1,0.93,0.9,5.0,U,-44.0,10.0,True,,2026-07-07T14:56:53.930+00:00,/dev/cu.usbserial-576B0005451,"RX,2134902,R35,TXD,N46,31,256430,G,1,0.93,0.90,5,U,-44,10.00"
RX,2135099,R35,TXA,N01,254,256626,G,1,0.93,0.9,5.0,F,-42.0,9.5,True,,2026-07-07T14:56:54.128+00:00,/dev/cu.usbserial-576B0005451,"RX,2135099,R35,TXA,N01,254,256626,G,1,0.93,0.90,5,F,-42,9.50"
RX,2135366,R35,TXB,N16,126,256892,E,1,0.87,0.84,5.0,U,-51.0,9.75,True,,2026-07-07T14:56:54.394+00:00,/dev/cu.usbserial-576B0005451,"RX,2135366,R35,TXB,N16,126,256892,E,1,0.87,0.84,5,U,-51,9.75"
RX,2135548,R35,TXG,N91,30,257080,G,1,0.93,0.9,5.0,U,-49.0,9.75,True,,2026-07-07T14:56:54.576+00:00,/dev/cu.usbserial-576B0005451,"RX,2135548,R35,TXG,N91,30,257080,G,1,0.93,0.90,5,U,-49,9.75"
RX,2135848,R35,TXE,N61,124,257379,A,1,0.75,0.72,5.0,U,-50.0,9.75,True,,2026-07-07T14:56:54.876+00:00,/dev/cu.usbserial-576B0005451,"RX,2135848,R35,TXE,N61,124,257379,A,1,0.75,0.72,5,U,-50,9.75"
RX,2136099,R35,TXA,N01,255,257626,H,1,0.32,0.3,5.0,F,-42.0,10.75,True,,2026-07-07T14:56:55.128+00:00,/dev/cu.usbserial-576B0005451,"RX,2136099,R35,TXA,N01,255,257626,H,1,0.32,0.30,5,F,-42,10.75"
RX,2136243,R35,TXK,N151,128,257763,A,1,0.75,0.72,5.0,U,-50.0,9.75,True,,2026-07-07T14:56:55.271+00:00,/dev/cu.usbserial-576B0005451,"RX,2136243,R35,TXK,N151,128,257763,A,1,0.75,0.72,5,U,-50,9.75"
RX,2136598,R35,TXF,N76,63,258131,G,1,0.93,0.9,5.0,U,-45.0,9.5,True,,2026-07-07T14:56:55.627+00:00,/dev/cu.usbserial-576B0005451,"RX,2136598,R35,TXF,N76,63,258131,G,1,0.93,0.90,5,U,-45,9.50"
RX,2136755,R35,TXJ,N136,30,258280,G,1,0.93,0.9,5.0,U,-54.0,9.25,True,,2026-07-07T14:56:55.783+00:00,/dev/cu.usbserial-576B0005451,"RX,2136755,R35,TXJ,N136,30,258280,G,1,0.93,0.90,5,U,-54,9.25"
RX,2136852,R35,TXC,N31,62,258381,E,1,0.87,0.84,5.0,U,-44.0,9.5,True,,2026-07-07T14:56:55.880+00:00,/dev/cu.usbserial-576B0005451,"RX,2136852,R35,TXC,N31,62,258381,E,1,0.87,0.84,5,U,-44,9.50"
RX,2137099,R35,TXA,N01,256,258626,A,1,0.75,0.72,5.0,F,-43.0,9.25,True,,2026-07-07T14:56:56.127+00:00,/dev/cu.usbserial-576B0005451,"RX,2137099,R35,TXA,N01,256,258626,A,1,0.75,0.72,5,F,-43,9.25"
RX,2137366,R35,TXB,N16,127,258892,G,1,0.93,0.9,5.0,U,-51.0,9.75,True,,2026-07-07T14:56:56.394+00:00,/dev/cu.usbserial-576B0005451,"RX,2137366,R35,TXB,N16,127,258892,G,1,0.93,0.90,5,U,-51,9.75"
RX,2137848,R35,TXE,N61,125,259379,C,0,0.81,0.78,5.0,U,-50.0,9.75,True,,2026-07-07T14:56:56.875+00:00,/dev/cu.usbserial-576B0005451,"RX,2137848,R35,TXE,N61,125,259379,C,0,0.81,0.78,5,U,-50,9.75"
RX,2137954,R35,TXI,N121,62,259480,E,1,0.87,0.84,5.0,U,-52.0,9.75,True,,2026-07-07T14:56:56.983+00:00,/dev/cu.usbserial-576B0005451,"RX,2137954,R35,TXI,N121,62,259480,E,1,0.87,0.84,5,U,-52,9.75"
RX,2138243,R35,TXK,N151,129,259763,C,1,0.81,0.78,5.0,U,-51.0,9.75,True,,2026-07-07T14:56:57.271+00:00,/dev/cu.usbserial-576B0005451,"RX,2138243,R35,TXK,N151,129,259763,C,1,0.81,0.78,5,U,-51,9.75"
RX,2138852,R35,TXC,N31,63,260381,G,1,0.93,0.9,5.0,U,-44.0,9.75,True,,2026-07-07T14:56:57.880+00:00,/dev/cu.usbserial-576B0005451,"RX,2138852,R35,TXC,N31,63,260381,G,1,0.93,0.90,5,U,-44,9.75"
RX,2139099,R35,TXA,N01,258,260626,C,1,0.81,0.78,5.0,F,-43.0,8.75,True,,2026-07-07T14:56:58.127+00:00,/dev/cu.usbserial-576B0005451,"RX,2139099,R35,TXA,N01,258,260626,C,1,0.81,0.78,5,F,-43,8.75"
RX,2139366,R35,TXB,N16,128,260892,A,1,0.75,0.72,5.0,U,-51.0,9.75,True,,2026-07-07T14:56:58.394+00:00,/dev/cu.usbserial-576B0005451,"RX,2139366,R35,TXB,N16,128,260892,A,1,0.75,0.72,5,U,-51,9.75"
RX,2139848,R35,TXE,N61,126,261379,E,1,0.87,0.84,5.0,U,-50.0,9.5,True,,2026-07-07T14:56:58.876+00:00,/dev/cu.usbserial-576B0005451,"RX,2139848,R35,TXE,N61,126,261379,E,1,0.87,0.84,5,U,-50,9.50"
RX,2139954,R35,TXI,N121,63,261480,G,1,0.93,0.9,5.0,U,-51.0,10.0,True,,2026-07-07T14:56:58.983+00:00,/dev/cu.usbserial-576B0005451,"RX,2139954,R35,TXI,N121,63,261480,G,1,0.93,0.90,5,U,-51,10.00"
RX,2140099,R35,TXA,N01,259,261626,D,1,0.24,0.22,5.0,F,-43.0,9.75,True,,2026-07-07T14:56:59.127+00:00,/dev/cu.usbserial-576B0005451,"RX,2140099,R35,TXA,N01,259,261626,D,1,0.24,0.22,5,F,-43,9.75"
RX,2140243,R35,TXK,N151,130,261763,E,0,0.87,0.84,5.0,U,-50.0,10.0,True,,2026-07-07T14:56:59.271+00:00,/dev/cu.usbserial-576B0005451,"RX,2140243,R35,TXK,N151,130,261763,E,0,0.87,0.84,5,U,-50,10.00"
RX,2141099,R35,TXA,N01,260,262626,E,0,0.87,0.84,5.0,F,-42.0,9.75,True,,2026-07-07T14:57:00.127+00:00,/dev/cu.usbserial-576B0005451,"RX,2141099,R35,TXA,N01,260,262626,E,0,0.87,0.84,5,F,-42,9.75"
RX,2141366,R35,TXB,N16,129,262892,C,1,0.81,0.78,5.0,U,-51.0,9.5,True,,2026-07-07T14:57:00.394+00:00,/dev/cu.usbserial-576B0005451,"RX,2141366,R35,TXB,N16,129,262892,C,1,0.81,0.78,5,U,-51,9.50"
RX,2141848,R35,TXE,N61,127,263379,G,1,0.93,0.9,5.0,U,-51.0,10.5,True,,2026-07-07T14:57:00.876+00:00,/dev/cu.usbserial-576B0005451,"RX,2141848,R35,TXE,N61,127,263379,G,1,0.93,0.90,5,U,-51,10.50"
RX,2142099,R35,TXA,N01,261,263626,F,1,0.28,0.26,5.0,F,-42.0,9.75,True,,2026-07-07T14:57:01.127+00:00,/dev/cu.usbserial-576B0005451,"RX,2142099,R35,TXA,N01,261,263626,F,1,0.28,0.26,5,F,-42,9.75"
RX,2142390,R35,TXL,N166,16,263916,G,1,0.93,0.9,5.0,U,-48.0,10.0,True,,2026-07-07T14:57:01.418+00:00,/dev/cu.usbserial-576B0005451,"RX,2142390,R35,TXL,N166,16,263916,G,1,0.93,0.90,5,U,-48,10.00"
RX,2142598,R35,TXF,N76,64,264131,E,0,0.87,0.84,5.0,U,-45.0,9.5,True,,2026-07-07T14:57:01.627+00:00,/dev/cu.usbserial-576B0005451,"RX,2142598,R35,TXF,N76,64,264131,E,0,0.87,0.84,5,U,-45,9.50"
RX,2142902,R35,TXD,N46,32,264430,G,1,0.93,0.9,5.0,U,-44.0,9.75,True,,2026-07-07T14:57:01.930+00:00,/dev/cu.usbserial-576B0005451,"RX,2142902,R35,TXD,N46,32,264430,G,1,0.93,0.90,5,U,-44,9.75"
RX,2143099,R35,TXA,N01,262,264626,G,1,0.93,0.9,5.0,F,-42.0,10.0,True,,2026-07-07T14:57:02.127+00:00,/dev/cu.usbserial-576B0005451,"RX,2143099,R35,TXA,N01,262,264626,G,1,0.93,0.90,5,F,-42,10.00"
RX,2143366,R35,TXB,N16,130,264892,E,0,0.87,0.84,5.0,U,-51.0,9.75,True,,2026-07-07T14:57:02.394+00:00,/dev/cu.usbserial-576B0005451,"RX,2143366,R35,TXB,N16,130,264892,E,0,0.87,0.84,5,U,-51,9.75"
RX,2143548,R35,TXG,N91,31,265080,G,1,0.93,0.9,5.0,U,-50.0,9.5,True,,2026-07-07T14:57:02.576+00:00,/dev/cu.usbserial-576B0005451,"RX,2143548,R35,TXG,N91,31,265080,G,1,0.93,0.90,5,U,-50,9.50"
RX,2143848,R35,TXE,N61,128,265379,A,1,0.75,0.72,5.0,U,-51.0,9.75,True,,2026-07-07T14:57:02.876+00:00,/dev/cu.usbserial-576B0005451,"RX,2143848,R35,TXE,N61,128,265379,A,1,0.75,0.72,5,U,-51,9.75"
RX,2144099,R35,TXA,N01,263,265626,H,0,0.32,0.3,5.0,F,-42.0,9.5,True,,2026-07-07T14:57:03.127+00:00,/dev/cu.usbserial-576B0005451,"RX,2144099,R35,TXA,N01,263,265626,H,0,0.32,0.30,5,F,-42,9.50"
RX,2144243,R35,TXK,N151,132,265763,A,1,0.75,0.72,5.0,U,-51.0,9.75,True,,2026-07-07T14:57:03.271+00:00,/dev/cu.usbserial-576B0005451,"RX,2144243,R35,TXK,N151,132,265763,A,1,0.75,0.72,5,U,-51,9.75"
RX,2144598,R35,TXF,N76,65,266131,G,1,0.93,0.9,5.0,U,-45.0,9.5,True,,2026-07-07T14:57:03.626+00:00,/dev/cu.usbserial-576B0005451,"RX,2144598,R35,TXF,N76,65,266131,G,1,0.93,0.90,5,U,-45,9.50"
RX,2144755,R35,TXJ,N136,31,266280,G,1,0.93,0.9,5.0,U,-53.0,9.25,True,,2026-07-07T14:57:03.783+00:00,/dev/cu.usbserial-576B0005451,"RX,2144755,R35,TXJ,N136,31,266280,G,1,0.93,0.90,5,U,-53,9.25"
RX,2144852,R35,TXC,N31,64,266381,E,0,0.87,0.84,5.0,U,-44.0,9.75,True,,2026-07-07T14:57:03.880+00:00,/dev/cu.usbserial-576B0005451,"RX,2144852,R35,TXC,N31,64,266381,E,0,0.87,0.84,5,U,-44,9.75"
RX,2145099,R35,TXA,N01,264,266626,A,1,0.75,0.72,5.0,F,-43.0,9.5,True,,2026-07-07T14:57:04.127+00:00,/dev/cu.usbserial-576B0005451,"RX,2145099,R35,TXA,N01,264,266626,A,1,0.75,0.72,5,F,-43,9.50"
RX,2145366,R35,TXB,N16,131,266892,G,1,0.93,0.9,5.0,U,-51.0,9.5,True,,2026-07-07T14:57:04.394+00:00,/dev/cu.usbserial-576B0005451,"RX,2145366,R35,TXB,N16,131,266892,G,1,0.93,0.90,5,U,-51,9.50"
RX,2145848,R35,TXE,N61,129,267379,C,1,0.81,0.78,5.0,U,-50.0,9.5,True,,2026-07-07T14:57:04.876+00:00,/dev/cu.usbserial-576B0005451,"RX,2145848,R35,TXE,N61,129,267379,C,1,0.81,0.78,5,U,-50,9.50"
RX,2145954,R35,TXI,N121,64,267480,E,0,0.87,0.84,5.0,U,-52.0,9.5,True,,2026-07-07T14:57:04.982+00:00,/dev/cu.usbserial-576B0005451,"RX,2145954,R35,TXI,N121,64,267480,E,0,0.87,0.84,5,U,-52,9.50"
RX,2146099,R35,TXA,N01,265,267626,B,1,0.2,0.18,5.0,F,-42.0,9.5,True,,2026-07-07T14:57:05.127+00:00,/dev/cu.usbserial-576B0005451,"RX,2146099,R35,TXA,N01,265,267626,B,1,0.20,0.18,5,F,-42,9.50"
RX,2146243,R35,TXK,N151,133,267763,C,0,0.81,0.78,5.0,U,-50.0,10.0,True,,2026-07-07T14:57:05.270+00:00,/dev/cu.usbserial-576B0005451,"RX,2146243,R35,TXK,N151,133,267763,C,0,0.81,0.78,5,U,-50,10.00"
RX,2146852,R35,TXC,N31,65,268381,G,1,0.93,0.9,5.0,U,-44.0,9.75,True,,2026-07-07T14:57:05.880+00:00,/dev/cu.usbserial-576B0005451,"RX,2146852,R35,TXC,N31,65,268381,G,1,0.93,0.90,5,U,-44,9.75"
RX,2147099,R35,TXA,N01,266,268626,C,0,0.81,0.78,5.0,F,-42.0,9.5,True,,2026-07-07T14:57:06.127+00:00,/dev/cu.usbserial-576B0005451,"RX,2147099,R35,TXA,N01,266,268626,C,0,0.81,0.78,5,F,-42,9.50"
RX,2147366,R35,TXB,N16,132,268892,A,1,0.75,0.72,5.0,U,-50.0,9.5,True,,2026-07-07T14:57:06.394+00:00,/dev/cu.usbserial-576B0005451,"RX,2147366,R35,TXB,N16,132,268892,A,1,0.75,0.72,5,U,-50,9.50"
RX,2147848,R35,TXE,N61,130,269379,E,0,0.87,0.84,5.0,U,-51.0,10.0,True,,2026-07-07T14:57:06.876+00:00,/dev/cu.usbserial-576B0005451,"RX,2147848,R35,TXE,N61,130,269379,E,0,0.87,0.84,5,U,-51,10.00"
RX,2147954,R35,TXI,N121,65,269480,G,1,0.93,0.9,5.0,U,-52.0,10.25,True,,2026-07-07T14:57:06.983+00:00,/dev/cu.usbserial-576B0005451,"RX,2147954,R35,TXI,N121,65,269480,G,1,0.93,0.90,5,U,-52,10.25"
RX,2148099,R35,TXA,N01,267,269626,D,1,0.24,0.22,5.0,F,-42.0,10.25,True,,2026-07-07T14:57:07.127+00:00,/dev/cu.usbserial-576B0005451,"RX,2148099,R35,TXA,N01,267,269626,D,1,0.24,0.22,5,F,-42,10.25"
RX,2148243,R35,TXK,N151,134,269763,E,1,0.87,0.84,5.0,U,-51.0,9.75,True,,2026-07-07T14:57:07.271+00:00,/dev/cu.usbserial-576B0005451,"RX,2148243,R35,TXK,N151,134,269763,E,1,0.87,0.84,5,U,-51,9.75"
RX,2149099,R35,TXA,N01,268,270626,E,1,0.87,0.84,5.0,F,-43.0,10.25,True,,2026-07-07T14:57:08.127+00:00,/dev/cu.usbserial-576B0005451,"RX,2149099,R35,TXA,N01,268,270626,E,1,0.87,0.84,5,F,-43,10.25"
RX,2149366,R35,TXB,N16,133,270892,C,0,0.81,0.78,5.0,U,-50.0,9.75,True,,2026-07-07T14:57:08.394+00:00,/dev/cu.usbserial-576B0005451,"RX,2149366,R35,TXB,N16,133,270892,C,0,0.81,0.78,5,U,-50,9.75"
RX,2149848,R35,TXE,N61,131,271379,G,1,0.93,0.9,5.0,U,-51.0,10.25,True,,2026-07-07T14:57:08.875+00:00,/dev/cu.usbserial-576B0005451,"RX,2149848,R35,TXE,N61,131,271379,G,1,0.93,0.90,5,U,-51,10.25"
RX,2150099,R35,TXA,N01,269,271626,F,0,0.28,0.26,5.0,F,-42.0,9.75,True,,2026-07-07T14:57:09.127+00:00,/dev/cu.usbserial-576B0005451,"RX,2150099,R35,TXA,N01,269,271626,F,0,0.28,0.26,5,F,-42,9.75"
RX,2150390,R35,TXL,N166,17,271916,G,1,0.93,0.9,5.0,U,-48.0,9.25,True,,2026-07-07T14:57:09.418+00:00,/dev/cu.usbserial-576B0005451,"RX,2150390,R35,TXL,N166,17,271916,G,1,0.93,0.90,5,U,-48,9.25"
RX,2150598,R35,TXF,N76,66,272131,E,1,0.87,0.84,5.0,U,-45.0,9.75,True,,2026-07-07T14:57:09.626+00:00,/dev/cu.usbserial-576B0005451,"RX,2150598,R35,TXF,N76,66,272131,E,1,0.87,0.84,5,U,-45,9.75"
RX,2150902,R35,TXD,N46,33,272430,G,1,0.93,0.9,5.0,U,-45.0,9.5,True,,2026-07-07T14:57:09.930+00:00,/dev/cu.usbserial-576B0005451,"RX,2150902,R35,TXD,N46,33,272430,G,1,0.93,0.90,5,U,-45,9.50"
RX,2151099,R35,TXA,N01,270,272626,G,1,0.93,0.9,5.0,F,-42.0,9.75,True,,2026-07-07T14:57:10.127+00:00,/dev/cu.usbserial-576B0005451,"RX,2151099,R35,TXA,N01,270,272626,G,1,0.93,0.90,5,F,-42,9.75"
RX,2151366,R35,TXB,N16,134,272892,E,1,0.87,0.84,5.0,U,-50.0,9.75,True,,2026-07-07T14:57:10.394+00:00,/dev/cu.usbserial-576B0005451,"RX,2151366,R35,TXB,N16,134,272892,E,1,0.87,0.84,5,U,-50,9.75"
RX,2151548,R35,TXG,N91,32,273080,G,1,0.93,0.9,5.0,U,-49.0,9.75,True,,2026-07-07T14:57:10.576+00:00,/dev/cu.usbserial-576B0005451,"RX,2151548,R35,TXG,N91,32,273080,G,1,0.93,0.90,5,U,-49,9.75"
RX,2151848,R35,TXE,N61,132,273379,A,1,0.75,0.72,5.0,U,-51.0,10.0,True,,2026-07-07T14:57:10.876+00:00,/dev/cu.usbserial-576B0005451,"RX,2151848,R35,TXE,N61,132,273379,A,1,0.75,0.72,5,U,-51,10.00"
RX,2152099,R35,TXA,N01,271,273626,H,1,0.32,0.3,5.0,F,-42.0,10.25,True,,2026-07-07T14:57:11.128+00:00,/dev/cu.usbserial-576B0005451,"RX,2152099,R35,TXA,N01,271,273626,H,1,0.32,0.30,5,F,-42,10.25"
RX,2152243,R35,TXK,N151,136,273763,A,0,0.75,0.72,5.0,U,-51.0,9.75,True,,2026-07-07T14:57:11.270+00:00,/dev/cu.usbserial-576B0005451,"RX,2152243,R35,TXK,N151,136,273763,A,0,0.75,0.72,5,U,-51,9.75"
RX,2152598,R35,TXF,N76,67,274131,G,1,0.93,0.9,5.0,U,-45.0,9.5,True,,2026-07-07T14:57:11.626+00:00,/dev/cu.usbserial-576B0005451,"RX,2152598,R35,TXF,N76,67,274131,G,1,0.93,0.90,5,U,-45,9.50"
RX,2152755,R35,TXJ,N136,32,274280,G,1,0.93,0.9,5.0,U,-53.0,9.75,True,,2026-07-07T14:57:11.782+00:00,/dev/cu.usbserial-576B0005451,"RX,2152755,R35,TXJ,N136,32,274280,G,1,0.93,0.90,5,U,-53,9.75"
RX,2152852,R35,TXC,N31,66,274381,E,1,0.87,0.84,5.0,U,-45.0,9.75,True,,2026-07-07T14:57:11.880+00:00,/dev/cu.usbserial-576B0005451,"RX,2152852,R35,TXC,N31,66,274381,E,1,0.87,0.84,5,U,-45,9.75"
RX,2153366,R35,TXB,N16,135,274892,G,1,0.93,0.9,5.0,U,-50.0,9.75,True,,2026-07-07T14:57:12.394+00:00,/dev/cu.usbserial-576B0005451,"RX,2153366,R35,TXB,N16,135,274892,G,1,0.93,0.90,5,U,-50,9.75"
RX,2153848,R35,TXE,N61,133,275379,C,0,0.81,0.78,5.0,U,-51.0,10.25,True,,2026-07-07T14:57:12.876+00:00,/dev/cu.usbserial-576B0005451,"RX,2153848,R35,TXE,N61,133,275379,C,0,0.81,0.78,5,U,-51,10.25"
RX,2153954,R35,TXI,N121,66,275480,E,1,0.87,0.84,5.0,U,-52.0,9.75,True,,2026-07-07T14:57:12.982+00:00,/dev/cu.usbserial-576B0005451,"RX,2153954,R35,TXI,N121,66,275480,E,1,0.87,0.84,5,U,-52,9.75"
RX,2154099,R35,TXA,N01,273,275626,B,1,0.2,0.18,5.0,F,-42.0,10.0,True,,2026-07-07T14:57:13.127+00:00,/dev/cu.usbserial-576B0005451,"RX,2154099,R35,TXA,N01,273,275626,B,1,0.20,0.18,5,F,-42,10.00"
RX,2154243,R35,TXK,N151,137,275763,C,1,0.81,0.78,5.0,U,-51.0,10.0,True,,2026-07-07T14:57:13.270+00:00,/dev/cu.usbserial-576B0005451,"RX,2154243,R35,TXK,N151,137,275763,C,1,0.81,0.78,5,U,-51,10.00"
RX,2154852,R35,TXC,N31,67,276381,G,1,0.93,0.9,5.0,U,-44.0,9.75,True,,2026-07-07T14:57:13.880+00:00,/dev/cu.usbserial-576B0005451,"RX,2154852,R35,TXC,N31,67,276381,G,1,0.93,0.90,5,U,-44,9.75"
RX,2155099,R35,TXA,N01,274,276626,C,1,0.81,0.78,5.0,F,-43.0,9.75,True,,2026-07-07T14:57:14.127+00:00,/dev/cu.usbserial-576B0005451,"RX,2155099,R35,TXA,N01,274,276626,C,1,0.81,0.78,5,F,-43,9.75"
RX,2155366,R35,TXB,N16,136,276892,A,0,0.75,0.72,5.0,U,-50.0,10.0,True,,2026-07-07T14:57:14.394+00:00,/dev/cu.usbserial-576B0005451,"RX,2155366,R35,TXB,N16,136,276892,A,0,0.75,0.72,5,U,-50,10.00"
RX,2155848,R35,TXE,N61,134,277379,E,1,0.87,0.84,5.0,U,-51.0,10.0,True,,2026-07-07T14:57:14.875+00:00,/dev/cu.usbserial-576B0005451,"RX,2155848,R35,TXE,N61,134,277379,E,1,0.87,0.84,5,U,-51,10.00"
RX,2155954,R35,TXI,N121,67,277480,G,1,0.93,0.9,5.0,U,-52.0,9.75,True,,2026-07-07T14:57:14.982+00:00,/dev/cu.usbserial-576B0005451,"RX,2155954,R35,TXI,N121,67,277480,G,1,0.93,0.90,5,U,-52,9.75"
RX,2156099,R35,TXA,N01,275,277626,D,0,0.24,0.22,5.0,F,-42.0,9.75,True,,2026-07-07T14:57:15.127+00:00,/dev/cu.usbserial-576B0005451,"RX,2156099,R35,TXA,N01,275,277626,D,0,0.24,0.22,5,F,-42,9.75"
RX,2156243,R35,TXK,N151,138,277763,E,1,0.87,0.84,5.0,U,-51.0,9.5,True,,2026-07-07T14:57:15.271+00:00,/dev/cu.usbserial-576B0005451,"RX,2156243,R35,TXK,N151,138,277763,E,1,0.87,0.84,5,U,-51,9.50"
RX,2157099,R35,TXA,N01,276,278626,E,1,0.87,0.84,5.0,F,-42.0,9.5,True,,2026-07-07T14:57:16.127+00:00,/dev/cu.usbserial-576B0005451,"RX,2157099,R35,TXA,N01,276,278626,E,1,0.87,0.84,5,F,-42,9.50"
RX,2157366,R35,TXB,N16,137,278892,C,1,0.81,0.78,5.0,U,-50.0,9.25,True,,2026-07-07T14:57:16.393+00:00,/dev/cu.usbserial-576B0005451,"RX,2157366,R35,TXB,N16,137,278892,C,1,0.81,0.78,5,U,-50,9.25"
RX,2157848,R35,TXE,N61,135,279379,G,1,0.93,0.9,5.0,U,-50.0,9.75,True,,2026-07-07T14:57:16.876+00:00,/dev/cu.usbserial-576B0005451,"RX,2157848,R35,TXE,N61,135,279379,G,1,0.93,0.90,5,U,-50,9.75"
RX,2158099,R35,TXA,N01,277,279626,F,1,0.28,0.26,5.0,F,-43.0,10.0,True,,2026-07-07T14:57:17.127+00:00,/dev/cu.usbserial-576B0005451,"RX,2158099,R35,TXA,N01,277,279626,F,1,0.28,0.26,5,F,-43,10.00"
RX,2158390,R35,TXL,N166,18,279916,G,0,0.93,0.9,5.0,U,-48.0,9.5,True,,2026-07-07T14:57:17.418+00:00,/dev/cu.usbserial-576B0005451,"RX,2158390,R35,TXL,N166,18,279916,G,0,0.93,0.90,5,U,-48,9.50"
RX,2158598,R35,TXF,N76,68,280131,E,1,0.87,0.84,5.0,U,-46.0,10.0,True,,2026-07-07T14:57:17.626+00:00,/dev/cu.usbserial-576B0005451,"RX,2158598,R35,TXF,N76,68,280131,E,1,0.87,0.84,5,U,-46,10.00"
RX,2158902,R35,TXD,N46,34,280430,G,0,0.93,0.9,5.0,U,-44.0,9.75,True,,2026-07-07T14:57:17.930+00:00,/dev/cu.usbserial-576B0005451,"RX,2158902,R35,TXD,N46,34,280430,G,0,0.93,0.90,5,U,-44,9.75"
RX,2159099,R35,TXA,N01,278,280626,G,0,0.93,0.9,5.0,F,-42.0,10.25,True,,2026-07-07T14:57:18.127+00:00,/dev/cu.usbserial-576B0005451,"RX,2159099,R35,TXA,N01,278,280626,G,0,0.93,0.90,5,F,-42,10.25"
RX,2159366,R35,TXB,N16,138,280892,E,1,0.87,0.84,5.0,U,-50.0,10.0,True,,2026-07-07T14:57:18.394+00:00,/dev/cu.usbserial-576B0005451,"RX,2159366,R35,TXB,N16,138,280892,E,1,0.87,0.84,5,U,-50,10.00"
RX,2159548,R35,TXG,N91,33,281080,G,1,0.93,0.9,5.0,U,-49.0,9.75,True,,2026-07-07T14:57:18.575+00:00,/dev/cu.usbserial-576B0005451,"RX,2159548,R35,TXG,N91,33,281080,G,1,0.93,0.90,5,U,-49,9.75"
RX,2159848,R35,TXE,N61,136,281379,A,0,0.75,0.72,5.0,U,-51.0,9.75,True,,2026-07-07T14:57:18.876+00:00,/dev/cu.usbserial-576B0005451,"RX,2159848,R35,TXE,N61,136,281379,A,0,0.75,0.72,5,U,-51,9.75"
RX,2160099,R35,TXA,N01,279,281626,H,1,0.32,0.3,5.0,F,-42.0,10.0,True,,2026-07-07T14:57:19.127+00:00,/dev/cu.usbserial-576B0005451,"RX,2160099,R35,TXA,N01,279,281626,H,1,0.32,0.30,5,F,-42,10.00"
RX,2160243,R35,TXK,N151,140,281763,A,1,0.75,0.72,5.0,U,-51.0,10.0,True,,2026-07-07T14:57:19.270+00:00,/dev/cu.usbserial-576B0005451,"RX,2160243,R35,TXK,N151,140,281763,A,1,0.75,0.72,5,U,-51,10.00"
RX,2160598,R35,TXF,N76,69,282131,G,0,0.93,0.9,5.0,U,-45.0,9.5,True,,2026-07-07T14:57:19.626+00:00,/dev/cu.usbserial-576B0005451,"RX,2160598,R35,TXF,N76,69,282131,G,0,0.93,0.90,5,U,-45,9.50"
RX,2160755,R35,TXJ,N136,33,282280,G,1,0.93,0.9,5.0,U,-54.0,9.75,True,,2026-07-07T14:57:19.783+00:00,/dev/cu.usbserial-576B0005451,"RX,2160755,R35,TXJ,N136,33,282280,G,1,0.93,0.90,5,U,-54,9.75"
RX,2160852,R35,TXC,N31,68,282381,E,1,0.87,0.84,5.0,U,-44.0,9.75,True,,2026-07-07T14:57:19.879+00:00,/dev/cu.usbserial-576B0005451,"RX,2160852,R35,TXC,N31,68,282381,E,1,0.87,0.84,5,U,-44,9.75"
RX,2161099,R35,TXA,N01,280,282626,A,1,0.75,0.72,5.0,F,-42.0,9.75,True,,2026-07-07T14:57:20.127+00:00,/dev/cu.usbserial-576B0005451,"RX,2161099,R35,TXA,N01,280,282626,A,1,0.75,0.72,5,F,-42,9.75"
RX,2161366,R35,TXB,N16,139,282892,G,0,0.93,0.9,5.0,U,-50.0,9.75,True,,2026-07-07T14:57:20.394+00:00,/dev/cu.usbserial-576B0005451,"RX,2161366,R35,TXB,N16,139,282892,G,0,0.93,0.90,5,U,-50,9.75"
RX,2161848,R35,TXE,N61,137,283379,C,1,0.81,0.78,5.0,U,-51.0,9.75,True,,2026-07-07T14:57:20.875+00:00,/dev/cu.usbserial-576B0005451,"RX,2161848,R35,TXE,N61,137,283379,C,1,0.81,0.78,5,U,-51,9.75"
RX,2161954,R35,TXI,N121,68,283480,E,1,0.87,0.84,5.0,U,-52.0,10.25,True,,2026-07-07T14:57:20.982+00:00,/dev/cu.usbserial-576B0005451,"RX,2161954,R35,TXI,N121,68,283480,E,1,0.87,0.84,5,U,-52,10.25"
RX,2162099,R35,TXA,N01,281,283626,B,0,0.2,0.18,5.0,F,-42.0,9.75,True,,2026-07-07T14:57:21.127+00:00,/dev/cu.usbserial-576B0005451,"RX,2162099,R35,TXA,N01,281,283626,B,0,0.20,0.18,5,F,-42,9.75"
RX,2162243,R35,TXK,N151,141,283763,C,1,0.81,0.78,5.0,U,-51.0,10.0,True,,2026-07-07T14:57:21.270+00:00,/dev/cu.usbserial-576B0005451,"RX,2162243,R35,TXK,N151,141,283763,C,1,0.81,0.78,5,U,-51,10.00"
RX,2162852,R35,TXC,N31,69,284381,G,0,0.93,0.9,5.0,U,-45.0,9.5,True,,2026-07-07T14:57:21.880+00:00,/dev/cu.usbserial-576B0005451,"RX,2162852,R35,TXC,N31,69,284381,G,0,0.93,0.90,5,U,-45,9.50"
RX,2163099,R35,TXA,N01,282,284626,C,1,0.81,0.78,5.0,F,-42.0,9.75,True,,2026-07-07T14:57:22.127+00:00,/dev/cu.usbserial-576B0005451,"RX,2163099,R35,TXA,N01,282,284626,C,1,0.81,0.78,5,F,-42,9.75"
RX,2163366,R35,TXB,N16,140,284892,A,1,0.75,0.72,5.0,U,-51.0,10.75,True,,2026-07-07T14:57:22.394+00:00,/dev/cu.usbserial-576B0005451,"RX,2163366,R35,TXB,N16,140,284892,A,1,0.75,0.72,5,U,-51,10.75"
RX,2163848,R35,TXE,N61,138,285379,E,1,0.87,0.84,5.0,U,-52.0,10.0,True,,2026-07-07T14:57:22.875+00:00,/dev/cu.usbserial-576B0005451,"RX,2163848,R35,TXE,N61,138,285379,E,1,0.87,0.84,5,U,-52,10.00"
RX,2163954,R35,TXI,N121,69,285480,G,0,0.93,0.9,5.0,U,-50.0,9.5,True,,2026-07-07T14:57:22.983+00:00,/dev/cu.usbserial-576B0005451,"RX,2163954,R35,TXI,N121,69,285480,G,0,0.93,0.90,5,U,-50,9.50"
RX,2164099,R35,TXA,N01,283,285626,D,1,0.24,0.22,5.0,F,-41.0,9.5,True,,2026-07-07T14:57:23.127+00:00,/dev/cu.usbserial-576B0005451,"RX,2164099,R35,TXA,N01,283,285626,D,1,0.24,0.22,5,F,-41,9.50"
RX,2164243,R35,TXK,N151,142,285763,E,0,0.87,0.84,5.0,U,-53.0,10.0,True,,2026-07-07T14:57:23.270+00:00,/dev/cu.usbserial-576B0005451,"RX,2164243,R35,TXK,N151,142,285763,E,0,0.87,0.84,5,U,-53,10.00"
RX,2165099,R35,TXA,N01,284,286626,E,0,0.87,0.84,5.0,F,-40.0,9.25,True,,2026-07-07T14:57:24.127+00:00,/dev/cu.usbserial-576B0005451,"RX,2165099,R35,TXA,N01,284,286626,E,0,0.87,0.84,5,F,-40,9.25"
RX,2165366,R35,TXB,N16,141,286892,C,1,0.81,0.78,5.0,U,-49.0,9.5,True,,2026-07-07T14:57:24.393+00:00,/dev/cu.usbserial-576B0005451,"RX,2165366,R35,TXB,N16,141,286892,C,1,0.81,0.78,5,U,-49,9.50"
RX,2165848,R35,TXE,N61,139,287379,G,0,0.93,0.9,5.0,U,-48.0,9.75,True,,2026-07-07T14:57:24.876+00:00,/dev/cu.usbserial-576B0005451,"RX,2165848,R35,TXE,N61,139,287379,G,0,0.93,0.90,5,U,-48,9.75"
RX,2166099,R35,TXA,N01,285,287626,F,1,0.28,0.26,5.0,F,-40.0,10.0,True,,2026-07-07T14:57:25.127+00:00,/dev/cu.usbserial-576B0005451,"RX,2166099,R35,TXA,N01,285,287626,F,1,0.28,0.26,5,F,-40,10.00"
RX,2166210,R35,TXH,N106,19,287742,G,1,0.93,0.9,5.0,U,-37.0,2.75,True,,2026-07-07T14:57:25.237+00:00,/dev/cu.usbserial-576B0005451,"RX,2166210,R35,TXH,N106,19,287742,G,1,0.93,0.90,5,U,-37,2.75"
RX,2166390,R35,TXL,N166,19,287916,G,1,0.93,0.9,5.0,U,-44.0,9.75,True,,2026-07-07T14:57:25.417+00:00,/dev/cu.usbserial-576B0005451,"RX,2166390,R35,TXL,N166,19,287916,G,1,0.93,0.90,5,U,-44,9.75"
RX,2166598,R35,TXF,N76,70,288131,E,0,0.87,0.84,5.0,U,-45.0,10.0,True,,2026-07-07T14:57:25.626+00:00,/dev/cu.usbserial-576B0005451,"RX,2166598,R35,TXF,N76,70,288131,E,0,0.87,0.84,5,U,-45,10.00"
RX,2166902,R35,TXD,N46,35,288430,G,1,0.93,0.9,5.0,U,-44.0,9.5,True,,2026-07-07T14:57:25.930+00:00,/dev/cu.usbserial-576B0005451,"RX,2166902,R35,TXD,N46,35,288430,G,1,0.93,0.90,5,U,-44,9.50"
RX,2167099,R35,TXA,N01,286,288626,G,1,0.93,0.9,5.0,F,-40.0,9.5,True,,2026-07-07T14:57:26.127+00:00,/dev/cu.usbserial-576B0005451,"RX,2167099,R35,TXA,N01,286,288626,G,1,0.93,0.90,5,F,-40,9.50"
RX,2167366,R35,TXB,N16,142,288892,E,0,0.87,0.84,5.0,U,-49.0,10.0,True,,2026-07-07T14:57:26.394+00:00,/dev/cu.usbserial-576B0005451,"RX,2167366,R35,TXB,N16,142,288892,E,0,0.87,0.84,5,U,-49,10.00"
RX,2167548,R35,TXG,N91,34,289080,G,0,0.93,0.9,5.0,U,-47.0,9.75,True,,2026-07-07T14:57:26.575+00:00,/dev/cu.usbserial-576B0005451,"RX,2167548,R35,TXG,N91,34,289080,G,0,0.93,0.90,5,U,-47,9.75"
RX,2167848,R35,TXE,N61,140,289379,A,1,0.75,0.72,5.0,U,-48.0,9.25,True,,2026-07-07T14:57:26.875+00:00,/dev/cu.usbserial-576B0005451,"RX,2167848,R35,TXE,N61,140,289379,A,1,0.75,0.72,5,U,-48,9.25"
RX,2168099,R35,TXA,N01,287,289626,H,0,0.32,0.3,5.0,F,-40.0,9.75,True,,2026-07-07T14:57:27.127+00:00,/dev/cu.usbserial-576B0005451,"RX,2168099,R35,TXA,N01,287,289626,H,0,0.32,0.30,5,F,-40,9.75"
RX,2168243,R35,TXK,N151,144,289763,A,1,0.75,0.72,5.0,U,-50.0,9.5,True,,2026-07-07T14:57:27.270+00:00,/dev/cu.usbserial-576B0005451,"RX,2168243,R35,TXK,N151,144,289763,A,1,0.75,0.72,5,U,-50,9.50"
RX,2168598,R35,TXF,N76,71,290131,G,1,0.93,0.9,5.0,U,-45.0,9.5,True,,2026-07-07T14:57:27.625+00:00,/dev/cu.usbserial-576B0005451,"RX,2168598,R35,TXF,N76,71,290131,G,1,0.93,0.90,5,U,-45,9.50"
RX,2168755,R35,TXJ,N136,34,290280,G,0,0.93,0.9,5.0,U,-59.0,9.25,True,,2026-07-07T14:57:27.782+00:00,/dev/cu.usbserial-576B0005451,"RX,2168755,R35,TXJ,N136,34,290280,G,0,0.93,0.90,5,U,-59,9.25"
RX,2168852,R35,TXC,N31,70,290381,E,0,0.87,0.84,5.0,U,-44.0,9.25,True,,2026-07-07T14:57:27.879+00:00,/dev/cu.usbserial-576B0005451,"RX,2168852,R35,TXC,N31,70,290381,E,0,0.87,0.84,5,U,-44,9.25"
RX,2169099,R35,TXA,N01,288,290626,A,1,0.75,0.72,5.0,F,-40.0,10.0,True,,2026-07-07T14:57:28.127+00:00,/dev/cu.usbserial-576B0005451,"RX,2169099,R35,TXA,N01,288,290626,A,1,0.75,0.72,5,F,-40,10.00"
RX,2169366,R35,TXB,N16,143,290892,G,1,0.93,0.9,5.0,U,-49.0,9.75,True,,2026-07-07T14:57:28.393+00:00,/dev/cu.usbserial-576B0005451,"RX,2169366,R35,TXB,N16,143,290892,G,1,0.93,0.90,5,U,-49,9.75"
RX,2169848,R35,TXE,N61,141,291379,C,1,0.81,0.78,5.0,U,-48.0,9.25,True,,2026-07-07T14:57:28.875+00:00,/dev/cu.usbserial-576B0005451,"RX,2169848,R35,TXE,N61,141,291379,C,1,0.81,0.78,5,U,-48,9.25"
RX,2169954,R35,TXI,N121,70,291480,E,0,0.87,0.84,5.0,U,-48.0,9.0,True,,2026-07-07T14:57:28.982+00:00,/dev/cu.usbserial-576B0005451,"RX,2169954,R35,TXI,N121,70,291480,E,0,0.87,0.84,5,U,-48,9.00"
RX,2170099,R35,TXA,N01,289,291626,B,1,0.2,0.18,5.0,F,-40.0,10.0,True,,2026-07-07T14:57:29.127+00:00,/dev/cu.usbserial-576B0005451,"RX,2170099,R35,TXA,N01,289,291626,B,1,0.20,0.18,5,F,-40,10.00"
RX,2170243,R35,TXK,N151,145,291763,C,0,0.81,0.78,5.0,U,-50.0,10.25,True,,2026-07-07T14:57:29.270+00:00,/dev/cu.usbserial-576B0005451,"RX,2170243,R35,TXK,N151,145,291763,C,0,0.81,0.78,5,U,-50,10.25"
RX,2170852,R35,TXC,N31,71,292381,G,1,0.93,0.9,5.0,U,-44.0,9.5,True,,2026-07-07T14:57:29.879+00:00,/dev/cu.usbserial-576B0005451,"RX,2170852,R35,TXC,N31,71,292381,G,1,0.93,0.90,5,U,-44,9.50"
RX,2171099,R35,TXA,N01,290,292626,C,0,0.81,0.78,5.0,F,-40.0,10.0,True,,2026-07-07T14:57:30.127+00:00,/dev/cu.usbserial-576B0005451,"RX,2171099,R35,TXA,N01,290,292626,C,0,0.81,0.78,5,F,-40,10.00"
RX,2171366,R35,TXB,N16,144,292892,A,1,0.75,0.72,5.0,U,-49.0,10.0,True,,2026-07-07T14:57:30.394+00:00,/dev/cu.usbserial-576B0005451,"RX,2171366,R35,TXB,N16,144,292892,A,1,0.75,0.72,5,U,-49,10.00"
RX,2171848,R35,TXE,N61,142,293379,E,0,0.87,0.84,5.0,U,-48.0,9.0,True,,2026-07-07T14:57:30.875+00:00,/dev/cu.usbserial-576B0005451,"RX,2171848,R35,TXE,N61,142,293379,E,0,0.87,0.84,5,U,-48,9.00"
RX,2171954,R35,TXI,N121,71,293480,G,1,0.93,0.9,5.0,U,-48.0,9.75,True,,2026-07-07T14:57:30.982+00:00,/dev/cu.usbserial-576B0005451,"RX,2171954,R35,TXI,N121,71,293480,G,1,0.93,0.90,5,U,-48,9.75"
RX,2172099,R35,TXA,N01,291,293626,D,1,0.24,0.22,5.0,F,-40.0,10.0,True,,2026-07-07T14:57:31.127+00:00,/dev/cu.usbserial-576B0005451,"RX,2172099,R35,TXA,N01,291,293626,D,1,0.24,0.22,5,F,-40,10.00"
RX,2172243,R35,TXK,N151,146,293763,E,1,0.87,0.84,5.0,U,-50.0,9.75,True,,2026-07-07T14:57:31.270+00:00,/dev/cu.usbserial-576B0005451,"RX,2172243,R35,TXK,N151,146,293763,E,1,0.87,0.84,5,U,-50,9.75"
RX,2173099,R35,TXA,N01,292,294626,E,1,0.87,0.84,5.0,F,-40.0,9.5,True,,2026-07-07T14:57:32.127+00:00,/dev/cu.usbserial-576B0005451,"RX,2173099,R35,TXA,N01,292,294626,E,1,0.87,0.84,5,F,-40,9.50"
RX,2173366,R35,TXB,N16,145,294892,C,0,0.81,0.78,5.0,U,-49.0,9.5,True,,2026-07-07T14:57:32.393+00:00,/dev/cu.usbserial-576B0005451,"RX,2173366,R35,TXB,N16,145,294892,C,0,0.81,0.78,5,U,-49,9.50"
RX,2173848,R35,TXE,N61,143,295379,G,1,0.93,0.9,5.0,U,-48.0,9.5,True,,2026-07-07T14:57:32.875+00:00,/dev/cu.usbserial-576B0005451,"RX,2173848,R35,TXE,N61,143,295379,G,1,0.93,0.90,5,U,-48,9.50"
RX,2174099,R35,TXA,N01,293,295626,F,0,0.28,0.26,5.0,F,-40.0,10.25,True,,2026-07-07T14:57:33.127+00:00,/dev/cu.usbserial-576B0005451,"RX,2174099,R35,TXA,N01,293,295626,F,0,0.28,0.26,5,F,-40,10.25"
RX,2174243,R35,TXK,N151,147,295763,G,1,0.93,0.9,5.0,U,-50.0,10.25,True,,2026-07-07T14:57:33.270+00:00,/dev/cu.usbserial-576B0005451,"RX,2174243,R35,TXK,N151,147,295763,G,1,0.93,0.90,5,U,-50,10.25"
RX,2174598,R35,TXF,N76,72,296131,E,1,0.87,0.84,5.0,U,-45.0,9.5,True,,2026-07-07T14:57:33.626+00:00,/dev/cu.usbserial-576B0005451,"RX,2174598,R35,TXF,N76,72,296131,E,1,0.87,0.84,5,U,-45,9.50"
RX,2174902,R35,TXD,N46,36,296430,G,1,0.93,0.9,5.0,U,-44.0,9.75,True,,2026-07-07T14:57:33.930+00:00,/dev/cu.usbserial-576B0005451,"RX,2174902,R35,TXD,N46,36,296430,G,1,0.93,0.90,5,U,-44,9.75"
RX,2175099,R35,TXA,N01,294,296626,G,1,0.93,0.9,5.0,F,-40.0,10.0,True,,2026-07-07T14:57:34.127+00:00,/dev/cu.usbserial-576B0005451,"RX,2175099,R35,TXA,N01,294,296626,G,1,0.93,0.90,5,F,-40,10.00"
RX,2175366,R35,TXB,N16,146,296892,E,1,0.87,0.84,5.0,U,-50.0,9.5,True,,2026-07-07T14:57:34.394+00:00,/dev/cu.usbserial-576B0005451,"RX,2175366,R35,TXB,N16,146,296892,E,1,0.87,0.84,5,U,-50,9.50"
RX,2175548,R35,TXG,N91,35,297080,G,1,0.93,0.9,5.0,U,-48.0,9.5,True,,2026-07-07T14:57:34.575+00:00,/dev/cu.usbserial-576B0005451,"RX,2175548,R35,TXG,N91,35,297080,G,1,0.93,0.90,5,U,-48,9.50"
RX,2175848,R35,TXE,N61,144,297379,A,1,0.75,0.72,5.0,U,-49.0,9.25,True,,2026-07-07T14:57:34.875+00:00,/dev/cu.usbserial-576B0005451,"RX,2175848,R35,TXE,N61,144,297379,A,1,0.75,0.72,5,U,-49,9.25"
RX,2176099,R35,TXA,N01,295,297626,H,1,0.32,0.3,5.0,F,-40.0,10.0,True,,2026-07-07T14:57:35.127+00:00,/dev/cu.usbserial-576B0005451,"RX,2176099,R35,TXA,N01,295,297626,H,1,0.32,0.30,5,F,-40,10.00"
RX,2176243,R35,TXK,N151,148,297763,A,0,0.75,0.72,5.0,U,-50.0,9.5,True,,2026-07-07T14:57:35.270+00:00,/dev/cu.usbserial-576B0005451,"RX,2176243,R35,TXK,N151,148,297763,A,0,0.75,0.72,5,U,-50,9.50"
RX,2176598,R35,TXF,N76,73,298131,G,1,0.93,0.9,5.0,U,-44.0,9.25,True,,2026-07-07T14:57:35.626+00:00,/dev/cu.usbserial-576B0005451,"RX,2176598,R35,TXF,N76,73,298131,G,1,0.93,0.90,5,U,-44,9.25"
RX,2176755,R35,TXJ,N136,35,298280,G,1,0.93,0.9,5.0,U,-59.0,9.25,True,,2026-07-07T14:57:35.782+00:00,/dev/cu.usbserial-576B0005451,"RX,2176755,R35,TXJ,N136,35,298280,G,1,0.93,0.90,5,U,-59,9.25"
RX,2176852,R35,TXC,N31,72,298381,E,1,0.87,0.84,5.0,U,-43.0,9.5,True,,2026-07-07T14:57:35.879+00:00,/dev/cu.usbserial-576B0005451,"RX,2176852,R35,TXC,N31,72,298381,E,1,0.87,0.84,5,U,-43,9.50"
RX,2177099,R35,TXA,N01,296,298626,A,0,0.75,0.72,5.0,F,-40.0,11.0,True,,2026-07-07T14:57:36.127+00:00,/dev/cu.usbserial-576B0005451,"RX,2177099,R35,TXA,N01,296,298626,A,0,0.75,0.72,5,F,-40,11.00"
RX,2177366,R35,TXB,N16,147,298892,G,1,0.93,0.9,5.0,U,-49.0,9.75,True,,2026-07-07T14:57:36.394+00:00,/dev/cu.usbserial-576B0005451,"RX,2177366,R35,TXB,N16,147,298892,G,1,0.93,0.90,5,U,-49,9.75"
RX,2177848,R35,TXE,N61,145,299379,C,0,0.81,0.78,5.0,U,-48.0,9.5,True,,2026-07-07T14:57:36.875+00:00,/dev/cu.usbserial-576B0005451,"RX,2177848,R35,TXE,N61,145,299379,C,0,0.81,0.78,5,U,-48,9.50"
RX,2177954,R35,TXI,N121,72,299480,E,1,0.87,0.84,5.0,U,-48.0,9.5,True,,2026-07-07T14:57:36.982+00:00,/dev/cu.usbserial-576B0005451,"RX,2177954,R35,TXI,N121,72,299480,E,1,0.87,0.84,5,U,-48,9.50"
RX,2178099,R35,TXA,N01,297,299626,B,1,0.2,0.18,5.0,F,-40.0,9.5,True,,2026-07-07T14:57:37.127+00:00,/dev/cu.usbserial-576B0005451,"RX,2178099,R35,TXA,N01,297,299626,B,1,0.20,0.18,5,F,-40,9.50"
RX,2178243,R35,TXK,N151,149,299763,C,1,0.81,0.78,5.0,U,-51.0,9.75,True,,2026-07-07T14:57:37.270+00:00,/dev/cu.usbserial-576B0005451,"RX,2178243,R35,TXK,N151,149,299763,C,1,0.81,0.78,5,U,-51,9.75"
RX,2178852,R35,TXC,N31,73,300381,G,1,0.93,0.9,5.0,U,-43.0,10.0,True,,2026-07-07T14:57:37.879+00:00,/dev/cu.usbserial-576B0005451,"RX,2178852,R35,TXC,N31,73,300381,G,1,0.93,0.90,5,U,-43,10.00"
RX,2179099,R35,TXA,N01,298,300626,C,1,0.81,0.78,5.0,F,-40.0,9.25,True,,2026-07-07T14:57:38.127+00:00,/dev/cu.usbserial-576B0005451,"RX,2179099,R35,TXA,N01,298,300626,C,1,0.81,0.78,5,F,-40,9.25"
RX,2179366,R35,TXB,N16,148,300892,A,0,0.75,0.72,5.0,U,-49.0,9.75,True,,2026-07-07T14:57:38.394+00:00,/dev/cu.usbserial-576B0005451,"RX,2179366,R35,TXB,N16,148,300892,A,0,0.75,0.72,5,U,-49,9.75"
RX,2179848,R35,TXE,N61,146,301379,E,1,0.87,0.84,5.0,U,-49.0,9.25,True,,2026-07-07T14:57:38.875+00:00,/dev/cu.usbserial-576B0005451,"RX,2179848,R35,TXE,N61,146,301379,E,1,0.87,0.84,5,U,-49,9.25"
RX,2179954,R35,TXI,N121,73,301480,G,1,0.93,0.9,5.0,U,-46.0,9.75,True,,2026-07-07T14:57:38.982+00:00,/dev/cu.usbserial-576B0005451,"RX,2179954,R35,TXI,N121,73,301480,G,1,0.93,0.90,5,U,-46,9.75"
RX,2180099,R35,TXA,N01,299,301626,D,0,0.24,0.22,5.0,F,-39.0,9.5,True,,2026-07-07T14:57:39.127+00:00,/dev/cu.usbserial-576B0005451,"RX,2180099,R35,TXA,N01,299,301626,D,0,0.24,0.22,5,F,-39,9.50"
RX,2180243,R35,TXK,N151,150,301763,E,1,0.87,0.84,5.0,U,-49.0,9.75,True,,2026-07-07T14:57:39.270+00:00,/dev/cu.usbserial-576B0005451,"RX,2180243,R35,TXK,N151,150,301763,E,1,0.87,0.84,5,U,-49,9.75"
RX,2181099,R35,TXA,N01,300,302626,E,1,0.87,0.84,5.0,F,-40.0,9.75,True,,2026-07-07T14:57:40.127+00:00,/dev/cu.usbserial-576B0005451,"RX,2181099,R35,TXA,N01,300,302626,E,1,0.87,0.84,5,F,-40,9.75"
RX,2181366,R35,TXB,N16,149,302892,C,1,0.81,0.78,5.0,U,-49.0,10.0,True,,2026-07-07T14:57:40.393+00:00,/dev/cu.usbserial-576B0005451,"RX,2181366,R35,TXB,N16,149,302892,C,1,0.81,0.78,5,U,-49,10.00"
RX,2181848,R35,TXE,N61,147,303379,G,1,0.93,0.9,5.0,U,-48.0,9.5,True,,2026-07-07T14:57:40.875+00:00,/dev/cu.usbserial-576B0005451,"RX,2181848,R35,TXE,N61,147,303379,G,1,0.93,0.90,5,U,-48,9.50"
RX,2182099,R35,TXA,N01,301,303626,F,1,0.28,0.26,5.0,F,-40.0,9.75,True,,2026-07-07T14:57:41.127+00:00,/dev/cu.usbserial-576B0005451,"RX,2182099,R35,TXA,N01,301,303626,F,1,0.28,0.26,5,F,-40,9.75"
RX,2182243,R35,TXK,N151,151,303763,G,0,0.93,0.9,5.0,U,-51.0,10.0,True,,2026-07-07T14:57:41.270+00:00,/dev/cu.usbserial-576B0005451,"RX,2182243,R35,TXK,N151,151,303763,G,0,0.93,0.90,5,U,-51,10.00"
RX,2182598,R35,TXF,N76,74,304131,E,1,0.87,0.84,5.0,U,-44.0,9.5,True,,2026-07-07T14:57:41.625+00:00,/dev/cu.usbserial-576B0005451,"RX,2182598,R35,TXF,N76,74,304131,E,1,0.87,0.84,5,U,-44,9.50"
RX,2182902,R35,TXD,N46,37,304430,G,0,0.93,0.9,5.0,U,-44.0,9.5,True,,2026-07-07T14:57:41.929+00:00,/dev/cu.usbserial-576B0005451,"RX,2182902,R35,TXD,N46,37,304430,G,0,0.93,0.90,5,U,-44,9.50"
RX,2183099,R35,TXA,N01,302,304626,G,0,0.93,0.9,5.0,F,-40.0,9.75,True,,2026-07-07T14:57:42.127+00:00,/dev/cu.usbserial-576B0005451,"RX,2183099,R35,TXA,N01,302,304626,G,0,0.93,0.90,5,F,-40,9.75"
RX,2183366,R35,TXB,N16,150,304892,E,1,0.87,0.84,5.0,U,-49.0,9.75,True,,2026-07-07T14:57:42.394+00:00,/dev/cu.usbserial-576B0005451,"RX,2183366,R35,TXB,N16,150,304892,E,1,0.87,0.84,5,U,-49,9.75"
RX,2183548,R35,TXG,N91,36,305080,G,1,0.93,0.9,5.0,U,-47.0,9.25,True,,2026-07-07T14:57:42.575+00:00,/dev/cu.usbserial-576B0005451,"RX,2183548,R35,TXG,N91,36,305080,G,1,0.93,0.90,5,U,-47,9.25"
RX,2183848,R35,TXE,N61,148,305379,A,0,0.75,0.72,5.0,U,-48.0,9.5,True,,2026-07-07T14:57:42.875+00:00,/dev/cu.usbserial-576B0005451,"RX,2183848,R35,TXE,N61,148,305379,A,0,0.75,0.72,5,U,-48,9.50"
RX,2184099,R35,TXA,N01,303,305626,H,1,0.32,0.3,5.0,F,-40.0,9.75,True,,2026-07-07T14:57:43.127+00:00,/dev/cu.usbserial-576B0005451,"RX,2184099,R35,TXA,N01,303,305626,H,1,0.32,0.30,5,F,-40,9.75"
RX,2184243,R35,TXK,N151,152,305763,A,1,0.75,0.72,5.0,U,-50.0,9.75,True,,2026-07-07T14:57:43.270+00:00,/dev/cu.usbserial-576B0005451,"RX,2184243,R35,TXK,N151,152,305763,A,1,0.75,0.72,5,U,-50,9.75"
RX,2184598,R35,TXF,N76,75,306131,G,0,0.93,0.9,5.0,U,-45.0,9.5,True,,2026-07-07T14:57:43.626+00:00,/dev/cu.usbserial-576B0005451,"RX,2184598,R35,TXF,N76,75,306131,G,0,0.93,0.90,5,U,-45,9.50"
RX,2184755,R35,TXJ,N136,36,306280,G,1,0.93,0.9,5.0,U,-59.0,9.25,True,,2026-07-07T14:57:43.782+00:00,/dev/cu.usbserial-576B0005451,"RX,2184755,R35,TXJ,N136,36,306280,G,1,0.93,0.90,5,U,-59,9.25"
RX,2184852,R35,TXC,N31,74,306381,E,1,0.87,0.84,5.0,U,-44.0,9.25,True,,2026-07-07T14:57:43.879+00:00,/dev/cu.usbserial-576B0005451,"RX,2184852,R35,TXC,N31,74,306381,E,1,0.87,0.84,5,U,-44,9.25"
RX,2185099,R35,TXA,N01,304,306626,A,1,0.75,0.72,5.0,F,-40.0,9.5,True,,2026-07-07T14:57:44.127+00:00,/dev/cu.usbserial-576B0005451,"RX,2185099,R35,TXA,N01,304,306626,A,1,0.75,0.72,5,F,-40,9.50"
RX,2185366,R35,TXB,N16,151,306892,G,0,0.93,0.9,5.0,U,-49.0,10.25,True,,2026-07-07T14:57:44.394+00:00,/dev/cu.usbserial-576B0005451,"RX,2185366,R35,TXB,N16,151,306892,G,0,0.93,0.90,5,U,-49,10.25"
RX,2185848,R35,TXE,N61,149,307379,C,1,0.81,0.78,5.0,U,-48.0,9.25,True,,2026-07-07T14:57:44.875+00:00,/dev/cu.usbserial-576B0005451,"RX,2185848,R35,TXE,N61,149,307379,C,1,0.81,0.78,5,U,-48,9.25"
RX,2185954,R35,TXI,N121,74,307480,E,1,0.87,0.84,5.0,U,-47.0,10.0,True,,2026-07-07T14:57:44.981+00:00,/dev/cu.usbserial-576B0005451,"RX,2185954,R35,TXI,N121,74,307480,E,1,0.87,0.84,5,U,-47,10.00"
RX,2186099,R35,TXA,N01,305,307626,B,0,0.2,0.18,5.0,F,-40.0,9.5,True,,2026-07-07T14:57:45.127+00:00,/dev/cu.usbserial-576B0005451,"RX,2186099,R35,TXA,N01,305,307626,B,0,0.20,0.18,5,F,-40,9.50"
RX,2186243,R35,TXK,N151,153,307763,C,1,0.81,0.78,5.0,U,-50.0,10.25,True,,2026-07-07T14:57:45.270+00:00,/dev/cu.usbserial-576B0005451,"RX,2186243,R35,TXK,N151,153,307763,C,1,0.81,0.78,5,U,-50,10.25"
RX,2186852,R35,TXC,N31,75,308381,G,0,0.93,0.9,5.0,U,-43.0,10.5,True,,2026-07-07T14:57:45.879+00:00,/dev/cu.usbserial-576B0005451,"RX,2186852,R35,TXC,N31,75,308381,G,0,0.93,0.90,5,U,-43,10.50"
RX,2187099,R35,TXA,N01,306,308626,C,1,0.81,0.78,5.0,F,-40.0,9.75,True,,2026-07-07T14:57:46.127+00:00,/dev/cu.usbserial-576B0005451,"RX,2187099,R35,TXA,N01,306,308626,C,1,0.81,0.78,5,F,-40,9.75"
RX,2187366,R35,TXB,N16,152,308892,A,1,0.75,0.72,5.0,U,-49.0,9.75,True,,2026-07-07T14:57:46.394+00:00,/dev/cu.usbserial-576B0005451,"RX,2187366,R35,TXB,N16,152,308892,A,1,0.75,0.72,5,U,-49,9.75"
RX,2187848,R35,TXE,N61,150,309379,E,1,0.87,0.84,5.0,U,-48.0,9.25,True,,2026-07-07T14:57:46.875+00:00,/dev/cu.usbserial-576B0005451,"RX,2187848,R35,TXE,N61,150,309379,E,1,0.87,0.84,5,U,-48,9.25"
RX,2187954,R35,TXI,N121,75,309480,G,0,0.93,0.9,5.0,U,-47.0,9.75,True,,2026-07-07T14:57:46.982+00:00,/dev/cu.usbserial-576B0005451,"RX,2187954,R35,TXI,N121,75,309480,G,0,0.93,0.90,5,U,-47,9.75"
RX,2188099,R35,TXA,N01,307,309626,D,1,0.24,0.22,5.0,F,-40.0,9.75,True,,2026-07-07T14:57:47.127+00:00,/dev/cu.usbserial-576B0005451,"RX,2188099,R35,TXA,N01,307,309626,D,1,0.24,0.22,5,F,-40,9.75"
RX,2188243,R35,TXK,N151,154,309763,E,0,0.87,0.84,5.0,U,-50.0,9.75,True,,2026-07-07T14:57:47.270+00:00,/dev/cu.usbserial-576B0005451,"RX,2188243,R35,TXK,N151,154,309763,E,0,0.87,0.84,5,U,-50,9.75"
RX,2189099,R35,TXA,N01,308,310626,E,0,0.87,0.84,5.0,F,-39.0,10.0,True,,2026-07-07T14:57:48.127+00:00,/dev/cu.usbserial-576B0005451,"RX,2189099,R35,TXA,N01,308,310626,E,0,0.87,0.84,5,F,-39,10.00"
RX,2189366,R35,TXB,N16,153,310892,C,1,0.81,0.78,5.0,U,-49.0,9.75,True,,2026-07-07T14:57:48.393+00:00,/dev/cu.usbserial-576B0005451,"RX,2189366,R35,TXB,N16,153,310892,C,1,0.81,0.78,5,U,-49,9.75"
RX,2189848,R35,TXE,N61,151,311379,G,0,0.93,0.9,5.0,U,-48.0,9.25,True,,2026-07-07T14:57:48.875+00:00,/dev/cu.usbserial-576B0005451,"RX,2189848,R35,TXE,N61,151,311379,G,0,0.93,0.90,5,U,-48,9.25"
RX,2190099,R35,TXA,N01,309,311626,F,1,0.28,0.26,5.0,F,-40.0,11.0,True,,2026-07-07T14:57:49.126+00:00,/dev/cu.usbserial-576B0005451,"RX,2190099,R35,TXA,N01,309,311626,F,1,0.28,0.26,5,F,-40,11.00"
RX,2190243,R35,TXK,N151,155,311763,G,1,0.93,0.9,5.0,U,-50.0,9.5,True,,2026-07-07T14:57:49.270+00:00,/dev/cu.usbserial-576B0005451,"RX,2190243,R35,TXK,N151,155,311763,G,1,0.93,0.90,5,U,-50,9.50"
RX,2190598,R35,TXF,N76,76,312131,E,0,0.87,0.84,5.0,U,-44.0,9.25,True,,2026-07-07T14:57:49.625+00:00,/dev/cu.usbserial-576B0005451,"RX,2190598,R35,TXF,N76,76,312131,E,0,0.87,0.84,5,U,-44,9.25"
RX,2190902,R35,TXD,N46,38,312430,G,1,0.93,0.9,5.0,U,-45.0,9.5,True,,2026-07-07T14:57:49.929+00:00,/dev/cu.usbserial-576B0005451,"RX,2190902,R35,TXD,N46,38,312430,G,1,0.93,0.90,5,U,-45,9.50"
RX,2191099,R35,TXA,N01,310,312626,G,1,0.93,0.9,5.0,F,-39.0,9.5,True,,2026-07-07T14:57:50.126+00:00,/dev/cu.usbserial-576B0005451,"RX,2191099,R35,TXA,N01,310,312626,G,1,0.93,0.90,5,F,-39,9.50"
RX,2191366,R35,TXB,N16,154,312892,E,0,0.87,0.84,5.0,U,-49.0,9.5,True,,2026-07-07T14:57:50.393+00:00,/dev/cu.usbserial-576B0005451,"RX,2191366,R35,TXB,N16,154,312892,E,0,0.87,0.84,5,U,-49,9.50"
RX,2191548,R35,TXG,N91,37,313080,G,0,0.93,0.9,5.0,U,-46.0,10.0,True,,2026-07-07T14:57:50.575+00:00,/dev/cu.usbserial-576B0005451,"RX,2191548,R35,TXG,N91,37,313080,G,0,0.93,0.90,5,U,-46,10.00"
RX,2191848,R35,TXE,N61,152,313379,A,1,0.75,0.72,5.0,U,-48.0,9.25,True,,2026-07-07T14:57:50.874+00:00,/dev/cu.usbserial-576B0005451,"RX,2191848,R35,TXE,N61,152,313379,A,1,0.75,0.72,5,U,-48,9.25"
RX,2192099,R35,TXA,N01,311,313626,H,0,0.32,0.3,5.0,F,-39.0,10.25,True,,2026-07-07T14:57:51.127+00:00,/dev/cu.usbserial-576B0005451,"RX,2192099,R35,TXA,N01,311,313626,H,0,0.32,0.30,5,F,-39,10.25"
RX,2192243,R35,TXK,N151,156,313763,A,1,0.75,0.72,5.0,U,-51.0,9.5,True,,2026-07-07T14:57:51.269+00:00,/dev/cu.usbserial-576B0005451,"RX,2192243,R35,TXK,N151,156,313763,A,1,0.75,0.72,5,U,-51,9.50"
RX,2192598,R35,TXF,N76,77,314131,G,1,0.93,0.9,5.0,U,-44.0,9.75,True,,2026-07-07T14:57:51.625+00:00,/dev/cu.usbserial-576B0005451,"RX,2192598,R35,TXF,N76,77,314131,G,1,0.93,0.90,5,U,-44,9.75"
RX,2192755,R35,TXJ,N136,37,314280,G,0,0.93,0.9,5.0,U,-59.0,9.25,True,,2026-07-07T14:57:51.782+00:00,/dev/cu.usbserial-576B0005451,"RX,2192755,R35,TXJ,N136,37,314280,G,0,0.93,0.90,5,U,-59,9.25"
RX,2192852,R35,TXC,N31,76,314381,E,0,0.87,0.84,5.0,U,-44.0,9.5,True,,2026-07-07T14:57:51.879+00:00,/dev/cu.usbserial-576B0005451,"RX,2192852,R35,TXC,N31,76,314381,E,0,0.87,0.84,5,U,-44,9.50"
RX,2193099,R35,TXA,N01,312,314626,A,1,0.75,0.72,5.0,F,-40.0,10.0,True,,2026-07-07T14:57:52.126+00:00,/dev/cu.usbserial-576B0005451,"RX,2193099,R35,TXA,N01,312,314626,A,1,0.75,0.72,5,F,-40,10.00"
RX,2193366,R35,TXB,N16,155,314892,G,1,0.93,0.9,5.0,U,-49.0,9.5,True,,2026-07-07T14:57:52.393+00:00,/dev/cu.usbserial-576B0005451,"RX,2193366,R35,TXB,N16,155,314892,G,1,0.93,0.90,5,U,-49,9.50"
RX,2193848,R35,TXE,N61,153,315379,C,1,0.81,0.78,5.0,U,-48.0,9.25,True,,2026-07-07T14:57:52.875+00:00,/dev/cu.usbserial-576B0005451,"RX,2193848,R35,TXE,N61,153,315379,C,1,0.81,0.78,5,U,-48,9.25"
RX,2193954,R35,TXI,N121,76,315480,E,0,0.87,0.84,5.0,U,-47.0,10.0,True,,2026-07-07T14:57:52.981+00:00,/dev/cu.usbserial-576B0005451,"RX,2193954,R35,TXI,N121,76,315480,E,0,0.87,0.84,5,U,-47,10.00"
RX,2194099,R35,TXA,N01,313,315626,B,1,0.2,0.18,5.0,F,-39.0,9.75,True,,2026-07-07T14:57:53.127+00:00,/dev/cu.usbserial-576B0005451,"RX,2194099,R35,TXA,N01,313,315626,B,1,0.20,0.18,5,F,-39,9.75"
RX,2194243,R35,TXK,N151,157,315763,C,0,0.81,0.78,5.0,U,-50.0,9.5,True,,2026-07-07T14:57:53.270+00:00,/dev/cu.usbserial-576B0005451,"RX,2194243,R35,TXK,N151,157,315763,C,0,0.81,0.78,5,U,-50,9.50"
RX,2194852,R35,TXC,N31,77,316381,G,1,0.93,0.9,5.0,U,-43.0,10.0,True,,2026-07-07T14:57:53.879+00:00,/dev/cu.usbserial-576B0005451,"RX,2194852,R35,TXC,N31,77,316381,G,1,0.93,0.90,5,U,-43,10.00"
RX,2195099,R35,TXA,N01,314,316626,C,0,0.81,0.78,5.0,F,-40.0,9.25,True,,2026-07-07T14:57:54.126+00:00,/dev/cu.usbserial-576B0005451,"RX,2195099,R35,TXA,N01,314,316626,C,0,0.81,0.78,5,F,-40,9.25"
RX,2195366,R35,TXB,N16,156,316892,A,1,0.75,0.72,5.0,U,-48.0,9.5,True,,2026-07-07T14:57:54.393+00:00,/dev/cu.usbserial-576B0005451,"RX,2195366,R35,TXB,N16,156,316892,A,1,0.75,0.72,5,U,-48,9.50"
RX,2195848,R35,TXE,N61,154,317379,E,0,0.87,0.84,5.0,U,-46.0,9.25,True,,2026-07-07T14:57:54.875+00:00,/dev/cu.usbserial-576B0005451,"RX,2195848,R35,TXE,N61,154,317379,E,0,0.87,0.84,5,U,-46,9.25"
RX,2195954,R35,TXI,N121,77,317480,G,1,0.93,0.9,5.0,U,-47.0,9.75,True,,2026-07-07T14:57:54.981+00:00,/dev/cu.usbserial-576B0005451,"RX,2195954,R35,TXI,N121,77,317480,G,1,0.93,0.90,5,U,-47,9.75"
RX,2196099,R35,TXA,N01,315,317626,D,1,0.24,0.22,5.0,F,-41.0,9.75,True,,2026-07-07T14:57:55.126+00:00,/dev/cu.usbserial-576B0005451,"RX,2196099,R35,TXA,N01,315,317626,D,1,0.24,0.22,5,F,-41,9.75"
RX,2196243,R35,TXK,N151,158,317763,E,1,0.87,0.84,5.0,U,-51.0,9.75,True,,2026-07-07T14:57:55.270+00:00,/dev/cu.usbserial-576B0005451,"RX,2196243,R35,TXK,N151,158,317763,E,1,0.87,0.84,5,U,-51,9.75"
RX,2197099,R35,TXA,N01,316,318626,E,1,0.87,0.84,5.0,F,-41.0,9.25,True,,2026-07-07T14:57:56.126+00:00,/dev/cu.usbserial-576B0005451,"RX,2197099,R35,TXA,N01,316,318626,E,1,0.87,0.84,5,F,-41,9.25"
RX,2197366,R35,TXB,N16,157,318892,C,0,0.81,0.78,5.0,U,-50.0,9.75,True,,2026-07-07T14:57:56.393+00:00,/dev/cu.usbserial-576B0005451,"RX,2197366,R35,TXB,N16,157,318892,C,0,0.81,0.78,5,U,-50,9.75"
RX,2197848,R35,TXE,N61,155,319379,G,1,0.93,0.9,5.0,U,-47.0,10.0,True,,2026-07-07T14:57:56.875+00:00,/dev/cu.usbserial-576B0005451,"RX,2197848,R35,TXE,N61,155,319379,G,1,0.93,0.90,5,U,-47,10.00"
RX,2198099,R35,TXA,N01,317,319626,F,0,0.28,0.26,5.0,F,-42.0,10.0,True,,2026-07-07T14:57:57.127+00:00,/dev/cu.usbserial-576B0005451,"RX,2198099,R35,TXA,N01,317,319626,F,0,0.28,0.26,5,F,-42,10.00"
RX,2198243,R35,TXK,N151,159,319763,G,1,0.93,0.9,5.0,U,-50.0,9.5,True,,2026-07-07T14:57:57.270+00:00,/dev/cu.usbserial-576B0005451,"RX,2198243,R35,TXK,N151,159,319763,G,1,0.93,0.90,5,U,-50,9.50"
RX,2198598,R35,TXF,N76,78,320131,E,1,0.87,0.84,5.0,U,-45.0,9.75,True,,2026-07-07T14:57:57.625+00:00,/dev/cu.usbserial-576B0005451,"RX,2198598,R35,TXF,N76,78,320131,E,1,0.87,0.84,5,U,-45,9.75"
RX,2198902,R35,TXD,N46,39,320430,G,1,0.93,0.9,5.0,U,-44.0,9.25,True,,2026-07-07T14:57:57.929+00:00,/dev/cu.usbserial-576B0005451,"RX,2198902,R35,TXD,N46,39,320430,G,1,0.93,0.90,5,U,-44,9.25"
RX,2199099,R35,TXA,N01,318,320626,G,1,0.93,0.9,5.0,F,-42.0,10.0,True,,2026-07-07T14:57:58.127+00:00,/dev/cu.usbserial-576B0005451,"RX,2199099,R35,TXA,N01,318,320626,G,1,0.93,0.90,5,F,-42,10.00"
RX,2199366,R35,TXB,N16,158,320892,E,1,0.87,0.84,5.0,U,-50.0,11.75,True,,2026-07-07T14:57:58.394+00:00,/dev/cu.usbserial-576B0005451,"RX,2199366,R35,TXB,N16,158,320892,E,1,0.87,0.84,5,U,-50,11.75"
RX,2199548,R35,TXG,N91,38,321080,G,1,0.93,0.9,5.0,U,-49.0,9.75,True,,2026-07-07T14:57:58.575+00:00,/dev/cu.usbserial-576B0005451,"RX,2199548,R35,TXG,N91,38,321080,G,1,0.93,0.90,5,U,-49,9.75"
RX,2199848,R35,TXE,N61,156,321379,A,1,0.75,0.72,5.0,U,-48.0,9.0,True,,2026-07-07T14:57:58.875+00:00,/dev/cu.usbserial-576B0005451,"RX,2199848,R35,TXE,N61,156,321379,A,1,0.75,0.72,5,U,-48,9.00"
RX,2200099,R35,TXA,N01,319,321626,H,1,0.32,0.3,5.0,F,-41.0,11.0,True,,2026-07-07T14:57:59.127+00:00,/dev/cu.usbserial-576B0005451,"RX,2200099,R35,TXA,N01,319,321626,H,1,0.32,0.30,5,F,-41,11.00"
RX,2200243,R35,TXK,N151,160,321763,A,1,0.75,0.72,5.0,U,-49.0,9.5,True,,2026-07-07T14:57:59.270+00:00,/dev/cu.usbserial-576B0005451,"RX,2200243,R35,TXK,N151,160,321763,A,1,0.75,0.72,5,U,-49,9.50"
RX,2200598,R35,TXF,N76,79,322131,G,1,0.93,0.9,5.0,U,-45.0,10.0,True,,2026-07-07T14:57:59.625+00:00,/dev/cu.usbserial-576B0005451,"RX,2200598,R35,TXF,N76,79,322131,G,1,0.93,0.90,5,U,-45,10.00"
RX,2200755,R35,TXJ,N136,38,322280,G,1,0.93,0.9,5.0,U,-54.0,9.75,True,,2026-07-07T14:57:59.782+00:00,/dev/cu.usbserial-576B0005451,"RX,2200755,R35,TXJ,N136,38,322280,G,1,0.93,0.90,5,U,-54,9.75"
RX,2200852,R35,TXC,N31,78,322381,E,1,0.87,0.84,5.0,U,-44.0,9.5,True,,2026-07-07T14:57:59.879+00:00,/dev/cu.usbserial-576B0005451,"RX,2200852,R35,TXC,N31,78,322381,E,1,0.87,0.84,5,U,-44,9.50"
RX,2201099,R35,TXA,N01,320,322626,A,1,0.75,0.72,5.0,F,-41.0,10.0,True,,2026-07-07T14:58:00.127+00:00,/dev/cu.usbserial-576B0005451,"RX,2201099,R35,TXA,N01,320,322626,A,1,0.75,0.72,5,F,-41,10.00"
RX,2201366,R35,TXB,N16,159,322892,G,1,0.93,0.9,5.0,U,-50.0,9.75,True,,2026-07-07T14:58:00.393+00:00,/dev/cu.usbserial-576B0005451,"RX,2201366,R35,TXB,N16,159,322892,G,1,0.93,0.90,5,U,-50,9.75"
RX,2201848,R35,TXE,N61,157,323379,C,0,0.81,0.78,5.0,U,-48.0,9.5,True,,2026-07-07T14:58:00.875+00:00,/dev/cu.usbserial-576B0005451,"RX,2201848,R35,TXE,N61,157,323379,C,0,0.81,0.78,5,U,-48,9.50"
RX,2201954,R35,TXI,N121,78,323480,E,1,0.87,0.84,5.0,U,-55.0,9.75,True,,2026-07-07T14:58:00.981+00:00,/dev/cu.usbserial-576B0005451,"RX,2201954,R35,TXI,N121,78,323480,E,1,0.87,0.84,5,U,-55,9.75"
RX,2202099,R35,TXA,N01,321,323626,B,0,0.2,0.18,5.0,F,-41.0,9.25,True,,2026-07-07T14:58:01.127+00:00,/dev/cu.usbserial-576B0005451,"RX,2202099,R35,TXA,N01,321,323626,B,0,0.20,0.18,5,F,-41,9.25"
RX,2202243,R35,TXK,N151,161,323763,C,1,0.81,0.78,5.0,U,-51.0,9.5,True,,2026-07-07T14:58:01.270+00:00,/dev/cu.usbserial-576B0005451,"RX,2202243,R35,TXK,N151,161,323763,C,1,0.81,0.78,5,U,-51,9.50"
RX,2202852,R35,TXC,N31,79,324381,G,1,0.93,0.9,5.0,U,-42.0,9.75,True,,2026-07-07T14:58:01.879+00:00,/dev/cu.usbserial-576B0005451,"RX,2202852,R35,TXC,N31,79,324381,G,1,0.93,0.90,5,U,-42,9.75"
RX,2203099,R35,TXA,N01,322,324626,C,1,0.81,0.78,5.0,F,-41.0,9.5,True,,2026-07-07T14:58:02.127+00:00,/dev/cu.usbserial-576B0005451,"RX,2203099,R35,TXA,N01,322,324626,C,1,0.81,0.78,5,F,-41,9.50"
RX,2203366,R35,TXB,N16,160,324892,A,1,0.75,0.72,5.0,U,-49.0,10.25,True,,2026-07-07T14:58:02.393+00:00,/dev/cu.usbserial-576B0005451,"RX,2203366,R35,TXB,N16,160,324892,A,1,0.75,0.72,5,U,-49,10.25"
RX,2203848,R35,TXE,N61,158,325379,E,1,0.87,0.84,5.0,U,-48.0,9.5,True,,2026-07-07T14:58:02.875+00:00,/dev/cu.usbserial-576B0005451,"RX,2203848,R35,TXE,N61,158,325379,E,1,0.87,0.84,5,U,-48,9.50"
RX,2203954,R35,TXI,N121,79,325480,G,1,0.93,0.9,5.0,U,-57.0,9.75,True,,2026-07-07T14:58:02.981+00:00,/dev/cu.usbserial-576B0005451,"RX,2203954,R35,TXI,N121,79,325480,G,1,0.93,0.90,5,U,-57,9.75"
RX,2204099,R35,TXA,N01,323,325626,D,1,0.24,0.22,5.0,F,-40.0,9.5,True,,2026-07-07T14:58:03.126+00:00,/dev/cu.usbserial-576B0005451,"RX,2204099,R35,TXA,N01,323,325626,D,1,0.24,0.22,5,F,-40,9.50"
RX,2204243,R35,TXK,N151,162,325763,E,0,0.87,0.84,5.0,U,-48.0,10.0,True,,2026-07-07T14:58:03.269+00:00,/dev/cu.usbserial-576B0005451,"RX,2204243,R35,TXK,N151,162,325763,E,0,0.87,0.84,5,U,-48,10.00"
RX,2205099,R35,TXA,N01,324,326626,E,0,0.87,0.84,5.0,F,-43.0,9.0,True,,2026-07-07T14:58:04.126+00:00,/dev/cu.usbserial-576B0005451,"RX,2205099,R35,TXA,N01,324,326626,E,0,0.87,0.84,5,F,-43,9.00"
RX,2205366,R35,TXB,N16,161,326892,C,1,0.81,0.78,5.0,U,-51.0,10.0,True,,2026-07-07T14:58:04.393+00:00,/dev/cu.usbserial-576B0005451,"RX,2205366,R35,TXB,N16,161,326892,C,1,0.81,0.78,5,U,-51,10.00"
RX,2205848,R35,TXE,N61,159,327379,G,1,0.93,0.9,5.0,U,-53.0,9.75,True,,2026-07-07T14:58:04.875+00:00,/dev/cu.usbserial-576B0005451,"RX,2205848,R35,TXE,N61,159,327379,G,1,0.93,0.90,5,U,-53,9.75"
RX,2206099,R35,TXA,N01,325,327626,F,1,0.28,0.26,5.0,F,-39.0,9.75,True,,2026-07-07T14:58:05.126+00:00,/dev/cu.usbserial-576B0005451,"RX,2206099,R35,TXA,N01,325,327626,F,1,0.28,0.26,5,F,-39,9.75"
RX,2206210,R35,TXH,N106,20,327742,G,1,0.93,0.9,5.0,U,-39.0,3.25,True,,2026-07-07T14:58:05.237+00:00,/dev/cu.usbserial-576B0005451,"RX,2206210,R35,TXH,N106,20,327742,G,1,0.93,0.90,5,U,-39,3.25"
RX,2206390,R35,TXL,N166,20,327916,G,1,0.93,0.9,5.0,U,-46.0,9.5,True,,2026-07-07T14:58:05.417+00:00,/dev/cu.usbserial-576B0005451,"RX,2206390,R35,TXL,N166,20,327916,G,1,0.93,0.90,5,U,-46,9.50"
RX,2206598,R35,TXF,N76,80,328131,E,0,0.87,0.84,5.0,U,-46.0,10.0,True,,2026-07-07T14:58:05.625+00:00,/dev/cu.usbserial-576B0005451,"RX,2206598,R35,TXF,N76,80,328131,E,0,0.87,0.84,5,U,-46,10.00"
RX,2206902,R35,TXD,N46,40,328430,G,1,0.93,0.9,5.0,U,-44.0,9.5,True,,2026-07-07T14:58:05.929+00:00,/dev/cu.usbserial-576B0005451,"RX,2206902,R35,TXD,N46,40,328430,G,1,0.93,0.90,5,U,-44,9.50"
RX,2207099,R35,TXA,N01,326,328626,G,1,0.93,0.9,5.0,F,-38.0,9.5,True,,2026-07-07T14:58:06.127+00:00,/dev/cu.usbserial-576B0005451,"RX,2207099,R35,TXA,N01,326,328626,G,1,0.93,0.90,5,F,-38,9.50"
RX,2207366,R35,TXB,N16,162,328892,E,0,0.87,0.84,5.0,U,-49.0,9.5,True,,2026-07-07T14:58:06.393+00:00,/dev/cu.usbserial-576B0005451,"RX,2207366,R35,TXB,N16,162,328892,E,0,0.87,0.84,5,U,-49,9.50"
RX,2207548,R35,TXG,N91,39,329080,G,1,0.93,0.9,5.0,U,-48.0,9.75,True,,2026-07-07T14:58:06.575+00:00,/dev/cu.usbserial-576B0005451,"RX,2207548,R35,TXG,N91,39,329080,G,1,0.93,0.90,5,U,-48,9.75"
RX,2207848,R35,TXE,N61,160,329379,A,1,0.75,0.72,5.0,U,-48.0,9.25,True,,2026-07-07T14:58:06.875+00:00,/dev/cu.usbserial-576B0005451,"RX,2207848,R35,TXE,N61,160,329379,A,1,0.75,0.72,5,U,-48,9.25"
RX,2208099,R35,TXA,N01,327,329626,H,0,0.32,0.3,5.0,F,-41.0,10.0,True,,2026-07-07T14:58:07.127+00:00,/dev/cu.usbserial-576B0005451,"RX,2208099,R35,TXA,N01,327,329626,H,0,0.32,0.30,5,F,-41,10.00"
RX,2208243,R35,TXK,N151,164,329763,A,1,0.75,0.72,5.0,U,-53.0,9.5,True,,2026-07-07T14:58:07.270+00:00,/dev/cu.usbserial-576B0005451,"RX,2208243,R35,TXK,N151,164,329763,A,1,0.75,0.72,5,U,-53,9.50"
RX,2208598,R35,TXF,N76,81,330131,G,1,0.93,0.9,5.0,U,-47.0,9.5,True,,2026-07-07T14:58:07.625+00:00,/dev/cu.usbserial-576B0005451,"RX,2208598,R35,TXF,N76,81,330131,G,1,0.93,0.90,5,U,-47,9.50"
RX,2208755,R35,TXJ,N136,39,330280,G,1,0.93,0.9,5.0,U,-54.0,9.5,True,,2026-07-07T14:58:07.782+00:00,/dev/cu.usbserial-576B0005451,"RX,2208755,R35,TXJ,N136,39,330280,G,1,0.93,0.90,5,U,-54,9.50"
RX,2208852,R35,TXC,N31,80,330381,E,0,0.87,0.84,5.0,U,-40.0,10.0,True,,2026-07-07T14:58:07.879+00:00,/dev/cu.usbserial-576B0005451,"RX,2208852,R35,TXC,N31,80,330381,E,0,0.87,0.84,5,U,-40,10.00"
RX,2209099,R35,TXA,N01,328,330626,A,1,0.75,0.72,5.0,F,-40.0,9.5,True,,2026-07-07T14:58:08.126+00:00,/dev/cu.usbserial-576B0005451,"RX,2209099,R35,TXA,N01,328,330626,A,1,0.75,0.72,5,F,-40,9.50"
RX,2209366,R35,TXB,N16,163,330892,G,1,0.93,0.9,5.0,U,-49.0,10.0,True,,2026-07-07T14:58:08.393+00:00,/dev/cu.usbserial-576B0005451,"RX,2209366,R35,TXB,N16,163,330892,G,1,0.93,0.90,5,U,-49,10.00"
RX,2209848,R35,TXE,N61,161,331379,C,1,0.81,0.78,5.0,U,-54.0,10.0,True,,2026-07-07T14:58:08.875+00:00,/dev/cu.usbserial-576B0005451,"RX,2209848,R35,TXE,N61,161,331379,C,1,0.81,0.78,5,U,-54,10.00"
RX,2209954,R35,TXI,N121,80,331480,E,0,0.87,0.84,5.0,U,-62.0,9.75,True,,2026-07-07T14:58:08.981+00:00,/dev/cu.usbserial-576B0005451,"RX,2209954,R35,TXI,N121,80,331480,E,0,0.87,0.84,5,U,-62,9.75"
RX,2210100,R35,TXA,N01,329,331626,B,1,0.2,0.18,5.0,F,-40.0,9.25,True,,2026-07-07T14:58:09.126+00:00,/dev/cu.usbserial-576B0005451,"RX,2210100,R35,TXA,N01,329,331626,B,1,0.20,0.18,5,F,-40,9.25"
RX,2210243,R35,TXK,N151,165,331763,C,0,0.81,0.78,5.0,U,-57.0,10.0,True,,2026-07-07T14:58:09.269+00:00,/dev/cu.usbserial-576B0005451,"RX,2210243,R35,TXK,N151,165,331763,C,0,0.81,0.78,5,U,-57,10.00"
RX,2210852,R35,TXC,N31,81,332381,G,1,0.93,0.9,5.0,U,-43.0,9.5,True,,2026-07-07T14:58:09.878+00:00,/dev/cu.usbserial-576B0005451,"RX,2210852,R35,TXC,N31,81,332381,G,1,0.93,0.90,5,U,-43,9.50"
RX,2211100,R35,TXA,N01,330,332626,C,0,0.81,0.78,5.0,F,-40.0,9.25,True,,2026-07-07T14:58:10.128+00:00,/dev/cu.usbserial-576B0005451,"RX,2211100,R35,TXA,N01,330,332626,C,0,0.81,0.78,5,F,-40,9.25"
RX,2211366,R35,TXB,N16,164,332892,A,1,0.75,0.72,5.0,U,-49.0,10.0,True,,2026-07-07T14:58:10.393+00:00,/dev/cu.usbserial-576B0005451,"RX,2211366,R35,TXB,N16,164,332892,A,1,0.75,0.72,5,U,-49,10.00"
RX,2211848,R35,TXE,N61,162,333379,E,0,0.87,0.84,5.0,U,-56.0,10.25,True,,2026-07-07T14:58:10.875+00:00,/dev/cu.usbserial-576B0005451,"RX,2211848,R35,TXE,N61,162,333379,E,0,0.87,0.84,5,U,-56,10.25"
RX,2211954,R35,TXI,N121,81,333480,G,1,0.93,0.9,5.0,U,-65.0,9.75,True,,2026-07-07T14:58:10.981+00:00,/dev/cu.usbserial-576B0005451,"RX,2211954,R35,TXI,N121,81,333480,G,1,0.93,0.90,5,U,-65,9.75"
RX,2212100,R35,TXA,N01,331,333626,D,1,0.24,0.22,5.0,F,-40.0,9.25,True,,2026-07-07T14:58:11.126+00:00,/dev/cu.usbserial-576B0005451,"RX,2212100,R35,TXA,N01,331,333626,D,1,0.24,0.22,5,F,-40,9.25"
RX,2212243,R35,TXK,N151,166,333763,E,1,0.87,0.84,5.0,U,-58.0,10.25,True,,2026-07-07T14:58:11.269+00:00,/dev/cu.usbserial-576B0005451,"RX,2212243,R35,TXK,N151,166,333763,E,1,0.87,0.84,5,U,-58,10.25"
RX,2213099,R35,TXA,N01,332,334626,E,1,0.87,0.84,5.0,F,-40.0,9.75,True,,2026-07-07T14:58:12.126+00:00,/dev/cu.usbserial-576B0005451,"RX,2213099,R35,TXA,N01,332,334626,E,1,0.87,0.84,5,F,-40,9.75"
RX,2213366,R35,TXB,N16,165,334892,C,0,0.81,0.78,5.0,U,-49.0,10.0,True,,2026-07-07T14:58:12.393+00:00,/dev/cu.usbserial-576B0005451,"RX,2213366,R35,TXB,N16,165,334892,C,0,0.81,0.78,5,U,-49,10.00"
RX,2213848,R35,TXE,N61,163,335379,G,1,0.93,0.9,5.0,U,-56.0,9.75,True,,2026-07-07T14:58:12.875+00:00,/dev/cu.usbserial-576B0005451,"RX,2213848,R35,TXE,N61,163,335379,G,1,0.93,0.90,5,U,-56,9.75"
RX,2214100,R35,TXA,N01,333,335626,F,0,0.28,0.26,5.0,F,-40.0,9.75,True,,2026-07-07T14:58:13.126+00:00,/dev/cu.usbserial-576B0005451,"RX,2214100,R35,TXA,N01,333,335626,F,0,0.28,0.26,5,F,-40,9.75"
RX,2214210,R35,TXH,N106,21,335742,G,1,0.93,0.9,5.0,U,-46.0,4.25,True,,2026-07-07T14:58:13.236+00:00,/dev/cu.usbserial-576B0005451,"RX,2214210,R35,TXH,N106,21,335742,G,1,0.93,0.90,5,U,-46,4.25"
RX,2214390,R35,TXL,N166,21,335916,G,1,0.93,0.9,5.0,U,-53.0,9.75,True,,2026-07-07T14:58:13.416+00:00,/dev/cu.usbserial-576B0005451,"RX,2214390,R35,TXL,N166,21,335916,G,1,0.93,0.90,5,U,-53,9.75"
RX,2214598,R35,TXF,N76,82,336131,E,1,0.87,0.84,5.0,U,-49.0,9.5,True,,2026-07-07T14:58:13.625+00:00,/dev/cu.usbserial-576B0005451,"RX,2214598,R35,TXF,N76,82,336131,E,1,0.87,0.84,5,U,-49,9.50"
RX,2214902,R35,TXD,N46,41,336430,G,1,0.93,0.9,5.0,U,-44.0,10.0,True,,2026-07-07T14:58:13.929+00:00,/dev/cu.usbserial-576B0005451,"RX,2214902,R35,TXD,N46,41,336430,G,1,0.93,0.90,5,U,-44,10.00"
RX,2215099,R35,TXA,N01,334,336626,G,1,0.93,0.9,5.0,F,-39.0,9.25,True,,2026-07-07T14:58:14.127+00:00,/dev/cu.usbserial-576B0005451,"RX,2215099,R35,TXA,N01,334,336626,G,1,0.93,0.90,5,F,-39,9.25"
RX,2215366,R35,TXB,N16,166,336892,E,1,0.87,0.84,5.0,U,-49.0,10.0,True,,2026-07-07T14:58:14.393+00:00,/dev/cu.usbserial-576B0005451,"RX,2215366,R35,TXB,N16,166,336892,E,1,0.87,0.84,5,U,-49,10.00"
RX,2215548,R35,TXG,N91,40,337080,G,1,0.93,0.9,5.0,U,-47.0,9.75,True,,2026-07-07T14:58:14.575+00:00,/dev/cu.usbserial-576B0005451,"RX,2215548,R35,TXG,N91,40,337080,G,1,0.93,0.90,5,U,-47,9.75"
RX,2215848,R35,TXE,N61,164,337379,A,1,0.75,0.72,5.0,U,-58.0,9.0,True,,2026-07-07T14:58:14.874+00:00,/dev/cu.usbserial-576B0005451,"RX,2215848,R35,TXE,N61,164,337379,A,1,0.75,0.72,5,U,-58,9.00"
RX,2216100,R35,TXA,N01,335,337626,H,1,0.32,0.3,5.0,F,-40.0,10.0,True,,2026-07-07T14:58:15.126+00:00,/dev/cu.usbserial-576B0005451,"RX,2216100,R35,TXA,N01,335,337626,H,1,0.32,0.30,5,F,-40,10.00"
RX,2216243,R35,TXK,N151,168,337763,A,0,0.75,0.72,5.0,U,-59.0,9.75,True,,2026-07-07T14:58:15.269+00:00,/dev/cu.usbserial-576B0005451,"RX,2216243,R35,TXK,N151,168,337763,A,0,0.75,0.72,5,U,-59,9.75"
RX,2216598,R35,TXF,N76,83,338131,G,1,0.93,0.9,5.0,U,-50.0,9.25,True,,2026-07-07T14:58:15.626+00:00,/dev/cu.usbserial-576B0005451,"RX,2216598,R35,TXF,N76,83,338131,G,1,0.93,0.90,5,U,-50,9.25"
RX,2216755,R35,TXJ,N136,40,338280,G,1,0.93,0.9,5.0,U,-53.0,9.25,True,,2026-07-07T14:58:15.782+00:00,/dev/cu.usbserial-576B0005451,"RX,2216755,R35,TXJ,N136,40,338280,G,1,0.93,0.90,5,U,-53,9.25"
RX,2216852,R35,TXC,N31,82,338381,E,1,0.87,0.84,5.0,U,-43.0,9.75,True,,2026-07-07T14:58:15.878+00:00,/dev/cu.usbserial-576B0005451,"RX,2216852,R35,TXC,N31,82,338381,E,1,0.87,0.84,5,U,-43,9.75"
RX,2217099,R35,TXA,N01,336,338626,A,0,0.75,0.72,5.0,F,-39.0,9.75,True,,2026-07-07T14:58:16.126+00:00,/dev/cu.usbserial-576B0005451,"RX,2217099,R35,TXA,N01,336,338626,A,0,0.75,0.72,5,F,-39,9.75"
RX,2217366,R35,TXB,N16,167,338892,G,1,0.93,0.9,5.0,U,-49.0,10.0,True,,2026-07-07T14:58:16.393+00:00,/dev/cu.usbserial-576B0005451,"RX,2217366,R35,TXB,N16,167,338892,G,1,0.93,0.90,5,U,-49,10.00"
RX,2217848,R35,TXE,N61,165,339379,C,0,0.81,0.78,5.0,U,-56.0,9.75,True,,2026-07-07T14:58:16.874+00:00,/dev/cu.usbserial-576B0005451,"RX,2217848,R35,TXE,N61,165,339379,C,0,0.81,0.78,5,U,-56,9.75"
RX,2217954,R35,TXI,N121,82,339480,E,1,0.87,0.84,5.0,U,-64.0,9.75,True,,2026-07-07T14:58:16.981+00:00,/dev/cu.usbserial-576B0005451,"RX,2217954,R35,TXI,N121,82,339480,E,1,0.87,0.84,5,U,-64,9.75"
RX,2218099,R35,TXA,N01,337,339626,B,1,0.2,0.18,5.0,F,-40.0,9.5,True,,2026-07-07T14:58:17.126+00:00,/dev/cu.usbserial-576B0005451,"RX,2218099,R35,TXA,N01,337,339626,B,1,0.20,0.18,5,F,-40,9.50"
RX,2218243,R35,TXK,N151,169,339763,C,1,0.81,0.78,5.0,U,-57.0,10.0,True,,2026-07-07T14:58:17.269+00:00,/dev/cu.usbserial-576B0005451,"RX,2218243,R35,TXK,N151,169,339763,C,1,0.81,0.78,5,U,-57,10.00"
RX,2218852,R35,TXC,N31,83,340381,G,1,0.93,0.9,5.0,U,-43.0,9.25,True,,2026-07-07T14:58:17.878+00:00,/dev/cu.usbserial-576B0005451,"RX,2218852,R35,TXC,N31,83,340381,G,1,0.93,0.90,5,U,-43,9.25"
RX,2219100,R35,TXA,N01,338,340626,C,1,0.81,0.78,5.0,F,-39.0,9.5,True,,2026-07-07T14:58:18.126+00:00,/dev/cu.usbserial-576B0005451,"RX,2219100,R35,TXA,N01,338,340626,C,1,0.81,0.78,5,F,-39,9.50"
RX,2219366,R35,TXB,N16,168,340892,A,0,0.75,0.72,5.0,U,-49.0,10.0,True,,2026-07-07T14:58:18.393+00:00,/dev/cu.usbserial-576B0005451,"RX,2219366,R35,TXB,N16,168,340892,A,0,0.75,0.72,5,U,-49,10.00"
RX,2219848,R35,TXE,N61,166,341379,E,1,0.87,0.84,5.0,U,-56.0,9.75,True,,2026-07-07T14:58:18.875+00:00,/dev/cu.usbserial-576B0005451,"RX,2219848,R35,TXE,N61,166,341379,E,1,0.87,0.84,5,U,-56,9.75"
RX,2219954,R35,TXI,N121,83,341480,G,1,0.93,0.9,5.0,U,-65.0,9.75,True,,2026-07-07T14:58:18.982+00:00,/dev/cu.usbserial-576B0005451,"RX,2219954,R35,TXI,N121,83,341480,G,1,0.93,0.90,5,U,-65,9.75"
RX,2220099,R35,TXA,N01,339,341626,D,0,0.24,0.22,5.0,F,-39.0,9.25,True,,2026-07-07T14:58:19.126+00:00,/dev/cu.usbserial-576B0005451,"RX,2220099,R35,TXA,N01,339,341626,D,0,0.24,0.22,5,F,-39,9.25"
RX,2220243,R35,TXK,N151,170,341763,E,1,0.87,0.84,5.0,U,-58.0,10.5,True,,2026-07-07T14:58:19.269+00:00,/dev/cu.usbserial-576B0005451,"RX,2220243,R35,TXK,N151,170,341763,E,1,0.87,0.84,5,U,-58,10.50"
RX,2221100,R35,TXA,N01,340,342626,E,1,0.87,0.84,5.0,F,-39.0,9.5,True,,2026-07-07T14:58:20.126+00:00,/dev/cu.usbserial-576B0005451,"RX,2221100,R35,TXA,N01,340,342626,E,1,0.87,0.84,5,F,-39,9.50"
RX,2221366,R35,TXB,N16,169,342892,C,1,0.81,0.78,5.0,U,-49.0,9.75,True,,2026-07-07T14:58:20.393+00:00,/dev/cu.usbserial-576B0005451,"RX,2221366,R35,TXB,N16,169,342892,C,1,0.81,0.78,5,U,-49,9.75"
RX,2221848,R35,TXE,N61,167,343379,G,1,0.93,0.9,5.0,U,-56.0,10.0,True,,2026-07-07T14:58:20.875+00:00,/dev/cu.usbserial-576B0005451,"RX,2221848,R35,TXE,N61,167,343379,G,1,0.93,0.90,5,U,-56,10.00"
RX,2222099,R35,TXA,N01,341,343626,F,1,0.28,0.26,5.0,F,-40.0,9.75,True,,2026-07-07T14:58:21.126+00:00,/dev/cu.usbserial-576B0005451,"RX,2222099,R35,TXA,N01,341,343626,F,1,0.28,0.26,5,F,-40,9.75"
RX,2222210,R35,TXH,N106,22,343742,G,0,0.93,0.9,5.0,U,-46.0,3.0,True,,2026-07-07T14:58:21.237+00:00,/dev/cu.usbserial-576B0005451,"RX,2222210,R35,TXH,N106,22,343742,G,0,0.93,0.90,5,U,-46,3.00"
RX,2222390,R35,TXL,N166,22,343916,G,0,0.93,0.9,5.0,U,-52.0,9.5,True,,2026-07-07T14:58:21.417+00:00,/dev/cu.usbserial-576B0005451,"RX,2222390,R35,TXL,N166,22,343916,G,0,0.93,0.90,5,U,-52,9.50"
RX,2222598,R35,TXF,N76,84,344131,E,1,0.87,0.84,5.0,U,-49.0,9.75,True,,2026-07-07T14:58:21.625+00:00,/dev/cu.usbserial-576B0005451,"RX,2222598,R35,TXF,N76,84,344131,E,1,0.87,0.84,5,U,-49,9.75"
RX,2222902,R35,TXD,N46,42,344430,G,0,0.93,0.9,5.0,U,-44.0,9.5,True,,2026-07-07T14:58:21.929+00:00,/dev/cu.usbserial-576B0005451,"RX,2222902,R35,TXD,N46,42,344430,G,0,0.93,0.90,5,U,-44,9.50"
RX,2223100,R35,TXA,N01,342,344626,G,0,0.93,0.9,5.0,F,-40.0,9.75,True,,2026-07-07T14:58:22.126+00:00,/dev/cu.usbserial-576B0005451,"RX,2223100,R35,TXA,N01,342,344626,G,0,0.93,0.90,5,F,-40,9.75"
RX,2223366,R35,TXB,N16,170,344892,E,1,0.87,0.84,5.0,U,-49.0,9.5,True,,2026-07-07T14:58:22.393+00:00,/dev/cu.usbserial-576B0005451,"RX,2223366,R35,TXB,N16,170,344892,E,1,0.87,0.84,5,U,-49,9.50"
RX,2223548,R35,TXG,N91,41,345080,G,1,0.93,0.9,5.0,U,-48.0,9.5,True,,2026-07-07T14:58:22.575+00:00,/dev/cu.usbserial-576B0005451,"RX,2223548,R35,TXG,N91,41,345080,G,1,0.93,0.90,5,U,-48,9.50"
RX,2223848,R35,TXE,N61,168,345379,A,0,0.75,0.72,5.0,U,-55.0,9.5,True,,2026-07-07T14:58:22.875+00:00,/dev/cu.usbserial-576B0005451,"RX,2223848,R35,TXE,N61,168,345379,A,0,0.75,0.72,5,U,-55,9.50"
RX,2224100,R35,TXA,N01,343,345626,H,1,0.32,0.3,5.0,F,-39.0,9.5,True,,2026-07-07T14:58:23.126+00:00,/dev/cu.usbserial-576B0005451,"RX,2224100,R35,TXA,N01,343,345626,H,1,0.32,0.30,5,F,-39,9.50"
RX,2224243,R35,TXK,N151,172,345763,A,1,0.75,0.72,5.0,U,-57.0,9.75,True,,2026-07-07T14:58:23.269+00:00,/dev/cu.usbserial-576B0005451,"RX,2224243,R35,TXK,N151,172,345763,A,1,0.75,0.72,5,U,-57,9.75"
RX,2224598,R35,TXF,N76,85,346131,G,0,0.93,0.9,5.0,U,-49.0,9.75,True,,2026-07-07T14:58:23.625+00:00,/dev/cu.usbserial-576B0005451,"RX,2224598,R35,TXF,N76,85,346131,G,0,0.93,0.90,5,U,-49,9.75"
RX,2224755,R35,TXJ,N136,41,346280,G,1,0.93,0.9,5.0,U,-56.0,9.5,True,,2026-07-07T14:58:23.782+00:00,/dev/cu.usbserial-576B0005451,"RX,2224755,R35,TXJ,N136,41,346280,G,1,0.93,0.90,5,U,-56,9.50"
RX,2224852,R35,TXC,N31,84,346381,E,1,0.87,0.84,5.0,U,-42.0,9.75,True,,2026-07-07T14:58:23.878+00:00,/dev/cu.usbserial-576B0005451,"RX,2224852,R35,TXC,N31,84,346381,E,1,0.87,0.84,5,U,-42,9.75"
RX,2225099,R35,TXA,N01,344,346626,A,1,0.75,0.72,5.0,F,-39.0,9.75,True,,2026-07-07T14:58:24.126+00:00,/dev/cu.usbserial-576B0005451,"RX,2225099,R35,TXA,N01,344,346626,A,1,0.75,0.72,5,F,-39,9.75"
RX,2225366,R35,TXB,N16,171,346892,G,0,0.93,0.9,5.0,U,-49.0,9.25,True,,2026-07-07T14:58:24.393+00:00,/dev/cu.usbserial-576B0005451,"RX,2225366,R35,TXB,N16,171,346892,G,0,0.93,0.90,5,U,-49,9.25"
RX,2225848,R35,TXE,N61,169,347379,C,1,0.81,0.78,5.0,U,-56.0,9.75,True,,2026-07-07T14:58:24.875+00:00,/dev/cu.usbserial-576B0005451,"RX,2225848,R35,TXE,N61,169,347379,C,1,0.81,0.78,5,U,-56,9.75"
RX,2225954,R35,TXI,N121,84,347480,E,1,0.87,0.84,5.0,U,-65.0,9.75,True,,2026-07-07T14:58:24.981+00:00,/dev/cu.usbserial-576B0005451,"RX,2225954,R35,TXI,N121,84,347480,E,1,0.87,0.84,5,U,-65,9.75"
RX,2226100,R35,TXA,N01,345,347626,B,0,0.2,0.18,5.0,F,-39.0,9.5,True,,2026-07-07T14:58:25.126+00:00,/dev/cu.usbserial-576B0005451,"RX,2226100,R35,TXA,N01,345,347626,B,0,0.20,0.18,5,F,-39,9.50"
RX,2226243,R35,TXK,N151,173,347763,C,1,0.81,0.78,5.0,U,-57.0,9.75,True,,2026-07-07T14:58:25.269+00:00,/dev/cu.usbserial-576B0005451,"RX,2226243,R35,TXK,N151,173,347763,C,1,0.81,0.78,5,U,-57,9.75"
RX,2226852,R35,TXC,N31,85,348381,G,0,0.93,0.9,5.0,U,-42.0,10.0,True,,2026-07-07T14:58:25.878+00:00,/dev/cu.usbserial-576B0005451,"RX,2226852,R35,TXC,N31,85,348381,G,0,0.93,0.90,5,U,-42,10.00"
RX,2227100,R35,TXA,N01,346,348626,C,1,0.81,0.78,5.0,F,-40.0,9.5,True,,2026-07-07T14:58:26.126+00:00,/dev/cu.usbserial-576B0005451,"RX,2227100,R35,TXA,N01,346,348626,C,1,0.81,0.78,5,F,-40,9.50"
RX,2227366,R35,TXB,N16,172,348892,A,1,0.75,0.72,5.0,U,-48.0,10.0,True,,2026-07-07T14:58:26.393+00:00,/dev/cu.usbserial-576B0005451,"RX,2227366,R35,TXB,N16,172,348892,A,1,0.75,0.72,5,U,-48,10.00"
RX,2227848,R35,TXE,N61,170,349379,E,1,0.87,0.84,5.0,U,-56.0,9.75,True,,2026-07-07T14:58:26.874+00:00,/dev/cu.usbserial-576B0005451,"RX,2227848,R35,TXE,N61,170,349379,E,1,0.87,0.84,5,U,-56,9.75"
RX,2227954,R35,TXI,N121,85,349480,G,0,0.93,0.9,5.0,U,-64.0,9.75,True,,2026-07-07T14:58:26.981+00:00,/dev/cu.usbserial-576B0005451,"RX,2227954,R35,TXI,N121,85,349480,G,0,0.93,0.90,5,U,-64,9.75"
RX,2228100,R35,TXA,N01,347,349626,D,1,0.24,0.22,5.0,F,-40.0,9.75,True,,2026-07-07T14:58:27.126+00:00,/dev/cu.usbserial-576B0005451,"RX,2228100,R35,TXA,N01,347,349626,D,1,0.24,0.22,5,F,-40,9.75"
RX,2228243,R35,TXK,N151,174,349763,E,0,0.87,0.84,5.0,U,-57.0,10.25,True,,2026-07-07T14:58:27.269+00:00,/dev/cu.usbserial-576B0005451,"RX,2228243,R35,TXK,N151,174,349763,E,0,0.87,0.84,5,U,-57,10.25"
RX,2229100,R35,TXA,N01,348,350626,E,0,0.87,0.84,5.0,F,-40.0,10.0,True,,2026-07-07T14:58:28.126+00:00,/dev/cu.usbserial-576B0005451,"RX,2229100,R35,TXA,N01,348,350626,E,0,0.87,0.84,5,F,-40,10.00"
RX,2229366,R35,TXB,N16,173,350892,C,1,0.81,0.78,5.0,U,-49.0,9.75,True,,2026-07-07T14:58:28.393+00:00,/dev/cu.usbserial-576B0005451,"RX,2229366,R35,TXB,N16,173,350892,C,1,0.81,0.78,5,U,-49,9.75"
RX,2229848,R35,TXE,N61,171,351379,G,0,0.93,0.9,5.0,U,-55.0,10.0,True,,2026-07-07T14:58:28.875+00:00,/dev/cu.usbserial-576B0005451,"RX,2229848,R35,TXE,N61,171,351379,G,0,0.93,0.90,5,U,-55,10.00"
RX,2230100,R35,TXA,N01,349,351626,F,1,0.28,0.26,5.0,F,-40.0,9.5,True,,2026-07-07T14:58:29.126+00:00,/dev/cu.usbserial-576B0005451,"RX,2230100,R35,TXA,N01,349,351626,F,1,0.28,0.26,5,F,-40,9.50"
RX,2230210,R35,TXH,N106,23,351742,G,1,0.93,0.9,5.0,U,-46.0,3.5,True,,2026-07-07T14:58:29.237+00:00,/dev/cu.usbserial-576B0005451,"RX,2230210,R35,TXH,N106,23,351742,G,1,0.93,0.90,5,U,-46,3.50"
RX,2230390,R35,TXL,N166,23,351916,G,1,0.93,0.9,5.0,U,-52.0,9.5,True,,2026-07-07T14:58:29.416+00:00,/dev/cu.usbserial-576B0005451,"RX,2230390,R35,TXL,N166,23,351916,G,1,0.93,0.90,5,U,-52,9.50"
RX,2230598,R35,TXF,N76,86,352131,E,0,0.87,0.84,5.0,U,-49.0,9.5,True,,2026-07-07T14:58:29.624+00:00,/dev/cu.usbserial-576B0005451,"RX,2230598,R35,TXF,N76,86,352131,E,0,0.87,0.84,5,U,-49,9.50"
RX,2230902,R35,TXD,N46,43,352430,G,1,0.93,0.9,5.0,U,-45.0,9.75,True,,2026-07-07T14:58:29.928+00:00,/dev/cu.usbserial-576B0005451,"RX,2230902,R35,TXD,N46,43,352430,G,1,0.93,0.90,5,U,-45,9.75"
RX,2231100,R35,TXA,N01,350,352626,G,1,0.93,0.9,5.0,F,-40.0,9.5,True,,2026-07-07T14:58:30.126+00:00,/dev/cu.usbserial-576B0005451,"RX,2231100,R35,TXA,N01,350,352626,G,1,0.93,0.90,5,F,-40,9.50"
RX,2231366,R35,TXB,N16,174,352892,E,0,0.87,0.84,5.0,U,-50.0,10.25,True,,2026-07-07T14:58:30.393+00:00,/dev/cu.usbserial-576B0005451,"RX,2231366,R35,TXB,N16,174,352892,E,0,0.87,0.84,5,U,-50,10.25"
RX,2231548,R35,TXG,N91,42,353080,G,0,0.93,0.9,5.0,U,-49.0,9.25,True,,2026-07-07T14:58:30.574+00:00,/dev/cu.usbserial-576B0005451,"RX,2231548,R35,TXG,N91,42,353080,G,0,0.93,0.90,5,U,-49,9.25"
RX,2231848,R35,TXE,N61,172,353379,A,1,0.75,0.72,5.0,U,-53.0,9.75,True,,2026-07-07T14:58:30.874+00:00,/dev/cu.usbserial-576B0005451,"RX,2231848,R35,TXE,N61,172,353379,A,1,0.75,0.72,5,U,-53,9.75"
RX,2232100,R35,TXA,N01,351,353626,H,0,0.32,0.3,5.0,F,-41.0,10.0,True,,2026-07-07T14:58:31.126+00:00,/dev/cu.usbserial-576B0005451,"RX,2232100,R35,TXA,N01,351,353626,H,0,0.32,0.30,5,F,-41,10.00"
RX,2232243,R35,TXK,N151,176,353763,A,1,0.75,0.72,5.0,U,-53.0,9.75,True,,2026-07-07T14:58:31.269+00:00,/dev/cu.usbserial-576B0005451,"RX,2232243,R35,TXK,N151,176,353763,A,1,0.75,0.72,5,U,-53,9.75"
RX,2232598,R35,TXF,N76,87,354131,G,1,0.93,0.9,5.0,U,-46.0,10.0,True,,2026-07-07T14:58:31.625+00:00,/dev/cu.usbserial-576B0005451,"RX,2232598,R35,TXF,N76,87,354131,G,1,0.93,0.90,5,U,-46,10.00"
RX,2232755,R35,TXJ,N136,42,354280,G,0,0.93,0.9,5.0,U,-58.0,9.5,True,,2026-07-07T14:58:31.781+00:00,/dev/cu.usbserial-576B0005451,"RX,2232755,R35,TXJ,N136,42,354280,G,0,0.93,0.90,5,U,-58,9.50"
RX,2232852,R35,TXC,N31,86,354381,E,0,0.87,0.84,5.0,U,-44.0,10.0,True,,2026-07-07T14:58:31.878+00:00,/dev/cu.usbserial-576B0005451,"RX,2232852,R35,TXC,N31,86,354381,E,0,0.87,0.84,5,U,-44,10.00"
RX,2233366,R35,TXB,N16,175,354892,G,1,0.93,0.9,5.0,U,-50.0,9.5,True,,2026-07-07T14:58:32.392+00:00,/dev/cu.usbserial-576B0005451,"RX,2233366,R35,TXB,N16,175,354892,G,1,0.93,0.90,5,U,-50,9.50"
RX,2233848,R35,TXE,N61,173,355379,C,1,0.81,0.78,5.0,U,-50.0,9.5,True,,2026-07-07T14:58:32.874+00:00,/dev/cu.usbserial-576B0005451,"RX,2233848,R35,TXE,N61,173,355379,C,1,0.81,0.78,5,U,-50,9.50"
RX,2233954,R35,TXI,N121,86,355480,E,0,0.87,0.84,5.0,U,-54.0,9.5,True,,2026-07-07T14:58:32.981+00:00,/dev/cu.usbserial-576B0005451,"RX,2233954,R35,TXI,N121,86,355480,E,0,0.87,0.84,5,U,-54,9.50"
RX,2234100,R35,TXA,N01,353,355626,B,1,0.2,0.18,5.0,F,-42.0,9.75,True,,2026-07-07T14:58:33.126+00:00,/dev/cu.usbserial-576B0005451,"RX,2234100,R35,TXA,N01,353,355626,B,1,0.20,0.18,5,F,-42,9.75"
RX,2234243,R35,TXK,N151,177,355763,C,0,0.81,0.78,5.0,U,-52.0,10.0,True,,2026-07-07T14:58:33.268+00:00,/dev/cu.usbserial-576B0005451,"RX,2234243,R35,TXK,N151,177,355763,C,0,0.81,0.78,5,U,-52,10.00"
RX,2234852,R35,TXC,N31,87,356381,G,1,0.93,0.9,5.0,U,-44.0,9.75,True,,2026-07-07T14:58:33.878+00:00,/dev/cu.usbserial-576B0005451,"RX,2234852,R35,TXC,N31,87,356381,G,1,0.93,0.90,5,U,-44,9.75"
RX,2235100,R35,TXA,N01,354,356626,C,0,0.81,0.78,5.0,F,-41.0,10.0,True,,2026-07-07T14:58:34.126+00:00,/dev/cu.usbserial-576B0005451,"RX,2235100,R35,TXA,N01,354,356626,C,0,0.81,0.78,5,F,-41,10.00"
RX,2235366,R35,TXB,N16,176,356892,A,1,0.75,0.72,5.0,U,-50.0,10.25,True,,2026-07-07T14:58:34.393+00:00,/dev/cu.usbserial-576B0005451,"RX,2235366,R35,TXB,N16,176,356892,A,1,0.75,0.72,5,U,-50,10.25"
RX,2235848,R35,TXE,N61,174,357379,E,0,0.87,0.84,5.0,U,-51.0,9.75,True,,2026-07-07T14:58:34.874+00:00,/dev/cu.usbserial-576B0005451,"RX,2235848,R35,TXE,N61,174,357379,E,0,0.87,0.84,5,U,-51,9.75"
RX,2235954,R35,TXI,N121,87,357480,G,1,0.93,0.9,5.0,U,-55.0,9.5,True,,2026-07-07T14:58:34.981+00:00,/dev/cu.usbserial-576B0005451,"RX,2235954,R35,TXI,N121,87,357480,G,1,0.93,0.90,5,U,-55,9.50"
RX,2236100,R35,TXA,N01,355,357626,D,1,0.24,0.22,5.0,F,-41.0,9.75,True,,2026-07-07T14:58:35.126+00:00,/dev/cu.usbserial-576B0005451,"RX,2236100,R35,TXA,N01,355,357626,D,1,0.24,0.22,5,F,-41,9.75"
RX,2236243,R35,TXK,N151,178,357763,E,1,0.87,0.84,5.0,U,-52.0,10.0,True,,2026-07-07T14:58:35.269+00:00,/dev/cu.usbserial-576B0005451,"RX,2236243,R35,TXK,N151,178,357763,E,1,0.87,0.84,5,U,-52,10.00"
RX,2237100,R35,TXA,N01,356,358626,E,1,0.87,0.84,5.0,F,-42.0,9.75,True,,2026-07-07T14:58:36.126+00:00,/dev/cu.usbserial-576B0005451,"RX,2237100,R35,TXA,N01,356,358626,E,1,0.87,0.84,5,F,-42,9.75"
RX,2237366,R35,TXB,N16,177,358892,C,0,0.81,0.78,5.0,U,-50.0,9.5,True,,2026-07-07T14:58:36.393+00:00,/dev/cu.usbserial-576B0005451,"RX,2237366,R35,TXB,N16,177,358892,C,0,0.81,0.78,5,U,-50,9.50"
RX,2237848,R35,TXE,N61,175,359379,G,1,0.93,0.9,5.0,U,-51.0,9.75,True,,2026-07-07T14:58:36.874+00:00,/dev/cu.usbserial-576B0005451,"RX,2237848,R35,TXE,N61,175,359379,G,1,0.93,0.90,5,U,-51,9.75"
RX,2238100,R35,TXA,N01,357,359626,F,0,0.28,0.26,5.0,F,-41.0,10.0,True,,2026-07-07T14:58:37.126+00:00,/dev/cu.usbserial-576B0005451,"RX,2238100,R35,TXA,N01,357,359626,F,0,0.28,0.26,5,F,-41,10.00"
RX,2238243,R35,TXK,N151,179,359763,G,1,0.93,0.9,5.0,U,-51.0,10.25,True,,2026-07-07T14:58:37.269+00:00,/dev/cu.usbserial-576B0005451,"RX,2238243,R35,TXK,N151,179,359763,G,1,0.93,0.90,5,U,-51,10.25"
RX,2238598,R35,TXF,N76,88,360131,E,1,0.87,0.84,5.0,U,-45.0,9.75,True,,2026-07-07T14:58:37.624+00:00,/dev/cu.usbserial-576B0005451,"RX,2238598,R35,TXF,N76,88,360131,E,1,0.87,0.84,5,U,-45,9.75"
RX,2238902,R35,TXD,N46,44,360430,G,1,0.93,0.9,5.0,U,-44.0,9.5,True,,2026-07-07T14:58:37.929+00:00,/dev/cu.usbserial-576B0005451,"RX,2238902,R35,TXD,N46,44,360430,G,1,0.93,0.90,5,U,-44,9.50"
RX,2239100,R35,TXA,N01,358,360626,G,1,0.93,0.9,5.0,F,-41.0,10.0,True,,2026-07-07T14:58:38.126+00:00,/dev/cu.usbserial-576B0005451,"RX,2239100,R35,TXA,N01,358,360626,G,1,0.93,0.90,5,F,-41,10.00"
RX,2239366,R35,TXB,N16,178,360892,E,1,0.87,0.84,5.0,U,-49.0,9.75,True,,2026-07-07T14:58:38.393+00:00,/dev/cu.usbserial-576B0005451,"RX,2239366,R35,TXB,N16,178,360892,E,1,0.87,0.84,5,U,-49,9.75"
RX,2239548,R35,TXG,N91,43,361080,G,1,0.93,0.9,5.0,U,-49.0,9.5,True,,2026-07-07T14:58:38.575+00:00,/dev/cu.usbserial-576B0005451,"RX,2239548,R35,TXG,N91,43,361080,G,1,0.93,0.90,5,U,-49,9.50"
RX,2239848,R35,TXE,N61,176,361379,A,1,0.75,0.72,5.0,U,-50.0,9.75,True,,2026-07-07T14:58:38.874+00:00,/dev/cu.usbserial-576B0005451,"RX,2239848,R35,TXE,N61,176,361379,A,1,0.75,0.72,5,U,-50,9.75"
RX,2240100,R35,TXA,N01,359,361626,H,1,0.32,0.3,5.0,F,-41.0,10.0,True,,2026-07-07T14:58:39.125+00:00,/dev/cu.usbserial-576B0005451,"RX,2240100,R35,TXA,N01,359,361626,H,1,0.32,0.30,5,F,-41,10.00"
RX,2240243,R35,TXK,N151,180,361763,A,0,0.75,0.72,5.0,U,-52.0,9.75,True,,2026-07-07T14:58:39.269+00:00,/dev/cu.usbserial-576B0005451,"RX,2240243,R35,TXK,N151,180,361763,A,0,0.75,0.72,5,U,-52,9.75"
RX,2240598,R35,TXF,N76,89,362131,G,1,0.93,0.9,5.0,U,-46.0,9.75,True,,2026-07-07T14:58:39.624+00:00,/dev/cu.usbserial-576B0005451,"RX,2240598,R35,TXF,N76,89,362131,G,1,0.93,0.90,5,U,-46,9.75"
RX,2240755,R35,TXJ,N136,43,362280,G,1,0.93,0.9,5.0,U,-59.0,9.75,True,,2026-07-07T14:58:39.781+00:00,/dev/cu.usbserial-576B0005451,"RX,2240755,R35,TXJ,N136,43,362280,G,1,0.93,0.90,5,U,-59,9.75"
RX,2240852,R35,TXC,N31,88,362381,E,1,0.87,0.84,5.0,U,-44.0,10.0,True,,2026-07-07T14:58:39.878+00:00,/dev/cu.usbserial-576B0005451,"RX,2240852,R35,TXC,N31,88,362381,E,1,0.87,0.84,5,U,-44,10.00"
RX,2241100,R35,TXA,N01,360,362626,A,0,0.75,0.72,5.0,F,-41.0,9.5,True,,2026-07-07T14:58:40.126+00:00,/dev/cu.usbserial-576B0005451,"RX,2241100,R35,TXA,N01,360,362626,A,0,0.75,0.72,5,F,-41,9.50"
RX,2241366,R35,TXB,N16,179,362892,G,1,0.93,0.9,5.0,U,-50.0,9.5,True,,2026-07-07T14:58:40.393+00:00,/dev/cu.usbserial-576B0005451,"RX,2241366,R35,TXB,N16,179,362892,G,1,0.93,0.90,5,U,-50,9.50"
RX,2241848,R35,TXE,N61,177,363379,C,0,0.81,0.78,5.0,U,-51.0,10.25,True,,2026-07-07T14:58:40.874+00:00,/dev/cu.usbserial-576B0005451,"RX,2241848,R35,TXE,N61,177,363379,C,0,0.81,0.78,5,U,-51,10.25"
RX,2241954,R35,TXI,N121,88,363480,E,1,0.87,0.84,5.0,U,-53.0,9.75,True,,2026-07-07T14:58:40.980+00:00,/dev/cu.usbserial-576B0005451,"RX,2241954,R35,TXI,N121,88,363480,E,1,0.87,0.84,5,U,-53,9.75"
RX,2242100,R35,TXA,N01,361,363626,B,1,0.2,0.18,5.0,F,-41.0,10.0,True,,2026-07-07T14:58:41.125+00:00,/dev/cu.usbserial-576B0005451,"RX,2242100,R35,TXA,N01,361,363626,B,1,0.20,0.18,5,F,-41,10.00"
RX,2242243,R35,TXK,N151,181,363763,C,1,0.81,0.78,5.0,U,-52.0,9.25,True,,2026-07-07T14:58:41.269+00:00,/dev/cu.usbserial-576B0005451,"RX,2242243,R35,TXK,N151,181,363763,C,1,0.81,0.78,5,U,-52,9.25"
RX,2242852,R35,TXC,N31,89,364381,G,1,0.93,0.9,5.0,U,-44.0,9.75,True,,2026-07-07T14:58:41.878+00:00,/dev/cu.usbserial-576B0005451,"RX,2242852,R35,TXC,N31,89,364381,G,1,0.93,0.90,5,U,-44,9.75"
RX,2243100,R35,TXA,N01,362,364626,C,1,0.81,0.78,5.0,F,-41.0,9.5,True,,2026-07-07T14:58:42.126+00:00,/dev/cu.usbserial-576B0005451,"RX,2243100,R35,TXA,N01,362,364626,C,1,0.81,0.78,5,F,-41,9.50"
RX,2243366,R35,TXB,N16,180,364892,A,0,0.75,0.72,5.0,U,-49.0,10.0,True,,2026-07-07T14:58:42.393+00:00,/dev/cu.usbserial-576B0005451,"RX,2243366,R35,TXB,N16,180,364892,A,0,0.75,0.72,5,U,-49,10.00"
RX,2243848,R35,TXE,N61,178,365379,E,1,0.87,0.84,5.0,U,-51.0,9.5,True,,2026-07-07T14:58:42.874+00:00,/dev/cu.usbserial-576B0005451,"RX,2243848,R35,TXE,N61,178,365379,E,1,0.87,0.84,5,U,-51,9.50"
RX,2243954,R35,TXI,N121,89,365480,G,1,0.93,0.9,5.0,U,-53.0,9.5,True,,2026-07-07T14:58:42.981+00:00,/dev/cu.usbserial-576B0005451,"RX,2243954,R35,TXI,N121,89,365480,G,1,0.93,0.90,5,U,-53,9.50"
RX,2244100,R35,TXA,N01,363,365626,D,0,0.24,0.22,5.0,F,-41.0,10.0,True,,2026-07-07T14:58:43.126+00:00,/dev/cu.usbserial-576B0005451,"RX,2244100,R35,TXA,N01,363,365626,D,0,0.24,0.22,5,F,-41,10.00"
RX,2244243,R35,TXK,N151,182,365763,E,1,0.87,0.84,5.0,U,-51.0,9.5,True,,2026-07-07T14:58:43.269+00:00,/dev/cu.usbserial-576B0005451,"RX,2244243,R35,TXK,N151,182,365763,E,1,0.87,0.84,5,U,-51,9.50"
RX,2245100,R35,TXA,N01,364,366626,E,1,0.87,0.84,5.0,F,-39.0,10.0,True,,2026-07-07T14:58:44.126+00:00,/dev/cu.usbserial-576B0005451,"RX,2245100,R35,TXA,N01,364,366626,E,1,0.87,0.84,5,F,-39,10.00"
RX,2245366,R35,TXB,N16,181,366892,C,1,0.81,0.78,5.0,U,-49.0,9.75,True,,2026-07-07T14:58:44.393+00:00,/dev/cu.usbserial-576B0005451,"RX,2245366,R35,TXB,N16,181,366892,C,1,0.81,0.78,5,U,-49,9.75"
RX,2245848,R35,TXE,N61,179,367379,G,1,0.93,0.9,5.0,U,-49.0,9.75,True,,2026-07-07T14:58:44.874+00:00,/dev/cu.usbserial-576B0005451,"RX,2245848,R35,TXE,N61,179,367379,G,1,0.93,0.90,5,U,-49,9.75"
RX,2246100,R35,TXA,N01,365,367626,F,1,0.28,0.26,5.0,F,-39.0,9.75,True,,2026-07-07T14:58:45.126+00:00,/dev/cu.usbserial-576B0005451,"RX,2246100,R35,TXA,N01,365,367626,F,1,0.28,0.26,5,F,-39,9.75"
RX,2246243,R35,TXK,N151,183,367763,G,0,0.93,0.9,5.0,U,-53.0,9.5,True,,2026-07-07T14:58:45.269+00:00,/dev/cu.usbserial-576B0005451,"RX,2246243,R35,TXK,N151,183,367763,G,0,0.93,0.90,5,U,-53,9.50"
RX,2246598,R35,TXF,N76,90,368131,E,1,0.87,0.84,5.0,U,-46.0,9.75,True,,2026-07-07T14:58:45.625+00:00,/dev/cu.usbserial-576B0005451,"RX,2246598,R35,TXF,N76,90,368131,E,1,0.87,0.84,5,U,-46,9.75"
RX,2246902,R35,TXD,N46,45,368430,G,0,0.93,0.9,5.0,U,-44.0,9.5,True,,2026-07-07T14:58:45.928+00:00,/dev/cu.usbserial-576B0005451,"RX,2246902,R35,TXD,N46,45,368430,G,0,0.93,0.90,5,U,-44,9.50"
RX,2247100,R35,TXA,N01,366,368626,G,0,0.93,0.9,5.0,F,-38.0,9.5,True,,2026-07-07T14:58:46.126+00:00,/dev/cu.usbserial-576B0005451,"RX,2247100,R35,TXA,N01,366,368626,G,0,0.93,0.90,5,F,-38,9.50"
RX,2247366,R35,TXB,N16,182,368892,E,1,0.87,0.84,5.0,U,-48.0,9.5,True,,2026-07-07T14:58:46.393+00:00,/dev/cu.usbserial-576B0005451,"RX,2247366,R35,TXB,N16,182,368892,E,1,0.87,0.84,5,U,-48,9.50"
RX,2247548,R35,TXG,N91,44,369080,G,1,0.93,0.9,5.0,U,-45.0,9.75,True,,2026-07-07T14:58:46.574+00:00,/dev/cu.usbserial-576B0005451,"RX,2247548,R35,TXG,N91,44,369080,G,1,0.93,0.90,5,U,-45,9.75"
RX,2247848,R35,TXE,N61,180,369379,A,0,0.75,0.72,5.0,U,-55.0,9.75,True,,2026-07-07T14:58:46.874+00:00,/dev/cu.usbserial-576B0005451,"RX,2247848,R35,TXE,N61,180,369379,A,0,0.75,0.72,5,U,-55,9.75"
RX,2248100,R35,TXA,N01,367,369626,H,1,0.32,0.3,5.0,F,-39.0,9.75,True,,2026-07-07T14:58:47.126+00:00,/dev/cu.usbserial-576B0005451,"RX,2248100,R35,TXA,N01,367,369626,H,1,0.32,0.30,5,F,-39,9.75"
RX,2248243,R35,TXK,N151,184,369763,A,1,0.75,0.72,5.0,U,-53.0,10.25,True,,2026-07-07T14:58:47.268+00:00,/dev/cu.usbserial-576B0005451,"RX,2248243,R35,TXK,N151,184,369763,A,1,0.75,0.72,5,U,-53,10.25"
RX,2248598,R35,TXF,N76,91,370131,G,0,0.93,0.9,5.0,U,-45.0,9.5,True,,2026-07-07T14:58:47.624+00:00,/dev/cu.usbserial-576B0005451,"RX,2248598,R35,TXF,N76,91,370131,G,0,0.93,0.90,5,U,-45,9.50"
RX,2248755,R35,TXJ,N136,44,370280,G,1,0.93,0.9,5.0,U,-54.0,9.75,True,,2026-07-07T14:58:47.781+00:00,/dev/cu.usbserial-576B0005451,"RX,2248755,R35,TXJ,N136,44,370280,G,1,0.93,0.90,5,U,-54,9.75"
RX,2248852,R35,TXC,N31,90,370381,E,1,0.87,0.84,5.0,U,-40.0,10.0,True,,2026-07-07T14:58:47.877+00:00,/dev/cu.usbserial-576B0005451,"RX,2248852,R35,TXC,N31,90,370381,E,1,0.87,0.84,5,U,-40,10.00"
RX,2249100,R35,TXA,N01,368,370626,A,1,0.75,0.72,5.0,F,-38.0,10.0,True,,2026-07-07T14:58:48.126+00:00,/dev/cu.usbserial-576B0005451,"RX,2249100,R35,TXA,N01,368,370626,A,1,0.75,0.72,5,F,-38,10.00"
RX,2249366,R35,TXB,N16,183,370892,G,0,0.93,0.9,5.0,U,-48.0,10.0,True,,2026-07-07T14:58:48.393+00:00,/dev/cu.usbserial-576B0005451,"RX,2249366,R35,TXB,N16,183,370892,G,0,0.93,0.90,5,U,-48,10.00"
RX,2249848,R35,TXE,N61,181,371379,C,1,0.81,0.78,5.0,U,-54.0,9.5,True,,2026-07-07T14:58:48.874+00:00,/dev/cu.usbserial-576B0005451,"RX,2249848,R35,TXE,N61,181,371379,C,1,0.81,0.78,5,U,-54,9.50"
RX,2249954,R35,TXI,N121,90,371480,E,1,0.87,0.84,5.0,U,-82.0,7.5,True,,2026-07-07T14:58:48.981+00:00,/dev/cu.usbserial-576B0005451,"RX,2249954,R35,TXI,N121,90,371480,E,1,0.87,0.84,5,U,-82,7.50"
RX,2250100,R35,TXA,N01,369,371626,B,0,0.2,0.18,5.0,F,-38.0,9.75,True,,2026-07-07T14:58:49.126+00:00,/dev/cu.usbserial-576B0005451,"RX,2250100,R35,TXA,N01,369,371626,B,0,0.20,0.18,5,F,-38,9.75"
RX,2250243,R35,TXK,N151,185,371763,C,1,0.81,0.78,5.0,U,-53.0,9.75,True,,2026-07-07T14:58:49.268+00:00,/dev/cu.usbserial-576B0005451,"RX,2250243,R35,TXK,N151,185,371763,C,1,0.81,0.78,5,U,-53,9.75"
RX,2250852,R35,TXC,N31,91,372381,G,0,0.93,0.9,5.0,U,-41.0,9.75,True,,2026-07-07T14:58:49.878+00:00,/dev/cu.usbserial-576B0005451,"RX,2250852,R35,TXC,N31,91,372381,G,0,0.93,0.90,5,U,-41,9.75"
RX,2251100,R35,TXA,N01,370,372626,C,1,0.81,0.78,5.0,F,-39.0,9.25,True,,2026-07-07T14:58:50.126+00:00,/dev/cu.usbserial-576B0005451,"RX,2251100,R35,TXA,N01,370,372626,C,1,0.81,0.78,5,F,-39,9.25"
RX,2251366,R35,TXB,N16,184,372892,A,1,0.75,0.72,5.0,U,-48.0,9.25,True,,2026-07-07T14:58:50.392+00:00,/dev/cu.usbserial-576B0005451,"RX,2251366,R35,TXB,N16,184,372892,A,1,0.75,0.72,5,U,-48,9.25"
RX,2251848,R35,TXE,N61,182,373379,E,1,0.87,0.84,5.0,U,-53.0,9.5,True,,2026-07-07T14:58:50.874+00:00,/dev/cu.usbserial-576B0005451,"RX,2251848,R35,TXE,N61,182,373379,E,1,0.87,0.84,5,U,-53,9.50"
RX,2251954,R35,TXI,N121,91,373480,G,0,0.93,0.9,5.0,U,-71.0,9.5,True,,2026-07-07T14:58:50.980+00:00,/dev/cu.usbserial-576B0005451,"RX,2251954,R35,TXI,N121,91,373480,G,0,0.93,0.90,5,U,-71,9.50"
RX,2252100,R35,TXA,N01,371,373626,D,1,0.24,0.22,5.0,F,-39.0,9.75,True,,2026-07-07T14:58:51.126+00:00,/dev/cu.usbserial-576B0005451,"RX,2252100,R35,TXA,N01,371,373626,D,1,0.24,0.22,5,F,-39,9.75"
RX,2252243,R35,TXK,N151,186,373763,E,0,0.87,0.84,5.0,U,-53.0,9.5,True,,2026-07-07T14:58:51.268+00:00,/dev/cu.usbserial-576B0005451,"RX,2252243,R35,TXK,N151,186,373763,E,0,0.87,0.84,5,U,-53,9.50"
RX,2253100,R35,TXA,N01,372,374626,E,0,0.87,0.84,5.0,F,-38.0,9.25,True,,2026-07-07T14:58:52.125+00:00,/dev/cu.usbserial-576B0005451,"RX,2253100,R35,TXA,N01,372,374626,E,0,0.87,0.84,5,F,-38,9.25"
RX,2253366,R35,TXB,N16,185,374892,C,1,0.81,0.78,5.0,U,-48.0,9.75,True,,2026-07-07T14:58:52.392+00:00,/dev/cu.usbserial-576B0005451,"RX,2253366,R35,TXB,N16,185,374892,C,1,0.81,0.78,5,U,-48,9.75"
RX,2253848,R35,TXE,N61,183,375379,G,0,0.93,0.9,5.0,U,-54.0,9.75,True,,2026-07-07T14:58:52.874+00:00,/dev/cu.usbserial-576B0005451,"RX,2253848,R35,TXE,N61,183,375379,G,0,0.93,0.90,5,U,-54,9.75"
RX,2254100,R35,TXA,N01,373,375626,F,1,0.28,0.26,5.0,F,-38.0,10.25,True,,2026-07-07T14:58:53.126+00:00,/dev/cu.usbserial-576B0005451,"RX,2254100,R35,TXA,N01,373,375626,F,1,0.28,0.26,5,F,-38,10.25"
RX,2254243,R35,TXK,N151,187,375763,G,1,0.93,0.9,5.0,U,-53.0,9.5,True,,2026-07-07T14:58:53.268+00:00,/dev/cu.usbserial-576B0005451,"RX,2254243,R35,TXK,N151,187,375763,G,1,0.93,0.90,5,U,-53,9.50"
RX,2254598,R35,TXF,N76,92,376131,E,0,0.87,0.84,5.0,U,-45.0,9.75,True,,2026-07-07T14:58:53.624+00:00,/dev/cu.usbserial-576B0005451,"RX,2254598,R35,TXF,N76,92,376131,E,0,0.87,0.84,5,U,-45,9.75"
RX,2254902,R35,TXD,N46,46,376430,G,1,0.93,0.9,5.0,U,-43.0,9.5,True,,2026-07-07T14:58:53.928+00:00,/dev/cu.usbserial-576B0005451,"RX,2254902,R35,TXD,N46,46,376430,G,1,0.93,0.90,5,U,-43,9.50"
RX,2255100,R35,TXA,N01,374,376626,G,1,0.93,0.9,5.0,F,-38.0,9.25,True,,2026-07-07T14:58:54.126+00:00,/dev/cu.usbserial-576B0005451,"RX,2255100,R35,TXA,N01,374,376626,G,1,0.93,0.90,5,F,-38,9.25"
RX,2255366,R35,TXB,N16,186,376892,E,0,0.87,0.84,5.0,U,-48.0,9.25,True,,2026-07-07T14:58:54.392+00:00,/dev/cu.usbserial-576B0005451,"RX,2255366,R35,TXB,N16,186,376892,E,0,0.87,0.84,5,U,-48,9.25"
RX,2255548,R35,TXG,N91,45,377080,G,0,0.93,0.9,5.0,U,-45.0,9.75,True,,2026-07-07T14:58:54.574+00:00,/dev/cu.usbserial-576B0005451,"RX,2255548,R35,TXG,N91,45,377080,G,0,0.93,0.90,5,U,-45,9.75"
RX,2255848,R35,TXE,N61,184,377379,A,1,0.75,0.72,5.0,U,-55.0,9.75,True,,2026-07-07T14:58:54.874+00:00,/dev/cu.usbserial-576B0005451,"RX,2255848,R35,TXE,N61,184,377379,A,1,0.75,0.72,5,U,-55,9.75"
RX,2256100,R35,TXA,N01,375,377626,H,0,0.32,0.3,5.0,F,-39.0,9.75,True,,2026-07-07T14:58:55.126+00:00,/dev/cu.usbserial-576B0005451,"RX,2256100,R35,TXA,N01,375,377626,H,0,0.32,0.30,5,F,-39,9.75"
RX,2256243,R35,TXK,N151,188,377763,A,1,0.75,0.72,5.0,U,-53.0,9.75,True,,2026-07-07T14:58:55.269+00:00,/dev/cu.usbserial-576B0005451,"RX,2256243,R35,TXK,N151,188,377763,A,1,0.75,0.72,5,U,-53,9.75"
RX,2256598,R35,TXF,N76,93,378131,G,1,0.93,0.9,5.0,U,-46.0,9.5,True,,2026-07-07T14:58:55.624+00:00,/dev/cu.usbserial-576B0005451,"RX,2256598,R35,TXF,N76,93,378131,G,1,0.93,0.90,5,U,-46,9.50"
RX,2256755,R35,TXJ,N136,45,378280,G,0,0.93,0.9,5.0,U,-54.0,9.75,True,,2026-07-07T14:58:55.781+00:00,/dev/cu.usbserial-576B0005451,"RX,2256755,R35,TXJ,N136,45,378280,G,0,0.93,0.90,5,U,-54,9.75"
RX,2256852,R35,TXC,N31,92,378381,E,0,0.87,0.84,5.0,U,-41.0,9.75,True,,2026-07-07T14:58:55.878+00:00,/dev/cu.usbserial-576B0005451,"RX,2256852,R35,TXC,N31,92,378381,E,0,0.87,0.84,5,U,-41,9.75"
RX,2257100,R35,TXA,N01,376,378626,A,1,0.75,0.72,5.0,F,-38.0,9.75,True,,2026-07-07T14:58:56.126+00:00,/dev/cu.usbserial-576B0005451,"RX,2257100,R35,TXA,N01,376,378626,A,1,0.75,0.72,5,F,-38,9.75"
RX,2257366,R35,TXB,N16,187,378892,G,1,0.93,0.9,5.0,U,-49.0,9.5,True,,2026-07-07T14:58:56.393+00:00,/dev/cu.usbserial-576B0005451,"RX,2257366,R35,TXB,N16,187,378892,G,1,0.93,0.90,5,U,-49,9.50"
RX,2257848,R35,TXE,N61,185,379379,C,1,0.81,0.78,5.0,U,-54.0,9.75,True,,2026-07-07T14:58:56.874+00:00,/dev/cu.usbserial-576B0005451,"RX,2257848,R35,TXE,N61,185,379379,C,1,0.81,0.78,5,U,-54,9.75"
RX,2257954,R35,TXI,N121,92,379480,E,0,0.87,0.84,5.0,U,-75.0,9.5,True,,2026-07-07T14:58:56.980+00:00,/dev/cu.usbserial-576B0005451,"RX,2257954,R35,TXI,N121,92,379480,E,0,0.87,0.84,5,U,-75,9.50"
RX,2258100,R35,TXA,N01,377,379626,B,1,0.2,0.18,5.0,F,-38.0,9.25,True,,2026-07-07T14:58:57.126+00:00,/dev/cu.usbserial-576B0005451,"RX,2258100,R35,TXA,N01,377,379626,B,1,0.20,0.18,5,F,-38,9.25"
RX,2258243,R35,TXK,N151,189,379763,C,0,0.81,0.78,5.0,U,-54.0,9.5,True,,2026-07-07T14:58:57.269+00:00,/dev/cu.usbserial-576B0005451,"RX,2258243,R35,TXK,N151,189,379763,C,0,0.81,0.78,5,U,-54,9.50"
RX,2258852,R35,TXC,N31,93,380381,G,1,0.93,0.9,5.0,U,-41.0,10.0,True,,2026-07-07T14:58:57.878+00:00,/dev/cu.usbserial-576B0005451,"RX,2258852,R35,TXC,N31,93,380381,G,1,0.93,0.90,5,U,-41,10.00"
RX,2259100,R35,TXA,N01,378,380626,C,0,0.81,0.78,5.0,F,-39.0,9.5,True,,2026-07-07T14:58:58.126+00:00,/dev/cu.usbserial-576B0005451,"RX,2259100,R35,TXA,N01,378,380626,C,0,0.81,0.78,5,F,-39,9.50"
RX,2259366,R35,TXB,N16,188,380892,A,1,0.75,0.72,5.0,U,-48.0,9.25,True,,2026-07-07T14:58:58.392+00:00,/dev/cu.usbserial-576B0005451,"RX,2259366,R35,TXB,N16,188,380892,A,1,0.75,0.72,5,U,-48,9.25"
RX,2259848,R35,TXE,N61,186,381379,E,0,0.87,0.84,5.0,U,-54.0,9.5,True,,2026-07-07T14:58:58.874+00:00,/dev/cu.usbserial-576B0005451,"RX,2259848,R35,TXE,N61,186,381379,E,0,0.87,0.84,5,U,-54,9.50"
RX,2259954,R35,TXI,N121,93,381480,G,1,0.93,0.9,5.0,U,-76.0,9.25,True,,2026-07-07T14:58:58.980+00:00,/dev/cu.usbserial-576B0005451,"RX,2259954,R35,TXI,N121,93,381480,G,1,0.93,0.90,5,U,-76,9.25"
RX,2260100,R35,TXA,N01,379,381626,D,1,0.24,0.22,5.0,F,-38.0,10.0,True,,2026-07-07T14:58:59.126+00:00,/dev/cu.usbserial-576B0005451,"RX,2260100,R35,TXA,N01,379,381626,D,1,0.24,0.22,5,F,-38,10.00"
RX,2260243,R35,TXK,N151,190,381763,E,1,0.87,0.84,5.0,U,-54.0,10.0,True,,2026-07-07T14:58:59.268+00:00,/dev/cu.usbserial-576B0005451,"RX,2260243,R35,TXK,N151,190,381763,E,1,0.87,0.84,5,U,-54,10.00"
RX,2261100,R35,TXA,N01,380,382626,E,1,0.87,0.84,5.0,F,-38.0,9.25,True,,2026-07-07T14:59:00.126+00:00,/dev/cu.usbserial-576B0005451,"RX,2261100,R35,TXA,N01,380,382626,E,1,0.87,0.84,5,F,-38,9.25"
RX,2261366,R35,TXB,N16,189,382892,C,0,0.81,0.78,5.0,U,-48.0,9.5,True,,2026-07-07T14:59:00.393+00:00,/dev/cu.usbserial-576B0005451,"RX,2261366,R35,TXB,N16,189,382892,C,0,0.81,0.78,5,U,-48,9.50"
RX,2261848,R35,TXE,N61,187,383379,G,1,0.93,0.9,5.0,U,-54.0,9.5,True,,2026-07-07T14:59:00.874+00:00,/dev/cu.usbserial-576B0005451,"RX,2261848,R35,TXE,N61,187,383379,G,1,0.93,0.90,5,U,-54,9.50"
RX,2262100,R35,TXA,N01,381,383626,F,0,0.28,0.26,5.0,F,-38.0,9.75,True,,2026-07-07T14:59:01.126+00:00,/dev/cu.usbserial-576B0005451,"RX,2262100,R35,TXA,N01,381,383626,F,0,0.28,0.26,5,F,-38,9.75"
RX,2262243,R35,TXK,N151,191,383763,G,1,0.93,0.9,5.0,U,-53.0,9.5,True,,2026-07-07T14:59:01.269+00:00,/dev/cu.usbserial-576B0005451,"RX,2262243,R35,TXK,N151,191,383763,G,1,0.93,0.90,5,U,-53,9.50"
RX,2262598,R35,TXF,N76,94,384131,E,1,0.87,0.84,5.0,U,-46.0,9.75,True,,2026-07-07T14:59:01.624+00:00,/dev/cu.usbserial-576B0005451,"RX,2262598,R35,TXF,N76,94,384131,E,1,0.87,0.84,5,U,-46,9.75"
RX,2262902,R35,TXD,N46,47,384430,G,1,0.93,0.9,5.0,U,-43.0,9.25,True,,2026-07-07T14:59:01.928+00:00,/dev/cu.usbserial-576B0005451,"RX,2262902,R35,TXD,N46,47,384430,G,1,0.93,0.90,5,U,-43,9.25"
RX,2263100,R35,TXA,N01,382,384626,G,1,0.93,0.9,5.0,F,-38.0,9.75,True,,2026-07-07T14:59:02.126+00:00,/dev/cu.usbserial-576B0005451,"RX,2263100,R35,TXA,N01,382,384626,G,1,0.93,0.90,5,F,-38,9.75"
RX,2263366,R35,TXB,N16,190,384892,E,1,0.87,0.84,5.0,U,-48.0,9.25,True,,2026-07-07T14:59:02.392+00:00,/dev/cu.usbserial-576B0005451,"RX,2263366,R35,TXB,N16,190,384892,E,1,0.87,0.84,5,U,-48,9.25"
RX,2263548,R35,TXG,N91,46,385080,G,1,0.93,0.9,5.0,U,-46.0,9.5,True,,2026-07-07T14:59:02.574+00:00,/dev/cu.usbserial-576B0005451,"RX,2263548,R35,TXG,N91,46,385080,G,1,0.93,0.90,5,U,-46,9.50"
RX,2263848,R35,TXE,N61,188,385379,A,1,0.75,0.72,5.0,U,-55.0,9.5,True,,2026-07-07T14:59:02.874+00:00,/dev/cu.usbserial-576B0005451,"RX,2263848,R35,TXE,N61,188,385379,A,1,0.75,0.72,5,U,-55,9.50"
RX,2264100,R35,TXA,N01,383,385626,H,1,0.32,0.3,5.0,F,-38.0,10.25,True,,2026-07-07T14:59:03.126+00:00,/dev/cu.usbserial-576B0005451,"RX,2264100,R35,TXA,N01,383,385626,H,1,0.32,0.30,5,F,-38,10.25"
RX,2264243,R35,TXK,N151,192,385763,A,1,0.75,0.72,5.0,U,-55.0,9.75,True,,2026-07-07T14:59:03.269+00:00,/dev/cu.usbserial-576B0005451,"RX,2264243,R35,TXK,N151,192,385763,A,1,0.75,0.72,5,U,-55,9.75"
RX,2264598,R35,TXF,N76,95,386131,G,1,0.93,0.9,5.0,U,-46.0,10.0,True,,2026-07-07T14:59:03.624+00:00,/dev/cu.usbserial-576B0005451,"RX,2264598,R35,TXF,N76,95,386131,G,1,0.93,0.90,5,U,-46,10.00"
RX,2264755,R35,TXJ,N136,46,386280,G,1,0.93,0.9,5.0,U,-54.0,10.0,True,,2026-07-07T14:59:03.781+00:00,/dev/cu.usbserial-576B0005451,"RX,2264755,R35,TXJ,N136,46,386280,G,1,0.93,0.90,5,U,-54,10.00"
RX,2264851,R35,TXC,N31,94,386381,E,1,0.87,0.84,5.0,U,-40.0,9.25,True,,2026-07-07T14:59:03.877+00:00,/dev/cu.usbserial-576B0005451,"RX,2264851,R35,TXC,N31,94,386381,E,1,0.87,0.84,5,U,-40,9.25"
RX,2265100,R35,TXA,N01,384,386626,A,1,0.75,0.72,5.0,F,-39.0,9.75,True,,2026-07-07T14:59:04.126+00:00,/dev/cu.usbserial-576B0005451,"RX,2265100,R35,TXA,N01,384,386626,A,1,0.75,0.72,5,F,-39,9.75"
RX,2265367,R35,TXB,N16,191,386892,G,1,0.93,0.9,5.0,U,-48.0,9.75,True,,2026-07-07T14:59:04.393+00:00,/dev/cu.usbserial-576B0005451,"RX,2265367,R35,TXB,N16,191,386892,G,1,0.93,0.90,5,U,-48,9.75"
RX,2265848,R35,TXE,N61,189,387379,C,0,0.81,0.78,5.0,U,-54.0,9.75,True,,2026-07-07T14:59:04.874+00:00,/dev/cu.usbserial-576B0005451,"RX,2265848,R35,TXE,N61,189,387379,C,0,0.81,0.78,5,U,-54,9.75"
RX,2265954,R35,TXI,N121,94,387480,E,1,0.87,0.84,5.0,U,-73.0,9.5,True,,2026-07-07T14:59:04.980+00:00,/dev/cu.usbserial-576B0005451,"RX,2265954,R35,TXI,N121,94,387480,E,1,0.87,0.84,5,U,-73,9.50"
RX,2266100,R35,TXA,N01,385,387626,B,0,0.2,0.18,5.0,F,-38.0,9.25,True,,2026-07-07T14:59:05.126+00:00,/dev/cu.usbserial-576B0005451,"RX,2266100,R35,TXA,N01,385,387626,B,0,0.20,0.18,5,F,-38,9.25"
RX,2266243,R35,TXK,N151,193,387763,C,1,0.81,0.78,5.0,U,-54.0,9.25,True,,2026-07-07T14:59:05.269+00:00,/dev/cu.usbserial-576B0005451,"RX,2266243,R35,TXK,N151,193,387763,C,1,0.81,0.78,5,U,-54,9.25"
RX,2266852,R35,TXC,N31,95,388381,G,1,0.93,0.9,5.0,U,-41.0,10.0,True,,2026-07-07T14:59:05.877+00:00,/dev/cu.usbserial-576B0005451,"RX,2266852,R35,TXC,N31,95,388381,G,1,0.93,0.90,5,U,-41,10.00"
RX,2267100,R35,TXA,N01,386,388626,C,1,0.81,0.78,5.0,F,-37.0,9.25,True,,2026-07-07T14:59:06.125+00:00,/dev/cu.usbserial-576B0005451,"RX,2267100,R35,TXA,N01,386,388626,C,1,0.81,0.78,5,F,-37,9.25"
RX,2267367,R35,TXB,N16,192,388892,A,1,0.75,0.72,5.0,U,-48.0,9.75,True,,2026-07-07T14:59:06.392+00:00,/dev/cu.usbserial-576B0005451,"RX,2267367,R35,TXB,N16,192,388892,A,1,0.75,0.72,5,U,-48,9.75"
RX,2267848,R35,TXE,N61,190,389379,E,1,0.87,0.84,5.0,U,-55.0,9.25,True,,2026-07-07T14:59:06.874+00:00,/dev/cu.usbserial-576B0005451,"RX,2267848,R35,TXE,N61,190,389379,E,1,0.87,0.84,5,U,-55,9.25"
RX,2267954,R35,TXI,N121,95,389480,G,1,0.93,0.9,5.0,U,-71.0,9.25,True,,2026-07-07T14:59:06.979+00:00,/dev/cu.usbserial-576B0005451,"RX,2267954,R35,TXI,N121,95,389480,G,1,0.93,0.90,5,U,-71,9.25"
RX,2268100,R35,TXA,N01,387,389626,D,1,0.24,0.22,5.0,F,-38.0,9.25,True,,2026-07-07T14:59:07.126+00:00,/dev/cu.usbserial-576B0005451,"RX,2268100,R35,TXA,N01,387,389626,D,1,0.24,0.22,5,F,-38,9.25"
RX,2268243,R35,TXK,N151,194,389763,E,0,0.87,0.84,5.0,U,-54.0,10.0,True,,2026-07-07T14:59:07.268+00:00,/dev/cu.usbserial-576B0005451,"RX,2268243,R35,TXK,N151,194,389763,E,0,0.87,0.84,5,U,-54,10.00"
RX,2269100,R35,TXA,N01,388,390626,E,0,0.87,0.84,5.0,F,-38.0,9.0,True,,2026-07-07T14:59:08.126+00:00,/dev/cu.usbserial-576B0005451,"RX,2269100,R35,TXA,N01,388,390626,E,0,0.87,0.84,5,F,-38,9.00"
RX,2269367,R35,TXB,N16,193,390892,C,1,0.81,0.78,5.0,U,-48.0,9.5,True,,2026-07-07T14:59:08.392+00:00,/dev/cu.usbserial-576B0005451,"RX,2269367,R35,TXB,N16,193,390892,C,1,0.81,0.78,5,U,-48,9.50"
RX,2269848,R35,TXE,N61,191,391379,G,1,0.93,0.9,5.0,U,-55.0,9.5,True,,2026-07-07T14:59:08.874+00:00,/dev/cu.usbserial-576B0005451,"RX,2269848,R35,TXE,N61,191,391379,G,1,0.93,0.90,5,U,-55,9.50"
RX,2270100,R35,TXA,N01,389,391626,F,1,0.28,0.26,5.0,F,-38.0,9.5,True,,2026-07-07T14:59:09.125+00:00,/dev/cu.usbserial-576B0005451,"RX,2270100,R35,TXA,N01,389,391626,F,1,0.28,0.26,5,F,-38,9.50"
RX,2270210,R35,TXH,N106,24,391742,G,1,0.93,0.9,5.0,U,-38.0,6.25,True,,2026-07-07T14:59:09.236+00:00,/dev/cu.usbserial-576B0005451,"RX,2270210,R35,TXH,N106,24,391742,G,1,0.93,0.90,5,U,-38,6.25"
RX,2270390,R35,TXL,N166,24,391916,G,1,0.93,0.9,5.0,U,-48.0,9.25,True,,2026-07-07T14:59:09.415+00:00,/dev/cu.usbserial-576B0005451,"RX,2270390,R35,TXL,N166,24,391916,G,1,0.93,0.90,5,U,-48,9.25"
RX,2270598,R35,TXF,N76,96,392131,E,0,0.87,0.84,5.0,U,-46.0,9.5,True,,2026-07-07T14:59:09.624+00:00,/dev/cu.usbserial-576B0005451,"RX,2270598,R35,TXF,N76,96,392131,E,0,0.87,0.84,5,U,-46,9.50"
RX,2270902,R35,TXD,N46,48,392430,G,1,0.93,0.9,5.0,U,-43.0,9.25,True,,2026-07-07T14:59:09.928+00:00,/dev/cu.usbserial-576B0005451,"RX,2270902,R35,TXD,N46,48,392430,G,1,0.93,0.90,5,U,-43,9.25"
RX,2271100,R35,TXA,N01,390,392626,G,1,0.93,0.9,5.0,F,-38.0,9.25,True,,2026-07-07T14:59:10.125+00:00,/dev/cu.usbserial-576B0005451,"RX,2271100,R35,TXA,N01,390,392626,G,1,0.93,0.90,5,F,-38,9.25"
RX,2271366,R35,TXB,N16,194,392892,E,0,0.87,0.84,5.0,U,-48.0,9.5,True,,2026-07-07T14:59:10.392+00:00,/dev/cu.usbserial-576B0005451,"RX,2271366,R35,TXB,N16,194,392892,E,0,0.87,0.84,5,U,-48,9.50"
RX,2271548,R35,TXG,N91,47,393080,G,1,0.93,0.9,5.0,U,-45.0,9.75,True,,2026-07-07T14:59:10.575+00:00,/dev/cu.usbserial-576B0005451,"RX,2271548,R35,TXG,N91,47,393080,G,1,0.93,0.90,5,U,-45,9.75"
RX,2271848,R35,TXE,N61,192,393379,A,1,0.75,0.72,5.0,U,-54.0,9.75,True,,2026-07-07T14:59:10.874+00:00,/dev/cu.usbserial-576B0005451,"RX,2271848,R35,TXE,N61,192,393379,A,1,0.75,0.72,5,U,-54,9.75"
RX,2272100,R35,TXA,N01,391,393626,H,0,0.32,0.3,5.0,F,-38.0,9.5,True,,2026-07-07T14:59:11.125+00:00,/dev/cu.usbserial-576B0005451,"RX,2272100,R35,TXA,N01,391,393626,H,0,0.32,0.30,5,F,-38,9.50"
RX,2272243,R35,TXK,N151,196,393763,A,1,0.75,0.72,5.0,U,-53.0,9.5,True,,2026-07-07T14:59:11.268+00:00,/dev/cu.usbserial-576B0005451,"RX,2272243,R35,TXK,N151,196,393763,A,1,0.75,0.72,5,U,-53,9.50"
RX,2272598,R35,TXF,N76,97,394131,G,1,0.93,0.9,5.0,U,-49.0,9.5,True,,2026-07-07T14:59:11.624+00:00,/dev/cu.usbserial-576B0005451,"RX,2272598,R35,TXF,N76,97,394131,G,1,0.93,0.90,5,U,-49,9.50"
RX,2272755,R35,TXJ,N136,47,394280,G,1,0.93,0.9,5.0,U,-52.0,9.5,True,,2026-07-07T14:59:11.780+00:00,/dev/cu.usbserial-576B0005451,"RX,2272755,R35,TXJ,N136,47,394280,G,1,0.93,0.90,5,U,-52,9.50"
RX,2272852,R35,TXC,N31,96,394381,E,0,0.87,0.84,5.0,U,-42.0,10.5,True,,2026-07-07T14:59:11.877+00:00,/dev/cu.usbserial-576B0005451,"RX,2272852,R35,TXC,N31,96,394381,E,0,0.87,0.84,5,U,-42,10.50"
RX,2273100,R35,TXA,N01,392,394626,A,1,0.75,0.72,5.0,F,-39.0,9.75,True,,2026-07-07T14:59:12.125+00:00,/dev/cu.usbserial-576B0005451,"RX,2273100,R35,TXA,N01,392,394626,A,1,0.75,0.72,5,F,-39,9.75"
RX,2273366,R35,TXB,N16,195,394892,G,1,0.93,0.9,5.0,U,-49.0,10.0,True,,2026-07-07T14:59:12.392+00:00,/dev/cu.usbserial-576B0005451,"RX,2273366,R35,TXB,N16,195,394892,G,1,0.93,0.90,5,U,-49,10.00"
RX,2273848,R35,TXE,N61,193,395379,C,1,0.81,0.78,5.0,U,-54.0,9.25,True,,2026-07-07T14:59:12.873+00:00,/dev/cu.usbserial-576B0005451,"RX,2273848,R35,TXE,N61,193,395379,C,1,0.81,0.78,5,U,-54,9.25"
RX,2273954,R35,TXI,N121,96,395480,E,0,0.87,0.84,5.0,U,-64.0,9.25,True,,2026-07-07T14:59:12.980+00:00,/dev/cu.usbserial-576B0005451,"RX,2273954,R35,TXI,N121,96,395480,E,0,0.87,0.84,5,U,-64,9.25"
RX,2274100,R35,TXA,N01,393,395626,B,1,0.2,0.18,5.0,F,-39.0,9.5,True,,2026-07-07T14:59:13.125+00:00,/dev/cu.usbserial-576B0005451,"RX,2274100,R35,TXA,N01,393,395626,B,1,0.20,0.18,5,F,-39,9.50"
RX,2274243,R35,TXK,N151,197,395763,C,0,0.81,0.78,5.0,U,-54.0,9.5,True,,2026-07-07T14:59:13.268+00:00,/dev/cu.usbserial-576B0005451,"RX,2274243,R35,TXK,N151,197,395763,C,0,0.81,0.78,5,U,-54,9.50"
RX,2274851,R35,TXC,N31,97,396381,G,1,0.93,0.9,5.0,U,-42.0,9.5,True,,2026-07-07T14:59:13.877+00:00,/dev/cu.usbserial-576B0005451,"RX,2274851,R35,TXC,N31,97,396381,G,1,0.93,0.90,5,U,-42,9.50"
RX,2275100,R35,TXA,N01,394,396626,C,0,0.81,0.78,5.0,F,-39.0,9.75,True,,2026-07-07T14:59:14.125+00:00,/dev/cu.usbserial-576B0005451,"RX,2275100,R35,TXA,N01,394,396626,C,0,0.81,0.78,5,F,-39,9.75"
RX,2275367,R35,TXB,N16,196,396892,A,1,0.75,0.72,5.0,U,-48.0,10.0,True,,2026-07-07T14:59:14.392+00:00,/dev/cu.usbserial-576B0005451,"RX,2275367,R35,TXB,N16,196,396892,A,1,0.75,0.72,5,U,-48,10.00"
RX,2275848,R35,TXE,N61,194,397379,E,0,0.87,0.84,5.0,U,-55.0,9.5,True,,2026-07-07T14:59:14.874+00:00,/dev/cu.usbserial-576B0005451,"RX,2275848,R35,TXE,N61,194,397379,E,0,0.87,0.84,5,U,-55,9.50"
RX,2275954,R35,TXI,N121,97,397480,G,1,0.93,0.9,5.0,U,-64.0,9.25,True,,2026-07-07T14:59:14.980+00:00,/dev/cu.usbserial-576B0005451,"RX,2275954,R35,TXI,N121,97,397480,G,1,0.93,0.90,5,U,-64,9.25"
RX,2276100,R35,TXA,N01,395,397626,D,1,0.24,0.22,5.0,F,-39.0,10.0,True,,2026-07-07T14:59:15.126+00:00,/dev/cu.usbserial-576B0005451,"RX,2276100,R35,TXA,N01,395,397626,D,1,0.24,0.22,5,F,-39,10.00"
RX,2276243,R35,TXK,N151,198,397763,E,1,0.87,0.84,5.0,U,-53.0,9.75,True,,2026-07-07T14:59:15.268+00:00,/dev/cu.usbserial-576B0005451,"RX,2276243,R35,TXK,N151,198,397763,E,1,0.87,0.84,5,U,-53,9.75"
RX,2277100,R35,TXA,N01,396,398626,E,1,0.87,0.84,5.0,F,-40.0,9.5,True,,2026-07-07T14:59:16.125+00:00,/dev/cu.usbserial-576B0005451,"RX,2277100,R35,TXA,N01,396,398626,E,1,0.87,0.84,5,F,-40,9.50"
RX,2277366,R35,TXB,N16,197,398892,C,0,0.81,0.78,5.0,U,-49.0,9.75,True,,2026-07-07T14:59:16.392+00:00,/dev/cu.usbserial-576B0005451,"RX,2277366,R35,TXB,N16,197,398892,C,0,0.81,0.78,5,U,-49,9.75"
RX,2277848,R35,TXE,N61,195,399379,G,1,0.93,0.9,5.0,U,-53.0,10.0,True,,2026-07-07T14:59:16.873+00:00,/dev/cu.usbserial-576B0005451,"RX,2277848,R35,TXE,N61,195,399379,G,1,0.93,0.90,5,U,-53,10.00"
RX,2278100,R35,TXA,N01,397,399626,F,0,0.28,0.26,5.0,F,-40.0,9.75,True,,2026-07-07T14:59:17.125+00:00,/dev/cu.usbserial-576B0005451,"RX,2278100,R35,TXA,N01,397,399626,F,0,0.28,0.26,5,F,-40,9.75"
RX,2278210,R35,TXH,N106,25,399742,G,1,0.93,0.9,5.0,U,-41.0,3.75,True,,2026-07-07T14:59:17.235+00:00,/dev/cu.usbserial-576B0005451,"RX,2278210,R35,TXH,N106,25,399742,G,1,0.93,0.90,5,U,-41,3.75"
RX,2278390,R35,TXL,N166,25,399916,G,1,0.93,0.9,5.0,U,-50.0,9.75,True,,2026-07-07T14:59:17.415+00:00,/dev/cu.usbserial-576B0005451,"RX,2278390,R35,TXL,N166,25,399916,G,1,0.93,0.90,5,U,-50,9.75"
RX,2278598,R35,TXF,N76,98,400131,E,1,0.87,0.84,5.0,U,-46.0,10.0,True,,2026-07-07T14:59:17.624+00:00,/dev/cu.usbserial-576B0005451,"RX,2278598,R35,TXF,N76,98,400131,E,1,0.87,0.84,5,U,-46,10.00"
RX,2278902,R35,TXD,N46,49,400430,G,1,0.93,0.9,5.0,U,-44.0,9.5,True,,2026-07-07T14:59:17.927+00:00,/dev/cu.usbserial-576B0005451,"RX,2278902,R35,TXD,N46,49,400430,G,1,0.93,0.90,5,U,-44,9.50"
RX,2279100,R35,TXA,N01,398,400626,G,1,0.93,0.9,5.0,F,-39.0,9.75,True,,2026-07-07T14:59:18.125+00:00,/dev/cu.usbserial-576B0005451,"RX,2279100,R35,TXA,N01,398,400626,G,1,0.93,0.90,5,F,-39,9.75"
RX,2279367,R35,TXB,N16,198,400892,E,1,0.87,0.84,5.0,U,-49.0,9.5,True,,2026-07-07T14:59:18.392+00:00,/dev/cu.usbserial-576B0005451,"RX,2279367,R35,TXB,N16,198,400892,E,1,0.87,0.84,5,U,-49,9.50"
RX,2279548,R35,TXG,N91,48,401080,G,1,0.93,0.9,5.0,U,-47.0,10.25,True,,2026-07-07T14:59:18.574+00:00,/dev/cu.usbserial-576B0005451,"RX,2279548,R35,TXG,N91,48,401080,G,1,0.93,0.90,5,U,-47,10.25"
RX,2279848,R35,TXE,N61,196,401379,A,1,0.75,0.72,5.0,U,-54.0,10.0,True,,2026-07-07T14:59:18.874+00:00,/dev/cu.usbserial-576B0005451,"RX,2279848,R35,TXE,N61,196,401379,A,1,0.75,0.72,5,U,-54,10.00"
RX,2280100,R35,TXA,N01,399,401626,H,1,0.32,0.3,5.0,F,-39.0,9.75,True,,2026-07-07T14:59:19.125+00:00,/dev/cu.usbserial-576B0005451,"RX,2280100,R35,TXA,N01,399,401626,H,1,0.32,0.30,5,F,-39,9.75"
RX,2280243,R35,TXK,N151,200,401763,A,0,0.75,0.72,5.0,U,-53.0,9.75,True,,2026-07-07T14:59:19.268+00:00,/dev/cu.usbserial-576B0005451,"RX,2280243,R35,TXK,N151,200,401763,A,0,0.75,0.72,5,U,-53,9.75"
RX,2280598,R35,TXF,N76,99,402131,G,1,0.93,0.9,5.0,U,-46.0,9.5,True,,2026-07-07T14:59:19.624+00:00,/dev/cu.usbserial-576B0005451,"RX,2280598,R35,TXF,N76,99,402131,G,1,0.93,0.90,5,U,-46,9.50"
RX,2280755,R35,TXJ,N136,48,402280,G,1,0.93,0.9,5.0,U,-55.0,9.5,True,,2026-07-07T14:59:19.780+00:00,/dev/cu.usbserial-576B0005451,"RX,2280755,R35,TXJ,N136,48,402280,G,1,0.93,0.90,5,U,-55,9.50"
RX,2280851,R35,TXC,N31,98,402381,E,1,0.87,0.84,5.0,U,-42.0,9.25,True,,2026-07-07T14:59:19.877+00:00,/dev/cu.usbserial-576B0005451,"RX,2280851,R35,TXC,N31,98,402381,E,1,0.87,0.84,5,U,-42,9.25"
RX,2281100,R35,TXA,N01,400,402626,A,0,0.75,0.72,5.0,F,-39.0,10.0,True,,2026-07-07T14:59:20.125+00:00,/dev/cu.usbserial-576B0005451,"RX,2281100,R35,TXA,N01,400,402626,A,0,0.75,0.72,5,F,-39,10.00"
RX,2281367,R35,TXB,N16,199,402892,G,1,0.93,0.9,5.0,U,-49.0,9.75,True,,2026-07-07T14:59:20.391+00:00,/dev/cu.usbserial-576B0005451,"RX,2281367,R35,TXB,N16,199,402892,G,1,0.93,0.90,5,U,-49,9.75"
RX,2281954,R35,TXI,N121,98,403480,E,1,0.87,0.84,5.0,U,-63.0,9.5,True,,2026-07-07T14:59:20.979+00:00,/dev/cu.usbserial-576B0005451,"RX,2281954,R35,TXI,N121,98,403480,E,1,0.87,0.84,5,U,-63,9.50"
RX,2282100,R35,TXA,N01,401,403626,B,1,0.2,0.18,5.0,F,-39.0,10.0,True,,2026-07-07T14:59:21.125+00:00,/dev/cu.usbserial-576B0005451,"RX,2282100,R35,TXA,N01,401,403626,B,1,0.20,0.18,5,F,-39,10.00"
RX,2282243,R35,TXK,N151,201,403763,C,1,0.81,0.78,5.0,U,-53.0,10.0,True,,2026-07-07T14:59:21.268+00:00,/dev/cu.usbserial-576B0005451,"RX,2282243,R35,TXK,N151,201,403763,C,1,0.81,0.78,5,U,-53,10.00"
RX,2282851,R35,TXC,N31,99,404381,G,1,0.93,0.9,5.0,U,-42.0,10.0,True,,2026-07-07T14:59:21.877+00:00,/dev/cu.usbserial-576B0005451,"RX,2282851,R35,TXC,N31,99,404381,G,1,0.93,0.90,5,U,-42,10.00"
RX,2283100,R35,TXA,N01,402,404626,C,1,0.81,0.78,5.0,F,-39.0,9.75,True,,2026-07-07T14:59:22.126+00:00,/dev/cu.usbserial-576B0005451,"RX,2283100,R35,TXA,N01,402,404626,C,1,0.81,0.78,5,F,-39,9.75"
RX,2283367,R35,TXB,N16,200,404892,A,0,0.75,0.72,5.0,U,-49.0,10.0,True,,2026-07-07T14:59:22.392+00:00,/dev/cu.usbserial-576B0005451,"RX,2283367,R35,TXB,N16,200,404892,A,0,0.75,0.72,5,U,-49,10.00"
RX,2283848,R35,TXE,N61,198,405379,E,1,0.87,0.84,5.0,U,-54.0,9.75,True,,2026-07-07T14:59:22.874+00:00,/dev/cu.usbserial-576B0005451,"RX,2283848,R35,TXE,N61,198,405379,E,1,0.87,0.84,5,U,-54,9.75"
RX,2283954,R35,TXI,N121,99,405480,G,1,0.93,0.9,5.0,U,-63.0,9.75,True,,2026-07-07T14:59:22.980+00:00,/dev/cu.usbserial-576B0005451,"RX,2283954,R35,TXI,N121,99,405480,G,1,0.93,0.90,5,U,-63,9.75"
RX,2284100,R35,TXA,N01,403,405626,D,0,0.24,0.22,5.0,F,-40.0,10.25,True,,2026-07-07T14:59:23.126+00:00,/dev/cu.usbserial-576B0005451,"RX,2284100,R35,TXA,N01,403,405626,D,0,0.24,0.22,5,F,-40,10.25"
RX,2284243,R35,TXK,N151,202,405763,E,1,0.87,0.84,5.0,U,-53.0,9.75,True,,2026-07-07T14:59:23.268+00:00,/dev/cu.usbserial-576B0005451,"RX,2284243,R35,TXK,N151,202,405763,E,1,0.87,0.84,5,U,-53,9.75"
RX,2285100,R35,TXA,N01,404,406626,E,1,0.87,0.84,5.0,F,-40.0,9.25,True,,2026-07-07T14:59:24.125+00:00,/dev/cu.usbserial-576B0005451,"RX,2285100,R35,TXA,N01,404,406626,E,1,0.87,0.84,5,F,-40,9.25"
RX,2285367,R35,TXB,N16,201,406892,C,1,0.81,0.78,5.0,U,-48.0,9.75,True,,2026-07-07T14:59:24.392+00:00,/dev/cu.usbserial-576B0005451,"RX,2285367,R35,TXB,N16,201,406892,C,1,0.81,0.78,5,U,-48,9.75"
RX,2285848,R35,TXE,N61,199,407379,G,1,0.93,0.9,5.0,U,-55.0,9.5,True,,2026-07-07T14:59:24.874+00:00,/dev/cu.usbserial-576B0005451,"RX,2285848,R35,TXE,N61,199,407379,G,1,0.93,0.90,5,U,-55,9.50"
RX,2286100,R35,TXA,N01,405,407626,F,1,0.28,0.26,5.0,F,-40.0,10.0,True,,2026-07-07T14:59:25.125+00:00,/dev/cu.usbserial-576B0005451,"RX,2286100,R35,TXA,N01,405,407626,F,1,0.28,0.26,5,F,-40,10.00"
RX,2286210,R35,TXH,N106,26,407742,G,0,0.93,0.9,5.0,U,-41.0,4.25,True,,2026-07-07T14:59:25.236+00:00,/dev/cu.usbserial-576B0005451,"RX,2286210,R35,TXH,N106,26,407742,G,0,0.93,0.90,5,U,-41,4.25"
RX,2286390,R35,TXL,N166,26,407916,G,0,0.93,0.9,5.0,U,-50.0,9.5,True,,2026-07-07T14:59:25.415+00:00,/dev/cu.usbserial-576B0005451,"RX,2286390,R35,TXL,N166,26,407916,G,0,0.93,0.90,5,U,-50,9.50"
RX,2286598,R35,TXF,N76,100,408131,E,1,0.87,0.84,5.0,U,-47.0,10.0,True,,2026-07-07T14:59:25.624+00:00,/dev/cu.usbserial-576B0005451,"RX,2286598,R35,TXF,N76,100,408131,E,1,0.87,0.84,5,U,-47,10.00"
RX,2286902,R35,TXD,N46,50,408430,G,0,0.93,0.9,5.0,U,-44.0,9.75,True,,2026-07-07T14:59:25.928+00:00,/dev/cu.usbserial-576B0005451,"RX,2286902,R35,TXD,N46,50,408430,G,0,0.93,0.90,5,U,-44,9.75"
RX,2287100,R35,TXA,N01,406,408626,G,0,0.93,0.9,5.0,F,-39.0,9.75,True,,2026-07-07T14:59:26.125+00:00,/dev/cu.usbserial-576B0005451,"RX,2287100,R35,TXA,N01,406,408626,G,0,0.93,0.90,5,F,-39,9.75"
RX,2287367,R35,TXB,N16,202,408892,E,1,0.87,0.84,5.0,U,-49.0,9.75,True,,2026-07-07T14:59:26.392+00:00,/dev/cu.usbserial-576B0005451,"RX,2287367,R35,TXB,N16,202,408892,E,1,0.87,0.84,5,U,-49,9.75"
RX,2287548,R35,TXG,N91,49,409080,G,1,0.93,0.9,5.0,U,-47.0,10.0,True,,2026-07-07T14:59:26.574+00:00,/dev/cu.usbserial-576B0005451,"RX,2287548,R35,TXG,N91,49,409080,G,1,0.93,0.90,5,U,-47,10.00"
RX,2287848,R35,TXE,N61,200,409379,A,0,0.75,0.72,5.0,U,-54.0,9.5,True,,2026-07-07T14:59:26.874+00:00,/dev/cu.usbserial-576B0005451,"RX,2287848,R35,TXE,N61,200,409379,A,0,0.75,0.72,5,U,-54,9.50"
RX,2288100,R35,TXA,N01,407,409626,H,1,0.32,0.3,5.0,F,-39.0,10.0,True,,2026-07-07T14:59:27.125+00:00,/dev/cu.usbserial-576B0005451,"RX,2288100,R35,TXA,N01,407,409626,H,1,0.32,0.30,5,F,-39,10.00"
RX,2288243,R35,TXK,N151,204,409763,A,1,0.75,0.72,5.0,U,-53.0,9.75,True,,2026-07-07T14:59:27.268+00:00,/dev/cu.usbserial-576B0005451,"RX,2288243,R35,TXK,N151,204,409763,A,1,0.75,0.72,5,U,-53,9.75"
RX,2288598,R35,TXF,N76,101,410131,G,0,0.93,0.9,5.0,U,-46.0,9.75,True,,2026-07-07T14:59:27.624+00:00,/dev/cu.usbserial-576B0005451,"RX,2288598,R35,TXF,N76,101,410131,G,0,0.93,0.90,5,U,-46,9.75"
RX,2288755,R35,TXJ,N136,49,410280,G,1,0.93,0.9,5.0,U,-55.0,9.5,True,,2026-07-07T14:59:27.781+00:00,/dev/cu.usbserial-576B0005451,"RX,2288755,R35,TXJ,N136,49,410280,G,1,0.93,0.90,5,U,-55,9.50"
RX,2288852,R35,TXC,N31,100,410381,E,1,0.87,0.84,5.0,U,-42.0,10.0,True,,2026-07-07T14:59:27.877+00:00,/dev/cu.usbserial-576B0005451,"RX,2288852,R35,TXC,N31,100,410381,E,1,0.87,0.84,5,U,-42,10.00"
RX,2289100,R35,TXA,N01,408,410626,A,1,0.75,0.72,5.0,F,-39.0,9.75,True,,2026-07-07T14:59:28.125+00:00,/dev/cu.usbserial-576B0005451,"RX,2289100,R35,TXA,N01,408,410626,A,1,0.75,0.72,5,F,-39,9.75"
RX,2289367,R35,TXB,N16,203,410892,G,0,0.93,0.9,5.0,U,-49.0,9.75,True,,2026-07-07T14:59:28.392+00:00,/dev/cu.usbserial-576B0005451,"RX,2289367,R35,TXB,N16,203,410892,G,0,0.93,0.90,5,U,-49,9.75"
RX,2289848,R35,TXE,N61,201,411379,C,1,0.81,0.78,5.0,U,-54.0,9.75,True,,2026-07-07T14:59:28.874+00:00,/dev/cu.usbserial-576B0005451,"RX,2289848,R35,TXE,N61,201,411379,C,1,0.81,0.78,5,U,-54,9.75"
RX,2289959,R35,TXI,N121,100,411480,E,1,0.87,0.84,5.0,U,-66.0,9.5,True,,2026-07-07T14:59:28.985+00:00,/dev/cu.usbserial-576B0005451,"RX,2289959,R35,TXI,N121,100,411480,E,1,0.87,0.84,5,U,-66,9.50"
RX,2290100,R35,TXA,N01,409,411626,B,0,0.2,0.18,5.0,F,-39.0,10.0,True,,2026-07-07T14:59:29.125+00:00,/dev/cu.usbserial-576B0005451,"RX,2290100,R35,TXA,N01,409,411626,B,0,0.20,0.18,5,F,-39,10.00"
RX,2290243,R35,TXK,N151,205,411763,C,1,0.81,0.78,5.0,U,-54.0,10.25,True,,2026-07-07T14:59:29.267+00:00,/dev/cu.usbserial-576B0005451,"RX,2290243,R35,TXK,N151,205,411763,C,1,0.81,0.78,5,U,-54,10.25"
RX,2290852,R35,TXC,N31,101,412381,G,0,0.93,0.9,5.0,U,-42.0,10.0,True,,2026-07-07T14:59:29.877+00:00,/dev/cu.usbserial-576B0005451,"RX,2290852,R35,TXC,N31,101,412381,G,0,0.93,0.90,5,U,-42,10.00"
RX,2291100,R35,TXA,N01,410,412626,C,1,0.81,0.78,5.0,F,-39.0,9.75,True,,2026-07-07T14:59:30.125+00:00,/dev/cu.usbserial-576B0005451,"RX,2291100,R35,TXA,N01,410,412626,C,1,0.81,0.78,5,F,-39,9.75"
RX,2291366,R35,TXB,N16,204,412892,A,1,0.75,0.72,5.0,U,-49.0,9.75,True,,2026-07-07T14:59:30.392+00:00,/dev/cu.usbserial-576B0005451,"RX,2291366,R35,TXB,N16,204,412892,A,1,0.75,0.72,5,U,-49,9.75"
RX,2291848,R35,TXE,N61,202,413379,E,1,0.87,0.84,5.0,U,-55.0,9.75,True,,2026-07-07T14:59:30.874+00:00,/dev/cu.usbserial-576B0005451,"RX,2291848,R35,TXE,N61,202,413379,E,1,0.87,0.84,5,U,-55,9.75"
RX,2291959,R35,TXI,N121,101,413480,G,0,0.93,0.9,5.0,U,-67.0,10.25,True,,2026-07-07T14:59:30.985+00:00,/dev/cu.usbserial-576B0005451,"RX,2291959,R35,TXI,N121,101,413480,G,0,0.93,0.90,5,U,-67,10.25"
RX,2292100,R35,TXA,N01,411,413626,D,1,0.24,0.22,5.0,F,-39.0,10.0,True,,2026-07-07T14:59:31.125+00:00,/dev/cu.usbserial-576B0005451,"RX,2292100,R35,TXA,N01,411,413626,D,1,0.24,0.22,5,F,-39,10.00"
RX,2292243,R35,TXK,N151,206,413763,E,0,0.87,0.84,5.0,U,-54.0,9.5,True,,2026-07-07T14:59:31.268+00:00,/dev/cu.usbserial-576B0005451,"RX,2292243,R35,TXK,N151,206,413763,E,0,0.87,0.84,5,U,-54,9.50"
RX,2293100,R35,TXA,N01,412,414626,E,0,0.87,0.84,5.0,F,-40.0,9.75,True,,2026-07-07T14:59:32.125+00:00,/dev/cu.usbserial-576B0005451,"RX,2293100,R35,TXA,N01,412,414626,E,0,0.87,0.84,5,F,-40,9.75"
RX,2293367,R35,TXB,N16,205,414892,C,1,0.81,0.78,5.0,U,-48.0,9.75,True,,2026-07-07T14:59:32.392+00:00,/dev/cu.usbserial-576B0005451,"RX,2293367,R35,TXB,N16,205,414892,C,1,0.81,0.78,5,U,-48,9.75"
RX,2293848,R35,TXE,N61,203,415379,G,0,0.93,0.9,5.0,U,-54.0,9.75,True,,2026-07-07T14:59:32.874+00:00,/dev/cu.usbserial-576B0005451,"RX,2293848,R35,TXE,N61,203,415379,G,0,0.93,0.90,5,U,-54,9.75"
RX,2294100,R35,TXA,N01,413,415626,F,1,0.28,0.26,5.0,F,-40.0,9.25,True,,2026-07-07T14:59:33.125+00:00,/dev/cu.usbserial-576B0005451,"RX,2294100,R35,TXA,N01,413,415626,F,1,0.28,0.26,5,F,-40,9.25"
RX,2294210,R35,TXH,N106,27,415742,G,1,0.93,0.9,5.0,U,-41.0,4.5,True,,2026-07-07T14:59:33.235+00:00,/dev/cu.usbserial-576B0005451,"RX,2294210,R35,TXH,N106,27,415742,G,1,0.93,0.90,5,U,-41,4.50"
RX,2294390,R35,TXL,N166,27,415916,G,1,0.93,0.9,5.0,U,-50.0,9.25,True,,2026-07-07T14:59:33.415+00:00,/dev/cu.usbserial-576B0005451,"RX,2294390,R35,TXL,N166,27,415916,G,1,0.93,0.90,5,U,-50,9.25"
RX,2294598,R35,TXF,N76,102,416131,E,0,0.87,0.84,5.0,U,-46.0,9.75,True,,2026-07-07T14:59:33.624+00:00,/dev/cu.usbserial-576B0005451,"RX,2294598,R35,TXF,N76,102,416131,E,0,0.87,0.84,5,U,-46,9.75"
RX,2294902,R35,TXD,N46,51,416430,G,1,0.93,0.9,5.0,U,-44.0,9.5,True,,2026-07-07T14:59:33.928+00:00,/dev/cu.usbserial-576B0005451,"RX,2294902,R35,TXD,N46,51,416430,G,1,0.93,0.90,5,U,-44,9.50"
RX,2295100,R35,TXA,N01,414,416626,G,1,0.93,0.9,5.0,F,-39.0,9.75,True,,2026-07-07T14:59:34.125+00:00,/dev/cu.usbserial-576B0005451,"RX,2295100,R35,TXA,N01,414,416626,G,1,0.93,0.90,5,F,-39,9.75"
RX,2295367,R35,TXB,N16,206,416892,E,0,0.87,0.84,5.0,U,-49.0,9.75,True,,2026-07-07T14:59:34.392+00:00,/dev/cu.usbserial-576B0005451,"RX,2295367,R35,TXB,N16,206,416892,E,0,0.87,0.84,5,U,-49,9.75"
RX,2295548,R35,TXG,N91,50,417080,G,0,0.93,0.9,5.0,U,-47.0,10.0,True,,2026-07-07T14:59:34.574+00:00,/dev/cu.usbserial-576B0005451,"RX,2295548,R35,TXG,N91,50,417080,G,0,0.93,0.90,5,U,-47,10.00"
RX,2295848,R35,TXE,N61,204,417379,A,1,0.75,0.72,5.0,U,-54.0,9.5,True,,2026-07-07T14:59:34.874+00:00,/dev/cu.usbserial-576B0005451,"RX,2295848,R35,TXE,N61,204,417379,A,1,0.75,0.72,5,U,-54,9.50"
RX,2296100,R35,TXA,N01,415,417626,H,0,0.32,0.3,5.0,F,-39.0,9.75,True,,2026-07-07T14:59:35.125+00:00,/dev/cu.usbserial-576B0005451,"RX,2296100,R35,TXA,N01,415,417626,H,0,0.32,0.30,5,F,-39,9.75"
RX,2296243,R35,TXK,N151,208,417763,A,1,0.75,0.72,5.0,U,-54.0,9.75,True,,2026-07-07T14:59:35.268+00:00,/dev/cu.usbserial-576B0005451,"RX,2296243,R35,TXK,N151,208,417763,A,1,0.75,0.72,5,U,-54,9.75"
RX,2296598,R35,TXF,N76,103,418131,G,1,0.93,0.9,5.0,U,-46.0,9.75,True,,2026-07-07T14:59:35.624+00:00,/dev/cu.usbserial-576B0005451,"RX,2296598,R35,TXF,N76,103,418131,G,1,0.93,0.90,5,U,-46,9.75"
RX,2296851,R35,TXC,N31,102,418381,E,0,0.87,0.84,5.0,U,-42.0,10.0,True,,2026-07-07T14:59:35.877+00:00,/dev/cu.usbserial-576B0005451,"RX,2296851,R35,TXC,N31,102,418381,E,0,0.87,0.84,5,U,-42,10.00"
RX,2297100,R35,TXA,N01,416,418626,A,1,0.75,0.72,5.0,F,-39.0,9.5,True,,2026-07-07T14:59:36.125+00:00,/dev/cu.usbserial-576B0005451,"RX,2297100,R35,TXA,N01,416,418626,A,1,0.75,0.72,5,F,-39,9.50"
RX,2297367,R35,TXB,N16,207,418892,G,1,0.93,0.9,5.0,U,-49.0,10.0,True,,2026-07-07T14:59:36.392+00:00,/dev/cu.usbserial-576B0005451,"RX,2297367,R35,TXB,N16,207,418892,G,1,0.93,0.90,5,U,-49,10.00"
RX,2297848,R35,TXE,N61,205,419379,C,1,0.81,0.78,5.0,U,-54.0,9.5,True,,2026-07-07T14:59:36.873+00:00,/dev/cu.usbserial-576B0005451,"RX,2297848,R35,TXE,N61,205,419379,C,1,0.81,0.78,5,U,-54,9.50"
RX,2297959,R35,TXI,N121,102,419480,E,0,0.87,0.84,5.0,U,-63.0,9.5,True,,2026-07-07T14:59:36.985+00:00,/dev/cu.usbserial-576B0005451,"RX,2297959,R35,TXI,N121,102,419480,E,0,0.87,0.84,5,U,-63,9.50"
RX,2298100,R35,TXA,N01,417,419626,B,1,0.2,0.18,5.0,F,-39.0,9.5,True,,2026-07-07T14:59:37.125+00:00,/dev/cu.usbserial-576B0005451,"RX,2298100,R35,TXA,N01,417,419626,B,1,0.20,0.18,5,F,-39,9.50"
RX,2298243,R35,TXK,N151,209,419763,C,0,0.81,0.78,5.0,U,-54.0,9.75,True,,2026-07-07T14:59:37.268+00:00,/dev/cu.usbserial-576B0005451,"RX,2298243,R35,TXK,N151,209,419763,C,0,0.81,0.78,5,U,-54,9.75"
RX,2298852,R35,TXC,N31,103,420381,G,1,0.93,0.9,5.0,U,-42.0,9.25,True,,2026-07-07T14:59:37.877+00:00,/dev/cu.usbserial-576B0005451,"RX,2298852,R35,TXC,N31,103,420381,G,1,0.93,0.90,5,U,-42,9.25"
RX,2299100,R35,TXA,N01,418,420626,C,0,0.81,0.78,5.0,F,-39.0,9.5,True,,2026-07-07T14:59:38.125+00:00,/dev/cu.usbserial-576B0005451,"RX,2299100,R35,TXA,N01,418,420626,C,0,0.81,0.78,5,F,-39,9.50"
RX,2299367,R35,TXB,N16,208,420892,A,1,0.75,0.72,5.0,U,-49.0,10.25,True,,2026-07-07T14:59:38.392+00:00,/dev/cu.usbserial-576B0005451,"RX,2299367,R35,TXB,N16,208,420892,A,1,0.75,0.72,5,U,-49,10.25"
RX,2299848,R35,TXE,N61,206,421379,E,0,0.87,0.84,5.0,U,-54.0,9.5,True,,2026-07-07T14:59:38.873+00:00,/dev/cu.usbserial-576B0005451,"RX,2299848,R35,TXE,N61,206,421379,E,0,0.87,0.84,5,U,-54,9.50"
RX,2299959,R35,TXI,N121,103,421480,G,1,0.93,0.9,5.0,U,-67.0,10.0,True,,2026-07-07T14:59:38.985+00:00,/dev/cu.usbserial-576B0005451,"RX,2299959,R35,TXI,N121,103,421480,G,1,0.93,0.90,5,U,-67,10.00"
RX,2300100,R35,TXA,N01,419,421626,D,1,0.24,0.22,5.0,F,-39.0,9.5,True,,2026-07-07T14:59:39.125+00:00,/dev/cu.usbserial-576B0005451,"RX,2300100,R35,TXA,N01,419,421626,D,1,0.24,0.22,5,F,-39,9.50"
RX,2300243,R35,TXK,N151,210,421763,E,1,0.87,0.84,5.0,U,-53.0,9.75,True,,2026-07-07T14:59:39.268+00:00,/dev/cu.usbserial-576B0005451,"RX,2300243,R35,TXK,N151,210,421763,E,1,0.87,0.84,5,U,-53,9.75"
RX,2301100,R35,TXA,N01,420,422626,E,1,0.87,0.84,5.0,F,-39.0,9.25,True,,2026-07-07T14:59:40.125+00:00,/dev/cu.usbserial-576B0005451,"RX,2301100,R35,TXA,N01,420,422626,E,1,0.87,0.84,5,F,-39,9.25"
RX,2301367,R35,TXB,N16,209,422892,C,0,0.81,0.78,5.0,U,-49.0,9.75,True,,2026-07-07T14:59:40.392+00:00,/dev/cu.usbserial-576B0005451,"RX,2301367,R35,TXB,N16,209,422892,C,0,0.81,0.78,5,U,-49,9.75"
RX,2301848,R35,TXE,N61,207,423379,G,1,0.93,0.9,5.0,U,-54.0,9.5,True,,2026-07-07T14:59:40.873+00:00,/dev/cu.usbserial-576B0005451,"RX,2301848,R35,TXE,N61,207,423379,G,1,0.93,0.90,5,U,-54,9.50"
RX,2302100,R35,TXA,N01,421,423626,F,0,0.28,0.26,5.0,F,-39.0,9.75,True,,2026-07-07T14:59:41.125+00:00,/dev/cu.usbserial-576B0005451,"RX,2302100,R35,TXA,N01,421,423626,F,0,0.28,0.26,5,F,-39,9.75"
RX,2302243,R35,TXK,N151,211,423763,G,1,0.93,0.9,5.0,U,-53.0,9.75,True,,2026-07-07T14:59:41.268+00:00,/dev/cu.usbserial-576B0005451,"RX,2302243,R35,TXK,N151,211,423763,G,1,0.93,0.90,5,U,-53,9.75"
RX,2302598,R35,TXF,N76,104,424131,E,1,0.87,0.84,5.0,U,-46.0,9.25,True,,2026-07-07T14:59:41.624+00:00,/dev/cu.usbserial-576B0005451,"RX,2302598,R35,TXF,N76,104,424131,E,1,0.87,0.84,5,U,-46,9.25"
RX,2302902,R35,TXD,N46,52,424430,G,1,0.93,0.9,5.0,U,-44.0,9.75,True,,2026-07-07T14:59:41.928+00:00,/dev/cu.usbserial-576B0005451,"RX,2302902,R35,TXD,N46,52,424430,G,1,0.93,0.90,5,U,-44,9.75"
RX,2303100,R35,TXA,N01,422,424626,G,1,0.93,0.9,5.0,F,-39.0,9.25,True,,2026-07-07T14:59:42.125+00:00,/dev/cu.usbserial-576B0005451,"RX,2303100,R35,TXA,N01,422,424626,G,1,0.93,0.90,5,F,-39,9.25"
RX,2303367,R35,TXB,N16,210,424892,E,1,0.87,0.84,5.0,U,-49.0,9.75,True,,2026-07-07T14:59:42.392+00:00,/dev/cu.usbserial-576B0005451,"RX,2303367,R35,TXB,N16,210,424892,E,1,0.87,0.84,5,U,-49,9.75"
RX,2303548,R35,TXG,N91,51,425080,G,1,0.93,0.9,5.0,U,-47.0,10.0,True,,2026-07-07T14:59:42.574+00:00,/dev/cu.usbserial-576B0005451,"RX,2303548,R35,TXG,N91,51,425080,G,1,0.93,0.90,5,U,-47,10.00"
RX,2303848,R35,TXE,N61,208,425379,A,1,0.75,0.72,5.0,U,-54.0,9.75,True,,2026-07-07T14:59:42.873+00:00,/dev/cu.usbserial-576B0005451,"RX,2303848,R35,TXE,N61,208,425379,A,1,0.75,0.72,5,U,-54,9.75"
RX,2304100,R35,TXA,N01,423,425626,H,1,0.32,0.3,5.0,F,-39.0,9.75,True,,2026-07-07T14:59:43.125+00:00,/dev/cu.usbserial-576B0005451,"RX,2304100,R35,TXA,N01,423,425626,H,1,0.32,0.30,5,F,-39,9.75"
RX,2304243,R35,TXK,N151,212,425763,A,0,0.75,0.72,5.0,U,-54.0,9.75,True,,2026-07-07T14:59:43.268+00:00,/dev/cu.usbserial-576B0005451,"RX,2304243,R35,TXK,N151,212,425763,A,0,0.75,0.72,5,U,-54,9.75"
RX,2304598,R35,TXF,N76,105,426131,G,1,0.93,0.9,5.0,U,-46.0,9.5,True,,2026-07-07T14:59:43.624+00:00,/dev/cu.usbserial-576B0005451,"RX,2304598,R35,TXF,N76,105,426131,G,1,0.93,0.90,5,U,-46,9.50"
RX,2304755,R35,TXJ,N136,51,426280,G,1,0.93,0.9,5.0,U,-55.0,9.75,True,,2026-07-07T14:59:43.780+00:00,/dev/cu.usbserial-576B0005451,"RX,2304755,R35,TXJ,N136,51,426280,G,1,0.93,0.90,5,U,-55,9.75"
RX,2304851,R35,TXC,N31,104,426381,E,1,0.87,0.84,5.0,U,-42.0,9.5,True,,2026-07-07T14:59:43.877+00:00,/dev/cu.usbserial-576B0005451,"RX,2304851,R35,TXC,N31,104,426381,E,1,0.87,0.84,5,U,-42,9.50"
RX,2305100,R35,TXA,N01,424,426626,A,0,0.75,0.72,5.0,F,-39.0,10.0,True,,2026-07-07T14:59:44.125+00:00,/dev/cu.usbserial-576B0005451,"RX,2305100,R35,TXA,N01,424,426626,A,0,0.75,0.72,5,F,-39,10.00"
RX,2305367,R35,TXB,N16,211,426892,G,1,0.93,0.9,5.0,U,-49.0,10.25,True,,2026-07-07T14:59:44.392+00:00,/dev/cu.usbserial-576B0005451,"RX,2305367,R35,TXB,N16,211,426892,G,1,0.93,0.90,5,U,-49,10.25"
RX,2305848,R35,TXE,N61,209,427379,C,0,0.81,0.78,5.0,U,-54.0,9.5,True,,2026-07-07T14:59:44.873+00:00,/dev/cu.usbserial-576B0005451,"RX,2305848,R35,TXE,N61,209,427379,C,0,0.81,0.78,5,U,-54,9.50"
RX,2305959,R35,TXI,N121,104,427480,E,1,0.87,0.84,5.0,U,-66.0,9.75,True,,2026-07-07T14:59:44.985+00:00,/dev/cu.usbserial-576B0005451,"RX,2305959,R35,TXI,N121,104,427480,E,1,0.87,0.84,5,U,-66,9.75"
RX,2306100,R35,TXA,N01,425,427626,B,1,0.2,0.18,5.0,F,-39.0,9.75,True,,2026-07-07T14:59:45.125+00:00,/dev/cu.usbserial-576B0005451,"RX,2306100,R35,TXA,N01,425,427626,B,1,0.20,0.18,5,F,-39,9.75"
RX,2306243,R35,TXK,N151,213,427763,C,1,0.81,0.78,5.0,U,-53.0,10.0,True,,2026-07-07T14:59:45.268+00:00,/dev/cu.usbserial-576B0005451,"RX,2306243,R35,TXK,N151,213,427763,C,1,0.81,0.78,5,U,-53,10.00"
RX,2306851,R35,TXC,N31,105,428381,G,1,0.93,0.9,5.0,U,-42.0,9.5,True,,2026-07-07T14:59:45.877+00:00,/dev/cu.usbserial-576B0005451,"RX,2306851,R35,TXC,N31,105,428381,G,1,0.93,0.90,5,U,-42,9.50"
RX,2307100,R35,TXA,N01,426,428626,C,1,0.81,0.78,5.0,F,-39.0,9.25,True,,2026-07-07T14:59:46.125+00:00,/dev/cu.usbserial-576B0005451,"RX,2307100,R35,TXA,N01,426,428626,C,1,0.81,0.78,5,F,-39,9.25"
RX,2307367,R35,TXB,N16,212,428892,A,0,0.75,0.72,5.0,U,-49.0,9.25,True,,2026-07-07T14:59:46.392+00:00,/dev/cu.usbserial-576B0005451,"RX,2307367,R35,TXB,N16,212,428892,A,0,0.75,0.72,5,U,-49,9.25"
RX,2307848,R35,TXE,N61,210,429379,E,1,0.87,0.84,5.0,U,-54.0,9.75,True,,2026-07-07T14:59:46.873+00:00,/dev/cu.usbserial-576B0005451,"RX,2307848,R35,TXE,N61,210,429379,E,1,0.87,0.84,5,U,-54,9.75"
RX,2307959,R35,TXI,N121,105,429480,G,1,0.93,0.9,5.0,U,-64.0,10.0,True,,2026-07-07T14:59:46.984+00:00,/dev/cu.usbserial-576B0005451,"RX,2307959,R35,TXI,N121,105,429480,G,1,0.93,0.90,5,U,-64,10.00"
RX,2308100,R35,TXA,N01,427,429626,D,0,0.24,0.22,5.0,F,-39.0,9.75,True,,2026-07-07T14:59:47.125+00:00,/dev/cu.usbserial-576B0005451,"RX,2308100,R35,TXA,N01,427,429626,D,0,0.24,0.22,5,F,-39,9.75"
RX,2308243,R35,TXK,N151,214,429763,E,1,0.87,0.84,5.0,U,-53.0,10.25,True,,2026-07-07T14:59:47.268+00:00,/dev/cu.usbserial-576B0005451,"RX,2308243,R35,TXK,N151,214,429763,E,1,0.87,0.84,5,U,-53,10.25"
RX,2309100,R35,TXA,N01,428,430626,E,1,0.87,0.84,5.0,F,-39.0,9.25,True,,2026-07-07T14:59:48.125+00:00,/dev/cu.usbserial-576B0005451,"RX,2309100,R35,TXA,N01,428,430626,E,1,0.87,0.84,5,F,-39,9.25"
RX,2309367,R35,TXB,N16,213,430892,C,1,0.81,0.78,5.0,U,-49.0,9.5,True,,2026-07-07T14:59:48.392+00:00,/dev/cu.usbserial-576B0005451,"RX,2309367,R35,TXB,N16,213,430892,C,1,0.81,0.78,5,U,-49,9.50"
RX,2309848,R35,TXE,N61,211,431379,G,1,0.93,0.9,5.0,U,-54.0,9.5,True,,2026-07-07T14:59:48.873+00:00,/dev/cu.usbserial-576B0005451,"RX,2309848,R35,TXE,N61,211,431379,G,1,0.93,0.90,5,U,-54,9.50"
RX,2310100,R35,TXA,N01,429,431626,F,1,0.28,0.26,5.0,F,-39.0,10.0,True,,2026-07-07T14:59:49.125+00:00,/dev/cu.usbserial-576B0005451,"RX,2310100,R35,TXA,N01,429,431626,F,1,0.28,0.26,5,F,-39,10.00"
RX,2310243,R35,TXK,N151,215,431763,G,0,0.93,0.9,5.0,U,-54.0,9.5,True,,2026-07-07T14:59:49.267+00:00,/dev/cu.usbserial-576B0005451,"RX,2310243,R35,TXK,N151,215,431763,G,0,0.93,0.90,5,U,-54,9.50"
RX,2310598,R35,TXF,N76,106,432131,E,1,0.87,0.84,5.0,U,-46.0,9.75,True,,2026-07-07T14:59:49.624+00:00,/dev/cu.usbserial-576B0005451,"RX,2310598,R35,TXF,N76,106,432131,E,1,0.87,0.84,5,U,-46,9.75"
RX,2310902,R35,TXD,N46,53,432430,G,0,0.93,0.9,5.0,U,-45.0,9.75,True,,2026-07-07T14:59:49.927+00:00,/dev/cu.usbserial-576B0005451,"RX,2310902,R35,TXD,N46,53,432430,G,0,0.93,0.90,5,U,-45,9.75"
RX,2311100,R35,TXA,N01,430,432626,G,0,0.93,0.9,5.0,F,-39.0,9.75,True,,2026-07-07T14:59:50.125+00:00,/dev/cu.usbserial-576B0005451,"RX,2311100,R35,TXA,N01,430,432626,G,0,0.93,0.90,5,F,-39,9.75"
RX,2311367,R35,TXB,N16,214,432892,E,1,0.87,0.84,5.0,U,-49.0,9.75,True,,2026-07-07T14:59:50.392+00:00,/dev/cu.usbserial-576B0005451,"RX,2311367,R35,TXB,N16,214,432892,E,1,0.87,0.84,5,U,-49,9.75"
RX,2311548,R35,TXG,N91,52,433080,G,1,0.93,0.9,5.0,U,-47.0,10.25,True,,2026-07-07T14:59:50.574+00:00,/dev/cu.usbserial-576B0005451,"RX,2311548,R35,TXG,N91,52,433080,G,1,0.93,0.90,5,U,-47,10.25"
RX,2311848,R35,TXE,N61,212,433379,A,0,0.75,0.72,5.0,U,-55.0,9.75,True,,2026-07-07T14:59:50.873+00:00,/dev/cu.usbserial-576B0005451,"RX,2311848,R35,TXE,N61,212,433379,A,0,0.75,0.72,5,U,-55,9.75"
RX,2312100,R35,TXA,N01,431,433626,H,1,0.32,0.3,5.0,F,-39.0,9.25,True,,2026-07-07T14:59:51.125+00:00,/dev/cu.usbserial-576B0005451,"RX,2312100,R35,TXA,N01,431,433626,H,1,0.32,0.30,5,F,-39,9.25"
RX,2312243,R35,TXK,N151,216,433763,A,1,0.75,0.72,5.0,U,-53.0,9.25,True,,2026-07-07T14:59:51.268+00:00,/dev/cu.usbserial-576B0005451,"RX,2312243,R35,TXK,N151,216,433763,A,1,0.75,0.72,5,U,-53,9.25"
RX,2312598,R35,TXF,N76,107,434131,G,0,0.93,0.9,5.0,U,-46.0,9.75,True,,2026-07-07T14:59:51.624+00:00,/dev/cu.usbserial-576B0005451,"RX,2312598,R35,TXF,N76,107,434131,G,0,0.93,0.90,5,U,-46,9.75"
RX,2312755,R35,TXJ,N136,52,434280,G,1,0.93,0.9,5.0,U,-55.0,9.75,True,,2026-07-07T14:59:51.780+00:00,/dev/cu.usbserial-576B0005451,"RX,2312755,R35,TXJ,N136,52,434280,G,1,0.93,0.90,5,U,-55,9.75"
RX,2312851,R35,TXC,N31,106,434381,E,1,0.87,0.84,5.0,U,-43.0,9.75,True,,2026-07-07T14:59:51.877+00:00,/dev/cu.usbserial-576B0005451,"RX,2312851,R35,TXC,N31,106,434381,E,1,0.87,0.84,5,U,-43,9.75"
RX,2313100,R35,TXA,N01,432,434626,A,1,0.75,0.72,5.0,F,-39.0,12.0,True,,2026-07-07T14:59:52.125+00:00,/dev/cu.usbserial-576B0005451,"RX,2313100,R35,TXA,N01,432,434626,A,1,0.75,0.72,5,F,-39,12.00"
RX,2313367,R35,TXB,N16,215,434892,G,0,0.93,0.9,5.0,U,-48.0,9.75,True,,2026-07-07T14:59:52.392+00:00,/dev/cu.usbserial-576B0005451,"RX,2313367,R35,TXB,N16,215,434892,G,0,0.93,0.90,5,U,-48,9.75"
RX,2313848,R35,TXE,N61,213,435379,C,1,0.81,0.78,5.0,U,-54.0,9.5,True,,2026-07-07T14:59:52.873+00:00,/dev/cu.usbserial-576B0005451,"RX,2313848,R35,TXE,N61,213,435379,C,1,0.81,0.78,5,U,-54,9.50"
RX,2313959,R35,TXI,N121,106,435480,E,1,0.87,0.84,5.0,U,-64.0,9.75,True,,2026-07-07T14:59:52.985+00:00,/dev/cu.usbserial-576B0005451,"RX,2313959,R35,TXI,N121,106,435480,E,1,0.87,0.84,5,U,-64,9.75"
RX,2314100,R35,TXA,N01,433,435626,B,0,0.2,0.18,5.0,F,-39.0,9.75,True,,2026-07-07T14:59:53.125+00:00,/dev/cu.usbserial-576B0005451,"RX,2314100,R35,TXA,N01,433,435626,B,0,0.20,0.18,5,F,-39,9.75"
RX,2314243,R35,TXK,N151,217,435763,C,1,0.81,0.78,5.0,U,-54.0,9.5,True,,2026-07-07T14:59:53.268+00:00,/dev/cu.usbserial-576B0005451,"RX,2314243,R35,TXK,N151,217,435763,C,1,0.81,0.78,5,U,-54,9.50"
RX,2314851,R35,TXC,N31,107,436381,G,0,0.93,0.9,5.0,U,-43.0,9.25,True,,2026-07-07T14:59:53.877+00:00,/dev/cu.usbserial-576B0005451,"RX,2314851,R35,TXC,N31,107,436381,G,0,0.93,0.90,5,U,-43,9.25"
RX,2315100,R35,TXA,N01,434,436626,C,1,0.81,0.78,5.0,F,-39.0,9.75,True,,2026-07-07T14:59:54.125+00:00,/dev/cu.usbserial-576B0005451,"RX,2315100,R35,TXA,N01,434,436626,C,1,0.81,0.78,5,F,-39,9.75"
RX,2315367,R35,TXB,N16,216,436892,A,1,0.75,0.72,5.0,U,-49.0,9.5,True,,2026-07-07T14:59:54.391+00:00,/dev/cu.usbserial-576B0005451,"RX,2315367,R35,TXB,N16,216,436892,A,1,0.75,0.72,5,U,-49,9.50"
RX,2315848,R35,TXE,N61,214,437379,E,1,0.87,0.84,5.0,U,-54.0,10.0,True,,2026-07-07T14:59:54.873+00:00,/dev/cu.usbserial-576B0005451,"RX,2315848,R35,TXE,N61,214,437379,E,1,0.87,0.84,5,U,-54,10.00"
RX,2315959,R35,TXI,N121,107,437480,G,0,0.93,0.9,5.0,U,-65.0,9.5,True,,2026-07-07T14:59:54.985+00:00,/dev/cu.usbserial-576B0005451,"RX,2315959,R35,TXI,N121,107,437480,G,0,0.93,0.90,5,U,-65,9.50"
RX,2316100,R35,TXA,N01,435,437626,D,1,0.24,0.22,5.0,F,-39.0,10.5,True,,2026-07-07T14:59:55.125+00:00,/dev/cu.usbserial-576B0005451,"RX,2316100,R35,TXA,N01,435,437626,D,1,0.24,0.22,5,F,-39,10.50"
RX,2316243,R35,TXK,N151,218,437763,E,0,0.87,0.84,5.0,U,-53.0,9.75,True,,2026-07-07T14:59:55.268+00:00,/dev/cu.usbserial-576B0005451,"RX,2316243,R35,TXK,N151,218,437763,E,0,0.87,0.84,5,U,-53,9.75"
RX,2317100,R35,TXA,N01,436,438626,E,0,0.87,0.84,5.0,F,-39.0,10.0,True,,2026-07-07T14:59:56.125+00:00,/dev/cu.usbserial-576B0005451,"RX,2317100,R35,TXA,N01,436,438626,E,0,0.87,0.84,5,F,-39,10.00"
RX,2317367,R35,TXB,N16,217,438892,C,1,0.81,0.78,5.0,U,-48.0,9.75,True,,2026-07-07T14:59:56.392+00:00,/dev/cu.usbserial-576B0005451,"RX,2317367,R35,TXB,N16,217,438892,C,1,0.81,0.78,5,U,-48,9.75"
RX,2317848,R35,TXE,N61,215,439379,G,0,0.93,0.9,5.0,U,-55.0,9.5,True,,2026-07-07T14:59:56.873+00:00,/dev/cu.usbserial-576B0005451,"RX,2317848,R35,TXE,N61,215,439379,G,0,0.93,0.90,5,U,-55,9.50"
RX,2318100,R35,TXA,N01,437,439626,F,1,0.28,0.26,5.0,F,-39.0,9.5,True,,2026-07-07T14:59:57.125+00:00,/dev/cu.usbserial-576B0005451,"RX,2318100,R35,TXA,N01,437,439626,F,1,0.28,0.26,5,F,-39,9.50"
RX,2318243,R35,TXK,N151,219,439763,G,1,0.93,0.9,5.0,U,-54.0,10.0,True,,2026-07-07T14:59:57.267+00:00,/dev/cu.usbserial-576B0005451,"RX,2318243,R35,TXK,N151,219,439763,G,1,0.93,0.90,5,U,-54,10.00"
RX,2318598,R35,TXF,N76,108,440131,E,0,0.87,0.84,5.0,U,-47.0,9.5,True,,2026-07-07T14:59:57.623+00:00,/dev/cu.usbserial-576B0005451,"RX,2318598,R35,TXF,N76,108,440131,E,0,0.87,0.84,5,U,-47,9.50"
RX,2318902,R35,TXD,N46,54,440430,G,1,0.93,0.9,5.0,U,-44.0,9.5,True,,2026-07-07T14:59:57.927+00:00,/dev/cu.usbserial-576B0005451,"RX,2318902,R35,TXD,N46,54,440430,G,1,0.93,0.90,5,U,-44,9.50"
RX,2319100,R35,TXA,N01,438,440626,G,1,0.93,0.9,5.0,F,-39.0,9.75,True,,2026-07-07T14:59:58.125+00:00,/dev/cu.usbserial-576B0005451,"RX,2319100,R35,TXA,N01,438,440626,G,1,0.93,0.90,5,F,-39,9.75"
RX,2319367,R35,TXB,N16,218,440892,E,0,0.87,0.84,5.0,U,-48.0,9.75,True,,2026-07-07T14:59:58.391+00:00,/dev/cu.usbserial-576B0005451,"RX,2319367,R35,TXB,N16,218,440892,E,0,0.87,0.84,5,U,-48,9.75"
RX,2319548,R35,TXG,N91,53,441080,G,0,0.93,0.9,5.0,U,-47.0,9.75,True,,2026-07-07T14:59:58.573+00:00,/dev/cu.usbserial-576B0005451,"RX,2319548,R35,TXG,N91,53,441080,G,0,0.93,0.90,5,U,-47,9.75"
RX,2319848,R35,TXE,N61,216,441379,A,1,0.75,0.72,5.0,U,-56.0,9.75,True,,2026-07-07T14:59:58.873+00:00,/dev/cu.usbserial-576B0005451,"RX,2319848,R35,TXE,N61,216,441379,A,1,0.75,0.72,5,U,-56,9.75"
RX,2320100,R35,TXA,N01,439,441626,H,0,0.32,0.3,5.0,F,-39.0,9.5,True,,2026-07-07T14:59:59.125+00:00,/dev/cu.usbserial-576B0005451,"RX,2320100,R35,TXA,N01,439,441626,H,0,0.32,0.30,5,F,-39,9.50"
RX,2320243,R35,TXK,N151,220,441763,A,1,0.75,0.72,5.0,U,-55.0,10.75,True,,2026-07-07T14:59:59.267+00:00,/dev/cu.usbserial-576B0005451,"RX,2320243,R35,TXK,N151,220,441763,A,1,0.75,0.72,5,U,-55,10.75"
RX,2320598,R35,TXF,N76,109,442131,G,1,0.93,0.9,5.0,U,-47.0,9.25,True,,2026-07-07T14:59:59.623+00:00,/dev/cu.usbserial-576B0005451,"RX,2320598,R35,TXF,N76,109,442131,G,1,0.93,0.90,5,U,-47,9.25"
RX,2320755,R35,TXJ,N136,53,442280,G,0,0.93,0.9,5.0,U,-53.0,10.0,True,,2026-07-07T14:59:59.780+00:00,/dev/cu.usbserial-576B0005451,"RX,2320755,R35,TXJ,N136,53,442280,G,0,0.93,0.90,5,U,-53,10.00"
RX,2320851,R35,TXC,N31,108,442381,E,0,0.87,0.84,5.0,U,-42.0,10.0,True,,2026-07-07T14:59:59.877+00:00,/dev/cu.usbserial-576B0005451,"RX,2320851,R35,TXC,N31,108,442381,E,0,0.87,0.84,5,U,-42,10.00"
RX,2321100,R35,TXA,N01,440,442626,A,1,0.75,0.72,5.0,F,-40.0,10.5,True,,2026-07-07T15:00:00.128+00:00,/dev/cu.usbserial-576B0005451,"RX,2321100,R35,TXA,N01,440,442626,A,1,0.75,0.72,5,F,-40,10.50"
RX,2321367,R35,TXB,N16,219,442892,G,1,0.93,0.9,5.0,U,-48.0,9.75,True,,2026-07-07T15:00:00.392+00:00,/dev/cu.usbserial-576B0005451,"RX,2321367,R35,TXB,N16,219,442892,G,1,0.93,0.90,5,U,-48,9.75"
RX,2321848,R35,TXE,N61,217,443379,C,1,0.81,0.78,5.0,U,-55.0,9.75,True,,2026-07-07T15:00:00.873+00:00,/dev/cu.usbserial-576B0005451,"RX,2321848,R35,TXE,N61,217,443379,C,1,0.81,0.78,5,U,-55,9.75"
RX,2321959,R35,TXI,N121,108,443480,E,0,0.87,0.84,5.0,U,-64.0,9.5,True,,2026-07-07T15:00:00.984+00:00,/dev/cu.usbserial-576B0005451,"RX,2321959,R35,TXI,N121,108,443480,E,0,0.87,0.84,5,U,-64,9.50"
RX,2322100,R35,TXA,N01,441,443626,B,1,0.2,0.18,5.0,F,-39.0,11.5,True,,2026-07-07T15:00:01.125+00:00,/dev/cu.usbserial-576B0005451,"RX,2322100,R35,TXA,N01,441,443626,B,1,0.20,0.18,5,F,-39,11.50"
RX,2322243,R35,TXK,N151,221,443763,C,0,0.81,0.78,5.0,U,-54.0,10.25,True,,2026-07-07T15:00:01.267+00:00,/dev/cu.usbserial-576B0005451,"RX,2322243,R35,TXK,N151,221,443763,C,0,0.81,0.78,5,U,-54,10.25"
RX,2322851,R35,TXC,N31,109,444381,G,1,0.93,0.9,5.0,U,-42.0,9.5,True,,2026-07-07T15:00:01.876+00:00,/dev/cu.usbserial-576B0005451,"RX,2322851,R35,TXC,N31,109,444381,G,1,0.93,0.90,5,U,-42,9.50"
RX,2323100,R35,TXA,N01,442,444626,C,0,0.81,0.78,5.0,F,-40.0,9.75,True,,2026-07-07T15:00:02.125+00:00,/dev/cu.usbserial-576B0005451,"RX,2323100,R35,TXA,N01,442,444626,C,0,0.81,0.78,5,F,-40,9.75"
RX,2323367,R35,TXB,N16,220,444892,A,1,0.75,0.72,5.0,U,-49.0,9.75,True,,2026-07-07T15:00:02.392+00:00,/dev/cu.usbserial-576B0005451,"RX,2323367,R35,TXB,N16,220,444892,A,1,0.75,0.72,5,U,-49,9.75"
RX,2323848,R35,TXE,N61,218,445379,E,0,0.87,0.84,5.0,U,-55.0,9.25,True,,2026-07-07T15:00:02.873+00:00,/dev/cu.usbserial-576B0005451,"RX,2323848,R35,TXE,N61,218,445379,E,0,0.87,0.84,5,U,-55,9.25"
RX,2323959,R35,TXI,N121,109,445480,G,1,0.93,0.9,5.0,U,-64.0,9.75,True,,2026-07-07T15:00:02.985+00:00,/dev/cu.usbserial-576B0005451,"RX,2323959,R35,TXI,N121,109,445480,G,1,0.93,0.90,5,U,-64,9.75"
RX,2324100,R35,TXA,N01,443,445626,D,1,0.24,0.22,5.0,F,-39.0,10.0,True,,2026-07-07T15:00:03.125+00:00,/dev/cu.usbserial-576B0005451,"RX,2324100,R35,TXA,N01,443,445626,D,1,0.24,0.22,5,F,-39,10.00"
RX,2324243,R35,TXK,N151,222,445763,E,1,0.87,0.84,5.0,U,-54.0,10.0,True,,2026-07-07T15:00:03.267+00:00,/dev/cu.usbserial-576B0005451,"RX,2324243,R35,TXK,N151,222,445763,E,1,0.87,0.84,5,U,-54,10.00"
RX,2325100,R35,TXA,N01,444,446626,E,1,0.87,0.84,5.0,F,-39.0,9.5,True,,2026-07-07T15:00:04.125+00:00,/dev/cu.usbserial-576B0005451,"RX,2325100,R35,TXA,N01,444,446626,E,1,0.87,0.84,5,F,-39,9.50"
RX,2325367,R35,TXB,N16,221,446892,C,0,0.81,0.78,5.0,U,-48.0,9.5,True,,2026-07-07T15:00:04.391+00:00,/dev/cu.usbserial-576B0005451,"RX,2325367,R35,TXB,N16,221,446892,C,0,0.81,0.78,5,U,-48,9.50"
RX,2325848,R35,TXE,N61,219,447379,G,1,0.93,0.9,5.0,U,-54.0,9.5,True,,2026-07-07T15:00:04.873+00:00,/dev/cu.usbserial-576B0005451,"RX,2325848,R35,TXE,N61,219,447379,G,1,0.93,0.90,5,U,-54,9.50"
RX,2326100,R35,TXA,N01,445,447626,F,0,0.28,0.26,5.0,F,-39.0,10.0,True,,2026-07-07T15:00:05.125+00:00,/dev/cu.usbserial-576B0005451,"RX,2326100,R35,TXA,N01,445,447626,F,0,0.28,0.26,5,F,-39,10.00"
RX,2326243,R35,TXK,N151,223,447763,G,1,0.93,0.9,5.0,U,-54.0,10.0,True,,2026-07-07T15:00:05.267+00:00,/dev/cu.usbserial-576B0005451,"RX,2326243,R35,TXK,N151,223,447763,G,1,0.93,0.90,5,U,-54,10.00"
RX,2326598,R35,TXF,N76,110,448131,E,1,0.87,0.84,5.0,U,-46.0,9.75,True,,2026-07-07T15:00:05.623+00:00,/dev/cu.usbserial-576B0005451,"RX,2326598,R35,TXF,N76,110,448131,E,1,0.87,0.84,5,U,-46,9.75"
RX,2326902,R35,TXD,N46,55,448430,G,1,0.93,0.9,5.0,U,-45.0,9.75,True,,2026-07-07T15:00:05.927+00:00,/dev/cu.usbserial-576B0005451,"RX,2326902,R35,TXD,N46,55,448430,G,1,0.93,0.90,5,U,-45,9.75"
RX,2327100,R35,TXA,N01,446,448626,G,1,0.93,0.9,5.0,F,-39.0,9.25,True,,2026-07-07T15:00:06.125+00:00,/dev/cu.usbserial-576B0005451,"RX,2327100,R35,TXA,N01,446,448626,G,1,0.93,0.90,5,F,-39,9.25"
RX,2327367,R35,TXB,N16,222,448892,E,1,0.87,0.84,5.0,U,-48.0,10.0,True,,2026-07-07T15:00:06.392+00:00,/dev/cu.usbserial-576B0005451,"RX,2327367,R35,TXB,N16,222,448892,E,1,0.87,0.84,5,U,-48,10.00"
RX,2327548,R35,TXG,N91,54,449080,G,1,0.93,0.9,5.0,U,-47.0,9.5,True,,2026-07-07T15:00:06.573+00:00,/dev/cu.usbserial-576B0005451,"RX,2327548,R35,TXG,N91,54,449080,G,1,0.93,0.90,5,U,-47,9.50"
RX,2327848,R35,TXE,N61,220,449379,A,1,0.75,0.72,5.0,U,-55.0,9.5,True,,2026-07-07T15:00:06.873+00:00,/dev/cu.usbserial-576B0005451,"RX,2327848,R35,TXE,N61,220,449379,A,1,0.75,0.72,5,U,-55,9.50"
RX,2328100,R35,TXA,N01,447,449626,H,1,0.32,0.3,5.0,F,-40.0,9.5,True,,2026-07-07T15:00:07.125+00:00,/dev/cu.usbserial-576B0005451,"RX,2328100,R35,TXA,N01,447,449626,H,1,0.32,0.30,5,F,-40,9.50"
RX,2328243,R35,TXK,N151,224,449763,A,1,0.75,0.72,5.0,U,-53.0,9.75,True,,2026-07-07T15:00:07.267+00:00,/dev/cu.usbserial-576B0005451,"RX,2328243,R35,TXK,N151,224,449763,A,1,0.75,0.72,5,U,-53,9.75"
RX,2328598,R35,TXF,N76,111,450131,G,1,0.93,0.9,5.0,U,-47.0,9.75,True,,2026-07-07T15:00:07.622+00:00,/dev/cu.usbserial-576B0005451,"RX,2328598,R35,TXF,N76,111,450131,G,1,0.93,0.90,5,U,-47,9.75"
RX,2328755,R35,TXJ,N136,54,450280,G,1,0.93,0.9,5.0,U,-56.0,9.75,True,,2026-07-07T15:00:07.780+00:00,/dev/cu.usbserial-576B0005451,"RX,2328755,R35,TXJ,N136,54,450280,G,1,0.93,0.90,5,U,-56,9.75"
RX,2328851,R35,TXC,N31,110,450381,E,1,0.87,0.84,5.0,U,-42.0,9.75,True,,2026-07-07T15:00:07.876+00:00,/dev/cu.usbserial-576B0005451,"RX,2328851,R35,TXC,N31,110,450381,E,1,0.87,0.84,5,U,-42,9.75"
RX,2329100,R35,TXA,N01,448,450626,A,1,0.75,0.72,5.0,F,-39.0,10.0,True,,2026-07-07T15:00:08.124+00:00,/dev/cu.usbserial-576B0005451,"RX,2329100,R35,TXA,N01,448,450626,A,1,0.75,0.72,5,F,-39,10.00"
RX,2329367,R35,TXB,N16,223,450892,G,1,0.93,0.9,5.0,U,-48.0,10.25,True,,2026-07-07T15:00:08.392+00:00,/dev/cu.usbserial-576B0005451,"RX,2329367,R35,TXB,N16,223,450892,G,1,0.93,0.90,5,U,-48,10.25"
RX,2329848,R35,TXE,N61,221,451379,C,0,0.81,0.78,5.0,U,-51.0,10.0,True,,2026-07-07T15:00:08.873+00:00,/dev/cu.usbserial-576B0005451,"RX,2329848,R35,TXE,N61,221,451379,C,0,0.81,0.78,5,U,-51,10.00"
RX,2329959,R35,TXI,N121,110,451480,E,1,0.87,0.84,5.0,U,-58.0,9.25,True,,2026-07-07T15:00:08.984+00:00,/dev/cu.usbserial-576B0005451,"RX,2329959,R35,TXI,N121,110,451480,E,1,0.87,0.84,5,U,-58,9.25"
RX,2330100,R35,TXA,N01,449,451626,B,0,0.2,0.18,5.0,F,-39.0,10.5,True,,2026-07-07T15:00:09.125+00:00,/dev/cu.usbserial-576B0005451,"RX,2330100,R35,TXA,N01,449,451626,B,0,0.20,0.18,5,F,-39,10.50"
RX,2330243,R35,TXK,N151,225,451763,C,1,0.81,0.78,5.0,U,-55.0,9.75,True,,2026-07-07T15:00:09.267+00:00,/dev/cu.usbserial-576B0005451,"RX,2330243,R35,TXK,N151,225,451763,C,1,0.81,0.78,5,U,-55,9.75"
RX,2330851,R35,TXC,N31,111,452381,G,1,0.93,0.9,5.0,U,-42.0,9.5,True,,2026-07-07T15:00:09.876+00:00,/dev/cu.usbserial-576B0005451,"RX,2330851,R35,TXC,N31,111,452381,G,1,0.93,0.90,5,U,-42,9.50"
RX,2331100,R35,TXA,N01,450,452626,C,1,0.81,0.78,5.0,F,-40.0,9.75,True,,2026-07-07T15:00:10.125+00:00,/dev/cu.usbserial-576B0005451,"RX,2331100,R35,TXA,N01,450,452626,C,1,0.81,0.78,5,F,-40,9.75"
RX,2331367,R35,TXB,N16,224,452892,A,1,0.75,0.72,5.0,U,-49.0,10.0,True,,2026-07-07T15:00:10.392+00:00,/dev/cu.usbserial-576B0005451,"RX,2331367,R35,TXB,N16,224,452892,A,1,0.75,0.72,5,U,-49,10.00"
RX,2331848,R35,TXE,N61,222,453379,E,1,0.87,0.84,5.0,U,-54.0,9.75,True,,2026-07-07T15:00:10.873+00:00,/dev/cu.usbserial-576B0005451,"RX,2331848,R35,TXE,N61,222,453379,E,1,0.87,0.84,5,U,-54,9.75"
RX,2331959,R35,TXI,N121,111,453480,G,1,0.93,0.9,5.0,U,-60.0,10.0,True,,2026-07-07T15:00:10.983+00:00,/dev/cu.usbserial-576B0005451,"RX,2331959,R35,TXI,N121,111,453480,G,1,0.93,0.90,5,U,-60,10.00"
RX,2332100,R35,TXA,N01,451,453626,D,1,0.24,0.22,5.0,F,-39.0,9.75,True,,2026-07-07T15:00:11.125+00:00,/dev/cu.usbserial-576B0005451,"RX,2332100,R35,TXA,N01,451,453626,D,1,0.24,0.22,5,F,-39,9.75"
RX,2332243,R35,TXK,N151,226,453763,E,0,0.87,0.84,5.0,U,-55.0,10.5,True,,2026-07-07T15:00:11.267+00:00,/dev/cu.usbserial-576B0005451,"RX,2332243,R35,TXK,N151,226,453763,E,0,0.87,0.84,5,U,-55,10.50"
RX,2333100,R35,TXA,N01,452,454626,E,0,0.87,0.84,5.0,F,-40.0,9.75,True,,2026-07-07T15:00:12.125+00:00,/dev/cu.usbserial-576B0005451,"RX,2333100,R35,TXA,N01,452,454626,E,0,0.87,0.84,5,F,-40,9.75"
RX,2333367,R35,TXB,N16,225,454892,C,1,0.81,0.78,5.0,U,-49.0,10.25,True,,2026-07-07T15:00:12.392+00:00,/dev/cu.usbserial-576B0005451,"RX,2333367,R35,TXB,N16,225,454892,C,1,0.81,0.78,5,U,-49,10.25"
RX,2333848,R35,TXE,N61,223,455379,G,1,0.93,0.9,5.0,U,-49.0,9.5,True,,2026-07-07T15:00:12.873+00:00,/dev/cu.usbserial-576B0005451,"RX,2333848,R35,TXE,N61,223,455379,G,1,0.93,0.90,5,U,-49,9.50"
