rx_role,recv_ms,run_id,tx_id,node_id,seq,tx_ms,region,event,priority,usefulness,stale_after,policy,rssi,snr,parse_ok,parse_error,wall_time_utc,serial_port,raw_line
RX,5508951,R35,TXK,N151,0,1763,A,1,0.75,0.72,5.0,U,-71.0,9.25,True,,2026-07-11T15:19:59.386+00:00,/dev/cu.usbserial-576B0005451,"RX,5508951,R35,TXK,N151,0,1763,A,1,0.75,0.72,5,U,-71,9.25"
RX,5509805,R35,TXA,N01,0,2627,A,1,0.75,0.72,5.0,F,-78.0,10.0,True,,2026-07-11T15:20:00.240+00:00,/dev/cu.usbserial-576B0005451,"RX,5509805,R35,TXA,N01,0,2627,A,1,0.75,0.72,5,F,-78,10.00"
RX,5510804,R35,TXA,N01,1,3626,B,0,0.2,0.18,5.0,F,-73.0,10.25,True,,2026-07-11T15:20:01.239+00:00,/dev/cu.usbserial-576B0005451,"RX,5510804,R35,TXA,N01,1,3626,B,0,0.20,0.18,5,F,-73,10.25"
RX,5510950,R35,TXK,N151,1,3763,C,1,0.81,0.78,5.0,U,-71.0,9.25,True,,2026-07-11T15:20:01.385+00:00,/dev/cu.usbserial-576B0005451,"RX,5510950,R35,TXK,N151,1,3763,C,1,0.81,0.78,5,U,-71,9.25"
RX,5511804,R35,TXA,N01,2,4626,C,1,0.81,0.78,5.0,F,-72.0,10.25,True,,2026-07-11T15:20:02.239+00:00,/dev/cu.usbserial-576B0005451,"RX,5511804,R35,TXA,N01,2,4626,C,1,0.81,0.78,5,F,-72,10.25"
RX,5512072,R35,TXB,N16,0,4893,A,1,0.75,0.72,5.0,U,-83.0,10.0,True,,2026-07-11T15:20:02.506+00:00,/dev/cu.usbserial-576B0005451,"RX,5512072,R35,TXB,N16,0,4893,A,1,0.75,0.72,5,U,-83,10.00"
RX,5512804,R35,TXA,N01,3,5626,D,1,0.24,0.22,5.0,F,-76.0,9.25,True,,2026-07-11T15:20:03.239+00:00,/dev/cu.usbserial-576B0005451,"RX,5512804,R35,TXA,N01,3,5626,D,1,0.24,0.22,5,F,-76,9.25"
RX,5512950,R35,TXK,N151,2,5763,E,0,0.87,0.84,5.0,U,-71.0,9.5,True,,2026-07-11T15:20:03.385+00:00,/dev/cu.usbserial-576B0005451,"RX,5512950,R35,TXK,N151,2,5763,E,0,0.87,0.84,5,U,-71,9.50"
RX,5513804,R35,TXA,N01,4,6626,E,0,0.87,0.84,5.0,F,-75.0,9.75,True,,2026-07-11T15:20:04.239+00:00,/dev/cu.usbserial-576B0005451,"RX,5513804,R35,TXA,N01,4,6626,E,0,0.87,0.84,5,F,-75,9.75"
RX,5514071,R35,TXB,N16,1,6892,C,1,0.81,0.78,5.0,U,-90.0,8.25,True,,2026-07-11T15:20:04.506+00:00,/dev/cu.usbserial-576B0005451,"RX,5514071,R35,TXB,N16,1,6892,C,1,0.81,0.78,5,U,-90,8.25"
RX,5514804,R35,TXA,N01,5,7626,F,1,0.28,0.26,5.0,F,-76.0,9.75,True,,2026-07-11T15:20:05.239+00:00,/dev/cu.usbserial-576B0005451,"RX,5514804,R35,TXA,N01,5,7626,F,1,0.28,0.26,5,F,-76,9.75"
RX,5514921,R35,TXH,N106,0,7742,G,1,0.93,0.9,5.0,U,-63.0,5.0,True,,2026-07-11T15:20:05.355+00:00,/dev/cu.usbserial-576B0005451,"RX,5514921,R35,TXH,N106,0,7742,G,1,0.93,0.90,5,U,-63,5.00"
RX,5515103,R35,TXL,N166,0,7916,G,1,0.93,0.9,5.0,U,-70.0,9.5,True,,2026-07-11T15:20:05.538+00:00,/dev/cu.usbserial-576B0005451,"RX,5515103,R35,TXL,N166,0,7916,G,1,0.93,0.90,5,U,-70,9.50"
RX,5515305,R35,TXF,N76,0,8131,E,0,0.87,0.84,5.0,U,-72.0,10.25,True,,2026-07-11T15:20:05.739+00:00,/dev/cu.usbserial-576B0005451,"RX,5515305,R35,TXF,N76,0,8131,E,0,0.87,0.84,5,U,-72,10.25"
RX,5515608,R35,TXD,N46,0,8430,G,1,0.93,0.9,5.0,U,-71.0,9.75,True,,2026-07-11T15:20:06.043+00:00,/dev/cu.usbserial-576B0005451,"RX,5515608,R35,TXD,N46,0,8430,G,1,0.93,0.90,5,U,-71,9.75"
RX,5515804,R35,TXA,N01,6,8626,G,1,0.93,0.9,5.0,F,-76.0,9.5,True,,2026-07-11T15:20:06.239+00:00,/dev/cu.usbserial-576B0005451,"RX,5515804,R35,TXA,N01,6,8626,G,1,0.93,0.90,5,F,-76,9.50"
RX,5516071,R35,TXB,N16,2,8892,E,0,0.87,0.84,5.0,U,-90.0,8.75,True,,2026-07-11T15:20:06.506+00:00,/dev/cu.usbserial-576B0005451,"RX,5516071,R35,TXB,N16,2,8892,E,0,0.87,0.84,5,U,-90,8.75"
RX,5516554,R35,TXE,N61,0,9380,A,1,0.75,0.72,5.0,U,-73.0,9.75,True,,2026-07-11T15:20:06.988+00:00,/dev/cu.usbserial-576B0005451,"RX,5516554,R35,TXE,N61,0,9380,A,1,0.75,0.72,5,U,-73,9.75"
RX,5516804,R35,TXA,N01,7,9626,H,0,0.32,0.3,5.0,F,-74.0,12.0,True,,2026-07-11T15:20:07.239+00:00,/dev/cu.usbserial-576B0005451,"RX,5516804,R35,TXA,N01,7,9626,H,0,0.32,0.30,5,F,-74,12.00"
RX,5516950,R35,TXK,N151,4,9763,A,1,0.75,0.72,5.0,U,-75.0,8.75,True,,2026-07-11T15:20:07.385+00:00,/dev/cu.usbserial-576B0005451,"RX,5516950,R35,TXK,N151,4,9763,A,1,0.75,0.72,5,U,-75,8.75"
RX,5517310,R35,TXF,N76,1,10131,G,1,0.93,0.9,5.0,U,-73.0,9.75,True,,2026-07-11T15:20:07.744+00:00,/dev/cu.usbserial-576B0005451,"RX,5517310,R35,TXF,N76,1,10131,G,1,0.93,0.90,5,U,-73,9.75"
RX,5517564,R35,TXC,N31,0,10381,E,0,0.87,0.84,5.0,U,-74.0,9.5,True,,2026-07-11T15:20:07.999+00:00,/dev/cu.usbserial-576B0005451,"RX,5517564,R35,TXC,N31,0,10381,E,0,0.87,0.84,5,U,-74,9.50"
RX,5517809,R35,TXA,N01,8,10626,A,1,0.75,0.72,5.0,F,-74.0,9.0,True,,2026-07-11T15:20:08.244+00:00,/dev/cu.usbserial-576B0005451,"RX,5517809,R35,TXA,N01,8,10626,A,1,0.75,0.72,5,F,-74,9.00"
RX,5518076,R35,TXB,N16,3,10892,G,1,0.93,0.9,5.0,U,-88.0,8.75,True,,2026-07-11T15:20:08.511+00:00,/dev/cu.usbserial-576B0005451,"RX,5518076,R35,TXB,N16,3,10892,G,1,0.93,0.90,5,U,-88,8.75"
RX,5518558,R35,TXE,N61,1,11379,C,1,0.81,0.78,5.0,U,-74.0,9.75,True,,2026-07-11T15:20:08.993+00:00,/dev/cu.usbserial-576B0005451,"RX,5518558,R35,TXE,N61,1,11379,C,1,0.81,0.78,5,U,-74,9.75"
RX,5518669,R35,TXI,N121,0,11481,E,0,0.87,0.84,5.0,U,-75.0,9.75,True,,2026-07-11T15:20:09.104+00:00,/dev/cu.usbserial-576B0005451,"RX,5518669,R35,TXI,N121,0,11481,E,0,0.87,0.84,5,U,-75,9.75"
RX,5518809,R35,TXA,N01,9,11626,B,1,0.2,0.18,5.0,F,-75.0,9.5,True,,2026-07-11T15:20:09.244+00:00,/dev/cu.usbserial-576B0005451,"RX,5518809,R35,TXA,N01,9,11626,B,1,0.20,0.18,5,F,-75,9.50"
RX,5518951,R35,TXK,N151,5,11763,C,0,0.81,0.78,5.0,U,-72.0,9.25,True,,2026-07-11T15:20:09.385+00:00,/dev/cu.usbserial-576B0005451,"RX,5518951,R35,TXK,N151,5,11763,C,0,0.81,0.78,5,U,-72,9.25"
RX,5519564,R35,TXC,N31,1,12381,G,1,0.93,0.9,5.0,U,-74.0,9.25,True,,2026-07-11T15:20:09.999+00:00,/dev/cu.usbserial-576B0005451,"RX,5519564,R35,TXC,N31,1,12381,G,1,0.93,0.90,5,U,-74,9.25"
RX,5519809,R35,TXA,N01,10,12626,C,0,0.81,0.78,5.0,F,-76.0,10.0,True,,2026-07-11T15:20:10.244+00:00,/dev/cu.usbserial-576B0005451,"RX,5519809,R35,TXA,N01,10,12626,C,0,0.81,0.78,5,F,-76,10.00"
RX,5520076,R35,TXB,N16,4,12892,A,1,0.75,0.72,5.0,U,-88.0,8.75,True,,2026-07-11T15:20:10.511+00:00,/dev/cu.usbserial-576B0005451,"RX,5520076,R35,TXB,N16,4,12892,A,1,0.75,0.72,5,U,-88,8.75"
RX,5520558,R35,TXE,N61,2,13379,E,0,0.87,0.84,5.0,U,-73.0,9.25,True,,2026-07-11T15:20:10.993+00:00,/dev/cu.usbserial-576B0005451,"RX,5520558,R35,TXE,N61,2,13379,E,0,0.87,0.84,5,U,-73,9.25"
RX,5520669,R35,TXI,N121,1,13481,G,1,0.93,0.9,5.0,U,-73.0,10.25,True,,2026-07-11T15:20:11.103+00:00,/dev/cu.usbserial-576B0005451,"RX,5520669,R35,TXI,N121,1,13481,G,1,0.93,0.90,5,U,-73,10.25"
RX,5520809,R35,TXA,N01,11,13626,D,1,0.24,0.22,5.0,F,-76.0,9.5,True,,2026-07-11T15:20:11.244+00:00,/dev/cu.usbserial-576B0005451,"RX,5520809,R35,TXA,N01,11,13626,D,1,0.24,0.22,5,F,-76,9.50"
RX,5520951,R35,TXK,N151,6,13763,E,1,0.87,0.84,5.0,U,-69.0,9.5,True,,2026-07-11T15:20:11.385+00:00,/dev/cu.usbserial-576B0005451,"RX,5520951,R35,TXK,N151,6,13763,E,1,0.87,0.84,5,U,-69,9.50"
RX,5521809,R35,TXA,N01,12,14626,E,1,0.87,0.84,5.0,F,-73.0,10.0,True,,2026-07-11T15:20:12.244+00:00,/dev/cu.usbserial-576B0005451,"RX,5521809,R35,TXA,N01,12,14626,E,1,0.87,0.84,5,F,-73,10.00"
RX,5522076,R35,TXB,N16,5,14892,C,0,0.81,0.78,5.0,U,-94.0,6.25,True,,2026-07-11T15:20:12.511+00:00,/dev/cu.usbserial-576B0005451,"RX,5522076,R35,TXB,N16,5,14892,C,0,0.81,0.78,5,U,-94,6.25"
RX,5522558,R35,TXE,N61,3,15379,G,1,0.93,0.9,5.0,U,-74.0,9.5,True,,2026-07-11T15:20:12.993+00:00,/dev/cu.usbserial-576B0005451,"RX,5522558,R35,TXE,N61,3,15379,G,1,0.93,0.90,5,U,-74,9.50"
RX,5522809,R35,TXA,N01,13,15626,F,0,0.28,0.26,5.0,F,-73.0,10.25,True,,2026-07-11T15:20:13.244+00:00,/dev/cu.usbserial-576B0005451,"RX,5522809,R35,TXA,N01,13,15626,F,0,0.28,0.26,5,F,-73,10.25"
RX,5522920,R35,TXH,N106,1,15742,G,1,0.93,0.9,5.0,U,-61.0,2.0,True,,2026-07-11T15:20:13.355+00:00,/dev/cu.usbserial-576B0005451,"RX,5522920,R35,TXH,N106,1,15742,G,1,0.93,0.90,5,U,-61,2.00"
RX,5523103,R35,TXL,N166,1,15916,G,1,0.93,0.9,5.0,U,-70.0,9.75,True,,2026-07-11T15:20:13.538+00:00,/dev/cu.usbserial-576B0005451,"RX,5523103,R35,TXL,N166,1,15916,G,1,0.93,0.90,5,U,-70,9.75"
RX,5523310,R35,TXF,N76,2,16131,E,1,0.87,0.84,5.0,U,-73.0,9.5,True,,2026-07-11T15:20:13.744+00:00,/dev/cu.usbserial-576B0005451,"RX,5523310,R35,TXF,N76,2,16131,E,1,0.87,0.84,5,U,-73,9.50"
RX,5523613,R35,TXD,N46,1,16430,G,1,0.93,0.9,5.0,U,-70.0,9.75,True,,2026-07-11T15:20:14.048+00:00,/dev/cu.usbserial-576B0005451,"RX,5523613,R35,TXD,N46,1,16430,G,1,0.93,0.90,5,U,-70,9.75"
RX,5523809,R35,TXA,N01,14,16626,G,1,0.93,0.9,5.0,F,-73.0,9.75,True,,2026-07-11T15:20:14.244+00:00,/dev/cu.usbserial-576B0005451,"RX,5523809,R35,TXA,N01,14,16626,G,1,0.93,0.90,5,F,-73,9.75"
RX,5524076,R35,TXB,N16,6,16892,E,1,0.87,0.84,5.0,U,-95.0,5.0,True,,2026-07-11T15:20:14.511+00:00,/dev/cu.usbserial-576B0005451,"RX,5524076,R35,TXB,N16,6,16892,E,1,0.87,0.84,5,U,-95,5.00"
RX,5524259,R35,TXG,N91,0,17080,G,1,0.93,0.9,5.0,U,-72.0,9.5,True,,2026-07-11T15:20:14.694+00:00,/dev/cu.usbserial-576B0005451,"RX,5524259,R35,TXG,N91,0,17080,G,1,0.93,0.90,5,U,-72,9.50"
RX,5524558,R35,TXE,N61,4,17379,A,1,0.75,0.72,5.0,U,-75.0,9.25,True,,2026-07-11T15:20:14.992+00:00,/dev/cu.usbserial-576B0005451,"RX,5524558,R35,TXE,N61,4,17379,A,1,0.75,0.72,5,U,-75,9.25"
RX,5524809,R35,TXA,N01,15,17626,H,1,0.32,0.3,5.0,F,-72.0,10.0,True,,2026-07-11T15:20:15.244+00:00,/dev/cu.usbserial-576B0005451,"RX,5524809,R35,TXA,N01,15,17626,H,1,0.32,0.30,5,F,-72,10.00"
RX,5524951,R35,TXK,N151,8,17763,A,0,0.75,0.72,5.0,U,-71.0,9.25,True,,2026-07-11T15:20:15.385+00:00,/dev/cu.usbserial-576B0005451,"RX,5524951,R35,TXK,N151,8,17763,A,0,0.75,0.72,5,U,-71,9.25"
RX,5525310,R35,TXF,N76,3,18131,G,1,0.93,0.9,5.0,U,-75.0,9.5,True,,2026-07-11T15:20:15.744+00:00,/dev/cu.usbserial-576B0005451,"RX,5525310,R35,TXF,N76,3,18131,G,1,0.93,0.90,5,U,-75,9.50"
RX,5525468,R35,TXJ,N136,0,18280,G,1,0.93,0.9,5.0,U,-78.0,10.25,True,,2026-07-11T15:20:15.903+00:00,/dev/cu.usbserial-576B0005451,"RX,5525468,R35,TXJ,N136,0,18280,G,1,0.93,0.90,5,U,-78,10.25"
RX,5525564,R35,TXC,N31,2,18381,E,1,0.87,0.84,5.0,U,-72.0,10.0,True,,2026-07-11T15:20:15.999+00:00,/dev/cu.usbserial-576B0005451,"RX,5525564,R35,TXC,N31,2,18381,E,1,0.87,0.84,5,U,-72,10.00"
RX,5525809,R35,TXA,N01,16,18626,A,0,0.75,0.72,5.0,F,-84.0,9.75,True,,2026-07-11T15:20:16.244+00:00,/dev/cu.usbserial-576B0005451,"RX,5525809,R35,TXA,N01,16,18626,A,0,0.75,0.72,5,F,-84,9.75"
RX,5526076,R35,TXB,N16,7,18892,G,1,0.93,0.9,5.0,U,-89.0,8.75,True,,2026-07-11T15:20:16.511+00:00,/dev/cu.usbserial-576B0005451,"RX,5526076,R35,TXB,N16,7,18892,G,1,0.93,0.90,5,U,-89,8.75"
RX,5526558,R35,TXE,N61,5,19379,C,0,0.81,0.78,5.0,U,-74.0,9.75,True,,2026-07-11T15:20:16.993+00:00,/dev/cu.usbserial-576B0005451,"RX,5526558,R35,TXE,N61,5,19379,C,0,0.81,0.78,5,U,-74,9.75"
RX,5526669,R35,TXI,N121,2,19481,E,1,0.87,0.84,5.0,U,-76.0,10.75,True,,2026-07-11T15:20:17.104+00:00,/dev/cu.usbserial-576B0005451,"RX,5526669,R35,TXI,N121,2,19481,E,1,0.87,0.84,5,U,-76,10.75"
RX,5526809,R35,TXA,N01,17,19626,B,1,0.2,0.18,5.0,F,-76.0,10.5,True,,2026-07-11T15:20:17.244+00:00,/dev/cu.usbserial-576B0005451,"RX,5526809,R35,TXA,N01,17,19626,B,1,0.20,0.18,5,F,-76,10.50"
RX,5526950,R35,TXK,N151,9,19763,C,1,0.81,0.78,5.0,U,-74.0,9.0,True,,2026-07-11T15:20:17.385+00:00,/dev/cu.usbserial-576B0005451,"RX,5526950,R35,TXK,N151,9,19763,C,1,0.81,0.78,5,U,-74,9.00"
RX,5527564,R35,TXC,N31,3,20381,G,1,0.93,0.9,5.0,U,-70.0,9.25,True,,2026-07-11T15:20:17.999+00:00,/dev/cu.usbserial-576B0005451,"RX,5527564,R35,TXC,N31,3,20381,G,1,0.93,0.90,5,U,-70,9.25"
RX,5527809,R35,TXA,N01,18,20626,C,1,0.81,0.78,5.0,F,-80.0,9.75,True,,2026-07-11T15:20:18.244+00:00,/dev/cu.usbserial-576B0005451,"RX,5527809,R35,TXA,N01,18,20626,C,1,0.81,0.78,5,F,-80,9.75"
RX,5528076,R35,TXB,N16,8,20892,A,0,0.75,0.72,5.0,U,-93.0,6.75,True,,2026-07-11T15:20:18.511+00:00,/dev/cu.usbserial-576B0005451,"RX,5528076,R35,TXB,N16,8,20892,A,0,0.75,0.72,5,U,-93,6.75"
RX,5528558,R35,TXE,N61,6,21379,E,1,0.87,0.84,5.0,U,-77.0,9.5,True,,2026-07-11T15:20:18.992+00:00,/dev/cu.usbserial-576B0005451,"RX,5528558,R35,TXE,N61,6,21379,E,1,0.87,0.84,5,U,-77,9.50"
RX,5528669,R35,TXI,N121,3,21481,G,1,0.93,0.9,5.0,U,-78.0,10.5,True,,2026-07-11T15:20:19.103+00:00,/dev/cu.usbserial-576B0005451,"RX,5528669,R35,TXI,N121,3,21481,G,1,0.93,0.90,5,U,-78,10.50"
RX,5528809,R35,TXA,N01,19,21626,D,0,0.24,0.22,5.0,F,-80.0,9.75,True,,2026-07-11T15:20:19.244+00:00,/dev/cu.usbserial-576B0005451,"RX,5528809,R35,TXA,N01,19,21626,D,0,0.24,0.22,5,F,-80,9.75"
RX,5528951,R35,TXK,N151,10,21763,E,1,0.87,0.84,5.0,U,-73.0,9.5,True,,2026-07-11T15:20:19.386+00:00,/dev/cu.usbserial-576B0005451,"RX,5528951,R35,TXK,N151,10,21763,E,1,0.87,0.84,5,U,-73,9.50"
RX,5529809,R35,TXA,N01,20,22626,E,1,0.87,0.84,5.0,F,-80.0,9.75,True,,2026-07-11T15:20:20.244+00:00,/dev/cu.usbserial-576B0005451,"RX,5529809,R35,TXA,N01,20,22626,E,1,0.87,0.84,5,F,-80,9.75"
RX,5530076,R35,TXB,N16,9,22892,C,1,0.81,0.78,5.0,U,-92.0,7.5,True,,2026-07-11T15:20:20.511+00:00,/dev/cu.usbserial-576B0005451,"RX,5530076,R35,TXB,N16,9,22892,C,1,0.81,0.78,5,U,-92,7.50"
RX,5530558,R35,TXE,N61,7,23379,G,1,0.93,0.9,5.0,U,-77.0,9.5,True,,2026-07-11T15:20:20.992+00:00,/dev/cu.usbserial-576B0005451,"RX,5530558,R35,TXE,N61,7,23379,G,1,0.93,0.90,5,U,-77,9.50"
RX,5530809,R35,TXA,N01,21,23626,F,1,0.28,0.26,5.0,F,-80.0,9.5,True,,2026-07-11T15:20:21.244+00:00,/dev/cu.usbserial-576B0005451,"RX,5530809,R35,TXA,N01,21,23626,F,1,0.28,0.26,5,F,-80,9.50"
RX,5530920,R35,TXH,N106,2,23742,G,0,0.93,0.9,5.0,U,-62.0,5.75,True,,2026-07-11T15:20:21.355+00:00,/dev/cu.usbserial-576B0005451,"RX,5530920,R35,TXH,N106,2,23742,G,0,0.93,0.90,5,U,-62,5.75"
RX,5531103,R35,TXL,N166,2,23916,G,0,0.93,0.9,5.0,U,-72.0,10.25,True,,2026-07-11T15:20:21.538+00:00,/dev/cu.usbserial-576B0005451,"RX,5531103,R35,TXL,N166,2,23916,G,0,0.93,0.90,5,U,-72,10.25"
RX,5531310,R35,TXF,N76,4,24131,E,1,0.87,0.84,5.0,U,-72.0,9.5,True,,2026-07-11T15:20:21.744+00:00,/dev/cu.usbserial-576B0005451,"RX,5531310,R35,TXF,N76,4,24131,E,1,0.87,0.84,5,U,-72,9.50"
RX,5531613,R35,TXD,N46,2,24430,G,0,0.93,0.9,5.0,U,-73.0,9.5,True,,2026-07-11T15:20:22.048+00:00,/dev/cu.usbserial-576B0005451,"RX,5531613,R35,TXD,N46,2,24430,G,0,0.93,0.90,5,U,-73,9.50"
RX,5531809,R35,TXA,N01,22,24626,G,0,0.93,0.9,5.0,F,-80.0,9.75,True,,2026-07-11T15:20:22.243+00:00,/dev/cu.usbserial-576B0005451,"RX,5531809,R35,TXA,N01,22,24626,G,0,0.93,0.90,5,F,-80,9.75"
RX,5532076,R35,TXB,N16,10,24892,E,1,0.87,0.84,5.0,U,-93.0,7.0,True,,2026-07-11T15:20:22.511+00:00,/dev/cu.usbserial-576B0005451,"RX,5532076,R35,TXB,N16,10,24892,E,1,0.87,0.84,5,U,-93,7.00"
RX,5532259,R35,TXG,N91,1,25080,G,1,0.93,0.9,5.0,U,-73.0,10.25,True,,2026-07-11T15:20:22.693+00:00,/dev/cu.usbserial-576B0005451,"RX,5532259,R35,TXG,N91,1,25080,G,1,0.93,0.90,5,U,-73,10.25"
RX,5532558,R35,TXE,N61,8,25379,A,0,0.75,0.72,5.0,U,-76.0,9.75,True,,2026-07-11T15:20:22.992+00:00,/dev/cu.usbserial-576B0005451,"RX,5532558,R35,TXE,N61,8,25379,A,0,0.75,0.72,5,U,-76,9.75"
RX,5532809,R35,TXA,N01,23,25626,H,1,0.32,0.3,5.0,F,-80.0,9.5,True,,2026-07-11T15:20:23.244+00:00,/dev/cu.usbserial-576B0005451,"RX,5532809,R35,TXA,N01,23,25626,H,1,0.32,0.30,5,F,-80,9.50"
RX,5532951,R35,TXK,N151,12,25763,A,1,0.75,0.72,5.0,U,-74.0,9.25,True,,2026-07-11T15:20:23.386+00:00,/dev/cu.usbserial-576B0005451,"RX,5532951,R35,TXK,N151,12,25763,A,1,0.75,0.72,5,U,-74,9.25"
RX,5533310,R35,TXF,N76,5,26131,G,0,0.93,0.9,5.0,U,-73.0,9.75,True,,2026-07-11T15:20:23.745+00:00,/dev/cu.usbserial-576B0005451,"RX,5533310,R35,TXF,N76,5,26131,G,0,0.93,0.90,5,U,-73,9.75"
RX,5533467,R35,TXJ,N136,1,26280,G,1,0.93,0.9,5.0,U,-82.0,9.25,True,,2026-07-11T15:20:23.903+00:00,/dev/cu.usbserial-576B0005451,"RX,5533467,R35,TXJ,N136,1,26280,G,1,0.93,0.90,5,U,-82,9.25"
RX,5533564,R35,TXC,N31,4,26381,E,1,0.87,0.84,5.0,U,-72.0,9.75,True,,2026-07-11T15:20:23.999+00:00,/dev/cu.usbserial-576B0005451,"RX,5533564,R35,TXC,N31,4,26381,E,1,0.87,0.84,5,U,-72,9.75"
RX,5533809,R35,TXA,N01,24,26626,A,1,0.75,0.72,5.0,F,-78.0,9.75,True,,2026-07-11T15:20:24.244+00:00,/dev/cu.usbserial-576B0005451,"RX,5533809,R35,TXA,N01,24,26626,A,1,0.75,0.72,5,F,-78,9.75"
RX,5534558,R35,TXE,N61,9,27379,C,1,0.81,0.78,5.0,U,-76.0,9.5,True,,2026-07-11T15:20:24.992+00:00,/dev/cu.usbserial-576B0005451,"RX,5534558,R35,TXE,N61,9,27379,C,1,0.81,0.78,5,U,-76,9.50"
RX,5534669,R35,TXI,N121,4,27481,E,1,0.87,0.84,5.0,U,-84.0,9.5,True,,2026-07-11T15:20:25.103+00:00,/dev/cu.usbserial-576B0005451,"RX,5534669,R35,TXI,N121,4,27481,E,1,0.87,0.84,5,U,-84,9.50"
RX,5534809,R35,TXA,N01,25,27626,B,0,0.2,0.18,5.0,F,-80.0,9.75,True,,2026-07-11T15:20:25.244+00:00,/dev/cu.usbserial-576B0005451,"RX,5534809,R35,TXA,N01,25,27626,B,0,0.20,0.18,5,F,-80,9.75"
RX,5534951,R35,TXK,N151,13,27763,C,1,0.81,0.78,5.0,U,-73.0,10.0,True,,2026-07-11T15:20:25.385+00:00,/dev/cu.usbserial-576B0005451,"RX,5534951,R35,TXK,N151,13,27763,C,1,0.81,0.78,5,U,-73,10.00"
RX,5535564,R35,TXC,N31,5,28381,G,0,0.93,0.9,5.0,U,-75.0,9.25,True,,2026-07-11T15:20:25.998+00:00,/dev/cu.usbserial-576B0005451,"RX,5535564,R35,TXC,N31,5,28381,G,0,0.93,0.90,5,U,-75,9.25"
RX,5535809,R35,TXA,N01,26,28626,C,1,0.81,0.78,5.0,F,-77.0,10.25,True,,2026-07-11T15:20:26.244+00:00,/dev/cu.usbserial-576B0005451,"RX,5535809,R35,TXA,N01,26,28626,C,1,0.81,0.78,5,F,-77,10.25"
RX,5536076,R35,TXB,N16,12,28892,A,1,0.75,0.72,5.0,U,-95.0,5.0,True,,2026-07-11T15:20:26.511+00:00,/dev/cu.usbserial-576B0005451,"RX,5536076,R35,TXB,N16,12,28892,A,1,0.75,0.72,5,U,-95,5.00"
RX,5536558,R35,TXE,N61,10,29379,E,1,0.87,0.84,5.0,U,-74.0,9.5,True,,2026-07-11T15:20:26.992+00:00,/dev/cu.usbserial-576B0005451,"RX,5536558,R35,TXE,N61,10,29379,E,1,0.87,0.84,5,U,-74,9.50"
RX,5536669,R35,TXI,N121,5,29481,G,0,0.93,0.9,5.0,U,-73.0,10.5,True,,2026-07-11T15:20:27.103+00:00,/dev/cu.usbserial-576B0005451,"RX,5536669,R35,TXI,N121,5,29481,G,0,0.93,0.90,5,U,-73,10.50"
RX,5536809,R35,TXA,N01,27,29626,D,1,0.24,0.22,5.0,F,-76.0,9.75,True,,2026-07-11T15:20:27.244+00:00,/dev/cu.usbserial-576B0005451,"RX,5536809,R35,TXA,N01,27,29626,D,1,0.24,0.22,5,F,-76,9.75"
RX,5536951,R35,TXK,N151,14,29763,E,0,0.87,0.84,5.0,U,-74.0,9.0,True,,2026-07-11T15:20:27.401+00:00,/dev/cu.usbserial-576B0005451,"RX,5536951,R35,TXK,N151,14,29763,E,0,0.87,0.84,5,U,-74,9.00"
RX,5537809,R35,TXA,N01,28,30626,E,0,0.87,0.84,5.0,F,-75.0,10.0,True,,2026-07-11T15:20:28.244+00:00,/dev/cu.usbserial-576B0005451,"RX,5537809,R35,TXA,N01,28,30626,E,0,0.87,0.84,5,F,-75,10.00"
RX,5538076,R35,TXB,N16,13,30892,C,1,0.81,0.78,5.0,U,-91.0,7.75,True,,2026-07-11T15:20:28.511+00:00,/dev/cu.usbserial-576B0005451,"RX,5538076,R35,TXB,N16,13,30892,C,1,0.81,0.78,5,U,-91,7.75"
RX,5538558,R35,TXE,N61,11,31379,G,0,0.93,0.9,5.0,U,-74.0,9.25,True,,2026-07-11T15:20:28.992+00:00,/dev/cu.usbserial-576B0005451,"RX,5538558,R35,TXE,N61,11,31379,G,0,0.93,0.90,5,U,-74,9.25"
RX,5538809,R35,TXA,N01,29,31626,F,1,0.28,0.26,5.0,F,-81.0,9.5,True,,2026-07-11T15:20:29.244+00:00,/dev/cu.usbserial-576B0005451,"RX,5538809,R35,TXA,N01,29,31626,F,1,0.28,0.26,5,F,-81,9.50"
RX,5538920,R35,TXH,N106,3,31742,G,1,0.93,0.9,5.0,U,-61.0,5.25,True,,2026-07-11T15:20:29.355+00:00,/dev/cu.usbserial-576B0005451,"RX,5538920,R35,TXH,N106,3,31742,G,1,0.93,0.90,5,U,-61,5.25"
RX,5539103,R35,TXL,N166,3,31916,G,1,0.93,0.9,5.0,U,-70.0,9.75,True,,2026-07-11T15:20:29.538+00:00,/dev/cu.usbserial-576B0005451,"RX,5539103,R35,TXL,N166,3,31916,G,1,0.93,0.90,5,U,-70,9.75"
RX,5539310,R35,TXF,N76,6,32131,E,0,0.87,0.84,5.0,U,-74.0,9.0,True,,2026-07-11T15:20:29.744+00:00,/dev/cu.usbserial-576B0005451,"RX,5539310,R35,TXF,N76,6,32131,E,0,0.87,0.84,5,U,-74,9.00"
RX,5539613,R35,TXD,N46,3,32430,G,1,0.93,0.9,5.0,U,-71.0,9.5,True,,2026-07-11T15:20:30.048+00:00,/dev/cu.usbserial-576B0005451,"RX,5539613,R35,TXD,N46,3,32430,G,1,0.93,0.90,5,U,-71,9.50"
RX,5539809,R35,TXA,N01,30,32626,G,1,0.93,0.9,5.0,F,-76.0,9.75,True,,2026-07-11T15:20:30.244+00:00,/dev/cu.usbserial-576B0005451,"RX,5539809,R35,TXA,N01,30,32626,G,1,0.93,0.90,5,F,-76,9.75"
RX,5540076,R35,TXB,N16,14,32892,E,0,0.87,0.84,5.0,U,-93.0,6.75,True,,2026-07-11T15:20:30.511+00:00,/dev/cu.usbserial-576B0005451,"RX,5540076,R35,TXB,N16,14,32892,E,0,0.87,0.84,5,U,-93,6.75"
RX,5540259,R35,TXG,N91,2,33080,G,0,0.93,0.9,5.0,U,-69.0,10.75,True,,2026-07-11T15:20:30.693+00:00,/dev/cu.usbserial-576B0005451,"RX,5540259,R35,TXG,N91,2,33080,G,0,0.93,0.90,5,U,-69,10.75"
RX,5540558,R35,TXE,N61,12,33379,A,1,0.75,0.72,5.0,U,-75.0,9.25,True,,2026-07-11T15:20:30.992+00:00,/dev/cu.usbserial-576B0005451,"RX,5540558,R35,TXE,N61,12,33379,A,1,0.75,0.72,5,U,-75,9.25"
RX,5540809,R35,TXA,N01,31,33626,H,0,0.32,0.3,5.0,F,-75.0,10.0,True,,2026-07-11T15:20:31.244+00:00,/dev/cu.usbserial-576B0005451,"RX,5540809,R35,TXA,N01,31,33626,H,0,0.32,0.30,5,F,-75,10.00"
RX,5540951,R35,TXK,N151,16,33763,A,1,0.75,0.72,5.0,U,-69.0,9.25,True,,2026-07-11T15:20:31.385+00:00,/dev/cu.usbserial-576B0005451,"RX,5540951,R35,TXK,N151,16,33763,A,1,0.75,0.72,5,U,-69,9.25"
RX,5541310,R35,TXF,N76,7,34131,G,1,0.93,0.9,5.0,U,-74.0,9.5,True,,2026-07-11T15:20:31.744+00:00,/dev/cu.usbserial-576B0005451,"RX,5541310,R35,TXF,N76,7,34131,G,1,0.93,0.90,5,U,-74,9.50"
RX,5541467,R35,TXJ,N136,2,34280,G,0,0.93,0.9,5.0,U,-84.0,12.0,True,,2026-07-11T15:20:31.902+00:00,/dev/cu.usbserial-576B0005451,"RX,5541467,R35,TXJ,N136,2,34280,G,0,0.93,0.90,5,U,-84,12.00"
RX,5541564,R35,TXC,N31,6,34381,E,0,0.87,0.84,5.0,U,-82.0,9.25,True,,2026-07-11T15:20:31.999+00:00,/dev/cu.usbserial-576B0005451,"RX,5541564,R35,TXC,N31,6,34381,E,0,0.87,0.84,5,U,-82,9.25"
RX,5541809,R35,TXA,N01,32,34626,A,1,0.75,0.72,5.0,F,-71.0,10.0,True,,2026-07-11T15:20:32.244+00:00,/dev/cu.usbserial-576B0005451,"RX,5541809,R35,TXA,N01,32,34626,A,1,0.75,0.72,5,F,-71,10.00"
RX,5542076,R35,TXB,N16,15,34892,G,1,0.93,0.9,5.0,U,-97.0,3.5,True,,2026-07-11T15:20:32.511+00:00,/dev/cu.usbserial-576B0005451,"RX,5542076,R35,TXB,N16,15,34892,G,1,0.93,0.90,5,U,-97,3.50"
RX,5542558,R35,TXE,N61,13,35379,C,1,0.81,0.78,5.0,U,-73.0,9.75,True,,2026-07-11T15:20:32.992+00:00,/dev/cu.usbserial-576B0005451,"RX,5542558,R35,TXE,N61,13,35379,C,1,0.81,0.78,5,U,-73,9.75"
RX,5542809,R35,TXA,N01,33,35626,B,1,0.2,0.18,5.0,F,-71.0,10.5,True,,2026-07-11T15:20:33.244+00:00,/dev/cu.usbserial-576B0005451,"RX,5542809,R35,TXA,N01,33,35626,B,1,0.20,0.18,5,F,-71,10.50"
RX,5542951,R35,TXK,N151,17,35763,C,0,0.81,0.78,5.0,U,-69.0,9.5,True,,2026-07-11T15:20:33.385+00:00,/dev/cu.usbserial-576B0005451,"RX,5542951,R35,TXK,N151,17,35763,C,0,0.81,0.78,5,U,-69,9.50"
RX,5543564,R35,TXC,N31,7,36381,G,1,0.93,0.9,5.0,U,-86.0,9.25,True,,2026-07-11T15:20:33.998+00:00,/dev/cu.usbserial-576B0005451,"RX,5543564,R35,TXC,N31,7,36381,G,1,0.93,0.90,5,U,-86,9.25"
RX,5543809,R35,TXA,N01,34,36626,C,0,0.81,0.78,5.0,F,-71.0,10.0,True,,2026-07-11T15:20:34.244+00:00,/dev/cu.usbserial-576B0005451,"RX,5543809,R35,TXA,N01,34,36626,C,0,0.81,0.78,5,F,-71,10.00"
RX,5544076,R35,TXB,N16,16,36892,A,1,0.75,0.72,5.0,U,-97.0,3.25,True,,2026-07-11T15:20:34.511+00:00,/dev/cu.usbserial-576B0005451,"RX,5544076,R35,TXB,N16,16,36892,A,1,0.75,0.72,5,U,-97,3.25"
RX,5544558,R35,TXE,N61,14,37379,E,0,0.87,0.84,5.0,U,-73.0,10.0,True,,2026-07-11T15:20:34.993+00:00,/dev/cu.usbserial-576B0005451,"RX,5544558,R35,TXE,N61,14,37379,E,0,0.87,0.84,5,U,-73,10.00"
RX,5544669,R35,TXI,N121,7,37481,G,1,0.93,0.9,5.0,U,-73.0,10.5,True,,2026-07-11T15:20:35.103+00:00,/dev/cu.usbserial-576B0005451,"RX,5544669,R35,TXI,N121,7,37481,G,1,0.93,0.90,5,U,-73,10.50"
RX,5544809,R35,TXA,N01,35,37626,D,1,0.24,0.22,5.0,F,-71.0,9.75,True,,2026-07-11T15:20:35.244+00:00,/dev/cu.usbserial-576B0005451,"RX,5544809,R35,TXA,N01,35,37626,D,1,0.24,0.22,5,F,-71,9.75"
RX,5544951,R35,TXK,N151,18,37763,E,1,0.87,0.84,5.0,U,-69.0,9.25,True,,2026-07-11T15:20:35.385+00:00,/dev/cu.usbserial-576B0005451,"RX,5544951,R35,TXK,N151,18,37763,E,1,0.87,0.84,5,U,-69,9.25"
RX,5545809,R35,TXA,N01,36,38626,E,1,0.87,0.84,5.0,F,-71.0,10.25,True,,2026-07-11T15:20:36.244+00:00,/dev/cu.usbserial-576B0005451,"RX,5545809,R35,TXA,N01,36,38626,E,1,0.87,0.84,5,F,-71,10.25"
RX,5546076,R35,TXB,N16,17,38892,C,0,0.81,0.78,5.0,U,-97.0,3.25,True,,2026-07-11T15:20:36.512+00:00,/dev/cu.usbserial-576B0005451,"RX,5546076,R35,TXB,N16,17,38892,C,0,0.81,0.78,5,U,-97,3.25"
RX,5546558,R35,TXE,N61,15,39379,G,1,0.93,0.9,5.0,U,-72.0,9.5,True,,2026-07-11T15:20:36.993+00:00,/dev/cu.usbserial-576B0005451,"RX,5546558,R35,TXE,N61,15,39379,G,1,0.93,0.90,5,U,-72,9.50"
RX,5546809,R35,TXA,N01,37,39626,F,0,0.28,0.26,5.0,F,-71.0,9.75,True,,2026-07-11T15:20:37.244+00:00,/dev/cu.usbserial-576B0005451,"RX,5546809,R35,TXA,N01,37,39626,F,0,0.28,0.26,5,F,-71,9.75"
RX,5546951,R35,TXK,N151,19,39763,G,1,0.93,0.9,5.0,U,-69.0,9.25,True,,2026-07-11T15:20:37.385+00:00,/dev/cu.usbserial-576B0005451,"RX,5546951,R35,TXK,N151,19,39763,G,1,0.93,0.90,5,U,-69,9.25"
RX,5547310,R35,TXF,N76,8,40131,E,1,0.87,0.84,5.0,U,-71.0,9.75,True,,2026-07-11T15:20:37.744+00:00,/dev/cu.usbserial-576B0005451,"RX,5547310,R35,TXF,N76,8,40131,E,1,0.87,0.84,5,U,-71,9.75"
RX,5547613,R35,TXD,N46,4,40430,G,1,0.93,0.9,5.0,U,-70.0,9.5,True,,2026-07-11T15:20:38.048+00:00,/dev/cu.usbserial-576B0005451,"RX,5547613,R35,TXD,N46,4,40430,G,1,0.93,0.90,5,U,-70,9.50"
RX,5547809,R35,TXA,N01,38,40626,G,1,0.93,0.9,5.0,F,-71.0,9.75,True,,2026-07-11T15:20:38.244+00:00,/dev/cu.usbserial-576B0005451,"RX,5547809,R35,TXA,N01,38,40626,G,1,0.93,0.90,5,F,-71,9.75"
RX,5548076,R35,TXB,N16,18,40892,E,1,0.87,0.84,5.0,U,-97.0,3.5,True,,2026-07-11T15:20:38.511+00:00,/dev/cu.usbserial-576B0005451,"RX,5548076,R35,TXB,N16,18,40892,E,1,0.87,0.84,5,U,-97,3.50"
RX,5548259,R35,TXG,N91,3,41080,G,1,0.93,0.9,5.0,U,-72.0,9.5,True,,2026-07-11T15:20:38.693+00:00,/dev/cu.usbserial-576B0005451,"RX,5548259,R35,TXG,N91,3,41080,G,1,0.93,0.90,5,U,-72,9.50"
RX,5548558,R35,TXE,N61,16,41379,A,1,0.75,0.72,5.0,U,-73.0,10.75,True,,2026-07-11T15:20:38.993+00:00,/dev/cu.usbserial-576B0005451,"RX,5548558,R35,TXE,N61,16,41379,A,1,0.75,0.72,5,U,-73,10.75"
RX,5548809,R35,TXA,N01,39,41626,H,1,0.32,0.3,5.0,F,-71.0,9.75,True,,2026-07-11T15:20:39.244+00:00,/dev/cu.usbserial-576B0005451,"RX,5548809,R35,TXA,N01,39,41626,H,1,0.32,0.30,5,F,-71,9.75"
RX,5548951,R35,TXK,N151,20,41763,A,0,0.75,0.72,5.0,U,-69.0,9.5,True,,2026-07-11T15:20:39.385+00:00,/dev/cu.usbserial-576B0005451,"RX,5548951,R35,TXK,N151,20,41763,A,0,0.75,0.72,5,U,-69,9.50"
RX,5549310,R35,TXF,N76,9,42131,G,1,0.93,0.9,5.0,U,-71.0,9.5,True,,2026-07-11T15:20:39.744+00:00,/dev/cu.usbserial-576B0005451,"RX,5549310,R35,TXF,N76,9,42131,G,1,0.93,0.90,5,U,-71,9.50"
RX,5549467,R35,TXJ,N136,3,42280,G,1,0.93,0.9,5.0,U,-78.0,9.75,True,,2026-07-11T15:20:39.902+00:00,/dev/cu.usbserial-576B0005451,"RX,5549467,R35,TXJ,N136,3,42280,G,1,0.93,0.90,5,U,-78,9.75"
RX,5549564,R35,TXC,N31,8,42381,E,1,0.87,0.84,5.0,U,-83.0,9.5,True,,2026-07-11T15:20:39.998+00:00,/dev/cu.usbserial-576B0005451,"RX,5549564,R35,TXC,N31,8,42381,E,1,0.87,0.84,5,U,-83,9.50"
RX,5549810,R35,TXA,N01,40,42626,A,0,0.75,0.72,5.0,F,-72.0,9.25,True,,2026-07-11T15:20:40.244+00:00,/dev/cu.usbserial-576B0005451,"RX,5549810,R35,TXA,N01,40,42626,A,0,0.75,0.72,5,F,-72,9.25"
RX,5550076,R35,TXB,N16,19,42892,G,1,0.93,0.9,5.0,U,-98.0,2.25,True,,2026-07-11T15:20:40.511+00:00,/dev/cu.usbserial-576B0005451,"RX,5550076,R35,TXB,N16,19,42892,G,1,0.93,0.90,5,U,-98,2.25"
RX,5550558,R35,TXE,N61,17,43379,C,0,0.81,0.78,5.0,U,-72.0,10.0,True,,2026-07-11T15:20:40.993+00:00,/dev/cu.usbserial-576B0005451,"RX,5550558,R35,TXE,N61,17,43379,C,0,0.81,0.78,5,U,-72,10.00"
RX,5550669,R35,TXI,N121,8,43481,E,1,0.87,0.84,5.0,U,-72.0,9.75,True,,2026-07-11T15:20:41.103+00:00,/dev/cu.usbserial-576B0005451,"RX,5550669,R35,TXI,N121,8,43481,E,1,0.87,0.84,5,U,-72,9.75"
RX,5550809,R35,TXA,N01,41,43626,B,1,0.2,0.18,5.0,F,-71.0,10.0,True,,2026-07-11T15:20:41.244+00:00,/dev/cu.usbserial-576B0005451,"RX,5550809,R35,TXA,N01,41,43626,B,1,0.20,0.18,5,F,-71,10.00"
RX,5550951,R35,TXK,N151,21,43763,C,1,0.81,0.78,5.0,U,-68.0,9.25,True,,2026-07-11T15:20:41.385+00:00,/dev/cu.usbserial-576B0005451,"RX,5550951,R35,TXK,N151,21,43763,C,1,0.81,0.78,5,U,-68,9.25"
RX,5551564,R35,TXC,N31,9,44381,G,1,0.93,0.9,5.0,U,-85.0,9.0,True,,2026-07-11T15:20:41.999+00:00,/dev/cu.usbserial-576B0005451,"RX,5551564,R35,TXC,N31,9,44381,G,1,0.93,0.90,5,U,-85,9.00"
RX,5551809,R35,TXA,N01,42,44626,C,1,0.81,0.78,5.0,F,-71.0,10.0,True,,2026-07-11T15:20:42.244+00:00,/dev/cu.usbserial-576B0005451,"RX,5551809,R35,TXA,N01,42,44626,C,1,0.81,0.78,5,F,-71,10.00"
RX,5552076,R35,TXB,N16,20,44892,A,0,0.75,0.72,5.0,U,-97.0,3.75,True,,2026-07-11T15:20:42.511+00:00,/dev/cu.usbserial-576B0005451,"RX,5552076,R35,TXB,N16,20,44892,A,0,0.75,0.72,5,U,-97,3.75"
RX,5552558,R35,TXE,N61,18,45379,E,1,0.87,0.84,5.0,U,-72.0,10.25,True,,2026-07-11T15:20:42.993+00:00,/dev/cu.usbserial-576B0005451,"RX,5552558,R35,TXE,N61,18,45379,E,1,0.87,0.84,5,U,-72,10.25"
RX,5552669,R35,TXI,N121,9,45481,G,1,0.93,0.9,5.0,U,-72.0,10.25,True,,2026-07-11T15:20:43.103+00:00,/dev/cu.usbserial-576B0005451,"RX,5552669,R35,TXI,N121,9,45481,G,1,0.93,0.90,5,U,-72,10.25"
RX,5552810,R35,TXA,N01,43,45626,D,0,0.24,0.22,5.0,F,-71.0,9.75,True,,2026-07-11T15:20:43.244+00:00,/dev/cu.usbserial-576B0005451,"RX,5552810,R35,TXA,N01,43,45626,D,0,0.24,0.22,5,F,-71,9.75"
RX,5552951,R35,TXK,N151,22,45763,E,1,0.87,0.84,5.0,U,-69.0,9.25,True,,2026-07-11T15:20:43.385+00:00,/dev/cu.usbserial-576B0005451,"RX,5552951,R35,TXK,N151,22,45763,E,1,0.87,0.84,5,U,-69,9.25"
RX,5553809,R35,TXA,N01,44,46626,E,1,0.87,0.84,5.0,F,-71.0,9.5,True,,2026-07-11T15:20:44.244+00:00,/dev/cu.usbserial-576B0005451,"RX,5553809,R35,TXA,N01,44,46626,E,1,0.87,0.84,5,F,-71,9.50"
RX,5554076,R35,TXB,N16,21,46892,C,1,0.81,0.78,5.0,U,-98.0,2.25,True,,2026-07-11T15:20:44.511+00:00,/dev/cu.usbserial-576B0005451,"RX,5554076,R35,TXB,N16,21,46892,C,1,0.81,0.78,5,U,-98,2.25"
RX,5554558,R35,TXE,N61,19,47379,G,1,0.93,0.9,5.0,U,-72.0,10.0,True,,2026-07-11T15:20:44.993+00:00,/dev/cu.usbserial-576B0005451,"RX,5554558,R35,TXE,N61,19,47379,G,1,0.93,0.90,5,U,-72,10.00"
RX,5554809,R35,TXA,N01,45,47626,F,1,0.28,0.26,5.0,F,-71.0,10.25,True,,2026-07-11T15:20:45.244+00:00,/dev/cu.usbserial-576B0005451,"RX,5554809,R35,TXA,N01,45,47626,F,1,0.28,0.26,5,F,-71,10.25"
RX,5554951,R35,TXK,N151,23,47763,G,0,0.93,0.9,5.0,U,-69.0,9.25,True,,2026-07-11T15:20:45.385+00:00,/dev/cu.usbserial-576B0005451,"RX,5554951,R35,TXK,N151,23,47763,G,0,0.93,0.90,5,U,-69,9.25"
RX,5555310,R35,TXF,N76,10,48131,E,1,0.87,0.84,5.0,U,-72.0,9.75,True,,2026-07-11T15:20:45.744+00:00,/dev/cu.usbserial-576B0005451,"RX,5555310,R35,TXF,N76,10,48131,E,1,0.87,0.84,5,U,-72,9.75"
RX,5555613,R35,TXD,N46,5,48430,G,0,0.93,0.9,5.0,U,-70.0,9.75,True,,2026-07-11T15:20:46.048+00:00,/dev/cu.usbserial-576B0005451,"RX,5555613,R35,TXD,N46,5,48430,G,0,0.93,0.90,5,U,-70,9.75"
RX,5555810,R35,TXA,N01,46,48626,G,0,0.93,0.9,5.0,F,-71.0,9.75,True,,2026-07-11T15:20:46.244+00:00,/dev/cu.usbserial-576B0005451,"RX,5555810,R35,TXA,N01,46,48626,G,0,0.93,0.90,5,F,-71,9.75"
RX,5556076,R35,TXB,N16,22,48892,E,1,0.87,0.84,5.0,U,-97.0,3.75,True,,2026-07-11T15:20:46.511+00:00,/dev/cu.usbserial-576B0005451,"RX,5556076,R35,TXB,N16,22,48892,E,1,0.87,0.84,5,U,-97,3.75"
RX,5556259,R35,TXG,N91,4,49080,G,1,0.93,0.9,5.0,U,-72.0,9.25,True,,2026-07-11T15:20:46.694+00:00,/dev/cu.usbserial-576B0005451,"RX,5556259,R35,TXG,N91,4,49080,G,1,0.93,0.90,5,U,-72,9.25"
RX,5556558,R35,TXE,N61,20,49379,A,0,0.75,0.72,5.0,U,-73.0,9.75,True,,2026-07-11T15:20:46.993+00:00,/dev/cu.usbserial-576B0005451,"RX,5556558,R35,TXE,N61,20,49379,A,0,0.75,0.72,5,U,-73,9.75"
RX,5556809,R35,TXA,N01,47,49626,H,1,0.32,0.3,5.0,F,-71.0,10.25,True,,2026-07-11T15:20:47.245+00:00,/dev/cu.usbserial-576B0005451,"RX,5556809,R35,TXA,N01,47,49626,H,1,0.32,0.30,5,F,-71,10.25"
RX,5556951,R35,TXK,N151,24,49763,A,1,0.75,0.72,5.0,U,-69.0,9.75,True,,2026-07-11T15:20:47.385+00:00,/dev/cu.usbserial-576B0005451,"RX,5556951,R35,TXK,N151,24,49763,A,1,0.75,0.72,5,U,-69,9.75"
RX,5557310,R35,TXF,N76,11,50131,G,0,0.93,0.9,5.0,U,-72.0,9.75,True,,2026-07-11T15:20:47.745+00:00,/dev/cu.usbserial-576B0005451,"RX,5557310,R35,TXF,N76,11,50131,G,0,0.93,0.90,5,U,-72,9.75"
RX,5557467,R35,TXJ,N136,4,50280,G,1,0.93,0.9,5.0,U,-78.0,9.75,True,,2026-07-11T15:20:47.902+00:00,/dev/cu.usbserial-576B0005451,"RX,5557467,R35,TXJ,N136,4,50280,G,1,0.93,0.90,5,U,-78,9.75"
RX,5557564,R35,TXC,N31,10,50381,E,1,0.87,0.84,5.0,U,-83.0,9.75,True,,2026-07-11T15:20:47.999+00:00,/dev/cu.usbserial-576B0005451,"RX,5557564,R35,TXC,N31,10,50381,E,1,0.87,0.84,5,U,-83,9.75"
RX,5557809,R35,TXA,N01,48,50626,A,1,0.75,0.72,5.0,F,-71.0,10.0,True,,2026-07-11T15:20:48.244+00:00,/dev/cu.usbserial-576B0005451,"RX,5557809,R35,TXA,N01,48,50626,A,1,0.75,0.72,5,F,-71,10.00"
RX,5558076,R35,TXB,N16,23,50892,G,0,0.93,0.9,5.0,U,-98.0,2.25,True,,2026-07-11T15:20:48.511+00:00,/dev/cu.usbserial-576B0005451,"RX,5558076,R35,TXB,N16,23,50892,G,0,0.93,0.90,5,U,-98,2.25"
RX,5558558,R35,TXE,N61,21,51379,C,1,0.81,0.78,5.0,U,-73.0,10.0,True,,2026-07-11T15:20:48.993+00:00,/dev/cu.usbserial-576B0005451,"RX,5558558,R35,TXE,N61,21,51379,C,1,0.81,0.78,5,U,-73,10.00"
RX,5558669,R35,TXI,N121,10,51481,E,1,0.87,0.84,5.0,U,-72.0,9.75,True,,2026-07-11T15:20:49.104+00:00,/dev/cu.usbserial-576B0005451,"RX,5558669,R35,TXI,N121,10,51481,E,1,0.87,0.84,5,U,-72,9.75"
RX,5558809,R35,TXA,N01,49,51626,B,0,0.2,0.18,5.0,F,-71.0,9.75,True,,2026-07-11T15:20:49.244+00:00,/dev/cu.usbserial-576B0005451,"RX,5558809,R35,TXA,N01,49,51626,B,0,0.20,0.18,5,F,-71,9.75"
RX,5558951,R35,TXK,N151,25,51763,C,1,0.81,0.78,5.0,U,-69.0,9.5,True,,2026-07-11T15:20:49.385+00:00,/dev/cu.usbserial-576B0005451,"RX,5558951,R35,TXK,N151,25,51763,C,1,0.81,0.78,5,U,-69,9.50"
RX,5559564,R35,TXC,N31,11,52381,G,0,0.93,0.9,5.0,U,-84.0,10.25,True,,2026-07-11T15:20:49.999+00:00,/dev/cu.usbserial-576B0005451,"RX,5559564,R35,TXC,N31,11,52381,G,0,0.93,0.90,5,U,-84,10.25"
RX,5559809,R35,TXA,N01,50,52626,C,1,0.81,0.78,5.0,F,-71.0,10.5,True,,2026-07-11T15:20:50.245+00:00,/dev/cu.usbserial-576B0005451,"RX,5559809,R35,TXA,N01,50,52626,C,1,0.81,0.78,5,F,-71,10.50"
RX,5560076,R35,TXB,N16,24,52892,A,1,0.75,0.72,5.0,U,-97.0,2.75,True,,2026-07-11T15:20:50.511+00:00,/dev/cu.usbserial-576B0005451,"RX,5560076,R35,TXB,N16,24,52892,A,1,0.75,0.72,5,U,-97,2.75"
RX,5560558,R35,TXE,N61,22,53379,E,1,0.87,0.84,5.0,U,-73.0,9.5,True,,2026-07-11T15:20:50.993+00:00,/dev/cu.usbserial-576B0005451,"RX,5560558,R35,TXE,N61,22,53379,E,1,0.87,0.84,5,U,-73,9.50"
RX,5560669,R35,TXI,N121,11,53481,G,0,0.93,0.9,5.0,U,-72.0,9.75,True,,2026-07-11T15:20:51.104+00:00,/dev/cu.usbserial-576B0005451,"RX,5560669,R35,TXI,N121,11,53481,G,0,0.93,0.90,5,U,-72,9.75"
RX,5560810,R35,TXA,N01,51,53626,D,1,0.24,0.22,5.0,F,-71.0,9.75,True,,2026-07-11T15:20:51.244+00:00,/dev/cu.usbserial-576B0005451,"RX,5560810,R35,TXA,N01,51,53626,D,1,0.24,0.22,5,F,-71,9.75"
RX,5560950,R35,TXK,N151,26,53763,E,0,0.87,0.84,5.0,U,-69.0,9.5,True,,2026-07-11T15:20:51.385+00:00,/dev/cu.usbserial-576B0005451,"RX,5560950,R35,TXK,N151,26,53763,E,0,0.87,0.84,5,U,-69,9.50"
RX,5561809,R35,TXA,N01,52,54626,E,0,0.87,0.84,5.0,F,-71.0,10.0,True,,2026-07-11T15:20:52.244+00:00,/dev/cu.usbserial-576B0005451,"RX,5561809,R35,TXA,N01,52,54626,E,0,0.87,0.84,5,F,-71,10.00"
RX,5562076,R35,TXB,N16,25,54892,C,1,0.81,0.78,5.0,U,-99.0,1.0,True,,2026-07-11T15:20:52.511+00:00,/dev/cu.usbserial-576B0005451,"RX,5562076,R35,TXB,N16,25,54892,C,1,0.81,0.78,5,U,-99,1.00"
RX,5562558,R35,TXE,N61,23,55379,G,0,0.93,0.9,5.0,U,-72.0,10.25,True,,2026-07-11T15:20:52.993+00:00,/dev/cu.usbserial-576B0005451,"RX,5562558,R35,TXE,N61,23,55379,G,0,0.93,0.90,5,U,-72,10.25"
RX,5562809,R35,TXA,N01,53,55626,F,1,0.28,0.26,5.0,F,-71.0,10.25,True,,2026-07-11T15:20:53.244+00:00,/dev/cu.usbserial-576B0005451,"RX,5562809,R35,TXA,N01,53,55626,F,1,0.28,0.26,5,F,-71,10.25"
RX,5562950,R35,TXK,N151,27,55763,G,1,0.93,0.9,5.0,U,-69.0,9.25,True,,2026-07-11T15:20:53.385+00:00,/dev/cu.usbserial-576B0005451,"RX,5562950,R35,TXK,N151,27,55763,G,1,0.93,0.90,5,U,-69,9.25"
RX,5563310,R35,TXF,N76,12,56131,E,0,0.87,0.84,5.0,U,-72.0,9.75,True,,2026-07-11T15:20:53.745+00:00,/dev/cu.usbserial-576B0005451,"RX,5563310,R35,TXF,N76,12,56131,E,0,0.87,0.84,5,U,-72,9.75"
RX,5563613,R35,TXD,N46,6,56430,G,1,0.93,0.9,5.0,U,-71.0,9.5,True,,2026-07-11T15:20:54.048+00:00,/dev/cu.usbserial-576B0005451,"RX,5563613,R35,TXD,N46,6,56430,G,1,0.93,0.90,5,U,-71,9.50"
RX,5563810,R35,TXA,N01,54,56626,G,1,0.93,0.9,5.0,F,-71.0,10.0,True,,2026-07-11T15:20:54.245+00:00,/dev/cu.usbserial-576B0005451,"RX,5563810,R35,TXA,N01,54,56626,G,1,0.93,0.90,5,F,-71,10.00"
RX,5564076,R35,TXB,N16,26,56892,E,0,0.87,0.84,5.0,U,-96.0,4.25,True,,2026-07-11T15:20:54.511+00:00,/dev/cu.usbserial-576B0005451,"RX,5564076,R35,TXB,N16,26,56892,E,0,0.87,0.84,5,U,-96,4.25"
RX,5564259,R35,TXG,N91,5,57080,G,0,0.93,0.9,5.0,U,-71.0,9.75,True,,2026-07-11T15:20:54.693+00:00,/dev/cu.usbserial-576B0005451,"RX,5564259,R35,TXG,N91,5,57080,G,0,0.93,0.90,5,U,-71,9.75"
RX,5564558,R35,TXE,N61,24,57379,A,1,0.75,0.72,5.0,U,-72.0,10.25,True,,2026-07-11T15:20:54.993+00:00,/dev/cu.usbserial-576B0005451,"RX,5564558,R35,TXE,N61,24,57379,A,1,0.75,0.72,5,U,-72,10.25"
RX,5564810,R35,TXA,N01,55,57626,H,0,0.32,0.3,5.0,F,-71.0,9.5,True,,2026-07-11T15:20:55.245+00:00,/dev/cu.usbserial-576B0005451,"RX,5564810,R35,TXA,N01,55,57626,H,0,0.32,0.30,5,F,-71,9.50"
RX,5564951,R35,TXK,N151,28,57763,A,1,0.75,0.72,5.0,U,-69.0,9.25,True,,2026-07-11T15:20:55.385+00:00,/dev/cu.usbserial-576B0005451,"RX,5564951,R35,TXK,N151,28,57763,A,1,0.75,0.72,5,U,-69,9.25"
RX,5565310,R35,TXF,N76,13,58131,G,1,0.93,0.9,5.0,U,-71.0,10.0,True,,2026-07-11T15:20:55.745+00:00,/dev/cu.usbserial-576B0005451,"RX,5565310,R35,TXF,N76,13,58131,G,1,0.93,0.90,5,U,-71,10.00"
RX,5565467,R35,TXJ,N136,5,58280,G,0,0.93,0.9,5.0,U,-78.0,12.0,True,,2026-07-11T15:20:55.902+00:00,/dev/cu.usbserial-576B0005451,"RX,5565467,R35,TXJ,N136,5,58280,G,0,0.93,0.90,5,U,-78,12.00"
RX,5565564,R35,TXC,N31,12,58381,E,0,0.87,0.84,5.0,U,-85.0,9.0,True,,2026-07-11T15:20:55.999+00:00,/dev/cu.usbserial-576B0005451,"RX,5565564,R35,TXC,N31,12,58381,E,0,0.87,0.84,5,U,-85,9.00"
RX,5565810,R35,TXA,N01,56,58626,A,1,0.75,0.72,5.0,F,-71.0,9.75,True,,2026-07-11T15:20:56.244+00:00,/dev/cu.usbserial-576B0005451,"RX,5565810,R35,TXA,N01,56,58626,A,1,0.75,0.72,5,F,-71,9.75"
RX,5566076,R35,TXB,N16,27,58892,G,1,0.93,0.9,5.0,U,-97.0,3.25,True,,2026-07-11T15:20:56.511+00:00,/dev/cu.usbserial-576B0005451,"RX,5566076,R35,TXB,N16,27,58892,G,1,0.93,0.90,5,U,-97,3.25"
RX,5566558,R35,TXE,N61,25,59379,C,1,0.81,0.78,5.0,U,-72.0,9.75,True,,2026-07-11T15:20:56.993+00:00,/dev/cu.usbserial-576B0005451,"RX,5566558,R35,TXE,N61,25,59379,C,1,0.81,0.78,5,U,-72,9.75"
RX,5566669,R35,TXI,N121,12,59481,E,0,0.87,0.84,5.0,U,-73.0,9.75,True,,2026-07-11T15:20:57.104+00:00,/dev/cu.usbserial-576B0005451,"RX,5566669,R35,TXI,N121,12,59481,E,0,0.87,0.84,5,U,-73,9.75"
RX,5566809,R35,TXA,N01,57,59626,B,1,0.2,0.18,5.0,F,-72.0,9.5,True,,2026-07-11T15:20:57.244+00:00,/dev/cu.usbserial-576B0005451,"RX,5566809,R35,TXA,N01,57,59626,B,1,0.20,0.18,5,F,-72,9.50"
RX,5566951,R35,TXK,N151,29,59763,C,0,0.81,0.78,5.0,U,-69.0,9.0,True,,2026-07-11T15:20:57.385+00:00,/dev/cu.usbserial-576B0005451,"RX,5566951,R35,TXK,N151,29,59763,C,0,0.81,0.78,5,U,-69,9.00"
RX,5567564,R35,TXC,N31,13,60381,G,1,0.93,0.9,5.0,U,-85.0,9.25,True,,2026-07-11T15:20:57.999+00:00,/dev/cu.usbserial-576B0005451,"RX,5567564,R35,TXC,N31,13,60381,G,1,0.93,0.90,5,U,-85,9.25"
RX,5567810,R35,TXA,N01,58,60626,C,0,0.81,0.78,5.0,F,-71.0,9.75,True,,2026-07-11T15:20:58.244+00:00,/dev/cu.usbserial-576B0005451,"RX,5567810,R35,TXA,N01,58,60626,C,0,0.81,0.78,5,F,-71,9.75"
RX,5568076,R35,TXB,N16,28,60892,A,1,0.75,0.72,5.0,U,-97.0,3.0,True,,2026-07-11T15:20:58.511+00:00,/dev/cu.usbserial-576B0005451,"RX,5568076,R35,TXB,N16,28,60892,A,1,0.75,0.72,5,U,-97,3.00"
RX,5568558,R35,TXE,N61,26,61379,E,0,0.87,0.84,5.0,U,-72.0,10.0,True,,2026-07-11T15:20:58.993+00:00,/dev/cu.usbserial-576B0005451,"RX,5568558,R35,TXE,N61,26,61379,E,0,0.87,0.84,5,U,-72,10.00"
RX,5568669,R35,TXI,N121,13,61481,G,1,0.93,0.9,5.0,U,-72.0,9.75,True,,2026-07-11T15:20:59.104+00:00,/dev/cu.usbserial-576B0005451,"RX,5568669,R35,TXI,N121,13,61481,G,1,0.93,0.90,5,U,-72,9.75"
RX,5568810,R35,TXA,N01,59,61626,D,1,0.24,0.22,5.0,F,-71.0,9.75,True,,2026-07-11T15:20:59.244+00:00,/dev/cu.usbserial-576B0005451,"RX,5568810,R35,TXA,N01,59,61626,D,1,0.24,0.22,5,F,-71,9.75"
RX,5568951,R35,TXK,N151,30,61763,E,1,0.87,0.84,5.0,U,-69.0,9.25,True,,2026-07-11T15:20:59.385+00:00,/dev/cu.usbserial-576B0005451,"RX,5568951,R35,TXK,N151,30,61763,E,1,0.87,0.84,5,U,-69,9.25"
RX,5569809,R35,TXA,N01,60,62626,E,1,0.87,0.84,5.0,F,-70.0,9.75,True,,2026-07-11T15:21:00.245+00:00,/dev/cu.usbserial-576B0005451,"RX,5569809,R35,TXA,N01,60,62626,E,1,0.87,0.84,5,F,-70,9.75"
RX,5570076,R35,TXB,N16,29,62892,C,0,0.81,0.78,5.0,U,-98.0,2.25,True,,2026-07-11T15:21:00.511+00:00,/dev/cu.usbserial-576B0005451,"RX,5570076,R35,TXB,N16,29,62892,C,0,0.81,0.78,5,U,-98,2.25"
RX,5570558,R35,TXE,N61,27,63379,G,1,0.93,0.9,5.0,U,-72.0,10.25,True,,2026-07-11T15:21:00.993+00:00,/dev/cu.usbserial-576B0005451,"RX,5570558,R35,TXE,N61,27,63379,G,1,0.93,0.90,5,U,-72,10.25"
RX,5570809,R35,TXA,N01,61,63626,F,0,0.28,0.26,5.0,F,-71.0,10.0,True,,2026-07-11T15:21:01.245+00:00,/dev/cu.usbserial-576B0005451,"RX,5570809,R35,TXA,N01,61,63626,F,0,0.28,0.26,5,F,-71,10.00"
RX,5570951,R35,TXK,N151,31,63763,G,1,0.93,0.9,5.0,U,-69.0,9.5,True,,2026-07-11T15:21:01.388+00:00,/dev/cu.usbserial-576B0005451,"RX,5570951,R35,TXK,N151,31,63763,G,1,0.93,0.90,5,U,-69,9.50"
RX,5571310,R35,TXF,N76,14,64131,E,1,0.87,0.84,5.0,U,-72.0,9.75,True,,2026-07-11T15:21:01.745+00:00,/dev/cu.usbserial-576B0005451,"RX,5571310,R35,TXF,N76,14,64131,E,1,0.87,0.84,5,U,-72,9.75"
RX,5571613,R35,TXD,N46,7,64430,G,1,0.93,0.9,5.0,U,-70.0,9.25,True,,2026-07-11T15:21:02.048+00:00,/dev/cu.usbserial-576B0005451,"RX,5571613,R35,TXD,N46,7,64430,G,1,0.93,0.90,5,U,-70,9.25"
RX,5571810,R35,TXA,N01,62,64626,G,1,0.93,0.9,5.0,F,-71.0,9.5,True,,2026-07-11T15:21:02.245+00:00,/dev/cu.usbserial-576B0005451,"RX,5571810,R35,TXA,N01,62,64626,G,1,0.93,0.90,5,F,-71,9.50"
RX,5572076,R35,TXB,N16,30,64892,E,1,0.87,0.84,5.0,U,-99.0,1.5,True,,2026-07-11T15:21:02.511+00:00,/dev/cu.usbserial-576B0005451,"RX,5572076,R35,TXB,N16,30,64892,E,1,0.87,0.84,5,U,-99,1.50"
RX,5572259,R35,TXG,N91,6,65080,G,1,0.93,0.9,5.0,U,-72.0,9.5,True,,2026-07-11T15:21:02.694+00:00,/dev/cu.usbserial-576B0005451,"RX,5572259,R35,TXG,N91,6,65080,G,1,0.93,0.90,5,U,-72,9.50"
RX,5572558,R35,TXE,N61,28,65379,A,1,0.75,0.72,5.0,U,-73.0,9.75,True,,2026-07-11T15:21:02.993+00:00,/dev/cu.usbserial-576B0005451,"RX,5572558,R35,TXE,N61,28,65379,A,1,0.75,0.72,5,U,-73,9.75"
RX,5572809,R35,TXA,N01,63,65626,H,1,0.32,0.3,5.0,F,-71.0,10.0,True,,2026-07-11T15:21:03.245+00:00,/dev/cu.usbserial-576B0005451,"RX,5572809,R35,TXA,N01,63,65626,H,1,0.32,0.30,5,F,-71,10.00"
RX,5572951,R35,TXK,N151,32,65763,A,1,0.75,0.72,5.0,U,-69.0,9.25,True,,2026-07-11T15:21:03.385+00:00,/dev/cu.usbserial-576B0005451,"RX,5572951,R35,TXK,N151,32,65763,A,1,0.75,0.72,5,U,-69,9.25"
RX,5573310,R35,TXF,N76,15,66131,G,1,0.93,0.9,5.0,U,-71.0,9.75,True,,2026-07-11T15:21:03.745+00:00,/dev/cu.usbserial-576B0005451,"RX,5573310,R35,TXF,N76,15,66131,G,1,0.93,0.90,5,U,-71,9.75"
RX,5573467,R35,TXJ,N136,6,66280,G,1,0.93,0.9,5.0,U,-77.0,10.25,True,,2026-07-11T15:21:03.903+00:00,/dev/cu.usbserial-576B0005451,"RX,5573467,R35,TXJ,N136,6,66280,G,1,0.93,0.90,5,U,-77,10.25"
RX,5573564,R35,TXC,N31,14,66381,E,1,0.87,0.84,5.0,U,-86.0,9.0,True,,2026-07-11T15:21:03.999+00:00,/dev/cu.usbserial-576B0005451,"RX,5573564,R35,TXC,N31,14,66381,E,1,0.87,0.84,5,U,-86,9.00"
RX,5573809,R35,TXA,N01,64,66626,A,1,0.75,0.72,5.0,F,-71.0,9.5,True,,2026-07-11T15:21:04.244+00:00,/dev/cu.usbserial-576B0005451,"RX,5573809,R35,TXA,N01,64,66626,A,1,0.75,0.72,5,F,-71,9.50"
RX,5574076,R35,TXB,N16,31,66892,G,1,0.93,0.9,5.0,U,-99.0,1.5,True,,2026-07-11T15:21:04.511+00:00,/dev/cu.usbserial-576B0005451,"RX,5574076,R35,TXB,N16,31,66892,G,1,0.93,0.90,5,U,-99,1.50"
RX,5574558,R35,TXE,N61,29,67379,C,0,0.81,0.78,5.0,U,-73.0,9.75,True,,2026-07-11T15:21:04.993+00:00,/dev/cu.usbserial-576B0005451,"RX,5574558,R35,TXE,N61,29,67379,C,0,0.81,0.78,5,U,-73,9.75"
RX,5574669,R35,TXI,N121,14,67481,E,1,0.87,0.84,5.0,U,-72.0,9.5,True,,2026-07-11T15:21:05.104+00:00,/dev/cu.usbserial-576B0005451,"RX,5574669,R35,TXI,N121,14,67481,E,1,0.87,0.84,5,U,-72,9.50"
RX,5574810,R35,TXA,N01,65,67626,B,0,0.2,0.18,5.0,F,-71.0,9.75,True,,2026-07-11T15:21:05.244+00:00,/dev/cu.usbserial-576B0005451,"RX,5574810,R35,TXA,N01,65,67626,B,0,0.20,0.18,5,F,-71,9.75"
RX,5574951,R35,TXK,N151,33,67763,C,1,0.81,0.78,5.0,U,-69.0,9.25,True,,2026-07-11T15:21:05.385+00:00,/dev/cu.usbserial-576B0005451,"RX,5574951,R35,TXK,N151,33,67763,C,1,0.81,0.78,5,U,-69,9.25"
RX,5575564,R35,TXC,N31,15,68381,G,1,0.93,0.9,5.0,U,-85.0,9.25,True,,2026-07-11T15:21:05.999+00:00,/dev/cu.usbserial-576B0005451,"RX,5575564,R35,TXC,N31,15,68381,G,1,0.93,0.90,5,U,-85,9.25"
RX,5575810,R35,TXA,N01,66,68626,C,1,0.81,0.78,5.0,F,-71.0,10.0,True,,2026-07-11T15:21:06.245+00:00,/dev/cu.usbserial-576B0005451,"RX,5575810,R35,TXA,N01,66,68626,C,1,0.81,0.78,5,F,-71,10.00"
RX,5576076,R35,TXB,N16,32,68892,A,1,0.75,0.72,5.0,U,-97.0,3.25,True,,2026-07-11T15:21:06.513+00:00,/dev/cu.usbserial-576B0005451,"RX,5576076,R35,TXB,N16,32,68892,A,1,0.75,0.72,5,U,-97,3.25"
RX,5576558,R35,TXE,N61,30,69379,E,1,0.87,0.84,5.0,U,-72.0,10.75,True,,2026-07-11T15:21:06.993+00:00,/dev/cu.usbserial-576B0005451,"RX,5576558,R35,TXE,N61,30,69379,E,1,0.87,0.84,5,U,-72,10.75"
RX,5576669,R35,TXI,N121,15,69481,G,1,0.93,0.9,5.0,U,-72.0,9.5,True,,2026-07-11T15:21:07.104+00:00,/dev/cu.usbserial-576B0005451,"RX,5576669,R35,TXI,N121,15,69481,G,1,0.93,0.90,5,U,-72,9.50"
RX,5576810,R35,TXA,N01,67,69626,D,1,0.24,0.22,5.0,F,-71.0,10.25,True,,2026-07-11T15:21:07.245+00:00,/dev/cu.usbserial-576B0005451,"RX,5576810,R35,TXA,N01,67,69626,D,1,0.24,0.22,5,F,-71,10.25"
RX,5576951,R35,TXK,N151,34,69763,E,0,0.87,0.84,5.0,U,-69.0,9.25,True,,2026-07-11T15:21:07.386+00:00,/dev/cu.usbserial-576B0005451,"RX,5576951,R35,TXK,N151,34,69763,E,0,0.87,0.84,5,U,-69,9.25"
RX,5577810,R35,TXA,N01,68,70626,E,0,0.87,0.84,5.0,F,-71.0,10.25,True,,2026-07-11T15:21:08.246+00:00,/dev/cu.usbserial-576B0005451,"RX,5577810,R35,TXA,N01,68,70626,E,0,0.87,0.84,5,F,-71,10.25"
RX,5578076,R35,TXB,N16,33,70892,C,1,0.81,0.78,5.0,U,-98.0,2.5,True,,2026-07-11T15:21:08.512+00:00,/dev/cu.usbserial-576B0005451,"RX,5578076,R35,TXB,N16,33,70892,C,1,0.81,0.78,5,U,-98,2.50"
RX,5578558,R35,TXE,N61,31,71379,G,1,0.93,0.9,5.0,U,-72.0,9.75,True,,2026-07-11T15:21:08.993+00:00,/dev/cu.usbserial-576B0005451,"RX,5578558,R35,TXE,N61,31,71379,G,1,0.93,0.90,5,U,-72,9.75"
RX,5578809,R35,TXA,N01,69,71626,F,1,0.28,0.26,5.0,F,-72.0,9.75,True,,2026-07-11T15:21:09.246+00:00,/dev/cu.usbserial-576B0005451,"RX,5578809,R35,TXA,N01,69,71626,F,1,0.28,0.26,5,F,-72,9.75"
RX,5578920,R35,TXH,N106,4,71742,G,1,0.93,0.9,5.0,U,-61.0,0.25,True,,2026-07-11T15:21:09.355+00:00,/dev/cu.usbserial-576B0005451,"RX,5578920,R35,TXH,N106,4,71742,G,1,0.93,0.90,5,U,-61,0.25"
RX,5579103,R35,TXL,N166,4,71916,G,1,0.93,0.9,5.0,U,-71.0,10.0,True,,2026-07-11T15:21:09.538+00:00,/dev/cu.usbserial-576B0005451,"RX,5579103,R35,TXL,N166,4,71916,G,1,0.93,0.90,5,U,-71,10.00"
RX,5579310,R35,TXF,N76,16,72131,E,0,0.87,0.84,5.0,U,-72.0,10.25,True,,2026-07-11T15:21:09.745+00:00,/dev/cu.usbserial-576B0005451,"RX,5579310,R35,TXF,N76,16,72131,E,0,0.87,0.84,5,U,-72,10.25"
RX,5579613,R35,TXD,N46,8,72430,G,1,0.93,0.9,5.0,U,-71.0,9.5,True,,2026-07-11T15:21:10.048+00:00,/dev/cu.usbserial-576B0005451,"RX,5579613,R35,TXD,N46,8,72430,G,1,0.93,0.90,5,U,-71,9.50"
RX,5579810,R35,TXA,N01,70,72626,G,1,0.93,0.9,5.0,F,-70.0,10.25,True,,2026-07-11T15:21:10.245+00:00,/dev/cu.usbserial-576B0005451,"RX,5579810,R35,TXA,N01,70,72626,G,1,0.93,0.90,5,F,-70,10.25"
RX,5580076,R35,TXB,N16,34,72892,E,0,0.87,0.84,5.0,U,-97.0,3.0,True,,2026-07-11T15:21:10.512+00:00,/dev/cu.usbserial-576B0005451,"RX,5580076,R35,TXB,N16,34,72892,E,0,0.87,0.84,5,U,-97,3.00"
RX,5580259,R35,TXG,N91,7,73080,G,1,0.93,0.9,5.0,U,-72.0,9.5,True,,2026-07-11T15:21:10.694+00:00,/dev/cu.usbserial-576B0005451,"RX,5580259,R35,TXG,N91,7,73080,G,1,0.93,0.90,5,U,-72,9.50"
RX,5580558,R35,TXE,N61,32,73379,A,1,0.75,0.72,5.0,U,-72.0,10.0,True,,2026-07-11T15:21:10.993+00:00,/dev/cu.usbserial-576B0005451,"RX,5580558,R35,TXE,N61,32,73379,A,1,0.75,0.72,5,U,-72,10.00"
RX,5580809,R35,TXA,N01,71,73626,H,0,0.32,0.3,5.0,F,-70.0,9.75,True,,2026-07-11T15:21:11.245+00:00,/dev/cu.usbserial-576B0005451,"RX,5580809,R35,TXA,N01,71,73626,H,0,0.32,0.30,5,F,-70,9.75"
RX,5580950,R35,TXK,N151,36,73763,A,1,0.75,0.72,5.0,U,-69.0,9.5,True,,2026-07-11T15:21:11.386+00:00,/dev/cu.usbserial-576B0005451,"RX,5580950,R35,TXK,N151,36,73763,A,1,0.75,0.72,5,U,-69,9.50"
RX,5581310,R35,TXF,N76,17,74131,G,1,0.93,0.9,5.0,U,-72.0,9.75,True,,2026-07-11T15:21:11.745+00:00,/dev/cu.usbserial-576B0005451,"RX,5581310,R35,TXF,N76,17,74131,G,1,0.93,0.90,5,U,-72,9.75"
RX,5581467,R35,TXJ,N136,7,74280,G,1,0.93,0.9,5.0,U,-77.0,9.5,True,,2026-07-11T15:21:11.903+00:00,/dev/cu.usbserial-576B0005451,"RX,5581467,R35,TXJ,N136,7,74280,G,1,0.93,0.90,5,U,-77,9.50"
RX,5581564,R35,TXC,N31,16,74381,E,0,0.87,0.84,5.0,U,-86.0,9.0,True,,2026-07-11T15:21:11.999+00:00,/dev/cu.usbserial-576B0005451,"RX,5581564,R35,TXC,N31,16,74381,E,0,0.87,0.84,5,U,-86,9.00"
RX,5581810,R35,TXA,N01,72,74626,A,1,0.75,0.72,5.0,F,-72.0,9.5,True,,2026-07-11T15:21:12.245+00:00,/dev/cu.usbserial-576B0005451,"RX,5581810,R35,TXA,N01,72,74626,A,1,0.75,0.72,5,F,-72,9.50"
RX,5582076,R35,TXB,N16,35,74892,G,1,0.93,0.9,5.0,U,-96.0,4.0,True,,2026-07-11T15:21:12.512+00:00,/dev/cu.usbserial-576B0005451,"RX,5582076,R35,TXB,N16,35,74892,G,1,0.93,0.90,5,U,-96,4.00"
RX,5582558,R35,TXE,N61,33,75379,C,1,0.81,0.78,5.0,U,-72.0,10.0,True,,2026-07-11T15:21:12.993+00:00,/dev/cu.usbserial-576B0005451,"RX,5582558,R35,TXE,N61,33,75379,C,1,0.81,0.78,5,U,-72,10.00"
RX,5582669,R35,TXI,N121,16,75481,E,0,0.87,0.84,5.0,U,-72.0,9.5,True,,2026-07-11T15:21:13.104+00:00,/dev/cu.usbserial-576B0005451,"RX,5582669,R35,TXI,N121,16,75481,E,0,0.87,0.84,5,U,-72,9.50"
RX,5582810,R35,TXA,N01,73,75626,B,1,0.2,0.18,5.0,F,-70.0,9.75,True,,2026-07-11T15:21:13.245+00:00,/dev/cu.usbserial-576B0005451,"RX,5582810,R35,TXA,N01,73,75626,B,1,0.20,0.18,5,F,-70,9.75"
RX,5582951,R35,TXK,N151,37,75763,C,0,0.81,0.78,5.0,U,-68.0,9.5,True,,2026-07-11T15:21:13.386+00:00,/dev/cu.usbserial-576B0005451,"RX,5582951,R35,TXK,N151,37,75763,C,0,0.81,0.78,5,U,-68,9.50"
RX,5583564,R35,TXC,N31,17,76381,G,1,0.93,0.9,5.0,U,-86.0,9.5,True,,2026-07-11T15:21:13.999+00:00,/dev/cu.usbserial-576B0005451,"RX,5583564,R35,TXC,N31,17,76381,G,1,0.93,0.90,5,U,-86,9.50"
RX,5583810,R35,TXA,N01,74,76626,C,0,0.81,0.78,5.0,F,-70.0,10.0,True,,2026-07-11T15:21:14.245+00:00,/dev/cu.usbserial-576B0005451,"RX,5583810,R35,TXA,N01,74,76626,C,0,0.81,0.78,5,F,-70,10.00"
RX,5584076,R35,TXB,N16,36,76892,A,1,0.75,0.72,5.0,U,-97.0,3.25,True,,2026-07-11T15:21:14.512+00:00,/dev/cu.usbserial-576B0005451,"RX,5584076,R35,TXB,N16,36,76892,A,1,0.75,0.72,5,U,-97,3.25"
RX,5584558,R35,TXE,N61,34,77379,E,0,0.87,0.84,5.0,U,-73.0,10.0,True,,2026-07-11T15:21:14.993+00:00,/dev/cu.usbserial-576B0005451,"RX,5584558,R35,TXE,N61,34,77379,E,0,0.87,0.84,5,U,-73,10.00"
RX,5584669,R35,TXI,N121,17,77481,G,1,0.93,0.9,5.0,U,-72.0,9.5,True,,2026-07-11T15:21:15.104+00:00,/dev/cu.usbserial-576B0005451,"RX,5584669,R35,TXI,N121,17,77481,G,1,0.93,0.90,5,U,-72,9.50"
RX,5584810,R35,TXA,N01,75,77626,D,1,0.24,0.22,5.0,F,-71.0,9.5,True,,2026-07-11T15:21:15.245+00:00,/dev/cu.usbserial-576B0005451,"RX,5584810,R35,TXA,N01,75,77626,D,1,0.24,0.22,5,F,-71,9.50"
RX,5584951,R35,TXK,N151,38,77763,E,1,0.87,0.84,5.0,U,-68.0,9.25,True,,2026-07-11T15:21:15.386+00:00,/dev/cu.usbserial-576B0005451,"RX,5584951,R35,TXK,N151,38,77763,E,1,0.87,0.84,5,U,-68,9.25"
RX,5585810,R35,TXA,N01,76,78626,E,1,0.87,0.84,5.0,F,-71.0,9.5,True,,2026-07-11T15:21:16.245+00:00,/dev/cu.usbserial-576B0005451,"RX,5585810,R35,TXA,N01,76,78626,E,1,0.87,0.84,5,F,-71,9.50"
RX,5586076,R35,TXB,N16,37,78892,C,0,0.81,0.78,5.0,U,-96.0,4.25,True,,2026-07-11T15:21:16.512+00:00,/dev/cu.usbserial-576B0005451,"RX,5586076,R35,TXB,N16,37,78892,C,0,0.81,0.78,5,U,-96,4.25"
RX,5586558,R35,TXE,N61,35,79379,G,1,0.93,0.9,5.0,U,-72.0,9.75,True,,2026-07-11T15:21:16.993+00:00,/dev/cu.usbserial-576B0005451,"RX,5586558,R35,TXE,N61,35,79379,G,1,0.93,0.90,5,U,-72,9.75"
RX,5586810,R35,TXA,N01,77,79626,F,0,0.28,0.26,5.0,F,-71.0,9.75,True,,2026-07-11T15:21:17.245+00:00,/dev/cu.usbserial-576B0005451,"RX,5586810,R35,TXA,N01,77,79626,F,0,0.28,0.26,5,F,-71,9.75"
RX,5586920,R35,TXH,N106,5,79742,G,1,0.93,0.9,5.0,U,-61.0,0.0,True,,2026-07-11T15:21:17.355+00:00,/dev/cu.usbserial-576B0005451,"RX,5586920,R35,TXH,N106,5,79742,G,1,0.93,0.90,5,U,-61,0.00"
RX,5587103,R35,TXL,N166,5,79916,G,1,0.93,0.9,5.0,U,-70.0,9.75,True,,2026-07-11T15:21:17.538+00:00,/dev/cu.usbserial-576B0005451,"RX,5587103,R35,TXL,N166,5,79916,G,1,0.93,0.90,5,U,-70,9.75"
RX,5587310,R35,TXF,N76,18,80131,E,1,0.87,0.84,5.0,U,-71.0,9.75,True,,2026-07-11T15:21:17.745+00:00,/dev/cu.usbserial-576B0005451,"RX,5587310,R35,TXF,N76,18,80131,E,1,0.87,0.84,5,U,-71,9.75"
RX,5587613,R35,TXD,N46,9,80430,G,1,0.93,0.9,5.0,U,-70.0,9.5,True,,2026-07-11T15:21:18.048+00:00,/dev/cu.usbserial-576B0005451,"RX,5587613,R35,TXD,N46,9,80430,G,1,0.93,0.90,5,U,-70,9.50"
RX,5587810,R35,TXA,N01,78,80626,G,1,0.93,0.9,5.0,F,-71.0,9.25,True,,2026-07-11T15:21:18.245+00:00,/dev/cu.usbserial-576B0005451,"RX,5587810,R35,TXA,N01,78,80626,G,1,0.93,0.90,5,F,-71,9.25"
RX,5588076,R35,TXB,N16,38,80892,E,1,0.87,0.84,5.0,U,-97.0,4.0,True,,2026-07-11T15:21:18.512+00:00,/dev/cu.usbserial-576B0005451,"RX,5588076,R35,TXB,N16,38,80892,E,1,0.87,0.84,5,U,-97,4.00"
RX,5588259,R35,TXG,N91,8,81080,G,1,0.93,0.9,5.0,U,-72.0,9.5,True,,2026-07-11T15:21:18.694+00:00,/dev/cu.usbserial-576B0005451,"RX,5588259,R35,TXG,N91,8,81080,G,1,0.93,0.90,5,U,-72,9.50"
RX,5588558,R35,TXE,N61,36,81379,A,1,0.75,0.72,5.0,U,-73.0,10.0,True,,2026-07-11T15:21:18.993+00:00,/dev/cu.usbserial-576B0005451,"RX,5588558,R35,TXE,N61,36,81379,A,1,0.75,0.72,5,U,-73,10.00"
RX,5588810,R35,TXA,N01,79,81626,H,1,0.32,0.3,5.0,F,-71.0,9.75,True,,2026-07-11T15:21:19.245+00:00,/dev/cu.usbserial-576B0005451,"RX,5588810,R35,TXA,N01,79,81626,H,1,0.32,0.30,5,F,-71,9.75"
RX,5588951,R35,TXK,N151,40,81763,A,0,0.75,0.72,5.0,U,-69.0,9.5,True,,2026-07-11T15:21:19.386+00:00,/dev/cu.usbserial-576B0005451,"RX,5588951,R35,TXK,N151,40,81763,A,0,0.75,0.72,5,U,-69,9.50"
RX,5589310,R35,TXF,N76,19,82131,G,1,0.93,0.9,5.0,U,-71.0,9.75,True,,2026-07-11T15:21:19.745+00:00,/dev/cu.usbserial-576B0005451,"RX,5589310,R35,TXF,N76,19,82131,G,1,0.93,0.90,5,U,-71,9.75"
RX,5589467,R35,TXJ,N136,8,82280,G,1,0.93,0.9,5.0,U,-77.0,9.75,True,,2026-07-11T15:21:19.903+00:00,/dev/cu.usbserial-576B0005451,"RX,5589467,R35,TXJ,N136,8,82280,G,1,0.93,0.90,5,U,-77,9.75"
RX,5589564,R35,TXC,N31,18,82381,E,1,0.87,0.84,5.0,U,-90.0,8.0,True,,2026-07-11T15:21:19.999+00:00,/dev/cu.usbserial-576B0005451,"RX,5589564,R35,TXC,N31,18,82381,E,1,0.87,0.84,5,U,-90,8.00"
RX,5589810,R35,TXA,N01,80,82626,A,0,0.75,0.72,5.0,F,-71.0,10.0,True,,2026-07-11T15:21:20.245+00:00,/dev/cu.usbserial-576B0005451,"RX,5589810,R35,TXA,N01,80,82626,A,0,0.75,0.72,5,F,-71,10.00"
RX,5590076,R35,TXB,N16,39,82892,G,1,0.93,0.9,5.0,U,-96.0,4.75,True,,2026-07-11T15:21:20.512+00:00,/dev/cu.usbserial-576B0005451,"RX,5590076,R35,TXB,N16,39,82892,G,1,0.93,0.90,5,U,-96,4.75"
RX,5590558,R35,TXE,N61,37,83379,C,0,0.81,0.78,5.0,U,-73.0,9.75,True,,2026-07-11T15:21:20.993+00:00,/dev/cu.usbserial-576B0005451,"RX,5590558,R35,TXE,N61,37,83379,C,0,0.81,0.78,5,U,-73,9.75"
RX,5590669,R35,TXI,N121,18,83481,E,1,0.87,0.84,5.0,U,-72.0,9.5,True,,2026-07-11T15:21:21.104+00:00,/dev/cu.usbserial-576B0005451,"RX,5590669,R35,TXI,N121,18,83481,E,1,0.87,0.84,5,U,-72,9.50"
RX,5590810,R35,TXA,N01,81,83626,B,1,0.2,0.18,5.0,F,-72.0,9.5,True,,2026-07-11T15:21:21.245+00:00,/dev/cu.usbserial-576B0005451,"RX,5590810,R35,TXA,N01,81,83626,B,1,0.20,0.18,5,F,-72,9.50"
RX,5590950,R35,TXK,N151,41,83763,C,1,0.81,0.78,5.0,U,-68.0,9.75,True,,2026-07-11T15:21:21.386+00:00,/dev/cu.usbserial-576B0005451,"RX,5590950,R35,TXK,N151,41,83763,C,1,0.81,0.78,5,U,-68,9.75"
RX,5591564,R35,TXC,N31,19,84381,G,1,0.93,0.9,5.0,U,-88.0,9.0,True,,2026-07-11T15:21:21.999+00:00,/dev/cu.usbserial-576B0005451,"RX,5591564,R35,TXC,N31,19,84381,G,1,0.93,0.90,5,U,-88,9.00"
RX,5591810,R35,TXA,N01,82,84626,C,1,0.81,0.78,5.0,F,-72.0,9.75,True,,2026-07-11T15:21:22.245+00:00,/dev/cu.usbserial-576B0005451,"RX,5591810,R35,TXA,N01,82,84626,C,1,0.81,0.78,5,F,-72,9.75"
RX,5592076,R35,TXB,N16,40,84892,A,0,0.75,0.72,5.0,U,-94.0,5.75,True,,2026-07-11T15:21:22.512+00:00,/dev/cu.usbserial-576B0005451,"RX,5592076,R35,TXB,N16,40,84892,A,0,0.75,0.72,5,U,-94,5.75"
RX,5592558,R35,TXE,N61,38,85379,E,1,0.87,0.84,5.0,U,-73.0,9.5,True,,2026-07-11T15:21:22.993+00:00,/dev/cu.usbserial-576B0005451,"RX,5592558,R35,TXE,N61,38,85379,E,1,0.87,0.84,5,U,-73,9.50"
RX,5592669,R35,TXI,N121,19,85481,G,1,0.93,0.9,5.0,U,-72.0,10.0,True,,2026-07-11T15:21:23.104+00:00,/dev/cu.usbserial-576B0005451,"RX,5592669,R35,TXI,N121,19,85481,G,1,0.93,0.90,5,U,-72,10.00"
RX,5592810,R35,TXA,N01,83,85626,D,0,0.24,0.22,5.0,F,-71.0,9.75,True,,2026-07-11T15:21:23.245+00:00,/dev/cu.usbserial-576B0005451,"RX,5592810,R35,TXA,N01,83,85626,D,0,0.24,0.22,5,F,-71,9.75"
RX,5592950,R35,TXK,N151,42,85763,E,1,0.87,0.84,5.0,U,-68.0,9.25,True,,2026-07-11T15:21:23.386+00:00,/dev/cu.usbserial-576B0005451,"RX,5592950,R35,TXK,N151,42,85763,E,1,0.87,0.84,5,U,-68,9.25"
RX,5593810,R35,TXA,N01,84,86626,E,1,0.87,0.84,5.0,F,-70.0,10.0,True,,2026-07-11T15:21:24.245+00:00,/dev/cu.usbserial-576B0005451,"RX,5593810,R35,TXA,N01,84,86626,E,1,0.87,0.84,5,F,-70,10.00"
RX,5594076,R35,TXB,N16,41,86892,C,1,0.81,0.78,5.0,U,-97.0,3.5,True,,2026-07-11T15:21:24.512+00:00,/dev/cu.usbserial-576B0005451,"RX,5594076,R35,TXB,N16,41,86892,C,1,0.81,0.78,5,U,-97,3.50"
RX,5594558,R35,TXE,N61,39,87379,G,1,0.93,0.9,5.0,U,-73.0,9.75,True,,2026-07-11T15:21:24.993+00:00,/dev/cu.usbserial-576B0005451,"RX,5594558,R35,TXE,N61,39,87379,G,1,0.93,0.90,5,U,-73,9.75"
RX,5594810,R35,TXA,N01,85,87626,F,1,0.28,0.26,5.0,F,-71.0,9.75,True,,2026-07-11T15:21:25.245+00:00,/dev/cu.usbserial-576B0005451,"RX,5594810,R35,TXA,N01,85,87626,F,1,0.28,0.26,5,F,-71,9.75"
RX,5594920,R35,TXH,N106,6,87742,G,0,0.93,0.9,5.0,U,-61.0,-0.25,True,,2026-07-11T15:21:25.356+00:00,/dev/cu.usbserial-576B0005451,"RX,5594920,R35,TXH,N106,6,87742,G,0,0.93,0.90,5,U,-61,-0.25"
RX,5595103,R35,TXL,N166,6,87916,G,0,0.93,0.9,5.0,U,-71.0,9.25,True,,2026-07-11T15:21:25.538+00:00,/dev/cu.usbserial-576B0005451,"RX,5595103,R35,TXL,N166,6,87916,G,0,0.93,0.90,5,U,-71,9.25"
RX,5595310,R35,TXF,N76,20,88131,E,1,0.87,0.84,5.0,U,-71.0,10.0,True,,2026-07-11T15:21:25.745+00:00,/dev/cu.usbserial-576B0005451,"RX,5595310,R35,TXF,N76,20,88131,E,1,0.87,0.84,5,U,-71,10.00"
RX,5595613,R35,TXD,N46,10,88430,G,0,0.93,0.9,5.0,U,-70.0,9.75,True,,2026-07-11T15:21:26.048+00:00,/dev/cu.usbserial-576B0005451,"RX,5595613,R35,TXD,N46,10,88430,G,0,0.93,0.90,5,U,-70,9.75"
RX,5595810,R35,TXA,N01,86,88626,G,0,0.93,0.9,5.0,F,-71.0,10.0,True,,2026-07-11T15:21:26.245+00:00,/dev/cu.usbserial-576B0005451,"RX,5595810,R35,TXA,N01,86,88626,G,0,0.93,0.90,5,F,-71,10.00"
RX,5596076,R35,TXB,N16,42,88892,E,1,0.87,0.84,5.0,U,-98.0,1.75,True,,2026-07-11T15:21:26.512+00:00,/dev/cu.usbserial-576B0005451,"RX,5596076,R35,TXB,N16,42,88892,E,1,0.87,0.84,5,U,-98,1.75"
RX,5596259,R35,TXG,N91,9,89080,G,1,0.93,0.9,5.0,U,-72.0,9.5,True,,2026-07-11T15:21:26.694+00:00,/dev/cu.usbserial-576B0005451,"RX,5596259,R35,TXG,N91,9,89080,G,1,0.93,0.90,5,U,-72,9.50"
RX,5596558,R35,TXE,N61,40,89379,A,0,0.75,0.72,5.0,U,-73.0,10.5,True,,2026-07-11T15:21:26.993+00:00,/dev/cu.usbserial-576B0005451,"RX,5596558,R35,TXE,N61,40,89379,A,0,0.75,0.72,5,U,-73,10.50"
RX,5596810,R35,TXA,N01,87,89626,H,1,0.32,0.3,5.0,F,-72.0,10.0,True,,2026-07-11T15:21:27.245+00:00,/dev/cu.usbserial-576B0005451,"RX,5596810,R35,TXA,N01,87,89626,H,1,0.32,0.30,5,F,-72,10.00"
RX,5596951,R35,TXK,N151,44,89763,A,1,0.75,0.72,5.0,U,-69.0,9.5,True,,2026-07-11T15:21:27.386+00:00,/dev/cu.usbserial-576B0005451,"RX,5596951,R35,TXK,N151,44,89763,A,1,0.75,0.72,5,U,-69,9.50"
RX,5597310,R35,TXF,N76,21,90131,G,0,0.93,0.9,5.0,U,-71.0,10.0,True,,2026-07-11T15:21:27.745+00:00,/dev/cu.usbserial-576B0005451,"RX,5597310,R35,TXF,N76,21,90131,G,0,0.93,0.90,5,U,-71,10.00"
RX,5597467,R35,TXJ,N136,9,90280,G,1,0.93,0.9,5.0,U,-77.0,9.5,True,,2026-07-11T15:21:27.903+00:00,/dev/cu.usbserial-576B0005451,"RX,5597467,R35,TXJ,N136,9,90280,G,1,0.93,0.90,5,U,-77,9.50"
RX,5597564,R35,TXC,N31,20,90381,E,1,0.87,0.84,5.0,U,-86.0,9.25,True,,2026-07-11T15:21:27.999+00:00,/dev/cu.usbserial-576B0005451,"RX,5597564,R35,TXC,N31,20,90381,E,1,0.87,0.84,5,U,-86,9.25"
RX,5597810,R35,TXA,N01,88,90626,A,1,0.75,0.72,5.0,F,-72.0,9.5,True,,2026-07-11T15:21:28.245+00:00,/dev/cu.usbserial-576B0005451,"RX,5597810,R35,TXA,N01,88,90626,A,1,0.75,0.72,5,F,-72,9.50"
RX,5598076,R35,TXB,N16,43,90892,G,0,0.93,0.9,5.0,U,-96.0,4.0,True,,2026-07-11T15:21:28.512+00:00,/dev/cu.usbserial-576B0005451,"RX,5598076,R35,TXB,N16,43,90892,G,0,0.93,0.90,5,U,-96,4.00"
RX,5598558,R35,TXE,N61,41,91379,C,1,0.81,0.78,5.0,U,-73.0,10.5,True,,2026-07-11T15:21:28.993+00:00,/dev/cu.usbserial-576B0005451,"RX,5598558,R35,TXE,N61,41,91379,C,1,0.81,0.78,5,U,-73,10.50"
RX,5598669,R35,TXI,N121,20,91481,E,1,0.87,0.84,5.0,U,-73.0,9.75,True,,2026-07-11T15:21:29.104+00:00,/dev/cu.usbserial-576B0005451,"RX,5598669,R35,TXI,N121,20,91481,E,1,0.87,0.84,5,U,-73,9.75"
RX,5598810,R35,TXA,N01,89,91626,B,0,0.2,0.18,5.0,F,-72.0,10.5,True,,2026-07-11T15:21:29.245+00:00,/dev/cu.usbserial-576B0005451,"RX,5598810,R35,TXA,N01,89,91626,B,0,0.20,0.18,5,F,-72,10.50"
RX,5598950,R35,TXK,N151,45,91763,C,1,0.81,0.78,5.0,U,-68.0,9.5,True,,2026-07-11T15:21:29.386+00:00,/dev/cu.usbserial-576B0005451,"RX,5598950,R35,TXK,N151,45,91763,C,1,0.81,0.78,5,U,-68,9.50"
RX,5599564,R35,TXC,N31,21,92381,G,0,0.93,0.9,5.0,U,-83.0,10.0,True,,2026-07-11T15:21:29.999+00:00,/dev/cu.usbserial-576B0005451,"RX,5599564,R35,TXC,N31,21,92381,G,0,0.93,0.90,5,U,-83,10.00"
RX,5599810,R35,TXA,N01,90,92626,C,1,0.81,0.78,5.0,F,-72.0,9.5,True,,2026-07-11T15:21:30.245+00:00,/dev/cu.usbserial-576B0005451,"RX,5599810,R35,TXA,N01,90,92626,C,1,0.81,0.78,5,F,-72,9.50"
RX,5600076,R35,TXB,N16,44,92892,A,1,0.75,0.72,5.0,U,-97.0,3.0,True,,2026-07-11T15:21:30.512+00:00,/dev/cu.usbserial-576B0005451,"RX,5600076,R35,TXB,N16,44,92892,A,1,0.75,0.72,5,U,-97,3.00"
RX,5600669,R35,TXI,N121,21,93481,G,0,0.93,0.9,5.0,U,-73.0,9.75,True,,2026-07-11T15:21:31.104+00:00,/dev/cu.usbserial-576B0005451,"RX,5600669,R35,TXI,N121,21,93481,G,0,0.93,0.90,5,U,-73,9.75"
RX,5600810,R35,TXA,N01,91,93626,D,1,0.24,0.22,5.0,F,-72.0,9.5,True,,2026-07-11T15:21:31.245+00:00,/dev/cu.usbserial-576B0005451,"RX,5600810,R35,TXA,N01,91,93626,D,1,0.24,0.22,5,F,-72,9.50"
RX,5600951,R35,TXK,N151,46,93763,E,0,0.87,0.84,5.0,U,-68.0,9.25,True,,2026-07-11T15:21:31.386+00:00,/dev/cu.usbserial-576B0005451,"RX,5600951,R35,TXK,N151,46,93763,E,0,0.87,0.84,5,U,-68,9.25"
RX,5601810,R35,TXA,N01,92,94626,E,0,0.87,0.84,5.0,F,-72.0,9.75,True,,2026-07-11T15:21:32.245+00:00,/dev/cu.usbserial-576B0005451,"RX,5601810,R35,TXA,N01,92,94626,E,0,0.87,0.84,5,F,-72,9.75"
RX,5602076,R35,TXB,N16,45,94892,C,1,0.81,0.78,5.0,U,-96.0,4.5,True,,2026-07-11T15:21:32.512+00:00,/dev/cu.usbserial-576B0005451,"RX,5602076,R35,TXB,N16,45,94892,C,1,0.81,0.78,5,U,-96,4.50"
RX,5602558,R35,TXE,N61,43,95379,G,0,0.93,0.9,5.0,U,-73.0,10.5,True,,2026-07-11T15:21:32.993+00:00,/dev/cu.usbserial-576B0005451,"RX,5602558,R35,TXE,N61,43,95379,G,0,0.93,0.90,5,U,-73,10.50"
RX,5602810,R35,TXA,N01,93,95626,F,1,0.28,0.26,5.0,F,-72.0,9.75,True,,2026-07-11T15:21:33.245+00:00,/dev/cu.usbserial-576B0005451,"RX,5602810,R35,TXA,N01,93,95626,F,1,0.28,0.26,5,F,-72,9.75"
RX,5602920,R35,TXH,N106,7,95742,G,1,0.93,0.9,5.0,U,-61.0,-0.5,True,,2026-07-11T15:21:33.356+00:00,/dev/cu.usbserial-576B0005451,"RX,5602920,R35,TXH,N106,7,95742,G,1,0.93,0.90,5,U,-61,-0.50"
RX,5603103,R35,TXL,N166,7,95916,G,1,0.93,0.9,5.0,U,-70.0,10.0,True,,2026-07-11T15:21:33.538+00:00,/dev/cu.usbserial-576B0005451,"RX,5603103,R35,TXL,N166,7,95916,G,1,0.93,0.90,5,U,-70,10.00"
RX,5603310,R35,TXF,N76,22,96131,E,0,0.87,0.84,5.0,U,-71.0,9.75,True,,2026-07-11T15:21:33.745+00:00,/dev/cu.usbserial-576B0005451,"RX,5603310,R35,TXF,N76,22,96131,E,0,0.87,0.84,5,U,-71,9.75"
RX,5603613,R35,TXD,N46,11,96430,G,1,0.93,0.9,5.0,U,-69.0,10.25,True,,2026-07-11T15:21:34.048+00:00,/dev/cu.usbserial-576B0005451,"RX,5603613,R35,TXD,N46,11,96430,G,1,0.93,0.90,5,U,-69,10.25"
RX,5603810,R35,TXA,N01,94,96626,G,1,0.93,0.9,5.0,F,-71.0,10.25,True,,2026-07-11T15:21:34.245+00:00,/dev/cu.usbserial-576B0005451,"RX,5603810,R35,TXA,N01,94,96626,G,1,0.93,0.90,5,F,-71,10.25"
RX,5604076,R35,TXB,N16,46,96892,E,0,0.87,0.84,5.0,U,-93.0,7.25,True,,2026-07-11T15:21:34.512+00:00,/dev/cu.usbserial-576B0005451,"RX,5604076,R35,TXB,N16,46,96892,E,0,0.87,0.84,5,U,-93,7.25"
RX,5604259,R35,TXG,N91,10,97080,G,0,0.93,0.9,5.0,U,-73.0,9.75,True,,2026-07-11T15:21:34.694+00:00,/dev/cu.usbserial-576B0005451,"RX,5604259,R35,TXG,N91,10,97080,G,0,0.93,0.90,5,U,-73,9.75"
RX,5604558,R35,TXE,N61,44,97379,A,1,0.75,0.72,5.0,U,-73.0,9.5,True,,2026-07-11T15:21:34.994+00:00,/dev/cu.usbserial-576B0005451,"RX,5604558,R35,TXE,N61,44,97379,A,1,0.75,0.72,5,U,-73,9.50"
RX,5604810,R35,TXA,N01,95,97626,H,0,0.32,0.3,5.0,F,-72.0,10.0,True,,2026-07-11T15:21:35.245+00:00,/dev/cu.usbserial-576B0005451,"RX,5604810,R35,TXA,N01,95,97626,H,0,0.32,0.30,5,F,-72,10.00"
RX,5604950,R35,TXK,N151,48,97763,A,1,0.75,0.72,5.0,U,-69.0,9.25,True,,2026-07-11T15:21:35.386+00:00,/dev/cu.usbserial-576B0005451,"RX,5604950,R35,TXK,N151,48,97763,A,1,0.75,0.72,5,U,-69,9.25"
RX,5605310,R35,TXF,N76,23,98131,G,1,0.93,0.9,5.0,U,-72.0,10.25,True,,2026-07-11T15:21:35.745+00:00,/dev/cu.usbserial-576B0005451,"RX,5605310,R35,TXF,N76,23,98131,G,1,0.93,0.90,5,U,-72,10.25"
RX,5605468,R35,TXJ,N136,10,98280,G,0,0.93,0.9,5.0,U,-80.0,9.5,True,,2026-07-11T15:21:35.903+00:00,/dev/cu.usbserial-576B0005451,"RX,5605468,R35,TXJ,N136,10,98280,G,0,0.93,0.90,5,U,-80,9.50"
RX,5605564,R35,TXC,N31,22,98381,E,0,0.87,0.84,5.0,U,-76.0,9.25,True,,2026-07-11T15:21:35.999+00:00,/dev/cu.usbserial-576B0005451,"RX,5605564,R35,TXC,N31,22,98381,E,0,0.87,0.84,5,U,-76,9.25"
RX,5605810,R35,TXA,N01,96,98626,A,1,0.75,0.72,5.0,F,-75.0,9.75,True,,2026-07-11T15:21:36.245+00:00,/dev/cu.usbserial-576B0005451,"RX,5605810,R35,TXA,N01,96,98626,A,1,0.75,0.72,5,F,-75,9.75"
RX,5606076,R35,TXB,N16,47,98892,G,1,0.93,0.9,5.0,U,-95.0,5.25,True,,2026-07-11T15:21:36.512+00:00,/dev/cu.usbserial-576B0005451,"RX,5606076,R35,TXB,N16,47,98892,G,1,0.93,0.90,5,U,-95,5.25"
RX,5606558,R35,TXE,N61,45,99379,C,1,0.81,0.78,5.0,U,-74.0,9.25,True,,2026-07-11T15:21:36.993+00:00,/dev/cu.usbserial-576B0005451,"RX,5606558,R35,TXE,N61,45,99379,C,1,0.81,0.78,5,U,-74,9.25"
RX,5606669,R35,TXI,N121,22,99481,E,0,0.87,0.84,5.0,U,-74.0,9.25,True,,2026-07-11T15:21:37.104+00:00,/dev/cu.usbserial-576B0005451,"RX,5606669,R35,TXI,N121,22,99481,E,0,0.87,0.84,5,U,-74,9.25"
RX,5606810,R35,TXA,N01,97,99626,B,1,0.2,0.18,5.0,F,-74.0,10.0,True,,2026-07-11T15:21:37.245+00:00,/dev/cu.usbserial-576B0005451,"RX,5606810,R35,TXA,N01,97,99626,B,1,0.20,0.18,5,F,-74,10.00"
RX,5606951,R35,TXK,N151,49,99763,C,0,0.81,0.78,5.0,U,-68.0,9.25,True,,2026-07-11T15:21:37.386+00:00,/dev/cu.usbserial-576B0005451,"RX,5606951,R35,TXK,N151,49,99763,C,0,0.81,0.78,5,U,-68,9.25"
RX,5607564,R35,TXC,N31,23,100381,G,1,0.93,0.9,5.0,U,-75.0,9.5,True,,2026-07-11T15:21:37.999+00:00,/dev/cu.usbserial-576B0005451,"RX,5607564,R35,TXC,N31,23,100381,G,1,0.93,0.90,5,U,-75,9.50"
RX,5607810,R35,TXA,N01,98,100626,C,0,0.81,0.78,5.0,F,-73.0,9.25,True,,2026-07-11T15:21:38.245+00:00,/dev/cu.usbserial-576B0005451,"RX,5607810,R35,TXA,N01,98,100626,C,0,0.81,0.78,5,F,-73,9.25"
RX,5608077,R35,TXB,N16,48,100892,A,1,0.75,0.72,5.0,U,-93.0,8.5,True,,2026-07-11T15:21:38.512+00:00,/dev/cu.usbserial-576B0005451,"RX,5608077,R35,TXB,N16,48,100892,A,1,0.75,0.72,5,U,-93,8.50"
RX,5608558,R35,TXE,N61,46,101379,E,0,0.87,0.84,5.0,U,-74.0,9.25,True,,2026-07-11T15:21:38.994+00:00,/dev/cu.usbserial-576B0005451,"RX,5608558,R35,TXE,N61,46,101379,E,0,0.87,0.84,5,U,-74,9.25"
RX,5608669,R35,TXI,N121,23,101481,G,1,0.93,0.9,5.0,U,-73.0,9.25,True,,2026-07-11T15:21:39.104+00:00,/dev/cu.usbserial-576B0005451,"RX,5608669,R35,TXI,N121,23,101481,G,1,0.93,0.90,5,U,-73,9.25"
RX,5608810,R35,TXA,N01,99,101626,D,1,0.24,0.22,5.0,F,-78.0,9.25,True,,2026-07-11T15:21:39.246+00:00,/dev/cu.usbserial-576B0005451,"RX,5608810,R35,TXA,N01,99,101626,D,1,0.24,0.22,5,F,-78,9.25"
RX,5608951,R35,TXK,N151,50,101763,E,1,0.87,0.84,5.0,U,-74.0,9.5,True,,2026-07-11T15:21:39.386+00:00,/dev/cu.usbserial-576B0005451,"RX,5608951,R35,TXK,N151,50,101763,E,1,0.87,0.84,5,U,-74,9.50"
RX,5609810,R35,TXA,N01,100,102626,E,1,0.87,0.84,5.0,F,-74.0,10.0,True,,2026-07-11T15:21:40.246+00:00,/dev/cu.usbserial-576B0005451,"RX,5609810,R35,TXA,N01,100,102626,E,1,0.87,0.84,5,F,-74,10.00"
RX,5610077,R35,TXB,N16,49,102892,C,0,0.81,0.78,5.0,U,-89.0,8.25,True,,2026-07-11T15:21:40.512+00:00,/dev/cu.usbserial-576B0005451,"RX,5610077,R35,TXB,N16,49,102892,C,0,0.81,0.78,5,U,-89,8.25"
RX,5610558,R35,TXE,N61,47,103379,G,1,0.93,0.9,5.0,U,-73.0,9.0,True,,2026-07-11T15:21:40.994+00:00,/dev/cu.usbserial-576B0005451,"RX,5610558,R35,TXE,N61,47,103379,G,1,0.93,0.90,5,U,-73,9.00"
RX,5610810,R35,TXA,N01,101,103626,F,0,0.28,0.26,5.0,F,-74.0,9.75,True,,2026-07-11T15:21:41.245+00:00,/dev/cu.usbserial-576B0005451,"RX,5610810,R35,TXA,N01,101,103626,F,0,0.28,0.26,5,F,-74,9.75"
RX,5610951,R35,TXK,N151,51,103763,G,1,0.93,0.9,5.0,U,-70.0,10.0,True,,2026-07-11T15:21:41.386+00:00,/dev/cu.usbserial-576B0005451,"RX,5610951,R35,TXK,N151,51,103763,G,1,0.93,0.90,5,U,-70,10.00"
RX,5611310,R35,TXF,N76,24,104131,E,1,0.87,0.84,5.0,U,-72.0,9.75,True,,2026-07-11T15:21:41.746+00:00,/dev/cu.usbserial-576B0005451,"RX,5611310,R35,TXF,N76,24,104131,E,1,0.87,0.84,5,U,-72,9.75"
RX,5611613,R35,TXD,N46,12,104430,G,1,0.93,0.9,5.0,U,-70.0,9.75,True,,2026-07-11T15:21:42.048+00:00,/dev/cu.usbserial-576B0005451,"RX,5611613,R35,TXD,N46,12,104430,G,1,0.93,0.90,5,U,-70,9.75"
RX,5611810,R35,TXA,N01,102,104626,G,1,0.93,0.9,5.0,F,-74.0,9.5,True,,2026-07-11T15:21:42.245+00:00,/dev/cu.usbserial-576B0005451,"RX,5611810,R35,TXA,N01,102,104626,G,1,0.93,0.90,5,F,-74,9.50"
RX,5612077,R35,TXB,N16,50,104892,E,1,0.87,0.84,5.0,U,-89.0,8.5,True,,2026-07-11T15:21:42.512+00:00,/dev/cu.usbserial-576B0005451,"RX,5612077,R35,TXB,N16,50,104892,E,1,0.87,0.84,5,U,-89,8.50"
RX,5612259,R35,TXG,N91,11,105080,G,1,0.93,0.9,5.0,U,-71.0,9.75,True,,2026-07-11T15:21:42.694+00:00,/dev/cu.usbserial-576B0005451,"RX,5612259,R35,TXG,N91,11,105080,G,1,0.93,0.90,5,U,-71,9.75"
RX,5612558,R35,TXE,N61,48,105379,A,1,0.75,0.72,5.0,U,-74.0,9.5,True,,2026-07-11T15:21:42.994+00:00,/dev/cu.usbserial-576B0005451,"RX,5612558,R35,TXE,N61,48,105379,A,1,0.75,0.72,5,U,-74,9.50"
RX,5612810,R35,TXA,N01,103,105626,H,1,0.32,0.3,5.0,F,-75.0,9.5,True,,2026-07-11T15:21:43.246+00:00,/dev/cu.usbserial-576B0005451,"RX,5612810,R35,TXA,N01,103,105626,H,1,0.32,0.30,5,F,-75,9.50"
RX,5612951,R35,TXK,N151,52,105763,A,0,0.75,0.72,5.0,U,-72.0,9.75,True,,2026-07-11T15:21:43.386+00:00,/dev/cu.usbserial-576B0005451,"RX,5612951,R35,TXK,N151,52,105763,A,0,0.75,0.72,5,U,-72,9.75"
RX,5613310,R35,TXF,N76,25,106131,G,1,0.93,0.9,5.0,U,-73.0,9.75,True,,2026-07-11T15:21:43.745+00:00,/dev/cu.usbserial-576B0005451,"RX,5613310,R35,TXF,N76,25,106131,G,1,0.93,0.90,5,U,-73,9.75"
RX,5613468,R35,TXJ,N136,11,106280,G,1,0.93,0.9,5.0,U,-81.0,9.5,True,,2026-07-11T15:21:43.903+00:00,/dev/cu.usbserial-576B0005451,"RX,5613468,R35,TXJ,N136,11,106280,G,1,0.93,0.90,5,U,-81,9.50"
RX,5613564,R35,TXC,N31,24,106381,E,1,0.87,0.84,5.0,U,-75.0,9.25,True,,2026-07-11T15:21:43.999+00:00,/dev/cu.usbserial-576B0005451,"RX,5613564,R35,TXC,N31,24,106381,E,1,0.87,0.84,5,U,-75,9.25"
RX,5613810,R35,TXA,N01,104,106626,A,0,0.75,0.72,5.0,F,-75.0,9.5,True,,2026-07-11T15:21:44.245+00:00,/dev/cu.usbserial-576B0005451,"RX,5613810,R35,TXA,N01,104,106626,A,0,0.75,0.72,5,F,-75,9.50"
RX,5614077,R35,TXB,N16,51,106892,G,1,0.93,0.9,5.0,U,-91.0,8.0,True,,2026-07-11T15:21:44.512+00:00,/dev/cu.usbserial-576B0005451,"RX,5614077,R35,TXB,N16,51,106892,G,1,0.93,0.90,5,U,-91,8.00"
RX,5614558,R35,TXE,N61,49,107379,C,0,0.81,0.78,5.0,U,-74.0,9.0,True,,2026-07-11T15:21:44.994+00:00,/dev/cu.usbserial-576B0005451,"RX,5614558,R35,TXE,N61,49,107379,C,0,0.81,0.78,5,U,-74,9.00"
RX,5614669,R35,TXI,N121,24,107481,E,1,0.87,0.84,5.0,U,-73.0,9.25,True,,2026-07-11T15:21:45.104+00:00,/dev/cu.usbserial-576B0005451,"RX,5614669,R35,TXI,N121,24,107481,E,1,0.87,0.84,5,U,-73,9.25"
RX,5614810,R35,TXA,N01,105,107626,B,1,0.2,0.18,5.0,F,-74.0,9.5,True,,2026-07-11T15:21:45.245+00:00,/dev/cu.usbserial-576B0005451,"RX,5614810,R35,TXA,N01,105,107626,B,1,0.20,0.18,5,F,-74,9.50"
RX,5614951,R35,TXK,N151,53,107763,C,1,0.81,0.78,5.0,U,-70.0,10.0,True,,2026-07-11T15:21:45.386+00:00,/dev/cu.usbserial-576B0005451,"RX,5614951,R35,TXK,N151,53,107763,C,1,0.81,0.78,5,U,-70,10.00"
RX,5615564,R35,TXC,N31,25,108381,G,1,0.93,0.9,5.0,U,-74.0,9.25,True,,2026-07-11T15:21:45.999+00:00,/dev/cu.usbserial-576B0005451,"RX,5615564,R35,TXC,N31,25,108381,G,1,0.93,0.90,5,U,-74,9.25"
RX,5615810,R35,TXA,N01,106,108626,C,1,0.81,0.78,5.0,F,-75.0,9.75,True,,2026-07-11T15:21:46.245+00:00,/dev/cu.usbserial-576B0005451,"RX,5615810,R35,TXA,N01,106,108626,C,1,0.81,0.78,5,F,-75,9.75"
RX,5616077,R35,TXB,N16,52,108892,A,0,0.75,0.72,5.0,U,-93.0,6.75,True,,2026-07-11T15:21:46.512+00:00,/dev/cu.usbserial-576B0005451,"RX,5616077,R35,TXB,N16,52,108892,A,0,0.75,0.72,5,U,-93,6.75"
RX,5616558,R35,TXE,N61,50,109379,E,1,0.87,0.84,5.0,U,-73.0,9.75,True,,2026-07-11T15:21:46.994+00:00,/dev/cu.usbserial-576B0005451,"RX,5616558,R35,TXE,N61,50,109379,E,1,0.87,0.84,5,U,-73,9.75"
RX,5616669,R35,TXI,N121,25,109481,G,1,0.93,0.9,5.0,U,-73.0,9.5,True,,2026-07-11T15:21:47.104+00:00,/dev/cu.usbserial-576B0005451,"RX,5616669,R35,TXI,N121,25,109481,G,1,0.93,0.90,5,U,-73,9.50"
RX,5616810,R35,TXA,N01,107,109626,D,0,0.24,0.22,5.0,F,-75.0,9.5,True,,2026-07-11T15:21:47.245+00:00,/dev/cu.usbserial-576B0005451,"RX,5616810,R35,TXA,N01,107,109626,D,0,0.24,0.22,5,F,-75,9.50"
RX,5616951,R35,TXK,N151,54,109763,E,1,0.87,0.84,5.0,U,-70.0,9.5,True,,2026-07-11T15:21:47.386+00:00,/dev/cu.usbserial-576B0005451,"RX,5616951,R35,TXK,N151,54,109763,E,1,0.87,0.84,5,U,-70,9.50"
RX,5617810,R35,TXA,N01,108,110626,E,1,0.87,0.84,5.0,F,-75.0,9.75,True,,2026-07-11T15:21:48.245+00:00,/dev/cu.usbserial-576B0005451,"RX,5617810,R35,TXA,N01,108,110626,E,1,0.87,0.84,5,F,-75,9.75"
RX,5618077,R35,TXB,N16,53,110892,C,1,0.81,0.78,5.0,U,-93.0,6.75,True,,2026-07-11T15:21:48.512+00:00,/dev/cu.usbserial-576B0005451,"RX,5618077,R35,TXB,N16,53,110892,C,1,0.81,0.78,5,U,-93,6.75"
RX,5618558,R35,TXE,N61,51,111379,G,1,0.93,0.9,5.0,U,-73.0,10.25,True,,2026-07-11T15:21:48.994+00:00,/dev/cu.usbserial-576B0005451,"RX,5618558,R35,TXE,N61,51,111379,G,1,0.93,0.90,5,U,-73,10.25"
RX,5618810,R35,TXA,N01,109,111626,F,1,0.28,0.26,5.0,F,-75.0,9.5,True,,2026-07-11T15:21:49.245+00:00,/dev/cu.usbserial-576B0005451,"RX,5618810,R35,TXA,N01,109,111626,F,1,0.28,0.26,5,F,-75,9.50"
RX,5618951,R35,TXK,N151,55,111763,G,0,0.93,0.9,5.0,U,-70.0,9.5,True,,2026-07-11T15:21:49.386+00:00,/dev/cu.usbserial-576B0005451,"RX,5618951,R35,TXK,N151,55,111763,G,0,0.93,0.90,5,U,-70,9.50"
RX,5619310,R35,TXF,N76,26,112131,E,1,0.87,0.84,5.0,U,-73.0,9.5,True,,2026-07-11T15:21:49.745+00:00,/dev/cu.usbserial-576B0005451,"RX,5619310,R35,TXF,N76,26,112131,E,1,0.87,0.84,5,U,-73,9.50"
RX,5619613,R35,TXD,N46,13,112430,G,0,0.93,0.9,5.0,U,-69.0,10.25,True,,2026-07-11T15:21:50.049+00:00,/dev/cu.usbserial-576B0005451,"RX,5619613,R35,TXD,N46,13,112430,G,0,0.93,0.90,5,U,-69,10.25"
RX,5619810,R35,TXA,N01,110,112626,G,0,0.93,0.9,5.0,F,-74.0,9.5,True,,2026-07-11T15:21:50.246+00:00,/dev/cu.usbserial-576B0005451,"RX,5619810,R35,TXA,N01,110,112626,G,0,0.93,0.90,5,F,-74,9.50"
RX,5620077,R35,TXB,N16,54,112892,E,1,0.87,0.84,5.0,U,-91.0,7.5,True,,2026-07-11T15:21:50.512+00:00,/dev/cu.usbserial-576B0005451,"RX,5620077,R35,TXB,N16,54,112892,E,1,0.87,0.84,5,U,-91,7.50"
RX,5620259,R35,TXG,N91,12,113080,G,1,0.93,0.9,5.0,U,-70.0,9.5,True,,2026-07-11T15:21:50.694+00:00,/dev/cu.usbserial-576B0005451,"RX,5620259,R35,TXG,N91,12,113080,G,1,0.93,0.90,5,U,-70,9.50"
RX,5620558,R35,TXE,N61,52,113379,A,0,0.75,0.72,5.0,U,-74.0,9.0,True,,2026-07-11T15:21:50.994+00:00,/dev/cu.usbserial-576B0005451,"RX,5620558,R35,TXE,N61,52,113379,A,0,0.75,0.72,5,U,-74,9.00"
RX,5620810,R35,TXA,N01,111,113626,H,1,0.32,0.3,5.0,F,-75.0,9.75,True,,2026-07-11T15:21:51.245+00:00,/dev/cu.usbserial-576B0005451,"RX,5620810,R35,TXA,N01,111,113626,H,1,0.32,0.30,5,F,-75,9.75"
RX,5620951,R35,TXK,N151,56,113763,A,1,0.75,0.72,5.0,U,-70.0,9.5,True,,2026-07-11T15:21:51.386+00:00,/dev/cu.usbserial-576B0005451,"RX,5620951,R35,TXK,N151,56,113763,A,1,0.75,0.72,5,U,-70,9.50"
RX,5621310,R35,TXF,N76,27,114131,G,0,0.93,0.9,5.0,U,-73.0,9.5,True,,2026-07-11T15:21:51.745+00:00,/dev/cu.usbserial-576B0005451,"RX,5621310,R35,TXF,N76,27,114131,G,0,0.93,0.90,5,U,-73,9.50"
RX,5621468,R35,TXJ,N136,12,114280,G,1,0.93,0.9,5.0,U,-84.0,9.5,True,,2026-07-11T15:21:51.903+00:00,/dev/cu.usbserial-576B0005451,"RX,5621468,R35,TXJ,N136,12,114280,G,1,0.93,0.90,5,U,-84,9.50"
RX,5621564,R35,TXC,N31,26,114381,E,1,0.87,0.84,5.0,U,-74.0,9.75,True,,2026-07-11T15:21:51.999+00:00,/dev/cu.usbserial-576B0005451,"RX,5621564,R35,TXC,N31,26,114381,E,1,0.87,0.84,5,U,-74,9.75"
RX,5621810,R35,TXA,N01,112,114626,A,1,0.75,0.72,5.0,F,-75.0,9.75,True,,2026-07-11T15:21:52.246+00:00,/dev/cu.usbserial-576B0005451,"RX,5621810,R35,TXA,N01,112,114626,A,1,0.75,0.72,5,F,-75,9.75"
RX,5622077,R35,TXB,N16,55,114892,G,0,0.93,0.9,5.0,U,-91.0,7.75,True,,2026-07-11T15:21:52.512+00:00,/dev/cu.usbserial-576B0005451,"RX,5622077,R35,TXB,N16,55,114892,G,0,0.93,0.90,5,U,-91,7.75"
RX,5622558,R35,TXE,N61,53,115379,C,1,0.81,0.78,5.0,U,-73.0,9.5,True,,2026-07-11T15:21:52.994+00:00,/dev/cu.usbserial-576B0005451,"RX,5622558,R35,TXE,N61,53,115379,C,1,0.81,0.78,5,U,-73,9.50"
RX,5622669,R35,TXI,N121,26,115481,E,1,0.87,0.84,5.0,U,-73.0,9.75,True,,2026-07-11T15:21:53.104+00:00,/dev/cu.usbserial-576B0005451,"RX,5622669,R35,TXI,N121,26,115481,E,1,0.87,0.84,5,U,-73,9.75"
RX,5622810,R35,TXA,N01,113,115626,B,0,0.2,0.18,5.0,F,-74.0,9.5,True,,2026-07-11T15:21:53.246+00:00,/dev/cu.usbserial-576B0005451,"RX,5622810,R35,TXA,N01,113,115626,B,0,0.20,0.18,5,F,-74,9.50"
RX,5622951,R35,TXK,N151,57,115763,C,1,0.81,0.78,5.0,U,-70.0,9.75,True,,2026-07-11T15:21:53.386+00:00,/dev/cu.usbserial-576B0005451,"RX,5622951,R35,TXK,N151,57,115763,C,1,0.81,0.78,5,U,-70,9.75"
RX,5623564,R35,TXC,N31,27,116381,G,0,0.93,0.9,5.0,U,-75.0,9.75,True,,2026-07-11T15:21:53.999+00:00,/dev/cu.usbserial-576B0005451,"RX,5623564,R35,TXC,N31,27,116381,G,0,0.93,0.90,5,U,-75,9.75"
RX,5623810,R35,TXA,N01,114,116626,C,1,0.81,0.78,5.0,F,-75.0,9.5,True,,2026-07-11T15:21:54.246+00:00,/dev/cu.usbserial-576B0005451,"RX,5623810,R35,TXA,N01,114,116626,C,1,0.81,0.78,5,F,-75,9.50"
RX,5624077,R35,TXB,N16,56,116892,A,1,0.75,0.72,5.0,U,-91.0,8.0,True,,2026-07-11T15:21:54.512+00:00,/dev/cu.usbserial-576B0005451,"RX,5624077,R35,TXB,N16,56,116892,A,1,0.75,0.72,5,U,-91,8.00"
RX,5624558,R35,TXE,N61,54,117379,E,1,0.87,0.84,5.0,U,-73.0,9.25,True,,2026-07-11T15:21:54.994+00:00,/dev/cu.usbserial-576B0005451,"RX,5624558,R35,TXE,N61,54,117379,E,1,0.87,0.84,5,U,-73,9.25"
RX,5624669,R35,TXI,N121,27,117481,G,0,0.93,0.9,5.0,U,-73.0,9.5,True,,2026-07-11T15:21:55.104+00:00,/dev/cu.usbserial-576B0005451,"RX,5624669,R35,TXI,N121,27,117481,G,0,0.93,0.90,5,U,-73,9.50"
RX,5624810,R35,TXA,N01,115,117626,D,1,0.24,0.22,5.0,F,-75.0,9.75,True,,2026-07-11T15:21:55.246+00:00,/dev/cu.usbserial-576B0005451,"RX,5624810,R35,TXA,N01,115,117626,D,1,0.24,0.22,5,F,-75,9.75"
RX,5624951,R35,TXK,N151,58,117763,E,0,0.87,0.84,5.0,U,-70.0,9.75,True,,2026-07-11T15:21:55.386+00:00,/dev/cu.usbserial-576B0005451,"RX,5624951,R35,TXK,N151,58,117763,E,0,0.87,0.84,5,U,-70,9.75"
RX,5625810,R35,TXA,N01,116,118626,E,0,0.87,0.84,5.0,F,-75.0,9.25,True,,2026-07-11T15:21:56.246+00:00,/dev/cu.usbserial-576B0005451,"RX,5625810,R35,TXA,N01,116,118626,E,0,0.87,0.84,5,F,-75,9.25"
RX,5626077,R35,TXB,N16,57,118892,C,1,0.81,0.78,5.0,U,-92.0,7.25,True,,2026-07-11T15:21:56.512+00:00,/dev/cu.usbserial-576B0005451,"RX,5626077,R35,TXB,N16,57,118892,C,1,0.81,0.78,5,U,-92,7.25"
RX,5626558,R35,TXE,N61,55,119379,G,0,0.93,0.9,5.0,U,-74.0,9.5,True,,2026-07-11T15:21:56.994+00:00,/dev/cu.usbserial-576B0005451,"RX,5626558,R35,TXE,N61,55,119379,G,0,0.93,0.90,5,U,-74,9.50"
RX,5626810,R35,TXA,N01,117,119626,F,1,0.28,0.26,5.0,F,-75.0,9.5,True,,2026-07-11T15:21:57.246+00:00,/dev/cu.usbserial-576B0005451,"RX,5626810,R35,TXA,N01,117,119626,F,1,0.28,0.26,5,F,-75,9.50"
RX,5626951,R35,TXK,N151,59,119763,G,1,0.93,0.9,5.0,U,-70.0,9.75,True,,2026-07-11T15:21:57.386+00:00,/dev/cu.usbserial-576B0005451,"RX,5626951,R35,TXK,N151,59,119763,G,1,0.93,0.90,5,U,-70,9.75"
RX,5627310,R35,TXF,N76,28,120131,E,0,0.87,0.84,5.0,U,-73.0,9.75,True,,2026-07-11T15:21:57.745+00:00,/dev/cu.usbserial-576B0005451,"RX,5627310,R35,TXF,N76,28,120131,E,0,0.87,0.84,5,U,-73,9.75"
RX,5627613,R35,TXD,N46,14,120430,G,1,0.93,0.9,5.0,U,-70.0,9.5,True,,2026-07-11T15:21:58.049+00:00,/dev/cu.usbserial-576B0005451,"RX,5627613,R35,TXD,N46,14,120430,G,1,0.93,0.90,5,U,-70,9.50"
RX,5627810,R35,TXA,N01,118,120626,G,1,0.93,0.9,5.0,F,-74.0,9.5,True,,2026-07-11T15:21:58.246+00:00,/dev/cu.usbserial-576B0005451,"RX,5627810,R35,TXA,N01,118,120626,G,1,0.93,0.90,5,F,-74,9.50"
RX,5628077,R35,TXB,N16,58,120892,E,0,0.87,0.84,5.0,U,-92.0,7.25,True,,2026-07-11T15:21:58.512+00:00,/dev/cu.usbserial-576B0005451,"RX,5628077,R35,TXB,N16,58,120892,E,0,0.87,0.84,5,U,-92,7.25"
RX,5628259,R35,TXG,N91,13,121080,G,0,0.93,0.9,5.0,U,-70.0,9.25,True,,2026-07-11T15:21:58.695+00:00,/dev/cu.usbserial-576B0005451,"RX,5628259,R35,TXG,N91,13,121080,G,0,0.93,0.90,5,U,-70,9.25"
RX,5628558,R35,TXE,N61,56,121379,A,1,0.75,0.72,5.0,U,-74.0,9.5,True,,2026-07-11T15:21:58.994+00:00,/dev/cu.usbserial-576B0005451,"RX,5628558,R35,TXE,N61,56,121379,A,1,0.75,0.72,5,U,-74,9.50"
RX,5628810,R35,TXA,N01,119,121626,H,0,0.32,0.3,5.0,F,-75.0,9.25,True,,2026-07-11T15:21:59.245+00:00,/dev/cu.usbserial-576B0005451,"RX,5628810,R35,TXA,N01,119,121626,H,0,0.32,0.30,5,F,-75,9.25"
RX,5628951,R35,TXK,N151,60,121763,A,1,0.75,0.72,5.0,U,-70.0,10.0,True,,2026-07-11T15:21:59.386+00:00,/dev/cu.usbserial-576B0005451,"RX,5628951,R35,TXK,N151,60,121763,A,1,0.75,0.72,5,U,-70,10.00"
RX,5629310,R35,TXF,N76,29,122131,G,1,0.93,0.9,5.0,U,-73.0,9.75,True,,2026-07-11T15:21:59.745+00:00,/dev/cu.usbserial-576B0005451,"RX,5629310,R35,TXF,N76,29,122131,G,1,0.93,0.90,5,U,-73,9.75"
RX,5629468,R35,TXJ,N136,13,122280,G,0,0.93,0.9,5.0,U,-83.0,9.5,True,,2026-07-11T15:21:59.903+00:00,/dev/cu.usbserial-576B0005451,"RX,5629468,R35,TXJ,N136,13,122280,G,0,0.93,0.90,5,U,-83,9.50"
RX,5629564,R35,TXC,N31,28,122381,E,0,0.87,0.84,5.0,U,-75.0,9.75,True,,2026-07-11T15:21:59.999+00:00,/dev/cu.usbserial-576B0005451,"RX,5629564,R35,TXC,N31,28,122381,E,0,0.87,0.84,5,U,-75,9.75"
RX,5629810,R35,TXA,N01,120,122626,A,1,0.75,0.72,5.0,F,-75.0,9.5,True,,2026-07-11T15:22:00.245+00:00,/dev/cu.usbserial-576B0005451,"RX,5629810,R35,TXA,N01,120,122626,A,1,0.75,0.72,5,F,-75,9.50"
RX,5630077,R35,TXB,N16,59,122892,G,1,0.93,0.9,5.0,U,-92.0,7.0,True,,2026-07-11T15:22:00.513+00:00,/dev/cu.usbserial-576B0005451,"RX,5630077,R35,TXB,N16,59,122892,G,1,0.93,0.90,5,U,-92,7.00"
RX,5630558,R35,TXE,N61,57,123379,C,1,0.81,0.78,5.0,U,-73.0,9.25,True,,2026-07-11T15:22:00.994+00:00,/dev/cu.usbserial-576B0005451,"RX,5630558,R35,TXE,N61,57,123379,C,1,0.81,0.78,5,U,-73,9.25"
RX,5630669,R35,TXI,N121,28,123481,E,0,0.87,0.84,5.0,U,-73.0,10.0,True,,2026-07-11T15:22:01.104+00:00,/dev/cu.usbserial-576B0005451,"RX,5630669,R35,TXI,N121,28,123481,E,0,0.87,0.84,5,U,-73,10.00"
RX,5630810,R35,TXA,N01,121,123626,B,1,0.2,0.18,5.0,F,-75.0,9.5,True,,2026-07-11T15:22:01.246+00:00,/dev/cu.usbserial-576B0005451,"RX,5630810,R35,TXA,N01,121,123626,B,1,0.20,0.18,5,F,-75,9.50"
RX,5630951,R35,TXK,N151,61,123763,C,0,0.81,0.78,5.0,U,-71.0,9.5,True,,2026-07-11T15:22:01.386+00:00,/dev/cu.usbserial-576B0005451,"RX,5630951,R35,TXK,N151,61,123763,C,0,0.81,0.78,5,U,-71,9.50"
RX,5631564,R35,TXC,N31,29,124381,G,1,0.93,0.9,5.0,U,-75.0,9.25,True,,2026-07-11T15:22:01.999+00:00,/dev/cu.usbserial-576B0005451,"RX,5631564,R35,TXC,N31,29,124381,G,1,0.93,0.90,5,U,-75,9.25"
RX,5631810,R35,TXA,N01,122,124626,C,0,0.81,0.78,5.0,F,-74.0,9.75,True,,2026-07-11T15:22:02.246+00:00,/dev/cu.usbserial-576B0005451,"RX,5631810,R35,TXA,N01,122,124626,C,0,0.81,0.78,5,F,-74,9.75"
RX,5632077,R35,TXB,N16,60,124892,A,1,0.75,0.72,5.0,U,-93.0,7.25,True,,2026-07-11T15:22:02.512+00:00,/dev/cu.usbserial-576B0005451,"RX,5632077,R35,TXB,N16,60,124892,A,1,0.75,0.72,5,U,-93,7.25"
RX,5632558,R35,TXE,N61,58,125379,E,0,0.87,0.84,5.0,U,-74.0,9.5,True,,2026-07-11T15:22:02.994+00:00,/dev/cu.usbserial-576B0005451,"RX,5632558,R35,TXE,N61,58,125379,E,0,0.87,0.84,5,U,-74,9.50"
RX,5632669,R35,TXI,N121,29,125481,G,1,0.93,0.9,5.0,U,-73.0,9.75,True,,2026-07-11T15:22:03.104+00:00,/dev/cu.usbserial-576B0005451,"RX,5632669,R35,TXI,N121,29,125481,G,1,0.93,0.90,5,U,-73,9.75"
RX,5632810,R35,TXA,N01,123,125626,D,1,0.24,0.22,5.0,F,-74.0,10.25,True,,2026-07-11T15:22:03.246+00:00,/dev/cu.usbserial-576B0005451,"RX,5632810,R35,TXA,N01,123,125626,D,1,0.24,0.22,5,F,-74,10.25"
RX,5632951,R35,TXK,N151,62,125763,E,1,0.87,0.84,5.0,U,-70.0,9.75,True,,2026-07-11T15:22:03.386+00:00,/dev/cu.usbserial-576B0005451,"RX,5632951,R35,TXK,N151,62,125763,E,1,0.87,0.84,5,U,-70,9.75"
RX,5633810,R35,TXA,N01,124,126626,E,1,0.87,0.84,5.0,F,-75.0,9.75,True,,2026-07-11T15:22:04.246+00:00,/dev/cu.usbserial-576B0005451,"RX,5633810,R35,TXA,N01,124,126626,E,1,0.87,0.84,5,F,-75,9.75"
RX,5634077,R35,TXB,N16,61,126892,C,0,0.81,0.78,5.0,U,-92.0,7.5,True,,2026-07-11T15:22:04.512+00:00,/dev/cu.usbserial-576B0005451,"RX,5634077,R35,TXB,N16,61,126892,C,0,0.81,0.78,5,U,-92,7.50"
RX,5634558,R35,TXE,N61,59,127379,G,1,0.93,0.9,5.0,U,-74.0,9.25,True,,2026-07-11T15:22:04.994+00:00,/dev/cu.usbserial-576B0005451,"RX,5634558,R35,TXE,N61,59,127379,G,1,0.93,0.90,5,U,-74,9.25"
RX,5634810,R35,TXA,N01,125,127626,F,0,0.28,0.26,5.0,F,-75.0,9.5,True,,2026-07-11T15:22:05.246+00:00,/dev/cu.usbserial-576B0005451,"RX,5634810,R35,TXA,N01,125,127626,F,0,0.28,0.26,5,F,-75,9.50"
RX,5634951,R35,TXK,N151,63,127763,G,1,0.93,0.9,5.0,U,-70.0,10.0,True,,2026-07-11T15:22:05.386+00:00,/dev/cu.usbserial-576B0005451,"RX,5634951,R35,TXK,N151,63,127763,G,1,0.93,0.90,5,U,-70,10.00"
RX,5635310,R35,TXF,N76,30,128131,E,1,0.87,0.84,5.0,U,-73.0,9.5,True,,2026-07-11T15:22:05.745+00:00,/dev/cu.usbserial-576B0005451,"RX,5635310,R35,TXF,N76,30,128131,E,1,0.87,0.84,5,U,-73,9.50"
RX,5635613,R35,TXD,N46,15,128430,G,1,0.93,0.9,5.0,U,-69.0,9.5,True,,2026-07-11T15:22:06.049+00:00,/dev/cu.usbserial-576B0005451,"RX,5635613,R35,TXD,N46,15,128430,G,1,0.93,0.90,5,U,-69,9.50"
RX,5635810,R35,TXA,N01,126,128626,G,1,0.93,0.9,5.0,F,-75.0,9.5,True,,2026-07-11T15:22:06.246+00:00,/dev/cu.usbserial-576B0005451,"RX,5635810,R35,TXA,N01,126,128626,G,1,0.93,0.90,5,F,-75,9.50"
RX,5636077,R35,TXB,N16,62,128892,E,1,0.87,0.84,5.0,U,-93.0,6.5,True,,2026-07-11T15:22:06.512+00:00,/dev/cu.usbserial-576B0005451,"RX,5636077,R35,TXB,N16,62,128892,E,1,0.87,0.84,5,U,-93,6.50"
RX,5636259,R35,TXG,N91,14,129080,G,1,0.93,0.9,5.0,U,-70.0,9.75,True,,2026-07-11T15:22:06.695+00:00,/dev/cu.usbserial-576B0005451,"RX,5636259,R35,TXG,N91,14,129080,G,1,0.93,0.90,5,U,-70,9.75"
RX,5636558,R35,TXE,N61,60,129379,A,1,0.75,0.72,5.0,U,-74.0,9.0,True,,2026-07-11T15:22:06.994+00:00,/dev/cu.usbserial-576B0005451,"RX,5636558,R35,TXE,N61,60,129379,A,1,0.75,0.72,5,U,-74,9.00"
RX,5636810,R35,TXA,N01,127,129626,H,1,0.32,0.3,5.0,F,-74.0,9.5,True,,2026-07-11T15:22:07.246+00:00,/dev/cu.usbserial-576B0005451,"RX,5636810,R35,TXA,N01,127,129626,H,1,0.32,0.30,5,F,-74,9.50"
RX,5636950,R35,TXK,N151,64,129763,A,1,0.75,0.72,5.0,U,-70.0,9.75,True,,2026-07-11T15:22:07.386+00:00,/dev/cu.usbserial-576B0005451,"RX,5636950,R35,TXK,N151,64,129763,A,1,0.75,0.72,5,U,-70,9.75"
RX,5637310,R35,TXF,N76,31,130131,G,1,0.93,0.9,5.0,U,-73.0,9.5,True,,2026-07-11T15:22:07.745+00:00,/dev/cu.usbserial-576B0005451,"RX,5637310,R35,TXF,N76,31,130131,G,1,0.93,0.90,5,U,-73,9.50"
RX,5637468,R35,TXJ,N136,14,130280,G,1,0.93,0.9,5.0,U,-81.0,9.5,True,,2026-07-11T15:22:07.903+00:00,/dev/cu.usbserial-576B0005451,"RX,5637468,R35,TXJ,N136,14,130280,G,1,0.93,0.90,5,U,-81,9.50"
RX,5637564,R35,TXC,N31,30,130381,E,1,0.87,0.84,5.0,U,-76.0,9.25,True,,2026-07-11T15:22:07.999+00:00,/dev/cu.usbserial-576B0005451,"RX,5637564,R35,TXC,N31,30,130381,E,1,0.87,0.84,5,U,-76,9.25"
RX,5637810,R35,TXA,N01,128,130626,A,1,0.75,0.72,5.0,F,-75.0,9.75,True,,2026-07-11T15:22:08.246+00:00,/dev/cu.usbserial-576B0005451,"RX,5637810,R35,TXA,N01,128,130626,A,1,0.75,0.72,5,F,-75,9.75"
RX,5638077,R35,TXB,N16,63,130892,G,1,0.93,0.9,5.0,U,-93.0,6.5,True,,2026-07-11T15:22:08.512+00:00,/dev/cu.usbserial-576B0005451,"RX,5638077,R35,TXB,N16,63,130892,G,1,0.93,0.90,5,U,-93,6.50"
RX,5638558,R35,TXE,N61,61,131379,C,0,0.81,0.78,5.0,U,-74.0,8.75,True,,2026-07-11T15:22:08.994+00:00,/dev/cu.usbserial-576B0005451,"RX,5638558,R35,TXE,N61,61,131379,C,0,0.81,0.78,5,U,-74,8.75"
RX,5638669,R35,TXI,N121,30,131481,E,1,0.87,0.84,5.0,U,-72.0,9.5,True,,2026-07-11T15:22:09.104+00:00,/dev/cu.usbserial-576B0005451,"RX,5638669,R35,TXI,N121,30,131481,E,1,0.87,0.84,5,U,-72,9.50"
RX,5638810,R35,TXA,N01,129,131626,B,0,0.2,0.18,5.0,F,-75.0,9.5,True,,2026-07-11T15:22:09.247+00:00,/dev/cu.usbserial-576B0005451,"RX,5638810,R35,TXA,N01,129,131626,B,0,0.20,0.18,5,F,-75,9.50"
RX,5638951,R35,TXK,N151,65,131763,C,1,0.81,0.78,5.0,U,-70.0,9.5,True,,2026-07-11T15:22:09.386+00:00,/dev/cu.usbserial-576B0005451,"RX,5638951,R35,TXK,N151,65,131763,C,1,0.81,0.78,5,U,-70,9.50"
RX,5639564,R35,TXC,N31,31,132381,G,1,0.93,0.9,5.0,U,-75.0,9.5,True,,2026-07-11T15:22:09.999+00:00,/dev/cu.usbserial-576B0005451,"RX,5639564,R35,TXC,N31,31,132381,G,1,0.93,0.90,5,U,-75,9.50"
RX,5639810,R35,TXA,N01,130,132626,C,1,0.81,0.78,5.0,F,-74.0,9.25,True,,2026-07-11T15:22:10.246+00:00,/dev/cu.usbserial-576B0005451,"RX,5639810,R35,TXA,N01,130,132626,C,1,0.81,0.78,5,F,-74,9.25"
RX,5640077,R35,TXB,N16,64,132892,A,1,0.75,0.72,5.0,U,-92.0,7.25,True,,2026-07-11T15:22:10.512+00:00,/dev/cu.usbserial-576B0005451,"RX,5640077,R35,TXB,N16,64,132892,A,1,0.75,0.72,5,U,-92,7.25"
RX,5640558,R35,TXE,N61,62,133379,E,1,0.87,0.84,5.0,U,-73.0,9.5,True,,2026-07-11T15:22:10.994+00:00,/dev/cu.usbserial-576B0005451,"RX,5640558,R35,TXE,N61,62,133379,E,1,0.87,0.84,5,U,-73,9.50"
RX,5640669,R35,TXI,N121,31,133481,G,1,0.93,0.9,5.0,U,-73.0,9.75,True,,2026-07-11T15:22:11.104+00:00,/dev/cu.usbserial-576B0005451,"RX,5640669,R35,TXI,N121,31,133481,G,1,0.93,0.90,5,U,-73,9.75"
RX,5640810,R35,TXA,N01,131,133626,D,1,0.24,0.22,5.0,F,-75.0,9.5,True,,2026-07-11T15:22:11.246+00:00,/dev/cu.usbserial-576B0005451,"RX,5640810,R35,TXA,N01,131,133626,D,1,0.24,0.22,5,F,-75,9.50"
RX,5640951,R35,TXK,N151,66,133763,E,0,0.87,0.84,5.0,U,-71.0,9.5,True,,2026-07-11T15:22:11.386+00:00,/dev/cu.usbserial-576B0005451,"RX,5640951,R35,TXK,N151,66,133763,E,0,0.87,0.84,5,U,-71,9.50"
RX,5641810,R35,TXA,N01,132,134626,E,0,0.87,0.84,5.0,F,-75.0,9.5,True,,2026-07-11T15:22:12.246+00:00,/dev/cu.usbserial-576B0005451,"RX,5641810,R35,TXA,N01,132,134626,E,0,0.87,0.84,5,F,-75,9.50"
RX,5642077,R35,TXB,N16,65,134892,C,1,0.81,0.78,5.0,U,-92.0,6.75,True,,2026-07-11T15:22:12.513+00:00,/dev/cu.usbserial-576B0005451,"RX,5642077,R35,TXB,N16,65,134892,C,1,0.81,0.78,5,U,-92,6.75"
RX,5642558,R35,TXE,N61,63,135379,G,1,0.93,0.9,5.0,U,-74.0,8.75,True,,2026-07-11T15:22:12.994+00:00,/dev/cu.usbserial-576B0005451,"RX,5642558,R35,TXE,N61,63,135379,G,1,0.93,0.90,5,U,-74,8.75"
RX,5642810,R35,TXA,N01,133,135626,F,1,0.28,0.26,5.0,F,-74.0,9.75,True,,2026-07-11T15:22:13.246+00:00,/dev/cu.usbserial-576B0005451,"RX,5642810,R35,TXA,N01,133,135626,F,1,0.28,0.26,5,F,-74,9.75"
RX,5642921,R35,TXH,N106,8,135742,G,1,0.93,0.9,5.0,U,-61.0,3.75,True,,2026-07-11T15:22:13.356+00:00,/dev/cu.usbserial-576B0005451,"RX,5642921,R35,TXH,N106,8,135742,G,1,0.93,0.90,5,U,-61,3.75"
RX,5643103,R35,TXL,N166,8,135916,G,1,0.93,0.9,5.0,U,-70.0,9.5,True,,2026-07-11T15:22:13.538+00:00,/dev/cu.usbserial-576B0005451,"RX,5643103,R35,TXL,N166,8,135916,G,1,0.93,0.90,5,U,-70,9.50"
RX,5643310,R35,TXF,N76,32,136131,E,0,0.87,0.84,5.0,U,-74.0,9.5,True,,2026-07-11T15:22:13.746+00:00,/dev/cu.usbserial-576B0005451,"RX,5643310,R35,TXF,N76,32,136131,E,0,0.87,0.84,5,U,-74,9.50"
RX,5643613,R35,TXD,N46,16,136430,G,1,0.93,0.9,5.0,U,-70.0,9.75,True,,2026-07-11T15:22:14.049+00:00,/dev/cu.usbserial-576B0005451,"RX,5643613,R35,TXD,N46,16,136430,G,1,0.93,0.90,5,U,-70,9.75"
RX,5643810,R35,TXA,N01,134,136626,G,1,0.93,0.9,5.0,F,-74.0,9.25,True,,2026-07-11T15:22:14.246+00:00,/dev/cu.usbserial-576B0005451,"RX,5643810,R35,TXA,N01,134,136626,G,1,0.93,0.90,5,F,-74,9.25"
RX,5644077,R35,TXB,N16,66,136892,E,0,0.87,0.84,5.0,U,-91.0,7.75,True,,2026-07-11T15:22:14.512+00:00,/dev/cu.usbserial-576B0005451,"RX,5644077,R35,TXB,N16,66,136892,E,0,0.87,0.84,5,U,-91,7.75"
RX,5644259,R35,TXG,N91,15,137080,G,1,0.93,0.9,5.0,U,-70.0,9.25,True,,2026-07-11T15:22:14.695+00:00,/dev/cu.usbserial-576B0005451,"RX,5644259,R35,TXG,N91,15,137080,G,1,0.93,0.90,5,U,-70,9.25"
RX,5644558,R35,TXE,N61,64,137379,A,1,0.75,0.72,5.0,U,-74.0,9.5,True,,2026-07-11T15:22:14.994+00:00,/dev/cu.usbserial-576B0005451,"RX,5644558,R35,TXE,N61,64,137379,A,1,0.75,0.72,5,U,-74,9.50"
RX,5644810,R35,TXA,N01,135,137626,H,0,0.32,0.3,5.0,F,-75.0,9.75,True,,2026-07-11T15:22:15.246+00:00,/dev/cu.usbserial-576B0005451,"RX,5644810,R35,TXA,N01,135,137626,H,0,0.32,0.30,5,F,-75,9.75"
RX,5644951,R35,TXK,N151,68,137763,A,1,0.75,0.72,5.0,U,-71.0,9.5,True,,2026-07-11T15:22:15.386+00:00,/dev/cu.usbserial-576B0005451,"RX,5644951,R35,TXK,N151,68,137763,A,1,0.75,0.72,5,U,-71,9.50"
RX,5645310,R35,TXF,N76,33,138131,G,1,0.93,0.9,5.0,U,-73.0,9.5,True,,2026-07-11T15:22:15.745+00:00,/dev/cu.usbserial-576B0005451,"RX,5645310,R35,TXF,N76,33,138131,G,1,0.93,0.90,5,U,-73,9.50"
RX,5645468,R35,TXJ,N136,15,138280,G,1,0.93,0.9,5.0,U,-81.0,9.25,True,,2026-07-11T15:22:15.903+00:00,/dev/cu.usbserial-576B0005451,"RX,5645468,R35,TXJ,N136,15,138280,G,1,0.93,0.90,5,U,-81,9.25"
RX,5645564,R35,TXC,N31,32,138381,E,0,0.87,0.84,5.0,U,-76.0,9.5,True,,2026-07-11T15:22:15.999+00:00,/dev/cu.usbserial-576B0005451,"RX,5645564,R35,TXC,N31,32,138381,E,0,0.87,0.84,5,U,-76,9.50"
RX,5645810,R35,TXA,N01,136,138626,A,1,0.75,0.72,5.0,F,-74.0,9.75,True,,2026-07-11T15:22:16.246+00:00,/dev/cu.usbserial-576B0005451,"RX,5645810,R35,TXA,N01,136,138626,A,1,0.75,0.72,5,F,-74,9.75"
RX,5646077,R35,TXB,N16,67,138892,G,1,0.93,0.9,5.0,U,-91.0,7.5,True,,2026-07-11T15:22:16.512+00:00,/dev/cu.usbserial-576B0005451,"RX,5646077,R35,TXB,N16,67,138892,G,1,0.93,0.90,5,U,-91,7.50"
RX,5646558,R35,TXE,N61,65,139379,C,1,0.81,0.78,5.0,U,-73.0,11.0,True,,2026-07-11T15:22:16.994+00:00,/dev/cu.usbserial-576B0005451,"RX,5646558,R35,TXE,N61,65,139379,C,1,0.81,0.78,5,U,-73,11.00"
RX,5646669,R35,TXI,N121,32,139481,E,0,0.87,0.84,5.0,U,-73.0,9.5,True,,2026-07-11T15:22:17.104+00:00,/dev/cu.usbserial-576B0005451,"RX,5646669,R35,TXI,N121,32,139481,E,0,0.87,0.84,5,U,-73,9.50"
RX,5646810,R35,TXA,N01,137,139626,B,1,0.2,0.18,5.0,F,-74.0,9.75,True,,2026-07-11T15:22:17.246+00:00,/dev/cu.usbserial-576B0005451,"RX,5646810,R35,TXA,N01,137,139626,B,1,0.20,0.18,5,F,-74,9.75"
RX,5646951,R35,TXK,N151,69,139763,C,0,0.81,0.78,5.0,U,-71.0,10.75,True,,2026-07-11T15:22:17.386+00:00,/dev/cu.usbserial-576B0005451,"RX,5646951,R35,TXK,N151,69,139763,C,0,0.81,0.78,5,U,-71,10.75"
RX,5647564,R35,TXC,N31,33,140381,G,1,0.93,0.9,5.0,U,-76.0,9.5,True,,2026-07-11T15:22:17.999+00:00,/dev/cu.usbserial-576B0005451,"RX,5647564,R35,TXC,N31,33,140381,G,1,0.93,0.90,5,U,-76,9.50"
RX,5647810,R35,TXA,N01,138,140626,C,0,0.81,0.78,5.0,F,-74.0,9.5,True,,2026-07-11T15:22:18.246+00:00,/dev/cu.usbserial-576B0005451,"RX,5647810,R35,TXA,N01,138,140626,C,0,0.81,0.78,5,F,-74,9.50"
RX,5648077,R35,TXB,N16,68,140892,A,1,0.75,0.72,5.0,U,-91.0,8.0,True,,2026-07-11T15:22:18.512+00:00,/dev/cu.usbserial-576B0005451,"RX,5648077,R35,TXB,N16,68,140892,A,1,0.75,0.72,5,U,-91,8.00"
RX,5648558,R35,TXE,N61,66,141379,E,0,0.87,0.84,5.0,U,-74.0,13.0,True,,2026-07-11T15:22:18.994+00:00,/dev/cu.usbserial-576B0005451,"RX,5648558,R35,TXE,N61,66,141379,E,0,0.87,0.84,5,U,-74,13.00"
RX,5648810,R35,TXA,N01,139,141626,D,1,0.24,0.22,5.0,F,-74.0,9.0,True,,2026-07-11T15:22:19.246+00:00,/dev/cu.usbserial-576B0005451,"RX,5648810,R35,TXA,N01,139,141626,D,1,0.24,0.22,5,F,-74,9.00"
RX,5648951,R35,TXK,N151,70,141763,E,1,0.87,0.84,5.0,U,-70.0,10.0,True,,2026-07-11T15:22:19.386+00:00,/dev/cu.usbserial-576B0005451,"RX,5648951,R35,TXK,N151,70,141763,E,1,0.87,0.84,5,U,-70,10.00"
RX,5649810,R35,TXA,N01,140,142626,E,1,0.87,0.84,5.0,F,-74.0,9.25,True,,2026-07-11T15:22:20.246+00:00,/dev/cu.usbserial-576B0005451,"RX,5649810,R35,TXA,N01,140,142626,E,1,0.87,0.84,5,F,-74,9.25"
RX,5650077,R35,TXB,N16,69,142892,C,0,0.81,0.78,5.0,U,-90.0,7.75,True,,2026-07-11T15:22:20.512+00:00,/dev/cu.usbserial-576B0005451,"RX,5650077,R35,TXB,N16,69,142892,C,0,0.81,0.78,5,U,-90,7.75"
RX,5650558,R35,TXE,N61,67,143379,G,1,0.93,0.9,5.0,U,-74.0,9.75,True,,2026-07-11T15:22:20.994+00:00,/dev/cu.usbserial-576B0005451,"RX,5650558,R35,TXE,N61,67,143379,G,1,0.93,0.90,5,U,-74,9.75"
RX,5650810,R35,TXA,N01,141,143626,F,0,0.28,0.26,5.0,F,-75.0,9.0,True,,2026-07-11T15:22:21.246+00:00,/dev/cu.usbserial-576B0005451,"RX,5650810,R35,TXA,N01,141,143626,F,0,0.28,0.26,5,F,-75,9.00"
RX,5650921,R35,TXH,N106,9,143742,G,1,0.93,0.9,5.0,U,-61.0,4.75,True,,2026-07-11T15:22:21.356+00:00,/dev/cu.usbserial-576B0005451,"RX,5650921,R35,TXH,N106,9,143742,G,1,0.93,0.90,5,U,-61,4.75"
RX,5651103,R35,TXL,N166,9,143916,G,1,0.93,0.9,5.0,U,-71.0,9.75,True,,2026-07-11T15:22:21.539+00:00,/dev/cu.usbserial-576B0005451,"RX,5651103,R35,TXL,N166,9,143916,G,1,0.93,0.90,5,U,-71,9.75"
RX,5651310,R35,TXF,N76,34,144131,E,1,0.87,0.84,5.0,U,-73.0,9.5,True,,2026-07-11T15:22:21.745+00:00,/dev/cu.usbserial-576B0005451,"RX,5651310,R35,TXF,N76,34,144131,E,1,0.87,0.84,5,U,-73,9.50"
RX,5651613,R35,TXD,N46,17,144430,G,1,0.93,0.9,5.0,U,-70.0,9.25,True,,2026-07-11T15:22:22.050+00:00,/dev/cu.usbserial-576B0005451,"RX,5651613,R35,TXD,N46,17,144430,G,1,0.93,0.90,5,U,-70,9.25"
RX,5651810,R35,TXA,N01,142,144626,G,1,0.93,0.9,5.0,F,-74.0,9.75,True,,2026-07-11T15:22:22.246+00:00,/dev/cu.usbserial-576B0005451,"RX,5651810,R35,TXA,N01,142,144626,G,1,0.93,0.90,5,F,-74,9.75"
RX,5652077,R35,TXB,N16,70,144892,E,1,0.87,0.84,5.0,U,-90.0,8.0,True,,2026-07-11T15:22:22.513+00:00,/dev/cu.usbserial-576B0005451,"RX,5652077,R35,TXB,N16,70,144892,E,1,0.87,0.84,5,U,-90,8.00"
RX,5652259,R35,TXG,N91,16,145080,G,1,0.93,0.9,5.0,U,-70.0,9.5,True,,2026-07-11T15:22:22.695+00:00,/dev/cu.usbserial-576B0005451,"RX,5652259,R35,TXG,N91,16,145080,G,1,0.93,0.90,5,U,-70,9.50"
RX,5652558,R35,TXE,N61,68,145379,A,1,0.75,0.72,5.0,U,-74.0,9.25,True,,2026-07-11T15:22:22.994+00:00,/dev/cu.usbserial-576B0005451,"RX,5652558,R35,TXE,N61,68,145379,A,1,0.75,0.72,5,U,-74,9.25"
RX,5652810,R35,TXA,N01,143,145626,H,1,0.32,0.3,5.0,F,-74.0,9.25,True,,2026-07-11T15:22:23.246+00:00,/dev/cu.usbserial-576B0005451,"RX,5652810,R35,TXA,N01,143,145626,H,1,0.32,0.30,5,F,-74,9.25"
RX,5652951,R35,TXK,N151,72,145763,A,0,0.75,0.72,5.0,U,-71.0,9.25,True,,2026-07-11T15:22:23.386+00:00,/dev/cu.usbserial-576B0005451,"RX,5652951,R35,TXK,N151,72,145763,A,0,0.75,0.72,5,U,-71,9.25"
RX,5653310,R35,TXF,N76,35,146131,G,1,0.93,0.9,5.0,U,-75.0,9.5,True,,2026-07-11T15:22:23.746+00:00,/dev/cu.usbserial-576B0005451,"RX,5653310,R35,TXF,N76,35,146131,G,1,0.93,0.90,5,U,-75,9.50"
RX,5653468,R35,TXJ,N136,16,146280,G,1,0.93,0.9,5.0,U,-81.0,9.5,True,,2026-07-11T15:22:23.904+00:00,/dev/cu.usbserial-576B0005451,"RX,5653468,R35,TXJ,N136,16,146280,G,1,0.93,0.90,5,U,-81,9.50"
RX,5653564,R35,TXC,N31,34,146381,E,1,0.87,0.84,5.0,U,-78.0,9.75,True,,2026-07-11T15:22:24.000+00:00,/dev/cu.usbserial-576B0005451,"RX,5653564,R35,TXC,N31,34,146381,E,1,0.87,0.84,5,U,-78,9.75"
RX,5653810,R35,TXA,N01,144,146626,A,0,0.75,0.72,5.0,F,-74.0,9.75,True,,2026-07-11T15:22:24.246+00:00,/dev/cu.usbserial-576B0005451,"RX,5653810,R35,TXA,N01,144,146626,A,0,0.75,0.72,5,F,-74,9.75"
RX,5654077,R35,TXB,N16,71,146892,G,1,0.93,0.9,5.0,U,-92.0,7.5,True,,2026-07-11T15:22:24.513+00:00,/dev/cu.usbserial-576B0005451,"RX,5654077,R35,TXB,N16,71,146892,G,1,0.93,0.90,5,U,-92,7.50"
RX,5654558,R35,TXE,N61,69,147379,C,0,0.81,0.78,5.0,U,-73.0,11.0,True,,2026-07-11T15:22:24.994+00:00,/dev/cu.usbserial-576B0005451,"RX,5654558,R35,TXE,N61,69,147379,C,0,0.81,0.78,5,U,-73,11.00"
RX,5654669,R35,TXI,N121,34,147481,E,1,0.87,0.84,5.0,U,-73.0,9.5,True,,2026-07-11T15:22:25.104+00:00,/dev/cu.usbserial-576B0005451,"RX,5654669,R35,TXI,N121,34,147481,E,1,0.87,0.84,5,U,-73,9.50"
RX,5654810,R35,TXA,N01,145,147626,B,1,0.2,0.18,5.0,F,-75.0,9.5,True,,2026-07-11T15:22:25.246+00:00,/dev/cu.usbserial-576B0005451,"RX,5654810,R35,TXA,N01,145,147626,B,1,0.20,0.18,5,F,-75,9.50"
RX,5654950,R35,TXK,N151,73,147763,C,1,0.81,0.78,5.0,U,-71.0,9.5,True,,2026-07-11T15:22:25.386+00:00,/dev/cu.usbserial-576B0005451,"RX,5654950,R35,TXK,N151,73,147763,C,1,0.81,0.78,5,U,-71,9.50"
RX,5655564,R35,TXC,N31,35,148381,G,1,0.93,0.9,5.0,U,-76.0,9.5,True,,2026-07-11T15:22:26.000+00:00,/dev/cu.usbserial-576B0005451,"RX,5655564,R35,TXC,N31,35,148381,G,1,0.93,0.90,5,U,-76,9.50"
RX,5655810,R35,TXA,N01,146,148626,C,1,0.81,0.78,5.0,F,-74.0,9.5,True,,2026-07-11T15:22:26.246+00:00,/dev/cu.usbserial-576B0005451,"RX,5655810,R35,TXA,N01,146,148626,C,1,0.81,0.78,5,F,-74,9.50"
RX,5656077,R35,TXB,N16,72,148892,A,0,0.75,0.72,5.0,U,-92.0,7.5,True,,2026-07-11T15:22:26.513+00:00,/dev/cu.usbserial-576B0005451,"RX,5656077,R35,TXB,N16,72,148892,A,0,0.75,0.72,5,U,-92,7.50"
RX,5656558,R35,TXE,N61,70,149379,E,1,0.87,0.84,5.0,U,-74.0,9.5,True,,2026-07-11T15:22:26.994+00:00,/dev/cu.usbserial-576B0005451,"RX,5656558,R35,TXE,N61,70,149379,E,1,0.87,0.84,5,U,-74,9.50"
RX,5656669,R35,TXI,N121,35,149481,G,1,0.93,0.9,5.0,U,-74.0,9.25,True,,2026-07-11T15:22:27.104+00:00,/dev/cu.usbserial-576B0005451,"RX,5656669,R35,TXI,N121,35,149481,G,1,0.93,0.90,5,U,-74,9.25"
RX,5656810,R35,TXA,N01,147,149626,D,0,0.24,0.22,5.0,F,-75.0,9.75,True,,2026-07-11T15:22:27.246+00:00,/dev/cu.usbserial-576B0005451,"RX,5656810,R35,TXA,N01,147,149626,D,0,0.24,0.22,5,F,-75,9.75"
RX,5656951,R35,TXK,N151,74,149763,E,1,0.87,0.84,5.0,U,-70.0,11.75,True,,2026-07-11T15:22:27.386+00:00,/dev/cu.usbserial-576B0005451,"RX,5656951,R35,TXK,N151,74,149763,E,1,0.87,0.84,5,U,-70,11.75"
RX,5657810,R35,TXA,N01,148,150626,E,1,0.87,0.84,5.0,F,-75.0,9.25,True,,2026-07-11T15:22:28.246+00:00,/dev/cu.usbserial-576B0005451,"RX,5657810,R35,TXA,N01,148,150626,E,1,0.87,0.84,5,F,-75,9.25"
RX,5658077,R35,TXB,N16,73,150892,C,1,0.81,0.78,5.0,U,-91.0,7.5,True,,2026-07-11T15:22:28.513+00:00,/dev/cu.usbserial-576B0005451,"RX,5658077,R35,TXB,N16,73,150892,C,1,0.81,0.78,5,U,-91,7.50"
RX,5658558,R35,TXE,N61,71,151379,G,1,0.93,0.9,5.0,U,-73.0,9.5,True,,2026-07-11T15:22:28.994+00:00,/dev/cu.usbserial-576B0005451,"RX,5658558,R35,TXE,N61,71,151379,G,1,0.93,0.90,5,U,-73,9.50"
RX,5658810,R35,TXA,N01,149,151626,F,1,0.28,0.26,5.0,F,-75.0,10.0,True,,2026-07-11T15:22:29.246+00:00,/dev/cu.usbserial-576B0005451,"RX,5658810,R35,TXA,N01,149,151626,F,1,0.28,0.26,5,F,-75,10.00"
RX,5658921,R35,TXH,N106,10,151742,G,0,0.93,0.9,5.0,U,-62.0,3.75,True,,2026-07-11T15:22:29.357+00:00,/dev/cu.usbserial-576B0005451,"RX,5658921,R35,TXH,N106,10,151742,G,0,0.93,0.90,5,U,-62,3.75"
RX,5659103,R35,TXL,N166,10,151916,G,0,0.93,0.9,5.0,U,-70.0,9.75,True,,2026-07-11T15:22:29.539+00:00,/dev/cu.usbserial-576B0005451,"RX,5659103,R35,TXL,N166,10,151916,G,0,0.93,0.90,5,U,-70,9.75"
RX,5659310,R35,TXF,N76,36,152131,E,1,0.87,0.84,5.0,U,-73.0,9.5,True,,2026-07-11T15:22:29.746+00:00,/dev/cu.usbserial-576B0005451,"RX,5659310,R35,TXF,N76,36,152131,E,1,0.87,0.84,5,U,-73,9.50"
RX,5659613,R35,TXD,N46,18,152430,G,0,0.93,0.9,5.0,U,-71.0,9.5,True,,2026-07-11T15:22:30.049+00:00,/dev/cu.usbserial-576B0005451,"RX,5659613,R35,TXD,N46,18,152430,G,0,0.93,0.90,5,U,-71,9.50"
RX,5659810,R35,TXA,N01,150,152626,G,0,0.93,0.9,5.0,F,-74.0,9.25,True,,2026-07-11T15:22:30.246+00:00,/dev/cu.usbserial-576B0005451,"RX,5659810,R35,TXA,N01,150,152626,G,0,0.93,0.90,5,F,-74,9.25"
RX,5660077,R35,TXB,N16,74,152892,E,1,0.87,0.84,5.0,U,-91.0,7.75,True,,2026-07-11T15:22:30.513+00:00,/dev/cu.usbserial-576B0005451,"RX,5660077,R35,TXB,N16,74,152892,E,1,0.87,0.84,5,U,-91,7.75"
RX,5660259,R35,TXG,N91,17,153080,G,1,0.93,0.9,5.0,U,-70.0,9.5,True,,2026-07-11T15:22:30.695+00:00,/dev/cu.usbserial-576B0005451,"RX,5660259,R35,TXG,N91,17,153080,G,1,0.93,0.90,5,U,-70,9.50"
RX,5660558,R35,TXE,N61,72,153379,A,0,0.75,0.72,5.0,U,-74.0,9.0,True,,2026-07-11T15:22:30.994+00:00,/dev/cu.usbserial-576B0005451,"RX,5660558,R35,TXE,N61,72,153379,A,0,0.75,0.72,5,U,-74,9.00"
RX,5660810,R35,TXA,N01,151,153626,H,1,0.32,0.3,5.0,F,-74.0,9.5,True,,2026-07-11T15:22:31.246+00:00,/dev/cu.usbserial-576B0005451,"RX,5660810,R35,TXA,N01,151,153626,H,1,0.32,0.30,5,F,-74,9.50"
RX,5660951,R35,TXK,N151,76,153763,A,1,0.75,0.72,5.0,U,-71.0,10.25,True,,2026-07-11T15:22:31.386+00:00,/dev/cu.usbserial-576B0005451,"RX,5660951,R35,TXK,N151,76,153763,A,1,0.75,0.72,5,U,-71,10.25"
RX,5661310,R35,TXF,N76,37,154131,G,0,0.93,0.9,5.0,U,-73.0,10.0,True,,2026-07-11T15:22:31.746+00:00,/dev/cu.usbserial-576B0005451,"RX,5661310,R35,TXF,N76,37,154131,G,0,0.93,0.90,5,U,-73,10.00"
RX,5661468,R35,TXJ,N136,17,154280,G,1,0.93,0.9,5.0,U,-81.0,9.5,True,,2026-07-11T15:22:31.904+00:00,/dev/cu.usbserial-576B0005451,"RX,5661468,R35,TXJ,N136,17,154280,G,1,0.93,0.90,5,U,-81,9.50"
RX,5661564,R35,TXC,N31,36,154381,E,1,0.87,0.84,5.0,U,-76.0,9.25,True,,2026-07-11T15:22:32.000+00:00,/dev/cu.usbserial-576B0005451,"RX,5661564,R35,TXC,N31,36,154381,E,1,0.87,0.84,5,U,-76,9.25"
RX,5661810,R35,TXA,N01,152,154626,A,1,0.75,0.72,5.0,F,-74.0,9.75,True,,2026-07-11T15:22:32.246+00:00,/dev/cu.usbserial-576B0005451,"RX,5661810,R35,TXA,N01,152,154626,A,1,0.75,0.72,5,F,-74,9.75"
RX,5662077,R35,TXB,N16,75,154892,G,0,0.93,0.9,5.0,U,-91.0,8.0,True,,2026-07-11T15:22:32.513+00:00,/dev/cu.usbserial-576B0005451,"RX,5662077,R35,TXB,N16,75,154892,G,0,0.93,0.90,5,U,-91,8.00"
RX,5662558,R35,TXE,N61,73,155379,C,1,0.81,0.78,5.0,U,-74.0,9.25,True,,2026-07-11T15:22:32.994+00:00,/dev/cu.usbserial-576B0005451,"RX,5662558,R35,TXE,N61,73,155379,C,1,0.81,0.78,5,U,-74,9.25"
RX,5662669,R35,TXI,N121,36,155481,E,1,0.87,0.84,5.0,U,-73.0,9.75,True,,2026-07-11T15:22:33.104+00:00,/dev/cu.usbserial-576B0005451,"RX,5662669,R35,TXI,N121,36,155481,E,1,0.87,0.84,5,U,-73,9.75"
RX,5662810,R35,TXA,N01,153,155626,B,0,0.2,0.18,5.0,F,-75.0,9.75,True,,2026-07-11T15:22:33.246+00:00,/dev/cu.usbserial-576B0005451,"RX,5662810,R35,TXA,N01,153,155626,B,0,0.20,0.18,5,F,-75,9.75"
RX,5662951,R35,TXK,N151,77,155763,C,1,0.81,0.78,5.0,U,-70.0,9.75,True,,2026-07-11T15:22:33.386+00:00,/dev/cu.usbserial-576B0005451,"RX,5662951,R35,TXK,N151,77,155763,C,1,0.81,0.78,5,U,-70,9.75"
RX,5663564,R35,TXC,N31,37,156381,G,0,0.93,0.9,5.0,U,-75.0,9.75,True,,2026-07-11T15:22:34.000+00:00,/dev/cu.usbserial-576B0005451,"RX,5663564,R35,TXC,N31,37,156381,G,0,0.93,0.90,5,U,-75,9.75"
RX,5663810,R35,TXA,N01,154,156626,C,1,0.81,0.78,5.0,F,-75.0,9.75,True,,2026-07-11T15:22:34.246+00:00,/dev/cu.usbserial-576B0005451,"RX,5663810,R35,TXA,N01,154,156626,C,1,0.81,0.78,5,F,-75,9.75"
RX,5664077,R35,TXB,N16,76,156892,A,1,0.75,0.72,5.0,U,-92.0,7.0,True,,2026-07-11T15:22:34.512+00:00,/dev/cu.usbserial-576B0005451,"RX,5664077,R35,TXB,N16,76,156892,A,1,0.75,0.72,5,U,-92,7.00"
RX,5664558,R35,TXE,N61,74,157379,E,1,0.87,0.84,5.0,U,-74.0,10.5,True,,2026-07-11T15:22:34.994+00:00,/dev/cu.usbserial-576B0005451,"RX,5664558,R35,TXE,N61,74,157379,E,1,0.87,0.84,5,U,-74,10.50"
RX,5664669,R35,TXI,N121,37,157481,G,0,0.93,0.9,5.0,U,-73.0,9.5,True,,2026-07-11T15:22:35.105+00:00,/dev/cu.usbserial-576B0005451,"RX,5664669,R35,TXI,N121,37,157481,G,0,0.93,0.90,5,U,-73,9.50"
RX,5664951,R35,TXK,N151,78,157763,E,0,0.87,0.84,5.0,U,-70.0,9.75,True,,2026-07-11T15:22:35.386+00:00,/dev/cu.usbserial-576B0005451,"RX,5664951,R35,TXK,N151,78,157763,E,0,0.87,0.84,5,U,-70,9.75"
RX,5665810,R35,TXA,N01,156,158626,E,0,0.87,0.84,5.0,F,-74.0,9.5,True,,2026-07-11T15:22:36.246+00:00,/dev/cu.usbserial-576B0005451,"RX,5665810,R35,TXA,N01,156,158626,E,0,0.87,0.84,5,F,-74,9.50"
RX,5666077,R35,TXB,N16,77,158892,C,1,0.81,0.78,5.0,U,-92.0,7.5,True,,2026-07-11T15:22:36.513+00:00,/dev/cu.usbserial-576B0005451,"RX,5666077,R35,TXB,N16,77,158892,C,1,0.81,0.78,5,U,-92,7.50"
RX,5666558,R35,TXE,N61,75,159379,G,0,0.93,0.9,5.0,U,-73.0,9.25,True,,2026-07-11T15:22:36.994+00:00,/dev/cu.usbserial-576B0005451,"RX,5666558,R35,TXE,N61,75,159379,G,0,0.93,0.90,5,U,-73,9.25"
RX,5666810,R35,TXA,N01,157,159626,F,1,0.28,0.26,5.0,F,-75.0,9.75,True,,2026-07-11T15:22:37.246+00:00,/dev/cu.usbserial-576B0005451,"RX,5666810,R35,TXA,N01,157,159626,F,1,0.28,0.26,5,F,-75,9.75"
RX,5666921,R35,TXH,N106,11,159742,G,1,0.93,0.9,5.0,U,-61.0,4.0,True,,2026-07-11T15:22:37.357+00:00,/dev/cu.usbserial-576B0005451,"RX,5666921,R35,TXH,N106,11,159742,G,1,0.93,0.90,5,U,-61,4.00"
RX,5667103,R35,TXL,N166,11,159916,G,1,0.93,0.9,5.0,U,-70.0,9.5,True,,2026-07-11T15:22:37.539+00:00,/dev/cu.usbserial-576B0005451,"RX,5667103,R35,TXL,N166,11,159916,G,1,0.93,0.90,5,U,-70,9.50"
RX,5667310,R35,TXF,N76,38,160131,E,0,0.87,0.84,5.0,U,-74.0,9.25,True,,2026-07-11T15:22:37.746+00:00,/dev/cu.usbserial-576B0005451,"RX,5667310,R35,TXF,N76,38,160131,E,0,0.87,0.84,5,U,-74,9.25"
RX,5667613,R35,TXD,N46,19,160430,G,1,0.93,0.9,5.0,U,-71.0,9.5,True,,2026-07-11T15:22:38.049+00:00,/dev/cu.usbserial-576B0005451,"RX,5667613,R35,TXD,N46,19,160430,G,1,0.93,0.90,5,U,-71,9.50"
RX,5667810,R35,TXA,N01,158,160626,G,1,0.93,0.9,5.0,F,-75.0,9.5,True,,2026-07-11T15:22:38.246+00:00,/dev/cu.usbserial-576B0005451,"RX,5667810,R35,TXA,N01,158,160626,G,1,0.93,0.90,5,F,-75,9.50"
RX,5668077,R35,TXB,N16,78,160892,E,0,0.87,0.84,5.0,U,-90.0,8.0,True,,2026-07-11T15:22:38.513+00:00,/dev/cu.usbserial-576B0005451,"RX,5668077,R35,TXB,N16,78,160892,E,0,0.87,0.84,5,U,-90,8.00"
RX,5668259,R35,TXG,N91,18,161080,G,0,0.93,0.9,5.0,U,-70.0,9.75,True,,2026-07-11T15:22:38.695+00:00,/dev/cu.usbserial-576B0005451,"RX,5668259,R35,TXG,N91,18,161080,G,0,0.93,0.90,5,U,-70,9.75"
RX,5668558,R35,TXE,N61,76,161379,A,1,0.75,0.72,5.0,U,-74.0,9.25,True,,2026-07-11T15:22:38.994+00:00,/dev/cu.usbserial-576B0005451,"RX,5668558,R35,TXE,N61,76,161379,A,1,0.75,0.72,5,U,-74,9.25"
RX,5668810,R35,TXA,N01,159,161626,H,0,0.32,0.3,5.0,F,-74.0,9.75,True,,2026-07-11T15:22:39.246+00:00,/dev/cu.usbserial-576B0005451,"RX,5668810,R35,TXA,N01,159,161626,H,0,0.32,0.30,5,F,-74,9.75"
RX,5668951,R35,TXK,N151,80,161763,A,1,0.75,0.72,5.0,U,-71.0,9.75,True,,2026-07-11T15:22:39.386+00:00,/dev/cu.usbserial-576B0005451,"RX,5668951,R35,TXK,N151,80,161763,A,1,0.75,0.72,5,U,-71,9.75"
RX,5669310,R35,TXF,N76,39,162131,G,1,0.93,0.9,5.0,U,-73.0,9.25,True,,2026-07-11T15:22:39.746+00:00,/dev/cu.usbserial-576B0005451,"RX,5669310,R35,TXF,N76,39,162131,G,1,0.93,0.90,5,U,-73,9.25"
RX,5669468,R35,TXJ,N136,18,162280,G,0,0.93,0.9,5.0,U,-82.0,9.5,True,,2026-07-11T15:22:39.904+00:00,/dev/cu.usbserial-576B0005451,"RX,5669468,R35,TXJ,N136,18,162280,G,0,0.93,0.90,5,U,-82,9.50"
RX,5669564,R35,TXC,N31,38,162381,E,0,0.87,0.84,5.0,U,-75.0,9.75,True,,2026-07-11T15:22:40.000+00:00,/dev/cu.usbserial-576B0005451,"RX,5669564,R35,TXC,N31,38,162381,E,0,0.87,0.84,5,U,-75,9.75"
RX,5669810,R35,TXA,N01,160,162626,A,1,0.75,0.72,5.0,F,-75.0,9.75,True,,2026-07-11T15:22:40.246+00:00,/dev/cu.usbserial-576B0005451,"RX,5669810,R35,TXA,N01,160,162626,A,1,0.75,0.72,5,F,-75,9.75"
RX,5670077,R35,TXB,N16,79,162892,G,1,0.93,0.9,5.0,U,-91.0,7.5,True,,2026-07-11T15:22:40.513+00:00,/dev/cu.usbserial-576B0005451,"RX,5670077,R35,TXB,N16,79,162892,G,1,0.93,0.90,5,U,-91,7.50"
RX,5670558,R35,TXE,N61,77,163379,C,1,0.81,0.78,5.0,U,-73.0,9.0,True,,2026-07-11T15:22:40.994+00:00,/dev/cu.usbserial-576B0005451,"RX,5670558,R35,TXE,N61,77,163379,C,1,0.81,0.78,5,U,-73,9.00"
RX,5670669,R35,TXI,N121,38,163481,E,0,0.87,0.84,5.0,U,-72.0,9.75,True,,2026-07-11T15:22:41.105+00:00,/dev/cu.usbserial-576B0005451,"RX,5670669,R35,TXI,N121,38,163481,E,0,0.87,0.84,5,U,-72,9.75"
RX,5670810,R35,TXA,N01,161,163626,B,1,0.2,0.18,5.0,F,-75.0,10.25,True,,2026-07-11T15:22:41.246+00:00,/dev/cu.usbserial-576B0005451,"RX,5670810,R35,TXA,N01,161,163626,B,1,0.20,0.18,5,F,-75,10.25"
RX,5670951,R35,TXK,N151,81,163763,C,0,0.81,0.78,5.0,U,-71.0,9.25,True,,2026-07-11T15:22:41.386+00:00,/dev/cu.usbserial-576B0005451,"RX,5670951,R35,TXK,N151,81,163763,C,0,0.81,0.78,5,U,-71,9.25"
RX,5671564,R35,TXC,N31,39,164381,G,1,0.93,0.9,5.0,U,-75.0,10.0,True,,2026-07-11T15:22:42.000+00:00,/dev/cu.usbserial-576B0005451,"RX,5671564,R35,TXC,N31,39,164381,G,1,0.93,0.90,5,U,-75,10.00"
RX,5671810,R35,TXA,N01,162,164626,C,0,0.81,0.78,5.0,F,-75.0,9.5,True,,2026-07-11T15:22:42.246+00:00,/dev/cu.usbserial-576B0005451,"RX,5671810,R35,TXA,N01,162,164626,C,0,0.81,0.78,5,F,-75,9.50"
RX,5672077,R35,TXB,N16,80,164892,A,1,0.75,0.72,5.0,U,-91.0,7.75,True,,2026-07-11T15:22:42.513+00:00,/dev/cu.usbserial-576B0005451,"RX,5672077,R35,TXB,N16,80,164892,A,1,0.75,0.72,5,U,-91,7.75"
RX,5672558,R35,TXE,N61,78,165379,E,0,0.87,0.84,5.0,U,-73.0,9.25,True,,2026-07-11T15:22:42.994+00:00,/dev/cu.usbserial-576B0005451,"RX,5672558,R35,TXE,N61,78,165379,E,0,0.87,0.84,5,U,-73,9.25"
RX,5672669,R35,TXI,N121,39,165481,G,1,0.93,0.9,5.0,U,-72.0,9.5,True,,2026-07-11T15:22:43.105+00:00,/dev/cu.usbserial-576B0005451,"RX,5672669,R35,TXI,N121,39,165481,G,1,0.93,0.90,5,U,-72,9.50"
RX,5672810,R35,TXA,N01,163,165626,D,1,0.24,0.22,5.0,F,-75.0,9.75,True,,2026-07-11T15:22:43.246+00:00,/dev/cu.usbserial-576B0005451,"RX,5672810,R35,TXA,N01,163,165626,D,1,0.24,0.22,5,F,-75,9.75"
RX,5672950,R35,TXK,N151,82,165763,E,1,0.87,0.84,5.0,U,-71.0,10.0,True,,2026-07-11T15:22:43.387+00:00,/dev/cu.usbserial-576B0005451,"RX,5672950,R35,TXK,N151,82,165763,E,1,0.87,0.84,5,U,-71,10.00"
RX,5673810,R35,TXA,N01,164,166626,E,1,0.87,0.84,5.0,F,-74.0,9.5,True,,2026-07-11T15:22:44.246+00:00,/dev/cu.usbserial-576B0005451,"RX,5673810,R35,TXA,N01,164,166626,E,1,0.87,0.84,5,F,-74,9.50"
RX,5674077,R35,TXB,N16,81,166892,C,0,0.81,0.78,5.0,U,-91.0,7.5,True,,2026-07-11T15:22:44.513+00:00,/dev/cu.usbserial-576B0005451,"RX,5674077,R35,TXB,N16,81,166892,C,0,0.81,0.78,5,U,-91,7.50"
RX,5674558,R35,TXE,N61,79,167379,G,1,0.93,0.9,5.0,U,-74.0,9.0,True,,2026-07-11T15:22:44.994+00:00,/dev/cu.usbserial-576B0005451,"RX,5674558,R35,TXE,N61,79,167379,G,1,0.93,0.90,5,U,-74,9.00"
RX,5674810,R35,TXA,N01,165,167626,F,0,0.28,0.26,5.0,F,-75.0,9.25,True,,2026-07-11T15:22:45.246+00:00,/dev/cu.usbserial-576B0005451,"RX,5674810,R35,TXA,N01,165,167626,F,0,0.28,0.26,5,F,-75,9.25"
RX,5674951,R35,TXK,N151,83,167763,G,1,0.93,0.9,5.0,U,-70.0,9.5,True,,2026-07-11T15:22:45.387+00:00,/dev/cu.usbserial-576B0005451,"RX,5674951,R35,TXK,N151,83,167763,G,1,0.93,0.90,5,U,-70,9.50"
RX,5675310,R35,TXF,N76,40,168131,E,1,0.87,0.84,5.0,U,-73.0,9.5,True,,2026-07-11T15:22:45.746+00:00,/dev/cu.usbserial-576B0005451,"RX,5675310,R35,TXF,N76,40,168131,E,1,0.87,0.84,5,U,-73,9.50"
RX,5675613,R35,TXD,N46,20,168430,G,1,0.93,0.9,5.0,U,-70.0,9.25,True,,2026-07-11T15:22:46.049+00:00,/dev/cu.usbserial-576B0005451,"RX,5675613,R35,TXD,N46,20,168430,G,1,0.93,0.90,5,U,-70,9.25"
RX,5675810,R35,TXA,N01,166,168626,G,1,0.93,0.9,5.0,F,-74.0,9.5,True,,2026-07-11T15:22:46.246+00:00,/dev/cu.usbserial-576B0005451,"RX,5675810,R35,TXA,N01,166,168626,G,1,0.93,0.90,5,F,-74,9.50"
RX,5676077,R35,TXB,N16,82,168892,E,1,0.87,0.84,5.0,U,-93.0,7.0,True,,2026-07-11T15:22:46.513+00:00,/dev/cu.usbserial-576B0005451,"RX,5676077,R35,TXB,N16,82,168892,E,1,0.87,0.84,5,U,-93,7.00"
RX,5676259,R35,TXG,N91,19,169080,G,1,0.93,0.9,5.0,U,-70.0,9.75,True,,2026-07-11T15:22:46.695+00:00,/dev/cu.usbserial-576B0005451,"RX,5676259,R35,TXG,N91,19,169080,G,1,0.93,0.90,5,U,-70,9.75"
RX,5676558,R35,TXE,N61,80,169379,A,1,0.75,0.72,5.0,U,-74.0,9.0,True,,2026-07-11T15:22:46.994+00:00,/dev/cu.usbserial-576B0005451,"RX,5676558,R35,TXE,N61,80,169379,A,1,0.75,0.72,5,U,-74,9.00"
RX,5676810,R35,TXA,N01,167,169626,H,1,0.32,0.3,5.0,F,-75.0,9.75,True,,2026-07-11T15:22:47.246+00:00,/dev/cu.usbserial-576B0005451,"RX,5676810,R35,TXA,N01,167,169626,H,1,0.32,0.30,5,F,-75,9.75"
RX,5676951,R35,TXK,N151,84,169763,A,0,0.75,0.72,5.0,U,-70.0,10.0,True,,2026-07-11T15:22:47.387+00:00,/dev/cu.usbserial-576B0005451,"RX,5676951,R35,TXK,N151,84,169763,A,0,0.75,0.72,5,U,-70,10.00"
RX,5677310,R35,TXF,N76,41,170131,G,1,0.93,0.9,5.0,U,-74.0,9.25,True,,2026-07-11T15:22:47.746+00:00,/dev/cu.usbserial-576B0005451,"RX,5677310,R35,TXF,N76,41,170131,G,1,0.93,0.90,5,U,-74,9.25"
RX,5677468,R35,TXJ,N136,19,170280,G,1,0.93,0.9,5.0,U,-81.0,10.0,True,,2026-07-11T15:22:47.904+00:00,/dev/cu.usbserial-576B0005451,"RX,5677468,R35,TXJ,N136,19,170280,G,1,0.93,0.90,5,U,-81,10.00"
RX,5677564,R35,TXC,N31,40,170381,E,1,0.87,0.84,5.0,U,-75.0,9.5,True,,2026-07-11T15:22:48.000+00:00,/dev/cu.usbserial-576B0005451,"RX,5677564,R35,TXC,N31,40,170381,E,1,0.87,0.84,5,U,-75,9.50"
RX,5677810,R35,TXA,N01,168,170626,A,0,0.75,0.72,5.0,F,-75.0,9.5,True,,2026-07-11T15:22:48.246+00:00,/dev/cu.usbserial-576B0005451,"RX,5677810,R35,TXA,N01,168,170626,A,0,0.75,0.72,5,F,-75,9.50"
RX,5678077,R35,TXB,N16,83,170892,G,1,0.93,0.9,5.0,U,-93.0,7.0,True,,2026-07-11T15:22:48.513+00:00,/dev/cu.usbserial-576B0005451,"RX,5678077,R35,TXB,N16,83,170892,G,1,0.93,0.90,5,U,-93,7.00"
RX,5678558,R35,TXE,N61,81,171379,C,0,0.81,0.78,5.0,U,-73.0,9.75,True,,2026-07-11T15:22:48.994+00:00,/dev/cu.usbserial-576B0005451,"RX,5678558,R35,TXE,N61,81,171379,C,0,0.81,0.78,5,U,-73,9.75"
RX,5678669,R35,TXI,N121,40,171481,E,1,0.87,0.84,5.0,U,-72.0,9.75,True,,2026-07-11T15:22:49.105+00:00,/dev/cu.usbserial-576B0005451,"RX,5678669,R35,TXI,N121,40,171481,E,1,0.87,0.84,5,U,-72,9.75"
RX,5678810,R35,TXA,N01,169,171626,B,1,0.2,0.18,5.0,F,-75.0,9.75,True,,2026-07-11T15:22:49.246+00:00,/dev/cu.usbserial-576B0005451,"RX,5678810,R35,TXA,N01,169,171626,B,1,0.20,0.18,5,F,-75,9.75"
RX,5678951,R35,TXK,N151,85,171763,C,1,0.81,0.78,5.0,U,-70.0,9.5,True,,2026-07-11T15:22:49.387+00:00,/dev/cu.usbserial-576B0005451,"RX,5678951,R35,TXK,N151,85,171763,C,1,0.81,0.78,5,U,-70,9.50"
RX,5679564,R35,TXC,N31,41,172381,G,1,0.93,0.9,5.0,U,-75.0,9.25,True,,2026-07-11T15:22:50.000+00:00,/dev/cu.usbserial-576B0005451,"RX,5679564,R35,TXC,N31,41,172381,G,1,0.93,0.90,5,U,-75,9.25"
RX,5679810,R35,TXA,N01,170,172626,C,1,0.81,0.78,5.0,F,-75.0,9.5,True,,2026-07-11T15:22:50.246+00:00,/dev/cu.usbserial-576B0005451,"RX,5679810,R35,TXA,N01,170,172626,C,1,0.81,0.78,5,F,-75,9.50"
RX,5680077,R35,TXB,N16,84,172892,A,0,0.75,0.72,5.0,U,-91.0,6.25,True,,2026-07-11T15:22:50.513+00:00,/dev/cu.usbserial-576B0005451,"RX,5680077,R35,TXB,N16,84,172892,A,0,0.75,0.72,5,U,-91,6.25"
RX,5680558,R35,TXE,N61,82,173379,E,1,0.87,0.84,5.0,U,-73.0,9.5,True,,2026-07-11T15:22:50.994+00:00,/dev/cu.usbserial-576B0005451,"RX,5680558,R35,TXE,N61,82,173379,E,1,0.87,0.84,5,U,-73,9.50"
RX,5680668,R35,TXI,N121,41,173481,G,1,0.93,0.9,5.0,U,-73.0,9.25,True,,2026-07-11T15:22:51.105+00:00,/dev/cu.usbserial-576B0005451,"RX,5680668,R35,TXI,N121,41,173481,G,1,0.93,0.90,5,U,-73,9.25"
RX,5680810,R35,TXA,N01,171,173626,D,0,0.24,0.22,5.0,F,-74.0,9.75,True,,2026-07-11T15:22:51.246+00:00,/dev/cu.usbserial-576B0005451,"RX,5680810,R35,TXA,N01,171,173626,D,0,0.24,0.22,5,F,-74,9.75"
RX,5680951,R35,TXK,N151,86,173763,E,1,0.87,0.84,5.0,U,-70.0,9.5,True,,2026-07-11T15:22:51.387+00:00,/dev/cu.usbserial-576B0005451,"RX,5680951,R35,TXK,N151,86,173763,E,1,0.87,0.84,5,U,-70,9.50"
RX,5681810,R35,TXA,N01,172,174626,E,1,0.87,0.84,5.0,F,-75.0,9.25,True,,2026-07-11T15:22:52.246+00:00,/dev/cu.usbserial-576B0005451,"RX,5681810,R35,TXA,N01,172,174626,E,1,0.87,0.84,5,F,-75,9.25"
RX,5682077,R35,TXB,N16,85,174892,C,1,0.81,0.78,5.0,U,-91.0,8.25,True,,2026-07-11T15:22:52.513+00:00,/dev/cu.usbserial-576B0005451,"RX,5682077,R35,TXB,N16,85,174892,C,1,0.81,0.78,5,U,-91,8.25"
RX,5682558,R35,TXE,N61,83,175379,G,1,0.93,0.9,5.0,U,-74.0,9.0,True,,2026-07-11T15:22:52.994+00:00,/dev/cu.usbserial-576B0005451,"RX,5682558,R35,TXE,N61,83,175379,G,1,0.93,0.90,5,U,-74,9.00"
RX,5682810,R35,TXA,N01,173,175626,F,1,0.28,0.26,5.0,F,-75.0,9.75,True,,2026-07-11T15:22:53.246+00:00,/dev/cu.usbserial-576B0005451,"RX,5682810,R35,TXA,N01,173,175626,F,1,0.28,0.26,5,F,-75,9.75"
RX,5682951,R35,TXK,N151,87,175763,G,0,0.93,0.9,5.0,U,-71.0,9.25,True,,2026-07-11T15:22:53.387+00:00,/dev/cu.usbserial-576B0005451,"RX,5682951,R35,TXK,N151,87,175763,G,0,0.93,0.90,5,U,-71,9.25"
RX,5683310,R35,TXF,N76,42,176131,E,1,0.87,0.84,5.0,U,-72.0,9.75,True,,2026-07-11T15:22:53.746+00:00,/dev/cu.usbserial-576B0005451,"RX,5683310,R35,TXF,N76,42,176131,E,1,0.87,0.84,5,U,-72,9.75"
RX,5683613,R35,TXD,N46,21,176430,G,0,0.93,0.9,5.0,U,-69.0,9.75,True,,2026-07-11T15:22:54.049+00:00,/dev/cu.usbserial-576B0005451,"RX,5683613,R35,TXD,N46,21,176430,G,0,0.93,0.90,5,U,-69,9.75"
RX,5683810,R35,TXA,N01,174,176626,G,0,0.93,0.9,5.0,F,-74.0,9.25,True,,2026-07-11T15:22:54.246+00:00,/dev/cu.usbserial-576B0005451,"RX,5683810,R35,TXA,N01,174,176626,G,0,0.93,0.90,5,F,-74,9.25"
RX,5684077,R35,TXB,N16,86,176892,E,1,0.87,0.84,5.0,U,-91.0,8.25,True,,2026-07-11T15:22:54.513+00:00,/dev/cu.usbserial-576B0005451,"RX,5684077,R35,TXB,N16,86,176892,E,1,0.87,0.84,5,U,-91,8.25"
RX,5684259,R35,TXG,N91,20,177080,G,1,0.93,0.9,5.0,U,-70.0,10.0,True,,2026-07-11T15:22:54.695+00:00,/dev/cu.usbserial-576B0005451,"RX,5684259,R35,TXG,N91,20,177080,G,1,0.93,0.90,5,U,-70,10.00"
RX,5684558,R35,TXE,N61,84,177379,A,0,0.75,0.72,5.0,U,-73.0,9.75,True,,2026-07-11T15:22:54.994+00:00,/dev/cu.usbserial-576B0005451,"RX,5684558,R35,TXE,N61,84,177379,A,0,0.75,0.72,5,U,-73,9.75"
RX,5684810,R35,TXA,N01,175,177626,H,1,0.32,0.3,5.0,F,-74.0,9.5,True,,2026-07-11T15:22:55.246+00:00,/dev/cu.usbserial-576B0005451,"RX,5684810,R35,TXA,N01,175,177626,H,1,0.32,0.30,5,F,-74,9.50"
RX,5684950,R35,TXK,N151,88,177763,A,1,0.75,0.72,5.0,U,-70.0,10.0,True,,2026-07-11T15:22:55.387+00:00,/dev/cu.usbserial-576B0005451,"RX,5684950,R35,TXK,N151,88,177763,A,1,0.75,0.72,5,U,-70,10.00"
RX,5685310,R35,TXF,N76,43,178131,G,0,0.93,0.9,5.0,U,-73.0,9.75,True,,2026-07-11T15:22:55.746+00:00,/dev/cu.usbserial-576B0005451,"RX,5685310,R35,TXF,N76,43,178131,G,0,0.93,0.90,5,U,-73,9.75"
RX,5685468,R35,TXJ,N136,20,178280,G,1,0.93,0.9,5.0,U,-80.0,9.75,True,,2026-07-11T15:22:55.904+00:00,/dev/cu.usbserial-576B0005451,"RX,5685468,R35,TXJ,N136,20,178280,G,1,0.93,0.90,5,U,-80,9.75"
RX,5685564,R35,TXC,N31,42,178381,E,1,0.87,0.84,5.0,U,-77.0,9.75,True,,2026-07-11T15:22:56.000+00:00,/dev/cu.usbserial-576B0005451,"RX,5685564,R35,TXC,N31,42,178381,E,1,0.87,0.84,5,U,-77,9.75"
RX,5685810,R35,TXA,N01,176,178626,A,1,0.75,0.72,5.0,F,-75.0,9.75,True,,2026-07-11T15:22:56.246+00:00,/dev/cu.usbserial-576B0005451,"RX,5685810,R35,TXA,N01,176,178626,A,1,0.75,0.72,5,F,-75,9.75"
RX,5686077,R35,TXB,N16,87,178892,G,0,0.93,0.9,5.0,U,-90.0,8.25,True,,2026-07-11T15:22:56.513+00:00,/dev/cu.usbserial-576B0005451,"RX,5686077,R35,TXB,N16,87,178892,G,0,0.93,0.90,5,U,-90,8.25"
RX,5686558,R35,TXE,N61,85,179379,C,1,0.81,0.78,5.0,U,-73.0,9.75,True,,2026-07-11T15:22:56.994+00:00,/dev/cu.usbserial-576B0005451,"RX,5686558,R35,TXE,N61,85,179379,C,1,0.81,0.78,5,U,-73,9.75"
RX,5686668,R35,TXI,N121,42,179481,E,1,0.87,0.84,5.0,U,-73.0,9.25,True,,2026-07-11T15:22:57.105+00:00,/dev/cu.usbserial-576B0005451,"RX,5686668,R35,TXI,N121,42,179481,E,1,0.87,0.84,5,U,-73,9.25"
RX,5686810,R35,TXA,N01,177,179626,B,0,0.2,0.18,5.0,F,-75.0,9.75,True,,2026-07-11T15:22:57.246+00:00,/dev/cu.usbserial-576B0005451,"RX,5686810,R35,TXA,N01,177,179626,B,0,0.20,0.18,5,F,-75,9.75"
RX,5686951,R35,TXK,N151,89,179763,C,1,0.81,0.78,5.0,U,-70.0,10.0,True,,2026-07-11T15:22:57.387+00:00,/dev/cu.usbserial-576B0005451,"RX,5686951,R35,TXK,N151,89,179763,C,1,0.81,0.78,5,U,-70,10.00"
RX,5687564,R35,TXC,N31,43,180381,G,0,0.93,0.9,5.0,U,-76.0,9.5,True,,2026-07-11T15:22:58.000+00:00,/dev/cu.usbserial-576B0005451,"RX,5687564,R35,TXC,N31,43,180381,G,0,0.93,0.90,5,U,-76,9.50"
RX,5687810,R35,TXA,N01,178,180626,C,1,0.81,0.78,5.0,F,-75.0,9.25,True,,2026-07-11T15:22:58.246+00:00,/dev/cu.usbserial-576B0005451,"RX,5687810,R35,TXA,N01,178,180626,C,1,0.81,0.78,5,F,-75,9.25"
RX,5688077,R35,TXB,N16,88,180892,A,1,0.75,0.72,5.0,U,-91.0,8.25,True,,2026-07-11T15:22:58.513+00:00,/dev/cu.usbserial-576B0005451,"RX,5688077,R35,TXB,N16,88,180892,A,1,0.75,0.72,5,U,-91,8.25"
RX,5688558,R35,TXE,N61,86,181379,E,1,0.87,0.84,5.0,U,-74.0,9.75,True,,2026-07-11T15:22:58.994+00:00,/dev/cu.usbserial-576B0005451,"RX,5688558,R35,TXE,N61,86,181379,E,1,0.87,0.84,5,U,-74,9.75"
RX,5688669,R35,TXI,N121,43,181481,G,0,0.93,0.9,5.0,U,-73.0,9.25,True,,2026-07-11T15:22:59.105+00:00,/dev/cu.usbserial-576B0005451,"RX,5688669,R35,TXI,N121,43,181481,G,0,0.93,0.90,5,U,-73,9.25"
RX,5688810,R35,TXA,N01,179,181626,D,1,0.24,0.22,5.0,F,-74.0,9.75,True,,2026-07-11T15:22:59.246+00:00,/dev/cu.usbserial-576B0005451,"RX,5688810,R35,TXA,N01,179,181626,D,1,0.24,0.22,5,F,-74,9.75"
RX,5688951,R35,TXK,N151,90,181763,E,0,0.87,0.84,5.0,U,-70.0,9.5,True,,2026-07-11T15:22:59.387+00:00,/dev/cu.usbserial-576B0005451,"RX,5688951,R35,TXK,N151,90,181763,E,0,0.87,0.84,5,U,-70,9.50"
RX,5689810,R35,TXA,N01,180,182626,E,0,0.87,0.84,5.0,F,-75.0,9.75,True,,2026-07-11T15:23:00.246+00:00,/dev/cu.usbserial-576B0005451,"RX,5689810,R35,TXA,N01,180,182626,E,0,0.87,0.84,5,F,-75,9.75"
RX,5690077,R35,TXB,N16,89,182892,C,1,0.81,0.78,5.0,U,-90.0,8.0,True,,2026-07-11T15:23:00.513+00:00,/dev/cu.usbserial-576B0005451,"RX,5690077,R35,TXB,N16,89,182892,C,1,0.81,0.78,5,U,-90,8.00"
RX,5690558,R35,TXE,N61,87,183379,G,0,0.93,0.9,5.0,U,-73.0,9.75,True,,2026-07-11T15:23:00.995+00:00,/dev/cu.usbserial-576B0005451,"RX,5690558,R35,TXE,N61,87,183379,G,0,0.93,0.90,5,U,-73,9.75"
RX,5690810,R35,TXA,N01,181,183626,F,1,0.28,0.26,5.0,F,-75.0,9.75,True,,2026-07-11T15:23:01.246+00:00,/dev/cu.usbserial-576B0005451,"RX,5690810,R35,TXA,N01,181,183626,F,1,0.28,0.26,5,F,-75,9.75"
RX,5690951,R35,TXK,N151,91,183763,G,1,0.93,0.9,5.0,U,-70.0,9.75,True,,2026-07-11T15:23:01.387+00:00,/dev/cu.usbserial-576B0005451,"RX,5690951,R35,TXK,N151,91,183763,G,1,0.93,0.90,5,U,-70,9.75"
RX,5691310,R35,TXF,N76,44,184131,E,0,0.87,0.84,5.0,U,-72.0,9.75,True,,2026-07-11T15:23:01.746+00:00,/dev/cu.usbserial-576B0005451,"RX,5691310,R35,TXF,N76,44,184131,E,0,0.87,0.84,5,U,-72,9.75"
RX,5691613,R35,TXD,N46,22,184430,G,1,0.93,0.9,5.0,U,-71.0,9.75,True,,2026-07-11T15:23:02.049+00:00,/dev/cu.usbserial-576B0005451,"RX,5691613,R35,TXD,N46,22,184430,G,1,0.93,0.90,5,U,-71,9.75"
RX,5691810,R35,TXA,N01,182,184626,G,1,0.93,0.9,5.0,F,-74.0,9.75,True,,2026-07-11T15:23:02.246+00:00,/dev/cu.usbserial-576B0005451,"RX,5691810,R35,TXA,N01,182,184626,G,1,0.93,0.90,5,F,-74,9.75"
RX,5692077,R35,TXB,N16,90,184892,E,0,0.87,0.84,5.0,U,-90.0,7.75,True,,2026-07-11T15:23:02.513+00:00,/dev/cu.usbserial-576B0005451,"RX,5692077,R35,TXB,N16,90,184892,E,0,0.87,0.84,5,U,-90,7.75"
RX,5692259,R35,TXG,N91,21,185080,G,0,0.93,0.9,5.0,U,-70.0,9.5,True,,2026-07-11T15:23:02.695+00:00,/dev/cu.usbserial-576B0005451,"RX,5692259,R35,TXG,N91,21,185080,G,0,0.93,0.90,5,U,-70,9.50"
RX,5692558,R35,TXE,N61,88,185379,A,1,0.75,0.72,5.0,U,-74.0,9.0,True,,2026-07-11T15:23:02.994+00:00,/dev/cu.usbserial-576B0005451,"RX,5692558,R35,TXE,N61,88,185379,A,1,0.75,0.72,5,U,-74,9.00"
RX,5692810,R35,TXA,N01,183,185626,H,0,0.32,0.3,5.0,F,-74.0,9.75,True,,2026-07-11T15:23:03.246+00:00,/dev/cu.usbserial-576B0005451,"RX,5692810,R35,TXA,N01,183,185626,H,0,0.32,0.30,5,F,-74,9.75"
RX,5692951,R35,TXK,N151,92,185763,A,1,0.75,0.72,5.0,U,-70.0,9.75,True,,2026-07-11T15:23:03.387+00:00,/dev/cu.usbserial-576B0005451,"RX,5692951,R35,TXK,N151,92,185763,A,1,0.75,0.72,5,U,-70,9.75"
RX,5693310,R35,TXF,N76,45,186131,G,1,0.93,0.9,5.0,U,-74.0,9.75,True,,2026-07-11T15:23:03.746+00:00,/dev/cu.usbserial-576B0005451,"RX,5693310,R35,TXF,N76,45,186131,G,1,0.93,0.90,5,U,-74,9.75"
RX,5693468,R35,TXJ,N136,21,186280,G,0,0.93,0.9,5.0,U,-82.0,9.5,True,,2026-07-11T15:23:03.904+00:00,/dev/cu.usbserial-576B0005451,"RX,5693468,R35,TXJ,N136,21,186280,G,0,0.93,0.90,5,U,-82,9.50"
RX,5693564,R35,TXC,N31,44,186381,E,0,0.87,0.84,5.0,U,-75.0,9.75,True,,2026-07-11T15:23:04.000+00:00,/dev/cu.usbserial-576B0005451,"RX,5693564,R35,TXC,N31,44,186381,E,0,0.87,0.84,5,U,-75,9.75"
RX,5693810,R35,TXA,N01,184,186626,A,1,0.75,0.72,5.0,F,-75.0,10.0,True,,2026-07-11T15:23:04.246+00:00,/dev/cu.usbserial-576B0005451,"RX,5693810,R35,TXA,N01,184,186626,A,1,0.75,0.72,5,F,-75,10.00"
RX,5694077,R35,TXB,N16,91,186892,G,1,0.93,0.9,5.0,U,-91.0,8.25,True,,2026-07-11T15:23:04.513+00:00,/dev/cu.usbserial-576B0005451,"RX,5694077,R35,TXB,N16,91,186892,G,1,0.93,0.90,5,U,-91,8.25"
RX,5694558,R35,TXE,N61,89,187379,C,1,0.81,0.78,5.0,U,-73.0,12.0,True,,2026-07-11T15:23:04.995+00:00,/dev/cu.usbserial-576B0005451,"RX,5694558,R35,TXE,N61,89,187379,C,1,0.81,0.78,5,U,-73,12.00"
RX,5694668,R35,TXI,N121,44,187481,E,0,0.87,0.84,5.0,U,-73.0,9.5,True,,2026-07-11T15:23:05.105+00:00,/dev/cu.usbserial-576B0005451,"RX,5694668,R35,TXI,N121,44,187481,E,0,0.87,0.84,5,U,-73,9.50"
RX,5694810,R35,TXA,N01,185,187626,B,1,0.2,0.18,5.0,F,-74.0,10.25,True,,2026-07-11T15:23:05.246+00:00,/dev/cu.usbserial-576B0005451,"RX,5694810,R35,TXA,N01,185,187626,B,1,0.20,0.18,5,F,-74,10.25"
RX,5694950,R35,TXK,N151,93,187763,C,0,0.81,0.78,5.0,U,-70.0,9.75,True,,2026-07-11T15:23:05.387+00:00,/dev/cu.usbserial-576B0005451,"RX,5694950,R35,TXK,N151,93,187763,C,0,0.81,0.78,5,U,-70,9.75"
RX,5695563,R35,TXC,N31,45,188381,G,1,0.93,0.9,5.0,U,-76.0,9.75,True,,2026-07-11T15:23:06.000+00:00,/dev/cu.usbserial-576B0005451,"RX,5695563,R35,TXC,N31,45,188381,G,1,0.93,0.90,5,U,-76,9.75"
RX,5695810,R35,TXA,N01,186,188626,C,0,0.81,0.78,5.0,F,-74.0,9.5,True,,2026-07-11T15:23:06.246+00:00,/dev/cu.usbserial-576B0005451,"RX,5695810,R35,TXA,N01,186,188626,C,0,0.81,0.78,5,F,-74,9.50"
RX,5696077,R35,TXB,N16,92,188892,A,1,0.75,0.72,5.0,U,-91.0,7.75,True,,2026-07-11T15:23:06.513+00:00,/dev/cu.usbserial-576B0005451,"RX,5696077,R35,TXB,N16,92,188892,A,1,0.75,0.72,5,U,-91,7.75"
RX,5696558,R35,TXE,N61,90,189379,E,0,0.87,0.84,5.0,U,-73.0,9.5,True,,2026-07-11T15:23:06.994+00:00,/dev/cu.usbserial-576B0005451,"RX,5696558,R35,TXE,N61,90,189379,E,0,0.87,0.84,5,U,-73,9.50"
RX,5696668,R35,TXI,N121,45,189481,G,1,0.93,0.9,5.0,U,-73.0,10.0,True,,2026-07-11T15:23:07.105+00:00,/dev/cu.usbserial-576B0005451,"RX,5696668,R35,TXI,N121,45,189481,G,1,0.93,0.90,5,U,-73,10.00"
RX,5696810,R35,TXA,N01,187,189626,D,1,0.24,0.22,5.0,F,-74.0,9.25,True,,2026-07-11T15:23:07.246+00:00,/dev/cu.usbserial-576B0005451,"RX,5696810,R35,TXA,N01,187,189626,D,1,0.24,0.22,5,F,-74,9.25"
RX,5696950,R35,TXK,N151,94,189763,E,1,0.87,0.84,5.0,U,-71.0,9.5,True,,2026-07-11T15:23:07.392+00:00,/dev/cu.usbserial-576B0005451,"RX,5696950,R35,TXK,N151,94,189763,E,1,0.87,0.84,5,U,-71,9.50"
RX,5697810,R35,TXA,N01,188,190626,E,1,0.87,0.84,5.0,F,-74.0,9.5,True,,2026-07-11T15:23:08.246+00:00,/dev/cu.usbserial-576B0005451,"RX,5697810,R35,TXA,N01,188,190626,E,1,0.87,0.84,5,F,-74,9.50"
RX,5698077,R35,TXB,N16,93,190892,C,0,0.81,0.78,5.0,U,-91.0,8.0,True,,2026-07-11T15:23:08.513+00:00,/dev/cu.usbserial-576B0005451,"RX,5698077,R35,TXB,N16,93,190892,C,0,0.81,0.78,5,U,-91,8.00"
RX,5698558,R35,TXE,N61,91,191379,G,1,0.93,0.9,5.0,U,-74.0,10.0,True,,2026-07-11T15:23:08.995+00:00,/dev/cu.usbserial-576B0005451,"RX,5698558,R35,TXE,N61,91,191379,G,1,0.93,0.90,5,U,-74,10.00"
RX,5698810,R35,TXA,N01,189,191626,F,0,0.28,0.26,5.0,F,-74.0,10.25,True,,2026-07-11T15:23:09.247+00:00,/dev/cu.usbserial-576B0005451,"RX,5698810,R35,TXA,N01,189,191626,F,0,0.28,0.26,5,F,-74,10.25"
RX,5698951,R35,TXK,N151,95,191763,G,1,0.93,0.9,5.0,U,-71.0,9.5,True,,2026-07-11T15:23:09.387+00:00,/dev/cu.usbserial-576B0005451,"RX,5698951,R35,TXK,N151,95,191763,G,1,0.93,0.90,5,U,-71,9.50"
RX,5699310,R35,TXF,N76,46,192131,E,1,0.87,0.84,5.0,U,-73.0,9.5,True,,2026-07-11T15:23:09.746+00:00,/dev/cu.usbserial-576B0005451,"RX,5699310,R35,TXF,N76,46,192131,E,1,0.87,0.84,5,U,-73,9.50"
RX,5699613,R35,TXD,N46,23,192430,G,1,0.93,0.9,5.0,U,-69.0,9.75,True,,2026-07-11T15:23:10.050+00:00,/dev/cu.usbserial-576B0005451,"RX,5699613,R35,TXD,N46,23,192430,G,1,0.93,0.90,5,U,-69,9.75"
RX,5699810,R35,TXA,N01,190,192626,G,1,0.93,0.9,5.0,F,-74.0,9.75,True,,2026-07-11T15:23:10.246+00:00,/dev/cu.usbserial-576B0005451,"RX,5699810,R35,TXA,N01,190,192626,G,1,0.93,0.90,5,F,-74,9.75"
RX,5700077,R35,TXB,N16,94,192892,E,1,0.87,0.84,5.0,U,-91.0,7.5,True,,2026-07-11T15:23:10.513+00:00,/dev/cu.usbserial-576B0005451,"RX,5700077,R35,TXB,N16,94,192892,E,1,0.87,0.84,5,U,-91,7.50"
RX,5700259,R35,TXG,N91,22,193080,G,1,0.93,0.9,5.0,U,-70.0,10.25,True,,2026-07-11T15:23:10.695+00:00,/dev/cu.usbserial-576B0005451,"RX,5700259,R35,TXG,N91,22,193080,G,1,0.93,0.90,5,U,-70,10.25"
RX,5700558,R35,TXE,N61,92,193379,A,1,0.75,0.72,5.0,U,-74.0,9.25,True,,2026-07-11T15:23:10.995+00:00,/dev/cu.usbserial-576B0005451,"RX,5700558,R35,TXE,N61,92,193379,A,1,0.75,0.72,5,U,-74,9.25"
RX,5700810,R35,TXA,N01,191,193626,H,1,0.32,0.3,5.0,F,-74.0,9.25,True,,2026-07-11T15:23:11.247+00:00,/dev/cu.usbserial-576B0005451,"RX,5700810,R35,TXA,N01,191,193626,H,1,0.32,0.30,5,F,-74,9.25"
RX,5700951,R35,TXK,N151,96,193763,A,1,0.75,0.72,5.0,U,-71.0,9.75,True,,2026-07-11T15:23:11.387+00:00,/dev/cu.usbserial-576B0005451,"RX,5700951,R35,TXK,N151,96,193763,A,1,0.75,0.72,5,U,-71,9.75"
RX,5701310,R35,TXF,N76,47,194131,G,1,0.93,0.9,5.0,U,-73.0,9.25,True,,2026-07-11T15:23:11.746+00:00,/dev/cu.usbserial-576B0005451,"RX,5701310,R35,TXF,N76,47,194131,G,1,0.93,0.90,5,U,-73,9.25"
RX,5701468,R35,TXJ,N136,22,194280,G,1,0.93,0.9,5.0,U,-81.0,9.75,True,,2026-07-11T15:23:11.904+00:00,/dev/cu.usbserial-576B0005451,"RX,5701468,R35,TXJ,N136,22,194280,G,1,0.93,0.90,5,U,-81,9.75"
RX,5701563,R35,TXC,N31,46,194381,E,1,0.87,0.84,5.0,U,-75.0,9.5,True,,2026-07-11T15:23:12.000+00:00,/dev/cu.usbserial-576B0005451,"RX,5701563,R35,TXC,N31,46,194381,E,1,0.87,0.84,5,U,-75,9.50"
RX,5701810,R35,TXA,N01,192,194626,A,1,0.75,0.72,5.0,F,-75.0,9.5,True,,2026-07-11T15:23:12.246+00:00,/dev/cu.usbserial-576B0005451,"RX,5701810,R35,TXA,N01,192,194626,A,1,0.75,0.72,5,F,-75,9.50"
RX,5702077,R35,TXB,N16,95,194892,G,1,0.93,0.9,5.0,U,-91.0,8.0,True,,2026-07-11T15:23:12.513+00:00,/dev/cu.usbserial-576B0005451,"RX,5702077,R35,TXB,N16,95,194892,G,1,0.93,0.90,5,U,-91,8.00"
RX,5702558,R35,TXE,N61,93,195379,C,0,0.81,0.78,5.0,U,-73.0,9.75,True,,2026-07-11T15:23:12.995+00:00,/dev/cu.usbserial-576B0005451,"RX,5702558,R35,TXE,N61,93,195379,C,0,0.81,0.78,5,U,-73,9.75"
RX,5702668,R35,TXI,N121,46,195481,E,1,0.87,0.84,5.0,U,-72.0,9.75,True,,2026-07-11T15:23:13.105+00:00,/dev/cu.usbserial-576B0005451,"RX,5702668,R35,TXI,N121,46,195481,E,1,0.87,0.84,5,U,-72,9.75"
RX,5702810,R35,TXA,N01,193,195626,B,0,0.2,0.18,5.0,F,-75.0,9.25,True,,2026-07-11T15:23:13.246+00:00,/dev/cu.usbserial-576B0005451,"RX,5702810,R35,TXA,N01,193,195626,B,0,0.20,0.18,5,F,-75,9.25"
RX,5702950,R35,TXK,N151,97,195763,C,1,0.81,0.78,5.0,U,-71.0,9.75,True,,2026-07-11T15:23:13.387+00:00,/dev/cu.usbserial-576B0005451,"RX,5702950,R35,TXK,N151,97,195763,C,1,0.81,0.78,5,U,-71,9.75"
RX,5703563,R35,TXC,N31,47,196381,G,1,0.93,0.9,5.0,U,-76.0,9.5,True,,2026-07-11T15:23:14.000+00:00,/dev/cu.usbserial-576B0005451,"RX,5703563,R35,TXC,N31,47,196381,G,1,0.93,0.90,5,U,-76,9.50"
RX,5703810,R35,TXA,N01,194,196626,C,1,0.81,0.78,5.0,F,-75.0,9.75,True,,2026-07-11T15:23:14.247+00:00,/dev/cu.usbserial-576B0005451,"RX,5703810,R35,TXA,N01,194,196626,C,1,0.81,0.78,5,F,-75,9.75"
RX,5704077,R35,TXB,N16,96,196892,A,1,0.75,0.72,5.0,U,-92.0,6.75,True,,2026-07-11T15:23:14.513+00:00,/dev/cu.usbserial-576B0005451,"RX,5704077,R35,TXB,N16,96,196892,A,1,0.75,0.72,5,U,-92,6.75"
RX,5704558,R35,TXE,N61,94,197379,E,1,0.87,0.84,5.0,U,-73.0,12.25,True,,2026-07-11T15:23:14.995+00:00,/dev/cu.usbserial-576B0005451,"RX,5704558,R35,TXE,N61,94,197379,E,1,0.87,0.84,5,U,-73,12.25"
RX,5704668,R35,TXI,N121,47,197481,G,1,0.93,0.9,5.0,U,-73.0,9.75,True,,2026-07-11T15:23:15.105+00:00,/dev/cu.usbserial-576B0005451,"RX,5704668,R35,TXI,N121,47,197481,G,1,0.93,0.90,5,U,-73,9.75"
RX,5704810,R35,TXA,N01,195,197626,D,1,0.24,0.22,5.0,F,-75.0,10.25,True,,2026-07-11T15:23:15.246+00:00,/dev/cu.usbserial-576B0005451,"RX,5704810,R35,TXA,N01,195,197626,D,1,0.24,0.22,5,F,-75,10.25"
RX,5704950,R35,TXK,N151,98,197763,E,0,0.87,0.84,5.0,U,-71.0,9.5,True,,2026-07-11T15:23:15.386+00:00,/dev/cu.usbserial-576B0005451,"RX,5704950,R35,TXK,N151,98,197763,E,0,0.87,0.84,5,U,-71,9.50"
RX,5705810,R35,TXA,N01,196,198626,E,0,0.87,0.84,5.0,F,-74.0,9.5,True,,2026-07-11T15:23:16.246+00:00,/dev/cu.usbserial-576B0005451,"RX,5705810,R35,TXA,N01,196,198626,E,0,0.87,0.84,5,F,-74,9.50"
RX,5706077,R35,TXB,N16,97,198892,C,1,0.81,0.78,5.0,U,-92.0,7.0,True,,2026-07-11T15:23:16.513+00:00,/dev/cu.usbserial-576B0005451,"RX,5706077,R35,TXB,N16,97,198892,C,1,0.81,0.78,5,U,-92,7.00"
RX,5706558,R35,TXE,N61,95,199379,G,1,0.93,0.9,5.0,U,-74.0,9.5,True,,2026-07-11T15:23:16.995+00:00,/dev/cu.usbserial-576B0005451,"RX,5706558,R35,TXE,N61,95,199379,G,1,0.93,0.90,5,U,-74,9.50"
RX,5706810,R35,TXA,N01,197,199626,F,1,0.28,0.26,5.0,F,-74.0,9.0,True,,2026-07-11T15:23:17.246+00:00,/dev/cu.usbserial-576B0005451,"RX,5706810,R35,TXA,N01,197,199626,F,1,0.28,0.26,5,F,-74,9.00"
RX,5706921,R35,TXH,N106,12,199742,G,1,0.93,0.9,5.0,U,-62.0,3.75,True,,2026-07-11T15:23:17.357+00:00,/dev/cu.usbserial-576B0005451,"RX,5706921,R35,TXH,N106,12,199742,G,1,0.93,0.90,5,U,-62,3.75"
RX,5707103,R35,TXL,N166,12,199916,G,1,0.93,0.9,5.0,U,-70.0,9.75,True,,2026-07-11T15:23:17.539+00:00,/dev/cu.usbserial-576B0005451,"RX,5707103,R35,TXL,N166,12,199916,G,1,0.93,0.90,5,U,-70,9.75"
RX,5707310,R35,TXF,N76,48,200131,E,0,0.87,0.84,5.0,U,-74.0,9.25,True,,2026-07-11T15:23:17.746+00:00,/dev/cu.usbserial-576B0005451,"RX,5707310,R35,TXF,N76,48,200131,E,0,0.87,0.84,5,U,-74,9.25"
RX,5707613,R35,TXD,N46,24,200430,G,1,0.93,0.9,5.0,U,-70.0,9.5,True,,2026-07-11T15:23:18.049+00:00,/dev/cu.usbserial-576B0005451,"RX,5707613,R35,TXD,N46,24,200430,G,1,0.93,0.90,5,U,-70,9.50"
RX,5707810,R35,TXA,N01,198,200626,G,1,0.93,0.9,5.0,F,-74.0,9.0,True,,2026-07-11T15:23:18.247+00:00,/dev/cu.usbserial-576B0005451,"RX,5707810,R35,TXA,N01,198,200626,G,1,0.93,0.90,5,F,-74,9.00"
RX,5708077,R35,TXB,N16,98,200892,E,0,0.87,0.84,5.0,U,-91.0,7.75,True,,2026-07-11T15:23:18.513+00:00,/dev/cu.usbserial-576B0005451,"RX,5708077,R35,TXB,N16,98,200892,E,0,0.87,0.84,5,U,-91,7.75"
RX,5708259,R35,TXG,N91,23,201080,G,1,0.93,0.9,5.0,U,-70.0,9.5,True,,2026-07-11T15:23:18.695+00:00,/dev/cu.usbserial-576B0005451,"RX,5708259,R35,TXG,N91,23,201080,G,1,0.93,0.90,5,U,-70,9.50"
RX,5708558,R35,TXE,N61,96,201379,A,1,0.75,0.72,5.0,U,-73.0,9.25,True,,2026-07-11T15:23:18.995+00:00,/dev/cu.usbserial-576B0005451,"RX,5708558,R35,TXE,N61,96,201379,A,1,0.75,0.72,5,U,-73,9.25"
RX,5708810,R35,TXA,N01,199,201626,H,0,0.32,0.3,5.0,F,-74.0,9.25,True,,2026-07-11T15:23:19.246+00:00,/dev/cu.usbserial-576B0005451,"RX,5708810,R35,TXA,N01,199,201626,H,0,0.32,0.30,5,F,-74,9.25"
RX,5708956,R35,TXK,N151,100,201763,A,1,0.75,0.72,5.0,U,-71.0,5.5,True,,2026-07-11T15:23:19.392+00:00,/dev/cu.usbserial-576B0005451,"RX,5708956,R35,TXK,N151,100,201763,A,1,0.75,0.72,5,U,-71,5.50"
RX,5709310,R35,TXF,N76,49,202131,G,1,0.93,0.9,5.0,U,-73.0,9.75,True,,2026-07-11T15:23:19.746+00:00,/dev/cu.usbserial-576B0005451,"RX,5709310,R35,TXF,N76,49,202131,G,1,0.93,0.90,5,U,-73,9.75"
RX,5709468,R35,TXJ,N136,23,202280,G,1,0.93,0.9,5.0,U,-84.0,9.0,True,,2026-07-11T15:23:19.904+00:00,/dev/cu.usbserial-576B0005451,"RX,5709468,R35,TXJ,N136,23,202280,G,1,0.93,0.90,5,U,-84,9.00"
RX,5709563,R35,TXC,N31,48,202381,E,0,0.87,0.84,5.0,U,-75.0,10.0,True,,2026-07-11T15:23:20.000+00:00,/dev/cu.usbserial-576B0005451,"RX,5709563,R35,TXC,N31,48,202381,E,0,0.87,0.84,5,U,-75,10.00"
RX,5709810,R35,TXA,N01,200,202626,A,1,0.75,0.72,5.0,F,-74.0,9.25,True,,2026-07-11T15:23:20.247+00:00,/dev/cu.usbserial-576B0005451,"RX,5709810,R35,TXA,N01,200,202626,A,1,0.75,0.72,5,F,-74,9.25"
RX,5710077,R35,TXB,N16,99,202892,G,1,0.93,0.9,5.0,U,-91.0,7.5,True,,2026-07-11T15:23:20.513+00:00,/dev/cu.usbserial-576B0005451,"RX,5710077,R35,TXB,N16,99,202892,G,1,0.93,0.90,5,U,-91,7.50"
RX,5710558,R35,TXE,N61,97,203379,C,1,0.81,0.78,5.0,U,-73.0,9.5,True,,2026-07-11T15:23:20.995+00:00,/dev/cu.usbserial-576B0005451,"RX,5710558,R35,TXE,N61,97,203379,C,1,0.81,0.78,5,U,-73,9.50"
RX,5710668,R35,TXI,N121,48,203481,E,0,0.87,0.84,5.0,U,-73.0,9.75,True,,2026-07-11T15:23:21.105+00:00,/dev/cu.usbserial-576B0005451,"RX,5710668,R35,TXI,N121,48,203481,E,0,0.87,0.84,5,U,-73,9.75"
RX,5710810,R35,TXA,N01,201,203626,B,1,0.2,0.18,5.0,F,-74.0,9.5,True,,2026-07-11T15:23:21.247+00:00,/dev/cu.usbserial-576B0005451,"RX,5710810,R35,TXA,N01,201,203626,B,1,0.20,0.18,5,F,-74,9.50"
RX,5710956,R35,TXK,N151,101,203763,C,0,0.81,0.78,5.0,U,-71.0,9.75,True,,2026-07-11T15:23:21.392+00:00,/dev/cu.usbserial-576B0005451,"RX,5710956,R35,TXK,N151,101,203763,C,0,0.81,0.78,5,U,-71,9.75"
RX,5711563,R35,TXC,N31,49,204381,G,1,0.93,0.9,5.0,U,-75.0,10.0,True,,2026-07-11T15:23:22.000+00:00,/dev/cu.usbserial-576B0005451,"RX,5711563,R35,TXC,N31,49,204381,G,1,0.93,0.90,5,U,-75,10.00"
RX,5711810,R35,TXA,N01,202,204626,C,0,0.81,0.78,5.0,F,-74.0,9.25,True,,2026-07-11T15:23:22.247+00:00,/dev/cu.usbserial-576B0005451,"RX,5711810,R35,TXA,N01,202,204626,C,0,0.81,0.78,5,F,-74,9.25"
RX,5712077,R35,TXB,N16,100,204892,A,1,0.75,0.72,5.0,U,-91.0,7.75,True,,2026-07-11T15:23:22.513+00:00,/dev/cu.usbserial-576B0005451,"RX,5712077,R35,TXB,N16,100,204892,A,1,0.75,0.72,5,U,-91,7.75"
RX,5712558,R35,TXE,N61,98,205379,E,0,0.87,0.84,5.0,U,-74.0,9.75,True,,2026-07-11T15:23:22.995+00:00,/dev/cu.usbserial-576B0005451,"RX,5712558,R35,TXE,N61,98,205379,E,0,0.87,0.84,5,U,-74,9.75"
RX,5712668,R35,TXI,N121,49,205481,G,1,0.93,0.9,5.0,U,-73.0,9.75,True,,2026-07-11T15:23:23.105+00:00,/dev/cu.usbserial-576B0005451,"RX,5712668,R35,TXI,N121,49,205481,G,1,0.93,0.90,5,U,-73,9.75"
RX,5712810,R35,TXA,N01,203,205626,D,1,0.24,0.22,5.0,F,-74.0,9.75,True,,2026-07-11T15:23:23.247+00:00,/dev/cu.usbserial-576B0005451,"RX,5712810,R35,TXA,N01,203,205626,D,1,0.24,0.22,5,F,-74,9.75"
RX,5712956,R35,TXK,N151,102,205763,E,1,0.87,0.84,5.0,U,-71.0,9.0,True,,2026-07-11T15:23:23.392+00:00,/dev/cu.usbserial-576B0005451,"RX,5712956,R35,TXK,N151,102,205763,E,1,0.87,0.84,5,U,-71,9.00"
RX,5713810,R35,TXA,N01,204,206626,E,1,0.87,0.84,5.0,F,-74.0,9.5,True,,2026-07-11T15:23:24.247+00:00,/dev/cu.usbserial-576B0005451,"RX,5713810,R35,TXA,N01,204,206626,E,1,0.87,0.84,5,F,-74,9.50"
RX,5714077,R35,TXB,N16,101,206892,C,0,0.81,0.78,5.0,U,-91.0,7.75,True,,2026-07-11T15:23:24.513+00:00,/dev/cu.usbserial-576B0005451,"RX,5714077,R35,TXB,N16,101,206892,C,0,0.81,0.78,5,U,-91,7.75"
RX,5714558,R35,TXE,N61,99,207379,G,1,0.93,0.9,5.0,U,-74.0,9.5,True,,2026-07-11T15:23:24.995+00:00,/dev/cu.usbserial-576B0005451,"RX,5714558,R35,TXE,N61,99,207379,G,1,0.93,0.90,5,U,-74,9.50"
RX,5714810,R35,TXA,N01,205,207626,F,0,0.28,0.26,5.0,F,-74.0,9.25,True,,2026-07-11T15:23:25.247+00:00,/dev/cu.usbserial-576B0005451,"RX,5714810,R35,TXA,N01,205,207626,F,0,0.28,0.26,5,F,-74,9.25"
RX,5714921,R35,TXH,N106,13,207742,G,1,0.93,0.9,5.0,U,-62.0,3.75,True,,2026-07-11T15:23:25.357+00:00,/dev/cu.usbserial-576B0005451,"RX,5714921,R35,TXH,N106,13,207742,G,1,0.93,0.90,5,U,-62,3.75"
RX,5715103,R35,TXL,N166,13,207916,G,1,0.93,0.9,5.0,U,-71.0,9.5,True,,2026-07-11T15:23:25.539+00:00,/dev/cu.usbserial-576B0005451,"RX,5715103,R35,TXL,N166,13,207916,G,1,0.93,0.90,5,U,-71,9.50"
RX,5715310,R35,TXF,N76,50,208131,E,1,0.87,0.84,5.0,U,-73.0,9.5,True,,2026-07-11T15:23:25.746+00:00,/dev/cu.usbserial-576B0005451,"RX,5715310,R35,TXF,N76,50,208131,E,1,0.87,0.84,5,U,-73,9.50"
RX,5715613,R35,TXD,N46,25,208430,G,1,0.93,0.9,5.0,U,-70.0,9.75,True,,2026-07-11T15:23:26.050+00:00,/dev/cu.usbserial-576B0005451,"RX,5715613,R35,TXD,N46,25,208430,G,1,0.93,0.90,5,U,-70,9.75"
RX,5715810,R35,TXA,N01,206,208626,G,1,0.93,0.9,5.0,F,-74.0,9.25,True,,2026-07-11T15:23:26.247+00:00,/dev/cu.usbserial-576B0005451,"RX,5715810,R35,TXA,N01,206,208626,G,1,0.93,0.90,5,F,-74,9.25"
RX,5716077,R35,TXB,N16,102,208892,E,1,0.87,0.84,5.0,U,-90.0,8.25,True,,2026-07-11T15:23:26.514+00:00,/dev/cu.usbserial-576B0005451,"RX,5716077,R35,TXB,N16,102,208892,E,1,0.87,0.84,5,U,-90,8.25"
RX,5716259,R35,TXG,N91,24,209080,G,1,0.93,0.9,5.0,U,-69.0,9.75,True,,2026-07-11T15:23:26.695+00:00,/dev/cu.usbserial-576B0005451,"RX,5716259,R35,TXG,N91,24,209080,G,1,0.93,0.90,5,U,-69,9.75"
RX,5716558,R35,TXE,N61,100,209379,A,1,0.75,0.72,5.0,U,-74.0,9.75,True,,2026-07-11T15:23:26.995+00:00,/dev/cu.usbserial-576B0005451,"RX,5716558,R35,TXE,N61,100,209379,A,1,0.75,0.72,5,U,-74,9.75"
RX,5716810,R35,TXA,N01,207,209626,H,1,0.32,0.3,5.0,F,-74.0,9.0,True,,2026-07-11T15:23:27.247+00:00,/dev/cu.usbserial-576B0005451,"RX,5716810,R35,TXA,N01,207,209626,H,1,0.32,0.30,5,F,-74,9.00"
RX,5716956,R35,TXK,N151,104,209763,A,0,0.75,0.72,5.0,U,-71.0,10.25,True,,2026-07-11T15:23:27.392+00:00,/dev/cu.usbserial-576B0005451,"RX,5716956,R35,TXK,N151,104,209763,A,0,0.75,0.72,5,U,-71,10.25"
RX,5717310,R35,TXF,N76,51,210131,G,1,0.93,0.9,5.0,U,-74.0,9.5,True,,2026-07-11T15:23:27.746+00:00,/dev/cu.usbserial-576B0005451,"RX,5717310,R35,TXF,N76,51,210131,G,1,0.93,0.90,5,U,-74,9.50"
RX,5717468,R35,TXJ,N136,24,210280,G,1,0.93,0.9,5.0,U,-84.0,9.5,True,,2026-07-11T15:23:27.904+00:00,/dev/cu.usbserial-576B0005451,"RX,5717468,R35,TXJ,N136,24,210280,G,1,0.93,0.90,5,U,-84,9.50"
RX,5717563,R35,TXC,N31,50,210381,E,1,0.87,0.84,5.0,U,-75.0,9.5,True,,2026-07-11T15:23:28.000+00:00,/dev/cu.usbserial-576B0005451,"RX,5717563,R35,TXC,N31,50,210381,E,1,0.87,0.84,5,U,-75,9.50"
RX,5717810,R35,TXA,N01,208,210626,A,0,0.75,0.72,5.0,F,-74.0,9.25,True,,2026-07-11T15:23:28.247+00:00,/dev/cu.usbserial-576B0005451,"RX,5717810,R35,TXA,N01,208,210626,A,0,0.75,0.72,5,F,-74,9.25"
RX,5718077,R35,TXB,N16,103,210892,G,1,0.93,0.9,5.0,U,-90.0,7.75,True,,2026-07-11T15:23:28.513+00:00,/dev/cu.usbserial-576B0005451,"RX,5718077,R35,TXB,N16,103,210892,G,1,0.93,0.90,5,U,-90,7.75"
RX,5718558,R35,TXE,N61,101,211379,C,0,0.81,0.78,5.0,U,-73.0,9.75,True,,2026-07-11T15:23:28.995+00:00,/dev/cu.usbserial-576B0005451,"RX,5718558,R35,TXE,N61,101,211379,C,0,0.81,0.78,5,U,-73,9.75"
RX,5718668,R35,TXI,N121,50,211481,E,1,0.87,0.84,5.0,U,-73.0,9.5,True,,2026-07-11T15:23:29.105+00:00,/dev/cu.usbserial-576B0005451,"RX,5718668,R35,TXI,N121,50,211481,E,1,0.87,0.84,5,U,-73,9.50"
RX,5718810,R35,TXA,N01,209,211626,B,1,0.2,0.18,5.0,F,-74.0,9.5,True,,2026-07-11T15:23:29.247+00:00,/dev/cu.usbserial-576B0005451,"RX,5718810,R35,TXA,N01,209,211626,B,1,0.20,0.18,5,F,-74,9.50"
RX,5718956,R35,TXK,N151,105,211763,C,1,0.81,0.78,5.0,U,-71.0,9.5,True,,2026-07-11T15:23:29.392+00:00,/dev/cu.usbserial-576B0005451,"RX,5718956,R35,TXK,N151,105,211763,C,1,0.81,0.78,5,U,-71,9.50"
RX,5719563,R35,TXC,N31,51,212381,G,1,0.93,0.9,5.0,U,-75.0,9.25,True,,2026-07-11T15:23:30.000+00:00,/dev/cu.usbserial-576B0005451,"RX,5719563,R35,TXC,N31,51,212381,G,1,0.93,0.90,5,U,-75,9.25"
RX,5719810,R35,TXA,N01,210,212626,C,1,0.81,0.78,5.0,F,-74.0,9.0,True,,2026-07-11T15:23:30.246+00:00,/dev/cu.usbserial-576B0005451,"RX,5719810,R35,TXA,N01,210,212626,C,1,0.81,0.78,5,F,-74,9.00"
RX,5720077,R35,TXB,N16,104,212892,A,0,0.75,0.72,5.0,U,-90.0,8.0,True,,2026-07-11T15:23:30.513+00:00,/dev/cu.usbserial-576B0005451,"RX,5720077,R35,TXB,N16,104,212892,A,0,0.75,0.72,5,U,-90,8.00"
RX,5720559,R35,TXE,N61,102,213379,E,1,0.87,0.84,5.0,U,-74.0,10.0,True,,2026-07-11T15:23:30.995+00:00,/dev/cu.usbserial-576B0005451,"RX,5720559,R35,TXE,N61,102,213379,E,1,0.87,0.84,5,U,-74,10.00"
RX,5720668,R35,TXI,N121,51,213481,G,1,0.93,0.9,5.0,U,-73.0,10.25,True,,2026-07-11T15:23:31.105+00:00,/dev/cu.usbserial-576B0005451,"RX,5720668,R35,TXI,N121,51,213481,G,1,0.93,0.90,5,U,-73,10.25"
RX,5720810,R35,TXA,N01,211,213626,D,0,0.24,0.22,5.0,F,-74.0,9.25,True,,2026-07-11T15:23:31.246+00:00,/dev/cu.usbserial-576B0005451,"RX,5720810,R35,TXA,N01,211,213626,D,0,0.24,0.22,5,F,-74,9.25"
RX,5720956,R35,TXK,N151,106,213763,E,1,0.87,0.84,5.0,U,-70.0,10.0,True,,2026-07-11T15:23:31.392+00:00,/dev/cu.usbserial-576B0005451,"RX,5720956,R35,TXK,N151,106,213763,E,1,0.87,0.84,5,U,-70,10.00"
RX,5721810,R35,TXA,N01,212,214626,E,1,0.87,0.84,5.0,F,-74.0,9.5,True,,2026-07-11T15:23:32.247+00:00,/dev/cu.usbserial-576B0005451,"RX,5721810,R35,TXA,N01,212,214626,E,1,0.87,0.84,5,F,-74,9.50"
RX,5722077,R35,TXB,N16,105,214892,C,1,0.81,0.78,5.0,U,-91.0,7.75,True,,2026-07-11T15:23:32.514+00:00,/dev/cu.usbserial-576B0005451,"RX,5722077,R35,TXB,N16,105,214892,C,1,0.81,0.78,5,U,-91,7.75"
RX,5722559,R35,TXE,N61,103,215379,G,1,0.93,0.9,5.0,U,-74.0,9.75,True,,2026-07-11T15:23:32.995+00:00,/dev/cu.usbserial-576B0005451,"RX,5722559,R35,TXE,N61,103,215379,G,1,0.93,0.90,5,U,-74,9.75"
RX,5722810,R35,TXA,N01,213,215626,F,1,0.28,0.26,5.0,F,-74.0,10.0,True,,2026-07-11T15:23:33.247+00:00,/dev/cu.usbserial-576B0005451,"RX,5722810,R35,TXA,N01,213,215626,F,1,0.28,0.26,5,F,-74,10.00"
RX,5722921,R35,TXH,N106,14,215742,G,0,0.93,0.9,5.0,U,-62.0,3.75,True,,2026-07-11T15:23:33.357+00:00,/dev/cu.usbserial-576B0005451,"RX,5722921,R35,TXH,N106,14,215742,G,0,0.93,0.90,5,U,-62,3.75"
RX,5723103,R35,TXL,N166,14,215916,G,0,0.93,0.9,5.0,U,-70.0,9.5,True,,2026-07-11T15:23:33.539+00:00,/dev/cu.usbserial-576B0005451,"RX,5723103,R35,TXL,N166,14,215916,G,0,0.93,0.90,5,U,-70,9.50"
RX,5723310,R35,TXF,N76,52,216131,E,1,0.87,0.84,5.0,U,-73.0,9.75,True,,2026-07-11T15:23:33.746+00:00,/dev/cu.usbserial-576B0005451,"RX,5723310,R35,TXF,N76,52,216131,E,1,0.87,0.84,5,U,-73,9.75"
RX,5723613,R35,TXD,N46,26,216430,G,0,0.93,0.9,5.0,U,-70.0,9.25,True,,2026-07-11T15:23:34.050+00:00,/dev/cu.usbserial-576B0005451,"RX,5723613,R35,TXD,N46,26,216430,G,0,0.93,0.90,5,U,-70,9.25"
RX,5723810,R35,TXA,N01,214,216626,G,0,0.93,0.9,5.0,F,-74.0,9.25,True,,2026-07-11T15:23:34.247+00:00,/dev/cu.usbserial-576B0005451,"RX,5723810,R35,TXA,N01,214,216626,G,0,0.93,0.90,5,F,-74,9.25"
RX,5724077,R35,TXB,N16,106,216892,E,1,0.87,0.84,5.0,U,-91.0,9.5,True,,2026-07-11T15:23:34.513+00:00,/dev/cu.usbserial-576B0005451,"RX,5724077,R35,TXB,N16,106,216892,E,1,0.87,0.84,5,U,-91,9.50"
RX,5724259,R35,TXG,N91,25,217080,G,1,0.93,0.9,5.0,U,-70.0,9.5,True,,2026-07-11T15:23:34.695+00:00,/dev/cu.usbserial-576B0005451,"RX,5724259,R35,TXG,N91,25,217080,G,1,0.93,0.90,5,U,-70,9.50"
RX,5724558,R35,TXE,N61,104,217379,A,0,0.75,0.72,5.0,U,-74.0,9.75,True,,2026-07-11T15:23:34.995+00:00,/dev/cu.usbserial-576B0005451,"RX,5724558,R35,TXE,N61,104,217379,A,0,0.75,0.72,5,U,-74,9.75"
RX,5724810,R35,TXA,N01,215,217626,H,1,0.32,0.3,5.0,F,-74.0,9.25,True,,2026-07-11T15:23:35.247+00:00,/dev/cu.usbserial-576B0005451,"RX,5724810,R35,TXA,N01,215,217626,H,1,0.32,0.30,5,F,-74,9.25"
RX,5724956,R35,TXK,N151,108,217763,A,1,0.75,0.72,5.0,U,-71.0,9.25,True,,2026-07-11T15:23:35.392+00:00,/dev/cu.usbserial-576B0005451,"RX,5724956,R35,TXK,N151,108,217763,A,1,0.75,0.72,5,U,-71,9.25"
RX,5725309,R35,TXF,N76,53,218131,G,0,0.93,0.9,5.0,U,-73.0,10.0,True,,2026-07-11T15:23:35.746+00:00,/dev/cu.usbserial-576B0005451,"RX,5725309,R35,TXF,N76,53,218131,G,0,0.93,0.90,5,U,-73,10.00"
RX,5725468,R35,TXJ,N136,25,218280,G,1,0.93,0.9,5.0,U,-85.0,8.75,True,,2026-07-11T15:23:35.904+00:00,/dev/cu.usbserial-576B0005451,"RX,5725468,R35,TXJ,N136,25,218280,G,1,0.93,0.90,5,U,-85,8.75"
RX,5725563,R35,TXC,N31,52,218381,E,1,0.87,0.84,5.0,U,-75.0,9.75,True,,2026-07-11T15:23:36.000+00:00,/dev/cu.usbserial-576B0005451,"RX,5725563,R35,TXC,N31,52,218381,E,1,0.87,0.84,5,U,-75,9.75"
RX,5725810,R35,TXA,N01,216,218626,A,1,0.75,0.72,5.0,F,-74.0,10.0,True,,2026-07-11T15:23:36.247+00:00,/dev/cu.usbserial-576B0005451,"RX,5725810,R35,TXA,N01,216,218626,A,1,0.75,0.72,5,F,-74,10.00"
RX,5726077,R35,TXB,N16,107,218892,G,0,0.93,0.9,5.0,U,-90.0,8.25,True,,2026-07-11T15:23:36.514+00:00,/dev/cu.usbserial-576B0005451,"RX,5726077,R35,TXB,N16,107,218892,G,0,0.93,0.90,5,U,-90,8.25"
RX,5726558,R35,TXE,N61,105,219379,C,1,0.81,0.78,5.0,U,-73.0,9.75,True,,2026-07-11T15:23:36.995+00:00,/dev/cu.usbserial-576B0005451,"RX,5726558,R35,TXE,N61,105,219379,C,1,0.81,0.78,5,U,-73,9.75"
RX,5726668,R35,TXI,N121,52,219481,E,1,0.87,0.84,5.0,U,-73.0,9.25,True,,2026-07-11T15:23:37.105+00:00,/dev/cu.usbserial-576B0005451,"RX,5726668,R35,TXI,N121,52,219481,E,1,0.87,0.84,5,U,-73,9.25"
RX,5726810,R35,TXA,N01,217,219626,B,0,0.2,0.18,5.0,F,-75.0,10.0,True,,2026-07-11T15:23:37.247+00:00,/dev/cu.usbserial-576B0005451,"RX,5726810,R35,TXA,N01,217,219626,B,0,0.20,0.18,5,F,-75,10.00"
RX,5726956,R35,TXK,N151,109,219763,C,1,0.81,0.78,5.0,U,-71.0,9.5,True,,2026-07-11T15:23:37.392+00:00,/dev/cu.usbserial-576B0005451,"RX,5726956,R35,TXK,N151,109,219763,C,1,0.81,0.78,5,U,-71,9.50"
RX,5727563,R35,TXC,N31,53,220381,G,0,0.93,0.9,5.0,U,-75.0,9.5,True,,2026-07-11T15:23:38.000+00:00,/dev/cu.usbserial-576B0005451,"RX,5727563,R35,TXC,N31,53,220381,G,0,0.93,0.90,5,U,-75,9.50"
RX,5727810,R35,TXA,N01,218,220626,C,1,0.81,0.78,5.0,F,-74.0,9.75,True,,2026-07-11T15:23:38.247+00:00,/dev/cu.usbserial-576B0005451,"RX,5727810,R35,TXA,N01,218,220626,C,1,0.81,0.78,5,F,-74,9.75"
RX,5728077,R35,TXB,N16,108,220892,A,1,0.75,0.72,5.0,U,-90.0,8.0,True,,2026-07-11T15:23:38.514+00:00,/dev/cu.usbserial-576B0005451,"RX,5728077,R35,TXB,N16,108,220892,A,1,0.75,0.72,5,U,-90,8.00"
RX,5728558,R35,TXE,N61,106,221379,E,1,0.87,0.84,5.0,U,-74.0,9.5,True,,2026-07-11T15:23:38.995+00:00,/dev/cu.usbserial-576B0005451,"RX,5728558,R35,TXE,N61,106,221379,E,1,0.87,0.84,5,U,-74,9.50"
RX,5728668,R35,TXI,N121,53,221481,G,0,0.93,0.9,5.0,U,-73.0,10.0,True,,2026-07-11T15:23:39.105+00:00,/dev/cu.usbserial-576B0005451,"RX,5728668,R35,TXI,N121,53,221481,G,0,0.93,0.90,5,U,-73,10.00"
RX,5728810,R35,TXA,N01,219,221626,D,1,0.24,0.22,5.0,F,-75.0,10.0,True,,2026-07-11T15:23:39.247+00:00,/dev/cu.usbserial-576B0005451,"RX,5728810,R35,TXA,N01,219,221626,D,1,0.24,0.22,5,F,-75,10.00"
RX,5728956,R35,TXK,N151,110,221763,E,0,0.87,0.84,5.0,U,-71.0,9.5,True,,2026-07-11T15:23:39.392+00:00,/dev/cu.usbserial-576B0005451,"RX,5728956,R35,TXK,N151,110,221763,E,0,0.87,0.84,5,U,-71,9.50"
RX,5729810,R35,TXA,N01,220,222626,E,0,0.87,0.84,5.0,F,-75.0,9.75,True,,2026-07-11T15:23:40.247+00:00,/dev/cu.usbserial-576B0005451,"RX,5729810,R35,TXA,N01,220,222626,E,0,0.87,0.84,5,F,-75,9.75"
RX,5730077,R35,TXB,N16,109,222892,C,1,0.81,0.78,5.0,U,-91.0,7.75,True,,2026-07-11T15:23:40.514+00:00,/dev/cu.usbserial-576B0005451,"RX,5730077,R35,TXB,N16,109,222892,C,1,0.81,0.78,5,U,-91,7.75"
RX,5730559,R35,TXE,N61,107,223379,G,0,0.93,0.9,5.0,U,-74.0,9.25,True,,2026-07-11T15:23:40.995+00:00,/dev/cu.usbserial-576B0005451,"RX,5730559,R35,TXE,N61,107,223379,G,0,0.93,0.90,5,U,-74,9.25"
RX,5730810,R35,TXA,N01,221,223626,F,1,0.28,0.26,5.0,F,-74.0,9.25,True,,2026-07-11T15:23:41.247+00:00,/dev/cu.usbserial-576B0005451,"RX,5730810,R35,TXA,N01,221,223626,F,1,0.28,0.26,5,F,-74,9.25"
RX,5730921,R35,TXH,N106,15,223742,G,1,0.93,0.9,5.0,U,-61.0,3.5,True,,2026-07-11T15:23:41.357+00:00,/dev/cu.usbserial-576B0005451,"RX,5730921,R35,TXH,N106,15,223742,G,1,0.93,0.90,5,U,-61,3.50"
RX,5731103,R35,TXL,N166,15,223916,G,1,0.93,0.9,5.0,U,-70.0,9.25,True,,2026-07-11T15:23:41.539+00:00,/dev/cu.usbserial-576B0005451,"RX,5731103,R35,TXL,N166,15,223916,G,1,0.93,0.90,5,U,-70,9.25"
RX,5731310,R35,TXF,N76,54,224131,E,0,0.87,0.84,5.0,U,-74.0,9.25,True,,2026-07-11T15:23:41.746+00:00,/dev/cu.usbserial-576B0005451,"RX,5731310,R35,TXF,N76,54,224131,E,0,0.87,0.84,5,U,-74,9.25"
RX,5731613,R35,TXD,N46,27,224430,G,1,0.93,0.9,5.0,U,-71.0,9.5,True,,2026-07-11T15:23:42.050+00:00,/dev/cu.usbserial-576B0005451,"RX,5731613,R35,TXD,N46,27,224430,G,1,0.93,0.90,5,U,-71,9.50"
RX,5731810,R35,TXA,N01,222,224626,G,1,0.93,0.9,5.0,F,-74.0,9.75,True,,2026-07-11T15:23:42.247+00:00,/dev/cu.usbserial-576B0005451,"RX,5731810,R35,TXA,N01,222,224626,G,1,0.93,0.90,5,F,-74,9.75"
RX,5732077,R35,TXB,N16,110,224892,E,0,0.87,0.84,5.0,U,-90.0,8.25,True,,2026-07-11T15:23:42.514+00:00,/dev/cu.usbserial-576B0005451,"RX,5732077,R35,TXB,N16,110,224892,E,0,0.87,0.84,5,U,-90,8.25"
RX,5732259,R35,TXG,N91,26,225080,G,0,0.93,0.9,5.0,U,-70.0,9.5,True,,2026-07-11T15:23:42.696+00:00,/dev/cu.usbserial-576B0005451,"RX,5732259,R35,TXG,N91,26,225080,G,0,0.93,0.90,5,U,-70,9.50"
RX,5732559,R35,TXE,N61,108,225379,A,1,0.75,0.72,5.0,U,-73.0,9.5,True,,2026-07-11T15:23:42.995+00:00,/dev/cu.usbserial-576B0005451,"RX,5732559,R35,TXE,N61,108,225379,A,1,0.75,0.72,5,U,-73,9.50"
RX,5732810,R35,TXA,N01,223,225626,H,0,0.32,0.3,5.0,F,-74.0,9.25,True,,2026-07-11T15:23:43.247+00:00,/dev/cu.usbserial-576B0005451,"RX,5732810,R35,TXA,N01,223,225626,H,0,0.32,0.30,5,F,-74,9.25"
RX,5732956,R35,TXK,N151,112,225763,A,1,0.75,0.72,5.0,U,-71.0,10.0,True,,2026-07-11T15:23:43.392+00:00,/dev/cu.usbserial-576B0005451,"RX,5732956,R35,TXK,N151,112,225763,A,1,0.75,0.72,5,U,-71,10.00"
RX,5733310,R35,TXF,N76,55,226131,G,1,0.93,0.9,5.0,U,-74.0,9.75,True,,2026-07-11T15:23:43.746+00:00,/dev/cu.usbserial-576B0005451,"RX,5733310,R35,TXF,N76,55,226131,G,1,0.93,0.90,5,U,-74,9.75"
RX,5733468,R35,TXJ,N136,26,226280,G,0,0.93,0.9,5.0,U,-84.0,9.5,True,,2026-07-11T15:23:43.904+00:00,/dev/cu.usbserial-576B0005451,"RX,5733468,R35,TXJ,N136,26,226280,G,0,0.93,0.90,5,U,-84,9.50"
RX,5733563,R35,TXC,N31,54,226381,E,0,0.87,0.84,5.0,U,-75.0,10.0,True,,2026-07-11T15:23:44.000+00:00,/dev/cu.usbserial-576B0005451,"RX,5733563,R35,TXC,N31,54,226381,E,0,0.87,0.84,5,U,-75,10.00"
RX,5733810,R35,TXA,N01,224,226626,A,1,0.75,0.72,5.0,F,-74.0,9.5,True,,2026-07-11T15:23:44.247+00:00,/dev/cu.usbserial-576B0005451,"RX,5733810,R35,TXA,N01,224,226626,A,1,0.75,0.72,5,F,-74,9.50"
RX,5734559,R35,TXE,N61,109,227379,C,1,0.81,0.78,5.0,U,-73.0,9.75,True,,2026-07-11T15:23:44.995+00:00,/dev/cu.usbserial-576B0005451,"RX,5734559,R35,TXE,N61,109,227379,C,1,0.81,0.78,5,U,-73,9.75"
RX,5734668,R35,TXI,N121,54,227481,E,0,0.87,0.84,5.0,U,-73.0,10.25,True,,2026-07-11T15:23:45.105+00:00,/dev/cu.usbserial-576B0005451,"RX,5734668,R35,TXI,N121,54,227481,E,0,0.87,0.84,5,U,-73,10.25"
RX,5734810,R35,TXA,N01,225,227626,B,1,0.2,0.18,5.0,F,-74.0,9.5,True,,2026-07-11T15:23:45.247+00:00,/dev/cu.usbserial-576B0005451,"RX,5734810,R35,TXA,N01,225,227626,B,1,0.20,0.18,5,F,-74,9.50"
RX,5734956,R35,TXK,N151,113,227763,C,0,0.81,0.78,5.0,U,-71.0,10.0,True,,2026-07-11T15:23:45.392+00:00,/dev/cu.usbserial-576B0005451,"RX,5734956,R35,TXK,N151,113,227763,C,0,0.81,0.78,5,U,-71,10.00"
RX,5735563,R35,TXC,N31,55,228381,G,1,0.93,0.9,5.0,U,-75.0,9.5,True,,2026-07-11T15:23:46.000+00:00,/dev/cu.usbserial-576B0005451,"RX,5735563,R35,TXC,N31,55,228381,G,1,0.93,0.90,5,U,-75,9.50"
RX,5735810,R35,TXA,N01,226,228626,C,0,0.81,0.78,5.0,F,-74.0,9.5,True,,2026-07-11T15:23:46.246+00:00,/dev/cu.usbserial-576B0005451,"RX,5735810,R35,TXA,N01,226,228626,C,0,0.81,0.78,5,F,-74,9.50"
RX,5736077,R35,TXB,N16,112,228892,A,1,0.75,0.72,5.0,U,-91.0,7.75,True,,2026-07-11T15:23:46.513+00:00,/dev/cu.usbserial-576B0005451,"RX,5736077,R35,TXB,N16,112,228892,A,1,0.75,0.72,5,U,-91,7.75"
RX,5736559,R35,TXE,N61,110,229379,E,0,0.87,0.84,5.0,U,-73.0,9.25,True,,2026-07-11T15:23:46.995+00:00,/dev/cu.usbserial-576B0005451,"RX,5736559,R35,TXE,N61,110,229379,E,0,0.87,0.84,5,U,-73,9.25"
RX,5736668,R35,TXI,N121,55,229481,G,1,0.93,0.9,5.0,U,-73.0,9.75,True,,2026-07-11T15:23:47.105+00:00,/dev/cu.usbserial-576B0005451,"RX,5736668,R35,TXI,N121,55,229481,G,1,0.93,0.90,5,U,-73,9.75"
RX,5736810,R35,TXA,N01,227,229626,D,1,0.24,0.22,5.0,F,-74.0,9.5,True,,2026-07-11T15:23:47.247+00:00,/dev/cu.usbserial-576B0005451,"RX,5736810,R35,TXA,N01,227,229626,D,1,0.24,0.22,5,F,-74,9.50"
RX,5736956,R35,TXK,N151,114,229763,E,1,0.87,0.84,5.0,U,-70.0,9.25,True,,2026-07-11T15:23:47.392+00:00,/dev/cu.usbserial-576B0005451,"RX,5736956,R35,TXK,N151,114,229763,E,1,0.87,0.84,5,U,-70,9.25"
RX,5737810,R35,TXA,N01,228,230626,E,1,0.87,0.84,5.0,F,-74.0,9.25,True,,2026-07-11T15:23:48.247+00:00,/dev/cu.usbserial-576B0005451,"RX,5737810,R35,TXA,N01,228,230626,E,1,0.87,0.84,5,F,-74,9.25"
RX,5738077,R35,TXB,N16,113,230892,C,0,0.81,0.78,5.0,U,-91.0,8.0,True,,2026-07-11T15:23:48.514+00:00,/dev/cu.usbserial-576B0005451,"RX,5738077,R35,TXB,N16,113,230892,C,0,0.81,0.78,5,U,-91,8.00"
RX,5738558,R35,TXE,N61,111,231379,G,1,0.93,0.9,5.0,U,-74.0,9.25,True,,2026-07-11T15:23:48.995+00:00,/dev/cu.usbserial-576B0005451,"RX,5738558,R35,TXE,N61,111,231379,G,1,0.93,0.90,5,U,-74,9.25"
RX,5738810,R35,TXA,N01,229,231626,F,0,0.28,0.26,5.0,F,-74.0,9.25,True,,2026-07-11T15:23:49.247+00:00,/dev/cu.usbserial-576B0005451,"RX,5738810,R35,TXA,N01,229,231626,F,0,0.28,0.26,5,F,-74,9.25"
RX,5738956,R35,TXK,N151,115,231763,G,1,0.93,0.9,5.0,U,-71.0,9.5,True,,2026-07-11T15:23:49.392+00:00,/dev/cu.usbserial-576B0005451,"RX,5738956,R35,TXK,N151,115,231763,G,1,0.93,0.90,5,U,-71,9.50"
RX,5739310,R35,TXF,N76,56,232131,E,1,0.87,0.84,5.0,U,-73.0,9.75,True,,2026-07-11T15:23:49.746+00:00,/dev/cu.usbserial-576B0005451,"RX,5739310,R35,TXF,N76,56,232131,E,1,0.87,0.84,5,U,-73,9.75"
RX,5739613,R35,TXD,N46,28,232430,G,1,0.93,0.9,5.0,U,-71.0,10.0,True,,2026-07-11T15:23:50.050+00:00,/dev/cu.usbserial-576B0005451,"RX,5739613,R35,TXD,N46,28,232430,G,1,0.93,0.90,5,U,-71,10.00"
RX,5739810,R35,TXA,N01,230,232626,G,1,0.93,0.9,5.0,F,-74.0,9.25,True,,2026-07-11T15:23:50.247+00:00,/dev/cu.usbserial-576B0005451,"RX,5739810,R35,TXA,N01,230,232626,G,1,0.93,0.90,5,F,-74,9.25"
RX,5740077,R35,TXB,N16,114,232892,E,1,0.87,0.84,5.0,U,-90.0,8.0,True,,2026-07-11T15:23:50.513+00:00,/dev/cu.usbserial-576B0005451,"RX,5740077,R35,TXB,N16,114,232892,E,1,0.87,0.84,5,U,-90,8.00"
RX,5740259,R35,TXG,N91,27,233080,G,1,0.93,0.9,5.0,U,-70.0,9.25,True,,2026-07-11T15:23:50.695+00:00,/dev/cu.usbserial-576B0005451,"RX,5740259,R35,TXG,N91,27,233080,G,1,0.93,0.90,5,U,-70,9.25"
RX,5740559,R35,TXE,N61,112,233379,A,1,0.75,0.72,5.0,U,-74.0,9.5,True,,2026-07-11T15:23:50.995+00:00,/dev/cu.usbserial-576B0005451,"RX,5740559,R35,TXE,N61,112,233379,A,1,0.75,0.72,5,U,-74,9.50"
RX,5740810,R35,TXA,N01,231,233626,H,1,0.32,0.3,5.0,F,-74.0,9.25,True,,2026-07-11T15:23:51.247+00:00,/dev/cu.usbserial-576B0005451,"RX,5740810,R35,TXA,N01,231,233626,H,1,0.32,0.30,5,F,-74,9.25"
RX,5740956,R35,TXK,N151,116,233763,A,0,0.75,0.72,5.0,U,-70.0,10.25,True,,2026-07-11T15:23:51.392+00:00,/dev/cu.usbserial-576B0005451,"RX,5740956,R35,TXK,N151,116,233763,A,0,0.75,0.72,5,U,-70,10.25"
RX,5741310,R35,TXF,N76,57,234131,G,1,0.93,0.9,5.0,U,-74.0,10.25,True,,2026-07-11T15:23:51.746+00:00,/dev/cu.usbserial-576B0005451,"RX,5741310,R35,TXF,N76,57,234131,G,1,0.93,0.90,5,U,-74,10.25"
RX,5741468,R35,TXJ,N136,27,234280,G,1,0.93,0.9,5.0,U,-83.0,9.75,True,,2026-07-11T15:23:51.904+00:00,/dev/cu.usbserial-576B0005451,"RX,5741468,R35,TXJ,N136,27,234280,G,1,0.93,0.90,5,U,-83,9.75"
RX,5741563,R35,TXC,N31,56,234381,E,1,0.87,0.84,5.0,U,-76.0,9.75,True,,2026-07-11T15:23:52.000+00:00,/dev/cu.usbserial-576B0005451,"RX,5741563,R35,TXC,N31,56,234381,E,1,0.87,0.84,5,U,-76,9.75"
RX,5741810,R35,TXA,N01,232,234626,A,0,0.75,0.72,5.0,F,-73.0,9.5,True,,2026-07-11T15:23:52.247+00:00,/dev/cu.usbserial-576B0005451,"RX,5741810,R35,TXA,N01,232,234626,A,0,0.75,0.72,5,F,-73,9.50"
RX,5742077,R35,TXB,N16,115,234892,G,1,0.93,0.9,5.0,U,-90.0,8.0,True,,2026-07-11T15:23:52.514+00:00,/dev/cu.usbserial-576B0005451,"RX,5742077,R35,TXB,N16,115,234892,G,1,0.93,0.90,5,U,-90,8.00"
RX,5742559,R35,TXE,N61,113,235379,C,0,0.81,0.78,5.0,U,-73.0,9.5,True,,2026-07-11T15:23:52.995+00:00,/dev/cu.usbserial-576B0005451,"RX,5742559,R35,TXE,N61,113,235379,C,0,0.81,0.78,5,U,-73,9.50"
RX,5742668,R35,TXI,N121,56,235481,E,1,0.87,0.84,5.0,U,-73.0,9.5,True,,2026-07-11T15:23:53.105+00:00,/dev/cu.usbserial-576B0005451,"RX,5742668,R35,TXI,N121,56,235481,E,1,0.87,0.84,5,U,-73,9.50"
RX,5742810,R35,TXA,N01,233,235626,B,1,0.2,0.18,5.0,F,-74.0,9.25,True,,2026-07-11T15:23:53.247+00:00,/dev/cu.usbserial-576B0005451,"RX,5742810,R35,TXA,N01,233,235626,B,1,0.20,0.18,5,F,-74,9.25"
RX,5742956,R35,TXK,N151,117,235763,C,1,0.81,0.78,5.0,U,-71.0,9.75,True,,2026-07-11T15:23:53.392+00:00,/dev/cu.usbserial-576B0005451,"RX,5742956,R35,TXK,N151,117,235763,C,1,0.81,0.78,5,U,-71,9.75"
RX,5743563,R35,TXC,N31,57,236381,G,1,0.93,0.9,5.0,U,-76.0,9.5,True,,2026-07-11T15:23:54.000+00:00,/dev/cu.usbserial-576B0005451,"RX,5743563,R35,TXC,N31,57,236381,G,1,0.93,0.90,5,U,-76,9.50"
RX,5743810,R35,TXA,N01,234,236626,C,1,0.81,0.78,5.0,F,-74.0,9.0,True,,2026-07-11T15:23:54.247+00:00,/dev/cu.usbserial-576B0005451,"RX,5743810,R35,TXA,N01,234,236626,C,1,0.81,0.78,5,F,-74,9.00"
RX,5744077,R35,TXB,N16,116,236892,A,0,0.75,0.72,5.0,U,-91.0,8.0,True,,2026-07-11T15:23:54.514+00:00,/dev/cu.usbserial-576B0005451,"RX,5744077,R35,TXB,N16,116,236892,A,0,0.75,0.72,5,U,-91,8.00"
RX,5744559,R35,TXE,N61,114,237379,E,1,0.87,0.84,5.0,U,-73.0,9.5,True,,2026-07-11T15:23:54.995+00:00,/dev/cu.usbserial-576B0005451,"RX,5744559,R35,TXE,N61,114,237379,E,1,0.87,0.84,5,U,-73,9.50"
RX,5744668,R35,TXI,N121,57,237481,G,1,0.93,0.9,5.0,U,-73.0,9.75,True,,2026-07-11T15:23:55.105+00:00,/dev/cu.usbserial-576B0005451,"RX,5744668,R35,TXI,N121,57,237481,G,1,0.93,0.90,5,U,-73,9.75"
RX,5744810,R35,TXA,N01,235,237626,D,0,0.24,0.22,5.0,F,-74.0,9.0,True,,2026-07-11T15:23:55.247+00:00,/dev/cu.usbserial-576B0005451,"RX,5744810,R35,TXA,N01,235,237626,D,0,0.24,0.22,5,F,-74,9.00"
RX,5744956,R35,TXK,N151,118,237763,E,1,0.87,0.84,5.0,U,-70.0,10.25,True,,2026-07-11T15:23:55.392+00:00,/dev/cu.usbserial-576B0005451,"RX,5744956,R35,TXK,N151,118,237763,E,1,0.87,0.84,5,U,-70,10.25"
RX,5745810,R35,TXA,N01,236,238626,E,1,0.87,0.84,5.0,F,-74.0,9.5,True,,2026-07-11T15:23:56.247+00:00,/dev/cu.usbserial-576B0005451,"RX,5745810,R35,TXA,N01,236,238626,E,1,0.87,0.84,5,F,-74,9.50"
RX,5746077,R35,TXB,N16,117,238892,C,1,0.81,0.78,5.0,U,-90.0,8.0,True,,2026-07-11T15:23:56.514+00:00,/dev/cu.usbserial-576B0005451,"RX,5746077,R35,TXB,N16,117,238892,C,1,0.81,0.78,5,U,-90,8.00"
RX,5746559,R35,TXE,N61,115,239379,G,1,0.93,0.9,5.0,U,-73.0,9.5,True,,2026-07-11T15:23:56.995+00:00,/dev/cu.usbserial-576B0005451,"RX,5746559,R35,TXE,N61,115,239379,G,1,0.93,0.90,5,U,-73,9.50"
RX,5746810,R35,TXA,N01,237,239626,F,1,0.28,0.26,5.0,F,-74.0,9.5,True,,2026-07-11T15:23:57.247+00:00,/dev/cu.usbserial-576B0005451,"RX,5746810,R35,TXA,N01,237,239626,F,1,0.28,0.26,5,F,-74,9.50"
RX,5746956,R35,TXK,N151,119,239763,G,0,0.93,0.9,5.0,U,-70.0,9.75,True,,2026-07-11T15:23:57.392+00:00,/dev/cu.usbserial-576B0005451,"RX,5746956,R35,TXK,N151,119,239763,G,0,0.93,0.90,5,U,-70,9.75"
RX,5747309,R35,TXF,N76,58,240131,E,1,0.87,0.84,5.0,U,-73.0,10.0,True,,2026-07-11T15:23:57.746+00:00,/dev/cu.usbserial-576B0005451,"RX,5747309,R35,TXF,N76,58,240131,E,1,0.87,0.84,5,U,-73,10.00"
RX,5747613,R35,TXD,N46,29,240430,G,0,0.93,0.9,5.0,U,-71.0,9.75,True,,2026-07-11T15:23:58.050+00:00,/dev/cu.usbserial-576B0005451,"RX,5747613,R35,TXD,N46,29,240430,G,0,0.93,0.90,5,U,-71,9.75"
RX,5747810,R35,TXA,N01,238,240626,G,0,0.93,0.9,5.0,F,-74.0,9.25,True,,2026-07-11T15:23:58.247+00:00,/dev/cu.usbserial-576B0005451,"RX,5747810,R35,TXA,N01,238,240626,G,0,0.93,0.90,5,F,-74,9.25"
RX,5748077,R35,TXB,N16,118,240892,E,1,0.87,0.84,5.0,U,-91.0,7.5,True,,2026-07-11T15:23:58.514+00:00,/dev/cu.usbserial-576B0005451,"RX,5748077,R35,TXB,N16,118,240892,E,1,0.87,0.84,5,U,-91,7.50"
RX,5748259,R35,TXG,N91,28,241080,G,1,0.93,0.9,5.0,U,-69.0,9.75,True,,2026-07-11T15:23:58.696+00:00,/dev/cu.usbserial-576B0005451,"RX,5748259,R35,TXG,N91,28,241080,G,1,0.93,0.90,5,U,-69,9.75"
RX,5748559,R35,TXE,N61,116,241379,A,0,0.75,0.72,5.0,U,-74.0,9.25,True,,2026-07-11T15:23:58.995+00:00,/dev/cu.usbserial-576B0005451,"RX,5748559,R35,TXE,N61,116,241379,A,0,0.75,0.72,5,U,-74,9.25"
RX,5748810,R35,TXA,N01,239,241626,H,1,0.32,0.3,5.0,F,-74.0,9.5,True,,2026-07-11T15:23:59.247+00:00,/dev/cu.usbserial-576B0005451,"RX,5748810,R35,TXA,N01,239,241626,H,1,0.32,0.30,5,F,-74,9.50"
RX,5748956,R35,TXK,N151,120,241763,A,1,0.75,0.72,5.0,U,-70.0,9.75,True,,2026-07-11T15:23:59.392+00:00,/dev/cu.usbserial-576B0005451,"RX,5748956,R35,TXK,N151,120,241763,A,1,0.75,0.72,5,U,-70,9.75"
RX,5749309,R35,TXF,N76,59,242131,G,0,0.93,0.9,5.0,U,-73.0,9.75,True,,2026-07-11T15:23:59.746+00:00,/dev/cu.usbserial-576B0005451,"RX,5749309,R35,TXF,N76,59,242131,G,0,0.93,0.90,5,U,-73,9.75"
RX,5749468,R35,TXJ,N136,28,242280,G,1,0.93,0.9,5.0,U,-84.0,9.5,True,,2026-07-11T15:23:59.905+00:00,/dev/cu.usbserial-576B0005451,"RX,5749468,R35,TXJ,N136,28,242280,G,1,0.93,0.90,5,U,-84,9.50"
RX,5749563,R35,TXC,N31,58,242381,E,1,0.87,0.84,5.0,U,-75.0,9.25,True,,2026-07-11T15:24:00.000+00:00,/dev/cu.usbserial-576B0005451,"RX,5749563,R35,TXC,N31,58,242381,E,1,0.87,0.84,5,U,-75,9.25"
RX,5749810,R35,TXA,N01,240,242626,A,1,0.75,0.72,5.0,F,-74.0,9.25,True,,2026-07-11T15:24:00.247+00:00,/dev/cu.usbserial-576B0005451,"RX,5749810,R35,TXA,N01,240,242626,A,1,0.75,0.72,5,F,-74,9.25"
RX,5750077,R35,TXB,N16,119,242892,G,0,0.93,0.9,5.0,U,-91.0,7.75,True,,2026-07-11T15:24:00.514+00:00,/dev/cu.usbserial-576B0005451,"RX,5750077,R35,TXB,N16,119,242892,G,0,0.93,0.90,5,U,-91,7.75"
RX,5750558,R35,TXE,N61,117,243379,C,1,0.81,0.78,5.0,U,-73.0,9.25,True,,2026-07-11T15:24:00.995+00:00,/dev/cu.usbserial-576B0005451,"RX,5750558,R35,TXE,N61,117,243379,C,1,0.81,0.78,5,U,-73,9.25"
RX,5750668,R35,TXI,N121,58,243481,E,1,0.87,0.84,5.0,U,-73.0,10.0,True,,2026-07-11T15:24:01.105+00:00,/dev/cu.usbserial-576B0005451,"RX,5750668,R35,TXI,N121,58,243481,E,1,0.87,0.84,5,U,-73,10.00"
RX,5750956,R35,TXK,N151,121,243763,C,1,0.81,0.78,5.0,U,-71.0,9.75,True,,2026-07-11T15:24:01.392+00:00,/dev/cu.usbserial-576B0005451,"RX,5750956,R35,TXK,N151,121,243763,C,1,0.81,0.78,5,U,-71,9.75"
RX,5751563,R35,TXC,N31,59,244381,G,0,0.93,0.9,5.0,U,-75.0,9.5,True,,2026-07-11T15:24:02.000+00:00,/dev/cu.usbserial-576B0005451,"RX,5751563,R35,TXC,N31,59,244381,G,0,0.93,0.90,5,U,-75,9.50"
RX,5751810,R35,TXA,N01,242,244626,C,1,0.81,0.78,5.0,F,-74.0,9.25,True,,2026-07-11T15:24:02.247+00:00,/dev/cu.usbserial-576B0005451,"RX,5751810,R35,TXA,N01,242,244626,C,1,0.81,0.78,5,F,-74,9.25"
RX,5752077,R35,TXB,N16,120,244892,A,1,0.75,0.72,5.0,U,-91.0,7.5,True,,2026-07-11T15:24:02.514+00:00,/dev/cu.usbserial-576B0005451,"RX,5752077,R35,TXB,N16,120,244892,A,1,0.75,0.72,5,U,-91,7.50"
RX,5752559,R35,TXE,N61,118,245379,E,1,0.87,0.84,5.0,U,-73.0,9.75,True,,2026-07-11T15:24:02.995+00:00,/dev/cu.usbserial-576B0005451,"RX,5752559,R35,TXE,N61,118,245379,E,1,0.87,0.84,5,U,-73,9.75"
RX,5752668,R35,TXI,N121,59,245481,G,0,0.93,0.9,5.0,U,-73.0,9.5,True,,2026-07-11T15:24:03.105+00:00,/dev/cu.usbserial-576B0005451,"RX,5752668,R35,TXI,N121,59,245481,G,0,0.93,0.90,5,U,-73,9.50"
RX,5752810,R35,TXA,N01,243,245626,D,1,0.24,0.22,5.0,F,-74.0,10.0,True,,2026-07-11T15:24:03.247+00:00,/dev/cu.usbserial-576B0005451,"RX,5752810,R35,TXA,N01,243,245626,D,1,0.24,0.22,5,F,-74,10.00"
RX,5752956,R35,TXK,N151,122,245763,E,0,0.87,0.84,5.0,U,-71.0,9.25,True,,2026-07-11T15:24:03.392+00:00,/dev/cu.usbserial-576B0005451,"RX,5752956,R35,TXK,N151,122,245763,E,0,0.87,0.84,5,U,-71,9.25"
RX,5753810,R35,TXA,N01,244,246626,E,0,0.87,0.84,5.0,F,-74.0,9.75,True,,2026-07-11T15:24:04.247+00:00,/dev/cu.usbserial-576B0005451,"RX,5753810,R35,TXA,N01,244,246626,E,0,0.87,0.84,5,F,-74,9.75"
RX,5754077,R35,TXB,N16,121,246892,C,1,0.81,0.78,5.0,U,-92.0,7.25,True,,2026-07-11T15:24:04.514+00:00,/dev/cu.usbserial-576B0005451,"RX,5754077,R35,TXB,N16,121,246892,C,1,0.81,0.78,5,U,-92,7.25"
RX,5754558,R35,TXE,N61,119,247379,G,0,0.93,0.9,5.0,U,-73.0,9.5,True,,2026-07-11T15:24:04.995+00:00,/dev/cu.usbserial-576B0005451,"RX,5754558,R35,TXE,N61,119,247379,G,0,0.93,0.90,5,U,-73,9.50"
RX,5754810,R35,TXA,N01,245,247626,F,1,0.28,0.26,5.0,F,-75.0,9.25,True,,2026-07-11T15:24:05.247+00:00,/dev/cu.usbserial-576B0005451,"RX,5754810,R35,TXA,N01,245,247626,F,1,0.28,0.26,5,F,-75,9.25"
RX,5754956,R35,TXK,N151,123,247763,G,1,0.93,0.9,5.0,U,-70.0,10.0,True,,2026-07-11T15:24:05.392+00:00,/dev/cu.usbserial-576B0005451,"RX,5754956,R35,TXK,N151,123,247763,G,1,0.93,0.90,5,U,-70,10.00"
RX,5755309,R35,TXF,N76,60,248131,E,0,0.87,0.84,5.0,U,-74.0,9.0,True,,2026-07-11T15:24:05.746+00:00,/dev/cu.usbserial-576B0005451,"RX,5755309,R35,TXF,N76,60,248131,E,0,0.87,0.84,5,U,-74,9.00"
RX,5755613,R35,TXD,N46,30,248430,G,1,0.93,0.9,5.0,U,-71.0,9.5,True,,2026-07-11T15:24:06.050+00:00,/dev/cu.usbserial-576B0005451,"RX,5755613,R35,TXD,N46,30,248430,G,1,0.93,0.90,5,U,-71,9.50"
RX,5755810,R35,TXA,N01,246,248626,G,1,0.93,0.9,5.0,F,-74.0,10.0,True,,2026-07-11T15:24:06.247+00:00,/dev/cu.usbserial-576B0005451,"RX,5755810,R35,TXA,N01,246,248626,G,1,0.93,0.90,5,F,-74,10.00"
RX,5756077,R35,TXB,N16,122,248892,E,0,0.87,0.84,5.0,U,-91.0,7.5,True,,2026-07-11T15:24:06.514+00:00,/dev/cu.usbserial-576B0005451,"RX,5756077,R35,TXB,N16,122,248892,E,0,0.87,0.84,5,U,-91,7.50"
RX,5756259,R35,TXG,N91,29,249080,G,0,0.93,0.9,5.0,U,-70.0,9.75,True,,2026-07-11T15:24:06.696+00:00,/dev/cu.usbserial-576B0005451,"RX,5756259,R35,TXG,N91,29,249080,G,0,0.93,0.90,5,U,-70,9.75"
RX,5756559,R35,TXE,N61,120,249379,A,1,0.75,0.72,5.0,U,-74.0,9.5,True,,2026-07-11T15:24:06.995+00:00,/dev/cu.usbserial-576B0005451,"RX,5756559,R35,TXE,N61,120,249379,A,1,0.75,0.72,5,U,-74,9.50"
RX,5756810,R35,TXA,N01,247,249626,H,0,0.32,0.3,5.0,F,-74.0,9.5,True,,2026-07-11T15:24:07.247+00:00,/dev/cu.usbserial-576B0005451,"RX,5756810,R35,TXA,N01,247,249626,H,0,0.32,0.30,5,F,-74,9.50"
RX,5756956,R35,TXK,N151,124,249763,A,1,0.75,0.72,5.0,U,-70.0,10.0,True,,2026-07-11T15:24:07.392+00:00,/dev/cu.usbserial-576B0005451,"RX,5756956,R35,TXK,N151,124,249763,A,1,0.75,0.72,5,U,-70,10.00"
RX,5757309,R35,TXF,N76,61,250131,G,1,0.93,0.9,5.0,U,-74.0,9.75,True,,2026-07-11T15:24:07.746+00:00,/dev/cu.usbserial-576B0005451,"RX,5757309,R35,TXF,N76,61,250131,G,1,0.93,0.90,5,U,-74,9.75"
RX,5757468,R35,TXJ,N136,29,250280,G,0,0.93,0.9,5.0,U,-82.0,9.75,True,,2026-07-11T15:24:07.905+00:00,/dev/cu.usbserial-576B0005451,"RX,5757468,R35,TXJ,N136,29,250280,G,0,0.93,0.90,5,U,-82,9.75"
RX,5757563,R35,TXC,N31,60,250381,E,0,0.87,0.84,5.0,U,-76.0,10.5,True,,2026-07-11T15:24:08.000+00:00,/dev/cu.usbserial-576B0005451,"RX,5757563,R35,TXC,N31,60,250381,E,0,0.87,0.84,5,U,-76,10.50"
RX,5757810,R35,TXA,N01,248,250626,A,1,0.75,0.72,5.0,F,-75.0,9.5,True,,2026-07-11T15:24:08.247+00:00,/dev/cu.usbserial-576B0005451,"RX,5757810,R35,TXA,N01,248,250626,A,1,0.75,0.72,5,F,-75,9.50"
RX,5758077,R35,TXB,N16,123,250892,G,1,0.93,0.9,5.0,U,-91.0,7.5,True,,2026-07-11T15:24:08.514+00:00,/dev/cu.usbserial-576B0005451,"RX,5758077,R35,TXB,N16,123,250892,G,1,0.93,0.90,5,U,-91,7.50"
RX,5758559,R35,TXE,N61,121,251379,C,1,0.81,0.78,5.0,U,-74.0,9.25,True,,2026-07-11T15:24:08.995+00:00,/dev/cu.usbserial-576B0005451,"RX,5758559,R35,TXE,N61,121,251379,C,1,0.81,0.78,5,U,-74,9.25"
RX,5758668,R35,TXI,N121,60,251481,E,0,0.87,0.84,5.0,U,-73.0,9.75,True,,2026-07-11T15:24:09.105+00:00,/dev/cu.usbserial-576B0005451,"RX,5758668,R35,TXI,N121,60,251481,E,0,0.87,0.84,5,U,-73,9.75"
RX,5758810,R35,TXA,N01,249,251626,B,1,0.2,0.18,5.0,F,-75.0,9.0,True,,2026-07-11T15:24:09.247+00:00,/dev/cu.usbserial-576B0005451,"RX,5758810,R35,TXA,N01,249,251626,B,1,0.20,0.18,5,F,-75,9.00"
RX,5758955,R35,TXK,N151,125,251763,C,0,0.81,0.78,5.0,U,-71.0,9.75,True,,2026-07-11T15:24:09.392+00:00,/dev/cu.usbserial-576B0005451,"RX,5758955,R35,TXK,N151,125,251763,C,0,0.81,0.78,5,U,-71,9.75"
RX,5759563,R35,TXC,N31,61,252381,G,1,0.93,0.9,5.0,U,-75.0,9.5,True,,2026-07-11T15:24:10.001+00:00,/dev/cu.usbserial-576B0005451,"RX,5759563,R35,TXC,N31,61,252381,G,1,0.93,0.90,5,U,-75,9.50"
RX,5759810,R35,TXA,N01,250,252626,C,0,0.81,0.78,5.0,F,-74.0,9.0,True,,2026-07-11T15:24:10.247+00:00,/dev/cu.usbserial-576B0005451,"RX,5759810,R35,TXA,N01,250,252626,C,0,0.81,0.78,5,F,-74,9.00"
RX,5760077,R35,TXB,N16,124,252892,A,1,0.75,0.72,5.0,U,-91.0,7.0,True,,2026-07-11T15:24:10.514+00:00,/dev/cu.usbserial-576B0005451,"RX,5760077,R35,TXB,N16,124,252892,A,1,0.75,0.72,5,U,-91,7.00"
RX,5760558,R35,TXE,N61,122,253379,E,0,0.87,0.84,5.0,U,-73.0,9.5,True,,2026-07-11T15:24:10.995+00:00,/dev/cu.usbserial-576B0005451,"RX,5760558,R35,TXE,N61,122,253379,E,0,0.87,0.84,5,U,-73,9.50"
RX,5760668,R35,TXI,N121,61,253481,G,1,0.93,0.9,5.0,U,-73.0,12.0,True,,2026-07-11T15:24:11.105+00:00,/dev/cu.usbserial-576B0005451,"RX,5760668,R35,TXI,N121,61,253481,G,1,0.93,0.90,5,U,-73,12.00"
RX,5760810,R35,TXA,N01,251,253626,D,1,0.24,0.22,5.0,F,-74.0,9.5,True,,2026-07-11T15:24:11.247+00:00,/dev/cu.usbserial-576B0005451,"RX,5760810,R35,TXA,N01,251,253626,D,1,0.24,0.22,5,F,-74,9.50"
RX,5760955,R35,TXK,N151,126,253763,E,1,0.87,0.84,5.0,U,-70.0,9.75,True,,2026-07-11T15:24:11.392+00:00,/dev/cu.usbserial-576B0005451,"RX,5760955,R35,TXK,N151,126,253763,E,1,0.87,0.84,5,U,-70,9.75"
RX,5761810,R35,TXA,N01,252,254626,E,1,0.87,0.84,5.0,F,-74.0,9.25,True,,2026-07-11T15:24:12.247+00:00,/dev/cu.usbserial-576B0005451,"RX,5761810,R35,TXA,N01,252,254626,E,1,0.87,0.84,5,F,-74,9.25"
RX,5762077,R35,TXB,N16,125,254892,C,0,0.81,0.78,5.0,U,-91.0,8.0,True,,2026-07-11T15:24:12.514+00:00,/dev/cu.usbserial-576B0005451,"RX,5762077,R35,TXB,N16,125,254892,C,0,0.81,0.78,5,U,-91,8.00"
RX,5762559,R35,TXE,N61,123,255379,G,1,0.93,0.9,5.0,U,-74.0,9.25,True,,2026-07-11T15:24:12.995+00:00,/dev/cu.usbserial-576B0005451,"RX,5762559,R35,TXE,N61,123,255379,G,1,0.93,0.90,5,U,-74,9.25"
RX,5762810,R35,TXA,N01,253,255626,F,0,0.28,0.26,5.0,F,-75.0,9.5,True,,2026-07-11T15:24:13.247+00:00,/dev/cu.usbserial-576B0005451,"RX,5762810,R35,TXA,N01,253,255626,F,0,0.28,0.26,5,F,-75,9.50"
RX,5762956,R35,TXK,N151,127,255763,G,1,0.93,0.9,5.0,U,-70.0,9.75,True,,2026-07-11T15:24:13.392+00:00,/dev/cu.usbserial-576B0005451,"RX,5762956,R35,TXK,N151,127,255763,G,1,0.93,0.90,5,U,-70,9.75"
RX,5763309,R35,TXF,N76,62,256131,E,1,0.87,0.84,5.0,U,-73.0,9.75,True,,2026-07-11T15:24:13.746+00:00,/dev/cu.usbserial-576B0005451,"RX,5763309,R35,TXF,N76,62,256131,E,1,0.87,0.84,5,U,-73,9.75"
RX,5763613,R35,TXD,N46,31,256430,G,1,0.93,0.9,5.0,U,-70.0,9.5,True,,2026-07-11T15:24:14.050+00:00,/dev/cu.usbserial-576B0005451,"RX,5763613,R35,TXD,N46,31,256430,G,1,0.93,0.90,5,U,-70,9.50"
RX,5763810,R35,TXA,N01,254,256626,G,1,0.93,0.9,5.0,F,-74.0,9.25,True,,2026-07-11T15:24:14.247+00:00,/dev/cu.usbserial-576B0005451,"RX,5763810,R35,TXA,N01,254,256626,G,1,0.93,0.90,5,F,-74,9.25"
RX,5764077,R35,TXB,N16,126,256892,E,1,0.87,0.84,5.0,U,-91.0,7.0,True,,2026-07-11T15:24:14.514+00:00,/dev/cu.usbserial-576B0005451,"RX,5764077,R35,TXB,N16,126,256892,E,1,0.87,0.84,5,U,-91,7.00"
RX,5764259,R35,TXG,N91,30,257080,G,1,0.93,0.9,5.0,U,-70.0,9.5,True,,2026-07-11T15:24:14.696+00:00,/dev/cu.usbserial-576B0005451,"RX,5764259,R35,TXG,N91,30,257080,G,1,0.93,0.90,5,U,-70,9.50"
RX,5764559,R35,TXE,N61,124,257379,A,1,0.75,0.72,5.0,U,-74.0,9.25,True,,2026-07-11T15:24:14.995+00:00,/dev/cu.usbserial-576B0005451,"RX,5764559,R35,TXE,N61,124,257379,A,1,0.75,0.72,5,U,-74,9.25"
RX,5764810,R35,TXA,N01,255,257626,H,1,0.32,0.3,5.0,F,-74.0,9.5,True,,2026-07-11T15:24:15.247+00:00,/dev/cu.usbserial-576B0005451,"RX,5764810,R35,TXA,N01,255,257626,H,1,0.32,0.30,5,F,-74,9.50"
RX,5764955,R35,TXK,N151,128,257763,A,1,0.75,0.72,5.0,U,-71.0,10.0,True,,2026-07-11T15:24:15.392+00:00,/dev/cu.usbserial-576B0005451,"RX,5764955,R35,TXK,N151,128,257763,A,1,0.75,0.72,5,U,-71,10.00"
RX,5765309,R35,TXF,N76,63,258131,G,1,0.93,0.9,5.0,U,-74.0,9.25,True,,2026-07-11T15:24:15.746+00:00,/dev/cu.usbserial-576B0005451,"RX,5765309,R35,TXF,N76,63,258131,G,1,0.93,0.90,5,U,-74,9.25"
RX,5765468,R35,TXJ,N136,30,258280,G,1,0.93,0.9,5.0,U,-84.0,9.25,True,,2026-07-11T15:24:15.905+00:00,/dev/cu.usbserial-576B0005451,"RX,5765468,R35,TXJ,N136,30,258280,G,1,0.93,0.90,5,U,-84,9.25"
RX,5765563,R35,TXC,N31,62,258381,E,1,0.87,0.84,5.0,U,-75.0,9.5,True,,2026-07-11T15:24:16.000+00:00,/dev/cu.usbserial-576B0005451,"RX,5765563,R35,TXC,N31,62,258381,E,1,0.87,0.84,5,U,-75,9.50"
RX,5765810,R35,TXA,N01,256,258626,A,1,0.75,0.72,5.0,F,-74.0,9.25,True,,2026-07-11T15:24:16.247+00:00,/dev/cu.usbserial-576B0005451,"RX,5765810,R35,TXA,N01,256,258626,A,1,0.75,0.72,5,F,-74,9.25"
RX,5766077,R35,TXB,N16,127,258892,G,1,0.93,0.9,5.0,U,-91.0,7.75,True,,2026-07-11T15:24:16.514+00:00,/dev/cu.usbserial-576B0005451,"RX,5766077,R35,TXB,N16,127,258892,G,1,0.93,0.90,5,U,-91,7.75"
RX,5766559,R35,TXE,N61,125,259379,C,0,0.81,0.78,5.0,U,-74.0,9.25,True,,2026-07-11T15:24:16.996+00:00,/dev/cu.usbserial-576B0005451,"RX,5766559,R35,TXE,N61,125,259379,C,0,0.81,0.78,5,U,-74,9.25"
RX,5766668,R35,TXI,N121,62,259481,E,1,0.87,0.84,5.0,U,-73.0,9.5,True,,2026-07-11T15:24:17.105+00:00,/dev/cu.usbserial-576B0005451,"RX,5766668,R35,TXI,N121,62,259481,E,1,0.87,0.84,5,U,-73,9.50"
RX,5766810,R35,TXA,N01,257,259626,B,0,0.2,0.18,5.0,F,-74.0,9.25,True,,2026-07-11T15:24:17.247+00:00,/dev/cu.usbserial-576B0005451,"RX,5766810,R35,TXA,N01,257,259626,B,0,0.20,0.18,5,F,-74,9.25"
RX,5766956,R35,TXK,N151,129,259763,C,1,0.81,0.78,5.0,U,-71.0,9.5,True,,2026-07-11T15:24:17.392+00:00,/dev/cu.usbserial-576B0005451,"RX,5766956,R35,TXK,N151,129,259763,C,1,0.81,0.78,5,U,-71,9.50"
RX,5767563,R35,TXC,N31,63,260381,G,1,0.93,0.9,5.0,U,-75.0,9.5,True,,2026-07-11T15:24:18.000+00:00,/dev/cu.usbserial-576B0005451,"RX,5767563,R35,TXC,N31,63,260381,G,1,0.93,0.90,5,U,-75,9.50"
RX,5767810,R35,TXA,N01,258,260626,C,1,0.81,0.78,5.0,F,-74.0,9.25,True,,2026-07-11T15:24:18.247+00:00,/dev/cu.usbserial-576B0005451,"RX,5767810,R35,TXA,N01,258,260626,C,1,0.81,0.78,5,F,-74,9.25"
RX,5768077,R35,TXB,N16,128,260892,A,1,0.75,0.72,5.0,U,-91.0,7.5,True,,2026-07-11T15:24:18.514+00:00,/dev/cu.usbserial-576B0005451,"RX,5768077,R35,TXB,N16,128,260892,A,1,0.75,0.72,5,U,-91,7.50"
RX,5768559,R35,TXE,N61,126,261379,E,1,0.87,0.84,5.0,U,-74.0,9.5,True,,2026-07-11T15:24:18.996+00:00,/dev/cu.usbserial-576B0005451,"RX,5768559,R35,TXE,N61,126,261379,E,1,0.87,0.84,5,U,-74,9.50"
RX,5768668,R35,TXI,N121,63,261481,G,1,0.93,0.9,5.0,U,-74.0,9.25,True,,2026-07-11T15:24:19.105+00:00,/dev/cu.usbserial-576B0005451,"RX,5768668,R35,TXI,N121,63,261481,G,1,0.93,0.90,5,U,-74,9.25"
RX,5768810,R35,TXA,N01,259,261626,D,1,0.24,0.22,5.0,F,-74.0,9.25,True,,2026-07-11T15:24:19.247+00:00,/dev/cu.usbserial-576B0005451,"RX,5768810,R35,TXA,N01,259,261626,D,1,0.24,0.22,5,F,-74,9.25"
RX,5768956,R35,TXK,N151,130,261763,E,0,0.87,0.84,5.0,U,-70.0,10.0,True,,2026-07-11T15:24:19.392+00:00,/dev/cu.usbserial-576B0005451,"RX,5768956,R35,TXK,N151,130,261763,E,0,0.87,0.84,5,U,-70,10.00"
RX,5769810,R35,TXA,N01,260,262626,E,0,0.87,0.84,5.0,F,-74.0,9.25,True,,2026-07-11T15:24:20.247+00:00,/dev/cu.usbserial-576B0005451,"RX,5769810,R35,TXA,N01,260,262626,E,0,0.87,0.84,5,F,-74,9.25"
RX,5770077,R35,TXB,N16,129,262892,C,1,0.81,0.78,5.0,U,-91.0,7.25,True,,2026-07-11T15:24:20.514+00:00,/dev/cu.usbserial-576B0005451,"RX,5770077,R35,TXB,N16,129,262892,C,1,0.81,0.78,5,U,-91,7.25"
RX,5770559,R35,TXE,N61,127,263379,G,1,0.93,0.9,5.0,U,-74.0,9.5,True,,2026-07-11T15:24:20.996+00:00,/dev/cu.usbserial-576B0005451,"RX,5770559,R35,TXE,N61,127,263379,G,1,0.93,0.90,5,U,-74,9.50"
RX,5770810,R35,TXA,N01,261,263626,F,1,0.28,0.26,5.0,F,-74.0,9.25,True,,2026-07-11T15:24:21.247+00:00,/dev/cu.usbserial-576B0005451,"RX,5770810,R35,TXA,N01,261,263626,F,1,0.28,0.26,5,F,-74,9.25"
RX,5770921,R35,TXH,N106,16,263742,G,1,0.93,0.9,5.0,U,-62.0,3.75,True,,2026-07-11T15:24:21.358+00:00,/dev/cu.usbserial-576B0005451,"RX,5770921,R35,TXH,N106,16,263742,G,1,0.93,0.90,5,U,-62,3.75"
RX,5771103,R35,TXL,N166,16,263916,G,1,0.93,0.9,5.0,U,-70.0,9.75,True,,2026-07-11T15:24:21.540+00:00,/dev/cu.usbserial-576B0005451,"RX,5771103,R35,TXL,N166,16,263916,G,1,0.93,0.90,5,U,-70,9.75"
RX,5771309,R35,TXF,N76,64,264131,E,0,0.87,0.84,5.0,U,-74.0,9.25,True,,2026-07-11T15:24:21.746+00:00,/dev/cu.usbserial-576B0005451,"RX,5771309,R35,TXF,N76,64,264131,E,0,0.87,0.84,5,U,-74,9.25"
RX,5771613,R35,TXD,N46,32,264430,G,1,0.93,0.9,5.0,U,-70.0,9.75,True,,2026-07-11T15:24:22.050+00:00,/dev/cu.usbserial-576B0005451,"RX,5771613,R35,TXD,N46,32,264430,G,1,0.93,0.90,5,U,-70,9.75"
RX,5771810,R35,TXA,N01,262,264626,G,1,0.93,0.9,5.0,F,-74.0,9.5,True,,2026-07-11T15:24:22.247+00:00,/dev/cu.usbserial-576B0005451,"RX,5771810,R35,TXA,N01,262,264626,G,1,0.93,0.90,5,F,-74,9.50"
RX,5772077,R35,TXB,N16,130,264892,E,0,0.87,0.84,5.0,U,-91.0,7.5,True,,2026-07-11T15:24:22.514+00:00,/dev/cu.usbserial-576B0005451,"RX,5772077,R35,TXB,N16,130,264892,E,0,0.87,0.84,5,U,-91,7.50"
RX,5772259,R35,TXG,N91,31,265080,G,1,0.93,0.9,5.0,U,-70.0,9.5,True,,2026-07-11T15:24:22.696+00:00,/dev/cu.usbserial-576B0005451,"RX,5772259,R35,TXG,N91,31,265080,G,1,0.93,0.90,5,U,-70,9.50"
RX,5772559,R35,TXE,N61,128,265379,A,1,0.75,0.72,5.0,U,-73.0,9.5,True,,2026-07-11T15:24:22.996+00:00,/dev/cu.usbserial-576B0005451,"RX,5772559,R35,TXE,N61,128,265379,A,1,0.75,0.72,5,U,-73,9.50"
RX,5772810,R35,TXA,N01,263,265626,H,0,0.32,0.3,5.0,F,-74.0,9.25,True,,2026-07-11T15:24:23.247+00:00,/dev/cu.usbserial-576B0005451,"RX,5772810,R35,TXA,N01,263,265626,H,0,0.32,0.30,5,F,-74,9.25"
RX,5772955,R35,TXK,N151,132,265763,A,1,0.75,0.72,5.0,U,-71.0,9.5,True,,2026-07-11T15:24:23.393+00:00,/dev/cu.usbserial-576B0005451,"RX,5772955,R35,TXK,N151,132,265763,A,1,0.75,0.72,5,U,-71,9.50"
RX,5773309,R35,TXF,N76,65,266131,G,1,0.93,0.9,5.0,U,-74.0,9.25,True,,2026-07-11T15:24:23.746+00:00,/dev/cu.usbserial-576B0005451,"RX,5773309,R35,TXF,N76,65,266131,G,1,0.93,0.90,5,U,-74,9.25"
RX,5773468,R35,TXJ,N136,31,266280,G,1,0.93,0.9,5.0,U,-83.0,9.75,True,,2026-07-11T15:24:23.905+00:00,/dev/cu.usbserial-576B0005451,"RX,5773468,R35,TXJ,N136,31,266280,G,1,0.93,0.90,5,U,-83,9.75"
RX,5773563,R35,TXC,N31,64,266381,E,0,0.87,0.84,5.0,U,-75.0,10.0,True,,2026-07-11T15:24:24.000+00:00,/dev/cu.usbserial-576B0005451,"RX,5773563,R35,TXC,N31,64,266381,E,0,0.87,0.84,5,U,-75,10.00"
RX,5773810,R35,TXA,N01,264,266626,A,1,0.75,0.72,5.0,F,-74.0,9.5,True,,2026-07-11T15:24:24.247+00:00,/dev/cu.usbserial-576B0005451,"RX,5773810,R35,TXA,N01,264,266626,A,1,0.75,0.72,5,F,-74,9.50"
RX,5774077,R35,TXB,N16,131,266892,G,1,0.93,0.9,5.0,U,-92.0,7.0,True,,2026-07-11T15:24:24.514+00:00,/dev/cu.usbserial-576B0005451,"RX,5774077,R35,TXB,N16,131,266892,G,1,0.93,0.90,5,U,-92,7.00"
RX,5774559,R35,TXE,N61,129,267379,C,1,0.81,0.78,5.0,U,-74.0,9.25,True,,2026-07-11T15:24:24.996+00:00,/dev/cu.usbserial-576B0005451,"RX,5774559,R35,TXE,N61,129,267379,C,1,0.81,0.78,5,U,-74,9.25"
RX,5774668,R35,TXI,N121,64,267481,E,0,0.87,0.84,5.0,U,-73.0,9.5,True,,2026-07-11T15:24:25.105+00:00,/dev/cu.usbserial-576B0005451,"RX,5774668,R35,TXI,N121,64,267481,E,0,0.87,0.84,5,U,-73,9.50"
RX,5774810,R35,TXA,N01,265,267626,B,1,0.2,0.18,5.0,F,-74.0,9.5,True,,2026-07-11T15:24:25.247+00:00,/dev/cu.usbserial-576B0005451,"RX,5774810,R35,TXA,N01,265,267626,B,1,0.20,0.18,5,F,-74,9.50"
RX,5774956,R35,TXK,N151,133,267763,C,0,0.81,0.78,5.0,U,-70.0,9.75,True,,2026-07-11T15:24:25.393+00:00,/dev/cu.usbserial-576B0005451,"RX,5774956,R35,TXK,N151,133,267763,C,0,0.81,0.78,5,U,-70,9.75"
RX,5775563,R35,TXC,N31,65,268381,G,1,0.93,0.9,5.0,U,-75.0,9.75,True,,2026-07-11T15:24:26.000+00:00,/dev/cu.usbserial-576B0005451,"RX,5775563,R35,TXC,N31,65,268381,G,1,0.93,0.90,5,U,-75,9.75"
RX,5775810,R35,TXA,N01,266,268626,C,0,0.81,0.78,5.0,F,-74.0,10.0,True,,2026-07-11T15:24:26.247+00:00,/dev/cu.usbserial-576B0005451,"RX,5775810,R35,TXA,N01,266,268626,C,0,0.81,0.78,5,F,-74,10.00"
RX,5776077,R35,TXB,N16,132,268892,A,1,0.75,0.72,5.0,U,-91.0,7.25,True,,2026-07-11T15:24:26.514+00:00,/dev/cu.usbserial-576B0005451,"RX,5776077,R35,TXB,N16,132,268892,A,1,0.75,0.72,5,U,-91,7.25"
RX,5776559,R35,TXE,N61,130,269379,E,0,0.87,0.84,5.0,U,-74.0,9.5,True,,2026-07-11T15:24:26.996+00:00,/dev/cu.usbserial-576B0005451,"RX,5776559,R35,TXE,N61,130,269379,E,0,0.87,0.84,5,U,-74,9.50"
RX,5776668,R35,TXI,N121,65,269481,G,1,0.93,0.9,5.0,U,-73.0,9.75,True,,2026-07-11T15:24:27.105+00:00,/dev/cu.usbserial-576B0005451,"RX,5776668,R35,TXI,N121,65,269481,G,1,0.93,0.90,5,U,-73,9.75"
RX,5776810,R35,TXA,N01,267,269626,D,1,0.24,0.22,5.0,F,-74.0,10.0,True,,2026-07-11T15:24:27.248+00:00,/dev/cu.usbserial-576B0005451,"RX,5776810,R35,TXA,N01,267,269626,D,1,0.24,0.22,5,F,-74,10.00"
RX,5776956,R35,TXK,N151,134,269763,E,1,0.87,0.84,5.0,U,-70.0,10.0,True,,2026-07-11T15:24:27.392+00:00,/dev/cu.usbserial-576B0005451,"RX,5776956,R35,TXK,N151,134,269763,E,1,0.87,0.84,5,U,-70,10.00"
RX,5777810,R35,TXA,N01,268,270626,E,1,0.87,0.84,5.0,F,-74.0,9.75,True,,2026-07-11T15:24:28.247+00:00,/dev/cu.usbserial-576B0005451,"RX,5777810,R35,TXA,N01,268,270626,E,1,0.87,0.84,5,F,-74,9.75"
RX,5778077,R35,TXB,N16,133,270892,C,0,0.81,0.78,5.0,U,-92.0,6.75,True,,2026-07-11T15:24:28.514+00:00,/dev/cu.usbserial-576B0005451,"RX,5778077,R35,TXB,N16,133,270892,C,0,0.81,0.78,5,U,-92,6.75"
RX,5778559,R35,TXE,N61,131,271379,G,1,0.93,0.9,5.0,U,-74.0,9.5,True,,2026-07-11T15:24:28.996+00:00,/dev/cu.usbserial-576B0005451,"RX,5778559,R35,TXE,N61,131,271379,G,1,0.93,0.90,5,U,-74,9.50"
RX,5778810,R35,TXA,N01,269,271626,F,0,0.28,0.26,5.0,F,-75.0,9.75,True,,2026-07-11T15:24:29.247+00:00,/dev/cu.usbserial-576B0005451,"RX,5778810,R35,TXA,N01,269,271626,F,0,0.28,0.26,5,F,-75,9.75"
RX,5778921,R35,TXH,N106,17,271742,G,1,0.93,0.9,5.0,U,-62.0,3.0,True,,2026-07-11T15:24:29.358+00:00,/dev/cu.usbserial-576B0005451,"RX,5778921,R35,TXH,N106,17,271742,G,1,0.93,0.90,5,U,-62,3.00"
RX,5779103,R35,TXL,N166,17,271916,G,1,0.93,0.9,5.0,U,-70.0,9.5,True,,2026-07-11T15:24:29.540+00:00,/dev/cu.usbserial-576B0005451,"RX,5779103,R35,TXL,N166,17,271916,G,1,0.93,0.90,5,U,-70,9.50"
RX,5779309,R35,TXF,N76,66,272131,E,1,0.87,0.84,5.0,U,-73.0,9.0,True,,2026-07-11T15:24:29.747+00:00,/dev/cu.usbserial-576B0005451,"RX,5779309,R35,TXF,N76,66,272131,E,1,0.87,0.84,5,U,-73,9.00"
RX,5779613,R35,TXD,N46,33,272430,G,1,0.93,0.9,5.0,U,-70.0,9.75,True,,2026-07-11T15:24:30.050+00:00,/dev/cu.usbserial-576B0005451,"RX,5779613,R35,TXD,N46,33,272430,G,1,0.93,0.90,5,U,-70,9.75"
RX,5779810,R35,TXA,N01,270,272626,G,1,0.93,0.9,5.0,F,-74.0,9.5,True,,2026-07-11T15:24:30.248+00:00,/dev/cu.usbserial-576B0005451,"RX,5779810,R35,TXA,N01,270,272626,G,1,0.93,0.90,5,F,-74,9.50"
RX,5780077,R35,TXB,N16,134,272892,E,1,0.87,0.84,5.0,U,-95.0,4.75,True,,2026-07-11T15:24:30.514+00:00,/dev/cu.usbserial-576B0005451,"RX,5780077,R35,TXB,N16,134,272892,E,1,0.87,0.84,5,U,-95,4.75"
RX,5780259,R35,TXG,N91,32,273080,G,1,0.93,0.9,5.0,U,-71.0,9.25,True,,2026-07-11T15:24:30.696+00:00,/dev/cu.usbserial-576B0005451,"RX,5780259,R35,TXG,N91,32,273080,G,1,0.93,0.90,5,U,-71,9.25"
RX,5780559,R35,TXE,N61,132,273379,A,1,0.75,0.72,5.0,U,-74.0,9.5,True,,2026-07-11T15:24:30.996+00:00,/dev/cu.usbserial-576B0005451,"RX,5780559,R35,TXE,N61,132,273379,A,1,0.75,0.72,5,U,-74,9.50"
RX,5780810,R35,TXA,N01,271,273626,H,1,0.32,0.3,5.0,F,-75.0,9.75,True,,2026-07-11T15:24:31.247+00:00,/dev/cu.usbserial-576B0005451,"RX,5780810,R35,TXA,N01,271,273626,H,1,0.32,0.30,5,F,-75,9.75"
RX,5780956,R35,TXK,N151,136,273763,A,0,0.75,0.72,5.0,U,-70.0,9.5,True,,2026-07-11T15:24:31.393+00:00,/dev/cu.usbserial-576B0005451,"RX,5780956,R35,TXK,N151,136,273763,A,0,0.75,0.72,5,U,-70,9.50"
RX,5781309,R35,TXF,N76,67,274131,G,1,0.93,0.9,5.0,U,-73.0,9.5,True,,2026-07-11T15:24:31.747+00:00,/dev/cu.usbserial-576B0005451,"RX,5781309,R35,TXF,N76,67,274131,G,1,0.93,0.90,5,U,-73,9.50"
RX,5781468,R35,TXJ,N136,32,274280,G,1,0.93,0.9,5.0,U,-82.0,9.5,True,,2026-07-11T15:24:31.905+00:00,/dev/cu.usbserial-576B0005451,"RX,5781468,R35,TXJ,N136,32,274280,G,1,0.93,0.90,5,U,-82,9.50"
RX,5781563,R35,TXC,N31,66,274381,E,1,0.87,0.84,5.0,U,-76.0,9.75,True,,2026-07-11T15:24:32.000+00:00,/dev/cu.usbserial-576B0005451,"RX,5781563,R35,TXC,N31,66,274381,E,1,0.87,0.84,5,U,-76,9.75"
RX,5781810,R35,TXA,N01,272,274626,A,0,0.75,0.72,5.0,F,-75.0,10.25,True,,2026-07-11T15:24:32.247+00:00,/dev/cu.usbserial-576B0005451,"RX,5781810,R35,TXA,N01,272,274626,A,0,0.75,0.72,5,F,-75,10.25"
RX,5782077,R35,TXB,N16,135,274892,G,1,0.93,0.9,5.0,U,-94.0,6.25,True,,2026-07-11T15:24:32.514+00:00,/dev/cu.usbserial-576B0005451,"RX,5782077,R35,TXB,N16,135,274892,G,1,0.93,0.90,5,U,-94,6.25"
RX,5782559,R35,TXE,N61,133,275379,C,0,0.81,0.78,5.0,U,-74.0,9.75,True,,2026-07-11T15:24:32.996+00:00,/dev/cu.usbserial-576B0005451,"RX,5782559,R35,TXE,N61,133,275379,C,0,0.81,0.78,5,U,-74,9.75"
RX,5782668,R35,TXI,N121,66,275481,E,1,0.87,0.84,5.0,U,-73.0,9.25,True,,2026-07-11T15:24:33.105+00:00,/dev/cu.usbserial-576B0005451,"RX,5782668,R35,TXI,N121,66,275481,E,1,0.87,0.84,5,U,-73,9.25"
RX,5782810,R35,TXA,N01,273,275626,B,1,0.2,0.18,5.0,F,-74.0,10.0,True,,2026-07-11T15:24:33.247+00:00,/dev/cu.usbserial-576B0005451,"RX,5782810,R35,TXA,N01,273,275626,B,1,0.20,0.18,5,F,-74,10.00"
RX,5782955,R35,TXK,N151,137,275763,C,1,0.81,0.78,5.0,U,-71.0,9.75,True,,2026-07-11T15:24:33.393+00:00,/dev/cu.usbserial-576B0005451,"RX,5782955,R35,TXK,N151,137,275763,C,1,0.81,0.78,5,U,-71,9.75"
RX,5783563,R35,TXC,N31,67,276381,G,1,0.93,0.9,5.0,U,-76.0,9.5,True,,2026-07-11T15:24:34.000+00:00,/dev/cu.usbserial-576B0005451,"RX,5783563,R35,TXC,N31,67,276381,G,1,0.93,0.90,5,U,-76,9.50"
RX,5783810,R35,TXA,N01,274,276626,C,1,0.81,0.78,5.0,F,-74.0,9.25,True,,2026-07-11T15:24:34.247+00:00,/dev/cu.usbserial-576B0005451,"RX,5783810,R35,TXA,N01,274,276626,C,1,0.81,0.78,5,F,-74,9.25"
RX,5784077,R35,TXB,N16,136,276892,A,0,0.75,0.72,5.0,U,-94.0,5.75,True,,2026-07-11T15:24:34.514+00:00,/dev/cu.usbserial-576B0005451,"RX,5784077,R35,TXB,N16,136,276892,A,0,0.75,0.72,5,U,-94,5.75"
RX,5784559,R35,TXE,N61,134,277379,E,1,0.87,0.84,5.0,U,-74.0,9.75,True,,2026-07-11T15:24:34.996+00:00,/dev/cu.usbserial-576B0005451,"RX,5784559,R35,TXE,N61,134,277379,E,1,0.87,0.84,5,U,-74,9.75"
RX,5784668,R35,TXI,N121,67,277481,G,1,0.93,0.9,5.0,U,-74.0,9.5,True,,2026-07-11T15:24:35.105+00:00,/dev/cu.usbserial-576B0005451,"RX,5784668,R35,TXI,N121,67,277481,G,1,0.93,0.90,5,U,-74,9.50"
RX,5784810,R35,TXA,N01,275,277626,D,0,0.24,0.22,5.0,F,-74.0,9.75,True,,2026-07-11T15:24:35.248+00:00,/dev/cu.usbserial-576B0005451,"RX,5784810,R35,TXA,N01,275,277626,D,0,0.24,0.22,5,F,-74,9.75"
RX,5784956,R35,TXK,N151,138,277763,E,1,0.87,0.84,5.0,U,-70.0,9.75,True,,2026-07-11T15:24:35.393+00:00,/dev/cu.usbserial-576B0005451,"RX,5784956,R35,TXK,N151,138,277763,E,1,0.87,0.84,5,U,-70,9.75"
RX,5785810,R35,TXA,N01,276,278626,E,1,0.87,0.84,5.0,F,-75.0,9.25,True,,2026-07-11T15:24:36.247+00:00,/dev/cu.usbserial-576B0005451,"RX,5785810,R35,TXA,N01,276,278626,E,1,0.87,0.84,5,F,-75,9.25"
RX,5786077,R35,TXB,N16,137,278892,C,1,0.81,0.78,5.0,U,-94.0,6.25,True,,2026-07-11T15:24:36.514+00:00,/dev/cu.usbserial-576B0005451,"RX,5786077,R35,TXB,N16,137,278892,C,1,0.81,0.78,5,U,-94,6.25"
RX,5786559,R35,TXE,N61,135,279379,G,1,0.93,0.9,5.0,U,-74.0,9.0,True,,2026-07-11T15:24:36.996+00:00,/dev/cu.usbserial-576B0005451,"RX,5786559,R35,TXE,N61,135,279379,G,1,0.93,0.90,5,U,-74,9.00"
RX,5786810,R35,TXA,N01,277,279626,F,1,0.28,0.26,5.0,F,-74.0,10.0,True,,2026-07-11T15:24:37.247+00:00,/dev/cu.usbserial-576B0005451,"RX,5786810,R35,TXA,N01,277,279626,F,1,0.28,0.26,5,F,-74,10.00"
RX,5787103,R35,TXL,N166,18,279916,G,0,0.93,0.9,5.0,U,-70.0,9.75,True,,2026-07-11T15:24:37.540+00:00,/dev/cu.usbserial-576B0005451,"RX,5787103,R35,TXL,N166,18,279916,G,0,0.93,0.90,5,U,-70,9.75"
RX,5787309,R35,TXF,N76,68,280131,E,1,0.87,0.84,5.0,U,-73.0,10.0,True,,2026-07-11T15:24:37.747+00:00,/dev/cu.usbserial-576B0005451,"RX,5787309,R35,TXF,N76,68,280131,E,1,0.87,0.84,5,U,-73,10.00"
RX,5787613,R35,TXD,N46,34,280430,G,0,0.93,0.9,5.0,U,-70.0,9.75,True,,2026-07-11T15:24:38.050+00:00,/dev/cu.usbserial-576B0005451,"RX,5787613,R35,TXD,N46,34,280430,G,0,0.93,0.90,5,U,-70,9.75"
RX,5787810,R35,TXA,N01,278,280626,G,0,0.93,0.9,5.0,F,-74.0,9.75,True,,2026-07-11T15:24:38.247+00:00,/dev/cu.usbserial-576B0005451,"RX,5787810,R35,TXA,N01,278,280626,G,0,0.93,0.90,5,F,-74,9.75"
RX,5788077,R35,TXB,N16,138,280892,E,1,0.87,0.84,5.0,U,-93.0,6.5,True,,2026-07-11T15:24:38.514+00:00,/dev/cu.usbserial-576B0005451,"RX,5788077,R35,TXB,N16,138,280892,E,1,0.87,0.84,5,U,-93,6.50"
RX,5788259,R35,TXG,N91,33,281080,G,1,0.93,0.9,5.0,U,-71.0,10.0,True,,2026-07-11T15:24:38.696+00:00,/dev/cu.usbserial-576B0005451,"RX,5788259,R35,TXG,N91,33,281080,G,1,0.93,0.90,5,U,-71,10.00"
RX,5788559,R35,TXE,N61,136,281379,A,0,0.75,0.72,5.0,U,-74.0,9.25,True,,2026-07-11T15:24:38.996+00:00,/dev/cu.usbserial-576B0005451,"RX,5788559,R35,TXE,N61,136,281379,A,0,0.75,0.72,5,U,-74,9.25"
RX,5788810,R35,TXA,N01,279,281626,H,1,0.32,0.3,5.0,F,-74.0,10.0,True,,2026-07-11T15:24:39.248+00:00,/dev/cu.usbserial-576B0005451,"RX,5788810,R35,TXA,N01,279,281626,H,1,0.32,0.30,5,F,-74,10.00"
RX,5788956,R35,TXK,N151,140,281763,A,1,0.75,0.72,5.0,U,-70.0,9.25,True,,2026-07-11T15:24:39.393+00:00,/dev/cu.usbserial-576B0005451,"RX,5788956,R35,TXK,N151,140,281763,A,1,0.75,0.72,5,U,-70,9.25"
RX,5789309,R35,TXF,N76,69,282131,G,0,0.93,0.9,5.0,U,-74.0,9.5,True,,2026-07-11T15:24:39.747+00:00,/dev/cu.usbserial-576B0005451,"RX,5789309,R35,TXF,N76,69,282131,G,0,0.93,0.90,5,U,-74,9.50"
RX,5789468,R35,TXJ,N136,33,282280,G,1,0.93,0.9,5.0,U,-81.0,9.25,True,,2026-07-11T15:24:39.905+00:00,/dev/cu.usbserial-576B0005451,"RX,5789468,R35,TXJ,N136,33,282280,G,1,0.93,0.90,5,U,-81,9.25"
RX,5789563,R35,TXC,N31,68,282381,E,1,0.87,0.84,5.0,U,-75.0,9.75,True,,2026-07-11T15:24:40.000+00:00,/dev/cu.usbserial-576B0005451,"RX,5789563,R35,TXC,N31,68,282381,E,1,0.87,0.84,5,U,-75,9.75"
RX,5789810,R35,TXA,N01,280,282626,A,1,0.75,0.72,5.0,F,-74.0,9.5,True,,2026-07-11T15:24:40.248+00:00,/dev/cu.usbserial-576B0005451,"RX,5789810,R35,TXA,N01,280,282626,A,1,0.75,0.72,5,F,-74,9.50"
RX,5790077,R35,TXB,N16,139,282892,G,0,0.93,0.9,5.0,U,-92.0,7.0,True,,2026-07-11T15:24:40.514+00:00,/dev/cu.usbserial-576B0005451,"RX,5790077,R35,TXB,N16,139,282892,G,0,0.93,0.90,5,U,-92,7.00"
RX,5790559,R35,TXE,N61,137,283379,C,1,0.81,0.78,5.0,U,-74.0,9.25,True,,2026-07-11T15:24:40.996+00:00,/dev/cu.usbserial-576B0005451,"RX,5790559,R35,TXE,N61,137,283379,C,1,0.81,0.78,5,U,-74,9.25"
RX,5790668,R35,TXI,N121,68,283481,E,1,0.87,0.84,5.0,U,-73.0,10.0,True,,2026-07-11T15:24:41.106+00:00,/dev/cu.usbserial-576B0005451,"RX,5790668,R35,TXI,N121,68,283481,E,1,0.87,0.84,5,U,-73,10.00"
RX,5790810,R35,TXA,N01,281,283626,B,0,0.2,0.18,5.0,F,-74.0,9.75,True,,2026-07-11T15:24:41.248+00:00,/dev/cu.usbserial-576B0005451,"RX,5790810,R35,TXA,N01,281,283626,B,0,0.20,0.18,5,F,-74,9.75"
RX,5790956,R35,TXK,N151,141,283763,C,1,0.81,0.78,5.0,U,-70.0,10.0,True,,2026-07-11T15:24:41.393+00:00,/dev/cu.usbserial-576B0005451,"RX,5790956,R35,TXK,N151,141,283763,C,1,0.81,0.78,5,U,-70,10.00"
RX,5791563,R35,TXC,N31,69,284381,G,0,0.93,0.9,5.0,U,-76.0,9.75,True,,2026-07-11T15:24:42.000+00:00,/dev/cu.usbserial-576B0005451,"RX,5791563,R35,TXC,N31,69,284381,G,0,0.93,0.90,5,U,-76,9.75"
RX,5791810,R35,TXA,N01,282,284626,C,1,0.81,0.78,5.0,F,-74.0,9.25,True,,2026-07-11T15:24:42.247+00:00,/dev/cu.usbserial-576B0005451,"RX,5791810,R35,TXA,N01,282,284626,C,1,0.81,0.78,5,F,-74,9.25"
RX,5792077,R35,TXB,N16,140,284892,A,1,0.75,0.72,5.0,U,-91.0,7.25,True,,2026-07-11T15:24:42.514+00:00,/dev/cu.usbserial-576B0005451,"RX,5792077,R35,TXB,N16,140,284892,A,1,0.75,0.72,5,U,-91,7.25"
RX,5792559,R35,TXE,N61,138,285379,E,1,0.87,0.84,5.0,U,-73.0,9.5,True,,2026-07-11T15:24:42.996+00:00,/dev/cu.usbserial-576B0005451,"RX,5792559,R35,TXE,N61,138,285379,E,1,0.87,0.84,5,U,-73,9.50"
RX,5792668,R35,TXI,N121,69,285481,G,0,0.93,0.9,5.0,U,-73.0,9.75,True,,2026-07-11T15:24:43.105+00:00,/dev/cu.usbserial-576B0005451,"RX,5792668,R35,TXI,N121,69,285481,G,0,0.93,0.90,5,U,-73,9.75"
RX,5792810,R35,TXA,N01,283,285626,D,1,0.24,0.22,5.0,F,-74.0,9.5,True,,2026-07-11T15:24:43.247+00:00,/dev/cu.usbserial-576B0005451,"RX,5792810,R35,TXA,N01,283,285626,D,1,0.24,0.22,5,F,-74,9.50"
RX,5792956,R35,TXK,N151,142,285763,E,0,0.87,0.84,5.0,U,-70.0,10.25,True,,2026-07-11T15:24:43.393+00:00,/dev/cu.usbserial-576B0005451,"RX,5792956,R35,TXK,N151,142,285763,E,0,0.87,0.84,5,U,-70,10.25"
RX,5793810,R35,TXA,N01,284,286626,E,0,0.87,0.84,5.0,F,-74.0,9.5,True,,2026-07-11T15:24:44.248+00:00,/dev/cu.usbserial-576B0005451,"RX,5793810,R35,TXA,N01,284,286626,E,0,0.87,0.84,5,F,-74,9.50"
RX,5794077,R35,TXB,N16,141,286892,C,1,0.81,0.78,5.0,U,-91.0,7.75,True,,2026-07-11T15:24:44.514+00:00,/dev/cu.usbserial-576B0005451,"RX,5794077,R35,TXB,N16,141,286892,C,1,0.81,0.78,5,U,-91,7.75"
RX,5794559,R35,TXE,N61,139,287379,G,0,0.93,0.9,5.0,U,-73.0,9.5,True,,2026-07-11T15:24:44.996+00:00,/dev/cu.usbserial-576B0005451,"RX,5794559,R35,TXE,N61,139,287379,G,0,0.93,0.90,5,U,-73,9.50"
RX,5794810,R35,TXA,N01,285,287626,F,1,0.28,0.26,5.0,F,-74.0,9.75,True,,2026-07-11T15:24:45.247+00:00,/dev/cu.usbserial-576B0005451,"RX,5794810,R35,TXA,N01,285,287626,F,1,0.28,0.26,5,F,-74,9.75"
RX,5794921,R35,TXH,N106,19,287742,G,1,0.93,0.9,5.0,U,-62.0,3.75,True,,2026-07-11T15:24:45.358+00:00,/dev/cu.usbserial-576B0005451,"RX,5794921,R35,TXH,N106,19,287742,G,1,0.93,0.90,5,U,-62,3.75"
RX,5795103,R35,TXL,N166,19,287916,G,1,0.93,0.9,5.0,U,-70.0,10.0,True,,2026-07-11T15:24:45.540+00:00,/dev/cu.usbserial-576B0005451,"RX,5795103,R35,TXL,N166,19,287916,G,1,0.93,0.90,5,U,-70,10.00"
RX,5795309,R35,TXF,N76,70,288131,E,0,0.87,0.84,5.0,U,-73.0,9.75,True,,2026-07-11T15:24:45.746+00:00,/dev/cu.usbserial-576B0005451,"RX,5795309,R35,TXF,N76,70,288131,E,0,0.87,0.84,5,U,-73,9.75"
RX,5795613,R35,TXD,N46,35,288430,G,1,0.93,0.9,5.0,U,-70.0,10.0,True,,2026-07-11T15:24:46.050+00:00,/dev/cu.usbserial-576B0005451,"RX,5795613,R35,TXD,N46,35,288430,G,1,0.93,0.90,5,U,-70,10.00"
RX,5795810,R35,TXA,N01,286,288626,G,1,0.93,0.9,5.0,F,-74.0,9.25,True,,2026-07-11T15:24:46.247+00:00,/dev/cu.usbserial-576B0005451,"RX,5795810,R35,TXA,N01,286,288626,G,1,0.93,0.90,5,F,-74,9.25"
RX,5796077,R35,TXB,N16,142,288892,E,0,0.87,0.84,5.0,U,-91.0,7.25,True,,2026-07-11T15:24:46.514+00:00,/dev/cu.usbserial-576B0005451,"RX,5796077,R35,TXB,N16,142,288892,E,0,0.87,0.84,5,U,-91,7.25"
RX,5796259,R35,TXG,N91,34,289080,G,0,0.93,0.9,5.0,U,-70.0,9.75,True,,2026-07-11T15:24:46.696+00:00,/dev/cu.usbserial-576B0005451,"RX,5796259,R35,TXG,N91,34,289080,G,0,0.93,0.90,5,U,-70,9.75"
RX,5796559,R35,TXE,N61,140,289379,A,1,0.75,0.72,5.0,U,-73.0,9.25,True,,2026-07-11T15:24:46.996+00:00,/dev/cu.usbserial-576B0005451,"RX,5796559,R35,TXE,N61,140,289379,A,1,0.75,0.72,5,U,-73,9.25"
RX,5796810,R35,TXA,N01,287,289626,H,0,0.32,0.3,5.0,F,-74.0,9.75,True,,2026-07-11T15:24:47.248+00:00,/dev/cu.usbserial-576B0005451,"RX,5796810,R35,TXA,N01,287,289626,H,0,0.32,0.30,5,F,-74,9.75"
RX,5796956,R35,TXK,N151,144,289763,A,1,0.75,0.72,5.0,U,-71.0,9.5,True,,2026-07-11T15:24:47.393+00:00,/dev/cu.usbserial-576B0005451,"RX,5796956,R35,TXK,N151,144,289763,A,1,0.75,0.72,5,U,-71,9.50"
RX,5797309,R35,TXF,N76,71,290131,G,1,0.93,0.9,5.0,U,-73.0,9.75,True,,2026-07-11T15:24:47.747+00:00,/dev/cu.usbserial-576B0005451,"RX,5797309,R35,TXF,N76,71,290131,G,1,0.93,0.90,5,U,-73,9.75"
RX,5797468,R35,TXJ,N136,34,290280,G,0,0.93,0.9,5.0,U,-82.0,9.5,True,,2026-07-11T15:24:47.905+00:00,/dev/cu.usbserial-576B0005451,"RX,5797468,R35,TXJ,N136,34,290280,G,0,0.93,0.90,5,U,-82,9.50"
RX,5797563,R35,TXC,N31,70,290381,E,0,0.87,0.84,5.0,U,-75.0,9.5,True,,2026-07-11T15:24:48.000+00:00,/dev/cu.usbserial-576B0005451,"RX,5797563,R35,TXC,N31,70,290381,E,0,0.87,0.84,5,U,-75,9.50"
RX,5797810,R35,TXA,N01,288,290626,A,1,0.75,0.72,5.0,F,-74.0,9.5,True,,2026-07-11T15:24:48.248+00:00,/dev/cu.usbserial-576B0005451,"RX,5797810,R35,TXA,N01,288,290626,A,1,0.75,0.72,5,F,-74,9.50"
RX,5798077,R35,TXB,N16,143,290892,G,1,0.93,0.9,5.0,U,-92.0,7.5,True,,2026-07-11T15:24:48.514+00:00,/dev/cu.usbserial-576B0005451,"RX,5798077,R35,TXB,N16,143,290892,G,1,0.93,0.90,5,U,-92,7.50"
RX,5798559,R35,TXE,N61,141,291379,C,1,0.81,0.78,5.0,U,-74.0,9.25,True,,2026-07-11T15:24:48.996+00:00,/dev/cu.usbserial-576B0005451,"RX,5798559,R35,TXE,N61,141,291379,C,1,0.81,0.78,5,U,-74,9.25"
RX,5798668,R35,TXI,N121,70,291481,E,0,0.87,0.84,5.0,U,-73.0,9.75,True,,2026-07-11T15:24:49.106+00:00,/dev/cu.usbserial-576B0005451,"RX,5798668,R35,TXI,N121,70,291481,E,0,0.87,0.84,5,U,-73,9.75"
RX,5798810,R35,TXA,N01,289,291626,B,1,0.2,0.18,5.0,F,-74.0,9.75,True,,2026-07-11T15:24:49.247+00:00,/dev/cu.usbserial-576B0005451,"RX,5798810,R35,TXA,N01,289,291626,B,1,0.20,0.18,5,F,-74,9.75"
RX,5798956,R35,TXK,N151,145,291763,C,0,0.81,0.78,5.0,U,-71.0,9.75,True,,2026-07-11T15:24:49.393+00:00,/dev/cu.usbserial-576B0005451,"RX,5798956,R35,TXK,N151,145,291763,C,0,0.81,0.78,5,U,-71,9.75"
RX,5799563,R35,TXC,N31,71,292381,G,1,0.93,0.9,5.0,U,-75.0,10.0,True,,2026-07-11T15:24:50.000+00:00,/dev/cu.usbserial-576B0005451,"RX,5799563,R35,TXC,N31,71,292381,G,1,0.93,0.90,5,U,-75,10.00"
RX,5799810,R35,TXA,N01,290,292626,C,0,0.81,0.78,5.0,F,-74.0,10.0,True,,2026-07-11T15:24:50.247+00:00,/dev/cu.usbserial-576B0005451,"RX,5799810,R35,TXA,N01,290,292626,C,0,0.81,0.78,5,F,-74,10.00"
RX,5800077,R35,TXB,N16,144,292892,A,1,0.75,0.72,5.0,U,-91.0,7.75,True,,2026-07-11T15:24:50.514+00:00,/dev/cu.usbserial-576B0005451,"RX,5800077,R35,TXB,N16,144,292892,A,1,0.75,0.72,5,U,-91,7.75"
RX,5800559,R35,TXE,N61,142,293379,E,0,0.87,0.84,5.0,U,-74.0,9.5,True,,2026-07-11T15:24:50.996+00:00,/dev/cu.usbserial-576B0005451,"RX,5800559,R35,TXE,N61,142,293379,E,0,0.87,0.84,5,U,-74,9.50"
RX,5800668,R35,TXI,N121,71,293481,G,1,0.93,0.9,5.0,U,-73.0,10.0,True,,2026-07-11T15:24:51.106+00:00,/dev/cu.usbserial-576B0005451,"RX,5800668,R35,TXI,N121,71,293481,G,1,0.93,0.90,5,U,-73,10.00"
RX,5800810,R35,TXA,N01,291,293626,D,1,0.24,0.22,5.0,F,-74.0,9.5,True,,2026-07-11T15:24:51.248+00:00,/dev/cu.usbserial-576B0005451,"RX,5800810,R35,TXA,N01,291,293626,D,1,0.24,0.22,5,F,-74,9.50"
RX,5800956,R35,TXK,N151,146,293763,E,1,0.87,0.84,5.0,U,-71.0,9.5,True,,2026-07-11T15:24:51.393+00:00,/dev/cu.usbserial-576B0005451,"RX,5800956,R35,TXK,N151,146,293763,E,1,0.87,0.84,5,U,-71,9.50"
RX,5801810,R35,TXA,N01,292,294626,E,1,0.87,0.84,5.0,F,-75.0,9.75,True,,2026-07-11T15:24:52.248+00:00,/dev/cu.usbserial-576B0005451,"RX,5801810,R35,TXA,N01,292,294626,E,1,0.87,0.84,5,F,-75,9.75"
RX,5802077,R35,TXB,N16,145,294892,C,0,0.81,0.78,5.0,U,-92.0,6.75,True,,2026-07-11T15:24:52.515+00:00,/dev/cu.usbserial-576B0005451,"RX,5802077,R35,TXB,N16,145,294892,C,0,0.81,0.78,5,U,-92,6.75"
RX,5802559,R35,TXE,N61,143,295379,G,1,0.93,0.9,5.0,U,-74.0,9.25,True,,2026-07-11T15:24:52.996+00:00,/dev/cu.usbserial-576B0005451,"RX,5802559,R35,TXE,N61,143,295379,G,1,0.93,0.90,5,U,-74,9.25"
RX,5802810,R35,TXA,N01,293,295626,F,0,0.28,0.26,5.0,F,-75.0,9.25,True,,2026-07-11T15:24:53.247+00:00,/dev/cu.usbserial-576B0005451,"RX,5802810,R35,TXA,N01,293,295626,F,0,0.28,0.26,5,F,-75,9.25"
RX,5802956,R35,TXK,N151,147,295763,G,1,0.93,0.9,5.0,U,-70.0,9.75,True,,2026-07-11T15:24:53.393+00:00,/dev/cu.usbserial-576B0005451,"RX,5802956,R35,TXK,N151,147,295763,G,1,0.93,0.90,5,U,-70,9.75"
RX,5803309,R35,TXF,N76,72,296131,E,1,0.87,0.84,5.0,U,-74.0,9.5,True,,2026-07-11T15:24:53.747+00:00,/dev/cu.usbserial-576B0005451,"RX,5803309,R35,TXF,N76,72,296131,E,1,0.87,0.84,5,U,-74,9.50"
RX,5803613,R35,TXD,N46,36,296430,G,1,0.93,0.9,5.0,U,-70.0,9.75,True,,2026-07-11T15:24:54.050+00:00,/dev/cu.usbserial-576B0005451,"RX,5803613,R35,TXD,N46,36,296430,G,1,0.93,0.90,5,U,-70,9.75"
RX,5803810,R35,TXA,N01,294,296626,G,1,0.93,0.9,5.0,F,-75.0,9.75,True,,2026-07-11T15:24:54.248+00:00,/dev/cu.usbserial-576B0005451,"RX,5803810,R35,TXA,N01,294,296626,G,1,0.93,0.90,5,F,-75,9.75"
RX,5804077,R35,TXB,N16,146,296892,E,1,0.87,0.84,5.0,U,-92.0,6.5,True,,2026-07-11T15:24:54.514+00:00,/dev/cu.usbserial-576B0005451,"RX,5804077,R35,TXB,N16,146,296892,E,1,0.87,0.84,5,U,-92,6.50"
RX,5804259,R35,TXG,N91,35,297080,G,1,0.93,0.9,5.0,U,-70.0,9.5,True,,2026-07-11T15:24:54.696+00:00,/dev/cu.usbserial-576B0005451,"RX,5804259,R35,TXG,N91,35,297080,G,1,0.93,0.90,5,U,-70,9.50"
RX,5804559,R35,TXE,N61,144,297379,A,1,0.75,0.72,5.0,U,-74.0,9.5,True,,2026-07-11T15:24:54.996+00:00,/dev/cu.usbserial-576B0005451,"RX,5804559,R35,TXE,N61,144,297379,A,1,0.75,0.72,5,U,-74,9.50"
RX,5804810,R35,TXA,N01,295,297626,H,1,0.32,0.3,5.0,F,-74.0,9.25,True,,2026-07-11T15:24:55.248+00:00,/dev/cu.usbserial-576B0005451,"RX,5804810,R35,TXA,N01,295,297626,H,1,0.32,0.30,5,F,-74,9.25"
RX,5804956,R35,TXK,N151,148,297763,A,0,0.75,0.72,5.0,U,-71.0,9.75,True,,2026-07-11T15:24:55.393+00:00,/dev/cu.usbserial-576B0005451,"RX,5804956,R35,TXK,N151,148,297763,A,0,0.75,0.72,5,U,-71,9.75"
RX,5805309,R35,TXF,N76,73,298131,G,1,0.93,0.9,5.0,U,-73.0,9.75,True,,2026-07-11T15:24:55.747+00:00,/dev/cu.usbserial-576B0005451,"RX,5805309,R35,TXF,N76,73,298131,G,1,0.93,0.90,5,U,-73,9.75"
RX,5805468,R35,TXJ,N136,35,298280,G,1,0.93,0.9,5.0,U,-81.0,9.25,True,,2026-07-11T15:24:55.905+00:00,/dev/cu.usbserial-576B0005451,"RX,5805468,R35,TXJ,N136,35,298280,G,1,0.93,0.90,5,U,-81,9.25"
RX,5805563,R35,TXC,N31,72,298381,E,1,0.87,0.84,5.0,U,-76.0,9.75,True,,2026-07-11T15:24:56.000+00:00,/dev/cu.usbserial-576B0005451,"RX,5805563,R35,TXC,N31,72,298381,E,1,0.87,0.84,5,U,-76,9.75"
RX,5805810,R35,TXA,N01,296,298626,A,0,0.75,0.72,5.0,F,-74.0,9.5,True,,2026-07-11T15:24:56.248+00:00,/dev/cu.usbserial-576B0005451,"RX,5805810,R35,TXA,N01,296,298626,A,0,0.75,0.72,5,F,-74,9.50"
RX,5806077,R35,TXB,N16,147,298892,G,1,0.93,0.9,5.0,U,-91.0,7.75,True,,2026-07-11T15:24:56.514+00:00,/dev/cu.usbserial-576B0005451,"RX,5806077,R35,TXB,N16,147,298892,G,1,0.93,0.90,5,U,-91,7.75"
RX,5806559,R35,TXE,N61,145,299379,C,0,0.81,0.78,5.0,U,-73.0,9.25,True,,2026-07-11T15:24:56.996+00:00,/dev/cu.usbserial-576B0005451,"RX,5806559,R35,TXE,N61,145,299379,C,0,0.81,0.78,5,U,-73,9.25"
RX,5806668,R35,TXI,N121,72,299481,E,1,0.87,0.84,5.0,U,-73.0,9.75,True,,2026-07-11T15:24:57.106+00:00,/dev/cu.usbserial-576B0005451,"RX,5806668,R35,TXI,N121,72,299481,E,1,0.87,0.84,5,U,-73,9.75"
RX,5806810,R35,TXA,N01,297,299626,B,1,0.2,0.18,5.0,F,-74.0,9.0,True,,2026-07-11T15:24:57.248+00:00,/dev/cu.usbserial-576B0005451,"RX,5806810,R35,TXA,N01,297,299626,B,1,0.20,0.18,5,F,-74,9.00"
RX,5806956,R35,TXK,N151,149,299763,C,1,0.81,0.78,5.0,U,-71.0,9.75,True,,2026-07-11T15:24:57.393+00:00,/dev/cu.usbserial-576B0005451,"RX,5806956,R35,TXK,N151,149,299763,C,1,0.81,0.78,5,U,-71,9.75"
RX,5807563,R35,TXC,N31,73,300381,G,1,0.93,0.9,5.0,U,-75.0,10.0,True,,2026-07-11T15:24:58.000+00:00,/dev/cu.usbserial-576B0005451,"RX,5807563,R35,TXC,N31,73,300381,G,1,0.93,0.90,5,U,-75,10.00"
RX,5807810,R35,TXA,N01,298,300626,C,1,0.81,0.78,5.0,F,-74.0,9.25,True,,2026-07-11T15:24:58.248+00:00,/dev/cu.usbserial-576B0005451,"RX,5807810,R35,TXA,N01,298,300626,C,1,0.81,0.78,5,F,-74,9.25"
RX,5808077,R35,TXB,N16,148,300892,A,0,0.75,0.72,5.0,U,-91.0,7.5,True,,2026-07-11T15:24:58.514+00:00,/dev/cu.usbserial-576B0005451,"RX,5808077,R35,TXB,N16,148,300892,A,0,0.75,0.72,5,U,-91,7.50"
RX,5808559,R35,TXE,N61,146,301379,E,1,0.87,0.84,5.0,U,-74.0,9.5,True,,2026-07-11T15:24:58.996+00:00,/dev/cu.usbserial-576B0005451,"RX,5808559,R35,TXE,N61,146,301379,E,1,0.87,0.84,5,U,-74,9.50"
RX,5808668,R35,TXI,N121,73,301481,G,1,0.93,0.9,5.0,U,-74.0,9.25,True,,2026-07-11T15:24:59.106+00:00,/dev/cu.usbserial-576B0005451,"RX,5808668,R35,TXI,N121,73,301481,G,1,0.93,0.90,5,U,-74,9.25"
RX,5808810,R35,TXA,N01,299,301626,D,0,0.24,0.22,5.0,F,-74.0,9.5,True,,2026-07-11T15:24:59.248+00:00,/dev/cu.usbserial-576B0005451,"RX,5808810,R35,TXA,N01,299,301626,D,0,0.24,0.22,5,F,-74,9.50"
RX,5808956,R35,TXK,N151,150,301763,E,1,0.87,0.84,5.0,U,-70.0,9.75,True,,2026-07-11T15:24:59.393+00:00,/dev/cu.usbserial-576B0005451,"RX,5808956,R35,TXK,N151,150,301763,E,1,0.87,0.84,5,U,-70,9.75"
RX,5809810,R35,TXA,N01,300,302626,E,1,0.87,0.84,5.0,F,-74.0,9.5,True,,2026-07-11T15:25:00.248+00:00,/dev/cu.usbserial-576B0005451,"RX,5809810,R35,TXA,N01,300,302626,E,1,0.87,0.84,5,F,-74,9.50"
RX,5810077,R35,TXB,N16,149,302892,C,1,0.81,0.78,5.0,U,-91.0,7.0,True,,2026-07-11T15:25:00.515+00:00,/dev/cu.usbserial-576B0005451,"RX,5810077,R35,TXB,N16,149,302892,C,1,0.81,0.78,5,U,-91,7.00"
RX,5810559,R35,TXE,N61,147,303379,G,1,0.93,0.9,5.0,U,-73.0,9.5,True,,2026-07-11T15:25:00.996+00:00,/dev/cu.usbserial-576B0005451,"RX,5810559,R35,TXE,N61,147,303379,G,1,0.93,0.90,5,U,-73,9.50"
RX,5810810,R35,TXA,N01,301,303626,F,1,0.28,0.26,5.0,F,-74.0,9.0,True,,2026-07-11T15:25:01.248+00:00,/dev/cu.usbserial-576B0005451,"RX,5810810,R35,TXA,N01,301,303626,F,1,0.28,0.26,5,F,-74,9.00"
RX,5810956,R35,TXK,N151,151,303763,G,0,0.93,0.9,5.0,U,-71.0,10.0,True,,2026-07-11T15:25:01.393+00:00,/dev/cu.usbserial-576B0005451,"RX,5810956,R35,TXK,N151,151,303763,G,0,0.93,0.90,5,U,-71,10.00"
RX,5811309,R35,TXF,N76,74,304131,E,1,0.87,0.84,5.0,U,-74.0,9.75,True,,2026-07-11T15:25:01.747+00:00,/dev/cu.usbserial-576B0005451,"RX,5811309,R35,TXF,N76,74,304131,E,1,0.87,0.84,5,U,-74,9.75"
RX,5811613,R35,TXD,N46,37,304430,G,0,0.93,0.9,5.0,U,-70.0,9.25,True,,2026-07-11T15:25:02.051+00:00,/dev/cu.usbserial-576B0005451,"RX,5811613,R35,TXD,N46,37,304430,G,0,0.93,0.90,5,U,-70,9.25"
RX,5811810,R35,TXA,N01,302,304626,G,0,0.93,0.9,5.0,F,-74.0,9.75,True,,2026-07-11T15:25:02.248+00:00,/dev/cu.usbserial-576B0005451,"RX,5811810,R35,TXA,N01,302,304626,G,0,0.93,0.90,5,F,-74,9.75"
RX,5812077,R35,TXB,N16,150,304892,E,1,0.87,0.84,5.0,U,-92.0,7.0,True,,2026-07-11T15:25:02.515+00:00,/dev/cu.usbserial-576B0005451,"RX,5812077,R35,TXB,N16,150,304892,E,1,0.87,0.84,5,U,-92,7.00"
RX,5812259,R35,TXG,N91,36,305080,G,1,0.93,0.9,5.0,U,-71.0,9.75,True,,2026-07-11T15:25:02.696+00:00,/dev/cu.usbserial-576B0005451,"RX,5812259,R35,TXG,N91,36,305080,G,1,0.93,0.90,5,U,-71,9.75"
RX,5812559,R35,TXE,N61,148,305379,A,0,0.75,0.72,5.0,U,-74.0,9.5,True,,2026-07-11T15:25:02.996+00:00,/dev/cu.usbserial-576B0005451,"RX,5812559,R35,TXE,N61,148,305379,A,0,0.75,0.72,5,U,-74,9.50"
RX,5812810,R35,TXA,N01,303,305626,H,1,0.32,0.3,5.0,F,-74.0,9.0,True,,2026-07-11T15:25:03.248+00:00,/dev/cu.usbserial-576B0005451,"RX,5812810,R35,TXA,N01,303,305626,H,1,0.32,0.30,5,F,-74,9.00"
RX,5812956,R35,TXK,N151,152,305763,A,1,0.75,0.72,5.0,U,-70.0,9.75,True,,2026-07-11T15:25:03.393+00:00,/dev/cu.usbserial-576B0005451,"RX,5812956,R35,TXK,N151,152,305763,A,1,0.75,0.72,5,U,-70,9.75"
RX,5813309,R35,TXF,N76,75,306131,G,0,0.93,0.9,5.0,U,-73.0,9.5,True,,2026-07-11T15:25:03.747+00:00,/dev/cu.usbserial-576B0005451,"RX,5813309,R35,TXF,N76,75,306131,G,0,0.93,0.90,5,U,-73,9.50"
RX,5813468,R35,TXJ,N136,36,306280,G,1,0.93,0.9,5.0,U,-84.0,9.25,True,,2026-07-11T15:25:03.905+00:00,/dev/cu.usbserial-576B0005451,"RX,5813468,R35,TXJ,N136,36,306280,G,1,0.93,0.90,5,U,-84,9.25"
RX,5813563,R35,TXC,N31,74,306381,E,1,0.87,0.84,5.0,U,-74.0,9.75,True,,2026-07-11T15:25:04.000+00:00,/dev/cu.usbserial-576B0005451,"RX,5813563,R35,TXC,N31,74,306381,E,1,0.87,0.84,5,U,-74,9.75"
RX,5813810,R35,TXA,N01,304,306626,A,1,0.75,0.72,5.0,F,-74.0,9.25,True,,2026-07-11T15:25:04.248+00:00,/dev/cu.usbserial-576B0005451,"RX,5813810,R35,TXA,N01,304,306626,A,1,0.75,0.72,5,F,-74,9.25"
RX,5814077,R35,TXB,N16,151,306892,G,0,0.93,0.9,5.0,U,-91.0,7.75,True,,2026-07-11T15:25:04.515+00:00,/dev/cu.usbserial-576B0005451,"RX,5814077,R35,TXB,N16,151,306892,G,0,0.93,0.90,5,U,-91,7.75"
RX,5814559,R35,TXE,N61,149,307379,C,1,0.81,0.78,5.0,U,-73.0,9.5,True,,2026-07-11T15:25:04.996+00:00,/dev/cu.usbserial-576B0005451,"RX,5814559,R35,TXE,N61,149,307379,C,1,0.81,0.78,5,U,-73,9.50"
RX,5814668,R35,TXI,N121,74,307481,E,1,0.87,0.84,5.0,U,-74.0,9.75,True,,2026-07-11T15:25:05.106+00:00,/dev/cu.usbserial-576B0005451,"RX,5814668,R35,TXI,N121,74,307481,E,1,0.87,0.84,5,U,-74,9.75"
RX,5814810,R35,TXA,N01,305,307626,B,0,0.2,0.18,5.0,F,-74.0,9.25,True,,2026-07-11T15:25:05.248+00:00,/dev/cu.usbserial-576B0005451,"RX,5814810,R35,TXA,N01,305,307626,B,0,0.20,0.18,5,F,-74,9.25"
RX,5814955,R35,TXK,N151,153,307763,C,1,0.81,0.78,5.0,U,-70.0,10.0,True,,2026-07-11T15:25:05.392+00:00,/dev/cu.usbserial-576B0005451,"RX,5814955,R35,TXK,N151,153,307763,C,1,0.81,0.78,5,U,-70,10.00"
RX,5815563,R35,TXC,N31,75,308381,G,0,0.93,0.9,5.0,U,-75.0,9.5,True,,2026-07-11T15:25:06.000+00:00,/dev/cu.usbserial-576B0005451,"RX,5815563,R35,TXC,N31,75,308381,G,0,0.93,0.90,5,U,-75,9.50"
RX,5815810,R35,TXA,N01,306,308626,C,1,0.81,0.78,5.0,F,-74.0,9.5,True,,2026-07-11T15:25:06.248+00:00,/dev/cu.usbserial-576B0005451,"RX,5815810,R35,TXA,N01,306,308626,C,1,0.81,0.78,5,F,-74,9.50"
RX,5816077,R35,TXB,N16,152,308892,A,1,0.75,0.72,5.0,U,-91.0,7.75,True,,2026-07-11T15:25:06.514+00:00,/dev/cu.usbserial-576B0005451,"RX,5816077,R35,TXB,N16,152,308892,A,1,0.75,0.72,5,U,-91,7.75"
RX,5816559,R35,TXE,N61,150,309379,E,1,0.87,0.84,5.0,U,-74.0,9.5,True,,2026-07-11T15:25:06.996+00:00,/dev/cu.usbserial-576B0005451,"RX,5816559,R35,TXE,N61,150,309379,E,1,0.87,0.84,5,U,-74,9.50"
RX,5816668,R35,TXI,N121,75,309481,G,0,0.93,0.9,5.0,U,-74.0,9.5,True,,2026-07-11T15:25:07.106+00:00,/dev/cu.usbserial-576B0005451,"RX,5816668,R35,TXI,N121,75,309481,G,0,0.93,0.90,5,U,-74,9.50"
RX,5816810,R35,TXA,N01,307,309626,D,1,0.24,0.22,5.0,F,-74.0,9.25,True,,2026-07-11T15:25:07.248+00:00,/dev/cu.usbserial-576B0005451,"RX,5816810,R35,TXA,N01,307,309626,D,1,0.24,0.22,5,F,-74,9.25"
RX,5816955,R35,TXK,N151,154,309763,E,0,0.87,0.84,5.0,U,-70.0,9.75,True,,2026-07-11T15:25:07.393+00:00,/dev/cu.usbserial-576B0005451,"RX,5816955,R35,TXK,N151,154,309763,E,0,0.87,0.84,5,U,-70,9.75"
RX,5817810,R35,TXA,N01,308,310626,E,0,0.87,0.84,5.0,F,-74.0,9.75,True,,2026-07-11T15:25:08.248+00:00,/dev/cu.usbserial-576B0005451,"RX,5817810,R35,TXA,N01,308,310626,E,0,0.87,0.84,5,F,-74,9.75"
RX,5818077,R35,TXB,N16,153,310892,C,1,0.81,0.78,5.0,U,-91.0,7.25,True,,2026-07-11T15:25:08.515+00:00,/dev/cu.usbserial-576B0005451,"RX,5818077,R35,TXB,N16,153,310892,C,1,0.81,0.78,5,U,-91,7.25"
RX,5818559,R35,TXE,N61,151,311379,G,0,0.93,0.9,5.0,U,-73.0,9.5,True,,2026-07-11T15:25:08.996+00:00,/dev/cu.usbserial-576B0005451,"RX,5818559,R35,TXE,N61,151,311379,G,0,0.93,0.90,5,U,-73,9.50"
RX,5818810,R35,TXA,N01,309,311626,F,1,0.28,0.26,5.0,F,-74.0,9.0,True,,2026-07-11T15:25:09.248+00:00,/dev/cu.usbserial-576B0005451,"RX,5818810,R35,TXA,N01,309,311626,F,1,0.28,0.26,5,F,-74,9.00"
RX,5818956,R35,TXK,N151,155,311763,G,1,0.93,0.9,5.0,U,-70.0,9.5,True,,2026-07-11T15:25:09.393+00:00,/dev/cu.usbserial-576B0005451,"RX,5818956,R35,TXK,N151,155,311763,G,1,0.93,0.90,5,U,-70,9.50"
RX,5819309,R35,TXF,N76,76,312131,E,0,0.87,0.84,5.0,U,-73.0,9.5,True,,2026-07-11T15:25:09.747+00:00,/dev/cu.usbserial-576B0005451,"RX,5819309,R35,TXF,N76,76,312131,E,0,0.87,0.84,5,U,-73,9.50"
RX,5819613,R35,TXD,N46,38,312430,G,1,0.93,0.9,5.0,U,-70.0,9.5,True,,2026-07-11T15:25:10.051+00:00,/dev/cu.usbserial-576B0005451,"RX,5819613,R35,TXD,N46,38,312430,G,1,0.93,0.90,5,U,-70,9.50"
RX,5819810,R35,TXA,N01,310,312626,G,1,0.93,0.9,5.0,F,-74.0,10.0,True,,2026-07-11T15:25:10.248+00:00,/dev/cu.usbserial-576B0005451,"RX,5819810,R35,TXA,N01,310,312626,G,1,0.93,0.90,5,F,-74,10.00"
RX,5820077,R35,TXB,N16,154,312892,E,0,0.87,0.84,5.0,U,-91.0,7.75,True,,2026-07-11T15:25:10.515+00:00,/dev/cu.usbserial-576B0005451,"RX,5820077,R35,TXB,N16,154,312892,E,0,0.87,0.84,5,U,-91,7.75"
RX,5820259,R35,TXG,N91,37,313080,G,0,0.93,0.9,5.0,U,-69.0,9.75,True,,2026-07-11T15:25:10.696+00:00,/dev/cu.usbserial-576B0005451,"RX,5820259,R35,TXG,N91,37,313080,G,0,0.93,0.90,5,U,-69,9.75"
RX,5820559,R35,TXE,N61,152,313379,A,1,0.75,0.72,5.0,U,-74.0,9.5,True,,2026-07-11T15:25:10.996+00:00,/dev/cu.usbserial-576B0005451,"RX,5820559,R35,TXE,N61,152,313379,A,1,0.75,0.72,5,U,-74,9.50"
RX,5820811,R35,TXA,N01,311,313626,H,0,0.32,0.3,5.0,F,-74.0,10.0,True,,2026-07-11T15:25:11.248+00:00,/dev/cu.usbserial-576B0005451,"RX,5820811,R35,TXA,N01,311,313626,H,0,0.32,0.30,5,F,-74,10.00"
RX,5820956,R35,TXK,N151,156,313763,A,1,0.75,0.72,5.0,U,-71.0,10.0,True,,2026-07-11T15:25:11.393+00:00,/dev/cu.usbserial-576B0005451,"RX,5820956,R35,TXK,N151,156,313763,A,1,0.75,0.72,5,U,-71,10.00"
RX,5821309,R35,TXF,N76,77,314131,G,1,0.93,0.9,5.0,U,-73.0,9.5,True,,2026-07-11T15:25:11.747+00:00,/dev/cu.usbserial-576B0005451,"RX,5821309,R35,TXF,N76,77,314131,G,1,0.93,0.90,5,U,-73,9.50"
RX,5821468,R35,TXJ,N136,37,314280,G,0,0.93,0.9,5.0,U,-83.0,9.25,True,,2026-07-11T15:25:11.905+00:00,/dev/cu.usbserial-576B0005451,"RX,5821468,R35,TXJ,N136,37,314280,G,0,0.93,0.90,5,U,-83,9.25"
RX,5821563,R35,TXC,N31,76,314381,E,0,0.87,0.84,5.0,U,-75.0,9.5,True,,2026-07-11T15:25:12.000+00:00,/dev/cu.usbserial-576B0005451,"RX,5821563,R35,TXC,N31,76,314381,E,0,0.87,0.84,5,U,-75,9.50"
RX,5821810,R35,TXA,N01,312,314626,A,1,0.75,0.72,5.0,F,-74.0,10.0,True,,2026-07-11T15:25:12.248+00:00,/dev/cu.usbserial-576B0005451,"RX,5821810,R35,TXA,N01,312,314626,A,1,0.75,0.72,5,F,-74,10.00"
RX,5822077,R35,TXB,N16,155,314892,G,1,0.93,0.9,5.0,U,-90.0,8.0,True,,2026-07-11T15:25:12.515+00:00,/dev/cu.usbserial-576B0005451,"RX,5822077,R35,TXB,N16,155,314892,G,1,0.93,0.90,5,U,-90,8.00"
RX,5822559,R35,TXE,N61,153,315379,C,1,0.81,0.78,5.0,U,-74.0,9.5,True,,2026-07-11T15:25:12.996+00:00,/dev/cu.usbserial-576B0005451,"RX,5822559,R35,TXE,N61,153,315379,C,1,0.81,0.78,5,U,-74,9.50"
RX,5822668,R35,TXI,N121,76,315481,E,0,0.87,0.84,5.0,U,-74.0,9.25,True,,2026-07-11T15:25:13.106+00:00,/dev/cu.usbserial-576B0005451,"RX,5822668,R35,TXI,N121,76,315481,E,0,0.87,0.84,5,U,-74,9.25"
RX,5822810,R35,TXA,N01,313,315626,B,1,0.2,0.18,5.0,F,-74.0,9.25,True,,2026-07-11T15:25:13.248+00:00,/dev/cu.usbserial-576B0005451,"RX,5822810,R35,TXA,N01,313,315626,B,1,0.20,0.18,5,F,-74,9.25"
RX,5822956,R35,TXK,N151,157,315763,C,0,0.81,0.78,5.0,U,-70.0,9.5,True,,2026-07-11T15:25:13.393+00:00,/dev/cu.usbserial-576B0005451,"RX,5822956,R35,TXK,N151,157,315763,C,0,0.81,0.78,5,U,-70,9.50"
RX,5823563,R35,TXC,N31,77,316381,G,1,0.93,0.9,5.0,U,-74.0,10.25,True,,2026-07-11T15:25:14.000+00:00,/dev/cu.usbserial-576B0005451,"RX,5823563,R35,TXC,N31,77,316381,G,1,0.93,0.90,5,U,-74,10.25"
RX,5823811,R35,TXA,N01,314,316626,C,0,0.81,0.78,5.0,F,-75.0,9.25,True,,2026-07-11T15:25:14.248+00:00,/dev/cu.usbserial-576B0005451,"RX,5823811,R35,TXA,N01,314,316626,C,0,0.81,0.78,5,F,-75,9.25"
RX,5824077,R35,TXB,N16,156,316892,A,1,0.75,0.72,5.0,U,-91.0,8.0,True,,2026-07-11T15:25:14.515+00:00,/dev/cu.usbserial-576B0005451,"RX,5824077,R35,TXB,N16,156,316892,A,1,0.75,0.72,5,U,-91,8.00"
RX,5824559,R35,TXE,N61,154,317379,E,0,0.87,0.84,5.0,U,-74.0,9.25,True,,2026-07-11T15:25:14.996+00:00,/dev/cu.usbserial-576B0005451,"RX,5824559,R35,TXE,N61,154,317379,E,0,0.87,0.84,5,U,-74,9.25"
RX,5824668,R35,TXI,N121,77,317481,G,1,0.93,0.9,5.0,U,-73.0,6.5,True,,2026-07-11T15:25:15.106+00:00,/dev/cu.usbserial-576B0005451,"RX,5824668,R35,TXI,N121,77,317481,G,1,0.93,0.90,5,U,-73,6.50"
RX,5824811,R35,TXA,N01,315,317626,D,1,0.24,0.22,5.0,F,-74.0,10.0,True,,2026-07-11T15:25:15.248+00:00,/dev/cu.usbserial-576B0005451,"RX,5824811,R35,TXA,N01,315,317626,D,1,0.24,0.22,5,F,-74,10.00"
RX,5824956,R35,TXK,N151,158,317763,E,1,0.87,0.84,5.0,U,-71.0,9.5,True,,2026-07-11T15:25:15.393+00:00,/dev/cu.usbserial-576B0005451,"RX,5824956,R35,TXK,N151,158,317763,E,1,0.87,0.84,5,U,-71,9.50"
RX,5825811,R35,TXA,N01,316,318626,E,1,0.87,0.84,5.0,F,-75.0,9.5,True,,2026-07-11T15:25:16.248+00:00,/dev/cu.usbserial-576B0005451,"RX,5825811,R35,TXA,N01,316,318626,E,1,0.87,0.84,5,F,-75,9.50"
RX,5826077,R35,TXB,N16,157,318892,C,0,0.81,0.78,5.0,U,-90.0,8.0,True,,2026-07-11T15:25:16.515+00:00,/dev/cu.usbserial-576B0005451,"RX,5826077,R35,TXB,N16,157,318892,C,0,0.81,0.78,5,U,-90,8.00"
RX,5826559,R35,TXE,N61,155,319379,G,1,0.93,0.9,5.0,U,-73.0,9.75,True,,2026-07-11T15:25:16.996+00:00,/dev/cu.usbserial-576B0005451,"RX,5826559,R35,TXE,N61,155,319379,G,1,0.93,0.90,5,U,-73,9.75"
RX,5826811,R35,TXA,N01,317,319626,F,0,0.28,0.26,5.0,F,-74.0,9.5,True,,2026-07-11T15:25:17.248+00:00,/dev/cu.usbserial-576B0005451,"RX,5826811,R35,TXA,N01,317,319626,F,0,0.28,0.26,5,F,-74,9.50"
RX,5826955,R35,TXK,N151,159,319763,G,1,0.93,0.9,5.0,U,-71.0,9.75,True,,2026-07-11T15:25:17.393+00:00,/dev/cu.usbserial-576B0005451,"RX,5826955,R35,TXK,N151,159,319763,G,1,0.93,0.90,5,U,-71,9.75"
RX,5827309,R35,TXF,N76,78,320131,E,1,0.87,0.84,5.0,U,-73.0,9.5,True,,2026-07-11T15:25:17.747+00:00,/dev/cu.usbserial-576B0005451,"RX,5827309,R35,TXF,N76,78,320131,E,1,0.87,0.84,5,U,-73,9.50"
RX,5827613,R35,TXD,N46,39,320430,G,1,0.93,0.9,5.0,U,-70.0,9.25,True,,2026-07-11T15:25:18.051+00:00,/dev/cu.usbserial-576B0005451,"RX,5827613,R35,TXD,N46,39,320430,G,1,0.93,0.90,5,U,-70,9.25"
RX,5827810,R35,TXA,N01,318,320626,G,1,0.93,0.9,5.0,F,-74.0,9.75,True,,2026-07-11T15:25:18.248+00:00,/dev/cu.usbserial-576B0005451,"RX,5827810,R35,TXA,N01,318,320626,G,1,0.93,0.90,5,F,-74,9.75"
RX,5828259,R35,TXG,N91,38,321080,G,1,0.93,0.9,5.0,U,-70.0,9.25,True,,2026-07-11T15:25:18.697+00:00,/dev/cu.usbserial-576B0005451,"RX,5828259,R35,TXG,N91,38,321080,G,1,0.93,0.90,5,U,-70,9.25"
RX,5828559,R35,TXE,N61,156,321379,A,1,0.75,0.72,5.0,U,-74.0,9.25,True,,2026-07-11T15:25:18.996+00:00,/dev/cu.usbserial-576B0005451,"RX,5828559,R35,TXE,N61,156,321379,A,1,0.75,0.72,5,U,-74,9.25"
RX,5828810,R35,TXA,N01,319,321626,H,1,0.32,0.3,5.0,F,-74.0,9.25,True,,2026-07-11T15:25:19.248+00:00,/dev/cu.usbserial-576B0005451,"RX,5828810,R35,TXA,N01,319,321626,H,1,0.32,0.30,5,F,-74,9.25"
RX,5828955,R35,TXK,N151,160,321763,A,1,0.75,0.72,5.0,U,-71.0,9.75,True,,2026-07-11T15:25:19.393+00:00,/dev/cu.usbserial-576B0005451,"RX,5828955,R35,TXK,N151,160,321763,A,1,0.75,0.72,5,U,-71,9.75"
RX,5829309,R35,TXF,N76,79,322131,G,1,0.93,0.9,5.0,U,-74.0,9.75,True,,2026-07-11T15:25:19.747+00:00,/dev/cu.usbserial-576B0005451,"RX,5829309,R35,TXF,N76,79,322131,G,1,0.93,0.90,5,U,-74,9.75"
RX,5829468,R35,TXJ,N136,38,322280,G,1,0.93,0.9,5.0,U,-83.0,9.5,True,,2026-07-11T15:25:19.905+00:00,/dev/cu.usbserial-576B0005451,"RX,5829468,R35,TXJ,N136,38,322280,G,1,0.93,0.90,5,U,-83,9.50"
RX,5829563,R35,TXC,N31,78,322381,E,1,0.87,0.84,5.0,U,-75.0,9.5,True,,2026-07-11T15:25:20.001+00:00,/dev/cu.usbserial-576B0005451,"RX,5829563,R35,TXC,N31,78,322381,E,1,0.87,0.84,5,U,-75,9.50"
RX,5829810,R35,TXA,N01,320,322626,A,1,0.75,0.72,5.0,F,-74.0,9.75,True,,2026-07-11T15:25:20.248+00:00,/dev/cu.usbserial-576B0005451,"RX,5829810,R35,TXA,N01,320,322626,A,1,0.75,0.72,5,F,-74,9.75"
RX,5830077,R35,TXB,N16,159,322892,G,1,0.93,0.9,5.0,U,-91.0,7.75,True,,2026-07-11T15:25:20.515+00:00,/dev/cu.usbserial-576B0005451,"RX,5830077,R35,TXB,N16,159,322892,G,1,0.93,0.90,5,U,-91,7.75"
RX,5830559,R35,TXE,N61,157,323379,C,0,0.81,0.78,5.0,U,-74.0,9.5,True,,2026-07-11T15:25:20.996+00:00,/dev/cu.usbserial-576B0005451,"RX,5830559,R35,TXE,N61,157,323379,C,0,0.81,0.78,5,U,-74,9.50"
RX,5830668,R35,TXI,N121,78,323481,E,1,0.87,0.84,5.0,U,-73.0,9.75,True,,2026-07-11T15:25:21.106+00:00,/dev/cu.usbserial-576B0005451,"RX,5830668,R35,TXI,N121,78,323481,E,1,0.87,0.84,5,U,-73,9.75"
RX,5830810,R35,TXA,N01,321,323626,B,0,0.2,0.18,5.0,F,-74.0,9.25,True,,2026-07-11T15:25:21.248+00:00,/dev/cu.usbserial-576B0005451,"RX,5830810,R35,TXA,N01,321,323626,B,0,0.20,0.18,5,F,-74,9.25"
RX,5830955,R35,TXK,N151,161,323763,C,1,0.81,0.78,5.0,U,-71.0,9.75,True,,2026-07-11T15:25:21.393+00:00,/dev/cu.usbserial-576B0005451,"RX,5830955,R35,TXK,N151,161,323763,C,1,0.81,0.78,5,U,-71,9.75"
RX,5831563,R35,TXC,N31,79,324381,G,1,0.93,0.9,5.0,U,-76.0,9.75,True,,2026-07-11T15:25:22.000+00:00,/dev/cu.usbserial-576B0005451,"RX,5831563,R35,TXC,N31,79,324381,G,1,0.93,0.90,5,U,-76,9.75"
RX,5831811,R35,TXA,N01,322,324626,C,1,0.81,0.78,5.0,F,-74.0,9.75,True,,2026-07-11T15:25:22.248+00:00,/dev/cu.usbserial-576B0005451,"RX,5831811,R35,TXA,N01,322,324626,C,1,0.81,0.78,5,F,-74,9.75"
RX,5832077,R35,TXB,N16,160,324892,A,1,0.75,0.72,5.0,U,-91.0,7.75,True,,2026-07-11T15:25:22.515+00:00,/dev/cu.usbserial-576B0005451,"RX,5832077,R35,TXB,N16,160,324892,A,1,0.75,0.72,5,U,-91,7.75"
RX,5832559,R35,TXE,N61,158,325379,E,1,0.87,0.84,5.0,U,-73.0,9.75,True,,2026-07-11T15:25:22.996+00:00,/dev/cu.usbserial-576B0005451,"RX,5832559,R35,TXE,N61,158,325379,E,1,0.87,0.84,5,U,-73,9.75"
RX,5832668,R35,TXI,N121,79,325481,G,1,0.93,0.9,5.0,U,-73.0,10.0,True,,2026-07-11T15:25:23.106+00:00,/dev/cu.usbserial-576B0005451,"RX,5832668,R35,TXI,N121,79,325481,G,1,0.93,0.90,5,U,-73,10.00"
RX,5832811,R35,TXA,N01,323,325626,D,1,0.24,0.22,5.0,F,-74.0,9.5,True,,2026-07-11T15:25:23.248+00:00,/dev/cu.usbserial-576B0005451,"RX,5832811,R35,TXA,N01,323,325626,D,1,0.24,0.22,5,F,-74,9.50"
RX,5832956,R35,TXK,N151,162,325763,E,0,0.87,0.84,5.0,U,-71.0,10.0,True,,2026-07-11T15:25:23.393+00:00,/dev/cu.usbserial-576B0005451,"RX,5832956,R35,TXK,N151,162,325763,E,0,0.87,0.84,5,U,-71,10.00"
RX,5833811,R35,TXA,N01,324,326626,E,0,0.87,0.84,5.0,F,-74.0,9.75,True,,2026-07-11T15:25:24.248+00:00,/dev/cu.usbserial-576B0005451,"RX,5833811,R35,TXA,N01,324,326626,E,0,0.87,0.84,5,F,-74,9.75"
RX,5834077,R35,TXB,N16,161,326892,C,1,0.81,0.78,5.0,U,-91.0,7.75,True,,2026-07-11T15:25:24.515+00:00,/dev/cu.usbserial-576B0005451,"RX,5834077,R35,TXB,N16,161,326892,C,1,0.81,0.78,5,U,-91,7.75"
RX,5834559,R35,TXE,N61,159,327379,G,1,0.93,0.9,5.0,U,-73.0,9.75,True,,2026-07-11T15:25:24.996+00:00,/dev/cu.usbserial-576B0005451,"RX,5834559,R35,TXE,N61,159,327379,G,1,0.93,0.90,5,U,-73,9.75"
RX,5834810,R35,TXA,N01,325,327626,F,1,0.28,0.26,5.0,F,-74.0,9.5,True,,2026-07-11T15:25:25.248+00:00,/dev/cu.usbserial-576B0005451,"RX,5834810,R35,TXA,N01,325,327626,F,1,0.28,0.26,5,F,-74,9.50"
RX,5834921,R35,TXH,N106,20,327742,G,1,0.93,0.9,5.0,U,-62.0,3.25,True,,2026-07-11T15:25:25.358+00:00,/dev/cu.usbserial-576B0005451,"RX,5834921,R35,TXH,N106,20,327742,G,1,0.93,0.90,5,U,-62,3.25"
RX,5835103,R35,TXL,N166,20,327916,G,1,0.93,0.9,5.0,U,-70.0,9.5,True,,2026-07-11T15:25:25.540+00:00,/dev/cu.usbserial-576B0005451,"RX,5835103,R35,TXL,N166,20,327916,G,1,0.93,0.90,5,U,-70,9.50"
RX,5835309,R35,TXF,N76,80,328131,E,0,0.87,0.84,5.0,U,-73.0,9.75,True,,2026-07-11T15:25:25.747+00:00,/dev/cu.usbserial-576B0005451,"RX,5835309,R35,TXF,N76,80,328131,E,0,0.87,0.84,5,U,-73,9.75"
RX,5835613,R35,TXD,N46,40,328430,G,1,0.93,0.9,5.0,U,-70.0,9.5,True,,2026-07-11T15:25:26.051+00:00,/dev/cu.usbserial-576B0005451,"RX,5835613,R35,TXD,N46,40,328430,G,1,0.93,0.90,5,U,-70,9.50"
RX,5835810,R35,TXA,N01,326,328626,G,1,0.93,0.9,5.0,F,-74.0,9.5,True,,2026-07-11T15:25:26.248+00:00,/dev/cu.usbserial-576B0005451,"RX,5835810,R35,TXA,N01,326,328626,G,1,0.93,0.90,5,F,-74,9.50"
RX,5836077,R35,TXB,N16,162,328892,E,0,0.87,0.84,5.0,U,-91.0,7.5,True,,2026-07-11T15:25:26.515+00:00,/dev/cu.usbserial-576B0005451,"RX,5836077,R35,TXB,N16,162,328892,E,0,0.87,0.84,5,U,-91,7.50"
RX,5836259,R35,TXG,N91,39,329080,G,1,0.93,0.9,5.0,U,-70.0,9.75,True,,2026-07-11T15:25:26.697+00:00,/dev/cu.usbserial-576B0005451,"RX,5836259,R35,TXG,N91,39,329080,G,1,0.93,0.90,5,U,-70,9.75"
RX,5836559,R35,TXE,N61,160,329379,A,1,0.75,0.72,5.0,U,-74.0,9.25,True,,2026-07-11T15:25:26.996+00:00,/dev/cu.usbserial-576B0005451,"RX,5836559,R35,TXE,N61,160,329379,A,1,0.75,0.72,5,U,-74,9.25"
RX,5836811,R35,TXA,N01,327,329626,H,0,0.32,0.3,5.0,F,-74.0,9.25,True,,2026-07-11T15:25:27.249+00:00,/dev/cu.usbserial-576B0005451,"RX,5836811,R35,TXA,N01,327,329626,H,0,0.32,0.30,5,F,-74,9.25"
RX,5836956,R35,TXK,N151,164,329763,A,1,0.75,0.72,5.0,U,-71.0,9.75,True,,2026-07-11T15:25:27.393+00:00,/dev/cu.usbserial-576B0005451,"RX,5836956,R35,TXK,N151,164,329763,A,1,0.75,0.72,5,U,-71,9.75"
RX,5837309,R35,TXF,N76,81,330131,G,1,0.93,0.9,5.0,U,-73.0,9.75,True,,2026-07-11T15:25:27.747+00:00,/dev/cu.usbserial-576B0005451,"RX,5837309,R35,TXF,N76,81,330131,G,1,0.93,0.90,5,U,-73,9.75"
RX,5837468,R35,TXJ,N136,39,330280,G,1,0.93,0.9,5.0,U,-82.0,9.5,True,,2026-07-11T15:25:27.905+00:00,/dev/cu.usbserial-576B0005451,"RX,5837468,R35,TXJ,N136,39,330280,G,1,0.93,0.90,5,U,-82,9.50"
RX,5837563,R35,TXC,N31,80,330381,E,0,0.87,0.84,5.0,U,-75.0,10.0,True,,2026-07-11T15:25:28.000+00:00,/dev/cu.usbserial-576B0005451,"RX,5837563,R35,TXC,N31,80,330381,E,0,0.87,0.84,5,U,-75,10.00"
RX,5837811,R35,TXA,N01,328,330626,A,1,0.75,0.72,5.0,F,-74.0,7.0,True,,2026-07-11T15:25:28.248+00:00,/dev/cu.usbserial-576B0005451,"RX,5837811,R35,TXA,N01,328,330626,A,1,0.75,0.72,5,F,-74,7.00"
RX,5838077,R35,TXB,N16,163,330892,G,1,0.93,0.9,5.0,U,-91.0,7.75,True,,2026-07-11T15:25:28.515+00:00,/dev/cu.usbserial-576B0005451,"RX,5838077,R35,TXB,N16,163,330892,G,1,0.93,0.90,5,U,-91,7.75"
RX,5838559,R35,TXE,N61,161,331379,C,1,0.81,0.78,5.0,U,-74.0,9.5,True,,2026-07-11T15:25:28.996+00:00,/dev/cu.usbserial-576B0005451,"RX,5838559,R35,TXE,N61,161,331379,C,1,0.81,0.78,5,U,-74,9.50"
RX,5838668,R35,TXI,N121,80,331481,E,0,0.87,0.84,5.0,U,-73.0,9.75,True,,2026-07-11T15:25:29.106+00:00,/dev/cu.usbserial-576B0005451,"RX,5838668,R35,TXI,N121,80,331481,E,0,0.87,0.84,5,U,-73,9.75"
RX,5838811,R35,TXA,N01,329,331626,B,1,0.2,0.18,5.0,F,-74.0,9.25,True,,2026-07-11T15:25:29.248+00:00,/dev/cu.usbserial-576B0005451,"RX,5838811,R35,TXA,N01,329,331626,B,1,0.20,0.18,5,F,-74,9.25"
RX,5838956,R35,TXK,N151,165,331763,C,0,0.81,0.78,5.0,U,-70.0,9.75,True,,2026-07-11T15:25:29.393+00:00,/dev/cu.usbserial-576B0005451,"RX,5838956,R35,TXK,N151,165,331763,C,0,0.81,0.78,5,U,-70,9.75"
RX,5839563,R35,TXC,N31,81,332381,G,1,0.93,0.9,5.0,U,-75.0,9.75,True,,2026-07-11T15:25:30.001+00:00,/dev/cu.usbserial-576B0005451,"RX,5839563,R35,TXC,N31,81,332381,G,1,0.93,0.90,5,U,-75,9.75"
RX,5839811,R35,TXA,N01,330,332626,C,0,0.81,0.78,5.0,F,-75.0,9.25,True,,2026-07-11T15:25:30.248+00:00,/dev/cu.usbserial-576B0005451,"RX,5839811,R35,TXA,N01,330,332626,C,0,0.81,0.78,5,F,-75,9.25"
RX,5840077,R35,TXB,N16,164,332892,A,1,0.75,0.72,5.0,U,-91.0,7.5,True,,2026-07-11T15:25:30.515+00:00,/dev/cu.usbserial-576B0005451,"RX,5840077,R35,TXB,N16,164,332892,A,1,0.75,0.72,5,U,-91,7.50"
RX,5840559,R35,TXE,N61,162,333379,E,0,0.87,0.84,5.0,U,-73.0,9.75,True,,2026-07-11T15:25:30.996+00:00,/dev/cu.usbserial-576B0005451,"RX,5840559,R35,TXE,N61,162,333379,E,0,0.87,0.84,5,U,-73,9.75"
RX,5840668,R35,TXI,N121,81,333481,G,1,0.93,0.9,5.0,U,-73.0,10.0,True,,2026-07-11T15:25:31.106+00:00,/dev/cu.usbserial-576B0005451,"RX,5840668,R35,TXI,N121,81,333481,G,1,0.93,0.90,5,U,-73,10.00"
RX,5840811,R35,TXA,N01,331,333626,D,1,0.24,0.22,5.0,F,-74.0,9.25,True,,2026-07-11T15:25:31.248+00:00,/dev/cu.usbserial-576B0005451,"RX,5840811,R35,TXA,N01,331,333626,D,1,0.24,0.22,5,F,-74,9.25"
RX,5840956,R35,TXK,N151,166,333763,E,1,0.87,0.84,5.0,U,-70.0,10.0,True,,2026-07-11T15:25:31.393+00:00,/dev/cu.usbserial-576B0005451,"RX,5840956,R35,TXK,N151,166,333763,E,1,0.87,0.84,5,U,-70,10.00"
RX,5841811,R35,TXA,N01,332,334626,E,1,0.87,0.84,5.0,F,-73.0,9.25,True,,2026-07-11T15:25:32.248+00:00,/dev/cu.usbserial-576B0005451,"RX,5841811,R35,TXA,N01,332,334626,E,1,0.87,0.84,5,F,-73,9.25"
RX,5842077,R35,TXB,N16,165,334892,C,0,0.81,0.78,5.0,U,-90.0,8.0,True,,2026-07-11T15:25:32.515+00:00,/dev/cu.usbserial-576B0005451,"RX,5842077,R35,TXB,N16,165,334892,C,0,0.81,0.78,5,U,-90,8.00"
RX,5842559,R35,TXE,N61,163,335379,G,1,0.93,0.9,5.0,U,-73.0,10.0,True,,2026-07-11T15:25:32.996+00:00,/dev/cu.usbserial-576B0005451,"RX,5842559,R35,TXE,N61,163,335379,G,1,0.93,0.90,5,U,-73,10.00"
RX,5842811,R35,TXA,N01,333,335626,F,0,0.28,0.26,5.0,F,-74.0,9.75,True,,2026-07-11T15:25:33.248+00:00,/dev/cu.usbserial-576B0005451,"RX,5842811,R35,TXA,N01,333,335626,F,0,0.28,0.26,5,F,-74,9.75"
RX,5842921,R35,TXH,N106,21,335742,G,1,0.93,0.9,5.0,U,-61.0,3.5,True,,2026-07-11T15:25:33.359+00:00,/dev/cu.usbserial-576B0005451,"RX,5842921,R35,TXH,N106,21,335742,G,1,0.93,0.90,5,U,-61,3.50"
RX,5843103,R35,TXL,N166,21,335916,G,1,0.93,0.9,5.0,U,-70.0,9.5,True,,2026-07-11T15:25:33.540+00:00,/dev/cu.usbserial-576B0005451,"RX,5843103,R35,TXL,N166,21,335916,G,1,0.93,0.90,5,U,-70,9.50"
RX,5843309,R35,TXF,N76,82,336131,E,1,0.87,0.84,5.0,U,-73.0,9.5,True,,2026-07-11T15:25:33.747+00:00,/dev/cu.usbserial-576B0005451,"RX,5843309,R35,TXF,N76,82,336131,E,1,0.87,0.84,5,U,-73,9.50"
RX,5843613,R35,TXD,N46,41,336430,G,1,0.93,0.9,5.0,U,-70.0,9.5,True,,2026-07-11T15:25:34.051+00:00,/dev/cu.usbserial-576B0005451,"RX,5843613,R35,TXD,N46,41,336430,G,1,0.93,0.90,5,U,-70,9.50"
RX,5843811,R35,TXA,N01,334,336626,G,1,0.93,0.9,5.0,F,-74.0,9.25,True,,2026-07-11T15:25:34.248+00:00,/dev/cu.usbserial-576B0005451,"RX,5843811,R35,TXA,N01,334,336626,G,1,0.93,0.90,5,F,-74,9.25"
RX,5844077,R35,TXB,N16,166,336892,E,1,0.87,0.84,5.0,U,-90.0,8.0,True,,2026-07-11T15:25:34.515+00:00,/dev/cu.usbserial-576B0005451,"RX,5844077,R35,TXB,N16,166,336892,E,1,0.87,0.84,5,U,-90,8.00"
RX,5844259,R35,TXG,N91,40,337080,G,1,0.93,0.9,5.0,U,-69.0,9.75,True,,2026-07-11T15:25:34.697+00:00,/dev/cu.usbserial-576B0005451,"RX,5844259,R35,TXG,N91,40,337080,G,1,0.93,0.90,5,U,-69,9.75"
RX,5844559,R35,TXE,N61,164,337379,A,1,0.75,0.72,5.0,U,-74.0,9.5,True,,2026-07-11T15:25:34.996+00:00,/dev/cu.usbserial-576B0005451,"RX,5844559,R35,TXE,N61,164,337379,A,1,0.75,0.72,5,U,-74,9.50"
RX,5844811,R35,TXA,N01,335,337626,H,1,0.32,0.3,5.0,F,-74.0,9.75,True,,2026-07-11T15:25:35.248+00:00,/dev/cu.usbserial-576B0005451,"RX,5844811,R35,TXA,N01,335,337626,H,1,0.32,0.30,5,F,-74,9.75"
RX,5844955,R35,TXK,N151,168,337763,A,0,0.75,0.72,5.0,U,-71.0,9.75,True,,2026-07-11T15:25:35.393+00:00,/dev/cu.usbserial-576B0005451,"RX,5844955,R35,TXK,N151,168,337763,A,0,0.75,0.72,5,U,-71,9.75"
RX,5845309,R35,TXF,N76,83,338131,G,1,0.93,0.9,5.0,U,-73.0,9.5,True,,2026-07-11T15:25:35.747+00:00,/dev/cu.usbserial-576B0005451,"RX,5845309,R35,TXF,N76,83,338131,G,1,0.93,0.90,5,U,-73,9.50"
RX,5845468,R35,TXJ,N136,40,338280,G,1,0.93,0.9,5.0,U,-83.0,9.25,True,,2026-07-11T15:25:35.906+00:00,/dev/cu.usbserial-576B0005451,"RX,5845468,R35,TXJ,N136,40,338280,G,1,0.93,0.90,5,U,-83,9.25"
RX,5845563,R35,TXC,N31,82,338381,E,1,0.87,0.84,5.0,U,-75.0,9.75,True,,2026-07-11T15:25:36.001+00:00,/dev/cu.usbserial-576B0005451,"RX,5845563,R35,TXC,N31,82,338381,E,1,0.87,0.84,5,U,-75,9.75"
RX,5845810,R35,TXA,N01,336,338626,A,0,0.75,0.72,5.0,F,-74.0,9.5,True,,2026-07-11T15:25:36.248+00:00,/dev/cu.usbserial-576B0005451,"RX,5845810,R35,TXA,N01,336,338626,A,0,0.75,0.72,5,F,-74,9.50"
RX,5846077,R35,TXB,N16,167,338892,G,1,0.93,0.9,5.0,U,-91.0,7.75,True,,2026-07-11T15:25:36.515+00:00,/dev/cu.usbserial-576B0005451,"RX,5846077,R35,TXB,N16,167,338892,G,1,0.93,0.90,5,U,-91,7.75"
RX,5846559,R35,TXE,N61,165,339379,C,0,0.81,0.78,5.0,U,-73.0,9.5,True,,2026-07-11T15:25:36.997+00:00,/dev/cu.usbserial-576B0005451,"RX,5846559,R35,TXE,N61,165,339379,C,0,0.81,0.78,5,U,-73,9.50"
RX,5846668,R35,TXI,N121,82,339481,E,1,0.87,0.84,5.0,U,-73.0,9.75,True,,2026-07-11T15:25:37.106+00:00,/dev/cu.usbserial-576B0005451,"RX,5846668,R35,TXI,N121,82,339481,E,1,0.87,0.84,5,U,-73,9.75"
RX,5846811,R35,TXA,N01,337,339626,B,1,0.2,0.18,5.0,F,-74.0,9.5,True,,2026-07-11T15:25:37.250+00:00,/dev/cu.usbserial-576B0005451,"RX,5846811,R35,TXA,N01,337,339626,B,1,0.20,0.18,5,F,-74,9.50"
RX,5846956,R35,TXK,N151,169,339763,C,1,0.81,0.78,5.0,U,-71.0,10.0,True,,2026-07-11T15:25:37.393+00:00,/dev/cu.usbserial-576B0005451,"RX,5846956,R35,TXK,N151,169,339763,C,1,0.81,0.78,5,U,-71,10.00"
RX,5847563,R35,TXC,N31,83,340381,G,1,0.93,0.9,5.0,U,-75.0,9.25,True,,2026-07-11T15:25:38.001+00:00,/dev/cu.usbserial-576B0005451,"RX,5847563,R35,TXC,N31,83,340381,G,1,0.93,0.90,5,U,-75,9.25"
RX,5847811,R35,TXA,N01,338,340626,C,1,0.81,0.78,5.0,F,-74.0,9.25,True,,2026-07-11T15:25:38.248+00:00,/dev/cu.usbserial-576B0005451,"RX,5847811,R35,TXA,N01,338,340626,C,1,0.81,0.78,5,F,-74,9.25"
RX,5848077,R35,TXB,N16,168,340892,A,0,0.75,0.72,5.0,U,-91.0,7.5,True,,2026-07-11T15:25:38.515+00:00,/dev/cu.usbserial-576B0005451,"RX,5848077,R35,TXB,N16,168,340892,A,0,0.75,0.72,5,U,-91,7.50"
RX,5848559,R35,TXE,N61,166,341379,E,1,0.87,0.84,5.0,U,-73.0,9.25,True,,2026-07-11T15:25:38.996+00:00,/dev/cu.usbserial-576B0005451,"RX,5848559,R35,TXE,N61,166,341379,E,1,0.87,0.84,5,U,-73,9.25"
RX,5848668,R35,TXI,N121,83,341481,G,1,0.93,0.9,5.0,U,-72.0,9.5,True,,2026-07-11T15:25:39.106+00:00,/dev/cu.usbserial-576B0005451,"RX,5848668,R35,TXI,N121,83,341481,G,1,0.93,0.90,5,U,-72,9.50"
RX,5848811,R35,TXA,N01,339,341626,D,0,0.24,0.22,5.0,F,-75.0,9.25,True,,2026-07-11T15:25:39.248+00:00,/dev/cu.usbserial-576B0005451,"RX,5848811,R35,TXA,N01,339,341626,D,0,0.24,0.22,5,F,-75,9.25"
RX,5848955,R35,TXK,N151,170,341763,E,1,0.87,0.84,5.0,U,-71.0,9.75,True,,2026-07-11T15:25:39.393+00:00,/dev/cu.usbserial-576B0005451,"RX,5848955,R35,TXK,N151,170,341763,E,1,0.87,0.84,5,U,-71,9.75"
RX,5849811,R35,TXA,N01,340,342626,E,1,0.87,0.84,5.0,F,-74.0,9.5,True,,2026-07-11T15:25:40.248+00:00,/dev/cu.usbserial-576B0005451,"RX,5849811,R35,TXA,N01,340,342626,E,1,0.87,0.84,5,F,-74,9.50"
RX,5850077,R35,TXB,N16,169,342892,C,1,0.81,0.78,5.0,U,-91.0,7.75,True,,2026-07-11T15:25:40.515+00:00,/dev/cu.usbserial-576B0005451,"RX,5850077,R35,TXB,N16,169,342892,C,1,0.81,0.78,5,U,-91,7.75"
RX,5850559,R35,TXE,N61,167,343379,G,1,0.93,0.9,5.0,U,-74.0,9.5,True,,2026-07-11T15:25:40.997+00:00,/dev/cu.usbserial-576B0005451,"RX,5850559,R35,TXE,N61,167,343379,G,1,0.93,0.90,5,U,-74,9.50"
RX,5850811,R35,TXA,N01,341,343626,F,1,0.28,0.26,5.0,F,-75.0,9.5,True,,2026-07-11T15:25:41.248+00:00,/dev/cu.usbserial-576B0005451,"RX,5850811,R35,TXA,N01,341,343626,F,1,0.28,0.26,5,F,-75,9.50"
RX,5850921,R35,TXH,N106,22,343742,G,0,0.93,0.9,5.0,U,-62.0,3.75,True,,2026-07-11T15:25:41.358+00:00,/dev/cu.usbserial-576B0005451,"RX,5850921,R35,TXH,N106,22,343742,G,0,0.93,0.90,5,U,-62,3.75"
RX,5851103,R35,TXL,N166,22,343916,G,0,0.93,0.9,5.0,U,-70.0,9.5,True,,2026-07-11T15:25:41.540+00:00,/dev/cu.usbserial-576B0005451,"RX,5851103,R35,TXL,N166,22,343916,G,0,0.93,0.90,5,U,-70,9.50"
RX,5851309,R35,TXF,N76,84,344131,E,1,0.87,0.84,5.0,U,-74.0,9.75,True,,2026-07-11T15:25:41.747+00:00,/dev/cu.usbserial-576B0005451,"RX,5851309,R35,TXF,N76,84,344131,E,1,0.87,0.84,5,U,-74,9.75"
RX,5851613,R35,TXD,N46,42,344430,G,0,0.93,0.9,5.0,U,-70.0,9.5,True,,2026-07-11T15:25:42.051+00:00,/dev/cu.usbserial-576B0005451,"RX,5851613,R35,TXD,N46,42,344430,G,0,0.93,0.90,5,U,-70,9.50"
RX,5851811,R35,TXA,N01,342,344626,G,0,0.93,0.9,5.0,F,-74.0,9.5,True,,2026-07-11T15:25:42.248+00:00,/dev/cu.usbserial-576B0005451,"RX,5851811,R35,TXA,N01,342,344626,G,0,0.93,0.90,5,F,-74,9.50"
RX,5852077,R35,TXB,N16,170,344892,E,1,0.87,0.84,5.0,U,-92.0,7.75,True,,2026-07-11T15:25:42.515+00:00,/dev/cu.usbserial-576B0005451,"RX,5852077,R35,TXB,N16,170,344892,E,1,0.87,0.84,5,U,-92,7.75"
RX,5852259,R35,TXG,N91,41,345080,G,1,0.93,0.9,5.0,U,-70.0,9.5,True,,2026-07-11T15:25:42.697+00:00,/dev/cu.usbserial-576B0005451,"RX,5852259,R35,TXG,N91,41,345080,G,1,0.93,0.90,5,U,-70,9.50"
RX,5852559,R35,TXE,N61,168,345379,A,0,0.75,0.72,5.0,U,-74.0,9.5,True,,2026-07-11T15:25:42.996+00:00,/dev/cu.usbserial-576B0005451,"RX,5852559,R35,TXE,N61,168,345379,A,0,0.75,0.72,5,U,-74,9.50"
RX,5852811,R35,TXA,N01,343,345626,H,1,0.32,0.3,5.0,F,-74.0,9.5,True,,2026-07-11T15:25:43.248+00:00,/dev/cu.usbserial-576B0005451,"RX,5852811,R35,TXA,N01,343,345626,H,1,0.32,0.30,5,F,-74,9.50"
RX,5852955,R35,TXK,N151,172,345763,A,1,0.75,0.72,5.0,U,-71.0,10.0,True,,2026-07-11T15:25:43.393+00:00,/dev/cu.usbserial-576B0005451,"RX,5852955,R35,TXK,N151,172,345763,A,1,0.75,0.72,5,U,-71,10.00"
RX,5853309,R35,TXF,N76,85,346131,G,0,0.93,0.9,5.0,U,-74.0,9.25,True,,2026-07-11T15:25:43.747+00:00,/dev/cu.usbserial-576B0005451,"RX,5853309,R35,TXF,N76,85,346131,G,0,0.93,0.90,5,U,-74,9.25"
RX,5853468,R35,TXJ,N136,41,346280,G,1,0.93,0.9,5.0,U,-83.0,9.25,True,,2026-07-11T15:25:43.906+00:00,/dev/cu.usbserial-576B0005451,"RX,5853468,R35,TXJ,N136,41,346280,G,1,0.93,0.90,5,U,-83,9.25"
RX,5853563,R35,TXC,N31,84,346381,E,1,0.87,0.84,5.0,U,-75.0,9.5,True,,2026-07-11T15:25:44.001+00:00,/dev/cu.usbserial-576B0005451,"RX,5853563,R35,TXC,N31,84,346381,E,1,0.87,0.84,5,U,-75,9.50"
RX,5853811,R35,TXA,N01,344,346626,A,1,0.75,0.72,5.0,F,-74.0,9.25,True,,2026-07-11T15:25:44.248+00:00,/dev/cu.usbserial-576B0005451,"RX,5853811,R35,TXA,N01,344,346626,A,1,0.75,0.72,5,F,-74,9.25"
RX,5854077,R35,TXB,N16,171,346892,G,0,0.93,0.9,5.0,U,-92.0,7.25,True,,2026-07-11T15:25:44.515+00:00,/dev/cu.usbserial-576B0005451,"RX,5854077,R35,TXB,N16,171,346892,G,0,0.93,0.90,5,U,-92,7.25"
RX,5854559,R35,TXE,N61,169,347379,C,1,0.81,0.78,5.0,U,-73.0,9.5,True,,2026-07-11T15:25:44.997+00:00,/dev/cu.usbserial-576B0005451,"RX,5854559,R35,TXE,N61,169,347379,C,1,0.81,0.78,5,U,-73,9.50"
RX,5854668,R35,TXI,N121,84,347481,E,1,0.87,0.84,5.0,U,-73.0,9.75,True,,2026-07-11T15:25:45.106+00:00,/dev/cu.usbserial-576B0005451,"RX,5854668,R35,TXI,N121,84,347481,E,1,0.87,0.84,5,U,-73,9.75"
RX,5854811,R35,TXA,N01,345,347626,B,0,0.2,0.18,5.0,F,-74.0,9.0,True,,2026-07-11T15:25:45.248+00:00,/dev/cu.usbserial-576B0005451,"RX,5854811,R35,TXA,N01,345,347626,B,0,0.20,0.18,5,F,-74,9.00"
RX,5854955,R35,TXK,N151,173,347763,C,1,0.81,0.78,5.0,U,-71.0,9.75,True,,2026-07-11T15:25:45.395+00:00,/dev/cu.usbserial-576B0005451,"RX,5854955,R35,TXK,N151,173,347763,C,1,0.81,0.78,5,U,-71,9.75"
RX,5855563,R35,TXC,N31,85,348381,G,0,0.93,0.9,5.0,U,-75.0,9.5,True,,2026-07-11T15:25:46.001+00:00,/dev/cu.usbserial-576B0005451,"RX,5855563,R35,TXC,N31,85,348381,G,0,0.93,0.90,5,U,-75,9.50"
RX,5855811,R35,TXA,N01,346,348626,C,1,0.81,0.78,5.0,F,-74.0,9.25,True,,2026-07-11T15:25:46.248+00:00,/dev/cu.usbserial-576B0005451,"RX,5855811,R35,TXA,N01,346,348626,C,1,0.81,0.78,5,F,-74,9.25"
RX,5856077,R35,TXB,N16,172,348892,A,1,0.75,0.72,5.0,U,-91.0,7.5,True,,2026-07-11T15:25:46.515+00:00,/dev/cu.usbserial-576B0005451,"RX,5856077,R35,TXB,N16,172,348892,A,1,0.75,0.72,5,U,-91,7.50"
RX,5856559,R35,TXE,N61,170,349379,E,1,0.87,0.84,5.0,U,-74.0,9.25,True,,2026-07-11T15:25:46.997+00:00,/dev/cu.usbserial-576B0005451,"RX,5856559,R35,TXE,N61,170,349379,E,1,0.87,0.84,5,U,-74,9.25"
RX,5856668,R35,TXI,N121,85,349481,G,0,0.93,0.9,5.0,U,-73.0,10.0,True,,2026-07-11T15:25:47.106+00:00,/dev/cu.usbserial-576B0005451,"RX,5856668,R35,TXI,N121,85,349481,G,0,0.93,0.90,5,U,-73,10.00"
RX,5856811,R35,TXA,N01,347,349626,D,1,0.24,0.22,5.0,F,-74.0,9.5,True,,2026-07-11T15:25:47.248+00:00,/dev/cu.usbserial-576B0005451,"RX,5856811,R35,TXA,N01,347,349626,D,1,0.24,0.22,5,F,-74,9.50"
RX,5856955,R35,TXK,N151,174,349763,E,0,0.87,0.84,5.0,U,-71.0,9.75,True,,2026-07-11T15:25:47.393+00:00,/dev/cu.usbserial-576B0005451,"RX,5856955,R35,TXK,N151,174,349763,E,0,0.87,0.84,5,U,-71,9.75"
RX,5857811,R35,TXA,N01,348,350626,E,0,0.87,0.84,5.0,F,-74.0,9.25,True,,2026-07-11T15:25:48.248+00:00,/dev/cu.usbserial-576B0005451,"RX,5857811,R35,TXA,N01,348,350626,E,0,0.87,0.84,5,F,-74,9.25"
RX,5858077,R35,TXB,N16,173,350892,C,1,0.81,0.78,5.0,U,-91.0,7.5,True,,2026-07-11T15:25:48.515+00:00,/dev/cu.usbserial-576B0005451,"RX,5858077,R35,TXB,N16,173,350892,C,1,0.81,0.78,5,U,-91,7.50"
RX,5858559,R35,TXE,N61,171,351379,G,0,0.93,0.9,5.0,U,-74.0,9.75,True,,2026-07-11T15:25:48.997+00:00,/dev/cu.usbserial-576B0005451,"RX,5858559,R35,TXE,N61,171,351379,G,0,0.93,0.90,5,U,-74,9.75"
RX,5858811,R35,TXA,N01,349,351626,F,1,0.28,0.26,5.0,F,-74.0,9.5,True,,2026-07-11T15:25:49.248+00:00,/dev/cu.usbserial-576B0005451,"RX,5858811,R35,TXA,N01,349,351626,F,1,0.28,0.26,5,F,-74,9.50"
RX,5858921,R35,TXH,N106,23,351742,G,1,0.93,0.9,5.0,U,-62.0,3.75,True,,2026-07-11T15:25:49.359+00:00,/dev/cu.usbserial-576B0005451,"RX,5858921,R35,TXH,N106,23,351742,G,1,0.93,0.90,5,U,-62,3.75"
RX,5859103,R35,TXL,N166,23,351916,G,1,0.93,0.9,5.0,U,-70.0,10.0,True,,2026-07-11T15:25:49.541+00:00,/dev/cu.usbserial-576B0005451,"RX,5859103,R35,TXL,N166,23,351916,G,1,0.93,0.90,5,U,-70,10.00"
RX,5859309,R35,TXF,N76,86,352131,E,0,0.87,0.84,5.0,U,-74.0,9.5,True,,2026-07-11T15:25:49.747+00:00,/dev/cu.usbserial-576B0005451,"RX,5859309,R35,TXF,N76,86,352131,E,0,0.87,0.84,5,U,-74,9.50"
RX,5859613,R35,TXD,N46,43,352430,G,1,0.93,0.9,5.0,U,-70.0,9.5,True,,2026-07-11T15:25:50.051+00:00,/dev/cu.usbserial-576B0005451,"RX,5859613,R35,TXD,N46,43,352430,G,1,0.93,0.90,5,U,-70,9.50"
RX,5859811,R35,TXA,N01,350,352626,G,1,0.93,0.9,5.0,F,-75.0,9.25,True,,2026-07-11T15:25:50.249+00:00,/dev/cu.usbserial-576B0005451,"RX,5859811,R35,TXA,N01,350,352626,G,1,0.93,0.90,5,F,-75,9.25"
RX,5860077,R35,TXB,N16,174,352892,E,0,0.87,0.84,5.0,U,-91.0,7.5,True,,2026-07-11T15:25:50.516+00:00,/dev/cu.usbserial-576B0005451,"RX,5860077,R35,TXB,N16,174,352892,E,0,0.87,0.84,5,U,-91,7.50"
RX,5860259,R35,TXG,N91,42,353080,G,0,0.93,0.9,5.0,U,-70.0,9.5,True,,2026-07-11T15:25:50.697+00:00,/dev/cu.usbserial-576B0005451,"RX,5860259,R35,TXG,N91,42,353080,G,0,0.93,0.90,5,U,-70,9.50"
RX,5860559,R35,TXE,N61,172,353379,A,1,0.75,0.72,5.0,U,-74.0,9.25,True,,2026-07-11T15:25:50.997+00:00,/dev/cu.usbserial-576B0005451,"RX,5860559,R35,TXE,N61,172,353379,A,1,0.75,0.72,5,U,-74,9.25"
RX,5860811,R35,TXA,N01,351,353626,H,0,0.32,0.3,5.0,F,-74.0,10.0,True,,2026-07-11T15:25:51.248+00:00,/dev/cu.usbserial-576B0005451,"RX,5860811,R35,TXA,N01,351,353626,H,0,0.32,0.30,5,F,-74,10.00"
RX,5860956,R35,TXK,N151,176,353763,A,1,0.75,0.72,5.0,U,-70.0,9.75,True,,2026-07-11T15:25:51.393+00:00,/dev/cu.usbserial-576B0005451,"RX,5860956,R35,TXK,N151,176,353763,A,1,0.75,0.72,5,U,-70,9.75"
RX,5861309,R35,TXF,N76,87,354131,G,1,0.93,0.9,5.0,U,-74.0,9.5,True,,2026-07-11T15:25:51.747+00:00,/dev/cu.usbserial-576B0005451,"RX,5861309,R35,TXF,N76,87,354131,G,1,0.93,0.90,5,U,-74,9.50"
RX,5861468,R35,TXJ,N136,42,354280,G,0,0.93,0.9,5.0,U,-82.0,9.25,True,,2026-07-11T15:25:51.906+00:00,/dev/cu.usbserial-576B0005451,"RX,5861468,R35,TXJ,N136,42,354280,G,0,0.93,0.90,5,U,-82,9.25"
RX,5861563,R35,TXC,N31,86,354381,E,0,0.87,0.84,5.0,U,-76.0,9.75,True,,2026-07-11T15:25:52.001+00:00,/dev/cu.usbserial-576B0005451,"RX,5861563,R35,TXC,N31,86,354381,E,0,0.87,0.84,5,U,-76,9.75"
RX,5861811,R35,TXA,N01,352,354626,A,1,0.75,0.72,5.0,F,-74.0,9.5,True,,2026-07-11T15:25:52.249+00:00,/dev/cu.usbserial-576B0005451,"RX,5861811,R35,TXA,N01,352,354626,A,1,0.75,0.72,5,F,-74,9.50"
RX,5862077,R35,TXB,N16,175,354892,G,1,0.93,0.9,5.0,U,-93.0,6.75,True,,2026-07-11T15:25:52.515+00:00,/dev/cu.usbserial-576B0005451,"RX,5862077,R35,TXB,N16,175,354892,G,1,0.93,0.90,5,U,-93,6.75"
RX,5862559,R35,TXE,N61,173,355379,C,1,0.81,0.78,5.0,U,-74.0,9.25,True,,2026-07-11T15:25:52.997+00:00,/dev/cu.usbserial-576B0005451,"RX,5862559,R35,TXE,N61,173,355379,C,1,0.81,0.78,5,U,-74,9.25"
RX,5862668,R35,TXI,N121,86,355481,E,0,0.87,0.84,5.0,U,-73.0,9.75,True,,2026-07-11T15:25:53.106+00:00,/dev/cu.usbserial-576B0005451,"RX,5862668,R35,TXI,N121,86,355481,E,0,0.87,0.84,5,U,-73,9.75"
RX,5862811,R35,TXA,N01,353,355626,B,1,0.2,0.18,5.0,F,-75.0,9.5,True,,2026-07-11T15:25:53.248+00:00,/dev/cu.usbserial-576B0005451,"RX,5862811,R35,TXA,N01,353,355626,B,1,0.20,0.18,5,F,-75,9.50"
RX,5862956,R35,TXK,N151,177,355763,C,0,0.81,0.78,5.0,U,-71.0,10.0,True,,2026-07-11T15:25:53.393+00:00,/dev/cu.usbserial-576B0005451,"RX,5862956,R35,TXK,N151,177,355763,C,0,0.81,0.78,5,U,-71,10.00"
RX,5863563,R35,TXC,N31,87,356381,G,1,0.93,0.9,5.0,U,-76.0,9.5,True,,2026-07-11T15:25:54.001+00:00,/dev/cu.usbserial-576B0005451,"RX,5863563,R35,TXC,N31,87,356381,G,1,0.93,0.90,5,U,-76,9.50"
RX,5863811,R35,TXA,N01,354,356626,C,0,0.81,0.78,5.0,F,-74.0,9.5,True,,2026-07-11T15:25:54.249+00:00,/dev/cu.usbserial-576B0005451,"RX,5863811,R35,TXA,N01,354,356626,C,0,0.81,0.78,5,F,-74,9.50"
RX,5864077,R35,TXB,N16,176,356892,A,1,0.75,0.72,5.0,U,-91.0,7.5,True,,2026-07-11T15:25:54.515+00:00,/dev/cu.usbserial-576B0005451,"RX,5864077,R35,TXB,N16,176,356892,A,1,0.75,0.72,5,U,-91,7.50"
RX,5864559,R35,TXE,N61,174,357379,E,0,0.87,0.84,5.0,U,-74.0,9.25,True,,2026-07-11T15:25:54.997+00:00,/dev/cu.usbserial-576B0005451,"RX,5864559,R35,TXE,N61,174,357379,E,0,0.87,0.84,5,U,-74,9.25"
RX,5864668,R35,TXI,N121,87,357481,G,1,0.93,0.9,5.0,U,-73.0,9.25,True,,2026-07-11T15:25:55.106+00:00,/dev/cu.usbserial-576B0005451,"RX,5864668,R35,TXI,N121,87,357481,G,1,0.93,0.90,5,U,-73,9.25"
RX,5864811,R35,TXA,N01,355,357626,D,1,0.24,0.22,5.0,F,-75.0,9.5,True,,2026-07-11T15:25:55.249+00:00,/dev/cu.usbserial-576B0005451,"RX,5864811,R35,TXA,N01,355,357626,D,1,0.24,0.22,5,F,-75,9.50"
RX,5864955,R35,TXK,N151,178,357763,E,1,0.87,0.84,5.0,U,-70.0,10.0,True,,2026-07-11T15:25:55.393+00:00,/dev/cu.usbserial-576B0005451,"RX,5864955,R35,TXK,N151,178,357763,E,1,0.87,0.84,5,U,-70,10.00"
RX,5865811,R35,TXA,N01,356,358626,E,1,0.87,0.84,5.0,F,-74.0,9.5,True,,2026-07-11T15:25:56.249+00:00,/dev/cu.usbserial-576B0005451,"RX,5865811,R35,TXA,N01,356,358626,E,1,0.87,0.84,5,F,-74,9.50"
RX,5866077,R35,TXB,N16,177,358892,C,0,0.81,0.78,5.0,U,-93.0,6.5,True,,2026-07-11T15:25:56.517+00:00,/dev/cu.usbserial-576B0005451,"RX,5866077,R35,TXB,N16,177,358892,C,0,0.81,0.78,5,U,-93,6.50"
RX,5866559,R35,TXE,N61,175,359379,G,1,0.93,0.9,5.0,U,-74.0,9.25,True,,2026-07-11T15:25:56.997+00:00,/dev/cu.usbserial-576B0005451,"RX,5866559,R35,TXE,N61,175,359379,G,1,0.93,0.90,5,U,-74,9.25"
RX,5866811,R35,TXA,N01,357,359626,F,0,0.28,0.26,5.0,F,-74.0,9.5,True,,2026-07-11T15:25:57.248+00:00,/dev/cu.usbserial-576B0005451,"RX,5866811,R35,TXA,N01,357,359626,F,0,0.28,0.26,5,F,-74,9.50"
RX,5866955,R35,TXK,N151,179,359763,G,1,0.93,0.9,5.0,U,-70.0,9.5,True,,2026-07-11T15:25:57.393+00:00,/dev/cu.usbserial-576B0005451,"RX,5866955,R35,TXK,N151,179,359763,G,1,0.93,0.90,5,U,-70,9.50"
RX,5867309,R35,TXF,N76,88,360131,E,1,0.87,0.84,5.0,U,-73.0,9.75,True,,2026-07-11T15:25:57.747+00:00,/dev/cu.usbserial-576B0005451,"RX,5867309,R35,TXF,N76,88,360131,E,1,0.87,0.84,5,U,-73,9.75"
RX,5867613,R35,TXD,N46,44,360430,G,1,0.93,0.9,5.0,U,-69.0,9.5,True,,2026-07-11T15:25:58.051+00:00,/dev/cu.usbserial-576B0005451,"RX,5867613,R35,TXD,N46,44,360430,G,1,0.93,0.90,5,U,-69,9.50"
RX,5867811,R35,TXA,N01,358,360626,G,1,0.93,0.9,5.0,F,-74.0,9.75,True,,2026-07-11T15:25:58.248+00:00,/dev/cu.usbserial-576B0005451,"RX,5867811,R35,TXA,N01,358,360626,G,1,0.93,0.90,5,F,-74,9.75"
RX,5868077,R35,TXB,N16,178,360892,E,1,0.87,0.84,5.0,U,-93.0,6.5,True,,2026-07-11T15:25:58.515+00:00,/dev/cu.usbserial-576B0005451,"RX,5868077,R35,TXB,N16,178,360892,E,1,0.87,0.84,5,U,-93,6.50"
RX,5868259,R35,TXG,N91,43,361080,G,1,0.93,0.9,5.0,U,-70.0,9.5,True,,2026-07-11T15:25:58.697+00:00,/dev/cu.usbserial-576B0005451,"RX,5868259,R35,TXG,N91,43,361080,G,1,0.93,0.90,5,U,-70,9.50"
RX,5868559,R35,TXE,N61,176,361379,A,1,0.75,0.72,5.0,U,-74.0,9.75,True,,2026-07-11T15:25:58.997+00:00,/dev/cu.usbserial-576B0005451,"RX,5868559,R35,TXE,N61,176,361379,A,1,0.75,0.72,5,U,-74,9.75"
RX,5868811,R35,TXA,N01,359,361626,H,1,0.32,0.3,5.0,F,-74.0,9.25,True,,2026-07-11T15:25:59.249+00:00,/dev/cu.usbserial-576B0005451,"RX,5868811,R35,TXA,N01,359,361626,H,1,0.32,0.30,5,F,-74,9.25"
RX,5868956,R35,TXK,N151,180,361763,A,0,0.75,0.72,5.0,U,-71.0,9.5,True,,2026-07-11T15:25:59.393+00:00,/dev/cu.usbserial-576B0005451,"RX,5868956,R35,TXK,N151,180,361763,A,0,0.75,0.72,5,U,-71,9.50"
RX,5869309,R35,TXF,N76,89,362131,G,1,0.93,0.9,5.0,U,-73.0,9.5,True,,2026-07-11T15:25:59.747+00:00,/dev/cu.usbserial-576B0005451,"RX,5869309,R35,TXF,N76,89,362131,G,1,0.93,0.90,5,U,-73,9.50"
RX,5869468,R35,TXJ,N136,43,362280,G,1,0.93,0.9,5.0,U,-82.0,9.5,True,,2026-07-11T15:25:59.906+00:00,/dev/cu.usbserial-576B0005451,"RX,5869468,R35,TXJ,N136,43,362280,G,1,0.93,0.90,5,U,-82,9.50"
RX,5869563,R35,TXC,N31,88,362381,E,1,0.87,0.84,5.0,U,-74.0,10.0,True,,2026-07-11T15:26:00.001+00:00,/dev/cu.usbserial-576B0005451,"RX,5869563,R35,TXC,N31,88,362381,E,1,0.87,0.84,5,U,-74,10.00"
RX,5869811,R35,TXA,N01,360,362626,A,0,0.75,0.72,5.0,F,-75.0,9.25,True,,2026-07-11T15:26:00.248+00:00,/dev/cu.usbserial-576B0005451,"RX,5869811,R35,TXA,N01,360,362626,A,0,0.75,0.72,5,F,-75,9.25"
RX,5870077,R35,TXB,N16,179,362892,G,1,0.93,0.9,5.0,U,-94.0,6.0,True,,2026-07-11T15:26:00.515+00:00,/dev/cu.usbserial-576B0005451,"RX,5870077,R35,TXB,N16,179,362892,G,1,0.93,0.90,5,U,-94,6.00"
RX,5870559,R35,TXE,N61,177,363379,C,0,0.81,0.78,5.0,U,-74.0,9.0,True,,2026-07-11T15:26:00.997+00:00,/dev/cu.usbserial-576B0005451,"RX,5870559,R35,TXE,N61,177,363379,C,0,0.81,0.78,5,U,-74,9.00"
RX,5870668,R35,TXI,N121,88,363481,E,1,0.87,0.84,5.0,U,-73.0,9.5,True,,2026-07-11T15:26:01.106+00:00,/dev/cu.usbserial-576B0005451,"RX,5870668,R35,TXI,N121,88,363481,E,1,0.87,0.84,5,U,-73,9.50"
RX,5870811,R35,TXA,N01,361,363626,B,1,0.2,0.18,5.0,F,-74.0,9.5,True,,2026-07-11T15:26:01.249+00:00,/dev/cu.usbserial-576B0005451,"RX,5870811,R35,TXA,N01,361,363626,B,1,0.20,0.18,5,F,-74,9.50"
RX,5870956,R35,TXK,N151,181,363763,C,1,0.81,0.78,5.0,U,-70.0,9.25,True,,2026-07-11T15:26:01.393+00:00,/dev/cu.usbserial-576B0005451,"RX,5870956,R35,TXK,N151,181,363763,C,1,0.81,0.78,5,U,-70,9.25"
RX,5871563,R35,TXC,N31,89,364381,G,1,0.93,0.9,5.0,U,-75.0,9.75,True,,2026-07-11T15:26:02.001+00:00,/dev/cu.usbserial-576B0005451,"RX,5871563,R35,TXC,N31,89,364381,G,1,0.93,0.90,5,U,-75,9.75"
RX,5871811,R35,TXA,N01,362,364626,C,1,0.81,0.78,5.0,F,-74.0,9.25,True,,2026-07-11T15:26:02.248+00:00,/dev/cu.usbserial-576B0005451,"RX,5871811,R35,TXA,N01,362,364626,C,1,0.81,0.78,5,F,-74,9.25"
RX,5872077,R35,TXB,N16,180,364892,A,0,0.75,0.72,5.0,U,-92.0,7.5,True,,2026-07-11T15:26:02.515+00:00,/dev/cu.usbserial-576B0005451,"RX,5872077,R35,TXB,N16,180,364892,A,0,0.75,0.72,5,U,-92,7.50"
RX,5872559,R35,TXE,N61,178,365379,E,1,0.87,0.84,5.0,U,-73.0,9.5,True,,2026-07-11T15:26:02.997+00:00,/dev/cu.usbserial-576B0005451,"RX,5872559,R35,TXE,N61,178,365379,E,1,0.87,0.84,5,U,-73,9.50"
RX,5872668,R35,TXI,N121,89,365481,G,1,0.93,0.9,5.0,U,-73.0,9.5,True,,2026-07-11T15:26:03.106+00:00,/dev/cu.usbserial-576B0005451,"RX,5872668,R35,TXI,N121,89,365481,G,1,0.93,0.90,5,U,-73,9.50"
RX,5872811,R35,TXA,N01,363,365626,D,0,0.24,0.22,5.0,F,-74.0,9.75,True,,2026-07-11T15:26:03.249+00:00,/dev/cu.usbserial-576B0005451,"RX,5872811,R35,TXA,N01,363,365626,D,0,0.24,0.22,5,F,-74,9.75"
RX,5872956,R35,TXK,N151,182,365763,E,1,0.87,0.84,5.0,U,-71.0,10.25,True,,2026-07-11T15:26:03.393+00:00,/dev/cu.usbserial-576B0005451,"RX,5872956,R35,TXK,N151,182,365763,E,1,0.87,0.84,5,U,-71,10.25"
RX,5873811,R35,TXA,N01,364,366626,E,1,0.87,0.84,5.0,F,-74.0,9.5,True,,2026-07-11T15:26:04.249+00:00,/dev/cu.usbserial-576B0005451,"RX,5873811,R35,TXA,N01,364,366626,E,1,0.87,0.84,5,F,-74,9.50"
RX,5874077,R35,TXB,N16,181,366892,C,1,0.81,0.78,5.0,U,-91.0,7.75,True,,2026-07-11T15:26:04.516+00:00,/dev/cu.usbserial-576B0005451,"RX,5874077,R35,TXB,N16,181,366892,C,1,0.81,0.78,5,U,-91,7.75"
RX,5874559,R35,TXE,N61,179,367379,G,1,0.93,0.9,5.0,U,-74.0,9.75,True,,2026-07-11T15:26:04.997+00:00,/dev/cu.usbserial-576B0005451,"RX,5874559,R35,TXE,N61,179,367379,G,1,0.93,0.90,5,U,-74,9.75"
RX,5874811,R35,TXA,N01,365,367626,F,1,0.28,0.26,5.0,F,-74.0,9.25,True,,2026-07-11T15:26:05.249+00:00,/dev/cu.usbserial-576B0005451,"RX,5874811,R35,TXA,N01,365,367626,F,1,0.28,0.26,5,F,-74,9.25"
RX,5874955,R35,TXK,N151,183,367763,G,0,0.93,0.9,5.0,U,-70.0,9.75,True,,2026-07-11T15:26:05.393+00:00,/dev/cu.usbserial-576B0005451,"RX,5874955,R35,TXK,N151,183,367763,G,0,0.93,0.90,5,U,-70,9.75"
RX,5875309,R35,TXF,N76,90,368131,E,1,0.87,0.84,5.0,U,-74.0,9.5,True,,2026-07-11T15:26:05.747+00:00,/dev/cu.usbserial-576B0005451,"RX,5875309,R35,TXF,N76,90,368131,E,1,0.87,0.84,5,U,-74,9.50"
RX,5875613,R35,TXD,N46,45,368430,G,0,0.93,0.9,5.0,U,-70.0,9.5,True,,2026-07-11T15:26:06.051+00:00,/dev/cu.usbserial-576B0005451,"RX,5875613,R35,TXD,N46,45,368430,G,0,0.93,0.90,5,U,-70,9.50"
RX,5875811,R35,TXA,N01,366,368626,G,0,0.93,0.9,5.0,F,-74.0,9.75,True,,2026-07-11T15:26:06.249+00:00,/dev/cu.usbserial-576B0005451,"RX,5875811,R35,TXA,N01,366,368626,G,0,0.93,0.90,5,F,-74,9.75"
RX,5876078,R35,TXB,N16,182,368892,E,1,0.87,0.84,5.0,U,-91.0,7.25,True,,2026-07-11T15:26:06.516+00:00,/dev/cu.usbserial-576B0005451,"RX,5876078,R35,TXB,N16,182,368892,E,1,0.87,0.84,5,U,-91,7.25"
RX,5876259,R35,TXG,N91,44,369080,G,1,0.93,0.9,5.0,U,-70.0,10.0,True,,2026-07-11T15:26:06.697+00:00,/dev/cu.usbserial-576B0005451,"RX,5876259,R35,TXG,N91,44,369080,G,1,0.93,0.90,5,U,-70,10.00"
RX,5876559,R35,TXE,N61,180,369379,A,0,0.75,0.72,5.0,U,-74.0,9.5,True,,2026-07-11T15:26:06.997+00:00,/dev/cu.usbserial-576B0005451,"RX,5876559,R35,TXE,N61,180,369379,A,0,0.75,0.72,5,U,-74,9.50"
RX,5876811,R35,TXA,N01,367,369626,H,1,0.32,0.3,5.0,F,-75.0,9.5,True,,2026-07-11T15:26:07.249+00:00,/dev/cu.usbserial-576B0005451,"RX,5876811,R35,TXA,N01,367,369626,H,1,0.32,0.30,5,F,-75,9.50"
RX,5876955,R35,TXK,N151,184,369763,A,1,0.75,0.72,5.0,U,-71.0,10.0,True,,2026-07-11T15:26:07.393+00:00,/dev/cu.usbserial-576B0005451,"RX,5876955,R35,TXK,N151,184,369763,A,1,0.75,0.72,5,U,-71,10.00"
RX,5877309,R35,TXF,N76,91,370131,G,0,0.93,0.9,5.0,U,-73.0,9.75,True,,2026-07-11T15:26:07.747+00:00,/dev/cu.usbserial-576B0005451,"RX,5877309,R35,TXF,N76,91,370131,G,0,0.93,0.90,5,U,-73,9.75"
RX,5877468,R35,TXJ,N136,44,370280,G,1,0.93,0.9,5.0,U,-82.0,9.25,True,,2026-07-11T15:26:07.906+00:00,/dev/cu.usbserial-576B0005451,"RX,5877468,R35,TXJ,N136,44,370280,G,1,0.93,0.90,5,U,-82,9.25"
RX,5877563,R35,TXC,N31,90,370381,E,1,0.87,0.84,5.0,U,-75.0,9.75,True,,2026-07-11T15:26:08.001+00:00,/dev/cu.usbserial-576B0005451,"RX,5877563,R35,TXC,N31,90,370381,E,1,0.87,0.84,5,U,-75,9.75"
RX,5877811,R35,TXA,N01,368,370626,A,1,0.75,0.72,5.0,F,-74.0,9.25,True,,2026-07-11T15:26:08.249+00:00,/dev/cu.usbserial-576B0005451,"RX,5877811,R35,TXA,N01,368,370626,A,1,0.75,0.72,5,F,-74,9.25"
RX,5878077,R35,TXB,N16,183,370892,G,0,0.93,0.9,5.0,U,-92.0,7.25,True,,2026-07-11T15:26:08.516+00:00,/dev/cu.usbserial-576B0005451,"RX,5878077,R35,TXB,N16,183,370892,G,0,0.93,0.90,5,U,-92,7.25"
RX,5878559,R35,TXE,N61,181,371379,C,1,0.81,0.78,5.0,U,-74.0,9.25,True,,2026-07-11T15:26:08.997+00:00,/dev/cu.usbserial-576B0005451,"RX,5878559,R35,TXE,N61,181,371379,C,1,0.81,0.78,5,U,-74,9.25"
RX,5878668,R35,TXI,N121,90,371481,E,1,0.87,0.84,5.0,U,-73.0,9.5,True,,2026-07-11T15:26:09.106+00:00,/dev/cu.usbserial-576B0005451,"RX,5878668,R35,TXI,N121,90,371481,E,1,0.87,0.84,5,U,-73,9.50"
RX,5878811,R35,TXA,N01,369,371626,B,0,0.2,0.18,5.0,F,-75.0,9.75,True,,2026-07-11T15:26:09.249+00:00,/dev/cu.usbserial-576B0005451,"RX,5878811,R35,TXA,N01,369,371626,B,0,0.20,0.18,5,F,-75,9.75"
RX,5878955,R35,TXK,N151,185,371763,C,1,0.81,0.78,5.0,U,-70.0,10.0,True,,2026-07-11T15:26:09.393+00:00,/dev/cu.usbserial-576B0005451,"RX,5878955,R35,TXK,N151,185,371763,C,1,0.81,0.78,5,U,-70,10.00"
RX,5879563,R35,TXC,N31,91,372381,G,0,0.93,0.9,5.0,U,-75.0,9.75,True,,2026-07-11T15:26:10.000+00:00,/dev/cu.usbserial-576B0005451,"RX,5879563,R35,TXC,N31,91,372381,G,0,0.93,0.90,5,U,-75,9.75"
RX,5879811,R35,TXA,N01,370,372626,C,1,0.81,0.78,5.0,F,-75.0,9.5,True,,2026-07-11T15:26:10.249+00:00,/dev/cu.usbserial-576B0005451,"RX,5879811,R35,TXA,N01,370,372626,C,1,0.81,0.78,5,F,-75,9.50"
RX,5880077,R35,TXB,N16,184,372892,A,1,0.75,0.72,5.0,U,-92.0,7.0,True,,2026-07-11T15:26:10.516+00:00,/dev/cu.usbserial-576B0005451,"RX,5880077,R35,TXB,N16,184,372892,A,1,0.75,0.72,5,U,-92,7.00"
RX,5880559,R35,TXE,N61,182,373379,E,1,0.87,0.84,5.0,U,-73.0,9.25,True,,2026-07-11T15:26:10.997+00:00,/dev/cu.usbserial-576B0005451,"RX,5880559,R35,TXE,N61,182,373379,E,1,0.87,0.84,5,U,-73,9.25"
RX,5880668,R35,TXI,N121,91,373481,G,0,0.93,0.9,5.0,U,-73.0,9.5,True,,2026-07-11T15:26:11.106+00:00,/dev/cu.usbserial-576B0005451,"RX,5880668,R35,TXI,N121,91,373481,G,0,0.93,0.90,5,U,-73,9.50"
RX,5880811,R35,TXA,N01,371,373626,D,1,0.24,0.22,5.0,F,-75.0,10.0,True,,2026-07-11T15:26:11.249+00:00,/dev/cu.usbserial-576B0005451,"RX,5880811,R35,TXA,N01,371,373626,D,1,0.24,0.22,5,F,-75,10.00"
RX,5880955,R35,TXK,N151,186,373763,E,0,0.87,0.84,5.0,U,-71.0,10.25,True,,2026-07-11T15:26:11.393+00:00,/dev/cu.usbserial-576B0005451,"RX,5880955,R35,TXK,N151,186,373763,E,0,0.87,0.84,5,U,-71,10.25"
RX,5881811,R35,TXA,N01,372,374626,E,0,0.87,0.84,5.0,F,-74.0,9.25,True,,2026-07-11T15:26:12.249+00:00,/dev/cu.usbserial-576B0005451,"RX,5881811,R35,TXA,N01,372,374626,E,0,0.87,0.84,5,F,-74,9.25"
RX,5882078,R35,TXB,N16,185,374892,C,1,0.81,0.78,5.0,U,-93.0,6.5,True,,2026-07-11T15:26:12.515+00:00,/dev/cu.usbserial-576B0005451,"RX,5882078,R35,TXB,N16,185,374892,C,1,0.81,0.78,5,U,-93,6.50"
RX,5882559,R35,TXE,N61,183,375379,G,0,0.93,0.9,5.0,U,-73.0,9.5,True,,2026-07-11T15:26:12.997+00:00,/dev/cu.usbserial-576B0005451,"RX,5882559,R35,TXE,N61,183,375379,G,0,0.93,0.90,5,U,-73,9.50"
RX,5882811,R35,TXA,N01,373,375626,F,1,0.28,0.26,5.0,F,-74.0,9.5,True,,2026-07-11T15:26:13.249+00:00,/dev/cu.usbserial-576B0005451,"RX,5882811,R35,TXA,N01,373,375626,F,1,0.28,0.26,5,F,-74,9.50"
RX,5882956,R35,TXK,N151,187,375763,G,1,0.93,0.9,5.0,U,-70.0,10.0,True,,2026-07-11T15:26:13.393+00:00,/dev/cu.usbserial-576B0005451,"RX,5882956,R35,TXK,N151,187,375763,G,1,0.93,0.90,5,U,-70,10.00"
RX,5883309,R35,TXF,N76,92,376131,E,0,0.87,0.84,5.0,U,-73.0,9.5,True,,2026-07-11T15:26:13.747+00:00,/dev/cu.usbserial-576B0005451,"RX,5883309,R35,TXF,N76,92,376131,E,0,0.87,0.84,5,U,-73,9.50"
RX,5883613,R35,TXD,N46,46,376430,G,1,0.93,0.9,5.0,U,-70.0,9.75,True,,2026-07-11T15:26:14.051+00:00,/dev/cu.usbserial-576B0005451,"RX,5883613,R35,TXD,N46,46,376430,G,1,0.93,0.90,5,U,-70,9.75"
RX,5883811,R35,TXA,N01,374,376626,G,1,0.93,0.9,5.0,F,-74.0,9.25,True,,2026-07-11T15:26:14.249+00:00,/dev/cu.usbserial-576B0005451,"RX,5883811,R35,TXA,N01,374,376626,G,1,0.93,0.90,5,F,-74,9.25"
RX,5884078,R35,TXB,N16,186,376892,E,0,0.87,0.84,5.0,U,-93.0,7.0,True,,2026-07-11T15:26:14.516+00:00,/dev/cu.usbserial-576B0005451,"RX,5884078,R35,TXB,N16,186,376892,E,0,0.87,0.84,5,U,-93,7.00"
RX,5884259,R35,TXG,N91,45,377080,G,0,0.93,0.9,5.0,U,-70.0,9.75,True,,2026-07-11T15:26:14.697+00:00,/dev/cu.usbserial-576B0005451,"RX,5884259,R35,TXG,N91,45,377080,G,0,0.93,0.90,5,U,-70,9.75"
RX,5884559,R35,TXE,N61,184,377379,A,1,0.75,0.72,5.0,U,-73.0,9.5,True,,2026-07-11T15:26:14.997+00:00,/dev/cu.usbserial-576B0005451,"RX,5884559,R35,TXE,N61,184,377379,A,1,0.75,0.72,5,U,-73,9.50"
RX,5884811,R35,TXA,N01,375,377626,H,0,0.32,0.3,5.0,F,-74.0,9.5,True,,2026-07-11T15:26:15.249+00:00,/dev/cu.usbserial-576B0005451,"RX,5884811,R35,TXA,N01,375,377626,H,0,0.32,0.30,5,F,-74,9.50"
RX,5884956,R35,TXK,N151,188,377763,A,1,0.75,0.72,5.0,U,-70.0,10.0,True,,2026-07-11T15:26:15.393+00:00,/dev/cu.usbserial-576B0005451,"RX,5884956,R35,TXK,N151,188,377763,A,1,0.75,0.72,5,U,-70,10.00"
RX,5885309,R35,TXF,N76,93,378131,G,1,0.93,0.9,5.0,U,-74.0,9.75,True,,2026-07-11T15:26:15.747+00:00,/dev/cu.usbserial-576B0005451,"RX,5885309,R35,TXF,N76,93,378131,G,1,0.93,0.90,5,U,-74,9.75"
RX,5885468,R35,TXJ,N136,45,378280,G,0,0.93,0.9,5.0,U,-82.0,9.25,True,,2026-07-11T15:26:15.906+00:00,/dev/cu.usbserial-576B0005451,"RX,5885468,R35,TXJ,N136,45,378280,G,0,0.93,0.90,5,U,-82,9.25"
RX,5885563,R35,TXC,N31,92,378381,E,0,0.87,0.84,5.0,U,-74.0,9.5,True,,2026-07-11T15:26:16.001+00:00,/dev/cu.usbserial-576B0005451,"RX,5885563,R35,TXC,N31,92,378381,E,0,0.87,0.84,5,U,-74,9.50"
RX,5885811,R35,TXA,N01,376,378626,A,1,0.75,0.72,5.0,F,-74.0,9.5,True,,2026-07-11T15:26:16.249+00:00,/dev/cu.usbserial-576B0005451,"RX,5885811,R35,TXA,N01,376,378626,A,1,0.75,0.72,5,F,-74,9.50"
RX,5886078,R35,TXB,N16,187,378892,G,1,0.93,0.9,5.0,U,-93.0,6.75,True,,2026-07-11T15:26:16.515+00:00,/dev/cu.usbserial-576B0005451,"RX,5886078,R35,TXB,N16,187,378892,G,1,0.93,0.90,5,U,-93,6.75"
RX,5886559,R35,TXE,N61,185,379379,C,1,0.81,0.78,5.0,U,-74.0,9.0,True,,2026-07-11T15:26:16.997+00:00,/dev/cu.usbserial-576B0005451,"RX,5886559,R35,TXE,N61,185,379379,C,1,0.81,0.78,5,U,-74,9.00"
RX,5886668,R35,TXI,N121,92,379481,E,0,0.87,0.84,5.0,U,-73.0,9.5,True,,2026-07-11T15:26:17.106+00:00,/dev/cu.usbserial-576B0005451,"RX,5886668,R35,TXI,N121,92,379481,E,0,0.87,0.84,5,U,-73,9.50"
RX,5886811,R35,TXA,N01,377,379626,B,1,0.2,0.18,5.0,F,-74.0,9.5,True,,2026-07-11T15:26:17.249+00:00,/dev/cu.usbserial-576B0005451,"RX,5886811,R35,TXA,N01,377,379626,B,1,0.20,0.18,5,F,-74,9.50"
RX,5886956,R35,TXK,N151,189,379763,C,0,0.81,0.78,5.0,U,-71.0,9.75,True,,2026-07-11T15:26:17.394+00:00,/dev/cu.usbserial-576B0005451,"RX,5886956,R35,TXK,N151,189,379763,C,0,0.81,0.78,5,U,-71,9.75"
RX,5887563,R35,TXC,N31,93,380381,G,1,0.93,0.9,5.0,U,-75.0,9.75,True,,2026-07-11T15:26:18.001+00:00,/dev/cu.usbserial-576B0005451,"RX,5887563,R35,TXC,N31,93,380381,G,1,0.93,0.90,5,U,-75,9.75"
RX,5887811,R35,TXA,N01,378,380626,C,0,0.81,0.78,5.0,F,-74.0,9.25,True,,2026-07-11T15:26:18.249+00:00,/dev/cu.usbserial-576B0005451,"RX,5887811,R35,TXA,N01,378,380626,C,0,0.81,0.78,5,F,-74,9.25"
RX,5888078,R35,TXB,N16,188,380892,A,1,0.75,0.72,5.0,U,-92.0,7.25,True,,2026-07-11T15:26:18.516+00:00,/dev/cu.usbserial-576B0005451,"RX,5888078,R35,TXB,N16,188,380892,A,1,0.75,0.72,5,U,-92,7.25"
RX,5888559,R35,TXE,N61,186,381379,E,0,0.87,0.84,5.0,U,-74.0,9.25,True,,2026-07-11T15:26:18.997+00:00,/dev/cu.usbserial-576B0005451,"RX,5888559,R35,TXE,N61,186,381379,E,0,0.87,0.84,5,U,-74,9.25"
RX,5888668,R35,TXI,N121,93,381481,G,1,0.93,0.9,5.0,U,-74.0,9.75,True,,2026-07-11T15:26:19.106+00:00,/dev/cu.usbserial-576B0005451,"RX,5888668,R35,TXI,N121,93,381481,G,1,0.93,0.90,5,U,-74,9.75"
RX,5888811,R35,TXA,N01,379,381626,D,1,0.24,0.22,5.0,F,-74.0,10.0,True,,2026-07-11T15:26:19.249+00:00,/dev/cu.usbserial-576B0005451,"RX,5888811,R35,TXA,N01,379,381626,D,1,0.24,0.22,5,F,-74,10.00"
RX,5888956,R35,TXK,N151,190,381763,E,1,0.87,0.84,5.0,U,-71.0,9.75,True,,2026-07-11T15:26:19.393+00:00,/dev/cu.usbserial-576B0005451,"RX,5888956,R35,TXK,N151,190,381763,E,1,0.87,0.84,5,U,-71,9.75"
RX,5889811,R35,TXA,N01,380,382626,E,1,0.87,0.84,5.0,F,-74.0,9.5,True,,2026-07-11T15:26:20.249+00:00,/dev/cu.usbserial-576B0005451,"RX,5889811,R35,TXA,N01,380,382626,E,1,0.87,0.84,5,F,-74,9.50"
RX,5890078,R35,TXB,N16,189,382892,C,0,0.81,0.78,5.0,U,-91.0,7.75,True,,2026-07-11T15:26:20.516+00:00,/dev/cu.usbserial-576B0005451,"RX,5890078,R35,TXB,N16,189,382892,C,0,0.81,0.78,5,U,-91,7.75"
RX,5890559,R35,TXE,N61,187,383379,G,1,0.93,0.9,5.0,U,-73.0,9.5,True,,2026-07-11T15:26:20.997+00:00,/dev/cu.usbserial-576B0005451,"RX,5890559,R35,TXE,N61,187,383379,G,1,0.93,0.90,5,U,-73,9.50"
RX,5890811,R35,TXA,N01,381,383626,F,0,0.28,0.26,5.0,F,-74.0,9.5,True,,2026-07-11T15:26:21.249+00:00,/dev/cu.usbserial-576B0005451,"RX,5890811,R35,TXA,N01,381,383626,F,0,0.28,0.26,5,F,-74,9.50"
RX,5890956,R35,TXK,N151,191,383763,G,1,0.93,0.9,5.0,U,-71.0,9.75,True,,2026-07-11T15:26:21.393+00:00,/dev/cu.usbserial-576B0005451,"RX,5890956,R35,TXK,N151,191,383763,G,1,0.93,0.90,5,U,-71,9.75"
RX,5891309,R35,TXF,N76,94,384131,E,1,0.87,0.84,5.0,U,-74.0,9.5,True,,2026-07-11T15:26:21.747+00:00,/dev/cu.usbserial-576B0005451,"RX,5891309,R35,TXF,N76,94,384131,E,1,0.87,0.84,5,U,-74,9.50"
RX,5891613,R35,TXD,N46,47,384430,G,1,0.93,0.9,5.0,U,-70.0,9.5,True,,2026-07-11T15:26:22.051+00:00,/dev/cu.usbserial-576B0005451,"RX,5891613,R35,TXD,N46,47,384430,G,1,0.93,0.90,5,U,-70,9.50"
RX,5891811,R35,TXA,N01,382,384626,G,1,0.93,0.9,5.0,F,-74.0,9.25,True,,2026-07-11T15:26:22.249+00:00,/dev/cu.usbserial-576B0005451,"RX,5891811,R35,TXA,N01,382,384626,G,1,0.93,0.90,5,F,-74,9.25"
RX,5892077,R35,TXB,N16,190,384892,E,1,0.87,0.84,5.0,U,-91.0,8.0,True,,2026-07-11T15:26:22.516+00:00,/dev/cu.usbserial-576B0005451,"RX,5892077,R35,TXB,N16,190,384892,E,1,0.87,0.84,5,U,-91,8.00"
RX,5892259,R35,TXG,N91,46,385080,G,1,0.93,0.9,5.0,U,-70.0,9.25,True,,2026-07-11T15:26:22.697+00:00,/dev/cu.usbserial-576B0005451,"RX,5892259,R35,TXG,N91,46,385080,G,1,0.93,0.90,5,U,-70,9.25"
RX,5892559,R35,TXE,N61,188,385379,A,1,0.75,0.72,5.0,U,-74.0,9.5,True,,2026-07-11T15:26:22.997+00:00,/dev/cu.usbserial-576B0005451,"RX,5892559,R35,TXE,N61,188,385379,A,1,0.75,0.72,5,U,-74,9.50"
RX,5892811,R35,TXA,N01,383,385626,H,1,0.32,0.3,5.0,F,-74.0,10.0,True,,2026-07-11T15:26:23.249+00:00,/dev/cu.usbserial-576B0005451,"RX,5892811,R35,TXA,N01,383,385626,H,1,0.32,0.30,5,F,-74,10.00"
RX,5892955,R35,TXK,N151,192,385763,A,1,0.75,0.72,5.0,U,-71.0,9.75,True,,2026-07-11T15:26:23.394+00:00,/dev/cu.usbserial-576B0005451,"RX,5892955,R35,TXK,N151,192,385763,A,1,0.75,0.72,5,U,-71,9.75"
RX,5893309,R35,TXF,N76,95,386131,G,1,0.93,0.9,5.0,U,-74.0,9.5,True,,2026-07-11T15:26:23.747+00:00,/dev/cu.usbserial-576B0005451,"RX,5893309,R35,TXF,N76,95,386131,G,1,0.93,0.90,5,U,-74,9.50"
RX,5893468,R35,TXJ,N136,46,386280,G,1,0.93,0.9,5.0,U,-83.0,9.25,True,,2026-07-11T15:26:23.906+00:00,/dev/cu.usbserial-576B0005451,"RX,5893468,R35,TXJ,N136,46,386280,G,1,0.93,0.90,5,U,-83,9.25"
RX,5893563,R35,TXC,N31,94,386381,E,1,0.87,0.84,5.0,U,-75.0,9.25,True,,2026-07-11T15:26:24.001+00:00,/dev/cu.usbserial-576B0005451,"RX,5893563,R35,TXC,N31,94,386381,E,1,0.87,0.84,5,U,-75,9.25"
RX,5893811,R35,TXA,N01,384,386626,A,1,0.75,0.72,5.0,F,-74.0,9.5,True,,2026-07-11T15:26:24.249+00:00,/dev/cu.usbserial-576B0005451,"RX,5893811,R35,TXA,N01,384,386626,A,1,0.75,0.72,5,F,-74,9.50"
RX,5894077,R35,TXB,N16,191,386892,G,1,0.93,0.9,5.0,U,-92.0,7.75,True,,2026-07-11T15:26:24.516+00:00,/dev/cu.usbserial-576B0005451,"RX,5894077,R35,TXB,N16,191,386892,G,1,0.93,0.90,5,U,-92,7.75"
RX,5894559,R35,TXE,N61,189,387379,C,0,0.81,0.78,5.0,U,-74.0,9.0,True,,2026-07-11T15:26:24.997+00:00,/dev/cu.usbserial-576B0005451,"RX,5894559,R35,TXE,N61,189,387379,C,0,0.81,0.78,5,U,-74,9.00"
RX,5894668,R35,TXI,N121,94,387481,E,1,0.87,0.84,5.0,U,-73.0,9.5,True,,2026-07-11T15:26:25.106+00:00,/dev/cu.usbserial-576B0005451,"RX,5894668,R35,TXI,N121,94,387481,E,1,0.87,0.84,5,U,-73,9.50"
RX,5894811,R35,TXA,N01,385,387626,B,0,0.2,0.18,5.0,F,-74.0,9.75,True,,2026-07-11T15:26:25.249+00:00,/dev/cu.usbserial-576B0005451,"RX,5894811,R35,TXA,N01,385,387626,B,0,0.20,0.18,5,F,-74,9.75"
RX,5894956,R35,TXK,N151,193,387763,C,1,0.81,0.78,5.0,U,-71.0,9.75,True,,2026-07-11T15:26:25.394+00:00,/dev/cu.usbserial-576B0005451,"RX,5894956,R35,TXK,N151,193,387763,C,1,0.81,0.78,5,U,-71,9.75"
RX,5895563,R35,TXC,N31,95,388381,G,1,0.93,0.9,5.0,U,-75.0,9.25,True,,2026-07-11T15:26:26.001+00:00,/dev/cu.usbserial-576B0005451,"RX,5895563,R35,TXC,N31,95,388381,G,1,0.93,0.90,5,U,-75,9.25"
RX,5895811,R35,TXA,N01,386,388626,C,1,0.81,0.78,5.0,F,-74.0,9.25,True,,2026-07-11T15:26:26.249+00:00,/dev/cu.usbserial-576B0005451,"RX,5895811,R35,TXA,N01,386,388626,C,1,0.81,0.78,5,F,-74,9.25"
RX,5896078,R35,TXB,N16,192,388892,A,1,0.75,0.72,5.0,U,-91.0,7.75,True,,2026-07-11T15:26:26.516+00:00,/dev/cu.usbserial-576B0005451,"RX,5896078,R35,TXB,N16,192,388892,A,1,0.75,0.72,5,U,-91,7.75"
RX,5896559,R35,TXE,N61,190,389379,E,1,0.87,0.84,5.0,U,-74.0,9.0,True,,2026-07-11T15:26:26.997+00:00,/dev/cu.usbserial-576B0005451,"RX,5896559,R35,TXE,N61,190,389379,E,1,0.87,0.84,5,U,-74,9.00"
RX,5896668,R35,TXI,N121,95,389481,G,1,0.93,0.9,5.0,U,-73.0,9.5,True,,2026-07-11T15:26:27.106+00:00,/dev/cu.usbserial-576B0005451,"RX,5896668,R35,TXI,N121,95,389481,G,1,0.93,0.90,5,U,-73,9.50"
RX,5896811,R35,TXA,N01,387,389626,D,1,0.24,0.22,5.0,F,-74.0,9.25,True,,2026-07-11T15:26:27.249+00:00,/dev/cu.usbserial-576B0005451,"RX,5896811,R35,TXA,N01,387,389626,D,1,0.24,0.22,5,F,-74,9.25"
RX,5896956,R35,TXK,N151,194,389763,E,0,0.87,0.84,5.0,U,-71.0,10.25,True,,2026-07-11T15:26:27.394+00:00,/dev/cu.usbserial-576B0005451,"RX,5896956,R35,TXK,N151,194,389763,E,0,0.87,0.84,5,U,-71,10.25"
RX,5897811,R35,TXA,N01,388,390626,E,0,0.87,0.84,5.0,F,-74.0,9.25,True,,2026-07-11T15:26:28.249+00:00,/dev/cu.usbserial-576B0005451,"RX,5897811,R35,TXA,N01,388,390626,E,0,0.87,0.84,5,F,-74,9.25"
RX,5898078,R35,TXB,N16,193,390892,C,1,0.81,0.78,5.0,U,-91.0,7.0,True,,2026-07-11T15:26:28.516+00:00,/dev/cu.usbserial-576B0005451,"RX,5898078,R35,TXB,N16,193,390892,C,1,0.81,0.78,5,U,-91,7.00"
RX,5898559,R35,TXE,N61,191,391379,G,1,0.93,0.9,5.0,U,-74.0,9.0,True,,2026-07-11T15:26:28.997+00:00,/dev/cu.usbserial-576B0005451,"RX,5898559,R35,TXE,N61,191,391379,G,1,0.93,0.90,5,U,-74,9.00"
RX,5898811,R35,TXA,N01,389,391626,F,1,0.28,0.26,5.0,F,-74.0,9.5,True,,2026-07-11T15:26:29.249+00:00,/dev/cu.usbserial-576B0005451,"RX,5898811,R35,TXA,N01,389,391626,F,1,0.28,0.26,5,F,-74,9.50"
RX,5898921,R35,TXH,N106,24,391742,G,1,0.93,0.9,5.0,U,-61.0,3.75,True,,2026-07-11T15:26:29.359+00:00,/dev/cu.usbserial-576B0005451,"RX,5898921,R35,TXH,N106,24,391742,G,1,0.93,0.90,5,U,-61,3.75"
RX,5899103,R35,TXL,N166,24,391916,G,1,0.93,0.9,5.0,U,-70.0,9.5,True,,2026-07-11T15:26:29.541+00:00,/dev/cu.usbserial-576B0005451,"RX,5899103,R35,TXL,N166,24,391916,G,1,0.93,0.90,5,U,-70,9.50"
RX,5899309,R35,TXF,N76,96,392131,E,0,0.87,0.84,5.0,U,-74.0,9.5,True,,2026-07-11T15:26:29.747+00:00,/dev/cu.usbserial-576B0005451,"RX,5899309,R35,TXF,N76,96,392131,E,0,0.87,0.84,5,U,-74,9.50"
RX,5899613,R35,TXD,N46,48,392430,G,1,0.93,0.9,5.0,U,-70.0,9.5,True,,2026-07-11T15:26:30.051+00:00,/dev/cu.usbserial-576B0005451,"RX,5899613,R35,TXD,N46,48,392430,G,1,0.93,0.90,5,U,-70,9.50"
RX,5899811,R35,TXA,N01,390,392626,G,1,0.93,0.9,5.0,F,-74.0,9.75,True,,2026-07-11T15:26:30.249+00:00,/dev/cu.usbserial-576B0005451,"RX,5899811,R35,TXA,N01,390,392626,G,1,0.93,0.90,5,F,-74,9.75"
RX,5900078,R35,TXB,N16,194,392892,E,0,0.87,0.84,5.0,U,-91.0,7.25,True,,2026-07-11T15:26:30.516+00:00,/dev/cu.usbserial-576B0005451,"RX,5900078,R35,TXB,N16,194,392892,E,0,0.87,0.84,5,U,-91,7.25"
RX,5900259,R35,TXG,N91,47,393080,G,1,0.93,0.9,5.0,U,-70.0,9.75,True,,2026-07-11T15:26:30.697+00:00,/dev/cu.usbserial-576B0005451,"RX,5900259,R35,TXG,N91,47,393080,G,1,0.93,0.90,5,U,-70,9.75"
RX,5900559,R35,TXE,N61,192,393379,A,1,0.75,0.72,5.0,U,-74.0,9.75,True,,2026-07-11T15:26:30.997+00:00,/dev/cu.usbserial-576B0005451,"RX,5900559,R35,TXE,N61,192,393379,A,1,0.75,0.72,5,U,-74,9.75"
RX,5900811,R35,TXA,N01,391,393626,H,0,0.32,0.3,5.0,F,-74.0,9.25,True,,2026-07-11T15:26:31.249+00:00,/dev/cu.usbserial-576B0005451,"RX,5900811,R35,TXA,N01,391,393626,H,0,0.32,0.30,5,F,-74,9.25"
RX,5900955,R35,TXK,N151,196,393763,A,1,0.75,0.72,5.0,U,-70.0,10.0,True,,2026-07-11T15:26:31.394+00:00,/dev/cu.usbserial-576B0005451,"RX,5900955,R35,TXK,N151,196,393763,A,1,0.75,0.72,5,U,-70,10.00"
RX,5901309,R35,TXF,N76,97,394131,G,1,0.93,0.9,5.0,U,-73.0,9.5,True,,2026-07-11T15:26:31.747+00:00,/dev/cu.usbserial-576B0005451,"RX,5901309,R35,TXF,N76,97,394131,G,1,0.93,0.90,5,U,-73,9.50"
RX,5901468,R35,TXJ,N136,47,394280,G,1,0.93,0.9,5.0,U,-83.0,9.5,True,,2026-07-11T15:26:31.906+00:00,/dev/cu.usbserial-576B0005451,"RX,5901468,R35,TXJ,N136,47,394280,G,1,0.93,0.90,5,U,-83,9.50"
RX,5901563,R35,TXC,N31,96,394381,E,0,0.87,0.84,5.0,U,-75.0,9.25,True,,2026-07-11T15:26:32.001+00:00,/dev/cu.usbserial-576B0005451,"RX,5901563,R35,TXC,N31,96,394381,E,0,0.87,0.84,5,U,-75,9.25"
RX,5901811,R35,TXA,N01,392,394626,A,1,0.75,0.72,5.0,F,-74.0,9.5,True,,2026-07-11T15:26:32.249+00:00,/dev/cu.usbserial-576B0005451,"RX,5901811,R35,TXA,N01,392,394626,A,1,0.75,0.72,5,F,-74,9.50"
RX,5902078,R35,TXB,N16,195,394892,G,1,0.93,0.9,5.0,U,-92.0,7.25,True,,2026-07-11T15:26:32.516+00:00,/dev/cu.usbserial-576B0005451,"RX,5902078,R35,TXB,N16,195,394892,G,1,0.93,0.90,5,U,-92,7.25"
RX,5902559,R35,TXE,N61,193,395379,C,1,0.81,0.78,5.0,U,-74.0,9.25,True,,2026-07-11T15:26:32.997+00:00,/dev/cu.usbserial-576B0005451,"RX,5902559,R35,TXE,N61,193,395379,C,1,0.81,0.78,5,U,-74,9.25"
RX,5902668,R35,TXI,N121,96,395481,E,0,0.87,0.84,5.0,U,-73.0,9.75,True,,2026-07-11T15:26:33.106+00:00,/dev/cu.usbserial-576B0005451,"RX,5902668,R35,TXI,N121,96,395481,E,0,0.87,0.84,5,U,-73,9.75"
RX,5902811,R35,TXA,N01,393,395626,B,1,0.2,0.18,5.0,F,-74.0,9.0,True,,2026-07-11T15:26:33.249+00:00,/dev/cu.usbserial-576B0005451,"RX,5902811,R35,TXA,N01,393,395626,B,1,0.20,0.18,5,F,-74,9.00"
RX,5902955,R35,TXK,N151,197,395763,C,0,0.81,0.78,5.0,U,-71.0,10.0,True,,2026-07-11T15:26:33.394+00:00,/dev/cu.usbserial-576B0005451,"RX,5902955,R35,TXK,N151,197,395763,C,0,0.81,0.78,5,U,-71,10.00"
RX,5903563,R35,TXC,N31,97,396381,G,1,0.93,0.9,5.0,U,-75.0,9.75,True,,2026-07-11T15:26:34.001+00:00,/dev/cu.usbserial-576B0005451,"RX,5903563,R35,TXC,N31,97,396381,G,1,0.93,0.90,5,U,-75,9.75"
RX,5903811,R35,TXA,N01,394,396626,C,0,0.81,0.78,5.0,F,-74.0,9.25,True,,2026-07-11T15:26:34.249+00:00,/dev/cu.usbserial-576B0005451,"RX,5903811,R35,TXA,N01,394,396626,C,0,0.81,0.78,5,F,-74,9.25"
RX,5904078,R35,TXB,N16,196,396892,A,1,0.75,0.72,5.0,U,-92.0,7.5,True,,2026-07-11T15:26:34.516+00:00,/dev/cu.usbserial-576B0005451,"RX,5904078,R35,TXB,N16,196,396892,A,1,0.75,0.72,5,U,-92,7.50"
RX,5904559,R35,TXE,N61,194,397379,E,0,0.87,0.84,5.0,U,-74.0,9.0,True,,2026-07-11T15:26:34.997+00:00,/dev/cu.usbserial-576B0005451,"RX,5904559,R35,TXE,N61,194,397379,E,0,0.87,0.84,5,U,-74,9.00"
RX,5904811,R35,TXA,N01,395,397626,D,1,0.24,0.22,5.0,F,-74.0,9.75,True,,2026-07-11T15:26:35.249+00:00,/dev/cu.usbserial-576B0005451,"RX,5904811,R35,TXA,N01,395,397626,D,1,0.24,0.22,5,F,-74,9.75"
RX,5904956,R35,TXK,N151,198,397763,E,1,0.87,0.84,5.0,U,-71.0,10.0,True,,2026-07-11T15:26:35.394+00:00,/dev/cu.usbserial-576B0005451,"RX,5904956,R35,TXK,N151,198,397763,E,1,0.87,0.84,5,U,-71,10.00"
RX,5905811,R35,TXA,N01,396,398626,E,1,0.87,0.84,5.0,F,-75.0,9.75,True,,2026-07-11T15:26:36.249+00:00,/dev/cu.usbserial-576B0005451,"RX,5905811,R35,TXA,N01,396,398626,E,1,0.87,0.84,5,F,-75,9.75"
RX,5906078,R35,TXB,N16,197,398892,C,0,0.81,0.78,5.0,U,-92.0,7.5,True,,2026-07-11T15:26:36.516+00:00,/dev/cu.usbserial-576B0005451,"RX,5906078,R35,TXB,N16,197,398892,C,0,0.81,0.78,5,U,-92,7.50"
RX,5906559,R35,TXE,N61,195,399379,G,1,0.93,0.9,5.0,U,-73.0,9.5,True,,2026-07-11T15:26:36.997+00:00,/dev/cu.usbserial-576B0005451,"RX,5906559,R35,TXE,N61,195,399379,G,1,0.93,0.90,5,U,-73,9.50"
RX,5906811,R35,TXA,N01,397,399626,F,0,0.28,0.26,5.0,F,-75.0,9.25,True,,2026-07-11T15:26:37.249+00:00,/dev/cu.usbserial-576B0005451,"RX,5906811,R35,TXA,N01,397,399626,F,0,0.28,0.26,5,F,-75,9.25"
RX,5906921,R35,TXH,N106,25,399742,G,1,0.93,0.9,5.0,U,-62.0,3.75,True,,2026-07-11T15:26:37.359+00:00,/dev/cu.usbserial-576B0005451,"RX,5906921,R35,TXH,N106,25,399742,G,1,0.93,0.90,5,U,-62,3.75"
RX,5907103,R35,TXL,N166,25,399916,G,1,0.93,0.9,5.0,U,-70.0,9.75,True,,2026-07-11T15:26:37.541+00:00,/dev/cu.usbserial-576B0005451,"RX,5907103,R35,TXL,N166,25,399916,G,1,0.93,0.90,5,U,-70,9.75"
RX,5907309,R35,TXF,N76,98,400131,E,1,0.87,0.84,5.0,U,-73.0,9.75,True,,2026-07-11T15:26:37.747+00:00,/dev/cu.usbserial-576B0005451,"RX,5907309,R35,TXF,N76,98,400131,E,1,0.87,0.84,5,U,-73,9.75"
RX,5907613,R35,TXD,N46,49,400430,G,1,0.93,0.9,5.0,U,-70.0,9.75,True,,2026-07-11T15:26:38.051+00:00,/dev/cu.usbserial-576B0005451,"RX,5907613,R35,TXD,N46,49,400430,G,1,0.93,0.90,5,U,-70,9.75"
RX,5907811,R35,TXA,N01,398,400626,G,1,0.93,0.9,5.0,F,-74.0,9.75,True,,2026-07-11T15:26:38.249+00:00,/dev/cu.usbserial-576B0005451,"RX,5907811,R35,TXA,N01,398,400626,G,1,0.93,0.90,5,F,-74,9.75"
RX,5908078,R35,TXB,N16,198,400892,E,1,0.87,0.84,5.0,U,-92.0,7.5,True,,2026-07-11T15:26:38.516+00:00,/dev/cu.usbserial-576B0005451,"RX,5908078,R35,TXB,N16,198,400892,E,1,0.87,0.84,5,U,-92,7.50"
RX,5908259,R35,TXG,N91,48,401080,G,1,0.93,0.9,5.0,U,-70.0,9.5,True,,2026-07-11T15:26:38.698+00:00,/dev/cu.usbserial-576B0005451,"RX,5908259,R35,TXG,N91,48,401080,G,1,0.93,0.90,5,U,-70,9.50"
RX,5908559,R35,TXE,N61,196,401379,A,1,0.75,0.72,5.0,U,-73.0,9.5,True,,2026-07-11T15:26:38.997+00:00,/dev/cu.usbserial-576B0005451,"RX,5908559,R35,TXE,N61,196,401379,A,1,0.75,0.72,5,U,-73,9.50"
RX,5908811,R35,TXA,N01,399,401626,H,1,0.32,0.3,5.0,F,-74.0,9.25,True,,2026-07-11T15:26:39.249+00:00,/dev/cu.usbserial-576B0005451,"RX,5908811,R35,TXA,N01,399,401626,H,1,0.32,0.30,5,F,-74,9.25"
RX,5908955,R35,TXK,N151,200,401763,A,0,0.75,0.72,5.0,U,-71.0,10.25,True,,2026-07-11T15:26:39.394+00:00,/dev/cu.usbserial-576B0005451,"RX,5908955,R35,TXK,N151,200,401763,A,0,0.75,0.72,5,U,-71,10.25"
RX,5909309,R35,TXF,N76,99,402131,G,1,0.93,0.9,5.0,U,-74.0,9.5,True,,2026-07-11T15:26:39.748+00:00,/dev/cu.usbserial-576B0005451,"RX,5909309,R35,TXF,N76,99,402131,G,1,0.93,0.90,5,U,-74,9.50"
RX,5909468,R35,TXJ,N136,48,402280,G,1,0.93,0.9,5.0,U,-83.0,9.5,True,,2026-07-11T15:26:39.906+00:00,/dev/cu.usbserial-576B0005451,"RX,5909468,R35,TXJ,N136,48,402280,G,1,0.93,0.90,5,U,-83,9.50"
RX,5909563,R35,TXC,N31,98,402381,E,1,0.87,0.84,5.0,U,-76.0,9.25,True,,2026-07-11T15:26:40.001+00:00,/dev/cu.usbserial-576B0005451,"RX,5909563,R35,TXC,N31,98,402381,E,1,0.87,0.84,5,U,-76,9.25"
RX,5909811,R35,TXA,N01,400,402626,A,0,0.75,0.72,5.0,F,-74.0,10.0,True,,2026-07-11T15:26:40.249+00:00,/dev/cu.usbserial-576B0005451,"RX,5909811,R35,TXA,N01,400,402626,A,0,0.75,0.72,5,F,-74,10.00"
RX,5910078,R35,TXB,N16,199,402892,G,1,0.93,0.9,5.0,U,-91.0,7.5,True,,2026-07-11T15:26:40.516+00:00,/dev/cu.usbserial-576B0005451,"RX,5910078,R35,TXB,N16,199,402892,G,1,0.93,0.90,5,U,-91,7.50"
RX,5910559,R35,TXE,N61,197,403379,C,0,0.81,0.78,5.0,U,-74.0,9.5,True,,2026-07-11T15:26:40.997+00:00,/dev/cu.usbserial-576B0005451,"RX,5910559,R35,TXE,N61,197,403379,C,0,0.81,0.78,5,U,-74,9.50"
RX,5910668,R35,TXI,N121,98,403481,E,1,0.87,0.84,5.0,U,-73.0,9.5,True,,2026-07-11T15:26:41.106+00:00,/dev/cu.usbserial-576B0005451,"RX,5910668,R35,TXI,N121,98,403481,E,1,0.87,0.84,5,U,-73,9.50"
RX,5910811,R35,TXA,N01,401,403626,B,1,0.2,0.18,5.0,F,-74.0,9.5,True,,2026-07-11T15:26:41.249+00:00,/dev/cu.usbserial-576B0005451,"RX,5910811,R35,TXA,N01,401,403626,B,1,0.20,0.18,5,F,-74,9.50"
RX,5910956,R35,TXK,N151,201,403763,C,1,0.81,0.78,5.0,U,-71.0,9.5,True,,2026-07-11T15:26:41.394+00:00,/dev/cu.usbserial-576B0005451,"RX,5910956,R35,TXK,N151,201,403763,C,1,0.81,0.78,5,U,-71,9.50"
RX,5911563,R35,TXC,N31,99,404381,G,1,0.93,0.9,5.0,U,-75.0,9.75,True,,2026-07-11T15:26:42.001+00:00,/dev/cu.usbserial-576B0005451,"RX,5911563,R35,TXC,N31,99,404381,G,1,0.93,0.90,5,U,-75,9.75"
RX,5911811,R35,TXA,N01,402,404626,C,1,0.81,0.78,5.0,F,-74.0,9.25,True,,2026-07-11T15:26:42.249+00:00,/dev/cu.usbserial-576B0005451,"RX,5911811,R35,TXA,N01,402,404626,C,1,0.81,0.78,5,F,-74,9.25"
RX,5912078,R35,TXB,N16,200,404892,A,0,0.75,0.72,5.0,U,-91.0,8.0,True,,2026-07-11T15:26:42.516+00:00,/dev/cu.usbserial-576B0005451,"RX,5912078,R35,TXB,N16,200,404892,A,0,0.75,0.72,5,U,-91,8.00"
RX,5912559,R35,TXE,N61,198,405379,E,1,0.87,0.84,5.0,U,-73.0,9.5,True,,2026-07-11T15:26:42.997+00:00,/dev/cu.usbserial-576B0005451,"RX,5912559,R35,TXE,N61,198,405379,E,1,0.87,0.84,5,U,-73,9.50"
RX,5912668,R35,TXI,N121,99,405481,G,1,0.93,0.9,5.0,U,-73.0,10.0,True,,2026-07-11T15:26:43.107+00:00,/dev/cu.usbserial-576B0005451,"RX,5912668,R35,TXI,N121,99,405481,G,1,0.93,0.90,5,U,-73,10.00"
RX,5912811,R35,TXA,N01,403,405626,D,0,0.24,0.22,5.0,F,-74.0,9.5,True,,2026-07-11T15:26:43.249+00:00,/dev/cu.usbserial-576B0005451,"RX,5912811,R35,TXA,N01,403,405626,D,0,0.24,0.22,5,F,-74,9.50"
RX,5912955,R35,TXK,N151,202,405763,E,1,0.87,0.84,5.0,U,-71.0,10.0,True,,2026-07-11T15:26:43.394+00:00,/dev/cu.usbserial-576B0005451,"RX,5912955,R35,TXK,N151,202,405763,E,1,0.87,0.84,5,U,-71,10.00"
RX,5913811,R35,TXA,N01,404,406626,E,1,0.87,0.84,5.0,F,-75.0,9.0,True,,2026-07-11T15:26:44.249+00:00,/dev/cu.usbserial-576B0005451,"RX,5913811,R35,TXA,N01,404,406626,E,1,0.87,0.84,5,F,-75,9.00"
RX,5914078,R35,TXB,N16,201,406892,C,1,0.81,0.78,5.0,U,-91.0,8.0,True,,2026-07-11T15:26:44.516+00:00,/dev/cu.usbserial-576B0005451,"RX,5914078,R35,TXB,N16,201,406892,C,1,0.81,0.78,5,U,-91,8.00"
RX,5914559,R35,TXE,N61,199,407379,G,1,0.93,0.9,5.0,U,-74.0,9.25,True,,2026-07-11T15:26:44.997+00:00,/dev/cu.usbserial-576B0005451,"RX,5914559,R35,TXE,N61,199,407379,G,1,0.93,0.90,5,U,-74,9.25"
RX,5914811,R35,TXA,N01,405,407626,F,1,0.28,0.26,5.0,F,-74.0,9.5,True,,2026-07-11T15:26:45.249+00:00,/dev/cu.usbserial-576B0005451,"RX,5914811,R35,TXA,N01,405,407626,F,1,0.28,0.26,5,F,-74,9.50"
RX,5914921,R35,TXH,N106,26,407742,G,0,0.93,0.9,5.0,U,-62.0,3.5,True,,2026-07-11T15:26:45.359+00:00,/dev/cu.usbserial-576B0005451,"RX,5914921,R35,TXH,N106,26,407742,G,0,0.93,0.90,5,U,-62,3.50"
RX,5915103,R35,TXL,N166,26,407916,G,0,0.93,0.9,5.0,U,-70.0,9.5,True,,2026-07-11T15:26:45.541+00:00,/dev/cu.usbserial-576B0005451,"RX,5915103,R35,TXL,N166,26,407916,G,0,0.93,0.90,5,U,-70,9.50"
RX,5915309,R35,TXF,N76,100,408131,E,1,0.87,0.84,5.0,U,-73.0,9.25,True,,2026-07-11T15:26:45.748+00:00,/dev/cu.usbserial-576B0005451,"RX,5915309,R35,TXF,N76,100,408131,E,1,0.87,0.84,5,U,-73,9.25"
RX,5915613,R35,TXD,N46,50,408430,G,0,0.93,0.9,5.0,U,-70.0,9.25,True,,2026-07-11T15:26:46.052+00:00,/dev/cu.usbserial-576B0005451,"RX,5915613,R35,TXD,N46,50,408430,G,0,0.93,0.90,5,U,-70,9.25"
RX,5915811,R35,TXA,N01,406,408626,G,0,0.93,0.9,5.0,F,-74.0,9.5,True,,2026-07-11T15:26:46.249+00:00,/dev/cu.usbserial-576B0005451,"RX,5915811,R35,TXA,N01,406,408626,G,0,0.93,0.90,5,F,-74,9.50"
RX,5916078,R35,TXB,N16,202,408892,E,1,0.87,0.84,5.0,U,-91.0,7.75,True,,2026-07-11T15:26:46.516+00:00,/dev/cu.usbserial-576B0005451,"RX,5916078,R35,TXB,N16,202,408892,E,1,0.87,0.84,5,U,-91,7.75"
RX,5916259,R35,TXG,N91,49,409080,G,1,0.93,0.9,5.0,U,-70.0,10.0,True,,2026-07-11T15:26:46.697+00:00,/dev/cu.usbserial-576B0005451,"RX,5916259,R35,TXG,N91,49,409080,G,1,0.93,0.90,5,U,-70,10.00"
RX,5916559,R35,TXE,N61,200,409379,A,0,0.75,0.72,5.0,U,-73.0,9.25,True,,2026-07-11T15:26:46.997+00:00,/dev/cu.usbserial-576B0005451,"RX,5916559,R35,TXE,N61,200,409379,A,0,0.75,0.72,5,U,-73,9.25"
RX,5916811,R35,TXA,N01,407,409626,H,1,0.32,0.3,5.0,F,-74.0,9.5,True,,2026-07-11T15:26:47.249+00:00,/dev/cu.usbserial-576B0005451,"RX,5916811,R35,TXA,N01,407,409626,H,1,0.32,0.30,5,F,-74,9.50"
RX,5916955,R35,TXK,N151,204,409763,A,1,0.75,0.72,5.0,U,-71.0,12.25,True,,2026-07-11T15:26:47.394+00:00,/dev/cu.usbserial-576B0005451,"RX,5916955,R35,TXK,N151,204,409763,A,1,0.75,0.72,5,U,-71,12.25"
RX,5917309,R35,TXF,N76,101,410131,G,0,0.93,0.9,5.0,U,-74.0,9.5,True,,2026-07-11T15:26:47.748+00:00,/dev/cu.usbserial-576B0005451,"RX,5917309,R35,TXF,N76,101,410131,G,0,0.93,0.90,5,U,-74,9.50"
RX,5917468,R35,TXJ,N136,49,410280,G,1,0.93,0.9,5.0,U,-83.0,9.5,True,,2026-07-11T15:26:47.906+00:00,/dev/cu.usbserial-576B0005451,"RX,5917468,R35,TXJ,N136,49,410280,G,1,0.93,0.90,5,U,-83,9.50"
RX,5917563,R35,TXC,N31,100,410381,E,1,0.87,0.84,5.0,U,-74.0,9.75,True,,2026-07-11T15:26:48.001+00:00,/dev/cu.usbserial-576B0005451,"RX,5917563,R35,TXC,N31,100,410381,E,1,0.87,0.84,5,U,-74,9.75"
RX,5917811,R35,TXA,N01,408,410626,A,1,0.75,0.72,5.0,F,-75.0,10.0,True,,2026-07-11T15:26:48.249+00:00,/dev/cu.usbserial-576B0005451,"RX,5917811,R35,TXA,N01,408,410626,A,1,0.75,0.72,5,F,-75,10.00"
RX,5918078,R35,TXB,N16,203,410892,G,0,0.93,0.9,5.0,U,-91.0,8.0,True,,2026-07-11T15:26:48.516+00:00,/dev/cu.usbserial-576B0005451,"RX,5918078,R35,TXB,N16,203,410892,G,0,0.93,0.90,5,U,-91,8.00"
RX,5918559,R35,TXE,N61,201,411379,C,1,0.81,0.78,5.0,U,-74.0,9.25,True,,2026-07-11T15:26:48.997+00:00,/dev/cu.usbserial-576B0005451,"RX,5918559,R35,TXE,N61,201,411379,C,1,0.81,0.78,5,U,-74,9.25"
RX,5918673,R35,TXI,N121,100,411481,E,1,0.87,0.84,5.0,U,-73.0,10.0,True,,2026-07-11T15:26:49.112+00:00,/dev/cu.usbserial-576B0005451,"RX,5918673,R35,TXI,N121,100,411481,E,1,0.87,0.84,5,U,-73,10.00"
RX,5918811,R35,TXA,N01,409,411626,B,0,0.2,0.18,5.0,F,-74.0,9.5,True,,2026-07-11T15:26:49.249+00:00,/dev/cu.usbserial-576B0005451,"RX,5918811,R35,TXA,N01,409,411626,B,0,0.20,0.18,5,F,-74,9.50"
RX,5918955,R35,TXK,N151,205,411763,C,1,0.81,0.78,5.0,U,-71.0,11.25,True,,2026-07-11T15:26:49.394+00:00,/dev/cu.usbserial-576B0005451,"RX,5918955,R35,TXK,N151,205,411763,C,1,0.81,0.78,5,U,-71,11.25"
RX,5919563,R35,TXC,N31,101,412381,G,0,0.93,0.9,5.0,U,-75.0,10.0,True,,2026-07-11T15:26:50.001+00:00,/dev/cu.usbserial-576B0005451,"RX,5919563,R35,TXC,N31,101,412381,G,0,0.93,0.90,5,U,-75,10.00"
RX,5919811,R35,TXA,N01,410,412626,C,1,0.81,0.78,5.0,F,-74.0,9.75,True,,2026-07-11T15:26:50.249+00:00,/dev/cu.usbserial-576B0005451,"RX,5919811,R35,TXA,N01,410,412626,C,1,0.81,0.78,5,F,-74,9.75"
RX,5920078,R35,TXB,N16,204,412892,A,1,0.75,0.72,5.0,U,-91.0,7.75,True,,2026-07-11T15:26:50.516+00:00,/dev/cu.usbserial-576B0005451,"RX,5920078,R35,TXB,N16,204,412892,A,1,0.75,0.72,5,U,-91,7.75"
RX,5920559,R35,TXE,N61,202,413379,E,1,0.87,0.84,5.0,U,-73.0,9.75,True,,2026-07-11T15:26:50.997+00:00,/dev/cu.usbserial-576B0005451,"RX,5920559,R35,TXE,N61,202,413379,E,1,0.87,0.84,5,U,-73,9.75"
RX,5920673,R35,TXI,N121,101,413481,G,0,0.93,0.9,5.0,U,-74.0,9.0,True,,2026-07-11T15:26:51.112+00:00,/dev/cu.usbserial-576B0005451,"RX,5920673,R35,TXI,N121,101,413481,G,0,0.93,0.90,5,U,-74,9.00"
RX,5920811,R35,TXA,N01,411,413626,D,1,0.24,0.22,5.0,F,-74.0,9.75,True,,2026-07-11T15:26:51.249+00:00,/dev/cu.usbserial-576B0005451,"RX,5920811,R35,TXA,N01,411,413626,D,1,0.24,0.22,5,F,-74,9.75"
RX,5920955,R35,TXK,N151,206,413763,E,0,0.87,0.84,5.0,U,-71.0,10.25,True,,2026-07-11T15:26:51.394+00:00,/dev/cu.usbserial-576B0005451,"RX,5920955,R35,TXK,N151,206,413763,E,0,0.87,0.84,5,U,-71,10.25"
RX,5921811,R35,TXA,N01,412,414626,E,0,0.87,0.84,5.0,F,-75.0,9.5,True,,2026-07-11T15:26:52.249+00:00,/dev/cu.usbserial-576B0005451,"RX,5921811,R35,TXA,N01,412,414626,E,0,0.87,0.84,5,F,-75,9.50"
RX,5922078,R35,TXB,N16,205,414892,C,1,0.81,0.78,5.0,U,-90.0,7.75,True,,2026-07-11T15:26:52.516+00:00,/dev/cu.usbserial-576B0005451,"RX,5922078,R35,TXB,N16,205,414892,C,1,0.81,0.78,5,U,-90,7.75"
RX,5922559,R35,TXE,N61,203,415379,G,0,0.93,0.9,5.0,U,-73.0,9.5,True,,2026-07-11T15:26:52.997+00:00,/dev/cu.usbserial-576B0005451,"RX,5922559,R35,TXE,N61,203,415379,G,0,0.93,0.90,5,U,-73,9.50"
RX,5922811,R35,TXA,N01,413,415626,F,1,0.28,0.26,5.0,F,-75.0,9.25,True,,2026-07-11T15:26:53.249+00:00,/dev/cu.usbserial-576B0005451,"RX,5922811,R35,TXA,N01,413,415626,F,1,0.28,0.26,5,F,-75,9.25"
RX,5922921,R35,TXH,N106,27,415742,G,1,0.93,0.9,5.0,U,-61.0,3.75,True,,2026-07-11T15:26:53.359+00:00,/dev/cu.usbserial-576B0005451,"RX,5922921,R35,TXH,N106,27,415742,G,1,0.93,0.90,5,U,-61,3.75"
RX,5923103,R35,TXL,N166,27,415916,G,1,0.93,0.9,5.0,U,-71.0,9.25,True,,2026-07-11T15:26:53.541+00:00,/dev/cu.usbserial-576B0005451,"RX,5923103,R35,TXL,N166,27,415916,G,1,0.93,0.90,5,U,-71,9.25"
RX,5923309,R35,TXF,N76,102,416131,E,0,0.87,0.84,5.0,U,-73.0,9.75,True,,2026-07-11T15:26:53.748+00:00,/dev/cu.usbserial-576B0005451,"RX,5923309,R35,TXF,N76,102,416131,E,0,0.87,0.84,5,U,-73,9.75"
RX,5923613,R35,TXD,N46,51,416430,G,1,0.93,0.9,5.0,U,-70.0,9.5,True,,2026-07-11T15:26:54.052+00:00,/dev/cu.usbserial-576B0005451,"RX,5923613,R35,TXD,N46,51,416430,G,1,0.93,0.90,5,U,-70,9.50"
RX,5923811,R35,TXA,N01,414,416626,G,1,0.93,0.9,5.0,F,-74.0,9.75,True,,2026-07-11T15:26:54.249+00:00,/dev/cu.usbserial-576B0005451,"RX,5923811,R35,TXA,N01,414,416626,G,1,0.93,0.90,5,F,-74,9.75"
RX,5924078,R35,TXB,N16,206,416892,E,0,0.87,0.84,5.0,U,-90.0,7.75,True,,2026-07-11T15:26:54.516+00:00,/dev/cu.usbserial-576B0005451,"RX,5924078,R35,TXB,N16,206,416892,E,0,0.87,0.84,5,U,-90,7.75"
RX,5924259,R35,TXG,N91,50,417080,G,0,0.93,0.9,5.0,U,-69.0,9.75,True,,2026-07-11T15:26:54.698+00:00,/dev/cu.usbserial-576B0005451,"RX,5924259,R35,TXG,N91,50,417080,G,0,0.93,0.90,5,U,-69,9.75"
RX,5924559,R35,TXE,N61,204,417379,A,1,0.75,0.72,5.0,U,-73.0,9.75,True,,2026-07-11T15:26:54.997+00:00,/dev/cu.usbserial-576B0005451,"RX,5924559,R35,TXE,N61,204,417379,A,1,0.75,0.72,5,U,-73,9.75"
RX,5924811,R35,TXA,N01,415,417626,H,0,0.32,0.3,5.0,F,-74.0,9.5,True,,2026-07-11T15:26:55.249+00:00,/dev/cu.usbserial-576B0005451,"RX,5924811,R35,TXA,N01,415,417626,H,0,0.32,0.30,5,F,-74,9.50"
RX,5924955,R35,TXK,N151,208,417763,A,1,0.75,0.72,5.0,U,-70.0,9.5,True,,2026-07-11T15:26:55.394+00:00,/dev/cu.usbserial-576B0005451,"RX,5924955,R35,TXK,N151,208,417763,A,1,0.75,0.72,5,U,-70,9.50"
RX,5925309,R35,TXF,N76,103,418131,G,1,0.93,0.9,5.0,U,-73.0,10.0,True,,2026-07-11T15:26:55.748+00:00,/dev/cu.usbserial-576B0005451,"RX,5925309,R35,TXF,N76,103,418131,G,1,0.93,0.90,5,U,-73,10.00"
RX,5925468,R35,TXJ,N136,50,418280,G,0,0.93,0.9,5.0,U,-84.0,9.25,True,,2026-07-11T15:26:55.907+00:00,/dev/cu.usbserial-576B0005451,"RX,5925468,R35,TXJ,N136,50,418280,G,0,0.93,0.90,5,U,-84,9.25"
RX,5925563,R35,TXC,N31,102,418381,E,0,0.87,0.84,5.0,U,-75.0,10.25,True,,2026-07-11T15:26:56.001+00:00,/dev/cu.usbserial-576B0005451,"RX,5925563,R35,TXC,N31,102,418381,E,0,0.87,0.84,5,U,-75,10.25"
RX,5925811,R35,TXA,N01,416,418626,A,1,0.75,0.72,5.0,F,-74.0,9.5,True,,2026-07-11T15:26:56.249+00:00,/dev/cu.usbserial-576B0005451,"RX,5925811,R35,TXA,N01,416,418626,A,1,0.75,0.72,5,F,-74,9.50"
RX,5926078,R35,TXB,N16,207,418892,G,1,0.93,0.9,5.0,U,-91.0,7.75,True,,2026-07-11T15:26:56.516+00:00,/dev/cu.usbserial-576B0005451,"RX,5926078,R35,TXB,N16,207,418892,G,1,0.93,0.90,5,U,-91,7.75"
RX,5926559,R35,TXE,N61,205,419379,C,1,0.81,0.78,5.0,U,-73.0,9.75,True,,2026-07-11T15:26:56.997+00:00,/dev/cu.usbserial-576B0005451,"RX,5926559,R35,TXE,N61,205,419379,C,1,0.81,0.78,5,U,-73,9.75"
RX,5926673,R35,TXI,N121,102,419481,E,0,0.87,0.84,5.0,U,-73.0,9.75,True,,2026-07-11T15:26:57.111+00:00,/dev/cu.usbserial-576B0005451,"RX,5926673,R35,TXI,N121,102,419481,E,0,0.87,0.84,5,U,-73,9.75"
RX,5926811,R35,TXA,N01,417,419626,B,1,0.2,0.18,5.0,F,-74.0,9.25,True,,2026-07-11T15:26:57.249+00:00,/dev/cu.usbserial-576B0005451,"RX,5926811,R35,TXA,N01,417,419626,B,1,0.20,0.18,5,F,-74,9.25"
RX,5926956,R35,TXK,N151,209,419763,C,0,0.81,0.78,5.0,U,-71.0,9.5,True,,2026-07-11T15:26:57.394+00:00,/dev/cu.usbserial-576B0005451,"RX,5926956,R35,TXK,N151,209,419763,C,0,0.81,0.78,5,U,-71,9.50"
RX,5927563,R35,TXC,N31,103,420381,G,1,0.93,0.9,5.0,U,-75.0,9.75,True,,2026-07-11T15:26:58.001+00:00,/dev/cu.usbserial-576B0005451,"RX,5927563,R35,TXC,N31,103,420381,G,1,0.93,0.90,5,U,-75,9.75"
RX,5927811,R35,TXA,N01,418,420626,C,0,0.81,0.78,5.0,F,-74.0,9.5,True,,2026-07-11T15:26:58.249+00:00,/dev/cu.usbserial-576B0005451,"RX,5927811,R35,TXA,N01,418,420626,C,0,0.81,0.78,5,F,-74,9.50"
RX,5928078,R35,TXB,N16,208,420892,A,1,0.75,0.72,5.0,U,-90.0,8.0,True,,2026-07-11T15:26:58.516+00:00,/dev/cu.usbserial-576B0005451,"RX,5928078,R35,TXB,N16,208,420892,A,1,0.75,0.72,5,U,-90,8.00"
RX,5928559,R35,TXE,N61,206,421379,E,0,0.87,0.84,5.0,U,-73.0,9.75,True,,2026-07-11T15:26:58.998+00:00,/dev/cu.usbserial-576B0005451,"RX,5928559,R35,TXE,N61,206,421379,E,0,0.87,0.84,5,U,-73,9.75"
RX,5928673,R35,TXI,N121,103,421481,G,1,0.93,0.9,5.0,U,-73.0,9.75,True,,2026-07-11T15:26:59.112+00:00,/dev/cu.usbserial-576B0005451,"RX,5928673,R35,TXI,N121,103,421481,G,1,0.93,0.90,5,U,-73,9.75"
RX,5928811,R35,TXA,N01,419,421626,D,1,0.24,0.22,5.0,F,-74.0,9.5,True,,2026-07-11T15:26:59.249+00:00,/dev/cu.usbserial-576B0005451,"RX,5928811,R35,TXA,N01,419,421626,D,1,0.24,0.22,5,F,-74,9.50"
RX,5928956,R35,TXK,N151,210,421763,E,1,0.87,0.84,5.0,U,-70.0,10.0,True,,2026-07-11T15:26:59.394+00:00,/dev/cu.usbserial-576B0005451,"RX,5928956,R35,TXK,N151,210,421763,E,1,0.87,0.84,5,U,-70,10.00"
RX,5929811,R35,TXA,N01,420,422626,E,1,0.87,0.84,5.0,F,-75.0,9.25,True,,2026-07-11T15:27:00.249+00:00,/dev/cu.usbserial-576B0005451,"RX,5929811,R35,TXA,N01,420,422626,E,1,0.87,0.84,5,F,-75,9.25"
RX,5930078,R35,TXB,N16,209,422892,C,0,0.81,0.78,5.0,U,-91.0,8.0,True,,2026-07-11T15:27:00.516+00:00,/dev/cu.usbserial-576B0005451,"RX,5930078,R35,TXB,N16,209,422892,C,0,0.81,0.78,5,U,-91,8.00"
RX,5930559,R35,TXE,N61,207,423379,G,1,0.93,0.9,5.0,U,-73.0,9.75,True,,2026-07-11T15:27:00.997+00:00,/dev/cu.usbserial-576B0005451,"RX,5930559,R35,TXE,N61,207,423379,G,1,0.93,0.90,5,U,-73,9.75"
RX,5930811,R35,TXA,N01,421,423626,F,0,0.28,0.26,5.0,F,-75.0,9.75,True,,2026-07-11T15:27:01.249+00:00,/dev/cu.usbserial-576B0005451,"RX,5930811,R35,TXA,N01,421,423626,F,0,0.28,0.26,5,F,-75,9.75"
RX,5930956,R35,TXK,N151,211,423763,G,1,0.93,0.9,5.0,U,-71.0,10.0,True,,2026-07-11T15:27:01.394+00:00,/dev/cu.usbserial-576B0005451,"RX,5930956,R35,TXK,N151,211,423763,G,1,0.93,0.90,5,U,-71,10.00"
RX,5931309,R35,TXF,N76,104,424131,E,1,0.87,0.84,5.0,U,-73.0,9.5,True,,2026-07-11T15:27:01.748+00:00,/dev/cu.usbserial-576B0005451,"RX,5931309,R35,TXF,N76,104,424131,E,1,0.87,0.84,5,U,-73,9.50"
RX,5931613,R35,TXD,N46,52,424430,G,1,0.93,0.9,5.0,U,-70.0,9.75,True,,2026-07-11T15:27:02.052+00:00,/dev/cu.usbserial-576B0005451,"RX,5931613,R35,TXD,N46,52,424430,G,1,0.93,0.90,5,U,-70,9.75"
RX,5931811,R35,TXA,N01,422,424626,G,1,0.93,0.9,5.0,F,-75.0,10.0,True,,2026-07-11T15:27:02.249+00:00,/dev/cu.usbserial-576B0005451,"RX,5931811,R35,TXA,N01,422,424626,G,1,0.93,0.90,5,F,-75,10.00"
RX,5932078,R35,TXB,N16,210,424892,E,1,0.87,0.84,5.0,U,-91.0,7.5,True,,2026-07-11T15:27:02.516+00:00,/dev/cu.usbserial-576B0005451,"RX,5932078,R35,TXB,N16,210,424892,E,1,0.87,0.84,5,U,-91,7.50"
RX,5932259,R35,TXG,N91,51,425080,G,1,0.93,0.9,5.0,U,-70.0,9.5,True,,2026-07-11T15:27:02.698+00:00,/dev/cu.usbserial-576B0005451,"RX,5932259,R35,TXG,N91,51,425080,G,1,0.93,0.90,5,U,-70,9.50"
RX,5932559,R35,TXE,N61,208,425379,A,1,0.75,0.72,5.0,U,-73.0,9.5,True,,2026-07-11T15:27:02.998+00:00,/dev/cu.usbserial-576B0005451,"RX,5932559,R35,TXE,N61,208,425379,A,1,0.75,0.72,5,U,-73,9.50"
RX,5932811,R35,TXA,N01,423,425626,H,1,0.32,0.3,5.0,F,-74.0,9.75,True,,2026-07-11T15:27:03.249+00:00,/dev/cu.usbserial-576B0005451,"RX,5932811,R35,TXA,N01,423,425626,H,1,0.32,0.30,5,F,-74,9.75"
RX,5932955,R35,TXK,N151,212,425763,A,0,0.75,0.72,5.0,U,-71.0,9.5,True,,2026-07-11T15:27:03.394+00:00,/dev/cu.usbserial-576B0005451,"RX,5932955,R35,TXK,N151,212,425763,A,0,0.75,0.72,5,U,-71,9.50"
RX,5933309,R35,TXF,N76,105,426131,G,1,0.93,0.9,5.0,U,-73.0,9.0,True,,2026-07-11T15:27:03.748+00:00,/dev/cu.usbserial-576B0005451,"RX,5933309,R35,TXF,N76,105,426131,G,1,0.93,0.90,5,U,-73,9.00"
RX,5933468,R35,TXJ,N136,51,426280,G,1,0.93,0.9,5.0,U,-83.0,9.5,True,,2026-07-11T15:27:03.907+00:00,/dev/cu.usbserial-576B0005451,"RX,5933468,R35,TXJ,N136,51,426280,G,1,0.93,0.90,5,U,-83,9.50"
RX,5933563,R35,TXC,N31,104,426381,E,1,0.87,0.84,5.0,U,-75.0,9.75,True,,2026-07-11T15:27:04.001+00:00,/dev/cu.usbserial-576B0005451,"RX,5933563,R35,TXC,N31,104,426381,E,1,0.87,0.84,5,U,-75,9.75"
RX,5933811,R35,TXA,N01,424,426626,A,0,0.75,0.72,5.0,F,-75.0,9.5,True,,2026-07-11T15:27:04.249+00:00,/dev/cu.usbserial-576B0005451,"RX,5933811,R35,TXA,N01,424,426626,A,0,0.75,0.72,5,F,-75,9.50"
RX,5934078,R35,TXB,N16,211,426892,G,1,0.93,0.9,5.0,U,-90.0,8.25,True,,2026-07-11T15:27:04.516+00:00,/dev/cu.usbserial-576B0005451,"RX,5934078,R35,TXB,N16,211,426892,G,1,0.93,0.90,5,U,-90,8.25"
RX,5934559,R35,TXE,N61,209,427379,C,0,0.81,0.78,5.0,U,-73.0,9.25,True,,2026-07-11T15:27:04.997+00:00,/dev/cu.usbserial-576B0005451,"RX,5934559,R35,TXE,N61,209,427379,C,0,0.81,0.78,5,U,-73,9.25"
RX,5934673,R35,TXI,N121,104,427481,E,1,0.87,0.84,5.0,U,-74.0,9.75,True,,2026-07-11T15:27:05.112+00:00,/dev/cu.usbserial-576B0005451,"RX,5934673,R35,TXI,N121,104,427481,E,1,0.87,0.84,5,U,-74,9.75"
RX,5934811,R35,TXA,N01,425,427626,B,1,0.2,0.18,5.0,F,-74.0,9.75,True,,2026-07-11T15:27:05.249+00:00,/dev/cu.usbserial-576B0005451,"RX,5934811,R35,TXA,N01,425,427626,B,1,0.20,0.18,5,F,-74,9.75"
RX,5934955,R35,TXK,N151,213,427763,C,1,0.81,0.78,5.0,U,-71.0,9.75,True,,2026-07-11T15:27:05.394+00:00,/dev/cu.usbserial-576B0005451,"RX,5934955,R35,TXK,N151,213,427763,C,1,0.81,0.78,5,U,-71,9.75"
RX,5935563,R35,TXC,N31,105,428381,G,1,0.93,0.9,5.0,U,-75.0,9.5,True,,2026-07-11T15:27:06.001+00:00,/dev/cu.usbserial-576B0005451,"RX,5935563,R35,TXC,N31,105,428381,G,1,0.93,0.90,5,U,-75,9.50"
RX,5935811,R35,TXA,N01,426,428626,C,1,0.81,0.78,5.0,F,-75.0,9.75,True,,2026-07-11T15:27:06.249+00:00,/dev/cu.usbserial-576B0005451,"RX,5935811,R35,TXA,N01,426,428626,C,1,0.81,0.78,5,F,-75,9.75"
RX,5936078,R35,TXB,N16,212,428892,A,0,0.75,0.72,5.0,U,-91.0,7.75,True,,2026-07-11T15:27:06.516+00:00,/dev/cu.usbserial-576B0005451,"RX,5936078,R35,TXB,N16,212,428892,A,0,0.75,0.72,5,U,-91,7.75"
RX,5936559,R35,TXE,N61,210,429379,E,1,0.87,0.84,5.0,U,-73.0,9.5,True,,2026-07-11T15:27:06.998+00:00,/dev/cu.usbserial-576B0005451,"RX,5936559,R35,TXE,N61,210,429379,E,1,0.87,0.84,5,U,-73,9.50"
RX,5936673,R35,TXI,N121,105,429481,G,1,0.93,0.9,5.0,U,-73.0,10.0,True,,2026-07-11T15:27:07.112+00:00,/dev/cu.usbserial-576B0005451,"RX,5936673,R35,TXI,N121,105,429481,G,1,0.93,0.90,5,U,-73,10.00"
RX,5936811,R35,TXA,N01,427,429626,D,0,0.24,0.22,5.0,F,-74.0,9.25,True,,2026-07-11T15:27:07.249+00:00,/dev/cu.usbserial-576B0005451,"RX,5936811,R35,TXA,N01,427,429626,D,0,0.24,0.22,5,F,-74,9.25"
RX,5936955,R35,TXK,N151,214,429763,E,1,0.87,0.84,5.0,U,-71.0,10.0,True,,2026-07-11T15:27:07.394+00:00,/dev/cu.usbserial-576B0005451,"RX,5936955,R35,TXK,N151,214,429763,E,1,0.87,0.84,5,U,-71,10.00"
RX,5937811,R35,TXA,N01,428,430626,E,1,0.87,0.84,5.0,F,-75.0,9.25,True,,2026-07-11T15:27:08.249+00:00,/dev/cu.usbserial-576B0005451,"RX,5937811,R35,TXA,N01,428,430626,E,1,0.87,0.84,5,F,-75,9.25"
RX,5938078,R35,TXB,N16,213,430892,C,1,0.81,0.78,5.0,U,-91.0,7.75,True,,2026-07-11T15:27:08.516+00:00,/dev/cu.usbserial-576B0005451,"RX,5938078,R35,TXB,N16,213,430892,C,1,0.81,0.78,5,U,-91,7.75"
RX,5938559,R35,TXE,N61,211,431379,G,1,0.93,0.9,5.0,U,-73.0,9.5,True,,2026-07-11T15:27:08.998+00:00,/dev/cu.usbserial-576B0005451,"RX,5938559,R35,TXE,N61,211,431379,G,1,0.93,0.90,5,U,-73,9.50"
RX,5938811,R35,TXA,N01,429,431626,F,1,0.28,0.26,5.0,F,-74.0,9.75,True,,2026-07-11T15:27:09.249+00:00,/dev/cu.usbserial-576B0005451,"RX,5938811,R35,TXA,N01,429,431626,F,1,0.28,0.26,5,F,-74,9.75"
RX,5938955,R35,TXK,N151,215,431763,G,0,0.93,0.9,5.0,U,-71.0,10.75,True,,2026-07-11T15:27:09.394+00:00,/dev/cu.usbserial-576B0005451,"RX,5938955,R35,TXK,N151,215,431763,G,0,0.93,0.90,5,U,-71,10.75"
RX,5939309,R35,TXF,N76,106,432131,E,1,0.87,0.84,5.0,U,-74.0,9.5,True,,2026-07-11T15:27:09.748+00:00,/dev/cu.usbserial-576B0005451,"RX,5939309,R35,TXF,N76,106,432131,E,1,0.87,0.84,5,U,-74,9.50"
RX,5939613,R35,TXD,N46,53,432430,G,0,0.93,0.9,5.0,U,-70.0,9.75,True,,2026-07-11T15:27:10.052+00:00,/dev/cu.usbserial-576B0005451,"RX,5939613,R35,TXD,N46,53,432430,G,0,0.93,0.90,5,U,-70,9.75"
RX,5939811,R35,TXA,N01,430,432626,G,0,0.93,0.9,5.0,F,-74.0,10.0,True,,2026-07-11T15:27:10.249+00:00,/dev/cu.usbserial-576B0005451,"RX,5939811,R35,TXA,N01,430,432626,G,0,0.93,0.90,5,F,-74,10.00"
RX,5940078,R35,TXB,N16,214,432892,E,1,0.87,0.84,5.0,U,-91.0,8.0,True,,2026-07-11T15:27:10.516+00:00,/dev/cu.usbserial-576B0005451,"RX,5940078,R35,TXB,N16,214,432892,E,1,0.87,0.84,5,U,-91,8.00"
RX,5940259,R35,TXG,N91,52,433080,G,1,0.93,0.9,5.0,U,-70.0,10.0,True,,2026-07-11T15:27:10.698+00:00,/dev/cu.usbserial-576B0005451,"RX,5940259,R35,TXG,N91,52,433080,G,1,0.93,0.90,5,U,-70,10.00"
RX,5940559,R35,TXE,N61,212,433379,A,0,0.75,0.72,5.0,U,-74.0,9.5,True,,2026-07-11T15:27:10.998+00:00,/dev/cu.usbserial-576B0005451,"RX,5940559,R35,TXE,N61,212,433379,A,0,0.75,0.72,5,U,-74,9.50"
RX,5940811,R35,TXA,N01,431,433626,H,1,0.32,0.3,5.0,F,-74.0,9.5,True,,2026-07-11T15:27:11.249+00:00,/dev/cu.usbserial-576B0005451,"RX,5940811,R35,TXA,N01,431,433626,H,1,0.32,0.30,5,F,-74,9.50"
RX,5940955,R35,TXK,N151,216,433763,A,1,0.75,0.72,5.0,U,-71.0,9.75,True,,2026-07-11T15:27:11.394+00:00,/dev/cu.usbserial-576B0005451,"RX,5940955,R35,TXK,N151,216,433763,A,1,0.75,0.72,5,U,-71,9.75"
RX,5941309,R35,TXF,N76,107,434131,G,0,0.93,0.9,5.0,U,-74.0,9.75,True,,2026-07-11T15:27:11.748+00:00,/dev/cu.usbserial-576B0005451,"RX,5941309,R35,TXF,N76,107,434131,G,0,0.93,0.90,5,U,-74,9.75"
RX,5941468,R35,TXJ,N136,52,434280,G,1,0.93,0.9,5.0,U,-83.0,9.5,True,,2026-07-11T15:27:11.907+00:00,/dev/cu.usbserial-576B0005451,"RX,5941468,R35,TXJ,N136,52,434280,G,1,0.93,0.90,5,U,-83,9.50"
RX,5941563,R35,TXC,N31,106,434381,E,1,0.87,0.84,5.0,U,-76.0,9.5,True,,2026-07-11T15:27:12.001+00:00,/dev/cu.usbserial-576B0005451,"RX,5941563,R35,TXC,N31,106,434381,E,1,0.87,0.84,5,U,-76,9.50"
RX,5941811,R35,TXA,N01,432,434626,A,1,0.75,0.72,5.0,F,-74.0,9.5,True,,2026-07-11T15:27:12.249+00:00,/dev/cu.usbserial-576B0005451,"RX,5941811,R35,TXA,N01,432,434626,A,1,0.75,0.72,5,F,-74,9.50"
RX,5942078,R35,TXB,N16,215,434892,G,0,0.93,0.9,5.0,U,-91.0,7.75,True,,2026-07-11T15:27:12.516+00:00,/dev/cu.usbserial-576B0005451,"RX,5942078,R35,TXB,N16,215,434892,G,0,0.93,0.90,5,U,-91,7.75"
RX,5942559,R35,TXE,N61,213,435379,C,1,0.81,0.78,5.0,U,-74.0,9.5,True,,2026-07-11T15:27:12.998+00:00,/dev/cu.usbserial-576B0005451,"RX,5942559,R35,TXE,N61,213,435379,C,1,0.81,0.78,5,U,-74,9.50"
RX,5942673,R35,TXI,N121,106,435481,E,1,0.87,0.84,5.0,U,-73.0,9.75,True,,2026-07-11T15:27:13.112+00:00,/dev/cu.usbserial-576B0005451,"RX,5942673,R35,TXI,N121,106,435481,E,1,0.87,0.84,5,U,-73,9.75"
RX,5942811,R35,TXA,N01,433,435626,B,0,0.2,0.18,5.0,F,-74.0,9.5,True,,2026-07-11T15:27:13.249+00:00,/dev/cu.usbserial-576B0005451,"RX,5942811,R35,TXA,N01,433,435626,B,0,0.20,0.18,5,F,-74,9.50"
RX,5942955,R35,TXK,N151,217,435763,C,1,0.81,0.78,5.0,U,-70.0,10.0,True,,2026-07-11T15:27:13.394+00:00,/dev/cu.usbserial-576B0005451,"RX,5942955,R35,TXK,N151,217,435763,C,1,0.81,0.78,5,U,-70,10.00"
RX,5943563,R35,TXC,N31,107,436381,G,0,0.93,0.9,5.0,U,-75.0,9.25,True,,2026-07-11T15:27:14.001+00:00,/dev/cu.usbserial-576B0005451,"RX,5943563,R35,TXC,N31,107,436381,G,0,0.93,0.90,5,U,-75,9.25"
RX,5943811,R35,TXA,N01,434,436626,C,1,0.81,0.78,5.0,F,-74.0,9.25,True,,2026-07-11T15:27:14.249+00:00,/dev/cu.usbserial-576B0005451,"RX,5943811,R35,TXA,N01,434,436626,C,1,0.81,0.78,5,F,-74,9.25"
RX,5944078,R35,TXB,N16,216,436892,A,1,0.75,0.72,5.0,U,-92.0,7.5,True,,2026-07-11T15:27:14.516+00:00,/dev/cu.usbserial-576B0005451,"RX,5944078,R35,TXB,N16,216,436892,A,1,0.75,0.72,5,U,-92,7.50"
RX,5944559,R35,TXE,N61,214,437379,E,1,0.87,0.84,5.0,U,-73.0,9.5,True,,2026-07-11T15:27:14.998+00:00,/dev/cu.usbserial-576B0005451,"RX,5944559,R35,TXE,N61,214,437379,E,1,0.87,0.84,5,U,-73,9.50"
RX,5944673,R35,TXI,N121,107,437481,G,0,0.93,0.9,5.0,U,-72.0,10.0,True,,2026-07-11T15:27:15.112+00:00,/dev/cu.usbserial-576B0005451,"RX,5944673,R35,TXI,N121,107,437481,G,0,0.93,0.90,5,U,-72,10.00"
RX,5944811,R35,TXA,N01,435,437626,D,1,0.24,0.22,5.0,F,-74.0,10.0,True,,2026-07-11T15:27:15.250+00:00,/dev/cu.usbserial-576B0005451,"RX,5944811,R35,TXA,N01,435,437626,D,1,0.24,0.22,5,F,-74,10.00"
RX,5944956,R35,TXK,N151,218,437763,E,0,0.87,0.84,5.0,U,-71.0,9.75,True,,2026-07-11T15:27:15.394+00:00,/dev/cu.usbserial-576B0005451,"RX,5944956,R35,TXK,N151,218,437763,E,0,0.87,0.84,5,U,-71,9.75"
RX,5945811,R35,TXA,N01,436,438626,E,0,0.87,0.84,5.0,F,-74.0,9.25,True,,2026-07-11T15:27:16.250+00:00,/dev/cu.usbserial-576B0005451,"RX,5945811,R35,TXA,N01,436,438626,E,0,0.87,0.84,5,F,-74,9.25"
RX,5946078,R35,TXB,N16,217,438892,C,1,0.81,0.78,5.0,U,-91.0,7.0,True,,2026-07-11T15:27:16.516+00:00,/dev/cu.usbserial-576B0005451,"RX,5946078,R35,TXB,N16,217,438892,C,1,0.81,0.78,5,U,-91,7.00"
RX,5946559,R35,TXE,N61,215,439379,G,0,0.93,0.9,5.0,U,-73.0,9.75,True,,2026-07-11T15:27:16.998+00:00,/dev/cu.usbserial-576B0005451,"RX,5946559,R35,TXE,N61,215,439379,G,0,0.93,0.90,5,U,-73,9.75"
RX,5946811,R35,TXA,N01,437,439626,F,1,0.28,0.26,5.0,F,-74.0,9.25,True,,2026-07-11T15:27:17.249+00:00,/dev/cu.usbserial-576B0005451,"RX,5946811,R35,TXA,N01,437,439626,F,1,0.28,0.26,5,F,-74,9.25"
RX,5946955,R35,TXK,N151,219,439763,G,1,0.93,0.9,5.0,U,-70.0,10.25,True,,2026-07-11T15:27:17.394+00:00,/dev/cu.usbserial-576B0005451,"RX,5946955,R35,TXK,N151,219,439763,G,1,0.93,0.90,5,U,-70,10.25"
RX,5947309,R35,TXF,N76,108,440131,E,0,0.87,0.84,5.0,U,-73.0,9.75,True,,2026-07-11T15:27:17.748+00:00,/dev/cu.usbserial-576B0005451,"RX,5947309,R35,TXF,N76,108,440131,E,0,0.87,0.84,5,U,-73,9.75"
RX,5947613,R35,TXD,N46,54,440430,G,1,0.93,0.9,5.0,U,-69.0,9.5,True,,2026-07-11T15:27:18.052+00:00,/dev/cu.usbserial-576B0005451,"RX,5947613,R35,TXD,N46,54,440430,G,1,0.93,0.90,5,U,-69,9.50"
RX,5947811,R35,TXA,N01,438,440626,G,1,0.93,0.9,5.0,F,-74.0,9.75,True,,2026-07-11T15:27:18.249+00:00,/dev/cu.usbserial-576B0005451,"RX,5947811,R35,TXA,N01,438,440626,G,1,0.93,0.90,5,F,-74,9.75"
RX,5948078,R35,TXB,N16,218,440892,E,0,0.87,0.84,5.0,U,-91.0,7.75,True,,2026-07-11T15:27:18.516+00:00,/dev/cu.usbserial-576B0005451,"RX,5948078,R35,TXB,N16,218,440892,E,0,0.87,0.84,5,U,-91,7.75"
RX,5948259,R35,TXG,N91,53,441080,G,0,0.93,0.9,5.0,U,-70.0,9.25,True,,2026-07-11T15:27:18.698+00:00,/dev/cu.usbserial-576B0005451,"RX,5948259,R35,TXG,N91,53,441080,G,0,0.93,0.90,5,U,-70,9.25"
RX,5948559,R35,TXE,N61,216,441379,A,1,0.75,0.72,5.0,U,-73.0,9.75,True,,2026-07-11T15:27:18.998+00:00,/dev/cu.usbserial-576B0005451,"RX,5948559,R35,TXE,N61,216,441379,A,1,0.75,0.72,5,U,-73,9.75"
RX,5948811,R35,TXA,N01,439,441626,H,0,0.32,0.3,5.0,F,-74.0,9.25,True,,2026-07-11T15:27:19.249+00:00,/dev/cu.usbserial-576B0005451,"RX,5948811,R35,TXA,N01,439,441626,H,0,0.32,0.30,5,F,-74,9.25"
RX,5948955,R35,TXK,N151,220,441763,A,1,0.75,0.72,5.0,U,-70.0,9.75,True,,2026-07-11T15:27:19.394+00:00,/dev/cu.usbserial-576B0005451,"RX,5948955,R35,TXK,N151,220,441763,A,1,0.75,0.72,5,U,-70,9.75"
RX,5949309,R35,TXF,N76,109,442131,G,1,0.93,0.9,5.0,U,-73.0,9.5,True,,2026-07-11T15:27:19.748+00:00,/dev/cu.usbserial-576B0005451,"RX,5949309,R35,TXF,N76,109,442131,G,1,0.93,0.90,5,U,-73,9.50"
RX,5949468,R35,TXJ,N136,53,442280,G,0,0.93,0.9,5.0,U,-80.0,9.5,True,,2026-07-11T15:27:19.907+00:00,/dev/cu.usbserial-576B0005451,"RX,5949468,R35,TXJ,N136,53,442280,G,0,0.93,0.90,5,U,-80,9.50"
RX,5949563,R35,TXC,N31,108,442381,E,0,0.87,0.84,5.0,U,-75.0,9.5,True,,2026-07-11T15:27:20.001+00:00,/dev/cu.usbserial-576B0005451,"RX,5949563,R35,TXC,N31,108,442381,E,0,0.87,0.84,5,U,-75,9.50"
RX,5949811,R35,TXA,N01,440,442626,A,1,0.75,0.72,5.0,F,-75.0,10.0,True,,2026-07-11T15:27:20.250+00:00,/dev/cu.usbserial-576B0005451,"RX,5949811,R35,TXA,N01,440,442626,A,1,0.75,0.72,5,F,-75,10.00"
RX,5950078,R35,TXB,N16,219,442892,G,1,0.93,0.9,5.0,U,-91.0,7.75,True,,2026-07-11T15:27:20.516+00:00,/dev/cu.usbserial-576B0005451,"RX,5950078,R35,TXB,N16,219,442892,G,1,0.93,0.90,5,U,-91,7.75"
RX,5950559,R35,TXE,N61,217,443379,C,1,0.81,0.78,5.0,U,-73.0,10.0,True,,2026-07-11T15:27:20.998+00:00,/dev/cu.usbserial-576B0005451,"RX,5950559,R35,TXE,N61,217,443379,C,1,0.81,0.78,5,U,-73,10.00"
RX,5950673,R35,TXI,N121,108,443481,E,0,0.87,0.84,5.0,U,-73.0,9.5,True,,2026-07-11T15:27:21.112+00:00,/dev/cu.usbserial-576B0005451,"RX,5950673,R35,TXI,N121,108,443481,E,0,0.87,0.84,5,U,-73,9.50"
RX,5950811,R35,TXA,N01,441,443626,B,1,0.2,0.18,5.0,F,-75.0,9.75,True,,2026-07-11T15:27:21.249+00:00,/dev/cu.usbserial-576B0005451,"RX,5950811,R35,TXA,N01,441,443626,B,1,0.20,0.18,5,F,-75,9.75"
RX,5950955,R35,TXK,N151,221,443763,C,0,0.81,0.78,5.0,U,-71.0,10.0,True,,2026-07-11T15:27:21.394+00:00,/dev/cu.usbserial-576B0005451,"RX,5950955,R35,TXK,N151,221,443763,C,0,0.81,0.78,5,U,-71,10.00"
RX,5951563,R35,TXC,N31,109,444381,G,1,0.93,0.9,5.0,U,-74.0,9.75,True,,2026-07-11T15:27:22.001+00:00,/dev/cu.usbserial-576B0005451,"RX,5951563,R35,TXC,N31,109,444381,G,1,0.93,0.90,5,U,-74,9.75"
RX,5951811,R35,TXA,N01,442,444626,C,0,0.81,0.78,5.0,F,-74.0,9.0,True,,2026-07-11T15:27:22.249+00:00,/dev/cu.usbserial-576B0005451,"RX,5951811,R35,TXA,N01,442,444626,C,0,0.81,0.78,5,F,-74,9.00"
RX,5952078,R35,TXB,N16,220,444892,A,1,0.75,0.72,5.0,U,-89.0,8.0,True,,2026-07-11T15:27:22.516+00:00,/dev/cu.usbserial-576B0005451,"RX,5952078,R35,TXB,N16,220,444892,A,1,0.75,0.72,5,U,-89,8.00"
RX,5952559,R35,TXE,N61,218,445379,E,0,0.87,0.84,5.0,U,-73.0,9.75,True,,2026-07-11T15:27:22.998+00:00,/dev/cu.usbserial-576B0005451,"RX,5952559,R35,TXE,N61,218,445379,E,0,0.87,0.84,5,U,-73,9.75"
RX,5952673,R35,TXI,N121,109,445481,G,1,0.93,0.9,5.0,U,-73.0,9.25,True,,2026-07-11T15:27:23.112+00:00,/dev/cu.usbserial-576B0005451,"RX,5952673,R35,TXI,N121,109,445481,G,1,0.93,0.90,5,U,-73,9.25"
RX,5952811,R35,TXA,N01,443,445626,D,1,0.24,0.22,5.0,F,-74.0,9.75,True,,2026-07-11T15:27:23.250+00:00,/dev/cu.usbserial-576B0005451,"RX,5952811,R35,TXA,N01,443,445626,D,1,0.24,0.22,5,F,-74,9.75"
RX,5952955,R35,TXK,N151,222,445763,E,1,0.87,0.84,5.0,U,-71.0,10.0,True,,2026-07-11T15:27:23.394+00:00,/dev/cu.usbserial-576B0005451,"RX,5952955,R35,TXK,N151,222,445763,E,1,0.87,0.84,5,U,-71,10.00"
RX,5953811,R35,TXA,N01,444,446626,E,1,0.87,0.84,5.0,F,-74.0,9.5,True,,2026-07-11T15:27:24.250+00:00,/dev/cu.usbserial-576B0005451,"RX,5953811,R35,TXA,N01,444,446626,E,1,0.87,0.84,5,F,-74,9.50"
RX,5954078,R35,TXB,N16,221,446892,C,0,0.81,0.78,5.0,U,-92.0,7.25,True,,2026-07-11T15:27:24.516+00:00,/dev/cu.usbserial-576B0005451,"RX,5954078,R35,TXB,N16,221,446892,C,0,0.81,0.78,5,U,-92,7.25"
RX,5954559,R35,TXE,N61,219,447379,G,1,0.93,0.9,5.0,U,-73.0,9.5,True,,2026-07-11T15:27:24.998+00:00,/dev/cu.usbserial-576B0005451,"RX,5954559,R35,TXE,N61,219,447379,G,1,0.93,0.90,5,U,-73,9.50"
RX,5954811,R35,TXA,N01,445,447626,F,0,0.28,0.26,5.0,F,-74.0,10.0,True,,2026-07-11T15:27:25.250+00:00,/dev/cu.usbserial-576B0005451,"RX,5954811,R35,TXA,N01,445,447626,F,0,0.28,0.26,5,F,-74,10.00"
RX,5954955,R35,TXK,N151,223,447763,G,1,0.93,0.9,5.0,U,-72.0,9.75,True,,2026-07-11T15:27:25.394+00:00,/dev/cu.usbserial-576B0005451,"RX,5954955,R35,TXK,N151,223,447763,G,1,0.93,0.90,5,U,-72,9.75"
RX,5955309,R35,TXF,N76,110,448131,E,1,0.87,0.84,5.0,U,-73.0,10.0,True,,2026-07-11T15:27:25.748+00:00,/dev/cu.usbserial-576B0005451,"RX,5955309,R35,TXF,N76,110,448131,E,1,0.87,0.84,5,U,-73,10.00"
RX,5955613,R35,TXD,N46,55,448430,G,1,0.93,0.9,5.0,U,-72.0,10.0,True,,2026-07-11T15:27:26.052+00:00,/dev/cu.usbserial-576B0005451,"RX,5955613,R35,TXD,N46,55,448430,G,1,0.93,0.90,5,U,-72,10.00"
RX,5955811,R35,TXA,N01,446,448626,G,1,0.93,0.9,5.0,F,-73.0,9.75,True,,2026-07-11T15:27:26.249+00:00,/dev/cu.usbserial-576B0005451,"RX,5955811,R35,TXA,N01,446,448626,G,1,0.93,0.90,5,F,-73,9.75"
RX,5956078,R35,TXB,N16,222,448892,E,1,0.87,0.84,5.0,U,-85.0,9.25,True,,2026-07-11T15:27:26.516+00:00,/dev/cu.usbserial-576B0005451,"RX,5956078,R35,TXB,N16,222,448892,E,1,0.87,0.84,5,U,-85,9.25"
RX,5956259,R35,TXG,N91,54,449080,G,1,0.93,0.9,5.0,U,-69.0,9.25,True,,2026-07-11T15:27:26.698+00:00,/dev/cu.usbserial-576B0005451,"RX,5956259,R35,TXG,N91,54,449080,G,1,0.93,0.90,5,U,-69,9.25"
RX,5956559,R35,TXE,N61,220,449379,A,1,0.75,0.72,5.0,U,-74.0,9.25,True,,2026-07-11T15:27:26.998+00:00,/dev/cu.usbserial-576B0005451,"RX,5956559,R35,TXE,N61,220,449379,A,1,0.75,0.72,5,U,-74,9.25"
RX,5956811,R35,TXA,N01,447,449626,H,1,0.32,0.3,5.0,F,-75.0,9.75,True,,2026-07-11T15:27:27.250+00:00,/dev/cu.usbserial-576B0005451,"RX,5956811,R35,TXA,N01,447,449626,H,1,0.32,0.30,5,F,-75,9.75"
RX,5956955,R35,TXK,N151,224,449763,A,1,0.75,0.72,5.0,U,-71.0,10.0,True,,2026-07-11T15:27:27.394+00:00,/dev/cu.usbserial-576B0005451,"RX,5956955,R35,TXK,N151,224,449763,A,1,0.75,0.72,5,U,-71,10.00"
RX,5957309,R35,TXF,N76,111,450131,G,1,0.93,0.9,5.0,U,-73.0,9.5,True,,2026-07-11T15:27:27.748+00:00,/dev/cu.usbserial-576B0005451,"RX,5957309,R35,TXF,N76,111,450131,G,1,0.93,0.90,5,U,-73,9.50"
RX,5957468,R35,TXJ,N136,54,450280,G,1,0.93,0.9,5.0,U,-82.0,9.75,True,,2026-07-11T15:27:27.907+00:00,/dev/cu.usbserial-576B0005451,"RX,5957468,R35,TXJ,N136,54,450280,G,1,0.93,0.90,5,U,-82,9.75"
RX,5957563,R35,TXC,N31,110,450381,E,1,0.87,0.84,5.0,U,-76.0,10.0,True,,2026-07-11T15:27:28.001+00:00,/dev/cu.usbserial-576B0005451,"RX,5957563,R35,TXC,N31,110,450381,E,1,0.87,0.84,5,U,-76,10.00"
RX,5957811,R35,TXA,N01,448,450626,A,1,0.75,0.72,5.0,F,-74.0,10.0,True,,2026-07-11T15:27:28.250+00:00,/dev/cu.usbserial-576B0005451,"RX,5957811,R35,TXA,N01,448,450626,A,1,0.75,0.72,5,F,-74,10.00"
RX,5958078,R35,TXB,N16,223,450892,G,1,0.93,0.9,5.0,U,-89.0,8.5,True,,2026-07-11T15:27:28.516+00:00,/dev/cu.usbserial-576B0005451,"RX,5958078,R35,TXB,N16,223,450892,G,1,0.93,0.90,5,U,-89,8.50"
RX,5958559,R35,TXE,N61,221,451379,C,0,0.81,0.78,5.0,U,-73.0,9.5,True,,2026-07-11T15:27:28.998+00:00,/dev/cu.usbserial-576B0005451,"RX,5958559,R35,TXE,N61,221,451379,C,0,0.81,0.78,5,U,-73,9.50"
RX,5958673,R35,TXI,N121,110,451481,E,1,0.87,0.84,5.0,U,-71.0,10.0,True,,2026-07-11T15:27:29.112+00:00,/dev/cu.usbserial-576B0005451,"RX,5958673,R35,TXI,N121,110,451481,E,1,0.87,0.84,5,U,-71,10.00"
RX,5958811,R35,TXA,N01,449,451626,B,0,0.2,0.18,5.0,F,-73.0,9.75,True,,2026-07-11T15:27:29.250+00:00,/dev/cu.usbserial-576B0005451,"RX,5958811,R35,TXA,N01,449,451626,B,0,0.20,0.18,5,F,-73,9.75"
RX,5958956,R35,TXK,N151,225,451763,C,1,0.81,0.78,5.0,U,-71.0,9.5,True,,2026-07-11T15:27:29.394+00:00,/dev/cu.usbserial-576B0005451,"RX,5958956,R35,TXK,N151,225,451763,C,1,0.81,0.78,5,U,-71,9.50"
RX,5959563,R35,TXC,N31,111,452381,G,1,0.93,0.9,5.0,U,-76.0,9.75,True,,2026-07-11T15:27:30.001+00:00,/dev/cu.usbserial-576B0005451,"RX,5959563,R35,TXC,N31,111,452381,G,1,0.93,0.90,5,U,-76,9.75"
RX,5959811,R35,TXA,N01,450,452626,C,1,0.81,0.78,5.0,F,-75.0,9.25,True,,2026-07-11T15:27:30.250+00:00,/dev/cu.usbserial-576B0005451,"RX,5959811,R35,TXA,N01,450,452626,C,1,0.81,0.78,5,F,-75,9.25"
RX,5960078,R35,TXB,N16,224,452892,A,1,0.75,0.72,5.0,U,-91.0,7.75,True,,2026-07-11T15:27:30.516+00:00,/dev/cu.usbserial-576B0005451,"RX,5960078,R35,TXB,N16,224,452892,A,1,0.75,0.72,5,U,-91,7.75"
RX,5960559,R35,TXE,N61,222,453379,E,1,0.87,0.84,5.0,U,-74.0,9.75,True,,2026-07-11T15:27:30.998+00:00,/dev/cu.usbserial-576B0005451,"RX,5960559,R35,TXE,N61,222,453379,E,1,0.87,0.84,5,U,-74,9.75"
RX,5960673,R35,TXI,N121,111,453481,G,1,0.93,0.9,5.0,U,-78.0,10.0,True,,2026-07-11T15:27:31.112+00:00,/dev/cu.usbserial-576B0005451,"RX,5960673,R35,TXI,N121,111,453481,G,1,0.93,0.90,5,U,-78,10.00"
RX,5960811,R35,TXA,N01,451,453626,D,1,0.24,0.22,5.0,F,-74.0,9.25,True,,2026-07-11T15:27:31.250+00:00,/dev/cu.usbserial-576B0005451,"RX,5960811,R35,TXA,N01,451,453626,D,1,0.24,0.22,5,F,-74,9.25"
RX,5960956,R35,TXK,N151,226,453763,E,0,0.87,0.84,5.0,U,-73.0,10.5,True,,2026-07-11T15:27:31.394+00:00,/dev/cu.usbserial-576B0005451,"RX,5960956,R35,TXK,N151,226,453763,E,0,0.87,0.84,5,U,-73,10.50"
RX,5961811,R35,TXA,N01,452,454626,E,0,0.87,0.84,5.0,F,-74.0,10.0,True,,2026-07-11T15:27:32.250+00:00,/dev/cu.usbserial-576B0005451,"RX,5961811,R35,TXA,N01,452,454626,E,0,0.87,0.84,5,F,-74,10.00"
RX,5962078,R35,TXB,N16,225,454892,C,1,0.81,0.78,5.0,U,-91.0,7.5,True,,2026-07-11T15:27:32.516+00:00,/dev/cu.usbserial-576B0005451,"RX,5962078,R35,TXB,N16,225,454892,C,1,0.81,0.78,5,U,-91,7.50"
RX,5962559,R35,TXE,N61,223,455379,G,1,0.93,0.9,5.0,U,-74.0,9.25,True,,2026-07-11T15:27:32.998+00:00,/dev/cu.usbserial-576B0005451,"RX,5962559,R35,TXE,N61,223,455379,G,1,0.93,0.90,5,U,-74,9.25"
RX,5962811,R35,TXA,N01,453,455626,F,1,0.28,0.26,5.0,F,-74.0,9.75,True,,2026-07-11T15:27:33.250+00:00,/dev/cu.usbserial-576B0005451,"RX,5962811,R35,TXA,N01,453,455626,F,1,0.28,0.26,5,F,-74,9.75"
RX,5962921,R35,TXH,N106,28,455742,G,1,0.93,0.9,5.0,U,-60.0,1.0,True,,2026-07-11T15:27:33.360+00:00,/dev/cu.usbserial-576B0005451,"RX,5962921,R35,TXH,N106,28,455742,G,1,0.93,0.90,5,U,-60,1.00"
RX,5963103,R35,TXL,N166,28,455916,G,1,0.93,0.9,5.0,U,-69.0,10.25,True,,2026-07-11T15:27:33.541+00:00,/dev/cu.usbserial-576B0005451,"RX,5963103,R35,TXL,N166,28,455916,G,1,0.93,0.90,5,U,-69,10.25"
RX,5963309,R35,TXF,N76,112,456131,E,0,0.87,0.84,5.0,U,-72.0,9.75,True,,2026-07-11T15:27:33.748+00:00,/dev/cu.usbserial-576B0005451,"RX,5963309,R35,TXF,N76,112,456131,E,0,0.87,0.84,5,U,-72,9.75"
RX,5963613,R35,TXD,N46,56,456430,G,1,0.93,0.9,5.0,U,-69.0,9.5,True,,2026-07-11T15:27:34.052+00:00,/dev/cu.usbserial-576B0005451,"RX,5963613,R35,TXD,N46,56,456430,G,1,0.93,0.90,5,U,-69,9.50"
RX,5963811,R35,TXA,N01,454,456626,G,1,0.93,0.9,5.0,F,-90.0,7.0,True,,2026-07-11T15:27:34.250+00:00,/dev/cu.usbserial-576B0005451,"RX,5963811,R35,TXA,N01,454,456626,G,1,0.93,0.90,5,F,-90,7.00"
RX,5964078,R35,TXB,N16,226,456892,E,0,0.87,0.84,5.0,U,-87.0,9.5,True,,2026-07-11T15:27:34.516+00:00,/dev/cu.usbserial-576B0005451,"RX,5964078,R35,TXB,N16,226,456892,E,0,0.87,0.84,5,U,-87,9.50"
RX,5964259,R35,TXG,N91,55,457080,G,1,0.93,0.9,5.0,U,-72.0,9.5,True,,2026-07-11T15:27:34.698+00:00,/dev/cu.usbserial-576B0005451,"RX,5964259,R35,TXG,N91,55,457080,G,1,0.93,0.90,5,U,-72,9.50"
RX,5964559,R35,TXE,N61,224,457379,A,1,0.75,0.72,5.0,U,-72.0,9.75,True,,2026-07-11T15:27:34.998+00:00,/dev/cu.usbserial-576B0005451,"RX,5964559,R35,TXE,N61,224,457379,A,1,0.75,0.72,5,U,-72,9.75"
RX,5964811,R35,TXA,N01,455,457626,H,0,0.32,0.3,5.0,F,-73.0,9.5,True,,2026-07-11T15:27:35.250+00:00,/dev/cu.usbserial-576B0005451,"RX,5964811,R35,TXA,N01,455,457626,H,0,0.32,0.30,5,F,-73,9.50"
RX,5964955,R35,TXK,N151,228,457763,A,1,0.75,0.72,5.0,U,-69.0,10.5,True,,2026-07-11T15:27:35.394+00:00,/dev/cu.usbserial-576B0005451,"RX,5964955,R35,TXK,N151,228,457763,A,1,0.75,0.72,5,U,-69,10.50"
RX,5965309,R35,TXF,N76,113,458131,G,1,0.93,0.9,5.0,U,-71.0,9.5,True,,2026-07-11T15:27:35.748+00:00,/dev/cu.usbserial-576B0005451,"RX,5965309,R35,TXF,N76,113,458131,G,1,0.93,0.90,5,U,-71,9.50"
RX,5965468,R35,TXJ,N136,55,458280,G,1,0.93,0.9,5.0,U,-79.0,9.5,True,,2026-07-11T15:27:35.907+00:00,/dev/cu.usbserial-576B0005451,"RX,5965468,R35,TXJ,N136,55,458280,G,1,0.93,0.90,5,U,-79,9.50"
RX,5965562,R35,TXC,N31,112,458381,E,0,0.87,0.84,5.0,U,-77.0,10.0,True,,2026-07-11T15:27:36.001+00:00,/dev/cu.usbserial-576B0005451,"RX,5965562,R35,TXC,N31,112,458381,E,0,0.87,0.84,5,U,-77,10.00"
RX,5965811,R35,TXA,N01,456,458626,A,1,0.75,0.72,5.0,F,-74.0,9.75,True,,2026-07-11T15:27:36.250+00:00,/dev/cu.usbserial-576B0005451,"RX,5965811,R35,TXA,N01,456,458626,A,1,0.75,0.72,5,F,-74,9.75"
RX,5966078,R35,TXB,N16,227,458892,G,1,0.93,0.9,5.0,U,-91.0,8.0,True,,2026-07-11T15:27:36.516+00:00,/dev/cu.usbserial-576B0005451,"RX,5966078,R35,TXB,N16,227,458892,G,1,0.93,0.90,5,U,-91,8.00"
RX,5966559,R35,TXE,N61,225,459379,C,1,0.81,0.78,5.0,U,-72.0,9.5,True,,2026-07-11T15:27:36.998+00:00,/dev/cu.usbserial-576B0005451,"RX,5966559,R35,TXE,N61,225,459379,C,1,0.81,0.78,5,U,-72,9.50"
RX,5966673,R35,TXI,N121,112,459481,E,0,0.87,0.84,5.0,U,-74.0,9.75,True,,2026-07-11T15:27:37.112+00:00,/dev/cu.usbserial-576B0005451,"RX,5966673,R35,TXI,N121,112,459481,E,0,0.87,0.84,5,U,-74,9.75"
RX,5966811,R35,TXA,N01,457,459626,B,1,0.2,0.18,5.0,F,-75.0,9.75,True,,2026-07-11T15:27:37.250+00:00,/dev/cu.usbserial-576B0005451,"RX,5966811,R35,TXA,N01,457,459626,B,1,0.20,0.18,5,F,-75,9.75"
RX,5966955,R35,TXK,N151,229,459763,C,0,0.81,0.78,5.0,U,-70.0,10.5,True,,2026-07-11T15:27:37.394+00:00,/dev/cu.usbserial-576B0005451,"RX,5966955,R35,TXK,N151,229,459763,C,0,0.81,0.78,5,U,-70,10.50"
RX,5967563,R35,TXC,N31,113,460381,G,1,0.93,0.9,5.0,U,-75.0,9.5,True,,2026-07-11T15:27:38.001+00:00,/dev/cu.usbserial-576B0005451,"RX,5967563,R35,TXC,N31,113,460381,G,1,0.93,0.90,5,U,-75,9.50"
RX,5967811,R35,TXA,N01,458,460626,C,0,0.81,0.78,5.0,F,-77.0,10.0,True,,2026-07-11T15:27:38.250+00:00,/dev/cu.usbserial-576B0005451,"RX,5967811,R35,TXA,N01,458,460626,C,0,0.81,0.78,5,F,-77,10.00"
