wall_time_utc,serial_port,raw_line
2026-07-05T20:28:24.579+00:00,/dev/cu.usbserial-576B0005451,"RX,79534,R33,TXA,N01,0,2174,A,1,0.75,0.72,5,F,-40,10.25"
2026-07-05T20:28:25.579+00:00,/dev/cu.usbserial-576B0005451,"RX,80533,R33,TXA,N01,1,3174,B,0,0.20,0.18,5,F,-41,10.25"
2026-07-05T20:28:26.578+00:00,/dev/cu.usbserial-576B0005451,"RX,81533,R33,TXA,N01,2,4174,C,1,0.81,0.78,5,F,-41,9.50"
2026-07-05T20:28:26.845+00:00,/dev/cu.usbserial-576B0005451,"RX,81800,R33,TXB,N16,0,4439,A,1,0.75,0.72,5,U,-58,10.00"
2026-07-05T20:28:27.578+00:00,/dev/cu.usbserial-576B0005451,"RX,82533,R33,TXA,N01,3,5174,D,1,0.24,0.22,5,F,-41,10.75"
2026-07-05T20:28:28.579+00:00,/dev/cu.usbserial-576B0005451,"RX,83533,R33,TXA,N01,4,6174,E,0,0.87,0.84,5,F,-41,10.00"
2026-07-05T20:28:28.844+00:00,/dev/cu.usbserial-576B0005451,"RX,83799,R33,TXB,N16,1,6439,C,1,0.81,0.78,5,U,-58,9.75"
2026-07-05T20:28:29.579+00:00,/dev/cu.usbserial-576B0005451,"RX,84533,R33,TXA,N01,5,7174,F,1,0.28,0.26,5,F,-41,10.00"
2026-07-05T20:28:30.579+00:00,/dev/cu.usbserial-576B0005451,"RX,85533,R33,TXA,N01,6,8174,G,1,0.93,0.90,5,F,-41,10.00"
2026-07-05T20:28:30.844+00:00,/dev/cu.usbserial-576B0005451,"RX,85799,R33,TXB,N16,2,8439,E,0,0.87,0.84,5,U,-58,9.50"
2026-07-05T20:28:31.330+00:00,/dev/cu.usbserial-576B0005451,"RX,86285,R33,TXE,N61,0,8929,A,1,0.75,0.72,5,U,-43,10.00"
2026-07-05T20:28:31.578+00:00,/dev/cu.usbserial-576B0005451,"RX,86533,R33,TXA,N01,7,9174,H,0,0.32,0.30,5,F,-41,9.50"
2026-07-05T20:28:32.078+00:00,/dev/cu.usbserial-576B0005451,"RX,87033,R33,TXF,N76,1,9678,G,1,0.93,0.90,5,U,-51,11.25"
2026-07-05T20:28:32.332+00:00,/dev/cu.usbserial-576B0005451,"RX,87286,R33,TXC,N31,0,9927,E,0,0.87,0.84,5,U,-41,10.00"
2026-07-05T20:28:32.584+00:00,/dev/cu.usbserial-576B0005451,"RX,87539,R33,TXA,N01,8,10174,A,1,0.75,0.72,5,F,-41,9.75"
2026-07-05T20:28:32.850+00:00,/dev/cu.usbserial-576B0005451,"RX,87804,R33,TXB,N16,3,10439,G,1,0.93,0.90,5,U,-59,9.50"
2026-07-05T20:28:33.334+00:00,/dev/cu.usbserial-576B0005451,"RX,88289,R33,TXE,N61,1,10929,C,1,0.81,0.78,5,U,-44,9.25"
2026-07-05T20:28:33.584+00:00,/dev/cu.usbserial-576B0005451,"RX,88539,R33,TXA,N01,9,11174,B,1,0.20,0.18,5,F,-42,10.00"
2026-07-05T20:28:34.337+00:00,/dev/cu.usbserial-576B0005451,"RX,89291,R33,TXC,N31,1,11927,G,1,0.93,0.90,5,U,-43,10.00"
2026-07-05T20:28:34.584+00:00,/dev/cu.usbserial-576B0005451,"RX,89539,R33,TXA,N01,10,12174,C,0,0.81,0.78,5,F,-42,10.00"
2026-07-05T20:28:34.850+00:00,/dev/cu.usbserial-576B0005451,"RX,89804,R33,TXB,N16,4,12439,A,1,0.75,0.72,5,U,-59,9.50"
2026-07-05T20:28:35.334+00:00,/dev/cu.usbserial-576B0005451,"RX,90289,R33,TXE,N61,2,12929,E,0,0.87,0.84,5,U,-43,9.75"
2026-07-05T20:28:35.584+00:00,/dev/cu.usbserial-576B0005451,"RX,90539,R33,TXA,N01,11,13174,D,1,0.24,0.22,5,F,-41,10.00"
2026-07-05T20:28:36.584+00:00,/dev/cu.usbserial-576B0005451,"RX,91539,R33,TXA,N01,12,14174,E,1,0.87,0.84,5,F,-41,10.00"
2026-07-05T20:28:36.850+00:00,/dev/cu.usbserial-576B0005451,"RX,91804,R33,TXB,N16,5,14439,C,0,0.81,0.78,5,U,-59,9.50"
2026-07-05T20:28:37.334+00:00,/dev/cu.usbserial-576B0005451,"RX,92289,R33,TXE,N61,3,14929,G,1,0.93,0.90,5,U,-43,9.25"
2026-07-05T20:28:37.584+00:00,/dev/cu.usbserial-576B0005451,"RX,92539,R33,TXA,N01,13,15174,F,0,0.28,0.26,5,F,-41,10.00"
2026-07-05T20:28:38.086+00:00,/dev/cu.usbserial-576B0005451,"RX,93040,R33,TXD,N46,1,15676,G,1,0.93,0.90,5,U,-48,4.75"
2026-07-05T20:28:38.584+00:00,/dev/cu.usbserial-576B0005451,"RX,93539,R33,TXA,N01,14,16174,G,1,0.93,0.90,5,F,-41,9.75"
2026-07-05T20:28:38.830+00:00,/dev/cu.usbserial-576B0005451,"RX,93785,R33,TXG,N91,0,16425,G,1,0.93,0.90,5,U,-43,7.00"
2026-07-05T20:28:39.335+00:00,/dev/cu.usbserial-576B0005451,"RX,94289,R33,TXE,N61,4,16929,A,1,0.75,0.72,5,U,-44,9.50"
2026-07-05T20:28:39.584+00:00,/dev/cu.usbserial-576B0005451,"RX,94539,R33,TXA,N01,15,17174,H,1,0.32,0.30,5,F,-41,9.75"
2026-07-05T20:28:40.083+00:00,/dev/cu.usbserial-576B0005451,"RX,95038,R33,TXF,N76,3,17678,G,1,0.93,0.90,5,U,-53,9.50"
2026-07-05T20:28:40.337+00:00,/dev/cu.usbserial-576B0005451,"RX,95291,R33,TXC,N31,2,17927,E,1,0.87,0.84,5,U,-42,8.00"
2026-07-05T20:28:40.584+00:00,/dev/cu.usbserial-576B0005451,"RX,95539,R33,TXA,N01,16,18174,A,0,0.75,0.72,5,F,-41,10.00"
2026-07-05T20:28:40.850+00:00,/dev/cu.usbserial-576B0005451,"RX,95804,R33,TXB,N16,7,18439,G,1,0.93,0.90,5,U,-59,9.50"
2026-07-05T20:28:41.335+00:00,/dev/cu.usbserial-576B0005451,"RX,96289,R33,TXE,N61,5,18929,C,0,0.81,0.78,5,U,-43,9.50"
2026-07-05T20:28:41.584+00:00,/dev/cu.usbserial-576B0005451,"RX,96539,R33,TXA,N01,17,19174,B,1,0.20,0.18,5,F,-41,10.50"
2026-07-05T20:28:42.337+00:00,/dev/cu.usbserial-576B0005451,"RX,97291,R33,TXC,N31,3,19927,G,1,0.93,0.90,5,U,-43,9.50"
2026-07-05T20:28:42.584+00:00,/dev/cu.usbserial-576B0005451,"RX,97539,R33,TXA,N01,18,20174,C,1,0.81,0.78,5,F,-41,10.50"
2026-07-05T20:28:42.850+00:00,/dev/cu.usbserial-576B0005451,"RX,97804,R33,TXB,N16,8,20439,A,0,0.75,0.72,5,U,-59,9.00"
2026-07-05T20:28:43.334+00:00,/dev/cu.usbserial-576B0005451,"RX,98289,R33,TXE,N61,6,20929,E,1,0.87,0.84,5,U,-43,9.75"
2026-07-05T20:28:43.584+00:00,/dev/cu.usbserial-576B0005451,"RX,98539,R33,TXA,N01,19,21174,D,0,0.24,0.22,5,F,-41,10.25"
2026-07-05T20:28:44.584+00:00,/dev/cu.usbserial-576B0005451,"RX,99539,R33,TXA,N01,20,22174,E,1,0.87,0.84,5,F,-41,9.75"
2026-07-05T20:28:44.850+00:00,/dev/cu.usbserial-576B0005451,"RX,99804,R33,TXB,N16,9,22439,C,1,0.81,0.78,5,U,-59,9.25"
2026-07-05T20:28:45.335+00:00,/dev/cu.usbserial-576B0005451,"RX,100289,R33,TXE,N61,7,22929,G,1,0.93,0.90,5,U,-43,9.25"
2026-07-05T20:28:45.585+00:00,/dev/cu.usbserial-576B0005451,"RX,100539,R33,TXA,N01,21,23174,F,1,0.28,0.26,5,F,-41,10.00"
2026-07-05T20:28:46.086+00:00,/dev/cu.usbserial-576B0005451,"RX,101040,R33,TXD,N46,2,23676,G,0,0.93,0.90,5,U,-48,4.75"
2026-07-05T20:28:46.584+00:00,/dev/cu.usbserial-576B0005451,"RX,101539,R33,TXA,N01,22,24174,G,0,0.93,0.90,5,F,-41,10.00"
2026-07-05T20:28:46.830+00:00,/dev/cu.usbserial-576B0005451,"RX,101785,R33,TXG,N91,1,24425,G,1,0.93,0.90,5,U,-42,7.00"
2026-07-05T20:28:47.335+00:00,/dev/cu.usbserial-576B0005451,"RX,102289,R33,TXE,N61,8,24929,A,0,0.75,0.72,5,U,-44,9.50"
2026-07-05T20:28:47.585+00:00,/dev/cu.usbserial-576B0005451,"RX,102539,R33,TXA,N01,23,25174,H,1,0.32,0.30,5,F,-41,10.00"
2026-07-05T20:28:48.083+00:00,/dev/cu.usbserial-576B0005451,"RX,103038,R33,TXF,N76,5,25678,G,0,0.93,0.90,5,U,-53,9.75"
2026-07-05T20:28:48.337+00:00,/dev/cu.usbserial-576B0005451,"RX,103291,R33,TXC,N31,4,25927,E,1,0.87,0.84,5,U,-42,8.00"
2026-07-05T20:28:48.585+00:00,/dev/cu.usbserial-576B0005451,"RX,103539,R33,TXA,N01,24,26174,A,1,0.75,0.72,5,F,-41,10.25"
2026-07-05T20:28:48.850+00:00,/dev/cu.usbserial-576B0005451,"RX,103804,R33,TXB,N16,11,26439,G,0,0.93,0.90,5,U,-58,9.50"
2026-07-05T20:28:49.334+00:00,/dev/cu.usbserial-576B0005451,"RX,104289,R33,TXE,N61,9,26929,C,1,0.81,0.78,5,U,-44,9.75"
2026-07-05T20:28:49.584+00:00,/dev/cu.usbserial-576B0005451,"RX,104539,R33,TXA,N01,25,27174,B,0,0.20,0.18,5,F,-42,10.00"
2026-07-05T20:28:50.337+00:00,/dev/cu.usbserial-576B0005451,"RX,105291,R33,TXC,N31,5,27927,G,0,0.93,0.90,5,U,-40,9.50"
2026-07-05T20:28:50.584+00:00,/dev/cu.usbserial-576B0005451,"RX,105539,R33,TXA,N01,26,28174,C,1,0.81,0.78,5,F,-41,10.00"
2026-07-05T20:28:50.850+00:00,/dev/cu.usbserial-576B0005451,"RX,105805,R33,TXB,N16,12,28439,A,1,0.75,0.72,5,U,-59,9.50"
2026-07-05T20:28:51.335+00:00,/dev/cu.usbserial-576B0005451,"RX,106289,R33,TXE,N61,10,28929,E,1,0.87,0.84,5,U,-43,12.25"
2026-07-05T20:28:51.584+00:00,/dev/cu.usbserial-576B0005451,"RX,106539,R33,TXA,N01,27,29174,D,1,0.24,0.22,5,F,-40,9.75"
2026-07-05T20:28:52.584+00:00,/dev/cu.usbserial-576B0005451,"RX,107539,R33,TXA,N01,28,30174,E,0,0.87,0.84,5,F,-41,10.00"
2026-07-05T20:28:52.850+00:00,/dev/cu.usbserial-576B0005451,"RX,107804,R33,TXB,N16,13,30439,C,1,0.81,0.78,5,U,-59,9.50"
2026-07-05T20:28:53.335+00:00,/dev/cu.usbserial-576B0005451,"RX,108289,R33,TXE,N61,11,30929,G,0,0.93,0.90,5,U,-48,10.00"
2026-07-05T20:28:53.585+00:00,/dev/cu.usbserial-576B0005451,"RX,108539,R33,TXA,N01,29,31174,F,1,0.28,0.26,5,F,-41,10.00"
2026-07-05T20:28:54.086+00:00,/dev/cu.usbserial-576B0005451,"RX,109040,R33,TXD,N46,3,31676,G,1,0.93,0.90,5,U,-48,5.00"
2026-07-05T20:28:54.584+00:00,/dev/cu.usbserial-576B0005451,"RX,109539,R33,TXA,N01,30,32174,G,1,0.93,0.90,5,F,-42,10.25"
2026-07-05T20:28:54.830+00:00,/dev/cu.usbserial-576B0005451,"RX,109785,R33,TXG,N91,2,32425,G,0,0.93,0.90,5,U,-43,7.00"
2026-07-05T20:28:55.335+00:00,/dev/cu.usbserial-576B0005451,"RX,110289,R33,TXE,N61,12,32929,A,1,0.75,0.72,5,U,-45,9.75"
2026-07-05T20:28:55.585+00:00,/dev/cu.usbserial-576B0005451,"RX,110539,R33,TXA,N01,31,33174,H,0,0.32,0.30,5,F,-41,10.25"
2026-07-05T20:28:56.083+00:00,/dev/cu.usbserial-576B0005451,"RX,111038,R33,TXF,N76,7,33678,G,1,0.93,0.90,5,U,-53,9.25"
2026-07-05T20:28:56.337+00:00,/dev/cu.usbserial-576B0005451,"RX,111291,R33,TXC,N31,6,33927,E,0,0.87,0.84,5,U,-42,9.00"
2026-07-05T20:28:56.585+00:00,/dev/cu.usbserial-576B0005451,"RX,111539,R33,TXA,N01,32,34174,A,1,0.75,0.72,5,F,-41,10.00"
2026-07-05T20:28:56.850+00:00,/dev/cu.usbserial-576B0005451,"RX,111805,R33,TXB,N16,15,34439,G,1,0.93,0.90,5,U,-59,10.00"
2026-07-05T20:28:57.335+00:00,/dev/cu.usbserial-576B0005451,"RX,112289,R33,TXE,N61,13,34929,C,1,0.81,0.78,5,U,-44,10.50"
2026-07-05T20:28:57.585+00:00,/dev/cu.usbserial-576B0005451,"RX,112539,R33,TXA,N01,33,35174,B,1,0.20,0.18,5,F,-42,10.25"
2026-07-05T20:28:58.337+00:00,/dev/cu.usbserial-576B0005451,"RX,113291,R33,TXC,N31,7,35927,G,1,0.93,0.90,5,U,-43,9.75"
2026-07-05T20:28:58.585+00:00,/dev/cu.usbserial-576B0005451,"RX,113539,R33,TXA,N01,34,36174,C,0,0.81,0.78,5,F,-42,9.75"
2026-07-05T20:28:58.850+00:00,/dev/cu.usbserial-576B0005451,"RX,113805,R33,TXB,N16,16,36439,A,1,0.75,0.72,5,U,-59,9.25"
2026-07-05T20:28:59.335+00:00,/dev/cu.usbserial-576B0005451,"RX,114289,R33,TXE,N61,14,36929,E,0,0.87,0.84,5,U,-45,10.00"
2026-07-05T20:28:59.585+00:00,/dev/cu.usbserial-576B0005451,"RX,114539,R33,TXA,N01,35,37174,D,1,0.24,0.22,5,F,-42,9.75"
2026-07-05T20:29:00.585+00:00,/dev/cu.usbserial-576B0005451,"RX,115539,R33,TXA,N01,36,38174,E,1,0.87,0.84,5,F,-41,10.50"
2026-07-05T20:29:00.850+00:00,/dev/cu.usbserial-576B0005451,"RX,115805,R33,TXB,N16,17,38439,C,0,0.81,0.78,5,U,-59,9.75"
2026-07-05T20:29:01.335+00:00,/dev/cu.usbserial-576B0005451,"RX,116289,R33,TXE,N61,15,38929,G,1,0.93,0.90,5,U,-46,10.00"
2026-07-05T20:29:01.585+00:00,/dev/cu.usbserial-576B0005451,"RX,116539,R33,TXA,N01,37,39174,F,0,0.28,0.26,5,F,-43,10.00"
2026-07-05T20:29:02.086+00:00,/dev/cu.usbserial-576B0005451,"RX,117040,R33,TXD,N46,4,39676,G,1,0.93,0.90,5,U,-50,6.25"
2026-07-05T20:29:02.585+00:00,/dev/cu.usbserial-576B0005451,"RX,117539,R33,TXA,N01,38,40174,G,1,0.93,0.90,5,F,-43,9.50"
2026-07-05T20:29:02.830+00:00,/dev/cu.usbserial-576B0005451,"RX,117785,R33,TXG,N91,3,40425,G,1,0.93,0.90,5,U,-46,6.25"
2026-07-05T20:29:03.335+00:00,/dev/cu.usbserial-576B0005451,"RX,118289,R33,TXE,N61,16,40929,A,1,0.75,0.72,5,U,-44,9.50"
2026-07-05T20:29:03.585+00:00,/dev/cu.usbserial-576B0005451,"RX,118539,R33,TXA,N01,39,41174,H,1,0.32,0.30,5,F,-42,9.75"
2026-07-05T20:29:04.083+00:00,/dev/cu.usbserial-576B0005451,"RX,119038,R33,TXF,N76,9,41678,G,1,0.93,0.90,5,U,-52,10.00"
2026-07-05T20:29:04.337+00:00,/dev/cu.usbserial-576B0005451,"RX,119291,R33,TXC,N31,8,41927,E,1,0.87,0.84,5,U,-41,7.75"
2026-07-05T20:29:04.585+00:00,/dev/cu.usbserial-576B0005451,"RX,119539,R33,TXA,N01,40,42174,A,0,0.75,0.72,5,F,-42,9.75"
2026-07-05T20:29:04.850+00:00,/dev/cu.usbserial-576B0005451,"RX,119804,R33,TXB,N16,19,42439,G,1,0.93,0.90,5,U,-58,9.00"
2026-07-05T20:29:05.335+00:00,/dev/cu.usbserial-576B0005451,"RX,120289,R33,TXE,N61,17,42929,C,0,0.81,0.78,5,U,-43,9.50"
2026-07-05T20:29:05.585+00:00,/dev/cu.usbserial-576B0005451,"RX,120539,R33,TXA,N01,41,43174,B,1,0.20,0.18,5,F,-41,10.25"
2026-07-05T20:29:06.337+00:00,/dev/cu.usbserial-576B0005451,"RX,121291,R33,TXC,N31,9,43927,G,1,0.93,0.90,5,U,-41,9.50"
2026-07-05T20:29:06.585+00:00,/dev/cu.usbserial-576B0005451,"RX,121539,R33,TXA,N01,42,44174,C,1,0.81,0.78,5,F,-40,9.75"
2026-07-05T20:29:06.850+00:00,/dev/cu.usbserial-576B0005451,"RX,121805,R33,TXB,N16,20,44439,A,0,0.75,0.72,5,U,-57,9.75"
2026-07-05T20:29:07.335+00:00,/dev/cu.usbserial-576B0005451,"RX,122289,R33,TXE,N61,18,44929,E,1,0.87,0.84,5,U,-46,10.75"
2026-07-05T20:29:07.585+00:00,/dev/cu.usbserial-576B0005451,"RX,122539,R33,TXA,N01,43,45174,D,0,0.24,0.22,5,F,-40,10.00"
2026-07-05T20:29:08.584+00:00,/dev/cu.usbserial-576B0005451,"RX,123539,R33,TXA,N01,44,46174,E,1,0.87,0.84,5,F,-40,9.50"
2026-07-05T20:29:08.850+00:00,/dev/cu.usbserial-576B0005451,"RX,123805,R33,TXB,N16,21,46439,C,1,0.81,0.78,5,U,-57,9.75"
2026-07-05T20:29:09.335+00:00,/dev/cu.usbserial-576B0005451,"RX,124289,R33,TXE,N61,19,46929,G,1,0.93,0.90,5,U,-45,10.00"
2026-07-05T20:29:09.585+00:00,/dev/cu.usbserial-576B0005451,"RX,124539,R33,TXA,N01,45,47174,F,1,0.28,0.26,5,F,-40,9.75"
2026-07-05T20:29:10.086+00:00,/dev/cu.usbserial-576B0005451,"RX,125040,R33,TXD,N46,5,47676,G,0,0.93,0.90,5,U,-49,2.00"
2026-07-05T20:29:10.585+00:00,/dev/cu.usbserial-576B0005451,"RX,125539,R33,TXA,N01,46,48174,G,0,0.93,0.90,5,F,-40,10.00"
2026-07-05T20:29:10.830+00:00,/dev/cu.usbserial-576B0005451,"RX,125785,R33,TXG,N91,4,48425,G,1,0.93,0.90,5,U,-46,3.75"
2026-07-05T20:29:11.335+00:00,/dev/cu.usbserial-576B0005451,"RX,126289,R33,TXE,N61,20,48929,A,0,0.75,0.72,5,U,-46,9.75"
2026-07-05T20:29:11.585+00:00,/dev/cu.usbserial-576B0005451,"RX,126539,R33,TXA,N01,47,49174,H,1,0.32,0.30,5,F,-40,10.00"
2026-07-05T20:29:12.084+00:00,/dev/cu.usbserial-576B0005451,"RX,127038,R33,TXF,N76,11,49678,G,0,0.93,0.90,5,U,-49,10.00"
2026-07-05T20:29:12.337+00:00,/dev/cu.usbserial-576B0005451,"RX,127291,R33,TXC,N31,10,49927,E,1,0.87,0.84,5,U,-42,10.25"
2026-07-05T20:29:12.585+00:00,/dev/cu.usbserial-576B0005451,"RX,127539,R33,TXA,N01,48,50174,A,1,0.75,0.72,5,F,-41,10.00"
2026-07-05T20:29:12.850+00:00,/dev/cu.usbserial-576B0005451,"RX,127805,R33,TXB,N16,23,50439,G,0,0.93,0.90,5,U,-57,10.25"
2026-07-05T20:29:13.335+00:00,/dev/cu.usbserial-576B0005451,"RX,128289,R33,TXE,N61,21,50929,C,1,0.81,0.78,5,U,-46,10.25"
2026-07-05T20:29:13.585+00:00,/dev/cu.usbserial-576B0005451,"RX,128539,R33,TXA,N01,49,51174,B,0,0.20,0.18,5,F,-40,10.00"
2026-07-05T20:29:14.337+00:00,/dev/cu.usbserial-576B0005451,"RX,129291,R33,TXC,N31,11,51927,G,0,0.93,0.90,5,U,-42,9.50"
2026-07-05T20:29:14.585+00:00,/dev/cu.usbserial-576B0005451,"RX,129539,R33,TXA,N01,50,52174,C,1,0.81,0.78,5,F,-40,11.00"
2026-07-05T20:29:14.850+00:00,/dev/cu.usbserial-576B0005451,"RX,129805,R33,TXB,N16,24,52439,A,1,0.75,0.72,5,U,-58,10.00"
2026-07-05T20:29:15.335+00:00,/dev/cu.usbserial-576B0005451,"RX,130289,R33,TXE,N61,22,52929,E,1,0.87,0.84,5,U,-46,10.25"
2026-07-05T20:29:15.585+00:00,/dev/cu.usbserial-576B0005451,"RX,130539,R33,TXA,N01,51,53174,D,1,0.24,0.22,5,F,-40,10.00"
2026-07-05T20:29:16.585+00:00,/dev/cu.usbserial-576B0005451,"RX,131539,R33,TXA,N01,52,54174,E,0,0.87,0.84,5,F,-40,10.00"
2026-07-05T20:29:16.850+00:00,/dev/cu.usbserial-576B0005451,"RX,131805,R33,TXB,N16,25,54439,C,1,0.81,0.78,5,U,-57,10.25"
2026-07-05T20:29:17.335+00:00,/dev/cu.usbserial-576B0005451,"RX,132289,R33,TXE,N61,23,54929,G,0,0.93,0.90,5,U,-46,11.25"
2026-07-05T20:29:17.585+00:00,/dev/cu.usbserial-576B0005451,"RX,132539,R33,TXA,N01,53,55174,F,1,0.28,0.26,5,F,-40,10.50"
2026-07-05T20:29:18.087+00:00,/dev/cu.usbserial-576B0005451,"RX,133040,R33,TXD,N46,6,55676,G,1,0.93,0.90,5,U,-49,1.50"
2026-07-05T20:29:18.585+00:00,/dev/cu.usbserial-576B0005451,"RX,133539,R33,TXA,N01,54,56174,G,1,0.93,0.90,5,F,-39,9.75"
2026-07-05T20:29:18.830+00:00,/dev/cu.usbserial-576B0005451,"RX,133785,R33,TXG,N91,5,56425,G,0,0.93,0.90,5,U,-45,3.00"
2026-07-05T20:29:19.335+00:00,/dev/cu.usbserial-576B0005451,"RX,134289,R33,TXE,N61,24,56929,A,1,0.75,0.72,5,U,-46,10.00"
2026-07-05T20:29:19.585+00:00,/dev/cu.usbserial-576B0005451,"RX,134539,R33,TXA,N01,55,57174,H,0,0.32,0.30,5,F,-40,9.25"
2026-07-05T20:29:20.084+00:00,/dev/cu.usbserial-576B0005451,"RX,135038,R33,TXF,N76,13,57678,G,1,0.93,0.90,5,U,-49,10.00"
2026-07-05T20:29:20.337+00:00,/dev/cu.usbserial-576B0005451,"RX,135291,R33,TXC,N31,12,57927,E,0,0.87,0.84,5,U,-42,12.00"
2026-07-05T20:29:20.585+00:00,/dev/cu.usbserial-576B0005451,"RX,135539,R33,TXA,N01,56,58174,A,1,0.75,0.72,5,F,-40,9.75"
2026-07-05T20:29:20.850+00:00,/dev/cu.usbserial-576B0005451,"RX,135805,R33,TXB,N16,27,58439,G,1,0.93,0.90,5,U,-57,9.50"
2026-07-05T20:29:21.335+00:00,/dev/cu.usbserial-576B0005451,"RX,136289,R33,TXE,N61,25,58929,C,1,0.81,0.78,5,U,-45,9.75"
2026-07-05T20:29:21.585+00:00,/dev/cu.usbserial-576B0005451,"RX,136539,R33,TXA,N01,57,59174,B,1,0.20,0.18,5,F,-40,9.75"
2026-07-05T20:29:22.337+00:00,/dev/cu.usbserial-576B0005451,"RX,137291,R33,TXC,N31,13,59927,G,1,0.93,0.90,5,U,-42,9.75"
2026-07-05T20:29:22.585+00:00,/dev/cu.usbserial-576B0005451,"RX,137539,R33,TXA,N01,58,60174,C,0,0.81,0.78,5,F,-40,10.00"
2026-07-05T20:29:22.850+00:00,/dev/cu.usbserial-576B0005451,"RX,137805,R33,TXB,N16,28,60439,A,1,0.75,0.72,5,U,-57,9.50"
2026-07-05T20:29:23.335+00:00,/dev/cu.usbserial-576B0005451,"RX,138289,R33,TXE,N61,26,60929,E,0,0.87,0.84,5,U,-46,10.25"
2026-07-05T20:29:23.585+00:00,/dev/cu.usbserial-576B0005451,"RX,138539,R33,TXA,N01,59,61174,D,1,0.24,0.22,5,F,-40,9.50"
2026-07-05T20:29:24.585+00:00,/dev/cu.usbserial-576B0005451,"RX,139539,R33,TXA,N01,60,62174,E,1,0.87,0.84,5,F,-40,9.75"
2026-07-05T20:29:24.851+00:00,/dev/cu.usbserial-576B0005451,"RX,139805,R33,TXB,N16,29,62439,C,0,0.81,0.78,5,U,-58,9.75"
2026-07-05T20:29:25.335+00:00,/dev/cu.usbserial-576B0005451,"RX,140289,R33,TXE,N61,27,62929,G,1,0.93,0.90,5,U,-46,12.75"
2026-07-05T20:29:25.585+00:00,/dev/cu.usbserial-576B0005451,"RX,140539,R33,TXA,N01,61,63174,F,0,0.28,0.26,5,F,-41,10.00"
2026-07-05T20:29:26.084+00:00,/dev/cu.usbserial-576B0005451,"RX,141038,R33,TXF,N76,14,63678,E,1,0.87,0.84,5,U,-40,-0.25"
2026-07-05T20:29:26.585+00:00,/dev/cu.usbserial-576B0005451,"RX,141539,R33,TXA,N01,62,64174,G,1,0.93,0.90,5,F,-40,9.50"
2026-07-05T20:29:26.830+00:00,/dev/cu.usbserial-576B0005451,"RX,141785,R33,TXG,N91,6,64425,G,1,0.93,0.90,5,U,-45,3.75"
2026-07-05T20:29:27.335+00:00,/dev/cu.usbserial-576B0005451,"RX,142289,R33,TXE,N61,28,64929,A,1,0.75,0.72,5,U,-47,9.75"
2026-07-05T20:29:27.585+00:00,/dev/cu.usbserial-576B0005451,"RX,142539,R33,TXA,N01,63,65174,H,1,0.32,0.30,5,F,-40,9.75"
2026-07-05T20:29:28.084+00:00,/dev/cu.usbserial-576B0005451,"RX,143038,R33,TXF,N76,15,65678,G,1,0.93,0.90,5,U,-49,9.50"
2026-07-05T20:29:28.337+00:00,/dev/cu.usbserial-576B0005451,"RX,143291,R33,TXC,N31,14,65927,E,1,0.87,0.84,5,U,-42,10.00"
2026-07-05T20:29:28.585+00:00,/dev/cu.usbserial-576B0005451,"RX,143539,R33,TXA,N01,64,66174,A,1,0.75,0.72,5,F,-40,9.75"
2026-07-05T20:29:28.851+00:00,/dev/cu.usbserial-576B0005451,"RX,143805,R33,TXB,N16,31,66439,G,1,0.93,0.90,5,U,-58,10.25"
2026-07-05T20:29:29.585+00:00,/dev/cu.usbserial-576B0005451,"RX,144539,R33,TXA,N01,65,67174,B,0,0.20,0.18,5,F,-40,10.00"
2026-07-05T20:29:30.337+00:00,/dev/cu.usbserial-576B0005451,"RX,145291,R33,TXC,N31,15,67927,G,1,0.93,0.90,5,U,-43,9.50"
2026-07-05T20:29:30.585+00:00,/dev/cu.usbserial-576B0005451,"RX,145539,R33,TXA,N01,66,68174,C,1,0.81,0.78,5,F,-41,10.25"
2026-07-05T20:29:30.851+00:00,/dev/cu.usbserial-576B0005451,"RX,145805,R33,TXB,N16,32,68439,A,1,0.75,0.72,5,U,-58,9.75"
2026-07-05T20:29:31.335+00:00,/dev/cu.usbserial-576B0005451,"RX,146289,R33,TXE,N61,30,68929,E,1,0.87,0.84,5,U,-46,9.75"
2026-07-05T20:29:31.585+00:00,/dev/cu.usbserial-576B0005451,"RX,146539,R33,TXA,N01,67,69174,D,1,0.24,0.22,5,F,-41,10.25"
2026-07-05T20:29:32.585+00:00,/dev/cu.usbserial-576B0005451,"RX,147539,R33,TXA,N01,68,70174,E,0,0.87,0.84,5,F,-40,10.25"
2026-07-05T20:29:32.851+00:00,/dev/cu.usbserial-576B0005451,"RX,147805,R33,TXB,N16,33,70439,C,1,0.81,0.78,5,U,-58,10.25"
2026-07-05T20:29:33.335+00:00,/dev/cu.usbserial-576B0005451,"RX,148289,R33,TXE,N61,31,70929,G,1,0.93,0.90,5,U,-47,10.00"
2026-07-05T20:29:33.585+00:00,/dev/cu.usbserial-576B0005451,"RX,148539,R33,TXA,N01,69,71174,F,1,0.28,0.26,5,F,-41,10.00"
2026-07-05T20:29:34.086+00:00,/dev/cu.usbserial-576B0005451,"RX,149038,R33,TXF,N76,16,71678,E,0,0.87,0.84,5,U,-40,1.75"
2026-07-05T20:29:34.585+00:00,/dev/cu.usbserial-576B0005451,"RX,149539,R33,TXA,N01,70,72174,G,1,0.93,0.90,5,F,-40,9.75"
2026-07-05T20:29:34.830+00:00,/dev/cu.usbserial-576B0005451,"RX,149785,R33,TXG,N91,7,72425,G,1,0.93,0.90,5,U,-46,4.00"
2026-07-05T20:29:35.335+00:00,/dev/cu.usbserial-576B0005451,"RX,150289,R33,TXE,N61,32,72929,A,1,0.75,0.72,5,U,-47,10.25"
2026-07-05T20:29:35.585+00:00,/dev/cu.usbserial-576B0005451,"RX,150539,R33,TXA,N01,71,73174,H,0,0.32,0.30,5,F,-41,10.00"
2026-07-05T20:29:36.084+00:00,/dev/cu.usbserial-576B0005451,"RX,151038,R33,TXF,N76,17,73678,G,1,0.93,0.90,5,U,-48,10.00"
2026-07-05T20:29:36.337+00:00,/dev/cu.usbserial-576B0005451,"RX,151291,R33,TXC,N31,16,73927,E,0,0.87,0.84,5,U,-43,9.50"
2026-07-05T20:29:36.586+00:00,/dev/cu.usbserial-576B0005451,"RX,151539,R33,TXA,N01,72,74174,A,1,0.75,0.72,5,F,-41,9.75"
2026-07-05T20:29:36.851+00:00,/dev/cu.usbserial-576B0005451,"RX,151805,R33,TXB,N16,35,74439,G,1,0.93,0.90,5,U,-58,9.75"
2026-07-05T20:29:37.335+00:00,/dev/cu.usbserial-576B0005451,"RX,152289,R33,TXE,N61,33,74929,C,1,0.81,0.78,5,U,-47,10.00"
2026-07-05T20:29:37.585+00:00,/dev/cu.usbserial-576B0005451,"RX,152539,R33,TXA,N01,73,75174,B,1,0.20,0.18,5,F,-40,10.00"
2026-07-05T20:29:38.337+00:00,/dev/cu.usbserial-576B0005451,"RX,153291,R33,TXC,N31,17,75927,G,1,0.93,0.90,5,U,-44,9.50"
2026-07-05T20:29:38.585+00:00,/dev/cu.usbserial-576B0005451,"RX,153539,R33,TXA,N01,74,76174,C,0,0.81,0.78,5,F,-40,9.50"
2026-07-05T20:29:38.851+00:00,/dev/cu.usbserial-576B0005451,"RX,153805,R33,TXB,N16,36,76439,A,1,0.75,0.72,5,U,-59,9.75"
2026-07-05T20:29:39.335+00:00,/dev/cu.usbserial-576B0005451,"RX,154289,R33,TXE,N61,34,76929,E,0,0.87,0.84,5,U,-49,10.25"
2026-07-05T20:29:39.585+00:00,/dev/cu.usbserial-576B0005451,"RX,154539,R33,TXA,N01,75,77174,D,1,0.24,0.22,5,F,-39,10.25"
2026-07-05T20:29:40.585+00:00,/dev/cu.usbserial-576B0005451,"RX,155539,R33,TXA,N01,76,78174,E,1,0.87,0.84,5,F,-39,9.50"
2026-07-05T20:29:40.851+00:00,/dev/cu.usbserial-576B0005451,"RX,155805,R33,TXB,N16,37,78439,C,0,0.81,0.78,5,U,-56,9.75"
2026-07-05T20:29:41.335+00:00,/dev/cu.usbserial-576B0005451,"RX,156289,R33,TXE,N61,35,78929,G,1,0.93,0.90,5,U,-49,9.50"
2026-07-05T20:29:41.585+00:00,/dev/cu.usbserial-576B0005451,"RX,156539,R33,TXA,N01,77,79174,F,0,0.28,0.26,5,F,-40,9.75"
2026-07-05T20:29:42.084+00:00,/dev/cu.usbserial-576B0005451,"RX,157038,R33,TXF,N76,18,79678,E,1,0.87,0.84,5,U,-40,-1.50"
2026-07-05T20:29:42.585+00:00,/dev/cu.usbserial-576B0005451,"RX,157539,R33,TXA,N01,78,80174,G,1,0.93,0.90,5,F,-39,10.00"
2026-07-05T20:29:42.830+00:00,/dev/cu.usbserial-576B0005451,"RX,157785,R33,TXG,N91,8,80425,G,1,0.93,0.90,5,U,-45,2.25"
2026-07-05T20:29:43.335+00:00,/dev/cu.usbserial-576B0005451,"RX,158289,R33,TXE,N61,36,80929,A,1,0.75,0.72,5,U,-48,10.25"
2026-07-05T20:29:43.585+00:00,/dev/cu.usbserial-576B0005451,"RX,158539,R33,TXA,N01,79,81174,H,1,0.32,0.30,5,F,-40,10.00"
2026-07-05T20:29:44.084+00:00,/dev/cu.usbserial-576B0005451,"RX,159038,R33,TXF,N76,19,81678,G,1,0.93,0.90,5,U,-49,9.75"
2026-07-05T20:29:44.337+00:00,/dev/cu.usbserial-576B0005451,"RX,159291,R33,TXC,N31,18,81927,E,1,0.87,0.84,5,U,-42,9.00"
2026-07-05T20:29:44.585+00:00,/dev/cu.usbserial-576B0005451,"RX,159539,R33,TXA,N01,80,82174,A,0,0.75,0.72,5,F,-40,9.75"
2026-07-05T20:29:44.850+00:00,/dev/cu.usbserial-576B0005451,"RX,159805,R33,TXB,N16,39,82439,G,1,0.93,0.90,5,U,-57,9.75"
2026-07-05T20:29:45.335+00:00,/dev/cu.usbserial-576B0005451,"RX,160289,R33,TXE,N61,37,82929,C,0,0.81,0.78,5,U,-47,10.25"
2026-07-05T20:29:45.585+00:00,/dev/cu.usbserial-576B0005451,"RX,160539,R33,TXA,N01,81,83174,B,1,0.20,0.18,5,F,-40,9.50"
2026-07-05T20:29:46.337+00:00,/dev/cu.usbserial-576B0005451,"RX,161291,R33,TXC,N31,19,83927,G,1,0.93,0.90,5,U,-41,9.75"
2026-07-05T20:29:46.585+00:00,/dev/cu.usbserial-576B0005451,"RX,161539,R33,TXA,N01,82,84174,C,1,0.81,0.78,5,F,-40,9.75"
2026-07-05T20:29:46.850+00:00,/dev/cu.usbserial-576B0005451,"RX,161805,R33,TXB,N16,40,84439,A,0,0.75,0.72,5,U,-57,10.25"
2026-07-05T20:29:47.335+00:00,/dev/cu.usbserial-576B0005451,"RX,162289,R33,TXE,N61,38,84929,E,1,0.87,0.84,5,U,-47,9.75"
2026-07-05T20:29:47.585+00:00,/dev/cu.usbserial-576B0005451,"RX,162539,R33,TXA,N01,83,85174,D,0,0.24,0.22,5,F,-40,9.50"
2026-07-05T20:29:48.585+00:00,/dev/cu.usbserial-576B0005451,"RX,163539,R33,TXA,N01,84,86174,E,1,0.87,0.84,5,F,-41,10.00"
2026-07-05T20:29:48.851+00:00,/dev/cu.usbserial-576B0005451,"RX,163805,R33,TXB,N16,41,86439,C,1,0.81,0.78,5,U,-57,10.75"
2026-07-05T20:29:49.335+00:00,/dev/cu.usbserial-576B0005451,"RX,164289,R33,TXE,N61,39,86929,G,1,0.93,0.90,5,U,-47,9.50"
2026-07-05T20:29:49.585+00:00,/dev/cu.usbserial-576B0005451,"RX,164539,R33,TXA,N01,85,87174,F,1,0.28,0.26,5,F,-41,10.00"
2026-07-05T20:29:50.084+00:00,/dev/cu.usbserial-576B0005451,"RX,165038,R33,TXF,N76,20,87678,E,1,0.87,0.84,5,U,-41,-2.25"
2026-07-05T20:29:50.585+00:00,/dev/cu.usbserial-576B0005451,"RX,165539,R33,TXA,N01,86,88174,G,0,0.93,0.90,5,F,-39,9.50"
2026-07-05T20:29:50.830+00:00,/dev/cu.usbserial-576B0005451,"RX,165785,R33,TXG,N91,9,88425,G,1,0.93,0.90,5,U,-48,2.25"
2026-07-05T20:29:51.335+00:00,/dev/cu.usbserial-576B0005451,"RX,166289,R33,TXE,N61,40,88929,A,0,0.75,0.72,5,U,-44,9.50"
2026-07-05T20:29:51.585+00:00,/dev/cu.usbserial-576B0005451,"RX,166539,R33,TXA,N01,87,89174,H,1,0.32,0.30,5,F,-40,10.00"
2026-07-05T20:29:52.084+00:00,/dev/cu.usbserial-576B0005451,"RX,167038,R33,TXF,N76,21,89678,G,0,0.93,0.90,5,U,-49,10.00"
2026-07-05T20:29:52.337+00:00,/dev/cu.usbserial-576B0005451,"RX,167291,R33,TXC,N31,20,89927,E,1,0.87,0.84,5,U,-37,3.25"
2026-07-05T20:29:52.585+00:00,/dev/cu.usbserial-576B0005451,"RX,167539,R33,TXA,N01,88,90174,A,1,0.75,0.72,5,F,-39,9.75"
2026-07-05T20:29:52.851+00:00,/dev/cu.usbserial-576B0005451,"RX,167805,R33,TXB,N16,43,90439,G,0,0.93,0.90,5,U,-59,9.50"
2026-07-05T20:29:53.335+00:00,/dev/cu.usbserial-576B0005451,"RX,168289,R33,TXE,N61,41,90929,C,1,0.81,0.78,5,U,-46,9.50"
2026-07-05T20:29:53.585+00:00,/dev/cu.usbserial-576B0005451,"RX,168539,R33,TXA,N01,89,91174,B,0,0.20,0.18,5,F,-41,10.00"
2026-07-05T20:29:54.337+00:00,/dev/cu.usbserial-576B0005451,"RX,169291,R33,TXC,N31,21,91927,G,0,0.93,0.90,5,U,-39,9.75"
2026-07-05T20:29:54.585+00:00,/dev/cu.usbserial-576B0005451,"RX,169539,R33,TXA,N01,90,92174,C,1,0.81,0.78,5,F,-40,9.50"
2026-07-05T20:29:54.851+00:00,/dev/cu.usbserial-576B0005451,"RX,169805,R33,TXB,N16,44,92439,A,1,0.75,0.72,5,U,-59,9.50"
2026-07-05T20:29:55.335+00:00,/dev/cu.usbserial-576B0005451,"RX,170289,R33,TXE,N61,42,92929,E,1,0.87,0.84,5,U,-45,9.75"
2026-07-05T20:29:55.585+00:00,/dev/cu.usbserial-576B0005451,"RX,170539,R33,TXA,N01,91,93174,D,1,0.24,0.22,5,F,-40,10.00"
2026-07-05T20:29:56.585+00:00,/dev/cu.usbserial-576B0005451,"RX,171539,R33,TXA,N01,92,94174,E,0,0.87,0.84,5,F,-42,10.25"
2026-07-05T20:29:56.850+00:00,/dev/cu.usbserial-576B0005451,"RX,171805,R33,TXB,N16,45,94439,C,1,0.81,0.78,5,U,-59,10.25"
2026-07-05T20:29:57.335+00:00,/dev/cu.usbserial-576B0005451,"RX,172289,R33,TXE,N61,43,94929,G,0,0.93,0.90,5,U,-44,10.00"
2026-07-05T20:29:57.585+00:00,/dev/cu.usbserial-576B0005451,"RX,172539,R33,TXA,N01,93,95174,F,1,0.28,0.26,5,F,-42,10.00"
2026-07-05T20:29:58.084+00:00,/dev/cu.usbserial-576B0005451,"RX,173038,R33,TXF,N76,22,95678,E,0,0.87,0.84,5,U,-41,-1.00"
2026-07-05T20:29:58.585+00:00,/dev/cu.usbserial-576B0005451,"RX,173539,R33,TXA,N01,94,96174,G,1,0.93,0.90,5,F,-40,9.75"
2026-07-05T20:29:58.831+00:00,/dev/cu.usbserial-576B0005451,"RX,173785,R33,TXG,N91,10,96425,G,0,0.93,0.90,5,U,-42,6.75"
2026-07-05T20:29:59.335+00:00,/dev/cu.usbserial-576B0005451,"RX,174289,R33,TXE,N61,44,96929,A,1,0.75,0.72,5,U,-47,10.00"
2026-07-05T20:29:59.585+00:00,/dev/cu.usbserial-576B0005451,"RX,174539,R33,TXA,N01,95,97174,H,0,0.32,0.30,5,F,-40,9.75"
2026-07-05T20:30:00.084+00:00,/dev/cu.usbserial-576B0005451,"RX,175038,R33,TXF,N76,23,97678,G,1,0.93,0.90,5,U,-50,9.75"
2026-07-05T20:30:00.337+00:00,/dev/cu.usbserial-576B0005451,"RX,175291,R33,TXC,N31,22,97927,E,0,0.87,0.84,5,U,-38,8.50"
2026-07-05T20:30:00.585+00:00,/dev/cu.usbserial-576B0005451,"RX,175539,R33,TXA,N01,96,98174,A,1,0.75,0.72,5,F,-40,10.00"
2026-07-05T20:30:00.851+00:00,/dev/cu.usbserial-576B0005451,"RX,175805,R33,TXB,N16,47,98439,G,1,0.93,0.90,5,U,-57,10.50"
2026-07-05T20:30:01.335+00:00,/dev/cu.usbserial-576B0005451,"RX,176289,R33,TXE,N61,45,98929,C,1,0.81,0.78,5,U,-48,9.50"
2026-07-05T20:30:01.585+00:00,/dev/cu.usbserial-576B0005451,"RX,176539,R33,TXA,N01,97,99174,B,1,0.20,0.18,5,F,-41,10.25"
2026-07-05T20:30:02.337+00:00,/dev/cu.usbserial-576B0005451,"RX,177291,R33,TXC,N31,23,99927,G,1,0.93,0.90,5,U,-40,9.75"
2026-07-05T20:30:02.585+00:00,/dev/cu.usbserial-576B0005451,"RX,177539,R33,TXA,N01,98,100174,C,0,0.81,0.78,5,F,-40,9.75"
2026-07-05T20:30:02.851+00:00,/dev/cu.usbserial-576B0005451,"RX,177805,R33,TXB,N16,48,100439,A,1,0.75,0.72,5,U,-57,9.25"
2026-07-05T20:30:03.336+00:00,/dev/cu.usbserial-576B0005451,"RX,178289,R33,TXE,N61,46,100929,E,0,0.87,0.84,5,U,-47,9.75"
2026-07-05T20:30:03.585+00:00,/dev/cu.usbserial-576B0005451,"RX,178539,R33,TXA,N01,99,101174,D,1,0.24,0.22,5,F,-40,10.50"
2026-07-05T20:30:04.585+00:00,/dev/cu.usbserial-576B0005451,"RX,179539,R33,TXA,N01,100,102174,E,1,0.87,0.84,5,F,-40,9.50"
2026-07-05T20:30:04.851+00:00,/dev/cu.usbserial-576B0005451,"RX,179805,R33,TXB,N16,49,102439,C,0,0.81,0.78,5,U,-56,9.75"
2026-07-05T20:30:05.336+00:00,/dev/cu.usbserial-576B0005451,"RX,180289,R33,TXE,N61,47,102929,G,1,0.93,0.90,5,U,-48,9.25"
2026-07-05T20:30:05.586+00:00,/dev/cu.usbserial-576B0005451,"RX,180539,R33,TXA,N01,101,103174,F,0,0.28,0.26,5,F,-40,10.00"
2026-07-05T20:30:06.585+00:00,/dev/cu.usbserial-576B0005451,"RX,181539,R33,TXA,N01,102,104174,G,1,0.93,0.90,5,F,-40,9.75"
2026-07-05T20:30:06.831+00:00,/dev/cu.usbserial-576B0005451,"RX,181785,R33,TXG,N91,11,104425,G,1,0.93,0.90,5,U,-43,4.25"
2026-07-05T20:30:07.336+00:00,/dev/cu.usbserial-576B0005451,"RX,182289,R33,TXE,N61,48,104929,A,1,0.75,0.72,5,U,-48,9.50"
2026-07-05T20:30:07.586+00:00,/dev/cu.usbserial-576B0005451,"RX,182539,R33,TXA,N01,103,105174,H,1,0.32,0.30,5,F,-40,9.75"
2026-07-05T20:30:08.084+00:00,/dev/cu.usbserial-576B0005451,"RX,183038,R33,TXF,N76,25,105678,G,1,0.93,0.90,5,U,-53,9.75"
2026-07-05T20:30:08.337+00:00,/dev/cu.usbserial-576B0005451,"RX,183291,R33,TXC,N31,24,105927,E,1,0.87,0.84,5,U,-40,9.25"
2026-07-05T20:30:08.586+00:00,/dev/cu.usbserial-576B0005451,"RX,183539,R33,TXA,N01,104,106174,A,0,0.75,0.72,5,F,-40,10.00"
2026-07-05T20:30:08.851+00:00,/dev/cu.usbserial-576B0005451,"RX,183805,R33,TXB,N16,51,106439,G,1,0.93,0.90,5,U,-57,9.75"
2026-07-05T20:30:09.335+00:00,/dev/cu.usbserial-576B0005451,"RX,184289,R33,TXE,N61,49,106929,C,0,0.81,0.78,5,U,-49,9.25"
2026-07-05T20:30:09.585+00:00,/dev/cu.usbserial-576B0005451,"RX,184539,R33,TXA,N01,105,107174,B,1,0.20,0.18,5,F,-39,9.75"
2026-07-05T20:30:10.338+00:00,/dev/cu.usbserial-576B0005451,"RX,185291,R33,TXC,N31,25,107927,G,1,0.93,0.90,5,U,-39,10.50"
2026-07-05T20:30:10.586+00:00,/dev/cu.usbserial-576B0005451,"RX,185539,R33,TXA,N01,106,108174,C,1,0.81,0.78,5,F,-40,9.50"
2026-07-05T20:30:10.851+00:00,/dev/cu.usbserial-576B0005451,"RX,185805,R33,TXB,N16,52,108439,A,0,0.75,0.72,5,U,-57,10.25"
2026-07-05T20:30:11.336+00:00,/dev/cu.usbserial-576B0005451,"RX,186289,R33,TXE,N61,50,108929,E,1,0.87,0.84,5,U,-48,9.50"
2026-07-05T20:30:11.586+00:00,/dev/cu.usbserial-576B0005451,"RX,186539,R33,TXA,N01,107,109174,D,0,0.24,0.22,5,F,-39,9.75"
2026-07-05T20:30:12.586+00:00,/dev/cu.usbserial-576B0005451,"RX,187539,R33,TXA,N01,108,110174,E,1,0.87,0.84,5,F,-39,9.50"
2026-07-05T20:30:12.851+00:00,/dev/cu.usbserial-576B0005451,"RX,187805,R33,TXB,N16,53,110439,C,1,0.81,0.78,5,U,-57,9.75"
2026-07-05T20:30:13.336+00:00,/dev/cu.usbserial-576B0005451,"RX,188289,R33,TXE,N61,51,110929,G,1,0.93,0.90,5,U,-46,9.25"
2026-07-05T20:30:13.586+00:00,/dev/cu.usbserial-576B0005451,"RX,188539,R33,TXA,N01,109,111174,F,1,0.28,0.26,5,F,-40,9.75"
2026-07-05T20:30:14.586+00:00,/dev/cu.usbserial-576B0005451,"RX,189539,R33,TXA,N01,110,112174,G,0,0.93,0.90,5,F,-40,9.75"
2026-07-05T20:30:14.831+00:00,/dev/cu.usbserial-576B0005451,"RX,189785,R33,TXG,N91,12,112425,G,1,0.93,0.90,5,U,-43,4.25"
2026-07-05T20:30:15.336+00:00,/dev/cu.usbserial-576B0005451,"RX,190289,R33,TXE,N61,52,112929,A,0,0.75,0.72,5,U,-48,9.25"
2026-07-05T20:30:15.586+00:00,/dev/cu.usbserial-576B0005451,"RX,190539,R33,TXA,N01,111,113174,H,1,0.32,0.30,5,F,-40,9.50"
2026-07-05T20:30:16.083+00:00,/dev/cu.usbserial-576B0005451,"RX,191038,R33,TXF,N76,27,113678,G,0,0.93,0.90,5,U,-53,9.75"
2026-07-05T20:30:16.337+00:00,/dev/cu.usbserial-576B0005451,"RX,191291,R33,TXC,N31,26,113927,E,1,0.87,0.84,5,U,-40,9.50"
2026-07-05T20:30:16.586+00:00,/dev/cu.usbserial-576B0005451,"RX,191539,R33,TXA,N01,112,114174,A,1,0.75,0.72,5,F,-40,9.50"
2026-07-05T20:30:16.851+00:00,/dev/cu.usbserial-576B0005451,"RX,191805,R33,TXB,N16,55,114439,G,0,0.93,0.90,5,U,-57,9.75"
2026-07-05T20:30:17.336+00:00,/dev/cu.usbserial-576B0005451,"RX,192289,R33,TXE,N61,53,114929,C,1,0.81,0.78,5,U,-48,9.50"
2026-07-05T20:30:17.586+00:00,/dev/cu.usbserial-576B0005451,"RX,192539,R33,TXA,N01,113,115174,B,0,0.20,0.18,5,F,-40,9.50"
2026-07-05T20:30:18.337+00:00,/dev/cu.usbserial-576B0005451,"RX,193291,R33,TXC,N31,27,115927,G,0,0.93,0.90,5,U,-40,9.75"
2026-07-05T20:30:18.586+00:00,/dev/cu.usbserial-576B0005451,"RX,193539,R33,TXA,N01,114,116174,C,1,0.81,0.78,5,F,-40,10.25"
2026-07-05T20:30:18.851+00:00,/dev/cu.usbserial-576B0005451,"RX,193805,R33,TXB,N16,56,116439,A,1,0.75,0.72,5,U,-57,9.75"
2026-07-05T20:30:19.336+00:00,/dev/cu.usbserial-576B0005451,"RX,194289,R33,TXE,N61,54,116929,E,1,0.87,0.84,5,U,-48,9.00"
2026-07-05T20:30:19.586+00:00,/dev/cu.usbserial-576B0005451,"RX,194539,R33,TXA,N01,115,117174,D,1,0.24,0.22,5,F,-40,10.00"
2026-07-05T20:30:20.586+00:00,/dev/cu.usbserial-576B0005451,"RX,195539,R33,TXA,N01,116,118174,E,0,0.87,0.84,5,F,-40,9.75"
2026-07-05T20:30:20.851+00:00,/dev/cu.usbserial-576B0005451,"RX,195805,R33,TXB,N16,57,118439,C,1,0.81,0.78,5,U,-56,9.75"
2026-07-05T20:30:21.336+00:00,/dev/cu.usbserial-576B0005451,"RX,196289,R33,TXE,N61,55,118929,G,0,0.93,0.90,5,U,-48,9.00"
2026-07-05T20:30:21.586+00:00,/dev/cu.usbserial-576B0005451,"RX,196539,R33,TXA,N01,117,119174,F,1,0.28,0.26,5,F,-40,9.50"
2026-07-05T20:30:22.586+00:00,/dev/cu.usbserial-576B0005451,"RX,197539,R33,TXA,N01,118,120174,G,1,0.93,0.90,5,F,-40,9.50"
2026-07-05T20:30:22.831+00:00,/dev/cu.usbserial-576B0005451,"RX,197785,R33,TXG,N91,13,120425,G,0,0.93,0.90,5,U,-43,5.50"
2026-07-05T20:30:23.335+00:00,/dev/cu.usbserial-576B0005451,"RX,198289,R33,TXE,N61,56,120929,A,1,0.75,0.72,5,U,-45,9.50"
2026-07-05T20:30:23.586+00:00,/dev/cu.usbserial-576B0005451,"RX,198539,R33,TXA,N01,119,121174,H,0,0.32,0.30,5,F,-39,9.75"
2026-07-05T20:30:24.084+00:00,/dev/cu.usbserial-576B0005451,"RX,199038,R33,TXF,N76,29,121678,G,1,0.93,0.90,5,U,-51,9.50"
2026-07-05T20:30:24.337+00:00,/dev/cu.usbserial-576B0005451,"RX,199291,R33,TXC,N31,28,121927,E,0,0.87,0.84,5,U,-41,9.50"
2026-07-05T20:30:24.851+00:00,/dev/cu.usbserial-576B0005451,"RX,199805,R33,TXB,N16,59,122439,G,1,0.93,0.90,5,U,-57,9.75"
2026-07-05T20:30:25.336+00:00,/dev/cu.usbserial-576B0005451,"RX,200289,R33,TXE,N61,57,122929,C,1,0.81,0.78,5,U,-47,9.50"
2026-07-05T20:30:25.586+00:00,/dev/cu.usbserial-576B0005451,"RX,200539,R33,TXA,N01,121,123174,B,1,0.20,0.18,5,F,-40,9.75"
2026-07-05T20:30:26.337+00:00,/dev/cu.usbserial-576B0005451,"RX,201291,R33,TXC,N31,29,123927,G,1,0.93,0.90,5,U,-40,9.50"
2026-07-05T20:30:26.586+00:00,/dev/cu.usbserial-576B0005451,"RX,201539,R33,TXA,N01,122,124174,C,0,0.81,0.78,5,F,-40,9.50"
2026-07-05T20:30:26.851+00:00,/dev/cu.usbserial-576B0005451,"RX,201805,R33,TXB,N16,60,124439,A,1,0.75,0.72,5,U,-57,10.00"
2026-07-05T20:30:27.336+00:00,/dev/cu.usbserial-576B0005451,"RX,202289,R33,TXE,N61,58,124929,E,0,0.87,0.84,5,U,-47,9.75"
2026-07-05T20:30:27.585+00:00,/dev/cu.usbserial-576B0005451,"RX,202539,R33,TXA,N01,123,125174,D,1,0.24,0.22,5,F,-39,9.75"
2026-07-05T20:30:28.586+00:00,/dev/cu.usbserial-576B0005451,"RX,203539,R33,TXA,N01,124,126174,E,1,0.87,0.84,5,F,-42,9.75"
2026-07-05T20:30:28.851+00:00,/dev/cu.usbserial-576B0005451,"RX,203805,R33,TXB,N16,61,126439,C,0,0.81,0.78,5,U,-57,9.25"
2026-07-05T20:30:29.336+00:00,/dev/cu.usbserial-576B0005451,"RX,204289,R33,TXE,N61,59,126929,G,1,0.93,0.90,5,U,-45,9.75"
2026-07-05T20:30:29.586+00:00,/dev/cu.usbserial-576B0005451,"RX,204539,R33,TXA,N01,125,127174,F,0,0.28,0.26,5,F,-43,10.00"
2026-07-05T20:30:30.586+00:00,/dev/cu.usbserial-576B0005451,"RX,205539,R33,TXA,N01,126,128174,G,1,0.93,0.90,5,F,-41,9.50"
2026-07-05T20:30:30.831+00:00,/dev/cu.usbserial-576B0005451,"RX,205785,R33,TXG,N91,14,128425,G,1,0.93,0.90,5,U,-48,1.75"
2026-07-05T20:30:31.336+00:00,/dev/cu.usbserial-576B0005451,"RX,206290,R33,TXE,N61,60,128929,A,1,0.75,0.72,5,U,-43,9.00"
2026-07-05T20:30:31.586+00:00,/dev/cu.usbserial-576B0005451,"RX,206539,R33,TXA,N01,127,129174,H,1,0.32,0.30,5,F,-41,10.00"
2026-07-05T20:30:32.084+00:00,/dev/cu.usbserial-576B0005451,"RX,207038,R33,TXF,N76,31,129678,G,1,0.93,0.90,5,U,-47,9.75"
2026-07-05T20:30:32.337+00:00,/dev/cu.usbserial-576B0005451,"RX,207291,R33,TXC,N31,30,129927,E,1,0.87,0.84,5,U,-39,9.75"
2026-07-05T20:30:32.585+00:00,/dev/cu.usbserial-576B0005451,"RX,207539,R33,TXA,N01,128,130174,A,1,0.75,0.72,5,F,-41,9.75"
2026-07-05T20:30:32.851+00:00,/dev/cu.usbserial-576B0005451,"RX,207805,R33,TXB,N16,63,130439,G,1,0.93,0.90,5,U,-60,9.25"
2026-07-05T20:30:33.336+00:00,/dev/cu.usbserial-576B0005451,"RX,208289,R33,TXE,N61,61,130929,C,0,0.81,0.78,5,U,-45,9.50"
2026-07-05T20:30:33.586+00:00,/dev/cu.usbserial-576B0005451,"RX,208539,R33,TXA,N01,129,131174,B,0,0.20,0.18,5,F,-40,9.75"
2026-07-05T20:30:34.337+00:00,/dev/cu.usbserial-576B0005451,"RX,209291,R33,TXC,N31,31,131927,G,1,0.93,0.90,5,U,-39,9.75"
2026-07-05T20:30:34.586+00:00,/dev/cu.usbserial-576B0005451,"RX,209539,R33,TXA,N01,130,132174,C,1,0.81,0.78,5,F,-40,9.75"
2026-07-05T20:30:34.851+00:00,/dev/cu.usbserial-576B0005451,"RX,209805,R33,TXB,N16,64,132439,A,1,0.75,0.72,5,U,-59,10.00"
2026-07-05T20:30:35.336+00:00,/dev/cu.usbserial-576B0005451,"RX,210290,R33,TXE,N61,62,132929,E,1,0.87,0.84,5,U,-44,10.00"
2026-07-05T20:30:35.586+00:00,/dev/cu.usbserial-576B0005451,"RX,210539,R33,TXA,N01,131,133174,D,1,0.24,0.22,5,F,-41,10.00"
2026-07-05T20:30:36.586+00:00,/dev/cu.usbserial-576B0005451,"RX,211539,R33,TXA,N01,132,134174,E,0,0.87,0.84,5,F,-41,9.75"
2026-07-05T20:30:36.851+00:00,/dev/cu.usbserial-576B0005451,"RX,211805,R33,TXB,N16,65,134439,C,1,0.81,0.78,5,U,-59,8.75"
2026-07-05T20:30:37.336+00:00,/dev/cu.usbserial-576B0005451,"RX,212290,R33,TXE,N61,63,134929,G,1,0.93,0.90,5,U,-46,9.50"
2026-07-05T20:30:37.586+00:00,/dev/cu.usbserial-576B0005451,"RX,212539,R33,TXA,N01,133,135174,F,1,0.28,0.26,5,F,-41,9.50"
2026-07-05T20:30:38.586+00:00,/dev/cu.usbserial-576B0005451,"RX,213539,R33,TXA,N01,134,136174,G,1,0.93,0.90,5,F,-42,9.50"
2026-07-05T20:30:38.831+00:00,/dev/cu.usbserial-576B0005451,"RX,213785,R33,TXG,N91,15,136425,G,1,0.93,0.90,5,U,-44,4.25"
2026-07-05T20:30:39.336+00:00,/dev/cu.usbserial-576B0005451,"RX,214290,R33,TXE,N61,64,136929,A,1,0.75,0.72,5,U,-47,9.75"
2026-07-05T20:30:39.586+00:00,/dev/cu.usbserial-576B0005451,"RX,214539,R33,TXA,N01,135,137174,H,0,0.32,0.30,5,F,-41,9.50"
2026-07-05T20:30:40.084+00:00,/dev/cu.usbserial-576B0005451,"RX,215038,R33,TXF,N76,33,137678,G,1,0.93,0.90,5,U,-45,9.75"
2026-07-05T20:30:40.337+00:00,/dev/cu.usbserial-576B0005451,"RX,215291,R33,TXC,N31,32,137927,E,0,0.87,0.84,5,U,-41,9.75"
2026-07-05T20:30:40.586+00:00,/dev/cu.usbserial-576B0005451,"RX,215539,R33,TXA,N01,136,138174,A,1,0.75,0.72,5,F,-39,10.00"
2026-07-05T20:30:40.851+00:00,/dev/cu.usbserial-576B0005451,"RX,215805,R33,TXB,N16,67,138439,G,1,0.93,0.90,5,U,-56,9.25"
2026-07-05T20:30:41.336+00:00,/dev/cu.usbserial-576B0005451,"RX,216289,R33,TXE,N61,65,138929,C,1,0.81,0.78,5,U,-47,9.75"
2026-07-05T20:30:41.586+00:00,/dev/cu.usbserial-576B0005451,"RX,216539,R33,TXA,N01,137,139174,B,1,0.20,0.18,5,F,-39,9.25"
2026-07-05T20:30:42.337+00:00,/dev/cu.usbserial-576B0005451,"RX,217291,R33,TXC,N31,33,139927,G,1,0.93,0.90,5,U,-41,9.50"
2026-07-05T20:30:42.586+00:00,/dev/cu.usbserial-576B0005451,"RX,217539,R33,TXA,N01,138,140174,C,0,0.81,0.78,5,F,-39,10.00"
2026-07-05T20:30:42.851+00:00,/dev/cu.usbserial-576B0005451,"RX,217805,R33,TXB,N16,68,140439,A,1,0.75,0.72,5,U,-57,9.50"
2026-07-05T20:30:43.336+00:00,/dev/cu.usbserial-576B0005451,"RX,218289,R33,TXE,N61,66,140929,E,0,0.87,0.84,5,U,-47,9.50"
2026-07-05T20:30:43.586+00:00,/dev/cu.usbserial-576B0005451,"RX,218539,R33,TXA,N01,139,141174,D,1,0.24,0.22,5,F,-38,9.75"
2026-07-05T20:30:44.586+00:00,/dev/cu.usbserial-576B0005451,"RX,219539,R33,TXA,N01,140,142174,E,1,0.87,0.84,5,F,-39,9.75"
2026-07-05T20:30:44.851+00:00,/dev/cu.usbserial-576B0005451,"RX,219805,R33,TXB,N16,69,142439,C,0,0.81,0.78,5,U,-56,9.75"
2026-07-05T20:30:45.336+00:00,/dev/cu.usbserial-576B0005451,"RX,220290,R33,TXE,N61,67,142929,G,1,0.93,0.90,5,U,-47,9.75"
2026-07-05T20:30:45.586+00:00,/dev/cu.usbserial-576B0005451,"RX,220539,R33,TXA,N01,141,143174,F,0,0.28,0.26,5,F,-38,9.75"
2026-07-05T20:30:46.586+00:00,/dev/cu.usbserial-576B0005451,"RX,221539,R33,TXA,N01,142,144174,G,1,0.93,0.90,5,F,-39,9.50"
2026-07-05T20:30:46.831+00:00,/dev/cu.usbserial-576B0005451,"RX,221785,R33,TXG,N91,16,144425,G,1,0.93,0.90,5,U,-42,5.00"
2026-07-05T20:30:47.336+00:00,/dev/cu.usbserial-576B0005451,"RX,222289,R33,TXE,N61,68,144929,A,1,0.75,0.72,5,U,-48,9.25"
2026-07-05T20:30:47.586+00:00,/dev/cu.usbserial-576B0005451,"RX,222539,R33,TXA,N01,143,145174,H,1,0.32,0.30,5,F,-39,9.50"
2026-07-05T20:30:48.084+00:00,/dev/cu.usbserial-576B0005451,"RX,223038,R33,TXF,N76,35,145678,G,1,0.93,0.90,5,U,-52,9.50"
2026-07-05T20:30:48.337+00:00,/dev/cu.usbserial-576B0005451,"RX,223291,R33,TXC,N31,34,145927,E,1,0.87,0.84,5,U,-41,7.25"
2026-07-05T20:30:48.586+00:00,/dev/cu.usbserial-576B0005451,"RX,223539,R33,TXA,N01,144,146174,A,0,0.75,0.72,5,F,-40,10.00"
2026-07-05T20:30:48.851+00:00,/dev/cu.usbserial-576B0005451,"RX,223805,R33,TXB,N16,71,146439,G,1,0.93,0.90,5,U,-56,9.50"
2026-07-05T20:30:49.336+00:00,/dev/cu.usbserial-576B0005451,"RX,224289,R33,TXE,N61,69,146929,C,0,0.81,0.78,5,U,-47,10.00"
2026-07-05T20:30:49.586+00:00,/dev/cu.usbserial-576B0005451,"RX,224539,R33,TXA,N01,145,147174,B,1,0.20,0.18,5,F,-39,9.25"
2026-07-05T20:30:50.337+00:00,/dev/cu.usbserial-576B0005451,"RX,225291,R33,TXC,N31,35,147927,G,1,0.93,0.90,5,U,-39,9.00"
2026-07-05T20:30:50.586+00:00,/dev/cu.usbserial-576B0005451,"RX,225539,R33,TXA,N01,146,148174,C,1,0.81,0.78,5,F,-39,9.50"
2026-07-05T20:30:50.851+00:00,/dev/cu.usbserial-576B0005451,"RX,225805,R33,TXB,N16,72,148439,A,0,0.75,0.72,5,U,-56,9.25"
2026-07-05T20:30:51.336+00:00,/dev/cu.usbserial-576B0005451,"RX,226289,R33,TXE,N61,70,148929,E,1,0.87,0.84,5,U,-47,9.75"
2026-07-05T20:30:51.586+00:00,/dev/cu.usbserial-576B0005451,"RX,226539,R33,TXA,N01,147,149174,D,0,0.24,0.22,5,F,-40,9.50"
2026-07-05T20:30:52.586+00:00,/dev/cu.usbserial-576B0005451,"RX,227539,R33,TXA,N01,148,150174,E,1,0.87,0.84,5,F,-39,9.25"
2026-07-05T20:30:52.852+00:00,/dev/cu.usbserial-576B0005451,"RX,227805,R33,TXB,N16,73,150439,C,1,0.81,0.78,5,U,-57,9.50"
2026-07-05T20:30:53.336+00:00,/dev/cu.usbserial-576B0005451,"RX,228290,R33,TXE,N61,71,150929,G,1,0.93,0.90,5,U,-47,9.25"
2026-07-05T20:30:53.586+00:00,/dev/cu.usbserial-576B0005451,"RX,228539,R33,TXA,N01,149,151174,F,1,0.28,0.26,5,F,-40,9.75"
2026-07-05T20:30:54.586+00:00,/dev/cu.usbserial-576B0005451,"RX,229539,R33,TXA,N01,150,152174,G,0,0.93,0.90,5,F,-39,9.75"
2026-07-05T20:30:54.831+00:00,/dev/cu.usbserial-576B0005451,"RX,229785,R33,TXG,N91,17,152425,G,1,0.93,0.90,5,U,-43,4.75"
2026-07-05T20:30:55.336+00:00,/dev/cu.usbserial-576B0005451,"RX,230290,R33,TXE,N61,72,152929,A,0,0.75,0.72,5,U,-48,9.75"
2026-07-05T20:30:55.586+00:00,/dev/cu.usbserial-576B0005451,"RX,230539,R33,TXA,N01,151,153174,H,1,0.32,0.30,5,F,-39,9.50"
2026-07-05T20:30:56.084+00:00,/dev/cu.usbserial-576B0005451,"RX,231038,R33,TXF,N76,37,153678,G,0,0.93,0.90,5,U,-52,9.25"
2026-07-05T20:30:56.337+00:00,/dev/cu.usbserial-576B0005451,"RX,231291,R33,TXC,N31,36,153927,E,1,0.87,0.84,5,U,-39,7.75"
2026-07-05T20:30:56.586+00:00,/dev/cu.usbserial-576B0005451,"RX,231539,R33,TXA,N01,152,154174,A,1,0.75,0.72,5,F,-39,9.50"
2026-07-05T20:30:56.851+00:00,/dev/cu.usbserial-576B0005451,"RX,231805,R33,TXB,N16,75,154439,G,0,0.93,0.90,5,U,-56,9.50"
2026-07-05T20:30:57.337+00:00,/dev/cu.usbserial-576B0005451,"RX,232290,R33,TXE,N61,73,154929,C,1,0.81,0.78,5,U,-47,9.50"
2026-07-05T20:30:57.586+00:00,/dev/cu.usbserial-576B0005451,"RX,232539,R33,TXA,N01,153,155174,B,0,0.20,0.18,5,F,-39,9.25"
2026-07-05T20:30:58.337+00:00,/dev/cu.usbserial-576B0005451,"RX,233291,R33,TXC,N31,37,155927,G,0,0.93,0.90,5,U,-40,10.00"
2026-07-05T20:30:58.586+00:00,/dev/cu.usbserial-576B0005451,"RX,233539,R33,TXA,N01,154,156174,C,1,0.81,0.78,5,F,-39,9.50"
2026-07-05T20:30:58.851+00:00,/dev/cu.usbserial-576B0005451,"RX,233805,R33,TXB,N16,76,156439,A,1,0.75,0.72,5,U,-56,9.75"
2026-07-05T20:30:59.336+00:00,/dev/cu.usbserial-576B0005451,"RX,234290,R33,TXE,N61,74,156929,E,1,0.87,0.84,5,U,-46,9.75"
2026-07-05T20:30:59.586+00:00,/dev/cu.usbserial-576B0005451,"RX,234539,R33,TXA,N01,155,157174,D,1,0.24,0.22,5,F,-40,9.75"
2026-07-05T20:31:00.585+00:00,/dev/cu.usbserial-576B0005451,"RX,235539,R33,TXA,N01,156,158174,E,0,0.87,0.84,5,F,-40,9.50"
2026-07-05T20:31:00.851+00:00,/dev/cu.usbserial-576B0005451,"RX,235805,R33,TXB,N16,77,158439,C,1,0.81,0.78,5,U,-57,9.75"
2026-07-05T20:31:01.335+00:00,/dev/cu.usbserial-576B0005451,"RX,236290,R33,TXE,N61,75,158929,G,0,0.93,0.90,5,U,-48,9.50"
2026-07-05T20:31:01.586+00:00,/dev/cu.usbserial-576B0005451,"RX,236539,R33,TXA,N01,157,159174,F,1,0.28,0.26,5,F,-40,9.25"
2026-07-05T20:31:02.586+00:00,/dev/cu.usbserial-576B0005451,"RX,237539,R33,TXA,N01,158,160174,G,1,0.93,0.90,5,F,-39,9.00"
2026-07-05T20:31:02.832+00:00,/dev/cu.usbserial-576B0005451,"RX,237785,R33,TXG,N91,18,160425,G,0,0.93,0.90,5,U,-45,3.75"
2026-07-05T20:31:03.340+00:00,/dev/cu.usbserial-576B0005451,"RX,238290,R33,TXE,N61,76,160929,A,1,0.75,0.72,5,U,-47,10.00"
2026-07-05T20:31:03.586+00:00,/dev/cu.usbserial-576B0005451,"RX,238539,R33,TXA,N01,159,161174,H,0,0.32,0.30,5,F,-39,10.00"
2026-07-05T20:31:04.084+00:00,/dev/cu.usbserial-576B0005451,"RX,239038,R33,TXF,N76,39,161678,G,1,0.93,0.90,5,U,-53,9.50"
2026-07-05T20:31:04.337+00:00,/dev/cu.usbserial-576B0005451,"RX,239291,R33,TXC,N31,38,161927,E,0,0.87,0.84,5,U,-41,8.25"
2026-07-05T20:31:04.586+00:00,/dev/cu.usbserial-576B0005451,"RX,239539,R33,TXA,N01,160,162174,A,1,0.75,0.72,5,F,-40,9.75"
2026-07-05T20:31:04.852+00:00,/dev/cu.usbserial-576B0005451,"RX,239805,R33,TXB,N16,79,162439,G,1,0.93,0.90,5,U,-57,9.75"
2026-07-05T20:31:05.336+00:00,/dev/cu.usbserial-576B0005451,"RX,240290,R33,TXE,N61,77,162929,C,1,0.81,0.78,5,U,-46,9.75"
2026-07-05T20:31:05.586+00:00,/dev/cu.usbserial-576B0005451,"RX,240539,R33,TXA,N01,161,163174,B,1,0.20,0.18,5,F,-40,9.75"
2026-07-05T20:31:06.337+00:00,/dev/cu.usbserial-576B0005451,"RX,241291,R33,TXC,N31,39,163927,G,1,0.93,0.90,5,U,-40,9.75"
2026-07-05T20:31:06.586+00:00,/dev/cu.usbserial-576B0005451,"RX,241539,R33,TXA,N01,162,164174,C,0,0.81,0.78,5,F,-39,9.75"
2026-07-05T20:31:06.851+00:00,/dev/cu.usbserial-576B0005451,"RX,241805,R33,TXB,N16,80,164439,A,1,0.75,0.72,5,U,-57,9.75"
2026-07-05T20:31:07.336+00:00,/dev/cu.usbserial-576B0005451,"RX,242290,R33,TXE,N61,78,164929,E,0,0.87,0.84,5,U,-47,9.50"
2026-07-05T20:31:07.586+00:00,/dev/cu.usbserial-576B0005451,"RX,242539,R33,TXA,N01,163,165174,D,1,0.24,0.22,5,F,-40,9.75"
2026-07-05T20:31:08.586+00:00,/dev/cu.usbserial-576B0005451,"RX,243539,R33,TXA,N01,164,166174,E,1,0.87,0.84,5,F,-39,9.50"
2026-07-05T20:31:08.851+00:00,/dev/cu.usbserial-576B0005451,"RX,243805,R33,TXB,N16,81,166439,C,0,0.81,0.78,5,U,-57,9.50"
2026-07-05T20:31:09.336+00:00,/dev/cu.usbserial-576B0005451,"RX,244289,R33,TXE,N61,79,166929,G,1,0.93,0.90,5,U,-47,9.75"
2026-07-05T20:31:09.586+00:00,/dev/cu.usbserial-576B0005451,"RX,244539,R33,TXA,N01,165,167174,F,0,0.28,0.26,5,F,-40,9.75"
2026-07-05T20:31:10.586+00:00,/dev/cu.usbserial-576B0005451,"RX,245539,R33,TXA,N01,166,168174,G,1,0.93,0.90,5,F,-39,9.75"
2026-07-05T20:31:10.831+00:00,/dev/cu.usbserial-576B0005451,"RX,245785,R33,TXG,N91,19,168425,G,1,0.93,0.90,5,U,-43,5.75"
2026-07-05T20:31:11.336+00:00,/dev/cu.usbserial-576B0005451,"RX,246290,R33,TXE,N61,80,168929,A,1,0.75,0.72,5,U,-47,9.50"
2026-07-05T20:31:11.586+00:00,/dev/cu.usbserial-576B0005451,"RX,246539,R33,TXA,N01,167,169174,H,1,0.32,0.30,5,F,-40,9.50"
2026-07-05T20:31:12.084+00:00,/dev/cu.usbserial-576B0005451,"RX,247038,R33,TXF,N76,41,169678,G,1,0.93,0.90,5,U,-53,10.25"
2026-07-05T20:31:12.337+00:00,/dev/cu.usbserial-576B0005451,"RX,247291,R33,TXC,N31,40,169927,E,1,0.87,0.84,5,U,-40,8.25"
2026-07-05T20:31:12.586+00:00,/dev/cu.usbserial-576B0005451,"RX,247539,R33,TXA,N01,168,170174,A,0,0.75,0.72,5,F,-39,10.50"
2026-07-05T20:31:12.852+00:00,/dev/cu.usbserial-576B0005451,"RX,247805,R33,TXB,N16,83,170439,G,1,0.93,0.90,5,U,-56,9.75"
2026-07-05T20:31:13.336+00:00,/dev/cu.usbserial-576B0005451,"RX,248290,R33,TXE,N61,81,170929,C,0,0.81,0.78,5,U,-47,9.50"
2026-07-05T20:31:13.586+00:00,/dev/cu.usbserial-576B0005451,"RX,248539,R33,TXA,N01,169,171174,B,1,0.20,0.18,5,F,-40,9.75"
2026-07-05T20:31:14.337+00:00,/dev/cu.usbserial-576B0005451,"RX,249291,R33,TXC,N31,41,171927,G,1,0.93,0.90,5,U,-41,9.75"
2026-07-05T20:31:14.586+00:00,/dev/cu.usbserial-576B0005451,"RX,249539,R33,TXA,N01,170,172174,C,1,0.81,0.78,5,F,-40,10.00"
2026-07-05T20:31:14.851+00:00,/dev/cu.usbserial-576B0005451,"RX,249805,R33,TXB,N16,84,172439,A,0,0.75,0.72,5,U,-57,9.50"
2026-07-05T20:31:15.336+00:00,/dev/cu.usbserial-576B0005451,"RX,250290,R33,TXE,N61,82,172929,E,1,0.87,0.84,5,U,-46,9.75"
2026-07-05T20:31:15.586+00:00,/dev/cu.usbserial-576B0005451,"RX,250539,R33,TXA,N01,171,173174,D,0,0.24,0.22,5,F,-40,10.00"
2026-07-05T20:31:16.586+00:00,/dev/cu.usbserial-576B0005451,"RX,251539,R33,TXA,N01,172,174174,E,1,0.87,0.84,5,F,-40,9.50"
2026-07-05T20:31:16.851+00:00,/dev/cu.usbserial-576B0005451,"RX,251805,R33,TXB,N16,85,174439,C,1,0.81,0.78,5,U,-56,9.75"
2026-07-05T20:31:17.336+00:00,/dev/cu.usbserial-576B0005451,"RX,252290,R33,TXE,N61,83,174929,G,1,0.93,0.90,5,U,-46,9.25"
2026-07-05T20:31:17.586+00:00,/dev/cu.usbserial-576B0005451,"RX,252539,R33,TXA,N01,173,175174,F,1,0.28,0.26,5,F,-40,9.25"
2026-07-05T20:31:18.586+00:00,/dev/cu.usbserial-576B0005451,"RX,253539,R33,TXA,N01,174,176174,G,0,0.93,0.90,5,F,-40,9.75"
2026-07-05T20:31:18.831+00:00,/dev/cu.usbserial-576B0005451,"RX,253785,R33,TXG,N91,20,176425,G,1,0.93,0.90,5,U,-42,5.25"
2026-07-05T20:31:19.336+00:00,/dev/cu.usbserial-576B0005451,"RX,254290,R33,TXE,N61,84,176929,A,0,0.75,0.72,5,U,-47,10.00"
2026-07-05T20:31:19.586+00:00,/dev/cu.usbserial-576B0005451,"RX,254540,R33,TXA,N01,175,177174,H,1,0.32,0.30,5,F,-40,9.00"
2026-07-05T20:31:20.084+00:00,/dev/cu.usbserial-576B0005451,"RX,255038,R33,TXF,N76,43,177678,G,0,0.93,0.90,5,U,-53,9.75"
2026-07-05T20:31:20.337+00:00,/dev/cu.usbserial-576B0005451,"RX,255291,R33,TXC,N31,42,177927,E,1,0.87,0.84,5,U,-40,10.00"
2026-07-05T20:31:20.586+00:00,/dev/cu.usbserial-576B0005451,"RX,255539,R33,TXA,N01,176,178174,A,1,0.75,0.72,5,F,-40,9.50"
2026-07-05T20:31:20.852+00:00,/dev/cu.usbserial-576B0005451,"RX,255805,R33,TXB,N16,87,178439,G,0,0.93,0.90,5,U,-57,10.00"
2026-07-05T20:31:21.336+00:00,/dev/cu.usbserial-576B0005451,"RX,256290,R33,TXE,N61,85,178929,C,1,0.81,0.78,5,U,-47,10.00"
2026-07-05T20:31:21.586+00:00,/dev/cu.usbserial-576B0005451,"RX,256539,R33,TXA,N01,177,179174,B,0,0.20,0.18,5,F,-39,9.50"
2026-07-05T20:31:22.337+00:00,/dev/cu.usbserial-576B0005451,"RX,257291,R33,TXC,N31,43,179927,G,0,0.93,0.90,5,U,-40,9.75"
2026-07-05T20:31:22.586+00:00,/dev/cu.usbserial-576B0005451,"RX,257539,R33,TXA,N01,178,180174,C,1,0.81,0.78,5,F,-39,9.50"
2026-07-05T20:31:22.852+00:00,/dev/cu.usbserial-576B0005451,"RX,257805,R33,TXB,N16,88,180439,A,1,0.75,0.72,5,U,-57,10.00"
2026-07-05T20:31:23.336+00:00,/dev/cu.usbserial-576B0005451,"RX,258290,R33,TXE,N61,86,180929,E,1,0.87,0.84,5,U,-47,9.75"
2026-07-05T20:31:23.586+00:00,/dev/cu.usbserial-576B0005451,"RX,258539,R33,TXA,N01,179,181174,D,1,0.24,0.22,5,F,-40,10.00"
2026-07-05T20:31:24.586+00:00,/dev/cu.usbserial-576B0005451,"RX,259540,R33,TXA,N01,180,182174,E,0,0.87,0.84,5,F,-40,9.50"
2026-07-05T20:31:24.852+00:00,/dev/cu.usbserial-576B0005451,"RX,259805,R33,TXB,N16,89,182439,C,1,0.81,0.78,5,U,-57,9.50"
2026-07-05T20:31:25.336+00:00,/dev/cu.usbserial-576B0005451,"RX,260290,R33,TXE,N61,87,182929,G,0,0.93,0.90,5,U,-47,9.50"
2026-07-05T20:31:25.586+00:00,/dev/cu.usbserial-576B0005451,"RX,260539,R33,TXA,N01,181,183174,F,1,0.28,0.26,5,F,-40,9.25"
2026-07-05T20:31:26.586+00:00,/dev/cu.usbserial-576B0005451,"RX,261539,R33,TXA,N01,182,184174,G,1,0.93,0.90,5,F,-40,9.75"
2026-07-05T20:31:26.832+00:00,/dev/cu.usbserial-576B0005451,"RX,261785,R33,TXG,N91,21,184425,G,0,0.93,0.90,5,U,-43,5.25"
2026-07-05T20:31:27.336+00:00,/dev/cu.usbserial-576B0005451,"RX,262290,R33,TXE,N61,88,184929,A,1,0.75,0.72,5,U,-47,9.75"
2026-07-05T20:31:27.586+00:00,/dev/cu.usbserial-576B0005451,"RX,262539,R33,TXA,N01,183,185174,H,0,0.32,0.30,5,F,-40,9.50"
2026-07-05T20:31:28.084+00:00,/dev/cu.usbserial-576B0005451,"RX,263038,R33,TXF,N76,45,185678,G,1,0.93,0.90,5,U,-53,9.25"
2026-07-05T20:31:28.337+00:00,/dev/cu.usbserial-576B0005451,"RX,263291,R33,TXC,N31,44,185927,E,0,0.87,0.84,5,U,-40,9.75"
2026-07-05T20:31:28.586+00:00,/dev/cu.usbserial-576B0005451,"RX,263540,R33,TXA,N01,184,186174,A,1,0.75,0.72,5,F,-39,9.50"
2026-07-05T20:31:28.852+00:00,/dev/cu.usbserial-576B0005451,"RX,263805,R33,TXB,N16,91,186439,G,1,0.93,0.90,5,U,-57,10.00"
2026-07-05T20:31:29.336+00:00,/dev/cu.usbserial-576B0005451,"RX,264290,R33,TXE,N61,89,186929,C,1,0.81,0.78,5,U,-46,9.50"
2026-07-05T20:31:29.586+00:00,/dev/cu.usbserial-576B0005451,"RX,264540,R33,TXA,N01,185,187174,B,1,0.20,0.18,5,F,-40,9.25"
2026-07-05T20:31:30.337+00:00,/dev/cu.usbserial-576B0005451,"RX,265291,R33,TXC,N31,45,187927,G,1,0.93,0.90,5,U,-41,9.75"
2026-07-05T20:31:30.586+00:00,/dev/cu.usbserial-576B0005451,"RX,265540,R33,TXA,N01,186,188174,C,0,0.81,0.78,5,F,-40,9.50"
2026-07-05T20:31:30.852+00:00,/dev/cu.usbserial-576B0005451,"RX,265805,R33,TXB,N16,92,188439,A,1,0.75,0.72,5,U,-57,10.00"
2026-07-05T20:31:31.336+00:00,/dev/cu.usbserial-576B0005451,"RX,266290,R33,TXE,N61,90,188929,E,0,0.87,0.84,5,U,-46,10.50"
2026-07-05T20:31:31.586+00:00,/dev/cu.usbserial-576B0005451,"RX,266540,R33,TXA,N01,187,189174,D,1,0.24,0.22,5,F,-39,10.25"
2026-07-05T20:31:32.586+00:00,/dev/cu.usbserial-576B0005451,"RX,267539,R33,TXA,N01,188,190174,E,1,0.87,0.84,5,F,-40,9.50"
2026-07-05T20:31:32.852+00:00,/dev/cu.usbserial-576B0005451,"RX,267805,R33,TXB,N16,93,190439,C,0,0.81,0.78,5,U,-56,10.25"
2026-07-05T20:31:33.336+00:00,/dev/cu.usbserial-576B0005451,"RX,268290,R33,TXE,N61,91,190929,G,1,0.93,0.90,5,U,-47,10.00"
2026-07-05T20:31:33.586+00:00,/dev/cu.usbserial-576B0005451,"RX,268540,R33,TXA,N01,189,191174,F,0,0.28,0.26,5,F,-40,9.75"
2026-07-05T20:31:34.586+00:00,/dev/cu.usbserial-576B0005451,"RX,269539,R33,TXA,N01,190,192174,G,1,0.93,0.90,5,F,-40,9.25"
2026-07-05T20:31:34.832+00:00,/dev/cu.usbserial-576B0005451,"RX,269785,R33,TXG,N91,22,192425,G,1,0.93,0.90,5,U,-43,5.00"
2026-07-05T20:31:35.336+00:00,/dev/cu.usbserial-576B0005451,"RX,270290,R33,TXE,N61,92,192929,A,1,0.75,0.72,5,U,-46,9.50"
2026-07-05T20:31:35.586+00:00,/dev/cu.usbserial-576B0005451,"RX,270540,R33,TXA,N01,191,193174,H,1,0.32,0.30,5,F,-39,9.75"
2026-07-05T20:31:36.084+00:00,/dev/cu.usbserial-576B0005451,"RX,271038,R33,TXF,N76,47,193678,G,1,0.93,0.90,5,U,-52,12.75"
2026-07-05T20:31:36.337+00:00,/dev/cu.usbserial-576B0005451,"RX,271291,R33,TXC,N31,46,193927,E,1,0.87,0.84,5,U,-40,9.75"
2026-07-05T20:31:36.586+00:00,/dev/cu.usbserial-576B0005451,"RX,271540,R33,TXA,N01,192,194174,A,1,0.75,0.72,5,F,-39,9.75"
2026-07-05T20:31:36.852+00:00,/dev/cu.usbserial-576B0005451,"RX,271805,R33,TXB,N16,95,194439,G,1,0.93,0.90,5,U,-56,10.00"
2026-07-05T20:31:37.336+00:00,/dev/cu.usbserial-576B0005451,"RX,272290,R33,TXE,N61,93,194929,C,0,0.81,0.78,5,U,-47,9.75"
2026-07-05T20:31:37.586+00:00,/dev/cu.usbserial-576B0005451,"RX,272540,R33,TXA,N01,193,195174,B,0,0.20,0.18,5,F,-39,9.25"
2026-07-05T20:31:38.337+00:00,/dev/cu.usbserial-576B0005451,"RX,273291,R33,TXC,N31,47,195927,G,1,0.93,0.90,5,U,-41,10.25"
2026-07-05T20:31:38.586+00:00,/dev/cu.usbserial-576B0005451,"RX,273540,R33,TXA,N01,194,196174,C,1,0.81,0.78,5,F,-40,9.25"
2026-07-05T20:31:38.852+00:00,/dev/cu.usbserial-576B0005451,"RX,273805,R33,TXB,N16,96,196439,A,1,0.75,0.72,5,U,-57,9.50"
2026-07-05T20:31:39.336+00:00,/dev/cu.usbserial-576B0005451,"RX,274290,R33,TXE,N61,94,196929,E,1,0.87,0.84,5,U,-47,9.75"
2026-07-05T20:31:39.586+00:00,/dev/cu.usbserial-576B0005451,"RX,274540,R33,TXA,N01,195,197174,D,1,0.24,0.22,5,F,-40,9.50"
2026-07-05T20:31:40.586+00:00,/dev/cu.usbserial-576B0005451,"RX,275540,R33,TXA,N01,196,198174,E,0,0.87,0.84,5,F,-40,9.50"
2026-07-05T20:31:40.852+00:00,/dev/cu.usbserial-576B0005451,"RX,275805,R33,TXB,N16,97,198439,C,1,0.81,0.78,5,U,-57,10.00"
2026-07-05T20:31:41.336+00:00,/dev/cu.usbserial-576B0005451,"RX,276290,R33,TXE,N61,95,198929,G,1,0.93,0.90,5,U,-46,9.50"
2026-07-05T20:31:41.586+00:00,/dev/cu.usbserial-576B0005451,"RX,276540,R33,TXA,N01,197,199174,F,1,0.28,0.26,5,F,-40,9.50"
2026-07-05T20:31:42.586+00:00,/dev/cu.usbserial-576B0005451,"RX,277540,R33,TXA,N01,198,200174,G,1,0.93,0.90,5,F,-39,9.75"
2026-07-05T20:31:42.832+00:00,/dev/cu.usbserial-576B0005451,"RX,277785,R33,TXG,N91,23,200425,G,1,0.93,0.90,5,U,-42,5.75"
2026-07-05T20:31:43.336+00:00,/dev/cu.usbserial-576B0005451,"RX,278290,R33,TXE,N61,96,200929,A,1,0.75,0.72,5,U,-48,9.75"
2026-07-05T20:31:43.586+00:00,/dev/cu.usbserial-576B0005451,"RX,278540,R33,TXA,N01,199,201174,H,0,0.32,0.30,5,F,-39,9.50"
2026-07-05T20:31:44.084+00:00,/dev/cu.usbserial-576B0005451,"RX,279038,R33,TXF,N76,49,201678,G,1,0.93,0.90,5,U,-52,9.75"
2026-07-05T20:31:44.337+00:00,/dev/cu.usbserial-576B0005451,"RX,279291,R33,TXC,N31,48,201927,E,0,0.87,0.84,5,U,-40,9.50"
2026-07-05T20:31:44.586+00:00,/dev/cu.usbserial-576B0005451,"RX,279540,R33,TXA,N01,200,202174,A,1,0.75,0.72,5,F,-39,10.00"
2026-07-05T20:31:44.852+00:00,/dev/cu.usbserial-576B0005451,"RX,279805,R33,TXB,N16,99,202439,G,1,0.93,0.90,5,U,-57,9.75"
2026-07-05T20:31:45.586+00:00,/dev/cu.usbserial-576B0005451,"RX,280539,R33,TXA,N01,201,203174,B,1,0.20,0.18,5,F,-39,10.00"
2026-07-05T20:31:46.337+00:00,/dev/cu.usbserial-576B0005451,"RX,281291,R33,TXC,N31,49,203927,G,1,0.93,0.90,5,U,-40,10.25"
2026-07-05T20:31:46.586+00:00,/dev/cu.usbserial-576B0005451,"RX,281540,R33,TXA,N01,202,204174,C,0,0.81,0.78,5,F,-39,9.00"
2026-07-05T20:31:46.852+00:00,/dev/cu.usbserial-576B0005451,"RX,281805,R33,TXB,N16,100,204439,A,1,0.75,0.72,5,U,-56,9.75"
2026-07-05T20:31:47.336+00:00,/dev/cu.usbserial-576B0005451,"RX,282290,R33,TXE,N61,98,204929,E,0,0.87,0.84,5,U,-47,9.50"
2026-07-05T20:31:47.586+00:00,/dev/cu.usbserial-576B0005451,"RX,282540,R33,TXA,N01,203,205174,D,1,0.24,0.22,5,F,-39,9.50"
2026-07-05T20:31:48.586+00:00,/dev/cu.usbserial-576B0005451,"RX,283540,R33,TXA,N01,204,206174,E,1,0.87,0.84,5,F,-40,9.50"
2026-07-05T20:31:48.852+00:00,/dev/cu.usbserial-576B0005451,"RX,283805,R33,TXB,N16,101,206439,C,0,0.81,0.78,5,U,-57,9.75"
2026-07-05T20:31:49.336+00:00,/dev/cu.usbserial-576B0005451,"RX,284290,R33,TXE,N61,99,206929,G,1,0.93,0.90,5,U,-47,10.00"
2026-07-05T20:31:49.586+00:00,/dev/cu.usbserial-576B0005451,"RX,284540,R33,TXA,N01,205,207174,F,0,0.28,0.26,5,F,-40,10.00"
2026-07-05T20:31:50.586+00:00,/dev/cu.usbserial-576B0005451,"RX,285540,R33,TXA,N01,206,208174,G,1,0.93,0.90,5,F,-39,9.75"
2026-07-05T20:31:50.831+00:00,/dev/cu.usbserial-576B0005451,"RX,285785,R33,TXG,N91,24,208425,G,1,0.93,0.90,5,U,-42,5.50"
2026-07-05T20:31:51.336+00:00,/dev/cu.usbserial-576B0005451,"RX,286290,R33,TXE,N61,100,208929,A,1,0.75,0.72,5,U,-45,10.00"
2026-07-05T20:31:51.586+00:00,/dev/cu.usbserial-576B0005451,"RX,286540,R33,TXA,N01,207,209174,H,1,0.32,0.30,5,F,-40,10.00"
2026-07-05T20:31:52.084+00:00,/dev/cu.usbserial-576B0005451,"RX,287038,R33,TXF,N76,51,209678,G,1,0.93,0.90,5,U,-52,9.50"
2026-07-05T20:31:52.337+00:00,/dev/cu.usbserial-576B0005451,"RX,287291,R33,TXC,N31,50,209927,E,1,0.87,0.84,5,U,-40,8.00"
2026-07-05T20:31:52.586+00:00,/dev/cu.usbserial-576B0005451,"RX,287540,R33,TXA,N01,208,210174,A,0,0.75,0.72,5,F,-40,9.75"
2026-07-05T20:31:52.852+00:00,/dev/cu.usbserial-576B0005451,"RX,287805,R33,TXB,N16,103,210439,G,1,0.93,0.90,5,U,-56,9.50"
2026-07-05T20:31:53.336+00:00,/dev/cu.usbserial-576B0005451,"RX,288290,R33,TXE,N61,101,210929,C,0,0.81,0.78,5,U,-47,9.50"
2026-07-05T20:31:53.586+00:00,/dev/cu.usbserial-576B0005451,"RX,288540,R33,TXA,N01,209,211174,B,1,0.20,0.18,5,F,-40,9.75"
2026-07-05T20:31:54.337+00:00,/dev/cu.usbserial-576B0005451,"RX,289291,R33,TXC,N31,51,211927,G,1,0.93,0.90,5,U,-40,9.50"
2026-07-05T20:31:54.586+00:00,/dev/cu.usbserial-576B0005451,"RX,289540,R33,TXA,N01,210,212174,C,1,0.81,0.78,5,F,-39,10.00"
2026-07-05T20:31:54.852+00:00,/dev/cu.usbserial-576B0005451,"RX,289805,R33,TXB,N16,104,212439,A,0,0.75,0.72,5,U,-56,10.25"
2026-07-05T20:31:55.336+00:00,/dev/cu.usbserial-576B0005451,"RX,290290,R33,TXE,N61,102,212929,E,1,0.87,0.84,5,U,-47,9.75"
2026-07-05T20:31:55.586+00:00,/dev/cu.usbserial-576B0005451,"RX,290540,R33,TXA,N01,211,213174,D,0,0.24,0.22,5,F,-39,9.75"
2026-07-05T20:31:56.586+00:00,/dev/cu.usbserial-576B0005451,"RX,291540,R33,TXA,N01,212,214174,E,1,0.87,0.84,5,F,-40,10.00"
2026-07-05T20:31:56.852+00:00,/dev/cu.usbserial-576B0005451,"RX,291805,R33,TXB,N16,105,214439,C,1,0.81,0.78,5,U,-57,10.25"
2026-07-05T20:31:57.336+00:00,/dev/cu.usbserial-576B0005451,"RX,292290,R33,TXE,N61,103,214929,G,1,0.93,0.90,5,U,-47,9.50"
2026-07-05T20:31:57.586+00:00,/dev/cu.usbserial-576B0005451,"RX,292540,R33,TXA,N01,213,215174,F,1,0.28,0.26,5,F,-40,9.50"
2026-07-05T20:31:58.586+00:00,/dev/cu.usbserial-576B0005451,"RX,293540,R33,TXA,N01,214,216174,G,0,0.93,0.90,5,F,-40,10.00"
2026-07-05T20:31:58.832+00:00,/dev/cu.usbserial-576B0005451,"RX,293785,R33,TXG,N91,25,216425,G,1,0.93,0.90,5,U,-43,5.00"
2026-07-05T20:31:59.336+00:00,/dev/cu.usbserial-576B0005451,"RX,294290,R33,TXE,N61,104,216929,A,0,0.75,0.72,5,U,-47,10.25"
2026-07-05T20:31:59.586+00:00,/dev/cu.usbserial-576B0005451,"RX,294540,R33,TXA,N01,215,217174,H,1,0.32,0.30,5,F,-40,9.50"
2026-07-05T20:32:00.084+00:00,/dev/cu.usbserial-576B0005451,"RX,295038,R33,TXF,N76,53,217678,G,0,0.93,0.90,5,U,-53,9.00"
2026-07-05T20:32:00.337+00:00,/dev/cu.usbserial-576B0005451,"RX,295291,R33,TXC,N31,52,217927,E,1,0.87,0.84,5,U,-40,8.25"
2026-07-05T20:32:00.586+00:00,/dev/cu.usbserial-576B0005451,"RX,295540,R33,TXA,N01,216,218174,A,1,0.75,0.72,5,F,-40,9.50"
2026-07-05T20:32:00.852+00:00,/dev/cu.usbserial-576B0005451,"RX,295805,R33,TXB,N16,107,218439,G,0,0.93,0.90,5,U,-56,10.00"
2026-07-05T20:32:01.336+00:00,/dev/cu.usbserial-576B0005451,"RX,296290,R33,TXE,N61,105,218929,C,1,0.81,0.78,5,U,-46,9.75"
2026-07-05T20:32:01.586+00:00,/dev/cu.usbserial-576B0005451,"RX,296540,R33,TXA,N01,217,219174,B,0,0.20,0.18,5,F,-39,9.50"
2026-07-05T20:32:02.337+00:00,/dev/cu.usbserial-576B0005451,"RX,297291,R33,TXC,N31,53,219927,G,0,0.93,0.90,5,U,-40,9.75"
2026-07-05T20:32:02.586+00:00,/dev/cu.usbserial-576B0005451,"RX,297540,R33,TXA,N01,218,220174,C,1,0.81,0.78,5,F,-39,9.25"
2026-07-05T20:32:02.852+00:00,/dev/cu.usbserial-576B0005451,"RX,297805,R33,TXB,N16,108,220439,A,1,0.75,0.72,5,U,-56,10.00"
2026-07-05T20:32:03.337+00:00,/dev/cu.usbserial-576B0005451,"RX,298290,R33,TXE,N61,106,220929,E,1,0.87,0.84,5,U,-46,10.00"
2026-07-05T20:32:03.586+00:00,/dev/cu.usbserial-576B0005451,"RX,298540,R33,TXA,N01,219,221174,D,1,0.24,0.22,5,F,-39,9.75"
2026-07-05T20:32:04.587+00:00,/dev/cu.usbserial-576B0005451,"RX,299540,R33,TXA,N01,220,222174,E,0,0.87,0.84,5,F,-39,9.00"
2026-07-05T20:32:04.852+00:00,/dev/cu.usbserial-576B0005451,"RX,299805,R33,TXB,N16,109,222439,C,1,0.81,0.78,5,U,-56,9.50"
2026-07-05T20:32:05.337+00:00,/dev/cu.usbserial-576B0005451,"RX,300290,R33,TXE,N61,107,222929,G,0,0.93,0.90,5,U,-47,9.75"
2026-07-05T20:32:05.586+00:00,/dev/cu.usbserial-576B0005451,"RX,300540,R33,TXA,N01,221,223174,F,1,0.28,0.26,5,F,-39,9.75"
2026-07-05T20:32:06.087+00:00,/dev/cu.usbserial-576B0005451,"RX,301041,R33,TXD,N46,27,223676,G,1,0.93,0.90,5,U,-48,5.25"
2026-07-05T20:32:06.586+00:00,/dev/cu.usbserial-576B0005451,"RX,301540,R33,TXA,N01,222,224174,G,1,0.93,0.90,5,F,-39,9.50"
2026-07-05T20:32:06.832+00:00,/dev/cu.usbserial-576B0005451,"RX,301785,R33,TXG,N91,26,224425,G,0,0.93,0.90,5,U,-42,5.50"
2026-07-05T20:32:07.336+00:00,/dev/cu.usbserial-576B0005451,"RX,302290,R33,TXE,N61,108,224929,A,1,0.75,0.72,5,U,-47,9.75"
2026-07-05T20:32:07.586+00:00,/dev/cu.usbserial-576B0005451,"RX,302540,R33,TXA,N01,223,225174,H,0,0.32,0.30,5,F,-39,10.25"
2026-07-05T20:32:08.084+00:00,/dev/cu.usbserial-576B0005451,"RX,303038,R33,TXF,N76,55,225678,G,1,0.93,0.90,5,U,-53,9.25"
2026-07-05T20:32:08.337+00:00,/dev/cu.usbserial-576B0005451,"RX,303291,R33,TXC,N31,54,225927,E,0,0.87,0.84,5,U,-40,8.50"
2026-07-05T20:32:08.586+00:00,/dev/cu.usbserial-576B0005451,"RX,303540,R33,TXA,N01,224,226174,A,1,0.75,0.72,5,F,-39,9.75"
2026-07-05T20:32:08.852+00:00,/dev/cu.usbserial-576B0005451,"RX,303805,R33,TXB,N16,111,226439,G,1,0.93,0.90,5,U,-57,9.75"
2026-07-05T20:32:09.336+00:00,/dev/cu.usbserial-576B0005451,"RX,304290,R33,TXE,N61,109,226929,C,1,0.81,0.78,5,U,-47,9.75"
2026-07-05T20:32:09.586+00:00,/dev/cu.usbserial-576B0005451,"RX,304540,R33,TXA,N01,225,227174,B,1,0.20,0.18,5,F,-39,9.75"
2026-07-05T20:32:10.337+00:00,/dev/cu.usbserial-576B0005451,"RX,305291,R33,TXC,N31,55,227927,G,1,0.93,0.90,5,U,-40,9.75"
2026-07-05T20:32:10.586+00:00,/dev/cu.usbserial-576B0005451,"RX,305540,R33,TXA,N01,226,228174,C,0,0.81,0.78,5,F,-39,9.50"
2026-07-05T20:32:10.852+00:00,/dev/cu.usbserial-576B0005451,"RX,305805,R33,TXB,N16,112,228439,A,1,0.75,0.72,5,U,-56,10.00"
2026-07-05T20:32:11.337+00:00,/dev/cu.usbserial-576B0005451,"RX,306290,R33,TXE,N61,110,228929,E,0,0.87,0.84,5,U,-47,9.75"
2026-07-05T20:32:11.586+00:00,/dev/cu.usbserial-576B0005451,"RX,306540,R33,TXA,N01,227,229174,D,1,0.24,0.22,5,F,-39,9.50"
2026-07-05T20:32:12.586+00:00,/dev/cu.usbserial-576B0005451,"RX,307540,R33,TXA,N01,228,230174,E,1,0.87,0.84,5,F,-37,9.00"
2026-07-05T20:32:12.852+00:00,/dev/cu.usbserial-576B0005451,"RX,307805,R33,TXB,N16,113,230439,C,0,0.81,0.78,5,U,-57,9.75"
2026-07-05T20:32:13.337+00:00,/dev/cu.usbserial-576B0005451,"RX,308290,R33,TXE,N61,111,230929,G,1,0.93,0.90,5,U,-46,9.75"
2026-07-05T20:32:13.586+00:00,/dev/cu.usbserial-576B0005451,"RX,308540,R33,TXA,N01,229,231174,F,0,0.28,0.26,5,F,-39,9.75"
2026-07-05T20:32:14.084+00:00,/dev/cu.usbserial-576B0005451,"RX,309038,R33,TXF,N76,56,231678,E,1,0.87,0.84,5,U,-41,0.50"
2026-07-05T20:32:14.586+00:00,/dev/cu.usbserial-576B0005451,"RX,309540,R33,TXA,N01,230,232174,G,1,0.93,0.90,5,F,-39,9.75"
2026-07-05T20:32:14.832+00:00,/dev/cu.usbserial-576B0005451,"RX,309785,R33,TXG,N91,27,232425,G,1,0.93,0.90,5,U,-44,5.25"
2026-07-05T20:32:15.337+00:00,/dev/cu.usbserial-576B0005451,"RX,310290,R33,TXE,N61,112,232929,A,1,0.75,0.72,5,U,-45,9.75"
2026-07-05T20:32:15.586+00:00,/dev/cu.usbserial-576B0005451,"RX,310540,R33,TXA,N01,231,233174,H,1,0.32,0.30,5,F,-39,9.50"
2026-07-05T20:32:16.084+00:00,/dev/cu.usbserial-576B0005451,"RX,311038,R33,TXF,N76,57,233678,G,1,0.93,0.90,5,U,-49,9.50"
2026-07-05T20:32:16.337+00:00,/dev/cu.usbserial-576B0005451,"RX,311291,R33,TXC,N31,56,233927,E,1,0.87,0.84,5,U,-41,7.25"
2026-07-05T20:32:16.586+00:00,/dev/cu.usbserial-576B0005451,"RX,311540,R33,TXA,N01,232,234174,A,0,0.75,0.72,5,F,-39,9.25"
2026-07-05T20:32:16.852+00:00,/dev/cu.usbserial-576B0005451,"RX,311805,R33,TXB,N16,115,234439,G,1,0.93,0.90,5,U,-57,9.75"
2026-07-05T20:32:17.337+00:00,/dev/cu.usbserial-576B0005451,"RX,312290,R33,TXE,N61,113,234929,C,0,0.81,0.78,5,U,-46,9.75"
2026-07-05T20:32:17.586+00:00,/dev/cu.usbserial-576B0005451,"RX,312540,R33,TXA,N01,233,235174,B,1,0.20,0.18,5,F,-39,9.75"
2026-07-05T20:32:18.337+00:00,/dev/cu.usbserial-576B0005451,"RX,313291,R33,TXC,N31,57,235927,G,1,0.93,0.90,5,U,-41,9.50"
2026-07-05T20:32:18.586+00:00,/dev/cu.usbserial-576B0005451,"RX,313540,R33,TXA,N01,234,236174,C,1,0.81,0.78,5,F,-39,9.75"
2026-07-05T20:32:18.852+00:00,/dev/cu.usbserial-576B0005451,"RX,313805,R33,TXB,N16,116,236439,A,0,0.75,0.72,5,U,-57,9.75"
2026-07-05T20:32:19.337+00:00,/dev/cu.usbserial-576B0005451,"RX,314290,R33,TXE,N61,114,236929,E,1,0.87,0.84,5,U,-46,9.50"
2026-07-05T20:32:19.586+00:00,/dev/cu.usbserial-576B0005451,"RX,314540,R33,TXA,N01,235,237174,D,0,0.24,0.22,5,F,-39,9.75"
2026-07-05T20:32:20.586+00:00,/dev/cu.usbserial-576B0005451,"RX,315540,R33,TXA,N01,236,238174,E,1,0.87,0.84,5,F,-39,9.75"
2026-07-05T20:32:20.852+00:00,/dev/cu.usbserial-576B0005451,"RX,315805,R33,TXB,N16,117,238439,C,1,0.81,0.78,5,U,-57,9.50"
2026-07-05T20:32:21.337+00:00,/dev/cu.usbserial-576B0005451,"RX,316290,R33,TXE,N61,115,238929,G,1,0.93,0.90,5,U,-45,9.50"
2026-07-05T20:32:21.586+00:00,/dev/cu.usbserial-576B0005451,"RX,316540,R33,TXA,N01,237,239174,F,1,0.28,0.26,5,F,-40,9.50"
2026-07-05T20:32:22.084+00:00,/dev/cu.usbserial-576B0005451,"RX,317038,R33,TXF,N76,58,239678,E,1,0.87,0.84,5,U,-42,0.25"
2026-07-05T20:32:22.586+00:00,/dev/cu.usbserial-576B0005451,"RX,317540,R33,TXA,N01,238,240174,G,0,0.93,0.90,5,F,-39,9.75"
2026-07-05T20:32:22.832+00:00,/dev/cu.usbserial-576B0005451,"RX,317785,R33,TXG,N91,28,240425,G,1,0.93,0.90,5,U,-44,4.00"
2026-07-05T20:32:23.337+00:00,/dev/cu.usbserial-576B0005451,"RX,318290,R33,TXE,N61,116,240929,A,0,0.75,0.72,5,U,-46,11.25"
2026-07-05T20:32:23.586+00:00,/dev/cu.usbserial-576B0005451,"RX,318540,R33,TXA,N01,239,241174,H,1,0.32,0.30,5,F,-39,9.50"
2026-07-05T20:32:24.085+00:00,/dev/cu.usbserial-576B0005451,"RX,319038,R33,TXF,N76,59,241678,G,0,0.93,0.90,5,U,-49,10.00"
2026-07-05T20:32:24.337+00:00,/dev/cu.usbserial-576B0005451,"RX,319291,R33,TXC,N31,58,241927,E,1,0.87,0.84,5,U,-42,9.25"
2026-07-05T20:32:24.586+00:00,/dev/cu.usbserial-576B0005451,"RX,319540,R33,TXA,N01,240,242174,A,1,0.75,0.72,5,F,-39,9.75"
2026-07-05T20:32:24.852+00:00,/dev/cu.usbserial-576B0005451,"RX,319805,R33,TXB,N16,119,242439,G,0,0.93,0.90,5,U,-57,9.50"
2026-07-05T20:32:25.336+00:00,/dev/cu.usbserial-576B0005451,"RX,320290,R33,TXE,N61,117,242929,C,1,0.81,0.78,5,U,-46,9.75"
2026-07-05T20:32:25.586+00:00,/dev/cu.usbserial-576B0005451,"RX,320540,R33,TXA,N01,241,243174,B,0,0.20,0.18,5,F,-39,9.75"
2026-07-05T20:32:26.337+00:00,/dev/cu.usbserial-576B0005451,"RX,321291,R33,TXC,N31,59,243927,G,0,0.93,0.90,5,U,-42,10.00"
2026-07-05T20:32:26.587+00:00,/dev/cu.usbserial-576B0005451,"RX,321540,R33,TXA,N01,242,244174,C,1,0.81,0.78,5,F,-39,9.75"
2026-07-05T20:32:26.852+00:00,/dev/cu.usbserial-576B0005451,"RX,321806,R33,TXB,N16,120,244439,A,1,0.75,0.72,5,U,-57,10.00"
2026-07-05T20:32:27.337+00:00,/dev/cu.usbserial-576B0005451,"RX,322290,R33,TXE,N61,118,244929,E,1,0.87,0.84,5,U,-46,9.25"
2026-07-05T20:32:27.586+00:00,/dev/cu.usbserial-576B0005451,"RX,322540,R33,TXA,N01,243,245174,D,1,0.24,0.22,5,F,-39,9.50"
2026-07-05T20:32:28.586+00:00,/dev/cu.usbserial-576B0005451,"RX,323540,R33,TXA,N01,244,246174,E,0,0.87,0.84,5,F,-39,9.75"
2026-07-05T20:32:28.852+00:00,/dev/cu.usbserial-576B0005451,"RX,323806,R33,TXB,N16,121,246439,C,1,0.81,0.78,5,U,-57,9.75"
2026-07-05T20:32:29.337+00:00,/dev/cu.usbserial-576B0005451,"RX,324290,R33,TXE,N61,119,246929,G,0,0.93,0.90,5,U,-46,9.75"
2026-07-05T20:32:29.587+00:00,/dev/cu.usbserial-576B0005451,"RX,324540,R33,TXA,N01,245,247174,F,1,0.28,0.26,5,F,-39,9.75"
2026-07-05T20:32:30.084+00:00,/dev/cu.usbserial-576B0005451,"RX,325038,R33,TXF,N76,60,247678,E,0,0.87,0.84,5,U,-41,0.25"
2026-07-05T20:32:30.587+00:00,/dev/cu.usbserial-576B0005451,"RX,325540,R33,TXA,N01,246,248174,G,1,0.93,0.90,5,F,-39,9.50"
2026-07-05T20:32:30.832+00:00,/dev/cu.usbserial-576B0005451,"RX,325785,R33,TXG,N91,29,248425,G,0,0.93,0.90,5,U,-45,2.00"
2026-07-05T20:32:31.337+00:00,/dev/cu.usbserial-576B0005451,"RX,326290,R33,TXE,N61,120,248929,A,1,0.75,0.72,5,U,-47,12.25"
2026-07-05T20:32:31.586+00:00,/dev/cu.usbserial-576B0005451,"RX,326540,R33,TXA,N01,247,249174,H,0,0.32,0.30,5,F,-39,9.75"
2026-07-05T20:32:32.085+00:00,/dev/cu.usbserial-576B0005451,"RX,327038,R33,TXF,N76,61,249678,G,1,0.93,0.90,5,U,-50,10.00"
2026-07-05T20:32:32.337+00:00,/dev/cu.usbserial-576B0005451,"RX,327291,R33,TXC,N31,60,249927,E,0,0.87,0.84,5,U,-42,9.75"
2026-07-05T20:32:32.587+00:00,/dev/cu.usbserial-576B0005451,"RX,327540,R33,TXA,N01,248,250174,A,1,0.75,0.72,5,F,-39,9.50"
2026-07-05T20:32:32.852+00:00,/dev/cu.usbserial-576B0005451,"RX,327806,R33,TXB,N16,123,250439,G,1,0.93,0.90,5,U,-56,10.00"
2026-07-05T20:32:33.337+00:00,/dev/cu.usbserial-576B0005451,"RX,328290,R33,TXE,N61,121,250929,C,1,0.81,0.78,5,U,-47,9.50"
2026-07-05T20:32:33.586+00:00,/dev/cu.usbserial-576B0005451,"RX,328540,R33,TXA,N01,249,251174,B,1,0.20,0.18,5,F,-39,9.75"
2026-07-05T20:32:34.337+00:00,/dev/cu.usbserial-576B0005451,"RX,329291,R33,TXC,N31,61,251927,G,1,0.93,0.90,5,U,-41,9.75"
2026-07-05T20:32:34.587+00:00,/dev/cu.usbserial-576B0005451,"RX,329540,R33,TXA,N01,250,252174,C,0,0.81,0.78,5,F,-39,9.75"
2026-07-05T20:32:34.852+00:00,/dev/cu.usbserial-576B0005451,"RX,329806,R33,TXB,N16,124,252439,A,1,0.75,0.72,5,U,-57,10.75"
2026-07-05T20:32:35.337+00:00,/dev/cu.usbserial-576B0005451,"RX,330290,R33,TXE,N61,122,252929,E,0,0.87,0.84,5,U,-45,9.50"
2026-07-05T20:32:35.587+00:00,/dev/cu.usbserial-576B0005451,"RX,330540,R33,TXA,N01,251,253174,D,1,0.24,0.22,5,F,-40,9.75"
2026-07-05T20:32:36.587+00:00,/dev/cu.usbserial-576B0005451,"RX,331540,R33,TXA,N01,252,254174,E,1,0.87,0.84,5,F,-39,9.75"
2026-07-05T20:32:36.852+00:00,/dev/cu.usbserial-576B0005451,"RX,331806,R33,TXB,N16,125,254439,C,0,0.81,0.78,5,U,-56,9.75"
2026-07-05T20:32:37.337+00:00,/dev/cu.usbserial-576B0005451,"RX,332290,R33,TXE,N61,123,254929,G,1,0.93,0.90,5,U,-40,9.75"
2026-07-05T20:32:37.586+00:00,/dev/cu.usbserial-576B0005451,"RX,332540,R33,TXA,N01,253,255174,F,0,0.28,0.26,5,F,-45,9.50"
2026-07-05T20:32:38.087+00:00,/dev/cu.usbserial-576B0005451,"RX,333041,R33,TXD,N46,31,255676,G,1,0.93,0.90,5,U,-47,3.00"
2026-07-05T20:32:38.587+00:00,/dev/cu.usbserial-576B0005451,"RX,333540,R33,TXA,N01,254,256174,G,1,0.93,0.90,5,F,-43,9.25"
2026-07-05T20:32:38.832+00:00,/dev/cu.usbserial-576B0005451,"RX,333785,R33,TXG,N91,30,256425,G,1,0.93,0.90,5,U,-42,7.50"
2026-07-05T20:32:39.337+00:00,/dev/cu.usbserial-576B0005451,"RX,334290,R33,TXE,N61,124,256929,A,1,0.75,0.72,5,U,-49,9.25"
2026-07-05T20:32:39.587+00:00,/dev/cu.usbserial-576B0005451,"RX,334540,R33,TXA,N01,255,257174,H,1,0.32,0.30,5,F,-38,9.50"
2026-07-05T20:32:40.085+00:00,/dev/cu.usbserial-576B0005451,"RX,335038,R33,TXF,N76,63,257678,G,1,0.93,0.90,5,U,-52,10.00"
2026-07-05T20:32:40.337+00:00,/dev/cu.usbserial-576B0005451,"RX,335291,R33,TXC,N31,62,257927,E,1,0.87,0.84,5,U,-39,9.75"
2026-07-05T20:32:40.587+00:00,/dev/cu.usbserial-576B0005451,"RX,335540,R33,TXA,N01,256,258174,A,1,0.75,0.72,5,F,-39,9.50"
2026-07-05T20:32:40.852+00:00,/dev/cu.usbserial-576B0005451,"RX,335806,R33,TXB,N16,127,258439,G,1,0.93,0.90,5,U,-57,9.50"
2026-07-05T20:32:41.337+00:00,/dev/cu.usbserial-576B0005451,"RX,336290,R33,TXE,N61,125,258929,C,0,0.81,0.78,5,U,-49,9.25"
2026-07-05T20:32:41.587+00:00,/dev/cu.usbserial-576B0005451,"RX,336540,R33,TXA,N01,257,259174,B,0,0.20,0.18,5,F,-39,9.50"
2026-07-05T20:32:42.337+00:00,/dev/cu.usbserial-576B0005451,"RX,337291,R33,TXC,N31,63,259927,G,1,0.93,0.90,5,U,-43,9.75"
2026-07-05T20:32:42.587+00:00,/dev/cu.usbserial-576B0005451,"RX,337540,R33,TXA,N01,258,260174,C,1,0.81,0.78,5,F,-40,9.75"
2026-07-05T20:32:42.852+00:00,/dev/cu.usbserial-576B0005451,"RX,337806,R33,TXB,N16,128,260439,A,1,0.75,0.72,5,U,-57,9.75"
2026-07-05T20:32:43.337+00:00,/dev/cu.usbserial-576B0005451,"RX,338290,R33,TXE,N61,126,260929,E,1,0.87,0.84,5,U,-44,9.50"
2026-07-05T20:32:43.587+00:00,/dev/cu.usbserial-576B0005451,"RX,338540,R33,TXA,N01,259,261174,D,1,0.24,0.22,5,F,-39,9.50"
2026-07-05T20:32:44.587+00:00,/dev/cu.usbserial-576B0005451,"RX,339540,R33,TXA,N01,260,262174,E,0,0.87,0.84,5,F,-40,9.50"
2026-07-05T20:32:44.852+00:00,/dev/cu.usbserial-576B0005451,"RX,339806,R33,TXB,N16,129,262439,C,1,0.81,0.78,5,U,-57,9.75"
2026-07-05T20:32:45.337+00:00,/dev/cu.usbserial-576B0005451,"RX,340290,R33,TXE,N61,127,262929,G,1,0.93,0.90,5,U,-47,10.00"
2026-07-05T20:32:45.587+00:00,/dev/cu.usbserial-576B0005451,"RX,340540,R33,TXA,N01,261,263174,F,1,0.28,0.26,5,F,-39,9.75"
2026-07-05T20:32:46.087+00:00,/dev/cu.usbserial-576B0005451,"RX,341041,R33,TXD,N46,32,263676,G,1,0.93,0.90,5,U,-47,3.00"
2026-07-05T20:32:46.587+00:00,/dev/cu.usbserial-576B0005451,"RX,341540,R33,TXA,N01,262,264174,G,1,0.93,0.90,5,F,-39,9.25"
2026-07-05T20:32:46.832+00:00,/dev/cu.usbserial-576B0005451,"RX,341785,R33,TXG,N91,31,264425,G,1,0.93,0.90,5,U,-43,4.75"
2026-07-05T20:32:47.337+00:00,/dev/cu.usbserial-576B0005451,"RX,342290,R33,TXE,N61,128,264929,A,1,0.75,0.72,5,U,-48,9.75"
2026-07-05T20:32:47.587+00:00,/dev/cu.usbserial-576B0005451,"RX,342540,R33,TXA,N01,263,265174,H,0,0.32,0.30,5,F,-39,9.75"
2026-07-05T20:32:48.085+00:00,/dev/cu.usbserial-576B0005451,"RX,343038,R33,TXF,N76,65,265678,G,1,0.93,0.90,5,U,-49,9.50"
2026-07-05T20:32:48.337+00:00,/dev/cu.usbserial-576B0005451,"RX,343291,R33,TXC,N31,64,265927,E,0,0.87,0.84,5,U,-40,9.75"
2026-07-05T20:32:48.587+00:00,/dev/cu.usbserial-576B0005451,"RX,343540,R33,TXA,N01,264,266174,A,1,0.75,0.72,5,F,-39,9.75"
2026-07-05T20:32:48.852+00:00,/dev/cu.usbserial-576B0005451,"RX,343806,R33,TXB,N16,131,266439,G,1,0.93,0.90,5,U,-56,9.25"
2026-07-05T20:32:49.337+00:00,/dev/cu.usbserial-576B0005451,"RX,344290,R33,TXE,N61,129,266929,C,1,0.81,0.78,5,U,-47,10.00"
2026-07-05T20:32:49.587+00:00,/dev/cu.usbserial-576B0005451,"RX,344540,R33,TXA,N01,265,267174,B,1,0.20,0.18,5,F,-39,9.50"
2026-07-05T20:32:50.337+00:00,/dev/cu.usbserial-576B0005451,"RX,345291,R33,TXC,N31,65,267927,G,1,0.93,0.90,5,U,-40,9.50"
2026-07-05T20:32:50.587+00:00,/dev/cu.usbserial-576B0005451,"RX,345540,R33,TXA,N01,266,268174,C,0,0.81,0.78,5,F,-39,9.25"
2026-07-05T20:32:50.853+00:00,/dev/cu.usbserial-576B0005451,"RX,345806,R33,TXB,N16,132,268439,A,1,0.75,0.72,5,U,-56,10.00"
2026-07-05T20:32:51.337+00:00,/dev/cu.usbserial-576B0005451,"RX,346290,R33,TXE,N61,130,268929,E,0,0.87,0.84,5,U,-49,9.00"
2026-07-05T20:32:51.587+00:00,/dev/cu.usbserial-576B0005451,"RX,346540,R33,TXA,N01,267,269174,D,1,0.24,0.22,5,F,-39,9.75"
2026-07-05T20:32:52.587+00:00,/dev/cu.usbserial-576B0005451,"RX,347540,R33,TXA,N01,268,270174,E,1,0.87,0.84,5,F,-39,9.25"
2026-07-05T20:32:52.853+00:00,/dev/cu.usbserial-576B0005451,"RX,347806,R33,TXB,N16,133,270439,C,0,0.81,0.78,5,U,-56,9.50"
2026-07-05T20:32:53.337+00:00,/dev/cu.usbserial-576B0005451,"RX,348290,R33,TXE,N61,131,270929,G,1,0.93,0.90,5,U,-48,9.25"
2026-07-05T20:32:53.587+00:00,/dev/cu.usbserial-576B0005451,"RX,348540,R33,TXA,N01,269,271174,F,0,0.28,0.26,5,F,-39,9.25"
2026-07-05T20:32:54.088+00:00,/dev/cu.usbserial-576B0005451,"RX,349041,R33,TXD,N46,33,271676,G,1,0.93,0.90,5,U,-48,3.00"
2026-07-05T20:32:54.587+00:00,/dev/cu.usbserial-576B0005451,"RX,349540,R33,TXA,N01,270,272174,G,1,0.93,0.90,5,F,-39,9.75"
2026-07-05T20:32:54.832+00:00,/dev/cu.usbserial-576B0005451,"RX,349785,R33,TXG,N91,32,272425,G,1,0.93,0.90,5,U,-43,4.50"
2026-07-05T20:32:55.337+00:00,/dev/cu.usbserial-576B0005451,"RX,350290,R33,TXE,N61,132,272929,A,1,0.75,0.72,5,U,-48,9.50"
2026-07-05T20:32:55.587+00:00,/dev/cu.usbserial-576B0005451,"RX,350540,R33,TXA,N01,271,273174,H,1,0.32,0.30,5,F,-39,9.50"
2026-07-05T20:32:56.085+00:00,/dev/cu.usbserial-576B0005451,"RX,351038,R33,TXF,N76,67,273678,G,1,0.93,0.90,5,U,-49,9.50"
2026-07-05T20:32:56.337+00:00,/dev/cu.usbserial-576B0005451,"RX,351291,R33,TXC,N31,66,273927,E,1,0.87,0.84,5,U,-39,8.00"
2026-07-05T20:32:56.587+00:00,/dev/cu.usbserial-576B0005451,"RX,351540,R33,TXA,N01,272,274174,A,0,0.75,0.72,5,F,-39,9.50"
2026-07-05T20:32:56.852+00:00,/dev/cu.usbserial-576B0005451,"RX,351806,R33,TXB,N16,135,274439,G,1,0.93,0.90,5,U,-55,9.50"
2026-07-05T20:32:57.337+00:00,/dev/cu.usbserial-576B0005451,"RX,352290,R33,TXE,N61,133,274929,C,0,0.81,0.78,5,U,-48,9.50"
2026-07-05T20:32:57.587+00:00,/dev/cu.usbserial-576B0005451,"RX,352540,R33,TXA,N01,273,275174,B,1,0.20,0.18,5,F,-39,9.25"
2026-07-05T20:32:58.337+00:00,/dev/cu.usbserial-576B0005451,"RX,353291,R33,TXC,N31,67,275927,G,1,0.93,0.90,5,U,-40,9.50"
2026-07-05T20:32:58.587+00:00,/dev/cu.usbserial-576B0005451,"RX,353540,R33,TXA,N01,274,276174,C,1,0.81,0.78,5,F,-39,9.50"
2026-07-05T20:32:58.853+00:00,/dev/cu.usbserial-576B0005451,"RX,353806,R33,TXB,N16,136,276439,A,0,0.75,0.72,5,U,-56,10.00"
2026-07-05T20:32:59.337+00:00,/dev/cu.usbserial-576B0005451,"RX,354290,R33,TXE,N61,134,276929,E,1,0.87,0.84,5,U,-48,9.50"
2026-07-05T20:32:59.587+00:00,/dev/cu.usbserial-576B0005451,"RX,354540,R33,TXA,N01,275,277174,D,0,0.24,0.22,5,F,-40,9.75"
2026-07-05T20:33:00.587+00:00,/dev/cu.usbserial-576B0005451,"RX,355540,R33,TXA,N01,276,278174,E,1,0.87,0.84,5,F,-39,9.75"
2026-07-05T20:33:00.853+00:00,/dev/cu.usbserial-576B0005451,"RX,355806,R33,TXB,N16,137,278439,C,1,0.81,0.78,5,U,-56,9.50"
2026-07-05T20:33:01.337+00:00,/dev/cu.usbserial-576B0005451,"RX,356290,R33,TXE,N61,135,278929,G,1,0.93,0.90,5,U,-48,9.50"
2026-07-05T20:33:01.587+00:00,/dev/cu.usbserial-576B0005451,"RX,356540,R33,TXA,N01,277,279174,F,1,0.28,0.26,5,F,-39,9.25"
2026-07-05T20:33:02.587+00:00,/dev/cu.usbserial-576B0005451,"RX,357540,R33,TXA,N01,278,280174,G,0,0.93,0.90,5,F,-39,9.75"
2026-07-05T20:33:02.832+00:00,/dev/cu.usbserial-576B0005451,"RX,357785,R33,TXG,N91,33,280425,G,1,0.93,0.90,5,U,-43,4.25"
2026-07-05T20:33:03.337+00:00,/dev/cu.usbserial-576B0005451,"RX,358290,R33,TXE,N61,136,280929,A,0,0.75,0.72,5,U,-48,9.75"
2026-07-05T20:33:03.587+00:00,/dev/cu.usbserial-576B0005451,"RX,358540,R33,TXA,N01,279,281174,H,1,0.32,0.30,5,F,-40,9.25"
2026-07-05T20:33:04.084+00:00,/dev/cu.usbserial-576B0005451,"RX,359038,R33,TXF,N76,69,281678,G,0,0.93,0.90,5,U,-50,9.50"
2026-07-05T20:33:04.337+00:00,/dev/cu.usbserial-576B0005451,"RX,359291,R33,TXC,N31,68,281927,E,1,0.87,0.84,5,U,-39,8.75"
2026-07-05T20:33:04.587+00:00,/dev/cu.usbserial-576B0005451,"RX,359540,R33,TXA,N01,280,282174,A,1,0.75,0.72,5,F,-39,9.75"
2026-07-05T20:33:04.853+00:00,/dev/cu.usbserial-576B0005451,"RX,359806,R33,TXB,N16,139,282439,G,0,0.93,0.90,5,U,-55,10.00"
2026-07-05T20:33:05.337+00:00,/dev/cu.usbserial-576B0005451,"RX,360290,R33,TXE,N61,137,282929,C,1,0.81,0.78,5,U,-45,9.50"
2026-07-05T20:33:05.587+00:00,/dev/cu.usbserial-576B0005451,"RX,360540,R33,TXA,N01,281,283174,B,0,0.20,0.18,5,F,-40,9.25"
2026-07-05T20:33:06.337+00:00,/dev/cu.usbserial-576B0005451,"RX,361291,R33,TXC,N31,69,283927,G,0,0.93,0.90,5,U,-40,9.50"
2026-07-05T20:33:06.587+00:00,/dev/cu.usbserial-576B0005451,"RX,361540,R33,TXA,N01,282,284174,C,1,0.81,0.78,5,F,-43,9.50"
2026-07-05T20:33:06.852+00:00,/dev/cu.usbserial-576B0005451,"RX,361806,R33,TXB,N16,140,284439,A,1,0.75,0.72,5,U,-59,9.25"
2026-07-05T20:33:07.337+00:00,/dev/cu.usbserial-576B0005451,"RX,362290,R33,TXE,N61,138,284929,E,1,0.87,0.84,5,U,-45,9.50"
2026-07-05T20:33:07.587+00:00,/dev/cu.usbserial-576B0005451,"RX,362540,R33,TXA,N01,283,285174,D,1,0.24,0.22,5,F,-40,9.50"
2026-07-05T20:33:08.587+00:00,/dev/cu.usbserial-576B0005451,"RX,363540,R33,TXA,N01,284,286174,E,0,0.87,0.84,5,F,-39,10.00"
2026-07-05T20:33:08.853+00:00,/dev/cu.usbserial-576B0005451,"RX,363806,R33,TXB,N16,141,286439,C,1,0.81,0.78,5,U,-55,9.50"
2026-07-05T20:33:09.337+00:00,/dev/cu.usbserial-576B0005451,"RX,364290,R33,TXE,N61,139,286929,G,0,0.93,0.90,5,U,-49,9.25"
2026-07-05T20:33:09.587+00:00,/dev/cu.usbserial-576B0005451,"RX,364540,R33,TXA,N01,285,287174,F,1,0.28,0.26,5,F,-40,9.50"
2026-07-05T20:33:10.587+00:00,/dev/cu.usbserial-576B0005451,"RX,365540,R33,TXA,N01,286,288174,G,1,0.93,0.90,5,F,-39,9.75"
2026-07-05T20:33:10.832+00:00,/dev/cu.usbserial-576B0005451,"RX,365785,R33,TXG,N91,34,288425,G,0,0.93,0.90,5,U,-43,4.50"
2026-07-05T20:33:11.337+00:00,/dev/cu.usbserial-576B0005451,"RX,366290,R33,TXE,N61,140,288929,A,1,0.75,0.72,5,U,-48,10.50"
2026-07-05T20:33:11.587+00:00,/dev/cu.usbserial-576B0005451,"RX,366540,R33,TXA,N01,287,289174,H,0,0.32,0.30,5,F,-39,9.50"
2026-07-05T20:33:12.085+00:00,/dev/cu.usbserial-576B0005451,"RX,367038,R33,TXF,N76,71,289678,G,1,0.93,0.90,5,U,-50,9.75"
2026-07-05T20:33:12.337+00:00,/dev/cu.usbserial-576B0005451,"RX,367291,R33,TXC,N31,70,289927,E,0,0.87,0.84,5,U,-40,5.50"
2026-07-05T20:33:12.587+00:00,/dev/cu.usbserial-576B0005451,"RX,367540,R33,TXA,N01,288,290174,A,1,0.75,0.72,5,F,-39,10.00"
2026-07-05T20:33:12.853+00:00,/dev/cu.usbserial-576B0005451,"RX,367806,R33,TXB,N16,143,290439,G,1,0.93,0.90,5,U,-56,9.75"
2026-07-05T20:33:13.337+00:00,/dev/cu.usbserial-576B0005451,"RX,368290,R33,TXE,N61,141,290929,C,1,0.81,0.78,5,U,-49,9.50"
2026-07-05T20:33:13.587+00:00,/dev/cu.usbserial-576B0005451,"RX,368540,R33,TXA,N01,289,291174,B,1,0.20,0.18,5,F,-39,9.50"
2026-07-05T20:33:14.337+00:00,/dev/cu.usbserial-576B0005451,"RX,369291,R33,TXC,N31,71,291927,G,1,0.93,0.90,5,U,-39,9.50"
2026-07-05T20:33:14.587+00:00,/dev/cu.usbserial-576B0005451,"RX,369540,R33,TXA,N01,290,292174,C,0,0.81,0.78,5,F,-39,9.75"
2026-07-05T20:33:14.853+00:00,/dev/cu.usbserial-576B0005451,"RX,369806,R33,TXB,N16,144,292439,A,1,0.75,0.72,5,U,-56,9.75"
2026-07-05T20:33:15.337+00:00,/dev/cu.usbserial-576B0005451,"RX,370290,R33,TXE,N61,142,292929,E,0,0.87,0.84,5,U,-49,10.00"
2026-07-05T20:33:15.587+00:00,/dev/cu.usbserial-576B0005451,"RX,370540,R33,TXA,N01,291,293174,D,1,0.24,0.22,5,F,-39,9.50"
2026-07-05T20:33:16.587+00:00,/dev/cu.usbserial-576B0005451,"RX,371540,R33,TXA,N01,292,294174,E,1,0.87,0.84,5,F,-39,9.50"
2026-07-05T20:33:16.852+00:00,/dev/cu.usbserial-576B0005451,"RX,371806,R33,TXB,N16,145,294439,C,0,0.81,0.78,5,U,-56,9.75"
2026-07-05T20:33:17.336+00:00,/dev/cu.usbserial-576B0005451,"RX,372290,R33,TXE,N61,143,294929,G,1,0.93,0.90,5,U,-49,9.50"
2026-07-05T20:33:17.587+00:00,/dev/cu.usbserial-576B0005451,"RX,372540,R33,TXA,N01,293,295174,F,0,0.28,0.26,5,F,-40,9.75"
2026-07-05T20:33:18.587+00:00,/dev/cu.usbserial-576B0005451,"RX,373540,R33,TXA,N01,294,296174,G,1,0.93,0.90,5,F,-38,9.25"
2026-07-05T20:33:18.832+00:00,/dev/cu.usbserial-576B0005451,"RX,373785,R33,TXG,N91,35,296425,G,1,0.93,0.90,5,U,-43,2.75"
2026-07-05T20:33:19.337+00:00,/dev/cu.usbserial-576B0005451,"RX,374290,R33,TXE,N61,144,296929,A,1,0.75,0.72,5,U,-51,10.25"
2026-07-05T20:33:19.587+00:00,/dev/cu.usbserial-576B0005451,"RX,374540,R33,TXA,N01,295,297174,H,1,0.32,0.30,5,F,-39,9.75"
2026-07-05T20:33:20.085+00:00,/dev/cu.usbserial-576B0005451,"RX,375038,R33,TXF,N76,73,297678,G,1,0.93,0.90,5,U,-50,10.00"
2026-07-05T20:33:20.337+00:00,/dev/cu.usbserial-576B0005451,"RX,375291,R33,TXC,N31,72,297927,E,1,0.87,0.84,5,U,-38,4.25"
2026-07-05T20:33:20.587+00:00,/dev/cu.usbserial-576B0005451,"RX,375540,R33,TXA,N01,296,298174,A,0,0.75,0.72,5,F,-39,10.00"
2026-07-05T20:33:20.853+00:00,/dev/cu.usbserial-576B0005451,"RX,375806,R33,TXB,N16,147,298439,G,1,0.93,0.90,5,U,-55,10.00"
2026-07-05T20:33:21.337+00:00,/dev/cu.usbserial-576B0005451,"RX,376290,R33,TXE,N61,145,298929,C,0,0.81,0.78,5,U,-51,9.75"
2026-07-05T20:33:21.587+00:00,/dev/cu.usbserial-576B0005451,"RX,376540,R33,TXA,N01,297,299174,B,1,0.20,0.18,5,F,-38,9.75"
2026-07-05T20:33:22.337+00:00,/dev/cu.usbserial-576B0005451,"RX,377291,R33,TXC,N31,73,299927,G,1,0.93,0.90,5,U,-39,9.75"
2026-07-05T20:33:22.587+00:00,/dev/cu.usbserial-576B0005451,"RX,377540,R33,TXA,N01,298,300174,C,1,0.81,0.78,5,F,-39,9.50"
2026-07-05T20:33:22.853+00:00,/dev/cu.usbserial-576B0005451,"RX,377806,R33,TXB,N16,148,300439,A,0,0.75,0.72,5,U,-56,9.75"
2026-07-05T20:33:23.337+00:00,/dev/cu.usbserial-576B0005451,"RX,378290,R33,TXE,N61,146,300929,E,1,0.87,0.84,5,U,-48,9.50"
2026-07-05T20:33:23.587+00:00,/dev/cu.usbserial-576B0005451,"RX,378540,R33,TXA,N01,299,301174,D,0,0.24,0.22,5,F,-39,9.50"
2026-07-05T20:33:24.587+00:00,/dev/cu.usbserial-576B0005451,"RX,379540,R33,TXA,N01,300,302174,E,1,0.87,0.84,5,F,-38,9.25"
2026-07-05T20:33:24.853+00:00,/dev/cu.usbserial-576B0005451,"RX,379806,R33,TXB,N16,149,302439,C,1,0.81,0.78,5,U,-56,9.50"
2026-07-05T20:33:25.337+00:00,/dev/cu.usbserial-576B0005451,"RX,380290,R33,TXE,N61,147,302929,G,1,0.93,0.90,5,U,-50,9.75"
2026-07-05T20:33:25.587+00:00,/dev/cu.usbserial-576B0005451,"RX,380540,R33,TXA,N01,301,303174,F,1,0.28,0.26,5,F,-39,10.00"
2026-07-05T20:33:26.088+00:00,/dev/cu.usbserial-576B0005451,"RX,381041,R33,TXD,N46,37,303676,G,0,0.93,0.90,5,U,-47,3.00"
2026-07-05T20:33:26.587+00:00,/dev/cu.usbserial-576B0005451,"RX,381540,R33,TXA,N01,302,304174,G,0,0.93,0.90,5,F,-39,9.75"
2026-07-05T20:33:26.832+00:00,/dev/cu.usbserial-576B0005451,"RX,381785,R33,TXG,N91,36,304425,G,1,0.93,0.90,5,U,-42,4.75"
2026-07-05T20:33:27.337+00:00,/dev/cu.usbserial-576B0005451,"RX,382290,R33,TXE,N61,148,304929,A,0,0.75,0.72,5,U,-49,10.00"
2026-07-05T20:33:27.587+00:00,/dev/cu.usbserial-576B0005451,"RX,382540,R33,TXA,N01,303,305174,H,1,0.32,0.30,5,F,-39,9.75"
2026-07-05T20:33:28.085+00:00,/dev/cu.usbserial-576B0005451,"RX,383038,R33,TXF,N76,75,305678,G,0,0.93,0.90,5,U,-50,9.50"
2026-07-05T20:33:28.337+00:00,/dev/cu.usbserial-576B0005451,"RX,383290,R33,TXC,N31,74,305927,E,1,0.87,0.84,5,U,-40,9.75"
2026-07-05T20:33:28.587+00:00,/dev/cu.usbserial-576B0005451,"RX,383540,R33,TXA,N01,304,306174,A,1,0.75,0.72,5,F,-39,10.00"
2026-07-05T20:33:28.853+00:00,/dev/cu.usbserial-576B0005451,"RX,383806,R33,TXB,N16,151,306439,G,0,0.93,0.90,5,U,-56,9.75"
2026-07-05T20:33:29.337+00:00,/dev/cu.usbserial-576B0005451,"RX,384290,R33,TXE,N61,149,306929,C,1,0.81,0.78,5,U,-48,9.25"
2026-07-05T20:33:29.587+00:00,/dev/cu.usbserial-576B0005451,"RX,384540,R33,TXA,N01,305,307174,B,0,0.20,0.18,5,F,-40,9.50"
2026-07-05T20:33:30.337+00:00,/dev/cu.usbserial-576B0005451,"RX,385290,R33,TXC,N31,75,307927,G,0,0.93,0.90,5,U,-40,9.75"
2026-07-05T20:33:30.587+00:00,/dev/cu.usbserial-576B0005451,"RX,385540,R33,TXA,N01,306,308174,C,1,0.81,0.78,5,F,-40,8.75"
2026-07-05T20:33:30.853+00:00,/dev/cu.usbserial-576B0005451,"RX,385806,R33,TXB,N16,152,308439,A,1,0.75,0.72,5,U,-56,9.50"
2026-07-05T20:33:31.337+00:00,/dev/cu.usbserial-576B0005451,"RX,386290,R33,TXE,N61,150,308929,E,1,0.87,0.84,5,U,-49,9.50"
2026-07-05T20:33:31.587+00:00,/dev/cu.usbserial-576B0005451,"RX,386540,R33,TXA,N01,307,309174,D,1,0.24,0.22,5,F,-39,9.25"
2026-07-05T20:33:32.587+00:00,/dev/cu.usbserial-576B0005451,"RX,387540,R33,TXA,N01,308,310174,E,0,0.87,0.84,5,F,-39,9.75"
2026-07-05T20:33:32.852+00:00,/dev/cu.usbserial-576B0005451,"RX,387806,R33,TXB,N16,153,310439,C,1,0.81,0.78,5,U,-55,9.75"
2026-07-05T20:33:33.337+00:00,/dev/cu.usbserial-576B0005451,"RX,388290,R33,TXE,N61,151,310929,G,0,0.93,0.90,5,U,-48,9.50"
2026-07-05T20:33:33.587+00:00,/dev/cu.usbserial-576B0005451,"RX,388540,R33,TXA,N01,309,311174,F,1,0.28,0.26,5,F,-42,10.00"
2026-07-05T20:33:34.087+00:00,/dev/cu.usbserial-576B0005451,"RX,389041,R33,TXD,N46,38,311676,G,1,0.93,0.90,5,U,-48,7.25"
2026-07-05T20:33:34.587+00:00,/dev/cu.usbserial-576B0005451,"RX,389540,R33,TXA,N01,310,312174,G,1,0.93,0.90,5,F,-41,9.50"
2026-07-05T20:33:34.832+00:00,/dev/cu.usbserial-576B0005451,"RX,389785,R33,TXG,N91,37,312425,G,0,0.93,0.90,5,U,-43,6.50"
2026-07-05T20:33:35.337+00:00,/dev/cu.usbserial-576B0005451,"RX,390290,R33,TXE,N61,152,312929,A,1,0.75,0.72,5,U,-49,9.75"
2026-07-05T20:33:35.587+00:00,/dev/cu.usbserial-576B0005451,"RX,390540,R33,TXA,N01,311,313174,H,0,0.32,0.30,5,F,-42,10.00"
2026-07-05T20:33:36.085+00:00,/dev/cu.usbserial-576B0005451,"RX,391038,R33,TXF,N76,77,313678,G,1,0.93,0.90,5,U,-48,9.25"
2026-07-05T20:33:36.337+00:00,/dev/cu.usbserial-576B0005451,"RX,391290,R33,TXC,N31,76,313927,E,0,0.87,0.84,5,U,-39,9.75"
2026-07-05T20:33:36.587+00:00,/dev/cu.usbserial-576B0005451,"RX,391540,R33,TXA,N01,312,314174,A,1,0.75,0.72,5,F,-39,9.50"
2026-07-05T20:33:36.852+00:00,/dev/cu.usbserial-576B0005451,"RX,391806,R33,TXB,N16,155,314439,G,1,0.93,0.90,5,U,-56,9.50"
2026-07-05T20:33:37.337+00:00,/dev/cu.usbserial-576B0005451,"RX,392290,R33,TXE,N61,153,314929,C,1,0.81,0.78,5,U,-48,9.50"
2026-07-05T20:33:37.587+00:00,/dev/cu.usbserial-576B0005451,"RX,392540,R33,TXA,N01,313,315174,B,1,0.20,0.18,5,F,-40,9.25"
2026-07-05T20:33:38.337+00:00,/dev/cu.usbserial-576B0005451,"RX,393290,R33,TXC,N31,77,315927,G,1,0.93,0.90,5,U,-39,9.75"
2026-07-05T20:33:38.587+00:00,/dev/cu.usbserial-576B0005451,"RX,393540,R33,TXA,N01,314,316174,C,0,0.81,0.78,5,F,-40,9.25"
2026-07-05T20:33:38.853+00:00,/dev/cu.usbserial-576B0005451,"RX,393806,R33,TXB,N16,156,316439,A,1,0.75,0.72,5,U,-57,9.75"
2026-07-05T20:33:39.337+00:00,/dev/cu.usbserial-576B0005451,"RX,394290,R33,TXE,N61,154,316929,E,0,0.87,0.84,5,U,-48,9.50"
2026-07-05T20:33:39.587+00:00,/dev/cu.usbserial-576B0005451,"RX,394540,R33,TXA,N01,315,317174,D,1,0.24,0.22,5,F,-40,10.25"
2026-07-05T20:33:40.587+00:00,/dev/cu.usbserial-576B0005451,"RX,395540,R33,TXA,N01,316,318174,E,1,0.87,0.84,5,F,-39,9.50"
2026-07-05T20:33:40.853+00:00,/dev/cu.usbserial-576B0005451,"RX,395806,R33,TXB,N16,157,318439,C,0,0.81,0.78,5,U,-56,9.75"
2026-07-05T20:33:41.337+00:00,/dev/cu.usbserial-576B0005451,"RX,396290,R33,TXE,N61,155,318929,G,1,0.93,0.90,5,U,-49,9.75"
2026-07-05T20:33:41.587+00:00,/dev/cu.usbserial-576B0005451,"RX,396540,R33,TXA,N01,317,319174,F,0,0.28,0.26,5,F,-39,9.50"
2026-07-05T20:33:42.088+00:00,/dev/cu.usbserial-576B0005451,"RX,397041,R33,TXD,N46,39,319676,G,1,0.93,0.90,5,U,-48,4.50"
2026-07-05T20:33:42.587+00:00,/dev/cu.usbserial-576B0005451,"RX,397540,R33,TXA,N01,318,320174,G,1,0.93,0.90,5,F,-40,10.00"
2026-07-05T20:33:42.832+00:00,/dev/cu.usbserial-576B0005451,"RX,397785,R33,TXG,N91,38,320425,G,1,0.93,0.90,5,U,-42,5.50"
2026-07-05T20:33:43.337+00:00,/dev/cu.usbserial-576B0005451,"RX,398290,R33,TXE,N61,156,320929,A,1,0.75,0.72,5,U,-49,9.50"
2026-07-05T20:33:43.587+00:00,/dev/cu.usbserial-576B0005451,"RX,398540,R33,TXA,N01,319,321174,H,1,0.32,0.30,5,F,-39,9.75"
2026-07-05T20:33:44.085+00:00,/dev/cu.usbserial-576B0005451,"RX,399038,R33,TXF,N76,79,321678,G,1,0.93,0.90,5,U,-50,9.75"
2026-07-05T20:33:44.337+00:00,/dev/cu.usbserial-576B0005451,"RX,399290,R33,TXC,N31,78,321927,E,1,0.87,0.84,5,U,-40,9.50"
2026-07-05T20:33:44.587+00:00,/dev/cu.usbserial-576B0005451,"RX,399540,R33,TXA,N01,320,322174,A,1,0.75,0.72,5,F,-40,10.00"
2026-07-05T20:33:44.853+00:00,/dev/cu.usbserial-576B0005451,"RX,399806,R33,TXB,N16,159,322439,G,1,0.93,0.90,5,U,-56,9.75"
2026-07-05T20:33:45.337+00:00,/dev/cu.usbserial-576B0005451,"RX,400290,R33,TXE,N61,157,322929,C,0,0.81,0.78,5,U,-49,9.25"
2026-07-05T20:33:45.587+00:00,/dev/cu.usbserial-576B0005451,"RX,400540,R33,TXA,N01,321,323174,B,0,0.20,0.18,5,F,-39,9.75"
2026-07-05T20:33:46.337+00:00,/dev/cu.usbserial-576B0005451,"RX,401290,R33,TXC,N31,79,323927,G,1,0.93,0.90,5,U,-39,9.75"
2026-07-05T20:33:46.587+00:00,/dev/cu.usbserial-576B0005451,"RX,401540,R33,TXA,N01,322,324174,C,1,0.81,0.78,5,F,-40,9.25"
2026-07-05T20:33:46.853+00:00,/dev/cu.usbserial-576B0005451,"RX,401806,R33,TXB,N16,160,324439,A,1,0.75,0.72,5,U,-56,10.25"
2026-07-05T20:33:47.337+00:00,/dev/cu.usbserial-576B0005451,"RX,402290,R33,TXE,N61,158,324929,E,1,0.87,0.84,5,U,-48,9.25"
2026-07-05T20:33:47.587+00:00,/dev/cu.usbserial-576B0005451,"RX,402540,R33,TXA,N01,323,325174,D,1,0.24,0.22,5,F,-40,9.50"
2026-07-05T20:33:48.590+00:00,/dev/cu.usbserial-576B0005451,"RX,403540,R33,TXA,N01,324,326174,E,0,0.87,0.84,5,F,-39,9.50"
2026-07-05T20:33:48.853+00:00,/dev/cu.usbserial-576B0005451,"RX,403806,R33,TXB,N16,161,326439,C,1,0.81,0.78,5,U,-56,9.75"
2026-07-05T20:33:49.337+00:00,/dev/cu.usbserial-576B0005451,"RX,404290,R33,TXE,N61,159,326929,G,1,0.93,0.90,5,U,-50,9.75"
2026-07-05T20:33:49.587+00:00,/dev/cu.usbserial-576B0005451,"RX,404540,R33,TXA,N01,325,327174,F,1,0.28,0.26,5,F,-39,10.00"
2026-07-05T20:33:50.088+00:00,/dev/cu.usbserial-576B0005451,"RX,405041,R33,TXD,N46,40,327676,G,1,0.93,0.90,5,U,-48,4.00"
2026-07-05T20:33:50.587+00:00,/dev/cu.usbserial-576B0005451,"RX,405540,R33,TXA,N01,326,328174,G,1,0.93,0.90,5,F,-39,10.00"
2026-07-05T20:33:50.833+00:00,/dev/cu.usbserial-576B0005451,"RX,405785,R33,TXG,N91,39,328425,G,1,0.93,0.90,5,U,-43,5.25"
2026-07-05T20:33:51.337+00:00,/dev/cu.usbserial-576B0005451,"RX,406290,R33,TXE,N61,160,328929,A,1,0.75,0.72,5,U,-49,10.00"
2026-07-05T20:33:51.587+00:00,/dev/cu.usbserial-576B0005451,"RX,406540,R33,TXA,N01,327,329174,H,0,0.32,0.30,5,F,-39,9.50"
2026-07-05T20:33:52.085+00:00,/dev/cu.usbserial-576B0005451,"RX,407038,R33,TXF,N76,81,329678,G,1,0.93,0.90,5,U,-50,9.50"
2026-07-05T20:33:52.338+00:00,/dev/cu.usbserial-576B0005451,"RX,407290,R33,TXC,N31,80,329927,E,0,0.87,0.84,5,U,-39,10.00"
2026-07-05T20:33:52.587+00:00,/dev/cu.usbserial-576B0005451,"RX,407540,R33,TXA,N01,328,330174,A,1,0.75,0.72,5,F,-39,10.25"
2026-07-05T20:33:52.853+00:00,/dev/cu.usbserial-576B0005451,"RX,407806,R33,TXB,N16,163,330439,G,1,0.93,0.90,5,U,-56,9.50"
2026-07-05T20:33:53.337+00:00,/dev/cu.usbserial-576B0005451,"RX,408290,R33,TXE,N61,161,330929,C,1,0.81,0.78,5,U,-49,9.50"
2026-07-05T20:33:53.587+00:00,/dev/cu.usbserial-576B0005451,"RX,408540,R33,TXA,N01,329,331174,B,1,0.20,0.18,5,F,-39,10.00"
2026-07-05T20:33:54.337+00:00,/dev/cu.usbserial-576B0005451,"RX,409290,R33,TXC,N31,81,331927,G,1,0.93,0.90,5,U,-40,9.75"
2026-07-05T20:33:54.587+00:00,/dev/cu.usbserial-576B0005451,"RX,409540,R33,TXA,N01,330,332174,C,0,0.81,0.78,5,F,-40,10.00"
2026-07-05T20:33:54.853+00:00,/dev/cu.usbserial-576B0005451,"RX,409806,R33,TXB,N16,164,332439,A,1,0.75,0.72,5,U,-55,9.75"
2026-07-05T20:33:55.337+00:00,/dev/cu.usbserial-576B0005451,"RX,410290,R33,TXE,N61,162,332929,E,0,0.87,0.84,5,U,-49,9.75"
2026-07-05T20:33:55.587+00:00,/dev/cu.usbserial-576B0005451,"RX,410540,R33,TXA,N01,331,333174,D,1,0.24,0.22,5,F,-39,9.50"
2026-07-05T20:33:56.587+00:00,/dev/cu.usbserial-576B0005451,"RX,411540,R33,TXA,N01,332,334174,E,1,0.87,0.84,5,F,-39,10.25"
2026-07-05T20:33:56.853+00:00,/dev/cu.usbserial-576B0005451,"RX,411806,R33,TXB,N16,165,334439,C,0,0.81,0.78,5,U,-55,9.75"
2026-07-05T20:33:57.337+00:00,/dev/cu.usbserial-576B0005451,"RX,412290,R33,TXE,N61,163,334929,G,1,0.93,0.90,5,U,-49,9.50"
2026-07-05T20:33:57.587+00:00,/dev/cu.usbserial-576B0005451,"RX,412540,R33,TXA,N01,333,335174,F,0,0.28,0.26,5,F,-39,9.25"
2026-07-05T20:33:58.587+00:00,/dev/cu.usbserial-576B0005451,"RX,413540,R33,TXA,N01,334,336174,G,1,0.93,0.90,5,F,-39,9.75"
2026-07-05T20:33:58.833+00:00,/dev/cu.usbserial-576B0005451,"RX,413785,R33,TXG,N91,40,336425,G,1,0.93,0.90,5,U,-43,5.00"
2026-07-05T20:33:59.337+00:00,/dev/cu.usbserial-576B0005451,"RX,414290,R33,TXE,N61,164,336929,A,1,0.75,0.72,5,U,-49,10.00"
2026-07-05T20:33:59.587+00:00,/dev/cu.usbserial-576B0005451,"RX,414540,R33,TXA,N01,335,337174,H,1,0.32,0.30,5,F,-39,9.25"
2026-07-05T20:34:00.085+00:00,/dev/cu.usbserial-576B0005451,"RX,415038,R33,TXF,N76,83,337678,G,1,0.93,0.90,5,U,-50,9.50"
2026-07-05T20:34:00.337+00:00,/dev/cu.usbserial-576B0005451,"RX,415290,R33,TXC,N31,82,337927,E,1,0.87,0.84,5,U,-40,8.00"
2026-07-05T20:34:00.587+00:00,/dev/cu.usbserial-576B0005451,"RX,415540,R33,TXA,N01,336,338174,A,0,0.75,0.72,5,F,-39,10.00"
2026-07-05T20:34:00.853+00:00,/dev/cu.usbserial-576B0005451,"RX,415806,R33,TXB,N16,167,338439,G,1,0.93,0.90,5,U,-55,9.75"
2026-07-05T20:34:01.337+00:00,/dev/cu.usbserial-576B0005451,"RX,416290,R33,TXE,N61,165,338929,C,0,0.81,0.78,5,U,-50,9.50"
2026-07-05T20:34:01.587+00:00,/dev/cu.usbserial-576B0005451,"RX,416540,R33,TXA,N01,337,339174,B,1,0.20,0.18,5,F,-39,9.25"
2026-07-05T20:34:02.337+00:00,/dev/cu.usbserial-576B0005451,"RX,417290,R33,TXC,N31,83,339927,G,1,0.93,0.90,5,U,-40,9.75"
2026-07-05T20:34:02.587+00:00,/dev/cu.usbserial-576B0005451,"RX,417540,R33,TXA,N01,338,340174,C,1,0.81,0.78,5,F,-39,9.25"
2026-07-05T20:34:02.853+00:00,/dev/cu.usbserial-576B0005451,"RX,417806,R33,TXB,N16,168,340439,A,0,0.75,0.72,5,U,-56,9.50"
2026-07-05T20:34:03.337+00:00,/dev/cu.usbserial-576B0005451,"RX,418290,R33,TXE,N61,166,340929,E,1,0.87,0.84,5,U,-50,9.50"
2026-07-05T20:34:03.587+00:00,/dev/cu.usbserial-576B0005451,"RX,418540,R33,TXA,N01,339,341174,D,0,0.24,0.22,5,F,-39,9.50"
2026-07-05T20:34:04.587+00:00,/dev/cu.usbserial-576B0005451,"RX,419540,R33,TXA,N01,340,342174,E,1,0.87,0.84,5,F,-39,9.50"
2026-07-05T20:34:04.853+00:00,/dev/cu.usbserial-576B0005451,"RX,419806,R33,TXB,N16,169,342439,C,1,0.81,0.78,5,U,-55,9.75"
2026-07-05T20:34:05.337+00:00,/dev/cu.usbserial-576B0005451,"RX,420290,R33,TXE,N61,167,342929,G,1,0.93,0.90,5,U,-50,9.50"
2026-07-05T20:34:05.587+00:00,/dev/cu.usbserial-576B0005451,"RX,420540,R33,TXA,N01,341,343174,F,1,0.28,0.26,5,F,-39,9.75"
2026-07-05T20:34:06.587+00:00,/dev/cu.usbserial-576B0005451,"RX,421540,R33,TXA,N01,342,344174,G,0,0.93,0.90,5,F,-38,9.50"
2026-07-05T20:34:06.833+00:00,/dev/cu.usbserial-576B0005451,"RX,421786,R33,TXG,N91,41,344425,G,1,0.93,0.90,5,U,-44,4.00"
2026-07-05T20:34:07.337+00:00,/dev/cu.usbserial-576B0005451,"RX,422290,R33,TXE,N61,168,344929,A,0,0.75,0.72,5,U,-49,10.00"
2026-07-05T20:34:07.587+00:00,/dev/cu.usbserial-576B0005451,"RX,422540,R33,TXA,N01,343,345174,H,1,0.32,0.30,5,F,-39,9.50"
2026-07-05T20:34:08.085+00:00,/dev/cu.usbserial-576B0005451,"RX,423038,R33,TXF,N76,85,345678,G,0,0.93,0.90,5,U,-49,10.00"
2026-07-05T20:34:08.337+00:00,/dev/cu.usbserial-576B0005451,"RX,423290,R33,TXC,N31,84,345927,E,1,0.87,0.84,5,U,-41,8.00"
2026-07-05T20:34:08.587+00:00,/dev/cu.usbserial-576B0005451,"RX,423540,R33,TXA,N01,344,346174,A,1,0.75,0.72,5,F,-39,9.75"
2026-07-05T20:34:08.853+00:00,/dev/cu.usbserial-576B0005451,"RX,423806,R33,TXB,N16,171,346439,G,0,0.93,0.90,5,U,-56,9.75"
2026-07-05T20:34:09.337+00:00,/dev/cu.usbserial-576B0005451,"RX,424290,R33,TXE,N61,169,346929,C,1,0.81,0.78,5,U,-49,9.25"
2026-07-05T20:34:09.587+00:00,/dev/cu.usbserial-576B0005451,"RX,424540,R33,TXA,N01,345,347174,B,0,0.20,0.18,5,F,-39,9.50"
2026-07-05T20:34:10.337+00:00,/dev/cu.usbserial-576B0005451,"RX,425290,R33,TXC,N31,85,347927,G,0,0.93,0.90,5,U,-41,9.75"
2026-07-05T20:34:10.587+00:00,/dev/cu.usbserial-576B0005451,"RX,425540,R33,TXA,N01,346,348174,C,1,0.81,0.78,5,F,-39,9.50"
2026-07-05T20:34:10.853+00:00,/dev/cu.usbserial-576B0005451,"RX,425806,R33,TXB,N16,172,348439,A,1,0.75,0.72,5,U,-56,10.00"
2026-07-05T20:34:11.337+00:00,/dev/cu.usbserial-576B0005451,"RX,426290,R33,TXE,N61,170,348929,E,1,0.87,0.84,5,U,-49,10.00"
2026-07-05T20:34:11.587+00:00,/dev/cu.usbserial-576B0005451,"RX,426540,R33,TXA,N01,347,349174,D,1,0.24,0.22,5,F,-39,9.50"
2026-07-05T20:34:12.587+00:00,/dev/cu.usbserial-576B0005451,"RX,427540,R33,TXA,N01,348,350174,E,0,0.87,0.84,5,F,-45,9.50"
2026-07-05T20:34:12.853+00:00,/dev/cu.usbserial-576B0005451,"RX,427806,R33,TXB,N16,173,350439,C,1,0.81,0.78,5,U,-61,9.50"
2026-07-05T20:34:13.337+00:00,/dev/cu.usbserial-576B0005451,"RX,428290,R33,TXE,N61,171,350929,G,0,0.93,0.90,5,U,-48,9.50"
2026-07-05T20:34:13.587+00:00,/dev/cu.usbserial-576B0005451,"RX,428540,R33,TXA,N01,349,351174,F,1,0.28,0.26,5,F,-43,9.50"
2026-07-05T20:34:14.587+00:00,/dev/cu.usbserial-576B0005451,"RX,429540,R33,TXA,N01,350,352174,G,1,0.93,0.90,5,F,-43,9.50"
2026-07-05T20:34:14.833+00:00,/dev/cu.usbserial-576B0005451,"RX,429786,R33,TXG,N91,42,352425,G,0,0.93,0.90,5,U,-46,5.00"
2026-07-05T20:34:15.337+00:00,/dev/cu.usbserial-576B0005451,"RX,430290,R33,TXE,N61,172,352929,A,1,0.75,0.72,5,U,-45,9.50"
2026-07-05T20:34:15.587+00:00,/dev/cu.usbserial-576B0005451,"RX,430540,R33,TXA,N01,351,353174,H,0,0.32,0.30,5,F,-44,9.50"
2026-07-05T20:34:16.085+00:00,/dev/cu.usbserial-576B0005451,"RX,431038,R33,TXF,N76,87,353678,G,1,0.93,0.90,5,U,-49,10.00"
2026-07-05T20:34:16.337+00:00,/dev/cu.usbserial-576B0005451,"RX,431290,R33,TXC,N31,86,353927,E,0,0.87,0.84,5,U,-43,9.00"
2026-07-05T20:34:16.587+00:00,/dev/cu.usbserial-576B0005451,"RX,431540,R33,TXA,N01,352,354174,A,1,0.75,0.72,5,F,-44,9.50"
2026-07-05T20:34:16.853+00:00,/dev/cu.usbserial-576B0005451,"RX,431806,R33,TXB,N16,175,354439,G,1,0.93,0.90,5,U,-59,9.50"
2026-07-05T20:34:17.337+00:00,/dev/cu.usbserial-576B0005451,"RX,432290,R33,TXE,N61,173,354929,C,1,0.81,0.78,5,U,-46,9.50"
2026-07-05T20:34:17.587+00:00,/dev/cu.usbserial-576B0005451,"RX,432540,R33,TXA,N01,353,355174,B,1,0.20,0.18,5,F,-44,9.50"
2026-07-05T20:34:18.337+00:00,/dev/cu.usbserial-576B0005451,"RX,433290,R33,TXC,N31,87,355927,G,1,0.93,0.90,5,U,-43,9.50"
2026-07-05T20:34:18.588+00:00,/dev/cu.usbserial-576B0005451,"RX,433540,R33,TXA,N01,354,356174,C,0,0.81,0.78,5,F,-44,10.00"
2026-07-05T20:34:18.853+00:00,/dev/cu.usbserial-576B0005451,"RX,433806,R33,TXB,N16,176,356439,A,1,0.75,0.72,5,U,-60,10.00"
2026-07-05T20:34:19.337+00:00,/dev/cu.usbserial-576B0005451,"RX,434290,R33,TXE,N61,174,356929,E,0,0.87,0.84,5,U,-45,9.75"
2026-07-05T20:34:19.588+00:00,/dev/cu.usbserial-576B0005451,"RX,434540,R33,TXA,N01,355,357174,D,1,0.24,0.22,5,F,-43,9.50"
2026-07-05T20:34:20.587+00:00,/dev/cu.usbserial-576B0005451,"RX,435540,R33,TXA,N01,356,358174,E,1,0.87,0.84,5,F,-42,9.50"
2026-07-05T20:34:20.853+00:00,/dev/cu.usbserial-576B0005451,"RX,435806,R33,TXB,N16,177,358439,C,0,0.81,0.78,5,U,-59,10.00"
2026-07-05T20:34:21.338+00:00,/dev/cu.usbserial-576B0005451,"RX,436290,R33,TXE,N61,175,358929,G,1,0.93,0.90,5,U,-44,12.00"
2026-07-05T20:34:21.587+00:00,/dev/cu.usbserial-576B0005451,"RX,436540,R33,TXA,N01,357,359174,F,0,0.28,0.26,5,F,-43,9.50"
2026-07-05T20:34:22.588+00:00,/dev/cu.usbserial-576B0005451,"RX,437540,R33,TXA,N01,358,360174,G,1,0.93,0.90,5,F,-44,9.50"
2026-07-05T20:34:22.833+00:00,/dev/cu.usbserial-576B0005451,"RX,437786,R33,TXG,N91,43,360425,G,1,0.93,0.90,5,U,-47,5.25"
2026-07-05T20:34:23.337+00:00,/dev/cu.usbserial-576B0005451,"RX,438290,R33,TXE,N61,176,360929,A,1,0.75,0.72,5,U,-43,9.75"
2026-07-05T20:34:23.587+00:00,/dev/cu.usbserial-576B0005451,"RX,438540,R33,TXA,N01,359,361174,H,1,0.32,0.30,5,F,-43,9.75"
2026-07-05T20:34:24.085+00:00,/dev/cu.usbserial-576B0005451,"RX,439038,R33,TXF,N76,89,361678,G,1,0.93,0.90,5,U,-51,9.50"
2026-07-05T20:34:24.337+00:00,/dev/cu.usbserial-576B0005451,"RX,439290,R33,TXC,N31,88,361927,E,1,0.87,0.84,5,U,-41,7.50"
2026-07-05T20:34:24.588+00:00,/dev/cu.usbserial-576B0005451,"RX,439540,R33,TXA,N01,360,362174,A,0,0.75,0.72,5,F,-43,10.00"
2026-07-05T20:34:24.853+00:00,/dev/cu.usbserial-576B0005451,"RX,439806,R33,TXB,N16,179,362439,G,1,0.93,0.90,5,U,-61,9.75"
2026-07-05T20:34:25.337+00:00,/dev/cu.usbserial-576B0005451,"RX,440290,R33,TXE,N61,177,362929,C,0,0.81,0.78,5,U,-45,9.50"
2026-07-05T20:34:25.588+00:00,/dev/cu.usbserial-576B0005451,"RX,440540,R33,TXA,N01,361,363174,B,1,0.20,0.18,5,F,-44,10.00"
2026-07-05T20:34:26.337+00:00,/dev/cu.usbserial-576B0005451,"RX,441290,R33,TXC,N31,89,363927,G,1,0.93,0.90,5,U,-42,9.25"
2026-07-05T20:34:26.588+00:00,/dev/cu.usbserial-576B0005451,"RX,441540,R33,TXA,N01,362,364174,C,1,0.81,0.78,5,F,-43,9.25"
2026-07-05T20:34:26.853+00:00,/dev/cu.usbserial-576B0005451,"RX,441806,R33,TXB,N16,180,364439,A,0,0.75,0.72,5,U,-60,10.00"
2026-07-05T20:34:27.337+00:00,/dev/cu.usbserial-576B0005451,"RX,442290,R33,TXE,N61,178,364929,E,1,0.87,0.84,5,U,-45,9.50"
2026-07-05T20:34:27.587+00:00,/dev/cu.usbserial-576B0005451,"RX,442540,R33,TXA,N01,363,365174,D,0,0.24,0.22,5,F,-44,9.25"
2026-07-05T20:34:28.588+00:00,/dev/cu.usbserial-576B0005451,"RX,443540,R33,TXA,N01,364,366174,E,1,0.87,0.84,5,F,-44,9.75"
2026-07-05T20:34:28.853+00:00,/dev/cu.usbserial-576B0005451,"RX,443806,R33,TXB,N16,181,366439,C,1,0.81,0.78,5,U,-60,9.75"
2026-07-05T20:34:29.337+00:00,/dev/cu.usbserial-576B0005451,"RX,444290,R33,TXE,N61,179,366929,G,1,0.93,0.90,5,U,-45,9.50"
2026-07-05T20:34:29.588+00:00,/dev/cu.usbserial-576B0005451,"RX,444540,R33,TXA,N01,365,367174,F,1,0.28,0.26,5,F,-43,9.25"
2026-07-05T20:34:30.588+00:00,/dev/cu.usbserial-576B0005451,"RX,445540,R33,TXA,N01,366,368174,G,0,0.93,0.90,5,F,-44,9.50"
2026-07-05T20:34:30.832+00:00,/dev/cu.usbserial-576B0005451,"RX,445785,R33,TXG,N91,44,368425,G,1,0.93,0.90,5,U,-47,5.00"
2026-07-05T20:34:31.338+00:00,/dev/cu.usbserial-576B0005451,"RX,446290,R33,TXE,N61,180,368929,A,0,0.75,0.72,5,U,-44,10.00"
2026-07-05T20:34:31.588+00:00,/dev/cu.usbserial-576B0005451,"RX,446540,R33,TXA,N01,367,369174,H,1,0.32,0.30,5,F,-43,9.75"
2026-07-05T20:34:32.085+00:00,/dev/cu.usbserial-576B0005451,"RX,447038,R33,TXF,N76,91,369678,G,0,0.93,0.90,5,U,-50,10.00"
2026-07-05T20:34:32.337+00:00,/dev/cu.usbserial-576B0005451,"RX,447290,R33,TXC,N31,90,369927,E,1,0.87,0.84,5,U,-42,9.75"
2026-07-05T20:34:32.588+00:00,/dev/cu.usbserial-576B0005451,"RX,447540,R33,TXA,N01,368,370174,A,1,0.75,0.72,5,F,-43,9.75"
2026-07-05T20:34:32.853+00:00,/dev/cu.usbserial-576B0005451,"RX,447806,R33,TXB,N16,183,370439,G,0,0.93,0.90,5,U,-60,9.75"
2026-07-05T20:34:33.338+00:00,/dev/cu.usbserial-576B0005451,"RX,448290,R33,TXE,N61,181,370929,C,1,0.81,0.78,5,U,-45,9.25"
2026-07-05T20:34:33.588+00:00,/dev/cu.usbserial-576B0005451,"RX,448540,R33,TXA,N01,369,371174,B,0,0.20,0.18,5,F,-43,9.25"
2026-07-05T20:34:34.337+00:00,/dev/cu.usbserial-576B0005451,"RX,449290,R33,TXC,N31,91,371927,G,0,0.93,0.90,5,U,-42,9.75"
2026-07-05T20:34:34.588+00:00,/dev/cu.usbserial-576B0005451,"RX,449540,R33,TXA,N01,370,372174,C,1,0.81,0.78,5,F,-41,9.50"
2026-07-05T20:34:34.853+00:00,/dev/cu.usbserial-576B0005451,"RX,449806,R33,TXB,N16,184,372439,A,1,0.75,0.72,5,U,-58,9.50"
2026-07-05T20:34:35.338+00:00,/dev/cu.usbserial-576B0005451,"RX,450290,R33,TXE,N61,182,372929,E,1,0.87,0.84,5,U,-51,9.50"
2026-07-05T20:34:35.588+00:00,/dev/cu.usbserial-576B0005451,"RX,450540,R33,TXA,N01,371,373174,D,1,0.24,0.22,5,F,-43,10.00"
2026-07-05T20:34:36.588+00:00,/dev/cu.usbserial-576B0005451,"RX,451540,R33,TXA,N01,372,374174,E,0,0.87,0.84,5,F,-39,9.50"
2026-07-05T20:34:36.854+00:00,/dev/cu.usbserial-576B0005451,"RX,451806,R33,TXB,N16,185,374439,C,1,0.81,0.78,5,U,-56,10.00"
2026-07-05T20:34:37.337+00:00,/dev/cu.usbserial-576B0005451,"RX,452290,R33,TXE,N61,183,374929,G,0,0.93,0.90,5,U,-47,9.25"
2026-07-05T20:34:37.588+00:00,/dev/cu.usbserial-576B0005451,"RX,452540,R33,TXA,N01,373,375174,F,1,0.28,0.26,5,F,-39,10.00"
2026-07-05T20:34:38.588+00:00,/dev/cu.usbserial-576B0005451,"RX,453540,R33,TXA,N01,374,376174,G,1,0.93,0.90,5,F,-39,9.75"
2026-07-05T20:34:38.833+00:00,/dev/cu.usbserial-576B0005451,"RX,453786,R33,TXG,N91,45,376425,G,0,0.93,0.90,5,U,-43,4.50"
2026-07-05T20:34:39.338+00:00,/dev/cu.usbserial-576B0005451,"RX,454290,R33,TXE,N61,184,376929,A,1,0.75,0.72,5,U,-48,9.50"
2026-07-05T20:34:39.588+00:00,/dev/cu.usbserial-576B0005451,"RX,454540,R33,TXA,N01,375,377174,H,0,0.32,0.30,5,F,-39,9.25"
2026-07-05T20:34:40.085+00:00,/dev/cu.usbserial-576B0005451,"RX,455038,R33,TXF,N76,93,377678,G,1,0.93,0.90,5,U,-51,9.75"
2026-07-05T20:34:40.338+00:00,/dev/cu.usbserial-576B0005451,"RX,455290,R33,TXC,N31,92,377927,E,0,0.87,0.84,5,U,-40,9.50"
2026-07-05T20:34:40.588+00:00,/dev/cu.usbserial-576B0005451,"RX,455540,R33,TXA,N01,376,378174,A,1,0.75,0.72,5,F,-39,9.75"
2026-07-05T20:34:40.853+00:00,/dev/cu.usbserial-576B0005451,"RX,455806,R33,TXB,N16,187,378439,G,1,0.93,0.90,5,U,-56,9.50"
2026-07-05T20:34:41.338+00:00,/dev/cu.usbserial-576B0005451,"RX,456290,R33,TXE,N61,185,378929,C,1,0.81,0.78,5,U,-49,9.50"
2026-07-05T20:34:41.588+00:00,/dev/cu.usbserial-576B0005451,"RX,456540,R33,TXA,N01,377,379174,B,1,0.20,0.18,5,F,-39,9.50"
2026-07-05T20:34:42.337+00:00,/dev/cu.usbserial-576B0005451,"RX,457290,R33,TXC,N31,93,379927,G,1,0.93,0.90,5,U,-40,9.75"
2026-07-05T20:34:42.588+00:00,/dev/cu.usbserial-576B0005451,"RX,457540,R33,TXA,N01,378,380174,C,0,0.81,0.78,5,F,-39,9.75"
2026-07-05T20:34:42.854+00:00,/dev/cu.usbserial-576B0005451,"RX,457806,R33,TXB,N16,188,380439,A,1,0.75,0.72,5,U,-55,10.00"
2026-07-05T20:34:43.338+00:00,/dev/cu.usbserial-576B0005451,"RX,458290,R33,TXE,N61,186,380929,E,0,0.87,0.84,5,U,-49,9.25"
2026-07-05T20:34:43.588+00:00,/dev/cu.usbserial-576B0005451,"RX,458540,R33,TXA,N01,379,381174,D,1,0.24,0.22,5,F,-39,9.75"
2026-07-05T20:34:44.588+00:00,/dev/cu.usbserial-576B0005451,"RX,459540,R33,TXA,N01,380,382174,E,1,0.87,0.84,5,F,-39,9.75"
2026-07-05T20:34:44.854+00:00,/dev/cu.usbserial-576B0005451,"RX,459806,R33,TXB,N16,189,382439,C,0,0.81,0.78,5,U,-56,9.50"
2026-07-05T20:34:45.338+00:00,/dev/cu.usbserial-576B0005451,"RX,460290,R33,TXE,N61,187,382929,G,1,0.93,0.90,5,U,-49,9.25"
2026-07-05T20:34:45.588+00:00,/dev/cu.usbserial-576B0005451,"RX,460540,R33,TXA,N01,381,383174,F,0,0.28,0.26,5,F,-39,9.50"
2026-07-05T20:34:46.588+00:00,/dev/cu.usbserial-576B0005451,"RX,461540,R33,TXA,N01,382,384174,G,1,0.93,0.90,5,F,-39,9.75"
2026-07-05T20:34:46.833+00:00,/dev/cu.usbserial-576B0005451,"RX,461786,R33,TXG,N91,46,384425,G,1,0.93,0.90,5,U,-42,5.25"
2026-07-05T20:34:47.338+00:00,/dev/cu.usbserial-576B0005451,"RX,462290,R33,TXE,N61,188,384929,A,1,0.75,0.72,5,U,-50,10.00"
2026-07-05T20:34:47.588+00:00,/dev/cu.usbserial-576B0005451,"RX,462540,R33,TXA,N01,383,385174,H,1,0.32,0.30,5,F,-39,9.50"
2026-07-05T20:34:48.085+00:00,/dev/cu.usbserial-576B0005451,"RX,463038,R33,TXF,N76,95,385678,G,1,0.93,0.90,5,U,-51,10.00"
2026-07-05T20:34:48.338+00:00,/dev/cu.usbserial-576B0005451,"RX,463290,R33,TXC,N31,94,385927,E,1,0.87,0.84,5,U,-39,9.50"
2026-07-05T20:34:48.588+00:00,/dev/cu.usbserial-576B0005451,"RX,463540,R33,TXA,N01,384,386174,A,1,0.75,0.72,5,F,-38,9.50"
2026-07-05T20:34:48.854+00:00,/dev/cu.usbserial-576B0005451,"RX,463806,R33,TXB,N16,191,386439,G,1,0.93,0.90,5,U,-55,10.00"
2026-07-05T20:34:49.338+00:00,/dev/cu.usbserial-576B0005451,"RX,464290,R33,TXE,N61,189,386929,C,0,0.81,0.78,5,U,-51,9.50"
2026-07-05T20:34:49.588+00:00,/dev/cu.usbserial-576B0005451,"RX,464540,R33,TXA,N01,385,387174,B,0,0.20,0.18,5,F,-39,9.75"
2026-07-05T20:34:50.337+00:00,/dev/cu.usbserial-576B0005451,"RX,465290,R33,TXC,N31,95,387927,G,1,0.93,0.90,5,U,-39,9.50"
2026-07-05T20:34:50.588+00:00,/dev/cu.usbserial-576B0005451,"RX,465540,R33,TXA,N01,386,388174,C,1,0.81,0.78,5,F,-39,9.75"
2026-07-05T20:34:50.854+00:00,/dev/cu.usbserial-576B0005451,"RX,465806,R33,TXB,N16,192,388439,A,1,0.75,0.72,5,U,-55,9.75"
2026-07-05T20:34:51.338+00:00,/dev/cu.usbserial-576B0005451,"RX,466290,R33,TXE,N61,190,388929,E,1,0.87,0.84,5,U,-51,9.75"
2026-07-05T20:34:51.588+00:00,/dev/cu.usbserial-576B0005451,"RX,466540,R33,TXA,N01,387,389174,D,1,0.24,0.22,5,F,-38,9.75"
2026-07-05T20:34:52.588+00:00,/dev/cu.usbserial-576B0005451,"RX,467540,R33,TXA,N01,388,390174,E,0,0.87,0.84,5,F,-39,9.75"
2026-07-05T20:34:52.854+00:00,/dev/cu.usbserial-576B0005451,"RX,467806,R33,TXB,N16,193,390439,C,1,0.81,0.78,5,U,-55,9.50"
2026-07-05T20:34:53.338+00:00,/dev/cu.usbserial-576B0005451,"RX,468290,R33,TXE,N61,191,390929,G,1,0.93,0.90,5,U,-51,10.00"
2026-07-05T20:34:53.588+00:00,/dev/cu.usbserial-576B0005451,"RX,468540,R33,TXA,N01,389,391174,F,1,0.28,0.26,5,F,-39,9.50"
2026-07-05T20:34:54.588+00:00,/dev/cu.usbserial-576B0005451,"RX,469540,R33,TXA,N01,390,392174,G,1,0.93,0.90,5,F,-39,9.50"
2026-07-05T20:34:54.833+00:00,/dev/cu.usbserial-576B0005451,"RX,469786,R33,TXG,N91,47,392425,G,1,0.93,0.90,5,U,-43,4.00"
2026-07-05T20:34:55.338+00:00,/dev/cu.usbserial-576B0005451,"RX,470290,R33,TXE,N61,192,392929,A,1,0.75,0.72,5,U,-51,9.50"
2026-07-05T20:34:55.588+00:00,/dev/cu.usbserial-576B0005451,"RX,470540,R33,TXA,N01,391,393174,H,0,0.32,0.30,5,F,-39,9.75"
2026-07-05T20:34:56.085+00:00,/dev/cu.usbserial-576B0005451,"RX,471038,R33,TXF,N76,97,393678,G,1,0.93,0.90,5,U,-50,10.00"
2026-07-05T20:34:56.338+00:00,/dev/cu.usbserial-576B0005451,"RX,471290,R33,TXC,N31,96,393927,E,0,0.87,0.84,5,U,-39,9.50"
2026-07-05T20:34:56.588+00:00,/dev/cu.usbserial-576B0005451,"RX,471540,R33,TXA,N01,392,394174,A,1,0.75,0.72,5,F,-38,9.50"
2026-07-05T20:34:56.854+00:00,/dev/cu.usbserial-576B0005451,"RX,471806,R33,TXB,N16,195,394439,G,1,0.93,0.90,5,U,-55,9.75"
2026-07-05T20:34:57.338+00:00,/dev/cu.usbserial-576B0005451,"RX,472290,R33,TXE,N61,193,394929,C,1,0.81,0.78,5,U,-51,9.75"
2026-07-05T20:34:57.588+00:00,/dev/cu.usbserial-576B0005451,"RX,472540,R33,TXA,N01,393,395174,B,1,0.20,0.18,5,F,-39,9.50"
2026-07-05T20:34:58.338+00:00,/dev/cu.usbserial-576B0005451,"RX,473290,R33,TXC,N31,97,395927,G,1,0.93,0.90,5,U,-39,11.75"
2026-07-05T20:34:58.588+00:00,/dev/cu.usbserial-576B0005451,"RX,473540,R33,TXA,N01,394,396174,C,0,0.81,0.78,5,F,-39,9.75"
2026-07-05T20:34:58.854+00:00,/dev/cu.usbserial-576B0005451,"RX,473806,R33,TXB,N16,196,396439,A,1,0.75,0.72,5,U,-55,9.75"
2026-07-05T20:34:59.338+00:00,/dev/cu.usbserial-576B0005451,"RX,474290,R33,TXE,N61,194,396929,E,0,0.87,0.84,5,U,-51,9.75"
2026-07-05T20:34:59.588+00:00,/dev/cu.usbserial-576B0005451,"RX,474540,R33,TXA,N01,395,397174,D,1,0.24,0.22,5,F,-39,9.75"
2026-07-05T20:35:00.588+00:00,/dev/cu.usbserial-576B0005451,"RX,475540,R33,TXA,N01,396,398174,E,1,0.87,0.84,5,F,-39,9.50"
2026-07-05T20:35:00.854+00:00,/dev/cu.usbserial-576B0005451,"RX,475806,R33,TXB,N16,197,398439,C,0,0.81,0.78,5,U,-55,9.75"
2026-07-05T20:35:01.338+00:00,/dev/cu.usbserial-576B0005451,"RX,476290,R33,TXE,N61,195,398929,G,1,0.93,0.90,5,U,-49,10.00"
2026-07-05T20:35:01.588+00:00,/dev/cu.usbserial-576B0005451,"RX,476540,R33,TXA,N01,397,399174,F,0,0.28,0.26,5,F,-39,9.50"
2026-07-05T20:35:02.588+00:00,/dev/cu.usbserial-576B0005451,"RX,477540,R33,TXA,N01,398,400174,G,1,0.93,0.90,5,F,-39,9.50"
2026-07-05T20:35:02.833+00:00,/dev/cu.usbserial-576B0005451,"RX,477786,R33,TXG,N91,48,400425,G,1,0.93,0.90,5,U,-43,4.25"
2026-07-05T20:35:03.338+00:00,/dev/cu.usbserial-576B0005451,"RX,478290,R33,TXE,N61,196,400929,A,1,0.75,0.72,5,U,-50,9.50"
2026-07-05T20:35:03.588+00:00,/dev/cu.usbserial-576B0005451,"RX,478540,R33,TXA,N01,399,401174,H,1,0.32,0.30,5,F,-39,9.50"
2026-07-05T20:35:04.085+00:00,/dev/cu.usbserial-576B0005451,"RX,479038,R33,TXF,N76,99,401678,G,1,0.93,0.90,5,U,-51,10.00"
2026-07-05T20:35:04.338+00:00,/dev/cu.usbserial-576B0005451,"RX,479290,R33,TXC,N31,98,401927,E,1,0.87,0.84,5,U,-38,4.50"
2026-07-05T20:35:04.588+00:00,/dev/cu.usbserial-576B0005451,"RX,479540,R33,TXA,N01,400,402174,A,0,0.75,0.72,5,F,-39,10.00"
2026-07-05T20:35:05.338+00:00,/dev/cu.usbserial-576B0005451,"RX,480290,R33,TXE,N61,197,402929,C,0,0.81,0.78,5,U,-51,9.50"
2026-07-05T20:35:05.588+00:00,/dev/cu.usbserial-576B0005451,"RX,480540,R33,TXA,N01,401,403174,B,1,0.20,0.18,5,F,-39,9.50"
2026-07-05T20:35:06.338+00:00,/dev/cu.usbserial-576B0005451,"RX,481290,R33,TXC,N31,99,403927,G,1,0.93,0.90,5,U,-39,9.75"
2026-07-05T20:35:06.588+00:00,/dev/cu.usbserial-576B0005451,"RX,481540,R33,TXA,N01,402,404174,C,1,0.81,0.78,5,F,-39,9.75"
2026-07-05T20:35:06.854+00:00,/dev/cu.usbserial-576B0005451,"RX,481806,R33,TXB,N16,200,404439,A,0,0.75,0.72,5,U,-55,9.75"
2026-07-05T20:35:07.338+00:00,/dev/cu.usbserial-576B0005451,"RX,482290,R33,TXE,N61,198,404929,E,1,0.87,0.84,5,U,-50,9.50"
2026-07-05T20:35:07.588+00:00,/dev/cu.usbserial-576B0005451,"RX,482540,R33,TXA,N01,403,405174,D,0,0.24,0.22,5,F,-39,9.75"
2026-07-05T20:35:08.588+00:00,/dev/cu.usbserial-576B0005451,"RX,483540,R33,TXA,N01,404,406174,E,1,0.87,0.84,5,F,-39,9.75"
2026-07-05T20:35:08.854+00:00,/dev/cu.usbserial-576B0005451,"RX,483806,R33,TXB,N16,201,406439,C,1,0.81,0.78,5,U,-55,10.00"
2026-07-05T20:35:09.338+00:00,/dev/cu.usbserial-576B0005451,"RX,484290,R33,TXE,N61,199,406929,G,1,0.93,0.90,5,U,-50,9.50"
2026-07-05T20:35:09.588+00:00,/dev/cu.usbserial-576B0005451,"RX,484540,R33,TXA,N01,405,407174,F,1,0.28,0.26,5,F,-39,9.25"
2026-07-05T20:35:10.588+00:00,/dev/cu.usbserial-576B0005451,"RX,485540,R33,TXA,N01,406,408174,G,0,0.93,0.90,5,F,-39,9.50"
2026-07-05T20:35:10.833+00:00,/dev/cu.usbserial-576B0005451,"RX,485786,R33,TXG,N91,49,408425,G,1,0.93,0.90,5,U,-43,4.25"
2026-07-05T20:35:11.338+00:00,/dev/cu.usbserial-576B0005451,"RX,486290,R33,TXE,N61,200,408929,A,0,0.75,0.72,5,U,-49,9.75"
2026-07-05T20:35:11.588+00:00,/dev/cu.usbserial-576B0005451,"RX,486540,R33,TXA,N01,407,409174,H,1,0.32,0.30,5,F,-39,9.25"
2026-07-05T20:35:12.085+00:00,/dev/cu.usbserial-576B0005451,"RX,487038,R33,TXF,N76,101,409678,G,0,0.93,0.90,5,U,-51,12.25"
2026-07-05T20:35:12.338+00:00,/dev/cu.usbserial-576B0005451,"RX,487290,R33,TXC,N31,100,409927,E,1,0.87,0.84,5,U,-36,3.50"
2026-07-05T20:35:12.588+00:00,/dev/cu.usbserial-576B0005451,"RX,487540,R33,TXA,N01,408,410174,A,1,0.75,0.72,5,F,-39,9.50"
2026-07-05T20:35:12.854+00:00,/dev/cu.usbserial-576B0005451,"RX,487806,R33,TXB,N16,203,410439,G,0,0.93,0.90,5,U,-55,9.50"
2026-07-05T20:35:13.338+00:00,/dev/cu.usbserial-576B0005451,"RX,488290,R33,TXE,N61,201,410929,C,1,0.81,0.78,5,U,-50,9.50"
2026-07-05T20:35:13.588+00:00,/dev/cu.usbserial-576B0005451,"RX,488540,R33,TXA,N01,409,411174,B,0,0.20,0.18,5,F,-38,9.75"
2026-07-05T20:35:14.338+00:00,/dev/cu.usbserial-576B0005451,"RX,489290,R33,TXC,N31,101,411927,G,0,0.93,0.90,5,U,-39,9.50"
2026-07-05T20:35:14.588+00:00,/dev/cu.usbserial-576B0005451,"RX,489540,R33,TXA,N01,410,412174,C,1,0.81,0.78,5,F,-39,9.75"
2026-07-05T20:35:14.854+00:00,/dev/cu.usbserial-576B0005451,"RX,489806,R33,TXB,N16,204,412439,A,1,0.75,0.72,5,U,-55,9.75"
2026-07-05T20:35:15.338+00:00,/dev/cu.usbserial-576B0005451,"RX,490290,R33,TXE,N61,202,412929,E,1,0.87,0.84,5,U,-50,9.25"
2026-07-05T20:35:15.588+00:00,/dev/cu.usbserial-576B0005451,"RX,490540,R33,TXA,N01,411,413174,D,1,0.24,0.22,5,F,-39,9.50"
2026-07-05T20:35:16.588+00:00,/dev/cu.usbserial-576B0005451,"RX,491540,R33,TXA,N01,412,414174,E,0,0.87,0.84,5,F,-39,9.50"
2026-07-05T20:35:16.853+00:00,/dev/cu.usbserial-576B0005451,"RX,491806,R33,TXB,N16,205,414439,C,1,0.81,0.78,5,U,-55,9.25"
2026-07-05T20:35:17.338+00:00,/dev/cu.usbserial-576B0005451,"RX,492290,R33,TXE,N61,203,414929,G,0,0.93,0.90,5,U,-49,9.75"
2026-07-05T20:35:17.588+00:00,/dev/cu.usbserial-576B0005451,"RX,492540,R33,TXA,N01,413,415174,F,1,0.28,0.26,5,F,-39,10.00"
2026-07-05T20:35:18.588+00:00,/dev/cu.usbserial-576B0005451,"RX,493540,R33,TXA,N01,414,416174,G,1,0.93,0.90,5,F,-38,10.00"
2026-07-05T20:35:18.833+00:00,/dev/cu.usbserial-576B0005451,"RX,493786,R33,TXG,N91,50,416425,G,0,0.93,0.90,5,U,-43,4.00"
2026-07-05T20:35:19.338+00:00,/dev/cu.usbserial-576B0005451,"RX,494290,R33,TXE,N61,204,416929,A,1,0.75,0.72,5,U,-49,10.00"
2026-07-05T20:35:19.588+00:00,/dev/cu.usbserial-576B0005451,"RX,494540,R33,TXA,N01,415,417174,H,0,0.32,0.30,5,F,-38,9.50"
2026-07-05T20:35:20.085+00:00,/dev/cu.usbserial-576B0005451,"RX,495038,R33,TXF,N76,103,417678,G,1,0.93,0.90,5,U,-49,10.00"
2026-07-05T20:35:20.338+00:00,/dev/cu.usbserial-576B0005451,"RX,495290,R33,TXC,N31,102,417927,E,0,0.87,0.84,5,U,-40,4.75"
2026-07-05T20:35:20.588+00:00,/dev/cu.usbserial-576B0005451,"RX,495540,R33,TXA,N01,416,418174,A,1,0.75,0.72,5,F,-39,9.75"
2026-07-05T20:35:20.854+00:00,/dev/cu.usbserial-576B0005451,"RX,495806,R33,TXB,N16,207,418439,G,1,0.93,0.90,5,U,-56,9.50"
2026-07-05T20:35:21.338+00:00,/dev/cu.usbserial-576B0005451,"RX,496290,R33,TXE,N61,205,418929,C,1,0.81,0.78,5,U,-47,9.75"
2026-07-05T20:35:21.588+00:00,/dev/cu.usbserial-576B0005451,"RX,496540,R33,TXA,N01,417,419174,B,1,0.20,0.18,5,F,-39,9.50"
2026-07-05T20:35:22.338+00:00,/dev/cu.usbserial-576B0005451,"RX,497290,R33,TXC,N31,103,419927,G,1,0.93,0.90,5,U,-40,9.75"
2026-07-05T20:35:22.588+00:00,/dev/cu.usbserial-576B0005451,"RX,497540,R33,TXA,N01,418,420174,C,0,0.81,0.78,5,F,-38,10.00"
2026-07-05T20:35:22.854+00:00,/dev/cu.usbserial-576B0005451,"RX,497806,R33,TXB,N16,208,420439,A,1,0.75,0.72,5,U,-55,10.00"
2026-07-05T20:35:23.338+00:00,/dev/cu.usbserial-576B0005451,"RX,498290,R33,TXE,N61,206,420929,E,0,0.87,0.84,5,U,-48,9.50"
2026-07-05T20:35:23.588+00:00,/dev/cu.usbserial-576B0005451,"RX,498540,R33,TXA,N01,419,421174,D,1,0.24,0.22,5,F,-39,10.00"
2026-07-05T20:35:24.588+00:00,/dev/cu.usbserial-576B0005451,"RX,499540,R33,TXA,N01,420,422174,E,1,0.87,0.84,5,F,-39,9.75"
2026-07-05T20:35:24.854+00:00,/dev/cu.usbserial-576B0005451,"RX,499806,R33,TXB,N16,209,422439,C,0,0.81,0.78,5,U,-55,9.75"
2026-07-05T20:35:25.338+00:00,/dev/cu.usbserial-576B0005451,"RX,500290,R33,TXE,N61,207,422929,G,1,0.93,0.90,5,U,-48,9.50"
2026-07-05T20:35:25.588+00:00,/dev/cu.usbserial-576B0005451,"RX,500540,R33,TXA,N01,421,423174,F,0,0.28,0.26,5,F,-39,9.75"
2026-07-05T20:35:26.588+00:00,/dev/cu.usbserial-576B0005451,"RX,501540,R33,TXA,N01,422,424174,G,1,0.93,0.90,5,F,-39,9.50"
2026-07-05T20:35:26.833+00:00,/dev/cu.usbserial-576B0005451,"RX,501786,R33,TXG,N91,51,424425,G,1,0.93,0.90,5,U,-44,3.75"
2026-07-05T20:35:27.338+00:00,/dev/cu.usbserial-576B0005451,"RX,502290,R33,TXE,N61,208,424929,A,1,0.75,0.72,5,U,-49,9.50"
2026-07-05T20:35:27.588+00:00,/dev/cu.usbserial-576B0005451,"RX,502540,R33,TXA,N01,423,425174,H,1,0.32,0.30,5,F,-39,9.25"
2026-07-05T20:35:28.086+00:00,/dev/cu.usbserial-576B0005451,"RX,503038,R33,TXF,N76,105,425678,G,1,0.93,0.90,5,U,-49,10.25"
2026-07-05T20:35:28.338+00:00,/dev/cu.usbserial-576B0005451,"RX,503290,R33,TXC,N31,104,425927,E,1,0.87,0.84,5,U,-39,7.75"
2026-07-05T20:35:28.588+00:00,/dev/cu.usbserial-576B0005451,"RX,503540,R33,TXA,N01,424,426174,A,0,0.75,0.72,5,F,-38,10.25"
2026-07-05T20:35:28.854+00:00,/dev/cu.usbserial-576B0005451,"RX,503806,R33,TXB,N16,211,426439,G,1,0.93,0.90,5,U,-55,9.50"
2026-07-05T20:35:29.338+00:00,/dev/cu.usbserial-576B0005451,"RX,504290,R33,TXE,N61,209,426929,C,0,0.81,0.78,5,U,-48,9.25"
2026-07-05T20:35:29.588+00:00,/dev/cu.usbserial-576B0005451,"RX,504540,R33,TXA,N01,425,427174,B,1,0.20,0.18,5,F,-39,9.50"
2026-07-05T20:35:30.338+00:00,/dev/cu.usbserial-576B0005451,"RX,505290,R33,TXC,N31,105,427927,G,1,0.93,0.90,5,U,-39,9.75"
2026-07-05T20:35:30.588+00:00,/dev/cu.usbserial-576B0005451,"RX,505540,R33,TXA,N01,426,428174,C,1,0.81,0.78,5,F,-39,9.75"
2026-07-05T20:35:30.854+00:00,/dev/cu.usbserial-576B0005451,"RX,505806,R33,TXB,N16,212,428439,A,0,0.75,0.72,5,U,-56,10.00"
2026-07-05T20:35:31.338+00:00,/dev/cu.usbserial-576B0005451,"RX,506290,R33,TXE,N61,210,428929,E,1,0.87,0.84,5,U,-49,9.25"
2026-07-05T20:35:31.588+00:00,/dev/cu.usbserial-576B0005451,"RX,506540,R33,TXA,N01,427,429174,D,0,0.24,0.22,5,F,-39,9.75"
2026-07-05T20:35:32.588+00:00,/dev/cu.usbserial-576B0005451,"RX,507540,R33,TXA,N01,428,430174,E,1,0.87,0.84,5,F,-39,9.50"
2026-07-05T20:35:32.854+00:00,/dev/cu.usbserial-576B0005451,"RX,507806,R33,TXB,N16,213,430439,C,1,0.81,0.78,5,U,-56,9.25"
2026-07-05T20:35:33.338+00:00,/dev/cu.usbserial-576B0005451,"RX,508290,R33,TXE,N61,211,430929,G,1,0.93,0.90,5,U,-48,9.25"
2026-07-05T20:35:33.588+00:00,/dev/cu.usbserial-576B0005451,"RX,508540,R33,TXA,N01,429,431174,F,1,0.28,0.26,5,F,-39,9.50"
2026-07-05T20:35:34.588+00:00,/dev/cu.usbserial-576B0005451,"RX,509540,R33,TXA,N01,430,432174,G,0,0.93,0.90,5,F,-39,9.50"
2026-07-05T20:35:34.833+00:00,/dev/cu.usbserial-576B0005451,"RX,509786,R33,TXG,N91,52,432425,G,1,0.93,0.90,5,U,-46,2.25"
2026-07-05T20:35:35.338+00:00,/dev/cu.usbserial-576B0005451,"RX,510290,R33,TXE,N61,212,432929,A,0,0.75,0.72,5,U,-46,9.75"
2026-07-05T20:35:35.588+00:00,/dev/cu.usbserial-576B0005451,"RX,510540,R33,TXA,N01,431,433174,H,1,0.32,0.30,5,F,-39,9.50"
2026-07-05T20:35:36.085+00:00,/dev/cu.usbserial-576B0005451,"RX,511038,R33,TXF,N76,107,433678,G,0,0.93,0.90,5,U,-49,9.25"
2026-07-05T20:35:36.338+00:00,/dev/cu.usbserial-576B0005451,"RX,511290,R33,TXC,N31,106,433927,E,1,0.87,0.84,5,U,-40,10.25"
2026-07-05T20:35:36.588+00:00,/dev/cu.usbserial-576B0005451,"RX,511540,R33,TXA,N01,432,434174,A,1,0.75,0.72,5,F,-39,10.50"
2026-07-05T20:35:36.853+00:00,/dev/cu.usbserial-576B0005451,"RX,511806,R33,TXB,N16,215,434439,G,0,0.93,0.90,5,U,-56,9.75"
2026-07-05T20:35:37.338+00:00,/dev/cu.usbserial-576B0005451,"RX,512290,R33,TXE,N61,213,434929,C,1,0.81,0.78,5,U,-48,9.00"
2026-07-05T20:35:37.588+00:00,/dev/cu.usbserial-576B0005451,"RX,512540,R33,TXA,N01,433,435174,B,0,0.20,0.18,5,F,-39,9.50"
2026-07-05T20:35:38.338+00:00,/dev/cu.usbserial-576B0005451,"RX,513290,R33,TXC,N31,107,435927,G,0,0.93,0.90,5,U,-40,9.50"
2026-07-05T20:35:38.588+00:00,/dev/cu.usbserial-576B0005451,"RX,513540,R33,TXA,N01,434,436174,C,1,0.81,0.78,5,F,-39,10.00"
2026-07-05T20:35:38.854+00:00,/dev/cu.usbserial-576B0005451,"RX,513806,R33,TXB,N16,216,436439,A,1,0.75,0.72,5,U,-55,9.75"
2026-07-05T20:35:39.338+00:00,/dev/cu.usbserial-576B0005451,"RX,514290,R33,TXE,N61,214,436929,E,1,0.87,0.84,5,U,-49,9.75"
2026-07-05T20:35:39.588+00:00,/dev/cu.usbserial-576B0005451,"RX,514540,R33,TXA,N01,435,437174,D,1,0.24,0.22,5,F,-39,9.50"
2026-07-05T20:35:40.588+00:00,/dev/cu.usbserial-576B0005451,"RX,515540,R33,TXA,N01,436,438174,E,0,0.87,0.84,5,F,-38,9.50"
2026-07-05T20:35:40.854+00:00,/dev/cu.usbserial-576B0005451,"RX,515806,R33,TXB,N16,217,438439,C,1,0.81,0.78,5,U,-55,9.50"
2026-07-05T20:35:41.338+00:00,/dev/cu.usbserial-576B0005451,"RX,516290,R33,TXE,N61,215,438929,G,0,0.93,0.90,5,U,-49,9.25"
2026-07-05T20:35:41.588+00:00,/dev/cu.usbserial-576B0005451,"RX,516540,R33,TXA,N01,437,439174,F,1,0.28,0.26,5,F,-39,10.00"
2026-07-05T20:35:42.588+00:00,/dev/cu.usbserial-576B0005451,"RX,517541,R33,TXA,N01,438,440174,G,1,0.93,0.90,5,F,-39,9.75"
2026-07-05T20:35:42.833+00:00,/dev/cu.usbserial-576B0005451,"RX,517786,R33,TXG,N91,53,440425,G,0,0.93,0.90,5,U,-44,3.00"
2026-07-05T20:35:43.338+00:00,/dev/cu.usbserial-576B0005451,"RX,518290,R33,TXE,N61,216,440929,A,1,0.75,0.72,5,U,-48,9.50"
2026-07-05T20:35:43.588+00:00,/dev/cu.usbserial-576B0005451,"RX,518541,R33,TXA,N01,439,441174,H,0,0.32,0.30,5,F,-39,9.75"
2026-07-05T20:35:44.085+00:00,/dev/cu.usbserial-576B0005451,"RX,519038,R33,TXF,N76,109,441678,G,1,0.93,0.90,5,U,-49,9.75"
2026-07-05T20:35:44.338+00:00,/dev/cu.usbserial-576B0005451,"RX,519290,R33,TXC,N31,108,441927,E,0,0.87,0.84,5,U,-41,9.50"
2026-07-05T20:35:44.588+00:00,/dev/cu.usbserial-576B0005451,"RX,519541,R33,TXA,N01,440,442174,A,1,0.75,0.72,5,F,-38,10.00"
2026-07-05T20:35:44.854+00:00,/dev/cu.usbserial-576B0005451,"RX,519806,R33,TXB,N16,219,442439,G,1,0.93,0.90,5,U,-55,9.50"
2026-07-05T20:35:45.338+00:00,/dev/cu.usbserial-576B0005451,"RX,520290,R33,TXE,N61,217,442929,C,1,0.81,0.78,5,U,-48,9.00"
2026-07-05T20:35:45.588+00:00,/dev/cu.usbserial-576B0005451,"RX,520540,R33,TXA,N01,441,443174,B,1,0.20,0.18,5,F,-39,9.75"
2026-07-05T20:35:46.338+00:00,/dev/cu.usbserial-576B0005451,"RX,521290,R33,TXC,N31,109,443927,G,1,0.93,0.90,5,U,-40,9.50"
2026-07-05T20:35:46.588+00:00,/dev/cu.usbserial-576B0005451,"RX,521540,R33,TXA,N01,442,444174,C,0,0.81,0.78,5,F,-39,9.75"
2026-07-05T20:35:46.854+00:00,/dev/cu.usbserial-576B0005451,"RX,521806,R33,TXB,N16,220,444439,A,1,0.75,0.72,5,U,-56,9.75"
2026-07-05T20:35:47.338+00:00,/dev/cu.usbserial-576B0005451,"RX,522290,R33,TXE,N61,218,444929,E,0,0.87,0.84,5,U,-49,9.25"
2026-07-05T20:35:47.588+00:00,/dev/cu.usbserial-576B0005451,"RX,522541,R33,TXA,N01,443,445174,D,1,0.24,0.22,5,F,-39,9.75"
2026-07-05T20:35:48.588+00:00,/dev/cu.usbserial-576B0005451,"RX,523541,R33,TXA,N01,444,446174,E,1,0.87,0.84,5,F,-38,9.50"
2026-07-05T20:35:48.854+00:00,/dev/cu.usbserial-576B0005451,"RX,523806,R33,TXB,N16,221,446439,C,0,0.81,0.78,5,U,-55,9.50"
2026-07-05T20:35:49.338+00:00,/dev/cu.usbserial-576B0005451,"RX,524290,R33,TXE,N61,219,446929,G,1,0.93,0.90,5,U,-50,9.50"
2026-07-05T20:35:49.588+00:00,/dev/cu.usbserial-576B0005451,"RX,524541,R33,TXA,N01,445,447174,F,0,0.28,0.26,5,F,-37,9.25"
2026-07-05T20:35:50.588+00:00,/dev/cu.usbserial-576B0005451,"RX,525541,R33,TXA,N01,446,448174,G,1,0.93,0.90,5,F,-38,9.75"
2026-07-05T20:35:50.833+00:00,/dev/cu.usbserial-576B0005451,"RX,525786,R33,TXG,N91,54,448425,G,1,0.93,0.90,5,U,-43,3.25"
2026-07-05T20:35:51.338+00:00,/dev/cu.usbserial-576B0005451,"RX,526290,R33,TXE,N61,220,448929,A,1,0.75,0.72,5,U,-49,9.50"
2026-07-05T20:35:51.588+00:00,/dev/cu.usbserial-576B0005451,"RX,526541,R33,TXA,N01,447,449174,H,1,0.32,0.30,5,F,-38,9.75"
2026-07-05T20:35:52.086+00:00,/dev/cu.usbserial-576B0005451,"RX,527038,R33,TXF,N76,111,449678,G,1,0.93,0.90,5,U,-49,10.00"
2026-07-05T20:35:52.338+00:00,/dev/cu.usbserial-576B0005451,"RX,527290,R33,TXC,N31,110,449927,E,1,0.87,0.84,5,U,-40,9.50"
2026-07-05T20:35:52.588+00:00,/dev/cu.usbserial-576B0005451,"RX,527541,R33,TXA,N01,448,450174,A,1,0.75,0.72,5,F,-38,10.00"
2026-07-05T20:35:52.854+00:00,/dev/cu.usbserial-576B0005451,"RX,527806,R33,TXB,N16,223,450439,G,1,0.93,0.90,5,U,-55,9.75"
2026-07-05T20:35:53.338+00:00,/dev/cu.usbserial-576B0005451,"RX,528290,R33,TXE,N61,221,450929,C,0,0.81,0.78,5,U,-49,9.50"
2026-07-05T20:35:53.588+00:00,/dev/cu.usbserial-576B0005451,"RX,528541,R33,TXA,N01,449,451174,B,0,0.20,0.18,5,F,-39,9.50"
2026-07-05T20:35:54.338+00:00,/dev/cu.usbserial-576B0005451,"RX,529290,R33,TXC,N31,111,451927,G,1,0.93,0.90,5,U,-40,9.25"
2026-07-05T20:35:54.588+00:00,/dev/cu.usbserial-576B0005451,"RX,529541,R33,TXA,N01,450,452174,C,1,0.81,0.78,5,F,-38,12.00"
2026-07-05T20:35:54.855+00:00,/dev/cu.usbserial-576B0005451,"RX,529806,R33,TXB,N16,224,452439,A,1,0.75,0.72,5,U,-55,9.75"
2026-07-05T20:35:55.338+00:00,/dev/cu.usbserial-576B0005451,"RX,530290,R33,TXE,N61,222,452929,E,1,0.87,0.84,5,U,-49,9.75"
2026-07-05T20:35:55.588+00:00,/dev/cu.usbserial-576B0005451,"RX,530541,R33,TXA,N01,451,453174,D,1,0.24,0.22,5,F,-38,9.50"
2026-07-05T20:35:56.588+00:00,/dev/cu.usbserial-576B0005451,"RX,531541,R33,TXA,N01,452,454174,E,0,0.87,0.84,5,F,-39,9.75"
2026-07-05T20:35:56.854+00:00,/dev/cu.usbserial-576B0005451,"RX,531806,R33,TXB,N16,225,454439,C,1,0.81,0.78,5,U,-55,10.00"
2026-07-05T20:35:57.338+00:00,/dev/cu.usbserial-576B0005451,"RX,532290,R33,TXE,N61,223,454929,G,1,0.93,0.90,5,U,-49,9.75"
2026-07-05T20:35:57.588+00:00,/dev/cu.usbserial-576B0005451,"RX,532541,R33,TXA,N01,453,455174,F,1,0.28,0.26,5,F,-39,9.75"
2026-07-05T20:35:58.588+00:00,/dev/cu.usbserial-576B0005451,"RX,533540,R33,TXA,N01,454,456174,G,1,0.93,0.90,5,F,-38,9.50"
2026-07-05T20:35:58.833+00:00,/dev/cu.usbserial-576B0005451,"RX,533786,R33,TXG,N91,55,456425,G,1,0.93,0.90,5,U,-44,3.50"
2026-07-05T20:35:59.338+00:00,/dev/cu.usbserial-576B0005451,"RX,534290,R33,TXE,N61,224,456929,A,1,0.75,0.72,5,U,-51,9.75"
2026-07-05T20:35:59.588+00:00,/dev/cu.usbserial-576B0005451,"RX,534541,R33,TXA,N01,455,457174,H,0,0.32,0.30,5,F,-38,9.25"
2026-07-05T20:36:00.086+00:00,/dev/cu.usbserial-576B0005451,"RX,535038,R33,TXF,N76,113,457678,G,1,0.93,0.90,5,U,-49,9.75"
2026-07-05T20:36:00.338+00:00,/dev/cu.usbserial-576B0005451,"RX,535290,R33,TXC,N31,112,457927,E,0,0.87,0.84,5,U,-39,9.50"
2026-07-05T20:36:00.588+00:00,/dev/cu.usbserial-576B0005451,"RX,535541,R33,TXA,N01,456,458174,A,1,0.75,0.72,5,F,-38,9.75"
2026-07-05T20:36:00.854+00:00,/dev/cu.usbserial-576B0005451,"RX,535806,R33,TXB,N16,227,458439,G,1,0.93,0.90,5,U,-55,9.50"
2026-07-05T20:36:01.338+00:00,/dev/cu.usbserial-576B0005451,"RX,536290,R33,TXE,N61,225,458929,C,1,0.81,0.78,5,U,-50,9.50"
2026-07-05T20:36:01.588+00:00,/dev/cu.usbserial-576B0005451,"RX,536541,R33,TXA,N01,457,459174,B,1,0.20,0.18,5,F,-38,9.75"
2026-07-05T20:36:02.338+00:00,/dev/cu.usbserial-576B0005451,"RX,537290,R33,TXC,N31,113,459927,G,1,0.93,0.90,5,U,-40,9.50"
2026-07-05T20:36:02.588+00:00,/dev/cu.usbserial-576B0005451,"RX,537541,R33,TXA,N01,458,460174,C,0,0.81,0.78,5,F,-39,9.75"
2026-07-05T20:36:02.854+00:00,/dev/cu.usbserial-576B0005451,"RX,537806,R33,TXB,N16,228,460439,A,1,0.75,0.72,5,U,-55,9.25"
2026-07-05T20:36:03.338+00:00,/dev/cu.usbserial-576B0005451,"RX,538291,R33,TXE,N61,226,460929,E,0,0.87,0.84,5,U,-48,9.75"
2026-07-05T20:36:03.588+00:00,/dev/cu.usbserial-576B0005451,"RX,538541,R33,TXA,N01,459,461174,D,1,0.24,0.22,5,F,-39,9.75"
2026-07-05T20:36:04.588+00:00,/dev/cu.usbserial-576B0005451,"RX,539541,R33,TXA,N01,460,462174,E,1,0.87,0.84,5,F,-39,9.75"
2026-07-05T20:36:04.854+00:00,/dev/cu.usbserial-576B0005451,"RX,539806,R33,TXB,N16,229,462439,C,0,0.81,0.78,5,U,-56,9.50"
2026-07-05T20:36:05.338+00:00,/dev/cu.usbserial-576B0005451,"RX,540291,R33,TXE,N61,227,462929,G,1,0.93,0.90,5,U,-48,9.25"
2026-07-05T20:36:05.588+00:00,/dev/cu.usbserial-576B0005451,"RX,540541,R33,TXA,N01,461,463174,F,0,0.28,0.26,5,F,-39,9.75"
2026-07-05T20:36:06.588+00:00,/dev/cu.usbserial-576B0005451,"RX,541541,R33,TXA,N01,462,464174,G,1,0.93,0.90,5,F,-38,9.75"
2026-07-05T20:36:06.833+00:00,/dev/cu.usbserial-576B0005451,"RX,541786,R33,TXG,N91,56,464425,G,1,0.93,0.90,5,U,-44,2.75"
2026-07-05T20:36:07.338+00:00,/dev/cu.usbserial-576B0005451,"RX,542291,R33,TXE,N61,228,464929,A,1,0.75,0.72,5,U,-48,9.25"
2026-07-05T20:36:07.589+00:00,/dev/cu.usbserial-576B0005451,"RX,542541,R33,TXA,N01,463,465174,H,1,0.32,0.30,5,F,-39,10.00"
2026-07-05T20:36:08.086+00:00,/dev/cu.usbserial-576B0005451,"RX,543038,R33,TXF,N76,115,465678,G,1,0.93,0.90,5,U,-49,10.00"
2026-07-05T20:36:08.338+00:00,/dev/cu.usbserial-576B0005451,"RX,543290,R33,TXC,N31,114,465927,E,1,0.87,0.84,5,U,-36,7.75"
2026-07-05T20:36:08.588+00:00,/dev/cu.usbserial-576B0005451,"RX,543541,R33,TXA,N01,464,466174,A,0,0.75,0.72,5,F,-39,9.75"
2026-07-05T20:36:08.854+00:00,/dev/cu.usbserial-576B0005451,"RX,543806,R33,TXB,N16,231,466439,G,1,0.93,0.90,5,U,-56,9.75"
2026-07-05T20:36:09.338+00:00,/dev/cu.usbserial-576B0005451,"RX,544290,R33,TXE,N61,229,466929,C,0,0.81,0.78,5,U,-48,9.75"
2026-07-05T20:36:09.588+00:00,/dev/cu.usbserial-576B0005451,"RX,544541,R33,TXA,N01,465,467174,B,1,0.20,0.18,5,F,-39,9.75"
2026-07-05T20:36:10.338+00:00,/dev/cu.usbserial-576B0005451,"RX,545290,R33,TXC,N31,115,467927,G,1,0.93,0.90,5,U,-40,9.75"
2026-07-05T20:36:10.589+00:00,/dev/cu.usbserial-576B0005451,"RX,545541,R33,TXA,N01,466,468174,C,1,0.81,0.78,5,F,-39,10.00"
2026-07-05T20:36:10.854+00:00,/dev/cu.usbserial-576B0005451,"RX,545806,R33,TXB,N16,232,468439,A,0,0.75,0.72,5,U,-55,10.00"
2026-07-05T20:36:11.338+00:00,/dev/cu.usbserial-576B0005451,"RX,546290,R33,TXE,N61,230,468929,E,1,0.87,0.84,5,U,-48,9.75"
2026-07-05T20:36:11.588+00:00,/dev/cu.usbserial-576B0005451,"RX,546541,R33,TXA,N01,467,469174,D,0,0.24,0.22,5,F,-39,9.75"
2026-07-05T20:36:12.589+00:00,/dev/cu.usbserial-576B0005451,"RX,547541,R33,TXA,N01,468,470174,E,1,0.87,0.84,5,F,-39,10.00"
2026-07-05T20:36:12.854+00:00,/dev/cu.usbserial-576B0005451,"RX,547806,R33,TXB,N16,233,470439,C,1,0.81,0.78,5,U,-55,9.50"
2026-07-05T20:36:13.338+00:00,/dev/cu.usbserial-576B0005451,"RX,548290,R33,TXE,N61,231,470929,G,1,0.93,0.90,5,U,-48,9.25"
2026-07-05T20:36:13.589+00:00,/dev/cu.usbserial-576B0005451,"RX,548541,R33,TXA,N01,469,471174,F,1,0.28,0.26,5,F,-39,10.00"
2026-07-05T20:36:14.589+00:00,/dev/cu.usbserial-576B0005451,"RX,549541,R33,TXA,N01,470,472174,G,0,0.93,0.90,5,F,-40,9.75"
2026-07-05T20:36:14.833+00:00,/dev/cu.usbserial-576B0005451,"RX,549786,R33,TXG,N91,57,472425,G,1,0.93,0.90,5,U,-47,4.00"
2026-07-05T20:36:15.338+00:00,/dev/cu.usbserial-576B0005451,"RX,550290,R33,TXE,N61,232,472929,A,0,0.75,0.72,5,U,-46,10.00"
2026-07-05T20:36:15.589+00:00,/dev/cu.usbserial-576B0005451,"RX,550541,R33,TXA,N01,471,473174,H,1,0.32,0.30,5,F,-41,10.00"
2026-07-05T20:36:16.086+00:00,/dev/cu.usbserial-576B0005451,"RX,551038,R33,TXF,N76,117,473678,G,0,0.93,0.90,5,U,-55,9.50"
2026-07-05T20:36:16.338+00:00,/dev/cu.usbserial-576B0005451,"RX,551290,R33,TXC,N31,116,473927,E,1,0.87,0.84,5,U,-36,9.00"
2026-07-05T20:36:16.588+00:00,/dev/cu.usbserial-576B0005451,"RX,551541,R33,TXA,N01,472,474174,A,1,0.75,0.72,5,F,-41,10.00"
