wall_time_utc,serial_port,raw_line
2026-07-13T13:41:50.561+00:00,/dev/cu.usbserial-58870138231,"RX,1289012,R35,TXK,N151,0,1764,A,1,0.75,0.72,5,U,-105,4.25"
2026-07-13T13:41:51.415+00:00,/dev/cu.usbserial-58870138231,"RX,1289866,R35,TXA,N01,0,2627,A,1,0.75,0.72,5,F,-103,6.25"
2026-07-13T13:41:52.415+00:00,/dev/cu.usbserial-58870138231,"RX,1290866,R35,TXA,N01,1,3627,B,0,0.20,0.18,5,F,-103,5.50"
2026-07-13T13:41:52.561+00:00,/dev/cu.usbserial-58870138231,"RX,1291011,R35,TXK,N151,1,3764,C,1,0.81,0.78,5,U,-105,4.75"
2026-07-13T13:41:53.415+00:00,/dev/cu.usbserial-58870138231,"RX,1291866,R35,TXA,N01,2,4627,C,1,0.81,0.78,5,F,-103,5.50"
2026-07-13T13:41:53.683+00:00,/dev/cu.usbserial-58870138231,"RX,1292134,R35,TXB,N16,0,4894,A,1,0.75,0.72,5,U,-110,-8.25"
2026-07-13T13:41:54.415+00:00,/dev/cu.usbserial-58870138231,"RX,1292866,R35,TXA,N01,3,5627,D,1,0.24,0.22,5,F,-102,5.25"
2026-07-13T13:41:54.560+00:00,/dev/cu.usbserial-58870138231,"RX,1293011,R35,TXK,N151,2,5764,E,0,0.87,0.84,5,U,-105,4.25"
2026-07-13T13:41:55.415+00:00,/dev/cu.usbserial-58870138231,"RX,1293865,R35,TXA,N01,4,6627,E,0,0.87,0.84,5,F,-103,6.25"
2026-07-13T13:41:55.683+00:00,/dev/cu.usbserial-58870138231,"RX,1294133,R35,TXB,N16,1,6894,C,1,0.81,0.78,5,U,-111,-7.75"
2026-07-13T13:41:56.415+00:00,/dev/cu.usbserial-58870138231,"RX,1294866,R35,TXA,N01,5,7627,F,1,0.28,0.26,5,F,-104,5.25"
2026-07-13T13:41:56.531+00:00,/dev/cu.usbserial-58870138231,"RX,1294982,R35,TXH,N106,0,7743,G,1,0.93,0.90,5,U,-99,3.75"
2026-07-13T13:41:56.713+00:00,/dev/cu.usbserial-58870138231,"RX,1295164,R35,TXL,N166,0,7917,G,1,0.93,0.90,5,U,-103,6.75"
2026-07-13T13:41:56.914+00:00,/dev/cu.usbserial-58870138231,"RX,1295365,R35,TXF,N76,0,8131,E,0,0.87,0.84,5,U,-107,3.00"
2026-07-13T13:41:57.219+00:00,/dev/cu.usbserial-58870138231,"RX,1295670,R35,TXD,N46,0,8431,G,1,0.93,0.90,5,U,-104,5.75"
2026-07-13T13:41:57.415+00:00,/dev/cu.usbserial-58870138231,"RX,1295866,R35,TXA,N01,6,8627,G,1,0.93,0.90,5,F,-103,6.25"
2026-07-13T13:41:58.167+00:00,/dev/cu.usbserial-58870138231,"RX,1296617,R35,TXE,N61,0,9383,A,1,0.75,0.72,5,U,-105,4.25"
2026-07-13T13:41:58.415+00:00,/dev/cu.usbserial-58870138231,"RX,1296865,R35,TXA,N01,7,9627,H,0,0.32,0.30,5,F,-103,6.25"
2026-07-13T13:41:58.560+00:00,/dev/cu.usbserial-58870138231,"RX,1297011,R35,TXK,N151,4,9764,A,1,0.75,0.72,5,U,-105,4.25"
2026-07-13T13:41:58.919+00:00,/dev/cu.usbserial-58870138231,"RX,1297370,R35,TXF,N76,1,10131,G,1,0.93,0.90,5,U,-106,3.75"
2026-07-13T13:41:59.178+00:00,/dev/cu.usbserial-58870138231,"RX,1297629,R35,TXC,N31,0,10385,E,0,0.87,0.84,5,U,-103,5.25"
2026-07-13T13:41:59.420+00:00,/dev/cu.usbserial-58870138231,"RX,1297871,R35,TXA,N01,8,10627,A,1,0.75,0.72,5,F,-103,6.25"
2026-07-13T13:41:59.688+00:00,/dev/cu.usbserial-58870138231,"RX,1298138,R35,TXB,N16,3,10894,G,1,0.93,0.90,5,U,-110,-6.75"
2026-07-13T13:42:00.172+00:00,/dev/cu.usbserial-58870138231,"RX,1298622,R35,TXE,N61,1,11383,C,1,0.81,0.78,5,U,-104,4.00"
2026-07-13T13:42:00.279+00:00,/dev/cu.usbserial-58870138231,"RX,1298729,R35,TXI,N121,0,11482,E,0,0.87,0.84,5,U,-104,4.25"
2026-07-13T13:42:00.420+00:00,/dev/cu.usbserial-58870138231,"RX,1298871,R35,TXA,N01,9,11627,B,1,0.20,0.18,5,F,-103,4.75"
2026-07-13T13:42:00.561+00:00,/dev/cu.usbserial-58870138231,"RX,1299011,R35,TXK,N151,5,11764,C,0,0.81,0.78,5,U,-104,4.00"
2026-07-13T13:42:01.178+00:00,/dev/cu.usbserial-58870138231,"RX,1299628,R35,TXC,N31,1,12385,G,1,0.93,0.90,5,U,-104,5.00"
2026-07-13T13:42:01.421+00:00,/dev/cu.usbserial-58870138231,"RX,1299871,R35,TXA,N01,10,12627,C,0,0.81,0.78,5,F,-103,5.25"
2026-07-13T13:42:02.171+00:00,/dev/cu.usbserial-58870138231,"RX,1300622,R35,TXE,N61,2,13383,E,0,0.87,0.84,5,U,-105,2.75"
2026-07-13T13:42:02.279+00:00,/dev/cu.usbserial-58870138231,"RX,1300729,R35,TXI,N121,1,13482,G,1,0.93,0.90,5,U,-105,2.75"
2026-07-13T13:42:02.421+00:00,/dev/cu.usbserial-58870138231,"RX,1300871,R35,TXA,N01,11,13627,D,1,0.24,0.22,5,F,-103,5.50"
2026-07-13T13:42:02.561+00:00,/dev/cu.usbserial-58870138231,"RX,1301011,R35,TXK,N151,6,13764,E,1,0.87,0.84,5,U,-105,2.75"
2026-07-13T13:42:03.421+00:00,/dev/cu.usbserial-58870138231,"RX,1301871,R35,TXA,N01,12,14627,E,1,0.87,0.84,5,F,-102,5.00"
2026-07-13T13:42:04.172+00:00,/dev/cu.usbserial-58870138231,"RX,1302622,R35,TXE,N61,3,15383,G,1,0.93,0.90,5,U,-105,3.75"
2026-07-13T13:42:04.420+00:00,/dev/cu.usbserial-58870138231,"RX,1302871,R35,TXA,N01,13,15627,F,0,0.28,0.26,5,F,-103,5.00"
2026-07-13T13:42:04.531+00:00,/dev/cu.usbserial-58870138231,"RX,1302981,R35,TXH,N106,1,15743,G,1,0.93,0.90,5,U,-99,3.75"
2026-07-13T13:42:04.713+00:00,/dev/cu.usbserial-58870138231,"RX,1303164,R35,TXL,N166,1,15917,G,1,0.93,0.90,5,U,-102,6.25"
2026-07-13T13:42:04.919+00:00,/dev/cu.usbserial-58870138231,"RX,1303370,R35,TXF,N76,2,16131,E,1,0.87,0.84,5,U,-107,1.00"
2026-07-13T13:42:05.224+00:00,/dev/cu.usbserial-58870138231,"RX,1303674,R35,TXD,N46,1,16431,G,1,0.93,0.90,5,U,-104,4.75"
2026-07-13T13:42:05.421+00:00,/dev/cu.usbserial-58870138231,"RX,1303871,R35,TXA,N01,14,16627,G,1,0.93,0.90,5,F,-103,5.75"
2026-07-13T13:42:06.172+00:00,/dev/cu.usbserial-58870138231,"RX,1304622,R35,TXE,N61,4,17383,A,1,0.75,0.72,5,U,-105,3.25"
2026-07-13T13:42:06.420+00:00,/dev/cu.usbserial-58870138231,"RX,1304871,R35,TXA,N01,15,17627,H,1,0.32,0.30,5,F,-103,5.50"
2026-07-13T13:42:06.561+00:00,/dev/cu.usbserial-58870138231,"RX,1305011,R35,TXK,N151,8,17764,A,0,0.75,0.72,5,U,-105,3.50"
2026-07-13T13:42:06.919+00:00,/dev/cu.usbserial-58870138231,"RX,1305370,R35,TXF,N76,3,18131,G,1,0.93,0.90,5,U,-107,-0.25"
2026-07-13T13:42:07.078+00:00,/dev/cu.usbserial-58870138231,"RX,1305528,R35,TXJ,N136,0,18281,G,1,0.93,0.90,5,U,-100,6.75"
2026-07-13T13:42:07.178+00:00,/dev/cu.usbserial-58870138231,"RX,1305628,R35,TXC,N31,2,18385,E,1,0.87,0.84,5,U,-103,5.00"
2026-07-13T13:42:07.421+00:00,/dev/cu.usbserial-58870138231,"RX,1305871,R35,TXA,N01,16,18627,A,0,0.75,0.72,5,F,-102,5.75"
2026-07-13T13:42:07.688+00:00,/dev/cu.usbserial-58870138231,"RX,1306138,R35,TXB,N16,7,18894,G,1,0.93,0.90,5,U,-109,-8.00"
2026-07-13T13:42:08.172+00:00,/dev/cu.usbserial-58870138231,"RX,1306622,R35,TXE,N61,5,19383,C,0,0.81,0.78,5,U,-105,3.75"
2026-07-13T13:42:08.279+00:00,/dev/cu.usbserial-58870138231,"RX,1306729,R35,TXI,N121,2,19482,E,1,0.87,0.84,5,U,-105,3.25"
2026-07-13T13:42:08.421+00:00,/dev/cu.usbserial-58870138231,"RX,1306871,R35,TXA,N01,17,19627,B,1,0.20,0.18,5,F,-103,5.75"
2026-07-13T13:42:08.561+00:00,/dev/cu.usbserial-58870138231,"RX,1307011,R35,TXK,N151,9,19764,C,1,0.81,0.78,5,U,-105,4.00"
2026-07-13T13:42:09.178+00:00,/dev/cu.usbserial-58870138231,"RX,1307628,R35,TXC,N31,3,20385,G,1,0.93,0.90,5,U,-103,4.75"
2026-07-13T13:42:09.420+00:00,/dev/cu.usbserial-58870138231,"RX,1307871,R35,TXA,N01,18,20627,C,1,0.81,0.78,5,F,-103,5.75"
2026-07-13T13:42:09.688+00:00,/dev/cu.usbserial-58870138231,"RX,1308138,R35,TXB,N16,8,20894,A,0,0.75,0.72,5,U,-110,-7.75"
2026-07-13T13:42:10.171+00:00,/dev/cu.usbserial-58870138231,"RX,1308622,R35,TXE,N61,6,21383,E,1,0.87,0.84,5,U,-105,3.75"
2026-07-13T13:42:10.278+00:00,/dev/cu.usbserial-58870138231,"RX,1308729,R35,TXI,N121,3,21482,G,1,0.93,0.90,5,U,-104,3.75"
2026-07-13T13:42:10.420+00:00,/dev/cu.usbserial-58870138231,"RX,1308871,R35,TXA,N01,19,21627,D,0,0.24,0.22,5,F,-103,5.50"
2026-07-13T13:42:10.560+00:00,/dev/cu.usbserial-58870138231,"RX,1309011,R35,TXK,N151,10,21764,E,1,0.87,0.84,5,U,-105,4.00"
2026-07-13T13:42:11.420+00:00,/dev/cu.usbserial-58870138231,"RX,1309871,R35,TXA,N01,20,22627,E,1,0.87,0.84,5,F,-103,5.00"
2026-07-13T13:42:12.171+00:00,/dev/cu.usbserial-58870138231,"RX,1310622,R35,TXE,N61,7,23383,G,1,0.93,0.90,5,U,-105,3.75"
2026-07-13T13:42:12.420+00:00,/dev/cu.usbserial-58870138231,"RX,1310870,R35,TXA,N01,21,23627,F,1,0.28,0.26,5,F,-103,5.00"
2026-07-13T13:42:12.531+00:00,/dev/cu.usbserial-58870138231,"RX,1310981,R35,TXH,N106,2,23743,G,0,0.93,0.90,5,U,-100,2.75"
2026-07-13T13:42:12.713+00:00,/dev/cu.usbserial-58870138231,"RX,1311164,R35,TXL,N166,2,23917,G,0,0.93,0.90,5,U,-102,6.00"
2026-07-13T13:42:12.919+00:00,/dev/cu.usbserial-58870138231,"RX,1311370,R35,TXF,N76,4,24131,E,1,0.87,0.84,5,U,-108,0.00"
2026-07-13T13:42:13.224+00:00,/dev/cu.usbserial-58870138231,"RX,1311674,R35,TXD,N46,2,24431,G,0,0.93,0.90,5,U,-104,4.50"
2026-07-13T13:42:13.420+00:00,/dev/cu.usbserial-58870138231,"RX,1311870,R35,TXA,N01,22,24627,G,0,0.93,0.90,5,F,-103,5.75"
2026-07-13T13:42:14.171+00:00,/dev/cu.usbserial-58870138231,"RX,1312622,R35,TXE,N61,8,25383,A,0,0.75,0.72,5,U,-105,3.25"
2026-07-13T13:42:14.420+00:00,/dev/cu.usbserial-58870138231,"RX,1312870,R35,TXA,N01,23,25627,H,1,0.32,0.30,5,F,-103,5.50"
2026-07-13T13:42:14.560+00:00,/dev/cu.usbserial-58870138231,"RX,1313011,R35,TXK,N151,12,25764,A,1,0.75,0.72,5,U,-104,3.75"
2026-07-13T13:42:14.919+00:00,/dev/cu.usbserial-58870138231,"RX,1313370,R35,TXF,N76,5,26131,G,0,0.93,0.90,5,U,-108,0.00"
2026-07-13T13:42:15.077+00:00,/dev/cu.usbserial-58870138231,"RX,1313528,R35,TXJ,N136,1,26281,G,1,0.93,0.90,5,U,-101,7.00"
2026-07-13T13:42:15.177+00:00,/dev/cu.usbserial-58870138231,"RX,1313628,R35,TXC,N31,4,26385,E,1,0.87,0.84,5,U,-104,5.25"
2026-07-13T13:42:15.420+00:00,/dev/cu.usbserial-58870138231,"RX,1313870,R35,TXA,N01,24,26627,A,1,0.75,0.72,5,F,-104,5.75"
2026-07-13T13:42:15.688+00:00,/dev/cu.usbserial-58870138231,"RX,1314138,R35,TXB,N16,11,26894,G,0,0.93,0.90,5,U,-110,-9.25"
2026-07-13T13:42:16.171+00:00,/dev/cu.usbserial-58870138231,"RX,1314622,R35,TXE,N61,9,27383,C,1,0.81,0.78,5,U,-105,4.75"
2026-07-13T13:42:16.278+00:00,/dev/cu.usbserial-58870138231,"RX,1314729,R35,TXI,N121,4,27482,E,1,0.87,0.84,5,U,-104,4.00"
2026-07-13T13:42:16.420+00:00,/dev/cu.usbserial-58870138231,"RX,1314870,R35,TXA,N01,25,27627,B,0,0.20,0.18,5,F,-103,6.50"
2026-07-13T13:42:16.560+00:00,/dev/cu.usbserial-58870138231,"RX,1315011,R35,TXK,N151,13,27764,C,1,0.81,0.78,5,U,-104,4.50"
2026-07-13T13:42:17.178+00:00,/dev/cu.usbserial-58870138231,"RX,1315628,R35,TXC,N31,5,28385,G,0,0.93,0.90,5,U,-103,4.75"
2026-07-13T13:42:17.420+00:00,/dev/cu.usbserial-58870138231,"RX,1315870,R35,TXA,N01,26,28627,C,1,0.81,0.78,5,F,-103,6.00"
2026-07-13T13:42:17.688+00:00,/dev/cu.usbserial-58870138231,"RX,1316138,R35,TXB,N16,12,28894,A,1,0.75,0.72,5,U,-110,-8.75"
2026-07-13T13:42:18.172+00:00,/dev/cu.usbserial-58870138231,"RX,1316622,R35,TXE,N61,10,29383,E,1,0.87,0.84,5,U,-105,3.50"
2026-07-13T13:42:18.278+00:00,/dev/cu.usbserial-58870138231,"RX,1316729,R35,TXI,N121,5,29482,G,0,0.93,0.90,5,U,-104,3.50"
2026-07-13T13:42:18.420+00:00,/dev/cu.usbserial-58870138231,"RX,1316870,R35,TXA,N01,27,29627,D,1,0.24,0.22,5,F,-103,5.75"
2026-07-13T13:42:18.561+00:00,/dev/cu.usbserial-58870138231,"RX,1317011,R35,TXK,N151,14,29764,E,0,0.87,0.84,5,U,-104,4.00"
2026-07-13T13:42:19.420+00:00,/dev/cu.usbserial-58870138231,"RX,1317870,R35,TXA,N01,28,30627,E,0,0.87,0.84,5,F,-103,5.25"
2026-07-13T13:42:19.688+00:00,/dev/cu.usbserial-58870138231,"RX,1318138,R35,TXB,N16,13,30894,C,1,0.81,0.78,5,U,-111,-8.50"
2026-07-13T13:42:20.172+00:00,/dev/cu.usbserial-58870138231,"RX,1318622,R35,TXE,N61,11,31383,G,0,0.93,0.90,5,U,-105,2.50"
2026-07-13T13:42:20.420+00:00,/dev/cu.usbserial-58870138231,"RX,1318870,R35,TXA,N01,29,31627,F,1,0.28,0.26,5,F,-103,5.50"
2026-07-13T13:42:20.531+00:00,/dev/cu.usbserial-58870138231,"RX,1318981,R35,TXH,N106,3,31743,G,1,0.93,0.90,5,U,-99,4.25"
2026-07-13T13:42:20.713+00:00,/dev/cu.usbserial-58870138231,"RX,1319163,R35,TXL,N166,3,31917,G,1,0.93,0.90,5,U,-102,6.75"
2026-07-13T13:42:20.919+00:00,/dev/cu.usbserial-58870138231,"RX,1319369,R35,TXF,N76,6,32131,E,0,0.87,0.84,5,U,-108,0.75"
2026-07-13T13:42:21.224+00:00,/dev/cu.usbserial-58870138231,"RX,1319674,R35,TXD,N46,3,32431,G,1,0.93,0.90,5,U,-104,5.00"
2026-07-13T13:42:21.420+00:00,/dev/cu.usbserial-58870138231,"RX,1319870,R35,TXA,N01,30,32627,G,1,0.93,0.90,5,F,-103,6.00"
2026-07-13T13:42:21.688+00:00,/dev/cu.usbserial-58870138231,"RX,1320138,R35,TXB,N16,14,32894,E,0,0.87,0.84,5,U,-110,-7.50"
2026-07-13T13:42:21.869+00:00,/dev/cu.usbserial-58870138231,"RX,1320319,R35,TXG,N91,2,33081,G,0,0.93,0.90,5,U,-106,3.00"
2026-07-13T13:42:22.172+00:00,/dev/cu.usbserial-58870138231,"RX,1320622,R35,TXE,N61,12,33383,A,1,0.75,0.72,5,U,-105,4.25"
2026-07-13T13:42:22.420+00:00,/dev/cu.usbserial-58870138231,"RX,1320870,R35,TXA,N01,31,33627,H,0,0.32,0.30,5,F,-102,6.25"
2026-07-13T13:42:22.560+00:00,/dev/cu.usbserial-58870138231,"RX,1321011,R35,TXK,N151,16,33764,A,1,0.75,0.72,5,U,-105,3.00"
2026-07-13T13:42:22.919+00:00,/dev/cu.usbserial-58870138231,"RX,1321369,R35,TXF,N76,7,34131,G,1,0.93,0.90,5,U,-107,1.25"
2026-07-13T13:42:23.077+00:00,/dev/cu.usbserial-58870138231,"RX,1321528,R35,TXJ,N136,2,34281,G,0,0.93,0.90,5,U,-101,7.00"
2026-07-13T13:42:23.178+00:00,/dev/cu.usbserial-58870138231,"RX,1321628,R35,TXC,N31,6,34385,E,0,0.87,0.84,5,U,-103,4.25"
2026-07-13T13:42:23.420+00:00,/dev/cu.usbserial-58870138231,"RX,1321870,R35,TXA,N01,32,34627,A,1,0.75,0.72,5,F,-103,6.00"
2026-07-13T13:42:23.688+00:00,/dev/cu.usbserial-58870138231,"RX,1322138,R35,TXB,N16,15,34894,G,1,0.93,0.90,5,U,-110,-8.50"
2026-07-13T13:42:24.172+00:00,/dev/cu.usbserial-58870138231,"RX,1322622,R35,TXE,N61,13,35383,C,1,0.81,0.78,5,U,-105,3.75"
2026-07-13T13:42:24.278+00:00,/dev/cu.usbserial-58870138231,"RX,1322729,R35,TXI,N121,6,35482,E,0,0.87,0.84,5,U,-105,4.00"
2026-07-13T13:42:24.420+00:00,/dev/cu.usbserial-58870138231,"RX,1322870,R35,TXA,N01,33,35627,B,1,0.20,0.18,5,F,-103,6.00"
2026-07-13T13:42:24.560+00:00,/dev/cu.usbserial-58870138231,"RX,1323011,R35,TXK,N151,17,35764,C,0,0.81,0.78,5,U,-105,3.50"
2026-07-13T13:42:25.178+00:00,/dev/cu.usbserial-58870138231,"RX,1323628,R35,TXC,N31,7,36385,G,1,0.93,0.90,5,U,-104,5.50"
2026-07-13T13:42:25.420+00:00,/dev/cu.usbserial-58870138231,"RX,1323870,R35,TXA,N01,34,36627,C,0,0.81,0.78,5,F,-103,5.75"
2026-07-13T13:42:26.172+00:00,/dev/cu.usbserial-58870138231,"RX,1324622,R35,TXE,N61,14,37383,E,0,0.87,0.84,5,U,-105,3.75"
2026-07-13T13:42:26.278+00:00,/dev/cu.usbserial-58870138231,"RX,1324729,R35,TXI,N121,7,37482,G,1,0.93,0.90,5,U,-104,4.25"
2026-07-13T13:42:26.420+00:00,/dev/cu.usbserial-58870138231,"RX,1324870,R35,TXA,N01,35,37627,D,1,0.24,0.22,5,F,-103,6.00"
2026-07-13T13:42:26.560+00:00,/dev/cu.usbserial-58870138231,"RX,1325011,R35,TXK,N151,18,37764,E,1,0.87,0.84,5,U,-105,3.50"
2026-07-13T13:42:27.420+00:00,/dev/cu.usbserial-58870138231,"RX,1325870,R35,TXA,N01,36,38627,E,1,0.87,0.84,5,F,-103,6.25"
2026-07-13T13:42:28.172+00:00,/dev/cu.usbserial-58870138231,"RX,1326622,R35,TXE,N61,15,39383,G,1,0.93,0.90,5,U,-104,2.50"
2026-07-13T13:42:28.420+00:00,/dev/cu.usbserial-58870138231,"RX,1326870,R35,TXA,N01,37,39627,F,0,0.28,0.26,5,F,-103,5.75"
2026-07-13T13:42:28.560+00:00,/dev/cu.usbserial-58870138231,"RX,1327011,R35,TXK,N151,19,39764,G,1,0.93,0.90,5,U,-105,3.75"
2026-07-13T13:42:28.919+00:00,/dev/cu.usbserial-58870138231,"RX,1327369,R35,TXF,N76,8,40131,E,1,0.87,0.84,5,U,-107,0.50"
2026-07-13T13:42:29.224+00:00,/dev/cu.usbserial-58870138231,"RX,1327674,R35,TXD,N46,4,40431,G,1,0.93,0.90,5,U,-104,4.50"
2026-07-13T13:42:29.421+00:00,/dev/cu.usbserial-58870138231,"RX,1327870,R35,TXA,N01,38,40627,G,1,0.93,0.90,5,F,-103,5.75"
2026-07-13T13:42:29.688+00:00,/dev/cu.usbserial-58870138231,"RX,1328138,R35,TXB,N16,18,40894,E,1,0.87,0.84,5,U,-110,-9.00"
2026-07-13T13:42:29.869+00:00,/dev/cu.usbserial-58870138231,"RX,1328319,R35,TXG,N91,3,41081,G,1,0.93,0.90,5,U,-106,2.50"
2026-07-13T13:42:30.172+00:00,/dev/cu.usbserial-58870138231,"RX,1328622,R35,TXE,N61,16,41383,A,1,0.75,0.72,5,U,-105,3.50"
2026-07-13T13:42:30.420+00:00,/dev/cu.usbserial-58870138231,"RX,1328870,R35,TXA,N01,39,41627,H,1,0.32,0.30,5,F,-103,5.50"
2026-07-13T13:42:30.560+00:00,/dev/cu.usbserial-58870138231,"RX,1329011,R35,TXK,N151,20,41764,A,0,0.75,0.72,5,U,-105,3.25"
2026-07-13T13:42:30.919+00:00,/dev/cu.usbserial-58870138231,"RX,1329369,R35,TXF,N76,9,42131,G,1,0.93,0.90,5,U,-107,1.25"
2026-07-13T13:42:31.078+00:00,/dev/cu.usbserial-58870138231,"RX,1329527,R35,TXJ,N136,3,42281,G,1,0.93,0.90,5,U,-101,6.75"
2026-07-13T13:42:31.177+00:00,/dev/cu.usbserial-58870138231,"RX,1329628,R35,TXC,N31,8,42385,E,1,0.87,0.84,5,U,-103,5.50"
2026-07-13T13:42:31.420+00:00,/dev/cu.usbserial-58870138231,"RX,1329870,R35,TXA,N01,40,42627,A,0,0.75,0.72,5,F,-103,5.50"
2026-07-13T13:42:31.688+00:00,/dev/cu.usbserial-58870138231,"RX,1330138,R35,TXB,N16,19,42894,G,1,0.93,0.90,5,U,-110,-9.00"
2026-07-13T13:42:32.171+00:00,/dev/cu.usbserial-58870138231,"RX,1330622,R35,TXE,N61,17,43383,C,0,0.81,0.78,5,U,-105,4.00"
2026-07-13T13:42:32.278+00:00,/dev/cu.usbserial-58870138231,"RX,1330729,R35,TXI,N121,8,43482,E,1,0.87,0.84,5,U,-105,4.00"
2026-07-13T13:42:32.420+00:00,/dev/cu.usbserial-58870138231,"RX,1330870,R35,TXA,N01,41,43627,B,1,0.20,0.18,5,F,-103,5.00"
2026-07-13T13:42:32.561+00:00,/dev/cu.usbserial-58870138231,"RX,1331011,R35,TXK,N151,21,43764,C,1,0.81,0.78,5,U,-105,3.25"
2026-07-13T13:42:33.177+00:00,/dev/cu.usbserial-58870138231,"RX,1331628,R35,TXC,N31,9,44385,G,1,0.93,0.90,5,U,-104,5.50"
2026-07-13T13:42:33.420+00:00,/dev/cu.usbserial-58870138231,"RX,1331870,R35,TXA,N01,42,44627,C,1,0.81,0.78,5,F,-104,4.75"
2026-07-13T13:42:34.172+00:00,/dev/cu.usbserial-58870138231,"RX,1332622,R35,TXE,N61,18,45383,E,1,0.87,0.84,5,U,-105,3.00"
2026-07-13T13:42:34.278+00:00,/dev/cu.usbserial-58870138231,"RX,1332729,R35,TXI,N121,9,45482,G,1,0.93,0.90,5,U,-105,3.00"
2026-07-13T13:42:34.420+00:00,/dev/cu.usbserial-58870138231,"RX,1332870,R35,TXA,N01,43,45627,D,0,0.24,0.22,5,F,-102,5.00"
2026-07-13T13:42:34.561+00:00,/dev/cu.usbserial-58870138231,"RX,1333011,R35,TXK,N151,22,45764,E,1,0.87,0.84,5,U,-105,2.50"
2026-07-13T13:42:35.420+00:00,/dev/cu.usbserial-58870138231,"RX,1333870,R35,TXA,N01,44,46627,E,1,0.87,0.84,5,F,-102,6.25"
2026-07-13T13:42:36.172+00:00,/dev/cu.usbserial-58870138231,"RX,1334622,R35,TXE,N61,19,47383,G,1,0.93,0.90,5,U,-105,4.00"
2026-07-13T13:42:36.420+00:00,/dev/cu.usbserial-58870138231,"RX,1334870,R35,TXA,N01,45,47627,F,1,0.28,0.26,5,F,-103,5.25"
2026-07-13T13:42:36.560+00:00,/dev/cu.usbserial-58870138231,"RX,1335010,R35,TXK,N151,23,47764,G,0,0.93,0.90,5,U,-105,2.75"
2026-07-13T13:42:36.919+00:00,/dev/cu.usbserial-58870138231,"RX,1335369,R35,TXF,N76,10,48131,E,1,0.87,0.84,5,U,-107,-0.75"
2026-07-13T13:42:37.224+00:00,/dev/cu.usbserial-58870138231,"RX,1335674,R35,TXD,N46,5,48431,G,0,0.93,0.90,5,U,-99,-2.00"
2026-07-13T13:42:37.420+00:00,/dev/cu.usbserial-58870138231,"RX,1335870,R35,TXA,N01,46,48627,G,0,0.93,0.90,5,F,-103,5.50"
2026-07-13T13:42:37.688+00:00,/dev/cu.usbserial-58870138231,"RX,1336138,R35,TXB,N16,22,48894,E,1,0.87,0.84,5,U,-110,-7.50"
2026-07-13T13:42:37.869+00:00,/dev/cu.usbserial-58870138231,"RX,1336319,R35,TXG,N91,4,49081,G,1,0.93,0.90,5,U,-105,3.25"
2026-07-13T13:42:38.172+00:00,/dev/cu.usbserial-58870138231,"RX,1336622,R35,TXE,N61,20,49383,A,0,0.75,0.72,5,U,-105,4.00"
2026-07-13T13:42:38.420+00:00,/dev/cu.usbserial-58870138231,"RX,1336870,R35,TXA,N01,47,49627,H,1,0.32,0.30,5,F,-102,5.00"
2026-07-13T13:42:38.561+00:00,/dev/cu.usbserial-58870138231,"RX,1337010,R35,TXK,N151,24,49764,A,1,0.75,0.72,5,U,-104,3.50"
2026-07-13T13:42:38.919+00:00,/dev/cu.usbserial-58870138231,"RX,1337369,R35,TXF,N76,11,50131,G,0,0.93,0.90,5,U,-107,0.75"
2026-07-13T13:42:39.077+00:00,/dev/cu.usbserial-58870138231,"RX,1337527,R35,TXJ,N136,4,50281,G,1,0.93,0.90,5,U,-101,6.25"
2026-07-13T13:42:39.178+00:00,/dev/cu.usbserial-58870138231,"RX,1337628,R35,TXC,N31,10,50385,E,1,0.87,0.84,5,U,-103,5.50"
2026-07-13T13:42:39.420+00:00,/dev/cu.usbserial-58870138231,"RX,1337870,R35,TXA,N01,48,50627,A,1,0.75,0.72,5,F,-103,5.75"
2026-07-13T13:42:40.172+00:00,/dev/cu.usbserial-58870138231,"RX,1338622,R35,TXE,N61,21,51383,C,1,0.81,0.78,5,U,-106,1.00"
2026-07-13T13:42:40.279+00:00,/dev/cu.usbserial-58870138231,"RX,1338729,R35,TXI,N121,10,51482,E,1,0.87,0.84,5,U,-106,1.50"
2026-07-13T13:42:40.420+00:00,/dev/cu.usbserial-58870138231,"RX,1338870,R35,TXA,N01,49,51627,B,0,0.20,0.18,5,F,-103,5.75"
2026-07-13T13:42:40.560+00:00,/dev/cu.usbserial-58870138231,"RX,1339010,R35,TXK,N151,25,51764,C,1,0.81,0.78,5,U,-106,2.00"
2026-07-13T13:42:41.178+00:00,/dev/cu.usbserial-58870138231,"RX,1339628,R35,TXC,N31,11,52385,G,0,0.93,0.90,5,U,-103,5.00"
2026-07-13T13:42:41.420+00:00,/dev/cu.usbserial-58870138231,"RX,1339870,R35,TXA,N01,50,52627,C,1,0.81,0.78,5,F,-103,4.75"
2026-07-13T13:42:42.172+00:00,/dev/cu.usbserial-58870138231,"RX,1340622,R35,TXE,N61,22,53383,E,1,0.87,0.84,5,U,-106,1.50"
2026-07-13T13:42:42.279+00:00,/dev/cu.usbserial-58870138231,"RX,1340728,R35,TXI,N121,11,53482,G,0,0.93,0.90,5,U,-106,0.50"
2026-07-13T13:42:42.420+00:00,/dev/cu.usbserial-58870138231,"RX,1340870,R35,TXA,N01,51,53627,D,1,0.24,0.22,5,F,-103,5.00"
2026-07-13T13:42:42.561+00:00,/dev/cu.usbserial-58870138231,"RX,1341010,R35,TXK,N151,26,53764,E,0,0.87,0.84,5,U,-105,1.75"
2026-07-13T13:42:43.420+00:00,/dev/cu.usbserial-58870138231,"RX,1341870,R35,TXA,N01,52,54627,E,0,0.87,0.84,5,F,-102,5.50"
2026-07-13T13:42:44.173+00:00,/dev/cu.usbserial-58870138231,"RX,1342622,R35,TXE,N61,23,55383,G,0,0.93,0.90,5,U,-106,0.50"
2026-07-13T13:42:44.420+00:00,/dev/cu.usbserial-58870138231,"RX,1342870,R35,TXA,N01,53,55627,F,1,0.28,0.26,5,F,-102,5.00"
2026-07-13T13:42:44.560+00:00,/dev/cu.usbserial-58870138231,"RX,1343010,R35,TXK,N151,27,55764,G,1,0.93,0.90,5,U,-106,0.50"
2026-07-13T13:42:44.919+00:00,/dev/cu.usbserial-58870138231,"RX,1343369,R35,TXF,N76,12,56131,E,0,0.87,0.84,5,U,-108,-4.75"
2026-07-13T13:42:45.224+00:00,/dev/cu.usbserial-58870138231,"RX,1343674,R35,TXD,N46,6,56431,G,1,0.93,0.90,5,U,-105,2.00"
2026-07-13T13:42:45.420+00:00,/dev/cu.usbserial-58870138231,"RX,1343870,R35,TXA,N01,54,56627,G,1,0.93,0.90,5,F,-103,4.50"
2026-07-13T13:42:45.869+00:00,/dev/cu.usbserial-58870138231,"RX,1344319,R35,TXG,N91,5,57081,G,0,0.93,0.90,5,U,-107,-0.50"
2026-07-13T13:42:46.420+00:00,/dev/cu.usbserial-58870138231,"RX,1344870,R35,TXA,N01,55,57627,H,0,0.32,0.30,5,F,-103,5.50"
2026-07-13T13:42:46.560+00:00,/dev/cu.usbserial-58870138231,"RX,1345010,R35,TXK,N151,28,57764,A,1,0.75,0.72,5,U,-106,0.50"
2026-07-13T13:42:46.919+00:00,/dev/cu.usbserial-58870138231,"RX,1345369,R35,TXF,N76,13,58131,G,1,0.93,0.90,5,U,-108,-3.25"
2026-07-13T13:42:47.077+00:00,/dev/cu.usbserial-58870138231,"RX,1345527,R35,TXJ,N136,5,58281,G,0,0.93,0.90,5,U,-102,4.75"
2026-07-13T13:42:47.178+00:00,/dev/cu.usbserial-58870138231,"RX,1345627,R35,TXC,N31,12,58385,E,0,0.87,0.84,5,U,-104,4.25"
2026-07-13T13:42:47.420+00:00,/dev/cu.usbserial-58870138231,"RX,1345870,R35,TXA,N01,56,58627,A,1,0.75,0.72,5,F,-104,4.75"
2026-07-13T13:42:48.172+00:00,/dev/cu.usbserial-58870138231,"RX,1346622,R35,TXE,N61,25,59383,C,1,0.81,0.78,5,U,-105,4.25"
2026-07-13T13:42:48.278+00:00,/dev/cu.usbserial-58870138231,"RX,1346728,R35,TXI,N121,12,59482,E,0,0.87,0.84,5,U,-103,5.00"
2026-07-13T13:42:48.420+00:00,/dev/cu.usbserial-58870138231,"RX,1346870,R35,TXA,N01,57,59627,B,1,0.20,0.18,5,F,-103,5.50"
2026-07-13T13:42:48.560+00:00,/dev/cu.usbserial-58870138231,"RX,1347010,R35,TXK,N151,29,59764,C,0,0.81,0.78,5,U,-104,4.25"
2026-07-13T13:42:49.178+00:00,/dev/cu.usbserial-58870138231,"RX,1347628,R35,TXC,N31,13,60385,G,1,0.93,0.90,5,U,-103,6.25"
2026-07-13T13:42:49.420+00:00,/dev/cu.usbserial-58870138231,"RX,1347870,R35,TXA,N01,58,60627,C,0,0.81,0.78,5,F,-102,5.75"
2026-07-13T13:42:49.688+00:00,/dev/cu.usbserial-58870138231,"RX,1348138,R35,TXB,N16,28,60894,A,1,0.75,0.72,5,U,-111,-7.50"
2026-07-13T13:42:50.172+00:00,/dev/cu.usbserial-58870138231,"RX,1348622,R35,TXE,N61,26,61383,E,0,0.87,0.84,5,U,-105,4.25"
2026-07-13T13:42:50.279+00:00,/dev/cu.usbserial-58870138231,"RX,1348728,R35,TXI,N121,13,61482,G,1,0.93,0.90,5,U,-106,3.50"
2026-07-13T13:42:50.422+00:00,/dev/cu.usbserial-58870138231,"RX,1348870,R35,TXA,N01,59,61627,D,1,0.24,0.22,5,F,-103,5.75"
2026-07-13T13:42:50.560+00:00,/dev/cu.usbserial-58870138231,"RX,1349010,R35,TXK,N151,30,61764,E,1,0.87,0.84,5,U,-105,3.75"
2026-07-13T13:42:51.420+00:00,/dev/cu.usbserial-58870138231,"RX,1349870,R35,TXA,N01,60,62627,E,1,0.87,0.84,5,F,-103,5.50"
2026-07-13T13:42:51.688+00:00,/dev/cu.usbserial-58870138231,"RX,1350138,R35,TXB,N16,29,62894,C,0,0.81,0.78,5,U,-111,-7.00"
2026-07-13T13:42:52.172+00:00,/dev/cu.usbserial-58870138231,"RX,1350621,R35,TXE,N61,27,63383,G,1,0.93,0.90,5,U,-105,4.50"
2026-07-13T13:42:52.420+00:00,/dev/cu.usbserial-58870138231,"RX,1350870,R35,TXA,N01,61,63627,F,0,0.28,0.26,5,F,-103,5.75"
2026-07-13T13:42:52.560+00:00,/dev/cu.usbserial-58870138231,"RX,1351010,R35,TXK,N151,31,63764,G,1,0.93,0.90,5,U,-105,4.00"
2026-07-13T13:42:52.919+00:00,/dev/cu.usbserial-58870138231,"RX,1351369,R35,TXF,N76,14,64131,E,1,0.87,0.84,5,U,-107,1.25"
2026-07-13T13:42:53.224+00:00,/dev/cu.usbserial-58870138231,"RX,1351673,R35,TXD,N46,7,64431,G,1,0.93,0.90,5,U,-105,4.75"
2026-07-13T13:42:53.420+00:00,/dev/cu.usbserial-58870138231,"RX,1351870,R35,TXA,N01,62,64627,G,1,0.93,0.90,5,F,-103,5.25"
2026-07-13T13:42:53.869+00:00,/dev/cu.usbserial-58870138231,"RX,1352319,R35,TXG,N91,6,65081,G,1,0.93,0.90,5,U,-106,2.00"
2026-07-13T13:42:54.172+00:00,/dev/cu.usbserial-58870138231,"RX,1352621,R35,TXE,N61,28,65383,A,1,0.75,0.72,5,U,-105,3.50"
2026-07-13T13:42:54.420+00:00,/dev/cu.usbserial-58870138231,"RX,1352870,R35,TXA,N01,63,65627,H,1,0.32,0.30,5,F,-103,5.50"
2026-07-13T13:42:54.560+00:00,/dev/cu.usbserial-58870138231,"RX,1353010,R35,TXK,N151,32,65764,A,1,0.75,0.72,5,U,-106,3.00"
2026-07-13T13:42:54.919+00:00,/dev/cu.usbserial-58870138231,"RX,1353369,R35,TXF,N76,15,66131,G,1,0.93,0.90,5,U,-107,1.25"
2026-07-13T13:42:55.077+00:00,/dev/cu.usbserial-58870138231,"RX,1353527,R35,TXJ,N136,6,66281,G,1,0.93,0.90,5,U,-101,7.00"
2026-07-13T13:42:55.177+00:00,/dev/cu.usbserial-58870138231,"RX,1353627,R35,TXC,N31,14,66385,E,1,0.87,0.84,5,U,-104,5.25"
2026-07-13T13:42:55.420+00:00,/dev/cu.usbserial-58870138231,"RX,1353870,R35,TXA,N01,64,66627,A,1,0.75,0.72,5,F,-103,5.75"
2026-07-13T13:42:56.171+00:00,/dev/cu.usbserial-58870138231,"RX,1354621,R35,TXE,N61,29,67383,C,0,0.81,0.78,5,U,-106,2.75"
2026-07-13T13:42:56.278+00:00,/dev/cu.usbserial-58870138231,"RX,1354728,R35,TXI,N121,14,67482,E,1,0.87,0.84,5,U,-105,3.50"
2026-07-13T13:42:56.420+00:00,/dev/cu.usbserial-58870138231,"RX,1354870,R35,TXA,N01,65,67627,B,0,0.20,0.18,5,F,-103,5.75"
2026-07-13T13:42:56.560+00:00,/dev/cu.usbserial-58870138231,"RX,1355010,R35,TXK,N151,33,67764,C,1,0.81,0.78,5,U,-105,3.00"
2026-07-13T13:42:57.177+00:00,/dev/cu.usbserial-58870138231,"RX,1355627,R35,TXC,N31,15,68385,G,1,0.93,0.90,5,U,-104,4.25"
2026-07-13T13:42:57.420+00:00,/dev/cu.usbserial-58870138231,"RX,1355870,R35,TXA,N01,66,68627,C,1,0.81,0.78,5,F,-103,5.50"
2026-07-13T13:42:57.688+00:00,/dev/cu.usbserial-58870138231,"RX,1356138,R35,TXB,N16,32,68894,A,1,0.75,0.72,5,U,-110,-7.25"
2026-07-13T13:42:58.171+00:00,/dev/cu.usbserial-58870138231,"RX,1356621,R35,TXE,N61,30,69383,E,1,0.87,0.84,5,U,-103,4.75"
2026-07-13T13:42:58.278+00:00,/dev/cu.usbserial-58870138231,"RX,1356728,R35,TXI,N121,15,69482,G,1,0.93,0.90,5,U,-103,4.50"
2026-07-13T13:42:58.420+00:00,/dev/cu.usbserial-58870138231,"RX,1356870,R35,TXA,N01,67,69627,D,1,0.24,0.22,5,F,-103,6.00"
2026-07-13T13:42:58.560+00:00,/dev/cu.usbserial-58870138231,"RX,1357010,R35,TXK,N151,34,69764,E,0,0.87,0.84,5,U,-104,3.50"
2026-07-13T13:42:59.420+00:00,/dev/cu.usbserial-58870138231,"RX,1357870,R35,TXA,N01,68,70627,E,0,0.87,0.84,5,F,-102,6.00"
2026-07-13T13:42:59.688+00:00,/dev/cu.usbserial-58870138231,"RX,1358138,R35,TXB,N16,33,70894,C,1,0.81,0.78,5,U,-110,-7.50"
2026-07-13T13:43:00.172+00:00,/dev/cu.usbserial-58870138231,"RX,1358621,R35,TXE,N61,31,71383,G,1,0.93,0.90,5,U,-104,3.75"
2026-07-13T13:43:00.420+00:00,/dev/cu.usbserial-58870138231,"RX,1358870,R35,TXA,N01,69,71627,F,1,0.28,0.26,5,F,-103,5.50"
2026-07-13T13:43:00.531+00:00,/dev/cu.usbserial-58870138231,"RX,1358981,R35,TXH,N106,4,71743,G,1,0.93,0.90,5,U,-97,4.50"
2026-07-13T13:43:00.713+00:00,/dev/cu.usbserial-58870138231,"RX,1359163,R35,TXL,N166,4,71917,G,1,0.93,0.90,5,U,-102,6.00"
2026-07-13T13:43:00.919+00:00,/dev/cu.usbserial-58870138231,"RX,1359369,R35,TXF,N76,16,72131,E,0,0.87,0.84,5,U,-108,-1.50"
2026-07-13T13:43:01.224+00:00,/dev/cu.usbserial-58870138231,"RX,1359673,R35,TXD,N46,8,72431,G,1,0.93,0.90,5,U,-105,4.00"
2026-07-13T13:43:01.420+00:00,/dev/cu.usbserial-58870138231,"RX,1359870,R35,TXA,N01,70,72627,G,1,0.93,0.90,5,F,-101,6.25"
2026-07-13T13:43:01.688+00:00,/dev/cu.usbserial-58870138231,"RX,1360138,R35,TXB,N16,34,72894,E,0,0.87,0.84,5,U,-109,-5.75"
2026-07-13T13:43:01.869+00:00,/dev/cu.usbserial-58870138231,"RX,1360319,R35,TXG,N91,7,73081,G,1,0.93,0.90,5,U,-106,2.00"
2026-07-13T13:43:02.171+00:00,/dev/cu.usbserial-58870138231,"RX,1360621,R35,TXE,N61,32,73383,A,1,0.75,0.72,5,U,-107,1.00"
2026-07-13T13:43:02.420+00:00,/dev/cu.usbserial-58870138231,"RX,1360870,R35,TXA,N01,71,73627,H,0,0.32,0.30,5,F,-107,0.25"
2026-07-13T13:43:02.560+00:00,/dev/cu.usbserial-58870138231,"RX,1361010,R35,TXK,N151,36,73764,A,1,0.75,0.72,5,U,-108,-3.50"
2026-07-13T13:43:02.919+00:00,/dev/cu.usbserial-58870138231,"RX,1361369,R35,TXF,N76,17,74131,G,1,0.93,0.90,5,U,-107,0.00"
2026-07-13T13:43:03.077+00:00,/dev/cu.usbserial-58870138231,"RX,1361527,R35,TXJ,N136,7,74281,G,1,0.93,0.90,5,U,-103,4.50"
2026-07-13T13:43:03.178+00:00,/dev/cu.usbserial-58870138231,"RX,1361627,R35,TXC,N31,16,74385,E,0,0.87,0.84,5,U,-105,1.75"
2026-07-13T13:43:03.421+00:00,/dev/cu.usbserial-58870138231,"RX,1361870,R35,TXA,N01,72,74627,A,1,0.75,0.72,5,F,-104,4.25"
2026-07-13T13:43:03.688+00:00,/dev/cu.usbserial-58870138231,"RX,1362138,R35,TXB,N16,35,74894,G,1,0.93,0.90,5,U,-110,-9.25"
2026-07-13T13:43:04.172+00:00,/dev/cu.usbserial-58870138231,"RX,1362621,R35,TXE,N61,33,75383,C,1,0.81,0.78,5,U,-105,4.50"
2026-07-13T13:43:04.279+00:00,/dev/cu.usbserial-58870138231,"RX,1362728,R35,TXI,N121,16,75482,E,0,0.87,0.84,5,U,-104,4.00"
2026-07-13T13:43:04.421+00:00,/dev/cu.usbserial-58870138231,"RX,1362870,R35,TXA,N01,73,75627,B,1,0.20,0.18,5,F,-103,5.50"
2026-07-13T13:43:05.178+00:00,/dev/cu.usbserial-58870138231,"RX,1363627,R35,TXC,N31,17,76385,G,1,0.93,0.90,5,U,-103,5.00"
2026-07-13T13:43:05.421+00:00,/dev/cu.usbserial-58870138231,"RX,1363870,R35,TXA,N01,74,76627,C,0,0.81,0.78,5,F,-103,4.75"
2026-07-13T13:43:06.172+00:00,/dev/cu.usbserial-58870138231,"RX,1364621,R35,TXE,N61,34,77383,E,0,0.87,0.84,5,U,-105,3.75"
2026-07-13T13:43:06.279+00:00,/dev/cu.usbserial-58870138231,"RX,1364728,R35,TXI,N121,17,77482,G,1,0.93,0.90,5,U,-105,4.00"
2026-07-13T13:43:06.421+00:00,/dev/cu.usbserial-58870138231,"RX,1364870,R35,TXA,N01,75,77627,D,1,0.24,0.22,5,F,-103,5.25"
2026-07-13T13:43:06.560+00:00,/dev/cu.usbserial-58870138231,"RX,1365010,R35,TXK,N151,38,77764,E,1,0.87,0.84,5,U,-105,3.25"
2026-07-13T13:43:07.421+00:00,/dev/cu.usbserial-58870138231,"RX,1365870,R35,TXA,N01,76,78627,E,1,0.87,0.84,5,F,-104,4.50"
2026-07-13T13:43:08.172+00:00,/dev/cu.usbserial-58870138231,"RX,1366621,R35,TXE,N61,35,79383,G,1,0.93,0.90,5,U,-106,2.25"
2026-07-13T13:43:08.421+00:00,/dev/cu.usbserial-58870138231,"RX,1366870,R35,TXA,N01,77,79627,F,0,0.28,0.26,5,F,-103,5.50"
2026-07-13T13:43:08.531+00:00,/dev/cu.usbserial-58870138231,"RX,1366981,R35,TXH,N106,5,79743,G,1,0.93,0.90,5,U,-99,4.25"
2026-07-13T13:43:08.713+00:00,/dev/cu.usbserial-58870138231,"RX,1367163,R35,TXL,N166,5,79917,G,1,0.93,0.90,5,U,-102,6.50"
2026-07-13T13:43:08.919+00:00,/dev/cu.usbserial-58870138231,"RX,1367369,R35,TXF,N76,18,80131,E,1,0.87,0.84,5,U,-107,1.00"
2026-07-13T13:43:09.224+00:00,/dev/cu.usbserial-58870138231,"RX,1367673,R35,TXD,N46,9,80431,G,1,0.93,0.90,5,U,-105,3.25"
2026-07-13T13:43:09.421+00:00,/dev/cu.usbserial-58870138231,"RX,1367870,R35,TXA,N01,78,80627,G,1,0.93,0.90,5,F,-103,5.00"
2026-07-13T13:43:09.869+00:00,/dev/cu.usbserial-58870138231,"RX,1368319,R35,TXG,N91,8,81081,G,1,0.93,0.90,5,U,-106,1.75"
2026-07-13T13:43:10.172+00:00,/dev/cu.usbserial-58870138231,"RX,1368621,R35,TXE,N61,36,81383,A,1,0.75,0.72,5,U,-104,4.25"
2026-07-13T13:43:10.421+00:00,/dev/cu.usbserial-58870138231,"RX,1368870,R35,TXA,N01,79,81627,H,1,0.32,0.30,5,F,-103,5.00"
2026-07-13T13:43:10.561+00:00,/dev/cu.usbserial-58870138231,"RX,1369010,R35,TXK,N151,40,81764,A,0,0.75,0.72,5,U,-104,4.50"
2026-07-13T13:43:10.919+00:00,/dev/cu.usbserial-58870138231,"RX,1369369,R35,TXF,N76,19,82131,G,1,0.93,0.90,5,U,-106,1.75"
2026-07-13T13:43:11.077+00:00,/dev/cu.usbserial-58870138231,"RX,1369527,R35,TXJ,N136,8,82281,G,1,0.93,0.90,5,U,-101,6.50"
2026-07-13T13:43:11.178+00:00,/dev/cu.usbserial-58870138231,"RX,1369627,R35,TXC,N31,18,82385,E,1,0.87,0.84,5,U,-105,3.50"
2026-07-13T13:43:11.421+00:00,/dev/cu.usbserial-58870138231,"RX,1369870,R35,TXA,N01,80,82627,A,0,0.75,0.72,5,F,-103,5.00"
2026-07-13T13:43:12.172+00:00,/dev/cu.usbserial-58870138231,"RX,1370621,R35,TXE,N61,37,83383,C,0,0.81,0.78,5,U,-106,2.50"
2026-07-13T13:43:12.279+00:00,/dev/cu.usbserial-58870138231,"RX,1370728,R35,TXI,N121,18,83482,E,1,0.87,0.84,5,U,-107,0.50"
2026-07-13T13:43:12.421+00:00,/dev/cu.usbserial-58870138231,"RX,1370870,R35,TXA,N01,81,83627,B,1,0.20,0.18,5,F,-103,4.75"
2026-07-13T13:43:12.561+00:00,/dev/cu.usbserial-58870138231,"RX,1371010,R35,TXK,N151,41,83764,C,1,0.81,0.78,5,U,-106,2.25"
2026-07-13T13:43:13.178+00:00,/dev/cu.usbserial-58870138231,"RX,1371627,R35,TXC,N31,19,84385,G,1,0.93,0.90,5,U,-103,3.50"
2026-07-13T13:43:13.421+00:00,/dev/cu.usbserial-58870138231,"RX,1371870,R35,TXA,N01,82,84627,C,1,0.81,0.78,5,F,-103,5.25"
2026-07-13T13:43:14.172+00:00,/dev/cu.usbserial-58870138231,"RX,1372621,R35,TXE,N61,38,85383,E,1,0.87,0.84,5,U,-105,3.75"
2026-07-13T13:43:14.279+00:00,/dev/cu.usbserial-58870138231,"RX,1372728,R35,TXI,N121,19,85482,G,1,0.93,0.90,5,U,-105,4.00"
2026-07-13T13:43:14.421+00:00,/dev/cu.usbserial-58870138231,"RX,1372870,R35,TXA,N01,83,85627,D,0,0.24,0.22,5,F,-103,5.25"
2026-07-13T13:43:14.561+00:00,/dev/cu.usbserial-58870138231,"RX,1373010,R35,TXK,N151,42,85764,E,1,0.87,0.84,5,U,-104,4.75"
2026-07-13T13:43:15.421+00:00,/dev/cu.usbserial-58870138231,"RX,1373870,R35,TXA,N01,84,86627,E,1,0.87,0.84,5,F,-103,5.00"
2026-07-13T13:43:16.172+00:00,/dev/cu.usbserial-58870138231,"RX,1374621,R35,TXE,N61,39,87383,G,1,0.93,0.90,5,U,-104,3.50"
2026-07-13T13:43:16.421+00:00,/dev/cu.usbserial-58870138231,"RX,1374870,R35,TXA,N01,85,87627,F,1,0.28,0.26,5,F,-103,5.50"
2026-07-13T13:43:16.531+00:00,/dev/cu.usbserial-58870138231,"RX,1374980,R35,TXH,N106,6,87743,G,0,0.93,0.90,5,U,-99,4.50"
2026-07-13T13:43:16.713+00:00,/dev/cu.usbserial-58870138231,"RX,1375162,R35,TXL,N166,6,87917,G,0,0.93,0.90,5,U,-103,6.25"
2026-07-13T13:43:16.919+00:00,/dev/cu.usbserial-58870138231,"RX,1375369,R35,TXF,N76,20,88131,E,1,0.87,0.84,5,U,-106,2.00"
2026-07-13T13:43:17.224+00:00,/dev/cu.usbserial-58870138231,"RX,1375673,R35,TXD,N46,10,88431,G,0,0.93,0.90,5,U,-105,3.75"
2026-07-13T13:43:17.420+00:00,/dev/cu.usbserial-58870138231,"RX,1375870,R35,TXA,N01,86,88627,G,0,0.93,0.90,5,F,-103,5.00"
2026-07-13T13:43:17.688+00:00,/dev/cu.usbserial-58870138231,"RX,1376138,R35,TXB,N16,42,88894,E,1,0.87,0.84,5,U,-110,-8.75"
2026-07-13T13:43:17.869+00:00,/dev/cu.usbserial-58870138231,"RX,1376319,R35,TXG,N91,9,89081,G,1,0.93,0.90,5,U,-106,2.00"
2026-07-13T13:43:18.172+00:00,/dev/cu.usbserial-58870138231,"RX,1376621,R35,TXE,N61,40,89383,A,0,0.75,0.72,5,U,-105,4.00"
2026-07-13T13:43:18.421+00:00,/dev/cu.usbserial-58870138231,"RX,1376870,R35,TXA,N01,87,89627,H,1,0.32,0.30,5,F,-103,5.00"
2026-07-13T13:43:18.561+00:00,/dev/cu.usbserial-58870138231,"RX,1377010,R35,TXK,N151,44,89764,A,1,0.75,0.72,5,U,-106,1.50"
2026-07-13T13:43:18.919+00:00,/dev/cu.usbserial-58870138231,"RX,1377369,R35,TXF,N76,21,90131,G,0,0.93,0.90,5,U,-106,1.50"
2026-07-13T13:43:19.077+00:00,/dev/cu.usbserial-58870138231,"RX,1377527,R35,TXJ,N136,9,90281,G,1,0.93,0.90,5,U,-101,6.25"
2026-07-13T13:43:19.178+00:00,/dev/cu.usbserial-58870138231,"RX,1377627,R35,TXC,N31,20,90385,E,1,0.87,0.84,5,U,-103,4.75"
2026-07-13T13:43:19.421+00:00,/dev/cu.usbserial-58870138231,"RX,1377870,R35,TXA,N01,88,90627,A,1,0.75,0.72,5,F,-103,5.50"
2026-07-13T13:43:19.688+00:00,/dev/cu.usbserial-58870138231,"RX,1378137,R35,TXB,N16,43,90894,G,0,0.93,0.90,5,U,-110,-7.75"
2026-07-13T13:43:20.172+00:00,/dev/cu.usbserial-58870138231,"RX,1378621,R35,TXE,N61,41,91383,C,1,0.81,0.78,5,U,-105,4.00"
2026-07-13T13:43:20.279+00:00,/dev/cu.usbserial-58870138231,"RX,1378728,R35,TXI,N121,20,91482,E,1,0.87,0.84,5,U,-104,3.00"
2026-07-13T13:43:20.421+00:00,/dev/cu.usbserial-58870138231,"RX,1378870,R35,TXA,N01,89,91627,B,0,0.20,0.18,5,F,-103,5.00"
2026-07-13T13:43:20.561+00:00,/dev/cu.usbserial-58870138231,"RX,1379010,R35,TXK,N151,45,91764,C,1,0.81,0.78,5,U,-105,3.00"
2026-07-13T13:43:21.178+00:00,/dev/cu.usbserial-58870138231,"RX,1379627,R35,TXC,N31,21,92385,G,0,0.93,0.90,5,U,-103,4.00"
2026-07-13T13:43:21.421+00:00,/dev/cu.usbserial-58870138231,"RX,1379870,R35,TXA,N01,90,92627,C,1,0.81,0.78,5,F,-103,5.50"
2026-07-13T13:43:21.688+00:00,/dev/cu.usbserial-58870138231,"RX,1380137,R35,TXB,N16,44,92894,A,1,0.75,0.72,5,U,-110,-7.75"
2026-07-13T13:43:22.172+00:00,/dev/cu.usbserial-58870138231,"RX,1380621,R35,TXE,N61,42,93383,E,1,0.87,0.84,5,U,-105,2.75"
2026-07-13T13:43:22.279+00:00,/dev/cu.usbserial-58870138231,"RX,1380728,R35,TXI,N121,21,93482,G,0,0.93,0.90,5,U,-105,2.00"
2026-07-13T13:43:22.421+00:00,/dev/cu.usbserial-58870138231,"RX,1380870,R35,TXA,N01,91,93627,D,1,0.24,0.22,5,F,-103,4.75"
2026-07-13T13:43:22.561+00:00,/dev/cu.usbserial-58870138231,"RX,1381010,R35,TXK,N151,46,93764,E,0,0.87,0.84,5,U,-105,1.25"
2026-07-13T13:43:23.421+00:00,/dev/cu.usbserial-58870138231,"RX,1381870,R35,TXA,N01,92,94627,E,0,0.87,0.84,5,F,-103,4.25"
2026-07-13T13:43:24.172+00:00,/dev/cu.usbserial-58870138231,"RX,1382621,R35,TXE,N61,43,95383,G,0,0.93,0.90,5,U,-105,3.25"
2026-07-13T13:43:24.421+00:00,/dev/cu.usbserial-58870138231,"RX,1382870,R35,TXA,N01,93,95627,F,1,0.28,0.26,5,F,-103,5.25"
2026-07-13T13:43:24.713+00:00,/dev/cu.usbserial-58870138231,"RX,1383162,R35,TXL,N166,7,95917,G,1,0.93,0.90,5,U,-102,5.75"
2026-07-13T13:43:24.919+00:00,/dev/cu.usbserial-58870138231,"RX,1383368,R35,TXF,N76,22,96131,E,0,0.87,0.84,5,U,-106,-0.75"
2026-07-13T13:43:25.224+00:00,/dev/cu.usbserial-58870138231,"RX,1383673,R35,TXD,N46,11,96431,G,1,0.93,0.90,5,U,-106,1.50"
2026-07-13T13:43:25.421+00:00,/dev/cu.usbserial-58870138231,"RX,1383870,R35,TXA,N01,94,96627,G,1,0.93,0.90,5,F,-104,4.00"
2026-07-13T13:43:25.869+00:00,/dev/cu.usbserial-58870138231,"RX,1384319,R35,TXG,N91,10,97081,G,0,0.93,0.90,5,U,-106,1.00"
2026-07-13T13:43:26.172+00:00,/dev/cu.usbserial-58870138231,"RX,1384621,R35,TXE,N61,44,97383,A,1,0.75,0.72,5,U,-105,1.25"
2026-07-13T13:43:26.421+00:00,/dev/cu.usbserial-58870138231,"RX,1384870,R35,TXA,N01,95,97627,H,0,0.32,0.30,5,F,-102,4.75"
2026-07-13T13:43:26.560+00:00,/dev/cu.usbserial-58870138231,"RX,1385010,R35,TXK,N151,48,97764,A,1,0.75,0.72,5,U,-104,3.00"
2026-07-13T13:43:26.919+00:00,/dev/cu.usbserial-58870138231,"RX,1385368,R35,TXF,N76,23,98131,G,1,0.93,0.90,5,U,-106,-0.25"
2026-07-13T13:43:27.078+00:00,/dev/cu.usbserial-58870138231,"RX,1385527,R35,TXJ,N136,10,98281,G,0,0.93,0.90,5,U,-101,6.25"
2026-07-13T13:43:27.178+00:00,/dev/cu.usbserial-58870138231,"RX,1385627,R35,TXC,N31,22,98385,E,0,0.87,0.84,5,U,-104,3.00"
2026-07-13T13:43:27.421+00:00,/dev/cu.usbserial-58870138231,"RX,1385870,R35,TXA,N01,96,98627,A,1,0.75,0.72,5,F,-103,4.75"
2026-07-13T13:43:27.688+00:00,/dev/cu.usbserial-58870138231,"RX,1386137,R35,TXB,N16,47,98894,G,1,0.93,0.90,5,U,-109,-7.50"
2026-07-13T13:43:28.172+00:00,/dev/cu.usbserial-58870138231,"RX,1386621,R35,TXE,N61,45,99383,C,1,0.81,0.78,5,U,-104,2.75"
2026-07-13T13:43:28.279+00:00,/dev/cu.usbserial-58870138231,"RX,1386728,R35,TXI,N121,22,99482,E,0,0.87,0.84,5,U,-105,3.25"
2026-07-13T13:43:28.421+00:00,/dev/cu.usbserial-58870138231,"RX,1386870,R35,TXA,N01,97,99627,B,1,0.20,0.18,5,F,-103,4.25"
2026-07-13T13:43:28.560+00:00,/dev/cu.usbserial-58870138231,"RX,1387010,R35,TXK,N151,49,99764,C,0,0.81,0.78,5,U,-105,2.00"
2026-07-13T13:43:29.178+00:00,/dev/cu.usbserial-58870138231,"RX,1387627,R35,TXC,N31,23,100385,G,1,0.93,0.90,5,U,-104,3.25"
2026-07-13T13:43:29.421+00:00,/dev/cu.usbserial-58870138231,"RX,1387870,R35,TXA,N01,98,100627,C,0,0.81,0.78,5,F,-103,4.00"
2026-07-13T13:43:30.172+00:00,/dev/cu.usbserial-58870138231,"RX,1388621,R35,TXE,N61,46,101383,E,0,0.87,0.84,5,U,-105,1.75"
2026-07-13T13:43:30.279+00:00,/dev/cu.usbserial-58870138231,"RX,1388728,R35,TXI,N121,23,101482,G,1,0.93,0.90,5,U,-105,2.50"
2026-07-13T13:43:30.421+00:00,/dev/cu.usbserial-58870138231,"RX,1388870,R35,TXA,N01,99,101627,D,1,0.24,0.22,5,F,-102,5.25"
2026-07-13T13:43:30.561+00:00,/dev/cu.usbserial-58870138231,"RX,1389010,R35,TXK,N151,50,101764,E,1,0.87,0.84,5,U,-107,-0.75"
2026-07-13T13:43:31.421+00:00,/dev/cu.usbserial-58870138231,"RX,1389870,R35,TXA,N01,100,102627,E,1,0.87,0.84,5,F,-102,4.00"
2026-07-13T13:43:32.172+00:00,/dev/cu.usbserial-58870138231,"RX,1390621,R35,TXE,N61,47,103383,G,1,0.93,0.90,5,U,-105,1.75"
2026-07-13T13:43:32.421+00:00,/dev/cu.usbserial-58870138231,"RX,1390870,R35,TXA,N01,101,103627,F,0,0.28,0.26,5,F,-103,4.00"
2026-07-13T13:43:32.561+00:00,/dev/cu.usbserial-58870138231,"RX,1391010,R35,TXK,N151,51,103764,G,1,0.93,0.90,5,U,-105,1.50"
2026-07-13T13:43:32.920+00:00,/dev/cu.usbserial-58870138231,"RX,1391368,R35,TXF,N76,24,104131,E,1,0.87,0.84,5,U,-106,-1.25"
2026-07-13T13:43:33.224+00:00,/dev/cu.usbserial-58870138231,"RX,1391673,R35,TXD,N46,12,104431,G,1,0.93,0.90,5,U,-105,2.50"
2026-07-13T13:43:33.421+00:00,/dev/cu.usbserial-58870138231,"RX,1391870,R35,TXA,N01,102,104627,G,1,0.93,0.90,5,F,-103,4.00"
2026-07-13T13:43:33.870+00:00,/dev/cu.usbserial-58870138231,"RX,1392319,R35,TXG,N91,11,105081,G,1,0.93,0.90,5,U,-106,-0.25"
2026-07-13T13:43:34.172+00:00,/dev/cu.usbserial-58870138231,"RX,1392621,R35,TXE,N61,48,105383,A,1,0.75,0.72,5,U,-105,2.00"
2026-07-13T13:43:34.421+00:00,/dev/cu.usbserial-58870138231,"RX,1392870,R35,TXA,N01,103,105627,H,1,0.32,0.30,5,F,-102,4.25"
2026-07-13T13:43:34.560+00:00,/dev/cu.usbserial-58870138231,"RX,1393010,R35,TXK,N151,52,105764,A,0,0.75,0.72,5,U,-105,1.75"
2026-07-13T13:43:34.920+00:00,/dev/cu.usbserial-58870138231,"RX,1393368,R35,TXF,N76,25,106131,G,1,0.93,0.90,5,U,-106,-0.50"
2026-07-13T13:43:35.078+00:00,/dev/cu.usbserial-58870138231,"RX,1393527,R35,TXJ,N136,11,106281,G,1,0.93,0.90,5,U,-101,5.50"
2026-07-13T13:43:35.178+00:00,/dev/cu.usbserial-58870138231,"RX,1393627,R35,TXC,N31,24,106385,E,1,0.87,0.84,5,U,-103,3.25"
2026-07-13T13:43:35.421+00:00,/dev/cu.usbserial-58870138231,"RX,1393870,R35,TXA,N01,104,106627,A,0,0.75,0.72,5,F,-103,4.00"
2026-07-13T13:43:36.172+00:00,/dev/cu.usbserial-58870138231,"RX,1394621,R35,TXE,N61,49,107383,C,0,0.81,0.78,5,U,-105,1.75"
2026-07-13T13:43:36.279+00:00,/dev/cu.usbserial-58870138231,"RX,1394728,R35,TXI,N121,24,107482,E,1,0.87,0.84,5,U,-105,1.50"
2026-07-13T13:43:36.421+00:00,/dev/cu.usbserial-58870138231,"RX,1394870,R35,TXA,N01,105,107627,B,1,0.20,0.18,5,F,-102,4.25"
2026-07-13T13:43:36.560+00:00,/dev/cu.usbserial-58870138231,"RX,1395010,R35,TXK,N151,53,107764,C,1,0.81,0.78,5,U,-105,1.75"
2026-07-13T13:43:37.178+00:00,/dev/cu.usbserial-58870138231,"RX,1395627,R35,TXC,N31,25,108385,G,1,0.93,0.90,5,U,-103,3.25"
2026-07-13T13:43:37.421+00:00,/dev/cu.usbserial-58870138231,"RX,1395870,R35,TXA,N01,106,108627,C,1,0.81,0.78,5,F,-103,4.00"
2026-07-13T13:43:37.688+00:00,/dev/cu.usbserial-58870138231,"RX,1396137,R35,TXB,N16,52,108894,A,0,0.75,0.72,5,U,-109,-9.00"
2026-07-13T13:43:38.172+00:00,/dev/cu.usbserial-58870138231,"RX,1396621,R35,TXE,N61,50,109383,E,1,0.87,0.84,5,U,-104,2.75"
2026-07-13T13:43:38.278+00:00,/dev/cu.usbserial-58870138231,"RX,1396728,R35,TXI,N121,25,109482,G,1,0.93,0.90,5,U,-104,2.00"
2026-07-13T13:43:38.421+00:00,/dev/cu.usbserial-58870138231,"RX,1396870,R35,TXA,N01,107,109627,D,0,0.24,0.22,5,F,-103,4.25"
2026-07-13T13:43:38.560+00:00,/dev/cu.usbserial-58870138231,"RX,1397010,R35,TXK,N151,54,109764,E,1,0.87,0.84,5,U,-105,1.75"
2026-07-13T13:43:39.421+00:00,/dev/cu.usbserial-58870138231,"RX,1397870,R35,TXA,N01,108,110627,E,1,0.87,0.84,5,F,-103,4.50"
2026-07-13T13:43:40.172+00:00,/dev/cu.usbserial-58870138231,"RX,1398621,R35,TXE,N61,51,111383,G,1,0.93,0.90,5,U,-105,2.00"
2026-07-13T13:43:40.421+00:00,/dev/cu.usbserial-58870138231,"RX,1398870,R35,TXA,N01,109,111627,F,1,0.28,0.26,5,F,-103,4.00"
2026-07-13T13:43:40.560+00:00,/dev/cu.usbserial-58870138231,"RX,1399010,R35,TXK,N151,55,111764,G,0,0.93,0.90,5,U,-104,1.75"
2026-07-13T13:43:40.919+00:00,/dev/cu.usbserial-58870138231,"RX,1399368,R35,TXF,N76,26,112131,E,1,0.87,0.84,5,U,-106,-0.25"
2026-07-13T13:43:41.224+00:00,/dev/cu.usbserial-58870138231,"RX,1399673,R35,TXD,N46,13,112431,G,0,0.93,0.90,5,U,-104,2.25"
2026-07-13T13:43:41.421+00:00,/dev/cu.usbserial-58870138231,"RX,1399870,R35,TXA,N01,110,112627,G,0,0.93,0.90,5,F,-103,4.25"
2026-07-13T13:43:41.870+00:00,/dev/cu.usbserial-58870138231,"RX,1400319,R35,TXG,N91,12,113081,G,1,0.93,0.90,5,U,-105,0.75"
2026-07-13T13:43:42.172+00:00,/dev/cu.usbserial-58870138231,"RX,1400621,R35,TXE,N61,52,113383,A,0,0.75,0.72,5,U,-104,2.50"
2026-07-13T13:43:42.421+00:00,/dev/cu.usbserial-58870138231,"RX,1400870,R35,TXA,N01,111,113627,H,1,0.32,0.30,5,F,-102,4.25"
2026-07-13T13:43:42.560+00:00,/dev/cu.usbserial-58870138231,"RX,1401009,R35,TXK,N151,56,113764,A,1,0.75,0.72,5,U,-105,2.25"
2026-07-13T13:43:42.919+00:00,/dev/cu.usbserial-58870138231,"RX,1401368,R35,TXF,N76,27,114131,G,0,0.93,0.90,5,U,-106,-0.50"
2026-07-13T13:43:43.078+00:00,/dev/cu.usbserial-58870138231,"RX,1401527,R35,TXJ,N136,12,114281,G,1,0.93,0.90,5,U,-101,5.50"
2026-07-13T13:43:43.178+00:00,/dev/cu.usbserial-58870138231,"RX,1401627,R35,TXC,N31,26,114385,E,1,0.87,0.84,5,U,-103,3.50"
2026-07-13T13:43:43.421+00:00,/dev/cu.usbserial-58870138231,"RX,1401870,R35,TXA,N01,112,114627,A,1,0.75,0.72,5,F,-102,4.00"
2026-07-13T13:43:44.172+00:00,/dev/cu.usbserial-58870138231,"RX,1402621,R35,TXE,N61,53,115383,C,1,0.81,0.78,5,U,-105,2.75"
2026-07-13T13:43:44.278+00:00,/dev/cu.usbserial-58870138231,"RX,1402727,R35,TXI,N121,26,115482,E,1,0.87,0.84,5,U,-105,3.00"
2026-07-13T13:43:44.421+00:00,/dev/cu.usbserial-58870138231,"RX,1402870,R35,TXA,N01,113,115627,B,0,0.20,0.18,5,F,-103,4.00"
2026-07-13T13:43:44.560+00:00,/dev/cu.usbserial-58870138231,"RX,1403009,R35,TXK,N151,57,115764,C,1,0.81,0.78,5,U,-105,1.25"
2026-07-13T13:43:45.178+00:00,/dev/cu.usbserial-58870138231,"RX,1403627,R35,TXC,N31,27,116385,G,0,0.93,0.90,5,U,-103,3.75"
2026-07-13T13:43:45.421+00:00,/dev/cu.usbserial-58870138231,"RX,1403870,R35,TXA,N01,114,116627,C,1,0.81,0.78,5,F,-102,4.50"
2026-07-13T13:43:46.172+00:00,/dev/cu.usbserial-58870138231,"RX,1404621,R35,TXE,N61,54,117383,E,1,0.87,0.84,5,U,-105,2.50"
2026-07-13T13:43:46.278+00:00,/dev/cu.usbserial-58870138231,"RX,1404727,R35,TXI,N121,27,117482,G,0,0.93,0.90,5,U,-105,1.75"
2026-07-13T13:43:46.421+00:00,/dev/cu.usbserial-58870138231,"RX,1404870,R35,TXA,N01,115,117627,D,1,0.24,0.22,5,F,-103,4.25"
2026-07-13T13:43:46.560+00:00,/dev/cu.usbserial-58870138231,"RX,1405009,R35,TXK,N151,58,117764,E,0,0.87,0.84,5,U,-105,1.25"
2026-07-13T13:43:47.421+00:00,/dev/cu.usbserial-58870138231,"RX,1405870,R35,TXA,N01,116,118627,E,0,0.87,0.84,5,F,-103,4.25"
2026-07-13T13:43:48.172+00:00,/dev/cu.usbserial-58870138231,"RX,1406621,R35,TXE,N61,55,119383,G,0,0.93,0.90,5,U,-104,2.75"
2026-07-13T13:43:48.421+00:00,/dev/cu.usbserial-58870138231,"RX,1406870,R35,TXA,N01,117,119627,F,1,0.28,0.26,5,F,-103,4.25"
2026-07-13T13:43:48.560+00:00,/dev/cu.usbserial-58870138231,"RX,1407009,R35,TXK,N151,59,119764,G,1,0.93,0.90,5,U,-105,2.50"
2026-07-13T13:43:48.919+00:00,/dev/cu.usbserial-58870138231,"RX,1407368,R35,TXF,N76,28,120131,E,0,0.87,0.84,5,U,-106,0.00"
2026-07-13T13:43:49.224+00:00,/dev/cu.usbserial-58870138231,"RX,1407673,R35,TXD,N46,14,120431,G,1,0.93,0.90,5,U,-105,2.75"
2026-07-13T13:43:49.421+00:00,/dev/cu.usbserial-58870138231,"RX,1407869,R35,TXA,N01,118,120627,G,1,0.93,0.90,5,F,-102,4.25"
2026-07-13T13:43:49.689+00:00,/dev/cu.usbserial-58870138231,"RX,1408137,R35,TXB,N16,58,120894,E,0,0.87,0.84,5,U,-109,-9.00"
2026-07-13T13:43:49.869+00:00,/dev/cu.usbserial-58870138231,"RX,1408318,R35,TXG,N91,13,121081,G,0,0.93,0.90,5,U,-106,0.50"
2026-07-13T13:43:50.172+00:00,/dev/cu.usbserial-58870138231,"RX,1408621,R35,TXE,N61,56,121383,A,1,0.75,0.72,5,U,-104,2.75"
2026-07-13T13:43:50.422+00:00,/dev/cu.usbserial-58870138231,"RX,1408869,R35,TXA,N01,119,121627,H,0,0.32,0.30,5,F,-103,4.50"
2026-07-13T13:43:50.560+00:00,/dev/cu.usbserial-58870138231,"RX,1409009,R35,TXK,N151,60,121764,A,1,0.75,0.72,5,U,-105,2.25"
2026-07-13T13:43:50.919+00:00,/dev/cu.usbserial-58870138231,"RX,1409368,R35,TXF,N76,29,122131,G,1,0.93,0.90,5,U,-107,-0.50"
2026-07-13T13:43:51.078+00:00,/dev/cu.usbserial-58870138231,"RX,1409526,R35,TXJ,N136,13,122281,G,0,0.93,0.90,5,U,-101,5.75"
2026-07-13T13:43:51.177+00:00,/dev/cu.usbserial-58870138231,"RX,1409626,R35,TXC,N31,28,122385,E,0,0.87,0.84,5,U,-103,4.00"
2026-07-13T13:43:51.421+00:00,/dev/cu.usbserial-58870138231,"RX,1409869,R35,TXA,N01,120,122627,A,1,0.75,0.72,5,F,-102,4.75"
2026-07-13T13:43:51.688+00:00,/dev/cu.usbserial-58870138231,"RX,1410137,R35,TXB,N16,59,122894,G,1,0.93,0.90,5,U,-109,-9.25"
2026-07-13T13:43:52.172+00:00,/dev/cu.usbserial-58870138231,"RX,1410621,R35,TXE,N61,57,123383,C,1,0.81,0.78,5,U,-104,2.75"
2026-07-13T13:43:52.279+00:00,/dev/cu.usbserial-58870138231,"RX,1410727,R35,TXI,N121,28,123482,E,0,0.87,0.84,5,U,-104,3.00"
2026-07-13T13:43:52.421+00:00,/dev/cu.usbserial-58870138231,"RX,1410869,R35,TXA,N01,121,123627,B,1,0.20,0.18,5,F,-103,4.75"
2026-07-13T13:43:52.560+00:00,/dev/cu.usbserial-58870138231,"RX,1411009,R35,TXK,N151,61,123764,C,0,0.81,0.78,5,U,-105,2.00"
2026-07-13T13:43:53.177+00:00,/dev/cu.usbserial-58870138231,"RX,1411626,R35,TXC,N31,29,124385,G,1,0.93,0.90,5,U,-103,4.25"
2026-07-13T13:43:53.421+00:00,/dev/cu.usbserial-58870138231,"RX,1411869,R35,TXA,N01,122,124627,C,0,0.81,0.78,5,F,-103,5.00"
2026-07-13T13:43:53.688+00:00,/dev/cu.usbserial-58870138231,"RX,1412137,R35,TXB,N16,60,124894,A,1,0.75,0.72,5,U,-109,-8.75"
2026-07-13T13:43:54.172+00:00,/dev/cu.usbserial-58870138231,"RX,1412621,R35,TXE,N61,58,125383,E,0,0.87,0.84,5,U,-105,3.00"
2026-07-13T13:43:54.278+00:00,/dev/cu.usbserial-58870138231,"RX,1412727,R35,TXI,N121,29,125482,G,1,0.93,0.90,5,U,-104,3.50"
2026-07-13T13:43:54.421+00:00,/dev/cu.usbserial-58870138231,"RX,1412869,R35,TXA,N01,123,125627,D,1,0.24,0.22,5,F,-103,4.25"
2026-07-13T13:43:54.560+00:00,/dev/cu.usbserial-58870138231,"RX,1413009,R35,TXK,N151,62,125764,E,1,0.87,0.84,5,U,-105,3.00"
2026-07-13T13:43:55.421+00:00,/dev/cu.usbserial-58870138231,"RX,1413869,R35,TXA,N01,124,126627,E,1,0.87,0.84,5,F,-102,6.00"
2026-07-13T13:43:55.689+00:00,/dev/cu.usbserial-58870138231,"RX,1414137,R35,TXB,N16,61,126894,C,0,0.81,0.78,5,U,-110,-7.50"
2026-07-13T13:43:56.172+00:00,/dev/cu.usbserial-58870138231,"RX,1414621,R35,TXE,N61,59,127383,G,1,0.93,0.90,5,U,-105,3.50"
2026-07-13T13:43:56.421+00:00,/dev/cu.usbserial-58870138231,"RX,1414869,R35,TXA,N01,125,127627,F,0,0.28,0.26,5,F,-102,3.50"
2026-07-13T13:43:56.560+00:00,/dev/cu.usbserial-58870138231,"RX,1415009,R35,TXK,N151,63,127764,G,1,0.93,0.90,5,U,-105,3.50"
2026-07-13T13:43:56.919+00:00,/dev/cu.usbserial-58870138231,"RX,1415368,R35,TXF,N76,30,128131,E,1,0.87,0.84,5,U,-107,0.75"
2026-07-13T13:43:57.225+00:00,/dev/cu.usbserial-58870138231,"RX,1415673,R35,TXD,N46,15,128431,G,1,0.93,0.90,5,U,-105,3.50"
2026-07-13T13:43:57.421+00:00,/dev/cu.usbserial-58870138231,"RX,1415869,R35,TXA,N01,126,128627,G,1,0.93,0.90,5,F,-103,4.75"
2026-07-13T13:43:57.688+00:00,/dev/cu.usbserial-58870138231,"RX,1416137,R35,TXB,N16,62,128894,E,1,0.87,0.84,5,U,-109,-8.50"
2026-07-13T13:43:57.869+00:00,/dev/cu.usbserial-58870138231,"RX,1416318,R35,TXG,N91,14,129081,G,1,0.93,0.90,5,U,-106,1.25"
2026-07-13T13:43:58.172+00:00,/dev/cu.usbserial-58870138231,"RX,1416621,R35,TXE,N61,60,129383,A,1,0.75,0.72,5,U,-105,2.75"
2026-07-13T13:43:58.421+00:00,/dev/cu.usbserial-58870138231,"RX,1416869,R35,TXA,N01,127,129627,H,1,0.32,0.30,5,F,-102,4.50"
2026-07-13T13:43:58.560+00:00,/dev/cu.usbserial-58870138231,"RX,1417009,R35,TXK,N151,64,129764,A,1,0.75,0.72,5,U,-105,2.50"
2026-07-13T13:43:58.919+00:00,/dev/cu.usbserial-58870138231,"RX,1417368,R35,TXF,N76,31,130131,G,1,0.93,0.90,5,U,-107,0.00"
2026-07-13T13:43:59.077+00:00,/dev/cu.usbserial-58870138231,"RX,1417526,R35,TXJ,N136,14,130281,G,1,0.93,0.90,5,U,-101,5.75"
2026-07-13T13:43:59.177+00:00,/dev/cu.usbserial-58870138231,"RX,1417626,R35,TXC,N31,30,130385,E,1,0.87,0.84,5,U,-103,3.75"
2026-07-13T13:43:59.421+00:00,/dev/cu.usbserial-58870138231,"RX,1417869,R35,TXA,N01,128,130627,A,1,0.75,0.72,5,F,-102,4.25"
2026-07-13T13:44:00.172+00:00,/dev/cu.usbserial-58870138231,"RX,1418621,R35,TXE,N61,61,131383,C,0,0.81,0.78,5,U,-104,3.00"
2026-07-13T13:44:00.278+00:00,/dev/cu.usbserial-58870138231,"RX,1418727,R35,TXI,N121,30,131482,E,1,0.87,0.84,5,U,-104,2.50"
2026-07-13T13:44:00.421+00:00,/dev/cu.usbserial-58870138231,"RX,1418869,R35,TXA,N01,129,131627,B,0,0.20,0.18,5,F,-102,4.25"
2026-07-13T13:44:00.560+00:00,/dev/cu.usbserial-58870138231,"RX,1419009,R35,TXK,N151,65,131764,C,1,0.81,0.78,5,U,-104,2.25"
2026-07-13T13:44:01.178+00:00,/dev/cu.usbserial-58870138231,"RX,1419626,R35,TXC,N31,31,132385,G,1,0.93,0.90,5,U,-103,4.00"
2026-07-13T13:44:01.421+00:00,/dev/cu.usbserial-58870138231,"RX,1419869,R35,TXA,N01,130,132627,C,1,0.81,0.78,5,F,-103,4.25"
2026-07-13T13:44:01.688+00:00,/dev/cu.usbserial-58870138231,"RX,1420137,R35,TXB,N16,64,132894,A,1,0.75,0.72,5,U,-109,-9.00"
2026-07-13T13:44:02.172+00:00,/dev/cu.usbserial-58870138231,"RX,1420621,R35,TXE,N61,62,133383,E,1,0.87,0.84,5,U,-105,2.75"
2026-07-13T13:44:02.278+00:00,/dev/cu.usbserial-58870138231,"RX,1420727,R35,TXI,N121,31,133482,G,1,0.93,0.90,5,U,-105,2.50"
2026-07-13T13:44:02.421+00:00,/dev/cu.usbserial-58870138231,"RX,1420869,R35,TXA,N01,131,133627,D,1,0.24,0.22,5,F,-103,4.75"
2026-07-13T13:44:02.560+00:00,/dev/cu.usbserial-58870138231,"RX,1421009,R35,TXK,N151,66,133764,E,0,0.87,0.84,5,U,-104,3.25"
2026-07-13T13:44:03.421+00:00,/dev/cu.usbserial-58870138231,"RX,1421869,R35,TXA,N01,132,134627,E,0,0.87,0.84,5,F,-103,4.75"
2026-07-13T13:44:03.688+00:00,/dev/cu.usbserial-58870138231,"RX,1422137,R35,TXB,N16,65,134894,C,1,0.81,0.78,5,U,-109,-9.00"
2026-07-13T13:44:04.172+00:00,/dev/cu.usbserial-58870138231,"RX,1422621,R35,TXE,N61,63,135383,G,1,0.93,0.90,5,U,-105,2.75"
2026-07-13T13:44:04.421+00:00,/dev/cu.usbserial-58870138231,"RX,1422869,R35,TXA,N01,133,135627,F,1,0.28,0.26,5,F,-103,5.00"
2026-07-13T13:44:04.531+00:00,/dev/cu.usbserial-58870138231,"RX,1422980,R35,TXH,N106,8,135743,G,1,0.93,0.90,5,U,-99,4.00"
2026-07-13T13:44:04.713+00:00,/dev/cu.usbserial-58870138231,"RX,1423162,R35,TXL,N166,8,135917,G,1,0.93,0.90,5,U,-102,5.75"
2026-07-13T13:44:04.919+00:00,/dev/cu.usbserial-58870138231,"RX,1423368,R35,TXF,N76,32,136131,E,0,0.87,0.84,5,U,-106,1.50"
2026-07-13T13:44:05.225+00:00,/dev/cu.usbserial-58870138231,"RX,1423673,R35,TXD,N46,16,136431,G,1,0.93,0.90,5,U,-104,4.00"
2026-07-13T13:44:05.421+00:00,/dev/cu.usbserial-58870138231,"RX,1423869,R35,TXA,N01,134,136627,G,1,0.93,0.90,5,F,-102,5.50"
2026-07-13T13:44:05.870+00:00,/dev/cu.usbserial-58870138231,"RX,1424318,R35,TXG,N91,15,137081,G,1,0.93,0.90,5,U,-105,1.25"
2026-07-13T13:44:06.172+00:00,/dev/cu.usbserial-58870138231,"RX,1424621,R35,TXE,N61,64,137383,A,1,0.75,0.72,5,U,-104,3.50"
2026-07-13T13:44:06.421+00:00,/dev/cu.usbserial-58870138231,"RX,1424869,R35,TXA,N01,135,137627,H,0,0.32,0.30,5,F,-103,5.25"
2026-07-13T13:44:06.560+00:00,/dev/cu.usbserial-58870138231,"RX,1425009,R35,TXK,N151,68,137764,A,1,0.75,0.72,5,U,-104,3.25"
2026-07-13T13:44:06.919+00:00,/dev/cu.usbserial-58870138231,"RX,1425368,R35,TXF,N76,33,138131,G,1,0.93,0.90,5,U,-106,1.50"
2026-07-13T13:44:07.077+00:00,/dev/cu.usbserial-58870138231,"RX,1425526,R35,TXJ,N136,15,138281,G,1,0.93,0.90,5,U,-101,6.00"
2026-07-13T13:44:07.178+00:00,/dev/cu.usbserial-58870138231,"RX,1425626,R35,TXC,N31,32,138385,E,0,0.87,0.84,5,U,-102,5.00"
2026-07-13T13:44:07.421+00:00,/dev/cu.usbserial-58870138231,"RX,1425869,R35,TXA,N01,136,138627,A,1,0.75,0.72,5,F,-103,5.00"
2026-07-13T13:44:08.172+00:00,/dev/cu.usbserial-58870138231,"RX,1426621,R35,TXE,N61,65,139383,C,1,0.81,0.78,5,U,-105,1.75"
2026-07-13T13:44:08.278+00:00,/dev/cu.usbserial-58870138231,"RX,1426727,R35,TXI,N121,32,139482,E,0,0.87,0.84,5,U,-105,2.50"
2026-07-13T13:44:08.421+00:00,/dev/cu.usbserial-58870138231,"RX,1426869,R35,TXA,N01,137,139627,B,1,0.20,0.18,5,F,-103,5.00"
2026-07-13T13:44:08.560+00:00,/dev/cu.usbserial-58870138231,"RX,1427009,R35,TXK,N151,69,139764,C,0,0.81,0.78,5,U,-105,2.25"
2026-07-13T13:44:09.177+00:00,/dev/cu.usbserial-58870138231,"RX,1427626,R35,TXC,N31,33,140385,G,1,0.93,0.90,5,U,-103,4.00"
2026-07-13T13:44:09.421+00:00,/dev/cu.usbserial-58870138231,"RX,1427869,R35,TXA,N01,138,140627,C,0,0.81,0.78,5,F,-103,4.25"
2026-07-13T13:44:10.172+00:00,/dev/cu.usbserial-58870138231,"RX,1428620,R35,TXE,N61,66,141383,E,0,0.87,0.84,5,U,-106,1.00"
2026-07-13T13:44:10.278+00:00,/dev/cu.usbserial-58870138231,"RX,1428727,R35,TXI,N121,33,141482,G,1,0.93,0.90,5,U,-107,0.00"
2026-07-13T13:44:10.421+00:00,/dev/cu.usbserial-58870138231,"RX,1428869,R35,TXA,N01,139,141627,D,1,0.24,0.22,5,F,-104,3.50"
2026-07-13T13:44:10.560+00:00,/dev/cu.usbserial-58870138231,"RX,1429009,R35,TXK,N151,70,141764,E,1,0.87,0.84,5,U,-105,1.25"
2026-07-13T13:44:11.421+00:00,/dev/cu.usbserial-58870138231,"RX,1429869,R35,TXA,N01,140,142627,E,1,0.87,0.84,5,F,-104,4.00"
2026-07-13T13:44:12.172+00:00,/dev/cu.usbserial-58870138231,"RX,1430620,R35,TXE,N61,67,143383,G,1,0.93,0.90,5,U,-106,-0.25"
2026-07-13T13:44:12.421+00:00,/dev/cu.usbserial-58870138231,"RX,1430869,R35,TXA,N01,141,143627,F,0,0.28,0.26,5,F,-103,2.75"
2026-07-13T13:44:12.531+00:00,/dev/cu.usbserial-58870138231,"RX,1430980,R35,TXH,N106,9,143743,G,1,0.93,0.90,5,U,-101,2.25"
2026-07-13T13:44:12.713+00:00,/dev/cu.usbserial-58870138231,"RX,1431161,R35,TXL,N166,9,143917,G,1,0.93,0.90,5,U,-102,4.50"
2026-07-13T13:44:12.919+00:00,/dev/cu.usbserial-58870138231,"RX,1431368,R35,TXF,N76,34,144131,E,1,0.87,0.84,5,U,-106,-1.25"
2026-07-13T13:44:13.224+00:00,/dev/cu.usbserial-58870138231,"RX,1431673,R35,TXD,N46,17,144431,G,1,0.93,0.90,5,U,-104,2.75"
2026-07-13T13:44:13.421+00:00,/dev/cu.usbserial-58870138231,"RX,1431869,R35,TXA,N01,142,144627,G,1,0.93,0.90,5,F,-103,3.50"
2026-07-13T13:44:13.870+00:00,/dev/cu.usbserial-58870138231,"RX,1432318,R35,TXG,N91,16,145081,G,1,0.93,0.90,5,U,-108,-1.50"
2026-07-13T13:44:14.171+00:00,/dev/cu.usbserial-58870138231,"RX,1432620,R35,TXE,N61,68,145383,A,1,0.75,0.72,5,U,-107,-0.25"
2026-07-13T13:44:14.421+00:00,/dev/cu.usbserial-58870138231,"RX,1432869,R35,TXA,N01,143,145627,H,1,0.32,0.30,5,F,-103,4.75"
2026-07-13T13:44:14.560+00:00,/dev/cu.usbserial-58870138231,"RX,1433009,R35,TXK,N151,72,145764,A,0,0.75,0.72,5,U,-105,1.75"
2026-07-13T13:44:14.920+00:00,/dev/cu.usbserial-58870138231,"RX,1433368,R35,TXF,N76,35,146131,G,1,0.93,0.90,5,U,-107,-1.00"
2026-07-13T13:44:15.077+00:00,/dev/cu.usbserial-58870138231,"RX,1433526,R35,TXJ,N136,16,146281,G,1,0.93,0.90,5,U,-103,4.25"
2026-07-13T13:44:15.177+00:00,/dev/cu.usbserial-58870138231,"RX,1433626,R35,TXC,N31,34,146385,E,1,0.87,0.84,5,U,-103,4.50"
2026-07-13T13:44:15.421+00:00,/dev/cu.usbserial-58870138231,"RX,1433869,R35,TXA,N01,144,146627,A,0,0.75,0.72,5,F,-103,4.50"
2026-07-13T13:44:16.172+00:00,/dev/cu.usbserial-58870138231,"RX,1434620,R35,TXE,N61,69,147383,C,0,0.81,0.78,5,U,-108,-1.75"
2026-07-13T13:44:16.278+00:00,/dev/cu.usbserial-58870138231,"RX,1434727,R35,TXI,N121,34,147482,E,1,0.87,0.84,5,U,-108,-2.25"
2026-07-13T13:44:16.420+00:00,/dev/cu.usbserial-58870138231,"RX,1434869,R35,TXA,N01,145,147627,B,1,0.20,0.18,5,F,-103,3.75"
2026-07-13T13:44:16.560+00:00,/dev/cu.usbserial-58870138231,"RX,1435009,R35,TXK,N151,73,147764,C,1,0.81,0.78,5,U,-107,-1.00"
2026-07-13T13:44:17.177+00:00,/dev/cu.usbserial-58870138231,"RX,1435626,R35,TXC,N31,35,148385,G,1,0.93,0.90,5,U,-106,1.50"
2026-07-13T13:44:17.421+00:00,/dev/cu.usbserial-58870138231,"RX,1435869,R35,TXA,N01,146,148627,C,1,0.81,0.78,5,F,-104,3.50"
2026-07-13T13:44:18.172+00:00,/dev/cu.usbserial-58870138231,"RX,1436620,R35,TXE,N61,70,149383,E,1,0.87,0.84,5,U,-109,-4.00"
2026-07-13T13:44:18.278+00:00,/dev/cu.usbserial-58870138231,"RX,1436727,R35,TXI,N121,35,149482,G,1,0.93,0.90,5,U,-108,-3.75"
2026-07-13T13:44:18.422+00:00,/dev/cu.usbserial-58870138231,"RX,1436869,R35,TXA,N01,147,149627,D,0,0.24,0.22,5,F,-105,2.25"
2026-07-13T13:44:18.560+00:00,/dev/cu.usbserial-58870138231,"RX,1437009,R35,TXK,N151,74,149764,E,1,0.87,0.84,5,U,-108,-3.00"
2026-07-13T13:44:19.421+00:00,/dev/cu.usbserial-58870138231,"RX,1437869,R35,TXA,N01,148,150627,E,1,0.87,0.84,5,F,-105,2.75"
2026-07-13T13:44:20.172+00:00,/dev/cu.usbserial-58870138231,"RX,1438620,R35,TXE,N61,71,151383,G,1,0.93,0.90,5,U,-106,1.25"
2026-07-13T13:44:20.421+00:00,/dev/cu.usbserial-58870138231,"RX,1438869,R35,TXA,N01,149,151627,F,1,0.28,0.26,5,F,-105,2.00"
2026-07-13T13:44:20.531+00:00,/dev/cu.usbserial-58870138231,"RX,1438980,R35,TXH,N106,10,151743,G,0,0.93,0.90,5,U,-97,5.00"
2026-07-13T13:44:20.713+00:00,/dev/cu.usbserial-58870138231,"RX,1439161,R35,TXL,N166,10,151917,G,0,0.93,0.90,5,U,-104,3.00"
2026-07-13T13:44:20.919+00:00,/dev/cu.usbserial-58870138231,"RX,1439368,R35,TXF,N76,36,152131,E,1,0.87,0.84,5,U,-107,-0.25"
2026-07-13T13:44:21.224+00:00,/dev/cu.usbserial-58870138231,"RX,1439672,R35,TXD,N46,18,152431,G,0,0.93,0.90,5,U,-104,3.00"
2026-07-13T13:44:21.421+00:00,/dev/cu.usbserial-58870138231,"RX,1439869,R35,TXA,N01,150,152627,G,0,0.93,0.90,5,F,-104,3.50"
2026-07-13T13:44:21.688+00:00,/dev/cu.usbserial-58870138231,"RX,1440137,R35,TXB,N16,74,152894,E,1,0.87,0.84,5,U,-109,-7.25"
2026-07-13T13:44:21.869+00:00,/dev/cu.usbserial-58870138231,"RX,1440318,R35,TXG,N91,17,153081,G,1,0.93,0.90,5,U,-105,2.25"
2026-07-13T13:44:22.421+00:00,/dev/cu.usbserial-58870138231,"RX,1440869,R35,TXA,N01,151,153627,H,1,0.32,0.30,5,F,-105,1.25"
2026-07-13T13:44:22.560+00:00,/dev/cu.usbserial-58870138231,"RX,1441009,R35,TXK,N151,76,153764,A,1,0.75,0.72,5,U,-106,0.00"
2026-07-13T13:44:22.919+00:00,/dev/cu.usbserial-58870138231,"RX,1441368,R35,TXF,N76,37,154131,G,0,0.93,0.90,5,U,-106,1.25"
2026-07-13T13:44:23.077+00:00,/dev/cu.usbserial-58870138231,"RX,1441526,R35,TXJ,N136,17,154281,G,1,0.93,0.90,5,U,-102,5.50"
2026-07-13T13:44:23.177+00:00,/dev/cu.usbserial-58870138231,"RX,1441626,R35,TXC,N31,36,154385,E,1,0.87,0.84,5,U,-103,5.00"
2026-07-13T13:44:23.421+00:00,/dev/cu.usbserial-58870138231,"RX,1441869,R35,TXA,N01,152,154627,A,1,0.75,0.72,5,F,-103,3.75"
2026-07-13T13:44:24.172+00:00,/dev/cu.usbserial-58870138231,"RX,1442620,R35,TXE,N61,73,155383,C,1,0.81,0.78,5,U,-105,2.25"
2026-07-13T13:44:24.278+00:00,/dev/cu.usbserial-58870138231,"RX,1442727,R35,TXI,N121,36,155482,E,1,0.87,0.84,5,U,-105,2.25"
2026-07-13T13:44:24.421+00:00,/dev/cu.usbserial-58870138231,"RX,1442869,R35,TXA,N01,153,155627,B,0,0.20,0.18,5,F,-102,4.75"
2026-07-13T13:44:24.560+00:00,/dev/cu.usbserial-58870138231,"RX,1443009,R35,TXK,N151,77,155764,C,1,0.81,0.78,5,U,-105,2.00"
2026-07-13T13:44:25.177+00:00,/dev/cu.usbserial-58870138231,"RX,1443626,R35,TXC,N31,37,156385,G,0,0.93,0.90,5,U,-103,4.75"
2026-07-13T13:44:25.421+00:00,/dev/cu.usbserial-58870138231,"RX,1443869,R35,TXA,N01,154,156627,C,1,0.81,0.78,5,F,-103,4.75"
2026-07-13T13:44:26.172+00:00,/dev/cu.usbserial-58870138231,"RX,1444620,R35,TXE,N61,74,157383,E,1,0.87,0.84,5,U,-104,3.50"
2026-07-13T13:44:26.278+00:00,/dev/cu.usbserial-58870138231,"RX,1444727,R35,TXI,N121,37,157482,G,0,0.93,0.90,5,U,-103,4.25"
2026-07-13T13:44:26.420+00:00,/dev/cu.usbserial-58870138231,"RX,1444869,R35,TXA,N01,155,157627,D,1,0.24,0.22,5,F,-103,4.75"
2026-07-13T13:44:26.560+00:00,/dev/cu.usbserial-58870138231,"RX,1445009,R35,TXK,N151,78,157764,E,0,0.87,0.84,5,U,-106,0.75"
2026-07-13T13:44:27.420+00:00,/dev/cu.usbserial-58870138231,"RX,1445869,R35,TXA,N01,156,158627,E,0,0.87,0.84,5,F,-103,5.25"
2026-07-13T13:44:28.172+00:00,/dev/cu.usbserial-58870138231,"RX,1446620,R35,TXE,N61,75,159383,G,0,0.93,0.90,5,U,-105,3.25"
2026-07-13T13:44:28.420+00:00,/dev/cu.usbserial-58870138231,"RX,1446869,R35,TXA,N01,157,159627,F,1,0.28,0.26,5,F,-103,5.00"
2026-07-13T13:44:28.531+00:00,/dev/cu.usbserial-58870138231,"RX,1446980,R35,TXH,N106,11,159743,G,1,0.93,0.90,5,U,-97,4.25"
2026-07-13T13:44:28.713+00:00,/dev/cu.usbserial-58870138231,"RX,1447161,R35,TXL,N166,11,159917,G,1,0.93,0.90,5,U,-102,6.00"
2026-07-13T13:44:28.919+00:00,/dev/cu.usbserial-58870138231,"RX,1447367,R35,TXF,N76,38,160131,E,0,0.87,0.84,5,U,-106,2.75"
2026-07-13T13:44:29.224+00:00,/dev/cu.usbserial-58870138231,"RX,1447672,R35,TXD,N46,19,160431,G,1,0.93,0.90,5,U,-103,4.75"
2026-07-13T13:44:29.420+00:00,/dev/cu.usbserial-58870138231,"RX,1447869,R35,TXA,N01,158,160627,G,1,0.93,0.90,5,F,-103,4.75"
2026-07-13T13:44:29.688+00:00,/dev/cu.usbserial-58870138231,"RX,1448137,R35,TXB,N16,78,160894,E,0,0.87,0.84,5,U,-110,-9.25"
2026-07-13T13:44:29.870+00:00,/dev/cu.usbserial-58870138231,"RX,1448318,R35,TXG,N91,18,161081,G,0,0.93,0.90,5,U,-108,-0.50"
2026-07-13T13:44:30.172+00:00,/dev/cu.usbserial-58870138231,"RX,1448620,R35,TXE,N61,76,161383,A,1,0.75,0.72,5,U,-105,2.75"
2026-07-13T13:44:30.420+00:00,/dev/cu.usbserial-58870138231,"RX,1448869,R35,TXA,N01,159,161627,H,0,0.32,0.30,5,F,-103,5.00"
2026-07-13T13:44:30.560+00:00,/dev/cu.usbserial-58870138231,"RX,1449009,R35,TXK,N151,80,161764,A,1,0.75,0.72,5,U,-105,3.00"
2026-07-13T13:44:30.919+00:00,/dev/cu.usbserial-58870138231,"RX,1449367,R35,TXF,N76,39,162131,G,1,0.93,0.90,5,U,-105,0.75"
2026-07-13T13:44:31.077+00:00,/dev/cu.usbserial-58870138231,"RX,1449526,R35,TXJ,N136,18,162281,G,0,0.93,0.90,5,U,-100,5.50"
2026-07-13T13:44:31.177+00:00,/dev/cu.usbserial-58870138231,"RX,1449626,R35,TXC,N31,38,162385,E,0,0.87,0.84,5,U,-102,5.25"
2026-07-13T13:44:31.420+00:00,/dev/cu.usbserial-58870138231,"RX,1449869,R35,TXA,N01,160,162627,A,1,0.75,0.72,5,F,-103,5.25"
2026-07-13T13:44:32.172+00:00,/dev/cu.usbserial-58870138231,"RX,1450620,R35,TXE,N61,77,163383,C,1,0.81,0.78,5,U,-105,1.00"
2026-07-13T13:44:32.278+00:00,/dev/cu.usbserial-58870138231,"RX,1450727,R35,TXI,N121,38,163482,E,0,0.87,0.84,5,U,-103,4.25"
2026-07-13T13:44:32.420+00:00,/dev/cu.usbserial-58870138231,"RX,1450869,R35,TXA,N01,161,163627,B,1,0.20,0.18,5,F,-102,4.75"
2026-07-13T13:44:32.560+00:00,/dev/cu.usbserial-58870138231,"RX,1451009,R35,TXK,N151,81,163764,C,0,0.81,0.78,5,U,-103,3.50"
2026-07-13T13:44:33.177+00:00,/dev/cu.usbserial-58870138231,"RX,1451625,R35,TXC,N31,39,164385,G,1,0.93,0.90,5,U,-103,4.25"
2026-07-13T13:44:33.420+00:00,/dev/cu.usbserial-58870138231,"RX,1451869,R35,TXA,N01,162,164627,C,0,0.81,0.78,5,F,-103,4.75"
2026-07-13T13:44:34.171+00:00,/dev/cu.usbserial-58870138231,"RX,1452620,R35,TXE,N61,78,165383,E,0,0.87,0.84,5,U,-104,3.00"
2026-07-13T13:44:34.278+00:00,/dev/cu.usbserial-58870138231,"RX,1452727,R35,TXI,N121,39,165482,G,1,0.93,0.90,5,U,-103,3.75"
2026-07-13T13:44:34.420+00:00,/dev/cu.usbserial-58870138231,"RX,1452869,R35,TXA,N01,163,165627,D,1,0.24,0.22,5,F,-103,4.75"
2026-07-13T13:44:34.560+00:00,/dev/cu.usbserial-58870138231,"RX,1453009,R35,TXK,N151,82,165764,E,1,0.87,0.84,5,U,-104,2.75"
2026-07-13T13:44:35.420+00:00,/dev/cu.usbserial-58870138231,"RX,1453869,R35,TXA,N01,164,166627,E,1,0.87,0.84,5,F,-102,4.75"
2026-07-13T13:44:36.172+00:00,/dev/cu.usbserial-58870138231,"RX,1454620,R35,TXE,N61,79,167383,G,1,0.93,0.90,5,U,-104,3.00"
2026-07-13T13:44:36.421+00:00,/dev/cu.usbserial-58870138231,"RX,1454869,R35,TXA,N01,165,167627,F,0,0.28,0.26,5,F,-102,5.00"
2026-07-13T13:44:36.560+00:00,/dev/cu.usbserial-58870138231,"RX,1455009,R35,TXK,N151,83,167764,G,1,0.93,0.90,5,U,-105,2.50"
2026-07-13T13:44:36.919+00:00,/dev/cu.usbserial-58870138231,"RX,1455367,R35,TXF,N76,40,168131,E,1,0.87,0.84,5,U,-106,0.75"
2026-07-13T13:44:37.224+00:00,/dev/cu.usbserial-58870138231,"RX,1455672,R35,TXD,N46,20,168431,G,1,0.93,0.90,5,U,-104,3.25"
2026-07-13T13:44:37.420+00:00,/dev/cu.usbserial-58870138231,"RX,1455869,R35,TXA,N01,166,168627,G,1,0.93,0.90,5,F,-102,4.75"
2026-07-13T13:44:37.869+00:00,/dev/cu.usbserial-58870138231,"RX,1456318,R35,TXG,N91,19,169081,G,1,0.93,0.90,5,U,-106,0.75"
2026-07-13T13:44:38.172+00:00,/dev/cu.usbserial-58870138231,"RX,1456620,R35,TXE,N61,80,169383,A,1,0.75,0.72,5,U,-104,2.50"
2026-07-13T13:44:38.420+00:00,/dev/cu.usbserial-58870138231,"RX,1456869,R35,TXA,N01,167,169627,H,1,0.32,0.30,5,F,-102,5.00"
2026-07-13T13:44:38.560+00:00,/dev/cu.usbserial-58870138231,"RX,1457009,R35,TXK,N151,84,169764,A,0,0.75,0.72,5,U,-104,2.75"
2026-07-13T13:44:38.919+00:00,/dev/cu.usbserial-58870138231,"RX,1457367,R35,TXF,N76,41,170131,G,1,0.93,0.90,5,U,-106,0.50"
2026-07-13T13:44:39.077+00:00,/dev/cu.usbserial-58870138231,"RX,1457526,R35,TXJ,N136,19,170281,G,1,0.93,0.90,5,U,-101,6.00"
2026-07-13T13:44:39.177+00:00,/dev/cu.usbserial-58870138231,"RX,1457625,R35,TXC,N31,40,170385,E,1,0.87,0.84,5,U,-103,3.75"
2026-07-13T13:44:39.420+00:00,/dev/cu.usbserial-58870138231,"RX,1457869,R35,TXA,N01,168,170627,A,0,0.75,0.72,5,F,-102,5.00"
2026-07-13T13:44:40.171+00:00,/dev/cu.usbserial-58870138231,"RX,1458620,R35,TXE,N61,81,171383,C,0,0.81,0.78,5,U,-104,2.75"
2026-07-13T13:44:40.278+00:00,/dev/cu.usbserial-58870138231,"RX,1458727,R35,TXI,N121,40,171482,E,1,0.87,0.84,5,U,-104,3.00"
2026-07-13T13:44:40.420+00:00,/dev/cu.usbserial-58870138231,"RX,1458869,R35,TXA,N01,169,171627,B,1,0.20,0.18,5,F,-103,4.75"
2026-07-13T13:44:40.560+00:00,/dev/cu.usbserial-58870138231,"RX,1459008,R35,TXK,N151,85,171764,C,1,0.81,0.78,5,U,-105,1.25"
2026-07-13T13:44:41.177+00:00,/dev/cu.usbserial-58870138231,"RX,1459625,R35,TXC,N31,41,172385,G,1,0.93,0.90,5,U,-103,4.50"
2026-07-13T13:44:41.420+00:00,/dev/cu.usbserial-58870138231,"RX,1459869,R35,TXA,N01,170,172627,C,1,0.81,0.78,5,F,-102,5.00"
2026-07-13T13:44:42.172+00:00,/dev/cu.usbserial-58870138231,"RX,1460620,R35,TXE,N61,82,173383,E,1,0.87,0.84,5,U,-104,2.75"
2026-07-13T13:44:42.278+00:00,/dev/cu.usbserial-58870138231,"RX,1460726,R35,TXI,N121,41,173482,G,1,0.93,0.90,5,U,-104,3.75"
2026-07-13T13:44:42.420+00:00,/dev/cu.usbserial-58870138231,"RX,1460869,R35,TXA,N01,171,173627,D,0,0.24,0.22,5,F,-103,5.00"
2026-07-13T13:44:42.560+00:00,/dev/cu.usbserial-58870138231,"RX,1461008,R35,TXK,N151,86,173764,E,1,0.87,0.84,5,U,-105,3.00"
2026-07-13T13:44:43.420+00:00,/dev/cu.usbserial-58870138231,"RX,1461869,R35,TXA,N01,172,174627,E,1,0.87,0.84,5,F,-102,5.25"
2026-07-13T13:44:44.172+00:00,/dev/cu.usbserial-58870138231,"RX,1462620,R35,TXE,N61,83,175383,G,1,0.93,0.90,5,U,-105,2.75"
2026-07-13T13:44:44.420+00:00,/dev/cu.usbserial-58870138231,"RX,1462869,R35,TXA,N01,173,175627,F,1,0.28,0.26,5,F,-102,4.75"
2026-07-13T13:44:44.560+00:00,/dev/cu.usbserial-58870138231,"RX,1463008,R35,TXK,N151,87,175764,G,0,0.93,0.90,5,U,-105,2.50"
2026-07-13T13:44:44.919+00:00,/dev/cu.usbserial-58870138231,"RX,1463367,R35,TXF,N76,42,176131,E,1,0.87,0.84,5,U,-106,0.75"
2026-07-13T13:44:45.224+00:00,/dev/cu.usbserial-58870138231,"RX,1463672,R35,TXD,N46,21,176431,G,0,0.93,0.90,5,U,-104,3.25"
2026-07-13T13:44:45.420+00:00,/dev/cu.usbserial-58870138231,"RX,1463869,R35,TXA,N01,174,176627,G,0,0.93,0.90,5,F,-102,5.00"
2026-07-13T13:44:45.869+00:00,/dev/cu.usbserial-58870138231,"RX,1464318,R35,TXG,N91,20,177081,G,1,0.93,0.90,5,U,-106,0.00"
2026-07-13T13:44:46.172+00:00,/dev/cu.usbserial-58870138231,"RX,1464620,R35,TXE,N61,84,177383,A,0,0.75,0.72,5,U,-104,2.50"
2026-07-13T13:44:46.420+00:00,/dev/cu.usbserial-58870138231,"RX,1464869,R35,TXA,N01,175,177627,H,1,0.32,0.30,5,F,-103,4.75"
2026-07-13T13:44:46.560+00:00,/dev/cu.usbserial-58870138231,"RX,1465008,R35,TXK,N151,88,177764,A,1,0.75,0.72,5,U,-104,2.00"
2026-07-13T13:44:46.919+00:00,/dev/cu.usbserial-58870138231,"RX,1465367,R35,TXF,N76,43,178131,G,0,0.93,0.90,5,U,-106,0.75"
2026-07-13T13:44:47.077+00:00,/dev/cu.usbserial-58870138231,"RX,1465526,R35,TXJ,N136,20,178281,G,1,0.93,0.90,5,U,-101,5.25"
2026-07-13T13:44:47.177+00:00,/dev/cu.usbserial-58870138231,"RX,1465625,R35,TXC,N31,42,178385,E,1,0.87,0.84,5,U,-102,4.50"
2026-07-13T13:44:47.420+00:00,/dev/cu.usbserial-58870138231,"RX,1465869,R35,TXA,N01,176,178627,A,1,0.75,0.72,5,F,-102,4.50"
2026-07-13T13:44:48.172+00:00,/dev/cu.usbserial-58870138231,"RX,1466620,R35,TXE,N61,85,179383,C,1,0.81,0.78,5,U,-105,3.00"
2026-07-13T13:44:48.278+00:00,/dev/cu.usbserial-58870138231,"RX,1466726,R35,TXI,N121,42,179482,E,1,0.87,0.84,5,U,-104,3.25"
2026-07-13T13:44:48.420+00:00,/dev/cu.usbserial-58870138231,"RX,1466869,R35,TXA,N01,177,179627,B,0,0.20,0.18,5,F,-102,4.25"
2026-07-13T13:44:48.560+00:00,/dev/cu.usbserial-58870138231,"RX,1467008,R35,TXK,N151,89,179764,C,1,0.81,0.78,5,U,-104,2.00"
2026-07-13T13:44:49.177+00:00,/dev/cu.usbserial-58870138231,"RX,1467625,R35,TXC,N31,43,180385,G,0,0.93,0.90,5,U,-102,4.50"
2026-07-13T13:44:49.420+00:00,/dev/cu.usbserial-58870138231,"RX,1467869,R35,TXA,N01,178,180627,C,1,0.81,0.78,5,F,-102,4.75"
2026-07-13T13:44:50.171+00:00,/dev/cu.usbserial-58870138231,"RX,1468620,R35,TXE,N61,86,181383,E,1,0.87,0.84,5,U,-105,2.75"
2026-07-13T13:44:50.278+00:00,/dev/cu.usbserial-58870138231,"RX,1468726,R35,TXI,N121,43,181482,G,0,0.93,0.90,5,U,-104,3.50"
2026-07-13T13:44:50.420+00:00,/dev/cu.usbserial-58870138231,"RX,1468869,R35,TXA,N01,179,181627,D,1,0.24,0.22,5,F,-102,5.00"
2026-07-13T13:44:50.560+00:00,/dev/cu.usbserial-58870138231,"RX,1469008,R35,TXK,N151,90,181764,E,0,0.87,0.84,5,U,-105,2.25"
2026-07-13T13:44:51.420+00:00,/dev/cu.usbserial-58870138231,"RX,1469869,R35,TXA,N01,180,182627,E,0,0.87,0.84,5,F,-102,5.25"
2026-07-13T13:44:52.172+00:00,/dev/cu.usbserial-58870138231,"RX,1470620,R35,TXE,N61,87,183383,G,0,0.93,0.90,5,U,-105,2.25"
2026-07-13T13:44:52.420+00:00,/dev/cu.usbserial-58870138231,"RX,1470869,R35,TXA,N01,181,183627,F,1,0.28,0.26,5,F,-103,5.00"
2026-07-13T13:44:52.560+00:00,/dev/cu.usbserial-58870138231,"RX,1471008,R35,TXK,N151,91,183764,G,1,0.93,0.90,5,U,-105,2.75"
2026-07-13T13:44:52.919+00:00,/dev/cu.usbserial-58870138231,"RX,1471367,R35,TXF,N76,44,184131,E,0,0.87,0.84,5,U,-106,0.75"
2026-07-13T13:44:53.224+00:00,/dev/cu.usbserial-58870138231,"RX,1471672,R35,TXD,N46,22,184431,G,1,0.93,0.90,5,U,-104,3.25"
2026-07-13T13:44:53.420+00:00,/dev/cu.usbserial-58870138231,"RX,1471869,R35,TXA,N01,182,184627,G,1,0.93,0.90,5,F,-102,4.75"
2026-07-13T13:44:53.869+00:00,/dev/cu.usbserial-58870138231,"RX,1472317,R35,TXG,N91,21,185081,G,0,0.93,0.90,5,U,-106,1.50"
2026-07-13T13:44:54.172+00:00,/dev/cu.usbserial-58870138231,"RX,1472620,R35,TXE,N61,88,185383,A,1,0.75,0.72,5,U,-104,3.00"
2026-07-13T13:44:54.420+00:00,/dev/cu.usbserial-58870138231,"RX,1472869,R35,TXA,N01,183,185627,H,0,0.32,0.30,5,F,-102,5.00"
2026-07-13T13:44:54.560+00:00,/dev/cu.usbserial-58870138231,"RX,1473008,R35,TXK,N151,92,185764,A,1,0.75,0.72,5,U,-104,2.75"
2026-07-13T13:44:54.919+00:00,/dev/cu.usbserial-58870138231,"RX,1473367,R35,TXF,N76,45,186131,G,1,0.93,0.90,5,U,-106,0.50"
2026-07-13T13:44:55.077+00:00,/dev/cu.usbserial-58870138231,"RX,1473525,R35,TXJ,N136,21,186281,G,0,0.93,0.90,5,U,-102,5.50"
2026-07-13T13:44:55.177+00:00,/dev/cu.usbserial-58870138231,"RX,1473625,R35,TXC,N31,44,186385,E,0,0.87,0.84,5,U,-103,5.00"
2026-07-13T13:44:55.420+00:00,/dev/cu.usbserial-58870138231,"RX,1473869,R35,TXA,N01,184,186627,A,1,0.75,0.72,5,F,-103,4.75"
2026-07-13T13:44:56.172+00:00,/dev/cu.usbserial-58870138231,"RX,1474620,R35,TXE,N61,89,187383,C,1,0.81,0.78,5,U,-105,3.25"
2026-07-13T13:44:56.278+00:00,/dev/cu.usbserial-58870138231,"RX,1474726,R35,TXI,N121,44,187482,E,0,0.87,0.84,5,U,-104,3.25"
2026-07-13T13:44:56.420+00:00,/dev/cu.usbserial-58870138231,"RX,1474869,R35,TXA,N01,185,187627,B,1,0.20,0.18,5,F,-103,4.75"
2026-07-13T13:44:56.560+00:00,/dev/cu.usbserial-58870138231,"RX,1475008,R35,TXK,N151,93,187764,C,0,0.81,0.78,5,U,-105,2.75"
2026-07-13T13:44:57.177+00:00,/dev/cu.usbserial-58870138231,"RX,1475625,R35,TXC,N31,45,188385,G,1,0.93,0.90,5,U,-103,4.50"
2026-07-13T13:44:57.420+00:00,/dev/cu.usbserial-58870138231,"RX,1475869,R35,TXA,N01,186,188627,C,0,0.81,0.78,5,F,-102,3.50"
2026-07-13T13:44:58.172+00:00,/dev/cu.usbserial-58870138231,"RX,1476620,R35,TXE,N61,90,189383,E,0,0.87,0.84,5,U,-105,2.00"
2026-07-13T13:44:58.278+00:00,/dev/cu.usbserial-58870138231,"RX,1476726,R35,TXI,N121,45,189482,G,1,0.93,0.90,5,U,-104,3.75"
2026-07-13T13:44:58.420+00:00,/dev/cu.usbserial-58870138231,"RX,1476869,R35,TXA,N01,187,189627,D,1,0.24,0.22,5,F,-103,4.25"
2026-07-13T13:44:58.560+00:00,/dev/cu.usbserial-58870138231,"RX,1477008,R35,TXK,N151,94,189764,E,1,0.87,0.84,5,U,-105,2.25"
2026-07-13T13:44:59.420+00:00,/dev/cu.usbserial-58870138231,"RX,1477869,R35,TXA,N01,188,190627,E,1,0.87,0.84,5,F,-103,4.50"
2026-07-13T13:45:00.172+00:00,/dev/cu.usbserial-58870138231,"RX,1478620,R35,TXE,N61,91,191383,G,1,0.93,0.90,5,U,-105,2.75"
2026-07-13T13:45:00.420+00:00,/dev/cu.usbserial-58870138231,"RX,1478868,R35,TXA,N01,189,191627,F,0,0.28,0.26,5,F,-103,4.50"
2026-07-13T13:45:00.560+00:00,/dev/cu.usbserial-58870138231,"RX,1479008,R35,TXK,N151,95,191764,G,1,0.93,0.90,5,U,-106,1.25"
2026-07-13T13:45:00.919+00:00,/dev/cu.usbserial-58870138231,"RX,1479367,R35,TXF,N76,46,192131,E,1,0.87,0.84,5,U,-107,-0.50"
2026-07-13T13:45:01.224+00:00,/dev/cu.usbserial-58870138231,"RX,1479672,R35,TXD,N46,23,192431,G,1,0.93,0.90,5,U,-105,2.25"
2026-07-13T13:45:01.420+00:00,/dev/cu.usbserial-58870138231,"RX,1479868,R35,TXA,N01,190,192627,G,1,0.93,0.90,5,F,-103,4.25"
2026-07-13T13:45:01.869+00:00,/dev/cu.usbserial-58870138231,"RX,1480317,R35,TXG,N91,22,193081,G,1,0.93,0.90,5,U,-106,0.50"
2026-07-13T13:45:02.171+00:00,/dev/cu.usbserial-58870138231,"RX,1480620,R35,TXE,N61,92,193383,A,1,0.75,0.72,5,U,-105,3.25"
2026-07-13T13:45:02.420+00:00,/dev/cu.usbserial-58870138231,"RX,1480869,R35,TXA,N01,191,193627,H,1,0.32,0.30,5,F,-104,2.50"
2026-07-13T13:45:02.560+00:00,/dev/cu.usbserial-58870138231,"RX,1481008,R35,TXK,N151,96,193764,A,1,0.75,0.72,5,U,-106,-0.50"
2026-07-13T13:45:02.919+00:00,/dev/cu.usbserial-58870138231,"RX,1481367,R35,TXF,N76,47,194131,G,1,0.93,0.90,5,U,-106,-0.50"
2026-07-13T13:45:03.077+00:00,/dev/cu.usbserial-58870138231,"RX,1481525,R35,TXJ,N136,22,194281,G,1,0.93,0.90,5,U,-100,6.75"
2026-07-13T13:45:03.177+00:00,/dev/cu.usbserial-58870138231,"RX,1481625,R35,TXC,N31,46,194385,E,1,0.87,0.84,5,U,-102,4.25"
2026-07-13T13:45:03.420+00:00,/dev/cu.usbserial-58870138231,"RX,1481868,R35,TXA,N01,192,194627,A,1,0.75,0.72,5,F,-102,5.00"
2026-07-13T13:45:04.172+00:00,/dev/cu.usbserial-58870138231,"RX,1482620,R35,TXE,N61,93,195383,C,0,0.81,0.78,5,U,-103,4.75"
2026-07-13T13:45:04.278+00:00,/dev/cu.usbserial-58870138231,"RX,1482726,R35,TXI,N121,46,195482,E,1,0.87,0.84,5,U,-103,4.25"
2026-07-13T13:45:04.420+00:00,/dev/cu.usbserial-58870138231,"RX,1482868,R35,TXA,N01,193,195627,B,0,0.20,0.18,5,F,-102,4.75"
2026-07-13T13:45:04.560+00:00,/dev/cu.usbserial-58870138231,"RX,1483008,R35,TXK,N151,97,195764,C,1,0.81,0.78,5,U,-104,3.00"
2026-07-13T13:45:05.177+00:00,/dev/cu.usbserial-58870138231,"RX,1483625,R35,TXC,N31,47,196385,G,1,0.93,0.90,5,U,-108,-4.00"
2026-07-13T13:45:05.420+00:00,/dev/cu.usbserial-58870138231,"RX,1483868,R35,TXA,N01,194,196627,C,1,0.81,0.78,5,F,-104,1.50"
2026-07-13T13:45:06.172+00:00,/dev/cu.usbserial-58870138231,"RX,1484620,R35,TXE,N61,94,197383,E,1,0.87,0.84,5,U,-105,2.25"
2026-07-13T13:45:06.278+00:00,/dev/cu.usbserial-58870138231,"RX,1484726,R35,TXI,N121,47,197482,G,1,0.93,0.90,5,U,-105,1.50"
2026-07-13T13:45:06.420+00:00,/dev/cu.usbserial-58870138231,"RX,1484868,R35,TXA,N01,195,197627,D,1,0.24,0.22,5,F,-104,3.25"
2026-07-13T13:45:06.560+00:00,/dev/cu.usbserial-58870138231,"RX,1485008,R35,TXK,N151,98,197764,E,0,0.87,0.84,5,U,-105,1.50"
2026-07-13T13:45:07.420+00:00,/dev/cu.usbserial-58870138231,"RX,1485868,R35,TXA,N01,196,198627,E,0,0.87,0.84,5,F,-103,3.50"
2026-07-13T13:45:08.172+00:00,/dev/cu.usbserial-58870138231,"RX,1486620,R35,TXE,N61,95,199383,G,1,0.93,0.90,5,U,-105,2.00"
2026-07-13T13:45:08.420+00:00,/dev/cu.usbserial-58870138231,"RX,1486868,R35,TXA,N01,197,199627,F,1,0.28,0.26,5,F,-106,-0.50"
2026-07-13T13:45:08.531+00:00,/dev/cu.usbserial-58870138231,"RX,1486979,R35,TXH,N106,12,199743,G,1,0.93,0.90,5,U,-100,3.50"
2026-07-13T13:45:08.712+00:00,/dev/cu.usbserial-58870138231,"RX,1487161,R35,TXL,N166,12,199917,G,1,0.93,0.90,5,U,-105,1.50"
2026-07-13T13:45:08.919+00:00,/dev/cu.usbserial-58870138231,"RX,1487367,R35,TXF,N76,48,200131,E,0,0.87,0.84,5,U,-107,-0.50"
2026-07-13T13:45:09.224+00:00,/dev/cu.usbserial-58870138231,"RX,1487672,R35,TXD,N46,24,200431,G,1,0.93,0.90,5,U,-108,-1.25"
2026-07-13T13:45:09.420+00:00,/dev/cu.usbserial-58870138231,"RX,1487868,R35,TXA,N01,198,200627,G,1,0.93,0.90,5,F,-105,1.50"
2026-07-13T13:45:09.869+00:00,/dev/cu.usbserial-58870138231,"RX,1488317,R35,TXG,N91,23,201081,G,1,0.93,0.90,5,U,-108,-5.00"
2026-07-13T13:45:10.172+00:00,/dev/cu.usbserial-58870138231,"RX,1488620,R35,TXE,N61,96,201383,A,1,0.75,0.72,5,U,-108,-3.50"
2026-07-13T13:45:10.420+00:00,/dev/cu.usbserial-58870138231,"RX,1488868,R35,TXA,N01,199,201627,H,0,0.32,0.30,5,F,-103,3.50"
2026-07-13T13:45:10.565+00:00,/dev/cu.usbserial-58870138231,"RX,1489013,R35,TXK,N151,100,201764,A,1,0.75,0.72,5,U,-107,-2.25"
2026-07-13T13:45:10.919+00:00,/dev/cu.usbserial-58870138231,"RX,1489367,R35,TXF,N76,49,202131,G,1,0.93,0.90,5,U,-107,-2.50"
2026-07-13T13:45:11.077+00:00,/dev/cu.usbserial-58870138231,"RX,1489525,R35,TXJ,N136,23,202281,G,1,0.93,0.90,5,U,-103,3.75"
2026-07-13T13:45:11.177+00:00,/dev/cu.usbserial-58870138231,"RX,1489625,R35,TXC,N31,48,202385,E,0,0.87,0.84,5,U,-103,4.25"
2026-07-13T13:45:11.420+00:00,/dev/cu.usbserial-58870138231,"RX,1489868,R35,TXA,N01,200,202627,A,1,0.75,0.72,5,F,-103,3.50"
2026-07-13T13:45:12.172+00:00,/dev/cu.usbserial-58870138231,"RX,1490620,R35,TXE,N61,97,203383,C,1,0.81,0.78,5,U,-107,-1.50"
2026-07-13T13:45:12.278+00:00,/dev/cu.usbserial-58870138231,"RX,1490726,R35,TXI,N121,48,203482,E,0,0.87,0.84,5,U,-108,-2.50"
2026-07-13T13:45:12.420+00:00,/dev/cu.usbserial-58870138231,"RX,1490868,R35,TXA,N01,201,203627,B,1,0.20,0.18,5,F,-102,4.00"
2026-07-13T13:45:12.565+00:00,/dev/cu.usbserial-58870138231,"RX,1491013,R35,TXK,N151,101,203764,C,0,0.81,0.78,5,U,-107,-0.50"
2026-07-13T13:45:13.177+00:00,/dev/cu.usbserial-58870138231,"RX,1491625,R35,TXC,N31,49,204385,G,1,0.93,0.90,5,U,-103,4.25"
2026-07-13T13:45:13.420+00:00,/dev/cu.usbserial-58870138231,"RX,1491868,R35,TXA,N01,202,204627,C,0,0.81,0.78,5,F,-103,4.25"
2026-07-13T13:45:14.172+00:00,/dev/cu.usbserial-58870138231,"RX,1492620,R35,TXE,N61,98,205383,E,0,0.87,0.84,5,U,-107,0.25"
2026-07-13T13:45:14.278+00:00,/dev/cu.usbserial-58870138231,"RX,1492726,R35,TXI,N121,49,205482,G,1,0.93,0.90,5,U,-106,0.25"
2026-07-13T13:45:14.420+00:00,/dev/cu.usbserial-58870138231,"RX,1492868,R35,TXA,N01,203,205627,D,1,0.24,0.22,5,F,-104,3.00"
2026-07-13T13:45:14.565+00:00,/dev/cu.usbserial-58870138231,"RX,1493013,R35,TXK,N151,102,205764,E,1,0.87,0.84,5,U,-105,1.00"
2026-07-13T13:45:15.421+00:00,/dev/cu.usbserial-58870138231,"RX,1493868,R35,TXA,N01,204,206627,E,1,0.87,0.84,5,F,-104,3.25"
2026-07-13T13:45:16.172+00:00,/dev/cu.usbserial-58870138231,"RX,1494620,R35,TXE,N61,99,207383,G,1,0.93,0.90,5,U,-106,1.00"
2026-07-13T13:45:16.420+00:00,/dev/cu.usbserial-58870138231,"RX,1494868,R35,TXA,N01,205,207627,F,0,0.28,0.26,5,F,-103,4.50"
2026-07-13T13:45:16.531+00:00,/dev/cu.usbserial-58870138231,"RX,1494979,R35,TXH,N106,13,207743,G,1,0.93,0.90,5,U,-99,4.00"
2026-07-13T13:45:16.712+00:00,/dev/cu.usbserial-58870138231,"RX,1495160,R35,TXL,N166,13,207917,G,1,0.93,0.90,5,U,-102,5.00"
2026-07-13T13:45:16.919+00:00,/dev/cu.usbserial-58870138231,"RX,1495367,R35,TXF,N76,50,208131,E,1,0.87,0.84,5,U,-107,-0.50"
2026-07-13T13:45:17.223+00:00,/dev/cu.usbserial-58870138231,"RX,1495671,R35,TXD,N46,25,208431,G,1,0.93,0.90,5,U,-105,2.50"
2026-07-13T13:45:17.420+00:00,/dev/cu.usbserial-58870138231,"RX,1495868,R35,TXA,N01,206,208627,G,1,0.93,0.90,5,F,-103,4.50"
2026-07-13T13:45:17.869+00:00,/dev/cu.usbserial-58870138231,"RX,1496317,R35,TXG,N91,24,209081,G,1,0.93,0.90,5,U,-105,1.00"
2026-07-13T13:45:18.171+00:00,/dev/cu.usbserial-58870138231,"RX,1496620,R35,TXE,N61,100,209383,A,1,0.75,0.72,5,U,-104,2.25"
2026-07-13T13:45:18.565+00:00,/dev/cu.usbserial-58870138231,"RX,1497013,R35,TXK,N151,104,209764,A,0,0.75,0.72,5,U,-104,2.75"
2026-07-13T13:45:18.919+00:00,/dev/cu.usbserial-58870138231,"RX,1497367,R35,TXF,N76,51,210131,G,1,0.93,0.90,5,U,-105,1.00"
2026-07-13T13:45:19.077+00:00,/dev/cu.usbserial-58870138231,"RX,1497525,R35,TXJ,N136,24,210281,G,1,0.93,0.90,5,U,-101,5.50"
2026-07-13T13:45:19.177+00:00,/dev/cu.usbserial-58870138231,"RX,1497625,R35,TXC,N31,50,210385,E,1,0.87,0.84,5,U,-103,3.50"
2026-07-13T13:45:19.420+00:00,/dev/cu.usbserial-58870138231,"RX,1497868,R35,TXA,N01,208,210627,A,0,0.75,0.72,5,F,-102,4.25"
2026-07-13T13:45:20.171+00:00,/dev/cu.usbserial-58870138231,"RX,1498620,R35,TXE,N61,101,211383,C,0,0.81,0.78,5,U,-104,3.25"
2026-07-13T13:45:20.278+00:00,/dev/cu.usbserial-58870138231,"RX,1498726,R35,TXI,N121,50,211482,E,1,0.87,0.84,5,U,-104,3.50"
2026-07-13T13:45:20.420+00:00,/dev/cu.usbserial-58870138231,"RX,1498868,R35,TXA,N01,209,211627,B,1,0.20,0.18,5,F,-102,4.00"
2026-07-13T13:45:20.565+00:00,/dev/cu.usbserial-58870138231,"RX,1499013,R35,TXK,N151,105,211764,C,1,0.81,0.78,5,U,-104,3.25"
2026-07-13T13:45:21.177+00:00,/dev/cu.usbserial-58870138231,"RX,1499625,R35,TXC,N31,51,212385,G,1,0.93,0.90,5,U,-103,4.50"
2026-07-13T13:45:21.420+00:00,/dev/cu.usbserial-58870138231,"RX,1499868,R35,TXA,N01,210,212627,C,1,0.81,0.78,5,F,-103,4.25"
2026-07-13T13:45:22.172+00:00,/dev/cu.usbserial-58870138231,"RX,1500620,R35,TXE,N61,102,213383,E,1,0.87,0.84,5,U,-104,3.00"
2026-07-13T13:45:22.278+00:00,/dev/cu.usbserial-58870138231,"RX,1500726,R35,TXI,N121,51,213482,G,1,0.93,0.90,5,U,-104,2.75"
2026-07-13T13:45:22.420+00:00,/dev/cu.usbserial-58870138231,"RX,1500868,R35,TXA,N01,211,213627,D,0,0.24,0.22,5,F,-102,4.50"
2026-07-13T13:45:22.565+00:00,/dev/cu.usbserial-58870138231,"RX,1501013,R35,TXK,N151,106,213764,E,1,0.87,0.84,5,U,-104,3.00"
2026-07-13T13:45:23.420+00:00,/dev/cu.usbserial-58870138231,"RX,1501868,R35,TXA,N01,212,214627,E,1,0.87,0.84,5,F,-103,3.75"
2026-07-13T13:45:24.172+00:00,/dev/cu.usbserial-58870138231,"RX,1502620,R35,TXE,N61,103,215383,G,1,0.93,0.90,5,U,-105,1.25"
2026-07-13T13:45:24.420+00:00,/dev/cu.usbserial-58870138231,"RX,1502868,R35,TXA,N01,213,215627,F,1,0.28,0.26,5,F,-104,3.00"
2026-07-13T13:45:24.531+00:00,/dev/cu.usbserial-58870138231,"RX,1502979,R35,TXH,N106,14,215743,G,0,0.93,0.90,5,U,-99,3.50"
2026-07-13T13:45:24.713+00:00,/dev/cu.usbserial-58870138231,"RX,1503160,R35,TXL,N166,14,215917,G,0,0.93,0.90,5,U,-102,4.75"
2026-07-13T13:45:24.919+00:00,/dev/cu.usbserial-58870138231,"RX,1503366,R35,TXF,N76,52,216131,E,1,0.87,0.84,5,U,-106,-1.25"
2026-07-13T13:45:25.224+00:00,/dev/cu.usbserial-58870138231,"RX,1503671,R35,TXD,N46,26,216431,G,0,0.93,0.90,5,U,-106,1.00"
2026-07-13T13:45:25.420+00:00,/dev/cu.usbserial-58870138231,"RX,1503868,R35,TXA,N01,214,216627,G,0,0.93,0.90,5,F,-103,4.00"
2026-07-13T13:45:25.869+00:00,/dev/cu.usbserial-58870138231,"RX,1504317,R35,TXG,N91,25,217081,G,1,0.93,0.90,5,U,-106,0.25"
2026-07-13T13:45:26.172+00:00,/dev/cu.usbserial-58870138231,"RX,1504619,R35,TXE,N61,104,217383,A,0,0.75,0.72,5,U,-104,2.75"
2026-07-13T13:45:26.420+00:00,/dev/cu.usbserial-58870138231,"RX,1504868,R35,TXA,N01,215,217627,H,1,0.32,0.30,5,F,-103,4.25"
2026-07-13T13:45:26.565+00:00,/dev/cu.usbserial-58870138231,"RX,1505013,R35,TXK,N151,108,217764,A,1,0.75,0.72,5,U,-105,2.00"
2026-07-13T13:45:26.919+00:00,/dev/cu.usbserial-58870138231,"RX,1505366,R35,TXF,N76,53,218131,G,0,0.93,0.90,5,U,-106,1.00"
2026-07-13T13:45:27.077+00:00,/dev/cu.usbserial-58870138231,"RX,1505525,R35,TXJ,N136,25,218281,G,1,0.93,0.90,5,U,-101,5.75"
2026-07-13T13:45:27.177+00:00,/dev/cu.usbserial-58870138231,"RX,1505624,R35,TXC,N31,52,218385,E,1,0.87,0.84,5,U,-102,5.25"
2026-07-13T13:45:27.420+00:00,/dev/cu.usbserial-58870138231,"RX,1505868,R35,TXA,N01,216,218627,A,1,0.75,0.72,5,F,-102,4.25"
2026-07-13T13:45:28.171+00:00,/dev/cu.usbserial-58870138231,"RX,1506619,R35,TXE,N61,105,219383,C,1,0.81,0.78,5,U,-104,2.75"
2026-07-13T13:45:28.278+00:00,/dev/cu.usbserial-58870138231,"RX,1506726,R35,TXI,N121,52,219482,E,1,0.87,0.84,5,U,-104,3.00"
2026-07-13T13:45:28.420+00:00,/dev/cu.usbserial-58870138231,"RX,1506868,R35,TXA,N01,217,219627,B,0,0.20,0.18,5,F,-103,5.00"
2026-07-13T13:45:28.565+00:00,/dev/cu.usbserial-58870138231,"RX,1507013,R35,TXK,N151,109,219764,C,1,0.81,0.78,5,U,-104,3.00"
2026-07-13T13:45:29.177+00:00,/dev/cu.usbserial-58870138231,"RX,1507624,R35,TXC,N31,53,220385,G,0,0.93,0.90,5,U,-102,4.75"
2026-07-13T13:45:29.420+00:00,/dev/cu.usbserial-58870138231,"RX,1507868,R35,TXA,N01,218,220627,C,1,0.81,0.78,5,F,-102,4.50"
2026-07-13T13:45:30.171+00:00,/dev/cu.usbserial-58870138231,"RX,1508619,R35,TXE,N61,106,221383,E,1,0.87,0.84,5,U,-104,3.00"
2026-07-13T13:45:30.278+00:00,/dev/cu.usbserial-58870138231,"RX,1508726,R35,TXI,N121,53,221482,G,0,0.93,0.90,5,U,-104,2.50"
2026-07-13T13:45:30.420+00:00,/dev/cu.usbserial-58870138231,"RX,1508868,R35,TXA,N01,219,221627,D,1,0.24,0.22,5,F,-103,4.75"
2026-07-13T13:45:30.565+00:00,/dev/cu.usbserial-58870138231,"RX,1509013,R35,TXK,N151,110,221764,E,0,0.87,0.84,5,U,-105,3.00"
2026-07-13T13:45:31.420+00:00,/dev/cu.usbserial-58870138231,"RX,1509868,R35,TXA,N01,220,222627,E,0,0.87,0.84,5,F,-103,4.00"
2026-07-13T13:45:32.172+00:00,/dev/cu.usbserial-58870138231,"RX,1510619,R35,TXE,N61,107,223383,G,0,0.93,0.90,5,U,-104,2.50"
2026-07-13T13:45:32.420+00:00,/dev/cu.usbserial-58870138231,"RX,1510868,R35,TXA,N01,221,223627,F,1,0.28,0.26,5,F,-104,4.00"
2026-07-13T13:45:32.531+00:00,/dev/cu.usbserial-58870138231,"RX,1510978,R35,TXH,N106,15,223743,G,1,0.93,0.90,5,U,-99,3.75"
2026-07-13T13:45:32.712+00:00,/dev/cu.usbserial-58870138231,"RX,1511160,R35,TXL,N166,15,223917,G,1,0.93,0.90,5,U,-101,6.00"
2026-07-13T13:45:32.919+00:00,/dev/cu.usbserial-58870138231,"RX,1511366,R35,TXF,N76,54,224131,E,0,0.87,0.84,5,U,-106,-0.25"
2026-07-13T13:45:33.223+00:00,/dev/cu.usbserial-58870138231,"RX,1511671,R35,TXD,N46,27,224431,G,1,0.93,0.90,5,U,-104,3.25"
2026-07-13T13:45:33.420+00:00,/dev/cu.usbserial-58870138231,"RX,1511868,R35,TXA,N01,222,224627,G,1,0.93,0.90,5,F,-102,3.50"
2026-07-13T13:45:34.171+00:00,/dev/cu.usbserial-58870138231,"RX,1512619,R35,TXE,N61,108,225383,A,1,0.75,0.72,5,U,-105,2.75"
2026-07-13T13:45:34.420+00:00,/dev/cu.usbserial-58870138231,"RX,1512868,R35,TXA,N01,223,225627,H,0,0.32,0.30,5,F,-103,4.25"
2026-07-13T13:45:34.565+00:00,/dev/cu.usbserial-58870138231,"RX,1513013,R35,TXK,N151,112,225764,A,1,0.75,0.72,5,U,-106,2.25"
2026-07-13T13:45:34.919+00:00,/dev/cu.usbserial-58870138231,"RX,1513366,R35,TXF,N76,55,226131,G,1,0.93,0.90,5,U,-106,0.75"
2026-07-13T13:45:35.077+00:00,/dev/cu.usbserial-58870138231,"RX,1513525,R35,TXJ,N136,26,226281,G,0,0.93,0.90,5,U,-101,5.50"
2026-07-13T13:45:35.177+00:00,/dev/cu.usbserial-58870138231,"RX,1513624,R35,TXC,N31,54,226385,E,0,0.87,0.84,5,U,-102,4.50"
2026-07-13T13:45:35.420+00:00,/dev/cu.usbserial-58870138231,"RX,1513868,R35,TXA,N01,224,226627,A,1,0.75,0.72,5,F,-103,4.00"
2026-07-13T13:45:36.172+00:00,/dev/cu.usbserial-58870138231,"RX,1514619,R35,TXE,N61,109,227383,C,1,0.81,0.78,5,U,-105,2.25"
2026-07-13T13:45:36.278+00:00,/dev/cu.usbserial-58870138231,"RX,1514725,R35,TXI,N121,54,227482,E,0,0.87,0.84,5,U,-105,3.00"
2026-07-13T13:45:36.420+00:00,/dev/cu.usbserial-58870138231,"RX,1514868,R35,TXA,N01,225,227627,B,1,0.20,0.18,5,F,-103,4.25"
2026-07-13T13:45:36.564+00:00,/dev/cu.usbserial-58870138231,"RX,1515013,R35,TXK,N151,113,227764,C,0,0.81,0.78,5,U,-105,2.25"
2026-07-13T13:45:37.176+00:00,/dev/cu.usbserial-58870138231,"RX,1515624,R35,TXC,N31,55,228385,G,1,0.93,0.90,5,U,-103,4.75"
2026-07-13T13:45:37.420+00:00,/dev/cu.usbserial-58870138231,"RX,1515868,R35,TXA,N01,226,228627,C,0,0.81,0.78,5,F,-103,4.25"
2026-07-13T13:45:38.171+00:00,/dev/cu.usbserial-58870138231,"RX,1516619,R35,TXE,N61,110,229383,E,0,0.87,0.84,5,U,-105,2.50"
2026-07-13T13:45:38.278+00:00,/dev/cu.usbserial-58870138231,"RX,1516725,R35,TXI,N121,55,229482,G,1,0.93,0.90,5,U,-104,2.50"
2026-07-13T13:45:38.420+00:00,/dev/cu.usbserial-58870138231,"RX,1516868,R35,TXA,N01,227,229627,D,1,0.24,0.22,5,F,-103,4.25"
2026-07-13T13:45:38.565+00:00,/dev/cu.usbserial-58870138231,"RX,1517013,R35,TXK,N151,114,229764,E,1,0.87,0.84,5,U,-105,1.75"
2026-07-13T13:45:39.420+00:00,/dev/cu.usbserial-58870138231,"RX,1517868,R35,TXA,N01,228,230627,E,1,0.87,0.84,5,F,-103,4.75"
2026-07-13T13:45:40.172+00:00,/dev/cu.usbserial-58870138231,"RX,1518619,R35,TXE,N61,111,231383,G,1,0.93,0.90,5,U,-105,3.25"
2026-07-13T13:45:40.420+00:00,/dev/cu.usbserial-58870138231,"RX,1518868,R35,TXA,N01,229,231627,F,0,0.28,0.26,5,F,-103,5.25"
2026-07-13T13:45:40.918+00:00,/dev/cu.usbserial-58870138231,"RX,1519366,R35,TXF,N76,56,232131,E,1,0.87,0.84,5,U,-107,2.50"
2026-07-13T13:45:41.224+00:00,/dev/cu.usbserial-58870138231,"RX,1519671,R35,TXD,N46,28,232431,G,1,0.93,0.90,5,U,-105,3.50"
2026-07-13T13:45:41.420+00:00,/dev/cu.usbserial-58870138231,"RX,1519868,R35,TXA,N01,230,232627,G,1,0.93,0.90,5,F,-103,5.00"
2026-07-13T13:45:41.869+00:00,/dev/cu.usbserial-58870138231,"RX,1520317,R35,TXG,N91,27,233081,G,1,0.93,0.90,5,U,-106,1.50"
2026-07-13T13:45:42.171+00:00,/dev/cu.usbserial-58870138231,"RX,1520619,R35,TXE,N61,112,233383,A,1,0.75,0.72,5,U,-104,3.50"
2026-07-13T13:45:42.420+00:00,/dev/cu.usbserial-58870138231,"RX,1520868,R35,TXA,N01,231,233627,H,1,0.32,0.30,5,F,-103,4.25"
2026-07-13T13:45:42.565+00:00,/dev/cu.usbserial-58870138231,"RX,1521013,R35,TXK,N151,116,233764,A,0,0.75,0.72,5,U,-105,2.00"
2026-07-13T13:45:42.918+00:00,/dev/cu.usbserial-58870138231,"RX,1521366,R35,TXF,N76,57,234131,G,1,0.93,0.90,5,U,-107,0.00"
2026-07-13T13:45:43.077+00:00,/dev/cu.usbserial-58870138231,"RX,1521525,R35,TXJ,N136,27,234281,G,1,0.93,0.90,5,U,-102,5.50"
2026-07-13T13:45:43.176+00:00,/dev/cu.usbserial-58870138231,"RX,1521624,R35,TXC,N31,56,234385,E,1,0.87,0.84,5,U,-102,4.50"
2026-07-13T13:45:43.420+00:00,/dev/cu.usbserial-58870138231,"RX,1521868,R35,TXA,N01,232,234627,A,0,0.75,0.72,5,F,-102,4.00"
2026-07-13T13:45:44.171+00:00,/dev/cu.usbserial-58870138231,"RX,1522619,R35,TXE,N61,113,235383,C,0,0.81,0.78,5,U,-105,3.25"
2026-07-13T13:45:44.278+00:00,/dev/cu.usbserial-58870138231,"RX,1522725,R35,TXI,N121,56,235482,E,1,0.87,0.84,5,U,-105,2.50"
2026-07-13T13:45:44.420+00:00,/dev/cu.usbserial-58870138231,"RX,1522868,R35,TXA,N01,233,235627,B,1,0.20,0.18,5,F,-103,4.25"
2026-07-13T13:45:44.565+00:00,/dev/cu.usbserial-58870138231,"RX,1523012,R35,TXK,N151,117,235764,C,1,0.81,0.78,5,U,-105,2.00"
2026-07-13T13:45:45.176+00:00,/dev/cu.usbserial-58870138231,"RX,1523624,R35,TXC,N31,57,236385,G,1,0.93,0.90,5,U,-102,5.50"
2026-07-13T13:45:45.420+00:00,/dev/cu.usbserial-58870138231,"RX,1523868,R35,TXA,N01,234,236627,C,1,0.81,0.78,5,F,-103,4.50"
2026-07-13T13:45:46.171+00:00,/dev/cu.usbserial-58870138231,"RX,1524619,R35,TXE,N61,114,237383,E,1,0.87,0.84,5,U,-105,2.75"
2026-07-13T13:45:46.277+00:00,/dev/cu.usbserial-58870138231,"RX,1524725,R35,TXI,N121,57,237482,G,1,0.93,0.90,5,U,-105,2.50"
2026-07-13T13:45:46.420+00:00,/dev/cu.usbserial-58870138231,"RX,1524868,R35,TXA,N01,235,237627,D,0,0.24,0.22,5,F,-103,3.75"
2026-07-13T13:45:46.565+00:00,/dev/cu.usbserial-58870138231,"RX,1525012,R35,TXK,N151,118,237764,E,1,0.87,0.84,5,U,-105,2.50"
2026-07-13T13:45:47.420+00:00,/dev/cu.usbserial-58870138231,"RX,1525868,R35,TXA,N01,236,238627,E,1,0.87,0.84,5,F,-103,4.50"
2026-07-13T13:45:48.172+00:00,/dev/cu.usbserial-58870138231,"RX,1526619,R35,TXE,N61,115,239383,G,1,0.93,0.90,5,U,-105,2.25"
2026-07-13T13:45:48.420+00:00,/dev/cu.usbserial-58870138231,"RX,1526868,R35,TXA,N01,237,239627,F,1,0.28,0.26,5,F,-103,4.00"
2026-07-13T13:45:48.918+00:00,/dev/cu.usbserial-58870138231,"RX,1527366,R35,TXF,N76,58,240131,E,1,0.87,0.84,5,U,-106,1.75"
2026-07-13T13:45:49.223+00:00,/dev/cu.usbserial-58870138231,"RX,1527671,R35,TXD,N46,29,240431,G,0,0.93,0.90,5,U,-105,2.50"
2026-07-13T13:45:49.420+00:00,/dev/cu.usbserial-58870138231,"RX,1527868,R35,TXA,N01,238,240627,G,0,0.93,0.90,5,F,-103,4.25"
2026-07-13T13:45:49.869+00:00,/dev/cu.usbserial-58870138231,"RX,1528317,R35,TXG,N91,28,241081,G,1,0.93,0.90,5,U,-106,1.00"
2026-07-13T13:45:50.171+00:00,/dev/cu.usbserial-58870138231,"RX,1528619,R35,TXE,N61,116,241383,A,0,0.75,0.72,5,U,-105,3.00"
2026-07-13T13:45:50.420+00:00,/dev/cu.usbserial-58870138231,"RX,1528868,R35,TXA,N01,239,241627,H,1,0.32,0.30,5,F,-103,4.50"
2026-07-13T13:45:50.919+00:00,/dev/cu.usbserial-58870138231,"RX,1529366,R35,TXF,N76,59,242131,G,0,0.93,0.90,5,U,-106,0.75"
2026-07-13T13:45:51.077+00:00,/dev/cu.usbserial-58870138231,"RX,1529525,R35,TXJ,N136,28,242281,G,1,0.93,0.90,5,U,-103,5.25"
2026-07-13T13:45:51.176+00:00,/dev/cu.usbserial-58870138231,"RX,1529624,R35,TXC,N31,58,242385,E,1,0.87,0.84,5,U,-103,4.25"
2026-07-13T13:45:51.420+00:00,/dev/cu.usbserial-58870138231,"RX,1529868,R35,TXA,N01,240,242627,A,1,0.75,0.72,5,F,-102,4.50"
2026-07-13T13:45:52.171+00:00,/dev/cu.usbserial-58870138231,"RX,1530619,R35,TXE,N61,117,243383,C,1,0.81,0.78,5,U,-105,2.75"
2026-07-13T13:45:52.277+00:00,/dev/cu.usbserial-58870138231,"RX,1530725,R35,TXI,N121,58,243482,E,1,0.87,0.84,5,U,-104,3.75"
2026-07-13T13:45:52.420+00:00,/dev/cu.usbserial-58870138231,"RX,1530868,R35,TXA,N01,241,243627,B,0,0.20,0.18,5,F,-103,4.25"
2026-07-13T13:45:52.565+00:00,/dev/cu.usbserial-58870138231,"RX,1531012,R35,TXK,N151,121,243764,C,1,0.81,0.78,5,U,-105,2.75"
2026-07-13T13:45:53.176+00:00,/dev/cu.usbserial-58870138231,"RX,1531624,R35,TXC,N31,59,244385,G,0,0.93,0.90,5,U,-104,4.00"
2026-07-13T13:45:53.420+00:00,/dev/cu.usbserial-58870138231,"RX,1531868,R35,TXA,N01,242,244627,C,1,0.81,0.78,5,F,-102,4.75"
2026-07-13T13:45:53.688+00:00,/dev/cu.usbserial-58870138231,"RX,1532136,R35,TXB,N16,120,244894,A,1,0.75,0.72,5,U,-109,-8.50"
2026-07-13T13:45:54.171+00:00,/dev/cu.usbserial-58870138231,"RX,1532619,R35,TXE,N61,118,245383,E,1,0.87,0.84,5,U,-105,3.00"
2026-07-13T13:45:54.278+00:00,/dev/cu.usbserial-58870138231,"RX,1532725,R35,TXI,N121,59,245482,G,0,0.93,0.90,5,U,-104,3.00"
2026-07-13T13:45:54.420+00:00,/dev/cu.usbserial-58870138231,"RX,1532868,R35,TXA,N01,243,245627,D,1,0.24,0.22,5,F,-102,5.50"
2026-07-13T13:45:54.565+00:00,/dev/cu.usbserial-58870138231,"RX,1533012,R35,TXK,N151,122,245764,E,0,0.87,0.84,5,U,-104,3.25"
2026-07-13T13:45:55.420+00:00,/dev/cu.usbserial-58870138231,"RX,1533868,R35,TXA,N01,244,246627,E,0,0.87,0.84,5,F,-103,5.00"
2026-07-13T13:45:56.172+00:00,/dev/cu.usbserial-58870138231,"RX,1534619,R35,TXE,N61,119,247383,G,0,0.93,0.90,5,U,-104,3.00"
2026-07-13T13:45:56.420+00:00,/dev/cu.usbserial-58870138231,"RX,1534868,R35,TXA,N01,245,247627,F,1,0.28,0.26,5,F,-103,4.75"
2026-07-13T13:45:56.565+00:00,/dev/cu.usbserial-58870138231,"RX,1535012,R35,TXK,N151,123,247764,G,1,0.93,0.90,5,U,-105,3.00"
2026-07-13T13:45:56.918+00:00,/dev/cu.usbserial-58870138231,"RX,1535366,R35,TXF,N76,60,248131,E,0,0.87,0.84,5,U,-106,1.00"
2026-07-13T13:45:57.223+00:00,/dev/cu.usbserial-58870138231,"RX,1535671,R35,TXD,N46,30,248431,G,1,0.93,0.90,5,U,-105,3.25"
2026-07-13T13:45:57.420+00:00,/dev/cu.usbserial-58870138231,"RX,1535868,R35,TXA,N01,246,248627,G,1,0.93,0.90,5,F,-103,4.50"
2026-07-13T13:45:57.869+00:00,/dev/cu.usbserial-58870138231,"RX,1536316,R35,TXG,N91,29,249081,G,0,0.93,0.90,5,U,-106,0.75"
2026-07-13T13:45:58.171+00:00,/dev/cu.usbserial-58870138231,"RX,1536619,R35,TXE,N61,120,249383,A,1,0.75,0.72,5,U,-104,3.50"
2026-07-13T13:45:58.420+00:00,/dev/cu.usbserial-58870138231,"RX,1536868,R35,TXA,N01,247,249627,H,0,0.32,0.30,5,F,-102,4.75"
2026-07-13T13:45:58.565+00:00,/dev/cu.usbserial-58870138231,"RX,1537012,R35,TXK,N151,124,249764,A,1,0.75,0.72,5,U,-104,2.50"
2026-07-13T13:45:58.918+00:00,/dev/cu.usbserial-58870138231,"RX,1537366,R35,TXF,N76,61,250131,G,1,0.93,0.90,5,U,-106,1.25"
2026-07-13T13:45:59.076+00:00,/dev/cu.usbserial-58870138231,"RX,1537524,R35,TXJ,N136,29,250281,G,0,0.93,0.90,5,U,-101,6.00"
2026-07-13T13:45:59.176+00:00,/dev/cu.usbserial-58870138231,"RX,1537624,R35,TXC,N31,60,250385,E,0,0.87,0.84,5,U,-103,4.00"
2026-07-13T13:45:59.420+00:00,/dev/cu.usbserial-58870138231,"RX,1537868,R35,TXA,N01,248,250627,A,1,0.75,0.72,5,F,-102,4.50"
2026-07-13T13:46:00.171+00:00,/dev/cu.usbserial-58870138231,"RX,1538619,R35,TXE,N61,121,251383,C,1,0.81,0.78,5,U,-104,3.00"
2026-07-13T13:46:00.277+00:00,/dev/cu.usbserial-58870138231,"RX,1538725,R35,TXI,N121,60,251482,E,0,0.87,0.84,5,U,-104,2.75"
2026-07-13T13:46:00.420+00:00,/dev/cu.usbserial-58870138231,"RX,1538868,R35,TXA,N01,249,251627,B,1,0.20,0.18,5,F,-103,5.25"
2026-07-13T13:46:00.565+00:00,/dev/cu.usbserial-58870138231,"RX,1539012,R35,TXK,N151,125,251764,C,0,0.81,0.78,5,U,-104,2.50"
2026-07-13T13:46:01.176+00:00,/dev/cu.usbserial-58870138231,"RX,1539624,R35,TXC,N31,61,252385,G,1,0.93,0.90,5,U,-103,4.75"
2026-07-13T13:46:01.420+00:00,/dev/cu.usbserial-58870138231,"RX,1539868,R35,TXA,N01,250,252627,C,0,0.81,0.78,5,F,-102,5.25"
2026-07-13T13:46:02.171+00:00,/dev/cu.usbserial-58870138231,"RX,1540619,R35,TXE,N61,122,253383,E,0,0.87,0.84,5,U,-104,2.75"
2026-07-13T13:46:02.277+00:00,/dev/cu.usbserial-58870138231,"RX,1540725,R35,TXI,N121,61,253482,G,1,0.93,0.90,5,U,-105,2.25"
2026-07-13T13:46:02.420+00:00,/dev/cu.usbserial-58870138231,"RX,1540868,R35,TXA,N01,251,253627,D,1,0.24,0.22,5,F,-102,5.75"
2026-07-13T13:46:02.565+00:00,/dev/cu.usbserial-58870138231,"RX,1541012,R35,TXK,N151,126,253764,E,1,0.87,0.84,5,U,-104,3.50"
2026-07-13T13:46:03.420+00:00,/dev/cu.usbserial-58870138231,"RX,1541868,R35,TXA,N01,252,254627,E,1,0.87,0.84,5,F,-103,4.75"
2026-07-13T13:46:04.171+00:00,/dev/cu.usbserial-58870138231,"RX,1542619,R35,TXE,N61,123,255383,G,1,0.93,0.90,5,U,-105,2.25"
2026-07-13T13:46:04.420+00:00,/dev/cu.usbserial-58870138231,"RX,1542868,R35,TXA,N01,253,255627,F,0,0.28,0.26,5,F,-103,4.25"
2026-07-13T13:46:04.565+00:00,/dev/cu.usbserial-58870138231,"RX,1543012,R35,TXK,N151,127,255764,G,1,0.93,0.90,5,U,-104,2.00"
2026-07-13T13:46:04.919+00:00,/dev/cu.usbserial-58870138231,"RX,1543366,R35,TXF,N76,62,256131,E,1,0.87,0.84,5,U,-105,2.00"
2026-07-13T13:46:05.223+00:00,/dev/cu.usbserial-58870138231,"RX,1543671,R35,TXD,N46,31,256431,G,1,0.93,0.90,5,U,-104,3.50"
2026-07-13T13:46:05.420+00:00,/dev/cu.usbserial-58870138231,"RX,1543868,R35,TXA,N01,254,256627,G,1,0.93,0.90,5,F,-101,5.50"
2026-07-13T13:46:05.869+00:00,/dev/cu.usbserial-58870138231,"RX,1544316,R35,TXG,N91,30,257081,G,1,0.93,0.90,5,U,-106,0.00"
2026-07-13T13:46:06.172+00:00,/dev/cu.usbserial-58870138231,"RX,1544619,R35,TXE,N61,124,257383,A,1,0.75,0.72,5,U,-106,0.50"
2026-07-13T13:46:06.420+00:00,/dev/cu.usbserial-58870138231,"RX,1544868,R35,TXA,N01,255,257627,H,1,0.32,0.30,5,F,-105,2.25"
2026-07-13T13:46:06.565+00:00,/dev/cu.usbserial-58870138231,"RX,1545012,R35,TXK,N151,128,257764,A,1,0.75,0.72,5,U,-108,-2.25"
2026-07-13T13:46:06.919+00:00,/dev/cu.usbserial-58870138231,"RX,1545366,R35,TXF,N76,63,258131,G,1,0.93,0.90,5,U,-105,1.50"
2026-07-13T13:46:07.077+00:00,/dev/cu.usbserial-58870138231,"RX,1545524,R35,TXJ,N136,30,258281,G,1,0.93,0.90,5,U,-102,4.50"
2026-07-13T13:46:07.176+00:00,/dev/cu.usbserial-58870138231,"RX,1545624,R35,TXC,N31,62,258385,E,1,0.87,0.84,5,U,-102,5.00"
2026-07-13T13:46:07.420+00:00,/dev/cu.usbserial-58870138231,"RX,1545868,R35,TXA,N01,256,258627,A,1,0.75,0.72,5,F,-101,5.50"
2026-07-13T13:46:07.688+00:00,/dev/cu.usbserial-58870138231,"RX,1546135,R35,TXB,N16,127,258894,G,1,0.93,0.90,5,U,-107,-4.50"
2026-07-13T13:46:08.172+00:00,/dev/cu.usbserial-58870138231,"RX,1546619,R35,TXE,N61,125,259383,C,0,0.81,0.78,5,U,-102,5.00"
2026-07-13T13:46:08.277+00:00,/dev/cu.usbserial-58870138231,"RX,1546725,R35,TXI,N121,62,259482,E,1,0.87,0.84,5,U,-106,0.75"
2026-07-13T13:46:08.420+00:00,/dev/cu.usbserial-58870138231,"RX,1546868,R35,TXA,N01,257,259627,B,0,0.20,0.18,5,F,-103,5.00"
2026-07-13T13:46:08.565+00:00,/dev/cu.usbserial-58870138231,"RX,1547012,R35,TXK,N151,129,259764,C,1,0.81,0.78,5,U,-104,3.25"
2026-07-13T13:46:09.176+00:00,/dev/cu.usbserial-58870138231,"RX,1547624,R35,TXC,N31,63,260385,G,1,0.93,0.90,5,U,-103,5.50"
2026-07-13T13:46:09.420+00:00,/dev/cu.usbserial-58870138231,"RX,1547868,R35,TXA,N01,258,260627,C,1,0.81,0.78,5,F,-103,5.00"
2026-07-13T13:46:09.688+00:00,/dev/cu.usbserial-58870138231,"RX,1548135,R35,TXB,N16,128,260894,A,1,0.75,0.72,5,U,-111,-9.25"
2026-07-13T13:46:10.171+00:00,/dev/cu.usbserial-58870138231,"RX,1548619,R35,TXE,N61,126,261383,E,1,0.87,0.84,5,U,-105,4.00"
2026-07-13T13:46:10.278+00:00,/dev/cu.usbserial-58870138231,"RX,1548725,R35,TXI,N121,63,261482,G,1,0.93,0.90,5,U,-106,3.25"
2026-07-13T13:46:10.420+00:00,/dev/cu.usbserial-58870138231,"RX,1548868,R35,TXA,N01,259,261627,D,1,0.24,0.22,5,F,-103,5.25"
2026-07-13T13:46:10.565+00:00,/dev/cu.usbserial-58870138231,"RX,1549012,R35,TXK,N151,130,261764,E,0,0.87,0.84,5,U,-104,4.25"
2026-07-13T13:46:11.420+00:00,/dev/cu.usbserial-58870138231,"RX,1549868,R35,TXA,N01,260,262627,E,0,0.87,0.84,5,F,-103,5.50"
2026-07-13T13:46:12.531+00:00,/dev/cu.usbserial-58870138231,"RX,1550978,R35,TXH,N106,16,263743,G,1,0.93,0.90,5,U,-99,4.25"
2026-07-13T13:46:12.712+00:00,/dev/cu.usbserial-58870138231,"RX,1551159,R35,TXL,N166,16,263917,G,1,0.93,0.90,5,U,-102,6.50"
2026-07-13T13:46:12.919+00:00,/dev/cu.usbserial-58870138231,"RX,1551366,R35,TXF,N76,64,264131,E,0,0.87,0.84,5,U,-106,2.50"
2026-07-13T13:46:13.223+00:00,/dev/cu.usbserial-58870138231,"RX,1551671,R35,TXD,N46,32,264431,G,1,0.93,0.90,5,U,-104,4.75"
2026-07-13T13:46:13.420+00:00,/dev/cu.usbserial-58870138231,"RX,1551868,R35,TXA,N01,262,264627,G,1,0.93,0.90,5,F,-103,5.75"
2026-07-13T13:46:13.688+00:00,/dev/cu.usbserial-58870138231,"RX,1552135,R35,TXB,N16,130,264894,E,0,0.87,0.84,5,U,-111,-8.25"
2026-07-13T13:46:13.869+00:00,/dev/cu.usbserial-58870138231,"RX,1552316,R35,TXG,N91,31,265081,G,1,0.93,0.90,5,U,-107,2.25"
2026-07-13T13:46:14.171+00:00,/dev/cu.usbserial-58870138231,"RX,1552619,R35,TXE,N61,128,265383,A,1,0.75,0.72,5,U,-104,3.50"
2026-07-13T13:46:14.420+00:00,/dev/cu.usbserial-58870138231,"RX,1552867,R35,TXA,N01,263,265627,H,0,0.32,0.30,5,F,-102,5.50"
2026-07-13T13:46:14.565+00:00,/dev/cu.usbserial-58870138231,"RX,1553012,R35,TXK,N151,132,265764,A,1,0.75,0.72,5,U,-104,4.75"
2026-07-13T13:46:14.918+00:00,/dev/cu.usbserial-58870138231,"RX,1553366,R35,TXF,N76,65,266131,G,1,0.93,0.90,5,U,-106,2.75"
2026-07-13T13:46:15.077+00:00,/dev/cu.usbserial-58870138231,"RX,1553524,R35,TXJ,N136,31,266281,G,1,0.93,0.90,5,U,-101,6.50"
2026-07-13T13:46:15.176+00:00,/dev/cu.usbserial-58870138231,"RX,1553623,R35,TXC,N31,64,266385,E,0,0.87,0.84,5,U,-102,6.25"
2026-07-13T13:46:15.420+00:00,/dev/cu.usbserial-58870138231,"RX,1553867,R35,TXA,N01,264,266627,A,1,0.75,0.72,5,F,-103,5.50"
2026-07-13T13:46:16.171+00:00,/dev/cu.usbserial-58870138231,"RX,1554619,R35,TXE,N61,129,267383,C,1,0.81,0.78,5,U,-104,4.75"
2026-07-13T13:46:16.278+00:00,/dev/cu.usbserial-58870138231,"RX,1554725,R35,TXI,N121,64,267482,E,0,0.87,0.84,5,U,-105,3.75"
2026-07-13T13:46:16.420+00:00,/dev/cu.usbserial-58870138231,"RX,1554867,R35,TXA,N01,265,267627,B,1,0.20,0.18,5,F,-103,5.75"
2026-07-13T13:46:16.565+00:00,/dev/cu.usbserial-58870138231,"RX,1555012,R35,TXK,N151,133,267764,C,0,0.81,0.78,5,U,-106,3.50"
2026-07-13T13:46:17.176+00:00,/dev/cu.usbserial-58870138231,"RX,1555623,R35,TXC,N31,65,268385,G,1,0.93,0.90,5,U,-103,5.75"
2026-07-13T13:46:17.421+00:00,/dev/cu.usbserial-58870138231,"RX,1555867,R35,TXA,N01,266,268627,C,0,0.81,0.78,5,F,-103,4.75"
2026-07-13T13:46:17.688+00:00,/dev/cu.usbserial-58870138231,"RX,1556135,R35,TXB,N16,132,268894,A,1,0.75,0.72,5,U,-110,-7.00"
2026-07-13T13:46:18.171+00:00,/dev/cu.usbserial-58870138231,"RX,1556619,R35,TXE,N61,130,269383,E,0,0.87,0.84,5,U,-104,4.50"
2026-07-13T13:46:18.277+00:00,/dev/cu.usbserial-58870138231,"RX,1556725,R35,TXI,N121,65,269482,G,1,0.93,0.90,5,U,-105,4.75"
2026-07-13T13:46:18.420+00:00,/dev/cu.usbserial-58870138231,"RX,1556867,R35,TXA,N01,267,269627,D,1,0.24,0.22,5,F,-103,5.00"
2026-07-13T13:46:18.565+00:00,/dev/cu.usbserial-58870138231,"RX,1557012,R35,TXK,N151,134,269764,E,1,0.87,0.84,5,U,-105,4.00"
2026-07-13T13:46:19.420+00:00,/dev/cu.usbserial-58870138231,"RX,1557867,R35,TXA,N01,268,270627,E,1,0.87,0.84,5,F,-103,5.50"
2026-07-13T13:46:20.172+00:00,/dev/cu.usbserial-58870138231,"RX,1558619,R35,TXE,N61,131,271383,G,1,0.93,0.90,5,U,-106,2.00"
2026-07-13T13:46:20.420+00:00,/dev/cu.usbserial-58870138231,"RX,1558867,R35,TXA,N01,269,271627,F,0,0.28,0.26,5,F,-103,5.25"
2026-07-13T13:46:20.531+00:00,/dev/cu.usbserial-58870138231,"RX,1558978,R35,TXH,N106,17,271743,G,1,0.93,0.90,5,U,-98,4.25"
2026-07-13T13:46:20.918+00:00,/dev/cu.usbserial-58870138231,"RX,1559365,R35,TXF,N76,66,272131,E,1,0.87,0.84,5,U,-106,2.00"
2026-07-13T13:46:21.223+00:00,/dev/cu.usbserial-58870138231,"RX,1559670,R35,TXD,N46,33,272431,G,1,0.93,0.90,5,U,-104,4.75"
2026-07-13T13:46:21.420+00:00,/dev/cu.usbserial-58870138231,"RX,1559867,R35,TXA,N01,270,272627,G,1,0.93,0.90,5,F,-103,5.25"
2026-07-13T13:46:21.869+00:00,/dev/cu.usbserial-58870138231,"RX,1560316,R35,TXG,N91,32,273081,G,1,0.93,0.90,5,U,-106,2.50"
2026-07-13T13:46:22.171+00:00,/dev/cu.usbserial-58870138231,"RX,1560619,R35,TXE,N61,132,273383,A,1,0.75,0.72,5,U,-105,3.50"
2026-07-13T13:46:22.420+00:00,/dev/cu.usbserial-58870138231,"RX,1560867,R35,TXA,N01,271,273627,H,1,0.32,0.30,5,F,-103,5.25"
2026-07-13T13:46:22.565+00:00,/dev/cu.usbserial-58870138231,"RX,1561012,R35,TXK,N151,136,273764,A,0,0.75,0.72,5,U,-104,4.75"
2026-07-13T13:46:22.919+00:00,/dev/cu.usbserial-58870138231,"RX,1561365,R35,TXF,N76,67,274131,G,1,0.93,0.90,5,U,-107,0.75"
2026-07-13T13:46:23.077+00:00,/dev/cu.usbserial-58870138231,"RX,1561524,R35,TXJ,N136,32,274281,G,1,0.93,0.90,5,U,-102,6.50"
2026-07-13T13:46:23.176+00:00,/dev/cu.usbserial-58870138231,"RX,1561623,R35,TXC,N31,66,274385,E,1,0.87,0.84,5,U,-103,5.25"
2026-07-13T13:46:23.420+00:00,/dev/cu.usbserial-58870138231,"RX,1561867,R35,TXA,N01,272,274627,A,0,0.75,0.72,5,F,-103,5.50"
2026-07-13T13:46:24.171+00:00,/dev/cu.usbserial-58870138231,"RX,1562619,R35,TXE,N61,133,275383,C,0,0.81,0.78,5,U,-105,3.75"
2026-07-13T13:46:24.277+00:00,/dev/cu.usbserial-58870138231,"RX,1562725,R35,TXI,N121,66,275482,E,1,0.87,0.84,5,U,-105,3.00"
2026-07-13T13:46:24.420+00:00,/dev/cu.usbserial-58870138231,"RX,1562867,R35,TXA,N01,273,275627,B,1,0.20,0.18,5,F,-102,5.50"
2026-07-13T13:46:24.564+00:00,/dev/cu.usbserial-58870138231,"RX,1563012,R35,TXK,N151,137,275764,C,1,0.81,0.78,5,U,-105,3.75"
2026-07-13T13:46:25.176+00:00,/dev/cu.usbserial-58870138231,"RX,1563623,R35,TXC,N31,67,276385,G,1,0.93,0.90,5,U,-103,5.75"
2026-07-13T13:46:25.420+00:00,/dev/cu.usbserial-58870138231,"RX,1563867,R35,TXA,N01,274,276627,C,1,0.81,0.78,5,F,-103,5.00"
2026-07-13T13:46:26.171+00:00,/dev/cu.usbserial-58870138231,"RX,1564619,R35,TXE,N61,134,277383,E,1,0.87,0.84,5,U,-105,4.00"
2026-07-13T13:46:26.277+00:00,/dev/cu.usbserial-58870138231,"RX,1564724,R35,TXI,N121,67,277482,G,1,0.93,0.90,5,U,-105,3.50"
2026-07-13T13:46:26.420+00:00,/dev/cu.usbserial-58870138231,"RX,1564867,R35,TXA,N01,275,277627,D,0,0.24,0.22,5,F,-103,5.25"
2026-07-13T13:46:26.564+00:00,/dev/cu.usbserial-58870138231,"RX,1565012,R35,TXK,N151,138,277764,E,1,0.87,0.84,5,U,-105,3.75"
2026-07-13T13:46:27.420+00:00,/dev/cu.usbserial-58870138231,"RX,1565867,R35,TXA,N01,276,278627,E,1,0.87,0.84,5,F,-103,5.50"
2026-07-13T13:46:28.171+00:00,/dev/cu.usbserial-58870138231,"RX,1566619,R35,TXE,N61,135,279383,G,1,0.93,0.90,5,U,-104,4.25"
2026-07-13T13:46:28.420+00:00,/dev/cu.usbserial-58870138231,"RX,1566867,R35,TXA,N01,277,279627,F,1,0.28,0.26,5,F,-102,6.00"
2026-07-13T13:46:28.531+00:00,/dev/cu.usbserial-58870138231,"RX,1566978,R35,TXH,N106,18,279743,G,0,0.93,0.90,5,U,-99,4.25"
2026-07-13T13:46:28.712+00:00,/dev/cu.usbserial-58870138231,"RX,1567159,R35,TXL,N166,18,279917,G,0,0.93,0.90,5,U,-102,6.50"
2026-07-13T13:46:28.918+00:00,/dev/cu.usbserial-58870138231,"RX,1567365,R35,TXF,N76,68,280131,E,1,0.87,0.84,5,U,-108,0.50"
2026-07-13T13:46:29.223+00:00,/dev/cu.usbserial-58870138231,"RX,1567670,R35,TXD,N46,34,280431,G,0,0.93,0.90,5,U,-105,4.00"
2026-07-13T13:46:29.420+00:00,/dev/cu.usbserial-58870138231,"RX,1567867,R35,TXA,N01,278,280627,G,0,0.93,0.90,5,F,-103,5.25"
2026-07-13T13:46:29.870+00:00,/dev/cu.usbserial-58870138231,"RX,1568316,R35,TXG,N91,33,281081,G,1,0.93,0.90,5,U,-107,2.00"
2026-07-13T13:46:30.171+00:00,/dev/cu.usbserial-58870138231,"RX,1568619,R35,TXE,N61,136,281383,A,0,0.75,0.72,5,U,-106,2.75"
2026-07-13T13:46:30.420+00:00,/dev/cu.usbserial-58870138231,"RX,1568867,R35,TXA,N01,279,281627,H,1,0.32,0.30,5,F,-103,5.25"
2026-07-13T13:46:30.564+00:00,/dev/cu.usbserial-58870138231,"RX,1569012,R35,TXK,N151,140,281764,A,1,0.75,0.72,5,U,-106,1.25"
2026-07-13T13:46:30.918+00:00,/dev/cu.usbserial-58870138231,"RX,1569365,R35,TXF,N76,69,282131,G,0,0.93,0.90,5,U,-108,0.50"
2026-07-13T13:46:31.077+00:00,/dev/cu.usbserial-58870138231,"RX,1569524,R35,TXJ,N136,33,282281,G,1,0.93,0.90,5,U,-102,6.50"
2026-07-13T13:46:31.176+00:00,/dev/cu.usbserial-58870138231,"RX,1569623,R35,TXC,N31,68,282385,E,1,0.87,0.84,5,U,-104,5.00"
2026-07-13T13:46:31.421+00:00,/dev/cu.usbserial-58870138231,"RX,1569867,R35,TXA,N01,280,282627,A,1,0.75,0.72,5,F,-102,6.50"
2026-07-13T13:46:32.171+00:00,/dev/cu.usbserial-58870138231,"RX,1570619,R35,TXE,N61,137,283383,C,1,0.81,0.78,5,U,-105,3.00"
2026-07-13T13:46:32.277+00:00,/dev/cu.usbserial-58870138231,"RX,1570724,R35,TXI,N121,68,283482,E,1,0.87,0.84,5,U,-105,4.25"
2026-07-13T13:46:32.420+00:00,/dev/cu.usbserial-58870138231,"RX,1570867,R35,TXA,N01,281,283627,B,0,0.20,0.18,5,F,-103,5.25"
2026-07-13T13:46:32.564+00:00,/dev/cu.usbserial-58870138231,"RX,1571012,R35,TXK,N151,141,283764,C,1,0.81,0.78,5,U,-104,3.75"
2026-07-13T13:46:33.176+00:00,/dev/cu.usbserial-58870138231,"RX,1571623,R35,TXC,N31,69,284385,G,0,0.93,0.90,5,U,-102,5.25"
2026-07-13T13:46:33.420+00:00,/dev/cu.usbserial-58870138231,"RX,1571867,R35,TXA,N01,282,284627,C,1,0.81,0.78,5,F,-103,4.00"
2026-07-13T13:46:34.171+00:00,/dev/cu.usbserial-58870138231,"RX,1572619,R35,TXE,N61,138,285383,E,1,0.87,0.84,5,U,-105,2.50"
2026-07-13T13:46:34.277+00:00,/dev/cu.usbserial-58870138231,"RX,1572724,R35,TXI,N121,69,285482,G,0,0.93,0.90,5,U,-105,2.25"
2026-07-13T13:46:34.420+00:00,/dev/cu.usbserial-58870138231,"RX,1572867,R35,TXA,N01,283,285627,D,1,0.24,0.22,5,F,-102,5.00"
2026-07-13T13:46:34.565+00:00,/dev/cu.usbserial-58870138231,"RX,1573012,R35,TXK,N151,142,285764,E,0,0.87,0.84,5,U,-104,-0.50"
2026-07-13T13:46:36.171+00:00,/dev/cu.usbserial-58870138231,"RX,1574618,R35,TXE,N61,139,287383,G,0,0.93,0.90,5,U,-105,2.50"
2026-07-13T13:46:36.420+00:00,/dev/cu.usbserial-58870138231,"RX,1574867,R35,TXA,N01,285,287627,F,1,0.28,0.26,5,F,-103,4.25"
2026-07-13T13:46:36.531+00:00,/dev/cu.usbserial-58870138231,"RX,1574977,R35,TXH,N106,19,287743,G,1,0.93,0.90,5,U,-99,4.00"
2026-07-13T13:46:36.712+00:00,/dev/cu.usbserial-58870138231,"RX,1575159,R35,TXL,N166,19,287917,G,1,0.93,0.90,5,U,-102,5.50"
2026-07-13T13:46:36.918+00:00,/dev/cu.usbserial-58870138231,"RX,1575365,R35,TXF,N76,70,288131,E,0,0.87,0.84,5,U,-106,0.25"
2026-07-13T13:46:37.223+00:00,/dev/cu.usbserial-58870138231,"RX,1575670,R35,TXD,N46,35,288431,G,1,0.93,0.90,5,U,-105,3.00"
2026-07-13T13:46:37.420+00:00,/dev/cu.usbserial-58870138231,"RX,1575867,R35,TXA,N01,286,288627,G,1,0.93,0.90,5,F,-103,4.75"
2026-07-13T13:46:37.869+00:00,/dev/cu.usbserial-58870138231,"RX,1576316,R35,TXG,N91,34,289081,G,0,0.93,0.90,5,U,-106,1.50"
2026-07-13T13:46:38.171+00:00,/dev/cu.usbserial-58870138231,"RX,1576618,R35,TXE,N61,140,289383,A,1,0.75,0.72,5,U,-105,2.50"
2026-07-13T13:46:38.420+00:00,/dev/cu.usbserial-58870138231,"RX,1576867,R35,TXA,N01,287,289627,H,0,0.32,0.30,5,F,-102,4.50"
2026-07-13T13:46:38.564+00:00,/dev/cu.usbserial-58870138231,"RX,1577012,R35,TXK,N151,144,289764,A,1,0.75,0.72,5,U,-104,3.00"
2026-07-13T13:46:38.918+00:00,/dev/cu.usbserial-58870138231,"RX,1577365,R35,TXF,N76,71,290131,G,1,0.93,0.90,5,U,-106,0.50"
2026-07-13T13:46:39.077+00:00,/dev/cu.usbserial-58870138231,"RX,1577524,R35,TXJ,N136,34,290281,G,0,0.93,0.90,5,U,-101,5.75"
2026-07-13T13:46:39.176+00:00,/dev/cu.usbserial-58870138231,"RX,1577623,R35,TXC,N31,70,290385,E,0,0.87,0.84,5,U,-102,5.25"
2026-07-13T13:46:39.420+00:00,/dev/cu.usbserial-58870138231,"RX,1577867,R35,TXA,N01,288,290627,A,1,0.75,0.72,5,F,-103,5.00"
2026-07-13T13:46:40.171+00:00,/dev/cu.usbserial-58870138231,"RX,1578618,R35,TXE,N61,141,291383,C,1,0.81,0.78,5,U,-106,1.25"
2026-07-13T13:46:40.277+00:00,/dev/cu.usbserial-58870138231,"RX,1578724,R35,TXI,N121,70,291482,E,0,0.87,0.84,5,U,-105,2.25"
2026-07-13T13:46:40.420+00:00,/dev/cu.usbserial-58870138231,"RX,1578867,R35,TXA,N01,289,291627,B,1,0.20,0.18,5,F,-102,4.75"
2026-07-13T13:46:40.564+00:00,/dev/cu.usbserial-58870138231,"RX,1579012,R35,TXK,N151,145,291764,C,0,0.81,0.78,5,U,-105,1.50"
2026-07-13T13:46:41.176+00:00,/dev/cu.usbserial-58870138231,"RX,1579623,R35,TXC,N31,71,292385,G,1,0.93,0.90,5,U,-103,4.00"
2026-07-13T13:46:41.420+00:00,/dev/cu.usbserial-58870138231,"RX,1579867,R35,TXA,N01,290,292627,C,0,0.81,0.78,5,F,-103,4.00"
2026-07-13T13:46:42.171+00:00,/dev/cu.usbserial-58870138231,"RX,1580618,R35,TXE,N61,142,293383,E,0,0.87,0.84,5,U,-105,1.75"
2026-07-13T13:46:42.277+00:00,/dev/cu.usbserial-58870138231,"RX,1580724,R35,TXI,N121,71,293482,G,1,0.93,0.90,5,U,-104,1.75"
2026-07-13T13:46:42.420+00:00,/dev/cu.usbserial-58870138231,"RX,1580867,R35,TXA,N01,291,293627,D,1,0.24,0.22,5,F,-103,4.75"
2026-07-13T13:46:42.564+00:00,/dev/cu.usbserial-58870138231,"RX,1581012,R35,TXK,N151,146,293764,E,1,0.87,0.84,5,U,-105,1.75"
2026-07-13T13:46:43.420+00:00,/dev/cu.usbserial-58870138231,"RX,1581867,R35,TXA,N01,292,294627,E,1,0.87,0.84,5,F,-103,4.00"
2026-07-13T13:46:44.172+00:00,/dev/cu.usbserial-58870138231,"RX,1582618,R35,TXE,N61,143,295383,G,1,0.93,0.90,5,U,-104,2.75"
2026-07-13T13:46:44.420+00:00,/dev/cu.usbserial-58870138231,"RX,1582867,R35,TXA,N01,293,295627,F,0,0.28,0.26,5,F,-103,4.25"
2026-07-13T13:46:44.564+00:00,/dev/cu.usbserial-58870138231,"RX,1583011,R35,TXK,N151,147,295764,G,1,0.93,0.90,5,U,-105,2.25"
2026-07-13T13:46:44.918+00:00,/dev/cu.usbserial-58870138231,"RX,1583365,R35,TXF,N76,72,296131,E,1,0.87,0.84,5,U,-106,0.50"
2026-07-13T13:46:45.223+00:00,/dev/cu.usbserial-58870138231,"RX,1583670,R35,TXD,N46,36,296431,G,1,0.93,0.90,5,U,-104,3.00"
2026-07-13T13:46:45.420+00:00,/dev/cu.usbserial-58870138231,"RX,1583867,R35,TXA,N01,294,296627,G,1,0.93,0.90,5,F,-103,4.50"
2026-07-13T13:46:45.869+00:00,/dev/cu.usbserial-58870138231,"RX,1584316,R35,TXG,N91,35,297081,G,1,0.93,0.90,5,U,-107,0.25"
2026-07-13T13:46:46.171+00:00,/dev/cu.usbserial-58870138231,"RX,1584618,R35,TXE,N61,144,297383,A,1,0.75,0.72,5,U,-105,2.50"
2026-07-13T13:46:46.420+00:00,/dev/cu.usbserial-58870138231,"RX,1584867,R35,TXA,N01,295,297627,H,1,0.32,0.30,5,F,-103,4.25"
2026-07-13T13:46:46.564+00:00,/dev/cu.usbserial-58870138231,"RX,1585011,R35,TXK,N151,148,297764,A,0,0.75,0.72,5,U,-105,1.50"
2026-07-13T13:46:46.918+00:00,/dev/cu.usbserial-58870138231,"RX,1585365,R35,TXF,N76,73,298131,G,1,0.93,0.90,5,U,-107,-0.25"
2026-07-13T13:46:47.077+00:00,/dev/cu.usbserial-58870138231,"RX,1585524,R35,TXJ,N136,35,298281,G,1,0.93,0.90,5,U,-102,5.50"
2026-07-13T13:46:47.176+00:00,/dev/cu.usbserial-58870138231,"RX,1585623,R35,TXC,N31,72,298385,E,1,0.87,0.84,5,U,-103,4.00"
2026-07-13T13:46:47.420+00:00,/dev/cu.usbserial-58870138231,"RX,1585867,R35,TXA,N01,296,298627,A,0,0.75,0.72,5,F,-102,4.50"
2026-07-13T13:46:48.277+00:00,/dev/cu.usbserial-58870138231,"RX,1586724,R35,TXI,N121,72,299482,E,1,0.87,0.84,5,U,-105,2.50"
2026-07-13T13:46:48.421+00:00,/dev/cu.usbserial-58870138231,"RX,1586867,R35,TXA,N01,297,299627,B,1,0.20,0.18,5,F,-102,5.00"
2026-07-13T13:46:48.564+00:00,/dev/cu.usbserial-58870138231,"RX,1587011,R35,TXK,N151,149,299764,C,1,0.81,0.78,5,U,-105,2.50"
2026-07-13T13:46:49.176+00:00,/dev/cu.usbserial-58870138231,"RX,1587623,R35,TXC,N31,73,300385,G,1,0.93,0.90,5,U,-103,4.00"
2026-07-13T13:46:49.420+00:00,/dev/cu.usbserial-58870138231,"RX,1587867,R35,TXA,N01,298,300627,C,1,0.81,0.78,5,F,-103,4.50"
2026-07-13T13:46:50.171+00:00,/dev/cu.usbserial-58870138231,"RX,1588618,R35,TXE,N61,146,301383,E,1,0.87,0.84,5,U,-105,2.25"
2026-07-13T13:46:50.277+00:00,/dev/cu.usbserial-58870138231,"RX,1588724,R35,TXI,N121,73,301482,G,1,0.93,0.90,5,U,-104,2.75"
2026-07-13T13:46:50.420+00:00,/dev/cu.usbserial-58870138231,"RX,1588867,R35,TXA,N01,299,301627,D,0,0.24,0.22,5,F,-102,4.25"
2026-07-13T13:46:50.564+00:00,/dev/cu.usbserial-58870138231,"RX,1589011,R35,TXK,N151,150,301764,E,1,0.87,0.84,5,U,-105,2.00"
2026-07-13T13:46:51.420+00:00,/dev/cu.usbserial-58870138231,"RX,1589867,R35,TXA,N01,300,302627,E,1,0.87,0.84,5,F,-103,4.25"
2026-07-13T13:46:52.172+00:00,/dev/cu.usbserial-58870138231,"RX,1590618,R35,TXE,N61,147,303383,G,1,0.93,0.90,5,U,-105,1.50"
2026-07-13T13:46:52.420+00:00,/dev/cu.usbserial-58870138231,"RX,1590867,R35,TXA,N01,301,303627,F,1,0.28,0.26,5,F,-103,3.75"
2026-07-13T13:46:52.564+00:00,/dev/cu.usbserial-58870138231,"RX,1591011,R35,TXK,N151,151,303764,G,0,0.93,0.90,5,U,-104,2.75"
2026-07-13T13:46:52.918+00:00,/dev/cu.usbserial-58870138231,"RX,1591365,R35,TXF,N76,74,304131,E,1,0.87,0.84,5,U,-107,0.00"
2026-07-13T13:46:53.223+00:00,/dev/cu.usbserial-58870138231,"RX,1591670,R35,TXD,N46,37,304431,G,0,0.93,0.90,5,U,-105,2.75"
2026-07-13T13:46:53.420+00:00,/dev/cu.usbserial-58870138231,"RX,1591867,R35,TXA,N01,302,304627,G,0,0.93,0.90,5,F,-103,4.50"
2026-07-13T13:46:53.869+00:00,/dev/cu.usbserial-58870138231,"RX,1592316,R35,TXG,N91,36,305081,G,1,0.93,0.90,5,U,-106,1.00"
2026-07-13T13:46:54.171+00:00,/dev/cu.usbserial-58870138231,"RX,1592618,R35,TXE,N61,148,305383,A,0,0.75,0.72,5,U,-105,2.00"
2026-07-13T13:46:54.420+00:00,/dev/cu.usbserial-58870138231,"RX,1592867,R35,TXA,N01,303,305627,H,1,0.32,0.30,5,F,-103,3.75"
2026-07-13T13:46:54.564+00:00,/dev/cu.usbserial-58870138231,"RX,1593011,R35,TXK,N151,152,305764,A,1,0.75,0.72,5,U,-105,1.50"
2026-07-13T13:46:54.918+00:00,/dev/cu.usbserial-58870138231,"RX,1593365,R35,TXF,N76,75,306131,G,0,0.93,0.90,5,U,-107,-1.25"
2026-07-13T13:46:55.076+00:00,/dev/cu.usbserial-58870138231,"RX,1593524,R35,TXJ,N136,36,306281,G,1,0.93,0.90,5,U,-101,5.50"
2026-07-13T13:46:55.176+00:00,/dev/cu.usbserial-58870138231,"RX,1593623,R35,TXC,N31,74,306385,E,1,0.87,0.84,5,U,-102,4.00"
2026-07-13T13:46:55.420+00:00,/dev/cu.usbserial-58870138231,"RX,1593867,R35,TXA,N01,304,306627,A,1,0.75,0.72,5,F,-103,4.75"
2026-07-13T13:46:56.171+00:00,/dev/cu.usbserial-58870138231,"RX,1594618,R35,TXE,N61,149,307383,C,1,0.81,0.78,5,U,-105,2.25"
2026-07-13T13:46:56.277+00:00,/dev/cu.usbserial-58870138231,"RX,1594724,R35,TXI,N121,74,307482,E,1,0.87,0.84,5,U,-104,3.00"
2026-07-13T13:46:56.420+00:00,/dev/cu.usbserial-58870138231,"RX,1594867,R35,TXA,N01,305,307627,B,0,0.20,0.18,5,F,-102,4.75"
2026-07-13T13:46:56.564+00:00,/dev/cu.usbserial-58870138231,"RX,1595011,R35,TXK,N151,153,307764,C,1,0.81,0.78,5,U,-104,2.50"
2026-07-13T13:46:57.176+00:00,/dev/cu.usbserial-58870138231,"RX,1595623,R35,TXC,N31,75,308385,G,0,0.93,0.90,5,U,-103,3.75"
2026-07-13T13:46:57.424+00:00,/dev/cu.usbserial-58870138231,"RX,1595867,R35,TXA,N01,306,308627,C,1,0.81,0.78,5,F,-102,4.25"
2026-07-13T13:46:58.171+00:00,/dev/cu.usbserial-58870138231,"RX,1596618,R35,TXE,N61,150,309383,E,1,0.87,0.84,5,U,-104,2.75"
2026-07-13T13:46:58.277+00:00,/dev/cu.usbserial-58870138231,"RX,1596724,R35,TXI,N121,75,309482,G,0,0.93,0.90,5,U,-105,3.50"
2026-07-13T13:46:58.420+00:00,/dev/cu.usbserial-58870138231,"RX,1596867,R35,TXA,N01,307,309627,D,1,0.24,0.22,5,F,-103,4.50"
2026-07-13T13:46:58.564+00:00,/dev/cu.usbserial-58870138231,"RX,1597011,R35,TXK,N151,154,309764,E,0,0.87,0.84,5,U,-105,1.75"
2026-07-13T13:46:59.420+00:00,/dev/cu.usbserial-58870138231,"RX,1597867,R35,TXA,N01,308,310627,E,0,0.87,0.84,5,F,-102,5.50"
2026-07-13T13:46:59.688+00:00,/dev/cu.usbserial-58870138231,"RX,1598135,R35,TXB,N16,153,310894,C,1,0.81,0.78,5,U,-108,-6.00"
2026-07-13T13:47:00.171+00:00,/dev/cu.usbserial-58870138231,"RX,1598618,R35,TXE,N61,151,311383,G,0,0.93,0.90,5,U,-105,0.50"
2026-07-13T13:47:00.420+00:00,/dev/cu.usbserial-58870138231,"RX,1598867,R35,TXA,N01,309,311627,F,1,0.28,0.26,5,F,-103,4.50"
2026-07-13T13:47:00.564+00:00,/dev/cu.usbserial-58870138231,"RX,1599011,R35,TXK,N151,155,311764,G,1,0.93,0.90,5,U,-104,2.50"
2026-07-13T13:47:00.918+00:00,/dev/cu.usbserial-58870138231,"RX,1599365,R35,TXF,N76,76,312131,E,0,0.87,0.84,5,U,-106,0.25"
2026-07-13T13:47:01.223+00:00,/dev/cu.usbserial-58870138231,"RX,1599670,R35,TXD,N46,38,312431,G,1,0.93,0.90,5,U,-105,3.00"
2026-07-13T13:47:01.420+00:00,/dev/cu.usbserial-58870138231,"RX,1599867,R35,TXA,N01,310,312627,G,1,0.93,0.90,5,F,-103,4.25"
2026-07-13T13:47:01.869+00:00,/dev/cu.usbserial-58870138231,"RX,1600315,R35,TXG,N91,37,313081,G,0,0.93,0.90,5,U,-106,0.25"
2026-07-13T13:47:02.171+00:00,/dev/cu.usbserial-58870138231,"RX,1600618,R35,TXE,N61,152,313383,A,1,0.75,0.72,5,U,-105,2.00"
2026-07-13T13:47:02.420+00:00,/dev/cu.usbserial-58870138231,"RX,1600867,R35,TXA,N01,311,313627,H,0,0.32,0.30,5,F,-103,4.00"
2026-07-13T13:47:02.564+00:00,/dev/cu.usbserial-58870138231,"RX,1601011,R35,TXK,N151,156,313764,A,1,0.75,0.72,5,U,-105,2.25"
2026-07-13T13:47:02.918+00:00,/dev/cu.usbserial-58870138231,"RX,1601365,R35,TXF,N76,77,314131,G,1,0.93,0.90,5,U,-107,0.25"
2026-07-13T13:47:03.077+00:00,/dev/cu.usbserial-58870138231,"RX,1601523,R35,TXJ,N136,37,314281,G,0,0.93,0.90,5,U,-101,5.75"
2026-07-13T13:47:03.176+00:00,/dev/cu.usbserial-58870138231,"RX,1601623,R35,TXC,N31,76,314385,E,0,0.87,0.84,5,U,-103,3.75"
2026-07-13T13:47:04.277+00:00,/dev/cu.usbserial-58870138231,"RX,1602724,R35,TXI,N121,76,315482,E,0,0.87,0.84,5,U,-105,2.25"
2026-07-13T13:47:04.420+00:00,/dev/cu.usbserial-58870138231,"RX,1602867,R35,TXA,N01,313,315627,B,1,0.20,0.18,5,F,-102,4.50"
2026-07-13T13:47:05.176+00:00,/dev/cu.usbserial-58870138231,"RX,1603622,R35,TXC,N31,77,316385,G,1,0.93,0.90,5,U,-103,4.25"
2026-07-13T13:47:05.420+00:00,/dev/cu.usbserial-58870138231,"RX,1603867,R35,TXA,N01,314,316627,C,0,0.81,0.78,5,F,-103,4.00"
2026-07-13T13:47:06.171+00:00,/dev/cu.usbserial-58870138231,"RX,1604618,R35,TXE,N61,154,317383,E,0,0.87,0.84,5,U,-105,2.50"
2026-07-13T13:47:06.277+00:00,/dev/cu.usbserial-58870138231,"RX,1604724,R35,TXI,N121,77,317482,G,1,0.93,0.90,5,U,-105,2.25"
2026-07-13T13:47:06.423+00:00,/dev/cu.usbserial-58870138231,"RX,1604867,R35,TXA,N01,315,317627,D,1,0.24,0.22,5,F,-101,1.25"
2026-07-13T13:47:06.564+00:00,/dev/cu.usbserial-58870138231,"RX,1605011,R35,TXK,N151,158,317764,E,1,0.87,0.84,5,U,-104,2.00"
2026-07-13T13:47:07.420+00:00,/dev/cu.usbserial-58870138231,"RX,1605867,R35,TXA,N01,316,318627,E,1,0.87,0.84,5,F,-103,4.50"
2026-07-13T13:47:08.172+00:00,/dev/cu.usbserial-58870138231,"RX,1606618,R35,TXE,N61,155,319383,G,1,0.93,0.90,5,U,-105,2.25"
2026-07-13T13:47:08.420+00:00,/dev/cu.usbserial-58870138231,"RX,1606867,R35,TXA,N01,317,319627,F,0,0.28,0.26,5,F,-103,4.00"
2026-07-13T13:47:08.564+00:00,/dev/cu.usbserial-58870138231,"RX,1607011,R35,TXK,N151,159,319764,G,1,0.93,0.90,5,U,-105,1.75"
2026-07-13T13:47:08.918+00:00,/dev/cu.usbserial-58870138231,"RX,1607365,R35,TXF,N76,78,320131,E,1,0.87,0.84,5,U,-106,0.00"
2026-07-13T13:47:09.420+00:00,/dev/cu.usbserial-58870138231,"RX,1607867,R35,TXA,N01,318,320627,G,1,0.93,0.90,5,F,-102,4.25"
2026-07-13T13:47:09.869+00:00,/dev/cu.usbserial-58870138231,"RX,1608315,R35,TXG,N91,38,321081,G,1,0.93,0.90,5,U,-106,0.50"
2026-07-13T13:47:10.171+00:00,/dev/cu.usbserial-58870138231,"RX,1608618,R35,TXE,N61,156,321383,A,1,0.75,0.72,5,U,-105,2.00"
2026-07-13T13:47:10.420+00:00,/dev/cu.usbserial-58870138231,"RX,1608867,R35,TXA,N01,319,321627,H,1,0.32,0.30,5,F,-102,4.50"
2026-07-13T13:47:10.564+00:00,/dev/cu.usbserial-58870138231,"RX,1609011,R35,TXK,N151,160,321764,A,1,0.75,0.72,5,U,-105,2.50"
2026-07-13T13:47:10.918+00:00,/dev/cu.usbserial-58870138231,"RX,1609365,R35,TXF,N76,79,322131,G,1,0.93,0.90,5,U,-106,0.50"
2026-07-13T13:47:11.077+00:00,/dev/cu.usbserial-58870138231,"RX,1609523,R35,TXJ,N136,38,322281,G,1,0.93,0.90,5,U,-102,5.75"
2026-07-13T13:47:11.176+00:00,/dev/cu.usbserial-58870138231,"RX,1609622,R35,TXC,N31,78,322385,E,1,0.87,0.84,5,U,-103,4.00"
2026-07-13T13:47:11.420+00:00,/dev/cu.usbserial-58870138231,"RX,1609867,R35,TXA,N01,320,322627,A,1,0.75,0.72,5,F,-103,5.00"
2026-07-13T13:47:12.171+00:00,/dev/cu.usbserial-58870138231,"RX,1610618,R35,TXE,N61,157,323383,C,0,0.81,0.78,5,U,-104,2.75"
2026-07-13T13:47:12.277+00:00,/dev/cu.usbserial-58870138231,"RX,1610724,R35,TXI,N121,78,323482,E,1,0.87,0.84,5,U,-104,2.75"
2026-07-13T13:47:12.420+00:00,/dev/cu.usbserial-58870138231,"RX,1610867,R35,TXA,N01,321,323627,B,0,0.20,0.18,5,F,-102,4.00"
2026-07-13T13:47:12.564+00:00,/dev/cu.usbserial-58870138231,"RX,1611011,R35,TXK,N151,161,323764,C,1,0.81,0.78,5,U,-104,1.75"
2026-07-13T13:47:13.176+00:00,/dev/cu.usbserial-58870138231,"RX,1611622,R35,TXC,N31,79,324385,G,1,0.93,0.90,5,U,-103,3.75"
2026-07-13T13:47:13.420+00:00,/dev/cu.usbserial-58870138231,"RX,1611867,R35,TXA,N01,322,324627,C,1,0.81,0.78,5,F,-103,4.50"
2026-07-13T13:47:14.172+00:00,/dev/cu.usbserial-58870138231,"RX,1612618,R35,TXE,N61,158,325383,E,1,0.87,0.84,5,U,-105,2.25"
2026-07-13T13:47:14.277+00:00,/dev/cu.usbserial-58870138231,"RX,1612724,R35,TXI,N121,79,325482,G,1,0.93,0.90,5,U,-104,3.00"
2026-07-13T13:47:14.420+00:00,/dev/cu.usbserial-58870138231,"RX,1612867,R35,TXA,N01,323,325627,D,1,0.24,0.22,5,F,-103,4.50"
2026-07-13T13:47:14.564+00:00,/dev/cu.usbserial-58870138231,"RX,1613011,R35,TXK,N151,162,325764,E,0,0.87,0.84,5,U,-104,2.75"
2026-07-13T13:47:15.420+00:00,/dev/cu.usbserial-58870138231,"RX,1613867,R35,TXA,N01,324,326627,E,0,0.87,0.84,5,F,-103,3.25"
2026-07-13T13:47:16.172+00:00,/dev/cu.usbserial-58870138231,"RX,1614618,R35,TXE,N61,159,327383,G,1,0.93,0.90,5,U,-104,2.50"
2026-07-13T13:47:16.420+00:00,/dev/cu.usbserial-58870138231,"RX,1614867,R35,TXA,N01,325,327627,F,1,0.28,0.26,5,F,-103,4.00"
2026-07-13T13:47:16.530+00:00,/dev/cu.usbserial-58870138231,"RX,1614977,R35,TXH,N106,20,327743,G,1,0.93,0.90,5,U,-99,3.75"
2026-07-13T13:47:16.712+00:00,/dev/cu.usbserial-58870138231,"RX,1615158,R35,TXL,N166,20,327917,G,1,0.93,0.90,5,U,-101,5.25"
2026-07-13T13:47:16.918+00:00,/dev/cu.usbserial-58870138231,"RX,1615365,R35,TXF,N76,80,328131,E,0,0.87,0.84,5,U,-107,-0.75"
2026-07-13T13:47:17.223+00:00,/dev/cu.usbserial-58870138231,"RX,1615670,R35,TXD,N46,40,328431,G,1,0.93,0.90,5,U,-104,3.00"
2026-07-13T13:47:17.420+00:00,/dev/cu.usbserial-58870138231,"RX,1615867,R35,TXA,N01,326,328627,G,1,0.93,0.90,5,F,-102,4.25"
2026-07-13T13:47:17.869+00:00,/dev/cu.usbserial-58870138231,"RX,1616315,R35,TXG,N91,39,329081,G,1,0.93,0.90,5,U,-105,0.75"
2026-07-13T13:47:18.171+00:00,/dev/cu.usbserial-58870138231,"RX,1616618,R35,TXE,N61,160,329383,A,1,0.75,0.72,5,U,-105,2.50"
2026-07-13T13:47:18.420+00:00,/dev/cu.usbserial-58870138231,"RX,1616867,R35,TXA,N01,327,329627,H,0,0.32,0.30,5,F,-103,4.25"
2026-07-13T13:47:18.564+00:00,/dev/cu.usbserial-58870138231,"RX,1617011,R35,TXK,N151,164,329764,A,1,0.75,0.72,5,U,-105,2.00"
2026-07-13T13:47:18.918+00:00,/dev/cu.usbserial-58870138231,"RX,1617364,R35,TXF,N76,81,330131,G,1,0.93,0.90,5,U,-106,0.25"
2026-07-13T13:47:19.077+00:00,/dev/cu.usbserial-58870138231,"RX,1617523,R35,TXJ,N136,39,330281,G,1,0.93,0.90,5,U,-101,5.25"
2026-07-13T13:47:19.176+00:00,/dev/cu.usbserial-58870138231,"RX,1617622,R35,TXC,N31,80,330385,E,0,0.87,0.84,5,U,-103,4.00"
2026-07-13T13:47:19.420+00:00,/dev/cu.usbserial-58870138231,"RX,1617867,R35,TXA,N01,328,330627,A,1,0.75,0.72,5,F,-103,4.25"
2026-07-13T13:47:20.171+00:00,/dev/cu.usbserial-58870138231,"RX,1618618,R35,TXE,N61,161,331383,C,1,0.81,0.78,5,U,-104,2.00"
2026-07-13T13:47:20.277+00:00,/dev/cu.usbserial-58870138231,"RX,1618724,R35,TXI,N121,80,331482,E,0,0.87,0.84,5,U,-104,3.25"
2026-07-13T13:47:20.420+00:00,/dev/cu.usbserial-58870138231,"RX,1618867,R35,TXA,N01,329,331627,B,1,0.20,0.18,5,F,-102,4.50"
2026-07-13T13:47:20.564+00:00,/dev/cu.usbserial-58870138231,"RX,1619011,R35,TXK,N151,165,331764,C,0,0.81,0.78,5,U,-104,2.25"
2026-07-13T13:47:21.176+00:00,/dev/cu.usbserial-58870138231,"RX,1619622,R35,TXC,N31,81,332385,G,1,0.93,0.90,5,U,-104,3.75"
2026-07-13T13:47:21.420+00:00,/dev/cu.usbserial-58870138231,"RX,1619867,R35,TXA,N01,330,332627,C,0,0.81,0.78,5,F,-102,4.50"
2026-07-13T13:47:22.171+00:00,/dev/cu.usbserial-58870138231,"RX,1620618,R35,TXE,N61,162,333383,E,0,0.87,0.84,5,U,-105,2.25"
2026-07-13T13:47:22.277+00:00,/dev/cu.usbserial-58870138231,"RX,1620724,R35,TXI,N121,81,333482,G,1,0.93,0.90,5,U,-103,2.00"
2026-07-13T13:47:22.420+00:00,/dev/cu.usbserial-58870138231,"RX,1620867,R35,TXA,N01,331,333627,D,1,0.24,0.22,5,F,-102,4.00"
2026-07-13T13:47:22.564+00:00,/dev/cu.usbserial-58870138231,"RX,1621011,R35,TXK,N151,166,333764,E,1,0.87,0.84,5,U,-104,2.50"
2026-07-13T13:47:23.420+00:00,/dev/cu.usbserial-58870138231,"RX,1621867,R35,TXA,N01,332,334627,E,1,0.87,0.84,5,F,-103,4.75"
2026-07-13T13:47:24.172+00:00,/dev/cu.usbserial-58870138231,"RX,1622618,R35,TXE,N61,163,335383,G,1,0.93,0.90,5,U,-104,2.75"
2026-07-13T13:47:24.420+00:00,/dev/cu.usbserial-58870138231,"RX,1622867,R35,TXA,N01,333,335627,F,0,0.28,0.26,5,F,-104,3.75"
2026-07-13T13:47:24.531+00:00,/dev/cu.usbserial-58870138231,"RX,1622977,R35,TXH,N106,21,335743,G,1,0.93,0.90,5,U,-96,5.25"
2026-07-13T13:47:24.712+00:00,/dev/cu.usbserial-58870138231,"RX,1623158,R35,TXL,N166,21,335917,G,1,0.93,0.90,5,U,-102,4.75"
2026-07-13T13:47:24.918+00:00,/dev/cu.usbserial-58870138231,"RX,1623364,R35,TXF,N76,82,336131,E,1,0.87,0.84,5,U,-106,0.75"
2026-07-13T13:47:25.223+00:00,/dev/cu.usbserial-58870138231,"RX,1623669,R35,TXD,N46,41,336431,G,1,0.93,0.90,5,U,-104,3.25"
2026-07-13T13:47:25.420+00:00,/dev/cu.usbserial-58870138231,"RX,1623867,R35,TXA,N01,334,336627,G,1,0.93,0.90,5,F,-103,4.75"
2026-07-13T13:47:25.869+00:00,/dev/cu.usbserial-58870138231,"RX,1624315,R35,TXG,N91,40,337081,G,1,0.93,0.90,5,U,-106,0.25"
2026-07-13T13:47:26.171+00:00,/dev/cu.usbserial-58870138231,"RX,1624618,R35,TXE,N61,164,337383,A,1,0.75,0.72,5,U,-104,2.50"
2026-07-13T13:47:26.420+00:00,/dev/cu.usbserial-58870138231,"RX,1624867,R35,TXA,N01,335,337627,H,1,0.32,0.30,5,F,-103,4.50"
2026-07-13T13:47:26.564+00:00,/dev/cu.usbserial-58870138231,"RX,1625011,R35,TXK,N151,168,337764,A,0,0.75,0.72,5,U,-105,2.00"
2026-07-13T13:47:26.918+00:00,/dev/cu.usbserial-58870138231,"RX,1625364,R35,TXF,N76,83,338131,G,1,0.93,0.90,5,U,-106,0.00"
2026-07-13T13:47:27.076+00:00,/dev/cu.usbserial-58870138231,"RX,1625523,R35,TXJ,N136,40,338281,G,1,0.93,0.90,5,U,-101,5.50"
2026-07-13T13:47:27.176+00:00,/dev/cu.usbserial-58870138231,"RX,1625622,R35,TXC,N31,82,338385,E,1,0.87,0.84,5,U,-103,4.50"
2026-07-13T13:47:27.422+00:00,/dev/cu.usbserial-58870138231,"RX,1625867,R35,TXA,N01,336,338627,A,0,0.75,0.72,5,F,-103,4.25"
2026-07-13T13:47:28.171+00:00,/dev/cu.usbserial-58870138231,"RX,1626618,R35,TXE,N61,165,339383,C,0,0.81,0.78,5,U,-103,3.50"
2026-07-13T13:47:28.277+00:00,/dev/cu.usbserial-58870138231,"RX,1626723,R35,TXI,N121,82,339482,E,1,0.87,0.84,5,U,-103,3.75"
2026-07-13T13:47:28.420+00:00,/dev/cu.usbserial-58870138231,"RX,1626867,R35,TXA,N01,337,339627,B,1,0.20,0.18,5,F,-102,4.75"
2026-07-13T13:47:28.564+00:00,/dev/cu.usbserial-58870138231,"RX,1627011,R35,TXK,N151,169,339764,C,1,0.81,0.78,5,U,-103,3.50"
2026-07-13T13:47:29.176+00:00,/dev/cu.usbserial-58870138231,"RX,1627622,R35,TXC,N31,83,340385,G,1,0.93,0.90,5,U,-103,4.00"
2026-07-13T13:47:29.420+00:00,/dev/cu.usbserial-58870138231,"RX,1627866,R35,TXA,N01,338,340627,C,1,0.81,0.78,5,F,-102,4.50"
2026-07-13T13:47:29.688+00:00,/dev/cu.usbserial-58870138231,"RX,1628134,R35,TXB,N16,168,340894,A,0,0.75,0.72,5,U,-109,-9.00"
2026-07-13T13:47:30.171+00:00,/dev/cu.usbserial-58870138231,"RX,1628618,R35,TXE,N61,166,341383,E,1,0.87,0.84,5,U,-104,3.25"
2026-07-13T13:47:30.277+00:00,/dev/cu.usbserial-58870138231,"RX,1628723,R35,TXI,N121,83,341482,G,1,0.93,0.90,5,U,-104,3.50"
2026-07-13T13:47:30.421+00:00,/dev/cu.usbserial-58870138231,"RX,1628867,R35,TXA,N01,339,341627,D,0,0.24,0.22,5,F,-103,4.50"
2026-07-13T13:47:30.564+00:00,/dev/cu.usbserial-58870138231,"RX,1629011,R35,TXK,N151,170,341764,E,1,0.87,0.84,5,U,-104,3.00"
2026-07-13T13:47:31.420+00:00,/dev/cu.usbserial-58870138231,"RX,1629867,R35,TXA,N01,340,342627,E,1,0.87,0.84,5,F,-103,4.00"
2026-07-13T13:47:32.172+00:00,/dev/cu.usbserial-58870138231,"RX,1630618,R35,TXE,N61,167,343383,G,1,0.93,0.90,5,U,-104,2.25"
2026-07-13T13:47:32.420+00:00,/dev/cu.usbserial-58870138231,"RX,1630866,R35,TXA,N01,341,343627,F,1,0.28,0.26,5,F,-103,4.25"
2026-07-13T13:47:32.530+00:00,/dev/cu.usbserial-58870138231,"RX,1630977,R35,TXH,N106,22,343743,G,0,0.93,0.90,5,U,-98,5.00"
2026-07-13T13:47:32.712+00:00,/dev/cu.usbserial-58870138231,"RX,1631158,R35,TXL,N166,22,343917,G,0,0.93,0.90,5,U,-103,4.25"
2026-07-13T13:47:32.918+00:00,/dev/cu.usbserial-58870138231,"RX,1631364,R35,TXF,N76,84,344131,E,1,0.87,0.84,5,U,-106,1.00"
2026-07-13T13:47:33.223+00:00,/dev/cu.usbserial-58870138231,"RX,1631669,R35,TXD,N46,42,344431,G,0,0.93,0.90,5,U,-105,1.25"
2026-07-13T13:47:33.421+00:00,/dev/cu.usbserial-58870138231,"RX,1631866,R35,TXA,N01,342,344627,G,0,0.93,0.90,5,F,-103,4.50"
2026-07-13T13:47:33.869+00:00,/dev/cu.usbserial-58870138231,"RX,1632315,R35,TXG,N91,41,345081,G,1,0.93,0.90,5,U,-106,-0.25"
2026-07-13T13:47:34.171+00:00,/dev/cu.usbserial-58870138231,"RX,1632618,R35,TXE,N61,168,345383,A,0,0.75,0.72,5,U,-104,2.25"
2026-07-13T13:47:34.420+00:00,/dev/cu.usbserial-58870138231,"RX,1632867,R35,TXA,N01,343,345627,H,1,0.32,0.30,5,F,-103,4.50"
2026-07-13T13:47:34.564+00:00,/dev/cu.usbserial-58870138231,"RX,1633011,R35,TXK,N151,172,345764,A,1,0.75,0.72,5,U,-105,2.25"
2026-07-13T13:47:34.920+00:00,/dev/cu.usbserial-58870138231,"RX,1633364,R35,TXF,N76,85,346131,G,0,0.93,0.90,5,U,-106,0.50"
2026-07-13T13:47:35.076+00:00,/dev/cu.usbserial-58870138231,"RX,1633523,R35,TXJ,N136,41,346281,G,1,0.93,0.90,5,U,-101,5.75"
2026-07-13T13:47:35.176+00:00,/dev/cu.usbserial-58870138231,"RX,1633622,R35,TXC,N31,84,346385,E,1,0.87,0.84,5,U,-103,4.25"
2026-07-13T13:47:35.420+00:00,/dev/cu.usbserial-58870138231,"RX,1633866,R35,TXA,N01,344,346627,A,1,0.75,0.72,5,F,-103,4.25"
2026-07-13T13:47:36.171+00:00,/dev/cu.usbserial-58870138231,"RX,1634618,R35,TXE,N61,169,347383,C,1,0.81,0.78,5,U,-105,1.50"
2026-07-13T13:47:36.277+00:00,/dev/cu.usbserial-58870138231,"RX,1634723,R35,TXI,N121,84,347482,E,1,0.87,0.84,5,U,-104,2.75"
2026-07-13T13:47:36.420+00:00,/dev/cu.usbserial-58870138231,"RX,1634866,R35,TXA,N01,345,347627,B,0,0.20,0.18,5,F,-103,4.50"
2026-07-13T13:47:36.564+00:00,/dev/cu.usbserial-58870138231,"RX,1635011,R35,TXK,N151,173,347764,C,1,0.81,0.78,5,U,-104,2.50"
2026-07-13T13:47:37.175+00:00,/dev/cu.usbserial-58870138231,"RX,1635622,R35,TXC,N31,85,348385,G,0,0.93,0.90,5,U,-103,4.75"
2026-07-13T13:47:37.420+00:00,/dev/cu.usbserial-58870138231,"RX,1635866,R35,TXA,N01,346,348627,C,1,0.81,0.78,5,F,-103,4.50"
2026-07-13T13:47:38.171+00:00,/dev/cu.usbserial-58870138231,"RX,1636618,R35,TXE,N61,170,349383,E,1,0.87,0.84,5,U,-104,2.50"
2026-07-13T13:47:38.277+00:00,/dev/cu.usbserial-58870138231,"RX,1636723,R35,TXI,N121,85,349482,G,0,0.93,0.90,5,U,-104,3.50"
2026-07-13T13:47:38.420+00:00,/dev/cu.usbserial-58870138231,"RX,1636866,R35,TXA,N01,347,349627,D,1,0.24,0.22,5,F,-102,4.25"
2026-07-13T13:47:38.564+00:00,/dev/cu.usbserial-58870138231,"RX,1637011,R35,TXK,N151,174,349764,E,0,0.87,0.84,5,U,-105,1.50"
2026-07-13T13:47:39.420+00:00,/dev/cu.usbserial-58870138231,"RX,1637866,R35,TXA,N01,348,350627,E,0,0.87,0.84,5,F,-103,4.00"
2026-07-13T13:47:40.172+00:00,/dev/cu.usbserial-58870138231,"RX,1638618,R35,TXE,N61,171,351383,G,0,0.93,0.90,5,U,-105,1.50"
2026-07-13T13:47:40.420+00:00,/dev/cu.usbserial-58870138231,"RX,1638866,R35,TXA,N01,349,351627,F,1,0.28,0.26,5,F,-103,3.50"
2026-07-13T13:47:40.530+00:00,/dev/cu.usbserial-58870138231,"RX,1638977,R35,TXH,N106,23,351743,G,1,0.93,0.90,5,U,-99,4.00"
2026-07-13T13:47:40.712+00:00,/dev/cu.usbserial-58870138231,"RX,1639158,R35,TXL,N166,23,351917,G,1,0.93,0.90,5,U,-102,5.00"
2026-07-13T13:47:40.918+00:00,/dev/cu.usbserial-58870138231,"RX,1639364,R35,TXF,N76,86,352131,E,0,0.87,0.84,5,U,-106,-1.50"
2026-07-13T13:47:41.223+00:00,/dev/cu.usbserial-58870138231,"RX,1639669,R35,TXD,N46,43,352431,G,1,0.93,0.90,5,U,-107,0.25"
2026-07-13T13:47:41.420+00:00,/dev/cu.usbserial-58870138231,"RX,1639866,R35,TXA,N01,350,352627,G,1,0.93,0.90,5,F,-102,4.50"
2026-07-13T13:47:41.869+00:00,/dev/cu.usbserial-58870138231,"RX,1640315,R35,TXG,N91,42,353081,G,0,0.93,0.90,5,U,-105,1.25"
2026-07-13T13:47:42.171+00:00,/dev/cu.usbserial-58870138231,"RX,1640618,R35,TXE,N61,172,353383,A,1,0.75,0.72,5,U,-104,2.75"
2026-07-13T13:47:42.420+00:00,/dev/cu.usbserial-58870138231,"RX,1640866,R35,TXA,N01,351,353627,H,0,0.32,0.30,5,F,-103,4.75"
2026-07-13T13:47:42.564+00:00,/dev/cu.usbserial-58870138231,"RX,1641011,R35,TXK,N151,176,353764,A,1,0.75,0.72,5,U,-104,3.25"
2026-07-13T13:47:42.918+00:00,/dev/cu.usbserial-58870138231,"RX,1641364,R35,TXF,N76,87,354131,G,1,0.93,0.90,5,U,-106,0.75"
2026-07-13T13:47:43.077+00:00,/dev/cu.usbserial-58870138231,"RX,1641523,R35,TXJ,N136,42,354281,G,0,0.93,0.90,5,U,-101,5.50"
2026-07-13T13:47:43.176+00:00,/dev/cu.usbserial-58870138231,"RX,1641622,R35,TXC,N31,86,354385,E,0,0.87,0.84,5,U,-103,3.75"
2026-07-13T13:47:43.420+00:00,/dev/cu.usbserial-58870138231,"RX,1641866,R35,TXA,N01,352,354627,A,1,0.75,0.72,5,F,-103,4.50"
2026-07-13T13:47:44.172+00:00,/dev/cu.usbserial-58870138231,"RX,1642618,R35,TXE,N61,173,355383,C,1,0.81,0.78,5,U,-104,3.25"
2026-07-13T13:47:44.277+00:00,/dev/cu.usbserial-58870138231,"RX,1642723,R35,TXI,N121,86,355482,E,0,0.87,0.84,5,U,-103,3.75"
2026-07-13T13:47:44.420+00:00,/dev/cu.usbserial-58870138231,"RX,1642866,R35,TXA,N01,353,355627,B,1,0.20,0.18,5,F,-102,4.50"
2026-07-13T13:47:44.564+00:00,/dev/cu.usbserial-58870138231,"RX,1643011,R35,TXK,N151,177,355764,C,0,0.81,0.78,5,U,-103,3.00"
2026-07-13T13:47:45.176+00:00,/dev/cu.usbserial-58870138231,"RX,1643622,R35,TXC,N31,87,356385,G,1,0.93,0.90,5,U,-103,4.00"
2026-07-13T13:47:45.420+00:00,/dev/cu.usbserial-58870138231,"RX,1643866,R35,TXA,N01,354,356627,C,0,0.81,0.78,5,F,-102,4.25"
2026-07-13T13:47:46.171+00:00,/dev/cu.usbserial-58870138231,"RX,1644618,R35,TXE,N61,174,357383,E,0,0.87,0.84,5,U,-103,2.50"
2026-07-13T13:47:46.277+00:00,/dev/cu.usbserial-58870138231,"RX,1644723,R35,TXI,N121,87,357482,G,1,0.93,0.90,5,U,-103,3.50"
2026-07-13T13:47:46.420+00:00,/dev/cu.usbserial-58870138231,"RX,1644866,R35,TXA,N01,355,357627,D,1,0.24,0.22,5,F,-102,4.25"
2026-07-13T13:47:46.564+00:00,/dev/cu.usbserial-58870138231,"RX,1645010,R35,TXK,N151,178,357764,E,1,0.87,0.84,5,U,-104,2.75"
2026-07-13T13:47:47.420+00:00,/dev/cu.usbserial-58870138231,"RX,1645866,R35,TXA,N01,356,358627,E,1,0.87,0.84,5,F,-102,4.00"
2026-07-13T13:47:48.172+00:00,/dev/cu.usbserial-58870138231,"RX,1646618,R35,TXE,N61,175,359383,G,1,0.93,0.90,5,U,-104,2.75"
2026-07-13T13:47:48.564+00:00,/dev/cu.usbserial-58870138231,"RX,1647010,R35,TXK,N151,179,359764,G,1,0.93,0.90,5,U,-104,2.25"
2026-07-13T13:47:48.918+00:00,/dev/cu.usbserial-58870138231,"RX,1647364,R35,TXF,N76,88,360131,E,1,0.87,0.84,5,U,-106,-0.75"
2026-07-13T13:47:49.223+00:00,/dev/cu.usbserial-58870138231,"RX,1647669,R35,TXD,N46,44,360431,G,1,0.93,0.90,5,U,-105,1.25"
2026-07-13T13:47:49.420+00:00,/dev/cu.usbserial-58870138231,"RX,1647866,R35,TXA,N01,358,360627,G,1,0.93,0.90,5,F,-102,3.75"
2026-07-13T13:47:49.869+00:00,/dev/cu.usbserial-58870138231,"RX,1648315,R35,TXG,N91,43,361081,G,1,0.93,0.90,5,U,-105,1.25"
2026-07-13T13:47:50.171+00:00,/dev/cu.usbserial-58870138231,"RX,1648617,R35,TXE,N61,176,361383,A,1,0.75,0.72,5,U,-104,2.25"
2026-07-13T13:47:50.420+00:00,/dev/cu.usbserial-58870138231,"RX,1648866,R35,TXA,N01,359,361627,H,1,0.32,0.30,5,F,-103,3.25"
2026-07-13T13:47:50.564+00:00,/dev/cu.usbserial-58870138231,"RX,1649010,R35,TXK,N151,180,361764,A,0,0.75,0.72,5,U,-104,1.75"
2026-07-13T13:47:50.918+00:00,/dev/cu.usbserial-58870138231,"RX,1649364,R35,TXF,N76,89,362131,G,1,0.93,0.90,5,U,-106,-0.75"
2026-07-13T13:47:51.077+00:00,/dev/cu.usbserial-58870138231,"RX,1649523,R35,TXJ,N136,43,362281,G,1,0.93,0.90,5,U,-101,5.75"
2026-07-13T13:47:51.176+00:00,/dev/cu.usbserial-58870138231,"RX,1649622,R35,TXC,N31,88,362385,E,1,0.87,0.84,5,U,-103,4.25"
2026-07-13T13:47:51.420+00:00,/dev/cu.usbserial-58870138231,"RX,1649866,R35,TXA,N01,360,362627,A,0,0.75,0.72,5,F,-102,3.25"
2026-07-13T13:47:52.171+00:00,/dev/cu.usbserial-58870138231,"RX,1650617,R35,TXE,N61,177,363383,C,0,0.81,0.78,5,U,-104,2.75"
2026-07-13T13:47:52.277+00:00,/dev/cu.usbserial-58870138231,"RX,1650723,R35,TXI,N121,88,363482,E,1,0.87,0.84,5,U,-103,3.25"
2026-07-13T13:47:52.420+00:00,/dev/cu.usbserial-58870138231,"RX,1650866,R35,TXA,N01,361,363627,B,1,0.20,0.18,5,F,-102,4.25"
2026-07-13T13:47:52.564+00:00,/dev/cu.usbserial-58870138231,"RX,1651010,R35,TXK,N151,181,363764,C,1,0.81,0.78,5,U,-104,2.50"
2026-07-13T13:47:53.176+00:00,/dev/cu.usbserial-58870138231,"RX,1651622,R35,TXC,N31,89,364385,G,1,0.93,0.90,5,U,-102,4.25"
2026-07-13T13:47:53.420+00:00,/dev/cu.usbserial-58870138231,"RX,1651866,R35,TXA,N01,362,364627,C,1,0.81,0.78,5,F,-103,4.25"
2026-07-13T13:47:54.171+00:00,/dev/cu.usbserial-58870138231,"RX,1652617,R35,TXE,N61,178,365383,E,1,0.87,0.84,5,U,-104,2.50"
2026-07-13T13:47:54.277+00:00,/dev/cu.usbserial-58870138231,"RX,1652723,R35,TXI,N121,89,365482,G,1,0.93,0.90,5,U,-104,3.50"
2026-07-13T13:47:54.420+00:00,/dev/cu.usbserial-58870138231,"RX,1652866,R35,TXA,N01,363,365627,D,0,0.24,0.22,5,F,-102,5.00"
2026-07-13T13:47:54.564+00:00,/dev/cu.usbserial-58870138231,"RX,1653010,R35,TXK,N151,182,365764,E,1,0.87,0.84,5,U,-104,2.75"
2026-07-13T13:47:55.420+00:00,/dev/cu.usbserial-58870138231,"RX,1653866,R35,TXA,N01,364,366627,E,1,0.87,0.84,5,F,-102,4.75"
2026-07-13T13:47:56.172+00:00,/dev/cu.usbserial-58870138231,"RX,1654617,R35,TXE,N61,179,367383,G,1,0.93,0.90,5,U,-104,2.75"
2026-07-13T13:47:56.420+00:00,/dev/cu.usbserial-58870138231,"RX,1654866,R35,TXA,N01,365,367627,F,1,0.28,0.26,5,F,-103,5.00"
2026-07-13T13:47:56.564+00:00,/dev/cu.usbserial-58870138231,"RX,1655010,R35,TXK,N151,183,367764,G,0,0.93,0.90,5,U,-103,3.75"
2026-07-13T13:47:56.918+00:00,/dev/cu.usbserial-58870138231,"RX,1655364,R35,TXF,N76,90,368131,E,1,0.87,0.84,5,U,-106,1.25"
2026-07-13T13:47:57.223+00:00,/dev/cu.usbserial-58870138231,"RX,1655669,R35,TXD,N46,45,368431,G,0,0.93,0.90,5,U,-104,2.50"
2026-07-13T13:47:57.420+00:00,/dev/cu.usbserial-58870138231,"RX,1655866,R35,TXA,N01,366,368627,G,0,0.93,0.90,5,F,-103,4.00"
2026-07-13T13:47:57.869+00:00,/dev/cu.usbserial-58870138231,"RX,1656315,R35,TXG,N91,44,369081,G,1,0.93,0.90,5,U,-105,1.25"
2026-07-13T13:47:58.171+00:00,/dev/cu.usbserial-58870138231,"RX,1656617,R35,TXE,N61,180,369383,A,0,0.75,0.72,5,U,-104,3.50"
2026-07-13T13:47:58.420+00:00,/dev/cu.usbserial-58870138231,"RX,1656866,R35,TXA,N01,367,369627,H,1,0.32,0.30,5,F,-102,4.75"
2026-07-13T13:47:58.564+00:00,/dev/cu.usbserial-58870138231,"RX,1657010,R35,TXK,N151,184,369764,A,1,0.75,0.72,5,U,-104,3.25"
2026-07-13T13:47:58.918+00:00,/dev/cu.usbserial-58870138231,"RX,1657364,R35,TXF,N76,91,370131,G,0,0.93,0.90,5,U,-106,1.25"
2026-07-13T13:47:59.077+00:00,/dev/cu.usbserial-58870138231,"RX,1657523,R35,TXJ,N136,44,370281,G,1,0.93,0.90,5,U,-101,6.75"
2026-07-13T13:47:59.176+00:00,/dev/cu.usbserial-58870138231,"RX,1657621,R35,TXC,N31,90,370385,E,1,0.87,0.84,5,U,-103,5.00"
2026-07-13T13:47:59.420+00:00,/dev/cu.usbserial-58870138231,"RX,1657866,R35,TXA,N01,368,370627,A,1,0.75,0.72,5,F,-102,5.25"
2026-07-13T13:48:00.172+00:00,/dev/cu.usbserial-58870138231,"RX,1658617,R35,TXE,N61,181,371383,C,1,0.81,0.78,5,U,-104,2.75"
2026-07-13T13:48:00.277+00:00,/dev/cu.usbserial-58870138231,"RX,1658723,R35,TXI,N121,90,371482,E,1,0.87,0.84,5,U,-103,4.25"
2026-07-13T13:48:00.420+00:00,/dev/cu.usbserial-58870138231,"RX,1658866,R35,TXA,N01,369,371627,B,0,0.20,0.18,5,F,-102,5.25"
2026-07-13T13:48:00.566+00:00,/dev/cu.usbserial-58870138231,"RX,1659010,R35,TXK,N151,185,371764,C,1,0.81,0.78,5,U,-104,3.75"
2026-07-13T13:48:01.176+00:00,/dev/cu.usbserial-58870138231,"RX,1659621,R35,TXC,N31,91,372385,G,0,0.93,0.90,5,U,-102,4.50"
2026-07-13T13:48:01.420+00:00,/dev/cu.usbserial-58870138231,"RX,1659866,R35,TXA,N01,370,372627,C,1,0.81,0.78,5,F,-103,4.75"
2026-07-13T13:48:02.172+00:00,/dev/cu.usbserial-58870138231,"RX,1660617,R35,TXE,N61,182,373383,E,1,0.87,0.84,5,U,-105,2.75"
2026-07-13T13:48:02.277+00:00,/dev/cu.usbserial-58870138231,"RX,1660723,R35,TXI,N121,91,373482,G,0,0.93,0.90,5,U,-104,3.75"
2026-07-13T13:48:02.420+00:00,/dev/cu.usbserial-58870138231,"RX,1660866,R35,TXA,N01,371,373627,D,1,0.24,0.22,5,F,-102,5.00"
2026-07-13T13:48:02.565+00:00,/dev/cu.usbserial-58870138231,"RX,1661010,R35,TXK,N151,186,373764,E,0,0.87,0.84,5,U,-104,3.00"
2026-07-13T13:48:03.421+00:00,/dev/cu.usbserial-58870138231,"RX,1661866,R35,TXA,N01,372,374627,E,0,0.87,0.84,5,F,-102,4.75"
2026-07-13T13:48:04.172+00:00,/dev/cu.usbserial-58870138231,"RX,1662617,R35,TXE,N61,183,375383,G,0,0.93,0.90,5,U,-105,2.75"
2026-07-13T13:48:04.420+00:00,/dev/cu.usbserial-58870138231,"RX,1662866,R35,TXA,N01,373,375627,F,1,0.28,0.26,5,F,-103,4.75"
2026-07-13T13:48:04.565+00:00,/dev/cu.usbserial-58870138231,"RX,1663010,R35,TXK,N151,187,375764,G,1,0.93,0.90,5,U,-104,2.75"
2026-07-13T13:48:04.918+00:00,/dev/cu.usbserial-58870138231,"RX,1663364,R35,TXF,N76,92,376131,E,0,0.87,0.84,5,U,-106,0.25"
2026-07-13T13:48:05.224+00:00,/dev/cu.usbserial-58870138231,"RX,1663669,R35,TXD,N46,46,376431,G,1,0.93,0.90,5,U,-104,2.75"
2026-07-13T13:48:05.420+00:00,/dev/cu.usbserial-58870138231,"RX,1663866,R35,TXA,N01,374,376627,G,1,0.93,0.90,5,F,-102,5.25"
2026-07-13T13:48:05.869+00:00,/dev/cu.usbserial-58870138231,"RX,1664315,R35,TXG,N91,45,377081,G,0,0.93,0.90,5,U,-105,2.00"
2026-07-13T13:48:06.172+00:00,/dev/cu.usbserial-58870138231,"RX,1664617,R35,TXE,N61,184,377383,A,1,0.75,0.72,5,U,-104,3.00"
2026-07-13T13:48:06.421+00:00,/dev/cu.usbserial-58870138231,"RX,1664866,R35,TXA,N01,375,377627,H,0,0.32,0.30,5,F,-103,4.25"
2026-07-13T13:48:06.564+00:00,/dev/cu.usbserial-58870138231,"RX,1665010,R35,TXK,N151,188,377764,A,1,0.75,0.72,5,U,-104,3.00"
2026-07-13T13:48:06.918+00:00,/dev/cu.usbserial-58870138231,"RX,1665364,R35,TXF,N76,93,378131,G,1,0.93,0.90,5,U,-107,0.75"
2026-07-13T13:48:07.077+00:00,/dev/cu.usbserial-58870138231,"RX,1665522,R35,TXJ,N136,45,378281,G,0,0.93,0.90,5,U,-101,5.75"
2026-07-13T13:48:07.176+00:00,/dev/cu.usbserial-58870138231,"RX,1665621,R35,TXC,N31,92,378385,E,0,0.87,0.84,5,U,-103,4.75"
2026-07-13T13:48:07.420+00:00,/dev/cu.usbserial-58870138231,"RX,1665866,R35,TXA,N01,376,378627,A,1,0.75,0.72,5,F,-103,4.50"
2026-07-13T13:48:08.171+00:00,/dev/cu.usbserial-58870138231,"RX,1666617,R35,TXE,N61,185,379383,C,1,0.81,0.78,5,U,-104,3.25"
2026-07-13T13:48:08.277+00:00,/dev/cu.usbserial-58870138231,"RX,1666723,R35,TXI,N121,92,379482,E,0,0.87,0.84,5,U,-104,3.75"
2026-07-13T13:48:08.420+00:00,/dev/cu.usbserial-58870138231,"RX,1666866,R35,TXA,N01,377,379627,B,1,0.20,0.18,5,F,-103,4.50"
2026-07-13T13:48:08.565+00:00,/dev/cu.usbserial-58870138231,"RX,1667010,R35,TXK,N151,189,379764,C,0,0.81,0.78,5,U,-104,3.50"
2026-07-13T13:48:09.176+00:00,/dev/cu.usbserial-58870138231,"RX,1667621,R35,TXC,N31,93,380385,G,1,0.93,0.90,5,U,-103,5.00"
2026-07-13T13:48:09.421+00:00,/dev/cu.usbserial-58870138231,"RX,1667866,R35,TXA,N01,378,380627,C,0,0.81,0.78,5,F,-102,4.50"
2026-07-13T13:48:10.174+00:00,/dev/cu.usbserial-58870138231,"RX,1668617,R35,TXE,N61,186,381383,E,0,0.87,0.84,5,U,-104,3.25"
2026-07-13T13:48:10.277+00:00,/dev/cu.usbserial-58870138231,"RX,1668723,R35,TXI,N121,93,381482,G,1,0.93,0.90,5,U,-103,3.25"
2026-07-13T13:48:10.420+00:00,/dev/cu.usbserial-58870138231,"RX,1668866,R35,TXA,N01,379,381627,D,1,0.24,0.22,5,F,-102,4.75"
2026-07-13T13:48:10.565+00:00,/dev/cu.usbserial-58870138231,"RX,1669010,R35,TXK,N151,190,381764,E,1,0.87,0.84,5,U,-104,3.50"
2026-07-13T13:48:11.420+00:00,/dev/cu.usbserial-58870138231,"RX,1669866,R35,TXA,N01,380,382627,E,1,0.87,0.84,5,F,-103,4.75"
2026-07-13T13:48:12.172+00:00,/dev/cu.usbserial-58870138231,"RX,1670617,R35,TXE,N61,187,383383,G,1,0.93,0.90,5,U,-104,3.25"
2026-07-13T13:48:12.420+00:00,/dev/cu.usbserial-58870138231,"RX,1670866,R35,TXA,N01,381,383627,F,0,0.28,0.26,5,F,-103,5.00"
2026-07-13T13:48:12.564+00:00,/dev/cu.usbserial-58870138231,"RX,1671010,R35,TXK,N151,191,383764,G,1,0.93,0.90,5,U,-104,3.00"
2026-07-13T13:48:12.918+00:00,/dev/cu.usbserial-58870138231,"RX,1671364,R35,TXF,N76,94,384131,E,1,0.87,0.84,5,U,-106,0.50"
2026-07-13T13:48:13.223+00:00,/dev/cu.usbserial-58870138231,"RX,1671669,R35,TXD,N46,47,384431,G,1,0.93,0.90,5,U,-105,2.00"
2026-07-13T13:48:13.421+00:00,/dev/cu.usbserial-58870138231,"RX,1671866,R35,TXA,N01,382,384627,G,1,0.93,0.90,5,F,-102,5.25"
2026-07-13T13:48:13.869+00:00,/dev/cu.usbserial-58870138231,"RX,1672314,R35,TXG,N91,46,385081,G,1,0.93,0.90,5,U,-106,0.50"
2026-07-13T13:48:14.172+00:00,/dev/cu.usbserial-58870138231,"RX,1672617,R35,TXE,N61,188,385383,A,1,0.75,0.72,5,U,-105,2.75"
2026-07-13T13:48:14.420+00:00,/dev/cu.usbserial-58870138231,"RX,1672866,R35,TXA,N01,383,385627,H,1,0.32,0.30,5,F,-102,5.00"
2026-07-13T13:48:14.565+00:00,/dev/cu.usbserial-58870138231,"RX,1673010,R35,TXK,N151,192,385764,A,1,0.75,0.72,5,U,-104,3.25"
2026-07-13T13:48:14.918+00:00,/dev/cu.usbserial-58870138231,"RX,1673363,R35,TXF,N76,95,386131,G,1,0.93,0.90,5,U,-106,1.00"
2026-07-13T13:48:15.077+00:00,/dev/cu.usbserial-58870138231,"RX,1673522,R35,TXJ,N136,46,386281,G,1,0.93,0.90,5,U,-101,6.50"
2026-07-13T13:48:15.176+00:00,/dev/cu.usbserial-58870138231,"RX,1673621,R35,TXC,N31,94,386385,E,1,0.87,0.84,5,U,-102,5.00"
2026-07-13T13:48:15.420+00:00,/dev/cu.usbserial-58870138231,"RX,1673866,R35,TXA,N01,384,386627,A,1,0.75,0.72,5,F,-103,4.50"
2026-07-13T13:48:16.172+00:00,/dev/cu.usbserial-58870138231,"RX,1674617,R35,TXE,N61,189,387383,C,0,0.81,0.78,5,U,-104,2.75"
2026-07-13T13:48:16.277+00:00,/dev/cu.usbserial-58870138231,"RX,1674723,R35,TXI,N121,94,387482,E,1,0.87,0.84,5,U,-104,3.50"
2026-07-13T13:48:16.420+00:00,/dev/cu.usbserial-58870138231,"RX,1674866,R35,TXA,N01,385,387627,B,0,0.20,0.18,5,F,-102,4.50"
2026-07-13T13:48:16.564+00:00,/dev/cu.usbserial-58870138231,"RX,1675010,R35,TXK,N151,193,387764,C,1,0.81,0.78,5,U,-104,2.75"
2026-07-13T13:48:17.176+00:00,/dev/cu.usbserial-58870138231,"RX,1675621,R35,TXC,N31,95,388385,G,1,0.93,0.90,5,U,-103,5.00"
2026-07-13T13:48:17.420+00:00,/dev/cu.usbserial-58870138231,"RX,1675866,R35,TXA,N01,386,388627,C,1,0.81,0.78,5,F,-102,4.75"
2026-07-13T13:48:18.172+00:00,/dev/cu.usbserial-58870138231,"RX,1676617,R35,TXE,N61,190,389383,E,1,0.87,0.84,5,U,-104,3.25"
2026-07-13T13:48:18.277+00:00,/dev/cu.usbserial-58870138231,"RX,1676723,R35,TXI,N121,95,389482,G,1,0.93,0.90,5,U,-103,3.50"
2026-07-13T13:48:18.420+00:00,/dev/cu.usbserial-58870138231,"RX,1676866,R35,TXA,N01,387,389627,D,1,0.24,0.22,5,F,-102,5.00"
2026-07-13T13:48:18.564+00:00,/dev/cu.usbserial-58870138231,"RX,1677010,R35,TXK,N151,194,389764,E,0,0.87,0.84,5,U,-104,3.50"
2026-07-13T13:48:19.421+00:00,/dev/cu.usbserial-58870138231,"RX,1677866,R35,TXA,N01,388,390627,E,0,0.87,0.84,5,F,-102,5.50"
2026-07-13T13:48:20.172+00:00,/dev/cu.usbserial-58870138231,"RX,1678617,R35,TXE,N61,191,391383,G,1,0.93,0.90,5,U,-104,3.00"
2026-07-13T13:48:20.420+00:00,/dev/cu.usbserial-58870138231,"RX,1678866,R35,TXA,N01,389,391627,F,1,0.28,0.26,5,F,-102,4.50"
2026-07-13T13:48:20.531+00:00,/dev/cu.usbserial-58870138231,"RX,1678976,R35,TXH,N106,24,391743,G,1,0.93,0.90,5,U,-98,4.25"
2026-07-13T13:48:20.712+00:00,/dev/cu.usbserial-58870138231,"RX,1679157,R35,TXL,N166,24,391917,G,1,0.93,0.90,5,U,-101,5.75"
2026-07-13T13:48:20.918+00:00,/dev/cu.usbserial-58870138231,"RX,1679363,R35,TXF,N76,96,392131,E,0,0.87,0.84,5,U,-106,0.50"
2026-07-13T13:48:21.224+00:00,/dev/cu.usbserial-58870138231,"RX,1679669,R35,TXD,N46,48,392431,G,1,0.93,0.90,5,U,-105,2.50"
2026-07-13T13:48:21.420+00:00,/dev/cu.usbserial-58870138231,"RX,1679866,R35,TXA,N01,390,392627,G,1,0.93,0.90,5,F,-103,4.25"
2026-07-13T13:48:21.869+00:00,/dev/cu.usbserial-58870138231,"RX,1680314,R35,TXG,N91,47,393081,G,1,0.93,0.90,5,U,-105,1.00"
2026-07-13T13:48:22.172+00:00,/dev/cu.usbserial-58870138231,"RX,1680617,R35,TXE,N61,192,393383,A,1,0.75,0.72,5,U,-104,2.75"
2026-07-13T13:48:22.420+00:00,/dev/cu.usbserial-58870138231,"RX,1680866,R35,TXA,N01,391,393627,H,0,0.32,0.30,5,F,-103,4.50"
2026-07-13T13:48:22.564+00:00,/dev/cu.usbserial-58870138231,"RX,1681010,R35,TXK,N151,196,393764,A,1,0.75,0.72,5,U,-104,3.00"
2026-07-13T13:48:22.918+00:00,/dev/cu.usbserial-58870138231,"RX,1681363,R35,TXF,N76,97,394131,G,1,0.93,0.90,5,U,-106,0.50"
2026-07-13T13:48:23.077+00:00,/dev/cu.usbserial-58870138231,"RX,1681522,R35,TXJ,N136,47,394281,G,1,0.93,0.90,5,U,-101,6.00"
2026-07-13T13:48:23.176+00:00,/dev/cu.usbserial-58870138231,"RX,1681621,R35,TXC,N31,96,394385,E,0,0.87,0.84,5,U,-102,4.50"
2026-07-13T13:48:23.421+00:00,/dev/cu.usbserial-58870138231,"RX,1681866,R35,TXA,N01,392,394627,A,1,0.75,0.72,5,F,-102,4.50"
2026-07-13T13:48:24.172+00:00,/dev/cu.usbserial-58870138231,"RX,1682617,R35,TXE,N61,193,395383,C,1,0.81,0.78,5,U,-103,3.25"
2026-07-13T13:48:24.277+00:00,/dev/cu.usbserial-58870138231,"RX,1682723,R35,TXI,N121,96,395482,E,0,0.87,0.84,5,U,-104,3.00"
2026-07-13T13:48:24.420+00:00,/dev/cu.usbserial-58870138231,"RX,1682866,R35,TXA,N01,393,395627,B,1,0.20,0.18,5,F,-103,4.25"
2026-07-13T13:48:24.565+00:00,/dev/cu.usbserial-58870138231,"RX,1683010,R35,TXK,N151,197,395764,C,0,0.81,0.78,5,U,-104,2.50"
2026-07-13T13:48:25.176+00:00,/dev/cu.usbserial-58870138231,"RX,1683621,R35,TXC,N31,97,396385,G,1,0.93,0.90,5,U,-103,4.00"
2026-07-13T13:48:25.420+00:00,/dev/cu.usbserial-58870138231,"RX,1683866,R35,TXA,N01,394,396627,C,0,0.81,0.78,5,F,-103,4.25"
2026-07-13T13:48:26.172+00:00,/dev/cu.usbserial-58870138231,"RX,1684617,R35,TXE,N61,194,397383,E,0,0.87,0.84,5,U,-104,3.00"
2026-07-13T13:48:26.277+00:00,/dev/cu.usbserial-58870138231,"RX,1684723,R35,TXI,N121,97,397482,G,1,0.93,0.90,5,U,-103,3.25"
2026-07-13T13:48:26.420+00:00,/dev/cu.usbserial-58870138231,"RX,1684866,R35,TXA,N01,395,397627,D,1,0.24,0.22,5,F,-102,4.50"
2026-07-13T13:48:26.564+00:00,/dev/cu.usbserial-58870138231,"RX,1685010,R35,TXK,N151,198,397764,E,1,0.87,0.84,5,U,-104,3.75"
2026-07-13T13:48:27.420+00:00,/dev/cu.usbserial-58870138231,"RX,1685866,R35,TXA,N01,396,398627,E,1,0.87,0.84,5,F,-103,5.00"
2026-07-13T13:48:28.172+00:00,/dev/cu.usbserial-58870138231,"RX,1686617,R35,TXE,N61,195,399383,G,1,0.93,0.90,5,U,-104,4.00"
2026-07-13T13:48:28.420+00:00,/dev/cu.usbserial-58870138231,"RX,1686866,R35,TXA,N01,397,399627,F,0,0.28,0.26,5,F,-102,5.50"
2026-07-13T13:48:28.531+00:00,/dev/cu.usbserial-58870138231,"RX,1686976,R35,TXH,N106,25,399743,G,1,0.93,0.90,5,U,-97,4.25"
2026-07-13T13:48:28.712+00:00,/dev/cu.usbserial-58870138231,"RX,1687157,R35,TXL,N166,25,399917,G,1,0.93,0.90,5,U,-101,6.00"
2026-07-13T13:48:28.918+00:00,/dev/cu.usbserial-58870138231,"RX,1687363,R35,TXF,N76,98,400131,E,1,0.87,0.84,5,U,-106,0.25"
2026-07-13T13:48:29.223+00:00,/dev/cu.usbserial-58870138231,"RX,1687668,R35,TXD,N46,49,400431,G,1,0.93,0.90,5,U,-105,2.25"
2026-07-13T13:48:29.421+00:00,/dev/cu.usbserial-58870138231,"RX,1687866,R35,TXA,N01,398,400627,G,1,0.93,0.90,5,F,-103,4.75"
2026-07-13T13:48:29.869+00:00,/dev/cu.usbserial-58870138231,"RX,1688314,R35,TXG,N91,48,401081,G,1,0.93,0.90,5,U,-105,1.75"
2026-07-13T13:48:30.172+00:00,/dev/cu.usbserial-58870138231,"RX,1688617,R35,TXE,N61,196,401383,A,1,0.75,0.72,5,U,-103,3.75"
2026-07-13T13:48:30.420+00:00,/dev/cu.usbserial-58870138231,"RX,1688866,R35,TXA,N01,399,401627,H,1,0.32,0.30,5,F,-102,5.00"
2026-07-13T13:48:30.564+00:00,/dev/cu.usbserial-58870138231,"RX,1689010,R35,TXK,N151,200,401764,A,0,0.75,0.72,5,U,-104,3.25"
2026-07-13T13:48:30.918+00:00,/dev/cu.usbserial-58870138231,"RX,1689363,R35,TXF,N76,99,402131,G,1,0.93,0.90,5,U,-106,0.25"
2026-07-13T13:48:31.077+00:00,/dev/cu.usbserial-58870138231,"RX,1689522,R35,TXJ,N136,48,402281,G,1,0.93,0.90,5,U,-101,6.75"
2026-07-13T13:48:31.176+00:00,/dev/cu.usbserial-58870138231,"RX,1689621,R35,TXC,N31,98,402385,E,1,0.87,0.84,5,U,-102,4.25"
2026-07-13T13:48:31.420+00:00,/dev/cu.usbserial-58870138231,"RX,1689866,R35,TXA,N01,400,402627,A,0,0.75,0.72,5,F,-102,5.00"
2026-07-13T13:48:32.172+00:00,/dev/cu.usbserial-58870138231,"RX,1690617,R35,TXE,N61,197,403383,C,0,0.81,0.78,5,U,-104,3.50"
2026-07-13T13:48:32.277+00:00,/dev/cu.usbserial-58870138231,"RX,1690722,R35,TXI,N121,98,403482,E,1,0.87,0.84,5,U,-103,3.75"
2026-07-13T13:48:32.420+00:00,/dev/cu.usbserial-58870138231,"RX,1690866,R35,TXA,N01,401,403627,B,1,0.20,0.18,5,F,-102,4.75"
2026-07-13T13:48:32.564+00:00,/dev/cu.usbserial-58870138231,"RX,1691010,R35,TXK,N151,201,403764,C,1,0.81,0.78,5,U,-104,3.50"
2026-07-13T13:48:33.176+00:00,/dev/cu.usbserial-58870138231,"RX,1691621,R35,TXC,N31,99,404385,G,1,0.93,0.90,5,U,-103,4.50"
2026-07-13T13:48:33.420+00:00,/dev/cu.usbserial-58870138231,"RX,1691866,R35,TXA,N01,402,404627,C,1,0.81,0.78,5,F,-102,4.75"
2026-07-13T13:48:34.172+00:00,/dev/cu.usbserial-58870138231,"RX,1692617,R35,TXE,N61,198,405383,E,1,0.87,0.84,5,U,-103,4.25"
2026-07-13T13:48:34.277+00:00,/dev/cu.usbserial-58870138231,"RX,1692722,R35,TXI,N121,99,405482,G,1,0.93,0.90,5,U,-104,3.75"
2026-07-13T13:48:34.420+00:00,/dev/cu.usbserial-58870138231,"RX,1692866,R35,TXA,N01,403,405627,D,0,0.24,0.22,5,F,-102,4.25"
2026-07-13T13:48:34.564+00:00,/dev/cu.usbserial-58870138231,"RX,1693010,R35,TXK,N151,202,405764,E,1,0.87,0.84,5,U,-104,3.00"
2026-07-13T13:48:35.420+00:00,/dev/cu.usbserial-58870138231,"RX,1693866,R35,TXA,N01,404,406627,E,1,0.87,0.84,5,F,-103,4.50"
2026-07-13T13:48:36.172+00:00,/dev/cu.usbserial-58870138231,"RX,1694617,R35,TXE,N61,199,407383,G,1,0.93,0.90,5,U,-104,3.25"
2026-07-13T13:48:36.421+00:00,/dev/cu.usbserial-58870138231,"RX,1694866,R35,TXA,N01,405,407627,F,1,0.28,0.26,5,F,-102,5.00"
2026-07-13T13:48:36.531+00:00,/dev/cu.usbserial-58870138231,"RX,1694976,R35,TXH,N106,26,407743,G,0,0.93,0.90,5,U,-97,4.25"
2026-07-13T13:48:36.711+00:00,/dev/cu.usbserial-58870138231,"RX,1695157,R35,TXL,N166,26,407917,G,0,0.93,0.90,5,U,-101,5.50"
2026-07-13T13:48:36.918+00:00,/dev/cu.usbserial-58870138231,"RX,1695363,R35,TXF,N76,100,408131,E,1,0.87,0.84,5,U,-106,0.50"
2026-07-13T13:48:37.223+00:00,/dev/cu.usbserial-58870138231,"RX,1695668,R35,TXD,N46,50,408431,G,0,0.93,0.90,5,U,-105,2.25"
2026-07-13T13:48:37.420+00:00,/dev/cu.usbserial-58870138231,"RX,1695866,R35,TXA,N01,406,408627,G,0,0.93,0.90,5,F,-102,4.75"
2026-07-13T13:48:37.869+00:00,/dev/cu.usbserial-58870138231,"RX,1696314,R35,TXG,N91,49,409081,G,1,0.93,0.90,5,U,-106,0.75"
2026-07-13T13:48:38.172+00:00,/dev/cu.usbserial-58870138231,"RX,1696617,R35,TXE,N61,200,409383,A,0,0.75,0.72,5,U,-105,2.75"
2026-07-13T13:48:38.420+00:00,/dev/cu.usbserial-58870138231,"RX,1696866,R35,TXA,N01,407,409627,H,1,0.32,0.30,5,F,-103,4.00"
2026-07-13T13:48:38.564+00:00,/dev/cu.usbserial-58870138231,"RX,1697010,R35,TXK,N151,204,409764,A,1,0.75,0.72,5,U,-105,2.50"
2026-07-13T13:48:38.918+00:00,/dev/cu.usbserial-58870138231,"RX,1697363,R35,TXF,N76,101,410131,G,0,0.93,0.90,5,U,-106,1.00"
2026-07-13T13:48:39.077+00:00,/dev/cu.usbserial-58870138231,"RX,1697522,R35,TXJ,N136,49,410281,G,1,0.93,0.90,5,U,-101,5.75"
2026-07-13T13:48:39.175+00:00,/dev/cu.usbserial-58870138231,"RX,1697621,R35,TXC,N31,100,410385,E,1,0.87,0.84,5,U,-104,4.00"
2026-07-13T13:48:39.420+00:00,/dev/cu.usbserial-58870138231,"RX,1697866,R35,TXA,N01,408,410627,A,1,0.75,0.72,5,F,-103,4.50"
2026-07-13T13:48:40.172+00:00,/dev/cu.usbserial-58870138231,"RX,1698617,R35,TXE,N61,201,411383,C,1,0.81,0.78,5,U,-104,2.75"
2026-07-13T13:48:40.282+00:00,/dev/cu.usbserial-58870138231,"RX,1698727,R35,TXI,N121,100,411482,E,1,0.87,0.84,5,U,-104,3.50"
2026-07-13T13:48:40.420+00:00,/dev/cu.usbserial-58870138231,"RX,1698866,R35,TXA,N01,409,411627,B,0,0.20,0.18,5,F,-103,4.25"
2026-07-13T13:48:40.565+00:00,/dev/cu.usbserial-58870138231,"RX,1699010,R35,TXK,N151,205,411764,C,1,0.81,0.78,5,U,-104,3.00"
2026-07-13T13:48:41.175+00:00,/dev/cu.usbserial-58870138231,"RX,1699621,R35,TXC,N31,101,412385,G,0,0.93,0.90,5,U,-102,5.50"
2026-07-13T13:48:41.420+00:00,/dev/cu.usbserial-58870138231,"RX,1699866,R35,TXA,N01,410,412627,C,1,0.81,0.78,5,F,-104,3.50"
2026-07-13T13:48:41.688+00:00,/dev/cu.usbserial-58870138231,"RX,1700134,R35,TXB,N16,204,412894,A,1,0.75,0.72,5,U,-109,-7.75"
2026-07-13T13:48:42.171+00:00,/dev/cu.usbserial-58870138231,"RX,1700617,R35,TXE,N61,202,413383,E,1,0.87,0.84,5,U,-102,5.25"
2026-07-13T13:48:42.282+00:00,/dev/cu.usbserial-58870138231,"RX,1700727,R35,TXI,N121,101,413482,G,0,0.93,0.90,5,U,-104,3.75"
2026-07-13T13:48:42.420+00:00,/dev/cu.usbserial-58870138231,"RX,1700866,R35,TXA,N01,411,413627,D,1,0.24,0.22,5,F,-102,5.00"
2026-07-13T13:48:42.564+00:00,/dev/cu.usbserial-58870138231,"RX,1701010,R35,TXK,N151,206,413764,E,0,0.87,0.84,5,U,-104,3.50"
2026-07-13T13:48:43.420+00:00,/dev/cu.usbserial-58870138231,"RX,1701866,R35,TXA,N01,412,414627,E,0,0.87,0.84,5,F,-103,4.50"
2026-07-13T13:48:43.688+00:00,/dev/cu.usbserial-58870138231,"RX,1702133,R35,TXB,N16,205,414894,C,1,0.81,0.78,5,U,-109,-9.50"
2026-07-13T13:48:44.172+00:00,/dev/cu.usbserial-58870138231,"RX,1702617,R35,TXE,N61,203,415383,G,0,0.93,0.90,5,U,-103,3.75"
2026-07-13T13:48:44.420+00:00,/dev/cu.usbserial-58870138231,"RX,1702866,R35,TXA,N01,413,415627,F,1,0.28,0.26,5,F,-102,4.75"
2026-07-13T13:48:44.531+00:00,/dev/cu.usbserial-58870138231,"RX,1702976,R35,TXH,N106,27,415743,G,1,0.93,0.90,5,U,-97,3.75"
2026-07-13T13:48:44.711+00:00,/dev/cu.usbserial-58870138231,"RX,1703157,R35,TXL,N166,27,415917,G,1,0.93,0.90,5,U,-101,5.75"
2026-07-13T13:48:44.918+00:00,/dev/cu.usbserial-58870138231,"RX,1703363,R35,TXF,N76,102,416131,E,0,0.87,0.84,5,U,-106,0.00"
2026-07-13T13:48:45.223+00:00,/dev/cu.usbserial-58870138231,"RX,1703668,R35,TXD,N46,51,416431,G,1,0.93,0.90,5,U,-105,2.50"
2026-07-13T13:48:45.420+00:00,/dev/cu.usbserial-58870138231,"RX,1703866,R35,TXA,N01,414,416627,G,1,0.93,0.90,5,F,-102,5.25"
2026-07-13T13:48:45.869+00:00,/dev/cu.usbserial-58870138231,"RX,1704314,R35,TXG,N91,50,417081,G,0,0.93,0.90,5,U,-106,0.75"
2026-07-13T13:48:46.171+00:00,/dev/cu.usbserial-58870138231,"RX,1704617,R35,TXE,N61,204,417383,A,1,0.75,0.72,5,U,-104,3.25"
2026-07-13T13:48:46.420+00:00,/dev/cu.usbserial-58870138231,"RX,1704866,R35,TXA,N01,415,417627,H,0,0.32,0.30,5,F,-102,4.75"
2026-07-13T13:48:46.564+00:00,/dev/cu.usbserial-58870138231,"RX,1705009,R35,TXK,N151,208,417764,A,1,0.75,0.72,5,U,-104,3.00"
2026-07-13T13:48:46.918+00:00,/dev/cu.usbserial-58870138231,"RX,1705363,R35,TXF,N76,103,418131,G,1,0.93,0.90,5,U,-107,-0.25"
2026-07-13T13:48:47.077+00:00,/dev/cu.usbserial-58870138231,"RX,1705522,R35,TXJ,N136,50,418281,G,0,0.93,0.90,5,U,-101,6.00"
2026-07-13T13:48:47.175+00:00,/dev/cu.usbserial-58870138231,"RX,1705621,R35,TXC,N31,102,418385,E,0,0.87,0.84,5,U,-102,5.25"
2026-07-13T13:48:47.420+00:00,/dev/cu.usbserial-58870138231,"RX,1705866,R35,TXA,N01,416,418627,A,1,0.75,0.72,5,F,-102,5.00"
2026-07-13T13:48:48.172+00:00,/dev/cu.usbserial-58870138231,"RX,1706617,R35,TXE,N61,205,419383,C,1,0.81,0.78,5,U,-105,2.50"
2026-07-13T13:48:48.282+00:00,/dev/cu.usbserial-58870138231,"RX,1706727,R35,TXI,N121,102,419482,E,0,0.87,0.84,5,U,-103,3.50"
2026-07-13T13:48:48.420+00:00,/dev/cu.usbserial-58870138231,"RX,1706866,R35,TXA,N01,417,419627,B,1,0.20,0.18,5,F,-102,5.00"
2026-07-13T13:48:48.564+00:00,/dev/cu.usbserial-58870138231,"RX,1707009,R35,TXK,N151,209,419764,C,0,0.81,0.78,5,U,-106,0.00"
2026-07-13T13:48:49.175+00:00,/dev/cu.usbserial-58870138231,"RX,1707621,R35,TXC,N31,103,420385,G,1,0.93,0.90,5,U,-103,3.75"
2026-07-13T13:48:49.420+00:00,/dev/cu.usbserial-58870138231,"RX,1707866,R35,TXA,N01,418,420627,C,0,0.81,0.78,5,F,-103,5.00"
2026-07-13T13:48:50.172+00:00,/dev/cu.usbserial-58870138231,"RX,1708617,R35,TXE,N61,206,421383,E,0,0.87,0.84,5,U,-104,2.75"
2026-07-13T13:48:50.282+00:00,/dev/cu.usbserial-58870138231,"RX,1708727,R35,TXI,N121,103,421482,G,1,0.93,0.90,5,U,-105,2.75"
2026-07-13T13:48:50.420+00:00,/dev/cu.usbserial-58870138231,"RX,1708866,R35,TXA,N01,419,421627,D,1,0.24,0.22,5,F,-103,4.50"
2026-07-13T13:48:50.564+00:00,/dev/cu.usbserial-58870138231,"RX,1709009,R35,TXK,N151,210,421764,E,1,0.87,0.84,5,U,-104,3.00"
2026-07-13T13:48:51.420+00:00,/dev/cu.usbserial-58870138231,"RX,1709866,R35,TXA,N01,420,422627,E,1,0.87,0.84,5,F,-102,5.50"
2026-07-13T13:48:52.172+00:00,/dev/cu.usbserial-58870138231,"RX,1710617,R35,TXE,N61,207,423383,G,1,0.93,0.90,5,U,-104,3.25"
2026-07-13T13:48:52.420+00:00,/dev/cu.usbserial-58870138231,"RX,1710866,R35,TXA,N01,421,423627,F,0,0.28,0.26,5,F,-103,5.00"
2026-07-13T13:48:52.564+00:00,/dev/cu.usbserial-58870138231,"RX,1711009,R35,TXK,N151,211,423764,G,1,0.93,0.90,5,U,-104,4.00"
2026-07-13T13:48:52.918+00:00,/dev/cu.usbserial-58870138231,"RX,1711363,R35,TXF,N76,104,424131,E,1,0.87,0.84,5,U,-107,-0.75"
2026-07-13T13:48:53.223+00:00,/dev/cu.usbserial-58870138231,"RX,1711668,R35,TXD,N46,52,424431,G,1,0.93,0.90,5,U,-105,2.75"
2026-07-13T13:48:53.420+00:00,/dev/cu.usbserial-58870138231,"RX,1711865,R35,TXA,N01,422,424627,G,1,0.93,0.90,5,F,-103,4.50"
2026-07-13T13:48:53.869+00:00,/dev/cu.usbserial-58870138231,"RX,1712314,R35,TXG,N91,51,425081,G,1,0.93,0.90,5,U,-105,0.25"
2026-07-13T13:48:54.172+00:00,/dev/cu.usbserial-58870138231,"RX,1712617,R35,TXE,N61,208,425383,A,1,0.75,0.72,5,U,-104,3.25"
2026-07-13T13:48:54.420+00:00,/dev/cu.usbserial-58870138231,"RX,1712865,R35,TXA,N01,423,425627,H,1,0.32,0.30,5,F,-102,4.75"
2026-07-13T13:48:54.564+00:00,/dev/cu.usbserial-58870138231,"RX,1713009,R35,TXK,N151,212,425764,A,0,0.75,0.72,5,U,-104,3.25"
2026-07-13T13:48:54.918+00:00,/dev/cu.usbserial-58870138231,"RX,1713363,R35,TXF,N76,105,426131,G,1,0.93,0.90,5,U,-106,1.00"
2026-07-13T13:48:55.077+00:00,/dev/cu.usbserial-58870138231,"RX,1713522,R35,TXJ,N136,51,426281,G,1,0.93,0.90,5,U,-101,6.50"
2026-07-13T13:48:55.175+00:00,/dev/cu.usbserial-58870138231,"RX,1713620,R35,TXC,N31,104,426385,E,1,0.87,0.84,5,U,-102,5.00"
2026-07-13T13:48:55.420+00:00,/dev/cu.usbserial-58870138231,"RX,1713866,R35,TXA,N01,424,426627,A,0,0.75,0.72,5,F,-103,4.75"
2026-07-13T13:48:56.172+00:00,/dev/cu.usbserial-58870138231,"RX,1714617,R35,TXE,N61,209,427383,C,0,0.81,0.78,5,U,-104,3.25"
2026-07-13T13:48:56.282+00:00,/dev/cu.usbserial-58870138231,"RX,1714727,R35,TXI,N121,104,427482,E,1,0.87,0.84,5,U,-104,3.50"
2026-07-13T13:48:56.421+00:00,/dev/cu.usbserial-58870138231,"RX,1714866,R35,TXA,N01,425,427627,B,1,0.20,0.18,5,F,-102,4.75"
2026-07-13T13:48:56.564+00:00,/dev/cu.usbserial-58870138231,"RX,1715009,R35,TXK,N151,213,427764,C,1,0.81,0.78,5,U,-104,3.75"
2026-07-13T13:48:57.175+00:00,/dev/cu.usbserial-58870138231,"RX,1715620,R35,TXC,N31,105,428385,G,1,0.93,0.90,5,U,-102,5.00"
2026-07-13T13:48:57.420+00:00,/dev/cu.usbserial-58870138231,"RX,1715865,R35,TXA,N01,426,428627,C,1,0.81,0.78,5,F,-102,5.25"
2026-07-13T13:48:58.172+00:00,/dev/cu.usbserial-58870138231,"RX,1716617,R35,TXE,N61,210,429383,E,1,0.87,0.84,5,U,-104,3.50"
2026-07-13T13:48:58.282+00:00,/dev/cu.usbserial-58870138231,"RX,1716727,R35,TXI,N121,105,429482,G,1,0.93,0.90,5,U,-105,2.75"
2026-07-13T13:48:58.420+00:00,/dev/cu.usbserial-58870138231,"RX,1716865,R35,TXA,N01,427,429627,D,0,0.24,0.22,5,F,-102,5.00"
2026-07-13T13:48:58.564+00:00,/dev/cu.usbserial-58870138231,"RX,1717009,R35,TXK,N151,214,429764,E,1,0.87,0.84,5,U,-103,3.75"
2026-07-13T13:48:59.420+00:00,/dev/cu.usbserial-58870138231,"RX,1717865,R35,TXA,N01,428,430627,E,1,0.87,0.84,5,F,-102,5.00"
2026-07-13T13:49:00.172+00:00,/dev/cu.usbserial-58870138231,"RX,1718616,R35,TXE,N61,211,431383,G,1,0.93,0.90,5,U,-104,3.50"
2026-07-13T13:49:00.420+00:00,/dev/cu.usbserial-58870138231,"RX,1718865,R35,TXA,N01,429,431627,F,1,0.28,0.26,5,F,-102,5.00"
2026-07-13T13:49:00.564+00:00,/dev/cu.usbserial-58870138231,"RX,1719009,R35,TXK,N151,215,431764,G,0,0.93,0.90,5,U,-103,4.00"
2026-07-13T13:49:00.918+00:00,/dev/cu.usbserial-58870138231,"RX,1719363,R35,TXF,N76,106,432131,E,1,0.87,0.84,5,U,-106,0.50"
2026-07-13T13:49:01.223+00:00,/dev/cu.usbserial-58870138231,"RX,1719668,R35,TXD,N46,53,432431,G,0,0.93,0.90,5,U,-105,2.75"
2026-07-13T13:49:01.420+00:00,/dev/cu.usbserial-58870138231,"RX,1719865,R35,TXA,N01,430,432627,G,0,0.93,0.90,5,F,-102,5.00"
2026-07-13T13:49:01.869+00:00,/dev/cu.usbserial-58870138231,"RX,1720314,R35,TXG,N91,52,433081,G,1,0.93,0.90,5,U,-106,1.75"
2026-07-13T13:49:02.172+00:00,/dev/cu.usbserial-58870138231,"RX,1720617,R35,TXE,N61,212,433383,A,0,0.75,0.72,5,U,-104,3.50"
2026-07-13T13:49:02.420+00:00,/dev/cu.usbserial-58870138231,"RX,1720865,R35,TXA,N01,431,433627,H,1,0.32,0.30,5,F,-102,5.00"
2026-07-13T13:49:02.564+00:00,/dev/cu.usbserial-58870138231,"RX,1721009,R35,TXK,N151,216,433764,A,1,0.75,0.72,5,U,-104,3.50"
2026-07-13T13:49:02.918+00:00,/dev/cu.usbserial-58870138231,"RX,1721363,R35,TXF,N76,107,434131,G,0,0.93,0.90,5,U,-107,-0.50"
2026-07-13T13:49:03.077+00:00,/dev/cu.usbserial-58870138231,"RX,1721522,R35,TXJ,N136,52,434281,G,1,0.93,0.90,5,U,-101,6.25"
2026-07-13T13:49:03.175+00:00,/dev/cu.usbserial-58870138231,"RX,1721620,R35,TXC,N31,106,434385,E,1,0.87,0.84,5,U,-102,4.75"
2026-07-13T13:49:03.420+00:00,/dev/cu.usbserial-58870138231,"RX,1721865,R35,TXA,N01,432,434627,A,1,0.75,0.72,5,F,-102,5.00"
2026-07-13T13:49:04.171+00:00,/dev/cu.usbserial-58870138231,"RX,1722616,R35,TXE,N61,213,435383,C,1,0.81,0.78,5,U,-104,3.25"
2026-07-13T13:49:04.282+00:00,/dev/cu.usbserial-58870138231,"RX,1722727,R35,TXI,N121,106,435482,E,1,0.87,0.84,5,U,-104,3.00"
2026-07-13T13:49:04.420+00:00,/dev/cu.usbserial-58870138231,"RX,1722865,R35,TXA,N01,433,435627,B,0,0.20,0.18,5,F,-102,4.75"
2026-07-13T13:49:04.564+00:00,/dev/cu.usbserial-58870138231,"RX,1723009,R35,TXK,N151,217,435764,C,1,0.81,0.78,5,U,-104,3.75"
2026-07-13T13:49:05.175+00:00,/dev/cu.usbserial-58870138231,"RX,1723620,R35,TXC,N31,107,436385,G,0,0.93,0.90,5,U,-102,5.25"
2026-07-13T13:49:05.420+00:00,/dev/cu.usbserial-58870138231,"RX,1723865,R35,TXA,N01,434,436627,C,1,0.81,0.78,5,F,-103,4.75"
2026-07-13T13:49:06.172+00:00,/dev/cu.usbserial-58870138231,"RX,1724616,R35,TXE,N61,214,437383,E,1,0.87,0.84,5,U,-104,4.00"
2026-07-13T13:49:06.282+00:00,/dev/cu.usbserial-58870138231,"RX,1724727,R35,TXI,N121,107,437482,G,0,0.93,0.90,5,U,-104,2.50"
2026-07-13T13:49:06.421+00:00,/dev/cu.usbserial-58870138231,"RX,1724865,R35,TXA,N01,435,437627,D,1,0.24,0.22,5,F,-103,5.00"
2026-07-13T13:49:06.566+00:00,/dev/cu.usbserial-58870138231,"RX,1725009,R35,TXK,N151,218,437764,E,0,0.87,0.84,5,U,-104,3.25"
2026-07-13T13:49:07.420+00:00,/dev/cu.usbserial-58870138231,"RX,1725865,R35,TXA,N01,436,438627,E,0,0.87,0.84,5,F,-103,4.50"
2026-07-13T13:49:08.172+00:00,/dev/cu.usbserial-58870138231,"RX,1726616,R35,TXE,N61,215,439383,G,0,0.93,0.90,5,U,-104,3.25"
2026-07-13T13:49:08.420+00:00,/dev/cu.usbserial-58870138231,"RX,1726865,R35,TXA,N01,437,439627,F,1,0.28,0.26,5,F,-103,5.00"
2026-07-13T13:49:08.564+00:00,/dev/cu.usbserial-58870138231,"RX,1727009,R35,TXK,N151,219,439764,G,1,0.93,0.90,5,U,-104,3.75"
2026-07-13T13:49:08.918+00:00,/dev/cu.usbserial-58870138231,"RX,1727363,R35,TXF,N76,108,440131,E,0,0.87,0.84,5,U,-106,-0.25"
2026-07-13T13:49:09.223+00:00,/dev/cu.usbserial-58870138231,"RX,1727668,R35,TXD,N46,54,440431,G,1,0.93,0.90,5,U,-104,3.25"
2026-07-13T13:49:09.420+00:00,/dev/cu.usbserial-58870138231,"RX,1727865,R35,TXA,N01,438,440627,G,1,0.93,0.90,5,F,-102,5.00"
2026-07-13T13:49:09.869+00:00,/dev/cu.usbserial-58870138231,"RX,1728314,R35,TXG,N91,53,441081,G,0,0.93,0.90,5,U,-105,1.75"
2026-07-13T13:49:10.172+00:00,/dev/cu.usbserial-58870138231,"RX,1728616,R35,TXE,N61,216,441383,A,1,0.75,0.72,5,U,-104,3.50"
2026-07-13T13:49:10.420+00:00,/dev/cu.usbserial-58870138231,"RX,1728865,R35,TXA,N01,439,441627,H,0,0.32,0.30,5,F,-102,5.00"
2026-07-13T13:49:10.564+00:00,/dev/cu.usbserial-58870138231,"RX,1729009,R35,TXK,N151,220,441764,A,1,0.75,0.72,5,U,-104,3.50"
2026-07-13T13:49:10.918+00:00,/dev/cu.usbserial-58870138231,"RX,1729363,R35,TXF,N76,109,442131,G,1,0.93,0.90,5,U,-107,0.50"
2026-07-13T13:49:11.077+00:00,/dev/cu.usbserial-58870138231,"RX,1729522,R35,TXJ,N136,53,442281,G,0,0.93,0.90,5,U,-101,6.25"
2026-07-13T13:49:11.176+00:00,/dev/cu.usbserial-58870138231,"RX,1729620,R35,TXC,N31,108,442385,E,0,0.87,0.84,5,U,-102,5.00"
2026-07-13T13:49:11.420+00:00,/dev/cu.usbserial-58870138231,"RX,1729865,R35,TXA,N01,440,442627,A,1,0.75,0.72,5,F,-103,5.00"
2026-07-13T13:49:12.172+00:00,/dev/cu.usbserial-58870138231,"RX,1730616,R35,TXE,N61,217,443383,C,1,0.81,0.78,5,U,-104,3.25"
2026-07-13T13:49:12.282+00:00,/dev/cu.usbserial-58870138231,"RX,1730727,R35,TXI,N121,108,443482,E,0,0.87,0.84,5,U,-105,2.75"
2026-07-13T13:49:12.420+00:00,/dev/cu.usbserial-58870138231,"RX,1730865,R35,TXA,N01,441,443627,B,1,0.20,0.18,5,F,-103,4.75"
2026-07-13T13:49:12.564+00:00,/dev/cu.usbserial-58870138231,"RX,1731009,R35,TXK,N151,221,443764,C,0,0.81,0.78,5,U,-104,3.75"
2026-07-13T13:49:13.175+00:00,/dev/cu.usbserial-58870138231,"RX,1731620,R35,TXC,N31,109,444385,G,1,0.93,0.90,5,U,-102,5.00"
2026-07-13T13:49:13.420+00:00,/dev/cu.usbserial-58870138231,"RX,1731865,R35,TXA,N01,442,444627,C,0,0.81,0.78,5,F,-103,4.50"
2026-07-13T13:49:14.172+00:00,/dev/cu.usbserial-58870138231,"RX,1732616,R35,TXE,N61,218,445383,E,0,0.87,0.84,5,U,-105,2.75"
2026-07-13T13:49:14.282+00:00,/dev/cu.usbserial-58870138231,"RX,1732727,R35,TXI,N121,109,445482,G,1,0.93,0.90,5,U,-105,1.75"
2026-07-13T13:49:14.420+00:00,/dev/cu.usbserial-58870138231,"RX,1732865,R35,TXA,N01,443,445627,D,1,0.24,0.22,5,F,-103,4.75"
2026-07-13T13:49:14.564+00:00,/dev/cu.usbserial-58870138231,"RX,1733009,R35,TXK,N151,222,445764,E,1,0.87,0.84,5,U,-105,2.25"
2026-07-13T13:49:15.421+00:00,/dev/cu.usbserial-58870138231,"RX,1733865,R35,TXA,N01,444,446627,E,1,0.87,0.84,5,F,-103,4.50"
2026-07-13T13:49:16.172+00:00,/dev/cu.usbserial-58870138231,"RX,1734616,R35,TXE,N61,219,447383,G,1,0.93,0.90,5,U,-104,2.75"
2026-07-13T13:49:16.421+00:00,/dev/cu.usbserial-58870138231,"RX,1734865,R35,TXA,N01,445,447627,F,0,0.28,0.26,5,F,-102,5.25"
2026-07-13T13:49:16.564+00:00,/dev/cu.usbserial-58870138231,"RX,1735009,R35,TXK,N151,223,447764,G,1,0.93,0.90,5,U,-103,3.75"
2026-07-13T13:49:16.918+00:00,/dev/cu.usbserial-58870138231,"RX,1735363,R35,TXF,N76,110,448131,E,1,0.87,0.84,5,U,-106,1.25"
2026-07-13T13:49:17.223+00:00,/dev/cu.usbserial-58870138231,"RX,1735668,R35,TXD,N46,55,448431,G,1,0.93,0.90,5,U,-105,3.25"
2026-07-13T13:49:17.420+00:00,/dev/cu.usbserial-58870138231,"RX,1735865,R35,TXA,N01,446,448627,G,1,0.93,0.90,5,F,-103,5.25"
2026-07-13T13:49:18.172+00:00,/dev/cu.usbserial-58870138231,"RX,1736616,R35,TXE,N61,220,449383,A,1,0.75,0.72,5,U,-104,3.75"
2026-07-13T13:49:18.420+00:00,/dev/cu.usbserial-58870138231,"RX,1736865,R35,TXA,N01,447,449627,H,1,0.32,0.30,5,F,-103,4.50"
2026-07-13T13:49:18.566+00:00,/dev/cu.usbserial-58870138231,"RX,1737009,R35,TXK,N151,224,449764,A,1,0.75,0.72,5,U,-104,3.25"
2026-07-13T13:49:18.918+00:00,/dev/cu.usbserial-58870138231,"RX,1737363,R35,TXF,N76,111,450131,G,1,0.93,0.90,5,U,-106,0.75"
2026-07-13T13:49:19.077+00:00,/dev/cu.usbserial-58870138231,"RX,1737521,R35,TXJ,N136,54,450281,G,1,0.93,0.90,5,U,-101,6.25"
2026-07-13T13:49:19.175+00:00,/dev/cu.usbserial-58870138231,"RX,1737620,R35,TXC,N31,110,450385,E,1,0.87,0.84,5,U,-103,4.75"
2026-07-13T13:49:19.420+00:00,/dev/cu.usbserial-58870138231,"RX,1737865,R35,TXA,N01,448,450627,A,1,0.75,0.72,5,F,-102,5.00"
2026-07-13T13:49:20.172+00:00,/dev/cu.usbserial-58870138231,"RX,1738616,R35,TXE,N61,221,451383,C,0,0.81,0.78,5,U,-105,3.25"
2026-07-13T13:49:20.282+00:00,/dev/cu.usbserial-58870138231,"RX,1738727,R35,TXI,N121,110,451482,E,1,0.87,0.84,5,U,-105,3.00"
2026-07-13T13:49:20.420+00:00,/dev/cu.usbserial-58870138231,"RX,1738865,R35,TXA,N01,449,451627,B,0,0.20,0.18,5,F,-102,5.25"
2026-07-13T13:49:20.564+00:00,/dev/cu.usbserial-58870138231,"RX,1739009,R35,TXK,N151,225,451764,C,1,0.81,0.78,5,U,-104,3.50"
2026-07-13T13:49:21.175+00:00,/dev/cu.usbserial-58870138231,"RX,1739620,R35,TXC,N31,111,452385,G,1,0.93,0.90,5,U,-103,4.50"
2026-07-13T13:49:21.420+00:00,/dev/cu.usbserial-58870138231,"RX,1739865,R35,TXA,N01,450,452627,C,1,0.81,0.78,5,F,-103,5.00"
2026-07-13T13:49:22.175+00:00,/dev/cu.usbserial-58870138231,"RX,1740616,R35,TXE,N61,222,453383,E,1,0.87,0.84,5,U,-104,3.50"
2026-07-13T13:49:22.282+00:00,/dev/cu.usbserial-58870138231,"RX,1740727,R35,TXI,N121,111,453482,G,1,0.93,0.90,5,U,-104,3.50"
2026-07-13T13:49:22.421+00:00,/dev/cu.usbserial-58870138231,"RX,1740865,R35,TXA,N01,451,453627,D,1,0.24,0.22,5,F,-103,4.50"
2026-07-13T13:49:22.564+00:00,/dev/cu.usbserial-58870138231,"RX,1741009,R35,TXK,N151,226,453764,E,0,0.87,0.84,5,U,-103,4.25"
2026-07-13T13:49:23.420+00:00,/dev/cu.usbserial-58870138231,"RX,1741865,R35,TXA,N01,452,454627,E,0,0.87,0.84,5,F,-102,4.50"
2026-07-13T13:49:24.172+00:00,/dev/cu.usbserial-58870138231,"RX,1742616,R35,TXE,N61,223,455383,G,1,0.93,0.90,5,U,-104,3.50"
2026-07-13T13:49:24.421+00:00,/dev/cu.usbserial-58870138231,"RX,1742865,R35,TXA,N01,453,455627,F,1,0.28,0.26,5,F,-102,5.00"
2026-07-13T13:49:24.530+00:00,/dev/cu.usbserial-58870138231,"RX,1742975,R35,TXH,N106,28,455743,G,1,0.93,0.90,5,U,-96,4.00"
2026-07-13T13:49:24.711+00:00,/dev/cu.usbserial-58870138231,"RX,1743156,R35,TXL,N166,28,455917,G,1,0.93,0.90,5,U,-101,6.00"
2026-07-13T13:49:24.917+00:00,/dev/cu.usbserial-58870138231,"RX,1743362,R35,TXF,N76,112,456131,E,0,0.87,0.84,5,U,-107,-1.50"
2026-07-13T13:49:25.223+00:00,/dev/cu.usbserial-58870138231,"RX,1743668,R35,TXD,N46,56,456431,G,1,0.93,0.90,5,U,-105,2.00"
2026-07-13T13:49:25.420+00:00,/dev/cu.usbserial-58870138231,"RX,1743865,R35,TXA,N01,454,456627,G,1,0.93,0.90,5,F,-102,5.00"
2026-07-13T13:49:25.868+00:00,/dev/cu.usbserial-58870138231,"RX,1744313,R35,TXG,N91,55,457081,G,1,0.93,0.90,5,U,-106,1.25"
2026-07-13T13:49:26.171+00:00,/dev/cu.usbserial-58870138231,"RX,1744616,R35,TXE,N61,224,457383,A,1,0.75,0.72,5,U,-103,3.75"
2026-07-13T13:49:26.420+00:00,/dev/cu.usbserial-58870138231,"RX,1744865,R35,TXA,N01,455,457627,H,0,0.32,0.30,5,F,-103,4.50"
2026-07-13T13:49:26.564+00:00,/dev/cu.usbserial-58870138231,"RX,1745009,R35,TXK,N151,228,457764,A,1,0.75,0.72,5,U,-104,2.25"
2026-07-13T13:49:26.918+00:00,/dev/cu.usbserial-58870138231,"RX,1745362,R35,TXF,N76,113,458131,G,1,0.93,0.90,5,U,-106,0.50"
2026-07-13T13:49:27.076+00:00,/dev/cu.usbserial-58870138231,"RX,1745521,R35,TXJ,N136,55,458281,G,1,0.93,0.90,5,U,-101,6.00"
2026-07-13T13:49:27.175+00:00,/dev/cu.usbserial-58870138231,"RX,1745620,R35,TXC,N31,112,458385,E,0,0.87,0.84,5,U,-101,5.25"
2026-07-13T13:49:27.420+00:00,/dev/cu.usbserial-58870138231,"RX,1745865,R35,TXA,N01,456,458627,A,1,0.75,0.72,5,F,-102,4.75"
2026-07-13T13:49:28.172+00:00,/dev/cu.usbserial-58870138231,"RX,1746616,R35,TXE,N61,225,459383,C,1,0.81,0.78,5,U,-103,4.25"
2026-07-13T13:49:28.282+00:00,/dev/cu.usbserial-58870138231,"RX,1746727,R35,TXI,N121,112,459482,E,0,0.87,0.84,5,U,-103,3.75"
2026-07-13T13:49:28.420+00:00,/dev/cu.usbserial-58870138231,"RX,1746865,R35,TXA,N01,457,459627,B,1,0.20,0.18,5,F,-102,4.50"
2026-07-13T13:49:28.564+00:00,/dev/cu.usbserial-58870138231,"RX,1747009,R35,TXK,N151,229,459764,C,0,0.81,0.78,5,U,-104,3.50"
2026-07-13T13:49:29.175+00:00,/dev/cu.usbserial-58870138231,"RX,1747620,R35,TXC,N31,113,460385,G,1,0.93,0.90,5,U,-103,4.50"
2026-07-13T13:49:29.420+00:00,/dev/cu.usbserial-58870138231,"RX,1747865,R35,TXA,N01,458,460627,C,0,0.81,0.78,5,F,-102,5.50"
2026-07-13T13:49:30.171+00:00,/dev/cu.usbserial-58870138231,"RX,1748616,R35,TXE,N61,226,461383,E,0,0.87,0.84,5,U,-105,2.00"
2026-07-13T13:49:30.282+00:00,/dev/cu.usbserial-58870138231,"RX,1748726,R35,TXI,N121,113,461482,G,1,0.93,0.90,5,U,-104,3.25"
2026-07-13T13:49:30.420+00:00,/dev/cu.usbserial-58870138231,"RX,1748865,R35,TXA,N01,459,461627,D,1,0.24,0.22,5,F,-103,4.25"
2026-07-13T13:49:30.564+00:00,/dev/cu.usbserial-58870138231,"RX,1749009,R35,TXK,N151,230,461764,E,1,0.87,0.84,5,U,-105,3.75"
2026-07-13T13:49:31.420+00:00,/dev/cu.usbserial-58870138231,"RX,1749865,R35,TXA,N01,460,462627,E,1,0.87,0.84,5,F,-102,5.00"
2026-07-13T13:49:31.688+00:00,/dev/cu.usbserial-58870138231,"RX,1750133,R35,TXB,N16,229,462894,C,0,0.81,0.78,5,U,-109,-7.75"
2026-07-13T13:49:32.171+00:00,/dev/cu.usbserial-58870138231,"RX,1750616,R35,TXE,N61,227,463383,G,1,0.93,0.90,5,U,-105,2.75"
2026-07-13T13:49:32.420+00:00,/dev/cu.usbserial-58870138231,"RX,1750865,R35,TXA,N01,461,463627,F,0,0.28,0.26,5,F,-102,4.50"
2026-07-13T13:49:32.530+00:00,/dev/cu.usbserial-58870138231,"RX,1750975,R35,TXH,N106,29,463743,G,1,0.93,0.90,5,U,-99,4.00"
2026-07-13T13:49:32.711+00:00,/dev/cu.usbserial-58870138231,"RX,1751156,R35,TXL,N166,29,463917,G,1,0.93,0.90,5,U,-102,6.00"
2026-07-13T13:49:32.918+00:00,/dev/cu.usbserial-58870138231,"RX,1751362,R35,TXF,N76,114,464131,E,1,0.87,0.84,5,U,-107,0.00"
2026-07-13T13:49:33.223+00:00,/dev/cu.usbserial-58870138231,"RX,1751667,R35,TXD,N46,57,464431,G,1,0.93,0.90,5,U,-105,2.50"
2026-07-13T13:49:33.420+00:00,/dev/cu.usbserial-58870138231,"RX,1751865,R35,TXA,N01,462,464627,G,1,0.93,0.90,5,F,-103,4.25"
2026-07-13T13:49:33.869+00:00,/dev/cu.usbserial-58870138231,"RX,1752313,R35,TXG,N91,56,465081,G,1,0.93,0.90,5,U,-105,3.25"
2026-07-13T13:49:34.171+00:00,/dev/cu.usbserial-58870138231,"RX,1752616,R35,TXE,N61,228,465383,A,1,0.75,0.72,5,U,-106,-0.25"
