wall_time_utc,serial_port,raw_line
2026-07-11T14:16:50.098+00:00,/dev/cu.usbserial-58870137921,"RX,1665628,R35,TXK,N151,0,1764,A,1,0.75,0.72,5,U,-47,9.75"
2026-07-11T14:16:50.951+00:00,/dev/cu.usbserial-58870137921,"RX,1666481,R35,TXA,N01,0,2627,A,1,0.75,0.72,5,F,-38,9.75"
2026-07-11T14:16:51.951+00:00,/dev/cu.usbserial-58870137921,"RX,1667481,R35,TXA,N01,1,3627,B,0,0.20,0.18,5,F,-36,9.75"
2026-07-11T14:16:52.098+00:00,/dev/cu.usbserial-58870137921,"RX,1667627,R35,TXK,N151,1,3764,C,1,0.81,0.78,5,U,-50,9.75"
2026-07-11T14:16:52.951+00:00,/dev/cu.usbserial-58870137921,"RX,1668481,R35,TXA,N01,2,4627,C,1,0.81,0.78,5,F,-36,10.25"
2026-07-11T14:16:53.218+00:00,/dev/cu.usbserial-58870137921,"RX,1668748,R35,TXB,N16,0,4893,A,1,0.75,0.72,5,U,-56,10.00"
2026-07-11T14:16:53.951+00:00,/dev/cu.usbserial-58870137921,"RX,1669481,R35,TXA,N01,3,5627,D,1,0.24,0.22,5,F,-36,10.00"
2026-07-11T14:16:54.098+00:00,/dev/cu.usbserial-58870137921,"RX,1669627,R35,TXK,N151,2,5764,E,0,0.87,0.84,5,U,-50,9.50"
2026-07-11T14:16:54.951+00:00,/dev/cu.usbserial-58870137921,"RX,1670481,R35,TXA,N01,4,6627,E,0,0.87,0.84,5,F,-36,10.00"
2026-07-11T14:16:55.218+00:00,/dev/cu.usbserial-58870137921,"RX,1670748,R35,TXB,N16,1,6893,C,1,0.81,0.78,5,U,-56,10.50"
2026-07-11T14:16:55.951+00:00,/dev/cu.usbserial-58870137921,"RX,1671481,R35,TXA,N01,5,7627,F,1,0.28,0.26,5,F,-36,10.00"
2026-07-11T14:16:56.067+00:00,/dev/cu.usbserial-58870137921,"RX,1671596,R35,TXH,N106,0,7742,G,1,0.93,0.90,5,U,-36,4.75"
2026-07-11T14:16:56.249+00:00,/dev/cu.usbserial-58870137921,"RX,1671779,R35,TXL,N166,0,7916,G,1,0.93,0.90,5,U,-45,9.25"
2026-07-11T14:16:56.451+00:00,/dev/cu.usbserial-58870137921,"RX,1671981,R35,TXF,N76,0,8131,E,0,0.87,0.84,5,U,-43,9.75"
2026-07-11T14:16:56.755+00:00,/dev/cu.usbserial-58870137921,"RX,1672285,R35,TXD,N46,0,8431,G,1,0.93,0.90,5,U,-41,10.25"
2026-07-11T14:16:56.951+00:00,/dev/cu.usbserial-58870137921,"RX,1672481,R35,TXA,N01,6,8627,G,1,0.93,0.90,5,F,-36,10.00"
2026-07-11T14:16:57.218+00:00,/dev/cu.usbserial-58870137921,"RX,1672748,R35,TXB,N16,2,8893,E,0,0.87,0.84,5,U,-56,10.50"
2026-07-11T14:16:57.702+00:00,/dev/cu.usbserial-58870137921,"RX,1673232,R35,TXE,N61,0,9382,A,1,0.75,0.72,5,U,-45,10.00"
2026-07-11T14:16:57.951+00:00,/dev/cu.usbserial-58870137921,"RX,1673481,R35,TXA,N01,7,9627,H,0,0.32,0.30,5,F,-36,10.00"
2026-07-11T14:16:58.098+00:00,/dev/cu.usbserial-58870137921,"RX,1673627,R35,TXK,N151,4,9764,A,1,0.75,0.72,5,U,-50,9.50"
2026-07-11T14:16:58.456+00:00,/dev/cu.usbserial-58870137921,"RX,1673986,R35,TXF,N76,1,10131,G,1,0.93,0.90,5,U,-45,9.25"
2026-07-11T14:16:58.710+00:00,/dev/cu.usbserial-58870137921,"RX,1674240,R35,TXC,N31,0,10381,E,0,0.87,0.84,5,U,-51,9.75"
2026-07-11T14:16:58.957+00:00,/dev/cu.usbserial-58870137921,"RX,1674486,R35,TXA,N01,8,10627,A,1,0.75,0.72,5,F,-37,9.75"
2026-07-11T14:16:59.223+00:00,/dev/cu.usbserial-58870137921,"RX,1674753,R35,TXB,N16,3,10893,G,1,0.93,0.90,5,U,-58,9.50"
2026-07-11T14:16:59.707+00:00,/dev/cu.usbserial-58870137921,"RX,1675237,R35,TXE,N61,1,11382,C,1,0.81,0.78,5,U,-46,9.50"
2026-07-11T14:16:59.815+00:00,/dev/cu.usbserial-58870137921,"RX,1675345,R35,TXI,N121,0,11481,E,0,0.87,0.84,5,U,-41,10.00"
2026-07-11T14:16:59.956+00:00,/dev/cu.usbserial-58870137921,"RX,1675486,R35,TXA,N01,9,11627,B,1,0.20,0.18,5,F,-38,9.25"
2026-07-11T14:17:00.098+00:00,/dev/cu.usbserial-58870137921,"RX,1675628,R35,TXK,N151,5,11764,C,0,0.81,0.78,5,U,-49,10.25"
2026-07-11T14:17:00.710+00:00,/dev/cu.usbserial-58870137921,"RX,1676240,R35,TXC,N31,1,12381,G,1,0.93,0.90,5,U,-47,9.50"
2026-07-11T14:17:00.956+00:00,/dev/cu.usbserial-58870137921,"RX,1676486,R35,TXA,N01,10,12627,C,0,0.81,0.78,5,F,-38,10.50"
2026-07-11T14:17:01.224+00:00,/dev/cu.usbserial-58870137921,"RX,1676753,R35,TXB,N16,4,12893,A,1,0.75,0.72,5,U,-56,10.25"
2026-07-11T14:17:01.707+00:00,/dev/cu.usbserial-58870137921,"RX,1677237,R35,TXE,N61,2,13382,E,0,0.87,0.84,5,U,-48,9.50"
2026-07-11T14:17:01.815+00:00,/dev/cu.usbserial-58870137921,"RX,1677345,R35,TXI,N121,1,13481,G,1,0.93,0.90,5,U,-40,9.75"
2026-07-11T14:17:01.957+00:00,/dev/cu.usbserial-58870137921,"RX,1677486,R35,TXA,N01,11,13627,D,1,0.24,0.22,5,F,-38,9.75"
2026-07-11T14:17:02.097+00:00,/dev/cu.usbserial-58870137921,"RX,1677628,R35,TXK,N151,6,13764,E,1,0.87,0.84,5,U,-49,9.50"
2026-07-11T14:17:02.957+00:00,/dev/cu.usbserial-58870137921,"RX,1678486,R35,TXA,N01,12,14627,E,1,0.87,0.84,5,F,-38,10.00"
2026-07-11T14:17:03.223+00:00,/dev/cu.usbserial-58870137921,"RX,1678753,R35,TXB,N16,5,14893,C,0,0.81,0.78,5,U,-56,9.25"
2026-07-11T14:17:03.707+00:00,/dev/cu.usbserial-58870137921,"RX,1679237,R35,TXE,N61,3,15382,G,1,0.93,0.90,5,U,-48,9.75"
2026-07-11T14:17:03.957+00:00,/dev/cu.usbserial-58870137921,"RX,1679486,R35,TXA,N01,13,15627,F,0,0.28,0.26,5,F,-38,9.50"
2026-07-11T14:17:04.067+00:00,/dev/cu.usbserial-58870137921,"RX,1679596,R35,TXH,N106,1,15742,G,1,0.93,0.90,5,U,-37,2.50"
2026-07-11T14:17:04.249+00:00,/dev/cu.usbserial-58870137921,"RX,1679779,R35,TXL,N166,1,15916,G,1,0.93,0.90,5,U,-44,9.75"
2026-07-11T14:17:04.455+00:00,/dev/cu.usbserial-58870137921,"RX,1679985,R35,TXF,N76,2,16131,E,1,0.87,0.84,5,U,-43,9.50"
2026-07-11T14:17:04.760+00:00,/dev/cu.usbserial-58870137921,"RX,1680290,R35,TXD,N46,1,16431,G,1,0.93,0.90,5,U,-42,9.50"
2026-07-11T14:17:04.957+00:00,/dev/cu.usbserial-58870137921,"RX,1680486,R35,TXA,N01,14,16627,G,1,0.93,0.90,5,F,-40,9.75"
2026-07-11T14:17:05.223+00:00,/dev/cu.usbserial-58870137921,"RX,1680753,R35,TXB,N16,6,16893,E,1,0.87,0.84,5,U,-57,9.75"
2026-07-11T14:17:05.707+00:00,/dev/cu.usbserial-58870137921,"RX,1681237,R35,TXE,N61,4,17382,A,1,0.75,0.72,5,U,-54,9.75"
2026-07-11T14:17:05.957+00:00,/dev/cu.usbserial-58870137921,"RX,1681486,R35,TXA,N01,15,17627,H,1,0.32,0.30,5,F,-38,10.00"
2026-07-11T14:17:06.098+00:00,/dev/cu.usbserial-58870137921,"RX,1681628,R35,TXK,N151,8,17764,A,0,0.75,0.72,5,U,-48,9.50"
2026-07-11T14:17:06.460+00:00,/dev/cu.usbserial-58870137921,"RX,1681986,R35,TXF,N76,3,18131,G,1,0.93,0.90,5,U,-42,9.50"
2026-07-11T14:17:06.614+00:00,/dev/cu.usbserial-58870137921,"RX,1682144,R35,TXJ,N136,0,18280,G,1,0.93,0.90,5,U,-43,9.75"
2026-07-11T14:17:06.710+00:00,/dev/cu.usbserial-58870137921,"RX,1682240,R35,TXC,N31,2,18381,E,1,0.87,0.84,5,U,-45,9.75"
2026-07-11T14:17:06.957+00:00,/dev/cu.usbserial-58870137921,"RX,1682486,R35,TXA,N01,16,18627,A,0,0.75,0.72,5,F,-39,10.00"
2026-07-11T14:17:07.223+00:00,/dev/cu.usbserial-58870137921,"RX,1682753,R35,TXB,N16,7,18893,G,1,0.93,0.90,5,U,-57,10.75"
2026-07-11T14:17:07.707+00:00,/dev/cu.usbserial-58870137921,"RX,1683237,R35,TXE,N61,5,19382,C,0,0.81,0.78,5,U,-60,9.50"
2026-07-11T14:17:07.815+00:00,/dev/cu.usbserial-58870137921,"RX,1683344,R35,TXI,N121,2,19481,E,1,0.87,0.84,5,U,-42,10.00"
2026-07-11T14:17:07.956+00:00,/dev/cu.usbserial-58870137921,"RX,1683486,R35,TXA,N01,17,19627,B,1,0.20,0.18,5,F,-36,10.00"
2026-07-11T14:17:08.098+00:00,/dev/cu.usbserial-58870137921,"RX,1683627,R35,TXK,N151,9,19764,C,1,0.81,0.78,5,U,-46,9.50"
2026-07-11T14:17:08.710+00:00,/dev/cu.usbserial-58870137921,"RX,1684240,R35,TXC,N31,3,20381,G,1,0.93,0.90,5,U,-42,9.50"
2026-07-11T14:17:08.957+00:00,/dev/cu.usbserial-58870137921,"RX,1684486,R35,TXA,N01,18,20627,C,1,0.81,0.78,5,F,-37,10.00"
2026-07-11T14:17:09.223+00:00,/dev/cu.usbserial-58870137921,"RX,1684753,R35,TXB,N16,8,20893,A,0,0.75,0.72,5,U,-58,9.25"
2026-07-11T14:17:09.707+00:00,/dev/cu.usbserial-58870137921,"RX,1685237,R35,TXE,N61,6,21382,E,1,0.87,0.84,5,U,-49,9.75"
2026-07-11T14:17:09.815+00:00,/dev/cu.usbserial-58870137921,"RX,1685344,R35,TXI,N121,3,21481,G,1,0.93,0.90,5,U,-43,9.50"
2026-07-11T14:17:09.957+00:00,/dev/cu.usbserial-58870137921,"RX,1685486,R35,TXA,N01,19,21627,D,0,0.24,0.22,5,F,-38,9.50"
2026-07-11T14:17:10.098+00:00,/dev/cu.usbserial-58870137921,"RX,1685628,R35,TXK,N151,10,21764,E,1,0.87,0.84,5,U,-50,9.25"
2026-07-11T14:17:10.957+00:00,/dev/cu.usbserial-58870137921,"RX,1686486,R35,TXA,N01,20,22627,E,1,0.87,0.84,5,F,-37,10.25"
2026-07-11T14:17:11.223+00:00,/dev/cu.usbserial-58870137921,"RX,1686753,R35,TXB,N16,9,22893,C,1,0.81,0.78,5,U,-60,9.50"
2026-07-11T14:17:11.707+00:00,/dev/cu.usbserial-58870137921,"RX,1687237,R35,TXE,N61,7,23382,G,1,0.93,0.90,5,U,-51,9.50"
2026-07-11T14:17:11.957+00:00,/dev/cu.usbserial-58870137921,"RX,1687486,R35,TXA,N01,21,23627,F,1,0.28,0.26,5,F,-38,9.00"
2026-07-11T14:17:12.067+00:00,/dev/cu.usbserial-58870137921,"RX,1687596,R35,TXH,N106,2,23742,G,0,0.93,0.90,5,U,-34,4.75"
2026-07-11T14:17:12.249+00:00,/dev/cu.usbserial-58870137921,"RX,1687779,R35,TXL,N166,2,23916,G,0,0.93,0.90,5,U,-45,10.25"
2026-07-11T14:17:12.461+00:00,/dev/cu.usbserial-58870137921,"RX,1687985,R35,TXF,N76,4,24131,E,1,0.87,0.84,5,U,-44,9.75"
2026-07-11T14:17:12.760+00:00,/dev/cu.usbserial-58870137921,"RX,1688290,R35,TXD,N46,2,24431,G,0,0.93,0.90,5,U,-42,9.75"
2026-07-11T14:17:12.956+00:00,/dev/cu.usbserial-58870137921,"RX,1688486,R35,TXA,N01,22,24627,G,0,0.93,0.90,5,F,-36,9.75"
2026-07-11T14:17:13.223+00:00,/dev/cu.usbserial-58870137921,"RX,1688753,R35,TXB,N16,10,24893,E,1,0.87,0.84,5,U,-60,10.50"
2026-07-11T14:17:13.405+00:00,/dev/cu.usbserial-58870137921,"RX,1688934,R35,TXG,N91,1,25080,G,1,0.93,0.90,5,U,-49,9.25"
2026-07-11T14:17:13.707+00:00,/dev/cu.usbserial-58870137921,"RX,1689237,R35,TXE,N61,8,25382,A,0,0.75,0.72,5,U,-50,9.50"
2026-07-11T14:17:13.959+00:00,/dev/cu.usbserial-58870137921,"RX,1689486,R35,TXA,N01,23,25627,H,1,0.32,0.30,5,F,-38,9.50"
2026-07-11T14:17:14.098+00:00,/dev/cu.usbserial-58870137921,"RX,1689628,R35,TXK,N151,12,25764,A,1,0.75,0.72,5,U,-48,9.25"
2026-07-11T14:17:14.456+00:00,/dev/cu.usbserial-58870137921,"RX,1689985,R35,TXF,N76,5,26131,G,0,0.93,0.90,5,U,-44,9.75"
2026-07-11T14:17:14.614+00:00,/dev/cu.usbserial-58870137921,"RX,1690143,R35,TXJ,N136,1,26280,G,1,0.93,0.90,5,U,-44,10.00"
2026-07-11T14:17:14.710+00:00,/dev/cu.usbserial-58870137921,"RX,1690240,R35,TXC,N31,4,26381,E,1,0.87,0.84,5,U,-44,9.50"
2026-07-11T14:17:14.957+00:00,/dev/cu.usbserial-58870137921,"RX,1690486,R35,TXA,N01,24,26627,A,1,0.75,0.72,5,F,-38,9.00"
2026-07-11T14:17:15.223+00:00,/dev/cu.usbserial-58870137921,"RX,1690753,R35,TXB,N16,11,26893,G,0,0.93,0.90,5,U,-59,9.75"
2026-07-11T14:17:15.707+00:00,/dev/cu.usbserial-58870137921,"RX,1691237,R35,TXE,N61,9,27382,C,1,0.81,0.78,5,U,-50,9.50"
2026-07-11T14:17:15.815+00:00,/dev/cu.usbserial-58870137921,"RX,1691344,R35,TXI,N121,4,27481,E,1,0.87,0.84,5,U,-43,10.00"
2026-07-11T14:17:15.957+00:00,/dev/cu.usbserial-58870137921,"RX,1691486,R35,TXA,N01,25,27627,B,0,0.20,0.18,5,F,-38,10.00"
2026-07-11T14:17:16.098+00:00,/dev/cu.usbserial-58870137921,"RX,1691627,R35,TXK,N151,13,27764,C,1,0.81,0.78,5,U,-48,9.75"
2026-07-11T14:17:16.710+00:00,/dev/cu.usbserial-58870137921,"RX,1692240,R35,TXC,N31,5,28381,G,0,0.93,0.90,5,U,-44,9.50"
2026-07-11T14:17:16.957+00:00,/dev/cu.usbserial-58870137921,"RX,1692486,R35,TXA,N01,26,28627,C,1,0.81,0.78,5,F,-38,10.00"
2026-07-11T14:17:17.223+00:00,/dev/cu.usbserial-58870137921,"RX,1692753,R35,TXB,N16,12,28893,A,1,0.75,0.72,5,U,-60,9.25"
2026-07-11T14:17:17.707+00:00,/dev/cu.usbserial-58870137921,"RX,1693237,R35,TXE,N61,10,29382,E,1,0.87,0.84,5,U,-50,9.50"
2026-07-11T14:17:17.815+00:00,/dev/cu.usbserial-58870137921,"RX,1693344,R35,TXI,N121,5,29481,G,0,0.93,0.90,5,U,-43,10.75"
2026-07-11T14:17:17.957+00:00,/dev/cu.usbserial-58870137921,"RX,1693486,R35,TXA,N01,27,29627,D,1,0.24,0.22,5,F,-37,9.25"
2026-07-11T14:17:18.098+00:00,/dev/cu.usbserial-58870137921,"RX,1693627,R35,TXK,N151,14,29764,E,0,0.87,0.84,5,U,-48,9.50"
2026-07-11T14:17:18.957+00:00,/dev/cu.usbserial-58870137921,"RX,1694486,R35,TXA,N01,28,30627,E,0,0.87,0.84,5,F,-37,9.75"
2026-07-11T14:17:19.223+00:00,/dev/cu.usbserial-58870137921,"RX,1694753,R35,TXB,N16,13,30893,C,1,0.81,0.78,5,U,-60,10.25"
2026-07-11T14:17:19.708+00:00,/dev/cu.usbserial-58870137921,"RX,1695237,R35,TXE,N61,11,31382,G,0,0.93,0.90,5,U,-50,10.75"
2026-07-11T14:17:19.956+00:00,/dev/cu.usbserial-58870137921,"RX,1695486,R35,TXA,N01,29,31627,F,1,0.28,0.26,5,F,-37,9.50"
2026-07-11T14:17:20.067+00:00,/dev/cu.usbserial-58870137921,"RX,1695596,R35,TXH,N106,3,31742,G,1,0.93,0.90,5,U,-35,4.25"
2026-07-11T14:17:20.250+00:00,/dev/cu.usbserial-58870137921,"RX,1695779,R35,TXL,N166,3,31916,G,1,0.93,0.90,5,U,-45,9.75"
2026-07-11T14:17:20.456+00:00,/dev/cu.usbserial-58870137921,"RX,1695985,R35,TXF,N76,6,32131,E,0,0.87,0.84,5,U,-44,9.50"
2026-07-11T14:17:20.760+00:00,/dev/cu.usbserial-58870137921,"RX,1696290,R35,TXD,N46,3,32431,G,1,0.93,0.90,5,U,-43,9.75"
2026-07-11T14:17:20.957+00:00,/dev/cu.usbserial-58870137921,"RX,1696486,R35,TXA,N01,30,32627,G,1,0.93,0.90,5,F,-38,9.75"
2026-07-11T14:17:21.223+00:00,/dev/cu.usbserial-58870137921,"RX,1696753,R35,TXB,N16,14,32893,E,0,0.87,0.84,5,U,-60,10.00"
2026-07-11T14:17:21.405+00:00,/dev/cu.usbserial-58870137921,"RX,1696934,R35,TXG,N91,2,33080,G,0,0.93,0.90,5,U,-48,9.50"
2026-07-11T14:17:21.707+00:00,/dev/cu.usbserial-58870137921,"RX,1697237,R35,TXE,N61,12,33382,A,1,0.75,0.72,5,U,-50,9.75"
2026-07-11T14:17:21.957+00:00,/dev/cu.usbserial-58870137921,"RX,1697486,R35,TXA,N01,31,33627,H,0,0.32,0.30,5,F,-37,10.50"
2026-07-11T14:17:22.098+00:00,/dev/cu.usbserial-58870137921,"RX,1697627,R35,TXK,N151,16,33764,A,1,0.75,0.72,5,U,-49,9.25"
2026-07-11T14:17:22.456+00:00,/dev/cu.usbserial-58870137921,"RX,1697985,R35,TXF,N76,7,34131,G,1,0.93,0.90,5,U,-45,9.25"
2026-07-11T14:17:22.614+00:00,/dev/cu.usbserial-58870137921,"RX,1698143,R35,TXJ,N136,2,34280,G,0,0.93,0.90,5,U,-43,9.25"
2026-07-11T14:17:22.710+00:00,/dev/cu.usbserial-58870137921,"RX,1698240,R35,TXC,N31,6,34381,E,0,0.87,0.84,5,U,-44,9.75"
2026-07-11T14:17:22.956+00:00,/dev/cu.usbserial-58870137921,"RX,1698486,R35,TXA,N01,32,34627,A,1,0.75,0.72,5,F,-37,9.50"
2026-07-11T14:17:23.223+00:00,/dev/cu.usbserial-58870137921,"RX,1698753,R35,TXB,N16,15,34893,G,1,0.93,0.90,5,U,-59,10.00"
2026-07-11T14:17:23.707+00:00,/dev/cu.usbserial-58870137921,"RX,1699237,R35,TXE,N61,13,35382,C,1,0.81,0.78,5,U,-50,10.25"
2026-07-11T14:17:23.815+00:00,/dev/cu.usbserial-58870137921,"RX,1699344,R35,TXI,N121,6,35481,E,0,0.87,0.84,5,U,-43,10.25"
2026-07-11T14:17:23.956+00:00,/dev/cu.usbserial-58870137921,"RX,1699486,R35,TXA,N01,33,35627,B,1,0.20,0.18,5,F,-37,9.75"
2026-07-11T14:17:24.098+00:00,/dev/cu.usbserial-58870137921,"RX,1699627,R35,TXK,N151,17,35764,C,0,0.81,0.78,5,U,-48,9.25"
2026-07-11T14:17:24.710+00:00,/dev/cu.usbserial-58870137921,"RX,1700240,R35,TXC,N31,7,36381,G,1,0.93,0.90,5,U,-44,9.75"
2026-07-11T14:17:24.957+00:00,/dev/cu.usbserial-58870137921,"RX,1700486,R35,TXA,N01,34,36627,C,0,0.81,0.78,5,F,-38,10.00"
2026-07-11T14:17:25.224+00:00,/dev/cu.usbserial-58870137921,"RX,1700753,R35,TXB,N16,16,36893,A,1,0.75,0.72,5,U,-60,9.75"
2026-07-11T14:17:25.707+00:00,/dev/cu.usbserial-58870137921,"RX,1701237,R35,TXE,N61,14,37382,E,0,0.87,0.84,5,U,-50,10.25"
2026-07-11T14:17:25.815+00:00,/dev/cu.usbserial-58870137921,"RX,1701344,R35,TXI,N121,7,37481,G,1,0.93,0.90,5,U,-44,10.50"
2026-07-11T14:17:25.956+00:00,/dev/cu.usbserial-58870137921,"RX,1701486,R35,TXA,N01,35,37627,D,1,0.24,0.22,5,F,-37,9.25"
2026-07-11T14:17:26.098+00:00,/dev/cu.usbserial-58870137921,"RX,1701627,R35,TXK,N151,18,37764,E,1,0.87,0.84,5,U,-48,9.25"
2026-07-11T14:17:26.957+00:00,/dev/cu.usbserial-58870137921,"RX,1702486,R35,TXA,N01,36,38627,E,1,0.87,0.84,5,F,-37,10.00"
2026-07-11T14:17:27.223+00:00,/dev/cu.usbserial-58870137921,"RX,1702753,R35,TXB,N16,17,38893,C,0,0.81,0.78,5,U,-60,9.75"
2026-07-11T14:17:27.707+00:00,/dev/cu.usbserial-58870137921,"RX,1703237,R35,TXE,N61,15,39382,G,1,0.93,0.90,5,U,-50,9.50"
2026-07-11T14:17:27.957+00:00,/dev/cu.usbserial-58870137921,"RX,1703486,R35,TXA,N01,37,39627,F,0,0.28,0.26,5,F,-37,10.00"
2026-07-11T14:17:28.098+00:00,/dev/cu.usbserial-58870137921,"RX,1703627,R35,TXK,N151,19,39764,G,1,0.93,0.90,5,U,-48,9.50"
2026-07-11T14:17:28.455+00:00,/dev/cu.usbserial-58870137921,"RX,1703985,R35,TXF,N76,8,40131,E,1,0.87,0.84,5,U,-44,9.25"
2026-07-11T14:17:28.760+00:00,/dev/cu.usbserial-58870137921,"RX,1704290,R35,TXD,N46,4,40431,G,1,0.93,0.90,5,U,-42,9.50"
2026-07-11T14:17:28.956+00:00,/dev/cu.usbserial-58870137921,"RX,1704486,R35,TXA,N01,38,40627,G,1,0.93,0.90,5,F,-37,9.75"
2026-07-11T14:17:29.223+00:00,/dev/cu.usbserial-58870137921,"RX,1704753,R35,TXB,N16,18,40893,E,1,0.87,0.84,5,U,-60,10.25"
2026-07-11T14:17:29.405+00:00,/dev/cu.usbserial-58870137921,"RX,1704934,R35,TXG,N91,3,41080,G,1,0.93,0.90,5,U,-49,9.50"
2026-07-11T14:17:29.707+00:00,/dev/cu.usbserial-58870137921,"RX,1705237,R35,TXE,N61,16,41382,A,1,0.75,0.72,5,U,-50,9.50"
2026-07-11T14:17:29.957+00:00,/dev/cu.usbserial-58870137921,"RX,1705486,R35,TXA,N01,39,41627,H,1,0.32,0.30,5,F,-38,10.50"
2026-07-11T14:17:30.098+00:00,/dev/cu.usbserial-58870137921,"RX,1705627,R35,TXK,N151,20,41764,A,0,0.75,0.72,5,U,-49,9.25"
2026-07-11T14:17:30.455+00:00,/dev/cu.usbserial-58870137921,"RX,1705985,R35,TXF,N76,9,42131,G,1,0.93,0.90,5,U,-44,9.25"
2026-07-11T14:17:30.613+00:00,/dev/cu.usbserial-58870137921,"RX,1706143,R35,TXJ,N136,3,42280,G,1,0.93,0.90,5,U,-44,9.25"
2026-07-11T14:17:30.710+00:00,/dev/cu.usbserial-58870137921,"RX,1706240,R35,TXC,N31,8,42381,E,1,0.87,0.84,5,U,-44,9.50"
2026-07-11T14:17:30.956+00:00,/dev/cu.usbserial-58870137921,"RX,1706486,R35,TXA,N01,40,42627,A,0,0.75,0.72,5,F,-38,10.25"
2026-07-11T14:17:31.223+00:00,/dev/cu.usbserial-58870137921,"RX,1706753,R35,TXB,N16,19,42893,G,1,0.93,0.90,5,U,-60,9.75"
2026-07-11T14:17:31.707+00:00,/dev/cu.usbserial-58870137921,"RX,1707237,R35,TXE,N61,17,43382,C,0,0.81,0.78,5,U,-50,9.75"
2026-07-11T14:17:31.815+00:00,/dev/cu.usbserial-58870137921,"RX,1707344,R35,TXI,N121,8,43481,E,1,0.87,0.84,5,U,-44,9.75"
2026-07-11T14:17:31.956+00:00,/dev/cu.usbserial-58870137921,"RX,1707486,R35,TXA,N01,41,43627,B,1,0.20,0.18,5,F,-38,9.50"
2026-07-11T14:17:32.098+00:00,/dev/cu.usbserial-58870137921,"RX,1707627,R35,TXK,N151,21,43764,C,1,0.81,0.78,5,U,-48,9.50"
2026-07-11T14:17:32.710+00:00,/dev/cu.usbserial-58870137921,"RX,1708240,R35,TXC,N31,9,44381,G,1,0.93,0.90,5,U,-44,9.50"
2026-07-11T14:17:32.956+00:00,/dev/cu.usbserial-58870137921,"RX,1708486,R35,TXA,N01,42,44627,C,1,0.81,0.78,5,F,-38,9.25"
2026-07-11T14:17:33.223+00:00,/dev/cu.usbserial-58870137921,"RX,1708753,R35,TXB,N16,20,44893,A,0,0.75,0.72,5,U,-60,10.00"
2026-07-11T14:17:33.707+00:00,/dev/cu.usbserial-58870137921,"RX,1709237,R35,TXE,N61,18,45382,E,1,0.87,0.84,5,U,-50,9.75"
2026-07-11T14:17:33.814+00:00,/dev/cu.usbserial-58870137921,"RX,1709344,R35,TXI,N121,9,45481,G,1,0.93,0.90,5,U,-43,10.00"
2026-07-11T14:17:33.956+00:00,/dev/cu.usbserial-58870137921,"RX,1709486,R35,TXA,N01,43,45627,D,0,0.24,0.22,5,F,-38,9.50"
2026-07-11T14:17:34.098+00:00,/dev/cu.usbserial-58870137921,"RX,1709627,R35,TXK,N151,22,45764,E,1,0.87,0.84,5,U,-48,10.00"
2026-07-11T14:17:34.956+00:00,/dev/cu.usbserial-58870137921,"RX,1710486,R35,TXA,N01,44,46627,E,1,0.87,0.84,5,F,-37,9.75"
2026-07-11T14:17:35.223+00:00,/dev/cu.usbserial-58870137921,"RX,1710753,R35,TXB,N16,21,46893,C,1,0.81,0.78,5,U,-60,9.75"
2026-07-11T14:17:35.707+00:00,/dev/cu.usbserial-58870137921,"RX,1711237,R35,TXE,N61,19,47382,G,1,0.93,0.90,5,U,-51,9.25"
2026-07-11T14:17:35.956+00:00,/dev/cu.usbserial-58870137921,"RX,1711486,R35,TXA,N01,45,47627,F,1,0.28,0.26,5,F,-38,9.50"
2026-07-11T14:17:36.098+00:00,/dev/cu.usbserial-58870137921,"RX,1711627,R35,TXK,N151,23,47764,G,0,0.93,0.90,5,U,-48,9.50"
2026-07-11T14:17:36.455+00:00,/dev/cu.usbserial-58870137921,"RX,1711985,R35,TXF,N76,10,48131,E,1,0.87,0.84,5,U,-44,9.75"
2026-07-11T14:17:36.760+00:00,/dev/cu.usbserial-58870137921,"RX,1712290,R35,TXD,N46,5,48431,G,0,0.93,0.90,5,U,-43,9.75"
2026-07-11T14:17:36.957+00:00,/dev/cu.usbserial-58870137921,"RX,1712486,R35,TXA,N01,46,48627,G,0,0.93,0.90,5,F,-37,9.75"
2026-07-11T14:17:37.223+00:00,/dev/cu.usbserial-58870137921,"RX,1712753,R35,TXB,N16,22,48893,E,1,0.87,0.84,5,U,-60,10.25"
2026-07-11T14:17:37.404+00:00,/dev/cu.usbserial-58870137921,"RX,1712934,R35,TXG,N91,4,49080,G,1,0.93,0.90,5,U,-50,9.50"
2026-07-11T14:17:37.707+00:00,/dev/cu.usbserial-58870137921,"RX,1713237,R35,TXE,N61,20,49382,A,0,0.75,0.72,5,U,-51,10.00"
2026-07-11T14:17:37.956+00:00,/dev/cu.usbserial-58870137921,"RX,1713486,R35,TXA,N01,47,49627,H,1,0.32,0.30,5,F,-38,9.75"
2026-07-11T14:17:38.098+00:00,/dev/cu.usbserial-58870137921,"RX,1713627,R35,TXK,N151,24,49764,A,1,0.75,0.72,5,U,-49,9.50"
2026-07-11T14:17:38.456+00:00,/dev/cu.usbserial-58870137921,"RX,1713985,R35,TXF,N76,11,50131,G,0,0.93,0.90,5,U,-44,10.00"
2026-07-11T14:17:38.613+00:00,/dev/cu.usbserial-58870137921,"RX,1714143,R35,TXJ,N136,4,50280,G,1,0.93,0.90,5,U,-43,9.50"
2026-07-11T14:17:38.710+00:00,/dev/cu.usbserial-58870137921,"RX,1714240,R35,TXC,N31,10,50381,E,1,0.87,0.84,5,U,-44,10.00"
2026-07-11T14:17:38.956+00:00,/dev/cu.usbserial-58870137921,"RX,1714486,R35,TXA,N01,48,50627,A,1,0.75,0.72,5,F,-38,9.75"
2026-07-11T14:17:39.223+00:00,/dev/cu.usbserial-58870137921,"RX,1714753,R35,TXB,N16,23,50893,G,0,0.93,0.90,5,U,-59,9.75"
2026-07-11T14:17:39.707+00:00,/dev/cu.usbserial-58870137921,"RX,1715237,R35,TXE,N61,21,51382,C,1,0.81,0.78,5,U,-50,10.25"
2026-07-11T14:17:39.815+00:00,/dev/cu.usbserial-58870137921,"RX,1715344,R35,TXI,N121,10,51481,E,1,0.87,0.84,5,U,-44,9.25"
2026-07-11T14:17:39.956+00:00,/dev/cu.usbserial-58870137921,"RX,1715486,R35,TXA,N01,49,51627,B,0,0.20,0.18,5,F,-38,10.00"
2026-07-11T14:17:40.098+00:00,/dev/cu.usbserial-58870137921,"RX,1715627,R35,TXK,N151,25,51764,C,1,0.81,0.78,5,U,-48,9.25"
2026-07-11T14:17:40.710+00:00,/dev/cu.usbserial-58870137921,"RX,1716240,R35,TXC,N31,11,52381,G,0,0.93,0.90,5,U,-43,10.00"
2026-07-11T14:17:40.956+00:00,/dev/cu.usbserial-58870137921,"RX,1716486,R35,TXA,N01,50,52627,C,1,0.81,0.78,5,F,-37,9.75"
2026-07-11T14:17:41.223+00:00,/dev/cu.usbserial-58870137921,"RX,1716753,R35,TXB,N16,24,52893,A,1,0.75,0.72,5,U,-60,9.75"
2026-07-11T14:17:41.707+00:00,/dev/cu.usbserial-58870137921,"RX,1717237,R35,TXE,N61,22,53382,E,1,0.87,0.84,5,U,-50,10.25"
2026-07-11T14:17:41.814+00:00,/dev/cu.usbserial-58870137921,"RX,1717344,R35,TXI,N121,11,53481,G,0,0.93,0.90,5,U,-43,9.75"
2026-07-11T14:17:41.956+00:00,/dev/cu.usbserial-58870137921,"RX,1717486,R35,TXA,N01,51,53627,D,1,0.24,0.22,5,F,-37,9.50"
2026-07-11T14:17:42.098+00:00,/dev/cu.usbserial-58870137921,"RX,1717627,R35,TXK,N151,26,53764,E,0,0.87,0.84,5,U,-48,9.50"
2026-07-11T14:17:42.956+00:00,/dev/cu.usbserial-58870137921,"RX,1718486,R35,TXA,N01,52,54627,E,0,0.87,0.84,5,F,-38,9.25"
2026-07-11T14:17:43.223+00:00,/dev/cu.usbserial-58870137921,"RX,1718753,R35,TXB,N16,25,54893,C,1,0.81,0.78,5,U,-60,9.50"
2026-07-11T14:17:43.707+00:00,/dev/cu.usbserial-58870137921,"RX,1719237,R35,TXE,N61,23,55382,G,0,0.93,0.90,5,U,-51,10.25"
2026-07-11T14:17:43.956+00:00,/dev/cu.usbserial-58870137921,"RX,1719486,R35,TXA,N01,53,55627,F,1,0.28,0.26,5,F,-37,10.00"
2026-07-11T14:17:44.098+00:00,/dev/cu.usbserial-58870137921,"RX,1719627,R35,TXK,N151,27,55764,G,1,0.93,0.90,5,U,-49,9.00"
2026-07-11T14:17:44.455+00:00,/dev/cu.usbserial-58870137921,"RX,1719985,R35,TXF,N76,12,56131,E,0,0.87,0.84,5,U,-44,9.50"
2026-07-11T14:17:44.760+00:00,/dev/cu.usbserial-58870137921,"RX,1720290,R35,TXD,N46,6,56431,G,1,0.93,0.90,5,U,-42,9.50"
2026-07-11T14:17:44.956+00:00,/dev/cu.usbserial-58870137921,"RX,1720486,R35,TXA,N01,54,56627,G,1,0.93,0.90,5,F,-37,9.75"
2026-07-11T14:17:45.223+00:00,/dev/cu.usbserial-58870137921,"RX,1720753,R35,TXB,N16,26,56893,E,0,0.87,0.84,5,U,-59,10.25"
2026-07-11T14:17:45.405+00:00,/dev/cu.usbserial-58870137921,"RX,1720934,R35,TXG,N91,5,57080,G,0,0.93,0.90,5,U,-48,9.25"
2026-07-11T14:17:45.707+00:00,/dev/cu.usbserial-58870137921,"RX,1721237,R35,TXE,N61,24,57382,A,1,0.75,0.72,5,U,-50,10.00"
2026-07-11T14:17:45.956+00:00,/dev/cu.usbserial-58870137921,"RX,1721486,R35,TXA,N01,55,57627,H,0,0.32,0.30,5,F,-38,10.00"
2026-07-11T14:17:46.098+00:00,/dev/cu.usbserial-58870137921,"RX,1721627,R35,TXK,N151,28,57764,A,1,0.75,0.72,5,U,-49,9.25"
2026-07-11T14:17:46.456+00:00,/dev/cu.usbserial-58870137921,"RX,1721985,R35,TXF,N76,13,58131,G,1,0.93,0.90,5,U,-44,9.75"
2026-07-11T14:17:46.613+00:00,/dev/cu.usbserial-58870137921,"RX,1722143,R35,TXJ,N136,5,58280,G,0,0.93,0.90,5,U,-43,10.25"
2026-07-11T14:17:46.710+00:00,/dev/cu.usbserial-58870137921,"RX,1722240,R35,TXC,N31,12,58381,E,0,0.87,0.84,5,U,-44,9.50"
2026-07-11T14:17:46.956+00:00,/dev/cu.usbserial-58870137921,"RX,1722486,R35,TXA,N01,56,58627,A,1,0.75,0.72,5,F,-38,9.75"
2026-07-11T14:17:47.223+00:00,/dev/cu.usbserial-58870137921,"RX,1722753,R35,TXB,N16,27,58893,G,1,0.93,0.90,5,U,-59,10.25"
2026-07-11T14:17:47.707+00:00,/dev/cu.usbserial-58870137921,"RX,1723237,R35,TXE,N61,25,59382,C,1,0.81,0.78,5,U,-50,10.00"
2026-07-11T14:17:47.814+00:00,/dev/cu.usbserial-58870137921,"RX,1723344,R35,TXI,N121,12,59481,E,0,0.87,0.84,5,U,-43,9.50"
2026-07-11T14:17:47.956+00:00,/dev/cu.usbserial-58870137921,"RX,1723486,R35,TXA,N01,57,59627,B,1,0.20,0.18,5,F,-38,9.50"
2026-07-11T14:17:48.098+00:00,/dev/cu.usbserial-58870137921,"RX,1723627,R35,TXK,N151,29,59764,C,0,0.81,0.78,5,U,-49,9.00"
2026-07-11T14:17:48.710+00:00,/dev/cu.usbserial-58870137921,"RX,1724240,R35,TXC,N31,13,60381,G,1,0.93,0.90,5,U,-44,9.75"
2026-07-11T14:17:48.956+00:00,/dev/cu.usbserial-58870137921,"RX,1724486,R35,TXA,N01,58,60627,C,0,0.81,0.78,5,F,-37,9.75"
2026-07-11T14:17:49.223+00:00,/dev/cu.usbserial-58870137921,"RX,1724753,R35,TXB,N16,28,60893,A,1,0.75,0.72,5,U,-61,9.50"
2026-07-11T14:17:49.707+00:00,/dev/cu.usbserial-58870137921,"RX,1725237,R35,TXE,N61,26,61382,E,0,0.87,0.84,5,U,-50,10.00"
2026-07-11T14:17:49.814+00:00,/dev/cu.usbserial-58870137921,"RX,1725344,R35,TXI,N121,13,61481,G,1,0.93,0.90,5,U,-44,9.50"
2026-07-11T14:17:49.956+00:00,/dev/cu.usbserial-58870137921,"RX,1725486,R35,TXA,N01,59,61627,D,1,0.24,0.22,5,F,-37,10.00"
2026-07-11T14:17:50.097+00:00,/dev/cu.usbserial-58870137921,"RX,1725627,R35,TXK,N151,30,61764,E,1,0.87,0.84,5,U,-48,9.25"
2026-07-11T14:17:50.956+00:00,/dev/cu.usbserial-58870137921,"RX,1726486,R35,TXA,N01,60,62627,E,1,0.87,0.84,5,F,-38,9.25"
2026-07-11T14:17:51.223+00:00,/dev/cu.usbserial-58870137921,"RX,1726753,R35,TXB,N16,29,62893,C,0,0.81,0.78,5,U,-60,9.50"
2026-07-11T14:17:51.707+00:00,/dev/cu.usbserial-58870137921,"RX,1727237,R35,TXE,N61,27,63382,G,1,0.93,0.90,5,U,-50,9.75"
2026-07-11T14:17:51.956+00:00,/dev/cu.usbserial-58870137921,"RX,1727486,R35,TXA,N01,61,63627,F,0,0.28,0.26,5,F,-38,9.25"
2026-07-11T14:17:52.097+00:00,/dev/cu.usbserial-58870137921,"RX,1727627,R35,TXK,N151,31,63764,G,1,0.93,0.90,5,U,-48,9.50"
2026-07-11T14:17:52.456+00:00,/dev/cu.usbserial-58870137921,"RX,1727985,R35,TXF,N76,14,64131,E,1,0.87,0.84,5,U,-44,9.50"
2026-07-11T14:17:52.760+00:00,/dev/cu.usbserial-58870137921,"RX,1728290,R35,TXD,N46,7,64431,G,1,0.93,0.90,5,U,-43,9.50"
2026-07-11T14:17:52.956+00:00,/dev/cu.usbserial-58870137921,"RX,1728486,R35,TXA,N01,62,64627,G,1,0.93,0.90,5,F,-38,9.25"
2026-07-11T14:17:53.223+00:00,/dev/cu.usbserial-58870137921,"RX,1728753,R35,TXB,N16,30,64893,E,1,0.87,0.84,5,U,-59,10.25"
2026-07-11T14:17:53.404+00:00,/dev/cu.usbserial-58870137921,"RX,1728934,R35,TXG,N91,6,65080,G,1,0.93,0.90,5,U,-49,9.25"
2026-07-11T14:17:53.707+00:00,/dev/cu.usbserial-58870137921,"RX,1729237,R35,TXE,N61,28,65382,A,1,0.75,0.72,5,U,-51,9.50"
2026-07-11T14:17:53.956+00:00,/dev/cu.usbserial-58870137921,"RX,1729486,R35,TXA,N01,63,65627,H,1,0.32,0.30,5,F,-38,9.75"
2026-07-11T14:17:54.097+00:00,/dev/cu.usbserial-58870137921,"RX,1729627,R35,TXK,N151,32,65764,A,1,0.75,0.72,5,U,-48,9.25"
2026-07-11T14:17:54.455+00:00,/dev/cu.usbserial-58870137921,"RX,1729985,R35,TXF,N76,15,66131,G,1,0.93,0.90,5,U,-44,9.50"
2026-07-11T14:17:54.613+00:00,/dev/cu.usbserial-58870137921,"RX,1730143,R35,TXJ,N136,6,66280,G,1,0.93,0.90,5,U,-44,10.50"
2026-07-11T14:17:54.710+00:00,/dev/cu.usbserial-58870137921,"RX,1730239,R35,TXC,N31,14,66381,E,1,0.87,0.84,5,U,-44,10.00"
2026-07-11T14:17:54.956+00:00,/dev/cu.usbserial-58870137921,"RX,1730486,R35,TXA,N01,64,66627,A,1,0.75,0.72,5,F,-38,9.25"
2026-07-11T14:17:55.223+00:00,/dev/cu.usbserial-58870137921,"RX,1730753,R35,TXB,N16,31,66893,G,1,0.93,0.90,5,U,-60,10.25"
2026-07-11T14:17:55.707+00:00,/dev/cu.usbserial-58870137921,"RX,1731237,R35,TXE,N61,29,67382,C,0,0.81,0.78,5,U,-51,9.75"
2026-07-11T14:17:55.814+00:00,/dev/cu.usbserial-58870137921,"RX,1731344,R35,TXI,N121,14,67481,E,1,0.87,0.84,5,U,-43,9.50"
2026-07-11T14:17:55.956+00:00,/dev/cu.usbserial-58870137921,"RX,1731486,R35,TXA,N01,65,67627,B,0,0.20,0.18,5,F,-37,9.50"
2026-07-11T14:17:56.097+00:00,/dev/cu.usbserial-58870137921,"RX,1731627,R35,TXK,N151,33,67764,C,1,0.81,0.78,5,U,-48,9.25"
2026-07-11T14:17:56.709+00:00,/dev/cu.usbserial-58870137921,"RX,1732239,R35,TXC,N31,15,68381,G,1,0.93,0.90,5,U,-44,9.50"
2026-07-11T14:17:56.956+00:00,/dev/cu.usbserial-58870137921,"RX,1732486,R35,TXA,N01,66,68627,C,1,0.81,0.78,5,F,-38,9.50"
2026-07-11T14:17:57.223+00:00,/dev/cu.usbserial-58870137921,"RX,1732753,R35,TXB,N16,32,68893,A,1,0.75,0.72,5,U,-60,9.50"
2026-07-11T14:17:57.707+00:00,/dev/cu.usbserial-58870137921,"RX,1733237,R35,TXE,N61,30,69382,E,1,0.87,0.84,5,U,-50,10.00"
2026-07-11T14:17:57.814+00:00,/dev/cu.usbserial-58870137921,"RX,1733344,R35,TXI,N121,15,69481,G,1,0.93,0.90,5,U,-44,9.25"
2026-07-11T14:17:57.956+00:00,/dev/cu.usbserial-58870137921,"RX,1733486,R35,TXA,N01,67,69627,D,1,0.24,0.22,5,F,-38,9.50"
2026-07-11T14:17:58.097+00:00,/dev/cu.usbserial-58870137921,"RX,1733627,R35,TXK,N151,34,69764,E,0,0.87,0.84,5,U,-48,9.50"
2026-07-11T14:17:58.956+00:00,/dev/cu.usbserial-58870137921,"RX,1734486,R35,TXA,N01,68,70627,E,0,0.87,0.84,5,F,-38,10.50"
2026-07-11T14:17:59.223+00:00,/dev/cu.usbserial-58870137921,"RX,1734753,R35,TXB,N16,33,70893,C,1,0.81,0.78,5,U,-59,10.25"
2026-07-11T14:17:59.706+00:00,/dev/cu.usbserial-58870137921,"RX,1735237,R35,TXE,N61,31,71382,G,1,0.93,0.90,5,U,-50,9.75"
2026-07-11T14:17:59.956+00:00,/dev/cu.usbserial-58870137921,"RX,1735486,R35,TXA,N01,69,71627,F,1,0.28,0.26,5,F,-37,10.25"
2026-07-11T14:18:00.066+00:00,/dev/cu.usbserial-58870137921,"RX,1735596,R35,TXH,N106,4,71742,G,1,0.93,0.90,5,U,-35,4.25"
2026-07-11T14:18:00.249+00:00,/dev/cu.usbserial-58870137921,"RX,1735779,R35,TXL,N166,4,71916,G,1,0.93,0.90,5,U,-45,9.75"
2026-07-11T14:18:00.456+00:00,/dev/cu.usbserial-58870137921,"RX,1735985,R35,TXF,N76,16,72131,E,0,0.87,0.84,5,U,-44,10.50"
2026-07-11T14:18:00.760+00:00,/dev/cu.usbserial-58870137921,"RX,1736290,R35,TXD,N46,8,72431,G,1,0.93,0.90,5,U,-43,9.75"
2026-07-11T14:18:00.956+00:00,/dev/cu.usbserial-58870137921,"RX,1736486,R35,TXA,N01,70,72627,G,1,0.93,0.90,5,F,-37,10.00"
2026-07-11T14:18:01.223+00:00,/dev/cu.usbserial-58870137921,"RX,1736753,R35,TXB,N16,34,72893,E,0,0.87,0.84,5,U,-60,9.75"
2026-07-11T14:18:01.404+00:00,/dev/cu.usbserial-58870137921,"RX,1736934,R35,TXG,N91,7,73080,G,1,0.93,0.90,5,U,-49,9.25"
2026-07-11T14:18:01.707+00:00,/dev/cu.usbserial-58870137921,"RX,1737236,R35,TXE,N61,32,73382,A,1,0.75,0.72,5,U,-50,9.75"
2026-07-11T14:18:01.956+00:00,/dev/cu.usbserial-58870137921,"RX,1737486,R35,TXA,N01,71,73627,H,0,0.32,0.30,5,F,-38,9.50"
2026-07-11T14:18:02.097+00:00,/dev/cu.usbserial-58870137921,"RX,1737627,R35,TXK,N151,36,73764,A,1,0.75,0.72,5,U,-49,9.25"
2026-07-11T14:18:02.456+00:00,/dev/cu.usbserial-58870137921,"RX,1737985,R35,TXF,N76,17,74131,G,1,0.93,0.90,5,U,-44,10.00"
2026-07-11T14:18:02.709+00:00,/dev/cu.usbserial-58870137921,"RX,1738239,R35,TXC,N31,16,74381,E,0,0.87,0.84,5,U,-44,9.75"
2026-07-11T14:18:02.956+00:00,/dev/cu.usbserial-58870137921,"RX,1738486,R35,TXA,N01,72,74627,A,1,0.75,0.72,5,F,-37,9.25"
2026-07-11T14:18:03.223+00:00,/dev/cu.usbserial-58870137921,"RX,1738753,R35,TXB,N16,35,74893,G,1,0.93,0.90,5,U,-60,10.25"
2026-07-11T14:18:03.707+00:00,/dev/cu.usbserial-58870137921,"RX,1739237,R35,TXE,N61,33,75382,C,1,0.81,0.78,5,U,-50,10.00"
2026-07-11T14:18:03.814+00:00,/dev/cu.usbserial-58870137921,"RX,1739344,R35,TXI,N121,16,75481,E,0,0.87,0.84,5,U,-44,9.50"
2026-07-11T14:18:03.956+00:00,/dev/cu.usbserial-58870137921,"RX,1739486,R35,TXA,N01,73,75627,B,1,0.20,0.18,5,F,-38,10.00"
2026-07-11T14:18:04.097+00:00,/dev/cu.usbserial-58870137921,"RX,1739627,R35,TXK,N151,37,75764,C,0,0.81,0.78,5,U,-49,9.25"
2026-07-11T14:18:04.709+00:00,/dev/cu.usbserial-58870137921,"RX,1740239,R35,TXC,N31,17,76381,G,1,0.93,0.90,5,U,-43,9.75"
2026-07-11T14:18:04.956+00:00,/dev/cu.usbserial-58870137921,"RX,1740486,R35,TXA,N01,74,76627,C,0,0.81,0.78,5,F,-37,9.75"
2026-07-11T14:18:05.223+00:00,/dev/cu.usbserial-58870137921,"RX,1740753,R35,TXB,N16,36,76893,A,1,0.75,0.72,5,U,-60,10.25"
2026-07-11T14:18:05.707+00:00,/dev/cu.usbserial-58870137921,"RX,1741236,R35,TXE,N61,34,77382,E,0,0.87,0.84,5,U,-50,10.50"
2026-07-11T14:18:05.815+00:00,/dev/cu.usbserial-58870137921,"RX,1741344,R35,TXI,N121,17,77481,G,1,0.93,0.90,5,U,-44,9.25"
2026-07-11T14:18:05.956+00:00,/dev/cu.usbserial-58870137921,"RX,1741486,R35,TXA,N01,75,77627,D,1,0.24,0.22,5,F,-38,10.50"
2026-07-11T14:18:06.097+00:00,/dev/cu.usbserial-58870137921,"RX,1741627,R35,TXK,N151,38,77764,E,1,0.87,0.84,5,U,-49,9.25"
2026-07-11T14:18:06.956+00:00,/dev/cu.usbserial-58870137921,"RX,1742486,R35,TXA,N01,76,78627,E,1,0.87,0.84,5,F,-38,10.00"
2026-07-11T14:18:07.223+00:00,/dev/cu.usbserial-58870137921,"RX,1742753,R35,TXB,N16,37,78893,C,0,0.81,0.78,5,U,-60,9.25"
2026-07-11T14:18:07.706+00:00,/dev/cu.usbserial-58870137921,"RX,1743236,R35,TXE,N61,35,79382,G,1,0.93,0.90,5,U,-50,9.75"
2026-07-11T14:18:07.956+00:00,/dev/cu.usbserial-58870137921,"RX,1743486,R35,TXA,N01,77,79627,F,0,0.28,0.26,5,F,-38,10.00"
2026-07-11T14:18:08.066+00:00,/dev/cu.usbserial-58870137921,"RX,1743596,R35,TXH,N106,5,79742,G,1,0.93,0.90,5,U,-36,4.50"
2026-07-11T14:18:08.248+00:00,/dev/cu.usbserial-58870137921,"RX,1743779,R35,TXL,N166,5,79916,G,1,0.93,0.90,5,U,-45,9.75"
2026-07-11T14:18:08.455+00:00,/dev/cu.usbserial-58870137921,"RX,1743985,R35,TXF,N76,18,80131,E,1,0.87,0.84,5,U,-43,10.00"
2026-07-11T14:18:08.759+00:00,/dev/cu.usbserial-58870137921,"RX,1744290,R35,TXD,N46,9,80431,G,1,0.93,0.90,5,U,-43,9.50"
2026-07-11T14:18:08.956+00:00,/dev/cu.usbserial-58870137921,"RX,1744486,R35,TXA,N01,78,80627,G,1,0.93,0.90,5,F,-37,9.50"
2026-07-11T14:18:09.223+00:00,/dev/cu.usbserial-58870137921,"RX,1744753,R35,TXB,N16,38,80893,E,1,0.87,0.84,5,U,-60,10.00"
2026-07-11T14:18:09.404+00:00,/dev/cu.usbserial-58870137921,"RX,1744934,R35,TXG,N91,8,81080,G,1,0.93,0.90,5,U,-49,9.75"
2026-07-11T14:18:09.706+00:00,/dev/cu.usbserial-58870137921,"RX,1745236,R35,TXE,N61,36,81382,A,1,0.75,0.72,5,U,-50,9.50"
2026-07-11T14:18:09.956+00:00,/dev/cu.usbserial-58870137921,"RX,1745486,R35,TXA,N01,79,81627,H,1,0.32,0.30,5,F,-37,10.00"
2026-07-11T14:18:10.097+00:00,/dev/cu.usbserial-58870137921,"RX,1745627,R35,TXK,N151,40,81764,A,0,0.75,0.72,5,U,-49,9.25"
2026-07-11T14:18:10.455+00:00,/dev/cu.usbserial-58870137921,"RX,1745985,R35,TXF,N76,19,82131,G,1,0.93,0.90,5,U,-43,9.50"
2026-07-11T14:18:10.613+00:00,/dev/cu.usbserial-58870137921,"RX,1746143,R35,TXJ,N136,8,82280,G,1,0.93,0.90,5,U,-43,10.00"
2026-07-11T14:18:10.709+00:00,/dev/cu.usbserial-58870137921,"RX,1746239,R35,TXC,N31,18,82381,E,1,0.87,0.84,5,U,-44,10.75"
2026-07-11T14:18:10.956+00:00,/dev/cu.usbserial-58870137921,"RX,1746486,R35,TXA,N01,80,82627,A,0,0.75,0.72,5,F,-37,9.50"
2026-07-11T14:18:11.223+00:00,/dev/cu.usbserial-58870137921,"RX,1746753,R35,TXB,N16,39,82893,G,1,0.93,0.90,5,U,-60,9.50"
2026-07-11T14:18:11.706+00:00,/dev/cu.usbserial-58870137921,"RX,1747236,R35,TXE,N61,37,83382,C,0,0.81,0.78,5,U,-50,12.25"
2026-07-11T14:18:11.814+00:00,/dev/cu.usbserial-58870137921,"RX,1747344,R35,TXI,N121,18,83481,E,1,0.87,0.84,5,U,-43,9.50"
2026-07-11T14:18:11.956+00:00,/dev/cu.usbserial-58870137921,"RX,1747486,R35,TXA,N01,81,83627,B,1,0.20,0.18,5,F,-38,9.50"
2026-07-11T14:18:12.709+00:00,/dev/cu.usbserial-58870137921,"RX,1748239,R35,TXC,N31,19,84381,G,1,0.93,0.90,5,U,-43,9.75"
2026-07-11T14:18:12.956+00:00,/dev/cu.usbserial-58870137921,"RX,1748486,R35,TXA,N01,82,84627,C,1,0.81,0.78,5,F,-38,10.25"
2026-07-11T14:18:13.223+00:00,/dev/cu.usbserial-58870137921,"RX,1748753,R35,TXB,N16,40,84893,A,0,0.75,0.72,5,U,-59,10.25"
2026-07-11T14:18:13.706+00:00,/dev/cu.usbserial-58870137921,"RX,1749236,R35,TXE,N61,38,85382,E,1,0.87,0.84,5,U,-50,9.75"
2026-07-11T14:18:13.814+00:00,/dev/cu.usbserial-58870137921,"RX,1749344,R35,TXI,N121,19,85481,G,1,0.93,0.90,5,U,-43,9.75"
2026-07-11T14:18:13.956+00:00,/dev/cu.usbserial-58870137921,"RX,1749486,R35,TXA,N01,83,85627,D,0,0.24,0.22,5,F,-38,9.75"
2026-07-11T14:18:14.097+00:00,/dev/cu.usbserial-58870137921,"RX,1749627,R35,TXK,N151,42,85764,E,1,0.87,0.84,5,U,-48,9.25"
2026-07-11T14:18:14.956+00:00,/dev/cu.usbserial-58870137921,"RX,1750486,R35,TXA,N01,84,86627,E,1,0.87,0.84,5,F,-38,9.50"
2026-07-11T14:18:15.223+00:00,/dev/cu.usbserial-58870137921,"RX,1750753,R35,TXB,N16,41,86893,C,1,0.81,0.78,5,U,-60,9.75"
2026-07-11T14:18:15.706+00:00,/dev/cu.usbserial-58870137921,"RX,1751236,R35,TXE,N61,39,87382,G,1,0.93,0.90,5,U,-50,10.25"
2026-07-11T14:18:15.956+00:00,/dev/cu.usbserial-58870137921,"RX,1751486,R35,TXA,N01,85,87627,F,1,0.28,0.26,5,F,-38,9.75"
2026-07-11T14:18:16.066+00:00,/dev/cu.usbserial-58870137921,"RX,1751596,R35,TXH,N106,6,87742,G,0,0.93,0.90,5,U,-35,4.50"
2026-07-11T14:18:16.248+00:00,/dev/cu.usbserial-58870137921,"RX,1751779,R35,TXL,N166,6,87916,G,0,0.93,0.90,5,U,-46,9.50"
2026-07-11T14:18:16.455+00:00,/dev/cu.usbserial-58870137921,"RX,1751985,R35,TXF,N76,20,88131,E,1,0.87,0.84,5,U,-43,10.00"
2026-07-11T14:18:16.759+00:00,/dev/cu.usbserial-58870137921,"RX,1752289,R35,TXD,N46,10,88431,G,0,0.93,0.90,5,U,-42,10.00"
2026-07-11T14:18:16.956+00:00,/dev/cu.usbserial-58870137921,"RX,1752486,R35,TXA,N01,86,88627,G,0,0.93,0.90,5,F,-38,10.00"
2026-07-11T14:18:17.223+00:00,/dev/cu.usbserial-58870137921,"RX,1752753,R35,TXB,N16,42,88893,E,1,0.87,0.84,5,U,-59,10.00"
2026-07-11T14:18:17.404+00:00,/dev/cu.usbserial-58870137921,"RX,1752934,R35,TXG,N91,9,89080,G,1,0.93,0.90,5,U,-49,10.25"
2026-07-11T14:18:17.706+00:00,/dev/cu.usbserial-58870137921,"RX,1753236,R35,TXE,N61,40,89382,A,0,0.75,0.72,5,U,-50,9.75"
2026-07-11T14:18:17.956+00:00,/dev/cu.usbserial-58870137921,"RX,1753486,R35,TXA,N01,87,89627,H,1,0.32,0.30,5,F,-38,9.50"
2026-07-11T14:18:18.097+00:00,/dev/cu.usbserial-58870137921,"RX,1753627,R35,TXK,N151,44,89764,A,1,0.75,0.72,5,U,-49,9.25"
2026-07-11T14:18:18.455+00:00,/dev/cu.usbserial-58870137921,"RX,1753985,R35,TXF,N76,21,90131,G,0,0.93,0.90,5,U,-44,9.75"
2026-07-11T14:18:18.613+00:00,/dev/cu.usbserial-58870137921,"RX,1754143,R35,TXJ,N136,9,90280,G,1,0.93,0.90,5,U,-43,9.75"
2026-07-11T14:18:18.709+00:00,/dev/cu.usbserial-58870137921,"RX,1754239,R35,TXC,N31,20,90381,E,1,0.87,0.84,5,U,-44,9.75"
2026-07-11T14:18:18.956+00:00,/dev/cu.usbserial-58870137921,"RX,1754486,R35,TXA,N01,88,90627,A,1,0.75,0.72,5,F,-37,9.75"
2026-07-11T14:18:19.223+00:00,/dev/cu.usbserial-58870137921,"RX,1754753,R35,TXB,N16,43,90893,G,0,0.93,0.90,5,U,-60,9.75"
2026-07-11T14:18:19.707+00:00,/dev/cu.usbserial-58870137921,"RX,1755236,R35,TXE,N61,41,91382,C,1,0.81,0.78,5,U,-50,9.50"
2026-07-11T14:18:19.814+00:00,/dev/cu.usbserial-58870137921,"RX,1755344,R35,TXI,N121,20,91481,E,1,0.87,0.84,5,U,-43,9.75"
2026-07-11T14:18:19.956+00:00,/dev/cu.usbserial-58870137921,"RX,1755486,R35,TXA,N01,89,91627,B,0,0.20,0.18,5,F,-38,9.25"
2026-07-11T14:18:20.097+00:00,/dev/cu.usbserial-58870137921,"RX,1755627,R35,TXK,N151,45,91764,C,1,0.81,0.78,5,U,-49,9.25"
2026-07-11T14:18:20.709+00:00,/dev/cu.usbserial-58870137921,"RX,1756239,R35,TXC,N31,21,92381,G,0,0.93,0.90,5,U,-43,10.50"
2026-07-11T14:18:20.956+00:00,/dev/cu.usbserial-58870137921,"RX,1756486,R35,TXA,N01,90,92627,C,1,0.81,0.78,5,F,-38,9.50"
2026-07-11T14:18:21.223+00:00,/dev/cu.usbserial-58870137921,"RX,1756753,R35,TXB,N16,44,92893,A,1,0.75,0.72,5,U,-60,9.50"
2026-07-11T14:18:21.707+00:00,/dev/cu.usbserial-58870137921,"RX,1757236,R35,TXE,N61,42,93382,E,1,0.87,0.84,5,U,-50,10.00"
2026-07-11T14:18:21.814+00:00,/dev/cu.usbserial-58870137921,"RX,1757344,R35,TXI,N121,21,93481,G,0,0.93,0.90,5,U,-44,9.50"
2026-07-11T14:18:21.956+00:00,/dev/cu.usbserial-58870137921,"RX,1757486,R35,TXA,N01,91,93627,D,1,0.24,0.22,5,F,-38,9.25"
2026-07-11T14:18:22.097+00:00,/dev/cu.usbserial-58870137921,"RX,1757627,R35,TXK,N151,46,93764,E,0,0.87,0.84,5,U,-48,9.25"
2026-07-11T14:18:22.956+00:00,/dev/cu.usbserial-58870137921,"RX,1758486,R35,TXA,N01,92,94627,E,0,0.87,0.84,5,F,-37,12.00"
2026-07-11T14:18:23.223+00:00,/dev/cu.usbserial-58870137921,"RX,1758753,R35,TXB,N16,45,94893,C,1,0.81,0.78,5,U,-60,9.50"
2026-07-11T14:18:23.707+00:00,/dev/cu.usbserial-58870137921,"RX,1759236,R35,TXE,N61,43,95382,G,0,0.93,0.90,5,U,-50,10.00"
2026-07-11T14:18:23.956+00:00,/dev/cu.usbserial-58870137921,"RX,1759486,R35,TXA,N01,93,95627,F,1,0.28,0.26,5,F,-38,9.50"
2026-07-11T14:18:24.066+00:00,/dev/cu.usbserial-58870137921,"RX,1759596,R35,TXH,N106,7,95742,G,1,0.93,0.90,5,U,-36,4.50"
2026-07-11T14:18:24.249+00:00,/dev/cu.usbserial-58870137921,"RX,1759778,R35,TXL,N166,7,95916,G,1,0.93,0.90,5,U,-45,10.00"
2026-07-11T14:18:24.455+00:00,/dev/cu.usbserial-58870137921,"RX,1759985,R35,TXF,N76,22,96131,E,0,0.87,0.84,5,U,-43,10.25"
2026-07-11T14:18:24.760+00:00,/dev/cu.usbserial-58870137921,"RX,1760289,R35,TXD,N46,11,96431,G,1,0.93,0.90,5,U,-41,10.00"
2026-07-11T14:18:24.957+00:00,/dev/cu.usbserial-58870137921,"RX,1760486,R35,TXA,N01,94,96627,G,1,0.93,0.90,5,F,-38,10.00"
2026-07-11T14:18:25.223+00:00,/dev/cu.usbserial-58870137921,"RX,1760753,R35,TXB,N16,46,96893,E,0,0.87,0.84,5,U,-60,9.75"
2026-07-11T14:18:25.404+00:00,/dev/cu.usbserial-58870137921,"RX,1760934,R35,TXG,N91,10,97080,G,0,0.93,0.90,5,U,-49,10.00"
2026-07-11T14:18:25.707+00:00,/dev/cu.usbserial-58870137921,"RX,1761236,R35,TXE,N61,44,97382,A,1,0.75,0.72,5,U,-51,10.00"
2026-07-11T14:18:25.956+00:00,/dev/cu.usbserial-58870137921,"RX,1761486,R35,TXA,N01,95,97627,H,0,0.32,0.30,5,F,-38,9.50"
2026-07-11T14:18:26.097+00:00,/dev/cu.usbserial-58870137921,"RX,1761627,R35,TXK,N151,48,97764,A,1,0.75,0.72,5,U,-48,9.25"
2026-07-11T14:18:26.455+00:00,/dev/cu.usbserial-58870137921,"RX,1761985,R35,TXF,N76,23,98131,G,1,0.93,0.90,5,U,-44,10.00"
2026-07-11T14:18:26.613+00:00,/dev/cu.usbserial-58870137921,"RX,1762143,R35,TXJ,N136,10,98280,G,0,0.93,0.90,5,U,-43,9.75"
2026-07-11T14:18:26.709+00:00,/dev/cu.usbserial-58870137921,"RX,1762239,R35,TXC,N31,22,98381,E,0,0.87,0.84,5,U,-44,9.75"
2026-07-11T14:18:26.956+00:00,/dev/cu.usbserial-58870137921,"RX,1762486,R35,TXA,N01,96,98627,A,1,0.75,0.72,5,F,-38,9.50"
2026-07-11T14:18:27.223+00:00,/dev/cu.usbserial-58870137921,"RX,1762753,R35,TXB,N16,47,98893,G,1,0.93,0.90,5,U,-60,10.00"
2026-07-11T14:18:27.706+00:00,/dev/cu.usbserial-58870137921,"RX,1763236,R35,TXE,N61,45,99382,C,1,0.81,0.78,5,U,-50,12.25"
2026-07-11T14:18:27.814+00:00,/dev/cu.usbserial-58870137921,"RX,1763344,R35,TXI,N121,22,99481,E,0,0.87,0.84,5,U,-44,9.50"
2026-07-11T14:18:27.956+00:00,/dev/cu.usbserial-58870137921,"RX,1763486,R35,TXA,N01,97,99627,B,1,0.20,0.18,5,F,-37,10.00"
2026-07-11T14:18:28.097+00:00,/dev/cu.usbserial-58870137921,"RX,1763627,R35,TXK,N151,49,99764,C,0,0.81,0.78,5,U,-48,9.50"
2026-07-11T14:18:28.709+00:00,/dev/cu.usbserial-58870137921,"RX,1764239,R35,TXC,N31,23,100381,G,1,0.93,0.90,5,U,-44,9.75"
2026-07-11T14:18:28.956+00:00,/dev/cu.usbserial-58870137921,"RX,1764486,R35,TXA,N01,98,100627,C,0,0.81,0.78,5,F,-38,9.50"
2026-07-11T14:18:29.223+00:00,/dev/cu.usbserial-58870137921,"RX,1764753,R35,TXB,N16,48,100893,A,1,0.75,0.72,5,U,-60,12.25"
2026-07-11T14:18:29.706+00:00,/dev/cu.usbserial-58870137921,"RX,1765236,R35,TXE,N61,46,101382,E,0,0.87,0.84,5,U,-50,9.25"
2026-07-11T14:18:29.814+00:00,/dev/cu.usbserial-58870137921,"RX,1765344,R35,TXI,N121,23,101481,G,1,0.93,0.90,5,U,-44,9.50"
2026-07-11T14:18:29.956+00:00,/dev/cu.usbserial-58870137921,"RX,1765486,R35,TXA,N01,99,101627,D,1,0.24,0.22,5,F,-37,10.00"
2026-07-11T14:18:30.097+00:00,/dev/cu.usbserial-58870137921,"RX,1765627,R35,TXK,N151,50,101764,E,1,0.87,0.84,5,U,-49,9.25"
2026-07-11T14:18:30.956+00:00,/dev/cu.usbserial-58870137921,"RX,1766486,R35,TXA,N01,100,102627,E,1,0.87,0.84,5,F,-37,9.50"
2026-07-11T14:18:31.223+00:00,/dev/cu.usbserial-58870137921,"RX,1766753,R35,TXB,N16,49,102893,C,0,0.81,0.78,5,U,-59,9.75"
2026-07-11T14:18:31.707+00:00,/dev/cu.usbserial-58870137921,"RX,1767236,R35,TXE,N61,47,103382,G,1,0.93,0.90,5,U,-50,9.75"
2026-07-11T14:18:31.956+00:00,/dev/cu.usbserial-58870137921,"RX,1767486,R35,TXA,N01,101,103627,F,0,0.28,0.26,5,F,-37,9.75"
2026-07-11T14:18:32.097+00:00,/dev/cu.usbserial-58870137921,"RX,1767627,R35,TXK,N151,51,103764,G,1,0.93,0.90,5,U,-48,9.25"
2026-07-11T14:18:32.455+00:00,/dev/cu.usbserial-58870137921,"RX,1767985,R35,TXF,N76,24,104131,E,1,0.87,0.84,5,U,-44,9.50"
2026-07-11T14:18:32.760+00:00,/dev/cu.usbserial-58870137921,"RX,1768290,R35,TXD,N46,12,104431,G,1,0.93,0.90,5,U,-42,10.00"
2026-07-11T14:18:32.956+00:00,/dev/cu.usbserial-58870137921,"RX,1768486,R35,TXA,N01,102,104627,G,1,0.93,0.90,5,F,-37,9.50"
2026-07-11T14:18:33.223+00:00,/dev/cu.usbserial-58870137921,"RX,1768753,R35,TXB,N16,50,104893,E,1,0.87,0.84,5,U,-60,9.50"
2026-07-11T14:18:33.404+00:00,/dev/cu.usbserial-58870137921,"RX,1768934,R35,TXG,N91,11,105080,G,1,0.93,0.90,5,U,-48,9.50"
2026-07-11T14:18:33.706+00:00,/dev/cu.usbserial-58870137921,"RX,1769236,R35,TXE,N61,48,105382,A,1,0.75,0.72,5,U,-50,9.25"
2026-07-11T14:18:33.956+00:00,/dev/cu.usbserial-58870137921,"RX,1769486,R35,TXA,N01,103,105627,H,1,0.32,0.30,5,F,-37,9.50"
2026-07-11T14:18:34.097+00:00,/dev/cu.usbserial-58870137921,"RX,1769627,R35,TXK,N151,52,105764,A,0,0.75,0.72,5,U,-48,9.50"
2026-07-11T14:18:34.455+00:00,/dev/cu.usbserial-58870137921,"RX,1769985,R35,TXF,N76,25,106131,G,1,0.93,0.90,5,U,-44,9.75"
2026-07-11T14:18:34.613+00:00,/dev/cu.usbserial-58870137921,"RX,1770143,R35,TXJ,N136,11,106280,G,1,0.93,0.90,5,U,-43,9.50"
2026-07-11T14:18:34.709+00:00,/dev/cu.usbserial-58870137921,"RX,1770239,R35,TXC,N31,24,106381,E,1,0.87,0.84,5,U,-44,9.25"
2026-07-11T14:18:34.956+00:00,/dev/cu.usbserial-58870137921,"RX,1770486,R35,TXA,N01,104,106627,A,0,0.75,0.72,5,F,-38,9.50"
2026-07-11T14:18:35.223+00:00,/dev/cu.usbserial-58870137921,"RX,1770753,R35,TXB,N16,51,106893,G,1,0.93,0.90,5,U,-60,9.50"
2026-07-11T14:18:35.707+00:00,/dev/cu.usbserial-58870137921,"RX,1771236,R35,TXE,N61,49,107382,C,0,0.81,0.78,5,U,-50,9.75"
2026-07-11T14:18:35.814+00:00,/dev/cu.usbserial-58870137921,"RX,1771344,R35,TXI,N121,24,107481,E,1,0.87,0.84,5,U,-44,9.50"
2026-07-11T14:18:35.956+00:00,/dev/cu.usbserial-58870137921,"RX,1771486,R35,TXA,N01,105,107627,B,1,0.20,0.18,5,F,-37,9.50"
2026-07-11T14:18:36.097+00:00,/dev/cu.usbserial-58870137921,"RX,1771627,R35,TXK,N151,53,107764,C,1,0.81,0.78,5,U,-48,9.00"
2026-07-11T14:18:36.709+00:00,/dev/cu.usbserial-58870137921,"RX,1772239,R35,TXC,N31,25,108381,G,1,0.93,0.90,5,U,-44,9.75"
2026-07-11T14:18:36.957+00:00,/dev/cu.usbserial-58870137921,"RX,1772486,R35,TXA,N01,106,108627,C,1,0.81,0.78,5,F,-37,8.75"
2026-07-11T14:18:37.223+00:00,/dev/cu.usbserial-58870137921,"RX,1772753,R35,TXB,N16,52,108893,A,0,0.75,0.72,5,U,-60,9.50"
2026-07-11T14:18:37.707+00:00,/dev/cu.usbserial-58870137921,"RX,1773236,R35,TXE,N61,50,109382,E,1,0.87,0.84,5,U,-50,9.75"
2026-07-11T14:18:37.814+00:00,/dev/cu.usbserial-58870137921,"RX,1773344,R35,TXI,N121,25,109481,G,1,0.93,0.90,5,U,-44,9.75"
2026-07-11T14:18:37.956+00:00,/dev/cu.usbserial-58870137921,"RX,1773486,R35,TXA,N01,107,109627,D,0,0.24,0.22,5,F,-37,9.25"
2026-07-11T14:18:38.097+00:00,/dev/cu.usbserial-58870137921,"RX,1773627,R35,TXK,N151,54,109764,E,1,0.87,0.84,5,U,-48,9.50"
2026-07-11T14:18:38.956+00:00,/dev/cu.usbserial-58870137921,"RX,1774486,R35,TXA,N01,108,110627,E,1,0.87,0.84,5,F,-37,11.00"
2026-07-11T14:18:39.223+00:00,/dev/cu.usbserial-58870137921,"RX,1774753,R35,TXB,N16,53,110893,C,1,0.81,0.78,5,U,-59,9.75"
2026-07-11T14:18:39.707+00:00,/dev/cu.usbserial-58870137921,"RX,1775236,R35,TXE,N61,51,111382,G,1,0.93,0.90,5,U,-51,9.25"
2026-07-11T14:18:39.957+00:00,/dev/cu.usbserial-58870137921,"RX,1775486,R35,TXA,N01,109,111627,F,1,0.28,0.26,5,F,-38,9.50"
2026-07-11T14:18:40.097+00:00,/dev/cu.usbserial-58870137921,"RX,1775627,R35,TXK,N151,55,111764,G,0,0.93,0.90,5,U,-48,9.50"
2026-07-11T14:18:40.455+00:00,/dev/cu.usbserial-58870137921,"RX,1775985,R35,TXF,N76,26,112131,E,1,0.87,0.84,5,U,-44,9.50"
2026-07-11T14:18:40.760+00:00,/dev/cu.usbserial-58870137921,"RX,1776289,R35,TXD,N46,13,112431,G,0,0.93,0.90,5,U,-42,10.25"
2026-07-11T14:18:40.956+00:00,/dev/cu.usbserial-58870137921,"RX,1776486,R35,TXA,N01,110,112627,G,0,0.93,0.90,5,F,-37,9.25"
2026-07-11T14:18:41.223+00:00,/dev/cu.usbserial-58870137921,"RX,1776753,R35,TXB,N16,54,112893,E,1,0.87,0.84,5,U,-59,10.25"
2026-07-11T14:18:41.405+00:00,/dev/cu.usbserial-58870137921,"RX,1776934,R35,TXG,N91,12,113080,G,1,0.93,0.90,5,U,-49,9.75"
2026-07-11T14:18:41.706+00:00,/dev/cu.usbserial-58870137921,"RX,1777236,R35,TXE,N61,52,113382,A,0,0.75,0.72,5,U,-50,10.00"
2026-07-11T14:18:41.957+00:00,/dev/cu.usbserial-58870137921,"RX,1777486,R35,TXA,N01,111,113627,H,1,0.32,0.30,5,F,-37,9.50"
2026-07-11T14:18:42.097+00:00,/dev/cu.usbserial-58870137921,"RX,1777627,R35,TXK,N151,56,113764,A,1,0.75,0.72,5,U,-48,9.75"
2026-07-11T14:18:42.455+00:00,/dev/cu.usbserial-58870137921,"RX,1777985,R35,TXF,N76,27,114131,G,0,0.93,0.90,5,U,-44,9.50"
2026-07-11T14:18:42.614+00:00,/dev/cu.usbserial-58870137921,"RX,1778143,R35,TXJ,N136,12,114280,G,1,0.93,0.90,5,U,-43,9.75"
2026-07-11T14:18:42.709+00:00,/dev/cu.usbserial-58870137921,"RX,1778239,R35,TXC,N31,26,114381,E,1,0.87,0.84,5,U,-43,10.00"
2026-07-11T14:18:42.956+00:00,/dev/cu.usbserial-58870137921,"RX,1778486,R35,TXA,N01,112,114627,A,1,0.75,0.72,5,F,-37,9.75"
2026-07-11T14:18:43.223+00:00,/dev/cu.usbserial-58870137921,"RX,1778753,R35,TXB,N16,55,114893,G,0,0.93,0.90,5,U,-59,10.00"
2026-07-11T14:18:43.706+00:00,/dev/cu.usbserial-58870137921,"RX,1779236,R35,TXE,N61,53,115382,C,1,0.81,0.78,5,U,-50,9.50"
2026-07-11T14:18:43.814+00:00,/dev/cu.usbserial-58870137921,"RX,1779344,R35,TXI,N121,26,115481,E,1,0.87,0.84,5,U,-44,10.00"
2026-07-11T14:18:43.956+00:00,/dev/cu.usbserial-58870137921,"RX,1779486,R35,TXA,N01,113,115627,B,0,0.20,0.18,5,F,-37,9.25"
2026-07-11T14:18:44.097+00:00,/dev/cu.usbserial-58870137921,"RX,1779627,R35,TXK,N151,57,115764,C,1,0.81,0.78,5,U,-48,9.50"
2026-07-11T14:18:44.709+00:00,/dev/cu.usbserial-58870137921,"RX,1780239,R35,TXC,N31,27,116381,G,0,0.93,0.90,5,U,-43,9.75"
2026-07-11T14:18:44.956+00:00,/dev/cu.usbserial-58870137921,"RX,1780486,R35,TXA,N01,114,116627,C,1,0.81,0.78,5,F,-37,9.25"
2026-07-11T14:18:45.223+00:00,/dev/cu.usbserial-58870137921,"RX,1780753,R35,TXB,N16,56,116893,A,1,0.75,0.72,5,U,-60,9.50"
2026-07-11T14:18:45.707+00:00,/dev/cu.usbserial-58870137921,"RX,1781236,R35,TXE,N61,54,117382,E,1,0.87,0.84,5,U,-50,9.75"
2026-07-11T14:18:45.814+00:00,/dev/cu.usbserial-58870137921,"RX,1781344,R35,TXI,N121,27,117481,G,0,0.93,0.90,5,U,-44,9.25"
2026-07-11T14:18:45.956+00:00,/dev/cu.usbserial-58870137921,"RX,1781486,R35,TXA,N01,115,117627,D,1,0.24,0.22,5,F,-37,9.25"
2026-07-11T14:18:46.097+00:00,/dev/cu.usbserial-58870137921,"RX,1781627,R35,TXK,N151,58,117764,E,0,0.87,0.84,5,U,-48,9.25"
2026-07-11T14:18:46.956+00:00,/dev/cu.usbserial-58870137921,"RX,1782486,R35,TXA,N01,116,118627,E,0,0.87,0.84,5,F,-38,11.50"
2026-07-11T14:18:47.223+00:00,/dev/cu.usbserial-58870137921,"RX,1782753,R35,TXB,N16,57,118893,C,1,0.81,0.78,5,U,-60,9.50"
2026-07-11T14:18:47.706+00:00,/dev/cu.usbserial-58870137921,"RX,1783236,R35,TXE,N61,55,119382,G,0,0.93,0.90,5,U,-50,9.75"
2026-07-11T14:18:47.966+00:00,/dev/cu.usbserial-58870137921,"RX,1783486,R35,TXA,N01,117,119627,F,1,0.28,0.26,5,F,-38,9.50"
2026-07-11T14:18:48.097+00:00,/dev/cu.usbserial-58870137921,"RX,1783627,R35,TXK,N151,59,119764,G,1,0.93,0.90,5,U,-48,9.50"
2026-07-11T14:18:48.455+00:00,/dev/cu.usbserial-58870137921,"RX,1783985,R35,TXF,N76,28,120131,E,0,0.87,0.84,5,U,-44,9.25"
2026-07-11T14:18:48.759+00:00,/dev/cu.usbserial-58870137921,"RX,1784289,R35,TXD,N46,14,120431,G,1,0.93,0.90,5,U,-42,9.75"
2026-07-11T14:18:48.956+00:00,/dev/cu.usbserial-58870137921,"RX,1784486,R35,TXA,N01,118,120627,G,1,0.93,0.90,5,F,-37,9.50"
2026-07-11T14:18:49.223+00:00,/dev/cu.usbserial-58870137921,"RX,1784753,R35,TXB,N16,58,120893,E,0,0.87,0.84,5,U,-59,9.75"
2026-07-11T14:18:49.405+00:00,/dev/cu.usbserial-58870137921,"RX,1784934,R35,TXG,N91,13,121080,G,0,0.93,0.90,5,U,-48,9.75"
2026-07-11T14:18:49.708+00:00,/dev/cu.usbserial-58870137921,"RX,1785236,R35,TXE,N61,56,121382,A,1,0.75,0.72,5,U,-50,9.75"
2026-07-11T14:18:49.956+00:00,/dev/cu.usbserial-58870137921,"RX,1785486,R35,TXA,N01,119,121627,H,0,0.32,0.30,5,F,-37,9.50"
2026-07-11T14:18:50.097+00:00,/dev/cu.usbserial-58870137921,"RX,1785627,R35,TXK,N151,60,121764,A,1,0.75,0.72,5,U,-48,9.25"
2026-07-11T14:18:50.455+00:00,/dev/cu.usbserial-58870137921,"RX,1785985,R35,TXF,N76,29,122131,G,1,0.93,0.90,5,U,-44,10.00"
2026-07-11T14:18:50.613+00:00,/dev/cu.usbserial-58870137921,"RX,1786143,R35,TXJ,N136,13,122280,G,0,0.93,0.90,5,U,-44,10.00"
2026-07-11T14:18:50.709+00:00,/dev/cu.usbserial-58870137921,"RX,1786239,R35,TXC,N31,28,122381,E,0,0.87,0.84,5,U,-44,9.50"
2026-07-11T14:18:50.956+00:00,/dev/cu.usbserial-58870137921,"RX,1786486,R35,TXA,N01,120,122627,A,1,0.75,0.72,5,F,-37,9.50"
2026-07-11T14:18:51.223+00:00,/dev/cu.usbserial-58870137921,"RX,1786753,R35,TXB,N16,59,122893,G,1,0.93,0.90,5,U,-60,9.25"
2026-07-11T14:18:51.707+00:00,/dev/cu.usbserial-58870137921,"RX,1787236,R35,TXE,N61,57,123382,C,1,0.81,0.78,5,U,-51,9.25"
2026-07-11T14:18:51.814+00:00,/dev/cu.usbserial-58870137921,"RX,1787344,R35,TXI,N121,28,123481,E,0,0.87,0.84,5,U,-43,9.50"
2026-07-11T14:18:51.956+00:00,/dev/cu.usbserial-58870137921,"RX,1787486,R35,TXA,N01,121,123627,B,1,0.20,0.18,5,F,-37,9.25"
2026-07-11T14:18:52.097+00:00,/dev/cu.usbserial-58870137921,"RX,1787627,R35,TXK,N151,61,123764,C,0,0.81,0.78,5,U,-48,9.25"
2026-07-11T14:18:52.709+00:00,/dev/cu.usbserial-58870137921,"RX,1788239,R35,TXC,N31,29,124381,G,1,0.93,0.90,5,U,-43,9.25"
2026-07-11T14:18:52.956+00:00,/dev/cu.usbserial-58870137921,"RX,1788486,R35,TXA,N01,122,124627,C,0,0.81,0.78,5,F,-37,9.25"
2026-07-11T14:18:53.223+00:00,/dev/cu.usbserial-58870137921,"RX,1788753,R35,TXB,N16,60,124893,A,1,0.75,0.72,5,U,-60,9.50"
2026-07-11T14:18:53.707+00:00,/dev/cu.usbserial-58870137921,"RX,1789236,R35,TXE,N61,58,125382,E,0,0.87,0.84,5,U,-50,9.75"
2026-07-11T14:18:53.814+00:00,/dev/cu.usbserial-58870137921,"RX,1789344,R35,TXI,N121,29,125481,G,1,0.93,0.90,5,U,-43,10.00"
2026-07-11T14:18:53.956+00:00,/dev/cu.usbserial-58870137921,"RX,1789486,R35,TXA,N01,123,125627,D,1,0.24,0.22,5,F,-37,9.25"
2026-07-11T14:18:54.097+00:00,/dev/cu.usbserial-58870137921,"RX,1789627,R35,TXK,N151,62,125764,E,1,0.87,0.84,5,U,-49,9.75"
2026-07-11T14:18:54.957+00:00,/dev/cu.usbserial-58870137921,"RX,1790486,R35,TXA,N01,124,126627,E,1,0.87,0.84,5,F,-37,9.50"
2026-07-11T14:18:55.223+00:00,/dev/cu.usbserial-58870137921,"RX,1790753,R35,TXB,N16,61,126893,C,0,0.81,0.78,5,U,-59,9.75"
2026-07-11T14:18:55.707+00:00,/dev/cu.usbserial-58870137921,"RX,1791236,R35,TXE,N61,59,127382,G,1,0.93,0.90,5,U,-50,9.50"
2026-07-11T14:18:55.956+00:00,/dev/cu.usbserial-58870137921,"RX,1791486,R35,TXA,N01,125,127627,F,0,0.28,0.26,5,F,-38,10.00"
2026-07-11T14:18:56.097+00:00,/dev/cu.usbserial-58870137921,"RX,1791627,R35,TXK,N151,63,127764,G,1,0.93,0.90,5,U,-49,9.50"
2026-07-11T14:18:56.455+00:00,/dev/cu.usbserial-58870137921,"RX,1791985,R35,TXF,N76,30,128131,E,1,0.87,0.84,5,U,-45,9.75"
2026-07-11T14:18:56.760+00:00,/dev/cu.usbserial-58870137921,"RX,1792289,R35,TXD,N46,15,128431,G,1,0.93,0.90,5,U,-42,10.00"
2026-07-11T14:18:56.956+00:00,/dev/cu.usbserial-58870137921,"RX,1792486,R35,TXA,N01,126,128627,G,1,0.93,0.90,5,F,-37,9.50"
2026-07-11T14:18:57.223+00:00,/dev/cu.usbserial-58870137921,"RX,1792753,R35,TXB,N16,62,128893,E,1,0.87,0.84,5,U,-61,9.75"
2026-07-11T14:18:57.404+00:00,/dev/cu.usbserial-58870137921,"RX,1792934,R35,TXG,N91,14,129080,G,1,0.93,0.90,5,U,-50,9.50"
2026-07-11T14:18:57.706+00:00,/dev/cu.usbserial-58870137921,"RX,1793236,R35,TXE,N61,60,129382,A,1,0.75,0.72,5,U,-50,9.75"
2026-07-11T14:18:57.956+00:00,/dev/cu.usbserial-58870137921,"RX,1793486,R35,TXA,N01,127,129627,H,1,0.32,0.30,5,F,-37,9.75"
2026-07-11T14:18:58.097+00:00,/dev/cu.usbserial-58870137921,"RX,1793627,R35,TXK,N151,64,129764,A,1,0.75,0.72,5,U,-48,9.25"
2026-07-11T14:18:58.455+00:00,/dev/cu.usbserial-58870137921,"RX,1793985,R35,TXF,N76,31,130131,G,1,0.93,0.90,5,U,-44,9.75"
2026-07-11T14:18:58.613+00:00,/dev/cu.usbserial-58870137921,"RX,1794143,R35,TXJ,N136,14,130280,G,1,0.93,0.90,5,U,-43,9.50"
2026-07-11T14:18:58.709+00:00,/dev/cu.usbserial-58870137921,"RX,1794239,R35,TXC,N31,30,130381,E,1,0.87,0.84,5,U,-45,9.50"
2026-07-11T14:18:58.956+00:00,/dev/cu.usbserial-58870137921,"RX,1794486,R35,TXA,N01,128,130627,A,1,0.75,0.72,5,F,-39,9.75"
2026-07-11T14:18:59.223+00:00,/dev/cu.usbserial-58870137921,"RX,1794753,R35,TXB,N16,63,130893,G,1,0.93,0.90,5,U,-63,10.00"
2026-07-11T14:18:59.706+00:00,/dev/cu.usbserial-58870137921,"RX,1795236,R35,TXE,N61,61,131382,C,0,0.81,0.78,5,U,-50,10.25"
2026-07-11T14:18:59.814+00:00,/dev/cu.usbserial-58870137921,"RX,1795344,R35,TXI,N121,30,131481,E,1,0.87,0.84,5,U,-44,9.75"
2026-07-11T14:18:59.956+00:00,/dev/cu.usbserial-58870137921,"RX,1795486,R35,TXA,N01,129,131627,B,0,0.20,0.18,5,F,-39,9.75"
2026-07-11T14:19:00.097+00:00,/dev/cu.usbserial-58870137921,"RX,1795627,R35,TXK,N151,65,131764,C,1,0.81,0.78,5,U,-50,9.75"
2026-07-11T14:19:00.709+00:00,/dev/cu.usbserial-58870137921,"RX,1796239,R35,TXC,N31,31,132381,G,1,0.93,0.90,5,U,-39,9.50"
2026-07-11T14:19:00.956+00:00,/dev/cu.usbserial-58870137921,"RX,1796486,R35,TXA,N01,130,132627,C,1,0.81,0.78,5,F,-37,9.75"
2026-07-11T14:19:01.223+00:00,/dev/cu.usbserial-58870137921,"RX,1796753,R35,TXB,N16,64,132893,A,1,0.75,0.72,5,U,-62,9.50"
2026-07-11T14:19:01.706+00:00,/dev/cu.usbserial-58870137921,"RX,1797236,R35,TXE,N61,62,133382,E,1,0.87,0.84,5,U,-48,9.25"
2026-07-11T14:19:01.814+00:00,/dev/cu.usbserial-58870137921,"RX,1797344,R35,TXI,N121,31,133481,G,1,0.93,0.90,5,U,-44,9.50"
2026-07-11T14:19:01.956+00:00,/dev/cu.usbserial-58870137921,"RX,1797486,R35,TXA,N01,131,133627,D,1,0.24,0.22,5,F,-37,9.50"
2026-07-11T14:19:02.097+00:00,/dev/cu.usbserial-58870137921,"RX,1797627,R35,TXK,N151,66,133764,E,0,0.87,0.84,5,U,-49,10.00"
2026-07-11T14:19:02.956+00:00,/dev/cu.usbserial-58870137921,"RX,1798486,R35,TXA,N01,132,134627,E,0,0.87,0.84,5,F,-36,9.75"
2026-07-11T14:19:03.223+00:00,/dev/cu.usbserial-58870137921,"RX,1798753,R35,TXB,N16,65,134893,C,1,0.81,0.78,5,U,-56,10.00"
2026-07-11T14:19:03.706+00:00,/dev/cu.usbserial-58870137921,"RX,1799236,R35,TXE,N61,63,135382,G,1,0.93,0.90,5,U,-50,10.00"
2026-07-11T14:19:03.956+00:00,/dev/cu.usbserial-58870137921,"RX,1799486,R35,TXA,N01,133,135627,F,1,0.28,0.26,5,F,-37,9.75"
2026-07-11T14:19:04.066+00:00,/dev/cu.usbserial-58870137921,"RX,1799596,R35,TXH,N106,8,135742,G,1,0.93,0.90,5,U,-36,5.50"
2026-07-11T14:19:04.248+00:00,/dev/cu.usbserial-58870137921,"RX,1799778,R35,TXL,N166,8,135916,G,1,0.93,0.90,5,U,-46,10.00"
2026-07-11T14:19:04.454+00:00,/dev/cu.usbserial-58870137921,"RX,1799985,R35,TXF,N76,32,136131,E,0,0.87,0.84,5,U,-44,9.50"
2026-07-11T14:19:04.759+00:00,/dev/cu.usbserial-58870137921,"RX,1800289,R35,TXD,N46,16,136431,G,1,0.93,0.90,5,U,-42,9.75"
2026-07-11T14:19:04.956+00:00,/dev/cu.usbserial-58870137921,"RX,1800486,R35,TXA,N01,134,136627,G,1,0.93,0.90,5,F,-37,9.75"
2026-07-11T14:19:05.223+00:00,/dev/cu.usbserial-58870137921,"RX,1800753,R35,TXB,N16,66,136893,E,0,0.87,0.84,5,U,-60,9.75"
2026-07-11T14:19:05.404+00:00,/dev/cu.usbserial-58870137921,"RX,1800934,R35,TXG,N91,15,137080,G,1,0.93,0.90,5,U,-48,9.25"
2026-07-11T14:19:05.706+00:00,/dev/cu.usbserial-58870137921,"RX,1801236,R35,TXE,N61,64,137382,A,1,0.75,0.72,5,U,-51,9.25"
2026-07-11T14:19:05.956+00:00,/dev/cu.usbserial-58870137921,"RX,1801486,R35,TXA,N01,135,137627,H,0,0.32,0.30,5,F,-37,9.50"
2026-07-11T14:19:06.097+00:00,/dev/cu.usbserial-58870137921,"RX,1801627,R35,TXK,N151,68,137764,A,1,0.75,0.72,5,U,-50,9.50"
2026-07-11T14:19:06.455+00:00,/dev/cu.usbserial-58870137921,"RX,1801985,R35,TXF,N76,33,138131,G,1,0.93,0.90,5,U,-44,9.50"
2026-07-11T14:19:06.613+00:00,/dev/cu.usbserial-58870137921,"RX,1802143,R35,TXJ,N136,15,138280,G,1,0.93,0.90,5,U,-44,9.50"
2026-07-11T14:19:06.709+00:00,/dev/cu.usbserial-58870137921,"RX,1802239,R35,TXC,N31,32,138381,E,0,0.87,0.84,5,U,-44,10.25"
2026-07-11T14:19:06.956+00:00,/dev/cu.usbserial-58870137921,"RX,1802486,R35,TXA,N01,136,138627,A,1,0.75,0.72,5,F,-37,10.00"
2026-07-11T14:19:07.223+00:00,/dev/cu.usbserial-58870137921,"RX,1802753,R35,TXB,N16,67,138893,G,1,0.93,0.90,5,U,-60,9.50"
2026-07-11T14:19:07.706+00:00,/dev/cu.usbserial-58870137921,"RX,1803236,R35,TXE,N61,65,139382,C,1,0.81,0.78,5,U,-51,9.75"
2026-07-11T14:19:07.814+00:00,/dev/cu.usbserial-58870137921,"RX,1803344,R35,TXI,N121,32,139481,E,0,0.87,0.84,5,U,-44,9.50"
2026-07-11T14:19:07.956+00:00,/dev/cu.usbserial-58870137921,"RX,1803486,R35,TXA,N01,137,139627,B,1,0.20,0.18,5,F,-37,9.50"
2026-07-11T14:19:08.097+00:00,/dev/cu.usbserial-58870137921,"RX,1803627,R35,TXK,N151,69,139764,C,0,0.81,0.78,5,U,-49,9.50"
2026-07-11T14:19:08.709+00:00,/dev/cu.usbserial-58870137921,"RX,1804239,R35,TXC,N31,33,140381,G,1,0.93,0.90,5,U,-44,9.50"
2026-07-11T14:19:08.956+00:00,/dev/cu.usbserial-58870137921,"RX,1804486,R35,TXA,N01,138,140627,C,0,0.81,0.78,5,F,-37,9.75"
2026-07-11T14:19:09.222+00:00,/dev/cu.usbserial-58870137921,"RX,1804753,R35,TXB,N16,68,140893,A,1,0.75,0.72,5,U,-59,9.75"
2026-07-11T14:19:09.706+00:00,/dev/cu.usbserial-58870137921,"RX,1805236,R35,TXE,N61,66,141382,E,0,0.87,0.84,5,U,-51,10.00"
2026-07-11T14:19:09.813+00:00,/dev/cu.usbserial-58870137921,"RX,1805344,R35,TXI,N121,33,141481,G,1,0.93,0.90,5,U,-44,9.50"
2026-07-11T14:19:09.956+00:00,/dev/cu.usbserial-58870137921,"RX,1805486,R35,TXA,N01,139,141627,D,1,0.24,0.22,5,F,-38,9.50"
2026-07-11T14:19:10.097+00:00,/dev/cu.usbserial-58870137921,"RX,1805627,R35,TXK,N151,70,141764,E,1,0.87,0.84,5,U,-50,9.75"
2026-07-11T14:19:10.956+00:00,/dev/cu.usbserial-58870137921,"RX,1806486,R35,TXA,N01,140,142627,E,1,0.87,0.84,5,F,-37,9.25"
2026-07-11T14:19:11.222+00:00,/dev/cu.usbserial-58870137921,"RX,1806753,R35,TXB,N16,69,142893,C,0,0.81,0.78,5,U,-60,9.75"
2026-07-11T14:19:11.706+00:00,/dev/cu.usbserial-58870137921,"RX,1807236,R35,TXE,N61,67,143382,G,1,0.93,0.90,5,U,-51,9.50"
2026-07-11T14:19:11.956+00:00,/dev/cu.usbserial-58870137921,"RX,1807486,R35,TXA,N01,141,143627,F,0,0.28,0.26,5,F,-38,9.50"
2026-07-11T14:19:12.065+00:00,/dev/cu.usbserial-58870137921,"RX,1807596,R35,TXH,N106,9,143742,G,1,0.93,0.90,5,U,-36,5.25"
2026-07-11T14:19:12.248+00:00,/dev/cu.usbserial-58870137921,"RX,1807778,R35,TXL,N166,9,143916,G,1,0.93,0.90,5,U,-45,9.75"
2026-07-11T14:19:12.455+00:00,/dev/cu.usbserial-58870137921,"RX,1807985,R35,TXF,N76,34,144131,E,1,0.87,0.84,5,U,-43,10.00"
2026-07-11T14:19:12.759+00:00,/dev/cu.usbserial-58870137921,"RX,1808289,R35,TXD,N46,17,144431,G,1,0.93,0.90,5,U,-41,10.00"
2026-07-11T14:19:12.956+00:00,/dev/cu.usbserial-58870137921,"RX,1808486,R35,TXA,N01,142,144627,G,1,0.93,0.90,5,F,-37,9.25"
2026-07-11T14:19:13.223+00:00,/dev/cu.usbserial-58870137921,"RX,1808753,R35,TXB,N16,70,144893,E,1,0.87,0.84,5,U,-60,9.50"
2026-07-11T14:19:13.404+00:00,/dev/cu.usbserial-58870137921,"RX,1808934,R35,TXG,N91,16,145080,G,1,0.93,0.90,5,U,-48,9.25"
2026-07-11T14:19:13.706+00:00,/dev/cu.usbserial-58870137921,"RX,1809236,R35,TXE,N61,68,145382,A,1,0.75,0.72,5,U,-50,9.50"
2026-07-11T14:19:13.956+00:00,/dev/cu.usbserial-58870137921,"RX,1809486,R35,TXA,N01,143,145627,H,1,0.32,0.30,5,F,-37,10.00"
2026-07-11T14:19:14.097+00:00,/dev/cu.usbserial-58870137921,"RX,1809627,R35,TXK,N151,72,145764,A,0,0.75,0.72,5,U,-50,10.00"
2026-07-11T14:19:14.454+00:00,/dev/cu.usbserial-58870137921,"RX,1809985,R35,TXF,N76,35,146131,G,1,0.93,0.90,5,U,-45,9.50"
2026-07-11T14:19:14.613+00:00,/dev/cu.usbserial-58870137921,"RX,1810143,R35,TXJ,N136,16,146280,G,1,0.93,0.90,5,U,-44,9.75"
2026-07-11T14:19:14.709+00:00,/dev/cu.usbserial-58870137921,"RX,1810239,R35,TXC,N31,34,146381,E,1,0.87,0.84,5,U,-44,9.50"
2026-07-11T14:19:14.956+00:00,/dev/cu.usbserial-58870137921,"RX,1810486,R35,TXA,N01,144,146627,A,0,0.75,0.72,5,F,-37,9.00"
2026-07-11T14:19:15.222+00:00,/dev/cu.usbserial-58870137921,"RX,1810753,R35,TXB,N16,71,146893,G,1,0.93,0.90,5,U,-60,9.25"
2026-07-11T14:19:15.706+00:00,/dev/cu.usbserial-58870137921,"RX,1811236,R35,TXE,N61,69,147382,C,0,0.81,0.78,5,U,-51,10.00"
2026-07-11T14:19:15.813+00:00,/dev/cu.usbserial-58870137921,"RX,1811344,R35,TXI,N121,34,147481,E,1,0.87,0.84,5,U,-44,9.25"
2026-07-11T14:19:15.956+00:00,/dev/cu.usbserial-58870137921,"RX,1811486,R35,TXA,N01,145,147627,B,1,0.20,0.18,5,F,-37,9.50"
2026-07-11T14:19:16.097+00:00,/dev/cu.usbserial-58870137921,"RX,1811627,R35,TXK,N151,73,147764,C,1,0.81,0.78,5,U,-50,9.50"
2026-07-11T14:19:16.709+00:00,/dev/cu.usbserial-58870137921,"RX,1812239,R35,TXC,N31,35,148381,G,1,0.93,0.90,5,U,-44,9.75"
2026-07-11T14:19:16.956+00:00,/dev/cu.usbserial-58870137921,"RX,1812486,R35,TXA,N01,146,148627,C,1,0.81,0.78,5,F,-37,9.25"
2026-07-11T14:19:17.222+00:00,/dev/cu.usbserial-58870137921,"RX,1812753,R35,TXB,N16,72,148893,A,0,0.75,0.72,5,U,-60,9.75"
2026-07-11T14:19:17.706+00:00,/dev/cu.usbserial-58870137921,"RX,1813236,R35,TXE,N61,70,149382,E,1,0.87,0.84,5,U,-51,9.75"
2026-07-11T14:19:17.813+00:00,/dev/cu.usbserial-58870137921,"RX,1813344,R35,TXI,N121,35,149481,G,1,0.93,0.90,5,U,-43,9.50"
2026-07-11T14:19:17.956+00:00,/dev/cu.usbserial-58870137921,"RX,1813486,R35,TXA,N01,147,149627,D,0,0.24,0.22,5,F,-37,10.25"
2026-07-11T14:19:18.096+00:00,/dev/cu.usbserial-58870137921,"RX,1813627,R35,TXK,N151,74,149764,E,1,0.87,0.84,5,U,-50,9.50"
2026-07-11T14:19:18.956+00:00,/dev/cu.usbserial-58870137921,"RX,1814486,R35,TXA,N01,148,150627,E,1,0.87,0.84,5,F,-38,9.50"
2026-07-11T14:19:19.222+00:00,/dev/cu.usbserial-58870137921,"RX,1814753,R35,TXB,N16,73,150893,C,1,0.81,0.78,5,U,-60,9.75"
2026-07-11T14:19:19.706+00:00,/dev/cu.usbserial-58870137921,"RX,1815236,R35,TXE,N61,71,151382,G,1,0.93,0.90,5,U,-51,9.75"
2026-07-11T14:19:19.956+00:00,/dev/cu.usbserial-58870137921,"RX,1815486,R35,TXA,N01,149,151627,F,1,0.28,0.26,5,F,-37,10.00"
2026-07-11T14:19:20.066+00:00,/dev/cu.usbserial-58870137921,"RX,1815596,R35,TXH,N106,10,151742,G,0,0.93,0.90,5,U,-36,5.25"
2026-07-11T14:19:20.248+00:00,/dev/cu.usbserial-58870137921,"RX,1815778,R35,TXL,N166,10,151916,G,0,0.93,0.90,5,U,-45,9.75"
2026-07-11T14:19:20.454+00:00,/dev/cu.usbserial-58870137921,"RX,1815985,R35,TXF,N76,36,152131,E,1,0.87,0.84,5,U,-43,9.50"
2026-07-11T14:19:20.759+00:00,/dev/cu.usbserial-58870137921,"RX,1816289,R35,TXD,N46,18,152431,G,0,0.93,0.90,5,U,-41,10.00"
2026-07-11T14:19:20.956+00:00,/dev/cu.usbserial-58870137921,"RX,1816486,R35,TXA,N01,150,152627,G,0,0.93,0.90,5,F,-37,9.25"
2026-07-11T14:19:21.222+00:00,/dev/cu.usbserial-58870137921,"RX,1816753,R35,TXB,N16,74,152893,E,1,0.87,0.84,5,U,-60,9.50"
2026-07-11T14:19:21.404+00:00,/dev/cu.usbserial-58870137921,"RX,1816934,R35,TXG,N91,17,153080,G,1,0.93,0.90,5,U,-48,9.50"
2026-07-11T14:19:21.706+00:00,/dev/cu.usbserial-58870137921,"RX,1817236,R35,TXE,N61,72,153382,A,0,0.75,0.72,5,U,-51,9.75"
2026-07-11T14:19:21.956+00:00,/dev/cu.usbserial-58870137921,"RX,1817486,R35,TXA,N01,151,153627,H,1,0.32,0.30,5,F,-37,8.75"
2026-07-11T14:19:22.096+00:00,/dev/cu.usbserial-58870137921,"RX,1817627,R35,TXK,N151,76,153764,A,1,0.75,0.72,5,U,-50,9.50"
2026-07-11T14:19:22.454+00:00,/dev/cu.usbserial-58870137921,"RX,1817985,R35,TXF,N76,37,154131,G,0,0.93,0.90,5,U,-44,9.75"
2026-07-11T14:19:22.613+00:00,/dev/cu.usbserial-58870137921,"RX,1818143,R35,TXJ,N136,17,154280,G,1,0.93,0.90,5,U,-44,9.25"
2026-07-11T14:19:22.708+00:00,/dev/cu.usbserial-58870137921,"RX,1818239,R35,TXC,N31,36,154381,E,1,0.87,0.84,5,U,-44,9.50"
2026-07-11T14:19:22.956+00:00,/dev/cu.usbserial-58870137921,"RX,1818486,R35,TXA,N01,152,154627,A,1,0.75,0.72,5,F,-37,9.75"
2026-07-11T14:19:23.222+00:00,/dev/cu.usbserial-58870137921,"RX,1818753,R35,TXB,N16,75,154893,G,0,0.93,0.90,5,U,-59,9.75"
2026-07-11T14:19:23.706+00:00,/dev/cu.usbserial-58870137921,"RX,1819236,R35,TXE,N61,73,155382,C,1,0.81,0.78,5,U,-50,9.75"
2026-07-11T14:19:23.813+00:00,/dev/cu.usbserial-58870137921,"RX,1819344,R35,TXI,N121,36,155481,E,1,0.87,0.84,5,U,-44,9.25"
2026-07-11T14:19:23.956+00:00,/dev/cu.usbserial-58870137921,"RX,1819486,R35,TXA,N01,153,155627,B,0,0.20,0.18,5,F,-37,9.75"
2026-07-11T14:19:24.096+00:00,/dev/cu.usbserial-58870137921,"RX,1819627,R35,TXK,N151,77,155764,C,1,0.81,0.78,5,U,-50,9.25"
2026-07-11T14:19:24.708+00:00,/dev/cu.usbserial-58870137921,"RX,1820239,R35,TXC,N31,37,156381,G,0,0.93,0.90,5,U,-44,9.75"
2026-07-11T14:19:24.956+00:00,/dev/cu.usbserial-58870137921,"RX,1820486,R35,TXA,N01,154,156627,C,1,0.81,0.78,5,F,-37,9.75"
2026-07-11T14:19:25.222+00:00,/dev/cu.usbserial-58870137921,"RX,1820753,R35,TXB,N16,76,156893,A,1,0.75,0.72,5,U,-60,9.25"
2026-07-11T14:19:25.706+00:00,/dev/cu.usbserial-58870137921,"RX,1821236,R35,TXE,N61,74,157382,E,1,0.87,0.84,5,U,-50,9.50"
2026-07-11T14:19:25.813+00:00,/dev/cu.usbserial-58870137921,"RX,1821343,R35,TXI,N121,37,157481,G,0,0.93,0.90,5,U,-44,9.75"
2026-07-11T14:19:25.956+00:00,/dev/cu.usbserial-58870137921,"RX,1821486,R35,TXA,N01,155,157627,D,1,0.24,0.22,5,F,-37,10.00"
2026-07-11T14:19:26.096+00:00,/dev/cu.usbserial-58870137921,"RX,1821627,R35,TXK,N151,78,157764,E,0,0.87,0.84,5,U,-50,9.75"
2026-07-11T14:19:26.956+00:00,/dev/cu.usbserial-58870137921,"RX,1822486,R35,TXA,N01,156,158627,E,0,0.87,0.84,5,F,-36,9.75"
2026-07-11T14:19:27.222+00:00,/dev/cu.usbserial-58870137921,"RX,1822753,R35,TXB,N16,77,158893,C,1,0.81,0.78,5,U,-60,9.25"
2026-07-11T14:19:27.706+00:00,/dev/cu.usbserial-58870137921,"RX,1823236,R35,TXE,N61,75,159382,G,0,0.93,0.90,5,U,-51,9.50"
2026-07-11T14:19:27.956+00:00,/dev/cu.usbserial-58870137921,"RX,1823486,R35,TXA,N01,157,159627,F,1,0.28,0.26,5,F,-37,9.50"
2026-07-11T14:19:28.066+00:00,/dev/cu.usbserial-58870137921,"RX,1823596,R35,TXH,N106,11,159742,G,1,0.93,0.90,5,U,-36,5.75"
2026-07-11T14:19:28.248+00:00,/dev/cu.usbserial-58870137921,"RX,1823778,R35,TXL,N166,11,159916,G,1,0.93,0.90,5,U,-45,9.50"
2026-07-11T14:19:28.454+00:00,/dev/cu.usbserial-58870137921,"RX,1823984,R35,TXF,N76,38,160131,E,0,0.87,0.84,5,U,-44,9.50"
2026-07-11T14:19:28.759+00:00,/dev/cu.usbserial-58870137921,"RX,1824289,R35,TXD,N46,19,160431,G,1,0.93,0.90,5,U,-42,9.50"
2026-07-11T14:19:28.956+00:00,/dev/cu.usbserial-58870137921,"RX,1824486,R35,TXA,N01,158,160627,G,1,0.93,0.90,5,F,-37,9.25"
2026-07-11T14:19:29.222+00:00,/dev/cu.usbserial-58870137921,"RX,1824753,R35,TXB,N16,78,160893,E,0,0.87,0.84,5,U,-60,9.50"
2026-07-11T14:19:29.404+00:00,/dev/cu.usbserial-58870137921,"RX,1824934,R35,TXG,N91,18,161080,G,0,0.93,0.90,5,U,-48,9.00"
2026-07-11T14:19:29.706+00:00,/dev/cu.usbserial-58870137921,"RX,1825236,R35,TXE,N61,76,161382,A,1,0.75,0.72,5,U,-50,9.50"
2026-07-11T14:19:29.956+00:00,/dev/cu.usbserial-58870137921,"RX,1825486,R35,TXA,N01,159,161627,H,0,0.32,0.30,5,F,-37,9.50"
2026-07-11T14:19:30.096+00:00,/dev/cu.usbserial-58870137921,"RX,1825627,R35,TXK,N151,80,161764,A,1,0.75,0.72,5,U,-49,9.75"
2026-07-11T14:19:30.454+00:00,/dev/cu.usbserial-58870137921,"RX,1825985,R35,TXF,N76,39,162131,G,1,0.93,0.90,5,U,-44,9.50"
2026-07-11T14:19:30.613+00:00,/dev/cu.usbserial-58870137921,"RX,1826143,R35,TXJ,N136,18,162280,G,0,0.93,0.90,5,U,-43,10.00"
2026-07-11T14:19:30.708+00:00,/dev/cu.usbserial-58870137921,"RX,1826239,R35,TXC,N31,38,162381,E,0,0.87,0.84,5,U,-44,10.00"
2026-07-11T14:19:30.956+00:00,/dev/cu.usbserial-58870137921,"RX,1826486,R35,TXA,N01,160,162627,A,1,0.75,0.72,5,F,-37,9.75"
2026-07-11T14:19:31.222+00:00,/dev/cu.usbserial-58870137921,"RX,1826753,R35,TXB,N16,79,162893,G,1,0.93,0.90,5,U,-60,9.50"
2026-07-11T14:19:31.706+00:00,/dev/cu.usbserial-58870137921,"RX,1827236,R35,TXE,N61,77,163382,C,1,0.81,0.78,5,U,-51,10.00"
2026-07-11T14:19:31.813+00:00,/dev/cu.usbserial-58870137921,"RX,1827343,R35,TXI,N121,38,163481,E,0,0.87,0.84,5,U,-43,9.75"
2026-07-11T14:19:31.956+00:00,/dev/cu.usbserial-58870137921,"RX,1827486,R35,TXA,N01,161,163627,B,1,0.20,0.18,5,F,-37,9.75"
2026-07-11T14:19:32.096+00:00,/dev/cu.usbserial-58870137921,"RX,1827627,R35,TXK,N151,81,163764,C,0,0.81,0.78,5,U,-50,10.00"
2026-07-11T14:19:32.708+00:00,/dev/cu.usbserial-58870137921,"RX,1828239,R35,TXC,N31,39,164381,G,1,0.93,0.90,5,U,-44,9.50"
2026-07-11T14:19:32.956+00:00,/dev/cu.usbserial-58870137921,"RX,1828486,R35,TXA,N01,162,164627,C,0,0.81,0.78,5,F,-37,9.50"
2026-07-11T14:19:33.222+00:00,/dev/cu.usbserial-58870137921,"RX,1828753,R35,TXB,N16,80,164893,A,1,0.75,0.72,5,U,-60,9.25"
2026-07-11T14:19:33.706+00:00,/dev/cu.usbserial-58870137921,"RX,1829236,R35,TXE,N61,78,165382,E,0,0.87,0.84,5,U,-51,9.50"
2026-07-11T14:19:33.813+00:00,/dev/cu.usbserial-58870137921,"RX,1829343,R35,TXI,N121,39,165481,G,1,0.93,0.90,5,U,-43,9.50"
2026-07-11T14:19:33.956+00:00,/dev/cu.usbserial-58870137921,"RX,1829486,R35,TXA,N01,163,165627,D,1,0.24,0.22,5,F,-37,9.50"
2026-07-11T14:19:34.096+00:00,/dev/cu.usbserial-58870137921,"RX,1829627,R35,TXK,N151,82,165764,E,1,0.87,0.84,5,U,-50,11.75"
2026-07-11T14:19:34.956+00:00,/dev/cu.usbserial-58870137921,"RX,1830486,R35,TXA,N01,164,166627,E,1,0.87,0.84,5,F,-37,9.50"
2026-07-11T14:19:35.222+00:00,/dev/cu.usbserial-58870137921,"RX,1830753,R35,TXB,N16,81,166893,C,0,0.81,0.78,5,U,-60,10.25"
2026-07-11T14:19:35.706+00:00,/dev/cu.usbserial-58870137921,"RX,1831236,R35,TXE,N61,79,167382,G,1,0.93,0.90,5,U,-50,9.75"
2026-07-11T14:19:35.956+00:00,/dev/cu.usbserial-58870137921,"RX,1831486,R35,TXA,N01,165,167627,F,0,0.28,0.26,5,F,-37,9.50"
2026-07-11T14:19:36.096+00:00,/dev/cu.usbserial-58870137921,"RX,1831626,R35,TXK,N151,83,167764,G,1,0.93,0.90,5,U,-50,12.00"
2026-07-11T14:19:36.454+00:00,/dev/cu.usbserial-58870137921,"RX,1831984,R35,TXF,N76,40,168131,E,1,0.87,0.84,5,U,-44,9.75"
2026-07-11T14:19:36.759+00:00,/dev/cu.usbserial-58870137921,"RX,1832289,R35,TXD,N46,20,168431,G,1,0.93,0.90,5,U,-42,9.50"
2026-07-11T14:19:36.956+00:00,/dev/cu.usbserial-58870137921,"RX,1832486,R35,TXA,N01,166,168627,G,1,0.93,0.90,5,F,-37,9.25"
2026-07-11T14:19:37.222+00:00,/dev/cu.usbserial-58870137921,"RX,1832753,R35,TXB,N16,82,168893,E,1,0.87,0.84,5,U,-59,9.75"
2026-07-11T14:19:37.403+00:00,/dev/cu.usbserial-58870137921,"RX,1832934,R35,TXG,N91,19,169080,G,1,0.93,0.90,5,U,-48,9.50"
2026-07-11T14:19:37.706+00:00,/dev/cu.usbserial-58870137921,"RX,1833236,R35,TXE,N61,80,169382,A,1,0.75,0.72,5,U,-51,9.75"
2026-07-11T14:19:37.956+00:00,/dev/cu.usbserial-58870137921,"RX,1833486,R35,TXA,N01,167,169627,H,1,0.32,0.30,5,F,-37,10.00"
2026-07-11T14:19:38.096+00:00,/dev/cu.usbserial-58870137921,"RX,1833626,R35,TXK,N151,84,169764,A,0,0.75,0.72,5,U,-50,9.75"
2026-07-11T14:19:38.454+00:00,/dev/cu.usbserial-58870137921,"RX,1833984,R35,TXF,N76,41,170131,G,1,0.93,0.90,5,U,-45,9.50"
2026-07-11T14:19:38.613+00:00,/dev/cu.usbserial-58870137921,"RX,1834143,R35,TXJ,N136,19,170280,G,1,0.93,0.90,5,U,-43,9.75"
2026-07-11T14:19:38.708+00:00,/dev/cu.usbserial-58870137921,"RX,1834238,R35,TXC,N31,40,170381,E,1,0.87,0.84,5,U,-44,10.00"
2026-07-11T14:19:38.956+00:00,/dev/cu.usbserial-58870137921,"RX,1834486,R35,TXA,N01,168,170627,A,0,0.75,0.72,5,F,-37,10.00"
2026-07-11T14:19:39.222+00:00,/dev/cu.usbserial-58870137921,"RX,1834753,R35,TXB,N16,83,170893,G,1,0.93,0.90,5,U,-60,10.00"
2026-07-11T14:19:39.706+00:00,/dev/cu.usbserial-58870137921,"RX,1835236,R35,TXE,N61,81,171382,C,0,0.81,0.78,5,U,-51,10.25"
2026-07-11T14:19:39.813+00:00,/dev/cu.usbserial-58870137921,"RX,1835343,R35,TXI,N121,40,171481,E,1,0.87,0.84,5,U,-44,9.50"
2026-07-11T14:19:39.956+00:00,/dev/cu.usbserial-58870137921,"RX,1835486,R35,TXA,N01,169,171627,B,1,0.20,0.18,5,F,-37,9.75"
2026-07-11T14:19:40.096+00:00,/dev/cu.usbserial-58870137921,"RX,1835626,R35,TXK,N151,85,171764,C,1,0.81,0.78,5,U,-50,11.75"
2026-07-11T14:19:40.708+00:00,/dev/cu.usbserial-58870137921,"RX,1836238,R35,TXC,N31,41,172381,G,1,0.93,0.90,5,U,-44,9.50"
2026-07-11T14:19:40.956+00:00,/dev/cu.usbserial-58870137921,"RX,1836486,R35,TXA,N01,170,172627,C,1,0.81,0.78,5,F,-37,9.75"
2026-07-11T14:19:41.222+00:00,/dev/cu.usbserial-58870137921,"RX,1836753,R35,TXB,N16,84,172893,A,0,0.75,0.72,5,U,-60,9.75"
2026-07-11T14:19:41.706+00:00,/dev/cu.usbserial-58870137921,"RX,1837236,R35,TXE,N61,82,173382,E,1,0.87,0.84,5,U,-51,9.50"
2026-07-11T14:19:41.813+00:00,/dev/cu.usbserial-58870137921,"RX,1837343,R35,TXI,N121,41,173481,G,1,0.93,0.90,5,U,-44,9.25"
2026-07-11T14:19:41.956+00:00,/dev/cu.usbserial-58870137921,"RX,1837486,R35,TXA,N01,171,173627,D,0,0.24,0.22,5,F,-37,9.75"
2026-07-11T14:19:42.096+00:00,/dev/cu.usbserial-58870137921,"RX,1837626,R35,TXK,N151,86,173764,E,1,0.87,0.84,5,U,-50,9.75"
2026-07-11T14:19:42.956+00:00,/dev/cu.usbserial-58870137921,"RX,1838486,R35,TXA,N01,172,174627,E,1,0.87,0.84,5,F,-37,10.00"
2026-07-11T14:19:43.222+00:00,/dev/cu.usbserial-58870137921,"RX,1838753,R35,TXB,N16,85,174893,C,1,0.81,0.78,5,U,-59,9.75"
2026-07-11T14:19:43.706+00:00,/dev/cu.usbserial-58870137921,"RX,1839236,R35,TXE,N61,83,175382,G,1,0.93,0.90,5,U,-51,10.00"
2026-07-11T14:19:43.956+00:00,/dev/cu.usbserial-58870137921,"RX,1839486,R35,TXA,N01,173,175627,F,1,0.28,0.26,5,F,-37,9.50"
2026-07-11T14:19:44.096+00:00,/dev/cu.usbserial-58870137921,"RX,1839626,R35,TXK,N151,87,175764,G,0,0.93,0.90,5,U,-50,9.50"
2026-07-11T14:19:44.454+00:00,/dev/cu.usbserial-58870137921,"RX,1839984,R35,TXF,N76,42,176131,E,1,0.87,0.84,5,U,-44,10.00"
2026-07-11T14:19:44.759+00:00,/dev/cu.usbserial-58870137921,"RX,1840289,R35,TXD,N46,21,176431,G,0,0.93,0.90,5,U,-42,9.75"
2026-07-11T14:19:44.956+00:00,/dev/cu.usbserial-58870137921,"RX,1840486,R35,TXA,N01,174,176627,G,0,0.93,0.90,5,F,-37,9.50"
2026-07-11T14:19:45.222+00:00,/dev/cu.usbserial-58870137921,"RX,1840753,R35,TXB,N16,86,176893,E,1,0.87,0.84,5,U,-60,9.50"
2026-07-11T14:19:45.403+00:00,/dev/cu.usbserial-58870137921,"RX,1840934,R35,TXG,N91,20,177080,G,1,0.93,0.90,5,U,-48,9.50"
2026-07-11T14:19:45.706+00:00,/dev/cu.usbserial-58870137921,"RX,1841236,R35,TXE,N61,84,177382,A,0,0.75,0.72,5,U,-51,9.75"
2026-07-11T14:19:45.956+00:00,/dev/cu.usbserial-58870137921,"RX,1841486,R35,TXA,N01,175,177627,H,1,0.32,0.30,5,F,-37,9.50"
2026-07-11T14:19:46.096+00:00,/dev/cu.usbserial-58870137921,"RX,1841626,R35,TXK,N151,88,177764,A,1,0.75,0.72,5,U,-49,9.75"
2026-07-11T14:19:46.454+00:00,/dev/cu.usbserial-58870137921,"RX,1841984,R35,TXF,N76,43,178131,G,0,0.93,0.90,5,U,-44,9.50"
2026-07-11T14:19:46.612+00:00,/dev/cu.usbserial-58870137921,"RX,1842143,R35,TXJ,N136,20,178280,G,1,0.93,0.90,5,U,-43,9.75"
2026-07-11T14:19:46.708+00:00,/dev/cu.usbserial-58870137921,"RX,1842238,R35,TXC,N31,42,178381,E,1,0.87,0.84,5,U,-44,9.50"
2026-07-11T14:19:46.956+00:00,/dev/cu.usbserial-58870137921,"RX,1842486,R35,TXA,N01,176,178627,A,1,0.75,0.72,5,F,-37,9.75"
2026-07-11T14:19:47.222+00:00,/dev/cu.usbserial-58870137921,"RX,1842753,R35,TXB,N16,87,178893,G,0,0.93,0.90,5,U,-60,9.25"
2026-07-11T14:19:47.706+00:00,/dev/cu.usbserial-58870137921,"RX,1843236,R35,TXE,N61,85,179382,C,1,0.81,0.78,5,U,-51,9.50"
2026-07-11T14:19:47.813+00:00,/dev/cu.usbserial-58870137921,"RX,1843343,R35,TXI,N121,42,179481,E,1,0.87,0.84,5,U,-44,9.00"
2026-07-11T14:19:47.956+00:00,/dev/cu.usbserial-58870137921,"RX,1843486,R35,TXA,N01,177,179627,B,0,0.20,0.18,5,F,-37,9.75"
2026-07-11T14:19:48.096+00:00,/dev/cu.usbserial-58870137921,"RX,1843626,R35,TXK,N151,89,179764,C,1,0.81,0.78,5,U,-50,9.25"
2026-07-11T14:19:48.708+00:00,/dev/cu.usbserial-58870137921,"RX,1844238,R35,TXC,N31,43,180381,G,0,0.93,0.90,5,U,-44,10.00"
2026-07-11T14:19:48.956+00:00,/dev/cu.usbserial-58870137921,"RX,1844486,R35,TXA,N01,178,180627,C,1,0.81,0.78,5,F,-37,11.75"
2026-07-11T14:19:49.222+00:00,/dev/cu.usbserial-58870137921,"RX,1844753,R35,TXB,N16,88,180893,A,1,0.75,0.72,5,U,-60,9.75"
2026-07-11T14:19:49.706+00:00,/dev/cu.usbserial-58870137921,"RX,1845236,R35,TXE,N61,86,181382,E,1,0.87,0.84,5,U,-51,9.50"
2026-07-11T14:19:49.813+00:00,/dev/cu.usbserial-58870137921,"RX,1845343,R35,TXI,N121,43,181481,G,0,0.93,0.90,5,U,-44,9.50"
2026-07-11T14:19:49.956+00:00,/dev/cu.usbserial-58870137921,"RX,1845486,R35,TXA,N01,179,181627,D,1,0.24,0.22,5,F,-37,10.00"
2026-07-11T14:19:50.096+00:00,/dev/cu.usbserial-58870137921,"RX,1845626,R35,TXK,N151,90,181764,E,0,0.87,0.84,5,U,-50,9.50"
2026-07-11T14:19:50.956+00:00,/dev/cu.usbserial-58870137921,"RX,1846486,R35,TXA,N01,180,182627,E,0,0.87,0.84,5,F,-37,9.50"
2026-07-11T14:19:51.222+00:00,/dev/cu.usbserial-58870137921,"RX,1846753,R35,TXB,N16,89,182893,C,1,0.81,0.78,5,U,-59,10.00"
2026-07-11T14:19:51.706+00:00,/dev/cu.usbserial-58870137921,"RX,1847236,R35,TXE,N61,87,183382,G,0,0.93,0.90,5,U,-51,9.75"
2026-07-11T14:19:51.956+00:00,/dev/cu.usbserial-58870137921,"RX,1847486,R35,TXA,N01,181,183627,F,1,0.28,0.26,5,F,-37,9.50"
2026-07-11T14:19:52.096+00:00,/dev/cu.usbserial-58870137921,"RX,1847626,R35,TXK,N151,91,183764,G,1,0.93,0.90,5,U,-50,9.25"
2026-07-11T14:19:52.454+00:00,/dev/cu.usbserial-58870137921,"RX,1847984,R35,TXF,N76,44,184131,E,0,0.87,0.84,5,U,-44,9.50"
2026-07-11T14:19:52.759+00:00,/dev/cu.usbserial-58870137921,"RX,1848289,R35,TXD,N46,22,184431,G,1,0.93,0.90,5,U,-42,9.75"
2026-07-11T14:19:52.956+00:00,/dev/cu.usbserial-58870137921,"RX,1848486,R35,TXA,N01,182,184627,G,1,0.93,0.90,5,F,-37,9.50"
2026-07-11T14:19:53.222+00:00,/dev/cu.usbserial-58870137921,"RX,1848753,R35,TXB,N16,90,184893,E,0,0.87,0.84,5,U,-60,9.75"
2026-07-11T14:19:53.403+00:00,/dev/cu.usbserial-58870137921,"RX,1848934,R35,TXG,N91,21,185080,G,0,0.93,0.90,5,U,-48,9.25"
2026-07-11T14:19:53.706+00:00,/dev/cu.usbserial-58870137921,"RX,1849236,R35,TXE,N61,88,185382,A,1,0.75,0.72,5,U,-51,9.50"
2026-07-11T14:19:53.956+00:00,/dev/cu.usbserial-58870137921,"RX,1849486,R35,TXA,N01,183,185627,H,0,0.32,0.30,5,F,-37,10.00"
2026-07-11T14:19:54.096+00:00,/dev/cu.usbserial-58870137921,"RX,1849626,R35,TXK,N151,92,185764,A,1,0.75,0.72,5,U,-50,10.00"
2026-07-11T14:19:54.454+00:00,/dev/cu.usbserial-58870137921,"RX,1849984,R35,TXF,N76,45,186131,G,1,0.93,0.90,5,U,-44,9.50"
2026-07-11T14:19:54.612+00:00,/dev/cu.usbserial-58870137921,"RX,1850143,R35,TXJ,N136,21,186280,G,0,0.93,0.90,5,U,-43,9.50"
2026-07-11T14:19:54.708+00:00,/dev/cu.usbserial-58870137921,"RX,1850238,R35,TXC,N31,44,186381,E,0,0.87,0.84,5,U,-44,10.00"
2026-07-11T14:19:54.955+00:00,/dev/cu.usbserial-58870137921,"RX,1850486,R35,TXA,N01,184,186627,A,1,0.75,0.72,5,F,-37,9.50"
2026-07-11T14:19:55.222+00:00,/dev/cu.usbserial-58870137921,"RX,1850753,R35,TXB,N16,91,186893,G,1,0.93,0.90,5,U,-60,9.50"
2026-07-11T14:19:55.706+00:00,/dev/cu.usbserial-58870137921,"RX,1851236,R35,TXE,N61,89,187382,C,1,0.81,0.78,5,U,-51,9.75"
2026-07-11T14:19:55.813+00:00,/dev/cu.usbserial-58870137921,"RX,1851343,R35,TXI,N121,44,187481,E,0,0.87,0.84,5,U,-44,9.50"
2026-07-11T14:19:55.956+00:00,/dev/cu.usbserial-58870137921,"RX,1851486,R35,TXA,N01,185,187627,B,1,0.20,0.18,5,F,-37,9.75"
2026-07-11T14:19:56.096+00:00,/dev/cu.usbserial-58870137921,"RX,1851626,R35,TXK,N151,93,187764,C,0,0.81,0.78,5,U,-50,11.00"
2026-07-11T14:19:56.708+00:00,/dev/cu.usbserial-58870137921,"RX,1852238,R35,TXC,N31,45,188381,G,1,0.93,0.90,5,U,-45,9.75"
2026-07-11T14:19:56.956+00:00,/dev/cu.usbserial-58870137921,"RX,1852486,R35,TXA,N01,186,188627,C,0,0.81,0.78,5,F,-37,9.75"
2026-07-11T14:19:57.222+00:00,/dev/cu.usbserial-58870137921,"RX,1852753,R35,TXB,N16,92,188893,A,1,0.75,0.72,5,U,-60,9.75"
2026-07-11T14:19:57.706+00:00,/dev/cu.usbserial-58870137921,"RX,1853236,R35,TXE,N61,90,189382,E,0,0.87,0.84,5,U,-50,9.50"
2026-07-11T14:19:57.813+00:00,/dev/cu.usbserial-58870137921,"RX,1853343,R35,TXI,N121,45,189481,G,1,0.93,0.90,5,U,-44,9.50"
2026-07-11T14:19:57.956+00:00,/dev/cu.usbserial-58870137921,"RX,1853486,R35,TXA,N01,187,189627,D,1,0.24,0.22,5,F,-37,9.75"
2026-07-11T14:19:58.096+00:00,/dev/cu.usbserial-58870137921,"RX,1853626,R35,TXK,N151,94,189764,E,1,0.87,0.84,5,U,-50,9.50"
2026-07-11T14:19:58.956+00:00,/dev/cu.usbserial-58870137921,"RX,1854486,R35,TXA,N01,188,190627,E,1,0.87,0.84,5,F,-37,9.50"
2026-07-11T14:19:59.222+00:00,/dev/cu.usbserial-58870137921,"RX,1854753,R35,TXB,N16,93,190893,C,0,0.81,0.78,5,U,-60,9.25"
2026-07-11T14:19:59.706+00:00,/dev/cu.usbserial-58870137921,"RX,1855236,R35,TXE,N61,91,191382,G,1,0.93,0.90,5,U,-51,9.25"
2026-07-11T14:19:59.956+00:00,/dev/cu.usbserial-58870137921,"RX,1855486,R35,TXA,N01,189,191627,F,0,0.28,0.26,5,F,-37,9.00"
2026-07-11T14:20:00.096+00:00,/dev/cu.usbserial-58870137921,"RX,1855626,R35,TXK,N151,95,191764,G,1,0.93,0.90,5,U,-50,9.75"
2026-07-11T14:20:00.454+00:00,/dev/cu.usbserial-58870137921,"RX,1855984,R35,TXF,N76,46,192131,E,1,0.87,0.84,5,U,-44,9.50"
2026-07-11T14:20:00.759+00:00,/dev/cu.usbserial-58870137921,"RX,1856289,R35,TXD,N46,23,192431,G,1,0.93,0.90,5,U,-42,10.00"
2026-07-11T14:20:00.956+00:00,/dev/cu.usbserial-58870137921,"RX,1856486,R35,TXA,N01,190,192627,G,1,0.93,0.90,5,F,-37,9.75"
2026-07-11T14:20:01.222+00:00,/dev/cu.usbserial-58870137921,"RX,1856753,R35,TXB,N16,94,192893,E,1,0.87,0.84,5,U,-59,9.50"
2026-07-11T14:20:01.403+00:00,/dev/cu.usbserial-58870137921,"RX,1856934,R35,TXG,N91,22,193080,G,1,0.93,0.90,5,U,-48,9.25"
2026-07-11T14:20:01.706+00:00,/dev/cu.usbserial-58870137921,"RX,1857236,R35,TXE,N61,92,193382,A,1,0.75,0.72,5,U,-51,9.50"
2026-07-11T14:20:01.956+00:00,/dev/cu.usbserial-58870137921,"RX,1857486,R35,TXA,N01,191,193627,H,1,0.32,0.30,5,F,-37,9.50"
2026-07-11T14:20:02.096+00:00,/dev/cu.usbserial-58870137921,"RX,1857626,R35,TXK,N151,96,193764,A,1,0.75,0.72,5,U,-50,9.75"
2026-07-11T14:20:02.454+00:00,/dev/cu.usbserial-58870137921,"RX,1857984,R35,TXF,N76,47,194131,G,1,0.93,0.90,5,U,-43,9.50"
2026-07-11T14:20:02.612+00:00,/dev/cu.usbserial-58870137921,"RX,1858143,R35,TXJ,N136,22,194280,G,1,0.93,0.90,5,U,-43,10.00"
2026-07-11T14:20:02.708+00:00,/dev/cu.usbserial-58870137921,"RX,1858238,R35,TXC,N31,46,194381,E,1,0.87,0.84,5,U,-44,9.50"
2026-07-11T14:20:02.956+00:00,/dev/cu.usbserial-58870137921,"RX,1858486,R35,TXA,N01,192,194627,A,1,0.75,0.72,5,F,-37,9.75"
2026-07-11T14:20:03.222+00:00,/dev/cu.usbserial-58870137921,"RX,1858752,R35,TXB,N16,95,194893,G,1,0.93,0.90,5,U,-60,9.25"
2026-07-11T14:20:03.706+00:00,/dev/cu.usbserial-58870137921,"RX,1859236,R35,TXE,N61,93,195382,C,0,0.81,0.78,5,U,-50,9.00"
2026-07-11T14:20:03.813+00:00,/dev/cu.usbserial-58870137921,"RX,1859343,R35,TXI,N121,46,195481,E,1,0.87,0.84,5,U,-44,9.25"
2026-07-11T14:20:03.956+00:00,/dev/cu.usbserial-58870137921,"RX,1859486,R35,TXA,N01,193,195627,B,0,0.20,0.18,5,F,-37,10.25"
2026-07-11T14:20:04.096+00:00,/dev/cu.usbserial-58870137921,"RX,1859626,R35,TXK,N151,97,195764,C,1,0.81,0.78,5,U,-49,9.50"
2026-07-11T14:20:04.708+00:00,/dev/cu.usbserial-58870137921,"RX,1860238,R35,TXC,N31,47,196381,G,1,0.93,0.90,5,U,-45,9.50"
2026-07-11T14:20:04.955+00:00,/dev/cu.usbserial-58870137921,"RX,1860486,R35,TXA,N01,194,196627,C,1,0.81,0.78,5,F,-37,9.50"
2026-07-11T14:20:05.222+00:00,/dev/cu.usbserial-58870137921,"RX,1860753,R35,TXB,N16,96,196893,A,1,0.75,0.72,5,U,-60,9.75"
2026-07-11T14:20:05.706+00:00,/dev/cu.usbserial-58870137921,"RX,1861236,R35,TXE,N61,94,197382,E,1,0.87,0.84,5,U,-50,9.75"
2026-07-11T14:20:05.813+00:00,/dev/cu.usbserial-58870137921,"RX,1861343,R35,TXI,N121,47,197481,G,1,0.93,0.90,5,U,-44,10.00"
2026-07-11T14:20:05.955+00:00,/dev/cu.usbserial-58870137921,"RX,1861486,R35,TXA,N01,195,197627,D,1,0.24,0.22,5,F,-37,9.75"
2026-07-11T14:20:06.096+00:00,/dev/cu.usbserial-58870137921,"RX,1861626,R35,TXK,N151,98,197764,E,0,0.87,0.84,5,U,-50,9.50"
2026-07-11T14:20:06.956+00:00,/dev/cu.usbserial-58870137921,"RX,1862486,R35,TXA,N01,196,198627,E,0,0.87,0.84,5,F,-37,9.25"
2026-07-11T14:20:07.222+00:00,/dev/cu.usbserial-58870137921,"RX,1862752,R35,TXB,N16,97,198893,C,1,0.81,0.78,5,U,-59,9.50"
2026-07-11T14:20:07.706+00:00,/dev/cu.usbserial-58870137921,"RX,1863236,R35,TXE,N61,95,199382,G,1,0.93,0.90,5,U,-50,9.50"
2026-07-11T14:20:07.955+00:00,/dev/cu.usbserial-58870137921,"RX,1863486,R35,TXA,N01,197,199627,F,1,0.28,0.26,5,F,-37,9.25"
2026-07-11T14:20:08.065+00:00,/dev/cu.usbserial-58870137921,"RX,1863595,R35,TXH,N106,12,199742,G,1,0.93,0.90,5,U,-35,5.00"
2026-07-11T14:20:08.247+00:00,/dev/cu.usbserial-58870137921,"RX,1863778,R35,TXL,N166,12,199916,G,1,0.93,0.90,5,U,-44,9.50"
2026-07-11T14:20:08.454+00:00,/dev/cu.usbserial-58870137921,"RX,1863984,R35,TXF,N76,48,200131,E,0,0.87,0.84,5,U,-45,9.25"
2026-07-11T14:20:08.759+00:00,/dev/cu.usbserial-58870137921,"RX,1864289,R35,TXD,N46,24,200431,G,1,0.93,0.90,5,U,-42,9.50"
2026-07-11T14:20:08.956+00:00,/dev/cu.usbserial-58870137921,"RX,1864486,R35,TXA,N01,198,200627,G,1,0.93,0.90,5,F,-37,9.25"
2026-07-11T14:20:09.222+00:00,/dev/cu.usbserial-58870137921,"RX,1864752,R35,TXB,N16,98,200893,E,0,0.87,0.84,5,U,-60,9.50"
2026-07-11T14:20:09.403+00:00,/dev/cu.usbserial-58870137921,"RX,1864934,R35,TXG,N91,23,201080,G,1,0.93,0.90,5,U,-48,9.00"
2026-07-11T14:20:09.706+00:00,/dev/cu.usbserial-58870137921,"RX,1865236,R35,TXE,N61,96,201382,A,1,0.75,0.72,5,U,-51,9.25"
2026-07-11T14:20:09.955+00:00,/dev/cu.usbserial-58870137921,"RX,1865486,R35,TXA,N01,199,201627,H,0,0.32,0.30,5,F,-37,9.50"
2026-07-11T14:20:10.101+00:00,/dev/cu.usbserial-58870137921,"RX,1865631,R35,TXK,N151,100,201764,A,1,0.75,0.72,5,U,-50,10.00"
2026-07-11T14:20:10.454+00:00,/dev/cu.usbserial-58870137921,"RX,1865984,R35,TXF,N76,49,202131,G,1,0.93,0.90,5,U,-44,9.75"
2026-07-11T14:20:10.612+00:00,/dev/cu.usbserial-58870137921,"RX,1866142,R35,TXJ,N136,23,202280,G,1,0.93,0.90,5,U,-44,9.50"
2026-07-11T14:20:10.708+00:00,/dev/cu.usbserial-58870137921,"RX,1866238,R35,TXC,N31,48,202381,E,0,0.87,0.84,5,U,-44,9.75"
2026-07-11T14:20:10.956+00:00,/dev/cu.usbserial-58870137921,"RX,1866486,R35,TXA,N01,200,202627,A,1,0.75,0.72,5,F,-37,9.75"
2026-07-11T14:20:11.222+00:00,/dev/cu.usbserial-58870137921,"RX,1866752,R35,TXB,N16,99,202893,G,1,0.93,0.90,5,U,-60,9.75"
2026-07-11T14:20:11.706+00:00,/dev/cu.usbserial-58870137921,"RX,1867236,R35,TXE,N61,97,203382,C,1,0.81,0.78,5,U,-50,9.50"
2026-07-11T14:20:11.813+00:00,/dev/cu.usbserial-58870137921,"RX,1867343,R35,TXI,N121,48,203481,E,0,0.87,0.84,5,U,-43,10.00"
2026-07-11T14:20:11.955+00:00,/dev/cu.usbserial-58870137921,"RX,1867486,R35,TXA,N01,201,203627,B,1,0.20,0.18,5,F,-37,9.75"
2026-07-11T14:20:12.101+00:00,/dev/cu.usbserial-58870137921,"RX,1867631,R35,TXK,N151,101,203764,C,0,0.81,0.78,5,U,-50,10.00"
2026-07-11T14:20:12.708+00:00,/dev/cu.usbserial-58870137921,"RX,1868238,R35,TXC,N31,49,204381,G,1,0.93,0.90,5,U,-45,10.00"
2026-07-11T14:20:12.955+00:00,/dev/cu.usbserial-58870137921,"RX,1868486,R35,TXA,N01,202,204627,C,0,0.81,0.78,5,F,-37,9.25"
2026-07-11T14:20:13.222+00:00,/dev/cu.usbserial-58870137921,"RX,1868753,R35,TXB,N16,100,204893,A,1,0.75,0.72,5,U,-60,9.75"
2026-07-11T14:20:13.706+00:00,/dev/cu.usbserial-58870137921,"RX,1869236,R35,TXE,N61,98,205382,E,0,0.87,0.84,5,U,-50,9.50"
2026-07-11T14:20:13.813+00:00,/dev/cu.usbserial-58870137921,"RX,1869343,R35,TXI,N121,49,205481,G,1,0.93,0.90,5,U,-43,10.00"
2026-07-11T14:20:13.955+00:00,/dev/cu.usbserial-58870137921,"RX,1869486,R35,TXA,N01,203,205627,D,1,0.24,0.22,5,F,-37,9.75"
2026-07-11T14:20:14.101+00:00,/dev/cu.usbserial-58870137921,"RX,1869631,R35,TXK,N151,102,205764,E,1,0.87,0.84,5,U,-50,9.75"
2026-07-11T14:20:14.955+00:00,/dev/cu.usbserial-58870137921,"RX,1870486,R35,TXA,N01,204,206627,E,1,0.87,0.84,5,F,-37,9.00"
2026-07-11T14:20:15.222+00:00,/dev/cu.usbserial-58870137921,"RX,1870753,R35,TXB,N16,101,206893,C,0,0.81,0.78,5,U,-60,9.25"
2026-07-11T14:20:15.705+00:00,/dev/cu.usbserial-58870137921,"RX,1871236,R35,TXE,N61,99,207382,G,1,0.93,0.90,5,U,-50,9.50"
2026-07-11T14:20:15.955+00:00,/dev/cu.usbserial-58870137921,"RX,1871486,R35,TXA,N01,205,207627,F,0,0.28,0.26,5,F,-37,9.75"
2026-07-11T14:20:16.065+00:00,/dev/cu.usbserial-58870137921,"RX,1871595,R35,TXH,N106,13,207742,G,1,0.93,0.90,5,U,-35,5.25"
2026-07-11T14:20:16.248+00:00,/dev/cu.usbserial-58870137921,"RX,1871778,R35,TXL,N166,13,207916,G,1,0.93,0.90,5,U,-44,9.75"
2026-07-11T14:20:16.454+00:00,/dev/cu.usbserial-58870137921,"RX,1871984,R35,TXF,N76,50,208131,E,1,0.87,0.84,5,U,-44,10.00"
2026-07-11T14:20:16.758+00:00,/dev/cu.usbserial-58870137921,"RX,1872289,R35,TXD,N46,25,208431,G,1,0.93,0.90,5,U,-42,9.75"
2026-07-11T14:20:16.955+00:00,/dev/cu.usbserial-58870137921,"RX,1872486,R35,TXA,N01,206,208627,G,1,0.93,0.90,5,F,-37,9.50"
2026-07-11T14:20:17.222+00:00,/dev/cu.usbserial-58870137921,"RX,1872752,R35,TXB,N16,102,208893,E,1,0.87,0.84,5,U,-60,9.75"
2026-07-11T14:20:17.403+00:00,/dev/cu.usbserial-58870137921,"RX,1872934,R35,TXG,N91,24,209080,G,1,0.93,0.90,5,U,-48,9.25"
2026-07-11T14:20:17.706+00:00,/dev/cu.usbserial-58870137921,"RX,1873236,R35,TXE,N61,100,209382,A,1,0.75,0.72,5,U,-49,9.75"
2026-07-11T14:20:17.955+00:00,/dev/cu.usbserial-58870137921,"RX,1873486,R35,TXA,N01,207,209627,H,1,0.32,0.30,5,F,-37,9.75"
2026-07-11T14:20:18.101+00:00,/dev/cu.usbserial-58870137921,"RX,1873631,R35,TXK,N151,104,209764,A,0,0.75,0.72,5,U,-50,9.75"
2026-07-11T14:20:18.454+00:00,/dev/cu.usbserial-58870137921,"RX,1873984,R35,TXF,N76,51,210131,G,1,0.93,0.90,5,U,-45,9.75"
2026-07-11T14:20:18.612+00:00,/dev/cu.usbserial-58870137921,"RX,1874142,R35,TXJ,N136,24,210280,G,1,0.93,0.90,5,U,-44,9.50"
2026-07-11T14:20:18.708+00:00,/dev/cu.usbserial-58870137921,"RX,1874238,R35,TXC,N31,50,210381,E,1,0.87,0.84,5,U,-44,9.75"
2026-07-11T14:20:18.955+00:00,/dev/cu.usbserial-58870137921,"RX,1874486,R35,TXA,N01,208,210627,A,0,0.75,0.72,5,F,-37,10.00"
2026-07-11T14:20:19.222+00:00,/dev/cu.usbserial-58870137921,"RX,1874753,R35,TXB,N16,103,210893,G,1,0.93,0.90,5,U,-60,9.50"
2026-07-11T14:20:19.706+00:00,/dev/cu.usbserial-58870137921,"RX,1875236,R35,TXE,N61,101,211382,C,0,0.81,0.78,5,U,-50,9.25"
2026-07-11T14:20:19.813+00:00,/dev/cu.usbserial-58870137921,"RX,1875343,R35,TXI,N121,50,211481,E,1,0.87,0.84,5,U,-44,9.50"
2026-07-11T14:20:19.955+00:00,/dev/cu.usbserial-58870137921,"RX,1875486,R35,TXA,N01,209,211627,B,1,0.20,0.18,5,F,-37,10.00"
2026-07-11T14:20:20.101+00:00,/dev/cu.usbserial-58870137921,"RX,1875631,R35,TXK,N151,105,211764,C,1,0.81,0.78,5,U,-50,9.50"
2026-07-11T14:20:20.708+00:00,/dev/cu.usbserial-58870137921,"RX,1876238,R35,TXC,N31,51,212381,G,1,0.93,0.90,5,U,-44,9.75"
2026-07-11T14:20:20.955+00:00,/dev/cu.usbserial-58870137921,"RX,1876486,R35,TXA,N01,210,212627,C,1,0.81,0.78,5,F,-38,9.75"
2026-07-11T14:20:21.222+00:00,/dev/cu.usbserial-58870137921,"RX,1876752,R35,TXB,N16,104,212893,A,0,0.75,0.72,5,U,-60,10.00"
2026-07-11T14:20:21.706+00:00,/dev/cu.usbserial-58870137921,"RX,1877236,R35,TXE,N61,102,213382,E,1,0.87,0.84,5,U,-50,10.00"
2026-07-11T14:20:21.813+00:00,/dev/cu.usbserial-58870137921,"RX,1877343,R35,TXI,N121,51,213481,G,1,0.93,0.90,5,U,-44,9.50"
2026-07-11T14:20:21.955+00:00,/dev/cu.usbserial-58870137921,"RX,1877486,R35,TXA,N01,211,213627,D,0,0.24,0.22,5,F,-37,9.50"
2026-07-11T14:20:22.101+00:00,/dev/cu.usbserial-58870137921,"RX,1877631,R35,TXK,N151,106,213764,E,1,0.87,0.84,5,U,-50,10.00"
2026-07-11T14:20:22.955+00:00,/dev/cu.usbserial-58870137921,"RX,1878486,R35,TXA,N01,212,214627,E,1,0.87,0.84,5,F,-37,9.50"
2026-07-11T14:20:23.222+00:00,/dev/cu.usbserial-58870137921,"RX,1878753,R35,TXB,N16,105,214893,C,1,0.81,0.78,5,U,-60,9.50"
2026-07-11T14:20:23.706+00:00,/dev/cu.usbserial-58870137921,"RX,1879236,R35,TXE,N61,103,215382,G,1,0.93,0.90,5,U,-50,9.25"
2026-07-11T14:20:23.955+00:00,/dev/cu.usbserial-58870137921,"RX,1879486,R35,TXA,N01,213,215627,F,1,0.28,0.26,5,F,-37,9.50"
2026-07-11T14:20:24.065+00:00,/dev/cu.usbserial-58870137921,"RX,1879595,R35,TXH,N106,14,215742,G,0,0.93,0.90,5,U,-36,5.00"
2026-07-11T14:20:24.247+00:00,/dev/cu.usbserial-58870137921,"RX,1879778,R35,TXL,N166,14,215916,G,0,0.93,0.90,5,U,-45,9.50"
2026-07-11T14:20:24.454+00:00,/dev/cu.usbserial-58870137921,"RX,1879984,R35,TXF,N76,52,216131,E,1,0.87,0.84,5,U,-44,12.25"
2026-07-11T14:20:24.759+00:00,/dev/cu.usbserial-58870137921,"RX,1880289,R35,TXD,N46,26,216431,G,0,0.93,0.90,5,U,-42,9.75"
2026-07-11T14:20:24.955+00:00,/dev/cu.usbserial-58870137921,"RX,1880486,R35,TXA,N01,214,216627,G,0,0.93,0.90,5,F,-37,9.25"
2026-07-11T14:20:25.222+00:00,/dev/cu.usbserial-58870137921,"RX,1880753,R35,TXB,N16,106,216893,E,1,0.87,0.84,5,U,-60,9.50"
2026-07-11T14:20:25.403+00:00,/dev/cu.usbserial-58870137921,"RX,1880934,R35,TXG,N91,25,217080,G,1,0.93,0.90,5,U,-48,8.75"
2026-07-11T14:20:25.706+00:00,/dev/cu.usbserial-58870137921,"RX,1881236,R35,TXE,N61,104,217382,A,0,0.75,0.72,5,U,-50,9.50"
2026-07-11T14:20:25.955+00:00,/dev/cu.usbserial-58870137921,"RX,1881486,R35,TXA,N01,215,217627,H,1,0.32,0.30,5,F,-37,9.75"
2026-07-11T14:20:26.101+00:00,/dev/cu.usbserial-58870137921,"RX,1881631,R35,TXK,N151,108,217764,A,1,0.75,0.72,5,U,-50,10.00"
2026-07-11T14:20:26.454+00:00,/dev/cu.usbserial-58870137921,"RX,1881984,R35,TXF,N76,53,218131,G,0,0.93,0.90,5,U,-44,9.75"
2026-07-11T14:20:26.612+00:00,/dev/cu.usbserial-58870137921,"RX,1882142,R35,TXJ,N136,25,218280,G,1,0.93,0.90,5,U,-45,9.25"
2026-07-11T14:20:26.708+00:00,/dev/cu.usbserial-58870137921,"RX,1882238,R35,TXC,N31,52,218381,E,1,0.87,0.84,5,U,-44,9.75"
2026-07-11T14:20:26.955+00:00,/dev/cu.usbserial-58870137921,"RX,1882486,R35,TXA,N01,216,218627,A,1,0.75,0.72,5,F,-37,9.50"
2026-07-11T14:20:27.222+00:00,/dev/cu.usbserial-58870137921,"RX,1882753,R35,TXB,N16,107,218893,G,0,0.93,0.90,5,U,-60,10.00"
2026-07-11T14:20:27.706+00:00,/dev/cu.usbserial-58870137921,"RX,1883236,R35,TXE,N61,105,219382,C,1,0.81,0.78,5,U,-50,10.00"
2026-07-11T14:20:27.813+00:00,/dev/cu.usbserial-58870137921,"RX,1883343,R35,TXI,N121,52,219481,E,1,0.87,0.84,5,U,-43,9.50"
2026-07-11T14:20:27.955+00:00,/dev/cu.usbserial-58870137921,"RX,1883486,R35,TXA,N01,217,219627,B,0,0.20,0.18,5,F,-37,9.50"
2026-07-11T14:20:28.101+00:00,/dev/cu.usbserial-58870137921,"RX,1883631,R35,TXK,N151,109,219764,C,1,0.81,0.78,5,U,-50,9.50"
2026-07-11T14:20:28.708+00:00,/dev/cu.usbserial-58870137921,"RX,1884238,R35,TXC,N31,53,220381,G,0,0.93,0.90,5,U,-45,9.75"
2026-07-11T14:20:28.955+00:00,/dev/cu.usbserial-58870137921,"RX,1884486,R35,TXA,N01,218,220627,C,1,0.81,0.78,5,F,-37,9.75"
2026-07-11T14:20:29.222+00:00,/dev/cu.usbserial-58870137921,"RX,1884753,R35,TXB,N16,108,220893,A,1,0.75,0.72,5,U,-60,9.75"
2026-07-11T14:20:29.706+00:00,/dev/cu.usbserial-58870137921,"RX,1885236,R35,TXE,N61,106,221382,E,1,0.87,0.84,5,U,-50,9.75"
2026-07-11T14:20:29.813+00:00,/dev/cu.usbserial-58870137921,"RX,1885343,R35,TXI,N121,53,221481,G,0,0.93,0.90,5,U,-44,9.75"
2026-07-11T14:20:29.955+00:00,/dev/cu.usbserial-58870137921,"RX,1885486,R35,TXA,N01,219,221627,D,1,0.24,0.22,5,F,-37,9.50"
2026-07-11T14:20:30.101+00:00,/dev/cu.usbserial-58870137921,"RX,1885631,R35,TXK,N151,110,221764,E,0,0.87,0.84,5,U,-50,9.75"
2026-07-11T14:20:30.956+00:00,/dev/cu.usbserial-58870137921,"RX,1886486,R35,TXA,N01,220,222627,E,0,0.87,0.84,5,F,-37,9.00"
2026-07-11T14:20:31.222+00:00,/dev/cu.usbserial-58870137921,"RX,1886753,R35,TXB,N16,109,222893,C,1,0.81,0.78,5,U,-60,9.75"
2026-07-11T14:20:31.706+00:00,/dev/cu.usbserial-58870137921,"RX,1887236,R35,TXE,N61,107,223382,G,0,0.93,0.90,5,U,-49,9.75"
2026-07-11T14:20:31.955+00:00,/dev/cu.usbserial-58870137921,"RX,1887486,R35,TXA,N01,221,223627,F,1,0.28,0.26,5,F,-37,10.25"
2026-07-11T14:20:32.065+00:00,/dev/cu.usbserial-58870137921,"RX,1887595,R35,TXH,N106,15,223742,G,1,0.93,0.90,5,U,-36,5.25"
2026-07-11T14:20:32.247+00:00,/dev/cu.usbserial-58870137921,"RX,1887778,R35,TXL,N166,15,223916,G,1,0.93,0.90,5,U,-44,9.50"
2026-07-11T14:20:32.453+00:00,/dev/cu.usbserial-58870137921,"RX,1887984,R35,TXF,N76,54,224131,E,0,0.87,0.84,5,U,-44,9.75"
2026-07-11T14:20:32.758+00:00,/dev/cu.usbserial-58870137921,"RX,1888289,R35,TXD,N46,27,224431,G,1,0.93,0.90,5,U,-42,10.00"
2026-07-11T14:20:32.955+00:00,/dev/cu.usbserial-58870137921,"RX,1888486,R35,TXA,N01,222,224627,G,1,0.93,0.90,5,F,-37,9.50"
2026-07-11T14:20:33.222+00:00,/dev/cu.usbserial-58870137921,"RX,1888753,R35,TXB,N16,110,224893,E,0,0.87,0.84,5,U,-60,10.00"
2026-07-11T14:20:33.403+00:00,/dev/cu.usbserial-58870137921,"RX,1888934,R35,TXG,N91,26,225080,G,0,0.93,0.90,5,U,-48,9.50"
2026-07-11T14:20:33.706+00:00,/dev/cu.usbserial-58870137921,"RX,1889236,R35,TXE,N61,108,225382,A,1,0.75,0.72,5,U,-50,9.50"
2026-07-11T14:20:33.955+00:00,/dev/cu.usbserial-58870137921,"RX,1889486,R35,TXA,N01,223,225627,H,0,0.32,0.30,5,F,-37,9.75"
2026-07-11T14:20:34.101+00:00,/dev/cu.usbserial-58870137921,"RX,1889631,R35,TXK,N151,112,225764,A,1,0.75,0.72,5,U,-50,9.75"
2026-07-11T14:20:34.454+00:00,/dev/cu.usbserial-58870137921,"RX,1889984,R35,TXF,N76,55,226131,G,1,0.93,0.90,5,U,-45,10.00"
2026-07-11T14:20:34.612+00:00,/dev/cu.usbserial-58870137921,"RX,1890142,R35,TXJ,N136,26,226280,G,0,0.93,0.90,5,U,-43,9.50"
2026-07-11T14:20:34.708+00:00,/dev/cu.usbserial-58870137921,"RX,1890238,R35,TXC,N31,54,226381,E,0,0.87,0.84,5,U,-44,10.00"
2026-07-11T14:20:34.955+00:00,/dev/cu.usbserial-58870137921,"RX,1890486,R35,TXA,N01,224,226627,A,1,0.75,0.72,5,F,-37,9.75"
2026-07-11T14:20:35.222+00:00,/dev/cu.usbserial-58870137921,"RX,1890752,R35,TXB,N16,111,226893,G,1,0.93,0.90,5,U,-60,9.75"
2026-07-11T14:20:35.706+00:00,/dev/cu.usbserial-58870137921,"RX,1891236,R35,TXE,N61,109,227382,C,1,0.81,0.78,5,U,-50,9.25"
2026-07-11T14:20:35.813+00:00,/dev/cu.usbserial-58870137921,"RX,1891343,R35,TXI,N121,54,227481,E,0,0.87,0.84,5,U,-43,10.00"
2026-07-11T14:20:35.955+00:00,/dev/cu.usbserial-58870137921,"RX,1891486,R35,TXA,N01,225,227627,B,1,0.20,0.18,5,F,-37,9.75"
2026-07-11T14:20:36.101+00:00,/dev/cu.usbserial-58870137921,"RX,1891631,R35,TXK,N151,113,227764,C,0,0.81,0.78,5,U,-50,10.00"
2026-07-11T14:20:36.707+00:00,/dev/cu.usbserial-58870137921,"RX,1892238,R35,TXC,N31,55,228381,G,1,0.93,0.90,5,U,-44,9.75"
2026-07-11T14:20:36.955+00:00,/dev/cu.usbserial-58870137921,"RX,1892486,R35,TXA,N01,226,228627,C,0,0.81,0.78,5,F,-37,9.25"
2026-07-11T14:20:37.222+00:00,/dev/cu.usbserial-58870137921,"RX,1892752,R35,TXB,N16,112,228893,A,1,0.75,0.72,5,U,-60,10.00"
2026-07-11T14:20:37.706+00:00,/dev/cu.usbserial-58870137921,"RX,1893236,R35,TXE,N61,110,229382,E,0,0.87,0.84,5,U,-50,9.75"
2026-07-11T14:20:37.812+00:00,/dev/cu.usbserial-58870137921,"RX,1893343,R35,TXI,N121,55,229481,G,1,0.93,0.90,5,U,-44,9.75"
2026-07-11T14:20:37.955+00:00,/dev/cu.usbserial-58870137921,"RX,1893486,R35,TXA,N01,227,229627,D,1,0.24,0.22,5,F,-38,9.75"
2026-07-11T14:20:38.101+00:00,/dev/cu.usbserial-58870137921,"RX,1893631,R35,TXK,N151,114,229764,E,1,0.87,0.84,5,U,-50,9.50"
2026-07-11T14:20:38.955+00:00,/dev/cu.usbserial-58870137921,"RX,1894486,R35,TXA,N01,228,230627,E,1,0.87,0.84,5,F,-37,9.00"
2026-07-11T14:20:39.222+00:00,/dev/cu.usbserial-58870137921,"RX,1894753,R35,TXB,N16,113,230893,C,0,0.81,0.78,5,U,-60,9.50"
2026-07-11T14:20:39.705+00:00,/dev/cu.usbserial-58870137921,"RX,1895236,R35,TXE,N61,111,231382,G,1,0.93,0.90,5,U,-49,9.75"
2026-07-11T14:20:39.955+00:00,/dev/cu.usbserial-58870137921,"RX,1895486,R35,TXA,N01,229,231627,F,0,0.28,0.26,5,F,-37,9.75"
2026-07-11T14:20:40.101+00:00,/dev/cu.usbserial-58870137921,"RX,1895631,R35,TXK,N151,115,231764,G,1,0.93,0.90,5,U,-50,9.25"
2026-07-11T14:20:40.453+00:00,/dev/cu.usbserial-58870137921,"RX,1895984,R35,TXF,N76,56,232131,E,1,0.87,0.84,5,U,-44,9.50"
2026-07-11T14:20:40.758+00:00,/dev/cu.usbserial-58870137921,"RX,1896289,R35,TXD,N46,28,232431,G,1,0.93,0.90,5,U,-42,10.00"
2026-07-11T14:20:40.955+00:00,/dev/cu.usbserial-58870137921,"RX,1896486,R35,TXA,N01,230,232627,G,1,0.93,0.90,5,F,-38,9.25"
2026-07-11T14:20:41.222+00:00,/dev/cu.usbserial-58870137921,"RX,1896752,R35,TXB,N16,114,232893,E,1,0.87,0.84,5,U,-60,9.50"
2026-07-11T14:20:41.403+00:00,/dev/cu.usbserial-58870137921,"RX,1896933,R35,TXG,N91,27,233080,G,1,0.93,0.90,5,U,-48,8.75"
2026-07-11T14:20:41.706+00:00,/dev/cu.usbserial-58870137921,"RX,1897236,R35,TXE,N61,112,233382,A,1,0.75,0.72,5,U,-50,9.75"
2026-07-11T14:20:41.955+00:00,/dev/cu.usbserial-58870137921,"RX,1897486,R35,TXA,N01,231,233627,H,1,0.32,0.30,5,F,-37,9.50"
2026-07-11T14:20:42.101+00:00,/dev/cu.usbserial-58870137921,"RX,1897631,R35,TXK,N151,116,233764,A,0,0.75,0.72,5,U,-50,9.75"
2026-07-11T14:20:42.453+00:00,/dev/cu.usbserial-58870137921,"RX,1897984,R35,TXF,N76,57,234131,G,1,0.93,0.90,5,U,-45,9.75"
2026-07-11T14:20:42.612+00:00,/dev/cu.usbserial-58870137921,"RX,1898142,R35,TXJ,N136,27,234280,G,1,0.93,0.90,5,U,-43,10.00"
2026-07-11T14:20:42.708+00:00,/dev/cu.usbserial-58870137921,"RX,1898238,R35,TXC,N31,56,234381,E,1,0.87,0.84,5,U,-44,9.75"
2026-07-11T14:20:42.955+00:00,/dev/cu.usbserial-58870137921,"RX,1898486,R35,TXA,N01,232,234627,A,0,0.75,0.72,5,F,-37,9.75"
2026-07-11T14:20:43.222+00:00,/dev/cu.usbserial-58870137921,"RX,1898752,R35,TXB,N16,115,234893,G,1,0.93,0.90,5,U,-60,9.50"
2026-07-11T14:20:43.706+00:00,/dev/cu.usbserial-58870137921,"RX,1899236,R35,TXE,N61,113,235382,C,0,0.81,0.78,5,U,-50,9.50"
2026-07-11T14:20:43.812+00:00,/dev/cu.usbserial-58870137921,"RX,1899343,R35,TXI,N121,56,235481,E,1,0.87,0.84,5,U,-44,10.00"
2026-07-11T14:20:43.955+00:00,/dev/cu.usbserial-58870137921,"RX,1899486,R35,TXA,N01,233,235627,B,1,0.20,0.18,5,F,-38,9.25"
2026-07-11T14:20:44.101+00:00,/dev/cu.usbserial-58870137921,"RX,1899631,R35,TXK,N151,117,235764,C,1,0.81,0.78,5,U,-50,9.75"
2026-07-11T14:20:44.707+00:00,/dev/cu.usbserial-58870137921,"RX,1900238,R35,TXC,N31,57,236381,G,1,0.93,0.90,5,U,-44,9.75"
2026-07-11T14:20:44.955+00:00,/dev/cu.usbserial-58870137921,"RX,1900486,R35,TXA,N01,234,236627,C,1,0.81,0.78,5,F,-37,9.50"
2026-07-11T14:20:45.222+00:00,/dev/cu.usbserial-58870137921,"RX,1900752,R35,TXB,N16,116,236893,A,0,0.75,0.72,5,U,-60,9.75"
2026-07-11T14:20:45.706+00:00,/dev/cu.usbserial-58870137921,"RX,1901236,R35,TXE,N61,114,237382,E,1,0.87,0.84,5,U,-50,10.00"
2026-07-11T14:20:45.813+00:00,/dev/cu.usbserial-58870137921,"RX,1901343,R35,TXI,N121,57,237481,G,1,0.93,0.90,5,U,-43,10.00"
2026-07-11T14:20:45.955+00:00,/dev/cu.usbserial-58870137921,"RX,1901486,R35,TXA,N01,235,237627,D,0,0.24,0.22,5,F,-38,9.75"
2026-07-11T14:20:46.100+00:00,/dev/cu.usbserial-58870137921,"RX,1901631,R35,TXK,N151,118,237764,E,1,0.87,0.84,5,U,-50,10.00"
2026-07-11T14:20:46.955+00:00,/dev/cu.usbserial-58870137921,"RX,1902486,R35,TXA,N01,236,238627,E,1,0.87,0.84,5,F,-37,9.75"
2026-07-11T14:20:47.222+00:00,/dev/cu.usbserial-58870137921,"RX,1902752,R35,TXB,N16,117,238893,C,1,0.81,0.78,5,U,-60,9.50"
2026-07-11T14:20:47.706+00:00,/dev/cu.usbserial-58870137921,"RX,1903236,R35,TXE,N61,115,239382,G,1,0.93,0.90,5,U,-50,9.75"
2026-07-11T14:20:47.955+00:00,/dev/cu.usbserial-58870137921,"RX,1903486,R35,TXA,N01,237,239627,F,1,0.28,0.26,5,F,-37,9.25"
2026-07-11T14:20:48.101+00:00,/dev/cu.usbserial-58870137921,"RX,1903631,R35,TXK,N151,119,239764,G,0,0.93,0.90,5,U,-49,10.00"
2026-07-11T14:20:48.453+00:00,/dev/cu.usbserial-58870137921,"RX,1903984,R35,TXF,N76,58,240131,E,1,0.87,0.84,5,U,-44,9.75"
2026-07-11T14:20:48.758+00:00,/dev/cu.usbserial-58870137921,"RX,1904289,R35,TXD,N46,29,240431,G,0,0.93,0.90,5,U,-42,9.75"
2026-07-11T14:20:48.955+00:00,/dev/cu.usbserial-58870137921,"RX,1904486,R35,TXA,N01,238,240627,G,0,0.93,0.90,5,F,-37,10.00"
2026-07-11T14:20:49.222+00:00,/dev/cu.usbserial-58870137921,"RX,1904752,R35,TXB,N16,118,240893,E,1,0.87,0.84,5,U,-60,9.50"
2026-07-11T14:20:49.403+00:00,/dev/cu.usbserial-58870137921,"RX,1904933,R35,TXG,N91,28,241080,G,1,0.93,0.90,5,U,-48,9.25"
2026-07-11T14:20:49.706+00:00,/dev/cu.usbserial-58870137921,"RX,1905236,R35,TXE,N61,116,241382,A,0,0.75,0.72,5,U,-50,9.50"
2026-07-11T14:20:49.955+00:00,/dev/cu.usbserial-58870137921,"RX,1905486,R35,TXA,N01,239,241627,H,1,0.32,0.30,5,F,-37,9.75"
2026-07-11T14:20:50.100+00:00,/dev/cu.usbserial-58870137921,"RX,1905631,R35,TXK,N151,120,241764,A,1,0.75,0.72,5,U,-51,10.25"
2026-07-11T14:20:50.453+00:00,/dev/cu.usbserial-58870137921,"RX,1905984,R35,TXF,N76,59,242131,G,0,0.93,0.90,5,U,-45,9.75"
2026-07-11T14:20:50.612+00:00,/dev/cu.usbserial-58870137921,"RX,1906142,R35,TXJ,N136,28,242280,G,1,0.93,0.90,5,U,-43,10.00"
2026-07-11T14:20:50.707+00:00,/dev/cu.usbserial-58870137921,"RX,1906238,R35,TXC,N31,58,242381,E,1,0.87,0.84,5,U,-44,10.25"
2026-07-11T14:20:50.955+00:00,/dev/cu.usbserial-58870137921,"RX,1906486,R35,TXA,N01,240,242627,A,1,0.75,0.72,5,F,-37,9.25"
2026-07-11T14:20:51.222+00:00,/dev/cu.usbserial-58870137921,"RX,1906752,R35,TXB,N16,119,242893,G,0,0.93,0.90,5,U,-60,9.25"
2026-07-11T14:20:51.705+00:00,/dev/cu.usbserial-58870137921,"RX,1907236,R35,TXE,N61,117,243382,C,1,0.81,0.78,5,U,-50,9.50"
2026-07-11T14:20:51.812+00:00,/dev/cu.usbserial-58870137921,"RX,1907343,R35,TXI,N121,58,243481,E,1,0.87,0.84,5,U,-44,9.75"
2026-07-11T14:20:51.955+00:00,/dev/cu.usbserial-58870137921,"RX,1907486,R35,TXA,N01,241,243627,B,0,0.20,0.18,5,F,-37,10.00"
2026-07-11T14:20:52.100+00:00,/dev/cu.usbserial-58870137921,"RX,1907631,R35,TXK,N151,121,243764,C,1,0.81,0.78,5,U,-51,10.25"
2026-07-11T14:20:52.707+00:00,/dev/cu.usbserial-58870137921,"RX,1908238,R35,TXC,N31,59,244381,G,0,0.93,0.90,5,U,-44,10.00"
2026-07-11T14:20:52.955+00:00,/dev/cu.usbserial-58870137921,"RX,1908486,R35,TXA,N01,242,244627,C,1,0.81,0.78,5,F,-37,9.25"
2026-07-11T14:20:53.222+00:00,/dev/cu.usbserial-58870137921,"RX,1908752,R35,TXB,N16,120,244893,A,1,0.75,0.72,5,U,-60,10.00"
2026-07-11T14:20:53.705+00:00,/dev/cu.usbserial-58870137921,"RX,1909236,R35,TXE,N61,118,245382,E,1,0.87,0.84,5,U,-51,9.75"
2026-07-11T14:20:53.812+00:00,/dev/cu.usbserial-58870137921,"RX,1909343,R35,TXI,N121,59,245481,G,0,0.93,0.90,5,U,-43,9.75"
2026-07-11T14:20:53.955+00:00,/dev/cu.usbserial-58870137921,"RX,1909486,R35,TXA,N01,243,245627,D,1,0.24,0.22,5,F,-37,9.50"
2026-07-11T14:20:54.100+00:00,/dev/cu.usbserial-58870137921,"RX,1909631,R35,TXK,N151,122,245764,E,0,0.87,0.84,5,U,-54,9.75"
2026-07-11T14:20:54.955+00:00,/dev/cu.usbserial-58870137921,"RX,1910486,R35,TXA,N01,244,246627,E,0,0.87,0.84,5,F,-38,9.00"
2026-07-11T14:20:55.222+00:00,/dev/cu.usbserial-58870137921,"RX,1910752,R35,TXB,N16,121,246893,C,1,0.81,0.78,5,U,-57,9.75"
2026-07-11T14:20:55.705+00:00,/dev/cu.usbserial-58870137921,"RX,1911236,R35,TXE,N61,119,247382,G,0,0.93,0.90,5,U,-48,9.50"
2026-07-11T14:20:55.955+00:00,/dev/cu.usbserial-58870137921,"RX,1911486,R35,TXA,N01,245,247627,F,1,0.28,0.26,5,F,-37,9.75"
2026-07-11T14:20:56.100+00:00,/dev/cu.usbserial-58870137921,"RX,1911631,R35,TXK,N151,123,247764,G,1,0.93,0.90,5,U,-50,9.75"
2026-07-11T14:20:56.453+00:00,/dev/cu.usbserial-58870137921,"RX,1911984,R35,TXF,N76,60,248131,E,0,0.87,0.84,5,U,-45,9.25"
2026-07-11T14:20:56.758+00:00,/dev/cu.usbserial-58870137921,"RX,1912289,R35,TXD,N46,30,248431,G,1,0.93,0.90,5,U,-42,9.75"
2026-07-11T14:20:56.955+00:00,/dev/cu.usbserial-58870137921,"RX,1912486,R35,TXA,N01,246,248627,G,1,0.93,0.90,5,F,-36,9.75"
2026-07-11T14:20:57.222+00:00,/dev/cu.usbserial-58870137921,"RX,1912752,R35,TXB,N16,122,248893,E,0,0.87,0.84,5,U,-56,10.00"
2026-07-11T14:20:57.403+00:00,/dev/cu.usbserial-58870137921,"RX,1912933,R35,TXG,N91,29,249080,G,0,0.93,0.90,5,U,-44,9.50"
2026-07-11T14:20:57.705+00:00,/dev/cu.usbserial-58870137921,"RX,1913236,R35,TXE,N61,120,249382,A,1,0.75,0.72,5,U,-50,9.50"
2026-07-11T14:20:57.955+00:00,/dev/cu.usbserial-58870137921,"RX,1913486,R35,TXA,N01,247,249627,H,0,0.32,0.30,5,F,-37,9.75"
2026-07-11T14:20:58.101+00:00,/dev/cu.usbserial-58870137921,"RX,1913631,R35,TXK,N151,124,249764,A,1,0.75,0.72,5,U,-55,9.50"
2026-07-11T14:20:58.453+00:00,/dev/cu.usbserial-58870137921,"RX,1913984,R35,TXF,N76,61,250131,G,1,0.93,0.90,5,U,-44,9.50"
2026-07-11T14:20:58.612+00:00,/dev/cu.usbserial-58870137921,"RX,1914142,R35,TXJ,N136,29,250280,G,0,0.93,0.90,5,U,-43,9.75"
2026-07-11T14:20:58.707+00:00,/dev/cu.usbserial-58870137921,"RX,1914238,R35,TXC,N31,60,250381,E,0,0.87,0.84,5,U,-40,9.75"
2026-07-11T14:20:58.955+00:00,/dev/cu.usbserial-58870137921,"RX,1914486,R35,TXA,N01,248,250627,A,1,0.75,0.72,5,F,-37,9.50"
2026-07-11T14:20:59.222+00:00,/dev/cu.usbserial-58870137921,"RX,1914752,R35,TXB,N16,123,250893,G,1,0.93,0.90,5,U,-58,10.25"
2026-07-11T14:20:59.705+00:00,/dev/cu.usbserial-58870137921,"RX,1915236,R35,TXE,N61,121,251382,C,1,0.81,0.78,5,U,-51,9.75"
2026-07-11T14:20:59.813+00:00,/dev/cu.usbserial-58870137921,"RX,1915343,R35,TXI,N121,60,251481,E,0,0.87,0.84,5,U,-44,10.00"
2026-07-11T14:20:59.955+00:00,/dev/cu.usbserial-58870137921,"RX,1915486,R35,TXA,N01,249,251627,B,1,0.20,0.18,5,F,-39,9.75"
2026-07-11T14:21:00.101+00:00,/dev/cu.usbserial-58870137921,"RX,1915631,R35,TXK,N151,125,251764,C,0,0.81,0.78,5,U,-50,9.25"
2026-07-11T14:21:00.707+00:00,/dev/cu.usbserial-58870137921,"RX,1916238,R35,TXC,N31,61,252381,G,1,0.93,0.90,5,U,-43,10.00"
2026-07-11T14:21:00.955+00:00,/dev/cu.usbserial-58870137921,"RX,1916486,R35,TXA,N01,250,252627,C,0,0.81,0.78,5,F,-36,9.75"
2026-07-11T14:21:01.222+00:00,/dev/cu.usbserial-58870137921,"RX,1916752,R35,TXB,N16,124,252893,A,1,0.75,0.72,5,U,-59,9.75"
2026-07-11T14:21:01.706+00:00,/dev/cu.usbserial-58870137921,"RX,1917236,R35,TXE,N61,122,253382,E,0,0.87,0.84,5,U,-51,10.25"
2026-07-11T14:21:01.812+00:00,/dev/cu.usbserial-58870137921,"RX,1917343,R35,TXI,N121,61,253481,G,1,0.93,0.90,5,U,-43,10.00"
2026-07-11T14:21:01.955+00:00,/dev/cu.usbserial-58870137921,"RX,1917486,R35,TXA,N01,251,253627,D,1,0.24,0.22,5,F,-36,10.00"
2026-07-11T14:21:02.101+00:00,/dev/cu.usbserial-58870137921,"RX,1917631,R35,TXK,N151,126,253764,E,1,0.87,0.84,5,U,-48,10.25"
2026-07-11T14:21:02.955+00:00,/dev/cu.usbserial-58870137921,"RX,1918486,R35,TXA,N01,252,254627,E,1,0.87,0.84,5,F,-37,9.50"
2026-07-11T14:21:03.222+00:00,/dev/cu.usbserial-58870137921,"RX,1918752,R35,TXB,N16,125,254893,C,0,0.81,0.78,5,U,-61,9.75"
2026-07-11T14:21:03.706+00:00,/dev/cu.usbserial-58870137921,"RX,1919236,R35,TXE,N61,123,255382,G,1,0.93,0.90,5,U,-48,9.50"
2026-07-11T14:21:03.955+00:00,/dev/cu.usbserial-58870137921,"RX,1919486,R35,TXA,N01,253,255627,F,0,0.28,0.26,5,F,-38,9.25"
2026-07-11T14:21:04.101+00:00,/dev/cu.usbserial-58870137921,"RX,1919631,R35,TXK,N151,127,255764,G,1,0.93,0.90,5,U,-48,9.50"
2026-07-11T14:21:04.453+00:00,/dev/cu.usbserial-58870137921,"RX,1919984,R35,TXF,N76,62,256131,E,1,0.87,0.84,5,U,-44,9.75"
2026-07-11T14:21:04.758+00:00,/dev/cu.usbserial-58870137921,"RX,1920289,R35,TXD,N46,31,256431,G,1,0.93,0.90,5,U,-42,10.00"
2026-07-11T14:21:04.955+00:00,/dev/cu.usbserial-58870137921,"RX,1920486,R35,TXA,N01,254,256627,G,1,0.93,0.90,5,F,-38,9.50"
2026-07-11T14:21:05.222+00:00,/dev/cu.usbserial-58870137921,"RX,1920752,R35,TXB,N16,126,256893,E,1,0.87,0.84,5,U,-60,9.75"
2026-07-11T14:21:05.403+00:00,/dev/cu.usbserial-58870137921,"RX,1920933,R35,TXG,N91,30,257080,G,1,0.93,0.90,5,U,-48,9.25"
2026-07-11T14:21:05.706+00:00,/dev/cu.usbserial-58870137921,"RX,1921236,R35,TXE,N61,124,257382,A,1,0.75,0.72,5,U,-50,9.25"
2026-07-11T14:21:05.955+00:00,/dev/cu.usbserial-58870137921,"RX,1921486,R35,TXA,N01,255,257627,H,1,0.32,0.30,5,F,-37,9.50"
2026-07-11T14:21:06.101+00:00,/dev/cu.usbserial-58870137921,"RX,1921631,R35,TXK,N151,128,257764,A,1,0.75,0.72,5,U,-49,9.75"
2026-07-11T14:21:06.453+00:00,/dev/cu.usbserial-58870137921,"RX,1921984,R35,TXF,N76,63,258131,G,1,0.93,0.90,5,U,-44,9.50"
2026-07-11T14:21:06.612+00:00,/dev/cu.usbserial-58870137921,"RX,1922142,R35,TXJ,N136,30,258280,G,1,0.93,0.90,5,U,-44,9.75"
2026-07-11T14:21:06.707+00:00,/dev/cu.usbserial-58870137921,"RX,1922237,R35,TXC,N31,62,258381,E,1,0.87,0.84,5,U,-43,9.50"
2026-07-11T14:21:06.955+00:00,/dev/cu.usbserial-58870137921,"RX,1922486,R35,TXA,N01,256,258627,A,1,0.75,0.72,5,F,-37,9.50"
2026-07-11T14:21:07.222+00:00,/dev/cu.usbserial-58870137921,"RX,1922752,R35,TXB,N16,127,258893,G,1,0.93,0.90,5,U,-61,9.50"
2026-07-11T14:21:07.705+00:00,/dev/cu.usbserial-58870137921,"RX,1923236,R35,TXE,N61,125,259382,C,0,0.81,0.78,5,U,-49,9.50"
2026-07-11T14:21:07.812+00:00,/dev/cu.usbserial-58870137921,"RX,1923343,R35,TXI,N121,62,259481,E,1,0.87,0.84,5,U,-44,9.75"
2026-07-11T14:21:07.955+00:00,/dev/cu.usbserial-58870137921,"RX,1923486,R35,TXA,N01,257,259627,B,0,0.20,0.18,5,F,-37,9.25"
2026-07-11T14:21:08.100+00:00,/dev/cu.usbserial-58870137921,"RX,1923631,R35,TXK,N151,129,259764,C,1,0.81,0.78,5,U,-50,10.25"
2026-07-11T14:21:08.707+00:00,/dev/cu.usbserial-58870137921,"RX,1924238,R35,TXC,N31,63,260381,G,1,0.93,0.90,5,U,-43,9.75"
2026-07-11T14:21:08.955+00:00,/dev/cu.usbserial-58870137921,"RX,1924486,R35,TXA,N01,258,260627,C,1,0.81,0.78,5,F,-37,9.25"
2026-07-11T14:21:09.222+00:00,/dev/cu.usbserial-58870137921,"RX,1924752,R35,TXB,N16,128,260893,A,1,0.75,0.72,5,U,-60,9.50"
2026-07-11T14:21:09.705+00:00,/dev/cu.usbserial-58870137921,"RX,1925236,R35,TXE,N61,126,261382,E,1,0.87,0.84,5,U,-50,9.75"
2026-07-11T14:21:09.812+00:00,/dev/cu.usbserial-58870137921,"RX,1925343,R35,TXI,N121,63,261481,G,1,0.93,0.90,5,U,-44,10.50"
2026-07-11T14:21:09.955+00:00,/dev/cu.usbserial-58870137921,"RX,1925486,R35,TXA,N01,259,261627,D,1,0.24,0.22,5,F,-37,9.25"
2026-07-11T14:21:10.101+00:00,/dev/cu.usbserial-58870137921,"RX,1925631,R35,TXK,N151,130,261764,E,0,0.87,0.84,5,U,-50,9.50"
2026-07-11T14:21:10.955+00:00,/dev/cu.usbserial-58870137921,"RX,1926486,R35,TXA,N01,260,262627,E,0,0.87,0.84,5,F,-37,9.25"
2026-07-11T14:21:11.222+00:00,/dev/cu.usbserial-58870137921,"RX,1926752,R35,TXB,N16,129,262893,C,1,0.81,0.78,5,U,-60,9.50"
2026-07-11T14:21:11.706+00:00,/dev/cu.usbserial-58870137921,"RX,1927236,R35,TXE,N61,127,263382,G,1,0.93,0.90,5,U,-50,9.25"
2026-07-11T14:21:11.955+00:00,/dev/cu.usbserial-58870137921,"RX,1927486,R35,TXA,N01,261,263627,F,1,0.28,0.26,5,F,-37,9.50"
2026-07-11T14:21:12.065+00:00,/dev/cu.usbserial-58870137921,"RX,1927595,R35,TXH,N106,16,263742,G,1,0.93,0.90,5,U,-36,4.50"
2026-07-11T14:21:12.247+00:00,/dev/cu.usbserial-58870137921,"RX,1927777,R35,TXL,N166,16,263916,G,1,0.93,0.90,5,U,-44,9.25"
2026-07-11T14:21:12.453+00:00,/dev/cu.usbserial-58870137921,"RX,1927984,R35,TXF,N76,64,264131,E,0,0.87,0.84,5,U,-44,9.75"
2026-07-11T14:21:12.758+00:00,/dev/cu.usbserial-58870137921,"RX,1928289,R35,TXD,N46,32,264431,G,1,0.93,0.90,5,U,-41,9.75"
2026-07-11T14:21:12.955+00:00,/dev/cu.usbserial-58870137921,"RX,1928486,R35,TXA,N01,262,264627,G,1,0.93,0.90,5,F,-37,9.50"
2026-07-11T14:21:13.222+00:00,/dev/cu.usbserial-58870137921,"RX,1928752,R35,TXB,N16,130,264893,E,0,0.87,0.84,5,U,-61,9.75"
2026-07-11T14:21:13.403+00:00,/dev/cu.usbserial-58870137921,"RX,1928933,R35,TXG,N91,31,265080,G,1,0.93,0.90,5,U,-48,9.25"
2026-07-11T14:21:13.705+00:00,/dev/cu.usbserial-58870137921,"RX,1929236,R35,TXE,N61,128,265382,A,1,0.75,0.72,5,U,-50,10.00"
2026-07-11T14:21:13.955+00:00,/dev/cu.usbserial-58870137921,"RX,1929486,R35,TXA,N01,263,265627,H,0,0.32,0.30,5,F,-37,9.75"
2026-07-11T14:21:14.100+00:00,/dev/cu.usbserial-58870137921,"RX,1929631,R35,TXK,N151,132,265764,A,1,0.75,0.72,5,U,-49,9.75"
2026-07-11T14:21:14.453+00:00,/dev/cu.usbserial-58870137921,"RX,1929984,R35,TXF,N76,65,266131,G,1,0.93,0.90,5,U,-44,9.50"
2026-07-11T14:21:14.612+00:00,/dev/cu.usbserial-58870137921,"RX,1930142,R35,TXJ,N136,31,266280,G,1,0.93,0.90,5,U,-43,9.75"
2026-07-11T14:21:14.707+00:00,/dev/cu.usbserial-58870137921,"RX,1930237,R35,TXC,N31,64,266381,E,0,0.87,0.84,5,U,-43,9.75"
2026-07-11T14:21:14.955+00:00,/dev/cu.usbserial-58870137921,"RX,1930485,R35,TXA,N01,264,266627,A,1,0.75,0.72,5,F,-37,9.50"
2026-07-11T14:21:15.222+00:00,/dev/cu.usbserial-58870137921,"RX,1930752,R35,TXB,N16,131,266893,G,1,0.93,0.90,5,U,-61,9.50"
2026-07-11T14:21:15.705+00:00,/dev/cu.usbserial-58870137921,"RX,1931236,R35,TXE,N61,129,267382,C,1,0.81,0.78,5,U,-50,9.50"
2026-07-11T14:21:15.812+00:00,/dev/cu.usbserial-58870137921,"RX,1931343,R35,TXI,N121,64,267481,E,0,0.87,0.84,5,U,-44,9.25"
2026-07-11T14:21:15.955+00:00,/dev/cu.usbserial-58870137921,"RX,1931486,R35,TXA,N01,265,267627,B,1,0.20,0.18,5,F,-37,9.75"
2026-07-11T14:21:16.100+00:00,/dev/cu.usbserial-58870137921,"RX,1931631,R35,TXK,N151,133,267764,C,0,0.81,0.78,5,U,-50,9.75"
2026-07-11T14:21:16.707+00:00,/dev/cu.usbserial-58870137921,"RX,1932237,R35,TXC,N31,65,268381,G,1,0.93,0.90,5,U,-44,10.00"
2026-07-11T14:21:16.955+00:00,/dev/cu.usbserial-58870137921,"RX,1932486,R35,TXA,N01,266,268627,C,0,0.81,0.78,5,F,-37,9.25"
2026-07-11T14:21:17.222+00:00,/dev/cu.usbserial-58870137921,"RX,1932752,R35,TXB,N16,132,268893,A,1,0.75,0.72,5,U,-60,10.25"
2026-07-11T14:21:17.705+00:00,/dev/cu.usbserial-58870137921,"RX,1933236,R35,TXE,N61,130,269382,E,0,0.87,0.84,5,U,-50,9.50"
2026-07-11T14:21:17.812+00:00,/dev/cu.usbserial-58870137921,"RX,1933343,R35,TXI,N121,65,269481,G,1,0.93,0.90,5,U,-44,9.75"
2026-07-11T14:21:17.955+00:00,/dev/cu.usbserial-58870137921,"RX,1933486,R35,TXA,N01,267,269627,D,1,0.24,0.22,5,F,-37,9.25"
2026-07-11T14:21:18.100+00:00,/dev/cu.usbserial-58870137921,"RX,1933631,R35,TXK,N151,134,269764,E,1,0.87,0.84,5,U,-49,9.75"
2026-07-11T14:21:18.955+00:00,/dev/cu.usbserial-58870137921,"RX,1934486,R35,TXA,N01,268,270627,E,1,0.87,0.84,5,F,-37,9.75"
2026-07-11T14:21:19.222+00:00,/dev/cu.usbserial-58870137921,"RX,1934752,R35,TXB,N16,133,270893,C,0,0.81,0.78,5,U,-60,9.50"
2026-07-11T14:21:19.705+00:00,/dev/cu.usbserial-58870137921,"RX,1935236,R35,TXE,N61,131,271382,G,1,0.93,0.90,5,U,-50,10.00"
2026-07-11T14:21:19.955+00:00,/dev/cu.usbserial-58870137921,"RX,1935486,R35,TXA,N01,269,271627,F,0,0.28,0.26,5,F,-37,10.00"
2026-07-11T14:21:20.065+00:00,/dev/cu.usbserial-58870137921,"RX,1935595,R35,TXH,N106,17,271742,G,1,0.93,0.90,5,U,-36,5.00"
2026-07-11T14:21:20.247+00:00,/dev/cu.usbserial-58870137921,"RX,1935777,R35,TXL,N166,17,271916,G,1,0.93,0.90,5,U,-44,9.50"
2026-07-11T14:21:20.453+00:00,/dev/cu.usbserial-58870137921,"RX,1935984,R35,TXF,N76,66,272131,E,1,0.87,0.84,5,U,-44,9.50"
2026-07-11T14:21:20.758+00:00,/dev/cu.usbserial-58870137921,"RX,1936288,R35,TXD,N46,33,272431,G,1,0.93,0.90,5,U,-42,9.75"
2026-07-11T14:21:20.955+00:00,/dev/cu.usbserial-58870137921,"RX,1936486,R35,TXA,N01,270,272627,G,1,0.93,0.90,5,F,-37,9.75"
2026-07-11T14:21:21.222+00:00,/dev/cu.usbserial-58870137921,"RX,1936752,R35,TXB,N16,134,272893,E,1,0.87,0.84,5,U,-60,9.75"
2026-07-11T14:21:21.403+00:00,/dev/cu.usbserial-58870137921,"RX,1936933,R35,TXG,N91,32,273080,G,1,0.93,0.90,5,U,-48,9.50"
2026-07-11T14:21:21.705+00:00,/dev/cu.usbserial-58870137921,"RX,1937236,R35,TXE,N61,132,273382,A,1,0.75,0.72,5,U,-50,9.25"
2026-07-11T14:21:21.955+00:00,/dev/cu.usbserial-58870137921,"RX,1937486,R35,TXA,N01,271,273627,H,1,0.32,0.30,5,F,-37,9.75"
2026-07-11T14:21:22.100+00:00,/dev/cu.usbserial-58870137921,"RX,1937631,R35,TXK,N151,136,273764,A,0,0.75,0.72,5,U,-50,9.75"
2026-07-11T14:21:22.453+00:00,/dev/cu.usbserial-58870137921,"RX,1937984,R35,TXF,N76,67,274131,G,1,0.93,0.90,5,U,-45,9.50"
2026-07-11T14:21:22.611+00:00,/dev/cu.usbserial-58870137921,"RX,1938142,R35,TXJ,N136,32,274280,G,1,0.93,0.90,5,U,-43,9.75"
2026-07-11T14:21:22.707+00:00,/dev/cu.usbserial-58870137921,"RX,1938237,R35,TXC,N31,66,274381,E,1,0.87,0.84,5,U,-43,9.75"
2026-07-11T14:21:22.955+00:00,/dev/cu.usbserial-58870137921,"RX,1938486,R35,TXA,N01,272,274627,A,0,0.75,0.72,5,F,-37,9.25"
2026-07-11T14:21:23.222+00:00,/dev/cu.usbserial-58870137921,"RX,1938752,R35,TXB,N16,135,274893,G,1,0.93,0.90,5,U,-60,9.75"
2026-07-11T14:21:23.705+00:00,/dev/cu.usbserial-58870137921,"RX,1939236,R35,TXE,N61,133,275382,C,0,0.81,0.78,5,U,-50,9.25"
2026-07-11T14:21:23.812+00:00,/dev/cu.usbserial-58870137921,"RX,1939343,R35,TXI,N121,66,275481,E,1,0.87,0.84,5,U,-44,9.25"
2026-07-11T14:21:23.955+00:00,/dev/cu.usbserial-58870137921,"RX,1939486,R35,TXA,N01,273,275627,B,1,0.20,0.18,5,F,-37,9.50"
2026-07-11T14:21:24.100+00:00,/dev/cu.usbserial-58870137921,"RX,1939631,R35,TXK,N151,137,275764,C,1,0.81,0.78,5,U,-49,9.75"
2026-07-11T14:21:24.707+00:00,/dev/cu.usbserial-58870137921,"RX,1940237,R35,TXC,N31,67,276381,G,1,0.93,0.90,5,U,-44,9.50"
2026-07-11T14:21:24.955+00:00,/dev/cu.usbserial-58870137921,"RX,1940486,R35,TXA,N01,274,276627,C,1,0.81,0.78,5,F,-37,9.25"
2026-07-11T14:21:25.222+00:00,/dev/cu.usbserial-58870137921,"RX,1940752,R35,TXB,N16,136,276893,A,0,0.75,0.72,5,U,-60,10.25"
2026-07-11T14:21:25.705+00:00,/dev/cu.usbserial-58870137921,"RX,1941236,R35,TXE,N61,134,277382,E,1,0.87,0.84,5,U,-50,9.25"
2026-07-11T14:21:25.812+00:00,/dev/cu.usbserial-58870137921,"RX,1941343,R35,TXI,N121,67,277481,G,1,0.93,0.90,5,U,-44,9.75"
2026-07-11T14:21:25.955+00:00,/dev/cu.usbserial-58870137921,"RX,1941486,R35,TXA,N01,275,277627,D,0,0.24,0.22,5,F,-37,9.75"
2026-07-11T14:21:26.100+00:00,/dev/cu.usbserial-58870137921,"RX,1941631,R35,TXK,N151,138,277764,E,1,0.87,0.84,5,U,-49,10.00"
2026-07-11T14:21:26.955+00:00,/dev/cu.usbserial-58870137921,"RX,1942485,R35,TXA,N01,276,278627,E,1,0.87,0.84,5,F,-38,9.50"
2026-07-11T14:21:27.222+00:00,/dev/cu.usbserial-58870137921,"RX,1942752,R35,TXB,N16,137,278893,C,1,0.81,0.78,5,U,-61,9.75"
2026-07-11T14:21:27.705+00:00,/dev/cu.usbserial-58870137921,"RX,1943236,R35,TXE,N61,135,279382,G,1,0.93,0.90,5,U,-50,9.75"
2026-07-11T14:21:27.955+00:00,/dev/cu.usbserial-58870137921,"RX,1943486,R35,TXA,N01,277,279627,F,1,0.28,0.26,5,F,-37,9.50"
2026-07-11T14:21:28.064+00:00,/dev/cu.usbserial-58870137921,"RX,1943595,R35,TXH,N106,18,279742,G,0,0.93,0.90,5,U,-36,4.50"
2026-07-11T14:21:28.247+00:00,/dev/cu.usbserial-58870137921,"RX,1943777,R35,TXL,N166,18,279916,G,0,0.93,0.90,5,U,-44,9.50"
2026-07-11T14:21:28.453+00:00,/dev/cu.usbserial-58870137921,"RX,1943984,R35,TXF,N76,68,280131,E,1,0.87,0.84,5,U,-44,9.50"
2026-07-11T14:21:28.758+00:00,/dev/cu.usbserial-58870137921,"RX,1944288,R35,TXD,N46,34,280431,G,0,0.93,0.90,5,U,-42,9.75"
2026-07-11T14:21:28.955+00:00,/dev/cu.usbserial-58870137921,"RX,1944486,R35,TXA,N01,278,280627,G,0,0.93,0.90,5,F,-37,9.75"
2026-07-11T14:21:29.222+00:00,/dev/cu.usbserial-58870137921,"RX,1944752,R35,TXB,N16,138,280893,E,1,0.87,0.84,5,U,-60,9.75"
2026-07-11T14:21:29.403+00:00,/dev/cu.usbserial-58870137921,"RX,1944933,R35,TXG,N91,33,281080,G,1,0.93,0.90,5,U,-48,9.50"
2026-07-11T14:21:29.705+00:00,/dev/cu.usbserial-58870137921,"RX,1945236,R35,TXE,N61,136,281382,A,0,0.75,0.72,5,U,-49,9.25"
2026-07-11T14:21:29.955+00:00,/dev/cu.usbserial-58870137921,"RX,1945486,R35,TXA,N01,279,281627,H,1,0.32,0.30,5,F,-37,9.75"
2026-07-11T14:21:30.100+00:00,/dev/cu.usbserial-58870137921,"RX,1945631,R35,TXK,N151,140,281764,A,1,0.75,0.72,5,U,-50,10.00"
2026-07-11T14:21:30.453+00:00,/dev/cu.usbserial-58870137921,"RX,1945984,R35,TXF,N76,69,282131,G,0,0.93,0.90,5,U,-44,9.50"
2026-07-11T14:21:30.611+00:00,/dev/cu.usbserial-58870137921,"RX,1946142,R35,TXJ,N136,33,282280,G,1,0.93,0.90,5,U,-43,9.75"
2026-07-11T14:21:30.707+00:00,/dev/cu.usbserial-58870137921,"RX,1946237,R35,TXC,N31,68,282381,E,1,0.87,0.84,5,U,-43,9.75"
2026-07-11T14:21:30.955+00:00,/dev/cu.usbserial-58870137921,"RX,1946486,R35,TXA,N01,280,282627,A,1,0.75,0.72,5,F,-37,10.00"
2026-07-11T14:21:31.222+00:00,/dev/cu.usbserial-58870137921,"RX,1946752,R35,TXB,N16,139,282893,G,0,0.93,0.90,5,U,-60,9.75"
2026-07-11T14:21:31.705+00:00,/dev/cu.usbserial-58870137921,"RX,1947236,R35,TXE,N61,137,283382,C,1,0.81,0.78,5,U,-50,9.50"
2026-07-11T14:21:31.812+00:00,/dev/cu.usbserial-58870137921,"RX,1947343,R35,TXI,N121,68,283481,E,1,0.87,0.84,5,U,-44,9.75"
2026-07-11T14:21:31.955+00:00,/dev/cu.usbserial-58870137921,"RX,1947485,R35,TXA,N01,281,283627,B,0,0.20,0.18,5,F,-37,9.50"
2026-07-11T14:21:32.100+00:00,/dev/cu.usbserial-58870137921,"RX,1947631,R35,TXK,N151,141,283764,C,1,0.81,0.78,5,U,-49,9.75"
2026-07-11T14:21:32.706+00:00,/dev/cu.usbserial-58870137921,"RX,1948237,R35,TXC,N31,69,284381,G,0,0.93,0.90,5,U,-44,9.50"
2026-07-11T14:21:32.955+00:00,/dev/cu.usbserial-58870137921,"RX,1948486,R35,TXA,N01,282,284627,C,1,0.81,0.78,5,F,-37,9.25"
2026-07-11T14:21:33.222+00:00,/dev/cu.usbserial-58870137921,"RX,1948752,R35,TXB,N16,140,284893,A,1,0.75,0.72,5,U,-60,10.00"
2026-07-11T14:21:33.705+00:00,/dev/cu.usbserial-58870137921,"RX,1949236,R35,TXE,N61,138,285382,E,1,0.87,0.84,5,U,-50,9.75"
2026-07-11T14:21:33.812+00:00,/dev/cu.usbserial-58870137921,"RX,1949342,R35,TXI,N121,69,285481,G,0,0.93,0.90,5,U,-44,9.50"
2026-07-11T14:21:33.955+00:00,/dev/cu.usbserial-58870137921,"RX,1949485,R35,TXA,N01,283,285627,D,1,0.24,0.22,5,F,-37,9.50"
2026-07-11T14:21:34.100+00:00,/dev/cu.usbserial-58870137921,"RX,1949631,R35,TXK,N151,142,285764,E,0,0.87,0.84,5,U,-49,9.75"
2026-07-11T14:21:34.955+00:00,/dev/cu.usbserial-58870137921,"RX,1950486,R35,TXA,N01,284,286627,E,0,0.87,0.84,5,F,-38,9.50"
2026-07-11T14:21:35.222+00:00,/dev/cu.usbserial-58870137921,"RX,1950752,R35,TXB,N16,141,286893,C,1,0.81,0.78,5,U,-60,10.00"
2026-07-11T14:21:35.705+00:00,/dev/cu.usbserial-58870137921,"RX,1951236,R35,TXE,N61,139,287382,G,0,0.93,0.90,5,U,-50,9.75"
2026-07-11T14:21:35.955+00:00,/dev/cu.usbserial-58870137921,"RX,1951485,R35,TXA,N01,285,287627,F,1,0.28,0.26,5,F,-37,9.25"
2026-07-11T14:21:36.064+00:00,/dev/cu.usbserial-58870137921,"RX,1951595,R35,TXH,N106,19,287742,G,1,0.93,0.90,5,U,-36,4.25"
2026-07-11T14:21:36.246+00:00,/dev/cu.usbserial-58870137921,"RX,1951777,R35,TXL,N166,19,287916,G,1,0.93,0.90,5,U,-44,9.50"
2026-07-11T14:21:36.453+00:00,/dev/cu.usbserial-58870137921,"RX,1951984,R35,TXF,N76,70,288131,E,0,0.87,0.84,5,U,-44,10.00"
2026-07-11T14:21:36.758+00:00,/dev/cu.usbserial-58870137921,"RX,1952288,R35,TXD,N46,35,288431,G,1,0.93,0.90,5,U,-42,9.75"
2026-07-11T14:21:36.955+00:00,/dev/cu.usbserial-58870137921,"RX,1952485,R35,TXA,N01,286,288627,G,1,0.93,0.90,5,F,-37,9.50"
2026-07-11T14:21:37.222+00:00,/dev/cu.usbserial-58870137921,"RX,1952752,R35,TXB,N16,142,288893,E,0,0.87,0.84,5,U,-60,10.00"
2026-07-11T14:21:37.402+00:00,/dev/cu.usbserial-58870137921,"RX,1952933,R35,TXG,N91,34,289080,G,0,0.93,0.90,5,U,-48,9.25"
2026-07-11T14:21:37.705+00:00,/dev/cu.usbserial-58870137921,"RX,1953236,R35,TXE,N61,140,289382,A,1,0.75,0.72,5,U,-50,9.50"
2026-07-11T14:21:37.955+00:00,/dev/cu.usbserial-58870137921,"RX,1953485,R35,TXA,N01,287,289627,H,0,0.32,0.30,5,F,-37,9.50"
2026-07-11T14:21:38.100+00:00,/dev/cu.usbserial-58870137921,"RX,1953631,R35,TXK,N151,144,289764,A,1,0.75,0.72,5,U,-49,9.75"
2026-07-11T14:21:38.453+00:00,/dev/cu.usbserial-58870137921,"RX,1953984,R35,TXF,N76,71,290131,G,1,0.93,0.90,5,U,-44,9.75"
2026-07-11T14:21:38.611+00:00,/dev/cu.usbserial-58870137921,"RX,1954142,R35,TXJ,N136,34,290280,G,0,0.93,0.90,5,U,-43,9.75"
2026-07-11T14:21:38.707+00:00,/dev/cu.usbserial-58870137921,"RX,1954237,R35,TXC,N31,70,290381,E,0,0.87,0.84,5,U,-44,9.50"
2026-07-11T14:21:38.955+00:00,/dev/cu.usbserial-58870137921,"RX,1954485,R35,TXA,N01,288,290627,A,1,0.75,0.72,5,F,-37,9.50"
2026-07-11T14:21:39.222+00:00,/dev/cu.usbserial-58870137921,"RX,1954752,R35,TXB,N16,143,290893,G,1,0.93,0.90,5,U,-60,9.50"
2026-07-11T14:21:39.705+00:00,/dev/cu.usbserial-58870137921,"RX,1955236,R35,TXE,N61,141,291382,C,1,0.81,0.78,5,U,-49,9.50"
2026-07-11T14:21:39.812+00:00,/dev/cu.usbserial-58870137921,"RX,1955342,R35,TXI,N121,70,291481,E,0,0.87,0.84,5,U,-44,9.50"
2026-07-11T14:21:39.955+00:00,/dev/cu.usbserial-58870137921,"RX,1955485,R35,TXA,N01,289,291627,B,1,0.20,0.18,5,F,-37,9.00"
2026-07-11T14:21:40.100+00:00,/dev/cu.usbserial-58870137921,"RX,1955631,R35,TXK,N151,145,291764,C,0,0.81,0.78,5,U,-48,10.25"
2026-07-11T14:21:40.707+00:00,/dev/cu.usbserial-58870137921,"RX,1956237,R35,TXC,N31,71,292381,G,1,0.93,0.90,5,U,-43,9.75"
2026-07-11T14:21:40.955+00:00,/dev/cu.usbserial-58870137921,"RX,1956485,R35,TXA,N01,290,292627,C,0,0.81,0.78,5,F,-37,9.00"
2026-07-11T14:21:41.222+00:00,/dev/cu.usbserial-58870137921,"RX,1956752,R35,TXB,N16,144,292893,A,1,0.75,0.72,5,U,-60,10.25"
2026-07-11T14:21:41.705+00:00,/dev/cu.usbserial-58870137921,"RX,1957236,R35,TXE,N61,142,293382,E,0,0.87,0.84,5,U,-50,9.75"
2026-07-11T14:21:41.812+00:00,/dev/cu.usbserial-58870137921,"RX,1957342,R35,TXI,N121,71,293481,G,1,0.93,0.90,5,U,-43,10.00"
2026-07-11T14:21:41.955+00:00,/dev/cu.usbserial-58870137921,"RX,1957485,R35,TXA,N01,291,293627,D,1,0.24,0.22,5,F,-37,9.25"
2026-07-11T14:21:42.100+00:00,/dev/cu.usbserial-58870137921,"RX,1957631,R35,TXK,N151,146,293764,E,1,0.87,0.84,5,U,-49,9.75"
2026-07-11T14:21:42.955+00:00,/dev/cu.usbserial-58870137921,"RX,1958485,R35,TXA,N01,292,294627,E,1,0.87,0.84,5,F,-37,9.50"
2026-07-11T14:21:43.222+00:00,/dev/cu.usbserial-58870137921,"RX,1958752,R35,TXB,N16,145,294893,C,0,0.81,0.78,5,U,-60,9.75"
2026-07-11T14:21:43.705+00:00,/dev/cu.usbserial-58870137921,"RX,1959236,R35,TXE,N61,143,295382,G,1,0.93,0.90,5,U,-50,9.75"
2026-07-11T14:21:43.955+00:00,/dev/cu.usbserial-58870137921,"RX,1959485,R35,TXA,N01,293,295627,F,0,0.28,0.26,5,F,-38,8.75"
2026-07-11T14:21:44.453+00:00,/dev/cu.usbserial-58870137921,"RX,1959984,R35,TXF,N76,72,296131,E,1,0.87,0.84,5,U,-45,9.50"
2026-07-11T14:21:44.758+00:00,/dev/cu.usbserial-58870137921,"RX,1960288,R35,TXD,N46,36,296431,G,1,0.93,0.90,5,U,-42,9.75"
2026-07-11T14:21:44.955+00:00,/dev/cu.usbserial-58870137921,"RX,1960485,R35,TXA,N01,294,296627,G,1,0.93,0.90,5,F,-37,9.50"
2026-07-11T14:21:45.222+00:00,/dev/cu.usbserial-58870137921,"RX,1960752,R35,TXB,N16,146,296893,E,1,0.87,0.84,5,U,-60,9.75"
2026-07-11T14:21:45.402+00:00,/dev/cu.usbserial-58870137921,"RX,1960933,R35,TXG,N91,35,297080,G,1,0.93,0.90,5,U,-48,9.25"
2026-07-11T14:21:45.705+00:00,/dev/cu.usbserial-58870137921,"RX,1961236,R35,TXE,N61,144,297382,A,1,0.75,0.72,5,U,-49,9.75"
2026-07-11T14:21:45.955+00:00,/dev/cu.usbserial-58870137921,"RX,1961485,R35,TXA,N01,295,297627,H,1,0.32,0.30,5,F,-37,9.75"
2026-07-11T14:21:46.100+00:00,/dev/cu.usbserial-58870137921,"RX,1961631,R35,TXK,N151,148,297764,A,0,0.75,0.72,5,U,-49,9.50"
2026-07-11T14:21:46.453+00:00,/dev/cu.usbserial-58870137921,"RX,1961983,R35,TXF,N76,73,298131,G,1,0.93,0.90,5,U,-44,9.50"
2026-07-11T14:21:46.611+00:00,/dev/cu.usbserial-58870137921,"RX,1962142,R35,TXJ,N136,35,298280,G,1,0.93,0.90,5,U,-44,9.50"
2026-07-11T14:21:46.707+00:00,/dev/cu.usbserial-58870137921,"RX,1962237,R35,TXC,N31,72,298381,E,1,0.87,0.84,5,U,-43,9.50"
2026-07-11T14:21:46.955+00:00,/dev/cu.usbserial-58870137921,"RX,1962485,R35,TXA,N01,296,298627,A,0,0.75,0.72,5,F,-37,10.25"
2026-07-11T14:21:47.222+00:00,/dev/cu.usbserial-58870137921,"RX,1962752,R35,TXB,N16,147,298893,G,1,0.93,0.90,5,U,-59,10.00"
2026-07-11T14:21:47.705+00:00,/dev/cu.usbserial-58870137921,"RX,1963236,R35,TXE,N61,145,299382,C,0,0.81,0.78,5,U,-50,9.50"
2026-07-11T14:21:47.812+00:00,/dev/cu.usbserial-58870137921,"RX,1963342,R35,TXI,N121,72,299481,E,1,0.87,0.84,5,U,-44,10.00"
2026-07-11T14:21:47.955+00:00,/dev/cu.usbserial-58870137921,"RX,1963485,R35,TXA,N01,297,299627,B,1,0.20,0.18,5,F,-37,9.00"
2026-07-11T14:21:48.100+00:00,/dev/cu.usbserial-58870137921,"RX,1963631,R35,TXK,N151,149,299764,C,1,0.81,0.78,5,U,-49,9.75"
2026-07-11T14:21:48.706+00:00,/dev/cu.usbserial-58870137921,"RX,1964237,R35,TXC,N31,73,300381,G,1,0.93,0.90,5,U,-43,9.50"
2026-07-11T14:21:48.955+00:00,/dev/cu.usbserial-58870137921,"RX,1964485,R35,TXA,N01,298,300627,C,1,0.81,0.78,5,F,-37,9.50"
2026-07-11T14:21:49.222+00:00,/dev/cu.usbserial-58870137921,"RX,1964752,R35,TXB,N16,148,300893,A,0,0.75,0.72,5,U,-60,9.75"
2026-07-11T14:21:49.705+00:00,/dev/cu.usbserial-58870137921,"RX,1965236,R35,TXE,N61,146,301382,E,1,0.87,0.84,5,U,-50,9.75"
2026-07-11T14:21:49.812+00:00,/dev/cu.usbserial-58870137921,"RX,1965342,R35,TXI,N121,73,301481,G,1,0.93,0.90,5,U,-43,9.50"
2026-07-11T14:21:49.955+00:00,/dev/cu.usbserial-58870137921,"RX,1965485,R35,TXA,N01,299,301627,D,0,0.24,0.22,5,F,-37,10.00"
2026-07-11T14:21:50.100+00:00,/dev/cu.usbserial-58870137921,"RX,1965631,R35,TXK,N151,150,301764,E,1,0.87,0.84,5,U,-49,10.00"
2026-07-11T14:21:50.955+00:00,/dev/cu.usbserial-58870137921,"RX,1966485,R35,TXA,N01,300,302627,E,1,0.87,0.84,5,F,-37,9.50"
2026-07-11T14:21:51.222+00:00,/dev/cu.usbserial-58870137921,"RX,1966752,R35,TXB,N16,149,302893,C,1,0.81,0.78,5,U,-60,9.75"
2026-07-11T14:21:51.705+00:00,/dev/cu.usbserial-58870137921,"RX,1967236,R35,TXE,N61,147,303382,G,1,0.93,0.90,5,U,-50,10.00"
2026-07-11T14:21:51.955+00:00,/dev/cu.usbserial-58870137921,"RX,1967485,R35,TXA,N01,301,303627,F,1,0.28,0.26,5,F,-37,9.75"
2026-07-11T14:21:52.100+00:00,/dev/cu.usbserial-58870137921,"RX,1967631,R35,TXK,N151,151,303764,G,0,0.93,0.90,5,U,-49,9.75"
2026-07-11T14:21:52.453+00:00,/dev/cu.usbserial-58870137921,"RX,1967983,R35,TXF,N76,74,304131,E,1,0.87,0.84,5,U,-44,9.50"
2026-07-11T14:21:52.758+00:00,/dev/cu.usbserial-58870137921,"RX,1968288,R35,TXD,N46,37,304431,G,0,0.93,0.90,5,U,-41,9.50"
2026-07-11T14:21:52.955+00:00,/dev/cu.usbserial-58870137921,"RX,1968485,R35,TXA,N01,302,304627,G,0,0.93,0.90,5,F,-37,9.25"
2026-07-11T14:21:53.222+00:00,/dev/cu.usbserial-58870137921,"RX,1968752,R35,TXB,N16,150,304893,E,1,0.87,0.84,5,U,-60,9.75"
2026-07-11T14:21:53.402+00:00,/dev/cu.usbserial-58870137921,"RX,1968933,R35,TXG,N91,36,305080,G,1,0.93,0.90,5,U,-48,9.75"
2026-07-11T14:21:53.705+00:00,/dev/cu.usbserial-58870137921,"RX,1969236,R35,TXE,N61,148,305382,A,0,0.75,0.72,5,U,-50,9.50"
2026-07-11T14:21:53.955+00:00,/dev/cu.usbserial-58870137921,"RX,1969485,R35,TXA,N01,303,305627,H,1,0.32,0.30,5,F,-37,10.00"
2026-07-11T14:21:54.100+00:00,/dev/cu.usbserial-58870137921,"RX,1969631,R35,TXK,N151,152,305764,A,1,0.75,0.72,5,U,-49,10.50"
2026-07-11T14:21:54.612+00:00,/dev/cu.usbserial-58870137921,"RX,1970142,R35,TXJ,N136,36,306280,G,1,0.93,0.90,5,U,-44,9.50"
2026-07-11T14:21:54.706+00:00,/dev/cu.usbserial-58870137921,"RX,1970237,R35,TXC,N31,74,306381,E,1,0.87,0.84,5,U,-43,9.50"
2026-07-11T14:21:54.955+00:00,/dev/cu.usbserial-58870137921,"RX,1970485,R35,TXA,N01,304,306627,A,1,0.75,0.72,5,F,-38,9.75"
2026-07-11T14:21:55.222+00:00,/dev/cu.usbserial-58870137921,"RX,1970752,R35,TXB,N16,151,306893,G,0,0.93,0.90,5,U,-60,10.00"
2026-07-11T14:21:55.706+00:00,/dev/cu.usbserial-58870137921,"RX,1971236,R35,TXE,N61,149,307382,C,1,0.81,0.78,5,U,-50,9.50"
2026-07-11T14:21:55.812+00:00,/dev/cu.usbserial-58870137921,"RX,1971342,R35,TXI,N121,74,307481,E,1,0.87,0.84,5,U,-44,9.75"
2026-07-11T14:21:55.955+00:00,/dev/cu.usbserial-58870137921,"RX,1971485,R35,TXA,N01,305,307627,B,0,0.20,0.18,5,F,-37,9.75"
2026-07-11T14:21:56.100+00:00,/dev/cu.usbserial-58870137921,"RX,1971631,R35,TXK,N151,153,307764,C,1,0.81,0.78,5,U,-49,10.25"
2026-07-11T14:21:56.707+00:00,/dev/cu.usbserial-58870137921,"RX,1972237,R35,TXC,N31,75,308381,G,0,0.93,0.90,5,U,-44,10.00"
2026-07-11T14:21:56.955+00:00,/dev/cu.usbserial-58870137921,"RX,1972485,R35,TXA,N01,306,308627,C,1,0.81,0.78,5,F,-37,9.75"
2026-07-11T14:21:57.226+00:00,/dev/cu.usbserial-58870137921,"RX,1972752,R35,TXB,N16,152,308893,A,1,0.75,0.72,5,U,-61,9.75"
2026-07-11T14:21:57.705+00:00,/dev/cu.usbserial-58870137921,"RX,1973236,R35,TXE,N61,150,309382,E,1,0.87,0.84,5,U,-50,9.75"
2026-07-11T14:21:57.812+00:00,/dev/cu.usbserial-58870137921,"RX,1973342,R35,TXI,N121,75,309481,G,0,0.93,0.90,5,U,-44,9.25"
2026-07-11T14:21:57.955+00:00,/dev/cu.usbserial-58870137921,"RX,1973485,R35,TXA,N01,307,309627,D,1,0.24,0.22,5,F,-37,9.75"
2026-07-11T14:21:58.100+00:00,/dev/cu.usbserial-58870137921,"RX,1973631,R35,TXK,N151,154,309764,E,0,0.87,0.84,5,U,-49,10.00"
2026-07-11T14:21:58.955+00:00,/dev/cu.usbserial-58870137921,"RX,1974485,R35,TXA,N01,308,310627,E,0,0.87,0.84,5,F,-37,10.00"
2026-07-11T14:21:59.222+00:00,/dev/cu.usbserial-58870137921,"RX,1974752,R35,TXB,N16,153,310893,C,1,0.81,0.78,5,U,-60,9.75"
2026-07-11T14:21:59.706+00:00,/dev/cu.usbserial-58870137921,"RX,1975236,R35,TXE,N61,151,311382,G,0,0.93,0.90,5,U,-50,9.75"
2026-07-11T14:21:59.955+00:00,/dev/cu.usbserial-58870137921,"RX,1975485,R35,TXA,N01,309,311627,F,1,0.28,0.26,5,F,-37,9.75"
2026-07-11T14:22:00.100+00:00,/dev/cu.usbserial-58870137921,"RX,1975631,R35,TXK,N151,155,311764,G,1,0.93,0.90,5,U,-50,10.25"
2026-07-11T14:22:00.453+00:00,/dev/cu.usbserial-58870137921,"RX,1975983,R35,TXF,N76,76,312131,E,0,0.87,0.84,5,U,-44,9.25"
2026-07-11T14:22:00.758+00:00,/dev/cu.usbserial-58870137921,"RX,1976288,R35,TXD,N46,38,312431,G,1,0.93,0.90,5,U,-41,9.75"
2026-07-11T14:22:00.955+00:00,/dev/cu.usbserial-58870137921,"RX,1976485,R35,TXA,N01,310,312627,G,1,0.93,0.90,5,F,-37,10.00"
2026-07-11T14:22:01.222+00:00,/dev/cu.usbserial-58870137921,"RX,1976752,R35,TXB,N16,154,312893,E,0,0.87,0.84,5,U,-61,9.75"
2026-07-11T14:22:01.402+00:00,/dev/cu.usbserial-58870137921,"RX,1976933,R35,TXG,N91,37,313080,G,0,0.93,0.90,5,U,-48,9.75"
2026-07-11T14:22:01.705+00:00,/dev/cu.usbserial-58870137921,"RX,1977236,R35,TXE,N61,152,313382,A,1,0.75,0.72,5,U,-49,9.75"
2026-07-11T14:22:01.955+00:00,/dev/cu.usbserial-58870137921,"RX,1977485,R35,TXA,N01,311,313627,H,0,0.32,0.30,5,F,-37,9.25"
2026-07-11T14:22:02.100+00:00,/dev/cu.usbserial-58870137921,"RX,1977631,R35,TXK,N151,156,313764,A,1,0.75,0.72,5,U,-49,9.75"
2026-07-11T14:22:02.453+00:00,/dev/cu.usbserial-58870137921,"RX,1977983,R35,TXF,N76,77,314131,G,1,0.93,0.90,5,U,-45,9.50"
2026-07-11T14:22:02.611+00:00,/dev/cu.usbserial-58870137921,"RX,1978142,R35,TXJ,N136,37,314280,G,0,0.93,0.90,5,U,-44,9.25"
2026-07-11T14:22:02.706+00:00,/dev/cu.usbserial-58870137921,"RX,1978237,R35,TXC,N31,76,314381,E,0,0.87,0.84,5,U,-44,9.50"
2026-07-11T14:22:02.955+00:00,/dev/cu.usbserial-58870137921,"RX,1978485,R35,TXA,N01,312,314627,A,1,0.75,0.72,5,F,-37,9.75"
2026-07-11T14:22:03.222+00:00,/dev/cu.usbserial-58870137921,"RX,1978752,R35,TXB,N16,155,314893,G,1,0.93,0.90,5,U,-60,9.75"
2026-07-11T14:22:03.705+00:00,/dev/cu.usbserial-58870137921,"RX,1979236,R35,TXE,N61,153,315382,C,1,0.81,0.78,5,U,-50,9.75"
2026-07-11T14:22:03.812+00:00,/dev/cu.usbserial-58870137921,"RX,1979342,R35,TXI,N121,76,315481,E,0,0.87,0.84,5,U,-44,9.50"
2026-07-11T14:22:03.955+00:00,/dev/cu.usbserial-58870137921,"RX,1979485,R35,TXA,N01,313,315627,B,1,0.20,0.18,5,F,-37,9.00"
2026-07-11T14:22:04.100+00:00,/dev/cu.usbserial-58870137921,"RX,1979631,R35,TXK,N151,157,315764,C,0,0.81,0.78,5,U,-49,10.25"
2026-07-11T14:22:04.707+00:00,/dev/cu.usbserial-58870137921,"RX,1980237,R35,TXC,N31,77,316381,G,1,0.93,0.90,5,U,-43,11.75"
2026-07-11T14:22:04.955+00:00,/dev/cu.usbserial-58870137921,"RX,1980485,R35,TXA,N01,314,316627,C,0,0.81,0.78,5,F,-38,9.25"
2026-07-11T14:22:05.222+00:00,/dev/cu.usbserial-58870137921,"RX,1980752,R35,TXB,N16,156,316893,A,1,0.75,0.72,5,U,-61,9.75"
2026-07-11T14:22:05.705+00:00,/dev/cu.usbserial-58870137921,"RX,1981236,R35,TXE,N61,154,317382,E,0,0.87,0.84,5,U,-49,9.75"
2026-07-11T14:22:05.812+00:00,/dev/cu.usbserial-58870137921,"RX,1981342,R35,TXI,N121,77,317481,G,1,0.93,0.90,5,U,-44,9.50"
2026-07-11T14:22:05.955+00:00,/dev/cu.usbserial-58870137921,"RX,1981485,R35,TXA,N01,315,317627,D,1,0.24,0.22,5,F,-37,9.75"
2026-07-11T14:22:06.100+00:00,/dev/cu.usbserial-58870137921,"RX,1981631,R35,TXK,N151,158,317764,E,1,0.87,0.84,5,U,-50,10.00"
2026-07-11T14:22:06.955+00:00,/dev/cu.usbserial-58870137921,"RX,1982485,R35,TXA,N01,316,318627,E,1,0.87,0.84,5,F,-37,9.25"
2026-07-11T14:22:07.222+00:00,/dev/cu.usbserial-58870137921,"RX,1982752,R35,TXB,N16,157,318893,C,0,0.81,0.78,5,U,-60,10.00"
2026-07-11T14:22:07.705+00:00,/dev/cu.usbserial-58870137921,"RX,1983236,R35,TXE,N61,155,319382,G,1,0.93,0.90,5,U,-50,9.75"
2026-07-11T14:22:07.955+00:00,/dev/cu.usbserial-58870137921,"RX,1983485,R35,TXA,N01,317,319627,F,0,0.28,0.26,5,F,-37,9.75"
2026-07-11T14:22:08.100+00:00,/dev/cu.usbserial-58870137921,"RX,1983630,R35,TXK,N151,159,319764,G,1,0.93,0.90,5,U,-49,10.00"
2026-07-11T14:22:08.452+00:00,/dev/cu.usbserial-58870137921,"RX,1983983,R35,TXF,N76,78,320131,E,1,0.87,0.84,5,U,-44,9.75"
2026-07-11T14:22:08.757+00:00,/dev/cu.usbserial-58870137921,"RX,1984288,R35,TXD,N46,39,320431,G,1,0.93,0.90,5,U,-41,10.00"
2026-07-11T14:22:08.955+00:00,/dev/cu.usbserial-58870137921,"RX,1984485,R35,TXA,N01,318,320627,G,1,0.93,0.90,5,F,-37,9.25"
2026-07-11T14:22:09.222+00:00,/dev/cu.usbserial-58870137921,"RX,1984752,R35,TXB,N16,158,320893,E,1,0.87,0.84,5,U,-60,9.50"
2026-07-11T14:22:09.402+00:00,/dev/cu.usbserial-58870137921,"RX,1984933,R35,TXG,N91,38,321080,G,1,0.93,0.90,5,U,-48,9.25"
2026-07-11T14:22:09.705+00:00,/dev/cu.usbserial-58870137921,"RX,1985236,R35,TXE,N61,156,321382,A,1,0.75,0.72,5,U,-49,9.50"
2026-07-11T14:22:09.955+00:00,/dev/cu.usbserial-58870137921,"RX,1985485,R35,TXA,N01,319,321627,H,1,0.32,0.30,5,F,-37,9.50"
2026-07-11T14:22:10.100+00:00,/dev/cu.usbserial-58870137921,"RX,1985630,R35,TXK,N151,160,321764,A,1,0.75,0.72,5,U,-50,9.75"
2026-07-11T14:22:10.453+00:00,/dev/cu.usbserial-58870137921,"RX,1985983,R35,TXF,N76,79,322131,G,1,0.93,0.90,5,U,-44,10.00"
2026-07-11T14:22:10.612+00:00,/dev/cu.usbserial-58870137921,"RX,1986142,R35,TXJ,N136,38,322280,G,1,0.93,0.90,5,U,-43,9.50"
2026-07-11T14:22:10.706+00:00,/dev/cu.usbserial-58870137921,"RX,1986237,R35,TXC,N31,78,322381,E,1,0.87,0.84,5,U,-44,9.25"
2026-07-11T14:22:10.955+00:00,/dev/cu.usbserial-58870137921,"RX,1986485,R35,TXA,N01,320,322627,A,1,0.75,0.72,5,F,-37,10.00"
2026-07-11T14:22:11.222+00:00,/dev/cu.usbserial-58870137921,"RX,1986752,R35,TXB,N16,159,322893,G,1,0.93,0.90,5,U,-61,10.00"
2026-07-11T14:22:11.719+00:00,/dev/cu.usbserial-58870137921,"RX,1987236,R35,TXE,N61,157,323382,C,0,0.81,0.78,5,U,-49,9.75"
2026-07-11T14:22:11.814+00:00,/dev/cu.usbserial-58870137921,"RX,1987342,R35,TXI,N121,78,323481,E,1,0.87,0.84,5,U,-43,9.75"
2026-07-11T14:22:11.955+00:00,/dev/cu.usbserial-58870137921,"RX,1987485,R35,TXA,N01,321,323627,B,0,0.20,0.18,5,F,-37,9.50"
2026-07-11T14:22:12.101+00:00,/dev/cu.usbserial-58870137921,"RX,1987630,R35,TXK,N151,161,323764,C,1,0.81,0.78,5,U,-49,9.50"
2026-07-11T14:22:12.706+00:00,/dev/cu.usbserial-58870137921,"RX,1988237,R35,TXC,N31,79,324381,G,1,0.93,0.90,5,U,-44,9.50"
2026-07-11T14:22:12.956+00:00,/dev/cu.usbserial-58870137921,"RX,1988485,R35,TXA,N01,322,324627,C,1,0.81,0.78,5,F,-37,9.50"
2026-07-11T14:22:13.222+00:00,/dev/cu.usbserial-58870137921,"RX,1988752,R35,TXB,N16,160,324893,A,1,0.75,0.72,5,U,-60,10.00"
2026-07-11T14:22:13.705+00:00,/dev/cu.usbserial-58870137921,"RX,1989236,R35,TXE,N61,158,325382,E,1,0.87,0.84,5,U,-50,9.75"
2026-07-11T14:22:13.812+00:00,/dev/cu.usbserial-58870137921,"RX,1989342,R35,TXI,N121,79,325481,G,1,0.93,0.90,5,U,-43,9.75"
2026-07-11T14:22:13.955+00:00,/dev/cu.usbserial-58870137921,"RX,1989485,R35,TXA,N01,323,325627,D,1,0.24,0.22,5,F,-37,9.50"
2026-07-11T14:22:14.100+00:00,/dev/cu.usbserial-58870137921,"RX,1989630,R35,TXK,N151,162,325764,E,0,0.87,0.84,5,U,-49,9.75"
2026-07-11T14:22:14.955+00:00,/dev/cu.usbserial-58870137921,"RX,1990485,R35,TXA,N01,324,326627,E,0,0.87,0.84,5,F,-37,9.50"
2026-07-11T14:22:15.222+00:00,/dev/cu.usbserial-58870137921,"RX,1990752,R35,TXB,N16,161,326893,C,1,0.81,0.78,5,U,-61,10.25"
2026-07-11T14:22:15.705+00:00,/dev/cu.usbserial-58870137921,"RX,1991236,R35,TXE,N61,159,327382,G,1,0.93,0.90,5,U,-49,9.50"
2026-07-11T14:22:15.955+00:00,/dev/cu.usbserial-58870137921,"RX,1991485,R35,TXA,N01,325,327627,F,1,0.28,0.26,5,F,-38,9.75"
2026-07-11T14:22:16.064+00:00,/dev/cu.usbserial-58870137921,"RX,1991595,R35,TXH,N106,20,327742,G,1,0.93,0.90,5,U,-36,4.25"
2026-07-11T14:22:16.247+00:00,/dev/cu.usbserial-58870137921,"RX,1991777,R35,TXL,N166,20,327916,G,1,0.93,0.90,5,U,-44,9.50"
2026-07-11T14:22:16.453+00:00,/dev/cu.usbserial-58870137921,"RX,1991983,R35,TXF,N76,80,328131,E,0,0.87,0.84,5,U,-44,9.75"
2026-07-11T14:22:16.758+00:00,/dev/cu.usbserial-58870137921,"RX,1992288,R35,TXD,N46,40,328431,G,1,0.93,0.90,5,U,-42,10.00"
2026-07-11T14:22:16.955+00:00,/dev/cu.usbserial-58870137921,"RX,1992485,R35,TXA,N01,326,328627,G,1,0.93,0.90,5,F,-37,11.25"
2026-07-11T14:22:17.222+00:00,/dev/cu.usbserial-58870137921,"RX,1992752,R35,TXB,N16,162,328893,E,0,0.87,0.84,5,U,-61,9.75"
2026-07-11T14:22:17.403+00:00,/dev/cu.usbserial-58870137921,"RX,1992933,R35,TXG,N91,39,329080,G,1,0.93,0.90,5,U,-48,9.50"
2026-07-11T14:22:17.705+00:00,/dev/cu.usbserial-58870137921,"RX,1993236,R35,TXE,N61,160,329382,A,1,0.75,0.72,5,U,-50,9.50"
2026-07-11T14:22:17.955+00:00,/dev/cu.usbserial-58870137921,"RX,1993485,R35,TXA,N01,327,329627,H,0,0.32,0.30,5,F,-37,9.75"
2026-07-11T14:22:18.100+00:00,/dev/cu.usbserial-58870137921,"RX,1993630,R35,TXK,N151,164,329764,A,1,0.75,0.72,5,U,-48,10.00"
2026-07-11T14:22:18.453+00:00,/dev/cu.usbserial-58870137921,"RX,1993983,R35,TXF,N76,81,330131,G,1,0.93,0.90,5,U,-44,9.75"
2026-07-11T14:22:18.612+00:00,/dev/cu.usbserial-58870137921,"RX,1994142,R35,TXJ,N136,39,330280,G,1,0.93,0.90,5,U,-43,9.50"
2026-07-11T14:22:18.706+00:00,/dev/cu.usbserial-58870137921,"RX,1994237,R35,TXC,N31,80,330381,E,0,0.87,0.84,5,U,-43,9.75"
2026-07-11T14:22:18.955+00:00,/dev/cu.usbserial-58870137921,"RX,1994485,R35,TXA,N01,328,330627,A,1,0.75,0.72,5,F,-38,9.75"
2026-07-11T14:22:19.222+00:00,/dev/cu.usbserial-58870137921,"RX,1994752,R35,TXB,N16,163,330893,G,1,0.93,0.90,5,U,-61,10.00"
2026-07-11T14:22:19.705+00:00,/dev/cu.usbserial-58870137921,"RX,1995236,R35,TXE,N61,161,331382,C,1,0.81,0.78,5,U,-50,9.75"
2026-07-11T14:22:19.812+00:00,/dev/cu.usbserial-58870137921,"RX,1995342,R35,TXI,N121,80,331481,E,0,0.87,0.84,5,U,-43,9.75"
2026-07-11T14:22:19.955+00:00,/dev/cu.usbserial-58870137921,"RX,1995485,R35,TXA,N01,329,331627,B,1,0.20,0.18,5,F,-37,9.50"
2026-07-11T14:22:20.100+00:00,/dev/cu.usbserial-58870137921,"RX,1995630,R35,TXK,N151,165,331764,C,0,0.81,0.78,5,U,-49,9.50"
2026-07-11T14:22:20.706+00:00,/dev/cu.usbserial-58870137921,"RX,1996237,R35,TXC,N31,81,332381,G,1,0.93,0.90,5,U,-44,9.75"
2026-07-11T14:22:20.955+00:00,/dev/cu.usbserial-58870137921,"RX,1996485,R35,TXA,N01,330,332627,C,0,0.81,0.78,5,F,-37,10.00"
2026-07-11T14:22:21.222+00:00,/dev/cu.usbserial-58870137921,"RX,1996752,R35,TXB,N16,164,332893,A,1,0.75,0.72,5,U,-60,10.00"
2026-07-11T14:22:21.705+00:00,/dev/cu.usbserial-58870137921,"RX,1997236,R35,TXE,N61,162,333382,E,0,0.87,0.84,5,U,-49,10.00"
2026-07-11T14:22:21.812+00:00,/dev/cu.usbserial-58870137921,"RX,1997342,R35,TXI,N121,81,333481,G,1,0.93,0.90,5,U,-43,9.75"
2026-07-11T14:22:21.955+00:00,/dev/cu.usbserial-58870137921,"RX,1997485,R35,TXA,N01,331,333627,D,1,0.24,0.22,5,F,-37,9.75"
2026-07-11T14:22:22.100+00:00,/dev/cu.usbserial-58870137921,"RX,1997630,R35,TXK,N151,166,333764,E,1,0.87,0.84,5,U,-49,9.75"
2026-07-11T14:22:22.955+00:00,/dev/cu.usbserial-58870137921,"RX,1998485,R35,TXA,N01,332,334627,E,1,0.87,0.84,5,F,-37,9.75"
2026-07-11T14:22:23.222+00:00,/dev/cu.usbserial-58870137921,"RX,1998752,R35,TXB,N16,165,334893,C,0,0.81,0.78,5,U,-61,9.25"
2026-07-11T14:22:23.705+00:00,/dev/cu.usbserial-58870137921,"RX,1999236,R35,TXE,N61,163,335382,G,1,0.93,0.90,5,U,-49,9.75"
2026-07-11T14:22:23.955+00:00,/dev/cu.usbserial-58870137921,"RX,1999485,R35,TXA,N01,333,335627,F,0,0.28,0.26,5,F,-38,9.25"
2026-07-11T14:22:24.064+00:00,/dev/cu.usbserial-58870137921,"RX,1999595,R35,TXH,N106,21,335742,G,1,0.93,0.90,5,U,-36,4.25"
2026-07-11T14:22:24.247+00:00,/dev/cu.usbserial-58870137921,"RX,1999777,R35,TXL,N166,21,335916,G,1,0.93,0.90,5,U,-44,9.75"
2026-07-11T14:22:24.453+00:00,/dev/cu.usbserial-58870137921,"RX,1999983,R35,TXF,N76,82,336131,E,1,0.87,0.84,5,U,-44,9.75"
2026-07-11T14:22:24.758+00:00,/dev/cu.usbserial-58870137921,"RX,2000288,R35,TXD,N46,41,336431,G,1,0.93,0.90,5,U,-41,7.25"
2026-07-11T14:22:24.955+00:00,/dev/cu.usbserial-58870137921,"RX,2000485,R35,TXA,N01,334,336627,G,1,0.93,0.90,5,F,-37,10.00"
2026-07-11T14:22:25.222+00:00,/dev/cu.usbserial-58870137921,"RX,2000752,R35,TXB,N16,166,336893,E,1,0.87,0.84,5,U,-61,10.00"
2026-07-11T14:22:25.403+00:00,/dev/cu.usbserial-58870137921,"RX,2000933,R35,TXG,N91,40,337080,G,1,0.93,0.90,5,U,-48,9.50"
2026-07-11T14:22:25.705+00:00,/dev/cu.usbserial-58870137921,"RX,2001236,R35,TXE,N61,164,337382,A,1,0.75,0.72,5,U,-49,9.25"
2026-07-11T14:22:25.955+00:00,/dev/cu.usbserial-58870137921,"RX,2001485,R35,TXA,N01,335,337627,H,1,0.32,0.30,5,F,-37,9.75"
2026-07-11T14:22:26.100+00:00,/dev/cu.usbserial-58870137921,"RX,2001630,R35,TXK,N151,168,337764,A,0,0.75,0.72,5,U,-49,9.50"
2026-07-11T14:22:26.452+00:00,/dev/cu.usbserial-58870137921,"RX,2001983,R35,TXF,N76,83,338131,G,1,0.93,0.90,5,U,-44,9.25"
2026-07-11T14:22:26.611+00:00,/dev/cu.usbserial-58870137921,"RX,2002142,R35,TXJ,N136,40,338280,G,1,0.93,0.90,5,U,-44,9.75"
2026-07-11T14:22:26.706+00:00,/dev/cu.usbserial-58870137921,"RX,2002237,R35,TXC,N31,82,338381,E,1,0.87,0.84,5,U,-43,9.50"
2026-07-11T14:22:26.955+00:00,/dev/cu.usbserial-58870137921,"RX,2002485,R35,TXA,N01,336,338627,A,0,0.75,0.72,5,F,-37,9.25"
2026-07-11T14:22:27.221+00:00,/dev/cu.usbserial-58870137921,"RX,2002752,R35,TXB,N16,167,338893,G,1,0.93,0.90,5,U,-60,9.50"
2026-07-11T14:22:27.705+00:00,/dev/cu.usbserial-58870137921,"RX,2003236,R35,TXE,N61,165,339382,C,0,0.81,0.78,5,U,-49,9.50"
2026-07-11T14:22:27.812+00:00,/dev/cu.usbserial-58870137921,"RX,2003342,R35,TXI,N121,82,339481,E,1,0.87,0.84,5,U,-43,9.50"
2026-07-11T14:22:27.955+00:00,/dev/cu.usbserial-58870137921,"RX,2003485,R35,TXA,N01,337,339627,B,1,0.20,0.18,5,F,-37,9.25"
2026-07-11T14:22:28.100+00:00,/dev/cu.usbserial-58870137921,"RX,2003630,R35,TXK,N151,169,339764,C,1,0.81,0.78,5,U,-50,9.50"
2026-07-11T14:22:28.706+00:00,/dev/cu.usbserial-58870137921,"RX,2004237,R35,TXC,N31,83,340381,G,1,0.93,0.90,5,U,-43,9.00"
2026-07-11T14:22:28.955+00:00,/dev/cu.usbserial-58870137921,"RX,2004485,R35,TXA,N01,338,340627,C,1,0.81,0.78,5,F,-37,10.00"
2026-07-11T14:22:29.222+00:00,/dev/cu.usbserial-58870137921,"RX,2004752,R35,TXB,N16,168,340893,A,0,0.75,0.72,5,U,-61,9.75"
2026-07-11T14:22:29.705+00:00,/dev/cu.usbserial-58870137921,"RX,2005236,R35,TXE,N61,166,341382,E,1,0.87,0.84,5,U,-49,9.75"
2026-07-11T14:22:29.812+00:00,/dev/cu.usbserial-58870137921,"RX,2005342,R35,TXI,N121,83,341481,G,1,0.93,0.90,5,U,-43,9.50"
2026-07-11T14:22:29.955+00:00,/dev/cu.usbserial-58870137921,"RX,2005485,R35,TXA,N01,339,341627,D,0,0.24,0.22,5,F,-37,9.50"
2026-07-11T14:22:30.100+00:00,/dev/cu.usbserial-58870137921,"RX,2005630,R35,TXK,N151,170,341764,E,1,0.87,0.84,5,U,-50,9.50"
2026-07-11T14:22:30.955+00:00,/dev/cu.usbserial-58870137921,"RX,2006485,R35,TXA,N01,340,342627,E,1,0.87,0.84,5,F,-37,9.50"
2026-07-11T14:22:31.222+00:00,/dev/cu.usbserial-58870137921,"RX,2006752,R35,TXB,N16,169,342893,C,1,0.81,0.78,5,U,-61,9.25"
2026-07-11T14:22:31.705+00:00,/dev/cu.usbserial-58870137921,"RX,2007236,R35,TXE,N61,167,343382,G,1,0.93,0.90,5,U,-50,9.75"
2026-07-11T14:22:31.955+00:00,/dev/cu.usbserial-58870137921,"RX,2007485,R35,TXA,N01,341,343627,F,1,0.28,0.26,5,F,-37,9.50"
2026-07-11T14:22:32.064+00:00,/dev/cu.usbserial-58870137921,"RX,2007595,R35,TXH,N106,22,343742,G,0,0.93,0.90,5,U,-36,4.50"
2026-07-11T14:22:32.247+00:00,/dev/cu.usbserial-58870137921,"RX,2007777,R35,TXL,N166,22,343916,G,0,0.93,0.90,5,U,-45,9.50"
2026-07-11T14:22:32.453+00:00,/dev/cu.usbserial-58870137921,"RX,2007983,R35,TXF,N76,84,344131,E,1,0.87,0.84,5,U,-44,9.50"
2026-07-11T14:22:32.758+00:00,/dev/cu.usbserial-58870137921,"RX,2008288,R35,TXD,N46,42,344431,G,0,0.93,0.90,5,U,-41,9.50"
2026-07-11T14:22:32.955+00:00,/dev/cu.usbserial-58870137921,"RX,2008485,R35,TXA,N01,342,344627,G,0,0.93,0.90,5,F,-37,9.25"
2026-07-11T14:22:33.222+00:00,/dev/cu.usbserial-58870137921,"RX,2008752,R35,TXB,N16,170,344893,E,1,0.87,0.84,5,U,-60,9.50"
2026-07-11T14:22:33.403+00:00,/dev/cu.usbserial-58870137921,"RX,2008933,R35,TXG,N91,41,345080,G,1,0.93,0.90,5,U,-48,9.50"
2026-07-11T14:22:33.705+00:00,/dev/cu.usbserial-58870137921,"RX,2009236,R35,TXE,N61,168,345382,A,0,0.75,0.72,5,U,-49,9.75"
2026-07-11T14:22:33.955+00:00,/dev/cu.usbserial-58870137921,"RX,2009485,R35,TXA,N01,343,345627,H,1,0.32,0.30,5,F,-37,9.75"
2026-07-11T14:22:34.100+00:00,/dev/cu.usbserial-58870137921,"RX,2009630,R35,TXK,N151,172,345764,A,1,0.75,0.72,5,U,-50,9.25"
2026-07-11T14:22:34.453+00:00,/dev/cu.usbserial-58870137921,"RX,2009983,R35,TXF,N76,85,346131,G,0,0.93,0.90,5,U,-45,9.50"
2026-07-11T14:22:34.611+00:00,/dev/cu.usbserial-58870137921,"RX,2010142,R35,TXJ,N136,41,346280,G,1,0.93,0.90,5,U,-44,9.50"
2026-07-11T14:22:34.706+00:00,/dev/cu.usbserial-58870137921,"RX,2010237,R35,TXC,N31,84,346381,E,1,0.87,0.84,5,U,-43,10.00"
2026-07-11T14:22:34.955+00:00,/dev/cu.usbserial-58870137921,"RX,2010485,R35,TXA,N01,344,346627,A,1,0.75,0.72,5,F,-37,9.75"
2026-07-11T14:22:35.222+00:00,/dev/cu.usbserial-58870137921,"RX,2010752,R35,TXB,N16,171,346893,G,0,0.93,0.90,5,U,-61,9.25"
2026-07-11T14:22:35.705+00:00,/dev/cu.usbserial-58870137921,"RX,2011235,R35,TXE,N61,169,347382,C,1,0.81,0.78,5,U,-49,9.50"
2026-07-11T14:22:35.812+00:00,/dev/cu.usbserial-58870137921,"RX,2011342,R35,TXI,N121,84,347481,E,1,0.87,0.84,5,U,-43,9.75"
2026-07-11T14:22:35.955+00:00,/dev/cu.usbserial-58870137921,"RX,2011485,R35,TXA,N01,345,347627,B,0,0.20,0.18,5,F,-37,9.50"
2026-07-11T14:22:36.100+00:00,/dev/cu.usbserial-58870137921,"RX,2011630,R35,TXK,N151,173,347764,C,1,0.81,0.78,5,U,-48,9.50"
2026-07-11T14:22:36.706+00:00,/dev/cu.usbserial-58870137921,"RX,2012237,R35,TXC,N31,85,348381,G,0,0.93,0.90,5,U,-44,9.75"
2026-07-11T14:22:36.955+00:00,/dev/cu.usbserial-58870137921,"RX,2012485,R35,TXA,N01,346,348627,C,1,0.81,0.78,5,F,-37,9.25"
2026-07-11T14:22:37.222+00:00,/dev/cu.usbserial-58870137921,"RX,2012752,R35,TXB,N16,172,348893,A,1,0.75,0.72,5,U,-60,10.00"
2026-07-11T14:22:37.705+00:00,/dev/cu.usbserial-58870137921,"RX,2013235,R35,TXE,N61,170,349382,E,1,0.87,0.84,5,U,-50,9.75"
2026-07-11T14:22:37.812+00:00,/dev/cu.usbserial-58870137921,"RX,2013342,R35,TXI,N121,85,349481,G,0,0.93,0.90,5,U,-43,9.50"
2026-07-11T14:22:37.955+00:00,/dev/cu.usbserial-58870137921,"RX,2013485,R35,TXA,N01,347,349627,D,1,0.24,0.22,5,F,-37,9.50"
2026-07-11T14:22:38.100+00:00,/dev/cu.usbserial-58870137921,"RX,2013630,R35,TXK,N151,174,349764,E,0,0.87,0.84,5,U,-49,9.75"
2026-07-11T14:22:38.955+00:00,/dev/cu.usbserial-58870137921,"RX,2014485,R35,TXA,N01,348,350627,E,0,0.87,0.84,5,F,-37,9.25"
2026-07-11T14:22:39.222+00:00,/dev/cu.usbserial-58870137921,"RX,2014752,R35,TXB,N16,173,350893,C,1,0.81,0.78,5,U,-60,9.50"
2026-07-11T14:22:39.705+00:00,/dev/cu.usbserial-58870137921,"RX,2015236,R35,TXE,N61,171,351382,G,0,0.93,0.90,5,U,-50,9.25"
2026-07-11T14:22:39.955+00:00,/dev/cu.usbserial-58870137921,"RX,2015485,R35,TXA,N01,349,351627,F,1,0.28,0.26,5,F,-37,9.75"
2026-07-11T14:22:40.064+00:00,/dev/cu.usbserial-58870137921,"RX,2015595,R35,TXH,N106,23,351742,G,1,0.93,0.90,5,U,-36,4.25"
2026-07-11T14:22:40.246+00:00,/dev/cu.usbserial-58870137921,"RX,2015777,R35,TXL,N166,23,351916,G,1,0.93,0.90,5,U,-44,9.75"
2026-07-11T14:22:40.452+00:00,/dev/cu.usbserial-58870137921,"RX,2015983,R35,TXF,N76,86,352131,E,0,0.87,0.84,5,U,-44,10.25"
2026-07-11T14:22:40.758+00:00,/dev/cu.usbserial-58870137921,"RX,2016288,R35,TXD,N46,43,352431,G,1,0.93,0.90,5,U,-42,10.00"
2026-07-11T14:22:40.955+00:00,/dev/cu.usbserial-58870137921,"RX,2016485,R35,TXA,N01,350,352627,G,1,0.93,0.90,5,F,-37,10.75"
2026-07-11T14:22:41.222+00:00,/dev/cu.usbserial-58870137921,"RX,2016752,R35,TXB,N16,174,352893,E,0,0.87,0.84,5,U,-60,10.00"
2026-07-11T14:22:41.402+00:00,/dev/cu.usbserial-58870137921,"RX,2016933,R35,TXG,N91,42,353080,G,0,0.93,0.90,5,U,-48,9.50"
2026-07-11T14:22:41.705+00:00,/dev/cu.usbserial-58870137921,"RX,2017236,R35,TXE,N61,172,353382,A,1,0.75,0.72,5,U,-49,9.50"
2026-07-11T14:22:41.955+00:00,/dev/cu.usbserial-58870137921,"RX,2017485,R35,TXA,N01,351,353627,H,0,0.32,0.30,5,F,-37,9.00"
2026-07-11T14:22:42.100+00:00,/dev/cu.usbserial-58870137921,"RX,2017630,R35,TXK,N151,176,353764,A,1,0.75,0.72,5,U,-49,9.50"
2026-07-11T14:22:42.452+00:00,/dev/cu.usbserial-58870137921,"RX,2017983,R35,TXF,N76,87,354131,G,1,0.93,0.90,5,U,-45,9.75"
2026-07-11T14:22:42.611+00:00,/dev/cu.usbserial-58870137921,"RX,2018142,R35,TXJ,N136,42,354280,G,0,0.93,0.90,5,U,-44,9.25"
2026-07-11T14:22:42.706+00:00,/dev/cu.usbserial-58870137921,"RX,2018236,R35,TXC,N31,86,354381,E,0,0.87,0.84,5,U,-41,9.25"
2026-07-11T14:22:42.955+00:00,/dev/cu.usbserial-58870137921,"RX,2018485,R35,TXA,N01,352,354627,A,1,0.75,0.72,5,F,-37,9.50"
2026-07-11T14:22:43.222+00:00,/dev/cu.usbserial-58870137921,"RX,2018752,R35,TXB,N16,175,354893,G,1,0.93,0.90,5,U,-61,9.75"
2026-07-11T14:22:43.705+00:00,/dev/cu.usbserial-58870137921,"RX,2019236,R35,TXE,N61,173,355382,C,1,0.81,0.78,5,U,-50,9.50"
2026-07-11T14:22:43.811+00:00,/dev/cu.usbserial-58870137921,"RX,2019342,R35,TXI,N121,86,355481,E,0,0.87,0.84,5,U,-44,9.25"
2026-07-11T14:22:43.954+00:00,/dev/cu.usbserial-58870137921,"RX,2019485,R35,TXA,N01,353,355627,B,1,0.20,0.18,5,F,-37,9.50"
2026-07-11T14:22:44.100+00:00,/dev/cu.usbserial-58870137921,"RX,2019630,R35,TXK,N151,177,355764,C,0,0.81,0.78,5,U,-49,10.00"
2026-07-11T14:22:44.706+00:00,/dev/cu.usbserial-58870137921,"RX,2020237,R35,TXC,N31,87,356381,G,1,0.93,0.90,5,U,-44,9.25"
2026-07-11T14:22:44.955+00:00,/dev/cu.usbserial-58870137921,"RX,2020485,R35,TXA,N01,354,356627,C,0,0.81,0.78,5,F,-37,9.50"
2026-07-11T14:22:45.222+00:00,/dev/cu.usbserial-58870137921,"RX,2020752,R35,TXB,N16,176,356893,A,1,0.75,0.72,5,U,-60,10.00"
2026-07-11T14:22:45.705+00:00,/dev/cu.usbserial-58870137921,"RX,2021235,R35,TXE,N61,174,357382,E,0,0.87,0.84,5,U,-49,9.75"
2026-07-11T14:22:45.812+00:00,/dev/cu.usbserial-58870137921,"RX,2021342,R35,TXI,N121,87,357481,G,1,0.93,0.90,5,U,-43,9.25"
2026-07-11T14:22:45.955+00:00,/dev/cu.usbserial-58870137921,"RX,2021485,R35,TXA,N01,355,357627,D,1,0.24,0.22,5,F,-38,9.75"
2026-07-11T14:22:46.100+00:00,/dev/cu.usbserial-58870137921,"RX,2021630,R35,TXK,N151,178,357764,E,1,0.87,0.84,5,U,-50,10.00"
2026-07-11T14:22:46.955+00:00,/dev/cu.usbserial-58870137921,"RX,2022485,R35,TXA,N01,356,358627,E,1,0.87,0.84,5,F,-37,10.00"
2026-07-11T14:22:47.222+00:00,/dev/cu.usbserial-58870137921,"RX,2022752,R35,TXB,N16,177,358893,C,0,0.81,0.78,5,U,-60,10.00"
2026-07-11T14:22:47.705+00:00,/dev/cu.usbserial-58870137921,"RX,2023235,R35,TXE,N61,175,359382,G,1,0.93,0.90,5,U,-49,9.50"
2026-07-11T14:22:47.955+00:00,/dev/cu.usbserial-58870137921,"RX,2023485,R35,TXA,N01,357,359627,F,0,0.28,0.26,5,F,-37,9.25"
2026-07-11T14:22:48.101+00:00,/dev/cu.usbserial-58870137921,"RX,2023630,R35,TXK,N151,179,359764,G,1,0.93,0.90,5,U,-49,9.75"
2026-07-11T14:22:48.452+00:00,/dev/cu.usbserial-58870137921,"RX,2023983,R35,TXF,N76,88,360131,E,1,0.87,0.84,5,U,-44,10.00"
2026-07-11T14:22:48.757+00:00,/dev/cu.usbserial-58870137921,"RX,2024288,R35,TXD,N46,44,360431,G,1,0.93,0.90,5,U,-41,9.50"
2026-07-11T14:22:48.955+00:00,/dev/cu.usbserial-58870137921,"RX,2024485,R35,TXA,N01,358,360627,G,1,0.93,0.90,5,F,-37,9.75"
2026-07-11T14:22:49.221+00:00,/dev/cu.usbserial-58870137921,"RX,2024752,R35,TXB,N16,178,360893,E,1,0.87,0.84,5,U,-61,9.50"
2026-07-11T14:22:49.402+00:00,/dev/cu.usbserial-58870137921,"RX,2024933,R35,TXG,N91,43,361080,G,1,0.93,0.90,5,U,-48,9.00"
2026-07-11T14:22:49.705+00:00,/dev/cu.usbserial-58870137921,"RX,2025235,R35,TXE,N61,176,361382,A,1,0.75,0.72,5,U,-49,9.25"
2026-07-11T14:22:49.955+00:00,/dev/cu.usbserial-58870137921,"RX,2025485,R35,TXA,N01,359,361627,H,1,0.32,0.30,5,F,-37,9.75"
2026-07-11T14:22:50.099+00:00,/dev/cu.usbserial-58870137921,"RX,2025630,R35,TXK,N151,180,361764,A,0,0.75,0.72,5,U,-50,10.25"
2026-07-11T14:22:50.452+00:00,/dev/cu.usbserial-58870137921,"RX,2025983,R35,TXF,N76,89,362131,G,1,0.93,0.90,5,U,-45,9.50"
2026-07-11T14:22:50.611+00:00,/dev/cu.usbserial-58870137921,"RX,2026142,R35,TXJ,N136,43,362280,G,1,0.93,0.90,5,U,-43,9.50"
2026-07-11T14:22:50.706+00:00,/dev/cu.usbserial-58870137921,"RX,2026236,R35,TXC,N31,88,362381,E,1,0.87,0.84,5,U,-43,10.00"
2026-07-11T14:22:50.955+00:00,/dev/cu.usbserial-58870137921,"RX,2026485,R35,TXA,N01,360,362627,A,0,0.75,0.72,5,F,-38,9.50"
2026-07-11T14:22:51.222+00:00,/dev/cu.usbserial-58870137921,"RX,2026752,R35,TXB,N16,179,362893,G,1,0.93,0.90,5,U,-61,9.50"
2026-07-11T14:22:51.705+00:00,/dev/cu.usbserial-58870137921,"RX,2027235,R35,TXE,N61,177,363382,C,0,0.81,0.78,5,U,-49,9.25"
2026-07-11T14:22:51.812+00:00,/dev/cu.usbserial-58870137921,"RX,2027342,R35,TXI,N121,88,363481,E,1,0.87,0.84,5,U,-44,9.25"
2026-07-11T14:22:51.955+00:00,/dev/cu.usbserial-58870137921,"RX,2027485,R35,TXA,N01,361,363627,B,1,0.20,0.18,5,F,-37,9.50"
2026-07-11T14:22:52.099+00:00,/dev/cu.usbserial-58870137921,"RX,2027630,R35,TXK,N151,181,363764,C,1,0.81,0.78,5,U,-49,10.00"
2026-07-11T14:22:52.706+00:00,/dev/cu.usbserial-58870137921,"RX,2028236,R35,TXC,N31,89,364381,G,1,0.93,0.90,5,U,-44,9.25"
2026-07-11T14:22:52.955+00:00,/dev/cu.usbserial-58870137921,"RX,2028485,R35,TXA,N01,362,364627,C,1,0.81,0.78,5,F,-37,9.25"
2026-07-11T14:22:53.221+00:00,/dev/cu.usbserial-58870137921,"RX,2028752,R35,TXB,N16,180,364893,A,0,0.75,0.72,5,U,-61,10.25"
2026-07-11T14:22:53.705+00:00,/dev/cu.usbserial-58870137921,"RX,2029235,R35,TXE,N61,178,365382,E,1,0.87,0.84,5,U,-49,9.75"
2026-07-11T14:22:53.812+00:00,/dev/cu.usbserial-58870137921,"RX,2029342,R35,TXI,N121,89,365481,G,1,0.93,0.90,5,U,-44,9.75"
2026-07-11T14:22:53.955+00:00,/dev/cu.usbserial-58870137921,"RX,2029485,R35,TXA,N01,363,365627,D,0,0.24,0.22,5,F,-37,9.50"
2026-07-11T14:22:54.100+00:00,/dev/cu.usbserial-58870137921,"RX,2029630,R35,TXK,N151,182,365764,E,1,0.87,0.84,5,U,-49,9.75"
2026-07-11T14:22:54.955+00:00,/dev/cu.usbserial-58870137921,"RX,2030485,R35,TXA,N01,364,366627,E,1,0.87,0.84,5,F,-37,10.25"
2026-07-11T14:22:55.222+00:00,/dev/cu.usbserial-58870137921,"RX,2030752,R35,TXB,N16,181,366893,C,1,0.81,0.78,5,U,-61,9.75"
2026-07-11T14:22:55.705+00:00,/dev/cu.usbserial-58870137921,"RX,2031235,R35,TXE,N61,179,367382,G,1,0.93,0.90,5,U,-49,9.50"
2026-07-11T14:22:55.955+00:00,/dev/cu.usbserial-58870137921,"RX,2031485,R35,TXA,N01,365,367627,F,1,0.28,0.26,5,F,-37,10.00"
2026-07-11T14:22:56.100+00:00,/dev/cu.usbserial-58870137921,"RX,2031630,R35,TXK,N151,183,367764,G,0,0.93,0.90,5,U,-49,10.25"
2026-07-11T14:22:56.452+00:00,/dev/cu.usbserial-58870137921,"RX,2031983,R35,TXF,N76,90,368131,E,1,0.87,0.84,5,U,-44,9.75"
2026-07-11T14:22:56.757+00:00,/dev/cu.usbserial-58870137921,"RX,2032288,R35,TXD,N46,45,368431,G,0,0.93,0.90,5,U,-42,9.50"
2026-07-11T14:22:56.955+00:00,/dev/cu.usbserial-58870137921,"RX,2032485,R35,TXA,N01,366,368627,G,0,0.93,0.90,5,F,-37,9.50"
2026-07-11T14:22:57.221+00:00,/dev/cu.usbserial-58870137921,"RX,2032752,R35,TXB,N16,182,368893,E,1,0.87,0.84,5,U,-60,9.50"
2026-07-11T14:22:57.402+00:00,/dev/cu.usbserial-58870137921,"RX,2032933,R35,TXG,N91,44,369080,G,1,0.93,0.90,5,U,-48,9.25"
2026-07-11T14:22:57.705+00:00,/dev/cu.usbserial-58870137921,"RX,2033235,R35,TXE,N61,180,369382,A,0,0.75,0.72,5,U,-50,9.25"
2026-07-11T14:22:57.955+00:00,/dev/cu.usbserial-58870137921,"RX,2033485,R35,TXA,N01,367,369627,H,1,0.32,0.30,5,F,-37,9.75"
2026-07-11T14:22:58.100+00:00,/dev/cu.usbserial-58870137921,"RX,2033630,R35,TXK,N151,184,369764,A,1,0.75,0.72,5,U,-49,10.25"
2026-07-11T14:22:58.452+00:00,/dev/cu.usbserial-58870137921,"RX,2033983,R35,TXF,N76,91,370131,G,0,0.93,0.90,5,U,-44,9.75"
2026-07-11T14:22:58.611+00:00,/dev/cu.usbserial-58870137921,"RX,2034142,R35,TXJ,N136,44,370280,G,1,0.93,0.90,5,U,-43,9.75"
2026-07-11T14:22:58.706+00:00,/dev/cu.usbserial-58870137921,"RX,2034236,R35,TXC,N31,90,370381,E,1,0.87,0.84,5,U,-44,9.75"
2026-07-11T14:22:58.955+00:00,/dev/cu.usbserial-58870137921,"RX,2034485,R35,TXA,N01,368,370627,A,1,0.75,0.72,5,F,-37,9.75"
2026-07-11T14:22:59.222+00:00,/dev/cu.usbserial-58870137921,"RX,2034752,R35,TXB,N16,183,370893,G,0,0.93,0.90,5,U,-60,9.50"
2026-07-11T14:22:59.705+00:00,/dev/cu.usbserial-58870137921,"RX,2035235,R35,TXE,N61,181,371382,C,1,0.81,0.78,5,U,-50,9.75"
2026-07-11T14:22:59.812+00:00,/dev/cu.usbserial-58870137921,"RX,2035342,R35,TXI,N121,90,371481,E,1,0.87,0.84,5,U,-43,9.50"
2026-07-11T14:22:59.955+00:00,/dev/cu.usbserial-58870137921,"RX,2035485,R35,TXA,N01,369,371627,B,0,0.20,0.18,5,F,-37,9.50"
2026-07-11T14:23:00.100+00:00,/dev/cu.usbserial-58870137921,"RX,2035630,R35,TXK,N151,185,371764,C,1,0.81,0.78,5,U,-48,9.75"
2026-07-11T14:23:00.705+00:00,/dev/cu.usbserial-58870137921,"RX,2036236,R35,TXC,N31,91,372381,G,0,0.93,0.90,5,U,-43,9.50"
2026-07-11T14:23:00.954+00:00,/dev/cu.usbserial-58870137921,"RX,2036485,R35,TXA,N01,370,372627,C,1,0.81,0.78,5,F,-38,9.50"
2026-07-11T14:23:01.221+00:00,/dev/cu.usbserial-58870137921,"RX,2036752,R35,TXB,N16,184,372893,A,1,0.75,0.72,5,U,-60,9.75"
2026-07-11T14:23:01.705+00:00,/dev/cu.usbserial-58870137921,"RX,2037235,R35,TXE,N61,182,373382,E,1,0.87,0.84,5,U,-50,9.75"
2026-07-11T14:23:01.811+00:00,/dev/cu.usbserial-58870137921,"RX,2037342,R35,TXI,N121,91,373481,G,0,0.93,0.90,5,U,-43,9.75"
2026-07-11T14:23:01.955+00:00,/dev/cu.usbserial-58870137921,"RX,2037485,R35,TXA,N01,371,373627,D,1,0.24,0.22,5,F,-37,10.00"
2026-07-11T14:23:02.100+00:00,/dev/cu.usbserial-58870137921,"RX,2037630,R35,TXK,N151,186,373764,E,0,0.87,0.84,5,U,-48,9.75"
2026-07-11T14:23:02.955+00:00,/dev/cu.usbserial-58870137921,"RX,2038485,R35,TXA,N01,372,374627,E,0,0.87,0.84,5,F,-37,9.50"
2026-07-11T14:23:03.221+00:00,/dev/cu.usbserial-58870137921,"RX,2038752,R35,TXB,N16,185,374893,C,1,0.81,0.78,5,U,-60,10.00"
2026-07-11T14:23:03.705+00:00,/dev/cu.usbserial-58870137921,"RX,2039235,R35,TXE,N61,183,375382,G,0,0.93,0.90,5,U,-50,9.50"
2026-07-11T14:23:03.955+00:00,/dev/cu.usbserial-58870137921,"RX,2039485,R35,TXA,N01,373,375627,F,1,0.28,0.26,5,F,-37,9.75"
2026-07-11T14:23:04.099+00:00,/dev/cu.usbserial-58870137921,"RX,2039630,R35,TXK,N151,187,375764,G,1,0.93,0.90,5,U,-49,9.75"
2026-07-11T14:23:04.452+00:00,/dev/cu.usbserial-58870137921,"RX,2039983,R35,TXF,N76,92,376131,E,0,0.87,0.84,5,U,-44,9.50"
2026-07-11T14:23:04.757+00:00,/dev/cu.usbserial-58870137921,"RX,2040288,R35,TXD,N46,46,376431,G,1,0.93,0.90,5,U,-42,9.75"
2026-07-11T14:23:04.955+00:00,/dev/cu.usbserial-58870137921,"RX,2040485,R35,TXA,N01,374,376627,G,1,0.93,0.90,5,F,-37,9.75"
2026-07-11T14:23:05.221+00:00,/dev/cu.usbserial-58870137921,"RX,2040752,R35,TXB,N16,186,376893,E,0,0.87,0.84,5,U,-60,9.50"
2026-07-11T14:23:05.402+00:00,/dev/cu.usbserial-58870137921,"RX,2040933,R35,TXG,N91,45,377080,G,0,0.93,0.90,5,U,-48,9.25"
2026-07-11T14:23:05.705+00:00,/dev/cu.usbserial-58870137921,"RX,2041235,R35,TXE,N61,184,377382,A,1,0.75,0.72,5,U,-49,9.00"
2026-07-11T14:23:05.954+00:00,/dev/cu.usbserial-58870137921,"RX,2041485,R35,TXA,N01,375,377627,H,0,0.32,0.30,5,F,-37,9.25"
2026-07-11T14:23:06.099+00:00,/dev/cu.usbserial-58870137921,"RX,2041630,R35,TXK,N151,188,377764,A,1,0.75,0.72,5,U,-48,10.50"
2026-07-11T14:23:06.452+00:00,/dev/cu.usbserial-58870137921,"RX,2041983,R35,TXF,N76,93,378131,G,1,0.93,0.90,5,U,-45,9.75"
2026-07-11T14:23:06.611+00:00,/dev/cu.usbserial-58870137921,"RX,2042142,R35,TXJ,N136,45,378280,G,0,0.93,0.90,5,U,-43,9.50"
2026-07-11T14:23:06.705+00:00,/dev/cu.usbserial-58870137921,"RX,2042236,R35,TXC,N31,92,378381,E,0,0.87,0.84,5,U,-43,9.50"
2026-07-11T14:23:06.956+00:00,/dev/cu.usbserial-58870137921,"RX,2042485,R35,TXA,N01,376,378627,A,1,0.75,0.72,5,F,-37,9.50"
2026-07-11T14:23:07.221+00:00,/dev/cu.usbserial-58870137921,"RX,2042752,R35,TXB,N16,187,378893,G,1,0.93,0.90,5,U,-61,9.50"
2026-07-11T14:23:07.705+00:00,/dev/cu.usbserial-58870137921,"RX,2043235,R35,TXE,N61,185,379382,C,1,0.81,0.78,5,U,-49,9.50"
2026-07-11T14:23:07.811+00:00,/dev/cu.usbserial-58870137921,"RX,2043342,R35,TXI,N121,92,379481,E,0,0.87,0.84,5,U,-43,9.75"
2026-07-11T14:23:07.955+00:00,/dev/cu.usbserial-58870137921,"RX,2043485,R35,TXA,N01,377,379627,B,1,0.20,0.18,5,F,-37,9.50"
2026-07-11T14:23:08.100+00:00,/dev/cu.usbserial-58870137921,"RX,2043630,R35,TXK,N151,189,379764,C,0,0.81,0.78,5,U,-49,9.75"
2026-07-11T14:23:08.706+00:00,/dev/cu.usbserial-58870137921,"RX,2044236,R35,TXC,N31,93,380381,G,1,0.93,0.90,5,U,-43,9.75"
2026-07-11T14:23:08.955+00:00,/dev/cu.usbserial-58870137921,"RX,2044485,R35,TXA,N01,378,380627,C,0,0.81,0.78,5,F,-38,9.50"
2026-07-11T14:23:09.221+00:00,/dev/cu.usbserial-58870137921,"RX,2044752,R35,TXB,N16,188,380893,A,1,0.75,0.72,5,U,-60,10.00"
2026-07-11T14:23:09.705+00:00,/dev/cu.usbserial-58870137921,"RX,2045235,R35,TXE,N61,186,381382,E,0,0.87,0.84,5,U,-49,9.50"
2026-07-11T14:23:09.811+00:00,/dev/cu.usbserial-58870137921,"RX,2045342,R35,TXI,N121,93,381481,G,1,0.93,0.90,5,U,-44,9.75"
2026-07-11T14:23:09.955+00:00,/dev/cu.usbserial-58870137921,"RX,2045485,R35,TXA,N01,379,381627,D,1,0.24,0.22,5,F,-37,10.00"
2026-07-11T14:23:10.099+00:00,/dev/cu.usbserial-58870137921,"RX,2045630,R35,TXK,N151,190,381764,E,1,0.87,0.84,5,U,-49,10.25"
2026-07-11T14:23:10.955+00:00,/dev/cu.usbserial-58870137921,"RX,2046485,R35,TXA,N01,380,382627,E,1,0.87,0.84,5,F,-37,9.75"
2026-07-11T14:23:11.221+00:00,/dev/cu.usbserial-58870137921,"RX,2046752,R35,TXB,N16,189,382893,C,0,0.81,0.78,5,U,-60,9.75"
2026-07-11T14:23:11.705+00:00,/dev/cu.usbserial-58870137921,"RX,2047235,R35,TXE,N61,187,383382,G,1,0.93,0.90,5,U,-49,10.00"
2026-07-11T14:23:11.955+00:00,/dev/cu.usbserial-58870137921,"RX,2047485,R35,TXA,N01,381,383627,F,0,0.28,0.26,5,F,-37,9.25"
2026-07-11T14:23:12.100+00:00,/dev/cu.usbserial-58870137921,"RX,2047630,R35,TXK,N151,191,383764,G,1,0.93,0.90,5,U,-49,10.00"
2026-07-11T14:23:12.452+00:00,/dev/cu.usbserial-58870137921,"RX,2047983,R35,TXF,N76,94,384131,E,1,0.87,0.84,5,U,-44,9.25"
2026-07-11T14:23:12.757+00:00,/dev/cu.usbserial-58870137921,"RX,2048288,R35,TXD,N46,47,384431,G,1,0.93,0.90,5,U,-41,10.00"
2026-07-11T14:23:12.955+00:00,/dev/cu.usbserial-58870137921,"RX,2048485,R35,TXA,N01,382,384627,G,1,0.93,0.90,5,F,-37,9.75"
2026-07-11T14:23:13.221+00:00,/dev/cu.usbserial-58870137921,"RX,2048752,R35,TXB,N16,190,384893,E,1,0.87,0.84,5,U,-60,9.75"
2026-07-11T14:23:13.402+00:00,/dev/cu.usbserial-58870137921,"RX,2048933,R35,TXG,N91,46,385080,G,1,0.93,0.90,5,U,-49,9.25"
2026-07-11T14:23:13.705+00:00,/dev/cu.usbserial-58870137921,"RX,2049235,R35,TXE,N61,188,385382,A,1,0.75,0.72,5,U,-50,9.50"
2026-07-11T14:23:13.955+00:00,/dev/cu.usbserial-58870137921,"RX,2049485,R35,TXA,N01,383,385627,H,1,0.32,0.30,5,F,-37,9.25"
2026-07-11T14:23:14.105+00:00,/dev/cu.usbserial-58870137921,"RX,2049630,R35,TXK,N151,192,385764,A,1,0.75,0.72,5,U,-50,9.75"
2026-07-11T14:23:14.452+00:00,/dev/cu.usbserial-58870137921,"RX,2049983,R35,TXF,N76,95,386131,G,1,0.93,0.90,5,U,-44,10.00"
2026-07-11T14:23:14.611+00:00,/dev/cu.usbserial-58870137921,"RX,2050141,R35,TXJ,N136,46,386280,G,1,0.93,0.90,5,U,-43,9.75"
2026-07-11T14:23:14.705+00:00,/dev/cu.usbserial-58870137921,"RX,2050236,R35,TXC,N31,94,386381,E,1,0.87,0.84,5,U,-44,9.50"
2026-07-11T14:23:14.955+00:00,/dev/cu.usbserial-58870137921,"RX,2050485,R35,TXA,N01,384,386627,A,1,0.75,0.72,5,F,-37,9.50"
2026-07-11T14:23:15.221+00:00,/dev/cu.usbserial-58870137921,"RX,2050752,R35,TXB,N16,191,386893,G,1,0.93,0.90,5,U,-60,9.75"
2026-07-11T14:23:15.705+00:00,/dev/cu.usbserial-58870137921,"RX,2051235,R35,TXE,N61,189,387382,C,0,0.81,0.78,5,U,-50,9.75"
2026-07-11T14:23:15.811+00:00,/dev/cu.usbserial-58870137921,"RX,2051342,R35,TXI,N121,94,387481,E,1,0.87,0.84,5,U,-44,9.50"
2026-07-11T14:23:15.955+00:00,/dev/cu.usbserial-58870137921,"RX,2051485,R35,TXA,N01,385,387627,B,0,0.20,0.18,5,F,-37,9.25"
2026-07-11T14:23:16.100+00:00,/dev/cu.usbserial-58870137921,"RX,2051630,R35,TXK,N151,193,387764,C,1,0.81,0.78,5,U,-49,9.75"
2026-07-11T14:23:16.706+00:00,/dev/cu.usbserial-58870137921,"RX,2052236,R35,TXC,N31,95,388381,G,1,0.93,0.90,5,U,-44,9.25"
2026-07-11T14:23:16.954+00:00,/dev/cu.usbserial-58870137921,"RX,2052485,R35,TXA,N01,386,388627,C,1,0.81,0.78,5,F,-37,9.50"
2026-07-11T14:23:17.221+00:00,/dev/cu.usbserial-58870137921,"RX,2052752,R35,TXB,N16,192,388893,A,1,0.75,0.72,5,U,-60,10.00"
2026-07-11T14:23:17.705+00:00,/dev/cu.usbserial-58870137921,"RX,2053235,R35,TXE,N61,190,389382,E,1,0.87,0.84,5,U,-50,9.75"
2026-07-11T14:23:17.811+00:00,/dev/cu.usbserial-58870137921,"RX,2053342,R35,TXI,N121,95,389481,G,1,0.93,0.90,5,U,-44,9.50"
2026-07-11T14:23:17.954+00:00,/dev/cu.usbserial-58870137921,"RX,2053485,R35,TXA,N01,387,389627,D,1,0.24,0.22,5,F,-37,9.75"
2026-07-11T14:23:18.099+00:00,/dev/cu.usbserial-58870137921,"RX,2053630,R35,TXK,N151,194,389764,E,0,0.87,0.84,5,U,-50,10.25"
2026-07-11T14:23:18.955+00:00,/dev/cu.usbserial-58870137921,"RX,2054485,R35,TXA,N01,388,390627,E,0,0.87,0.84,5,F,-37,9.50"
2026-07-11T14:23:19.222+00:00,/dev/cu.usbserial-58870137921,"RX,2054752,R35,TXB,N16,193,390893,C,1,0.81,0.78,5,U,-61,10.00"
2026-07-11T14:23:19.705+00:00,/dev/cu.usbserial-58870137921,"RX,2055235,R35,TXE,N61,191,391382,G,1,0.93,0.90,5,U,-50,10.00"
2026-07-11T14:23:19.955+00:00,/dev/cu.usbserial-58870137921,"RX,2055485,R35,TXA,N01,389,391627,F,1,0.28,0.26,5,F,-37,9.25"
2026-07-11T14:23:20.064+00:00,/dev/cu.usbserial-58870137921,"RX,2055594,R35,TXH,N106,24,391742,G,1,0.93,0.90,5,U,-35,4.25"
2026-07-11T14:23:20.246+00:00,/dev/cu.usbserial-58870137921,"RX,2055776,R35,TXL,N166,24,391916,G,1,0.93,0.90,5,U,-44,9.50"
2026-07-11T14:23:20.452+00:00,/dev/cu.usbserial-58870137921,"RX,2055983,R35,TXF,N76,96,392131,E,0,0.87,0.84,5,U,-44,9.25"
2026-07-11T14:23:20.757+00:00,/dev/cu.usbserial-58870137921,"RX,2056288,R35,TXD,N46,48,392431,G,1,0.93,0.90,5,U,-42,9.75"
2026-07-11T14:23:20.954+00:00,/dev/cu.usbserial-58870137921,"RX,2056485,R35,TXA,N01,390,392627,G,1,0.93,0.90,5,F,-37,9.50"
2026-07-11T14:23:21.221+00:00,/dev/cu.usbserial-58870137921,"RX,2056752,R35,TXB,N16,194,392893,E,0,0.87,0.84,5,U,-60,9.75"
2026-07-11T14:23:21.402+00:00,/dev/cu.usbserial-58870137921,"RX,2056933,R35,TXG,N91,47,393080,G,1,0.93,0.90,5,U,-48,9.75"
2026-07-11T14:23:21.705+00:00,/dev/cu.usbserial-58870137921,"RX,2057235,R35,TXE,N61,192,393382,A,1,0.75,0.72,5,U,-49,9.50"
2026-07-11T14:23:21.954+00:00,/dev/cu.usbserial-58870137921,"RX,2057485,R35,TXA,N01,391,393627,H,0,0.32,0.30,5,F,-37,9.75"
2026-07-11T14:23:22.099+00:00,/dev/cu.usbserial-58870137921,"RX,2057630,R35,TXK,N151,196,393764,A,1,0.75,0.72,5,U,-48,10.00"
2026-07-11T14:23:22.452+00:00,/dev/cu.usbserial-58870137921,"RX,2057983,R35,TXF,N76,97,394131,G,1,0.93,0.90,5,U,-45,9.75"
2026-07-11T14:23:22.611+00:00,/dev/cu.usbserial-58870137921,"RX,2058141,R35,TXJ,N136,47,394280,G,1,0.93,0.90,5,U,-43,9.50"
2026-07-11T14:23:22.705+00:00,/dev/cu.usbserial-58870137921,"RX,2058236,R35,TXC,N31,96,394381,E,0,0.87,0.84,5,U,-44,9.25"
2026-07-11T14:23:22.955+00:00,/dev/cu.usbserial-58870137921,"RX,2058485,R35,TXA,N01,392,394627,A,1,0.75,0.72,5,F,-38,9.50"
2026-07-11T14:23:23.222+00:00,/dev/cu.usbserial-58870137921,"RX,2058752,R35,TXB,N16,195,394893,G,1,0.93,0.90,5,U,-61,9.50"
2026-07-11T14:23:23.705+00:00,/dev/cu.usbserial-58870137921,"RX,2059235,R35,TXE,N61,193,395382,C,1,0.81,0.78,5,U,-49,9.50"
2026-07-11T14:23:23.811+00:00,/dev/cu.usbserial-58870137921,"RX,2059342,R35,TXI,N121,96,395481,E,0,0.87,0.84,5,U,-43,9.75"
2026-07-11T14:23:23.955+00:00,/dev/cu.usbserial-58870137921,"RX,2059485,R35,TXA,N01,393,395627,B,1,0.20,0.18,5,F,-37,9.50"
2026-07-11T14:23:24.099+00:00,/dev/cu.usbserial-58870137921,"RX,2059630,R35,TXK,N151,197,395764,C,0,0.81,0.78,5,U,-49,10.00"
2026-07-11T14:23:24.706+00:00,/dev/cu.usbserial-58870137921,"RX,2060236,R35,TXC,N31,97,396381,G,1,0.93,0.90,5,U,-44,9.50"
2026-07-11T14:23:24.954+00:00,/dev/cu.usbserial-58870137921,"RX,2060485,R35,TXA,N01,394,396627,C,0,0.81,0.78,5,F,-37,9.00"
2026-07-11T14:23:25.221+00:00,/dev/cu.usbserial-58870137921,"RX,2060752,R35,TXB,N16,196,396893,A,1,0.75,0.72,5,U,-61,10.00"
2026-07-11T14:23:25.705+00:00,/dev/cu.usbserial-58870137921,"RX,2061235,R35,TXE,N61,194,397382,E,0,0.87,0.84,5,U,-49,9.75"
2026-07-11T14:23:25.811+00:00,/dev/cu.usbserial-58870137921,"RX,2061342,R35,TXI,N121,97,397481,G,1,0.93,0.90,5,U,-43,9.75"
2026-07-11T14:23:25.954+00:00,/dev/cu.usbserial-58870137921,"RX,2061485,R35,TXA,N01,395,397627,D,1,0.24,0.22,5,F,-37,9.75"
2026-07-11T14:23:26.099+00:00,/dev/cu.usbserial-58870137921,"RX,2061630,R35,TXK,N151,198,397764,E,1,0.87,0.84,5,U,-48,10.25"
2026-07-11T14:23:26.955+00:00,/dev/cu.usbserial-58870137921,"RX,2062485,R35,TXA,N01,396,398627,E,1,0.87,0.84,5,F,-37,9.25"
2026-07-11T14:23:27.221+00:00,/dev/cu.usbserial-58870137921,"RX,2062752,R35,TXB,N16,197,398893,C,0,0.81,0.78,5,U,-60,10.00"
2026-07-11T14:23:27.705+00:00,/dev/cu.usbserial-58870137921,"RX,2063235,R35,TXE,N61,195,399382,G,1,0.93,0.90,5,U,-50,9.50"
2026-07-11T14:23:27.954+00:00,/dev/cu.usbserial-58870137921,"RX,2063485,R35,TXA,N01,397,399627,F,0,0.28,0.26,5,F,-38,9.50"
2026-07-11T14:23:28.064+00:00,/dev/cu.usbserial-58870137921,"RX,2063594,R35,TXH,N106,25,399742,G,1,0.93,0.90,5,U,-35,4.50"
2026-07-11T14:23:28.246+00:00,/dev/cu.usbserial-58870137921,"RX,2063776,R35,TXL,N166,25,399916,G,1,0.93,0.90,5,U,-44,9.75"
2026-07-11T14:23:28.452+00:00,/dev/cu.usbserial-58870137921,"RX,2063983,R35,TXF,N76,98,400131,E,1,0.87,0.84,5,U,-44,9.75"
2026-07-11T14:23:28.757+00:00,/dev/cu.usbserial-58870137921,"RX,2064288,R35,TXD,N46,49,400431,G,1,0.93,0.90,5,U,-42,9.75"
2026-07-11T14:23:28.955+00:00,/dev/cu.usbserial-58870137921,"RX,2064485,R35,TXA,N01,398,400627,G,1,0.93,0.90,5,F,-37,9.00"
2026-07-11T14:23:29.221+00:00,/dev/cu.usbserial-58870137921,"RX,2064752,R35,TXB,N16,198,400893,E,1,0.87,0.84,5,U,-60,9.75"
2026-07-11T14:23:29.402+00:00,/dev/cu.usbserial-58870137921,"RX,2064933,R35,TXG,N91,48,401080,G,1,0.93,0.90,5,U,-48,9.50"
2026-07-11T14:23:29.705+00:00,/dev/cu.usbserial-58870137921,"RX,2065235,R35,TXE,N61,196,401382,A,1,0.75,0.72,5,U,-50,9.50"
2026-07-11T14:23:29.954+00:00,/dev/cu.usbserial-58870137921,"RX,2065485,R35,TXA,N01,399,401627,H,1,0.32,0.30,5,F,-37,9.75"
2026-07-11T14:23:30.100+00:00,/dev/cu.usbserial-58870137921,"RX,2065630,R35,TXK,N151,200,401764,A,0,0.75,0.72,5,U,-50,9.75"
2026-07-11T14:23:30.452+00:00,/dev/cu.usbserial-58870137921,"RX,2065983,R35,TXF,N76,99,402131,G,1,0.93,0.90,5,U,-45,9.50"
2026-07-11T14:23:30.611+00:00,/dev/cu.usbserial-58870137921,"RX,2066141,R35,TXJ,N136,48,402280,G,1,0.93,0.90,5,U,-43,10.00"
2026-07-11T14:23:30.705+00:00,/dev/cu.usbserial-58870137921,"RX,2066236,R35,TXC,N31,98,402381,E,1,0.87,0.84,5,U,-44,9.25"
2026-07-11T14:23:30.954+00:00,/dev/cu.usbserial-58870137921,"RX,2066485,R35,TXA,N01,400,402627,A,0,0.75,0.72,5,F,-37,8.75"
2026-07-11T14:23:31.221+00:00,/dev/cu.usbserial-58870137921,"RX,2066752,R35,TXB,N16,199,402893,G,1,0.93,0.90,5,U,-61,9.50"
2026-07-11T14:23:31.705+00:00,/dev/cu.usbserial-58870137921,"RX,2067235,R35,TXE,N61,197,403382,C,0,0.81,0.78,5,U,-50,9.00"
2026-07-11T14:23:31.811+00:00,/dev/cu.usbserial-58870137921,"RX,2067342,R35,TXI,N121,98,403481,E,1,0.87,0.84,5,U,-44,9.50"
2026-07-11T14:23:31.954+00:00,/dev/cu.usbserial-58870137921,"RX,2067485,R35,TXA,N01,401,403627,B,1,0.20,0.18,5,F,-37,9.50"
2026-07-11T14:23:32.099+00:00,/dev/cu.usbserial-58870137921,"RX,2067630,R35,TXK,N151,201,403764,C,1,0.81,0.78,5,U,-50,9.75"
2026-07-11T14:23:32.705+00:00,/dev/cu.usbserial-58870137921,"RX,2068236,R35,TXC,N31,99,404381,G,1,0.93,0.90,5,U,-43,9.75"
2026-07-11T14:23:32.954+00:00,/dev/cu.usbserial-58870137921,"RX,2068485,R35,TXA,N01,402,404627,C,1,0.81,0.78,5,F,-37,9.25"
2026-07-11T14:23:33.222+00:00,/dev/cu.usbserial-58870137921,"RX,2068752,R35,TXB,N16,200,404893,A,0,0.75,0.72,5,U,-60,10.00"
2026-07-11T14:23:33.704+00:00,/dev/cu.usbserial-58870137921,"RX,2069235,R35,TXE,N61,198,405382,E,1,0.87,0.84,5,U,-50,9.50"
2026-07-11T14:23:33.811+00:00,/dev/cu.usbserial-58870137921,"RX,2069342,R35,TXI,N121,99,405481,G,1,0.93,0.90,5,U,-43,9.50"
2026-07-11T14:23:33.954+00:00,/dev/cu.usbserial-58870137921,"RX,2069485,R35,TXA,N01,403,405627,D,0,0.24,0.22,5,F,-37,10.00"
2026-07-11T14:23:34.099+00:00,/dev/cu.usbserial-58870137921,"RX,2069630,R35,TXK,N151,202,405764,E,1,0.87,0.84,5,U,-48,10.00"
2026-07-11T14:23:34.955+00:00,/dev/cu.usbserial-58870137921,"RX,2070485,R35,TXA,N01,404,406627,E,1,0.87,0.84,5,F,-38,9.75"
2026-07-11T14:23:35.221+00:00,/dev/cu.usbserial-58870137921,"RX,2070752,R35,TXB,N16,201,406893,C,1,0.81,0.78,5,U,-61,9.50"
2026-07-11T14:23:35.705+00:00,/dev/cu.usbserial-58870137921,"RX,2071235,R35,TXE,N61,199,407382,G,1,0.93,0.90,5,U,-49,9.50"
2026-07-11T14:23:35.954+00:00,/dev/cu.usbserial-58870137921,"RX,2071485,R35,TXA,N01,405,407627,F,1,0.28,0.26,5,F,-37,9.75"
2026-07-11T14:23:36.064+00:00,/dev/cu.usbserial-58870137921,"RX,2071594,R35,TXH,N106,26,407742,G,0,0.93,0.90,5,U,-36,4.50"
2026-07-11T14:23:36.246+00:00,/dev/cu.usbserial-58870137921,"RX,2071776,R35,TXL,N166,26,407916,G,0,0.93,0.90,5,U,-44,9.25"
2026-07-11T14:23:36.452+00:00,/dev/cu.usbserial-58870137921,"RX,2071983,R35,TXF,N76,100,408131,E,1,0.87,0.84,5,U,-44,10.00"
2026-07-11T14:23:36.757+00:00,/dev/cu.usbserial-58870137921,"RX,2072288,R35,TXD,N46,50,408431,G,0,0.93,0.90,5,U,-42,9.75"
2026-07-11T14:23:36.954+00:00,/dev/cu.usbserial-58870137921,"RX,2072485,R35,TXA,N01,406,408627,G,0,0.93,0.90,5,F,-37,10.00"
2026-07-11T14:23:37.221+00:00,/dev/cu.usbserial-58870137921,"RX,2072752,R35,TXB,N16,202,408893,E,1,0.87,0.84,5,U,-61,9.50"
2026-07-11T14:23:37.402+00:00,/dev/cu.usbserial-58870137921,"RX,2072933,R35,TXG,N91,49,409080,G,1,0.93,0.90,5,U,-48,9.75"
2026-07-11T14:23:37.705+00:00,/dev/cu.usbserial-58870137921,"RX,2073235,R35,TXE,N61,200,409382,A,0,0.75,0.72,5,U,-50,9.75"
2026-07-11T14:23:37.955+00:00,/dev/cu.usbserial-58870137921,"RX,2073485,R35,TXA,N01,407,409627,H,1,0.32,0.30,5,F,-35,9.50"
2026-07-11T14:23:38.099+00:00,/dev/cu.usbserial-58870137921,"RX,2073630,R35,TXK,N151,204,409764,A,1,0.75,0.72,5,U,-50,9.75"
2026-07-11T14:23:38.452+00:00,/dev/cu.usbserial-58870137921,"RX,2073983,R35,TXF,N76,101,410131,G,0,0.93,0.90,5,U,-44,9.75"
2026-07-11T14:23:38.611+00:00,/dev/cu.usbserial-58870137921,"RX,2074141,R35,TXJ,N136,49,410280,G,1,0.93,0.90,5,U,-43,9.75"
2026-07-11T14:23:38.705+00:00,/dev/cu.usbserial-58870137921,"RX,2074236,R35,TXC,N31,100,410381,E,1,0.87,0.84,5,U,-43,9.75"
2026-07-11T14:23:38.954+00:00,/dev/cu.usbserial-58870137921,"RX,2074485,R35,TXA,N01,408,410627,A,1,0.75,0.72,5,F,-37,9.00"
2026-07-11T14:23:39.221+00:00,/dev/cu.usbserial-58870137921,"RX,2074752,R35,TXB,N16,203,410893,G,0,0.93,0.90,5,U,-61,9.75"
2026-07-11T14:23:39.705+00:00,/dev/cu.usbserial-58870137921,"RX,2075235,R35,TXE,N61,201,411382,C,1,0.81,0.78,5,U,-48,9.75"
2026-07-11T14:23:39.816+00:00,/dev/cu.usbserial-58870137921,"RX,2075347,R35,TXI,N121,100,411481,E,1,0.87,0.84,5,U,-44,10.00"
2026-07-11T14:23:39.954+00:00,/dev/cu.usbserial-58870137921,"RX,2075485,R35,TXA,N01,409,411627,B,0,0.20,0.18,5,F,-37,9.50"
2026-07-11T14:23:40.099+00:00,/dev/cu.usbserial-58870137921,"RX,2075630,R35,TXK,N151,205,411764,C,1,0.81,0.78,5,U,-49,10.00"
2026-07-11T14:23:40.705+00:00,/dev/cu.usbserial-58870137921,"RX,2076236,R35,TXC,N31,101,412381,G,0,0.93,0.90,5,U,-43,9.50"
2026-07-11T14:23:40.954+00:00,/dev/cu.usbserial-58870137921,"RX,2076485,R35,TXA,N01,410,412627,C,1,0.81,0.78,5,F,-37,9.50"
2026-07-11T14:23:41.221+00:00,/dev/cu.usbserial-58870137921,"RX,2076752,R35,TXB,N16,204,412893,A,1,0.75,0.72,5,U,-60,9.50"
2026-07-11T14:23:41.705+00:00,/dev/cu.usbserial-58870137921,"RX,2077235,R35,TXE,N61,202,413382,E,1,0.87,0.84,5,U,-49,9.75"
2026-07-11T14:23:41.816+00:00,/dev/cu.usbserial-58870137921,"RX,2077347,R35,TXI,N121,101,413481,G,0,0.93,0.90,5,U,-43,9.50"
2026-07-11T14:23:41.954+00:00,/dev/cu.usbserial-58870137921,"RX,2077485,R35,TXA,N01,411,413627,D,1,0.24,0.22,5,F,-36,11.25"
2026-07-11T14:23:42.099+00:00,/dev/cu.usbserial-58870137921,"RX,2077630,R35,TXK,N151,206,413764,E,0,0.87,0.84,5,U,-51,10.00"
2026-07-11T14:23:42.954+00:00,/dev/cu.usbserial-58870137921,"RX,2078485,R35,TXA,N01,412,414627,E,0,0.87,0.84,5,F,-37,9.25"
2026-07-11T14:23:43.221+00:00,/dev/cu.usbserial-58870137921,"RX,2078752,R35,TXB,N16,205,414893,C,1,0.81,0.78,5,U,-60,9.75"
2026-07-11T14:23:43.705+00:00,/dev/cu.usbserial-58870137921,"RX,2079235,R35,TXE,N61,203,415382,G,0,0.93,0.90,5,U,-50,9.50"
2026-07-11T14:23:43.954+00:00,/dev/cu.usbserial-58870137921,"RX,2079485,R35,TXA,N01,413,415627,F,1,0.28,0.26,5,F,-38,9.75"
2026-07-11T14:23:44.064+00:00,/dev/cu.usbserial-58870137921,"RX,2079594,R35,TXH,N106,27,415742,G,1,0.93,0.90,5,U,-35,5.75"
2026-07-11T14:23:44.246+00:00,/dev/cu.usbserial-58870137921,"RX,2079776,R35,TXL,N166,27,415916,G,1,0.93,0.90,5,U,-45,9.50"
2026-07-11T14:23:44.452+00:00,/dev/cu.usbserial-58870137921,"RX,2079983,R35,TXF,N76,102,416131,E,0,0.87,0.84,5,U,-43,9.75"
2026-07-11T14:23:44.757+00:00,/dev/cu.usbserial-58870137921,"RX,2080288,R35,TXD,N46,51,416431,G,1,0.93,0.90,5,U,-41,9.25"
2026-07-11T14:23:44.954+00:00,/dev/cu.usbserial-58870137921,"RX,2080485,R35,TXA,N01,414,416627,G,1,0.93,0.90,5,F,-37,9.50"
2026-07-11T14:23:45.221+00:00,/dev/cu.usbserial-58870137921,"RX,2080752,R35,TXB,N16,206,416893,E,0,0.87,0.84,5,U,-59,9.50"
2026-07-11T14:23:45.402+00:00,/dev/cu.usbserial-58870137921,"RX,2080933,R35,TXG,N91,50,417080,G,0,0.93,0.90,5,U,-48,9.75"
2026-07-11T14:23:45.705+00:00,/dev/cu.usbserial-58870137921,"RX,2081235,R35,TXE,N61,204,417382,A,1,0.75,0.72,5,U,-50,9.25"
2026-07-11T14:23:45.954+00:00,/dev/cu.usbserial-58870137921,"RX,2081485,R35,TXA,N01,415,417627,H,0,0.32,0.30,5,F,-37,9.50"
2026-07-11T14:23:46.099+00:00,/dev/cu.usbserial-58870137921,"RX,2081630,R35,TXK,N151,208,417764,A,1,0.75,0.72,5,U,-50,10.00"
2026-07-11T14:23:46.452+00:00,/dev/cu.usbserial-58870137921,"RX,2081983,R35,TXF,N76,103,418131,G,1,0.93,0.90,5,U,-44,9.50"
2026-07-11T14:23:46.611+00:00,/dev/cu.usbserial-58870137921,"RX,2082141,R35,TXJ,N136,50,418280,G,0,0.93,0.90,5,U,-44,9.50"
2026-07-11T14:23:46.705+00:00,/dev/cu.usbserial-58870137921,"RX,2082236,R35,TXC,N31,102,418381,E,0,0.87,0.84,5,U,-44,9.75"
2026-07-11T14:23:46.954+00:00,/dev/cu.usbserial-58870137921,"RX,2082485,R35,TXA,N01,416,418627,A,1,0.75,0.72,5,F,-37,9.50"
2026-07-11T14:23:47.221+00:00,/dev/cu.usbserial-58870137921,"RX,2082752,R35,TXB,N16,207,418893,G,1,0.93,0.90,5,U,-60,10.00"
2026-07-11T14:23:47.705+00:00,/dev/cu.usbserial-58870137921,"RX,2083235,R35,TXE,N61,205,419382,C,1,0.81,0.78,5,U,-50,9.50"
2026-07-11T14:23:47.815+00:00,/dev/cu.usbserial-58870137921,"RX,2083347,R35,TXI,N121,102,419481,E,0,0.87,0.84,5,U,-43,10.25"
2026-07-11T14:23:47.954+00:00,/dev/cu.usbserial-58870137921,"RX,2083485,R35,TXA,N01,417,419627,B,1,0.20,0.18,5,F,-37,11.50"
2026-07-11T14:23:48.099+00:00,/dev/cu.usbserial-58870137921,"RX,2083630,R35,TXK,N151,209,419764,C,0,0.81,0.78,5,U,-50,10.00"
2026-07-11T14:23:48.705+00:00,/dev/cu.usbserial-58870137921,"RX,2084236,R35,TXC,N31,103,420381,G,1,0.93,0.90,5,U,-43,9.75"
2026-07-11T14:23:48.954+00:00,/dev/cu.usbserial-58870137921,"RX,2084485,R35,TXA,N01,418,420627,C,0,0.81,0.78,5,F,-37,10.00"
2026-07-11T14:23:49.221+00:00,/dev/cu.usbserial-58870137921,"RX,2084752,R35,TXB,N16,208,420893,A,1,0.75,0.72,5,U,-60,10.25"
2026-07-11T14:23:49.705+00:00,/dev/cu.usbserial-58870137921,"RX,2085235,R35,TXE,N61,206,421382,E,0,0.87,0.84,5,U,-50,9.25"
2026-07-11T14:23:49.816+00:00,/dev/cu.usbserial-58870137921,"RX,2085347,R35,TXI,N121,103,421481,G,1,0.93,0.90,5,U,-43,10.00"
2026-07-11T14:23:49.954+00:00,/dev/cu.usbserial-58870137921,"RX,2085485,R35,TXA,N01,419,421627,D,1,0.24,0.22,5,F,-37,10.00"
2026-07-11T14:23:50.099+00:00,/dev/cu.usbserial-58870137921,"RX,2085630,R35,TXK,N151,210,421764,E,1,0.87,0.84,5,U,-49,9.50"
2026-07-11T14:23:50.954+00:00,/dev/cu.usbserial-58870137921,"RX,2086485,R35,TXA,N01,420,422627,E,1,0.87,0.84,5,F,-37,9.50"
2026-07-11T14:23:51.221+00:00,/dev/cu.usbserial-58870137921,"RX,2086752,R35,TXB,N16,209,422893,C,0,0.81,0.78,5,U,-60,10.00"
2026-07-11T14:23:51.705+00:00,/dev/cu.usbserial-58870137921,"RX,2087235,R35,TXE,N61,207,423382,G,1,0.93,0.90,5,U,-50,9.50"
2026-07-11T14:23:51.954+00:00,/dev/cu.usbserial-58870137921,"RX,2087485,R35,TXA,N01,421,423627,F,0,0.28,0.26,5,F,-37,9.25"
2026-07-11T14:23:52.099+00:00,/dev/cu.usbserial-58870137921,"RX,2087630,R35,TXK,N151,211,423764,G,1,0.93,0.90,5,U,-50,10.25"
2026-07-11T14:23:52.452+00:00,/dev/cu.usbserial-58870137921,"RX,2087983,R35,TXF,N76,104,424131,E,1,0.87,0.84,5,U,-44,9.50"
2026-07-11T14:23:52.757+00:00,/dev/cu.usbserial-58870137921,"RX,2088288,R35,TXD,N46,52,424431,G,1,0.93,0.90,5,U,-42,10.00"
2026-07-11T14:23:52.954+00:00,/dev/cu.usbserial-58870137921,"RX,2088485,R35,TXA,N01,422,424627,G,1,0.93,0.90,5,F,-37,9.50"
2026-07-11T14:23:53.221+00:00,/dev/cu.usbserial-58870137921,"RX,2088752,R35,TXB,N16,210,424893,E,1,0.87,0.84,5,U,-61,9.50"
2026-07-11T14:23:53.402+00:00,/dev/cu.usbserial-58870137921,"RX,2088933,R35,TXG,N91,51,425080,G,1,0.93,0.90,5,U,-48,9.50"
2026-07-11T14:23:53.705+00:00,/dev/cu.usbserial-58870137921,"RX,2089235,R35,TXE,N61,208,425382,A,1,0.75,0.72,5,U,-50,9.75"
2026-07-11T14:23:53.954+00:00,/dev/cu.usbserial-58870137921,"RX,2089485,R35,TXA,N01,423,425627,H,1,0.32,0.30,5,F,-37,9.75"
2026-07-11T14:23:54.099+00:00,/dev/cu.usbserial-58870137921,"RX,2089630,R35,TXK,N151,212,425764,A,0,0.75,0.72,5,U,-50,10.25"
2026-07-11T14:23:54.452+00:00,/dev/cu.usbserial-58870137921,"RX,2089983,R35,TXF,N76,105,426131,G,1,0.93,0.90,5,U,-44,9.50"
2026-07-11T14:23:54.611+00:00,/dev/cu.usbserial-58870137921,"RX,2090141,R35,TXJ,N136,51,426280,G,1,0.93,0.90,5,U,-44,9.50"
2026-07-11T14:23:54.705+00:00,/dev/cu.usbserial-58870137921,"RX,2090236,R35,TXC,N31,104,426381,E,1,0.87,0.84,5,U,-44,9.50"
2026-07-11T14:23:54.954+00:00,/dev/cu.usbserial-58870137921,"RX,2090485,R35,TXA,N01,424,426627,A,0,0.75,0.72,5,F,-37,9.50"
2026-07-11T14:23:55.221+00:00,/dev/cu.usbserial-58870137921,"RX,2090752,R35,TXB,N16,211,426893,G,1,0.93,0.90,5,U,-60,10.00"
2026-07-11T14:23:55.705+00:00,/dev/cu.usbserial-58870137921,"RX,2091235,R35,TXE,N61,209,427382,C,0,0.81,0.78,5,U,-50,9.50"
2026-07-11T14:23:55.815+00:00,/dev/cu.usbserial-58870137921,"RX,2091347,R35,TXI,N121,104,427481,E,1,0.87,0.84,5,U,-44,10.50"
2026-07-11T14:23:55.954+00:00,/dev/cu.usbserial-58870137921,"RX,2091485,R35,TXA,N01,425,427627,B,1,0.20,0.18,5,F,-37,9.75"
2026-07-11T14:23:56.099+00:00,/dev/cu.usbserial-58870137921,"RX,2091630,R35,TXK,N151,213,427764,C,1,0.81,0.78,5,U,-50,10.25"
2026-07-11T14:23:56.705+00:00,/dev/cu.usbserial-58870137921,"RX,2092236,R35,TXC,N31,105,428381,G,1,0.93,0.90,5,U,-44,9.75"
2026-07-11T14:23:56.954+00:00,/dev/cu.usbserial-58870137921,"RX,2092485,R35,TXA,N01,426,428627,C,1,0.81,0.78,5,F,-37,9.50"
2026-07-11T14:23:57.221+00:00,/dev/cu.usbserial-58870137921,"RX,2092752,R35,TXB,N16,212,428893,A,0,0.75,0.72,5,U,-60,9.75"
2026-07-11T14:23:57.705+00:00,/dev/cu.usbserial-58870137921,"RX,2093235,R35,TXE,N61,210,429382,E,1,0.87,0.84,5,U,-50,10.00"
2026-07-11T14:23:57.815+00:00,/dev/cu.usbserial-58870137921,"RX,2093346,R35,TXI,N121,105,429481,G,1,0.93,0.90,5,U,-44,9.75"
2026-07-11T14:23:57.954+00:00,/dev/cu.usbserial-58870137921,"RX,2093485,R35,TXA,N01,427,429627,D,0,0.24,0.22,5,F,-37,9.75"
2026-07-11T14:23:58.099+00:00,/dev/cu.usbserial-58870137921,"RX,2093630,R35,TXK,N151,214,429764,E,1,0.87,0.84,5,U,-49,10.00"
2026-07-11T14:23:58.954+00:00,/dev/cu.usbserial-58870137921,"RX,2094485,R35,TXA,N01,428,430627,E,1,0.87,0.84,5,F,-37,9.50"
2026-07-11T14:23:59.221+00:00,/dev/cu.usbserial-58870137921,"RX,2094752,R35,TXB,N16,213,430893,C,1,0.81,0.78,5,U,-60,9.50"
2026-07-11T14:23:59.705+00:00,/dev/cu.usbserial-58870137921,"RX,2095235,R35,TXE,N61,211,431382,G,1,0.93,0.90,5,U,-50,9.75"
2026-07-11T14:23:59.954+00:00,/dev/cu.usbserial-58870137921,"RX,2095485,R35,TXA,N01,429,431627,F,1,0.28,0.26,5,F,-37,9.75"
2026-07-11T14:24:00.099+00:00,/dev/cu.usbserial-58870137921,"RX,2095630,R35,TXK,N151,215,431764,G,0,0.93,0.90,5,U,-48,10.00"
2026-07-11T14:24:00.452+00:00,/dev/cu.usbserial-58870137921,"RX,2095983,R35,TXF,N76,106,432131,E,1,0.87,0.84,5,U,-45,9.75"
2026-07-11T14:24:00.757+00:00,/dev/cu.usbserial-58870137921,"RX,2096288,R35,TXD,N46,53,432431,G,0,0.93,0.90,5,U,-42,9.00"
2026-07-11T14:24:00.954+00:00,/dev/cu.usbserial-58870137921,"RX,2096485,R35,TXA,N01,430,432627,G,0,0.93,0.90,5,F,-37,9.25"
2026-07-11T14:24:01.221+00:00,/dev/cu.usbserial-58870137921,"RX,2096752,R35,TXB,N16,214,432893,E,1,0.87,0.84,5,U,-60,9.00"
2026-07-11T14:24:01.402+00:00,/dev/cu.usbserial-58870137921,"RX,2096933,R35,TXG,N91,52,433080,G,1,0.93,0.90,5,U,-48,9.50"
2026-07-11T14:24:01.705+00:00,/dev/cu.usbserial-58870137921,"RX,2097235,R35,TXE,N61,212,433382,A,0,0.75,0.72,5,U,-50,9.25"
2026-07-11T14:24:01.954+00:00,/dev/cu.usbserial-58870137921,"RX,2097485,R35,TXA,N01,431,433627,H,1,0.32,0.30,5,F,-37,9.75"
2026-07-11T14:24:02.099+00:00,/dev/cu.usbserial-58870137921,"RX,2097630,R35,TXK,N151,216,433764,A,1,0.75,0.72,5,U,-50,10.00"
2026-07-11T14:24:02.452+00:00,/dev/cu.usbserial-58870137921,"RX,2097983,R35,TXF,N76,107,434131,G,0,0.93,0.90,5,U,-44,9.25"
2026-07-11T14:24:02.610+00:00,/dev/cu.usbserial-58870137921,"RX,2098141,R35,TXJ,N136,52,434280,G,1,0.93,0.90,5,U,-43,9.50"
2026-07-11T14:24:02.705+00:00,/dev/cu.usbserial-58870137921,"RX,2098236,R35,TXC,N31,106,434381,E,1,0.87,0.84,5,U,-44,9.50"
2026-07-11T14:24:02.954+00:00,/dev/cu.usbserial-58870137921,"RX,2098485,R35,TXA,N01,432,434627,A,1,0.75,0.72,5,F,-37,9.75"
2026-07-11T14:24:03.221+00:00,/dev/cu.usbserial-58870137921,"RX,2098752,R35,TXB,N16,215,434893,G,0,0.93,0.90,5,U,-60,9.50"
2026-07-11T14:24:03.705+00:00,/dev/cu.usbserial-58870137921,"RX,2099235,R35,TXE,N61,213,435382,C,1,0.81,0.78,5,U,-51,9.50"
2026-07-11T14:24:03.816+00:00,/dev/cu.usbserial-58870137921,"RX,2099346,R35,TXI,N121,106,435481,E,1,0.87,0.84,5,U,-43,10.00"
2026-07-11T14:24:03.954+00:00,/dev/cu.usbserial-58870137921,"RX,2099485,R35,TXA,N01,433,435627,B,0,0.20,0.18,5,F,-37,10.50"
2026-07-11T14:24:04.705+00:00,/dev/cu.usbserial-58870137921,"RX,2100236,R35,TXC,N31,107,436381,G,0,0.93,0.90,5,U,-43,9.25"
2026-07-11T14:24:04.954+00:00,/dev/cu.usbserial-58870137921,"RX,2100485,R35,TXA,N01,434,436627,C,1,0.81,0.78,5,F,-37,9.25"
2026-07-11T14:24:05.221+00:00,/dev/cu.usbserial-58870137921,"RX,2100752,R35,TXB,N16,216,436893,A,1,0.75,0.72,5,U,-60,9.75"
2026-07-11T14:24:05.704+00:00,/dev/cu.usbserial-58870137921,"RX,2101235,R35,TXE,N61,214,437382,E,1,0.87,0.84,5,U,-50,9.75"
2026-07-11T14:24:05.816+00:00,/dev/cu.usbserial-58870137921,"RX,2101346,R35,TXI,N121,107,437481,G,0,0.93,0.90,5,U,-43,10.00"
2026-07-11T14:24:05.954+00:00,/dev/cu.usbserial-58870137921,"RX,2101485,R35,TXA,N01,435,437627,D,1,0.24,0.22,5,F,-37,9.75"
2026-07-11T14:24:06.099+00:00,/dev/cu.usbserial-58870137921,"RX,2101630,R35,TXK,N151,218,437764,E,0,0.87,0.84,5,U,-48,10.00"
2026-07-11T14:24:06.954+00:00,/dev/cu.usbserial-58870137921,"RX,2102485,R35,TXA,N01,436,438627,E,0,0.87,0.84,5,F,-37,9.25"
2026-07-11T14:24:07.221+00:00,/dev/cu.usbserial-58870137921,"RX,2102752,R35,TXB,N16,217,438893,C,1,0.81,0.78,5,U,-60,9.75"
2026-07-11T14:24:07.704+00:00,/dev/cu.usbserial-58870137921,"RX,2103235,R35,TXE,N61,215,439382,G,0,0.93,0.90,5,U,-53,9.75"
2026-07-11T14:24:07.954+00:00,/dev/cu.usbserial-58870137921,"RX,2103485,R35,TXA,N01,437,439627,F,1,0.28,0.26,5,F,-37,9.75"
2026-07-11T14:24:08.098+00:00,/dev/cu.usbserial-58870137921,"RX,2103630,R35,TXK,N151,219,439764,G,1,0.93,0.90,5,U,-50,10.25"
2026-07-11T14:24:08.451+00:00,/dev/cu.usbserial-58870137921,"RX,2103983,R35,TXF,N76,108,440131,E,0,0.87,0.84,5,U,-44,9.50"
2026-07-11T14:24:08.756+00:00,/dev/cu.usbserial-58870137921,"RX,2104288,R35,TXD,N46,54,440431,G,1,0.93,0.90,5,U,-41,9.75"
2026-07-11T14:24:08.954+00:00,/dev/cu.usbserial-58870137921,"RX,2104485,R35,TXA,N01,438,440627,G,1,0.93,0.90,5,F,-37,9.25"
2026-07-11T14:24:09.221+00:00,/dev/cu.usbserial-58870137921,"RX,2104752,R35,TXB,N16,218,440893,E,0,0.87,0.84,5,U,-59,10.00"
2026-07-11T14:24:09.401+00:00,/dev/cu.usbserial-58870137921,"RX,2104932,R35,TXG,N91,53,441080,G,0,0.93,0.90,5,U,-46,9.50"
2026-07-11T14:24:09.704+00:00,/dev/cu.usbserial-58870137921,"RX,2105235,R35,TXE,N61,216,441382,A,1,0.75,0.72,5,U,-55,9.25"
2026-07-11T14:24:09.954+00:00,/dev/cu.usbserial-58870137921,"RX,2105485,R35,TXA,N01,439,441627,H,0,0.32,0.30,5,F,-36,10.00"
2026-07-11T14:24:10.098+00:00,/dev/cu.usbserial-58870137921,"RX,2105630,R35,TXK,N151,220,441764,A,1,0.75,0.72,5,U,-51,10.25"
2026-07-11T14:24:10.451+00:00,/dev/cu.usbserial-58870137921,"RX,2105983,R35,TXF,N76,109,442131,G,1,0.93,0.90,5,U,-44,9.50"
2026-07-11T14:24:10.611+00:00,/dev/cu.usbserial-58870137921,"RX,2106141,R35,TXJ,N136,53,442280,G,0,0.93,0.90,5,U,-44,10.00"
2026-07-11T14:24:10.705+00:00,/dev/cu.usbserial-58870137921,"RX,2106236,R35,TXC,N31,108,442381,E,0,0.87,0.84,5,U,-43,11.50"
2026-07-11T14:24:10.954+00:00,/dev/cu.usbserial-58870137921,"RX,2106485,R35,TXA,N01,440,442627,A,1,0.75,0.72,5,F,-39,9.75"
2026-07-11T14:24:11.221+00:00,/dev/cu.usbserial-58870137921,"RX,2106752,R35,TXB,N16,219,442893,G,1,0.93,0.90,5,U,-63,10.00"
2026-07-11T14:24:11.704+00:00,/dev/cu.usbserial-58870137921,"RX,2107235,R35,TXE,N61,217,443382,C,1,0.81,0.78,5,U,-50,9.25"
2026-07-11T14:24:11.815+00:00,/dev/cu.usbserial-58870137921,"RX,2107346,R35,TXI,N121,108,443481,E,0,0.87,0.84,5,U,-41,9.75"
2026-07-11T14:24:11.954+00:00,/dev/cu.usbserial-58870137921,"RX,2107485,R35,TXA,N01,441,443627,B,1,0.20,0.18,5,F,-39,9.50"
2026-07-11T14:24:12.099+00:00,/dev/cu.usbserial-58870137921,"RX,2107630,R35,TXK,N151,221,443764,C,0,0.81,0.78,5,U,-48,12.75"
2026-07-11T14:24:12.705+00:00,/dev/cu.usbserial-58870137921,"RX,2108236,R35,TXC,N31,109,444381,G,1,0.93,0.90,5,U,-44,9.50"
2026-07-11T14:24:12.954+00:00,/dev/cu.usbserial-58870137921,"RX,2108485,R35,TXA,N01,442,444627,C,0,0.81,0.78,5,F,-41,9.75"
2026-07-11T14:24:13.221+00:00,/dev/cu.usbserial-58870137921,"RX,2108752,R35,TXB,N16,220,444893,A,1,0.75,0.72,5,U,-59,10.00"
2026-07-11T14:24:13.704+00:00,/dev/cu.usbserial-58870137921,"RX,2109235,R35,TXE,N61,218,445382,E,0,0.87,0.84,5,U,-48,9.25"
2026-07-11T14:24:13.815+00:00,/dev/cu.usbserial-58870137921,"RX,2109346,R35,TXI,N121,109,445481,G,1,0.93,0.90,5,U,-42,9.50"
2026-07-11T14:24:13.954+00:00,/dev/cu.usbserial-58870137921,"RX,2109485,R35,TXA,N01,443,445627,D,1,0.24,0.22,5,F,-43,10.00"
2026-07-11T14:24:14.099+00:00,/dev/cu.usbserial-58870137921,"RX,2109630,R35,TXK,N151,222,445764,E,1,0.87,0.84,5,U,-53,9.75"
