wall_time_utc,serial_port,raw_line
2026-07-13T13:32:39.263+00:00,/dev/cu.usbserial-576B0005451,"RX,745688,R35,TXK,N151,0,1764,A,1,0.75,0.72,5,U,-107,-4.75"
2026-07-13T13:32:40.118+00:00,/dev/cu.usbserial-576B0005451,"RX,746543,R35,TXA,N01,0,2627,A,1,0.75,0.72,5,F,-107,-3.50"
2026-07-13T13:32:41.117+00:00,/dev/cu.usbserial-576B0005451,"RX,747542,R35,TXA,N01,1,3627,B,0,0.20,0.18,5,F,-107,-3.00"
2026-07-13T13:32:41.263+00:00,/dev/cu.usbserial-576B0005451,"RX,747687,R35,TXK,N151,1,3764,C,1,0.81,0.78,5,U,-107,-4.75"
2026-07-13T13:32:42.117+00:00,/dev/cu.usbserial-576B0005451,"RX,748542,R35,TXA,N01,2,4627,C,1,0.81,0.78,5,F,-107,-3.00"
2026-07-13T13:32:43.117+00:00,/dev/cu.usbserial-576B0005451,"RX,749542,R35,TXA,N01,3,5627,D,1,0.24,0.22,5,F,-106,-2.50"
2026-07-13T13:32:43.262+00:00,/dev/cu.usbserial-576B0005451,"RX,749687,R35,TXK,N151,2,5764,E,0,0.87,0.84,5,U,-107,-8.00"
2026-07-13T13:32:44.117+00:00,/dev/cu.usbserial-576B0005451,"RX,750542,R35,TXA,N01,4,6627,E,0,0.87,0.84,5,F,-106,-2.00"
2026-07-13T13:32:45.117+00:00,/dev/cu.usbserial-576B0005451,"RX,751542,R35,TXA,N01,5,7627,F,1,0.28,0.26,5,F,-107,-3.00"
2026-07-13T13:32:45.233+00:00,/dev/cu.usbserial-576B0005451,"RX,751658,R35,TXH,N106,0,7743,G,1,0.93,0.90,5,U,-103,1.00"
2026-07-13T13:32:45.415+00:00,/dev/cu.usbserial-576B0005451,"RX,751840,R35,TXL,N166,0,7917,G,1,0.93,0.90,5,U,-107,-2.25"
2026-07-13T13:32:45.616+00:00,/dev/cu.usbserial-576B0005451,"RX,752041,R35,TXF,N76,0,8131,E,0,0.87,0.84,5,U,-108,-9.75"
2026-07-13T13:32:45.921+00:00,/dev/cu.usbserial-576B0005451,"RX,752346,R35,TXD,N46,0,8431,G,1,0.93,0.90,5,U,-107,-5.75"
2026-07-13T13:32:46.116+00:00,/dev/cu.usbserial-576B0005451,"RX,752542,R35,TXA,N01,6,8627,G,1,0.93,0.90,5,F,-107,-2.25"
2026-07-13T13:32:46.869+00:00,/dev/cu.usbserial-576B0005451,"RX,753294,R35,TXE,N61,0,9383,A,1,0.75,0.72,5,U,-107,-4.75"
2026-07-13T13:32:47.117+00:00,/dev/cu.usbserial-576B0005451,"RX,753542,R35,TXA,N01,7,9627,H,0,0.32,0.30,5,F,-107,-2.75"
2026-07-13T13:32:47.262+00:00,/dev/cu.usbserial-576B0005451,"RX,753687,R35,TXK,N151,4,9764,A,1,0.75,0.72,5,U,-107,-4.00"
2026-07-13T13:32:47.621+00:00,/dev/cu.usbserial-576B0005451,"RX,754046,R35,TXF,N76,1,10131,G,1,0.93,0.90,5,U,-109,-8.75"
2026-07-13T13:32:47.880+00:00,/dev/cu.usbserial-576B0005451,"RX,754305,R35,TXC,N31,0,10385,E,0,0.87,0.84,5,U,-107,-3.00"
2026-07-13T13:32:48.122+00:00,/dev/cu.usbserial-576B0005451,"RX,754547,R35,TXA,N01,8,10627,A,1,0.75,0.72,5,F,-107,-2.75"
2026-07-13T13:32:48.873+00:00,/dev/cu.usbserial-576B0005451,"RX,755298,R35,TXE,N61,1,11383,C,1,0.81,0.78,5,U,-108,-4.25"
2026-07-13T13:32:48.981+00:00,/dev/cu.usbserial-576B0005451,"RX,755406,R35,TXI,N121,0,11482,E,0,0.87,0.84,5,U,-108,-6.75"
2026-07-13T13:32:49.122+00:00,/dev/cu.usbserial-576B0005451,"RX,755547,R35,TXA,N01,9,11627,B,1,0.20,0.18,5,F,-107,-1.75"
2026-07-13T13:32:49.263+00:00,/dev/cu.usbserial-576B0005451,"RX,755687,R35,TXK,N151,5,11764,C,0,0.81,0.78,5,U,-108,-3.25"
2026-07-13T13:32:49.880+00:00,/dev/cu.usbserial-576B0005451,"RX,756305,R35,TXC,N31,1,12385,G,1,0.93,0.90,5,U,-108,-1.75"
2026-07-13T13:32:50.122+00:00,/dev/cu.usbserial-576B0005451,"RX,756547,R35,TXA,N01,10,12627,C,0,0.81,0.78,5,F,-108,-1.25"
2026-07-13T13:32:50.874+00:00,/dev/cu.usbserial-576B0005451,"RX,757298,R35,TXE,N61,2,13383,E,0,0.87,0.84,5,U,-108,-4.50"
2026-07-13T13:32:50.981+00:00,/dev/cu.usbserial-576B0005451,"RX,757405,R35,TXI,N121,1,13482,G,1,0.93,0.90,5,U,-108,-7.25"
2026-07-13T13:32:51.122+00:00,/dev/cu.usbserial-576B0005451,"RX,757547,R35,TXA,N01,11,13627,D,1,0.24,0.22,5,F,-107,-3.00"
2026-07-13T13:32:51.263+00:00,/dev/cu.usbserial-576B0005451,"RX,757687,R35,TXK,N151,6,13764,E,1,0.87,0.84,5,U,-107,-3.00"
2026-07-13T13:32:52.123+00:00,/dev/cu.usbserial-576B0005451,"RX,758547,R35,TXA,N01,12,14627,E,1,0.87,0.84,5,F,-107,-2.25"
2026-07-13T13:32:52.874+00:00,/dev/cu.usbserial-576B0005451,"RX,759298,R35,TXE,N61,3,15383,G,1,0.93,0.90,5,U,-108,-5.25"
2026-07-13T13:32:53.122+00:00,/dev/cu.usbserial-576B0005451,"RX,759547,R35,TXA,N01,13,15627,F,0,0.28,0.26,5,F,-107,-2.00"
2026-07-13T13:32:53.233+00:00,/dev/cu.usbserial-576B0005451,"RX,759658,R35,TXH,N106,1,15743,G,1,0.93,0.90,5,U,-103,1.50"
2026-07-13T13:32:53.416+00:00,/dev/cu.usbserial-576B0005451,"RX,759840,R35,TXL,N166,1,15917,G,1,0.93,0.90,5,U,-106,0.00"
2026-07-13T13:32:53.621+00:00,/dev/cu.usbserial-576B0005451,"RX,760046,R35,TXF,N76,2,16131,E,1,0.87,0.84,5,U,-109,-7.75"
2026-07-13T13:32:53.926+00:00,/dev/cu.usbserial-576B0005451,"RX,760351,R35,TXD,N46,1,16431,G,1,0.93,0.90,5,U,-109,-7.50"
2026-07-13T13:32:54.123+00:00,/dev/cu.usbserial-576B0005451,"RX,760547,R35,TXA,N01,14,16627,G,1,0.93,0.90,5,F,-108,-2.50"
2026-07-13T13:32:54.874+00:00,/dev/cu.usbserial-576B0005451,"RX,761298,R35,TXE,N61,4,17383,A,1,0.75,0.72,5,U,-109,-4.50"
2026-07-13T13:32:55.122+00:00,/dev/cu.usbserial-576B0005451,"RX,761547,R35,TXA,N01,15,17627,H,1,0.32,0.30,5,F,-108,-0.75"
2026-07-13T13:32:55.263+00:00,/dev/cu.usbserial-576B0005451,"RX,761687,R35,TXK,N151,8,17764,A,0,0.75,0.72,5,U,-109,-2.00"
2026-07-13T13:32:55.621+00:00,/dev/cu.usbserial-576B0005451,"RX,762046,R35,TXF,N76,3,18131,G,1,0.93,0.90,5,U,-110,-7.25"
2026-07-13T13:32:55.780+00:00,/dev/cu.usbserial-576B0005451,"RX,762204,R35,TXJ,N136,0,18281,G,1,0.93,0.90,5,U,-108,-2.00"
2026-07-13T13:32:55.880+00:00,/dev/cu.usbserial-576B0005451,"RX,762305,R35,TXC,N31,2,18385,E,1,0.87,0.84,5,U,-109,-2.25"
2026-07-13T13:32:56.122+00:00,/dev/cu.usbserial-576B0005451,"RX,762547,R35,TXA,N01,16,18627,A,0,0.75,0.72,5,F,-108,-0.50"
2026-07-13T13:32:56.874+00:00,/dev/cu.usbserial-576B0005451,"RX,763298,R35,TXE,N61,5,19383,C,0,0.81,0.78,5,U,-109,-3.25"
2026-07-13T13:32:56.981+00:00,/dev/cu.usbserial-576B0005451,"RX,763405,R35,TXI,N121,2,19482,E,1,0.87,0.84,5,U,-110,-4.00"
2026-07-13T13:32:57.122+00:00,/dev/cu.usbserial-576B0005451,"RX,763547,R35,TXA,N01,17,19627,B,1,0.20,0.18,5,F,-108,0.00"
2026-07-13T13:32:57.263+00:00,/dev/cu.usbserial-576B0005451,"RX,763687,R35,TXK,N151,9,19764,C,1,0.81,0.78,5,U,-109,-0.50"
2026-07-13T13:32:57.880+00:00,/dev/cu.usbserial-576B0005451,"RX,764305,R35,TXC,N31,3,20385,G,1,0.93,0.90,5,U,-109,-0.25"
2026-07-13T13:32:58.123+00:00,/dev/cu.usbserial-576B0005451,"RX,764547,R35,TXA,N01,18,20627,C,1,0.81,0.78,5,F,-110,0.50"
2026-07-13T13:32:58.874+00:00,/dev/cu.usbserial-576B0005451,"RX,765298,R35,TXE,N61,6,21383,E,1,0.87,0.84,5,U,-110,-1.25"
2026-07-13T13:32:58.981+00:00,/dev/cu.usbserial-576B0005451,"RX,765405,R35,TXI,N121,3,21482,G,1,0.93,0.90,5,U,-111,-3.75"
2026-07-13T13:32:59.123+00:00,/dev/cu.usbserial-576B0005451,"RX,765547,R35,TXA,N01,19,21627,D,0,0.24,0.22,5,F,-108,0.50"
2026-07-13T13:32:59.263+00:00,/dev/cu.usbserial-576B0005451,"RX,765687,R35,TXK,N151,10,21764,E,1,0.87,0.84,5,U,-109,-0.75"
2026-07-13T13:33:00.123+00:00,/dev/cu.usbserial-576B0005451,"RX,766547,R35,TXA,N01,20,22627,E,1,0.87,0.84,5,F,-109,0.50"
2026-07-13T13:33:00.874+00:00,/dev/cu.usbserial-576B0005451,"RX,767298,R35,TXE,N61,7,23383,G,1,0.93,0.90,5,U,-110,-1.50"
2026-07-13T13:33:01.122+00:00,/dev/cu.usbserial-576B0005451,"RX,767547,R35,TXA,N01,21,23627,F,1,0.28,0.26,5,F,-109,1.50"
2026-07-13T13:33:01.233+00:00,/dev/cu.usbserial-576B0005451,"RX,767658,R35,TXH,N106,2,23743,G,0,0.93,0.90,5,U,-105,2.75"
2026-07-13T13:33:01.416+00:00,/dev/cu.usbserial-576B0005451,"RX,767840,R35,TXL,N166,2,23917,G,0,0.93,0.90,5,U,-109,0.75"
2026-07-13T13:33:01.621+00:00,/dev/cu.usbserial-576B0005451,"RX,768046,R35,TXF,N76,4,24131,E,1,0.87,0.84,5,U,-111,-4.25"
2026-07-13T13:33:01.926+00:00,/dev/cu.usbserial-576B0005451,"RX,768351,R35,TXD,N46,2,24431,G,0,0.93,0.90,5,U,-110,-2.00"
2026-07-13T13:33:02.122+00:00,/dev/cu.usbserial-576B0005451,"RX,768547,R35,TXA,N01,22,24627,G,0,0.93,0.90,5,F,-108,0.75"
2026-07-13T13:33:02.571+00:00,/dev/cu.usbserial-576B0005451,"RX,768996,R35,TXG,N91,1,25081,G,1,0.93,0.90,5,U,-112,-7.50"
2026-07-13T13:33:02.874+00:00,/dev/cu.usbserial-576B0005451,"RX,769298,R35,TXE,N61,8,25383,A,0,0.75,0.72,5,U,-111,-0.75"
2026-07-13T13:33:03.123+00:00,/dev/cu.usbserial-576B0005451,"RX,769547,R35,TXA,N01,23,25627,H,1,0.32,0.30,5,F,-110,-1.75"
2026-07-13T13:33:03.263+00:00,/dev/cu.usbserial-576B0005451,"RX,769687,R35,TXK,N151,12,25764,A,1,0.75,0.72,5,U,-108,1.50"
2026-07-13T13:33:03.621+00:00,/dev/cu.usbserial-576B0005451,"RX,770046,R35,TXF,N76,5,26131,G,0,0.93,0.90,5,U,-111,-2.00"
2026-07-13T13:33:03.780+00:00,/dev/cu.usbserial-576B0005451,"RX,770204,R35,TXJ,N136,1,26281,G,1,0.93,0.90,5,U,-109,0.50"
2026-07-13T13:33:03.880+00:00,/dev/cu.usbserial-576B0005451,"RX,770304,R35,TXC,N31,4,26385,E,1,0.87,0.84,5,U,-111,-4.75"
2026-07-13T13:33:04.123+00:00,/dev/cu.usbserial-576B0005451,"RX,770547,R35,TXA,N01,24,26627,A,1,0.75,0.72,5,F,-111,-1.25"
2026-07-13T13:33:04.876+00:00,/dev/cu.usbserial-576B0005451,"RX,771298,R35,TXE,N61,9,27383,C,1,0.81,0.78,5,U,-111,-1.75"
2026-07-13T13:33:04.981+00:00,/dev/cu.usbserial-576B0005451,"RX,771405,R35,TXI,N121,4,27482,E,1,0.87,0.84,5,U,-111,-3.25"
2026-07-13T13:33:05.122+00:00,/dev/cu.usbserial-576B0005451,"RX,771547,R35,TXA,N01,25,27627,B,0,0.20,0.18,5,F,-109,-0.50"
2026-07-13T13:33:05.880+00:00,/dev/cu.usbserial-576B0005451,"RX,772304,R35,TXC,N31,5,28385,G,0,0.93,0.90,5,U,-112,-5.25"
2026-07-13T13:33:06.123+00:00,/dev/cu.usbserial-576B0005451,"RX,772547,R35,TXA,N01,26,28627,C,1,0.81,0.78,5,F,-109,0.00"
2026-07-13T13:33:06.874+00:00,/dev/cu.usbserial-576B0005451,"RX,773298,R35,TXE,N61,10,29383,E,1,0.87,0.84,5,U,-106,4.75"
2026-07-13T13:33:07.123+00:00,/dev/cu.usbserial-576B0005451,"RX,773547,R35,TXA,N01,27,29627,D,1,0.24,0.22,5,F,-110,-0.25"
2026-07-13T13:33:07.263+00:00,/dev/cu.usbserial-576B0005451,"RX,773687,R35,TXK,N151,14,29764,E,0,0.87,0.84,5,U,-107,3.75"
2026-07-13T13:33:08.122+00:00,/dev/cu.usbserial-576B0005451,"RX,774547,R35,TXA,N01,28,30627,E,0,0.87,0.84,5,F,-111,-0.25"
2026-07-13T13:33:08.874+00:00,/dev/cu.usbserial-576B0005451,"RX,775298,R35,TXE,N61,11,31383,G,0,0.93,0.90,5,U,-110,-0.50"
2026-07-13T13:33:09.122+00:00,/dev/cu.usbserial-576B0005451,"RX,775547,R35,TXA,N01,29,31627,F,1,0.28,0.26,5,F,-109,0.75"
2026-07-13T13:33:09.233+00:00,/dev/cu.usbserial-576B0005451,"RX,775658,R35,TXH,N106,3,31743,G,1,0.93,0.90,5,U,-105,1.75"
2026-07-13T13:33:09.415+00:00,/dev/cu.usbserial-576B0005451,"RX,775840,R35,TXL,N166,3,31917,G,1,0.93,0.90,5,U,-109,1.75"
2026-07-13T13:33:09.622+00:00,/dev/cu.usbserial-576B0005451,"RX,776046,R35,TXF,N76,6,32131,E,0,0.87,0.84,5,U,-112,-5.25"
2026-07-13T13:33:09.926+00:00,/dev/cu.usbserial-576B0005451,"RX,776351,R35,TXD,N46,3,32431,G,1,0.93,0.90,5,U,-111,-2.50"
2026-07-13T13:33:10.122+00:00,/dev/cu.usbserial-576B0005451,"RX,776547,R35,TXA,N01,30,32627,G,1,0.93,0.90,5,F,-110,-0.50"
2026-07-13T13:33:10.571+00:00,/dev/cu.usbserial-576B0005451,"RX,776996,R35,TXG,N91,2,33081,G,0,0.93,0.90,5,U,-112,-6.25"
2026-07-13T13:33:10.874+00:00,/dev/cu.usbserial-576B0005451,"RX,777298,R35,TXE,N61,12,33383,A,1,0.75,0.72,5,U,-111,-1.75"
2026-07-13T13:33:11.122+00:00,/dev/cu.usbserial-576B0005451,"RX,777547,R35,TXA,N01,31,33627,H,0,0.32,0.30,5,F,-109,1.00"
2026-07-13T13:33:11.263+00:00,/dev/cu.usbserial-576B0005451,"RX,777687,R35,TXK,N151,16,33764,A,1,0.75,0.72,5,U,-109,0.25"
2026-07-13T13:33:11.621+00:00,/dev/cu.usbserial-576B0005451,"RX,778046,R35,TXF,N76,7,34131,G,1,0.93,0.90,5,U,-111,-6.50"
2026-07-13T13:33:11.780+00:00,/dev/cu.usbserial-576B0005451,"RX,778204,R35,TXJ,N136,2,34281,G,0,0.93,0.90,5,U,-109,-1.75"
2026-07-13T13:33:11.880+00:00,/dev/cu.usbserial-576B0005451,"RX,778304,R35,TXC,N31,6,34385,E,0,0.87,0.84,5,U,-110,-4.25"
2026-07-13T13:33:12.122+00:00,/dev/cu.usbserial-576B0005451,"RX,778547,R35,TXA,N01,32,34627,A,1,0.75,0.72,5,F,-109,-1.00"
2026-07-13T13:33:12.874+00:00,/dev/cu.usbserial-576B0005451,"RX,779298,R35,TXE,N61,13,35383,C,1,0.81,0.78,5,U,-110,-5.00"
2026-07-13T13:33:13.123+00:00,/dev/cu.usbserial-576B0005451,"RX,779547,R35,TXA,N01,33,35627,B,1,0.20,0.18,5,F,-110,-3.50"
2026-07-13T13:33:13.263+00:00,/dev/cu.usbserial-576B0005451,"RX,779687,R35,TXK,N151,17,35764,C,0,0.81,0.78,5,U,-109,-2.75"
2026-07-13T13:33:13.880+00:00,/dev/cu.usbserial-576B0005451,"RX,780304,R35,TXC,N31,7,36385,G,1,0.93,0.90,5,U,-109,-1.25"
2026-07-13T13:33:14.122+00:00,/dev/cu.usbserial-576B0005451,"RX,780547,R35,TXA,N01,34,36627,C,0,0.81,0.78,5,F,-104,4.50"
2026-07-13T13:33:14.390+00:00,/dev/cu.usbserial-576B0005451,"RX,780815,R35,TXB,N16,16,36894,A,1,0.75,0.72,5,U,-108,-0.50"
2026-07-13T13:33:14.874+00:00,/dev/cu.usbserial-576B0005451,"RX,781298,R35,TXE,N61,14,37383,E,0,0.87,0.84,5,U,-109,-2.50"
2026-07-13T13:33:15.122+00:00,/dev/cu.usbserial-576B0005451,"RX,781547,R35,TXA,N01,35,37627,D,1,0.24,0.22,5,F,-109,-3.00"
2026-07-13T13:33:15.263+00:00,/dev/cu.usbserial-576B0005451,"RX,781687,R35,TXK,N151,18,37764,E,1,0.87,0.84,5,U,-109,-1.50"
2026-07-13T13:33:16.123+00:00,/dev/cu.usbserial-576B0005451,"RX,782547,R35,TXA,N01,36,38627,E,1,0.87,0.84,5,F,-108,-2.25"
2026-07-13T13:33:16.874+00:00,/dev/cu.usbserial-576B0005451,"RX,783298,R35,TXE,N61,15,39383,G,1,0.93,0.90,5,U,-108,-4.75"
2026-07-13T13:33:17.123+00:00,/dev/cu.usbserial-576B0005451,"RX,783547,R35,TXA,N01,37,39627,F,0,0.28,0.26,5,F,-108,-2.25"
2026-07-13T13:33:17.263+00:00,/dev/cu.usbserial-576B0005451,"RX,783687,R35,TXK,N151,19,39764,G,1,0.93,0.90,5,U,-106,-4.25"
2026-07-13T13:33:17.926+00:00,/dev/cu.usbserial-576B0005451,"RX,784350,R35,TXD,N46,4,40431,G,1,0.93,0.90,5,U,-109,-4.75"
2026-07-13T13:33:18.122+00:00,/dev/cu.usbserial-576B0005451,"RX,784547,R35,TXA,N01,38,40627,G,1,0.93,0.90,5,F,-108,-3.25"
2026-07-13T13:33:18.571+00:00,/dev/cu.usbserial-576B0005451,"RX,784996,R35,TXG,N91,3,41081,G,1,0.93,0.90,5,U,-109,-8.00"
2026-07-13T13:33:18.874+00:00,/dev/cu.usbserial-576B0005451,"RX,785298,R35,TXE,N61,16,41383,A,1,0.75,0.72,5,U,-109,-6.75"
2026-07-13T13:33:19.122+00:00,/dev/cu.usbserial-576B0005451,"RX,785547,R35,TXA,N01,39,41627,H,1,0.32,0.30,5,F,-108,-3.50"
2026-07-13T13:33:19.780+00:00,/dev/cu.usbserial-576B0005451,"RX,786204,R35,TXJ,N136,3,42281,G,1,0.93,0.90,5,U,-109,-3.25"
2026-07-13T13:33:19.880+00:00,/dev/cu.usbserial-576B0005451,"RX,786304,R35,TXC,N31,8,42385,E,1,0.87,0.84,5,U,-109,-5.50"
2026-07-13T13:33:20.123+00:00,/dev/cu.usbserial-576B0005451,"RX,786547,R35,TXA,N01,40,42627,A,0,0.75,0.72,5,F,-108,-2.75"
2026-07-13T13:33:20.874+00:00,/dev/cu.usbserial-576B0005451,"RX,787298,R35,TXE,N61,17,43383,C,0,0.81,0.78,5,U,-109,-5.25"
2026-07-13T13:33:20.981+00:00,/dev/cu.usbserial-576B0005451,"RX,787405,R35,TXI,N121,8,43482,E,1,0.87,0.84,5,U,-109,-6.50"
2026-07-13T13:33:21.122+00:00,/dev/cu.usbserial-576B0005451,"RX,787547,R35,TXA,N01,41,43627,B,1,0.20,0.18,5,F,-109,-3.75"
2026-07-13T13:33:21.263+00:00,/dev/cu.usbserial-576B0005451,"RX,787687,R35,TXK,N151,21,43764,C,1,0.81,0.78,5,U,-108,-3.75"
2026-07-13T13:33:21.880+00:00,/dev/cu.usbserial-576B0005451,"RX,788304,R35,TXC,N31,9,44385,G,1,0.93,0.90,5,U,-109,-7.50"
2026-07-13T13:33:22.123+00:00,/dev/cu.usbserial-576B0005451,"RX,788547,R35,TXA,N01,42,44627,C,1,0.81,0.78,5,F,-109,-4.00"
2026-07-13T13:33:22.874+00:00,/dev/cu.usbserial-576B0005451,"RX,789298,R35,TXE,N61,18,45383,E,1,0.87,0.84,5,U,-109,-8.00"
2026-07-13T13:33:23.123+00:00,/dev/cu.usbserial-576B0005451,"RX,789547,R35,TXA,N01,43,45627,D,0,0.24,0.22,5,F,-108,-4.50"
2026-07-13T13:33:23.263+00:00,/dev/cu.usbserial-576B0005451,"RX,789687,R35,TXK,N151,22,45764,E,1,0.87,0.84,5,U,-108,-3.50"
2026-07-13T13:33:24.123+00:00,/dev/cu.usbserial-576B0005451,"RX,790547,R35,TXA,N01,44,46627,E,1,0.87,0.84,5,F,-108,-3.50"
2026-07-13T13:33:24.874+00:00,/dev/cu.usbserial-576B0005451,"RX,791298,R35,TXE,N61,19,47383,G,1,0.93,0.90,5,U,-109,-6.75"
2026-07-13T13:33:25.123+00:00,/dev/cu.usbserial-576B0005451,"RX,791547,R35,TXA,N01,45,47627,F,1,0.28,0.26,5,F,-109,-3.00"
2026-07-13T13:33:25.263+00:00,/dev/cu.usbserial-576B0005451,"RX,791687,R35,TXK,N151,23,47764,G,0,0.93,0.90,5,U,-108,-4.25"
2026-07-13T13:33:25.927+00:00,/dev/cu.usbserial-576B0005451,"RX,792351,R35,TXD,N46,5,48431,G,0,0.93,0.90,5,U,-109,-6.50"
2026-07-13T13:33:26.123+00:00,/dev/cu.usbserial-576B0005451,"RX,792547,R35,TXA,N01,46,48627,G,0,0.93,0.90,5,F,-108,-4.00"
2026-07-13T13:33:26.874+00:00,/dev/cu.usbserial-576B0005451,"RX,793298,R35,TXE,N61,20,49383,A,0,0.75,0.72,5,U,-108,-7.00"
2026-07-13T13:33:27.123+00:00,/dev/cu.usbserial-576B0005451,"RX,793547,R35,TXA,N01,47,49627,H,1,0.32,0.30,5,F,-108,-2.50"
2026-07-13T13:33:27.263+00:00,/dev/cu.usbserial-576B0005451,"RX,793687,R35,TXK,N151,24,49764,A,1,0.75,0.72,5,U,-108,-2.50"
2026-07-13T13:33:27.622+00:00,/dev/cu.usbserial-576B0005451,"RX,794046,R35,TXF,N76,11,50131,G,0,0.93,0.90,5,U,-109,-9.25"
2026-07-13T13:33:27.780+00:00,/dev/cu.usbserial-576B0005451,"RX,794204,R35,TXJ,N136,4,50281,G,1,0.93,0.90,5,U,-108,-3.25"
2026-07-13T13:33:27.880+00:00,/dev/cu.usbserial-576B0005451,"RX,794304,R35,TXC,N31,10,50385,E,1,0.87,0.84,5,U,-108,-6.00"
2026-07-13T13:33:28.122+00:00,/dev/cu.usbserial-576B0005451,"RX,794547,R35,TXA,N01,48,50627,A,1,0.75,0.72,5,F,-108,-3.00"
2026-07-13T13:33:28.874+00:00,/dev/cu.usbserial-576B0005451,"RX,795298,R35,TXE,N61,21,51383,C,1,0.81,0.78,5,U,-109,-6.75"
2026-07-13T13:33:28.981+00:00,/dev/cu.usbserial-576B0005451,"RX,795405,R35,TXI,N121,10,51482,E,1,0.87,0.84,5,U,-108,-8.00"
2026-07-13T13:33:29.123+00:00,/dev/cu.usbserial-576B0005451,"RX,795547,R35,TXA,N01,49,51627,B,0,0.20,0.18,5,F,-109,-4.50"
2026-07-13T13:33:29.263+00:00,/dev/cu.usbserial-576B0005451,"RX,795687,R35,TXK,N151,25,51764,C,1,0.81,0.78,5,U,-109,-4.75"
2026-07-13T13:33:30.123+00:00,/dev/cu.usbserial-576B0005451,"RX,796547,R35,TXA,N01,50,52627,C,1,0.81,0.78,5,F,-108,-3.75"
2026-07-13T13:33:30.874+00:00,/dev/cu.usbserial-576B0005451,"RX,797298,R35,TXE,N61,22,53383,E,1,0.87,0.84,5,U,-109,-6.50"
2026-07-13T13:33:31.122+00:00,/dev/cu.usbserial-576B0005451,"RX,797547,R35,TXA,N01,51,53627,D,1,0.24,0.22,5,F,-108,-4.50"
2026-07-13T13:33:31.263+00:00,/dev/cu.usbserial-576B0005451,"RX,797687,R35,TXK,N151,26,53764,E,0,0.87,0.84,5,U,-108,-5.25"
2026-07-13T13:33:32.123+00:00,/dev/cu.usbserial-576B0005451,"RX,798547,R35,TXA,N01,52,54627,E,0,0.87,0.84,5,F,-109,-6.25"
2026-07-13T13:33:33.122+00:00,/dev/cu.usbserial-576B0005451,"RX,799547,R35,TXA,N01,53,55627,F,1,0.28,0.26,5,F,-107,-2.75"
2026-07-13T13:33:33.263+00:00,/dev/cu.usbserial-576B0005451,"RX,799687,R35,TXK,N151,27,55764,G,1,0.93,0.90,5,U,-108,-4.75"
2026-07-13T13:33:34.122+00:00,/dev/cu.usbserial-576B0005451,"RX,800547,R35,TXA,N01,54,56627,G,1,0.93,0.90,5,F,-108,-2.50"
2026-07-13T13:33:34.571+00:00,/dev/cu.usbserial-576B0005451,"RX,800996,R35,TXG,N91,5,57081,G,0,0.93,0.90,5,U,-109,-8.25"
2026-07-13T13:33:34.874+00:00,/dev/cu.usbserial-576B0005451,"RX,801298,R35,TXE,N61,24,57383,A,1,0.75,0.72,5,U,-108,-4.25"
2026-07-13T13:33:35.123+00:00,/dev/cu.usbserial-576B0005451,"RX,801547,R35,TXA,N01,55,57627,H,0,0.32,0.30,5,F,-108,-1.75"
2026-07-13T13:33:35.263+00:00,/dev/cu.usbserial-576B0005451,"RX,801687,R35,TXK,N151,28,57764,A,1,0.75,0.72,5,U,-109,-4.25"
2026-07-13T13:33:35.780+00:00,/dev/cu.usbserial-576B0005451,"RX,802204,R35,TXJ,N136,5,58281,G,0,0.93,0.90,5,U,-107,-1.00"
2026-07-13T13:33:35.880+00:00,/dev/cu.usbserial-576B0005451,"RX,802304,R35,TXC,N31,12,58385,E,0,0.87,0.84,5,U,-108,-4.75"
2026-07-13T13:33:36.122+00:00,/dev/cu.usbserial-576B0005451,"RX,802547,R35,TXA,N01,56,58627,A,1,0.75,0.72,5,F,-108,-1.75"
2026-07-13T13:33:36.874+00:00,/dev/cu.usbserial-576B0005451,"RX,803298,R35,TXE,N61,25,59383,C,1,0.81,0.78,5,U,-108,-4.75"
2026-07-13T13:33:36.983+00:00,/dev/cu.usbserial-576B0005451,"RX,803405,R35,TXI,N121,12,59482,E,0,0.87,0.84,5,U,-109,-6.75"
2026-07-13T13:33:37.122+00:00,/dev/cu.usbserial-576B0005451,"RX,803547,R35,TXA,N01,57,59627,B,1,0.20,0.18,5,F,-108,-3.25"
2026-07-13T13:33:37.263+00:00,/dev/cu.usbserial-576B0005451,"RX,803687,R35,TXK,N151,29,59764,C,0,0.81,0.78,5,U,-108,-4.50"
2026-07-13T13:33:37.880+00:00,/dev/cu.usbserial-576B0005451,"RX,804304,R35,TXC,N31,13,60385,G,1,0.93,0.90,5,U,-109,-7.50"
2026-07-13T13:33:38.123+00:00,/dev/cu.usbserial-576B0005451,"RX,804547,R35,TXA,N01,58,60627,C,0,0.81,0.78,5,F,-107,-6.75"
2026-07-13T13:33:38.874+00:00,/dev/cu.usbserial-576B0005451,"RX,805298,R35,TXE,N61,26,61383,E,0,0.87,0.84,5,U,-109,-8.25"
2026-07-13T13:33:39.122+00:00,/dev/cu.usbserial-576B0005451,"RX,805547,R35,TXA,N01,59,61627,D,1,0.24,0.22,5,F,-108,-4.75"
2026-07-13T13:33:39.263+00:00,/dev/cu.usbserial-576B0005451,"RX,805687,R35,TXK,N151,30,61764,E,1,0.87,0.84,5,U,-108,-5.25"
2026-07-13T13:33:40.123+00:00,/dev/cu.usbserial-576B0005451,"RX,806547,R35,TXA,N01,60,62627,E,1,0.87,0.84,5,F,-108,-6.00"
2026-07-13T13:33:41.122+00:00,/dev/cu.usbserial-576B0005451,"RX,807547,R35,TXA,N01,61,63627,F,0,0.28,0.26,5,F,-108,-5.50"
2026-07-13T13:33:41.263+00:00,/dev/cu.usbserial-576B0005451,"RX,807687,R35,TXK,N151,31,63764,G,1,0.93,0.90,5,U,-108,-6.00"
2026-07-13T13:33:41.926+00:00,/dev/cu.usbserial-576B0005451,"RX,808350,R35,TXD,N46,7,64431,G,1,0.93,0.90,5,U,-108,-6.50"
2026-07-13T13:33:42.123+00:00,/dev/cu.usbserial-576B0005451,"RX,808547,R35,TXA,N01,62,64627,G,1,0.93,0.90,5,F,-108,-4.50"
2026-07-13T13:33:43.123+00:00,/dev/cu.usbserial-576B0005451,"RX,809547,R35,TXA,N01,63,65627,H,1,0.32,0.30,5,F,-108,-5.50"
2026-07-13T13:33:43.263+00:00,/dev/cu.usbserial-576B0005451,"RX,809687,R35,TXK,N151,32,65764,A,1,0.75,0.72,5,U,-108,-5.25"
2026-07-13T13:33:43.780+00:00,/dev/cu.usbserial-576B0005451,"RX,810204,R35,TXJ,N136,6,66281,G,1,0.93,0.90,5,U,-108,-7.00"
2026-07-13T13:33:44.123+00:00,/dev/cu.usbserial-576B0005451,"RX,810547,R35,TXA,N01,64,66627,A,1,0.75,0.72,5,F,-107,-5.00"
2026-07-13T13:33:44.874+00:00,/dev/cu.usbserial-576B0005451,"RX,811298,R35,TXE,N61,29,67383,C,0,0.81,0.78,5,U,-109,-5.50"
2026-07-13T13:33:44.980+00:00,/dev/cu.usbserial-576B0005451,"RX,811405,R35,TXI,N121,14,67482,E,1,0.87,0.84,5,U,-108,-7.00"
2026-07-13T13:33:45.122+00:00,/dev/cu.usbserial-576B0005451,"RX,811547,R35,TXA,N01,65,67627,B,0,0.20,0.18,5,F,-108,-3.75"
2026-07-13T13:33:45.263+00:00,/dev/cu.usbserial-576B0005451,"RX,811687,R35,TXK,N151,33,67764,C,1,0.81,0.78,5,U,-108,-5.25"
2026-07-13T13:33:45.880+00:00,/dev/cu.usbserial-576B0005451,"RX,812304,R35,TXC,N31,15,68385,G,1,0.93,0.90,5,U,-108,-8.75"
2026-07-13T13:33:46.123+00:00,/dev/cu.usbserial-576B0005451,"RX,812547,R35,TXA,N01,66,68627,C,1,0.81,0.78,5,F,-108,-3.50"
2026-07-13T13:33:46.874+00:00,/dev/cu.usbserial-576B0005451,"RX,813298,R35,TXE,N61,30,69383,E,1,0.87,0.84,5,U,-109,-7.00"
2026-07-13T13:33:46.981+00:00,/dev/cu.usbserial-576B0005451,"RX,813405,R35,TXI,N121,15,69482,G,1,0.93,0.90,5,U,-108,-7.00"
2026-07-13T13:33:47.123+00:00,/dev/cu.usbserial-576B0005451,"RX,813547,R35,TXA,N01,67,69627,D,1,0.24,0.22,5,F,-108,-3.25"
2026-07-13T13:33:47.263+00:00,/dev/cu.usbserial-576B0005451,"RX,813687,R35,TXK,N151,34,69764,E,0,0.87,0.84,5,U,-108,-3.25"
2026-07-13T13:33:48.123+00:00,/dev/cu.usbserial-576B0005451,"RX,814547,R35,TXA,N01,68,70627,E,0,0.87,0.84,5,F,-108,-3.50"
2026-07-13T13:33:48.874+00:00,/dev/cu.usbserial-576B0005451,"RX,815298,R35,TXE,N61,31,71383,G,1,0.93,0.90,5,U,-109,-7.25"
2026-07-13T13:33:49.123+00:00,/dev/cu.usbserial-576B0005451,"RX,815547,R35,TXA,N01,69,71627,F,1,0.28,0.26,5,F,-108,-4.00"
2026-07-13T13:33:49.233+00:00,/dev/cu.usbserial-576B0005451,"RX,815658,R35,TXH,N106,4,71743,G,1,0.93,0.90,5,U,-106,-3.25"
2026-07-13T13:33:49.415+00:00,/dev/cu.usbserial-576B0005451,"RX,815840,R35,TXL,N166,4,71917,G,1,0.93,0.90,5,U,-108,-2.75"
2026-07-13T13:33:49.926+00:00,/dev/cu.usbserial-576B0005451,"RX,816350,R35,TXD,N46,8,72431,G,1,0.93,0.90,5,U,-108,-6.75"
2026-07-13T13:33:50.122+00:00,/dev/cu.usbserial-576B0005451,"RX,816547,R35,TXA,N01,70,72627,G,1,0.93,0.90,5,F,-108,-3.00"
2026-07-13T13:33:50.874+00:00,/dev/cu.usbserial-576B0005451,"RX,817298,R35,TXE,N61,32,73383,A,1,0.75,0.72,5,U,-108,-6.00"
2026-07-13T13:33:51.123+00:00,/dev/cu.usbserial-576B0005451,"RX,817547,R35,TXA,N01,71,73627,H,0,0.32,0.30,5,F,-108,-3.25"
2026-07-13T13:33:51.263+00:00,/dev/cu.usbserial-576B0005451,"RX,817687,R35,TXK,N151,36,73764,A,1,0.75,0.72,5,U,-108,-4.00"
2026-07-13T13:33:51.780+00:00,/dev/cu.usbserial-576B0005451,"RX,818204,R35,TXJ,N136,7,74281,G,1,0.93,0.90,5,U,-108,-6.00"
2026-07-13T13:33:52.122+00:00,/dev/cu.usbserial-576B0005451,"RX,818547,R35,TXA,N01,72,74627,A,1,0.75,0.72,5,F,-108,-3.00"
2026-07-13T13:33:53.122+00:00,/dev/cu.usbserial-576B0005451,"RX,819547,R35,TXA,N01,73,75627,B,1,0.20,0.18,5,F,-107,-2.25"
2026-07-13T13:33:53.263+00:00,/dev/cu.usbserial-576B0005451,"RX,819687,R35,TXK,N151,37,75764,C,0,0.81,0.78,5,U,-109,-5.50"
2026-07-13T13:33:53.880+00:00,/dev/cu.usbserial-576B0005451,"RX,820304,R35,TXC,N31,17,76385,G,1,0.93,0.90,5,U,-108,-4.25"
2026-07-13T13:33:54.123+00:00,/dev/cu.usbserial-576B0005451,"RX,820547,R35,TXA,N01,74,76627,C,0,0.81,0.78,5,F,-107,-4.75"
2026-07-13T13:33:54.874+00:00,/dev/cu.usbserial-576B0005451,"RX,821298,R35,TXE,N61,34,77383,E,0,0.87,0.84,5,U,-108,-6.00"
2026-07-13T13:33:54.980+00:00,/dev/cu.usbserial-576B0005451,"RX,821405,R35,TXI,N121,17,77482,G,1,0.93,0.90,5,U,-108,-8.50"
2026-07-13T13:33:55.122+00:00,/dev/cu.usbserial-576B0005451,"RX,821547,R35,TXA,N01,75,77627,D,1,0.24,0.22,5,F,-108,-4.75"
2026-07-13T13:33:55.263+00:00,/dev/cu.usbserial-576B0005451,"RX,821687,R35,TXK,N151,38,77764,E,1,0.87,0.84,5,U,-104,-7.25"
2026-07-13T13:33:56.123+00:00,/dev/cu.usbserial-576B0005451,"RX,822547,R35,TXA,N01,76,78627,E,1,0.87,0.84,5,F,-108,-4.50"
2026-07-13T13:33:56.874+00:00,/dev/cu.usbserial-576B0005451,"RX,823298,R35,TXE,N61,35,79383,G,1,0.93,0.90,5,U,-108,-6.50"
2026-07-13T13:33:57.123+00:00,/dev/cu.usbserial-576B0005451,"RX,823547,R35,TXA,N01,77,79627,F,0,0.28,0.26,5,F,-108,-8.75"
2026-07-13T13:33:57.415+00:00,/dev/cu.usbserial-576B0005451,"RX,823840,R35,TXL,N166,5,79917,G,1,0.93,0.90,5,U,-108,-3.00"
2026-07-13T13:33:57.926+00:00,/dev/cu.usbserial-576B0005451,"RX,824350,R35,TXD,N46,9,80431,G,1,0.93,0.90,5,U,-109,-5.50"
2026-07-13T13:33:58.123+00:00,/dev/cu.usbserial-576B0005451,"RX,824547,R35,TXA,N01,78,80627,G,1,0.93,0.90,5,F,-108,-5.25"
2026-07-13T13:33:58.571+00:00,/dev/cu.usbserial-576B0005451,"RX,824996,R35,TXG,N91,8,81081,G,1,0.93,0.90,5,U,-108,-7.75"
2026-07-13T13:33:58.874+00:00,/dev/cu.usbserial-576B0005451,"RX,825298,R35,TXE,N61,36,81383,A,1,0.75,0.72,5,U,-109,-5.75"
2026-07-13T13:33:59.123+00:00,/dev/cu.usbserial-576B0005451,"RX,825547,R35,TXA,N01,79,81627,H,1,0.32,0.30,5,F,-109,-2.75"
2026-07-13T13:33:59.263+00:00,/dev/cu.usbserial-576B0005451,"RX,825687,R35,TXK,N151,40,81764,A,0,0.75,0.72,5,U,-108,-4.25"
2026-07-13T13:33:59.621+00:00,/dev/cu.usbserial-576B0005451,"RX,826046,R35,TXF,N76,19,82131,G,1,0.93,0.90,5,U,-110,-8.25"
2026-07-13T13:33:59.779+00:00,/dev/cu.usbserial-576B0005451,"RX,826204,R35,TXJ,N136,8,82281,G,1,0.93,0.90,5,U,-109,-2.75"
2026-07-13T13:33:59.880+00:00,/dev/cu.usbserial-576B0005451,"RX,826304,R35,TXC,N31,18,82385,E,1,0.87,0.84,5,U,-109,-5.50"
2026-07-13T13:34:00.122+00:00,/dev/cu.usbserial-576B0005451,"RX,826547,R35,TXA,N01,80,82627,A,0,0.75,0.72,5,F,-108,-2.25"
2026-07-13T13:34:00.874+00:00,/dev/cu.usbserial-576B0005451,"RX,827298,R35,TXE,N61,37,83383,C,0,0.81,0.78,5,U,-108,-3.00"
2026-07-13T13:34:00.981+00:00,/dev/cu.usbserial-576B0005451,"RX,827405,R35,TXI,N121,18,83482,E,1,0.87,0.84,5,U,-109,-5.25"
2026-07-13T13:34:01.122+00:00,/dev/cu.usbserial-576B0005451,"RX,827547,R35,TXA,N01,81,83627,B,1,0.20,0.18,5,F,-108,-1.75"
2026-07-13T13:34:01.263+00:00,/dev/cu.usbserial-576B0005451,"RX,827687,R35,TXK,N151,41,83764,C,1,0.81,0.78,5,U,-108,-2.00"
2026-07-13T13:34:01.880+00:00,/dev/cu.usbserial-576B0005451,"RX,828304,R35,TXC,N31,19,84385,G,1,0.93,0.90,5,U,-109,-7.25"
2026-07-13T13:34:02.123+00:00,/dev/cu.usbserial-576B0005451,"RX,828547,R35,TXA,N01,82,84627,C,1,0.81,0.78,5,F,-108,-0.50"
2026-07-13T13:34:02.874+00:00,/dev/cu.usbserial-576B0005451,"RX,829298,R35,TXE,N61,38,85383,E,1,0.87,0.84,5,U,-109,-4.00"
2026-07-13T13:34:02.980+00:00,/dev/cu.usbserial-576B0005451,"RX,829405,R35,TXI,N121,19,85482,G,1,0.93,0.90,5,U,-109,-5.25"
2026-07-13T13:34:03.122+00:00,/dev/cu.usbserial-576B0005451,"RX,829547,R35,TXA,N01,83,85627,D,0,0.24,0.22,5,F,-109,-2.00"
2026-07-13T13:34:03.263+00:00,/dev/cu.usbserial-576B0005451,"RX,829687,R35,TXK,N151,42,85764,E,1,0.87,0.84,5,U,-109,-2.00"
2026-07-13T13:34:05.122+00:00,/dev/cu.usbserial-576B0005451,"RX,831547,R35,TXA,N01,85,87627,F,1,0.28,0.26,5,F,-107,0.25"
2026-07-13T13:34:05.415+00:00,/dev/cu.usbserial-576B0005451,"RX,831840,R35,TXL,N166,6,87917,G,0,0.93,0.90,5,U,-105,2.50"
2026-07-13T13:34:05.621+00:00,/dev/cu.usbserial-576B0005451,"RX,832046,R35,TXF,N76,20,88131,E,1,0.87,0.84,5,U,-109,-6.75"
2026-07-13T13:34:05.926+00:00,/dev/cu.usbserial-576B0005451,"RX,832350,R35,TXD,N46,10,88431,G,0,0.93,0.90,5,U,-109,-2.75"
2026-07-13T13:34:06.124+00:00,/dev/cu.usbserial-576B0005451,"RX,832547,R35,TXA,N01,86,88627,G,0,0.93,0.90,5,F,-106,1.25"
2026-07-13T13:34:06.390+00:00,/dev/cu.usbserial-576B0005451,"RX,832815,R35,TXB,N16,42,88894,E,1,0.87,0.84,5,U,-110,-8.25"
2026-07-13T13:34:06.874+00:00,/dev/cu.usbserial-576B0005451,"RX,833298,R35,TXE,N61,40,89383,A,0,0.75,0.72,5,U,-109,-5.00"
2026-07-13T13:34:07.122+00:00,/dev/cu.usbserial-576B0005451,"RX,833547,R35,TXA,N01,87,89627,H,1,0.32,0.30,5,F,-109,-2.75"
2026-07-13T13:34:07.263+00:00,/dev/cu.usbserial-576B0005451,"RX,833687,R35,TXK,N151,44,89764,A,1,0.75,0.72,5,U,-109,-2.25"
2026-07-13T13:34:07.779+00:00,/dev/cu.usbserial-576B0005451,"RX,834204,R35,TXJ,N136,9,90281,G,1,0.93,0.90,5,U,-109,-2.75"
2026-07-13T13:34:07.880+00:00,/dev/cu.usbserial-576B0005451,"RX,834304,R35,TXC,N31,20,90385,E,1,0.87,0.84,5,U,-109,-4.25"
2026-07-13T13:34:08.122+00:00,/dev/cu.usbserial-576B0005451,"RX,834547,R35,TXA,N01,88,90627,A,1,0.75,0.72,5,F,-108,-1.00"
2026-07-13T13:34:08.874+00:00,/dev/cu.usbserial-576B0005451,"RX,835298,R35,TXE,N61,41,91383,C,1,0.81,0.78,5,U,-108,-3.75"
2026-07-13T13:34:08.982+00:00,/dev/cu.usbserial-576B0005451,"RX,835405,R35,TXI,N121,20,91482,E,1,0.87,0.84,5,U,-109,-4.25"
2026-07-13T13:34:09.122+00:00,/dev/cu.usbserial-576B0005451,"RX,835547,R35,TXA,N01,89,91627,B,0,0.20,0.18,5,F,-108,-1.50"
2026-07-13T13:34:09.263+00:00,/dev/cu.usbserial-576B0005451,"RX,835687,R35,TXK,N151,45,91764,C,1,0.81,0.78,5,U,-108,-2.75"
2026-07-13T13:34:09.879+00:00,/dev/cu.usbserial-576B0005451,"RX,836304,R35,TXC,N31,21,92385,G,0,0.93,0.90,5,U,-108,-2.75"
2026-07-13T13:34:10.122+00:00,/dev/cu.usbserial-576B0005451,"RX,836547,R35,TXA,N01,90,92627,C,1,0.81,0.78,5,F,-107,-1.25"
2026-07-13T13:34:10.874+00:00,/dev/cu.usbserial-576B0005451,"RX,837298,R35,TXE,N61,42,93383,E,1,0.87,0.84,5,U,-109,-3.75"
2026-07-13T13:34:10.981+00:00,/dev/cu.usbserial-576B0005451,"RX,837405,R35,TXI,N121,21,93482,G,0,0.93,0.90,5,U,-109,-3.75"
2026-07-13T13:34:11.122+00:00,/dev/cu.usbserial-576B0005451,"RX,837547,R35,TXA,N01,91,93627,D,1,0.24,0.22,5,F,-108,-1.00"
2026-07-13T13:34:11.262+00:00,/dev/cu.usbserial-576B0005451,"RX,837687,R35,TXK,N151,46,93764,E,0,0.87,0.84,5,U,-108,-3.00"
2026-07-13T13:34:12.122+00:00,/dev/cu.usbserial-576B0005451,"RX,838547,R35,TXA,N01,92,94627,E,0,0.87,0.84,5,F,-107,-1.75"
2026-07-13T13:34:12.873+00:00,/dev/cu.usbserial-576B0005451,"RX,839298,R35,TXE,N61,43,95383,G,0,0.93,0.90,5,U,-109,-4.50"
2026-07-13T13:34:13.122+00:00,/dev/cu.usbserial-576B0005451,"RX,839547,R35,TXA,N01,93,95627,F,1,0.28,0.26,5,F,-108,-2.00"
2026-07-13T13:34:13.233+00:00,/dev/cu.usbserial-576B0005451,"RX,839658,R35,TXH,N106,7,95743,G,1,0.93,0.90,5,U,-105,0.00"
2026-07-13T13:34:13.415+00:00,/dev/cu.usbserial-576B0005451,"RX,839840,R35,TXL,N166,7,95917,G,1,0.93,0.90,5,U,-107,-0.25"
2026-07-13T13:34:13.926+00:00,/dev/cu.usbserial-576B0005451,"RX,840350,R35,TXD,N46,11,96431,G,1,0.93,0.90,5,U,-108,-5.50"
2026-07-13T13:34:14.124+00:00,/dev/cu.usbserial-576B0005451,"RX,840547,R35,TXA,N01,94,96627,G,1,0.93,0.90,5,F,-108,-2.00"
2026-07-13T13:34:14.874+00:00,/dev/cu.usbserial-576B0005451,"RX,841298,R35,TXE,N61,44,97383,A,1,0.75,0.72,5,U,-108,-4.25"
2026-07-13T13:34:15.122+00:00,/dev/cu.usbserial-576B0005451,"RX,841547,R35,TXA,N01,95,97627,H,0,0.32,0.30,5,F,-108,-1.25"
2026-07-13T13:34:15.263+00:00,/dev/cu.usbserial-576B0005451,"RX,841687,R35,TXK,N151,48,97764,A,1,0.75,0.72,5,U,-109,-3.50"
2026-07-13T13:34:15.779+00:00,/dev/cu.usbserial-576B0005451,"RX,842204,R35,TXJ,N136,10,98281,G,0,0.93,0.90,5,U,-108,-3.00"
2026-07-13T13:34:15.880+00:00,/dev/cu.usbserial-576B0005451,"RX,842304,R35,TXC,N31,22,98385,E,0,0.87,0.84,5,U,-108,-5.00"
2026-07-13T13:34:16.122+00:00,/dev/cu.usbserial-576B0005451,"RX,842547,R35,TXA,N01,96,98627,A,1,0.75,0.72,5,F,-107,-2.00"
2026-07-13T13:34:16.874+00:00,/dev/cu.usbserial-576B0005451,"RX,843298,R35,TXE,N61,45,99383,C,1,0.81,0.78,5,U,-108,-3.50"
2026-07-13T13:34:16.981+00:00,/dev/cu.usbserial-576B0005451,"RX,843405,R35,TXI,N121,22,99482,E,0,0.87,0.84,5,U,-108,-4.75"
2026-07-13T13:34:17.122+00:00,/dev/cu.usbserial-576B0005451,"RX,843547,R35,TXA,N01,97,99627,B,1,0.20,0.18,5,F,-108,-1.75"
2026-07-13T13:34:17.262+00:00,/dev/cu.usbserial-576B0005451,"RX,843687,R35,TXK,N151,49,99764,C,0,0.81,0.78,5,U,-109,-3.25"
2026-07-13T13:34:17.880+00:00,/dev/cu.usbserial-576B0005451,"RX,844304,R35,TXC,N31,23,100385,G,1,0.93,0.90,5,U,-109,-4.25"
2026-07-13T13:34:18.123+00:00,/dev/cu.usbserial-576B0005451,"RX,844547,R35,TXA,N01,98,100627,C,0,0.81,0.78,5,F,-108,-1.25"
2026-07-13T13:34:18.874+00:00,/dev/cu.usbserial-576B0005451,"RX,845298,R35,TXE,N61,46,101383,E,0,0.87,0.84,5,U,-108,-3.50"
2026-07-13T13:34:18.981+00:00,/dev/cu.usbserial-576B0005451,"RX,845405,R35,TXI,N121,23,101482,G,1,0.93,0.90,5,U,-109,-4.50"
2026-07-13T13:34:19.123+00:00,/dev/cu.usbserial-576B0005451,"RX,845547,R35,TXA,N01,99,101627,D,1,0.24,0.22,5,F,-108,-1.00"
2026-07-13T13:34:19.263+00:00,/dev/cu.usbserial-576B0005451,"RX,845687,R35,TXK,N151,50,101764,E,1,0.87,0.84,5,U,-109,-3.00"
2026-07-13T13:34:20.123+00:00,/dev/cu.usbserial-576B0005451,"RX,846547,R35,TXA,N01,100,102627,E,1,0.87,0.84,5,F,-108,-0.50"
2026-07-13T13:34:20.874+00:00,/dev/cu.usbserial-576B0005451,"RX,847298,R35,TXE,N61,47,103383,G,1,0.93,0.90,5,U,-108,-4.25"
2026-07-13T13:34:21.123+00:00,/dev/cu.usbserial-576B0005451,"RX,847547,R35,TXA,N01,101,103627,F,0,0.28,0.26,5,F,-107,-2.25"
2026-07-13T13:34:21.263+00:00,/dev/cu.usbserial-576B0005451,"RX,847687,R35,TXK,N151,51,103764,G,1,0.93,0.90,5,U,-108,-5.25"
2026-07-13T13:34:21.926+00:00,/dev/cu.usbserial-576B0005451,"RX,848351,R35,TXD,N46,12,104431,G,1,0.93,0.90,5,U,-109,-5.25"
2026-07-13T13:34:22.123+00:00,/dev/cu.usbserial-576B0005451,"RX,848547,R35,TXA,N01,102,104627,G,1,0.93,0.90,5,F,-107,-2.25"
2026-07-13T13:34:22.874+00:00,/dev/cu.usbserial-576B0005451,"RX,849298,R35,TXE,N61,48,105383,A,1,0.75,0.72,5,U,-109,-6.50"
2026-07-13T13:34:23.123+00:00,/dev/cu.usbserial-576B0005451,"RX,849547,R35,TXA,N01,103,105627,H,1,0.32,0.30,5,F,-107,-2.75"
2026-07-13T13:34:23.263+00:00,/dev/cu.usbserial-576B0005451,"RX,849687,R35,TXK,N151,52,105764,A,0,0.75,0.72,5,U,-108,-3.50"
2026-07-13T13:34:23.621+00:00,/dev/cu.usbserial-576B0005451,"RX,850046,R35,TXF,N76,25,106131,G,1,0.93,0.90,5,U,-108,-7.50"
2026-07-13T13:34:23.780+00:00,/dev/cu.usbserial-576B0005451,"RX,850204,R35,TXJ,N136,11,106281,G,1,0.93,0.90,5,U,-107,-2.50"
2026-07-13T13:34:23.879+00:00,/dev/cu.usbserial-576B0005451,"RX,850304,R35,TXC,N31,24,106385,E,1,0.87,0.84,5,U,-108,-5.50"
2026-07-13T13:34:24.123+00:00,/dev/cu.usbserial-576B0005451,"RX,850547,R35,TXA,N01,104,106627,A,0,0.75,0.72,5,F,-106,-2.00"
2026-07-13T13:34:24.874+00:00,/dev/cu.usbserial-576B0005451,"RX,851298,R35,TXE,N61,49,107383,C,0,0.81,0.78,5,U,-108,-5.50"
2026-07-13T13:34:24.981+00:00,/dev/cu.usbserial-576B0005451,"RX,851405,R35,TXI,N121,24,107482,E,1,0.87,0.84,5,U,-108,-5.75"
2026-07-13T13:34:25.123+00:00,/dev/cu.usbserial-576B0005451,"RX,851547,R35,TXA,N01,105,107627,B,1,0.20,0.18,5,F,-107,-2.00"
2026-07-13T13:34:25.263+00:00,/dev/cu.usbserial-576B0005451,"RX,851687,R35,TXK,N151,53,107764,C,1,0.81,0.78,5,U,-106,-5.25"
2026-07-13T13:34:25.880+00:00,/dev/cu.usbserial-576B0005451,"RX,852304,R35,TXC,N31,25,108385,G,1,0.93,0.90,5,U,-108,-5.50"
2026-07-13T13:34:26.123+00:00,/dev/cu.usbserial-576B0005451,"RX,852547,R35,TXA,N01,106,108627,C,1,0.81,0.78,5,F,-107,-1.75"
2026-07-13T13:34:26.874+00:00,/dev/cu.usbserial-576B0005451,"RX,853298,R35,TXE,N61,50,109383,E,1,0.87,0.84,5,U,-108,-4.50"
2026-07-13T13:34:26.981+00:00,/dev/cu.usbserial-576B0005451,"RX,853405,R35,TXI,N121,25,109482,G,1,0.93,0.90,5,U,-108,-5.50"
2026-07-13T13:34:27.123+00:00,/dev/cu.usbserial-576B0005451,"RX,853547,R35,TXA,N01,107,109627,D,0,0.24,0.22,5,F,-108,-2.00"
2026-07-13T13:34:27.263+00:00,/dev/cu.usbserial-576B0005451,"RX,853687,R35,TXK,N151,54,109764,E,1,0.87,0.84,5,U,-109,-3.50"
2026-07-13T13:34:28.123+00:00,/dev/cu.usbserial-576B0005451,"RX,854547,R35,TXA,N01,108,110627,E,1,0.87,0.84,5,F,-108,-2.75"
2026-07-13T13:34:28.874+00:00,/dev/cu.usbserial-576B0005451,"RX,855298,R35,TXE,N61,51,111383,G,1,0.93,0.90,5,U,-108,-4.00"
2026-07-13T13:34:29.263+00:00,/dev/cu.usbserial-576B0005451,"RX,855687,R35,TXK,N151,55,111764,G,0,0.93,0.90,5,U,-108,-2.50"
2026-07-13T13:34:29.926+00:00,/dev/cu.usbserial-576B0005451,"RX,856351,R35,TXD,N46,13,112431,G,0,0.93,0.90,5,U,-108,-5.75"
2026-07-13T13:34:30.125+00:00,/dev/cu.usbserial-576B0005451,"RX,856547,R35,TXA,N01,110,112627,G,0,0.93,0.90,5,F,-108,-2.50"
2026-07-13T13:34:30.571+00:00,/dev/cu.usbserial-576B0005451,"RX,856996,R35,TXG,N91,12,113081,G,1,0.93,0.90,5,U,-109,-8.25"
2026-07-13T13:34:30.874+00:00,/dev/cu.usbserial-576B0005451,"RX,857298,R35,TXE,N61,52,113383,A,0,0.75,0.72,5,U,-108,-4.50"
2026-07-13T13:34:31.123+00:00,/dev/cu.usbserial-576B0005451,"RX,857547,R35,TXA,N01,111,113627,H,1,0.32,0.30,5,F,-108,-3.00"
2026-07-13T13:34:31.263+00:00,/dev/cu.usbserial-576B0005451,"RX,857687,R35,TXK,N151,56,113764,A,1,0.75,0.72,5,U,-108,-3.00"
2026-07-13T13:34:31.880+00:00,/dev/cu.usbserial-576B0005451,"RX,858304,R35,TXC,N31,26,114385,E,1,0.87,0.84,5,U,-108,-6.75"
2026-07-13T13:34:32.123+00:00,/dev/cu.usbserial-576B0005451,"RX,858547,R35,TXA,N01,112,114627,A,1,0.75,0.72,5,F,-108,-3.00"
2026-07-13T13:34:32.874+00:00,/dev/cu.usbserial-576B0005451,"RX,859298,R35,TXE,N61,53,115383,C,1,0.81,0.78,5,U,-109,-4.50"
2026-07-13T13:34:32.981+00:00,/dev/cu.usbserial-576B0005451,"RX,859405,R35,TXI,N121,26,115482,E,1,0.87,0.84,5,U,-108,-6.25"
2026-07-13T13:34:33.123+00:00,/dev/cu.usbserial-576B0005451,"RX,859547,R35,TXA,N01,113,115627,B,0,0.20,0.18,5,F,-108,-3.50"
2026-07-13T13:34:33.263+00:00,/dev/cu.usbserial-576B0005451,"RX,859687,R35,TXK,N151,57,115764,C,1,0.81,0.78,5,U,-108,-3.75"
2026-07-13T13:34:34.123+00:00,/dev/cu.usbserial-576B0005451,"RX,860547,R35,TXA,N01,114,116627,C,1,0.81,0.78,5,F,-109,-3.25"
2026-07-13T13:34:34.874+00:00,/dev/cu.usbserial-576B0005451,"RX,861298,R35,TXE,N61,54,117383,E,1,0.87,0.84,5,U,-108,-5.25"
2026-07-13T13:34:34.981+00:00,/dev/cu.usbserial-576B0005451,"RX,861405,R35,TXI,N121,27,117482,G,0,0.93,0.90,5,U,-109,-6.25"
2026-07-13T13:34:35.123+00:00,/dev/cu.usbserial-576B0005451,"RX,861547,R35,TXA,N01,115,117627,D,1,0.24,0.22,5,F,-108,-2.00"
2026-07-13T13:34:35.263+00:00,/dev/cu.usbserial-576B0005451,"RX,861687,R35,TXK,N151,58,117764,E,0,0.87,0.84,5,U,-108,-2.25"
2026-07-13T13:34:36.126+00:00,/dev/cu.usbserial-576B0005451,"RX,862547,R35,TXA,N01,116,118627,E,0,0.87,0.84,5,F,-108,-3.00"
2026-07-13T13:34:36.874+00:00,/dev/cu.usbserial-576B0005451,"RX,863298,R35,TXE,N61,55,119383,G,0,0.93,0.90,5,U,-108,-4.25"
2026-07-13T13:34:37.123+00:00,/dev/cu.usbserial-576B0005451,"RX,863547,R35,TXA,N01,117,119627,F,1,0.28,0.26,5,F,-107,-3.50"
2026-07-13T13:34:37.263+00:00,/dev/cu.usbserial-576B0005451,"RX,863687,R35,TXK,N151,59,119764,G,1,0.93,0.90,5,U,-108,-3.00"
2026-07-13T13:34:37.926+00:00,/dev/cu.usbserial-576B0005451,"RX,864350,R35,TXD,N46,14,120431,G,1,0.93,0.90,5,U,-108,-6.00"
2026-07-13T13:34:38.123+00:00,/dev/cu.usbserial-576B0005451,"RX,864547,R35,TXA,N01,118,120627,G,1,0.93,0.90,5,F,-108,-4.25"
2026-07-13T13:34:38.571+00:00,/dev/cu.usbserial-576B0005451,"RX,864996,R35,TXG,N91,13,121081,G,0,0.93,0.90,5,U,-109,-7.50"
2026-07-13T13:34:38.874+00:00,/dev/cu.usbserial-576B0005451,"RX,865298,R35,TXE,N61,56,121383,A,1,0.75,0.72,5,U,-108,-4.50"
2026-07-13T13:34:39.123+00:00,/dev/cu.usbserial-576B0005451,"RX,865547,R35,TXA,N01,119,121627,H,0,0.32,0.30,5,F,-108,-2.75"
2026-07-13T13:34:39.263+00:00,/dev/cu.usbserial-576B0005451,"RX,865687,R35,TXK,N151,60,121764,A,1,0.75,0.72,5,U,-108,-3.75"
2026-07-13T13:34:39.621+00:00,/dev/cu.usbserial-576B0005451,"RX,866046,R35,TXF,N76,29,122131,G,1,0.93,0.90,5,U,-109,-8.75"
2026-07-13T13:34:39.780+00:00,/dev/cu.usbserial-576B0005451,"RX,866204,R35,TXJ,N136,13,122281,G,0,0.93,0.90,5,U,-108,-3.75"
2026-07-13T13:34:39.880+00:00,/dev/cu.usbserial-576B0005451,"RX,866304,R35,TXC,N31,28,122385,E,0,0.87,0.84,5,U,-109,-6.75"
2026-07-13T13:34:40.123+00:00,/dev/cu.usbserial-576B0005451,"RX,866547,R35,TXA,N01,120,122627,A,1,0.75,0.72,5,F,-108,-3.25"
2026-07-13T13:34:40.874+00:00,/dev/cu.usbserial-576B0005451,"RX,867298,R35,TXE,N61,57,123383,C,1,0.81,0.78,5,U,-108,-3.25"
2026-07-13T13:34:40.981+00:00,/dev/cu.usbserial-576B0005451,"RX,867405,R35,TXI,N121,28,123482,E,0,0.87,0.84,5,U,-108,-5.50"
2026-07-13T13:34:41.123+00:00,/dev/cu.usbserial-576B0005451,"RX,867547,R35,TXA,N01,121,123627,B,1,0.20,0.18,5,F,-108,-3.00"
2026-07-13T13:34:41.263+00:00,/dev/cu.usbserial-576B0005451,"RX,867687,R35,TXK,N151,61,123764,C,0,0.81,0.78,5,U,-108,-4.75"
2026-07-13T13:34:41.880+00:00,/dev/cu.usbserial-576B0005451,"RX,868304,R35,TXC,N31,29,124385,G,1,0.93,0.90,5,U,-109,-4.25"
2026-07-13T13:34:42.123+00:00,/dev/cu.usbserial-576B0005451,"RX,868547,R35,TXA,N01,122,124627,C,0,0.81,0.78,5,F,-108,-4.50"
2026-07-13T13:34:42.874+00:00,/dev/cu.usbserial-576B0005451,"RX,869298,R35,TXE,N61,58,125383,E,0,0.87,0.84,5,U,-109,-5.75"
2026-07-13T13:34:42.981+00:00,/dev/cu.usbserial-576B0005451,"RX,869405,R35,TXI,N121,29,125482,G,1,0.93,0.90,5,U,-107,-6.25"
2026-07-13T13:34:43.123+00:00,/dev/cu.usbserial-576B0005451,"RX,869547,R35,TXA,N01,123,125627,D,1,0.24,0.22,5,F,-107,-1.75"
2026-07-13T13:34:43.263+00:00,/dev/cu.usbserial-576B0005451,"RX,869687,R35,TXK,N151,62,125764,E,1,0.87,0.84,5,U,-107,-1.25"
2026-07-13T13:34:44.123+00:00,/dev/cu.usbserial-576B0005451,"RX,870547,R35,TXA,N01,124,126627,E,1,0.87,0.84,5,F,-108,-2.50"
2026-07-13T13:34:44.874+00:00,/dev/cu.usbserial-576B0005451,"RX,871298,R35,TXE,N61,59,127383,G,1,0.93,0.90,5,U,-109,-4.75"
2026-07-13T13:34:45.123+00:00,/dev/cu.usbserial-576B0005451,"RX,871547,R35,TXA,N01,125,127627,F,0,0.28,0.26,5,F,-109,-4.25"
2026-07-13T13:34:45.263+00:00,/dev/cu.usbserial-576B0005451,"RX,871687,R35,TXK,N151,63,127764,G,1,0.93,0.90,5,U,-108,-3.00"
2026-07-13T13:34:45.621+00:00,/dev/cu.usbserial-576B0005451,"RX,872046,R35,TXF,N76,30,128131,E,1,0.87,0.84,5,U,-110,-8.25"
2026-07-13T13:34:45.926+00:00,/dev/cu.usbserial-576B0005451,"RX,872350,R35,TXD,N46,15,128431,G,1,0.93,0.90,5,U,-109,-5.00"
2026-07-13T13:34:46.123+00:00,/dev/cu.usbserial-576B0005451,"RX,872547,R35,TXA,N01,126,128627,G,1,0.93,0.90,5,F,-108,-2.50"
2026-07-13T13:34:46.874+00:00,/dev/cu.usbserial-576B0005451,"RX,873298,R35,TXE,N61,60,129383,A,1,0.75,0.72,5,U,-110,-5.25"
2026-07-13T13:34:47.123+00:00,/dev/cu.usbserial-576B0005451,"RX,873547,R35,TXA,N01,127,129627,H,1,0.32,0.30,5,F,-106,1.50"
2026-07-13T13:34:47.263+00:00,/dev/cu.usbserial-576B0005451,"RX,873687,R35,TXK,N151,64,129764,A,1,0.75,0.72,5,U,-108,-1.00"
2026-07-13T13:34:47.780+00:00,/dev/cu.usbserial-576B0005451,"RX,874204,R35,TXJ,N136,14,130281,G,1,0.93,0.90,5,U,-109,-5.50"
2026-07-13T13:34:47.880+00:00,/dev/cu.usbserial-576B0005451,"RX,874304,R35,TXC,N31,30,130385,E,1,0.87,0.84,5,U,-110,-6.50"
2026-07-13T13:34:48.123+00:00,/dev/cu.usbserial-576B0005451,"RX,874547,R35,TXA,N01,128,130627,A,1,0.75,0.72,5,F,-108,-3.50"
2026-07-13T13:34:48.874+00:00,/dev/cu.usbserial-576B0005451,"RX,875298,R35,TXE,N61,61,131383,C,0,0.81,0.78,5,U,-108,0.25"
2026-07-13T13:34:48.981+00:00,/dev/cu.usbserial-576B0005451,"RX,875405,R35,TXI,N121,30,131482,E,1,0.87,0.84,5,U,-108,-1.25"
2026-07-13T13:34:49.123+00:00,/dev/cu.usbserial-576B0005451,"RX,875547,R35,TXA,N01,129,131627,B,0,0.20,0.18,5,F,-108,-1.00"
2026-07-13T13:34:49.263+00:00,/dev/cu.usbserial-576B0005451,"RX,875687,R35,TXK,N151,65,131764,C,1,0.81,0.78,5,U,-108,-1.75"
2026-07-13T13:34:50.123+00:00,/dev/cu.usbserial-576B0005451,"RX,876547,R35,TXA,N01,130,132627,C,1,0.81,0.78,5,F,-109,-3.50"
2026-07-13T13:34:50.874+00:00,/dev/cu.usbserial-576B0005451,"RX,877298,R35,TXE,N61,62,133383,E,1,0.87,0.84,5,U,-109,-6.50"
2026-07-13T13:34:50.980+00:00,/dev/cu.usbserial-576B0005451,"RX,877405,R35,TXI,N121,31,133482,G,1,0.93,0.90,5,U,-109,-5.50"
2026-07-13T13:34:51.123+00:00,/dev/cu.usbserial-576B0005451,"RX,877547,R35,TXA,N01,131,133627,D,1,0.24,0.22,5,F,-109,-6.00"
2026-07-13T13:34:51.263+00:00,/dev/cu.usbserial-576B0005451,"RX,877687,R35,TXK,N151,66,133764,E,0,0.87,0.84,5,U,-103,4.25"
2026-07-13T13:34:52.123+00:00,/dev/cu.usbserial-576B0005451,"RX,878547,R35,TXA,N01,132,134627,E,0,0.87,0.84,5,F,-109,-6.75"
2026-07-13T13:34:52.874+00:00,/dev/cu.usbserial-576B0005451,"RX,879298,R35,TXE,N61,63,135383,G,1,0.93,0.90,5,U,-109,-4.00"
2026-07-13T13:34:53.123+00:00,/dev/cu.usbserial-576B0005451,"RX,879547,R35,TXA,N01,133,135627,F,1,0.28,0.26,5,F,-108,0.25"
2026-07-13T13:34:53.233+00:00,/dev/cu.usbserial-576B0005451,"RX,879658,R35,TXH,N106,8,135743,G,1,0.93,0.90,5,U,-106,0.25"
2026-07-13T13:34:53.415+00:00,/dev/cu.usbserial-576B0005451,"RX,879839,R35,TXL,N166,8,135917,G,1,0.93,0.90,5,U,-108,-1.00"
2026-07-13T13:34:53.621+00:00,/dev/cu.usbserial-576B0005451,"RX,880046,R35,TXF,N76,32,136131,E,0,0.87,0.84,5,U,-110,-7.25"
2026-07-13T13:34:53.926+00:00,/dev/cu.usbserial-576B0005451,"RX,880350,R35,TXD,N46,16,136431,G,1,0.93,0.90,5,U,-110,-4.00"
2026-07-13T13:34:54.123+00:00,/dev/cu.usbserial-576B0005451,"RX,880547,R35,TXA,N01,134,136627,G,1,0.93,0.90,5,F,-109,-2.25"
2026-07-13T13:34:55.123+00:00,/dev/cu.usbserial-576B0005451,"RX,881547,R35,TXA,N01,135,137627,H,0,0.32,0.30,5,F,-107,-1.75"
2026-07-13T13:34:55.263+00:00,/dev/cu.usbserial-576B0005451,"RX,881687,R35,TXK,N151,68,137764,A,1,0.75,0.72,5,U,-109,-4.25"
2026-07-13T13:34:55.621+00:00,/dev/cu.usbserial-576B0005451,"RX,882046,R35,TXF,N76,33,138131,G,1,0.93,0.90,5,U,-110,-9.00"
2026-07-13T13:34:55.780+00:00,/dev/cu.usbserial-576B0005451,"RX,882204,R35,TXJ,N136,15,138281,G,1,0.93,0.90,5,U,-108,-3.50"
2026-07-13T13:34:55.879+00:00,/dev/cu.usbserial-576B0005451,"RX,882304,R35,TXC,N31,32,138385,E,0,0.87,0.84,5,U,-109,-4.50"
2026-07-13T13:34:56.123+00:00,/dev/cu.usbserial-576B0005451,"RX,882547,R35,TXA,N01,136,138627,A,1,0.75,0.72,5,F,-108,-2.25"
2026-07-13T13:34:56.874+00:00,/dev/cu.usbserial-576B0005451,"RX,883298,R35,TXE,N61,65,139383,C,1,0.81,0.78,5,U,-109,-3.50"
2026-07-13T13:34:56.981+00:00,/dev/cu.usbserial-576B0005451,"RX,883405,R35,TXI,N121,32,139482,E,0,0.87,0.84,5,U,-109,-4.50"
2026-07-13T13:34:57.123+00:00,/dev/cu.usbserial-576B0005451,"RX,883547,R35,TXA,N01,137,139627,B,1,0.20,0.18,5,F,-108,-1.00"
2026-07-13T13:34:57.262+00:00,/dev/cu.usbserial-576B0005451,"RX,883687,R35,TXK,N151,69,139764,C,0,0.81,0.78,5,U,-108,-3.25"
2026-07-13T13:34:57.879+00:00,/dev/cu.usbserial-576B0005451,"RX,884304,R35,TXC,N31,33,140385,G,1,0.93,0.90,5,U,-108,-3.00"
2026-07-13T13:34:58.123+00:00,/dev/cu.usbserial-576B0005451,"RX,884547,R35,TXA,N01,138,140627,C,0,0.81,0.78,5,F,-108,-1.50"
2026-07-13T13:34:58.874+00:00,/dev/cu.usbserial-576B0005451,"RX,885298,R35,TXE,N61,66,141383,E,0,0.87,0.84,5,U,-108,-4.00"
2026-07-13T13:34:58.981+00:00,/dev/cu.usbserial-576B0005451,"RX,885405,R35,TXI,N121,33,141482,G,1,0.93,0.90,5,U,-109,-5.25"
2026-07-13T13:34:59.123+00:00,/dev/cu.usbserial-576B0005451,"RX,885547,R35,TXA,N01,139,141627,D,1,0.24,0.22,5,F,-108,-1.50"
2026-07-13T13:34:59.263+00:00,/dev/cu.usbserial-576B0005451,"RX,885687,R35,TXK,N151,70,141764,E,1,0.87,0.84,5,U,-108,-3.00"
2026-07-13T13:35:00.123+00:00,/dev/cu.usbserial-576B0005451,"RX,886547,R35,TXA,N01,140,142627,E,1,0.87,0.84,5,F,-108,-1.75"
2026-07-13T13:35:00.874+00:00,/dev/cu.usbserial-576B0005451,"RX,887298,R35,TXE,N61,67,143383,G,1,0.93,0.90,5,U,-109,-4.00"
2026-07-13T13:35:01.123+00:00,/dev/cu.usbserial-576B0005451,"RX,887547,R35,TXA,N01,141,143627,F,0,0.28,0.26,5,F,-108,-1.50"
2026-07-13T13:35:01.233+00:00,/dev/cu.usbserial-576B0005451,"RX,887658,R35,TXH,N106,9,143743,G,1,0.93,0.90,5,U,-104,1.75"
2026-07-13T13:35:01.415+00:00,/dev/cu.usbserial-576B0005451,"RX,887839,R35,TXL,N166,9,143917,G,1,0.93,0.90,5,U,-108,-1.00"
2026-07-13T13:35:01.621+00:00,/dev/cu.usbserial-576B0005451,"RX,888046,R35,TXF,N76,34,144131,E,1,0.87,0.84,5,U,-109,-8.00"
2026-07-13T13:35:01.926+00:00,/dev/cu.usbserial-576B0005451,"RX,888350,R35,TXD,N46,17,144431,G,1,0.93,0.90,5,U,-109,-3.75"
2026-07-13T13:35:02.123+00:00,/dev/cu.usbserial-576B0005451,"RX,888547,R35,TXA,N01,142,144627,G,1,0.93,0.90,5,F,-108,-1.00"
2026-07-13T13:35:02.571+00:00,/dev/cu.usbserial-576B0005451,"RX,888996,R35,TXG,N91,16,145081,G,1,0.93,0.90,5,U,-110,-8.00"
2026-07-13T13:35:02.874+00:00,/dev/cu.usbserial-576B0005451,"RX,889298,R35,TXE,N61,68,145383,A,1,0.75,0.72,5,U,-109,-3.75"
2026-07-13T13:35:03.123+00:00,/dev/cu.usbserial-576B0005451,"RX,889547,R35,TXA,N01,143,145627,H,1,0.32,0.30,5,F,-109,-1.50"
2026-07-13T13:35:03.263+00:00,/dev/cu.usbserial-576B0005451,"RX,889687,R35,TXK,N151,72,145764,A,0,0.75,0.72,5,U,-109,-2.75"
2026-07-13T13:35:03.780+00:00,/dev/cu.usbserial-576B0005451,"RX,890204,R35,TXJ,N136,16,146281,G,1,0.93,0.90,5,U,-109,-3.25"
2026-07-13T13:35:03.879+00:00,/dev/cu.usbserial-576B0005451,"RX,890304,R35,TXC,N31,34,146385,E,1,0.87,0.84,5,U,-109,-5.00"
2026-07-13T13:35:04.123+00:00,/dev/cu.usbserial-576B0005451,"RX,890547,R35,TXA,N01,144,146627,A,0,0.75,0.72,5,F,-108,-1.75"
2026-07-13T13:35:04.874+00:00,/dev/cu.usbserial-576B0005451,"RX,891298,R35,TXE,N61,69,147383,C,0,0.81,0.78,5,U,-109,-4.50"
2026-07-13T13:35:04.981+00:00,/dev/cu.usbserial-576B0005451,"RX,891405,R35,TXI,N121,34,147482,E,1,0.87,0.84,5,U,-109,-6.00"
2026-07-13T13:35:05.123+00:00,/dev/cu.usbserial-576B0005451,"RX,891547,R35,TXA,N01,145,147627,B,1,0.20,0.18,5,F,-108,-2.00"
2026-07-13T13:35:05.263+00:00,/dev/cu.usbserial-576B0005451,"RX,891687,R35,TXK,N151,73,147764,C,1,0.81,0.78,5,U,-108,-2.75"
2026-07-13T13:35:05.879+00:00,/dev/cu.usbserial-576B0005451,"RX,892304,R35,TXC,N31,35,148385,G,1,0.93,0.90,5,U,-108,-4.25"
2026-07-13T13:35:06.123+00:00,/dev/cu.usbserial-576B0005451,"RX,892547,R35,TXA,N01,146,148627,C,1,0.81,0.78,5,F,-108,-1.25"
2026-07-13T13:35:06.874+00:00,/dev/cu.usbserial-576B0005451,"RX,893298,R35,TXE,N61,70,149383,E,1,0.87,0.84,5,U,-109,-4.00"
2026-07-13T13:35:06.981+00:00,/dev/cu.usbserial-576B0005451,"RX,893405,R35,TXI,N121,35,149482,G,1,0.93,0.90,5,U,-109,-6.25"
2026-07-13T13:35:07.123+00:00,/dev/cu.usbserial-576B0005451,"RX,893547,R35,TXA,N01,147,149627,D,0,0.24,0.22,5,F,-109,-1.50"
2026-07-13T13:35:07.263+00:00,/dev/cu.usbserial-576B0005451,"RX,893687,R35,TXK,N151,74,149764,E,1,0.87,0.84,5,U,-109,-2.75"
2026-07-13T13:35:08.123+00:00,/dev/cu.usbserial-576B0005451,"RX,894547,R35,TXA,N01,148,150627,E,1,0.87,0.84,5,F,-109,0.50"
2026-07-13T13:35:08.874+00:00,/dev/cu.usbserial-576B0005451,"RX,895298,R35,TXE,N61,71,151383,G,1,0.93,0.90,5,U,-110,-2.75"
2026-07-13T13:35:09.123+00:00,/dev/cu.usbserial-576B0005451,"RX,895547,R35,TXA,N01,149,151627,F,1,0.28,0.26,5,F,-109,-0.25"
2026-07-13T13:35:09.233+00:00,/dev/cu.usbserial-576B0005451,"RX,895658,R35,TXH,N106,10,151743,G,0,0.93,0.90,5,U,-104,2.25"
2026-07-13T13:35:09.415+00:00,/dev/cu.usbserial-576B0005451,"RX,895839,R35,TXL,N166,10,151917,G,0,0.93,0.90,5,U,-109,-0.50"
2026-07-13T13:35:09.926+00:00,/dev/cu.usbserial-576B0005451,"RX,896350,R35,TXD,N46,18,152431,G,0,0.93,0.90,5,U,-109,-4.00"
2026-07-13T13:35:10.123+00:00,/dev/cu.usbserial-576B0005451,"RX,896547,R35,TXA,N01,150,152627,G,0,0.93,0.90,5,F,-108,-0.75"
2026-07-13T13:35:10.874+00:00,/dev/cu.usbserial-576B0005451,"RX,897298,R35,TXE,N61,72,153383,A,0,0.75,0.72,5,U,-110,-3.75"
2026-07-13T13:35:11.123+00:00,/dev/cu.usbserial-576B0005451,"RX,897547,R35,TXA,N01,151,153627,H,1,0.32,0.30,5,F,-109,-0.50"
2026-07-13T13:35:11.263+00:00,/dev/cu.usbserial-576B0005451,"RX,897687,R35,TXK,N151,76,153764,A,1,0.75,0.72,5,U,-109,-2.50"
2026-07-13T13:35:11.621+00:00,/dev/cu.usbserial-576B0005451,"RX,898046,R35,TXF,N76,37,154131,G,0,0.93,0.90,5,U,-111,-7.25"
2026-07-13T13:35:11.780+00:00,/dev/cu.usbserial-576B0005451,"RX,898204,R35,TXJ,N136,17,154281,G,1,0.93,0.90,5,U,-109,-1.75"
2026-07-13T13:35:11.879+00:00,/dev/cu.usbserial-576B0005451,"RX,898304,R35,TXC,N31,36,154385,E,1,0.87,0.84,5,U,-109,-3.50"
2026-07-13T13:35:12.123+00:00,/dev/cu.usbserial-576B0005451,"RX,898547,R35,TXA,N01,152,154627,A,1,0.75,0.72,5,F,-108,0.00"
2026-07-13T13:35:12.874+00:00,/dev/cu.usbserial-576B0005451,"RX,899298,R35,TXE,N61,73,155383,C,1,0.81,0.78,5,U,-110,-3.25"
2026-07-13T13:35:12.981+00:00,/dev/cu.usbserial-576B0005451,"RX,899405,R35,TXI,N121,36,155482,E,1,0.87,0.84,5,U,-110,-5.25"
2026-07-13T13:35:13.123+00:00,/dev/cu.usbserial-576B0005451,"RX,899547,R35,TXA,N01,153,155627,B,0,0.20,0.18,5,F,-109,-0.50"
2026-07-13T13:35:13.263+00:00,/dev/cu.usbserial-576B0005451,"RX,899687,R35,TXK,N151,77,155764,C,1,0.81,0.78,5,U,-109,-2.00"
2026-07-13T13:35:13.879+00:00,/dev/cu.usbserial-576B0005451,"RX,900304,R35,TXC,N31,37,156385,G,0,0.93,0.90,5,U,-110,-2.75"
2026-07-13T13:35:14.123+00:00,/dev/cu.usbserial-576B0005451,"RX,900547,R35,TXA,N01,154,156627,C,1,0.81,0.78,5,F,-108,-0.25"
2026-07-13T13:35:14.874+00:00,/dev/cu.usbserial-576B0005451,"RX,901298,R35,TXE,N61,74,157383,E,1,0.87,0.84,5,U,-110,-3.50"
2026-07-13T13:35:14.981+00:00,/dev/cu.usbserial-576B0005451,"RX,901405,R35,TXI,N121,37,157482,G,0,0.93,0.90,5,U,-109,-5.50"
2026-07-13T13:35:15.123+00:00,/dev/cu.usbserial-576B0005451,"RX,901547,R35,TXA,N01,155,157627,D,1,0.24,0.22,5,F,-108,0.25"
2026-07-13T13:35:15.263+00:00,/dev/cu.usbserial-576B0005451,"RX,901687,R35,TXK,N151,78,157764,E,0,0.87,0.84,5,U,-109,-2.50"
2026-07-13T13:35:16.123+00:00,/dev/cu.usbserial-576B0005451,"RX,902547,R35,TXA,N01,156,158627,E,0,0.87,0.84,5,F,-108,0.25"
2026-07-13T13:35:16.874+00:00,/dev/cu.usbserial-576B0005451,"RX,903298,R35,TXE,N61,75,159383,G,0,0.93,0.90,5,U,-110,-3.75"
2026-07-13T13:35:17.123+00:00,/dev/cu.usbserial-576B0005451,"RX,903547,R35,TXA,N01,157,159627,F,1,0.28,0.26,5,F,-108,-0.25"
2026-07-13T13:35:17.233+00:00,/dev/cu.usbserial-576B0005451,"RX,903658,R35,TXH,N106,11,159743,G,1,0.93,0.90,5,U,-105,1.25"
2026-07-13T13:35:17.415+00:00,/dev/cu.usbserial-576B0005451,"RX,903839,R35,TXL,N166,11,159917,G,1,0.93,0.90,5,U,-109,-0.75"
2026-07-13T13:35:17.621+00:00,/dev/cu.usbserial-576B0005451,"RX,904045,R35,TXF,N76,38,160131,E,0,0.87,0.84,5,U,-110,-7.00"
2026-07-13T13:35:17.926+00:00,/dev/cu.usbserial-576B0005451,"RX,904350,R35,TXD,N46,19,160431,G,1,0.93,0.90,5,U,-110,-4.25"
2026-07-13T13:35:18.123+00:00,/dev/cu.usbserial-576B0005451,"RX,904547,R35,TXA,N01,158,160627,G,1,0.93,0.90,5,F,-108,-0.75"
2026-07-13T13:35:18.571+00:00,/dev/cu.usbserial-576B0005451,"RX,904996,R35,TXG,N91,18,161081,G,0,0.93,0.90,5,U,-111,-6.50"
2026-07-13T13:35:18.874+00:00,/dev/cu.usbserial-576B0005451,"RX,905298,R35,TXE,N61,76,161383,A,1,0.75,0.72,5,U,-109,-3.00"
2026-07-13T13:35:19.123+00:00,/dev/cu.usbserial-576B0005451,"RX,905547,R35,TXA,N01,159,161627,H,0,0.32,0.30,5,F,-108,0.25"
2026-07-13T13:35:19.263+00:00,/dev/cu.usbserial-576B0005451,"RX,905687,R35,TXK,N151,80,161764,A,1,0.75,0.72,5,U,-109,-1.25"
2026-07-13T13:35:19.621+00:00,/dev/cu.usbserial-576B0005451,"RX,906045,R35,TXF,N76,39,162131,G,1,0.93,0.90,5,U,-110,-7.75"
2026-07-13T13:35:19.780+00:00,/dev/cu.usbserial-576B0005451,"RX,906204,R35,TXJ,N136,18,162281,G,0,0.93,0.90,5,U,-109,-2.00"
2026-07-13T13:35:19.879+00:00,/dev/cu.usbserial-576B0005451,"RX,906304,R35,TXC,N31,38,162385,E,0,0.87,0.84,5,U,-109,-2.50"
2026-07-13T13:35:20.123+00:00,/dev/cu.usbserial-576B0005451,"RX,906547,R35,TXA,N01,160,162627,A,1,0.75,0.72,5,F,-108,-0.25"
2026-07-13T13:35:20.874+00:00,/dev/cu.usbserial-576B0005451,"RX,907298,R35,TXE,N61,77,163383,C,1,0.81,0.78,5,U,-110,-3.75"
2026-07-13T13:35:20.981+00:00,/dev/cu.usbserial-576B0005451,"RX,907405,R35,TXI,N121,38,163482,E,0,0.87,0.84,5,U,-110,-4.50"
2026-07-13T13:35:21.123+00:00,/dev/cu.usbserial-576B0005451,"RX,907547,R35,TXA,N01,161,163627,B,1,0.20,0.18,5,F,-108,-0.75"
2026-07-13T13:35:21.263+00:00,/dev/cu.usbserial-576B0005451,"RX,907687,R35,TXK,N151,81,163764,C,0,0.81,0.78,5,U,-109,-1.75"
2026-07-13T13:35:21.879+00:00,/dev/cu.usbserial-576B0005451,"RX,908304,R35,TXC,N31,39,164385,G,1,0.93,0.90,5,U,-110,-3.25"
2026-07-13T13:35:22.123+00:00,/dev/cu.usbserial-576B0005451,"RX,908547,R35,TXA,N01,162,164627,C,0,0.81,0.78,5,F,-109,-0.75"
2026-07-13T13:35:22.874+00:00,/dev/cu.usbserial-576B0005451,"RX,909298,R35,TXE,N61,78,165383,E,0,0.87,0.84,5,U,-110,-2.75"
2026-07-13T13:35:22.981+00:00,/dev/cu.usbserial-576B0005451,"RX,909405,R35,TXI,N121,39,165482,G,1,0.93,0.90,5,U,-110,-4.50"
2026-07-13T13:35:23.123+00:00,/dev/cu.usbserial-576B0005451,"RX,909547,R35,TXA,N01,163,165627,D,1,0.24,0.22,5,F,-109,0.00"
2026-07-13T13:35:23.262+00:00,/dev/cu.usbserial-576B0005451,"RX,909687,R35,TXK,N151,82,165764,E,1,0.87,0.84,5,U,-108,-0.75"
2026-07-13T13:35:24.126+00:00,/dev/cu.usbserial-576B0005451,"RX,910547,R35,TXA,N01,164,166627,E,1,0.87,0.84,5,F,-108,0.25"
2026-07-13T13:35:24.874+00:00,/dev/cu.usbserial-576B0005451,"RX,911298,R35,TXE,N61,79,167383,G,1,0.93,0.90,5,U,-110,-3.25"
2026-07-13T13:35:25.123+00:00,/dev/cu.usbserial-576B0005451,"RX,911547,R35,TXA,N01,165,167627,F,0,0.28,0.26,5,F,-108,-0.25"
2026-07-13T13:35:25.262+00:00,/dev/cu.usbserial-576B0005451,"RX,911687,R35,TXK,N151,83,167764,G,1,0.93,0.90,5,U,-109,-0.75"
2026-07-13T13:35:25.621+00:00,/dev/cu.usbserial-576B0005451,"RX,912045,R35,TXF,N76,40,168131,E,1,0.87,0.84,5,U,-110,-6.75"
2026-07-13T13:35:25.926+00:00,/dev/cu.usbserial-576B0005451,"RX,912350,R35,TXD,N46,20,168431,G,1,0.93,0.90,5,U,-110,-3.50"
2026-07-13T13:35:26.123+00:00,/dev/cu.usbserial-576B0005451,"RX,912547,R35,TXA,N01,166,168627,G,1,0.93,0.90,5,F,-108,0.50"
2026-07-13T13:35:26.571+00:00,/dev/cu.usbserial-576B0005451,"RX,912996,R35,TXG,N91,19,169081,G,1,0.93,0.90,5,U,-110,-8.25"
2026-07-13T13:35:26.874+00:00,/dev/cu.usbserial-576B0005451,"RX,913298,R35,TXE,N61,80,169383,A,1,0.75,0.72,5,U,-109,-3.25"
2026-07-13T13:35:27.123+00:00,/dev/cu.usbserial-576B0005451,"RX,913547,R35,TXA,N01,167,169627,H,1,0.32,0.30,5,F,-108,0.00"
2026-07-13T13:35:27.262+00:00,/dev/cu.usbserial-576B0005451,"RX,913687,R35,TXK,N151,84,169764,A,0,0.75,0.72,5,U,-109,-2.50"
2026-07-13T13:35:27.621+00:00,/dev/cu.usbserial-576B0005451,"RX,914045,R35,TXF,N76,41,170131,G,1,0.93,0.90,5,U,-111,-7.25"
2026-07-13T13:35:27.780+00:00,/dev/cu.usbserial-576B0005451,"RX,914204,R35,TXJ,N136,19,170281,G,1,0.93,0.90,5,U,-109,-2.25"
2026-07-13T13:35:27.879+00:00,/dev/cu.usbserial-576B0005451,"RX,914304,R35,TXC,N31,40,170385,E,1,0.87,0.84,5,U,-110,-3.50"
2026-07-13T13:35:28.123+00:00,/dev/cu.usbserial-576B0005451,"RX,914547,R35,TXA,N01,168,170627,A,0,0.75,0.72,5,F,-109,0.25"
2026-07-13T13:35:28.874+00:00,/dev/cu.usbserial-576B0005451,"RX,915298,R35,TXE,N61,81,171383,C,0,0.81,0.78,5,U,-110,-3.25"
2026-07-13T13:35:28.981+00:00,/dev/cu.usbserial-576B0005451,"RX,915405,R35,TXI,N121,40,171482,E,1,0.87,0.84,5,U,-110,-5.00"
2026-07-13T13:35:29.123+00:00,/dev/cu.usbserial-576B0005451,"RX,915547,R35,TXA,N01,169,171627,B,1,0.20,0.18,5,F,-108,0.00"
2026-07-13T13:35:29.262+00:00,/dev/cu.usbserial-576B0005451,"RX,915687,R35,TXK,N151,85,171764,C,1,0.81,0.78,5,U,-108,-1.25"
2026-07-13T13:35:29.879+00:00,/dev/cu.usbserial-576B0005451,"RX,916304,R35,TXC,N31,41,172385,G,1,0.93,0.90,5,U,-110,-3.25"
2026-07-13T13:35:30.123+00:00,/dev/cu.usbserial-576B0005451,"RX,916547,R35,TXA,N01,170,172627,C,1,0.81,0.78,5,F,-108,-0.25"
2026-07-13T13:35:30.874+00:00,/dev/cu.usbserial-576B0005451,"RX,917298,R35,TXE,N61,82,173383,E,1,0.87,0.84,5,U,-109,-2.00"
2026-07-13T13:35:30.981+00:00,/dev/cu.usbserial-576B0005451,"RX,917405,R35,TXI,N121,41,173482,G,1,0.93,0.90,5,U,-110,-3.75"
2026-07-13T13:35:31.123+00:00,/dev/cu.usbserial-576B0005451,"RX,917547,R35,TXA,N01,171,173627,D,0,0.24,0.22,5,F,-108,0.00"
2026-07-13T13:35:31.263+00:00,/dev/cu.usbserial-576B0005451,"RX,917687,R35,TXK,N151,86,173764,E,1,0.87,0.84,5,U,-109,-1.75"
2026-07-13T13:35:32.123+00:00,/dev/cu.usbserial-576B0005451,"RX,918547,R35,TXA,N01,172,174627,E,1,0.87,0.84,5,F,-108,-0.50"
2026-07-13T13:35:32.874+00:00,/dev/cu.usbserial-576B0005451,"RX,919298,R35,TXE,N61,83,175383,G,1,0.93,0.90,5,U,-109,-3.50"
2026-07-13T13:35:33.123+00:00,/dev/cu.usbserial-576B0005451,"RX,919547,R35,TXA,N01,173,175627,F,1,0.28,0.26,5,F,-108,-0.25"
2026-07-13T13:35:33.263+00:00,/dev/cu.usbserial-576B0005451,"RX,919687,R35,TXK,N151,87,175764,G,0,0.93,0.90,5,U,-109,-1.50"
2026-07-13T13:35:33.621+00:00,/dev/cu.usbserial-576B0005451,"RX,920045,R35,TXF,N76,42,176131,E,1,0.87,0.84,5,U,-111,-6.25"
2026-07-13T13:35:33.926+00:00,/dev/cu.usbserial-576B0005451,"RX,920350,R35,TXD,N46,21,176431,G,0,0.93,0.90,5,U,-110,-5.00"
2026-07-13T13:35:34.123+00:00,/dev/cu.usbserial-576B0005451,"RX,920547,R35,TXA,N01,174,176627,G,0,0.93,0.90,5,F,-108,-0.50"
2026-07-13T13:35:34.874+00:00,/dev/cu.usbserial-576B0005451,"RX,921298,R35,TXE,N61,84,177383,A,0,0.75,0.72,5,U,-110,-3.50"
2026-07-13T13:35:35.123+00:00,/dev/cu.usbserial-576B0005451,"RX,921547,R35,TXA,N01,175,177627,H,1,0.32,0.30,5,F,-108,-0.75"
2026-07-13T13:35:35.262+00:00,/dev/cu.usbserial-576B0005451,"RX,921687,R35,TXK,N151,88,177764,A,1,0.75,0.72,5,U,-104,-6.75"
2026-07-13T13:35:35.621+00:00,/dev/cu.usbserial-576B0005451,"RX,922045,R35,TXF,N76,43,178131,G,0,0.93,0.90,5,U,-111,-7.75"
2026-07-13T13:35:35.780+00:00,/dev/cu.usbserial-576B0005451,"RX,922204,R35,TXJ,N136,20,178281,G,1,0.93,0.90,5,U,-109,-1.75"
2026-07-13T13:35:35.879+00:00,/dev/cu.usbserial-576B0005451,"RX,922304,R35,TXC,N31,42,178385,E,1,0.87,0.84,5,U,-109,-2.00"
2026-07-13T13:35:36.124+00:00,/dev/cu.usbserial-576B0005451,"RX,922547,R35,TXA,N01,176,178627,A,1,0.75,0.72,5,F,-109,0.00"
2026-07-13T13:35:36.874+00:00,/dev/cu.usbserial-576B0005451,"RX,923298,R35,TXE,N61,85,179383,C,1,0.81,0.78,5,U,-110,-3.50"
2026-07-13T13:35:36.981+00:00,/dev/cu.usbserial-576B0005451,"RX,923405,R35,TXI,N121,42,179482,E,1,0.87,0.84,5,U,-110,-5.50"
2026-07-13T13:35:37.123+00:00,/dev/cu.usbserial-576B0005451,"RX,923547,R35,TXA,N01,177,179627,B,0,0.20,0.18,5,F,-109,-1.25"
2026-07-13T13:35:37.262+00:00,/dev/cu.usbserial-576B0005451,"RX,923687,R35,TXK,N151,89,179764,C,1,0.81,0.78,5,U,-109,-1.25"
2026-07-13T13:35:37.879+00:00,/dev/cu.usbserial-576B0005451,"RX,924304,R35,TXC,N31,43,180385,G,0,0.93,0.90,5,U,-109,-1.75"
2026-07-13T13:35:38.123+00:00,/dev/cu.usbserial-576B0005451,"RX,924547,R35,TXA,N01,178,180627,C,1,0.81,0.78,5,F,-109,0.00"
2026-07-13T13:35:38.874+00:00,/dev/cu.usbserial-576B0005451,"RX,925298,R35,TXE,N61,86,181383,E,1,0.87,0.84,5,U,-110,-3.00"
2026-07-13T13:35:38.980+00:00,/dev/cu.usbserial-576B0005451,"RX,925405,R35,TXI,N121,43,181482,G,0,0.93,0.90,5,U,-110,-2.50"
2026-07-13T13:35:39.123+00:00,/dev/cu.usbserial-576B0005451,"RX,925547,R35,TXA,N01,179,181627,D,1,0.24,0.22,5,F,-105,5.00"
2026-07-13T13:35:39.262+00:00,/dev/cu.usbserial-576B0005451,"RX,925687,R35,TXK,N151,90,181764,E,0,0.87,0.84,5,U,-105,5.50"
2026-07-13T13:35:40.123+00:00,/dev/cu.usbserial-576B0005451,"RX,926547,R35,TXA,N01,180,182627,E,0,0.87,0.84,5,F,-104,5.50"
2026-07-13T13:35:40.390+00:00,/dev/cu.usbserial-576B0005451,"RX,926815,R35,TXB,N16,89,182894,C,1,0.81,0.78,5,U,-112,-6.75"
2026-07-13T13:35:40.874+00:00,/dev/cu.usbserial-576B0005451,"RX,927298,R35,TXE,N61,87,183383,G,0,0.93,0.90,5,U,-109,0.75"
2026-07-13T13:35:41.123+00:00,/dev/cu.usbserial-576B0005451,"RX,927547,R35,TXA,N01,181,183627,F,1,0.28,0.26,5,F,-107,3.50"
2026-07-13T13:35:41.262+00:00,/dev/cu.usbserial-576B0005451,"RX,927687,R35,TXK,N151,91,183764,G,1,0.93,0.90,5,U,-109,0.50"
2026-07-13T13:35:41.621+00:00,/dev/cu.usbserial-576B0005451,"RX,928045,R35,TXF,N76,44,184131,E,0,0.87,0.84,5,U,-111,-7.25"
2026-07-13T13:35:41.926+00:00,/dev/cu.usbserial-576B0005451,"RX,928350,R35,TXD,N46,22,184431,G,1,0.93,0.90,5,U,-110,-2.00"
2026-07-13T13:35:42.123+00:00,/dev/cu.usbserial-576B0005451,"RX,928547,R35,TXA,N01,182,184627,G,1,0.93,0.90,5,F,-109,-0.25"
2026-07-13T13:35:42.571+00:00,/dev/cu.usbserial-576B0005451,"RX,928996,R35,TXG,N91,21,185081,G,0,0.93,0.90,5,U,-112,-5.50"
2026-07-13T13:35:42.874+00:00,/dev/cu.usbserial-576B0005451,"RX,929298,R35,TXE,N61,88,185383,A,1,0.75,0.72,5,U,-111,-1.00"
2026-07-13T13:35:43.123+00:00,/dev/cu.usbserial-576B0005451,"RX,929547,R35,TXA,N01,183,185627,H,0,0.32,0.30,5,F,-109,-0.50"
2026-07-13T13:35:43.262+00:00,/dev/cu.usbserial-576B0005451,"RX,929687,R35,TXK,N151,92,185764,A,1,0.75,0.72,5,U,-110,0.75"
2026-07-13T13:35:43.621+00:00,/dev/cu.usbserial-576B0005451,"RX,930045,R35,TXF,N76,45,186131,G,1,0.93,0.90,5,U,-112,-4.00"
2026-07-13T13:35:43.780+00:00,/dev/cu.usbserial-576B0005451,"RX,930204,R35,TXJ,N136,21,186281,G,0,0.93,0.90,5,U,-112,-4.00"
2026-07-13T13:35:43.879+00:00,/dev/cu.usbserial-576B0005451,"RX,930303,R35,TXC,N31,44,186385,E,0,0.87,0.84,5,U,-112,-5.00"
2026-07-13T13:35:44.123+00:00,/dev/cu.usbserial-576B0005451,"RX,930547,R35,TXA,N01,184,186627,A,1,0.75,0.72,5,F,-110,1.00"
2026-07-13T13:35:44.874+00:00,/dev/cu.usbserial-576B0005451,"RX,931298,R35,TXE,N61,89,187383,C,1,0.81,0.78,5,U,-111,-1.50"
2026-07-13T13:35:44.980+00:00,/dev/cu.usbserial-576B0005451,"RX,931405,R35,TXI,N121,44,187482,E,0,0.87,0.84,5,U,-112,-3.75"
2026-07-13T13:35:45.123+00:00,/dev/cu.usbserial-576B0005451,"RX,931547,R35,TXA,N01,185,187627,B,1,0.20,0.18,5,F,-109,2.00"
2026-07-13T13:35:45.262+00:00,/dev/cu.usbserial-576B0005451,"RX,931687,R35,TXK,N151,93,187764,C,0,0.81,0.78,5,U,-110,1.50"
2026-07-13T13:35:45.879+00:00,/dev/cu.usbserial-576B0005451,"RX,932303,R35,TXC,N31,45,188385,G,1,0.93,0.90,5,U,-111,-1.25"
2026-07-13T13:35:46.123+00:00,/dev/cu.usbserial-576B0005451,"RX,932547,R35,TXA,N01,186,188627,C,0,0.81,0.78,5,F,-108,2.00"
2026-07-13T13:35:46.874+00:00,/dev/cu.usbserial-576B0005451,"RX,933298,R35,TXE,N61,90,189383,E,0,0.87,0.84,5,U,-108,-5.75"
2026-07-13T13:35:46.980+00:00,/dev/cu.usbserial-576B0005451,"RX,933405,R35,TXI,N121,45,189482,G,1,0.93,0.90,5,U,-112,-2.00"
2026-07-13T13:35:47.123+00:00,/dev/cu.usbserial-576B0005451,"RX,933547,R35,TXA,N01,187,189627,D,1,0.24,0.22,5,F,-109,0.75"
2026-07-13T13:35:47.262+00:00,/dev/cu.usbserial-576B0005451,"RX,933687,R35,TXK,N151,94,189764,E,1,0.87,0.84,5,U,-111,-1.75"
2026-07-13T13:35:48.123+00:00,/dev/cu.usbserial-576B0005451,"RX,934547,R35,TXA,N01,188,190627,E,1,0.87,0.84,5,F,-109,1.25"
2026-07-13T13:35:48.874+00:00,/dev/cu.usbserial-576B0005451,"RX,935298,R35,TXE,N61,91,191383,G,1,0.93,0.90,5,U,-110,-1.00"
2026-07-13T13:35:49.123+00:00,/dev/cu.usbserial-576B0005451,"RX,935547,R35,TXA,N01,189,191627,F,0,0.28,0.26,5,F,-109,1.75"
2026-07-13T13:35:49.262+00:00,/dev/cu.usbserial-576B0005451,"RX,935687,R35,TXK,N151,95,191764,G,1,0.93,0.90,5,U,-110,-0.75"
2026-07-13T13:35:49.621+00:00,/dev/cu.usbserial-576B0005451,"RX,936045,R35,TXF,N76,46,192131,E,1,0.87,0.84,5,U,-112,-5.50"
2026-07-13T13:35:49.926+00:00,/dev/cu.usbserial-576B0005451,"RX,936350,R35,TXD,N46,23,192431,G,1,0.93,0.90,5,U,-111,-2.50"
2026-07-13T13:35:50.123+00:00,/dev/cu.usbserial-576B0005451,"RX,936547,R35,TXA,N01,190,192627,G,1,0.93,0.90,5,F,-110,0.50"
2026-07-13T13:35:50.571+00:00,/dev/cu.usbserial-576B0005451,"RX,936996,R35,TXG,N91,22,193081,G,1,0.93,0.90,5,U,-111,-3.00"
2026-07-13T13:35:50.874+00:00,/dev/cu.usbserial-576B0005451,"RX,937298,R35,TXE,N61,92,193383,A,1,0.75,0.72,5,U,-111,-0.50"
2026-07-13T13:35:51.123+00:00,/dev/cu.usbserial-576B0005451,"RX,937547,R35,TXA,N01,191,193627,H,1,0.32,0.30,5,F,-109,1.50"
2026-07-13T13:35:51.262+00:00,/dev/cu.usbserial-576B0005451,"RX,937687,R35,TXK,N151,96,193764,A,1,0.75,0.72,5,U,-110,0.75"
2026-07-13T13:35:51.621+00:00,/dev/cu.usbserial-576B0005451,"RX,938045,R35,TXF,N76,47,194131,G,1,0.93,0.90,5,U,-112,-4.00"
2026-07-13T13:35:51.780+00:00,/dev/cu.usbserial-576B0005451,"RX,938204,R35,TXJ,N136,22,194281,G,1,0.93,0.90,5,U,-110,1.00"
2026-07-13T13:35:51.879+00:00,/dev/cu.usbserial-576B0005451,"RX,938303,R35,TXC,N31,46,194385,E,1,0.87,0.84,5,U,-110,0.00"
2026-07-13T13:35:52.123+00:00,/dev/cu.usbserial-576B0005451,"RX,938547,R35,TXA,N01,192,194627,A,1,0.75,0.72,5,F,-109,2.00"
2026-07-13T13:35:52.874+00:00,/dev/cu.usbserial-576B0005451,"RX,939298,R35,TXE,N61,93,195383,C,0,0.81,0.78,5,U,-110,-0.25"
2026-07-13T13:35:52.980+00:00,/dev/cu.usbserial-576B0005451,"RX,939405,R35,TXI,N121,46,195482,E,1,0.87,0.84,5,U,-111,-1.75"
2026-07-13T13:35:53.123+00:00,/dev/cu.usbserial-576B0005451,"RX,939547,R35,TXA,N01,193,195627,B,0,0.20,0.18,5,F,-108,2.75"
2026-07-13T13:35:53.262+00:00,/dev/cu.usbserial-576B0005451,"RX,939687,R35,TXK,N151,97,195764,C,1,0.81,0.78,5,U,-109,2.50"
2026-07-13T13:35:53.879+00:00,/dev/cu.usbserial-576B0005451,"RX,940303,R35,TXC,N31,47,196385,G,1,0.93,0.90,5,U,-110,1.25"
2026-07-13T13:35:54.123+00:00,/dev/cu.usbserial-576B0005451,"RX,940547,R35,TXA,N01,194,196627,C,1,0.81,0.78,5,F,-109,2.50"
2026-07-13T13:35:54.391+00:00,/dev/cu.usbserial-576B0005451,"RX,940815,R35,TXB,N16,96,196894,A,1,0.75,0.72,5,U,-113,-8.75"
2026-07-13T13:35:54.874+00:00,/dev/cu.usbserial-576B0005451,"RX,941298,R35,TXE,N61,94,197383,E,1,0.87,0.84,5,U,-110,0.25"
2026-07-13T13:35:54.980+00:00,/dev/cu.usbserial-576B0005451,"RX,941405,R35,TXI,N121,47,197482,G,1,0.93,0.90,5,U,-111,-0.50"
2026-07-13T13:35:55.123+00:00,/dev/cu.usbserial-576B0005451,"RX,941547,R35,TXA,N01,195,197627,D,1,0.24,0.22,5,F,-109,1.75"
2026-07-13T13:35:55.262+00:00,/dev/cu.usbserial-576B0005451,"RX,941687,R35,TXK,N151,98,197764,E,0,0.87,0.84,5,U,-110,0.25"
2026-07-13T13:35:56.123+00:00,/dev/cu.usbserial-576B0005451,"RX,942547,R35,TXA,N01,196,198627,E,0,0.87,0.84,5,F,-108,-0.25"
2026-07-13T13:35:56.874+00:00,/dev/cu.usbserial-576B0005451,"RX,943298,R35,TXE,N61,95,199383,G,1,0.93,0.90,5,U,-111,0.50"
2026-07-13T13:35:57.123+00:00,/dev/cu.usbserial-576B0005451,"RX,943547,R35,TXA,N01,197,199627,F,1,0.28,0.26,5,F,-109,3.00"
2026-07-13T13:35:57.233+00:00,/dev/cu.usbserial-576B0005451,"RX,943658,R35,TXH,N106,12,199743,G,1,0.93,0.90,5,U,-102,3.75"
2026-07-13T13:35:57.415+00:00,/dev/cu.usbserial-576B0005451,"RX,943839,R35,TXL,N166,12,199917,G,1,0.93,0.90,5,U,-108,3.25"
2026-07-13T13:35:57.621+00:00,/dev/cu.usbserial-576B0005451,"RX,944045,R35,TXF,N76,48,200131,E,0,0.87,0.84,5,U,-110,2.25"
2026-07-13T13:35:57.926+00:00,/dev/cu.usbserial-576B0005451,"RX,944350,R35,TXD,N46,24,200431,G,1,0.93,0.90,5,U,-112,-1.75"
2026-07-13T13:35:58.123+00:00,/dev/cu.usbserial-576B0005451,"RX,944547,R35,TXA,N01,198,200627,G,1,0.93,0.90,5,F,-109,2.50"
2026-07-13T13:35:58.571+00:00,/dev/cu.usbserial-576B0005451,"RX,944996,R35,TXG,N91,23,201081,G,1,0.93,0.90,5,U,-112,-8.00"
2026-07-13T13:35:58.874+00:00,/dev/cu.usbserial-576B0005451,"RX,945298,R35,TXE,N61,96,201383,A,1,0.75,0.72,5,U,-111,0.00"
2026-07-13T13:35:59.123+00:00,/dev/cu.usbserial-576B0005451,"RX,945547,R35,TXA,N01,199,201627,H,0,0.32,0.30,5,F,-110,1.75"
2026-07-13T13:35:59.267+00:00,/dev/cu.usbserial-576B0005451,"RX,945692,R35,TXK,N151,100,201764,A,1,0.75,0.72,5,U,-110,1.50"
2026-07-13T13:35:59.621+00:00,/dev/cu.usbserial-576B0005451,"RX,946045,R35,TXF,N76,49,202131,G,1,0.93,0.90,5,U,-113,-3.75"
2026-07-13T13:35:59.780+00:00,/dev/cu.usbserial-576B0005451,"RX,946204,R35,TXJ,N136,23,202281,G,1,0.93,0.90,5,U,-110,1.25"
2026-07-13T13:35:59.879+00:00,/dev/cu.usbserial-576B0005451,"RX,946303,R35,TXC,N31,48,202385,E,0,0.87,0.84,5,U,-107,-3.00"
2026-07-13T13:36:00.123+00:00,/dev/cu.usbserial-576B0005451,"RX,946547,R35,TXA,N01,200,202627,A,1,0.75,0.72,5,F,-108,3.25"
2026-07-13T13:36:00.874+00:00,/dev/cu.usbserial-576B0005451,"RX,947298,R35,TXE,N61,97,203383,C,1,0.81,0.78,5,U,-111,0.00"
2026-07-13T13:36:00.981+00:00,/dev/cu.usbserial-576B0005451,"RX,947405,R35,TXI,N121,48,203482,E,0,0.87,0.84,5,U,-112,-1.50"
2026-07-13T13:36:01.123+00:00,/dev/cu.usbserial-576B0005451,"RX,947547,R35,TXA,N01,201,203627,B,1,0.20,0.18,5,F,-109,2.50"
2026-07-13T13:36:01.267+00:00,/dev/cu.usbserial-576B0005451,"RX,947692,R35,TXK,N151,101,203764,C,0,0.81,0.78,5,U,-111,-0.75"
2026-07-13T13:36:01.879+00:00,/dev/cu.usbserial-576B0005451,"RX,948303,R35,TXC,N31,49,204385,G,1,0.93,0.90,5,U,-112,-1.25"
2026-07-13T13:36:02.123+00:00,/dev/cu.usbserial-576B0005451,"RX,948547,R35,TXA,N01,202,204627,C,0,0.81,0.78,5,F,-109,2.00"
2026-07-13T13:36:02.874+00:00,/dev/cu.usbserial-576B0005451,"RX,949298,R35,TXE,N61,98,205383,E,0,0.87,0.84,5,U,-112,-1.25"
2026-07-13T13:36:02.980+00:00,/dev/cu.usbserial-576B0005451,"RX,949404,R35,TXI,N121,49,205482,G,1,0.93,0.90,5,U,-109,1.75"
2026-07-13T13:36:03.123+00:00,/dev/cu.usbserial-576B0005451,"RX,949547,R35,TXA,N01,203,205627,D,1,0.24,0.22,5,F,-108,3.50"
2026-07-13T13:36:04.123+00:00,/dev/cu.usbserial-576B0005451,"RX,950547,R35,TXA,N01,204,206627,E,1,0.87,0.84,5,F,-111,0.00"
2026-07-13T13:36:04.391+00:00,/dev/cu.usbserial-576B0005451,"RX,950815,R35,TXB,N16,101,206894,C,0,0.81,0.78,5,U,-113,-8.00"
2026-07-13T13:36:04.874+00:00,/dev/cu.usbserial-576B0005451,"RX,951298,R35,TXE,N61,99,207383,G,1,0.93,0.90,5,U,-111,-2.50"
2026-07-13T13:36:05.123+00:00,/dev/cu.usbserial-576B0005451,"RX,951547,R35,TXA,N01,205,207627,F,0,0.28,0.26,5,F,-110,-0.50"
2026-07-13T13:36:05.233+00:00,/dev/cu.usbserial-576B0005451,"RX,951657,R35,TXH,N106,13,207743,G,1,0.93,0.90,5,U,-106,1.75"
2026-07-13T13:36:05.415+00:00,/dev/cu.usbserial-576B0005451,"RX,951839,R35,TXL,N166,13,207917,G,1,0.93,0.90,5,U,-109,1.50"
2026-07-13T13:36:05.621+00:00,/dev/cu.usbserial-576B0005451,"RX,952045,R35,TXF,N76,50,208131,E,1,0.87,0.84,5,U,-112,-6.00"
2026-07-13T13:36:05.926+00:00,/dev/cu.usbserial-576B0005451,"RX,952350,R35,TXD,N46,25,208431,G,1,0.93,0.90,5,U,-112,-3.75"
2026-07-13T13:36:06.125+00:00,/dev/cu.usbserial-576B0005451,"RX,952547,R35,TXA,N01,206,208627,G,1,0.93,0.90,5,F,-110,1.25"
2026-07-13T13:36:06.571+00:00,/dev/cu.usbserial-576B0005451,"RX,952996,R35,TXG,N91,24,209081,G,1,0.93,0.90,5,U,-112,-3.00"
2026-07-13T13:36:06.874+00:00,/dev/cu.usbserial-576B0005451,"RX,953298,R35,TXE,N61,100,209383,A,1,0.75,0.72,5,U,-110,-1.50"
2026-07-13T13:36:07.123+00:00,/dev/cu.usbserial-576B0005451,"RX,953547,R35,TXA,N01,207,209627,H,1,0.32,0.30,5,F,-111,-2.50"
2026-07-13T13:36:07.267+00:00,/dev/cu.usbserial-576B0005451,"RX,953692,R35,TXK,N151,104,209764,A,0,0.75,0.72,5,U,-112,-5.50"
2026-07-13T13:36:07.780+00:00,/dev/cu.usbserial-576B0005451,"RX,954204,R35,TXJ,N136,24,210281,G,1,0.93,0.90,5,U,-111,-2.00"
2026-07-13T13:36:08.123+00:00,/dev/cu.usbserial-576B0005451,"RX,954547,R35,TXA,N01,208,210627,A,0,0.75,0.72,5,F,-111,-3.25"
2026-07-13T13:36:08.874+00:00,/dev/cu.usbserial-576B0005451,"RX,955298,R35,TXE,N61,101,211383,C,0,0.81,0.78,5,U,-103,7.25"
2026-07-13T13:36:08.980+00:00,/dev/cu.usbserial-576B0005451,"RX,955405,R35,TXI,N121,50,211482,E,1,0.87,0.84,5,U,-108,3.25"
2026-07-13T13:36:09.122+00:00,/dev/cu.usbserial-576B0005451,"RX,955547,R35,TXA,N01,209,211627,B,1,0.20,0.18,5,F,-107,3.50"
2026-07-13T13:36:09.267+00:00,/dev/cu.usbserial-576B0005451,"RX,955692,R35,TXK,N151,105,211764,C,1,0.81,0.78,5,U,-110,1.50"
2026-07-13T13:36:09.879+00:00,/dev/cu.usbserial-576B0005451,"RX,956303,R35,TXC,N31,51,212385,G,1,0.93,0.90,5,U,-111,-2.00"
2026-07-13T13:36:10.123+00:00,/dev/cu.usbserial-576B0005451,"RX,956547,R35,TXA,N01,210,212627,C,1,0.81,0.78,5,F,-110,1.00"
2026-07-13T13:36:10.874+00:00,/dev/cu.usbserial-576B0005451,"RX,957298,R35,TXE,N61,102,213383,E,1,0.87,0.84,5,U,-112,-3.50"
2026-07-13T13:36:10.981+00:00,/dev/cu.usbserial-576B0005451,"RX,957404,R35,TXI,N121,51,213482,G,1,0.93,0.90,5,U,-112,-3.00"
2026-07-13T13:36:11.123+00:00,/dev/cu.usbserial-576B0005451,"RX,957547,R35,TXA,N01,211,213627,D,0,0.24,0.22,5,F,-110,1.75"
2026-07-13T13:36:11.267+00:00,/dev/cu.usbserial-576B0005451,"RX,957692,R35,TXK,N151,106,213764,E,1,0.87,0.84,5,U,-111,-0.75"
2026-07-13T13:36:12.123+00:00,/dev/cu.usbserial-576B0005451,"RX,958547,R35,TXA,N01,212,214627,E,1,0.87,0.84,5,F,-111,0.25"
2026-07-13T13:36:12.874+00:00,/dev/cu.usbserial-576B0005451,"RX,959298,R35,TXE,N61,103,215383,G,1,0.93,0.90,5,U,-111,-1.75"
2026-07-13T13:36:13.123+00:00,/dev/cu.usbserial-576B0005451,"RX,959547,R35,TXA,N01,213,215627,F,1,0.28,0.26,5,F,-111,-0.25"
2026-07-13T13:36:13.233+00:00,/dev/cu.usbserial-576B0005451,"RX,959657,R35,TXH,N106,14,215743,G,0,0.93,0.90,5,U,-106,2.50"
2026-07-13T13:36:13.415+00:00,/dev/cu.usbserial-576B0005451,"RX,959839,R35,TXL,N166,14,215917,G,0,0.93,0.90,5,U,-109,2.25"
2026-07-13T13:36:13.621+00:00,/dev/cu.usbserial-576B0005451,"RX,960045,R35,TXF,N76,52,216131,E,1,0.87,0.84,5,U,-113,-6.25"
2026-07-13T13:36:13.926+00:00,/dev/cu.usbserial-576B0005451,"RX,960350,R35,TXD,N46,26,216431,G,0,0.93,0.90,5,U,-112,-3.75"
2026-07-13T13:36:14.123+00:00,/dev/cu.usbserial-576B0005451,"RX,960547,R35,TXA,N01,214,216627,G,0,0.93,0.90,5,F,-110,0.75"
2026-07-13T13:36:14.391+00:00,/dev/cu.usbserial-576B0005451,"RX,960815,R35,TXB,N16,106,216894,E,1,0.87,0.84,5,U,-114,-8.25"
2026-07-13T13:36:14.571+00:00,/dev/cu.usbserial-576B0005451,"RX,960996,R35,TXG,N91,25,217081,G,1,0.93,0.90,5,U,-112,-4.00"
2026-07-13T13:36:14.874+00:00,/dev/cu.usbserial-576B0005451,"RX,961298,R35,TXE,N61,104,217383,A,0,0.75,0.72,5,U,-111,-2.25"
2026-07-13T13:36:15.122+00:00,/dev/cu.usbserial-576B0005451,"RX,961547,R35,TXA,N01,215,217627,H,1,0.32,0.30,5,F,-110,0.00"
2026-07-13T13:36:15.267+00:00,/dev/cu.usbserial-576B0005451,"RX,961692,R35,TXK,N151,108,217764,A,1,0.75,0.72,5,U,-110,0.50"
2026-07-13T13:36:15.780+00:00,/dev/cu.usbserial-576B0005451,"RX,962204,R35,TXJ,N136,25,218281,G,1,0.93,0.90,5,U,-111,0.00"
2026-07-13T13:36:15.879+00:00,/dev/cu.usbserial-576B0005451,"RX,962303,R35,TXC,N31,52,218385,E,1,0.87,0.84,5,U,-111,-0.75"
2026-07-13T13:36:16.123+00:00,/dev/cu.usbserial-576B0005451,"RX,962547,R35,TXA,N01,216,218627,A,1,0.75,0.72,5,F,-110,2.00"
2026-07-13T13:36:16.874+00:00,/dev/cu.usbserial-576B0005451,"RX,963298,R35,TXE,N61,105,219383,C,1,0.81,0.78,5,U,-110,0.00"
2026-07-13T13:36:16.980+00:00,/dev/cu.usbserial-576B0005451,"RX,963404,R35,TXI,N121,52,219482,E,1,0.87,0.84,5,U,-110,0.25"
2026-07-13T13:36:17.123+00:00,/dev/cu.usbserial-576B0005451,"RX,963547,R35,TXA,N01,217,219627,B,0,0.20,0.18,5,F,-109,2.25"
2026-07-13T13:36:17.268+00:00,/dev/cu.usbserial-576B0005451,"RX,963692,R35,TXK,N151,109,219764,C,1,0.81,0.78,5,U,-108,4.00"
2026-07-13T13:36:17.879+00:00,/dev/cu.usbserial-576B0005451,"RX,964303,R35,TXC,N31,53,220385,G,0,0.93,0.90,5,U,-113,-3.50"
2026-07-13T13:36:18.123+00:00,/dev/cu.usbserial-576B0005451,"RX,964547,R35,TXA,N01,218,220627,C,1,0.81,0.78,5,F,-109,2.25"
2026-07-13T13:36:18.874+00:00,/dev/cu.usbserial-576B0005451,"RX,965298,R35,TXE,N61,106,221383,E,1,0.87,0.84,5,U,-111,-0.50"
2026-07-13T13:36:18.981+00:00,/dev/cu.usbserial-576B0005451,"RX,965404,R35,TXI,N121,53,221482,G,0,0.93,0.90,5,U,-112,-0.75"
2026-07-13T13:36:19.123+00:00,/dev/cu.usbserial-576B0005451,"RX,965547,R35,TXA,N01,219,221627,D,1,0.24,0.22,5,F,-110,0.75"
2026-07-13T13:36:19.267+00:00,/dev/cu.usbserial-576B0005451,"RX,965692,R35,TXK,N151,110,221764,E,0,0.87,0.84,5,U,-112,-0.75"
2026-07-13T13:36:20.123+00:00,/dev/cu.usbserial-576B0005451,"RX,966547,R35,TXA,N01,220,222627,E,0,0.87,0.84,5,F,-111,0.50"
2026-07-13T13:36:20.874+00:00,/dev/cu.usbserial-576B0005451,"RX,967298,R35,TXE,N61,107,223383,G,0,0.93,0.90,5,U,-112,-0.75"
2026-07-13T13:36:21.123+00:00,/dev/cu.usbserial-576B0005451,"RX,967547,R35,TXA,N01,221,223627,F,1,0.28,0.26,5,F,-111,-0.25"
2026-07-13T13:36:21.233+00:00,/dev/cu.usbserial-576B0005451,"RX,967657,R35,TXH,N106,15,223743,G,1,0.93,0.90,5,U,-108,0.75"
2026-07-13T13:36:21.415+00:00,/dev/cu.usbserial-576B0005451,"RX,967839,R35,TXL,N166,15,223917,G,1,0.93,0.90,5,U,-107,-1.75"
2026-07-13T13:36:21.621+00:00,/dev/cu.usbserial-576B0005451,"RX,968045,R35,TXF,N76,54,224131,E,0,0.87,0.84,5,U,-112,-5.25"
2026-07-13T13:36:21.926+00:00,/dev/cu.usbserial-576B0005451,"RX,968350,R35,TXD,N46,27,224431,G,1,0.93,0.90,5,U,-112,-1.00"
2026-07-13T13:36:22.123+00:00,/dev/cu.usbserial-576B0005451,"RX,968547,R35,TXA,N01,222,224627,G,1,0.93,0.90,5,F,-111,-0.25"
2026-07-13T13:36:22.874+00:00,/dev/cu.usbserial-576B0005451,"RX,969298,R35,TXE,N61,108,225383,A,1,0.75,0.72,5,U,-112,-0.25"
2026-07-13T13:36:23.123+00:00,/dev/cu.usbserial-576B0005451,"RX,969547,R35,TXA,N01,223,225627,H,0,0.32,0.30,5,F,-110,-0.25"
2026-07-13T13:36:23.267+00:00,/dev/cu.usbserial-576B0005451,"RX,969692,R35,TXK,N151,112,225764,A,1,0.75,0.72,5,U,-111,0.00"
2026-07-13T13:36:23.621+00:00,/dev/cu.usbserial-576B0005451,"RX,970045,R35,TXF,N76,55,226131,G,1,0.93,0.90,5,U,-113,-5.50"
2026-07-13T13:36:23.780+00:00,/dev/cu.usbserial-576B0005451,"RX,970204,R35,TXJ,N136,26,226281,G,0,0.93,0.90,5,U,-111,-1.00"
2026-07-13T13:36:23.879+00:00,/dev/cu.usbserial-576B0005451,"RX,970303,R35,TXC,N31,54,226385,E,0,0.87,0.84,5,U,-112,-1.50"
2026-07-13T13:36:24.123+00:00,/dev/cu.usbserial-576B0005451,"RX,970547,R35,TXA,N01,224,226627,A,1,0.75,0.72,5,F,-111,0.25"
2026-07-13T13:36:24.874+00:00,/dev/cu.usbserial-576B0005451,"RX,971298,R35,TXE,N61,109,227383,C,1,0.81,0.78,5,U,-111,-0.75"
2026-07-13T13:36:25.123+00:00,/dev/cu.usbserial-576B0005451,"RX,971547,R35,TXA,N01,225,227627,B,1,0.20,0.18,5,F,-111,0.00"
2026-07-13T13:36:25.267+00:00,/dev/cu.usbserial-576B0005451,"RX,971692,R35,TXK,N151,113,227764,C,0,0.81,0.78,5,U,-102,-9.00"
2026-07-13T13:36:25.879+00:00,/dev/cu.usbserial-576B0005451,"RX,972303,R35,TXC,N31,55,228385,G,1,0.93,0.90,5,U,-111,0.00"
2026-07-13T13:36:26.123+00:00,/dev/cu.usbserial-576B0005451,"RX,972547,R35,TXA,N01,226,228627,C,0,0.81,0.78,5,F,-111,0.25"
2026-07-13T13:36:26.874+00:00,/dev/cu.usbserial-576B0005451,"RX,973298,R35,TXE,N61,110,229383,E,0,0.87,0.84,5,U,-111,-0.75"
2026-07-13T13:36:26.980+00:00,/dev/cu.usbserial-576B0005451,"RX,973404,R35,TXI,N121,55,229482,G,1,0.93,0.90,5,U,-111,-2.50"
2026-07-13T13:36:27.123+00:00,/dev/cu.usbserial-576B0005451,"RX,973547,R35,TXA,N01,227,229627,D,1,0.24,0.22,5,F,-111,1.00"
2026-07-13T13:36:27.267+00:00,/dev/cu.usbserial-576B0005451,"RX,973692,R35,TXK,N151,114,229764,E,1,0.87,0.84,5,U,-111,0.00"
2026-07-13T13:36:28.123+00:00,/dev/cu.usbserial-576B0005451,"RX,974547,R35,TXA,N01,228,230627,E,1,0.87,0.84,5,F,-111,0.25"
2026-07-13T13:36:28.874+00:00,/dev/cu.usbserial-576B0005451,"RX,975298,R35,TXE,N61,111,231383,G,1,0.93,0.90,5,U,-110,-0.75"
2026-07-13T13:36:29.123+00:00,/dev/cu.usbserial-576B0005451,"RX,975547,R35,TXA,N01,229,231627,F,0,0.28,0.26,5,F,-110,0.75"
2026-07-13T13:36:29.267+00:00,/dev/cu.usbserial-576B0005451,"RX,975692,R35,TXK,N151,115,231764,G,1,0.93,0.90,5,U,-110,-0.75"
2026-07-13T13:36:29.621+00:00,/dev/cu.usbserial-576B0005451,"RX,976045,R35,TXF,N76,56,232131,E,1,0.87,0.84,5,U,-113,-5.25"
2026-07-13T13:36:29.926+00:00,/dev/cu.usbserial-576B0005451,"RX,976350,R35,TXD,N46,28,232431,G,1,0.93,0.90,5,U,-112,-1.75"
2026-07-13T13:36:30.123+00:00,/dev/cu.usbserial-576B0005451,"RX,976547,R35,TXA,N01,230,232627,G,1,0.93,0.90,5,F,-111,0.50"
2026-07-13T13:36:30.874+00:00,/dev/cu.usbserial-576B0005451,"RX,977298,R35,TXE,N61,112,233383,A,1,0.75,0.72,5,U,-111,-1.00"
2026-07-13T13:36:31.123+00:00,/dev/cu.usbserial-576B0005451,"RX,977547,R35,TXA,N01,231,233627,H,1,0.32,0.30,5,F,-110,0.25"
2026-07-13T13:36:31.267+00:00,/dev/cu.usbserial-576B0005451,"RX,977692,R35,TXK,N151,116,233764,A,0,0.75,0.72,5,U,-110,0.75"
2026-07-13T13:36:31.621+00:00,/dev/cu.usbserial-576B0005451,"RX,978045,R35,TXF,N76,57,234131,G,1,0.93,0.90,5,U,-113,-5.75"
2026-07-13T13:36:31.779+00:00,/dev/cu.usbserial-576B0005451,"RX,978204,R35,TXJ,N136,27,234281,G,1,0.93,0.90,5,U,-110,2.00"
2026-07-13T13:36:31.879+00:00,/dev/cu.usbserial-576B0005451,"RX,978303,R35,TXC,N31,56,234385,E,1,0.87,0.84,5,U,-112,-0.25"
2026-07-13T13:36:32.123+00:00,/dev/cu.usbserial-576B0005451,"RX,978547,R35,TXA,N01,232,234627,A,0,0.75,0.72,5,F,-110,1.25"
2026-07-13T13:36:32.874+00:00,/dev/cu.usbserial-576B0005451,"RX,979298,R35,TXE,N61,113,235383,C,0,0.81,0.78,5,U,-111,0.25"
2026-07-13T13:36:32.980+00:00,/dev/cu.usbserial-576B0005451,"RX,979404,R35,TXI,N121,56,235482,E,1,0.87,0.84,5,U,-112,-0.75"
2026-07-13T13:36:33.123+00:00,/dev/cu.usbserial-576B0005451,"RX,979547,R35,TXA,N01,233,235627,B,1,0.20,0.18,5,F,-111,0.75"
2026-07-13T13:36:33.267+00:00,/dev/cu.usbserial-576B0005451,"RX,979692,R35,TXK,N151,117,235764,C,1,0.81,0.78,5,U,-111,0.25"
2026-07-13T13:36:33.879+00:00,/dev/cu.usbserial-576B0005451,"RX,980303,R35,TXC,N31,57,236385,G,1,0.93,0.90,5,U,-110,0.50"
2026-07-13T13:36:34.123+00:00,/dev/cu.usbserial-576B0005451,"RX,980547,R35,TXA,N01,234,236627,C,1,0.81,0.78,5,F,-110,1.25"
2026-07-13T13:36:34.874+00:00,/dev/cu.usbserial-576B0005451,"RX,981298,R35,TXE,N61,114,237383,E,1,0.87,0.84,5,U,-111,-0.50"
2026-07-13T13:36:34.980+00:00,/dev/cu.usbserial-576B0005451,"RX,981404,R35,TXI,N121,57,237482,G,1,0.93,0.90,5,U,-111,-2.25"
2026-07-13T13:36:35.123+00:00,/dev/cu.usbserial-576B0005451,"RX,981547,R35,TXA,N01,235,237627,D,0,0.24,0.22,5,F,-111,-0.25"
2026-07-13T13:36:35.267+00:00,/dev/cu.usbserial-576B0005451,"RX,981692,R35,TXK,N151,118,237764,E,1,0.87,0.84,5,U,-111,-0.25"
2026-07-13T13:36:36.123+00:00,/dev/cu.usbserial-576B0005451,"RX,982547,R35,TXA,N01,236,238627,E,1,0.87,0.84,5,F,-110,0.00"
2026-07-13T13:36:36.874+00:00,/dev/cu.usbserial-576B0005451,"RX,983298,R35,TXE,N61,115,239383,G,1,0.93,0.90,5,U,-111,-0.25"
2026-07-13T13:36:37.123+00:00,/dev/cu.usbserial-576B0005451,"RX,983547,R35,TXA,N01,237,239627,F,1,0.28,0.26,5,F,-110,0.50"
2026-07-13T13:36:37.267+00:00,/dev/cu.usbserial-576B0005451,"RX,983692,R35,TXK,N151,119,239764,G,0,0.93,0.90,5,U,-110,0.50"
2026-07-13T13:36:37.621+00:00,/dev/cu.usbserial-576B0005451,"RX,984045,R35,TXF,N76,58,240131,E,1,0.87,0.84,5,U,-112,-5.25"
2026-07-13T13:36:37.926+00:00,/dev/cu.usbserial-576B0005451,"RX,984350,R35,TXD,N46,29,240431,G,0,0.93,0.90,5,U,-112,-2.50"
2026-07-13T13:36:38.123+00:00,/dev/cu.usbserial-576B0005451,"RX,984547,R35,TXA,N01,238,240627,G,0,0.93,0.90,5,F,-110,0.75"
2026-07-13T13:36:38.571+00:00,/dev/cu.usbserial-576B0005451,"RX,984996,R35,TXG,N91,28,241081,G,1,0.93,0.90,5,U,-112,-3.75"
2026-07-13T13:36:38.874+00:00,/dev/cu.usbserial-576B0005451,"RX,985298,R35,TXE,N61,116,241383,A,0,0.75,0.72,5,U,-110,-0.25"
2026-07-13T13:36:39.123+00:00,/dev/cu.usbserial-576B0005451,"RX,985547,R35,TXA,N01,239,241627,H,1,0.32,0.30,5,F,-109,1.00"
2026-07-13T13:36:39.267+00:00,/dev/cu.usbserial-576B0005451,"RX,985692,R35,TXK,N151,120,241764,A,1,0.75,0.72,5,U,-110,-0.25"
2026-07-13T13:36:39.621+00:00,/dev/cu.usbserial-576B0005451,"RX,986045,R35,TXF,N76,59,242131,G,0,0.93,0.90,5,U,-111,-6.00"
2026-07-13T13:36:39.780+00:00,/dev/cu.usbserial-576B0005451,"RX,986204,R35,TXJ,N136,28,242281,G,1,0.93,0.90,5,U,-109,0.50"
2026-07-13T13:36:39.879+00:00,/dev/cu.usbserial-576B0005451,"RX,986303,R35,TXC,N31,58,242385,E,1,0.87,0.84,5,U,-110,0.50"
2026-07-13T13:36:40.123+00:00,/dev/cu.usbserial-576B0005451,"RX,986547,R35,TXA,N01,240,242627,A,1,0.75,0.72,5,F,-109,0.75"
2026-07-13T13:36:40.874+00:00,/dev/cu.usbserial-576B0005451,"RX,987298,R35,TXE,N61,117,243383,C,1,0.81,0.78,5,U,-110,-1.00"
2026-07-13T13:36:40.980+00:00,/dev/cu.usbserial-576B0005451,"RX,987404,R35,TXI,N121,58,243482,E,1,0.87,0.84,5,U,-110,-1.50"
2026-07-13T13:36:41.123+00:00,/dev/cu.usbserial-576B0005451,"RX,987547,R35,TXA,N01,241,243627,B,0,0.20,0.18,5,F,-109,0.50"
2026-07-13T13:36:41.267+00:00,/dev/cu.usbserial-576B0005451,"RX,987691,R35,TXK,N151,121,243764,C,1,0.81,0.78,5,U,-111,-0.75"
2026-07-13T13:36:41.879+00:00,/dev/cu.usbserial-576B0005451,"RX,988303,R35,TXC,N31,59,244385,G,0,0.93,0.90,5,U,-110,-1.25"
2026-07-13T13:36:42.123+00:00,/dev/cu.usbserial-576B0005451,"RX,988547,R35,TXA,N01,242,244627,C,1,0.81,0.78,5,F,-110,-0.50"
2026-07-13T13:36:42.874+00:00,/dev/cu.usbserial-576B0005451,"RX,989298,R35,TXE,N61,118,245383,E,1,0.87,0.84,5,U,-110,-0.75"
2026-07-13T13:36:43.123+00:00,/dev/cu.usbserial-576B0005451,"RX,989547,R35,TXA,N01,243,245627,D,1,0.24,0.22,5,F,-109,0.50"
2026-07-13T13:36:43.267+00:00,/dev/cu.usbserial-576B0005451,"RX,989691,R35,TXK,N151,122,245764,E,0,0.87,0.84,5,U,-109,-0.75"
2026-07-13T13:36:44.123+00:00,/dev/cu.usbserial-576B0005451,"RX,990547,R35,TXA,N01,244,246627,E,0,0.87,0.84,5,F,-109,1.00"
2026-07-13T13:36:44.875+00:00,/dev/cu.usbserial-576B0005451,"RX,991298,R35,TXE,N61,119,247383,G,0,0.93,0.90,5,U,-110,-1.00"
2026-07-13T13:36:45.123+00:00,/dev/cu.usbserial-576B0005451,"RX,991547,R35,TXA,N01,245,247627,F,1,0.28,0.26,5,F,-109,-0.25"
2026-07-13T13:36:45.267+00:00,/dev/cu.usbserial-576B0005451,"RX,991691,R35,TXK,N151,123,247764,G,1,0.93,0.90,5,U,-110,-1.75"
2026-07-13T13:36:45.621+00:00,/dev/cu.usbserial-576B0005451,"RX,992045,R35,TXF,N76,60,248131,E,0,0.87,0.84,5,U,-111,-6.25"
2026-07-13T13:36:45.926+00:00,/dev/cu.usbserial-576B0005451,"RX,992350,R35,TXD,N46,30,248431,G,1,0.93,0.90,5,U,-111,-3.50"
2026-07-13T13:36:46.122+00:00,/dev/cu.usbserial-576B0005451,"RX,992547,R35,TXA,N01,246,248627,G,1,0.93,0.90,5,F,-109,0.75"
2026-07-13T13:36:46.571+00:00,/dev/cu.usbserial-576B0005451,"RX,992996,R35,TXG,N91,29,249081,G,0,0.93,0.90,5,U,-111,-4.75"
2026-07-13T13:36:46.874+00:00,/dev/cu.usbserial-576B0005451,"RX,993298,R35,TXE,N61,120,249383,A,1,0.75,0.72,5,U,-110,-1.25"
2026-07-13T13:36:47.123+00:00,/dev/cu.usbserial-576B0005451,"RX,993547,R35,TXA,N01,247,249627,H,0,0.32,0.30,5,F,-109,0.50"
2026-07-13T13:36:47.267+00:00,/dev/cu.usbserial-576B0005451,"RX,993691,R35,TXK,N151,124,249764,A,1,0.75,0.72,5,U,-110,-0.25"
2026-07-13T13:36:47.621+00:00,/dev/cu.usbserial-576B0005451,"RX,994045,R35,TXF,N76,61,250131,G,1,0.93,0.90,5,U,-112,-5.25"
2026-07-13T13:36:47.779+00:00,/dev/cu.usbserial-576B0005451,"RX,994204,R35,TXJ,N136,29,250281,G,0,0.93,0.90,5,U,-109,1.25"
2026-07-13T13:36:47.879+00:00,/dev/cu.usbserial-576B0005451,"RX,994303,R35,TXC,N31,60,250385,E,0,0.87,0.84,5,U,-110,0.25"
2026-07-13T13:36:48.123+00:00,/dev/cu.usbserial-576B0005451,"RX,994547,R35,TXA,N01,248,250627,A,1,0.75,0.72,5,F,-108,1.50"
2026-07-13T13:36:48.874+00:00,/dev/cu.usbserial-576B0005451,"RX,995298,R35,TXE,N61,121,251383,C,1,0.81,0.78,5,U,-111,-0.25"
2026-07-13T13:36:48.980+00:00,/dev/cu.usbserial-576B0005451,"RX,995404,R35,TXI,N121,60,251482,E,0,0.87,0.84,5,U,-111,-2.00"
2026-07-13T13:36:49.123+00:00,/dev/cu.usbserial-576B0005451,"RX,995547,R35,TXA,N01,249,251627,B,1,0.20,0.18,5,F,-110,1.50"
2026-07-13T13:36:49.267+00:00,/dev/cu.usbserial-576B0005451,"RX,995691,R35,TXK,N151,125,251764,C,0,0.81,0.78,5,U,-111,0.00"
2026-07-13T13:36:49.879+00:00,/dev/cu.usbserial-576B0005451,"RX,996303,R35,TXC,N31,61,252385,G,1,0.93,0.90,5,U,-110,1.00"
2026-07-13T13:36:50.123+00:00,/dev/cu.usbserial-576B0005451,"RX,996547,R35,TXA,N01,250,252627,C,0,0.81,0.78,5,F,-109,-0.25"
2026-07-13T13:36:50.874+00:00,/dev/cu.usbserial-576B0005451,"RX,997298,R35,TXE,N61,122,253383,E,0,0.87,0.84,5,U,-111,0.00"
2026-07-13T13:36:50.980+00:00,/dev/cu.usbserial-576B0005451,"RX,997404,R35,TXI,N121,61,253482,G,1,0.93,0.90,5,U,-111,-3.50"
2026-07-13T13:36:51.123+00:00,/dev/cu.usbserial-576B0005451,"RX,997547,R35,TXA,N01,251,253627,D,1,0.24,0.22,5,F,-109,0.75"
2026-07-13T13:36:51.267+00:00,/dev/cu.usbserial-576B0005451,"RX,997691,R35,TXK,N151,126,253764,E,1,0.87,0.84,5,U,-110,-0.25"
2026-07-13T13:36:52.123+00:00,/dev/cu.usbserial-576B0005451,"RX,998547,R35,TXA,N01,252,254627,E,1,0.87,0.84,5,F,-109,0.25"
2026-07-13T13:36:52.874+00:00,/dev/cu.usbserial-576B0005451,"RX,999298,R35,TXE,N61,123,255383,G,1,0.93,0.90,5,U,-109,-1.25"
2026-07-13T13:36:53.123+00:00,/dev/cu.usbserial-576B0005451,"RX,999547,R35,TXA,N01,253,255627,F,0,0.28,0.26,5,F,-108,0.00"
2026-07-13T13:36:53.267+00:00,/dev/cu.usbserial-576B0005451,"RX,999691,R35,TXK,N151,127,255764,G,1,0.93,0.90,5,U,-109,-1.50"
2026-07-13T13:36:53.621+00:00,/dev/cu.usbserial-576B0005451,"RX,1000045,R35,TXF,N76,62,256131,E,1,0.87,0.84,5,U,-111,-7.25"
2026-07-13T13:36:53.926+00:00,/dev/cu.usbserial-576B0005451,"RX,1000350,R35,TXD,N46,31,256431,G,1,0.93,0.90,5,U,-110,-5.75"
2026-07-13T13:36:54.123+00:00,/dev/cu.usbserial-576B0005451,"RX,1000547,R35,TXA,N01,254,256627,G,1,0.93,0.90,5,F,-109,-0.75"
2026-07-13T13:36:54.571+00:00,/dev/cu.usbserial-576B0005451,"RX,1000996,R35,TXG,N91,30,257081,G,1,0.93,0.90,5,U,-110,-6.75"
2026-07-13T13:36:54.874+00:00,/dev/cu.usbserial-576B0005451,"RX,1001298,R35,TXE,N61,124,257383,A,1,0.75,0.72,5,U,-109,-3.25"
2026-07-13T13:36:55.123+00:00,/dev/cu.usbserial-576B0005451,"RX,1001547,R35,TXA,N01,255,257627,H,1,0.32,0.30,5,F,-108,-2.00"
2026-07-13T13:36:55.267+00:00,/dev/cu.usbserial-576B0005451,"RX,1001692,R35,TXK,N151,128,257764,A,1,0.75,0.72,5,U,-109,-2.25"
2026-07-13T13:36:55.621+00:00,/dev/cu.usbserial-576B0005451,"RX,1002045,R35,TXF,N76,63,258131,G,1,0.93,0.90,5,U,-109,-6.00"
2026-07-13T13:36:55.779+00:00,/dev/cu.usbserial-576B0005451,"RX,1002204,R35,TXJ,N136,30,258281,G,1,0.93,0.90,5,U,-108,-1.25"
2026-07-13T13:36:55.879+00:00,/dev/cu.usbserial-576B0005451,"RX,1002303,R35,TXC,N31,62,258385,E,1,0.87,0.84,5,U,-108,-2.00"
2026-07-13T13:36:56.123+00:00,/dev/cu.usbserial-576B0005451,"RX,1002547,R35,TXA,N01,256,258627,A,1,0.75,0.72,5,F,-108,-0.75"
2026-07-13T13:36:56.874+00:00,/dev/cu.usbserial-576B0005451,"RX,1003298,R35,TXE,N61,125,259383,C,0,0.81,0.78,5,U,-108,-3.50"
2026-07-13T13:36:56.980+00:00,/dev/cu.usbserial-576B0005451,"RX,1003404,R35,TXI,N121,62,259482,E,1,0.87,0.84,5,U,-109,-5.50"
2026-07-13T13:36:57.123+00:00,/dev/cu.usbserial-576B0005451,"RX,1003547,R35,TXA,N01,257,259627,B,0,0.20,0.18,5,F,-108,-1.25"
2026-07-13T13:36:57.267+00:00,/dev/cu.usbserial-576B0005451,"RX,1003691,R35,TXK,N151,129,259764,C,1,0.81,0.78,5,U,-108,-1.75"
2026-07-13T13:36:57.879+00:00,/dev/cu.usbserial-576B0005451,"RX,1004303,R35,TXC,N31,63,260385,G,1,0.93,0.90,5,U,-107,0.25"
2026-07-13T13:36:58.123+00:00,/dev/cu.usbserial-576B0005451,"RX,1004547,R35,TXA,N01,258,260627,C,1,0.81,0.78,5,F,-108,-3.50"
2026-07-13T13:36:58.874+00:00,/dev/cu.usbserial-576B0005451,"RX,1005298,R35,TXE,N61,126,261383,E,1,0.87,0.84,5,U,-109,-7.25"
2026-07-13T13:36:58.980+00:00,/dev/cu.usbserial-576B0005451,"RX,1005404,R35,TXI,N121,63,261482,G,1,0.93,0.90,5,U,-109,-7.00"
2026-07-13T13:36:59.123+00:00,/dev/cu.usbserial-576B0005451,"RX,1005547,R35,TXA,N01,259,261627,D,1,0.24,0.22,5,F,-107,-1.00"
2026-07-13T13:36:59.267+00:00,/dev/cu.usbserial-576B0005451,"RX,1005691,R35,TXK,N151,130,261764,E,0,0.87,0.84,5,U,-108,-2.00"
2026-07-13T13:37:00.123+00:00,/dev/cu.usbserial-576B0005451,"RX,1006547,R35,TXA,N01,260,262627,E,0,0.87,0.84,5,F,-108,-1.25"
2026-07-13T13:37:00.874+00:00,/dev/cu.usbserial-576B0005451,"RX,1007298,R35,TXE,N61,127,263383,G,1,0.93,0.90,5,U,-108,-1.00"
2026-07-13T13:37:01.123+00:00,/dev/cu.usbserial-576B0005451,"RX,1007547,R35,TXA,N01,261,263627,F,1,0.28,0.26,5,F,-107,-0.75"
2026-07-13T13:37:01.233+00:00,/dev/cu.usbserial-576B0005451,"RX,1007657,R35,TXH,N106,16,263743,G,1,0.93,0.90,5,U,-104,1.25"
2026-07-13T13:37:01.415+00:00,/dev/cu.usbserial-576B0005451,"RX,1007839,R35,TXL,N166,16,263917,G,1,0.93,0.90,5,U,-107,-0.25"
2026-07-13T13:37:01.621+00:00,/dev/cu.usbserial-576B0005451,"RX,1008045,R35,TXF,N76,64,264131,E,0,0.87,0.84,5,U,-109,-5.75"
2026-07-13T13:37:01.926+00:00,/dev/cu.usbserial-576B0005451,"RX,1008350,R35,TXD,N46,32,264431,G,1,0.93,0.90,5,U,-109,-5.00"
2026-07-13T13:37:02.123+00:00,/dev/cu.usbserial-576B0005451,"RX,1008547,R35,TXA,N01,262,264627,G,1,0.93,0.90,5,F,-108,-0.75"
2026-07-13T13:37:02.571+00:00,/dev/cu.usbserial-576B0005451,"RX,1008995,R35,TXG,N91,31,265081,G,1,0.93,0.90,5,U,-110,-6.50"
2026-07-13T13:37:02.874+00:00,/dev/cu.usbserial-576B0005451,"RX,1009298,R35,TXE,N61,128,265383,A,1,0.75,0.72,5,U,-109,-4.00"
2026-07-13T13:37:03.123+00:00,/dev/cu.usbserial-576B0005451,"RX,1009547,R35,TXA,N01,263,265627,H,0,0.32,0.30,5,F,-108,-2.50"
2026-07-13T13:37:03.267+00:00,/dev/cu.usbserial-576B0005451,"RX,1009691,R35,TXK,N151,132,265764,A,1,0.75,0.72,5,U,-107,0.25"
2026-07-13T13:37:03.621+00:00,/dev/cu.usbserial-576B0005451,"RX,1010045,R35,TXF,N76,65,266131,G,1,0.93,0.90,5,U,-109,-5.50"
2026-07-13T13:37:03.781+00:00,/dev/cu.usbserial-576B0005451,"RX,1010204,R35,TXJ,N136,31,266281,G,1,0.93,0.90,5,U,-108,-2.00"
2026-07-13T13:37:03.879+00:00,/dev/cu.usbserial-576B0005451,"RX,1010303,R35,TXC,N31,64,266385,E,0,0.87,0.84,5,U,-107,-1.75"
2026-07-13T13:37:04.123+00:00,/dev/cu.usbserial-576B0005451,"RX,1010547,R35,TXA,N01,264,266627,A,1,0.75,0.72,5,F,-107,-1.75"
2026-07-13T13:37:04.874+00:00,/dev/cu.usbserial-576B0005451,"RX,1011298,R35,TXE,N61,129,267383,C,1,0.81,0.78,5,U,-109,-7.50"
2026-07-13T13:37:05.123+00:00,/dev/cu.usbserial-576B0005451,"RX,1011547,R35,TXA,N01,265,267627,B,1,0.20,0.18,5,F,-107,-0.25"
2026-07-13T13:37:05.267+00:00,/dev/cu.usbserial-576B0005451,"RX,1011691,R35,TXK,N151,133,267764,C,0,0.81,0.78,5,U,-108,-3.75"
2026-07-13T13:37:05.879+00:00,/dev/cu.usbserial-576B0005451,"RX,1012303,R35,TXC,N31,65,268385,G,1,0.93,0.90,5,U,-106,-0.50"
2026-07-13T13:37:06.123+00:00,/dev/cu.usbserial-576B0005451,"RX,1012547,R35,TXA,N01,266,268627,C,0,0.81,0.78,5,F,-108,-5.00"
2026-07-13T13:37:06.874+00:00,/dev/cu.usbserial-576B0005451,"RX,1013298,R35,TXE,N61,130,269383,E,0,0.87,0.84,5,U,-109,-4.00"
2026-07-13T13:37:06.980+00:00,/dev/cu.usbserial-576B0005451,"RX,1013404,R35,TXI,N121,65,269482,G,1,0.93,0.90,5,U,-109,-5.25"
2026-07-13T13:37:07.123+00:00,/dev/cu.usbserial-576B0005451,"RX,1013547,R35,TXA,N01,267,269627,D,1,0.24,0.22,5,F,-107,-1.75"
2026-07-13T13:37:07.267+00:00,/dev/cu.usbserial-576B0005451,"RX,1013691,R35,TXK,N151,134,269764,E,1,0.87,0.84,5,U,-108,-3.25"
2026-07-13T13:37:08.123+00:00,/dev/cu.usbserial-576B0005451,"RX,1014547,R35,TXA,N01,268,270627,E,1,0.87,0.84,5,F,-107,-1.50"
2026-07-13T13:37:08.874+00:00,/dev/cu.usbserial-576B0005451,"RX,1015298,R35,TXE,N61,131,271383,G,1,0.93,0.90,5,U,-108,-3.75"
2026-07-13T13:37:09.233+00:00,/dev/cu.usbserial-576B0005451,"RX,1015657,R35,TXH,N106,17,271743,G,1,0.93,0.90,5,U,-104,0.25"
2026-07-13T13:37:09.414+00:00,/dev/cu.usbserial-576B0005451,"RX,1015839,R35,TXL,N166,17,271917,G,1,0.93,0.90,5,U,-107,-2.00"
2026-07-13T13:37:09.926+00:00,/dev/cu.usbserial-576B0005451,"RX,1016350,R35,TXD,N46,33,272431,G,1,0.93,0.90,5,U,-108,-6.75"
2026-07-13T13:37:10.123+00:00,/dev/cu.usbserial-576B0005451,"RX,1016547,R35,TXA,N01,270,272627,G,1,0.93,0.90,5,F,-106,-0.75"
2026-07-13T13:37:10.874+00:00,/dev/cu.usbserial-576B0005451,"RX,1017298,R35,TXE,N61,132,273383,A,1,0.75,0.72,5,U,-108,-6.00"
2026-07-13T13:37:11.123+00:00,/dev/cu.usbserial-576B0005451,"RX,1017547,R35,TXA,N01,271,273627,H,1,0.32,0.30,5,F,-107,-4.25"
2026-07-13T13:37:11.267+00:00,/dev/cu.usbserial-576B0005451,"RX,1017691,R35,TXK,N151,136,273764,A,0,0.75,0.72,5,U,-107,-3.25"
2026-07-13T13:37:11.779+00:00,/dev/cu.usbserial-576B0005451,"RX,1018204,R35,TXJ,N136,32,274281,G,1,0.93,0.90,5,U,-107,-2.50"
2026-07-13T13:37:11.879+00:00,/dev/cu.usbserial-576B0005451,"RX,1018303,R35,TXC,N31,66,274385,E,1,0.87,0.84,5,U,-108,-8.00"
2026-07-13T13:37:12.123+00:00,/dev/cu.usbserial-576B0005451,"RX,1018547,R35,TXA,N01,272,274627,A,0,0.75,0.72,5,F,-107,-3.00"
2026-07-13T13:37:12.874+00:00,/dev/cu.usbserial-576B0005451,"RX,1019298,R35,TXE,N61,133,275383,C,0,0.81,0.78,5,U,-107,-4.00"
2026-07-13T13:37:12.980+00:00,/dev/cu.usbserial-576B0005451,"RX,1019404,R35,TXI,N121,66,275482,E,1,0.87,0.84,5,U,-108,-4.50"
2026-07-13T13:37:13.123+00:00,/dev/cu.usbserial-576B0005451,"RX,1019547,R35,TXA,N01,273,275627,B,1,0.20,0.18,5,F,-107,-1.75"
2026-07-13T13:37:13.267+00:00,/dev/cu.usbserial-576B0005451,"RX,1019691,R35,TXK,N151,137,275764,C,1,0.81,0.78,5,U,-107,-2.50"
2026-07-13T13:37:13.879+00:00,/dev/cu.usbserial-576B0005451,"RX,1020303,R35,TXC,N31,67,276385,G,1,0.93,0.90,5,U,-106,-2.00"
2026-07-13T13:37:14.123+00:00,/dev/cu.usbserial-576B0005451,"RX,1020547,R35,TXA,N01,274,276627,C,1,0.81,0.78,5,F,-107,-3.00"
2026-07-13T13:37:14.874+00:00,/dev/cu.usbserial-576B0005451,"RX,1021298,R35,TXE,N61,134,277383,E,1,0.87,0.84,5,U,-108,-5.00"
2026-07-13T13:37:14.980+00:00,/dev/cu.usbserial-576B0005451,"RX,1021404,R35,TXI,N121,67,277482,G,1,0.93,0.90,5,U,-108,-6.00"
2026-07-13T13:37:15.123+00:00,/dev/cu.usbserial-576B0005451,"RX,1021547,R35,TXA,N01,275,277627,D,0,0.24,0.22,5,F,-107,-2.75"
2026-07-13T13:37:15.267+00:00,/dev/cu.usbserial-576B0005451,"RX,1021691,R35,TXK,N151,138,277764,E,1,0.87,0.84,5,U,-102,-7.75"
2026-07-13T13:37:16.123+00:00,/dev/cu.usbserial-576B0005451,"RX,1022547,R35,TXA,N01,276,278627,E,1,0.87,0.84,5,F,-107,-2.00"
2026-07-13T13:37:16.874+00:00,/dev/cu.usbserial-576B0005451,"RX,1023298,R35,TXE,N61,135,279383,G,1,0.93,0.90,5,U,-108,-4.25"
2026-07-13T13:37:17.122+00:00,/dev/cu.usbserial-576B0005451,"RX,1023547,R35,TXA,N01,277,279627,F,1,0.28,0.26,5,F,-107,-2.75"
2026-07-13T13:37:17.233+00:00,/dev/cu.usbserial-576B0005451,"RX,1023657,R35,TXH,N106,18,279743,G,0,0.93,0.90,5,U,-103,0.50"
2026-07-13T13:37:17.414+00:00,/dev/cu.usbserial-576B0005451,"RX,1023839,R35,TXL,N166,18,279917,G,0,0.93,0.90,5,U,-107,-2.00"
2026-07-13T13:37:18.123+00:00,/dev/cu.usbserial-576B0005451,"RX,1024547,R35,TXA,N01,278,280627,G,0,0.93,0.90,5,F,-108,-4.25"
2026-07-13T13:37:18.571+00:00,/dev/cu.usbserial-576B0005451,"RX,1024996,R35,TXG,N91,33,281081,G,1,0.93,0.90,5,U,-108,-5.25"
2026-07-13T13:37:18.874+00:00,/dev/cu.usbserial-576B0005451,"RX,1025298,R35,TXE,N61,136,281383,A,0,0.75,0.72,5,U,-107,-0.75"
2026-07-13T13:37:19.123+00:00,/dev/cu.usbserial-576B0005451,"RX,1025547,R35,TXA,N01,279,281627,H,1,0.32,0.30,5,F,-106,-0.75"
2026-07-13T13:37:19.267+00:00,/dev/cu.usbserial-576B0005451,"RX,1025691,R35,TXK,N151,140,281764,A,1,0.75,0.72,5,U,-108,-2.75"
2026-07-13T13:37:19.621+00:00,/dev/cu.usbserial-576B0005451,"RX,1026045,R35,TXF,N76,69,282131,G,0,0.93,0.90,5,U,-109,-7.25"
2026-07-13T13:37:19.779+00:00,/dev/cu.usbserial-576B0005451,"RX,1026204,R35,TXJ,N136,33,282281,G,1,0.93,0.90,5,U,-108,-3.25"
2026-07-13T13:37:19.879+00:00,/dev/cu.usbserial-576B0005451,"RX,1026303,R35,TXC,N31,68,282385,E,1,0.87,0.84,5,U,-108,-4.00"
2026-07-13T13:37:20.123+00:00,/dev/cu.usbserial-576B0005451,"RX,1026547,R35,TXA,N01,280,282627,A,1,0.75,0.72,5,F,-108,-2.75"
2026-07-13T13:37:20.874+00:00,/dev/cu.usbserial-576B0005451,"RX,1027298,R35,TXE,N61,137,283383,C,1,0.81,0.78,5,U,-109,-4.25"
2026-07-13T13:37:20.980+00:00,/dev/cu.usbserial-576B0005451,"RX,1027404,R35,TXI,N121,68,283482,E,1,0.87,0.84,5,U,-108,-5.00"
2026-07-13T13:37:21.123+00:00,/dev/cu.usbserial-576B0005451,"RX,1027547,R35,TXA,N01,281,283627,B,0,0.20,0.18,5,F,-108,-4.25"
2026-07-13T13:37:21.879+00:00,/dev/cu.usbserial-576B0005451,"RX,1028303,R35,TXC,N31,69,284385,G,0,0.93,0.90,5,U,-107,-3.25"
2026-07-13T13:37:22.123+00:00,/dev/cu.usbserial-576B0005451,"RX,1028547,R35,TXA,N01,282,284627,C,1,0.81,0.78,5,F,-107,-2.50"
2026-07-13T13:37:22.874+00:00,/dev/cu.usbserial-576B0005451,"RX,1029298,R35,TXE,N61,138,285383,E,1,0.87,0.84,5,U,-108,-3.75"
2026-07-13T13:37:22.980+00:00,/dev/cu.usbserial-576B0005451,"RX,1029404,R35,TXI,N121,69,285482,G,0,0.93,0.90,5,U,-108,-5.50"
2026-07-13T13:37:23.123+00:00,/dev/cu.usbserial-576B0005451,"RX,1029547,R35,TXA,N01,283,285627,D,1,0.24,0.22,5,F,-107,-2.25"
2026-07-13T13:37:24.123+00:00,/dev/cu.usbserial-576B0005451,"RX,1030547,R35,TXA,N01,284,286627,E,0,0.87,0.84,5,F,-108,-2.75"
2026-07-13T13:37:24.874+00:00,/dev/cu.usbserial-576B0005451,"RX,1031298,R35,TXE,N61,139,287383,G,0,0.93,0.90,5,U,-108,-7.50"
2026-07-13T13:37:25.123+00:00,/dev/cu.usbserial-576B0005451,"RX,1031547,R35,TXA,N01,285,287627,F,1,0.28,0.26,5,F,-108,-3.00"
2026-07-13T13:37:25.233+00:00,/dev/cu.usbserial-576B0005451,"RX,1031657,R35,TXH,N106,19,287743,G,1,0.93,0.90,5,U,-103,0.50"
2026-07-13T13:37:25.414+00:00,/dev/cu.usbserial-576B0005451,"RX,1031839,R35,TXL,N166,19,287917,G,1,0.93,0.90,5,U,-106,-1.25"
2026-07-13T13:37:25.621+00:00,/dev/cu.usbserial-576B0005451,"RX,1032045,R35,TXF,N76,70,288131,E,0,0.87,0.84,5,U,-109,-8.50"
2026-07-13T13:37:25.926+00:00,/dev/cu.usbserial-576B0005451,"RX,1032350,R35,TXD,N46,35,288431,G,1,0.93,0.90,5,U,-107,-6.75"
2026-07-13T13:37:26.123+00:00,/dev/cu.usbserial-576B0005451,"RX,1032547,R35,TXA,N01,286,288627,G,1,0.93,0.90,5,F,-108,-3.00"
2026-07-13T13:37:26.874+00:00,/dev/cu.usbserial-576B0005451,"RX,1033298,R35,TXE,N61,140,289383,A,1,0.75,0.72,5,U,-108,-6.25"
2026-07-13T13:37:27.122+00:00,/dev/cu.usbserial-576B0005451,"RX,1033547,R35,TXA,N01,287,289627,H,0,0.32,0.30,5,F,-108,-2.75"
2026-07-13T13:37:27.267+00:00,/dev/cu.usbserial-576B0005451,"RX,1033691,R35,TXK,N151,144,289764,A,1,0.75,0.72,5,U,-108,-4.25"
2026-07-13T13:37:27.621+00:00,/dev/cu.usbserial-576B0005451,"RX,1034045,R35,TXF,N76,71,290131,G,1,0.93,0.90,5,U,-108,-7.50"
2026-07-13T13:37:27.779+00:00,/dev/cu.usbserial-576B0005451,"RX,1034204,R35,TXJ,N136,34,290281,G,0,0.93,0.90,5,U,-107,-3.00"
2026-07-13T13:37:27.879+00:00,/dev/cu.usbserial-576B0005451,"RX,1034303,R35,TXC,N31,70,290385,E,0,0.87,0.84,5,U,-106,-5.75"
2026-07-13T13:37:28.123+00:00,/dev/cu.usbserial-576B0005451,"RX,1034547,R35,TXA,N01,288,290627,A,1,0.75,0.72,5,F,-108,-4.00"
2026-07-13T13:37:28.874+00:00,/dev/cu.usbserial-576B0005451,"RX,1035298,R35,TXE,N61,141,291383,C,1,0.81,0.78,5,U,-108,-4.75"
2026-07-13T13:37:28.980+00:00,/dev/cu.usbserial-576B0005451,"RX,1035404,R35,TXI,N121,70,291482,E,0,0.87,0.84,5,U,-108,-5.50"
2026-07-13T13:37:29.123+00:00,/dev/cu.usbserial-576B0005451,"RX,1035547,R35,TXA,N01,289,291627,B,1,0.20,0.18,5,F,-107,-2.75"
2026-07-13T13:37:29.267+00:00,/dev/cu.usbserial-576B0005451,"RX,1035691,R35,TXK,N151,145,291764,C,0,0.81,0.78,5,U,-107,-3.00"
2026-07-13T13:37:29.878+00:00,/dev/cu.usbserial-576B0005451,"RX,1036303,R35,TXC,N31,71,292385,G,1,0.93,0.90,5,U,-108,-4.00"
2026-07-13T13:37:30.874+00:00,/dev/cu.usbserial-576B0005451,"RX,1037298,R35,TXE,N61,142,293383,E,0,0.87,0.84,5,U,-108,-3.75"
2026-07-13T13:37:30.980+00:00,/dev/cu.usbserial-576B0005451,"RX,1037404,R35,TXI,N121,71,293482,G,1,0.93,0.90,5,U,-108,-5.50"
2026-07-13T13:37:31.123+00:00,/dev/cu.usbserial-576B0005451,"RX,1037547,R35,TXA,N01,291,293627,D,1,0.24,0.22,5,F,-107,-2.25"
2026-07-13T13:37:31.267+00:00,/dev/cu.usbserial-576B0005451,"RX,1037691,R35,TXK,N151,146,293764,E,1,0.87,0.84,5,U,-107,-2.50"
2026-07-13T13:37:32.123+00:00,/dev/cu.usbserial-576B0005451,"RX,1038547,R35,TXA,N01,292,294627,E,1,0.87,0.84,5,F,-107,-2.75"
2026-07-13T13:37:32.874+00:00,/dev/cu.usbserial-576B0005451,"RX,1039298,R35,TXE,N61,143,295383,G,1,0.93,0.90,5,U,-108,-5.50"
2026-07-13T13:37:33.123+00:00,/dev/cu.usbserial-576B0005451,"RX,1039547,R35,TXA,N01,293,295627,F,0,0.28,0.26,5,F,-107,-2.00"
2026-07-13T13:37:33.267+00:00,/dev/cu.usbserial-576B0005451,"RX,1039691,R35,TXK,N151,147,295764,G,1,0.93,0.90,5,U,-108,-3.25"
2026-07-13T13:37:33.621+00:00,/dev/cu.usbserial-576B0005451,"RX,1040045,R35,TXF,N76,72,296131,E,1,0.87,0.84,5,U,-108,-6.75"
2026-07-13T13:37:33.926+00:00,/dev/cu.usbserial-576B0005451,"RX,1040350,R35,TXD,N46,36,296431,G,1,0.93,0.90,5,U,-108,-5.75"
2026-07-13T13:37:34.123+00:00,/dev/cu.usbserial-576B0005451,"RX,1040547,R35,TXA,N01,294,296627,G,1,0.93,0.90,5,F,-108,-2.00"
2026-07-13T13:37:34.571+00:00,/dev/cu.usbserial-576B0005451,"RX,1040995,R35,TXG,N91,35,297081,G,1,0.93,0.90,5,U,-108,-8.00"
2026-07-13T13:37:34.874+00:00,/dev/cu.usbserial-576B0005451,"RX,1041298,R35,TXE,N61,144,297383,A,1,0.75,0.72,5,U,-108,-4.75"
2026-07-13T13:37:35.122+00:00,/dev/cu.usbserial-576B0005451,"RX,1041547,R35,TXA,N01,295,297627,H,1,0.32,0.30,5,F,-107,-2.00"
2026-07-13T13:37:35.267+00:00,/dev/cu.usbserial-576B0005451,"RX,1041691,R35,TXK,N151,148,297764,A,0,0.75,0.72,5,U,-107,-2.75"
2026-07-13T13:37:35.621+00:00,/dev/cu.usbserial-576B0005451,"RX,1042045,R35,TXF,N76,73,298131,G,1,0.93,0.90,5,U,-108,-7.75"
2026-07-13T13:37:35.779+00:00,/dev/cu.usbserial-576B0005451,"RX,1042204,R35,TXJ,N136,35,298281,G,1,0.93,0.90,5,U,-108,-3.00"
2026-07-13T13:37:35.878+00:00,/dev/cu.usbserial-576B0005451,"RX,1042303,R35,TXC,N31,72,298385,E,1,0.87,0.84,5,U,-108,-3.25"
2026-07-13T13:37:36.123+00:00,/dev/cu.usbserial-576B0005451,"RX,1042547,R35,TXA,N01,296,298627,A,0,0.75,0.72,5,F,-108,-2.75"
2026-07-13T13:37:36.874+00:00,/dev/cu.usbserial-576B0005451,"RX,1043298,R35,TXE,N61,145,299383,C,0,0.81,0.78,5,U,-108,-4.25"
2026-07-13T13:37:36.980+00:00,/dev/cu.usbserial-576B0005451,"RX,1043404,R35,TXI,N121,72,299482,E,1,0.87,0.84,5,U,-108,-6.00"
2026-07-13T13:37:37.123+00:00,/dev/cu.usbserial-576B0005451,"RX,1043547,R35,TXA,N01,297,299627,B,1,0.20,0.18,5,F,-107,-2.50"
2026-07-13T13:37:37.267+00:00,/dev/cu.usbserial-576B0005451,"RX,1043691,R35,TXK,N151,149,299764,C,1,0.81,0.78,5,U,-106,-3.00"
2026-07-13T13:37:37.879+00:00,/dev/cu.usbserial-576B0005451,"RX,1044303,R35,TXC,N31,73,300385,G,1,0.93,0.90,5,U,-108,-3.75"
2026-07-13T13:37:38.123+00:00,/dev/cu.usbserial-576B0005451,"RX,1044547,R35,TXA,N01,298,300627,C,1,0.81,0.78,5,F,-108,-2.75"
2026-07-13T13:37:38.874+00:00,/dev/cu.usbserial-576B0005451,"RX,1045298,R35,TXE,N61,146,301383,E,1,0.87,0.84,5,U,-108,-3.75"
2026-07-13T13:37:38.980+00:00,/dev/cu.usbserial-576B0005451,"RX,1045404,R35,TXI,N121,73,301482,G,1,0.93,0.90,5,U,-108,-5.50"
2026-07-13T13:37:39.124+00:00,/dev/cu.usbserial-576B0005451,"RX,1045547,R35,TXA,N01,299,301627,D,0,0.24,0.22,5,F,-108,-3.00"
2026-07-13T13:37:39.267+00:00,/dev/cu.usbserial-576B0005451,"RX,1045691,R35,TXK,N151,150,301764,E,1,0.87,0.84,5,U,-107,-2.00"
2026-07-13T13:37:40.123+00:00,/dev/cu.usbserial-576B0005451,"RX,1046547,R35,TXA,N01,300,302627,E,1,0.87,0.84,5,F,-104,2.00"
2026-07-13T13:37:40.874+00:00,/dev/cu.usbserial-576B0005451,"RX,1047298,R35,TXE,N61,147,303383,G,1,0.93,0.90,5,U,-108,-3.50"
2026-07-13T13:37:41.123+00:00,/dev/cu.usbserial-576B0005451,"RX,1047547,R35,TXA,N01,301,303627,F,1,0.28,0.26,5,F,-108,-3.25"
2026-07-13T13:37:41.267+00:00,/dev/cu.usbserial-576B0005451,"RX,1047691,R35,TXK,N151,151,303764,G,0,0.93,0.90,5,U,-108,-2.75"
2026-07-13T13:37:41.621+00:00,/dev/cu.usbserial-576B0005451,"RX,1048045,R35,TXF,N76,74,304131,E,1,0.87,0.84,5,U,-108,-7.25"
2026-07-13T13:37:41.926+00:00,/dev/cu.usbserial-576B0005451,"RX,1048350,R35,TXD,N46,37,304431,G,0,0.93,0.90,5,U,-109,-6.75"
2026-07-13T13:37:42.123+00:00,/dev/cu.usbserial-576B0005451,"RX,1048547,R35,TXA,N01,302,304627,G,0,0.93,0.90,5,F,-107,-2.25"
2026-07-13T13:37:42.571+00:00,/dev/cu.usbserial-576B0005451,"RX,1048995,R35,TXG,N91,36,305081,G,1,0.93,0.90,5,U,-108,-8.75"
2026-07-13T13:37:42.874+00:00,/dev/cu.usbserial-576B0005451,"RX,1049298,R35,TXE,N61,148,305383,A,0,0.75,0.72,5,U,-108,-5.75"
2026-07-13T13:37:43.123+00:00,/dev/cu.usbserial-576B0005451,"RX,1049547,R35,TXA,N01,303,305627,H,1,0.32,0.30,5,F,-107,-2.75"
2026-07-13T13:37:43.267+00:00,/dev/cu.usbserial-576B0005451,"RX,1049691,R35,TXK,N151,152,305764,A,1,0.75,0.72,5,U,-107,-2.75"
2026-07-13T13:37:43.621+00:00,/dev/cu.usbserial-576B0005451,"RX,1050045,R35,TXF,N76,75,306131,G,0,0.93,0.90,5,U,-108,-8.25"
2026-07-13T13:37:43.779+00:00,/dev/cu.usbserial-576B0005451,"RX,1050204,R35,TXJ,N136,36,306281,G,1,0.93,0.90,5,U,-107,-3.50"
2026-07-13T13:37:43.879+00:00,/dev/cu.usbserial-576B0005451,"RX,1050303,R35,TXC,N31,74,306385,E,1,0.87,0.84,5,U,-108,-3.50"
2026-07-13T13:37:44.123+00:00,/dev/cu.usbserial-576B0005451,"RX,1050547,R35,TXA,N01,304,306627,A,1,0.75,0.72,5,F,-107,-2.50"
2026-07-13T13:37:44.874+00:00,/dev/cu.usbserial-576B0005451,"RX,1051298,R35,TXE,N61,149,307383,C,1,0.81,0.78,5,U,-108,-5.00"
2026-07-13T13:37:44.980+00:00,/dev/cu.usbserial-576B0005451,"RX,1051404,R35,TXI,N121,74,307482,E,1,0.87,0.84,5,U,-108,-7.00"
2026-07-13T13:37:45.123+00:00,/dev/cu.usbserial-576B0005451,"RX,1051547,R35,TXA,N01,305,307627,B,0,0.20,0.18,5,F,-107,-2.75"
2026-07-13T13:37:45.267+00:00,/dev/cu.usbserial-576B0005451,"RX,1051691,R35,TXK,N151,153,307764,C,1,0.81,0.78,5,U,-108,-3.50"
2026-07-13T13:37:45.878+00:00,/dev/cu.usbserial-576B0005451,"RX,1052303,R35,TXC,N31,75,308385,G,0,0.93,0.90,5,U,-108,-3.75"
2026-07-13T13:37:46.123+00:00,/dev/cu.usbserial-576B0005451,"RX,1052547,R35,TXA,N01,306,308627,C,1,0.81,0.78,5,F,-107,-2.75"
2026-07-13T13:37:46.874+00:00,/dev/cu.usbserial-576B0005451,"RX,1053298,R35,TXE,N61,150,309383,E,1,0.87,0.84,5,U,-108,-7.25"
2026-07-13T13:37:47.123+00:00,/dev/cu.usbserial-576B0005451,"RX,1053547,R35,TXA,N01,307,309627,D,1,0.24,0.22,5,F,-107,-4.75"
2026-07-13T13:37:47.267+00:00,/dev/cu.usbserial-576B0005451,"RX,1053691,R35,TXK,N151,154,309764,E,0,0.87,0.84,5,U,-108,-4.25"
2026-07-13T13:37:48.122+00:00,/dev/cu.usbserial-576B0005451,"RX,1054547,R35,TXA,N01,308,310627,E,0,0.87,0.84,5,F,-107,-2.25"
2026-07-13T13:37:48.874+00:00,/dev/cu.usbserial-576B0005451,"RX,1055298,R35,TXE,N61,151,311383,G,0,0.93,0.90,5,U,-107,-3.75"
2026-07-13T13:37:49.123+00:00,/dev/cu.usbserial-576B0005451,"RX,1055547,R35,TXA,N01,309,311627,F,1,0.28,0.26,5,F,-107,-2.50"
2026-07-13T13:37:49.267+00:00,/dev/cu.usbserial-576B0005451,"RX,1055691,R35,TXK,N151,155,311764,G,1,0.93,0.90,5,U,-108,-3.00"
2026-07-13T13:37:49.621+00:00,/dev/cu.usbserial-576B0005451,"RX,1056045,R35,TXF,N76,76,312131,E,0,0.87,0.84,5,U,-108,-6.75"
2026-07-13T13:37:49.926+00:00,/dev/cu.usbserial-576B0005451,"RX,1056350,R35,TXD,N46,38,312431,G,1,0.93,0.90,5,U,-108,-6.50"
2026-07-13T13:37:50.123+00:00,/dev/cu.usbserial-576B0005451,"RX,1056547,R35,TXA,N01,310,312627,G,1,0.93,0.90,5,F,-107,-1.75"
2026-07-13T13:37:50.571+00:00,/dev/cu.usbserial-576B0005451,"RX,1056995,R35,TXG,N91,37,313081,G,0,0.93,0.90,5,U,-109,-6.75"
2026-07-13T13:37:50.874+00:00,/dev/cu.usbserial-576B0005451,"RX,1057298,R35,TXE,N61,152,313383,A,1,0.75,0.72,5,U,-108,-1.75"
2026-07-13T13:37:51.123+00:00,/dev/cu.usbserial-576B0005451,"RX,1057547,R35,TXA,N01,311,313627,H,0,0.32,0.30,5,F,-107,-1.00"
2026-07-13T13:37:51.267+00:00,/dev/cu.usbserial-576B0005451,"RX,1057691,R35,TXK,N151,156,313764,A,1,0.75,0.72,5,U,-108,-3.00"
2026-07-13T13:37:51.779+00:00,/dev/cu.usbserial-576B0005451,"RX,1058203,R35,TXJ,N136,37,314281,G,0,0.93,0.90,5,U,-108,-2.00"
2026-07-13T13:37:51.878+00:00,/dev/cu.usbserial-576B0005451,"RX,1058303,R35,TXC,N31,76,314385,E,0,0.87,0.84,5,U,-108,-2.25"
2026-07-13T13:37:52.123+00:00,/dev/cu.usbserial-576B0005451,"RX,1058547,R35,TXA,N01,312,314627,A,1,0.75,0.72,5,F,-108,-1.25"
2026-07-13T13:37:52.874+00:00,/dev/cu.usbserial-576B0005451,"RX,1059298,R35,TXE,N61,153,315383,C,1,0.81,0.78,5,U,-108,-1.75"
2026-07-13T13:37:52.980+00:00,/dev/cu.usbserial-576B0005451,"RX,1059404,R35,TXI,N121,76,315482,E,0,0.87,0.84,5,U,-109,-4.00"
2026-07-13T13:37:53.123+00:00,/dev/cu.usbserial-576B0005451,"RX,1059547,R35,TXA,N01,313,315627,B,1,0.20,0.18,5,F,-107,-0.75"
2026-07-13T13:37:53.267+00:00,/dev/cu.usbserial-576B0005451,"RX,1059691,R35,TXK,N151,157,315764,C,0,0.81,0.78,5,U,-108,-2.25"
2026-07-13T13:37:53.878+00:00,/dev/cu.usbserial-576B0005451,"RX,1060302,R35,TXC,N31,77,316385,G,1,0.93,0.90,5,U,-109,-3.50"
2026-07-13T13:37:54.123+00:00,/dev/cu.usbserial-576B0005451,"RX,1060547,R35,TXA,N01,314,316627,C,0,0.81,0.78,5,F,-108,-2.50"
2026-07-13T13:37:54.874+00:00,/dev/cu.usbserial-576B0005451,"RX,1061298,R35,TXE,N61,154,317383,E,0,0.87,0.84,5,U,-108,-4.00"
2026-07-13T13:37:54.980+00:00,/dev/cu.usbserial-576B0005451,"RX,1061404,R35,TXI,N121,77,317482,G,1,0.93,0.90,5,U,-109,-5.00"
2026-07-13T13:37:55.123+00:00,/dev/cu.usbserial-576B0005451,"RX,1061547,R35,TXA,N01,315,317627,D,1,0.24,0.22,5,F,-108,-3.25"
2026-07-13T13:37:55.267+00:00,/dev/cu.usbserial-576B0005451,"RX,1061691,R35,TXK,N151,158,317764,E,1,0.87,0.84,5,U,-108,-2.75"
2026-07-13T13:37:56.123+00:00,/dev/cu.usbserial-576B0005451,"RX,1062547,R35,TXA,N01,316,318627,E,1,0.87,0.84,5,F,-108,-1.50"
2026-07-13T13:37:56.874+00:00,/dev/cu.usbserial-576B0005451,"RX,1063298,R35,TXE,N61,155,319383,G,1,0.93,0.90,5,U,-108,-3.75"
2026-07-13T13:37:57.123+00:00,/dev/cu.usbserial-576B0005451,"RX,1063547,R35,TXA,N01,317,319627,F,0,0.28,0.26,5,F,-108,-2.25"
2026-07-13T13:37:57.267+00:00,/dev/cu.usbserial-576B0005451,"RX,1063691,R35,TXK,N151,159,319764,G,1,0.93,0.90,5,U,-108,-1.75"
2026-07-13T13:37:57.620+00:00,/dev/cu.usbserial-576B0005451,"RX,1064045,R35,TXF,N76,78,320131,E,1,0.87,0.84,5,U,-109,-7.00"
2026-07-13T13:37:57.926+00:00,/dev/cu.usbserial-576B0005451,"RX,1064350,R35,TXD,N46,39,320431,G,1,0.93,0.90,5,U,-109,-4.00"
2026-07-13T13:37:58.123+00:00,/dev/cu.usbserial-576B0005451,"RX,1064547,R35,TXA,N01,318,320627,G,1,0.93,0.90,5,F,-107,-1.00"
2026-07-13T13:37:58.571+00:00,/dev/cu.usbserial-576B0005451,"RX,1064995,R35,TXG,N91,38,321081,G,1,0.93,0.90,5,U,-109,-5.75"
2026-07-13T13:37:58.874+00:00,/dev/cu.usbserial-576B0005451,"RX,1065298,R35,TXE,N61,156,321383,A,1,0.75,0.72,5,U,-108,-2.00"
2026-07-13T13:37:59.123+00:00,/dev/cu.usbserial-576B0005451,"RX,1065547,R35,TXA,N01,319,321627,H,1,0.32,0.30,5,F,-107,-1.00"
2026-07-13T13:37:59.267+00:00,/dev/cu.usbserial-576B0005451,"RX,1065691,R35,TXK,N151,160,321764,A,1,0.75,0.72,5,U,-108,-1.75"
2026-07-13T13:37:59.621+00:00,/dev/cu.usbserial-576B0005451,"RX,1066045,R35,TXF,N76,79,322131,G,1,0.93,0.90,5,U,-109,-7.00"
2026-07-13T13:37:59.779+00:00,/dev/cu.usbserial-576B0005451,"RX,1066204,R35,TXJ,N136,38,322281,G,1,0.93,0.90,5,U,-108,-1.25"
2026-07-13T13:37:59.879+00:00,/dev/cu.usbserial-576B0005451,"RX,1066302,R35,TXC,N31,78,322385,E,1,0.87,0.84,5,U,-108,-0.75"
2026-07-13T13:38:00.123+00:00,/dev/cu.usbserial-576B0005451,"RX,1066547,R35,TXA,N01,320,322627,A,1,0.75,0.72,5,F,-107,-1.25"
2026-07-13T13:38:00.874+00:00,/dev/cu.usbserial-576B0005451,"RX,1067298,R35,TXE,N61,157,323383,C,0,0.81,0.78,5,U,-107,-2.50"
2026-07-13T13:38:00.980+00:00,/dev/cu.usbserial-576B0005451,"RX,1067404,R35,TXI,N121,78,323482,E,1,0.87,0.84,5,U,-108,-4.75"
2026-07-13T13:38:01.123+00:00,/dev/cu.usbserial-576B0005451,"RX,1067547,R35,TXA,N01,321,323627,B,0,0.20,0.18,5,F,-106,-1.50"
2026-07-13T13:38:01.267+00:00,/dev/cu.usbserial-576B0005451,"RX,1067691,R35,TXK,N151,161,323764,C,1,0.81,0.78,5,U,-107,-2.00"
2026-07-13T13:38:01.878+00:00,/dev/cu.usbserial-576B0005451,"RX,1068302,R35,TXC,N31,79,324385,G,1,0.93,0.90,5,U,-108,-2.50"
2026-07-13T13:38:02.123+00:00,/dev/cu.usbserial-576B0005451,"RX,1068547,R35,TXA,N01,322,324627,C,1,0.81,0.78,5,F,-107,-1.75"
2026-07-13T13:38:02.874+00:00,/dev/cu.usbserial-576B0005451,"RX,1069298,R35,TXE,N61,158,325383,E,1,0.87,0.84,5,U,-108,-3.50"
2026-07-13T13:38:02.980+00:00,/dev/cu.usbserial-576B0005451,"RX,1069404,R35,TXI,N121,79,325482,G,1,0.93,0.90,5,U,-108,-5.00"
2026-07-13T13:38:03.123+00:00,/dev/cu.usbserial-576B0005451,"RX,1069547,R35,TXA,N01,323,325627,D,1,0.24,0.22,5,F,-107,-2.00"
2026-07-13T13:38:03.267+00:00,/dev/cu.usbserial-576B0005451,"RX,1069691,R35,TXK,N151,162,325764,E,0,0.87,0.84,5,U,-107,-2.50"
2026-07-13T13:38:04.122+00:00,/dev/cu.usbserial-576B0005451,"RX,1070547,R35,TXA,N01,324,326627,E,0,0.87,0.84,5,F,-107,-1.75"
2026-07-13T13:38:04.874+00:00,/dev/cu.usbserial-576B0005451,"RX,1071298,R35,TXE,N61,159,327383,G,1,0.93,0.90,5,U,-108,-3.75"
2026-07-13T13:38:05.123+00:00,/dev/cu.usbserial-576B0005451,"RX,1071547,R35,TXA,N01,325,327627,F,1,0.28,0.26,5,F,-107,-1.75"
2026-07-13T13:38:05.233+00:00,/dev/cu.usbserial-576B0005451,"RX,1071657,R35,TXH,N106,20,327743,G,1,0.93,0.90,5,U,-103,0.25"
2026-07-13T13:38:05.414+00:00,/dev/cu.usbserial-576B0005451,"RX,1071838,R35,TXL,N166,20,327917,G,1,0.93,0.90,5,U,-106,-0.50"
2026-07-13T13:38:05.620+00:00,/dev/cu.usbserial-576B0005451,"RX,1072045,R35,TXF,N76,80,328131,E,0,0.87,0.84,5,U,-108,-7.50"
2026-07-13T13:38:05.926+00:00,/dev/cu.usbserial-576B0005451,"RX,1072350,R35,TXD,N46,40,328431,G,1,0.93,0.90,5,U,-108,-4.25"
2026-07-13T13:38:06.123+00:00,/dev/cu.usbserial-576B0005451,"RX,1072547,R35,TXA,N01,326,328627,G,1,0.93,0.90,5,F,-107,-1.00"
2026-07-13T13:38:06.571+00:00,/dev/cu.usbserial-576B0005451,"RX,1072995,R35,TXG,N91,39,329081,G,1,0.93,0.90,5,U,-108,-7.75"
2026-07-13T13:38:06.873+00:00,/dev/cu.usbserial-576B0005451,"RX,1073298,R35,TXE,N61,160,329383,A,1,0.75,0.72,5,U,-108,-4.00"
2026-07-13T13:38:07.123+00:00,/dev/cu.usbserial-576B0005451,"RX,1073547,R35,TXA,N01,327,329627,H,0,0.32,0.30,5,F,-106,-2.00"
2026-07-13T13:38:07.267+00:00,/dev/cu.usbserial-576B0005451,"RX,1073691,R35,TXK,N151,164,329764,A,1,0.75,0.72,5,U,-108,-3.00"
2026-07-13T13:38:07.621+00:00,/dev/cu.usbserial-576B0005451,"RX,1074045,R35,TXF,N76,81,330131,G,1,0.93,0.90,5,U,-108,-7.00"
2026-07-13T13:38:07.779+00:00,/dev/cu.usbserial-576B0005451,"RX,1074204,R35,TXJ,N136,39,330281,G,1,0.93,0.90,5,U,-107,-2.50"
2026-07-13T13:38:07.878+00:00,/dev/cu.usbserial-576B0005451,"RX,1074302,R35,TXC,N31,80,330385,E,0,0.87,0.84,5,U,-107,-1.75"
2026-07-13T13:38:08.122+00:00,/dev/cu.usbserial-576B0005451,"RX,1074547,R35,TXA,N01,328,330627,A,1,0.75,0.72,5,F,-106,-1.50"
2026-07-13T13:38:08.874+00:00,/dev/cu.usbserial-576B0005451,"RX,1075298,R35,TXE,N61,161,331383,C,1,0.81,0.78,5,U,-107,-3.75"
2026-07-13T13:38:08.979+00:00,/dev/cu.usbserial-576B0005451,"RX,1075404,R35,TXI,N121,80,331482,E,0,0.87,0.84,5,U,-108,-5.00"
2026-07-13T13:38:09.124+00:00,/dev/cu.usbserial-576B0005451,"RX,1075547,R35,TXA,N01,329,331627,B,1,0.20,0.18,5,F,-107,-1.00"
2026-07-13T13:38:09.267+00:00,/dev/cu.usbserial-576B0005451,"RX,1075691,R35,TXK,N151,165,331764,C,0,0.81,0.78,5,U,-107,-3.00"
2026-07-13T13:38:09.879+00:00,/dev/cu.usbserial-576B0005451,"RX,1076302,R35,TXC,N31,81,332385,G,1,0.93,0.90,5,U,-107,-2.50"
2026-07-13T13:38:10.123+00:00,/dev/cu.usbserial-576B0005451,"RX,1076547,R35,TXA,N01,330,332627,C,0,0.81,0.78,5,F,-107,-1.75"
2026-07-13T13:38:10.874+00:00,/dev/cu.usbserial-576B0005451,"RX,1077298,R35,TXE,N61,162,333383,E,0,0.87,0.84,5,U,-108,-4.00"
2026-07-13T13:38:10.980+00:00,/dev/cu.usbserial-576B0005451,"RX,1077404,R35,TXI,N121,81,333482,G,1,0.93,0.90,5,U,-109,-5.75"
2026-07-13T13:38:11.123+00:00,/dev/cu.usbserial-576B0005451,"RX,1077547,R35,TXA,N01,331,333627,D,1,0.24,0.22,5,F,-107,-3.50"
2026-07-13T13:38:11.267+00:00,/dev/cu.usbserial-576B0005451,"RX,1077691,R35,TXK,N151,166,333764,E,1,0.87,0.84,5,U,-108,-3.25"
2026-07-13T13:38:12.123+00:00,/dev/cu.usbserial-576B0005451,"RX,1078547,R35,TXA,N01,332,334627,E,1,0.87,0.84,5,F,-107,-1.75"
2026-07-13T13:38:12.874+00:00,/dev/cu.usbserial-576B0005451,"RX,1079298,R35,TXE,N61,163,335383,G,1,0.93,0.90,5,U,-107,-4.00"
2026-07-13T13:38:13.123+00:00,/dev/cu.usbserial-576B0005451,"RX,1079547,R35,TXA,N01,333,335627,F,0,0.28,0.26,5,F,-108,-2.00"
2026-07-13T13:38:13.233+00:00,/dev/cu.usbserial-576B0005451,"RX,1079657,R35,TXH,N106,21,335743,G,1,0.93,0.90,5,U,-105,-0.50"
2026-07-13T13:38:13.414+00:00,/dev/cu.usbserial-576B0005451,"RX,1079838,R35,TXL,N166,21,335917,G,1,0.93,0.90,5,U,-107,-1.75"
2026-07-13T13:38:13.620+00:00,/dev/cu.usbserial-576B0005451,"RX,1080045,R35,TXF,N76,82,336131,E,1,0.87,0.84,5,U,-109,-8.50"
2026-07-13T13:38:13.925+00:00,/dev/cu.usbserial-576B0005451,"RX,1080350,R35,TXD,N46,41,336431,G,1,0.93,0.90,5,U,-108,-5.25"
2026-07-13T13:38:14.123+00:00,/dev/cu.usbserial-576B0005451,"RX,1080547,R35,TXA,N01,334,336627,G,1,0.93,0.90,5,F,-108,-2.50"
2026-07-13T13:38:14.571+00:00,/dev/cu.usbserial-576B0005451,"RX,1080995,R35,TXG,N91,40,337081,G,1,0.93,0.90,5,U,-108,-6.75"
2026-07-13T13:38:14.874+00:00,/dev/cu.usbserial-576B0005451,"RX,1081298,R35,TXE,N61,164,337383,A,1,0.75,0.72,5,U,-109,-4.75"
2026-07-13T13:38:15.123+00:00,/dev/cu.usbserial-576B0005451,"RX,1081547,R35,TXA,N01,335,337627,H,1,0.32,0.30,5,F,-106,-2.00"
2026-07-13T13:38:15.267+00:00,/dev/cu.usbserial-576B0005451,"RX,1081691,R35,TXK,N151,168,337764,A,0,0.75,0.72,5,U,-107,-4.00"
2026-07-13T13:38:15.779+00:00,/dev/cu.usbserial-576B0005451,"RX,1082203,R35,TXJ,N136,40,338281,G,1,0.93,0.90,5,U,-107,-3.00"
2026-07-13T13:38:15.878+00:00,/dev/cu.usbserial-576B0005451,"RX,1082302,R35,TXC,N31,82,338385,E,1,0.87,0.84,5,U,-108,-2.00"
2026-07-13T13:38:16.123+00:00,/dev/cu.usbserial-576B0005451,"RX,1082547,R35,TXA,N01,336,338627,A,0,0.75,0.72,5,F,-108,-4.50"
2026-07-13T13:38:16.874+00:00,/dev/cu.usbserial-576B0005451,"RX,1083298,R35,TXE,N61,165,339383,C,0,0.81,0.78,5,U,-108,-4.25"
2026-07-13T13:38:16.980+00:00,/dev/cu.usbserial-576B0005451,"RX,1083404,R35,TXI,N121,82,339482,E,1,0.87,0.84,5,U,-108,-5.00"
2026-07-13T13:38:17.122+00:00,/dev/cu.usbserial-576B0005451,"RX,1083547,R35,TXA,N01,337,339627,B,1,0.20,0.18,5,F,-108,-3.25"
2026-07-13T13:38:17.267+00:00,/dev/cu.usbserial-576B0005451,"RX,1083691,R35,TXK,N151,169,339764,C,1,0.81,0.78,5,U,-108,-4.25"
2026-07-13T13:38:17.878+00:00,/dev/cu.usbserial-576B0005451,"RX,1084302,R35,TXC,N31,83,340385,G,1,0.93,0.90,5,U,-108,-4.50"
2026-07-13T13:38:18.123+00:00,/dev/cu.usbserial-576B0005451,"RX,1084547,R35,TXA,N01,338,340627,C,1,0.81,0.78,5,F,-108,-2.75"
2026-07-13T13:38:18.874+00:00,/dev/cu.usbserial-576B0005451,"RX,1085298,R35,TXE,N61,166,341383,E,1,0.87,0.84,5,U,-108,-4.25"
2026-07-13T13:38:18.980+00:00,/dev/cu.usbserial-576B0005451,"RX,1085404,R35,TXI,N121,83,341482,G,1,0.93,0.90,5,U,-108,-7.00"
2026-07-13T13:38:19.123+00:00,/dev/cu.usbserial-576B0005451,"RX,1085547,R35,TXA,N01,339,341627,D,0,0.24,0.22,5,F,-107,-4.50"
2026-07-13T13:38:19.267+00:00,/dev/cu.usbserial-576B0005451,"RX,1085691,R35,TXK,N151,170,341764,E,1,0.87,0.84,5,U,-108,-3.25"
2026-07-13T13:38:20.123+00:00,/dev/cu.usbserial-576B0005451,"RX,1086547,R35,TXA,N01,340,342627,E,1,0.87,0.84,5,F,-108,-3.00"
2026-07-13T13:38:20.874+00:00,/dev/cu.usbserial-576B0005451,"RX,1087298,R35,TXE,N61,167,343383,G,1,0.93,0.90,5,U,-108,-4.75"
2026-07-13T13:38:21.123+00:00,/dev/cu.usbserial-576B0005451,"RX,1087547,R35,TXA,N01,341,343627,F,1,0.28,0.26,5,F,-107,-2.50"
2026-07-13T13:38:21.233+00:00,/dev/cu.usbserial-576B0005451,"RX,1087657,R35,TXH,N106,22,343743,G,0,0.93,0.90,5,U,-105,-0.75"
2026-07-13T13:38:21.414+00:00,/dev/cu.usbserial-576B0005451,"RX,1087838,R35,TXL,N166,22,343917,G,0,0.93,0.90,5,U,-107,-2.00"
2026-07-13T13:38:21.620+00:00,/dev/cu.usbserial-576B0005451,"RX,1088045,R35,TXF,N76,84,344131,E,1,0.87,0.84,5,U,-109,-8.75"
2026-07-13T13:38:21.925+00:00,/dev/cu.usbserial-576B0005451,"RX,1088350,R35,TXD,N46,42,344431,G,0,0.93,0.90,5,U,-108,-6.75"
2026-07-13T13:38:22.123+00:00,/dev/cu.usbserial-576B0005451,"RX,1088547,R35,TXA,N01,342,344627,G,0,0.93,0.90,5,F,-108,-3.25"
2026-07-13T13:38:22.874+00:00,/dev/cu.usbserial-576B0005451,"RX,1089298,R35,TXE,N61,168,345383,A,0,0.75,0.72,5,U,-108,-4.50"
2026-07-13T13:38:23.123+00:00,/dev/cu.usbserial-576B0005451,"RX,1089547,R35,TXA,N01,343,345627,H,1,0.32,0.30,5,F,-108,-3.75"
2026-07-13T13:38:23.267+00:00,/dev/cu.usbserial-576B0005451,"RX,1089691,R35,TXK,N151,172,345764,A,1,0.75,0.72,5,U,-108,-5.25"
2026-07-13T13:38:23.779+00:00,/dev/cu.usbserial-576B0005451,"RX,1090203,R35,TXJ,N136,41,346281,G,1,0.93,0.90,5,U,-108,-3.50"
2026-07-13T13:38:23.878+00:00,/dev/cu.usbserial-576B0005451,"RX,1090302,R35,TXC,N31,84,346385,E,1,0.87,0.84,5,U,-109,-9.00"
2026-07-13T13:38:24.123+00:00,/dev/cu.usbserial-576B0005451,"RX,1090547,R35,TXA,N01,344,346627,A,1,0.75,0.72,5,F,-108,-4.25"
2026-07-13T13:38:24.874+00:00,/dev/cu.usbserial-576B0005451,"RX,1091298,R35,TXE,N61,169,347383,C,1,0.81,0.78,5,U,-107,-2.25"
2026-07-13T13:38:24.980+00:00,/dev/cu.usbserial-576B0005451,"RX,1091404,R35,TXI,N121,84,347482,E,1,0.87,0.84,5,U,-107,-3.25"
2026-07-13T13:38:25.122+00:00,/dev/cu.usbserial-576B0005451,"RX,1091547,R35,TXA,N01,345,347627,B,0,0.20,0.18,5,F,-108,-3.00"
2026-07-13T13:38:25.267+00:00,/dev/cu.usbserial-576B0005451,"RX,1091691,R35,TXK,N151,173,347764,C,1,0.81,0.78,5,U,-108,-4.00"
2026-07-13T13:38:25.878+00:00,/dev/cu.usbserial-576B0005451,"RX,1092302,R35,TXC,N31,85,348385,G,0,0.93,0.90,5,U,-108,-8.00"
2026-07-13T13:38:26.123+00:00,/dev/cu.usbserial-576B0005451,"RX,1092547,R35,TXA,N01,346,348627,C,1,0.81,0.78,5,F,-108,-4.50"
2026-07-13T13:38:26.874+00:00,/dev/cu.usbserial-576B0005451,"RX,1093298,R35,TXE,N61,170,349383,E,1,0.87,0.84,5,U,-108,-4.75"
2026-07-13T13:38:26.980+00:00,/dev/cu.usbserial-576B0005451,"RX,1093404,R35,TXI,N121,85,349482,G,0,0.93,0.90,5,U,-108,-3.75"
2026-07-13T13:38:27.123+00:00,/dev/cu.usbserial-576B0005451,"RX,1093547,R35,TXA,N01,347,349627,D,1,0.24,0.22,5,F,-107,-1.00"
2026-07-13T13:38:27.267+00:00,/dev/cu.usbserial-576B0005451,"RX,1093691,R35,TXK,N151,174,349764,E,0,0.87,0.84,5,U,-108,-3.00"
2026-07-13T13:38:28.123+00:00,/dev/cu.usbserial-576B0005451,"RX,1094547,R35,TXA,N01,348,350627,E,0,0.87,0.84,5,F,-108,-2.25"
2026-07-13T13:38:28.874+00:00,/dev/cu.usbserial-576B0005451,"RX,1095298,R35,TXE,N61,171,351383,G,0,0.93,0.90,5,U,-107,-3.25"
2026-07-13T13:38:29.123+00:00,/dev/cu.usbserial-576B0005451,"RX,1095547,R35,TXA,N01,349,351627,F,1,0.28,0.26,5,F,-107,-4.00"
2026-07-13T13:38:29.233+00:00,/dev/cu.usbserial-576B0005451,"RX,1095657,R35,TXH,N106,23,351743,G,1,0.93,0.90,5,U,-104,-0.75"
2026-07-13T13:38:29.414+00:00,/dev/cu.usbserial-576B0005451,"RX,1095838,R35,TXL,N166,23,351917,G,1,0.93,0.90,5,U,-107,-1.50"
2026-07-13T13:38:29.925+00:00,/dev/cu.usbserial-576B0005451,"RX,1096350,R35,TXD,N46,43,352431,G,1,0.93,0.90,5,U,-108,-5.25"
2026-07-13T13:38:30.123+00:00,/dev/cu.usbserial-576B0005451,"RX,1096547,R35,TXA,N01,350,352627,G,1,0.93,0.90,5,F,-109,-4.00"
2026-07-13T13:38:30.874+00:00,/dev/cu.usbserial-576B0005451,"RX,1097298,R35,TXE,N61,172,353383,A,1,0.75,0.72,5,U,-108,-4.75"
2026-07-13T13:38:31.123+00:00,/dev/cu.usbserial-576B0005451,"RX,1097547,R35,TXA,N01,351,353627,H,0,0.32,0.30,5,F,-108,-5.25"
2026-07-13T13:38:31.267+00:00,/dev/cu.usbserial-576B0005451,"RX,1097691,R35,TXK,N151,176,353764,A,1,0.75,0.72,5,U,-108,-3.50"
2026-07-13T13:38:31.779+00:00,/dev/cu.usbserial-576B0005451,"RX,1098203,R35,TXJ,N136,42,354281,G,0,0.93,0.90,5,U,-107,-6.75"
2026-07-13T13:38:31.878+00:00,/dev/cu.usbserial-576B0005451,"RX,1098302,R35,TXC,N31,86,354385,E,0,0.87,0.84,5,U,-108,-5.50"
2026-07-13T13:38:32.123+00:00,/dev/cu.usbserial-576B0005451,"RX,1098547,R35,TXA,N01,352,354627,A,1,0.75,0.72,5,F,-108,-5.25"
2026-07-13T13:38:32.874+00:00,/dev/cu.usbserial-576B0005451,"RX,1099298,R35,TXE,N61,173,355383,C,1,0.81,0.78,5,U,-107,-4.25"
2026-07-13T13:38:32.980+00:00,/dev/cu.usbserial-576B0005451,"RX,1099404,R35,TXI,N121,86,355482,E,0,0.87,0.84,5,U,-108,-6.25"
2026-07-13T13:38:33.123+00:00,/dev/cu.usbserial-576B0005451,"RX,1099547,R35,TXA,N01,353,355627,B,1,0.20,0.18,5,F,-108,-5.75"
2026-07-13T13:38:33.267+00:00,/dev/cu.usbserial-576B0005451,"RX,1099691,R35,TXK,N151,177,355764,C,0,0.81,0.78,5,U,-108,-5.75"
2026-07-13T13:38:33.878+00:00,/dev/cu.usbserial-576B0005451,"RX,1100302,R35,TXC,N31,87,356385,G,1,0.93,0.90,5,U,-108,-4.25"
2026-07-13T13:38:34.123+00:00,/dev/cu.usbserial-576B0005451,"RX,1100547,R35,TXA,N01,354,356627,C,0,0.81,0.78,5,F,-109,-4.75"
2026-07-13T13:38:34.874+00:00,/dev/cu.usbserial-576B0005451,"RX,1101298,R35,TXE,N61,174,357383,E,0,0.87,0.84,5,U,-109,-7.00"
2026-07-13T13:38:34.980+00:00,/dev/cu.usbserial-576B0005451,"RX,1101404,R35,TXI,N121,87,357482,G,1,0.93,0.90,5,U,-108,-4.00"
2026-07-13T13:38:35.123+00:00,/dev/cu.usbserial-576B0005451,"RX,1101547,R35,TXA,N01,355,357627,D,1,0.24,0.22,5,F,-108,-6.00"
2026-07-13T13:38:35.267+00:00,/dev/cu.usbserial-576B0005451,"RX,1101691,R35,TXK,N151,178,357764,E,1,0.87,0.84,5,U,-108,-3.00"
2026-07-13T13:38:36.123+00:00,/dev/cu.usbserial-576B0005451,"RX,1102547,R35,TXA,N01,356,358627,E,1,0.87,0.84,5,F,-109,-4.50"
2026-07-13T13:38:36.874+00:00,/dev/cu.usbserial-576B0005451,"RX,1103298,R35,TXE,N61,175,359383,G,1,0.93,0.90,5,U,-108,-2.25"
2026-07-13T13:38:37.123+00:00,/dev/cu.usbserial-576B0005451,"RX,1103547,R35,TXA,N01,357,359627,F,0,0.28,0.26,5,F,-109,-3.00"
2026-07-13T13:38:37.267+00:00,/dev/cu.usbserial-576B0005451,"RX,1103691,R35,TXK,N151,179,359764,G,1,0.93,0.90,5,U,-108,-2.25"
2026-07-13T13:38:37.620+00:00,/dev/cu.usbserial-576B0005451,"RX,1104045,R35,TXF,N76,88,360131,E,1,0.87,0.84,5,U,-109,-8.00"
2026-07-13T13:38:37.926+00:00,/dev/cu.usbserial-576B0005451,"RX,1104350,R35,TXD,N46,44,360431,G,1,0.93,0.90,5,U,-108,-3.50"
2026-07-13T13:38:38.123+00:00,/dev/cu.usbserial-576B0005451,"RX,1104547,R35,TXA,N01,358,360627,G,1,0.93,0.90,5,F,-108,-2.25"
2026-07-13T13:38:38.571+00:00,/dev/cu.usbserial-576B0005451,"RX,1104995,R35,TXG,N91,43,361081,G,1,0.93,0.90,5,U,-109,-6.50"
2026-07-13T13:38:38.874+00:00,/dev/cu.usbserial-576B0005451,"RX,1105298,R35,TXE,N61,176,361383,A,1,0.75,0.72,5,U,-109,-3.00"
2026-07-13T13:38:39.123+00:00,/dev/cu.usbserial-576B0005451,"RX,1105547,R35,TXA,N01,359,361627,H,1,0.32,0.30,5,F,-108,-3.00"
2026-07-13T13:38:39.267+00:00,/dev/cu.usbserial-576B0005451,"RX,1105691,R35,TXK,N151,180,361764,A,0,0.75,0.72,5,U,-109,-5.75"
2026-07-13T13:38:39.779+00:00,/dev/cu.usbserial-576B0005451,"RX,1106203,R35,TXJ,N136,43,362281,G,1,0.93,0.90,5,U,-109,-4.50"
2026-07-13T13:38:39.878+00:00,/dev/cu.usbserial-576B0005451,"RX,1106302,R35,TXC,N31,88,362385,E,1,0.87,0.84,5,U,-109,-4.00"
2026-07-13T13:38:40.123+00:00,/dev/cu.usbserial-576B0005451,"RX,1106547,R35,TXA,N01,360,362627,A,0,0.75,0.72,5,F,-109,-4.00"
2026-07-13T13:38:40.874+00:00,/dev/cu.usbserial-576B0005451,"RX,1107298,R35,TXE,N61,177,363383,C,0,0.81,0.78,5,U,-108,-3.00"
2026-07-13T13:38:40.980+00:00,/dev/cu.usbserial-576B0005451,"RX,1107404,R35,TXI,N121,88,363482,E,1,0.87,0.84,5,U,-108,-5.00"
2026-07-13T13:38:41.123+00:00,/dev/cu.usbserial-576B0005451,"RX,1107547,R35,TXA,N01,361,363627,B,1,0.20,0.18,5,F,-108,-2.25"
2026-07-13T13:38:41.267+00:00,/dev/cu.usbserial-576B0005451,"RX,1107691,R35,TXK,N151,181,363764,C,1,0.81,0.78,5,U,-108,-2.25"
2026-07-13T13:38:41.878+00:00,/dev/cu.usbserial-576B0005451,"RX,1108302,R35,TXC,N31,89,364385,G,1,0.93,0.90,5,U,-109,-2.75"
2026-07-13T13:38:42.123+00:00,/dev/cu.usbserial-576B0005451,"RX,1108547,R35,TXA,N01,362,364627,C,1,0.81,0.78,5,F,-108,-1.00"
2026-07-13T13:38:42.874+00:00,/dev/cu.usbserial-576B0005451,"RX,1109298,R35,TXE,N61,178,365383,E,1,0.87,0.84,5,U,-108,-3.75"
2026-07-13T13:38:42.980+00:00,/dev/cu.usbserial-576B0005451,"RX,1109404,R35,TXI,N121,89,365482,G,1,0.93,0.90,5,U,-108,-5.50"
2026-07-13T13:38:43.123+00:00,/dev/cu.usbserial-576B0005451,"RX,1109547,R35,TXA,N01,363,365627,D,0,0.24,0.22,5,F,-108,-2.00"
2026-07-13T13:38:43.267+00:00,/dev/cu.usbserial-576B0005451,"RX,1109691,R35,TXK,N151,182,365764,E,1,0.87,0.84,5,U,-108,-1.75"
2026-07-13T13:38:44.122+00:00,/dev/cu.usbserial-576B0005451,"RX,1110547,R35,TXA,N01,364,366627,E,1,0.87,0.84,5,F,-108,-1.25"
2026-07-13T13:38:44.874+00:00,/dev/cu.usbserial-576B0005451,"RX,1111298,R35,TXE,N61,179,367383,G,1,0.93,0.90,5,U,-108,-3.00"
2026-07-13T13:38:45.123+00:00,/dev/cu.usbserial-576B0005451,"RX,1111547,R35,TXA,N01,365,367627,F,1,0.28,0.26,5,F,-108,-2.75"
2026-07-13T13:38:45.267+00:00,/dev/cu.usbserial-576B0005451,"RX,1111691,R35,TXK,N151,183,367764,G,0,0.93,0.90,5,U,-107,-2.50"
2026-07-13T13:38:45.925+00:00,/dev/cu.usbserial-576B0005451,"RX,1112350,R35,TXD,N46,45,368431,G,0,0.93,0.90,5,U,-109,-5.00"
2026-07-13T13:38:46.123+00:00,/dev/cu.usbserial-576B0005451,"RX,1112547,R35,TXA,N01,366,368627,G,0,0.93,0.90,5,F,-108,-2.50"
2026-07-13T13:38:46.571+00:00,/dev/cu.usbserial-576B0005451,"RX,1112995,R35,TXG,N91,44,369081,G,1,0.93,0.90,5,U,-109,-6.25"
2026-07-13T13:38:46.874+00:00,/dev/cu.usbserial-576B0005451,"RX,1113298,R35,TXE,N61,180,369383,A,0,0.75,0.72,5,U,-108,-3.25"
2026-07-13T13:38:47.123+00:00,/dev/cu.usbserial-576B0005451,"RX,1113547,R35,TXA,N01,367,369627,H,1,0.32,0.30,5,F,-108,-2.25"
2026-07-13T13:38:47.267+00:00,/dev/cu.usbserial-576B0005451,"RX,1113691,R35,TXK,N151,184,369764,A,1,0.75,0.72,5,U,-108,-2.25"
2026-07-13T13:38:47.620+00:00,/dev/cu.usbserial-576B0005451,"RX,1114045,R35,TXF,N76,91,370131,G,0,0.93,0.90,5,U,-109,-7.00"
2026-07-13T13:38:47.779+00:00,/dev/cu.usbserial-576B0005451,"RX,1114203,R35,TXJ,N136,44,370281,G,1,0.93,0.90,5,U,-109,-3.50"
2026-07-13T13:38:47.878+00:00,/dev/cu.usbserial-576B0005451,"RX,1114302,R35,TXC,N31,90,370385,E,1,0.87,0.84,5,U,-109,-4.50"
2026-07-13T13:38:48.123+00:00,/dev/cu.usbserial-576B0005451,"RX,1114547,R35,TXA,N01,368,370627,A,1,0.75,0.72,5,F,-108,-3.00"
2026-07-13T13:38:48.874+00:00,/dev/cu.usbserial-576B0005451,"RX,1115298,R35,TXE,N61,181,371383,C,1,0.81,0.78,5,U,-107,-4.00"
2026-07-13T13:38:48.979+00:00,/dev/cu.usbserial-576B0005451,"RX,1115404,R35,TXI,N121,90,371482,E,1,0.87,0.84,5,U,-108,-5.50"
2026-07-13T13:38:49.123+00:00,/dev/cu.usbserial-576B0005451,"RX,1115547,R35,TXA,N01,369,371627,B,0,0.20,0.18,5,F,-107,-2.75"
2026-07-13T13:38:49.267+00:00,/dev/cu.usbserial-576B0005451,"RX,1115691,R35,TXK,N151,185,371764,C,1,0.81,0.78,5,U,-106,-3.25"
2026-07-13T13:38:49.878+00:00,/dev/cu.usbserial-576B0005451,"RX,1116302,R35,TXC,N31,91,372385,G,0,0.93,0.90,5,U,-108,-5.75"
2026-07-13T13:38:50.123+00:00,/dev/cu.usbserial-576B0005451,"RX,1116547,R35,TXA,N01,370,372627,C,1,0.81,0.78,5,F,-106,-2.75"
2026-07-13T13:38:50.874+00:00,/dev/cu.usbserial-576B0005451,"RX,1117298,R35,TXE,N61,182,373383,E,1,0.87,0.84,5,U,-108,-3.50"
2026-07-13T13:38:50.979+00:00,/dev/cu.usbserial-576B0005451,"RX,1117404,R35,TXI,N121,91,373482,G,0,0.93,0.90,5,U,-108,-4.75"
2026-07-13T13:38:51.123+00:00,/dev/cu.usbserial-576B0005451,"RX,1117547,R35,TXA,N01,371,373627,D,1,0.24,0.22,5,F,-107,-3.00"
2026-07-13T13:38:51.267+00:00,/dev/cu.usbserial-576B0005451,"RX,1117691,R35,TXK,N151,186,373764,E,0,0.87,0.84,5,U,-107,-3.25"
2026-07-13T13:38:52.122+00:00,/dev/cu.usbserial-576B0005451,"RX,1118547,R35,TXA,N01,372,374627,E,0,0.87,0.84,5,F,-108,-2.50"
2026-07-13T13:38:52.874+00:00,/dev/cu.usbserial-576B0005451,"RX,1119298,R35,TXE,N61,183,375383,G,0,0.93,0.90,5,U,-108,-3.50"
2026-07-13T13:38:53.123+00:00,/dev/cu.usbserial-576B0005451,"RX,1119547,R35,TXA,N01,373,375627,F,1,0.28,0.26,5,F,-108,-2.50"
2026-07-13T13:38:53.267+00:00,/dev/cu.usbserial-576B0005451,"RX,1119691,R35,TXK,N151,187,375764,G,1,0.93,0.90,5,U,-108,-2.00"
2026-07-13T13:38:53.620+00:00,/dev/cu.usbserial-576B0005451,"RX,1120045,R35,TXF,N76,92,376131,E,0,0.87,0.84,5,U,-109,-7.75"
2026-07-13T13:38:53.925+00:00,/dev/cu.usbserial-576B0005451,"RX,1120350,R35,TXD,N46,46,376431,G,1,0.93,0.90,5,U,-109,-4.75"
2026-07-13T13:38:54.123+00:00,/dev/cu.usbserial-576B0005451,"RX,1120547,R35,TXA,N01,374,376627,G,1,0.93,0.90,5,F,-108,-2.00"
2026-07-13T13:38:54.571+00:00,/dev/cu.usbserial-576B0005451,"RX,1120995,R35,TXG,N91,45,377081,G,0,0.93,0.90,5,U,-109,-5.25"
2026-07-13T13:38:54.874+00:00,/dev/cu.usbserial-576B0005451,"RX,1121298,R35,TXE,N61,184,377383,A,1,0.75,0.72,5,U,-108,-2.50"
2026-07-13T13:38:55.123+00:00,/dev/cu.usbserial-576B0005451,"RX,1121547,R35,TXA,N01,375,377627,H,0,0.32,0.30,5,F,-108,-2.00"
2026-07-13T13:38:55.620+00:00,/dev/cu.usbserial-576B0005451,"RX,1122044,R35,TXF,N76,93,378131,G,1,0.93,0.90,5,U,-109,-7.25"
2026-07-13T13:38:55.779+00:00,/dev/cu.usbserial-576B0005451,"RX,1122203,R35,TXJ,N136,45,378281,G,0,0.93,0.90,5,U,-108,-3.25"
2026-07-13T13:38:55.878+00:00,/dev/cu.usbserial-576B0005451,"RX,1122302,R35,TXC,N31,92,378385,E,0,0.87,0.84,5,U,-108,-3.75"
2026-07-13T13:38:56.123+00:00,/dev/cu.usbserial-576B0005451,"RX,1122547,R35,TXA,N01,376,378627,A,1,0.75,0.72,5,F,-107,-3.50"
2026-07-13T13:38:56.874+00:00,/dev/cu.usbserial-576B0005451,"RX,1123298,R35,TXE,N61,185,379383,C,1,0.81,0.78,5,U,-108,-2.00"
2026-07-13T13:38:56.979+00:00,/dev/cu.usbserial-576B0005451,"RX,1123404,R35,TXI,N121,92,379482,E,0,0.87,0.84,5,U,-108,-5.50"
2026-07-13T13:38:57.123+00:00,/dev/cu.usbserial-576B0005451,"RX,1123547,R35,TXA,N01,377,379627,B,1,0.20,0.18,5,F,-107,-1.50"
2026-07-13T13:38:57.267+00:00,/dev/cu.usbserial-576B0005451,"RX,1123691,R35,TXK,N151,189,379764,C,0,0.81,0.78,5,U,-108,-1.75"
2026-07-13T13:38:57.878+00:00,/dev/cu.usbserial-576B0005451,"RX,1124302,R35,TXC,N31,93,380385,G,1,0.93,0.90,5,U,-109,-3.00"
2026-07-13T13:38:58.123+00:00,/dev/cu.usbserial-576B0005451,"RX,1124547,R35,TXA,N01,378,380627,C,0,0.81,0.78,5,F,-108,-2.50"
2026-07-13T13:38:58.874+00:00,/dev/cu.usbserial-576B0005451,"RX,1125298,R35,TXE,N61,186,381383,E,0,0.87,0.84,5,U,-109,-5.75"
2026-07-13T13:38:58.979+00:00,/dev/cu.usbserial-576B0005451,"RX,1125404,R35,TXI,N121,93,381482,G,1,0.93,0.90,5,U,-109,-5.75"
2026-07-13T13:38:59.123+00:00,/dev/cu.usbserial-576B0005451,"RX,1125547,R35,TXA,N01,379,381627,D,1,0.24,0.22,5,F,-108,-2.25"
2026-07-13T13:38:59.267+00:00,/dev/cu.usbserial-576B0005451,"RX,1125691,R35,TXK,N151,190,381764,E,1,0.87,0.84,5,U,-108,-2.75"
2026-07-13T13:39:00.123+00:00,/dev/cu.usbserial-576B0005451,"RX,1126547,R35,TXA,N01,380,382627,E,1,0.87,0.84,5,F,-107,-1.50"
2026-07-13T13:39:00.874+00:00,/dev/cu.usbserial-576B0005451,"RX,1127298,R35,TXE,N61,187,383383,G,1,0.93,0.90,5,U,-109,-3.75"
2026-07-13T13:39:01.123+00:00,/dev/cu.usbserial-576B0005451,"RX,1127547,R35,TXA,N01,381,383627,F,0,0.28,0.26,5,F,-108,-1.50"
2026-07-13T13:39:01.267+00:00,/dev/cu.usbserial-576B0005451,"RX,1127691,R35,TXK,N151,191,383764,G,1,0.93,0.90,5,U,-109,-2.50"
2026-07-13T13:39:01.620+00:00,/dev/cu.usbserial-576B0005451,"RX,1128044,R35,TXF,N76,94,384131,E,1,0.87,0.84,5,U,-110,-7.75"
2026-07-13T13:39:01.925+00:00,/dev/cu.usbserial-576B0005451,"RX,1128350,R35,TXD,N46,47,384431,G,1,0.93,0.90,5,U,-109,-4.75"
2026-07-13T13:39:02.123+00:00,/dev/cu.usbserial-576B0005451,"RX,1128547,R35,TXA,N01,382,384627,G,1,0.93,0.90,5,F,-108,-0.75"
2026-07-13T13:39:02.571+00:00,/dev/cu.usbserial-576B0005451,"RX,1128995,R35,TXG,N91,46,385081,G,1,0.93,0.90,5,U,-109,-6.50"
2026-07-13T13:39:02.874+00:00,/dev/cu.usbserial-576B0005451,"RX,1129298,R35,TXE,N61,188,385383,A,1,0.75,0.72,5,U,-109,-4.50"
2026-07-13T13:39:03.123+00:00,/dev/cu.usbserial-576B0005451,"RX,1129547,R35,TXA,N01,383,385627,H,1,0.32,0.30,5,F,-106,-4.25"
2026-07-13T13:39:03.267+00:00,/dev/cu.usbserial-576B0005451,"RX,1129691,R35,TXK,N151,192,385764,A,1,0.75,0.72,5,U,-109,-3.50"
2026-07-13T13:39:03.779+00:00,/dev/cu.usbserial-576B0005451,"RX,1130203,R35,TXJ,N136,46,386281,G,1,0.93,0.90,5,U,-108,-3.25"
2026-07-13T13:39:04.123+00:00,/dev/cu.usbserial-576B0005451,"RX,1130547,R35,TXA,N01,384,386627,A,1,0.75,0.72,5,F,-106,1.00"
2026-07-13T13:39:04.874+00:00,/dev/cu.usbserial-576B0005451,"RX,1131298,R35,TXE,N61,189,387383,C,0,0.81,0.78,5,U,-109,-6.25"
2026-07-13T13:39:04.979+00:00,/dev/cu.usbserial-576B0005451,"RX,1131404,R35,TXI,N121,94,387482,E,1,0.87,0.84,5,U,-109,-3.25"
2026-07-13T13:39:05.123+00:00,/dev/cu.usbserial-576B0005451,"RX,1131547,R35,TXA,N01,385,387627,B,0,0.20,0.18,5,F,-108,-7.00"
2026-07-13T13:39:05.267+00:00,/dev/cu.usbserial-576B0005451,"RX,1131691,R35,TXK,N151,193,387764,C,1,0.81,0.78,5,U,-106,1.75"
2026-07-13T13:39:05.878+00:00,/dev/cu.usbserial-576B0005451,"RX,1132302,R35,TXC,N31,95,388385,G,1,0.93,0.90,5,U,-108,-4.50"
2026-07-13T13:39:06.123+00:00,/dev/cu.usbserial-576B0005451,"RX,1132547,R35,TXA,N01,386,388627,C,1,0.81,0.78,5,F,-107,-1.50"
2026-07-13T13:39:06.874+00:00,/dev/cu.usbserial-576B0005451,"RX,1133298,R35,TXE,N61,190,389383,E,1,0.87,0.84,5,U,-108,-5.25"
2026-07-13T13:39:06.979+00:00,/dev/cu.usbserial-576B0005451,"RX,1133404,R35,TXI,N121,95,389482,G,1,0.93,0.90,5,U,-108,-4.00"
2026-07-13T13:39:07.123+00:00,/dev/cu.usbserial-576B0005451,"RX,1133547,R35,TXA,N01,387,389627,D,1,0.24,0.22,5,F,-109,-3.50"
2026-07-13T13:39:07.267+00:00,/dev/cu.usbserial-576B0005451,"RX,1133691,R35,TXK,N151,194,389764,E,0,0.87,0.84,5,U,-108,-2.75"
2026-07-13T13:39:08.123+00:00,/dev/cu.usbserial-576B0005451,"RX,1134547,R35,TXA,N01,388,390627,E,0,0.87,0.84,5,F,-108,-2.25"
2026-07-13T13:39:08.874+00:00,/dev/cu.usbserial-576B0005451,"RX,1135298,R35,TXE,N61,191,391383,G,1,0.93,0.90,5,U,-108,-4.00"
2026-07-13T13:39:09.123+00:00,/dev/cu.usbserial-576B0005451,"RX,1135547,R35,TXA,N01,389,391627,F,1,0.28,0.26,5,F,-108,-1.50"
2026-07-13T13:39:09.233+00:00,/dev/cu.usbserial-576B0005451,"RX,1135657,R35,TXH,N106,24,391743,G,1,0.93,0.90,5,U,-105,0.25"
2026-07-13T13:39:09.414+00:00,/dev/cu.usbserial-576B0005451,"RX,1135838,R35,TXL,N166,24,391917,G,1,0.93,0.90,5,U,-107,-0.50"
2026-07-13T13:39:09.620+00:00,/dev/cu.usbserial-576B0005451,"RX,1136044,R35,TXF,N76,96,392131,E,0,0.87,0.84,5,U,-109,-8.00"
2026-07-13T13:39:09.925+00:00,/dev/cu.usbserial-576B0005451,"RX,1136350,R35,TXD,N46,48,392431,G,1,0.93,0.90,5,U,-108,-5.75"
2026-07-13T13:39:10.123+00:00,/dev/cu.usbserial-576B0005451,"RX,1136547,R35,TXA,N01,390,392627,G,1,0.93,0.90,5,F,-108,-2.00"
2026-07-13T13:39:10.571+00:00,/dev/cu.usbserial-576B0005451,"RX,1136995,R35,TXG,N91,47,393081,G,1,0.93,0.90,5,U,-109,-7.50"
2026-07-13T13:39:10.874+00:00,/dev/cu.usbserial-576B0005451,"RX,1137298,R35,TXE,N61,192,393383,A,1,0.75,0.72,5,U,-108,-2.75"
2026-07-13T13:39:11.123+00:00,/dev/cu.usbserial-576B0005451,"RX,1137547,R35,TXA,N01,391,393627,H,0,0.32,0.30,5,F,-107,-2.50"
2026-07-13T13:39:11.267+00:00,/dev/cu.usbserial-576B0005451,"RX,1137691,R35,TXK,N151,196,393764,A,1,0.75,0.72,5,U,-107,-3.00"
2026-07-13T13:39:11.620+00:00,/dev/cu.usbserial-576B0005451,"RX,1138044,R35,TXF,N76,97,394131,G,1,0.93,0.90,5,U,-109,-8.50"
2026-07-13T13:39:11.779+00:00,/dev/cu.usbserial-576B0005451,"RX,1138203,R35,TXJ,N136,47,394281,G,1,0.93,0.90,5,U,-108,-2.00"
2026-07-13T13:39:11.878+00:00,/dev/cu.usbserial-576B0005451,"RX,1138302,R35,TXC,N31,96,394385,E,0,0.87,0.84,5,U,-108,-3.00"
2026-07-13T13:39:12.123+00:00,/dev/cu.usbserial-576B0005451,"RX,1138547,R35,TXA,N01,392,394627,A,1,0.75,0.72,5,F,-107,-2.50"
2026-07-13T13:39:12.874+00:00,/dev/cu.usbserial-576B0005451,"RX,1139298,R35,TXE,N61,193,395383,C,1,0.81,0.78,5,U,-108,-3.00"
2026-07-13T13:39:12.980+00:00,/dev/cu.usbserial-576B0005451,"RX,1139404,R35,TXI,N121,96,395482,E,0,0.87,0.84,5,U,-109,-4.75"
2026-07-13T13:39:13.123+00:00,/dev/cu.usbserial-576B0005451,"RX,1139547,R35,TXA,N01,393,395627,B,1,0.20,0.18,5,F,-108,-1.75"
2026-07-13T13:39:13.267+00:00,/dev/cu.usbserial-576B0005451,"RX,1139691,R35,TXK,N151,197,395764,C,0,0.81,0.78,5,U,-108,-2.50"
2026-07-13T13:39:13.878+00:00,/dev/cu.usbserial-576B0005451,"RX,1140302,R35,TXC,N31,97,396385,G,1,0.93,0.90,5,U,-108,-3.25"
2026-07-13T13:39:14.123+00:00,/dev/cu.usbserial-576B0005451,"RX,1140547,R35,TXA,N01,394,396627,C,0,0.81,0.78,5,F,-107,-2.00"
2026-07-13T13:39:14.874+00:00,/dev/cu.usbserial-576B0005451,"RX,1141298,R35,TXE,N61,194,397383,E,0,0.87,0.84,5,U,-109,-5.25"
2026-07-13T13:39:14.979+00:00,/dev/cu.usbserial-576B0005451,"RX,1141404,R35,TXI,N121,97,397482,G,1,0.93,0.90,5,U,-109,-5.00"
2026-07-13T13:39:15.122+00:00,/dev/cu.usbserial-576B0005451,"RX,1141547,R35,TXA,N01,395,397627,D,1,0.24,0.22,5,F,-108,-2.25"
2026-07-13T13:39:15.267+00:00,/dev/cu.usbserial-576B0005451,"RX,1141691,R35,TXK,N151,198,397764,E,1,0.87,0.84,5,U,-108,-1.50"
2026-07-13T13:39:16.122+00:00,/dev/cu.usbserial-576B0005451,"RX,1142547,R35,TXA,N01,396,398627,E,1,0.87,0.84,5,F,-108,-2.25"
2026-07-13T13:39:16.874+00:00,/dev/cu.usbserial-576B0005451,"RX,1143298,R35,TXE,N61,195,399383,G,1,0.93,0.90,5,U,-107,-2.75"
2026-07-13T13:39:17.233+00:00,/dev/cu.usbserial-576B0005451,"RX,1143657,R35,TXH,N106,25,399743,G,1,0.93,0.90,5,U,-105,0.50"
2026-07-13T13:39:17.414+00:00,/dev/cu.usbserial-576B0005451,"RX,1143838,R35,TXL,N166,25,399917,G,1,0.93,0.90,5,U,-107,-0.75"
2026-07-13T13:39:17.620+00:00,/dev/cu.usbserial-576B0005451,"RX,1144044,R35,TXF,N76,98,400131,E,1,0.87,0.84,5,U,-109,-8.00"
2026-07-13T13:39:17.925+00:00,/dev/cu.usbserial-576B0005451,"RX,1144349,R35,TXD,N46,49,400431,G,1,0.93,0.90,5,U,-108,-2.25"
2026-07-13T13:39:18.123+00:00,/dev/cu.usbserial-576B0005451,"RX,1144547,R35,TXA,N01,398,400627,G,1,0.93,0.90,5,F,-107,-1.50"
2026-07-13T13:39:18.874+00:00,/dev/cu.usbserial-576B0005451,"RX,1145298,R35,TXE,N61,196,401383,A,1,0.75,0.72,5,U,-109,-4.50"
2026-07-13T13:39:19.123+00:00,/dev/cu.usbserial-576B0005451,"RX,1145547,R35,TXA,N01,399,401627,H,1,0.32,0.30,5,F,-108,-2.50"
2026-07-13T13:39:19.267+00:00,/dev/cu.usbserial-576B0005451,"RX,1145691,R35,TXK,N151,200,401764,A,0,0.75,0.72,5,U,-108,-1.50"
2026-07-13T13:39:19.621+00:00,/dev/cu.usbserial-576B0005451,"RX,1146044,R35,TXF,N76,99,402131,G,1,0.93,0.90,5,U,-110,-8.50"
2026-07-13T13:39:19.779+00:00,/dev/cu.usbserial-576B0005451,"RX,1146203,R35,TXJ,N136,48,402281,G,1,0.93,0.90,5,U,-108,-3.25"
2026-07-13T13:39:19.878+00:00,/dev/cu.usbserial-576B0005451,"RX,1146302,R35,TXC,N31,98,402385,E,1,0.87,0.84,5,U,-109,-3.00"
2026-07-13T13:39:20.122+00:00,/dev/cu.usbserial-576B0005451,"RX,1146547,R35,TXA,N01,400,402627,A,0,0.75,0.72,5,F,-108,-1.25"
2026-07-13T13:39:20.874+00:00,/dev/cu.usbserial-576B0005451,"RX,1147298,R35,TXE,N61,197,403383,C,0,0.81,0.78,5,U,-108,-4.25"
2026-07-13T13:39:20.979+00:00,/dev/cu.usbserial-576B0005451,"RX,1147404,R35,TXI,N121,98,403482,E,1,0.87,0.84,5,U,-109,-7.75"
2026-07-13T13:39:21.123+00:00,/dev/cu.usbserial-576B0005451,"RX,1147547,R35,TXA,N01,401,403627,B,1,0.20,0.18,5,F,-108,-1.75"
2026-07-13T13:39:21.267+00:00,/dev/cu.usbserial-576B0005451,"RX,1147691,R35,TXK,N151,201,403764,C,1,0.81,0.78,5,U,-108,-2.25"
2026-07-13T13:39:21.878+00:00,/dev/cu.usbserial-576B0005451,"RX,1148302,R35,TXC,N31,99,404385,G,1,0.93,0.90,5,U,-108,-2.75"
2026-07-13T13:39:22.123+00:00,/dev/cu.usbserial-576B0005451,"RX,1148547,R35,TXA,N01,402,404627,C,1,0.81,0.78,5,F,-107,-1.50"
2026-07-13T13:39:22.874+00:00,/dev/cu.usbserial-576B0005451,"RX,1149298,R35,TXE,N61,198,405383,E,1,0.87,0.84,5,U,-108,-2.25"
2026-07-13T13:39:22.979+00:00,/dev/cu.usbserial-576B0005451,"RX,1149404,R35,TXI,N121,99,405482,G,1,0.93,0.90,5,U,-108,-4.00"
2026-07-13T13:39:23.123+00:00,/dev/cu.usbserial-576B0005451,"RX,1149547,R35,TXA,N01,403,405627,D,0,0.24,0.22,5,F,-107,-1.75"
2026-07-13T13:39:23.267+00:00,/dev/cu.usbserial-576B0005451,"RX,1149691,R35,TXK,N151,202,405764,E,1,0.87,0.84,5,U,-107,-0.75"
2026-07-13T13:39:24.123+00:00,/dev/cu.usbserial-576B0005451,"RX,1150547,R35,TXA,N01,404,406627,E,1,0.87,0.84,5,F,-108,-3.25"
2026-07-13T13:39:24.874+00:00,/dev/cu.usbserial-576B0005451,"RX,1151298,R35,TXE,N61,199,407383,G,1,0.93,0.90,5,U,-109,-3.50"
2026-07-13T13:39:25.123+00:00,/dev/cu.usbserial-576B0005451,"RX,1151547,R35,TXA,N01,405,407627,F,1,0.28,0.26,5,F,-108,-2.00"
2026-07-13T13:39:25.233+00:00,/dev/cu.usbserial-576B0005451,"RX,1151657,R35,TXH,N106,26,407743,G,0,0.93,0.90,5,U,-105,0.00"
2026-07-13T13:39:25.414+00:00,/dev/cu.usbserial-576B0005451,"RX,1151838,R35,TXL,N166,26,407917,G,0,0.93,0.90,5,U,-108,-1.25"
2026-07-13T13:39:25.620+00:00,/dev/cu.usbserial-576B0005451,"RX,1152044,R35,TXF,N76,100,408131,E,1,0.87,0.84,5,U,-109,-7.25"
2026-07-13T13:39:25.925+00:00,/dev/cu.usbserial-576B0005451,"RX,1152350,R35,TXD,N46,50,408431,G,0,0.93,0.90,5,U,-108,-4.50"
2026-07-13T13:39:26.123+00:00,/dev/cu.usbserial-576B0005451,"RX,1152547,R35,TXA,N01,406,408627,G,0,0.93,0.90,5,F,-107,-2.25"
2026-07-13T13:39:26.874+00:00,/dev/cu.usbserial-576B0005451,"RX,1153298,R35,TXE,N61,200,409383,A,0,0.75,0.72,5,U,-109,-6.50"
2026-07-13T13:39:27.123+00:00,/dev/cu.usbserial-576B0005451,"RX,1153547,R35,TXA,N01,407,409627,H,1,0.32,0.30,5,F,-108,-2.75"
2026-07-13T13:39:27.267+00:00,/dev/cu.usbserial-576B0005451,"RX,1153691,R35,TXK,N151,204,409764,A,1,0.75,0.72,5,U,-108,-4.50"
2026-07-13T13:39:27.620+00:00,/dev/cu.usbserial-576B0005451,"RX,1154044,R35,TXF,N76,101,410131,G,0,0.93,0.90,5,U,-109,-8.00"
2026-07-13T13:39:27.779+00:00,/dev/cu.usbserial-576B0005451,"RX,1154203,R35,TXJ,N136,49,410281,G,1,0.93,0.90,5,U,-109,-4.25"
2026-07-13T13:39:27.878+00:00,/dev/cu.usbserial-576B0005451,"RX,1154302,R35,TXC,N31,100,410385,E,1,0.87,0.84,5,U,-109,-6.25"
2026-07-13T13:39:28.123+00:00,/dev/cu.usbserial-576B0005451,"RX,1154547,R35,TXA,N01,408,410627,A,1,0.75,0.72,5,F,-107,-1.75"
2026-07-13T13:39:28.874+00:00,/dev/cu.usbserial-576B0005451,"RX,1155298,R35,TXE,N61,201,411383,C,1,0.81,0.78,5,U,-108,-2.75"
2026-07-13T13:39:28.984+00:00,/dev/cu.usbserial-576B0005451,"RX,1155409,R35,TXI,N121,100,411482,E,1,0.87,0.84,5,U,-108,-4.50"
2026-07-13T13:39:29.123+00:00,/dev/cu.usbserial-576B0005451,"RX,1155547,R35,TXA,N01,409,411627,B,0,0.20,0.18,5,F,-107,-1.25"
2026-07-13T13:39:29.267+00:00,/dev/cu.usbserial-576B0005451,"RX,1155691,R35,TXK,N151,205,411764,C,1,0.81,0.78,5,U,-108,-4.25"
2026-07-13T13:39:29.878+00:00,/dev/cu.usbserial-576B0005451,"RX,1156302,R35,TXC,N31,101,412385,G,0,0.93,0.90,5,U,-109,-6.00"
2026-07-13T13:39:30.123+00:00,/dev/cu.usbserial-576B0005451,"RX,1156547,R35,TXA,N01,410,412627,C,1,0.81,0.78,5,F,-108,-2.75"
2026-07-13T13:39:30.874+00:00,/dev/cu.usbserial-576B0005451,"RX,1157298,R35,TXE,N61,202,413383,E,1,0.87,0.84,5,U,-108,-2.75"
2026-07-13T13:39:30.984+00:00,/dev/cu.usbserial-576B0005451,"RX,1157409,R35,TXI,N121,101,413482,G,0,0.93,0.90,5,U,-109,-7.00"
2026-07-13T13:39:31.123+00:00,/dev/cu.usbserial-576B0005451,"RX,1157547,R35,TXA,N01,411,413627,D,1,0.24,0.22,5,F,-107,-1.50"
2026-07-13T13:39:31.266+00:00,/dev/cu.usbserial-576B0005451,"RX,1157691,R35,TXK,N151,206,413764,E,0,0.87,0.84,5,U,-109,-6.00"
2026-07-13T13:39:32.123+00:00,/dev/cu.usbserial-576B0005451,"RX,1158547,R35,TXA,N01,412,414627,E,0,0.87,0.84,5,F,-108,-3.50"
2026-07-13T13:39:32.874+00:00,/dev/cu.usbserial-576B0005451,"RX,1159298,R35,TXE,N61,203,415383,G,0,0.93,0.90,5,U,-108,-3.25"
2026-07-13T13:39:33.123+00:00,/dev/cu.usbserial-576B0005451,"RX,1159547,R35,TXA,N01,413,415627,F,1,0.28,0.26,5,F,-107,-3.00"
2026-07-13T13:39:33.233+00:00,/dev/cu.usbserial-576B0005451,"RX,1159657,R35,TXH,N106,27,415743,G,1,0.93,0.90,5,U,-106,-3.75"
2026-07-13T13:39:33.414+00:00,/dev/cu.usbserial-576B0005451,"RX,1159838,R35,TXL,N166,27,415917,G,1,0.93,0.90,5,U,-107,-1.25"
2026-07-13T13:39:33.925+00:00,/dev/cu.usbserial-576B0005451,"RX,1160350,R35,TXD,N46,51,416431,G,1,0.93,0.90,5,U,-109,-5.75"
2026-07-13T13:39:34.123+00:00,/dev/cu.usbserial-576B0005451,"RX,1160547,R35,TXA,N01,414,416627,G,1,0.93,0.90,5,F,-107,-3.50"
2026-07-13T13:39:34.874+00:00,/dev/cu.usbserial-576B0005451,"RX,1161298,R35,TXE,N61,204,417383,A,1,0.75,0.72,5,U,-109,-7.25"
2026-07-13T13:39:35.123+00:00,/dev/cu.usbserial-576B0005451,"RX,1161547,R35,TXA,N01,415,417627,H,0,0.32,0.30,5,F,-107,-3.00"
2026-07-13T13:39:35.779+00:00,/dev/cu.usbserial-576B0005451,"RX,1162203,R35,TXJ,N136,50,418281,G,0,0.93,0.90,5,U,-109,-5.25"
2026-07-13T13:39:35.878+00:00,/dev/cu.usbserial-576B0005451,"RX,1162302,R35,TXC,N31,102,418385,E,0,0.87,0.84,5,U,-108,-4.50"
2026-07-13T13:39:36.123+00:00,/dev/cu.usbserial-576B0005451,"RX,1162547,R35,TXA,N01,416,418627,A,1,0.75,0.72,5,F,-107,-4.00"
2026-07-13T13:39:36.874+00:00,/dev/cu.usbserial-576B0005451,"RX,1163298,R35,TXE,N61,205,419383,C,1,0.81,0.78,5,U,-109,-6.75"
2026-07-13T13:39:36.984+00:00,/dev/cu.usbserial-576B0005451,"RX,1163409,R35,TXI,N121,102,419482,E,0,0.87,0.84,5,U,-108,-7.25"
2026-07-13T13:39:37.123+00:00,/dev/cu.usbserial-576B0005451,"RX,1163547,R35,TXA,N01,417,419627,B,1,0.20,0.18,5,F,-107,-3.00"
2026-07-13T13:39:37.266+00:00,/dev/cu.usbserial-576B0005451,"RX,1163691,R35,TXK,N151,209,419764,C,0,0.81,0.78,5,U,-108,-5.25"
2026-07-13T13:39:37.878+00:00,/dev/cu.usbserial-576B0005451,"RX,1164302,R35,TXC,N31,103,420385,G,1,0.93,0.90,5,U,-108,-5.75"
2026-07-13T13:39:38.123+00:00,/dev/cu.usbserial-576B0005451,"RX,1164547,R35,TXA,N01,418,420627,C,0,0.81,0.78,5,F,-108,-3.50"
2026-07-13T13:39:38.874+00:00,/dev/cu.usbserial-576B0005451,"RX,1165298,R35,TXE,N61,206,421383,E,0,0.87,0.84,5,U,-108,-7.25"
2026-07-13T13:39:38.984+00:00,/dev/cu.usbserial-576B0005451,"RX,1165409,R35,TXI,N121,103,421482,G,1,0.93,0.90,5,U,-108,-7.00"
2026-07-13T13:39:39.123+00:00,/dev/cu.usbserial-576B0005451,"RX,1165547,R35,TXA,N01,419,421627,D,1,0.24,0.22,5,F,-107,-3.50"
2026-07-13T13:39:39.267+00:00,/dev/cu.usbserial-576B0005451,"RX,1165691,R35,TXK,N151,210,421764,E,1,0.87,0.84,5,U,-108,-5.50"
2026-07-13T13:39:40.123+00:00,/dev/cu.usbserial-576B0005451,"RX,1166547,R35,TXA,N01,420,422627,E,1,0.87,0.84,5,F,-108,-3.25"
2026-07-13T13:39:40.874+00:00,/dev/cu.usbserial-576B0005451,"RX,1167298,R35,TXE,N61,207,423383,G,1,0.93,0.90,5,U,-108,-6.50"
2026-07-13T13:39:41.123+00:00,/dev/cu.usbserial-576B0005451,"RX,1167547,R35,TXA,N01,421,423627,F,0,0.28,0.26,5,F,-108,-2.75"
2026-07-13T13:39:41.267+00:00,/dev/cu.usbserial-576B0005451,"RX,1167691,R35,TXK,N151,211,423764,G,1,0.93,0.90,5,U,-108,-5.25"
2026-07-13T13:39:41.926+00:00,/dev/cu.usbserial-576B0005451,"RX,1168349,R35,TXD,N46,52,424431,G,1,0.93,0.90,5,U,-108,-6.50"
2026-07-13T13:39:42.124+00:00,/dev/cu.usbserial-576B0005451,"RX,1168547,R35,TXA,N01,422,424627,G,1,0.93,0.90,5,F,-108,-3.25"
2026-07-13T13:39:42.874+00:00,/dev/cu.usbserial-576B0005451,"RX,1169298,R35,TXE,N61,208,425383,A,1,0.75,0.72,5,U,-109,-5.75"
2026-07-13T13:39:43.123+00:00,/dev/cu.usbserial-576B0005451,"RX,1169547,R35,TXA,N01,423,425627,H,1,0.32,0.30,5,F,-107,-2.25"
2026-07-13T13:39:43.267+00:00,/dev/cu.usbserial-576B0005451,"RX,1169691,R35,TXK,N151,212,425764,A,0,0.75,0.72,5,U,-108,-4.75"
2026-07-13T13:39:43.779+00:00,/dev/cu.usbserial-576B0005451,"RX,1170203,R35,TXJ,N136,51,426281,G,1,0.93,0.90,5,U,-108,-5.00"
2026-07-13T13:39:43.877+00:00,/dev/cu.usbserial-576B0005451,"RX,1170302,R35,TXC,N31,104,426385,E,1,0.87,0.84,5,U,-108,-3.75"
2026-07-13T13:39:44.123+00:00,/dev/cu.usbserial-576B0005451,"RX,1170547,R35,TXA,N01,424,426627,A,0,0.75,0.72,5,F,-107,-3.25"
2026-07-13T13:39:44.874+00:00,/dev/cu.usbserial-576B0005451,"RX,1171298,R35,TXE,N61,209,427383,C,0,0.81,0.78,5,U,-108,-5.50"
2026-07-13T13:39:45.123+00:00,/dev/cu.usbserial-576B0005451,"RX,1171547,R35,TXA,N01,425,427627,B,1,0.20,0.18,5,F,-108,-3.25"
2026-07-13T13:39:45.878+00:00,/dev/cu.usbserial-576B0005451,"RX,1172302,R35,TXC,N31,105,428385,G,1,0.93,0.90,5,U,-108,-4.50"
2026-07-13T13:39:46.123+00:00,/dev/cu.usbserial-576B0005451,"RX,1172547,R35,TXA,N01,426,428627,C,1,0.81,0.78,5,F,-107,-3.00"
2026-07-13T13:39:46.874+00:00,/dev/cu.usbserial-576B0005451,"RX,1173298,R35,TXE,N61,210,429383,E,1,0.87,0.84,5,U,-108,-3.25"
2026-07-13T13:39:46.985+00:00,/dev/cu.usbserial-576B0005451,"RX,1173409,R35,TXI,N121,105,429482,G,1,0.93,0.90,5,U,-108,-4.75"
2026-07-13T13:39:47.123+00:00,/dev/cu.usbserial-576B0005451,"RX,1173547,R35,TXA,N01,427,429627,D,0,0.24,0.22,5,F,-108,-2.75"
2026-07-13T13:39:47.267+00:00,/dev/cu.usbserial-576B0005451,"RX,1173691,R35,TXK,N151,214,429764,E,1,0.87,0.84,5,U,-107,-3.00"
2026-07-13T13:39:48.123+00:00,/dev/cu.usbserial-576B0005451,"RX,1174547,R35,TXA,N01,428,430627,E,1,0.87,0.84,5,F,-107,-2.00"
2026-07-13T13:39:48.874+00:00,/dev/cu.usbserial-576B0005451,"RX,1175298,R35,TXE,N61,211,431383,G,1,0.93,0.90,5,U,-108,-7.00"
2026-07-13T13:39:49.123+00:00,/dev/cu.usbserial-576B0005451,"RX,1175547,R35,TXA,N01,429,431627,F,1,0.28,0.26,5,F,-107,-2.50"
2026-07-13T13:39:49.266+00:00,/dev/cu.usbserial-576B0005451,"RX,1175691,R35,TXK,N151,215,431764,G,0,0.93,0.90,5,U,-108,-5.25"
2026-07-13T13:39:49.926+00:00,/dev/cu.usbserial-576B0005451,"RX,1176349,R35,TXD,N46,53,432431,G,0,0.93,0.90,5,U,-108,-6.50"
2026-07-13T13:39:50.123+00:00,/dev/cu.usbserial-576B0005451,"RX,1176547,R35,TXA,N01,430,432627,G,0,0.93,0.90,5,F,-107,-4.00"
2026-07-13T13:39:50.571+00:00,/dev/cu.usbserial-576B0005451,"RX,1176995,R35,TXG,N91,52,433081,G,1,0.93,0.90,5,U,-108,-9.00"
2026-07-13T13:39:50.874+00:00,/dev/cu.usbserial-576B0005451,"RX,1177298,R35,TXE,N61,212,433383,A,0,0.75,0.72,5,U,-109,-4.25"
2026-07-13T13:39:51.123+00:00,/dev/cu.usbserial-576B0005451,"RX,1177547,R35,TXA,N01,431,433627,H,1,0.32,0.30,5,F,-108,-3.25"
2026-07-13T13:39:51.267+00:00,/dev/cu.usbserial-576B0005451,"RX,1177691,R35,TXK,N151,216,433764,A,1,0.75,0.72,5,U,-108,-4.25"
2026-07-13T13:39:51.779+00:00,/dev/cu.usbserial-576B0005451,"RX,1178203,R35,TXJ,N136,52,434281,G,1,0.93,0.90,5,U,-107,-4.50"
2026-07-13T13:39:51.878+00:00,/dev/cu.usbserial-576B0005451,"RX,1178302,R35,TXC,N31,106,434385,E,1,0.87,0.84,5,U,-108,-5.50"
2026-07-13T13:39:52.123+00:00,/dev/cu.usbserial-576B0005451,"RX,1178547,R35,TXA,N01,432,434627,A,1,0.75,0.72,5,F,-107,-3.50"
2026-07-13T13:39:52.874+00:00,/dev/cu.usbserial-576B0005451,"RX,1179298,R35,TXE,N61,213,435383,C,1,0.81,0.78,5,U,-107,-4.25"
2026-07-13T13:39:52.985+00:00,/dev/cu.usbserial-576B0005451,"RX,1179409,R35,TXI,N121,106,435482,E,1,0.87,0.84,5,U,-108,-5.50"
2026-07-13T13:39:53.123+00:00,/dev/cu.usbserial-576B0005451,"RX,1179547,R35,TXA,N01,433,435627,B,0,0.20,0.18,5,F,-108,-3.25"
2026-07-13T13:39:53.267+00:00,/dev/cu.usbserial-576B0005451,"RX,1179691,R35,TXK,N151,217,435764,C,1,0.81,0.78,5,U,-108,-4.25"
2026-07-13T13:39:53.878+00:00,/dev/cu.usbserial-576B0005451,"RX,1180302,R35,TXC,N31,107,436385,G,0,0.93,0.90,5,U,-108,-5.50"
2026-07-13T13:39:54.123+00:00,/dev/cu.usbserial-576B0005451,"RX,1180547,R35,TXA,N01,434,436627,C,1,0.81,0.78,5,F,-107,-3.25"
2026-07-13T13:39:54.874+00:00,/dev/cu.usbserial-576B0005451,"RX,1181298,R35,TXE,N61,214,437383,E,1,0.87,0.84,5,U,-107,-4.00"
2026-07-13T13:39:54.985+00:00,/dev/cu.usbserial-576B0005451,"RX,1181409,R35,TXI,N121,107,437482,G,0,0.93,0.90,5,U,-108,-5.50"
2026-07-13T13:39:55.123+00:00,/dev/cu.usbserial-576B0005451,"RX,1181547,R35,TXA,N01,435,437627,D,1,0.24,0.22,5,F,-107,-1.75"
2026-07-13T13:39:55.267+00:00,/dev/cu.usbserial-576B0005451,"RX,1181691,R35,TXK,N151,218,437764,E,0,0.87,0.84,5,U,-108,-4.25"
2026-07-13T13:39:56.123+00:00,/dev/cu.usbserial-576B0005451,"RX,1182547,R35,TXA,N01,436,438627,E,0,0.87,0.84,5,F,-108,-5.25"
2026-07-13T13:39:57.123+00:00,/dev/cu.usbserial-576B0005451,"RX,1183547,R35,TXA,N01,437,439627,F,1,0.28,0.26,5,F,-107,-3.00"
2026-07-13T13:39:57.267+00:00,/dev/cu.usbserial-576B0005451,"RX,1183691,R35,TXK,N151,219,439764,G,1,0.93,0.90,5,U,-107,-2.00"
2026-07-13T13:39:57.620+00:00,/dev/cu.usbserial-576B0005451,"RX,1184044,R35,TXF,N76,108,440131,E,0,0.87,0.84,5,U,-109,-5.50"
2026-07-13T13:39:58.123+00:00,/dev/cu.usbserial-576B0005451,"RX,1184547,R35,TXA,N01,438,440627,G,1,0.93,0.90,5,F,-107,-2.50"
2026-07-13T13:39:58.874+00:00,/dev/cu.usbserial-576B0005451,"RX,1185298,R35,TXE,N61,216,441383,A,1,0.75,0.72,5,U,-108,-5.25"
2026-07-13T13:39:59.123+00:00,/dev/cu.usbserial-576B0005451,"RX,1185547,R35,TXA,N01,439,441627,H,0,0.32,0.30,5,F,-108,-4.75"
2026-07-13T13:39:59.877+00:00,/dev/cu.usbserial-576B0005451,"RX,1186302,R35,TXC,N31,108,442385,E,0,0.87,0.84,5,U,-107,-2.25"
2026-07-13T13:40:00.123+00:00,/dev/cu.usbserial-576B0005451,"RX,1186547,R35,TXA,N01,440,442627,A,1,0.75,0.72,5,F,-108,-3.50"
2026-07-13T13:40:00.874+00:00,/dev/cu.usbserial-576B0005451,"RX,1187298,R35,TXE,N61,217,443383,C,1,0.81,0.78,5,U,-108,-7.25"
2026-07-13T13:40:01.123+00:00,/dev/cu.usbserial-576B0005451,"RX,1187547,R35,TXA,N01,441,443627,B,1,0.20,0.18,5,F,-107,-3.00"
2026-07-13T13:40:01.267+00:00,/dev/cu.usbserial-576B0005451,"RX,1187691,R35,TXK,N151,221,443764,C,0,0.81,0.78,5,U,-108,-3.50"
2026-07-13T13:40:01.878+00:00,/dev/cu.usbserial-576B0005451,"RX,1188302,R35,TXC,N31,109,444385,G,1,0.93,0.90,5,U,-107,-1.75"
2026-07-13T13:40:02.123+00:00,/dev/cu.usbserial-576B0005451,"RX,1188547,R35,TXA,N01,442,444627,C,0,0.81,0.78,5,F,-107,-1.00"
2026-07-13T13:40:02.874+00:00,/dev/cu.usbserial-576B0005451,"RX,1189298,R35,TXE,N61,218,445383,E,0,0.87,0.84,5,U,-107,-3.50"
2026-07-13T13:40:02.984+00:00,/dev/cu.usbserial-576B0005451,"RX,1189408,R35,TXI,N121,109,445482,G,1,0.93,0.90,5,U,-107,-4.75"
2026-07-13T13:40:03.123+00:00,/dev/cu.usbserial-576B0005451,"RX,1189547,R35,TXA,N01,443,445627,D,1,0.24,0.22,5,F,-106,-0.75"
2026-07-13T13:40:03.267+00:00,/dev/cu.usbserial-576B0005451,"RX,1189691,R35,TXK,N151,222,445764,E,1,0.87,0.84,5,U,-108,-4.25"
2026-07-13T13:40:04.123+00:00,/dev/cu.usbserial-576B0005451,"RX,1190547,R35,TXA,N01,444,446627,E,1,0.87,0.84,5,F,-107,-2.00"
2026-07-13T13:40:04.874+00:00,/dev/cu.usbserial-576B0005451,"RX,1191298,R35,TXE,N61,219,447383,G,1,0.93,0.90,5,U,-108,-4.75"
2026-07-13T13:40:05.123+00:00,/dev/cu.usbserial-576B0005451,"RX,1191547,R35,TXA,N01,445,447627,F,0,0.28,0.26,5,F,-107,-2.75"
2026-07-13T13:40:05.267+00:00,/dev/cu.usbserial-576B0005451,"RX,1191691,R35,TXK,N151,223,447764,G,1,0.93,0.90,5,U,-107,-3.00"
2026-07-13T13:40:05.926+00:00,/dev/cu.usbserial-576B0005451,"RX,1192349,R35,TXD,N46,55,448431,G,1,0.93,0.90,5,U,-108,-6.50"
2026-07-13T13:40:06.123+00:00,/dev/cu.usbserial-576B0005451,"RX,1192547,R35,TXA,N01,446,448627,G,1,0.93,0.90,5,F,-107,-2.50"
2026-07-13T13:40:06.571+00:00,/dev/cu.usbserial-576B0005451,"RX,1192995,R35,TXG,N91,54,449081,G,1,0.93,0.90,5,U,-108,-7.50"
2026-07-13T13:40:06.874+00:00,/dev/cu.usbserial-576B0005451,"RX,1193298,R35,TXE,N61,220,449383,A,1,0.75,0.72,5,U,-108,-4.75"
2026-07-13T13:40:07.123+00:00,/dev/cu.usbserial-576B0005451,"RX,1193547,R35,TXA,N01,447,449627,H,1,0.32,0.30,5,F,-107,-2.50"
2026-07-13T13:40:07.267+00:00,/dev/cu.usbserial-576B0005451,"RX,1193691,R35,TXK,N151,224,449764,A,1,0.75,0.72,5,U,-108,-3.75"
2026-07-13T13:40:07.620+00:00,/dev/cu.usbserial-576B0005451,"RX,1194044,R35,TXF,N76,111,450131,G,1,0.93,0.90,5,U,-109,-8.00"
2026-07-13T13:40:07.779+00:00,/dev/cu.usbserial-576B0005451,"RX,1194203,R35,TXJ,N136,54,450281,G,1,0.93,0.90,5,U,-108,-4.50"
2026-07-13T13:40:07.878+00:00,/dev/cu.usbserial-576B0005451,"RX,1194302,R35,TXC,N31,110,450385,E,1,0.87,0.84,5,U,-106,-1.75"
2026-07-13T13:40:08.123+00:00,/dev/cu.usbserial-576B0005451,"RX,1194547,R35,TXA,N01,448,450627,A,1,0.75,0.72,5,F,-107,-2.00"
2026-07-13T13:40:08.874+00:00,/dev/cu.usbserial-576B0005451,"RX,1195298,R35,TXE,N61,221,451383,C,0,0.81,0.78,5,U,-108,-6.75"
2026-07-13T13:40:08.984+00:00,/dev/cu.usbserial-576B0005451,"RX,1195408,R35,TXI,N121,110,451482,E,1,0.87,0.84,5,U,-108,-5.50"
2026-07-13T13:40:09.123+00:00,/dev/cu.usbserial-576B0005451,"RX,1195547,R35,TXA,N01,449,451627,B,0,0.20,0.18,5,F,-107,-1.50"
2026-07-13T13:40:09.267+00:00,/dev/cu.usbserial-576B0005451,"RX,1195691,R35,TXK,N151,225,451764,C,1,0.81,0.78,5,U,-108,-4.75"
2026-07-13T13:40:09.878+00:00,/dev/cu.usbserial-576B0005451,"RX,1196302,R35,TXC,N31,111,452385,G,1,0.93,0.90,5,U,-107,-2.50"
2026-07-13T13:40:10.123+00:00,/dev/cu.usbserial-576B0005451,"RX,1196547,R35,TXA,N01,450,452627,C,1,0.81,0.78,5,F,-107,-1.75"
2026-07-13T13:40:10.874+00:00,/dev/cu.usbserial-576B0005451,"RX,1197298,R35,TXE,N61,222,453383,E,1,0.87,0.84,5,U,-108,-5.50"
2026-07-13T13:40:10.985+00:00,/dev/cu.usbserial-576B0005451,"RX,1197408,R35,TXI,N121,111,453482,G,1,0.93,0.90,5,U,-108,-5.00"
2026-07-13T13:40:11.123+00:00,/dev/cu.usbserial-576B0005451,"RX,1197547,R35,TXA,N01,451,453627,D,1,0.24,0.22,5,F,-107,-1.50"
2026-07-13T13:40:11.267+00:00,/dev/cu.usbserial-576B0005451,"RX,1197691,R35,TXK,N151,226,453764,E,0,0.87,0.84,5,U,-107,-3.00"
2026-07-13T13:40:12.123+00:00,/dev/cu.usbserial-576B0005451,"RX,1198547,R35,TXA,N01,452,454627,E,0,0.87,0.84,5,F,-108,-3.25"
2026-07-13T13:40:12.874+00:00,/dev/cu.usbserial-576B0005451,"RX,1199298,R35,TXE,N61,223,455383,G,1,0.93,0.90,5,U,-108,-4.00"
2026-07-13T13:40:13.123+00:00,/dev/cu.usbserial-576B0005451,"RX,1199547,R35,TXA,N01,453,455627,F,1,0.28,0.26,5,F,-107,-1.75"
2026-07-13T13:40:13.233+00:00,/dev/cu.usbserial-576B0005451,"RX,1199657,R35,TXH,N106,28,455743,G,1,0.93,0.90,5,U,-105,0.00"
2026-07-13T13:40:13.414+00:00,/dev/cu.usbserial-576B0005451,"RX,1199838,R35,TXL,N166,28,455917,G,1,0.93,0.90,5,U,-107,-1.50"
2026-07-13T13:40:13.620+00:00,/dev/cu.usbserial-576B0005451,"RX,1200044,R35,TXF,N76,112,456131,E,0,0.87,0.84,5,U,-108,-8.00"
2026-07-13T13:40:13.926+00:00,/dev/cu.usbserial-576B0005451,"RX,1200349,R35,TXD,N46,56,456431,G,1,0.93,0.90,5,U,-108,-6.00"
2026-07-13T13:40:14.123+00:00,/dev/cu.usbserial-576B0005451,"RX,1200547,R35,TXA,N01,454,456627,G,1,0.93,0.90,5,F,-107,-3.00"
2026-07-13T13:40:14.571+00:00,/dev/cu.usbserial-576B0005451,"RX,1200995,R35,TXG,N91,55,457081,G,1,0.93,0.90,5,U,-109,-7.50"
2026-07-13T13:40:14.874+00:00,/dev/cu.usbserial-576B0005451,"RX,1201298,R35,TXE,N61,224,457383,A,1,0.75,0.72,5,U,-108,-4.50"
2026-07-13T13:40:15.123+00:00,/dev/cu.usbserial-576B0005451,"RX,1201547,R35,TXA,N01,455,457627,H,0,0.32,0.30,5,F,-108,-3.75"
2026-07-13T13:40:15.267+00:00,/dev/cu.usbserial-576B0005451,"RX,1201691,R35,TXK,N151,228,457764,A,1,0.75,0.72,5,U,-107,-3.50"
2026-07-13T13:40:15.620+00:00,/dev/cu.usbserial-576B0005451,"RX,1202044,R35,TXF,N76,113,458131,G,1,0.93,0.90,5,U,-108,-7.50"
2026-07-13T13:40:15.779+00:00,/dev/cu.usbserial-576B0005451,"RX,1202203,R35,TXJ,N136,55,458281,G,1,0.93,0.90,5,U,-107,-3.50"
2026-07-13T13:40:15.877+00:00,/dev/cu.usbserial-576B0005451,"RX,1202302,R35,TXC,N31,112,458385,E,0,0.87,0.84,5,U,-107,-2.75"
2026-07-13T13:40:16.123+00:00,/dev/cu.usbserial-576B0005451,"RX,1202547,R35,TXA,N01,456,458627,A,1,0.75,0.72,5,F,-107,-2.75"
2026-07-13T13:40:16.874+00:00,/dev/cu.usbserial-576B0005451,"RX,1203298,R35,TXE,N61,225,459383,C,1,0.81,0.78,5,U,-108,-4.25"
2026-07-13T13:40:16.984+00:00,/dev/cu.usbserial-576B0005451,"RX,1203408,R35,TXI,N121,112,459482,E,0,0.87,0.84,5,U,-108,-5.75"
2026-07-13T13:40:17.123+00:00,/dev/cu.usbserial-576B0005451,"RX,1203547,R35,TXA,N01,457,459627,B,1,0.20,0.18,5,F,-108,-4.00"
2026-07-13T13:40:17.266+00:00,/dev/cu.usbserial-576B0005451,"RX,1203691,R35,TXK,N151,229,459764,C,0,0.81,0.78,5,U,-108,-3.25"
2026-07-13T13:40:17.877+00:00,/dev/cu.usbserial-576B0005451,"RX,1204302,R35,TXC,N31,113,460385,G,1,0.93,0.90,5,U,-108,-5.00"
2026-07-13T13:40:18.123+00:00,/dev/cu.usbserial-576B0005451,"RX,1204547,R35,TXA,N01,458,460627,C,0,0.81,0.78,5,F,-108,-3.25"
2026-07-13T13:40:18.874+00:00,/dev/cu.usbserial-576B0005451,"RX,1205298,R35,TXE,N61,226,461383,E,0,0.87,0.84,5,U,-109,-3.50"
2026-07-13T13:40:18.984+00:00,/dev/cu.usbserial-576B0005451,"RX,1205408,R35,TXI,N121,113,461482,G,1,0.93,0.90,5,U,-109,-5.25"
2026-07-13T13:40:19.123+00:00,/dev/cu.usbserial-576B0005451,"RX,1205547,R35,TXA,N01,459,461627,D,1,0.24,0.22,5,F,-108,-2.00"
2026-07-13T13:40:19.267+00:00,/dev/cu.usbserial-576B0005451,"RX,1205691,R35,TXK,N151,230,461764,E,1,0.87,0.84,5,U,-108,-2.50"
2026-07-13T13:40:20.123+00:00,/dev/cu.usbserial-576B0005451,"RX,1206547,R35,TXA,N01,460,462627,E,1,0.87,0.84,5,F,-108,-2.75"
2026-07-13T13:40:20.874+00:00,/dev/cu.usbserial-576B0005451,"RX,1207298,R35,TXE,N61,227,463383,G,1,0.93,0.90,5,U,-108,-4.75"
2026-07-13T13:40:21.123+00:00,/dev/cu.usbserial-576B0005451,"RX,1207547,R35,TXA,N01,461,463627,F,0,0.28,0.26,5,F,-108,-3.25"
2026-07-13T13:40:21.233+00:00,/dev/cu.usbserial-576B0005451,"RX,1207657,R35,TXH,N106,29,463743,G,1,0.93,0.90,5,U,-105,-0.50"
2026-07-13T13:40:21.414+00:00,/dev/cu.usbserial-576B0005451,"RX,1207838,R35,TXL,N166,29,463917,G,1,0.93,0.90,5,U,-108,-3.25"
2026-07-13T13:40:21.926+00:00,/dev/cu.usbserial-576B0005451,"RX,1208349,R35,TXD,N46,57,464431,G,1,0.93,0.90,5,U,-108,-4.75"
2026-07-13T13:40:22.123+00:00,/dev/cu.usbserial-576B0005451,"RX,1208547,R35,TXA,N01,462,464627,G,1,0.93,0.90,5,F,-108,-3.50"
2026-07-13T13:40:22.571+00:00,/dev/cu.usbserial-576B0005451,"RX,1208995,R35,TXG,N91,56,465081,G,1,0.93,0.90,5,U,-110,-8.75"
2026-07-13T13:40:22.874+00:00,/dev/cu.usbserial-576B0005451,"RX,1209298,R35,TXE,N61,228,465383,A,1,0.75,0.72,5,U,-109,-5.00"
2026-07-13T13:40:23.123+00:00,/dev/cu.usbserial-576B0005451,"RX,1209547,R35,TXA,N01,463,465627,H,1,0.32,0.30,5,F,-109,-3.50"
2026-07-13T13:40:23.267+00:00,/dev/cu.usbserial-576B0005451,"RX,1209691,R35,TXK,N151,232,465764,A,0,0.75,0.72,5,U,-109,-3.25"
2026-07-13T13:40:23.779+00:00,/dev/cu.usbserial-576B0005451,"RX,1210203,R35,TXJ,N136,56,466281,G,1,0.93,0.90,5,U,-109,-4.50"
2026-07-13T13:40:23.878+00:00,/dev/cu.usbserial-576B0005451,"RX,1210302,R35,TXC,N31,114,466385,E,1,0.87,0.84,5,U,-109,-5.25"
2026-07-13T13:40:24.123+00:00,/dev/cu.usbserial-576B0005451,"RX,1210547,R35,TXA,N01,464,466627,A,0,0.75,0.72,5,F,-109,-4.00"
2026-07-13T13:40:24.874+00:00,/dev/cu.usbserial-576B0005451,"RX,1211298,R35,TXE,N61,229,467383,C,0,0.81,0.78,5,U,-110,-5.75"
2026-07-13T13:40:24.984+00:00,/dev/cu.usbserial-576B0005451,"RX,1211408,R35,TXI,N121,114,467482,E,1,0.87,0.84,5,U,-108,-5.00"
2026-07-13T13:40:25.123+00:00,/dev/cu.usbserial-576B0005451,"RX,1211547,R35,TXA,N01,465,467627,B,1,0.20,0.18,5,F,-109,-2.75"
2026-07-13T13:40:25.267+00:00,/dev/cu.usbserial-576B0005451,"RX,1211691,R35,TXK,N151,233,467764,C,1,0.81,0.78,5,U,-109,-3.25"
2026-07-13T13:40:25.878+00:00,/dev/cu.usbserial-576B0005451,"RX,1212302,R35,TXC,N31,115,468385,G,1,0.93,0.90,5,U,-109,-5.00"
2026-07-13T13:40:26.123+00:00,/dev/cu.usbserial-576B0005451,"RX,1212547,R35,TXA,N01,466,468627,C,1,0.81,0.78,5,F,-108,-2.75"
