wall_time_utc,serial_port,raw_line
2026-07-09T13:54:52.097+00:00,/dev/cu.usbserial-576B0005451,"RX,59186,R35,TXK,N151,0,1764,A,1,0.75,0.72,5,U,-52,9.25"
2026-07-09T13:54:52.951+00:00,/dev/cu.usbserial-576B0005451,"RX,60039,R35,TXA,N01,0,2627,A,1,0.75,0.72,5,F,-41,10.25"
2026-07-09T13:54:53.951+00:00,/dev/cu.usbserial-576B0005451,"RX,61039,R35,TXA,N01,1,3627,B,0,0.20,0.18,5,F,-40,9.50"
2026-07-09T13:54:54.097+00:00,/dev/cu.usbserial-576B0005451,"RX,61185,R35,TXK,N151,1,3764,C,1,0.81,0.78,5,U,-51,9.75"
2026-07-09T13:54:54.950+00:00,/dev/cu.usbserial-576B0005451,"RX,62039,R35,TXA,N01,2,4627,C,1,0.81,0.78,5,F,-41,10.00"
2026-07-09T13:54:55.217+00:00,/dev/cu.usbserial-576B0005451,"RX,62306,R35,TXB,N16,0,4893,A,1,0.75,0.72,5,U,-51,10.25"
2026-07-09T13:54:55.950+00:00,/dev/cu.usbserial-576B0005451,"RX,63039,R35,TXA,N01,3,5627,D,1,0.24,0.22,5,F,-41,9.75"
2026-07-09T13:54:56.097+00:00,/dev/cu.usbserial-576B0005451,"RX,63185,R35,TXK,N151,2,5764,E,0,0.87,0.84,5,U,-50,9.25"
2026-07-09T13:54:56.950+00:00,/dev/cu.usbserial-576B0005451,"RX,64039,R35,TXA,N01,4,6627,E,0,0.87,0.84,5,F,-41,11.50"
2026-07-09T13:54:57.217+00:00,/dev/cu.usbserial-576B0005451,"RX,64306,R35,TXB,N16,1,6893,C,1,0.81,0.78,5,U,-52,10.75"
2026-07-09T13:54:57.950+00:00,/dev/cu.usbserial-576B0005451,"RX,65039,R35,TXA,N01,5,7627,F,1,0.28,0.26,5,F,-40,10.25"
2026-07-09T13:54:58.250+00:00,/dev/cu.usbserial-576B0005451,"RX,65338,R35,TXL,N166,0,7917,G,1,0.93,0.90,5,U,-52,9.50"
2026-07-09T13:54:58.450+00:00,/dev/cu.usbserial-576B0005451,"RX,65539,R35,TXF,N76,0,8131,E,0,0.87,0.84,5,U,-51,10.00"
2026-07-09T13:54:58.754+00:00,/dev/cu.usbserial-576B0005451,"RX,65843,R35,TXD,N46,0,8431,G,1,0.93,0.90,5,U,-46,10.00"
2026-07-09T13:54:58.950+00:00,/dev/cu.usbserial-576B0005451,"RX,66039,R35,TXA,N01,6,8627,G,1,0.93,0.90,5,F,-39,10.25"
2026-07-09T13:54:59.217+00:00,/dev/cu.usbserial-576B0005451,"RX,66306,R35,TXB,N16,2,8893,E,0,0.87,0.84,5,U,-51,10.75"
2026-07-09T13:54:59.701+00:00,/dev/cu.usbserial-576B0005451,"RX,66790,R35,TXE,N61,0,9382,A,1,0.75,0.72,5,U,-53,10.00"
2026-07-09T13:54:59.950+00:00,/dev/cu.usbserial-576B0005451,"RX,67039,R35,TXA,N01,7,9627,H,0,0.32,0.30,5,F,-38,10.00"
2026-07-09T13:55:00.099+00:00,/dev/cu.usbserial-576B0005451,"RX,67185,R35,TXK,N151,4,9764,A,1,0.75,0.72,5,U,-53,9.50"
2026-07-09T13:55:00.455+00:00,/dev/cu.usbserial-576B0005451,"RX,67544,R35,TXF,N76,1,10131,G,1,0.93,0.90,5,U,-53,9.25"
2026-07-09T13:55:00.710+00:00,/dev/cu.usbserial-576B0005451,"RX,67798,R35,TXC,N31,0,10381,E,0,0.87,0.84,5,U,-43,9.50"
2026-07-09T13:55:00.955+00:00,/dev/cu.usbserial-576B0005451,"RX,68044,R35,TXA,N01,8,10627,A,1,0.75,0.72,5,F,-40,9.75"
2026-07-09T13:55:01.222+00:00,/dev/cu.usbserial-576B0005451,"RX,68311,R35,TXB,N16,3,10893,G,1,0.93,0.90,5,U,-52,9.75"
2026-07-09T13:55:01.706+00:00,/dev/cu.usbserial-576B0005451,"RX,68795,R35,TXE,N61,1,11382,C,1,0.81,0.78,5,U,-50,9.75"
2026-07-09T13:55:01.814+00:00,/dev/cu.usbserial-576B0005451,"RX,68903,R35,TXI,N121,0,11481,E,0,0.87,0.84,5,U,-52,10.00"
2026-07-09T13:55:01.955+00:00,/dev/cu.usbserial-576B0005451,"RX,69044,R35,TXA,N01,9,11627,B,1,0.20,0.18,5,F,-41,9.75"
2026-07-09T13:55:02.097+00:00,/dev/cu.usbserial-576B0005451,"RX,69186,R35,TXK,N151,5,11764,C,0,0.81,0.78,5,U,-53,11.00"
2026-07-09T13:55:02.709+00:00,/dev/cu.usbserial-576B0005451,"RX,69798,R35,TXC,N31,1,12381,G,1,0.93,0.90,5,U,-43,9.25"
2026-07-09T13:55:02.956+00:00,/dev/cu.usbserial-576B0005451,"RX,70044,R35,TXA,N01,10,12627,C,0,0.81,0.78,5,F,-40,9.75"
2026-07-09T13:55:03.222+00:00,/dev/cu.usbserial-576B0005451,"RX,70311,R35,TXB,N16,4,12893,A,1,0.75,0.72,5,U,-52,9.75"
2026-07-09T13:55:03.706+00:00,/dev/cu.usbserial-576B0005451,"RX,70795,R35,TXE,N61,2,13382,E,0,0.87,0.84,5,U,-48,9.25"
2026-07-09T13:55:03.814+00:00,/dev/cu.usbserial-576B0005451,"RX,70903,R35,TXI,N121,1,13481,G,1,0.93,0.90,5,U,-54,9.50"
2026-07-09T13:55:03.956+00:00,/dev/cu.usbserial-576B0005451,"RX,71044,R35,TXA,N01,11,13627,D,1,0.24,0.22,5,F,-40,10.00"
2026-07-09T13:55:04.097+00:00,/dev/cu.usbserial-576B0005451,"RX,71185,R35,TXK,N151,6,13764,E,1,0.87,0.84,5,U,-51,9.75"
2026-07-09T13:55:04.956+00:00,/dev/cu.usbserial-576B0005451,"RX,72044,R35,TXA,N01,12,14627,E,1,0.87,0.84,5,F,-40,10.00"
2026-07-09T13:55:05.222+00:00,/dev/cu.usbserial-576B0005451,"RX,72311,R35,TXB,N16,5,14893,C,0,0.81,0.78,5,U,-50,9.75"
2026-07-09T13:55:05.706+00:00,/dev/cu.usbserial-576B0005451,"RX,72795,R35,TXE,N61,3,15382,G,1,0.93,0.90,5,U,-56,9.75"
2026-07-09T13:55:05.956+00:00,/dev/cu.usbserial-576B0005451,"RX,73044,R35,TXA,N01,13,15627,F,0,0.28,0.26,5,F,-39,9.50"
2026-07-09T13:55:06.067+00:00,/dev/cu.usbserial-576B0005451,"RX,73155,R35,TXH,N106,1,15743,G,1,0.93,0.90,5,U,-39,9.00"
2026-07-09T13:55:06.250+00:00,/dev/cu.usbserial-576B0005451,"RX,73338,R35,TXL,N166,1,15917,G,1,0.93,0.90,5,U,-51,10.00"
2026-07-09T13:55:06.455+00:00,/dev/cu.usbserial-576B0005451,"RX,73544,R35,TXF,N76,2,16131,E,1,0.87,0.84,5,U,-56,9.75"
2026-07-09T13:55:06.759+00:00,/dev/cu.usbserial-576B0005451,"RX,73848,R35,TXD,N46,1,16431,G,1,0.93,0.90,5,U,-44,9.50"
2026-07-09T13:55:06.956+00:00,/dev/cu.usbserial-576B0005451,"RX,74044,R35,TXA,N01,14,16627,G,1,0.93,0.90,5,F,-40,9.75"
2026-07-09T13:55:07.222+00:00,/dev/cu.usbserial-576B0005451,"RX,74311,R35,TXB,N16,6,16893,E,1,0.87,0.84,5,U,-50,9.75"
2026-07-09T13:55:07.404+00:00,/dev/cu.usbserial-576B0005451,"RX,74493,R35,TXG,N91,0,17080,G,1,0.93,0.90,5,U,-46,9.75"
2026-07-09T13:55:07.706+00:00,/dev/cu.usbserial-576B0005451,"RX,74795,R35,TXE,N61,4,17382,A,1,0.75,0.72,5,U,-53,9.75"
2026-07-09T13:55:07.956+00:00,/dev/cu.usbserial-576B0005451,"RX,75044,R35,TXA,N01,15,17627,H,1,0.32,0.30,5,F,-40,9.75"
2026-07-09T13:55:08.097+00:00,/dev/cu.usbserial-576B0005451,"RX,75186,R35,TXK,N151,8,17764,A,0,0.75,0.72,5,U,-55,9.50"
2026-07-09T13:55:08.455+00:00,/dev/cu.usbserial-576B0005451,"RX,75544,R35,TXF,N76,3,18131,G,1,0.93,0.90,5,U,-52,10.00"
2026-07-09T13:55:08.613+00:00,/dev/cu.usbserial-576B0005451,"RX,75702,R35,TXJ,N136,0,18280,G,1,0.93,0.90,5,U,-46,10.25"
2026-07-09T13:55:08.709+00:00,/dev/cu.usbserial-576B0005451,"RX,75798,R35,TXC,N31,2,18381,E,1,0.87,0.84,5,U,-41,9.50"
2026-07-09T13:55:08.956+00:00,/dev/cu.usbserial-576B0005451,"RX,76044,R35,TXA,N01,16,18627,A,0,0.75,0.72,5,F,-41,10.50"
2026-07-09T13:55:09.222+00:00,/dev/cu.usbserial-576B0005451,"RX,76311,R35,TXB,N16,7,18893,G,1,0.93,0.90,5,U,-51,9.75"
2026-07-09T13:55:09.706+00:00,/dev/cu.usbserial-576B0005451,"RX,76795,R35,TXE,N61,5,19382,C,0,0.81,0.78,5,U,-52,9.75"
2026-07-09T13:55:09.814+00:00,/dev/cu.usbserial-576B0005451,"RX,76903,R35,TXI,N121,2,19481,E,1,0.87,0.84,5,U,-53,9.75"
2026-07-09T13:55:09.956+00:00,/dev/cu.usbserial-576B0005451,"RX,77044,R35,TXA,N01,17,19627,B,1,0.20,0.18,5,F,-40,9.75"
2026-07-09T13:55:10.097+00:00,/dev/cu.usbserial-576B0005451,"RX,77186,R35,TXK,N151,9,19764,C,1,0.81,0.78,5,U,-47,10.00"
2026-07-09T13:55:10.709+00:00,/dev/cu.usbserial-576B0005451,"RX,77798,R35,TXC,N31,3,20381,G,1,0.93,0.90,5,U,-42,9.50"
2026-07-09T13:55:10.956+00:00,/dev/cu.usbserial-576B0005451,"RX,78044,R35,TXA,N01,18,20627,C,1,0.81,0.78,5,F,-39,9.75"
2026-07-09T13:55:11.222+00:00,/dev/cu.usbserial-576B0005451,"RX,78311,R35,TXB,N16,8,20893,A,0,0.75,0.72,5,U,-50,9.25"
2026-07-09T13:55:11.706+00:00,/dev/cu.usbserial-576B0005451,"RX,78795,R35,TXE,N61,6,21382,E,1,0.87,0.84,5,U,-53,10.00"
2026-07-09T13:55:11.814+00:00,/dev/cu.usbserial-576B0005451,"RX,78903,R35,TXI,N121,3,21481,G,1,0.93,0.90,5,U,-57,10.00"
2026-07-09T13:55:11.956+00:00,/dev/cu.usbserial-576B0005451,"RX,79044,R35,TXA,N01,19,21627,D,0,0.24,0.22,5,F,-39,10.25"
2026-07-09T13:55:12.097+00:00,/dev/cu.usbserial-576B0005451,"RX,79186,R35,TXK,N151,10,21764,E,1,0.87,0.84,5,U,-59,9.50"
2026-07-09T13:55:12.956+00:00,/dev/cu.usbserial-576B0005451,"RX,80044,R35,TXA,N01,20,22627,E,1,0.87,0.84,5,F,-39,9.75"
2026-07-09T13:55:13.222+00:00,/dev/cu.usbserial-576B0005451,"RX,80311,R35,TXB,N16,9,22893,C,1,0.81,0.78,5,U,-50,9.25"
2026-07-09T13:55:13.706+00:00,/dev/cu.usbserial-576B0005451,"RX,80795,R35,TXE,N61,7,23382,G,1,0.93,0.90,5,U,-52,9.50"
2026-07-09T13:55:14.067+00:00,/dev/cu.usbserial-576B0005451,"RX,81155,R35,TXH,N106,2,23743,G,0,0.93,0.90,5,U,-42,8.75"
2026-07-09T13:55:14.249+00:00,/dev/cu.usbserial-576B0005451,"RX,81338,R35,TXL,N166,2,23917,G,0,0.93,0.90,5,U,-51,9.50"
2026-07-09T13:55:14.455+00:00,/dev/cu.usbserial-576B0005451,"RX,81544,R35,TXF,N76,4,24131,E,1,0.87,0.84,5,U,-55,9.75"
2026-07-09T13:55:14.759+00:00,/dev/cu.usbserial-576B0005451,"RX,81848,R35,TXD,N46,2,24431,G,0,0.93,0.90,5,U,-44,9.25"
2026-07-09T13:55:14.956+00:00,/dev/cu.usbserial-576B0005451,"RX,82044,R35,TXA,N01,22,24627,G,0,0.93,0.90,5,F,-39,10.00"
2026-07-09T13:55:15.223+00:00,/dev/cu.usbserial-576B0005451,"RX,82311,R35,TXB,N16,10,24893,E,1,0.87,0.84,5,U,-50,10.00"
2026-07-09T13:55:15.404+00:00,/dev/cu.usbserial-576B0005451,"RX,82492,R35,TXG,N91,1,25080,G,1,0.93,0.90,5,U,-46,9.50"
2026-07-09T13:55:15.706+00:00,/dev/cu.usbserial-576B0005451,"RX,82795,R35,TXE,N61,8,25382,A,0,0.75,0.72,5,U,-52,9.75"
2026-07-09T13:55:15.956+00:00,/dev/cu.usbserial-576B0005451,"RX,83044,R35,TXA,N01,23,25627,H,1,0.32,0.30,5,F,-40,9.25"
2026-07-09T13:55:16.097+00:00,/dev/cu.usbserial-576B0005451,"RX,83186,R35,TXK,N151,12,25764,A,1,0.75,0.72,5,U,-59,9.25"
2026-07-09T13:55:16.455+00:00,/dev/cu.usbserial-576B0005451,"RX,83544,R35,TXF,N76,5,26131,G,0,0.93,0.90,5,U,-54,9.25"
2026-07-09T13:55:16.613+00:00,/dev/cu.usbserial-576B0005451,"RX,83701,R35,TXJ,N136,1,26280,G,1,0.93,0.90,5,U,-49,10.00"
2026-07-09T13:55:16.709+00:00,/dev/cu.usbserial-576B0005451,"RX,83798,R35,TXC,N31,4,26381,E,1,0.87,0.84,5,U,-41,9.50"
2026-07-09T13:55:16.956+00:00,/dev/cu.usbserial-576B0005451,"RX,84044,R35,TXA,N01,24,26627,A,1,0.75,0.72,5,F,-40,9.75"
2026-07-09T13:55:17.223+00:00,/dev/cu.usbserial-576B0005451,"RX,84311,R35,TXB,N16,11,26893,G,0,0.93,0.90,5,U,-50,10.00"
2026-07-09T13:55:17.706+00:00,/dev/cu.usbserial-576B0005451,"RX,84795,R35,TXE,N61,9,27382,C,1,0.81,0.78,5,U,-52,9.75"
2026-07-09T13:55:17.814+00:00,/dev/cu.usbserial-576B0005451,"RX,84903,R35,TXI,N121,4,27481,E,1,0.87,0.84,5,U,-57,10.25"
2026-07-09T13:55:17.956+00:00,/dev/cu.usbserial-576B0005451,"RX,85044,R35,TXA,N01,25,27627,B,0,0.20,0.18,5,F,-40,10.50"
2026-07-09T13:55:18.097+00:00,/dev/cu.usbserial-576B0005451,"RX,85186,R35,TXK,N151,13,27764,C,1,0.81,0.78,5,U,-59,9.75"
2026-07-09T13:55:18.709+00:00,/dev/cu.usbserial-576B0005451,"RX,85798,R35,TXC,N31,5,28381,G,0,0.93,0.90,5,U,-41,13.00"
2026-07-09T13:55:18.956+00:00,/dev/cu.usbserial-576B0005451,"RX,86044,R35,TXA,N01,26,28627,C,1,0.81,0.78,5,F,-40,9.75"
2026-07-09T13:55:19.223+00:00,/dev/cu.usbserial-576B0005451,"RX,86311,R35,TXB,N16,12,28893,A,1,0.75,0.72,5,U,-50,9.50"
2026-07-09T13:55:19.706+00:00,/dev/cu.usbserial-576B0005451,"RX,86795,R35,TXE,N61,10,29382,E,1,0.87,0.84,5,U,-52,10.00"
2026-07-09T13:55:19.814+00:00,/dev/cu.usbserial-576B0005451,"RX,86903,R35,TXI,N121,5,29481,G,0,0.93,0.90,5,U,-58,10.50"
2026-07-09T13:55:19.956+00:00,/dev/cu.usbserial-576B0005451,"RX,87044,R35,TXA,N01,27,29627,D,1,0.24,0.22,5,F,-40,9.75"
2026-07-09T13:55:20.097+00:00,/dev/cu.usbserial-576B0005451,"RX,87186,R35,TXK,N151,14,29764,E,0,0.87,0.84,5,U,-58,9.75"
2026-07-09T13:55:20.956+00:00,/dev/cu.usbserial-576B0005451,"RX,88044,R35,TXA,N01,28,30627,E,0,0.87,0.84,5,F,-40,9.50"
2026-07-09T13:55:21.223+00:00,/dev/cu.usbserial-576B0005451,"RX,88311,R35,TXB,N16,13,30893,C,1,0.81,0.78,5,U,-50,10.25"
2026-07-09T13:55:21.706+00:00,/dev/cu.usbserial-576B0005451,"RX,88795,R35,TXE,N61,11,31382,G,0,0.93,0.90,5,U,-51,10.75"
2026-07-09T13:55:21.956+00:00,/dev/cu.usbserial-576B0005451,"RX,89044,R35,TXA,N01,29,31627,F,1,0.28,0.26,5,F,-40,9.75"
2026-07-09T13:55:22.067+00:00,/dev/cu.usbserial-576B0005451,"RX,89155,R35,TXH,N106,3,31743,G,1,0.93,0.90,5,U,-43,6.50"
2026-07-09T13:55:22.250+00:00,/dev/cu.usbserial-576B0005451,"RX,89338,R35,TXL,N166,3,31917,G,1,0.93,0.90,5,U,-50,10.00"
2026-07-09T13:55:22.455+00:00,/dev/cu.usbserial-576B0005451,"RX,89544,R35,TXF,N76,6,32131,E,0,0.87,0.84,5,U,-54,9.50"
2026-07-09T13:55:22.759+00:00,/dev/cu.usbserial-576B0005451,"RX,89848,R35,TXD,N46,3,32431,G,1,0.93,0.90,5,U,-44,9.25"
2026-07-09T13:55:22.956+00:00,/dev/cu.usbserial-576B0005451,"RX,90044,R35,TXA,N01,30,32627,G,1,0.93,0.90,5,F,-40,9.75"
2026-07-09T13:55:23.223+00:00,/dev/cu.usbserial-576B0005451,"RX,90311,R35,TXB,N16,14,32893,E,0,0.87,0.84,5,U,-51,9.50"
2026-07-09T13:55:23.404+00:00,/dev/cu.usbserial-576B0005451,"RX,90493,R35,TXG,N91,2,33080,G,0,0.93,0.90,5,U,-46,9.75"
2026-07-09T13:55:23.706+00:00,/dev/cu.usbserial-576B0005451,"RX,90795,R35,TXE,N61,12,33382,A,1,0.75,0.72,5,U,-51,9.75"
2026-07-09T13:55:23.956+00:00,/dev/cu.usbserial-576B0005451,"RX,91044,R35,TXA,N01,31,33627,H,0,0.32,0.30,5,F,-40,10.25"
2026-07-09T13:55:24.097+00:00,/dev/cu.usbserial-576B0005451,"RX,91186,R35,TXK,N151,16,33764,A,1,0.75,0.72,5,U,-58,9.50"
2026-07-09T13:55:24.455+00:00,/dev/cu.usbserial-576B0005451,"RX,91543,R35,TXF,N76,7,34131,G,1,0.93,0.90,5,U,-54,9.00"
2026-07-09T13:55:24.613+00:00,/dev/cu.usbserial-576B0005451,"RX,91701,R35,TXJ,N136,2,34280,G,0,0.93,0.90,5,U,-49,9.50"
2026-07-09T13:55:24.709+00:00,/dev/cu.usbserial-576B0005451,"RX,91798,R35,TXC,N31,6,34381,E,0,0.87,0.84,5,U,-41,9.50"
2026-07-09T13:55:24.956+00:00,/dev/cu.usbserial-576B0005451,"RX,92044,R35,TXA,N01,32,34627,A,1,0.75,0.72,5,F,-40,9.75"
2026-07-09T13:55:25.223+00:00,/dev/cu.usbserial-576B0005451,"RX,92311,R35,TXB,N16,15,34893,G,1,0.93,0.90,5,U,-50,10.00"
2026-07-09T13:55:25.707+00:00,/dev/cu.usbserial-576B0005451,"RX,92795,R35,TXE,N61,13,35382,C,1,0.81,0.78,5,U,-51,10.25"
2026-07-09T13:55:25.814+00:00,/dev/cu.usbserial-576B0005451,"RX,92903,R35,TXI,N121,6,35481,E,0,0.87,0.84,5,U,-56,10.00"
2026-07-09T13:55:25.956+00:00,/dev/cu.usbserial-576B0005451,"RX,93044,R35,TXA,N01,33,35627,B,1,0.20,0.18,5,F,-39,10.00"
2026-07-09T13:55:26.097+00:00,/dev/cu.usbserial-576B0005451,"RX,93186,R35,TXK,N151,17,35764,C,0,0.81,0.78,5,U,-57,9.75"
2026-07-09T13:55:26.709+00:00,/dev/cu.usbserial-576B0005451,"RX,93798,R35,TXC,N31,7,36381,G,1,0.93,0.90,5,U,-41,9.50"
2026-07-09T13:55:26.956+00:00,/dev/cu.usbserial-576B0005451,"RX,94044,R35,TXA,N01,34,36627,C,0,0.81,0.78,5,F,-40,10.25"
2026-07-09T13:55:27.223+00:00,/dev/cu.usbserial-576B0005451,"RX,94311,R35,TXB,N16,16,36893,A,1,0.75,0.72,5,U,-50,9.75"
2026-07-09T13:55:27.706+00:00,/dev/cu.usbserial-576B0005451,"RX,94795,R35,TXE,N61,14,37382,E,0,0.87,0.84,5,U,-51,10.00"
2026-07-09T13:55:27.814+00:00,/dev/cu.usbserial-576B0005451,"RX,94903,R35,TXI,N121,7,37481,G,1,0.93,0.90,5,U,-57,10.25"
2026-07-09T13:55:27.956+00:00,/dev/cu.usbserial-576B0005451,"RX,95044,R35,TXA,N01,35,37627,D,1,0.24,0.22,5,F,-40,9.50"
2026-07-09T13:55:28.097+00:00,/dev/cu.usbserial-576B0005451,"RX,95186,R35,TXK,N151,18,37764,E,1,0.87,0.84,5,U,-57,9.75"
2026-07-09T13:55:28.956+00:00,/dev/cu.usbserial-576B0005451,"RX,96044,R35,TXA,N01,36,38627,E,1,0.87,0.84,5,F,-39,10.00"
2026-07-09T13:55:29.223+00:00,/dev/cu.usbserial-576B0005451,"RX,96311,R35,TXB,N16,17,38893,C,0,0.81,0.78,5,U,-50,9.25"
2026-07-09T13:55:29.706+00:00,/dev/cu.usbserial-576B0005451,"RX,96795,R35,TXE,N61,15,39382,G,1,0.93,0.90,5,U,-51,9.75"
2026-07-09T13:55:29.956+00:00,/dev/cu.usbserial-576B0005451,"RX,97044,R35,TXA,N01,37,39627,F,0,0.28,0.26,5,F,-40,9.50"
2026-07-09T13:55:30.097+00:00,/dev/cu.usbserial-576B0005451,"RX,97186,R35,TXK,N151,19,39764,G,1,0.93,0.90,5,U,-58,9.75"
2026-07-09T13:55:30.455+00:00,/dev/cu.usbserial-576B0005451,"RX,97544,R35,TXF,N76,8,40131,E,1,0.87,0.84,5,U,-54,9.25"
2026-07-09T13:55:30.759+00:00,/dev/cu.usbserial-576B0005451,"RX,97848,R35,TXD,N46,4,40431,G,1,0.93,0.90,5,U,-43,9.25"
2026-07-09T13:55:30.956+00:00,/dev/cu.usbserial-576B0005451,"RX,98044,R35,TXA,N01,38,40627,G,1,0.93,0.90,5,F,-40,9.50"
2026-07-09T13:55:31.223+00:00,/dev/cu.usbserial-576B0005451,"RX,98311,R35,TXB,N16,18,40893,E,1,0.87,0.84,5,U,-50,10.00"
2026-07-09T13:55:31.404+00:00,/dev/cu.usbserial-576B0005451,"RX,98493,R35,TXG,N91,3,41080,G,1,0.93,0.90,5,U,-46,9.50"
2026-07-09T13:55:31.706+00:00,/dev/cu.usbserial-576B0005451,"RX,98795,R35,TXE,N61,16,41382,A,1,0.75,0.72,5,U,-51,9.50"
2026-07-09T13:55:31.956+00:00,/dev/cu.usbserial-576B0005451,"RX,99044,R35,TXA,N01,39,41627,H,1,0.32,0.30,5,F,-40,10.50"
2026-07-09T13:55:32.097+00:00,/dev/cu.usbserial-576B0005451,"RX,99186,R35,TXK,N151,20,41764,A,0,0.75,0.72,5,U,-58,9.75"
2026-07-09T13:55:32.455+00:00,/dev/cu.usbserial-576B0005451,"RX,99543,R35,TXF,N76,9,42131,G,1,0.93,0.90,5,U,-54,9.25"
2026-07-09T13:55:32.613+00:00,/dev/cu.usbserial-576B0005451,"RX,99701,R35,TXJ,N136,3,42280,G,1,0.93,0.90,5,U,-49,9.50"
2026-07-09T13:55:32.709+00:00,/dev/cu.usbserial-576B0005451,"RX,99798,R35,TXC,N31,8,42381,E,1,0.87,0.84,5,U,-41,9.25"
2026-07-09T13:55:32.956+00:00,/dev/cu.usbserial-576B0005451,"RX,100044,R35,TXA,N01,40,42627,A,0,0.75,0.72,5,F,-40,10.00"
2026-07-09T13:55:33.222+00:00,/dev/cu.usbserial-576B0005451,"RX,100311,R35,TXB,N16,19,42893,G,1,0.93,0.90,5,U,-50,9.75"
2026-07-09T13:55:33.706+00:00,/dev/cu.usbserial-576B0005451,"RX,100795,R35,TXE,N61,17,43382,C,0,0.81,0.78,5,U,-51,9.75"
2026-07-09T13:55:33.814+00:00,/dev/cu.usbserial-576B0005451,"RX,100903,R35,TXI,N121,8,43481,E,1,0.87,0.84,5,U,-57,10.00"
2026-07-09T13:55:33.956+00:00,/dev/cu.usbserial-576B0005451,"RX,101044,R35,TXA,N01,41,43627,B,1,0.20,0.18,5,F,-39,9.50"
2026-07-09T13:55:34.097+00:00,/dev/cu.usbserial-576B0005451,"RX,101186,R35,TXK,N151,21,43764,C,1,0.81,0.78,5,U,-58,9.75"
2026-07-09T13:55:34.709+00:00,/dev/cu.usbserial-576B0005451,"RX,101798,R35,TXC,N31,9,44381,G,1,0.93,0.90,5,U,-41,9.25"
2026-07-09T13:55:34.956+00:00,/dev/cu.usbserial-576B0005451,"RX,102044,R35,TXA,N01,42,44627,C,1,0.81,0.78,5,F,-40,9.75"
2026-07-09T13:55:35.223+00:00,/dev/cu.usbserial-576B0005451,"RX,102311,R35,TXB,N16,20,44893,A,0,0.75,0.72,5,U,-50,9.50"
2026-07-09T13:55:35.707+00:00,/dev/cu.usbserial-576B0005451,"RX,102795,R35,TXE,N61,18,45382,E,1,0.87,0.84,5,U,-51,10.00"
2026-07-09T13:55:35.814+00:00,/dev/cu.usbserial-576B0005451,"RX,102903,R35,TXI,N121,9,45481,G,1,0.93,0.90,5,U,-57,9.75"
2026-07-09T13:55:35.956+00:00,/dev/cu.usbserial-576B0005451,"RX,103044,R35,TXA,N01,43,45627,D,0,0.24,0.22,5,F,-40,10.25"
2026-07-09T13:55:36.097+00:00,/dev/cu.usbserial-576B0005451,"RX,103186,R35,TXK,N151,22,45764,E,1,0.87,0.84,5,U,-58,9.75"
2026-07-09T13:55:36.956+00:00,/dev/cu.usbserial-576B0005451,"RX,104044,R35,TXA,N01,44,46627,E,1,0.87,0.84,5,F,-39,10.00"
2026-07-09T13:55:37.223+00:00,/dev/cu.usbserial-576B0005451,"RX,104311,R35,TXB,N16,21,46893,C,1,0.81,0.78,5,U,-50,9.50"
2026-07-09T13:55:37.706+00:00,/dev/cu.usbserial-576B0005451,"RX,104795,R35,TXE,N61,19,47382,G,1,0.93,0.90,5,U,-51,9.75"
2026-07-09T13:55:37.956+00:00,/dev/cu.usbserial-576B0005451,"RX,105044,R35,TXA,N01,45,47627,F,1,0.28,0.26,5,F,-40,10.25"
2026-07-09T13:55:38.097+00:00,/dev/cu.usbserial-576B0005451,"RX,105186,R35,TXK,N151,23,47764,G,0,0.93,0.90,5,U,-58,9.25"
2026-07-09T13:55:38.455+00:00,/dev/cu.usbserial-576B0005451,"RX,105544,R35,TXF,N76,10,48131,E,1,0.87,0.84,5,U,-54,9.25"
2026-07-09T13:55:38.759+00:00,/dev/cu.usbserial-576B0005451,"RX,105848,R35,TXD,N46,5,48431,G,0,0.93,0.90,5,U,-44,9.75"
2026-07-09T13:55:38.956+00:00,/dev/cu.usbserial-576B0005451,"RX,106044,R35,TXA,N01,46,48627,G,0,0.93,0.90,5,F,-39,10.00"
2026-07-09T13:55:39.223+00:00,/dev/cu.usbserial-576B0005451,"RX,106311,R35,TXB,N16,22,48893,E,1,0.87,0.84,5,U,-50,9.75"
2026-07-09T13:55:39.404+00:00,/dev/cu.usbserial-576B0005451,"RX,106492,R35,TXG,N91,4,49080,G,1,0.93,0.90,5,U,-46,9.75"
2026-07-09T13:55:39.706+00:00,/dev/cu.usbserial-576B0005451,"RX,106795,R35,TXE,N61,20,49382,A,0,0.75,0.72,5,U,-51,9.75"
2026-07-09T13:55:39.956+00:00,/dev/cu.usbserial-576B0005451,"RX,107044,R35,TXA,N01,47,49627,H,1,0.32,0.30,5,F,-39,10.00"
2026-07-09T13:55:40.097+00:00,/dev/cu.usbserial-576B0005451,"RX,107186,R35,TXK,N151,24,49764,A,1,0.75,0.72,5,U,-58,9.75"
2026-07-09T13:55:40.455+00:00,/dev/cu.usbserial-576B0005451,"RX,107544,R35,TXF,N76,11,50131,G,0,0.93,0.90,5,U,-54,9.75"
2026-07-09T13:55:40.613+00:00,/dev/cu.usbserial-576B0005451,"RX,107701,R35,TXJ,N136,4,50280,G,1,0.93,0.90,5,U,-49,10.00"
2026-07-09T13:55:40.709+00:00,/dev/cu.usbserial-576B0005451,"RX,107798,R35,TXC,N31,10,50381,E,1,0.87,0.84,5,U,-40,10.75"
2026-07-09T13:55:40.956+00:00,/dev/cu.usbserial-576B0005451,"RX,108044,R35,TXA,N01,48,50627,A,1,0.75,0.72,5,F,-40,9.75"
2026-07-09T13:55:41.223+00:00,/dev/cu.usbserial-576B0005451,"RX,108311,R35,TXB,N16,23,50893,G,0,0.93,0.90,5,U,-51,9.75"
2026-07-09T13:55:41.706+00:00,/dev/cu.usbserial-576B0005451,"RX,108795,R35,TXE,N61,21,51382,C,1,0.81,0.78,5,U,-51,10.50"
2026-07-09T13:55:41.814+00:00,/dev/cu.usbserial-576B0005451,"RX,108903,R35,TXI,N121,10,51481,E,1,0.87,0.84,5,U,-57,9.50"
2026-07-09T13:55:41.956+00:00,/dev/cu.usbserial-576B0005451,"RX,109044,R35,TXA,N01,49,51627,B,0,0.20,0.18,5,F,-39,10.50"
2026-07-09T13:55:42.097+00:00,/dev/cu.usbserial-576B0005451,"RX,109186,R35,TXK,N151,25,51764,C,1,0.81,0.78,5,U,-58,9.50"
2026-07-09T13:55:42.709+00:00,/dev/cu.usbserial-576B0005451,"RX,109798,R35,TXC,N31,11,52381,G,0,0.93,0.90,5,U,-40,9.75"
2026-07-09T13:55:42.956+00:00,/dev/cu.usbserial-576B0005451,"RX,110044,R35,TXA,N01,50,52627,C,1,0.81,0.78,5,F,-39,10.25"
2026-07-09T13:55:43.223+00:00,/dev/cu.usbserial-576B0005451,"RX,110311,R35,TXB,N16,24,52893,A,1,0.75,0.72,5,U,-50,10.00"
2026-07-09T13:55:43.706+00:00,/dev/cu.usbserial-576B0005451,"RX,110795,R35,TXE,N61,22,53382,E,1,0.87,0.84,5,U,-51,10.25"
2026-07-09T13:55:43.814+00:00,/dev/cu.usbserial-576B0005451,"RX,110903,R35,TXI,N121,11,53481,G,0,0.93,0.90,5,U,-57,10.00"
2026-07-09T13:55:43.956+00:00,/dev/cu.usbserial-576B0005451,"RX,111044,R35,TXA,N01,51,53627,D,1,0.24,0.22,5,F,-40,10.00"
2026-07-09T13:55:44.097+00:00,/dev/cu.usbserial-576B0005451,"RX,111186,R35,TXK,N151,26,53764,E,0,0.87,0.84,5,U,-58,10.00"
2026-07-09T13:55:44.956+00:00,/dev/cu.usbserial-576B0005451,"RX,112044,R35,TXA,N01,52,54627,E,0,0.87,0.84,5,F,-39,10.25"
2026-07-09T13:55:45.223+00:00,/dev/cu.usbserial-576B0005451,"RX,112311,R35,TXB,N16,25,54893,C,1,0.81,0.78,5,U,-50,9.75"
2026-07-09T13:55:45.706+00:00,/dev/cu.usbserial-576B0005451,"RX,112795,R35,TXE,N61,23,55382,G,0,0.93,0.90,5,U,-51,10.50"
2026-07-09T13:55:45.956+00:00,/dev/cu.usbserial-576B0005451,"RX,113044,R35,TXA,N01,53,55627,F,1,0.28,0.26,5,F,-39,10.50"
2026-07-09T13:55:46.097+00:00,/dev/cu.usbserial-576B0005451,"RX,113186,R35,TXK,N151,27,55764,G,1,0.93,0.90,5,U,-59,9.50"
2026-07-09T13:55:46.455+00:00,/dev/cu.usbserial-576B0005451,"RX,113544,R35,TXF,N76,12,56131,E,0,0.87,0.84,5,U,-55,9.25"
2026-07-09T13:55:46.759+00:00,/dev/cu.usbserial-576B0005451,"RX,113848,R35,TXD,N46,6,56431,G,1,0.93,0.90,5,U,-44,9.75"
2026-07-09T13:55:46.956+00:00,/dev/cu.usbserial-576B0005451,"RX,114044,R35,TXA,N01,54,56627,G,1,0.93,0.90,5,F,-39,10.00"
2026-07-09T13:55:47.223+00:00,/dev/cu.usbserial-576B0005451,"RX,114311,R35,TXB,N16,26,56893,E,0,0.87,0.84,5,U,-50,10.25"
2026-07-09T13:55:47.404+00:00,/dev/cu.usbserial-576B0005451,"RX,114493,R35,TXG,N91,5,57080,G,0,0.93,0.90,5,U,-46,9.50"
2026-07-09T13:55:47.706+00:00,/dev/cu.usbserial-576B0005451,"RX,114795,R35,TXE,N61,24,57382,A,1,0.75,0.72,5,U,-51,10.25"
2026-07-09T13:55:47.956+00:00,/dev/cu.usbserial-576B0005451,"RX,115044,R35,TXA,N01,55,57627,H,0,0.32,0.30,5,F,-40,10.25"
2026-07-09T13:55:48.097+00:00,/dev/cu.usbserial-576B0005451,"RX,115186,R35,TXK,N151,28,57764,A,1,0.75,0.72,5,U,-58,9.75"
2026-07-09T13:55:48.455+00:00,/dev/cu.usbserial-576B0005451,"RX,115544,R35,TXF,N76,13,58131,G,1,0.93,0.90,5,U,-53,9.75"
2026-07-09T13:55:48.613+00:00,/dev/cu.usbserial-576B0005451,"RX,115701,R35,TXJ,N136,5,58280,G,0,0.93,0.90,5,U,-49,9.75"
2026-07-09T13:55:48.709+00:00,/dev/cu.usbserial-576B0005451,"RX,115798,R35,TXC,N31,12,58381,E,0,0.87,0.84,5,U,-40,9.50"
2026-07-09T13:55:48.956+00:00,/dev/cu.usbserial-576B0005451,"RX,116044,R35,TXA,N01,56,58627,A,1,0.75,0.72,5,F,-40,9.75"
2026-07-09T13:55:49.222+00:00,/dev/cu.usbserial-576B0005451,"RX,116311,R35,TXB,N16,27,58893,G,1,0.93,0.90,5,U,-50,10.00"
2026-07-09T13:55:49.707+00:00,/dev/cu.usbserial-576B0005451,"RX,116795,R35,TXE,N61,25,59382,C,1,0.81,0.78,5,U,-51,10.50"
2026-07-09T13:55:49.814+00:00,/dev/cu.usbserial-576B0005451,"RX,116903,R35,TXI,N121,12,59481,E,0,0.87,0.84,5,U,-57,10.50"
2026-07-09T13:55:49.956+00:00,/dev/cu.usbserial-576B0005451,"RX,117044,R35,TXA,N01,57,59627,B,1,0.20,0.18,5,F,-39,9.75"
2026-07-09T13:55:50.097+00:00,/dev/cu.usbserial-576B0005451,"RX,117186,R35,TXK,N151,29,59764,C,0,0.81,0.78,5,U,-58,9.50"
2026-07-09T13:55:50.709+00:00,/dev/cu.usbserial-576B0005451,"RX,117798,R35,TXC,N31,13,60381,G,1,0.93,0.90,5,U,-40,9.50"
2026-07-09T13:55:50.956+00:00,/dev/cu.usbserial-576B0005451,"RX,118044,R35,TXA,N01,58,60627,C,0,0.81,0.78,5,F,-39,10.00"
2026-07-09T13:55:51.223+00:00,/dev/cu.usbserial-576B0005451,"RX,118311,R35,TXB,N16,28,60893,A,1,0.75,0.72,5,U,-50,9.25"
2026-07-09T13:55:51.707+00:00,/dev/cu.usbserial-576B0005451,"RX,118795,R35,TXE,N61,26,61382,E,0,0.87,0.84,5,U,-51,10.25"
2026-07-09T13:55:51.814+00:00,/dev/cu.usbserial-576B0005451,"RX,118903,R35,TXI,N121,13,61481,G,1,0.93,0.90,5,U,-57,9.75"
2026-07-09T13:55:51.956+00:00,/dev/cu.usbserial-576B0005451,"RX,119044,R35,TXA,N01,59,61627,D,1,0.24,0.22,5,F,-40,10.00"
2026-07-09T13:55:52.097+00:00,/dev/cu.usbserial-576B0005451,"RX,119186,R35,TXK,N151,30,61764,E,1,0.87,0.84,5,U,-59,9.25"
2026-07-09T13:55:52.956+00:00,/dev/cu.usbserial-576B0005451,"RX,120044,R35,TXA,N01,60,62627,E,1,0.87,0.84,5,F,-39,9.25"
2026-07-09T13:55:53.223+00:00,/dev/cu.usbserial-576B0005451,"RX,120311,R35,TXB,N16,29,62893,C,0,0.81,0.78,5,U,-50,9.50"
2026-07-09T13:55:53.707+00:00,/dev/cu.usbserial-576B0005451,"RX,120795,R35,TXE,N61,27,63382,G,1,0.93,0.90,5,U,-51,10.25"
2026-07-09T13:55:53.956+00:00,/dev/cu.usbserial-576B0005451,"RX,121044,R35,TXA,N01,61,63627,F,0,0.28,0.26,5,F,-40,9.25"
2026-07-09T13:55:54.097+00:00,/dev/cu.usbserial-576B0005451,"RX,121186,R35,TXK,N151,31,63764,G,1,0.93,0.90,5,U,-59,9.50"
2026-07-09T13:55:54.455+00:00,/dev/cu.usbserial-576B0005451,"RX,121544,R35,TXF,N76,14,64131,E,1,0.87,0.84,5,U,-55,9.75"
2026-07-09T13:55:54.759+00:00,/dev/cu.usbserial-576B0005451,"RX,121848,R35,TXD,N46,7,64431,G,1,0.93,0.90,5,U,-44,9.75"
2026-07-09T13:55:54.956+00:00,/dev/cu.usbserial-576B0005451,"RX,122044,R35,TXA,N01,62,64627,G,1,0.93,0.90,5,F,-40,9.50"
2026-07-09T13:55:55.223+00:00,/dev/cu.usbserial-576B0005451,"RX,122311,R35,TXB,N16,30,64893,E,1,0.87,0.84,5,U,-50,10.25"
2026-07-09T13:55:55.404+00:00,/dev/cu.usbserial-576B0005451,"RX,122493,R35,TXG,N91,6,65080,G,1,0.93,0.90,5,U,-46,9.50"
2026-07-09T13:55:55.706+00:00,/dev/cu.usbserial-576B0005451,"RX,122795,R35,TXE,N61,28,65382,A,1,0.75,0.72,5,U,-51,9.50"
2026-07-09T13:55:55.956+00:00,/dev/cu.usbserial-576B0005451,"RX,123044,R35,TXA,N01,63,65627,H,1,0.32,0.30,5,F,-40,9.75"
2026-07-09T13:55:56.097+00:00,/dev/cu.usbserial-576B0005451,"RX,123186,R35,TXK,N151,32,65764,A,1,0.75,0.72,5,U,-59,9.25"
2026-07-09T13:55:56.455+00:00,/dev/cu.usbserial-576B0005451,"RX,123544,R35,TXF,N76,15,66131,G,1,0.93,0.90,5,U,-54,9.50"
2026-07-09T13:55:56.613+00:00,/dev/cu.usbserial-576B0005451,"RX,123701,R35,TXJ,N136,6,66280,G,1,0.93,0.90,5,U,-49,11.75"
2026-07-09T13:55:56.709+00:00,/dev/cu.usbserial-576B0005451,"RX,123798,R35,TXC,N31,14,66381,E,1,0.87,0.84,5,U,-40,9.75"
2026-07-09T13:55:56.956+00:00,/dev/cu.usbserial-576B0005451,"RX,124044,R35,TXA,N01,64,66627,A,1,0.75,0.72,5,F,-40,9.75"
2026-07-09T13:55:57.223+00:00,/dev/cu.usbserial-576B0005451,"RX,124311,R35,TXB,N16,31,66893,G,1,0.93,0.90,5,U,-50,10.25"
2026-07-09T13:55:57.706+00:00,/dev/cu.usbserial-576B0005451,"RX,124795,R35,TXE,N61,29,67382,C,0,0.81,0.78,5,U,-51,9.75"
2026-07-09T13:55:57.814+00:00,/dev/cu.usbserial-576B0005451,"RX,124903,R35,TXI,N121,14,67481,E,1,0.87,0.84,5,U,-57,12.25"
2026-07-09T13:55:57.956+00:00,/dev/cu.usbserial-576B0005451,"RX,125044,R35,TXA,N01,65,67627,B,0,0.20,0.18,5,F,-39,10.00"
2026-07-09T13:55:58.097+00:00,/dev/cu.usbserial-576B0005451,"RX,125186,R35,TXK,N151,33,67764,C,1,0.81,0.78,5,U,-59,9.75"
2026-07-09T13:55:58.709+00:00,/dev/cu.usbserial-576B0005451,"RX,125798,R35,TXC,N31,15,68381,G,1,0.93,0.90,5,U,-40,12.75"
2026-07-09T13:55:58.956+00:00,/dev/cu.usbserial-576B0005451,"RX,126044,R35,TXA,N01,66,68627,C,1,0.81,0.78,5,F,-40,9.50"
2026-07-09T13:55:59.223+00:00,/dev/cu.usbserial-576B0005451,"RX,126311,R35,TXB,N16,32,68893,A,1,0.75,0.72,5,U,-50,9.75"
2026-07-09T13:55:59.706+00:00,/dev/cu.usbserial-576B0005451,"RX,126795,R35,TXE,N61,30,69382,E,1,0.87,0.84,5,U,-50,10.25"
2026-07-09T13:55:59.814+00:00,/dev/cu.usbserial-576B0005451,"RX,126903,R35,TXI,N121,15,69481,G,1,0.93,0.90,5,U,-57,9.50"
2026-07-09T13:55:59.956+00:00,/dev/cu.usbserial-576B0005451,"RX,127044,R35,TXA,N01,67,69627,D,1,0.24,0.22,5,F,-39,10.00"
2026-07-09T13:56:00.097+00:00,/dev/cu.usbserial-576B0005451,"RX,127186,R35,TXK,N151,34,69764,E,0,0.87,0.84,5,U,-58,9.25"
2026-07-09T13:56:00.956+00:00,/dev/cu.usbserial-576B0005451,"RX,128044,R35,TXA,N01,68,70627,E,0,0.87,0.84,5,F,-39,12.50"
2026-07-09T13:56:01.223+00:00,/dev/cu.usbserial-576B0005451,"RX,128311,R35,TXB,N16,33,70893,C,1,0.81,0.78,5,U,-50,10.25"
2026-07-09T13:56:01.707+00:00,/dev/cu.usbserial-576B0005451,"RX,128795,R35,TXE,N61,31,71382,G,1,0.93,0.90,5,U,-51,10.00"
2026-07-09T13:56:01.956+00:00,/dev/cu.usbserial-576B0005451,"RX,129044,R35,TXA,N01,69,71627,F,1,0.28,0.26,5,F,-39,10.50"
2026-07-09T13:56:02.067+00:00,/dev/cu.usbserial-576B0005451,"RX,129155,R35,TXH,N106,4,71743,G,1,0.93,0.90,5,U,-42,7.00"
2026-07-09T13:56:02.249+00:00,/dev/cu.usbserial-576B0005451,"RX,129338,R35,TXL,N166,4,71917,G,1,0.93,0.90,5,U,-50,10.50"
2026-07-09T13:56:02.455+00:00,/dev/cu.usbserial-576B0005451,"RX,129544,R35,TXF,N76,16,72131,E,0,0.87,0.84,5,U,-54,10.00"
2026-07-09T13:56:02.759+00:00,/dev/cu.usbserial-576B0005451,"RX,129848,R35,TXD,N46,8,72431,G,1,0.93,0.90,5,U,-44,9.50"
2026-07-09T13:56:02.956+00:00,/dev/cu.usbserial-576B0005451,"RX,130044,R35,TXA,N01,70,72627,G,1,0.93,0.90,5,F,-39,10.00"
2026-07-09T13:56:03.223+00:00,/dev/cu.usbserial-576B0005451,"RX,130311,R35,TXB,N16,34,72893,E,0,0.87,0.84,5,U,-50,9.50"
2026-07-09T13:56:03.404+00:00,/dev/cu.usbserial-576B0005451,"RX,130493,R35,TXG,N91,7,73080,G,1,0.93,0.90,5,U,-46,9.75"
2026-07-09T13:56:03.706+00:00,/dev/cu.usbserial-576B0005451,"RX,130795,R35,TXE,N61,32,73382,A,1,0.75,0.72,5,U,-51,9.75"
2026-07-09T13:56:03.956+00:00,/dev/cu.usbserial-576B0005451,"RX,131044,R35,TXA,N01,71,73627,H,0,0.32,0.30,5,F,-40,10.00"
2026-07-09T13:56:04.097+00:00,/dev/cu.usbserial-576B0005451,"RX,131186,R35,TXK,N151,36,73764,A,1,0.75,0.72,5,U,-58,9.00"
2026-07-09T13:56:04.455+00:00,/dev/cu.usbserial-576B0005451,"RX,131544,R35,TXF,N76,17,74131,G,1,0.93,0.90,5,U,-55,9.75"
2026-07-09T13:56:04.613+00:00,/dev/cu.usbserial-576B0005451,"RX,131701,R35,TXJ,N136,7,74280,G,1,0.93,0.90,5,U,-49,9.75"
2026-07-09T13:56:04.709+00:00,/dev/cu.usbserial-576B0005451,"RX,131798,R35,TXC,N31,16,74381,E,0,0.87,0.84,5,U,-41,9.75"
2026-07-09T13:56:04.956+00:00,/dev/cu.usbserial-576B0005451,"RX,132044,R35,TXA,N01,72,74627,A,1,0.75,0.72,5,F,-40,9.50"
2026-07-09T13:56:05.223+00:00,/dev/cu.usbserial-576B0005451,"RX,132311,R35,TXB,N16,35,74893,G,1,0.93,0.90,5,U,-50,10.25"
2026-07-09T13:56:05.706+00:00,/dev/cu.usbserial-576B0005451,"RX,132795,R35,TXE,N61,33,75382,C,1,0.81,0.78,5,U,-51,9.75"
2026-07-09T13:56:05.814+00:00,/dev/cu.usbserial-576B0005451,"RX,132903,R35,TXI,N121,16,75481,E,0,0.87,0.84,5,U,-57,9.75"
2026-07-09T13:56:05.956+00:00,/dev/cu.usbserial-576B0005451,"RX,133044,R35,TXA,N01,73,75627,B,1,0.20,0.18,5,F,-39,10.25"
2026-07-09T13:56:06.097+00:00,/dev/cu.usbserial-576B0005451,"RX,133186,R35,TXK,N151,37,75764,C,0,0.81,0.78,5,U,-59,9.25"
2026-07-09T13:56:06.709+00:00,/dev/cu.usbserial-576B0005451,"RX,133798,R35,TXC,N31,17,76381,G,1,0.93,0.90,5,U,-40,10.00"
2026-07-09T13:56:06.956+00:00,/dev/cu.usbserial-576B0005451,"RX,134044,R35,TXA,N01,74,76627,C,0,0.81,0.78,5,F,-39,9.50"
2026-07-09T13:56:07.223+00:00,/dev/cu.usbserial-576B0005451,"RX,134311,R35,TXB,N16,36,76893,A,1,0.75,0.72,5,U,-50,10.00"
2026-07-09T13:56:07.706+00:00,/dev/cu.usbserial-576B0005451,"RX,134795,R35,TXE,N61,34,77382,E,0,0.87,0.84,5,U,-51,11.00"
2026-07-09T13:56:07.814+00:00,/dev/cu.usbserial-576B0005451,"RX,134903,R35,TXI,N121,17,77481,G,1,0.93,0.90,5,U,-57,9.50"
2026-07-09T13:56:07.956+00:00,/dev/cu.usbserial-576B0005451,"RX,135044,R35,TXA,N01,75,77627,D,1,0.24,0.22,5,F,-39,10.50"
2026-07-09T13:56:08.097+00:00,/dev/cu.usbserial-576B0005451,"RX,135186,R35,TXK,N151,38,77764,E,1,0.87,0.84,5,U,-58,9.50"
2026-07-09T13:56:08.956+00:00,/dev/cu.usbserial-576B0005451,"RX,136044,R35,TXA,N01,76,78627,E,1,0.87,0.84,5,F,-40,10.50"
2026-07-09T13:56:09.706+00:00,/dev/cu.usbserial-576B0005451,"RX,136795,R35,TXE,N61,35,79382,G,1,0.93,0.90,5,U,-51,9.50"
2026-07-09T13:56:09.956+00:00,/dev/cu.usbserial-576B0005451,"RX,137044,R35,TXA,N01,77,79627,F,0,0.28,0.26,5,F,-40,10.50"
2026-07-09T13:56:10.067+00:00,/dev/cu.usbserial-576B0005451,"RX,137155,R35,TXH,N106,5,79743,G,1,0.93,0.90,5,U,-42,7.00"
2026-07-09T13:56:10.249+00:00,/dev/cu.usbserial-576B0005451,"RX,137338,R35,TXL,N166,5,79917,G,1,0.93,0.90,5,U,-50,9.25"
2026-07-09T13:56:10.455+00:00,/dev/cu.usbserial-576B0005451,"RX,137544,R35,TXF,N76,18,80131,E,1,0.87,0.84,5,U,-54,9.50"
2026-07-09T13:56:10.759+00:00,/dev/cu.usbserial-576B0005451,"RX,137848,R35,TXD,N46,9,80431,G,1,0.93,0.90,5,U,-44,9.25"
2026-07-09T13:56:10.956+00:00,/dev/cu.usbserial-576B0005451,"RX,138044,R35,TXA,N01,78,80627,G,1,0.93,0.90,5,F,-39,9.75"
2026-07-09T13:56:11.223+00:00,/dev/cu.usbserial-576B0005451,"RX,138311,R35,TXB,N16,38,80893,E,1,0.87,0.84,5,U,-51,9.75"
2026-07-09T13:56:11.404+00:00,/dev/cu.usbserial-576B0005451,"RX,138493,R35,TXG,N91,8,81080,G,1,0.93,0.90,5,U,-46,9.50"
2026-07-09T13:56:11.706+00:00,/dev/cu.usbserial-576B0005451,"RX,138795,R35,TXE,N61,36,81382,A,1,0.75,0.72,5,U,-51,9.75"
2026-07-09T13:56:11.956+00:00,/dev/cu.usbserial-576B0005451,"RX,139044,R35,TXA,N01,79,81627,H,1,0.32,0.30,5,F,-39,9.75"
2026-07-09T13:56:12.097+00:00,/dev/cu.usbserial-576B0005451,"RX,139186,R35,TXK,N151,40,81764,A,0,0.75,0.72,5,U,-59,9.25"
2026-07-09T13:56:12.455+00:00,/dev/cu.usbserial-576B0005451,"RX,139544,R35,TXF,N76,19,82131,G,1,0.93,0.90,5,U,-54,9.75"
2026-07-09T13:56:12.613+00:00,/dev/cu.usbserial-576B0005451,"RX,139701,R35,TXJ,N136,8,82280,G,1,0.93,0.90,5,U,-49,10.00"
2026-07-09T13:56:12.709+00:00,/dev/cu.usbserial-576B0005451,"RX,139798,R35,TXC,N31,18,82381,E,1,0.87,0.84,5,U,-41,9.75"
2026-07-09T13:56:12.956+00:00,/dev/cu.usbserial-576B0005451,"RX,140044,R35,TXA,N01,80,82627,A,0,0.75,0.72,5,F,-39,9.75"
2026-07-09T13:56:13.706+00:00,/dev/cu.usbserial-576B0005451,"RX,140795,R35,TXE,N61,37,83382,C,0,0.81,0.78,5,U,-51,9.75"
2026-07-09T13:56:13.814+00:00,/dev/cu.usbserial-576B0005451,"RX,140903,R35,TXI,N121,18,83481,E,1,0.87,0.84,5,U,-57,9.75"
2026-07-09T13:56:13.956+00:00,/dev/cu.usbserial-576B0005451,"RX,141044,R35,TXA,N01,81,83627,B,1,0.20,0.18,5,F,-40,10.00"
2026-07-09T13:56:14.097+00:00,/dev/cu.usbserial-576B0005451,"RX,141186,R35,TXK,N151,41,83764,C,1,0.81,0.78,5,U,-59,9.50"
2026-07-09T13:56:14.709+00:00,/dev/cu.usbserial-576B0005451,"RX,141798,R35,TXC,N31,19,84381,G,1,0.93,0.90,5,U,-40,10.00"
2026-07-09T13:56:14.956+00:00,/dev/cu.usbserial-576B0005451,"RX,142044,R35,TXA,N01,82,84627,C,1,0.81,0.78,5,F,-40,10.25"
2026-07-09T13:56:15.223+00:00,/dev/cu.usbserial-576B0005451,"RX,142311,R35,TXB,N16,40,84893,A,0,0.75,0.72,5,U,-50,10.25"
2026-07-09T13:56:15.706+00:00,/dev/cu.usbserial-576B0005451,"RX,142795,R35,TXE,N61,38,85382,E,1,0.87,0.84,5,U,-51,9.75"
2026-07-09T13:56:15.814+00:00,/dev/cu.usbserial-576B0005451,"RX,142903,R35,TXI,N121,19,85481,G,1,0.93,0.90,5,U,-57,9.75"
2026-07-09T13:56:15.956+00:00,/dev/cu.usbserial-576B0005451,"RX,143044,R35,TXA,N01,83,85627,D,0,0.24,0.22,5,F,-40,9.75"
2026-07-09T13:56:16.097+00:00,/dev/cu.usbserial-576B0005451,"RX,143186,R35,TXK,N151,42,85764,E,1,0.87,0.84,5,U,-58,10.00"
2026-07-09T13:56:16.956+00:00,/dev/cu.usbserial-576B0005451,"RX,144044,R35,TXA,N01,84,86627,E,1,0.87,0.84,5,F,-40,9.50"
2026-07-09T13:56:17.223+00:00,/dev/cu.usbserial-576B0005451,"RX,144311,R35,TXB,N16,41,86893,C,1,0.81,0.78,5,U,-50,9.75"
2026-07-09T13:56:17.706+00:00,/dev/cu.usbserial-576B0005451,"RX,144795,R35,TXE,N61,39,87382,G,1,0.93,0.90,5,U,-51,9.75"
2026-07-09T13:56:17.956+00:00,/dev/cu.usbserial-576B0005451,"RX,145044,R35,TXA,N01,85,87627,F,1,0.28,0.26,5,F,-40,9.75"
2026-07-09T13:56:18.067+00:00,/dev/cu.usbserial-576B0005451,"RX,145155,R35,TXH,N106,6,87743,G,0,0.93,0.90,5,U,-42,7.00"
2026-07-09T13:56:18.250+00:00,/dev/cu.usbserial-576B0005451,"RX,145338,R35,TXL,N166,6,87917,G,0,0.93,0.90,5,U,-50,10.00"
2026-07-09T13:56:18.455+00:00,/dev/cu.usbserial-576B0005451,"RX,145544,R35,TXF,N76,20,88131,E,1,0.87,0.84,5,U,-54,9.75"
2026-07-09T13:56:18.760+00:00,/dev/cu.usbserial-576B0005451,"RX,145848,R35,TXD,N46,10,88431,G,0,0.93,0.90,5,U,-44,10.00"
2026-07-09T13:56:18.956+00:00,/dev/cu.usbserial-576B0005451,"RX,146044,R35,TXA,N01,86,88627,G,0,0.93,0.90,5,F,-40,9.75"
2026-07-09T13:56:19.223+00:00,/dev/cu.usbserial-576B0005451,"RX,146311,R35,TXB,N16,42,88893,E,1,0.87,0.84,5,U,-51,10.00"
2026-07-09T13:56:19.404+00:00,/dev/cu.usbserial-576B0005451,"RX,146493,R35,TXG,N91,9,89080,G,1,0.93,0.90,5,U,-43,9.25"
2026-07-09T13:56:19.706+00:00,/dev/cu.usbserial-576B0005451,"RX,146795,R35,TXE,N61,40,89382,A,0,0.75,0.72,5,U,-51,9.75"
2026-07-09T13:56:19.956+00:00,/dev/cu.usbserial-576B0005451,"RX,147044,R35,TXA,N01,87,89627,H,1,0.32,0.30,5,F,-39,10.00"
2026-07-09T13:56:20.097+00:00,/dev/cu.usbserial-576B0005451,"RX,147186,R35,TXK,N151,44,89764,A,1,0.75,0.72,5,U,-59,9.25"
2026-07-09T13:56:20.455+00:00,/dev/cu.usbserial-576B0005451,"RX,147544,R35,TXF,N76,21,90131,G,0,0.93,0.90,5,U,-53,9.75"
2026-07-09T13:56:20.613+00:00,/dev/cu.usbserial-576B0005451,"RX,147701,R35,TXJ,N136,9,90280,G,1,0.93,0.90,5,U,-50,9.50"
2026-07-09T13:56:20.709+00:00,/dev/cu.usbserial-576B0005451,"RX,147798,R35,TXC,N31,20,90381,E,1,0.87,0.84,5,U,-40,9.75"
2026-07-09T13:56:20.956+00:00,/dev/cu.usbserial-576B0005451,"RX,148044,R35,TXA,N01,88,90627,A,1,0.75,0.72,5,F,-40,10.25"
2026-07-09T13:56:21.223+00:00,/dev/cu.usbserial-576B0005451,"RX,148311,R35,TXB,N16,43,90893,G,0,0.93,0.90,5,U,-50,9.75"
2026-07-09T13:56:21.707+00:00,/dev/cu.usbserial-576B0005451,"RX,148795,R35,TXE,N61,41,91382,C,1,0.81,0.78,5,U,-51,9.75"
2026-07-09T13:56:21.814+00:00,/dev/cu.usbserial-576B0005451,"RX,148903,R35,TXI,N121,20,91481,E,1,0.87,0.84,5,U,-57,9.75"
2026-07-09T13:56:21.956+00:00,/dev/cu.usbserial-576B0005451,"RX,149044,R35,TXA,N01,89,91627,B,0,0.20,0.18,5,F,-40,9.50"
2026-07-09T13:56:22.097+00:00,/dev/cu.usbserial-576B0005451,"RX,149186,R35,TXK,N151,45,91764,C,1,0.81,0.78,5,U,-59,9.50"
2026-07-09T13:56:22.709+00:00,/dev/cu.usbserial-576B0005451,"RX,149798,R35,TXC,N31,21,92381,G,0,0.93,0.90,5,U,-40,10.25"
2026-07-09T13:56:22.956+00:00,/dev/cu.usbserial-576B0005451,"RX,150044,R35,TXA,N01,90,92627,C,1,0.81,0.78,5,F,-40,9.50"
2026-07-09T13:56:23.223+00:00,/dev/cu.usbserial-576B0005451,"RX,150311,R35,TXB,N16,44,92893,A,1,0.75,0.72,5,U,-51,9.25"
2026-07-09T13:56:23.707+00:00,/dev/cu.usbserial-576B0005451,"RX,150795,R35,TXE,N61,42,93382,E,1,0.87,0.84,5,U,-51,10.25"
2026-07-09T13:56:23.814+00:00,/dev/cu.usbserial-576B0005451,"RX,150903,R35,TXI,N121,21,93481,G,0,0.93,0.90,5,U,-57,10.00"
2026-07-09T13:56:23.956+00:00,/dev/cu.usbserial-576B0005451,"RX,151044,R35,TXA,N01,91,93627,D,1,0.24,0.22,5,F,-39,10.00"
2026-07-09T13:56:24.097+00:00,/dev/cu.usbserial-576B0005451,"RX,151186,R35,TXK,N151,46,93764,E,0,0.87,0.84,5,U,-58,9.75"
2026-07-09T13:56:25.223+00:00,/dev/cu.usbserial-576B0005451,"RX,152311,R35,TXB,N16,45,94893,C,1,0.81,0.78,5,U,-51,9.75"
2026-07-09T13:56:25.706+00:00,/dev/cu.usbserial-576B0005451,"RX,152795,R35,TXE,N61,43,95382,G,0,0.93,0.90,5,U,-51,9.25"
2026-07-09T13:56:25.956+00:00,/dev/cu.usbserial-576B0005451,"RX,153044,R35,TXA,N01,93,95627,F,1,0.28,0.26,5,F,-40,9.75"
2026-07-09T13:56:26.067+00:00,/dev/cu.usbserial-576B0005451,"RX,153155,R35,TXH,N106,7,95743,G,1,0.93,0.90,5,U,-42,6.75"
2026-07-09T13:56:26.249+00:00,/dev/cu.usbserial-576B0005451,"RX,153338,R35,TXL,N166,7,95917,G,1,0.93,0.90,5,U,-50,10.00"
2026-07-09T13:56:26.455+00:00,/dev/cu.usbserial-576B0005451,"RX,153544,R35,TXF,N76,22,96131,E,0,0.87,0.84,5,U,-54,9.75"
2026-07-09T13:56:26.760+00:00,/dev/cu.usbserial-576B0005451,"RX,153848,R35,TXD,N46,11,96431,G,1,0.93,0.90,5,U,-44,9.50"
2026-07-09T13:56:26.956+00:00,/dev/cu.usbserial-576B0005451,"RX,154044,R35,TXA,N01,94,96627,G,1,0.93,0.90,5,F,-40,9.75"
2026-07-09T13:56:27.223+00:00,/dev/cu.usbserial-576B0005451,"RX,154311,R35,TXB,N16,46,96893,E,0,0.87,0.84,5,U,-51,9.50"
2026-07-09T13:56:27.404+00:00,/dev/cu.usbserial-576B0005451,"RX,154493,R35,TXG,N91,10,97080,G,0,0.93,0.90,5,U,-45,9.75"
2026-07-09T13:56:27.706+00:00,/dev/cu.usbserial-576B0005451,"RX,154795,R35,TXE,N61,44,97382,A,1,0.75,0.72,5,U,-52,10.50"
2026-07-09T13:56:27.956+00:00,/dev/cu.usbserial-576B0005451,"RX,155045,R35,TXA,N01,95,97627,H,0,0.32,0.30,5,F,-40,10.00"
2026-07-09T13:56:28.097+00:00,/dev/cu.usbserial-576B0005451,"RX,155186,R35,TXK,N151,48,97764,A,1,0.75,0.72,5,U,-59,9.00"
2026-07-09T13:56:28.455+00:00,/dev/cu.usbserial-576B0005451,"RX,155544,R35,TXF,N76,23,98131,G,1,0.93,0.90,5,U,-54,9.75"
2026-07-09T13:56:28.613+00:00,/dev/cu.usbserial-576B0005451,"RX,155702,R35,TXJ,N136,10,98280,G,0,0.93,0.90,5,U,-48,9.75"
2026-07-09T13:56:28.709+00:00,/dev/cu.usbserial-576B0005451,"RX,155798,R35,TXC,N31,22,98381,E,0,0.87,0.84,5,U,-40,9.75"
2026-07-09T13:56:29.223+00:00,/dev/cu.usbserial-576B0005451,"RX,156311,R35,TXB,N16,47,98893,G,1,0.93,0.90,5,U,-50,9.75"
2026-07-09T13:56:29.707+00:00,/dev/cu.usbserial-576B0005451,"RX,156795,R35,TXE,N61,45,99382,C,1,0.81,0.78,5,U,-51,10.25"
2026-07-09T13:56:29.814+00:00,/dev/cu.usbserial-576B0005451,"RX,156903,R35,TXI,N121,22,99481,E,0,0.87,0.84,5,U,-57,9.25"
2026-07-09T13:56:29.956+00:00,/dev/cu.usbserial-576B0005451,"RX,157044,R35,TXA,N01,97,99627,B,1,0.20,0.18,5,F,-39,10.00"
2026-07-09T13:56:30.097+00:00,/dev/cu.usbserial-576B0005451,"RX,157186,R35,TXK,N151,49,99764,C,0,0.81,0.78,5,U,-58,9.75"
2026-07-09T13:56:30.709+00:00,/dev/cu.usbserial-576B0005451,"RX,157798,R35,TXC,N31,23,100381,G,1,0.93,0.90,5,U,-40,9.75"
2026-07-09T13:56:30.956+00:00,/dev/cu.usbserial-576B0005451,"RX,158045,R35,TXA,N01,98,100627,C,0,0.81,0.78,5,F,-40,9.50"
2026-07-09T13:56:31.223+00:00,/dev/cu.usbserial-576B0005451,"RX,158311,R35,TXB,N16,48,100893,A,1,0.75,0.72,5,U,-50,9.75"
2026-07-09T13:56:31.707+00:00,/dev/cu.usbserial-576B0005451,"RX,158795,R35,TXE,N61,46,101382,E,0,0.87,0.84,5,U,-51,9.75"
2026-07-09T13:56:31.814+00:00,/dev/cu.usbserial-576B0005451,"RX,158903,R35,TXI,N121,23,101481,G,1,0.93,0.90,5,U,-57,9.75"
2026-07-09T13:56:31.956+00:00,/dev/cu.usbserial-576B0005451,"RX,159045,R35,TXA,N01,99,101627,D,1,0.24,0.22,5,F,-39,10.00"
2026-07-09T13:56:32.097+00:00,/dev/cu.usbserial-576B0005451,"RX,159186,R35,TXK,N151,50,101764,E,1,0.87,0.84,5,U,-59,9.00"
2026-07-09T13:56:32.956+00:00,/dev/cu.usbserial-576B0005451,"RX,160045,R35,TXA,N01,100,102627,E,1,0.87,0.84,5,F,-39,9.75"
2026-07-09T13:56:33.223+00:00,/dev/cu.usbserial-576B0005451,"RX,160311,R35,TXB,N16,49,102893,C,0,0.81,0.78,5,U,-50,9.75"
2026-07-09T13:56:33.707+00:00,/dev/cu.usbserial-576B0005451,"RX,160795,R35,TXE,N61,47,103382,G,1,0.93,0.90,5,U,-51,9.75"
2026-07-09T13:56:33.956+00:00,/dev/cu.usbserial-576B0005451,"RX,161045,R35,TXA,N01,101,103627,F,0,0.28,0.26,5,F,-39,10.00"
2026-07-09T13:56:34.097+00:00,/dev/cu.usbserial-576B0005451,"RX,161186,R35,TXK,N151,51,103764,G,1,0.93,0.90,5,U,-58,8.75"
2026-07-09T13:56:34.455+00:00,/dev/cu.usbserial-576B0005451,"RX,161544,R35,TXF,N76,24,104131,E,1,0.87,0.84,5,U,-54,9.25"
2026-07-09T13:56:34.760+00:00,/dev/cu.usbserial-576B0005451,"RX,161848,R35,TXD,N46,12,104431,G,1,0.93,0.90,5,U,-44,9.50"
2026-07-09T13:56:34.956+00:00,/dev/cu.usbserial-576B0005451,"RX,162045,R35,TXA,N01,102,104627,G,1,0.93,0.90,5,F,-39,9.50"
2026-07-09T13:56:35.223+00:00,/dev/cu.usbserial-576B0005451,"RX,162311,R35,TXB,N16,50,104893,E,1,0.87,0.84,5,U,-50,9.50"
2026-07-09T13:56:35.404+00:00,/dev/cu.usbserial-576B0005451,"RX,162493,R35,TXG,N91,11,105080,G,1,0.93,0.90,5,U,-46,9.75"
2026-07-09T13:56:35.707+00:00,/dev/cu.usbserial-576B0005451,"RX,162795,R35,TXE,N61,48,105382,A,1,0.75,0.72,5,U,-51,9.50"
2026-07-09T13:56:35.956+00:00,/dev/cu.usbserial-576B0005451,"RX,163045,R35,TXA,N01,103,105627,H,1,0.32,0.30,5,F,-39,9.75"
2026-07-09T13:56:36.097+00:00,/dev/cu.usbserial-576B0005451,"RX,163186,R35,TXK,N151,52,105764,A,0,0.75,0.72,5,U,-58,9.75"
2026-07-09T13:56:36.455+00:00,/dev/cu.usbserial-576B0005451,"RX,163544,R35,TXF,N76,25,106131,G,1,0.93,0.90,5,U,-54,9.50"
2026-07-09T13:56:36.613+00:00,/dev/cu.usbserial-576B0005451,"RX,163702,R35,TXJ,N136,11,106280,G,1,0.93,0.90,5,U,-48,10.25"
2026-07-09T13:56:36.709+00:00,/dev/cu.usbserial-576B0005451,"RX,163798,R35,TXC,N31,24,106381,E,1,0.87,0.84,5,U,-40,9.25"
2026-07-09T13:56:36.956+00:00,/dev/cu.usbserial-576B0005451,"RX,164045,R35,TXA,N01,104,106627,A,0,0.75,0.72,5,F,-39,9.75"
2026-07-09T13:56:37.223+00:00,/dev/cu.usbserial-576B0005451,"RX,164311,R35,TXB,N16,51,106893,G,1,0.93,0.90,5,U,-50,9.50"
2026-07-09T13:56:37.707+00:00,/dev/cu.usbserial-576B0005451,"RX,164795,R35,TXE,N61,49,107382,C,0,0.81,0.78,5,U,-51,9.75"
2026-07-09T13:56:37.814+00:00,/dev/cu.usbserial-576B0005451,"RX,164903,R35,TXI,N121,24,107481,E,1,0.87,0.84,5,U,-57,10.00"
2026-07-09T13:56:37.956+00:00,/dev/cu.usbserial-576B0005451,"RX,165045,R35,TXA,N01,105,107627,B,1,0.20,0.18,5,F,-39,9.75"
2026-07-09T13:56:38.097+00:00,/dev/cu.usbserial-576B0005451,"RX,165186,R35,TXK,N151,53,107764,C,1,0.81,0.78,5,U,-58,9.00"
2026-07-09T13:56:38.709+00:00,/dev/cu.usbserial-576B0005451,"RX,165798,R35,TXC,N31,25,108381,G,1,0.93,0.90,5,U,-40,9.50"
2026-07-09T13:56:38.956+00:00,/dev/cu.usbserial-576B0005451,"RX,166045,R35,TXA,N01,106,108627,C,1,0.81,0.78,5,F,-39,9.50"
2026-07-09T13:56:39.223+00:00,/dev/cu.usbserial-576B0005451,"RX,166311,R35,TXB,N16,52,108893,A,0,0.75,0.72,5,U,-51,9.00"
2026-07-09T13:56:39.706+00:00,/dev/cu.usbserial-576B0005451,"RX,166795,R35,TXE,N61,50,109382,E,1,0.87,0.84,5,U,-51,9.75"
2026-07-09T13:56:39.814+00:00,/dev/cu.usbserial-576B0005451,"RX,166903,R35,TXI,N121,25,109481,G,1,0.93,0.90,5,U,-57,9.50"
2026-07-09T13:56:39.956+00:00,/dev/cu.usbserial-576B0005451,"RX,167045,R35,TXA,N01,107,109627,D,0,0.24,0.22,5,F,-39,9.25"
2026-07-09T13:56:40.097+00:00,/dev/cu.usbserial-576B0005451,"RX,167186,R35,TXK,N151,54,109764,E,1,0.87,0.84,5,U,-58,9.25"
2026-07-09T13:56:40.956+00:00,/dev/cu.usbserial-576B0005451,"RX,168045,R35,TXA,N01,108,110627,E,1,0.87,0.84,5,F,-39,9.75"
2026-07-09T13:56:41.223+00:00,/dev/cu.usbserial-576B0005451,"RX,168311,R35,TXB,N16,53,110893,C,1,0.81,0.78,5,U,-50,9.75"
2026-07-09T13:56:41.707+00:00,/dev/cu.usbserial-576B0005451,"RX,168795,R35,TXE,N61,51,111382,G,1,0.93,0.90,5,U,-51,9.50"
2026-07-09T13:56:41.956+00:00,/dev/cu.usbserial-576B0005451,"RX,169045,R35,TXA,N01,109,111627,F,1,0.28,0.26,5,F,-39,9.75"
2026-07-09T13:56:42.097+00:00,/dev/cu.usbserial-576B0005451,"RX,169186,R35,TXK,N151,55,111764,G,0,0.93,0.90,5,U,-58,9.25"
2026-07-09T13:56:42.455+00:00,/dev/cu.usbserial-576B0005451,"RX,169544,R35,TXF,N76,26,112131,E,1,0.87,0.84,5,U,-54,9.25"
2026-07-09T13:56:42.760+00:00,/dev/cu.usbserial-576B0005451,"RX,169848,R35,TXD,N46,13,112431,G,0,0.93,0.90,5,U,-44,9.75"
2026-07-09T13:56:42.956+00:00,/dev/cu.usbserial-576B0005451,"RX,170045,R35,TXA,N01,110,112627,G,0,0.93,0.90,5,F,-39,9.75"
2026-07-09T13:56:43.223+00:00,/dev/cu.usbserial-576B0005451,"RX,170311,R35,TXB,N16,54,112893,E,1,0.87,0.84,5,U,-50,10.00"
2026-07-09T13:56:43.404+00:00,/dev/cu.usbserial-576B0005451,"RX,170493,R35,TXG,N91,12,113080,G,1,0.93,0.90,5,U,-46,9.75"
2026-07-09T13:56:43.707+00:00,/dev/cu.usbserial-576B0005451,"RX,170795,R35,TXE,N61,52,113382,A,0,0.75,0.72,5,U,-51,10.25"
2026-07-09T13:56:43.956+00:00,/dev/cu.usbserial-576B0005451,"RX,171045,R35,TXA,N01,111,113627,H,1,0.32,0.30,5,F,-39,9.50"
2026-07-09T13:56:44.097+00:00,/dev/cu.usbserial-576B0005451,"RX,171186,R35,TXK,N151,56,113764,A,1,0.75,0.72,5,U,-58,9.50"
2026-07-09T13:56:44.455+00:00,/dev/cu.usbserial-576B0005451,"RX,171544,R35,TXF,N76,27,114131,G,0,0.93,0.90,5,U,-54,9.50"
2026-07-09T13:56:44.614+00:00,/dev/cu.usbserial-576B0005451,"RX,171702,R35,TXJ,N136,12,114280,G,1,0.93,0.90,5,U,-48,9.50"
2026-07-09T13:56:44.709+00:00,/dev/cu.usbserial-576B0005451,"RX,171798,R35,TXC,N31,26,114381,E,1,0.87,0.84,5,U,-40,9.75"
2026-07-09T13:56:44.956+00:00,/dev/cu.usbserial-576B0005451,"RX,172045,R35,TXA,N01,112,114627,A,1,0.75,0.72,5,F,-39,9.50"
2026-07-09T13:56:45.223+00:00,/dev/cu.usbserial-576B0005451,"RX,172311,R35,TXB,N16,55,114893,G,0,0.93,0.90,5,U,-50,9.75"
2026-07-09T13:56:45.707+00:00,/dev/cu.usbserial-576B0005451,"RX,172795,R35,TXE,N61,53,115382,C,1,0.81,0.78,5,U,-51,9.50"
2026-07-09T13:56:45.814+00:00,/dev/cu.usbserial-576B0005451,"RX,172903,R35,TXI,N121,26,115481,E,1,0.87,0.84,5,U,-57,10.25"
2026-07-09T13:56:45.956+00:00,/dev/cu.usbserial-576B0005451,"RX,173045,R35,TXA,N01,113,115627,B,0,0.20,0.18,5,F,-39,9.25"
2026-07-09T13:56:46.097+00:00,/dev/cu.usbserial-576B0005451,"RX,173186,R35,TXK,N151,57,115764,C,1,0.81,0.78,5,U,-58,9.75"
2026-07-09T13:56:46.709+00:00,/dev/cu.usbserial-576B0005451,"RX,173798,R35,TXC,N31,27,116381,G,0,0.93,0.90,5,U,-40,9.75"
2026-07-09T13:56:46.956+00:00,/dev/cu.usbserial-576B0005451,"RX,174045,R35,TXA,N01,114,116627,C,1,0.81,0.78,5,F,-39,9.50"
2026-07-09T13:56:47.223+00:00,/dev/cu.usbserial-576B0005451,"RX,174312,R35,TXB,N16,56,116893,A,1,0.75,0.72,5,U,-50,9.75"
2026-07-09T13:56:47.707+00:00,/dev/cu.usbserial-576B0005451,"RX,174795,R35,TXE,N61,54,117382,E,1,0.87,0.84,5,U,-51,9.50"
2026-07-09T13:56:47.814+00:00,/dev/cu.usbserial-576B0005451,"RX,174903,R35,TXI,N121,27,117481,G,0,0.93,0.90,5,U,-57,10.00"
2026-07-09T13:56:47.956+00:00,/dev/cu.usbserial-576B0005451,"RX,175045,R35,TXA,N01,115,117627,D,1,0.24,0.22,5,F,-39,9.50"
2026-07-09T13:56:48.097+00:00,/dev/cu.usbserial-576B0005451,"RX,175186,R35,TXK,N151,58,117764,E,0,0.87,0.84,5,U,-58,9.25"
2026-07-09T13:56:48.956+00:00,/dev/cu.usbserial-576B0005451,"RX,176045,R35,TXA,N01,116,118627,E,0,0.87,0.84,5,F,-40,9.75"
2026-07-09T13:56:49.223+00:00,/dev/cu.usbserial-576B0005451,"RX,176312,R35,TXB,N16,57,118893,C,1,0.81,0.78,5,U,-51,9.50"
2026-07-09T13:56:49.707+00:00,/dev/cu.usbserial-576B0005451,"RX,176795,R35,TXE,N61,55,119382,G,0,0.93,0.90,5,U,-51,11.00"
2026-07-09T13:56:49.956+00:00,/dev/cu.usbserial-576B0005451,"RX,177045,R35,TXA,N01,117,119627,F,1,0.28,0.26,5,F,-40,9.50"
2026-07-09T13:56:50.097+00:00,/dev/cu.usbserial-576B0005451,"RX,177186,R35,TXK,N151,59,119764,G,1,0.93,0.90,5,U,-58,9.50"
2026-07-09T13:56:50.455+00:00,/dev/cu.usbserial-576B0005451,"RX,177544,R35,TXF,N76,28,120131,E,0,0.87,0.84,5,U,-54,9.25"
2026-07-09T13:56:50.760+00:00,/dev/cu.usbserial-576B0005451,"RX,177848,R35,TXD,N46,14,120431,G,1,0.93,0.90,5,U,-44,9.50"
2026-07-09T13:56:50.956+00:00,/dev/cu.usbserial-576B0005451,"RX,178045,R35,TXA,N01,118,120627,G,1,0.93,0.90,5,F,-39,9.50"
2026-07-09T13:56:51.223+00:00,/dev/cu.usbserial-576B0005451,"RX,178311,R35,TXB,N16,58,120893,E,0,0.87,0.84,5,U,-50,9.75"
2026-07-09T13:56:51.404+00:00,/dev/cu.usbserial-576B0005451,"RX,178493,R35,TXG,N91,13,121080,G,0,0.93,0.90,5,U,-45,9.75"
2026-07-09T13:56:51.707+00:00,/dev/cu.usbserial-576B0005451,"RX,178795,R35,TXE,N61,56,121382,A,1,0.75,0.72,5,U,-51,10.25"
2026-07-09T13:56:51.956+00:00,/dev/cu.usbserial-576B0005451,"RX,179045,R35,TXA,N01,119,121627,H,0,0.32,0.30,5,F,-39,9.50"
2026-07-09T13:56:52.097+00:00,/dev/cu.usbserial-576B0005451,"RX,179186,R35,TXK,N151,60,121764,A,1,0.75,0.72,5,U,-58,9.50"
2026-07-09T13:56:52.455+00:00,/dev/cu.usbserial-576B0005451,"RX,179544,R35,TXF,N76,29,122131,G,1,0.93,0.90,5,U,-54,10.00"
2026-07-09T13:56:52.613+00:00,/dev/cu.usbserial-576B0005451,"RX,179702,R35,TXJ,N136,13,122280,G,0,0.93,0.90,5,U,-49,10.00"
2026-07-09T13:56:52.709+00:00,/dev/cu.usbserial-576B0005451,"RX,179798,R35,TXC,N31,28,122381,E,0,0.87,0.84,5,U,-40,9.50"
2026-07-09T13:56:52.956+00:00,/dev/cu.usbserial-576B0005451,"RX,180045,R35,TXA,N01,120,122627,A,1,0.75,0.72,5,F,-39,9.75"
2026-07-09T13:56:53.223+00:00,/dev/cu.usbserial-576B0005451,"RX,180312,R35,TXB,N16,59,122893,G,1,0.93,0.90,5,U,-50,9.50"
2026-07-09T13:56:53.707+00:00,/dev/cu.usbserial-576B0005451,"RX,180795,R35,TXE,N61,57,123382,C,1,0.81,0.78,5,U,-51,10.75"
2026-07-09T13:56:53.814+00:00,/dev/cu.usbserial-576B0005451,"RX,180903,R35,TXI,N121,28,123481,E,0,0.87,0.84,5,U,-56,10.00"
2026-07-09T13:56:53.956+00:00,/dev/cu.usbserial-576B0005451,"RX,181045,R35,TXA,N01,121,123627,B,1,0.20,0.18,5,F,-39,9.50"
2026-07-09T13:56:54.097+00:00,/dev/cu.usbserial-576B0005451,"RX,181186,R35,TXK,N151,61,123764,C,0,0.81,0.78,5,U,-59,9.25"
2026-07-09T13:56:54.709+00:00,/dev/cu.usbserial-576B0005451,"RX,181798,R35,TXC,N31,29,124381,G,1,0.93,0.90,5,U,-40,9.75"
2026-07-09T13:56:54.956+00:00,/dev/cu.usbserial-576B0005451,"RX,182045,R35,TXA,N01,122,124627,C,0,0.81,0.78,5,F,-39,9.50"
2026-07-09T13:56:55.223+00:00,/dev/cu.usbserial-576B0005451,"RX,182312,R35,TXB,N16,60,124893,A,1,0.75,0.72,5,U,-50,9.25"
2026-07-09T13:56:55.707+00:00,/dev/cu.usbserial-576B0005451,"RX,182795,R35,TXE,N61,58,125382,E,0,0.87,0.84,5,U,-51,10.00"
2026-07-09T13:56:55.814+00:00,/dev/cu.usbserial-576B0005451,"RX,182903,R35,TXI,N121,29,125481,G,1,0.93,0.90,5,U,-56,10.00"
2026-07-09T13:56:55.956+00:00,/dev/cu.usbserial-576B0005451,"RX,183045,R35,TXA,N01,123,125627,D,1,0.24,0.22,5,F,-39,9.25"
2026-07-09T13:56:56.097+00:00,/dev/cu.usbserial-576B0005451,"RX,183186,R35,TXK,N151,62,125764,E,1,0.87,0.84,5,U,-59,9.50"
2026-07-09T13:56:56.956+00:00,/dev/cu.usbserial-576B0005451,"RX,184045,R35,TXA,N01,124,126627,E,1,0.87,0.84,5,F,-39,9.50"
2026-07-09T13:56:57.223+00:00,/dev/cu.usbserial-576B0005451,"RX,184312,R35,TXB,N16,61,126893,C,0,0.81,0.78,5,U,-50,10.00"
2026-07-09T13:56:57.707+00:00,/dev/cu.usbserial-576B0005451,"RX,184795,R35,TXE,N61,59,127382,G,1,0.93,0.90,5,U,-51,9.75"
2026-07-09T13:56:57.956+00:00,/dev/cu.usbserial-576B0005451,"RX,185045,R35,TXA,N01,125,127627,F,0,0.28,0.26,5,F,-39,10.00"
2026-07-09T13:56:58.097+00:00,/dev/cu.usbserial-576B0005451,"RX,185186,R35,TXK,N151,63,127764,G,1,0.93,0.90,5,U,-58,9.50"
2026-07-09T13:56:58.455+00:00,/dev/cu.usbserial-576B0005451,"RX,185544,R35,TXF,N76,30,128131,E,1,0.87,0.84,5,U,-54,9.50"
2026-07-09T13:56:58.760+00:00,/dev/cu.usbserial-576B0005451,"RX,185848,R35,TXD,N46,15,128431,G,1,0.93,0.90,5,U,-44,10.00"
2026-07-09T13:56:58.956+00:00,/dev/cu.usbserial-576B0005451,"RX,186045,R35,TXA,N01,126,128627,G,1,0.93,0.90,5,F,-39,9.25"
2026-07-09T13:56:59.223+00:00,/dev/cu.usbserial-576B0005451,"RX,186312,R35,TXB,N16,62,128893,E,1,0.87,0.84,5,U,-50,9.50"
2026-07-09T13:56:59.404+00:00,/dev/cu.usbserial-576B0005451,"RX,186493,R35,TXG,N91,14,129080,G,1,0.93,0.90,5,U,-45,9.25"
2026-07-09T13:56:59.707+00:00,/dev/cu.usbserial-576B0005451,"RX,186795,R35,TXE,N61,60,129382,A,1,0.75,0.72,5,U,-51,9.50"
2026-07-09T13:56:59.956+00:00,/dev/cu.usbserial-576B0005451,"RX,187045,R35,TXA,N01,127,129627,H,1,0.32,0.30,5,F,-39,9.75"
2026-07-09T13:57:00.097+00:00,/dev/cu.usbserial-576B0005451,"RX,187186,R35,TXK,N151,64,129764,A,1,0.75,0.72,5,U,-59,9.25"
2026-07-09T13:57:00.455+00:00,/dev/cu.usbserial-576B0005451,"RX,187544,R35,TXF,N76,31,130131,G,1,0.93,0.90,5,U,-54,9.50"
2026-07-09T13:57:00.613+00:00,/dev/cu.usbserial-576B0005451,"RX,187702,R35,TXJ,N136,14,130280,G,1,0.93,0.90,5,U,-49,9.75"
2026-07-09T13:57:00.709+00:00,/dev/cu.usbserial-576B0005451,"RX,187798,R35,TXC,N31,30,130381,E,1,0.87,0.84,5,U,-41,9.75"
2026-07-09T13:57:00.956+00:00,/dev/cu.usbserial-576B0005451,"RX,188045,R35,TXA,N01,128,130627,A,1,0.75,0.72,5,F,-39,9.75"
2026-07-09T13:57:01.223+00:00,/dev/cu.usbserial-576B0005451,"RX,188312,R35,TXB,N16,63,130893,G,1,0.93,0.90,5,U,-50,10.00"
2026-07-09T13:57:01.707+00:00,/dev/cu.usbserial-576B0005451,"RX,188795,R35,TXE,N61,61,131382,C,0,0.81,0.78,5,U,-51,10.25"
2026-07-09T13:57:01.814+00:00,/dev/cu.usbserial-576B0005451,"RX,188903,R35,TXI,N121,30,131481,E,1,0.87,0.84,5,U,-56,9.75"
2026-07-09T13:57:01.956+00:00,/dev/cu.usbserial-576B0005451,"RX,189045,R35,TXA,N01,129,131627,B,0,0.20,0.18,5,F,-40,9.50"
2026-07-09T13:57:02.097+00:00,/dev/cu.usbserial-576B0005451,"RX,189186,R35,TXK,N151,65,131764,C,1,0.81,0.78,5,U,-58,9.00"
2026-07-09T13:57:02.709+00:00,/dev/cu.usbserial-576B0005451,"RX,189798,R35,TXC,N31,31,132381,G,1,0.93,0.90,5,U,-40,9.75"
2026-07-09T13:57:02.956+00:00,/dev/cu.usbserial-576B0005451,"RX,190045,R35,TXA,N01,130,132627,C,1,0.81,0.78,5,F,-39,9.75"
2026-07-09T13:57:03.223+00:00,/dev/cu.usbserial-576B0005451,"RX,190312,R35,TXB,N16,64,132893,A,1,0.75,0.72,5,U,-50,9.25"
2026-07-09T13:57:03.707+00:00,/dev/cu.usbserial-576B0005451,"RX,190795,R35,TXE,N61,62,133382,E,1,0.87,0.84,5,U,-51,9.50"
2026-07-09T13:57:03.814+00:00,/dev/cu.usbserial-576B0005451,"RX,190903,R35,TXI,N121,31,133481,G,1,0.93,0.90,5,U,-57,10.00"
2026-07-09T13:57:03.956+00:00,/dev/cu.usbserial-576B0005451,"RX,191045,R35,TXA,N01,131,133627,D,1,0.24,0.22,5,F,-39,9.75"
2026-07-09T13:57:04.097+00:00,/dev/cu.usbserial-576B0005451,"RX,191186,R35,TXK,N151,66,133764,E,0,0.87,0.84,5,U,-58,9.50"
2026-07-09T13:57:04.956+00:00,/dev/cu.usbserial-576B0005451,"RX,192045,R35,TXA,N01,132,134627,E,0,0.87,0.84,5,F,-39,9.50"
2026-07-09T13:57:05.223+00:00,/dev/cu.usbserial-576B0005451,"RX,192312,R35,TXB,N16,65,134893,C,1,0.81,0.78,5,U,-50,9.50"
2026-07-09T13:57:05.707+00:00,/dev/cu.usbserial-576B0005451,"RX,192795,R35,TXE,N61,63,135382,G,1,0.93,0.90,5,U,-52,10.25"
2026-07-09T13:57:05.956+00:00,/dev/cu.usbserial-576B0005451,"RX,193045,R35,TXA,N01,133,135627,F,1,0.28,0.26,5,F,-39,9.75"
2026-07-09T13:57:06.067+00:00,/dev/cu.usbserial-576B0005451,"RX,193156,R35,TXH,N106,8,135743,G,1,0.93,0.90,5,U,-42,6.50"
2026-07-09T13:57:06.249+00:00,/dev/cu.usbserial-576B0005451,"RX,193338,R35,TXL,N166,8,135917,G,1,0.93,0.90,5,U,-50,9.50"
2026-07-09T13:57:06.455+00:00,/dev/cu.usbserial-576B0005451,"RX,193544,R35,TXF,N76,32,136131,E,0,0.87,0.84,5,U,-54,9.50"
2026-07-09T13:57:06.760+00:00,/dev/cu.usbserial-576B0005451,"RX,193848,R35,TXD,N46,16,136431,G,1,0.93,0.90,5,U,-43,9.75"
2026-07-09T13:57:06.956+00:00,/dev/cu.usbserial-576B0005451,"RX,194045,R35,TXA,N01,134,136627,G,1,0.93,0.90,5,F,-39,10.00"
2026-07-09T13:57:07.223+00:00,/dev/cu.usbserial-576B0005451,"RX,194312,R35,TXB,N16,66,136893,E,0,0.87,0.84,5,U,-50,9.50"
2026-07-09T13:57:07.404+00:00,/dev/cu.usbserial-576B0005451,"RX,194493,R35,TXG,N91,15,137080,G,1,0.93,0.90,5,U,-46,9.50"
2026-07-09T13:57:07.707+00:00,/dev/cu.usbserial-576B0005451,"RX,194795,R35,TXE,N61,64,137382,A,1,0.75,0.72,5,U,-52,9.75"
2026-07-09T13:57:07.956+00:00,/dev/cu.usbserial-576B0005451,"RX,195045,R35,TXA,N01,135,137627,H,0,0.32,0.30,5,F,-39,9.25"
2026-07-09T13:57:08.097+00:00,/dev/cu.usbserial-576B0005451,"RX,195186,R35,TXK,N151,68,137764,A,1,0.75,0.72,5,U,-58,9.50"
2026-07-09T13:57:08.455+00:00,/dev/cu.usbserial-576B0005451,"RX,195544,R35,TXF,N76,33,138131,G,1,0.93,0.90,5,U,-54,9.50"
2026-07-09T13:57:08.613+00:00,/dev/cu.usbserial-576B0005451,"RX,195702,R35,TXJ,N136,15,138280,G,1,0.93,0.90,5,U,-49,9.25"
2026-07-09T13:57:08.709+00:00,/dev/cu.usbserial-576B0005451,"RX,195798,R35,TXC,N31,32,138381,E,0,0.87,0.84,5,U,-40,10.00"
2026-07-09T13:57:08.956+00:00,/dev/cu.usbserial-576B0005451,"RX,196045,R35,TXA,N01,136,138627,A,1,0.75,0.72,5,F,-39,10.00"
2026-07-09T13:57:09.223+00:00,/dev/cu.usbserial-576B0005451,"RX,196312,R35,TXB,N16,67,138893,G,1,0.93,0.90,5,U,-50,9.50"
2026-07-09T13:57:09.707+00:00,/dev/cu.usbserial-576B0005451,"RX,196795,R35,TXE,N61,65,139382,C,1,0.81,0.78,5,U,-51,9.50"
2026-07-09T13:57:09.814+00:00,/dev/cu.usbserial-576B0005451,"RX,196903,R35,TXI,N121,32,139481,E,0,0.87,0.84,5,U,-56,10.00"
2026-07-09T13:57:10.097+00:00,/dev/cu.usbserial-576B0005451,"RX,197186,R35,TXK,N151,69,139764,C,0,0.81,0.78,5,U,-58,9.75"
2026-07-09T13:57:10.709+00:00,/dev/cu.usbserial-576B0005451,"RX,197798,R35,TXC,N31,33,140381,G,1,0.93,0.90,5,U,-40,9.50"
2026-07-09T13:57:10.956+00:00,/dev/cu.usbserial-576B0005451,"RX,198045,R35,TXA,N01,138,140627,C,0,0.81,0.78,5,F,-39,9.75"
2026-07-09T13:57:11.223+00:00,/dev/cu.usbserial-576B0005451,"RX,198312,R35,TXB,N16,68,140893,A,1,0.75,0.72,5,U,-51,9.75"
2026-07-09T13:57:11.707+00:00,/dev/cu.usbserial-576B0005451,"RX,198795,R35,TXE,N61,66,141382,E,0,0.87,0.84,5,U,-51,10.00"
2026-07-09T13:57:11.814+00:00,/dev/cu.usbserial-576B0005451,"RX,198903,R35,TXI,N121,33,141481,G,1,0.93,0.90,5,U,-57,9.75"
2026-07-09T13:57:11.956+00:00,/dev/cu.usbserial-576B0005451,"RX,199045,R35,TXA,N01,139,141627,D,1,0.24,0.22,5,F,-40,9.75"
2026-07-09T13:57:12.097+00:00,/dev/cu.usbserial-576B0005451,"RX,199186,R35,TXK,N151,70,141764,E,1,0.87,0.84,5,U,-58,9.75"
2026-07-09T13:57:12.956+00:00,/dev/cu.usbserial-576B0005451,"RX,200045,R35,TXA,N01,140,142627,E,1,0.87,0.84,5,F,-39,9.25"
2026-07-09T13:57:13.223+00:00,/dev/cu.usbserial-576B0005451,"RX,200312,R35,TXB,N16,69,142893,C,0,0.81,0.78,5,U,-50,9.25"
2026-07-09T13:57:13.707+00:00,/dev/cu.usbserial-576B0005451,"RX,200795,R35,TXE,N61,67,143382,G,1,0.93,0.90,5,U,-51,9.75"
2026-07-09T13:57:13.956+00:00,/dev/cu.usbserial-576B0005451,"RX,201045,R35,TXA,N01,141,143627,F,0,0.28,0.26,5,F,-40,9.75"
2026-07-09T13:57:14.067+00:00,/dev/cu.usbserial-576B0005451,"RX,201156,R35,TXH,N106,9,143743,G,1,0.93,0.90,5,U,-42,7.25"
2026-07-09T13:57:14.249+00:00,/dev/cu.usbserial-576B0005451,"RX,201338,R35,TXL,N166,9,143917,G,1,0.93,0.90,5,U,-50,9.50"
2026-07-09T13:57:14.455+00:00,/dev/cu.usbserial-576B0005451,"RX,201544,R35,TXF,N76,34,144131,E,1,0.87,0.84,5,U,-54,9.75"
2026-07-09T13:57:14.760+00:00,/dev/cu.usbserial-576B0005451,"RX,201848,R35,TXD,N46,17,144431,G,1,0.93,0.90,5,U,-43,10.25"
2026-07-09T13:57:14.956+00:00,/dev/cu.usbserial-576B0005451,"RX,202045,R35,TXA,N01,142,144627,G,1,0.93,0.90,5,F,-39,9.00"
2026-07-09T13:57:15.223+00:00,/dev/cu.usbserial-576B0005451,"RX,202312,R35,TXB,N16,70,144893,E,1,0.87,0.84,5,U,-50,9.50"
2026-07-09T13:57:15.404+00:00,/dev/cu.usbserial-576B0005451,"RX,202493,R35,TXG,N91,16,145080,G,1,0.93,0.90,5,U,-45,9.75"
2026-07-09T13:57:15.707+00:00,/dev/cu.usbserial-576B0005451,"RX,202795,R35,TXE,N61,68,145382,A,1,0.75,0.72,5,U,-51,9.50"
2026-07-09T13:57:15.956+00:00,/dev/cu.usbserial-576B0005451,"RX,203045,R35,TXA,N01,143,145627,H,1,0.32,0.30,5,F,-39,9.75"
2026-07-09T13:57:16.097+00:00,/dev/cu.usbserial-576B0005451,"RX,203186,R35,TXK,N151,72,145764,A,0,0.75,0.72,5,U,-59,9.50"
2026-07-09T13:57:16.455+00:00,/dev/cu.usbserial-576B0005451,"RX,203544,R35,TXF,N76,35,146131,G,1,0.93,0.90,5,U,-54,9.50"
2026-07-09T13:57:16.613+00:00,/dev/cu.usbserial-576B0005451,"RX,203702,R35,TXJ,N136,16,146280,G,1,0.93,0.90,5,U,-49,9.50"
2026-07-09T13:57:16.709+00:00,/dev/cu.usbserial-576B0005451,"RX,203798,R35,TXC,N31,34,146381,E,1,0.87,0.84,5,U,-40,9.25"
2026-07-09T13:57:16.956+00:00,/dev/cu.usbserial-576B0005451,"RX,204045,R35,TXA,N01,144,146627,A,0,0.75,0.72,5,F,-39,9.75"
2026-07-09T13:57:17.223+00:00,/dev/cu.usbserial-576B0005451,"RX,204312,R35,TXB,N16,71,146893,G,1,0.93,0.90,5,U,-50,9.75"
2026-07-09T13:57:17.707+00:00,/dev/cu.usbserial-576B0005451,"RX,204795,R35,TXE,N61,69,147382,C,0,0.81,0.78,5,U,-51,9.75"
2026-07-09T13:57:17.814+00:00,/dev/cu.usbserial-576B0005451,"RX,204903,R35,TXI,N121,34,147481,E,1,0.87,0.84,5,U,-57,10.00"
2026-07-09T13:57:17.956+00:00,/dev/cu.usbserial-576B0005451,"RX,205045,R35,TXA,N01,145,147627,B,1,0.20,0.18,5,F,-39,9.50"
2026-07-09T13:57:18.097+00:00,/dev/cu.usbserial-576B0005451,"RX,205186,R35,TXK,N151,73,147764,C,1,0.81,0.78,5,U,-58,9.00"
2026-07-09T13:57:18.709+00:00,/dev/cu.usbserial-576B0005451,"RX,205798,R35,TXC,N31,35,148381,G,1,0.93,0.90,5,U,-40,9.75"
2026-07-09T13:57:18.956+00:00,/dev/cu.usbserial-576B0005451,"RX,206045,R35,TXA,N01,146,148627,C,1,0.81,0.78,5,F,-39,9.50"
2026-07-09T13:57:19.223+00:00,/dev/cu.usbserial-576B0005451,"RX,206312,R35,TXB,N16,72,148893,A,0,0.75,0.72,5,U,-50,10.00"
2026-07-09T13:57:19.707+00:00,/dev/cu.usbserial-576B0005451,"RX,206795,R35,TXE,N61,70,149382,E,1,0.87,0.84,5,U,-51,10.25"
2026-07-09T13:57:19.814+00:00,/dev/cu.usbserial-576B0005451,"RX,206903,R35,TXI,N121,35,149481,G,1,0.93,0.90,5,U,-57,9.50"
2026-07-09T13:57:19.956+00:00,/dev/cu.usbserial-576B0005451,"RX,207045,R35,TXA,N01,147,149627,D,0,0.24,0.22,5,F,-39,9.50"
2026-07-09T13:57:20.097+00:00,/dev/cu.usbserial-576B0005451,"RX,207186,R35,TXK,N151,74,149764,E,1,0.87,0.84,5,U,-59,9.25"
2026-07-09T13:57:20.956+00:00,/dev/cu.usbserial-576B0005451,"RX,208045,R35,TXA,N01,148,150627,E,1,0.87,0.84,5,F,-40,9.25"
2026-07-09T13:57:21.223+00:00,/dev/cu.usbserial-576B0005451,"RX,208312,R35,TXB,N16,73,150893,C,1,0.81,0.78,5,U,-51,9.50"
2026-07-09T13:57:21.707+00:00,/dev/cu.usbserial-576B0005451,"RX,208795,R35,TXE,N61,71,151382,G,1,0.93,0.90,5,U,-51,9.75"
2026-07-09T13:57:21.956+00:00,/dev/cu.usbserial-576B0005451,"RX,209045,R35,TXA,N01,149,151627,F,1,0.28,0.26,5,F,-39,9.75"
2026-07-09T13:57:22.067+00:00,/dev/cu.usbserial-576B0005451,"RX,209156,R35,TXH,N106,10,151743,G,0,0.93,0.90,5,U,-42,7.00"
2026-07-09T13:57:22.250+00:00,/dev/cu.usbserial-576B0005451,"RX,209338,R35,TXL,N166,10,151917,G,0,0.93,0.90,5,U,-50,9.50"
2026-07-09T13:57:22.455+00:00,/dev/cu.usbserial-576B0005451,"RX,209544,R35,TXF,N76,36,152131,E,1,0.87,0.84,5,U,-54,10.50"
2026-07-09T13:57:22.760+00:00,/dev/cu.usbserial-576B0005451,"RX,209848,R35,TXD,N46,18,152431,G,0,0.93,0.90,5,U,-43,10.25"
2026-07-09T13:57:22.956+00:00,/dev/cu.usbserial-576B0005451,"RX,210045,R35,TXA,N01,150,152627,G,0,0.93,0.90,5,F,-39,9.50"
2026-07-09T13:57:23.223+00:00,/dev/cu.usbserial-576B0005451,"RX,210312,R35,TXB,N16,74,152893,E,1,0.87,0.84,5,U,-50,9.25"
2026-07-09T13:57:23.404+00:00,/dev/cu.usbserial-576B0005451,"RX,210493,R35,TXG,N91,17,153080,G,1,0.93,0.90,5,U,-45,9.50"
2026-07-09T13:57:23.707+00:00,/dev/cu.usbserial-576B0005451,"RX,210795,R35,TXE,N61,72,153382,A,0,0.75,0.72,5,U,-51,9.75"
2026-07-09T13:57:23.957+00:00,/dev/cu.usbserial-576B0005451,"RX,211045,R35,TXA,N01,151,153627,H,1,0.32,0.30,5,F,-39,9.50"
2026-07-09T13:57:24.097+00:00,/dev/cu.usbserial-576B0005451,"RX,211186,R35,TXK,N151,76,153764,A,1,0.75,0.72,5,U,-58,9.00"
2026-07-09T13:57:24.455+00:00,/dev/cu.usbserial-576B0005451,"RX,211544,R35,TXF,N76,37,154131,G,0,0.93,0.90,5,U,-54,9.75"
2026-07-09T13:57:24.614+00:00,/dev/cu.usbserial-576B0005451,"RX,211702,R35,TXJ,N136,17,154280,G,1,0.93,0.90,5,U,-49,9.50"
2026-07-09T13:57:24.709+00:00,/dev/cu.usbserial-576B0005451,"RX,211798,R35,TXC,N31,36,154381,E,1,0.87,0.84,5,U,-40,9.75"
2026-07-09T13:57:24.956+00:00,/dev/cu.usbserial-576B0005451,"RX,212045,R35,TXA,N01,152,154627,A,1,0.75,0.72,5,F,-39,9.75"
2026-07-09T13:57:25.223+00:00,/dev/cu.usbserial-576B0005451,"RX,212312,R35,TXB,N16,75,154893,G,0,0.93,0.90,5,U,-50,9.75"
2026-07-09T13:57:25.706+00:00,/dev/cu.usbserial-576B0005451,"RX,212795,R35,TXE,N61,73,155382,C,1,0.81,0.78,5,U,-51,11.00"
2026-07-09T13:57:25.814+00:00,/dev/cu.usbserial-576B0005451,"RX,212903,R35,TXI,N121,36,155481,E,1,0.87,0.84,5,U,-57,9.75"
2026-07-09T13:57:26.097+00:00,/dev/cu.usbserial-576B0005451,"RX,213186,R35,TXK,N151,77,155764,C,1,0.81,0.78,5,U,-59,9.50"
2026-07-09T13:57:26.709+00:00,/dev/cu.usbserial-576B0005451,"RX,213798,R35,TXC,N31,37,156381,G,0,0.93,0.90,5,U,-40,9.50"
2026-07-09T13:57:26.956+00:00,/dev/cu.usbserial-576B0005451,"RX,214045,R35,TXA,N01,154,156627,C,1,0.81,0.78,5,F,-39,10.00"
2026-07-09T13:57:27.223+00:00,/dev/cu.usbserial-576B0005451,"RX,214312,R35,TXB,N16,76,156893,A,1,0.75,0.72,5,U,-51,9.25"
2026-07-09T13:57:27.707+00:00,/dev/cu.usbserial-576B0005451,"RX,214795,R35,TXE,N61,74,157382,E,1,0.87,0.84,5,U,-51,9.75"
2026-07-09T13:57:27.814+00:00,/dev/cu.usbserial-576B0005451,"RX,214903,R35,TXI,N121,37,157481,G,0,0.93,0.90,5,U,-57,9.50"
2026-07-09T13:57:27.956+00:00,/dev/cu.usbserial-576B0005451,"RX,215045,R35,TXA,N01,155,157627,D,1,0.24,0.22,5,F,-39,9.75"
2026-07-09T13:57:28.097+00:00,/dev/cu.usbserial-576B0005451,"RX,215186,R35,TXK,N151,78,157764,E,0,0.87,0.84,5,U,-59,9.50"
2026-07-09T13:57:28.956+00:00,/dev/cu.usbserial-576B0005451,"RX,216045,R35,TXA,N01,156,158627,E,0,0.87,0.84,5,F,-39,9.75"
2026-07-09T13:57:29.223+00:00,/dev/cu.usbserial-576B0005451,"RX,216312,R35,TXB,N16,77,158893,C,1,0.81,0.78,5,U,-50,9.50"
2026-07-09T13:57:29.707+00:00,/dev/cu.usbserial-576B0005451,"RX,216795,R35,TXE,N61,75,159382,G,0,0.93,0.90,5,U,-51,9.25"
2026-07-09T13:57:29.957+00:00,/dev/cu.usbserial-576B0005451,"RX,217045,R35,TXA,N01,157,159627,F,1,0.28,0.26,5,F,-39,9.50"
2026-07-09T13:57:30.067+00:00,/dev/cu.usbserial-576B0005451,"RX,217156,R35,TXH,N106,11,159743,G,1,0.93,0.90,5,U,-42,7.50"
2026-07-09T13:57:30.250+00:00,/dev/cu.usbserial-576B0005451,"RX,217338,R35,TXL,N166,11,159917,G,1,0.93,0.90,5,U,-50,9.00"
2026-07-09T13:57:30.457+00:00,/dev/cu.usbserial-576B0005451,"RX,217544,R35,TXF,N76,38,160131,E,0,0.87,0.84,5,U,-55,10.00"
2026-07-09T13:57:30.759+00:00,/dev/cu.usbserial-576B0005451,"RX,217848,R35,TXD,N46,19,160431,G,1,0.93,0.90,5,U,-44,9.25"
2026-07-09T13:57:30.956+00:00,/dev/cu.usbserial-576B0005451,"RX,218045,R35,TXA,N01,158,160627,G,1,0.93,0.90,5,F,-39,9.25"
2026-07-09T13:57:31.223+00:00,/dev/cu.usbserial-576B0005451,"RX,218312,R35,TXB,N16,78,160893,E,0,0.87,0.84,5,U,-50,9.25"
2026-07-09T13:57:31.404+00:00,/dev/cu.usbserial-576B0005451,"RX,218493,R35,TXG,N91,18,161080,G,0,0.93,0.90,5,U,-45,9.25"
2026-07-09T13:57:31.707+00:00,/dev/cu.usbserial-576B0005451,"RX,218795,R35,TXE,N61,76,161382,A,1,0.75,0.72,5,U,-51,9.50"
2026-07-09T13:57:31.957+00:00,/dev/cu.usbserial-576B0005451,"RX,219045,R35,TXA,N01,159,161627,H,0,0.32,0.30,5,F,-39,9.75"
2026-07-09T13:57:32.097+00:00,/dev/cu.usbserial-576B0005451,"RX,219186,R35,TXK,N151,80,161764,A,1,0.75,0.72,5,U,-58,9.25"
2026-07-09T13:57:32.455+00:00,/dev/cu.usbserial-576B0005451,"RX,219544,R35,TXF,N76,39,162131,G,1,0.93,0.90,5,U,-54,9.75"
2026-07-09T13:57:32.613+00:00,/dev/cu.usbserial-576B0005451,"RX,219702,R35,TXJ,N136,18,162280,G,0,0.93,0.90,5,U,-48,9.75"
2026-07-09T13:57:32.709+00:00,/dev/cu.usbserial-576B0005451,"RX,219798,R35,TXC,N31,38,162381,E,0,0.87,0.84,5,U,-40,9.75"
2026-07-09T13:57:32.956+00:00,/dev/cu.usbserial-576B0005451,"RX,220045,R35,TXA,N01,160,162627,A,1,0.75,0.72,5,F,-39,9.75"
2026-07-09T13:57:33.223+00:00,/dev/cu.usbserial-576B0005451,"RX,220312,R35,TXB,N16,79,162893,G,1,0.93,0.90,5,U,-49,9.75"
2026-07-09T13:57:33.707+00:00,/dev/cu.usbserial-576B0005451,"RX,220795,R35,TXE,N61,77,163382,C,1,0.81,0.78,5,U,-51,10.25"
2026-07-09T13:57:33.814+00:00,/dev/cu.usbserial-576B0005451,"RX,220903,R35,TXI,N121,38,163481,E,0,0.87,0.84,5,U,-57,9.75"
2026-07-09T13:57:33.956+00:00,/dev/cu.usbserial-576B0005451,"RX,221045,R35,TXA,N01,161,163627,B,1,0.20,0.18,5,F,-39,9.75"
2026-07-09T13:57:34.097+00:00,/dev/cu.usbserial-576B0005451,"RX,221186,R35,TXK,N151,81,163764,C,0,0.81,0.78,5,U,-58,10.00"
2026-07-09T13:57:34.709+00:00,/dev/cu.usbserial-576B0005451,"RX,221798,R35,TXC,N31,39,164381,G,1,0.93,0.90,5,U,-40,10.00"
2026-07-09T13:57:34.956+00:00,/dev/cu.usbserial-576B0005451,"RX,222045,R35,TXA,N01,162,164627,C,0,0.81,0.78,5,F,-39,9.25"
2026-07-09T13:57:35.223+00:00,/dev/cu.usbserial-576B0005451,"RX,222312,R35,TXB,N16,80,164893,A,1,0.75,0.72,5,U,-50,9.50"
2026-07-09T13:57:35.707+00:00,/dev/cu.usbserial-576B0005451,"RX,222795,R35,TXE,N61,78,165382,E,0,0.87,0.84,5,U,-51,10.75"
2026-07-09T13:57:35.814+00:00,/dev/cu.usbserial-576B0005451,"RX,222903,R35,TXI,N121,39,165481,G,1,0.93,0.90,5,U,-57,9.75"
2026-07-09T13:57:35.956+00:00,/dev/cu.usbserial-576B0005451,"RX,223045,R35,TXA,N01,163,165627,D,1,0.24,0.22,5,F,-39,10.00"
2026-07-09T13:57:36.097+00:00,/dev/cu.usbserial-576B0005451,"RX,223186,R35,TXK,N151,82,165764,E,1,0.87,0.84,5,U,-58,9.75"
2026-07-09T13:57:36.959+00:00,/dev/cu.usbserial-576B0005451,"RX,224045,R35,TXA,N01,164,166627,E,1,0.87,0.84,5,F,-39,9.25"
2026-07-09T13:57:37.223+00:00,/dev/cu.usbserial-576B0005451,"RX,224312,R35,TXB,N16,81,166893,C,0,0.81,0.78,5,U,-50,9.75"
2026-07-09T13:57:37.707+00:00,/dev/cu.usbserial-576B0005451,"RX,224795,R35,TXE,N61,79,167382,G,1,0.93,0.90,5,U,-51,12.00"
2026-07-09T13:57:37.956+00:00,/dev/cu.usbserial-576B0005451,"RX,225045,R35,TXA,N01,165,167627,F,0,0.28,0.26,5,F,-39,10.00"
2026-07-09T13:57:38.097+00:00,/dev/cu.usbserial-576B0005451,"RX,225186,R35,TXK,N151,83,167764,G,1,0.93,0.90,5,U,-58,9.75"
2026-07-09T13:57:38.455+00:00,/dev/cu.usbserial-576B0005451,"RX,225544,R35,TXF,N76,40,168131,E,1,0.87,0.84,5,U,-54,9.50"
2026-07-09T13:57:38.760+00:00,/dev/cu.usbserial-576B0005451,"RX,225848,R35,TXD,N46,20,168431,G,1,0.93,0.90,5,U,-44,9.50"
2026-07-09T13:57:38.956+00:00,/dev/cu.usbserial-576B0005451,"RX,226045,R35,TXA,N01,166,168627,G,1,0.93,0.90,5,F,-39,9.75"
2026-07-09T13:57:39.223+00:00,/dev/cu.usbserial-576B0005451,"RX,226312,R35,TXB,N16,82,168893,E,1,0.87,0.84,5,U,-50,9.50"
2026-07-09T13:57:39.404+00:00,/dev/cu.usbserial-576B0005451,"RX,226493,R35,TXG,N91,19,169080,G,1,0.93,0.90,5,U,-46,9.75"
2026-07-09T13:57:39.707+00:00,/dev/cu.usbserial-576B0005451,"RX,226795,R35,TXE,N61,80,169382,A,1,0.75,0.72,5,U,-51,9.50"
2026-07-09T13:57:39.956+00:00,/dev/cu.usbserial-576B0005451,"RX,227045,R35,TXA,N01,167,169627,H,1,0.32,0.30,5,F,-39,9.50"
2026-07-09T13:57:40.097+00:00,/dev/cu.usbserial-576B0005451,"RX,227186,R35,TXK,N151,84,169764,A,0,0.75,0.72,5,U,-58,9.75"
2026-07-09T13:57:40.455+00:00,/dev/cu.usbserial-576B0005451,"RX,227544,R35,TXF,N76,41,170131,G,1,0.93,0.90,5,U,-55,9.25"
2026-07-09T13:57:40.613+00:00,/dev/cu.usbserial-576B0005451,"RX,227702,R35,TXJ,N136,19,170280,G,1,0.93,0.90,5,U,-48,10.00"
2026-07-09T13:57:40.709+00:00,/dev/cu.usbserial-576B0005451,"RX,227798,R35,TXC,N31,40,170381,E,1,0.87,0.84,5,U,-40,10.25"
2026-07-09T13:57:40.956+00:00,/dev/cu.usbserial-576B0005451,"RX,228045,R35,TXA,N01,168,170627,A,0,0.75,0.72,5,F,-39,9.75"
2026-07-09T13:57:41.223+00:00,/dev/cu.usbserial-576B0005451,"RX,228312,R35,TXB,N16,83,170893,G,1,0.93,0.90,5,U,-51,9.75"
2026-07-09T13:57:41.707+00:00,/dev/cu.usbserial-576B0005451,"RX,228795,R35,TXE,N61,81,171382,C,0,0.81,0.78,5,U,-51,10.00"
2026-07-09T13:57:41.814+00:00,/dev/cu.usbserial-576B0005451,"RX,228903,R35,TXI,N121,40,171481,E,1,0.87,0.84,5,U,-57,10.00"
2026-07-09T13:57:41.956+00:00,/dev/cu.usbserial-576B0005451,"RX,229045,R35,TXA,N01,169,171627,B,1,0.20,0.18,5,F,-39,9.50"
2026-07-09T13:57:42.097+00:00,/dev/cu.usbserial-576B0005451,"RX,229186,R35,TXK,N151,85,171764,C,1,0.81,0.78,5,U,-58,9.50"
2026-07-09T13:57:42.709+00:00,/dev/cu.usbserial-576B0005451,"RX,229798,R35,TXC,N31,41,172381,G,1,0.93,0.90,5,U,-40,9.75"
2026-07-09T13:57:42.957+00:00,/dev/cu.usbserial-576B0005451,"RX,230045,R35,TXA,N01,170,172627,C,1,0.81,0.78,5,F,-39,11.00"
2026-07-09T13:57:43.223+00:00,/dev/cu.usbserial-576B0005451,"RX,230312,R35,TXB,N16,84,172893,A,0,0.75,0.72,5,U,-51,9.50"
2026-07-09T13:57:43.707+00:00,/dev/cu.usbserial-576B0005451,"RX,230795,R35,TXE,N61,82,173382,E,1,0.87,0.84,5,U,-51,12.75"
2026-07-09T13:57:43.956+00:00,/dev/cu.usbserial-576B0005451,"RX,231045,R35,TXA,N01,171,173627,D,0,0.24,0.22,5,F,-39,10.00"
2026-07-09T13:57:44.097+00:00,/dev/cu.usbserial-576B0005451,"RX,231186,R35,TXK,N151,86,173764,E,1,0.87,0.84,5,U,-58,9.50"
2026-07-09T13:57:44.957+00:00,/dev/cu.usbserial-576B0005451,"RX,232045,R35,TXA,N01,172,174627,E,1,0.87,0.84,5,F,-39,9.75"
2026-07-09T13:57:45.223+00:00,/dev/cu.usbserial-576B0005451,"RX,232312,R35,TXB,N16,85,174893,C,1,0.81,0.78,5,U,-50,9.75"
2026-07-09T13:57:45.707+00:00,/dev/cu.usbserial-576B0005451,"RX,232795,R35,TXE,N61,83,175382,G,1,0.93,0.90,5,U,-51,10.00"
2026-07-09T13:57:45.956+00:00,/dev/cu.usbserial-576B0005451,"RX,233045,R35,TXA,N01,173,175627,F,1,0.28,0.26,5,F,-39,9.50"
2026-07-09T13:57:46.097+00:00,/dev/cu.usbserial-576B0005451,"RX,233186,R35,TXK,N151,87,175764,G,0,0.93,0.90,5,U,-58,9.75"
2026-07-09T13:57:46.455+00:00,/dev/cu.usbserial-576B0005451,"RX,233544,R35,TXF,N76,42,176131,E,1,0.87,0.84,5,U,-53,9.75"
2026-07-09T13:57:46.760+00:00,/dev/cu.usbserial-576B0005451,"RX,233848,R35,TXD,N46,21,176431,G,0,0.93,0.90,5,U,-43,9.75"
2026-07-09T13:57:46.956+00:00,/dev/cu.usbserial-576B0005451,"RX,234045,R35,TXA,N01,174,176627,G,0,0.93,0.90,5,F,-39,9.75"
2026-07-09T13:57:47.223+00:00,/dev/cu.usbserial-576B0005451,"RX,234312,R35,TXB,N16,86,176893,E,1,0.87,0.84,5,U,-50,9.75"
2026-07-09T13:57:47.404+00:00,/dev/cu.usbserial-576B0005451,"RX,234493,R35,TXG,N91,20,177080,G,1,0.93,0.90,5,U,-45,9.75"
2026-07-09T13:57:47.707+00:00,/dev/cu.usbserial-576B0005451,"RX,234795,R35,TXE,N61,84,177382,A,0,0.75,0.72,5,U,-51,9.75"
2026-07-09T13:57:47.956+00:00,/dev/cu.usbserial-576B0005451,"RX,235045,R35,TXA,N01,175,177627,H,1,0.32,0.30,5,F,-39,9.50"
2026-07-09T13:57:48.097+00:00,/dev/cu.usbserial-576B0005451,"RX,235186,R35,TXK,N151,88,177764,A,1,0.75,0.72,5,U,-58,9.75"
2026-07-09T13:57:48.455+00:00,/dev/cu.usbserial-576B0005451,"RX,235544,R35,TXF,N76,43,178131,G,0,0.93,0.90,5,U,-55,9.50"
2026-07-09T13:57:48.613+00:00,/dev/cu.usbserial-576B0005451,"RX,235702,R35,TXJ,N136,20,178280,G,1,0.93,0.90,5,U,-48,9.75"
2026-07-09T13:57:48.709+00:00,/dev/cu.usbserial-576B0005451,"RX,235798,R35,TXC,N31,42,178381,E,1,0.87,0.84,5,U,-40,9.75"
2026-07-09T13:57:48.956+00:00,/dev/cu.usbserial-576B0005451,"RX,236045,R35,TXA,N01,176,178627,A,1,0.75,0.72,5,F,-39,9.50"
2026-07-09T13:57:49.223+00:00,/dev/cu.usbserial-576B0005451,"RX,236312,R35,TXB,N16,87,178893,G,0,0.93,0.90,5,U,-51,9.25"
2026-07-09T13:57:49.707+00:00,/dev/cu.usbserial-576B0005451,"RX,236795,R35,TXE,N61,85,179382,C,1,0.81,0.78,5,U,-51,9.50"
2026-07-09T13:57:49.814+00:00,/dev/cu.usbserial-576B0005451,"RX,236903,R35,TXI,N121,42,179481,E,1,0.87,0.84,5,U,-57,9.75"
2026-07-09T13:57:49.956+00:00,/dev/cu.usbserial-576B0005451,"RX,237045,R35,TXA,N01,177,179627,B,0,0.20,0.18,5,F,-39,9.75"
2026-07-09T13:57:50.097+00:00,/dev/cu.usbserial-576B0005451,"RX,237186,R35,TXK,N151,89,179764,C,1,0.81,0.78,5,U,-59,9.25"
2026-07-09T13:57:50.709+00:00,/dev/cu.usbserial-576B0005451,"RX,237798,R35,TXC,N31,43,180381,G,0,0.93,0.90,5,U,-40,9.50"
2026-07-09T13:57:50.957+00:00,/dev/cu.usbserial-576B0005451,"RX,238045,R35,TXA,N01,178,180627,C,1,0.81,0.78,5,F,-39,10.00"
2026-07-09T13:57:51.223+00:00,/dev/cu.usbserial-576B0005451,"RX,238312,R35,TXB,N16,88,180893,A,1,0.75,0.72,5,U,-50,9.50"
2026-07-09T13:57:51.707+00:00,/dev/cu.usbserial-576B0005451,"RX,238795,R35,TXE,N61,86,181382,E,1,0.87,0.84,5,U,-51,9.50"
2026-07-09T13:57:51.814+00:00,/dev/cu.usbserial-576B0005451,"RX,238903,R35,TXI,N121,43,181481,G,0,0.93,0.90,5,U,-57,9.50"
2026-07-09T13:57:51.956+00:00,/dev/cu.usbserial-576B0005451,"RX,239045,R35,TXA,N01,179,181627,D,1,0.24,0.22,5,F,-39,10.00"
2026-07-09T13:57:52.097+00:00,/dev/cu.usbserial-576B0005451,"RX,239186,R35,TXK,N151,90,181764,E,0,0.87,0.84,5,U,-59,9.25"
2026-07-09T13:57:52.956+00:00,/dev/cu.usbserial-576B0005451,"RX,240045,R35,TXA,N01,180,182627,E,0,0.87,0.84,5,F,-39,9.75"
2026-07-09T13:57:53.223+00:00,/dev/cu.usbserial-576B0005451,"RX,240312,R35,TXB,N16,89,182893,C,1,0.81,0.78,5,U,-51,9.75"
2026-07-09T13:57:53.707+00:00,/dev/cu.usbserial-576B0005451,"RX,240795,R35,TXE,N61,87,183382,G,0,0.93,0.90,5,U,-51,9.50"
2026-07-09T13:57:53.956+00:00,/dev/cu.usbserial-576B0005451,"RX,241045,R35,TXA,N01,181,183627,F,1,0.28,0.26,5,F,-40,9.50"
2026-07-09T13:57:54.097+00:00,/dev/cu.usbserial-576B0005451,"RX,241186,R35,TXK,N151,91,183764,G,1,0.93,0.90,5,U,-58,9.25"
2026-07-09T13:57:54.455+00:00,/dev/cu.usbserial-576B0005451,"RX,241544,R35,TXF,N76,44,184131,E,0,0.87,0.84,5,U,-53,9.50"
2026-07-09T13:57:54.759+00:00,/dev/cu.usbserial-576B0005451,"RX,241848,R35,TXD,N46,22,184431,G,1,0.93,0.90,5,U,-44,9.50"
2026-07-09T13:57:54.956+00:00,/dev/cu.usbserial-576B0005451,"RX,242045,R35,TXA,N01,182,184627,G,1,0.93,0.90,5,F,-39,9.75"
2026-07-09T13:57:55.223+00:00,/dev/cu.usbserial-576B0005451,"RX,242312,R35,TXB,N16,90,184893,E,0,0.87,0.84,5,U,-50,9.75"
2026-07-09T13:57:55.404+00:00,/dev/cu.usbserial-576B0005451,"RX,242493,R35,TXG,N91,21,185080,G,0,0.93,0.90,5,U,-45,10.00"
2026-07-09T13:57:55.707+00:00,/dev/cu.usbserial-576B0005451,"RX,242795,R35,TXE,N61,88,185382,A,1,0.75,0.72,5,U,-51,9.75"
2026-07-09T13:57:55.956+00:00,/dev/cu.usbserial-576B0005451,"RX,243045,R35,TXA,N01,183,185627,H,0,0.32,0.30,5,F,-39,10.00"
2026-07-09T13:57:56.097+00:00,/dev/cu.usbserial-576B0005451,"RX,243186,R35,TXK,N151,92,185764,A,1,0.75,0.72,5,U,-58,9.50"
2026-07-09T13:57:56.455+00:00,/dev/cu.usbserial-576B0005451,"RX,243544,R35,TXF,N76,45,186131,G,1,0.93,0.90,5,U,-54,9.25"
2026-07-09T13:57:56.709+00:00,/dev/cu.usbserial-576B0005451,"RX,243798,R35,TXC,N31,44,186381,E,0,0.87,0.84,5,U,-40,9.50"
2026-07-09T13:57:56.957+00:00,/dev/cu.usbserial-576B0005451,"RX,244045,R35,TXA,N01,184,186627,A,1,0.75,0.72,5,F,-39,9.75"
2026-07-09T13:57:57.223+00:00,/dev/cu.usbserial-576B0005451,"RX,244312,R35,TXB,N16,91,186893,G,1,0.93,0.90,5,U,-50,9.25"
2026-07-09T13:57:57.707+00:00,/dev/cu.usbserial-576B0005451,"RX,244795,R35,TXE,N61,89,187382,C,1,0.81,0.78,5,U,-51,9.75"
2026-07-09T13:57:57.814+00:00,/dev/cu.usbserial-576B0005451,"RX,244903,R35,TXI,N121,44,187481,E,0,0.87,0.84,5,U,-56,9.75"
2026-07-09T13:57:57.956+00:00,/dev/cu.usbserial-576B0005451,"RX,245045,R35,TXA,N01,185,187627,B,1,0.20,0.18,5,F,-39,9.75"
2026-07-09T13:57:58.097+00:00,/dev/cu.usbserial-576B0005451,"RX,245186,R35,TXK,N151,93,187764,C,0,0.81,0.78,5,U,-59,8.75"
2026-07-09T13:57:58.709+00:00,/dev/cu.usbserial-576B0005451,"RX,245798,R35,TXC,N31,45,188381,G,1,0.93,0.90,5,U,-40,9.75"
2026-07-09T13:57:58.956+00:00,/dev/cu.usbserial-576B0005451,"RX,246045,R35,TXA,N01,186,188627,C,0,0.81,0.78,5,F,-39,9.75"
2026-07-09T13:57:59.223+00:00,/dev/cu.usbserial-576B0005451,"RX,246312,R35,TXB,N16,92,188893,A,1,0.75,0.72,5,U,-50,9.50"
2026-07-09T13:57:59.707+00:00,/dev/cu.usbserial-576B0005451,"RX,246795,R35,TXE,N61,90,189382,E,0,0.87,0.84,5,U,-51,9.50"
2026-07-09T13:57:59.814+00:00,/dev/cu.usbserial-576B0005451,"RX,246903,R35,TXI,N121,45,189481,G,1,0.93,0.90,5,U,-57,10.00"
2026-07-09T13:57:59.956+00:00,/dev/cu.usbserial-576B0005451,"RX,247045,R35,TXA,N01,187,189627,D,1,0.24,0.22,5,F,-39,9.75"
2026-07-09T13:58:00.097+00:00,/dev/cu.usbserial-576B0005451,"RX,247186,R35,TXK,N151,94,189764,E,1,0.87,0.84,5,U,-59,9.25"
2026-07-09T13:58:00.957+00:00,/dev/cu.usbserial-576B0005451,"RX,248045,R35,TXA,N01,188,190627,E,1,0.87,0.84,5,F,-39,9.50"
2026-07-09T13:58:01.223+00:00,/dev/cu.usbserial-576B0005451,"RX,248312,R35,TXB,N16,93,190893,C,0,0.81,0.78,5,U,-51,9.25"
2026-07-09T13:58:01.707+00:00,/dev/cu.usbserial-576B0005451,"RX,248795,R35,TXE,N61,91,191382,G,1,0.93,0.90,5,U,-51,9.50"
2026-07-09T13:58:01.957+00:00,/dev/cu.usbserial-576B0005451,"RX,249045,R35,TXA,N01,189,191627,F,0,0.28,0.26,5,F,-39,9.50"
2026-07-09T13:58:02.097+00:00,/dev/cu.usbserial-576B0005451,"RX,249186,R35,TXK,N151,95,191764,G,1,0.93,0.90,5,U,-58,9.50"
2026-07-09T13:58:02.455+00:00,/dev/cu.usbserial-576B0005451,"RX,249544,R35,TXF,N76,46,192131,E,1,0.87,0.84,5,U,-53,9.25"
2026-07-09T13:58:02.760+00:00,/dev/cu.usbserial-576B0005451,"RX,249848,R35,TXD,N46,23,192431,G,1,0.93,0.90,5,U,-44,9.75"
2026-07-09T13:58:02.957+00:00,/dev/cu.usbserial-576B0005451,"RX,250045,R35,TXA,N01,190,192627,G,1,0.93,0.90,5,F,-39,9.75"
2026-07-09T13:58:03.223+00:00,/dev/cu.usbserial-576B0005451,"RX,250312,R35,TXB,N16,94,192893,E,1,0.87,0.84,5,U,-50,9.50"
2026-07-09T13:58:03.404+00:00,/dev/cu.usbserial-576B0005451,"RX,250493,R35,TXG,N91,22,193080,G,1,0.93,0.90,5,U,-46,9.75"
2026-07-09T13:58:03.707+00:00,/dev/cu.usbserial-576B0005451,"RX,250795,R35,TXE,N61,92,193382,A,1,0.75,0.72,5,U,-51,9.75"
2026-07-09T13:58:03.957+00:00,/dev/cu.usbserial-576B0005451,"RX,251045,R35,TXA,N01,191,193627,H,1,0.32,0.30,5,F,-39,10.25"
2026-07-09T13:58:04.097+00:00,/dev/cu.usbserial-576B0005451,"RX,251186,R35,TXK,N151,96,193764,A,1,0.75,0.72,5,U,-58,9.75"
2026-07-09T13:58:04.455+00:00,/dev/cu.usbserial-576B0005451,"RX,251544,R35,TXF,N76,47,194131,G,1,0.93,0.90,5,U,-54,9.25"
2026-07-09T13:58:04.613+00:00,/dev/cu.usbserial-576B0005451,"RX,251702,R35,TXJ,N136,22,194280,G,1,0.93,0.90,5,U,-49,9.50"
2026-07-09T13:58:04.709+00:00,/dev/cu.usbserial-576B0005451,"RX,251797,R35,TXC,N31,46,194381,E,1,0.87,0.84,5,U,-40,9.75"
2026-07-09T13:58:04.956+00:00,/dev/cu.usbserial-576B0005451,"RX,252045,R35,TXA,N01,192,194627,A,1,0.75,0.72,5,F,-39,9.75"
2026-07-09T13:58:05.223+00:00,/dev/cu.usbserial-576B0005451,"RX,252312,R35,TXB,N16,95,194893,G,1,0.93,0.90,5,U,-50,9.25"
2026-07-09T13:58:05.814+00:00,/dev/cu.usbserial-576B0005451,"RX,252903,R35,TXI,N121,46,195481,E,1,0.87,0.84,5,U,-57,9.75"
2026-07-09T13:58:05.956+00:00,/dev/cu.usbserial-576B0005451,"RX,253045,R35,TXA,N01,193,195627,B,0,0.20,0.18,5,F,-39,9.75"
2026-07-09T13:58:06.097+00:00,/dev/cu.usbserial-576B0005451,"RX,253186,R35,TXK,N151,97,195764,C,1,0.81,0.78,5,U,-55,9.50"
2026-07-09T13:58:06.709+00:00,/dev/cu.usbserial-576B0005451,"RX,253797,R35,TXC,N31,47,196381,G,1,0.93,0.90,5,U,-40,9.75"
2026-07-09T13:58:06.956+00:00,/dev/cu.usbserial-576B0005451,"RX,254045,R35,TXA,N01,194,196627,C,1,0.81,0.78,5,F,-39,9.50"
2026-07-09T13:58:07.223+00:00,/dev/cu.usbserial-576B0005451,"RX,254312,R35,TXB,N16,96,196893,A,1,0.75,0.72,5,U,-51,9.25"
2026-07-09T13:58:07.707+00:00,/dev/cu.usbserial-576B0005451,"RX,254795,R35,TXE,N61,94,197382,E,1,0.87,0.84,5,U,-51,9.75"
2026-07-09T13:58:07.814+00:00,/dev/cu.usbserial-576B0005451,"RX,254903,R35,TXI,N121,47,197481,G,1,0.93,0.90,5,U,-56,9.50"
2026-07-09T13:58:07.957+00:00,/dev/cu.usbserial-576B0005451,"RX,255045,R35,TXA,N01,195,197627,D,1,0.24,0.22,5,F,-39,10.00"
2026-07-09T13:58:08.097+00:00,/dev/cu.usbserial-576B0005451,"RX,255186,R35,TXK,N151,98,197764,E,0,0.87,0.84,5,U,-58,10.00"
2026-07-09T13:58:08.956+00:00,/dev/cu.usbserial-576B0005451,"RX,256045,R35,TXA,N01,196,198627,E,0,0.87,0.84,5,F,-39,9.25"
2026-07-09T13:58:09.223+00:00,/dev/cu.usbserial-576B0005451,"RX,256312,R35,TXB,N16,97,198893,C,1,0.81,0.78,5,U,-51,9.50"
2026-07-09T13:58:09.707+00:00,/dev/cu.usbserial-576B0005451,"RX,256795,R35,TXE,N61,95,199382,G,1,0.93,0.90,5,U,-51,9.75"
2026-07-09T13:58:09.956+00:00,/dev/cu.usbserial-576B0005451,"RX,257045,R35,TXA,N01,197,199627,F,1,0.28,0.26,5,F,-39,9.75"
2026-07-09T13:58:10.067+00:00,/dev/cu.usbserial-576B0005451,"RX,257156,R35,TXH,N106,12,199743,G,1,0.93,0.90,5,U,-42,6.75"
2026-07-09T13:58:10.249+00:00,/dev/cu.usbserial-576B0005451,"RX,257338,R35,TXL,N166,12,199917,G,1,0.93,0.90,5,U,-49,10.00"
2026-07-09T13:58:10.455+00:00,/dev/cu.usbserial-576B0005451,"RX,257544,R35,TXF,N76,48,200131,E,0,0.87,0.84,5,U,-55,9.50"
2026-07-09T13:58:10.759+00:00,/dev/cu.usbserial-576B0005451,"RX,257848,R35,TXD,N46,24,200431,G,1,0.93,0.90,5,U,-43,9.75"
2026-07-09T13:58:10.956+00:00,/dev/cu.usbserial-576B0005451,"RX,258045,R35,TXA,N01,198,200627,G,1,0.93,0.90,5,F,-39,9.50"
2026-07-09T13:58:11.223+00:00,/dev/cu.usbserial-576B0005451,"RX,258312,R35,TXB,N16,98,200893,E,0,0.87,0.84,5,U,-51,9.50"
2026-07-09T13:58:11.404+00:00,/dev/cu.usbserial-576B0005451,"RX,258493,R35,TXG,N91,23,201080,G,1,0.93,0.90,5,U,-45,9.50"
2026-07-09T13:58:11.707+00:00,/dev/cu.usbserial-576B0005451,"RX,258795,R35,TXE,N61,96,201382,A,1,0.75,0.72,5,U,-51,9.75"
2026-07-09T13:58:11.958+00:00,/dev/cu.usbserial-576B0005451,"RX,259045,R35,TXA,N01,199,201627,H,0,0.32,0.30,5,F,-39,9.50"
2026-07-09T13:58:12.102+00:00,/dev/cu.usbserial-576B0005451,"RX,259191,R35,TXK,N151,100,201764,A,1,0.75,0.72,5,U,-59,10.25"
2026-07-09T13:58:12.455+00:00,/dev/cu.usbserial-576B0005451,"RX,259544,R35,TXF,N76,49,202131,G,1,0.93,0.90,5,U,-54,9.75"
2026-07-09T13:58:12.613+00:00,/dev/cu.usbserial-576B0005451,"RX,259702,R35,TXJ,N136,23,202280,G,1,0.93,0.90,5,U,-49,9.25"
2026-07-09T13:58:12.709+00:00,/dev/cu.usbserial-576B0005451,"RX,259797,R35,TXC,N31,48,202381,E,0,0.87,0.84,5,U,-40,9.25"
2026-07-09T13:58:12.956+00:00,/dev/cu.usbserial-576B0005451,"RX,260045,R35,TXA,N01,200,202627,A,1,0.75,0.72,5,F,-39,9.75"
2026-07-09T13:58:13.223+00:00,/dev/cu.usbserial-576B0005451,"RX,260312,R35,TXB,N16,99,202893,G,1,0.93,0.90,5,U,-50,9.75"
2026-07-09T13:58:13.707+00:00,/dev/cu.usbserial-576B0005451,"RX,260795,R35,TXE,N61,97,203382,C,1,0.81,0.78,5,U,-51,10.00"
2026-07-09T13:58:13.814+00:00,/dev/cu.usbserial-576B0005451,"RX,260903,R35,TXI,N121,48,203481,E,0,0.87,0.84,5,U,-57,9.75"
2026-07-09T13:58:13.956+00:00,/dev/cu.usbserial-576B0005451,"RX,261045,R35,TXA,N01,201,203627,B,1,0.20,0.18,5,F,-39,10.00"
2026-07-09T13:58:14.102+00:00,/dev/cu.usbserial-576B0005451,"RX,261191,R35,TXK,N151,101,203764,C,0,0.81,0.78,5,U,-59,10.50"
2026-07-09T13:58:14.709+00:00,/dev/cu.usbserial-576B0005451,"RX,261797,R35,TXC,N31,49,204381,G,1,0.93,0.90,5,U,-40,9.50"
2026-07-09T13:58:14.957+00:00,/dev/cu.usbserial-576B0005451,"RX,262045,R35,TXA,N01,202,204627,C,0,0.81,0.78,5,F,-39,9.50"
2026-07-09T13:58:15.223+00:00,/dev/cu.usbserial-576B0005451,"RX,262312,R35,TXB,N16,100,204893,A,1,0.75,0.72,5,U,-50,9.75"
2026-07-09T13:58:15.707+00:00,/dev/cu.usbserial-576B0005451,"RX,262795,R35,TXE,N61,98,205382,E,0,0.87,0.84,5,U,-51,9.75"
2026-07-09T13:58:15.814+00:00,/dev/cu.usbserial-576B0005451,"RX,262903,R35,TXI,N121,49,205481,G,1,0.93,0.90,5,U,-57,9.75"
2026-07-09T13:58:15.956+00:00,/dev/cu.usbserial-576B0005451,"RX,263045,R35,TXA,N01,203,205627,D,1,0.24,0.22,5,F,-39,10.00"
2026-07-09T13:58:16.102+00:00,/dev/cu.usbserial-576B0005451,"RX,263191,R35,TXK,N151,102,205764,E,1,0.87,0.84,5,U,-59,10.75"
2026-07-09T13:58:16.957+00:00,/dev/cu.usbserial-576B0005451,"RX,264045,R35,TXA,N01,204,206627,E,1,0.87,0.84,5,F,-39,9.50"
2026-07-09T13:58:17.223+00:00,/dev/cu.usbserial-576B0005451,"RX,264312,R35,TXB,N16,101,206893,C,0,0.81,0.78,5,U,-51,11.50"
2026-07-09T13:58:17.707+00:00,/dev/cu.usbserial-576B0005451,"RX,264795,R35,TXE,N61,99,207382,G,1,0.93,0.90,5,U,-51,9.75"
2026-07-09T13:58:17.957+00:00,/dev/cu.usbserial-576B0005451,"RX,265045,R35,TXA,N01,205,207627,F,0,0.28,0.26,5,F,-39,9.75"
2026-07-09T13:58:18.067+00:00,/dev/cu.usbserial-576B0005451,"RX,265156,R35,TXH,N106,13,207743,G,1,0.93,0.90,5,U,-42,7.00"
2026-07-09T13:58:18.249+00:00,/dev/cu.usbserial-576B0005451,"RX,265338,R35,TXL,N166,13,207917,G,1,0.93,0.90,5,U,-49,9.25"
2026-07-09T13:58:18.455+00:00,/dev/cu.usbserial-576B0005451,"RX,265544,R35,TXF,N76,50,208131,E,1,0.87,0.84,5,U,-54,9.25"
2026-07-09T13:58:18.759+00:00,/dev/cu.usbserial-576B0005451,"RX,265848,R35,TXD,N46,25,208431,G,1,0.93,0.90,5,U,-44,9.50"
2026-07-09T13:58:18.956+00:00,/dev/cu.usbserial-576B0005451,"RX,266045,R35,TXA,N01,206,208627,G,1,0.93,0.90,5,F,-37,9.75"
2026-07-09T13:58:19.223+00:00,/dev/cu.usbserial-576B0005451,"RX,266312,R35,TXB,N16,102,208893,E,1,0.87,0.84,5,U,-50,9.75"
2026-07-09T13:58:19.404+00:00,/dev/cu.usbserial-576B0005451,"RX,266493,R35,TXG,N91,24,209080,G,1,0.93,0.90,5,U,-45,9.75"
2026-07-09T13:58:19.707+00:00,/dev/cu.usbserial-576B0005451,"RX,266796,R35,TXE,N61,100,209382,A,1,0.75,0.72,5,U,-51,9.50"
2026-07-09T13:58:19.957+00:00,/dev/cu.usbserial-576B0005451,"RX,267045,R35,TXA,N01,207,209627,H,1,0.32,0.30,5,F,-39,10.00"
2026-07-09T13:58:20.102+00:00,/dev/cu.usbserial-576B0005451,"RX,267191,R35,TXK,N151,104,209764,A,0,0.75,0.72,5,U,-59,10.00"
2026-07-09T13:58:20.455+00:00,/dev/cu.usbserial-576B0005451,"RX,267544,R35,TXF,N76,51,210131,G,1,0.93,0.90,5,U,-55,9.75"
2026-07-09T13:58:20.613+00:00,/dev/cu.usbserial-576B0005451,"RX,267702,R35,TXJ,N136,24,210280,G,1,0.93,0.90,5,U,-49,9.00"
2026-07-09T13:58:20.709+00:00,/dev/cu.usbserial-576B0005451,"RX,267797,R35,TXC,N31,50,210381,E,1,0.87,0.84,5,U,-40,9.75"
2026-07-09T13:58:20.956+00:00,/dev/cu.usbserial-576B0005451,"RX,268045,R35,TXA,N01,208,210627,A,0,0.75,0.72,5,F,-39,9.75"
2026-07-09T13:58:21.223+00:00,/dev/cu.usbserial-576B0005451,"RX,268312,R35,TXB,N16,103,210893,G,1,0.93,0.90,5,U,-50,9.75"
2026-07-09T13:58:21.707+00:00,/dev/cu.usbserial-576B0005451,"RX,268796,R35,TXE,N61,101,211382,C,0,0.81,0.78,5,U,-51,9.75"
2026-07-09T13:58:21.814+00:00,/dev/cu.usbserial-576B0005451,"RX,268903,R35,TXI,N121,50,211481,E,1,0.87,0.84,5,U,-56,9.75"
2026-07-09T13:58:21.956+00:00,/dev/cu.usbserial-576B0005451,"RX,269045,R35,TXA,N01,209,211627,B,1,0.20,0.18,5,F,-39,10.00"
2026-07-09T13:58:22.102+00:00,/dev/cu.usbserial-576B0005451,"RX,269191,R35,TXK,N151,105,211764,C,1,0.81,0.78,5,U,-59,9.25"
2026-07-09T13:58:22.709+00:00,/dev/cu.usbserial-576B0005451,"RX,269797,R35,TXC,N31,51,212381,G,1,0.93,0.90,5,U,-40,9.75"
2026-07-09T13:58:22.957+00:00,/dev/cu.usbserial-576B0005451,"RX,270045,R35,TXA,N01,210,212627,C,1,0.81,0.78,5,F,-39,9.75"
2026-07-09T13:58:23.224+00:00,/dev/cu.usbserial-576B0005451,"RX,270312,R35,TXB,N16,104,212893,A,0,0.75,0.72,5,U,-50,11.75"
2026-07-09T13:58:23.707+00:00,/dev/cu.usbserial-576B0005451,"RX,270796,R35,TXE,N61,102,213382,E,1,0.87,0.84,5,U,-50,10.00"
2026-07-09T13:58:23.814+00:00,/dev/cu.usbserial-576B0005451,"RX,270903,R35,TXI,N121,51,213481,G,1,0.93,0.90,5,U,-57,10.00"
2026-07-09T13:58:23.956+00:00,/dev/cu.usbserial-576B0005451,"RX,271045,R35,TXA,N01,211,213627,D,0,0.24,0.22,5,F,-39,10.00"
2026-07-09T13:58:24.102+00:00,/dev/cu.usbserial-576B0005451,"RX,271191,R35,TXK,N151,106,213764,E,1,0.87,0.84,5,U,-58,9.50"
2026-07-09T13:58:24.957+00:00,/dev/cu.usbserial-576B0005451,"RX,272045,R35,TXA,N01,212,214627,E,1,0.87,0.84,5,F,-39,9.50"
2026-07-09T13:58:25.224+00:00,/dev/cu.usbserial-576B0005451,"RX,272312,R35,TXB,N16,105,214893,C,1,0.81,0.78,5,U,-50,9.50"
2026-07-09T13:58:25.707+00:00,/dev/cu.usbserial-576B0005451,"RX,272796,R35,TXE,N61,103,215382,G,1,0.93,0.90,5,U,-50,10.00"
2026-07-09T13:58:25.957+00:00,/dev/cu.usbserial-576B0005451,"RX,273045,R35,TXA,N01,213,215627,F,1,0.28,0.26,5,F,-39,9.50"
2026-07-09T13:58:26.067+00:00,/dev/cu.usbserial-576B0005451,"RX,273156,R35,TXH,N106,14,215743,G,0,0.93,0.90,5,U,-43,7.25"
2026-07-09T13:58:26.249+00:00,/dev/cu.usbserial-576B0005451,"RX,273338,R35,TXL,N166,14,215917,G,0,0.93,0.90,5,U,-50,9.50"
2026-07-09T13:58:26.455+00:00,/dev/cu.usbserial-576B0005451,"RX,273544,R35,TXF,N76,52,216131,E,1,0.87,0.84,5,U,-54,9.75"
2026-07-09T13:58:26.759+00:00,/dev/cu.usbserial-576B0005451,"RX,273848,R35,TXD,N46,26,216431,G,0,0.93,0.90,5,U,-44,9.75"
2026-07-09T13:58:26.956+00:00,/dev/cu.usbserial-576B0005451,"RX,274045,R35,TXA,N01,214,216627,G,0,0.93,0.90,5,F,-39,9.75"
2026-07-09T13:58:27.223+00:00,/dev/cu.usbserial-576B0005451,"RX,274312,R35,TXB,N16,106,216893,E,1,0.87,0.84,5,U,-50,10.00"
2026-07-09T13:58:27.404+00:00,/dev/cu.usbserial-576B0005451,"RX,274493,R35,TXG,N91,25,217080,G,1,0.93,0.90,5,U,-45,9.50"
2026-07-09T13:58:27.707+00:00,/dev/cu.usbserial-576B0005451,"RX,274796,R35,TXE,N61,104,217382,A,0,0.75,0.72,5,U,-51,9.50"
2026-07-09T13:58:27.957+00:00,/dev/cu.usbserial-576B0005451,"RX,275045,R35,TXA,N01,215,217627,H,1,0.32,0.30,5,F,-39,9.50"
2026-07-09T13:58:28.102+00:00,/dev/cu.usbserial-576B0005451,"RX,275191,R35,TXK,N151,108,217764,A,1,0.75,0.72,5,U,-59,10.50"
2026-07-09T13:58:28.455+00:00,/dev/cu.usbserial-576B0005451,"RX,275544,R35,TXF,N76,53,218131,G,0,0.93,0.90,5,U,-54,9.50"
2026-07-09T13:58:28.613+00:00,/dev/cu.usbserial-576B0005451,"RX,275702,R35,TXJ,N136,25,218280,G,1,0.93,0.90,5,U,-49,9.25"
2026-07-09T13:58:28.709+00:00,/dev/cu.usbserial-576B0005451,"RX,275797,R35,TXC,N31,52,218381,E,1,0.87,0.84,5,U,-40,9.75"
2026-07-09T13:58:28.956+00:00,/dev/cu.usbserial-576B0005451,"RX,276045,R35,TXA,N01,216,218627,A,1,0.75,0.72,5,F,-39,9.75"
2026-07-09T13:58:29.223+00:00,/dev/cu.usbserial-576B0005451,"RX,276312,R35,TXB,N16,107,218893,G,0,0.93,0.90,5,U,-50,10.00"
2026-07-09T13:58:29.707+00:00,/dev/cu.usbserial-576B0005451,"RX,276796,R35,TXE,N61,105,219382,C,1,0.81,0.78,5,U,-51,10.00"
2026-07-09T13:58:29.814+00:00,/dev/cu.usbserial-576B0005451,"RX,276903,R35,TXI,N121,52,219481,E,1,0.87,0.84,5,U,-56,9.50"
2026-07-09T13:58:29.956+00:00,/dev/cu.usbserial-576B0005451,"RX,277045,R35,TXA,N01,217,219627,B,0,0.20,0.18,5,F,-39,9.50"
2026-07-09T13:58:30.102+00:00,/dev/cu.usbserial-576B0005451,"RX,277191,R35,TXK,N151,109,219764,C,1,0.81,0.78,5,U,-59,9.50"
2026-07-09T13:58:30.709+00:00,/dev/cu.usbserial-576B0005451,"RX,277797,R35,TXC,N31,53,220381,G,0,0.93,0.90,5,U,-41,10.00"
2026-07-09T13:58:30.957+00:00,/dev/cu.usbserial-576B0005451,"RX,278045,R35,TXA,N01,218,220627,C,1,0.81,0.78,5,F,-39,9.50"
2026-07-09T13:58:31.223+00:00,/dev/cu.usbserial-576B0005451,"RX,278312,R35,TXB,N16,108,220893,A,1,0.75,0.72,5,U,-50,9.75"
2026-07-09T13:58:31.814+00:00,/dev/cu.usbserial-576B0005451,"RX,278903,R35,TXI,N121,53,221481,G,0,0.93,0.90,5,U,-56,9.75"
2026-07-09T13:58:31.956+00:00,/dev/cu.usbserial-576B0005451,"RX,279045,R35,TXA,N01,219,221627,D,1,0.24,0.22,5,F,-39,10.00"
2026-07-09T13:58:32.102+00:00,/dev/cu.usbserial-576B0005451,"RX,279191,R35,TXK,N151,110,221764,E,0,0.87,0.84,5,U,-59,10.00"
2026-07-09T13:58:32.957+00:00,/dev/cu.usbserial-576B0005451,"RX,280045,R35,TXA,N01,220,222627,E,0,0.87,0.84,5,F,-39,10.00"
2026-07-09T13:58:33.223+00:00,/dev/cu.usbserial-576B0005451,"RX,280312,R35,TXB,N16,109,222893,C,1,0.81,0.78,5,U,-50,9.00"
2026-07-09T13:58:33.707+00:00,/dev/cu.usbserial-576B0005451,"RX,280796,R35,TXE,N61,107,223382,G,0,0.93,0.90,5,U,-51,10.00"
2026-07-09T13:58:33.957+00:00,/dev/cu.usbserial-576B0005451,"RX,281045,R35,TXA,N01,221,223627,F,1,0.28,0.26,5,F,-39,9.50"
2026-07-09T13:58:34.067+00:00,/dev/cu.usbserial-576B0005451,"RX,281156,R35,TXH,N106,15,223743,G,1,0.93,0.90,5,U,-43,6.50"
2026-07-09T13:58:34.249+00:00,/dev/cu.usbserial-576B0005451,"RX,281338,R35,TXL,N166,15,223917,G,1,0.93,0.90,5,U,-50,10.00"
2026-07-09T13:58:34.455+00:00,/dev/cu.usbserial-576B0005451,"RX,281544,R35,TXF,N76,54,224131,E,0,0.87,0.84,5,U,-54,9.25"
2026-07-09T13:58:34.760+00:00,/dev/cu.usbserial-576B0005451,"RX,281848,R35,TXD,N46,27,224431,G,1,0.93,0.90,5,U,-44,9.50"
2026-07-09T13:58:34.956+00:00,/dev/cu.usbserial-576B0005451,"RX,282045,R35,TXA,N01,222,224627,G,1,0.93,0.90,5,F,-39,9.75"
2026-07-09T13:58:35.223+00:00,/dev/cu.usbserial-576B0005451,"RX,282312,R35,TXB,N16,110,224893,E,0,0.87,0.84,5,U,-50,9.25"
2026-07-09T13:58:35.404+00:00,/dev/cu.usbserial-576B0005451,"RX,282493,R35,TXG,N91,26,225080,G,0,0.93,0.90,5,U,-45,9.50"
2026-07-09T13:58:35.707+00:00,/dev/cu.usbserial-576B0005451,"RX,282796,R35,TXE,N61,108,225382,A,1,0.75,0.72,5,U,-51,10.00"
2026-07-09T13:58:35.957+00:00,/dev/cu.usbserial-576B0005451,"RX,283045,R35,TXA,N01,223,225627,H,0,0.32,0.30,5,F,-39,10.00"
2026-07-09T13:58:36.102+00:00,/dev/cu.usbserial-576B0005451,"RX,283191,R35,TXK,N151,112,225764,A,1,0.75,0.72,5,U,-58,10.25"
2026-07-09T13:58:36.455+00:00,/dev/cu.usbserial-576B0005451,"RX,283544,R35,TXF,N76,55,226131,G,1,0.93,0.90,5,U,-54,9.50"
2026-07-09T13:58:36.613+00:00,/dev/cu.usbserial-576B0005451,"RX,283702,R35,TXJ,N136,26,226280,G,0,0.93,0.90,5,U,-48,9.75"
2026-07-09T13:58:36.709+00:00,/dev/cu.usbserial-576B0005451,"RX,283797,R35,TXC,N31,54,226381,E,0,0.87,0.84,5,U,-41,10.00"
2026-07-09T13:58:36.956+00:00,/dev/cu.usbserial-576B0005451,"RX,284045,R35,TXA,N01,224,226627,A,1,0.75,0.72,5,F,-39,9.75"
2026-07-09T13:58:37.223+00:00,/dev/cu.usbserial-576B0005451,"RX,284312,R35,TXB,N16,111,226893,G,1,0.93,0.90,5,U,-50,9.75"
2026-07-09T13:58:37.707+00:00,/dev/cu.usbserial-576B0005451,"RX,284796,R35,TXE,N61,109,227382,C,1,0.81,0.78,5,U,-51,10.00"
2026-07-09T13:58:37.814+00:00,/dev/cu.usbserial-576B0005451,"RX,284903,R35,TXI,N121,54,227481,E,0,0.87,0.84,5,U,-56,10.00"
2026-07-09T13:58:37.956+00:00,/dev/cu.usbserial-576B0005451,"RX,285045,R35,TXA,N01,225,227627,B,1,0.20,0.18,5,F,-40,9.75"
2026-07-09T13:58:38.102+00:00,/dev/cu.usbserial-576B0005451,"RX,285191,R35,TXK,N151,113,227764,C,0,0.81,0.78,5,U,-58,9.75"
2026-07-09T13:58:38.709+00:00,/dev/cu.usbserial-576B0005451,"RX,285797,R35,TXC,N31,55,228381,G,1,0.93,0.90,5,U,-40,9.75"
2026-07-09T13:58:38.957+00:00,/dev/cu.usbserial-576B0005451,"RX,286045,R35,TXA,N01,226,228627,C,0,0.81,0.78,5,F,-39,9.50"
2026-07-09T13:58:39.223+00:00,/dev/cu.usbserial-576B0005451,"RX,286312,R35,TXB,N16,112,228893,A,1,0.75,0.72,5,U,-51,10.00"
2026-07-09T13:58:39.707+00:00,/dev/cu.usbserial-576B0005451,"RX,286796,R35,TXE,N61,110,229382,E,0,0.87,0.84,5,U,-51,10.00"
2026-07-09T13:58:39.814+00:00,/dev/cu.usbserial-576B0005451,"RX,286903,R35,TXI,N121,55,229481,G,1,0.93,0.90,5,U,-56,9.75"
2026-07-09T13:58:39.956+00:00,/dev/cu.usbserial-576B0005451,"RX,287045,R35,TXA,N01,227,229627,D,1,0.24,0.22,5,F,-39,10.00"
2026-07-09T13:58:40.102+00:00,/dev/cu.usbserial-576B0005451,"RX,287191,R35,TXK,N151,114,229764,E,1,0.87,0.84,5,U,-59,9.50"
2026-07-09T13:58:40.957+00:00,/dev/cu.usbserial-576B0005451,"RX,288045,R35,TXA,N01,228,230627,E,1,0.87,0.84,5,F,-39,9.25"
2026-07-09T13:58:41.223+00:00,/dev/cu.usbserial-576B0005451,"RX,288312,R35,TXB,N16,113,230893,C,0,0.81,0.78,5,U,-51,9.50"
2026-07-09T13:58:41.707+00:00,/dev/cu.usbserial-576B0005451,"RX,288796,R35,TXE,N61,111,231382,G,1,0.93,0.90,5,U,-50,10.00"
2026-07-09T13:58:41.957+00:00,/dev/cu.usbserial-576B0005451,"RX,289045,R35,TXA,N01,229,231627,F,0,0.28,0.26,5,F,-39,9.75"
2026-07-09T13:58:42.102+00:00,/dev/cu.usbserial-576B0005451,"RX,289191,R35,TXK,N151,115,231764,G,1,0.93,0.90,5,U,-58,9.25"
2026-07-09T13:58:42.455+00:00,/dev/cu.usbserial-576B0005451,"RX,289544,R35,TXF,N76,56,232131,E,1,0.87,0.84,5,U,-54,9.75"
2026-07-09T13:58:42.760+00:00,/dev/cu.usbserial-576B0005451,"RX,289848,R35,TXD,N46,28,232431,G,1,0.93,0.90,5,U,-44,9.75"
2026-07-09T13:58:42.956+00:00,/dev/cu.usbserial-576B0005451,"RX,290045,R35,TXA,N01,230,232627,G,1,0.93,0.90,5,F,-40,9.75"
2026-07-09T13:58:43.223+00:00,/dev/cu.usbserial-576B0005451,"RX,290312,R35,TXB,N16,114,232893,E,1,0.87,0.84,5,U,-51,9.75"
2026-07-09T13:58:43.404+00:00,/dev/cu.usbserial-576B0005451,"RX,290493,R35,TXG,N91,27,233080,G,1,0.93,0.90,5,U,-46,9.75"
2026-07-09T13:58:43.707+00:00,/dev/cu.usbserial-576B0005451,"RX,290796,R35,TXE,N61,112,233382,A,1,0.75,0.72,5,U,-51,9.50"
2026-07-09T13:58:43.957+00:00,/dev/cu.usbserial-576B0005451,"RX,291045,R35,TXA,N01,231,233627,H,1,0.32,0.30,5,F,-39,9.50"
2026-07-09T13:58:44.102+00:00,/dev/cu.usbserial-576B0005451,"RX,291191,R35,TXK,N151,116,233764,A,0,0.75,0.72,5,U,-58,10.00"
2026-07-09T13:58:44.455+00:00,/dev/cu.usbserial-576B0005451,"RX,291544,R35,TXF,N76,57,234131,G,1,0.93,0.90,5,U,-54,9.25"
2026-07-09T13:58:44.613+00:00,/dev/cu.usbserial-576B0005451,"RX,291702,R35,TXJ,N136,27,234280,G,1,0.93,0.90,5,U,-48,9.75"
2026-07-09T13:58:44.708+00:00,/dev/cu.usbserial-576B0005451,"RX,291797,R35,TXC,N31,56,234381,E,1,0.87,0.84,5,U,-41,9.50"
2026-07-09T13:58:44.956+00:00,/dev/cu.usbserial-576B0005451,"RX,292045,R35,TXA,N01,232,234627,A,0,0.75,0.72,5,F,-39,9.50"
2026-07-09T13:58:45.223+00:00,/dev/cu.usbserial-576B0005451,"RX,292312,R35,TXB,N16,115,234893,G,1,0.93,0.90,5,U,-50,9.50"
2026-07-09T13:58:45.707+00:00,/dev/cu.usbserial-576B0005451,"RX,292796,R35,TXE,N61,113,235382,C,0,0.81,0.78,5,U,-51,9.75"
2026-07-09T13:58:45.814+00:00,/dev/cu.usbserial-576B0005451,"RX,292903,R35,TXI,N121,56,235481,E,1,0.87,0.84,5,U,-56,9.75"
2026-07-09T13:58:45.957+00:00,/dev/cu.usbserial-576B0005451,"RX,293045,R35,TXA,N01,233,235627,B,1,0.20,0.18,5,F,-40,9.50"
2026-07-09T13:58:46.102+00:00,/dev/cu.usbserial-576B0005451,"RX,293191,R35,TXK,N151,117,235764,C,1,0.81,0.78,5,U,-58,10.50"
2026-07-09T13:58:46.709+00:00,/dev/cu.usbserial-576B0005451,"RX,293797,R35,TXC,N31,57,236381,G,1,0.93,0.90,5,U,-40,9.50"
2026-07-09T13:58:46.957+00:00,/dev/cu.usbserial-576B0005451,"RX,294045,R35,TXA,N01,234,236627,C,1,0.81,0.78,5,F,-39,9.25"
2026-07-09T13:58:47.223+00:00,/dev/cu.usbserial-576B0005451,"RX,294312,R35,TXB,N16,116,236893,A,0,0.75,0.72,5,U,-51,9.50"
2026-07-09T13:58:47.707+00:00,/dev/cu.usbserial-576B0005451,"RX,294796,R35,TXE,N61,114,237382,E,1,0.87,0.84,5,U,-51,10.25"
2026-07-09T13:58:47.814+00:00,/dev/cu.usbserial-576B0005451,"RX,294903,R35,TXI,N121,57,237481,G,1,0.93,0.90,5,U,-56,10.25"
2026-07-09T13:58:47.956+00:00,/dev/cu.usbserial-576B0005451,"RX,295045,R35,TXA,N01,235,237627,D,0,0.24,0.22,5,F,-39,9.75"
2026-07-09T13:58:48.102+00:00,/dev/cu.usbserial-576B0005451,"RX,295191,R35,TXK,N151,118,237764,E,1,0.87,0.84,5,U,-58,10.00"
2026-07-09T13:58:48.957+00:00,/dev/cu.usbserial-576B0005451,"RX,296045,R35,TXA,N01,236,238627,E,1,0.87,0.84,5,F,-39,9.75"
2026-07-09T13:58:49.223+00:00,/dev/cu.usbserial-576B0005451,"RX,296312,R35,TXB,N16,117,238893,C,1,0.81,0.78,5,U,-50,9.50"
2026-07-09T13:58:49.707+00:00,/dev/cu.usbserial-576B0005451,"RX,296796,R35,TXE,N61,115,239382,G,1,0.93,0.90,5,U,-51,9.75"
2026-07-09T13:58:49.956+00:00,/dev/cu.usbserial-576B0005451,"RX,297045,R35,TXA,N01,237,239627,F,1,0.28,0.26,5,F,-39,9.75"
2026-07-09T13:58:50.102+00:00,/dev/cu.usbserial-576B0005451,"RX,297191,R35,TXK,N151,119,239764,G,0,0.93,0.90,5,U,-58,10.25"
2026-07-09T13:58:50.455+00:00,/dev/cu.usbserial-576B0005451,"RX,297544,R35,TXF,N76,58,240131,E,1,0.87,0.84,5,U,-53,9.25"
2026-07-09T13:58:50.760+00:00,/dev/cu.usbserial-576B0005451,"RX,297848,R35,TXD,N46,29,240431,G,0,0.93,0.90,5,U,-44,9.75"
2026-07-09T13:58:50.957+00:00,/dev/cu.usbserial-576B0005451,"RX,298045,R35,TXA,N01,238,240627,G,0,0.93,0.90,5,F,-39,9.50"
2026-07-09T13:58:51.223+00:00,/dev/cu.usbserial-576B0005451,"RX,298312,R35,TXB,N16,118,240893,E,1,0.87,0.84,5,U,-51,9.75"
2026-07-09T13:58:51.404+00:00,/dev/cu.usbserial-576B0005451,"RX,298493,R35,TXG,N91,28,241080,G,1,0.93,0.90,5,U,-45,10.00"
2026-07-09T13:58:51.707+00:00,/dev/cu.usbserial-576B0005451,"RX,298796,R35,TXE,N61,116,241382,A,0,0.75,0.72,5,U,-51,9.75"
2026-07-09T13:58:51.956+00:00,/dev/cu.usbserial-576B0005451,"RX,299045,R35,TXA,N01,239,241627,H,1,0.32,0.30,5,F,-39,9.75"
2026-07-09T13:58:52.102+00:00,/dev/cu.usbserial-576B0005451,"RX,299191,R35,TXK,N151,120,241764,A,1,0.75,0.72,5,U,-59,9.50"
2026-07-09T13:58:52.455+00:00,/dev/cu.usbserial-576B0005451,"RX,299544,R35,TXF,N76,59,242131,G,0,0.93,0.90,5,U,-54,9.50"
2026-07-09T13:58:52.613+00:00,/dev/cu.usbserial-576B0005451,"RX,299702,R35,TXJ,N136,28,242280,G,1,0.93,0.90,5,U,-48,10.00"
2026-07-09T13:58:52.709+00:00,/dev/cu.usbserial-576B0005451,"RX,299797,R35,TXC,N31,58,242381,E,1,0.87,0.84,5,U,-40,9.75"
2026-07-09T13:58:52.957+00:00,/dev/cu.usbserial-576B0005451,"RX,300045,R35,TXA,N01,240,242627,A,1,0.75,0.72,5,F,-39,10.00"
2026-07-09T13:58:53.223+00:00,/dev/cu.usbserial-576B0005451,"RX,300312,R35,TXB,N16,119,242893,G,0,0.93,0.90,5,U,-51,9.50"
2026-07-09T13:58:53.707+00:00,/dev/cu.usbserial-576B0005451,"RX,300796,R35,TXE,N61,117,243382,C,1,0.81,0.78,5,U,-51,9.50"
2026-07-09T13:58:53.814+00:00,/dev/cu.usbserial-576B0005451,"RX,300903,R35,TXI,N121,58,243481,E,1,0.87,0.84,5,U,-57,10.25"
2026-07-09T13:58:53.956+00:00,/dev/cu.usbserial-576B0005451,"RX,301045,R35,TXA,N01,241,243627,B,0,0.20,0.18,5,F,-39,10.00"
2026-07-09T13:58:54.102+00:00,/dev/cu.usbserial-576B0005451,"RX,301191,R35,TXK,N151,121,243764,C,1,0.81,0.78,5,U,-58,9.75"
2026-07-09T13:58:54.709+00:00,/dev/cu.usbserial-576B0005451,"RX,301797,R35,TXC,N31,59,244381,G,0,0.93,0.90,5,U,-40,9.75"
2026-07-09T13:58:54.957+00:00,/dev/cu.usbserial-576B0005451,"RX,302045,R35,TXA,N01,242,244627,C,1,0.81,0.78,5,F,-39,9.50"
2026-07-09T13:58:55.223+00:00,/dev/cu.usbserial-576B0005451,"RX,302312,R35,TXB,N16,120,244893,A,1,0.75,0.72,5,U,-50,10.00"
2026-07-09T13:58:55.707+00:00,/dev/cu.usbserial-576B0005451,"RX,302796,R35,TXE,N61,118,245382,E,1,0.87,0.84,5,U,-51,9.75"
2026-07-09T13:58:55.814+00:00,/dev/cu.usbserial-576B0005451,"RX,302903,R35,TXI,N121,59,245481,G,0,0.93,0.90,5,U,-56,10.00"
2026-07-09T13:58:55.956+00:00,/dev/cu.usbserial-576B0005451,"RX,303045,R35,TXA,N01,243,245627,D,1,0.24,0.22,5,F,-40,9.50"
2026-07-09T13:58:56.102+00:00,/dev/cu.usbserial-576B0005451,"RX,303191,R35,TXK,N151,122,245764,E,0,0.87,0.84,5,U,-58,10.00"
2026-07-09T13:58:56.957+00:00,/dev/cu.usbserial-576B0005451,"RX,304045,R35,TXA,N01,244,246627,E,0,0.87,0.84,5,F,-40,9.50"
2026-07-09T13:58:57.223+00:00,/dev/cu.usbserial-576B0005451,"RX,304312,R35,TXB,N16,121,246893,C,1,0.81,0.78,5,U,-51,9.50"
2026-07-09T13:58:57.707+00:00,/dev/cu.usbserial-576B0005451,"RX,304796,R35,TXE,N61,119,247382,G,0,0.93,0.90,5,U,-51,10.00"
2026-07-09T13:58:57.957+00:00,/dev/cu.usbserial-576B0005451,"RX,305045,R35,TXA,N01,245,247627,F,1,0.28,0.26,5,F,-40,10.00"
2026-07-09T13:58:58.102+00:00,/dev/cu.usbserial-576B0005451,"RX,305191,R35,TXK,N151,123,247764,G,1,0.93,0.90,5,U,-58,9.50"
2026-07-09T13:58:58.455+00:00,/dev/cu.usbserial-576B0005451,"RX,305544,R35,TXF,N76,60,248131,E,0,0.87,0.84,5,U,-54,9.25"
2026-07-09T13:58:58.760+00:00,/dev/cu.usbserial-576B0005451,"RX,305848,R35,TXD,N46,30,248431,G,1,0.93,0.90,5,U,-44,9.25"
2026-07-09T13:58:58.957+00:00,/dev/cu.usbserial-576B0005451,"RX,306045,R35,TXA,N01,246,248627,G,1,0.93,0.90,5,F,-39,10.00"
2026-07-09T13:58:59.224+00:00,/dev/cu.usbserial-576B0005451,"RX,306312,R35,TXB,N16,122,248893,E,0,0.87,0.84,5,U,-50,10.25"
2026-07-09T13:58:59.404+00:00,/dev/cu.usbserial-576B0005451,"RX,306493,R35,TXG,N91,29,249080,G,0,0.93,0.90,5,U,-45,9.50"
2026-07-09T13:58:59.707+00:00,/dev/cu.usbserial-576B0005451,"RX,306796,R35,TXE,N61,120,249382,A,1,0.75,0.72,5,U,-51,9.75"
2026-07-09T13:58:59.957+00:00,/dev/cu.usbserial-576B0005451,"RX,307045,R35,TXA,N01,247,249627,H,0,0.32,0.30,5,F,-39,10.00"
2026-07-09T13:59:00.102+00:00,/dev/cu.usbserial-576B0005451,"RX,307191,R35,TXK,N151,124,249764,A,1,0.75,0.72,5,U,-58,9.50"
2026-07-09T13:59:00.455+00:00,/dev/cu.usbserial-576B0005451,"RX,307544,R35,TXF,N76,61,250131,G,1,0.93,0.90,5,U,-55,9.25"
2026-07-09T13:59:00.613+00:00,/dev/cu.usbserial-576B0005451,"RX,307702,R35,TXJ,N136,29,250280,G,0,0.93,0.90,5,U,-48,9.50"
2026-07-09T13:59:00.708+00:00,/dev/cu.usbserial-576B0005451,"RX,307797,R35,TXC,N31,60,250381,E,0,0.87,0.84,5,U,-41,9.75"
2026-07-09T13:59:00.957+00:00,/dev/cu.usbserial-576B0005451,"RX,308045,R35,TXA,N01,248,250627,A,1,0.75,0.72,5,F,-39,9.50"
2026-07-09T13:59:01.223+00:00,/dev/cu.usbserial-576B0005451,"RX,308312,R35,TXB,N16,123,250893,G,1,0.93,0.90,5,U,-51,10.75"
2026-07-09T13:59:01.707+00:00,/dev/cu.usbserial-576B0005451,"RX,308796,R35,TXE,N61,121,251382,C,1,0.81,0.78,5,U,-51,9.75"
2026-07-09T13:59:01.814+00:00,/dev/cu.usbserial-576B0005451,"RX,308903,R35,TXI,N121,60,251481,E,0,0.87,0.84,5,U,-56,10.00"
2026-07-09T13:59:01.956+00:00,/dev/cu.usbserial-576B0005451,"RX,309045,R35,TXA,N01,249,251627,B,1,0.20,0.18,5,F,-40,9.75"
2026-07-09T13:59:02.102+00:00,/dev/cu.usbserial-576B0005451,"RX,309191,R35,TXK,N151,125,251764,C,0,0.81,0.78,5,U,-58,9.25"
2026-07-09T13:59:02.709+00:00,/dev/cu.usbserial-576B0005451,"RX,309797,R35,TXC,N31,61,252381,G,1,0.93,0.90,5,U,-40,10.25"
2026-07-09T13:59:02.957+00:00,/dev/cu.usbserial-576B0005451,"RX,310045,R35,TXA,N01,250,252627,C,0,0.81,0.78,5,F,-39,9.75"
2026-07-09T13:59:03.223+00:00,/dev/cu.usbserial-576B0005451,"RX,310312,R35,TXB,N16,124,252893,A,1,0.75,0.72,5,U,-51,10.25"
2026-07-09T13:59:03.707+00:00,/dev/cu.usbserial-576B0005451,"RX,310796,R35,TXE,N61,122,253382,E,0,0.87,0.84,5,U,-51,9.75"
2026-07-09T13:59:03.814+00:00,/dev/cu.usbserial-576B0005451,"RX,310903,R35,TXI,N121,61,253481,G,1,0.93,0.90,5,U,-57,10.00"
2026-07-09T13:59:03.957+00:00,/dev/cu.usbserial-576B0005451,"RX,311045,R35,TXA,N01,251,253627,D,1,0.24,0.22,5,F,-39,10.00"
2026-07-09T13:59:04.102+00:00,/dev/cu.usbserial-576B0005451,"RX,311191,R35,TXK,N151,126,253764,E,1,0.87,0.84,5,U,-58,9.75"
2026-07-09T13:59:04.957+00:00,/dev/cu.usbserial-576B0005451,"RX,312045,R35,TXA,N01,252,254627,E,1,0.87,0.84,5,F,-40,9.50"
2026-07-09T13:59:05.224+00:00,/dev/cu.usbserial-576B0005451,"RX,312312,R35,TXB,N16,125,254893,C,0,0.81,0.78,5,U,-50,9.75"
2026-07-09T13:59:05.707+00:00,/dev/cu.usbserial-576B0005451,"RX,312796,R35,TXE,N61,123,255382,G,1,0.93,0.90,5,U,-51,9.75"
2026-07-09T13:59:05.956+00:00,/dev/cu.usbserial-576B0005451,"RX,313045,R35,TXA,N01,253,255627,F,0,0.28,0.26,5,F,-39,9.25"
2026-07-09T13:59:06.102+00:00,/dev/cu.usbserial-576B0005451,"RX,313191,R35,TXK,N151,127,255764,G,1,0.93,0.90,5,U,-58,9.50"
2026-07-09T13:59:06.455+00:00,/dev/cu.usbserial-576B0005451,"RX,313544,R35,TXF,N76,62,256131,E,1,0.87,0.84,5,U,-54,9.75"
2026-07-09T13:59:06.760+00:00,/dev/cu.usbserial-576B0005451,"RX,313848,R35,TXD,N46,31,256431,G,1,0.93,0.90,5,U,-44,9.50"
2026-07-09T13:59:06.957+00:00,/dev/cu.usbserial-576B0005451,"RX,314045,R35,TXA,N01,254,256627,G,1,0.93,0.90,5,F,-39,9.75"
2026-07-09T13:59:07.223+00:00,/dev/cu.usbserial-576B0005451,"RX,314312,R35,TXB,N16,126,256893,E,1,0.87,0.84,5,U,-51,9.50"
2026-07-09T13:59:07.404+00:00,/dev/cu.usbserial-576B0005451,"RX,314493,R35,TXG,N91,30,257080,G,1,0.93,0.90,5,U,-46,9.50"
2026-07-09T13:59:07.707+00:00,/dev/cu.usbserial-576B0005451,"RX,314796,R35,TXE,N61,124,257382,A,1,0.75,0.72,5,U,-51,9.75"
2026-07-09T13:59:07.957+00:00,/dev/cu.usbserial-576B0005451,"RX,315045,R35,TXA,N01,255,257627,H,1,0.32,0.30,5,F,-39,9.75"
2026-07-09T13:59:08.102+00:00,/dev/cu.usbserial-576B0005451,"RX,315191,R35,TXK,N151,128,257764,A,1,0.75,0.72,5,U,-58,10.00"
2026-07-09T13:59:08.455+00:00,/dev/cu.usbserial-576B0005451,"RX,315544,R35,TXF,N76,63,258131,G,1,0.93,0.90,5,U,-54,9.25"
2026-07-09T13:59:08.613+00:00,/dev/cu.usbserial-576B0005451,"RX,315702,R35,TXJ,N136,30,258280,G,1,0.93,0.90,5,U,-49,9.75"
2026-07-09T13:59:08.708+00:00,/dev/cu.usbserial-576B0005451,"RX,315797,R35,TXC,N31,62,258381,E,1,0.87,0.84,5,U,-40,9.50"
2026-07-09T13:59:08.956+00:00,/dev/cu.usbserial-576B0005451,"RX,316045,R35,TXA,N01,256,258627,A,1,0.75,0.72,5,F,-40,9.50"
2026-07-09T13:59:09.223+00:00,/dev/cu.usbserial-576B0005451,"RX,316312,R35,TXB,N16,127,258893,G,1,0.93,0.90,5,U,-51,9.50"
2026-07-09T13:59:09.707+00:00,/dev/cu.usbserial-576B0005451,"RX,316796,R35,TXE,N61,125,259382,C,0,0.81,0.78,5,U,-51,10.00"
2026-07-09T13:59:09.814+00:00,/dev/cu.usbserial-576B0005451,"RX,316903,R35,TXI,N121,62,259481,E,1,0.87,0.84,5,U,-57,10.00"
2026-07-09T13:59:09.956+00:00,/dev/cu.usbserial-576B0005451,"RX,317045,R35,TXA,N01,257,259627,B,0,0.20,0.18,5,F,-39,9.25"
2026-07-09T13:59:10.102+00:00,/dev/cu.usbserial-576B0005451,"RX,317191,R35,TXK,N151,129,259764,C,1,0.81,0.78,5,U,-58,9.75"
2026-07-09T13:59:10.709+00:00,/dev/cu.usbserial-576B0005451,"RX,317797,R35,TXC,N31,63,260381,G,1,0.93,0.90,5,U,-40,9.75"
2026-07-09T13:59:10.957+00:00,/dev/cu.usbserial-576B0005451,"RX,318045,R35,TXA,N01,258,260627,C,1,0.81,0.78,5,F,-39,9.50"
2026-07-09T13:59:11.224+00:00,/dev/cu.usbserial-576B0005451,"RX,318312,R35,TXB,N16,128,260893,A,1,0.75,0.72,5,U,-50,9.75"
2026-07-09T13:59:11.707+00:00,/dev/cu.usbserial-576B0005451,"RX,318796,R35,TXE,N61,126,261382,E,1,0.87,0.84,5,U,-50,9.50"
2026-07-09T13:59:11.814+00:00,/dev/cu.usbserial-576B0005451,"RX,318903,R35,TXI,N121,63,261481,G,1,0.93,0.90,5,U,-56,9.75"
2026-07-09T13:59:11.956+00:00,/dev/cu.usbserial-576B0005451,"RX,319045,R35,TXA,N01,259,261627,D,1,0.24,0.22,5,F,-39,9.25"
2026-07-09T13:59:12.103+00:00,/dev/cu.usbserial-576B0005451,"RX,319191,R35,TXK,N151,130,261764,E,0,0.87,0.84,5,U,-58,9.50"
2026-07-09T13:59:12.957+00:00,/dev/cu.usbserial-576B0005451,"RX,320045,R35,TXA,N01,260,262627,E,0,0.87,0.84,5,F,-39,9.75"
2026-07-09T13:59:13.224+00:00,/dev/cu.usbserial-576B0005451,"RX,320312,R35,TXB,N16,129,262893,C,1,0.81,0.78,5,U,-51,9.50"
2026-07-09T13:59:13.707+00:00,/dev/cu.usbserial-576B0005451,"RX,320796,R35,TXE,N61,127,263382,G,1,0.93,0.90,5,U,-50,9.50"
2026-07-09T13:59:13.957+00:00,/dev/cu.usbserial-576B0005451,"RX,321045,R35,TXA,N01,261,263627,F,1,0.28,0.26,5,F,-39,9.75"
2026-07-09T13:59:14.067+00:00,/dev/cu.usbserial-576B0005451,"RX,321156,R35,TXH,N106,16,263743,G,1,0.93,0.90,5,U,-43,7.00"
2026-07-09T13:59:14.249+00:00,/dev/cu.usbserial-576B0005451,"RX,321338,R35,TXL,N166,16,263917,G,1,0.93,0.90,5,U,-49,9.50"
2026-07-09T13:59:14.455+00:00,/dev/cu.usbserial-576B0005451,"RX,321544,R35,TXF,N76,64,264131,E,0,0.87,0.84,5,U,-54,9.50"
2026-07-09T13:59:14.760+00:00,/dev/cu.usbserial-576B0005451,"RX,321848,R35,TXD,N46,32,264431,G,1,0.93,0.90,5,U,-44,10.00"
2026-07-09T13:59:14.956+00:00,/dev/cu.usbserial-576B0005451,"RX,322045,R35,TXA,N01,262,264627,G,1,0.93,0.90,5,F,-39,9.50"
2026-07-09T13:59:15.227+00:00,/dev/cu.usbserial-576B0005451,"RX,322312,R35,TXB,N16,130,264893,E,0,0.87,0.84,5,U,-50,9.75"
2026-07-09T13:59:15.404+00:00,/dev/cu.usbserial-576B0005451,"RX,322493,R35,TXG,N91,31,265080,G,1,0.93,0.90,5,U,-45,9.50"
2026-07-09T13:59:15.707+00:00,/dev/cu.usbserial-576B0005451,"RX,322796,R35,TXE,N61,128,265382,A,1,0.75,0.72,5,U,-51,10.00"
2026-07-09T13:59:15.956+00:00,/dev/cu.usbserial-576B0005451,"RX,323045,R35,TXA,N01,263,265627,H,0,0.32,0.30,5,F,-39,9.50"
2026-07-09T13:59:16.102+00:00,/dev/cu.usbserial-576B0005451,"RX,323191,R35,TXK,N151,132,265764,A,1,0.75,0.72,5,U,-58,10.00"
2026-07-09T13:59:16.455+00:00,/dev/cu.usbserial-576B0005451,"RX,323544,R35,TXF,N76,65,266131,G,1,0.93,0.90,5,U,-54,9.25"
2026-07-09T13:59:16.613+00:00,/dev/cu.usbserial-576B0005451,"RX,323702,R35,TXJ,N136,31,266280,G,1,0.93,0.90,5,U,-48,9.25"
2026-07-09T13:59:16.708+00:00,/dev/cu.usbserial-576B0005451,"RX,323797,R35,TXC,N31,64,266381,E,0,0.87,0.84,5,U,-41,10.50"
2026-07-09T13:59:16.956+00:00,/dev/cu.usbserial-576B0005451,"RX,324045,R35,TXA,N01,264,266627,A,1,0.75,0.72,5,F,-39,9.75"
2026-07-09T13:59:17.224+00:00,/dev/cu.usbserial-576B0005451,"RX,324312,R35,TXB,N16,131,266893,G,1,0.93,0.90,5,U,-51,9.75"
2026-07-09T13:59:17.707+00:00,/dev/cu.usbserial-576B0005451,"RX,324796,R35,TXE,N61,129,267382,C,1,0.81,0.78,5,U,-51,9.50"
2026-07-09T13:59:17.814+00:00,/dev/cu.usbserial-576B0005451,"RX,324903,R35,TXI,N121,64,267481,E,0,0.87,0.84,5,U,-55,9.50"
2026-07-09T13:59:17.957+00:00,/dev/cu.usbserial-576B0005451,"RX,325045,R35,TXA,N01,265,267627,B,1,0.20,0.18,5,F,-39,9.75"
2026-07-09T13:59:18.102+00:00,/dev/cu.usbserial-576B0005451,"RX,325191,R35,TXK,N151,133,267764,C,0,0.81,0.78,5,U,-58,9.75"
2026-07-09T13:59:18.709+00:00,/dev/cu.usbserial-576B0005451,"RX,325797,R35,TXC,N31,65,268381,G,1,0.93,0.90,5,U,-40,9.75"
2026-07-09T13:59:18.957+00:00,/dev/cu.usbserial-576B0005451,"RX,326045,R35,TXA,N01,266,268627,C,0,0.81,0.78,5,F,-40,9.50"
2026-07-09T13:59:19.224+00:00,/dev/cu.usbserial-576B0005451,"RX,326312,R35,TXB,N16,132,268893,A,1,0.75,0.72,5,U,-50,9.75"
2026-07-09T13:59:19.707+00:00,/dev/cu.usbserial-576B0005451,"RX,326796,R35,TXE,N61,130,269382,E,0,0.87,0.84,5,U,-51,9.75"
2026-07-09T13:59:19.814+00:00,/dev/cu.usbserial-576B0005451,"RX,326903,R35,TXI,N121,65,269481,G,1,0.93,0.90,5,U,-56,9.75"
2026-07-09T13:59:19.957+00:00,/dev/cu.usbserial-576B0005451,"RX,327045,R35,TXA,N01,267,269627,D,1,0.24,0.22,5,F,-39,9.75"
2026-07-09T13:59:20.102+00:00,/dev/cu.usbserial-576B0005451,"RX,327191,R35,TXK,N151,134,269764,E,1,0.87,0.84,5,U,-58,10.00"
2026-07-09T13:59:20.957+00:00,/dev/cu.usbserial-576B0005451,"RX,328045,R35,TXA,N01,268,270627,E,1,0.87,0.84,5,F,-39,9.75"
2026-07-09T13:59:21.223+00:00,/dev/cu.usbserial-576B0005451,"RX,328312,R35,TXB,N16,133,270893,C,0,0.81,0.78,5,U,-50,9.50"
2026-07-09T13:59:21.707+00:00,/dev/cu.usbserial-576B0005451,"RX,328796,R35,TXE,N61,131,271382,G,1,0.93,0.90,5,U,-51,9.50"
2026-07-09T13:59:21.957+00:00,/dev/cu.usbserial-576B0005451,"RX,329045,R35,TXA,N01,269,271627,F,0,0.28,0.26,5,F,-39,10.00"
2026-07-09T13:59:22.067+00:00,/dev/cu.usbserial-576B0005451,"RX,329156,R35,TXH,N106,17,271743,G,1,0.93,0.90,5,U,-43,6.50"
2026-07-09T13:59:22.249+00:00,/dev/cu.usbserial-576B0005451,"RX,329338,R35,TXL,N166,17,271917,G,1,0.93,0.90,5,U,-50,9.25"
2026-07-09T13:59:22.455+00:00,/dev/cu.usbserial-576B0005451,"RX,329544,R35,TXF,N76,66,272131,E,1,0.87,0.84,5,U,-54,9.75"
2026-07-09T13:59:22.760+00:00,/dev/cu.usbserial-576B0005451,"RX,329848,R35,TXD,N46,33,272431,G,1,0.93,0.90,5,U,-44,9.75"
2026-07-09T13:59:22.957+00:00,/dev/cu.usbserial-576B0005451,"RX,330045,R35,TXA,N01,270,272627,G,1,0.93,0.90,5,F,-39,10.00"
2026-07-09T13:59:23.224+00:00,/dev/cu.usbserial-576B0005451,"RX,330312,R35,TXB,N16,134,272893,E,1,0.87,0.84,5,U,-51,10.00"
2026-07-09T13:59:23.404+00:00,/dev/cu.usbserial-576B0005451,"RX,330493,R35,TXG,N91,32,273080,G,1,0.93,0.90,5,U,-45,9.50"
2026-07-09T13:59:23.707+00:00,/dev/cu.usbserial-576B0005451,"RX,330796,R35,TXE,N61,132,273382,A,1,0.75,0.72,5,U,-51,9.00"
2026-07-09T13:59:23.956+00:00,/dev/cu.usbserial-576B0005451,"RX,331045,R35,TXA,N01,271,273627,H,1,0.32,0.30,5,F,-39,9.50"
2026-07-09T13:59:24.115+00:00,/dev/cu.usbserial-576B0005451,"RX,331191,R35,TXK,N151,136,273764,A,0,0.75,0.72,5,U,-58,10.00"
2026-07-09T13:59:24.454+00:00,/dev/cu.usbserial-576B0005451,"RX,331544,R35,TXF,N76,67,274131,G,1,0.93,0.90,5,U,-54,9.25"
2026-07-09T13:59:24.708+00:00,/dev/cu.usbserial-576B0005451,"RX,331797,R35,TXC,N31,66,274381,E,1,0.87,0.84,5,U,-41,10.00"
2026-07-09T13:59:24.957+00:00,/dev/cu.usbserial-576B0005451,"RX,332045,R35,TXA,N01,272,274627,A,0,0.75,0.72,5,F,-39,9.25"
2026-07-09T13:59:25.223+00:00,/dev/cu.usbserial-576B0005451,"RX,332312,R35,TXB,N16,135,274893,G,1,0.93,0.90,5,U,-51,9.75"
2026-07-09T13:59:25.707+00:00,/dev/cu.usbserial-576B0005451,"RX,332796,R35,TXE,N61,133,275382,C,0,0.81,0.78,5,U,-51,10.25"
2026-07-09T13:59:25.814+00:00,/dev/cu.usbserial-576B0005451,"RX,332903,R35,TXI,N121,66,275481,E,1,0.87,0.84,5,U,-56,9.50"
2026-07-09T13:59:25.957+00:00,/dev/cu.usbserial-576B0005451,"RX,333045,R35,TXA,N01,273,275627,B,1,0.20,0.18,5,F,-39,10.00"
2026-07-09T13:59:26.102+00:00,/dev/cu.usbserial-576B0005451,"RX,333191,R35,TXK,N151,137,275764,C,1,0.81,0.78,5,U,-58,9.50"
2026-07-09T13:59:26.708+00:00,/dev/cu.usbserial-576B0005451,"RX,333797,R35,TXC,N31,67,276381,G,1,0.93,0.90,5,U,-40,9.50"
2026-07-09T13:59:26.957+00:00,/dev/cu.usbserial-576B0005451,"RX,334045,R35,TXA,N01,274,276627,C,1,0.81,0.78,5,F,-39,9.50"
2026-07-09T13:59:27.224+00:00,/dev/cu.usbserial-576B0005451,"RX,334312,R35,TXB,N16,136,276893,A,0,0.75,0.72,5,U,-50,10.00"
2026-07-09T13:59:27.707+00:00,/dev/cu.usbserial-576B0005451,"RX,334796,R35,TXE,N61,134,277382,E,1,0.87,0.84,5,U,-51,9.75"
2026-07-09T13:59:27.814+00:00,/dev/cu.usbserial-576B0005451,"RX,334903,R35,TXI,N121,67,277481,G,1,0.93,0.90,5,U,-56,9.50"
2026-07-09T13:59:27.957+00:00,/dev/cu.usbserial-576B0005451,"RX,335045,R35,TXA,N01,275,277627,D,0,0.24,0.22,5,F,-39,10.00"
2026-07-09T13:59:28.102+00:00,/dev/cu.usbserial-576B0005451,"RX,335191,R35,TXK,N151,138,277764,E,1,0.87,0.84,5,U,-58,9.25"
2026-07-09T13:59:28.957+00:00,/dev/cu.usbserial-576B0005451,"RX,336045,R35,TXA,N01,276,278627,E,1,0.87,0.84,5,F,-40,9.50"
2026-07-09T13:59:29.223+00:00,/dev/cu.usbserial-576B0005451,"RX,336312,R35,TXB,N16,137,278893,C,1,0.81,0.78,5,U,-51,9.50"
2026-07-09T13:59:29.707+00:00,/dev/cu.usbserial-576B0005451,"RX,336796,R35,TXE,N61,135,279382,G,1,0.93,0.90,5,U,-50,10.00"
2026-07-09T13:59:29.957+00:00,/dev/cu.usbserial-576B0005451,"RX,337045,R35,TXA,N01,277,279627,F,1,0.28,0.26,5,F,-39,9.50"
2026-07-09T13:59:30.067+00:00,/dev/cu.usbserial-576B0005451,"RX,337156,R35,TXH,N106,18,279743,G,0,0.93,0.90,5,U,-42,6.50"
2026-07-09T13:59:30.249+00:00,/dev/cu.usbserial-576B0005451,"RX,337338,R35,TXL,N166,18,279917,G,0,0.93,0.90,5,U,-50,9.25"
2026-07-09T13:59:30.455+00:00,/dev/cu.usbserial-576B0005451,"RX,337544,R35,TXF,N76,68,280131,E,1,0.87,0.84,5,U,-53,10.00"
2026-07-09T13:59:30.759+00:00,/dev/cu.usbserial-576B0005451,"RX,337848,R35,TXD,N46,34,280431,G,0,0.93,0.90,5,U,-43,9.50"
2026-07-09T13:59:30.957+00:00,/dev/cu.usbserial-576B0005451,"RX,338045,R35,TXA,N01,278,280627,G,0,0.93,0.90,5,F,-39,9.75"
2026-07-09T13:59:31.224+00:00,/dev/cu.usbserial-576B0005451,"RX,338312,R35,TXB,N16,138,280893,E,1,0.87,0.84,5,U,-51,9.50"
2026-07-09T13:59:31.404+00:00,/dev/cu.usbserial-576B0005451,"RX,338493,R35,TXG,N91,33,281080,G,1,0.93,0.90,5,U,-45,9.75"
2026-07-09T13:59:31.707+00:00,/dev/cu.usbserial-576B0005451,"RX,338796,R35,TXE,N61,136,281382,A,0,0.75,0.72,5,U,-51,9.50"
2026-07-09T13:59:31.957+00:00,/dev/cu.usbserial-576B0005451,"RX,339045,R35,TXA,N01,279,281627,H,1,0.32,0.30,5,F,-39,9.75"
2026-07-09T13:59:32.102+00:00,/dev/cu.usbserial-576B0005451,"RX,339191,R35,TXK,N151,140,281764,A,1,0.75,0.72,5,U,-58,10.25"
2026-07-09T13:59:32.455+00:00,/dev/cu.usbserial-576B0005451,"RX,339544,R35,TXF,N76,69,282131,G,0,0.93,0.90,5,U,-54,9.25"
2026-07-09T13:59:32.613+00:00,/dev/cu.usbserial-576B0005451,"RX,339702,R35,TXJ,N136,33,282280,G,1,0.93,0.90,5,U,-48,9.75"
2026-07-09T13:59:32.708+00:00,/dev/cu.usbserial-576B0005451,"RX,339797,R35,TXC,N31,68,282381,E,1,0.87,0.84,5,U,-40,9.75"
2026-07-09T13:59:32.957+00:00,/dev/cu.usbserial-576B0005451,"RX,340045,R35,TXA,N01,280,282627,A,1,0.75,0.72,5,F,-39,9.75"
2026-07-09T13:59:33.223+00:00,/dev/cu.usbserial-576B0005451,"RX,340312,R35,TXB,N16,139,282893,G,0,0.93,0.90,5,U,-50,9.75"
2026-07-09T13:59:33.707+00:00,/dev/cu.usbserial-576B0005451,"RX,340796,R35,TXE,N61,137,283382,C,1,0.81,0.78,5,U,-51,9.75"
2026-07-09T13:59:33.814+00:00,/dev/cu.usbserial-576B0005451,"RX,340903,R35,TXI,N121,68,283481,E,1,0.87,0.84,5,U,-56,10.25"
2026-07-09T13:59:33.957+00:00,/dev/cu.usbserial-576B0005451,"RX,341045,R35,TXA,N01,281,283627,B,0,0.20,0.18,5,F,-39,9.75"
2026-07-09T13:59:34.102+00:00,/dev/cu.usbserial-576B0005451,"RX,341191,R35,TXK,N151,141,283764,C,1,0.81,0.78,5,U,-58,10.00"
2026-07-09T13:59:34.708+00:00,/dev/cu.usbserial-576B0005451,"RX,341797,R35,TXC,N31,69,284381,G,0,0.93,0.90,5,U,-40,9.50"
2026-07-09T13:59:34.957+00:00,/dev/cu.usbserial-576B0005451,"RX,342045,R35,TXA,N01,282,284627,C,1,0.81,0.78,5,F,-39,9.50"
2026-07-09T13:59:35.224+00:00,/dev/cu.usbserial-576B0005451,"RX,342312,R35,TXB,N16,140,284893,A,1,0.75,0.72,5,U,-51,9.75"
2026-07-09T13:59:35.707+00:00,/dev/cu.usbserial-576B0005451,"RX,342796,R35,TXE,N61,138,285382,E,1,0.87,0.84,5,U,-51,10.00"
2026-07-09T13:59:35.814+00:00,/dev/cu.usbserial-576B0005451,"RX,342903,R35,TXI,N121,69,285481,G,0,0.93,0.90,5,U,-56,10.00"
2026-07-09T13:59:35.957+00:00,/dev/cu.usbserial-576B0005451,"RX,343045,R35,TXA,N01,283,285627,D,1,0.24,0.22,5,F,-39,10.00"
2026-07-09T13:59:36.102+00:00,/dev/cu.usbserial-576B0005451,"RX,343191,R35,TXK,N151,142,285764,E,0,0.87,0.84,5,U,-58,10.00"
2026-07-09T13:59:36.957+00:00,/dev/cu.usbserial-576B0005451,"RX,344045,R35,TXA,N01,284,286627,E,0,0.87,0.84,5,F,-40,9.75"
2026-07-09T13:59:37.224+00:00,/dev/cu.usbserial-576B0005451,"RX,344312,R35,TXB,N16,141,286893,C,1,0.81,0.78,5,U,-50,9.50"
2026-07-09T13:59:37.707+00:00,/dev/cu.usbserial-576B0005451,"RX,344796,R35,TXE,N61,139,287382,G,0,0.93,0.90,5,U,-51,10.00"
2026-07-09T13:59:37.956+00:00,/dev/cu.usbserial-576B0005451,"RX,345045,R35,TXA,N01,285,287627,F,1,0.28,0.26,5,F,-39,9.50"
2026-07-09T13:59:38.067+00:00,/dev/cu.usbserial-576B0005451,"RX,345156,R35,TXH,N106,19,287743,G,1,0.93,0.90,5,U,-42,6.75"
2026-07-09T13:59:38.249+00:00,/dev/cu.usbserial-576B0005451,"RX,345338,R35,TXL,N166,19,287917,G,1,0.93,0.90,5,U,-49,9.75"
2026-07-09T13:59:38.455+00:00,/dev/cu.usbserial-576B0005451,"RX,345544,R35,TXF,N76,70,288131,E,0,0.87,0.84,5,U,-53,9.75"
2026-07-09T13:59:38.759+00:00,/dev/cu.usbserial-576B0005451,"RX,345848,R35,TXD,N46,35,288431,G,1,0.93,0.90,5,U,-43,9.50"
2026-07-09T13:59:38.957+00:00,/dev/cu.usbserial-576B0005451,"RX,346045,R35,TXA,N01,286,288627,G,1,0.93,0.90,5,F,-39,9.75"
2026-07-09T13:59:39.224+00:00,/dev/cu.usbserial-576B0005451,"RX,346312,R35,TXB,N16,142,288893,E,0,0.87,0.84,5,U,-50,10.00"
2026-07-09T13:59:39.404+00:00,/dev/cu.usbserial-576B0005451,"RX,346493,R35,TXG,N91,34,289080,G,0,0.93,0.90,5,U,-45,9.75"
2026-07-09T13:59:39.707+00:00,/dev/cu.usbserial-576B0005451,"RX,346796,R35,TXE,N61,140,289382,A,1,0.75,0.72,5,U,-51,9.75"
2026-07-09T13:59:39.956+00:00,/dev/cu.usbserial-576B0005451,"RX,347045,R35,TXA,N01,287,289627,H,0,0.32,0.30,5,F,-39,9.75"
2026-07-09T13:59:40.102+00:00,/dev/cu.usbserial-576B0005451,"RX,347191,R35,TXK,N151,144,289764,A,1,0.75,0.72,5,U,-58,9.50"
2026-07-09T13:59:40.455+00:00,/dev/cu.usbserial-576B0005451,"RX,347544,R35,TXF,N76,71,290131,G,1,0.93,0.90,5,U,-53,9.25"
2026-07-09T13:59:40.613+00:00,/dev/cu.usbserial-576B0005451,"RX,347702,R35,TXJ,N136,34,290280,G,0,0.93,0.90,5,U,-48,9.50"
2026-07-09T13:59:40.708+00:00,/dev/cu.usbserial-576B0005451,"RX,347797,R35,TXC,N31,70,290381,E,0,0.87,0.84,5,U,-41,9.75"
2026-07-09T13:59:40.956+00:00,/dev/cu.usbserial-576B0005451,"RX,348045,R35,TXA,N01,288,290627,A,1,0.75,0.72,5,F,-39,9.50"
2026-07-09T13:59:41.224+00:00,/dev/cu.usbserial-576B0005451,"RX,348312,R35,TXB,N16,143,290893,G,1,0.93,0.90,5,U,-51,10.00"
2026-07-09T13:59:41.707+00:00,/dev/cu.usbserial-576B0005451,"RX,348796,R35,TXE,N61,141,291382,C,1,0.81,0.78,5,U,-51,9.75"
2026-07-09T13:59:41.814+00:00,/dev/cu.usbserial-576B0005451,"RX,348903,R35,TXI,N121,70,291481,E,0,0.87,0.84,5,U,-56,9.75"
2026-07-09T13:59:41.957+00:00,/dev/cu.usbserial-576B0005451,"RX,349045,R35,TXA,N01,289,291627,B,1,0.20,0.18,5,F,-39,9.50"
2026-07-09T13:59:42.102+00:00,/dev/cu.usbserial-576B0005451,"RX,349191,R35,TXK,N151,145,291764,C,0,0.81,0.78,5,U,-58,10.00"
2026-07-09T13:59:42.708+00:00,/dev/cu.usbserial-576B0005451,"RX,349797,R35,TXC,N31,71,292381,G,1,0.93,0.90,5,U,-40,10.00"
2026-07-09T13:59:42.957+00:00,/dev/cu.usbserial-576B0005451,"RX,350045,R35,TXA,N01,290,292627,C,0,0.81,0.78,5,F,-39,9.75"
2026-07-09T13:59:43.223+00:00,/dev/cu.usbserial-576B0005451,"RX,350312,R35,TXB,N16,144,292893,A,1,0.75,0.72,5,U,-51,9.75"
2026-07-09T13:59:43.814+00:00,/dev/cu.usbserial-576B0005451,"RX,350903,R35,TXI,N121,71,293481,G,1,0.93,0.90,5,U,-56,9.50"
2026-07-09T13:59:43.957+00:00,/dev/cu.usbserial-576B0005451,"RX,351045,R35,TXA,N01,291,293627,D,1,0.24,0.22,5,F,-39,9.75"
2026-07-09T13:59:44.102+00:00,/dev/cu.usbserial-576B0005451,"RX,351191,R35,TXK,N151,146,293764,E,1,0.87,0.84,5,U,-58,9.75"
2026-07-09T13:59:44.957+00:00,/dev/cu.usbserial-576B0005451,"RX,352045,R35,TXA,N01,292,294627,E,1,0.87,0.84,5,F,-39,9.75"
2026-07-09T13:59:45.223+00:00,/dev/cu.usbserial-576B0005451,"RX,352312,R35,TXB,N16,145,294893,C,0,0.81,0.78,5,U,-51,9.75"
2026-07-09T13:59:45.707+00:00,/dev/cu.usbserial-576B0005451,"RX,352796,R35,TXE,N61,143,295382,G,1,0.93,0.90,5,U,-50,9.75"
2026-07-09T13:59:45.957+00:00,/dev/cu.usbserial-576B0005451,"RX,353045,R35,TXA,N01,293,295627,F,0,0.28,0.26,5,F,-40,9.50"
2026-07-09T13:59:46.102+00:00,/dev/cu.usbserial-576B0005451,"RX,353191,R35,TXK,N151,147,295764,G,1,0.93,0.90,5,U,-58,10.00"
2026-07-09T13:59:46.455+00:00,/dev/cu.usbserial-576B0005451,"RX,353544,R35,TXF,N76,72,296131,E,1,0.87,0.84,5,U,-54,9.25"
2026-07-09T13:59:46.759+00:00,/dev/cu.usbserial-576B0005451,"RX,353848,R35,TXD,N46,36,296431,G,1,0.93,0.90,5,U,-44,9.25"
2026-07-09T13:59:46.957+00:00,/dev/cu.usbserial-576B0005451,"RX,354045,R35,TXA,N01,294,296627,G,1,0.93,0.90,5,F,-39,9.75"
2026-07-09T13:59:47.224+00:00,/dev/cu.usbserial-576B0005451,"RX,354312,R35,TXB,N16,146,296893,E,1,0.87,0.84,5,U,-51,9.75"
2026-07-09T13:59:47.404+00:00,/dev/cu.usbserial-576B0005451,"RX,354493,R35,TXG,N91,35,297080,G,1,0.93,0.90,5,U,-46,9.75"
2026-07-09T13:59:47.957+00:00,/dev/cu.usbserial-576B0005451,"RX,355045,R35,TXA,N01,295,297627,H,1,0.32,0.30,5,F,-39,9.75"
2026-07-09T13:59:48.102+00:00,/dev/cu.usbserial-576B0005451,"RX,355191,R35,TXK,N151,148,297764,A,0,0.75,0.72,5,U,-58,9.50"
2026-07-09T13:59:48.455+00:00,/dev/cu.usbserial-576B0005451,"RX,355544,R35,TXF,N76,73,298131,G,1,0.93,0.90,5,U,-54,9.50"
2026-07-09T13:59:48.613+00:00,/dev/cu.usbserial-576B0005451,"RX,355702,R35,TXJ,N136,35,298280,G,1,0.93,0.90,5,U,-49,9.50"
2026-07-09T13:59:48.708+00:00,/dev/cu.usbserial-576B0005451,"RX,355797,R35,TXC,N31,72,298381,E,1,0.87,0.84,5,U,-40,10.00"
2026-07-09T13:59:48.957+00:00,/dev/cu.usbserial-576B0005451,"RX,356046,R35,TXA,N01,296,298627,A,0,0.75,0.72,5,F,-39,9.75"
2026-07-09T13:59:49.224+00:00,/dev/cu.usbserial-576B0005451,"RX,356312,R35,TXB,N16,147,298893,G,1,0.93,0.90,5,U,-50,10.25"
2026-07-09T13:59:49.707+00:00,/dev/cu.usbserial-576B0005451,"RX,356796,R35,TXE,N61,145,299382,C,0,0.81,0.78,5,U,-51,9.50"
2026-07-09T13:59:49.814+00:00,/dev/cu.usbserial-576B0005451,"RX,356903,R35,TXI,N121,72,299481,E,1,0.87,0.84,5,U,-56,10.25"
2026-07-09T13:59:49.957+00:00,/dev/cu.usbserial-576B0005451,"RX,357045,R35,TXA,N01,297,299627,B,1,0.20,0.18,5,F,-39,9.75"
2026-07-09T13:59:50.102+00:00,/dev/cu.usbserial-576B0005451,"RX,357191,R35,TXK,N151,149,299764,C,1,0.81,0.78,5,U,-58,9.50"
2026-07-09T13:59:50.708+00:00,/dev/cu.usbserial-576B0005451,"RX,357797,R35,TXC,N31,73,300381,G,1,0.93,0.90,5,U,-40,10.25"
2026-07-09T13:59:50.957+00:00,/dev/cu.usbserial-576B0005451,"RX,358045,R35,TXA,N01,298,300627,C,1,0.81,0.78,5,F,-39,9.75"
2026-07-09T13:59:51.224+00:00,/dev/cu.usbserial-576B0005451,"RX,358312,R35,TXB,N16,148,300893,A,0,0.75,0.72,5,U,-50,10.00"
2026-07-09T13:59:51.707+00:00,/dev/cu.usbserial-576B0005451,"RX,358796,R35,TXE,N61,146,301382,E,1,0.87,0.84,5,U,-51,9.50"
2026-07-09T13:59:51.814+00:00,/dev/cu.usbserial-576B0005451,"RX,358903,R35,TXI,N121,73,301481,G,1,0.93,0.90,5,U,-56,9.50"
2026-07-09T13:59:51.957+00:00,/dev/cu.usbserial-576B0005451,"RX,359046,R35,TXA,N01,299,301627,D,0,0.24,0.22,5,F,-39,10.00"
2026-07-09T13:59:52.102+00:00,/dev/cu.usbserial-576B0005451,"RX,359191,R35,TXK,N151,150,301764,E,1,0.87,0.84,5,U,-58,10.25"
2026-07-09T13:59:52.957+00:00,/dev/cu.usbserial-576B0005451,"RX,360046,R35,TXA,N01,300,302627,E,1,0.87,0.84,5,F,-39,9.25"
2026-07-09T13:59:53.224+00:00,/dev/cu.usbserial-576B0005451,"RX,360312,R35,TXB,N16,149,302893,C,1,0.81,0.78,5,U,-51,9.75"
2026-07-09T13:59:53.707+00:00,/dev/cu.usbserial-576B0005451,"RX,360796,R35,TXE,N61,147,303382,G,1,0.93,0.90,5,U,-51,10.25"
2026-07-09T13:59:53.957+00:00,/dev/cu.usbserial-576B0005451,"RX,361045,R35,TXA,N01,301,303627,F,1,0.28,0.26,5,F,-39,10.00"
2026-07-09T13:59:54.102+00:00,/dev/cu.usbserial-576B0005451,"RX,361191,R35,TXK,N151,151,303764,G,0,0.93,0.90,5,U,-58,10.25"
2026-07-09T13:59:54.455+00:00,/dev/cu.usbserial-576B0005451,"RX,361544,R35,TXF,N76,74,304131,E,1,0.87,0.84,5,U,-54,9.75"
2026-07-09T13:59:54.759+00:00,/dev/cu.usbserial-576B0005451,"RX,361848,R35,TXD,N46,37,304431,G,0,0.93,0.90,5,U,-43,10.00"
2026-07-09T13:59:54.957+00:00,/dev/cu.usbserial-576B0005451,"RX,362045,R35,TXA,N01,302,304627,G,0,0.93,0.90,5,F,-39,9.50"
2026-07-09T13:59:55.224+00:00,/dev/cu.usbserial-576B0005451,"RX,362312,R35,TXB,N16,150,304893,E,1,0.87,0.84,5,U,-50,10.00"
2026-07-09T13:59:55.404+00:00,/dev/cu.usbserial-576B0005451,"RX,362493,R35,TXG,N91,36,305080,G,1,0.93,0.90,5,U,-45,9.50"
2026-07-09T13:59:55.707+00:00,/dev/cu.usbserial-576B0005451,"RX,362796,R35,TXE,N61,148,305382,A,0,0.75,0.72,5,U,-51,9.50"
2026-07-09T13:59:55.957+00:00,/dev/cu.usbserial-576B0005451,"RX,363046,R35,TXA,N01,303,305627,H,1,0.32,0.30,5,F,-39,9.75"
2026-07-09T13:59:56.102+00:00,/dev/cu.usbserial-576B0005451,"RX,363191,R35,TXK,N151,152,305764,A,1,0.75,0.72,5,U,-58,10.00"
2026-07-09T13:59:56.455+00:00,/dev/cu.usbserial-576B0005451,"RX,363544,R35,TXF,N76,75,306131,G,0,0.93,0.90,5,U,-54,9.50"
2026-07-09T13:59:56.613+00:00,/dev/cu.usbserial-576B0005451,"RX,363702,R35,TXJ,N136,36,306280,G,1,0.93,0.90,5,U,-49,9.50"
2026-07-09T13:59:56.708+00:00,/dev/cu.usbserial-576B0005451,"RX,363797,R35,TXC,N31,74,306381,E,1,0.87,0.84,5,U,-40,9.75"
2026-07-09T13:59:56.957+00:00,/dev/cu.usbserial-576B0005451,"RX,364046,R35,TXA,N01,304,306627,A,1,0.75,0.72,5,F,-40,9.75"
2026-07-09T13:59:57.224+00:00,/dev/cu.usbserial-576B0005451,"RX,364312,R35,TXB,N16,151,306893,G,0,0.93,0.90,5,U,-50,10.00"
2026-07-09T13:59:57.707+00:00,/dev/cu.usbserial-576B0005451,"RX,364796,R35,TXE,N61,149,307382,C,1,0.81,0.78,5,U,-51,9.75"
2026-07-09T13:59:57.814+00:00,/dev/cu.usbserial-576B0005451,"RX,364903,R35,TXI,N121,74,307481,E,1,0.87,0.84,5,U,-56,9.75"
2026-07-09T13:59:57.957+00:00,/dev/cu.usbserial-576B0005451,"RX,365046,R35,TXA,N01,305,307627,B,0,0.20,0.18,5,F,-39,9.75"
2026-07-09T13:59:58.102+00:00,/dev/cu.usbserial-576B0005451,"RX,365191,R35,TXK,N151,153,307764,C,1,0.81,0.78,5,U,-58,10.00"
2026-07-09T13:59:58.708+00:00,/dev/cu.usbserial-576B0005451,"RX,365797,R35,TXC,N31,75,308381,G,0,0.93,0.90,5,U,-40,9.50"
2026-07-09T13:59:58.957+00:00,/dev/cu.usbserial-576B0005451,"RX,366046,R35,TXA,N01,306,308627,C,1,0.81,0.78,5,F,-39,10.00"
2026-07-09T13:59:59.224+00:00,/dev/cu.usbserial-576B0005451,"RX,366312,R35,TXB,N16,152,308893,A,1,0.75,0.72,5,U,-51,9.75"
2026-07-09T13:59:59.707+00:00,/dev/cu.usbserial-576B0005451,"RX,366796,R35,TXE,N61,150,309382,E,1,0.87,0.84,5,U,-50,9.75"
2026-07-09T13:59:59.813+00:00,/dev/cu.usbserial-576B0005451,"RX,366903,R35,TXI,N121,75,309481,G,0,0.93,0.90,5,U,-55,9.50"
2026-07-09T13:59:59.956+00:00,/dev/cu.usbserial-576B0005451,"RX,367046,R35,TXA,N01,307,309627,D,1,0.24,0.22,5,F,-39,9.50"
2026-07-09T14:00:00.102+00:00,/dev/cu.usbserial-576B0005451,"RX,367191,R35,TXK,N151,154,309764,E,0,0.87,0.84,5,U,-58,9.75"
2026-07-09T14:00:00.956+00:00,/dev/cu.usbserial-576B0005451,"RX,368046,R35,TXA,N01,308,310627,E,0,0.87,0.84,5,F,-39,9.75"
2026-07-09T14:00:01.223+00:00,/dev/cu.usbserial-576B0005451,"RX,368312,R35,TXB,N16,153,310893,C,1,0.81,0.78,5,U,-50,9.50"
2026-07-09T14:00:01.707+00:00,/dev/cu.usbserial-576B0005451,"RX,368796,R35,TXE,N61,151,311382,G,0,0.93,0.90,5,U,-51,10.25"
2026-07-09T14:00:01.957+00:00,/dev/cu.usbserial-576B0005451,"RX,369045,R35,TXA,N01,309,311627,F,1,0.28,0.26,5,F,-39,10.00"
2026-07-09T14:00:02.102+00:00,/dev/cu.usbserial-576B0005451,"RX,369191,R35,TXK,N151,155,311764,G,1,0.93,0.90,5,U,-58,10.50"
2026-07-09T14:00:02.455+00:00,/dev/cu.usbserial-576B0005451,"RX,369544,R35,TXF,N76,76,312131,E,0,0.87,0.84,5,U,-54,9.25"
2026-07-09T14:00:02.760+00:00,/dev/cu.usbserial-576B0005451,"RX,369848,R35,TXD,N46,38,312431,G,1,0.93,0.90,5,U,-44,9.50"
2026-07-09T14:00:02.957+00:00,/dev/cu.usbserial-576B0005451,"RX,370046,R35,TXA,N01,310,312627,G,1,0.93,0.90,5,F,-39,10.00"
2026-07-09T14:00:03.224+00:00,/dev/cu.usbserial-576B0005451,"RX,370312,R35,TXB,N16,154,312893,E,0,0.87,0.84,5,U,-50,9.50"
2026-07-09T14:00:03.404+00:00,/dev/cu.usbserial-576B0005451,"RX,370493,R35,TXG,N91,37,313080,G,0,0.93,0.90,5,U,-45,9.75"
2026-07-09T14:00:03.707+00:00,/dev/cu.usbserial-576B0005451,"RX,370796,R35,TXE,N61,152,313382,A,1,0.75,0.72,5,U,-51,9.75"
2026-07-09T14:00:03.957+00:00,/dev/cu.usbserial-576B0005451,"RX,371046,R35,TXA,N01,311,313627,H,0,0.32,0.30,5,F,-39,9.50"
2026-07-09T14:00:04.102+00:00,/dev/cu.usbserial-576B0005451,"RX,371191,R35,TXK,N151,156,313764,A,1,0.75,0.72,5,U,-58,9.50"
2026-07-09T14:00:04.454+00:00,/dev/cu.usbserial-576B0005451,"RX,371544,R35,TXF,N76,77,314131,G,1,0.93,0.90,5,U,-54,9.50"
2026-07-09T14:00:04.613+00:00,/dev/cu.usbserial-576B0005451,"RX,371702,R35,TXJ,N136,37,314280,G,0,0.93,0.90,5,U,-49,9.50"
2026-07-09T14:00:04.708+00:00,/dev/cu.usbserial-576B0005451,"RX,371797,R35,TXC,N31,76,314381,E,0,0.87,0.84,5,U,-41,9.75"
2026-07-09T14:00:04.957+00:00,/dev/cu.usbserial-576B0005451,"RX,372046,R35,TXA,N01,312,314627,A,1,0.75,0.72,5,F,-39,10.50"
2026-07-09T14:00:05.223+00:00,/dev/cu.usbserial-576B0005451,"RX,372312,R35,TXB,N16,155,314893,G,1,0.93,0.90,5,U,-51,10.00"
2026-07-09T14:00:05.707+00:00,/dev/cu.usbserial-576B0005451,"RX,372796,R35,TXE,N61,153,315382,C,1,0.81,0.78,5,U,-51,9.75"
2026-07-09T14:00:05.814+00:00,/dev/cu.usbserial-576B0005451,"RX,372903,R35,TXI,N121,76,315481,E,0,0.87,0.84,5,U,-56,10.00"
2026-07-09T14:00:05.957+00:00,/dev/cu.usbserial-576B0005451,"RX,373046,R35,TXA,N01,313,315627,B,1,0.20,0.18,5,F,-39,9.50"
2026-07-09T14:00:06.102+00:00,/dev/cu.usbserial-576B0005451,"RX,373191,R35,TXK,N151,157,315764,C,0,0.81,0.78,5,U,-58,10.00"
2026-07-09T14:00:06.708+00:00,/dev/cu.usbserial-576B0005451,"RX,373797,R35,TXC,N31,77,316381,G,1,0.93,0.90,5,U,-40,12.00"
2026-07-09T14:00:06.957+00:00,/dev/cu.usbserial-576B0005451,"RX,374046,R35,TXA,N01,314,316627,C,0,0.81,0.78,5,F,-40,10.00"
2026-07-09T14:00:07.223+00:00,/dev/cu.usbserial-576B0005451,"RX,374312,R35,TXB,N16,156,316893,A,1,0.75,0.72,5,U,-50,9.75"
2026-07-09T14:00:07.707+00:00,/dev/cu.usbserial-576B0005451,"RX,374796,R35,TXE,N61,154,317382,E,0,0.87,0.84,5,U,-51,10.00"
2026-07-09T14:00:07.814+00:00,/dev/cu.usbserial-576B0005451,"RX,374903,R35,TXI,N121,77,317481,G,1,0.93,0.90,5,U,-56,9.50"
2026-07-09T14:00:07.957+00:00,/dev/cu.usbserial-576B0005451,"RX,375046,R35,TXA,N01,315,317627,D,1,0.24,0.22,5,F,-39,9.75"
2026-07-09T14:00:08.102+00:00,/dev/cu.usbserial-576B0005451,"RX,375191,R35,TXK,N151,158,317764,E,1,0.87,0.84,5,U,-58,9.75"
2026-07-09T14:00:08.957+00:00,/dev/cu.usbserial-576B0005451,"RX,376046,R35,TXA,N01,316,318627,E,1,0.87,0.84,5,F,-39,9.75"
2026-07-09T14:00:09.224+00:00,/dev/cu.usbserial-576B0005451,"RX,376312,R35,TXB,N16,157,318893,C,0,0.81,0.78,5,U,-50,9.75"
2026-07-09T14:00:09.707+00:00,/dev/cu.usbserial-576B0005451,"RX,376796,R35,TXE,N61,155,319382,G,1,0.93,0.90,5,U,-51,9.50"
2026-07-09T14:00:09.957+00:00,/dev/cu.usbserial-576B0005451,"RX,377046,R35,TXA,N01,317,319627,F,0,0.28,0.26,5,F,-40,9.75"
2026-07-09T14:00:10.102+00:00,/dev/cu.usbserial-576B0005451,"RX,377191,R35,TXK,N151,159,319764,G,1,0.93,0.90,5,U,-59,10.25"
2026-07-09T14:00:10.455+00:00,/dev/cu.usbserial-576B0005451,"RX,377544,R35,TXF,N76,78,320131,E,1,0.87,0.84,5,U,-54,9.75"
2026-07-09T14:00:10.760+00:00,/dev/cu.usbserial-576B0005451,"RX,377848,R35,TXD,N46,39,320431,G,1,0.93,0.90,5,U,-43,10.00"
2026-07-09T14:00:10.957+00:00,/dev/cu.usbserial-576B0005451,"RX,378046,R35,TXA,N01,318,320627,G,1,0.93,0.90,5,F,-40,9.50"
2026-07-09T14:00:11.224+00:00,/dev/cu.usbserial-576B0005451,"RX,378312,R35,TXB,N16,158,320893,E,1,0.87,0.84,5,U,-50,9.75"
2026-07-09T14:00:11.404+00:00,/dev/cu.usbserial-576B0005451,"RX,378493,R35,TXG,N91,38,321080,G,1,0.93,0.90,5,U,-45,9.50"
2026-07-09T14:00:11.707+00:00,/dev/cu.usbserial-576B0005451,"RX,378796,R35,TXE,N61,156,321382,A,1,0.75,0.72,5,U,-51,9.75"
2026-07-09T14:00:11.957+00:00,/dev/cu.usbserial-576B0005451,"RX,379045,R35,TXA,N01,319,321627,H,1,0.32,0.30,5,F,-39,10.00"
2026-07-09T14:00:12.102+00:00,/dev/cu.usbserial-576B0005451,"RX,379191,R35,TXK,N151,160,321764,A,1,0.75,0.72,5,U,-58,9.50"
2026-07-09T14:00:12.455+00:00,/dev/cu.usbserial-576B0005451,"RX,379544,R35,TXF,N76,79,322131,G,1,0.93,0.90,5,U,-54,9.75"
2026-07-09T14:00:12.613+00:00,/dev/cu.usbserial-576B0005451,"RX,379702,R35,TXJ,N136,38,322280,G,1,0.93,0.90,5,U,-48,9.50"
2026-07-09T14:00:12.708+00:00,/dev/cu.usbserial-576B0005451,"RX,379797,R35,TXC,N31,78,322381,E,1,0.87,0.84,5,U,-40,9.75"
2026-07-09T14:00:12.957+00:00,/dev/cu.usbserial-576B0005451,"RX,380046,R35,TXA,N01,320,322627,A,1,0.75,0.72,5,F,-39,10.00"
2026-07-09T14:00:13.224+00:00,/dev/cu.usbserial-576B0005451,"RX,380312,R35,TXB,N16,159,322893,G,1,0.93,0.90,5,U,-51,9.75"
2026-07-09T14:00:13.707+00:00,/dev/cu.usbserial-576B0005451,"RX,380796,R35,TXE,N61,157,323382,C,0,0.81,0.78,5,U,-51,9.75"
2026-07-09T14:00:13.814+00:00,/dev/cu.usbserial-576B0005451,"RX,380903,R35,TXI,N121,78,323481,E,1,0.87,0.84,5,U,-56,10.00"
2026-07-09T14:00:13.957+00:00,/dev/cu.usbserial-576B0005451,"RX,381046,R35,TXA,N01,321,323627,B,0,0.20,0.18,5,F,-39,9.25"
2026-07-09T14:00:14.102+00:00,/dev/cu.usbserial-576B0005451,"RX,381191,R35,TXK,N151,161,323764,C,1,0.81,0.78,5,U,-58,9.50"
2026-07-09T14:00:14.708+00:00,/dev/cu.usbserial-576B0005451,"RX,381797,R35,TXC,N31,79,324381,G,1,0.93,0.90,5,U,-40,10.00"
2026-07-09T14:00:14.957+00:00,/dev/cu.usbserial-576B0005451,"RX,382046,R35,TXA,N01,322,324627,C,1,0.81,0.78,5,F,-39,9.50"
2026-07-09T14:00:15.224+00:00,/dev/cu.usbserial-576B0005451,"RX,382312,R35,TXB,N16,160,324893,A,1,0.75,0.72,5,U,-51,10.25"
2026-07-09T14:00:15.707+00:00,/dev/cu.usbserial-576B0005451,"RX,382796,R35,TXE,N61,158,325382,E,1,0.87,0.84,5,U,-51,9.75"
2026-07-09T14:00:15.814+00:00,/dev/cu.usbserial-576B0005451,"RX,382903,R35,TXI,N121,79,325481,G,1,0.93,0.90,5,U,-56,9.50"
2026-07-09T14:00:15.957+00:00,/dev/cu.usbserial-576B0005451,"RX,383046,R35,TXA,N01,323,325627,D,1,0.24,0.22,5,F,-40,9.50"
2026-07-09T14:00:16.102+00:00,/dev/cu.usbserial-576B0005451,"RX,383191,R35,TXK,N151,162,325764,E,0,0.87,0.84,5,U,-58,9.75"
2026-07-09T14:00:16.957+00:00,/dev/cu.usbserial-576B0005451,"RX,384046,R35,TXA,N01,324,326627,E,0,0.87,0.84,5,F,-40,9.50"
2026-07-09T14:00:17.224+00:00,/dev/cu.usbserial-576B0005451,"RX,384312,R35,TXB,N16,161,326893,C,1,0.81,0.78,5,U,-51,9.75"
2026-07-09T14:00:17.707+00:00,/dev/cu.usbserial-576B0005451,"RX,384796,R35,TXE,N61,159,327382,G,1,0.93,0.90,5,U,-51,9.50"
2026-07-09T14:00:17.957+00:00,/dev/cu.usbserial-576B0005451,"RX,385046,R35,TXA,N01,325,327627,F,1,0.28,0.26,5,F,-40,9.75"
2026-07-09T14:00:18.067+00:00,/dev/cu.usbserial-576B0005451,"RX,385156,R35,TXH,N106,20,327743,G,1,0.93,0.90,5,U,-42,6.75"
2026-07-09T14:00:18.249+00:00,/dev/cu.usbserial-576B0005451,"RX,385338,R35,TXL,N166,20,327917,G,1,0.93,0.90,5,U,-50,9.50"
2026-07-09T14:00:18.455+00:00,/dev/cu.usbserial-576B0005451,"RX,385543,R35,TXF,N76,80,328131,E,0,0.87,0.84,5,U,-53,9.75"
2026-07-09T14:00:18.759+00:00,/dev/cu.usbserial-576B0005451,"RX,385848,R35,TXD,N46,40,328431,G,1,0.93,0.90,5,U,-44,9.75"
2026-07-09T14:00:18.957+00:00,/dev/cu.usbserial-576B0005451,"RX,386046,R35,TXA,N01,326,328627,G,1,0.93,0.90,5,F,-39,9.75"
2026-07-09T14:00:19.224+00:00,/dev/cu.usbserial-576B0005451,"RX,386312,R35,TXB,N16,162,328893,E,0,0.87,0.84,5,U,-51,9.75"
2026-07-09T14:00:19.404+00:00,/dev/cu.usbserial-576B0005451,"RX,386493,R35,TXG,N91,39,329080,G,1,0.93,0.90,5,U,-45,10.00"
2026-07-09T14:00:19.707+00:00,/dev/cu.usbserial-576B0005451,"RX,386796,R35,TXE,N61,160,329382,A,1,0.75,0.72,5,U,-51,9.75"
2026-07-09T14:00:19.957+00:00,/dev/cu.usbserial-576B0005451,"RX,387046,R35,TXA,N01,327,329627,H,0,0.32,0.30,5,F,-39,10.25"
2026-07-09T14:00:20.102+00:00,/dev/cu.usbserial-576B0005451,"RX,387191,R35,TXK,N151,164,329764,A,1,0.75,0.72,5,U,-58,9.75"
2026-07-09T14:00:20.455+00:00,/dev/cu.usbserial-576B0005451,"RX,387544,R35,TXF,N76,81,330131,G,1,0.93,0.90,5,U,-53,9.50"
2026-07-09T14:00:20.613+00:00,/dev/cu.usbserial-576B0005451,"RX,387702,R35,TXJ,N136,39,330280,G,1,0.93,0.90,5,U,-48,9.75"
2026-07-09T14:00:20.708+00:00,/dev/cu.usbserial-576B0005451,"RX,387797,R35,TXC,N31,80,330381,E,0,0.87,0.84,5,U,-40,9.75"
2026-07-09T14:00:20.957+00:00,/dev/cu.usbserial-576B0005451,"RX,388046,R35,TXA,N01,328,330627,A,1,0.75,0.72,5,F,-40,10.25"
2026-07-09T14:00:21.224+00:00,/dev/cu.usbserial-576B0005451,"RX,388312,R35,TXB,N16,163,330893,G,1,0.93,0.90,5,U,-51,10.00"
2026-07-09T14:00:21.707+00:00,/dev/cu.usbserial-576B0005451,"RX,388796,R35,TXE,N61,161,331382,C,1,0.81,0.78,5,U,-51,10.00"
2026-07-09T14:00:21.814+00:00,/dev/cu.usbserial-576B0005451,"RX,388903,R35,TXI,N121,80,331481,E,0,0.87,0.84,5,U,-56,10.00"
2026-07-09T14:00:21.957+00:00,/dev/cu.usbserial-576B0005451,"RX,389046,R35,TXA,N01,329,331627,B,1,0.20,0.18,5,F,-39,9.50"
2026-07-09T14:00:22.102+00:00,/dev/cu.usbserial-576B0005451,"RX,389191,R35,TXK,N151,165,331764,C,0,0.81,0.78,5,U,-58,9.50"
2026-07-09T14:00:22.708+00:00,/dev/cu.usbserial-576B0005451,"RX,389797,R35,TXC,N31,81,332381,G,1,0.93,0.90,5,U,-40,9.75"
2026-07-09T14:00:22.957+00:00,/dev/cu.usbserial-576B0005451,"RX,390046,R35,TXA,N01,330,332627,C,0,0.81,0.78,5,F,-39,10.25"
2026-07-09T14:00:23.224+00:00,/dev/cu.usbserial-576B0005451,"RX,390312,R35,TXB,N16,164,332893,A,1,0.75,0.72,5,U,-51,10.25"
2026-07-09T14:00:23.707+00:00,/dev/cu.usbserial-576B0005451,"RX,390796,R35,TXE,N61,162,333382,E,0,0.87,0.84,5,U,-51,10.00"
2026-07-09T14:00:23.814+00:00,/dev/cu.usbserial-576B0005451,"RX,390903,R35,TXI,N121,81,333481,G,1,0.93,0.90,5,U,-56,9.75"
2026-07-09T14:00:23.957+00:00,/dev/cu.usbserial-576B0005451,"RX,391046,R35,TXA,N01,331,333627,D,1,0.24,0.22,5,F,-39,10.00"
2026-07-09T14:00:24.102+00:00,/dev/cu.usbserial-576B0005451,"RX,391191,R35,TXK,N151,166,333764,E,1,0.87,0.84,5,U,-58,9.50"
2026-07-09T14:00:24.957+00:00,/dev/cu.usbserial-576B0005451,"RX,392046,R35,TXA,N01,332,334627,E,1,0.87,0.84,5,F,-39,10.00"
2026-07-09T14:00:25.224+00:00,/dev/cu.usbserial-576B0005451,"RX,392312,R35,TXB,N16,165,334893,C,0,0.81,0.78,5,U,-51,9.75"
2026-07-09T14:00:25.707+00:00,/dev/cu.usbserial-576B0005451,"RX,392796,R35,TXE,N61,163,335382,G,1,0.93,0.90,5,U,-51,10.00"
2026-07-09T14:00:25.957+00:00,/dev/cu.usbserial-576B0005451,"RX,393046,R35,TXA,N01,333,335627,F,0,0.28,0.26,5,F,-40,9.00"
2026-07-09T14:00:26.067+00:00,/dev/cu.usbserial-576B0005451,"RX,393156,R35,TXH,N106,21,335743,G,1,0.93,0.90,5,U,-42,6.25"
2026-07-09T14:00:26.249+00:00,/dev/cu.usbserial-576B0005451,"RX,393338,R35,TXL,N166,21,335917,G,1,0.93,0.90,5,U,-50,9.50"
2026-07-09T14:00:26.455+00:00,/dev/cu.usbserial-576B0005451,"RX,393544,R35,TXF,N76,82,336131,E,1,0.87,0.84,5,U,-54,9.25"
2026-07-09T14:00:26.759+00:00,/dev/cu.usbserial-576B0005451,"RX,393848,R35,TXD,N46,41,336431,G,1,0.93,0.90,5,U,-44,9.75"
2026-07-09T14:00:26.957+00:00,/dev/cu.usbserial-576B0005451,"RX,394046,R35,TXA,N01,334,336627,G,1,0.93,0.90,5,F,-39,9.75"
2026-07-09T14:00:27.224+00:00,/dev/cu.usbserial-576B0005451,"RX,394312,R35,TXB,N16,166,336893,E,1,0.87,0.84,5,U,-51,9.50"
2026-07-09T14:00:27.404+00:00,/dev/cu.usbserial-576B0005451,"RX,394493,R35,TXG,N91,40,337080,G,1,0.93,0.90,5,U,-45,9.75"
2026-07-09T14:00:27.707+00:00,/dev/cu.usbserial-576B0005451,"RX,394796,R35,TXE,N61,164,337382,A,1,0.75,0.72,5,U,-51,9.75"
2026-07-09T14:00:27.957+00:00,/dev/cu.usbserial-576B0005451,"RX,395046,R35,TXA,N01,335,337627,H,1,0.32,0.30,5,F,-39,9.75"
2026-07-09T14:00:28.102+00:00,/dev/cu.usbserial-576B0005451,"RX,395191,R35,TXK,N151,168,337764,A,0,0.75,0.72,5,U,-58,9.50"
2026-07-09T14:00:28.455+00:00,/dev/cu.usbserial-576B0005451,"RX,395543,R35,TXF,N76,83,338131,G,1,0.93,0.90,5,U,-54,9.00"
2026-07-09T14:00:28.613+00:00,/dev/cu.usbserial-576B0005451,"RX,395702,R35,TXJ,N136,40,338280,G,1,0.93,0.90,5,U,-49,9.50"
2026-07-09T14:00:28.708+00:00,/dev/cu.usbserial-576B0005451,"RX,395797,R35,TXC,N31,82,338381,E,1,0.87,0.84,5,U,-40,10.00"
2026-07-09T14:00:28.957+00:00,/dev/cu.usbserial-576B0005451,"RX,396046,R35,TXA,N01,336,338627,A,0,0.75,0.72,5,F,-39,9.50"
2026-07-09T14:00:29.224+00:00,/dev/cu.usbserial-576B0005451,"RX,396312,R35,TXB,N16,167,338893,G,1,0.93,0.90,5,U,-51,9.75"
2026-07-09T14:00:29.707+00:00,/dev/cu.usbserial-576B0005451,"RX,396796,R35,TXE,N61,165,339382,C,0,0.81,0.78,5,U,-51,10.00"
2026-07-09T14:00:29.814+00:00,/dev/cu.usbserial-576B0005451,"RX,396903,R35,TXI,N121,82,339481,E,1,0.87,0.84,5,U,-56,9.75"
2026-07-09T14:00:29.957+00:00,/dev/cu.usbserial-576B0005451,"RX,397046,R35,TXA,N01,337,339627,B,1,0.20,0.18,5,F,-39,9.25"
2026-07-09T14:00:30.102+00:00,/dev/cu.usbserial-576B0005451,"RX,397191,R35,TXK,N151,169,339764,C,1,0.81,0.78,5,U,-58,9.75"
2026-07-09T14:00:30.708+00:00,/dev/cu.usbserial-576B0005451,"RX,397797,R35,TXC,N31,83,340381,G,1,0.93,0.90,5,U,-40,9.25"
2026-07-09T14:00:30.957+00:00,/dev/cu.usbserial-576B0005451,"RX,398046,R35,TXA,N01,338,340627,C,1,0.81,0.78,5,F,-39,9.75"
2026-07-09T14:00:31.224+00:00,/dev/cu.usbserial-576B0005451,"RX,398312,R35,TXB,N16,168,340893,A,0,0.75,0.72,5,U,-51,9.75"
2026-07-09T14:00:31.707+00:00,/dev/cu.usbserial-576B0005451,"RX,398796,R35,TXE,N61,166,341382,E,1,0.87,0.84,5,U,-51,9.50"
2026-07-09T14:00:31.814+00:00,/dev/cu.usbserial-576B0005451,"RX,398903,R35,TXI,N121,83,341481,G,1,0.93,0.90,5,U,-56,9.50"
2026-07-09T14:00:31.957+00:00,/dev/cu.usbserial-576B0005451,"RX,399046,R35,TXA,N01,339,341627,D,0,0.24,0.22,5,F,-39,9.50"
2026-07-09T14:00:32.102+00:00,/dev/cu.usbserial-576B0005451,"RX,399191,R35,TXK,N151,170,341764,E,1,0.87,0.84,5,U,-58,10.25"
2026-07-09T14:00:32.957+00:00,/dev/cu.usbserial-576B0005451,"RX,400046,R35,TXA,N01,340,342627,E,1,0.87,0.84,5,F,-39,9.50"
2026-07-09T14:00:33.224+00:00,/dev/cu.usbserial-576B0005451,"RX,400312,R35,TXB,N16,169,342893,C,1,0.81,0.78,5,U,-51,9.50"
2026-07-09T14:00:33.707+00:00,/dev/cu.usbserial-576B0005451,"RX,400796,R35,TXE,N61,167,343382,G,1,0.93,0.90,5,U,-51,9.50"
2026-07-09T14:00:33.957+00:00,/dev/cu.usbserial-576B0005451,"RX,401046,R35,TXA,N01,341,343627,F,1,0.28,0.26,5,F,-40,9.75"
2026-07-09T14:00:34.067+00:00,/dev/cu.usbserial-576B0005451,"RX,401156,R35,TXH,N106,22,343743,G,0,0.93,0.90,5,U,-42,6.25"
2026-07-09T14:00:34.249+00:00,/dev/cu.usbserial-576B0005451,"RX,401338,R35,TXL,N166,22,343917,G,0,0.93,0.90,5,U,-50,9.25"
2026-07-09T14:00:34.455+00:00,/dev/cu.usbserial-576B0005451,"RX,401544,R35,TXF,N76,84,344131,E,1,0.87,0.84,5,U,-54,9.75"
2026-07-09T14:00:34.759+00:00,/dev/cu.usbserial-576B0005451,"RX,401848,R35,TXD,N46,42,344431,G,0,0.93,0.90,5,U,-44,9.75"
2026-07-09T14:00:34.957+00:00,/dev/cu.usbserial-576B0005451,"RX,402046,R35,TXA,N01,342,344627,G,0,0.93,0.90,5,F,-39,9.25"
2026-07-09T14:00:35.224+00:00,/dev/cu.usbserial-576B0005451,"RX,402312,R35,TXB,N16,170,344893,E,1,0.87,0.84,5,U,-51,9.50"
2026-07-09T14:00:35.404+00:00,/dev/cu.usbserial-576B0005451,"RX,402493,R35,TXG,N91,41,345080,G,1,0.93,0.90,5,U,-45,9.75"
2026-07-09T14:00:35.707+00:00,/dev/cu.usbserial-576B0005451,"RX,402796,R35,TXE,N61,168,345382,A,0,0.75,0.72,5,U,-51,10.00"
2026-07-09T14:00:35.957+00:00,/dev/cu.usbserial-576B0005451,"RX,403046,R35,TXA,N01,343,345627,H,1,0.32,0.30,5,F,-39,10.25"
2026-07-09T14:00:36.102+00:00,/dev/cu.usbserial-576B0005451,"RX,403191,R35,TXK,N151,172,345764,A,1,0.75,0.72,5,U,-59,9.50"
2026-07-09T14:00:36.455+00:00,/dev/cu.usbserial-576B0005451,"RX,403543,R35,TXF,N76,85,346131,G,0,0.93,0.90,5,U,-54,9.50"
2026-07-09T14:00:36.708+00:00,/dev/cu.usbserial-576B0005451,"RX,403797,R35,TXC,N31,84,346381,E,1,0.87,0.84,5,U,-41,10.00"
2026-07-09T14:00:36.957+00:00,/dev/cu.usbserial-576B0005451,"RX,404046,R35,TXA,N01,344,346627,A,1,0.75,0.72,5,F,-39,10.25"
2026-07-09T14:00:37.224+00:00,/dev/cu.usbserial-576B0005451,"RX,404312,R35,TXB,N16,171,346893,G,0,0.93,0.90,5,U,-51,10.00"
2026-07-09T14:00:37.707+00:00,/dev/cu.usbserial-576B0005451,"RX,404796,R35,TXE,N61,169,347382,C,1,0.81,0.78,5,U,-51,9.50"
2026-07-09T14:00:37.813+00:00,/dev/cu.usbserial-576B0005451,"RX,404902,R35,TXI,N121,84,347481,E,1,0.87,0.84,5,U,-56,10.00"
2026-07-09T14:00:37.957+00:00,/dev/cu.usbserial-576B0005451,"RX,405046,R35,TXA,N01,345,347627,B,0,0.20,0.18,5,F,-39,10.00"
2026-07-09T14:00:38.102+00:00,/dev/cu.usbserial-576B0005451,"RX,405191,R35,TXK,N151,173,347764,C,1,0.81,0.78,5,U,-58,9.75"
2026-07-09T14:00:38.708+00:00,/dev/cu.usbserial-576B0005451,"RX,405797,R35,TXC,N31,85,348381,G,0,0.93,0.90,5,U,-40,9.75"
2026-07-09T14:00:38.957+00:00,/dev/cu.usbserial-576B0005451,"RX,406046,R35,TXA,N01,346,348627,C,1,0.81,0.78,5,F,-39,9.50"
2026-07-09T14:00:39.224+00:00,/dev/cu.usbserial-576B0005451,"RX,406312,R35,TXB,N16,172,348893,A,1,0.75,0.72,5,U,-50,10.00"
2026-07-09T14:00:39.707+00:00,/dev/cu.usbserial-576B0005451,"RX,406796,R35,TXE,N61,170,349382,E,1,0.87,0.84,5,U,-51,9.50"
2026-07-09T14:00:39.813+00:00,/dev/cu.usbserial-576B0005451,"RX,406902,R35,TXI,N121,85,349481,G,0,0.93,0.90,5,U,-56,10.00"
2026-07-09T14:00:39.957+00:00,/dev/cu.usbserial-576B0005451,"RX,407046,R35,TXA,N01,347,349627,D,1,0.24,0.22,5,F,-39,9.50"
2026-07-09T14:00:40.102+00:00,/dev/cu.usbserial-576B0005451,"RX,407191,R35,TXK,N151,174,349764,E,0,0.87,0.84,5,U,-58,10.50"
2026-07-09T14:00:40.957+00:00,/dev/cu.usbserial-576B0005451,"RX,408046,R35,TXA,N01,348,350627,E,0,0.87,0.84,5,F,-40,9.50"
2026-07-09T14:00:41.224+00:00,/dev/cu.usbserial-576B0005451,"RX,408312,R35,TXB,N16,173,350893,C,1,0.81,0.78,5,U,-51,9.75"
2026-07-09T14:00:41.707+00:00,/dev/cu.usbserial-576B0005451,"RX,408796,R35,TXE,N61,171,351382,G,0,0.93,0.90,5,U,-51,9.50"
2026-07-09T14:00:41.957+00:00,/dev/cu.usbserial-576B0005451,"RX,409046,R35,TXA,N01,349,351627,F,1,0.28,0.26,5,F,-40,9.75"
2026-07-09T14:00:42.067+00:00,/dev/cu.usbserial-576B0005451,"RX,409156,R35,TXH,N106,23,351743,G,1,0.93,0.90,5,U,-42,6.75"
2026-07-09T14:00:42.249+00:00,/dev/cu.usbserial-576B0005451,"RX,409338,R35,TXL,N166,23,351917,G,1,0.93,0.90,5,U,-50,9.25"
2026-07-09T14:00:42.455+00:00,/dev/cu.usbserial-576B0005451,"RX,409544,R35,TXF,N76,86,352131,E,0,0.87,0.84,5,U,-54,9.75"
2026-07-09T14:00:42.759+00:00,/dev/cu.usbserial-576B0005451,"RX,409848,R35,TXD,N46,43,352431,G,1,0.93,0.90,5,U,-44,9.50"
2026-07-09T14:00:42.957+00:00,/dev/cu.usbserial-576B0005451,"RX,410046,R35,TXA,N01,350,352627,G,1,0.93,0.90,5,F,-39,9.75"
2026-07-09T14:00:43.224+00:00,/dev/cu.usbserial-576B0005451,"RX,410313,R35,TXB,N16,174,352893,E,0,0.87,0.84,5,U,-51,9.75"
2026-07-09T14:00:43.404+00:00,/dev/cu.usbserial-576B0005451,"RX,410493,R35,TXG,N91,42,353080,G,0,0.93,0.90,5,U,-45,9.50"
2026-07-09T14:00:43.707+00:00,/dev/cu.usbserial-576B0005451,"RX,410796,R35,TXE,N61,172,353382,A,1,0.75,0.72,5,U,-51,9.75"
2026-07-09T14:00:43.957+00:00,/dev/cu.usbserial-576B0005451,"RX,411046,R35,TXA,N01,351,353627,H,0,0.32,0.30,5,F,-39,9.75"
2026-07-09T14:00:44.102+00:00,/dev/cu.usbserial-576B0005451,"RX,411191,R35,TXK,N151,176,353764,A,1,0.75,0.72,5,U,-58,9.75"
2026-07-09T14:00:44.455+00:00,/dev/cu.usbserial-576B0005451,"RX,411543,R35,TXF,N76,87,354131,G,1,0.93,0.90,5,U,-55,9.50"
2026-07-09T14:00:44.613+00:00,/dev/cu.usbserial-576B0005451,"RX,411702,R35,TXJ,N136,42,354280,G,0,0.93,0.90,5,U,-49,9.25"
2026-07-09T14:00:44.708+00:00,/dev/cu.usbserial-576B0005451,"RX,411797,R35,TXC,N31,86,354381,E,0,0.87,0.84,5,U,-40,9.75"
2026-07-09T14:00:44.957+00:00,/dev/cu.usbserial-576B0005451,"RX,412046,R35,TXA,N01,352,354627,A,1,0.75,0.72,5,F,-40,9.50"
2026-07-09T14:00:45.224+00:00,/dev/cu.usbserial-576B0005451,"RX,412313,R35,TXB,N16,175,354893,G,1,0.93,0.90,5,U,-51,10.00"
2026-07-09T14:00:45.707+00:00,/dev/cu.usbserial-576B0005451,"RX,412796,R35,TXE,N61,173,355382,C,1,0.81,0.78,5,U,-51,9.75"
2026-07-09T14:00:45.813+00:00,/dev/cu.usbserial-576B0005451,"RX,412903,R35,TXI,N121,86,355481,E,0,0.87,0.84,5,U,-56,9.50"
2026-07-09T14:00:45.957+00:00,/dev/cu.usbserial-576B0005451,"RX,413046,R35,TXA,N01,353,355627,B,1,0.20,0.18,5,F,-39,9.25"
2026-07-09T14:00:46.102+00:00,/dev/cu.usbserial-576B0005451,"RX,413191,R35,TXK,N151,177,355764,C,0,0.81,0.78,5,U,-58,9.75"
2026-07-09T14:00:46.708+00:00,/dev/cu.usbserial-576B0005451,"RX,413797,R35,TXC,N31,87,356381,G,1,0.93,0.90,5,U,-40,9.50"
2026-07-09T14:00:46.957+00:00,/dev/cu.usbserial-576B0005451,"RX,414046,R35,TXA,N01,354,356627,C,0,0.81,0.78,5,F,-39,10.00"
2026-07-09T14:00:47.224+00:00,/dev/cu.usbserial-576B0005451,"RX,414313,R35,TXB,N16,176,356893,A,1,0.75,0.72,5,U,-50,10.00"
2026-07-09T14:00:47.707+00:00,/dev/cu.usbserial-576B0005451,"RX,414796,R35,TXE,N61,174,357382,E,0,0.87,0.84,5,U,-51,9.75"
2026-07-09T14:00:47.813+00:00,/dev/cu.usbserial-576B0005451,"RX,414903,R35,TXI,N121,87,357481,G,1,0.93,0.90,5,U,-56,9.50"
2026-07-09T14:00:47.957+00:00,/dev/cu.usbserial-576B0005451,"RX,415046,R35,TXA,N01,355,357627,D,1,0.24,0.22,5,F,-40,9.75"
2026-07-09T14:00:48.102+00:00,/dev/cu.usbserial-576B0005451,"RX,415191,R35,TXK,N151,178,357764,E,1,0.87,0.84,5,U,-58,10.00"
2026-07-09T14:00:48.957+00:00,/dev/cu.usbserial-576B0005451,"RX,416046,R35,TXA,N01,356,358627,E,1,0.87,0.84,5,F,-39,10.00"
2026-07-09T14:00:49.224+00:00,/dev/cu.usbserial-576B0005451,"RX,416312,R35,TXB,N16,177,358893,C,0,0.81,0.78,5,U,-51,10.00"
2026-07-09T14:00:49.707+00:00,/dev/cu.usbserial-576B0005451,"RX,416796,R35,TXE,N61,175,359382,G,1,0.93,0.90,5,U,-51,10.25"
2026-07-09T14:00:49.957+00:00,/dev/cu.usbserial-576B0005451,"RX,417046,R35,TXA,N01,357,359627,F,0,0.28,0.26,5,F,-40,9.50"
2026-07-09T14:00:50.102+00:00,/dev/cu.usbserial-576B0005451,"RX,417191,R35,TXK,N151,179,359764,G,1,0.93,0.90,5,U,-58,9.75"
2026-07-09T14:00:50.454+00:00,/dev/cu.usbserial-576B0005451,"RX,417544,R35,TXF,N76,88,360131,E,1,0.87,0.84,5,U,-54,9.25"
2026-07-09T14:00:50.759+00:00,/dev/cu.usbserial-576B0005451,"RX,417848,R35,TXD,N46,44,360431,G,1,0.93,0.90,5,U,-43,9.75"
2026-07-09T14:00:51.223+00:00,/dev/cu.usbserial-576B0005451,"RX,418313,R35,TXB,N16,178,360893,E,1,0.87,0.84,5,U,-51,10.00"
2026-07-09T14:00:51.404+00:00,/dev/cu.usbserial-576B0005451,"RX,418493,R35,TXG,N91,43,361080,G,1,0.93,0.90,5,U,-45,9.75"
2026-07-09T14:00:51.707+00:00,/dev/cu.usbserial-576B0005451,"RX,418796,R35,TXE,N61,176,361382,A,1,0.75,0.72,5,U,-51,9.50"
2026-07-09T14:00:51.957+00:00,/dev/cu.usbserial-576B0005451,"RX,419046,R35,TXA,N01,359,361627,H,1,0.32,0.30,5,F,-39,9.75"
2026-07-09T14:00:52.102+00:00,/dev/cu.usbserial-576B0005451,"RX,419191,R35,TXK,N151,180,361764,A,0,0.75,0.72,5,U,-58,9.75"
2026-07-09T14:00:52.454+00:00,/dev/cu.usbserial-576B0005451,"RX,419544,R35,TXF,N76,89,362131,G,1,0.93,0.90,5,U,-55,9.25"
2026-07-09T14:00:52.613+00:00,/dev/cu.usbserial-576B0005451,"RX,419702,R35,TXJ,N136,43,362280,G,1,0.93,0.90,5,U,-48,9.75"
2026-07-09T14:00:52.708+00:00,/dev/cu.usbserial-576B0005451,"RX,419797,R35,TXC,N31,88,362381,E,1,0.87,0.84,5,U,-40,10.00"
2026-07-09T14:00:52.957+00:00,/dev/cu.usbserial-576B0005451,"RX,420046,R35,TXA,N01,360,362627,A,0,0.75,0.72,5,F,-39,9.50"
2026-07-09T14:00:53.224+00:00,/dev/cu.usbserial-576B0005451,"RX,420313,R35,TXB,N16,179,362893,G,1,0.93,0.90,5,U,-51,9.25"
2026-07-09T14:00:53.707+00:00,/dev/cu.usbserial-576B0005451,"RX,420796,R35,TXE,N61,177,363382,C,0,0.81,0.78,5,U,-51,9.75"
2026-07-09T14:00:53.813+00:00,/dev/cu.usbserial-576B0005451,"RX,420903,R35,TXI,N121,88,363481,E,1,0.87,0.84,5,U,-56,9.75"
2026-07-09T14:00:53.957+00:00,/dev/cu.usbserial-576B0005451,"RX,421046,R35,TXA,N01,361,363627,B,1,0.20,0.18,5,F,-39,9.50"
2026-07-09T14:00:54.102+00:00,/dev/cu.usbserial-576B0005451,"RX,421191,R35,TXK,N151,181,363764,C,1,0.81,0.78,5,U,-58,9.50"
2026-07-09T14:00:54.708+00:00,/dev/cu.usbserial-576B0005451,"RX,421797,R35,TXC,N31,89,364381,G,1,0.93,0.90,5,U,-40,9.25"
2026-07-09T14:00:54.957+00:00,/dev/cu.usbserial-576B0005451,"RX,422046,R35,TXA,N01,362,364627,C,1,0.81,0.78,5,F,-39,9.25"
2026-07-09T14:00:55.224+00:00,/dev/cu.usbserial-576B0005451,"RX,422313,R35,TXB,N16,180,364893,A,0,0.75,0.72,5,U,-50,9.75"
2026-07-09T14:00:55.707+00:00,/dev/cu.usbserial-576B0005451,"RX,422796,R35,TXE,N61,178,365382,E,1,0.87,0.84,5,U,-51,10.25"
2026-07-09T14:00:55.813+00:00,/dev/cu.usbserial-576B0005451,"RX,422903,R35,TXI,N121,89,365481,G,1,0.93,0.90,5,U,-56,9.75"
2026-07-09T14:00:55.957+00:00,/dev/cu.usbserial-576B0005451,"RX,423046,R35,TXA,N01,363,365627,D,0,0.24,0.22,5,F,-39,9.50"
2026-07-09T14:00:56.102+00:00,/dev/cu.usbserial-576B0005451,"RX,423191,R35,TXK,N151,182,365764,E,1,0.87,0.84,5,U,-58,9.50"
2026-07-09T14:00:56.957+00:00,/dev/cu.usbserial-576B0005451,"RX,424046,R35,TXA,N01,364,366627,E,1,0.87,0.84,5,F,-39,10.25"
2026-07-09T14:00:57.224+00:00,/dev/cu.usbserial-576B0005451,"RX,424313,R35,TXB,N16,181,366893,C,1,0.81,0.78,5,U,-51,9.75"
2026-07-09T14:00:57.707+00:00,/dev/cu.usbserial-576B0005451,"RX,424796,R35,TXE,N61,179,367382,G,1,0.93,0.90,5,U,-51,10.00"
2026-07-09T14:00:57.957+00:00,/dev/cu.usbserial-576B0005451,"RX,425046,R35,TXA,N01,365,367627,F,1,0.28,0.26,5,F,-39,10.00"
2026-07-09T14:00:58.102+00:00,/dev/cu.usbserial-576B0005451,"RX,425191,R35,TXK,N151,183,367764,G,0,0.93,0.90,5,U,-58,9.50"
2026-07-09T14:00:58.455+00:00,/dev/cu.usbserial-576B0005451,"RX,425543,R35,TXF,N76,90,368131,E,1,0.87,0.84,5,U,-54,9.50"
2026-07-09T14:00:58.760+00:00,/dev/cu.usbserial-576B0005451,"RX,425848,R35,TXD,N46,45,368431,G,0,0.93,0.90,5,U,-43,9.75"
2026-07-09T14:00:58.957+00:00,/dev/cu.usbserial-576B0005451,"RX,426046,R35,TXA,N01,366,368627,G,0,0.93,0.90,5,F,-39,9.25"
2026-07-09T14:00:59.223+00:00,/dev/cu.usbserial-576B0005451,"RX,426313,R35,TXB,N16,182,368893,E,1,0.87,0.84,5,U,-51,9.75"
2026-07-09T14:00:59.404+00:00,/dev/cu.usbserial-576B0005451,"RX,426493,R35,TXG,N91,44,369080,G,1,0.93,0.90,5,U,-45,9.50"
2026-07-09T14:00:59.707+00:00,/dev/cu.usbserial-576B0005451,"RX,426796,R35,TXE,N61,180,369382,A,0,0.75,0.72,5,U,-51,9.50"
2026-07-09T14:00:59.957+00:00,/dev/cu.usbserial-576B0005451,"RX,427046,R35,TXA,N01,367,369627,H,1,0.32,0.30,5,F,-39,9.75"
2026-07-09T14:01:00.102+00:00,/dev/cu.usbserial-576B0005451,"RX,427191,R35,TXK,N151,184,369764,A,1,0.75,0.72,5,U,-58,9.50"
2026-07-09T14:01:00.454+00:00,/dev/cu.usbserial-576B0005451,"RX,427543,R35,TXF,N76,91,370131,G,0,0.93,0.90,5,U,-54,9.50"
2026-07-09T14:01:00.613+00:00,/dev/cu.usbserial-576B0005451,"RX,427702,R35,TXJ,N136,44,370280,G,1,0.93,0.90,5,U,-48,9.75"
2026-07-09T14:01:00.708+00:00,/dev/cu.usbserial-576B0005451,"RX,427797,R35,TXC,N31,90,370381,E,1,0.87,0.84,5,U,-40,9.75"
2026-07-09T14:01:00.957+00:00,/dev/cu.usbserial-576B0005451,"RX,428046,R35,TXA,N01,368,370627,A,1,0.75,0.72,5,F,-39,9.75"
2026-07-09T14:01:01.224+00:00,/dev/cu.usbserial-576B0005451,"RX,428312,R35,TXB,N16,183,370893,G,0,0.93,0.90,5,U,-50,9.75"
2026-07-09T14:01:01.707+00:00,/dev/cu.usbserial-576B0005451,"RX,428796,R35,TXE,N61,181,371382,C,1,0.81,0.78,5,U,-51,9.75"
2026-07-09T14:01:01.813+00:00,/dev/cu.usbserial-576B0005451,"RX,428902,R35,TXI,N121,90,371481,E,1,0.87,0.84,5,U,-56,9.75"
2026-07-09T14:01:01.957+00:00,/dev/cu.usbserial-576B0005451,"RX,429046,R35,TXA,N01,369,371627,B,0,0.20,0.18,5,F,-39,9.50"
2026-07-09T14:01:02.102+00:00,/dev/cu.usbserial-576B0005451,"RX,429191,R35,TXK,N151,185,371764,C,1,0.81,0.78,5,U,-58,9.75"
2026-07-09T14:01:02.708+00:00,/dev/cu.usbserial-576B0005451,"RX,429797,R35,TXC,N31,91,372381,G,0,0.93,0.90,5,U,-41,9.75"
2026-07-09T14:01:02.957+00:00,/dev/cu.usbserial-576B0005451,"RX,430046,R35,TXA,N01,370,372627,C,1,0.81,0.78,5,F,-40,9.50"
2026-07-09T14:01:03.224+00:00,/dev/cu.usbserial-576B0005451,"RX,430313,R35,TXB,N16,184,372893,A,1,0.75,0.72,5,U,-50,10.00"
2026-07-09T14:01:03.813+00:00,/dev/cu.usbserial-576B0005451,"RX,430902,R35,TXI,N121,91,373481,G,0,0.93,0.90,5,U,-56,9.75"
2026-07-09T14:01:03.957+00:00,/dev/cu.usbserial-576B0005451,"RX,431046,R35,TXA,N01,371,373627,D,1,0.24,0.22,5,F,-39,10.00"
2026-07-09T14:01:04.102+00:00,/dev/cu.usbserial-576B0005451,"RX,431191,R35,TXK,N151,186,373764,E,0,0.87,0.84,5,U,-57,10.25"
2026-07-09T14:01:04.957+00:00,/dev/cu.usbserial-576B0005451,"RX,432046,R35,TXA,N01,372,374627,E,0,0.87,0.84,5,F,-39,10.00"
2026-07-09T14:01:05.224+00:00,/dev/cu.usbserial-576B0005451,"RX,432313,R35,TXB,N16,185,374893,C,1,0.81,0.78,5,U,-51,10.00"
2026-07-09T14:01:05.707+00:00,/dev/cu.usbserial-576B0005451,"RX,432796,R35,TXE,N61,183,375382,G,0,0.93,0.90,5,U,-50,9.75"
2026-07-09T14:01:05.957+00:00,/dev/cu.usbserial-576B0005451,"RX,433046,R35,TXA,N01,373,375627,F,1,0.28,0.26,5,F,-39,9.75"
2026-07-09T14:01:06.102+00:00,/dev/cu.usbserial-576B0005451,"RX,433191,R35,TXK,N151,187,375764,G,1,0.93,0.90,5,U,-58,9.25"
2026-07-09T14:01:06.455+00:00,/dev/cu.usbserial-576B0005451,"RX,433544,R35,TXF,N76,92,376131,E,0,0.87,0.84,5,U,-54,9.25"
2026-07-09T14:01:06.760+00:00,/dev/cu.usbserial-576B0005451,"RX,433848,R35,TXD,N46,46,376431,G,1,0.93,0.90,5,U,-43,9.50"
2026-07-09T14:01:06.957+00:00,/dev/cu.usbserial-576B0005451,"RX,434046,R35,TXA,N01,374,376627,G,1,0.93,0.90,5,F,-40,10.00"
2026-07-09T14:01:07.224+00:00,/dev/cu.usbserial-576B0005451,"RX,434313,R35,TXB,N16,186,376893,E,0,0.87,0.84,5,U,-50,9.75"
2026-07-09T14:01:07.404+00:00,/dev/cu.usbserial-576B0005451,"RX,434493,R35,TXG,N91,45,377080,G,0,0.93,0.90,5,U,-45,9.75"
2026-07-09T14:01:07.707+00:00,/dev/cu.usbserial-576B0005451,"RX,434796,R35,TXE,N61,184,377382,A,1,0.75,0.72,5,U,-51,9.50"
2026-07-09T14:01:07.957+00:00,/dev/cu.usbserial-576B0005451,"RX,435046,R35,TXA,N01,375,377627,H,0,0.32,0.30,5,F,-39,9.25"
2026-07-09T14:01:08.102+00:00,/dev/cu.usbserial-576B0005451,"RX,435191,R35,TXK,N151,188,377764,A,1,0.75,0.72,5,U,-57,9.75"
2026-07-09T14:01:08.455+00:00,/dev/cu.usbserial-576B0005451,"RX,435544,R35,TXF,N76,93,378131,G,1,0.93,0.90,5,U,-55,9.25"
2026-07-09T14:01:08.613+00:00,/dev/cu.usbserial-576B0005451,"RX,435702,R35,TXJ,N136,45,378280,G,0,0.93,0.90,5,U,-48,9.50"
2026-07-09T14:01:08.708+00:00,/dev/cu.usbserial-576B0005451,"RX,435797,R35,TXC,N31,92,378381,E,0,0.87,0.84,5,U,-41,10.00"
2026-07-09T14:01:08.957+00:00,/dev/cu.usbserial-576B0005451,"RX,436046,R35,TXA,N01,376,378627,A,1,0.75,0.72,5,F,-39,9.50"
2026-07-09T14:01:09.224+00:00,/dev/cu.usbserial-576B0005451,"RX,436313,R35,TXB,N16,187,378893,G,1,0.93,0.90,5,U,-50,9.75"
2026-07-09T14:01:09.707+00:00,/dev/cu.usbserial-576B0005451,"RX,436796,R35,TXE,N61,185,379382,C,1,0.81,0.78,5,U,-51,9.75"
2026-07-09T14:01:09.813+00:00,/dev/cu.usbserial-576B0005451,"RX,436902,R35,TXI,N121,92,379481,E,0,0.87,0.84,5,U,-57,10.25"
2026-07-09T14:01:09.957+00:00,/dev/cu.usbserial-576B0005451,"RX,437046,R35,TXA,N01,377,379627,B,1,0.20,0.18,5,F,-39,9.75"
2026-07-09T14:01:10.102+00:00,/dev/cu.usbserial-576B0005451,"RX,437191,R35,TXK,N151,189,379764,C,0,0.81,0.78,5,U,-57,10.00"
2026-07-09T14:01:10.708+00:00,/dev/cu.usbserial-576B0005451,"RX,437797,R35,TXC,N31,93,380381,G,1,0.93,0.90,5,U,-41,9.75"
2026-07-09T14:01:10.957+00:00,/dev/cu.usbserial-576B0005451,"RX,438046,R35,TXA,N01,378,380627,C,0,0.81,0.78,5,F,-40,9.50"
2026-07-09T14:01:11.224+00:00,/dev/cu.usbserial-576B0005451,"RX,438313,R35,TXB,N16,188,380893,A,1,0.75,0.72,5,U,-51,10.25"
2026-07-09T14:01:11.707+00:00,/dev/cu.usbserial-576B0005451,"RX,438796,R35,TXE,N61,186,381382,E,0,0.87,0.84,5,U,-50,10.00"
2026-07-09T14:01:11.813+00:00,/dev/cu.usbserial-576B0005451,"RX,438902,R35,TXI,N121,93,381481,G,1,0.93,0.90,5,U,-57,9.75"
2026-07-09T14:01:11.957+00:00,/dev/cu.usbserial-576B0005451,"RX,439046,R35,TXA,N01,379,381627,D,1,0.24,0.22,5,F,-39,9.50"
2026-07-09T14:01:12.102+00:00,/dev/cu.usbserial-576B0005451,"RX,439191,R35,TXK,N151,190,381764,E,1,0.87,0.84,5,U,-58,10.25"
2026-07-09T14:01:12.957+00:00,/dev/cu.usbserial-576B0005451,"RX,440046,R35,TXA,N01,380,382627,E,1,0.87,0.84,5,F,-40,10.00"
2026-07-09T14:01:13.224+00:00,/dev/cu.usbserial-576B0005451,"RX,440313,R35,TXB,N16,189,382893,C,0,0.81,0.78,5,U,-50,9.75"
2026-07-09T14:01:13.707+00:00,/dev/cu.usbserial-576B0005451,"RX,440796,R35,TXE,N61,187,383382,G,1,0.93,0.90,5,U,-51,10.00"
2026-07-09T14:01:13.957+00:00,/dev/cu.usbserial-576B0005451,"RX,441046,R35,TXA,N01,381,383627,F,0,0.28,0.26,5,F,-39,9.50"
2026-07-09T14:01:14.102+00:00,/dev/cu.usbserial-576B0005451,"RX,441191,R35,TXK,N151,191,383764,G,1,0.93,0.90,5,U,-57,10.25"
2026-07-09T14:01:14.454+00:00,/dev/cu.usbserial-576B0005451,"RX,441543,R35,TXF,N76,94,384131,E,1,0.87,0.84,5,U,-54,9.50"
2026-07-09T14:01:14.760+00:00,/dev/cu.usbserial-576B0005451,"RX,441848,R35,TXD,N46,47,384431,G,1,0.93,0.90,5,U,-43,9.75"
2026-07-09T14:01:14.957+00:00,/dev/cu.usbserial-576B0005451,"RX,442046,R35,TXA,N01,382,384627,G,1,0.93,0.90,5,F,-39,9.75"
2026-07-09T14:01:15.224+00:00,/dev/cu.usbserial-576B0005451,"RX,442313,R35,TXB,N16,190,384893,E,1,0.87,0.84,5,U,-50,9.75"
2026-07-09T14:01:15.404+00:00,/dev/cu.usbserial-576B0005451,"RX,442493,R35,TXG,N91,46,385080,G,1,0.93,0.90,5,U,-46,9.75"
2026-07-09T14:01:15.707+00:00,/dev/cu.usbserial-576B0005451,"RX,442796,R35,TXE,N61,188,385382,A,1,0.75,0.72,5,U,-51,9.75"
2026-07-09T14:01:15.957+00:00,/dev/cu.usbserial-576B0005451,"RX,443046,R35,TXA,N01,383,385627,H,1,0.32,0.30,5,F,-39,9.25"
2026-07-09T14:01:16.102+00:00,/dev/cu.usbserial-576B0005451,"RX,443191,R35,TXK,N151,192,385764,A,1,0.75,0.72,5,U,-58,10.00"
2026-07-09T14:01:16.455+00:00,/dev/cu.usbserial-576B0005451,"RX,443544,R35,TXF,N76,95,386131,G,1,0.93,0.90,5,U,-53,9.50"
2026-07-09T14:01:16.613+00:00,/dev/cu.usbserial-576B0005451,"RX,443702,R35,TXJ,N136,46,386280,G,1,0.93,0.90,5,U,-48,9.75"
2026-07-09T14:01:16.708+00:00,/dev/cu.usbserial-576B0005451,"RX,443797,R35,TXC,N31,94,386381,E,1,0.87,0.84,5,U,-40,9.75"
2026-07-09T14:01:16.957+00:00,/dev/cu.usbserial-576B0005451,"RX,444046,R35,TXA,N01,384,386627,A,1,0.75,0.72,5,F,-40,9.50"
2026-07-09T14:01:17.224+00:00,/dev/cu.usbserial-576B0005451,"RX,444313,R35,TXB,N16,191,386893,G,1,0.93,0.90,5,U,-50,10.50"
2026-07-09T14:01:17.707+00:00,/dev/cu.usbserial-576B0005451,"RX,444796,R35,TXE,N61,189,387382,C,0,0.81,0.78,5,U,-51,10.25"
2026-07-09T14:01:17.813+00:00,/dev/cu.usbserial-576B0005451,"RX,444902,R35,TXI,N121,94,387481,E,1,0.87,0.84,5,U,-57,9.75"
2026-07-09T14:01:17.957+00:00,/dev/cu.usbserial-576B0005451,"RX,445046,R35,TXA,N01,385,387627,B,0,0.20,0.18,5,F,-39,9.75"
2026-07-09T14:01:18.102+00:00,/dev/cu.usbserial-576B0005451,"RX,445191,R35,TXK,N151,193,387764,C,1,0.81,0.78,5,U,-58,9.50"
2026-07-09T14:01:18.708+00:00,/dev/cu.usbserial-576B0005451,"RX,445797,R35,TXC,N31,95,388381,G,1,0.93,0.90,5,U,-41,9.50"
2026-07-09T14:01:18.957+00:00,/dev/cu.usbserial-576B0005451,"RX,446046,R35,TXA,N01,386,388627,C,1,0.81,0.78,5,F,-39,9.50"
2026-07-09T14:01:19.224+00:00,/dev/cu.usbserial-576B0005451,"RX,446313,R35,TXB,N16,192,388893,A,1,0.75,0.72,5,U,-50,10.25"
2026-07-09T14:01:19.707+00:00,/dev/cu.usbserial-576B0005451,"RX,446796,R35,TXE,N61,190,389382,E,1,0.87,0.84,5,U,-51,9.75"
2026-07-09T14:01:19.813+00:00,/dev/cu.usbserial-576B0005451,"RX,446902,R35,TXI,N121,95,389481,G,1,0.93,0.90,5,U,-57,9.50"
2026-07-09T14:01:19.957+00:00,/dev/cu.usbserial-576B0005451,"RX,447046,R35,TXA,N01,387,389627,D,1,0.24,0.22,5,F,-40,10.00"
2026-07-09T14:01:20.102+00:00,/dev/cu.usbserial-576B0005451,"RX,447191,R35,TXK,N151,194,389764,E,0,0.87,0.84,5,U,-59,9.50"
2026-07-09T14:01:20.957+00:00,/dev/cu.usbserial-576B0005451,"RX,448046,R35,TXA,N01,388,390627,E,0,0.87,0.84,5,F,-39,10.00"
2026-07-09T14:01:21.224+00:00,/dev/cu.usbserial-576B0005451,"RX,448313,R35,TXB,N16,193,390893,C,1,0.81,0.78,5,U,-50,9.50"
2026-07-09T14:01:21.707+00:00,/dev/cu.usbserial-576B0005451,"RX,448796,R35,TXE,N61,191,391382,G,1,0.93,0.90,5,U,-51,9.75"
2026-07-09T14:01:21.957+00:00,/dev/cu.usbserial-576B0005451,"RX,449046,R35,TXA,N01,389,391627,F,1,0.28,0.26,5,F,-39,9.75"
2026-07-09T14:01:22.067+00:00,/dev/cu.usbserial-576B0005451,"RX,449156,R35,TXH,N106,24,391743,G,1,0.93,0.90,5,U,-42,7.00"
2026-07-09T14:01:22.249+00:00,/dev/cu.usbserial-576B0005451,"RX,449338,R35,TXL,N166,24,391917,G,1,0.93,0.90,5,U,-49,9.75"
2026-07-09T14:01:22.454+00:00,/dev/cu.usbserial-576B0005451,"RX,449544,R35,TXF,N76,96,392131,E,0,0.87,0.84,5,U,-54,9.50"
2026-07-09T14:01:22.957+00:00,/dev/cu.usbserial-576B0005451,"RX,450046,R35,TXA,N01,390,392627,G,1,0.93,0.90,5,F,-39,9.75"
2026-07-09T14:01:23.224+00:00,/dev/cu.usbserial-576B0005451,"RX,450313,R35,TXB,N16,194,392893,E,0,0.87,0.84,5,U,-51,9.75"
2026-07-09T14:01:23.404+00:00,/dev/cu.usbserial-576B0005451,"RX,450493,R35,TXG,N91,47,393080,G,1,0.93,0.90,5,U,-45,9.75"
2026-07-09T14:01:23.708+00:00,/dev/cu.usbserial-576B0005451,"RX,450796,R35,TXE,N61,192,393382,A,1,0.75,0.72,5,U,-51,10.00"
2026-07-09T14:01:23.957+00:00,/dev/cu.usbserial-576B0005451,"RX,451046,R35,TXA,N01,391,393627,H,0,0.32,0.30,5,F,-39,9.75"
2026-07-09T14:01:24.102+00:00,/dev/cu.usbserial-576B0005451,"RX,451191,R35,TXK,N151,196,393764,A,1,0.75,0.72,5,U,-58,9.75"
2026-07-09T14:01:24.454+00:00,/dev/cu.usbserial-576B0005451,"RX,451544,R35,TXF,N76,97,394131,G,1,0.93,0.90,5,U,-54,9.75"
2026-07-09T14:01:24.613+00:00,/dev/cu.usbserial-576B0005451,"RX,451702,R35,TXJ,N136,47,394280,G,1,0.93,0.90,5,U,-48,9.50"
2026-07-09T14:01:24.710+00:00,/dev/cu.usbserial-576B0005451,"RX,451797,R35,TXC,N31,96,394381,E,0,0.87,0.84,5,U,-41,9.25"
2026-07-09T14:01:24.957+00:00,/dev/cu.usbserial-576B0005451,"RX,452046,R35,TXA,N01,392,394627,A,1,0.75,0.72,5,F,-40,9.75"
2026-07-09T14:01:25.223+00:00,/dev/cu.usbserial-576B0005451,"RX,452313,R35,TXB,N16,195,394893,G,1,0.93,0.90,5,U,-51,9.75"
2026-07-09T14:01:25.707+00:00,/dev/cu.usbserial-576B0005451,"RX,452796,R35,TXE,N61,193,395382,C,1,0.81,0.78,5,U,-51,10.00"
2026-07-09T14:01:25.813+00:00,/dev/cu.usbserial-576B0005451,"RX,452902,R35,TXI,N121,96,395481,E,0,0.87,0.84,5,U,-57,9.75"
2026-07-09T14:01:25.957+00:00,/dev/cu.usbserial-576B0005451,"RX,453046,R35,TXA,N01,393,395627,B,1,0.20,0.18,5,F,-39,9.75"
2026-07-09T14:01:26.102+00:00,/dev/cu.usbserial-576B0005451,"RX,453191,R35,TXK,N151,197,395764,C,0,0.81,0.78,5,U,-58,10.25"
2026-07-09T14:01:26.708+00:00,/dev/cu.usbserial-576B0005451,"RX,453797,R35,TXC,N31,97,396381,G,1,0.93,0.90,5,U,-40,9.75"
2026-07-09T14:01:26.957+00:00,/dev/cu.usbserial-576B0005451,"RX,454046,R35,TXA,N01,394,396627,C,0,0.81,0.78,5,F,-39,9.25"
2026-07-09T14:01:27.224+00:00,/dev/cu.usbserial-576B0005451,"RX,454313,R35,TXB,N16,196,396893,A,1,0.75,0.72,5,U,-50,10.00"
2026-07-09T14:01:27.707+00:00,/dev/cu.usbserial-576B0005451,"RX,454796,R35,TXE,N61,194,397382,E,0,0.87,0.84,5,U,-51,9.50"
2026-07-09T14:01:27.813+00:00,/dev/cu.usbserial-576B0005451,"RX,454902,R35,TXI,N121,97,397481,G,1,0.93,0.90,5,U,-56,10.00"
2026-07-09T14:01:27.957+00:00,/dev/cu.usbserial-576B0005451,"RX,455046,R35,TXA,N01,395,397627,D,1,0.24,0.22,5,F,-39,9.75"
2026-07-09T14:01:28.102+00:00,/dev/cu.usbserial-576B0005451,"RX,455191,R35,TXK,N151,198,397764,E,1,0.87,0.84,5,U,-59,10.25"
2026-07-09T14:01:28.957+00:00,/dev/cu.usbserial-576B0005451,"RX,456046,R35,TXA,N01,396,398627,E,1,0.87,0.84,5,F,-39,9.75"
2026-07-09T14:01:29.224+00:00,/dev/cu.usbserial-576B0005451,"RX,456313,R35,TXB,N16,197,398893,C,0,0.81,0.78,5,U,-51,10.25"
2026-07-09T14:01:29.707+00:00,/dev/cu.usbserial-576B0005451,"RX,456796,R35,TXE,N61,195,399382,G,1,0.93,0.90,5,U,-51,9.75"
2026-07-09T14:01:29.957+00:00,/dev/cu.usbserial-576B0005451,"RX,457046,R35,TXA,N01,397,399627,F,0,0.28,0.26,5,F,-40,9.50"
2026-07-09T14:01:30.067+00:00,/dev/cu.usbserial-576B0005451,"RX,457156,R35,TXH,N106,25,399743,G,1,0.93,0.90,5,U,-42,6.50"
2026-07-09T14:01:30.249+00:00,/dev/cu.usbserial-576B0005451,"RX,457338,R35,TXL,N166,25,399917,G,1,0.93,0.90,5,U,-50,10.25"
2026-07-09T14:01:30.454+00:00,/dev/cu.usbserial-576B0005451,"RX,457543,R35,TXF,N76,98,400131,E,1,0.87,0.84,5,U,-55,10.00"
2026-07-09T14:01:30.759+00:00,/dev/cu.usbserial-576B0005451,"RX,457848,R35,TXD,N46,49,400431,G,1,0.93,0.90,5,U,-44,9.50"
2026-07-09T14:01:30.957+00:00,/dev/cu.usbserial-576B0005451,"RX,458046,R35,TXA,N01,398,400627,G,1,0.93,0.90,5,F,-39,9.75"
2026-07-09T14:01:31.224+00:00,/dev/cu.usbserial-576B0005451,"RX,458313,R35,TXB,N16,198,400893,E,1,0.87,0.84,5,U,-50,9.75"
2026-07-09T14:01:31.404+00:00,/dev/cu.usbserial-576B0005451,"RX,458493,R35,TXG,N91,48,401080,G,1,0.93,0.90,5,U,-45,9.50"
2026-07-09T14:01:31.707+00:00,/dev/cu.usbserial-576B0005451,"RX,458796,R35,TXE,N61,196,401382,A,1,0.75,0.72,5,U,-51,10.00"
2026-07-09T14:01:31.957+00:00,/dev/cu.usbserial-576B0005451,"RX,459046,R35,TXA,N01,399,401627,H,1,0.32,0.30,5,F,-39,9.50"
2026-07-09T14:01:32.102+00:00,/dev/cu.usbserial-576B0005451,"RX,459191,R35,TXK,N151,200,401764,A,0,0.75,0.72,5,U,-58,10.25"
2026-07-09T14:01:32.455+00:00,/dev/cu.usbserial-576B0005451,"RX,459544,R35,TXF,N76,99,402131,G,1,0.93,0.90,5,U,-55,9.75"
2026-07-09T14:01:32.613+00:00,/dev/cu.usbserial-576B0005451,"RX,459702,R35,TXJ,N136,48,402280,G,1,0.93,0.90,5,U,-48,10.00"
2026-07-09T14:01:32.708+00:00,/dev/cu.usbserial-576B0005451,"RX,459797,R35,TXC,N31,98,402381,E,1,0.87,0.84,5,U,-41,9.50"
2026-07-09T14:01:32.957+00:00,/dev/cu.usbserial-576B0005451,"RX,460046,R35,TXA,N01,400,402627,A,0,0.75,0.72,5,F,-39,9.50"
2026-07-09T14:01:33.224+00:00,/dev/cu.usbserial-576B0005451,"RX,460313,R35,TXB,N16,199,402893,G,1,0.93,0.90,5,U,-50,10.00"
2026-07-09T14:01:33.707+00:00,/dev/cu.usbserial-576B0005451,"RX,460796,R35,TXE,N61,197,403382,C,0,0.81,0.78,5,U,-51,9.75"
2026-07-09T14:01:33.813+00:00,/dev/cu.usbserial-576B0005451,"RX,460902,R35,TXI,N121,98,403481,E,1,0.87,0.84,5,U,-57,10.00"
2026-07-09T14:01:33.957+00:00,/dev/cu.usbserial-576B0005451,"RX,461046,R35,TXA,N01,401,403627,B,1,0.20,0.18,5,F,-39,9.50"
2026-07-09T14:01:34.102+00:00,/dev/cu.usbserial-576B0005451,"RX,461191,R35,TXK,N151,201,403764,C,1,0.81,0.78,5,U,-60,9.75"
2026-07-09T14:01:34.708+00:00,/dev/cu.usbserial-576B0005451,"RX,461797,R35,TXC,N31,99,404381,G,1,0.93,0.90,5,U,-40,10.00"
2026-07-09T14:01:34.957+00:00,/dev/cu.usbserial-576B0005451,"RX,462046,R35,TXA,N01,402,404627,C,1,0.81,0.78,5,F,-40,9.50"
2026-07-09T14:01:35.224+00:00,/dev/cu.usbserial-576B0005451,"RX,462313,R35,TXB,N16,200,404893,A,0,0.75,0.72,5,U,-50,9.75"
2026-07-09T14:01:35.707+00:00,/dev/cu.usbserial-576B0005451,"RX,462796,R35,TXE,N61,198,405382,E,1,0.87,0.84,5,U,-51,9.50"
2026-07-09T14:01:35.813+00:00,/dev/cu.usbserial-576B0005451,"RX,462902,R35,TXI,N121,99,405481,G,1,0.93,0.90,5,U,-56,10.00"
2026-07-09T14:01:35.957+00:00,/dev/cu.usbserial-576B0005451,"RX,463046,R35,TXA,N01,403,405627,D,0,0.24,0.22,5,F,-40,10.00"
2026-07-09T14:01:36.102+00:00,/dev/cu.usbserial-576B0005451,"RX,463191,R35,TXK,N151,202,405764,E,1,0.87,0.84,5,U,-59,10.25"
2026-07-09T14:01:36.957+00:00,/dev/cu.usbserial-576B0005451,"RX,464046,R35,TXA,N01,404,406627,E,1,0.87,0.84,5,F,-40,9.75"
2026-07-09T14:01:37.224+00:00,/dev/cu.usbserial-576B0005451,"RX,464313,R35,TXB,N16,201,406893,C,1,0.81,0.78,5,U,-51,9.50"
2026-07-09T14:01:37.707+00:00,/dev/cu.usbserial-576B0005451,"RX,464796,R35,TXE,N61,199,407382,G,1,0.93,0.90,5,U,-51,10.00"
2026-07-09T14:01:37.957+00:00,/dev/cu.usbserial-576B0005451,"RX,465046,R35,TXA,N01,405,407627,F,1,0.28,0.26,5,F,-40,9.75"
2026-07-09T14:01:38.067+00:00,/dev/cu.usbserial-576B0005451,"RX,465156,R35,TXH,N106,26,407743,G,0,0.93,0.90,5,U,-42,7.75"
2026-07-09T14:01:38.249+00:00,/dev/cu.usbserial-576B0005451,"RX,465338,R35,TXL,N166,26,407917,G,0,0.93,0.90,5,U,-50,9.50"
2026-07-09T14:01:38.455+00:00,/dev/cu.usbserial-576B0005451,"RX,465544,R35,TXF,N76,100,408131,E,1,0.87,0.84,5,U,-54,9.75"
2026-07-09T14:01:38.759+00:00,/dev/cu.usbserial-576B0005451,"RX,465848,R35,TXD,N46,50,408431,G,0,0.93,0.90,5,U,-43,9.75"
2026-07-09T14:01:38.957+00:00,/dev/cu.usbserial-576B0005451,"RX,466046,R35,TXA,N01,406,408627,G,0,0.93,0.90,5,F,-39,9.75"
2026-07-09T14:01:39.224+00:00,/dev/cu.usbserial-576B0005451,"RX,466313,R35,TXB,N16,202,408893,E,1,0.87,0.84,5,U,-51,9.50"
2026-07-09T14:01:39.404+00:00,/dev/cu.usbserial-576B0005451,"RX,466493,R35,TXG,N91,49,409080,G,1,0.93,0.90,5,U,-46,10.00"
2026-07-09T14:01:39.707+00:00,/dev/cu.usbserial-576B0005451,"RX,466796,R35,TXE,N61,200,409382,A,0,0.75,0.72,5,U,-51,10.00"
2026-07-09T14:01:39.957+00:00,/dev/cu.usbserial-576B0005451,"RX,467046,R35,TXA,N01,407,409627,H,1,0.32,0.30,5,F,-39,9.50"
2026-07-09T14:01:40.102+00:00,/dev/cu.usbserial-576B0005451,"RX,467191,R35,TXK,N151,204,409764,A,1,0.75,0.72,5,U,-60,10.00"
2026-07-09T14:01:40.454+00:00,/dev/cu.usbserial-576B0005451,"RX,467544,R35,TXF,N76,101,410131,G,0,0.93,0.90,5,U,-54,9.50"
2026-07-09T14:01:40.613+00:00,/dev/cu.usbserial-576B0005451,"RX,467702,R35,TXJ,N136,49,410280,G,1,0.93,0.90,5,U,-49,9.25"
2026-07-09T14:01:40.708+00:00,/dev/cu.usbserial-576B0005451,"RX,467797,R35,TXC,N31,100,410381,E,1,0.87,0.84,5,U,-40,10.00"
2026-07-09T14:01:40.957+00:00,/dev/cu.usbserial-576B0005451,"RX,468046,R35,TXA,N01,408,410627,A,1,0.75,0.72,5,F,-40,9.50"
2026-07-09T14:01:41.223+00:00,/dev/cu.usbserial-576B0005451,"RX,468313,R35,TXB,N16,203,410893,G,0,0.93,0.90,5,U,-50,9.75"
2026-07-09T14:01:41.707+00:00,/dev/cu.usbserial-576B0005451,"RX,468796,R35,TXE,N61,201,411382,C,1,0.81,0.78,5,U,-51,9.50"
2026-07-09T14:01:41.818+00:00,/dev/cu.usbserial-576B0005451,"RX,468908,R35,TXI,N121,100,411481,E,1,0.87,0.84,5,U,-57,10.25"
2026-07-09T14:01:41.957+00:00,/dev/cu.usbserial-576B0005451,"RX,469046,R35,TXA,N01,409,411627,B,0,0.20,0.18,5,F,-39,9.75"
2026-07-09T14:01:42.102+00:00,/dev/cu.usbserial-576B0005451,"RX,469191,R35,TXK,N151,205,411764,C,1,0.81,0.78,5,U,-61,9.75"
2026-07-09T14:01:42.708+00:00,/dev/cu.usbserial-576B0005451,"RX,469797,R35,TXC,N31,101,412381,G,0,0.93,0.90,5,U,-40,9.75"
2026-07-09T14:01:42.957+00:00,/dev/cu.usbserial-576B0005451,"RX,470046,R35,TXA,N01,410,412627,C,1,0.81,0.78,5,F,-39,9.75"
2026-07-09T14:01:43.224+00:00,/dev/cu.usbserial-576B0005451,"RX,470313,R35,TXB,N16,204,412893,A,1,0.75,0.72,5,U,-50,9.75"
2026-07-09T14:01:43.707+00:00,/dev/cu.usbserial-576B0005451,"RX,470796,R35,TXE,N61,202,413382,E,1,0.87,0.84,5,U,-51,9.50"
2026-07-09T14:01:43.819+00:00,/dev/cu.usbserial-576B0005451,"RX,470908,R35,TXI,N121,101,413481,G,0,0.93,0.90,5,U,-59,9.50"
2026-07-09T14:01:43.957+00:00,/dev/cu.usbserial-576B0005451,"RX,471046,R35,TXA,N01,411,413627,D,1,0.24,0.22,5,F,-39,9.75"
2026-07-09T14:01:44.102+00:00,/dev/cu.usbserial-576B0005451,"RX,471191,R35,TXK,N151,206,413764,E,0,0.87,0.84,5,U,-60,9.75"
2026-07-09T14:01:44.957+00:00,/dev/cu.usbserial-576B0005451,"RX,472046,R35,TXA,N01,412,414627,E,0,0.87,0.84,5,F,-40,9.25"
2026-07-09T14:01:45.224+00:00,/dev/cu.usbserial-576B0005451,"RX,472313,R35,TXB,N16,205,414893,C,1,0.81,0.78,5,U,-51,9.75"
2026-07-09T14:01:45.707+00:00,/dev/cu.usbserial-576B0005451,"RX,472796,R35,TXE,N61,203,415382,G,0,0.93,0.90,5,U,-51,9.75"
2026-07-09T14:01:45.957+00:00,/dev/cu.usbserial-576B0005451,"RX,473046,R35,TXA,N01,413,415627,F,1,0.28,0.26,5,F,-40,9.50"
2026-07-09T14:01:46.067+00:00,/dev/cu.usbserial-576B0005451,"RX,473156,R35,TXH,N106,27,415743,G,1,0.93,0.90,5,U,-42,8.00"
2026-07-09T14:01:46.249+00:00,/dev/cu.usbserial-576B0005451,"RX,473338,R35,TXL,N166,27,415917,G,1,0.93,0.90,5,U,-50,9.50"
2026-07-09T14:01:46.455+00:00,/dev/cu.usbserial-576B0005451,"RX,473544,R35,TXF,N76,102,416131,E,0,0.87,0.84,5,U,-54,9.75"
2026-07-09T14:01:46.759+00:00,/dev/cu.usbserial-576B0005451,"RX,473848,R35,TXD,N46,51,416431,G,1,0.93,0.90,5,U,-44,9.50"
2026-07-09T14:01:46.957+00:00,/dev/cu.usbserial-576B0005451,"RX,474046,R35,TXA,N01,414,416627,G,1,0.93,0.90,5,F,-39,9.50"
2026-07-09T14:01:47.224+00:00,/dev/cu.usbserial-576B0005451,"RX,474313,R35,TXB,N16,206,416893,E,0,0.87,0.84,5,U,-51,9.50"
2026-07-09T14:01:47.404+00:00,/dev/cu.usbserial-576B0005451,"RX,474493,R35,TXG,N91,50,417080,G,0,0.93,0.90,5,U,-45,9.75"
2026-07-09T14:01:47.707+00:00,/dev/cu.usbserial-576B0005451,"RX,474796,R35,TXE,N61,204,417382,A,1,0.75,0.72,5,U,-51,9.75"
2026-07-09T14:01:47.957+00:00,/dev/cu.usbserial-576B0005451,"RX,475046,R35,TXA,N01,415,417627,H,0,0.32,0.30,5,F,-39,10.00"
2026-07-09T14:01:48.102+00:00,/dev/cu.usbserial-576B0005451,"RX,475191,R35,TXK,N151,208,417764,A,1,0.75,0.72,5,U,-60,9.50"
2026-07-09T14:01:48.455+00:00,/dev/cu.usbserial-576B0005451,"RX,475544,R35,TXF,N76,103,418131,G,1,0.93,0.90,5,U,-54,9.50"
2026-07-09T14:01:48.708+00:00,/dev/cu.usbserial-576B0005451,"RX,475797,R35,TXC,N31,102,418381,E,0,0.87,0.84,5,U,-40,10.25"
2026-07-09T14:01:48.957+00:00,/dev/cu.usbserial-576B0005451,"RX,476046,R35,TXA,N01,416,418627,A,1,0.75,0.72,5,F,-39,9.75"
2026-07-09T14:01:49.224+00:00,/dev/cu.usbserial-576B0005451,"RX,476313,R35,TXB,N16,207,418893,G,1,0.93,0.90,5,U,-51,10.00"
2026-07-09T14:01:49.707+00:00,/dev/cu.usbserial-576B0005451,"RX,476796,R35,TXE,N61,205,419382,C,1,0.81,0.78,5,U,-51,9.75"
2026-07-09T14:01:49.819+00:00,/dev/cu.usbserial-576B0005451,"RX,476908,R35,TXI,N121,102,419481,E,0,0.87,0.84,5,U,-58,10.00"
2026-07-09T14:01:49.957+00:00,/dev/cu.usbserial-576B0005451,"RX,477046,R35,TXA,N01,417,419627,B,1,0.20,0.18,5,F,-39,9.75"
2026-07-09T14:01:50.102+00:00,/dev/cu.usbserial-576B0005451,"RX,477191,R35,TXK,N151,209,419764,C,0,0.81,0.78,5,U,-60,10.25"
2026-07-09T14:01:50.708+00:00,/dev/cu.usbserial-576B0005451,"RX,477797,R35,TXC,N31,103,420381,G,1,0.93,0.90,5,U,-40,9.75"
2026-07-09T14:01:50.957+00:00,/dev/cu.usbserial-576B0005451,"RX,478046,R35,TXA,N01,418,420627,C,0,0.81,0.78,5,F,-39,9.50"
2026-07-09T14:01:51.224+00:00,/dev/cu.usbserial-576B0005451,"RX,478313,R35,TXB,N16,208,420893,A,1,0.75,0.72,5,U,-50,9.75"
2026-07-09T14:01:51.707+00:00,/dev/cu.usbserial-576B0005451,"RX,478796,R35,TXE,N61,206,421382,E,0,0.87,0.84,5,U,-51,9.50"
2026-07-09T14:01:51.819+00:00,/dev/cu.usbserial-576B0005451,"RX,478907,R35,TXI,N121,103,421481,G,1,0.93,0.90,5,U,-58,10.25"
2026-07-09T14:01:51.957+00:00,/dev/cu.usbserial-576B0005451,"RX,479046,R35,TXA,N01,419,421627,D,1,0.24,0.22,5,F,-39,9.75"
2026-07-09T14:01:52.102+00:00,/dev/cu.usbserial-576B0005451,"RX,479191,R35,TXK,N151,210,421764,E,1,0.87,0.84,5,U,-59,9.75"
2026-07-09T14:01:52.957+00:00,/dev/cu.usbserial-576B0005451,"RX,480046,R35,TXA,N01,420,422627,E,1,0.87,0.84,5,F,-39,9.75"
2026-07-09T14:01:53.224+00:00,/dev/cu.usbserial-576B0005451,"RX,480313,R35,TXB,N16,209,422893,C,0,0.81,0.78,5,U,-50,10.00"
2026-07-09T14:01:53.707+00:00,/dev/cu.usbserial-576B0005451,"RX,480796,R35,TXE,N61,207,423382,G,1,0.93,0.90,5,U,-51,10.25"
2026-07-09T14:01:53.957+00:00,/dev/cu.usbserial-576B0005451,"RX,481046,R35,TXA,N01,421,423627,F,0,0.28,0.26,5,F,-39,9.50"
2026-07-09T14:01:54.102+00:00,/dev/cu.usbserial-576B0005451,"RX,481191,R35,TXK,N151,211,423764,G,1,0.93,0.90,5,U,-60,10.00"
2026-07-09T14:01:54.455+00:00,/dev/cu.usbserial-576B0005451,"RX,481544,R35,TXF,N76,104,424131,E,1,0.87,0.84,5,U,-54,9.50"
2026-07-09T14:01:54.760+00:00,/dev/cu.usbserial-576B0005451,"RX,481848,R35,TXD,N46,52,424431,G,1,0.93,0.90,5,U,-44,9.50"
2026-07-09T14:01:54.957+00:00,/dev/cu.usbserial-576B0005451,"RX,482046,R35,TXA,N01,422,424627,G,1,0.93,0.90,5,F,-39,9.75"
2026-07-09T14:01:55.224+00:00,/dev/cu.usbserial-576B0005451,"RX,482313,R35,TXB,N16,210,424893,E,1,0.87,0.84,5,U,-51,9.50"
2026-07-09T14:01:55.404+00:00,/dev/cu.usbserial-576B0005451,"RX,482493,R35,TXG,N91,51,425080,G,1,0.93,0.90,5,U,-45,9.75"
2026-07-09T14:01:55.707+00:00,/dev/cu.usbserial-576B0005451,"RX,482796,R35,TXE,N61,208,425382,A,1,0.75,0.72,5,U,-51,9.75"
2026-07-09T14:01:55.957+00:00,/dev/cu.usbserial-576B0005451,"RX,483046,R35,TXA,N01,423,425627,H,1,0.32,0.30,5,F,-39,9.75"
2026-07-09T14:01:56.102+00:00,/dev/cu.usbserial-576B0005451,"RX,483191,R35,TXK,N151,212,425764,A,0,0.75,0.72,5,U,-59,9.75"
2026-07-09T14:01:56.455+00:00,/dev/cu.usbserial-576B0005451,"RX,483544,R35,TXF,N76,105,426131,G,1,0.93,0.90,5,U,-54,9.50"
2026-07-09T14:01:56.613+00:00,/dev/cu.usbserial-576B0005451,"RX,483702,R35,TXJ,N136,51,426280,G,1,0.93,0.90,5,U,-49,9.50"
2026-07-09T14:01:56.708+00:00,/dev/cu.usbserial-576B0005451,"RX,483797,R35,TXC,N31,104,426381,E,1,0.87,0.84,5,U,-40,9.75"
2026-07-09T14:01:56.957+00:00,/dev/cu.usbserial-576B0005451,"RX,484046,R35,TXA,N01,424,426627,A,0,0.75,0.72,5,F,-39,9.50"
2026-07-09T14:01:57.224+00:00,/dev/cu.usbserial-576B0005451,"RX,484313,R35,TXB,N16,211,426893,G,1,0.93,0.90,5,U,-50,10.25"
2026-07-09T14:01:57.707+00:00,/dev/cu.usbserial-576B0005451,"RX,484796,R35,TXE,N61,209,427382,C,0,0.81,0.78,5,U,-51,9.75"
2026-07-09T14:01:57.818+00:00,/dev/cu.usbserial-576B0005451,"RX,484908,R35,TXI,N121,104,427481,E,1,0.87,0.84,5,U,-58,10.25"
2026-07-09T14:01:57.957+00:00,/dev/cu.usbserial-576B0005451,"RX,485046,R35,TXA,N01,425,427627,B,1,0.20,0.18,5,F,-39,9.75"
2026-07-09T14:01:58.102+00:00,/dev/cu.usbserial-576B0005451,"RX,485191,R35,TXK,N151,213,427764,C,1,0.81,0.78,5,U,-60,10.50"
2026-07-09T14:01:58.708+00:00,/dev/cu.usbserial-576B0005451,"RX,485797,R35,TXC,N31,105,428381,G,1,0.93,0.90,5,U,-40,9.50"
2026-07-09T14:01:58.957+00:00,/dev/cu.usbserial-576B0005451,"RX,486046,R35,TXA,N01,426,428627,C,1,0.81,0.78,5,F,-39,10.00"
2026-07-09T14:01:59.224+00:00,/dev/cu.usbserial-576B0005451,"RX,486313,R35,TXB,N16,212,428893,A,0,0.75,0.72,5,U,-51,9.75"
2026-07-09T14:01:59.707+00:00,/dev/cu.usbserial-576B0005451,"RX,486796,R35,TXE,N61,210,429382,E,1,0.87,0.84,5,U,-51,9.50"
2026-07-09T14:01:59.818+00:00,/dev/cu.usbserial-576B0005451,"RX,486908,R35,TXI,N121,105,429481,G,1,0.93,0.90,5,U,-56,9.75"
2026-07-09T14:01:59.957+00:00,/dev/cu.usbserial-576B0005451,"RX,487046,R35,TXA,N01,427,429627,D,0,0.24,0.22,5,F,-39,9.50"
2026-07-09T14:02:00.102+00:00,/dev/cu.usbserial-576B0005451,"RX,487191,R35,TXK,N151,214,429764,E,1,0.87,0.84,5,U,-58,10.00"
2026-07-09T14:02:00.957+00:00,/dev/cu.usbserial-576B0005451,"RX,488046,R35,TXA,N01,428,430627,E,1,0.87,0.84,5,F,-40,10.00"
2026-07-09T14:02:01.224+00:00,/dev/cu.usbserial-576B0005451,"RX,488313,R35,TXB,N16,213,430893,C,1,0.81,0.78,5,U,-51,9.50"
2026-07-09T14:02:01.707+00:00,/dev/cu.usbserial-576B0005451,"RX,488796,R35,TXE,N61,211,431382,G,1,0.93,0.90,5,U,-50,9.75"
2026-07-09T14:02:01.957+00:00,/dev/cu.usbserial-576B0005451,"RX,489046,R35,TXA,N01,429,431627,F,1,0.28,0.26,5,F,-39,9.50"
2026-07-09T14:02:02.102+00:00,/dev/cu.usbserial-576B0005451,"RX,489191,R35,TXK,N151,215,431764,G,0,0.93,0.90,5,U,-52,10.00"
2026-07-09T14:02:02.455+00:00,/dev/cu.usbserial-576B0005451,"RX,489544,R35,TXF,N76,106,432131,E,1,0.87,0.84,5,U,-57,9.75"
2026-07-09T14:02:02.759+00:00,/dev/cu.usbserial-576B0005451,"RX,489848,R35,TXD,N46,53,432431,G,0,0.93,0.90,5,U,-45,9.25"
2026-07-09T14:02:02.957+00:00,/dev/cu.usbserial-576B0005451,"RX,490046,R35,TXA,N01,430,432627,G,0,0.93,0.90,5,F,-40,9.50"
2026-07-09T14:02:03.224+00:00,/dev/cu.usbserial-576B0005451,"RX,490313,R35,TXB,N16,214,432893,E,1,0.87,0.84,5,U,-49,9.50"
2026-07-09T14:02:03.404+00:00,/dev/cu.usbserial-576B0005451,"RX,490493,R35,TXG,N91,52,433080,G,1,0.93,0.90,5,U,-45,10.00"
2026-07-09T14:02:03.707+00:00,/dev/cu.usbserial-576B0005451,"RX,490796,R35,TXE,N61,212,433382,A,0,0.75,0.72,5,U,-50,9.75"
2026-07-09T14:02:03.957+00:00,/dev/cu.usbserial-576B0005451,"RX,491046,R35,TXA,N01,431,433627,H,1,0.32,0.30,5,F,-42,10.00"
2026-07-09T14:02:04.102+00:00,/dev/cu.usbserial-576B0005451,"RX,491191,R35,TXK,N151,216,433764,A,1,0.75,0.72,5,U,-59,9.75"
2026-07-09T14:02:04.455+00:00,/dev/cu.usbserial-576B0005451,"RX,491544,R35,TXF,N76,107,434131,G,0,0.93,0.90,5,U,-55,9.50"
2026-07-09T14:02:04.613+00:00,/dev/cu.usbserial-576B0005451,"RX,491702,R35,TXJ,N136,52,434280,G,1,0.93,0.90,5,U,-49,9.75"
2026-07-09T14:02:04.708+00:00,/dev/cu.usbserial-576B0005451,"RX,491797,R35,TXC,N31,106,434381,E,1,0.87,0.84,5,U,-42,9.75"
2026-07-09T14:02:04.957+00:00,/dev/cu.usbserial-576B0005451,"RX,492046,R35,TXA,N01,432,434627,A,1,0.75,0.72,5,F,-44,10.00"
2026-07-09T14:02:05.224+00:00,/dev/cu.usbserial-576B0005451,"RX,492313,R35,TXB,N16,215,434893,G,0,0.93,0.90,5,U,-53,9.50"
2026-07-09T14:02:05.707+00:00,/dev/cu.usbserial-576B0005451,"RX,492796,R35,TXE,N61,213,435382,C,1,0.81,0.78,5,U,-50,9.50"
2026-07-09T14:02:05.819+00:00,/dev/cu.usbserial-576B0005451,"RX,492908,R35,TXI,N121,106,435481,E,1,0.87,0.84,5,U,-59,9.25"
2026-07-09T14:02:05.957+00:00,/dev/cu.usbserial-576B0005451,"RX,493046,R35,TXA,N01,433,435627,B,0,0.20,0.18,5,F,-44,9.75"
2026-07-09T14:02:06.102+00:00,/dev/cu.usbserial-576B0005451,"RX,493191,R35,TXK,N151,217,435764,C,1,0.81,0.78,5,U,-57,10.00"
