wall_time_utc,serial_port,raw_line
2026-07-09T13:16:48.437+00:00,/dev/cu.usbserial-58870137921,"RX,294543,R35,TXK,N151,0,1763,A,1,0.75,0.72,5,U,-46,9.25"
2026-07-09T13:16:49.291+00:00,/dev/cu.usbserial-58870137921,"RX,295396,R35,TXA,N01,0,2627,A,1,0.75,0.72,5,F,-37,9.75"
2026-07-09T13:16:50.290+00:00,/dev/cu.usbserial-58870137921,"RX,296396,R35,TXA,N01,1,3627,B,0,0.20,0.18,5,F,-37,9.50"
2026-07-09T13:16:50.436+00:00,/dev/cu.usbserial-58870137921,"RX,296541,R35,TXK,N151,1,3763,C,1,0.81,0.78,5,U,-46,9.50"
2026-07-09T13:16:51.290+00:00,/dev/cu.usbserial-58870137921,"RX,297396,R35,TXA,N01,2,4627,C,1,0.81,0.78,5,F,-37,9.75"
2026-07-09T13:16:51.558+00:00,/dev/cu.usbserial-58870137921,"RX,297663,R35,TXB,N16,0,4893,A,1,0.75,0.72,5,U,-56,10.00"
2026-07-09T13:16:52.290+00:00,/dev/cu.usbserial-58870137921,"RX,298396,R35,TXA,N01,3,5627,D,1,0.24,0.22,5,F,-35,10.25"
2026-07-09T13:16:52.436+00:00,/dev/cu.usbserial-58870137921,"RX,298541,R35,TXK,N151,2,5763,E,0,0.87,0.84,5,U,-46,9.50"
2026-07-09T13:16:53.290+00:00,/dev/cu.usbserial-58870137921,"RX,299396,R35,TXA,N01,4,6627,E,0,0.87,0.84,5,F,-36,10.25"
2026-07-09T13:16:53.557+00:00,/dev/cu.usbserial-58870137921,"RX,299663,R35,TXB,N16,1,6893,C,1,0.81,0.78,5,U,-58,10.50"
2026-07-09T13:16:54.290+00:00,/dev/cu.usbserial-58870137921,"RX,300396,R35,TXA,N01,5,7627,F,1,0.28,0.26,5,F,-36,10.25"
2026-07-09T13:16:54.407+00:00,/dev/cu.usbserial-58870137921,"RX,300512,R35,TXH,N106,0,7743,G,1,0.93,0.90,5,U,-32,1.50"
2026-07-09T13:16:54.590+00:00,/dev/cu.usbserial-58870137921,"RX,300695,R35,TXL,N166,0,7917,G,1,0.93,0.90,5,U,-42,9.75"
2026-07-09T13:16:54.790+00:00,/dev/cu.usbserial-58870137921,"RX,300896,R35,TXF,N76,0,8131,E,0,0.87,0.84,5,U,-42,10.00"
2026-07-09T13:16:55.095+00:00,/dev/cu.usbserial-58870137921,"RX,301201,R35,TXD,N46,0,8432,G,1,0.93,0.90,5,U,-43,10.00"
2026-07-09T13:16:55.290+00:00,/dev/cu.usbserial-58870137921,"RX,301396,R35,TXA,N01,6,8627,G,1,0.93,0.90,5,F,-38,10.00"
2026-07-09T13:16:55.557+00:00,/dev/cu.usbserial-58870137921,"RX,301663,R35,TXB,N16,2,8893,E,0,0.87,0.84,5,U,-54,10.50"
2026-07-09T13:16:56.041+00:00,/dev/cu.usbserial-58870137921,"RX,302147,R35,TXE,N61,0,9382,A,1,0.75,0.72,5,U,-33,10.25"
2026-07-09T13:16:56.290+00:00,/dev/cu.usbserial-58870137921,"RX,302396,R35,TXA,N01,7,9627,H,0,0.32,0.30,5,F,-39,10.00"
2026-07-09T13:16:56.436+00:00,/dev/cu.usbserial-58870137921,"RX,302541,R35,TXK,N151,4,9763,A,1,0.75,0.72,5,U,-47,9.50"
2026-07-09T13:16:56.795+00:00,/dev/cu.usbserial-58870137921,"RX,302901,R35,TXF,N76,1,10131,G,1,0.93,0.90,5,U,-44,9.50"
2026-07-09T13:16:57.053+00:00,/dev/cu.usbserial-58870137921,"RX,303158,R35,TXC,N31,0,10384,E,0,0.87,0.84,5,U,-42,9.50"
2026-07-09T13:16:57.296+00:00,/dev/cu.usbserial-58870137921,"RX,303401,R35,TXA,N01,8,10627,A,1,0.75,0.72,5,F,-36,10.00"
2026-07-09T13:16:57.513+00:00,/dev/cu.usbserial-58870137921,"RX,303668,R35,TXB,N16,3,10893,G,1,0.93,0.90,5,U,-55,9.50"
2026-07-09T13:16:57.995+00:00,/dev/cu.usbserial-58870137921,"RX,304152,R35,TXE,N61,1,11382,C,1,0.81,0.78,5,U,-33,9.75"
2026-07-09T13:16:58.103+00:00,/dev/cu.usbserial-58870137921,"RX,304260,R35,TXI,N121,0,11481,E,0,0.87,0.84,5,U,-48,9.50"
2026-07-09T13:16:58.244+00:00,/dev/cu.usbserial-58870137921,"RX,304401,R35,TXA,N01,9,11627,B,1,0.20,0.18,5,F,-36,9.50"
2026-07-09T13:16:58.385+00:00,/dev/cu.usbserial-58870137921,"RX,304542,R35,TXK,N151,5,11763,C,0,0.81,0.78,5,U,-51,10.00"
2026-07-09T13:16:59.001+00:00,/dev/cu.usbserial-58870137921,"RX,305158,R35,TXC,N31,1,12384,G,1,0.93,0.90,5,U,-40,9.75"
2026-07-09T13:16:59.244+00:00,/dev/cu.usbserial-58870137921,"RX,305401,R35,TXA,N01,10,12627,C,0,0.81,0.78,5,F,-36,10.00"
2026-07-09T13:16:59.511+00:00,/dev/cu.usbserial-58870137921,"RX,305668,R35,TXB,N16,4,12893,A,1,0.75,0.72,5,U,-59,9.25"
2026-07-09T13:16:59.995+00:00,/dev/cu.usbserial-58870137921,"RX,306152,R35,TXE,N61,2,13382,E,0,0.87,0.84,5,U,-34,9.50"
2026-07-09T13:17:00.103+00:00,/dev/cu.usbserial-58870137921,"RX,306260,R35,TXI,N121,1,13481,G,1,0.93,0.90,5,U,-48,9.75"
2026-07-09T13:17:00.244+00:00,/dev/cu.usbserial-58870137921,"RX,306401,R35,TXA,N01,11,13627,D,1,0.24,0.22,5,F,-37,10.25"
2026-07-09T13:17:00.385+00:00,/dev/cu.usbserial-58870137921,"RX,306542,R35,TXK,N151,6,13763,E,1,0.87,0.84,5,U,-60,12.25"
2026-07-09T13:17:01.244+00:00,/dev/cu.usbserial-58870137921,"RX,307401,R35,TXA,N01,12,14627,E,1,0.87,0.84,5,F,-38,9.25"
2026-07-09T13:17:01.511+00:00,/dev/cu.usbserial-58870137921,"RX,307668,R35,TXB,N16,5,14893,C,0,0.81,0.78,5,U,-54,9.50"
2026-07-09T13:17:01.995+00:00,/dev/cu.usbserial-58870137921,"RX,308152,R35,TXE,N61,3,15382,G,1,0.93,0.90,5,U,-34,9.75"
2026-07-09T13:17:02.244+00:00,/dev/cu.usbserial-58870137921,"RX,308401,R35,TXA,N01,13,15627,F,0,0.28,0.26,5,F,-37,9.75"
2026-07-09T13:17:02.355+00:00,/dev/cu.usbserial-58870137921,"RX,308512,R35,TXH,N106,1,15743,G,1,0.93,0.90,5,U,-34,8.00"
2026-07-09T13:17:02.538+00:00,/dev/cu.usbserial-58870137921,"RX,308695,R35,TXL,N166,1,15917,G,1,0.93,0.90,5,U,-42,9.75"
2026-07-09T13:17:02.744+00:00,/dev/cu.usbserial-58870137921,"RX,308901,R35,TXF,N76,2,16131,E,1,0.87,0.84,5,U,-43,9.25"
2026-07-09T13:17:03.049+00:00,/dev/cu.usbserial-58870137921,"RX,309206,R35,TXD,N46,1,16432,G,1,0.93,0.90,5,U,-46,9.25"
2026-07-09T13:17:03.244+00:00,/dev/cu.usbserial-58870137921,"RX,309401,R35,TXA,N01,14,16627,G,1,0.93,0.90,5,F,-37,10.00"
2026-07-09T13:17:03.511+00:00,/dev/cu.usbserial-58870137921,"RX,309668,R35,TXB,N16,6,16893,E,1,0.87,0.84,5,U,-54,9.50"
2026-07-09T13:17:03.693+00:00,/dev/cu.usbserial-58870137921,"RX,309850,R35,TXG,N91,0,17080,G,1,0.93,0.90,5,U,-45,9.50"
2026-07-09T13:17:03.995+00:00,/dev/cu.usbserial-58870137921,"RX,310152,R35,TXE,N61,4,17382,A,1,0.75,0.72,5,U,-34,10.00"
2026-07-09T13:17:04.244+00:00,/dev/cu.usbserial-58870137921,"RX,310401,R35,TXA,N01,15,17627,H,1,0.32,0.30,5,F,-37,10.00"
2026-07-09T13:17:04.384+00:00,/dev/cu.usbserial-58870137921,"RX,310541,R35,TXK,N151,8,17763,A,0,0.75,0.72,5,U,-53,9.50"
2026-07-09T13:17:04.743+00:00,/dev/cu.usbserial-58870137921,"RX,310901,R35,TXF,N76,3,18131,G,1,0.93,0.90,5,U,-42,9.25"
2026-07-09T13:17:04.903+00:00,/dev/cu.usbserial-58870137921,"RX,311060,R35,TXJ,N136,0,18281,G,1,0.93,0.90,5,U,-46,10.50"
2026-07-09T13:17:05.002+00:00,/dev/cu.usbserial-58870137921,"RX,311158,R35,TXC,N31,2,18384,E,1,0.87,0.84,5,U,-38,9.50"
2026-07-09T13:17:05.244+00:00,/dev/cu.usbserial-58870137921,"RX,311401,R35,TXA,N01,16,18627,A,0,0.75,0.72,5,F,-37,10.50"
2026-07-09T13:17:05.511+00:00,/dev/cu.usbserial-58870137921,"RX,311668,R35,TXB,N16,7,18893,G,1,0.93,0.90,5,U,-55,9.25"
2026-07-09T13:17:05.995+00:00,/dev/cu.usbserial-58870137921,"RX,312152,R35,TXE,N61,5,19382,C,0,0.81,0.78,5,U,-34,9.75"
2026-07-09T13:17:06.103+00:00,/dev/cu.usbserial-58870137921,"RX,312260,R35,TXI,N121,2,19481,E,1,0.87,0.84,5,U,-55,10.00"
2026-07-09T13:17:06.244+00:00,/dev/cu.usbserial-58870137921,"RX,312401,R35,TXA,N01,17,19627,B,1,0.20,0.18,5,F,-37,10.25"
2026-07-09T13:17:06.385+00:00,/dev/cu.usbserial-58870137921,"RX,312541,R35,TXK,N151,9,19763,C,1,0.81,0.78,5,U,-53,9.50"
2026-07-09T13:17:07.001+00:00,/dev/cu.usbserial-58870137921,"RX,313158,R35,TXC,N31,3,20384,G,1,0.93,0.90,5,U,-37,10.00"
2026-07-09T13:17:07.244+00:00,/dev/cu.usbserial-58870137921,"RX,313401,R35,TXA,N01,18,20627,C,1,0.81,0.78,5,F,-36,9.50"
2026-07-09T13:17:07.511+00:00,/dev/cu.usbserial-58870137921,"RX,313668,R35,TXB,N16,8,20893,A,0,0.75,0.72,5,U,-55,9.75"
2026-07-09T13:17:07.995+00:00,/dev/cu.usbserial-58870137921,"RX,314152,R35,TXE,N61,6,21382,E,1,0.87,0.84,5,U,-34,9.25"
2026-07-09T13:17:08.103+00:00,/dev/cu.usbserial-58870137921,"RX,314260,R35,TXI,N121,3,21481,G,1,0.93,0.90,5,U,-55,9.50"
2026-07-09T13:17:08.244+00:00,/dev/cu.usbserial-58870137921,"RX,314401,R35,TXA,N01,19,21627,D,0,0.24,0.22,5,F,-34,10.00"
2026-07-09T13:17:08.385+00:00,/dev/cu.usbserial-58870137921,"RX,314542,R35,TXK,N151,10,21763,E,1,0.87,0.84,5,U,-51,9.50"
2026-07-09T13:17:09.244+00:00,/dev/cu.usbserial-58870137921,"RX,315401,R35,TXA,N01,20,22627,E,1,0.87,0.84,5,F,-37,10.25"
2026-07-09T13:17:09.511+00:00,/dev/cu.usbserial-58870137921,"RX,315668,R35,TXB,N16,9,22893,C,1,0.81,0.78,5,U,-55,9.50"
2026-07-09T13:17:09.995+00:00,/dev/cu.usbserial-58870137921,"RX,316152,R35,TXE,N61,7,23382,G,1,0.93,0.90,5,U,-34,9.50"
2026-07-09T13:17:10.244+00:00,/dev/cu.usbserial-58870137921,"RX,316401,R35,TXA,N01,21,23627,F,1,0.28,0.26,5,F,-37,9.75"
2026-07-09T13:17:10.355+00:00,/dev/cu.usbserial-58870137921,"RX,316512,R35,TXH,N106,2,23743,G,0,0.93,0.90,5,U,-34,8.50"
2026-07-09T13:17:10.538+00:00,/dev/cu.usbserial-58870137921,"RX,316695,R35,TXL,N166,2,23917,G,0,0.93,0.90,5,U,-42,9.75"
2026-07-09T13:17:10.743+00:00,/dev/cu.usbserial-58870137921,"RX,316901,R35,TXF,N76,4,24131,E,1,0.87,0.84,5,U,-43,9.75"
2026-07-09T13:17:11.049+00:00,/dev/cu.usbserial-58870137921,"RX,317206,R35,TXD,N46,2,24432,G,0,0.93,0.90,5,U,-45,9.50"
2026-07-09T13:17:11.244+00:00,/dev/cu.usbserial-58870137921,"RX,317401,R35,TXA,N01,22,24627,G,0,0.93,0.90,5,F,-36,10.25"
2026-07-09T13:17:11.511+00:00,/dev/cu.usbserial-58870137921,"RX,317668,R35,TXB,N16,10,24893,E,1,0.87,0.84,5,U,-54,10.25"
2026-07-09T13:17:11.693+00:00,/dev/cu.usbserial-58870137921,"RX,317850,R35,TXG,N91,1,25080,G,1,0.93,0.90,5,U,-46,9.50"
2026-07-09T13:17:11.995+00:00,/dev/cu.usbserial-58870137921,"RX,318152,R35,TXE,N61,8,25382,A,0,0.75,0.72,5,U,-34,9.50"
2026-07-09T13:17:12.244+00:00,/dev/cu.usbserial-58870137921,"RX,318401,R35,TXA,N01,23,25627,H,1,0.32,0.30,5,F,-37,9.75"
2026-07-09T13:17:12.385+00:00,/dev/cu.usbserial-58870137921,"RX,318542,R35,TXK,N151,12,25763,A,1,0.75,0.72,5,U,-53,10.25"
2026-07-09T13:17:12.743+00:00,/dev/cu.usbserial-58870137921,"RX,318900,R35,TXF,N76,5,26131,G,0,0.93,0.90,5,U,-43,9.50"
2026-07-09T13:17:12.903+00:00,/dev/cu.usbserial-58870137921,"RX,319059,R35,TXJ,N136,1,26281,G,1,0.93,0.90,5,U,-47,10.25"
2026-07-09T13:17:13.002+00:00,/dev/cu.usbserial-58870137921,"RX,319158,R35,TXC,N31,4,26384,E,1,0.87,0.84,5,U,-38,9.75"
2026-07-09T13:17:13.244+00:00,/dev/cu.usbserial-58870137921,"RX,319401,R35,TXA,N01,24,26627,A,1,0.75,0.72,5,F,-37,9.75"
2026-07-09T13:17:13.511+00:00,/dev/cu.usbserial-58870137921,"RX,319668,R35,TXB,N16,11,26893,G,0,0.93,0.90,5,U,-55,9.75"
2026-07-09T13:17:13.995+00:00,/dev/cu.usbserial-58870137921,"RX,320152,R35,TXE,N61,9,27382,C,1,0.81,0.78,5,U,-34,9.75"
2026-07-09T13:17:14.103+00:00,/dev/cu.usbserial-58870137921,"RX,320260,R35,TXI,N121,4,27481,E,1,0.87,0.84,5,U,-55,9.75"
2026-07-09T13:17:14.244+00:00,/dev/cu.usbserial-58870137921,"RX,320401,R35,TXA,N01,25,27627,B,0,0.20,0.18,5,F,-37,10.25"
2026-07-09T13:17:14.385+00:00,/dev/cu.usbserial-58870137921,"RX,320542,R35,TXK,N151,13,27763,C,1,0.81,0.78,5,U,-52,10.00"
2026-07-09T13:17:15.001+00:00,/dev/cu.usbserial-58870137921,"RX,321158,R35,TXC,N31,5,28384,G,0,0.93,0.90,5,U,-39,9.50"
2026-07-09T13:17:15.244+00:00,/dev/cu.usbserial-58870137921,"RX,321401,R35,TXA,N01,26,28627,C,1,0.81,0.78,5,F,-37,10.50"
2026-07-09T13:17:15.511+00:00,/dev/cu.usbserial-58870137921,"RX,321668,R35,TXB,N16,12,28893,A,1,0.75,0.72,5,U,-56,9.50"
2026-07-09T13:17:15.995+00:00,/dev/cu.usbserial-58870137921,"RX,322152,R35,TXE,N61,10,29382,E,1,0.87,0.84,5,U,-33,9.75"
2026-07-09T13:17:16.103+00:00,/dev/cu.usbserial-58870137921,"RX,322259,R35,TXI,N121,5,29481,G,0,0.93,0.90,5,U,-56,10.00"
2026-07-09T13:17:16.244+00:00,/dev/cu.usbserial-58870137921,"RX,322401,R35,TXA,N01,27,29627,D,1,0.24,0.22,5,F,-37,9.75"
2026-07-09T13:17:16.385+00:00,/dev/cu.usbserial-58870137921,"RX,322541,R35,TXK,N151,14,29763,E,0,0.87,0.84,5,U,-52,10.00"
2026-07-09T13:17:17.244+00:00,/dev/cu.usbserial-58870137921,"RX,323401,R35,TXA,N01,28,30627,E,0,0.87,0.84,5,F,-36,9.25"
2026-07-09T13:17:17.511+00:00,/dev/cu.usbserial-58870137921,"RX,323668,R35,TXB,N16,13,30893,C,1,0.81,0.78,5,U,-56,10.00"
2026-07-09T13:17:17.995+00:00,/dev/cu.usbserial-58870137921,"RX,324152,R35,TXE,N61,11,31382,G,0,0.93,0.90,5,U,-34,10.25"
2026-07-09T13:17:18.244+00:00,/dev/cu.usbserial-58870137921,"RX,324401,R35,TXA,N01,29,31627,F,1,0.28,0.26,5,F,-36,9.75"
2026-07-09T13:17:18.355+00:00,/dev/cu.usbserial-58870137921,"RX,324512,R35,TXH,N106,3,31743,G,1,0.93,0.90,5,U,-34,7.75"
2026-07-09T13:17:18.538+00:00,/dev/cu.usbserial-58870137921,"RX,324695,R35,TXL,N166,3,31917,G,1,0.93,0.90,5,U,-43,9.25"
2026-07-09T13:17:18.743+00:00,/dev/cu.usbserial-58870137921,"RX,324900,R35,TXF,N76,6,32131,E,0,0.87,0.84,5,U,-43,9.25"
2026-07-09T13:17:19.049+00:00,/dev/cu.usbserial-58870137921,"RX,325206,R35,TXD,N46,3,32432,G,1,0.93,0.90,5,U,-46,9.75"
2026-07-09T13:17:19.244+00:00,/dev/cu.usbserial-58870137921,"RX,325401,R35,TXA,N01,30,32627,G,1,0.93,0.90,5,F,-37,9.75"
2026-07-09T13:17:19.511+00:00,/dev/cu.usbserial-58870137921,"RX,325668,R35,TXB,N16,14,32893,E,0,0.87,0.84,5,U,-56,10.00"
2026-07-09T13:17:19.692+00:00,/dev/cu.usbserial-58870137921,"RX,325849,R35,TXG,N91,2,33080,G,0,0.93,0.90,5,U,-46,9.50"
2026-07-09T13:17:19.995+00:00,/dev/cu.usbserial-58870137921,"RX,326152,R35,TXE,N61,12,33382,A,1,0.75,0.72,5,U,-33,9.75"
2026-07-09T13:17:20.244+00:00,/dev/cu.usbserial-58870137921,"RX,326401,R35,TXA,N01,31,33627,H,0,0.32,0.30,5,F,-37,10.00"
2026-07-09T13:17:20.385+00:00,/dev/cu.usbserial-58870137921,"RX,326541,R35,TXK,N151,16,33763,A,1,0.75,0.72,5,U,-52,9.50"
2026-07-09T13:17:20.743+00:00,/dev/cu.usbserial-58870137921,"RX,326900,R35,TXF,N76,7,34131,G,1,0.93,0.90,5,U,-43,9.25"
2026-07-09T13:17:20.902+00:00,/dev/cu.usbserial-58870137921,"RX,327059,R35,TXJ,N136,2,34281,G,0,0.93,0.90,5,U,-46,9.75"
2026-07-09T13:17:21.001+00:00,/dev/cu.usbserial-58870137921,"RX,327158,R35,TXC,N31,6,34384,E,0,0.87,0.84,5,U,-39,9.75"
2026-07-09T13:17:21.244+00:00,/dev/cu.usbserial-58870137921,"RX,327401,R35,TXA,N01,32,34627,A,1,0.75,0.72,5,F,-37,9.75"
2026-07-09T13:17:21.511+00:00,/dev/cu.usbserial-58870137921,"RX,327668,R35,TXB,N16,15,34893,G,1,0.93,0.90,5,U,-55,10.00"
2026-07-09T13:17:21.995+00:00,/dev/cu.usbserial-58870137921,"RX,328152,R35,TXE,N61,13,35382,C,1,0.81,0.78,5,U,-33,9.75"
2026-07-09T13:17:22.103+00:00,/dev/cu.usbserial-58870137921,"RX,328259,R35,TXI,N121,6,35481,E,0,0.87,0.84,5,U,-54,9.75"
2026-07-09T13:17:22.244+00:00,/dev/cu.usbserial-58870137921,"RX,328401,R35,TXA,N01,33,35627,B,1,0.20,0.18,5,F,-36,10.00"
2026-07-09T13:17:22.385+00:00,/dev/cu.usbserial-58870137921,"RX,328541,R35,TXK,N151,17,35763,C,0,0.81,0.78,5,U,-52,10.00"
2026-07-09T13:17:23.001+00:00,/dev/cu.usbserial-58870137921,"RX,329158,R35,TXC,N31,7,36384,G,1,0.93,0.90,5,U,-40,9.50"
2026-07-09T13:17:23.244+00:00,/dev/cu.usbserial-58870137921,"RX,329401,R35,TXA,N01,34,36627,C,0,0.81,0.78,5,F,-37,10.50"
2026-07-09T13:17:23.511+00:00,/dev/cu.usbserial-58870137921,"RX,329668,R35,TXB,N16,16,36893,A,1,0.75,0.72,5,U,-55,9.75"
2026-07-09T13:17:23.995+00:00,/dev/cu.usbserial-58870137921,"RX,330152,R35,TXE,N61,14,37382,E,0,0.87,0.84,5,U,-33,10.25"
2026-07-09T13:17:24.103+00:00,/dev/cu.usbserial-58870137921,"RX,330259,R35,TXI,N121,7,37481,G,1,0.93,0.90,5,U,-54,10.00"
2026-07-09T13:17:24.244+00:00,/dev/cu.usbserial-58870137921,"RX,330401,R35,TXA,N01,35,37627,D,1,0.24,0.22,5,F,-37,9.75"
2026-07-09T13:17:24.385+00:00,/dev/cu.usbserial-58870137921,"RX,330541,R35,TXK,N151,18,37763,E,1,0.87,0.84,5,U,-53,10.00"
2026-07-09T13:17:25.244+00:00,/dev/cu.usbserial-58870137921,"RX,331401,R35,TXA,N01,36,38627,E,1,0.87,0.84,5,F,-36,10.25"
2026-07-09T13:17:25.511+00:00,/dev/cu.usbserial-58870137921,"RX,331668,R35,TXB,N16,17,38893,C,0,0.81,0.78,5,U,-56,9.50"
2026-07-09T13:17:25.995+00:00,/dev/cu.usbserial-58870137921,"RX,332152,R35,TXE,N61,15,39382,G,1,0.93,0.90,5,U,-33,9.75"
2026-07-09T13:17:26.244+00:00,/dev/cu.usbserial-58870137921,"RX,332401,R35,TXA,N01,37,39627,F,0,0.28,0.26,5,F,-37,9.75"
2026-07-09T13:17:26.385+00:00,/dev/cu.usbserial-58870137921,"RX,332541,R35,TXK,N151,19,39763,G,1,0.93,0.90,5,U,-52,10.00"
2026-07-09T13:17:26.743+00:00,/dev/cu.usbserial-58870137921,"RX,332900,R35,TXF,N76,8,40131,E,1,0.87,0.84,5,U,-44,9.25"
2026-07-09T13:17:27.049+00:00,/dev/cu.usbserial-58870137921,"RX,333206,R35,TXD,N46,4,40432,G,1,0.93,0.90,5,U,-45,9.75"
2026-07-09T13:17:27.244+00:00,/dev/cu.usbserial-58870137921,"RX,333401,R35,TXA,N01,38,40627,G,1,0.93,0.90,5,F,-36,10.25"
2026-07-09T13:17:27.511+00:00,/dev/cu.usbserial-58870137921,"RX,333668,R35,TXB,N16,18,40893,E,1,0.87,0.84,5,U,-55,10.25"
2026-07-09T13:17:27.692+00:00,/dev/cu.usbserial-58870137921,"RX,333849,R35,TXG,N91,3,41080,G,1,0.93,0.90,5,U,-46,9.50"
2026-07-09T13:17:27.995+00:00,/dev/cu.usbserial-58870137921,"RX,334152,R35,TXE,N61,16,41382,A,1,0.75,0.72,5,U,-33,9.75"
2026-07-09T13:17:28.244+00:00,/dev/cu.usbserial-58870137921,"RX,334401,R35,TXA,N01,39,41627,H,1,0.32,0.30,5,F,-37,8.50"
2026-07-09T13:17:28.384+00:00,/dev/cu.usbserial-58870137921,"RX,334541,R35,TXK,N151,20,41763,A,0,0.75,0.72,5,U,-53,9.75"
2026-07-09T13:17:28.743+00:00,/dev/cu.usbserial-58870137921,"RX,334900,R35,TXF,N76,9,42131,G,1,0.93,0.90,5,U,-44,9.25"
2026-07-09T13:17:28.902+00:00,/dev/cu.usbserial-58870137921,"RX,335059,R35,TXJ,N136,3,42281,G,1,0.93,0.90,5,U,-46,10.00"
2026-07-09T13:17:29.001+00:00,/dev/cu.usbserial-58870137921,"RX,335158,R35,TXC,N31,8,42384,E,1,0.87,0.84,5,U,-39,9.75"
2026-07-09T13:17:29.244+00:00,/dev/cu.usbserial-58870137921,"RX,335401,R35,TXA,N01,40,42627,A,0,0.75,0.72,5,F,-37,10.25"
2026-07-09T13:17:29.511+00:00,/dev/cu.usbserial-58870137921,"RX,335668,R35,TXB,N16,19,42893,G,1,0.93,0.90,5,U,-56,9.75"
2026-07-09T13:17:29.995+00:00,/dev/cu.usbserial-58870137921,"RX,336152,R35,TXE,N61,17,43382,C,0,0.81,0.78,5,U,-34,9.75"
2026-07-09T13:17:30.103+00:00,/dev/cu.usbserial-58870137921,"RX,336259,R35,TXI,N121,8,43481,E,1,0.87,0.84,5,U,-57,10.50"
2026-07-09T13:17:30.244+00:00,/dev/cu.usbserial-58870137921,"RX,336401,R35,TXA,N01,41,43627,B,1,0.20,0.18,5,F,-37,10.00"
2026-07-09T13:17:30.385+00:00,/dev/cu.usbserial-58870137921,"RX,336541,R35,TXK,N151,21,43763,C,1,0.81,0.78,5,U,-52,10.00"
2026-07-09T13:17:31.000+00:00,/dev/cu.usbserial-58870137921,"RX,337157,R35,TXC,N31,9,44384,G,1,0.93,0.90,5,U,-40,9.50"
2026-07-09T13:17:31.244+00:00,/dev/cu.usbserial-58870137921,"RX,337401,R35,TXA,N01,42,44627,C,1,0.81,0.78,5,F,-37,10.00"
2026-07-09T13:17:31.511+00:00,/dev/cu.usbserial-58870137921,"RX,337668,R35,TXB,N16,20,44893,A,0,0.75,0.72,5,U,-56,9.50"
2026-07-09T13:17:31.995+00:00,/dev/cu.usbserial-58870137921,"RX,338152,R35,TXE,N61,18,45382,E,1,0.87,0.84,5,U,-33,10.00"
2026-07-09T13:17:32.103+00:00,/dev/cu.usbserial-58870137921,"RX,338259,R35,TXI,N121,9,45481,G,1,0.93,0.90,5,U,-57,10.00"
2026-07-09T13:17:32.244+00:00,/dev/cu.usbserial-58870137921,"RX,338401,R35,TXA,N01,43,45627,D,0,0.24,0.22,5,F,-37,10.25"
2026-07-09T13:17:32.385+00:00,/dev/cu.usbserial-58870137921,"RX,338541,R35,TXK,N151,22,45763,E,1,0.87,0.84,5,U,-52,9.75"
2026-07-09T13:17:33.244+00:00,/dev/cu.usbserial-58870137921,"RX,339401,R35,TXA,N01,44,46627,E,1,0.87,0.84,5,F,-37,10.00"
2026-07-09T13:17:33.511+00:00,/dev/cu.usbserial-58870137921,"RX,339668,R35,TXB,N16,21,46893,C,1,0.81,0.78,5,U,-56,10.00"
2026-07-09T13:17:33.995+00:00,/dev/cu.usbserial-58870137921,"RX,340152,R35,TXE,N61,19,47382,G,1,0.93,0.90,5,U,-34,9.75"
2026-07-09T13:17:34.244+00:00,/dev/cu.usbserial-58870137921,"RX,340401,R35,TXA,N01,45,47627,F,1,0.28,0.26,5,F,-37,10.75"
2026-07-09T13:17:34.384+00:00,/dev/cu.usbserial-58870137921,"RX,340541,R35,TXK,N151,23,47763,G,0,0.93,0.90,5,U,-50,9.50"
2026-07-09T13:17:34.743+00:00,/dev/cu.usbserial-58870137921,"RX,340900,R35,TXF,N76,10,48131,E,1,0.87,0.84,5,U,-43,9.25"
2026-07-09T13:17:35.049+00:00,/dev/cu.usbserial-58870137921,"RX,341206,R35,TXD,N46,5,48432,G,0,0.93,0.90,5,U,-45,9.75"
2026-07-09T13:17:35.244+00:00,/dev/cu.usbserial-58870137921,"RX,341401,R35,TXA,N01,46,48627,G,0,0.93,0.90,5,F,-37,9.75"
2026-07-09T13:17:35.511+00:00,/dev/cu.usbserial-58870137921,"RX,341668,R35,TXB,N16,22,48893,E,1,0.87,0.84,5,U,-55,9.50"
2026-07-09T13:17:35.692+00:00,/dev/cu.usbserial-58870137921,"RX,341849,R35,TXG,N91,4,49080,G,1,0.93,0.90,5,U,-45,9.75"
2026-07-09T13:17:35.995+00:00,/dev/cu.usbserial-58870137921,"RX,342152,R35,TXE,N61,20,49382,A,0,0.75,0.72,5,U,-34,9.75"
2026-07-09T13:17:36.244+00:00,/dev/cu.usbserial-58870137921,"RX,342401,R35,TXA,N01,47,49627,H,1,0.32,0.30,5,F,-37,10.25"
2026-07-09T13:17:36.384+00:00,/dev/cu.usbserial-58870137921,"RX,342541,R35,TXK,N151,24,49763,A,1,0.75,0.72,5,U,-54,9.50"
2026-07-09T13:17:36.743+00:00,/dev/cu.usbserial-58870137921,"RX,342900,R35,TXF,N76,11,50131,G,0,0.93,0.90,5,U,-42,9.50"
2026-07-09T13:17:36.902+00:00,/dev/cu.usbserial-58870137921,"RX,343059,R35,TXJ,N136,4,50281,G,1,0.93,0.90,5,U,-46,10.75"
2026-07-09T13:17:37.001+00:00,/dev/cu.usbserial-58870137921,"RX,343157,R35,TXC,N31,10,50384,E,1,0.87,0.84,5,U,-39,9.75"
2026-07-09T13:17:37.244+00:00,/dev/cu.usbserial-58870137921,"RX,343401,R35,TXA,N01,48,50627,A,1,0.75,0.72,5,F,-37,9.75"
2026-07-09T13:17:37.511+00:00,/dev/cu.usbserial-58870137921,"RX,343668,R35,TXB,N16,23,50893,G,0,0.93,0.90,5,U,-55,10.00"
2026-07-09T13:17:37.995+00:00,/dev/cu.usbserial-58870137921,"RX,344152,R35,TXE,N61,21,51382,C,1,0.81,0.78,5,U,-34,10.25"
2026-07-09T13:17:38.103+00:00,/dev/cu.usbserial-58870137921,"RX,344259,R35,TXI,N121,10,51481,E,1,0.87,0.84,5,U,-54,9.50"
2026-07-09T13:17:38.244+00:00,/dev/cu.usbserial-58870137921,"RX,344401,R35,TXA,N01,49,51627,B,0,0.20,0.18,5,F,-37,10.50"
2026-07-09T13:17:38.385+00:00,/dev/cu.usbserial-58870137921,"RX,344541,R35,TXK,N151,25,51763,C,1,0.81,0.78,5,U,-53,9.50"
2026-07-09T13:17:39.001+00:00,/dev/cu.usbserial-58870137921,"RX,345157,R35,TXC,N31,11,52384,G,0,0.93,0.90,5,U,-39,10.00"
2026-07-09T13:17:39.244+00:00,/dev/cu.usbserial-58870137921,"RX,345401,R35,TXA,N01,50,52627,C,1,0.81,0.78,5,F,-36,10.50"
2026-07-09T13:17:39.511+00:00,/dev/cu.usbserial-58870137921,"RX,345668,R35,TXB,N16,24,52893,A,1,0.75,0.72,5,U,-53,9.50"
2026-07-09T13:17:39.995+00:00,/dev/cu.usbserial-58870137921,"RX,346152,R35,TXE,N61,22,53382,E,1,0.87,0.84,5,U,-34,10.00"
2026-07-09T13:17:40.102+00:00,/dev/cu.usbserial-58870137921,"RX,346259,R35,TXI,N121,11,53481,G,0,0.93,0.90,5,U,-54,9.75"
2026-07-09T13:17:40.244+00:00,/dev/cu.usbserial-58870137921,"RX,346401,R35,TXA,N01,51,53627,D,1,0.24,0.22,5,F,-37,10.00"
2026-07-09T13:17:40.384+00:00,/dev/cu.usbserial-58870137921,"RX,346541,R35,TXK,N151,26,53763,E,0,0.87,0.84,5,U,-53,9.50"
2026-07-09T13:17:41.244+00:00,/dev/cu.usbserial-58870137921,"RX,347401,R35,TXA,N01,52,54627,E,0,0.87,0.84,5,F,-37,9.50"
2026-07-09T13:17:41.511+00:00,/dev/cu.usbserial-58870137921,"RX,347668,R35,TXB,N16,25,54893,C,1,0.81,0.78,5,U,-54,10.00"
2026-07-09T13:17:41.995+00:00,/dev/cu.usbserial-58870137921,"RX,348152,R35,TXE,N61,23,55382,G,0,0.93,0.90,5,U,-34,10.25"
2026-07-09T13:17:42.244+00:00,/dev/cu.usbserial-58870137921,"RX,348401,R35,TXA,N01,53,55627,F,1,0.28,0.26,5,F,-37,10.75"
2026-07-09T13:17:42.384+00:00,/dev/cu.usbserial-58870137921,"RX,348541,R35,TXK,N151,27,55763,G,1,0.93,0.90,5,U,-54,9.25"
2026-07-09T13:17:42.743+00:00,/dev/cu.usbserial-58870137921,"RX,348900,R35,TXF,N76,12,56131,E,0,0.87,0.84,5,U,-43,9.25"
2026-07-09T13:17:43.048+00:00,/dev/cu.usbserial-58870137921,"RX,349206,R35,TXD,N46,6,56432,G,1,0.93,0.90,5,U,-45,9.75"
2026-07-09T13:17:43.244+00:00,/dev/cu.usbserial-58870137921,"RX,349401,R35,TXA,N01,54,56627,G,1,0.93,0.90,5,F,-37,10.00"
2026-07-09T13:17:43.511+00:00,/dev/cu.usbserial-58870137921,"RX,349668,R35,TXB,N16,26,56893,E,0,0.87,0.84,5,U,-54,10.25"
2026-07-09T13:17:43.692+00:00,/dev/cu.usbserial-58870137921,"RX,349849,R35,TXG,N91,5,57080,G,0,0.93,0.90,5,U,-45,9.50"
2026-07-09T13:17:43.995+00:00,/dev/cu.usbserial-58870137921,"RX,350152,R35,TXE,N61,24,57382,A,1,0.75,0.72,5,U,-34,9.75"
2026-07-09T13:17:44.244+00:00,/dev/cu.usbserial-58870137921,"RX,350401,R35,TXA,N01,55,57627,H,0,0.32,0.30,5,F,-37,10.00"
2026-07-09T13:17:44.384+00:00,/dev/cu.usbserial-58870137921,"RX,350541,R35,TXK,N151,28,57763,A,1,0.75,0.72,5,U,-53,9.00"
2026-07-09T13:17:44.743+00:00,/dev/cu.usbserial-58870137921,"RX,350900,R35,TXF,N76,13,58131,G,1,0.93,0.90,5,U,-42,9.25"
2026-07-09T13:17:44.902+00:00,/dev/cu.usbserial-58870137921,"RX,351059,R35,TXJ,N136,5,58281,G,0,0.93,0.90,5,U,-46,11.75"
2026-07-09T13:17:45.001+00:00,/dev/cu.usbserial-58870137921,"RX,351157,R35,TXC,N31,12,58384,E,0,0.87,0.84,5,U,-39,9.75"
2026-07-09T13:17:45.244+00:00,/dev/cu.usbserial-58870137921,"RX,351401,R35,TXA,N01,56,58627,A,1,0.75,0.72,5,F,-38,10.00"
2026-07-09T13:17:45.511+00:00,/dev/cu.usbserial-58870137921,"RX,351668,R35,TXB,N16,27,58893,G,1,0.93,0.90,5,U,-54,10.25"
2026-07-09T13:17:45.995+00:00,/dev/cu.usbserial-58870137921,"RX,352151,R35,TXE,N61,25,59382,C,1,0.81,0.78,5,U,-33,10.00"
2026-07-09T13:17:46.102+00:00,/dev/cu.usbserial-58870137921,"RX,352259,R35,TXI,N121,12,59481,E,0,0.87,0.84,5,U,-53,9.25"
2026-07-09T13:17:46.244+00:00,/dev/cu.usbserial-58870137921,"RX,352401,R35,TXA,N01,57,59627,B,1,0.20,0.18,5,F,-37,9.75"
2026-07-09T13:17:46.384+00:00,/dev/cu.usbserial-58870137921,"RX,352541,R35,TXK,N151,29,59763,C,0,0.81,0.78,5,U,-53,9.25"
2026-07-09T13:17:47.000+00:00,/dev/cu.usbserial-58870137921,"RX,353157,R35,TXC,N31,13,60384,G,1,0.93,0.90,5,U,-37,9.50"
2026-07-09T13:17:47.244+00:00,/dev/cu.usbserial-58870137921,"RX,353401,R35,TXA,N01,58,60627,C,0,0.81,0.78,5,F,-36,10.00"
2026-07-09T13:17:47.511+00:00,/dev/cu.usbserial-58870137921,"RX,353668,R35,TXB,N16,28,60893,A,1,0.75,0.72,5,U,-55,9.50"
2026-07-09T13:17:47.995+00:00,/dev/cu.usbserial-58870137921,"RX,354152,R35,TXE,N61,26,61382,E,0,0.87,0.84,5,U,-34,10.00"
2026-07-09T13:17:48.102+00:00,/dev/cu.usbserial-58870137921,"RX,354259,R35,TXI,N121,13,61481,G,1,0.93,0.90,5,U,-55,9.25"
2026-07-09T13:17:48.244+00:00,/dev/cu.usbserial-58870137921,"RX,354401,R35,TXA,N01,59,61627,D,1,0.24,0.22,5,F,-38,10.25"
2026-07-09T13:17:48.384+00:00,/dev/cu.usbserial-58870137921,"RX,354541,R35,TXK,N151,30,61763,E,1,0.87,0.84,5,U,-52,10.00"
2026-07-09T13:17:49.244+00:00,/dev/cu.usbserial-58870137921,"RX,355401,R35,TXA,N01,60,62627,E,1,0.87,0.84,5,F,-37,9.75"
2026-07-09T13:17:49.511+00:00,/dev/cu.usbserial-58870137921,"RX,355668,R35,TXB,N16,29,62893,C,0,0.81,0.78,5,U,-56,9.50"
2026-07-09T13:17:49.995+00:00,/dev/cu.usbserial-58870137921,"RX,356152,R35,TXE,N61,27,63382,G,1,0.93,0.90,5,U,-33,9.75"
2026-07-09T13:17:50.244+00:00,/dev/cu.usbserial-58870137921,"RX,356401,R35,TXA,N01,61,63627,F,0,0.28,0.26,5,F,-37,10.00"
2026-07-09T13:17:50.384+00:00,/dev/cu.usbserial-58870137921,"RX,356541,R35,TXK,N151,31,63763,G,1,0.93,0.90,5,U,-51,10.00"
2026-07-09T13:17:50.743+00:00,/dev/cu.usbserial-58870137921,"RX,356900,R35,TXF,N76,14,64131,E,1,0.87,0.84,5,U,-42,9.75"
2026-07-09T13:17:51.048+00:00,/dev/cu.usbserial-58870137921,"RX,357206,R35,TXD,N46,7,64432,G,1,0.93,0.90,5,U,-45,9.50"
2026-07-09T13:17:51.244+00:00,/dev/cu.usbserial-58870137921,"RX,357401,R35,TXA,N01,62,64627,G,1,0.93,0.90,5,F,-35,10.50"
2026-07-09T13:17:51.511+00:00,/dev/cu.usbserial-58870137921,"RX,357668,R35,TXB,N16,30,64893,E,1,0.87,0.84,5,U,-55,10.25"
2026-07-09T13:17:51.693+00:00,/dev/cu.usbserial-58870137921,"RX,357849,R35,TXG,N91,6,65080,G,1,0.93,0.90,5,U,-45,10.00"
2026-07-09T13:17:51.995+00:00,/dev/cu.usbserial-58870137921,"RX,358152,R35,TXE,N61,28,65382,A,1,0.75,0.72,5,U,-35,9.75"
2026-07-09T13:17:52.244+00:00,/dev/cu.usbserial-58870137921,"RX,358401,R35,TXA,N01,63,65627,H,1,0.32,0.30,5,F,-36,9.75"
2026-07-09T13:17:52.384+00:00,/dev/cu.usbserial-58870137921,"RX,358541,R35,TXK,N151,32,65763,A,1,0.75,0.72,5,U,-56,9.50"
2026-07-09T13:17:52.743+00:00,/dev/cu.usbserial-58870137921,"RX,358900,R35,TXF,N76,15,66131,G,1,0.93,0.90,5,U,-44,9.75"
2026-07-09T13:17:52.902+00:00,/dev/cu.usbserial-58870137921,"RX,359059,R35,TXJ,N136,6,66281,G,1,0.93,0.90,5,U,-45,10.00"
2026-07-09T13:17:53.001+00:00,/dev/cu.usbserial-58870137921,"RX,359157,R35,TXC,N31,14,66384,E,1,0.87,0.84,5,U,-40,9.50"
2026-07-09T13:17:53.244+00:00,/dev/cu.usbserial-58870137921,"RX,359401,R35,TXA,N01,64,66627,A,1,0.75,0.72,5,F,-36,10.00"
2026-07-09T13:17:53.511+00:00,/dev/cu.usbserial-58870137921,"RX,359668,R35,TXB,N16,31,66893,G,1,0.93,0.90,5,U,-59,10.00"
2026-07-09T13:17:53.994+00:00,/dev/cu.usbserial-58870137921,"RX,360151,R35,TXE,N61,29,67382,C,0,0.81,0.78,5,U,-34,9.25"
2026-07-09T13:17:54.103+00:00,/dev/cu.usbserial-58870137921,"RX,360259,R35,TXI,N121,14,67481,E,1,0.87,0.84,5,U,-48,9.25"
2026-07-09T13:17:54.244+00:00,/dev/cu.usbserial-58870137921,"RX,360401,R35,TXA,N01,65,67627,B,0,0.20,0.18,5,F,-36,10.25"
2026-07-09T13:17:54.384+00:00,/dev/cu.usbserial-58870137921,"RX,360541,R35,TXK,N151,33,67763,C,1,0.81,0.78,5,U,-51,10.00"
2026-07-09T13:17:55.000+00:00,/dev/cu.usbserial-58870137921,"RX,361157,R35,TXC,N31,15,68384,G,1,0.93,0.90,5,U,-38,9.50"
2026-07-09T13:17:55.244+00:00,/dev/cu.usbserial-58870137921,"RX,361401,R35,TXA,N01,66,68627,C,1,0.81,0.78,5,F,-37,9.75"
2026-07-09T13:17:55.511+00:00,/dev/cu.usbserial-58870137921,"RX,361668,R35,TXB,N16,32,68893,A,1,0.75,0.72,5,U,-58,9.50"
2026-07-09T13:17:55.994+00:00,/dev/cu.usbserial-58870137921,"RX,362151,R35,TXE,N61,30,69382,E,1,0.87,0.84,5,U,-33,9.75"
2026-07-09T13:17:56.102+00:00,/dev/cu.usbserial-58870137921,"RX,362259,R35,TXI,N121,15,69481,G,1,0.93,0.90,5,U,-50,9.50"
2026-07-09T13:17:56.244+00:00,/dev/cu.usbserial-58870137921,"RX,362401,R35,TXA,N01,67,69627,D,1,0.24,0.22,5,F,-37,10.25"
2026-07-09T13:17:56.384+00:00,/dev/cu.usbserial-58870137921,"RX,362541,R35,TXK,N151,34,69763,E,0,0.87,0.84,5,U,-52,9.75"
2026-07-09T13:17:57.244+00:00,/dev/cu.usbserial-58870137921,"RX,363401,R35,TXA,N01,68,70627,E,0,0.87,0.84,5,F,-37,11.00"
2026-07-09T13:17:57.511+00:00,/dev/cu.usbserial-58870137921,"RX,363668,R35,TXB,N16,33,70893,C,1,0.81,0.78,5,U,-58,10.25"
2026-07-09T13:17:57.994+00:00,/dev/cu.usbserial-58870137921,"RX,364151,R35,TXE,N61,31,71382,G,1,0.93,0.90,5,U,-33,10.00"
2026-07-09T13:17:58.244+00:00,/dev/cu.usbserial-58870137921,"RX,364401,R35,TXA,N01,69,71627,F,1,0.28,0.26,5,F,-37,10.75"
2026-07-09T13:17:58.355+00:00,/dev/cu.usbserial-58870137921,"RX,364512,R35,TXH,N106,4,71743,G,1,0.93,0.90,5,U,-32,6.75"
2026-07-09T13:17:58.538+00:00,/dev/cu.usbserial-58870137921,"RX,364695,R35,TXL,N166,4,71917,G,1,0.93,0.90,5,U,-42,9.75"
2026-07-09T13:17:58.743+00:00,/dev/cu.usbserial-58870137921,"RX,364900,R35,TXF,N76,16,72131,E,0,0.87,0.84,5,U,-44,10.50"
2026-07-09T13:17:59.048+00:00,/dev/cu.usbserial-58870137921,"RX,365205,R35,TXD,N46,8,72432,G,1,0.93,0.90,5,U,-44,9.50"
2026-07-09T13:17:59.244+00:00,/dev/cu.usbserial-58870137921,"RX,365401,R35,TXA,N01,70,72627,G,1,0.93,0.90,5,F,-36,10.50"
2026-07-09T13:17:59.511+00:00,/dev/cu.usbserial-58870137921,"RX,365668,R35,TXB,N16,34,72893,E,0,0.87,0.84,5,U,-57,10.25"
2026-07-09T13:17:59.692+00:00,/dev/cu.usbserial-58870137921,"RX,365849,R35,TXG,N91,7,73080,G,1,0.93,0.90,5,U,-46,9.75"
2026-07-09T13:17:59.995+00:00,/dev/cu.usbserial-58870137921,"RX,366152,R35,TXE,N61,32,73382,A,1,0.75,0.72,5,U,-33,9.75"
2026-07-09T13:18:00.244+00:00,/dev/cu.usbserial-58870137921,"RX,366401,R35,TXA,N01,71,73627,H,0,0.32,0.30,5,F,-37,10.50"
2026-07-09T13:18:00.384+00:00,/dev/cu.usbserial-58870137921,"RX,366541,R35,TXK,N151,36,73763,A,1,0.75,0.72,5,U,-51,9.75"
2026-07-09T13:18:00.743+00:00,/dev/cu.usbserial-58870137921,"RX,366900,R35,TXF,N76,17,74131,G,1,0.93,0.90,5,U,-43,9.25"
2026-07-09T13:18:00.902+00:00,/dev/cu.usbserial-58870137921,"RX,367059,R35,TXJ,N136,7,74281,G,1,0.93,0.90,5,U,-48,10.00"
2026-07-09T13:18:01.001+00:00,/dev/cu.usbserial-58870137921,"RX,367157,R35,TXC,N31,16,74384,E,0,0.87,0.84,5,U,-38,9.75"
2026-07-09T13:18:01.244+00:00,/dev/cu.usbserial-58870137921,"RX,367401,R35,TXA,N01,72,74627,A,1,0.75,0.72,5,F,-37,10.25"
2026-07-09T13:18:01.511+00:00,/dev/cu.usbserial-58870137921,"RX,367668,R35,TXB,N16,35,74893,G,1,0.93,0.90,5,U,-56,10.25"
2026-07-09T13:18:01.995+00:00,/dev/cu.usbserial-58870137921,"RX,368151,R35,TXE,N61,33,75382,C,1,0.81,0.78,5,U,-34,9.75"
2026-07-09T13:18:02.102+00:00,/dev/cu.usbserial-58870137921,"RX,368259,R35,TXI,N121,16,75481,E,0,0.87,0.84,5,U,-49,9.75"
2026-07-09T13:18:02.244+00:00,/dev/cu.usbserial-58870137921,"RX,368401,R35,TXA,N01,73,75627,B,1,0.20,0.18,5,F,-37,10.00"
2026-07-09T13:18:02.384+00:00,/dev/cu.usbserial-58870137921,"RX,368541,R35,TXK,N151,37,75763,C,0,0.81,0.78,5,U,-51,9.25"
2026-07-09T13:18:03.000+00:00,/dev/cu.usbserial-58870137921,"RX,369157,R35,TXC,N31,17,76384,G,1,0.93,0.90,5,U,-38,9.50"
2026-07-09T13:18:03.244+00:00,/dev/cu.usbserial-58870137921,"RX,369401,R35,TXA,N01,74,76627,C,0,0.81,0.78,5,F,-37,9.25"
2026-07-09T13:18:03.511+00:00,/dev/cu.usbserial-58870137921,"RX,369668,R35,TXB,N16,36,76893,A,1,0.75,0.72,5,U,-55,10.25"
2026-07-09T13:18:03.995+00:00,/dev/cu.usbserial-58870137921,"RX,370151,R35,TXE,N61,34,77382,E,0,0.87,0.84,5,U,-33,10.75"
2026-07-09T13:18:04.102+00:00,/dev/cu.usbserial-58870137921,"RX,370259,R35,TXI,N121,17,77481,G,1,0.93,0.90,5,U,-51,9.50"
2026-07-09T13:18:04.244+00:00,/dev/cu.usbserial-58870137921,"RX,370401,R35,TXA,N01,75,77627,D,1,0.24,0.22,5,F,-37,10.50"
2026-07-09T13:18:04.384+00:00,/dev/cu.usbserial-58870137921,"RX,370541,R35,TXK,N151,38,77763,E,1,0.87,0.84,5,U,-53,9.25"
2026-07-09T13:18:05.244+00:00,/dev/cu.usbserial-58870137921,"RX,371401,R35,TXA,N01,76,78627,E,1,0.87,0.84,5,F,-37,10.25"
2026-07-09T13:18:05.511+00:00,/dev/cu.usbserial-58870137921,"RX,371668,R35,TXB,N16,37,78893,C,0,0.81,0.78,5,U,-56,9.50"
2026-07-09T13:18:05.995+00:00,/dev/cu.usbserial-58870137921,"RX,372151,R35,TXE,N61,35,79382,G,1,0.93,0.90,5,U,-33,10.00"
2026-07-09T13:18:06.244+00:00,/dev/cu.usbserial-58870137921,"RX,372401,R35,TXA,N01,77,79627,F,0,0.28,0.26,5,F,-36,10.25"
2026-07-09T13:18:06.355+00:00,/dev/cu.usbserial-58870137921,"RX,372512,R35,TXH,N106,5,79743,G,1,0.93,0.90,5,U,-34,7.75"
2026-07-09T13:18:06.538+00:00,/dev/cu.usbserial-58870137921,"RX,372695,R35,TXL,N166,5,79917,G,1,0.93,0.90,5,U,-43,9.25"
2026-07-09T13:18:06.743+00:00,/dev/cu.usbserial-58870137921,"RX,372900,R35,TXF,N76,18,80131,E,1,0.87,0.84,5,U,-42,9.75"
2026-07-09T13:18:07.048+00:00,/dev/cu.usbserial-58870137921,"RX,373205,R35,TXD,N46,9,80432,G,1,0.93,0.90,5,U,-43,9.25"
2026-07-09T13:18:07.244+00:00,/dev/cu.usbserial-58870137921,"RX,373401,R35,TXA,N01,78,80627,G,1,0.93,0.90,5,F,-37,9.50"
2026-07-09T13:18:07.511+00:00,/dev/cu.usbserial-58870137921,"RX,373668,R35,TXB,N16,38,80893,E,1,0.87,0.84,5,U,-55,10.00"
2026-07-09T13:18:07.692+00:00,/dev/cu.usbserial-58870137921,"RX,373849,R35,TXG,N91,8,81080,G,1,0.93,0.90,5,U,-45,9.50"
2026-07-09T13:18:07.995+00:00,/dev/cu.usbserial-58870137921,"RX,374151,R35,TXE,N61,36,81382,A,1,0.75,0.72,5,U,-34,9.75"
2026-07-09T13:18:08.244+00:00,/dev/cu.usbserial-58870137921,"RX,374401,R35,TXA,N01,79,81627,H,1,0.32,0.30,5,F,-37,10.00"
2026-07-09T13:18:08.384+00:00,/dev/cu.usbserial-58870137921,"RX,374541,R35,TXK,N151,40,81763,A,0,0.75,0.72,5,U,-50,9.50"
2026-07-09T13:18:08.743+00:00,/dev/cu.usbserial-58870137921,"RX,374900,R35,TXF,N76,19,82131,G,1,0.93,0.90,5,U,-43,9.50"
2026-07-09T13:18:08.902+00:00,/dev/cu.usbserial-58870137921,"RX,375059,R35,TXJ,N136,8,82281,G,1,0.93,0.90,5,U,-46,9.75"
2026-07-09T13:18:09.000+00:00,/dev/cu.usbserial-58870137921,"RX,375157,R35,TXC,N31,18,82384,E,1,0.87,0.84,5,U,-38,9.50"
2026-07-09T13:18:09.244+00:00,/dev/cu.usbserial-58870137921,"RX,375401,R35,TXA,N01,80,82627,A,0,0.75,0.72,5,F,-37,9.75"
2026-07-09T13:18:09.511+00:00,/dev/cu.usbserial-58870137921,"RX,375668,R35,TXB,N16,39,82893,G,1,0.93,0.90,5,U,-55,9.25"
2026-07-09T13:18:09.995+00:00,/dev/cu.usbserial-58870137921,"RX,376151,R35,TXE,N61,37,83382,C,0,0.81,0.78,5,U,-34,9.75"
2026-07-09T13:18:10.102+00:00,/dev/cu.usbserial-58870137921,"RX,376259,R35,TXI,N121,18,83481,E,1,0.87,0.84,5,U,-54,10.00"
2026-07-09T13:18:10.244+00:00,/dev/cu.usbserial-58870137921,"RX,376401,R35,TXA,N01,81,83627,B,1,0.20,0.18,5,F,-37,10.00"
2026-07-09T13:18:10.384+00:00,/dev/cu.usbserial-58870137921,"RX,376541,R35,TXK,N151,41,83763,C,1,0.81,0.78,5,U,-52,9.25"
2026-07-09T13:18:11.000+00:00,/dev/cu.usbserial-58870137921,"RX,377157,R35,TXC,N31,19,84384,G,1,0.93,0.90,5,U,-38,9.75"
2026-07-09T13:18:11.244+00:00,/dev/cu.usbserial-58870137921,"RX,377401,R35,TXA,N01,82,84627,C,1,0.81,0.78,5,F,-37,10.50"
2026-07-09T13:18:11.511+00:00,/dev/cu.usbserial-58870137921,"RX,377668,R35,TXB,N16,40,84893,A,0,0.75,0.72,5,U,-54,10.00"
2026-07-09T13:18:11.994+00:00,/dev/cu.usbserial-58870137921,"RX,378151,R35,TXE,N61,38,85382,E,1,0.87,0.84,5,U,-34,10.00"
2026-07-09T13:18:12.102+00:00,/dev/cu.usbserial-58870137921,"RX,378259,R35,TXI,N121,19,85481,G,1,0.93,0.90,5,U,-55,9.75"
2026-07-09T13:18:12.244+00:00,/dev/cu.usbserial-58870137921,"RX,378401,R35,TXA,N01,83,85627,D,0,0.24,0.22,5,F,-37,9.75"
2026-07-09T13:18:12.384+00:00,/dev/cu.usbserial-58870137921,"RX,378541,R35,TXK,N151,42,85763,E,1,0.87,0.84,5,U,-51,9.75"
2026-07-09T13:18:13.244+00:00,/dev/cu.usbserial-58870137921,"RX,379401,R35,TXA,N01,84,86627,E,1,0.87,0.84,5,F,-37,9.50"
2026-07-09T13:18:13.511+00:00,/dev/cu.usbserial-58870137921,"RX,379668,R35,TXB,N16,41,86893,C,1,0.81,0.78,5,U,-54,9.75"
2026-07-09T13:18:13.995+00:00,/dev/cu.usbserial-58870137921,"RX,380151,R35,TXE,N61,39,87382,G,1,0.93,0.90,5,U,-33,9.75"
2026-07-09T13:18:14.244+00:00,/dev/cu.usbserial-58870137921,"RX,380401,R35,TXA,N01,85,87627,F,1,0.28,0.26,5,F,-38,9.50"
2026-07-09T13:18:14.355+00:00,/dev/cu.usbserial-58870137921,"RX,380512,R35,TXH,N106,6,87743,G,0,0.93,0.90,5,U,-34,8.00"
2026-07-09T13:18:14.538+00:00,/dev/cu.usbserial-58870137921,"RX,380695,R35,TXL,N166,6,87917,G,0,0.93,0.90,5,U,-42,9.75"
2026-07-09T13:18:14.743+00:00,/dev/cu.usbserial-58870137921,"RX,380900,R35,TXF,N76,20,88131,E,1,0.87,0.84,5,U,-44,10.25"
2026-07-09T13:18:15.049+00:00,/dev/cu.usbserial-58870137921,"RX,381205,R35,TXD,N46,10,88432,G,0,0.93,0.90,5,U,-43,10.00"
2026-07-09T13:18:15.244+00:00,/dev/cu.usbserial-58870137921,"RX,381401,R35,TXA,N01,86,88627,G,0,0.93,0.90,5,F,-41,10.00"
2026-07-09T13:18:15.511+00:00,/dev/cu.usbserial-58870137921,"RX,381668,R35,TXB,N16,42,88893,E,1,0.87,0.84,5,U,-57,9.75"
2026-07-09T13:18:15.692+00:00,/dev/cu.usbserial-58870137921,"RX,381849,R35,TXG,N91,9,89080,G,1,0.93,0.90,5,U,-47,9.50"
2026-07-09T13:18:15.994+00:00,/dev/cu.usbserial-58870137921,"RX,382151,R35,TXE,N61,40,89382,A,0,0.75,0.72,5,U,-34,9.50"
2026-07-09T13:18:16.244+00:00,/dev/cu.usbserial-58870137921,"RX,382401,R35,TXA,N01,87,89627,H,1,0.32,0.30,5,F,-44,9.75"
2026-07-09T13:18:16.384+00:00,/dev/cu.usbserial-58870137921,"RX,382541,R35,TXK,N151,44,89763,A,1,0.75,0.72,5,U,-47,9.75"
2026-07-09T13:18:16.743+00:00,/dev/cu.usbserial-58870137921,"RX,382900,R35,TXF,N76,21,90131,G,0,0.93,0.90,5,U,-42,9.75"
2026-07-09T13:18:16.902+00:00,/dev/cu.usbserial-58870137921,"RX,383059,R35,TXJ,N136,9,90281,G,1,0.93,0.90,5,U,-46,12.00"
2026-07-09T13:18:17.000+00:00,/dev/cu.usbserial-58870137921,"RX,383157,R35,TXC,N31,20,90384,E,1,0.87,0.84,5,U,-44,9.75"
2026-07-09T13:18:17.244+00:00,/dev/cu.usbserial-58870137921,"RX,383401,R35,TXA,N01,88,90627,A,1,0.75,0.72,5,F,-35,10.25"
2026-07-09T13:18:17.511+00:00,/dev/cu.usbserial-58870137921,"RX,383668,R35,TXB,N16,43,90893,G,0,0.93,0.90,5,U,-54,10.00"
2026-07-09T13:18:17.994+00:00,/dev/cu.usbserial-58870137921,"RX,384151,R35,TXE,N61,41,91382,C,1,0.81,0.78,5,U,-33,9.75"
2026-07-09T13:18:18.102+00:00,/dev/cu.usbserial-58870137921,"RX,384259,R35,TXI,N121,20,91481,E,1,0.87,0.84,5,U,-52,9.75"
2026-07-09T13:18:18.244+00:00,/dev/cu.usbserial-58870137921,"RX,384401,R35,TXA,N01,89,91627,B,0,0.20,0.18,5,F,-37,10.00"
2026-07-09T13:18:18.384+00:00,/dev/cu.usbserial-58870137921,"RX,384541,R35,TXK,N151,45,91763,C,1,0.81,0.78,5,U,-53,9.50"
2026-07-09T13:18:19.000+00:00,/dev/cu.usbserial-58870137921,"RX,385157,R35,TXC,N31,21,92384,G,0,0.93,0.90,5,U,-39,9.75"
2026-07-09T13:18:19.244+00:00,/dev/cu.usbserial-58870137921,"RX,385401,R35,TXA,N01,90,92627,C,1,0.81,0.78,5,F,-37,9.75"
2026-07-09T13:18:19.511+00:00,/dev/cu.usbserial-58870137921,"RX,385668,R35,TXB,N16,44,92893,A,1,0.75,0.72,5,U,-56,9.75"
2026-07-09T13:18:19.994+00:00,/dev/cu.usbserial-58870137921,"RX,386151,R35,TXE,N61,42,93382,E,1,0.87,0.84,5,U,-33,9.75"
2026-07-09T13:18:20.102+00:00,/dev/cu.usbserial-58870137921,"RX,386259,R35,TXI,N121,21,93481,G,0,0.93,0.90,5,U,-55,10.00"
2026-07-09T13:18:20.244+00:00,/dev/cu.usbserial-58870137921,"RX,386401,R35,TXA,N01,91,93627,D,1,0.24,0.22,5,F,-36,10.00"
2026-07-09T13:18:20.384+00:00,/dev/cu.usbserial-58870137921,"RX,386541,R35,TXK,N151,46,93763,E,0,0.87,0.84,5,U,-51,9.75"
2026-07-09T13:18:21.244+00:00,/dev/cu.usbserial-58870137921,"RX,387401,R35,TXA,N01,92,94627,E,0,0.87,0.84,5,F,-36,10.50"
2026-07-09T13:18:21.511+00:00,/dev/cu.usbserial-58870137921,"RX,387668,R35,TXB,N16,45,94893,C,1,0.81,0.78,5,U,-56,9.50"
2026-07-09T13:18:21.994+00:00,/dev/cu.usbserial-58870137921,"RX,388151,R35,TXE,N61,43,95382,G,0,0.93,0.90,5,U,-34,9.50"
2026-07-09T13:18:22.244+00:00,/dev/cu.usbserial-58870137921,"RX,388401,R35,TXA,N01,93,95627,F,1,0.28,0.26,5,F,-37,10.00"
2026-07-09T13:18:22.355+00:00,/dev/cu.usbserial-58870137921,"RX,388512,R35,TXH,N106,7,95743,G,1,0.93,0.90,5,U,-32,7.50"
2026-07-09T13:18:22.538+00:00,/dev/cu.usbserial-58870137921,"RX,388695,R35,TXL,N166,7,95917,G,1,0.93,0.90,5,U,-43,9.50"
2026-07-09T13:18:22.743+00:00,/dev/cu.usbserial-58870137921,"RX,388900,R35,TXF,N76,22,96131,E,0,0.87,0.84,5,U,-44,10.00"
2026-07-09T13:18:23.048+00:00,/dev/cu.usbserial-58870137921,"RX,389205,R35,TXD,N46,11,96432,G,1,0.93,0.90,5,U,-44,9.75"
2026-07-09T13:18:23.244+00:00,/dev/cu.usbserial-58870137921,"RX,389401,R35,TXA,N01,94,96627,G,1,0.93,0.90,5,F,-36,10.00"
2026-07-09T13:18:23.511+00:00,/dev/cu.usbserial-58870137921,"RX,389668,R35,TXB,N16,46,96893,E,0,0.87,0.84,5,U,-56,10.00"
2026-07-09T13:18:23.692+00:00,/dev/cu.usbserial-58870137921,"RX,389849,R35,TXG,N91,10,97080,G,0,0.93,0.90,5,U,-45,9.75"
2026-07-09T13:18:23.994+00:00,/dev/cu.usbserial-58870137921,"RX,390151,R35,TXE,N61,44,97382,A,1,0.75,0.72,5,U,-34,10.00"
2026-07-09T13:18:24.244+00:00,/dev/cu.usbserial-58870137921,"RX,390401,R35,TXA,N01,95,97627,H,0,0.32,0.30,5,F,-36,9.75"
2026-07-09T13:18:24.384+00:00,/dev/cu.usbserial-58870137921,"RX,390541,R35,TXK,N151,48,97763,A,1,0.75,0.72,5,U,-51,9.50"
2026-07-09T13:18:24.743+00:00,/dev/cu.usbserial-58870137921,"RX,390900,R35,TXF,N76,23,98131,G,1,0.93,0.90,5,U,-43,10.00"
2026-07-09T13:18:24.902+00:00,/dev/cu.usbserial-58870137921,"RX,391059,R35,TXJ,N136,10,98281,G,0,0.93,0.90,5,U,-46,9.50"
2026-07-09T13:18:25.000+00:00,/dev/cu.usbserial-58870137921,"RX,391157,R35,TXC,N31,22,98384,E,0,0.87,0.84,5,U,-39,9.50"
2026-07-09T13:18:25.244+00:00,/dev/cu.usbserial-58870137921,"RX,391401,R35,TXA,N01,96,98627,A,1,0.75,0.72,5,F,-36,10.00"
2026-07-09T13:18:25.510+00:00,/dev/cu.usbserial-58870137921,"RX,391668,R35,TXB,N16,47,98893,G,1,0.93,0.90,5,U,-56,9.75"
2026-07-09T13:18:25.994+00:00,/dev/cu.usbserial-58870137921,"RX,392151,R35,TXE,N61,45,99382,C,1,0.81,0.78,5,U,-33,10.00"
2026-07-09T13:18:26.102+00:00,/dev/cu.usbserial-58870137921,"RX,392259,R35,TXI,N121,22,99481,E,0,0.87,0.84,5,U,-55,9.25"
2026-07-09T13:18:26.244+00:00,/dev/cu.usbserial-58870137921,"RX,392401,R35,TXA,N01,97,99627,B,1,0.20,0.18,5,F,-36,9.75"
2026-07-09T13:18:26.384+00:00,/dev/cu.usbserial-58870137921,"RX,392541,R35,TXK,N151,49,99763,C,0,0.81,0.78,5,U,-51,9.75"
2026-07-09T13:18:27.000+00:00,/dev/cu.usbserial-58870137921,"RX,393157,R35,TXC,N31,23,100384,G,1,0.93,0.90,5,U,-39,9.50"
2026-07-09T13:18:27.244+00:00,/dev/cu.usbserial-58870137921,"RX,393401,R35,TXA,N01,98,100627,C,0,0.81,0.78,5,F,-37,9.50"
2026-07-09T13:18:27.511+00:00,/dev/cu.usbserial-58870137921,"RX,393668,R35,TXB,N16,48,100893,A,1,0.75,0.72,5,U,-56,9.75"
2026-07-09T13:18:27.994+00:00,/dev/cu.usbserial-58870137921,"RX,394151,R35,TXE,N61,46,101382,E,0,0.87,0.84,5,U,-34,9.50"
2026-07-09T13:18:28.102+00:00,/dev/cu.usbserial-58870137921,"RX,394259,R35,TXI,N121,23,101481,G,1,0.93,0.90,5,U,-55,9.50"
2026-07-09T13:18:28.244+00:00,/dev/cu.usbserial-58870137921,"RX,394401,R35,TXA,N01,99,101627,D,1,0.24,0.22,5,F,-36,10.25"
2026-07-09T13:18:28.384+00:00,/dev/cu.usbserial-58870137921,"RX,394541,R35,TXK,N151,50,101763,E,1,0.87,0.84,5,U,-50,9.75"
2026-07-09T13:18:29.244+00:00,/dev/cu.usbserial-58870137921,"RX,395401,R35,TXA,N01,100,102627,E,1,0.87,0.84,5,F,-36,11.75"
2026-07-09T13:18:29.511+00:00,/dev/cu.usbserial-58870137921,"RX,395668,R35,TXB,N16,49,102893,C,0,0.81,0.78,5,U,-56,10.00"
2026-07-09T13:18:29.994+00:00,/dev/cu.usbserial-58870137921,"RX,396151,R35,TXE,N61,47,103382,G,1,0.93,0.90,5,U,-33,9.75"
2026-07-09T13:18:30.244+00:00,/dev/cu.usbserial-58870137921,"RX,396401,R35,TXA,N01,101,103627,F,0,0.28,0.26,5,F,-36,10.00"
2026-07-09T13:18:30.385+00:00,/dev/cu.usbserial-58870137921,"RX,396541,R35,TXK,N151,51,103763,G,1,0.93,0.90,5,U,-51,9.75"
2026-07-09T13:18:30.743+00:00,/dev/cu.usbserial-58870137921,"RX,396900,R35,TXF,N76,24,104131,E,1,0.87,0.84,5,U,-43,9.50"
2026-07-09T13:18:31.048+00:00,/dev/cu.usbserial-58870137921,"RX,397205,R35,TXD,N46,12,104432,G,1,0.93,0.90,5,U,-44,9.75"
2026-07-09T13:18:31.244+00:00,/dev/cu.usbserial-58870137921,"RX,397401,R35,TXA,N01,102,104627,G,1,0.93,0.90,5,F,-36,9.75"
2026-07-09T13:18:31.511+00:00,/dev/cu.usbserial-58870137921,"RX,397668,R35,TXB,N16,50,104893,E,1,0.87,0.84,5,U,-56,9.75"
2026-07-09T13:18:31.693+00:00,/dev/cu.usbserial-58870137921,"RX,397849,R35,TXG,N91,11,105080,G,1,0.93,0.90,5,U,-46,12.25"
2026-07-09T13:18:31.994+00:00,/dev/cu.usbserial-58870137921,"RX,398151,R35,TXE,N61,48,105382,A,1,0.75,0.72,5,U,-34,9.75"
2026-07-09T13:18:32.244+00:00,/dev/cu.usbserial-58870137921,"RX,398401,R35,TXA,N01,103,105627,H,1,0.32,0.30,5,F,-36,9.75"
2026-07-09T13:18:32.384+00:00,/dev/cu.usbserial-58870137921,"RX,398541,R35,TXK,N151,52,105763,A,0,0.75,0.72,5,U,-51,10.00"
2026-07-09T13:18:32.743+00:00,/dev/cu.usbserial-58870137921,"RX,398900,R35,TXF,N76,25,106131,G,1,0.93,0.90,5,U,-43,9.50"
2026-07-09T13:18:32.902+00:00,/dev/cu.usbserial-58870137921,"RX,399059,R35,TXJ,N136,11,106281,G,1,0.93,0.90,5,U,-46,9.75"
2026-07-09T13:18:33.000+00:00,/dev/cu.usbserial-58870137921,"RX,399157,R35,TXC,N31,24,106384,E,1,0.87,0.84,5,U,-39,9.50"
2026-07-09T13:18:33.244+00:00,/dev/cu.usbserial-58870137921,"RX,399401,R35,TXA,N01,104,106627,A,0,0.75,0.72,5,F,-36,9.75"
2026-07-09T13:18:33.511+00:00,/dev/cu.usbserial-58870137921,"RX,399668,R35,TXB,N16,51,106893,G,1,0.93,0.90,5,U,-56,10.00"
2026-07-09T13:18:33.994+00:00,/dev/cu.usbserial-58870137921,"RX,400151,R35,TXE,N61,49,107382,C,0,0.81,0.78,5,U,-33,9.75"
2026-07-09T13:18:34.102+00:00,/dev/cu.usbserial-58870137921,"RX,400259,R35,TXI,N121,24,107481,E,1,0.87,0.84,5,U,-54,9.50"
2026-07-09T13:18:34.244+00:00,/dev/cu.usbserial-58870137921,"RX,400401,R35,TXA,N01,105,107627,B,1,0.20,0.18,5,F,-36,9.75"
2026-07-09T13:18:34.384+00:00,/dev/cu.usbserial-58870137921,"RX,400541,R35,TXK,N151,53,107763,C,1,0.81,0.78,5,U,-50,9.75"
2026-07-09T13:18:35.000+00:00,/dev/cu.usbserial-58870137921,"RX,401157,R35,TXC,N31,25,108384,G,1,0.93,0.90,5,U,-39,9.50"
2026-07-09T13:18:35.244+00:00,/dev/cu.usbserial-58870137921,"RX,401401,R35,TXA,N01,106,108627,C,1,0.81,0.78,5,F,-36,9.75"
2026-07-09T13:18:35.511+00:00,/dev/cu.usbserial-58870137921,"RX,401668,R35,TXB,N16,52,108893,A,0,0.75,0.72,5,U,-56,9.50"
2026-07-09T13:18:35.995+00:00,/dev/cu.usbserial-58870137921,"RX,402151,R35,TXE,N61,50,109382,E,1,0.87,0.84,5,U,-34,10.00"
2026-07-09T13:18:36.102+00:00,/dev/cu.usbserial-58870137921,"RX,402259,R35,TXI,N121,25,109481,G,1,0.93,0.90,5,U,-55,9.75"
2026-07-09T13:18:36.244+00:00,/dev/cu.usbserial-58870137921,"RX,402401,R35,TXA,N01,107,109627,D,0,0.24,0.22,5,F,-36,9.50"
2026-07-09T13:18:36.384+00:00,/dev/cu.usbserial-58870137921,"RX,402541,R35,TXK,N151,54,109763,E,1,0.87,0.84,5,U,-51,9.75"
2026-07-09T13:18:37.244+00:00,/dev/cu.usbserial-58870137921,"RX,403401,R35,TXA,N01,108,110627,E,1,0.87,0.84,5,F,-36,10.00"
2026-07-09T13:18:37.511+00:00,/dev/cu.usbserial-58870137921,"RX,403668,R35,TXB,N16,53,110893,C,1,0.81,0.78,5,U,-56,9.75"
2026-07-09T13:18:37.995+00:00,/dev/cu.usbserial-58870137921,"RX,404151,R35,TXE,N61,51,111382,G,1,0.93,0.90,5,U,-34,9.50"
2026-07-09T13:18:38.244+00:00,/dev/cu.usbserial-58870137921,"RX,404401,R35,TXA,N01,109,111627,F,1,0.28,0.26,5,F,-36,10.00"
2026-07-09T13:18:38.384+00:00,/dev/cu.usbserial-58870137921,"RX,404541,R35,TXK,N151,55,111763,G,0,0.93,0.90,5,U,-51,9.50"
2026-07-09T13:18:38.743+00:00,/dev/cu.usbserial-58870137921,"RX,404900,R35,TXF,N76,26,112131,E,1,0.87,0.84,5,U,-43,9.50"
2026-07-09T13:18:39.048+00:00,/dev/cu.usbserial-58870137921,"RX,405205,R35,TXD,N46,13,112432,G,0,0.93,0.90,5,U,-44,9.75"
2026-07-09T13:18:39.244+00:00,/dev/cu.usbserial-58870137921,"RX,405401,R35,TXA,N01,110,112627,G,0,0.93,0.90,5,F,-36,9.75"
2026-07-09T13:18:39.511+00:00,/dev/cu.usbserial-58870137921,"RX,405668,R35,TXB,N16,54,112893,E,1,0.87,0.84,5,U,-56,10.25"
2026-07-09T13:18:39.692+00:00,/dev/cu.usbserial-58870137921,"RX,405849,R35,TXG,N91,12,113080,G,1,0.93,0.90,5,U,-46,10.00"
2026-07-09T13:18:39.995+00:00,/dev/cu.usbserial-58870137921,"RX,406151,R35,TXE,N61,52,113382,A,0,0.75,0.72,5,U,-33,10.25"
2026-07-09T13:18:40.245+00:00,/dev/cu.usbserial-58870137921,"RX,406401,R35,TXA,N01,111,113627,H,1,0.32,0.30,5,F,-36,10.25"
2026-07-09T13:18:40.384+00:00,/dev/cu.usbserial-58870137921,"RX,406541,R35,TXK,N151,56,113763,A,1,0.75,0.72,5,U,-51,9.50"
2026-07-09T13:18:40.743+00:00,/dev/cu.usbserial-58870137921,"RX,406900,R35,TXF,N76,27,114131,G,0,0.93,0.90,5,U,-43,9.50"
2026-07-09T13:18:40.902+00:00,/dev/cu.usbserial-58870137921,"RX,407059,R35,TXJ,N136,12,114281,G,1,0.93,0.90,5,U,-46,9.75"
2026-07-09T13:18:41.000+00:00,/dev/cu.usbserial-58870137921,"RX,407157,R35,TXC,N31,26,114384,E,1,0.87,0.84,5,U,-38,9.75"
2026-07-09T13:18:41.244+00:00,/dev/cu.usbserial-58870137921,"RX,407401,R35,TXA,N01,112,114627,A,1,0.75,0.72,5,F,-36,9.25"
2026-07-09T13:18:41.511+00:00,/dev/cu.usbserial-58870137921,"RX,407668,R35,TXB,N16,55,114893,G,0,0.93,0.90,5,U,-55,9.50"
2026-07-09T13:18:41.994+00:00,/dev/cu.usbserial-58870137921,"RX,408151,R35,TXE,N61,53,115382,C,1,0.81,0.78,5,U,-34,9.50"
2026-07-09T13:18:42.102+00:00,/dev/cu.usbserial-58870137921,"RX,408259,R35,TXI,N121,26,115481,E,1,0.87,0.84,5,U,-55,10.00"
2026-07-09T13:18:42.244+00:00,/dev/cu.usbserial-58870137921,"RX,408401,R35,TXA,N01,113,115627,B,0,0.20,0.18,5,F,-36,9.50"
2026-07-09T13:18:42.384+00:00,/dev/cu.usbserial-58870137921,"RX,408541,R35,TXK,N151,57,115763,C,1,0.81,0.78,5,U,-51,9.50"
2026-07-09T13:18:43.000+00:00,/dev/cu.usbserial-58870137921,"RX,409157,R35,TXC,N31,27,116384,G,0,0.93,0.90,5,U,-39,10.00"
2026-07-09T13:18:43.244+00:00,/dev/cu.usbserial-58870137921,"RX,409401,R35,TXA,N01,114,116627,C,1,0.81,0.78,5,F,-36,9.50"
2026-07-09T13:18:43.511+00:00,/dev/cu.usbserial-58870137921,"RX,409668,R35,TXB,N16,56,116893,A,1,0.75,0.72,5,U,-56,9.75"
2026-07-09T13:18:43.994+00:00,/dev/cu.usbserial-58870137921,"RX,410151,R35,TXE,N61,54,117382,E,1,0.87,0.84,5,U,-33,9.25"
2026-07-09T13:18:44.102+00:00,/dev/cu.usbserial-58870137921,"RX,410259,R35,TXI,N121,27,117481,G,0,0.93,0.90,5,U,-54,9.75"
2026-07-09T13:18:44.244+00:00,/dev/cu.usbserial-58870137921,"RX,410401,R35,TXA,N01,115,117627,D,1,0.24,0.22,5,F,-36,10.00"
2026-07-09T13:18:44.384+00:00,/dev/cu.usbserial-58870137921,"RX,410541,R35,TXK,N151,58,117763,E,0,0.87,0.84,5,U,-51,9.25"
2026-07-09T13:18:45.244+00:00,/dev/cu.usbserial-58870137921,"RX,411401,R35,TXA,N01,116,118627,E,0,0.87,0.84,5,F,-36,10.25"
2026-07-09T13:18:45.511+00:00,/dev/cu.usbserial-58870137921,"RX,411668,R35,TXB,N16,57,118893,C,1,0.81,0.78,5,U,-56,10.00"
2026-07-09T13:18:45.994+00:00,/dev/cu.usbserial-58870137921,"RX,412151,R35,TXE,N61,55,119382,G,0,0.93,0.90,5,U,-33,10.00"
2026-07-09T13:18:46.244+00:00,/dev/cu.usbserial-58870137921,"RX,412401,R35,TXA,N01,117,119627,F,1,0.28,0.26,5,F,-36,9.75"
2026-07-09T13:18:46.385+00:00,/dev/cu.usbserial-58870137921,"RX,412541,R35,TXK,N151,59,119763,G,1,0.93,0.90,5,U,-51,10.00"
2026-07-09T13:18:46.743+00:00,/dev/cu.usbserial-58870137921,"RX,412900,R35,TXF,N76,28,120131,E,0,0.87,0.84,5,U,-43,9.50"
2026-07-09T13:18:47.048+00:00,/dev/cu.usbserial-58870137921,"RX,413205,R35,TXD,N46,14,120432,G,1,0.93,0.90,5,U,-44,10.00"
2026-07-09T13:18:47.244+00:00,/dev/cu.usbserial-58870137921,"RX,413401,R35,TXA,N01,118,120627,G,1,0.93,0.90,5,F,-36,9.75"
2026-07-09T13:18:47.511+00:00,/dev/cu.usbserial-58870137921,"RX,413668,R35,TXB,N16,58,120893,E,0,0.87,0.84,5,U,-55,9.75"
2026-07-09T13:18:47.692+00:00,/dev/cu.usbserial-58870137921,"RX,413849,R35,TXG,N91,13,121080,G,0,0.93,0.90,5,U,-46,9.50"
2026-07-09T13:18:47.994+00:00,/dev/cu.usbserial-58870137921,"RX,414151,R35,TXE,N61,56,121382,A,1,0.75,0.72,5,U,-34,10.50"
2026-07-09T13:18:48.244+00:00,/dev/cu.usbserial-58870137921,"RX,414401,R35,TXA,N01,119,121627,H,0,0.32,0.30,5,F,-36,10.00"
2026-07-09T13:18:48.384+00:00,/dev/cu.usbserial-58870137921,"RX,414541,R35,TXK,N151,60,121763,A,1,0.75,0.72,5,U,-51,9.50"
2026-07-09T13:18:48.743+00:00,/dev/cu.usbserial-58870137921,"RX,414900,R35,TXF,N76,29,122131,G,1,0.93,0.90,5,U,-43,9.50"
2026-07-09T13:18:48.902+00:00,/dev/cu.usbserial-58870137921,"RX,415059,R35,TXJ,N136,13,122281,G,0,0.93,0.90,5,U,-46,10.25"
2026-07-09T13:18:49.000+00:00,/dev/cu.usbserial-58870137921,"RX,415157,R35,TXC,N31,28,122384,E,0,0.87,0.84,5,U,-39,9.50"
2026-07-09T13:18:49.244+00:00,/dev/cu.usbserial-58870137921,"RX,415401,R35,TXA,N01,120,122627,A,1,0.75,0.72,5,F,-36,9.50"
2026-07-09T13:18:49.511+00:00,/dev/cu.usbserial-58870137921,"RX,415668,R35,TXB,N16,59,122893,G,1,0.93,0.90,5,U,-56,9.50"
2026-07-09T13:18:49.994+00:00,/dev/cu.usbserial-58870137921,"RX,416151,R35,TXE,N61,57,123382,C,1,0.81,0.78,5,U,-34,9.50"
2026-07-09T13:18:50.102+00:00,/dev/cu.usbserial-58870137921,"RX,416259,R35,TXI,N121,28,123481,E,0,0.87,0.84,5,U,-54,9.75"
2026-07-09T13:18:50.244+00:00,/dev/cu.usbserial-58870137921,"RX,416401,R35,TXA,N01,121,123627,B,1,0.20,0.18,5,F,-36,9.50"
2026-07-09T13:18:50.384+00:00,/dev/cu.usbserial-58870137921,"RX,416541,R35,TXK,N151,61,123763,C,0,0.81,0.78,5,U,-51,9.25"
2026-07-09T13:18:51.000+00:00,/dev/cu.usbserial-58870137921,"RX,417157,R35,TXC,N31,29,124384,G,1,0.93,0.90,5,U,-39,9.50"
2026-07-09T13:18:51.244+00:00,/dev/cu.usbserial-58870137921,"RX,417401,R35,TXA,N01,122,124627,C,0,0.81,0.78,5,F,-36,9.50"
2026-07-09T13:18:51.511+00:00,/dev/cu.usbserial-58870137921,"RX,417668,R35,TXB,N16,60,124893,A,1,0.75,0.72,5,U,-56,9.50"
2026-07-09T13:18:51.994+00:00,/dev/cu.usbserial-58870137921,"RX,418151,R35,TXE,N61,58,125382,E,0,0.87,0.84,5,U,-33,10.00"
2026-07-09T13:18:52.102+00:00,/dev/cu.usbserial-58870137921,"RX,418259,R35,TXI,N121,29,125481,G,1,0.93,0.90,5,U,-54,10.00"
2026-07-09T13:18:52.244+00:00,/dev/cu.usbserial-58870137921,"RX,418401,R35,TXA,N01,123,125627,D,1,0.24,0.22,5,F,-36,9.25"
2026-07-09T13:18:52.384+00:00,/dev/cu.usbserial-58870137921,"RX,418541,R35,TXK,N151,62,125763,E,1,0.87,0.84,5,U,-51,9.25"
2026-07-09T13:18:53.244+00:00,/dev/cu.usbserial-58870137921,"RX,419401,R35,TXA,N01,124,126627,E,1,0.87,0.84,5,F,-36,9.50"
2026-07-09T13:18:53.511+00:00,/dev/cu.usbserial-58870137921,"RX,419668,R35,TXB,N16,61,126893,C,0,0.81,0.78,5,U,-55,9.75"
2026-07-09T13:18:53.994+00:00,/dev/cu.usbserial-58870137921,"RX,420151,R35,TXE,N61,59,127382,G,1,0.93,0.90,5,U,-33,9.25"
2026-07-09T13:18:54.244+00:00,/dev/cu.usbserial-58870137921,"RX,420401,R35,TXA,N01,125,127627,F,0,0.28,0.26,5,F,-36,10.50"
2026-07-09T13:18:54.384+00:00,/dev/cu.usbserial-58870137921,"RX,420541,R35,TXK,N151,63,127763,G,1,0.93,0.90,5,U,-50,9.75"
2026-07-09T13:18:54.743+00:00,/dev/cu.usbserial-58870137921,"RX,420900,R35,TXF,N76,30,128131,E,1,0.87,0.84,5,U,-43,9.25"
2026-07-09T13:18:55.048+00:00,/dev/cu.usbserial-58870137921,"RX,421205,R35,TXD,N46,15,128432,G,1,0.93,0.90,5,U,-44,10.00"
2026-07-09T13:18:55.244+00:00,/dev/cu.usbserial-58870137921,"RX,421401,R35,TXA,N01,126,128627,G,1,0.93,0.90,5,F,-36,9.50"
2026-07-09T13:18:55.511+00:00,/dev/cu.usbserial-58870137921,"RX,421668,R35,TXB,N16,62,128893,E,1,0.87,0.84,5,U,-55,10.00"
2026-07-09T13:18:55.693+00:00,/dev/cu.usbserial-58870137921,"RX,421849,R35,TXG,N91,14,129080,G,1,0.93,0.90,5,U,-45,9.50"
2026-07-09T13:18:55.994+00:00,/dev/cu.usbserial-58870137921,"RX,422151,R35,TXE,N61,60,129382,A,1,0.75,0.72,5,U,-33,9.50"
2026-07-09T13:18:56.244+00:00,/dev/cu.usbserial-58870137921,"RX,422401,R35,TXA,N01,127,129627,H,1,0.32,0.30,5,F,-36,10.25"
2026-07-09T13:18:56.384+00:00,/dev/cu.usbserial-58870137921,"RX,422541,R35,TXK,N151,64,129763,A,1,0.75,0.72,5,U,-51,9.75"
2026-07-09T13:18:56.743+00:00,/dev/cu.usbserial-58870137921,"RX,422900,R35,TXF,N76,31,130131,G,1,0.93,0.90,5,U,-43,9.75"
2026-07-09T13:18:56.902+00:00,/dev/cu.usbserial-58870137921,"RX,423059,R35,TXJ,N136,14,130281,G,1,0.93,0.90,5,U,-46,10.00"
2026-07-09T13:18:57.000+00:00,/dev/cu.usbserial-58870137921,"RX,423157,R35,TXC,N31,30,130384,E,1,0.87,0.84,5,U,-39,9.75"
2026-07-09T13:18:57.244+00:00,/dev/cu.usbserial-58870137921,"RX,423401,R35,TXA,N01,128,130627,A,1,0.75,0.72,5,F,-36,9.75"
2026-07-09T13:18:57.511+00:00,/dev/cu.usbserial-58870137921,"RX,423668,R35,TXB,N16,63,130893,G,1,0.93,0.90,5,U,-56,9.75"
2026-07-09T13:18:57.994+00:00,/dev/cu.usbserial-58870137921,"RX,424151,R35,TXE,N61,61,131382,C,0,0.81,0.78,5,U,-33,10.00"
2026-07-09T13:18:58.102+00:00,/dev/cu.usbserial-58870137921,"RX,424259,R35,TXI,N121,30,131481,E,1,0.87,0.84,5,U,-54,10.00"
2026-07-09T13:18:58.244+00:00,/dev/cu.usbserial-58870137921,"RX,424401,R35,TXA,N01,129,131627,B,0,0.20,0.18,5,F,-36,10.00"
2026-07-09T13:18:58.384+00:00,/dev/cu.usbserial-58870137921,"RX,424541,R35,TXK,N151,65,131763,C,1,0.81,0.78,5,U,-51,9.50"
2026-07-09T13:18:59.000+00:00,/dev/cu.usbserial-58870137921,"RX,425157,R35,TXC,N31,31,132384,G,1,0.93,0.90,5,U,-39,10.00"
2026-07-09T13:18:59.244+00:00,/dev/cu.usbserial-58870137921,"RX,425401,R35,TXA,N01,130,132627,C,1,0.81,0.78,5,F,-36,9.75"
2026-07-09T13:18:59.511+00:00,/dev/cu.usbserial-58870137921,"RX,425668,R35,TXB,N16,64,132893,A,1,0.75,0.72,5,U,-56,9.25"
2026-07-09T13:18:59.994+00:00,/dev/cu.usbserial-58870137921,"RX,426151,R35,TXE,N61,62,133382,E,1,0.87,0.84,5,U,-33,9.00"
2026-07-09T13:19:00.102+00:00,/dev/cu.usbserial-58870137921,"RX,426259,R35,TXI,N121,31,133481,G,1,0.93,0.90,5,U,-55,9.50"
2026-07-09T13:19:00.244+00:00,/dev/cu.usbserial-58870137921,"RX,426401,R35,TXA,N01,131,133627,D,1,0.24,0.22,5,F,-36,9.75"
2026-07-09T13:19:00.384+00:00,/dev/cu.usbserial-58870137921,"RX,426541,R35,TXK,N151,66,133763,E,0,0.87,0.84,5,U,-51,9.50"
2026-07-09T13:19:01.244+00:00,/dev/cu.usbserial-58870137921,"RX,427401,R35,TXA,N01,132,134627,E,0,0.87,0.84,5,F,-36,9.75"
2026-07-09T13:19:01.511+00:00,/dev/cu.usbserial-58870137921,"RX,427668,R35,TXB,N16,65,134893,C,1,0.81,0.78,5,U,-56,9.75"
2026-07-09T13:19:01.994+00:00,/dev/cu.usbserial-58870137921,"RX,428151,R35,TXE,N61,63,135382,G,1,0.93,0.90,5,U,-34,9.75"
2026-07-09T13:19:02.244+00:00,/dev/cu.usbserial-58870137921,"RX,428401,R35,TXA,N01,133,135627,F,1,0.28,0.26,5,F,-36,10.00"
2026-07-09T13:19:02.355+00:00,/dev/cu.usbserial-58870137921,"RX,428512,R35,TXH,N106,8,135743,G,1,0.93,0.90,5,U,-34,8.00"
2026-07-09T13:19:02.537+00:00,/dev/cu.usbserial-58870137921,"RX,428694,R35,TXL,N166,8,135917,G,1,0.93,0.90,5,U,-43,9.25"
2026-07-09T13:19:02.743+00:00,/dev/cu.usbserial-58870137921,"RX,428900,R35,TXF,N76,32,136131,E,0,0.87,0.84,5,U,-43,9.75"
2026-07-09T13:19:03.048+00:00,/dev/cu.usbserial-58870137921,"RX,429205,R35,TXD,N46,16,136432,G,1,0.93,0.90,5,U,-44,9.75"
2026-07-09T13:19:03.244+00:00,/dev/cu.usbserial-58870137921,"RX,429401,R35,TXA,N01,134,136627,G,1,0.93,0.90,5,F,-36,9.75"
2026-07-09T13:19:03.511+00:00,/dev/cu.usbserial-58870137921,"RX,429668,R35,TXB,N16,66,136893,E,0,0.87,0.84,5,U,-55,9.25"
2026-07-09T13:19:03.692+00:00,/dev/cu.usbserial-58870137921,"RX,429849,R35,TXG,N91,15,137080,G,1,0.93,0.90,5,U,-46,10.00"
2026-07-09T13:19:03.994+00:00,/dev/cu.usbserial-58870137921,"RX,430151,R35,TXE,N61,64,137382,A,1,0.75,0.72,5,U,-35,9.25"
2026-07-09T13:19:04.244+00:00,/dev/cu.usbserial-58870137921,"RX,430401,R35,TXA,N01,135,137627,H,0,0.32,0.30,5,F,-36,10.00"
2026-07-09T13:19:04.384+00:00,/dev/cu.usbserial-58870137921,"RX,430541,R35,TXK,N151,68,137763,A,1,0.75,0.72,5,U,-51,10.00"
2026-07-09T13:19:04.743+00:00,/dev/cu.usbserial-58870137921,"RX,430900,R35,TXF,N76,33,138131,G,1,0.93,0.90,5,U,-43,9.25"
2026-07-09T13:19:04.902+00:00,/dev/cu.usbserial-58870137921,"RX,431059,R35,TXJ,N136,15,138281,G,1,0.93,0.90,5,U,-46,10.50"
2026-07-09T13:19:05.000+00:00,/dev/cu.usbserial-58870137921,"RX,431157,R35,TXC,N31,32,138384,E,0,0.87,0.84,5,U,-38,10.00"
2026-07-09T13:19:05.244+00:00,/dev/cu.usbserial-58870137921,"RX,431401,R35,TXA,N01,136,138627,A,1,0.75,0.72,5,F,-36,10.00"
2026-07-09T13:19:05.511+00:00,/dev/cu.usbserial-58870137921,"RX,431668,R35,TXB,N16,67,138893,G,1,0.93,0.90,5,U,-56,9.75"
2026-07-09T13:19:05.994+00:00,/dev/cu.usbserial-58870137921,"RX,432151,R35,TXE,N61,65,139382,C,1,0.81,0.78,5,U,-34,9.75"
2026-07-09T13:19:06.102+00:00,/dev/cu.usbserial-58870137921,"RX,432259,R35,TXI,N121,32,139481,E,0,0.87,0.84,5,U,-54,9.75"
2026-07-09T13:19:06.244+00:00,/dev/cu.usbserial-58870137921,"RX,432401,R35,TXA,N01,137,139627,B,1,0.20,0.18,5,F,-36,9.75"
2026-07-09T13:19:06.384+00:00,/dev/cu.usbserial-58870137921,"RX,432541,R35,TXK,N151,69,139763,C,0,0.81,0.78,5,U,-51,9.50"
2026-07-09T13:19:07.000+00:00,/dev/cu.usbserial-58870137921,"RX,433157,R35,TXC,N31,33,140384,G,1,0.93,0.90,5,U,-39,9.50"
2026-07-09T13:19:07.244+00:00,/dev/cu.usbserial-58870137921,"RX,433401,R35,TXA,N01,138,140627,C,0,0.81,0.78,5,F,-36,9.75"
2026-07-09T13:19:07.511+00:00,/dev/cu.usbserial-58870137921,"RX,433668,R35,TXB,N16,68,140893,A,1,0.75,0.72,5,U,-56,10.00"
2026-07-09T13:19:07.994+00:00,/dev/cu.usbserial-58870137921,"RX,434151,R35,TXE,N61,66,141382,E,0,0.87,0.84,5,U,-33,9.75"
2026-07-09T13:19:08.102+00:00,/dev/cu.usbserial-58870137921,"RX,434259,R35,TXI,N121,33,141481,G,1,0.93,0.90,5,U,-55,10.00"
2026-07-09T13:19:08.244+00:00,/dev/cu.usbserial-58870137921,"RX,434401,R35,TXA,N01,139,141627,D,1,0.24,0.22,5,F,-36,9.75"
2026-07-09T13:19:08.384+00:00,/dev/cu.usbserial-58870137921,"RX,434541,R35,TXK,N151,70,141763,E,1,0.87,0.84,5,U,-51,10.00"
2026-07-09T13:19:09.244+00:00,/dev/cu.usbserial-58870137921,"RX,435401,R35,TXA,N01,140,142627,E,1,0.87,0.84,5,F,-36,9.75"
2026-07-09T13:19:09.511+00:00,/dev/cu.usbserial-58870137921,"RX,435668,R35,TXB,N16,69,142893,C,0,0.81,0.78,5,U,-55,9.50"
2026-07-09T13:19:09.994+00:00,/dev/cu.usbserial-58870137921,"RX,436151,R35,TXE,N61,67,143382,G,1,0.93,0.90,5,U,-34,9.75"
2026-07-09T13:19:10.244+00:00,/dev/cu.usbserial-58870137921,"RX,436401,R35,TXA,N01,141,143627,F,0,0.28,0.26,5,F,-36,10.00"
2026-07-09T13:19:10.355+00:00,/dev/cu.usbserial-58870137921,"RX,436512,R35,TXH,N106,9,143743,G,1,0.93,0.90,5,U,-33,7.50"
2026-07-09T13:19:10.537+00:00,/dev/cu.usbserial-58870137921,"RX,436694,R35,TXL,N166,9,143917,G,1,0.93,0.90,5,U,-43,9.75"
2026-07-09T13:19:10.743+00:00,/dev/cu.usbserial-58870137921,"RX,436900,R35,TXF,N76,34,144131,E,1,0.87,0.84,5,U,-43,9.75"
2026-07-09T13:19:11.048+00:00,/dev/cu.usbserial-58870137921,"RX,437205,R35,TXD,N46,17,144432,G,1,0.93,0.90,5,U,-44,9.50"
2026-07-09T13:19:11.244+00:00,/dev/cu.usbserial-58870137921,"RX,437401,R35,TXA,N01,142,144627,G,1,0.93,0.90,5,F,-36,9.50"
2026-07-09T13:19:11.511+00:00,/dev/cu.usbserial-58870137921,"RX,437668,R35,TXB,N16,70,144893,E,1,0.87,0.84,5,U,-56,9.50"
2026-07-09T13:19:11.692+00:00,/dev/cu.usbserial-58870137921,"RX,437849,R35,TXG,N91,16,145080,G,1,0.93,0.90,5,U,-46,9.75"
2026-07-09T13:19:11.995+00:00,/dev/cu.usbserial-58870137921,"RX,438151,R35,TXE,N61,68,145382,A,1,0.75,0.72,5,U,-33,9.50"
2026-07-09T13:19:12.244+00:00,/dev/cu.usbserial-58870137921,"RX,438401,R35,TXA,N01,143,145627,H,1,0.32,0.30,5,F,-36,10.00"
2026-07-09T13:19:12.384+00:00,/dev/cu.usbserial-58870137921,"RX,438541,R35,TXK,N151,72,145763,A,0,0.75,0.72,5,U,-51,9.25"
2026-07-09T13:19:12.743+00:00,/dev/cu.usbserial-58870137921,"RX,438900,R35,TXF,N76,35,146131,G,1,0.93,0.90,5,U,-43,9.50"
2026-07-09T13:19:12.902+00:00,/dev/cu.usbserial-58870137921,"RX,439059,R35,TXJ,N136,16,146281,G,1,0.93,0.90,5,U,-46,10.00"
2026-07-09T13:19:13.000+00:00,/dev/cu.usbserial-58870137921,"RX,439157,R35,TXC,N31,34,146384,E,1,0.87,0.84,5,U,-39,9.75"
2026-07-09T13:19:13.244+00:00,/dev/cu.usbserial-58870137921,"RX,439401,R35,TXA,N01,144,146627,A,0,0.75,0.72,5,F,-36,10.25"
2026-07-09T13:19:13.511+00:00,/dev/cu.usbserial-58870137921,"RX,439668,R35,TXB,N16,71,146893,G,1,0.93,0.90,5,U,-55,9.75"
2026-07-09T13:19:13.994+00:00,/dev/cu.usbserial-58870137921,"RX,440151,R35,TXE,N61,69,147382,C,0,0.81,0.78,5,U,-33,10.75"
2026-07-09T13:19:14.102+00:00,/dev/cu.usbserial-58870137921,"RX,440259,R35,TXI,N121,34,147481,E,1,0.87,0.84,5,U,-55,9.50"
2026-07-09T13:19:14.244+00:00,/dev/cu.usbserial-58870137921,"RX,440401,R35,TXA,N01,145,147627,B,1,0.20,0.18,5,F,-36,9.25"
2026-07-09T13:19:14.384+00:00,/dev/cu.usbserial-58870137921,"RX,440541,R35,TXK,N151,73,147763,C,1,0.81,0.78,5,U,-51,10.00"
2026-07-09T13:19:15.000+00:00,/dev/cu.usbserial-58870137921,"RX,441157,R35,TXC,N31,35,148384,G,1,0.93,0.90,5,U,-39,10.25"
2026-07-09T13:19:15.244+00:00,/dev/cu.usbserial-58870137921,"RX,441401,R35,TXA,N01,146,148627,C,1,0.81,0.78,5,F,-36,9.75"
2026-07-09T13:19:15.511+00:00,/dev/cu.usbserial-58870137921,"RX,441668,R35,TXB,N16,72,148893,A,0,0.75,0.72,5,U,-56,10.00"
2026-07-09T13:19:15.994+00:00,/dev/cu.usbserial-58870137921,"RX,442151,R35,TXE,N61,70,149382,E,1,0.87,0.84,5,U,-33,10.00"
2026-07-09T13:19:16.102+00:00,/dev/cu.usbserial-58870137921,"RX,442259,R35,TXI,N121,35,149481,G,1,0.93,0.90,5,U,-55,9.50"
2026-07-09T13:19:16.244+00:00,/dev/cu.usbserial-58870137921,"RX,442401,R35,TXA,N01,147,149627,D,0,0.24,0.22,5,F,-36,9.75"
2026-07-09T13:19:16.384+00:00,/dev/cu.usbserial-58870137921,"RX,442541,R35,TXK,N151,74,149763,E,1,0.87,0.84,5,U,-51,10.00"
2026-07-09T13:19:17.244+00:00,/dev/cu.usbserial-58870137921,"RX,443401,R35,TXA,N01,148,150627,E,1,0.87,0.84,5,F,-36,9.50"
2026-07-09T13:19:17.511+00:00,/dev/cu.usbserial-58870137921,"RX,443668,R35,TXB,N16,73,150893,C,1,0.81,0.78,5,U,-56,9.75"
2026-07-09T13:19:17.994+00:00,/dev/cu.usbserial-58870137921,"RX,444151,R35,TXE,N61,71,151382,G,1,0.93,0.90,5,U,-33,9.50"
2026-07-09T13:19:18.244+00:00,/dev/cu.usbserial-58870137921,"RX,444401,R35,TXA,N01,149,151627,F,1,0.28,0.26,5,F,-36,10.50"
2026-07-09T13:19:18.355+00:00,/dev/cu.usbserial-58870137921,"RX,444512,R35,TXH,N106,10,151743,G,0,0.93,0.90,5,U,-33,7.75"
2026-07-09T13:19:18.537+00:00,/dev/cu.usbserial-58870137921,"RX,444694,R35,TXL,N166,10,151917,G,0,0.93,0.90,5,U,-42,9.50"
2026-07-09T13:19:18.743+00:00,/dev/cu.usbserial-58870137921,"RX,444900,R35,TXF,N76,36,152131,E,1,0.87,0.84,5,U,-43,9.50"
2026-07-09T13:19:19.048+00:00,/dev/cu.usbserial-58870137921,"RX,445205,R35,TXD,N46,18,152432,G,0,0.93,0.90,5,U,-44,9.75"
2026-07-09T13:19:19.244+00:00,/dev/cu.usbserial-58870137921,"RX,445401,R35,TXA,N01,150,152627,G,0,0.93,0.90,5,F,-36,10.00"
2026-07-09T13:19:19.511+00:00,/dev/cu.usbserial-58870137921,"RX,445668,R35,TXB,N16,74,152893,E,1,0.87,0.84,5,U,-55,10.00"
2026-07-09T13:19:19.692+00:00,/dev/cu.usbserial-58870137921,"RX,445849,R35,TXG,N91,17,153080,G,1,0.93,0.90,5,U,-45,9.75"
2026-07-09T13:19:19.994+00:00,/dev/cu.usbserial-58870137921,"RX,446151,R35,TXE,N61,72,153382,A,0,0.75,0.72,5,U,-33,9.75"
2026-07-09T13:19:20.244+00:00,/dev/cu.usbserial-58870137921,"RX,446401,R35,TXA,N01,151,153627,H,1,0.32,0.30,5,F,-36,9.75"
2026-07-09T13:19:20.384+00:00,/dev/cu.usbserial-58870137921,"RX,446541,R35,TXK,N151,76,153763,A,1,0.75,0.72,5,U,-50,10.00"
2026-07-09T13:19:20.743+00:00,/dev/cu.usbserial-58870137921,"RX,446900,R35,TXF,N76,37,154131,G,0,0.93,0.90,5,U,-43,9.75"
2026-07-09T13:19:20.902+00:00,/dev/cu.usbserial-58870137921,"RX,447059,R35,TXJ,N136,17,154281,G,1,0.93,0.90,5,U,-46,9.75"
2026-07-09T13:19:21.000+00:00,/dev/cu.usbserial-58870137921,"RX,447157,R35,TXC,N31,36,154384,E,1,0.87,0.84,5,U,-39,9.50"
2026-07-09T13:19:21.244+00:00,/dev/cu.usbserial-58870137921,"RX,447401,R35,TXA,N01,152,154627,A,1,0.75,0.72,5,F,-36,10.00"
2026-07-09T13:19:21.511+00:00,/dev/cu.usbserial-58870137921,"RX,447668,R35,TXB,N16,75,154893,G,0,0.93,0.90,5,U,-55,9.50"
2026-07-09T13:19:21.994+00:00,/dev/cu.usbserial-58870137921,"RX,448151,R35,TXE,N61,73,155382,C,1,0.81,0.78,5,U,-33,9.75"
2026-07-09T13:19:22.102+00:00,/dev/cu.usbserial-58870137921,"RX,448259,R35,TXI,N121,36,155481,E,1,0.87,0.84,5,U,-55,9.75"
2026-07-09T13:19:22.244+00:00,/dev/cu.usbserial-58870137921,"RX,448401,R35,TXA,N01,153,155627,B,0,0.20,0.18,5,F,-36,9.75"
2026-07-09T13:19:22.384+00:00,/dev/cu.usbserial-58870137921,"RX,448541,R35,TXK,N151,77,155763,C,1,0.81,0.78,5,U,-51,9.75"
2026-07-09T13:19:22.999+00:00,/dev/cu.usbserial-58870137921,"RX,449156,R35,TXC,N31,37,156384,G,0,0.93,0.90,5,U,-39,9.50"
2026-07-09T13:19:23.244+00:00,/dev/cu.usbserial-58870137921,"RX,449401,R35,TXA,N01,154,156627,C,1,0.81,0.78,5,F,-36,10.25"
2026-07-09T13:19:23.511+00:00,/dev/cu.usbserial-58870137921,"RX,449668,R35,TXB,N16,76,156893,A,1,0.75,0.72,5,U,-56,9.25"
2026-07-09T13:19:23.994+00:00,/dev/cu.usbserial-58870137921,"RX,450151,R35,TXE,N61,74,157382,E,1,0.87,0.84,5,U,-33,9.50"
2026-07-09T13:19:24.148+00:00,/dev/cu.usbserial-58870137921,"RX,450259,R35,TXI,N121,37,157481,G,0,0.93,0.90,5,U,-55,9.75"
2026-07-09T13:19:24.244+00:00,/dev/cu.usbserial-58870137921,"RX,450401,R35,TXA,N01,155,157627,D,1,0.24,0.22,5,F,-36,10.25"
2026-07-09T13:19:24.384+00:00,/dev/cu.usbserial-58870137921,"RX,450541,R35,TXK,N151,78,157763,E,0,0.87,0.84,5,U,-51,10.00"
2026-07-09T13:19:25.244+00:00,/dev/cu.usbserial-58870137921,"RX,451401,R35,TXA,N01,156,158627,E,0,0.87,0.84,5,F,-36,10.00"
2026-07-09T13:19:25.511+00:00,/dev/cu.usbserial-58870137921,"RX,451668,R35,TXB,N16,77,158893,C,1,0.81,0.78,5,U,-56,9.00"
2026-07-09T13:19:25.994+00:00,/dev/cu.usbserial-58870137921,"RX,452151,R35,TXE,N61,75,159382,G,0,0.93,0.90,5,U,-33,9.25"
2026-07-09T13:19:26.244+00:00,/dev/cu.usbserial-58870137921,"RX,452401,R35,TXA,N01,157,159627,F,1,0.28,0.26,5,F,-36,9.75"
2026-07-09T13:19:26.355+00:00,/dev/cu.usbserial-58870137921,"RX,452512,R35,TXH,N106,11,159743,G,1,0.93,0.90,5,U,-33,7.50"
2026-07-09T13:19:26.537+00:00,/dev/cu.usbserial-58870137921,"RX,452694,R35,TXL,N166,11,159917,G,1,0.93,0.90,5,U,-42,9.50"
2026-07-09T13:19:26.743+00:00,/dev/cu.usbserial-58870137921,"RX,452900,R35,TXF,N76,38,160131,E,0,0.87,0.84,5,U,-43,9.25"
2026-07-09T13:19:27.048+00:00,/dev/cu.usbserial-58870137921,"RX,453205,R35,TXD,N46,19,160432,G,1,0.93,0.90,5,U,-44,9.75"
2026-07-09T13:19:27.244+00:00,/dev/cu.usbserial-58870137921,"RX,453401,R35,TXA,N01,158,160627,G,1,0.93,0.90,5,F,-36,9.75"
2026-07-09T13:19:27.511+00:00,/dev/cu.usbserial-58870137921,"RX,453668,R35,TXB,N16,78,160893,E,0,0.87,0.84,5,U,-55,9.75"
2026-07-09T13:19:27.692+00:00,/dev/cu.usbserial-58870137921,"RX,453849,R35,TXG,N91,18,161080,G,0,0.93,0.90,5,U,-46,9.50"
2026-07-09T13:19:27.994+00:00,/dev/cu.usbserial-58870137921,"RX,454151,R35,TXE,N61,76,161382,A,1,0.75,0.72,5,U,-33,9.75"
2026-07-09T13:19:28.244+00:00,/dev/cu.usbserial-58870137921,"RX,454401,R35,TXA,N01,159,161627,H,0,0.32,0.30,5,F,-36,10.25"
2026-07-09T13:19:28.384+00:00,/dev/cu.usbserial-58870137921,"RX,454541,R35,TXK,N151,80,161763,A,1,0.75,0.72,5,U,-51,9.75"
2026-07-09T13:19:28.743+00:00,/dev/cu.usbserial-58870137921,"RX,454900,R35,TXF,N76,39,162131,G,1,0.93,0.90,5,U,-43,9.25"
2026-07-09T13:19:28.902+00:00,/dev/cu.usbserial-58870137921,"RX,455059,R35,TXJ,N136,18,162281,G,0,0.93,0.90,5,U,-46,9.75"
2026-07-09T13:19:29.000+00:00,/dev/cu.usbserial-58870137921,"RX,455156,R35,TXC,N31,38,162384,E,0,0.87,0.84,5,U,-39,9.75"
2026-07-09T13:19:29.244+00:00,/dev/cu.usbserial-58870137921,"RX,455401,R35,TXA,N01,160,162627,A,1,0.75,0.72,5,F,-36,10.25"
2026-07-09T13:19:29.511+00:00,/dev/cu.usbserial-58870137921,"RX,455668,R35,TXB,N16,79,162893,G,1,0.93,0.90,5,U,-55,9.50"
2026-07-09T13:19:29.994+00:00,/dev/cu.usbserial-58870137921,"RX,456151,R35,TXE,N61,77,163382,C,1,0.81,0.78,5,U,-33,10.00"
2026-07-09T13:19:30.102+00:00,/dev/cu.usbserial-58870137921,"RX,456259,R35,TXI,N121,38,163481,E,0,0.87,0.84,5,U,-54,10.00"
2026-07-09T13:19:30.244+00:00,/dev/cu.usbserial-58870137921,"RX,456401,R35,TXA,N01,161,163627,B,1,0.20,0.18,5,F,-36,9.50"
2026-07-09T13:19:30.384+00:00,/dev/cu.usbserial-58870137921,"RX,456541,R35,TXK,N151,81,163763,C,0,0.81,0.78,5,U,-51,9.25"
2026-07-09T13:19:30.999+00:00,/dev/cu.usbserial-58870137921,"RX,457156,R35,TXC,N31,39,164384,G,1,0.93,0.90,5,U,-39,9.50"
2026-07-09T13:19:31.244+00:00,/dev/cu.usbserial-58870137921,"RX,457401,R35,TXA,N01,162,164627,C,0,0.81,0.78,5,F,-36,9.50"
2026-07-09T13:19:31.511+00:00,/dev/cu.usbserial-58870137921,"RX,457668,R35,TXB,N16,80,164893,A,1,0.75,0.72,5,U,-56,9.25"
2026-07-09T13:19:31.994+00:00,/dev/cu.usbserial-58870137921,"RX,458151,R35,TXE,N61,78,165382,E,0,0.87,0.84,5,U,-33,9.75"
2026-07-09T13:19:32.102+00:00,/dev/cu.usbserial-58870137921,"RX,458259,R35,TXI,N121,39,165481,G,1,0.93,0.90,5,U,-54,9.75"
2026-07-09T13:19:32.244+00:00,/dev/cu.usbserial-58870137921,"RX,458401,R35,TXA,N01,163,165627,D,1,0.24,0.22,5,F,-36,9.75"
2026-07-09T13:19:32.384+00:00,/dev/cu.usbserial-58870137921,"RX,458541,R35,TXK,N151,82,165763,E,1,0.87,0.84,5,U,-51,9.50"
2026-07-09T13:19:33.244+00:00,/dev/cu.usbserial-58870137921,"RX,459401,R35,TXA,N01,164,166627,E,1,0.87,0.84,5,F,-36,9.75"
2026-07-09T13:19:33.511+00:00,/dev/cu.usbserial-58870137921,"RX,459668,R35,TXB,N16,81,166893,C,0,0.81,0.78,5,U,-55,9.50"
2026-07-09T13:19:33.994+00:00,/dev/cu.usbserial-58870137921,"RX,460151,R35,TXE,N61,79,167382,G,1,0.93,0.90,5,U,-34,12.00"
2026-07-09T13:19:34.244+00:00,/dev/cu.usbserial-58870137921,"RX,460401,R35,TXA,N01,165,167627,F,0,0.28,0.26,5,F,-36,10.25"
2026-07-09T13:19:34.384+00:00,/dev/cu.usbserial-58870137921,"RX,460541,R35,TXK,N151,83,167763,G,1,0.93,0.90,5,U,-51,9.50"
2026-07-09T13:19:34.742+00:00,/dev/cu.usbserial-58870137921,"RX,460900,R35,TXF,N76,40,168131,E,1,0.87,0.84,5,U,-43,9.50"
2026-07-09T13:19:35.048+00:00,/dev/cu.usbserial-58870137921,"RX,461205,R35,TXD,N46,20,168432,G,1,0.93,0.90,5,U,-44,9.75"
2026-07-09T13:19:35.244+00:00,/dev/cu.usbserial-58870137921,"RX,461401,R35,TXA,N01,166,168627,G,1,0.93,0.90,5,F,-36,9.50"
2026-07-09T13:19:35.511+00:00,/dev/cu.usbserial-58870137921,"RX,461668,R35,TXB,N16,82,168893,E,1,0.87,0.84,5,U,-56,10.00"
2026-07-09T13:19:35.692+00:00,/dev/cu.usbserial-58870137921,"RX,461849,R35,TXG,N91,19,169080,G,1,0.93,0.90,5,U,-46,9.75"
2026-07-09T13:19:35.994+00:00,/dev/cu.usbserial-58870137921,"RX,462151,R35,TXE,N61,80,169382,A,1,0.75,0.72,5,U,-34,9.50"
2026-07-09T13:19:36.244+00:00,/dev/cu.usbserial-58870137921,"RX,462401,R35,TXA,N01,167,169627,H,1,0.32,0.30,5,F,-36,10.00"
2026-07-09T13:19:36.384+00:00,/dev/cu.usbserial-58870137921,"RX,462541,R35,TXK,N151,84,169763,A,0,0.75,0.72,5,U,-51,10.00"
2026-07-09T13:19:36.743+00:00,/dev/cu.usbserial-58870137921,"RX,462900,R35,TXF,N76,41,170131,G,1,0.93,0.90,5,U,-44,9.50"
2026-07-09T13:19:36.902+00:00,/dev/cu.usbserial-58870137921,"RX,463059,R35,TXJ,N136,19,170281,G,1,0.93,0.90,5,U,-46,9.75"
2026-07-09T13:19:36.999+00:00,/dev/cu.usbserial-58870137921,"RX,463156,R35,TXC,N31,40,170384,E,1,0.87,0.84,5,U,-39,10.25"
2026-07-09T13:19:37.244+00:00,/dev/cu.usbserial-58870137921,"RX,463401,R35,TXA,N01,168,170627,A,0,0.75,0.72,5,F,-36,10.00"
2026-07-09T13:19:37.511+00:00,/dev/cu.usbserial-58870137921,"RX,463667,R35,TXB,N16,83,170893,G,1,0.93,0.90,5,U,-56,10.25"
2026-07-09T13:19:37.994+00:00,/dev/cu.usbserial-58870137921,"RX,464151,R35,TXE,N61,81,171382,C,0,0.81,0.78,5,U,-33,10.00"
2026-07-09T13:19:38.102+00:00,/dev/cu.usbserial-58870137921,"RX,464258,R35,TXI,N121,40,171481,E,1,0.87,0.84,5,U,-55,9.50"
2026-07-09T13:19:38.244+00:00,/dev/cu.usbserial-58870137921,"RX,464401,R35,TXA,N01,169,171627,B,1,0.20,0.18,5,F,-36,9.75"
2026-07-09T13:19:38.384+00:00,/dev/cu.usbserial-58870137921,"RX,464541,R35,TXK,N151,85,171763,C,1,0.81,0.78,5,U,-51,9.50"
2026-07-09T13:19:38.999+00:00,/dev/cu.usbserial-58870137921,"RX,465156,R35,TXC,N31,41,172384,G,1,0.93,0.90,5,U,-39,9.75"
2026-07-09T13:19:39.244+00:00,/dev/cu.usbserial-58870137921,"RX,465401,R35,TXA,N01,170,172627,C,1,0.81,0.78,5,F,-36,10.25"
2026-07-09T13:19:39.511+00:00,/dev/cu.usbserial-58870137921,"RX,465668,R35,TXB,N16,84,172893,A,0,0.75,0.72,5,U,-56,9.25"
2026-07-09T13:19:39.994+00:00,/dev/cu.usbserial-58870137921,"RX,466151,R35,TXE,N61,82,173382,E,1,0.87,0.84,5,U,-34,9.50"
2026-07-09T13:19:40.102+00:00,/dev/cu.usbserial-58870137921,"RX,466258,R35,TXI,N121,41,173481,G,1,0.93,0.90,5,U,-55,9.50"
2026-07-09T13:19:40.244+00:00,/dev/cu.usbserial-58870137921,"RX,466401,R35,TXA,N01,171,173627,D,0,0.24,0.22,5,F,-36,10.00"
2026-07-09T13:19:40.384+00:00,/dev/cu.usbserial-58870137921,"RX,466541,R35,TXK,N151,86,173763,E,1,0.87,0.84,5,U,-51,9.50"
2026-07-09T13:19:41.244+00:00,/dev/cu.usbserial-58870137921,"RX,467401,R35,TXA,N01,172,174627,E,1,0.87,0.84,5,F,-36,10.25"
2026-07-09T13:19:41.510+00:00,/dev/cu.usbserial-58870137921,"RX,467667,R35,TXB,N16,85,174893,C,1,0.81,0.78,5,U,-55,9.75"
2026-07-09T13:19:41.994+00:00,/dev/cu.usbserial-58870137921,"RX,468151,R35,TXE,N61,83,175382,G,1,0.93,0.90,5,U,-33,10.00"
2026-07-09T13:19:42.244+00:00,/dev/cu.usbserial-58870137921,"RX,468401,R35,TXA,N01,173,175627,F,1,0.28,0.26,5,F,-36,9.50"
2026-07-09T13:19:42.384+00:00,/dev/cu.usbserial-58870137921,"RX,468541,R35,TXK,N151,87,175763,G,0,0.93,0.90,5,U,-51,9.50"
2026-07-09T13:19:42.742+00:00,/dev/cu.usbserial-58870137921,"RX,468899,R35,TXF,N76,42,176131,E,1,0.87,0.84,5,U,-42,9.50"
2026-07-09T13:19:43.048+00:00,/dev/cu.usbserial-58870137921,"RX,469205,R35,TXD,N46,21,176432,G,0,0.93,0.90,5,U,-44,9.75"
2026-07-09T13:19:43.244+00:00,/dev/cu.usbserial-58870137921,"RX,469401,R35,TXA,N01,174,176627,G,0,0.93,0.90,5,F,-36,10.00"
2026-07-09T13:19:43.511+00:00,/dev/cu.usbserial-58870137921,"RX,469668,R35,TXB,N16,86,176893,E,1,0.87,0.84,5,U,-55,9.50"
2026-07-09T13:19:43.692+00:00,/dev/cu.usbserial-58870137921,"RX,469849,R35,TXG,N91,20,177080,G,1,0.93,0.90,5,U,-46,10.25"
2026-07-09T13:19:43.994+00:00,/dev/cu.usbserial-58870137921,"RX,470151,R35,TXE,N61,84,177382,A,0,0.75,0.72,5,U,-34,9.75"
2026-07-09T13:19:44.244+00:00,/dev/cu.usbserial-58870137921,"RX,470401,R35,TXA,N01,175,177627,H,1,0.32,0.30,5,F,-36,9.50"
2026-07-09T13:19:44.384+00:00,/dev/cu.usbserial-58870137921,"RX,470541,R35,TXK,N151,88,177763,A,1,0.75,0.72,5,U,-50,10.00"
2026-07-09T13:19:44.742+00:00,/dev/cu.usbserial-58870137921,"RX,470899,R35,TXF,N76,43,178131,G,0,0.93,0.90,5,U,-43,9.50"
2026-07-09T13:19:44.902+00:00,/dev/cu.usbserial-58870137921,"RX,471059,R35,TXJ,N136,20,178281,G,1,0.93,0.90,5,U,-46,9.50"
2026-07-09T13:19:44.999+00:00,/dev/cu.usbserial-58870137921,"RX,471156,R35,TXC,N31,42,178384,E,1,0.87,0.84,5,U,-39,9.50"
2026-07-09T13:19:45.244+00:00,/dev/cu.usbserial-58870137921,"RX,471401,R35,TXA,N01,176,178627,A,1,0.75,0.72,5,F,-35,9.75"
2026-07-09T13:19:45.511+00:00,/dev/cu.usbserial-58870137921,"RX,471667,R35,TXB,N16,87,178893,G,0,0.93,0.90,5,U,-56,9.25"
2026-07-09T13:19:45.994+00:00,/dev/cu.usbserial-58870137921,"RX,472151,R35,TXE,N61,85,179382,C,1,0.81,0.78,5,U,-33,10.50"
2026-07-09T13:19:46.101+00:00,/dev/cu.usbserial-58870137921,"RX,472258,R35,TXI,N121,42,179481,E,1,0.87,0.84,5,U,-55,9.50"
2026-07-09T13:19:46.244+00:00,/dev/cu.usbserial-58870137921,"RX,472401,R35,TXA,N01,177,179627,B,0,0.20,0.18,5,F,-36,9.75"
2026-07-09T13:19:46.384+00:00,/dev/cu.usbserial-58870137921,"RX,472541,R35,TXK,N151,89,179763,C,1,0.81,0.78,5,U,-50,9.75"
2026-07-09T13:19:46.999+00:00,/dev/cu.usbserial-58870137921,"RX,473156,R35,TXC,N31,43,180384,G,0,0.93,0.90,5,U,-39,10.00"
2026-07-09T13:19:47.244+00:00,/dev/cu.usbserial-58870137921,"RX,473401,R35,TXA,N01,178,180627,C,1,0.81,0.78,5,F,-36,9.75"
2026-07-09T13:19:47.510+00:00,/dev/cu.usbserial-58870137921,"RX,473667,R35,TXB,N16,88,180893,A,1,0.75,0.72,5,U,-55,9.75"
2026-07-09T13:19:47.994+00:00,/dev/cu.usbserial-58870137921,"RX,474151,R35,TXE,N61,86,181382,E,1,0.87,0.84,5,U,-33,9.75"
2026-07-09T13:19:48.101+00:00,/dev/cu.usbserial-58870137921,"RX,474258,R35,TXI,N121,43,181481,G,0,0.93,0.90,5,U,-54,9.00"
2026-07-09T13:19:48.244+00:00,/dev/cu.usbserial-58870137921,"RX,474401,R35,TXA,N01,179,181627,D,1,0.24,0.22,5,F,-36,10.75"
2026-07-09T13:19:48.384+00:00,/dev/cu.usbserial-58870137921,"RX,474540,R35,TXK,N151,90,181763,E,0,0.87,0.84,5,U,-50,10.25"
2026-07-09T13:19:49.244+00:00,/dev/cu.usbserial-58870137921,"RX,475401,R35,TXA,N01,180,182627,E,0,0.87,0.84,5,F,-36,10.00"
2026-07-09T13:19:49.511+00:00,/dev/cu.usbserial-58870137921,"RX,475667,R35,TXB,N16,89,182893,C,1,0.81,0.78,5,U,-55,10.00"
2026-07-09T13:19:49.994+00:00,/dev/cu.usbserial-58870137921,"RX,476151,R35,TXE,N61,87,183382,G,0,0.93,0.90,5,U,-34,10.50"
2026-07-09T13:19:50.244+00:00,/dev/cu.usbserial-58870137921,"RX,476401,R35,TXA,N01,181,183627,F,1,0.28,0.26,5,F,-36,9.50"
2026-07-09T13:19:50.384+00:00,/dev/cu.usbserial-58870137921,"RX,476540,R35,TXK,N151,91,183763,G,1,0.93,0.90,5,U,-51,10.25"
2026-07-09T13:19:50.742+00:00,/dev/cu.usbserial-58870137921,"RX,476899,R35,TXF,N76,44,184131,E,0,0.87,0.84,5,U,-42,9.25"
2026-07-09T13:19:51.048+00:00,/dev/cu.usbserial-58870137921,"RX,477205,R35,TXD,N46,22,184432,G,1,0.93,0.90,5,U,-44,10.25"
2026-07-09T13:19:51.244+00:00,/dev/cu.usbserial-58870137921,"RX,477401,R35,TXA,N01,182,184627,G,1,0.93,0.90,5,F,-36,9.75"
2026-07-09T13:19:51.510+00:00,/dev/cu.usbserial-58870137921,"RX,477667,R35,TXB,N16,90,184893,E,0,0.87,0.84,5,U,-56,9.75"
2026-07-09T13:19:51.692+00:00,/dev/cu.usbserial-58870137921,"RX,477849,R35,TXG,N91,21,185080,G,0,0.93,0.90,5,U,-45,10.00"
2026-07-09T13:19:51.994+00:00,/dev/cu.usbserial-58870137921,"RX,478151,R35,TXE,N61,88,185382,A,1,0.75,0.72,5,U,-33,10.00"
2026-07-09T13:19:52.244+00:00,/dev/cu.usbserial-58870137921,"RX,478401,R35,TXA,N01,183,185627,H,0,0.32,0.30,5,F,-36,9.50"
2026-07-09T13:19:52.383+00:00,/dev/cu.usbserial-58870137921,"RX,478540,R35,TXK,N151,92,185763,A,1,0.75,0.72,5,U,-51,9.75"
2026-07-09T13:19:52.742+00:00,/dev/cu.usbserial-58870137921,"RX,478899,R35,TXF,N76,45,186131,G,1,0.93,0.90,5,U,-43,9.25"
2026-07-09T13:19:52.902+00:00,/dev/cu.usbserial-58870137921,"RX,479059,R35,TXJ,N136,21,186281,G,0,0.93,0.90,5,U,-46,9.75"
2026-07-09T13:19:52.999+00:00,/dev/cu.usbserial-58870137921,"RX,479156,R35,TXC,N31,44,186384,E,0,0.87,0.84,5,U,-38,10.00"
2026-07-09T13:19:53.244+00:00,/dev/cu.usbserial-58870137921,"RX,479401,R35,TXA,N01,184,186627,A,1,0.75,0.72,5,F,-36,10.00"
2026-07-09T13:19:53.510+00:00,/dev/cu.usbserial-58870137921,"RX,479667,R35,TXB,N16,91,186893,G,1,0.93,0.90,5,U,-55,9.50"
2026-07-09T13:19:54.101+00:00,/dev/cu.usbserial-58870137921,"RX,480258,R35,TXI,N121,44,187481,E,0,0.87,0.84,5,U,-55,9.50"
2026-07-09T13:19:54.244+00:00,/dev/cu.usbserial-58870137921,"RX,480401,R35,TXA,N01,185,187627,B,1,0.20,0.18,5,F,-36,10.00"
2026-07-09T13:19:54.384+00:00,/dev/cu.usbserial-58870137921,"RX,480540,R35,TXK,N151,93,187763,C,0,0.81,0.78,5,U,-51,10.00"
2026-07-09T13:19:54.999+00:00,/dev/cu.usbserial-58870137921,"RX,481156,R35,TXC,N31,45,188384,G,1,0.93,0.90,5,U,-39,9.50"
2026-07-09T13:19:55.244+00:00,/dev/cu.usbserial-58870137921,"RX,481401,R35,TXA,N01,186,188627,C,0,0.81,0.78,5,F,-36,10.25"
2026-07-09T13:19:55.511+00:00,/dev/cu.usbserial-58870137921,"RX,481667,R35,TXB,N16,92,188893,A,1,0.75,0.72,5,U,-55,9.50"
2026-07-09T13:19:55.994+00:00,/dev/cu.usbserial-58870137921,"RX,482151,R35,TXE,N61,90,189382,E,0,0.87,0.84,5,U,-33,12.00"
2026-07-09T13:19:56.102+00:00,/dev/cu.usbserial-58870137921,"RX,482258,R35,TXI,N121,45,189481,G,1,0.93,0.90,5,U,-55,9.75"
2026-07-09T13:19:56.244+00:00,/dev/cu.usbserial-58870137921,"RX,482401,R35,TXA,N01,187,189627,D,1,0.24,0.22,5,F,-36,9.50"
2026-07-09T13:19:56.384+00:00,/dev/cu.usbserial-58870137921,"RX,482540,R35,TXK,N151,94,189763,E,1,0.87,0.84,5,U,-51,9.75"
2026-07-09T13:19:57.244+00:00,/dev/cu.usbserial-58870137921,"RX,483401,R35,TXA,N01,188,190627,E,1,0.87,0.84,5,F,-36,10.00"
2026-07-09T13:19:57.511+00:00,/dev/cu.usbserial-58870137921,"RX,483667,R35,TXB,N16,93,190893,C,0,0.81,0.78,5,U,-56,9.25"
2026-07-09T13:19:57.994+00:00,/dev/cu.usbserial-58870137921,"RX,484151,R35,TXE,N61,91,191382,G,1,0.93,0.90,5,U,-33,10.00"
2026-07-09T13:19:58.244+00:00,/dev/cu.usbserial-58870137921,"RX,484401,R35,TXA,N01,189,191627,F,0,0.28,0.26,5,F,-36,9.75"
2026-07-09T13:19:58.383+00:00,/dev/cu.usbserial-58870137921,"RX,484540,R35,TXK,N151,95,191763,G,1,0.93,0.90,5,U,-51,9.75"
2026-07-09T13:19:58.742+00:00,/dev/cu.usbserial-58870137921,"RX,484899,R35,TXF,N76,46,192131,E,1,0.87,0.84,5,U,-42,9.75"
2026-07-09T13:19:59.048+00:00,/dev/cu.usbserial-58870137921,"RX,485205,R35,TXD,N46,23,192432,G,1,0.93,0.90,5,U,-44,9.75"
2026-07-09T13:19:59.244+00:00,/dev/cu.usbserial-58870137921,"RX,485401,R35,TXA,N01,190,192627,G,1,0.93,0.90,5,F,-36,10.50"
2026-07-09T13:19:59.510+00:00,/dev/cu.usbserial-58870137921,"RX,485667,R35,TXB,N16,94,192893,E,1,0.87,0.84,5,U,-55,9.25"
2026-07-09T13:19:59.692+00:00,/dev/cu.usbserial-58870137921,"RX,485849,R35,TXG,N91,22,193080,G,1,0.93,0.90,5,U,-46,9.75"
2026-07-09T13:19:59.995+00:00,/dev/cu.usbserial-58870137921,"RX,486151,R35,TXE,N61,92,193382,A,1,0.75,0.72,5,U,-33,9.75"
2026-07-09T13:20:00.244+00:00,/dev/cu.usbserial-58870137921,"RX,486401,R35,TXA,N01,191,193627,H,1,0.32,0.30,5,F,-36,10.00"
2026-07-09T13:20:00.383+00:00,/dev/cu.usbserial-58870137921,"RX,486540,R35,TXK,N151,96,193763,A,1,0.75,0.72,5,U,-51,10.00"
2026-07-09T13:20:00.742+00:00,/dev/cu.usbserial-58870137921,"RX,486899,R35,TXF,N76,47,194131,G,1,0.93,0.90,5,U,-43,9.50"
2026-07-09T13:20:00.902+00:00,/dev/cu.usbserial-58870137921,"RX,487058,R35,TXJ,N136,22,194281,G,1,0.93,0.90,5,U,-46,10.00"
2026-07-09T13:20:00.999+00:00,/dev/cu.usbserial-58870137921,"RX,487156,R35,TXC,N31,46,194384,E,1,0.87,0.84,5,U,-39,9.50"
2026-07-09T13:20:01.244+00:00,/dev/cu.usbserial-58870137921,"RX,487401,R35,TXA,N01,192,194627,A,1,0.75,0.72,5,F,-36,10.00"
2026-07-09T13:20:01.510+00:00,/dev/cu.usbserial-58870137921,"RX,487667,R35,TXB,N16,95,194893,G,1,0.93,0.90,5,U,-55,9.50"
2026-07-09T13:20:01.994+00:00,/dev/cu.usbserial-58870137921,"RX,488151,R35,TXE,N61,93,195382,C,0,0.81,0.78,5,U,-33,9.50"
2026-07-09T13:20:02.102+00:00,/dev/cu.usbserial-58870137921,"RX,488258,R35,TXI,N121,46,195481,E,1,0.87,0.84,5,U,-55,9.50"
2026-07-09T13:20:02.244+00:00,/dev/cu.usbserial-58870137921,"RX,488401,R35,TXA,N01,193,195627,B,0,0.20,0.18,5,F,-36,10.00"
2026-07-09T13:20:02.384+00:00,/dev/cu.usbserial-58870137921,"RX,488540,R35,TXK,N151,97,195763,C,1,0.81,0.78,5,U,-51,10.00"
2026-07-09T13:20:02.999+00:00,/dev/cu.usbserial-58870137921,"RX,489156,R35,TXC,N31,47,196384,G,1,0.93,0.90,5,U,-39,9.75"
2026-07-09T13:20:03.244+00:00,/dev/cu.usbserial-58870137921,"RX,489401,R35,TXA,N01,194,196627,C,1,0.81,0.78,5,F,-36,9.50"
2026-07-09T13:20:03.510+00:00,/dev/cu.usbserial-58870137921,"RX,489667,R35,TXB,N16,96,196893,A,1,0.75,0.72,5,U,-56,9.50"
2026-07-09T13:20:03.994+00:00,/dev/cu.usbserial-58870137921,"RX,490151,R35,TXE,N61,94,197382,E,1,0.87,0.84,5,U,-34,9.50"
2026-07-09T13:20:04.101+00:00,/dev/cu.usbserial-58870137921,"RX,490258,R35,TXI,N121,47,197481,G,1,0.93,0.90,5,U,-55,9.75"
2026-07-09T13:20:04.244+00:00,/dev/cu.usbserial-58870137921,"RX,490401,R35,TXA,N01,195,197627,D,1,0.24,0.22,5,F,-36,10.00"
2026-07-09T13:20:04.383+00:00,/dev/cu.usbserial-58870137921,"RX,490540,R35,TXK,N151,98,197763,E,0,0.87,0.84,5,U,-51,9.50"
2026-07-09T13:20:05.244+00:00,/dev/cu.usbserial-58870137921,"RX,491401,R35,TXA,N01,196,198627,E,0,0.87,0.84,5,F,-36,9.75"
2026-07-09T13:20:05.510+00:00,/dev/cu.usbserial-58870137921,"RX,491667,R35,TXB,N16,97,198893,C,1,0.81,0.78,5,U,-55,9.50"
2026-07-09T13:20:05.994+00:00,/dev/cu.usbserial-58870137921,"RX,492151,R35,TXE,N61,95,199382,G,1,0.93,0.90,5,U,-33,9.25"
2026-07-09T13:20:06.244+00:00,/dev/cu.usbserial-58870137921,"RX,492401,R35,TXA,N01,197,199627,F,1,0.28,0.26,5,F,-36,9.75"
2026-07-09T13:20:06.354+00:00,/dev/cu.usbserial-58870137921,"RX,492511,R35,TXH,N106,12,199743,G,1,0.93,0.90,5,U,-33,8.00"
2026-07-09T13:20:06.537+00:00,/dev/cu.usbserial-58870137921,"RX,492694,R35,TXL,N166,12,199917,G,1,0.93,0.90,5,U,-42,9.75"
2026-07-09T13:20:06.742+00:00,/dev/cu.usbserial-58870137921,"RX,492899,R35,TXF,N76,48,200131,E,0,0.87,0.84,5,U,-44,9.00"
2026-07-09T13:20:07.048+00:00,/dev/cu.usbserial-58870137921,"RX,493205,R35,TXD,N46,24,200432,G,1,0.93,0.90,5,U,-45,9.25"
2026-07-09T13:20:07.244+00:00,/dev/cu.usbserial-58870137921,"RX,493401,R35,TXA,N01,198,200627,G,1,0.93,0.90,5,F,-36,9.75"
2026-07-09T13:20:07.510+00:00,/dev/cu.usbserial-58870137921,"RX,493667,R35,TXB,N16,98,200893,E,0,0.87,0.84,5,U,-56,9.50"
2026-07-09T13:20:07.692+00:00,/dev/cu.usbserial-58870137921,"RX,493849,R35,TXG,N91,23,201080,G,1,0.93,0.90,5,U,-45,9.75"
2026-07-09T13:20:07.994+00:00,/dev/cu.usbserial-58870137921,"RX,494151,R35,TXE,N61,96,201382,A,1,0.75,0.72,5,U,-34,9.75"
2026-07-09T13:20:08.244+00:00,/dev/cu.usbserial-58870137921,"RX,494401,R35,TXA,N01,199,201627,H,0,0.32,0.30,5,F,-36,9.75"
2026-07-09T13:20:08.389+00:00,/dev/cu.usbserial-58870137921,"RX,494545,R35,TXK,N151,100,201763,A,1,0.75,0.72,5,U,-51,10.25"
2026-07-09T13:20:08.742+00:00,/dev/cu.usbserial-58870137921,"RX,494899,R35,TXF,N76,49,202131,G,1,0.93,0.90,5,U,-43,9.50"
2026-07-09T13:20:08.902+00:00,/dev/cu.usbserial-58870137921,"RX,495058,R35,TXJ,N136,23,202281,G,1,0.93,0.90,5,U,-46,10.00"
2026-07-09T13:20:08.999+00:00,/dev/cu.usbserial-58870137921,"RX,495156,R35,TXC,N31,48,202384,E,0,0.87,0.84,5,U,-39,10.00"
2026-07-09T13:20:09.244+00:00,/dev/cu.usbserial-58870137921,"RX,495401,R35,TXA,N01,200,202627,A,1,0.75,0.72,5,F,-36,9.50"
2026-07-09T13:20:09.510+00:00,/dev/cu.usbserial-58870137921,"RX,495667,R35,TXB,N16,99,202893,G,1,0.93,0.90,5,U,-55,9.75"
2026-07-09T13:20:09.994+00:00,/dev/cu.usbserial-58870137921,"RX,496151,R35,TXE,N61,97,203382,C,1,0.81,0.78,5,U,-33,9.75"
2026-07-09T13:20:10.102+00:00,/dev/cu.usbserial-58870137921,"RX,496258,R35,TXI,N121,48,203481,E,0,0.87,0.84,5,U,-54,10.00"
2026-07-09T13:20:10.244+00:00,/dev/cu.usbserial-58870137921,"RX,496401,R35,TXA,N01,201,203627,B,1,0.20,0.18,5,F,-36,10.00"
2026-07-09T13:20:10.389+00:00,/dev/cu.usbserial-58870137921,"RX,496545,R35,TXK,N151,101,203763,C,0,0.81,0.78,5,U,-51,10.00"
2026-07-09T13:20:10.999+00:00,/dev/cu.usbserial-58870137921,"RX,497156,R35,TXC,N31,49,204384,G,1,0.93,0.90,5,U,-39,9.75"
2026-07-09T13:20:11.244+00:00,/dev/cu.usbserial-58870137921,"RX,497401,R35,TXA,N01,202,204627,C,0,0.81,0.78,5,F,-36,9.50"
2026-07-09T13:20:11.511+00:00,/dev/cu.usbserial-58870137921,"RX,497667,R35,TXB,N16,100,204893,A,1,0.75,0.72,5,U,-55,9.75"
2026-07-09T13:20:11.994+00:00,/dev/cu.usbserial-58870137921,"RX,498151,R35,TXE,N61,98,205382,E,0,0.87,0.84,5,U,-33,9.75"
2026-07-09T13:20:12.102+00:00,/dev/cu.usbserial-58870137921,"RX,498258,R35,TXI,N121,49,205481,G,1,0.93,0.90,5,U,-54,9.50"
2026-07-09T13:20:12.244+00:00,/dev/cu.usbserial-58870137921,"RX,498401,R35,TXA,N01,203,205627,D,1,0.24,0.22,5,F,-36,10.00"
2026-07-09T13:20:12.389+00:00,/dev/cu.usbserial-58870137921,"RX,498545,R35,TXK,N151,102,205763,E,1,0.87,0.84,5,U,-51,10.00"
2026-07-09T13:20:13.244+00:00,/dev/cu.usbserial-58870137921,"RX,499401,R35,TXA,N01,204,206627,E,1,0.87,0.84,5,F,-36,9.50"
2026-07-09T13:20:13.511+00:00,/dev/cu.usbserial-58870137921,"RX,499668,R35,TXB,N16,101,206893,C,0,0.81,0.78,5,U,-55,9.50"
2026-07-09T13:20:13.994+00:00,/dev/cu.usbserial-58870137921,"RX,500151,R35,TXE,N61,99,207382,G,1,0.93,0.90,5,U,-33,9.50"
2026-07-09T13:20:14.244+00:00,/dev/cu.usbserial-58870137921,"RX,500401,R35,TXA,N01,205,207627,F,0,0.28,0.26,5,F,-36,10.25"
2026-07-09T13:20:14.354+00:00,/dev/cu.usbserial-58870137921,"RX,500511,R35,TXH,N106,13,207743,G,1,0.93,0.90,5,U,-33,8.00"
2026-07-09T13:20:14.537+00:00,/dev/cu.usbserial-58870137921,"RX,500694,R35,TXL,N166,13,207917,G,1,0.93,0.90,5,U,-42,9.25"
2026-07-09T13:20:14.742+00:00,/dev/cu.usbserial-58870137921,"RX,500899,R35,TXF,N76,50,208131,E,1,0.87,0.84,5,U,-43,10.00"
2026-07-09T13:20:15.048+00:00,/dev/cu.usbserial-58870137921,"RX,501205,R35,TXD,N46,25,208432,G,1,0.93,0.90,5,U,-44,10.00"
2026-07-09T13:20:15.244+00:00,/dev/cu.usbserial-58870137921,"RX,501401,R35,TXA,N01,206,208627,G,1,0.93,0.90,5,F,-36,9.75"
2026-07-09T13:20:15.510+00:00,/dev/cu.usbserial-58870137921,"RX,501668,R35,TXB,N16,102,208893,E,1,0.87,0.84,5,U,-55,9.50"
2026-07-09T13:20:15.692+00:00,/dev/cu.usbserial-58870137921,"RX,501849,R35,TXG,N91,24,209080,G,1,0.93,0.90,5,U,-45,9.75"
2026-07-09T13:20:15.994+00:00,/dev/cu.usbserial-58870137921,"RX,502151,R35,TXE,N61,100,209382,A,1,0.75,0.72,5,U,-33,9.75"
2026-07-09T13:20:16.244+00:00,/dev/cu.usbserial-58870137921,"RX,502401,R35,TXA,N01,207,209627,H,1,0.32,0.30,5,F,-36,10.00"
2026-07-09T13:20:16.389+00:00,/dev/cu.usbserial-58870137921,"RX,502545,R35,TXK,N151,104,209763,A,0,0.75,0.72,5,U,-51,10.75"
2026-07-09T13:20:16.742+00:00,/dev/cu.usbserial-58870137921,"RX,502899,R35,TXF,N76,51,210131,G,1,0.93,0.90,5,U,-43,9.25"
2026-07-09T13:20:16.902+00:00,/dev/cu.usbserial-58870137921,"RX,503058,R35,TXJ,N136,24,210281,G,1,0.93,0.90,5,U,-46,10.00"
2026-07-09T13:20:16.999+00:00,/dev/cu.usbserial-58870137921,"RX,503156,R35,TXC,N31,50,210384,E,1,0.87,0.84,5,U,-39,9.50"
2026-07-09T13:20:17.244+00:00,/dev/cu.usbserial-58870137921,"RX,503401,R35,TXA,N01,208,210627,A,0,0.75,0.72,5,F,-36,10.00"
2026-07-09T13:20:17.511+00:00,/dev/cu.usbserial-58870137921,"RX,503667,R35,TXB,N16,103,210893,G,1,0.93,0.90,5,U,-55,9.75"
2026-07-09T13:20:17.994+00:00,/dev/cu.usbserial-58870137921,"RX,504151,R35,TXE,N61,101,211382,C,0,0.81,0.78,5,U,-33,10.00"
2026-07-09T13:20:18.101+00:00,/dev/cu.usbserial-58870137921,"RX,504258,R35,TXI,N121,50,211481,E,1,0.87,0.84,5,U,-55,9.50"
2026-07-09T13:20:18.244+00:00,/dev/cu.usbserial-58870137921,"RX,504401,R35,TXA,N01,209,211627,B,1,0.20,0.18,5,F,-36,9.75"
2026-07-09T13:20:18.389+00:00,/dev/cu.usbserial-58870137921,"RX,504545,R35,TXK,N151,105,211763,C,1,0.81,0.78,5,U,-51,10.00"
2026-07-09T13:20:18.999+00:00,/dev/cu.usbserial-58870137921,"RX,505156,R35,TXC,N31,51,212384,G,1,0.93,0.90,5,U,-39,9.50"
2026-07-09T13:20:19.244+00:00,/dev/cu.usbserial-58870137921,"RX,505401,R35,TXA,N01,210,212627,C,1,0.81,0.78,5,F,-36,9.75"
2026-07-09T13:20:19.511+00:00,/dev/cu.usbserial-58870137921,"RX,505667,R35,TXB,N16,104,212893,A,0,0.75,0.72,5,U,-55,10.00"
2026-07-09T13:20:19.994+00:00,/dev/cu.usbserial-58870137921,"RX,506151,R35,TXE,N61,102,213382,E,1,0.87,0.84,5,U,-33,9.75"
2026-07-09T13:20:20.101+00:00,/dev/cu.usbserial-58870137921,"RX,506258,R35,TXI,N121,51,213481,G,1,0.93,0.90,5,U,-55,9.50"
2026-07-09T13:20:20.244+00:00,/dev/cu.usbserial-58870137921,"RX,506401,R35,TXA,N01,211,213627,D,0,0.24,0.22,5,F,-36,10.00"
2026-07-09T13:20:20.388+00:00,/dev/cu.usbserial-58870137921,"RX,506545,R35,TXK,N151,106,213763,E,1,0.87,0.84,5,U,-51,10.25"
2026-07-09T13:20:21.244+00:00,/dev/cu.usbserial-58870137921,"RX,507401,R35,TXA,N01,212,214627,E,1,0.87,0.84,5,F,-36,9.75"
2026-07-09T13:20:21.511+00:00,/dev/cu.usbserial-58870137921,"RX,507667,R35,TXB,N16,105,214893,C,1,0.81,0.78,5,U,-55,9.75"
2026-07-09T13:20:21.994+00:00,/dev/cu.usbserial-58870137921,"RX,508151,R35,TXE,N61,103,215382,G,1,0.93,0.90,5,U,-33,9.50"
2026-07-09T13:20:22.244+00:00,/dev/cu.usbserial-58870137921,"RX,508401,R35,TXA,N01,213,215627,F,1,0.28,0.26,5,F,-36,11.75"
2026-07-09T13:20:22.354+00:00,/dev/cu.usbserial-58870137921,"RX,508511,R35,TXH,N106,14,215743,G,0,0.93,0.90,5,U,-33,7.75"
2026-07-09T13:20:22.537+00:00,/dev/cu.usbserial-58870137921,"RX,508694,R35,TXL,N166,14,215917,G,0,0.93,0.90,5,U,-43,9.00"
2026-07-09T13:20:22.742+00:00,/dev/cu.usbserial-58870137921,"RX,508899,R35,TXF,N76,52,216131,E,1,0.87,0.84,5,U,-43,9.75"
2026-07-09T13:20:23.048+00:00,/dev/cu.usbserial-58870137921,"RX,509205,R35,TXD,N46,26,216432,G,0,0.93,0.90,5,U,-45,9.75"
2026-07-09T13:20:23.244+00:00,/dev/cu.usbserial-58870137921,"RX,509401,R35,TXA,N01,214,216627,G,0,0.93,0.90,5,F,-36,9.50"
2026-07-09T13:20:23.511+00:00,/dev/cu.usbserial-58870137921,"RX,509667,R35,TXB,N16,106,216893,E,1,0.87,0.84,5,U,-55,9.50"
2026-07-09T13:20:23.692+00:00,/dev/cu.usbserial-58870137921,"RX,509849,R35,TXG,N91,25,217080,G,1,0.93,0.90,5,U,-46,9.75"
2026-07-09T13:20:23.994+00:00,/dev/cu.usbserial-58870137921,"RX,510151,R35,TXE,N61,104,217382,A,0,0.75,0.72,5,U,-33,9.25"
2026-07-09T13:20:24.244+00:00,/dev/cu.usbserial-58870137921,"RX,510401,R35,TXA,N01,215,217627,H,1,0.32,0.30,5,F,-36,9.50"
2026-07-09T13:20:24.388+00:00,/dev/cu.usbserial-58870137921,"RX,510545,R35,TXK,N151,108,217763,A,1,0.75,0.72,5,U,-51,9.75"
2026-07-09T13:20:24.742+00:00,/dev/cu.usbserial-58870137921,"RX,510899,R35,TXF,N76,53,218131,G,0,0.93,0.90,5,U,-43,9.50"
2026-07-09T13:20:24.901+00:00,/dev/cu.usbserial-58870137921,"RX,511058,R35,TXJ,N136,25,218281,G,1,0.93,0.90,5,U,-46,9.75"
2026-07-09T13:20:24.999+00:00,/dev/cu.usbserial-58870137921,"RX,511156,R35,TXC,N31,52,218384,E,1,0.87,0.84,5,U,-39,9.25"
2026-07-09T13:20:25.244+00:00,/dev/cu.usbserial-58870137921,"RX,511400,R35,TXA,N01,216,218627,A,1,0.75,0.72,5,F,-36,9.75"
2026-07-09T13:20:25.511+00:00,/dev/cu.usbserial-58870137921,"RX,511667,R35,TXB,N16,107,218893,G,0,0.93,0.90,5,U,-55,10.00"
2026-07-09T13:20:25.994+00:00,/dev/cu.usbserial-58870137921,"RX,512151,R35,TXE,N61,105,219382,C,1,0.81,0.78,5,U,-33,9.75"
2026-07-09T13:20:26.101+00:00,/dev/cu.usbserial-58870137921,"RX,512258,R35,TXI,N121,52,219481,E,1,0.87,0.84,5,U,-55,10.00"
2026-07-09T13:20:26.244+00:00,/dev/cu.usbserial-58870137921,"RX,512401,R35,TXA,N01,217,219627,B,0,0.20,0.18,5,F,-36,9.75"
2026-07-09T13:20:26.388+00:00,/dev/cu.usbserial-58870137921,"RX,512545,R35,TXK,N151,109,219763,C,1,0.81,0.78,5,U,-51,10.25"
2026-07-09T13:20:26.999+00:00,/dev/cu.usbserial-58870137921,"RX,513156,R35,TXC,N31,53,220384,G,0,0.93,0.90,5,U,-39,9.25"
2026-07-09T13:20:27.244+00:00,/dev/cu.usbserial-58870137921,"RX,513401,R35,TXA,N01,218,220627,C,1,0.81,0.78,5,F,-36,9.75"
2026-07-09T13:20:27.511+00:00,/dev/cu.usbserial-58870137921,"RX,513667,R35,TXB,N16,108,220893,A,1,0.75,0.72,5,U,-55,10.00"
2026-07-09T13:20:27.994+00:00,/dev/cu.usbserial-58870137921,"RX,514151,R35,TXE,N61,106,221382,E,1,0.87,0.84,5,U,-34,9.75"
2026-07-09T13:20:28.101+00:00,/dev/cu.usbserial-58870137921,"RX,514258,R35,TXI,N121,53,221481,G,0,0.93,0.90,5,U,-54,9.75"
2026-07-09T13:20:28.244+00:00,/dev/cu.usbserial-58870137921,"RX,514401,R35,TXA,N01,219,221627,D,1,0.24,0.22,5,F,-36,10.00"
2026-07-09T13:20:28.389+00:00,/dev/cu.usbserial-58870137921,"RX,514545,R35,TXK,N151,110,221763,E,0,0.87,0.84,5,U,-51,10.00"
2026-07-09T13:20:29.244+00:00,/dev/cu.usbserial-58870137921,"RX,515401,R35,TXA,N01,220,222627,E,0,0.87,0.84,5,F,-36,9.50"
2026-07-09T13:20:29.510+00:00,/dev/cu.usbserial-58870137921,"RX,515667,R35,TXB,N16,109,222893,C,1,0.81,0.78,5,U,-54,9.75"
2026-07-09T13:20:29.994+00:00,/dev/cu.usbserial-58870137921,"RX,516151,R35,TXE,N61,107,223382,G,0,0.93,0.90,5,U,-34,9.75"
2026-07-09T13:20:30.244+00:00,/dev/cu.usbserial-58870137921,"RX,516401,R35,TXA,N01,221,223627,F,1,0.28,0.26,5,F,-36,10.00"
2026-07-09T13:20:30.354+00:00,/dev/cu.usbserial-58870137921,"RX,516511,R35,TXH,N106,15,223743,G,1,0.93,0.90,5,U,-33,7.75"
2026-07-09T13:20:30.537+00:00,/dev/cu.usbserial-58870137921,"RX,516694,R35,TXL,N166,15,223917,G,1,0.93,0.90,5,U,-42,9.50"
2026-07-09T13:20:30.742+00:00,/dev/cu.usbserial-58870137921,"RX,516899,R35,TXF,N76,54,224131,E,0,0.87,0.84,5,U,-43,9.75"
2026-07-09T13:20:31.048+00:00,/dev/cu.usbserial-58870137921,"RX,517205,R35,TXD,N46,27,224432,G,1,0.93,0.90,5,U,-44,9.75"
2026-07-09T13:20:31.244+00:00,/dev/cu.usbserial-58870137921,"RX,517401,R35,TXA,N01,222,224627,G,1,0.93,0.90,5,F,-36,9.75"
2026-07-09T13:20:31.511+00:00,/dev/cu.usbserial-58870137921,"RX,517667,R35,TXB,N16,110,224893,E,0,0.87,0.84,5,U,-54,11.50"
2026-07-09T13:20:31.692+00:00,/dev/cu.usbserial-58870137921,"RX,517849,R35,TXG,N91,26,225080,G,0,0.93,0.90,5,U,-46,9.75"
2026-07-09T13:20:31.995+00:00,/dev/cu.usbserial-58870137921,"RX,518151,R35,TXE,N61,108,225382,A,1,0.75,0.72,5,U,-33,9.75"
2026-07-09T13:20:32.244+00:00,/dev/cu.usbserial-58870137921,"RX,518400,R35,TXA,N01,223,225627,H,0,0.32,0.30,5,F,-36,10.25"
2026-07-09T13:20:32.389+00:00,/dev/cu.usbserial-58870137921,"RX,518545,R35,TXK,N151,112,225763,A,1,0.75,0.72,5,U,-51,10.00"
2026-07-09T13:20:32.742+00:00,/dev/cu.usbserial-58870137921,"RX,518899,R35,TXF,N76,55,226131,G,1,0.93,0.90,5,U,-43,9.25"
2026-07-09T13:20:32.901+00:00,/dev/cu.usbserial-58870137921,"RX,519058,R35,TXJ,N136,26,226281,G,0,0.93,0.90,5,U,-46,9.75"
2026-07-09T13:20:32.999+00:00,/dev/cu.usbserial-58870137921,"RX,519156,R35,TXC,N31,54,226384,E,0,0.87,0.84,5,U,-39,10.00"
2026-07-09T13:20:33.244+00:00,/dev/cu.usbserial-58870137921,"RX,519401,R35,TXA,N01,224,226627,A,1,0.75,0.72,5,F,-36,9.75"
2026-07-09T13:20:33.511+00:00,/dev/cu.usbserial-58870137921,"RX,519667,R35,TXB,N16,111,226893,G,1,0.93,0.90,5,U,-55,10.00"
2026-07-09T13:20:33.994+00:00,/dev/cu.usbserial-58870137921,"RX,520151,R35,TXE,N61,109,227382,C,1,0.81,0.78,5,U,-34,9.50"
2026-07-09T13:20:34.101+00:00,/dev/cu.usbserial-58870137921,"RX,520258,R35,TXI,N121,54,227481,E,0,0.87,0.84,5,U,-54,10.00"
2026-07-09T13:20:34.243+00:00,/dev/cu.usbserial-58870137921,"RX,520401,R35,TXA,N01,225,227627,B,1,0.20,0.18,5,F,-36,10.25"
2026-07-09T13:20:34.389+00:00,/dev/cu.usbserial-58870137921,"RX,520545,R35,TXK,N151,113,227763,C,0,0.81,0.78,5,U,-51,10.50"
2026-07-09T13:20:34.999+00:00,/dev/cu.usbserial-58870137921,"RX,521156,R35,TXC,N31,55,228384,G,1,0.93,0.90,5,U,-39,10.00"
2026-07-09T13:20:35.244+00:00,/dev/cu.usbserial-58870137921,"RX,521401,R35,TXA,N01,226,228627,C,0,0.81,0.78,5,F,-36,9.75"
2026-07-09T13:20:35.510+00:00,/dev/cu.usbserial-58870137921,"RX,521667,R35,TXB,N16,112,228893,A,1,0.75,0.72,5,U,-54,9.75"
2026-07-09T13:20:35.994+00:00,/dev/cu.usbserial-58870137921,"RX,522151,R35,TXE,N61,110,229382,E,0,0.87,0.84,5,U,-33,9.75"
2026-07-09T13:20:36.101+00:00,/dev/cu.usbserial-58870137921,"RX,522258,R35,TXI,N121,55,229481,G,1,0.93,0.90,5,U,-55,9.75"
2026-07-09T13:20:36.244+00:00,/dev/cu.usbserial-58870137921,"RX,522401,R35,TXA,N01,227,229627,D,1,0.24,0.22,5,F,-36,9.50"
2026-07-09T13:20:36.388+00:00,/dev/cu.usbserial-58870137921,"RX,522545,R35,TXK,N151,114,229763,E,1,0.87,0.84,5,U,-51,10.25"
2026-07-09T13:20:37.244+00:00,/dev/cu.usbserial-58870137921,"RX,523401,R35,TXA,N01,228,230627,E,1,0.87,0.84,5,F,-36,9.50"
2026-07-09T13:20:37.510+00:00,/dev/cu.usbserial-58870137921,"RX,523667,R35,TXB,N16,113,230893,C,0,0.81,0.78,5,U,-55,10.25"
2026-07-09T13:20:37.994+00:00,/dev/cu.usbserial-58870137921,"RX,524151,R35,TXE,N61,111,231382,G,1,0.93,0.90,5,U,-33,9.75"
2026-07-09T13:20:38.244+00:00,/dev/cu.usbserial-58870137921,"RX,524401,R35,TXA,N01,229,231627,F,0,0.28,0.26,5,F,-36,9.75"
2026-07-09T13:20:38.389+00:00,/dev/cu.usbserial-58870137921,"RX,524545,R35,TXK,N151,115,231763,G,1,0.93,0.90,5,U,-51,10.00"
2026-07-09T13:20:38.742+00:00,/dev/cu.usbserial-58870137921,"RX,524899,R35,TXF,N76,56,232131,E,1,0.87,0.84,5,U,-43,9.75"
2026-07-09T13:20:39.048+00:00,/dev/cu.usbserial-58870137921,"RX,525205,R35,TXD,N46,28,232432,G,1,0.93,0.90,5,U,-44,9.50"
2026-07-09T13:20:39.244+00:00,/dev/cu.usbserial-58870137921,"RX,525401,R35,TXA,N01,230,232627,G,1,0.93,0.90,5,F,-36,9.75"
2026-07-09T13:20:39.510+00:00,/dev/cu.usbserial-58870137921,"RX,525667,R35,TXB,N16,114,232893,E,1,0.87,0.84,5,U,-55,9.25"
2026-07-09T13:20:39.691+00:00,/dev/cu.usbserial-58870137921,"RX,525849,R35,TXG,N91,27,233080,G,1,0.93,0.90,5,U,-45,9.50"
2026-07-09T13:20:39.994+00:00,/dev/cu.usbserial-58870137921,"RX,526151,R35,TXE,N61,112,233382,A,1,0.75,0.72,5,U,-34,9.50"
2026-07-09T13:20:40.244+00:00,/dev/cu.usbserial-58870137921,"RX,526401,R35,TXA,N01,231,233627,H,1,0.32,0.30,5,F,-36,9.75"
2026-07-09T13:20:40.388+00:00,/dev/cu.usbserial-58870137921,"RX,526545,R35,TXK,N151,116,233763,A,0,0.75,0.72,5,U,-51,12.00"
2026-07-09T13:20:40.742+00:00,/dev/cu.usbserial-58870137921,"RX,526899,R35,TXF,N76,57,234131,G,1,0.93,0.90,5,U,-44,9.50"
2026-07-09T13:20:40.901+00:00,/dev/cu.usbserial-58870137921,"RX,527058,R35,TXJ,N136,27,234281,G,1,0.93,0.90,5,U,-46,9.50"
2026-07-09T13:20:40.999+00:00,/dev/cu.usbserial-58870137921,"RX,527156,R35,TXC,N31,56,234384,E,1,0.87,0.84,5,U,-39,9.75"
2026-07-09T13:20:41.244+00:00,/dev/cu.usbserial-58870137921,"RX,527400,R35,TXA,N01,232,234627,A,0,0.75,0.72,5,F,-36,10.00"
2026-07-09T13:20:41.510+00:00,/dev/cu.usbserial-58870137921,"RX,527667,R35,TXB,N16,115,234893,G,1,0.93,0.90,5,U,-55,9.50"
2026-07-09T13:20:41.994+00:00,/dev/cu.usbserial-58870137921,"RX,528151,R35,TXE,N61,113,235382,C,0,0.81,0.78,5,U,-33,9.50"
2026-07-09T13:20:42.101+00:00,/dev/cu.usbserial-58870137921,"RX,528258,R35,TXI,N121,56,235481,E,1,0.87,0.84,5,U,-54,9.75"
2026-07-09T13:20:42.244+00:00,/dev/cu.usbserial-58870137921,"RX,528400,R35,TXA,N01,233,235627,B,1,0.20,0.18,5,F,-36,9.50"
2026-07-09T13:20:42.389+00:00,/dev/cu.usbserial-58870137921,"RX,528545,R35,TXK,N151,117,235763,C,1,0.81,0.78,5,U,-51,10.00"
2026-07-09T13:20:42.999+00:00,/dev/cu.usbserial-58870137921,"RX,529156,R35,TXC,N31,57,236384,G,1,0.93,0.90,5,U,-39,9.50"
2026-07-09T13:20:43.244+00:00,/dev/cu.usbserial-58870137921,"RX,529401,R35,TXA,N01,234,236627,C,1,0.81,0.78,5,F,-36,10.00"
2026-07-09T13:20:43.511+00:00,/dev/cu.usbserial-58870137921,"RX,529667,R35,TXB,N16,116,236893,A,0,0.75,0.72,5,U,-54,10.00"
2026-07-09T13:20:43.995+00:00,/dev/cu.usbserial-58870137921,"RX,530151,R35,TXE,N61,114,237382,E,1,0.87,0.84,5,U,-33,10.00"
2026-07-09T13:20:44.101+00:00,/dev/cu.usbserial-58870137921,"RX,530258,R35,TXI,N121,57,237481,G,1,0.93,0.90,5,U,-54,10.00"
2026-07-09T13:20:44.244+00:00,/dev/cu.usbserial-58870137921,"RX,530400,R35,TXA,N01,235,237627,D,0,0.24,0.22,5,F,-36,10.00"
2026-07-09T13:20:44.388+00:00,/dev/cu.usbserial-58870137921,"RX,530545,R35,TXK,N151,118,237763,E,1,0.87,0.84,5,U,-51,10.75"
2026-07-09T13:20:45.244+00:00,/dev/cu.usbserial-58870137921,"RX,531400,R35,TXA,N01,236,238627,E,1,0.87,0.84,5,F,-36,9.75"
2026-07-09T13:20:45.511+00:00,/dev/cu.usbserial-58870137921,"RX,531667,R35,TXB,N16,117,238893,C,1,0.81,0.78,5,U,-54,11.75"
2026-07-09T13:20:45.994+00:00,/dev/cu.usbserial-58870137921,"RX,532151,R35,TXE,N61,115,239382,G,1,0.93,0.90,5,U,-33,9.25"
2026-07-09T13:20:46.244+00:00,/dev/cu.usbserial-58870137921,"RX,532401,R35,TXA,N01,237,239627,F,1,0.28,0.26,5,F,-36,9.75"
2026-07-09T13:20:46.388+00:00,/dev/cu.usbserial-58870137921,"RX,532545,R35,TXK,N151,119,239763,G,0,0.93,0.90,5,U,-51,10.25"
2026-07-09T13:20:46.742+00:00,/dev/cu.usbserial-58870137921,"RX,532899,R35,TXF,N76,58,240131,E,1,0.87,0.84,5,U,-43,9.50"
2026-07-09T13:20:47.047+00:00,/dev/cu.usbserial-58870137921,"RX,533204,R35,TXD,N46,29,240432,G,0,0.93,0.90,5,U,-44,9.75"
2026-07-09T13:20:47.244+00:00,/dev/cu.usbserial-58870137921,"RX,533401,R35,TXA,N01,238,240627,G,0,0.93,0.90,5,F,-36,10.00"
2026-07-09T13:20:47.510+00:00,/dev/cu.usbserial-58870137921,"RX,533667,R35,TXB,N16,118,240893,E,1,0.87,0.84,5,U,-56,9.50"
2026-07-09T13:20:47.692+00:00,/dev/cu.usbserial-58870137921,"RX,533849,R35,TXG,N91,28,241080,G,1,0.93,0.90,5,U,-46,10.25"
2026-07-09T13:20:47.994+00:00,/dev/cu.usbserial-58870137921,"RX,534151,R35,TXE,N61,116,241382,A,0,0.75,0.72,5,U,-33,9.50"
2026-07-09T13:20:48.244+00:00,/dev/cu.usbserial-58870137921,"RX,534400,R35,TXA,N01,239,241627,H,1,0.32,0.30,5,F,-36,10.00"
2026-07-09T13:20:48.388+00:00,/dev/cu.usbserial-58870137921,"RX,534545,R35,TXK,N151,120,241763,A,1,0.75,0.72,5,U,-51,10.50"
2026-07-09T13:20:48.742+00:00,/dev/cu.usbserial-58870137921,"RX,534899,R35,TXF,N76,59,242131,G,0,0.93,0.90,5,U,-44,9.50"
2026-07-09T13:20:48.901+00:00,/dev/cu.usbserial-58870137921,"RX,535058,R35,TXJ,N136,28,242281,G,1,0.93,0.90,5,U,-46,9.75"
2026-07-09T13:20:48.999+00:00,/dev/cu.usbserial-58870137921,"RX,535156,R35,TXC,N31,58,242384,E,1,0.87,0.84,5,U,-39,9.75"
2026-07-09T13:20:49.244+00:00,/dev/cu.usbserial-58870137921,"RX,535401,R35,TXA,N01,240,242627,A,1,0.75,0.72,5,F,-36,10.00"
2026-07-09T13:20:49.510+00:00,/dev/cu.usbserial-58870137921,"RX,535667,R35,TXB,N16,119,242893,G,0,0.93,0.90,5,U,-56,9.75"
2026-07-09T13:20:49.994+00:00,/dev/cu.usbserial-58870137921,"RX,536151,R35,TXE,N61,117,243382,C,1,0.81,0.78,5,U,-33,9.75"
2026-07-09T13:20:50.101+00:00,/dev/cu.usbserial-58870137921,"RX,536258,R35,TXI,N121,58,243481,E,1,0.87,0.84,5,U,-55,9.75"
2026-07-09T13:20:50.244+00:00,/dev/cu.usbserial-58870137921,"RX,536401,R35,TXA,N01,241,243627,B,0,0.20,0.18,5,F,-36,10.00"
2026-07-09T13:20:50.388+00:00,/dev/cu.usbserial-58870137921,"RX,536545,R35,TXK,N151,121,243763,C,1,0.81,0.78,5,U,-51,9.75"
2026-07-09T13:20:50.999+00:00,/dev/cu.usbserial-58870137921,"RX,537156,R35,TXC,N31,59,244384,G,0,0.93,0.90,5,U,-39,9.75"
2026-07-09T13:20:51.244+00:00,/dev/cu.usbserial-58870137921,"RX,537400,R35,TXA,N01,242,244627,C,1,0.81,0.78,5,F,-36,9.50"
2026-07-09T13:20:51.511+00:00,/dev/cu.usbserial-58870137921,"RX,537667,R35,TXB,N16,120,244893,A,1,0.75,0.72,5,U,-56,10.00"
2026-07-09T13:20:51.994+00:00,/dev/cu.usbserial-58870137921,"RX,538151,R35,TXE,N61,118,245382,E,1,0.87,0.84,5,U,-33,10.00"
2026-07-09T13:20:52.101+00:00,/dev/cu.usbserial-58870137921,"RX,538258,R35,TXI,N121,59,245481,G,0,0.93,0.90,5,U,-54,9.75"
2026-07-09T13:20:52.244+00:00,/dev/cu.usbserial-58870137921,"RX,538400,R35,TXA,N01,243,245627,D,1,0.24,0.22,5,F,-36,9.75"
2026-07-09T13:20:52.388+00:00,/dev/cu.usbserial-58870137921,"RX,538545,R35,TXK,N151,122,245763,E,0,0.87,0.84,5,U,-51,10.75"
2026-07-09T13:20:53.244+00:00,/dev/cu.usbserial-58870137921,"RX,539400,R35,TXA,N01,244,246627,E,0,0.87,0.84,5,F,-36,9.25"
2026-07-09T13:20:53.511+00:00,/dev/cu.usbserial-58870137921,"RX,539667,R35,TXB,N16,121,246893,C,1,0.81,0.78,5,U,-56,10.00"
2026-07-09T13:20:53.994+00:00,/dev/cu.usbserial-58870137921,"RX,540151,R35,TXE,N61,119,247382,G,0,0.93,0.90,5,U,-33,10.00"
2026-07-09T13:20:54.244+00:00,/dev/cu.usbserial-58870137921,"RX,540400,R35,TXA,N01,245,247627,F,1,0.28,0.26,5,F,-36,10.25"
2026-07-09T13:20:54.389+00:00,/dev/cu.usbserial-58870137921,"RX,540545,R35,TXK,N151,123,247763,G,1,0.93,0.90,5,U,-51,10.25"
2026-07-09T13:20:54.742+00:00,/dev/cu.usbserial-58870137921,"RX,540899,R35,TXF,N76,60,248131,E,0,0.87,0.84,5,U,-43,9.50"
2026-07-09T13:20:55.047+00:00,/dev/cu.usbserial-58870137921,"RX,541204,R35,TXD,N46,30,248432,G,1,0.93,0.90,5,U,-44,9.50"
2026-07-09T13:20:55.243+00:00,/dev/cu.usbserial-58870137921,"RX,541400,R35,TXA,N01,246,248627,G,1,0.93,0.90,5,F,-36,10.00"
2026-07-09T13:20:55.510+00:00,/dev/cu.usbserial-58870137921,"RX,541667,R35,TXB,N16,122,248893,E,0,0.87,0.84,5,U,-56,10.00"
2026-07-09T13:20:55.691+00:00,/dev/cu.usbserial-58870137921,"RX,541848,R35,TXG,N91,29,249080,G,0,0.93,0.90,5,U,-46,10.00"
2026-07-09T13:20:55.994+00:00,/dev/cu.usbserial-58870137921,"RX,542151,R35,TXE,N61,120,249382,A,1,0.75,0.72,5,U,-33,9.50"
2026-07-09T13:20:56.244+00:00,/dev/cu.usbserial-58870137921,"RX,542400,R35,TXA,N01,247,249627,H,0,0.32,0.30,5,F,-36,10.75"
2026-07-09T13:20:56.388+00:00,/dev/cu.usbserial-58870137921,"RX,542545,R35,TXK,N151,124,249763,A,1,0.75,0.72,5,U,-51,9.75"
2026-07-09T13:20:56.742+00:00,/dev/cu.usbserial-58870137921,"RX,542899,R35,TXF,N76,61,250131,G,1,0.93,0.90,5,U,-44,9.25"
2026-07-09T13:20:56.901+00:00,/dev/cu.usbserial-58870137921,"RX,543058,R35,TXJ,N136,29,250281,G,0,0.93,0.90,5,U,-46,9.50"
2026-07-09T13:20:56.999+00:00,/dev/cu.usbserial-58870137921,"RX,543155,R35,TXC,N31,60,250384,E,0,0.87,0.84,5,U,-39,9.75"
2026-07-09T13:20:57.243+00:00,/dev/cu.usbserial-58870137921,"RX,543400,R35,TXA,N01,248,250627,A,1,0.75,0.72,5,F,-36,9.75"
2026-07-09T13:20:57.510+00:00,/dev/cu.usbserial-58870137921,"RX,543667,R35,TXB,N16,123,250893,G,1,0.93,0.90,5,U,-56,10.25"
2026-07-09T13:20:57.994+00:00,/dev/cu.usbserial-58870137921,"RX,544151,R35,TXE,N61,121,251382,C,1,0.81,0.78,5,U,-33,9.75"
2026-07-09T13:20:58.101+00:00,/dev/cu.usbserial-58870137921,"RX,544258,R35,TXI,N121,60,251481,E,0,0.87,0.84,5,U,-54,9.75"
2026-07-09T13:20:58.244+00:00,/dev/cu.usbserial-58870137921,"RX,544400,R35,TXA,N01,249,251627,B,1,0.20,0.18,5,F,-36,10.00"
2026-07-09T13:20:58.388+00:00,/dev/cu.usbserial-58870137921,"RX,544545,R35,TXK,N151,125,251763,C,0,0.81,0.78,5,U,-51,9.50"
2026-07-09T13:20:58.999+00:00,/dev/cu.usbserial-58870137921,"RX,545155,R35,TXC,N31,61,252384,G,1,0.93,0.90,5,U,-39,9.75"
2026-07-09T13:20:59.244+00:00,/dev/cu.usbserial-58870137921,"RX,545400,R35,TXA,N01,250,252627,C,0,0.81,0.78,5,F,-36,9.75"
2026-07-09T13:20:59.510+00:00,/dev/cu.usbserial-58870137921,"RX,545667,R35,TXB,N16,124,252893,A,1,0.75,0.72,5,U,-56,9.75"
2026-07-09T13:20:59.994+00:00,/dev/cu.usbserial-58870137921,"RX,546151,R35,TXE,N61,122,253382,E,0,0.87,0.84,5,U,-33,10.00"
2026-07-09T13:21:00.101+00:00,/dev/cu.usbserial-58870137921,"RX,546258,R35,TXI,N121,61,253481,G,1,0.93,0.90,5,U,-54,9.75"
2026-07-09T13:21:00.244+00:00,/dev/cu.usbserial-58870137921,"RX,546400,R35,TXA,N01,251,253627,D,1,0.24,0.22,5,F,-36,10.00"
2026-07-09T13:21:00.388+00:00,/dev/cu.usbserial-58870137921,"RX,546545,R35,TXK,N151,126,253763,E,1,0.87,0.84,5,U,-51,10.00"
2026-07-09T13:21:01.244+00:00,/dev/cu.usbserial-58870137921,"RX,547400,R35,TXA,N01,252,254627,E,1,0.87,0.84,5,F,-36,9.50"
2026-07-09T13:21:01.510+00:00,/dev/cu.usbserial-58870137921,"RX,547667,R35,TXB,N16,125,254893,C,0,0.81,0.78,5,U,-57,9.50"
2026-07-09T13:21:01.994+00:00,/dev/cu.usbserial-58870137921,"RX,548151,R35,TXE,N61,123,255382,G,1,0.93,0.90,5,U,-33,10.00"
2026-07-09T13:21:02.244+00:00,/dev/cu.usbserial-58870137921,"RX,548400,R35,TXA,N01,253,255627,F,0,0.28,0.26,5,F,-36,9.75"
2026-07-09T13:21:02.388+00:00,/dev/cu.usbserial-58870137921,"RX,548545,R35,TXK,N151,127,255763,G,1,0.93,0.90,5,U,-51,10.00"
2026-07-09T13:21:02.742+00:00,/dev/cu.usbserial-58870137921,"RX,548899,R35,TXF,N76,62,256131,E,1,0.87,0.84,5,U,-43,9.25"
2026-07-09T13:21:03.047+00:00,/dev/cu.usbserial-58870137921,"RX,549204,R35,TXD,N46,31,256432,G,1,0.93,0.90,5,U,-44,9.75"
2026-07-09T13:21:03.243+00:00,/dev/cu.usbserial-58870137921,"RX,549400,R35,TXA,N01,254,256627,G,1,0.93,0.90,5,F,-36,9.75"
2026-07-09T13:21:03.510+00:00,/dev/cu.usbserial-58870137921,"RX,549667,R35,TXB,N16,126,256893,E,1,0.87,0.84,5,U,-56,9.50"
2026-07-09T13:21:03.691+00:00,/dev/cu.usbserial-58870137921,"RX,549848,R35,TXG,N91,30,257080,G,1,0.93,0.90,5,U,-46,9.75"
2026-07-09T13:21:03.994+00:00,/dev/cu.usbserial-58870137921,"RX,550151,R35,TXE,N61,124,257382,A,1,0.75,0.72,5,U,-34,9.25"
2026-07-09T13:21:04.244+00:00,/dev/cu.usbserial-58870137921,"RX,550400,R35,TXA,N01,255,257627,H,1,0.32,0.30,5,F,-36,9.75"
2026-07-09T13:21:04.388+00:00,/dev/cu.usbserial-58870137921,"RX,550545,R35,TXK,N151,128,257763,A,1,0.75,0.72,5,U,-51,9.75"
2026-07-09T13:21:04.742+00:00,/dev/cu.usbserial-58870137921,"RX,550899,R35,TXF,N76,63,258131,G,1,0.93,0.90,5,U,-43,9.75"
2026-07-09T13:21:04.901+00:00,/dev/cu.usbserial-58870137921,"RX,551058,R35,TXJ,N136,30,258281,G,1,0.93,0.90,5,U,-46,10.00"
2026-07-09T13:21:04.998+00:00,/dev/cu.usbserial-58870137921,"RX,551155,R35,TXC,N31,62,258384,E,1,0.87,0.84,5,U,-39,9.50"
2026-07-09T13:21:05.243+00:00,/dev/cu.usbserial-58870137921,"RX,551400,R35,TXA,N01,256,258627,A,1,0.75,0.72,5,F,-36,9.75"
2026-07-09T13:21:05.510+00:00,/dev/cu.usbserial-58870137921,"RX,551667,R35,TXB,N16,127,258893,G,1,0.93,0.90,5,U,-56,9.75"
2026-07-09T13:21:05.994+00:00,/dev/cu.usbserial-58870137921,"RX,552151,R35,TXE,N61,125,259382,C,0,0.81,0.78,5,U,-33,10.00"
2026-07-09T13:21:06.244+00:00,/dev/cu.usbserial-58870137921,"RX,552400,R35,TXA,N01,257,259627,B,0,0.20,0.18,5,F,-36,9.25"
2026-07-09T13:21:06.388+00:00,/dev/cu.usbserial-58870137921,"RX,552545,R35,TXK,N151,129,259763,C,1,0.81,0.78,5,U,-51,10.00"
2026-07-09T13:21:06.999+00:00,/dev/cu.usbserial-58870137921,"RX,553155,R35,TXC,N31,63,260384,G,1,0.93,0.90,5,U,-39,9.50"
2026-07-09T13:21:07.244+00:00,/dev/cu.usbserial-58870137921,"RX,553400,R35,TXA,N01,258,260627,C,1,0.81,0.78,5,F,-36,9.50"
2026-07-09T13:21:07.510+00:00,/dev/cu.usbserial-58870137921,"RX,553667,R35,TXB,N16,128,260893,A,1,0.75,0.72,5,U,-56,9.75"
2026-07-09T13:21:07.994+00:00,/dev/cu.usbserial-58870137921,"RX,554151,R35,TXE,N61,126,261382,E,1,0.87,0.84,5,U,-33,10.00"
2026-07-09T13:21:08.101+00:00,/dev/cu.usbserial-58870137921,"RX,554258,R35,TXI,N121,63,261481,G,1,0.93,0.90,5,U,-54,9.50"
2026-07-09T13:21:08.244+00:00,/dev/cu.usbserial-58870137921,"RX,554400,R35,TXA,N01,259,261627,D,1,0.24,0.22,5,F,-36,9.75"
2026-07-09T13:21:08.388+00:00,/dev/cu.usbserial-58870137921,"RX,554545,R35,TXK,N151,130,261763,E,0,0.87,0.84,5,U,-51,10.25"
2026-07-09T13:21:09.244+00:00,/dev/cu.usbserial-58870137921,"RX,555400,R35,TXA,N01,260,262627,E,0,0.87,0.84,5,F,-36,9.50"
2026-07-09T13:21:09.510+00:00,/dev/cu.usbserial-58870137921,"RX,555667,R35,TXB,N16,129,262893,C,1,0.81,0.78,5,U,-56,9.50"
2026-07-09T13:21:09.994+00:00,/dev/cu.usbserial-58870137921,"RX,556151,R35,TXE,N61,127,263382,G,1,0.93,0.90,5,U,-33,9.50"
2026-07-09T13:21:10.244+00:00,/dev/cu.usbserial-58870137921,"RX,556400,R35,TXA,N01,261,263627,F,1,0.28,0.26,5,F,-36,10.00"
2026-07-09T13:21:10.354+00:00,/dev/cu.usbserial-58870137921,"RX,556511,R35,TXH,N106,16,263743,G,1,0.93,0.90,5,U,-33,7.50"
2026-07-09T13:21:10.536+00:00,/dev/cu.usbserial-58870137921,"RX,556693,R35,TXL,N166,16,263917,G,1,0.93,0.90,5,U,-43,9.25"
2026-07-09T13:21:10.742+00:00,/dev/cu.usbserial-58870137921,"RX,556899,R35,TXF,N76,64,264131,E,0,0.87,0.84,5,U,-43,9.50"
2026-07-09T13:21:11.047+00:00,/dev/cu.usbserial-58870137921,"RX,557204,R35,TXD,N46,32,264432,G,1,0.93,0.90,5,U,-44,9.50"
2026-07-09T13:21:11.243+00:00,/dev/cu.usbserial-58870137921,"RX,557400,R35,TXA,N01,262,264627,G,1,0.93,0.90,5,F,-36,9.75"
2026-07-09T13:21:11.510+00:00,/dev/cu.usbserial-58870137921,"RX,557667,R35,TXB,N16,130,264893,E,0,0.87,0.84,5,U,-56,9.50"
2026-07-09T13:21:11.691+00:00,/dev/cu.usbserial-58870137921,"RX,557848,R35,TXG,N91,31,265080,G,1,0.93,0.90,5,U,-46,9.50"
2026-07-09T13:21:11.994+00:00,/dev/cu.usbserial-58870137921,"RX,558151,R35,TXE,N61,128,265382,A,1,0.75,0.72,5,U,-33,9.25"
2026-07-09T13:21:12.243+00:00,/dev/cu.usbserial-58870137921,"RX,558400,R35,TXA,N01,263,265627,H,0,0.32,0.30,5,F,-36,10.00"
2026-07-09T13:21:12.388+00:00,/dev/cu.usbserial-58870137921,"RX,558545,R35,TXK,N151,132,265763,A,1,0.75,0.72,5,U,-51,9.75"
2026-07-09T13:21:12.742+00:00,/dev/cu.usbserial-58870137921,"RX,558899,R35,TXF,N76,65,266131,G,1,0.93,0.90,5,U,-44,9.50"
2026-07-09T13:21:12.901+00:00,/dev/cu.usbserial-58870137921,"RX,559058,R35,TXJ,N136,31,266281,G,1,0.93,0.90,5,U,-46,9.50"
2026-07-09T13:21:12.999+00:00,/dev/cu.usbserial-58870137921,"RX,559155,R35,TXC,N31,64,266384,E,0,0.87,0.84,5,U,-39,10.00"
2026-07-09T13:21:13.243+00:00,/dev/cu.usbserial-58870137921,"RX,559400,R35,TXA,N01,264,266627,A,1,0.75,0.72,5,F,-36,9.75"
2026-07-09T13:21:13.510+00:00,/dev/cu.usbserial-58870137921,"RX,559667,R35,TXB,N16,131,266893,G,1,0.93,0.90,5,U,-56,9.50"
2026-07-09T13:21:13.994+00:00,/dev/cu.usbserial-58870137921,"RX,560151,R35,TXE,N61,129,267382,C,1,0.81,0.78,5,U,-33,9.50"
2026-07-09T13:21:14.101+00:00,/dev/cu.usbserial-58870137921,"RX,560258,R35,TXI,N121,64,267481,E,0,0.87,0.84,5,U,-54,9.50"
2026-07-09T13:21:14.244+00:00,/dev/cu.usbserial-58870137921,"RX,560400,R35,TXA,N01,265,267627,B,1,0.20,0.18,5,F,-36,10.00"
2026-07-09T13:21:14.388+00:00,/dev/cu.usbserial-58870137921,"RX,560545,R35,TXK,N151,133,267763,C,0,0.81,0.78,5,U,-51,10.00"
2026-07-09T13:21:14.998+00:00,/dev/cu.usbserial-58870137921,"RX,561155,R35,TXC,N31,65,268384,G,1,0.93,0.90,5,U,-39,9.75"
2026-07-09T13:21:15.244+00:00,/dev/cu.usbserial-58870137921,"RX,561400,R35,TXA,N01,266,268627,C,0,0.81,0.78,5,F,-36,9.75"
2026-07-09T13:21:15.510+00:00,/dev/cu.usbserial-58870137921,"RX,561667,R35,TXB,N16,132,268893,A,1,0.75,0.72,5,U,-56,10.00"
2026-07-09T13:21:15.994+00:00,/dev/cu.usbserial-58870137921,"RX,562151,R35,TXE,N61,130,269382,E,0,0.87,0.84,5,U,-33,9.50"
2026-07-09T13:21:16.101+00:00,/dev/cu.usbserial-58870137921,"RX,562258,R35,TXI,N121,65,269481,G,1,0.93,0.90,5,U,-54,9.75"
2026-07-09T13:21:16.243+00:00,/dev/cu.usbserial-58870137921,"RX,562400,R35,TXA,N01,267,269627,D,1,0.24,0.22,5,F,-36,9.75"
2026-07-09T13:21:16.388+00:00,/dev/cu.usbserial-58870137921,"RX,562545,R35,TXK,N151,134,269763,E,1,0.87,0.84,5,U,-51,10.00"
2026-07-09T13:21:17.244+00:00,/dev/cu.usbserial-58870137921,"RX,563400,R35,TXA,N01,268,270627,E,1,0.87,0.84,5,F,-36,9.75"
2026-07-09T13:21:17.510+00:00,/dev/cu.usbserial-58870137921,"RX,563667,R35,TXB,N16,133,270893,C,0,0.81,0.78,5,U,-56,9.75"
2026-07-09T13:21:17.994+00:00,/dev/cu.usbserial-58870137921,"RX,564151,R35,TXE,N61,131,271382,G,1,0.93,0.90,5,U,-33,9.75"
2026-07-09T13:21:18.243+00:00,/dev/cu.usbserial-58870137921,"RX,564400,R35,TXA,N01,269,271627,F,0,0.28,0.26,5,F,-36,10.00"
2026-07-09T13:21:18.354+00:00,/dev/cu.usbserial-58870137921,"RX,564511,R35,TXH,N106,17,271743,G,1,0.93,0.90,5,U,-33,7.75"
2026-07-09T13:21:18.536+00:00,/dev/cu.usbserial-58870137921,"RX,564693,R35,TXL,N166,17,271917,G,1,0.93,0.90,5,U,-43,9.25"
2026-07-09T13:21:18.742+00:00,/dev/cu.usbserial-58870137921,"RX,564899,R35,TXF,N76,66,272131,E,1,0.87,0.84,5,U,-43,9.50"
2026-07-09T13:21:19.047+00:00,/dev/cu.usbserial-58870137921,"RX,565204,R35,TXD,N46,33,272432,G,1,0.93,0.90,5,U,-44,9.50"
2026-07-09T13:21:19.244+00:00,/dev/cu.usbserial-58870137921,"RX,565400,R35,TXA,N01,270,272627,G,1,0.93,0.90,5,F,-36,10.25"
2026-07-09T13:21:19.510+00:00,/dev/cu.usbserial-58870137921,"RX,565667,R35,TXB,N16,134,272893,E,1,0.87,0.84,5,U,-56,9.50"
2026-07-09T13:21:19.691+00:00,/dev/cu.usbserial-58870137921,"RX,565848,R35,TXG,N91,32,273080,G,1,0.93,0.90,5,U,-45,9.50"
2026-07-09T13:21:19.994+00:00,/dev/cu.usbserial-58870137921,"RX,566151,R35,TXE,N61,132,273382,A,1,0.75,0.72,5,U,-34,9.25"
2026-07-09T13:21:20.243+00:00,/dev/cu.usbserial-58870137921,"RX,566400,R35,TXA,N01,271,273627,H,1,0.32,0.30,5,F,-36,9.75"
2026-07-09T13:21:20.388+00:00,/dev/cu.usbserial-58870137921,"RX,566545,R35,TXK,N151,136,273763,A,0,0.75,0.72,5,U,-51,9.75"
2026-07-09T13:21:20.742+00:00,/dev/cu.usbserial-58870137921,"RX,566899,R35,TXF,N76,67,274131,G,1,0.93,0.90,5,U,-44,9.50"
2026-07-09T13:21:20.901+00:00,/dev/cu.usbserial-58870137921,"RX,567058,R35,TXJ,N136,32,274281,G,1,0.93,0.90,5,U,-46,9.75"
2026-07-09T13:21:20.998+00:00,/dev/cu.usbserial-58870137921,"RX,567155,R35,TXC,N31,66,274384,E,1,0.87,0.84,5,U,-39,9.50"
2026-07-09T13:21:21.243+00:00,/dev/cu.usbserial-58870137921,"RX,567400,R35,TXA,N01,272,274627,A,0,0.75,0.72,5,F,-36,9.50"
2026-07-09T13:21:21.510+00:00,/dev/cu.usbserial-58870137921,"RX,567667,R35,TXB,N16,135,274893,G,1,0.93,0.90,5,U,-56,9.75"
2026-07-09T13:21:21.994+00:00,/dev/cu.usbserial-58870137921,"RX,568151,R35,TXE,N61,133,275382,C,0,0.81,0.78,5,U,-33,9.75"
2026-07-09T13:21:22.101+00:00,/dev/cu.usbserial-58870137921,"RX,568258,R35,TXI,N121,66,275481,E,1,0.87,0.84,5,U,-55,10.00"
2026-07-09T13:21:22.244+00:00,/dev/cu.usbserial-58870137921,"RX,568400,R35,TXA,N01,273,275627,B,1,0.20,0.18,5,F,-36,10.00"
2026-07-09T13:21:22.388+00:00,/dev/cu.usbserial-58870137921,"RX,568545,R35,TXK,N151,137,275763,C,1,0.81,0.78,5,U,-51,10.00"
2026-07-09T13:21:22.998+00:00,/dev/cu.usbserial-58870137921,"RX,569155,R35,TXC,N31,67,276384,G,1,0.93,0.90,5,U,-39,10.00"
2026-07-09T13:21:23.244+00:00,/dev/cu.usbserial-58870137921,"RX,569400,R35,TXA,N01,274,276627,C,1,0.81,0.78,5,F,-36,9.75"
2026-07-09T13:21:23.510+00:00,/dev/cu.usbserial-58870137921,"RX,569667,R35,TXB,N16,136,276893,A,0,0.75,0.72,5,U,-56,9.50"
2026-07-09T13:21:23.994+00:00,/dev/cu.usbserial-58870137921,"RX,570151,R35,TXE,N61,134,277382,E,1,0.87,0.84,5,U,-34,9.75"
2026-07-09T13:21:24.101+00:00,/dev/cu.usbserial-58870137921,"RX,570258,R35,TXI,N121,67,277481,G,1,0.93,0.90,5,U,-55,9.50"
2026-07-09T13:21:24.244+00:00,/dev/cu.usbserial-58870137921,"RX,570400,R35,TXA,N01,275,277627,D,0,0.24,0.22,5,F,-36,10.50"
2026-07-09T13:21:24.388+00:00,/dev/cu.usbserial-58870137921,"RX,570545,R35,TXK,N151,138,277763,E,1,0.87,0.84,5,U,-51,10.00"
2026-07-09T13:21:25.244+00:00,/dev/cu.usbserial-58870137921,"RX,571400,R35,TXA,N01,276,278627,E,1,0.87,0.84,5,F,-36,9.50"
2026-07-09T13:21:25.510+00:00,/dev/cu.usbserial-58870137921,"RX,571667,R35,TXB,N16,137,278893,C,1,0.81,0.78,5,U,-57,9.50"
2026-07-09T13:21:25.994+00:00,/dev/cu.usbserial-58870137921,"RX,572151,R35,TXE,N61,135,279382,G,1,0.93,0.90,5,U,-33,9.75"
2026-07-09T13:21:26.243+00:00,/dev/cu.usbserial-58870137921,"RX,572400,R35,TXA,N01,277,279627,F,1,0.28,0.26,5,F,-36,10.25"
2026-07-09T13:21:26.354+00:00,/dev/cu.usbserial-58870137921,"RX,572511,R35,TXH,N106,18,279743,G,0,0.93,0.90,5,U,-33,7.75"
2026-07-09T13:21:26.536+00:00,/dev/cu.usbserial-58870137921,"RX,572693,R35,TXL,N166,18,279917,G,0,0.93,0.90,5,U,-43,9.25"
2026-07-09T13:21:26.742+00:00,/dev/cu.usbserial-58870137921,"RX,572899,R35,TXF,N76,68,280131,E,1,0.87,0.84,5,U,-43,10.25"
2026-07-09T13:21:27.047+00:00,/dev/cu.usbserial-58870137921,"RX,573204,R35,TXD,N46,34,280432,G,0,0.93,0.90,5,U,-44,9.50"
2026-07-09T13:21:27.244+00:00,/dev/cu.usbserial-58870137921,"RX,573400,R35,TXA,N01,278,280627,G,0,0.93,0.90,5,F,-36,10.25"
2026-07-09T13:21:27.510+00:00,/dev/cu.usbserial-58870137921,"RX,573667,R35,TXB,N16,138,280893,E,1,0.87,0.84,5,U,-56,9.25"
2026-07-09T13:21:27.691+00:00,/dev/cu.usbserial-58870137921,"RX,573848,R35,TXG,N91,33,281080,G,1,0.93,0.90,5,U,-45,9.50"
2026-07-09T13:21:27.994+00:00,/dev/cu.usbserial-58870137921,"RX,574151,R35,TXE,N61,136,281382,A,0,0.75,0.72,5,U,-34,9.50"
2026-07-09T13:21:28.243+00:00,/dev/cu.usbserial-58870137921,"RX,574400,R35,TXA,N01,279,281627,H,1,0.32,0.30,5,F,-36,9.75"
2026-07-09T13:21:28.742+00:00,/dev/cu.usbserial-58870137921,"RX,574899,R35,TXF,N76,69,282131,G,0,0.93,0.90,5,U,-44,9.25"
2026-07-09T13:21:28.901+00:00,/dev/cu.usbserial-58870137921,"RX,575058,R35,TXJ,N136,33,282281,G,1,0.93,0.90,5,U,-46,10.00"
2026-07-09T13:21:28.998+00:00,/dev/cu.usbserial-58870137921,"RX,575155,R35,TXC,N31,68,282384,E,1,0.87,0.84,5,U,-39,9.75"
2026-07-09T13:21:29.243+00:00,/dev/cu.usbserial-58870137921,"RX,575400,R35,TXA,N01,280,282627,A,1,0.75,0.72,5,F,-36,10.00"
2026-07-09T13:21:29.510+00:00,/dev/cu.usbserial-58870137921,"RX,575667,R35,TXB,N16,139,282893,G,0,0.93,0.90,5,U,-56,9.75"
2026-07-09T13:21:29.994+00:00,/dev/cu.usbserial-58870137921,"RX,576151,R35,TXE,N61,137,283382,C,1,0.81,0.78,5,U,-33,9.75"
2026-07-09T13:21:30.101+00:00,/dev/cu.usbserial-58870137921,"RX,576258,R35,TXI,N121,68,283481,E,1,0.87,0.84,5,U,-55,10.75"
2026-07-09T13:21:30.243+00:00,/dev/cu.usbserial-58870137921,"RX,576400,R35,TXA,N01,281,283627,B,0,0.20,0.18,5,F,-36,9.75"
2026-07-09T13:21:30.388+00:00,/dev/cu.usbserial-58870137921,"RX,576545,R35,TXK,N151,141,283763,C,1,0.81,0.78,5,U,-51,10.25"
2026-07-09T13:21:30.998+00:00,/dev/cu.usbserial-58870137921,"RX,577155,R35,TXC,N31,69,284384,G,0,0.93,0.90,5,U,-39,9.25"
2026-07-09T13:21:31.243+00:00,/dev/cu.usbserial-58870137921,"RX,577400,R35,TXA,N01,282,284627,C,1,0.81,0.78,5,F,-36,9.75"
2026-07-09T13:21:31.510+00:00,/dev/cu.usbserial-58870137921,"RX,577667,R35,TXB,N16,140,284893,A,1,0.75,0.72,5,U,-56,9.75"
2026-07-09T13:21:31.994+00:00,/dev/cu.usbserial-58870137921,"RX,578151,R35,TXE,N61,138,285382,E,1,0.87,0.84,5,U,-33,10.00"
2026-07-09T13:21:32.101+00:00,/dev/cu.usbserial-58870137921,"RX,578258,R35,TXI,N121,69,285481,G,0,0.93,0.90,5,U,-55,9.50"
2026-07-09T13:21:32.244+00:00,/dev/cu.usbserial-58870137921,"RX,578400,R35,TXA,N01,283,285627,D,1,0.24,0.22,5,F,-36,10.00"
2026-07-09T13:21:32.388+00:00,/dev/cu.usbserial-58870137921,"RX,578545,R35,TXK,N151,142,285763,E,0,0.87,0.84,5,U,-51,10.25"
2026-07-09T13:21:33.244+00:00,/dev/cu.usbserial-58870137921,"RX,579400,R35,TXA,N01,284,286627,E,0,0.87,0.84,5,F,-36,10.00"
2026-07-09T13:21:33.511+00:00,/dev/cu.usbserial-58870137921,"RX,579667,R35,TXB,N16,141,286893,C,1,0.81,0.78,5,U,-56,10.50"
2026-07-09T13:21:33.994+00:00,/dev/cu.usbserial-58870137921,"RX,580151,R35,TXE,N61,139,287382,G,0,0.93,0.90,5,U,-33,10.00"
2026-07-09T13:21:34.243+00:00,/dev/cu.usbserial-58870137921,"RX,580400,R35,TXA,N01,285,287627,F,1,0.28,0.26,5,F,-36,9.75"
2026-07-09T13:21:34.354+00:00,/dev/cu.usbserial-58870137921,"RX,580511,R35,TXH,N106,19,287743,G,1,0.93,0.90,5,U,-33,7.75"
2026-07-09T13:21:34.536+00:00,/dev/cu.usbserial-58870137921,"RX,580693,R35,TXL,N166,19,287917,G,1,0.93,0.90,5,U,-42,9.50"
2026-07-09T13:21:34.742+00:00,/dev/cu.usbserial-58870137921,"RX,580899,R35,TXF,N76,70,288131,E,0,0.87,0.84,5,U,-43,10.25"
2026-07-09T13:21:35.047+00:00,/dev/cu.usbserial-58870137921,"RX,581204,R35,TXD,N46,35,288432,G,1,0.93,0.90,5,U,-44,9.75"
2026-07-09T13:21:35.243+00:00,/dev/cu.usbserial-58870137921,"RX,581400,R35,TXA,N01,286,288627,G,1,0.93,0.90,5,F,-36,9.75"
2026-07-09T13:21:35.510+00:00,/dev/cu.usbserial-58870137921,"RX,581667,R35,TXB,N16,142,288893,E,0,0.87,0.84,5,U,-56,9.75"
2026-07-09T13:21:35.691+00:00,/dev/cu.usbserial-58870137921,"RX,581848,R35,TXG,N91,34,289080,G,0,0.93,0.90,5,U,-45,9.75"
2026-07-09T13:21:35.994+00:00,/dev/cu.usbserial-58870137921,"RX,582151,R35,TXE,N61,140,289382,A,1,0.75,0.72,5,U,-33,9.75"
2026-07-09T13:21:36.243+00:00,/dev/cu.usbserial-58870137921,"RX,582400,R35,TXA,N01,287,289627,H,0,0.32,0.30,5,F,-36,9.75"
2026-07-09T13:21:36.388+00:00,/dev/cu.usbserial-58870137921,"RX,582545,R35,TXK,N151,144,289763,A,1,0.75,0.72,5,U,-51,9.75"
2026-07-09T13:21:36.742+00:00,/dev/cu.usbserial-58870137921,"RX,582899,R35,TXF,N76,71,290131,G,1,0.93,0.90,5,U,-43,9.50"
2026-07-09T13:21:36.901+00:00,/dev/cu.usbserial-58870137921,"RX,583058,R35,TXJ,N136,34,290281,G,0,0.93,0.90,5,U,-46,9.75"
2026-07-09T13:21:36.998+00:00,/dev/cu.usbserial-58870137921,"RX,583155,R35,TXC,N31,70,290384,E,0,0.87,0.84,5,U,-39,9.75"
2026-07-09T13:21:37.243+00:00,/dev/cu.usbserial-58870137921,"RX,583400,R35,TXA,N01,288,290627,A,1,0.75,0.72,5,F,-36,10.00"
2026-07-09T13:21:37.510+00:00,/dev/cu.usbserial-58870137921,"RX,583667,R35,TXB,N16,143,290893,G,1,0.93,0.90,5,U,-57,10.00"
2026-07-09T13:21:37.994+00:00,/dev/cu.usbserial-58870137921,"RX,584151,R35,TXE,N61,141,291382,C,1,0.81,0.78,5,U,-34,9.75"
2026-07-09T13:21:38.101+00:00,/dev/cu.usbserial-58870137921,"RX,584258,R35,TXI,N121,70,291481,E,0,0.87,0.84,5,U,-54,10.75"
2026-07-09T13:21:38.243+00:00,/dev/cu.usbserial-58870137921,"RX,584400,R35,TXA,N01,289,291627,B,1,0.20,0.18,5,F,-36,9.75"
2026-07-09T13:21:38.388+00:00,/dev/cu.usbserial-58870137921,"RX,584545,R35,TXK,N151,145,291763,C,0,0.81,0.78,5,U,-51,10.00"
2026-07-09T13:21:38.998+00:00,/dev/cu.usbserial-58870137921,"RX,585155,R35,TXC,N31,71,292384,G,1,0.93,0.90,5,U,-39,10.50"
2026-07-09T13:21:39.243+00:00,/dev/cu.usbserial-58870137921,"RX,585400,R35,TXA,N01,290,292627,C,0,0.81,0.78,5,F,-36,9.75"
2026-07-09T13:21:39.510+00:00,/dev/cu.usbserial-58870137921,"RX,585667,R35,TXB,N16,144,292893,A,1,0.75,0.72,5,U,-56,9.75"
2026-07-09T13:21:39.994+00:00,/dev/cu.usbserial-58870137921,"RX,586151,R35,TXE,N61,142,293382,E,0,0.87,0.84,5,U,-34,9.50"
2026-07-09T13:21:40.101+00:00,/dev/cu.usbserial-58870137921,"RX,586258,R35,TXI,N121,71,293481,G,1,0.93,0.90,5,U,-54,9.50"
2026-07-09T13:21:40.243+00:00,/dev/cu.usbserial-58870137921,"RX,586400,R35,TXA,N01,291,293627,D,1,0.24,0.22,5,F,-36,9.75"
2026-07-09T13:21:40.388+00:00,/dev/cu.usbserial-58870137921,"RX,586545,R35,TXK,N151,146,293763,E,1,0.87,0.84,5,U,-51,10.25"
2026-07-09T13:21:41.244+00:00,/dev/cu.usbserial-58870137921,"RX,587400,R35,TXA,N01,292,294627,E,1,0.87,0.84,5,F,-36,9.75"
2026-07-09T13:21:41.510+00:00,/dev/cu.usbserial-58870137921,"RX,587667,R35,TXB,N16,145,294893,C,0,0.81,0.78,5,U,-56,9.75"
2026-07-09T13:21:41.994+00:00,/dev/cu.usbserial-58870137921,"RX,588151,R35,TXE,N61,143,295382,G,1,0.93,0.90,5,U,-34,9.75"
2026-07-09T13:21:42.243+00:00,/dev/cu.usbserial-58870137921,"RX,588400,R35,TXA,N01,293,295627,F,0,0.28,0.26,5,F,-36,9.75"
2026-07-09T13:21:42.388+00:00,/dev/cu.usbserial-58870137921,"RX,588545,R35,TXK,N151,147,295763,G,1,0.93,0.90,5,U,-51,10.50"
2026-07-09T13:21:42.742+00:00,/dev/cu.usbserial-58870137921,"RX,588899,R35,TXF,N76,72,296131,E,1,0.87,0.84,5,U,-44,9.25"
2026-07-09T13:21:43.047+00:00,/dev/cu.usbserial-58870137921,"RX,589204,R35,TXD,N46,36,296432,G,1,0.93,0.90,5,U,-44,9.75"
2026-07-09T13:21:43.243+00:00,/dev/cu.usbserial-58870137921,"RX,589400,R35,TXA,N01,294,296627,G,1,0.93,0.90,5,F,-36,10.00"
2026-07-09T13:21:43.510+00:00,/dev/cu.usbserial-58870137921,"RX,589667,R35,TXB,N16,146,296893,E,1,0.87,0.84,5,U,-56,9.50"
2026-07-09T13:21:43.691+00:00,/dev/cu.usbserial-58870137921,"RX,589848,R35,TXG,N91,35,297080,G,1,0.93,0.90,5,U,-46,9.50"
2026-07-09T13:21:43.994+00:00,/dev/cu.usbserial-58870137921,"RX,590151,R35,TXE,N61,144,297382,A,1,0.75,0.72,5,U,-33,10.00"
2026-07-09T13:21:44.243+00:00,/dev/cu.usbserial-58870137921,"RX,590400,R35,TXA,N01,295,297627,H,1,0.32,0.30,5,F,-36,10.25"
2026-07-09T13:21:44.388+00:00,/dev/cu.usbserial-58870137921,"RX,590545,R35,TXK,N151,148,297763,A,0,0.75,0.72,5,U,-51,9.75"
2026-07-09T13:21:44.742+00:00,/dev/cu.usbserial-58870137921,"RX,590899,R35,TXF,N76,73,298131,G,1,0.93,0.90,5,U,-43,9.25"
2026-07-09T13:21:44.901+00:00,/dev/cu.usbserial-58870137921,"RX,591058,R35,TXJ,N136,35,298281,G,1,0.93,0.90,5,U,-46,9.50"
2026-07-09T13:21:44.998+00:00,/dev/cu.usbserial-58870137921,"RX,591155,R35,TXC,N31,72,298384,E,1,0.87,0.84,5,U,-39,10.00"
2026-07-09T13:21:45.244+00:00,/dev/cu.usbserial-58870137921,"RX,591400,R35,TXA,N01,296,298627,A,0,0.75,0.72,5,F,-36,10.00"
2026-07-09T13:21:45.510+00:00,/dev/cu.usbserial-58870137921,"RX,591667,R35,TXB,N16,147,298893,G,1,0.93,0.90,5,U,-56,10.00"
2026-07-09T13:21:45.994+00:00,/dev/cu.usbserial-58870137921,"RX,592151,R35,TXE,N61,145,299382,C,0,0.81,0.78,5,U,-33,9.50"
2026-07-09T13:21:46.101+00:00,/dev/cu.usbserial-58870137921,"RX,592257,R35,TXI,N121,72,299481,E,1,0.87,0.84,5,U,-54,10.00"
2026-07-09T13:21:46.243+00:00,/dev/cu.usbserial-58870137921,"RX,592400,R35,TXA,N01,297,299627,B,1,0.20,0.18,5,F,-36,9.75"
2026-07-09T13:21:46.388+00:00,/dev/cu.usbserial-58870137921,"RX,592545,R35,TXK,N151,149,299763,C,1,0.81,0.78,5,U,-52,10.00"
2026-07-09T13:21:46.998+00:00,/dev/cu.usbserial-58870137921,"RX,593155,R35,TXC,N31,73,300384,G,1,0.93,0.90,5,U,-39,9.75"
2026-07-09T13:21:47.243+00:00,/dev/cu.usbserial-58870137921,"RX,593400,R35,TXA,N01,298,300627,C,1,0.81,0.78,5,F,-36,9.75"
2026-07-09T13:21:47.510+00:00,/dev/cu.usbserial-58870137921,"RX,593667,R35,TXB,N16,148,300893,A,0,0.75,0.72,5,U,-56,10.00"
2026-07-09T13:21:47.994+00:00,/dev/cu.usbserial-58870137921,"RX,594151,R35,TXE,N61,146,301382,E,1,0.87,0.84,5,U,-33,9.75"
2026-07-09T13:21:48.101+00:00,/dev/cu.usbserial-58870137921,"RX,594257,R35,TXI,N121,73,301481,G,1,0.93,0.90,5,U,-54,9.50"
2026-07-09T13:21:48.243+00:00,/dev/cu.usbserial-58870137921,"RX,594400,R35,TXA,N01,299,301627,D,0,0.24,0.22,5,F,-36,10.00"
2026-07-09T13:21:48.388+00:00,/dev/cu.usbserial-58870137921,"RX,594545,R35,TXK,N151,150,301763,E,1,0.87,0.84,5,U,-50,10.00"
2026-07-09T13:21:49.243+00:00,/dev/cu.usbserial-58870137921,"RX,595400,R35,TXA,N01,300,302627,E,1,0.87,0.84,5,F,-36,9.50"
2026-07-09T13:21:49.510+00:00,/dev/cu.usbserial-58870137921,"RX,595667,R35,TXB,N16,149,302893,C,1,0.81,0.78,5,U,-56,9.50"
2026-07-09T13:21:49.994+00:00,/dev/cu.usbserial-58870137921,"RX,596151,R35,TXE,N61,147,303382,G,1,0.93,0.90,5,U,-33,10.25"
2026-07-09T13:21:50.244+00:00,/dev/cu.usbserial-58870137921,"RX,596400,R35,TXA,N01,301,303627,F,1,0.28,0.26,5,F,-36,10.00"
2026-07-09T13:21:50.388+00:00,/dev/cu.usbserial-58870137921,"RX,596545,R35,TXK,N151,151,303763,G,0,0.93,0.90,5,U,-51,10.25"
2026-07-09T13:21:50.741+00:00,/dev/cu.usbserial-58870137921,"RX,596899,R35,TXF,N76,74,304131,E,1,0.87,0.84,5,U,-43,9.50"
2026-07-09T13:21:51.047+00:00,/dev/cu.usbserial-58870137921,"RX,597204,R35,TXD,N46,37,304432,G,0,0.93,0.90,5,U,-44,9.75"
2026-07-09T13:21:51.243+00:00,/dev/cu.usbserial-58870137921,"RX,597400,R35,TXA,N01,302,304627,G,0,0.93,0.90,5,F,-36,10.00"
2026-07-09T13:21:51.510+00:00,/dev/cu.usbserial-58870137921,"RX,597667,R35,TXB,N16,150,304893,E,1,0.87,0.84,5,U,-56,10.25"
2026-07-09T13:21:51.691+00:00,/dev/cu.usbserial-58870137921,"RX,597848,R35,TXG,N91,36,305080,G,1,0.93,0.90,5,U,-46,9.75"
2026-07-09T13:21:51.994+00:00,/dev/cu.usbserial-58870137921,"RX,598151,R35,TXE,N61,148,305382,A,0,0.75,0.72,5,U,-34,9.25"
2026-07-09T13:21:52.243+00:00,/dev/cu.usbserial-58870137921,"RX,598400,R35,TXA,N01,303,305627,H,1,0.32,0.30,5,F,-36,10.25"
2026-07-09T13:21:52.388+00:00,/dev/cu.usbserial-58870137921,"RX,598545,R35,TXK,N151,152,305763,A,1,0.75,0.72,5,U,-51,10.00"
2026-07-09T13:21:52.741+00:00,/dev/cu.usbserial-58870137921,"RX,598898,R35,TXF,N76,75,306131,G,0,0.93,0.90,5,U,-43,9.50"
2026-07-09T13:21:52.901+00:00,/dev/cu.usbserial-58870137921,"RX,599058,R35,TXJ,N136,36,306281,G,1,0.93,0.90,5,U,-46,9.75"
2026-07-09T13:21:52.998+00:00,/dev/cu.usbserial-58870137921,"RX,599155,R35,TXC,N31,74,306384,E,1,0.87,0.84,5,U,-39,9.50"
2026-07-09T13:21:53.243+00:00,/dev/cu.usbserial-58870137921,"RX,599400,R35,TXA,N01,304,306627,A,1,0.75,0.72,5,F,-36,9.50"
2026-07-09T13:21:53.510+00:00,/dev/cu.usbserial-58870137921,"RX,599667,R35,TXB,N16,151,306893,G,0,0.93,0.90,5,U,-56,10.00"
2026-07-09T13:21:53.994+00:00,/dev/cu.usbserial-58870137921,"RX,600151,R35,TXE,N61,149,307382,C,1,0.81,0.78,5,U,-33,9.75"
2026-07-09T13:21:54.101+00:00,/dev/cu.usbserial-58870137921,"RX,600257,R35,TXI,N121,74,307481,E,1,0.87,0.84,5,U,-55,10.00"
2026-07-09T13:21:54.243+00:00,/dev/cu.usbserial-58870137921,"RX,600400,R35,TXA,N01,305,307627,B,0,0.20,0.18,5,F,-36,10.00"
2026-07-09T13:21:54.998+00:00,/dev/cu.usbserial-58870137921,"RX,601155,R35,TXC,N31,75,308384,G,0,0.93,0.90,5,U,-39,9.50"
2026-07-09T13:21:55.243+00:00,/dev/cu.usbserial-58870137921,"RX,601400,R35,TXA,N01,306,308627,C,1,0.81,0.78,5,F,-36,12.25"
2026-07-09T13:21:55.510+00:00,/dev/cu.usbserial-58870137921,"RX,601667,R35,TXB,N16,152,308893,A,1,0.75,0.72,5,U,-56,10.00"
2026-07-09T13:21:55.994+00:00,/dev/cu.usbserial-58870137921,"RX,602151,R35,TXE,N61,150,309382,E,1,0.87,0.84,5,U,-33,9.25"
2026-07-09T13:21:56.101+00:00,/dev/cu.usbserial-58870137921,"RX,602257,R35,TXI,N121,75,309481,G,0,0.93,0.90,5,U,-55,9.75"
2026-07-09T13:21:56.243+00:00,/dev/cu.usbserial-58870137921,"RX,602400,R35,TXA,N01,307,309627,D,1,0.24,0.22,5,F,-36,9.25"
2026-07-09T13:21:56.388+00:00,/dev/cu.usbserial-58870137921,"RX,602545,R35,TXK,N151,154,309763,E,0,0.87,0.84,5,U,-51,9.75"
2026-07-09T13:21:57.243+00:00,/dev/cu.usbserial-58870137921,"RX,603400,R35,TXA,N01,308,310627,E,0,0.87,0.84,5,F,-36,10.00"
2026-07-09T13:21:57.510+00:00,/dev/cu.usbserial-58870137921,"RX,603667,R35,TXB,N16,153,310893,C,1,0.81,0.78,5,U,-56,10.00"
2026-07-09T13:21:57.994+00:00,/dev/cu.usbserial-58870137921,"RX,604151,R35,TXE,N61,151,311382,G,0,0.93,0.90,5,U,-33,9.50"
2026-07-09T13:21:58.243+00:00,/dev/cu.usbserial-58870137921,"RX,604400,R35,TXA,N01,309,311627,F,1,0.28,0.26,5,F,-35,10.25"
2026-07-09T13:21:58.387+00:00,/dev/cu.usbserial-58870137921,"RX,604545,R35,TXK,N151,155,311763,G,1,0.93,0.90,5,U,-51,10.00"
2026-07-09T13:21:58.741+00:00,/dev/cu.usbserial-58870137921,"RX,604898,R35,TXF,N76,76,312131,E,0,0.87,0.84,5,U,-43,9.50"
2026-07-09T13:21:59.047+00:00,/dev/cu.usbserial-58870137921,"RX,605204,R35,TXD,N46,38,312432,G,1,0.93,0.90,5,U,-44,9.50"
2026-07-09T13:21:59.243+00:00,/dev/cu.usbserial-58870137921,"RX,605400,R35,TXA,N01,310,312627,G,1,0.93,0.90,5,F,-36,10.50"
2026-07-09T13:21:59.510+00:00,/dev/cu.usbserial-58870137921,"RX,605667,R35,TXB,N16,154,312893,E,0,0.87,0.84,5,U,-57,9.50"
2026-07-09T13:21:59.691+00:00,/dev/cu.usbserial-58870137921,"RX,605848,R35,TXG,N91,37,313080,G,0,0.93,0.90,5,U,-45,9.50"
2026-07-09T13:21:59.993+00:00,/dev/cu.usbserial-58870137921,"RX,606151,R35,TXE,N61,152,313382,A,1,0.75,0.72,5,U,-33,9.75"
2026-07-09T13:22:00.243+00:00,/dev/cu.usbserial-58870137921,"RX,606400,R35,TXA,N01,311,313627,H,0,0.32,0.30,5,F,-36,9.75"
2026-07-09T13:22:00.387+00:00,/dev/cu.usbserial-58870137921,"RX,606545,R35,TXK,N151,156,313763,A,1,0.75,0.72,5,U,-52,10.25"
2026-07-09T13:22:00.741+00:00,/dev/cu.usbserial-58870137921,"RX,606898,R35,TXF,N76,77,314131,G,1,0.93,0.90,5,U,-43,9.50"
2026-07-09T13:22:00.900+00:00,/dev/cu.usbserial-58870137921,"RX,607058,R35,TXJ,N136,37,314281,G,0,0.93,0.90,5,U,-46,9.75"
2026-07-09T13:22:00.997+00:00,/dev/cu.usbserial-58870137921,"RX,607155,R35,TXC,N31,76,314384,E,0,0.87,0.84,5,U,-39,9.75"
2026-07-09T13:22:01.243+00:00,/dev/cu.usbserial-58870137921,"RX,607400,R35,TXA,N01,312,314627,A,1,0.75,0.72,5,F,-36,10.25"
2026-07-09T13:22:01.510+00:00,/dev/cu.usbserial-58870137921,"RX,607667,R35,TXB,N16,155,314893,G,1,0.93,0.90,5,U,-56,10.00"
2026-07-09T13:22:01.993+00:00,/dev/cu.usbserial-58870137921,"RX,608151,R35,TXE,N61,153,315382,C,1,0.81,0.78,5,U,-33,10.00"
2026-07-09T13:22:02.100+00:00,/dev/cu.usbserial-58870137921,"RX,608257,R35,TXI,N121,76,315481,E,0,0.87,0.84,5,U,-55,9.50"
2026-07-09T13:22:02.243+00:00,/dev/cu.usbserial-58870137921,"RX,608400,R35,TXA,N01,313,315627,B,1,0.20,0.18,5,F,-36,9.50"
2026-07-09T13:22:02.387+00:00,/dev/cu.usbserial-58870137921,"RX,608545,R35,TXK,N151,157,315763,C,0,0.81,0.78,5,U,-51,10.00"
2026-07-09T13:22:02.997+00:00,/dev/cu.usbserial-58870137921,"RX,609155,R35,TXC,N31,77,316384,G,1,0.93,0.90,5,U,-39,10.00"
2026-07-09T13:22:03.243+00:00,/dev/cu.usbserial-58870137921,"RX,609400,R35,TXA,N01,314,316627,C,0,0.81,0.78,5,F,-36,9.75"
2026-07-09T13:22:03.510+00:00,/dev/cu.usbserial-58870137921,"RX,609667,R35,TXB,N16,156,316893,A,1,0.75,0.72,5,U,-57,10.00"
2026-07-09T13:22:03.993+00:00,/dev/cu.usbserial-58870137921,"RX,610151,R35,TXE,N61,154,317382,E,0,0.87,0.84,5,U,-33,9.75"
2026-07-09T13:22:04.100+00:00,/dev/cu.usbserial-58870137921,"RX,610257,R35,TXI,N121,77,317481,G,1,0.93,0.90,5,U,-55,9.75"
2026-07-09T13:22:04.250+00:00,/dev/cu.usbserial-58870137921,"RX,610400,R35,TXA,N01,315,317627,D,1,0.24,0.22,5,F,-36,10.00"
2026-07-09T13:22:04.387+00:00,/dev/cu.usbserial-58870137921,"RX,610545,R35,TXK,N151,158,317763,E,1,0.87,0.84,5,U,-51,10.00"
2026-07-09T13:22:05.243+00:00,/dev/cu.usbserial-58870137921,"RX,611400,R35,TXA,N01,316,318627,E,1,0.87,0.84,5,F,-36,9.75"
2026-07-09T13:22:05.510+00:00,/dev/cu.usbserial-58870137921,"RX,611667,R35,TXB,N16,157,318893,C,0,0.81,0.78,5,U,-56,10.00"
2026-07-09T13:22:05.993+00:00,/dev/cu.usbserial-58870137921,"RX,612151,R35,TXE,N61,155,319382,G,1,0.93,0.90,5,U,-34,9.75"
2026-07-09T13:22:06.243+00:00,/dev/cu.usbserial-58870137921,"RX,612400,R35,TXA,N01,317,319627,F,0,0.28,0.26,5,F,-36,9.50"
2026-07-09T13:22:06.387+00:00,/dev/cu.usbserial-58870137921,"RX,612545,R35,TXK,N151,159,319763,G,1,0.93,0.90,5,U,-51,9.75"
2026-07-09T13:22:06.741+00:00,/dev/cu.usbserial-58870137921,"RX,612898,R35,TXF,N76,78,320131,E,1,0.87,0.84,5,U,-43,9.25"
2026-07-09T13:22:07.047+00:00,/dev/cu.usbserial-58870137921,"RX,613204,R35,TXD,N46,39,320432,G,1,0.93,0.90,5,U,-45,9.50"
2026-07-09T13:22:07.243+00:00,/dev/cu.usbserial-58870137921,"RX,613400,R35,TXA,N01,318,320627,G,1,0.93,0.90,5,F,-36,10.00"
2026-07-09T13:22:07.510+00:00,/dev/cu.usbserial-58870137921,"RX,613667,R35,TXB,N16,158,320893,E,1,0.87,0.84,5,U,-56,9.75"
2026-07-09T13:22:07.691+00:00,/dev/cu.usbserial-58870137921,"RX,613848,R35,TXG,N91,38,321080,G,1,0.93,0.90,5,U,-46,9.75"
2026-07-09T13:22:07.993+00:00,/dev/cu.usbserial-58870137921,"RX,614151,R35,TXE,N61,156,321382,A,1,0.75,0.72,5,U,-33,9.75"
2026-07-09T13:22:08.243+00:00,/dev/cu.usbserial-58870137921,"RX,614400,R35,TXA,N01,319,321627,H,1,0.32,0.30,5,F,-36,9.75"
2026-07-09T13:22:08.387+00:00,/dev/cu.usbserial-58870137921,"RX,614545,R35,TXK,N151,160,321763,A,1,0.75,0.72,5,U,-51,9.50"
2026-07-09T13:22:08.741+00:00,/dev/cu.usbserial-58870137921,"RX,614898,R35,TXF,N76,79,322131,G,1,0.93,0.90,5,U,-43,10.00"
2026-07-09T13:22:08.900+00:00,/dev/cu.usbserial-58870137921,"RX,615058,R35,TXJ,N136,38,322281,G,1,0.93,0.90,5,U,-46,9.25"
2026-07-09T13:22:08.997+00:00,/dev/cu.usbserial-58870137921,"RX,615155,R35,TXC,N31,78,322384,E,1,0.87,0.84,5,U,-39,9.75"
2026-07-09T13:22:09.243+00:00,/dev/cu.usbserial-58870137921,"RX,615400,R35,TXA,N01,320,322627,A,1,0.75,0.72,5,F,-36,10.25"
2026-07-09T13:22:09.510+00:00,/dev/cu.usbserial-58870137921,"RX,615667,R35,TXB,N16,159,322893,G,1,0.93,0.90,5,U,-56,10.00"
2026-07-09T13:22:09.993+00:00,/dev/cu.usbserial-58870137921,"RX,616151,R35,TXE,N61,157,323382,C,0,0.81,0.78,5,U,-33,9.75"
2026-07-09T13:22:10.100+00:00,/dev/cu.usbserial-58870137921,"RX,616257,R35,TXI,N121,78,323481,E,1,0.87,0.84,5,U,-54,10.00"
2026-07-09T13:22:10.243+00:00,/dev/cu.usbserial-58870137921,"RX,616400,R35,TXA,N01,321,323627,B,0,0.20,0.18,5,F,-36,9.75"
2026-07-09T13:22:10.387+00:00,/dev/cu.usbserial-58870137921,"RX,616545,R35,TXK,N151,161,323763,C,1,0.81,0.78,5,U,-51,9.75"
2026-07-09T13:22:10.997+00:00,/dev/cu.usbserial-58870137921,"RX,617155,R35,TXC,N31,79,324384,G,1,0.93,0.90,5,U,-39,9.25"
2026-07-09T13:22:11.243+00:00,/dev/cu.usbserial-58870137921,"RX,617400,R35,TXA,N01,322,324627,C,1,0.81,0.78,5,F,-36,10.00"
2026-07-09T13:22:11.510+00:00,/dev/cu.usbserial-58870137921,"RX,617667,R35,TXB,N16,160,324893,A,1,0.75,0.72,5,U,-56,10.50"
2026-07-09T13:22:11.993+00:00,/dev/cu.usbserial-58870137921,"RX,618151,R35,TXE,N61,158,325382,E,1,0.87,0.84,5,U,-33,9.75"
2026-07-09T13:22:12.100+00:00,/dev/cu.usbserial-58870137921,"RX,618257,R35,TXI,N121,79,325481,G,1,0.93,0.90,5,U,-54,10.25"
2026-07-09T13:22:12.243+00:00,/dev/cu.usbserial-58870137921,"RX,618400,R35,TXA,N01,323,325627,D,1,0.24,0.22,5,F,-36,10.00"
2026-07-09T13:22:12.388+00:00,/dev/cu.usbserial-58870137921,"RX,618545,R35,TXK,N151,162,325763,E,0,0.87,0.84,5,U,-51,9.75"
2026-07-09T13:22:13.243+00:00,/dev/cu.usbserial-58870137921,"RX,619400,R35,TXA,N01,324,326627,E,0,0.87,0.84,5,F,-36,9.50"
2026-07-09T13:22:13.510+00:00,/dev/cu.usbserial-58870137921,"RX,619667,R35,TXB,N16,161,326893,C,1,0.81,0.78,5,U,-57,10.00"
2026-07-09T13:22:13.994+00:00,/dev/cu.usbserial-58870137921,"RX,620151,R35,TXE,N61,159,327382,G,1,0.93,0.90,5,U,-33,9.50"
2026-07-09T13:22:14.243+00:00,/dev/cu.usbserial-58870137921,"RX,620400,R35,TXA,N01,325,327627,F,1,0.28,0.26,5,F,-36,10.00"
2026-07-09T13:22:14.354+00:00,/dev/cu.usbserial-58870137921,"RX,620511,R35,TXH,N106,20,327743,G,1,0.93,0.90,5,U,-33,7.75"
2026-07-09T13:22:14.536+00:00,/dev/cu.usbserial-58870137921,"RX,620693,R35,TXL,N166,20,327917,G,1,0.93,0.90,5,U,-43,9.00"
2026-07-09T13:22:14.741+00:00,/dev/cu.usbserial-58870137921,"RX,620898,R35,TXF,N76,80,328131,E,0,0.87,0.84,5,U,-43,9.75"
2026-07-09T13:22:15.047+00:00,/dev/cu.usbserial-58870137921,"RX,621204,R35,TXD,N46,40,328432,G,1,0.93,0.90,5,U,-44,10.00"
2026-07-09T13:22:15.243+00:00,/dev/cu.usbserial-58870137921,"RX,621400,R35,TXA,N01,326,328627,G,1,0.93,0.90,5,F,-36,9.50"
2026-07-09T13:22:15.510+00:00,/dev/cu.usbserial-58870137921,"RX,621667,R35,TXB,N16,162,328893,E,0,0.87,0.84,5,U,-56,9.75"
2026-07-09T13:22:15.691+00:00,/dev/cu.usbserial-58870137921,"RX,621848,R35,TXG,N91,39,329080,G,1,0.93,0.90,5,U,-45,9.75"
2026-07-09T13:22:15.993+00:00,/dev/cu.usbserial-58870137921,"RX,622151,R35,TXE,N61,160,329382,A,1,0.75,0.72,5,U,-33,9.25"
2026-07-09T13:22:16.243+00:00,/dev/cu.usbserial-58870137921,"RX,622400,R35,TXA,N01,327,329627,H,0,0.32,0.30,5,F,-36,10.25"
2026-07-09T13:22:16.388+00:00,/dev/cu.usbserial-58870137921,"RX,622545,R35,TXK,N151,164,329763,A,1,0.75,0.72,5,U,-52,9.75"
2026-07-09T13:22:16.741+00:00,/dev/cu.usbserial-58870137921,"RX,622898,R35,TXF,N76,81,330131,G,1,0.93,0.90,5,U,-43,9.75"
2026-07-09T13:22:16.901+00:00,/dev/cu.usbserial-58870137921,"RX,623058,R35,TXJ,N136,39,330281,G,1,0.93,0.90,5,U,-46,9.25"
2026-07-09T13:22:16.998+00:00,/dev/cu.usbserial-58870137921,"RX,623155,R35,TXC,N31,80,330384,E,0,0.87,0.84,5,U,-39,9.75"
2026-07-09T13:22:17.243+00:00,/dev/cu.usbserial-58870137921,"RX,623400,R35,TXA,N01,328,330627,A,1,0.75,0.72,5,F,-36,10.25"
2026-07-09T13:22:17.510+00:00,/dev/cu.usbserial-58870137921,"RX,623667,R35,TXB,N16,163,330893,G,1,0.93,0.90,5,U,-56,9.75"
2026-07-09T13:22:17.993+00:00,/dev/cu.usbserial-58870137921,"RX,624151,R35,TXE,N61,161,331382,C,1,0.81,0.78,5,U,-33,10.00"
2026-07-09T13:22:18.100+00:00,/dev/cu.usbserial-58870137921,"RX,624257,R35,TXI,N121,80,331481,E,0,0.87,0.84,5,U,-54,10.00"
2026-07-09T13:22:18.243+00:00,/dev/cu.usbserial-58870137921,"RX,624400,R35,TXA,N01,329,331627,B,1,0.20,0.18,5,F,-36,9.75"
2026-07-09T13:22:18.388+00:00,/dev/cu.usbserial-58870137921,"RX,624545,R35,TXK,N151,165,331763,C,0,0.81,0.78,5,U,-51,9.75"
2026-07-09T13:22:18.998+00:00,/dev/cu.usbserial-58870137921,"RX,625155,R35,TXC,N31,81,332384,G,1,0.93,0.90,5,U,-39,9.75"
2026-07-09T13:22:19.243+00:00,/dev/cu.usbserial-58870137921,"RX,625400,R35,TXA,N01,330,332627,C,0,0.81,0.78,5,F,-34,10.00"
2026-07-09T13:22:19.510+00:00,/dev/cu.usbserial-58870137921,"RX,625667,R35,TXB,N16,164,332893,A,1,0.75,0.72,5,U,-56,10.00"
2026-07-09T13:22:19.994+00:00,/dev/cu.usbserial-58870137921,"RX,626151,R35,TXE,N61,162,333382,E,0,0.87,0.84,5,U,-33,10.00"
2026-07-09T13:22:20.100+00:00,/dev/cu.usbserial-58870137921,"RX,626257,R35,TXI,N121,81,333481,G,1,0.93,0.90,5,U,-54,9.75"
2026-07-09T13:22:20.243+00:00,/dev/cu.usbserial-58870137921,"RX,626400,R35,TXA,N01,331,333627,D,1,0.24,0.22,5,F,-36,10.00"
2026-07-09T13:22:20.388+00:00,/dev/cu.usbserial-58870137921,"RX,626545,R35,TXK,N151,166,333763,E,1,0.87,0.84,5,U,-51,10.25"
2026-07-09T13:22:21.243+00:00,/dev/cu.usbserial-58870137921,"RX,627400,R35,TXA,N01,332,334627,E,1,0.87,0.84,5,F,-36,10.00"
2026-07-09T13:22:21.510+00:00,/dev/cu.usbserial-58870137921,"RX,627667,R35,TXB,N16,165,334893,C,0,0.81,0.78,5,U,-57,9.75"
2026-07-09T13:22:21.993+00:00,/dev/cu.usbserial-58870137921,"RX,628151,R35,TXE,N61,163,335382,G,1,0.93,0.90,5,U,-33,9.75"
2026-07-09T13:22:22.243+00:00,/dev/cu.usbserial-58870137921,"RX,628400,R35,TXA,N01,333,335627,F,0,0.28,0.26,5,F,-36,9.75"
2026-07-09T13:22:22.354+00:00,/dev/cu.usbserial-58870137921,"RX,628511,R35,TXH,N106,21,335743,G,1,0.93,0.90,5,U,-33,7.50"
2026-07-09T13:22:22.536+00:00,/dev/cu.usbserial-58870137921,"RX,628693,R35,TXL,N166,21,335917,G,1,0.93,0.90,5,U,-43,9.25"
2026-07-09T13:22:22.741+00:00,/dev/cu.usbserial-58870137921,"RX,628898,R35,TXF,N76,82,336131,E,1,0.87,0.84,5,U,-44,9.75"
2026-07-09T13:22:23.047+00:00,/dev/cu.usbserial-58870137921,"RX,629204,R35,TXD,N46,41,336432,G,1,0.93,0.90,5,U,-45,10.00"
2026-07-09T13:22:23.243+00:00,/dev/cu.usbserial-58870137921,"RX,629400,R35,TXA,N01,334,336627,G,1,0.93,0.90,5,F,-36,10.50"
2026-07-09T13:22:23.510+00:00,/dev/cu.usbserial-58870137921,"RX,629667,R35,TXB,N16,166,336893,E,1,0.87,0.84,5,U,-57,9.50"
2026-07-09T13:22:23.691+00:00,/dev/cu.usbserial-58870137921,"RX,629848,R35,TXG,N91,40,337080,G,1,0.93,0.90,5,U,-45,10.00"
2026-07-09T13:22:23.993+00:00,/dev/cu.usbserial-58870137921,"RX,630151,R35,TXE,N61,164,337382,A,1,0.75,0.72,5,U,-33,9.50"
2026-07-09T13:22:24.243+00:00,/dev/cu.usbserial-58870137921,"RX,630400,R35,TXA,N01,335,337627,H,1,0.32,0.30,5,F,-36,9.75"
2026-07-09T13:22:24.388+00:00,/dev/cu.usbserial-58870137921,"RX,630544,R35,TXK,N151,168,337763,A,0,0.75,0.72,5,U,-51,10.00"
2026-07-09T13:22:24.741+00:00,/dev/cu.usbserial-58870137921,"RX,630898,R35,TXF,N76,83,338131,G,1,0.93,0.90,5,U,-44,9.50"
2026-07-09T13:22:24.901+00:00,/dev/cu.usbserial-58870137921,"RX,631058,R35,TXJ,N136,40,338281,G,1,0.93,0.90,5,U,-46,9.75"
2026-07-09T13:22:24.997+00:00,/dev/cu.usbserial-58870137921,"RX,631155,R35,TXC,N31,82,338384,E,1,0.87,0.84,5,U,-39,10.00"
2026-07-09T13:22:25.243+00:00,/dev/cu.usbserial-58870137921,"RX,631400,R35,TXA,N01,336,338627,A,0,0.75,0.72,5,F,-36,9.50"
2026-07-09T13:22:25.510+00:00,/dev/cu.usbserial-58870137921,"RX,631667,R35,TXB,N16,167,338893,G,1,0.93,0.90,5,U,-56,10.00"
2026-07-09T13:22:25.993+00:00,/dev/cu.usbserial-58870137921,"RX,632151,R35,TXE,N61,165,339382,C,0,0.81,0.78,5,U,-33,9.25"
2026-07-09T13:22:26.100+00:00,/dev/cu.usbserial-58870137921,"RX,632257,R35,TXI,N121,82,339481,E,1,0.87,0.84,5,U,-54,10.00"
2026-07-09T13:22:26.243+00:00,/dev/cu.usbserial-58870137921,"RX,632400,R35,TXA,N01,337,339627,B,1,0.20,0.18,5,F,-36,9.50"
2026-07-09T13:22:26.388+00:00,/dev/cu.usbserial-58870137921,"RX,632544,R35,TXK,N151,169,339763,C,1,0.81,0.78,5,U,-51,10.50"
2026-07-09T13:22:26.997+00:00,/dev/cu.usbserial-58870137921,"RX,633155,R35,TXC,N31,83,340384,G,1,0.93,0.90,5,U,-39,9.50"
2026-07-09T13:22:27.243+00:00,/dev/cu.usbserial-58870137921,"RX,633400,R35,TXA,N01,338,340627,C,1,0.81,0.78,5,F,-36,10.25"
2026-07-09T13:22:27.510+00:00,/dev/cu.usbserial-58870137921,"RX,633667,R35,TXB,N16,168,340893,A,0,0.75,0.72,5,U,-57,9.75"
2026-07-09T13:22:27.993+00:00,/dev/cu.usbserial-58870137921,"RX,634151,R35,TXE,N61,166,341382,E,1,0.87,0.84,5,U,-33,9.75"
2026-07-09T13:22:28.100+00:00,/dev/cu.usbserial-58870137921,"RX,634257,R35,TXI,N121,83,341481,G,1,0.93,0.90,5,U,-54,9.75"
2026-07-09T13:22:28.243+00:00,/dev/cu.usbserial-58870137921,"RX,634400,R35,TXA,N01,339,341627,D,0,0.24,0.22,5,F,-36,9.75"
2026-07-09T13:22:28.387+00:00,/dev/cu.usbserial-58870137921,"RX,634544,R35,TXK,N151,170,341763,E,1,0.87,0.84,5,U,-51,9.75"
2026-07-09T13:22:29.243+00:00,/dev/cu.usbserial-58870137921,"RX,635400,R35,TXA,N01,340,342627,E,1,0.87,0.84,5,F,-35,9.50"
2026-07-09T13:22:29.510+00:00,/dev/cu.usbserial-58870137921,"RX,635667,R35,TXB,N16,169,342893,C,1,0.81,0.78,5,U,-57,9.50"
2026-07-09T13:22:29.993+00:00,/dev/cu.usbserial-58870137921,"RX,636150,R35,TXE,N61,167,343382,G,1,0.93,0.90,5,U,-33,9.50"
2026-07-09T13:22:30.243+00:00,/dev/cu.usbserial-58870137921,"RX,636400,R35,TXA,N01,341,343627,F,1,0.28,0.26,5,F,-36,10.00"
2026-07-09T13:22:30.354+00:00,/dev/cu.usbserial-58870137921,"RX,636511,R35,TXH,N106,22,343743,G,0,0.93,0.90,5,U,-33,7.50"
2026-07-09T13:22:30.535+00:00,/dev/cu.usbserial-58870137921,"RX,636693,R35,TXL,N166,22,343917,G,0,0.93,0.90,5,U,-42,9.50"
2026-07-09T13:22:30.741+00:00,/dev/cu.usbserial-58870137921,"RX,636898,R35,TXF,N76,84,344131,E,1,0.87,0.84,5,U,-44,9.50"
2026-07-09T13:22:31.047+00:00,/dev/cu.usbserial-58870137921,"RX,637204,R35,TXD,N46,42,344432,G,0,0.93,0.90,5,U,-45,9.50"
2026-07-09T13:22:31.243+00:00,/dev/cu.usbserial-58870137921,"RX,637400,R35,TXA,N01,342,344627,G,0,0.93,0.90,5,F,-36,9.00"
2026-07-09T13:22:31.510+00:00,/dev/cu.usbserial-58870137921,"RX,637667,R35,TXB,N16,170,344893,E,1,0.87,0.84,5,U,-57,9.75"
2026-07-09T13:22:31.691+00:00,/dev/cu.usbserial-58870137921,"RX,637848,R35,TXG,N91,41,345080,G,1,0.93,0.90,5,U,-45,10.00"
2026-07-09T13:22:31.993+00:00,/dev/cu.usbserial-58870137921,"RX,638150,R35,TXE,N61,168,345382,A,0,0.75,0.72,5,U,-34,9.50"
2026-07-09T13:22:32.243+00:00,/dev/cu.usbserial-58870137921,"RX,638400,R35,TXA,N01,343,345627,H,1,0.32,0.30,5,F,-36,10.00"
2026-07-09T13:22:32.387+00:00,/dev/cu.usbserial-58870137921,"RX,638544,R35,TXK,N151,172,345763,A,1,0.75,0.72,5,U,-51,10.00"
2026-07-09T13:22:32.741+00:00,/dev/cu.usbserial-58870137921,"RX,638898,R35,TXF,N76,85,346131,G,0,0.93,0.90,5,U,-44,9.50"
2026-07-09T13:22:32.901+00:00,/dev/cu.usbserial-58870137921,"RX,639058,R35,TXJ,N136,41,346281,G,1,0.93,0.90,5,U,-46,9.50"
2026-07-09T13:22:32.997+00:00,/dev/cu.usbserial-58870137921,"RX,639155,R35,TXC,N31,84,346384,E,1,0.87,0.84,5,U,-39,9.50"
2026-07-09T13:22:33.243+00:00,/dev/cu.usbserial-58870137921,"RX,639400,R35,TXA,N01,344,346627,A,1,0.75,0.72,5,F,-36,9.75"
2026-07-09T13:22:33.510+00:00,/dev/cu.usbserial-58870137921,"RX,639667,R35,TXB,N16,171,346893,G,0,0.93,0.90,5,U,-57,9.50"
2026-07-09T13:22:33.993+00:00,/dev/cu.usbserial-58870137921,"RX,640150,R35,TXE,N61,169,347382,C,1,0.81,0.78,5,U,-33,9.75"
2026-07-09T13:22:34.100+00:00,/dev/cu.usbserial-58870137921,"RX,640257,R35,TXI,N121,84,347481,E,1,0.87,0.84,5,U,-54,9.75"
2026-07-09T13:22:34.243+00:00,/dev/cu.usbserial-58870137921,"RX,640400,R35,TXA,N01,345,347627,B,0,0.20,0.18,5,F,-36,9.75"
2026-07-09T13:22:34.388+00:00,/dev/cu.usbserial-58870137921,"RX,640544,R35,TXK,N151,173,347763,C,1,0.81,0.78,5,U,-51,9.50"
2026-07-09T13:22:34.997+00:00,/dev/cu.usbserial-58870137921,"RX,641155,R35,TXC,N31,85,348384,G,0,0.93,0.90,5,U,-39,10.00"
2026-07-09T13:22:35.243+00:00,/dev/cu.usbserial-58870137921,"RX,641400,R35,TXA,N01,346,348627,C,1,0.81,0.78,5,F,-36,9.75"
2026-07-09T13:22:35.510+00:00,/dev/cu.usbserial-58870137921,"RX,641667,R35,TXB,N16,172,348893,A,1,0.75,0.72,5,U,-56,10.25"
2026-07-09T13:22:35.993+00:00,/dev/cu.usbserial-58870137921,"RX,642150,R35,TXE,N61,170,349382,E,1,0.87,0.84,5,U,-34,9.50"
2026-07-09T13:22:36.100+00:00,/dev/cu.usbserial-58870137921,"RX,642257,R35,TXI,N121,85,349481,G,0,0.93,0.90,5,U,-54,10.00"
2026-07-09T13:22:36.243+00:00,/dev/cu.usbserial-58870137921,"RX,642400,R35,TXA,N01,347,349627,D,1,0.24,0.22,5,F,-36,9.75"
2026-07-09T13:22:36.388+00:00,/dev/cu.usbserial-58870137921,"RX,642544,R35,TXK,N151,174,349763,E,0,0.87,0.84,5,U,-51,9.50"
2026-07-09T13:22:37.243+00:00,/dev/cu.usbserial-58870137921,"RX,643400,R35,TXA,N01,348,350627,E,0,0.87,0.84,5,F,-36,9.75"
2026-07-09T13:22:37.510+00:00,/dev/cu.usbserial-58870137921,"RX,643667,R35,TXB,N16,173,350893,C,1,0.81,0.78,5,U,-56,10.00"
2026-07-09T13:22:37.993+00:00,/dev/cu.usbserial-58870137921,"RX,644151,R35,TXE,N61,171,351382,G,0,0.93,0.90,5,U,-34,9.50"
2026-07-09T13:22:38.243+00:00,/dev/cu.usbserial-58870137921,"RX,644400,R35,TXA,N01,349,351627,F,1,0.28,0.26,5,F,-36,10.25"
2026-07-09T13:22:38.354+00:00,/dev/cu.usbserial-58870137921,"RX,644511,R35,TXH,N106,23,351743,G,1,0.93,0.90,5,U,-33,7.50"
2026-07-09T13:22:38.536+00:00,/dev/cu.usbserial-58870137921,"RX,644693,R35,TXL,N166,23,351917,G,1,0.93,0.90,5,U,-42,9.25"
2026-07-09T13:22:38.741+00:00,/dev/cu.usbserial-58870137921,"RX,644898,R35,TXF,N76,86,352131,E,0,0.87,0.84,5,U,-44,9.50"
2026-07-09T13:22:39.047+00:00,/dev/cu.usbserial-58870137921,"RX,645204,R35,TXD,N46,43,352432,G,1,0.93,0.90,5,U,-45,9.75"
2026-07-09T13:22:39.243+00:00,/dev/cu.usbserial-58870137921,"RX,645400,R35,TXA,N01,350,352627,G,1,0.93,0.90,5,F,-36,9.50"
2026-07-09T13:22:39.510+00:00,/dev/cu.usbserial-58870137921,"RX,645667,R35,TXB,N16,174,352893,E,0,0.87,0.84,5,U,-56,10.25"
2026-07-09T13:22:39.691+00:00,/dev/cu.usbserial-58870137921,"RX,645848,R35,TXG,N91,42,353080,G,0,0.93,0.90,5,U,-45,9.50"
2026-07-09T13:22:39.994+00:00,/dev/cu.usbserial-58870137921,"RX,646150,R35,TXE,N61,172,353382,A,1,0.75,0.72,5,U,-33,9.75"
2026-07-09T13:22:40.243+00:00,/dev/cu.usbserial-58870137921,"RX,646400,R35,TXA,N01,351,353627,H,0,0.32,0.30,5,F,-36,9.50"
2026-07-09T13:22:40.388+00:00,/dev/cu.usbserial-58870137921,"RX,646544,R35,TXK,N151,176,353763,A,1,0.75,0.72,5,U,-51,9.75"
2026-07-09T13:22:40.741+00:00,/dev/cu.usbserial-58870137921,"RX,646898,R35,TXF,N76,87,354131,G,1,0.93,0.90,5,U,-44,9.75"
2026-07-09T13:22:40.901+00:00,/dev/cu.usbserial-58870137921,"RX,647058,R35,TXJ,N136,42,354281,G,0,0.93,0.90,5,U,-46,9.50"
2026-07-09T13:22:40.997+00:00,/dev/cu.usbserial-58870137921,"RX,647154,R35,TXC,N31,86,354384,E,0,0.87,0.84,5,U,-39,9.75"
2026-07-09T13:22:41.243+00:00,/dev/cu.usbserial-58870137921,"RX,647400,R35,TXA,N01,352,354627,A,1,0.75,0.72,5,F,-36,9.50"
2026-07-09T13:22:41.510+00:00,/dev/cu.usbserial-58870137921,"RX,647667,R35,TXB,N16,175,354893,G,1,0.93,0.90,5,U,-57,10.00"
2026-07-09T13:22:41.993+00:00,/dev/cu.usbserial-58870137921,"RX,648150,R35,TXE,N61,173,355382,C,1,0.81,0.78,5,U,-34,9.75"
2026-07-09T13:22:42.100+00:00,/dev/cu.usbserial-58870137921,"RX,648257,R35,TXI,N121,86,355481,E,0,0.87,0.84,5,U,-55,9.50"
2026-07-09T13:22:42.243+00:00,/dev/cu.usbserial-58870137921,"RX,648400,R35,TXA,N01,353,355627,B,1,0.20,0.18,5,F,-36,9.50"
2026-07-09T13:22:42.387+00:00,/dev/cu.usbserial-58870137921,"RX,648544,R35,TXK,N151,177,355763,C,0,0.81,0.78,5,U,-50,10.00"
2026-07-09T13:22:42.997+00:00,/dev/cu.usbserial-58870137921,"RX,649154,R35,TXC,N31,87,356384,G,1,0.93,0.90,5,U,-39,9.50"
2026-07-09T13:22:43.243+00:00,/dev/cu.usbserial-58870137921,"RX,649400,R35,TXA,N01,354,356627,C,0,0.81,0.78,5,F,-36,9.75"
2026-07-09T13:22:43.510+00:00,/dev/cu.usbserial-58870137921,"RX,649667,R35,TXB,N16,176,356893,A,1,0.75,0.72,5,U,-56,10.50"
2026-07-09T13:22:43.993+00:00,/dev/cu.usbserial-58870137921,"RX,650150,R35,TXE,N61,174,357382,E,0,0.87,0.84,5,U,-34,10.00"
2026-07-09T13:22:44.100+00:00,/dev/cu.usbserial-58870137921,"RX,650257,R35,TXI,N121,87,357481,G,1,0.93,0.90,5,U,-55,9.25"
2026-07-09T13:22:44.243+00:00,/dev/cu.usbserial-58870137921,"RX,650400,R35,TXA,N01,355,357627,D,1,0.24,0.22,5,F,-36,10.00"
2026-07-09T13:22:44.387+00:00,/dev/cu.usbserial-58870137921,"RX,650544,R35,TXK,N151,178,357763,E,1,0.87,0.84,5,U,-51,10.25"
2026-07-09T13:22:45.243+00:00,/dev/cu.usbserial-58870137921,"RX,651400,R35,TXA,N01,356,358627,E,1,0.87,0.84,5,F,-36,10.25"
2026-07-09T13:22:45.510+00:00,/dev/cu.usbserial-58870137921,"RX,651667,R35,TXB,N16,177,358893,C,0,0.81,0.78,5,U,-57,10.00"
2026-07-09T13:22:45.993+00:00,/dev/cu.usbserial-58870137921,"RX,652150,R35,TXE,N61,175,359382,G,1,0.93,0.90,5,U,-33,10.00"
2026-07-09T13:22:46.243+00:00,/dev/cu.usbserial-58870137921,"RX,652400,R35,TXA,N01,357,359627,F,0,0.28,0.26,5,F,-36,9.50"
2026-07-09T13:22:46.388+00:00,/dev/cu.usbserial-58870137921,"RX,652544,R35,TXK,N151,179,359763,G,1,0.93,0.90,5,U,-50,10.00"
2026-07-09T13:22:46.741+00:00,/dev/cu.usbserial-58870137921,"RX,652898,R35,TXF,N76,88,360131,E,1,0.87,0.84,5,U,-43,9.75"
2026-07-09T13:22:47.047+00:00,/dev/cu.usbserial-58870137921,"RX,653204,R35,TXD,N46,44,360432,G,1,0.93,0.90,5,U,-45,9.50"
2026-07-09T13:22:47.243+00:00,/dev/cu.usbserial-58870137921,"RX,653400,R35,TXA,N01,358,360627,G,1,0.93,0.90,5,F,-36,11.50"
2026-07-09T13:22:47.510+00:00,/dev/cu.usbserial-58870137921,"RX,653667,R35,TXB,N16,178,360893,E,1,0.87,0.84,5,U,-57,9.75"
2026-07-09T13:22:47.691+00:00,/dev/cu.usbserial-58870137921,"RX,653848,R35,TXG,N91,43,361080,G,1,0.93,0.90,5,U,-46,9.50"
2026-07-09T13:22:47.993+00:00,/dev/cu.usbserial-58870137921,"RX,654150,R35,TXE,N61,176,361382,A,1,0.75,0.72,5,U,-33,9.00"
2026-07-09T13:22:48.243+00:00,/dev/cu.usbserial-58870137921,"RX,654400,R35,TXA,N01,359,361627,H,1,0.32,0.30,5,F,-36,10.00"
2026-07-09T13:22:48.387+00:00,/dev/cu.usbserial-58870137921,"RX,654544,R35,TXK,N151,180,361763,A,0,0.75,0.72,5,U,-51,9.50"
2026-07-09T13:22:48.741+00:00,/dev/cu.usbserial-58870137921,"RX,654898,R35,TXF,N76,89,362131,G,1,0.93,0.90,5,U,-44,9.25"
2026-07-09T13:22:48.901+00:00,/dev/cu.usbserial-58870137921,"RX,655058,R35,TXJ,N136,43,362281,G,1,0.93,0.90,5,U,-46,9.75"
2026-07-09T13:22:48.998+00:00,/dev/cu.usbserial-58870137921,"RX,655154,R35,TXC,N31,88,362384,E,1,0.87,0.84,5,U,-39,10.00"
2026-07-09T13:22:49.243+00:00,/dev/cu.usbserial-58870137921,"RX,655400,R35,TXA,N01,360,362627,A,0,0.75,0.72,5,F,-36,9.75"
2026-07-09T13:22:49.510+00:00,/dev/cu.usbserial-58870137921,"RX,655667,R35,TXB,N16,179,362893,G,1,0.93,0.90,5,U,-58,9.50"
2026-07-09T13:22:49.993+00:00,/dev/cu.usbserial-58870137921,"RX,656150,R35,TXE,N61,177,363382,C,0,0.81,0.78,5,U,-33,9.75"
2026-07-09T13:22:50.100+00:00,/dev/cu.usbserial-58870137921,"RX,656257,R35,TXI,N121,88,363481,E,1,0.87,0.84,5,U,-55,9.25"
2026-07-09T13:22:50.243+00:00,/dev/cu.usbserial-58870137921,"RX,656400,R35,TXA,N01,361,363627,B,1,0.20,0.18,5,F,-36,9.50"
2026-07-09T13:22:50.387+00:00,/dev/cu.usbserial-58870137921,"RX,656544,R35,TXK,N151,181,363763,C,1,0.81,0.78,5,U,-51,9.75"
2026-07-09T13:22:50.997+00:00,/dev/cu.usbserial-58870137921,"RX,657154,R35,TXC,N31,89,364384,G,1,0.93,0.90,5,U,-39,9.50"
2026-07-09T13:22:51.243+00:00,/dev/cu.usbserial-58870137921,"RX,657400,R35,TXA,N01,362,364627,C,1,0.81,0.78,5,F,-36,9.25"
2026-07-09T13:22:51.510+00:00,/dev/cu.usbserial-58870137921,"RX,657667,R35,TXB,N16,180,364893,A,0,0.75,0.72,5,U,-56,10.00"
2026-07-09T13:22:51.993+00:00,/dev/cu.usbserial-58870137921,"RX,658150,R35,TXE,N61,178,365382,E,1,0.87,0.84,5,U,-33,9.75"
2026-07-09T13:22:52.100+00:00,/dev/cu.usbserial-58870137921,"RX,658257,R35,TXI,N121,89,365481,G,1,0.93,0.90,5,U,-55,9.75"
2026-07-09T13:22:52.243+00:00,/dev/cu.usbserial-58870137921,"RX,658400,R35,TXA,N01,363,365627,D,0,0.24,0.22,5,F,-36,9.75"
2026-07-09T13:22:52.387+00:00,/dev/cu.usbserial-58870137921,"RX,658544,R35,TXK,N151,182,365763,E,1,0.87,0.84,5,U,-51,10.25"
2026-07-09T13:22:53.243+00:00,/dev/cu.usbserial-58870137921,"RX,659400,R35,TXA,N01,364,366627,E,1,0.87,0.84,5,F,-36,9.75"
2026-07-09T13:22:53.510+00:00,/dev/cu.usbserial-58870137921,"RX,659667,R35,TXB,N16,181,366893,C,1,0.81,0.78,5,U,-56,10.00"
2026-07-09T13:22:53.993+00:00,/dev/cu.usbserial-58870137921,"RX,660150,R35,TXE,N61,179,367382,G,1,0.93,0.90,5,U,-33,10.00"
2026-07-09T13:22:54.243+00:00,/dev/cu.usbserial-58870137921,"RX,660400,R35,TXA,N01,365,367627,F,1,0.28,0.26,5,F,-36,10.00"
2026-07-09T13:22:54.387+00:00,/dev/cu.usbserial-58870137921,"RX,660544,R35,TXK,N151,183,367763,G,0,0.93,0.90,5,U,-51,9.75"
2026-07-09T13:22:54.741+00:00,/dev/cu.usbserial-58870137921,"RX,660898,R35,TXF,N76,90,368131,E,1,0.87,0.84,5,U,-43,9.25"
2026-07-09T13:22:55.047+00:00,/dev/cu.usbserial-58870137921,"RX,661204,R35,TXD,N46,45,368432,G,0,0.93,0.90,5,U,-44,9.25"
2026-07-09T13:22:55.243+00:00,/dev/cu.usbserial-58870137921,"RX,661400,R35,TXA,N01,366,368627,G,0,0.93,0.90,5,F,-36,9.50"
2026-07-09T13:22:55.510+00:00,/dev/cu.usbserial-58870137921,"RX,661667,R35,TXB,N16,182,368893,E,1,0.87,0.84,5,U,-56,10.00"
2026-07-09T13:22:55.691+00:00,/dev/cu.usbserial-58870137921,"RX,661848,R35,TXG,N91,44,369080,G,1,0.93,0.90,5,U,-45,9.25"
2026-07-09T13:22:55.994+00:00,/dev/cu.usbserial-58870137921,"RX,662150,R35,TXE,N61,180,369382,A,0,0.75,0.72,5,U,-34,9.25"
2026-07-09T13:22:56.243+00:00,/dev/cu.usbserial-58870137921,"RX,662400,R35,TXA,N01,367,369627,H,1,0.32,0.30,5,F,-36,9.75"
2026-07-09T13:22:56.388+00:00,/dev/cu.usbserial-58870137921,"RX,662544,R35,TXK,N151,184,369763,A,1,0.75,0.72,5,U,-51,10.00"
2026-07-09T13:22:56.741+00:00,/dev/cu.usbserial-58870137921,"RX,662898,R35,TXF,N76,91,370131,G,0,0.93,0.90,5,U,-43,9.25"
2026-07-09T13:22:56.901+00:00,/dev/cu.usbserial-58870137921,"RX,663058,R35,TXJ,N136,44,370281,G,1,0.93,0.90,5,U,-46,9.50"
2026-07-09T13:22:56.997+00:00,/dev/cu.usbserial-58870137921,"RX,663154,R35,TXC,N31,90,370384,E,1,0.87,0.84,5,U,-39,9.50"
2026-07-09T13:22:57.243+00:00,/dev/cu.usbserial-58870137921,"RX,663400,R35,TXA,N01,368,370627,A,1,0.75,0.72,5,F,-36,10.00"
2026-07-09T13:22:57.510+00:00,/dev/cu.usbserial-58870137921,"RX,663667,R35,TXB,N16,183,370893,G,0,0.93,0.90,5,U,-56,10.00"
2026-07-09T13:22:57.994+00:00,/dev/cu.usbserial-58870137921,"RX,664150,R35,TXE,N61,181,371382,C,1,0.81,0.78,5,U,-33,9.75"
2026-07-09T13:22:58.100+00:00,/dev/cu.usbserial-58870137921,"RX,664257,R35,TXI,N121,90,371481,E,1,0.87,0.84,5,U,-55,9.75"
2026-07-09T13:22:58.243+00:00,/dev/cu.usbserial-58870137921,"RX,664400,R35,TXA,N01,369,371627,B,0,0.20,0.18,5,F,-35,9.50"
2026-07-09T13:22:58.387+00:00,/dev/cu.usbserial-58870137921,"RX,664544,R35,TXK,N151,185,371763,C,1,0.81,0.78,5,U,-51,10.00"
2026-07-09T13:22:58.997+00:00,/dev/cu.usbserial-58870137921,"RX,665154,R35,TXC,N31,91,372384,G,0,0.93,0.90,5,U,-39,9.50"
2026-07-09T13:22:59.243+00:00,/dev/cu.usbserial-58870137921,"RX,665400,R35,TXA,N01,370,372627,C,1,0.81,0.78,5,F,-36,10.00"
2026-07-09T13:22:59.510+00:00,/dev/cu.usbserial-58870137921,"RX,665667,R35,TXB,N16,184,372893,A,1,0.75,0.72,5,U,-56,10.25"
2026-07-09T13:22:59.993+00:00,/dev/cu.usbserial-58870137921,"RX,666150,R35,TXE,N61,182,373382,E,1,0.87,0.84,5,U,-34,9.75"
2026-07-09T13:23:00.100+00:00,/dev/cu.usbserial-58870137921,"RX,666257,R35,TXI,N121,91,373481,G,0,0.93,0.90,5,U,-54,9.75"
2026-07-09T13:23:00.243+00:00,/dev/cu.usbserial-58870137921,"RX,666400,R35,TXA,N01,371,373627,D,1,0.24,0.22,5,F,-36,10.00"
2026-07-09T13:23:00.387+00:00,/dev/cu.usbserial-58870137921,"RX,666544,R35,TXK,N151,186,373763,E,0,0.87,0.84,5,U,-50,9.75"
2026-07-09T13:23:01.243+00:00,/dev/cu.usbserial-58870137921,"RX,667400,R35,TXA,N01,372,374627,E,0,0.87,0.84,5,F,-36,10.25"
2026-07-09T13:23:01.510+00:00,/dev/cu.usbserial-58870137921,"RX,667667,R35,TXB,N16,185,374893,C,1,0.81,0.78,5,U,-56,9.75"
2026-07-09T13:23:01.993+00:00,/dev/cu.usbserial-58870137921,"RX,668150,R35,TXE,N61,183,375382,G,0,0.93,0.90,5,U,-33,9.75"
2026-07-09T13:23:02.243+00:00,/dev/cu.usbserial-58870137921,"RX,668400,R35,TXA,N01,373,375627,F,1,0.28,0.26,5,F,-36,9.50"
2026-07-09T13:23:02.387+00:00,/dev/cu.usbserial-58870137921,"RX,668544,R35,TXK,N151,187,375763,G,1,0.93,0.90,5,U,-51,9.25"
2026-07-09T13:23:02.741+00:00,/dev/cu.usbserial-58870137921,"RX,668898,R35,TXF,N76,92,376131,E,0,0.87,0.84,5,U,-43,9.25"
2026-07-09T13:23:03.047+00:00,/dev/cu.usbserial-58870137921,"RX,669204,R35,TXD,N46,46,376432,G,1,0.93,0.90,5,U,-45,9.75"
2026-07-09T13:23:03.243+00:00,/dev/cu.usbserial-58870137921,"RX,669400,R35,TXA,N01,374,376627,G,1,0.93,0.90,5,F,-36,10.25"
2026-07-09T13:23:03.510+00:00,/dev/cu.usbserial-58870137921,"RX,669667,R35,TXB,N16,186,376893,E,0,0.87,0.84,5,U,-56,9.50"
2026-07-09T13:23:03.691+00:00,/dev/cu.usbserial-58870137921,"RX,669848,R35,TXG,N91,45,377080,G,0,0.93,0.90,5,U,-45,9.50"
2026-07-09T13:23:03.993+00:00,/dev/cu.usbserial-58870137921,"RX,670150,R35,TXE,N61,184,377382,A,1,0.75,0.72,5,U,-34,9.50"
2026-07-09T13:23:04.243+00:00,/dev/cu.usbserial-58870137921,"RX,670400,R35,TXA,N01,375,377627,H,0,0.32,0.30,5,F,-36,9.25"
2026-07-09T13:23:04.387+00:00,/dev/cu.usbserial-58870137921,"RX,670544,R35,TXK,N151,188,377763,A,1,0.75,0.72,5,U,-50,9.75"
2026-07-09T13:23:04.741+00:00,/dev/cu.usbserial-58870137921,"RX,670898,R35,TXF,N76,93,378131,G,1,0.93,0.90,5,U,-44,9.25"
2026-07-09T13:23:04.900+00:00,/dev/cu.usbserial-58870137921,"RX,671057,R35,TXJ,N136,45,378281,G,0,0.93,0.90,5,U,-46,9.75"
2026-07-09T13:23:04.997+00:00,/dev/cu.usbserial-58870137921,"RX,671154,R35,TXC,N31,92,378384,E,0,0.87,0.84,5,U,-39,9.75"
2026-07-09T13:23:05.243+00:00,/dev/cu.usbserial-58870137921,"RX,671400,R35,TXA,N01,376,378627,A,1,0.75,0.72,5,F,-36,9.50"
2026-07-09T13:23:05.510+00:00,/dev/cu.usbserial-58870137921,"RX,671667,R35,TXB,N16,187,378893,G,1,0.93,0.90,5,U,-57,9.50"
2026-07-09T13:23:05.993+00:00,/dev/cu.usbserial-58870137921,"RX,672150,R35,TXE,N61,185,379382,C,1,0.81,0.78,5,U,-33,9.25"
2026-07-09T13:23:06.100+00:00,/dev/cu.usbserial-58870137921,"RX,672257,R35,TXI,N121,92,379481,E,0,0.87,0.84,5,U,-54,10.00"
2026-07-09T13:23:06.243+00:00,/dev/cu.usbserial-58870137921,"RX,672400,R35,TXA,N01,377,379627,B,1,0.20,0.18,5,F,-36,9.50"
2026-07-09T13:23:06.387+00:00,/dev/cu.usbserial-58870137921,"RX,672544,R35,TXK,N151,189,379763,C,0,0.81,0.78,5,U,-52,9.75"
2026-07-09T13:23:06.997+00:00,/dev/cu.usbserial-58870137921,"RX,673154,R35,TXC,N31,93,380384,G,1,0.93,0.90,5,U,-39,9.50"
2026-07-09T13:23:07.243+00:00,/dev/cu.usbserial-58870137921,"RX,673400,R35,TXA,N01,378,380627,C,0,0.81,0.78,5,F,-36,9.50"
2026-07-09T13:23:07.510+00:00,/dev/cu.usbserial-58870137921,"RX,673667,R35,TXB,N16,188,380893,A,1,0.75,0.72,5,U,-56,10.00"
2026-07-09T13:23:07.993+00:00,/dev/cu.usbserial-58870137921,"RX,674150,R35,TXE,N61,186,381382,E,0,0.87,0.84,5,U,-33,9.75"
2026-07-09T13:23:08.100+00:00,/dev/cu.usbserial-58870137921,"RX,674257,R35,TXI,N121,93,381481,G,1,0.93,0.90,5,U,-54,9.75"
2026-07-09T13:23:08.243+00:00,/dev/cu.usbserial-58870137921,"RX,674400,R35,TXA,N01,379,381627,D,1,0.24,0.22,5,F,-36,9.50"
2026-07-09T13:23:08.387+00:00,/dev/cu.usbserial-58870137921,"RX,674544,R35,TXK,N151,190,381763,E,1,0.87,0.84,5,U,-51,9.75"
2026-07-09T13:23:09.243+00:00,/dev/cu.usbserial-58870137921,"RX,675400,R35,TXA,N01,380,382627,E,1,0.87,0.84,5,F,-36,10.25"
2026-07-09T13:23:09.510+00:00,/dev/cu.usbserial-58870137921,"RX,675667,R35,TXB,N16,189,382893,C,0,0.81,0.78,5,U,-56,10.25"
2026-07-09T13:23:09.993+00:00,/dev/cu.usbserial-58870137921,"RX,676150,R35,TXE,N61,187,383382,G,1,0.93,0.90,5,U,-33,10.00"
2026-07-09T13:23:10.243+00:00,/dev/cu.usbserial-58870137921,"RX,676400,R35,TXA,N01,381,383627,F,0,0.28,0.26,5,F,-36,9.75"
2026-07-09T13:23:10.387+00:00,/dev/cu.usbserial-58870137921,"RX,676544,R35,TXK,N151,191,383763,G,1,0.93,0.90,5,U,-51,9.75"
2026-07-09T13:23:10.741+00:00,/dev/cu.usbserial-58870137921,"RX,676898,R35,TXF,N76,94,384131,E,1,0.87,0.84,5,U,-43,9.25"
2026-07-09T13:23:11.047+00:00,/dev/cu.usbserial-58870137921,"RX,677204,R35,TXD,N46,47,384432,G,1,0.93,0.90,5,U,-44,9.50"
2026-07-09T13:23:11.243+00:00,/dev/cu.usbserial-58870137921,"RX,677400,R35,TXA,N01,382,384627,G,1,0.93,0.90,5,F,-36,10.25"
2026-07-09T13:23:11.510+00:00,/dev/cu.usbserial-58870137921,"RX,677667,R35,TXB,N16,190,384893,E,1,0.87,0.84,5,U,-56,10.00"
2026-07-09T13:23:11.691+00:00,/dev/cu.usbserial-58870137921,"RX,677848,R35,TXG,N91,46,385080,G,1,0.93,0.90,5,U,-45,9.50"
2026-07-09T13:23:11.993+00:00,/dev/cu.usbserial-58870137921,"RX,678150,R35,TXE,N61,188,385382,A,1,0.75,0.72,5,U,-34,9.75"
2026-07-09T13:23:12.243+00:00,/dev/cu.usbserial-58870137921,"RX,678400,R35,TXA,N01,383,385627,H,1,0.32,0.30,5,F,-36,9.75"
2026-07-09T13:23:12.387+00:00,/dev/cu.usbserial-58870137921,"RX,678544,R35,TXK,N151,192,385763,A,1,0.75,0.72,5,U,-51,9.75"
2026-07-09T13:23:12.741+00:00,/dev/cu.usbserial-58870137921,"RX,678898,R35,TXF,N76,95,386131,G,1,0.93,0.90,5,U,-42,9.75"
2026-07-09T13:23:12.901+00:00,/dev/cu.usbserial-58870137921,"RX,679058,R35,TXJ,N136,46,386281,G,1,0.93,0.90,5,U,-46,9.25"
2026-07-09T13:23:12.997+00:00,/dev/cu.usbserial-58870137921,"RX,679154,R35,TXC,N31,94,386384,E,1,0.87,0.84,5,U,-39,9.50"
2026-07-09T13:23:13.243+00:00,/dev/cu.usbserial-58870137921,"RX,679400,R35,TXA,N01,384,386627,A,1,0.75,0.72,5,F,-36,9.50"
2026-07-09T13:23:13.510+00:00,/dev/cu.usbserial-58870137921,"RX,679667,R35,TXB,N16,191,386893,G,1,0.93,0.90,5,U,-56,10.25"
2026-07-09T13:23:13.993+00:00,/dev/cu.usbserial-58870137921,"RX,680150,R35,TXE,N61,189,387382,C,0,0.81,0.78,5,U,-33,9.75"
2026-07-09T13:23:14.100+00:00,/dev/cu.usbserial-58870137921,"RX,680257,R35,TXI,N121,94,387481,E,1,0.87,0.84,5,U,-55,9.50"
2026-07-09T13:23:14.243+00:00,/dev/cu.usbserial-58870137921,"RX,680400,R35,TXA,N01,385,387627,B,0,0.20,0.18,5,F,-36,9.50"
2026-07-09T13:23:14.387+00:00,/dev/cu.usbserial-58870137921,"RX,680544,R35,TXK,N151,193,387763,C,1,0.81,0.78,5,U,-51,10.00"
2026-07-09T13:23:14.997+00:00,/dev/cu.usbserial-58870137921,"RX,681154,R35,TXC,N31,95,388384,G,1,0.93,0.90,5,U,-39,9.75"
2026-07-09T13:23:15.243+00:00,/dev/cu.usbserial-58870137921,"RX,681400,R35,TXA,N01,386,388627,C,1,0.81,0.78,5,F,-36,9.75"
2026-07-09T13:23:15.510+00:00,/dev/cu.usbserial-58870137921,"RX,681667,R35,TXB,N16,192,388893,A,1,0.75,0.72,5,U,-56,10.00"
2026-07-09T13:23:15.993+00:00,/dev/cu.usbserial-58870137921,"RX,682150,R35,TXE,N61,190,389382,E,1,0.87,0.84,5,U,-34,9.75"
2026-07-09T13:23:16.100+00:00,/dev/cu.usbserial-58870137921,"RX,682257,R35,TXI,N121,95,389481,G,1,0.93,0.90,5,U,-54,9.75"
2026-07-09T13:23:16.243+00:00,/dev/cu.usbserial-58870137921,"RX,682400,R35,TXA,N01,387,389627,D,1,0.24,0.22,5,F,-36,9.75"
2026-07-09T13:23:16.387+00:00,/dev/cu.usbserial-58870137921,"RX,682544,R35,TXK,N151,194,389763,E,0,0.87,0.84,5,U,-51,10.25"
2026-07-09T13:23:17.243+00:00,/dev/cu.usbserial-58870137921,"RX,683400,R35,TXA,N01,388,390627,E,0,0.87,0.84,5,F,-36,9.50"
2026-07-09T13:23:17.510+00:00,/dev/cu.usbserial-58870137921,"RX,683667,R35,TXB,N16,193,390893,C,1,0.81,0.78,5,U,-57,10.00"
2026-07-09T13:23:17.993+00:00,/dev/cu.usbserial-58870137921,"RX,684150,R35,TXE,N61,191,391382,G,1,0.93,0.90,5,U,-33,10.00"
2026-07-09T13:23:18.243+00:00,/dev/cu.usbserial-58870137921,"RX,684400,R35,TXA,N01,389,391627,F,1,0.28,0.26,5,F,-36,9.75"
2026-07-09T13:23:18.353+00:00,/dev/cu.usbserial-58870137921,"RX,684510,R35,TXH,N106,24,391743,G,1,0.93,0.90,5,U,-33,7.50"
2026-07-09T13:23:18.535+00:00,/dev/cu.usbserial-58870137921,"RX,684692,R35,TXL,N166,24,391917,G,1,0.93,0.90,5,U,-42,9.50"
2026-07-09T13:23:18.741+00:00,/dev/cu.usbserial-58870137921,"RX,684898,R35,TXF,N76,96,392131,E,0,0.87,0.84,5,U,-43,9.25"
2026-07-09T13:23:19.047+00:00,/dev/cu.usbserial-58870137921,"RX,685204,R35,TXD,N46,48,392432,G,1,0.93,0.90,5,U,-44,9.25"
2026-07-09T13:23:19.243+00:00,/dev/cu.usbserial-58870137921,"RX,685400,R35,TXA,N01,390,392627,G,1,0.93,0.90,5,F,-36,9.75"
2026-07-09T13:23:19.510+00:00,/dev/cu.usbserial-58870137921,"RX,685667,R35,TXB,N16,194,392893,E,0,0.87,0.84,5,U,-57,9.75"
2026-07-09T13:23:19.691+00:00,/dev/cu.usbserial-58870137921,"RX,685848,R35,TXG,N91,47,393080,G,1,0.93,0.90,5,U,-45,9.75"
2026-07-09T13:23:19.993+00:00,/dev/cu.usbserial-58870137921,"RX,686150,R35,TXE,N61,192,393382,A,1,0.75,0.72,5,U,-33,9.75"
2026-07-09T13:23:20.243+00:00,/dev/cu.usbserial-58870137921,"RX,686400,R35,TXA,N01,391,393627,H,0,0.32,0.30,5,F,-36,9.75"
2026-07-09T13:23:20.387+00:00,/dev/cu.usbserial-58870137921,"RX,686544,R35,TXK,N151,196,393763,A,1,0.75,0.72,5,U,-51,9.75"
2026-07-09T13:23:20.741+00:00,/dev/cu.usbserial-58870137921,"RX,686898,R35,TXF,N76,97,394131,G,1,0.93,0.90,5,U,-43,9.25"
2026-07-09T13:23:20.900+00:00,/dev/cu.usbserial-58870137921,"RX,687057,R35,TXJ,N136,47,394281,G,1,0.93,0.90,5,U,-46,10.00"
2026-07-09T13:23:20.997+00:00,/dev/cu.usbserial-58870137921,"RX,687154,R35,TXC,N31,96,394384,E,0,0.87,0.84,5,U,-39,9.50"
2026-07-09T13:23:21.243+00:00,/dev/cu.usbserial-58870137921,"RX,687400,R35,TXA,N01,392,394627,A,1,0.75,0.72,5,F,-36,9.75"
2026-07-09T13:23:21.510+00:00,/dev/cu.usbserial-58870137921,"RX,687667,R35,TXB,N16,195,394893,G,1,0.93,0.90,5,U,-57,10.25"
2026-07-09T13:23:21.993+00:00,/dev/cu.usbserial-58870137921,"RX,688150,R35,TXE,N61,193,395382,C,1,0.81,0.78,5,U,-33,10.00"
2026-07-09T13:23:22.100+00:00,/dev/cu.usbserial-58870137921,"RX,688257,R35,TXI,N121,96,395481,E,0,0.87,0.84,5,U,-54,9.75"
2026-07-09T13:23:22.243+00:00,/dev/cu.usbserial-58870137921,"RX,688400,R35,TXA,N01,393,395627,B,1,0.20,0.18,5,F,-36,9.50"
2026-07-09T13:23:22.387+00:00,/dev/cu.usbserial-58870137921,"RX,688544,R35,TXK,N151,197,395763,C,0,0.81,0.78,5,U,-51,10.00"
2026-07-09T13:23:22.997+00:00,/dev/cu.usbserial-58870137921,"RX,689154,R35,TXC,N31,97,396384,G,1,0.93,0.90,5,U,-39,9.75"
2026-07-09T13:23:23.243+00:00,/dev/cu.usbserial-58870137921,"RX,689400,R35,TXA,N01,394,396627,C,0,0.81,0.78,5,F,-36,9.25"
2026-07-09T13:23:23.510+00:00,/dev/cu.usbserial-58870137921,"RX,689667,R35,TXB,N16,196,396893,A,1,0.75,0.72,5,U,-57,9.75"
2026-07-09T13:23:23.993+00:00,/dev/cu.usbserial-58870137921,"RX,690150,R35,TXE,N61,194,397382,E,0,0.87,0.84,5,U,-34,9.50"
2026-07-09T13:23:24.100+00:00,/dev/cu.usbserial-58870137921,"RX,690257,R35,TXI,N121,97,397481,G,1,0.93,0.90,5,U,-54,9.50"
2026-07-09T13:23:24.243+00:00,/dev/cu.usbserial-58870137921,"RX,690400,R35,TXA,N01,395,397627,D,1,0.24,0.22,5,F,-36,9.75"
2026-07-09T13:23:24.387+00:00,/dev/cu.usbserial-58870137921,"RX,690544,R35,TXK,N151,198,397763,E,1,0.87,0.84,5,U,-51,9.75"
2026-07-09T13:23:25.243+00:00,/dev/cu.usbserial-58870137921,"RX,691400,R35,TXA,N01,396,398627,E,1,0.87,0.84,5,F,-36,9.75"
2026-07-09T13:23:25.510+00:00,/dev/cu.usbserial-58870137921,"RX,691667,R35,TXB,N16,197,398893,C,0,0.81,0.78,5,U,-56,9.50"
2026-07-09T13:23:25.993+00:00,/dev/cu.usbserial-58870137921,"RX,692150,R35,TXE,N61,195,399382,G,1,0.93,0.90,5,U,-33,9.75"
2026-07-09T13:23:26.243+00:00,/dev/cu.usbserial-58870137921,"RX,692400,R35,TXA,N01,397,399627,F,0,0.28,0.26,5,F,-35,9.75"
2026-07-09T13:23:26.353+00:00,/dev/cu.usbserial-58870137921,"RX,692510,R35,TXH,N106,25,399743,G,1,0.93,0.90,5,U,-33,7.25"
2026-07-09T13:23:26.535+00:00,/dev/cu.usbserial-58870137921,"RX,692692,R35,TXL,N166,25,399917,G,1,0.93,0.90,5,U,-42,9.75"
2026-07-09T13:23:26.741+00:00,/dev/cu.usbserial-58870137921,"RX,692898,R35,TXF,N76,98,400131,E,1,0.87,0.84,5,U,-43,9.75"
2026-07-09T13:23:27.046+00:00,/dev/cu.usbserial-58870137921,"RX,693204,R35,TXD,N46,49,400432,G,1,0.93,0.90,5,U,-44,9.50"
2026-07-09T13:23:27.243+00:00,/dev/cu.usbserial-58870137921,"RX,693400,R35,TXA,N01,398,400627,G,1,0.93,0.90,5,F,-36,10.00"
2026-07-09T13:23:27.510+00:00,/dev/cu.usbserial-58870137921,"RX,693667,R35,TXB,N16,198,400893,E,1,0.87,0.84,5,U,-56,9.75"
2026-07-09T13:23:27.691+00:00,/dev/cu.usbserial-58870137921,"RX,693848,R35,TXG,N91,48,401080,G,1,0.93,0.90,5,U,-45,9.50"
2026-07-09T13:23:27.993+00:00,/dev/cu.usbserial-58870137921,"RX,694150,R35,TXE,N61,196,401382,A,1,0.75,0.72,5,U,-33,9.75"
2026-07-09T13:23:28.243+00:00,/dev/cu.usbserial-58870137921,"RX,694400,R35,TXA,N01,399,401627,H,1,0.32,0.30,5,F,-36,9.75"
2026-07-09T13:23:28.387+00:00,/dev/cu.usbserial-58870137921,"RX,694544,R35,TXK,N151,200,401763,A,0,0.75,0.72,5,U,-48,10.00"
2026-07-09T13:23:28.741+00:00,/dev/cu.usbserial-58870137921,"RX,694898,R35,TXF,N76,99,402131,G,1,0.93,0.90,5,U,-43,9.50"
2026-07-09T13:23:28.900+00:00,/dev/cu.usbserial-58870137921,"RX,695057,R35,TXJ,N136,48,402281,G,1,0.93,0.90,5,U,-46,9.75"
2026-07-09T13:23:28.997+00:00,/dev/cu.usbserial-58870137921,"RX,695154,R35,TXC,N31,98,402384,E,1,0.87,0.84,5,U,-40,9.50"
2026-07-09T13:23:29.243+00:00,/dev/cu.usbserial-58870137921,"RX,695400,R35,TXA,N01,400,402627,A,0,0.75,0.72,5,F,-36,9.75"
2026-07-09T13:23:29.510+00:00,/dev/cu.usbserial-58870137921,"RX,695667,R35,TXB,N16,199,402893,G,1,0.93,0.90,5,U,-57,10.00"
2026-07-09T13:23:29.993+00:00,/dev/cu.usbserial-58870137921,"RX,696150,R35,TXE,N61,197,403382,C,0,0.81,0.78,5,U,-34,9.75"
2026-07-09T13:23:30.100+00:00,/dev/cu.usbserial-58870137921,"RX,696257,R35,TXI,N121,98,403481,E,1,0.87,0.84,5,U,-52,9.75"
2026-07-09T13:23:30.243+00:00,/dev/cu.usbserial-58870137921,"RX,696400,R35,TXA,N01,401,403627,B,1,0.20,0.18,5,F,-36,9.50"
2026-07-09T13:23:30.387+00:00,/dev/cu.usbserial-58870137921,"RX,696544,R35,TXK,N151,201,403763,C,1,0.81,0.78,5,U,-53,9.75"
2026-07-09T13:23:30.997+00:00,/dev/cu.usbserial-58870137921,"RX,697154,R35,TXC,N31,99,404384,G,1,0.93,0.90,5,U,-37,9.50"
2026-07-09T13:23:31.243+00:00,/dev/cu.usbserial-58870137921,"RX,697400,R35,TXA,N01,402,404627,C,1,0.81,0.78,5,F,-37,9.75"
2026-07-09T13:23:31.510+00:00,/dev/cu.usbserial-58870137921,"RX,697667,R35,TXB,N16,200,404893,A,0,0.75,0.72,5,U,-53,10.25"
2026-07-09T13:23:31.993+00:00,/dev/cu.usbserial-58870137921,"RX,698150,R35,TXE,N61,198,405382,E,1,0.87,0.84,5,U,-34,10.00"
2026-07-09T13:23:32.100+00:00,/dev/cu.usbserial-58870137921,"RX,698257,R35,TXI,N121,99,405481,G,1,0.93,0.90,5,U,-49,9.50"
2026-07-09T13:23:32.243+00:00,/dev/cu.usbserial-58870137921,"RX,698400,R35,TXA,N01,403,405627,D,0,0.24,0.22,5,F,-35,10.25"
2026-07-09T13:23:32.387+00:00,/dev/cu.usbserial-58870137921,"RX,698544,R35,TXK,N151,202,405763,E,1,0.87,0.84,5,U,-53,9.50"
2026-07-09T13:23:33.243+00:00,/dev/cu.usbserial-58870137921,"RX,699400,R35,TXA,N01,404,406627,E,1,0.87,0.84,5,F,-36,10.25"
2026-07-09T13:23:33.510+00:00,/dev/cu.usbserial-58870137921,"RX,699667,R35,TXB,N16,201,406893,C,1,0.81,0.78,5,U,-53,9.25"
2026-07-09T13:23:33.993+00:00,/dev/cu.usbserial-58870137921,"RX,700150,R35,TXE,N61,199,407382,G,1,0.93,0.90,5,U,-34,9.50"
2026-07-09T13:23:34.243+00:00,/dev/cu.usbserial-58870137921,"RX,700400,R35,TXA,N01,405,407627,F,1,0.28,0.26,5,F,-41,10.00"
2026-07-09T13:23:34.353+00:00,/dev/cu.usbserial-58870137921,"RX,700510,R35,TXH,N106,26,407743,G,0,0.93,0.90,5,U,-33,5.25"
2026-07-09T13:23:34.535+00:00,/dev/cu.usbserial-58870137921,"RX,700692,R35,TXL,N166,26,407917,G,0,0.93,0.90,5,U,-42,9.75"
2026-07-09T13:23:34.741+00:00,/dev/cu.usbserial-58870137921,"RX,700898,R35,TXF,N76,100,408131,E,1,0.87,0.84,5,U,-42,9.75"
2026-07-09T13:23:35.046+00:00,/dev/cu.usbserial-58870137921,"RX,701204,R35,TXD,N46,50,408432,G,0,0.93,0.90,5,U,-48,9.75"
2026-07-09T13:23:35.243+00:00,/dev/cu.usbserial-58870137921,"RX,701400,R35,TXA,N01,406,408627,G,0,0.93,0.90,5,F,-36,10.00"
2026-07-09T13:23:35.510+00:00,/dev/cu.usbserial-58870137921,"RX,701667,R35,TXB,N16,202,408893,E,1,0.87,0.84,5,U,-57,9.75"
2026-07-09T13:23:35.691+00:00,/dev/cu.usbserial-58870137921,"RX,701848,R35,TXG,N91,49,409080,G,1,0.93,0.90,5,U,-45,9.75"
2026-07-09T13:23:35.993+00:00,/dev/cu.usbserial-58870137921,"RX,702150,R35,TXE,N61,200,409382,A,0,0.75,0.72,5,U,-33,9.75"
2026-07-09T13:23:36.243+00:00,/dev/cu.usbserial-58870137921,"RX,702400,R35,TXA,N01,407,409627,H,1,0.32,0.30,5,F,-35,9.75"
2026-07-09T13:23:36.387+00:00,/dev/cu.usbserial-58870137921,"RX,702544,R35,TXK,N151,204,409763,A,1,0.75,0.72,5,U,-56,9.75"
2026-07-09T13:23:36.741+00:00,/dev/cu.usbserial-58870137921,"RX,702898,R35,TXF,N76,101,410131,G,0,0.93,0.90,5,U,-42,9.75"
2026-07-09T13:23:36.900+00:00,/dev/cu.usbserial-58870137921,"RX,703057,R35,TXJ,N136,49,410281,G,1,0.93,0.90,5,U,-44,9.50"
2026-07-09T13:23:36.997+00:00,/dev/cu.usbserial-58870137921,"RX,703154,R35,TXC,N31,100,410384,E,1,0.87,0.84,5,U,-36,9.75"
2026-07-09T13:23:37.243+00:00,/dev/cu.usbserial-58870137921,"RX,703400,R35,TXA,N01,408,410627,A,1,0.75,0.72,5,F,-36,9.75"
2026-07-09T13:23:37.510+00:00,/dev/cu.usbserial-58870137921,"RX,703667,R35,TXB,N16,203,410893,G,0,0.93,0.90,5,U,-56,9.25"
2026-07-09T13:23:37.993+00:00,/dev/cu.usbserial-58870137921,"RX,704150,R35,TXE,N61,201,411382,C,1,0.81,0.78,5,U,-33,9.50"
2026-07-09T13:23:38.105+00:00,/dev/cu.usbserial-58870137921,"RX,704262,R35,TXI,N121,100,411481,E,1,0.87,0.84,5,U,-55,9.75"
2026-07-09T13:23:38.243+00:00,/dev/cu.usbserial-58870137921,"RX,704400,R35,TXA,N01,409,411627,B,0,0.20,0.18,5,F,-36,9.50"
2026-07-09T13:23:38.387+00:00,/dev/cu.usbserial-58870137921,"RX,704544,R35,TXK,N151,205,411763,C,1,0.81,0.78,5,U,-51,10.25"
2026-07-09T13:23:38.997+00:00,/dev/cu.usbserial-58870137921,"RX,705154,R35,TXC,N31,101,412384,G,0,0.93,0.90,5,U,-37,9.50"
2026-07-09T13:23:39.243+00:00,/dev/cu.usbserial-58870137921,"RX,705400,R35,TXA,N01,410,412627,C,1,0.81,0.78,5,F,-36,10.00"
2026-07-09T13:23:39.510+00:00,/dev/cu.usbserial-58870137921,"RX,705667,R35,TXB,N16,204,412893,A,1,0.75,0.72,5,U,-55,9.50"
2026-07-09T13:23:39.993+00:00,/dev/cu.usbserial-58870137921,"RX,706150,R35,TXE,N61,202,413382,E,1,0.87,0.84,5,U,-33,9.50"
2026-07-09T13:23:40.105+00:00,/dev/cu.usbserial-58870137921,"RX,706262,R35,TXI,N121,101,413481,G,0,0.93,0.90,5,U,-62,9.50"
2026-07-09T13:23:40.243+00:00,/dev/cu.usbserial-58870137921,"RX,706400,R35,TXA,N01,411,413627,D,1,0.24,0.22,5,F,-36,10.25"
2026-07-09T13:23:40.387+00:00,/dev/cu.usbserial-58870137921,"RX,706544,R35,TXK,N151,206,413763,E,0,0.87,0.84,5,U,-53,9.25"
2026-07-09T13:23:41.243+00:00,/dev/cu.usbserial-58870137921,"RX,707400,R35,TXA,N01,412,414627,E,0,0.87,0.84,5,F,-37,9.50"
2026-07-09T13:23:41.510+00:00,/dev/cu.usbserial-58870137921,"RX,707667,R35,TXB,N16,205,414893,C,1,0.81,0.78,5,U,-56,11.50"
2026-07-09T13:23:41.993+00:00,/dev/cu.usbserial-58870137921,"RX,708150,R35,TXE,N61,203,415382,G,0,0.93,0.90,5,U,-34,9.50"
2026-07-09T13:23:42.243+00:00,/dev/cu.usbserial-58870137921,"RX,708400,R35,TXA,N01,413,415627,F,1,0.28,0.26,5,F,-37,10.25"
2026-07-09T13:23:42.353+00:00,/dev/cu.usbserial-58870137921,"RX,708510,R35,TXH,N106,27,415743,G,1,0.93,0.90,5,U,-34,8.00"
2026-07-09T13:23:42.535+00:00,/dev/cu.usbserial-58870137921,"RX,708692,R35,TXL,N166,27,415917,G,1,0.93,0.90,5,U,-42,9.75"
2026-07-09T13:23:42.741+00:00,/dev/cu.usbserial-58870137921,"RX,708898,R35,TXF,N76,102,416131,E,0,0.87,0.84,5,U,-42,9.50"
2026-07-09T13:23:43.046+00:00,/dev/cu.usbserial-58870137921,"RX,709204,R35,TXD,N46,51,416432,G,1,0.93,0.90,5,U,-45,10.00"
2026-07-09T13:23:43.243+00:00,/dev/cu.usbserial-58870137921,"RX,709400,R35,TXA,N01,414,416627,G,1,0.93,0.90,5,F,-36,9.50"
2026-07-09T13:23:43.510+00:00,/dev/cu.usbserial-58870137921,"RX,709667,R35,TXB,N16,206,416893,E,0,0.87,0.84,5,U,-56,10.00"
2026-07-09T13:23:43.691+00:00,/dev/cu.usbserial-58870137921,"RX,709848,R35,TXG,N91,50,417080,G,0,0.93,0.90,5,U,-46,10.00"
2026-07-09T13:23:43.993+00:00,/dev/cu.usbserial-58870137921,"RX,710150,R35,TXE,N61,204,417382,A,1,0.75,0.72,5,U,-33,9.75"
2026-07-09T13:23:44.243+00:00,/dev/cu.usbserial-58870137921,"RX,710400,R35,TXA,N01,415,417627,H,0,0.32,0.30,5,F,-36,9.50"
2026-07-09T13:23:44.387+00:00,/dev/cu.usbserial-58870137921,"RX,710544,R35,TXK,N151,208,417763,A,1,0.75,0.72,5,U,-51,10.00"
2026-07-09T13:23:44.741+00:00,/dev/cu.usbserial-58870137921,"RX,710898,R35,TXF,N76,103,418131,G,1,0.93,0.90,5,U,-42,9.50"
2026-07-09T13:23:44.900+00:00,/dev/cu.usbserial-58870137921,"RX,711057,R35,TXJ,N136,50,418281,G,0,0.93,0.90,5,U,-45,9.50"
2026-07-09T13:23:44.997+00:00,/dev/cu.usbserial-58870137921,"RX,711154,R35,TXC,N31,102,418384,E,0,0.87,0.84,5,U,-37,9.50"
2026-07-09T13:23:45.243+00:00,/dev/cu.usbserial-58870137921,"RX,711400,R35,TXA,N01,416,418627,A,1,0.75,0.72,5,F,-37,10.00"
2026-07-09T13:23:45.510+00:00,/dev/cu.usbserial-58870137921,"RX,711667,R35,TXB,N16,207,418893,G,1,0.93,0.90,5,U,-55,9.50"
2026-07-09T13:23:45.993+00:00,/dev/cu.usbserial-58870137921,"RX,712150,R35,TXE,N61,205,419382,C,1,0.81,0.78,5,U,-34,9.75"
2026-07-09T13:23:46.105+00:00,/dev/cu.usbserial-58870137921,"RX,712262,R35,TXI,N121,102,419481,E,0,0.87,0.84,5,U,-54,10.00"
2026-07-09T13:23:46.243+00:00,/dev/cu.usbserial-58870137921,"RX,712400,R35,TXA,N01,417,419627,B,1,0.20,0.18,5,F,-37,9.75"
2026-07-09T13:23:46.387+00:00,/dev/cu.usbserial-58870137921,"RX,712544,R35,TXK,N151,209,419763,C,0,0.81,0.78,5,U,-51,9.75"
2026-07-09T13:23:46.997+00:00,/dev/cu.usbserial-58870137921,"RX,713154,R35,TXC,N31,103,420384,G,1,0.93,0.90,5,U,-37,9.50"
2026-07-09T13:23:47.243+00:00,/dev/cu.usbserial-58870137921,"RX,713400,R35,TXA,N01,418,420627,C,0,0.81,0.78,5,F,-37,9.50"
2026-07-09T13:23:47.510+00:00,/dev/cu.usbserial-58870137921,"RX,713667,R35,TXB,N16,208,420893,A,1,0.75,0.72,5,U,-55,9.50"
2026-07-09T13:23:47.993+00:00,/dev/cu.usbserial-58870137921,"RX,714150,R35,TXE,N61,206,421382,E,0,0.87,0.84,5,U,-34,10.00"
2026-07-09T13:23:48.105+00:00,/dev/cu.usbserial-58870137921,"RX,714262,R35,TXI,N121,103,421481,G,1,0.93,0.90,5,U,-54,9.50"
2026-07-09T13:23:48.243+00:00,/dev/cu.usbserial-58870137921,"RX,714400,R35,TXA,N01,419,421627,D,1,0.24,0.22,5,F,-37,9.75"
2026-07-09T13:23:48.387+00:00,/dev/cu.usbserial-58870137921,"RX,714544,R35,TXK,N151,210,421763,E,1,0.87,0.84,5,U,-51,9.75"
2026-07-09T13:23:49.243+00:00,/dev/cu.usbserial-58870137921,"RX,715400,R35,TXA,N01,420,422627,E,1,0.87,0.84,5,F,-37,9.25"
2026-07-09T13:23:49.510+00:00,/dev/cu.usbserial-58870137921,"RX,715667,R35,TXB,N16,209,422893,C,0,0.81,0.78,5,U,-56,9.75"
2026-07-09T13:23:49.993+00:00,/dev/cu.usbserial-58870137921,"RX,716150,R35,TXE,N61,207,423382,G,1,0.93,0.90,5,U,-34,10.00"
2026-07-09T13:23:50.243+00:00,/dev/cu.usbserial-58870137921,"RX,716400,R35,TXA,N01,421,423627,F,0,0.28,0.26,5,F,-37,9.25"
2026-07-09T13:23:50.387+00:00,/dev/cu.usbserial-58870137921,"RX,716544,R35,TXK,N151,211,423763,G,1,0.93,0.90,5,U,-51,10.00"
2026-07-09T13:23:50.741+00:00,/dev/cu.usbserial-58870137921,"RX,716898,R35,TXF,N76,104,424131,E,1,0.87,0.84,5,U,-42,9.50"
2026-07-09T13:23:51.046+00:00,/dev/cu.usbserial-58870137921,"RX,717203,R35,TXD,N46,52,424432,G,1,0.93,0.90,5,U,-44,10.00"
2026-07-09T13:23:51.243+00:00,/dev/cu.usbserial-58870137921,"RX,717400,R35,TXA,N01,422,424627,G,1,0.93,0.90,5,F,-37,10.25"
2026-07-09T13:23:51.510+00:00,/dev/cu.usbserial-58870137921,"RX,717667,R35,TXB,N16,210,424893,E,1,0.87,0.84,5,U,-56,9.75"
2026-07-09T13:23:51.690+00:00,/dev/cu.usbserial-58870137921,"RX,717848,R35,TXG,N91,51,425080,G,1,0.93,0.90,5,U,-45,9.25"
2026-07-09T13:23:51.993+00:00,/dev/cu.usbserial-58870137921,"RX,718150,R35,TXE,N61,208,425382,A,1,0.75,0.72,5,U,-34,9.50"
2026-07-09T13:23:52.243+00:00,/dev/cu.usbserial-58870137921,"RX,718400,R35,TXA,N01,423,425627,H,1,0.32,0.30,5,F,-37,9.75"
2026-07-09T13:23:52.387+00:00,/dev/cu.usbserial-58870137921,"RX,718544,R35,TXK,N151,212,425763,A,0,0.75,0.72,5,U,-51,9.50"
2026-07-09T13:23:52.741+00:00,/dev/cu.usbserial-58870137921,"RX,718898,R35,TXF,N76,105,426131,G,1,0.93,0.90,5,U,-43,9.25"
2026-07-09T13:23:52.900+00:00,/dev/cu.usbserial-58870137921,"RX,719057,R35,TXJ,N136,51,426281,G,1,0.93,0.90,5,U,-45,9.50"
2026-07-09T13:23:52.997+00:00,/dev/cu.usbserial-58870137921,"RX,719154,R35,TXC,N31,104,426384,E,1,0.87,0.84,5,U,-37,9.50"
2026-07-09T13:23:53.243+00:00,/dev/cu.usbserial-58870137921,"RX,719400,R35,TXA,N01,424,426627,A,0,0.75,0.72,5,F,-37,10.00"
2026-07-09T13:23:53.510+00:00,/dev/cu.usbserial-58870137921,"RX,719667,R35,TXB,N16,211,426893,G,1,0.93,0.90,5,U,-56,10.25"
2026-07-09T13:23:53.993+00:00,/dev/cu.usbserial-58870137921,"RX,720150,R35,TXE,N61,209,427382,C,0,0.81,0.78,5,U,-34,9.50"
2026-07-09T13:23:54.105+00:00,/dev/cu.usbserial-58870137921,"RX,720262,R35,TXI,N121,104,427481,E,1,0.87,0.84,5,U,-54,10.25"
2026-07-09T13:23:54.243+00:00,/dev/cu.usbserial-58870137921,"RX,720400,R35,TXA,N01,425,427627,B,1,0.20,0.18,5,F,-37,9.25"
2026-07-09T13:23:54.387+00:00,/dev/cu.usbserial-58870137921,"RX,720544,R35,TXK,N151,213,427763,C,1,0.81,0.78,5,U,-50,9.75"
2026-07-09T13:23:54.997+00:00,/dev/cu.usbserial-58870137921,"RX,721154,R35,TXC,N31,105,428384,G,1,0.93,0.90,5,U,-37,9.25"
2026-07-09T13:23:55.243+00:00,/dev/cu.usbserial-58870137921,"RX,721400,R35,TXA,N01,426,428627,C,1,0.81,0.78,5,F,-37,9.75"
2026-07-09T13:23:55.510+00:00,/dev/cu.usbserial-58870137921,"RX,721667,R35,TXB,N16,212,428893,A,0,0.75,0.72,5,U,-56,10.00"
2026-07-09T13:23:55.993+00:00,/dev/cu.usbserial-58870137921,"RX,722150,R35,TXE,N61,210,429382,E,1,0.87,0.84,5,U,-33,10.00"
2026-07-09T13:23:56.105+00:00,/dev/cu.usbserial-58870137921,"RX,722262,R35,TXI,N121,105,429481,G,1,0.93,0.90,5,U,-53,9.75"
2026-07-09T13:23:56.243+00:00,/dev/cu.usbserial-58870137921,"RX,722400,R35,TXA,N01,427,429627,D,0,0.24,0.22,5,F,-37,9.75"
2026-07-09T13:23:56.387+00:00,/dev/cu.usbserial-58870137921,"RX,722544,R35,TXK,N151,214,429763,E,1,0.87,0.84,5,U,-50,10.00"
2026-07-09T13:23:57.243+00:00,/dev/cu.usbserial-58870137921,"RX,723400,R35,TXA,N01,428,430627,E,1,0.87,0.84,5,F,-37,10.00"
2026-07-09T13:23:57.510+00:00,/dev/cu.usbserial-58870137921,"RX,723667,R35,TXB,N16,213,430893,C,1,0.81,0.78,5,U,-56,9.75"
2026-07-09T13:23:57.993+00:00,/dev/cu.usbserial-58870137921,"RX,724150,R35,TXE,N61,211,431382,G,1,0.93,0.90,5,U,-33,9.75"
2026-07-09T13:23:58.243+00:00,/dev/cu.usbserial-58870137921,"RX,724400,R35,TXA,N01,429,431627,F,1,0.28,0.26,5,F,-36,9.50"
2026-07-09T13:23:58.387+00:00,/dev/cu.usbserial-58870137921,"RX,724544,R35,TXK,N151,215,431763,G,0,0.93,0.90,5,U,-49,10.00"
2026-07-09T13:23:58.741+00:00,/dev/cu.usbserial-58870137921,"RX,724898,R35,TXF,N76,106,432131,E,1,0.87,0.84,5,U,-44,9.50"
2026-07-09T13:23:59.046+00:00,/dev/cu.usbserial-58870137921,"RX,725203,R35,TXD,N46,53,432432,G,0,0.93,0.90,5,U,-45,10.00"
2026-07-09T13:23:59.243+00:00,/dev/cu.usbserial-58870137921,"RX,725400,R35,TXA,N01,430,432627,G,0,0.93,0.90,5,F,-36,9.50"
2026-07-09T13:23:59.510+00:00,/dev/cu.usbserial-58870137921,"RX,725667,R35,TXB,N16,214,432893,E,1,0.87,0.84,5,U,-56,9.25"
2026-07-09T13:23:59.690+00:00,/dev/cu.usbserial-58870137921,"RX,725848,R35,TXG,N91,52,433080,G,1,0.93,0.90,5,U,-47,9.75"
2026-07-09T13:23:59.994+00:00,/dev/cu.usbserial-58870137921,"RX,726150,R35,TXE,N61,212,433382,A,0,0.75,0.72,5,U,-33,9.50"
2026-07-09T13:24:00.243+00:00,/dev/cu.usbserial-58870137921,"RX,726400,R35,TXA,N01,431,433627,H,1,0.32,0.30,5,F,-36,10.00"
2026-07-09T13:24:00.387+00:00,/dev/cu.usbserial-58870137921,"RX,726544,R35,TXK,N151,216,433763,A,1,0.75,0.72,5,U,-53,9.75"
2026-07-09T13:24:00.741+00:00,/dev/cu.usbserial-58870137921,"RX,726898,R35,TXF,N76,107,434131,G,0,0.93,0.90,5,U,-44,9.50"
2026-07-09T13:24:00.900+00:00,/dev/cu.usbserial-58870137921,"RX,727057,R35,TXJ,N136,52,434281,G,1,0.93,0.90,5,U,-46,9.50"
2026-07-09T13:24:00.997+00:00,/dev/cu.usbserial-58870137921,"RX,727154,R35,TXC,N31,106,434384,E,1,0.87,0.84,5,U,-40,10.00"
2026-07-09T13:24:01.243+00:00,/dev/cu.usbserial-58870137921,"RX,727400,R35,TXA,N01,432,434627,A,1,0.75,0.72,5,F,-36,10.50"
2026-07-09T13:24:01.510+00:00,/dev/cu.usbserial-58870137921,"RX,727667,R35,TXB,N16,215,434893,G,0,0.93,0.90,5,U,-56,9.50"
2026-07-09T13:24:01.993+00:00,/dev/cu.usbserial-58870137921,"RX,728150,R35,TXE,N61,213,435382,C,1,0.81,0.78,5,U,-33,10.00"
2026-07-09T13:24:02.105+00:00,/dev/cu.usbserial-58870137921,"RX,728261,R35,TXI,N121,106,435481,E,1,0.87,0.84,5,U,-51,10.00"
2026-07-09T13:24:02.243+00:00,/dev/cu.usbserial-58870137921,"RX,728400,R35,TXA,N01,433,435627,B,0,0.20,0.18,5,F,-36,10.00"
2026-07-09T13:24:02.387+00:00,/dev/cu.usbserial-58870137921,"RX,728544,R35,TXK,N151,217,435763,C,1,0.81,0.78,5,U,-49,9.75"
2026-07-09T13:24:02.997+00:00,/dev/cu.usbserial-58870137921,"RX,729154,R35,TXC,N31,107,436384,G,0,0.93,0.90,5,U,-36,9.75"
2026-07-09T13:24:03.243+00:00,/dev/cu.usbserial-58870137921,"RX,729400,R35,TXA,N01,434,436627,C,1,0.81,0.78,5,F,-36,9.75"
2026-07-09T13:24:03.510+00:00,/dev/cu.usbserial-58870137921,"RX,729667,R35,TXB,N16,216,436893,A,1,0.75,0.72,5,U,-54,10.00"
2026-07-09T13:24:03.993+00:00,/dev/cu.usbserial-58870137921,"RX,730150,R35,TXE,N61,214,437382,E,1,0.87,0.84,5,U,-33,9.75"
2026-07-09T13:24:04.105+00:00,/dev/cu.usbserial-58870137921,"RX,730261,R35,TXI,N121,107,437481,G,0,0.93,0.90,5,U,-53,10.00"
2026-07-09T13:24:04.243+00:00,/dev/cu.usbserial-58870137921,"RX,730400,R35,TXA,N01,435,437627,D,1,0.24,0.22,5,F,-36,10.25"
2026-07-09T13:24:04.387+00:00,/dev/cu.usbserial-58870137921,"RX,730544,R35,TXK,N151,218,437763,E,0,0.87,0.84,5,U,-53,9.50"
2026-07-09T13:24:05.243+00:00,/dev/cu.usbserial-58870137921,"RX,731400,R35,TXA,N01,436,438627,E,0,0.87,0.84,5,F,-36,9.75"
2026-07-09T13:24:05.510+00:00,/dev/cu.usbserial-58870137921,"RX,731667,R35,TXB,N16,217,438893,C,1,0.81,0.78,5,U,-57,9.75"
2026-07-09T13:24:05.993+00:00,/dev/cu.usbserial-58870137921,"RX,732150,R35,TXE,N61,215,439382,G,0,0.93,0.90,5,U,-33,9.50"
2026-07-09T13:24:06.243+00:00,/dev/cu.usbserial-58870137921,"RX,732400,R35,TXA,N01,437,439627,F,1,0.28,0.26,5,F,-36,9.75"
2026-07-09T13:24:06.387+00:00,/dev/cu.usbserial-58870137921,"RX,732544,R35,TXK,N151,219,439763,G,1,0.93,0.90,5,U,-51,9.75"
2026-07-09T13:24:06.741+00:00,/dev/cu.usbserial-58870137921,"RX,732898,R35,TXF,N76,108,440131,E,0,0.87,0.84,5,U,-43,9.00"
2026-07-09T13:24:07.046+00:00,/dev/cu.usbserial-58870137921,"RX,733203,R35,TXD,N46,54,440432,G,1,0.93,0.90,5,U,-43,9.50"
2026-07-09T13:24:07.246+00:00,/dev/cu.usbserial-58870137921,"RX,733400,R35,TXA,N01,438,440627,G,1,0.93,0.90,5,F,-37,9.50"
2026-07-09T13:24:07.510+00:00,/dev/cu.usbserial-58870137921,"RX,733667,R35,TXB,N16,218,440893,E,0,0.87,0.84,5,U,-56,9.75"
2026-07-09T13:24:07.690+00:00,/dev/cu.usbserial-58870137921,"RX,733848,R35,TXG,N91,53,441080,G,0,0.93,0.90,5,U,-45,9.50"
2026-07-09T13:24:07.993+00:00,/dev/cu.usbserial-58870137921,"RX,734150,R35,TXE,N61,216,441382,A,1,0.75,0.72,5,U,-34,9.50"
2026-07-09T13:24:08.243+00:00,/dev/cu.usbserial-58870137921,"RX,734400,R35,TXA,N01,439,441627,H,0,0.32,0.30,5,F,-36,9.75"
2026-07-09T13:24:08.387+00:00,/dev/cu.usbserial-58870137921,"RX,734544,R35,TXK,N151,220,441763,A,1,0.75,0.72,5,U,-47,10.25"
2026-07-09T13:24:08.740+00:00,/dev/cu.usbserial-58870137921,"RX,734898,R35,TXF,N76,109,442131,G,1,0.93,0.90,5,U,-43,9.50"
2026-07-09T13:24:08.900+00:00,/dev/cu.usbserial-58870137921,"RX,735057,R35,TXJ,N136,53,442281,G,0,0.93,0.90,5,U,-49,9.25"
2026-07-09T13:24:08.996+00:00,/dev/cu.usbserial-58870137921,"RX,735154,R35,TXC,N31,108,442384,E,0,0.87,0.84,5,U,-36,9.50"
2026-07-09T13:24:09.243+00:00,/dev/cu.usbserial-58870137921,"RX,735400,R35,TXA,N01,440,442627,A,1,0.75,0.72,5,F,-34,9.50"
2026-07-09T13:24:09.510+00:00,/dev/cu.usbserial-58870137921,"RX,735667,R35,TXB,N16,219,442893,G,1,0.93,0.90,5,U,-66,9.75"
2026-07-09T13:24:09.993+00:00,/dev/cu.usbserial-58870137921,"RX,736150,R35,TXE,N61,217,443382,C,1,0.81,0.78,5,U,-32,9.75"
2026-07-09T13:24:10.104+00:00,/dev/cu.usbserial-58870137921,"RX,736261,R35,TXI,N121,108,443481,E,0,0.87,0.84,5,U,-44,10.00"
2026-07-09T13:24:10.243+00:00,/dev/cu.usbserial-58870137921,"RX,736400,R35,TXA,N01,441,443627,B,1,0.20,0.18,5,F,-34,9.50"
2026-07-09T13:24:10.387+00:00,/dev/cu.usbserial-58870137921,"RX,736544,R35,TXK,N151,221,443763,C,0,0.81,0.78,5,U,-45,10.00"
2026-07-09T13:24:10.997+00:00,/dev/cu.usbserial-58870137921,"RX,737154,R35,TXC,N31,109,444384,G,1,0.93,0.90,5,U,-37,9.75"
2026-07-09T13:24:11.243+00:00,/dev/cu.usbserial-58870137921,"RX,737400,R35,TXA,N01,442,444627,C,0,0.81,0.78,5,F,-36,9.50"
2026-07-09T13:24:11.509+00:00,/dev/cu.usbserial-58870137921,"RX,737667,R35,TXB,N16,220,444893,A,1,0.75,0.72,5,U,-61,9.75"
2026-07-09T13:24:11.994+00:00,/dev/cu.usbserial-58870137921,"RX,738150,R35,TXE,N61,218,445382,E,0,0.87,0.84,5,U,-32,9.50"
2026-07-09T13:24:12.105+00:00,/dev/cu.usbserial-58870137921,"RX,738261,R35,TXI,N121,109,445481,G,1,0.93,0.90,5,U,-48,9.25"
2026-07-09T13:24:12.243+00:00,/dev/cu.usbserial-58870137921,"RX,738400,R35,TXA,N01,443,445627,D,1,0.24,0.22,5,F,-35,10.75"
2026-07-09T13:24:12.387+00:00,/dev/cu.usbserial-58870137921,"RX,738544,R35,TXK,N151,222,445763,E,1,0.87,0.84,5,U,-47,10.25"
2026-07-09T13:24:13.243+00:00,/dev/cu.usbserial-58870137921,"RX,739400,R35,TXA,N01,444,446627,E,1,0.87,0.84,5,F,-36,10.75"
2026-07-09T13:24:13.510+00:00,/dev/cu.usbserial-58870137921,"RX,739667,R35,TXB,N16,221,446893,C,0,0.81,0.78,5,U,-66,9.25"
2026-07-09T13:24:13.993+00:00,/dev/cu.usbserial-58870137921,"RX,740150,R35,TXE,N61,219,447382,G,1,0.93,0.90,5,U,-33,9.50"
2026-07-09T13:24:14.243+00:00,/dev/cu.usbserial-58870137921,"RX,740400,R35,TXA,N01,445,447627,F,0,0.28,0.26,5,F,-34,9.50"
2026-07-09T13:24:14.387+00:00,/dev/cu.usbserial-58870137921,"RX,740544,R35,TXK,N151,223,447763,G,1,0.93,0.90,5,U,-47,9.75"
