wall_time_utc,serial_port,raw_line
2026-07-05T20:49:06.637+00:00,/dev/cu.usbserial-576B0005451,"RX,1321659,R33,TXA,N01,0,2127,A,1,0.75,0.72,5,F,-40,10.00"
2026-07-05T20:49:07.636+00:00,/dev/cu.usbserial-576B0005451,"RX,1322659,R33,TXA,N01,1,3127,B,0,0.20,0.18,5,F,-40,10.50"
2026-07-05T20:49:08.635+00:00,/dev/cu.usbserial-576B0005451,"RX,1323659,R33,TXA,N01,2,4127,C,1,0.81,0.78,5,F,-39,9.50"
2026-07-05T20:49:08.903+00:00,/dev/cu.usbserial-576B0005451,"RX,1323926,R33,TXB,N16,0,4393,A,1,0.75,0.72,5,U,-57,10.00"
2026-07-05T20:49:09.635+00:00,/dev/cu.usbserial-576B0005451,"RX,1324659,R33,TXA,N01,3,5127,D,1,0.24,0.22,5,F,-43,9.75"
2026-07-05T20:49:10.636+00:00,/dev/cu.usbserial-576B0005451,"RX,1325659,R33,TXA,N01,4,6127,E,0,0.87,0.84,5,F,-41,10.25"
2026-07-05T20:49:10.902+00:00,/dev/cu.usbserial-576B0005451,"RX,1325925,R33,TXB,N16,1,6393,C,1,0.81,0.78,5,U,-59,9.50"
2026-07-05T20:49:11.635+00:00,/dev/cu.usbserial-576B0005451,"RX,1326659,R33,TXA,N01,5,7127,F,1,0.28,0.26,5,F,-42,10.25"
2026-07-05T20:49:12.135+00:00,/dev/cu.usbserial-576B0005451,"RX,1327158,R33,TXF,N76,0,7631,E,0,0.87,0.84,5,U,-43,-2.50"
2026-07-05T20:49:12.636+00:00,/dev/cu.usbserial-576B0005451,"RX,1327659,R33,TXA,N01,6,8127,G,1,0.93,0.90,5,F,-42,10.50"
2026-07-05T20:49:12.903+00:00,/dev/cu.usbserial-576B0005451,"RX,1327926,R33,TXB,N16,2,8393,E,0,0.87,0.84,5,U,-59,9.75"
2026-07-05T20:49:13.384+00:00,/dev/cu.usbserial-576B0005451,"RX,1328407,R33,TXE,N61,0,8880,A,1,0.75,0.72,5,U,-47,9.50"
2026-07-05T20:49:13.636+00:00,/dev/cu.usbserial-576B0005451,"RX,1328659,R33,TXA,N01,7,9127,H,0,0.32,0.30,5,F,-42,10.00"
2026-07-05T20:49:14.135+00:00,/dev/cu.usbserial-576B0005451,"RX,1329158,R33,TXF,N76,1,9631,G,1,0.93,0.90,5,U,-53,10.25"
2026-07-05T20:49:14.390+00:00,/dev/cu.usbserial-576B0005451,"RX,1329413,R33,TXC,N31,0,9881,E,0,0.87,0.84,5,U,-44,10.00"
2026-07-05T20:49:14.641+00:00,/dev/cu.usbserial-576B0005451,"RX,1329664,R33,TXA,N01,8,10127,A,1,0.75,0.72,5,F,-43,9.50"
2026-07-05T20:49:14.907+00:00,/dev/cu.usbserial-576B0005451,"RX,1329931,R33,TXB,N16,3,10393,G,1,0.93,0.90,5,U,-60,9.75"
2026-07-05T20:49:15.388+00:00,/dev/cu.usbserial-576B0005451,"RX,1330411,R33,TXE,N61,1,10879,C,1,0.81,0.78,5,U,-48,9.50"
2026-07-05T20:49:15.640+00:00,/dev/cu.usbserial-576B0005451,"RX,1330664,R33,TXA,N01,9,11127,B,1,0.20,0.18,5,F,-43,9.50"
2026-07-05T20:49:16.394+00:00,/dev/cu.usbserial-576B0005451,"RX,1331418,R33,TXC,N31,1,11881,G,1,0.93,0.90,5,U,-43,9.50"
2026-07-05T20:49:16.641+00:00,/dev/cu.usbserial-576B0005451,"RX,1331664,R33,TXA,N01,10,12127,C,0,0.81,0.78,5,F,-40,10.00"
2026-07-05T20:49:16.907+00:00,/dev/cu.usbserial-576B0005451,"RX,1331931,R33,TXB,N16,4,12393,A,1,0.75,0.72,5,U,-56,9.75"
2026-07-05T20:49:17.388+00:00,/dev/cu.usbserial-576B0005451,"RX,1332411,R33,TXE,N61,2,12879,E,0,0.87,0.84,5,U,-52,9.75"
2026-07-05T20:49:17.641+00:00,/dev/cu.usbserial-576B0005451,"RX,1332664,R33,TXA,N01,11,13127,D,1,0.24,0.22,5,F,-41,9.75"
2026-07-05T20:49:18.641+00:00,/dev/cu.usbserial-576B0005451,"RX,1333664,R33,TXA,N01,12,14127,E,1,0.87,0.84,5,F,-42,10.00"
2026-07-05T20:49:18.907+00:00,/dev/cu.usbserial-576B0005451,"RX,1333931,R33,TXB,N16,5,14393,C,0,0.81,0.78,5,U,-60,9.75"
2026-07-05T20:49:19.388+00:00,/dev/cu.usbserial-576B0005451,"RX,1334411,R33,TXE,N61,3,14879,G,1,0.93,0.90,5,U,-49,9.25"
2026-07-05T20:49:19.641+00:00,/dev/cu.usbserial-576B0005451,"RX,1334664,R33,TXA,N01,13,15127,F,0,0.28,0.26,5,F,-43,10.25"
2026-07-05T20:49:20.144+00:00,/dev/cu.usbserial-576B0005451,"RX,1335168,R33,TXD,N46,1,15631,G,1,0.93,0.90,5,U,-53,3.50"
2026-07-05T20:49:20.641+00:00,/dev/cu.usbserial-576B0005451,"RX,1335664,R33,TXA,N01,14,16127,G,1,0.93,0.90,5,F,-42,9.25"
2026-07-05T20:49:20.889+00:00,/dev/cu.usbserial-576B0005451,"RX,1335912,R33,TXG,N91,0,16380,G,1,0.93,0.90,5,U,-44,7.25"
2026-07-05T20:49:21.388+00:00,/dev/cu.usbserial-576B0005451,"RX,1336411,R33,TXE,N61,4,16879,A,1,0.75,0.72,5,U,-49,9.50"
2026-07-05T20:49:21.641+00:00,/dev/cu.usbserial-576B0005451,"RX,1336664,R33,TXA,N01,15,17127,H,1,0.32,0.30,5,F,-43,9.50"
2026-07-05T20:49:22.140+00:00,/dev/cu.usbserial-576B0005451,"RX,1337163,R33,TXF,N76,3,17631,G,1,0.93,0.90,5,U,-55,9.25"
2026-07-05T20:49:22.394+00:00,/dev/cu.usbserial-576B0005451,"RX,1337417,R33,TXC,N31,2,17881,E,1,0.87,0.84,5,U,-38,9.00"
2026-07-05T20:49:22.641+00:00,/dev/cu.usbserial-576B0005451,"RX,1337664,R33,TXA,N01,16,18127,A,0,0.75,0.72,5,F,-43,9.50"
2026-07-05T20:49:22.907+00:00,/dev/cu.usbserial-576B0005451,"RX,1337931,R33,TXB,N16,7,18393,G,1,0.93,0.90,5,U,-60,9.50"
2026-07-05T20:49:23.388+00:00,/dev/cu.usbserial-576B0005451,"RX,1338411,R33,TXE,N61,5,18879,C,0,0.81,0.78,5,U,-49,9.75"
2026-07-05T20:49:23.641+00:00,/dev/cu.usbserial-576B0005451,"RX,1338664,R33,TXA,N01,17,19127,B,1,0.20,0.18,5,F,-42,10.50"
2026-07-05T20:49:24.394+00:00,/dev/cu.usbserial-576B0005451,"RX,1339418,R33,TXC,N31,3,19881,G,1,0.93,0.90,5,U,-45,9.50"
2026-07-05T20:49:24.641+00:00,/dev/cu.usbserial-576B0005451,"RX,1339664,R33,TXA,N01,18,20127,C,1,0.81,0.78,5,F,-43,9.25"
2026-07-05T20:49:24.908+00:00,/dev/cu.usbserial-576B0005451,"RX,1339931,R33,TXB,N16,8,20393,A,0,0.75,0.72,5,U,-60,9.50"
2026-07-05T20:49:25.388+00:00,/dev/cu.usbserial-576B0005451,"RX,1340411,R33,TXE,N61,6,20879,E,1,0.87,0.84,5,U,-52,9.25"
2026-07-05T20:49:25.641+00:00,/dev/cu.usbserial-576B0005451,"RX,1340664,R33,TXA,N01,19,21127,D,0,0.24,0.22,5,F,-43,9.75"
2026-07-05T20:49:26.641+00:00,/dev/cu.usbserial-576B0005451,"RX,1341664,R33,TXA,N01,20,22127,E,1,0.87,0.84,5,F,-43,9.50"
2026-07-05T20:49:26.908+00:00,/dev/cu.usbserial-576B0005451,"RX,1341931,R33,TXB,N16,9,22393,C,1,0.81,0.78,5,U,-60,9.50"
2026-07-05T20:49:27.388+00:00,/dev/cu.usbserial-576B0005451,"RX,1342411,R33,TXE,N61,7,22879,G,1,0.93,0.90,5,U,-52,9.50"
2026-07-05T20:49:27.641+00:00,/dev/cu.usbserial-576B0005451,"RX,1342664,R33,TXA,N01,21,23127,F,1,0.28,0.26,5,F,-42,9.75"
2026-07-05T20:49:28.140+00:00,/dev/cu.usbserial-576B0005451,"RX,1343163,R33,TXF,N76,4,23631,E,1,0.87,0.84,5,U,-43,-1.75"
2026-07-05T20:49:28.641+00:00,/dev/cu.usbserial-576B0005451,"RX,1343664,R33,TXA,N01,22,24127,G,0,0.93,0.90,5,F,-42,9.75"
2026-07-05T20:49:28.889+00:00,/dev/cu.usbserial-576B0005451,"RX,1343912,R33,TXG,N91,1,24380,G,1,0.93,0.90,5,U,-44,7.00"
2026-07-05T20:49:29.388+00:00,/dev/cu.usbserial-576B0005451,"RX,1344411,R33,TXE,N61,8,24879,A,0,0.75,0.72,5,U,-51,9.75"
2026-07-05T20:49:29.641+00:00,/dev/cu.usbserial-576B0005451,"RX,1344664,R33,TXA,N01,23,25127,H,1,0.32,0.30,5,F,-42,9.50"
2026-07-05T20:49:30.140+00:00,/dev/cu.usbserial-576B0005451,"RX,1345163,R33,TXF,N76,5,25631,G,0,0.93,0.90,5,U,-55,9.50"
2026-07-05T20:49:30.394+00:00,/dev/cu.usbserial-576B0005451,"RX,1345417,R33,TXC,N31,4,25881,E,1,0.87,0.84,5,U,-38,8.50"
2026-07-05T20:49:30.641+00:00,/dev/cu.usbserial-576B0005451,"RX,1345664,R33,TXA,N01,24,26127,A,1,0.75,0.72,5,F,-42,10.00"
2026-07-05T20:49:30.908+00:00,/dev/cu.usbserial-576B0005451,"RX,1345931,R33,TXB,N16,11,26393,G,0,0.93,0.90,5,U,-60,9.75"
2026-07-05T20:49:31.388+00:00,/dev/cu.usbserial-576B0005451,"RX,1346411,R33,TXE,N61,9,26879,C,1,0.81,0.78,5,U,-51,9.50"
2026-07-05T20:49:31.641+00:00,/dev/cu.usbserial-576B0005451,"RX,1346664,R33,TXA,N01,25,27127,B,0,0.20,0.18,5,F,-43,9.75"
2026-07-05T20:49:32.394+00:00,/dev/cu.usbserial-576B0005451,"RX,1347417,R33,TXC,N31,5,27881,G,0,0.93,0.90,5,U,-45,9.75"
2026-07-05T20:49:32.641+00:00,/dev/cu.usbserial-576B0005451,"RX,1347664,R33,TXA,N01,26,28127,C,1,0.81,0.78,5,F,-43,9.25"
2026-07-05T20:49:32.908+00:00,/dev/cu.usbserial-576B0005451,"RX,1347931,R33,TXB,N16,12,28393,A,1,0.75,0.72,5,U,-60,7.75"
2026-07-05T20:49:33.388+00:00,/dev/cu.usbserial-576B0005451,"RX,1348411,R33,TXE,N61,10,28879,E,1,0.87,0.84,5,U,-51,10.00"
2026-07-05T20:49:33.641+00:00,/dev/cu.usbserial-576B0005451,"RX,1348664,R33,TXA,N01,27,29127,D,1,0.24,0.22,5,F,-42,10.50"
2026-07-05T20:49:34.641+00:00,/dev/cu.usbserial-576B0005451,"RX,1349664,R33,TXA,N01,28,30127,E,0,0.87,0.84,5,F,-42,10.00"
2026-07-05T20:49:34.908+00:00,/dev/cu.usbserial-576B0005451,"RX,1349931,R33,TXB,N16,13,30393,C,1,0.81,0.78,5,U,-59,9.50"
2026-07-05T20:49:35.388+00:00,/dev/cu.usbserial-576B0005451,"RX,1350411,R33,TXE,N61,11,30879,G,0,0.93,0.90,5,U,-49,10.00"
2026-07-05T20:49:35.641+00:00,/dev/cu.usbserial-576B0005451,"RX,1350664,R33,TXA,N01,29,31127,F,1,0.28,0.26,5,F,-42,11.00"
2026-07-05T20:49:36.140+00:00,/dev/cu.usbserial-576B0005451,"RX,1351163,R33,TXF,N76,6,31631,E,0,0.87,0.84,5,U,-42,-1.50"
2026-07-05T20:49:36.641+00:00,/dev/cu.usbserial-576B0005451,"RX,1351664,R33,TXA,N01,30,32127,G,1,0.93,0.90,5,F,-42,9.50"
2026-07-05T20:49:36.889+00:00,/dev/cu.usbserial-576B0005451,"RX,1351912,R33,TXG,N91,2,32380,G,0,0.93,0.90,5,U,-44,7.50"
2026-07-05T20:49:37.388+00:00,/dev/cu.usbserial-576B0005451,"RX,1352412,R33,TXE,N61,12,32879,A,1,0.75,0.72,5,U,-49,9.50"
2026-07-05T20:49:37.640+00:00,/dev/cu.usbserial-576B0005451,"RX,1352664,R33,TXA,N01,31,33127,H,0,0.32,0.30,5,F,-42,10.25"
2026-07-05T20:49:38.140+00:00,/dev/cu.usbserial-576B0005451,"RX,1353163,R33,TXF,N76,7,33631,G,1,0.93,0.90,5,U,-53,9.50"
2026-07-05T20:49:38.394+00:00,/dev/cu.usbserial-576B0005451,"RX,1353417,R33,TXC,N31,6,33881,E,0,0.87,0.84,5,U,-38,9.50"
2026-07-05T20:49:38.641+00:00,/dev/cu.usbserial-576B0005451,"RX,1353664,R33,TXA,N01,32,34127,A,1,0.75,0.72,5,F,-42,10.25"
2026-07-05T20:49:38.908+00:00,/dev/cu.usbserial-576B0005451,"RX,1353931,R33,TXB,N16,15,34393,G,1,0.93,0.90,5,U,-59,9.75"
2026-07-05T20:49:39.388+00:00,/dev/cu.usbserial-576B0005451,"RX,1354411,R33,TXE,N61,13,34879,C,1,0.81,0.78,5,U,-49,10.00"
2026-07-05T20:49:39.641+00:00,/dev/cu.usbserial-576B0005451,"RX,1354664,R33,TXA,N01,33,35127,B,1,0.20,0.18,5,F,-42,10.75"
2026-07-05T20:49:40.394+00:00,/dev/cu.usbserial-576B0005451,"RX,1355417,R33,TXC,N31,7,35881,G,1,0.93,0.90,5,U,-44,9.50"
2026-07-05T20:49:40.641+00:00,/dev/cu.usbserial-576B0005451,"RX,1355664,R33,TXA,N01,34,36127,C,0,0.81,0.78,5,F,-42,9.75"
2026-07-05T20:49:40.908+00:00,/dev/cu.usbserial-576B0005451,"RX,1355931,R33,TXB,N16,16,36393,A,1,0.75,0.72,5,U,-60,9.75"
2026-07-05T20:49:41.388+00:00,/dev/cu.usbserial-576B0005451,"RX,1356412,R33,TXE,N61,14,36879,E,0,0.87,0.84,5,U,-49,10.50"
2026-07-05T20:49:41.641+00:00,/dev/cu.usbserial-576B0005451,"RX,1356664,R33,TXA,N01,35,37127,D,1,0.24,0.22,5,F,-42,10.50"
2026-07-05T20:49:42.640+00:00,/dev/cu.usbserial-576B0005451,"RX,1357664,R33,TXA,N01,36,38127,E,1,0.87,0.84,5,F,-42,10.50"
2026-07-05T20:49:42.908+00:00,/dev/cu.usbserial-576B0005451,"RX,1357931,R33,TXB,N16,17,38393,C,0,0.81,0.78,5,U,-60,9.50"
2026-07-05T20:49:43.388+00:00,/dev/cu.usbserial-576B0005451,"RX,1358412,R33,TXE,N61,15,38879,G,1,0.93,0.90,5,U,-47,10.25"
2026-07-05T20:49:43.641+00:00,/dev/cu.usbserial-576B0005451,"RX,1358664,R33,TXA,N01,37,39127,F,0,0.28,0.26,5,F,-42,12.50"
2026-07-05T20:49:44.641+00:00,/dev/cu.usbserial-576B0005451,"RX,1359664,R33,TXA,N01,38,40127,G,1,0.93,0.90,5,F,-39,9.75"
2026-07-05T20:49:44.889+00:00,/dev/cu.usbserial-576B0005451,"RX,1359912,R33,TXG,N91,3,40380,G,1,0.93,0.90,5,U,-45,5.00"
2026-07-05T20:49:45.388+00:00,/dev/cu.usbserial-576B0005451,"RX,1360412,R33,TXE,N61,16,40879,A,1,0.75,0.72,5,U,-43,10.00"
2026-07-05T20:49:45.641+00:00,/dev/cu.usbserial-576B0005451,"RX,1360664,R33,TXA,N01,39,41127,H,1,0.32,0.30,5,F,-41,9.75"
2026-07-05T20:49:46.140+00:00,/dev/cu.usbserial-576B0005451,"RX,1361163,R33,TXF,N76,9,41631,G,1,0.93,0.90,5,U,-50,9.75"
2026-07-05T20:49:46.394+00:00,/dev/cu.usbserial-576B0005451,"RX,1361417,R33,TXC,N31,8,41881,E,1,0.87,0.84,5,U,-35,7.25"
2026-07-05T20:49:46.907+00:00,/dev/cu.usbserial-576B0005451,"RX,1361931,R33,TXB,N16,19,42393,G,1,0.93,0.90,5,U,-58,9.50"
2026-07-05T20:49:47.388+00:00,/dev/cu.usbserial-576B0005451,"RX,1362411,R33,TXE,N61,17,42879,C,0,0.81,0.78,5,U,-45,9.75"
2026-07-05T20:49:47.641+00:00,/dev/cu.usbserial-576B0005451,"RX,1362664,R33,TXA,N01,41,43127,B,1,0.20,0.18,5,F,-40,10.25"
2026-07-05T20:49:48.394+00:00,/dev/cu.usbserial-576B0005451,"RX,1363417,R33,TXC,N31,9,43881,G,1,0.93,0.90,5,U,-41,9.50"
2026-07-05T20:49:48.641+00:00,/dev/cu.usbserial-576B0005451,"RX,1363664,R33,TXA,N01,42,44127,C,1,0.81,0.78,5,F,-40,9.75"
2026-07-05T20:49:48.908+00:00,/dev/cu.usbserial-576B0005451,"RX,1363931,R33,TXB,N16,20,44393,A,0,0.75,0.72,5,U,-57,9.75"
2026-07-05T20:49:49.388+00:00,/dev/cu.usbserial-576B0005451,"RX,1364412,R33,TXE,N61,18,44879,E,1,0.87,0.84,5,U,-44,9.50"
2026-07-05T20:49:49.641+00:00,/dev/cu.usbserial-576B0005451,"RX,1364664,R33,TXA,N01,43,45127,D,0,0.24,0.22,5,F,-41,12.00"
2026-07-05T20:49:50.641+00:00,/dev/cu.usbserial-576B0005451,"RX,1365664,R33,TXA,N01,44,46127,E,1,0.87,0.84,5,F,-41,10.00"
2026-07-05T20:49:50.908+00:00,/dev/cu.usbserial-576B0005451,"RX,1365931,R33,TXB,N16,21,46393,C,1,0.81,0.78,5,U,-58,9.50"
2026-07-05T20:49:51.388+00:00,/dev/cu.usbserial-576B0005451,"RX,1366411,R33,TXE,N61,19,46879,G,1,0.93,0.90,5,U,-43,10.00"
2026-07-05T20:49:51.641+00:00,/dev/cu.usbserial-576B0005451,"RX,1366664,R33,TXA,N01,45,47127,F,1,0.28,0.26,5,F,-41,10.75"
2026-07-05T20:49:52.641+00:00,/dev/cu.usbserial-576B0005451,"RX,1367664,R33,TXA,N01,46,48127,G,0,0.93,0.90,5,F,-43,9.75"
2026-07-05T20:49:52.889+00:00,/dev/cu.usbserial-576B0005451,"RX,1367912,R33,TXG,N91,4,48380,G,1,0.93,0.90,5,U,-47,3.25"
2026-07-05T20:49:53.388+00:00,/dev/cu.usbserial-576B0005451,"RX,1368411,R33,TXE,N61,20,48879,A,0,0.75,0.72,5,U,-44,9.25"
2026-07-05T20:49:53.641+00:00,/dev/cu.usbserial-576B0005451,"RX,1368664,R33,TXA,N01,47,49127,H,1,0.32,0.30,5,F,-39,10.00"
2026-07-05T20:49:54.140+00:00,/dev/cu.usbserial-576B0005451,"RX,1369163,R33,TXF,N76,11,49631,G,0,0.93,0.90,5,U,-47,10.00"
2026-07-05T20:49:54.394+00:00,/dev/cu.usbserial-576B0005451,"RX,1369417,R33,TXC,N31,10,49881,E,1,0.87,0.84,5,U,-42,9.75"
2026-07-05T20:49:54.641+00:00,/dev/cu.usbserial-576B0005451,"RX,1369664,R33,TXA,N01,48,50127,A,1,0.75,0.72,5,F,-40,10.00"
2026-07-05T20:49:54.908+00:00,/dev/cu.usbserial-576B0005451,"RX,1369931,R33,TXB,N16,23,50393,G,0,0.93,0.90,5,U,-56,10.25"
2026-07-05T20:49:55.388+00:00,/dev/cu.usbserial-576B0005451,"RX,1370412,R33,TXE,N61,21,50879,C,1,0.81,0.78,5,U,-44,9.75"
2026-07-05T20:49:55.641+00:00,/dev/cu.usbserial-576B0005451,"RX,1370664,R33,TXA,N01,49,51127,B,0,0.20,0.18,5,F,-39,10.50"
2026-07-05T20:49:56.394+00:00,/dev/cu.usbserial-576B0005451,"RX,1371417,R33,TXC,N31,11,51881,G,0,0.93,0.90,5,U,-43,9.50"
2026-07-05T20:49:56.641+00:00,/dev/cu.usbserial-576B0005451,"RX,1371664,R33,TXA,N01,50,52127,C,1,0.81,0.78,5,F,-39,10.00"
2026-07-05T20:49:56.908+00:00,/dev/cu.usbserial-576B0005451,"RX,1371931,R33,TXB,N16,24,52393,A,1,0.75,0.72,5,U,-58,10.00"
2026-07-05T20:49:57.388+00:00,/dev/cu.usbserial-576B0005451,"RX,1372412,R33,TXE,N61,22,52879,E,1,0.87,0.84,5,U,-42,9.75"
2026-07-05T20:49:58.641+00:00,/dev/cu.usbserial-576B0005451,"RX,1373664,R33,TXA,N01,52,54127,E,0,0.87,0.84,5,F,-39,11.75"
2026-07-05T20:49:58.907+00:00,/dev/cu.usbserial-576B0005451,"RX,1373931,R33,TXB,N16,25,54393,C,1,0.81,0.78,5,U,-57,9.75"
2026-07-05T20:49:59.388+00:00,/dev/cu.usbserial-576B0005451,"RX,1374412,R33,TXE,N61,23,54879,G,0,0.93,0.90,5,U,-44,10.00"
2026-07-05T20:49:59.641+00:00,/dev/cu.usbserial-576B0005451,"RX,1374664,R33,TXA,N01,53,55127,F,1,0.28,0.26,5,F,-39,11.00"
2026-07-05T20:50:00.139+00:00,/dev/cu.usbserial-576B0005451,"RX,1375163,R33,TXF,N76,12,55631,E,0,0.87,0.84,5,U,-39,-2.50"
2026-07-05T20:50:00.641+00:00,/dev/cu.usbserial-576B0005451,"RX,1375664,R33,TXA,N01,54,56127,G,1,0.93,0.90,5,F,-39,10.25"
2026-07-05T20:50:00.889+00:00,/dev/cu.usbserial-576B0005451,"RX,1375912,R33,TXG,N91,5,56380,G,0,0.93,0.90,5,U,-43,5.25"
2026-07-05T20:50:01.388+00:00,/dev/cu.usbserial-576B0005451,"RX,1376412,R33,TXE,N61,24,56879,A,1,0.75,0.72,5,U,-43,10.00"
2026-07-05T20:50:01.640+00:00,/dev/cu.usbserial-576B0005451,"RX,1376664,R33,TXA,N01,55,57127,H,0,0.32,0.30,5,F,-40,9.75"
2026-07-05T20:50:02.139+00:00,/dev/cu.usbserial-576B0005451,"RX,1377163,R33,TXF,N76,13,57631,G,1,0.93,0.90,5,U,-49,9.50"
2026-07-05T20:50:02.394+00:00,/dev/cu.usbserial-576B0005451,"RX,1377417,R33,TXC,N31,12,57881,E,0,0.87,0.84,5,U,-43,9.25"
2026-07-05T20:50:02.640+00:00,/dev/cu.usbserial-576B0005451,"RX,1377664,R33,TXA,N01,56,58127,A,1,0.75,0.72,5,F,-41,9.50"
2026-07-05T20:50:02.907+00:00,/dev/cu.usbserial-576B0005451,"RX,1377931,R33,TXB,N16,27,58393,G,1,0.93,0.90,5,U,-59,9.75"
2026-07-05T20:50:03.388+00:00,/dev/cu.usbserial-576B0005451,"RX,1378411,R33,TXE,N61,25,58879,C,1,0.81,0.78,5,U,-44,10.00"
2026-07-05T20:50:03.641+00:00,/dev/cu.usbserial-576B0005451,"RX,1378664,R33,TXA,N01,57,59127,B,1,0.20,0.18,5,F,-42,10.25"
2026-07-05T20:50:04.394+00:00,/dev/cu.usbserial-576B0005451,"RX,1379417,R33,TXC,N31,13,59881,G,1,0.93,0.90,5,U,-42,10.00"
2026-07-05T20:50:04.640+00:00,/dev/cu.usbserial-576B0005451,"RX,1379664,R33,TXA,N01,58,60127,C,0,0.81,0.78,5,F,-41,10.00"
2026-07-05T20:50:04.907+00:00,/dev/cu.usbserial-576B0005451,"RX,1379931,R33,TXB,N16,28,60393,A,1,0.75,0.72,5,U,-57,9.50"
2026-07-05T20:50:05.388+00:00,/dev/cu.usbserial-576B0005451,"RX,1380412,R33,TXE,N61,26,60879,E,0,0.87,0.84,5,U,-44,9.75"
2026-07-05T20:50:05.640+00:00,/dev/cu.usbserial-576B0005451,"RX,1380664,R33,TXA,N01,59,61127,D,1,0.24,0.22,5,F,-40,9.25"
2026-07-05T20:50:06.641+00:00,/dev/cu.usbserial-576B0005451,"RX,1381664,R33,TXA,N01,60,62127,E,1,0.87,0.84,5,F,-40,9.75"
2026-07-05T20:50:06.907+00:00,/dev/cu.usbserial-576B0005451,"RX,1381931,R33,TXB,N16,29,62393,C,0,0.81,0.78,5,U,-57,10.00"
2026-07-05T20:50:07.387+00:00,/dev/cu.usbserial-576B0005451,"RX,1382412,R33,TXE,N61,27,62879,G,1,0.93,0.90,5,U,-45,9.75"
2026-07-05T20:50:07.641+00:00,/dev/cu.usbserial-576B0005451,"RX,1382664,R33,TXA,N01,61,63127,F,0,0.28,0.26,5,F,-42,9.75"
2026-07-05T20:50:08.139+00:00,/dev/cu.usbserial-576B0005451,"RX,1383163,R33,TXF,N76,14,63631,E,1,0.87,0.84,5,U,-36,-2.75"
2026-07-05T20:50:08.640+00:00,/dev/cu.usbserial-576B0005451,"RX,1383664,R33,TXA,N01,62,64127,G,1,0.93,0.90,5,F,-43,9.75"
2026-07-05T20:50:08.889+00:00,/dev/cu.usbserial-576B0005451,"RX,1383912,R33,TXG,N91,6,64380,G,1,0.93,0.90,5,U,-42,6.50"
2026-07-05T20:50:09.388+00:00,/dev/cu.usbserial-576B0005451,"RX,1384411,R33,TXE,N61,28,64879,A,1,0.75,0.72,5,U,-43,10.00"
2026-07-05T20:50:09.640+00:00,/dev/cu.usbserial-576B0005451,"RX,1384664,R33,TXA,N01,63,65127,H,1,0.32,0.30,5,F,-40,9.75"
2026-07-05T20:50:10.139+00:00,/dev/cu.usbserial-576B0005451,"RX,1385163,R33,TXF,N76,15,65631,G,1,0.93,0.90,5,U,-50,10.25"
2026-07-05T20:50:10.394+00:00,/dev/cu.usbserial-576B0005451,"RX,1385417,R33,TXC,N31,14,65881,E,1,0.87,0.84,5,U,-38,9.25"
2026-07-05T20:50:10.640+00:00,/dev/cu.usbserial-576B0005451,"RX,1385664,R33,TXA,N01,64,66127,A,1,0.75,0.72,5,F,-40,9.75"
2026-07-05T20:50:10.907+00:00,/dev/cu.usbserial-576B0005451,"RX,1385931,R33,TXB,N16,31,66393,G,1,0.93,0.90,5,U,-57,10.25"
2026-07-05T20:50:11.388+00:00,/dev/cu.usbserial-576B0005451,"RX,1386412,R33,TXE,N61,29,66879,C,0,0.81,0.78,5,U,-43,9.75"
2026-07-05T20:50:11.641+00:00,/dev/cu.usbserial-576B0005451,"RX,1386664,R33,TXA,N01,65,67127,B,0,0.20,0.18,5,F,-42,10.50"
2026-07-05T20:50:12.394+00:00,/dev/cu.usbserial-576B0005451,"RX,1387417,R33,TXC,N31,15,67881,G,1,0.93,0.90,5,U,-40,9.75"
2026-07-05T20:50:12.640+00:00,/dev/cu.usbserial-576B0005451,"RX,1387664,R33,TXA,N01,66,68127,C,1,0.81,0.78,5,F,-41,9.75"
2026-07-05T20:50:12.907+00:00,/dev/cu.usbserial-576B0005451,"RX,1387931,R33,TXB,N16,32,68393,A,1,0.75,0.72,5,U,-57,10.00"
2026-07-05T20:50:13.388+00:00,/dev/cu.usbserial-576B0005451,"RX,1388412,R33,TXE,N61,30,68879,E,1,0.87,0.84,5,U,-44,10.25"
2026-07-05T20:50:13.641+00:00,/dev/cu.usbserial-576B0005451,"RX,1388664,R33,TXA,N01,67,69127,D,1,0.24,0.22,5,F,-42,10.50"
2026-07-05T20:50:14.641+00:00,/dev/cu.usbserial-576B0005451,"RX,1389664,R33,TXA,N01,68,70127,E,0,0.87,0.84,5,F,-41,10.00"
2026-07-05T20:50:14.907+00:00,/dev/cu.usbserial-576B0005451,"RX,1389931,R33,TXB,N16,33,70393,C,1,0.81,0.78,5,U,-57,10.25"
2026-07-05T20:50:15.388+00:00,/dev/cu.usbserial-576B0005451,"RX,1390412,R33,TXE,N61,31,70879,G,1,0.93,0.90,5,U,-44,10.25"
2026-07-05T20:50:15.640+00:00,/dev/cu.usbserial-576B0005451,"RX,1390664,R33,TXA,N01,69,71127,F,1,0.28,0.26,5,F,-42,9.75"
2026-07-05T20:50:16.641+00:00,/dev/cu.usbserial-576B0005451,"RX,1391664,R33,TXA,N01,70,72127,G,1,0.93,0.90,5,F,-41,10.25"
2026-07-05T20:50:16.889+00:00,/dev/cu.usbserial-576B0005451,"RX,1391912,R33,TXG,N91,7,72380,G,1,0.93,0.90,5,U,-42,6.50"
2026-07-05T20:50:17.388+00:00,/dev/cu.usbserial-576B0005451,"RX,1392412,R33,TXE,N61,32,72879,A,1,0.75,0.72,5,U,-44,9.50"
2026-07-05T20:50:17.640+00:00,/dev/cu.usbserial-576B0005451,"RX,1392664,R33,TXA,N01,71,73127,H,0,0.32,0.30,5,F,-41,10.25"
2026-07-05T20:50:18.139+00:00,/dev/cu.usbserial-576B0005451,"RX,1393163,R33,TXF,N76,17,73631,G,1,0.93,0.90,5,U,-52,10.00"
2026-07-05T20:50:18.394+00:00,/dev/cu.usbserial-576B0005451,"RX,1393417,R33,TXC,N31,16,73881,E,0,0.87,0.84,5,U,-39,9.75"
2026-07-05T20:50:18.640+00:00,/dev/cu.usbserial-576B0005451,"RX,1393664,R33,TXA,N01,72,74127,A,1,0.75,0.72,5,F,-42,9.75"
2026-07-05T20:50:18.907+00:00,/dev/cu.usbserial-576B0005451,"RX,1393931,R33,TXB,N16,35,74393,G,1,0.93,0.90,5,U,-57,10.00"
2026-07-05T20:50:19.388+00:00,/dev/cu.usbserial-576B0005451,"RX,1394411,R33,TXE,N61,33,74879,C,1,0.81,0.78,5,U,-44,9.75"
2026-07-05T20:50:19.640+00:00,/dev/cu.usbserial-576B0005451,"RX,1394664,R33,TXA,N01,73,75127,B,1,0.20,0.18,5,F,-41,9.75"
2026-07-05T20:50:20.395+00:00,/dev/cu.usbserial-576B0005451,"RX,1395417,R33,TXC,N31,17,75881,G,1,0.93,0.90,5,U,-39,10.00"
2026-07-05T20:50:20.640+00:00,/dev/cu.usbserial-576B0005451,"RX,1395664,R33,TXA,N01,74,76127,C,0,0.81,0.78,5,F,-41,10.25"
2026-07-05T20:50:20.907+00:00,/dev/cu.usbserial-576B0005451,"RX,1395931,R33,TXB,N16,36,76393,A,1,0.75,0.72,5,U,-57,9.75"
2026-07-05T20:50:21.388+00:00,/dev/cu.usbserial-576B0005451,"RX,1396412,R33,TXE,N61,34,76879,E,0,0.87,0.84,5,U,-44,9.75"
2026-07-05T20:50:21.640+00:00,/dev/cu.usbserial-576B0005451,"RX,1396664,R33,TXA,N01,75,77127,D,1,0.24,0.22,5,F,-42,10.25"
2026-07-05T20:50:22.640+00:00,/dev/cu.usbserial-576B0005451,"RX,1397664,R33,TXA,N01,76,78127,E,1,0.87,0.84,5,F,-39,9.75"
2026-07-05T20:50:22.907+00:00,/dev/cu.usbserial-576B0005451,"RX,1397931,R33,TXB,N16,37,78393,C,0,0.81,0.78,5,U,-61,9.75"
2026-07-05T20:50:23.640+00:00,/dev/cu.usbserial-576B0005451,"RX,1398664,R33,TXA,N01,77,79127,F,0,0.28,0.26,5,F,-40,10.00"
2026-07-05T20:50:24.640+00:00,/dev/cu.usbserial-576B0005451,"RX,1399664,R33,TXA,N01,78,80127,G,1,0.93,0.90,5,F,-41,10.00"
2026-07-05T20:50:24.888+00:00,/dev/cu.usbserial-576B0005451,"RX,1399912,R33,TXG,N91,8,80380,G,1,0.93,0.90,5,U,-40,7.75"
2026-07-05T20:50:25.388+00:00,/dev/cu.usbserial-576B0005451,"RX,1400412,R33,TXE,N61,36,80879,A,1,0.75,0.72,5,U,-44,10.25"
2026-07-05T20:50:25.640+00:00,/dev/cu.usbserial-576B0005451,"RX,1400664,R33,TXA,N01,79,81127,H,1,0.32,0.30,5,F,-41,10.50"
2026-07-05T20:50:26.139+00:00,/dev/cu.usbserial-576B0005451,"RX,1401163,R33,TXF,N76,19,81631,G,1,0.93,0.90,5,U,-48,9.75"
2026-07-05T20:50:26.394+00:00,/dev/cu.usbserial-576B0005451,"RX,1401417,R33,TXC,N31,18,81881,E,1,0.87,0.84,5,U,-29,8.25"
2026-07-05T20:50:26.640+00:00,/dev/cu.usbserial-576B0005451,"RX,1401664,R33,TXA,N01,80,82127,A,0,0.75,0.72,5,F,-42,9.75"
2026-07-05T20:50:26.907+00:00,/dev/cu.usbserial-576B0005451,"RX,1401931,R33,TXB,N16,39,82393,G,1,0.93,0.90,5,U,-56,10.00"
2026-07-05T20:50:27.388+00:00,/dev/cu.usbserial-576B0005451,"RX,1402412,R33,TXE,N61,37,82879,C,0,0.81,0.78,5,U,-44,9.75"
2026-07-05T20:50:27.640+00:00,/dev/cu.usbserial-576B0005451,"RX,1402664,R33,TXA,N01,81,83127,B,1,0.20,0.18,5,F,-40,9.75"
2026-07-05T20:50:28.394+00:00,/dev/cu.usbserial-576B0005451,"RX,1403417,R33,TXC,N31,19,83881,G,1,0.93,0.90,5,U,-39,10.00"
2026-07-05T20:50:28.640+00:00,/dev/cu.usbserial-576B0005451,"RX,1403664,R33,TXA,N01,82,84127,C,1,0.81,0.78,5,F,-40,10.25"
2026-07-05T20:50:28.907+00:00,/dev/cu.usbserial-576B0005451,"RX,1403931,R33,TXB,N16,40,84393,A,0,0.75,0.72,5,U,-57,9.75"
2026-07-05T20:50:29.388+00:00,/dev/cu.usbserial-576B0005451,"RX,1404412,R33,TXE,N61,38,84879,E,1,0.87,0.84,5,U,-44,10.25"
2026-07-05T20:50:29.640+00:00,/dev/cu.usbserial-576B0005451,"RX,1404664,R33,TXA,N01,83,85127,D,0,0.24,0.22,5,F,-42,10.00"
2026-07-05T20:50:30.640+00:00,/dev/cu.usbserial-576B0005451,"RX,1405664,R33,TXA,N01,84,86127,E,1,0.87,0.84,5,F,-41,9.75"
2026-07-05T20:50:30.907+00:00,/dev/cu.usbserial-576B0005451,"RX,1405931,R33,TXB,N16,41,86393,C,1,0.81,0.78,5,U,-58,10.00"
2026-07-05T20:50:31.388+00:00,/dev/cu.usbserial-576B0005451,"RX,1406412,R33,TXE,N61,39,86879,G,1,0.93,0.90,5,U,-43,10.25"
2026-07-05T20:50:31.640+00:00,/dev/cu.usbserial-576B0005451,"RX,1406664,R33,TXA,N01,85,87127,F,1,0.28,0.26,5,F,-42,9.50"
2026-07-05T20:50:32.640+00:00,/dev/cu.usbserial-576B0005451,"RX,1407664,R33,TXA,N01,86,88127,G,0,0.93,0.90,5,F,-41,9.75"
2026-07-05T20:50:32.888+00:00,/dev/cu.usbserial-576B0005451,"RX,1407912,R33,TXG,N91,9,88380,G,1,0.93,0.90,5,U,-42,6.50"
2026-07-05T20:50:33.388+00:00,/dev/cu.usbserial-576B0005451,"RX,1408412,R33,TXE,N61,40,88879,A,0,0.75,0.72,5,U,-44,10.50"
2026-07-05T20:50:33.640+00:00,/dev/cu.usbserial-576B0005451,"RX,1408664,R33,TXA,N01,87,89127,H,1,0.32,0.30,5,F,-41,10.25"
2026-07-05T20:50:34.139+00:00,/dev/cu.usbserial-576B0005451,"RX,1409163,R33,TXF,N76,21,89631,G,0,0.93,0.90,5,U,-47,9.50"
2026-07-05T20:50:34.394+00:00,/dev/cu.usbserial-576B0005451,"RX,1409417,R33,TXC,N31,20,89881,E,1,0.87,0.84,5,U,-30,4.50"
2026-07-05T20:50:34.640+00:00,/dev/cu.usbserial-576B0005451,"RX,1409664,R33,TXA,N01,88,90127,A,1,0.75,0.72,5,F,-40,9.75"
2026-07-05T20:50:34.907+00:00,/dev/cu.usbserial-576B0005451,"RX,1409931,R33,TXB,N16,43,90393,G,0,0.93,0.90,5,U,-56,10.00"
2026-07-05T20:50:35.388+00:00,/dev/cu.usbserial-576B0005451,"RX,1410411,R33,TXE,N61,41,90879,C,1,0.81,0.78,5,U,-44,10.75"
2026-07-05T20:50:35.640+00:00,/dev/cu.usbserial-576B0005451,"RX,1410664,R33,TXA,N01,89,91127,B,0,0.20,0.18,5,F,-42,10.00"
2026-07-05T20:50:36.393+00:00,/dev/cu.usbserial-576B0005451,"RX,1411417,R33,TXC,N31,21,91881,G,0,0.93,0.90,5,U,-39,10.25"
2026-07-05T20:50:36.640+00:00,/dev/cu.usbserial-576B0005451,"RX,1411664,R33,TXA,N01,90,92127,C,1,0.81,0.78,5,F,-41,9.25"
2026-07-05T20:50:36.907+00:00,/dev/cu.usbserial-576B0005451,"RX,1411931,R33,TXB,N16,44,92393,A,1,0.75,0.72,5,U,-56,10.00"
2026-07-05T20:50:37.388+00:00,/dev/cu.usbserial-576B0005451,"RX,1412411,R33,TXE,N61,42,92879,E,1,0.87,0.84,5,U,-43,10.75"
2026-07-05T20:50:37.640+00:00,/dev/cu.usbserial-576B0005451,"RX,1412664,R33,TXA,N01,91,93127,D,1,0.24,0.22,5,F,-42,10.00"
2026-07-05T20:50:38.640+00:00,/dev/cu.usbserial-576B0005451,"RX,1413664,R33,TXA,N01,92,94127,E,0,0.87,0.84,5,F,-41,10.25"
2026-07-05T20:50:38.907+00:00,/dev/cu.usbserial-576B0005451,"RX,1413931,R33,TXB,N16,45,94393,C,1,0.81,0.78,5,U,-57,10.00"
2026-07-05T20:50:39.388+00:00,/dev/cu.usbserial-576B0005451,"RX,1414411,R33,TXE,N61,43,94879,G,0,0.93,0.90,5,U,-45,10.00"
2026-07-05T20:50:39.640+00:00,/dev/cu.usbserial-576B0005451,"RX,1414664,R33,TXA,N01,93,95127,F,1,0.28,0.26,5,F,-40,9.50"
2026-07-05T20:50:40.139+00:00,/dev/cu.usbserial-576B0005451,"RX,1415163,R33,TXF,N76,22,95631,E,0,0.87,0.84,5,U,-40,1.25"
2026-07-05T20:50:40.640+00:00,/dev/cu.usbserial-576B0005451,"RX,1415664,R33,TXA,N01,94,96127,G,1,0.93,0.90,5,F,-38,9.50"
2026-07-05T20:50:40.888+00:00,/dev/cu.usbserial-576B0005451,"RX,1415912,R33,TXG,N91,10,96380,G,0,0.93,0.90,5,U,-40,8.00"
2026-07-05T20:50:41.388+00:00,/dev/cu.usbserial-576B0005451,"RX,1416412,R33,TXE,N61,44,96879,A,1,0.75,0.72,5,U,-44,12.25"
2026-07-05T20:50:41.640+00:00,/dev/cu.usbserial-576B0005451,"RX,1416664,R33,TXA,N01,95,97127,H,0,0.32,0.30,5,F,-40,10.00"
2026-07-05T20:50:42.139+00:00,/dev/cu.usbserial-576B0005451,"RX,1417163,R33,TXF,N76,23,97631,G,1,0.93,0.90,5,U,-49,9.75"
2026-07-05T20:50:42.393+00:00,/dev/cu.usbserial-576B0005451,"RX,1417417,R33,TXC,N31,22,97881,E,0,0.87,0.84,5,U,-27,2.75"
2026-07-05T20:50:42.640+00:00,/dev/cu.usbserial-576B0005451,"RX,1417664,R33,TXA,N01,96,98127,A,1,0.75,0.72,5,F,-42,10.25"
2026-07-05T20:50:42.907+00:00,/dev/cu.usbserial-576B0005451,"RX,1417931,R33,TXB,N16,47,98393,G,1,0.93,0.90,5,U,-56,9.75"
2026-07-05T20:50:43.388+00:00,/dev/cu.usbserial-576B0005451,"RX,1418412,R33,TXE,N61,45,98879,C,1,0.81,0.78,5,U,-43,9.75"
2026-07-05T20:50:43.640+00:00,/dev/cu.usbserial-576B0005451,"RX,1418664,R33,TXA,N01,97,99127,B,1,0.20,0.18,5,F,-40,9.75"
2026-07-05T20:50:44.393+00:00,/dev/cu.usbserial-576B0005451,"RX,1419417,R33,TXC,N31,23,99881,G,1,0.93,0.90,5,U,-38,9.50"
2026-07-05T20:50:44.640+00:00,/dev/cu.usbserial-576B0005451,"RX,1419664,R33,TXA,N01,98,100127,C,0,0.81,0.78,5,F,-40,9.75"
2026-07-05T20:50:44.907+00:00,/dev/cu.usbserial-576B0005451,"RX,1419931,R33,TXB,N16,48,100393,A,1,0.75,0.72,5,U,-57,9.50"
2026-07-05T20:50:45.388+00:00,/dev/cu.usbserial-576B0005451,"RX,1420412,R33,TXE,N61,46,100879,E,0,0.87,0.84,5,U,-43,9.50"
2026-07-05T20:50:45.640+00:00,/dev/cu.usbserial-576B0005451,"RX,1420664,R33,TXA,N01,99,101127,D,1,0.24,0.22,5,F,-44,9.25"
2026-07-05T20:50:46.641+00:00,/dev/cu.usbserial-576B0005451,"RX,1421664,R33,TXA,N01,100,102127,E,1,0.87,0.84,5,F,-40,9.50"
2026-07-05T20:50:46.907+00:00,/dev/cu.usbserial-576B0005451,"RX,1421931,R33,TXB,N16,49,102393,C,0,0.81,0.78,5,U,-55,9.75"
2026-07-05T20:50:47.388+00:00,/dev/cu.usbserial-576B0005451,"RX,1422412,R33,TXE,N61,47,102879,G,1,0.93,0.90,5,U,-45,10.00"
2026-07-05T20:50:47.641+00:00,/dev/cu.usbserial-576B0005451,"RX,1422664,R33,TXA,N01,101,103127,F,0,0.28,0.26,5,F,-39,12.00"
2026-07-05T20:50:48.139+00:00,/dev/cu.usbserial-576B0005451,"RX,1423163,R33,TXF,N76,24,103631,E,1,0.87,0.84,5,U,-39,-3.50"
2026-07-05T20:50:48.641+00:00,/dev/cu.usbserial-576B0005451,"RX,1423664,R33,TXA,N01,102,104127,G,1,0.93,0.90,5,F,-39,9.75"
2026-07-05T20:50:48.889+00:00,/dev/cu.usbserial-576B0005451,"RX,1423912,R33,TXG,N91,11,104380,G,1,0.93,0.90,5,U,-43,6.25"
2026-07-05T20:50:49.388+00:00,/dev/cu.usbserial-576B0005451,"RX,1424412,R33,TXE,N61,48,104879,A,1,0.75,0.72,5,U,-46,9.25"
2026-07-05T20:50:49.641+00:00,/dev/cu.usbserial-576B0005451,"RX,1424664,R33,TXA,N01,103,105127,H,1,0.32,0.30,5,F,-39,9.75"
2026-07-05T20:50:50.139+00:00,/dev/cu.usbserial-576B0005451,"RX,1425163,R33,TXF,N76,25,105631,G,1,0.93,0.90,5,U,-47,9.75"
2026-07-05T20:50:50.393+00:00,/dev/cu.usbserial-576B0005451,"RX,1425417,R33,TXC,N31,24,105881,E,1,0.87,0.84,5,U,-34,8.50"
2026-07-05T20:50:50.641+00:00,/dev/cu.usbserial-576B0005451,"RX,1425664,R33,TXA,N01,104,106127,A,0,0.75,0.72,5,F,-39,9.75"
2026-07-05T20:50:50.907+00:00,/dev/cu.usbserial-576B0005451,"RX,1425931,R33,TXB,N16,51,106393,G,1,0.93,0.90,5,U,-58,9.50"
2026-07-05T20:50:51.388+00:00,/dev/cu.usbserial-576B0005451,"RX,1426412,R33,TXE,N61,49,106879,C,0,0.81,0.78,5,U,-46,9.50"
2026-07-05T20:50:51.641+00:00,/dev/cu.usbserial-576B0005451,"RX,1426664,R33,TXA,N01,105,107127,B,1,0.20,0.18,5,F,-40,9.75"
2026-07-05T20:50:52.393+00:00,/dev/cu.usbserial-576B0005451,"RX,1427417,R33,TXC,N31,25,107881,G,1,0.93,0.90,5,U,-41,9.50"
2026-07-05T20:50:52.640+00:00,/dev/cu.usbserial-576B0005451,"RX,1427664,R33,TXA,N01,106,108127,C,1,0.81,0.78,5,F,-39,9.25"
2026-07-05T20:50:52.907+00:00,/dev/cu.usbserial-576B0005451,"RX,1427931,R33,TXB,N16,52,108393,A,0,0.75,0.72,5,U,-58,9.50"
2026-07-05T20:50:53.388+00:00,/dev/cu.usbserial-576B0005451,"RX,1428412,R33,TXE,N61,50,108879,E,1,0.87,0.84,5,U,-46,9.50"
2026-07-05T20:50:53.640+00:00,/dev/cu.usbserial-576B0005451,"RX,1428664,R33,TXA,N01,107,109127,D,0,0.24,0.22,5,F,-39,9.25"
2026-07-05T20:50:54.641+00:00,/dev/cu.usbserial-576B0005451,"RX,1429664,R33,TXA,N01,108,110127,E,1,0.87,0.84,5,F,-40,9.50"
2026-07-05T20:50:54.907+00:00,/dev/cu.usbserial-576B0005451,"RX,1429931,R33,TXB,N16,53,110393,C,1,0.81,0.78,5,U,-59,9.50"
2026-07-05T20:50:55.388+00:00,/dev/cu.usbserial-576B0005451,"RX,1430412,R33,TXE,N61,51,110879,G,1,0.93,0.90,5,U,-44,10.00"
2026-07-05T20:50:55.641+00:00,/dev/cu.usbserial-576B0005451,"RX,1430664,R33,TXA,N01,109,111127,F,1,0.28,0.26,5,F,-39,10.25"
2026-07-05T20:50:56.139+00:00,/dev/cu.usbserial-576B0005451,"RX,1431163,R33,TXF,N76,26,111631,E,1,0.87,0.84,5,U,-39,-2.75"
2026-07-05T20:50:56.640+00:00,/dev/cu.usbserial-576B0005451,"RX,1431664,R33,TXA,N01,110,112127,G,0,0.93,0.90,5,F,-40,9.75"
2026-07-05T20:50:56.888+00:00,/dev/cu.usbserial-576B0005451,"RX,1431912,R33,TXG,N91,12,112380,G,1,0.93,0.90,5,U,-43,6.25"
2026-07-05T20:50:57.388+00:00,/dev/cu.usbserial-576B0005451,"RX,1432412,R33,TXE,N61,52,112879,A,0,0.75,0.72,5,U,-44,9.50"
2026-07-05T20:50:57.640+00:00,/dev/cu.usbserial-576B0005451,"RX,1432664,R33,TXA,N01,111,113127,H,1,0.32,0.30,5,F,-39,9.75"
2026-07-05T20:50:58.139+00:00,/dev/cu.usbserial-576B0005451,"RX,1433163,R33,TXF,N76,27,113631,G,0,0.93,0.90,5,U,-49,9.75"
2026-07-05T20:50:58.393+00:00,/dev/cu.usbserial-576B0005451,"RX,1433417,R33,TXC,N31,26,113881,E,1,0.87,0.84,5,U,-41,9.50"
2026-07-05T20:50:58.640+00:00,/dev/cu.usbserial-576B0005451,"RX,1433664,R33,TXA,N01,112,114127,A,1,0.75,0.72,5,F,-39,9.50"
2026-07-05T20:50:58.907+00:00,/dev/cu.usbserial-576B0005451,"RX,1433931,R33,TXB,N16,55,114393,G,0,0.93,0.90,5,U,-57,9.50"
2026-07-05T20:50:59.388+00:00,/dev/cu.usbserial-576B0005451,"RX,1434412,R33,TXE,N61,53,114879,C,1,0.81,0.78,5,U,-45,9.50"
2026-07-05T20:50:59.641+00:00,/dev/cu.usbserial-576B0005451,"RX,1434664,R33,TXA,N01,113,115127,B,0,0.20,0.18,5,F,-39,10.00"
2026-07-05T20:51:00.393+00:00,/dev/cu.usbserial-576B0005451,"RX,1435417,R33,TXC,N31,27,115881,G,0,0.93,0.90,5,U,-41,9.50"
2026-07-05T20:51:00.641+00:00,/dev/cu.usbserial-576B0005451,"RX,1435664,R33,TXA,N01,114,116127,C,1,0.81,0.78,5,F,-40,9.75"
2026-07-05T20:51:00.907+00:00,/dev/cu.usbserial-576B0005451,"RX,1435931,R33,TXB,N16,56,116393,A,1,0.75,0.72,5,U,-57,9.50"
2026-07-05T20:51:01.388+00:00,/dev/cu.usbserial-576B0005451,"RX,1436412,R33,TXE,N61,54,116879,E,1,0.87,0.84,5,U,-44,10.00"
2026-07-05T20:51:01.641+00:00,/dev/cu.usbserial-576B0005451,"RX,1436664,R33,TXA,N01,115,117127,D,1,0.24,0.22,5,F,-39,10.25"
2026-07-05T20:51:02.640+00:00,/dev/cu.usbserial-576B0005451,"RX,1437664,R33,TXA,N01,116,118127,E,0,0.87,0.84,5,F,-40,9.50"
2026-07-05T20:51:02.907+00:00,/dev/cu.usbserial-576B0005451,"RX,1437931,R33,TXB,N16,57,118393,C,1,0.81,0.78,5,U,-57,9.75"
2026-07-05T20:51:03.388+00:00,/dev/cu.usbserial-576B0005451,"RX,1438412,R33,TXE,N61,55,118879,G,0,0.93,0.90,5,U,-45,9.75"
2026-07-05T20:51:03.640+00:00,/dev/cu.usbserial-576B0005451,"RX,1438664,R33,TXA,N01,117,119127,F,1,0.28,0.26,5,F,-40,9.75"
2026-07-05T20:51:04.139+00:00,/dev/cu.usbserial-576B0005451,"RX,1439163,R33,TXF,N76,28,119631,E,0,0.87,0.84,5,U,-39,-1.25"
2026-07-05T20:51:04.640+00:00,/dev/cu.usbserial-576B0005451,"RX,1439664,R33,TXA,N01,118,120127,G,1,0.93,0.90,5,F,-40,9.25"
2026-07-05T20:51:04.888+00:00,/dev/cu.usbserial-576B0005451,"RX,1439912,R33,TXG,N91,13,120380,G,0,0.93,0.90,5,U,-42,6.25"
2026-07-05T20:51:05.388+00:00,/dev/cu.usbserial-576B0005451,"RX,1440412,R33,TXE,N61,56,120879,A,1,0.75,0.72,5,U,-45,9.75"
2026-07-05T20:51:05.640+00:00,/dev/cu.usbserial-576B0005451,"RX,1440664,R33,TXA,N01,119,121127,H,0,0.32,0.30,5,F,-40,9.50"
2026-07-05T20:51:06.139+00:00,/dev/cu.usbserial-576B0005451,"RX,1441163,R33,TXF,N76,29,121631,G,1,0.93,0.90,5,U,-50,9.75"
2026-07-05T20:51:06.393+00:00,/dev/cu.usbserial-576B0005451,"RX,1441417,R33,TXC,N31,28,121881,E,0,0.87,0.84,5,U,-41,9.50"
2026-07-05T20:51:06.640+00:00,/dev/cu.usbserial-576B0005451,"RX,1441664,R33,TXA,N01,120,122127,A,1,0.75,0.72,5,F,-39,9.75"
2026-07-05T20:51:06.907+00:00,/dev/cu.usbserial-576B0005451,"RX,1441931,R33,TXB,N16,59,122393,G,1,0.93,0.90,5,U,-58,9.75"
2026-07-05T20:51:07.388+00:00,/dev/cu.usbserial-576B0005451,"RX,1442412,R33,TXE,N61,57,122879,C,1,0.81,0.78,5,U,-45,9.75"
2026-07-05T20:51:07.641+00:00,/dev/cu.usbserial-576B0005451,"RX,1442664,R33,TXA,N01,121,123127,B,1,0.20,0.18,5,F,-39,11.75"
2026-07-05T20:51:08.393+00:00,/dev/cu.usbserial-576B0005451,"RX,1443417,R33,TXC,N31,29,123881,G,1,0.93,0.90,5,U,-41,9.75"
2026-07-05T20:51:08.640+00:00,/dev/cu.usbserial-576B0005451,"RX,1443664,R33,TXA,N01,122,124127,C,0,0.81,0.78,5,F,-39,9.75"
2026-07-05T20:51:08.907+00:00,/dev/cu.usbserial-576B0005451,"RX,1443931,R33,TXB,N16,60,124393,A,1,0.75,0.72,5,U,-58,10.00"
2026-07-05T20:51:09.388+00:00,/dev/cu.usbserial-576B0005451,"RX,1444412,R33,TXE,N61,58,124879,E,0,0.87,0.84,5,U,-44,9.50"
2026-07-05T20:51:09.640+00:00,/dev/cu.usbserial-576B0005451,"RX,1444664,R33,TXA,N01,123,125127,D,1,0.24,0.22,5,F,-40,10.00"
2026-07-05T20:51:10.640+00:00,/dev/cu.usbserial-576B0005451,"RX,1445664,R33,TXA,N01,124,126127,E,1,0.87,0.84,5,F,-40,9.25"
2026-07-05T20:51:10.907+00:00,/dev/cu.usbserial-576B0005451,"RX,1445931,R33,TXB,N16,61,126393,C,0,0.81,0.78,5,U,-58,9.25"
2026-07-05T20:51:11.388+00:00,/dev/cu.usbserial-576B0005451,"RX,1446412,R33,TXE,N61,59,126879,G,1,0.93,0.90,5,U,-45,9.75"
2026-07-05T20:51:11.640+00:00,/dev/cu.usbserial-576B0005451,"RX,1446664,R33,TXA,N01,125,127127,F,0,0.28,0.26,5,F,-40,9.50"
2026-07-05T20:51:12.139+00:00,/dev/cu.usbserial-576B0005451,"RX,1447163,R33,TXF,N76,30,127631,E,1,0.87,0.84,5,U,-39,-2.25"
2026-07-05T20:51:12.640+00:00,/dev/cu.usbserial-576B0005451,"RX,1447664,R33,TXA,N01,126,128127,G,1,0.93,0.90,5,F,-40,9.75"
2026-07-05T20:51:12.888+00:00,/dev/cu.usbserial-576B0005451,"RX,1447912,R33,TXG,N91,14,128380,G,1,0.93,0.90,5,U,-41,7.25"
2026-07-05T20:51:13.388+00:00,/dev/cu.usbserial-576B0005451,"RX,1448412,R33,TXE,N61,60,128879,A,1,0.75,0.72,5,U,-43,9.75"
2026-07-05T20:51:13.640+00:00,/dev/cu.usbserial-576B0005451,"RX,1448664,R33,TXA,N01,127,129127,H,1,0.32,0.30,5,F,-40,10.25"
2026-07-05T20:51:14.139+00:00,/dev/cu.usbserial-576B0005451,"RX,1449163,R33,TXF,N76,31,129631,G,1,0.93,0.90,5,U,-49,9.25"
2026-07-05T20:51:14.393+00:00,/dev/cu.usbserial-576B0005451,"RX,1449417,R33,TXC,N31,30,129881,E,1,0.87,0.84,5,U,-41,9.75"
2026-07-05T20:51:14.640+00:00,/dev/cu.usbserial-576B0005451,"RX,1449664,R33,TXA,N01,128,130127,A,1,0.75,0.72,5,F,-39,10.00"
2026-07-05T20:51:14.907+00:00,/dev/cu.usbserial-576B0005451,"RX,1449931,R33,TXB,N16,63,130393,G,1,0.93,0.90,5,U,-57,9.75"
2026-07-05T20:51:15.388+00:00,/dev/cu.usbserial-576B0005451,"RX,1450412,R33,TXE,N61,61,130879,C,0,0.81,0.78,5,U,-44,9.75"
2026-07-05T20:51:15.640+00:00,/dev/cu.usbserial-576B0005451,"RX,1450664,R33,TXA,N01,129,131127,B,0,0.20,0.18,5,F,-39,9.75"
2026-07-05T20:51:16.393+00:00,/dev/cu.usbserial-576B0005451,"RX,1451417,R33,TXC,N31,31,131881,G,1,0.93,0.90,5,U,-40,10.00"
2026-07-05T20:51:16.640+00:00,/dev/cu.usbserial-576B0005451,"RX,1451664,R33,TXA,N01,130,132127,C,1,0.81,0.78,5,F,-40,9.75"
2026-07-05T20:51:16.907+00:00,/dev/cu.usbserial-576B0005451,"RX,1451931,R33,TXB,N16,64,132393,A,1,0.75,0.72,5,U,-57,9.25"
2026-07-05T20:51:17.388+00:00,/dev/cu.usbserial-576B0005451,"RX,1452412,R33,TXE,N61,62,132879,E,1,0.87,0.84,5,U,-44,9.50"
2026-07-05T20:51:17.640+00:00,/dev/cu.usbserial-576B0005451,"RX,1452664,R33,TXA,N01,131,133127,D,1,0.24,0.22,5,F,-41,10.00"
2026-07-05T20:51:18.640+00:00,/dev/cu.usbserial-576B0005451,"RX,1453664,R33,TXA,N01,132,134127,E,0,0.87,0.84,5,F,-43,9.50"
2026-07-05T20:51:18.907+00:00,/dev/cu.usbserial-576B0005451,"RX,1453931,R33,TXB,N16,65,134393,C,1,0.81,0.78,5,U,-60,9.75"
2026-07-05T20:51:19.388+00:00,/dev/cu.usbserial-576B0005451,"RX,1454412,R33,TXE,N61,63,134879,G,1,0.93,0.90,5,U,-46,9.75"
2026-07-05T20:51:19.640+00:00,/dev/cu.usbserial-576B0005451,"RX,1454664,R33,TXA,N01,133,135127,F,1,0.28,0.26,5,F,-38,9.25"
2026-07-05T20:51:20.640+00:00,/dev/cu.usbserial-576B0005451,"RX,1455664,R33,TXA,N01,134,136127,G,1,0.93,0.90,5,F,-37,10.00"
2026-07-05T20:51:20.888+00:00,/dev/cu.usbserial-576B0005451,"RX,1455912,R33,TXG,N91,15,136380,G,1,0.93,0.90,5,U,-39,6.25"
2026-07-05T20:51:21.388+00:00,/dev/cu.usbserial-576B0005451,"RX,1456412,R33,TXE,N61,64,136879,A,1,0.75,0.72,5,U,-42,9.25"
2026-07-05T20:51:21.640+00:00,/dev/cu.usbserial-576B0005451,"RX,1456664,R33,TXA,N01,135,137127,H,0,0.32,0.30,5,F,-39,10.00"
2026-07-05T20:51:22.139+00:00,/dev/cu.usbserial-576B0005451,"RX,1457163,R33,TXF,N76,33,137631,G,1,0.93,0.90,5,U,-50,9.50"
2026-07-05T20:51:22.393+00:00,/dev/cu.usbserial-576B0005451,"RX,1457417,R33,TXC,N31,32,137881,E,0,0.87,0.84,5,U,-39,9.50"
2026-07-05T20:51:22.640+00:00,/dev/cu.usbserial-576B0005451,"RX,1457664,R33,TXA,N01,136,138127,A,1,0.75,0.72,5,F,-37,9.75"
2026-07-05T20:51:22.907+00:00,/dev/cu.usbserial-576B0005451,"RX,1457931,R33,TXB,N16,67,138393,G,1,0.93,0.90,5,U,-54,9.50"
2026-07-05T20:51:23.387+00:00,/dev/cu.usbserial-576B0005451,"RX,1458412,R33,TXE,N61,65,138879,C,1,0.81,0.78,5,U,-43,9.25"
2026-07-05T20:51:23.640+00:00,/dev/cu.usbserial-576B0005451,"RX,1458664,R33,TXA,N01,137,139127,B,1,0.20,0.18,5,F,-37,9.50"
2026-07-05T20:51:24.393+00:00,/dev/cu.usbserial-576B0005451,"RX,1459417,R33,TXC,N31,33,139881,G,1,0.93,0.90,5,U,-41,9.75"
2026-07-05T20:51:24.640+00:00,/dev/cu.usbserial-576B0005451,"RX,1459664,R33,TXA,N01,138,140127,C,0,0.81,0.78,5,F,-39,9.75"
2026-07-05T20:51:24.907+00:00,/dev/cu.usbserial-576B0005451,"RX,1459931,R33,TXB,N16,68,140393,A,1,0.75,0.72,5,U,-55,10.00"
2026-07-05T20:51:25.387+00:00,/dev/cu.usbserial-576B0005451,"RX,1460412,R33,TXE,N61,66,140879,E,0,0.87,0.84,5,U,-43,9.75"
2026-07-05T20:51:25.640+00:00,/dev/cu.usbserial-576B0005451,"RX,1460664,R33,TXA,N01,139,141127,D,1,0.24,0.22,5,F,-39,9.75"
2026-07-05T20:51:26.640+00:00,/dev/cu.usbserial-576B0005451,"RX,1461664,R33,TXA,N01,140,142127,E,1,0.87,0.84,5,F,-39,9.75"
2026-07-05T20:51:26.907+00:00,/dev/cu.usbserial-576B0005451,"RX,1461931,R33,TXB,N16,69,142393,C,0,0.81,0.78,5,U,-55,9.25"
2026-07-05T20:51:27.388+00:00,/dev/cu.usbserial-576B0005451,"RX,1462412,R33,TXE,N61,67,142879,G,1,0.93,0.90,5,U,-42,9.50"
2026-07-05T20:51:27.640+00:00,/dev/cu.usbserial-576B0005451,"RX,1462664,R33,TXA,N01,141,143127,F,0,0.28,0.26,5,F,-38,9.50"
2026-07-05T20:51:28.640+00:00,/dev/cu.usbserial-576B0005451,"RX,1463664,R33,TXA,N01,142,144127,G,1,0.93,0.90,5,F,-39,9.50"
2026-07-05T20:51:28.888+00:00,/dev/cu.usbserial-576B0005451,"RX,1463912,R33,TXG,N91,16,144380,G,1,0.93,0.90,5,U,-40,4.50"
2026-07-05T20:51:29.388+00:00,/dev/cu.usbserial-576B0005451,"RX,1464412,R33,TXE,N61,68,144879,A,1,0.75,0.72,5,U,-46,9.75"
2026-07-05T20:51:29.640+00:00,/dev/cu.usbserial-576B0005451,"RX,1464664,R33,TXA,N01,143,145127,H,1,0.32,0.30,5,F,-39,9.75"
2026-07-05T20:51:30.139+00:00,/dev/cu.usbserial-576B0005451,"RX,1465163,R33,TXF,N76,35,145631,G,1,0.93,0.90,5,U,-50,9.75"
2026-07-05T20:51:30.393+00:00,/dev/cu.usbserial-576B0005451,"RX,1465417,R33,TXC,N31,34,145881,E,1,0.87,0.84,5,U,-31,0.75"
2026-07-05T20:51:30.640+00:00,/dev/cu.usbserial-576B0005451,"RX,1465664,R33,TXA,N01,144,146127,A,0,0.75,0.72,5,F,-39,10.00"
2026-07-05T20:51:30.907+00:00,/dev/cu.usbserial-576B0005451,"RX,1465931,R33,TXB,N16,71,146393,G,1,0.93,0.90,5,U,-54,9.75"
2026-07-05T20:51:31.388+00:00,/dev/cu.usbserial-576B0005451,"RX,1466412,R33,TXE,N61,69,146879,C,0,0.81,0.78,5,U,-42,9.50"
2026-07-05T20:51:31.640+00:00,/dev/cu.usbserial-576B0005451,"RX,1466664,R33,TXA,N01,145,147127,B,1,0.20,0.18,5,F,-38,9.50"
2026-07-05T20:51:32.393+00:00,/dev/cu.usbserial-576B0005451,"RX,1467417,R33,TXC,N31,35,147881,G,1,0.93,0.90,5,U,-39,9.25"
2026-07-05T20:51:32.640+00:00,/dev/cu.usbserial-576B0005451,"RX,1467664,R33,TXA,N01,146,148127,C,1,0.81,0.78,5,F,-39,9.75"
2026-07-05T20:51:32.907+00:00,/dev/cu.usbserial-576B0005451,"RX,1467931,R33,TXB,N16,72,148393,A,0,0.75,0.72,5,U,-55,9.50"
2026-07-05T20:51:33.388+00:00,/dev/cu.usbserial-576B0005451,"RX,1468412,R33,TXE,N61,70,148879,E,1,0.87,0.84,5,U,-41,10.25"
2026-07-05T20:51:33.640+00:00,/dev/cu.usbserial-576B0005451,"RX,1468664,R33,TXA,N01,147,149127,D,0,0.24,0.22,5,F,-38,9.75"
2026-07-05T20:51:34.640+00:00,/dev/cu.usbserial-576B0005451,"RX,1469664,R33,TXA,N01,148,150127,E,1,0.87,0.84,5,F,-39,9.50"
2026-07-05T20:51:34.907+00:00,/dev/cu.usbserial-576B0005451,"RX,1469931,R33,TXB,N16,73,150393,C,1,0.81,0.78,5,U,-55,10.00"
2026-07-05T20:51:35.387+00:00,/dev/cu.usbserial-576B0005451,"RX,1470412,R33,TXE,N61,71,150879,G,1,0.93,0.90,5,U,-47,10.25"
2026-07-05T20:51:35.640+00:00,/dev/cu.usbserial-576B0005451,"RX,1470664,R33,TXA,N01,149,151127,F,1,0.28,0.26,5,F,-38,9.50"
2026-07-05T20:51:36.640+00:00,/dev/cu.usbserial-576B0005451,"RX,1471664,R33,TXA,N01,150,152127,G,0,0.93,0.90,5,F,-40,10.00"
2026-07-05T20:51:36.888+00:00,/dev/cu.usbserial-576B0005451,"RX,1471912,R33,TXG,N91,17,152380,G,1,0.93,0.90,5,U,-44,2.25"
2026-07-05T20:51:37.387+00:00,/dev/cu.usbserial-576B0005451,"RX,1472412,R33,TXE,N61,72,152879,A,0,0.75,0.72,5,U,-44,9.75"
2026-07-05T20:51:37.640+00:00,/dev/cu.usbserial-576B0005451,"RX,1472664,R33,TXA,N01,151,153127,H,1,0.32,0.30,5,F,-39,10.00"
2026-07-05T20:51:38.138+00:00,/dev/cu.usbserial-576B0005451,"RX,1473163,R33,TXF,N76,37,153631,G,0,0.93,0.90,5,U,-51,9.50"
2026-07-05T20:51:38.393+00:00,/dev/cu.usbserial-576B0005451,"RX,1473417,R33,TXC,N31,36,153881,E,1,0.87,0.84,5,U,-29,1.25"
2026-07-05T20:51:38.640+00:00,/dev/cu.usbserial-576B0005451,"RX,1473664,R33,TXA,N01,152,154127,A,1,0.75,0.72,5,F,-39,10.00"
2026-07-05T20:51:38.907+00:00,/dev/cu.usbserial-576B0005451,"RX,1473931,R33,TXB,N16,75,154393,G,0,0.93,0.90,5,U,-55,9.75"
2026-07-05T20:51:39.387+00:00,/dev/cu.usbserial-576B0005451,"RX,1474412,R33,TXE,N61,73,154879,C,1,0.81,0.78,5,U,-46,9.75"
2026-07-05T20:51:39.640+00:00,/dev/cu.usbserial-576B0005451,"RX,1474664,R33,TXA,N01,153,155127,B,0,0.20,0.18,5,F,-39,9.50"
2026-07-05T20:51:40.393+00:00,/dev/cu.usbserial-576B0005451,"RX,1475417,R33,TXC,N31,37,155881,G,0,0.93,0.90,5,U,-40,9.50"
2026-07-05T20:51:40.640+00:00,/dev/cu.usbserial-576B0005451,"RX,1475664,R33,TXA,N01,154,156127,C,1,0.81,0.78,5,F,-39,10.25"
2026-07-05T20:51:40.907+00:00,/dev/cu.usbserial-576B0005451,"RX,1475931,R33,TXB,N16,76,156393,A,1,0.75,0.72,5,U,-56,9.50"
2026-07-05T20:51:41.387+00:00,/dev/cu.usbserial-576B0005451,"RX,1476412,R33,TXE,N61,74,156879,E,1,0.87,0.84,5,U,-45,9.50"
2026-07-05T20:51:41.640+00:00,/dev/cu.usbserial-576B0005451,"RX,1476664,R33,TXA,N01,155,157127,D,1,0.24,0.22,5,F,-39,9.75"
2026-07-05T20:51:42.640+00:00,/dev/cu.usbserial-576B0005451,"RX,1477664,R33,TXA,N01,156,158127,E,0,0.87,0.84,5,F,-39,9.75"
2026-07-05T20:51:42.907+00:00,/dev/cu.usbserial-576B0005451,"RX,1477931,R33,TXB,N16,77,158393,C,1,0.81,0.78,5,U,-56,9.25"
2026-07-05T20:51:43.387+00:00,/dev/cu.usbserial-576B0005451,"RX,1478412,R33,TXE,N61,75,158879,G,0,0.93,0.90,5,U,-45,9.25"
2026-07-05T20:51:43.640+00:00,/dev/cu.usbserial-576B0005451,"RX,1478664,R33,TXA,N01,157,159127,F,1,0.28,0.26,5,F,-39,10.00"
2026-07-05T20:51:44.640+00:00,/dev/cu.usbserial-576B0005451,"RX,1479664,R33,TXA,N01,158,160127,G,1,0.93,0.90,5,F,-39,9.50"
2026-07-05T20:51:44.888+00:00,/dev/cu.usbserial-576B0005451,"RX,1479912,R33,TXG,N91,18,160380,G,0,0.93,0.90,5,U,-42,4.50"
2026-07-05T20:51:45.387+00:00,/dev/cu.usbserial-576B0005451,"RX,1480412,R33,TXE,N61,76,160879,A,1,0.75,0.72,5,U,-45,9.25"
2026-07-05T20:51:45.640+00:00,/dev/cu.usbserial-576B0005451,"RX,1480664,R33,TXA,N01,159,161127,H,0,0.32,0.30,5,F,-39,9.75"
2026-07-05T20:51:46.138+00:00,/dev/cu.usbserial-576B0005451,"RX,1481163,R33,TXF,N76,39,161631,G,1,0.93,0.90,5,U,-54,9.75"
2026-07-05T20:51:46.393+00:00,/dev/cu.usbserial-576B0005451,"RX,1481417,R33,TXC,N31,38,161881,E,0,0.87,0.84,5,U,-31,1.50"
2026-07-05T20:51:46.640+00:00,/dev/cu.usbserial-576B0005451,"RX,1481664,R33,TXA,N01,160,162127,A,1,0.75,0.72,5,F,-39,9.75"
2026-07-05T20:51:46.907+00:00,/dev/cu.usbserial-576B0005451,"RX,1481931,R33,TXB,N16,79,162393,G,1,0.93,0.90,5,U,-56,9.50"
2026-07-05T20:51:47.387+00:00,/dev/cu.usbserial-576B0005451,"RX,1482412,R33,TXE,N61,77,162879,C,1,0.81,0.78,5,U,-44,10.00"
2026-07-05T20:51:47.640+00:00,/dev/cu.usbserial-576B0005451,"RX,1482664,R33,TXA,N01,161,163127,B,1,0.20,0.18,5,F,-39,9.75"
2026-07-05T20:51:48.393+00:00,/dev/cu.usbserial-576B0005451,"RX,1483417,R33,TXC,N31,39,163881,G,1,0.93,0.90,5,U,-40,9.75"
2026-07-05T20:51:48.640+00:00,/dev/cu.usbserial-576B0005451,"RX,1483664,R33,TXA,N01,162,164127,C,0,0.81,0.78,5,F,-40,9.25"
2026-07-05T20:51:48.907+00:00,/dev/cu.usbserial-576B0005451,"RX,1483931,R33,TXB,N16,80,164393,A,1,0.75,0.72,5,U,-55,9.50"
2026-07-05T20:51:49.387+00:00,/dev/cu.usbserial-576B0005451,"RX,1484412,R33,TXE,N61,78,164879,E,0,0.87,0.84,5,U,-44,9.50"
2026-07-05T20:51:49.640+00:00,/dev/cu.usbserial-576B0005451,"RX,1484664,R33,TXA,N01,163,165127,D,1,0.24,0.22,5,F,-41,9.75"
2026-07-05T20:51:50.640+00:00,/dev/cu.usbserial-576B0005451,"RX,1485664,R33,TXA,N01,164,166127,E,1,0.87,0.84,5,F,-39,9.75"
2026-07-05T20:51:50.907+00:00,/dev/cu.usbserial-576B0005451,"RX,1485931,R33,TXB,N16,81,166393,C,0,0.81,0.78,5,U,-56,9.75"
2026-07-05T20:51:51.387+00:00,/dev/cu.usbserial-576B0005451,"RX,1486412,R33,TXE,N61,79,166879,G,1,0.93,0.90,5,U,-44,10.00"
2026-07-05T20:51:51.640+00:00,/dev/cu.usbserial-576B0005451,"RX,1486664,R33,TXA,N01,165,167127,F,0,0.28,0.26,5,F,-39,10.00"
2026-07-05T20:51:52.640+00:00,/dev/cu.usbserial-576B0005451,"RX,1487664,R33,TXA,N01,166,168127,G,1,0.93,0.90,5,F,-40,9.00"
2026-07-05T20:51:52.888+00:00,/dev/cu.usbserial-576B0005451,"RX,1487912,R33,TXG,N91,19,168380,G,1,0.93,0.90,5,U,-42,5.00"
2026-07-05T20:51:53.387+00:00,/dev/cu.usbserial-576B0005451,"RX,1488412,R33,TXE,N61,80,168879,A,1,0.75,0.72,5,U,-45,9.50"
2026-07-05T20:51:53.640+00:00,/dev/cu.usbserial-576B0005451,"RX,1488664,R33,TXA,N01,167,169127,H,1,0.32,0.30,5,F,-39,9.50"
2026-07-05T20:51:54.138+00:00,/dev/cu.usbserial-576B0005451,"RX,1489163,R33,TXF,N76,41,169631,G,1,0.93,0.90,5,U,-48,9.75"
2026-07-05T20:51:54.392+00:00,/dev/cu.usbserial-576B0005451,"RX,1489417,R33,TXC,N31,40,169881,E,1,0.87,0.84,5,U,-27,1.50"
2026-07-05T20:51:54.640+00:00,/dev/cu.usbserial-576B0005451,"RX,1489664,R33,TXA,N01,168,170127,A,0,0.75,0.72,5,F,-39,9.75"
2026-07-05T20:51:54.907+00:00,/dev/cu.usbserial-576B0005451,"RX,1489931,R33,TXB,N16,83,170393,G,1,0.93,0.90,5,U,-56,9.75"
2026-07-05T20:51:55.387+00:00,/dev/cu.usbserial-576B0005451,"RX,1490412,R33,TXE,N61,81,170879,C,0,0.81,0.78,5,U,-47,12.50"
2026-07-05T20:51:55.640+00:00,/dev/cu.usbserial-576B0005451,"RX,1490664,R33,TXA,N01,169,171127,B,1,0.20,0.18,5,F,-40,10.25"
2026-07-05T20:51:56.395+00:00,/dev/cu.usbserial-576B0005451,"RX,1491417,R33,TXC,N31,41,171881,G,1,0.93,0.90,5,U,-40,9.75"
2026-07-05T20:51:56.640+00:00,/dev/cu.usbserial-576B0005451,"RX,1491664,R33,TXA,N01,170,172127,C,1,0.81,0.78,5,F,-39,10.00"
2026-07-05T20:51:56.907+00:00,/dev/cu.usbserial-576B0005451,"RX,1491931,R33,TXB,N16,84,172393,A,0,0.75,0.72,5,U,-55,9.50"
2026-07-05T20:51:57.387+00:00,/dev/cu.usbserial-576B0005451,"RX,1492412,R33,TXE,N61,82,172879,E,1,0.87,0.84,5,U,-44,9.75"
2026-07-05T20:51:57.640+00:00,/dev/cu.usbserial-576B0005451,"RX,1492664,R33,TXA,N01,171,173127,D,0,0.24,0.22,5,F,-39,10.00"
2026-07-05T20:51:58.640+00:00,/dev/cu.usbserial-576B0005451,"RX,1493664,R33,TXA,N01,172,174127,E,1,0.87,0.84,5,F,-39,9.50"
2026-07-05T20:51:58.907+00:00,/dev/cu.usbserial-576B0005451,"RX,1493931,R33,TXB,N16,85,174393,C,1,0.81,0.78,5,U,-55,9.75"
2026-07-05T20:51:59.387+00:00,/dev/cu.usbserial-576B0005451,"RX,1494412,R33,TXE,N61,83,174879,G,1,0.93,0.90,5,U,-46,10.00"
2026-07-05T20:51:59.640+00:00,/dev/cu.usbserial-576B0005451,"RX,1494664,R33,TXA,N01,173,175127,F,1,0.28,0.26,5,F,-39,9.75"
2026-07-05T20:52:00.640+00:00,/dev/cu.usbserial-576B0005451,"RX,1495664,R33,TXA,N01,174,176127,G,0,0.93,0.90,5,F,-38,10.00"
2026-07-05T20:52:00.888+00:00,/dev/cu.usbserial-576B0005451,"RX,1495912,R33,TXG,N91,20,176380,G,1,0.93,0.90,5,U,-43,4.25"
2026-07-05T20:52:01.387+00:00,/dev/cu.usbserial-576B0005451,"RX,1496412,R33,TXE,N61,84,176879,A,0,0.75,0.72,5,U,-46,9.50"
2026-07-05T20:52:01.640+00:00,/dev/cu.usbserial-576B0005451,"RX,1496664,R33,TXA,N01,175,177127,H,1,0.32,0.30,5,F,-38,9.75"
2026-07-05T20:52:02.138+00:00,/dev/cu.usbserial-576B0005451,"RX,1497163,R33,TXF,N76,43,177631,G,0,0.93,0.90,5,U,-51,9.75"
2026-07-05T20:52:02.392+00:00,/dev/cu.usbserial-576B0005451,"RX,1497417,R33,TXC,N31,42,177881,E,1,0.87,0.84,5,U,-39,9.50"
2026-07-05T20:52:02.640+00:00,/dev/cu.usbserial-576B0005451,"RX,1497664,R33,TXA,N01,176,178127,A,1,0.75,0.72,5,F,-38,9.50"
2026-07-05T20:52:02.907+00:00,/dev/cu.usbserial-576B0005451,"RX,1497931,R33,TXB,N16,87,178393,G,0,0.93,0.90,5,U,-56,9.75"
2026-07-05T20:52:03.387+00:00,/dev/cu.usbserial-576B0005451,"RX,1498412,R33,TXE,N61,85,178879,C,1,0.81,0.78,5,U,-45,9.50"
2026-07-05T20:52:03.640+00:00,/dev/cu.usbserial-576B0005451,"RX,1498664,R33,TXA,N01,177,179127,B,0,0.20,0.18,5,F,-39,9.50"
2026-07-05T20:52:04.392+00:00,/dev/cu.usbserial-576B0005451,"RX,1499417,R33,TXC,N31,43,179881,G,0,0.93,0.90,5,U,-40,9.50"
2026-07-05T20:52:04.640+00:00,/dev/cu.usbserial-576B0005451,"RX,1499664,R33,TXA,N01,178,180127,C,1,0.81,0.78,5,F,-39,9.75"
2026-07-05T20:52:04.907+00:00,/dev/cu.usbserial-576B0005451,"RX,1499931,R33,TXB,N16,88,180393,A,1,0.75,0.72,5,U,-55,9.25"
2026-07-05T20:52:05.387+00:00,/dev/cu.usbserial-576B0005451,"RX,1500412,R33,TXE,N61,86,180879,E,1,0.87,0.84,5,U,-45,9.25"
2026-07-05T20:52:05.640+00:00,/dev/cu.usbserial-576B0005451,"RX,1500664,R33,TXA,N01,179,181127,D,1,0.24,0.22,5,F,-38,10.25"
2026-07-05T20:52:06.640+00:00,/dev/cu.usbserial-576B0005451,"RX,1501664,R33,TXA,N01,180,182127,E,0,0.87,0.84,5,F,-39,10.00"
2026-07-05T20:52:06.906+00:00,/dev/cu.usbserial-576B0005451,"RX,1501931,R33,TXB,N16,89,182393,C,1,0.81,0.78,5,U,-55,9.75"
2026-07-05T20:52:07.387+00:00,/dev/cu.usbserial-576B0005451,"RX,1502412,R33,TXE,N61,87,182879,G,0,0.93,0.90,5,U,-45,9.50"
2026-07-05T20:52:07.640+00:00,/dev/cu.usbserial-576B0005451,"RX,1502664,R33,TXA,N01,181,183127,F,1,0.28,0.26,5,F,-39,9.50"
2026-07-05T20:52:08.640+00:00,/dev/cu.usbserial-576B0005451,"RX,1503664,R33,TXA,N01,182,184127,G,1,0.93,0.90,5,F,-39,10.25"
2026-07-05T20:52:08.888+00:00,/dev/cu.usbserial-576B0005451,"RX,1503912,R33,TXG,N91,21,184380,G,0,0.93,0.90,5,U,-42,4.00"
2026-07-05T20:52:09.387+00:00,/dev/cu.usbserial-576B0005451,"RX,1504412,R33,TXE,N61,88,184879,A,1,0.75,0.72,5,U,-45,9.25"
2026-07-05T20:52:09.640+00:00,/dev/cu.usbserial-576B0005451,"RX,1504664,R33,TXA,N01,183,185127,H,0,0.32,0.30,5,F,-38,9.75"
2026-07-05T20:52:10.138+00:00,/dev/cu.usbserial-576B0005451,"RX,1505163,R33,TXF,N76,45,185631,G,1,0.93,0.90,5,U,-50,10.25"
2026-07-05T20:52:10.392+00:00,/dev/cu.usbserial-576B0005451,"RX,1505417,R33,TXC,N31,44,185881,E,0,0.87,0.84,5,U,-40,9.50"
2026-07-05T20:52:10.640+00:00,/dev/cu.usbserial-576B0005451,"RX,1505664,R33,TXA,N01,184,186127,A,1,0.75,0.72,5,F,-39,9.75"
2026-07-05T20:52:10.906+00:00,/dev/cu.usbserial-576B0005451,"RX,1505931,R33,TXB,N16,91,186393,G,1,0.93,0.90,5,U,-55,9.50"
2026-07-05T20:52:11.387+00:00,/dev/cu.usbserial-576B0005451,"RX,1506412,R33,TXE,N61,89,186879,C,1,0.81,0.78,5,U,-48,10.00"
2026-07-05T20:52:11.640+00:00,/dev/cu.usbserial-576B0005451,"RX,1506664,R33,TXA,N01,185,187127,B,1,0.20,0.18,5,F,-38,9.50"
2026-07-05T20:52:12.392+00:00,/dev/cu.usbserial-576B0005451,"RX,1507417,R33,TXC,N31,45,187881,G,1,0.93,0.90,5,U,-38,9.50"
2026-07-05T20:52:12.640+00:00,/dev/cu.usbserial-576B0005451,"RX,1507664,R33,TXA,N01,186,188127,C,0,0.81,0.78,5,F,-39,9.75"
2026-07-05T20:52:12.907+00:00,/dev/cu.usbserial-576B0005451,"RX,1507931,R33,TXB,N16,92,188393,A,1,0.75,0.72,5,U,-55,9.75"
2026-07-05T20:52:13.387+00:00,/dev/cu.usbserial-576B0005451,"RX,1508412,R33,TXE,N61,90,188879,E,0,0.87,0.84,5,U,-45,9.25"
2026-07-05T20:52:13.640+00:00,/dev/cu.usbserial-576B0005451,"RX,1508664,R33,TXA,N01,187,189127,D,1,0.24,0.22,5,F,-39,10.00"
2026-07-05T20:52:14.640+00:00,/dev/cu.usbserial-576B0005451,"RX,1509664,R33,TXA,N01,188,190127,E,1,0.87,0.84,5,F,-37,10.00"
2026-07-05T20:52:14.906+00:00,/dev/cu.usbserial-576B0005451,"RX,1509931,R33,TXB,N16,93,190393,C,0,0.81,0.78,5,U,-57,9.75"
2026-07-05T20:52:15.387+00:00,/dev/cu.usbserial-576B0005451,"RX,1510412,R33,TXE,N61,91,190879,G,1,0.93,0.90,5,U,-42,9.50"
2026-07-05T20:52:15.640+00:00,/dev/cu.usbserial-576B0005451,"RX,1510664,R33,TXA,N01,189,191127,F,0,0.28,0.26,5,F,-39,9.75"
2026-07-05T20:52:16.138+00:00,/dev/cu.usbserial-576B0005451,"RX,1511163,R33,TXF,N76,46,191631,E,1,0.87,0.84,5,U,-37,-2.00"
2026-07-05T20:52:16.640+00:00,/dev/cu.usbserial-576B0005451,"RX,1511664,R33,TXA,N01,190,192127,G,1,0.93,0.90,5,F,-38,9.75"
2026-07-05T20:52:16.888+00:00,/dev/cu.usbserial-576B0005451,"RX,1511912,R33,TXG,N91,22,192380,G,1,0.93,0.90,5,U,-40,5.75"
2026-07-05T20:52:17.387+00:00,/dev/cu.usbserial-576B0005451,"RX,1512412,R33,TXE,N61,92,192879,A,1,0.75,0.72,5,U,-43,9.50"
2026-07-05T20:52:17.640+00:00,/dev/cu.usbserial-576B0005451,"RX,1512664,R33,TXA,N01,191,193127,H,1,0.32,0.30,5,F,-38,9.75"
2026-07-05T20:52:18.138+00:00,/dev/cu.usbserial-576B0005451,"RX,1513163,R33,TXF,N76,47,193631,G,1,0.93,0.90,5,U,-49,9.75"
2026-07-05T20:52:18.392+00:00,/dev/cu.usbserial-576B0005451,"RX,1513417,R33,TXC,N31,46,193881,E,1,0.87,0.84,5,U,-40,9.50"
2026-07-05T20:52:18.640+00:00,/dev/cu.usbserial-576B0005451,"RX,1513664,R33,TXA,N01,192,194127,A,1,0.75,0.72,5,F,-39,10.25"
2026-07-05T20:52:18.906+00:00,/dev/cu.usbserial-576B0005451,"RX,1513931,R33,TXB,N16,95,194393,G,1,0.93,0.90,5,U,-56,9.50"
2026-07-05T20:52:19.387+00:00,/dev/cu.usbserial-576B0005451,"RX,1514412,R33,TXE,N61,93,194879,C,0,0.81,0.78,5,U,-44,9.25"
2026-07-05T20:52:19.640+00:00,/dev/cu.usbserial-576B0005451,"RX,1514664,R33,TXA,N01,193,195127,B,0,0.20,0.18,5,F,-39,9.75"
2026-07-05T20:52:20.393+00:00,/dev/cu.usbserial-576B0005451,"RX,1515417,R33,TXC,N31,47,195881,G,1,0.93,0.90,5,U,-37,9.50"
2026-07-05T20:52:20.640+00:00,/dev/cu.usbserial-576B0005451,"RX,1515664,R33,TXA,N01,194,196127,C,1,0.81,0.78,5,F,-39,9.25"
2026-07-05T20:52:20.906+00:00,/dev/cu.usbserial-576B0005451,"RX,1515931,R33,TXB,N16,96,196393,A,1,0.75,0.72,5,U,-55,9.50"
2026-07-05T20:52:21.387+00:00,/dev/cu.usbserial-576B0005451,"RX,1516412,R33,TXE,N61,94,196879,E,1,0.87,0.84,5,U,-44,10.00"
2026-07-05T20:52:21.640+00:00,/dev/cu.usbserial-576B0005451,"RX,1516664,R33,TXA,N01,195,197127,D,1,0.24,0.22,5,F,-39,9.75"
2026-07-05T20:52:22.640+00:00,/dev/cu.usbserial-576B0005451,"RX,1517664,R33,TXA,N01,196,198127,E,0,0.87,0.84,5,F,-39,9.50"
2026-07-05T20:52:22.907+00:00,/dev/cu.usbserial-576B0005451,"RX,1517931,R33,TXB,N16,97,198393,C,1,0.81,0.78,5,U,-55,10.00"
2026-07-05T20:52:23.387+00:00,/dev/cu.usbserial-576B0005451,"RX,1518412,R33,TXE,N61,95,198879,G,1,0.93,0.90,5,U,-45,10.25"
2026-07-05T20:52:23.640+00:00,/dev/cu.usbserial-576B0005451,"RX,1518664,R33,TXA,N01,197,199127,F,1,0.28,0.26,5,F,-39,9.75"
2026-07-05T20:52:24.640+00:00,/dev/cu.usbserial-576B0005451,"RX,1519664,R33,TXA,N01,198,200127,G,1,0.93,0.90,5,F,-39,10.00"
2026-07-05T20:52:24.888+00:00,/dev/cu.usbserial-576B0005451,"RX,1519912,R33,TXG,N91,23,200380,G,1,0.93,0.90,5,U,-44,1.25"
2026-07-05T20:52:25.387+00:00,/dev/cu.usbserial-576B0005451,"RX,1520412,R33,TXE,N61,96,200879,A,1,0.75,0.72,5,U,-44,12.25"
2026-07-05T20:52:25.640+00:00,/dev/cu.usbserial-576B0005451,"RX,1520664,R33,TXA,N01,199,201127,H,0,0.32,0.30,5,F,-39,9.50"
2026-07-05T20:52:26.138+00:00,/dev/cu.usbserial-576B0005451,"RX,1521163,R33,TXF,N76,49,201631,G,1,0.93,0.90,5,U,-48,9.75"
2026-07-05T20:52:26.391+00:00,/dev/cu.usbserial-576B0005451,"RX,1521417,R33,TXC,N31,48,201881,E,0,0.87,0.84,5,U,-40,9.50"
2026-07-05T20:52:26.640+00:00,/dev/cu.usbserial-576B0005451,"RX,1521664,R33,TXA,N01,200,202127,A,1,0.75,0.72,5,F,-38,9.50"
2026-07-05T20:52:26.906+00:00,/dev/cu.usbserial-576B0005451,"RX,1521931,R33,TXB,N16,99,202393,G,1,0.93,0.90,5,U,-55,9.50"
2026-07-05T20:52:27.387+00:00,/dev/cu.usbserial-576B0005451,"RX,1522412,R33,TXE,N61,97,202879,C,1,0.81,0.78,5,U,-45,10.00"
2026-07-05T20:52:27.640+00:00,/dev/cu.usbserial-576B0005451,"RX,1522664,R33,TXA,N01,201,203127,B,1,0.20,0.18,5,F,-38,9.75"
2026-07-05T20:52:28.392+00:00,/dev/cu.usbserial-576B0005451,"RX,1523417,R33,TXC,N31,49,203881,G,1,0.93,0.90,5,U,-41,9.75"
2026-07-05T20:52:28.640+00:00,/dev/cu.usbserial-576B0005451,"RX,1523664,R33,TXA,N01,202,204127,C,0,0.81,0.78,5,F,-38,9.00"
2026-07-05T20:52:28.907+00:00,/dev/cu.usbserial-576B0005451,"RX,1523931,R33,TXB,N16,100,204393,A,1,0.75,0.72,5,U,-55,9.50"
2026-07-05T20:52:29.387+00:00,/dev/cu.usbserial-576B0005451,"RX,1524412,R33,TXE,N61,98,204879,E,0,0.87,0.84,5,U,-46,9.75"
2026-07-05T20:52:29.640+00:00,/dev/cu.usbserial-576B0005451,"RX,1524664,R33,TXA,N01,203,205127,D,1,0.24,0.22,5,F,-37,9.75"
2026-07-05T20:52:30.640+00:00,/dev/cu.usbserial-576B0005451,"RX,1525664,R33,TXA,N01,204,206127,E,1,0.87,0.84,5,F,-38,9.75"
2026-07-05T20:52:30.907+00:00,/dev/cu.usbserial-576B0005451,"RX,1525931,R33,TXB,N16,101,206393,C,0,0.81,0.78,5,U,-55,9.75"
2026-07-05T20:52:31.387+00:00,/dev/cu.usbserial-576B0005451,"RX,1526412,R33,TXE,N61,99,206879,G,1,0.93,0.90,5,U,-47,9.75"
2026-07-05T20:52:31.640+00:00,/dev/cu.usbserial-576B0005451,"RX,1526664,R33,TXA,N01,205,207127,F,0,0.28,0.26,5,F,-38,9.50"
2026-07-05T20:52:32.640+00:00,/dev/cu.usbserial-576B0005451,"RX,1527664,R33,TXA,N01,206,208127,G,1,0.93,0.90,5,F,-38,9.25"
2026-07-05T20:52:32.888+00:00,/dev/cu.usbserial-576B0005451,"RX,1527912,R33,TXG,N91,24,208380,G,1,0.93,0.90,5,U,-43,4.50"
2026-07-05T20:52:33.387+00:00,/dev/cu.usbserial-576B0005451,"RX,1528412,R33,TXE,N61,100,208879,A,1,0.75,0.72,5,U,-47,10.00"
2026-07-05T20:52:33.640+00:00,/dev/cu.usbserial-576B0005451,"RX,1528664,R33,TXA,N01,207,209127,H,1,0.32,0.30,5,F,-38,10.50"
2026-07-05T20:52:34.138+00:00,/dev/cu.usbserial-576B0005451,"RX,1529163,R33,TXF,N76,51,209631,G,1,0.93,0.90,5,U,-49,9.75"
2026-07-05T20:52:34.392+00:00,/dev/cu.usbserial-576B0005451,"RX,1529417,R33,TXC,N31,50,209881,E,1,0.87,0.84,5,U,-32,8.75"
2026-07-05T20:52:34.640+00:00,/dev/cu.usbserial-576B0005451,"RX,1529664,R33,TXA,N01,208,210127,A,0,0.75,0.72,5,F,-37,9.75"
2026-07-05T20:52:34.906+00:00,/dev/cu.usbserial-576B0005451,"RX,1529931,R33,TXB,N16,103,210393,G,1,0.93,0.90,5,U,-55,9.50"
2026-07-05T20:52:35.387+00:00,/dev/cu.usbserial-576B0005451,"RX,1530412,R33,TXE,N61,101,210879,C,0,0.81,0.78,5,U,-47,10.75"
2026-07-05T20:52:35.640+00:00,/dev/cu.usbserial-576B0005451,"RX,1530665,R33,TXA,N01,209,211127,B,1,0.20,0.18,5,F,-38,11.00"
2026-07-05T20:52:36.392+00:00,/dev/cu.usbserial-576B0005451,"RX,1531417,R33,TXC,N31,51,211881,G,1,0.93,0.90,5,U,-39,10.00"
2026-07-05T20:52:36.640+00:00,/dev/cu.usbserial-576B0005451,"RX,1531664,R33,TXA,N01,210,212127,C,1,0.81,0.78,5,F,-38,9.50"
2026-07-05T20:52:36.907+00:00,/dev/cu.usbserial-576B0005451,"RX,1531931,R33,TXB,N16,104,212393,A,0,0.75,0.72,5,U,-55,10.00"
2026-07-05T20:52:37.387+00:00,/dev/cu.usbserial-576B0005451,"RX,1532412,R33,TXE,N61,102,212879,E,1,0.87,0.84,5,U,-46,10.00"
2026-07-05T20:52:37.640+00:00,/dev/cu.usbserial-576B0005451,"RX,1532665,R33,TXA,N01,211,213127,D,0,0.24,0.22,5,F,-38,11.50"
2026-07-05T20:52:38.640+00:00,/dev/cu.usbserial-576B0005451,"RX,1533664,R33,TXA,N01,212,214127,E,1,0.87,0.84,5,F,-39,9.50"
2026-07-05T20:52:38.906+00:00,/dev/cu.usbserial-576B0005451,"RX,1533931,R33,TXB,N16,105,214393,C,1,0.81,0.78,5,U,-55,9.50"
2026-07-05T20:52:39.387+00:00,/dev/cu.usbserial-576B0005451,"RX,1534412,R33,TXE,N61,103,214879,G,1,0.93,0.90,5,U,-44,12.25"
2026-07-05T20:52:39.640+00:00,/dev/cu.usbserial-576B0005451,"RX,1534665,R33,TXA,N01,213,215127,F,1,0.28,0.26,5,F,-39,9.25"
2026-07-05T20:52:40.138+00:00,/dev/cu.usbserial-576B0005451,"RX,1535163,R33,TXF,N76,52,215631,E,1,0.87,0.84,5,U,-37,-0.25"
2026-07-05T20:52:40.640+00:00,/dev/cu.usbserial-576B0005451,"RX,1535664,R33,TXA,N01,214,216127,G,0,0.93,0.90,5,F,-39,9.50"
2026-07-05T20:52:40.887+00:00,/dev/cu.usbserial-576B0005451,"RX,1535912,R33,TXG,N91,25,216380,G,1,0.93,0.90,5,U,-46,2.00"
2026-07-05T20:52:41.387+00:00,/dev/cu.usbserial-576B0005451,"RX,1536412,R33,TXE,N61,104,216879,A,0,0.75,0.72,5,U,-45,9.75"
2026-07-05T20:52:41.639+00:00,/dev/cu.usbserial-576B0005451,"RX,1536664,R33,TXA,N01,215,217127,H,1,0.32,0.30,5,F,-39,9.75"
2026-07-05T20:52:42.137+00:00,/dev/cu.usbserial-576B0005451,"RX,1537163,R33,TXF,N76,53,217631,G,0,0.93,0.90,5,U,-50,9.50"
2026-07-05T20:52:42.392+00:00,/dev/cu.usbserial-576B0005451,"RX,1537417,R33,TXC,N31,52,217881,E,1,0.87,0.84,5,U,-32,7.75"
2026-07-05T20:52:42.640+00:00,/dev/cu.usbserial-576B0005451,"RX,1537664,R33,TXA,N01,216,218127,A,1,0.75,0.72,5,F,-38,9.75"
2026-07-05T20:52:42.907+00:00,/dev/cu.usbserial-576B0005451,"RX,1537931,R33,TXB,N16,107,218393,G,0,0.93,0.90,5,U,-55,10.00"
2026-07-05T20:52:43.387+00:00,/dev/cu.usbserial-576B0005451,"RX,1538412,R33,TXE,N61,105,218879,C,1,0.81,0.78,5,U,-45,9.25"
2026-07-05T20:52:43.640+00:00,/dev/cu.usbserial-576B0005451,"RX,1538664,R33,TXA,N01,217,219127,B,0,0.20,0.18,5,F,-39,9.50"
2026-07-05T20:52:44.392+00:00,/dev/cu.usbserial-576B0005451,"RX,1539417,R33,TXC,N31,53,219881,G,0,0.93,0.90,5,U,-40,9.50"
2026-07-05T20:52:44.640+00:00,/dev/cu.usbserial-576B0005451,"RX,1539665,R33,TXA,N01,218,220127,C,1,0.81,0.78,5,F,-39,9.50"
2026-07-05T20:52:44.907+00:00,/dev/cu.usbserial-576B0005451,"RX,1539931,R33,TXB,N16,108,220393,A,1,0.75,0.72,5,U,-55,10.00"
2026-07-05T20:52:45.387+00:00,/dev/cu.usbserial-576B0005451,"RX,1540412,R33,TXE,N61,106,220879,E,1,0.87,0.84,5,U,-44,9.25"
2026-07-05T20:52:45.640+00:00,/dev/cu.usbserial-576B0005451,"RX,1540664,R33,TXA,N01,219,221127,D,1,0.24,0.22,5,F,-39,9.50"
2026-07-05T20:52:46.640+00:00,/dev/cu.usbserial-576B0005451,"RX,1541665,R33,TXA,N01,220,222127,E,0,0.87,0.84,5,F,-39,9.50"
2026-07-05T20:52:46.906+00:00,/dev/cu.usbserial-576B0005451,"RX,1541931,R33,TXB,N16,109,222393,C,1,0.81,0.78,5,U,-55,9.50"
2026-07-05T20:52:47.387+00:00,/dev/cu.usbserial-576B0005451,"RX,1542412,R33,TXE,N61,107,222879,G,0,0.93,0.90,5,U,-44,9.50"
2026-07-05T20:52:47.640+00:00,/dev/cu.usbserial-576B0005451,"RX,1542664,R33,TXA,N01,221,223127,F,1,0.28,0.26,5,F,-39,9.75"
2026-07-05T20:52:48.640+00:00,/dev/cu.usbserial-576B0005451,"RX,1543664,R33,TXA,N01,222,224127,G,1,0.93,0.90,5,F,-39,9.25"
2026-07-05T20:52:48.887+00:00,/dev/cu.usbserial-576B0005451,"RX,1543912,R33,TXG,N91,26,224380,G,0,0.93,0.90,5,U,-43,1.75"
2026-07-05T20:52:49.387+00:00,/dev/cu.usbserial-576B0005451,"RX,1544412,R33,TXE,N61,108,224879,A,1,0.75,0.72,5,U,-46,9.50"
2026-07-05T20:52:49.640+00:00,/dev/cu.usbserial-576B0005451,"RX,1544664,R33,TXA,N01,223,225127,H,0,0.32,0.30,5,F,-39,9.75"
2026-07-05T20:52:50.137+00:00,/dev/cu.usbserial-576B0005451,"RX,1545163,R33,TXF,N76,55,225631,G,1,0.93,0.90,5,U,-59,9.25"
2026-07-05T20:52:50.391+00:00,/dev/cu.usbserial-576B0005451,"RX,1545417,R33,TXC,N31,54,225881,E,0,0.87,0.84,5,U,-36,9.75"
2026-07-05T20:52:50.639+00:00,/dev/cu.usbserial-576B0005451,"RX,1545665,R33,TXA,N01,224,226127,A,1,0.75,0.72,5,F,-38,9.50"
2026-07-05T20:52:50.906+00:00,/dev/cu.usbserial-576B0005451,"RX,1545931,R33,TXB,N16,111,226393,G,1,0.93,0.90,5,U,-55,10.00"
2026-07-05T20:52:51.387+00:00,/dev/cu.usbserial-576B0005451,"RX,1546412,R33,TXE,N61,109,226879,C,1,0.81,0.78,5,U,-44,9.50"
2026-07-05T20:52:51.640+00:00,/dev/cu.usbserial-576B0005451,"RX,1546664,R33,TXA,N01,225,227127,B,1,0.20,0.18,5,F,-38,9.75"
2026-07-05T20:52:52.392+00:00,/dev/cu.usbserial-576B0005451,"RX,1547417,R33,TXC,N31,55,227881,G,1,0.93,0.90,5,U,-38,10.00"
2026-07-05T20:52:52.640+00:00,/dev/cu.usbserial-576B0005451,"RX,1547665,R33,TXA,N01,226,228127,C,0,0.81,0.78,5,F,-38,9.00"
2026-07-05T20:52:52.906+00:00,/dev/cu.usbserial-576B0005451,"RX,1547931,R33,TXB,N16,112,228393,A,1,0.75,0.72,5,U,-55,9.75"
2026-07-05T20:52:53.387+00:00,/dev/cu.usbserial-576B0005451,"RX,1548412,R33,TXE,N61,110,228879,E,0,0.87,0.84,5,U,-45,9.50"
2026-07-05T20:52:53.640+00:00,/dev/cu.usbserial-576B0005451,"RX,1548665,R33,TXA,N01,227,229127,D,1,0.24,0.22,5,F,-39,9.75"
2026-07-05T20:52:54.640+00:00,/dev/cu.usbserial-576B0005451,"RX,1549664,R33,TXA,N01,228,230127,E,1,0.87,0.84,5,F,-38,9.25"
2026-07-05T20:52:54.906+00:00,/dev/cu.usbserial-576B0005451,"RX,1549931,R33,TXB,N16,113,230393,C,0,0.81,0.78,5,U,-54,9.75"
2026-07-05T20:52:55.387+00:00,/dev/cu.usbserial-576B0005451,"RX,1550412,R33,TXE,N61,111,230879,G,1,0.93,0.90,5,U,-45,10.00"
2026-07-05T20:52:55.639+00:00,/dev/cu.usbserial-576B0005451,"RX,1550665,R33,TXA,N01,229,231127,F,0,0.28,0.26,5,F,-38,9.75"
2026-07-05T20:52:56.639+00:00,/dev/cu.usbserial-576B0005451,"RX,1551664,R33,TXA,N01,230,232127,G,1,0.93,0.90,5,F,-37,9.75"
2026-07-05T20:52:56.887+00:00,/dev/cu.usbserial-576B0005451,"RX,1551912,R33,TXG,N91,27,232380,G,1,0.93,0.90,5,U,-42,4.25"
2026-07-05T20:52:57.387+00:00,/dev/cu.usbserial-576B0005451,"RX,1552412,R33,TXE,N61,112,232879,A,1,0.75,0.72,5,U,-43,10.25"
2026-07-05T20:52:57.640+00:00,/dev/cu.usbserial-576B0005451,"RX,1552665,R33,TXA,N01,231,233127,H,1,0.32,0.30,5,F,-39,9.75"
2026-07-05T20:52:58.137+00:00,/dev/cu.usbserial-576B0005451,"RX,1553163,R33,TXF,N76,57,233631,G,1,0.93,0.90,5,U,-48,11.25"
2026-07-05T20:52:58.392+00:00,/dev/cu.usbserial-576B0005451,"RX,1553417,R33,TXC,N31,56,233881,E,1,0.87,0.84,5,U,-32,5.00"
2026-07-05T20:52:58.640+00:00,/dev/cu.usbserial-576B0005451,"RX,1553665,R33,TXA,N01,232,234127,A,0,0.75,0.72,5,F,-39,9.50"
2026-07-05T20:52:58.906+00:00,/dev/cu.usbserial-576B0005451,"RX,1553931,R33,TXB,N16,115,234393,G,1,0.93,0.90,5,U,-55,9.75"
2026-07-05T20:52:59.387+00:00,/dev/cu.usbserial-576B0005451,"RX,1554412,R33,TXE,N61,113,234879,C,0,0.81,0.78,5,U,-44,9.50"
2026-07-05T20:52:59.640+00:00,/dev/cu.usbserial-576B0005451,"RX,1554665,R33,TXA,N01,233,235127,B,1,0.20,0.18,5,F,-38,9.00"
2026-07-05T20:53:00.393+00:00,/dev/cu.usbserial-576B0005451,"RX,1555417,R33,TXC,N31,57,235881,G,1,0.93,0.90,5,U,-40,9.50"
2026-07-05T20:53:00.640+00:00,/dev/cu.usbserial-576B0005451,"RX,1555665,R33,TXA,N01,234,236127,C,1,0.81,0.78,5,F,-38,9.50"
2026-07-05T20:53:00.910+00:00,/dev/cu.usbserial-576B0005451,"RX,1555931,R33,TXB,N16,116,236393,A,0,0.75,0.72,5,U,-55,9.50"
2026-07-05T20:53:01.387+00:00,/dev/cu.usbserial-576B0005451,"RX,1556412,R33,TXE,N61,114,236879,E,1,0.87,0.84,5,U,-44,10.00"
2026-07-05T20:53:01.639+00:00,/dev/cu.usbserial-576B0005451,"RX,1556664,R33,TXA,N01,235,237127,D,0,0.24,0.22,5,F,-40,9.75"
2026-07-05T20:53:02.640+00:00,/dev/cu.usbserial-576B0005451,"RX,1557665,R33,TXA,N01,236,238127,E,1,0.87,0.84,5,F,-39,9.75"
2026-07-05T20:53:02.906+00:00,/dev/cu.usbserial-576B0005451,"RX,1557931,R33,TXB,N16,117,238393,C,1,0.81,0.78,5,U,-56,9.75"
2026-07-05T20:53:03.387+00:00,/dev/cu.usbserial-576B0005451,"RX,1558412,R33,TXE,N61,115,238879,G,1,0.93,0.90,5,U,-44,9.50"
2026-07-05T20:53:03.640+00:00,/dev/cu.usbserial-576B0005451,"RX,1558665,R33,TXA,N01,237,239127,F,1,0.28,0.26,5,F,-39,9.50"
2026-07-05T20:53:04.639+00:00,/dev/cu.usbserial-576B0005451,"RX,1559665,R33,TXA,N01,238,240127,G,0,0.93,0.90,5,F,-39,9.75"
2026-07-05T20:53:04.887+00:00,/dev/cu.usbserial-576B0005451,"RX,1559912,R33,TXG,N91,28,240380,G,1,0.93,0.90,5,U,-42,5.50"
2026-07-05T20:53:05.387+00:00,/dev/cu.usbserial-576B0005451,"RX,1560412,R33,TXE,N61,116,240879,A,0,0.75,0.72,5,U,-44,10.00"
2026-07-05T20:53:05.639+00:00,/dev/cu.usbserial-576B0005451,"RX,1560665,R33,TXA,N01,239,241127,H,1,0.32,0.30,5,F,-39,9.75"
2026-07-05T20:53:06.137+00:00,/dev/cu.usbserial-576B0005451,"RX,1561163,R33,TXF,N76,59,241631,G,0,0.93,0.90,5,U,-49,9.75"
2026-07-05T20:53:06.391+00:00,/dev/cu.usbserial-576B0005451,"RX,1561417,R33,TXC,N31,58,241881,E,1,0.87,0.84,5,U,-41,10.00"
2026-07-05T20:53:06.640+00:00,/dev/cu.usbserial-576B0005451,"RX,1561665,R33,TXA,N01,240,242127,A,1,0.75,0.72,5,F,-39,9.75"
2026-07-05T20:53:06.906+00:00,/dev/cu.usbserial-576B0005451,"RX,1561931,R33,TXB,N16,119,242393,G,0,0.93,0.90,5,U,-56,9.75"
2026-07-05T20:53:07.387+00:00,/dev/cu.usbserial-576B0005451,"RX,1562412,R33,TXE,N61,117,242879,C,1,0.81,0.78,5,U,-44,9.50"
2026-07-05T20:53:07.639+00:00,/dev/cu.usbserial-576B0005451,"RX,1562665,R33,TXA,N01,241,243127,B,0,0.20,0.18,5,F,-39,9.75"
2026-07-05T20:53:08.391+00:00,/dev/cu.usbserial-576B0005451,"RX,1563417,R33,TXC,N31,59,243881,G,0,0.93,0.90,5,U,-40,9.75"
2026-07-05T20:53:08.639+00:00,/dev/cu.usbserial-576B0005451,"RX,1563665,R33,TXA,N01,242,244127,C,1,0.81,0.78,5,F,-38,9.25"
2026-07-05T20:53:08.906+00:00,/dev/cu.usbserial-576B0005451,"RX,1563931,R33,TXB,N16,120,244393,A,1,0.75,0.72,5,U,-56,9.75"
2026-07-05T20:53:09.387+00:00,/dev/cu.usbserial-576B0005451,"RX,1564412,R33,TXE,N61,118,244879,E,1,0.87,0.84,5,U,-44,9.75"
2026-07-05T20:53:09.639+00:00,/dev/cu.usbserial-576B0005451,"RX,1564665,R33,TXA,N01,243,245127,D,1,0.24,0.22,5,F,-39,9.75"
2026-07-05T20:53:10.639+00:00,/dev/cu.usbserial-576B0005451,"RX,1565665,R33,TXA,N01,244,246127,E,0,0.87,0.84,5,F,-39,9.25"
2026-07-05T20:53:10.906+00:00,/dev/cu.usbserial-576B0005451,"RX,1565931,R33,TXB,N16,121,246393,C,1,0.81,0.78,5,U,-56,9.50"
2026-07-05T20:53:11.387+00:00,/dev/cu.usbserial-576B0005451,"RX,1566412,R33,TXE,N61,119,246879,G,0,0.93,0.90,5,U,-44,9.75"
2026-07-05T20:53:11.639+00:00,/dev/cu.usbserial-576B0005451,"RX,1566665,R33,TXA,N01,245,247127,F,1,0.28,0.26,5,F,-39,9.25"
2026-07-05T20:53:12.639+00:00,/dev/cu.usbserial-576B0005451,"RX,1567665,R33,TXA,N01,246,248127,G,1,0.93,0.90,5,F,-37,9.50"
2026-07-05T20:53:12.887+00:00,/dev/cu.usbserial-576B0005451,"RX,1567912,R33,TXG,N91,29,248380,G,0,0.93,0.90,5,U,-43,3.25"
2026-07-05T20:53:13.387+00:00,/dev/cu.usbserial-576B0005451,"RX,1568412,R33,TXE,N61,120,248879,A,1,0.75,0.72,5,U,-46,10.00"
2026-07-05T20:53:13.639+00:00,/dev/cu.usbserial-576B0005451,"RX,1568665,R33,TXA,N01,247,249127,H,0,0.32,0.30,5,F,-37,9.50"
2026-07-05T20:53:14.137+00:00,/dev/cu.usbserial-576B0005451,"RX,1569163,R33,TXF,N76,61,249631,G,1,0.93,0.90,5,U,-48,10.25"
2026-07-05T20:53:14.391+00:00,/dev/cu.usbserial-576B0005451,"RX,1569417,R33,TXC,N31,60,249881,E,0,0.87,0.84,5,U,-39,9.75"
2026-07-05T20:53:14.639+00:00,/dev/cu.usbserial-576B0005451,"RX,1569665,R33,TXA,N01,248,250127,A,1,0.75,0.72,5,F,-37,9.50"
2026-07-05T20:53:14.906+00:00,/dev/cu.usbserial-576B0005451,"RX,1569931,R33,TXB,N16,123,250393,G,1,0.93,0.90,5,U,-54,10.25"
2026-07-05T20:53:15.387+00:00,/dev/cu.usbserial-576B0005451,"RX,1570412,R33,TXE,N61,121,250879,C,1,0.81,0.78,5,U,-45,9.50"
2026-07-05T20:53:15.639+00:00,/dev/cu.usbserial-576B0005451,"RX,1570665,R33,TXA,N01,249,251127,B,1,0.20,0.18,5,F,-38,9.50"
2026-07-05T20:53:16.391+00:00,/dev/cu.usbserial-576B0005451,"RX,1571417,R33,TXC,N31,61,251881,G,1,0.93,0.90,5,U,-40,10.00"
2026-07-05T20:53:16.639+00:00,/dev/cu.usbserial-576B0005451,"RX,1571665,R33,TXA,N01,250,252127,C,0,0.81,0.78,5,F,-38,9.75"
2026-07-05T20:53:16.906+00:00,/dev/cu.usbserial-576B0005451,"RX,1571931,R33,TXB,N16,124,252393,A,1,0.75,0.72,5,U,-55,9.75"
2026-07-05T20:53:17.387+00:00,/dev/cu.usbserial-576B0005451,"RX,1572412,R33,TXE,N61,122,252879,E,0,0.87,0.84,5,U,-45,9.50"
2026-07-05T20:53:17.640+00:00,/dev/cu.usbserial-576B0005451,"RX,1572665,R33,TXA,N01,251,253127,D,1,0.24,0.22,5,F,-38,10.00"
2026-07-05T20:53:18.639+00:00,/dev/cu.usbserial-576B0005451,"RX,1573665,R33,TXA,N01,252,254127,E,1,0.87,0.84,5,F,-39,9.75"
2026-07-05T20:53:18.906+00:00,/dev/cu.usbserial-576B0005451,"RX,1573931,R33,TXB,N16,125,254393,C,0,0.81,0.78,5,U,-55,9.75"
2026-07-05T20:53:19.387+00:00,/dev/cu.usbserial-576B0005451,"RX,1574412,R33,TXE,N61,123,254879,G,1,0.93,0.90,5,U,-45,9.25"
2026-07-05T20:53:19.639+00:00,/dev/cu.usbserial-576B0005451,"RX,1574665,R33,TXA,N01,253,255127,F,0,0.28,0.26,5,F,-39,9.50"
2026-07-05T20:53:20.639+00:00,/dev/cu.usbserial-576B0005451,"RX,1575665,R33,TXA,N01,254,256127,G,1,0.93,0.90,5,F,-38,9.25"
2026-07-05T20:53:20.887+00:00,/dev/cu.usbserial-576B0005451,"RX,1575912,R33,TXG,N91,30,256380,G,1,0.93,0.90,5,U,-43,1.75"
2026-07-05T20:53:21.387+00:00,/dev/cu.usbserial-576B0005451,"RX,1576412,R33,TXE,N61,124,256879,A,1,0.75,0.72,5,U,-46,10.00"
2026-07-05T20:53:21.639+00:00,/dev/cu.usbserial-576B0005451,"RX,1576665,R33,TXA,N01,255,257127,H,1,0.32,0.30,5,F,-38,9.25"
2026-07-05T20:53:22.137+00:00,/dev/cu.usbserial-576B0005451,"RX,1577163,R33,TXF,N76,63,257631,G,1,0.93,0.90,5,U,-50,9.25"
2026-07-05T20:53:22.391+00:00,/dev/cu.usbserial-576B0005451,"RX,1577417,R33,TXC,N31,62,257881,E,1,0.87,0.84,5,U,-39,9.50"
2026-07-05T20:53:22.639+00:00,/dev/cu.usbserial-576B0005451,"RX,1577665,R33,TXA,N01,256,258127,A,1,0.75,0.72,5,F,-38,9.25"
2026-07-05T20:53:22.906+00:00,/dev/cu.usbserial-576B0005451,"RX,1577931,R33,TXB,N16,127,258393,G,1,0.93,0.90,5,U,-55,10.00"
2026-07-05T20:53:23.387+00:00,/dev/cu.usbserial-576B0005451,"RX,1578412,R33,TXE,N61,125,258879,C,0,0.81,0.78,5,U,-46,9.75"
2026-07-05T20:53:23.639+00:00,/dev/cu.usbserial-576B0005451,"RX,1578665,R33,TXA,N01,257,259127,B,0,0.20,0.18,5,F,-38,9.25"
2026-07-05T20:53:24.391+00:00,/dev/cu.usbserial-576B0005451,"RX,1579416,R33,TXC,N31,63,259881,G,1,0.93,0.90,5,U,-39,9.50"
2026-07-05T20:53:24.639+00:00,/dev/cu.usbserial-576B0005451,"RX,1579665,R33,TXA,N01,258,260127,C,1,0.81,0.78,5,F,-38,9.25"
2026-07-05T20:53:24.906+00:00,/dev/cu.usbserial-576B0005451,"RX,1579931,R33,TXB,N16,128,260393,A,1,0.75,0.72,5,U,-55,9.75"
2026-07-05T20:53:25.387+00:00,/dev/cu.usbserial-576B0005451,"RX,1580412,R33,TXE,N61,126,260879,E,1,0.87,0.84,5,U,-47,9.75"
2026-07-05T20:53:25.639+00:00,/dev/cu.usbserial-576B0005451,"RX,1580665,R33,TXA,N01,259,261127,D,1,0.24,0.22,5,F,-38,9.25"
2026-07-05T20:53:26.639+00:00,/dev/cu.usbserial-576B0005451,"RX,1581665,R33,TXA,N01,260,262127,E,0,0.87,0.84,5,F,-38,9.25"
2026-07-05T20:53:26.906+00:00,/dev/cu.usbserial-576B0005451,"RX,1581931,R33,TXB,N16,129,262393,C,1,0.81,0.78,5,U,-55,9.75"
2026-07-05T20:53:27.387+00:00,/dev/cu.usbserial-576B0005451,"RX,1582412,R33,TXE,N61,127,262879,G,1,0.93,0.90,5,U,-46,10.00"
2026-07-05T20:53:27.639+00:00,/dev/cu.usbserial-576B0005451,"RX,1582665,R33,TXA,N01,261,263127,F,1,0.28,0.26,5,F,-39,10.25"
2026-07-05T20:53:28.639+00:00,/dev/cu.usbserial-576B0005451,"RX,1583665,R33,TXA,N01,262,264127,G,1,0.93,0.90,5,F,-38,9.25"
2026-07-05T20:53:28.887+00:00,/dev/cu.usbserial-576B0005451,"RX,1583912,R33,TXG,N91,31,264380,G,1,0.93,0.90,5,U,-44,2.75"
2026-07-05T20:53:29.387+00:00,/dev/cu.usbserial-576B0005451,"RX,1584412,R33,TXE,N61,128,264879,A,1,0.75,0.72,5,U,-47,9.75"
2026-07-05T20:53:29.639+00:00,/dev/cu.usbserial-576B0005451,"RX,1584665,R33,TXA,N01,263,265127,H,0,0.32,0.30,5,F,-38,9.75"
2026-07-05T20:53:30.137+00:00,/dev/cu.usbserial-576B0005451,"RX,1585163,R33,TXF,N76,65,265631,G,1,0.93,0.90,5,U,-50,9.25"
2026-07-05T20:53:30.391+00:00,/dev/cu.usbserial-576B0005451,"RX,1585416,R33,TXC,N31,64,265881,E,0,0.87,0.84,5,U,-40,9.25"
2026-07-05T20:53:30.639+00:00,/dev/cu.usbserial-576B0005451,"RX,1585665,R33,TXA,N01,264,266127,A,1,0.75,0.72,5,F,-37,9.75"
2026-07-05T20:53:30.906+00:00,/dev/cu.usbserial-576B0005451,"RX,1585931,R33,TXB,N16,131,266393,G,1,0.93,0.90,5,U,-55,10.00"
2026-07-05T20:53:31.387+00:00,/dev/cu.usbserial-576B0005451,"RX,1586412,R33,TXE,N61,129,266879,C,1,0.81,0.78,5,U,-45,9.75"
2026-07-05T20:53:31.639+00:00,/dev/cu.usbserial-576B0005451,"RX,1586665,R33,TXA,N01,265,267127,B,1,0.20,0.18,5,F,-37,9.75"
2026-07-05T20:53:32.391+00:00,/dev/cu.usbserial-576B0005451,"RX,1587416,R33,TXC,N31,65,267881,G,1,0.93,0.90,5,U,-39,10.00"
2026-07-05T20:53:32.639+00:00,/dev/cu.usbserial-576B0005451,"RX,1587665,R33,TXA,N01,266,268127,C,0,0.81,0.78,5,F,-37,9.25"
2026-07-05T20:53:32.906+00:00,/dev/cu.usbserial-576B0005451,"RX,1587931,R33,TXB,N16,132,268393,A,1,0.75,0.72,5,U,-55,9.25"
2026-07-05T20:53:33.387+00:00,/dev/cu.usbserial-576B0005451,"RX,1588412,R33,TXE,N61,130,268879,E,0,0.87,0.84,5,U,-46,9.50"
2026-07-05T20:53:33.639+00:00,/dev/cu.usbserial-576B0005451,"RX,1588665,R33,TXA,N01,267,269127,D,1,0.24,0.22,5,F,-37,9.00"
2026-07-05T20:53:34.639+00:00,/dev/cu.usbserial-576B0005451,"RX,1589665,R33,TXA,N01,268,270127,E,1,0.87,0.84,5,F,-37,9.50"
2026-07-05T20:53:34.906+00:00,/dev/cu.usbserial-576B0005451,"RX,1589931,R33,TXB,N16,133,270393,C,0,0.81,0.78,5,U,-54,9.75"
2026-07-05T20:53:35.387+00:00,/dev/cu.usbserial-576B0005451,"RX,1590412,R33,TXE,N61,131,270879,G,1,0.93,0.90,5,U,-45,9.50"
2026-07-05T20:53:35.639+00:00,/dev/cu.usbserial-576B0005451,"RX,1590665,R33,TXA,N01,269,271127,F,0,0.28,0.26,5,F,-37,9.50"
2026-07-05T20:53:36.639+00:00,/dev/cu.usbserial-576B0005451,"RX,1591665,R33,TXA,N01,270,272127,G,1,0.93,0.90,5,F,-37,10.00"
2026-07-05T20:53:36.886+00:00,/dev/cu.usbserial-576B0005451,"RX,1591912,R33,TXG,N91,32,272380,G,1,0.93,0.90,5,U,-40,5.00"
2026-07-05T20:53:37.387+00:00,/dev/cu.usbserial-576B0005451,"RX,1592412,R33,TXE,N61,132,272879,A,1,0.75,0.72,5,U,-45,10.00"
2026-07-05T20:53:37.639+00:00,/dev/cu.usbserial-576B0005451,"RX,1592665,R33,TXA,N01,271,273127,H,1,0.32,0.30,5,F,-37,9.75"
2026-07-05T20:53:38.137+00:00,/dev/cu.usbserial-576B0005451,"RX,1593163,R33,TXF,N76,67,273631,G,1,0.93,0.90,5,U,-50,9.75"
2026-07-05T20:53:38.391+00:00,/dev/cu.usbserial-576B0005451,"RX,1593416,R33,TXC,N31,66,273881,E,1,0.87,0.84,5,U,-30,3.50"
2026-07-05T20:53:38.639+00:00,/dev/cu.usbserial-576B0005451,"RX,1593665,R33,TXA,N01,272,274127,A,0,0.75,0.72,5,F,-37,9.75"
2026-07-05T20:53:38.906+00:00,/dev/cu.usbserial-576B0005451,"RX,1593931,R33,TXB,N16,135,274393,G,1,0.93,0.90,5,U,-54,10.00"
2026-07-05T20:53:39.387+00:00,/dev/cu.usbserial-576B0005451,"RX,1594412,R33,TXE,N61,133,274879,C,0,0.81,0.78,5,U,-46,9.75"
2026-07-05T20:53:39.639+00:00,/dev/cu.usbserial-576B0005451,"RX,1594665,R33,TXA,N01,273,275127,B,1,0.20,0.18,5,F,-37,9.75"
2026-07-05T20:53:40.391+00:00,/dev/cu.usbserial-576B0005451,"RX,1595416,R33,TXC,N31,67,275881,G,1,0.93,0.90,5,U,-39,9.75"
2026-07-05T20:53:40.639+00:00,/dev/cu.usbserial-576B0005451,"RX,1595665,R33,TXA,N01,274,276127,C,1,0.81,0.78,5,F,-37,9.75"
2026-07-05T20:53:40.906+00:00,/dev/cu.usbserial-576B0005451,"RX,1595931,R33,TXB,N16,136,276393,A,0,0.75,0.72,5,U,-55,9.50"
2026-07-05T20:53:41.387+00:00,/dev/cu.usbserial-576B0005451,"RX,1596412,R33,TXE,N61,134,276879,E,1,0.87,0.84,5,U,-46,9.75"
2026-07-05T20:53:41.639+00:00,/dev/cu.usbserial-576B0005451,"RX,1596665,R33,TXA,N01,275,277127,D,0,0.24,0.22,5,F,-37,10.00"
2026-07-05T20:53:42.639+00:00,/dev/cu.usbserial-576B0005451,"RX,1597665,R33,TXA,N01,276,278127,E,1,0.87,0.84,5,F,-37,9.50"
2026-07-05T20:53:42.906+00:00,/dev/cu.usbserial-576B0005451,"RX,1597931,R33,TXB,N16,137,278393,C,1,0.81,0.78,5,U,-54,9.50"
2026-07-05T20:53:43.387+00:00,/dev/cu.usbserial-576B0005451,"RX,1598412,R33,TXE,N61,135,278879,G,1,0.93,0.90,5,U,-46,9.75"
2026-07-05T20:53:43.639+00:00,/dev/cu.usbserial-576B0005451,"RX,1598665,R33,TXA,N01,277,279127,F,1,0.28,0.26,5,F,-37,9.25"
2026-07-05T20:53:44.162+00:00,/dev/cu.usbserial-576B0005451,"RX,1599187,�/ʈ���9��n�F�����'� ���gP�=1��}M�ΨJ,-111,-11.25"
2026-07-05T20:53:44.639+00:00,/dev/cu.usbserial-576B0005451,"RX,1599665,R33,TXA,N01,278,280127,G,0,0.93,0.90,5,F,-37,9.75"
2026-07-05T20:53:44.887+00:00,/dev/cu.usbserial-576B0005451,"RX,1599912,R33,TXG,N91,33,280380,G,1,0.93,0.90,5,U,-41,5.00"
2026-07-05T20:53:45.387+00:00,/dev/cu.usbserial-576B0005451,"RX,1600412,R33,TXE,N61,136,280879,A,0,0.75,0.72,5,U,-47,10.00"
2026-07-05T20:53:45.639+00:00,/dev/cu.usbserial-576B0005451,"RX,1600665,R33,TXA,N01,279,281127,H,1,0.32,0.30,5,F,-37,9.50"
2026-07-05T20:53:46.137+00:00,/dev/cu.usbserial-576B0005451,"RX,1601163,R33,TXF,N76,69,281631,G,0,0.93,0.90,5,U,-51,9.50"
2026-07-05T20:53:46.391+00:00,/dev/cu.usbserial-576B0005451,"RX,1601416,R33,TXC,N31,68,281881,E,1,0.87,0.84,5,U,-31,2.25"
2026-07-05T20:53:46.639+00:00,/dev/cu.usbserial-576B0005451,"RX,1601665,R33,TXA,N01,280,282127,A,1,0.75,0.72,5,F,-37,9.50"
2026-07-05T20:53:46.906+00:00,/dev/cu.usbserial-576B0005451,"RX,1601931,R33,TXB,N16,139,282393,G,0,0.93,0.90,5,U,-54,10.25"
2026-07-05T20:53:47.387+00:00,/dev/cu.usbserial-576B0005451,"RX,1602412,R33,TXE,N61,137,282879,C,1,0.81,0.78,5,U,-45,9.75"
2026-07-05T20:53:47.639+00:00,/dev/cu.usbserial-576B0005451,"RX,1602665,R33,TXA,N01,281,283127,B,0,0.20,0.18,5,F,-37,9.50"
2026-07-05T20:53:48.391+00:00,/dev/cu.usbserial-576B0005451,"RX,1603416,R33,TXC,N31,69,283881,G,0,0.93,0.90,5,U,-39,9.75"
2026-07-05T20:53:48.639+00:00,/dev/cu.usbserial-576B0005451,"RX,1603665,R33,TXA,N01,282,284127,C,1,0.81,0.78,5,F,-38,9.50"
2026-07-05T20:53:48.906+00:00,/dev/cu.usbserial-576B0005451,"RX,1603931,R33,TXB,N16,140,284393,A,1,0.75,0.72,5,U,-54,9.75"
2026-07-05T20:53:49.387+00:00,/dev/cu.usbserial-576B0005451,"RX,1604412,R33,TXE,N61,138,284879,E,1,0.87,0.84,5,U,-46,9.75"
2026-07-05T20:53:49.639+00:00,/dev/cu.usbserial-576B0005451,"RX,1604665,R33,TXA,N01,283,285127,D,1,0.24,0.22,5,F,-38,9.50"
2026-07-05T20:53:50.639+00:00,/dev/cu.usbserial-576B0005451,"RX,1605665,R33,TXA,N01,284,286127,E,0,0.87,0.84,5,F,-37,9.50"
2026-07-05T20:53:50.906+00:00,/dev/cu.usbserial-576B0005451,"RX,1605931,R33,TXB,N16,141,286393,C,1,0.81,0.78,5,U,-55,9.50"
2026-07-05T20:53:51.386+00:00,/dev/cu.usbserial-576B0005451,"RX,1606412,R33,TXE,N61,139,286879,G,0,0.93,0.90,5,U,-46,9.50"
2026-07-05T20:53:51.639+00:00,/dev/cu.usbserial-576B0005451,"RX,1606665,R33,TXA,N01,285,287127,F,1,0.28,0.26,5,F,-37,9.25"
2026-07-05T20:53:52.639+00:00,/dev/cu.usbserial-576B0005451,"RX,1607665,R33,TXA,N01,286,288127,G,1,0.93,0.90,5,F,-38,9.75"
2026-07-05T20:53:52.887+00:00,/dev/cu.usbserial-576B0005451,"RX,1607912,R33,TXG,N91,34,288380,G,0,0.93,0.90,5,U,-42,5.25"
2026-07-05T20:53:53.386+00:00,/dev/cu.usbserial-576B0005451,"RX,1608412,R33,TXE,N61,140,288879,A,1,0.75,0.72,5,U,-45,9.75"
2026-07-05T20:53:53.639+00:00,/dev/cu.usbserial-576B0005451,"RX,1608665,R33,TXA,N01,287,289127,H,0,0.32,0.30,5,F,-37,9.25"
2026-07-05T20:53:54.137+00:00,/dev/cu.usbserial-576B0005451,"RX,1609163,R33,TXF,N76,71,289631,G,1,0.93,0.90,5,U,-51,9.50"
2026-07-05T20:53:54.391+00:00,/dev/cu.usbserial-576B0005451,"RX,1609416,R33,TXC,N31,70,289881,E,0,0.87,0.84,5,U,-30,2.00"
2026-07-05T20:53:54.639+00:00,/dev/cu.usbserial-576B0005451,"RX,1609665,R33,TXA,N01,288,290127,A,1,0.75,0.72,5,F,-37,9.50"
2026-07-05T20:53:54.906+00:00,/dev/cu.usbserial-576B0005451,"RX,1609931,R33,TXB,N16,143,290393,G,1,0.93,0.90,5,U,-55,10.00"
2026-07-05T20:53:55.387+00:00,/dev/cu.usbserial-576B0005451,"RX,1610412,R33,TXE,N61,141,290879,C,1,0.81,0.78,5,U,-47,10.25"
2026-07-05T20:53:55.639+00:00,/dev/cu.usbserial-576B0005451,"RX,1610665,R33,TXA,N01,289,291127,B,1,0.20,0.18,5,F,-37,9.50"
2026-07-05T20:53:56.391+00:00,/dev/cu.usbserial-576B0005451,"RX,1611416,R33,TXC,N31,71,291881,G,1,0.93,0.90,5,U,-38,9.25"
2026-07-05T20:53:56.639+00:00,/dev/cu.usbserial-576B0005451,"RX,1611665,R33,TXA,N01,290,292127,C,0,0.81,0.78,5,F,-37,9.00"
2026-07-05T20:53:56.906+00:00,/dev/cu.usbserial-576B0005451,"RX,1611931,R33,TXB,N16,144,292393,A,1,0.75,0.72,5,U,-54,9.75"
2026-07-05T20:53:57.386+00:00,/dev/cu.usbserial-576B0005451,"RX,1612412,R33,TXE,N61,142,292879,E,0,0.87,0.84,5,U,-46,9.75"
2026-07-05T20:53:57.639+00:00,/dev/cu.usbserial-576B0005451,"RX,1612665,R33,TXA,N01,291,293127,D,1,0.24,0.22,5,F,-37,9.75"
2026-07-05T20:53:58.639+00:00,/dev/cu.usbserial-576B0005451,"RX,1613665,R33,TXA,N01,292,294127,E,1,0.87,0.84,5,F,-37,9.25"
2026-07-05T20:53:58.906+00:00,/dev/cu.usbserial-576B0005451,"RX,1613932,R33,TXB,N16,145,294393,C,0,0.81,0.78,5,U,-55,9.50"
2026-07-05T20:53:59.386+00:00,/dev/cu.usbserial-576B0005451,"RX,1614412,R33,TXE,N61,143,294879,G,1,0.93,0.90,5,U,-46,9.75"
2026-07-05T20:53:59.639+00:00,/dev/cu.usbserial-576B0005451,"RX,1614665,R33,TXA,N01,293,295127,F,0,0.28,0.26,5,F,-37,9.50"
2026-07-05T20:54:00.639+00:00,/dev/cu.usbserial-576B0005451,"RX,1615665,R33,TXA,N01,294,296127,G,1,0.93,0.90,5,F,-37,9.25"
2026-07-05T20:54:00.886+00:00,/dev/cu.usbserial-576B0005451,"RX,1615912,R33,TXG,N91,35,296380,G,1,0.93,0.90,5,U,-40,5.00"
2026-07-05T20:54:01.386+00:00,/dev/cu.usbserial-576B0005451,"RX,1616412,R33,TXE,N61,144,296879,A,1,0.75,0.72,5,U,-46,9.50"
2026-07-05T20:54:01.639+00:00,/dev/cu.usbserial-576B0005451,"RX,1616665,R33,TXA,N01,295,297127,H,1,0.32,0.30,5,F,-37,9.50"
2026-07-05T20:54:02.136+00:00,/dev/cu.usbserial-576B0005451,"RX,1617163,R33,TXF,N76,73,297631,G,1,0.93,0.90,5,U,-50,9.50"
2026-07-05T20:54:02.390+00:00,/dev/cu.usbserial-576B0005451,"RX,1617416,R33,TXC,N31,72,297881,E,1,0.87,0.84,5,U,-28,3.75"
2026-07-05T20:54:02.639+00:00,/dev/cu.usbserial-576B0005451,"RX,1617665,R33,TXA,N01,296,298127,A,0,0.75,0.72,5,F,-37,10.00"
2026-07-05T20:54:02.905+00:00,/dev/cu.usbserial-576B0005451,"RX,1617931,R33,TXB,N16,147,298393,G,1,0.93,0.90,5,U,-55,9.75"
2026-07-05T20:54:03.386+00:00,/dev/cu.usbserial-576B0005451,"RX,1618412,R33,TXE,N61,145,298879,C,0,0.81,0.78,5,U,-46,9.50"
2026-07-05T20:54:03.639+00:00,/dev/cu.usbserial-576B0005451,"RX,1618665,R33,TXA,N01,297,299127,B,1,0.20,0.18,5,F,-38,9.25"
2026-07-05T20:54:04.390+00:00,/dev/cu.usbserial-576B0005451,"RX,1619416,R33,TXC,N31,73,299881,G,1,0.93,0.90,5,U,-39,9.50"
2026-07-05T20:54:04.639+00:00,/dev/cu.usbserial-576B0005451,"RX,1619665,R33,TXA,N01,298,300127,C,1,0.81,0.78,5,F,-37,10.00"
2026-07-05T20:54:04.906+00:00,/dev/cu.usbserial-576B0005451,"RX,1619932,R33,TXB,N16,148,300393,A,0,0.75,0.72,5,U,-55,9.75"
2026-07-05T20:54:05.387+00:00,/dev/cu.usbserial-576B0005451,"RX,1620412,R33,TXE,N61,146,300879,E,1,0.87,0.84,5,U,-45,10.25"
2026-07-05T20:54:05.639+00:00,/dev/cu.usbserial-576B0005451,"RX,1620665,R33,TXA,N01,299,301127,D,0,0.24,0.22,5,F,-38,9.50"
2026-07-05T20:54:06.639+00:00,/dev/cu.usbserial-576B0005451,"RX,1621665,R33,TXA,N01,300,302127,E,1,0.87,0.84,5,F,-38,9.50"
2026-07-05T20:54:06.906+00:00,/dev/cu.usbserial-576B0005451,"RX,1621932,R33,TXB,N16,149,302393,C,1,0.81,0.78,5,U,-54,10.00"
2026-07-05T20:54:07.386+00:00,/dev/cu.usbserial-576B0005451,"RX,1622412,R33,TXE,N61,147,302879,G,1,0.93,0.90,5,U,-45,9.50"
2026-07-05T20:54:07.639+00:00,/dev/cu.usbserial-576B0005451,"RX,1622665,R33,TXA,N01,301,303127,F,1,0.28,0.26,5,F,-38,9.50"
2026-07-05T20:54:08.639+00:00,/dev/cu.usbserial-576B0005451,"RX,1623665,R33,TXA,N01,302,304127,G,0,0.93,0.90,5,F,-37,9.75"
2026-07-05T20:54:08.887+00:00,/dev/cu.usbserial-576B0005451,"RX,1623912,R33,TXG,N91,36,304380,G,1,0.93,0.90,5,U,-41,5.50"
2026-07-05T20:54:09.386+00:00,/dev/cu.usbserial-576B0005451,"RX,1624412,R33,TXE,N61,148,304879,A,0,0.75,0.72,5,U,-46,10.00"
2026-07-05T20:54:09.639+00:00,/dev/cu.usbserial-576B0005451,"RX,1624665,R33,TXA,N01,303,305127,H,1,0.32,0.30,5,F,-37,10.00"
2026-07-05T20:54:10.137+00:00,/dev/cu.usbserial-576B0005451,"RX,1625163,R33,TXF,N76,75,305631,G,0,0.93,0.90,5,U,-50,9.50"
2026-07-05T20:54:10.390+00:00,/dev/cu.usbserial-576B0005451,"RX,1625416,R33,TXC,N31,74,305881,E,1,0.87,0.84,5,U,-39,10.00"
2026-07-05T20:54:10.639+00:00,/dev/cu.usbserial-576B0005451,"RX,1625665,R33,TXA,N01,304,306127,A,1,0.75,0.72,5,F,-38,9.50"
2026-07-05T20:54:10.906+00:00,/dev/cu.usbserial-576B0005451,"RX,1625932,R33,TXB,N16,151,306393,G,0,0.93,0.90,5,U,-53,10.25"
2026-07-05T20:54:11.386+00:00,/dev/cu.usbserial-576B0005451,"RX,1626412,R33,TXE,N61,149,306879,C,1,0.81,0.78,5,U,-45,9.25"
2026-07-05T20:54:11.639+00:00,/dev/cu.usbserial-576B0005451,"RX,1626665,R33,TXA,N01,305,307127,B,0,0.20,0.18,5,F,-38,9.50"
2026-07-05T20:54:12.390+00:00,/dev/cu.usbserial-576B0005451,"RX,1627416,R33,TXC,N31,75,307881,G,0,0.93,0.90,5,U,-39,9.50"
2026-07-05T20:54:12.639+00:00,/dev/cu.usbserial-576B0005451,"RX,1627665,R33,TXA,N01,306,308127,C,1,0.81,0.78,5,F,-37,9.50"
2026-07-05T20:54:12.906+00:00,/dev/cu.usbserial-576B0005451,"RX,1627932,R33,TXB,N16,152,308393,A,1,0.75,0.72,5,U,-55,9.75"
2026-07-05T20:54:13.386+00:00,/dev/cu.usbserial-576B0005451,"RX,1628412,R33,TXE,N61,150,308879,E,1,0.87,0.84,5,U,-44,9.50"
2026-07-05T20:54:13.639+00:00,/dev/cu.usbserial-576B0005451,"RX,1628665,R33,TXA,N01,307,309127,D,1,0.24,0.22,5,F,-38,9.25"
2026-07-05T20:54:14.639+00:00,/dev/cu.usbserial-576B0005451,"RX,1629665,R33,TXA,N01,308,310127,E,0,0.87,0.84,5,F,-37,9.50"
2026-07-05T20:54:14.906+00:00,/dev/cu.usbserial-576B0005451,"RX,1629932,R33,TXB,N16,153,310393,C,1,0.81,0.78,5,U,-56,9.75"
2026-07-05T20:54:15.386+00:00,/dev/cu.usbserial-576B0005451,"RX,1630412,R33,TXE,N61,151,310879,G,0,0.93,0.90,5,U,-45,9.25"
2026-07-05T20:54:15.639+00:00,/dev/cu.usbserial-576B0005451,"RX,1630665,R33,TXA,N01,309,311127,F,1,0.28,0.26,5,F,-37,9.75"
2026-07-05T20:54:16.639+00:00,/dev/cu.usbserial-576B0005451,"RX,1631665,R33,TXA,N01,310,312127,G,1,0.93,0.90,5,F,-37,9.50"
2026-07-05T20:54:16.886+00:00,/dev/cu.usbserial-576B0005451,"RX,1631912,R33,TXG,N91,37,312380,G,0,0.93,0.90,5,U,-41,5.25"
2026-07-05T20:54:17.386+00:00,/dev/cu.usbserial-576B0005451,"RX,1632412,R33,TXE,N61,152,312879,A,1,0.75,0.72,5,U,-46,9.75"
2026-07-05T20:54:17.638+00:00,/dev/cu.usbserial-576B0005451,"RX,1632665,R33,TXA,N01,311,313127,H,0,0.32,0.30,5,F,-37,9.50"
2026-07-05T20:54:18.136+00:00,/dev/cu.usbserial-576B0005451,"RX,1633163,R33,TXF,N76,77,313631,G,1,0.93,0.90,5,U,-51,10.00"
2026-07-05T20:54:18.390+00:00,/dev/cu.usbserial-576B0005451,"RX,1633416,R33,TXC,N31,76,313881,E,0,0.87,0.84,5,U,-38,10.75"
2026-07-05T20:54:18.639+00:00,/dev/cu.usbserial-576B0005451,"RX,1633665,R33,TXA,N01,312,314127,A,1,0.75,0.72,5,F,-37,9.25"
2026-07-05T20:54:18.906+00:00,/dev/cu.usbserial-576B0005451,"RX,1633931,R33,TXB,N16,155,314393,G,1,0.93,0.90,5,U,-55,10.00"
2026-07-05T20:54:19.386+00:00,/dev/cu.usbserial-576B0005451,"RX,1634412,R33,TXE,N61,153,314879,C,1,0.81,0.78,5,U,-45,9.50"
2026-07-05T20:54:19.639+00:00,/dev/cu.usbserial-576B0005451,"RX,1634665,R33,TXA,N01,313,315127,B,1,0.20,0.18,5,F,-37,9.25"
2026-07-05T20:54:20.390+00:00,/dev/cu.usbserial-576B0005451,"RX,1635416,R33,TXC,N31,77,315881,G,1,0.93,0.90,5,U,-39,9.50"
2026-07-05T20:54:20.639+00:00,/dev/cu.usbserial-576B0005451,"RX,1635665,R33,TXA,N01,314,316127,C,0,0.81,0.78,5,F,-39,10.00"
2026-07-05T20:54:20.906+00:00,/dev/cu.usbserial-576B0005451,"RX,1635932,R33,TXB,N16,156,316393,A,1,0.75,0.72,5,U,-56,9.75"
2026-07-05T20:54:21.386+00:00,/dev/cu.usbserial-576B0005451,"RX,1636412,R33,TXE,N61,154,316879,E,0,0.87,0.84,5,U,-44,10.25"
2026-07-05T20:54:21.639+00:00,/dev/cu.usbserial-576B0005451,"RX,1636665,R33,TXA,N01,315,317127,D,1,0.24,0.22,5,F,-37,9.75"
2026-07-05T20:54:22.639+00:00,/dev/cu.usbserial-576B0005451,"RX,1637665,R33,TXA,N01,316,318127,E,1,0.87,0.84,5,F,-38,9.75"
2026-07-05T20:54:22.906+00:00,/dev/cu.usbserial-576B0005451,"RX,1637932,R33,TXB,N16,157,318393,C,0,0.81,0.78,5,U,-55,9.50"
2026-07-05T20:54:23.386+00:00,/dev/cu.usbserial-576B0005451,"RX,1638412,R33,TXE,N61,155,318879,G,1,0.93,0.90,5,U,-46,10.00"
2026-07-05T20:54:23.639+00:00,/dev/cu.usbserial-576B0005451,"RX,1638665,R33,TXA,N01,317,319127,F,0,0.28,0.26,5,F,-37,9.50"
2026-07-05T20:54:24.639+00:00,/dev/cu.usbserial-576B0005451,"RX,1639665,R33,TXA,N01,318,320127,G,1,0.93,0.90,5,F,-37,9.75"
2026-07-05T20:54:24.886+00:00,/dev/cu.usbserial-576B0005451,"RX,1639912,R33,TXG,N91,38,320380,G,1,0.93,0.90,5,U,-42,4.75"
2026-07-05T20:54:25.386+00:00,/dev/cu.usbserial-576B0005451,"RX,1640412,R33,TXE,N61,156,320879,A,1,0.75,0.72,5,U,-46,10.00"
2026-07-05T20:54:25.639+00:00,/dev/cu.usbserial-576B0005451,"RX,1640665,R33,TXA,N01,319,321127,H,1,0.32,0.30,5,F,-37,9.75"
2026-07-05T20:54:26.136+00:00,/dev/cu.usbserial-576B0005451,"RX,1641163,R33,TXF,N76,79,321631,G,1,0.93,0.90,5,U,-50,9.75"
2026-07-05T20:54:26.390+00:00,/dev/cu.usbserial-576B0005451,"RX,1641416,R33,TXC,N31,78,321881,E,1,0.87,0.84,5,U,-39,10.00"
2026-07-05T20:54:26.639+00:00,/dev/cu.usbserial-576B0005451,"RX,1641665,R33,TXA,N01,320,322127,A,1,0.75,0.72,5,F,-37,10.00"
2026-07-05T20:54:26.906+00:00,/dev/cu.usbserial-576B0005451,"RX,1641932,R33,TXB,N16,159,322393,G,1,0.93,0.90,5,U,-54,10.00"
2026-07-05T20:54:27.386+00:00,/dev/cu.usbserial-576B0005451,"RX,1642412,R33,TXE,N61,157,322879,C,0,0.81,0.78,5,U,-45,9.75"
2026-07-05T20:54:27.639+00:00,/dev/cu.usbserial-576B0005451,"RX,1642665,R33,TXA,N01,321,323127,B,0,0.20,0.18,5,F,-38,9.50"
2026-07-05T20:54:28.390+00:00,/dev/cu.usbserial-576B0005451,"RX,1643416,R33,TXC,N31,79,323881,G,1,0.93,0.90,5,U,-40,9.50"
2026-07-05T20:54:28.639+00:00,/dev/cu.usbserial-576B0005451,"RX,1643665,R33,TXA,N01,322,324127,C,1,0.81,0.78,5,F,-37,9.25"
2026-07-05T20:54:28.906+00:00,/dev/cu.usbserial-576B0005451,"RX,1643932,R33,TXB,N16,160,324393,A,1,0.75,0.72,5,U,-55,10.00"
2026-07-05T20:54:29.386+00:00,/dev/cu.usbserial-576B0005451,"RX,1644412,R33,TXE,N61,158,324879,E,1,0.87,0.84,5,U,-44,9.50"
2026-07-05T20:54:29.641+00:00,/dev/cu.usbserial-576B0005451,"RX,1644665,R33,TXA,N01,323,325127,D,1,0.24,0.22,5,F,-38,9.25"
2026-07-05T20:54:30.639+00:00,/dev/cu.usbserial-576B0005451,"RX,1645665,R33,TXA,N01,324,326127,E,0,0.87,0.84,5,F,-37,9.25"
2026-07-05T20:54:30.906+00:00,/dev/cu.usbserial-576B0005451,"RX,1645932,R33,TXB,N16,161,326393,C,1,0.81,0.78,5,U,-54,9.75"
2026-07-05T20:54:31.386+00:00,/dev/cu.usbserial-576B0005451,"RX,1646412,R33,TXE,N61,159,326879,G,1,0.93,0.90,5,U,-46,9.50"
2026-07-05T20:54:31.639+00:00,/dev/cu.usbserial-576B0005451,"RX,1646665,R33,TXA,N01,325,327127,F,1,0.28,0.26,5,F,-38,9.50"
2026-07-05T20:54:32.639+00:00,/dev/cu.usbserial-576B0005451,"RX,1647665,R33,TXA,N01,326,328127,G,1,0.93,0.90,5,F,-37,9.25"
2026-07-05T20:54:32.886+00:00,/dev/cu.usbserial-576B0005451,"RX,1647912,R33,TXG,N91,39,328380,G,1,0.93,0.90,5,U,-42,5.25"
2026-07-05T20:54:33.386+00:00,/dev/cu.usbserial-576B0005451,"RX,1648412,R33,TXE,N61,160,328879,A,1,0.75,0.72,5,U,-45,9.75"
2026-07-05T20:54:33.639+00:00,/dev/cu.usbserial-576B0005451,"RX,1648665,R33,TXA,N01,327,329127,H,0,0.32,0.30,5,F,-38,9.75"
2026-07-05T20:54:34.136+00:00,/dev/cu.usbserial-576B0005451,"RX,1649163,R33,TXF,N76,81,329631,G,1,0.93,0.90,5,U,-50,9.75"
2026-07-05T20:54:34.390+00:00,/dev/cu.usbserial-576B0005451,"RX,1649416,R33,TXC,N31,80,329881,E,0,0.87,0.84,5,U,-39,9.75"
2026-07-05T20:54:34.639+00:00,/dev/cu.usbserial-576B0005451,"RX,1649665,R33,TXA,N01,328,330127,A,1,0.75,0.72,5,F,-37,9.75"
2026-07-05T20:54:34.906+00:00,/dev/cu.usbserial-576B0005451,"RX,1649932,R33,TXB,N16,163,330393,G,1,0.93,0.90,5,U,-54,10.00"
2026-07-05T20:54:35.385+00:00,/dev/cu.usbserial-576B0005451,"RX,1650412,R33,TXE,N61,161,330879,C,1,0.81,0.78,5,U,-46,9.50"
2026-07-05T20:54:35.638+00:00,/dev/cu.usbserial-576B0005451,"RX,1650665,R33,TXA,N01,329,331127,B,1,0.20,0.18,5,F,-38,10.00"
2026-07-05T20:54:36.390+00:00,/dev/cu.usbserial-576B0005451,"RX,1651416,R33,TXC,N31,81,331881,G,1,0.93,0.90,5,U,-39,9.50"
2026-07-05T20:54:36.638+00:00,/dev/cu.usbserial-576B0005451,"RX,1651665,R33,TXA,N01,330,332127,C,0,0.81,0.78,5,F,-37,9.75"
2026-07-05T20:54:36.905+00:00,/dev/cu.usbserial-576B0005451,"RX,1651932,R33,TXB,N16,164,332393,A,1,0.75,0.72,5,U,-55,9.25"
2026-07-05T20:54:37.385+00:00,/dev/cu.usbserial-576B0005451,"RX,1652412,R33,TXE,N61,162,332879,E,0,0.87,0.84,5,U,-45,9.75"
2026-07-05T20:54:37.638+00:00,/dev/cu.usbserial-576B0005451,"RX,1652665,R33,TXA,N01,331,333127,D,1,0.24,0.22,5,F,-37,9.50"
2026-07-05T20:54:38.639+00:00,/dev/cu.usbserial-576B0005451,"RX,1653665,R33,TXA,N01,332,334127,E,1,0.87,0.84,5,F,-38,9.50"
2026-07-05T20:54:38.906+00:00,/dev/cu.usbserial-576B0005451,"RX,1653932,R33,TXB,N16,165,334393,C,0,0.81,0.78,5,U,-54,9.75"
2026-07-05T20:54:39.386+00:00,/dev/cu.usbserial-576B0005451,"RX,1654412,R33,TXE,N61,163,334879,G,1,0.93,0.90,5,U,-46,10.00"
2026-07-05T20:54:39.639+00:00,/dev/cu.usbserial-576B0005451,"RX,1654665,R33,TXA,N01,333,335127,F,0,0.28,0.26,5,F,-37,9.50"
2026-07-05T20:54:40.639+00:00,/dev/cu.usbserial-576B0005451,"RX,1655665,R33,TXA,N01,334,336127,G,1,0.93,0.90,5,F,-38,9.50"
2026-07-05T20:54:40.886+00:00,/dev/cu.usbserial-576B0005451,"RX,1655912,R33,TXG,N91,40,336380,G,1,0.93,0.90,5,U,-41,5.00"
2026-07-05T20:54:41.386+00:00,/dev/cu.usbserial-576B0005451,"RX,1656412,R33,TXE,N61,164,336879,A,1,0.75,0.72,5,U,-45,10.00"
2026-07-05T20:54:41.639+00:00,/dev/cu.usbserial-576B0005451,"RX,1656665,R33,TXA,N01,335,337127,H,1,0.32,0.30,5,F,-38,9.25"
2026-07-05T20:54:42.136+00:00,/dev/cu.usbserial-576B0005451,"RX,1657163,R33,TXF,N76,83,337631,G,1,0.93,0.90,5,U,-50,9.50"
2026-07-05T20:54:42.390+00:00,/dev/cu.usbserial-576B0005451,"RX,1657416,R33,TXC,N31,82,337881,E,1,0.87,0.84,5,U,-30,1.50"
2026-07-05T20:54:42.639+00:00,/dev/cu.usbserial-576B0005451,"RX,1657665,R33,TXA,N01,336,338127,A,0,0.75,0.72,5,F,-38,9.25"
2026-07-05T20:54:42.906+00:00,/dev/cu.usbserial-576B0005451,"RX,1657932,R33,TXB,N16,167,338393,G,1,0.93,0.90,5,U,-54,9.75"
2026-07-05T20:54:43.386+00:00,/dev/cu.usbserial-576B0005451,"RX,1658412,R33,TXE,N61,165,338879,C,0,0.81,0.78,5,U,-45,9.75"
2026-07-05T20:54:43.639+00:00,/dev/cu.usbserial-576B0005451,"RX,1658665,R33,TXA,N01,337,339127,B,1,0.20,0.18,5,F,-37,9.25"
2026-07-05T20:54:44.390+00:00,/dev/cu.usbserial-576B0005451,"RX,1659416,R33,TXC,N31,83,339881,G,1,0.93,0.90,5,U,-40,10.00"
2026-07-05T20:54:44.639+00:00,/dev/cu.usbserial-576B0005451,"RX,1659665,R33,TXA,N01,338,340127,C,1,0.81,0.78,5,F,-38,9.25"
2026-07-05T20:54:44.906+00:00,/dev/cu.usbserial-576B0005451,"RX,1659932,R33,TXB,N16,168,340393,A,0,0.75,0.72,5,U,-55,9.75"
2026-07-05T20:54:45.386+00:00,/dev/cu.usbserial-576B0005451,"RX,1660412,R33,TXE,N61,166,340879,E,1,0.87,0.84,5,U,-46,9.50"
2026-07-05T20:54:45.639+00:00,/dev/cu.usbserial-576B0005451,"RX,1660665,R33,TXA,N01,339,341127,D,0,0.24,0.22,5,F,-38,9.75"
2026-07-05T20:54:46.639+00:00,/dev/cu.usbserial-576B0005451,"RX,1661665,R33,TXA,N01,340,342127,E,1,0.87,0.84,5,F,-37,9.50"
2026-07-05T20:54:46.906+00:00,/dev/cu.usbserial-576B0005451,"RX,1661932,R33,TXB,N16,169,342393,C,1,0.81,0.78,5,U,-54,9.50"
2026-07-05T20:54:47.386+00:00,/dev/cu.usbserial-576B0005451,"RX,1662412,R33,TXE,N61,167,342879,G,1,0.93,0.90,5,U,-46,9.75"
2026-07-05T20:54:47.639+00:00,/dev/cu.usbserial-576B0005451,"RX,1662665,R33,TXA,N01,341,343127,F,1,0.28,0.26,5,F,-37,9.75"
2026-07-05T20:54:48.639+00:00,/dev/cu.usbserial-576B0005451,"RX,1663665,R33,TXA,N01,342,344127,G,0,0.93,0.90,5,F,-37,9.00"
2026-07-05T20:54:48.886+00:00,/dev/cu.usbserial-576B0005451,"RX,1663912,R33,TXG,N91,41,344380,G,1,0.93,0.90,5,U,-41,4.75"
2026-07-05T20:54:49.386+00:00,/dev/cu.usbserial-576B0005451,"RX,1664412,R33,TXE,N61,168,344879,A,0,0.75,0.72,5,U,-46,10.00"
2026-07-05T20:54:49.639+00:00,/dev/cu.usbserial-576B0005451,"RX,1664665,R33,TXA,N01,343,345127,H,1,0.32,0.30,5,F,-37,9.50"
2026-07-05T20:54:50.136+00:00,/dev/cu.usbserial-576B0005451,"RX,1665163,R33,TXF,N76,85,345631,G,0,0.93,0.90,5,U,-50,9.50"
2026-07-05T20:54:50.390+00:00,/dev/cu.usbserial-576B0005451,"RX,1665416,R33,TXC,N31,84,345881,E,1,0.87,0.84,5,U,-30,2.00"
2026-07-05T20:54:50.641+00:00,/dev/cu.usbserial-576B0005451,"RX,1665665,R33,TXA,N01,344,346127,A,1,0.75,0.72,5,F,-37,9.50"
2026-07-05T20:54:50.906+00:00,/dev/cu.usbserial-576B0005451,"RX,1665932,R33,TXB,N16,171,346393,G,0,0.93,0.90,5,U,-55,9.50"
2026-07-05T20:54:51.385+00:00,/dev/cu.usbserial-576B0005451,"RX,1666412,R33,TXE,N61,169,346879,C,1,0.81,0.78,5,U,-46,9.75"
2026-07-05T20:54:51.639+00:00,/dev/cu.usbserial-576B0005451,"RX,1666665,R33,TXA,N01,345,347127,B,0,0.20,0.18,5,F,-37,10.00"
2026-07-05T20:54:52.390+00:00,/dev/cu.usbserial-576B0005451,"RX,1667416,R33,TXC,N31,85,347881,G,0,0.93,0.90,5,U,-39,9.50"
2026-07-05T20:54:52.639+00:00,/dev/cu.usbserial-576B0005451,"RX,1667665,R33,TXA,N01,346,348127,C,1,0.81,0.78,5,F,-37,9.25"
2026-07-05T20:54:52.905+00:00,/dev/cu.usbserial-576B0005451,"RX,1667932,R33,TXB,N16,172,348393,A,1,0.75,0.72,5,U,-54,10.00"
2026-07-05T20:54:53.386+00:00,/dev/cu.usbserial-576B0005451,"RX,1668412,R33,TXE,N61,170,348879,E,1,0.87,0.84,5,U,-47,9.25"
2026-07-05T20:54:53.638+00:00,/dev/cu.usbserial-576B0005451,"RX,1668665,R33,TXA,N01,347,349127,D,1,0.24,0.22,5,F,-37,9.25"
2026-07-05T20:54:54.639+00:00,/dev/cu.usbserial-576B0005451,"RX,1669665,R33,TXA,N01,348,350127,E,0,0.87,0.84,5,F,-37,9.25"
2026-07-05T20:54:54.906+00:00,/dev/cu.usbserial-576B0005451,"RX,1669932,R33,TXB,N16,173,350393,C,1,0.81,0.78,5,U,-55,9.50"
2026-07-05T20:54:55.386+00:00,/dev/cu.usbserial-576B0005451,"RX,1670412,R33,TXE,N61,171,350879,G,0,0.93,0.90,5,U,-46,10.00"
2026-07-05T20:54:55.639+00:00,/dev/cu.usbserial-576B0005451,"RX,1670665,R33,TXA,N01,349,351127,F,1,0.28,0.26,5,F,-38,9.50"
2026-07-05T20:54:56.638+00:00,/dev/cu.usbserial-576B0005451,"RX,1671665,R33,TXA,N01,350,352127,G,1,0.93,0.90,5,F,-37,9.75"
2026-07-05T20:54:56.886+00:00,/dev/cu.usbserial-576B0005451,"RX,1671912,R33,TXG,N91,42,352380,G,0,0.93,0.90,5,U,-41,4.75"
2026-07-05T20:54:57.386+00:00,/dev/cu.usbserial-576B0005451,"RX,1672412,R33,TXE,N61,172,352879,A,1,0.75,0.72,5,U,-46,10.00"
2026-07-05T20:54:57.639+00:00,/dev/cu.usbserial-576B0005451,"RX,1672665,R33,TXA,N01,351,353127,H,0,0.32,0.30,5,F,-37,9.25"
2026-07-05T20:54:58.136+00:00,/dev/cu.usbserial-576B0005451,"RX,1673163,R33,TXF,N76,87,353631,G,1,0.93,0.90,5,U,-49,9.50"
2026-07-05T20:54:58.390+00:00,/dev/cu.usbserial-576B0005451,"RX,1673416,R33,TXC,N31,86,353881,E,0,0.87,0.84,5,U,-31,2.00"
2026-07-05T20:54:58.639+00:00,/dev/cu.usbserial-576B0005451,"RX,1673665,R33,TXA,N01,352,354127,A,1,0.75,0.72,5,F,-37,9.50"
2026-07-05T20:54:58.906+00:00,/dev/cu.usbserial-576B0005451,"RX,1673932,R33,TXB,N16,175,354393,G,1,0.93,0.90,5,U,-55,9.75"
2026-07-05T20:54:59.386+00:00,/dev/cu.usbserial-576B0005451,"RX,1674412,R33,TXE,N61,173,354879,C,1,0.81,0.78,5,U,-46,9.75"
2026-07-05T20:54:59.639+00:00,/dev/cu.usbserial-576B0005451,"RX,1674665,R33,TXA,N01,353,355127,B,1,0.20,0.18,5,F,-37,9.25"
2026-07-05T20:55:00.390+00:00,/dev/cu.usbserial-576B0005451,"RX,1675416,R33,TXC,N31,87,355881,G,1,0.93,0.90,5,U,-39,9.50"
2026-07-05T20:55:00.639+00:00,/dev/cu.usbserial-576B0005451,"RX,1675665,R33,TXA,N01,354,356127,C,0,0.81,0.78,5,F,-37,9.50"
2026-07-05T20:55:00.906+00:00,/dev/cu.usbserial-576B0005451,"RX,1675932,R33,TXB,N16,176,356393,A,1,0.75,0.72,5,U,-54,10.25"
2026-07-05T20:55:01.386+00:00,/dev/cu.usbserial-576B0005451,"RX,1676412,R33,TXE,N61,174,356879,E,0,0.87,0.84,5,U,-47,9.50"
2026-07-05T20:55:01.639+00:00,/dev/cu.usbserial-576B0005451,"RX,1676665,R33,TXA,N01,355,357127,D,1,0.24,0.22,5,F,-37,9.25"
2026-07-05T20:55:02.639+00:00,/dev/cu.usbserial-576B0005451,"RX,1677665,R33,TXA,N01,356,358127,E,1,0.87,0.84,5,F,-37,9.50"
2026-07-05T20:55:02.905+00:00,/dev/cu.usbserial-576B0005451,"RX,1677932,R33,TXB,N16,177,358393,C,0,0.81,0.78,5,U,-55,9.75"
2026-07-05T20:55:03.386+00:00,/dev/cu.usbserial-576B0005451,"RX,1678412,R33,TXE,N61,175,358879,G,1,0.93,0.90,5,U,-47,10.00"
2026-07-05T20:55:03.639+00:00,/dev/cu.usbserial-576B0005451,"RX,1678665,R33,TXA,N01,357,359127,F,0,0.28,0.26,5,F,-38,9.00"
2026-07-05T20:55:04.639+00:00,/dev/cu.usbserial-576B0005451,"RX,1679665,R33,TXA,N01,358,360127,G,1,0.93,0.90,5,F,-37,9.25"
2026-07-05T20:55:04.886+00:00,/dev/cu.usbserial-576B0005451,"RX,1679912,R33,TXG,N91,43,360380,G,1,0.93,0.90,5,U,-41,5.25"
2026-07-05T20:55:05.386+00:00,/dev/cu.usbserial-576B0005451,"RX,1680412,R33,TXE,N61,176,360879,A,1,0.75,0.72,5,U,-44,9.75"
2026-07-05T20:55:05.639+00:00,/dev/cu.usbserial-576B0005451,"RX,1680665,R33,TXA,N01,359,361127,H,1,0.32,0.30,5,F,-38,10.25"
2026-07-05T20:55:06.136+00:00,/dev/cu.usbserial-576B0005451,"RX,1681163,R33,TXF,N76,89,361631,G,1,0.93,0.90,5,U,-49,9.75"
2026-07-05T20:55:06.390+00:00,/dev/cu.usbserial-576B0005451,"RX,1681416,R33,TXC,N31,88,361881,E,1,0.87,0.84,5,U,-29,3.25"
2026-07-05T20:55:06.639+00:00,/dev/cu.usbserial-576B0005451,"RX,1681665,R33,TXA,N01,360,362127,A,0,0.75,0.72,5,F,-38,9.75"
2026-07-05T20:55:07.386+00:00,/dev/cu.usbserial-576B0005451,"RX,1682412,R33,TXE,N61,177,362879,C,0,0.81,0.78,5,U,-46,9.75"
2026-07-05T20:55:07.639+00:00,/dev/cu.usbserial-576B0005451,"RX,1682665,R33,TXA,N01,361,363127,B,1,0.20,0.18,5,F,-38,9.50"
2026-07-05T20:55:08.390+00:00,/dev/cu.usbserial-576B0005451,"RX,1683416,R33,TXC,N31,89,363881,G,1,0.93,0.90,5,U,-39,10.00"
2026-07-05T20:55:08.639+00:00,/dev/cu.usbserial-576B0005451,"RX,1683665,R33,TXA,N01,362,364127,C,1,0.81,0.78,5,F,-37,9.00"
2026-07-05T20:55:08.905+00:00,/dev/cu.usbserial-576B0005451,"RX,1683932,R33,TXB,N16,180,364393,A,0,0.75,0.72,5,U,-55,9.75"
2026-07-05T20:55:09.386+00:00,/dev/cu.usbserial-576B0005451,"RX,1684412,R33,TXE,N61,178,364879,E,1,0.87,0.84,5,U,-46,10.00"
2026-07-05T20:55:09.639+00:00,/dev/cu.usbserial-576B0005451,"RX,1684665,R33,TXA,N01,363,365127,D,0,0.24,0.22,5,F,-37,9.25"
2026-07-05T20:55:10.638+00:00,/dev/cu.usbserial-576B0005451,"RX,1685665,R33,TXA,N01,364,366127,E,1,0.87,0.84,5,F,-37,9.25"
2026-07-05T20:55:10.905+00:00,/dev/cu.usbserial-576B0005451,"RX,1685932,R33,TXB,N16,181,366393,C,1,0.81,0.78,5,U,-54,9.75"
2026-07-05T20:55:11.385+00:00,/dev/cu.usbserial-576B0005451,"RX,1686412,R33,TXE,N61,179,366879,G,1,0.93,0.90,5,U,-45,10.25"
2026-07-05T20:55:11.638+00:00,/dev/cu.usbserial-576B0005451,"RX,1686665,R33,TXA,N01,365,367127,F,1,0.28,0.26,5,F,-38,9.50"
2026-07-05T20:55:12.639+00:00,/dev/cu.usbserial-576B0005451,"RX,1687665,R33,TXA,N01,366,368127,G,0,0.93,0.90,5,F,-38,9.25"
2026-07-05T20:55:12.886+00:00,/dev/cu.usbserial-576B0005451,"RX,1687912,R33,TXG,N91,44,368380,G,1,0.93,0.90,5,U,-41,5.25"
2026-07-05T20:55:13.386+00:00,/dev/cu.usbserial-576B0005451,"RX,1688412,R33,TXE,N61,180,368879,A,0,0.75,0.72,5,U,-46,9.50"
2026-07-05T20:55:13.639+00:00,/dev/cu.usbserial-576B0005451,"RX,1688665,R33,TXA,N01,367,369127,H,1,0.32,0.30,5,F,-38,9.00"
2026-07-05T20:55:14.136+00:00,/dev/cu.usbserial-576B0005451,"RX,1689163,R33,TXF,N76,91,369631,G,0,0.93,0.90,5,U,-52,10.00"
2026-07-05T20:55:14.390+00:00,/dev/cu.usbserial-576B0005451,"RX,1689416,R33,TXC,N31,90,369881,E,1,0.87,0.84,5,U,-39,9.25"
2026-07-05T20:55:14.639+00:00,/dev/cu.usbserial-576B0005451,"RX,1689665,R33,TXA,N01,368,370127,A,1,0.75,0.72,5,F,-38,9.50"
2026-07-05T20:55:14.905+00:00,/dev/cu.usbserial-576B0005451,"RX,1689932,R33,TXB,N16,183,370393,G,0,0.93,0.90,5,U,-54,10.25"
2026-07-05T20:55:15.386+00:00,/dev/cu.usbserial-576B0005451,"RX,1690412,R33,TXE,N61,181,370879,C,1,0.81,0.78,5,U,-46,9.25"
2026-07-05T20:55:15.639+00:00,/dev/cu.usbserial-576B0005451,"RX,1690665,R33,TXA,N01,369,371127,B,0,0.20,0.18,5,F,-37,9.25"
2026-07-05T20:55:16.389+00:00,/dev/cu.usbserial-576B0005451,"RX,1691416,R33,TXC,N31,91,371881,G,0,0.93,0.90,5,U,-39,9.25"
2026-07-05T20:55:16.638+00:00,/dev/cu.usbserial-576B0005451,"RX,1691665,R33,TXA,N01,370,372127,C,1,0.81,0.78,5,F,-38,9.25"
2026-07-05T20:55:16.905+00:00,/dev/cu.usbserial-576B0005451,"RX,1691932,R33,TXB,N16,184,372393,A,1,0.75,0.72,5,U,-55,10.00"
2026-07-05T20:55:17.386+00:00,/dev/cu.usbserial-576B0005451,"RX,1692412,R33,TXE,N61,182,372879,E,1,0.87,0.84,5,U,-46,9.75"
2026-07-05T20:55:17.639+00:00,/dev/cu.usbserial-576B0005451,"RX,1692665,R33,TXA,N01,371,373127,D,1,0.24,0.22,5,F,-37,10.00"
2026-07-05T20:55:18.639+00:00,/dev/cu.usbserial-576B0005451,"RX,1693665,R33,TXA,N01,372,374127,E,0,0.87,0.84,5,F,-37,9.75"
2026-07-05T20:55:18.905+00:00,/dev/cu.usbserial-576B0005451,"RX,1693932,R33,TXB,N16,185,374393,C,1,0.81,0.78,5,U,-53,9.50"
2026-07-05T20:55:19.386+00:00,/dev/cu.usbserial-576B0005451,"RX,1694412,R33,TXE,N61,183,374879,G,0,0.93,0.90,5,U,-44,9.25"
2026-07-05T20:55:19.639+00:00,/dev/cu.usbserial-576B0005451,"RX,1694665,R33,TXA,N01,373,375127,F,1,0.28,0.26,5,F,-40,9.50"
2026-07-05T20:55:20.639+00:00,/dev/cu.usbserial-576B0005451,"RX,1695665,R33,TXA,N01,374,376127,G,1,0.93,0.90,5,F,-40,10.25"
2026-07-05T20:55:20.886+00:00,/dev/cu.usbserial-576B0005451,"RX,1695912,R33,TXG,N91,45,376380,G,0,0.93,0.90,5,U,-42,5.25"
2026-07-05T20:55:21.386+00:00,/dev/cu.usbserial-576B0005451,"RX,1696412,R33,TXE,N61,184,376879,A,1,0.75,0.72,5,U,-43,9.75"
2026-07-05T20:55:21.639+00:00,/dev/cu.usbserial-576B0005451,"RX,1696665,R33,TXA,N01,375,377127,H,0,0.32,0.30,5,F,-40,9.25"
2026-07-05T20:55:22.136+00:00,/dev/cu.usbserial-576B0005451,"RX,1697163,R33,TXF,N76,93,377631,G,1,0.93,0.90,5,U,-50,9.50"
2026-07-05T20:55:22.390+00:00,/dev/cu.usbserial-576B0005451,"RX,1697416,R33,TXC,N31,92,377881,E,0,0.87,0.84,5,U,-39,9.50"
2026-07-05T20:55:22.639+00:00,/dev/cu.usbserial-576B0005451,"RX,1697665,R33,TXA,N01,376,378127,A,1,0.75,0.72,5,F,-40,9.50"
2026-07-05T20:55:22.905+00:00,/dev/cu.usbserial-576B0005451,"RX,1697932,R33,TXB,N16,187,378393,G,1,0.93,0.90,5,U,-56,9.75"
2026-07-05T20:55:23.386+00:00,/dev/cu.usbserial-576B0005451,"RX,1698412,R33,TXE,N61,185,378879,C,1,0.81,0.78,5,U,-44,9.50"
2026-07-05T20:55:23.639+00:00,/dev/cu.usbserial-576B0005451,"RX,1698665,R33,TXA,N01,377,379127,B,1,0.20,0.18,5,F,-40,10.00"
2026-07-05T20:55:24.390+00:00,/dev/cu.usbserial-576B0005451,"RX,1699416,R33,TXC,N31,93,379881,G,1,0.93,0.90,5,U,-39,10.25"
2026-07-05T20:55:24.639+00:00,/dev/cu.usbserial-576B0005451,"RX,1699665,R33,TXA,N01,378,380127,C,0,0.81,0.78,5,F,-40,9.75"
2026-07-05T20:55:24.905+00:00,/dev/cu.usbserial-576B0005451,"RX,1699932,R33,TXB,N16,188,380393,A,1,0.75,0.72,5,U,-56,9.75"
2026-07-05T20:55:25.386+00:00,/dev/cu.usbserial-576B0005451,"RX,1700412,R33,TXE,N61,186,380879,E,0,0.87,0.84,5,U,-44,10.00"
2026-07-05T20:55:25.639+00:00,/dev/cu.usbserial-576B0005451,"RX,1700665,R33,TXA,N01,379,381127,D,1,0.24,0.22,5,F,-40,10.25"
2026-07-05T20:55:26.639+00:00,/dev/cu.usbserial-576B0005451,"RX,1701665,R33,TXA,N01,380,382127,E,1,0.87,0.84,5,F,-40,10.00"
2026-07-05T20:55:26.905+00:00,/dev/cu.usbserial-576B0005451,"RX,1701932,R33,TXB,N16,189,382393,C,0,0.81,0.78,5,U,-56,9.75"
2026-07-05T20:55:27.385+00:00,/dev/cu.usbserial-576B0005451,"RX,1702412,R33,TXE,N61,187,382879,G,1,0.93,0.90,5,U,-43,9.75"
2026-07-05T20:55:27.638+00:00,/dev/cu.usbserial-576B0005451,"RX,1702665,R33,TXA,N01,381,383127,F,0,0.28,0.26,5,F,-40,10.00"
2026-07-05T20:55:28.638+00:00,/dev/cu.usbserial-576B0005451,"RX,1703665,R33,TXA,N01,382,384127,G,1,0.93,0.90,5,F,-40,9.50"
2026-07-05T20:55:28.885+00:00,/dev/cu.usbserial-576B0005451,"RX,1703913,R33,TXG,N91,46,384380,G,1,0.93,0.90,5,U,-41,6.25"
2026-07-05T20:55:29.385+00:00,/dev/cu.usbserial-576B0005451,"RX,1704412,R33,TXE,N61,188,384879,A,1,0.75,0.72,5,U,-44,9.50"
2026-07-05T20:55:29.638+00:00,/dev/cu.usbserial-576B0005451,"RX,1704665,R33,TXA,N01,383,385127,H,1,0.32,0.30,5,F,-40,9.75"
2026-07-05T20:55:30.136+00:00,/dev/cu.usbserial-576B0005451,"RX,1705163,R33,TXF,N76,95,385631,G,1,0.93,0.90,5,U,-50,9.75"
2026-07-05T20:55:30.389+00:00,/dev/cu.usbserial-576B0005451,"RX,1705416,R33,TXC,N31,94,385881,E,1,0.87,0.84,5,U,-40,9.75"
2026-07-05T20:55:30.638+00:00,/dev/cu.usbserial-576B0005451,"RX,1705665,R33,TXA,N01,384,386127,A,1,0.75,0.72,5,F,-40,9.75"
2026-07-05T20:55:30.905+00:00,/dev/cu.usbserial-576B0005451,"RX,1705932,R33,TXB,N16,191,386393,G,1,0.93,0.90,5,U,-56,10.00"
2026-07-05T20:55:31.385+00:00,/dev/cu.usbserial-576B0005451,"RX,1706412,R33,TXE,N61,189,386879,C,0,0.81,0.78,5,U,-44,9.50"
2026-07-05T20:55:31.638+00:00,/dev/cu.usbserial-576B0005451,"RX,1706665,R33,TXA,N01,385,387127,B,0,0.20,0.18,5,F,-40,10.00"
2026-07-05T20:55:32.389+00:00,/dev/cu.usbserial-576B0005451,"RX,1707416,R33,TXC,N31,95,387881,G,1,0.93,0.90,5,U,-39,10.25"
2026-07-05T20:55:32.638+00:00,/dev/cu.usbserial-576B0005451,"RX,1707665,R33,TXA,N01,386,388127,C,1,0.81,0.78,5,F,-40,9.75"
2026-07-05T20:55:32.905+00:00,/dev/cu.usbserial-576B0005451,"RX,1707932,R33,TXB,N16,192,388393,A,1,0.75,0.72,5,U,-56,9.75"
2026-07-05T20:55:33.385+00:00,/dev/cu.usbserial-576B0005451,"RX,1708412,R33,TXE,N61,190,388879,E,1,0.87,0.84,5,U,-44,9.75"
2026-07-05T20:55:33.638+00:00,/dev/cu.usbserial-576B0005451,"RX,1708665,R33,TXA,N01,387,389127,D,1,0.24,0.22,5,F,-40,9.50"
2026-07-05T20:55:34.638+00:00,/dev/cu.usbserial-576B0005451,"RX,1709665,R33,TXA,N01,388,390127,E,0,0.87,0.84,5,F,-41,10.25"
2026-07-05T20:55:34.905+00:00,/dev/cu.usbserial-576B0005451,"RX,1709932,R33,TXB,N16,193,390393,C,1,0.81,0.78,5,U,-56,9.75"
2026-07-05T20:55:35.385+00:00,/dev/cu.usbserial-576B0005451,"RX,1710412,R33,TXE,N61,191,390879,G,1,0.93,0.90,5,U,-43,9.75"
2026-07-05T20:55:35.638+00:00,/dev/cu.usbserial-576B0005451,"RX,1710665,R33,TXA,N01,389,391127,F,1,0.28,0.26,5,F,-41,9.50"
2026-07-05T20:55:36.638+00:00,/dev/cu.usbserial-576B0005451,"RX,1711665,R33,TXA,N01,390,392127,G,1,0.93,0.90,5,F,-39,9.75"
2026-07-05T20:55:36.885+00:00,/dev/cu.usbserial-576B0005451,"RX,1711913,R33,TXG,N91,47,392380,G,1,0.93,0.90,5,U,-42,5.00"
2026-07-05T20:55:37.385+00:00,/dev/cu.usbserial-576B0005451,"RX,1712412,R33,TXE,N61,192,392879,A,1,0.75,0.72,5,U,-44,9.25"
2026-07-05T20:55:37.638+00:00,/dev/cu.usbserial-576B0005451,"RX,1712665,R33,TXA,N01,391,393127,H,0,0.32,0.30,5,F,-38,9.75"
2026-07-05T20:55:38.135+00:00,/dev/cu.usbserial-576B0005451,"RX,1713163,R33,TXF,N76,97,393631,G,1,0.93,0.90,5,U,-48,9.50"
2026-07-05T20:55:38.389+00:00,/dev/cu.usbserial-576B0005451,"RX,1713416,R33,TXC,N31,96,393881,E,0,0.87,0.84,5,U,-40,9.75"
2026-07-05T20:55:38.638+00:00,/dev/cu.usbserial-576B0005451,"RX,1713665,R33,TXA,N01,392,394127,A,1,0.75,0.72,5,F,-38,9.75"
2026-07-05T20:55:38.905+00:00,/dev/cu.usbserial-576B0005451,"RX,1713932,R33,TXB,N16,195,394393,G,1,0.93,0.90,5,U,-55,9.50"
2026-07-05T20:55:39.385+00:00,/dev/cu.usbserial-576B0005451,"RX,1714412,R33,TXE,N61,193,394879,C,1,0.81,0.78,5,U,-43,9.50"
2026-07-05T20:55:39.638+00:00,/dev/cu.usbserial-576B0005451,"RX,1714665,R33,TXA,N01,393,395127,B,1,0.20,0.18,5,F,-40,9.75"
2026-07-05T20:55:40.389+00:00,/dev/cu.usbserial-576B0005451,"RX,1715416,R33,TXC,N31,97,395881,G,1,0.93,0.90,5,U,-43,9.25"
2026-07-05T20:55:40.638+00:00,/dev/cu.usbserial-576B0005451,"RX,1715665,R33,TXA,N01,394,396127,C,0,0.81,0.78,5,F,-41,9.50"
2026-07-05T20:55:40.905+00:00,/dev/cu.usbserial-576B0005451,"RX,1715932,R33,TXB,N16,196,396393,A,1,0.75,0.72,5,U,-59,9.50"
2026-07-05T20:55:41.386+00:00,/dev/cu.usbserial-576B0005451,"RX,1716412,R33,TXE,N61,194,396879,E,0,0.87,0.84,5,U,-43,9.50"
2026-07-05T20:55:41.638+00:00,/dev/cu.usbserial-576B0005451,"RX,1716665,R33,TXA,N01,395,397127,D,1,0.24,0.22,5,F,-41,9.25"
2026-07-05T20:55:42.638+00:00,/dev/cu.usbserial-576B0005451,"RX,1717665,R33,TXA,N01,396,398127,E,1,0.87,0.84,5,F,-40,9.50"
2026-07-05T20:55:42.905+00:00,/dev/cu.usbserial-576B0005451,"RX,1717932,R33,TXB,N16,197,398393,C,0,0.81,0.78,5,U,-58,9.50"
2026-07-05T20:55:43.386+00:00,/dev/cu.usbserial-576B0005451,"RX,1718412,R33,TXE,N61,195,398879,G,1,0.93,0.90,5,U,-43,9.75"
2026-07-05T20:55:43.638+00:00,/dev/cu.usbserial-576B0005451,"RX,1718665,R33,TXA,N01,397,399127,F,0,0.28,0.26,5,F,-41,9.50"
2026-07-05T20:55:44.135+00:00,/dev/cu.usbserial-576B0005451,"RX,1719163,R33,TXF,N76,98,399631,E,1,0.87,0.84,5,U,-39,1.00"
2026-07-05T20:55:44.638+00:00,/dev/cu.usbserial-576B0005451,"RX,1719665,R33,TXA,N01,398,400127,G,1,0.93,0.90,5,F,-40,9.00"
2026-07-05T20:55:44.885+00:00,/dev/cu.usbserial-576B0005451,"RX,1719913,R33,TXG,N91,48,400380,G,1,0.93,0.90,5,U,-42,7.00"
2026-07-05T20:55:45.386+00:00,/dev/cu.usbserial-576B0005451,"RX,1720412,R33,TXE,N61,196,400879,A,1,0.75,0.72,5,U,-44,9.75"
2026-07-05T20:55:45.638+00:00,/dev/cu.usbserial-576B0005451,"RX,1720665,R33,TXA,N01,399,401127,H,1,0.32,0.30,5,F,-40,9.75"
2026-07-05T20:55:46.135+00:00,/dev/cu.usbserial-576B0005451,"RX,1721163,R33,TXF,N76,99,401631,G,1,0.93,0.90,5,U,-47,9.75"
2026-07-05T20:55:46.389+00:00,/dev/cu.usbserial-576B0005451,"RX,1721416,R33,TXC,N31,98,401881,E,1,0.87,0.84,5,U,-35,6.25"
2026-07-05T20:55:46.639+00:00,/dev/cu.usbserial-576B0005451,"RX,1721665,R33,TXA,N01,400,402127,A,0,0.75,0.72,5,F,-40,10.00"
2026-07-05T20:55:46.905+00:00,/dev/cu.usbserial-576B0005451,"RX,1721932,R33,TXB,N16,199,402393,G,1,0.93,0.90,5,U,-58,9.75"
2026-07-05T20:55:47.386+00:00,/dev/cu.usbserial-576B0005451,"RX,1722412,R33,TXE,N61,197,402879,C,0,0.81,0.78,5,U,-43,9.75"
2026-07-05T20:55:47.638+00:00,/dev/cu.usbserial-576B0005451,"RX,1722665,R33,TXA,N01,401,403127,B,1,0.20,0.18,5,F,-40,9.25"
2026-07-05T20:55:48.389+00:00,/dev/cu.usbserial-576B0005451,"RX,1723416,R33,TXC,N31,99,403881,G,1,0.93,0.90,5,U,-42,9.50"
2026-07-05T20:55:48.638+00:00,/dev/cu.usbserial-576B0005451,"RX,1723665,R33,TXA,N01,402,404127,C,1,0.81,0.78,5,F,-40,10.00"
2026-07-05T20:55:48.905+00:00,/dev/cu.usbserial-576B0005451,"RX,1723932,R33,TXB,N16,200,404393,A,0,0.75,0.72,5,U,-58,9.75"
2026-07-05T20:55:49.386+00:00,/dev/cu.usbserial-576B0005451,"RX,1724412,R33,TXE,N61,198,404879,E,1,0.87,0.84,5,U,-43,10.00"
2026-07-05T20:55:49.638+00:00,/dev/cu.usbserial-576B0005451,"RX,1724665,R33,TXA,N01,403,405127,D,0,0.24,0.22,5,F,-40,9.75"
2026-07-05T20:55:50.638+00:00,/dev/cu.usbserial-576B0005451,"RX,1725665,R33,TXA,N01,404,406127,E,1,0.87,0.84,5,F,-40,9.50"
2026-07-05T20:55:50.905+00:00,/dev/cu.usbserial-576B0005451,"RX,1725932,R33,TXB,N16,201,406393,C,1,0.81,0.78,5,U,-58,9.75"
2026-07-05T20:55:51.386+00:00,/dev/cu.usbserial-576B0005451,"RX,1726412,R33,TXE,N61,199,406879,G,1,0.93,0.90,5,U,-44,9.50"
2026-07-05T20:55:51.638+00:00,/dev/cu.usbserial-576B0005451,"RX,1726665,R33,TXA,N01,405,407127,F,1,0.28,0.26,5,F,-40,9.25"
2026-07-05T20:55:52.136+00:00,/dev/cu.usbserial-576B0005451,"RX,1727163,R33,TXF,N76,100,407631,E,1,0.87,0.84,5,U,-39,0.50"
2026-07-05T20:55:52.638+00:00,/dev/cu.usbserial-576B0005451,"RX,1727665,R33,TXA,N01,406,408127,G,0,0.93,0.90,5,F,-40,9.75"
2026-07-05T20:55:52.886+00:00,/dev/cu.usbserial-576B0005451,"RX,1727912,R33,TXG,N91,49,408380,G,1,0.93,0.90,5,U,-42,6.50"
2026-07-05T20:55:53.386+00:00,/dev/cu.usbserial-576B0005451,"RX,1728412,R33,TXE,N61,200,408879,A,0,0.75,0.72,5,U,-43,9.50"
2026-07-05T20:55:54.136+00:00,/dev/cu.usbserial-576B0005451,"RX,1729163,R33,TXF,N76,101,409631,G,0,0.93,0.90,5,U,-48,9.25"
2026-07-05T20:55:54.389+00:00,/dev/cu.usbserial-576B0005451,"RX,1729416,R33,TXC,N31,100,409881,E,1,0.87,0.84,5,U,-35,8.00"
2026-07-05T20:55:54.638+00:00,/dev/cu.usbserial-576B0005451,"RX,1729665,R33,TXA,N01,408,410127,A,1,0.75,0.72,5,F,-40,9.75"
2026-07-05T20:55:54.905+00:00,/dev/cu.usbserial-576B0005451,"RX,1729932,R33,TXB,N16,203,410393,G,0,0.93,0.90,5,U,-58,9.50"
2026-07-05T20:55:55.386+00:00,/dev/cu.usbserial-576B0005451,"RX,1730412,R33,TXE,N61,201,410879,C,1,0.81,0.78,5,U,-43,9.25"
2026-07-05T20:55:55.638+00:00,/dev/cu.usbserial-576B0005451,"RX,1730665,R33,TXA,N01,409,411127,B,0,0.20,0.18,5,F,-40,9.25"
2026-07-05T20:55:56.389+00:00,/dev/cu.usbserial-576B0005451,"RX,1731416,R33,TXC,N31,101,411881,G,0,0.93,0.90,5,U,-42,9.50"
2026-07-05T20:55:56.638+00:00,/dev/cu.usbserial-576B0005451,"RX,1731665,R33,TXA,N01,410,412127,C,1,0.81,0.78,5,F,-40,10.00"
2026-07-05T20:55:56.905+00:00,/dev/cu.usbserial-576B0005451,"RX,1731932,R33,TXB,N16,204,412393,A,1,0.75,0.72,5,U,-58,9.75"
2026-07-05T20:55:57.386+00:00,/dev/cu.usbserial-576B0005451,"RX,1732412,R33,TXE,N61,202,412879,E,1,0.87,0.84,5,U,-43,9.75"
2026-07-05T20:55:57.638+00:00,/dev/cu.usbserial-576B0005451,"RX,1732665,R33,TXA,N01,411,413127,D,1,0.24,0.22,5,F,-40,9.25"
2026-07-05T20:55:58.638+00:00,/dev/cu.usbserial-576B0005451,"RX,1733665,R33,TXA,N01,412,414127,E,0,0.87,0.84,5,F,-40,9.75"
2026-07-05T20:55:58.905+00:00,/dev/cu.usbserial-576B0005451,"RX,1733932,R33,TXB,N16,205,414393,C,1,0.81,0.78,5,U,-58,9.75"
2026-07-05T20:55:59.385+00:00,/dev/cu.usbserial-576B0005451,"RX,1734412,R33,TXE,N61,203,414879,G,0,0.93,0.90,5,U,-44,9.50"
2026-07-05T20:55:59.638+00:00,/dev/cu.usbserial-576B0005451,"RX,1734665,R33,TXA,N01,413,415127,F,1,0.28,0.26,5,F,-40,10.00"
2026-07-05T20:56:00.136+00:00,/dev/cu.usbserial-576B0005451,"RX,1735163,R33,TXF,N76,102,415631,E,0,0.87,0.84,5,U,-39,1.00"
2026-07-05T20:56:00.638+00:00,/dev/cu.usbserial-576B0005451,"RX,1735665,R33,TXA,N01,414,416127,G,1,0.93,0.90,5,F,-40,9.75"
2026-07-05T20:56:00.886+00:00,/dev/cu.usbserial-576B0005451,"RX,1735913,R33,TXG,N91,50,416380,G,0,0.93,0.90,5,U,-42,6.50"
2026-07-05T20:56:01.385+00:00,/dev/cu.usbserial-576B0005451,"RX,1736412,R33,TXE,N61,204,416879,A,1,0.75,0.72,5,U,-43,9.50"
2026-07-05T20:56:01.638+00:00,/dev/cu.usbserial-576B0005451,"RX,1736665,R33,TXA,N01,415,417127,H,0,0.32,0.30,5,F,-40,9.50"
2026-07-05T20:56:02.135+00:00,/dev/cu.usbserial-576B0005451,"RX,1737163,R33,TXF,N76,103,417631,G,1,0.93,0.90,5,U,-48,10.00"
2026-07-05T20:56:02.388+00:00,/dev/cu.usbserial-576B0005451,"RX,1737416,R33,TXC,N31,102,417881,E,0,0.87,0.84,5,U,-35,8.50"
2026-07-05T20:56:02.638+00:00,/dev/cu.usbserial-576B0005451,"RX,1737665,R33,TXA,N01,416,418127,A,1,0.75,0.72,5,F,-40,10.00"
2026-07-05T20:56:02.905+00:00,/dev/cu.usbserial-576B0005451,"RX,1737932,R33,TXB,N16,207,418393,G,1,0.93,0.90,5,U,-58,10.25"
2026-07-05T20:56:03.385+00:00,/dev/cu.usbserial-576B0005451,"RX,1738412,R33,TXE,N61,205,418879,C,1,0.81,0.78,5,U,-44,9.75"
2026-07-05T20:56:03.638+00:00,/dev/cu.usbserial-576B0005451,"RX,1738665,R33,TXA,N01,417,419127,B,1,0.20,0.18,5,F,-40,9.75"
2026-07-05T20:56:04.389+00:00,/dev/cu.usbserial-576B0005451,"RX,1739416,R33,TXC,N31,103,419881,G,1,0.93,0.90,5,U,-43,9.50"
2026-07-05T20:56:04.638+00:00,/dev/cu.usbserial-576B0005451,"RX,1739665,R33,TXA,N01,418,420127,C,0,0.81,0.78,5,F,-40,10.25"
2026-07-05T20:56:04.905+00:00,/dev/cu.usbserial-576B0005451,"RX,1739932,R33,TXB,N16,208,420393,A,1,0.75,0.72,5,U,-58,10.00"
2026-07-05T20:56:05.385+00:00,/dev/cu.usbserial-576B0005451,"RX,1740412,R33,TXE,N61,206,420879,E,0,0.87,0.84,5,U,-44,9.75"
2026-07-05T20:56:05.638+00:00,/dev/cu.usbserial-576B0005451,"RX,1740665,R33,TXA,N01,419,421127,D,1,0.24,0.22,5,F,-40,10.00"
2026-07-05T20:56:06.638+00:00,/dev/cu.usbserial-576B0005451,"RX,1741665,R33,TXA,N01,420,422127,E,1,0.87,0.84,5,F,-40,9.75"
2026-07-05T20:56:06.905+00:00,/dev/cu.usbserial-576B0005451,"RX,1741932,R33,TXB,N16,209,422393,C,0,0.81,0.78,5,U,-58,9.75"
2026-07-05T20:56:07.638+00:00,/dev/cu.usbserial-576B0005451,"RX,1742665,R33,TXA,N01,421,423127,F,0,0.28,0.26,5,F,-40,9.50"
2026-07-05T20:56:08.135+00:00,/dev/cu.usbserial-576B0005451,"RX,1743163,R33,TXF,N76,104,423631,E,1,0.87,0.84,5,U,-37,1.00"
2026-07-05T20:56:08.638+00:00,/dev/cu.usbserial-576B0005451,"RX,1743665,R33,TXA,N01,422,424127,G,1,0.93,0.90,5,F,-40,9.75"
2026-07-05T20:56:08.886+00:00,/dev/cu.usbserial-576B0005451,"RX,1743913,R33,TXG,N91,51,424380,G,1,0.93,0.90,5,U,-42,6.75"
2026-07-05T20:56:09.385+00:00,/dev/cu.usbserial-576B0005451,"RX,1744412,R33,TXE,N61,208,424879,A,1,0.75,0.72,5,U,-44,9.50"
2026-07-05T20:56:09.638+00:00,/dev/cu.usbserial-576B0005451,"RX,1744665,R33,TXA,N01,423,425127,H,1,0.32,0.30,5,F,-40,9.50"
2026-07-05T20:56:10.136+00:00,/dev/cu.usbserial-576B0005451,"RX,1745163,R33,TXF,N76,105,425631,G,1,0.93,0.90,5,U,-48,9.25"
2026-07-05T20:56:10.389+00:00,/dev/cu.usbserial-576B0005451,"RX,1745416,R33,TXC,N31,104,425881,E,1,0.87,0.84,5,U,-35,7.50"
2026-07-05T20:56:10.638+00:00,/dev/cu.usbserial-576B0005451,"RX,1745665,R33,TXA,N01,424,426127,A,0,0.75,0.72,5,F,-40,10.00"
2026-07-05T20:56:10.905+00:00,/dev/cu.usbserial-576B0005451,"RX,1745932,R33,TXB,N16,211,426393,G,1,0.93,0.90,5,U,-58,9.75"
2026-07-05T20:56:11.385+00:00,/dev/cu.usbserial-576B0005451,"RX,1746412,R33,TXE,N61,209,426879,C,0,0.81,0.78,5,U,-44,6.50"
2026-07-05T20:56:11.638+00:00,/dev/cu.usbserial-576B0005451,"RX,1746665,R33,TXA,N01,425,427127,B,1,0.20,0.18,5,F,-40,9.25"
2026-07-05T20:56:12.389+00:00,/dev/cu.usbserial-576B0005451,"RX,1747416,R33,TXC,N31,105,427881,G,1,0.93,0.90,5,U,-42,10.00"
2026-07-05T20:56:12.638+00:00,/dev/cu.usbserial-576B0005451,"RX,1747665,R33,TXA,N01,426,428127,C,1,0.81,0.78,5,F,-40,9.75"
2026-07-05T20:56:12.905+00:00,/dev/cu.usbserial-576B0005451,"RX,1747932,R33,TXB,N16,212,428393,A,0,0.75,0.72,5,U,-58,9.75"
2026-07-05T20:56:13.385+00:00,/dev/cu.usbserial-576B0005451,"RX,1748412,R33,TXE,N61,210,428879,E,1,0.87,0.84,5,U,-44,9.75"
2026-07-05T20:56:13.638+00:00,/dev/cu.usbserial-576B0005451,"RX,1748665,R33,TXA,N01,427,429127,D,0,0.24,0.22,5,F,-40,9.75"
2026-07-05T20:56:14.638+00:00,/dev/cu.usbserial-576B0005451,"RX,1749665,R33,TXA,N01,428,430127,E,1,0.87,0.84,5,F,-40,9.75"
2026-07-05T20:56:14.905+00:00,/dev/cu.usbserial-576B0005451,"RX,1749932,R33,TXB,N16,213,430393,C,1,0.81,0.78,5,U,-58,9.75"
2026-07-05T20:56:15.385+00:00,/dev/cu.usbserial-576B0005451,"RX,1750412,R33,TXE,N61,211,430879,G,1,0.93,0.90,5,U,-44,9.50"
2026-07-05T20:56:15.638+00:00,/dev/cu.usbserial-576B0005451,"RX,1750665,R33,TXA,N01,429,431127,F,1,0.28,0.26,5,F,-40,9.75"
2026-07-05T20:56:16.135+00:00,/dev/cu.usbserial-576B0005451,"RX,1751163,R33,TXF,N76,106,431631,E,1,0.87,0.84,5,U,-41,1.00"
2026-07-05T20:56:16.638+00:00,/dev/cu.usbserial-576B0005451,"RX,1751665,R33,TXA,N01,430,432127,G,0,0.93,0.90,5,F,-40,9.75"
2026-07-05T20:56:16.885+00:00,/dev/cu.usbserial-576B0005451,"RX,1751913,R33,TXG,N91,52,432380,G,1,0.93,0.90,5,U,-42,6.75"
2026-07-05T20:56:17.385+00:00,/dev/cu.usbserial-576B0005451,"RX,1752412,R33,TXE,N61,212,432879,A,0,0.75,0.72,5,U,-43,10.00"
2026-07-05T20:56:17.638+00:00,/dev/cu.usbserial-576B0005451,"RX,1752665,R33,TXA,N01,431,433127,H,1,0.32,0.30,5,F,-40,10.25"
2026-07-05T20:56:18.135+00:00,/dev/cu.usbserial-576B0005451,"RX,1753163,R33,TXF,N76,107,433631,G,0,0.93,0.90,5,U,-47,9.50"
2026-07-05T20:56:18.389+00:00,/dev/cu.usbserial-576B0005451,"RX,1753416,R33,TXC,N31,106,433881,E,1,0.87,0.84,5,U,-43,9.25"
2026-07-05T20:56:18.638+00:00,/dev/cu.usbserial-576B0005451,"RX,1753665,R33,TXA,N01,432,434127,A,1,0.75,0.72,5,F,-41,9.75"
2026-07-05T20:56:18.904+00:00,/dev/cu.usbserial-576B0005451,"RX,1753932,R33,TXB,N16,215,434393,G,0,0.93,0.90,5,U,-58,9.50"
2026-07-05T20:56:19.385+00:00,/dev/cu.usbserial-576B0005451,"RX,1754412,R33,TXE,N61,213,434879,C,1,0.81,0.78,5,U,-48,9.75"
2026-07-05T20:56:19.638+00:00,/dev/cu.usbserial-576B0005451,"RX,1754665,R33,TXA,N01,433,435127,B,0,0.20,0.18,5,F,-42,9.75"
2026-07-05T20:56:20.388+00:00,/dev/cu.usbserial-576B0005451,"RX,1755416,R33,TXC,N31,107,435881,G,0,0.93,0.90,5,U,-43,9.75"
2026-07-05T20:56:20.638+00:00,/dev/cu.usbserial-576B0005451,"RX,1755665,R33,TXA,N01,434,436127,C,1,0.81,0.78,5,F,-42,9.50"
2026-07-05T20:56:20.905+00:00,/dev/cu.usbserial-576B0005451,"RX,1755932,R33,TXB,N16,216,436393,A,1,0.75,0.72,5,U,-58,9.50"
2026-07-05T20:56:21.385+00:00,/dev/cu.usbserial-576B0005451,"RX,1756412,R33,TXE,N61,214,436879,E,1,0.87,0.84,5,U,-47,9.75"
2026-07-05T20:56:21.638+00:00,/dev/cu.usbserial-576B0005451,"RX,1756665,R33,TXA,N01,435,437127,D,1,0.24,0.22,5,F,-41,10.00"
