wall_time_utc,serial_port,raw_line
2026-07-13T13:23:04.469+00:00,/dev/cu.usbserial-576B0005451,"RX,170893,R35,TXK,N151,0,1764,A,1,0.75,0.72,5,U,-113,-1.50"
2026-07-13T13:23:06.321+00:00,/dev/cu.usbserial-576B0005451,"RX,172746,R35,TXA,N01,1,3627,B,0,0.20,0.18,5,F,-111,1.25"
2026-07-13T13:23:06.468+00:00,/dev/cu.usbserial-576B0005451,"RX,172893,R35,TXK,N151,1,3764,C,1,0.81,0.78,5,U,-113,-0.25"
2026-07-13T13:23:07.322+00:00,/dev/cu.usbserial-576B0005451,"RX,173746,R35,TXA,N01,2,4627,C,1,0.81,0.78,5,F,-112,0.75"
2026-07-13T13:23:08.322+00:00,/dev/cu.usbserial-576B0005451,"RX,174746,R35,TXA,N01,3,5627,D,1,0.24,0.22,5,F,-111,2.00"
2026-07-13T13:23:08.468+00:00,/dev/cu.usbserial-576B0005451,"RX,174892,R35,TXK,N151,2,5764,E,0,0.87,0.84,5,U,-113,-1.25"
2026-07-13T13:23:09.321+00:00,/dev/cu.usbserial-576B0005451,"RX,175746,R35,TXA,N01,4,6627,E,0,0.87,0.84,5,F,-111,0.75"
2026-07-13T13:23:10.322+00:00,/dev/cu.usbserial-576B0005451,"RX,176746,R35,TXA,N01,5,7627,F,1,0.28,0.26,5,F,-112,-1.50"
2026-07-13T13:23:10.438+00:00,/dev/cu.usbserial-576B0005451,"RX,176863,R35,TXH,N106,0,7743,G,1,0.93,0.90,5,U,-109,-0.75"
2026-07-13T13:23:10.621+00:00,/dev/cu.usbserial-576B0005451,"RX,177046,R35,TXL,N166,0,7917,G,1,0.93,0.90,5,U,-111,0.50"
2026-07-13T13:23:10.822+00:00,/dev/cu.usbserial-576B0005451,"RX,177247,R35,TXF,N76,0,8132,E,0,0.87,0.84,5,U,-114,-6.50"
2026-07-13T13:23:11.322+00:00,/dev/cu.usbserial-576B0005451,"RX,177746,R35,TXA,N01,6,8627,G,1,0.93,0.90,5,F,-111,1.25"
2026-07-13T13:23:12.074+00:00,/dev/cu.usbserial-576B0005451,"RX,178498,R35,TXE,N61,0,9383,A,1,0.75,0.72,5,U,-112,-2.50"
2026-07-13T13:23:12.322+00:00,/dev/cu.usbserial-576B0005451,"RX,178746,R35,TXA,N01,7,9627,H,0,0.32,0.30,5,F,-111,0.75"
2026-07-13T13:23:12.468+00:00,/dev/cu.usbserial-576B0005451,"RX,178893,R35,TXK,N151,4,9764,A,1,0.75,0.72,5,U,-112,-2.50"
2026-07-13T13:23:12.828+00:00,/dev/cu.usbserial-576B0005451,"RX,179252,R35,TXF,N76,1,10132,G,1,0.93,0.90,5,U,-114,-6.75"
2026-07-13T13:23:13.086+00:00,/dev/cu.usbserial-576B0005451,"RX,179510,R35,TXC,N31,0,10386,E,0,0.87,0.84,5,U,-112,-0.50"
2026-07-13T13:23:13.328+00:00,/dev/cu.usbserial-576B0005451,"RX,179751,R35,TXA,N01,8,10627,A,1,0.75,0.72,5,F,-110,3.25"
2026-07-13T13:23:14.079+00:00,/dev/cu.usbserial-576B0005451,"RX,180503,R35,TXE,N61,1,11383,C,1,0.81,0.78,5,U,-113,-1.75"
2026-07-13T13:23:14.188+00:00,/dev/cu.usbserial-576B0005451,"RX,180612,R35,TXI,N121,0,11483,E,0,0.87,0.84,5,U,-114,-5.75"
2026-07-13T13:23:14.327+00:00,/dev/cu.usbserial-576B0005451,"RX,180751,R35,TXA,N01,9,11627,B,1,0.20,0.18,5,F,-112,1.25"
2026-07-13T13:23:14.468+00:00,/dev/cu.usbserial-576B0005451,"RX,180893,R35,TXK,N151,5,11764,C,0,0.81,0.78,5,U,-113,-2.25"
2026-07-13T13:23:15.086+00:00,/dev/cu.usbserial-576B0005451,"RX,181510,R35,TXC,N31,1,12386,G,1,0.93,0.90,5,U,-113,-2.25"
2026-07-13T13:23:15.327+00:00,/dev/cu.usbserial-576B0005451,"RX,181751,R35,TXA,N01,10,12627,C,0,0.81,0.78,5,F,-112,0.25"
2026-07-13T13:23:16.079+00:00,/dev/cu.usbserial-576B0005451,"RX,182503,R35,TXE,N61,2,13383,E,0,0.87,0.84,5,U,-113,-2.00"
2026-07-13T13:23:16.187+00:00,/dev/cu.usbserial-576B0005451,"RX,182612,R35,TXI,N121,1,13483,G,1,0.93,0.90,5,U,-113,-3.00"
2026-07-13T13:23:16.327+00:00,/dev/cu.usbserial-576B0005451,"RX,182751,R35,TXA,N01,11,13627,D,1,0.24,0.22,5,F,-111,1.25"
2026-07-13T13:23:16.468+00:00,/dev/cu.usbserial-576B0005451,"RX,182893,R35,TXK,N151,6,13764,E,1,0.87,0.84,5,U,-113,-1.00"
2026-07-13T13:23:17.327+00:00,/dev/cu.usbserial-576B0005451,"RX,183751,R35,TXA,N01,12,14627,E,1,0.87,0.84,5,F,-111,0.00"
2026-07-13T13:23:18.078+00:00,/dev/cu.usbserial-576B0005451,"RX,184503,R35,TXE,N61,3,15383,G,1,0.93,0.90,5,U,-114,-2.50"
2026-07-13T13:23:18.327+00:00,/dev/cu.usbserial-576B0005451,"RX,184751,R35,TXA,N01,13,15627,F,0,0.28,0.26,5,F,-111,1.75"
2026-07-13T13:23:18.438+00:00,/dev/cu.usbserial-576B0005451,"RX,184862,R35,TXH,N106,1,15743,G,1,0.93,0.90,5,U,-108,1.75"
2026-07-13T13:23:18.621+00:00,/dev/cu.usbserial-576B0005451,"RX,185045,R35,TXL,N166,1,15917,G,1,0.93,0.90,5,U,-110,2.75"
2026-07-13T13:23:18.827+00:00,/dev/cu.usbserial-576B0005451,"RX,185252,R35,TXF,N76,2,16132,E,1,0.87,0.84,5,U,-113,-2.75"
2026-07-13T13:23:19.131+00:00,/dev/cu.usbserial-576B0005451,"RX,185556,R35,TXD,N46,1,16432,G,1,0.93,0.90,5,U,-112,0.75"
2026-07-13T13:23:19.327+00:00,/dev/cu.usbserial-576B0005451,"RX,185751,R35,TXA,N01,14,16627,G,1,0.93,0.90,5,F,-111,1.75"
2026-07-13T13:23:19.776+00:00,/dev/cu.usbserial-576B0005451,"RX,186201,R35,TXG,N91,0,17081,G,1,0.93,0.90,5,U,-114,-3.50"
2026-07-13T13:23:20.078+00:00,/dev/cu.usbserial-576B0005451,"RX,186503,R35,TXE,N61,4,17383,A,1,0.75,0.72,5,U,-112,1.50"
2026-07-13T13:23:20.327+00:00,/dev/cu.usbserial-576B0005451,"RX,186751,R35,TXA,N01,15,17627,H,1,0.32,0.30,5,F,-111,0.75"
2026-07-13T13:23:20.468+00:00,/dev/cu.usbserial-576B0005451,"RX,186893,R35,TXK,N151,8,17764,A,0,0.75,0.72,5,U,-112,0.75"
2026-07-13T13:23:20.828+00:00,/dev/cu.usbserial-576B0005451,"RX,187252,R35,TXF,N76,3,18132,G,1,0.93,0.90,5,U,-114,-4.75"
2026-07-13T13:23:20.986+00:00,/dev/cu.usbserial-576B0005451,"RX,187410,R35,TXJ,N136,0,18281,G,1,0.93,0.90,5,U,-110,2.50"
2026-07-13T13:23:21.086+00:00,/dev/cu.usbserial-576B0005451,"RX,187510,R35,TXC,N31,2,18386,E,1,0.87,0.84,5,U,-110,2.50"
2026-07-13T13:23:21.327+00:00,/dev/cu.usbserial-576B0005451,"RX,187751,R35,TXA,N01,16,18627,A,0,0.75,0.72,5,F,-111,0.25"
2026-07-13T13:23:21.595+00:00,/dev/cu.usbserial-576B0005451,"RX,188018,R35,TXB,N16,7,18893,G,1,0.93,0.90,5,U,-115,-9.00"
2026-07-13T13:23:22.078+00:00,/dev/cu.usbserial-576B0005451,"RX,188503,R35,TXE,N61,5,19383,C,0,0.81,0.78,5,U,-113,0.00"
2026-07-13T13:23:22.187+00:00,/dev/cu.usbserial-576B0005451,"RX,188612,R35,TXI,N121,2,19483,E,1,0.87,0.84,5,U,-114,-3.25"
2026-07-13T13:23:22.327+00:00,/dev/cu.usbserial-576B0005451,"RX,188751,R35,TXA,N01,17,19627,B,1,0.20,0.18,5,F,-111,3.75"
2026-07-13T13:23:22.468+00:00,/dev/cu.usbserial-576B0005451,"RX,188893,R35,TXK,N151,9,19764,C,1,0.81,0.78,5,U,-113,1.00"
2026-07-13T13:23:23.085+00:00,/dev/cu.usbserial-576B0005451,"RX,189510,R35,TXC,N31,3,20386,G,1,0.93,0.90,5,U,-111,3.00"
2026-07-13T13:23:23.327+00:00,/dev/cu.usbserial-576B0005451,"RX,189751,R35,TXA,N01,18,20627,C,1,0.81,0.78,5,F,-111,2.25"
2026-07-13T13:23:23.594+00:00,/dev/cu.usbserial-576B0005451,"RX,190018,R35,TXB,N16,8,20893,A,0,0.75,0.72,5,U,-116,-8.00"
2026-07-13T13:23:24.078+00:00,/dev/cu.usbserial-576B0005451,"RX,190503,R35,TXE,N61,6,21383,E,1,0.87,0.84,5,U,-112,-1.25"
2026-07-13T13:23:24.187+00:00,/dev/cu.usbserial-576B0005451,"RX,190612,R35,TXI,N121,3,21483,G,1,0.93,0.90,5,U,-114,-3.00"
2026-07-13T13:23:24.327+00:00,/dev/cu.usbserial-576B0005451,"RX,190751,R35,TXA,N01,19,21627,D,0,0.24,0.22,5,F,-110,2.00"
2026-07-13T13:23:24.468+00:00,/dev/cu.usbserial-576B0005451,"RX,190893,R35,TXK,N151,10,21764,E,1,0.87,0.84,5,U,-114,-2.75"
2026-07-13T13:23:25.327+00:00,/dev/cu.usbserial-576B0005451,"RX,191751,R35,TXA,N01,20,22627,E,1,0.87,0.84,5,F,-110,3.50"
2026-07-13T13:23:26.078+00:00,/dev/cu.usbserial-576B0005451,"RX,192503,R35,TXE,N61,7,23383,G,1,0.93,0.90,5,U,-112,1.50"
2026-07-13T13:23:26.327+00:00,/dev/cu.usbserial-576B0005451,"RX,192751,R35,TXA,N01,21,23627,F,1,0.28,0.26,5,F,-110,3.50"
2026-07-13T13:23:26.438+00:00,/dev/cu.usbserial-576B0005451,"RX,192862,R35,TXH,N106,2,23743,G,0,0.93,0.90,5,U,-108,1.75"
2026-07-13T13:23:26.621+00:00,/dev/cu.usbserial-576B0005451,"RX,193045,R35,TXL,N166,2,23917,G,0,0.93,0.90,5,U,-110,4.00"
2026-07-13T13:23:26.827+00:00,/dev/cu.usbserial-576B0005451,"RX,193252,R35,TXF,N76,4,24132,E,1,0.87,0.84,5,U,-114,-2.00"
2026-07-13T13:23:27.131+00:00,/dev/cu.usbserial-576B0005451,"RX,193556,R35,TXD,N46,2,24432,G,0,0.93,0.90,5,U,-110,3.00"
2026-07-13T13:23:27.328+00:00,/dev/cu.usbserial-576B0005451,"RX,193751,R35,TXA,N01,22,24627,G,0,0.93,0.90,5,F,-110,3.75"
2026-07-13T13:23:27.776+00:00,/dev/cu.usbserial-576B0005451,"RX,194201,R35,TXG,N91,1,25081,G,1,0.93,0.90,5,U,-115,-4.25"
2026-07-13T13:23:28.078+00:00,/dev/cu.usbserial-576B0005451,"RX,194503,R35,TXE,N61,8,25383,A,0,0.75,0.72,5,U,-112,1.25"
2026-07-13T13:23:28.327+00:00,/dev/cu.usbserial-576B0005451,"RX,194751,R35,TXA,N01,23,25627,H,1,0.32,0.30,5,F,-109,4.25"
2026-07-13T13:23:28.468+00:00,/dev/cu.usbserial-576B0005451,"RX,194893,R35,TXK,N151,12,25764,A,1,0.75,0.72,5,U,-113,0.25"
2026-07-13T13:23:28.827+00:00,/dev/cu.usbserial-576B0005451,"RX,195252,R35,TXF,N76,5,26132,G,0,0.93,0.90,5,U,-114,-3.25"
2026-07-13T13:23:28.985+00:00,/dev/cu.usbserial-576B0005451,"RX,195410,R35,TXJ,N136,1,26281,G,1,0.93,0.90,5,U,-111,2.25"
2026-07-13T13:23:29.085+00:00,/dev/cu.usbserial-576B0005451,"RX,195510,R35,TXC,N31,4,26386,E,1,0.87,0.84,5,U,-112,0.25"
2026-07-13T13:23:29.327+00:00,/dev/cu.usbserial-576B0005451,"RX,195751,R35,TXA,N01,24,26627,A,1,0.75,0.72,5,F,-112,3.00"
2026-07-13T13:23:30.078+00:00,/dev/cu.usbserial-576B0005451,"RX,196503,R35,TXE,N61,9,27383,C,1,0.81,0.78,5,U,-112,0.75"
2026-07-13T13:23:30.187+00:00,/dev/cu.usbserial-576B0005451,"RX,196612,R35,TXI,N121,4,27483,E,1,0.87,0.84,5,U,-113,-1.00"
2026-07-13T13:23:30.327+00:00,/dev/cu.usbserial-576B0005451,"RX,196751,R35,TXA,N01,25,27627,B,0,0.20,0.18,5,F,-111,2.50"
2026-07-13T13:23:30.468+00:00,/dev/cu.usbserial-576B0005451,"RX,196893,R35,TXK,N151,13,27764,C,1,0.81,0.78,5,U,-112,1.25"
2026-07-13T13:23:31.085+00:00,/dev/cu.usbserial-576B0005451,"RX,197510,R35,TXC,N31,5,28386,G,0,0.93,0.90,5,U,-112,0.75"
2026-07-13T13:23:31.327+00:00,/dev/cu.usbserial-576B0005451,"RX,197751,R35,TXA,N01,26,28627,C,1,0.81,0.78,5,F,-111,2.50"
2026-07-13T13:23:32.078+00:00,/dev/cu.usbserial-576B0005451,"RX,198503,R35,TXE,N61,10,29383,E,1,0.87,0.84,5,U,-112,1.25"
2026-07-13T13:23:32.187+00:00,/dev/cu.usbserial-576B0005451,"RX,198612,R35,TXI,N121,5,29483,G,0,0.93,0.90,5,U,-110,-7.00"
2026-07-13T13:23:32.327+00:00,/dev/cu.usbserial-576B0005451,"RX,198751,R35,TXA,N01,27,29627,D,1,0.24,0.22,5,F,-109,4.75"
2026-07-13T13:23:32.468+00:00,/dev/cu.usbserial-576B0005451,"RX,198893,R35,TXK,N151,14,29764,E,0,0.87,0.84,5,U,-112,0.75"
2026-07-13T13:23:33.327+00:00,/dev/cu.usbserial-576B0005451,"RX,199751,R35,TXA,N01,28,30627,E,0,0.87,0.84,5,F,-111,1.50"
2026-07-13T13:23:34.079+00:00,/dev/cu.usbserial-576B0005451,"RX,200503,R35,TXE,N61,11,31383,G,0,0.93,0.90,5,U,-111,1.00"
2026-07-13T13:23:34.327+00:00,/dev/cu.usbserial-576B0005451,"RX,200751,R35,TXA,N01,29,31627,F,1,0.28,0.26,5,F,-110,3.75"
2026-07-13T13:23:34.438+00:00,/dev/cu.usbserial-576B0005451,"RX,200862,R35,TXH,N106,3,31743,G,1,0.93,0.90,5,U,-107,3.50"
2026-07-13T13:23:34.621+00:00,/dev/cu.usbserial-576B0005451,"RX,201045,R35,TXL,N166,3,31917,G,1,0.93,0.90,5,U,-111,1.75"
2026-07-13T13:23:34.827+00:00,/dev/cu.usbserial-576B0005451,"RX,201252,R35,TXF,N76,6,32132,E,0,0.87,0.84,5,U,-114,-6.00"
2026-07-13T13:23:35.131+00:00,/dev/cu.usbserial-576B0005451,"RX,201556,R35,TXD,N46,3,32432,G,1,0.93,0.90,5,U,-113,0.00"
2026-07-13T13:23:35.327+00:00,/dev/cu.usbserial-576B0005451,"RX,201751,R35,TXA,N01,30,32627,G,1,0.93,0.90,5,F,-112,2.00"
2026-07-13T13:23:35.776+00:00,/dev/cu.usbserial-576B0005451,"RX,202201,R35,TXG,N91,2,33081,G,0,0.93,0.90,5,U,-114,-3.25"
2026-07-13T13:23:36.078+00:00,/dev/cu.usbserial-576B0005451,"RX,202503,R35,TXE,N61,12,33383,A,1,0.75,0.72,5,U,-113,0.50"
2026-07-13T13:23:36.327+00:00,/dev/cu.usbserial-576B0005451,"RX,202751,R35,TXA,N01,31,33627,H,0,0.32,0.30,5,F,-111,2.50"
2026-07-13T13:23:36.469+00:00,/dev/cu.usbserial-576B0005451,"RX,202893,R35,TXK,N151,16,33764,A,1,0.75,0.72,5,U,-109,-1.75"
2026-07-13T13:23:36.827+00:00,/dev/cu.usbserial-576B0005451,"RX,203252,R35,TXF,N76,7,34132,G,1,0.93,0.90,5,U,-115,-2.50"
2026-07-13T13:23:36.985+00:00,/dev/cu.usbserial-576B0005451,"RX,203410,R35,TXJ,N136,2,34281,G,0,0.93,0.90,5,U,-111,2.00"
2026-07-13T13:23:37.085+00:00,/dev/cu.usbserial-576B0005451,"RX,203510,R35,TXC,N31,6,34386,E,0,0.87,0.84,5,U,-113,1.25"
2026-07-13T13:23:37.327+00:00,/dev/cu.usbserial-576B0005451,"RX,203751,R35,TXA,N01,32,34627,A,1,0.75,0.72,5,F,-110,3.25"
2026-07-13T13:23:38.187+00:00,/dev/cu.usbserial-576B0005451,"RX,204612,R35,TXI,N121,6,35483,E,0,0.87,0.84,5,U,-114,-3.00"
2026-07-13T13:23:38.327+00:00,/dev/cu.usbserial-576B0005451,"RX,204751,R35,TXA,N01,33,35627,B,1,0.20,0.18,5,F,-111,2.25"
2026-07-13T13:23:38.468+00:00,/dev/cu.usbserial-576B0005451,"RX,204893,R35,TXK,N151,17,35764,C,0,0.81,0.78,5,U,-113,-1.25"
2026-07-13T13:23:39.327+00:00,/dev/cu.usbserial-576B0005451,"RX,205751,R35,TXA,N01,34,36627,C,0,0.81,0.78,5,F,-110,2.50"
2026-07-13T13:23:40.078+00:00,/dev/cu.usbserial-576B0005451,"RX,206503,R35,TXE,N61,14,37383,E,0,0.87,0.84,5,U,-112,0.25"
2026-07-13T13:23:40.187+00:00,/dev/cu.usbserial-576B0005451,"RX,206612,R35,TXI,N121,7,37483,G,1,0.93,0.90,5,U,-112,-1.50"
2026-07-13T13:23:40.327+00:00,/dev/cu.usbserial-576B0005451,"RX,206751,R35,TXA,N01,35,37627,D,1,0.24,0.22,5,F,-110,2.75"
2026-07-13T13:23:40.468+00:00,/dev/cu.usbserial-576B0005451,"RX,206893,R35,TXK,N151,18,37764,E,1,0.87,0.84,5,U,-112,0.00"
2026-07-13T13:23:41.327+00:00,/dev/cu.usbserial-576B0005451,"RX,207751,R35,TXA,N01,36,38627,E,1,0.87,0.84,5,F,-110,2.75"
2026-07-13T13:23:42.079+00:00,/dev/cu.usbserial-576B0005451,"RX,208503,R35,TXE,N61,15,39383,G,1,0.93,0.90,5,U,-112,-0.25"
2026-07-13T13:23:42.327+00:00,/dev/cu.usbserial-576B0005451,"RX,208751,R35,TXA,N01,37,39627,F,0,0.28,0.26,5,F,-111,1.25"
2026-07-13T13:23:42.468+00:00,/dev/cu.usbserial-576B0005451,"RX,208893,R35,TXK,N151,19,39764,G,1,0.93,0.90,5,U,-111,-0.75"
2026-07-13T13:23:42.828+00:00,/dev/cu.usbserial-576B0005451,"RX,209252,R35,TXF,N76,8,40132,E,1,0.87,0.84,5,U,-114,-4.75"
2026-07-13T13:23:43.131+00:00,/dev/cu.usbserial-576B0005451,"RX,209556,R35,TXD,N46,4,40432,G,1,0.93,0.90,5,U,-111,1.25"
2026-07-13T13:23:43.327+00:00,/dev/cu.usbserial-576B0005451,"RX,209751,R35,TXA,N01,38,40627,G,1,0.93,0.90,5,F,-111,0.75"
2026-07-13T13:23:43.776+00:00,/dev/cu.usbserial-576B0005451,"RX,210201,R35,TXG,N91,3,41081,G,1,0.93,0.90,5,U,-113,-4.00"
2026-07-13T13:23:44.079+00:00,/dev/cu.usbserial-576B0005451,"RX,210503,R35,TXE,N61,16,41383,A,1,0.75,0.72,5,U,-113,-0.75"
2026-07-13T13:23:44.327+00:00,/dev/cu.usbserial-576B0005451,"RX,210751,R35,TXA,N01,39,41627,H,1,0.32,0.30,5,F,-112,1.50"
2026-07-13T13:23:44.468+00:00,/dev/cu.usbserial-576B0005451,"RX,210893,R35,TXK,N151,20,41764,A,0,0.75,0.72,5,U,-113,-0.25"
2026-07-13T13:23:44.827+00:00,/dev/cu.usbserial-576B0005451,"RX,211252,R35,TXF,N76,9,42132,G,1,0.93,0.90,5,U,-115,-4.75"
2026-07-13T13:23:44.985+00:00,/dev/cu.usbserial-576B0005451,"RX,211410,R35,TXJ,N136,3,42281,G,1,0.93,0.90,5,U,-112,0.50"
2026-07-13T13:23:45.085+00:00,/dev/cu.usbserial-576B0005451,"RX,211510,R35,TXC,N31,8,42386,E,1,0.87,0.84,5,U,-113,1.00"
2026-07-13T13:23:45.327+00:00,/dev/cu.usbserial-576B0005451,"RX,211751,R35,TXA,N01,40,42627,A,0,0.75,0.72,5,F,-112,2.00"
2026-07-13T13:23:46.079+00:00,/dev/cu.usbserial-576B0005451,"RX,212503,R35,TXE,N61,17,43383,C,0,0.81,0.78,5,U,-112,0.00"
2026-07-13T13:23:46.187+00:00,/dev/cu.usbserial-576B0005451,"RX,212612,R35,TXI,N121,8,43483,E,1,0.87,0.84,5,U,-114,-4.25"
2026-07-13T13:23:46.327+00:00,/dev/cu.usbserial-576B0005451,"RX,212751,R35,TXA,N01,41,43627,B,1,0.20,0.18,5,F,-112,1.25"
2026-07-13T13:23:46.468+00:00,/dev/cu.usbserial-576B0005451,"RX,212893,R35,TXK,N151,21,43764,C,1,0.81,0.78,5,U,-113,-0.75"
2026-07-13T13:23:47.085+00:00,/dev/cu.usbserial-576B0005451,"RX,213510,R35,TXC,N31,9,44386,G,1,0.93,0.90,5,U,-113,-1.75"
2026-07-13T13:23:48.079+00:00,/dev/cu.usbserial-576B0005451,"RX,214503,R35,TXE,N61,18,45383,E,1,0.87,0.84,5,U,-113,-1.00"
2026-07-13T13:23:48.187+00:00,/dev/cu.usbserial-576B0005451,"RX,214612,R35,TXI,N121,9,45483,G,1,0.93,0.90,5,U,-114,-3.25"
2026-07-13T13:23:48.327+00:00,/dev/cu.usbserial-576B0005451,"RX,214751,R35,TXA,N01,43,45627,D,0,0.24,0.22,5,F,-112,2.00"
2026-07-13T13:23:48.468+00:00,/dev/cu.usbserial-576B0005451,"RX,214893,R35,TXK,N151,22,45764,E,1,0.87,0.84,5,U,-112,0.25"
2026-07-13T13:23:49.327+00:00,/dev/cu.usbserial-576B0005451,"RX,215751,R35,TXA,N01,44,46627,E,1,0.87,0.84,5,F,-112,1.00"
2026-07-13T13:23:50.079+00:00,/dev/cu.usbserial-576B0005451,"RX,216503,R35,TXE,N61,19,47383,G,1,0.93,0.90,5,U,-112,-0.50"
2026-07-13T13:23:50.327+00:00,/dev/cu.usbserial-576B0005451,"RX,216751,R35,TXA,N01,45,47627,F,1,0.28,0.26,5,F,-111,1.25"
2026-07-13T13:23:50.468+00:00,/dev/cu.usbserial-576B0005451,"RX,216893,R35,TXK,N151,23,47764,G,0,0.93,0.90,5,U,-112,-0.50"
2026-07-13T13:23:50.827+00:00,/dev/cu.usbserial-576B0005451,"RX,217252,R35,TXF,N76,10,48132,E,1,0.87,0.84,5,U,-113,-3.75"
2026-07-13T13:23:51.131+00:00,/dev/cu.usbserial-576B0005451,"RX,217556,R35,TXD,N46,5,48432,G,0,0.93,0.90,5,U,-112,-0.75"
2026-07-13T13:23:51.327+00:00,/dev/cu.usbserial-576B0005451,"RX,217751,R35,TXA,N01,46,48627,G,0,0.93,0.90,5,F,-111,1.25"
2026-07-13T13:23:51.776+00:00,/dev/cu.usbserial-576B0005451,"RX,218201,R35,TXG,N91,4,49081,G,1,0.93,0.90,5,U,-114,-5.25"
2026-07-13T13:23:52.078+00:00,/dev/cu.usbserial-576B0005451,"RX,218503,R35,TXE,N61,20,49383,A,0,0.75,0.72,5,U,-113,-1.75"
2026-07-13T13:23:52.327+00:00,/dev/cu.usbserial-576B0005451,"RX,218751,R35,TXA,N01,47,49627,H,1,0.32,0.30,5,F,-113,-2.50"
2026-07-13T13:23:52.468+00:00,/dev/cu.usbserial-576B0005451,"RX,218893,R35,TXK,N151,24,49764,A,1,0.75,0.72,5,U,-114,-2.75"
2026-07-13T13:23:52.985+00:00,/dev/cu.usbserial-576B0005451,"RX,219409,R35,TXJ,N136,4,50281,G,1,0.93,0.90,5,U,-114,-3.75"
2026-07-13T13:23:53.085+00:00,/dev/cu.usbserial-576B0005451,"RX,219510,R35,TXC,N31,10,50386,E,1,0.87,0.84,5,U,-113,-0.75"
2026-07-13T13:23:53.327+00:00,/dev/cu.usbserial-576B0005451,"RX,219751,R35,TXA,N01,48,50627,A,1,0.75,0.72,5,F,-113,-0.75"
2026-07-13T13:23:54.079+00:00,/dev/cu.usbserial-576B0005451,"RX,220503,R35,TXE,N61,21,51383,C,1,0.81,0.78,5,U,-113,-0.25"
2026-07-13T13:23:54.188+00:00,/dev/cu.usbserial-576B0005451,"RX,220612,R35,TXI,N121,10,51483,E,1,0.87,0.84,5,U,-113,-2.75"
2026-07-13T13:23:54.327+00:00,/dev/cu.usbserial-576B0005451,"RX,220751,R35,TXA,N01,49,51627,B,0,0.20,0.18,5,F,-112,1.00"
2026-07-13T13:23:54.468+00:00,/dev/cu.usbserial-576B0005451,"RX,220893,R35,TXK,N151,25,51764,C,1,0.81,0.78,5,U,-112,-0.75"
2026-07-13T13:23:55.085+00:00,/dev/cu.usbserial-576B0005451,"RX,221510,R35,TXC,N31,11,52386,G,0,0.93,0.90,5,U,-114,-2.75"
2026-07-13T13:23:56.079+00:00,/dev/cu.usbserial-576B0005451,"RX,222503,R35,TXE,N61,22,53383,E,1,0.87,0.84,5,U,-112,0.75"
2026-07-13T13:23:56.187+00:00,/dev/cu.usbserial-576B0005451,"RX,222612,R35,TXI,N121,11,53483,G,0,0.93,0.90,5,U,-114,-3.25"
2026-07-13T13:23:56.327+00:00,/dev/cu.usbserial-576B0005451,"RX,222751,R35,TXA,N01,51,53627,D,1,0.24,0.22,5,F,-112,0.25"
2026-07-13T13:23:56.468+00:00,/dev/cu.usbserial-576B0005451,"RX,222893,R35,TXK,N151,26,53764,E,0,0.87,0.84,5,U,-112,-0.75"
2026-07-13T13:23:57.327+00:00,/dev/cu.usbserial-576B0005451,"RX,223751,R35,TXA,N01,52,54627,E,0,0.87,0.84,5,F,-111,0.50"
2026-07-13T13:23:58.078+00:00,/dev/cu.usbserial-576B0005451,"RX,224503,R35,TXE,N61,23,55383,G,0,0.93,0.90,5,U,-114,-0.75"
2026-07-13T13:23:58.327+00:00,/dev/cu.usbserial-576B0005451,"RX,224751,R35,TXA,N01,53,55627,F,1,0.28,0.26,5,F,-112,1.75"
2026-07-13T13:23:58.468+00:00,/dev/cu.usbserial-576B0005451,"RX,224893,R35,TXK,N151,27,55764,G,1,0.93,0.90,5,U,-112,-0.75"
2026-07-13T13:23:58.827+00:00,/dev/cu.usbserial-576B0005451,"RX,225252,R35,TXF,N76,12,56132,E,0,0.87,0.84,5,U,-113,-7.50"
2026-07-13T13:23:59.131+00:00,/dev/cu.usbserial-576B0005451,"RX,225556,R35,TXD,N46,6,56432,G,1,0.93,0.90,5,U,-111,-3.50"
2026-07-13T13:23:59.327+00:00,/dev/cu.usbserial-576B0005451,"RX,225751,R35,TXA,N01,54,56627,G,1,0.93,0.90,5,F,-110,-3.75"
2026-07-13T13:23:59.776+00:00,/dev/cu.usbserial-576B0005451,"RX,226201,R35,TXG,N91,5,57081,G,0,0.93,0.90,5,U,-111,-9.00"
2026-07-13T13:24:00.079+00:00,/dev/cu.usbserial-576B0005451,"RX,226503,R35,TXE,N61,24,57383,A,1,0.75,0.72,5,U,-110,-6.75"
2026-07-13T13:24:00.327+00:00,/dev/cu.usbserial-576B0005451,"RX,226751,R35,TXA,N01,55,57627,H,0,0.32,0.30,5,F,-110,-4.00"
2026-07-13T13:24:00.468+00:00,/dev/cu.usbserial-576B0005451,"RX,226893,R35,TXK,N151,28,57764,A,1,0.75,0.72,5,U,-110,-5.50"
2026-07-13T13:24:00.827+00:00,/dev/cu.usbserial-576B0005451,"RX,227252,R35,TXF,N76,13,58132,G,1,0.93,0.90,5,U,-110,-8.25"
2026-07-13T13:24:00.985+00:00,/dev/cu.usbserial-576B0005451,"RX,227410,R35,TXJ,N136,5,58281,G,0,0.93,0.90,5,U,-109,-5.00"
2026-07-13T13:24:01.085+00:00,/dev/cu.usbserial-576B0005451,"RX,227510,R35,TXC,N31,12,58386,E,0,0.87,0.84,5,U,-110,-4.75"
2026-07-13T13:24:01.327+00:00,/dev/cu.usbserial-576B0005451,"RX,227751,R35,TXA,N01,56,58627,A,1,0.75,0.72,5,F,-109,-3.00"
2026-07-13T13:24:02.079+00:00,/dev/cu.usbserial-576B0005451,"RX,228503,R35,TXE,N61,25,59383,C,1,0.81,0.78,5,U,-110,-5.50"
2026-07-13T13:24:02.187+00:00,/dev/cu.usbserial-576B0005451,"RX,228612,R35,TXI,N121,12,59483,E,0,0.87,0.84,5,U,-110,-8.00"
2026-07-13T13:24:02.327+00:00,/dev/cu.usbserial-576B0005451,"RX,228751,R35,TXA,N01,57,59627,B,1,0.20,0.18,5,F,-109,-3.25"
2026-07-13T13:24:02.468+00:00,/dev/cu.usbserial-576B0005451,"RX,228893,R35,TXK,N151,29,59764,C,0,0.81,0.78,5,U,-110,-4.75"
2026-07-13T13:24:03.327+00:00,/dev/cu.usbserial-576B0005451,"RX,229751,R35,TXA,N01,58,60627,C,0,0.81,0.78,5,F,-108,-3.00"
2026-07-13T13:24:04.079+00:00,/dev/cu.usbserial-576B0005451,"RX,230503,R35,TXE,N61,26,61383,E,0,0.87,0.84,5,U,-109,-4.50"
2026-07-13T13:24:04.187+00:00,/dev/cu.usbserial-576B0005451,"RX,230612,R35,TXI,N121,13,61483,G,1,0.93,0.90,5,U,-110,-7.75"
2026-07-13T13:24:04.327+00:00,/dev/cu.usbserial-576B0005451,"RX,230751,R35,TXA,N01,59,61627,D,1,0.24,0.22,5,F,-109,-3.00"
2026-07-13T13:24:04.468+00:00,/dev/cu.usbserial-576B0005451,"RX,230893,R35,TXK,N151,30,61764,E,1,0.87,0.84,5,U,-109,-4.00"
2026-07-13T13:24:05.327+00:00,/dev/cu.usbserial-576B0005451,"RX,231751,R35,TXA,N01,60,62627,E,1,0.87,0.84,5,F,-110,-6.25"
2026-07-13T13:24:06.079+00:00,/dev/cu.usbserial-576B0005451,"RX,232503,R35,TXE,N61,27,63383,G,1,0.93,0.90,5,U,-110,-5.75"
2026-07-13T13:24:06.327+00:00,/dev/cu.usbserial-576B0005451,"RX,232751,R35,TXA,N01,61,63627,F,0,0.28,0.26,5,F,-110,-5.25"
2026-07-13T13:24:06.468+00:00,/dev/cu.usbserial-576B0005451,"RX,232893,R35,TXK,N151,31,63764,G,1,0.93,0.90,5,U,-110,-8.25"
2026-07-13T13:24:07.131+00:00,/dev/cu.usbserial-576B0005451,"RX,233556,R35,TXD,N46,7,64432,G,1,0.93,0.90,5,U,-109,-3.25"
2026-07-13T13:24:07.327+00:00,/dev/cu.usbserial-576B0005451,"RX,233751,R35,TXA,N01,62,64627,G,1,0.93,0.90,5,F,-109,-4.00"
2026-07-13T13:24:07.776+00:00,/dev/cu.usbserial-576B0005451,"RX,234201,R35,TXG,N91,6,65081,G,1,0.93,0.90,5,U,-110,-9.00"
2026-07-13T13:24:08.079+00:00,/dev/cu.usbserial-576B0005451,"RX,234503,R35,TXE,N61,28,65383,A,1,0.75,0.72,5,U,-110,-6.75"
2026-07-13T13:24:08.468+00:00,/dev/cu.usbserial-576B0005451,"RX,234893,R35,TXK,N151,32,65764,A,1,0.75,0.72,5,U,-109,-6.00"
2026-07-13T13:24:08.985+00:00,/dev/cu.usbserial-576B0005451,"RX,235409,R35,TXJ,N136,6,66281,G,1,0.93,0.90,5,U,-109,-3.00"
2026-07-13T13:24:09.085+00:00,/dev/cu.usbserial-576B0005451,"RX,235510,R35,TXC,N31,14,66386,E,1,0.87,0.84,5,U,-110,-7.75"
2026-07-13T13:24:09.327+00:00,/dev/cu.usbserial-576B0005451,"RX,235751,R35,TXA,N01,64,66627,A,1,0.75,0.72,5,F,-109,-4.75"
2026-07-13T13:24:10.079+00:00,/dev/cu.usbserial-576B0005451,"RX,236503,R35,TXE,N61,29,67383,C,0,0.81,0.78,5,U,-109,-5.50"
2026-07-13T13:24:10.187+00:00,/dev/cu.usbserial-576B0005451,"RX,236612,R35,TXI,N121,14,67483,E,1,0.87,0.84,5,U,-110,-6.50"
2026-07-13T13:24:10.327+00:00,/dev/cu.usbserial-576B0005451,"RX,236751,R35,TXA,N01,65,67627,B,0,0.20,0.18,5,F,-109,-2.50"
2026-07-13T13:24:10.468+00:00,/dev/cu.usbserial-576B0005451,"RX,236893,R35,TXK,N151,33,67764,C,1,0.81,0.78,5,U,-110,-5.00"
2026-07-13T13:24:11.086+00:00,/dev/cu.usbserial-576B0005451,"RX,237510,R35,TXC,N31,15,68386,G,1,0.93,0.90,5,U,-110,-6.75"
2026-07-13T13:24:11.327+00:00,/dev/cu.usbserial-576B0005451,"RX,237751,R35,TXA,N01,66,68627,C,1,0.81,0.78,5,F,-109,-2.75"
2026-07-13T13:24:12.079+00:00,/dev/cu.usbserial-576B0005451,"RX,238503,R35,TXE,N61,30,69383,E,1,0.87,0.84,5,U,-109,-5.00"
2026-07-13T13:24:12.187+00:00,/dev/cu.usbserial-576B0005451,"RX,238612,R35,TXI,N121,15,69483,G,1,0.93,0.90,5,U,-109,-6.75"
2026-07-13T13:24:12.327+00:00,/dev/cu.usbserial-576B0005451,"RX,238751,R35,TXA,N01,67,69627,D,1,0.24,0.22,5,F,-109,-2.00"
2026-07-13T13:24:12.468+00:00,/dev/cu.usbserial-576B0005451,"RX,238893,R35,TXK,N151,34,69764,E,0,0.87,0.84,5,U,-109,-4.25"
2026-07-13T13:24:13.327+00:00,/dev/cu.usbserial-576B0005451,"RX,239751,R35,TXA,N01,68,70627,E,0,0.87,0.84,5,F,-109,-2.25"
2026-07-13T13:24:14.079+00:00,/dev/cu.usbserial-576B0005451,"RX,240503,R35,TXE,N61,31,71383,G,1,0.93,0.90,5,U,-110,-5.00"
2026-07-13T13:24:14.327+00:00,/dev/cu.usbserial-576B0005451,"RX,240752,R35,TXA,N01,69,71627,F,1,0.28,0.26,5,F,-109,-3.25"
2026-07-13T13:24:14.438+00:00,/dev/cu.usbserial-576B0005451,"RX,240862,R35,TXH,N106,4,71743,G,1,0.93,0.90,5,U,-108,-3.25"
2026-07-13T13:24:14.621+00:00,/dev/cu.usbserial-576B0005451,"RX,241045,R35,TXL,N166,4,71917,G,1,0.93,0.90,5,U,-108,-2.75"
2026-07-13T13:24:14.827+00:00,/dev/cu.usbserial-576B0005451,"RX,241252,R35,TXF,N76,16,72132,E,0,0.87,0.84,5,U,-110,-8.75"
2026-07-13T13:24:15.131+00:00,/dev/cu.usbserial-576B0005451,"RX,241556,R35,TXD,N46,8,72432,G,1,0.93,0.90,5,U,-109,-4.00"
2026-07-13T13:24:15.327+00:00,/dev/cu.usbserial-576B0005451,"RX,241752,R35,TXA,N01,70,72627,G,1,0.93,0.90,5,F,-110,-4.00"
2026-07-13T13:24:16.079+00:00,/dev/cu.usbserial-576B0005451,"RX,242503,R35,TXE,N61,32,73383,A,1,0.75,0.72,5,U,-111,-6.50"
2026-07-13T13:24:16.327+00:00,/dev/cu.usbserial-576B0005451,"RX,242751,R35,TXA,N01,71,73627,H,0,0.32,0.30,5,F,-111,-4.00"
2026-07-13T13:24:16.468+00:00,/dev/cu.usbserial-576B0005451,"RX,242893,R35,TXK,N151,36,73764,A,1,0.75,0.72,5,U,-110,-4.75"
2026-07-13T13:24:16.827+00:00,/dev/cu.usbserial-576B0005451,"RX,243252,R35,TXF,N76,17,74132,G,1,0.93,0.90,5,U,-111,-8.75"
2026-07-13T13:24:16.985+00:00,/dev/cu.usbserial-576B0005451,"RX,243410,R35,TXJ,N136,7,74281,G,1,0.93,0.90,5,U,-110,-4.00"
2026-07-13T13:24:17.327+00:00,/dev/cu.usbserial-576B0005451,"RX,243752,R35,TXA,N01,72,74627,A,1,0.75,0.72,5,F,-110,-4.50"
2026-07-13T13:24:18.079+00:00,/dev/cu.usbserial-576B0005451,"RX,244503,R35,TXE,N61,33,75383,C,1,0.81,0.78,5,U,-110,-5.50"
2026-07-13T13:24:18.187+00:00,/dev/cu.usbserial-576B0005451,"RX,244612,R35,TXI,N121,16,75483,E,0,0.87,0.84,5,U,-110,-8.50"
2026-07-13T13:24:18.327+00:00,/dev/cu.usbserial-576B0005451,"RX,244751,R35,TXA,N01,73,75627,B,1,0.20,0.18,5,F,-110,-5.25"
2026-07-13T13:24:18.468+00:00,/dev/cu.usbserial-576B0005451,"RX,244893,R35,TXK,N151,37,75764,C,0,0.81,0.78,5,U,-111,-8.00"
2026-07-13T13:24:19.327+00:00,/dev/cu.usbserial-576B0005451,"RX,245751,R35,TXA,N01,74,76627,C,0,0.81,0.78,5,F,-110,-6.50"
2026-07-13T13:24:20.079+00:00,/dev/cu.usbserial-576B0005451,"RX,246503,R35,TXE,N61,34,77383,E,0,0.87,0.84,5,U,-110,-6.25"
2026-07-13T13:24:20.327+00:00,/dev/cu.usbserial-576B0005451,"RX,246752,R35,TXA,N01,75,77627,D,1,0.24,0.22,5,F,-110,-4.25"
2026-07-13T13:24:20.468+00:00,/dev/cu.usbserial-576B0005451,"RX,246893,R35,TXK,N151,38,77764,E,1,0.87,0.84,5,U,-111,-6.00"
2026-07-13T13:24:21.327+00:00,/dev/cu.usbserial-576B0005451,"RX,247751,R35,TXA,N01,76,78627,E,1,0.87,0.84,5,F,-110,-5.00"
2026-07-13T13:24:22.079+00:00,/dev/cu.usbserial-576B0005451,"RX,248503,R35,TXE,N61,35,79383,G,1,0.93,0.90,5,U,-110,-7.50"
2026-07-13T13:24:22.327+00:00,/dev/cu.usbserial-576B0005451,"RX,248751,R35,TXA,N01,77,79627,F,0,0.28,0.26,5,F,-110,-8.00"
2026-07-13T13:24:22.438+00:00,/dev/cu.usbserial-576B0005451,"RX,248862,R35,TXH,N106,5,79743,G,1,0.93,0.90,5,U,-109,-6.25"
2026-07-13T13:24:22.621+00:00,/dev/cu.usbserial-576B0005451,"RX,249045,R35,TXL,N166,5,79917,G,1,0.93,0.90,5,U,-109,-2.00"
2026-07-13T13:24:23.132+00:00,/dev/cu.usbserial-576B0005451,"RX,249556,R35,TXD,N46,9,80432,G,1,0.93,0.90,5,U,-109,-4.00"
2026-07-13T13:24:23.327+00:00,/dev/cu.usbserial-576B0005451,"RX,249752,R35,TXA,N01,78,80627,G,1,0.93,0.90,5,F,-110,-4.25"
2026-07-13T13:24:24.079+00:00,/dev/cu.usbserial-576B0005451,"RX,250503,R35,TXE,N61,36,81383,A,1,0.75,0.72,5,U,-110,-5.50"
2026-07-13T13:24:24.327+00:00,/dev/cu.usbserial-576B0005451,"RX,250751,R35,TXA,N01,79,81627,H,1,0.32,0.30,5,F,-110,-5.25"
2026-07-13T13:24:24.469+00:00,/dev/cu.usbserial-576B0005451,"RX,250893,R35,TXK,N151,40,81764,A,0,0.75,0.72,5,U,-110,-4.25"
2026-07-13T13:24:24.985+00:00,/dev/cu.usbserial-576B0005451,"RX,251410,R35,TXJ,N136,8,82281,G,1,0.93,0.90,5,U,-110,-3.75"
2026-07-13T13:24:25.086+00:00,/dev/cu.usbserial-576B0005451,"RX,251510,R35,TXC,N31,18,82386,E,1,0.87,0.84,5,U,-110,-8.00"
2026-07-13T13:24:25.328+00:00,/dev/cu.usbserial-576B0005451,"RX,251752,R35,TXA,N01,80,82627,A,0,0.75,0.72,5,F,-110,-6.50"
2026-07-13T13:24:26.079+00:00,/dev/cu.usbserial-576B0005451,"RX,252503,R35,TXE,N61,37,83383,C,0,0.81,0.78,5,U,-109,-6.00"
2026-07-13T13:24:26.327+00:00,/dev/cu.usbserial-576B0005451,"RX,252752,R35,TXA,N01,81,83627,B,1,0.20,0.18,5,F,-110,-6.25"
2026-07-13T13:24:26.469+00:00,/dev/cu.usbserial-576B0005451,"RX,252893,R35,TXK,N151,41,83764,C,1,0.81,0.78,5,U,-110,-5.75"
2026-07-13T13:24:27.327+00:00,/dev/cu.usbserial-576B0005451,"RX,253752,R35,TXA,N01,82,84627,C,1,0.81,0.78,5,F,-110,-7.50"
2026-07-13T13:24:28.079+00:00,/dev/cu.usbserial-576B0005451,"RX,254503,R35,TXE,N61,38,85383,E,1,0.87,0.84,5,U,-110,-7.75"
2026-07-13T13:24:28.469+00:00,/dev/cu.usbserial-576B0005451,"RX,254893,R35,TXK,N151,42,85764,E,1,0.87,0.84,5,U,-110,-7.00"
2026-07-13T13:24:29.327+00:00,/dev/cu.usbserial-576B0005451,"RX,255751,R35,TXA,N01,84,86627,E,1,0.87,0.84,5,F,-110,-5.25"
2026-07-13T13:24:30.079+00:00,/dev/cu.usbserial-576B0005451,"RX,256503,R35,TXE,N61,39,87383,G,1,0.93,0.90,5,U,-110,-6.75"
2026-07-13T13:24:30.327+00:00,/dev/cu.usbserial-576B0005451,"RX,256751,R35,TXA,N01,85,87627,F,1,0.28,0.26,5,F,-110,-4.50"
2026-07-13T13:24:30.439+00:00,/dev/cu.usbserial-576B0005451,"RX,256862,R35,TXH,N106,6,87743,G,0,0.93,0.90,5,U,-108,-2.50"
2026-07-13T13:24:30.621+00:00,/dev/cu.usbserial-576B0005451,"RX,257045,R35,TXL,N166,6,87917,G,0,0.93,0.90,5,U,-109,-2.75"
2026-07-13T13:24:31.132+00:00,/dev/cu.usbserial-576B0005451,"RX,257556,R35,TXD,N46,10,88432,G,0,0.93,0.90,5,U,-109,-3.00"
2026-07-13T13:24:31.327+00:00,/dev/cu.usbserial-576B0005451,"RX,257751,R35,TXA,N01,86,88627,G,0,0.93,0.90,5,F,-109,-3.50"
2026-07-13T13:24:32.079+00:00,/dev/cu.usbserial-576B0005451,"RX,258503,R35,TXE,N61,40,89383,A,0,0.75,0.72,5,U,-110,-4.50"
2026-07-13T13:24:32.327+00:00,/dev/cu.usbserial-576B0005451,"RX,258752,R35,TXA,N01,87,89627,H,1,0.32,0.30,5,F,-109,-2.25"
2026-07-13T13:24:32.468+00:00,/dev/cu.usbserial-576B0005451,"RX,258893,R35,TXK,N151,44,89764,A,1,0.75,0.72,5,U,-110,-5.50"
2026-07-13T13:24:32.827+00:00,/dev/cu.usbserial-576B0005451,"RX,259252,R35,TXF,N76,21,90132,G,0,0.93,0.90,5,U,-110,-8.25"
2026-07-13T13:24:32.985+00:00,/dev/cu.usbserial-576B0005451,"RX,259410,R35,TXJ,N136,9,90281,G,1,0.93,0.90,5,U,-110,-4.50"
2026-07-13T13:24:33.086+00:00,/dev/cu.usbserial-576B0005451,"RX,259510,R35,TXC,N31,20,90386,E,1,0.87,0.84,5,U,-111,-7.00"
2026-07-13T13:24:33.327+00:00,/dev/cu.usbserial-576B0005451,"RX,259752,R35,TXA,N01,88,90627,A,1,0.75,0.72,5,F,-108,-2.75"
2026-07-13T13:24:34.079+00:00,/dev/cu.usbserial-576B0005451,"RX,260503,R35,TXE,N61,41,91383,C,1,0.81,0.78,5,U,-109,-6.50"
2026-07-13T13:24:34.327+00:00,/dev/cu.usbserial-576B0005451,"RX,260752,R35,TXA,N01,89,91627,B,0,0.20,0.18,5,F,-109,-2.00"
2026-07-13T13:24:34.468+00:00,/dev/cu.usbserial-576B0005451,"RX,260893,R35,TXK,N151,45,91764,C,1,0.81,0.78,5,U,-110,-5.50"
2026-07-13T13:24:35.086+00:00,/dev/cu.usbserial-576B0005451,"RX,261510,R35,TXC,N31,21,92386,G,0,0.93,0.90,5,U,-110,-6.00"
2026-07-13T13:24:35.327+00:00,/dev/cu.usbserial-576B0005451,"RX,261751,R35,TXA,N01,90,92627,C,1,0.81,0.78,5,F,-109,-3.75"
2026-07-13T13:24:36.327+00:00,/dev/cu.usbserial-576B0005451,"RX,262752,R35,TXA,N01,91,93627,D,1,0.24,0.22,5,F,-110,-4.25"
2026-07-13T13:24:36.468+00:00,/dev/cu.usbserial-576B0005451,"RX,262893,R35,TXK,N151,46,93764,E,0,0.87,0.84,5,U,-110,-4.75"
2026-07-13T13:24:37.327+00:00,/dev/cu.usbserial-576B0005451,"RX,263751,R35,TXA,N01,92,94627,E,0,0.87,0.84,5,F,-110,-5.75"
2026-07-13T13:24:38.327+00:00,/dev/cu.usbserial-576B0005451,"RX,264752,R35,TXA,N01,93,95627,F,1,0.28,0.26,5,F,-110,-6.50"
2026-07-13T13:24:38.438+00:00,/dev/cu.usbserial-576B0005451,"RX,264863,R35,TXH,N106,7,95743,G,1,0.93,0.90,5,U,-110,-7.25"
2026-07-13T13:24:39.132+00:00,/dev/cu.usbserial-576B0005451,"RX,265556,R35,TXD,N46,11,96432,G,1,0.93,0.90,5,U,-110,-6.50"
2026-07-13T13:24:39.327+00:00,/dev/cu.usbserial-576B0005451,"RX,265752,R35,TXA,N01,94,96627,G,1,0.93,0.90,5,F,-109,-7.50"
2026-07-13T13:24:40.079+00:00,/dev/cu.usbserial-576B0005451,"RX,266503,R35,TXE,N61,44,97383,A,1,0.75,0.72,5,U,-109,-3.75"
2026-07-13T13:24:40.327+00:00,/dev/cu.usbserial-576B0005451,"RX,266752,R35,TXA,N01,95,97627,H,0,0.32,0.30,5,F,-109,-3.75"
2026-07-13T13:24:40.468+00:00,/dev/cu.usbserial-576B0005451,"RX,266893,R35,TXK,N151,48,97764,A,1,0.75,0.72,5,U,-109,-2.00"
2026-07-13T13:24:40.985+00:00,/dev/cu.usbserial-576B0005451,"RX,267410,R35,TXJ,N136,10,98281,G,0,0.93,0.90,5,U,-109,-2.25"
2026-07-13T13:24:41.085+00:00,/dev/cu.usbserial-576B0005451,"RX,267510,R35,TXC,N31,22,98386,E,0,0.87,0.84,5,U,-110,-4.75"
2026-07-13T13:24:41.327+00:00,/dev/cu.usbserial-576B0005451,"RX,267752,R35,TXA,N01,96,98627,A,1,0.75,0.72,5,F,-109,-2.25"
2026-07-13T13:24:42.079+00:00,/dev/cu.usbserial-576B0005451,"RX,268503,R35,TXE,N61,45,99383,C,1,0.81,0.78,5,U,-109,-2.50"
2026-07-13T13:24:42.327+00:00,/dev/cu.usbserial-576B0005451,"RX,268752,R35,TXA,N01,97,99627,B,1,0.20,0.18,5,F,-108,-1.75"
2026-07-13T13:24:43.086+00:00,/dev/cu.usbserial-576B0005451,"RX,269510,R35,TXC,N31,23,100386,G,1,0.93,0.90,5,U,-110,-4.50"
2026-07-13T13:24:43.328+00:00,/dev/cu.usbserial-576B0005451,"RX,269752,R35,TXA,N01,98,100627,C,0,0.81,0.78,5,F,-110,-4.25"
2026-07-13T13:24:44.188+00:00,/dev/cu.usbserial-576B0005451,"RX,270612,R35,TXI,N121,23,101483,G,1,0.93,0.90,5,U,-110,-4.75"
2026-07-13T13:24:44.328+00:00,/dev/cu.usbserial-576B0005451,"RX,270752,R35,TXA,N01,99,101627,D,1,0.24,0.22,5,F,-110,-4.00"
2026-07-13T13:24:46.328+00:00,/dev/cu.usbserial-576B0005451,"RX,272752,R35,TXA,N01,101,103627,F,0,0.28,0.26,5,F,-109,-3.00"
2026-07-13T13:24:46.469+00:00,/dev/cu.usbserial-576B0005451,"RX,272893,R35,TXK,N151,51,103764,G,1,0.93,0.90,5,U,-110,-6.50"
2026-07-13T13:24:47.133+00:00,/dev/cu.usbserial-576B0005451,"RX,273556,R35,TXD,N46,12,104432,G,1,0.93,0.90,5,U,-108,-2.00"
2026-07-13T13:24:47.328+00:00,/dev/cu.usbserial-576B0005451,"RX,273752,R35,TXA,N01,102,104627,G,1,0.93,0.90,5,F,-108,-2.00"
2026-07-13T13:24:47.777+00:00,/dev/cu.usbserial-576B0005451,"RX,274201,R35,TXG,N91,11,105081,G,1,0.93,0.90,5,U,-110,-7.25"
2026-07-13T13:24:48.079+00:00,/dev/cu.usbserial-576B0005451,"RX,274503,R35,TXE,N61,48,105383,A,1,0.75,0.72,5,U,-109,-2.50"
2026-07-13T13:24:48.327+00:00,/dev/cu.usbserial-576B0005451,"RX,274752,R35,TXA,N01,103,105627,H,1,0.32,0.30,5,F,-108,-1.75"
2026-07-13T13:24:48.469+00:00,/dev/cu.usbserial-576B0005451,"RX,274893,R35,TXK,N151,52,105764,A,0,0.75,0.72,5,U,-109,-2.00"
2026-07-13T13:24:48.827+00:00,/dev/cu.usbserial-576B0005451,"RX,275252,R35,TXF,N76,25,106132,G,1,0.93,0.90,5,U,-110,-6.25"
2026-07-13T13:24:48.986+00:00,/dev/cu.usbserial-576B0005451,"RX,275410,R35,TXJ,N136,11,106281,G,1,0.93,0.90,5,U,-109,-1.75"
2026-07-13T13:24:49.086+00:00,/dev/cu.usbserial-576B0005451,"RX,275510,R35,TXC,N31,24,106386,E,1,0.87,0.84,5,U,-110,-5.25"
2026-07-13T13:24:49.328+00:00,/dev/cu.usbserial-576B0005451,"RX,275752,R35,TXA,N01,104,106627,A,0,0.75,0.72,5,F,-109,-1.50"
2026-07-13T13:24:50.079+00:00,/dev/cu.usbserial-576B0005451,"RX,276503,R35,TXE,N61,49,107383,C,0,0.81,0.78,5,U,-109,-2.50"
2026-07-13T13:24:50.187+00:00,/dev/cu.usbserial-576B0005451,"RX,276612,R35,TXI,N121,24,107483,E,1,0.87,0.84,5,U,-110,-4.25"
2026-07-13T13:24:50.327+00:00,/dev/cu.usbserial-576B0005451,"RX,276752,R35,TXA,N01,105,107627,B,1,0.20,0.18,5,F,-109,-1.75"
2026-07-13T13:24:50.469+00:00,/dev/cu.usbserial-576B0005451,"RX,276893,R35,TXK,N151,53,107764,C,1,0.81,0.78,5,U,-109,-2.50"
2026-07-13T13:24:51.086+00:00,/dev/cu.usbserial-576B0005451,"RX,277510,R35,TXC,N31,25,108386,G,1,0.93,0.90,5,U,-110,-4.75"
2026-07-13T13:24:51.328+00:00,/dev/cu.usbserial-576B0005451,"RX,277752,R35,TXA,N01,106,108627,C,1,0.81,0.78,5,F,-109,-2.00"
2026-07-13T13:24:52.079+00:00,/dev/cu.usbserial-576B0005451,"RX,278503,R35,TXE,N61,50,109383,E,1,0.87,0.84,5,U,-109,-2.00"
2026-07-13T13:24:52.187+00:00,/dev/cu.usbserial-576B0005451,"RX,278612,R35,TXI,N121,25,109483,G,1,0.93,0.90,5,U,-110,-5.50"
2026-07-13T13:24:52.327+00:00,/dev/cu.usbserial-576B0005451,"RX,278752,R35,TXA,N01,107,109627,D,0,0.24,0.22,5,F,-109,-3.00"
2026-07-13T13:24:52.469+00:00,/dev/cu.usbserial-576B0005451,"RX,278893,R35,TXK,N151,54,109764,E,1,0.87,0.84,5,U,-109,-2.25"
2026-07-13T13:24:53.328+00:00,/dev/cu.usbserial-576B0005451,"RX,279752,R35,TXA,N01,108,110627,E,1,0.87,0.84,5,F,-109,-2.00"
2026-07-13T13:24:54.079+00:00,/dev/cu.usbserial-576B0005451,"RX,280503,R35,TXE,N61,51,111383,G,1,0.93,0.90,5,U,-110,-2.50"
2026-07-13T13:24:54.328+00:00,/dev/cu.usbserial-576B0005451,"RX,280752,R35,TXA,N01,109,111627,F,1,0.28,0.26,5,F,-109,-1.75"
2026-07-13T13:24:54.469+00:00,/dev/cu.usbserial-576B0005451,"RX,280893,R35,TXK,N151,55,111764,G,0,0.93,0.90,5,U,-109,-1.50"
2026-07-13T13:24:54.827+00:00,/dev/cu.usbserial-576B0005451,"RX,281252,R35,TXF,N76,26,112132,E,1,0.87,0.84,5,U,-110,-4.50"
2026-07-13T13:24:55.132+00:00,/dev/cu.usbserial-576B0005451,"RX,281556,R35,TXD,N46,13,112432,G,0,0.93,0.90,5,U,-109,-3.00"
2026-07-13T13:24:55.328+00:00,/dev/cu.usbserial-576B0005451,"RX,281752,R35,TXA,N01,110,112627,G,0,0.93,0.90,5,F,-110,-2.25"
2026-07-13T13:24:55.777+00:00,/dev/cu.usbserial-576B0005451,"RX,282201,R35,TXG,N91,12,113081,G,1,0.93,0.90,5,U,-110,-7.75"
2026-07-13T13:24:56.079+00:00,/dev/cu.usbserial-576B0005451,"RX,282503,R35,TXE,N61,52,113383,A,0,0.75,0.72,5,U,-110,-3.00"
2026-07-13T13:24:56.327+00:00,/dev/cu.usbserial-576B0005451,"RX,282752,R35,TXA,N01,111,113627,H,1,0.32,0.30,5,F,-109,-2.50"
2026-07-13T13:24:56.469+00:00,/dev/cu.usbserial-576B0005451,"RX,282893,R35,TXK,N151,56,113764,A,1,0.75,0.72,5,U,-109,-1.75"
2026-07-13T13:24:56.827+00:00,/dev/cu.usbserial-576B0005451,"RX,283252,R35,TXF,N76,27,114132,G,0,0.93,0.90,5,U,-110,-6.00"
2026-07-13T13:24:56.986+00:00,/dev/cu.usbserial-576B0005451,"RX,283410,R35,TXJ,N136,12,114281,G,1,0.93,0.90,5,U,-109,-0.50"
2026-07-13T13:24:57.086+00:00,/dev/cu.usbserial-576B0005451,"RX,283510,R35,TXC,N31,26,114386,E,1,0.87,0.84,5,U,-110,-4.75"
2026-07-13T13:24:57.328+00:00,/dev/cu.usbserial-576B0005451,"RX,283752,R35,TXA,N01,112,114627,A,1,0.75,0.72,5,F,-109,-1.25"
2026-07-13T13:24:58.079+00:00,/dev/cu.usbserial-576B0005451,"RX,284503,R35,TXE,N61,53,115383,C,1,0.81,0.78,5,U,-109,-1.75"
2026-07-13T13:24:58.188+00:00,/dev/cu.usbserial-576B0005451,"RX,284612,R35,TXI,N121,26,115483,E,1,0.87,0.84,5,U,-110,-4.75"
2026-07-13T13:24:58.328+00:00,/dev/cu.usbserial-576B0005451,"RX,284752,R35,TXA,N01,113,115627,B,0,0.20,0.18,5,F,-109,-2.00"
2026-07-13T13:24:58.469+00:00,/dev/cu.usbserial-576B0005451,"RX,284893,R35,TXK,N151,57,115764,C,1,0.81,0.78,5,U,-109,-1.75"
2026-07-13T13:24:59.086+00:00,/dev/cu.usbserial-576B0005451,"RX,285510,R35,TXC,N31,27,116386,G,0,0.93,0.90,5,U,-110,-3.25"
2026-07-13T13:24:59.328+00:00,/dev/cu.usbserial-576B0005451,"RX,285752,R35,TXA,N01,114,116627,C,1,0.81,0.78,5,F,-109,-2.00"
2026-07-13T13:25:00.079+00:00,/dev/cu.usbserial-576B0005451,"RX,286503,R35,TXE,N61,54,117383,E,1,0.87,0.84,5,U,-109,-1.50"
2026-07-13T13:25:00.187+00:00,/dev/cu.usbserial-576B0005451,"RX,286612,R35,TXI,N121,27,117483,G,0,0.93,0.90,5,U,-109,-4.00"
2026-07-13T13:25:00.328+00:00,/dev/cu.usbserial-576B0005451,"RX,286752,R35,TXA,N01,115,117627,D,1,0.24,0.22,5,F,-109,-1.50"
2026-07-13T13:25:00.469+00:00,/dev/cu.usbserial-576B0005451,"RX,286893,R35,TXK,N151,58,117764,E,0,0.87,0.84,5,U,-109,-1.75"
2026-07-13T13:25:01.328+00:00,/dev/cu.usbserial-576B0005451,"RX,287752,R35,TXA,N01,116,118627,E,0,0.87,0.84,5,F,-109,-2.25"
2026-07-13T13:25:02.079+00:00,/dev/cu.usbserial-576B0005451,"RX,288503,R35,TXE,N61,55,119383,G,0,0.93,0.90,5,U,-110,-7.50"
2026-07-13T13:25:02.328+00:00,/dev/cu.usbserial-576B0005451,"RX,288752,R35,TXA,N01,117,119627,F,1,0.28,0.26,5,F,-109,-1.50"
2026-07-13T13:25:02.469+00:00,/dev/cu.usbserial-576B0005451,"RX,288893,R35,TXK,N151,59,119764,G,1,0.93,0.90,5,U,-110,-5.50"
2026-07-13T13:25:03.132+00:00,/dev/cu.usbserial-576B0005451,"RX,289556,R35,TXD,N46,14,120432,G,1,0.93,0.90,5,U,-110,-4.50"
2026-07-13T13:25:03.328+00:00,/dev/cu.usbserial-576B0005451,"RX,289752,R35,TXA,N01,118,120627,G,1,0.93,0.90,5,F,-109,-3.00"
2026-07-13T13:25:04.079+00:00,/dev/cu.usbserial-576B0005451,"RX,290503,R35,TXE,N61,56,121383,A,1,0.75,0.72,5,U,-111,-7.75"
2026-07-13T13:25:04.328+00:00,/dev/cu.usbserial-576B0005451,"RX,290752,R35,TXA,N01,119,121627,H,0,0.32,0.30,5,F,-109,-3.00"
2026-07-13T13:25:04.986+00:00,/dev/cu.usbserial-576B0005451,"RX,291410,R35,TXJ,N136,13,122281,G,0,0.93,0.90,5,U,-109,-3.00"
2026-07-13T13:25:05.089+00:00,/dev/cu.usbserial-576B0005451,"RX,291510,R35,TXC,N31,28,122386,E,0,0.87,0.84,5,U,-110,-4.00"
2026-07-13T13:25:05.328+00:00,/dev/cu.usbserial-576B0005451,"RX,291752,R35,TXA,N01,120,122627,A,1,0.75,0.72,5,F,-108,-1.50"
2026-07-13T13:25:06.079+00:00,/dev/cu.usbserial-576B0005451,"RX,292503,R35,TXE,N61,57,123383,C,1,0.81,0.78,5,U,-110,-2.75"
2026-07-13T13:25:06.188+00:00,/dev/cu.usbserial-576B0005451,"RX,292612,R35,TXI,N121,28,123483,E,0,0.87,0.84,5,U,-110,-7.00"
2026-07-13T13:25:06.328+00:00,/dev/cu.usbserial-576B0005451,"RX,292752,R35,TXA,N01,121,123627,B,1,0.20,0.18,5,F,-109,-3.00"
2026-07-13T13:25:06.469+00:00,/dev/cu.usbserial-576B0005451,"RX,292893,R35,TXK,N151,61,123764,C,0,0.81,0.78,5,U,-110,-4.00"
2026-07-13T13:25:07.086+00:00,/dev/cu.usbserial-576B0005451,"RX,293510,R35,TXC,N31,29,124386,G,1,0.93,0.90,5,U,-108,-1.25"
2026-07-13T13:25:07.328+00:00,/dev/cu.usbserial-576B0005451,"RX,293752,R35,TXA,N01,122,124627,C,0,0.81,0.78,5,F,-110,-4.25"
2026-07-13T13:25:08.080+00:00,/dev/cu.usbserial-576B0005451,"RX,294503,R35,TXE,N61,58,125383,E,0,0.87,0.84,5,U,-110,-7.75"
2026-07-13T13:25:08.188+00:00,/dev/cu.usbserial-576B0005451,"RX,294612,R35,TXI,N121,29,125483,G,1,0.93,0.90,5,U,-110,-6.50"
2026-07-13T13:25:08.328+00:00,/dev/cu.usbserial-576B0005451,"RX,294752,R35,TXA,N01,123,125627,D,1,0.24,0.22,5,F,-110,-4.25"
2026-07-13T13:25:08.469+00:00,/dev/cu.usbserial-576B0005451,"RX,294893,R35,TXK,N151,62,125764,E,1,0.87,0.84,5,U,-110,-4.75"
2026-07-13T13:25:09.328+00:00,/dev/cu.usbserial-576B0005451,"RX,295752,R35,TXA,N01,124,126627,E,1,0.87,0.84,5,F,-109,-2.00"
2026-07-13T13:25:10.079+00:00,/dev/cu.usbserial-576B0005451,"RX,296503,R35,TXE,N61,59,127383,G,1,0.93,0.90,5,U,-110,-6.00"
2026-07-13T13:25:10.328+00:00,/dev/cu.usbserial-576B0005451,"RX,296752,R35,TXA,N01,125,127627,F,0,0.28,0.26,5,F,-109,-1.50"
2026-07-13T13:25:10.468+00:00,/dev/cu.usbserial-576B0005451,"RX,296893,R35,TXK,N151,63,127764,G,1,0.93,0.90,5,U,-110,-5.00"
2026-07-13T13:25:10.827+00:00,/dev/cu.usbserial-576B0005451,"RX,297252,R35,TXF,N76,30,128132,E,1,0.87,0.84,5,U,-110,-8.25"
2026-07-13T13:25:11.132+00:00,/dev/cu.usbserial-576B0005451,"RX,297556,R35,TXD,N46,15,128432,G,1,0.93,0.90,5,U,-109,-3.50"
2026-07-13T13:25:11.328+00:00,/dev/cu.usbserial-576B0005451,"RX,297752,R35,TXA,N01,126,128627,G,1,0.93,0.90,5,F,-108,-2.00"
2026-07-13T13:25:12.079+00:00,/dev/cu.usbserial-576B0005451,"RX,298503,R35,TXE,N61,60,129383,A,1,0.75,0.72,5,U,-110,-7.25"
2026-07-13T13:25:12.328+00:00,/dev/cu.usbserial-576B0005451,"RX,298752,R35,TXA,N01,127,129627,H,1,0.32,0.30,5,F,-109,-3.00"
2026-07-13T13:25:12.469+00:00,/dev/cu.usbserial-576B0005451,"RX,298893,R35,TXK,N151,64,129764,A,1,0.75,0.72,5,U,-110,-5.00"
2026-07-13T13:25:12.986+00:00,/dev/cu.usbserial-576B0005451,"RX,299410,R35,TXJ,N136,14,130281,G,1,0.93,0.90,5,U,-111,-6.50"
2026-07-13T13:25:13.086+00:00,/dev/cu.usbserial-576B0005451,"RX,299510,R35,TXC,N31,30,130386,E,1,0.87,0.84,5,U,-110,-5.00"
2026-07-13T13:25:13.327+00:00,/dev/cu.usbserial-576B0005451,"RX,299752,R35,TXA,N01,128,130627,A,1,0.75,0.72,5,F,-110,-3.75"
2026-07-13T13:25:14.079+00:00,/dev/cu.usbserial-576B0005451,"RX,300503,R35,TXE,N61,61,131383,C,0,0.81,0.78,5,U,-110,-5.75"
2026-07-13T13:25:14.328+00:00,/dev/cu.usbserial-576B0005451,"RX,300752,R35,TXA,N01,129,131627,B,0,0.20,0.18,5,F,-109,-3.50"
2026-07-13T13:25:14.468+00:00,/dev/cu.usbserial-576B0005451,"RX,300893,R35,TXK,N151,65,131764,C,1,0.81,0.78,5,U,-109,-3.00"
2026-07-13T13:25:15.085+00:00,/dev/cu.usbserial-576B0005451,"RX,301510,R35,TXC,N31,31,132386,G,1,0.93,0.90,5,U,-110,-3.00"
2026-07-13T13:25:15.327+00:00,/dev/cu.usbserial-576B0005451,"RX,301752,R35,TXA,N01,130,132627,C,1,0.81,0.78,5,F,-109,-2.00"
2026-07-13T13:25:16.079+00:00,/dev/cu.usbserial-576B0005451,"RX,302503,R35,TXE,N61,62,133383,E,1,0.87,0.84,5,U,-109,-4.50"
2026-07-13T13:25:16.187+00:00,/dev/cu.usbserial-576B0005451,"RX,302612,R35,TXI,N121,31,133483,G,1,0.93,0.90,5,U,-110,-6.00"
2026-07-13T13:25:16.328+00:00,/dev/cu.usbserial-576B0005451,"RX,302752,R35,TXA,N01,131,133627,D,1,0.24,0.22,5,F,-108,-3.00"
2026-07-13T13:25:16.468+00:00,/dev/cu.usbserial-576B0005451,"RX,302893,R35,TXK,N151,66,133764,E,0,0.87,0.84,5,U,-109,-3.25"
2026-07-13T13:25:17.328+00:00,/dev/cu.usbserial-576B0005451,"RX,303752,R35,TXA,N01,132,134627,E,0,0.87,0.84,5,F,-109,-2.75"
2026-07-13T13:25:18.079+00:00,/dev/cu.usbserial-576B0005451,"RX,304503,R35,TXE,N61,63,135383,G,1,0.93,0.90,5,U,-109,-3.75"
2026-07-13T13:25:18.328+00:00,/dev/cu.usbserial-576B0005451,"RX,304752,R35,TXA,N01,133,135627,F,1,0.28,0.26,5,F,-109,-1.75"
2026-07-13T13:25:18.438+00:00,/dev/cu.usbserial-576B0005451,"RX,304863,R35,TXH,N106,8,135743,G,1,0.93,0.90,5,U,-107,-1.50"
2026-07-13T13:25:18.621+00:00,/dev/cu.usbserial-576B0005451,"RX,305045,R35,TXL,N166,8,135917,G,1,0.93,0.90,5,U,-108,-1.50"
2026-07-13T13:25:18.827+00:00,/dev/cu.usbserial-576B0005451,"RX,305252,R35,TXF,N76,32,136132,E,0,0.87,0.84,5,U,-110,-6.50"
2026-07-13T13:25:19.132+00:00,/dev/cu.usbserial-576B0005451,"RX,305556,R35,TXD,N46,16,136432,G,1,0.93,0.90,5,U,-109,-3.50"
2026-07-13T13:25:19.328+00:00,/dev/cu.usbserial-576B0005451,"RX,305752,R35,TXA,N01,134,136627,G,1,0.93,0.90,5,F,-109,-2.25"
2026-07-13T13:25:19.776+00:00,/dev/cu.usbserial-576B0005451,"RX,306201,R35,TXG,N91,15,137081,G,1,0.93,0.90,5,U,-110,-8.00"
2026-07-13T13:25:20.079+00:00,/dev/cu.usbserial-576B0005451,"RX,306503,R35,TXE,N61,64,137383,A,1,0.75,0.72,5,U,-110,-4.50"
2026-07-13T13:25:20.327+00:00,/dev/cu.usbserial-576B0005451,"RX,306752,R35,TXA,N01,135,137627,H,0,0.32,0.30,5,F,-109,-2.25"
2026-07-13T13:25:20.468+00:00,/dev/cu.usbserial-576B0005451,"RX,306893,R35,TXK,N151,68,137764,A,1,0.75,0.72,5,U,-110,-3.75"
2026-07-13T13:25:20.985+00:00,/dev/cu.usbserial-576B0005451,"RX,307410,R35,TXJ,N136,15,138281,G,1,0.93,0.90,5,U,-109,-2.50"
2026-07-13T13:25:21.085+00:00,/dev/cu.usbserial-576B0005451,"RX,307510,R35,TXC,N31,32,138386,E,0,0.87,0.84,5,U,-109,-3.00"
2026-07-13T13:25:21.328+00:00,/dev/cu.usbserial-576B0005451,"RX,307752,R35,TXA,N01,136,138627,A,1,0.75,0.72,5,F,-109,-2.75"
2026-07-13T13:25:22.079+00:00,/dev/cu.usbserial-576B0005451,"RX,308503,R35,TXE,N61,65,139383,C,1,0.81,0.78,5,U,-110,-6.00"
2026-07-13T13:25:22.187+00:00,/dev/cu.usbserial-576B0005451,"RX,308612,R35,TXI,N121,32,139483,E,0,0.87,0.84,5,U,-110,-5.75"
2026-07-13T13:25:22.327+00:00,/dev/cu.usbserial-576B0005451,"RX,308752,R35,TXA,N01,137,139627,B,1,0.20,0.18,5,F,-109,-3.00"
2026-07-13T13:25:22.468+00:00,/dev/cu.usbserial-576B0005451,"RX,308893,R35,TXK,N151,69,139764,C,0,0.81,0.78,5,U,-110,-3.50"
2026-07-13T13:25:23.085+00:00,/dev/cu.usbserial-576B0005451,"RX,309510,R35,TXC,N31,33,140386,G,1,0.93,0.90,5,U,-109,-2.00"
2026-07-13T13:25:23.328+00:00,/dev/cu.usbserial-576B0005451,"RX,309752,R35,TXA,N01,138,140627,C,0,0.81,0.78,5,F,-108,-1.25"
2026-07-13T13:25:24.079+00:00,/dev/cu.usbserial-576B0005451,"RX,310503,R35,TXE,N61,66,141383,E,0,0.87,0.84,5,U,-109,-4.00"
2026-07-13T13:25:24.187+00:00,/dev/cu.usbserial-576B0005451,"RX,310612,R35,TXI,N121,33,141483,G,1,0.93,0.90,5,U,-110,-5.25"
2026-07-13T13:25:24.327+00:00,/dev/cu.usbserial-576B0005451,"RX,310752,R35,TXA,N01,139,141627,D,1,0.24,0.22,5,F,-109,-1.75"
2026-07-13T13:25:24.468+00:00,/dev/cu.usbserial-576B0005451,"RX,310893,R35,TXK,N151,70,141764,E,1,0.87,0.84,5,U,-109,-4.00"
2026-07-13T13:25:25.327+00:00,/dev/cu.usbserial-576B0005451,"RX,311752,R35,TXA,N01,140,142627,E,1,0.87,0.84,5,F,-109,-2.25"
2026-07-13T13:25:26.079+00:00,/dev/cu.usbserial-576B0005451,"RX,312503,R35,TXE,N61,67,143383,G,1,0.93,0.90,5,U,-109,-3.75"
2026-07-13T13:25:26.327+00:00,/dev/cu.usbserial-576B0005451,"RX,312752,R35,TXA,N01,141,143627,F,0,0.28,0.26,5,F,-109,-2.00"
2026-07-13T13:25:26.438+00:00,/dev/cu.usbserial-576B0005451,"RX,312863,R35,TXH,N106,9,143743,G,1,0.93,0.90,5,U,-106,0.00"
2026-07-13T13:25:26.621+00:00,/dev/cu.usbserial-576B0005451,"RX,313045,R35,TXL,N166,9,143917,G,1,0.93,0.90,5,U,-109,-0.75"
2026-07-13T13:25:27.132+00:00,/dev/cu.usbserial-576B0005451,"RX,313556,R35,TXD,N46,17,144432,G,1,0.93,0.90,5,U,-109,-3.00"
2026-07-13T13:25:27.328+00:00,/dev/cu.usbserial-576B0005451,"RX,313752,R35,TXA,N01,142,144627,G,1,0.93,0.90,5,F,-109,-2.25"
2026-07-13T13:25:28.079+00:00,/dev/cu.usbserial-576B0005451,"RX,314503,R35,TXE,N61,68,145383,A,1,0.75,0.72,5,U,-110,-5.50"
2026-07-13T13:25:28.328+00:00,/dev/cu.usbserial-576B0005451,"RX,314752,R35,TXA,N01,143,145627,H,1,0.32,0.30,5,F,-109,-1.50"
2026-07-13T13:25:28.468+00:00,/dev/cu.usbserial-576B0005451,"RX,314893,R35,TXK,N151,72,145764,A,0,0.75,0.72,5,U,-109,-3.25"
2026-07-13T13:25:28.985+00:00,/dev/cu.usbserial-576B0005451,"RX,315410,R35,TXJ,N136,16,146281,G,1,0.93,0.90,5,U,-108,-0.50"
2026-07-13T13:25:29.085+00:00,/dev/cu.usbserial-576B0005451,"RX,315510,R35,TXC,N31,34,146386,E,1,0.87,0.84,5,U,-109,-2.75"
2026-07-13T13:25:29.327+00:00,/dev/cu.usbserial-576B0005451,"RX,315752,R35,TXA,N01,144,146627,A,0,0.75,0.72,5,F,-109,-2.50"
2026-07-13T13:25:30.079+00:00,/dev/cu.usbserial-576B0005451,"RX,316503,R35,TXE,N61,69,147383,C,0,0.81,0.78,5,U,-110,-6.00"
2026-07-13T13:25:30.187+00:00,/dev/cu.usbserial-576B0005451,"RX,316612,R35,TXI,N121,34,147483,E,1,0.87,0.84,5,U,-110,-4.75"
2026-07-13T13:25:30.327+00:00,/dev/cu.usbserial-576B0005451,"RX,316752,R35,TXA,N01,145,147627,B,1,0.20,0.18,5,F,-109,-2.75"
2026-07-13T13:25:30.468+00:00,/dev/cu.usbserial-576B0005451,"RX,316893,R35,TXK,N151,73,147764,C,1,0.81,0.78,5,U,-110,-3.25"
2026-07-13T13:25:31.085+00:00,/dev/cu.usbserial-576B0005451,"RX,317510,R35,TXC,N31,35,148386,G,1,0.93,0.90,5,U,-109,-3.50"
2026-07-13T13:25:31.327+00:00,/dev/cu.usbserial-576B0005451,"RX,317752,R35,TXA,N01,146,148627,C,1,0.81,0.78,5,F,-108,-2.00"
2026-07-13T13:25:32.079+00:00,/dev/cu.usbserial-576B0005451,"RX,318503,R35,TXE,N61,70,149383,E,1,0.87,0.84,5,U,-109,-4.25"
2026-07-13T13:25:32.187+00:00,/dev/cu.usbserial-576B0005451,"RX,318612,R35,TXI,N121,35,149483,G,1,0.93,0.90,5,U,-110,-4.75"
2026-07-13T13:25:32.328+00:00,/dev/cu.usbserial-576B0005451,"RX,318752,R35,TXA,N01,147,149627,D,0,0.24,0.22,5,F,-109,-1.00"
2026-07-13T13:25:32.468+00:00,/dev/cu.usbserial-576B0005451,"RX,318893,R35,TXK,N151,74,149764,E,1,0.87,0.84,5,U,-109,-2.50"
2026-07-13T13:25:33.329+00:00,/dev/cu.usbserial-576B0005451,"RX,319752,R35,TXA,N01,148,150627,E,1,0.87,0.84,5,F,-106,3.25"
2026-07-13T13:25:34.327+00:00,/dev/cu.usbserial-576B0005451,"RX,320752,R35,TXA,N01,149,151627,F,1,0.28,0.26,5,F,-109,-7.75"
2026-07-13T13:25:34.438+00:00,/dev/cu.usbserial-576B0005451,"RX,320863,R35,TXH,N106,10,151743,G,0,0.93,0.90,5,U,-102,3.50"
2026-07-13T13:25:35.776+00:00,/dev/cu.usbserial-576B0005451,"RX,322201,R35,TXG,N91,17,153081,G,1,0.93,0.90,5,U,-110,-6.00"
2026-07-13T13:25:36.079+00:00,/dev/cu.usbserial-576B0005451,"RX,322503,R35,TXE,N61,72,153383,A,0,0.75,0.72,5,U,-110,-5.75"
2026-07-13T13:25:36.327+00:00,/dev/cu.usbserial-576B0005451,"RX,322752,R35,TXA,N01,151,153627,H,1,0.32,0.30,5,F,-108,-1.50"
2026-07-13T13:25:36.985+00:00,/dev/cu.usbserial-576B0005451,"RX,323410,R35,TXJ,N136,17,154281,G,1,0.93,0.90,5,U,-108,-1.50"
2026-07-13T13:25:37.328+00:00,/dev/cu.usbserial-576B0005451,"RX,323752,R35,TXA,N01,152,154627,A,1,0.75,0.72,5,F,-109,-3.25"
2026-07-13T13:25:38.079+00:00,/dev/cu.usbserial-576B0005451,"RX,324503,R35,TXE,N61,73,155383,C,1,0.81,0.78,5,U,-109,-2.50"
2026-07-13T13:25:38.187+00:00,/dev/cu.usbserial-576B0005451,"RX,324612,R35,TXI,N121,36,155483,E,1,0.87,0.84,5,U,-110,-7.25"
2026-07-13T13:25:38.327+00:00,/dev/cu.usbserial-576B0005451,"RX,324752,R35,TXA,N01,153,155627,B,0,0.20,0.18,5,F,-109,-2.50"
2026-07-13T13:25:38.468+00:00,/dev/cu.usbserial-576B0005451,"RX,324893,R35,TXK,N151,77,155764,C,1,0.81,0.78,5,U,-110,-6.75"
2026-07-13T13:25:39.085+00:00,/dev/cu.usbserial-576B0005451,"RX,325510,R35,TXC,N31,37,156386,G,0,0.93,0.90,5,U,-110,-4.25"
2026-07-13T13:25:39.328+00:00,/dev/cu.usbserial-576B0005451,"RX,325752,R35,TXA,N01,154,156627,C,1,0.81,0.78,5,F,-108,-1.00"
2026-07-13T13:25:40.079+00:00,/dev/cu.usbserial-576B0005451,"RX,326503,R35,TXE,N61,74,157383,E,1,0.87,0.84,5,U,-110,-5.50"
2026-07-13T13:25:40.187+00:00,/dev/cu.usbserial-576B0005451,"RX,326612,R35,TXI,N121,37,157483,G,0,0.93,0.90,5,U,-110,-7.50"
2026-07-13T13:25:40.328+00:00,/dev/cu.usbserial-576B0005451,"RX,326752,R35,TXA,N01,155,157627,D,1,0.24,0.22,5,F,-109,-5.75"
2026-07-13T13:25:41.328+00:00,/dev/cu.usbserial-576B0005451,"RX,327752,R35,TXA,N01,156,158627,E,0,0.87,0.84,5,F,-109,-3.00"
2026-07-13T13:25:42.079+00:00,/dev/cu.usbserial-576B0005451,"RX,328503,R35,TXE,N61,75,159383,G,0,0.93,0.90,5,U,-110,-5.25"
2026-07-13T13:25:42.328+00:00,/dev/cu.usbserial-576B0005451,"RX,328752,R35,TXA,N01,157,159627,F,1,0.28,0.26,5,F,-108,-0.75"
2026-07-13T13:25:42.438+00:00,/dev/cu.usbserial-576B0005451,"RX,328863,R35,TXH,N106,11,159743,G,1,0.93,0.90,5,U,-107,-0.50"
2026-07-13T13:25:42.621+00:00,/dev/cu.usbserial-576B0005451,"RX,329045,R35,TXL,N166,11,159917,G,1,0.93,0.90,5,U,-107,0.75"
2026-07-13T13:25:42.827+00:00,/dev/cu.usbserial-576B0005451,"RX,329252,R35,TXF,N76,38,160132,E,0,0.87,0.84,5,U,-110,-7.00"
2026-07-13T13:25:43.132+00:00,/dev/cu.usbserial-576B0005451,"RX,329556,R35,TXD,N46,19,160432,G,1,0.93,0.90,5,U,-109,-2.25"
2026-07-13T13:25:43.328+00:00,/dev/cu.usbserial-576B0005451,"RX,329752,R35,TXA,N01,158,160627,G,1,0.93,0.90,5,F,-108,0.25"
2026-07-13T13:25:43.777+00:00,/dev/cu.usbserial-576B0005451,"RX,330201,R35,TXG,N91,18,161081,G,0,0.93,0.90,5,U,-110,-6.50"
2026-07-13T13:25:44.079+00:00,/dev/cu.usbserial-576B0005451,"RX,330503,R35,TXE,N61,76,161383,A,1,0.75,0.72,5,U,-110,-6.50"
2026-07-13T13:25:44.328+00:00,/dev/cu.usbserial-576B0005451,"RX,330752,R35,TXA,N01,159,161627,H,0,0.32,0.30,5,F,-108,-1.75"
2026-07-13T13:25:44.469+00:00,/dev/cu.usbserial-576B0005451,"RX,330893,R35,TXK,N151,80,161764,A,1,0.75,0.72,5,U,-110,-5.50"
2026-07-13T13:25:44.985+00:00,/dev/cu.usbserial-576B0005451,"RX,331410,R35,TXJ,N136,18,162281,G,0,0.93,0.90,5,U,-109,-3.75"
2026-07-13T13:25:45.085+00:00,/dev/cu.usbserial-576B0005451,"RX,331510,R35,TXC,N31,38,162386,E,0,0.87,0.84,5,U,-108,-3.00"
2026-07-13T13:25:45.328+00:00,/dev/cu.usbserial-576B0005451,"RX,331752,R35,TXA,N01,160,162627,A,1,0.75,0.72,5,F,-109,-3.00"
2026-07-13T13:25:46.079+00:00,/dev/cu.usbserial-576B0005451,"RX,332503,R35,TXE,N61,77,163383,C,1,0.81,0.78,5,U,-110,-4.75"
2026-07-13T13:25:46.187+00:00,/dev/cu.usbserial-576B0005451,"RX,332612,R35,TXI,N121,38,163483,E,0,0.87,0.84,5,U,-110,-5.00"
2026-07-13T13:25:46.327+00:00,/dev/cu.usbserial-576B0005451,"RX,332752,R35,TXA,N01,161,163627,B,1,0.20,0.18,5,F,-108,-3.00"
2026-07-13T13:25:46.468+00:00,/dev/cu.usbserial-576B0005451,"RX,332893,R35,TXK,N151,81,163764,C,0,0.81,0.78,5,U,-109,-4.00"
2026-07-13T13:25:47.085+00:00,/dev/cu.usbserial-576B0005451,"RX,333510,R35,TXC,N31,39,164386,G,1,0.93,0.90,5,U,-110,-7.75"
2026-07-13T13:25:47.328+00:00,/dev/cu.usbserial-576B0005451,"RX,333752,R35,TXA,N01,162,164627,C,0,0.81,0.78,5,F,-109,-3.75"
2026-07-13T13:25:48.079+00:00,/dev/cu.usbserial-576B0005451,"RX,334503,R35,TXE,N61,78,165383,E,0,0.87,0.84,5,U,-107,-5.50"
2026-07-13T13:25:48.187+00:00,/dev/cu.usbserial-576B0005451,"RX,334612,R35,TXI,N121,39,165483,G,1,0.93,0.90,5,U,-110,-4.25"
2026-07-13T13:25:48.328+00:00,/dev/cu.usbserial-576B0005451,"RX,334752,R35,TXA,N01,163,165627,D,1,0.24,0.22,5,F,-108,-2.50"
2026-07-13T13:25:48.469+00:00,/dev/cu.usbserial-576B0005451,"RX,334893,R35,TXK,N151,82,165764,E,1,0.87,0.84,5,U,-109,-2.25"
2026-07-13T13:25:49.328+00:00,/dev/cu.usbserial-576B0005451,"RX,335752,R35,TXA,N01,164,166627,E,1,0.87,0.84,5,F,-109,-1.25"
2026-07-13T13:25:50.079+00:00,/dev/cu.usbserial-576B0005451,"RX,336503,R35,TXE,N61,79,167383,G,1,0.93,0.90,5,U,-109,-5.50"
2026-07-13T13:25:50.328+00:00,/dev/cu.usbserial-576B0005451,"RX,336752,R35,TXA,N01,165,167627,F,0,0.28,0.26,5,F,-109,-2.25"
2026-07-13T13:25:50.468+00:00,/dev/cu.usbserial-576B0005451,"RX,336893,R35,TXK,N151,83,167764,G,1,0.93,0.90,5,U,-109,-5.25"
2026-07-13T13:25:51.132+00:00,/dev/cu.usbserial-576B0005451,"RX,337556,R35,TXD,N46,20,168432,G,1,0.93,0.90,5,U,-108,-2.75"
2026-07-13T13:25:51.328+00:00,/dev/cu.usbserial-576B0005451,"RX,337752,R35,TXA,N01,166,168627,G,1,0.93,0.90,5,F,-109,-3.00"
2026-07-13T13:25:52.079+00:00,/dev/cu.usbserial-576B0005451,"RX,338503,R35,TXE,N61,80,169383,A,1,0.75,0.72,5,U,-110,-6.00"
2026-07-13T13:25:52.328+00:00,/dev/cu.usbserial-576B0005451,"RX,338752,R35,TXA,N01,167,169627,H,1,0.32,0.30,5,F,-109,-2.00"
2026-07-13T13:25:52.469+00:00,/dev/cu.usbserial-576B0005451,"RX,338893,R35,TXK,N151,84,169764,A,0,0.75,0.72,5,U,-110,-4.75"
2026-07-13T13:25:52.986+00:00,/dev/cu.usbserial-576B0005451,"RX,339410,R35,TXJ,N136,19,170281,G,1,0.93,0.90,5,U,-109,-4.00"
2026-07-13T13:25:53.085+00:00,/dev/cu.usbserial-576B0005451,"RX,339510,R35,TXC,N31,40,170386,E,1,0.87,0.84,5,U,-110,-7.50"
2026-07-13T13:25:53.327+00:00,/dev/cu.usbserial-576B0005451,"RX,339752,R35,TXA,N01,168,170627,A,0,0.75,0.72,5,F,-108,-2.00"
2026-07-13T13:25:54.079+00:00,/dev/cu.usbserial-576B0005451,"RX,340503,R35,TXE,N61,81,171383,C,0,0.81,0.78,5,U,-109,-4.75"
2026-07-13T13:25:54.187+00:00,/dev/cu.usbserial-576B0005451,"RX,340612,R35,TXI,N121,40,171483,E,1,0.87,0.84,5,U,-109,-4.75"
2026-07-13T13:25:54.328+00:00,/dev/cu.usbserial-576B0005451,"RX,340752,R35,TXA,N01,169,171627,B,1,0.20,0.18,5,F,-109,-3.25"
2026-07-13T13:25:54.469+00:00,/dev/cu.usbserial-576B0005451,"RX,340893,R35,TXK,N151,85,171764,C,1,0.81,0.78,5,U,-110,-6.25"
2026-07-13T13:25:55.085+00:00,/dev/cu.usbserial-576B0005451,"RX,341509,R35,TXC,N31,41,172386,G,1,0.93,0.90,5,U,-110,-5.50"
2026-07-13T13:25:55.328+00:00,/dev/cu.usbserial-576B0005451,"RX,341752,R35,TXA,N01,170,172627,C,1,0.81,0.78,5,F,-109,-2.75"
2026-07-13T13:25:56.079+00:00,/dev/cu.usbserial-576B0005451,"RX,342503,R35,TXE,N61,82,173383,E,1,0.87,0.84,5,U,-110,-5.75"
2026-07-13T13:25:56.187+00:00,/dev/cu.usbserial-576B0005451,"RX,342611,R35,TXI,N121,41,173483,G,1,0.93,0.90,5,U,-110,-5.75"
2026-07-13T13:25:56.327+00:00,/dev/cu.usbserial-576B0005451,"RX,342752,R35,TXA,N01,171,173627,D,0,0.24,0.22,5,F,-109,-2.25"
2026-07-13T13:25:56.469+00:00,/dev/cu.usbserial-576B0005451,"RX,342893,R35,TXK,N151,86,173764,E,1,0.87,0.84,5,U,-110,-5.25"
2026-07-13T13:25:57.328+00:00,/dev/cu.usbserial-576B0005451,"RX,343752,R35,TXA,N01,172,174627,E,1,0.87,0.84,5,F,-110,-6.50"
2026-07-13T13:25:58.079+00:00,/dev/cu.usbserial-576B0005451,"RX,344503,R35,TXE,N61,83,175383,G,1,0.93,0.90,5,U,-109,-4.75"
2026-07-13T13:25:58.328+00:00,/dev/cu.usbserial-576B0005451,"RX,344752,R35,TXA,N01,173,175627,F,1,0.28,0.26,5,F,-109,-1.75"
2026-07-13T13:25:58.469+00:00,/dev/cu.usbserial-576B0005451,"RX,344893,R35,TXK,N151,87,175764,G,0,0.93,0.90,5,U,-109,-1.50"
2026-07-13T13:25:58.827+00:00,/dev/cu.usbserial-576B0005451,"RX,345252,R35,TXF,N76,42,176132,E,1,0.87,0.84,5,U,-109,-4.75"
2026-07-13T13:25:59.132+00:00,/dev/cu.usbserial-576B0005451,"RX,345556,R35,TXD,N46,21,176432,G,0,0.93,0.90,5,U,-109,-3.25"
2026-07-13T13:25:59.327+00:00,/dev/cu.usbserial-576B0005451,"RX,345752,R35,TXA,N01,174,176627,G,0,0.93,0.90,5,F,-108,-2.25"
2026-07-13T13:26:00.079+00:00,/dev/cu.usbserial-576B0005451,"RX,346503,R35,TXE,N61,84,177383,A,0,0.75,0.72,5,U,-109,-2.00"
2026-07-13T13:26:00.328+00:00,/dev/cu.usbserial-576B0005451,"RX,346752,R35,TXA,N01,175,177627,H,1,0.32,0.30,5,F,-109,-3.00"
2026-07-13T13:26:00.469+00:00,/dev/cu.usbserial-576B0005451,"RX,346893,R35,TXK,N151,88,177764,A,1,0.75,0.72,5,U,-110,-4.75"
2026-07-13T13:26:00.827+00:00,/dev/cu.usbserial-576B0005451,"RX,347252,R35,TXF,N76,43,178132,G,0,0.93,0.90,5,U,-110,-7.00"
2026-07-13T13:26:00.986+00:00,/dev/cu.usbserial-576B0005451,"RX,347410,R35,TXJ,N136,20,178281,G,1,0.93,0.90,5,U,-108,-0.50"
2026-07-13T13:26:01.086+00:00,/dev/cu.usbserial-576B0005451,"RX,347510,R35,TXC,N31,42,178386,E,1,0.87,0.84,5,U,-109,-3.75"
2026-07-13T13:26:01.327+00:00,/dev/cu.usbserial-576B0005451,"RX,347752,R35,TXA,N01,176,178627,A,1,0.75,0.72,5,F,-108,-2.00"
2026-07-13T13:26:02.079+00:00,/dev/cu.usbserial-576B0005451,"RX,348503,R35,TXE,N61,85,179383,C,1,0.81,0.78,5,U,-109,-4.00"
2026-07-13T13:26:02.187+00:00,/dev/cu.usbserial-576B0005451,"RX,348611,R35,TXI,N121,42,179483,E,1,0.87,0.84,5,U,-109,-5.00"
2026-07-13T13:26:02.328+00:00,/dev/cu.usbserial-576B0005451,"RX,348752,R35,TXA,N01,177,179627,B,0,0.20,0.18,5,F,-108,-0.50"
2026-07-13T13:26:02.469+00:00,/dev/cu.usbserial-576B0005451,"RX,348893,R35,TXK,N151,89,179764,C,1,0.81,0.78,5,U,-109,-4.75"
2026-07-13T13:26:03.085+00:00,/dev/cu.usbserial-576B0005451,"RX,349510,R35,TXC,N31,43,180386,G,0,0.93,0.90,5,U,-109,-2.75"
2026-07-13T13:26:03.328+00:00,/dev/cu.usbserial-576B0005451,"RX,349752,R35,TXA,N01,178,180627,C,1,0.81,0.78,5,F,-108,0.75"
2026-07-13T13:26:04.079+00:00,/dev/cu.usbserial-576B0005451,"RX,350503,R35,TXE,N61,86,181383,E,1,0.87,0.84,5,U,-109,-2.75"
2026-07-13T13:26:04.187+00:00,/dev/cu.usbserial-576B0005451,"RX,350611,R35,TXI,N121,43,181483,G,0,0.93,0.90,5,U,-108,-2.00"
2026-07-13T13:26:04.328+00:00,/dev/cu.usbserial-576B0005451,"RX,350752,R35,TXA,N01,179,181627,D,1,0.24,0.22,5,F,-107,0.25"
2026-07-13T13:26:04.469+00:00,/dev/cu.usbserial-576B0005451,"RX,350893,R35,TXK,N151,90,181764,E,0,0.87,0.84,5,U,-108,-0.25"
2026-07-13T13:26:05.327+00:00,/dev/cu.usbserial-576B0005451,"RX,351752,R35,TXA,N01,180,182627,E,0,0.87,0.84,5,F,-107,1.00"
2026-07-13T13:26:06.079+00:00,/dev/cu.usbserial-576B0005451,"RX,352503,R35,TXE,N61,87,183383,G,0,0.93,0.90,5,U,-110,-4.25"
2026-07-13T13:26:06.328+00:00,/dev/cu.usbserial-576B0005451,"RX,352752,R35,TXA,N01,181,183627,F,1,0.28,0.26,5,F,-109,-2.25"
2026-07-13T13:26:06.468+00:00,/dev/cu.usbserial-576B0005451,"RX,352893,R35,TXK,N151,91,183764,G,1,0.93,0.90,5,U,-109,-3.00"
2026-07-13T13:26:06.827+00:00,/dev/cu.usbserial-576B0005451,"RX,353252,R35,TXF,N76,44,184132,E,0,0.87,0.84,5,U,-110,-6.75"
2026-07-13T13:26:07.132+00:00,/dev/cu.usbserial-576B0005451,"RX,353556,R35,TXD,N46,22,184432,G,1,0.93,0.90,5,U,-108,-2.50"
2026-07-13T13:26:07.328+00:00,/dev/cu.usbserial-576B0005451,"RX,353752,R35,TXA,N01,182,184627,G,1,0.93,0.90,5,F,-108,-1.00"
2026-07-13T13:26:07.777+00:00,/dev/cu.usbserial-576B0005451,"RX,354201,R35,TXG,N91,21,185081,G,0,0.93,0.90,5,U,-110,-6.25"
2026-07-13T13:26:08.079+00:00,/dev/cu.usbserial-576B0005451,"RX,354503,R35,TXE,N61,88,185383,A,1,0.75,0.72,5,U,-108,-3.25"
2026-07-13T13:26:08.328+00:00,/dev/cu.usbserial-576B0005451,"RX,354752,R35,TXA,N01,183,185627,H,0,0.32,0.30,5,F,-107,-0.50"
2026-07-13T13:26:08.468+00:00,/dev/cu.usbserial-576B0005451,"RX,354893,R35,TXK,N151,92,185764,A,1,0.75,0.72,5,U,-109,-2.00"
2026-07-13T13:26:08.986+00:00,/dev/cu.usbserial-576B0005451,"RX,355410,R35,TXJ,N136,21,186281,G,0,0.93,0.90,5,U,-108,-0.50"
2026-07-13T13:26:09.085+00:00,/dev/cu.usbserial-576B0005451,"RX,355509,R35,TXC,N31,44,186386,E,0,0.87,0.84,5,U,-108,-2.50"
2026-07-13T13:26:09.328+00:00,/dev/cu.usbserial-576B0005451,"RX,355752,R35,TXA,N01,184,186627,A,1,0.75,0.72,5,F,-108,-1.00"
2026-07-13T13:26:10.079+00:00,/dev/cu.usbserial-576B0005451,"RX,356503,R35,TXE,N61,89,187383,C,1,0.81,0.78,5,U,-109,-3.50"
2026-07-13T13:26:10.187+00:00,/dev/cu.usbserial-576B0005451,"RX,356611,R35,TXI,N121,44,187483,E,0,0.87,0.84,5,U,-109,-4.25"
2026-07-13T13:26:10.328+00:00,/dev/cu.usbserial-576B0005451,"RX,356752,R35,TXA,N01,185,187627,B,1,0.20,0.18,5,F,-108,-1.00"
2026-07-13T13:26:10.468+00:00,/dev/cu.usbserial-576B0005451,"RX,356893,R35,TXK,N151,93,187764,C,0,0.81,0.78,5,U,-108,-2.25"
2026-07-13T13:26:11.085+00:00,/dev/cu.usbserial-576B0005451,"RX,357509,R35,TXC,N31,45,188386,G,1,0.93,0.90,5,U,-109,-3.50"
2026-07-13T13:26:11.328+00:00,/dev/cu.usbserial-576B0005451,"RX,357752,R35,TXA,N01,186,188627,C,0,0.81,0.78,5,F,-108,-1.00"
2026-07-13T13:26:12.079+00:00,/dev/cu.usbserial-576B0005451,"RX,358503,R35,TXE,N61,90,189383,E,0,0.87,0.84,5,U,-109,-4.50"
2026-07-13T13:26:12.187+00:00,/dev/cu.usbserial-576B0005451,"RX,358611,R35,TXI,N121,45,189483,G,1,0.93,0.90,5,U,-109,-6.00"
2026-07-13T13:26:12.328+00:00,/dev/cu.usbserial-576B0005451,"RX,358752,R35,TXA,N01,187,189627,D,1,0.24,0.22,5,F,-109,-2.50"
2026-07-13T13:26:12.469+00:00,/dev/cu.usbserial-576B0005451,"RX,358893,R35,TXK,N151,94,189764,E,1,0.87,0.84,5,U,-109,-3.00"
2026-07-13T13:26:13.328+00:00,/dev/cu.usbserial-576B0005451,"RX,359752,R35,TXA,N01,188,190627,E,1,0.87,0.84,5,F,-108,-1.75"
2026-07-13T13:26:14.079+00:00,/dev/cu.usbserial-576B0005451,"RX,360503,R35,TXE,N61,91,191383,G,1,0.93,0.90,5,U,-109,-4.25"
2026-07-13T13:26:14.328+00:00,/dev/cu.usbserial-576B0005451,"RX,360752,R35,TXA,N01,189,191627,F,0,0.28,0.26,5,F,-108,-2.00"
2026-07-13T13:26:14.469+00:00,/dev/cu.usbserial-576B0005451,"RX,360893,R35,TXK,N151,95,191764,G,1,0.93,0.90,5,U,-109,-3.00"
2026-07-13T13:26:14.827+00:00,/dev/cu.usbserial-576B0005451,"RX,361252,R35,TXF,N76,46,192132,E,1,0.87,0.84,5,U,-110,-9.00"
2026-07-13T13:26:15.132+00:00,/dev/cu.usbserial-576B0005451,"RX,361556,R35,TXD,N46,23,192432,G,1,0.93,0.90,5,U,-109,-3.50"
2026-07-13T13:26:15.328+00:00,/dev/cu.usbserial-576B0005451,"RX,361752,R35,TXA,N01,190,192627,G,1,0.93,0.90,5,F,-108,-2.75"
2026-07-13T13:26:15.777+00:00,/dev/cu.usbserial-576B0005451,"RX,362201,R35,TXG,N91,22,193081,G,1,0.93,0.90,5,U,-109,-7.50"
2026-07-13T13:26:16.079+00:00,/dev/cu.usbserial-576B0005451,"RX,362503,R35,TXE,N61,92,193383,A,1,0.75,0.72,5,U,-109,-4.00"
2026-07-13T13:26:16.328+00:00,/dev/cu.usbserial-576B0005451,"RX,362752,R35,TXA,N01,191,193627,H,1,0.32,0.30,5,F,-109,-3.00"
2026-07-13T13:26:16.468+00:00,/dev/cu.usbserial-576B0005451,"RX,362893,R35,TXK,N151,96,193764,A,1,0.75,0.72,5,U,-109,-3.25"
2026-07-13T13:26:16.827+00:00,/dev/cu.usbserial-576B0005451,"RX,363252,R35,TXF,N76,47,194132,G,1,0.93,0.90,5,U,-110,-8.25"
2026-07-13T13:26:16.986+00:00,/dev/cu.usbserial-576B0005451,"RX,363410,R35,TXJ,N136,22,194281,G,1,0.93,0.90,5,U,-108,-2.75"
2026-07-13T13:26:17.085+00:00,/dev/cu.usbserial-576B0005451,"RX,363509,R35,TXC,N31,46,194386,E,1,0.87,0.84,5,U,-109,-4.00"
2026-07-13T13:26:17.328+00:00,/dev/cu.usbserial-576B0005451,"RX,363752,R35,TXA,N01,192,194627,A,1,0.75,0.72,5,F,-108,-2.25"
2026-07-13T13:26:18.079+00:00,/dev/cu.usbserial-576B0005451,"RX,364503,R35,TXE,N61,93,195383,C,0,0.81,0.78,5,U,-109,-4.25"
2026-07-13T13:26:18.187+00:00,/dev/cu.usbserial-576B0005451,"RX,364611,R35,TXI,N121,46,195483,E,1,0.87,0.84,5,U,-110,-5.75"
2026-07-13T13:26:18.328+00:00,/dev/cu.usbserial-576B0005451,"RX,364752,R35,TXA,N01,193,195627,B,0,0.20,0.18,5,F,-108,-2.75"
2026-07-13T13:26:18.468+00:00,/dev/cu.usbserial-576B0005451,"RX,364893,R35,TXK,N151,97,195764,C,1,0.81,0.78,5,U,-109,-3.50"
2026-07-13T13:26:19.085+00:00,/dev/cu.usbserial-576B0005451,"RX,365509,R35,TXC,N31,47,196386,G,1,0.93,0.90,5,U,-109,-5.00"
2026-07-13T13:26:19.328+00:00,/dev/cu.usbserial-576B0005451,"RX,365752,R35,TXA,N01,194,196627,C,1,0.81,0.78,5,F,-108,-2.50"
2026-07-13T13:26:20.079+00:00,/dev/cu.usbserial-576B0005451,"RX,366503,R35,TXE,N61,94,197383,E,1,0.87,0.84,5,U,-108,-4.25"
2026-07-13T13:26:20.187+00:00,/dev/cu.usbserial-576B0005451,"RX,366611,R35,TXI,N121,47,197483,G,1,0.93,0.90,5,U,-110,-6.50"
2026-07-13T13:26:20.328+00:00,/dev/cu.usbserial-576B0005451,"RX,366752,R35,TXA,N01,195,197627,D,1,0.24,0.22,5,F,-109,-3.25"
2026-07-13T13:26:20.469+00:00,/dev/cu.usbserial-576B0005451,"RX,366893,R35,TXK,N151,98,197764,E,0,0.87,0.84,5,U,-109,-4.25"
2026-07-13T13:26:21.328+00:00,/dev/cu.usbserial-576B0005451,"RX,367752,R35,TXA,N01,196,198627,E,0,0.87,0.84,5,F,-109,-3.00"
2026-07-13T13:26:22.079+00:00,/dev/cu.usbserial-576B0005451,"RX,368503,R35,TXE,N61,95,199383,G,1,0.93,0.90,5,U,-109,-4.25"
2026-07-13T13:26:22.328+00:00,/dev/cu.usbserial-576B0005451,"RX,368752,R35,TXA,N01,197,199627,F,1,0.28,0.26,5,F,-108,-2.25"
2026-07-13T13:26:22.439+00:00,/dev/cu.usbserial-576B0005451,"RX,368863,R35,TXH,N106,12,199743,G,1,0.93,0.90,5,U,-106,-0.25"
2026-07-13T13:26:22.621+00:00,/dev/cu.usbserial-576B0005451,"RX,369045,R35,TXL,N166,12,199917,G,1,0.93,0.90,5,U,-108,-1.25"
2026-07-13T13:26:22.827+00:00,/dev/cu.usbserial-576B0005451,"RX,369251,R35,TXF,N76,48,200132,E,0,0.87,0.84,5,U,-110,-8.25"
2026-07-13T13:26:23.132+00:00,/dev/cu.usbserial-576B0005451,"RX,369556,R35,TXD,N46,24,200432,G,1,0.93,0.90,5,U,-109,-3.50"
2026-07-13T13:26:23.328+00:00,/dev/cu.usbserial-576B0005451,"RX,369752,R35,TXA,N01,198,200627,G,1,0.93,0.90,5,F,-108,-1.75"
2026-07-13T13:26:23.777+00:00,/dev/cu.usbserial-576B0005451,"RX,370201,R35,TXG,N91,23,201081,G,1,0.93,0.90,5,U,-109,-6.00"
2026-07-13T13:26:24.079+00:00,/dev/cu.usbserial-576B0005451,"RX,370503,R35,TXE,N61,96,201383,A,1,0.75,0.72,5,U,-109,-3.00"
2026-07-13T13:26:24.328+00:00,/dev/cu.usbserial-576B0005451,"RX,370752,R35,TXA,N01,199,201627,H,0,0.32,0.30,5,F,-108,-0.75"
2026-07-13T13:26:24.473+00:00,/dev/cu.usbserial-576B0005451,"RX,370898,R35,TXK,N151,100,201764,A,1,0.75,0.72,5,U,-109,-3.25"
2026-07-13T13:26:24.985+00:00,/dev/cu.usbserial-576B0005451,"RX,371410,R35,TXJ,N136,23,202281,G,1,0.93,0.90,5,U,-109,-1.75"
2026-07-13T13:26:25.085+00:00,/dev/cu.usbserial-576B0005451,"RX,371509,R35,TXC,N31,48,202386,E,0,0.87,0.84,5,U,-109,-3.75"
2026-07-13T13:26:26.079+00:00,/dev/cu.usbserial-576B0005451,"RX,372503,R35,TXE,N61,97,203383,C,1,0.81,0.78,5,U,-109,-2.25"
2026-07-13T13:26:26.187+00:00,/dev/cu.usbserial-576B0005451,"RX,372611,R35,TXI,N121,48,203483,E,0,0.87,0.84,5,U,-110,-4.50"
2026-07-13T13:26:26.328+00:00,/dev/cu.usbserial-576B0005451,"RX,372752,R35,TXA,N01,201,203627,B,1,0.20,0.18,5,F,-108,0.00"
2026-07-13T13:26:26.473+00:00,/dev/cu.usbserial-576B0005451,"RX,372898,R35,TXK,N151,101,203764,C,0,0.81,0.78,5,U,-109,-1.25"
2026-07-13T13:26:27.328+00:00,/dev/cu.usbserial-576B0005451,"RX,373752,R35,TXA,N01,202,204627,C,0,0.81,0.78,5,F,-108,0.75"
2026-07-13T13:26:28.079+00:00,/dev/cu.usbserial-576B0005451,"RX,374503,R35,TXE,N61,98,205383,E,0,0.87,0.84,5,U,-109,-1.25"
2026-07-13T13:26:28.187+00:00,/dev/cu.usbserial-576B0005451,"RX,374611,R35,TXI,N121,49,205483,G,1,0.93,0.90,5,U,-109,-2.25"
2026-07-13T13:26:28.328+00:00,/dev/cu.usbserial-576B0005451,"RX,374752,R35,TXA,N01,203,205627,D,1,0.24,0.22,5,F,-109,-1.50"
2026-07-13T13:26:28.473+00:00,/dev/cu.usbserial-576B0005451,"RX,374898,R35,TXK,N151,102,205764,E,1,0.87,0.84,5,U,-109,-1.00"
2026-07-13T13:26:29.328+00:00,/dev/cu.usbserial-576B0005451,"RX,375752,R35,TXA,N01,204,206627,E,1,0.87,0.84,5,F,-108,0.75"
2026-07-13T13:26:30.079+00:00,/dev/cu.usbserial-576B0005451,"RX,376503,R35,TXE,N61,99,207383,G,1,0.93,0.90,5,U,-110,-2.50"
2026-07-13T13:26:30.328+00:00,/dev/cu.usbserial-576B0005451,"RX,376752,R35,TXA,N01,205,207627,F,0,0.28,0.26,5,F,-108,0.25"
2026-07-13T13:26:30.438+00:00,/dev/cu.usbserial-576B0005451,"RX,376863,R35,TXH,N106,13,207743,G,1,0.93,0.90,5,U,-105,1.00"
2026-07-13T13:26:30.621+00:00,/dev/cu.usbserial-576B0005451,"RX,377045,R35,TXL,N166,13,207917,G,1,0.93,0.90,5,U,-109,-0.50"
2026-07-13T13:26:30.827+00:00,/dev/cu.usbserial-576B0005451,"RX,377251,R35,TXF,N76,50,208132,E,1,0.87,0.84,5,U,-111,-6.75"
2026-07-13T13:26:31.132+00:00,/dev/cu.usbserial-576B0005451,"RX,377556,R35,TXD,N46,25,208432,G,1,0.93,0.90,5,U,-109,-2.25"
2026-07-13T13:26:31.328+00:00,/dev/cu.usbserial-576B0005451,"RX,377752,R35,TXA,N01,206,208627,G,1,0.93,0.90,5,F,-109,-1.50"
2026-07-13T13:26:31.777+00:00,/dev/cu.usbserial-576B0005451,"RX,378201,R35,TXG,N91,24,209081,G,1,0.93,0.90,5,U,-111,-7.50"
2026-07-13T13:26:32.079+00:00,/dev/cu.usbserial-576B0005451,"RX,378503,R35,TXE,N61,100,209383,A,1,0.75,0.72,5,U,-109,-3.00"
2026-07-13T13:26:32.328+00:00,/dev/cu.usbserial-576B0005451,"RX,378752,R35,TXA,N01,207,209627,H,1,0.32,0.30,5,F,-108,0.50"
2026-07-13T13:26:32.473+00:00,/dev/cu.usbserial-576B0005451,"RX,378898,R35,TXK,N151,104,209764,A,0,0.75,0.72,5,U,-110,-4.25"
2026-07-13T13:26:32.827+00:00,/dev/cu.usbserial-576B0005451,"RX,379251,R35,TXF,N76,51,210132,G,1,0.93,0.90,5,U,-110,-8.25"
2026-07-13T13:26:32.986+00:00,/dev/cu.usbserial-576B0005451,"RX,379410,R35,TXJ,N136,24,210281,G,1,0.93,0.90,5,U,-108,-1.25"
2026-07-13T13:26:33.085+00:00,/dev/cu.usbserial-576B0005451,"RX,379509,R35,TXC,N31,50,210386,E,1,0.87,0.84,5,U,-109,-2.25"
2026-07-13T13:26:33.328+00:00,/dev/cu.usbserial-576B0005451,"RX,379752,R35,TXA,N01,208,210627,A,0,0.75,0.72,5,F,-109,-1.25"
2026-07-13T13:26:34.079+00:00,/dev/cu.usbserial-576B0005451,"RX,380503,R35,TXE,N61,101,211383,C,0,0.81,0.78,5,U,-109,-4.50"
2026-07-13T13:26:34.187+00:00,/dev/cu.usbserial-576B0005451,"RX,380611,R35,TXI,N121,50,211483,E,1,0.87,0.84,5,U,-109,-3.50"
2026-07-13T13:26:34.328+00:00,/dev/cu.usbserial-576B0005451,"RX,380752,R35,TXA,N01,209,211627,B,1,0.20,0.18,5,F,-107,0.25"
2026-07-13T13:26:34.473+00:00,/dev/cu.usbserial-576B0005451,"RX,380898,R35,TXK,N151,105,211764,C,1,0.81,0.78,5,U,-109,-3.25"
2026-07-13T13:26:35.085+00:00,/dev/cu.usbserial-576B0005451,"RX,381509,R35,TXC,N31,51,212386,G,1,0.93,0.90,5,U,-109,-1.50"
2026-07-13T13:26:35.328+00:00,/dev/cu.usbserial-576B0005451,"RX,381752,R35,TXA,N01,210,212627,C,1,0.81,0.78,5,F,-108,-1.25"
2026-07-13T13:26:36.079+00:00,/dev/cu.usbserial-576B0005451,"RX,382503,R35,TXE,N61,102,213383,E,1,0.87,0.84,5,U,-109,-4.50"
2026-07-13T13:26:36.188+00:00,/dev/cu.usbserial-576B0005451,"RX,382611,R35,TXI,N121,51,213483,G,1,0.93,0.90,5,U,-109,-5.00"
2026-07-13T13:26:36.328+00:00,/dev/cu.usbserial-576B0005451,"RX,382752,R35,TXA,N01,211,213627,D,0,0.24,0.22,5,F,-108,-1.25"
2026-07-13T13:26:36.473+00:00,/dev/cu.usbserial-576B0005451,"RX,382898,R35,TXK,N151,106,213764,E,1,0.87,0.84,5,U,-109,-4.25"
2026-07-13T13:26:37.328+00:00,/dev/cu.usbserial-576B0005451,"RX,383752,R35,TXA,N01,212,214627,E,1,0.87,0.84,5,F,-108,-0.75"
2026-07-13T13:26:38.079+00:00,/dev/cu.usbserial-576B0005451,"RX,384503,R35,TXE,N61,103,215383,G,1,0.93,0.90,5,U,-109,-3.25"
2026-07-13T13:26:38.328+00:00,/dev/cu.usbserial-576B0005451,"RX,384752,R35,TXA,N01,213,215627,F,1,0.28,0.26,5,F,-106,-3.50"
2026-07-13T13:26:38.438+00:00,/dev/cu.usbserial-576B0005451,"RX,384863,R35,TXH,N106,14,215743,G,0,0.93,0.90,5,U,-104,0.75"
2026-07-13T13:26:38.621+00:00,/dev/cu.usbserial-576B0005451,"RX,385045,R35,TXL,N166,14,215917,G,0,0.93,0.90,5,U,-109,-1.75"
2026-07-13T13:26:39.132+00:00,/dev/cu.usbserial-576B0005451,"RX,385556,R35,TXD,N46,26,216432,G,0,0.93,0.90,5,U,-110,-3.75"
2026-07-13T13:26:39.328+00:00,/dev/cu.usbserial-576B0005451,"RX,385752,R35,TXA,N01,214,216627,G,0,0.93,0.90,5,F,-108,-1.25"
2026-07-13T13:26:40.079+00:00,/dev/cu.usbserial-576B0005451,"RX,386503,R35,TXE,N61,104,217383,A,0,0.75,0.72,5,U,-109,-3.75"
2026-07-13T13:26:40.328+00:00,/dev/cu.usbserial-576B0005451,"RX,386752,R35,TXA,N01,215,217627,H,1,0.32,0.30,5,F,-108,-0.75"
2026-07-13T13:26:40.473+00:00,/dev/cu.usbserial-576B0005451,"RX,386898,R35,TXK,N151,108,217764,A,1,0.75,0.72,5,U,-109,-2.25"
2026-07-13T13:26:40.986+00:00,/dev/cu.usbserial-576B0005451,"RX,387410,R35,TXJ,N136,25,218281,G,1,0.93,0.90,5,U,-109,-3.50"
2026-07-13T13:26:41.085+00:00,/dev/cu.usbserial-576B0005451,"RX,387509,R35,TXC,N31,52,218386,E,1,0.87,0.84,5,U,-109,-4.50"
2026-07-13T13:26:41.328+00:00,/dev/cu.usbserial-576B0005451,"RX,387752,R35,TXA,N01,216,218627,A,1,0.75,0.72,5,F,-109,-3.00"
2026-07-13T13:26:42.079+00:00,/dev/cu.usbserial-576B0005451,"RX,388503,R35,TXE,N61,105,219383,C,1,0.81,0.78,5,U,-108,-3.25"
2026-07-13T13:26:42.187+00:00,/dev/cu.usbserial-576B0005451,"RX,388611,R35,TXI,N121,52,219483,E,1,0.87,0.84,5,U,-109,-2.75"
2026-07-13T13:26:42.328+00:00,/dev/cu.usbserial-576B0005451,"RX,388752,R35,TXA,N01,217,219627,B,0,0.20,0.18,5,F,-108,-0.50"
2026-07-13T13:26:42.473+00:00,/dev/cu.usbserial-576B0005451,"RX,388898,R35,TXK,N151,109,219764,C,1,0.81,0.78,5,U,-108,-1.50"
2026-07-13T13:26:43.085+00:00,/dev/cu.usbserial-576B0005451,"RX,389509,R35,TXC,N31,53,220386,G,0,0.93,0.90,5,U,-108,-2.25"
2026-07-13T13:26:43.328+00:00,/dev/cu.usbserial-576B0005451,"RX,389752,R35,TXA,N01,218,220627,C,1,0.81,0.78,5,F,-108,-0.50"
2026-07-13T13:26:44.079+00:00,/dev/cu.usbserial-576B0005451,"RX,390503,R35,TXE,N61,106,221383,E,1,0.87,0.84,5,U,-109,-3.50"
2026-07-13T13:26:44.187+00:00,/dev/cu.usbserial-576B0005451,"RX,390611,R35,TXI,N121,53,221483,G,0,0.93,0.90,5,U,-109,-3.25"
2026-07-13T13:26:44.328+00:00,/dev/cu.usbserial-576B0005451,"RX,390752,R35,TXA,N01,219,221627,D,1,0.24,0.22,5,F,-108,-0.50"
2026-07-13T13:26:44.473+00:00,/dev/cu.usbserial-576B0005451,"RX,390898,R35,TXK,N151,110,221764,E,0,0.87,0.84,5,U,-108,-3.00"
2026-07-13T13:26:45.328+00:00,/dev/cu.usbserial-576B0005451,"RX,391752,R35,TXA,N01,220,222627,E,0,0.87,0.84,5,F,-107,-0.75"
2026-07-13T13:26:46.079+00:00,/dev/cu.usbserial-576B0005451,"RX,392503,R35,TXE,N61,107,223383,G,0,0.93,0.90,5,U,-109,-4.75"
2026-07-13T13:26:46.328+00:00,/dev/cu.usbserial-576B0005451,"RX,392752,R35,TXA,N01,221,223627,F,1,0.28,0.26,5,F,-108,-0.75"
2026-07-13T13:26:46.439+00:00,/dev/cu.usbserial-576B0005451,"RX,392863,R35,TXH,N106,15,223743,G,1,0.93,0.90,5,U,-106,-0.50"
2026-07-13T13:26:46.621+00:00,/dev/cu.usbserial-576B0005451,"RX,393045,R35,TXL,N166,15,223917,G,1,0.93,0.90,5,U,-108,-0.50"
2026-07-13T13:26:46.827+00:00,/dev/cu.usbserial-576B0005451,"RX,393251,R35,TXF,N76,54,224132,E,0,0.87,0.84,5,U,-110,-6.25"
2026-07-13T13:26:47.132+00:00,/dev/cu.usbserial-576B0005451,"RX,393556,R35,TXD,N46,27,224432,G,1,0.93,0.90,5,U,-110,-8.00"
2026-07-13T13:26:47.328+00:00,/dev/cu.usbserial-576B0005451,"RX,393752,R35,TXA,N01,222,224627,G,1,0.93,0.90,5,F,-108,-1.50"
2026-07-13T13:26:48.079+00:00,/dev/cu.usbserial-576B0005451,"RX,394503,R35,TXE,N61,108,225383,A,1,0.75,0.72,5,U,-108,-0.75"
2026-07-13T13:26:48.328+00:00,/dev/cu.usbserial-576B0005451,"RX,394752,R35,TXA,N01,223,225627,H,0,0.32,0.30,5,F,-107,1.00"
2026-07-13T13:26:48.473+00:00,/dev/cu.usbserial-576B0005451,"RX,394898,R35,TXK,N151,112,225764,A,1,0.75,0.72,5,U,-108,-0.25"
2026-07-13T13:26:48.986+00:00,/dev/cu.usbserial-576B0005451,"RX,395410,R35,TXJ,N136,26,226281,G,0,0.93,0.90,5,U,-108,-1.25"
2026-07-13T13:26:49.085+00:00,/dev/cu.usbserial-576B0005451,"RX,395509,R35,TXC,N31,54,226386,E,0,0.87,0.84,5,U,-109,-3.50"
2026-07-13T13:26:49.328+00:00,/dev/cu.usbserial-576B0005451,"RX,395752,R35,TXA,N01,224,226627,A,1,0.75,0.72,5,F,-108,-0.25"
2026-07-13T13:26:50.079+00:00,/dev/cu.usbserial-576B0005451,"RX,396504,R35,TXE,N61,109,227383,C,1,0.81,0.78,5,U,-108,-3.75"
2026-07-13T13:26:50.187+00:00,/dev/cu.usbserial-576B0005451,"RX,396611,R35,TXI,N121,54,227483,E,0,0.87,0.84,5,U,-109,-4.00"
2026-07-13T13:26:50.328+00:00,/dev/cu.usbserial-576B0005451,"RX,396752,R35,TXA,N01,225,227627,B,1,0.20,0.18,5,F,-108,-1.00"
2026-07-13T13:26:50.473+00:00,/dev/cu.usbserial-576B0005451,"RX,396898,R35,TXK,N151,113,227764,C,0,0.81,0.78,5,U,-109,-3.50"
2026-07-13T13:26:51.085+00:00,/dev/cu.usbserial-576B0005451,"RX,397509,R35,TXC,N31,55,228386,G,1,0.93,0.90,5,U,-109,-5.00"
2026-07-13T13:26:51.328+00:00,/dev/cu.usbserial-576B0005451,"RX,397752,R35,TXA,N01,226,228627,C,0,0.81,0.78,5,F,-109,-2.25"
2026-07-13T13:26:52.079+00:00,/dev/cu.usbserial-576B0005451,"RX,398504,R35,TXE,N61,110,229383,E,0,0.87,0.84,5,U,-109,-5.75"
2026-07-13T13:26:52.187+00:00,/dev/cu.usbserial-576B0005451,"RX,398611,R35,TXI,N121,55,229483,G,1,0.93,0.90,5,U,-110,-4.75"
2026-07-13T13:26:52.328+00:00,/dev/cu.usbserial-576B0005451,"RX,398752,R35,TXA,N01,227,229627,D,1,0.24,0.22,5,F,-108,-1.75"
2026-07-13T13:26:52.473+00:00,/dev/cu.usbserial-576B0005451,"RX,398898,R35,TXK,N151,114,229764,E,1,0.87,0.84,5,U,-108,-2.00"
2026-07-13T13:26:53.328+00:00,/dev/cu.usbserial-576B0005451,"RX,399752,R35,TXA,N01,228,230627,E,1,0.87,0.84,5,F,-108,-2.50"
2026-07-13T13:26:54.079+00:00,/dev/cu.usbserial-576B0005451,"RX,400504,R35,TXE,N61,111,231383,G,1,0.93,0.90,5,U,-109,-2.50"
2026-07-13T13:26:54.328+00:00,/dev/cu.usbserial-576B0005451,"RX,400752,R35,TXA,N01,229,231627,F,0,0.28,0.26,5,F,-108,-1.25"
2026-07-13T13:26:54.473+00:00,/dev/cu.usbserial-576B0005451,"RX,400898,R35,TXK,N151,115,231764,G,1,0.93,0.90,5,U,-108,-2.00"
2026-07-13T13:26:55.132+00:00,/dev/cu.usbserial-576B0005451,"RX,401556,R35,TXD,N46,28,232432,G,1,0.93,0.90,5,U,-109,-3.00"
2026-07-13T13:26:55.328+00:00,/dev/cu.usbserial-576B0005451,"RX,401752,R35,TXA,N01,230,232627,G,1,0.93,0.90,5,F,-108,-0.75"
2026-07-13T13:26:55.777+00:00,/dev/cu.usbserial-576B0005451,"RX,402201,R35,TXG,N91,27,233081,G,1,0.93,0.90,5,U,-109,-5.75"
2026-07-13T13:26:56.079+00:00,/dev/cu.usbserial-576B0005451,"RX,402503,R35,TXE,N61,112,233383,A,1,0.75,0.72,5,U,-109,-2.75"
2026-07-13T13:26:56.328+00:00,/dev/cu.usbserial-576B0005451,"RX,402752,R35,TXA,N01,231,233627,H,1,0.32,0.30,5,F,-108,-2.00"
2026-07-13T13:26:56.473+00:00,/dev/cu.usbserial-576B0005451,"RX,402898,R35,TXK,N151,116,233764,A,0,0.75,0.72,5,U,-108,-2.75"
2026-07-13T13:26:56.827+00:00,/dev/cu.usbserial-576B0005451,"RX,403251,R35,TXF,N76,57,234132,G,1,0.93,0.90,5,U,-110,-7.75"
2026-07-13T13:26:56.985+00:00,/dev/cu.usbserial-576B0005451,"RX,403410,R35,TXJ,N136,27,234281,G,1,0.93,0.90,5,U,-108,-2.00"
2026-07-13T13:26:57.085+00:00,/dev/cu.usbserial-576B0005451,"RX,403509,R35,TXC,N31,56,234386,E,1,0.87,0.84,5,U,-108,-2.75"
2026-07-13T13:26:57.328+00:00,/dev/cu.usbserial-576B0005451,"RX,403752,R35,TXA,N01,232,234627,A,0,0.75,0.72,5,F,-107,-0.25"
2026-07-13T13:26:58.079+00:00,/dev/cu.usbserial-576B0005451,"RX,404503,R35,TXE,N61,113,235383,C,0,0.81,0.78,5,U,-108,-2.50"
2026-07-13T13:26:58.187+00:00,/dev/cu.usbserial-576B0005451,"RX,404611,R35,TXI,N121,56,235483,E,1,0.87,0.84,5,U,-109,-3.00"
2026-07-13T13:26:58.327+00:00,/dev/cu.usbserial-576B0005451,"RX,404752,R35,TXA,N01,233,235627,B,1,0.20,0.18,5,F,-108,0.00"
2026-07-13T13:26:58.473+00:00,/dev/cu.usbserial-576B0005451,"RX,404898,R35,TXK,N151,117,235764,C,1,0.81,0.78,5,U,-108,-1.00"
2026-07-13T13:26:59.085+00:00,/dev/cu.usbserial-576B0005451,"RX,405509,R35,TXC,N31,57,236386,G,1,0.93,0.90,5,U,-107,0.50"
2026-07-13T13:26:59.328+00:00,/dev/cu.usbserial-576B0005451,"RX,405752,R35,TXA,N01,234,236627,C,1,0.81,0.78,5,F,-107,0.00"
2026-07-13T13:27:00.079+00:00,/dev/cu.usbserial-576B0005451,"RX,406503,R35,TXE,N61,114,237383,E,1,0.87,0.84,5,U,-108,-1.00"
2026-07-13T13:27:00.187+00:00,/dev/cu.usbserial-576B0005451,"RX,406611,R35,TXI,N121,57,237483,G,1,0.93,0.90,5,U,-109,-2.50"
2026-07-13T13:27:00.328+00:00,/dev/cu.usbserial-576B0005451,"RX,406752,R35,TXA,N01,235,237627,D,0,0.24,0.22,5,F,-106,0.75"
2026-07-13T13:27:00.473+00:00,/dev/cu.usbserial-576B0005451,"RX,406898,R35,TXK,N151,118,237764,E,1,0.87,0.84,5,U,-108,-1.00"
2026-07-13T13:27:02.079+00:00,/dev/cu.usbserial-576B0005451,"RX,408503,R35,TXE,N61,115,239383,G,1,0.93,0.90,5,U,-109,-2.75"
2026-07-13T13:27:02.328+00:00,/dev/cu.usbserial-576B0005451,"RX,408752,R35,TXA,N01,237,239627,F,1,0.28,0.26,5,F,-108,-0.75"
2026-07-13T13:27:02.473+00:00,/dev/cu.usbserial-576B0005451,"RX,408898,R35,TXK,N151,119,239764,G,0,0.93,0.90,5,U,-108,-2.00"
2026-07-13T13:27:02.827+00:00,/dev/cu.usbserial-576B0005451,"RX,409251,R35,TXF,N76,58,240132,E,1,0.87,0.84,5,U,-109,-5.50"
2026-07-13T13:27:03.131+00:00,/dev/cu.usbserial-576B0005451,"RX,409556,R35,TXD,N46,29,240432,G,0,0.93,0.90,5,U,-109,-1.50"
2026-07-13T13:27:03.327+00:00,/dev/cu.usbserial-576B0005451,"RX,409752,R35,TXA,N01,238,240627,G,0,0.93,0.90,5,F,-107,0.00"
2026-07-13T13:27:03.776+00:00,/dev/cu.usbserial-576B0005451,"RX,410201,R35,TXG,N91,28,241081,G,1,0.93,0.90,5,U,-110,-5.25"
2026-07-13T13:27:04.079+00:00,/dev/cu.usbserial-576B0005451,"RX,410504,R35,TXE,N61,116,241383,A,0,0.75,0.72,5,U,-108,-1.50"
2026-07-13T13:27:04.327+00:00,/dev/cu.usbserial-576B0005451,"RX,410752,R35,TXA,N01,239,241627,H,1,0.32,0.30,5,F,-108,-1.00"
2026-07-13T13:27:04.473+00:00,/dev/cu.usbserial-576B0005451,"RX,410898,R35,TXK,N151,120,241764,A,1,0.75,0.72,5,U,-108,-1.75"
2026-07-13T13:27:04.827+00:00,/dev/cu.usbserial-576B0005451,"RX,411251,R35,TXF,N76,59,242132,G,0,0.93,0.90,5,U,-110,-5.50"
2026-07-13T13:27:04.985+00:00,/dev/cu.usbserial-576B0005451,"RX,411410,R35,TXJ,N136,28,242281,G,1,0.93,0.90,5,U,-108,-1.75"
2026-07-13T13:27:05.084+00:00,/dev/cu.usbserial-576B0005451,"RX,411509,R35,TXC,N31,58,242386,E,1,0.87,0.84,5,U,-108,-2.50"
2026-07-13T13:27:05.327+00:00,/dev/cu.usbserial-576B0005451,"RX,411752,R35,TXA,N01,240,242627,A,1,0.75,0.72,5,F,-108,-2.00"
2026-07-13T13:27:06.079+00:00,/dev/cu.usbserial-576B0005451,"RX,412503,R35,TXE,N61,117,243383,C,1,0.81,0.78,5,U,-109,-3.25"
2026-07-13T13:27:06.187+00:00,/dev/cu.usbserial-576B0005451,"RX,412611,R35,TXI,N121,58,243483,E,1,0.87,0.84,5,U,-109,-3.50"
2026-07-13T13:27:06.328+00:00,/dev/cu.usbserial-576B0005451,"RX,412752,R35,TXA,N01,241,243627,B,0,0.20,0.18,5,F,-108,-1.50"
2026-07-13T13:27:06.473+00:00,/dev/cu.usbserial-576B0005451,"RX,412897,R35,TXK,N151,121,243764,C,1,0.81,0.78,5,U,-109,-3.75"
2026-07-13T13:27:07.084+00:00,/dev/cu.usbserial-576B0005451,"RX,413509,R35,TXC,N31,59,244386,G,0,0.93,0.90,5,U,-109,-2.75"
2026-07-13T13:27:07.327+00:00,/dev/cu.usbserial-576B0005451,"RX,413752,R35,TXA,N01,242,244627,C,1,0.81,0.78,5,F,-108,-1.50"
2026-07-13T13:27:08.079+00:00,/dev/cu.usbserial-576B0005451,"RX,414503,R35,TXE,N61,118,245383,E,1,0.87,0.84,5,U,-109,-2.00"
2026-07-13T13:27:08.187+00:00,/dev/cu.usbserial-576B0005451,"RX,414611,R35,TXI,N121,59,245483,G,0,0.93,0.90,5,U,-108,-3.50"
2026-07-13T13:27:08.328+00:00,/dev/cu.usbserial-576B0005451,"RX,414752,R35,TXA,N01,243,245627,D,1,0.24,0.22,5,F,-108,-1.00"
2026-07-13T13:27:08.472+00:00,/dev/cu.usbserial-576B0005451,"RX,414897,R35,TXK,N151,122,245764,E,0,0.87,0.84,5,U,-108,-2.50"
2026-07-13T13:27:09.327+00:00,/dev/cu.usbserial-576B0005451,"RX,415752,R35,TXA,N01,244,246627,E,0,0.87,0.84,5,F,-108,-1.25"
2026-07-13T13:27:10.079+00:00,/dev/cu.usbserial-576B0005451,"RX,416503,R35,TXE,N61,119,247383,G,0,0.93,0.90,5,U,-108,-2.25"
2026-07-13T13:27:10.327+00:00,/dev/cu.usbserial-576B0005451,"RX,416752,R35,TXA,N01,245,247627,F,1,0.28,0.26,5,F,-108,-1.25"
2026-07-13T13:27:10.473+00:00,/dev/cu.usbserial-576B0005451,"RX,416898,R35,TXK,N151,123,247764,G,1,0.93,0.90,5,U,-108,-2.50"
2026-07-13T13:27:11.132+00:00,/dev/cu.usbserial-576B0005451,"RX,417556,R35,TXD,N46,30,248432,G,1,0.93,0.90,5,U,-108,-3.50"
2026-07-13T13:27:11.328+00:00,/dev/cu.usbserial-576B0005451,"RX,417752,R35,TXA,N01,246,248627,G,1,0.93,0.90,5,F,-108,-1.75"
2026-07-13T13:27:11.776+00:00,/dev/cu.usbserial-576B0005451,"RX,418201,R35,TXG,N91,29,249081,G,0,0.93,0.90,5,U,-108,-6.00"
2026-07-13T13:27:12.079+00:00,/dev/cu.usbserial-576B0005451,"RX,418504,R35,TXE,N61,120,249383,A,1,0.75,0.72,5,U,-108,-2.50"
2026-07-13T13:27:12.328+00:00,/dev/cu.usbserial-576B0005451,"RX,418752,R35,TXA,N01,247,249627,H,0,0.32,0.30,5,F,-107,-0.75"
2026-07-13T13:27:12.473+00:00,/dev/cu.usbserial-576B0005451,"RX,418898,R35,TXK,N151,124,249764,A,1,0.75,0.72,5,U,-109,-3.25"
2026-07-13T13:27:12.985+00:00,/dev/cu.usbserial-576B0005451,"RX,419410,R35,TXJ,N136,29,250281,G,0,0.93,0.90,5,U,-108,-2.00"
2026-07-13T13:27:13.085+00:00,/dev/cu.usbserial-576B0005451,"RX,419509,R35,TXC,N31,60,250386,E,0,0.87,0.84,5,U,-108,-3.00"
2026-07-13T13:27:13.328+00:00,/dev/cu.usbserial-576B0005451,"RX,419752,R35,TXA,N01,248,250627,A,1,0.75,0.72,5,F,-107,-1.25"
2026-07-13T13:27:14.079+00:00,/dev/cu.usbserial-576B0005451,"RX,420503,R35,TXE,N61,121,251383,C,1,0.81,0.78,5,U,-108,-3.25"
2026-07-13T13:27:14.187+00:00,/dev/cu.usbserial-576B0005451,"RX,420611,R35,TXI,N121,60,251483,E,0,0.87,0.84,5,U,-109,-3.50"
2026-07-13T13:27:14.327+00:00,/dev/cu.usbserial-576B0005451,"RX,420752,R35,TXA,N01,249,251627,B,1,0.20,0.18,5,F,-108,-1.50"
2026-07-13T13:27:14.473+00:00,/dev/cu.usbserial-576B0005451,"RX,420898,R35,TXK,N151,125,251764,C,0,0.81,0.78,5,U,-109,-3.75"
2026-07-13T13:27:15.085+00:00,/dev/cu.usbserial-576B0005451,"RX,421509,R35,TXC,N31,61,252386,G,1,0.93,0.90,5,U,-109,-3.00"
2026-07-13T13:27:16.079+00:00,/dev/cu.usbserial-576B0005451,"RX,422503,R35,TXE,N61,122,253383,E,0,0.87,0.84,5,U,-108,-1.25"
2026-07-13T13:27:16.186+00:00,/dev/cu.usbserial-576B0005451,"RX,422611,R35,TXI,N121,61,253483,G,1,0.93,0.90,5,U,-108,-2.50"
2026-07-13T13:27:16.328+00:00,/dev/cu.usbserial-576B0005451,"RX,422752,R35,TXA,N01,251,253627,D,1,0.24,0.22,5,F,-107,-1.25"
2026-07-13T13:27:16.473+00:00,/dev/cu.usbserial-576B0005451,"RX,422898,R35,TXK,N151,126,253764,E,1,0.87,0.84,5,U,-107,-0.75"
2026-07-13T13:27:17.328+00:00,/dev/cu.usbserial-576B0005451,"RX,423752,R35,TXA,N01,252,254627,E,1,0.87,0.84,5,F,-108,-2.00"
2026-07-13T13:27:18.079+00:00,/dev/cu.usbserial-576B0005451,"RX,424504,R35,TXE,N61,123,255383,G,1,0.93,0.90,5,U,-108,-3.25"
2026-07-13T13:27:18.328+00:00,/dev/cu.usbserial-576B0005451,"RX,424752,R35,TXA,N01,253,255627,F,0,0.28,0.26,5,F,-108,-1.00"
2026-07-13T13:27:18.473+00:00,/dev/cu.usbserial-576B0005451,"RX,424898,R35,TXK,N151,127,255764,G,1,0.93,0.90,5,U,-108,-2.25"
2026-07-13T13:27:18.827+00:00,/dev/cu.usbserial-576B0005451,"RX,425251,R35,TXF,N76,62,256132,E,1,0.87,0.84,5,U,-109,-8.50"
2026-07-13T13:27:19.132+00:00,/dev/cu.usbserial-576B0005451,"RX,425556,R35,TXD,N46,31,256432,G,1,0.93,0.90,5,U,-108,-2.75"
2026-07-13T13:27:19.328+00:00,/dev/cu.usbserial-576B0005451,"RX,425752,R35,TXA,N01,254,256627,G,1,0.93,0.90,5,F,-108,-1.50"
2026-07-13T13:27:19.776+00:00,/dev/cu.usbserial-576B0005451,"RX,426201,R35,TXG,N91,30,257081,G,1,0.93,0.90,5,U,-109,-6.50"
2026-07-13T13:27:20.079+00:00,/dev/cu.usbserial-576B0005451,"RX,426503,R35,TXE,N61,124,257383,A,1,0.75,0.72,5,U,-108,-2.25"
2026-07-13T13:27:20.328+00:00,/dev/cu.usbserial-576B0005451,"RX,426752,R35,TXA,N01,255,257627,H,1,0.32,0.30,5,F,-108,-2.25"
2026-07-13T13:27:20.473+00:00,/dev/cu.usbserial-576B0005451,"RX,426897,R35,TXK,N151,128,257764,A,1,0.75,0.72,5,U,-108,-3.50"
2026-07-13T13:27:20.827+00:00,/dev/cu.usbserial-576B0005451,"RX,427251,R35,TXF,N76,63,258132,G,1,0.93,0.90,5,U,-109,-7.75"
2026-07-13T13:27:20.985+00:00,/dev/cu.usbserial-576B0005451,"RX,427410,R35,TXJ,N136,30,258281,G,1,0.93,0.90,5,U,-108,-1.25"
2026-07-13T13:27:21.084+00:00,/dev/cu.usbserial-576B0005451,"RX,427509,R35,TXC,N31,62,258386,E,1,0.87,0.84,5,U,-108,-1.50"
2026-07-13T13:27:21.327+00:00,/dev/cu.usbserial-576B0005451,"RX,427752,R35,TXA,N01,256,258627,A,1,0.75,0.72,5,F,-107,-0.75"
2026-07-13T13:27:22.079+00:00,/dev/cu.usbserial-576B0005451,"RX,428503,R35,TXE,N61,125,259383,C,0,0.81,0.78,5,U,-108,-1.50"
2026-07-13T13:27:22.187+00:00,/dev/cu.usbserial-576B0005451,"RX,428611,R35,TXI,N121,62,259483,E,1,0.87,0.84,5,U,-109,-6.75"
2026-07-13T13:27:22.327+00:00,/dev/cu.usbserial-576B0005451,"RX,428752,R35,TXA,N01,257,259627,B,0,0.20,0.18,5,F,-106,0.25"
2026-07-13T13:27:22.473+00:00,/dev/cu.usbserial-576B0005451,"RX,428898,R35,TXK,N151,129,259764,C,1,0.81,0.78,5,U,-109,-5.00"
2026-07-13T13:27:23.084+00:00,/dev/cu.usbserial-576B0005451,"RX,429509,R35,TXC,N31,63,260386,G,1,0.93,0.90,5,U,-108,-1.50"
2026-07-13T13:27:23.328+00:00,/dev/cu.usbserial-576B0005451,"RX,429752,R35,TXA,N01,258,260627,C,1,0.81,0.78,5,F,-106,1.00"
2026-07-13T13:27:24.079+00:00,/dev/cu.usbserial-576B0005451,"RX,430503,R35,TXE,N61,126,261383,E,1,0.87,0.84,5,U,-108,-2.25"
2026-07-13T13:27:24.187+00:00,/dev/cu.usbserial-576B0005451,"RX,430611,R35,TXI,N121,63,261483,G,1,0.93,0.90,5,U,-108,-3.00"
2026-07-13T13:27:24.327+00:00,/dev/cu.usbserial-576B0005451,"RX,430752,R35,TXA,N01,259,261627,D,1,0.24,0.22,5,F,-106,0.25"
2026-07-13T13:27:24.473+00:00,/dev/cu.usbserial-576B0005451,"RX,430897,R35,TXK,N151,130,261764,E,0,0.87,0.84,5,U,-108,-1.50"
2026-07-13T13:27:25.327+00:00,/dev/cu.usbserial-576B0005451,"RX,431752,R35,TXA,N01,260,262627,E,0,0.87,0.84,5,F,-107,-0.75"
2026-07-13T13:27:26.079+00:00,/dev/cu.usbserial-576B0005451,"RX,432504,R35,TXE,N61,127,263383,G,1,0.93,0.90,5,U,-108,-3.50"
2026-07-13T13:27:26.327+00:00,/dev/cu.usbserial-576B0005451,"RX,432752,R35,TXA,N01,261,263627,F,1,0.28,0.26,5,F,-108,-1.75"
2026-07-13T13:27:26.438+00:00,/dev/cu.usbserial-576B0005451,"RX,432863,R35,TXH,N106,16,263743,G,1,0.93,0.90,5,U,-106,-1.25"
2026-07-13T13:27:26.620+00:00,/dev/cu.usbserial-576B0005451,"RX,433045,R35,TXL,N166,16,263917,G,1,0.93,0.90,5,U,-107,-0.50"
2026-07-13T13:27:26.827+00:00,/dev/cu.usbserial-576B0005451,"RX,433251,R35,TXF,N76,64,264132,E,0,0.87,0.84,5,U,-109,-7.75"
2026-07-13T13:27:27.131+00:00,/dev/cu.usbserial-576B0005451,"RX,433556,R35,TXD,N46,32,264432,G,1,0.93,0.90,5,U,-108,-4.75"
2026-07-13T13:27:27.327+00:00,/dev/cu.usbserial-576B0005451,"RX,433752,R35,TXA,N01,262,264627,G,1,0.93,0.90,5,F,-107,-1.50"
2026-07-13T13:27:27.776+00:00,/dev/cu.usbserial-576B0005451,"RX,434201,R35,TXG,N91,31,265081,G,1,0.93,0.90,5,U,-109,-6.50"
2026-07-13T13:27:28.079+00:00,/dev/cu.usbserial-576B0005451,"RX,434504,R35,TXE,N61,128,265383,A,1,0.75,0.72,5,U,-108,-3.50"
2026-07-13T13:27:28.327+00:00,/dev/cu.usbserial-576B0005451,"RX,434752,R35,TXA,N01,263,265627,H,0,0.32,0.30,5,F,-107,-2.00"
2026-07-13T13:27:28.473+00:00,/dev/cu.usbserial-576B0005451,"RX,434897,R35,TXK,N151,132,265764,A,1,0.75,0.72,5,U,-108,-2.75"
2026-07-13T13:27:28.827+00:00,/dev/cu.usbserial-576B0005451,"RX,435251,R35,TXF,N76,65,266132,G,1,0.93,0.90,5,U,-109,-6.75"
2026-07-13T13:27:28.985+00:00,/dev/cu.usbserial-576B0005451,"RX,435410,R35,TXJ,N136,31,266281,G,1,0.93,0.90,5,U,-108,-1.50"
2026-07-13T13:27:29.084+00:00,/dev/cu.usbserial-576B0005451,"RX,435509,R35,TXC,N31,64,266386,E,0,0.87,0.84,5,U,-109,-2.75"
2026-07-13T13:27:29.327+00:00,/dev/cu.usbserial-576B0005451,"RX,435752,R35,TXA,N01,264,266627,A,1,0.75,0.72,5,F,-107,-0.25"
2026-07-13T13:27:30.079+00:00,/dev/cu.usbserial-576B0005451,"RX,436503,R35,TXE,N61,129,267383,C,1,0.81,0.78,5,U,-108,-0.75"
2026-07-13T13:27:30.187+00:00,/dev/cu.usbserial-576B0005451,"RX,436611,R35,TXI,N121,64,267483,E,0,0.87,0.84,5,U,-109,-3.00"
2026-07-13T13:27:30.328+00:00,/dev/cu.usbserial-576B0005451,"RX,436752,R35,TXA,N01,265,267627,B,1,0.20,0.18,5,F,-108,-0.25"
2026-07-13T13:27:30.473+00:00,/dev/cu.usbserial-576B0005451,"RX,436897,R35,TXK,N151,133,267764,C,0,0.81,0.78,5,U,-109,-1.25"
2026-07-13T13:27:31.085+00:00,/dev/cu.usbserial-576B0005451,"RX,437509,R35,TXC,N31,65,268386,G,1,0.93,0.90,5,U,-109,-2.75"
2026-07-13T13:27:31.327+00:00,/dev/cu.usbserial-576B0005451,"RX,437752,R35,TXA,N01,266,268627,C,0,0.81,0.78,5,F,-108,0.00"
2026-07-13T13:27:32.079+00:00,/dev/cu.usbserial-576B0005451,"RX,438503,R35,TXE,N61,130,269383,E,0,0.87,0.84,5,U,-109,-1.50"
2026-07-13T13:27:32.186+00:00,/dev/cu.usbserial-576B0005451,"RX,438611,R35,TXI,N121,65,269483,G,1,0.93,0.90,5,U,-109,-3.00"
2026-07-13T13:27:32.327+00:00,/dev/cu.usbserial-576B0005451,"RX,438752,R35,TXA,N01,267,269627,D,1,0.24,0.22,5,F,-108,-0.75"
2026-07-13T13:27:32.473+00:00,/dev/cu.usbserial-576B0005451,"RX,438897,R35,TXK,N151,134,269764,E,1,0.87,0.84,5,U,-108,-1.25"
2026-07-13T13:27:33.328+00:00,/dev/cu.usbserial-576B0005451,"RX,439752,R35,TXA,N01,268,270627,E,1,0.87,0.84,5,F,-108,0.00"
2026-07-13T13:27:34.079+00:00,/dev/cu.usbserial-576B0005451,"RX,440503,R35,TXE,N61,131,271383,G,1,0.93,0.90,5,U,-110,-2.00"
2026-07-13T13:27:34.327+00:00,/dev/cu.usbserial-576B0005451,"RX,440752,R35,TXA,N01,269,271627,F,0,0.28,0.26,5,F,-108,0.75"
2026-07-13T13:27:34.439+00:00,/dev/cu.usbserial-576B0005451,"RX,440863,R35,TXH,N106,17,271743,G,1,0.93,0.90,5,U,-105,0.00"
2026-07-13T13:27:34.621+00:00,/dev/cu.usbserial-576B0005451,"RX,441045,R35,TXL,N166,17,271917,G,1,0.93,0.90,5,U,-108,-0.25"
2026-07-13T13:27:34.827+00:00,/dev/cu.usbserial-576B0005451,"RX,441251,R35,TXF,N76,66,272132,E,1,0.87,0.84,5,U,-110,-5.50"
2026-07-13T13:27:35.131+00:00,/dev/cu.usbserial-576B0005451,"RX,441556,R35,TXD,N46,33,272432,G,1,0.93,0.90,5,U,-110,-4.50"
2026-07-13T13:27:35.327+00:00,/dev/cu.usbserial-576B0005451,"RX,441752,R35,TXA,N01,270,272627,G,1,0.93,0.90,5,F,-108,0.50"
2026-07-13T13:27:35.777+00:00,/dev/cu.usbserial-576B0005451,"RX,442201,R35,TXG,N91,32,273081,G,1,0.93,0.90,5,U,-110,-5.50"
2026-07-13T13:27:36.079+00:00,/dev/cu.usbserial-576B0005451,"RX,442503,R35,TXE,N61,132,273383,A,1,0.75,0.72,5,U,-109,-1.00"
2026-07-13T13:27:36.328+00:00,/dev/cu.usbserial-576B0005451,"RX,442752,R35,TXA,N01,271,273627,H,1,0.32,0.30,5,F,-107,1.25"
2026-07-13T13:27:36.473+00:00,/dev/cu.usbserial-576B0005451,"RX,442897,R35,TXK,N151,136,273764,A,0,0.75,0.72,5,U,-108,-0.25"
2026-07-13T13:27:36.826+00:00,/dev/cu.usbserial-576B0005451,"RX,443251,R35,TXF,N76,67,274132,G,1,0.93,0.90,5,U,-110,-5.75"
2026-07-13T13:27:36.985+00:00,/dev/cu.usbserial-576B0005451,"RX,443410,R35,TXJ,N136,32,274281,G,1,0.93,0.90,5,U,-109,-1.50"
2026-07-13T13:27:37.085+00:00,/dev/cu.usbserial-576B0005451,"RX,443509,R35,TXC,N31,66,274386,E,1,0.87,0.84,5,U,-109,-1.00"
2026-07-13T13:27:37.328+00:00,/dev/cu.usbserial-576B0005451,"RX,443752,R35,TXA,N01,272,274627,A,0,0.75,0.72,5,F,-109,-1.00"
2026-07-13T13:27:38.079+00:00,/dev/cu.usbserial-576B0005451,"RX,444504,R35,TXE,N61,133,275383,C,0,0.81,0.78,5,U,-110,-3.00"
2026-07-13T13:27:38.186+00:00,/dev/cu.usbserial-576B0005451,"RX,444611,R35,TXI,N121,66,275483,E,1,0.87,0.84,5,U,-110,-3.50"
2026-07-13T13:27:38.328+00:00,/dev/cu.usbserial-576B0005451,"RX,444752,R35,TXA,N01,273,275627,B,1,0.20,0.18,5,F,-107,1.00"
2026-07-13T13:27:38.473+00:00,/dev/cu.usbserial-576B0005451,"RX,444897,R35,TXK,N151,137,275764,C,1,0.81,0.78,5,U,-109,-1.00"
2026-07-13T13:27:39.085+00:00,/dev/cu.usbserial-576B0005451,"RX,445509,R35,TXC,N31,67,276386,G,1,0.93,0.90,5,U,-109,-2.25"
2026-07-13T13:27:39.328+00:00,/dev/cu.usbserial-576B0005451,"RX,445752,R35,TXA,N01,274,276627,C,1,0.81,0.78,5,F,-109,-0.25"
2026-07-13T13:27:40.079+00:00,/dev/cu.usbserial-576B0005451,"RX,446504,R35,TXE,N61,134,277383,E,1,0.87,0.84,5,U,-109,-2.25"
2026-07-13T13:27:40.186+00:00,/dev/cu.usbserial-576B0005451,"RX,446611,R35,TXI,N121,67,277483,G,1,0.93,0.90,5,U,-109,-2.75"
2026-07-13T13:27:40.328+00:00,/dev/cu.usbserial-576B0005451,"RX,446752,R35,TXA,N01,275,277627,D,0,0.24,0.22,5,F,-108,-0.50"
2026-07-13T13:27:40.473+00:00,/dev/cu.usbserial-576B0005451,"RX,446897,R35,TXK,N151,138,277764,E,1,0.87,0.84,5,U,-109,-1.00"
2026-07-13T13:27:41.328+00:00,/dev/cu.usbserial-576B0005451,"RX,447752,R35,TXA,N01,276,278627,E,1,0.87,0.84,5,F,-108,0.25"
2026-07-13T13:27:42.079+00:00,/dev/cu.usbserial-576B0005451,"RX,448503,R35,TXE,N61,135,279383,G,1,0.93,0.90,5,U,-105,-7.00"
2026-07-13T13:27:42.328+00:00,/dev/cu.usbserial-576B0005451,"RX,448752,R35,TXA,N01,277,279627,F,1,0.28,0.26,5,F,-109,-0.50"
2026-07-13T13:27:42.438+00:00,/dev/cu.usbserial-576B0005451,"RX,448863,R35,TXH,N106,18,279743,G,0,0.93,0.90,5,U,-105,1.50"
2026-07-13T13:27:42.621+00:00,/dev/cu.usbserial-576B0005451,"RX,449045,R35,TXL,N166,18,279917,G,0,0.93,0.90,5,U,-108,0.00"
2026-07-13T13:27:42.827+00:00,/dev/cu.usbserial-576B0005451,"RX,449251,R35,TXF,N76,68,280132,E,1,0.87,0.84,5,U,-110,-7.50"
2026-07-13T13:27:43.132+00:00,/dev/cu.usbserial-576B0005451,"RX,449556,R35,TXD,N46,34,280432,G,0,0.93,0.90,5,U,-110,-4.00"
2026-07-13T13:27:43.328+00:00,/dev/cu.usbserial-576B0005451,"RX,449752,R35,TXA,N01,278,280627,G,0,0.93,0.90,5,F,-108,-1.00"
2026-07-13T13:27:43.777+00:00,/dev/cu.usbserial-576B0005451,"RX,450201,R35,TXG,N91,33,281081,G,1,0.93,0.90,5,U,-110,-7.50"
2026-07-13T13:27:44.079+00:00,/dev/cu.usbserial-576B0005451,"RX,450503,R35,TXE,N61,136,281383,A,0,0.75,0.72,5,U,-110,-2.75"
2026-07-13T13:27:44.328+00:00,/dev/cu.usbserial-576B0005451,"RX,450752,R35,TXA,N01,279,281627,H,1,0.32,0.30,5,F,-108,-0.50"
2026-07-13T13:27:44.473+00:00,/dev/cu.usbserial-576B0005451,"RX,450897,R35,TXK,N151,140,281764,A,1,0.75,0.72,5,U,-109,-1.75"
2026-07-13T13:27:44.826+00:00,/dev/cu.usbserial-576B0005451,"RX,451251,R35,TXF,N76,69,282132,G,0,0.93,0.90,5,U,-111,-5.75"
2026-07-13T13:27:44.986+00:00,/dev/cu.usbserial-576B0005451,"RX,451410,R35,TXJ,N136,33,282281,G,1,0.93,0.90,5,U,-109,-1.50"
2026-07-13T13:27:45.084+00:00,/dev/cu.usbserial-576B0005451,"RX,451509,R35,TXC,N31,68,282386,E,1,0.87,0.84,5,U,-109,-2.75"
2026-07-13T13:27:45.328+00:00,/dev/cu.usbserial-576B0005451,"RX,451752,R35,TXA,N01,280,282627,A,1,0.75,0.72,5,F,-108,-0.50"
2026-07-13T13:27:46.079+00:00,/dev/cu.usbserial-576B0005451,"RX,452503,R35,TXE,N61,137,283383,C,1,0.81,0.78,5,U,-109,-2.50"
2026-07-13T13:27:46.187+00:00,/dev/cu.usbserial-576B0005451,"RX,452611,R35,TXI,N121,68,283483,E,1,0.87,0.84,5,U,-109,-4.50"
2026-07-13T13:27:46.328+00:00,/dev/cu.usbserial-576B0005451,"RX,452752,R35,TXA,N01,281,283627,B,0,0.20,0.18,5,F,-109,-0.75"
2026-07-13T13:27:46.473+00:00,/dev/cu.usbserial-576B0005451,"RX,452897,R35,TXK,N151,141,283764,C,1,0.81,0.78,5,U,-108,-1.25"
2026-07-13T13:27:47.085+00:00,/dev/cu.usbserial-576B0005451,"RX,453509,R35,TXC,N31,69,284386,G,0,0.93,0.90,5,U,-108,-1.00"
2026-07-13T13:27:48.079+00:00,/dev/cu.usbserial-576B0005451,"RX,454504,R35,TXE,N61,138,285383,E,1,0.87,0.84,5,U,-110,-2.00"
2026-07-13T13:27:48.186+00:00,/dev/cu.usbserial-576B0005451,"RX,454611,R35,TXI,N121,69,285483,G,0,0.93,0.90,5,U,-110,-3.75"
2026-07-13T13:27:48.328+00:00,/dev/cu.usbserial-576B0005451,"RX,454752,R35,TXA,N01,283,285627,D,1,0.24,0.22,5,F,-108,-0.25"
2026-07-13T13:27:48.473+00:00,/dev/cu.usbserial-576B0005451,"RX,454897,R35,TXK,N151,142,285764,E,0,0.87,0.84,5,U,-108,-0.75"
2026-07-13T13:27:49.328+00:00,/dev/cu.usbserial-576B0005451,"RX,455752,R35,TXA,N01,284,286627,E,0,0.87,0.84,5,F,-108,-1.00"
2026-07-13T13:27:50.079+00:00,/dev/cu.usbserial-576B0005451,"RX,456504,R35,TXE,N61,139,287383,G,0,0.93,0.90,5,U,-109,-2.50"
2026-07-13T13:27:50.328+00:00,/dev/cu.usbserial-576B0005451,"RX,456752,R35,TXA,N01,285,287627,F,1,0.28,0.26,5,F,-109,-1.50"
2026-07-13T13:27:50.439+00:00,/dev/cu.usbserial-576B0005451,"RX,456863,R35,TXH,N106,19,287743,G,1,0.93,0.90,5,U,-104,1.50"
2026-07-13T13:27:50.621+00:00,/dev/cu.usbserial-576B0005451,"RX,457045,R35,TXL,N166,19,287917,G,1,0.93,0.90,5,U,-108,-0.25"
2026-07-13T13:27:50.827+00:00,/dev/cu.usbserial-576B0005451,"RX,457251,R35,TXF,N76,70,288132,E,0,0.87,0.84,5,U,-110,-7.50"
2026-07-13T13:27:51.132+00:00,/dev/cu.usbserial-576B0005451,"RX,457556,R35,TXD,N46,35,288432,G,1,0.93,0.90,5,U,-109,-3.00"
2026-07-13T13:27:51.327+00:00,/dev/cu.usbserial-576B0005451,"RX,457752,R35,TXA,N01,286,288627,G,1,0.93,0.90,5,F,-108,-0.50"
2026-07-13T13:27:51.777+00:00,/dev/cu.usbserial-576B0005451,"RX,458201,R35,TXG,N91,34,289081,G,0,0.93,0.90,5,U,-110,-7.25"
2026-07-13T13:27:52.079+00:00,/dev/cu.usbserial-576B0005451,"RX,458504,R35,TXE,N61,140,289383,A,1,0.75,0.72,5,U,-109,-2.50"
2026-07-13T13:27:52.328+00:00,/dev/cu.usbserial-576B0005451,"RX,458752,R35,TXA,N01,287,289627,H,0,0.32,0.30,5,F,-108,-0.75"
2026-07-13T13:27:52.473+00:00,/dev/cu.usbserial-576B0005451,"RX,458897,R35,TXK,N151,144,289764,A,1,0.75,0.72,5,U,-108,-0.75"
2026-07-13T13:27:52.826+00:00,/dev/cu.usbserial-576B0005451,"RX,459251,R35,TXF,N76,71,290132,G,1,0.93,0.90,5,U,-110,-5.00"
2026-07-13T13:27:52.985+00:00,/dev/cu.usbserial-576B0005451,"RX,459410,R35,TXJ,N136,34,290281,G,0,0.93,0.90,5,U,-108,-1.00"
2026-07-13T13:27:53.085+00:00,/dev/cu.usbserial-576B0005451,"RX,459509,R35,TXC,N31,70,290386,E,0,0.87,0.84,5,U,-109,-2.25"
2026-07-13T13:27:53.328+00:00,/dev/cu.usbserial-576B0005451,"RX,459752,R35,TXA,N01,288,290627,A,1,0.75,0.72,5,F,-108,-0.25"
2026-07-13T13:27:54.079+00:00,/dev/cu.usbserial-576B0005451,"RX,460504,R35,TXE,N61,141,291383,C,1,0.81,0.78,5,U,-109,-2.00"
2026-07-13T13:27:54.186+00:00,/dev/cu.usbserial-576B0005451,"RX,460611,R35,TXI,N121,70,291483,E,0,0.87,0.84,5,U,-109,-2.75"
2026-07-13T13:27:54.328+00:00,/dev/cu.usbserial-576B0005451,"RX,460752,R35,TXA,N01,289,291627,B,1,0.20,0.18,5,F,-108,-0.25"
2026-07-13T13:27:54.473+00:00,/dev/cu.usbserial-576B0005451,"RX,460897,R35,TXK,N151,145,291764,C,0,0.81,0.78,5,U,-108,-0.50"
2026-07-13T13:27:55.085+00:00,/dev/cu.usbserial-576B0005451,"RX,461509,R35,TXC,N31,71,292386,G,1,0.93,0.90,5,U,-109,-0.75"
2026-07-13T13:27:55.327+00:00,/dev/cu.usbserial-576B0005451,"RX,461752,R35,TXA,N01,290,292627,C,0,0.81,0.78,5,F,-107,-0.50"
2026-07-13T13:27:56.079+00:00,/dev/cu.usbserial-576B0005451,"RX,462504,R35,TXE,N61,142,293383,E,0,0.87,0.84,5,U,-109,-1.50"
2026-07-13T13:27:56.187+00:00,/dev/cu.usbserial-576B0005451,"RX,462611,R35,TXI,N121,71,293483,G,1,0.93,0.90,5,U,-108,-3.75"
2026-07-13T13:27:56.328+00:00,/dev/cu.usbserial-576B0005451,"RX,462752,R35,TXA,N01,291,293627,D,1,0.24,0.22,5,F,-108,-0.50"
2026-07-13T13:27:56.473+00:00,/dev/cu.usbserial-576B0005451,"RX,462897,R35,TXK,N151,146,293764,E,1,0.87,0.84,5,U,-108,-1.00"
2026-07-13T13:27:57.328+00:00,/dev/cu.usbserial-576B0005451,"RX,463752,R35,TXA,N01,292,294627,E,1,0.87,0.84,5,F,-109,-0.75"
2026-07-13T13:27:58.081+00:00,/dev/cu.usbserial-576B0005451,"RX,464504,R35,TXE,N61,143,295383,G,1,0.93,0.90,5,U,-109,-2.00"
2026-07-13T13:27:58.328+00:00,/dev/cu.usbserial-576B0005451,"RX,464752,R35,TXA,N01,293,295627,F,0,0.28,0.26,5,F,-108,0.00"
2026-07-13T13:27:58.473+00:00,/dev/cu.usbserial-576B0005451,"RX,464897,R35,TXK,N151,147,295764,G,1,0.93,0.90,5,U,-108,-0.75"
2026-07-13T13:27:58.827+00:00,/dev/cu.usbserial-576B0005451,"RX,465251,R35,TXF,N76,72,296132,E,1,0.87,0.84,5,U,-110,-6.00"
2026-07-13T13:27:59.132+00:00,/dev/cu.usbserial-576B0005451,"RX,465556,R35,TXD,N46,36,296432,G,1,0.93,0.90,5,U,-110,-4.00"
2026-07-13T13:27:59.328+00:00,/dev/cu.usbserial-576B0005451,"RX,465752,R35,TXA,N01,294,296627,G,1,0.93,0.90,5,F,-108,-0.50"
2026-07-13T13:27:59.776+00:00,/dev/cu.usbserial-576B0005451,"RX,466201,R35,TXG,N91,35,297081,G,1,0.93,0.90,5,U,-110,-7.00"
2026-07-13T13:28:00.079+00:00,/dev/cu.usbserial-576B0005451,"RX,466504,R35,TXE,N61,144,297383,A,1,0.75,0.72,5,U,-110,-4.75"
2026-07-13T13:28:00.328+00:00,/dev/cu.usbserial-576B0005451,"RX,466752,R35,TXA,N01,295,297627,H,1,0.32,0.30,5,F,-109,-1.00"
2026-07-13T13:28:00.473+00:00,/dev/cu.usbserial-576B0005451,"RX,466897,R35,TXK,N151,148,297764,A,0,0.75,0.72,5,U,-107,1.00"
2026-07-13T13:28:00.826+00:00,/dev/cu.usbserial-576B0005451,"RX,467251,R35,TXF,N76,73,298132,G,1,0.93,0.90,5,U,-111,-5.25"
2026-07-13T13:28:00.985+00:00,/dev/cu.usbserial-576B0005451,"RX,467410,R35,TXJ,N136,35,298281,G,1,0.93,0.90,5,U,-110,-4.25"
2026-07-13T13:28:01.328+00:00,/dev/cu.usbserial-576B0005451,"RX,467752,R35,TXA,N01,296,298627,A,0,0.75,0.72,5,F,-109,-3.50"
2026-07-13T13:28:02.079+00:00,/dev/cu.usbserial-576B0005451,"RX,468504,R35,TXE,N61,145,299383,C,0,0.81,0.78,5,U,-109,-2.00"
2026-07-13T13:28:02.186+00:00,/dev/cu.usbserial-576B0005451,"RX,468611,R35,TXI,N121,72,299483,E,1,0.87,0.84,5,U,-109,-3.50"
2026-07-13T13:28:02.328+00:00,/dev/cu.usbserial-576B0005451,"RX,468752,R35,TXA,N01,297,299627,B,1,0.20,0.18,5,F,-108,-0.75"
2026-07-13T13:28:02.473+00:00,/dev/cu.usbserial-576B0005451,"RX,468897,R35,TXK,N151,149,299764,C,1,0.81,0.78,5,U,-108,-1.25"
2026-07-13T13:28:03.085+00:00,/dev/cu.usbserial-576B0005451,"RX,469509,R35,TXC,N31,73,300386,G,1,0.93,0.90,5,U,-109,-1.50"
2026-07-13T13:28:03.328+00:00,/dev/cu.usbserial-576B0005451,"RX,469752,R35,TXA,N01,298,300627,C,1,0.81,0.78,5,F,-108,-0.50"
2026-07-13T13:28:04.079+00:00,/dev/cu.usbserial-576B0005451,"RX,470503,R35,TXE,N61,146,301383,E,1,0.87,0.84,5,U,-109,-1.75"
2026-07-13T13:28:04.187+00:00,/dev/cu.usbserial-576B0005451,"RX,470611,R35,TXI,N121,73,301483,G,1,0.93,0.90,5,U,-109,-3.75"
2026-07-13T13:28:04.328+00:00,/dev/cu.usbserial-576B0005451,"RX,470752,R35,TXA,N01,299,301627,D,0,0.24,0.22,5,F,-109,-0.75"
2026-07-13T13:28:04.473+00:00,/dev/cu.usbserial-576B0005451,"RX,470897,R35,TXK,N151,150,301764,E,1,0.87,0.84,5,U,-108,-0.75"
2026-07-13T13:28:05.328+00:00,/dev/cu.usbserial-576B0005451,"RX,471752,R35,TXA,N01,300,302627,E,1,0.87,0.84,5,F,-108,-1.00"
2026-07-13T13:28:06.079+00:00,/dev/cu.usbserial-576B0005451,"RX,472504,R35,TXE,N61,147,303383,G,1,0.93,0.90,5,U,-109,-1.50"
2026-07-13T13:28:06.328+00:00,/dev/cu.usbserial-576B0005451,"RX,472752,R35,TXA,N01,301,303627,F,1,0.28,0.26,5,F,-109,-1.50"
2026-07-13T13:28:06.472+00:00,/dev/cu.usbserial-576B0005451,"RX,472897,R35,TXK,N151,151,303764,G,0,0.93,0.90,5,U,-108,-0.75"
2026-07-13T13:28:07.132+00:00,/dev/cu.usbserial-576B0005451,"RX,473556,R35,TXD,N46,37,304432,G,0,0.93,0.90,5,U,-109,-2.75"
2026-07-13T13:28:07.328+00:00,/dev/cu.usbserial-576B0005451,"RX,473752,R35,TXA,N01,302,304627,G,0,0.93,0.90,5,F,-109,-3.75"
2026-07-13T13:28:08.079+00:00,/dev/cu.usbserial-576B0005451,"RX,474503,R35,TXE,N61,148,305383,A,0,0.75,0.72,5,U,-108,-0.50"
2026-07-13T13:28:08.328+00:00,/dev/cu.usbserial-576B0005451,"RX,474752,R35,TXA,N01,303,305627,H,1,0.32,0.30,5,F,-110,-2.25"
2026-07-13T13:28:08.473+00:00,/dev/cu.usbserial-576B0005451,"RX,474897,R35,TXK,N151,152,305764,A,1,0.75,0.72,5,U,-108,0.25"
2026-07-13T13:28:08.827+00:00,/dev/cu.usbserial-576B0005451,"RX,475251,R35,TXF,N76,75,306132,G,0,0.93,0.90,5,U,-110,-4.00"
2026-07-13T13:28:08.985+00:00,/dev/cu.usbserial-576B0005451,"RX,475410,R35,TXJ,N136,36,306281,G,1,0.93,0.90,5,U,-108,-0.50"
2026-07-13T13:28:09.084+00:00,/dev/cu.usbserial-576B0005451,"RX,475509,R35,TXC,N31,74,306386,E,1,0.87,0.84,5,U,-109,-1.50"
2026-07-13T13:28:09.328+00:00,/dev/cu.usbserial-576B0005451,"RX,475752,R35,TXA,N01,304,306627,A,1,0.75,0.72,5,F,-109,-0.50"
2026-07-13T13:28:10.079+00:00,/dev/cu.usbserial-576B0005451,"RX,476504,R35,TXE,N61,149,307383,C,1,0.81,0.78,5,U,-109,-1.50"
2026-07-13T13:28:10.186+00:00,/dev/cu.usbserial-576B0005451,"RX,476611,R35,TXI,N121,74,307483,E,1,0.87,0.84,5,U,-110,-3.75"
2026-07-13T13:28:10.327+00:00,/dev/cu.usbserial-576B0005451,"RX,476752,R35,TXA,N01,305,307627,B,0,0.20,0.18,5,F,-108,0.00"
2026-07-13T13:28:10.473+00:00,/dev/cu.usbserial-576B0005451,"RX,476897,R35,TXK,N151,153,307764,C,1,0.81,0.78,5,U,-108,0.00"
2026-07-13T13:28:11.084+00:00,/dev/cu.usbserial-576B0005451,"RX,477509,R35,TXC,N31,75,308386,G,0,0.93,0.90,5,U,-109,-1.75"
2026-07-13T13:28:11.328+00:00,/dev/cu.usbserial-576B0005451,"RX,477752,R35,TXA,N01,306,308627,C,1,0.81,0.78,5,F,-108,-0.25"
2026-07-13T13:28:12.079+00:00,/dev/cu.usbserial-576B0005451,"RX,478503,R35,TXE,N61,150,309383,E,1,0.87,0.84,5,U,-109,-2.25"
2026-07-13T13:28:12.186+00:00,/dev/cu.usbserial-576B0005451,"RX,478611,R35,TXI,N121,75,309483,G,0,0.93,0.90,5,U,-109,-4.00"
2026-07-13T13:28:12.327+00:00,/dev/cu.usbserial-576B0005451,"RX,478752,R35,TXA,N01,307,309627,D,1,0.24,0.22,5,F,-108,-0.25"
2026-07-13T13:28:12.473+00:00,/dev/cu.usbserial-576B0005451,"RX,478897,R35,TXK,N151,154,309764,E,0,0.87,0.84,5,U,-108,-1.25"
2026-07-13T13:28:13.328+00:00,/dev/cu.usbserial-576B0005451,"RX,479752,R35,TXA,N01,308,310627,E,0,0.87,0.84,5,F,-109,0.00"
2026-07-13T13:28:14.079+00:00,/dev/cu.usbserial-576B0005451,"RX,480504,R35,TXE,N61,151,311383,G,0,0.93,0.90,5,U,-109,-2.25"
2026-07-13T13:28:14.327+00:00,/dev/cu.usbserial-576B0005451,"RX,480752,R35,TXA,N01,309,311627,F,1,0.28,0.26,5,F,-108,-0.25"
2026-07-13T13:28:14.473+00:00,/dev/cu.usbserial-576B0005451,"RX,480897,R35,TXK,N151,155,311764,G,1,0.93,0.90,5,U,-108,-1.25"
2026-07-13T13:28:14.827+00:00,/dev/cu.usbserial-576B0005451,"RX,481251,R35,TXF,N76,76,312132,E,0,0.87,0.84,5,U,-110,-5.00"
2026-07-13T13:28:15.131+00:00,/dev/cu.usbserial-576B0005451,"RX,481556,R35,TXD,N46,38,312432,G,1,0.93,0.90,5,U,-109,-3.00"
2026-07-13T13:28:15.327+00:00,/dev/cu.usbserial-576B0005451,"RX,481752,R35,TXA,N01,310,312627,G,1,0.93,0.90,5,F,-108,-0.50"
2026-07-13T13:28:15.776+00:00,/dev/cu.usbserial-576B0005451,"RX,482201,R35,TXG,N91,37,313081,G,0,0.93,0.90,5,U,-110,-7.25"
2026-07-13T13:28:16.079+00:00,/dev/cu.usbserial-576B0005451,"RX,482504,R35,TXE,N61,152,313383,A,1,0.75,0.72,5,U,-108,-2.25"
2026-07-13T13:28:16.327+00:00,/dev/cu.usbserial-576B0005451,"RX,482752,R35,TXA,N01,311,313627,H,0,0.32,0.30,5,F,-108,-0.50"
2026-07-13T13:28:16.473+00:00,/dev/cu.usbserial-576B0005451,"RX,482897,R35,TXK,N151,156,313764,A,1,0.75,0.72,5,U,-109,-2.00"
2026-07-13T13:28:16.827+00:00,/dev/cu.usbserial-576B0005451,"RX,483251,R35,TXF,N76,77,314132,G,1,0.93,0.90,5,U,-110,-9.00"
2026-07-13T13:28:16.985+00:00,/dev/cu.usbserial-576B0005451,"RX,483410,R35,TXJ,N136,37,314281,G,0,0.93,0.90,5,U,-108,-2.75"
2026-07-13T13:28:17.084+00:00,/dev/cu.usbserial-576B0005451,"RX,483509,R35,TXC,N31,76,314386,E,0,0.87,0.84,5,U,-110,-4.50"
2026-07-13T13:28:17.327+00:00,/dev/cu.usbserial-576B0005451,"RX,483752,R35,TXA,N01,312,314627,A,1,0.75,0.72,5,F,-109,-2.50"
2026-07-13T13:28:18.079+00:00,/dev/cu.usbserial-576B0005451,"RX,484504,R35,TXE,N61,153,315383,C,1,0.81,0.78,5,U,-108,-0.25"
2026-07-13T13:28:18.186+00:00,/dev/cu.usbserial-576B0005451,"RX,484611,R35,TXI,N121,76,315483,E,0,0.87,0.84,5,U,-109,-2.75"
2026-07-13T13:28:18.327+00:00,/dev/cu.usbserial-576B0005451,"RX,484752,R35,TXA,N01,313,315627,B,1,0.20,0.18,5,F,-108,-0.25"
2026-07-13T13:28:18.473+00:00,/dev/cu.usbserial-576B0005451,"RX,484897,R35,TXK,N151,157,315764,C,0,0.81,0.78,5,U,-109,-1.75"
2026-07-13T13:28:19.084+00:00,/dev/cu.usbserial-576B0005451,"RX,485509,R35,TXC,N31,77,316386,G,1,0.93,0.90,5,U,-108,-0.50"
2026-07-13T13:28:19.327+00:00,/dev/cu.usbserial-576B0005451,"RX,485752,R35,TXA,N01,314,316627,C,0,0.81,0.78,5,F,-108,0.00"
2026-07-13T13:28:20.079+00:00,/dev/cu.usbserial-576B0005451,"RX,486504,R35,TXE,N61,154,317383,E,0,0.87,0.84,5,U,-109,-2.00"
2026-07-13T13:28:20.186+00:00,/dev/cu.usbserial-576B0005451,"RX,486611,R35,TXI,N121,77,317483,G,1,0.93,0.90,5,U,-110,-2.50"
2026-07-13T13:28:20.328+00:00,/dev/cu.usbserial-576B0005451,"RX,486752,R35,TXA,N01,315,317627,D,1,0.24,0.22,5,F,-108,0.25"
2026-07-13T13:28:20.473+00:00,/dev/cu.usbserial-576B0005451,"RX,486897,R35,TXK,N151,158,317764,E,1,0.87,0.84,5,U,-109,-0.25"
2026-07-13T13:28:21.328+00:00,/dev/cu.usbserial-576B0005451,"RX,487752,R35,TXA,N01,316,318627,E,1,0.87,0.84,5,F,-108,-0.25"
2026-07-13T13:28:22.079+00:00,/dev/cu.usbserial-576B0005451,"RX,488503,R35,TXE,N61,155,319383,G,1,0.93,0.90,5,U,-109,-1.00"
2026-07-13T13:28:22.328+00:00,/dev/cu.usbserial-576B0005451,"RX,488752,R35,TXA,N01,317,319627,F,0,0.28,0.26,5,F,-109,-1.00"
2026-07-13T13:28:22.473+00:00,/dev/cu.usbserial-576B0005451,"RX,488897,R35,TXK,N151,159,319764,G,1,0.93,0.90,5,U,-108,-1.00"
2026-07-13T13:28:22.826+00:00,/dev/cu.usbserial-576B0005451,"RX,489251,R35,TXF,N76,78,320132,E,1,0.87,0.84,5,U,-110,-5.25"
2026-07-13T13:28:23.132+00:00,/dev/cu.usbserial-576B0005451,"RX,489556,R35,TXD,N46,39,320432,G,1,0.93,0.90,5,U,-109,-1.75"
2026-07-13T13:28:23.328+00:00,/dev/cu.usbserial-576B0005451,"RX,489752,R35,TXA,N01,318,320627,G,1,0.93,0.90,5,F,-108,-0.25"
2026-07-13T13:28:23.777+00:00,/dev/cu.usbserial-576B0005451,"RX,490201,R35,TXG,N91,38,321081,G,1,0.93,0.90,5,U,-110,-7.00"
2026-07-13T13:28:24.079+00:00,/dev/cu.usbserial-576B0005451,"RX,490504,R35,TXE,N61,156,321383,A,1,0.75,0.72,5,U,-109,-2.50"
2026-07-13T13:28:24.328+00:00,/dev/cu.usbserial-576B0005451,"RX,490752,R35,TXA,N01,319,321627,H,1,0.32,0.30,5,F,-108,-0.50"
2026-07-13T13:28:24.473+00:00,/dev/cu.usbserial-576B0005451,"RX,490897,R35,TXK,N151,160,321764,A,1,0.75,0.72,5,U,-109,-1.00"
2026-07-13T13:28:24.827+00:00,/dev/cu.usbserial-576B0005451,"RX,491251,R35,TXF,N76,79,322132,G,1,0.93,0.90,5,U,-111,-5.00"
2026-07-13T13:28:24.985+00:00,/dev/cu.usbserial-576B0005451,"RX,491410,R35,TXJ,N136,38,322281,G,1,0.93,0.90,5,U,-109,-0.50"
2026-07-13T13:28:25.084+00:00,/dev/cu.usbserial-576B0005451,"RX,491509,R35,TXC,N31,78,322386,E,1,0.87,0.84,5,U,-110,-2.25"
2026-07-13T13:28:25.328+00:00,/dev/cu.usbserial-576B0005451,"RX,491752,R35,TXA,N01,320,322627,A,1,0.75,0.72,5,F,-108,0.75"
2026-07-13T13:28:26.079+00:00,/dev/cu.usbserial-576B0005451,"RX,492504,R35,TXE,N61,157,323383,C,0,0.81,0.78,5,U,-109,-1.25"
2026-07-13T13:28:26.187+00:00,/dev/cu.usbserial-576B0005451,"RX,492611,R35,TXI,N121,78,323483,E,1,0.87,0.84,5,U,-110,-2.25"
2026-07-13T13:28:26.328+00:00,/dev/cu.usbserial-576B0005451,"RX,492752,R35,TXA,N01,321,323627,B,0,0.20,0.18,5,F,-108,0.25"
2026-07-13T13:28:26.473+00:00,/dev/cu.usbserial-576B0005451,"RX,492897,R35,TXK,N151,161,323764,C,1,0.81,0.78,5,U,-109,-1.25"
2026-07-13T13:28:27.328+00:00,/dev/cu.usbserial-576B0005451,"RX,493752,R35,TXA,N01,322,324627,C,1,0.81,0.78,5,F,-109,-0.50"
2026-07-13T13:28:28.079+00:00,/dev/cu.usbserial-576B0005451,"RX,494503,R35,TXE,N61,158,325383,E,1,0.87,0.84,5,U,-109,-2.00"
2026-07-13T13:28:28.186+00:00,/dev/cu.usbserial-576B0005451,"RX,494611,R35,TXI,N121,79,325483,G,1,0.93,0.90,5,U,-109,-3.00"
2026-07-13T13:28:28.327+00:00,/dev/cu.usbserial-576B0005451,"RX,494752,R35,TXA,N01,323,325627,D,1,0.24,0.22,5,F,-108,0.00"
2026-07-13T13:28:28.473+00:00,/dev/cu.usbserial-576B0005451,"RX,494897,R35,TXK,N151,162,325764,E,0,0.87,0.84,5,U,-109,-0.75"
2026-07-13T13:28:29.327+00:00,/dev/cu.usbserial-576B0005451,"RX,495752,R35,TXA,N01,324,326627,E,0,0.87,0.84,5,F,-109,-1.25"
2026-07-13T13:28:30.079+00:00,/dev/cu.usbserial-576B0005451,"RX,496503,R35,TXE,N61,159,327383,G,1,0.93,0.90,5,U,-110,-3.50"
2026-07-13T13:28:30.328+00:00,/dev/cu.usbserial-576B0005451,"RX,496752,R35,TXA,N01,325,327627,F,1,0.28,0.26,5,F,-108,0.00"
2026-07-13T13:28:30.438+00:00,/dev/cu.usbserial-576B0005451,"RX,496863,R35,TXH,N106,20,327743,G,1,0.93,0.90,5,U,-105,1.75"
2026-07-13T13:28:30.620+00:00,/dev/cu.usbserial-576B0005451,"RX,497045,R35,TXL,N166,20,327917,G,1,0.93,0.90,5,U,-108,0.25"
2026-07-13T13:28:30.827+00:00,/dev/cu.usbserial-576B0005451,"RX,497251,R35,TXF,N76,80,328132,E,0,0.87,0.84,5,U,-110,-5.00"
2026-07-13T13:28:31.132+00:00,/dev/cu.usbserial-576B0005451,"RX,497556,R35,TXD,N46,40,328432,G,1,0.93,0.90,5,U,-110,-2.00"
2026-07-13T13:28:31.328+00:00,/dev/cu.usbserial-576B0005451,"RX,497752,R35,TXA,N01,326,328627,G,1,0.93,0.90,5,F,-109,0.50"
2026-07-13T13:28:31.777+00:00,/dev/cu.usbserial-576B0005451,"RX,498201,R35,TXG,N91,39,329081,G,1,0.93,0.90,5,U,-111,-7.50"
2026-07-13T13:28:32.079+00:00,/dev/cu.usbserial-576B0005451,"RX,498503,R35,TXE,N61,160,329383,A,1,0.75,0.72,5,U,-109,-2.00"
2026-07-13T13:28:32.328+00:00,/dev/cu.usbserial-576B0005451,"RX,498752,R35,TXA,N01,327,329627,H,0,0.32,0.30,5,F,-108,0.00"
2026-07-13T13:28:32.473+00:00,/dev/cu.usbserial-576B0005451,"RX,498897,R35,TXK,N151,164,329764,A,1,0.75,0.72,5,U,-109,-1.50"
2026-07-13T13:28:32.827+00:00,/dev/cu.usbserial-576B0005451,"RX,499251,R35,TXF,N76,81,330132,G,1,0.93,0.90,5,U,-111,-6.75"
2026-07-13T13:28:32.985+00:00,/dev/cu.usbserial-576B0005451,"RX,499410,R35,TXJ,N136,39,330281,G,1,0.93,0.90,5,U,-109,-2.00"
2026-07-13T13:28:33.084+00:00,/dev/cu.usbserial-576B0005451,"RX,499509,R35,TXC,N31,80,330386,E,0,0.87,0.84,5,U,-109,-2.25"
2026-07-13T13:28:33.328+00:00,/dev/cu.usbserial-576B0005451,"RX,499752,R35,TXA,N01,328,330627,A,1,0.75,0.72,5,F,-109,0.00"
2026-07-13T13:28:34.079+00:00,/dev/cu.usbserial-576B0005451,"RX,500503,R35,TXE,N61,161,331383,C,1,0.81,0.78,5,U,-109,-0.75"
2026-07-13T13:28:34.187+00:00,/dev/cu.usbserial-576B0005451,"RX,500611,R35,TXI,N121,80,331483,E,0,0.87,0.84,5,U,-111,-5.25"
2026-07-13T13:28:34.328+00:00,/dev/cu.usbserial-576B0005451,"RX,500752,R35,TXA,N01,329,331627,B,1,0.20,0.18,5,F,-109,1.00"
2026-07-13T13:28:34.473+00:00,/dev/cu.usbserial-576B0005451,"RX,500897,R35,TXK,N151,165,331764,C,0,0.81,0.78,5,U,-109,-1.00"
2026-07-13T13:28:35.084+00:00,/dev/cu.usbserial-576B0005451,"RX,501509,R35,TXC,N31,81,332386,G,1,0.93,0.90,5,U,-110,-3.00"
2026-07-13T13:28:35.328+00:00,/dev/cu.usbserial-576B0005451,"RX,501752,R35,TXA,N01,330,332627,C,0,0.81,0.78,5,F,-109,-1.75"
2026-07-13T13:28:36.079+00:00,/dev/cu.usbserial-576B0005451,"RX,502504,R35,TXE,N61,162,333383,E,0,0.87,0.84,5,U,-110,-1.75"
2026-07-13T13:28:36.186+00:00,/dev/cu.usbserial-576B0005451,"RX,502611,R35,TXI,N121,81,333483,G,1,0.93,0.90,5,U,-110,-2.75"
2026-07-13T13:28:36.474+00:00,/dev/cu.usbserial-576B0005451,"RX,502897,R35,TXK,N151,166,333764,E,1,0.87,0.84,5,U,-109,-2.00"
2026-07-13T13:28:37.328+00:00,/dev/cu.usbserial-576B0005451,"RX,503752,R35,TXA,N01,332,334627,E,1,0.87,0.84,5,F,-109,-0.75"
2026-07-13T13:28:38.079+00:00,/dev/cu.usbserial-576B0005451,"RX,504503,R35,TXE,N61,163,335383,G,1,0.93,0.90,5,U,-108,0.50"
2026-07-13T13:28:38.328+00:00,/dev/cu.usbserial-576B0005451,"RX,504752,R35,TXA,N01,333,335627,F,0,0.28,0.26,5,F,-109,-0.50"
2026-07-13T13:28:38.438+00:00,/dev/cu.usbserial-576B0005451,"RX,504863,R35,TXH,N106,21,335743,G,1,0.93,0.90,5,U,-105,1.50"
2026-07-13T13:28:38.620+00:00,/dev/cu.usbserial-576B0005451,"RX,505045,R35,TXL,N166,21,335917,G,1,0.93,0.90,5,U,-109,-1.75"
2026-07-13T13:28:38.827+00:00,/dev/cu.usbserial-576B0005451,"RX,505251,R35,TXF,N76,82,336132,E,1,0.87,0.84,5,U,-110,-4.25"
2026-07-13T13:28:39.132+00:00,/dev/cu.usbserial-576B0005451,"RX,505556,R35,TXD,N46,41,336432,G,1,0.93,0.90,5,U,-110,-3.00"
2026-07-13T13:28:39.328+00:00,/dev/cu.usbserial-576B0005451,"RX,505752,R35,TXA,N01,334,336627,G,1,0.93,0.90,5,F,-108,0.00"
2026-07-13T13:28:39.777+00:00,/dev/cu.usbserial-576B0005451,"RX,506201,R35,TXG,N91,40,337081,G,1,0.93,0.90,5,U,-111,-6.00"
2026-07-13T13:28:40.079+00:00,/dev/cu.usbserial-576B0005451,"RX,506503,R35,TXE,N61,164,337383,A,1,0.75,0.72,5,U,-110,-2.00"
2026-07-13T13:28:40.328+00:00,/dev/cu.usbserial-576B0005451,"RX,506752,R35,TXA,N01,335,337627,H,1,0.32,0.30,5,F,-109,-2.25"
2026-07-13T13:28:40.473+00:00,/dev/cu.usbserial-576B0005451,"RX,506897,R35,TXK,N151,168,337764,A,0,0.75,0.72,5,U,-110,-1.50"
2026-07-13T13:28:40.985+00:00,/dev/cu.usbserial-576B0005451,"RX,507410,R35,TXJ,N136,40,338281,G,1,0.93,0.90,5,U,-109,-0.75"
2026-07-13T13:28:41.084+00:00,/dev/cu.usbserial-576B0005451,"RX,507509,R35,TXC,N31,82,338386,E,1,0.87,0.84,5,U,-110,-1.75"
2026-07-13T13:28:41.328+00:00,/dev/cu.usbserial-576B0005451,"RX,507752,R35,TXA,N01,336,338627,A,0,0.75,0.72,5,F,-108,0.00"
2026-07-13T13:28:42.079+00:00,/dev/cu.usbserial-576B0005451,"RX,508503,R35,TXE,N61,165,339383,C,0,0.81,0.78,5,U,-110,-2.75"
2026-07-13T13:28:42.186+00:00,/dev/cu.usbserial-576B0005451,"RX,508611,R35,TXI,N121,82,339483,E,1,0.87,0.84,5,U,-110,-4.00"
2026-07-13T13:28:42.328+00:00,/dev/cu.usbserial-576B0005451,"RX,508752,R35,TXA,N01,337,339627,B,1,0.20,0.18,5,F,-110,-2.25"
2026-07-13T13:28:42.473+00:00,/dev/cu.usbserial-576B0005451,"RX,508897,R35,TXK,N151,169,339764,C,1,0.81,0.78,5,U,-108,-0.25"
2026-07-13T13:28:43.084+00:00,/dev/cu.usbserial-576B0005451,"RX,509509,R35,TXC,N31,83,340386,G,1,0.93,0.90,5,U,-109,-1.50"
2026-07-13T13:28:43.328+00:00,/dev/cu.usbserial-576B0005451,"RX,509752,R35,TXA,N01,338,340627,C,1,0.81,0.78,5,F,-109,-0.75"
2026-07-13T13:28:44.079+00:00,/dev/cu.usbserial-576B0005451,"RX,510503,R35,TXE,N61,166,341383,E,1,0.87,0.84,5,U,-109,-1.75"
2026-07-13T13:28:44.187+00:00,/dev/cu.usbserial-576B0005451,"RX,510611,R35,TXI,N121,83,341483,G,1,0.93,0.90,5,U,-110,-1.75"
2026-07-13T13:28:44.328+00:00,/dev/cu.usbserial-576B0005451,"RX,510752,R35,TXA,N01,339,341627,D,0,0.24,0.22,5,F,-109,-2.00"
2026-07-13T13:28:44.473+00:00,/dev/cu.usbserial-576B0005451,"RX,510897,R35,TXK,N151,170,341764,E,1,0.87,0.84,5,U,-109,0.00"
2026-07-13T13:28:45.328+00:00,/dev/cu.usbserial-576B0005451,"RX,511752,R35,TXA,N01,340,342627,E,1,0.87,0.84,5,F,-108,0.00"
2026-07-13T13:28:46.079+00:00,/dev/cu.usbserial-576B0005451,"RX,512503,R35,TXE,N61,167,343383,G,1,0.93,0.90,5,U,-108,-0.75"
2026-07-13T13:28:46.438+00:00,/dev/cu.usbserial-576B0005451,"RX,512863,R35,TXH,N106,22,343743,G,0,0.93,0.90,5,U,-104,2.00"
2026-07-13T13:28:46.620+00:00,/dev/cu.usbserial-576B0005451,"RX,513045,R35,TXL,N166,22,343917,G,0,0.93,0.90,5,U,-109,-1.00"
2026-07-13T13:28:46.827+00:00,/dev/cu.usbserial-576B0005451,"RX,513251,R35,TXF,N76,84,344132,E,1,0.87,0.84,5,U,-110,-7.25"
2026-07-13T13:28:47.132+00:00,/dev/cu.usbserial-576B0005451,"RX,513556,R35,TXD,N46,42,344432,G,0,0.93,0.90,5,U,-109,-4.50"
2026-07-13T13:28:47.328+00:00,/dev/cu.usbserial-576B0005451,"RX,513752,R35,TXA,N01,342,344627,G,0,0.93,0.90,5,F,-109,-2.25"
2026-07-13T13:28:47.776+00:00,/dev/cu.usbserial-576B0005451,"RX,514201,R35,TXG,N91,41,345081,G,1,0.93,0.90,5,U,-110,-5.50"
2026-07-13T13:28:48.079+00:00,/dev/cu.usbserial-576B0005451,"RX,514504,R35,TXE,N61,168,345383,A,0,0.75,0.72,5,U,-108,-3.00"
2026-07-13T13:28:48.328+00:00,/dev/cu.usbserial-576B0005451,"RX,514752,R35,TXA,N01,343,345627,H,1,0.32,0.30,5,F,-108,-2.75"
2026-07-13T13:28:48.473+00:00,/dev/cu.usbserial-576B0005451,"RX,514897,R35,TXK,N151,172,345764,A,1,0.75,0.72,5,U,-108,-2.75"
2026-07-13T13:28:48.827+00:00,/dev/cu.usbserial-576B0005451,"RX,515251,R35,TXF,N76,85,346132,G,0,0.93,0.90,5,U,-110,-8.50"
2026-07-13T13:28:48.985+00:00,/dev/cu.usbserial-576B0005451,"RX,515410,R35,TXJ,N136,41,346281,G,1,0.93,0.90,5,U,-109,-3.00"
2026-07-13T13:28:49.084+00:00,/dev/cu.usbserial-576B0005451,"RX,515509,R35,TXC,N31,84,346386,E,1,0.87,0.84,5,U,-109,-4.75"
2026-07-13T13:28:49.328+00:00,/dev/cu.usbserial-576B0005451,"RX,515752,R35,TXA,N01,344,346627,A,1,0.75,0.72,5,F,-109,-2.00"
2026-07-13T13:28:50.079+00:00,/dev/cu.usbserial-576B0005451,"RX,516504,R35,TXE,N61,169,347383,C,1,0.81,0.78,5,U,-109,-2.25"
2026-07-13T13:28:50.186+00:00,/dev/cu.usbserial-576B0005451,"RX,516611,R35,TXI,N121,84,347483,E,1,0.87,0.84,5,U,-109,-3.75"
2026-07-13T13:28:50.328+00:00,/dev/cu.usbserial-576B0005451,"RX,516752,R35,TXA,N01,345,347627,B,0,0.20,0.18,5,F,-108,-0.50"
2026-07-13T13:28:50.473+00:00,/dev/cu.usbserial-576B0005451,"RX,516897,R35,TXK,N151,173,347764,C,1,0.81,0.78,5,U,-109,-4.50"
2026-07-13T13:28:51.084+00:00,/dev/cu.usbserial-576B0005451,"RX,517509,R35,TXC,N31,85,348386,G,0,0.93,0.90,5,U,-109,-2.75"
2026-07-13T13:28:51.328+00:00,/dev/cu.usbserial-576B0005451,"RX,517752,R35,TXA,N01,346,348627,C,1,0.81,0.78,5,F,-108,-6.00"
2026-07-13T13:28:52.079+00:00,/dev/cu.usbserial-576B0005451,"RX,518504,R35,TXE,N61,170,349383,E,1,0.87,0.84,5,U,-109,-3.25"
2026-07-13T13:28:52.187+00:00,/dev/cu.usbserial-576B0005451,"RX,518611,R35,TXI,N121,85,349483,G,0,0.93,0.90,5,U,-109,-3.00"
2026-07-13T13:28:52.327+00:00,/dev/cu.usbserial-576B0005451,"RX,518752,R35,TXA,N01,347,349627,D,1,0.24,0.22,5,F,-109,-1.75"
2026-07-13T13:28:52.473+00:00,/dev/cu.usbserial-576B0005451,"RX,518897,R35,TXK,N151,174,349764,E,0,0.87,0.84,5,U,-109,-1.00"
2026-07-13T13:28:53.328+00:00,/dev/cu.usbserial-576B0005451,"RX,519752,R35,TXA,N01,348,350627,E,0,0.87,0.84,5,F,-109,-1.50"
2026-07-13T13:28:54.079+00:00,/dev/cu.usbserial-576B0005451,"RX,520504,R35,TXE,N61,171,351383,G,0,0.93,0.90,5,U,-109,-1.75"
2026-07-13T13:28:54.328+00:00,/dev/cu.usbserial-576B0005451,"RX,520752,R35,TXA,N01,349,351627,F,1,0.28,0.26,5,F,-109,-1.00"
2026-07-13T13:28:54.438+00:00,/dev/cu.usbserial-576B0005451,"RX,520863,R35,TXH,N106,23,351743,G,1,0.93,0.90,5,U,-103,2.50"
2026-07-13T13:28:54.620+00:00,/dev/cu.usbserial-576B0005451,"RX,521044,R35,TXL,N166,23,351917,G,1,0.93,0.90,5,U,-107,1.25"
2026-07-13T13:28:54.827+00:00,/dev/cu.usbserial-576B0005451,"RX,521251,R35,TXF,N76,86,352132,E,0,0.87,0.84,5,U,-110,-7.00"
2026-07-13T13:28:55.132+00:00,/dev/cu.usbserial-576B0005451,"RX,521556,R35,TXD,N46,43,352432,G,1,0.93,0.90,5,U,-110,-5.00"
2026-07-13T13:28:55.777+00:00,/dev/cu.usbserial-576B0005451,"RX,522201,R35,TXG,N91,42,353081,G,0,0.93,0.90,5,U,-110,-8.00"
2026-07-13T13:28:56.079+00:00,/dev/cu.usbserial-576B0005451,"RX,522503,R35,TXE,N61,172,353383,A,1,0.75,0.72,5,U,-108,-1.25"
2026-07-13T13:28:56.328+00:00,/dev/cu.usbserial-576B0005451,"RX,522752,R35,TXA,N01,351,353627,H,0,0.32,0.30,5,F,-108,0.00"
2026-07-13T13:28:56.473+00:00,/dev/cu.usbserial-576B0005451,"RX,522897,R35,TXK,N151,176,353764,A,1,0.75,0.72,5,U,-109,-2.75"
2026-07-13T13:28:56.827+00:00,/dev/cu.usbserial-576B0005451,"RX,523251,R35,TXF,N76,87,354132,G,1,0.93,0.90,5,U,-110,-7.25"
2026-07-13T13:28:56.985+00:00,/dev/cu.usbserial-576B0005451,"RX,523410,R35,TXJ,N136,42,354281,G,0,0.93,0.90,5,U,-109,-2.25"
2026-07-13T13:28:57.084+00:00,/dev/cu.usbserial-576B0005451,"RX,523509,R35,TXC,N31,86,354386,E,0,0.87,0.84,5,U,-108,-1.75"
2026-07-13T13:28:57.328+00:00,/dev/cu.usbserial-576B0005451,"RX,523752,R35,TXA,N01,352,354627,A,1,0.75,0.72,5,F,-109,-1.00"
2026-07-13T13:28:58.079+00:00,/dev/cu.usbserial-576B0005451,"RX,524504,R35,TXE,N61,173,355383,C,1,0.81,0.78,5,U,-108,-2.00"
2026-07-13T13:28:58.186+00:00,/dev/cu.usbserial-576B0005451,"RX,524611,R35,TXI,N121,86,355483,E,0,0.87,0.84,5,U,-110,-3.75"
2026-07-13T13:28:58.328+00:00,/dev/cu.usbserial-576B0005451,"RX,524752,R35,TXA,N01,353,355627,B,1,0.20,0.18,5,F,-109,-2.25"
2026-07-13T13:28:58.473+00:00,/dev/cu.usbserial-576B0005451,"RX,524897,R35,TXK,N151,177,355764,C,0,0.81,0.78,5,U,-108,-2.50"
2026-07-13T13:28:59.084+00:00,/dev/cu.usbserial-576B0005451,"RX,525509,R35,TXC,N31,87,356386,G,1,0.93,0.90,5,U,-109,-1.75"
2026-07-13T13:28:59.328+00:00,/dev/cu.usbserial-576B0005451,"RX,525752,R35,TXA,N01,354,356627,C,0,0.81,0.78,5,F,-109,-2.00"
2026-07-13T13:29:00.079+00:00,/dev/cu.usbserial-576B0005451,"RX,526503,R35,TXE,N61,174,357383,E,0,0.87,0.84,5,U,-109,-2.75"
2026-07-13T13:29:00.187+00:00,/dev/cu.usbserial-576B0005451,"RX,526611,R35,TXI,N121,87,357483,G,1,0.93,0.90,5,U,-110,-5.00"
2026-07-13T13:29:00.328+00:00,/dev/cu.usbserial-576B0005451,"RX,526752,R35,TXA,N01,355,357627,D,1,0.24,0.22,5,F,-109,-1.50"
2026-07-13T13:29:00.473+00:00,/dev/cu.usbserial-576B0005451,"RX,526897,R35,TXK,N151,178,357764,E,1,0.87,0.84,5,U,-109,-2.50"
2026-07-13T13:29:01.328+00:00,/dev/cu.usbserial-576B0005451,"RX,527752,R35,TXA,N01,356,358627,E,1,0.87,0.84,5,F,-108,-0.50"
2026-07-13T13:29:02.079+00:00,/dev/cu.usbserial-576B0005451,"RX,528503,R35,TXE,N61,175,359383,G,1,0.93,0.90,5,U,-109,-1.00"
2026-07-13T13:29:02.328+00:00,/dev/cu.usbserial-576B0005451,"RX,528752,R35,TXA,N01,357,359627,F,0,0.28,0.26,5,F,-109,-1.25"
2026-07-13T13:29:02.473+00:00,/dev/cu.usbserial-576B0005451,"RX,528897,R35,TXK,N151,179,359764,G,1,0.93,0.90,5,U,-109,-1.50"
2026-07-13T13:29:02.826+00:00,/dev/cu.usbserial-576B0005451,"RX,529251,R35,TXF,N76,88,360132,E,1,0.87,0.84,5,U,-110,-6.75"
2026-07-13T13:29:03.132+00:00,/dev/cu.usbserial-576B0005451,"RX,529556,R35,TXD,N46,44,360432,G,1,0.93,0.90,5,U,-110,-5.25"
2026-07-13T13:29:03.328+00:00,/dev/cu.usbserial-576B0005451,"RX,529752,R35,TXA,N01,358,360627,G,1,0.93,0.90,5,F,-108,-1.75"
2026-07-13T13:29:03.777+00:00,/dev/cu.usbserial-576B0005451,"RX,530201,R35,TXG,N91,43,361081,G,1,0.93,0.90,5,U,-110,-6.75"
2026-07-13T13:29:04.079+00:00,/dev/cu.usbserial-576B0005451,"RX,530503,R35,TXE,N61,176,361383,A,1,0.75,0.72,5,U,-108,-2.50"
2026-07-13T13:29:04.328+00:00,/dev/cu.usbserial-576B0005451,"RX,530752,R35,TXA,N01,359,361627,H,1,0.32,0.30,5,F,-109,-0.75"
2026-07-13T13:29:04.473+00:00,/dev/cu.usbserial-576B0005451,"RX,530897,R35,TXK,N151,180,361764,A,0,0.75,0.72,5,U,-108,-1.75"
2026-07-13T13:29:04.827+00:00,/dev/cu.usbserial-576B0005451,"RX,531251,R35,TXF,N76,89,362132,G,1,0.93,0.90,5,U,-110,-7.50"
2026-07-13T13:29:04.985+00:00,/dev/cu.usbserial-576B0005451,"RX,531410,R35,TXJ,N136,43,362281,G,1,0.93,0.90,5,U,-109,-1.25"
2026-07-13T13:29:05.084+00:00,/dev/cu.usbserial-576B0005451,"RX,531509,R35,TXC,N31,88,362386,E,1,0.87,0.84,5,U,-109,-3.50"
2026-07-13T13:29:05.328+00:00,/dev/cu.usbserial-576B0005451,"RX,531752,R35,TXA,N01,360,362627,A,0,0.75,0.72,5,F,-109,-1.75"
2026-07-13T13:29:06.079+00:00,/dev/cu.usbserial-576B0005451,"RX,532503,R35,TXE,N61,177,363383,C,0,0.81,0.78,5,U,-109,-1.75"
2026-07-13T13:29:06.186+00:00,/dev/cu.usbserial-576B0005451,"RX,532611,R35,TXI,N121,88,363483,E,1,0.87,0.84,5,U,-110,-3.50"
2026-07-13T13:29:06.328+00:00,/dev/cu.usbserial-576B0005451,"RX,532752,R35,TXA,N01,361,363627,B,1,0.20,0.18,5,F,-109,-1.75"
2026-07-13T13:29:06.473+00:00,/dev/cu.usbserial-576B0005451,"RX,532897,R35,TXK,N151,181,363764,C,1,0.81,0.78,5,U,-109,-1.75"
2026-07-13T13:29:07.084+00:00,/dev/cu.usbserial-576B0005451,"RX,533509,R35,TXC,N31,89,364386,G,1,0.93,0.90,5,U,-110,-2.75"
2026-07-13T13:29:07.328+00:00,/dev/cu.usbserial-576B0005451,"RX,533752,R35,TXA,N01,362,364627,C,1,0.81,0.78,5,F,-109,-2.00"
2026-07-13T13:29:08.079+00:00,/dev/cu.usbserial-576B0005451,"RX,534503,R35,TXE,N61,178,365383,E,1,0.87,0.84,5,U,-108,-1.25"
2026-07-13T13:29:08.186+00:00,/dev/cu.usbserial-576B0005451,"RX,534611,R35,TXI,N121,89,365483,G,1,0.93,0.90,5,U,-109,-2.00"
2026-07-13T13:29:08.328+00:00,/dev/cu.usbserial-576B0005451,"RX,534752,R35,TXA,N01,363,365627,D,0,0.24,0.22,5,F,-109,-1.50"
2026-07-13T13:29:08.473+00:00,/dev/cu.usbserial-576B0005451,"RX,534897,R35,TXK,N151,182,365764,E,1,0.87,0.84,5,U,-109,-2.00"
2026-07-13T13:29:09.328+00:00,/dev/cu.usbserial-576B0005451,"RX,535752,R35,TXA,N01,364,366627,E,1,0.87,0.84,5,F,-109,-0.25"
2026-07-13T13:29:10.079+00:00,/dev/cu.usbserial-576B0005451,"RX,536503,R35,TXE,N61,179,367383,G,1,0.93,0.90,5,U,-110,-1.50"
2026-07-13T13:29:10.328+00:00,/dev/cu.usbserial-576B0005451,"RX,536752,R35,TXA,N01,365,367627,F,1,0.28,0.26,5,F,-108,0.00"
2026-07-13T13:29:10.473+00:00,/dev/cu.usbserial-576B0005451,"RX,536897,R35,TXK,N151,183,367764,G,0,0.93,0.90,5,U,-109,-2.00"
2026-07-13T13:29:10.827+00:00,/dev/cu.usbserial-576B0005451,"RX,537251,R35,TXF,N76,90,368132,E,1,0.87,0.84,5,U,-111,-7.00"
2026-07-13T13:29:11.132+00:00,/dev/cu.usbserial-576B0005451,"RX,537556,R35,TXD,N46,45,368432,G,0,0.93,0.90,5,U,-111,-4.75"
2026-07-13T13:29:11.328+00:00,/dev/cu.usbserial-576B0005451,"RX,537752,R35,TXA,N01,366,368627,G,0,0.93,0.90,5,F,-108,-1.00"
2026-07-13T13:29:12.079+00:00,/dev/cu.usbserial-576B0005451,"RX,538504,R35,TXE,N61,180,369383,A,0,0.75,0.72,5,U,-110,-3.00"
2026-07-13T13:29:12.328+00:00,/dev/cu.usbserial-576B0005451,"RX,538752,R35,TXA,N01,367,369627,H,1,0.32,0.30,5,F,-109,-0.75"
2026-07-13T13:29:12.473+00:00,/dev/cu.usbserial-576B0005451,"RX,538897,R35,TXK,N151,184,369764,A,1,0.75,0.72,5,U,-109,-1.50"
2026-07-13T13:29:12.827+00:00,/dev/cu.usbserial-576B0005451,"RX,539251,R35,TXF,N76,91,370132,G,0,0.93,0.90,5,U,-111,-6.50"
2026-07-13T13:29:12.985+00:00,/dev/cu.usbserial-576B0005451,"RX,539410,R35,TXJ,N136,44,370281,G,1,0.93,0.90,5,U,-109,-2.00"
2026-07-13T13:29:13.084+00:00,/dev/cu.usbserial-576B0005451,"RX,539508,R35,TXC,N31,90,370386,E,1,0.87,0.84,5,U,-109,-1.50"
2026-07-13T13:29:13.327+00:00,/dev/cu.usbserial-576B0005451,"RX,539752,R35,TXA,N01,368,370627,A,1,0.75,0.72,5,F,-109,-0.75"
2026-07-13T13:29:14.079+00:00,/dev/cu.usbserial-576B0005451,"RX,540504,R35,TXE,N61,181,371383,C,1,0.81,0.78,5,U,-110,-2.50"
2026-07-13T13:29:14.186+00:00,/dev/cu.usbserial-576B0005451,"RX,540611,R35,TXI,N121,90,371483,E,1,0.87,0.84,5,U,-111,-4.25"
2026-07-13T13:29:14.328+00:00,/dev/cu.usbserial-576B0005451,"RX,540752,R35,TXA,N01,369,371627,B,0,0.20,0.18,5,F,-109,-2.00"
2026-07-13T13:29:14.473+00:00,/dev/cu.usbserial-576B0005451,"RX,540897,R35,TXK,N151,185,371764,C,1,0.81,0.78,5,U,-109,-2.00"
2026-07-13T13:29:15.084+00:00,/dev/cu.usbserial-576B0005451,"RX,541508,R35,TXC,N31,91,372386,G,0,0.93,0.90,5,U,-109,-2.00"
2026-07-13T13:29:15.328+00:00,/dev/cu.usbserial-576B0005451,"RX,541752,R35,TXA,N01,370,372627,C,1,0.81,0.78,5,F,-109,-1.50"
2026-07-13T13:29:16.079+00:00,/dev/cu.usbserial-576B0005451,"RX,542503,R35,TXE,N61,182,373383,E,1,0.87,0.84,5,U,-109,-1.50"
2026-07-13T13:29:16.186+00:00,/dev/cu.usbserial-576B0005451,"RX,542611,R35,TXI,N121,91,373483,G,0,0.93,0.90,5,U,-109,-2.25"
2026-07-13T13:29:16.328+00:00,/dev/cu.usbserial-576B0005451,"RX,542752,R35,TXA,N01,371,373627,D,1,0.24,0.22,5,F,-108,-1.00"
2026-07-13T13:29:16.473+00:00,/dev/cu.usbserial-576B0005451,"RX,542897,R35,TXK,N151,186,373764,E,0,0.87,0.84,5,U,-109,-2.50"
2026-07-13T13:29:17.328+00:00,/dev/cu.usbserial-576B0005451,"RX,543752,R35,TXA,N01,372,374627,E,0,0.87,0.84,5,F,-108,-0.50"
2026-07-13T13:29:18.079+00:00,/dev/cu.usbserial-576B0005451,"RX,544504,R35,TXE,N61,183,375383,G,0,0.93,0.90,5,U,-109,-1.75"
2026-07-13T13:29:18.473+00:00,/dev/cu.usbserial-576B0005451,"RX,544897,R35,TXK,N151,187,375764,G,1,0.93,0.90,5,U,-110,-2.50"
2026-07-13T13:29:18.827+00:00,/dev/cu.usbserial-576B0005451,"RX,545251,R35,TXF,N76,92,376132,E,0,0.87,0.84,5,U,-111,-8.25"
2026-07-13T13:29:19.131+00:00,/dev/cu.usbserial-576B0005451,"RX,545556,R35,TXD,N46,46,376432,G,1,0.93,0.90,5,U,-110,-2.25"
2026-07-13T13:29:19.328+00:00,/dev/cu.usbserial-576B0005451,"RX,545752,R35,TXA,N01,374,376627,G,1,0.93,0.90,5,F,-109,-0.50"
2026-07-13T13:29:20.328+00:00,/dev/cu.usbserial-576B0005451,"RX,546752,R35,TXA,N01,375,377627,H,0,0.32,0.30,5,F,-108,0.25"
2026-07-13T13:29:20.473+00:00,/dev/cu.usbserial-576B0005451,"RX,546897,R35,TXK,N151,188,377764,A,1,0.75,0.72,5,U,-109,-1.25"
2026-07-13T13:29:20.826+00:00,/dev/cu.usbserial-576B0005451,"RX,547251,R35,TXF,N76,93,378132,G,1,0.93,0.90,5,U,-111,-7.00"
2026-07-13T13:29:20.985+00:00,/dev/cu.usbserial-576B0005451,"RX,547409,R35,TXJ,N136,45,378281,G,0,0.93,0.90,5,U,-109,-1.25"
2026-07-13T13:29:21.084+00:00,/dev/cu.usbserial-576B0005451,"RX,547508,R35,TXC,N31,92,378386,E,0,0.87,0.84,5,U,-110,-2.00"
2026-07-13T13:29:21.327+00:00,/dev/cu.usbserial-576B0005451,"RX,547752,R35,TXA,N01,376,378627,A,1,0.75,0.72,5,F,-108,0.00"
2026-07-13T13:29:22.079+00:00,/dev/cu.usbserial-576B0005451,"RX,548503,R35,TXE,N61,185,379383,C,1,0.81,0.78,5,U,-109,-0.50"
2026-07-13T13:29:22.187+00:00,/dev/cu.usbserial-576B0005451,"RX,548611,R35,TXI,N121,92,379483,E,0,0.87,0.84,5,U,-110,-3.00"
2026-07-13T13:29:22.328+00:00,/dev/cu.usbserial-576B0005451,"RX,548752,R35,TXA,N01,377,379627,B,1,0.20,0.18,5,F,-108,0.50"
2026-07-13T13:29:22.473+00:00,/dev/cu.usbserial-576B0005451,"RX,548897,R35,TXK,N151,189,379764,C,0,0.81,0.78,5,U,-109,-1.00"
2026-07-13T13:29:23.084+00:00,/dev/cu.usbserial-576B0005451,"RX,549508,R35,TXC,N31,93,380386,G,1,0.93,0.90,5,U,-109,-1.25"
2026-07-13T13:29:23.328+00:00,/dev/cu.usbserial-576B0005451,"RX,549752,R35,TXA,N01,378,380627,C,0,0.81,0.78,5,F,-109,-1.75"
2026-07-13T13:29:24.079+00:00,/dev/cu.usbserial-576B0005451,"RX,550504,R35,TXE,N61,186,381383,E,0,0.87,0.84,5,U,-109,-1.75"
2026-07-13T13:29:24.186+00:00,/dev/cu.usbserial-576B0005451,"RX,550611,R35,TXI,N121,93,381483,G,1,0.93,0.90,5,U,-110,-2.25"
2026-07-13T13:29:24.328+00:00,/dev/cu.usbserial-576B0005451,"RX,550752,R35,TXA,N01,379,381627,D,1,0.24,0.22,5,F,-108,0.50"
2026-07-13T13:29:24.473+00:00,/dev/cu.usbserial-576B0005451,"RX,550897,R35,TXK,N151,190,381764,E,1,0.87,0.84,5,U,-109,-0.75"
2026-07-13T13:29:25.327+00:00,/dev/cu.usbserial-576B0005451,"RX,551752,R35,TXA,N01,380,382627,E,1,0.87,0.84,5,F,-108,0.25"
2026-07-13T13:29:26.079+00:00,/dev/cu.usbserial-576B0005451,"RX,552503,R35,TXE,N61,187,383383,G,1,0.93,0.90,5,U,-109,0.00"
2026-07-13T13:29:26.327+00:00,/dev/cu.usbserial-576B0005451,"RX,552752,R35,TXA,N01,381,383627,F,0,0.28,0.26,5,F,-108,0.50"
2026-07-13T13:29:26.473+00:00,/dev/cu.usbserial-576B0005451,"RX,552897,R35,TXK,N151,191,383764,G,1,0.93,0.90,5,U,-108,-0.25"
2026-07-13T13:29:27.131+00:00,/dev/cu.usbserial-576B0005451,"RX,553556,R35,TXD,N46,47,384432,G,1,0.93,0.90,5,U,-111,-6.00"
2026-07-13T13:29:27.328+00:00,/dev/cu.usbserial-576B0005451,"RX,553752,R35,TXA,N01,382,384627,G,1,0.93,0.90,5,F,-109,-1.00"
2026-07-13T13:29:28.080+00:00,/dev/cu.usbserial-576B0005451,"RX,554504,R35,TXE,N61,188,385383,A,1,0.75,0.72,5,U,-110,-3.00"
2026-07-13T13:29:28.328+00:00,/dev/cu.usbserial-576B0005451,"RX,554752,R35,TXA,N01,383,385627,H,1,0.32,0.30,5,F,-109,-1.75"
2026-07-13T13:29:28.473+00:00,/dev/cu.usbserial-576B0005451,"RX,554897,R35,TXK,N151,192,385764,A,1,0.75,0.72,5,U,-110,-3.50"
2026-07-13T13:29:28.827+00:00,/dev/cu.usbserial-576B0005451,"RX,555251,R35,TXF,N76,95,386132,G,1,0.93,0.90,5,U,-111,-8.25"
2026-07-13T13:29:28.985+00:00,/dev/cu.usbserial-576B0005451,"RX,555410,R35,TXJ,N136,46,386281,G,1,0.93,0.90,5,U,-110,-3.25"
2026-07-13T13:29:29.084+00:00,/dev/cu.usbserial-576B0005451,"RX,555508,R35,TXC,N31,94,386386,E,1,0.87,0.84,5,U,-109,-0.25"
2026-07-13T13:29:29.328+00:00,/dev/cu.usbserial-576B0005451,"RX,555752,R35,TXA,N01,384,386627,A,1,0.75,0.72,5,F,-109,0.25"
2026-07-13T13:29:30.079+00:00,/dev/cu.usbserial-576B0005451,"RX,556504,R35,TXE,N61,189,387383,C,0,0.81,0.78,5,U,-109,-1.50"
2026-07-13T13:29:30.187+00:00,/dev/cu.usbserial-576B0005451,"RX,556611,R35,TXI,N121,94,387483,E,1,0.87,0.84,5,U,-110,-3.50"
2026-07-13T13:29:30.328+00:00,/dev/cu.usbserial-576B0005451,"RX,556752,R35,TXA,N01,385,387627,B,0,0.20,0.18,5,F,-109,-0.50"
2026-07-13T13:29:30.473+00:00,/dev/cu.usbserial-576B0005451,"RX,556897,R35,TXK,N151,193,387764,C,1,0.81,0.78,5,U,-109,-1.25"
2026-07-13T13:29:31.084+00:00,/dev/cu.usbserial-576B0005451,"RX,557508,R35,TXC,N31,95,388386,G,1,0.93,0.90,5,U,-110,-2.75"
2026-07-13T13:29:31.327+00:00,/dev/cu.usbserial-576B0005451,"RX,557752,R35,TXA,N01,386,388627,C,1,0.81,0.78,5,F,-108,-0.75"
2026-07-13T13:29:32.079+00:00,/dev/cu.usbserial-576B0005451,"RX,558504,R35,TXE,N61,190,389383,E,1,0.87,0.84,5,U,-109,-1.00"
2026-07-13T13:29:32.186+00:00,/dev/cu.usbserial-576B0005451,"RX,558611,R35,TXI,N121,95,389483,G,1,0.93,0.90,5,U,-110,-3.25"
2026-07-13T13:29:32.327+00:00,/dev/cu.usbserial-576B0005451,"RX,558752,R35,TXA,N01,387,389627,D,1,0.24,0.22,5,F,-108,0.00"
2026-07-13T13:29:32.473+00:00,/dev/cu.usbserial-576B0005451,"RX,558897,R35,TXK,N151,194,389764,E,0,0.87,0.84,5,U,-109,-1.75"
2026-07-13T13:29:33.328+00:00,/dev/cu.usbserial-576B0005451,"RX,559752,R35,TXA,N01,388,390627,E,0,0.87,0.84,5,F,-109,-1.00"
2026-07-13T13:29:34.079+00:00,/dev/cu.usbserial-576B0005451,"RX,560504,R35,TXE,N61,191,391383,G,1,0.93,0.90,5,U,-109,-3.50"
2026-07-13T13:29:34.328+00:00,/dev/cu.usbserial-576B0005451,"RX,560752,R35,TXA,N01,389,391627,F,1,0.28,0.26,5,F,-108,-0.75"
2026-07-13T13:29:34.438+00:00,/dev/cu.usbserial-576B0005451,"RX,560863,R35,TXH,N106,24,391743,G,1,0.93,0.90,5,U,-103,3.75"
2026-07-13T13:29:34.620+00:00,/dev/cu.usbserial-576B0005451,"RX,561044,R35,TXL,N166,24,391917,G,1,0.93,0.90,5,U,-108,0.25"
2026-07-13T13:29:34.827+00:00,/dev/cu.usbserial-576B0005451,"RX,561251,R35,TXF,N76,96,392132,E,0,0.87,0.84,5,U,-110,-8.75"
2026-07-13T13:29:35.131+00:00,/dev/cu.usbserial-576B0005451,"RX,561556,R35,TXD,N46,48,392432,G,1,0.93,0.90,5,U,-110,-5.25"
2026-07-13T13:29:35.328+00:00,/dev/cu.usbserial-576B0005451,"RX,561752,R35,TXA,N01,390,392627,G,1,0.93,0.90,5,F,-108,-1.00"
2026-07-13T13:29:35.776+00:00,/dev/cu.usbserial-576B0005451,"RX,562201,R35,TXG,N91,47,393081,G,1,0.93,0.90,5,U,-110,-6.00"
2026-07-13T13:29:36.080+00:00,/dev/cu.usbserial-576B0005451,"RX,562504,R35,TXE,N61,192,393383,A,1,0.75,0.72,5,U,-109,-2.50"
2026-07-13T13:29:36.328+00:00,/dev/cu.usbserial-576B0005451,"RX,562752,R35,TXA,N01,391,393627,H,0,0.32,0.30,5,F,-109,-1.75"
2026-07-13T13:29:36.472+00:00,/dev/cu.usbserial-576B0005451,"RX,562897,R35,TXK,N151,196,393764,A,1,0.75,0.72,5,U,-109,-2.25"
2026-07-13T13:29:36.985+00:00,/dev/cu.usbserial-576B0005451,"RX,563410,R35,TXJ,N136,47,394281,G,1,0.93,0.90,5,U,-109,-3.75"
2026-07-13T13:29:37.084+00:00,/dev/cu.usbserial-576B0005451,"RX,563508,R35,TXC,N31,96,394386,E,0,0.87,0.84,5,U,-111,-8.00"
2026-07-13T13:29:37.328+00:00,/dev/cu.usbserial-576B0005451,"RX,563752,R35,TXA,N01,392,394627,A,1,0.75,0.72,5,F,-109,-4.75"
2026-07-13T13:29:38.079+00:00,/dev/cu.usbserial-576B0005451,"RX,564503,R35,TXE,N61,193,395383,C,1,0.81,0.78,5,U,-108,-2.50"
2026-07-13T13:29:38.187+00:00,/dev/cu.usbserial-576B0005451,"RX,564611,R35,TXI,N121,96,395483,E,0,0.87,0.84,5,U,-109,-5.25"
2026-07-13T13:29:38.328+00:00,/dev/cu.usbserial-576B0005451,"RX,564752,R35,TXA,N01,393,395627,B,1,0.20,0.18,5,F,-108,-2.75"
2026-07-13T13:29:38.472+00:00,/dev/cu.usbserial-576B0005451,"RX,564897,R35,TXK,N151,197,395764,C,0,0.81,0.78,5,U,-108,-2.00"
2026-07-13T13:29:39.084+00:00,/dev/cu.usbserial-576B0005451,"RX,565508,R35,TXC,N31,97,396386,G,1,0.93,0.90,5,U,-109,-3.00"
2026-07-13T13:29:39.328+00:00,/dev/cu.usbserial-576B0005451,"RX,565752,R35,TXA,N01,394,396627,C,0,0.81,0.78,5,F,-107,-0.25"
2026-07-13T13:29:40.079+00:00,/dev/cu.usbserial-576B0005451,"RX,566504,R35,TXE,N61,194,397383,E,0,0.87,0.84,5,U,-108,-3.25"
2026-07-13T13:29:40.186+00:00,/dev/cu.usbserial-576B0005451,"RX,566611,R35,TXI,N121,97,397483,G,1,0.93,0.90,5,U,-109,-5.00"
2026-07-13T13:29:40.328+00:00,/dev/cu.usbserial-576B0005451,"RX,566752,R35,TXA,N01,395,397627,D,1,0.24,0.22,5,F,-107,-0.25"
2026-07-13T13:29:40.473+00:00,/dev/cu.usbserial-576B0005451,"RX,566897,R35,TXK,N151,198,397764,E,1,0.87,0.84,5,U,-108,-2.00"
2026-07-13T13:29:41.328+00:00,/dev/cu.usbserial-576B0005451,"RX,567752,R35,TXA,N01,396,398627,E,1,0.87,0.84,5,F,-108,-1.25"
2026-07-13T13:29:42.079+00:00,/dev/cu.usbserial-576B0005451,"RX,568503,R35,TXE,N61,195,399383,G,1,0.93,0.90,5,U,-108,-2.75"
2026-07-13T13:29:42.328+00:00,/dev/cu.usbserial-576B0005451,"RX,568752,R35,TXA,N01,397,399627,F,0,0.28,0.26,5,F,-108,-1.50"
2026-07-13T13:29:42.438+00:00,/dev/cu.usbserial-576B0005451,"RX,568863,R35,TXH,N106,25,399743,G,1,0.93,0.90,5,U,-104,1.25"
2026-07-13T13:29:42.620+00:00,/dev/cu.usbserial-576B0005451,"RX,569044,R35,TXL,N166,25,399917,G,1,0.93,0.90,5,U,-108,-1.00"
2026-07-13T13:29:42.826+00:00,/dev/cu.usbserial-576B0005451,"RX,569251,R35,TXF,N76,98,400132,E,1,0.87,0.84,5,U,-109,-7.00"
2026-07-13T13:29:43.131+00:00,/dev/cu.usbserial-576B0005451,"RX,569556,R35,TXD,N46,49,400432,G,1,0.93,0.90,5,U,-108,-4.75"
2026-07-13T13:29:43.328+00:00,/dev/cu.usbserial-576B0005451,"RX,569752,R35,TXA,N01,398,400627,G,1,0.93,0.90,5,F,-108,-1.00"
2026-07-13T13:29:43.777+00:00,/dev/cu.usbserial-576B0005451,"RX,570201,R35,TXG,N91,48,401081,G,1,0.93,0.90,5,U,-109,-5.75"
2026-07-13T13:29:44.079+00:00,/dev/cu.usbserial-576B0005451,"RX,570503,R35,TXE,N61,196,401383,A,1,0.75,0.72,5,U,-109,-2.75"
2026-07-13T13:29:44.328+00:00,/dev/cu.usbserial-576B0005451,"RX,570752,R35,TXA,N01,399,401627,H,1,0.32,0.30,5,F,-108,-1.50"
2026-07-13T13:29:44.473+00:00,/dev/cu.usbserial-576B0005451,"RX,570897,R35,TXK,N151,200,401764,A,0,0.75,0.72,5,U,-108,-1.50"
2026-07-13T13:29:44.827+00:00,/dev/cu.usbserial-576B0005451,"RX,571251,R35,TXF,N76,99,402132,G,1,0.93,0.90,5,U,-110,-6.50"
2026-07-13T13:29:44.985+00:00,/dev/cu.usbserial-576B0005451,"RX,571410,R35,TXJ,N136,48,402281,G,1,0.93,0.90,5,U,-108,-2.50"
2026-07-13T13:29:45.084+00:00,/dev/cu.usbserial-576B0005451,"RX,571508,R35,TXC,N31,98,402386,E,1,0.87,0.84,5,U,-109,-5.25"
2026-07-13T13:29:45.328+00:00,/dev/cu.usbserial-576B0005451,"RX,571752,R35,TXA,N01,400,402627,A,0,0.75,0.72,5,F,-108,-2.25"
2026-07-13T13:29:46.079+00:00,/dev/cu.usbserial-576B0005451,"RX,572504,R35,TXE,N61,197,403383,C,0,0.81,0.78,5,U,-109,-4.75"
2026-07-13T13:29:46.186+00:00,/dev/cu.usbserial-576B0005451,"RX,572611,R35,TXI,N121,98,403483,E,1,0.87,0.84,5,U,-108,-3.75"
2026-07-13T13:29:46.328+00:00,/dev/cu.usbserial-576B0005451,"RX,572752,R35,TXA,N01,401,403627,B,1,0.20,0.18,5,F,-109,-3.25"
2026-07-13T13:29:46.473+00:00,/dev/cu.usbserial-576B0005451,"RX,572897,R35,TXK,N151,201,403764,C,1,0.81,0.78,5,U,-109,-2.50"
2026-07-13T13:29:47.084+00:00,/dev/cu.usbserial-576B0005451,"RX,573508,R35,TXC,N31,99,404386,G,1,0.93,0.90,5,U,-109,-3.75"
2026-07-13T13:29:47.328+00:00,/dev/cu.usbserial-576B0005451,"RX,573752,R35,TXA,N01,402,404627,C,1,0.81,0.78,5,F,-108,-1.75"
2026-07-13T13:29:48.079+00:00,/dev/cu.usbserial-576B0005451,"RX,574503,R35,TXE,N61,198,405383,E,1,0.87,0.84,5,U,-108,-2.50"
2026-07-13T13:29:48.187+00:00,/dev/cu.usbserial-576B0005451,"RX,574611,R35,TXI,N121,99,405483,G,1,0.93,0.90,5,U,-109,-4.75"
2026-07-13T13:29:48.328+00:00,/dev/cu.usbserial-576B0005451,"RX,574752,R35,TXA,N01,403,405627,D,0,0.24,0.22,5,F,-108,-1.75"
2026-07-13T13:29:48.473+00:00,/dev/cu.usbserial-576B0005451,"RX,574897,R35,TXK,N151,202,405764,E,1,0.87,0.84,5,U,-109,-2.75"
2026-07-13T13:29:49.328+00:00,/dev/cu.usbserial-576B0005451,"RX,575752,R35,TXA,N01,404,406627,E,1,0.87,0.84,5,F,-108,-2.00"
2026-07-13T13:29:50.079+00:00,/dev/cu.usbserial-576B0005451,"RX,576504,R35,TXE,N61,199,407383,G,1,0.93,0.90,5,U,-109,-2.25"
2026-07-13T13:29:50.439+00:00,/dev/cu.usbserial-576B0005451,"RX,576863,R35,TXH,N106,26,407743,G,0,0.93,0.90,5,U,-98,-6.75"
2026-07-13T13:29:50.620+00:00,/dev/cu.usbserial-576B0005451,"RX,577044,R35,TXL,N166,26,407917,G,0,0.93,0.90,5,U,-109,-0.25"
2026-07-13T13:29:50.827+00:00,/dev/cu.usbserial-576B0005451,"RX,577251,R35,TXF,N76,100,408132,E,1,0.87,0.84,5,U,-110,-6.00"
2026-07-13T13:29:51.131+00:00,/dev/cu.usbserial-576B0005451,"RX,577556,R35,TXD,N46,50,408432,G,0,0.93,0.90,5,U,-110,-3.75"
2026-07-13T13:29:51.328+00:00,/dev/cu.usbserial-576B0005451,"RX,577752,R35,TXA,N01,406,408627,G,0,0.93,0.90,5,F,-108,-0.50"
2026-07-13T13:29:51.776+00:00,/dev/cu.usbserial-576B0005451,"RX,578201,R35,TXG,N91,49,409081,G,1,0.93,0.90,5,U,-110,-5.25"
2026-07-13T13:29:52.079+00:00,/dev/cu.usbserial-576B0005451,"RX,578504,R35,TXE,N61,200,409383,A,0,0.75,0.72,5,U,-108,-2.25"
2026-07-13T13:29:52.328+00:00,/dev/cu.usbserial-576B0005451,"RX,578752,R35,TXA,N01,407,409627,H,1,0.32,0.30,5,F,-108,-0.50"
2026-07-13T13:29:52.473+00:00,/dev/cu.usbserial-576B0005451,"RX,578897,R35,TXK,N151,204,409764,A,1,0.75,0.72,5,U,-109,-2.00"
2026-07-13T13:29:52.826+00:00,/dev/cu.usbserial-576B0005451,"RX,579251,R35,TXF,N76,101,410132,G,0,0.93,0.90,5,U,-109,-7.50"
2026-07-13T13:29:52.985+00:00,/dev/cu.usbserial-576B0005451,"RX,579410,R35,TXJ,N136,49,410281,G,1,0.93,0.90,5,U,-109,-2.00"
2026-07-13T13:29:53.084+00:00,/dev/cu.usbserial-576B0005451,"RX,579508,R35,TXC,N31,100,410386,E,1,0.87,0.84,5,U,-108,-1.50"
2026-07-13T13:29:53.328+00:00,/dev/cu.usbserial-576B0005451,"RX,579752,R35,TXA,N01,408,410627,A,1,0.75,0.72,5,F,-108,-1.50"
2026-07-13T13:29:54.079+00:00,/dev/cu.usbserial-576B0005451,"RX,580504,R35,TXE,N61,201,411383,C,1,0.81,0.78,5,U,-108,-2.50"
2026-07-13T13:29:54.191+00:00,/dev/cu.usbserial-576B0005451,"RX,580616,R35,TXI,N121,100,411483,E,1,0.87,0.84,5,U,-109,-4.75"
2026-07-13T13:29:54.473+00:00,/dev/cu.usbserial-576B0005451,"RX,580897,R35,TXK,N151,205,411764,C,1,0.81,0.78,5,U,-108,-3.00"
2026-07-13T13:29:55.084+00:00,/dev/cu.usbserial-576B0005451,"RX,581508,R35,TXC,N31,101,412386,G,0,0.93,0.90,5,U,-108,-2.50"
2026-07-13T13:29:55.328+00:00,/dev/cu.usbserial-576B0005451,"RX,581752,R35,TXA,N01,410,412627,C,1,0.81,0.78,5,F,-108,-0.50"
2026-07-13T13:29:56.079+00:00,/dev/cu.usbserial-576B0005451,"RX,582504,R35,TXE,N61,202,413383,E,1,0.87,0.84,5,U,-108,-1.75"
2026-07-13T13:29:56.191+00:00,/dev/cu.usbserial-576B0005451,"RX,582616,R35,TXI,N121,101,413483,G,0,0.93,0.90,5,U,-109,-4.25"
2026-07-13T13:29:56.328+00:00,/dev/cu.usbserial-576B0005451,"RX,582752,R35,TXA,N01,411,413627,D,1,0.24,0.22,5,F,-108,-1.00"
2026-07-13T13:29:56.473+00:00,/dev/cu.usbserial-576B0005451,"RX,582897,R35,TXK,N151,206,413764,E,0,0.87,0.84,5,U,-108,-1.75"
2026-07-13T13:29:57.328+00:00,/dev/cu.usbserial-576B0005451,"RX,583752,R35,TXA,N01,412,414627,E,0,0.87,0.84,5,F,-108,-1.50"
2026-07-13T13:29:58.079+00:00,/dev/cu.usbserial-576B0005451,"RX,584503,R35,TXE,N61,203,415383,G,0,0.93,0.90,5,U,-109,-1.50"
2026-07-13T13:29:58.328+00:00,/dev/cu.usbserial-576B0005451,"RX,584752,R35,TXA,N01,413,415627,F,1,0.28,0.26,5,F,-107,0.25"
2026-07-13T13:29:58.438+00:00,/dev/cu.usbserial-576B0005451,"RX,584863,R35,TXH,N106,27,415743,G,1,0.93,0.90,5,U,-103,2.25"
2026-07-13T13:29:58.620+00:00,/dev/cu.usbserial-576B0005451,"RX,585044,R35,TXL,N166,27,415917,G,1,0.93,0.90,5,U,-108,-0.25"
2026-07-13T13:29:59.131+00:00,/dev/cu.usbserial-576B0005451,"RX,585556,R35,TXD,N46,51,416432,G,1,0.93,0.90,5,U,-109,-2.50"
2026-07-13T13:29:59.327+00:00,/dev/cu.usbserial-576B0005451,"RX,585752,R35,TXA,N01,414,416627,G,1,0.93,0.90,5,F,-106,1.00"
2026-07-13T13:29:59.595+00:00,/dev/cu.usbserial-576B0005451,"RX,586019,R35,TXB,N16,206,416893,E,0,0.87,0.84,5,U,-109,-8.75"
2026-07-13T13:29:59.776+00:00,/dev/cu.usbserial-576B0005451,"RX,586201,R35,TXG,N91,50,417081,G,0,0.93,0.90,5,U,-109,-3.25"
2026-07-13T13:30:00.079+00:00,/dev/cu.usbserial-576B0005451,"RX,586504,R35,TXE,N61,204,417383,A,1,0.75,0.72,5,U,-108,-2.00"
2026-07-13T13:30:00.328+00:00,/dev/cu.usbserial-576B0005451,"RX,586752,R35,TXA,N01,415,417627,H,0,0.32,0.30,5,F,-107,0.00"
2026-07-13T13:30:00.473+00:00,/dev/cu.usbserial-576B0005451,"RX,586897,R35,TXK,N151,208,417764,A,1,0.75,0.72,5,U,-108,-2.00"
2026-07-13T13:30:00.827+00:00,/dev/cu.usbserial-576B0005451,"RX,587251,R35,TXF,N76,103,418132,G,1,0.93,0.90,5,U,-109,-5.25"
2026-07-13T13:30:00.985+00:00,/dev/cu.usbserial-576B0005451,"RX,587410,R35,TXJ,N136,50,418281,G,0,0.93,0.90,5,U,-108,-1.25"
2026-07-13T13:30:01.084+00:00,/dev/cu.usbserial-576B0005451,"RX,587508,R35,TXC,N31,102,418386,E,0,0.87,0.84,5,U,-108,-3.25"
2026-07-13T13:30:01.328+00:00,/dev/cu.usbserial-576B0005451,"RX,587752,R35,TXA,N01,416,418627,A,1,0.75,0.72,5,F,-108,-0.50"
2026-07-13T13:30:02.079+00:00,/dev/cu.usbserial-576B0005451,"RX,588504,R35,TXE,N61,205,419383,C,1,0.81,0.78,5,U,-108,-1.75"
2026-07-13T13:30:02.190+00:00,/dev/cu.usbserial-576B0005451,"RX,588616,R35,TXI,N121,102,419483,E,0,0.87,0.84,5,U,-108,-3.25"
2026-07-13T13:30:02.328+00:00,/dev/cu.usbserial-576B0005451,"RX,588752,R35,TXA,N01,417,419627,B,1,0.20,0.18,5,F,-108,-1.00"
2026-07-13T13:30:02.473+00:00,/dev/cu.usbserial-576B0005451,"RX,588897,R35,TXK,N151,209,419764,C,0,0.81,0.78,5,U,-108,-2.25"
2026-07-13T13:30:03.084+00:00,/dev/cu.usbserial-576B0005451,"RX,589508,R35,TXC,N31,103,420386,G,1,0.93,0.90,5,U,-109,-5.00"
2026-07-13T13:30:03.328+00:00,/dev/cu.usbserial-576B0005451,"RX,589752,R35,TXA,N01,418,420627,C,0,0.81,0.78,5,F,-108,-1.25"
2026-07-13T13:30:04.079+00:00,/dev/cu.usbserial-576B0005451,"RX,590504,R35,TXE,N61,206,421383,E,0,0.87,0.84,5,U,-108,-2.00"
2026-07-13T13:30:04.191+00:00,/dev/cu.usbserial-576B0005451,"RX,590616,R35,TXI,N121,103,421483,G,1,0.93,0.90,5,U,-109,-4.25"
2026-07-13T13:30:04.328+00:00,/dev/cu.usbserial-576B0005451,"RX,590752,R35,TXA,N01,419,421627,D,1,0.24,0.22,5,F,-108,-1.00"
2026-07-13T13:30:04.473+00:00,/dev/cu.usbserial-576B0005451,"RX,590897,R35,TXK,N151,210,421764,E,1,0.87,0.84,5,U,-108,-1.50"
2026-07-13T13:30:05.328+00:00,/dev/cu.usbserial-576B0005451,"RX,591752,R35,TXA,N01,420,422627,E,1,0.87,0.84,5,F,-108,-1.00"
2026-07-13T13:30:06.079+00:00,/dev/cu.usbserial-576B0005451,"RX,592503,R35,TXE,N61,207,423383,G,1,0.93,0.90,5,U,-108,-2.25"
2026-07-13T13:30:06.328+00:00,/dev/cu.usbserial-576B0005451,"RX,592752,R35,TXA,N01,421,423627,F,0,0.28,0.26,5,F,-109,-1.25"
2026-07-13T13:30:06.473+00:00,/dev/cu.usbserial-576B0005451,"RX,592897,R35,TXK,N151,211,423764,G,1,0.93,0.90,5,U,-108,-1.75"
2026-07-13T13:30:06.827+00:00,/dev/cu.usbserial-576B0005451,"RX,593251,R35,TXF,N76,104,424132,E,1,0.87,0.84,5,U,-109,-6.50"
2026-07-13T13:30:07.131+00:00,/dev/cu.usbserial-576B0005451,"RX,593556,R35,TXD,N46,52,424432,G,1,0.93,0.90,5,U,-109,-4.75"
2026-07-13T13:30:07.327+00:00,/dev/cu.usbserial-576B0005451,"RX,593752,R35,TXA,N01,422,424627,G,1,0.93,0.90,5,F,-108,-1.50"
2026-07-13T13:30:08.079+00:00,/dev/cu.usbserial-576B0005451,"RX,594504,R35,TXE,N61,208,425383,A,1,0.75,0.72,5,U,-109,-3.00"
2026-07-13T13:30:08.328+00:00,/dev/cu.usbserial-576B0005451,"RX,594752,R35,TXA,N01,423,425627,H,1,0.32,0.30,5,F,-108,-1.75"
2026-07-13T13:30:08.473+00:00,/dev/cu.usbserial-576B0005451,"RX,594897,R35,TXK,N151,212,425764,A,0,0.75,0.72,5,U,-108,-1.50"
2026-07-13T13:30:08.826+00:00,/dev/cu.usbserial-576B0005451,"RX,595251,R35,TXF,N76,105,426132,G,1,0.93,0.90,5,U,-110,-6.00"
2026-07-13T13:30:08.985+00:00,/dev/cu.usbserial-576B0005451,"RX,595410,R35,TXJ,N136,51,426281,G,1,0.93,0.90,5,U,-109,-2.50"
2026-07-13T13:30:09.084+00:00,/dev/cu.usbserial-576B0005451,"RX,595508,R35,TXC,N31,104,426386,E,1,0.87,0.84,5,U,-109,-4.50"
2026-07-13T13:30:09.328+00:00,/dev/cu.usbserial-576B0005451,"RX,595752,R35,TXA,N01,424,426627,A,0,0.75,0.72,5,F,-108,-2.00"
2026-07-13T13:30:10.079+00:00,/dev/cu.usbserial-576B0005451,"RX,596503,R35,TXE,N61,209,427383,C,0,0.81,0.78,5,U,-108,-2.00"
2026-07-13T13:30:10.191+00:00,/dev/cu.usbserial-576B0005451,"RX,596616,R35,TXI,N121,104,427483,E,1,0.87,0.84,5,U,-108,-3.50"
2026-07-13T13:30:10.328+00:00,/dev/cu.usbserial-576B0005451,"RX,596752,R35,TXA,N01,425,427627,B,1,0.20,0.18,5,F,-108,-1.50"
2026-07-13T13:30:10.473+00:00,/dev/cu.usbserial-576B0005451,"RX,596897,R35,TXK,N151,213,427764,C,1,0.81,0.78,5,U,-108,-1.25"
2026-07-13T13:30:11.084+00:00,/dev/cu.usbserial-576B0005451,"RX,597508,R35,TXC,N31,105,428386,G,1,0.93,0.90,5,U,-108,-6.25"
2026-07-13T13:30:11.328+00:00,/dev/cu.usbserial-576B0005451,"RX,597752,R35,TXA,N01,426,428627,C,1,0.81,0.78,5,F,-109,-2.50"
2026-07-13T13:30:12.079+00:00,/dev/cu.usbserial-576B0005451,"RX,598504,R35,TXE,N61,210,429383,E,1,0.87,0.84,5,U,-105,-6.00"
2026-07-13T13:30:12.191+00:00,/dev/cu.usbserial-576B0005451,"RX,598616,R35,TXI,N121,105,429483,G,1,0.93,0.90,5,U,-109,-4.75"
2026-07-13T13:30:12.328+00:00,/dev/cu.usbserial-576B0005451,"RX,598752,R35,TXA,N01,427,429627,D,0,0.24,0.22,5,F,-108,-2.25"
2026-07-13T13:30:12.473+00:00,/dev/cu.usbserial-576B0005451,"RX,598897,R35,TXK,N151,214,429764,E,1,0.87,0.84,5,U,-108,-1.75"
2026-07-13T13:30:13.328+00:00,/dev/cu.usbserial-576B0005451,"RX,599752,R35,TXA,N01,428,430627,E,1,0.87,0.84,5,F,-108,-3.25"
2026-07-13T13:30:14.079+00:00,/dev/cu.usbserial-576B0005451,"RX,600503,R35,TXE,N61,211,431383,G,1,0.93,0.90,5,U,-108,-3.75"
2026-07-13T13:30:14.328+00:00,/dev/cu.usbserial-576B0005451,"RX,600752,R35,TXA,N01,429,431627,F,1,0.28,0.26,5,F,-108,-1.75"
2026-07-13T13:30:14.473+00:00,/dev/cu.usbserial-576B0005451,"RX,600897,R35,TXK,N151,215,431764,G,0,0.93,0.90,5,U,-108,-1.75"
2026-07-13T13:30:14.827+00:00,/dev/cu.usbserial-576B0005451,"RX,601251,R35,TXF,N76,106,432132,E,1,0.87,0.84,5,U,-109,-6.50"
2026-07-13T13:30:15.131+00:00,/dev/cu.usbserial-576B0005451,"RX,601556,R35,TXD,N46,53,432432,G,0,0.93,0.90,5,U,-108,-3.50"
2026-07-13T13:30:15.328+00:00,/dev/cu.usbserial-576B0005451,"RX,601752,R35,TXA,N01,430,432627,G,0,0.93,0.90,5,F,-108,-1.75"
2026-07-13T13:30:16.079+00:00,/dev/cu.usbserial-576B0005451,"RX,602504,R35,TXE,N61,212,433383,A,0,0.75,0.72,5,U,-108,-2.25"
2026-07-13T13:30:16.328+00:00,/dev/cu.usbserial-576B0005451,"RX,602752,R35,TXA,N01,431,433627,H,1,0.32,0.30,5,F,-108,-1.75"
2026-07-13T13:30:16.473+00:00,/dev/cu.usbserial-576B0005451,"RX,602897,R35,TXK,N151,216,433764,A,1,0.75,0.72,5,U,-108,-1.25"
2026-07-13T13:30:16.827+00:00,/dev/cu.usbserial-576B0005451,"RX,603251,R35,TXF,N76,107,434132,G,0,0.93,0.90,5,U,-109,-6.75"
2026-07-13T13:30:16.985+00:00,/dev/cu.usbserial-576B0005451,"RX,603410,R35,TXJ,N136,52,434281,G,1,0.93,0.90,5,U,-108,-1.50"
2026-07-13T13:30:17.084+00:00,/dev/cu.usbserial-576B0005451,"RX,603508,R35,TXC,N31,106,434386,E,1,0.87,0.84,5,U,-109,-3.75"
2026-07-13T13:30:17.328+00:00,/dev/cu.usbserial-576B0005451,"RX,603752,R35,TXA,N01,432,434627,A,1,0.75,0.72,5,F,-108,-2.00"
2026-07-13T13:30:18.079+00:00,/dev/cu.usbserial-576B0005451,"RX,604504,R35,TXE,N61,213,435383,C,1,0.81,0.78,5,U,-108,-2.25"
2026-07-13T13:30:18.191+00:00,/dev/cu.usbserial-576B0005451,"RX,604616,R35,TXI,N121,106,435483,E,1,0.87,0.84,5,U,-108,-4.75"
2026-07-13T13:30:18.328+00:00,/dev/cu.usbserial-576B0005451,"RX,604752,R35,TXA,N01,433,435627,B,0,0.20,0.18,5,F,-108,-2.00"
2026-07-13T13:30:18.473+00:00,/dev/cu.usbserial-576B0005451,"RX,604897,R35,TXK,N151,217,435764,C,1,0.81,0.78,5,U,-108,-2.00"
2026-07-13T13:30:19.083+00:00,/dev/cu.usbserial-576B0005451,"RX,605508,R35,TXC,N31,107,436386,G,0,0.93,0.90,5,U,-108,-2.50"
2026-07-13T13:30:19.328+00:00,/dev/cu.usbserial-576B0005451,"RX,605752,R35,TXA,N01,434,436627,C,1,0.81,0.78,5,F,-108,-1.50"
2026-07-13T13:30:20.079+00:00,/dev/cu.usbserial-576B0005451,"RX,606504,R35,TXE,N61,214,437383,E,1,0.87,0.84,5,U,-108,-3.00"
2026-07-13T13:30:20.191+00:00,/dev/cu.usbserial-576B0005451,"RX,606616,R35,TXI,N121,107,437483,G,0,0.93,0.90,5,U,-109,-4.75"
2026-07-13T13:30:20.328+00:00,/dev/cu.usbserial-576B0005451,"RX,606752,R35,TXA,N01,435,437627,D,1,0.24,0.22,5,F,-108,-2.00"
2026-07-13T13:30:20.473+00:00,/dev/cu.usbserial-576B0005451,"RX,606897,R35,TXK,N151,218,437764,E,0,0.87,0.84,5,U,-108,-1.75"
2026-07-13T13:30:21.328+00:00,/dev/cu.usbserial-576B0005451,"RX,607752,R35,TXA,N01,436,438627,E,0,0.87,0.84,5,F,-108,-2.00"
2026-07-13T13:30:22.079+00:00,/dev/cu.usbserial-576B0005451,"RX,608504,R35,TXE,N61,215,439383,G,0,0.93,0.90,5,U,-109,-3.75"
2026-07-13T13:30:22.328+00:00,/dev/cu.usbserial-576B0005451,"RX,608752,R35,TXA,N01,437,439627,F,1,0.28,0.26,5,F,-108,-2.50"
2026-07-13T13:30:22.473+00:00,/dev/cu.usbserial-576B0005451,"RX,608897,R35,TXK,N151,219,439764,G,1,0.93,0.90,5,U,-108,-2.00"
2026-07-13T13:30:22.827+00:00,/dev/cu.usbserial-576B0005451,"RX,609251,R35,TXF,N76,108,440132,E,0,0.87,0.84,5,U,-109,-6.50"
2026-07-13T13:30:23.131+00:00,/dev/cu.usbserial-576B0005451,"RX,609556,R35,TXD,N46,54,440432,G,1,0.93,0.90,5,U,-109,-4.25"
2026-07-13T13:30:23.328+00:00,/dev/cu.usbserial-576B0005451,"RX,609752,R35,TXA,N01,438,440627,G,1,0.93,0.90,5,F,-108,-1.25"
2026-07-13T13:30:23.777+00:00,/dev/cu.usbserial-576B0005451,"RX,610201,R35,TXG,N91,53,441081,G,0,0.93,0.90,5,U,-110,-7.75"
2026-07-13T13:30:24.079+00:00,/dev/cu.usbserial-576B0005451,"RX,610504,R35,TXE,N61,216,441383,A,1,0.75,0.72,5,U,-108,-3.00"
2026-07-13T13:30:24.328+00:00,/dev/cu.usbserial-576B0005451,"RX,610752,R35,TXA,N01,439,441627,H,0,0.32,0.30,5,F,-108,-1.50"
2026-07-13T13:30:24.472+00:00,/dev/cu.usbserial-576B0005451,"RX,610897,R35,TXK,N151,220,441764,A,1,0.75,0.72,5,U,-108,-1.50"
2026-07-13T13:30:24.827+00:00,/dev/cu.usbserial-576B0005451,"RX,611251,R35,TXF,N76,109,442132,G,1,0.93,0.90,5,U,-109,-6.50"
2026-07-13T13:30:24.985+00:00,/dev/cu.usbserial-576B0005451,"RX,611410,R35,TXJ,N136,53,442281,G,0,0.93,0.90,5,U,-108,-1.25"
2026-07-13T13:30:25.084+00:00,/dev/cu.usbserial-576B0005451,"RX,611508,R35,TXC,N31,108,442386,E,0,0.87,0.84,5,U,-108,-2.75"
2026-07-13T13:30:25.328+00:00,/dev/cu.usbserial-576B0005451,"RX,611752,R35,TXA,N01,440,442627,A,1,0.75,0.72,5,F,-108,-2.00"
2026-07-13T13:30:26.079+00:00,/dev/cu.usbserial-576B0005451,"RX,612504,R35,TXE,N61,217,443383,C,1,0.81,0.78,5,U,-108,-2.25"
2026-07-13T13:30:26.191+00:00,/dev/cu.usbserial-576B0005451,"RX,612616,R35,TXI,N121,108,443483,E,0,0.87,0.84,5,U,-109,-4.75"
2026-07-13T13:30:26.328+00:00,/dev/cu.usbserial-576B0005451,"RX,612752,R35,TXA,N01,441,443627,B,1,0.20,0.18,5,F,-108,-1.50"
2026-07-13T13:30:26.473+00:00,/dev/cu.usbserial-576B0005451,"RX,612897,R35,TXK,N151,221,443764,C,0,0.81,0.78,5,U,-108,-3.00"
2026-07-13T13:30:27.086+00:00,/dev/cu.usbserial-576B0005451,"RX,613508,R35,TXC,N31,109,444386,G,1,0.93,0.90,5,U,-108,-1.00"
2026-07-13T13:30:27.328+00:00,/dev/cu.usbserial-576B0005451,"RX,613752,R35,TXA,N01,442,444627,C,0,0.81,0.78,5,F,-108,-0.50"
2026-07-13T13:30:28.079+00:00,/dev/cu.usbserial-576B0005451,"RX,614504,R35,TXE,N61,218,445383,E,0,0.87,0.84,5,U,-108,-2.50"
2026-07-13T13:30:28.191+00:00,/dev/cu.usbserial-576B0005451,"RX,614616,R35,TXI,N121,109,445483,G,1,0.93,0.90,5,U,-109,-4.00"
2026-07-13T13:30:28.328+00:00,/dev/cu.usbserial-576B0005451,"RX,614752,R35,TXA,N01,443,445627,D,1,0.24,0.22,5,F,-108,-1.25"
2026-07-13T13:30:28.473+00:00,/dev/cu.usbserial-576B0005451,"RX,614897,R35,TXK,N151,222,445764,E,1,0.87,0.84,5,U,-108,-2.25"
2026-07-13T13:30:29.327+00:00,/dev/cu.usbserial-576B0005451,"RX,615752,R35,TXA,N01,444,446627,E,1,0.87,0.84,5,F,-107,-1.25"
2026-07-13T13:30:30.079+00:00,/dev/cu.usbserial-576B0005451,"RX,616504,R35,TXE,N61,219,447383,G,1,0.93,0.90,5,U,-108,-2.75"
2026-07-13T13:30:30.328+00:00,/dev/cu.usbserial-576B0005451,"RX,616752,R35,TXA,N01,445,447627,F,0,0.28,0.26,5,F,-108,-1.00"
2026-07-13T13:30:30.473+00:00,/dev/cu.usbserial-576B0005451,"RX,616897,R35,TXK,N151,223,447764,G,1,0.93,0.90,5,U,-108,-1.75"
2026-07-13T13:30:30.826+00:00,/dev/cu.usbserial-576B0005451,"RX,617251,R35,TXF,N76,110,448132,E,1,0.87,0.84,5,U,-109,-7.25"
2026-07-13T13:30:31.131+00:00,/dev/cu.usbserial-576B0005451,"RX,617556,R35,TXD,N46,55,448432,G,1,0.93,0.90,5,U,-109,-4.00"
2026-07-13T13:30:31.328+00:00,/dev/cu.usbserial-576B0005451,"RX,617752,R35,TXA,N01,446,448627,G,1,0.93,0.90,5,F,-108,-1.25"
2026-07-13T13:30:32.079+00:00,/dev/cu.usbserial-576B0005451,"RX,618504,R35,TXE,N61,220,449383,A,1,0.75,0.72,5,U,-108,-2.50"
2026-07-13T13:30:32.328+00:00,/dev/cu.usbserial-576B0005451,"RX,618752,R35,TXA,N01,447,449627,H,1,0.32,0.30,5,F,-108,-1.75"
2026-07-13T13:30:32.473+00:00,/dev/cu.usbserial-576B0005451,"RX,618897,R35,TXK,N151,224,449764,A,1,0.75,0.72,5,U,-108,-1.75"
2026-07-13T13:30:32.827+00:00,/dev/cu.usbserial-576B0005451,"RX,619251,R35,TXF,N76,111,450132,G,1,0.93,0.90,5,U,-109,-7.00"
2026-07-13T13:30:32.985+00:00,/dev/cu.usbserial-576B0005451,"RX,619410,R35,TXJ,N136,54,450281,G,1,0.93,0.90,5,U,-108,-1.25"
2026-07-13T13:30:33.084+00:00,/dev/cu.usbserial-576B0005451,"RX,619508,R35,TXC,N31,110,450386,E,1,0.87,0.84,5,U,-108,-1.50"
2026-07-13T13:30:33.328+00:00,/dev/cu.usbserial-576B0005451,"RX,619752,R35,TXA,N01,448,450627,A,1,0.75,0.72,5,F,-108,-0.75"
2026-07-13T13:30:34.079+00:00,/dev/cu.usbserial-576B0005451,"RX,620504,R35,TXE,N61,221,451383,C,0,0.81,0.78,5,U,-108,-2.75"
2026-07-13T13:30:34.191+00:00,/dev/cu.usbserial-576B0005451,"RX,620616,R35,TXI,N121,110,451483,E,1,0.87,0.84,5,U,-109,-3.50"
2026-07-13T13:30:34.328+00:00,/dev/cu.usbserial-576B0005451,"RX,620752,R35,TXA,N01,449,451627,B,0,0.20,0.18,5,F,-108,-1.25"
2026-07-13T13:30:34.473+00:00,/dev/cu.usbserial-576B0005451,"RX,620897,R35,TXK,N151,225,451764,C,1,0.81,0.78,5,U,-108,-1.75"
2026-07-13T13:30:35.083+00:00,/dev/cu.usbserial-576B0005451,"RX,621508,R35,TXC,N31,111,452386,G,1,0.93,0.90,5,U,-108,-2.50"
2026-07-13T13:30:36.079+00:00,/dev/cu.usbserial-576B0005451,"RX,622504,R35,TXE,N61,222,453383,E,1,0.87,0.84,5,U,-108,-3.50"
2026-07-13T13:30:36.192+00:00,/dev/cu.usbserial-576B0005451,"RX,622616,R35,TXI,N121,111,453483,G,1,0.93,0.90,5,U,-108,-4.50"
2026-07-13T13:30:36.328+00:00,/dev/cu.usbserial-576B0005451,"RX,622752,R35,TXA,N01,451,453627,D,1,0.24,0.22,5,F,-108,-1.50"
2026-07-13T13:30:36.473+00:00,/dev/cu.usbserial-576B0005451,"RX,622897,R35,TXK,N151,226,453764,E,0,0.87,0.84,5,U,-108,-1.50"
2026-07-13T13:30:37.328+00:00,/dev/cu.usbserial-576B0005451,"RX,623752,R35,TXA,N01,452,454627,E,0,0.87,0.84,5,F,-108,-1.50"
2026-07-13T13:30:38.079+00:00,/dev/cu.usbserial-576B0005451,"RX,624504,R35,TXE,N61,223,455383,G,1,0.93,0.90,5,U,-109,-3.00"
2026-07-13T13:30:38.328+00:00,/dev/cu.usbserial-576B0005451,"RX,624752,R35,TXA,N01,453,455627,F,1,0.28,0.26,5,F,-108,-1.50"
2026-07-13T13:30:38.438+00:00,/dev/cu.usbserial-576B0005451,"RX,624863,R35,TXH,N106,28,455743,G,1,0.93,0.90,5,U,-104,0.25"
2026-07-13T13:30:38.620+00:00,/dev/cu.usbserial-576B0005451,"RX,625044,R35,TXL,N166,28,455917,G,1,0.93,0.90,5,U,-108,-0.75"
2026-07-13T13:30:38.827+00:00,/dev/cu.usbserial-576B0005451,"RX,625251,R35,TXF,N76,112,456132,E,0,0.87,0.84,5,U,-109,-6.75"
2026-07-13T13:30:39.131+00:00,/dev/cu.usbserial-576B0005451,"RX,625556,R35,TXD,N46,56,456432,G,1,0.93,0.90,5,U,-108,-4.25"
2026-07-13T13:30:39.328+00:00,/dev/cu.usbserial-576B0005451,"RX,625752,R35,TXA,N01,454,456627,G,1,0.93,0.90,5,F,-108,-2.25"
2026-07-13T13:30:39.776+00:00,/dev/cu.usbserial-576B0005451,"RX,626201,R35,TXG,N91,55,457081,G,1,0.93,0.90,5,U,-109,-8.00"
2026-07-13T13:30:40.079+00:00,/dev/cu.usbserial-576B0005451,"RX,626503,R35,TXE,N61,224,457383,A,1,0.75,0.72,5,U,-109,-4.00"
2026-07-13T13:30:40.328+00:00,/dev/cu.usbserial-576B0005451,"RX,626752,R35,TXA,N01,455,457627,H,0,0.32,0.30,5,F,-108,-1.75"
2026-07-13T13:30:40.473+00:00,/dev/cu.usbserial-576B0005451,"RX,626897,R35,TXK,N151,228,457764,A,1,0.75,0.72,5,U,-108,-2.50"
2026-07-13T13:30:40.826+00:00,/dev/cu.usbserial-576B0005451,"RX,627251,R35,TXF,N76,113,458132,G,1,0.93,0.90,5,U,-109,-6.75"
2026-07-13T13:30:40.985+00:00,/dev/cu.usbserial-576B0005451,"RX,627409,R35,TXJ,N136,55,458281,G,1,0.93,0.90,5,U,-108,-3.50"
2026-07-13T13:30:41.084+00:00,/dev/cu.usbserial-576B0005451,"RX,627508,R35,TXC,N31,112,458386,E,0,0.87,0.84,5,U,-108,-3.75"
2026-07-13T13:30:41.328+00:00,/dev/cu.usbserial-576B0005451,"RX,627752,R35,TXA,N01,456,458627,A,1,0.75,0.72,5,F,-108,-2.25"
2026-07-13T13:30:42.079+00:00,/dev/cu.usbserial-576B0005451,"RX,628504,R35,TXE,N61,225,459383,C,1,0.81,0.78,5,U,-109,-3.50"
2026-07-13T13:30:42.191+00:00,/dev/cu.usbserial-576B0005451,"RX,628616,R35,TXI,N121,112,459483,E,0,0.87,0.84,5,U,-109,-5.00"
2026-07-13T13:30:42.328+00:00,/dev/cu.usbserial-576B0005451,"RX,628752,R35,TXA,N01,457,459627,B,1,0.20,0.18,5,F,-108,-2.25"
2026-07-13T13:30:42.473+00:00,/dev/cu.usbserial-576B0005451,"RX,628897,R35,TXK,N151,229,459764,C,0,0.81,0.78,5,U,-108,-3.00"
2026-07-13T13:30:43.083+00:00,/dev/cu.usbserial-576B0005451,"RX,629508,R35,TXC,N31,113,460386,G,1,0.93,0.90,5,U,-108,-3.75"
2026-07-13T13:30:43.328+00:00,/dev/cu.usbserial-576B0005451,"RX,629752,R35,TXA,N01,458,460627,C,0,0.81,0.78,5,F,-108,-2.50"
2026-07-13T13:30:44.079+00:00,/dev/cu.usbserial-576B0005451,"RX,630504,R35,TXE,N61,226,461383,E,0,0.87,0.84,5,U,-108,-4.50"
2026-07-13T13:30:44.191+00:00,/dev/cu.usbserial-576B0005451,"RX,630616,R35,TXI,N121,113,461483,G,1,0.93,0.90,5,U,-109,-5.50"
2026-07-13T13:30:44.328+00:00,/dev/cu.usbserial-576B0005451,"RX,630752,R35,TXA,N01,459,461627,D,1,0.24,0.22,5,F,-108,-2.50"
2026-07-13T13:30:44.473+00:00,/dev/cu.usbserial-576B0005451,"RX,630897,R35,TXK,N151,230,461764,E,1,0.87,0.84,5,U,-108,-2.75"
2026-07-13T13:30:45.328+00:00,/dev/cu.usbserial-576B0005451,"RX,631752,R35,TXA,N01,460,462627,E,1,0.87,0.84,5,F,-108,-1.75"
2026-07-13T13:30:46.079+00:00,/dev/cu.usbserial-576B0005451,"RX,632504,R35,TXE,N61,227,463383,G,1,0.93,0.90,5,U,-109,-3.50"
2026-07-13T13:30:46.328+00:00,/dev/cu.usbserial-576B0005451,"RX,632752,R35,TXA,N01,461,463627,F,0,0.28,0.26,5,F,-108,-2.25"
2026-07-13T13:30:46.438+00:00,/dev/cu.usbserial-576B0005451,"RX,632863,R35,TXH,N106,29,463743,G,1,0.93,0.90,5,U,-105,0.25"
2026-07-13T13:30:46.620+00:00,/dev/cu.usbserial-576B0005451,"RX,633044,R35,TXL,N166,29,463917,G,1,0.93,0.90,5,U,-107,-1.25"
2026-07-13T13:30:46.827+00:00,/dev/cu.usbserial-576B0005451,"RX,633251,R35,TXF,N76,114,464132,E,1,0.87,0.84,5,U,-109,-6.75"
2026-07-13T13:30:47.131+00:00,/dev/cu.usbserial-576B0005451,"RX,633556,R35,TXD,N46,57,464432,G,1,0.93,0.90,5,U,-108,-4.25"
2026-07-13T13:30:47.776+00:00,/dev/cu.usbserial-576B0005451,"RX,634201,R35,TXG,N91,56,465081,G,1,0.93,0.90,5,U,-110,-8.50"
2026-07-13T13:30:48.079+00:00,/dev/cu.usbserial-576B0005451,"RX,634503,R35,TXE,N61,228,465383,A,1,0.75,0.72,5,U,-109,-4.25"
2026-07-13T13:30:48.328+00:00,/dev/cu.usbserial-576B0005451,"RX,634752,R35,TXA,N01,463,465627,H,1,0.32,0.30,5,F,-108,-2.25"
2026-07-13T13:30:48.473+00:00,/dev/cu.usbserial-576B0005451,"RX,634897,R35,TXK,N151,232,465764,A,0,0.75,0.72,5,U,-108,-3.25"
2026-07-13T13:30:48.827+00:00,/dev/cu.usbserial-576B0005451,"RX,635251,R35,TXF,N76,115,466132,G,1,0.93,0.90,5,U,-109,-7.75"
2026-07-13T13:30:48.985+00:00,/dev/cu.usbserial-576B0005451,"RX,635410,R35,TXJ,N136,56,466281,G,1,0.93,0.90,5,U,-108,-3.00"
2026-07-13T13:30:49.084+00:00,/dev/cu.usbserial-576B0005451,"RX,635508,R35,TXC,N31,114,466386,E,1,0.87,0.84,5,U,-108,-4.00"
2026-07-13T13:30:49.328+00:00,/dev/cu.usbserial-576B0005451,"RX,635752,R35,TXA,N01,464,466627,A,0,0.75,0.72,5,F,-109,-3.50"
2026-07-13T13:30:50.079+00:00,/dev/cu.usbserial-576B0005451,"RX,636503,R35,TXE,N61,229,467383,C,0,0.81,0.78,5,U,-109,-4.75"
2026-07-13T13:30:50.191+00:00,/dev/cu.usbserial-576B0005451,"RX,636616,R35,TXI,N121,114,467483,E,1,0.87,0.84,5,U,-108,-7.50"
2026-07-13T13:30:50.328+00:00,/dev/cu.usbserial-576B0005451,"RX,636752,R35,TXA,N01,465,467627,B,1,0.20,0.18,5,F,-108,-3.75"
2026-07-13T13:30:50.473+00:00,/dev/cu.usbserial-576B0005451,"RX,636897,R35,TXK,N151,233,467764,C,1,0.81,0.78,5,U,-108,-3.75"
2026-07-13T13:30:51.084+00:00,/dev/cu.usbserial-576B0005451,"RX,637508,R35,TXC,N31,115,468386,G,1,0.93,0.90,5,U,-109,-5.00"
2026-07-13T13:30:51.328+00:00,/dev/cu.usbserial-576B0005451,"RX,637752,R35,TXA,N01,466,468627,C,1,0.81,0.78,5,F,-108,-3.00"
2026-07-13T13:30:52.079+00:00,/dev/cu.usbserial-576B0005451,"RX,638503,R35,TXE,N61,230,469383,E,1,0.87,0.84,5,U,-108,-4.50"
2026-07-13T13:30:52.191+00:00,/dev/cu.usbserial-576B0005451,"RX,638616,R35,TXI,N121,115,469483,G,1,0.93,0.90,5,U,-109,-6.75"
2026-07-13T13:30:52.328+00:00,/dev/cu.usbserial-576B0005451,"RX,638752,R35,TXA,N01,467,469627,D,0,0.24,0.22,5,F,-108,-3.25"
2026-07-13T13:30:53.328+00:00,/dev/cu.usbserial-576B0005451,"RX,639752,R35,TXA,N01,468,470627,E,1,0.87,0.84,5,F,-108,-4.00"
2026-07-13T13:30:54.079+00:00,/dev/cu.usbserial-576B0005451,"RX,640504,R35,TXE,N61,231,471383,G,1,0.93,0.90,5,U,-109,-4.50"
2026-07-13T13:30:54.328+00:00,/dev/cu.usbserial-576B0005451,"RX,640752,R35,TXA,N01,469,471627,F,1,0.28,0.26,5,F,-108,-3.25"
2026-07-13T13:30:54.438+00:00,/dev/cu.usbserial-576B0005451,"RX,640863,R35,TXH,N106,30,471743,G,0,0.93,0.90,5,U,-106,-0.50"
2026-07-13T13:30:54.620+00:00,/dev/cu.usbserial-576B0005451,"RX,641044,R35,TXL,N166,30,471917,G,0,0.93,0.90,5,U,-108,-2.50"
2026-07-13T13:30:54.827+00:00,/dev/cu.usbserial-576B0005451,"RX,641251,R35,TXF,N76,116,472132,E,1,0.87,0.84,5,U,-109,-7.75"
2026-07-13T13:30:55.131+00:00,/dev/cu.usbserial-576B0005451,"RX,641556,R35,TXD,N46,58,472432,G,0,0.93,0.90,5,U,-109,-4.50"
2026-07-13T13:30:55.328+00:00,/dev/cu.usbserial-576B0005451,"RX,641752,R35,TXA,N01,470,472627,G,0,0.93,0.90,5,F,-109,-3.00"
2026-07-13T13:30:56.328+00:00,/dev/cu.usbserial-576B0005451,"RX,642752,R35,TXA,N01,471,473627,H,1,0.32,0.30,5,F,-109,-3.25"
2026-07-13T13:30:56.826+00:00,/dev/cu.usbserial-576B0005451,"RX,643251,R35,TXF,N76,117,474132,G,0,0.93,0.90,5,U,-109,-8.00"
2026-07-13T13:30:56.985+00:00,/dev/cu.usbserial-576B0005451,"RX,643410,R35,TXJ,N136,57,474281,G,1,0.93,0.90,5,U,-108,-4.00"
2026-07-13T13:30:57.084+00:00,/dev/cu.usbserial-576B0005451,"RX,643508,R35,TXC,N31,116,474386,E,1,0.87,0.84,5,U,-109,-3.50"
2026-07-13T13:30:57.328+00:00,/dev/cu.usbserial-576B0005451,"RX,643752,R35,TXA,N01,472,474627,A,1,0.75,0.72,5,F,-108,-2.75"
2026-07-13T13:30:58.079+00:00,/dev/cu.usbserial-576B0005451,"RX,644503,R35,TXE,N61,233,475383,C,1,0.81,0.78,5,U,-110,-3.75"
2026-07-13T13:30:58.191+00:00,/dev/cu.usbserial-576B0005451,"RX,644616,R35,TXI,N121,116,475483,E,1,0.87,0.84,5,U,-109,-6.00"
2026-07-13T13:30:58.328+00:00,/dev/cu.usbserial-576B0005451,"RX,644752,R35,TXA,N01,473,475627,B,0,0.20,0.18,5,F,-109,-2.50"
2026-07-13T13:30:58.473+00:00,/dev/cu.usbserial-576B0005451,"RX,644897,R35,TXK,N151,237,475764,C,1,0.81,0.78,5,U,-108,-2.50"
2026-07-13T13:30:59.083+00:00,/dev/cu.usbserial-576B0005451,"RX,645508,R35,TXC,N31,117,476386,G,0,0.93,0.90,5,U,-109,-2.75"
2026-07-13T13:30:59.328+00:00,/dev/cu.usbserial-576B0005451,"RX,645752,R35,TXA,N01,474,476627,C,1,0.81,0.78,5,F,-108,-2.75"
