wall_time_utc,serial_port,raw_line
2026-07-11T13:58:04.146+00:00,/dev/cu.usbserial-576B0005451,"RX,593759,R35,TXK,N151,0,1763,A,1,0.75,0.72,5,U,-50,9.75"
2026-07-11T13:58:05.001+00:00,/dev/cu.usbserial-576B0005451,"RX,594614,R35,TXA,N01,0,2626,A,1,0.75,0.72,5,F,-39,9.75"
2026-07-11T13:58:05.999+00:00,/dev/cu.usbserial-576B0005451,"RX,595613,R35,TXA,N01,1,3626,B,0,0.20,0.18,5,F,-39,9.50"
2026-07-11T13:58:06.144+00:00,/dev/cu.usbserial-576B0005451,"RX,595758,R35,TXK,N151,1,3762,C,1,0.81,0.78,5,U,-48,9.25"
2026-07-11T13:58:07.000+00:00,/dev/cu.usbserial-576B0005451,"RX,596613,R35,TXA,N01,2,4626,C,1,0.81,0.78,5,F,-41,10.00"
2026-07-11T13:58:07.267+00:00,/dev/cu.usbserial-576B0005451,"RX,596880,R35,TXB,N16,0,4892,A,1,0.75,0.72,5,U,-52,9.75"
2026-07-11T13:58:08.000+00:00,/dev/cu.usbserial-576B0005451,"RX,597613,R35,TXA,N01,3,5626,D,1,0.24,0.22,5,F,-40,10.00"
2026-07-11T13:58:08.144+00:00,/dev/cu.usbserial-576B0005451,"RX,597758,R35,TXK,N151,2,5762,E,0,0.87,0.84,5,U,-49,9.50"
2026-07-11T13:58:08.999+00:00,/dev/cu.usbserial-576B0005451,"RX,598613,R35,TXA,N01,4,6626,E,0,0.87,0.84,5,F,-41,10.00"
2026-07-11T13:58:09.266+00:00,/dev/cu.usbserial-576B0005451,"RX,598880,R35,TXB,N16,1,6892,C,1,0.81,0.78,5,U,-53,10.25"
2026-07-11T13:58:10.000+00:00,/dev/cu.usbserial-576B0005451,"RX,599613,R35,TXA,N01,5,7626,F,1,0.28,0.26,5,F,-40,10.25"
2026-07-11T13:58:10.298+00:00,/dev/cu.usbserial-576B0005451,"RX,599912,R35,TXL,N166,0,7916,G,1,0.93,0.90,5,U,-52,9.75"
2026-07-11T13:58:10.499+00:00,/dev/cu.usbserial-576B0005451,"RX,600112,R35,TXF,N76,0,8130,E,0,0.87,0.84,5,U,-47,10.25"
2026-07-11T13:58:10.804+00:00,/dev/cu.usbserial-576B0005451,"RX,600417,R35,TXD,N46,0,8430,G,1,0.93,0.90,5,U,-49,10.00"
2026-07-11T13:58:10.999+00:00,/dev/cu.usbserial-576B0005451,"RX,600613,R35,TXA,N01,6,8626,G,1,0.93,0.90,5,F,-43,9.00"
2026-07-11T13:58:11.266+00:00,/dev/cu.usbserial-576B0005451,"RX,600880,R35,TXB,N16,2,8892,E,0,0.87,0.84,5,U,-54,10.50"
2026-07-11T13:58:11.751+00:00,/dev/cu.usbserial-576B0005451,"RX,601364,R35,TXE,N61,0,9381,A,1,0.75,0.72,5,U,-51,10.25"
2026-07-11T13:58:11.999+00:00,/dev/cu.usbserial-576B0005451,"RX,601613,R35,TXA,N01,7,9626,H,0,0.32,0.30,5,F,-42,9.75"
2026-07-11T13:58:12.144+00:00,/dev/cu.usbserial-576B0005451,"RX,601758,R35,TXK,N151,4,9762,A,1,0.75,0.72,5,U,-50,9.25"
2026-07-11T13:58:12.504+00:00,/dev/cu.usbserial-576B0005451,"RX,602117,R35,TXF,N76,1,10130,G,1,0.93,0.90,5,U,-47,10.00"
2026-07-11T13:58:12.760+00:00,/dev/cu.usbserial-576B0005451,"RX,602373,R35,TXC,N31,0,10381,E,0,0.87,0.84,5,U,-53,9.50"
2026-07-11T13:58:13.005+00:00,/dev/cu.usbserial-576B0005451,"RX,602618,R35,TXA,N01,8,10626,A,1,0.75,0.72,5,F,-43,9.25"
2026-07-11T13:58:13.271+00:00,/dev/cu.usbserial-576B0005451,"RX,602885,R35,TXB,N16,3,10892,G,1,0.93,0.90,5,U,-55,9.50"
2026-07-11T13:58:13.755+00:00,/dev/cu.usbserial-576B0005451,"RX,603369,R35,TXE,N61,1,11381,C,1,0.81,0.78,5,U,-52,9.75"
2026-07-11T13:58:13.862+00:00,/dev/cu.usbserial-576B0005451,"RX,603476,R35,TXI,N121,0,11480,E,0,0.87,0.84,5,U,-43,9.75"
2026-07-11T13:58:14.004+00:00,/dev/cu.usbserial-576B0005451,"RX,603618,R35,TXA,N01,9,11626,B,1,0.20,0.18,5,F,-43,9.25"
2026-07-11T13:58:14.145+00:00,/dev/cu.usbserial-576B0005451,"RX,603758,R35,TXK,N151,5,11762,C,0,0.81,0.78,5,U,-49,10.00"
2026-07-11T13:58:14.759+00:00,/dev/cu.usbserial-576B0005451,"RX,604373,R35,TXC,N31,1,12381,G,1,0.93,0.90,5,U,-52,9.75"
2026-07-11T13:58:15.005+00:00,/dev/cu.usbserial-576B0005451,"RX,604618,R35,TXA,N01,10,12626,C,0,0.81,0.78,5,F,-42,10.00"
2026-07-11T13:58:15.271+00:00,/dev/cu.usbserial-576B0005451,"RX,604885,R35,TXB,N16,4,12892,A,1,0.75,0.72,5,U,-55,9.50"
2026-07-11T13:58:15.755+00:00,/dev/cu.usbserial-576B0005451,"RX,605368,R35,TXE,N61,2,13381,E,0,0.87,0.84,5,U,-51,9.75"
2026-07-11T13:58:15.862+00:00,/dev/cu.usbserial-576B0005451,"RX,605476,R35,TXI,N121,1,13480,G,1,0.93,0.90,5,U,-44,10.00"
2026-07-11T13:58:16.005+00:00,/dev/cu.usbserial-576B0005451,"RX,605618,R35,TXA,N01,11,13626,D,1,0.24,0.22,5,F,-43,9.75"
2026-07-11T13:58:16.145+00:00,/dev/cu.usbserial-576B0005451,"RX,605758,R35,TXK,N151,6,13762,E,1,0.87,0.84,5,U,-49,10.00"
2026-07-11T13:58:17.006+00:00,/dev/cu.usbserial-576B0005451,"RX,606618,R35,TXA,N01,12,14626,E,1,0.87,0.84,5,F,-42,10.00"
2026-07-11T13:58:17.272+00:00,/dev/cu.usbserial-576B0005451,"RX,606885,R35,TXB,N16,5,14892,C,0,0.81,0.78,5,U,-54,9.75"
2026-07-11T13:58:17.755+00:00,/dev/cu.usbserial-576B0005451,"RX,607368,R35,TXE,N61,3,15381,G,1,0.93,0.90,5,U,-51,9.75"
2026-07-11T13:58:18.005+00:00,/dev/cu.usbserial-576B0005451,"RX,607618,R35,TXA,N01,13,15626,F,0,0.28,0.26,5,F,-42,10.25"
2026-07-11T13:58:18.118+00:00,/dev/cu.usbserial-576B0005451,"RX,607730,R35,TXH,N106,1,15743,G,1,0.93,0.90,5,U,-39,0.00"
2026-07-11T13:58:18.298+00:00,/dev/cu.usbserial-576B0005451,"RX,607911,R35,TXL,N166,1,15916,G,1,0.93,0.90,5,U,-52,10.00"
2026-07-11T13:58:18.504+00:00,/dev/cu.usbserial-576B0005451,"RX,608117,R35,TXF,N76,2,16130,E,1,0.87,0.84,5,U,-48,9.00"
2026-07-11T13:58:18.808+00:00,/dev/cu.usbserial-576B0005451,"RX,608422,R35,TXD,N46,1,16430,G,1,0.93,0.90,5,U,-51,9.75"
2026-07-11T13:58:19.006+00:00,/dev/cu.usbserial-576B0005451,"RX,608618,R35,TXA,N01,14,16626,G,1,0.93,0.90,5,F,-42,9.75"
2026-07-11T13:58:19.272+00:00,/dev/cu.usbserial-576B0005451,"RX,608885,R35,TXB,N16,6,16892,E,1,0.87,0.84,5,U,-54,9.50"
2026-07-11T13:58:19.453+00:00,/dev/cu.usbserial-576B0005451,"RX,609067,R35,TXG,N91,0,17079,G,1,0.93,0.90,5,U,-53,9.75"
2026-07-11T13:58:19.755+00:00,/dev/cu.usbserial-576B0005451,"RX,609368,R35,TXE,N61,4,17381,A,1,0.75,0.72,5,U,-51,9.75"
2026-07-11T13:58:20.006+00:00,/dev/cu.usbserial-576B0005451,"RX,609618,R35,TXA,N01,15,17626,H,1,0.32,0.30,5,F,-41,9.75"
2026-07-11T13:58:20.144+00:00,/dev/cu.usbserial-576B0005451,"RX,609758,R35,TXK,N151,8,17762,A,0,0.75,0.72,5,U,-49,9.25"
2026-07-11T13:58:20.504+00:00,/dev/cu.usbserial-576B0005451,"RX,610117,R35,TXF,N76,3,18130,G,1,0.93,0.90,5,U,-49,9.75"
2026-07-11T13:58:20.661+00:00,/dev/cu.usbserial-576B0005451,"RX,610275,R35,TXJ,N136,0,18279,G,1,0.93,0.90,5,U,-43,9.75"
2026-07-11T13:58:20.759+00:00,/dev/cu.usbserial-576B0005451,"RX,610373,R35,TXC,N31,2,18381,E,1,0.87,0.84,5,U,-60,9.50"
2026-07-11T13:58:21.005+00:00,/dev/cu.usbserial-576B0005451,"RX,610618,R35,TXA,N01,16,18626,A,0,0.75,0.72,5,F,-41,9.75"
2026-07-11T13:58:21.271+00:00,/dev/cu.usbserial-576B0005451,"RX,610885,R35,TXB,N16,7,18892,G,1,0.93,0.90,5,U,-53,9.75"
2026-07-11T13:58:21.755+00:00,/dev/cu.usbserial-576B0005451,"RX,611368,R35,TXE,N61,5,19381,C,0,0.81,0.78,5,U,-53,10.00"
2026-07-11T13:58:21.862+00:00,/dev/cu.usbserial-576B0005451,"RX,611476,R35,TXI,N121,2,19480,E,1,0.87,0.84,5,U,-44,9.75"
2026-07-11T13:58:22.005+00:00,/dev/cu.usbserial-576B0005451,"RX,611618,R35,TXA,N01,17,19626,B,1,0.20,0.18,5,F,-42,10.50"
2026-07-11T13:58:22.145+00:00,/dev/cu.usbserial-576B0005451,"RX,611758,R35,TXK,N151,9,19762,C,1,0.81,0.78,5,U,-48,9.75"
2026-07-11T13:58:22.759+00:00,/dev/cu.usbserial-576B0005451,"RX,612373,R35,TXC,N31,3,20381,G,1,0.93,0.90,5,U,-61,9.25"
2026-07-11T13:58:23.005+00:00,/dev/cu.usbserial-576B0005451,"RX,612618,R35,TXA,N01,18,20626,C,1,0.81,0.78,5,F,-42,10.00"
2026-07-11T13:58:23.272+00:00,/dev/cu.usbserial-576B0005451,"RX,612885,R35,TXB,N16,8,20892,A,0,0.75,0.72,5,U,-53,9.50"
2026-07-11T13:58:23.755+00:00,/dev/cu.usbserial-576B0005451,"RX,613368,R35,TXE,N61,6,21381,E,1,0.87,0.84,5,U,-52,9.75"
2026-07-11T13:58:23.862+00:00,/dev/cu.usbserial-576B0005451,"RX,613476,R35,TXI,N121,3,21480,G,1,0.93,0.90,5,U,-44,10.00"
2026-07-11T13:58:24.005+00:00,/dev/cu.usbserial-576B0005451,"RX,613618,R35,TXA,N01,19,21626,D,0,0.24,0.22,5,F,-42,11.00"
2026-07-11T13:58:24.145+00:00,/dev/cu.usbserial-576B0005451,"RX,613758,R35,TXK,N151,10,21762,E,1,0.87,0.84,5,U,-48,10.00"
2026-07-11T13:58:25.005+00:00,/dev/cu.usbserial-576B0005451,"RX,614618,R35,TXA,N01,20,22626,E,1,0.87,0.84,5,F,-42,9.75"
2026-07-11T13:58:25.271+00:00,/dev/cu.usbserial-576B0005451,"RX,614885,R35,TXB,N16,9,22892,C,1,0.81,0.78,5,U,-53,9.50"
2026-07-11T13:58:25.755+00:00,/dev/cu.usbserial-576B0005451,"RX,615368,R35,TXE,N61,7,23381,G,1,0.93,0.90,5,U,-52,10.25"
2026-07-11T13:58:26.005+00:00,/dev/cu.usbserial-576B0005451,"RX,615618,R35,TXA,N01,21,23626,F,1,0.28,0.26,5,F,-42,9.75"
2026-07-11T13:58:26.298+00:00,/dev/cu.usbserial-576B0005451,"RX,615911,R35,TXL,N166,2,23916,G,0,0.93,0.90,5,U,-53,10.25"
2026-07-11T13:58:26.504+00:00,/dev/cu.usbserial-576B0005451,"RX,616117,R35,TXF,N76,4,24130,E,1,0.87,0.84,5,U,-48,9.75"
2026-07-11T13:58:26.808+00:00,/dev/cu.usbserial-576B0005451,"RX,616422,R35,TXD,N46,2,24430,G,0,0.93,0.90,5,U,-49,9.25"
2026-07-11T13:58:27.005+00:00,/dev/cu.usbserial-576B0005451,"RX,616618,R35,TXA,N01,22,24626,G,0,0.93,0.90,5,F,-42,10.00"
2026-07-11T13:58:27.272+00:00,/dev/cu.usbserial-576B0005451,"RX,616885,R35,TXB,N16,10,24892,E,1,0.87,0.84,5,U,-53,9.50"
2026-07-11T13:58:27.453+00:00,/dev/cu.usbserial-576B0005451,"RX,617066,R35,TXG,N91,1,25079,G,1,0.93,0.90,5,U,-50,9.50"
2026-07-11T13:58:27.755+00:00,/dev/cu.usbserial-576B0005451,"RX,617368,R35,TXE,N61,8,25381,A,0,0.75,0.72,5,U,-52,9.75"
2026-07-11T13:58:28.005+00:00,/dev/cu.usbserial-576B0005451,"RX,617618,R35,TXA,N01,23,25626,H,1,0.32,0.30,5,F,-41,9.75"
2026-07-11T13:58:28.144+00:00,/dev/cu.usbserial-576B0005451,"RX,617758,R35,TXK,N151,12,25762,A,1,0.75,0.72,5,U,-48,9.25"
2026-07-11T13:58:28.504+00:00,/dev/cu.usbserial-576B0005451,"RX,618117,R35,TXF,N76,5,26130,G,0,0.93,0.90,5,U,-48,9.75"
2026-07-11T13:58:28.661+00:00,/dev/cu.usbserial-576B0005451,"RX,618274,R35,TXJ,N136,1,26279,G,1,0.93,0.90,5,U,-44,9.50"
2026-07-11T13:58:28.759+00:00,/dev/cu.usbserial-576B0005451,"RX,618373,R35,TXC,N31,4,26381,E,1,0.87,0.84,5,U,-60,9.25"
2026-07-11T13:58:29.005+00:00,/dev/cu.usbserial-576B0005451,"RX,618618,R35,TXA,N01,24,26626,A,1,0.75,0.72,5,F,-41,10.50"
2026-07-11T13:58:29.272+00:00,/dev/cu.usbserial-576B0005451,"RX,618885,R35,TXB,N16,11,26892,G,0,0.93,0.90,5,U,-53,10.50"
2026-07-11T13:58:29.756+00:00,/dev/cu.usbserial-576B0005451,"RX,619368,R35,TXE,N61,9,27381,C,1,0.81,0.78,5,U,-52,9.75"
2026-07-11T13:58:29.862+00:00,/dev/cu.usbserial-576B0005451,"RX,619476,R35,TXI,N121,4,27480,E,1,0.87,0.84,5,U,-44,10.50"
2026-07-11T13:58:30.005+00:00,/dev/cu.usbserial-576B0005451,"RX,619618,R35,TXA,N01,25,27626,B,0,0.20,0.18,5,F,-43,9.50"
2026-07-11T13:58:30.144+00:00,/dev/cu.usbserial-576B0005451,"RX,619758,R35,TXK,N151,13,27762,C,1,0.81,0.78,5,U,-48,9.25"
2026-07-11T13:58:30.759+00:00,/dev/cu.usbserial-576B0005451,"RX,620373,R35,TXC,N31,5,28381,G,0,0.93,0.90,5,U,-60,9.25"
2026-07-11T13:58:31.005+00:00,/dev/cu.usbserial-576B0005451,"RX,620618,R35,TXA,N01,26,28626,C,1,0.81,0.78,5,F,-43,10.00"
2026-07-11T13:58:31.272+00:00,/dev/cu.usbserial-576B0005451,"RX,620885,R35,TXB,N16,12,28892,A,1,0.75,0.72,5,U,-52,10.00"
2026-07-11T13:58:31.755+00:00,/dev/cu.usbserial-576B0005451,"RX,621369,R35,TXE,N61,10,29381,E,1,0.87,0.84,5,U,-53,9.75"
2026-07-11T13:58:31.863+00:00,/dev/cu.usbserial-576B0005451,"RX,621476,R35,TXI,N121,5,29480,G,0,0.93,0.90,5,U,-44,10.00"
2026-07-11T13:58:32.005+00:00,/dev/cu.usbserial-576B0005451,"RX,621618,R35,TXA,N01,27,29626,D,1,0.24,0.22,5,F,-43,9.75"
2026-07-11T13:58:32.144+00:00,/dev/cu.usbserial-576B0005451,"RX,621758,R35,TXK,N151,14,29762,E,0,0.87,0.84,5,U,-48,9.50"
2026-07-11T13:58:33.005+00:00,/dev/cu.usbserial-576B0005451,"RX,622618,R35,TXA,N01,28,30626,E,0,0.87,0.84,5,F,-43,9.50"
2026-07-11T13:58:33.272+00:00,/dev/cu.usbserial-576B0005451,"RX,622885,R35,TXB,N16,13,30892,C,1,0.81,0.78,5,U,-53,9.25"
2026-07-11T13:58:33.756+00:00,/dev/cu.usbserial-576B0005451,"RX,623369,R35,TXE,N61,11,31381,G,0,0.93,0.90,5,U,-52,10.00"
2026-07-11T13:58:34.005+00:00,/dev/cu.usbserial-576B0005451,"RX,623618,R35,TXA,N01,29,31626,F,1,0.28,0.26,5,F,-43,9.75"
2026-07-11T13:58:34.808+00:00,/dev/cu.usbserial-576B0005451,"RX,624422,R35,TXD,N46,3,32430,G,1,0.93,0.90,5,U,-49,9.25"
2026-07-11T13:58:35.008+00:00,/dev/cu.usbserial-576B0005451,"RX,624618,R35,TXA,N01,30,32626,G,1,0.93,0.90,5,F,-42,9.75"
2026-07-11T13:58:35.273+00:00,/dev/cu.usbserial-576B0005451,"RX,624885,R35,TXB,N16,14,32892,E,0,0.87,0.84,5,U,-53,9.00"
2026-07-11T13:58:35.453+00:00,/dev/cu.usbserial-576B0005451,"RX,625066,R35,TXG,N91,2,33079,G,0,0.93,0.90,5,U,-50,9.25"
2026-07-11T13:58:35.756+00:00,/dev/cu.usbserial-576B0005451,"RX,625369,R35,TXE,N61,12,33381,A,1,0.75,0.72,5,U,-53,9.75"
2026-07-11T13:58:36.006+00:00,/dev/cu.usbserial-576B0005451,"RX,625618,R35,TXA,N01,31,33626,H,0,0.32,0.30,5,F,-41,10.25"
2026-07-11T13:58:36.144+00:00,/dev/cu.usbserial-576B0005451,"RX,625758,R35,TXK,N151,16,33762,A,1,0.75,0.72,5,U,-47,9.25"
2026-07-11T13:58:36.504+00:00,/dev/cu.usbserial-576B0005451,"RX,626117,R35,TXF,N76,7,34130,G,1,0.93,0.90,5,U,-48,9.75"
2026-07-11T13:58:36.662+00:00,/dev/cu.usbserial-576B0005451,"RX,626275,R35,TXJ,N136,2,34279,G,0,0.93,0.90,5,U,-44,9.50"
2026-07-11T13:58:36.760+00:00,/dev/cu.usbserial-576B0005451,"RX,626373,R35,TXC,N31,6,34381,E,0,0.87,0.84,5,U,-61,9.25"
2026-07-11T13:58:37.006+00:00,/dev/cu.usbserial-576B0005451,"RX,626618,R35,TXA,N01,32,34626,A,1,0.75,0.72,5,F,-42,10.00"
2026-07-11T13:58:37.271+00:00,/dev/cu.usbserial-576B0005451,"RX,626885,R35,TXB,N16,15,34892,G,1,0.93,0.90,5,U,-53,9.75"
2026-07-11T13:58:37.755+00:00,/dev/cu.usbserial-576B0005451,"RX,627369,R35,TXE,N61,13,35381,C,1,0.81,0.78,5,U,-52,9.75"
2026-07-11T13:58:37.862+00:00,/dev/cu.usbserial-576B0005451,"RX,627476,R35,TXI,N121,6,35480,E,0,0.87,0.84,5,U,-43,10.00"
2026-07-11T13:58:38.006+00:00,/dev/cu.usbserial-576B0005451,"RX,627618,R35,TXA,N01,33,35626,B,1,0.20,0.18,5,F,-43,10.00"
2026-07-11T13:58:38.144+00:00,/dev/cu.usbserial-576B0005451,"RX,627758,R35,TXK,N151,17,35762,C,0,0.81,0.78,5,U,-48,9.50"
2026-07-11T13:58:38.759+00:00,/dev/cu.usbserial-576B0005451,"RX,628373,R35,TXC,N31,7,36381,G,1,0.93,0.90,5,U,-60,9.50"
2026-07-11T13:58:39.005+00:00,/dev/cu.usbserial-576B0005451,"RX,628618,R35,TXA,N01,34,36626,C,0,0.81,0.78,5,F,-43,9.75"
2026-07-11T13:58:39.272+00:00,/dev/cu.usbserial-576B0005451,"RX,628885,R35,TXB,N16,16,36892,A,1,0.75,0.72,5,U,-53,9.25"
2026-07-11T13:58:39.755+00:00,/dev/cu.usbserial-576B0005451,"RX,629369,R35,TXE,N61,14,37381,E,0,0.87,0.84,5,U,-52,10.25"
2026-07-11T13:58:39.862+00:00,/dev/cu.usbserial-576B0005451,"RX,629476,R35,TXI,N121,7,37480,G,1,0.93,0.90,5,U,-44,9.75"
2026-07-11T13:58:40.005+00:00,/dev/cu.usbserial-576B0005451,"RX,629618,R35,TXA,N01,35,37626,D,1,0.24,0.22,5,F,-43,9.50"
2026-07-11T13:58:40.144+00:00,/dev/cu.usbserial-576B0005451,"RX,629758,R35,TXK,N151,18,37762,E,1,0.87,0.84,5,U,-48,9.25"
2026-07-11T13:58:41.005+00:00,/dev/cu.usbserial-576B0005451,"RX,630618,R35,TXA,N01,36,38626,E,1,0.87,0.84,5,F,-43,10.00"
2026-07-11T13:58:41.272+00:00,/dev/cu.usbserial-576B0005451,"RX,630885,R35,TXB,N16,17,38892,C,0,0.81,0.78,5,U,-53,10.25"
2026-07-11T13:58:41.755+00:00,/dev/cu.usbserial-576B0005451,"RX,631369,R35,TXE,N61,15,39381,G,1,0.93,0.90,5,U,-53,10.25"
2026-07-11T13:58:42.005+00:00,/dev/cu.usbserial-576B0005451,"RX,631618,R35,TXA,N01,37,39626,F,0,0.28,0.26,5,F,-42,10.25"
2026-07-11T13:58:42.144+00:00,/dev/cu.usbserial-576B0005451,"RX,631758,R35,TXK,N151,19,39762,G,1,0.93,0.90,5,U,-48,9.25"
2026-07-11T13:58:42.504+00:00,/dev/cu.usbserial-576B0005451,"RX,632117,R35,TXF,N76,8,40130,E,1,0.87,0.84,5,U,-47,9.75"
2026-07-11T13:58:42.808+00:00,/dev/cu.usbserial-576B0005451,"RX,632422,R35,TXD,N46,4,40430,G,1,0.93,0.90,5,U,-49,9.50"
2026-07-11T13:58:43.005+00:00,/dev/cu.usbserial-576B0005451,"RX,632618,R35,TXA,N01,38,40626,G,1,0.93,0.90,5,F,-42,9.75"
2026-07-11T13:58:43.272+00:00,/dev/cu.usbserial-576B0005451,"RX,632885,R35,TXB,N16,18,40892,E,1,0.87,0.84,5,U,-52,10.50"
2026-07-11T13:58:43.453+00:00,/dev/cu.usbserial-576B0005451,"RX,633066,R35,TXG,N91,3,41079,G,1,0.93,0.90,5,U,-51,9.25"
2026-07-11T13:58:43.755+00:00,/dev/cu.usbserial-576B0005451,"RX,633369,R35,TXE,N61,16,41381,A,1,0.75,0.72,5,U,-53,9.75"
2026-07-11T13:58:44.005+00:00,/dev/cu.usbserial-576B0005451,"RX,633618,R35,TXA,N01,39,41626,H,1,0.32,0.30,5,F,-42,10.25"
2026-07-11T13:58:44.148+00:00,/dev/cu.usbserial-576B0005451,"RX,633758,R35,TXK,N151,20,41762,A,0,0.75,0.72,5,U,-48,10.50"
2026-07-11T13:58:44.504+00:00,/dev/cu.usbserial-576B0005451,"RX,634117,R35,TXF,N76,9,42130,G,1,0.93,0.90,5,U,-47,9.50"
2026-07-11T13:58:44.661+00:00,/dev/cu.usbserial-576B0005451,"RX,634274,R35,TXJ,N136,3,42279,G,1,0.93,0.90,5,U,-44,9.50"
2026-07-11T13:58:44.759+00:00,/dev/cu.usbserial-576B0005451,"RX,634373,R35,TXC,N31,8,42381,E,1,0.87,0.84,5,U,-61,9.00"
2026-07-11T13:58:45.005+00:00,/dev/cu.usbserial-576B0005451,"RX,634618,R35,TXA,N01,40,42626,A,0,0.75,0.72,5,F,-43,9.75"
2026-07-11T13:58:45.272+00:00,/dev/cu.usbserial-576B0005451,"RX,634885,R35,TXB,N16,19,42892,G,1,0.93,0.90,5,U,-52,10.00"
2026-07-11T13:58:45.755+00:00,/dev/cu.usbserial-576B0005451,"RX,635369,R35,TXE,N61,17,43381,C,0,0.81,0.78,5,U,-53,9.25"
2026-07-11T13:58:45.862+00:00,/dev/cu.usbserial-576B0005451,"RX,635476,R35,TXI,N121,8,43480,E,1,0.87,0.84,5,U,-43,9.75"
2026-07-11T13:58:46.005+00:00,/dev/cu.usbserial-576B0005451,"RX,635618,R35,TXA,N01,41,43626,B,1,0.20,0.18,5,F,-42,10.50"
2026-07-11T13:58:46.144+00:00,/dev/cu.usbserial-576B0005451,"RX,635758,R35,TXK,N151,21,43762,C,1,0.81,0.78,5,U,-48,9.25"
2026-07-11T13:58:46.759+00:00,/dev/cu.usbserial-576B0005451,"RX,636373,R35,TXC,N31,9,44381,G,1,0.93,0.90,5,U,-60,9.75"
2026-07-11T13:58:47.005+00:00,/dev/cu.usbserial-576B0005451,"RX,636618,R35,TXA,N01,42,44626,C,1,0.81,0.78,5,F,-41,9.50"
2026-07-11T13:58:47.272+00:00,/dev/cu.usbserial-576B0005451,"RX,636885,R35,TXB,N16,20,44892,A,0,0.75,0.72,5,U,-53,9.50"
2026-07-11T13:58:47.755+00:00,/dev/cu.usbserial-576B0005451,"RX,637369,R35,TXE,N61,18,45381,E,1,0.87,0.84,5,U,-53,9.75"
2026-07-11T13:58:47.862+00:00,/dev/cu.usbserial-576B0005451,"RX,637475,R35,TXI,N121,9,45480,G,1,0.93,0.90,5,U,-43,10.25"
2026-07-11T13:58:48.005+00:00,/dev/cu.usbserial-576B0005451,"RX,637618,R35,TXA,N01,43,45626,D,0,0.24,0.22,5,F,-42,10.00"
2026-07-11T13:58:48.144+00:00,/dev/cu.usbserial-576B0005451,"RX,637758,R35,TXK,N151,22,45762,E,1,0.87,0.84,5,U,-48,9.75"
2026-07-11T13:58:49.005+00:00,/dev/cu.usbserial-576B0005451,"RX,638618,R35,TXA,N01,44,46626,E,1,0.87,0.84,5,F,-42,10.00"
2026-07-11T13:58:49.274+00:00,/dev/cu.usbserial-576B0005451,"RX,638885,R35,TXB,N16,21,46892,C,1,0.81,0.78,5,U,-52,9.75"
2026-07-11T13:58:49.755+00:00,/dev/cu.usbserial-576B0005451,"RX,639369,R35,TXE,N61,19,47381,G,1,0.93,0.90,5,U,-53,9.75"
2026-07-11T13:58:50.005+00:00,/dev/cu.usbserial-576B0005451,"RX,639618,R35,TXA,N01,45,47626,F,1,0.28,0.26,5,F,-41,9.25"
2026-07-11T13:58:50.144+00:00,/dev/cu.usbserial-576B0005451,"RX,639758,R35,TXK,N151,23,47762,G,0,0.93,0.90,5,U,-48,9.50"
2026-07-11T13:58:50.504+00:00,/dev/cu.usbserial-576B0005451,"RX,640117,R35,TXF,N76,10,48130,E,1,0.87,0.84,5,U,-47,10.25"
2026-07-11T13:58:50.808+00:00,/dev/cu.usbserial-576B0005451,"RX,640422,R35,TXD,N46,5,48430,G,0,0.93,0.90,5,U,-49,9.25"
2026-07-11T13:58:51.005+00:00,/dev/cu.usbserial-576B0005451,"RX,640618,R35,TXA,N01,46,48626,G,0,0.93,0.90,5,F,-42,9.75"
2026-07-11T13:58:51.272+00:00,/dev/cu.usbserial-576B0005451,"RX,640885,R35,TXB,N16,22,48892,E,1,0.87,0.84,5,U,-52,10.25"
2026-07-11T13:58:51.453+00:00,/dev/cu.usbserial-576B0005451,"RX,641066,R35,TXG,N91,4,49079,G,1,0.93,0.90,5,U,-50,9.50"
2026-07-11T13:58:51.755+00:00,/dev/cu.usbserial-576B0005451,"RX,641369,R35,TXE,N61,20,49381,A,0,0.75,0.72,5,U,-52,10.25"
2026-07-11T13:58:52.005+00:00,/dev/cu.usbserial-576B0005451,"RX,641618,R35,TXA,N01,47,49626,H,1,0.32,0.30,5,F,-42,10.25"
2026-07-11T13:58:52.144+00:00,/dev/cu.usbserial-576B0005451,"RX,641758,R35,TXK,N151,24,49762,A,1,0.75,0.72,5,U,-48,9.00"
2026-07-11T13:58:52.504+00:00,/dev/cu.usbserial-576B0005451,"RX,642117,R35,TXF,N76,11,50130,G,0,0.93,0.90,5,U,-47,9.75"
2026-07-11T13:58:52.661+00:00,/dev/cu.usbserial-576B0005451,"RX,642275,R35,TXJ,N136,4,50279,G,1,0.93,0.90,5,U,-43,9.50"
2026-07-11T13:58:52.759+00:00,/dev/cu.usbserial-576B0005451,"RX,642373,R35,TXC,N31,10,50381,E,1,0.87,0.84,5,U,-61,9.75"
2026-07-11T13:58:53.005+00:00,/dev/cu.usbserial-576B0005451,"RX,642618,R35,TXA,N01,48,50626,A,1,0.75,0.72,5,F,-42,10.50"
2026-07-11T13:58:53.272+00:00,/dev/cu.usbserial-576B0005451,"RX,642885,R35,TXB,N16,23,50892,G,0,0.93,0.90,5,U,-53,9.75"
2026-07-11T13:58:53.755+00:00,/dev/cu.usbserial-576B0005451,"RX,643369,R35,TXE,N61,21,51381,C,1,0.81,0.78,5,U,-53,10.50"
2026-07-11T13:58:53.862+00:00,/dev/cu.usbserial-576B0005451,"RX,643476,R35,TXI,N121,10,51480,E,1,0.87,0.84,5,U,-43,10.00"
2026-07-11T13:58:54.005+00:00,/dev/cu.usbserial-576B0005451,"RX,643618,R35,TXA,N01,49,51626,B,0,0.20,0.18,5,F,-42,10.00"
2026-07-11T13:58:54.144+00:00,/dev/cu.usbserial-576B0005451,"RX,643758,R35,TXK,N151,25,51762,C,1,0.81,0.78,5,U,-48,9.75"
2026-07-11T13:58:54.759+00:00,/dev/cu.usbserial-576B0005451,"RX,644373,R35,TXC,N31,11,52381,G,0,0.93,0.90,5,U,-60,10.00"
2026-07-11T13:58:55.005+00:00,/dev/cu.usbserial-576B0005451,"RX,644618,R35,TXA,N01,50,52626,C,1,0.81,0.78,5,F,-42,10.25"
2026-07-11T13:58:55.273+00:00,/dev/cu.usbserial-576B0005451,"RX,644885,R35,TXB,N16,24,52892,A,1,0.75,0.72,5,U,-53,9.25"
2026-07-11T13:58:55.755+00:00,/dev/cu.usbserial-576B0005451,"RX,645369,R35,TXE,N61,22,53381,E,1,0.87,0.84,5,U,-52,11.00"
2026-07-11T13:58:55.862+00:00,/dev/cu.usbserial-576B0005451,"RX,645476,R35,TXI,N121,11,53480,G,0,0.93,0.90,5,U,-43,10.00"
2026-07-11T13:58:56.006+00:00,/dev/cu.usbserial-576B0005451,"RX,645618,R35,TXA,N01,51,53626,D,1,0.24,0.22,5,F,-43,10.00"
2026-07-11T13:58:56.144+00:00,/dev/cu.usbserial-576B0005451,"RX,645758,R35,TXK,N151,26,53762,E,0,0.87,0.84,5,U,-48,9.75"
2026-07-11T13:58:57.005+00:00,/dev/cu.usbserial-576B0005451,"RX,646618,R35,TXA,N01,52,54626,E,0,0.87,0.84,5,F,-42,10.25"
2026-07-11T13:58:57.272+00:00,/dev/cu.usbserial-576B0005451,"RX,646885,R35,TXB,N16,25,54892,C,1,0.81,0.78,5,U,-53,10.00"
2026-07-11T13:58:57.755+00:00,/dev/cu.usbserial-576B0005451,"RX,647369,R35,TXE,N61,23,55381,G,0,0.93,0.90,5,U,-54,9.50"
2026-07-11T13:58:58.006+00:00,/dev/cu.usbserial-576B0005451,"RX,647618,R35,TXA,N01,53,55626,F,1,0.28,0.26,5,F,-42,10.50"
2026-07-11T13:58:58.144+00:00,/dev/cu.usbserial-576B0005451,"RX,647758,R35,TXK,N151,27,55762,G,1,0.93,0.90,5,U,-48,9.50"
2026-07-11T13:58:58.504+00:00,/dev/cu.usbserial-576B0005451,"RX,648117,R35,TXF,N76,12,56130,E,0,0.87,0.84,5,U,-47,10.25"
2026-07-11T13:58:58.808+00:00,/dev/cu.usbserial-576B0005451,"RX,648422,R35,TXD,N46,6,56430,G,1,0.93,0.90,5,U,-48,9.25"
2026-07-11T13:58:59.005+00:00,/dev/cu.usbserial-576B0005451,"RX,648618,R35,TXA,N01,54,56626,G,1,0.93,0.90,5,F,-42,10.00"
2026-07-11T13:58:59.272+00:00,/dev/cu.usbserial-576B0005451,"RX,648885,R35,TXB,N16,26,56892,E,0,0.87,0.84,5,U,-52,10.75"
2026-07-11T13:58:59.453+00:00,/dev/cu.usbserial-576B0005451,"RX,649066,R35,TXG,N91,5,57079,G,0,0.93,0.90,5,U,-51,9.75"
2026-07-11T13:58:59.755+00:00,/dev/cu.usbserial-576B0005451,"RX,649369,R35,TXE,N61,24,57381,A,1,0.75,0.72,5,U,-48,10.00"
2026-07-11T13:59:00.009+00:00,/dev/cu.usbserial-576B0005451,"RX,649618,R35,TXA,N01,55,57626,H,0,0.32,0.30,5,F,-39,9.75"
2026-07-11T13:59:00.144+00:00,/dev/cu.usbserial-576B0005451,"RX,649758,R35,TXK,N151,28,57762,A,1,0.75,0.72,5,U,-47,10.00"
2026-07-11T13:59:00.504+00:00,/dev/cu.usbserial-576B0005451,"RX,650117,R35,TXF,N76,13,58130,G,1,0.93,0.90,5,U,-48,10.25"
2026-07-11T13:59:00.661+00:00,/dev/cu.usbserial-576B0005451,"RX,650274,R35,TXJ,N136,5,58279,G,0,0.93,0.90,5,U,-43,9.75"
2026-07-11T13:59:00.759+00:00,/dev/cu.usbserial-576B0005451,"RX,650373,R35,TXC,N31,12,58381,E,0,0.87,0.84,5,U,-53,9.50"
2026-07-11T13:59:01.005+00:00,/dev/cu.usbserial-576B0005451,"RX,650618,R35,TXA,N01,56,58626,A,1,0.75,0.72,5,F,-41,10.00"
2026-07-11T13:59:01.272+00:00,/dev/cu.usbserial-576B0005451,"RX,650885,R35,TXB,N16,27,58892,G,1,0.93,0.90,5,U,-51,10.25"
2026-07-11T13:59:01.755+00:00,/dev/cu.usbserial-576B0005451,"RX,651369,R35,TXE,N61,25,59381,C,1,0.81,0.78,5,U,-53,10.00"
2026-07-11T13:59:01.862+00:00,/dev/cu.usbserial-576B0005451,"RX,651476,R35,TXI,N121,12,59480,E,0,0.87,0.84,5,U,-44,10.25"
2026-07-11T13:59:02.006+00:00,/dev/cu.usbserial-576B0005451,"RX,651618,R35,TXA,N01,57,59626,B,1,0.20,0.18,5,F,-39,9.75"
2026-07-11T13:59:02.144+00:00,/dev/cu.usbserial-576B0005451,"RX,651758,R35,TXK,N151,29,59762,C,0,0.81,0.78,5,U,-49,9.75"
2026-07-11T13:59:02.759+00:00,/dev/cu.usbserial-576B0005451,"RX,652373,R35,TXC,N31,13,60381,G,1,0.93,0.90,5,U,-44,9.50"
2026-07-11T13:59:03.005+00:00,/dev/cu.usbserial-576B0005451,"RX,652618,R35,TXA,N01,58,60626,C,0,0.81,0.78,5,F,-38,9.50"
2026-07-11T13:59:03.272+00:00,/dev/cu.usbserial-576B0005451,"RX,652885,R35,TXB,N16,28,60892,A,1,0.75,0.72,5,U,-50,10.00"
2026-07-11T13:59:03.755+00:00,/dev/cu.usbserial-576B0005451,"RX,653369,R35,TXE,N61,26,61381,E,0,0.87,0.84,5,U,-53,9.75"
2026-07-11T13:59:03.862+00:00,/dev/cu.usbserial-576B0005451,"RX,653476,R35,TXI,N121,13,61480,G,1,0.93,0.90,5,U,-44,10.00"
2026-07-11T13:59:04.005+00:00,/dev/cu.usbserial-576B0005451,"RX,653618,R35,TXA,N01,59,61626,D,1,0.24,0.22,5,F,-40,9.50"
2026-07-11T13:59:04.144+00:00,/dev/cu.usbserial-576B0005451,"RX,653758,R35,TXK,N151,30,61762,E,1,0.87,0.84,5,U,-50,9.50"
2026-07-11T13:59:05.005+00:00,/dev/cu.usbserial-576B0005451,"RX,654618,R35,TXA,N01,60,62626,E,1,0.87,0.84,5,F,-39,9.75"
2026-07-11T13:59:05.272+00:00,/dev/cu.usbserial-576B0005451,"RX,654885,R35,TXB,N16,29,62892,C,0,0.81,0.78,5,U,-51,10.00"
2026-07-11T13:59:05.755+00:00,/dev/cu.usbserial-576B0005451,"RX,655369,R35,TXE,N61,27,63381,G,1,0.93,0.90,5,U,-56,10.75"
2026-07-11T13:59:06.006+00:00,/dev/cu.usbserial-576B0005451,"RX,655618,R35,TXA,N01,61,63626,F,0,0.28,0.26,5,F,-39,10.00"
2026-07-11T13:59:06.144+00:00,/dev/cu.usbserial-576B0005451,"RX,655758,R35,TXK,N151,31,63762,G,1,0.93,0.90,5,U,-48,9.00"
2026-07-11T13:59:06.504+00:00,/dev/cu.usbserial-576B0005451,"RX,656117,R35,TXF,N76,14,64130,E,1,0.87,0.84,5,U,-47,10.00"
2026-07-11T13:59:06.808+00:00,/dev/cu.usbserial-576B0005451,"RX,656422,R35,TXD,N46,7,64430,G,1,0.93,0.90,5,U,-46,9.50"
2026-07-11T13:59:07.005+00:00,/dev/cu.usbserial-576B0005451,"RX,656618,R35,TXA,N01,62,64626,G,1,0.93,0.90,5,F,-38,9.75"
2026-07-11T13:59:07.272+00:00,/dev/cu.usbserial-576B0005451,"RX,656885,R35,TXB,N16,30,64892,E,1,0.87,0.84,5,U,-51,9.75"
2026-07-11T13:59:07.453+00:00,/dev/cu.usbserial-576B0005451,"RX,657066,R35,TXG,N91,6,65079,G,1,0.93,0.90,5,U,-51,9.50"
2026-07-11T13:59:07.755+00:00,/dev/cu.usbserial-576B0005451,"RX,657369,R35,TXE,N61,28,65381,A,1,0.75,0.72,5,U,-54,9.50"
2026-07-11T13:59:08.005+00:00,/dev/cu.usbserial-576B0005451,"RX,657618,R35,TXA,N01,63,65626,H,1,0.32,0.30,5,F,-39,10.25"
2026-07-11T13:59:08.144+00:00,/dev/cu.usbserial-576B0005451,"RX,657758,R35,TXK,N151,32,65762,A,1,0.75,0.72,5,U,-48,10.00"
2026-07-11T13:59:08.504+00:00,/dev/cu.usbserial-576B0005451,"RX,658117,R35,TXF,N76,15,66130,G,1,0.93,0.90,5,U,-46,10.25"
2026-07-11T13:59:08.661+00:00,/dev/cu.usbserial-576B0005451,"RX,658274,R35,TXJ,N136,6,66279,G,1,0.93,0.90,5,U,-43,9.50"
2026-07-11T13:59:08.759+00:00,/dev/cu.usbserial-576B0005451,"RX,658373,R35,TXC,N31,14,66381,E,1,0.87,0.84,5,U,-44,9.75"
2026-07-11T13:59:09.006+00:00,/dev/cu.usbserial-576B0005451,"RX,658618,R35,TXA,N01,64,66626,A,1,0.75,0.72,5,F,-39,9.75"
2026-07-11T13:59:09.272+00:00,/dev/cu.usbserial-576B0005451,"RX,658885,R35,TXB,N16,31,66892,G,1,0.93,0.90,5,U,-51,9.75"
2026-07-11T13:59:09.755+00:00,/dev/cu.usbserial-576B0005451,"RX,659369,R35,TXE,N61,29,67381,C,0,0.81,0.78,5,U,-54,10.25"
2026-07-11T13:59:09.862+00:00,/dev/cu.usbserial-576B0005451,"RX,659476,R35,TXI,N121,14,67480,E,1,0.87,0.84,5,U,-43,10.25"
2026-07-11T13:59:10.005+00:00,/dev/cu.usbserial-576B0005451,"RX,659618,R35,TXA,N01,65,67626,B,0,0.20,0.18,5,F,-39,10.00"
2026-07-11T13:59:10.144+00:00,/dev/cu.usbserial-576B0005451,"RX,659758,R35,TXK,N151,33,67762,C,1,0.81,0.78,5,U,-50,9.75"
2026-07-11T13:59:10.759+00:00,/dev/cu.usbserial-576B0005451,"RX,660373,R35,TXC,N31,15,68381,G,1,0.93,0.90,5,U,-44,9.25"
2026-07-11T13:59:11.005+00:00,/dev/cu.usbserial-576B0005451,"RX,660618,R35,TXA,N01,66,68626,C,1,0.81,0.78,5,F,-37,9.75"
2026-07-11T13:59:11.272+00:00,/dev/cu.usbserial-576B0005451,"RX,660885,R35,TXB,N16,32,68892,A,1,0.75,0.72,5,U,-51,10.75"
2026-07-11T13:59:11.755+00:00,/dev/cu.usbserial-576B0005451,"RX,661369,R35,TXE,N61,30,69381,E,1,0.87,0.84,5,U,-55,12.00"
2026-07-11T13:59:11.862+00:00,/dev/cu.usbserial-576B0005451,"RX,661476,R35,TXI,N121,15,69480,G,1,0.93,0.90,5,U,-44,9.75"
2026-07-11T13:59:12.006+00:00,/dev/cu.usbserial-576B0005451,"RX,661618,R35,TXA,N01,67,69626,D,1,0.24,0.22,5,F,-37,10.00"
2026-07-11T13:59:12.144+00:00,/dev/cu.usbserial-576B0005451,"RX,661758,R35,TXK,N151,34,69762,E,0,0.87,0.84,5,U,-49,9.75"
2026-07-11T13:59:13.005+00:00,/dev/cu.usbserial-576B0005451,"RX,662618,R35,TXA,N01,68,70626,E,0,0.87,0.84,5,F,-38,9.75"
2026-07-11T13:59:13.272+00:00,/dev/cu.usbserial-576B0005451,"RX,662885,R35,TXB,N16,33,70892,C,1,0.81,0.78,5,U,-51,10.25"
2026-07-11T13:59:13.755+00:00,/dev/cu.usbserial-576B0005451,"RX,663369,R35,TXE,N61,31,71381,G,1,0.93,0.90,5,U,-55,10.00"
2026-07-11T13:59:14.005+00:00,/dev/cu.usbserial-576B0005451,"RX,663618,R35,TXA,N01,69,71626,F,1,0.28,0.26,5,F,-39,9.50"
2026-07-11T13:59:14.298+00:00,/dev/cu.usbserial-576B0005451,"RX,663911,R35,TXL,N166,4,71916,G,1,0.93,0.90,5,U,-49,9.50"
2026-07-11T13:59:14.504+00:00,/dev/cu.usbserial-576B0005451,"RX,664117,R35,TXF,N76,16,72130,E,0,0.87,0.84,5,U,-46,9.75"
2026-07-11T13:59:14.808+00:00,/dev/cu.usbserial-576B0005451,"RX,664422,R35,TXD,N46,8,72430,G,1,0.93,0.90,5,U,-45,9.50"
2026-07-11T13:59:15.005+00:00,/dev/cu.usbserial-576B0005451,"RX,664618,R35,TXA,N01,70,72626,G,1,0.93,0.90,5,F,-38,10.25"
2026-07-11T13:59:15.273+00:00,/dev/cu.usbserial-576B0005451,"RX,664885,R35,TXB,N16,34,72892,E,0,0.87,0.84,5,U,-50,10.00"
2026-07-11T13:59:15.453+00:00,/dev/cu.usbserial-576B0005451,"RX,665066,R35,TXG,N91,7,73079,G,1,0.93,0.90,5,U,-50,9.50"
2026-07-11T13:59:15.755+00:00,/dev/cu.usbserial-576B0005451,"RX,665369,R35,TXE,N61,32,73381,A,1,0.75,0.72,5,U,-56,10.00"
2026-07-11T13:59:16.005+00:00,/dev/cu.usbserial-576B0005451,"RX,665618,R35,TXA,N01,71,73626,H,0,0.32,0.30,5,F,-39,9.75"
2026-07-11T13:59:16.144+00:00,/dev/cu.usbserial-576B0005451,"RX,665758,R35,TXK,N151,36,73762,A,1,0.75,0.72,5,U,-49,9.50"
2026-07-11T13:59:16.504+00:00,/dev/cu.usbserial-576B0005451,"RX,666117,R35,TXF,N76,17,74130,G,1,0.93,0.90,5,U,-46,10.00"
2026-07-11T13:59:16.661+00:00,/dev/cu.usbserial-576B0005451,"RX,666274,R35,TXJ,N136,7,74279,G,1,0.93,0.90,5,U,-43,10.00"
2026-07-11T13:59:16.759+00:00,/dev/cu.usbserial-576B0005451,"RX,666373,R35,TXC,N31,16,74381,E,0,0.87,0.84,5,U,-45,9.75"
2026-07-11T13:59:17.006+00:00,/dev/cu.usbserial-576B0005451,"RX,666618,R35,TXA,N01,72,74626,A,1,0.75,0.72,5,F,-39,9.50"
2026-07-11T13:59:17.272+00:00,/dev/cu.usbserial-576B0005451,"RX,666885,R35,TXB,N16,35,74892,G,1,0.93,0.90,5,U,-51,9.75"
2026-07-11T13:59:17.755+00:00,/dev/cu.usbserial-576B0005451,"RX,667369,R35,TXE,N61,33,75381,C,1,0.81,0.78,5,U,-55,12.25"
2026-07-11T13:59:17.862+00:00,/dev/cu.usbserial-576B0005451,"RX,667476,R35,TXI,N121,16,75480,E,0,0.87,0.84,5,U,-44,9.50"
2026-07-11T13:59:18.005+00:00,/dev/cu.usbserial-576B0005451,"RX,667618,R35,TXA,N01,73,75626,B,1,0.20,0.18,5,F,-39,9.75"
2026-07-11T13:59:18.144+00:00,/dev/cu.usbserial-576B0005451,"RX,667758,R35,TXK,N151,37,75762,C,0,0.81,0.78,5,U,-48,9.75"
2026-07-11T13:59:18.759+00:00,/dev/cu.usbserial-576B0005451,"RX,668373,R35,TXC,N31,17,76381,G,1,0.93,0.90,5,U,-45,9.75"
2026-07-11T13:59:19.006+00:00,/dev/cu.usbserial-576B0005451,"RX,668618,R35,TXA,N01,74,76626,C,0,0.81,0.78,5,F,-38,10.00"
2026-07-11T13:59:19.272+00:00,/dev/cu.usbserial-576B0005451,"RX,668885,R35,TXB,N16,36,76892,A,1,0.75,0.72,5,U,-51,10.00"
2026-07-11T13:59:19.755+00:00,/dev/cu.usbserial-576B0005451,"RX,669369,R35,TXE,N61,34,77381,E,0,0.87,0.84,5,U,-56,12.25"
2026-07-11T13:59:19.862+00:00,/dev/cu.usbserial-576B0005451,"RX,669476,R35,TXI,N121,17,77480,G,1,0.93,0.90,5,U,-43,10.25"
2026-07-11T13:59:20.005+00:00,/dev/cu.usbserial-576B0005451,"RX,669618,R35,TXA,N01,75,77626,D,1,0.24,0.22,5,F,-39,9.75"
2026-07-11T13:59:20.144+00:00,/dev/cu.usbserial-576B0005451,"RX,669758,R35,TXK,N151,38,77762,E,1,0.87,0.84,5,U,-48,9.50"
2026-07-11T13:59:21.005+00:00,/dev/cu.usbserial-576B0005451,"RX,670618,R35,TXA,N01,76,78626,E,1,0.87,0.84,5,F,-39,9.50"
2026-07-11T13:59:21.272+00:00,/dev/cu.usbserial-576B0005451,"RX,670885,R35,TXB,N16,37,78892,C,0,0.81,0.78,5,U,-50,10.25"
2026-07-11T13:59:21.755+00:00,/dev/cu.usbserial-576B0005451,"RX,671369,R35,TXE,N61,35,79381,G,1,0.93,0.90,5,U,-55,9.75"
2026-07-11T13:59:22.007+00:00,/dev/cu.usbserial-576B0005451,"RX,671618,R35,TXA,N01,77,79626,F,0,0.28,0.26,5,F,-39,9.75"
2026-07-11T13:59:22.116+00:00,/dev/cu.usbserial-576B0005451,"RX,671730,R35,TXH,N106,5,79743,G,1,0.93,0.90,5,U,-39,-1.75"
2026-07-11T13:59:22.298+00:00,/dev/cu.usbserial-576B0005451,"RX,671911,R35,TXL,N166,5,79916,G,1,0.93,0.90,5,U,-49,9.75"
2026-07-11T13:59:22.504+00:00,/dev/cu.usbserial-576B0005451,"RX,672117,R35,TXF,N76,18,80130,E,1,0.87,0.84,5,U,-47,10.00"
2026-07-11T13:59:23.005+00:00,/dev/cu.usbserial-576B0005451,"RX,672618,R35,TXA,N01,78,80626,G,1,0.93,0.90,5,F,-39,9.75"
2026-07-11T13:59:23.273+00:00,/dev/cu.usbserial-576B0005451,"RX,672885,R35,TXB,N16,38,80892,E,1,0.87,0.84,5,U,-51,10.00"
2026-07-11T13:59:23.453+00:00,/dev/cu.usbserial-576B0005451,"RX,673066,R35,TXG,N91,8,81079,G,1,0.93,0.90,5,U,-50,9.25"
2026-07-11T13:59:23.755+00:00,/dev/cu.usbserial-576B0005451,"RX,673369,R35,TXE,N61,36,81381,A,1,0.75,0.72,5,U,-56,9.75"
2026-07-11T13:59:24.006+00:00,/dev/cu.usbserial-576B0005451,"RX,673618,R35,TXA,N01,79,81626,H,1,0.32,0.30,5,F,-39,9.75"
2026-07-11T13:59:24.144+00:00,/dev/cu.usbserial-576B0005451,"RX,673757,R35,TXK,N151,40,81762,A,0,0.75,0.72,5,U,-48,9.50"
2026-07-11T13:59:24.504+00:00,/dev/cu.usbserial-576B0005451,"RX,674117,R35,TXF,N76,19,82130,G,1,0.93,0.90,5,U,-46,9.75"
2026-07-11T13:59:24.661+00:00,/dev/cu.usbserial-576B0005451,"RX,674274,R35,TXJ,N136,8,82279,G,1,0.93,0.90,5,U,-43,10.00"
2026-07-11T13:59:24.759+00:00,/dev/cu.usbserial-576B0005451,"RX,674373,R35,TXC,N31,18,82381,E,1,0.87,0.84,5,U,-45,9.75"
2026-07-11T13:59:25.006+00:00,/dev/cu.usbserial-576B0005451,"RX,674618,R35,TXA,N01,80,82626,A,0,0.75,0.72,5,F,-39,10.00"
2026-07-11T13:59:25.272+00:00,/dev/cu.usbserial-576B0005451,"RX,674885,R35,TXB,N16,39,82892,G,1,0.93,0.90,5,U,-51,10.25"
2026-07-11T13:59:25.755+00:00,/dev/cu.usbserial-576B0005451,"RX,675369,R35,TXE,N61,37,83381,C,0,0.81,0.78,5,U,-56,10.00"
2026-07-11T13:59:25.862+00:00,/dev/cu.usbserial-576B0005451,"RX,675476,R35,TXI,N121,18,83480,E,1,0.87,0.84,5,U,-44,10.00"
2026-07-11T13:59:26.005+00:00,/dev/cu.usbserial-576B0005451,"RX,675618,R35,TXA,N01,81,83626,B,1,0.20,0.18,5,F,-39,9.75"
2026-07-11T13:59:26.144+00:00,/dev/cu.usbserial-576B0005451,"RX,675758,R35,TXK,N151,41,83762,C,1,0.81,0.78,5,U,-49,9.50"
2026-07-11T13:59:26.759+00:00,/dev/cu.usbserial-576B0005451,"RX,676373,R35,TXC,N31,19,84381,G,1,0.93,0.90,5,U,-44,9.75"
2026-07-11T13:59:27.005+00:00,/dev/cu.usbserial-576B0005451,"RX,676618,R35,TXA,N01,82,84626,C,1,0.81,0.78,5,F,-39,10.00"
2026-07-11T13:59:27.272+00:00,/dev/cu.usbserial-576B0005451,"RX,676885,R35,TXB,N16,40,84892,A,0,0.75,0.72,5,U,-51,10.25"
2026-07-11T13:59:27.755+00:00,/dev/cu.usbserial-576B0005451,"RX,677369,R35,TXE,N61,38,85381,E,1,0.87,0.84,5,U,-55,10.00"
2026-07-11T13:59:27.862+00:00,/dev/cu.usbserial-576B0005451,"RX,677476,R35,TXI,N121,19,85480,G,1,0.93,0.90,5,U,-44,9.75"
2026-07-11T13:59:28.005+00:00,/dev/cu.usbserial-576B0005451,"RX,677618,R35,TXA,N01,83,85626,D,0,0.24,0.22,5,F,-39,9.75"
2026-07-11T13:59:28.144+00:00,/dev/cu.usbserial-576B0005451,"RX,677758,R35,TXK,N151,42,85762,E,1,0.87,0.84,5,U,-49,9.25"
2026-07-11T13:59:29.005+00:00,/dev/cu.usbserial-576B0005451,"RX,678618,R35,TXA,N01,84,86626,E,1,0.87,0.84,5,F,-39,10.00"
2026-07-11T13:59:29.272+00:00,/dev/cu.usbserial-576B0005451,"RX,678885,R35,TXB,N16,41,86892,C,1,0.81,0.78,5,U,-51,9.75"
2026-07-11T13:59:29.755+00:00,/dev/cu.usbserial-576B0005451,"RX,679369,R35,TXE,N61,39,87381,G,1,0.93,0.90,5,U,-56,9.75"
2026-07-11T13:59:30.005+00:00,/dev/cu.usbserial-576B0005451,"RX,679618,R35,TXA,N01,85,87626,F,1,0.28,0.26,5,F,-39,10.25"
2026-07-11T13:59:30.117+00:00,/dev/cu.usbserial-576B0005451,"RX,679730,R35,TXH,N106,6,87743,G,0,0.93,0.90,5,U,-38,-1.50"
2026-07-11T13:59:30.298+00:00,/dev/cu.usbserial-576B0005451,"RX,679911,R35,TXL,N166,6,87916,G,0,0.93,0.90,5,U,-50,9.25"
2026-07-11T13:59:30.504+00:00,/dev/cu.usbserial-576B0005451,"RX,680117,R35,TXF,N76,20,88130,E,1,0.87,0.84,5,U,-46,10.25"
2026-07-11T13:59:30.808+00:00,/dev/cu.usbserial-576B0005451,"RX,680422,R35,TXD,N46,10,88430,G,0,0.93,0.90,5,U,-45,10.00"
2026-07-11T13:59:31.006+00:00,/dev/cu.usbserial-576B0005451,"RX,680618,R35,TXA,N01,86,88626,G,0,0.93,0.90,5,F,-38,10.00"
2026-07-11T13:59:31.272+00:00,/dev/cu.usbserial-576B0005451,"RX,680885,R35,TXB,N16,42,88892,E,1,0.87,0.84,5,U,-51,9.50"
2026-07-11T13:59:31.453+00:00,/dev/cu.usbserial-576B0005451,"RX,681066,R35,TXG,N91,9,89079,G,1,0.93,0.90,5,U,-49,9.25"
2026-07-11T13:59:31.755+00:00,/dev/cu.usbserial-576B0005451,"RX,681369,R35,TXE,N61,40,89381,A,0,0.75,0.72,5,U,-56,9.25"
2026-07-11T13:59:32.005+00:00,/dev/cu.usbserial-576B0005451,"RX,681618,R35,TXA,N01,87,89626,H,1,0.32,0.30,5,F,-39,9.75"
2026-07-11T13:59:32.144+00:00,/dev/cu.usbserial-576B0005451,"RX,681758,R35,TXK,N151,44,89762,A,1,0.75,0.72,5,U,-49,9.25"
2026-07-11T13:59:32.504+00:00,/dev/cu.usbserial-576B0005451,"RX,682117,R35,TXF,N76,21,90130,G,0,0.93,0.90,5,U,-46,9.75"
2026-07-11T13:59:32.661+00:00,/dev/cu.usbserial-576B0005451,"RX,682274,R35,TXJ,N136,9,90279,G,1,0.93,0.90,5,U,-44,9.50"
2026-07-11T13:59:32.759+00:00,/dev/cu.usbserial-576B0005451,"RX,682372,R35,TXC,N31,20,90381,E,1,0.87,0.84,5,U,-44,9.75"
2026-07-11T13:59:33.005+00:00,/dev/cu.usbserial-576B0005451,"RX,682618,R35,TXA,N01,88,90626,A,1,0.75,0.72,5,F,-39,9.75"
2026-07-11T13:59:33.272+00:00,/dev/cu.usbserial-576B0005451,"RX,682885,R35,TXB,N16,43,90892,G,0,0.93,0.90,5,U,-51,10.25"
2026-07-11T13:59:33.755+00:00,/dev/cu.usbserial-576B0005451,"RX,683369,R35,TXE,N61,41,91381,C,1,0.81,0.78,5,U,-55,9.50"
2026-07-11T13:59:33.862+00:00,/dev/cu.usbserial-576B0005451,"RX,683475,R35,TXI,N121,20,91480,E,1,0.87,0.84,5,U,-44,9.75"
2026-07-11T13:59:34.005+00:00,/dev/cu.usbserial-576B0005451,"RX,683618,R35,TXA,N01,89,91626,B,0,0.20,0.18,5,F,-39,10.25"
2026-07-11T13:59:34.144+00:00,/dev/cu.usbserial-576B0005451,"RX,683758,R35,TXK,N151,45,91762,C,1,0.81,0.78,5,U,-48,9.25"
2026-07-11T13:59:34.759+00:00,/dev/cu.usbserial-576B0005451,"RX,684372,R35,TXC,N31,21,92381,G,0,0.93,0.90,5,U,-44,9.75"
2026-07-11T13:59:35.005+00:00,/dev/cu.usbserial-576B0005451,"RX,684618,R35,TXA,N01,90,92626,C,1,0.81,0.78,5,F,-39,9.75"
2026-07-11T13:59:35.272+00:00,/dev/cu.usbserial-576B0005451,"RX,684885,R35,TXB,N16,44,92892,A,1,0.75,0.72,5,U,-51,9.75"
2026-07-11T13:59:35.755+00:00,/dev/cu.usbserial-576B0005451,"RX,685369,R35,TXE,N61,42,93381,E,1,0.87,0.84,5,U,-55,9.75"
2026-07-11T13:59:35.862+00:00,/dev/cu.usbserial-576B0005451,"RX,685475,R35,TXI,N121,21,93480,G,0,0.93,0.90,5,U,-45,9.50"
2026-07-11T13:59:36.005+00:00,/dev/cu.usbserial-576B0005451,"RX,685618,R35,TXA,N01,91,93626,D,1,0.24,0.22,5,F,-39,10.25"
2026-07-11T13:59:36.144+00:00,/dev/cu.usbserial-576B0005451,"RX,685757,R35,TXK,N151,46,93762,E,0,0.87,0.84,5,U,-49,9.25"
2026-07-11T13:59:37.006+00:00,/dev/cu.usbserial-576B0005451,"RX,686618,R35,TXA,N01,92,94626,E,0,0.87,0.84,5,F,-39,9.50"
2026-07-11T13:59:37.272+00:00,/dev/cu.usbserial-576B0005451,"RX,686885,R35,TXB,N16,45,94892,C,1,0.81,0.78,5,U,-51,10.00"
2026-07-11T13:59:37.755+00:00,/dev/cu.usbserial-576B0005451,"RX,687369,R35,TXE,N61,43,95381,G,0,0.93,0.90,5,U,-55,9.75"
2026-07-11T13:59:38.005+00:00,/dev/cu.usbserial-576B0005451,"RX,687618,R35,TXA,N01,93,95626,F,1,0.28,0.26,5,F,-39,9.25"
2026-07-11T13:59:38.117+00:00,/dev/cu.usbserial-576B0005451,"RX,687730,R35,TXH,N106,7,95743,G,1,0.93,0.90,5,U,-37,-1.75"
2026-07-11T13:59:38.298+00:00,/dev/cu.usbserial-576B0005451,"RX,687911,R35,TXL,N166,7,95916,G,1,0.93,0.90,5,U,-49,9.75"
2026-07-11T13:59:38.504+00:00,/dev/cu.usbserial-576B0005451,"RX,688117,R35,TXF,N76,22,96130,E,0,0.87,0.84,5,U,-46,9.75"
2026-07-11T13:59:38.808+00:00,/dev/cu.usbserial-576B0005451,"RX,688422,R35,TXD,N46,11,96430,G,1,0.93,0.90,5,U,-45,9.75"
2026-07-11T13:59:39.005+00:00,/dev/cu.usbserial-576B0005451,"RX,688618,R35,TXA,N01,94,96626,G,1,0.93,0.90,5,F,-38,10.00"
2026-07-11T13:59:39.272+00:00,/dev/cu.usbserial-576B0005451,"RX,688885,R35,TXB,N16,46,96892,E,0,0.87,0.84,5,U,-51,10.00"
2026-07-11T13:59:39.453+00:00,/dev/cu.usbserial-576B0005451,"RX,689066,R35,TXG,N91,10,97079,G,0,0.93,0.90,5,U,-50,9.50"
2026-07-11T13:59:39.755+00:00,/dev/cu.usbserial-576B0005451,"RX,689369,R35,TXE,N61,44,97381,A,1,0.75,0.72,5,U,-56,10.00"
2026-07-11T13:59:40.005+00:00,/dev/cu.usbserial-576B0005451,"RX,689618,R35,TXA,N01,95,97626,H,0,0.32,0.30,5,F,-39,9.75"
2026-07-11T13:59:40.144+00:00,/dev/cu.usbserial-576B0005451,"RX,689758,R35,TXK,N151,48,97762,A,1,0.75,0.72,5,U,-48,9.25"
2026-07-11T13:59:40.504+00:00,/dev/cu.usbserial-576B0005451,"RX,690117,R35,TXF,N76,23,98130,G,1,0.93,0.90,5,U,-46,10.00"
2026-07-11T13:59:40.661+00:00,/dev/cu.usbserial-576B0005451,"RX,690275,R35,TXJ,N136,10,98279,G,0,0.93,0.90,5,U,-44,9.75"
2026-07-11T13:59:40.759+00:00,/dev/cu.usbserial-576B0005451,"RX,690372,R35,TXC,N31,22,98381,E,0,0.87,0.84,5,U,-44,9.75"
2026-07-11T13:59:41.006+00:00,/dev/cu.usbserial-576B0005451,"RX,690618,R35,TXA,N01,96,98626,A,1,0.75,0.72,5,F,-39,10.00"
2026-07-11T13:59:41.272+00:00,/dev/cu.usbserial-576B0005451,"RX,690885,R35,TXB,N16,47,98892,G,1,0.93,0.90,5,U,-50,10.00"
2026-07-11T13:59:41.755+00:00,/dev/cu.usbserial-576B0005451,"RX,691369,R35,TXE,N61,45,99381,C,1,0.81,0.78,5,U,-55,11.00"
2026-07-11T13:59:41.862+00:00,/dev/cu.usbserial-576B0005451,"RX,691475,R35,TXI,N121,22,99480,E,0,0.87,0.84,5,U,-43,9.50"
2026-07-11T13:59:42.006+00:00,/dev/cu.usbserial-576B0005451,"RX,691618,R35,TXA,N01,97,99626,B,1,0.20,0.18,5,F,-39,10.25"
2026-07-11T13:59:42.144+00:00,/dev/cu.usbserial-576B0005451,"RX,691757,R35,TXK,N151,49,99762,C,0,0.81,0.78,5,U,-49,9.75"
2026-07-11T13:59:42.759+00:00,/dev/cu.usbserial-576B0005451,"RX,692373,R35,TXC,N31,23,100381,G,1,0.93,0.90,5,U,-44,9.75"
2026-07-11T13:59:43.006+00:00,/dev/cu.usbserial-576B0005451,"RX,692618,R35,TXA,N01,98,100626,C,0,0.81,0.78,5,F,-39,10.00"
2026-07-11T13:59:43.272+00:00,/dev/cu.usbserial-576B0005451,"RX,692885,R35,TXB,N16,48,100892,A,1,0.75,0.72,5,U,-51,10.75"
2026-07-11T13:59:43.755+00:00,/dev/cu.usbserial-576B0005451,"RX,693369,R35,TXE,N61,46,101381,E,0,0.87,0.84,5,U,-55,9.75"
2026-07-11T13:59:43.862+00:00,/dev/cu.usbserial-576B0005451,"RX,693476,R35,TXI,N121,23,101480,G,1,0.93,0.90,5,U,-43,9.75"
2026-07-11T13:59:44.005+00:00,/dev/cu.usbserial-576B0005451,"RX,693618,R35,TXA,N01,99,101626,D,1,0.24,0.22,5,F,-39,10.00"
2026-07-11T13:59:44.144+00:00,/dev/cu.usbserial-576B0005451,"RX,693758,R35,TXK,N151,50,101762,E,1,0.87,0.84,5,U,-48,9.50"
2026-07-11T13:59:45.005+00:00,/dev/cu.usbserial-576B0005451,"RX,694618,R35,TXA,N01,100,102626,E,1,0.87,0.84,5,F,-38,9.75"
2026-07-11T13:59:45.272+00:00,/dev/cu.usbserial-576B0005451,"RX,694885,R35,TXB,N16,49,102892,C,0,0.81,0.78,5,U,-51,9.75"
2026-07-11T13:59:45.755+00:00,/dev/cu.usbserial-576B0005451,"RX,695369,R35,TXE,N61,47,103381,G,1,0.93,0.90,5,U,-55,9.25"
2026-07-11T13:59:46.006+00:00,/dev/cu.usbserial-576B0005451,"RX,695618,R35,TXA,N01,101,103626,F,0,0.28,0.26,5,F,-39,10.00"
2026-07-11T13:59:46.144+00:00,/dev/cu.usbserial-576B0005451,"RX,695758,R35,TXK,N151,51,103762,G,1,0.93,0.90,5,U,-48,9.50"
2026-07-11T13:59:46.504+00:00,/dev/cu.usbserial-576B0005451,"RX,696117,R35,TXF,N76,24,104130,E,1,0.87,0.84,5,U,-46,10.00"
2026-07-11T13:59:46.808+00:00,/dev/cu.usbserial-576B0005451,"RX,696422,R35,TXD,N46,12,104430,G,1,0.93,0.90,5,U,-45,9.75"
2026-07-11T13:59:47.006+00:00,/dev/cu.usbserial-576B0005451,"RX,696618,R35,TXA,N01,102,104626,G,1,0.93,0.90,5,F,-38,10.25"
2026-07-11T13:59:47.272+00:00,/dev/cu.usbserial-576B0005451,"RX,696885,R35,TXB,N16,50,104892,E,1,0.87,0.84,5,U,-51,9.50"
2026-07-11T13:59:47.453+00:00,/dev/cu.usbserial-576B0005451,"RX,697067,R35,TXG,N91,11,105079,G,1,0.93,0.90,5,U,-49,9.50"
2026-07-11T13:59:47.755+00:00,/dev/cu.usbserial-576B0005451,"RX,697369,R35,TXE,N61,48,105381,A,1,0.75,0.72,5,U,-56,9.50"
2026-07-11T13:59:48.006+00:00,/dev/cu.usbserial-576B0005451,"RX,697618,R35,TXA,N01,103,105626,H,1,0.32,0.30,5,F,-39,9.50"
2026-07-11T13:59:48.144+00:00,/dev/cu.usbserial-576B0005451,"RX,697758,R35,TXK,N151,52,105762,A,0,0.75,0.72,5,U,-48,9.25"
2026-07-11T13:59:48.504+00:00,/dev/cu.usbserial-576B0005451,"RX,698117,R35,TXF,N76,25,106130,G,1,0.93,0.90,5,U,-46,9.50"
2026-07-11T13:59:48.661+00:00,/dev/cu.usbserial-576B0005451,"RX,698275,R35,TXJ,N136,11,106279,G,1,0.93,0.90,5,U,-43,9.50"
2026-07-11T13:59:48.759+00:00,/dev/cu.usbserial-576B0005451,"RX,698372,R35,TXC,N31,24,106381,E,1,0.87,0.84,5,U,-44,9.75"
2026-07-11T13:59:49.006+00:00,/dev/cu.usbserial-576B0005451,"RX,698618,R35,TXA,N01,104,106626,A,0,0.75,0.72,5,F,-39,9.75"
2026-07-11T13:59:49.272+00:00,/dev/cu.usbserial-576B0005451,"RX,698885,R35,TXB,N16,51,106892,G,1,0.93,0.90,5,U,-51,9.75"
2026-07-11T13:59:49.755+00:00,/dev/cu.usbserial-576B0005451,"RX,699369,R35,TXE,N61,49,107381,C,0,0.81,0.78,5,U,-56,9.50"
2026-07-11T13:59:49.862+00:00,/dev/cu.usbserial-576B0005451,"RX,699476,R35,TXI,N121,24,107480,E,1,0.87,0.84,5,U,-43,9.75"
2026-07-11T13:59:50.005+00:00,/dev/cu.usbserial-576B0005451,"RX,699618,R35,TXA,N01,105,107626,B,1,0.20,0.18,5,F,-38,9.50"
2026-07-11T13:59:50.144+00:00,/dev/cu.usbserial-576B0005451,"RX,699758,R35,TXK,N151,53,107762,C,1,0.81,0.78,5,U,-48,9.25"
2026-07-11T13:59:50.759+00:00,/dev/cu.usbserial-576B0005451,"RX,700372,R35,TXC,N31,25,108381,G,1,0.93,0.90,5,U,-45,9.75"
2026-07-11T13:59:51.005+00:00,/dev/cu.usbserial-576B0005451,"RX,700618,R35,TXA,N01,106,108626,C,1,0.81,0.78,5,F,-39,9.75"
2026-07-11T13:59:51.272+00:00,/dev/cu.usbserial-576B0005451,"RX,700885,R35,TXB,N16,52,108892,A,0,0.75,0.72,5,U,-50,10.00"
2026-07-11T13:59:51.755+00:00,/dev/cu.usbserial-576B0005451,"RX,701369,R35,TXE,N61,50,109381,E,1,0.87,0.84,5,U,-55,9.50"
2026-07-11T13:59:51.862+00:00,/dev/cu.usbserial-576B0005451,"RX,701476,R35,TXI,N121,25,109480,G,1,0.93,0.90,5,U,-43,10.00"
2026-07-11T13:59:52.005+00:00,/dev/cu.usbserial-576B0005451,"RX,701618,R35,TXA,N01,107,109626,D,0,0.24,0.22,5,F,-39,10.25"
2026-07-11T13:59:52.144+00:00,/dev/cu.usbserial-576B0005451,"RX,701758,R35,TXK,N151,54,109762,E,1,0.87,0.84,5,U,-49,9.50"
2026-07-11T13:59:53.005+00:00,/dev/cu.usbserial-576B0005451,"RX,702618,R35,TXA,N01,108,110626,E,1,0.87,0.84,5,F,-38,9.75"
2026-07-11T13:59:53.272+00:00,/dev/cu.usbserial-576B0005451,"RX,702885,R35,TXB,N16,53,110892,C,1,0.81,0.78,5,U,-50,10.00"
2026-07-11T13:59:53.755+00:00,/dev/cu.usbserial-576B0005451,"RX,703369,R35,TXE,N61,51,111381,G,1,0.93,0.90,5,U,-55,9.50"
2026-07-11T13:59:54.006+00:00,/dev/cu.usbserial-576B0005451,"RX,703618,R35,TXA,N01,109,111626,F,1,0.28,0.26,5,F,-39,9.50"
2026-07-11T13:59:54.144+00:00,/dev/cu.usbserial-576B0005451,"RX,703758,R35,TXK,N151,55,111762,G,0,0.93,0.90,5,U,-48,9.25"
2026-07-11T13:59:54.504+00:00,/dev/cu.usbserial-576B0005451,"RX,704117,R35,TXF,N76,26,112130,E,1,0.87,0.84,5,U,-46,9.75"
2026-07-11T13:59:54.808+00:00,/dev/cu.usbserial-576B0005451,"RX,704422,R35,TXD,N46,13,112430,G,0,0.93,0.90,5,U,-45,10.00"
2026-07-11T13:59:55.007+00:00,/dev/cu.usbserial-576B0005451,"RX,704618,R35,TXA,N01,110,112626,G,0,0.93,0.90,5,F,-38,9.50"
2026-07-11T13:59:55.272+00:00,/dev/cu.usbserial-576B0005451,"RX,704885,R35,TXB,N16,54,112892,E,1,0.87,0.84,5,U,-50,9.25"
2026-07-11T13:59:55.453+00:00,/dev/cu.usbserial-576B0005451,"RX,705066,R35,TXG,N91,12,113079,G,1,0.93,0.90,5,U,-50,9.75"
2026-07-11T13:59:55.755+00:00,/dev/cu.usbserial-576B0005451,"RX,705369,R35,TXE,N61,52,113381,A,0,0.75,0.72,5,U,-55,9.50"
2026-07-11T13:59:56.005+00:00,/dev/cu.usbserial-576B0005451,"RX,705618,R35,TXA,N01,111,113626,H,1,0.32,0.30,5,F,-38,10.00"
2026-07-11T13:59:56.144+00:00,/dev/cu.usbserial-576B0005451,"RX,705758,R35,TXK,N151,56,113762,A,1,0.75,0.72,5,U,-49,9.50"
2026-07-11T13:59:56.504+00:00,/dev/cu.usbserial-576B0005451,"RX,706117,R35,TXF,N76,27,114130,G,0,0.93,0.90,5,U,-47,9.25"
2026-07-11T13:59:56.661+00:00,/dev/cu.usbserial-576B0005451,"RX,706275,R35,TXJ,N136,12,114279,G,1,0.93,0.90,5,U,-43,9.50"
2026-07-11T13:59:56.759+00:00,/dev/cu.usbserial-576B0005451,"RX,706372,R35,TXC,N31,26,114381,E,1,0.87,0.84,5,U,-43,10.00"
2026-07-11T13:59:57.005+00:00,/dev/cu.usbserial-576B0005451,"RX,706618,R35,TXA,N01,112,114626,A,1,0.75,0.72,5,F,-39,9.75"
2026-07-11T13:59:57.272+00:00,/dev/cu.usbserial-576B0005451,"RX,706885,R35,TXB,N16,55,114892,G,0,0.93,0.90,5,U,-50,9.50"
2026-07-11T13:59:57.755+00:00,/dev/cu.usbserial-576B0005451,"RX,707369,R35,TXE,N61,53,115381,C,1,0.81,0.78,5,U,-55,9.75"
2026-07-11T13:59:57.862+00:00,/dev/cu.usbserial-576B0005451,"RX,707475,R35,TXI,N121,26,115480,E,1,0.87,0.84,5,U,-43,10.25"
2026-07-11T13:59:58.006+00:00,/dev/cu.usbserial-576B0005451,"RX,707618,R35,TXA,N01,113,115626,B,0,0.20,0.18,5,F,-38,10.00"
2026-07-11T13:59:58.144+00:00,/dev/cu.usbserial-576B0005451,"RX,707758,R35,TXK,N151,57,115762,C,1,0.81,0.78,5,U,-49,9.25"
2026-07-11T13:59:58.759+00:00,/dev/cu.usbserial-576B0005451,"RX,708372,R35,TXC,N31,27,116381,G,0,0.93,0.90,5,U,-44,9.50"
2026-07-11T13:59:59.005+00:00,/dev/cu.usbserial-576B0005451,"RX,708618,R35,TXA,N01,114,116626,C,1,0.81,0.78,5,F,-39,9.50"
2026-07-11T13:59:59.272+00:00,/dev/cu.usbserial-576B0005451,"RX,708885,R35,TXB,N16,56,116892,A,1,0.75,0.72,5,U,-51,9.50"
2026-07-11T13:59:59.755+00:00,/dev/cu.usbserial-576B0005451,"RX,709369,R35,TXE,N61,54,117381,E,1,0.87,0.84,5,U,-56,9.25"
2026-07-11T13:59:59.862+00:00,/dev/cu.usbserial-576B0005451,"RX,709476,R35,TXI,N121,27,117480,G,0,0.93,0.90,5,U,-43,10.00"
2026-07-11T14:00:00.010+00:00,/dev/cu.usbserial-576B0005451,"RX,709618,R35,TXA,N01,115,117626,D,1,0.24,0.22,5,F,-38,9.75"
2026-07-11T14:00:00.144+00:00,/dev/cu.usbserial-576B0005451,"RX,709758,R35,TXK,N151,58,117762,E,0,0.87,0.84,5,U,-48,9.25"
2026-07-11T14:00:01.006+00:00,/dev/cu.usbserial-576B0005451,"RX,710618,R35,TXA,N01,116,118626,E,0,0.87,0.84,5,F,-39,9.50"
2026-07-11T14:00:01.272+00:00,/dev/cu.usbserial-576B0005451,"RX,710885,R35,TXB,N16,57,118892,C,1,0.81,0.78,5,U,-51,11.75"
2026-07-11T14:00:01.755+00:00,/dev/cu.usbserial-576B0005451,"RX,711369,R35,TXE,N61,55,119381,G,0,0.93,0.90,5,U,-55,9.50"
2026-07-11T14:00:02.006+00:00,/dev/cu.usbserial-576B0005451,"RX,711619,R35,TXA,N01,117,119626,F,1,0.28,0.26,5,F,-39,10.00"
2026-07-11T14:00:02.144+00:00,/dev/cu.usbserial-576B0005451,"RX,711758,R35,TXK,N151,59,119762,G,1,0.93,0.90,5,U,-48,9.50"
2026-07-11T14:00:02.504+00:00,/dev/cu.usbserial-576B0005451,"RX,712117,R35,TXF,N76,28,120130,E,0,0.87,0.84,5,U,-46,9.75"
2026-07-11T14:00:02.808+00:00,/dev/cu.usbserial-576B0005451,"RX,712422,R35,TXD,N46,14,120430,G,1,0.93,0.90,5,U,-45,9.75"
2026-07-11T14:00:03.006+00:00,/dev/cu.usbserial-576B0005451,"RX,712618,R35,TXA,N01,118,120626,G,1,0.93,0.90,5,F,-39,10.00"
2026-07-11T14:00:03.272+00:00,/dev/cu.usbserial-576B0005451,"RX,712885,R35,TXB,N16,58,120892,E,0,0.87,0.84,5,U,-51,9.75"
2026-07-11T14:00:03.453+00:00,/dev/cu.usbserial-576B0005451,"RX,713066,R35,TXG,N91,13,121079,G,0,0.93,0.90,5,U,-49,10.00"
2026-07-11T14:00:03.755+00:00,/dev/cu.usbserial-576B0005451,"RX,713369,R35,TXE,N61,56,121381,A,1,0.75,0.72,5,U,-55,9.25"
2026-07-11T14:00:04.010+00:00,/dev/cu.usbserial-576B0005451,"RX,713618,R35,TXA,N01,119,121626,H,0,0.32,0.30,5,F,-39,9.50"
2026-07-11T14:00:04.144+00:00,/dev/cu.usbserial-576B0005451,"RX,713758,R35,TXK,N151,60,121762,A,1,0.75,0.72,5,U,-48,9.50"
2026-07-11T14:00:04.504+00:00,/dev/cu.usbserial-576B0005451,"RX,714117,R35,TXF,N76,29,122130,G,1,0.93,0.90,5,U,-46,9.75"
2026-07-11T14:00:04.661+00:00,/dev/cu.usbserial-576B0005451,"RX,714275,R35,TXJ,N136,13,122279,G,0,0.93,0.90,5,U,-43,9.50"
2026-07-11T14:00:04.759+00:00,/dev/cu.usbserial-576B0005451,"RX,714372,R35,TXC,N31,28,122381,E,0,0.87,0.84,5,U,-44,9.75"
2026-07-11T14:00:05.005+00:00,/dev/cu.usbserial-576B0005451,"RX,714618,R35,TXA,N01,120,122626,A,1,0.75,0.72,5,F,-38,9.75"
2026-07-11T14:00:05.272+00:00,/dev/cu.usbserial-576B0005451,"RX,714885,R35,TXB,N16,59,122892,G,1,0.93,0.90,5,U,-50,9.75"
2026-07-11T14:00:05.755+00:00,/dev/cu.usbserial-576B0005451,"RX,715369,R35,TXE,N61,57,123381,C,1,0.81,0.78,5,U,-55,10.00"
2026-07-11T14:00:05.862+00:00,/dev/cu.usbserial-576B0005451,"RX,715476,R35,TXI,N121,28,123480,E,0,0.87,0.84,5,U,-44,10.50"
2026-07-11T14:00:06.005+00:00,/dev/cu.usbserial-576B0005451,"RX,715618,R35,TXA,N01,121,123626,B,1,0.20,0.18,5,F,-39,9.25"
2026-07-11T14:00:06.144+00:00,/dev/cu.usbserial-576B0005451,"RX,715758,R35,TXK,N151,61,123762,C,0,0.81,0.78,5,U,-49,9.50"
2026-07-11T14:00:06.759+00:00,/dev/cu.usbserial-576B0005451,"RX,716372,R35,TXC,N31,29,124381,G,1,0.93,0.90,5,U,-44,10.00"
2026-07-11T14:00:07.005+00:00,/dev/cu.usbserial-576B0005451,"RX,716618,R35,TXA,N01,122,124626,C,0,0.81,0.78,5,F,-38,9.75"
2026-07-11T14:00:07.272+00:00,/dev/cu.usbserial-576B0005451,"RX,716885,R35,TXB,N16,60,124892,A,1,0.75,0.72,5,U,-51,10.00"
2026-07-11T14:00:07.755+00:00,/dev/cu.usbserial-576B0005451,"RX,717369,R35,TXE,N61,58,125381,E,0,0.87,0.84,5,U,-55,9.75"
2026-07-11T14:00:07.862+00:00,/dev/cu.usbserial-576B0005451,"RX,717476,R35,TXI,N121,29,125480,G,1,0.93,0.90,5,U,-44,10.00"
2026-07-11T14:00:08.006+00:00,/dev/cu.usbserial-576B0005451,"RX,717618,R35,TXA,N01,123,125626,D,1,0.24,0.22,5,F,-39,9.75"
2026-07-11T14:00:08.144+00:00,/dev/cu.usbserial-576B0005451,"RX,717758,R35,TXK,N151,62,125762,E,1,0.87,0.84,5,U,-49,9.75"
2026-07-11T14:00:09.006+00:00,/dev/cu.usbserial-576B0005451,"RX,718618,R35,TXA,N01,124,126626,E,1,0.87,0.84,5,F,-39,9.75"
2026-07-11T14:00:09.272+00:00,/dev/cu.usbserial-576B0005451,"RX,718885,R35,TXB,N16,61,126892,C,0,0.81,0.78,5,U,-50,10.25"
2026-07-11T14:00:09.755+00:00,/dev/cu.usbserial-576B0005451,"RX,719369,R35,TXE,N61,59,127381,G,1,0.93,0.90,5,U,-55,9.75"
2026-07-11T14:00:10.006+00:00,/dev/cu.usbserial-576B0005451,"RX,719619,R35,TXA,N01,125,127626,F,0,0.28,0.26,5,F,-39,9.50"
2026-07-11T14:00:10.144+00:00,/dev/cu.usbserial-576B0005451,"RX,719758,R35,TXK,N151,63,127762,G,1,0.93,0.90,5,U,-48,9.50"
2026-07-11T14:00:10.504+00:00,/dev/cu.usbserial-576B0005451,"RX,720117,R35,TXF,N76,30,128130,E,1,0.87,0.84,5,U,-47,10.00"
2026-07-11T14:00:10.808+00:00,/dev/cu.usbserial-576B0005451,"RX,720422,R35,TXD,N46,15,128430,G,1,0.93,0.90,5,U,-45,9.50"
2026-07-11T14:00:11.006+00:00,/dev/cu.usbserial-576B0005451,"RX,720618,R35,TXA,N01,126,128626,G,1,0.93,0.90,5,F,-39,9.50"
2026-07-11T14:00:11.272+00:00,/dev/cu.usbserial-576B0005451,"RX,720885,R35,TXB,N16,62,128892,E,1,0.87,0.84,5,U,-51,10.25"
2026-07-11T14:00:11.453+00:00,/dev/cu.usbserial-576B0005451,"RX,721066,R35,TXG,N91,14,129079,G,1,0.93,0.90,5,U,-49,9.75"
2026-07-11T14:00:11.755+00:00,/dev/cu.usbserial-576B0005451,"RX,721369,R35,TXE,N61,60,129381,A,1,0.75,0.72,5,U,-55,9.50"
2026-07-11T14:00:12.005+00:00,/dev/cu.usbserial-576B0005451,"RX,721619,R35,TXA,N01,127,129626,H,1,0.32,0.30,5,F,-38,9.50"
2026-07-11T14:00:12.144+00:00,/dev/cu.usbserial-576B0005451,"RX,721758,R35,TXK,N151,64,129762,A,1,0.75,0.72,5,U,-48,9.25"
2026-07-11T14:00:12.504+00:00,/dev/cu.usbserial-576B0005451,"RX,722117,R35,TXF,N76,31,130130,G,1,0.93,0.90,5,U,-46,10.00"
2026-07-11T14:00:12.661+00:00,/dev/cu.usbserial-576B0005451,"RX,722275,R35,TXJ,N136,14,130279,G,1,0.93,0.90,5,U,-43,10.00"
2026-07-11T14:00:12.759+00:00,/dev/cu.usbserial-576B0005451,"RX,722372,R35,TXC,N31,30,130381,E,1,0.87,0.84,5,U,-44,9.75"
2026-07-11T14:00:13.007+00:00,/dev/cu.usbserial-576B0005451,"RX,722619,R35,TXA,N01,128,130626,A,1,0.75,0.72,5,F,-38,9.50"
2026-07-11T14:00:13.272+00:00,/dev/cu.usbserial-576B0005451,"RX,722885,R35,TXB,N16,63,130892,G,1,0.93,0.90,5,U,-51,9.50"
2026-07-11T14:00:13.755+00:00,/dev/cu.usbserial-576B0005451,"RX,723369,R35,TXE,N61,61,131381,C,0,0.81,0.78,5,U,-55,9.50"
2026-07-11T14:00:13.862+00:00,/dev/cu.usbserial-576B0005451,"RX,723476,R35,TXI,N121,30,131480,E,1,0.87,0.84,5,U,-43,9.75"
2026-07-11T14:00:14.005+00:00,/dev/cu.usbserial-576B0005451,"RX,723618,R35,TXA,N01,129,131626,B,0,0.20,0.18,5,F,-39,9.50"
2026-07-11T14:00:14.144+00:00,/dev/cu.usbserial-576B0005451,"RX,723758,R35,TXK,N151,65,131762,C,1,0.81,0.78,5,U,-49,9.25"
2026-07-11T14:00:14.759+00:00,/dev/cu.usbserial-576B0005451,"RX,724372,R35,TXC,N31,31,132381,G,1,0.93,0.90,5,U,-44,10.00"
2026-07-11T14:00:15.006+00:00,/dev/cu.usbserial-576B0005451,"RX,724618,R35,TXA,N01,130,132626,C,1,0.81,0.78,5,F,-39,9.50"
2026-07-11T14:00:15.272+00:00,/dev/cu.usbserial-576B0005451,"RX,724885,R35,TXB,N16,64,132892,A,1,0.75,0.72,5,U,-51,12.00"
2026-07-11T14:00:15.755+00:00,/dev/cu.usbserial-576B0005451,"RX,725369,R35,TXE,N61,62,133381,E,1,0.87,0.84,5,U,-55,9.75"
2026-07-11T14:00:15.862+00:00,/dev/cu.usbserial-576B0005451,"RX,725475,R35,TXI,N121,31,133480,G,1,0.93,0.90,5,U,-43,9.75"
2026-07-11T14:00:16.006+00:00,/dev/cu.usbserial-576B0005451,"RX,725619,R35,TXA,N01,131,133626,D,1,0.24,0.22,5,F,-39,9.25"
2026-07-11T14:00:16.144+00:00,/dev/cu.usbserial-576B0005451,"RX,725758,R35,TXK,N151,66,133762,E,0,0.87,0.84,5,U,-49,9.50"
2026-07-11T14:00:17.006+00:00,/dev/cu.usbserial-576B0005451,"RX,726618,R35,TXA,N01,132,134626,E,0,0.87,0.84,5,F,-39,9.50"
2026-07-11T14:00:17.272+00:00,/dev/cu.usbserial-576B0005451,"RX,726885,R35,TXB,N16,65,134892,C,1,0.81,0.78,5,U,-51,9.50"
2026-07-11T14:00:17.755+00:00,/dev/cu.usbserial-576B0005451,"RX,727369,R35,TXE,N61,63,135381,G,1,0.93,0.90,5,U,-56,9.50"
2026-07-11T14:00:18.006+00:00,/dev/cu.usbserial-576B0005451,"RX,727619,R35,TXA,N01,133,135626,F,1,0.28,0.26,5,F,-39,9.50"
2026-07-11T14:00:18.116+00:00,/dev/cu.usbserial-576B0005451,"RX,727730,R35,TXH,N106,8,135743,G,1,0.93,0.90,5,U,-39,-1.00"
2026-07-11T14:00:18.297+00:00,/dev/cu.usbserial-576B0005451,"RX,727911,R35,TXL,N166,8,135916,G,1,0.93,0.90,5,U,-49,10.00"
2026-07-11T14:00:18.504+00:00,/dev/cu.usbserial-576B0005451,"RX,728117,R35,TXF,N76,32,136130,E,0,0.87,0.84,5,U,-46,10.00"
2026-07-11T14:00:18.808+00:00,/dev/cu.usbserial-576B0005451,"RX,728422,R35,TXD,N46,16,136430,G,1,0.93,0.90,5,U,-45,9.75"
2026-07-11T14:00:19.005+00:00,/dev/cu.usbserial-576B0005451,"RX,728619,R35,TXA,N01,134,136626,G,1,0.93,0.90,5,F,-39,9.25"
2026-07-11T14:00:19.272+00:00,/dev/cu.usbserial-576B0005451,"RX,728885,R35,TXB,N16,66,136892,E,0,0.87,0.84,5,U,-50,9.50"
2026-07-11T14:00:19.453+00:00,/dev/cu.usbserial-576B0005451,"RX,729066,R35,TXG,N91,15,137079,G,1,0.93,0.90,5,U,-49,9.25"
2026-07-11T14:00:19.755+00:00,/dev/cu.usbserial-576B0005451,"RX,729369,R35,TXE,N61,64,137381,A,1,0.75,0.72,5,U,-55,9.50"
2026-07-11T14:00:20.006+00:00,/dev/cu.usbserial-576B0005451,"RX,729618,R35,TXA,N01,135,137626,H,0,0.32,0.30,5,F,-39,10.00"
2026-07-11T14:00:20.144+00:00,/dev/cu.usbserial-576B0005451,"RX,729758,R35,TXK,N151,68,137762,A,1,0.75,0.72,5,U,-48,9.75"
2026-07-11T14:00:20.504+00:00,/dev/cu.usbserial-576B0005451,"RX,730117,R35,TXF,N76,33,138130,G,1,0.93,0.90,5,U,-47,9.75"
2026-07-11T14:00:20.661+00:00,/dev/cu.usbserial-576B0005451,"RX,730275,R35,TXJ,N136,15,138279,G,1,0.93,0.90,5,U,-43,9.50"
2026-07-11T14:00:20.759+00:00,/dev/cu.usbserial-576B0005451,"RX,730372,R35,TXC,N31,32,138381,E,0,0.87,0.84,5,U,-44,9.75"
2026-07-11T14:00:21.006+00:00,/dev/cu.usbserial-576B0005451,"RX,730619,R35,TXA,N01,136,138626,A,1,0.75,0.72,5,F,-39,10.25"
2026-07-11T14:00:21.273+00:00,/dev/cu.usbserial-576B0005451,"RX,730885,R35,TXB,N16,67,138892,G,1,0.93,0.90,5,U,-51,9.75"
2026-07-11T14:00:21.755+00:00,/dev/cu.usbserial-576B0005451,"RX,731369,R35,TXE,N61,65,139381,C,1,0.81,0.78,5,U,-55,9.75"
2026-07-11T14:00:21.862+00:00,/dev/cu.usbserial-576B0005451,"RX,731475,R35,TXI,N121,32,139480,E,0,0.87,0.84,5,U,-43,10.25"
2026-07-11T14:00:22.006+00:00,/dev/cu.usbserial-576B0005451,"RX,731619,R35,TXA,N01,137,139626,B,1,0.20,0.18,5,F,-38,9.50"
2026-07-11T14:00:22.144+00:00,/dev/cu.usbserial-576B0005451,"RX,731758,R35,TXK,N151,69,139762,C,0,0.81,0.78,5,U,-48,9.25"
2026-07-11T14:00:22.759+00:00,/dev/cu.usbserial-576B0005451,"RX,732372,R35,TXC,N31,33,140381,G,1,0.93,0.90,5,U,-44,9.75"
2026-07-11T14:00:23.005+00:00,/dev/cu.usbserial-576B0005451,"RX,732618,R35,TXA,N01,138,140626,C,0,0.81,0.78,5,F,-38,9.50"
2026-07-11T14:00:23.272+00:00,/dev/cu.usbserial-576B0005451,"RX,732885,R35,TXB,N16,68,140892,A,1,0.75,0.72,5,U,-51,10.25"
2026-07-11T14:00:23.755+00:00,/dev/cu.usbserial-576B0005451,"RX,733369,R35,TXE,N61,66,141381,E,0,0.87,0.84,5,U,-55,9.25"
2026-07-11T14:00:23.862+00:00,/dev/cu.usbserial-576B0005451,"RX,733476,R35,TXI,N121,33,141480,G,1,0.93,0.90,5,U,-43,10.00"
2026-07-11T14:00:24.005+00:00,/dev/cu.usbserial-576B0005451,"RX,733619,R35,TXA,N01,139,141626,D,1,0.24,0.22,5,F,-39,9.50"
2026-07-11T14:00:24.144+00:00,/dev/cu.usbserial-576B0005451,"RX,733758,R35,TXK,N151,70,141762,E,1,0.87,0.84,5,U,-49,9.25"
2026-07-11T14:00:25.006+00:00,/dev/cu.usbserial-576B0005451,"RX,734618,R35,TXA,N01,140,142626,E,1,0.87,0.84,5,F,-39,9.75"
2026-07-11T14:00:25.272+00:00,/dev/cu.usbserial-576B0005451,"RX,734885,R35,TXB,N16,69,142892,C,0,0.81,0.78,5,U,-50,11.00"
2026-07-11T14:00:25.755+00:00,/dev/cu.usbserial-576B0005451,"RX,735369,R35,TXE,N61,67,143381,G,1,0.93,0.90,5,U,-55,9.75"
2026-07-11T14:00:26.005+00:00,/dev/cu.usbserial-576B0005451,"RX,735619,R35,TXA,N01,141,143626,F,0,0.28,0.26,5,F,-39,9.75"
2026-07-11T14:00:26.117+00:00,/dev/cu.usbserial-576B0005451,"RX,735730,R35,TXH,N106,9,143743,G,1,0.93,0.90,5,U,-38,-1.75"
2026-07-11T14:00:26.297+00:00,/dev/cu.usbserial-576B0005451,"RX,735911,R35,TXL,N166,9,143916,G,1,0.93,0.90,5,U,-49,9.50"
2026-07-11T14:00:26.504+00:00,/dev/cu.usbserial-576B0005451,"RX,736117,R35,TXF,N76,34,144130,E,1,0.87,0.84,5,U,-46,9.75"
2026-07-11T14:00:26.808+00:00,/dev/cu.usbserial-576B0005451,"RX,736422,R35,TXD,N46,17,144430,G,1,0.93,0.90,5,U,-45,9.50"
2026-07-11T14:00:27.005+00:00,/dev/cu.usbserial-576B0005451,"RX,736619,R35,TXA,N01,142,144626,G,1,0.93,0.90,5,F,-38,9.50"
2026-07-11T14:00:27.273+00:00,/dev/cu.usbserial-576B0005451,"RX,736885,R35,TXB,N16,70,144892,E,1,0.87,0.84,5,U,-50,10.00"
2026-07-11T14:00:27.453+00:00,/dev/cu.usbserial-576B0005451,"RX,737066,R35,TXG,N91,16,145079,G,1,0.93,0.90,5,U,-49,10.00"
2026-07-11T14:00:27.755+00:00,/dev/cu.usbserial-576B0005451,"RX,737369,R35,TXE,N61,68,145381,A,1,0.75,0.72,5,U,-55,9.50"
2026-07-11T14:00:28.005+00:00,/dev/cu.usbserial-576B0005451,"RX,737618,R35,TXA,N01,143,145626,H,1,0.32,0.30,5,F,-38,9.75"
2026-07-11T14:00:28.144+00:00,/dev/cu.usbserial-576B0005451,"RX,737758,R35,TXK,N151,72,145762,A,0,0.75,0.72,5,U,-49,9.50"
2026-07-11T14:00:28.504+00:00,/dev/cu.usbserial-576B0005451,"RX,738117,R35,TXF,N76,35,146130,G,1,0.93,0.90,5,U,-46,9.75"
2026-07-11T14:00:28.661+00:00,/dev/cu.usbserial-576B0005451,"RX,738275,R35,TXJ,N136,16,146279,G,1,0.93,0.90,5,U,-43,9.50"
2026-07-11T14:00:28.759+00:00,/dev/cu.usbserial-576B0005451,"RX,738372,R35,TXC,N31,34,146381,E,1,0.87,0.84,5,U,-45,9.75"
2026-07-11T14:00:29.006+00:00,/dev/cu.usbserial-576B0005451,"RX,738619,R35,TXA,N01,144,146626,A,0,0.75,0.72,5,F,-38,9.75"
2026-07-11T14:00:29.272+00:00,/dev/cu.usbserial-576B0005451,"RX,738885,R35,TXB,N16,71,146892,G,1,0.93,0.90,5,U,-51,9.50"
2026-07-11T14:00:29.755+00:00,/dev/cu.usbserial-576B0005451,"RX,739369,R35,TXE,N61,69,147381,C,0,0.81,0.78,5,U,-56,9.50"
2026-07-11T14:00:29.862+00:00,/dev/cu.usbserial-576B0005451,"RX,739475,R35,TXI,N121,34,147480,E,1,0.87,0.84,5,U,-43,9.75"
2026-07-11T14:00:30.006+00:00,/dev/cu.usbserial-576B0005451,"RX,739619,R35,TXA,N01,145,147626,B,1,0.20,0.18,5,F,-39,9.50"
2026-07-11T14:00:30.144+00:00,/dev/cu.usbserial-576B0005451,"RX,739757,R35,TXK,N151,73,147762,C,1,0.81,0.78,5,U,-49,9.50"
2026-07-11T14:00:30.759+00:00,/dev/cu.usbserial-576B0005451,"RX,740372,R35,TXC,N31,35,148381,G,1,0.93,0.90,5,U,-44,9.75"
2026-07-11T14:00:31.006+00:00,/dev/cu.usbserial-576B0005451,"RX,740619,R35,TXA,N01,146,148626,C,1,0.81,0.78,5,F,-39,9.75"
2026-07-11T14:00:31.272+00:00,/dev/cu.usbserial-576B0005451,"RX,740885,R35,TXB,N16,72,148892,A,0,0.75,0.72,5,U,-51,9.75"
2026-07-11T14:00:31.755+00:00,/dev/cu.usbserial-576B0005451,"RX,741369,R35,TXE,N61,70,149381,E,1,0.87,0.84,5,U,-56,9.50"
2026-07-11T14:00:31.862+00:00,/dev/cu.usbserial-576B0005451,"RX,741475,R35,TXI,N121,35,149480,G,1,0.93,0.90,5,U,-43,10.00"
2026-07-11T14:00:32.006+00:00,/dev/cu.usbserial-576B0005451,"RX,741619,R35,TXA,N01,147,149626,D,0,0.24,0.22,5,F,-39,10.25"
2026-07-11T14:00:32.144+00:00,/dev/cu.usbserial-576B0005451,"RX,741758,R35,TXK,N151,74,149762,E,1,0.87,0.84,5,U,-49,9.25"
2026-07-11T14:00:33.005+00:00,/dev/cu.usbserial-576B0005451,"RX,742619,R35,TXA,N01,148,150626,E,1,0.87,0.84,5,F,-39,9.75"
2026-07-11T14:00:33.273+00:00,/dev/cu.usbserial-576B0005451,"RX,742885,R35,TXB,N16,73,150892,C,1,0.81,0.78,5,U,-51,9.75"
2026-07-11T14:00:33.755+00:00,/dev/cu.usbserial-576B0005451,"RX,743369,R35,TXE,N61,71,151381,G,1,0.93,0.90,5,U,-57,10.00"
2026-07-11T14:00:34.007+00:00,/dev/cu.usbserial-576B0005451,"RX,743618,R35,TXA,N01,149,151626,F,1,0.28,0.26,5,F,-39,9.75"
2026-07-11T14:00:34.297+00:00,/dev/cu.usbserial-576B0005451,"RX,743911,R35,TXL,N166,10,151916,G,0,0.93,0.90,5,U,-48,9.50"
2026-07-11T14:00:34.503+00:00,/dev/cu.usbserial-576B0005451,"RX,744117,R35,TXF,N76,36,152130,E,1,0.87,0.84,5,U,-46,10.00"
2026-07-11T14:00:34.808+00:00,/dev/cu.usbserial-576B0005451,"RX,744422,R35,TXD,N46,18,152430,G,0,0.93,0.90,5,U,-45,9.75"
2026-07-11T14:00:35.006+00:00,/dev/cu.usbserial-576B0005451,"RX,744619,R35,TXA,N01,150,152626,G,0,0.93,0.90,5,F,-38,9.00"
2026-07-11T14:00:35.272+00:00,/dev/cu.usbserial-576B0005451,"RX,744885,R35,TXB,N16,74,152892,E,1,0.87,0.84,5,U,-50,9.75"
2026-07-11T14:00:35.453+00:00,/dev/cu.usbserial-576B0005451,"RX,745066,R35,TXG,N91,17,153079,G,1,0.93,0.90,5,U,-49,9.50"
2026-07-11T14:00:35.755+00:00,/dev/cu.usbserial-576B0005451,"RX,745369,R35,TXE,N61,72,153381,A,0,0.75,0.72,5,U,-57,9.75"
2026-07-11T14:00:36.006+00:00,/dev/cu.usbserial-576B0005451,"RX,745619,R35,TXA,N01,151,153626,H,1,0.32,0.30,5,F,-39,10.00"
2026-07-11T14:00:36.144+00:00,/dev/cu.usbserial-576B0005451,"RX,745758,R35,TXK,N151,76,153762,A,1,0.75,0.72,5,U,-48,9.75"
2026-07-11T14:00:36.503+00:00,/dev/cu.usbserial-576B0005451,"RX,746117,R35,TXF,N76,37,154130,G,0,0.93,0.90,5,U,-46,9.75"
2026-07-11T14:00:36.661+00:00,/dev/cu.usbserial-576B0005451,"RX,746275,R35,TXJ,N136,17,154279,G,1,0.93,0.90,5,U,-43,9.75"
2026-07-11T14:00:36.759+00:00,/dev/cu.usbserial-576B0005451,"RX,746372,R35,TXC,N31,36,154381,E,1,0.87,0.84,5,U,-44,9.50"
2026-07-11T14:00:37.005+00:00,/dev/cu.usbserial-576B0005451,"RX,746619,R35,TXA,N01,152,154626,A,1,0.75,0.72,5,F,-38,10.00"
2026-07-11T14:00:37.273+00:00,/dev/cu.usbserial-576B0005451,"RX,746885,R35,TXB,N16,75,154892,G,0,0.93,0.90,5,U,-50,9.75"
2026-07-11T14:00:37.755+00:00,/dev/cu.usbserial-576B0005451,"RX,747369,R35,TXE,N61,73,155381,C,1,0.81,0.78,5,U,-56,9.75"
2026-07-11T14:00:37.862+00:00,/dev/cu.usbserial-576B0005451,"RX,747475,R35,TXI,N121,36,155480,E,1,0.87,0.84,5,U,-44,10.00"
2026-07-11T14:00:38.005+00:00,/dev/cu.usbserial-576B0005451,"RX,747619,R35,TXA,N01,153,155626,B,0,0.20,0.18,5,F,-39,9.25"
2026-07-11T14:00:38.144+00:00,/dev/cu.usbserial-576B0005451,"RX,747758,R35,TXK,N151,77,155762,C,1,0.81,0.78,5,U,-48,9.25"
2026-07-11T14:00:38.759+00:00,/dev/cu.usbserial-576B0005451,"RX,748372,R35,TXC,N31,37,156381,G,0,0.93,0.90,5,U,-45,9.50"
2026-07-11T14:00:39.005+00:00,/dev/cu.usbserial-576B0005451,"RX,748619,R35,TXA,N01,154,156626,C,1,0.81,0.78,5,F,-38,10.00"
2026-07-11T14:00:39.272+00:00,/dev/cu.usbserial-576B0005451,"RX,748885,R35,TXB,N16,76,156892,A,1,0.75,0.72,5,U,-51,9.50"
2026-07-11T14:00:39.755+00:00,/dev/cu.usbserial-576B0005451,"RX,749369,R35,TXE,N61,74,157381,E,1,0.87,0.84,5,U,-56,9.50"
2026-07-11T14:00:39.862+00:00,/dev/cu.usbserial-576B0005451,"RX,749475,R35,TXI,N121,37,157480,G,0,0.93,0.90,5,U,-44,10.00"
2026-07-11T14:00:40.006+00:00,/dev/cu.usbserial-576B0005451,"RX,749619,R35,TXA,N01,155,157626,D,1,0.24,0.22,5,F,-39,9.75"
2026-07-11T14:00:40.144+00:00,/dev/cu.usbserial-576B0005451,"RX,749758,R35,TXK,N151,78,157762,E,0,0.87,0.84,5,U,-49,9.25"
2026-07-11T14:00:41.006+00:00,/dev/cu.usbserial-576B0005451,"RX,750619,R35,TXA,N01,156,158626,E,0,0.87,0.84,5,F,-39,10.00"
2026-07-11T14:00:41.272+00:00,/dev/cu.usbserial-576B0005451,"RX,750885,R35,TXB,N16,77,158892,C,1,0.81,0.78,5,U,-51,9.50"
2026-07-11T14:00:41.755+00:00,/dev/cu.usbserial-576B0005451,"RX,751369,R35,TXE,N61,75,159381,G,0,0.93,0.90,5,U,-56,10.00"
2026-07-11T14:00:42.006+00:00,/dev/cu.usbserial-576B0005451,"RX,751619,R35,TXA,N01,157,159626,F,1,0.28,0.26,5,F,-39,9.75"
2026-07-11T14:00:42.298+00:00,/dev/cu.usbserial-576B0005451,"RX,751911,R35,TXL,N166,11,159916,G,1,0.93,0.90,5,U,-48,9.25"
2026-07-11T14:00:42.503+00:00,/dev/cu.usbserial-576B0005451,"RX,752117,R35,TXF,N76,38,160130,E,0,0.87,0.84,5,U,-47,9.75"
2026-07-11T14:00:42.808+00:00,/dev/cu.usbserial-576B0005451,"RX,752422,R35,TXD,N46,19,160430,G,1,0.93,0.90,5,U,-44,9.75"
2026-07-11T14:00:43.005+00:00,/dev/cu.usbserial-576B0005451,"RX,752619,R35,TXA,N01,158,160626,G,1,0.93,0.90,5,F,-38,9.25"
2026-07-11T14:00:43.273+00:00,/dev/cu.usbserial-576B0005451,"RX,752885,R35,TXB,N16,78,160892,E,0,0.87,0.84,5,U,-50,11.75"
2026-07-11T14:00:43.453+00:00,/dev/cu.usbserial-576B0005451,"RX,753066,R35,TXG,N91,18,161079,G,0,0.93,0.90,5,U,-49,9.75"
2026-07-11T14:00:43.755+00:00,/dev/cu.usbserial-576B0005451,"RX,753369,R35,TXE,N61,76,161381,A,1,0.75,0.72,5,U,-56,9.50"
2026-07-11T14:00:44.005+00:00,/dev/cu.usbserial-576B0005451,"RX,753619,R35,TXA,N01,159,161626,H,0,0.32,0.30,5,F,-39,9.75"
2026-07-11T14:00:44.144+00:00,/dev/cu.usbserial-576B0005451,"RX,753758,R35,TXK,N151,80,161762,A,1,0.75,0.72,5,U,-49,9.50"
2026-07-11T14:00:44.504+00:00,/dev/cu.usbserial-576B0005451,"RX,754117,R35,TXF,N76,39,162130,G,1,0.93,0.90,5,U,-46,10.00"
2026-07-11T14:00:44.661+00:00,/dev/cu.usbserial-576B0005451,"RX,754275,R35,TXJ,N136,18,162279,G,0,0.93,0.90,5,U,-44,9.25"
2026-07-11T14:00:44.759+00:00,/dev/cu.usbserial-576B0005451,"RX,754372,R35,TXC,N31,38,162381,E,0,0.87,0.84,5,U,-45,9.25"
2026-07-11T14:00:45.006+00:00,/dev/cu.usbserial-576B0005451,"RX,754619,R35,TXA,N01,160,162626,A,1,0.75,0.72,5,F,-39,10.00"
2026-07-11T14:00:45.272+00:00,/dev/cu.usbserial-576B0005451,"RX,754885,R35,TXB,N16,79,162892,G,1,0.93,0.90,5,U,-51,9.75"
2026-07-11T14:00:45.755+00:00,/dev/cu.usbserial-576B0005451,"RX,755369,R35,TXE,N61,77,163381,C,1,0.81,0.78,5,U,-56,9.50"
2026-07-11T14:00:45.862+00:00,/dev/cu.usbserial-576B0005451,"RX,755475,R35,TXI,N121,38,163480,E,0,0.87,0.84,5,U,-44,10.25"
2026-07-11T14:00:46.006+00:00,/dev/cu.usbserial-576B0005451,"RX,755619,R35,TXA,N01,161,163626,B,1,0.20,0.18,5,F,-39,9.75"
2026-07-11T14:00:46.144+00:00,/dev/cu.usbserial-576B0005451,"RX,755758,R35,TXK,N151,81,163762,C,0,0.81,0.78,5,U,-48,9.50"
2026-07-11T14:00:46.759+00:00,/dev/cu.usbserial-576B0005451,"RX,756372,R35,TXC,N31,39,164381,G,1,0.93,0.90,5,U,-45,9.50"
2026-07-11T14:00:47.005+00:00,/dev/cu.usbserial-576B0005451,"RX,756619,R35,TXA,N01,162,164626,C,0,0.81,0.78,5,F,-39,9.75"
2026-07-11T14:00:47.272+00:00,/dev/cu.usbserial-576B0005451,"RX,756885,R35,TXB,N16,80,164892,A,1,0.75,0.72,5,U,-51,9.75"
2026-07-11T14:00:47.755+00:00,/dev/cu.usbserial-576B0005451,"RX,757369,R35,TXE,N61,78,165381,E,0,0.87,0.84,5,U,-56,9.75"
2026-07-11T14:00:47.862+00:00,/dev/cu.usbserial-576B0005451,"RX,757475,R35,TXI,N121,39,165480,G,1,0.93,0.90,5,U,-44,9.50"
2026-07-11T14:00:48.005+00:00,/dev/cu.usbserial-576B0005451,"RX,757619,R35,TXA,N01,163,165626,D,1,0.24,0.22,5,F,-38,9.75"
2026-07-11T14:00:48.144+00:00,/dev/cu.usbserial-576B0005451,"RX,757758,R35,TXK,N151,82,165762,E,1,0.87,0.84,5,U,-49,9.75"
2026-07-11T14:00:49.006+00:00,/dev/cu.usbserial-576B0005451,"RX,758619,R35,TXA,N01,164,166626,E,1,0.87,0.84,5,F,-38,9.75"
2026-07-11T14:00:49.273+00:00,/dev/cu.usbserial-576B0005451,"RX,758885,R35,TXB,N16,81,166892,C,0,0.81,0.78,5,U,-51,9.75"
2026-07-11T14:00:49.755+00:00,/dev/cu.usbserial-576B0005451,"RX,759369,R35,TXE,N61,79,167381,G,1,0.93,0.90,5,U,-56,9.75"
2026-07-11T14:00:50.006+00:00,/dev/cu.usbserial-576B0005451,"RX,759619,R35,TXA,N01,165,167626,F,0,0.28,0.26,5,F,-39,9.75"
2026-07-11T14:00:50.144+00:00,/dev/cu.usbserial-576B0005451,"RX,759758,R35,TXK,N151,83,167762,G,1,0.93,0.90,5,U,-49,9.50"
2026-07-11T14:00:50.503+00:00,/dev/cu.usbserial-576B0005451,"RX,760117,R35,TXF,N76,40,168130,E,1,0.87,0.84,5,U,-46,9.75"
2026-07-11T14:00:50.808+00:00,/dev/cu.usbserial-576B0005451,"RX,760422,R35,TXD,N46,20,168430,G,1,0.93,0.90,5,U,-45,9.50"
2026-07-11T14:00:51.006+00:00,/dev/cu.usbserial-576B0005451,"RX,760619,R35,TXA,N01,166,168626,G,1,0.93,0.90,5,F,-39,9.75"
2026-07-11T14:00:51.272+00:00,/dev/cu.usbserial-576B0005451,"RX,760885,R35,TXB,N16,82,168892,E,1,0.87,0.84,5,U,-50,9.75"
2026-07-11T14:00:51.453+00:00,/dev/cu.usbserial-576B0005451,"RX,761066,R35,TXG,N91,19,169079,G,1,0.93,0.90,5,U,-49,9.50"
2026-07-11T14:00:51.755+00:00,/dev/cu.usbserial-576B0005451,"RX,761369,R35,TXE,N61,80,169381,A,1,0.75,0.72,5,U,-57,10.00"
2026-07-11T14:00:52.006+00:00,/dev/cu.usbserial-576B0005451,"RX,761619,R35,TXA,N01,167,169626,H,1,0.32,0.30,5,F,-39,9.50"
2026-07-11T14:00:52.144+00:00,/dev/cu.usbserial-576B0005451,"RX,761758,R35,TXK,N151,84,169762,A,0,0.75,0.72,5,U,-48,9.25"
2026-07-11T14:00:52.503+00:00,/dev/cu.usbserial-576B0005451,"RX,762117,R35,TXF,N76,41,170130,G,1,0.93,0.90,5,U,-46,9.75"
2026-07-11T14:00:52.661+00:00,/dev/cu.usbserial-576B0005451,"RX,762275,R35,TXJ,N136,19,170279,G,1,0.93,0.90,5,U,-44,9.50"
2026-07-11T14:00:52.759+00:00,/dev/cu.usbserial-576B0005451,"RX,762372,R35,TXC,N31,40,170381,E,1,0.87,0.84,5,U,-44,11.00"
2026-07-11T14:00:53.005+00:00,/dev/cu.usbserial-576B0005451,"RX,762619,R35,TXA,N01,168,170626,A,0,0.75,0.72,5,F,-39,11.00"
2026-07-11T14:00:53.272+00:00,/dev/cu.usbserial-576B0005451,"RX,762885,R35,TXB,N16,83,170892,G,1,0.93,0.90,5,U,-51,9.75"
2026-07-11T14:00:53.755+00:00,/dev/cu.usbserial-576B0005451,"RX,763369,R35,TXE,N61,81,171381,C,0,0.81,0.78,5,U,-57,9.75"
2026-07-11T14:00:53.862+00:00,/dev/cu.usbserial-576B0005451,"RX,763475,R35,TXI,N121,40,171480,E,1,0.87,0.84,5,U,-44,9.75"
2026-07-11T14:00:54.005+00:00,/dev/cu.usbserial-576B0005451,"RX,763619,R35,TXA,N01,169,171626,B,1,0.20,0.18,5,F,-39,9.50"
2026-07-11T14:00:54.759+00:00,/dev/cu.usbserial-576B0005451,"RX,764372,R35,TXC,N31,41,172381,G,1,0.93,0.90,5,U,-44,9.50"
2026-07-11T14:00:55.006+00:00,/dev/cu.usbserial-576B0005451,"RX,764619,R35,TXA,N01,170,172626,C,1,0.81,0.78,5,F,-38,9.75"
2026-07-11T14:00:55.273+00:00,/dev/cu.usbserial-576B0005451,"RX,764885,R35,TXB,N16,84,172892,A,0,0.75,0.72,5,U,-50,9.75"
2026-07-11T14:00:55.755+00:00,/dev/cu.usbserial-576B0005451,"RX,765369,R35,TXE,N61,82,173381,E,1,0.87,0.84,5,U,-57,10.00"
2026-07-11T14:00:55.862+00:00,/dev/cu.usbserial-576B0005451,"RX,765475,R35,TXI,N121,41,173480,G,1,0.93,0.90,5,U,-43,10.00"
2026-07-11T14:00:56.005+00:00,/dev/cu.usbserial-576B0005451,"RX,765619,R35,TXA,N01,171,173626,D,0,0.24,0.22,5,F,-38,9.50"
2026-07-11T14:00:56.144+00:00,/dev/cu.usbserial-576B0005451,"RX,765758,R35,TXK,N151,86,173762,E,1,0.87,0.84,5,U,-48,9.75"
2026-07-11T14:00:57.006+00:00,/dev/cu.usbserial-576B0005451,"RX,766619,R35,TXA,N01,172,174626,E,1,0.87,0.84,5,F,-38,9.50"
2026-07-11T14:00:57.273+00:00,/dev/cu.usbserial-576B0005451,"RX,766885,R35,TXB,N16,85,174892,C,1,0.81,0.78,5,U,-51,9.50"
2026-07-11T14:00:57.755+00:00,/dev/cu.usbserial-576B0005451,"RX,767369,R35,TXE,N61,83,175381,G,1,0.93,0.90,5,U,-57,9.50"
2026-07-11T14:00:58.005+00:00,/dev/cu.usbserial-576B0005451,"RX,767619,R35,TXA,N01,173,175626,F,1,0.28,0.26,5,F,-39,9.50"
2026-07-11T14:00:58.144+00:00,/dev/cu.usbserial-576B0005451,"RX,767758,R35,TXK,N151,87,175762,G,0,0.93,0.90,5,U,-48,9.50"
2026-07-11T14:00:58.503+00:00,/dev/cu.usbserial-576B0005451,"RX,768117,R35,TXF,N76,42,176130,E,1,0.87,0.84,5,U,-46,9.50"
2026-07-11T14:00:58.808+00:00,/dev/cu.usbserial-576B0005451,"RX,768422,R35,TXD,N46,21,176430,G,0,0.93,0.90,5,U,-45,10.25"
2026-07-11T14:00:59.006+00:00,/dev/cu.usbserial-576B0005451,"RX,768619,R35,TXA,N01,174,176626,G,0,0.93,0.90,5,F,-39,9.00"
2026-07-11T14:00:59.272+00:00,/dev/cu.usbserial-576B0005451,"RX,768885,R35,TXB,N16,86,176892,E,1,0.87,0.84,5,U,-51,9.75"
2026-07-11T14:00:59.453+00:00,/dev/cu.usbserial-576B0005451,"RX,769066,R35,TXG,N91,20,177079,G,1,0.93,0.90,5,U,-50,9.50"
2026-07-11T14:00:59.755+00:00,/dev/cu.usbserial-576B0005451,"RX,769369,R35,TXE,N61,84,177381,A,0,0.75,0.72,5,U,-57,10.00"
2026-07-11T14:01:00.008+00:00,/dev/cu.usbserial-576B0005451,"RX,769619,R35,TXA,N01,175,177626,H,1,0.32,0.30,5,F,-38,9.75"
2026-07-11T14:01:00.144+00:00,/dev/cu.usbserial-576B0005451,"RX,769758,R35,TXK,N151,88,177762,A,1,0.75,0.72,5,U,-48,9.50"
2026-07-11T14:01:00.503+00:00,/dev/cu.usbserial-576B0005451,"RX,770117,R35,TXF,N76,43,178130,G,0,0.93,0.90,5,U,-46,10.00"
2026-07-11T14:01:00.661+00:00,/dev/cu.usbserial-576B0005451,"RX,770275,R35,TXJ,N136,20,178279,G,1,0.93,0.90,5,U,-43,9.75"
2026-07-11T14:01:00.758+00:00,/dev/cu.usbserial-576B0005451,"RX,770372,R35,TXC,N31,42,178381,E,1,0.87,0.84,5,U,-44,9.75"
2026-07-11T14:01:01.006+00:00,/dev/cu.usbserial-576B0005451,"RX,770619,R35,TXA,N01,176,178626,A,1,0.75,0.72,5,F,-39,11.25"
2026-07-11T14:01:01.272+00:00,/dev/cu.usbserial-576B0005451,"RX,770885,R35,TXB,N16,87,178892,G,0,0.93,0.90,5,U,-50,9.75"
2026-07-11T14:01:01.755+00:00,/dev/cu.usbserial-576B0005451,"RX,771369,R35,TXE,N61,85,179381,C,1,0.81,0.78,5,U,-56,9.50"
2026-07-11T14:01:01.862+00:00,/dev/cu.usbserial-576B0005451,"RX,771475,R35,TXI,N121,42,179480,E,1,0.87,0.84,5,U,-44,9.75"
2026-07-11T14:01:02.005+00:00,/dev/cu.usbserial-576B0005451,"RX,771619,R35,TXA,N01,177,179626,B,0,0.20,0.18,5,F,-39,9.50"
2026-07-11T14:01:02.144+00:00,/dev/cu.usbserial-576B0005451,"RX,771758,R35,TXK,N151,89,179762,C,1,0.81,0.78,5,U,-48,9.75"
2026-07-11T14:01:02.758+00:00,/dev/cu.usbserial-576B0005451,"RX,772372,R35,TXC,N31,43,180381,G,0,0.93,0.90,5,U,-44,10.00"
2026-07-11T14:01:03.005+00:00,/dev/cu.usbserial-576B0005451,"RX,772619,R35,TXA,N01,178,180626,C,1,0.81,0.78,5,F,-39,9.25"
2026-07-11T14:01:03.272+00:00,/dev/cu.usbserial-576B0005451,"RX,772885,R35,TXB,N16,88,180892,A,1,0.75,0.72,5,U,-51,9.75"
2026-07-11T14:01:03.755+00:00,/dev/cu.usbserial-576B0005451,"RX,773369,R35,TXE,N61,86,181381,E,1,0.87,0.84,5,U,-57,9.50"
2026-07-11T14:01:03.862+00:00,/dev/cu.usbserial-576B0005451,"RX,773475,R35,TXI,N121,43,181480,G,0,0.93,0.90,5,U,-44,9.75"
2026-07-11T14:01:04.009+00:00,/dev/cu.usbserial-576B0005451,"RX,773619,R35,TXA,N01,179,181626,D,1,0.24,0.22,5,F,-38,9.50"
2026-07-11T14:01:04.144+00:00,/dev/cu.usbserial-576B0005451,"RX,773757,R35,TXK,N151,90,181762,E,0,0.87,0.84,5,U,-48,9.50"
2026-07-11T14:01:05.005+00:00,/dev/cu.usbserial-576B0005451,"RX,774619,R35,TXA,N01,180,182626,E,0,0.87,0.84,5,F,-39,9.75"
2026-07-11T14:01:05.272+00:00,/dev/cu.usbserial-576B0005451,"RX,774885,R35,TXB,N16,89,182892,C,1,0.81,0.78,5,U,-51,9.75"
2026-07-11T14:01:05.755+00:00,/dev/cu.usbserial-576B0005451,"RX,775369,R35,TXE,N61,87,183381,G,0,0.93,0.90,5,U,-57,9.50"
2026-07-11T14:01:06.005+00:00,/dev/cu.usbserial-576B0005451,"RX,775619,R35,TXA,N01,181,183626,F,1,0.28,0.26,5,F,-39,9.75"
2026-07-11T14:01:06.144+00:00,/dev/cu.usbserial-576B0005451,"RX,775757,R35,TXK,N151,91,183762,G,1,0.93,0.90,5,U,-48,9.50"
2026-07-11T14:01:06.503+00:00,/dev/cu.usbserial-576B0005451,"RX,776117,R35,TXF,N76,44,184130,E,0,0.87,0.84,5,U,-46,10.00"
2026-07-11T14:01:06.808+00:00,/dev/cu.usbserial-576B0005451,"RX,776422,R35,TXD,N46,22,184430,G,1,0.93,0.90,5,U,-45,10.00"
2026-07-11T14:01:07.005+00:00,/dev/cu.usbserial-576B0005451,"RX,776619,R35,TXA,N01,182,184626,G,1,0.93,0.90,5,F,-38,9.75"
2026-07-11T14:01:07.272+00:00,/dev/cu.usbserial-576B0005451,"RX,776885,R35,TXB,N16,90,184892,E,0,0.87,0.84,5,U,-51,10.75"
2026-07-11T14:01:07.453+00:00,/dev/cu.usbserial-576B0005451,"RX,777066,R35,TXG,N91,21,185079,G,0,0.93,0.90,5,U,-50,9.50"
2026-07-11T14:01:07.755+00:00,/dev/cu.usbserial-576B0005451,"RX,777369,R35,TXE,N61,88,185381,A,1,0.75,0.72,5,U,-57,9.75"
2026-07-11T14:01:08.006+00:00,/dev/cu.usbserial-576B0005451,"RX,777619,R35,TXA,N01,183,185626,H,0,0.32,0.30,5,F,-38,9.75"
2026-07-11T14:01:08.144+00:00,/dev/cu.usbserial-576B0005451,"RX,777757,R35,TXK,N151,92,185762,A,1,0.75,0.72,5,U,-48,9.75"
2026-07-11T14:01:08.503+00:00,/dev/cu.usbserial-576B0005451,"RX,778117,R35,TXF,N76,45,186130,G,1,0.93,0.90,5,U,-46,10.00"
2026-07-11T14:01:08.661+00:00,/dev/cu.usbserial-576B0005451,"RX,778275,R35,TXJ,N136,21,186279,G,0,0.93,0.90,5,U,-43,9.25"
2026-07-11T14:01:08.758+00:00,/dev/cu.usbserial-576B0005451,"RX,778372,R35,TXC,N31,44,186381,E,0,0.87,0.84,5,U,-44,9.50"
2026-07-11T14:01:09.005+00:00,/dev/cu.usbserial-576B0005451,"RX,778619,R35,TXA,N01,184,186626,A,1,0.75,0.72,5,F,-38,10.25"
2026-07-11T14:01:09.272+00:00,/dev/cu.usbserial-576B0005451,"RX,778885,R35,TXB,N16,91,186892,G,1,0.93,0.90,5,U,-51,10.75"
2026-07-11T14:01:09.755+00:00,/dev/cu.usbserial-576B0005451,"RX,779369,R35,TXE,N61,89,187381,C,1,0.81,0.78,5,U,-57,9.50"
2026-07-11T14:01:09.862+00:00,/dev/cu.usbserial-576B0005451,"RX,779475,R35,TXI,N121,44,187480,E,0,0.87,0.84,5,U,-44,9.50"
2026-07-11T14:01:10.006+00:00,/dev/cu.usbserial-576B0005451,"RX,779619,R35,TXA,N01,185,187626,B,1,0.20,0.18,5,F,-38,9.75"
2026-07-11T14:01:10.144+00:00,/dev/cu.usbserial-576B0005451,"RX,779757,R35,TXK,N151,93,187762,C,0,0.81,0.78,5,U,-48,9.25"
2026-07-11T14:01:10.758+00:00,/dev/cu.usbserial-576B0005451,"RX,780372,R35,TXC,N31,45,188381,G,1,0.93,0.90,5,U,-45,9.75"
2026-07-11T14:01:11.006+00:00,/dev/cu.usbserial-576B0005451,"RX,780619,R35,TXA,N01,186,188626,C,0,0.81,0.78,5,F,-38,10.00"
2026-07-11T14:01:11.274+00:00,/dev/cu.usbserial-576B0005451,"RX,780885,R35,TXB,N16,92,188892,A,1,0.75,0.72,5,U,-51,9.75"
2026-07-11T14:01:11.755+00:00,/dev/cu.usbserial-576B0005451,"RX,781369,R35,TXE,N61,90,189381,E,0,0.87,0.84,5,U,-56,9.75"
2026-07-11T14:01:11.862+00:00,/dev/cu.usbserial-576B0005451,"RX,781475,R35,TXI,N121,45,189480,G,1,0.93,0.90,5,U,-44,10.00"
2026-07-11T14:01:12.006+00:00,/dev/cu.usbserial-576B0005451,"RX,781619,R35,TXA,N01,187,189626,D,1,0.24,0.22,5,F,-39,9.25"
2026-07-11T14:01:12.144+00:00,/dev/cu.usbserial-576B0005451,"RX,781757,R35,TXK,N151,94,189762,E,1,0.87,0.84,5,U,-49,9.25"
2026-07-11T14:01:13.005+00:00,/dev/cu.usbserial-576B0005451,"RX,782619,R35,TXA,N01,188,190626,E,1,0.87,0.84,5,F,-39,9.75"
2026-07-11T14:01:13.273+00:00,/dev/cu.usbserial-576B0005451,"RX,782885,R35,TXB,N16,93,190892,C,0,0.81,0.78,5,U,-51,9.75"
2026-07-11T14:01:13.755+00:00,/dev/cu.usbserial-576B0005451,"RX,783369,R35,TXE,N61,91,191381,G,1,0.93,0.90,5,U,-56,9.75"
2026-07-11T14:01:14.005+00:00,/dev/cu.usbserial-576B0005451,"RX,783619,R35,TXA,N01,189,191626,F,0,0.28,0.26,5,F,-38,10.25"
2026-07-11T14:01:14.144+00:00,/dev/cu.usbserial-576B0005451,"RX,783757,R35,TXK,N151,95,191762,G,1,0.93,0.90,5,U,-48,9.00"
2026-07-11T14:01:14.503+00:00,/dev/cu.usbserial-576B0005451,"RX,784117,R35,TXF,N76,46,192130,E,1,0.87,0.84,5,U,-46,10.25"
2026-07-11T14:01:14.808+00:00,/dev/cu.usbserial-576B0005451,"RX,784422,R35,TXD,N46,23,192430,G,1,0.93,0.90,5,U,-44,9.75"
2026-07-11T14:01:15.006+00:00,/dev/cu.usbserial-576B0005451,"RX,784619,R35,TXA,N01,190,192626,G,1,0.93,0.90,5,F,-39,9.75"
2026-07-11T14:01:15.272+00:00,/dev/cu.usbserial-576B0005451,"RX,784885,R35,TXB,N16,94,192892,E,1,0.87,0.84,5,U,-51,9.75"
2026-07-11T14:01:15.453+00:00,/dev/cu.usbserial-576B0005451,"RX,785067,R35,TXG,N91,22,193079,G,1,0.93,0.90,5,U,-49,9.50"
2026-07-11T14:01:15.755+00:00,/dev/cu.usbserial-576B0005451,"RX,785369,R35,TXE,N61,92,193381,A,1,0.75,0.72,5,U,-56,10.25"
2026-07-11T14:01:16.007+00:00,/dev/cu.usbserial-576B0005451,"RX,785619,R35,TXA,N01,191,193626,H,1,0.32,0.30,5,F,-39,9.50"
2026-07-11T14:01:16.144+00:00,/dev/cu.usbserial-576B0005451,"RX,785758,R35,TXK,N151,96,193762,A,1,0.75,0.72,5,U,-48,9.75"
2026-07-11T14:01:16.503+00:00,/dev/cu.usbserial-576B0005451,"RX,786117,R35,TXF,N76,47,194130,G,1,0.93,0.90,5,U,-46,10.50"
2026-07-11T14:01:16.661+00:00,/dev/cu.usbserial-576B0005451,"RX,786275,R35,TXJ,N136,22,194279,G,1,0.93,0.90,5,U,-44,9.50"
2026-07-11T14:01:16.758+00:00,/dev/cu.usbserial-576B0005451,"RX,786372,R35,TXC,N31,46,194381,E,1,0.87,0.84,5,U,-44,9.50"
2026-07-11T14:01:17.005+00:00,/dev/cu.usbserial-576B0005451,"RX,786619,R35,TXA,N01,192,194626,A,1,0.75,0.72,5,F,-39,9.50"
2026-07-11T14:01:17.272+00:00,/dev/cu.usbserial-576B0005451,"RX,786885,R35,TXB,N16,95,194892,G,1,0.93,0.90,5,U,-50,10.00"
2026-07-11T14:01:17.755+00:00,/dev/cu.usbserial-576B0005451,"RX,787369,R35,TXE,N61,93,195381,C,0,0.81,0.78,5,U,-57,10.00"
2026-07-11T14:01:17.862+00:00,/dev/cu.usbserial-576B0005451,"RX,787475,R35,TXI,N121,46,195480,E,1,0.87,0.84,5,U,-43,9.75"
2026-07-11T14:01:18.006+00:00,/dev/cu.usbserial-576B0005451,"RX,787619,R35,TXA,N01,193,195626,B,0,0.20,0.18,5,F,-38,9.50"
2026-07-11T14:01:18.144+00:00,/dev/cu.usbserial-576B0005451,"RX,787758,R35,TXK,N151,97,195762,C,1,0.81,0.78,5,U,-48,9.25"
2026-07-11T14:01:18.759+00:00,/dev/cu.usbserial-576B0005451,"RX,788372,R35,TXC,N31,47,196381,G,1,0.93,0.90,5,U,-45,9.50"
2026-07-11T14:01:19.006+00:00,/dev/cu.usbserial-576B0005451,"RX,788619,R35,TXA,N01,194,196626,C,1,0.81,0.78,5,F,-39,9.75"
2026-07-11T14:01:19.272+00:00,/dev/cu.usbserial-576B0005451,"RX,788885,R35,TXB,N16,96,196892,A,1,0.75,0.72,5,U,-50,10.25"
2026-07-11T14:01:19.755+00:00,/dev/cu.usbserial-576B0005451,"RX,789369,R35,TXE,N61,94,197381,E,1,0.87,0.84,5,U,-57,9.75"
2026-07-11T14:01:19.862+00:00,/dev/cu.usbserial-576B0005451,"RX,789475,R35,TXI,N121,47,197480,G,1,0.93,0.90,5,U,-44,10.00"
2026-07-11T14:01:20.005+00:00,/dev/cu.usbserial-576B0005451,"RX,789619,R35,TXA,N01,195,197626,D,1,0.24,0.22,5,F,-39,10.00"
2026-07-11T14:01:20.144+00:00,/dev/cu.usbserial-576B0005451,"RX,789758,R35,TXK,N151,98,197762,E,0,0.87,0.84,5,U,-49,9.00"
2026-07-11T14:01:21.005+00:00,/dev/cu.usbserial-576B0005451,"RX,790619,R35,TXA,N01,196,198626,E,0,0.87,0.84,5,F,-39,10.00"
2026-07-11T14:01:21.272+00:00,/dev/cu.usbserial-576B0005451,"RX,790885,R35,TXB,N16,97,198892,C,1,0.81,0.78,5,U,-51,9.75"
2026-07-11T14:01:21.755+00:00,/dev/cu.usbserial-576B0005451,"RX,791369,R35,TXE,N61,95,199381,G,1,0.93,0.90,5,U,-56,10.00"
2026-07-11T14:01:22.006+00:00,/dev/cu.usbserial-576B0005451,"RX,791619,R35,TXA,N01,197,199626,F,1,0.28,0.26,5,F,-39,9.50"
2026-07-11T14:01:22.117+00:00,/dev/cu.usbserial-576B0005451,"RX,791730,R35,TXH,N106,12,199743,G,1,0.93,0.90,5,U,-38,-2.25"
2026-07-11T14:01:22.297+00:00,/dev/cu.usbserial-576B0005451,"RX,791911,R35,TXL,N166,12,199916,G,1,0.93,0.90,5,U,-48,9.75"
2026-07-11T14:01:22.503+00:00,/dev/cu.usbserial-576B0005451,"RX,792117,R35,TXF,N76,48,200130,E,0,0.87,0.84,5,U,-46,10.00"
2026-07-11T14:01:22.808+00:00,/dev/cu.usbserial-576B0005451,"RX,792422,R35,TXD,N46,24,200430,G,1,0.93,0.90,5,U,-45,9.50"
2026-07-11T14:01:23.005+00:00,/dev/cu.usbserial-576B0005451,"RX,792619,R35,TXA,N01,198,200626,G,1,0.93,0.90,5,F,-39,9.75"
2026-07-11T14:01:23.272+00:00,/dev/cu.usbserial-576B0005451,"RX,792885,R35,TXB,N16,98,200892,E,0,0.87,0.84,5,U,-51,9.75"
2026-07-11T14:01:23.453+00:00,/dev/cu.usbserial-576B0005451,"RX,793067,R35,TXG,N91,23,201079,G,1,0.93,0.90,5,U,-49,9.75"
2026-07-11T14:01:23.755+00:00,/dev/cu.usbserial-576B0005451,"RX,793369,R35,TXE,N61,96,201381,A,1,0.75,0.72,5,U,-57,10.00"
2026-07-11T14:01:24.005+00:00,/dev/cu.usbserial-576B0005451,"RX,793619,R35,TXA,N01,199,201626,H,0,0.32,0.30,5,F,-39,9.75"
2026-07-11T14:01:24.149+00:00,/dev/cu.usbserial-576B0005451,"RX,793763,R35,TXK,N151,100,201762,A,1,0.75,0.72,5,U,-49,9.75"
2026-07-11T14:01:24.503+00:00,/dev/cu.usbserial-576B0005451,"RX,794117,R35,TXF,N76,49,202130,G,1,0.93,0.90,5,U,-46,9.75"
2026-07-11T14:01:24.661+00:00,/dev/cu.usbserial-576B0005451,"RX,794275,R35,TXJ,N136,23,202279,G,1,0.93,0.90,5,U,-43,9.75"
2026-07-11T14:01:24.758+00:00,/dev/cu.usbserial-576B0005451,"RX,794372,R35,TXC,N31,48,202381,E,0,0.87,0.84,5,U,-44,9.75"
2026-07-11T14:01:25.006+00:00,/dev/cu.usbserial-576B0005451,"RX,794619,R35,TXA,N01,200,202626,A,1,0.75,0.72,5,F,-39,9.50"
2026-07-11T14:01:25.273+00:00,/dev/cu.usbserial-576B0005451,"RX,794885,R35,TXB,N16,99,202892,G,1,0.93,0.90,5,U,-50,9.25"
2026-07-11T14:01:25.755+00:00,/dev/cu.usbserial-576B0005451,"RX,795369,R35,TXE,N61,97,203381,C,1,0.81,0.78,5,U,-57,9.50"
2026-07-11T14:01:25.862+00:00,/dev/cu.usbserial-576B0005451,"RX,795475,R35,TXI,N121,48,203480,E,0,0.87,0.84,5,U,-44,9.75"
2026-07-11T14:01:26.005+00:00,/dev/cu.usbserial-576B0005451,"RX,795619,R35,TXA,N01,201,203626,B,1,0.20,0.18,5,F,-38,9.75"
2026-07-11T14:01:26.149+00:00,/dev/cu.usbserial-576B0005451,"RX,795763,R35,TXK,N151,101,203762,C,0,0.81,0.78,5,U,-48,10.00"
2026-07-11T14:01:26.758+00:00,/dev/cu.usbserial-576B0005451,"RX,796372,R35,TXC,N31,49,204381,G,1,0.93,0.90,5,U,-45,9.25"
2026-07-11T14:01:27.005+00:00,/dev/cu.usbserial-576B0005451,"RX,796619,R35,TXA,N01,202,204626,C,0,0.81,0.78,5,F,-39,9.50"
2026-07-11T14:01:27.272+00:00,/dev/cu.usbserial-576B0005451,"RX,796886,R35,TXB,N16,100,204892,A,1,0.75,0.72,5,U,-50,10.00"
2026-07-11T14:01:27.755+00:00,/dev/cu.usbserial-576B0005451,"RX,797369,R35,TXE,N61,98,205381,E,0,0.87,0.84,5,U,-56,10.00"
2026-07-11T14:01:27.862+00:00,/dev/cu.usbserial-576B0005451,"RX,797475,R35,TXI,N121,49,205480,G,1,0.93,0.90,5,U,-43,9.75"
2026-07-11T14:01:28.006+00:00,/dev/cu.usbserial-576B0005451,"RX,797619,R35,TXA,N01,203,205626,D,1,0.24,0.22,5,F,-38,10.00"
2026-07-11T14:01:28.149+00:00,/dev/cu.usbserial-576B0005451,"RX,797763,R35,TXK,N151,102,205762,E,1,0.87,0.84,5,U,-49,10.00"
2026-07-11T14:01:29.005+00:00,/dev/cu.usbserial-576B0005451,"RX,798619,R35,TXA,N01,204,206626,E,1,0.87,0.84,5,F,-39,9.75"
2026-07-11T14:01:29.272+00:00,/dev/cu.usbserial-576B0005451,"RX,798886,R35,TXB,N16,101,206892,C,0,0.81,0.78,5,U,-50,9.75"
2026-07-11T14:01:29.755+00:00,/dev/cu.usbserial-576B0005451,"RX,799369,R35,TXE,N61,99,207381,G,1,0.93,0.90,5,U,-57,10.00"
2026-07-11T14:01:30.006+00:00,/dev/cu.usbserial-576B0005451,"RX,799619,R35,TXA,N01,205,207626,F,0,0.28,0.26,5,F,-39,9.50"
2026-07-11T14:01:30.297+00:00,/dev/cu.usbserial-576B0005451,"RX,799911,R35,TXL,N166,13,207916,G,1,0.93,0.90,5,U,-48,9.50"
2026-07-11T14:01:30.503+00:00,/dev/cu.usbserial-576B0005451,"RX,800117,R35,TXF,N76,50,208130,E,1,0.87,0.84,5,U,-45,10.00"
2026-07-11T14:01:30.808+00:00,/dev/cu.usbserial-576B0005451,"RX,800422,R35,TXD,N46,25,208430,G,1,0.93,0.90,5,U,-45,9.50"
2026-07-11T14:01:31.005+00:00,/dev/cu.usbserial-576B0005451,"RX,800619,R35,TXA,N01,206,208626,G,1,0.93,0.90,5,F,-39,9.75"
2026-07-11T14:01:31.272+00:00,/dev/cu.usbserial-576B0005451,"RX,800886,R35,TXB,N16,102,208892,E,1,0.87,0.84,5,U,-50,10.25"
2026-07-11T14:01:31.453+00:00,/dev/cu.usbserial-576B0005451,"RX,801067,R35,TXG,N91,24,209079,G,1,0.93,0.90,5,U,-50,9.50"
2026-07-11T14:01:31.755+00:00,/dev/cu.usbserial-576B0005451,"RX,801369,R35,TXE,N61,100,209381,A,1,0.75,0.72,5,U,-57,9.50"
2026-07-11T14:01:32.005+00:00,/dev/cu.usbserial-576B0005451,"RX,801619,R35,TXA,N01,207,209626,H,1,0.32,0.30,5,F,-39,9.50"
2026-07-11T14:01:32.149+00:00,/dev/cu.usbserial-576B0005451,"RX,801763,R35,TXK,N151,104,209762,A,0,0.75,0.72,5,U,-48,9.50"
2026-07-11T14:01:32.503+00:00,/dev/cu.usbserial-576B0005451,"RX,802117,R35,TXF,N76,51,210130,G,1,0.93,0.90,5,U,-46,9.75"
2026-07-11T14:01:32.661+00:00,/dev/cu.usbserial-576B0005451,"RX,802275,R35,TXJ,N136,24,210279,G,1,0.93,0.90,5,U,-43,9.50"
2026-07-11T14:01:32.758+00:00,/dev/cu.usbserial-576B0005451,"RX,802372,R35,TXC,N31,50,210381,E,1,0.87,0.84,5,U,-44,9.75"
2026-07-11T14:01:33.005+00:00,/dev/cu.usbserial-576B0005451,"RX,802619,R35,TXA,N01,208,210626,A,0,0.75,0.72,5,F,-39,9.50"
2026-07-11T14:01:33.272+00:00,/dev/cu.usbserial-576B0005451,"RX,802886,R35,TXB,N16,103,210892,G,1,0.93,0.90,5,U,-50,9.75"
2026-07-11T14:01:33.755+00:00,/dev/cu.usbserial-576B0005451,"RX,803369,R35,TXE,N61,101,211381,C,0,0.81,0.78,5,U,-56,10.00"
2026-07-11T14:01:33.862+00:00,/dev/cu.usbserial-576B0005451,"RX,803475,R35,TXI,N121,50,211480,E,1,0.87,0.84,5,U,-44,9.75"
2026-07-11T14:01:34.005+00:00,/dev/cu.usbserial-576B0005451,"RX,803619,R35,TXA,N01,209,211626,B,1,0.20,0.18,5,F,-38,9.75"
2026-07-11T14:01:34.149+00:00,/dev/cu.usbserial-576B0005451,"RX,803763,R35,TXK,N151,105,211762,C,1,0.81,0.78,5,U,-49,9.50"
2026-07-11T14:01:34.758+00:00,/dev/cu.usbserial-576B0005451,"RX,804372,R35,TXC,N31,51,212381,G,1,0.93,0.90,5,U,-44,10.00"
2026-07-11T14:01:35.005+00:00,/dev/cu.usbserial-576B0005451,"RX,804619,R35,TXA,N01,210,212626,C,1,0.81,0.78,5,F,-39,9.50"
2026-07-11T14:01:35.272+00:00,/dev/cu.usbserial-576B0005451,"RX,804886,R35,TXB,N16,104,212892,A,0,0.75,0.72,5,U,-50,9.75"
2026-07-11T14:01:35.755+00:00,/dev/cu.usbserial-576B0005451,"RX,805369,R35,TXE,N61,102,213381,E,1,0.87,0.84,5,U,-56,9.50"
2026-07-11T14:01:35.862+00:00,/dev/cu.usbserial-576B0005451,"RX,805475,R35,TXI,N121,51,213480,G,1,0.93,0.90,5,U,-43,10.00"
2026-07-11T14:01:36.006+00:00,/dev/cu.usbserial-576B0005451,"RX,805619,R35,TXA,N01,211,213626,D,0,0.24,0.22,5,F,-39,9.50"
2026-07-11T14:01:36.149+00:00,/dev/cu.usbserial-576B0005451,"RX,805763,R35,TXK,N151,106,213762,E,1,0.87,0.84,5,U,-48,9.75"
2026-07-11T14:01:37.005+00:00,/dev/cu.usbserial-576B0005451,"RX,806619,R35,TXA,N01,212,214626,E,1,0.87,0.84,5,F,-38,9.75"
2026-07-11T14:01:37.272+00:00,/dev/cu.usbserial-576B0005451,"RX,806886,R35,TXB,N16,105,214892,C,1,0.81,0.78,5,U,-50,9.75"
2026-07-11T14:01:37.755+00:00,/dev/cu.usbserial-576B0005451,"RX,807369,R35,TXE,N61,103,215381,G,1,0.93,0.90,5,U,-56,9.75"
2026-07-11T14:01:38.005+00:00,/dev/cu.usbserial-576B0005451,"RX,807619,R35,TXA,N01,213,215626,F,1,0.28,0.26,5,F,-37,10.00"
2026-07-11T14:01:38.297+00:00,/dev/cu.usbserial-576B0005451,"RX,807911,R35,TXL,N166,14,215916,G,0,0.93,0.90,5,U,-49,9.50"
2026-07-11T14:01:38.506+00:00,/dev/cu.usbserial-576B0005451,"RX,808117,R35,TXF,N76,52,216130,E,1,0.87,0.84,5,U,-46,9.75"
2026-07-11T14:01:38.808+00:00,/dev/cu.usbserial-576B0005451,"RX,808422,R35,TXD,N46,26,216430,G,0,0.93,0.90,5,U,-45,9.00"
2026-07-11T14:01:39.005+00:00,/dev/cu.usbserial-576B0005451,"RX,808619,R35,TXA,N01,214,216626,G,0,0.93,0.90,5,F,-39,9.50"
2026-07-11T14:01:39.272+00:00,/dev/cu.usbserial-576B0005451,"RX,808886,R35,TXB,N16,106,216892,E,1,0.87,0.84,5,U,-50,9.75"
2026-07-11T14:01:39.453+00:00,/dev/cu.usbserial-576B0005451,"RX,809066,R35,TXG,N91,25,217079,G,1,0.93,0.90,5,U,-50,9.50"
2026-07-11T14:01:39.755+00:00,/dev/cu.usbserial-576B0005451,"RX,809369,R35,TXE,N61,104,217381,A,0,0.75,0.72,5,U,-57,9.75"
2026-07-11T14:01:40.005+00:00,/dev/cu.usbserial-576B0005451,"RX,809619,R35,TXA,N01,215,217626,H,1,0.32,0.30,5,F,-38,9.50"
2026-07-11T14:01:40.149+00:00,/dev/cu.usbserial-576B0005451,"RX,809763,R35,TXK,N151,108,217762,A,1,0.75,0.72,5,U,-48,10.00"
2026-07-11T14:01:40.503+00:00,/dev/cu.usbserial-576B0005451,"RX,810117,R35,TXF,N76,53,218130,G,0,0.93,0.90,5,U,-46,9.75"
2026-07-11T14:01:40.661+00:00,/dev/cu.usbserial-576B0005451,"RX,810275,R35,TXJ,N136,25,218279,G,1,0.93,0.90,5,U,-44,9.50"
2026-07-11T14:01:40.758+00:00,/dev/cu.usbserial-576B0005451,"RX,810372,R35,TXC,N31,52,218381,E,1,0.87,0.84,5,U,-44,9.75"
2026-07-11T14:01:41.005+00:00,/dev/cu.usbserial-576B0005451,"RX,810619,R35,TXA,N01,216,218626,A,1,0.75,0.72,5,F,-38,9.75"
2026-07-11T14:01:41.272+00:00,/dev/cu.usbserial-576B0005451,"RX,810886,R35,TXB,N16,107,218892,G,0,0.93,0.90,5,U,-51,9.75"
2026-07-11T14:01:41.755+00:00,/dev/cu.usbserial-576B0005451,"RX,811369,R35,TXE,N61,105,219381,C,1,0.81,0.78,5,U,-56,9.75"
2026-07-11T14:01:41.862+00:00,/dev/cu.usbserial-576B0005451,"RX,811475,R35,TXI,N121,52,219480,E,1,0.87,0.84,5,U,-43,9.50"
2026-07-11T14:01:42.006+00:00,/dev/cu.usbserial-576B0005451,"RX,811619,R35,TXA,N01,217,219626,B,0,0.20,0.18,5,F,-39,9.50"
2026-07-11T14:01:42.149+00:00,/dev/cu.usbserial-576B0005451,"RX,811763,R35,TXK,N151,109,219762,C,1,0.81,0.78,5,U,-48,9.75"
2026-07-11T14:01:42.758+00:00,/dev/cu.usbserial-576B0005451,"RX,812372,R35,TXC,N31,53,220381,G,0,0.93,0.90,5,U,-45,9.50"
2026-07-11T14:01:43.006+00:00,/dev/cu.usbserial-576B0005451,"RX,812619,R35,TXA,N01,218,220626,C,1,0.81,0.78,5,F,-38,9.75"
2026-07-11T14:01:43.275+00:00,/dev/cu.usbserial-576B0005451,"RX,812886,R35,TXB,N16,108,220892,A,1,0.75,0.72,5,U,-50,10.00"
2026-07-11T14:01:43.755+00:00,/dev/cu.usbserial-576B0005451,"RX,813369,R35,TXE,N61,106,221381,E,1,0.87,0.84,5,U,-56,9.75"
2026-07-11T14:01:43.862+00:00,/dev/cu.usbserial-576B0005451,"RX,813475,R35,TXI,N121,53,221480,G,0,0.93,0.90,5,U,-44,9.25"
2026-07-11T14:01:44.005+00:00,/dev/cu.usbserial-576B0005451,"RX,813619,R35,TXA,N01,219,221626,D,1,0.24,0.22,5,F,-39,10.00"
2026-07-11T14:01:44.149+00:00,/dev/cu.usbserial-576B0005451,"RX,813763,R35,TXK,N151,110,221762,E,0,0.87,0.84,5,U,-48,9.75"
2026-07-11T14:01:45.005+00:00,/dev/cu.usbserial-576B0005451,"RX,814619,R35,TXA,N01,220,222626,E,0,0.87,0.84,5,F,-39,9.75"
2026-07-11T14:01:45.272+00:00,/dev/cu.usbserial-576B0005451,"RX,814886,R35,TXB,N16,109,222892,C,1,0.81,0.78,5,U,-50,9.50"
2026-07-11T14:01:45.755+00:00,/dev/cu.usbserial-576B0005451,"RX,815369,R35,TXE,N61,107,223381,G,0,0.93,0.90,5,U,-57,9.75"
2026-07-11T14:01:46.005+00:00,/dev/cu.usbserial-576B0005451,"RX,815619,R35,TXA,N01,221,223626,F,1,0.28,0.26,5,F,-38,9.50"
2026-07-11T14:01:46.117+00:00,/dev/cu.usbserial-576B0005451,"RX,815730,R35,TXH,N106,15,223743,G,1,0.93,0.90,5,U,-38,-1.75"
2026-07-11T14:01:46.297+00:00,/dev/cu.usbserial-576B0005451,"RX,815911,R35,TXL,N166,15,223916,G,1,0.93,0.90,5,U,-48,9.50"
2026-07-11T14:01:46.503+00:00,/dev/cu.usbserial-576B0005451,"RX,816117,R35,TXF,N76,54,224130,E,0,0.87,0.84,5,U,-46,9.50"
2026-07-11T14:01:46.808+00:00,/dev/cu.usbserial-576B0005451,"RX,816422,R35,TXD,N46,27,224430,G,1,0.93,0.90,5,U,-45,9.75"
2026-07-11T14:01:47.006+00:00,/dev/cu.usbserial-576B0005451,"RX,816619,R35,TXA,N01,222,224626,G,1,0.93,0.90,5,F,-38,9.75"
2026-07-11T14:01:47.272+00:00,/dev/cu.usbserial-576B0005451,"RX,816886,R35,TXB,N16,110,224892,E,0,0.87,0.84,5,U,-50,10.25"
2026-07-11T14:01:47.453+00:00,/dev/cu.usbserial-576B0005451,"RX,817066,R35,TXG,N91,26,225079,G,0,0.93,0.90,5,U,-50,9.75"
2026-07-11T14:01:47.755+00:00,/dev/cu.usbserial-576B0005451,"RX,817369,R35,TXE,N61,108,225381,A,1,0.75,0.72,5,U,-56,9.25"
2026-07-11T14:01:48.006+00:00,/dev/cu.usbserial-576B0005451,"RX,817619,R35,TXA,N01,223,225626,H,0,0.32,0.30,5,F,-39,9.25"
2026-07-11T14:01:48.150+00:00,/dev/cu.usbserial-576B0005451,"RX,817763,R35,TXK,N151,112,225762,A,1,0.75,0.72,5,U,-48,10.00"
2026-07-11T14:01:48.503+00:00,/dev/cu.usbserial-576B0005451,"RX,818117,R35,TXF,N76,55,226130,G,1,0.93,0.90,5,U,-46,9.75"
2026-07-11T14:01:48.661+00:00,/dev/cu.usbserial-576B0005451,"RX,818275,R35,TXJ,N136,26,226279,G,0,0.93,0.90,5,U,-44,7.75"
2026-07-11T14:01:48.758+00:00,/dev/cu.usbserial-576B0005451,"RX,818372,R35,TXC,N31,54,226381,E,0,0.87,0.84,5,U,-45,9.50"
2026-07-11T14:01:49.005+00:00,/dev/cu.usbserial-576B0005451,"RX,818619,R35,TXA,N01,224,226626,A,1,0.75,0.72,5,F,-38,9.50"
2026-07-11T14:01:49.272+00:00,/dev/cu.usbserial-576B0005451,"RX,818886,R35,TXB,N16,111,226892,G,1,0.93,0.90,5,U,-50,10.25"
2026-07-11T14:01:49.755+00:00,/dev/cu.usbserial-576B0005451,"RX,819369,R35,TXE,N61,109,227381,C,1,0.81,0.78,5,U,-56,9.75"
2026-07-11T14:01:49.862+00:00,/dev/cu.usbserial-576B0005451,"RX,819475,R35,TXI,N121,54,227480,E,0,0.87,0.84,5,U,-44,9.50"
2026-07-11T14:01:50.005+00:00,/dev/cu.usbserial-576B0005451,"RX,819619,R35,TXA,N01,225,227626,B,1,0.20,0.18,5,F,-39,9.75"
2026-07-11T14:01:50.149+00:00,/dev/cu.usbserial-576B0005451,"RX,819763,R35,TXK,N151,113,227762,C,0,0.81,0.78,5,U,-49,9.75"
2026-07-11T14:01:50.758+00:00,/dev/cu.usbserial-576B0005451,"RX,820372,R35,TXC,N31,55,228381,G,1,0.93,0.90,5,U,-45,10.00"
2026-07-11T14:01:51.005+00:00,/dev/cu.usbserial-576B0005451,"RX,820619,R35,TXA,N01,226,228626,C,0,0.81,0.78,5,F,-39,9.75"
2026-07-11T14:01:51.272+00:00,/dev/cu.usbserial-576B0005451,"RX,820886,R35,TXB,N16,112,228892,A,1,0.75,0.72,5,U,-50,9.75"
2026-07-11T14:01:51.755+00:00,/dev/cu.usbserial-576B0005451,"RX,821369,R35,TXE,N61,110,229381,E,0,0.87,0.84,5,U,-56,9.75"
2026-07-11T14:01:51.862+00:00,/dev/cu.usbserial-576B0005451,"RX,821475,R35,TXI,N121,55,229480,G,1,0.93,0.90,5,U,-44,9.50"
2026-07-11T14:01:52.005+00:00,/dev/cu.usbserial-576B0005451,"RX,821619,R35,TXA,N01,227,229626,D,1,0.24,0.22,5,F,-39,9.75"
2026-07-11T14:01:52.149+00:00,/dev/cu.usbserial-576B0005451,"RX,821762,R35,TXK,N151,114,229762,E,1,0.87,0.84,5,U,-48,10.50"
2026-07-11T14:01:53.005+00:00,/dev/cu.usbserial-576B0005451,"RX,822619,R35,TXA,N01,228,230626,E,1,0.87,0.84,5,F,-39,9.75"
2026-07-11T14:01:53.273+00:00,/dev/cu.usbserial-576B0005451,"RX,822886,R35,TXB,N16,113,230892,C,0,0.81,0.78,5,U,-50,9.75"
2026-07-11T14:01:53.755+00:00,/dev/cu.usbserial-576B0005451,"RX,823369,R35,TXE,N61,111,231381,G,1,0.93,0.90,5,U,-56,9.50"
2026-07-11T14:01:54.005+00:00,/dev/cu.usbserial-576B0005451,"RX,823619,R35,TXA,N01,229,231626,F,0,0.28,0.26,5,F,-39,9.50"
2026-07-11T14:01:54.149+00:00,/dev/cu.usbserial-576B0005451,"RX,823762,R35,TXK,N151,115,231762,G,1,0.93,0.90,5,U,-48,9.75"
2026-07-11T14:01:54.503+00:00,/dev/cu.usbserial-576B0005451,"RX,824117,R35,TXF,N76,56,232130,E,1,0.87,0.84,5,U,-46,9.75"
2026-07-11T14:01:54.808+00:00,/dev/cu.usbserial-576B0005451,"RX,824422,R35,TXD,N46,28,232430,G,1,0.93,0.90,5,U,-45,9.25"
2026-07-11T14:01:55.006+00:00,/dev/cu.usbserial-576B0005451,"RX,824619,R35,TXA,N01,230,232626,G,1,0.93,0.90,5,F,-39,9.50"
2026-07-11T14:01:55.272+00:00,/dev/cu.usbserial-576B0005451,"RX,824886,R35,TXB,N16,114,232892,E,1,0.87,0.84,5,U,-50,10.00"
2026-07-11T14:01:55.453+00:00,/dev/cu.usbserial-576B0005451,"RX,825067,R35,TXG,N91,27,233079,G,1,0.93,0.90,5,U,-50,9.50"
2026-07-11T14:01:55.755+00:00,/dev/cu.usbserial-576B0005451,"RX,825369,R35,TXE,N61,112,233381,A,1,0.75,0.72,5,U,-56,9.75"
2026-07-11T14:01:56.005+00:00,/dev/cu.usbserial-576B0005451,"RX,825619,R35,TXA,N01,231,233626,H,1,0.32,0.30,5,F,-39,10.00"
2026-07-11T14:01:56.149+00:00,/dev/cu.usbserial-576B0005451,"RX,825763,R35,TXK,N151,116,233762,A,0,0.75,0.72,5,U,-48,9.75"
2026-07-11T14:01:56.503+00:00,/dev/cu.usbserial-576B0005451,"RX,826117,R35,TXF,N76,57,234130,G,1,0.93,0.90,5,U,-46,10.00"
2026-07-11T14:01:56.661+00:00,/dev/cu.usbserial-576B0005451,"RX,826275,R35,TXJ,N136,27,234279,G,1,0.93,0.90,5,U,-44,9.50"
2026-07-11T14:01:56.758+00:00,/dev/cu.usbserial-576B0005451,"RX,826372,R35,TXC,N31,56,234381,E,1,0.87,0.84,5,U,-44,9.50"
2026-07-11T14:01:57.007+00:00,/dev/cu.usbserial-576B0005451,"RX,826619,R35,TXA,N01,232,234626,A,0,0.75,0.72,5,F,-39,9.75"
2026-07-11T14:01:57.272+00:00,/dev/cu.usbserial-576B0005451,"RX,826886,R35,TXB,N16,115,234892,G,1,0.93,0.90,5,U,-50,9.75"
2026-07-11T14:01:57.755+00:00,/dev/cu.usbserial-576B0005451,"RX,827369,R35,TXE,N61,113,235381,C,0,0.81,0.78,5,U,-57,10.00"
2026-07-11T14:01:57.862+00:00,/dev/cu.usbserial-576B0005451,"RX,827475,R35,TXI,N121,56,235480,E,1,0.87,0.84,5,U,-44,9.75"
2026-07-11T14:01:58.006+00:00,/dev/cu.usbserial-576B0005451,"RX,827619,R35,TXA,N01,233,235626,B,1,0.20,0.18,5,F,-39,9.50"
2026-07-11T14:01:58.149+00:00,/dev/cu.usbserial-576B0005451,"RX,827762,R35,TXK,N151,117,235762,C,1,0.81,0.78,5,U,-48,10.00"
2026-07-11T14:01:58.758+00:00,/dev/cu.usbserial-576B0005451,"RX,828372,R35,TXC,N31,57,236381,G,1,0.93,0.90,5,U,-45,9.50"
2026-07-11T14:01:59.005+00:00,/dev/cu.usbserial-576B0005451,"RX,828619,R35,TXA,N01,234,236626,C,1,0.81,0.78,5,F,-38,9.25"
2026-07-11T14:01:59.272+00:00,/dev/cu.usbserial-576B0005451,"RX,828886,R35,TXB,N16,116,236892,A,0,0.75,0.72,5,U,-50,9.75"
2026-07-11T14:01:59.755+00:00,/dev/cu.usbserial-576B0005451,"RX,829369,R35,TXE,N61,114,237381,E,1,0.87,0.84,5,U,-57,10.75"
2026-07-11T14:01:59.861+00:00,/dev/cu.usbserial-576B0005451,"RX,829475,R35,TXI,N121,57,237480,G,1,0.93,0.90,5,U,-44,9.50"
2026-07-11T14:02:00.008+00:00,/dev/cu.usbserial-576B0005451,"RX,829619,R35,TXA,N01,235,237626,D,0,0.24,0.22,5,F,-39,9.50"
2026-07-11T14:02:00.149+00:00,/dev/cu.usbserial-576B0005451,"RX,829763,R35,TXK,N151,118,237762,E,1,0.87,0.84,5,U,-48,9.75"
2026-07-11T14:02:01.006+00:00,/dev/cu.usbserial-576B0005451,"RX,830619,R35,TXA,N01,236,238626,E,1,0.87,0.84,5,F,-38,10.50"
2026-07-11T14:02:01.273+00:00,/dev/cu.usbserial-576B0005451,"RX,830886,R35,TXB,N16,117,238892,C,1,0.81,0.78,5,U,-50,9.75"
2026-07-11T14:02:01.755+00:00,/dev/cu.usbserial-576B0005451,"RX,831369,R35,TXE,N61,115,239381,G,1,0.93,0.90,5,U,-56,9.75"
2026-07-11T14:02:02.005+00:00,/dev/cu.usbserial-576B0005451,"RX,831619,R35,TXA,N01,237,239626,F,1,0.28,0.26,5,F,-39,10.00"
2026-07-11T14:02:02.149+00:00,/dev/cu.usbserial-576B0005451,"RX,831762,R35,TXK,N151,119,239762,G,0,0.93,0.90,5,U,-48,10.00"
2026-07-11T14:02:02.503+00:00,/dev/cu.usbserial-576B0005451,"RX,832117,R35,TXF,N76,58,240130,E,1,0.87,0.84,5,U,-46,9.75"
2026-07-11T14:02:02.808+00:00,/dev/cu.usbserial-576B0005451,"RX,832422,R35,TXD,N46,29,240430,G,0,0.93,0.90,5,U,-45,10.00"
2026-07-11T14:02:03.006+00:00,/dev/cu.usbserial-576B0005451,"RX,832619,R35,TXA,N01,238,240626,G,0,0.93,0.90,5,F,-38,10.00"
2026-07-11T14:02:03.272+00:00,/dev/cu.usbserial-576B0005451,"RX,832886,R35,TXB,N16,118,240892,E,1,0.87,0.84,5,U,-50,9.75"
2026-07-11T14:02:03.453+00:00,/dev/cu.usbserial-576B0005451,"RX,833066,R35,TXG,N91,28,241079,G,1,0.93,0.90,5,U,-49,9.50"
2026-07-11T14:02:03.755+00:00,/dev/cu.usbserial-576B0005451,"RX,833369,R35,TXE,N61,116,241381,A,0,0.75,0.72,5,U,-57,9.50"
2026-07-11T14:02:04.006+00:00,/dev/cu.usbserial-576B0005451,"RX,833619,R35,TXA,N01,239,241626,H,1,0.32,0.30,5,F,-39,9.75"
2026-07-11T14:02:04.149+00:00,/dev/cu.usbserial-576B0005451,"RX,833763,R35,TXK,N151,120,241762,A,1,0.75,0.72,5,U,-48,10.00"
2026-07-11T14:02:04.503+00:00,/dev/cu.usbserial-576B0005451,"RX,834117,R35,TXF,N76,59,242130,G,0,0.93,0.90,5,U,-46,9.75"
2026-07-11T14:02:04.661+00:00,/dev/cu.usbserial-576B0005451,"RX,834275,R35,TXJ,N136,28,242279,G,1,0.93,0.90,5,U,-44,9.75"
2026-07-11T14:02:04.758+00:00,/dev/cu.usbserial-576B0005451,"RX,834372,R35,TXC,N31,58,242381,E,1,0.87,0.84,5,U,-44,9.75"
2026-07-11T14:02:05.005+00:00,/dev/cu.usbserial-576B0005451,"RX,834619,R35,TXA,N01,240,242626,A,1,0.75,0.72,5,F,-38,9.75"
2026-07-11T14:02:05.272+00:00,/dev/cu.usbserial-576B0005451,"RX,834886,R35,TXB,N16,119,242892,G,0,0.93,0.90,5,U,-50,9.75"
2026-07-11T14:02:05.755+00:00,/dev/cu.usbserial-576B0005451,"RX,835369,R35,TXE,N61,117,243381,C,1,0.81,0.78,5,U,-57,9.75"
2026-07-11T14:02:05.861+00:00,/dev/cu.usbserial-576B0005451,"RX,835475,R35,TXI,N121,58,243480,E,1,0.87,0.84,5,U,-44,9.50"
2026-07-11T14:02:06.006+00:00,/dev/cu.usbserial-576B0005451,"RX,835619,R35,TXA,N01,241,243626,B,0,0.20,0.18,5,F,-39,9.50"
2026-07-11T14:02:06.149+00:00,/dev/cu.usbserial-576B0005451,"RX,835763,R35,TXK,N151,121,243762,C,1,0.81,0.78,5,U,-48,10.50"
2026-07-11T14:02:06.758+00:00,/dev/cu.usbserial-576B0005451,"RX,836372,R35,TXC,N31,59,244381,G,0,0.93,0.90,5,U,-44,9.75"
2026-07-11T14:02:07.006+00:00,/dev/cu.usbserial-576B0005451,"RX,836619,R35,TXA,N01,242,244626,C,1,0.81,0.78,5,F,-38,10.00"
2026-07-11T14:02:07.273+00:00,/dev/cu.usbserial-576B0005451,"RX,836886,R35,TXB,N16,120,244892,A,1,0.75,0.72,5,U,-51,9.75"
2026-07-11T14:02:07.755+00:00,/dev/cu.usbserial-576B0005451,"RX,837369,R35,TXE,N61,118,245381,E,1,0.87,0.84,5,U,-57,10.00"
2026-07-11T14:02:07.861+00:00,/dev/cu.usbserial-576B0005451,"RX,837475,R35,TXI,N121,59,245480,G,0,0.93,0.90,5,U,-44,9.50"
2026-07-11T14:02:08.005+00:00,/dev/cu.usbserial-576B0005451,"RX,837619,R35,TXA,N01,243,245626,D,1,0.24,0.22,5,F,-39,10.00"
2026-07-11T14:02:08.149+00:00,/dev/cu.usbserial-576B0005451,"RX,837763,R35,TXK,N151,122,245762,E,0,0.87,0.84,5,U,-48,10.25"
2026-07-11T14:02:09.005+00:00,/dev/cu.usbserial-576B0005451,"RX,838619,R35,TXA,N01,244,246626,E,0,0.87,0.84,5,F,-39,10.00"
2026-07-11T14:02:09.272+00:00,/dev/cu.usbserial-576B0005451,"RX,838886,R35,TXB,N16,121,246892,C,1,0.81,0.78,5,U,-50,9.75"
2026-07-11T14:02:09.755+00:00,/dev/cu.usbserial-576B0005451,"RX,839369,R35,TXE,N61,119,247381,G,0,0.93,0.90,5,U,-57,10.25"
2026-07-11T14:02:10.006+00:00,/dev/cu.usbserial-576B0005451,"RX,839619,R35,TXA,N01,245,247626,F,1,0.28,0.26,5,F,-39,9.50"
2026-07-11T14:02:10.149+00:00,/dev/cu.usbserial-576B0005451,"RX,839763,R35,TXK,N151,123,247762,G,1,0.93,0.90,5,U,-48,9.75"
2026-07-11T14:02:10.503+00:00,/dev/cu.usbserial-576B0005451,"RX,840117,R35,TXF,N76,60,248130,E,0,0.87,0.84,5,U,-46,9.75"
2026-07-11T14:02:10.808+00:00,/dev/cu.usbserial-576B0005451,"RX,840422,R35,TXD,N46,30,248430,G,1,0.93,0.90,5,U,-45,9.25"
2026-07-11T14:02:11.005+00:00,/dev/cu.usbserial-576B0005451,"RX,840619,R35,TXA,N01,246,248626,G,1,0.93,0.90,5,F,-39,10.00"
2026-07-11T14:02:11.273+00:00,/dev/cu.usbserial-576B0005451,"RX,840886,R35,TXB,N16,122,248892,E,0,0.87,0.84,5,U,-50,12.00"
2026-07-11T14:02:11.453+00:00,/dev/cu.usbserial-576B0005451,"RX,841067,R35,TXG,N91,29,249079,G,0,0.93,0.90,5,U,-50,9.50"
2026-07-11T14:02:11.755+00:00,/dev/cu.usbserial-576B0005451,"RX,841369,R35,TXE,N61,120,249381,A,1,0.75,0.72,5,U,-57,10.00"
2026-07-11T14:02:12.005+00:00,/dev/cu.usbserial-576B0005451,"RX,841619,R35,TXA,N01,247,249626,H,0,0.32,0.30,5,F,-38,10.00"
2026-07-11T14:02:12.149+00:00,/dev/cu.usbserial-576B0005451,"RX,841762,R35,TXK,N151,124,249762,A,1,0.75,0.72,5,U,-48,9.75"
2026-07-11T14:02:12.503+00:00,/dev/cu.usbserial-576B0005451,"RX,842117,R35,TXF,N76,61,250130,G,1,0.93,0.90,5,U,-46,10.25"
2026-07-11T14:02:12.661+00:00,/dev/cu.usbserial-576B0005451,"RX,842275,R35,TXJ,N136,29,250279,G,0,0.93,0.90,5,U,-43,10.00"
2026-07-11T14:02:12.758+00:00,/dev/cu.usbserial-576B0005451,"RX,842372,R35,TXC,N31,60,250381,E,0,0.87,0.84,5,U,-45,9.75"
2026-07-11T14:02:13.006+00:00,/dev/cu.usbserial-576B0005451,"RX,842619,R35,TXA,N01,248,250626,A,1,0.75,0.72,5,F,-39,9.00"
2026-07-11T14:02:13.272+00:00,/dev/cu.usbserial-576B0005451,"RX,842886,R35,TXB,N16,123,250892,G,1,0.93,0.90,5,U,-50,9.75"
2026-07-11T14:02:13.755+00:00,/dev/cu.usbserial-576B0005451,"RX,843369,R35,TXE,N61,121,251381,C,1,0.81,0.78,5,U,-56,9.75"
2026-07-11T14:02:13.861+00:00,/dev/cu.usbserial-576B0005451,"RX,843475,R35,TXI,N121,60,251480,E,0,0.87,0.84,5,U,-44,9.75"
2026-07-11T14:02:14.005+00:00,/dev/cu.usbserial-576B0005451,"RX,843619,R35,TXA,N01,249,251626,B,1,0.20,0.18,5,F,-39,9.25"
2026-07-11T14:02:14.149+00:00,/dev/cu.usbserial-576B0005451,"RX,843762,R35,TXK,N151,125,251762,C,0,0.81,0.78,5,U,-48,9.75"
2026-07-11T14:02:14.758+00:00,/dev/cu.usbserial-576B0005451,"RX,844372,R35,TXC,N31,61,252381,G,1,0.93,0.90,5,U,-44,9.75"
2026-07-11T14:02:15.005+00:00,/dev/cu.usbserial-576B0005451,"RX,844619,R35,TXA,N01,250,252626,C,0,0.81,0.78,5,F,-38,9.75"
2026-07-11T14:02:15.272+00:00,/dev/cu.usbserial-576B0005451,"RX,844886,R35,TXB,N16,124,252892,A,1,0.75,0.72,5,U,-50,9.75"
2026-07-11T14:02:15.755+00:00,/dev/cu.usbserial-576B0005451,"RX,845369,R35,TXE,N61,122,253381,E,0,0.87,0.84,5,U,-55,9.75"
2026-07-11T14:02:15.861+00:00,/dev/cu.usbserial-576B0005451,"RX,845475,R35,TXI,N121,61,253480,G,1,0.93,0.90,5,U,-44,9.50"
2026-07-11T14:02:16.006+00:00,/dev/cu.usbserial-576B0005451,"RX,845619,R35,TXA,N01,251,253626,D,1,0.24,0.22,5,F,-39,9.75"
2026-07-11T14:02:16.149+00:00,/dev/cu.usbserial-576B0005451,"RX,845763,R35,TXK,N151,126,253762,E,1,0.87,0.84,5,U,-49,10.00"
2026-07-11T14:02:17.006+00:00,/dev/cu.usbserial-576B0005451,"RX,846619,R35,TXA,N01,252,254626,E,1,0.87,0.84,5,F,-39,9.50"
2026-07-11T14:02:17.272+00:00,/dev/cu.usbserial-576B0005451,"RX,846886,R35,TXB,N16,125,254892,C,0,0.81,0.78,5,U,-51,10.00"
2026-07-11T14:02:17.755+00:00,/dev/cu.usbserial-576B0005451,"RX,847369,R35,TXE,N61,123,255381,G,1,0.93,0.90,5,U,-54,9.75"
2026-07-11T14:02:18.006+00:00,/dev/cu.usbserial-576B0005451,"RX,847619,R35,TXA,N01,253,255626,F,0,0.28,0.26,5,F,-39,9.75"
2026-07-11T14:02:18.149+00:00,/dev/cu.usbserial-576B0005451,"RX,847762,R35,TXK,N151,127,255762,G,1,0.93,0.90,5,U,-50,10.00"
2026-07-11T14:02:18.503+00:00,/dev/cu.usbserial-576B0005451,"RX,848117,R35,TXF,N76,62,256130,E,1,0.87,0.84,5,U,-46,9.75"
2026-07-11T14:02:18.808+00:00,/dev/cu.usbserial-576B0005451,"RX,848422,R35,TXD,N46,31,256430,G,1,0.93,0.90,5,U,-45,9.50"
2026-07-11T14:02:19.006+00:00,/dev/cu.usbserial-576B0005451,"RX,848619,R35,TXA,N01,254,256626,G,1,0.93,0.90,5,F,-39,9.75"
2026-07-11T14:02:19.273+00:00,/dev/cu.usbserial-576B0005451,"RX,848886,R35,TXB,N16,126,256892,E,1,0.87,0.84,5,U,-51,12.00"
2026-07-11T14:02:19.453+00:00,/dev/cu.usbserial-576B0005451,"RX,849067,R35,TXG,N91,30,257079,G,1,0.93,0.90,5,U,-49,9.50"
2026-07-11T14:02:19.755+00:00,/dev/cu.usbserial-576B0005451,"RX,849369,R35,TXE,N61,124,257381,A,1,0.75,0.72,5,U,-55,9.75"
2026-07-11T14:02:20.005+00:00,/dev/cu.usbserial-576B0005451,"RX,849619,R35,TXA,N01,255,257626,H,1,0.32,0.30,5,F,-38,10.00"
2026-07-11T14:02:20.149+00:00,/dev/cu.usbserial-576B0005451,"RX,849763,R35,TXK,N151,128,257762,A,1,0.75,0.72,5,U,-48,9.75"
2026-07-11T14:02:20.503+00:00,/dev/cu.usbserial-576B0005451,"RX,850117,R35,TXF,N76,63,258130,G,1,0.93,0.90,5,U,-46,9.75"
2026-07-11T14:02:20.661+00:00,/dev/cu.usbserial-576B0005451,"RX,850275,R35,TXJ,N136,30,258279,G,1,0.93,0.90,5,U,-43,10.00"
2026-07-11T14:02:20.757+00:00,/dev/cu.usbserial-576B0005451,"RX,850372,R35,TXC,N31,62,258381,E,1,0.87,0.84,5,U,-44,9.50"
2026-07-11T14:02:21.005+00:00,/dev/cu.usbserial-576B0005451,"RX,850619,R35,TXA,N01,256,258626,A,1,0.75,0.72,5,F,-39,9.75"
2026-07-11T14:02:21.272+00:00,/dev/cu.usbserial-576B0005451,"RX,850886,R35,TXB,N16,127,258892,G,1,0.93,0.90,5,U,-51,9.75"
2026-07-11T14:02:21.755+00:00,/dev/cu.usbserial-576B0005451,"RX,851369,R35,TXE,N61,125,259381,C,0,0.81,0.78,5,U,-56,9.75"
2026-07-11T14:02:21.861+00:00,/dev/cu.usbserial-576B0005451,"RX,851475,R35,TXI,N121,62,259480,E,1,0.87,0.84,5,U,-44,9.50"
2026-07-11T14:02:22.005+00:00,/dev/cu.usbserial-576B0005451,"RX,851619,R35,TXA,N01,257,259626,B,0,0.20,0.18,5,F,-38,10.00"
2026-07-11T14:02:22.149+00:00,/dev/cu.usbserial-576B0005451,"RX,851762,R35,TXK,N151,129,259762,C,1,0.81,0.78,5,U,-48,10.25"
2026-07-11T14:02:22.758+00:00,/dev/cu.usbserial-576B0005451,"RX,852372,R35,TXC,N31,63,260381,G,1,0.93,0.90,5,U,-44,9.75"
2026-07-11T14:02:23.006+00:00,/dev/cu.usbserial-576B0005451,"RX,852619,R35,TXA,N01,258,260626,C,1,0.81,0.78,5,F,-39,9.50"
2026-07-11T14:02:23.272+00:00,/dev/cu.usbserial-576B0005451,"RX,852886,R35,TXB,N16,128,260892,A,1,0.75,0.72,5,U,-50,9.50"
2026-07-11T14:02:23.755+00:00,/dev/cu.usbserial-576B0005451,"RX,853369,R35,TXE,N61,126,261381,E,1,0.87,0.84,5,U,-56,9.75"
2026-07-11T14:02:23.861+00:00,/dev/cu.usbserial-576B0005451,"RX,853475,R35,TXI,N121,63,261480,G,1,0.93,0.90,5,U,-43,10.00"
2026-07-11T14:02:24.005+00:00,/dev/cu.usbserial-576B0005451,"RX,853619,R35,TXA,N01,259,261626,D,1,0.24,0.22,5,F,-38,9.75"
2026-07-11T14:02:24.149+00:00,/dev/cu.usbserial-576B0005451,"RX,853762,R35,TXK,N151,130,261762,E,0,0.87,0.84,5,U,-48,9.75"
2026-07-11T14:02:25.006+00:00,/dev/cu.usbserial-576B0005451,"RX,854619,R35,TXA,N01,260,262626,E,0,0.87,0.84,5,F,-39,9.75"
2026-07-11T14:02:25.274+00:00,/dev/cu.usbserial-576B0005451,"RX,854886,R35,TXB,N16,129,262892,C,1,0.81,0.78,5,U,-50,11.50"
2026-07-11T14:02:25.755+00:00,/dev/cu.usbserial-576B0005451,"RX,855369,R35,TXE,N61,127,263381,G,1,0.93,0.90,5,U,-56,9.75"
2026-07-11T14:02:26.005+00:00,/dev/cu.usbserial-576B0005451,"RX,855619,R35,TXA,N01,261,263626,F,1,0.28,0.26,5,F,-39,9.75"
2026-07-11T14:02:26.116+00:00,/dev/cu.usbserial-576B0005451,"RX,855730,R35,TXH,N106,16,263743,G,1,0.93,0.90,5,U,-39,-1.00"
2026-07-11T14:02:26.297+00:00,/dev/cu.usbserial-576B0005451,"RX,855911,R35,TXL,N166,16,263916,G,1,0.93,0.90,5,U,-48,9.75"
2026-07-11T14:02:26.503+00:00,/dev/cu.usbserial-576B0005451,"RX,856117,R35,TXF,N76,64,264130,E,0,0.87,0.84,5,U,-46,9.50"
2026-07-11T14:02:26.808+00:00,/dev/cu.usbserial-576B0005451,"RX,856422,R35,TXD,N46,32,264430,G,1,0.93,0.90,5,U,-45,9.50"
2026-07-11T14:02:27.005+00:00,/dev/cu.usbserial-576B0005451,"RX,856619,R35,TXA,N01,262,264626,G,1,0.93,0.90,5,F,-38,9.75"
2026-07-11T14:02:27.272+00:00,/dev/cu.usbserial-576B0005451,"RX,856886,R35,TXB,N16,130,264892,E,0,0.87,0.84,5,U,-50,10.00"
2026-07-11T14:02:27.453+00:00,/dev/cu.usbserial-576B0005451,"RX,857066,R35,TXG,N91,31,265079,G,1,0.93,0.90,5,U,-49,9.75"
2026-07-11T14:02:27.755+00:00,/dev/cu.usbserial-576B0005451,"RX,857369,R35,TXE,N61,128,265381,A,1,0.75,0.72,5,U,-56,9.50"
2026-07-11T14:02:28.005+00:00,/dev/cu.usbserial-576B0005451,"RX,857619,R35,TXA,N01,263,265626,H,0,0.32,0.30,5,F,-39,9.25"
2026-07-11T14:02:28.149+00:00,/dev/cu.usbserial-576B0005451,"RX,857763,R35,TXK,N151,132,265762,A,1,0.75,0.72,5,U,-49,12.25"
2026-07-11T14:02:28.503+00:00,/dev/cu.usbserial-576B0005451,"RX,858117,R35,TXF,N76,65,266130,G,1,0.93,0.90,5,U,-46,9.75"
2026-07-11T14:02:28.661+00:00,/dev/cu.usbserial-576B0005451,"RX,858275,R35,TXJ,N136,31,266279,G,1,0.93,0.90,5,U,-44,9.25"
2026-07-11T14:02:28.758+00:00,/dev/cu.usbserial-576B0005451,"RX,858372,R35,TXC,N31,64,266381,E,0,0.87,0.84,5,U,-45,9.75"
2026-07-11T14:02:29.005+00:00,/dev/cu.usbserial-576B0005451,"RX,858619,R35,TXA,N01,264,266626,A,1,0.75,0.72,5,F,-38,9.75"
2026-07-11T14:02:29.272+00:00,/dev/cu.usbserial-576B0005451,"RX,858886,R35,TXB,N16,131,266892,G,1,0.93,0.90,5,U,-50,11.75"
2026-07-11T14:02:29.755+00:00,/dev/cu.usbserial-576B0005451,"RX,859369,R35,TXE,N61,129,267381,C,1,0.81,0.78,5,U,-56,9.25"
2026-07-11T14:02:29.861+00:00,/dev/cu.usbserial-576B0005451,"RX,859475,R35,TXI,N121,64,267480,E,0,0.87,0.84,5,U,-44,9.75"
2026-07-11T14:02:30.005+00:00,/dev/cu.usbserial-576B0005451,"RX,859619,R35,TXA,N01,265,267626,B,1,0.20,0.18,5,F,-39,9.50"
2026-07-11T14:02:30.149+00:00,/dev/cu.usbserial-576B0005451,"RX,859763,R35,TXK,N151,133,267762,C,0,0.81,0.78,5,U,-48,10.00"
2026-07-11T14:02:30.758+00:00,/dev/cu.usbserial-576B0005451,"RX,860372,R35,TXC,N31,65,268381,G,1,0.93,0.90,5,U,-44,10.25"
2026-07-11T14:02:31.005+00:00,/dev/cu.usbserial-576B0005451,"RX,860619,R35,TXA,N01,266,268626,C,0,0.81,0.78,5,F,-39,9.75"
2026-07-11T14:02:31.272+00:00,/dev/cu.usbserial-576B0005451,"RX,860886,R35,TXB,N16,132,268892,A,1,0.75,0.72,5,U,-51,9.75"
2026-07-11T14:02:31.755+00:00,/dev/cu.usbserial-576B0005451,"RX,861369,R35,TXE,N61,130,269381,E,0,0.87,0.84,5,U,-56,10.00"
2026-07-11T14:02:31.861+00:00,/dev/cu.usbserial-576B0005451,"RX,861475,R35,TXI,N121,65,269480,G,1,0.93,0.90,5,U,-44,10.00"
2026-07-11T14:02:32.006+00:00,/dev/cu.usbserial-576B0005451,"RX,861619,R35,TXA,N01,267,269626,D,1,0.24,0.22,5,F,-39,10.00"
2026-07-11T14:02:32.148+00:00,/dev/cu.usbserial-576B0005451,"RX,861762,R35,TXK,N151,134,269762,E,1,0.87,0.84,5,U,-49,9.50"
2026-07-11T14:02:33.006+00:00,/dev/cu.usbserial-576B0005451,"RX,862619,R35,TXA,N01,268,270626,E,1,0.87,0.84,5,F,-38,9.50"
2026-07-11T14:02:33.272+00:00,/dev/cu.usbserial-576B0005451,"RX,862886,R35,TXB,N16,133,270892,C,0,0.81,0.78,5,U,-50,9.75"
2026-07-11T14:02:33.755+00:00,/dev/cu.usbserial-576B0005451,"RX,863369,R35,TXE,N61,131,271381,G,1,0.93,0.90,5,U,-55,9.50"
2026-07-11T14:02:34.006+00:00,/dev/cu.usbserial-576B0005451,"RX,863619,R35,TXA,N01,269,271626,F,0,0.28,0.26,5,F,-39,9.50"
2026-07-11T14:02:34.116+00:00,/dev/cu.usbserial-576B0005451,"RX,863730,R35,TXH,N106,17,271743,G,1,0.93,0.90,5,U,-38,-1.00"
2026-07-11T14:02:34.297+00:00,/dev/cu.usbserial-576B0005451,"RX,863911,R35,TXL,N166,17,271916,G,1,0.93,0.90,5,U,-48,9.25"
2026-07-11T14:02:34.503+00:00,/dev/cu.usbserial-576B0005451,"RX,864117,R35,TXF,N76,66,272130,E,1,0.87,0.84,5,U,-46,9.25"
2026-07-11T14:02:34.808+00:00,/dev/cu.usbserial-576B0005451,"RX,864422,R35,TXD,N46,33,272430,G,1,0.93,0.90,5,U,-44,9.50"
2026-07-11T14:02:35.005+00:00,/dev/cu.usbserial-576B0005451,"RX,864619,R35,TXA,N01,270,272626,G,1,0.93,0.90,5,F,-38,10.00"
2026-07-11T14:02:35.273+00:00,/dev/cu.usbserial-576B0005451,"RX,864886,R35,TXB,N16,134,272892,E,1,0.87,0.84,5,U,-50,9.75"
2026-07-11T14:02:35.453+00:00,/dev/cu.usbserial-576B0005451,"RX,865067,R35,TXG,N91,32,273079,G,1,0.93,0.90,5,U,-50,10.00"
2026-07-11T14:02:35.755+00:00,/dev/cu.usbserial-576B0005451,"RX,865369,R35,TXE,N61,132,273381,A,1,0.75,0.72,5,U,-57,9.50"
2026-07-11T14:02:36.006+00:00,/dev/cu.usbserial-576B0005451,"RX,865619,R35,TXA,N01,271,273626,H,1,0.32,0.30,5,F,-38,9.75"
2026-07-11T14:02:36.149+00:00,/dev/cu.usbserial-576B0005451,"RX,865762,R35,TXK,N151,136,273762,A,0,0.75,0.72,5,U,-48,9.75"
2026-07-11T14:02:36.503+00:00,/dev/cu.usbserial-576B0005451,"RX,866117,R35,TXF,N76,67,274130,G,1,0.93,0.90,5,U,-46,10.00"
2026-07-11T14:02:36.661+00:00,/dev/cu.usbserial-576B0005451,"RX,866275,R35,TXJ,N136,32,274279,G,1,0.93,0.90,5,U,-43,10.00"
2026-07-11T14:02:36.758+00:00,/dev/cu.usbserial-576B0005451,"RX,866372,R35,TXC,N31,66,274381,E,1,0.87,0.84,5,U,-45,10.00"
2026-07-11T14:02:37.005+00:00,/dev/cu.usbserial-576B0005451,"RX,866619,R35,TXA,N01,272,274626,A,0,0.75,0.72,5,F,-39,10.00"
2026-07-11T14:02:37.273+00:00,/dev/cu.usbserial-576B0005451,"RX,866886,R35,TXB,N16,135,274892,G,1,0.93,0.90,5,U,-50,11.50"
2026-07-11T14:02:37.755+00:00,/dev/cu.usbserial-576B0005451,"RX,867369,R35,TXE,N61,133,275381,C,0,0.81,0.78,5,U,-57,10.25"
2026-07-11T14:02:37.861+00:00,/dev/cu.usbserial-576B0005451,"RX,867475,R35,TXI,N121,66,275480,E,1,0.87,0.84,5,U,-44,9.75"
2026-07-11T14:02:38.006+00:00,/dev/cu.usbserial-576B0005451,"RX,867619,R35,TXA,N01,273,275626,B,1,0.20,0.18,5,F,-38,10.50"
2026-07-11T14:02:38.149+00:00,/dev/cu.usbserial-576B0005451,"RX,867763,R35,TXK,N151,137,275762,C,1,0.81,0.78,5,U,-48,11.00"
2026-07-11T14:02:38.758+00:00,/dev/cu.usbserial-576B0005451,"RX,868372,R35,TXC,N31,67,276381,G,1,0.93,0.90,5,U,-44,9.75"
2026-07-11T14:02:39.005+00:00,/dev/cu.usbserial-576B0005451,"RX,868619,R35,TXA,N01,274,276626,C,1,0.81,0.78,5,F,-39,9.75"
2026-07-11T14:02:39.272+00:00,/dev/cu.usbserial-576B0005451,"RX,868886,R35,TXB,N16,136,276892,A,0,0.75,0.72,5,U,-50,11.50"
2026-07-11T14:02:39.755+00:00,/dev/cu.usbserial-576B0005451,"RX,869369,R35,TXE,N61,134,277381,E,1,0.87,0.84,5,U,-56,9.75"
2026-07-11T14:02:39.861+00:00,/dev/cu.usbserial-576B0005451,"RX,869475,R35,TXI,N121,67,277480,G,1,0.93,0.90,5,U,-44,9.75"
2026-07-11T14:02:40.006+00:00,/dev/cu.usbserial-576B0005451,"RX,869619,R35,TXA,N01,275,277626,D,0,0.24,0.22,5,F,-38,10.00"
2026-07-11T14:02:40.149+00:00,/dev/cu.usbserial-576B0005451,"RX,869763,R35,TXK,N151,138,277762,E,1,0.87,0.84,5,U,-48,10.00"
2026-07-11T14:02:41.006+00:00,/dev/cu.usbserial-576B0005451,"RX,870619,R35,TXA,N01,276,278626,E,1,0.87,0.84,5,F,-39,9.50"
2026-07-11T14:02:41.272+00:00,/dev/cu.usbserial-576B0005451,"RX,870886,R35,TXB,N16,137,278892,C,1,0.81,0.78,5,U,-50,9.50"
2026-07-11T14:02:41.755+00:00,/dev/cu.usbserial-576B0005451,"RX,871369,R35,TXE,N61,135,279381,G,1,0.93,0.90,5,U,-57,9.50"
2026-07-11T14:02:42.005+00:00,/dev/cu.usbserial-576B0005451,"RX,871619,R35,TXA,N01,277,279626,F,1,0.28,0.26,5,F,-39,9.75"
2026-07-11T14:02:42.297+00:00,/dev/cu.usbserial-576B0005451,"RX,871911,R35,TXL,N166,18,279916,G,0,0.93,0.90,5,U,-48,9.50"
2026-07-11T14:02:42.503+00:00,/dev/cu.usbserial-576B0005451,"RX,872117,R35,TXF,N76,68,280130,E,1,0.87,0.84,5,U,-46,9.50"
2026-07-11T14:02:42.808+00:00,/dev/cu.usbserial-576B0005451,"RX,872422,R35,TXD,N46,34,280430,G,0,0.93,0.90,5,U,-45,9.25"
2026-07-11T14:02:43.005+00:00,/dev/cu.usbserial-576B0005451,"RX,872619,R35,TXA,N01,278,280626,G,0,0.93,0.90,5,F,-38,9.75"
2026-07-11T14:02:43.276+00:00,/dev/cu.usbserial-576B0005451,"RX,872886,R35,TXB,N16,138,280892,E,1,0.87,0.84,5,U,-50,9.50"
2026-07-11T14:02:43.453+00:00,/dev/cu.usbserial-576B0005451,"RX,873067,R35,TXG,N91,33,281079,G,1,0.93,0.90,5,U,-49,10.00"
2026-07-11T14:02:43.755+00:00,/dev/cu.usbserial-576B0005451,"RX,873369,R35,TXE,N61,136,281381,A,0,0.75,0.72,5,U,-57,9.50"
2026-07-11T14:02:44.006+00:00,/dev/cu.usbserial-576B0005451,"RX,873619,R35,TXA,N01,279,281626,H,1,0.32,0.30,5,F,-38,10.00"
2026-07-11T14:02:44.149+00:00,/dev/cu.usbserial-576B0005451,"RX,873762,R35,TXK,N151,140,281762,A,1,0.75,0.72,5,U,-48,9.75"
2026-07-11T14:02:44.503+00:00,/dev/cu.usbserial-576B0005451,"RX,874117,R35,TXF,N76,69,282130,G,0,0.93,0.90,5,U,-47,10.00"
2026-07-11T14:02:44.661+00:00,/dev/cu.usbserial-576B0005451,"RX,874275,R35,TXJ,N136,33,282279,G,1,0.93,0.90,5,U,-44,9.50"
2026-07-11T14:02:44.758+00:00,/dev/cu.usbserial-576B0005451,"RX,874372,R35,TXC,N31,68,282381,E,1,0.87,0.84,5,U,-44,9.50"
2026-07-11T14:02:45.005+00:00,/dev/cu.usbserial-576B0005451,"RX,874619,R35,TXA,N01,280,282626,A,1,0.75,0.72,5,F,-39,10.00"
2026-07-11T14:02:45.272+00:00,/dev/cu.usbserial-576B0005451,"RX,874886,R35,TXB,N16,139,282892,G,0,0.93,0.90,5,U,-51,9.75"
2026-07-11T14:02:45.755+00:00,/dev/cu.usbserial-576B0005451,"RX,875369,R35,TXE,N61,137,283381,C,1,0.81,0.78,5,U,-57,9.75"
2026-07-11T14:02:45.861+00:00,/dev/cu.usbserial-576B0005451,"RX,875475,R35,TXI,N121,68,283480,E,1,0.87,0.84,5,U,-44,10.00"
2026-07-11T14:02:46.006+00:00,/dev/cu.usbserial-576B0005451,"RX,875619,R35,TXA,N01,281,283626,B,0,0.20,0.18,5,F,-38,9.75"
2026-07-11T14:02:46.149+00:00,/dev/cu.usbserial-576B0005451,"RX,875763,R35,TXK,N151,141,283762,C,1,0.81,0.78,5,U,-48,10.50"
2026-07-11T14:02:46.758+00:00,/dev/cu.usbserial-576B0005451,"RX,876372,R35,TXC,N31,69,284381,G,0,0.93,0.90,5,U,-45,9.50"
2026-07-11T14:02:47.006+00:00,/dev/cu.usbserial-576B0005451,"RX,876619,R35,TXA,N01,282,284626,C,1,0.81,0.78,5,F,-39,9.75"
2026-07-11T14:02:47.273+00:00,/dev/cu.usbserial-576B0005451,"RX,876886,R35,TXB,N16,140,284892,A,1,0.75,0.72,5,U,-50,10.50"
2026-07-11T14:02:47.755+00:00,/dev/cu.usbserial-576B0005451,"RX,877369,R35,TXE,N61,138,285381,E,1,0.87,0.84,5,U,-57,9.50"
2026-07-11T14:02:47.861+00:00,/dev/cu.usbserial-576B0005451,"RX,877475,R35,TXI,N121,69,285480,G,0,0.93,0.90,5,U,-43,9.75"
2026-07-11T14:02:48.005+00:00,/dev/cu.usbserial-576B0005451,"RX,877619,R35,TXA,N01,283,285626,D,1,0.24,0.22,5,F,-38,9.50"
2026-07-11T14:02:48.149+00:00,/dev/cu.usbserial-576B0005451,"RX,877762,R35,TXK,N151,142,285762,E,0,0.87,0.84,5,U,-48,9.50"
2026-07-11T14:02:49.005+00:00,/dev/cu.usbserial-576B0005451,"RX,878619,R35,TXA,N01,284,286626,E,0,0.87,0.84,5,F,-39,9.50"
2026-07-11T14:02:49.272+00:00,/dev/cu.usbserial-576B0005451,"RX,878886,R35,TXB,N16,141,286892,C,1,0.81,0.78,5,U,-51,9.50"
2026-07-11T14:02:49.755+00:00,/dev/cu.usbserial-576B0005451,"RX,879369,R35,TXE,N61,139,287381,G,0,0.93,0.90,5,U,-57,10.00"
2026-07-11T14:02:50.006+00:00,/dev/cu.usbserial-576B0005451,"RX,879619,R35,TXA,N01,285,287626,F,1,0.28,0.26,5,F,-39,9.75"
2026-07-11T14:02:50.297+00:00,/dev/cu.usbserial-576B0005451,"RX,879911,R35,TXL,N166,19,287916,G,1,0.93,0.90,5,U,-48,9.75"
2026-07-11T14:02:50.503+00:00,/dev/cu.usbserial-576B0005451,"RX,880117,R35,TXF,N76,70,288130,E,0,0.87,0.84,5,U,-46,9.75"
2026-07-11T14:02:50.808+00:00,/dev/cu.usbserial-576B0005451,"RX,880422,R35,TXD,N46,35,288430,G,1,0.93,0.90,5,U,-45,10.00"
2026-07-11T14:02:51.007+00:00,/dev/cu.usbserial-576B0005451,"RX,880619,R35,TXA,N01,286,288626,G,1,0.93,0.90,5,F,-39,9.75"
2026-07-11T14:02:51.272+00:00,/dev/cu.usbserial-576B0005451,"RX,880886,R35,TXB,N16,142,288892,E,0,0.87,0.84,5,U,-50,9.75"
2026-07-11T14:02:51.453+00:00,/dev/cu.usbserial-576B0005451,"RX,881067,R35,TXG,N91,34,289079,G,0,0.93,0.90,5,U,-50,9.75"
2026-07-11T14:02:51.755+00:00,/dev/cu.usbserial-576B0005451,"RX,881369,R35,TXE,N61,140,289381,A,1,0.75,0.72,5,U,-57,9.75"
2026-07-11T14:02:52.006+00:00,/dev/cu.usbserial-576B0005451,"RX,881619,R35,TXA,N01,287,289626,H,0,0.32,0.30,5,F,-39,9.75"
2026-07-11T14:02:52.149+00:00,/dev/cu.usbserial-576B0005451,"RX,881763,R35,TXK,N151,144,289762,A,1,0.75,0.72,5,U,-48,10.00"
2026-07-11T14:02:52.503+00:00,/dev/cu.usbserial-576B0005451,"RX,882117,R35,TXF,N76,71,290130,G,1,0.93,0.90,5,U,-46,10.25"
2026-07-11T14:02:52.661+00:00,/dev/cu.usbserial-576B0005451,"RX,882275,R35,TXJ,N136,34,290279,G,0,0.93,0.90,5,U,-44,9.25"
2026-07-11T14:02:52.758+00:00,/dev/cu.usbserial-576B0005451,"RX,882372,R35,TXC,N31,70,290381,E,0,0.87,0.84,5,U,-45,9.50"
2026-07-11T14:02:53.005+00:00,/dev/cu.usbserial-576B0005451,"RX,882619,R35,TXA,N01,288,290626,A,1,0.75,0.72,5,F,-39,10.25"
2026-07-11T14:02:53.272+00:00,/dev/cu.usbserial-576B0005451,"RX,882886,R35,TXB,N16,143,290892,G,1,0.93,0.90,5,U,-51,9.75"
2026-07-11T14:02:53.756+00:00,/dev/cu.usbserial-576B0005451,"RX,883369,R35,TXE,N61,141,291381,C,1,0.81,0.78,5,U,-57,9.75"
2026-07-11T14:02:53.861+00:00,/dev/cu.usbserial-576B0005451,"RX,883475,R35,TXI,N121,70,291480,E,0,0.87,0.84,5,U,-44,9.25"
2026-07-11T14:02:54.005+00:00,/dev/cu.usbserial-576B0005451,"RX,883619,R35,TXA,N01,289,291626,B,1,0.20,0.18,5,F,-38,9.50"
2026-07-11T14:02:54.149+00:00,/dev/cu.usbserial-576B0005451,"RX,883763,R35,TXK,N151,145,291762,C,0,0.81,0.78,5,U,-48,9.75"
2026-07-11T14:02:54.758+00:00,/dev/cu.usbserial-576B0005451,"RX,884372,R35,TXC,N31,71,292381,G,1,0.93,0.90,5,U,-44,9.50"
2026-07-11T14:02:55.006+00:00,/dev/cu.usbserial-576B0005451,"RX,884619,R35,TXA,N01,290,292626,C,0,0.81,0.78,5,F,-39,10.00"
2026-07-11T14:02:55.272+00:00,/dev/cu.usbserial-576B0005451,"RX,884886,R35,TXB,N16,144,292892,A,1,0.75,0.72,5,U,-50,10.25"
2026-07-11T14:02:55.755+00:00,/dev/cu.usbserial-576B0005451,"RX,885369,R35,TXE,N61,142,293381,E,0,0.87,0.84,5,U,-57,9.75"
2026-07-11T14:02:55.861+00:00,/dev/cu.usbserial-576B0005451,"RX,885475,R35,TXI,N121,71,293480,G,1,0.93,0.90,5,U,-44,9.75"
2026-07-11T14:02:56.005+00:00,/dev/cu.usbserial-576B0005451,"RX,885619,R35,TXA,N01,291,293626,D,1,0.24,0.22,5,F,-39,10.50"
2026-07-11T14:02:56.149+00:00,/dev/cu.usbserial-576B0005451,"RX,885762,R35,TXK,N151,146,293762,E,1,0.87,0.84,5,U,-48,9.50"
2026-07-11T14:02:57.005+00:00,/dev/cu.usbserial-576B0005451,"RX,886619,R35,TXA,N01,292,294626,E,1,0.87,0.84,5,F,-39,9.50"
2026-07-11T14:02:57.272+00:00,/dev/cu.usbserial-576B0005451,"RX,886886,R35,TXB,N16,145,294892,C,0,0.81,0.78,5,U,-51,9.50"
2026-07-11T14:02:57.755+00:00,/dev/cu.usbserial-576B0005451,"RX,887369,R35,TXE,N61,143,295381,G,1,0.93,0.90,5,U,-57,9.75"
2026-07-11T14:02:58.005+00:00,/dev/cu.usbserial-576B0005451,"RX,887619,R35,TXA,N01,293,295626,F,0,0.28,0.26,5,F,-39,9.50"
2026-07-11T14:02:58.149+00:00,/dev/cu.usbserial-576B0005451,"RX,887762,R35,TXK,N151,147,295762,G,1,0.93,0.90,5,U,-48,10.25"
2026-07-11T14:02:58.503+00:00,/dev/cu.usbserial-576B0005451,"RX,888117,R35,TXF,N76,72,296130,E,1,0.87,0.84,5,U,-46,9.75"
2026-07-11T14:02:58.808+00:00,/dev/cu.usbserial-576B0005451,"RX,888422,R35,TXD,N46,36,296430,G,1,0.93,0.90,5,U,-45,9.50"
2026-07-11T14:02:59.006+00:00,/dev/cu.usbserial-576B0005451,"RX,888619,R35,TXA,N01,294,296626,G,1,0.93,0.90,5,F,-39,10.00"
2026-07-11T14:02:59.273+00:00,/dev/cu.usbserial-576B0005451,"RX,888886,R35,TXB,N16,146,296892,E,1,0.87,0.84,5,U,-51,10.75"
2026-07-11T14:02:59.453+00:00,/dev/cu.usbserial-576B0005451,"RX,889067,R35,TXG,N91,35,297079,G,1,0.93,0.90,5,U,-50,9.50"
2026-07-11T14:02:59.755+00:00,/dev/cu.usbserial-576B0005451,"RX,889369,R35,TXE,N61,144,297381,A,1,0.75,0.72,5,U,-57,9.50"
2026-07-11T14:03:00.006+00:00,/dev/cu.usbserial-576B0005451,"RX,889619,R35,TXA,N01,295,297626,H,1,0.32,0.30,5,F,-38,10.00"
2026-07-11T14:03:00.149+00:00,/dev/cu.usbserial-576B0005451,"RX,889763,R35,TXK,N151,148,297762,A,0,0.75,0.72,5,U,-48,9.75"
2026-07-11T14:03:00.503+00:00,/dev/cu.usbserial-576B0005451,"RX,890117,R35,TXF,N76,73,298130,G,1,0.93,0.90,5,U,-47,9.50"
2026-07-11T14:03:00.661+00:00,/dev/cu.usbserial-576B0005451,"RX,890275,R35,TXJ,N136,35,298279,G,1,0.93,0.90,5,U,-44,9.50"
2026-07-11T14:03:00.758+00:00,/dev/cu.usbserial-576B0005451,"RX,890372,R35,TXC,N31,72,298381,E,1,0.87,0.84,5,U,-43,9.75"
2026-07-11T14:03:01.006+00:00,/dev/cu.usbserial-576B0005451,"RX,890619,R35,TXA,N01,296,298626,A,0,0.75,0.72,5,F,-38,9.75"
2026-07-11T14:03:01.272+00:00,/dev/cu.usbserial-576B0005451,"RX,890886,R35,TXB,N16,147,298892,G,1,0.93,0.90,5,U,-50,10.00"
2026-07-11T14:03:01.755+00:00,/dev/cu.usbserial-576B0005451,"RX,891369,R35,TXE,N61,145,299381,C,0,0.81,0.78,5,U,-57,9.75"
2026-07-11T14:03:01.861+00:00,/dev/cu.usbserial-576B0005451,"RX,891475,R35,TXI,N121,72,299480,E,1,0.87,0.84,5,U,-45,9.50"
2026-07-11T14:03:02.005+00:00,/dev/cu.usbserial-576B0005451,"RX,891619,R35,TXA,N01,297,299626,B,1,0.20,0.18,5,F,-39,10.00"
2026-07-11T14:03:02.149+00:00,/dev/cu.usbserial-576B0005451,"RX,891762,R35,TXK,N151,149,299762,C,1,0.81,0.78,5,U,-49,9.75"
2026-07-11T14:03:02.757+00:00,/dev/cu.usbserial-576B0005451,"RX,892372,R35,TXC,N31,73,300381,G,1,0.93,0.90,5,U,-44,9.75"
2026-07-11T14:03:03.005+00:00,/dev/cu.usbserial-576B0005451,"RX,892619,R35,TXA,N01,298,300626,C,1,0.81,0.78,5,F,-39,9.50"
2026-07-11T14:03:03.272+00:00,/dev/cu.usbserial-576B0005451,"RX,892886,R35,TXB,N16,148,300892,A,0,0.75,0.72,5,U,-50,9.50"
2026-07-11T14:03:03.755+00:00,/dev/cu.usbserial-576B0005451,"RX,893369,R35,TXE,N61,146,301381,E,1,0.87,0.84,5,U,-56,9.75"
2026-07-11T14:03:03.861+00:00,/dev/cu.usbserial-576B0005451,"RX,893475,R35,TXI,N121,73,301480,G,1,0.93,0.90,5,U,-44,9.75"
2026-07-11T14:03:04.005+00:00,/dev/cu.usbserial-576B0005451,"RX,893619,R35,TXA,N01,299,301626,D,0,0.24,0.22,5,F,-39,9.75"
2026-07-11T14:03:04.149+00:00,/dev/cu.usbserial-576B0005451,"RX,893762,R35,TXK,N151,150,301762,E,1,0.87,0.84,5,U,-48,10.00"
2026-07-11T14:03:05.005+00:00,/dev/cu.usbserial-576B0005451,"RX,894619,R35,TXA,N01,300,302626,E,1,0.87,0.84,5,F,-39,9.75"
2026-07-11T14:03:05.272+00:00,/dev/cu.usbserial-576B0005451,"RX,894886,R35,TXB,N16,149,302892,C,1,0.81,0.78,5,U,-50,11.75"
2026-07-11T14:03:05.755+00:00,/dev/cu.usbserial-576B0005451,"RX,895369,R35,TXE,N61,147,303381,G,1,0.93,0.90,5,U,-57,9.50"
2026-07-11T14:03:06.005+00:00,/dev/cu.usbserial-576B0005451,"RX,895619,R35,TXA,N01,301,303626,F,1,0.28,0.26,5,F,-39,9.50"
2026-07-11T14:03:06.149+00:00,/dev/cu.usbserial-576B0005451,"RX,895762,R35,TXK,N151,151,303762,G,0,0.93,0.90,5,U,-48,9.75"
2026-07-11T14:03:06.503+00:00,/dev/cu.usbserial-576B0005451,"RX,896117,R35,TXF,N76,74,304130,E,1,0.87,0.84,5,U,-46,10.25"
2026-07-11T14:03:06.808+00:00,/dev/cu.usbserial-576B0005451,"RX,896422,R35,TXD,N46,37,304430,G,0,0.93,0.90,5,U,-45,9.50"
2026-07-11T14:03:07.005+00:00,/dev/cu.usbserial-576B0005451,"RX,896619,R35,TXA,N01,302,304626,G,0,0.93,0.90,5,F,-38,10.25"
2026-07-11T14:03:07.272+00:00,/dev/cu.usbserial-576B0005451,"RX,896886,R35,TXB,N16,150,304892,E,1,0.87,0.84,5,U,-51,10.00"
2026-07-11T14:03:07.453+00:00,/dev/cu.usbserial-576B0005451,"RX,897067,R35,TXG,N91,36,305079,G,1,0.93,0.90,5,U,-50,9.75"
2026-07-11T14:03:07.755+00:00,/dev/cu.usbserial-576B0005451,"RX,897369,R35,TXE,N61,148,305381,A,0,0.75,0.72,5,U,-57,9.50"
2026-07-11T14:03:08.005+00:00,/dev/cu.usbserial-576B0005451,"RX,897619,R35,TXA,N01,303,305626,H,1,0.32,0.30,5,F,-38,9.50"
2026-07-11T14:03:08.149+00:00,/dev/cu.usbserial-576B0005451,"RX,897762,R35,TXK,N151,152,305762,A,1,0.75,0.72,5,U,-48,10.00"
2026-07-11T14:03:08.503+00:00,/dev/cu.usbserial-576B0005451,"RX,898117,R35,TXF,N76,75,306130,G,0,0.93,0.90,5,U,-47,9.75"
2026-07-11T14:03:08.661+00:00,/dev/cu.usbserial-576B0005451,"RX,898275,R35,TXJ,N136,36,306279,G,1,0.93,0.90,5,U,-43,9.75"
2026-07-11T14:03:08.758+00:00,/dev/cu.usbserial-576B0005451,"RX,898372,R35,TXC,N31,74,306381,E,1,0.87,0.84,5,U,-44,9.75"
2026-07-11T14:03:09.005+00:00,/dev/cu.usbserial-576B0005451,"RX,898619,R35,TXA,N01,304,306626,A,1,0.75,0.72,5,F,-39,9.75"
2026-07-11T14:03:09.274+00:00,/dev/cu.usbserial-576B0005451,"RX,898886,R35,TXB,N16,151,306892,G,0,0.93,0.90,5,U,-50,12.00"
2026-07-11T14:03:09.755+00:00,/dev/cu.usbserial-576B0005451,"RX,899369,R35,TXE,N61,149,307381,C,1,0.81,0.78,5,U,-56,9.75"
2026-07-11T14:03:09.861+00:00,/dev/cu.usbserial-576B0005451,"RX,899475,R35,TXI,N121,74,307480,E,1,0.87,0.84,5,U,-44,10.00"
2026-07-11T14:03:10.006+00:00,/dev/cu.usbserial-576B0005451,"RX,899619,R35,TXA,N01,305,307626,B,0,0.20,0.18,5,F,-38,9.50"
2026-07-11T14:03:10.149+00:00,/dev/cu.usbserial-576B0005451,"RX,899762,R35,TXK,N151,153,307762,C,1,0.81,0.78,5,U,-48,9.50"
2026-07-11T14:03:10.757+00:00,/dev/cu.usbserial-576B0005451,"RX,900372,R35,TXC,N31,75,308381,G,0,0.93,0.90,5,U,-44,9.50"
2026-07-11T14:03:11.006+00:00,/dev/cu.usbserial-576B0005451,"RX,900619,R35,TXA,N01,306,308626,C,1,0.81,0.78,5,F,-39,9.75"
2026-07-11T14:03:11.273+00:00,/dev/cu.usbserial-576B0005451,"RX,900886,R35,TXB,N16,152,308892,A,1,0.75,0.72,5,U,-50,9.75"
2026-07-11T14:03:11.755+00:00,/dev/cu.usbserial-576B0005451,"RX,901369,R35,TXE,N61,150,309381,E,1,0.87,0.84,5,U,-56,9.50"
2026-07-11T14:03:11.861+00:00,/dev/cu.usbserial-576B0005451,"RX,901475,R35,TXI,N121,75,309480,G,0,0.93,0.90,5,U,-44,9.75"
2026-07-11T14:03:12.005+00:00,/dev/cu.usbserial-576B0005451,"RX,901619,R35,TXA,N01,307,309626,D,1,0.24,0.22,5,F,-39,9.75"
2026-07-11T14:03:12.149+00:00,/dev/cu.usbserial-576B0005451,"RX,901762,R35,TXK,N151,154,309762,E,0,0.87,0.84,5,U,-48,9.75"
2026-07-11T14:03:13.005+00:00,/dev/cu.usbserial-576B0005451,"RX,902619,R35,TXA,N01,308,310626,E,0,0.87,0.84,5,F,-38,10.25"
2026-07-11T14:03:13.272+00:00,/dev/cu.usbserial-576B0005451,"RX,902886,R35,TXB,N16,153,310892,C,1,0.81,0.78,5,U,-50,9.50"
2026-07-11T14:03:13.755+00:00,/dev/cu.usbserial-576B0005451,"RX,903369,R35,TXE,N61,151,311381,G,0,0.93,0.90,5,U,-57,9.75"
2026-07-11T14:03:14.005+00:00,/dev/cu.usbserial-576B0005451,"RX,903619,R35,TXA,N01,309,311626,F,1,0.28,0.26,5,F,-39,9.50"
2026-07-11T14:03:14.149+00:00,/dev/cu.usbserial-576B0005451,"RX,903762,R35,TXK,N151,155,311762,G,1,0.93,0.90,5,U,-48,9.50"
2026-07-11T14:03:14.503+00:00,/dev/cu.usbserial-576B0005451,"RX,904117,R35,TXF,N76,76,312130,E,0,0.87,0.84,5,U,-46,9.75"
2026-07-11T14:03:14.808+00:00,/dev/cu.usbserial-576B0005451,"RX,904422,R35,TXD,N46,38,312430,G,1,0.93,0.90,5,U,-45,9.50"
2026-07-11T14:03:15.006+00:00,/dev/cu.usbserial-576B0005451,"RX,904619,R35,TXA,N01,310,312626,G,1,0.93,0.90,5,F,-39,9.50"
2026-07-11T14:03:15.272+00:00,/dev/cu.usbserial-576B0005451,"RX,904886,R35,TXB,N16,154,312892,E,0,0.87,0.84,5,U,-50,10.00"
2026-07-11T14:03:15.453+00:00,/dev/cu.usbserial-576B0005451,"RX,905067,R35,TXG,N91,37,313079,G,0,0.93,0.90,5,U,-50,9.75"
2026-07-11T14:03:15.755+00:00,/dev/cu.usbserial-576B0005451,"RX,905369,R35,TXE,N61,152,313381,A,1,0.75,0.72,5,U,-56,9.75"
2026-07-11T14:03:16.005+00:00,/dev/cu.usbserial-576B0005451,"RX,905619,R35,TXA,N01,311,313626,H,0,0.32,0.30,5,F,-39,9.75"
2026-07-11T14:03:16.149+00:00,/dev/cu.usbserial-576B0005451,"RX,905762,R35,TXK,N151,156,313762,A,1,0.75,0.72,5,U,-49,9.50"
2026-07-11T14:03:16.503+00:00,/dev/cu.usbserial-576B0005451,"RX,906117,R35,TXF,N76,77,314130,G,1,0.93,0.90,5,U,-46,10.00"
2026-07-11T14:03:16.661+00:00,/dev/cu.usbserial-576B0005451,"RX,906275,R35,TXJ,N136,37,314279,G,0,0.93,0.90,5,U,-43,10.00"
2026-07-11T14:03:16.757+00:00,/dev/cu.usbserial-576B0005451,"RX,906372,R35,TXC,N31,76,314381,E,0,0.87,0.84,5,U,-44,9.50"
2026-07-11T14:03:17.006+00:00,/dev/cu.usbserial-576B0005451,"RX,906619,R35,TXA,N01,312,314626,A,1,0.75,0.72,5,F,-39,10.00"
2026-07-11T14:03:17.272+00:00,/dev/cu.usbserial-576B0005451,"RX,906886,R35,TXB,N16,155,314892,G,1,0.93,0.90,5,U,-50,9.75"
2026-07-11T14:03:17.755+00:00,/dev/cu.usbserial-576B0005451,"RX,907369,R35,TXE,N61,153,315381,C,1,0.81,0.78,5,U,-56,9.50"
2026-07-11T14:03:17.861+00:00,/dev/cu.usbserial-576B0005451,"RX,907475,R35,TXI,N121,76,315480,E,0,0.87,0.84,5,U,-44,9.75"
2026-07-11T14:03:18.006+00:00,/dev/cu.usbserial-576B0005451,"RX,907619,R35,TXA,N01,313,315626,B,1,0.20,0.18,5,F,-38,10.00"
2026-07-11T14:03:18.148+00:00,/dev/cu.usbserial-576B0005451,"RX,907762,R35,TXK,N151,157,315762,C,0,0.81,0.78,5,U,-48,10.00"
2026-07-11T14:03:18.757+00:00,/dev/cu.usbserial-576B0005451,"RX,908372,R35,TXC,N31,77,316381,G,1,0.93,0.90,5,U,-44,9.50"
2026-07-11T14:03:19.005+00:00,/dev/cu.usbserial-576B0005451,"RX,908619,R35,TXA,N01,314,316626,C,0,0.81,0.78,5,F,-39,9.75"
2026-07-11T14:03:19.273+00:00,/dev/cu.usbserial-576B0005451,"RX,908886,R35,TXB,N16,156,316892,A,1,0.75,0.72,5,U,-51,10.00"
2026-07-11T14:03:19.755+00:00,/dev/cu.usbserial-576B0005451,"RX,909369,R35,TXE,N61,154,317381,E,0,0.87,0.84,5,U,-56,9.75"
2026-07-11T14:03:19.861+00:00,/dev/cu.usbserial-576B0005451,"RX,909475,R35,TXI,N121,77,317480,G,1,0.93,0.90,5,U,-44,9.75"
2026-07-11T14:03:20.006+00:00,/dev/cu.usbserial-576B0005451,"RX,909619,R35,TXA,N01,315,317626,D,1,0.24,0.22,5,F,-38,9.50"
2026-07-11T14:03:20.149+00:00,/dev/cu.usbserial-576B0005451,"RX,909762,R35,TXK,N151,158,317762,E,1,0.87,0.84,5,U,-48,10.25"
2026-07-11T14:03:21.006+00:00,/dev/cu.usbserial-576B0005451,"RX,910619,R35,TXA,N01,316,318626,E,1,0.87,0.84,5,F,-39,9.50"
2026-07-11T14:03:21.272+00:00,/dev/cu.usbserial-576B0005451,"RX,910886,R35,TXB,N16,157,318892,C,0,0.81,0.78,5,U,-50,10.00"
2026-07-11T14:03:21.755+00:00,/dev/cu.usbserial-576B0005451,"RX,911369,R35,TXE,N61,155,319381,G,1,0.93,0.90,5,U,-56,9.75"
2026-07-11T14:03:22.006+00:00,/dev/cu.usbserial-576B0005451,"RX,911619,R35,TXA,N01,317,319626,F,0,0.28,0.26,5,F,-39,9.75"
2026-07-11T14:03:22.149+00:00,/dev/cu.usbserial-576B0005451,"RX,911762,R35,TXK,N151,159,319762,G,1,0.93,0.90,5,U,-49,9.50"
2026-07-11T14:03:22.503+00:00,/dev/cu.usbserial-576B0005451,"RX,912117,R35,TXF,N76,78,320130,E,1,0.87,0.84,5,U,-47,10.25"
2026-07-11T14:03:22.808+00:00,/dev/cu.usbserial-576B0005451,"RX,912422,R35,TXD,N46,39,320430,G,1,0.93,0.90,5,U,-45,9.50"
2026-07-11T14:03:23.006+00:00,/dev/cu.usbserial-576B0005451,"RX,912619,R35,TXA,N01,318,320626,G,1,0.93,0.90,5,F,-39,9.75"
2026-07-11T14:03:23.272+00:00,/dev/cu.usbserial-576B0005451,"RX,912886,R35,TXB,N16,158,320892,E,1,0.87,0.84,5,U,-50,9.50"
2026-07-11T14:03:23.452+00:00,/dev/cu.usbserial-576B0005451,"RX,913067,R35,TXG,N91,38,321079,G,1,0.93,0.90,5,U,-49,9.75"
2026-07-11T14:03:23.755+00:00,/dev/cu.usbserial-576B0005451,"RX,913369,R35,TXE,N61,156,321381,A,1,0.75,0.72,5,U,-56,9.75"
2026-07-11T14:03:24.006+00:00,/dev/cu.usbserial-576B0005451,"RX,913619,R35,TXA,N01,319,321626,H,1,0.32,0.30,5,F,-39,9.75"
2026-07-11T14:03:24.149+00:00,/dev/cu.usbserial-576B0005451,"RX,913762,R35,TXK,N151,160,321762,A,1,0.75,0.72,5,U,-48,9.75"
2026-07-11T14:03:24.503+00:00,/dev/cu.usbserial-576B0005451,"RX,914117,R35,TXF,N76,79,322130,G,1,0.93,0.90,5,U,-46,9.50"
2026-07-11T14:03:24.661+00:00,/dev/cu.usbserial-576B0005451,"RX,914275,R35,TXJ,N136,38,322279,G,1,0.93,0.90,5,U,-44,9.75"
2026-07-11T14:03:24.757+00:00,/dev/cu.usbserial-576B0005451,"RX,914372,R35,TXC,N31,78,322381,E,1,0.87,0.84,5,U,-44,9.25"
2026-07-11T14:03:25.006+00:00,/dev/cu.usbserial-576B0005451,"RX,914619,R35,TXA,N01,320,322626,A,1,0.75,0.72,5,F,-39,10.00"
2026-07-11T14:03:25.272+00:00,/dev/cu.usbserial-576B0005451,"RX,914886,R35,TXB,N16,159,322892,G,1,0.93,0.90,5,U,-50,10.00"
2026-07-11T14:03:25.756+00:00,/dev/cu.usbserial-576B0005451,"RX,915369,R35,TXE,N61,157,323381,C,0,0.81,0.78,5,U,-56,9.75"
2026-07-11T14:03:25.861+00:00,/dev/cu.usbserial-576B0005451,"RX,915475,R35,TXI,N121,78,323480,E,1,0.87,0.84,5,U,-44,9.75"
2026-07-11T14:03:26.005+00:00,/dev/cu.usbserial-576B0005451,"RX,915619,R35,TXA,N01,321,323626,B,0,0.20,0.18,5,F,-39,9.75"
2026-07-11T14:03:26.148+00:00,/dev/cu.usbserial-576B0005451,"RX,915762,R35,TXK,N151,161,323762,C,1,0.81,0.78,5,U,-49,9.75"
2026-07-11T14:03:26.757+00:00,/dev/cu.usbserial-576B0005451,"RX,916372,R35,TXC,N31,79,324381,G,1,0.93,0.90,5,U,-44,9.75"
2026-07-11T14:03:27.006+00:00,/dev/cu.usbserial-576B0005451,"RX,916619,R35,TXA,N01,322,324626,C,1,0.81,0.78,5,F,-39,9.75"
2026-07-11T14:03:27.272+00:00,/dev/cu.usbserial-576B0005451,"RX,916886,R35,TXB,N16,160,324892,A,1,0.75,0.72,5,U,-50,9.75"
2026-07-11T14:03:27.755+00:00,/dev/cu.usbserial-576B0005451,"RX,917369,R35,TXE,N61,158,325381,E,1,0.87,0.84,5,U,-56,9.75"
2026-07-11T14:03:27.861+00:00,/dev/cu.usbserial-576B0005451,"RX,917475,R35,TXI,N121,79,325480,G,1,0.93,0.90,5,U,-44,9.75"
2026-07-11T14:03:28.006+00:00,/dev/cu.usbserial-576B0005451,"RX,917619,R35,TXA,N01,323,325626,D,1,0.24,0.22,5,F,-39,9.75"
2026-07-11T14:03:28.149+00:00,/dev/cu.usbserial-576B0005451,"RX,917762,R35,TXK,N151,162,325762,E,0,0.87,0.84,5,U,-48,9.50"
2026-07-11T14:03:29.006+00:00,/dev/cu.usbserial-576B0005451,"RX,918619,R35,TXA,N01,324,326626,E,0,0.87,0.84,5,F,-39,9.75"
2026-07-11T14:03:29.272+00:00,/dev/cu.usbserial-576B0005451,"RX,918886,R35,TXB,N16,161,326892,C,1,0.81,0.78,5,U,-50,9.75"
2026-07-11T14:03:29.755+00:00,/dev/cu.usbserial-576B0005451,"RX,919369,R35,TXE,N61,159,327381,G,1,0.93,0.90,5,U,-56,9.50"
2026-07-11T14:03:30.005+00:00,/dev/cu.usbserial-576B0005451,"RX,919619,R35,TXA,N01,325,327626,F,1,0.28,0.26,5,F,-39,9.25"
2026-07-11T14:03:30.297+00:00,/dev/cu.usbserial-576B0005451,"RX,919911,R35,TXL,N166,20,327916,G,1,0.93,0.90,5,U,-48,9.50"
2026-07-11T14:03:30.503+00:00,/dev/cu.usbserial-576B0005451,"RX,920117,R35,TXF,N76,80,328130,E,0,0.87,0.84,5,U,-46,9.75"
2026-07-11T14:03:30.808+00:00,/dev/cu.usbserial-576B0005451,"RX,920422,R35,TXD,N46,40,328430,G,1,0.93,0.90,5,U,-45,9.50"
2026-07-11T14:03:31.005+00:00,/dev/cu.usbserial-576B0005451,"RX,920619,R35,TXA,N01,326,328626,G,1,0.93,0.90,5,F,-39,9.75"
2026-07-11T14:03:31.273+00:00,/dev/cu.usbserial-576B0005451,"RX,920886,R35,TXB,N16,162,328892,E,0,0.87,0.84,5,U,-51,9.50"
2026-07-11T14:03:31.452+00:00,/dev/cu.usbserial-576B0005451,"RX,921067,R35,TXG,N91,39,329079,G,1,0.93,0.90,5,U,-50,9.50"
2026-07-11T14:03:31.755+00:00,/dev/cu.usbserial-576B0005451,"RX,921369,R35,TXE,N61,160,329381,A,1,0.75,0.72,5,U,-56,9.75"
2026-07-11T14:03:32.006+00:00,/dev/cu.usbserial-576B0005451,"RX,921619,R35,TXA,N01,327,329626,H,0,0.32,0.30,5,F,-38,9.75"
2026-07-11T14:03:32.149+00:00,/dev/cu.usbserial-576B0005451,"RX,921762,R35,TXK,N151,164,329762,A,1,0.75,0.72,5,U,-48,9.75"
2026-07-11T14:03:32.503+00:00,/dev/cu.usbserial-576B0005451,"RX,922117,R35,TXF,N76,81,330130,G,1,0.93,0.90,5,U,-46,9.75"
2026-07-11T14:03:32.661+00:00,/dev/cu.usbserial-576B0005451,"RX,922275,R35,TXJ,N136,39,330279,G,1,0.93,0.90,5,U,-44,9.50"
2026-07-11T14:03:32.757+00:00,/dev/cu.usbserial-576B0005451,"RX,922372,R35,TXC,N31,80,330381,E,0,0.87,0.84,5,U,-44,9.75"
2026-07-11T14:03:33.006+00:00,/dev/cu.usbserial-576B0005451,"RX,922619,R35,TXA,N01,328,330626,A,1,0.75,0.72,5,F,-39,9.75"
2026-07-11T14:03:33.272+00:00,/dev/cu.usbserial-576B0005451,"RX,922886,R35,TXB,N16,163,330892,G,1,0.93,0.90,5,U,-51,10.00"
2026-07-11T14:03:33.755+00:00,/dev/cu.usbserial-576B0005451,"RX,923369,R35,TXE,N61,161,331381,C,1,0.81,0.78,5,U,-56,10.00"
2026-07-11T14:03:33.861+00:00,/dev/cu.usbserial-576B0005451,"RX,923475,R35,TXI,N121,80,331480,E,0,0.87,0.84,5,U,-44,9.25"
2026-07-11T14:03:34.005+00:00,/dev/cu.usbserial-576B0005451,"RX,923619,R35,TXA,N01,329,331626,B,1,0.20,0.18,5,F,-39,9.25"
2026-07-11T14:03:34.148+00:00,/dev/cu.usbserial-576B0005451,"RX,923762,R35,TXK,N151,165,331762,C,0,0.81,0.78,5,U,-48,10.50"
2026-07-11T14:03:34.757+00:00,/dev/cu.usbserial-576B0005451,"RX,924372,R35,TXC,N31,81,332381,G,1,0.93,0.90,5,U,-44,9.75"
2026-07-11T14:03:35.007+00:00,/dev/cu.usbserial-576B0005451,"RX,924619,R35,TXA,N01,330,332626,C,0,0.81,0.78,5,F,-39,9.50"
2026-07-11T14:03:35.272+00:00,/dev/cu.usbserial-576B0005451,"RX,924886,R35,TXB,N16,164,332892,A,1,0.75,0.72,5,U,-50,9.00"
2026-07-11T14:03:35.755+00:00,/dev/cu.usbserial-576B0005451,"RX,925369,R35,TXE,N61,162,333381,E,0,0.87,0.84,5,U,-56,9.75"
2026-07-11T14:03:35.861+00:00,/dev/cu.usbserial-576B0005451,"RX,925475,R35,TXI,N121,81,333480,G,1,0.93,0.90,5,U,-44,9.50"
2026-07-11T14:03:36.005+00:00,/dev/cu.usbserial-576B0005451,"RX,925619,R35,TXA,N01,331,333626,D,1,0.24,0.22,5,F,-39,9.75"
2026-07-11T14:03:36.148+00:00,/dev/cu.usbserial-576B0005451,"RX,925762,R35,TXK,N151,166,333762,E,1,0.87,0.84,5,U,-48,9.50"
2026-07-11T14:03:37.005+00:00,/dev/cu.usbserial-576B0005451,"RX,926619,R35,TXA,N01,332,334626,E,1,0.87,0.84,5,F,-39,9.75"
2026-07-11T14:03:37.272+00:00,/dev/cu.usbserial-576B0005451,"RX,926886,R35,TXB,N16,165,334892,C,0,0.81,0.78,5,U,-50,9.50"
2026-07-11T14:03:37.755+00:00,/dev/cu.usbserial-576B0005451,"RX,927369,R35,TXE,N61,163,335381,G,1,0.93,0.90,5,U,-56,9.75"
2026-07-11T14:03:38.005+00:00,/dev/cu.usbserial-576B0005451,"RX,927619,R35,TXA,N01,333,335626,F,0,0.28,0.26,5,F,-39,9.50"
2026-07-11T14:03:38.116+00:00,/dev/cu.usbserial-576B0005451,"RX,927730,R35,TXH,N106,21,335743,G,1,0.93,0.90,5,U,-38,-1.75"
2026-07-11T14:03:38.297+00:00,/dev/cu.usbserial-576B0005451,"RX,927911,R35,TXL,N166,21,335916,G,1,0.93,0.90,5,U,-49,9.75"
2026-07-11T14:03:38.503+00:00,/dev/cu.usbserial-576B0005451,"RX,928117,R35,TXF,N76,82,336130,E,1,0.87,0.84,5,U,-46,9.50"
2026-07-11T14:03:38.808+00:00,/dev/cu.usbserial-576B0005451,"RX,928422,R35,TXD,N46,41,336430,G,1,0.93,0.90,5,U,-45,10.00"
2026-07-11T14:03:39.007+00:00,/dev/cu.usbserial-576B0005451,"RX,928619,R35,TXA,N01,334,336626,G,1,0.93,0.90,5,F,-39,10.75"
2026-07-11T14:03:39.272+00:00,/dev/cu.usbserial-576B0005451,"RX,928886,R35,TXB,N16,166,336892,E,1,0.87,0.84,5,U,-50,10.25"
2026-07-11T14:03:39.452+00:00,/dev/cu.usbserial-576B0005451,"RX,929067,R35,TXG,N91,40,337079,G,1,0.93,0.90,5,U,-50,9.75"
2026-07-11T14:03:39.755+00:00,/dev/cu.usbserial-576B0005451,"RX,929369,R35,TXE,N61,164,337381,A,1,0.75,0.72,5,U,-56,9.75"
2026-07-11T14:03:40.005+00:00,/dev/cu.usbserial-576B0005451,"RX,929619,R35,TXA,N01,335,337626,H,1,0.32,0.30,5,F,-39,10.00"
2026-07-11T14:03:40.149+00:00,/dev/cu.usbserial-576B0005451,"RX,929762,R35,TXK,N151,168,337762,A,0,0.75,0.72,5,U,-48,9.50"
2026-07-11T14:03:40.503+00:00,/dev/cu.usbserial-576B0005451,"RX,930117,R35,TXF,N76,83,338130,G,1,0.93,0.90,5,U,-46,10.25"
2026-07-11T14:03:40.661+00:00,/dev/cu.usbserial-576B0005451,"RX,930275,R35,TXJ,N136,40,338279,G,1,0.93,0.90,5,U,-44,9.50"
2026-07-11T14:03:40.757+00:00,/dev/cu.usbserial-576B0005451,"RX,930371,R35,TXC,N31,82,338381,E,1,0.87,0.84,5,U,-44,9.75"
2026-07-11T14:03:41.007+00:00,/dev/cu.usbserial-576B0005451,"RX,930619,R35,TXA,N01,336,338626,A,0,0.75,0.72,5,F,-39,10.00"
2026-07-11T14:03:41.272+00:00,/dev/cu.usbserial-576B0005451,"RX,930886,R35,TXB,N16,167,338892,G,1,0.93,0.90,5,U,-50,10.00"
2026-07-11T14:03:41.755+00:00,/dev/cu.usbserial-576B0005451,"RX,931369,R35,TXE,N61,165,339381,C,0,0.81,0.78,5,U,-56,9.75"
2026-07-11T14:03:41.861+00:00,/dev/cu.usbserial-576B0005451,"RX,931475,R35,TXI,N121,82,339480,E,1,0.87,0.84,5,U,-44,9.75"
2026-07-11T14:03:42.005+00:00,/dev/cu.usbserial-576B0005451,"RX,931619,R35,TXA,N01,337,339626,B,1,0.20,0.18,5,F,-39,9.75"
2026-07-11T14:03:42.148+00:00,/dev/cu.usbserial-576B0005451,"RX,931762,R35,TXK,N151,169,339762,C,1,0.81,0.78,5,U,-48,9.75"
2026-07-11T14:03:42.757+00:00,/dev/cu.usbserial-576B0005451,"RX,932371,R35,TXC,N31,83,340381,G,1,0.93,0.90,5,U,-45,9.50"
2026-07-11T14:03:43.007+00:00,/dev/cu.usbserial-576B0005451,"RX,932619,R35,TXA,N01,338,340626,C,1,0.81,0.78,5,F,-39,10.00"
2026-07-11T14:03:43.272+00:00,/dev/cu.usbserial-576B0005451,"RX,932886,R35,TXB,N16,168,340892,A,0,0.75,0.72,5,U,-50,9.50"
2026-07-11T14:03:43.755+00:00,/dev/cu.usbserial-576B0005451,"RX,933369,R35,TXE,N61,166,341381,E,1,0.87,0.84,5,U,-56,9.75"
2026-07-11T14:03:43.861+00:00,/dev/cu.usbserial-576B0005451,"RX,933475,R35,TXI,N121,83,341480,G,1,0.93,0.90,5,U,-44,9.75"
2026-07-11T14:03:44.006+00:00,/dev/cu.usbserial-576B0005451,"RX,933619,R35,TXA,N01,339,341626,D,0,0.24,0.22,5,F,-39,9.75"
2026-07-11T14:03:44.148+00:00,/dev/cu.usbserial-576B0005451,"RX,933762,R35,TXK,N151,170,341762,E,1,0.87,0.84,5,U,-49,9.75"
2026-07-11T14:03:45.006+00:00,/dev/cu.usbserial-576B0005451,"RX,934619,R35,TXA,N01,340,342626,E,1,0.87,0.84,5,F,-39,9.75"
2026-07-11T14:03:45.272+00:00,/dev/cu.usbserial-576B0005451,"RX,934886,R35,TXB,N16,169,342892,C,1,0.81,0.78,5,U,-50,9.75"
2026-07-11T14:03:45.755+00:00,/dev/cu.usbserial-576B0005451,"RX,935369,R35,TXE,N61,167,343381,G,1,0.93,0.90,5,U,-56,9.75"
2026-07-11T14:03:46.006+00:00,/dev/cu.usbserial-576B0005451,"RX,935619,R35,TXA,N01,341,343626,F,1,0.28,0.26,5,F,-39,9.50"
2026-07-11T14:03:46.296+00:00,/dev/cu.usbserial-576B0005451,"RX,935911,R35,TXL,N166,22,343916,G,0,0.93,0.90,5,U,-49,9.25"
2026-07-11T14:03:46.503+00:00,/dev/cu.usbserial-576B0005451,"RX,936117,R35,TXF,N76,84,344130,E,1,0.87,0.84,5,U,-46,9.50"
2026-07-11T14:03:46.808+00:00,/dev/cu.usbserial-576B0005451,"RX,936422,R35,TXD,N46,42,344430,G,0,0.93,0.90,5,U,-44,10.00"
2026-07-11T14:03:47.006+00:00,/dev/cu.usbserial-576B0005451,"RX,936619,R35,TXA,N01,342,344626,G,0,0.93,0.90,5,F,-39,9.50"
2026-07-11T14:03:47.273+00:00,/dev/cu.usbserial-576B0005451,"RX,936886,R35,TXB,N16,170,344892,E,1,0.87,0.84,5,U,-51,9.75"
2026-07-11T14:03:47.453+00:00,/dev/cu.usbserial-576B0005451,"RX,937067,R35,TXG,N91,41,345079,G,1,0.93,0.90,5,U,-50,10.00"
2026-07-11T14:03:47.755+00:00,/dev/cu.usbserial-576B0005451,"RX,937369,R35,TXE,N61,168,345381,A,0,0.75,0.72,5,U,-56,9.75"
2026-07-11T14:03:48.005+00:00,/dev/cu.usbserial-576B0005451,"RX,937619,R35,TXA,N01,343,345626,H,1,0.32,0.30,5,F,-39,9.75"
2026-07-11T14:03:48.503+00:00,/dev/cu.usbserial-576B0005451,"RX,938117,R35,TXF,N76,85,346130,G,0,0.93,0.90,5,U,-45,10.00"
2026-07-11T14:03:48.661+00:00,/dev/cu.usbserial-576B0005451,"RX,938275,R35,TXJ,N136,41,346279,G,1,0.93,0.90,5,U,-43,10.00"
2026-07-11T14:03:48.757+00:00,/dev/cu.usbserial-576B0005451,"RX,938371,R35,TXC,N31,84,346381,E,1,0.87,0.84,5,U,-45,10.00"
2026-07-11T14:03:49.005+00:00,/dev/cu.usbserial-576B0005451,"RX,938619,R35,TXA,N01,344,346626,A,1,0.75,0.72,5,F,-38,9.50"
2026-07-11T14:03:49.272+00:00,/dev/cu.usbserial-576B0005451,"RX,938886,R35,TXB,N16,171,346892,G,0,0.93,0.90,5,U,-50,12.00"
2026-07-11T14:03:49.755+00:00,/dev/cu.usbserial-576B0005451,"RX,939369,R35,TXE,N61,169,347381,C,1,0.81,0.78,5,U,-56,9.75"
2026-07-11T14:03:49.861+00:00,/dev/cu.usbserial-576B0005451,"RX,939475,R35,TXI,N121,84,347480,E,1,0.87,0.84,5,U,-43,9.75"
2026-07-11T14:03:50.005+00:00,/dev/cu.usbserial-576B0005451,"RX,939619,R35,TXA,N01,345,347626,B,0,0.20,0.18,5,F,-39,9.50"
2026-07-11T14:03:50.149+00:00,/dev/cu.usbserial-576B0005451,"RX,939762,R35,TXK,N151,173,347762,C,1,0.81,0.78,5,U,-48,9.75"
2026-07-11T14:03:50.758+00:00,/dev/cu.usbserial-576B0005451,"RX,940371,R35,TXC,N31,85,348381,G,0,0.93,0.90,5,U,-45,10.00"
2026-07-11T14:03:51.005+00:00,/dev/cu.usbserial-576B0005451,"RX,940619,R35,TXA,N01,346,348626,C,1,0.81,0.78,5,F,-39,10.00"
2026-07-11T14:03:51.272+00:00,/dev/cu.usbserial-576B0005451,"RX,940886,R35,TXB,N16,172,348892,A,1,0.75,0.72,5,U,-50,11.25"
2026-07-11T14:03:51.755+00:00,/dev/cu.usbserial-576B0005451,"RX,941369,R35,TXE,N61,170,349381,E,1,0.87,0.84,5,U,-56,9.75"
2026-07-11T14:03:51.861+00:00,/dev/cu.usbserial-576B0005451,"RX,941475,R35,TXI,N121,85,349480,G,0,0.93,0.90,5,U,-44,9.75"
2026-07-11T14:03:52.005+00:00,/dev/cu.usbserial-576B0005451,"RX,941619,R35,TXA,N01,347,349626,D,1,0.24,0.22,5,F,-39,9.75"
2026-07-11T14:03:52.148+00:00,/dev/cu.usbserial-576B0005451,"RX,941762,R35,TXK,N151,174,349762,E,0,0.87,0.84,5,U,-48,10.25"
2026-07-11T14:03:53.007+00:00,/dev/cu.usbserial-576B0005451,"RX,942619,R35,TXA,N01,348,350626,E,0,0.87,0.84,5,F,-39,9.75"
2026-07-11T14:03:53.273+00:00,/dev/cu.usbserial-576B0005451,"RX,942886,R35,TXB,N16,173,350892,C,1,0.81,0.78,5,U,-50,11.75"
2026-07-11T14:03:53.755+00:00,/dev/cu.usbserial-576B0005451,"RX,943369,R35,TXE,N61,171,351381,G,0,0.93,0.90,5,U,-56,10.00"
2026-07-11T14:03:54.005+00:00,/dev/cu.usbserial-576B0005451,"RX,943619,R35,TXA,N01,349,351626,F,1,0.28,0.26,5,F,-39,9.75"
2026-07-11T14:03:54.297+00:00,/dev/cu.usbserial-576B0005451,"RX,943911,R35,TXL,N166,23,351916,G,1,0.93,0.90,5,U,-48,9.50"
2026-07-11T14:03:54.503+00:00,/dev/cu.usbserial-576B0005451,"RX,944117,R35,TXF,N76,86,352130,E,0,0.87,0.84,5,U,-46,9.75"
2026-07-11T14:03:54.808+00:00,/dev/cu.usbserial-576B0005451,"RX,944422,R35,TXD,N46,43,352430,G,1,0.93,0.90,5,U,-45,9.50"
2026-07-11T14:03:55.005+00:00,/dev/cu.usbserial-576B0005451,"RX,944619,R35,TXA,N01,350,352626,G,1,0.93,0.90,5,F,-39,9.50"
2026-07-11T14:03:55.272+00:00,/dev/cu.usbserial-576B0005451,"RX,944886,R35,TXB,N16,174,352892,E,0,0.87,0.84,5,U,-50,9.50"
2026-07-11T14:03:55.452+00:00,/dev/cu.usbserial-576B0005451,"RX,945067,R35,TXG,N91,42,353079,G,0,0.93,0.90,5,U,-49,9.75"
2026-07-11T14:03:55.755+00:00,/dev/cu.usbserial-576B0005451,"RX,945369,R35,TXE,N61,172,353381,A,1,0.75,0.72,5,U,-56,9.75"
2026-07-11T14:03:56.005+00:00,/dev/cu.usbserial-576B0005451,"RX,945619,R35,TXA,N01,351,353626,H,0,0.32,0.30,5,F,-39,9.50"
2026-07-11T14:03:56.149+00:00,/dev/cu.usbserial-576B0005451,"RX,945762,R35,TXK,N151,176,353762,A,1,0.75,0.72,5,U,-48,9.75"
2026-07-11T14:03:56.503+00:00,/dev/cu.usbserial-576B0005451,"RX,946117,R35,TXF,N76,87,354130,G,1,0.93,0.90,5,U,-46,10.00"
2026-07-11T14:03:56.661+00:00,/dev/cu.usbserial-576B0005451,"RX,946275,R35,TXJ,N136,42,354279,G,0,0.93,0.90,5,U,-43,10.00"
2026-07-11T14:03:56.757+00:00,/dev/cu.usbserial-576B0005451,"RX,946371,R35,TXC,N31,86,354381,E,0,0.87,0.84,5,U,-45,9.75"
2026-07-11T14:03:57.005+00:00,/dev/cu.usbserial-576B0005451,"RX,946619,R35,TXA,N01,352,354626,A,1,0.75,0.72,5,F,-39,9.75"
2026-07-11T14:03:57.272+00:00,/dev/cu.usbserial-576B0005451,"RX,946886,R35,TXB,N16,175,354892,G,1,0.93,0.90,5,U,-50,10.00"
2026-07-11T14:03:57.755+00:00,/dev/cu.usbserial-576B0005451,"RX,947369,R35,TXE,N61,173,355381,C,1,0.81,0.78,5,U,-56,9.75"
2026-07-11T14:03:57.861+00:00,/dev/cu.usbserial-576B0005451,"RX,947475,R35,TXI,N121,86,355480,E,0,0.87,0.84,5,U,-44,9.25"
2026-07-11T14:03:58.006+00:00,/dev/cu.usbserial-576B0005451,"RX,947619,R35,TXA,N01,353,355626,B,1,0.20,0.18,5,F,-39,9.50"
2026-07-11T14:03:58.148+00:00,/dev/cu.usbserial-576B0005451,"RX,947762,R35,TXK,N151,177,355762,C,0,0.81,0.78,5,U,-48,9.75"
2026-07-11T14:03:58.757+00:00,/dev/cu.usbserial-576B0005451,"RX,948371,R35,TXC,N31,87,356381,G,1,0.93,0.90,5,U,-45,9.75"
2026-07-11T14:03:59.005+00:00,/dev/cu.usbserial-576B0005451,"RX,948619,R35,TXA,N01,354,356626,C,0,0.81,0.78,5,F,-39,9.50"
2026-07-11T14:03:59.272+00:00,/dev/cu.usbserial-576B0005451,"RX,948886,R35,TXB,N16,176,356892,A,1,0.75,0.72,5,U,-50,10.25"
2026-07-11T14:03:59.755+00:00,/dev/cu.usbserial-576B0005451,"RX,949369,R35,TXE,N61,174,357381,E,0,0.87,0.84,5,U,-56,9.50"
2026-07-11T14:03:59.861+00:00,/dev/cu.usbserial-576B0005451,"RX,949475,R35,TXI,N121,87,357480,G,1,0.93,0.90,5,U,-44,9.50"
2026-07-11T14:04:00.005+00:00,/dev/cu.usbserial-576B0005451,"RX,949619,R35,TXA,N01,355,357626,D,1,0.24,0.22,5,F,-39,9.50"
2026-07-11T14:04:00.148+00:00,/dev/cu.usbserial-576B0005451,"RX,949762,R35,TXK,N151,178,357762,E,1,0.87,0.84,5,U,-48,9.25"
2026-07-11T14:04:01.005+00:00,/dev/cu.usbserial-576B0005451,"RX,950619,R35,TXA,N01,356,358626,E,1,0.87,0.84,5,F,-39,9.75"
2026-07-11T14:04:01.272+00:00,/dev/cu.usbserial-576B0005451,"RX,950886,R35,TXB,N16,177,358892,C,0,0.81,0.78,5,U,-50,9.75"
2026-07-11T14:04:01.755+00:00,/dev/cu.usbserial-576B0005451,"RX,951369,R35,TXE,N61,175,359381,G,1,0.93,0.90,5,U,-56,9.75"
2026-07-11T14:04:02.005+00:00,/dev/cu.usbserial-576B0005451,"RX,951619,R35,TXA,N01,357,359626,F,0,0.28,0.26,5,F,-39,9.75"
2026-07-11T14:04:02.149+00:00,/dev/cu.usbserial-576B0005451,"RX,951762,R35,TXK,N151,179,359762,G,1,0.93,0.90,5,U,-48,9.50"
2026-07-11T14:04:02.503+00:00,/dev/cu.usbserial-576B0005451,"RX,952117,R35,TXF,N76,88,360130,E,1,0.87,0.84,5,U,-46,9.75"
2026-07-11T14:04:02.808+00:00,/dev/cu.usbserial-576B0005451,"RX,952422,R35,TXD,N46,44,360430,G,1,0.93,0.90,5,U,-45,9.75"
2026-07-11T14:04:03.006+00:00,/dev/cu.usbserial-576B0005451,"RX,952619,R35,TXA,N01,358,360626,G,1,0.93,0.90,5,F,-38,11.25"
2026-07-11T14:04:03.272+00:00,/dev/cu.usbserial-576B0005451,"RX,952886,R35,TXB,N16,178,360892,E,1,0.87,0.84,5,U,-50,9.50"
2026-07-11T14:04:03.452+00:00,/dev/cu.usbserial-576B0005451,"RX,953067,R35,TXG,N91,43,361079,G,1,0.93,0.90,5,U,-50,9.75"
2026-07-11T14:04:03.755+00:00,/dev/cu.usbserial-576B0005451,"RX,953369,R35,TXE,N61,176,361381,A,1,0.75,0.72,5,U,-56,9.50"
2026-07-11T14:04:04.005+00:00,/dev/cu.usbserial-576B0005451,"RX,953619,R35,TXA,N01,359,361626,H,1,0.32,0.30,5,F,-39,9.25"
2026-07-11T14:04:04.148+00:00,/dev/cu.usbserial-576B0005451,"RX,953762,R35,TXK,N151,180,361762,A,0,0.75,0.72,5,U,-48,9.75"
2026-07-11T14:04:04.503+00:00,/dev/cu.usbserial-576B0005451,"RX,954117,R35,TXF,N76,89,362130,G,1,0.93,0.90,5,U,-46,9.75"
2026-07-11T14:04:04.661+00:00,/dev/cu.usbserial-576B0005451,"RX,954275,R35,TXJ,N136,43,362279,G,1,0.93,0.90,5,U,-44,12.00"
2026-07-11T14:04:04.757+00:00,/dev/cu.usbserial-576B0005451,"RX,954371,R35,TXC,N31,88,362381,E,1,0.87,0.84,5,U,-44,9.75"
2026-07-11T14:04:05.005+00:00,/dev/cu.usbserial-576B0005451,"RX,954619,R35,TXA,N01,360,362626,A,0,0.75,0.72,5,F,-39,9.25"
2026-07-11T14:04:05.272+00:00,/dev/cu.usbserial-576B0005451,"RX,954886,R35,TXB,N16,179,362892,G,1,0.93,0.90,5,U,-50,11.75"
2026-07-11T14:04:05.755+00:00,/dev/cu.usbserial-576B0005451,"RX,955369,R35,TXE,N61,177,363381,C,0,0.81,0.78,5,U,-56,9.50"
2026-07-11T14:04:05.861+00:00,/dev/cu.usbserial-576B0005451,"RX,955475,R35,TXI,N121,88,363480,E,1,0.87,0.84,5,U,-44,9.50"
2026-07-11T14:04:06.005+00:00,/dev/cu.usbserial-576B0005451,"RX,955619,R35,TXA,N01,361,363626,B,1,0.20,0.18,5,F,-38,9.75"
2026-07-11T14:04:06.148+00:00,/dev/cu.usbserial-576B0005451,"RX,955762,R35,TXK,N151,181,363762,C,1,0.81,0.78,5,U,-48,10.00"
2026-07-11T14:04:06.758+00:00,/dev/cu.usbserial-576B0005451,"RX,956371,R35,TXC,N31,89,364381,G,1,0.93,0.90,5,U,-44,9.50"
2026-07-11T14:04:07.005+00:00,/dev/cu.usbserial-576B0005451,"RX,956619,R35,TXA,N01,362,364626,C,1,0.81,0.78,5,F,-39,9.75"
2026-07-11T14:04:07.272+00:00,/dev/cu.usbserial-576B0005451,"RX,956886,R35,TXB,N16,180,364892,A,0,0.75,0.72,5,U,-50,10.00"
2026-07-11T14:04:07.755+00:00,/dev/cu.usbserial-576B0005451,"RX,957369,R35,TXE,N61,178,365381,E,1,0.87,0.84,5,U,-57,9.50"
2026-07-11T14:04:07.861+00:00,/dev/cu.usbserial-576B0005451,"RX,957475,R35,TXI,N121,89,365480,G,1,0.93,0.90,5,U,-43,10.00"
2026-07-11T14:04:08.005+00:00,/dev/cu.usbserial-576B0005451,"RX,957619,R35,TXA,N01,363,365626,D,0,0.24,0.22,5,F,-39,10.00"
2026-07-11T14:04:08.148+00:00,/dev/cu.usbserial-576B0005451,"RX,957762,R35,TXK,N151,182,365762,E,1,0.87,0.84,5,U,-48,9.50"
2026-07-11T14:04:09.005+00:00,/dev/cu.usbserial-576B0005451,"RX,958619,R35,TXA,N01,364,366626,E,1,0.87,0.84,5,F,-38,10.00"
2026-07-11T14:04:09.272+00:00,/dev/cu.usbserial-576B0005451,"RX,958886,R35,TXB,N16,181,366892,C,1,0.81,0.78,5,U,-50,10.00"
2026-07-11T14:04:09.755+00:00,/dev/cu.usbserial-576B0005451,"RX,959369,R35,TXE,N61,179,367381,G,1,0.93,0.90,5,U,-57,9.50"
2026-07-11T14:04:10.006+00:00,/dev/cu.usbserial-576B0005451,"RX,959619,R35,TXA,N01,365,367626,F,1,0.28,0.26,5,F,-39,9.25"
2026-07-11T14:04:10.148+00:00,/dev/cu.usbserial-576B0005451,"RX,959762,R35,TXK,N151,183,367762,G,0,0.93,0.90,5,U,-48,9.75"
2026-07-11T14:04:10.504+00:00,/dev/cu.usbserial-576B0005451,"RX,960117,R35,TXF,N76,90,368130,E,1,0.87,0.84,5,U,-46,9.50"
2026-07-11T14:04:10.807+00:00,/dev/cu.usbserial-576B0005451,"RX,960422,R35,TXD,N46,45,368430,G,0,0.93,0.90,5,U,-45,9.50"
2026-07-11T14:04:11.005+00:00,/dev/cu.usbserial-576B0005451,"RX,960619,R35,TXA,N01,366,368626,G,0,0.93,0.90,5,F,-39,9.75"
2026-07-11T14:04:11.273+00:00,/dev/cu.usbserial-576B0005451,"RX,960886,R35,TXB,N16,182,368892,E,1,0.87,0.84,5,U,-50,10.25"
2026-07-11T14:04:11.452+00:00,/dev/cu.usbserial-576B0005451,"RX,961067,R35,TXG,N91,44,369079,G,1,0.93,0.90,5,U,-50,9.75"
2026-07-11T14:04:11.755+00:00,/dev/cu.usbserial-576B0005451,"RX,961369,R35,TXE,N61,180,369381,A,0,0.75,0.72,5,U,-56,10.00"
2026-07-11T14:04:12.005+00:00,/dev/cu.usbserial-576B0005451,"RX,961619,R35,TXA,N01,367,369626,H,1,0.32,0.30,5,F,-39,9.50"
2026-07-11T14:04:12.148+00:00,/dev/cu.usbserial-576B0005451,"RX,961762,R35,TXK,N151,184,369762,A,1,0.75,0.72,5,U,-48,9.50"
2026-07-11T14:04:12.503+00:00,/dev/cu.usbserial-576B0005451,"RX,962117,R35,TXF,N76,91,370130,G,0,0.93,0.90,5,U,-46,10.25"
2026-07-11T14:04:12.661+00:00,/dev/cu.usbserial-576B0005451,"RX,962275,R35,TXJ,N136,44,370279,G,1,0.93,0.90,5,U,-44,9.50"
2026-07-11T14:04:12.757+00:00,/dev/cu.usbserial-576B0005451,"RX,962371,R35,TXC,N31,90,370381,E,1,0.87,0.84,5,U,-44,9.75"
2026-07-11T14:04:13.006+00:00,/dev/cu.usbserial-576B0005451,"RX,962619,R35,TXA,N01,368,370626,A,1,0.75,0.72,5,F,-39,10.00"
2026-07-11T14:04:13.272+00:00,/dev/cu.usbserial-576B0005451,"RX,962886,R35,TXB,N16,183,370892,G,0,0.93,0.90,5,U,-50,9.75"
2026-07-11T14:04:13.755+00:00,/dev/cu.usbserial-576B0005451,"RX,963369,R35,TXE,N61,181,371381,C,1,0.81,0.78,5,U,-57,9.75"
2026-07-11T14:04:13.861+00:00,/dev/cu.usbserial-576B0005451,"RX,963475,R35,TXI,N121,90,371480,E,1,0.87,0.84,5,U,-44,9.75"
2026-07-11T14:04:14.005+00:00,/dev/cu.usbserial-576B0005451,"RX,963619,R35,TXA,N01,369,371626,B,0,0.20,0.18,5,F,-39,9.25"
2026-07-11T14:04:14.148+00:00,/dev/cu.usbserial-576B0005451,"RX,963762,R35,TXK,N151,185,371762,C,1,0.81,0.78,5,U,-48,10.00"
2026-07-11T14:04:14.757+00:00,/dev/cu.usbserial-576B0005451,"RX,964371,R35,TXC,N31,91,372381,G,0,0.93,0.90,5,U,-45,9.50"
2026-07-11T14:04:15.005+00:00,/dev/cu.usbserial-576B0005451,"RX,964619,R35,TXA,N01,370,372626,C,1,0.81,0.78,5,F,-39,9.50"
2026-07-11T14:04:15.272+00:00,/dev/cu.usbserial-576B0005451,"RX,964886,R35,TXB,N16,184,372892,A,1,0.75,0.72,5,U,-51,9.75"
2026-07-11T14:04:15.755+00:00,/dev/cu.usbserial-576B0005451,"RX,965369,R35,TXE,N61,182,373381,E,1,0.87,0.84,5,U,-56,9.75"
2026-07-11T14:04:15.861+00:00,/dev/cu.usbserial-576B0005451,"RX,965475,R35,TXI,N121,91,373480,G,0,0.93,0.90,5,U,-44,9.50"
2026-07-11T14:04:16.005+00:00,/dev/cu.usbserial-576B0005451,"RX,965619,R35,TXA,N01,371,373626,D,1,0.24,0.22,5,F,-39,9.50"
2026-07-11T14:04:16.148+00:00,/dev/cu.usbserial-576B0005451,"RX,965762,R35,TXK,N151,186,373762,E,0,0.87,0.84,5,U,-48,9.50"
2026-07-11T14:04:17.005+00:00,/dev/cu.usbserial-576B0005451,"RX,966619,R35,TXA,N01,372,374626,E,0,0.87,0.84,5,F,-38,10.00"
2026-07-11T14:04:17.272+00:00,/dev/cu.usbserial-576B0005451,"RX,966886,R35,TXB,N16,185,374892,C,1,0.81,0.78,5,U,-50,12.00"
2026-07-11T14:04:17.755+00:00,/dev/cu.usbserial-576B0005451,"RX,967369,R35,TXE,N61,183,375381,G,0,0.93,0.90,5,U,-56,9.75"
2026-07-11T14:04:18.006+00:00,/dev/cu.usbserial-576B0005451,"RX,967619,R35,TXA,N01,373,375626,F,1,0.28,0.26,5,F,-39,10.25"
2026-07-11T14:04:18.148+00:00,/dev/cu.usbserial-576B0005451,"RX,967762,R35,TXK,N151,187,375762,G,1,0.93,0.90,5,U,-48,9.50"
2026-07-11T14:04:18.503+00:00,/dev/cu.usbserial-576B0005451,"RX,968117,R35,TXF,N76,92,376130,E,0,0.87,0.84,5,U,-46,9.75"
2026-07-11T14:04:18.808+00:00,/dev/cu.usbserial-576B0005451,"RX,968422,R35,TXD,N46,46,376430,G,1,0.93,0.90,5,U,-45,9.50"
2026-07-11T14:04:19.006+00:00,/dev/cu.usbserial-576B0005451,"RX,968619,R35,TXA,N01,374,376626,G,1,0.93,0.90,5,F,-39,9.75"
2026-07-11T14:04:19.273+00:00,/dev/cu.usbserial-576B0005451,"RX,968886,R35,TXB,N16,186,376892,E,0,0.87,0.84,5,U,-50,9.75"
2026-07-11T14:04:19.452+00:00,/dev/cu.usbserial-576B0005451,"RX,969067,R35,TXG,N91,45,377079,G,0,0.93,0.90,5,U,-50,10.00"
2026-07-11T14:04:19.755+00:00,/dev/cu.usbserial-576B0005451,"RX,969369,R35,TXE,N61,184,377381,A,1,0.75,0.72,5,U,-56,9.75"
2026-07-11T14:04:20.005+00:00,/dev/cu.usbserial-576B0005451,"RX,969619,R35,TXA,N01,375,377626,H,0,0.32,0.30,5,F,-39,9.75"
2026-07-11T14:04:20.149+00:00,/dev/cu.usbserial-576B0005451,"RX,969762,R35,TXK,N151,188,377762,A,1,0.75,0.72,5,U,-48,9.50"
2026-07-11T14:04:20.502+00:00,/dev/cu.usbserial-576B0005451,"RX,970117,R35,TXF,N76,93,378130,G,1,0.93,0.90,5,U,-46,9.75"
2026-07-11T14:04:20.661+00:00,/dev/cu.usbserial-576B0005451,"RX,970275,R35,TXJ,N136,45,378279,G,0,0.93,0.90,5,U,-44,9.75"
2026-07-11T14:04:20.757+00:00,/dev/cu.usbserial-576B0005451,"RX,970371,R35,TXC,N31,92,378381,E,0,0.87,0.84,5,U,-45,9.75"
2026-07-11T14:04:21.005+00:00,/dev/cu.usbserial-576B0005451,"RX,970619,R35,TXA,N01,376,378626,A,1,0.75,0.72,5,F,-38,9.75"
2026-07-11T14:04:21.272+00:00,/dev/cu.usbserial-576B0005451,"RX,970886,R35,TXB,N16,187,378892,G,1,0.93,0.90,5,U,-49,9.75"
2026-07-11T14:04:21.755+00:00,/dev/cu.usbserial-576B0005451,"RX,971369,R35,TXE,N61,185,379381,C,1,0.81,0.78,5,U,-56,9.75"
2026-07-11T14:04:21.861+00:00,/dev/cu.usbserial-576B0005451,"RX,971475,R35,TXI,N121,92,379480,E,0,0.87,0.84,5,U,-44,10.75"
2026-07-11T14:04:22.005+00:00,/dev/cu.usbserial-576B0005451,"RX,971619,R35,TXA,N01,377,379626,B,1,0.20,0.18,5,F,-38,9.25"
2026-07-11T14:04:22.148+00:00,/dev/cu.usbserial-576B0005451,"RX,971762,R35,TXK,N151,189,379762,C,0,0.81,0.78,5,U,-49,9.50"
2026-07-11T14:04:22.757+00:00,/dev/cu.usbserial-576B0005451,"RX,972371,R35,TXC,N31,93,380381,G,1,0.93,0.90,5,U,-45,9.75"
2026-07-11T14:04:23.005+00:00,/dev/cu.usbserial-576B0005451,"RX,972619,R35,TXA,N01,378,380626,C,0,0.81,0.78,5,F,-39,9.25"
2026-07-11T14:04:23.273+00:00,/dev/cu.usbserial-576B0005451,"RX,972886,R35,TXB,N16,188,380892,A,1,0.75,0.72,5,U,-50,10.00"
2026-07-11T14:04:23.755+00:00,/dev/cu.usbserial-576B0005451,"RX,973369,R35,TXE,N61,186,381381,E,0,0.87,0.84,5,U,-56,9.75"
2026-07-11T14:04:23.861+00:00,/dev/cu.usbserial-576B0005451,"RX,973475,R35,TXI,N121,93,381480,G,1,0.93,0.90,5,U,-44,9.75"
2026-07-11T14:04:24.006+00:00,/dev/cu.usbserial-576B0005451,"RX,973619,R35,TXA,N01,379,381626,D,1,0.24,0.22,5,F,-39,9.75"
2026-07-11T14:04:24.148+00:00,/dev/cu.usbserial-576B0005451,"RX,973762,R35,TXK,N151,190,381762,E,1,0.87,0.84,5,U,-49,9.75"
2026-07-11T14:04:25.007+00:00,/dev/cu.usbserial-576B0005451,"RX,974619,R35,TXA,N01,380,382626,E,1,0.87,0.84,5,F,-38,10.00"
2026-07-11T14:04:25.272+00:00,/dev/cu.usbserial-576B0005451,"RX,974886,R35,TXB,N16,189,382892,C,0,0.81,0.78,5,U,-50,9.75"
2026-07-11T14:04:25.754+00:00,/dev/cu.usbserial-576B0005451,"RX,975369,R35,TXE,N61,187,383381,G,1,0.93,0.90,5,U,-56,10.00"
2026-07-11T14:04:26.007+00:00,/dev/cu.usbserial-576B0005451,"RX,975619,R35,TXA,N01,381,383626,F,0,0.28,0.26,5,F,-39,9.75"
2026-07-11T14:04:26.147+00:00,/dev/cu.usbserial-576B0005451,"RX,975762,R35,TXK,N151,191,383762,G,1,0.93,0.90,5,U,-48,9.75"
2026-07-11T14:04:26.505+00:00,/dev/cu.usbserial-576B0005451,"RX,976117,R35,TXF,N76,94,384130,E,1,0.87,0.84,5,U,-46,10.25"
2026-07-11T14:04:26.805+00:00,/dev/cu.usbserial-576B0005451,"RX,976422,R35,TXD,N46,47,384430,G,1,0.93,0.90,5,U,-44,9.25"
2026-07-11T14:04:27.003+00:00,/dev/cu.usbserial-576B0005451,"RX,976619,R35,TXA,N01,382,384626,G,1,0.93,0.90,5,F,-39,9.50"
2026-07-11T14:04:27.270+00:00,/dev/cu.usbserial-576B0005451,"RX,976886,R35,TXB,N16,190,384892,E,1,0.87,0.84,5,U,-50,9.25"
2026-07-11T14:04:27.449+00:00,/dev/cu.usbserial-576B0005451,"RX,977067,R35,TXG,N91,46,385079,G,1,0.93,0.90,5,U,-49,9.25"
2026-07-11T14:04:27.752+00:00,/dev/cu.usbserial-576B0005451,"RX,977369,R35,TXE,N61,188,385381,A,1,0.75,0.72,5,U,-56,9.75"
2026-07-11T14:04:28.002+00:00,/dev/cu.usbserial-576B0005451,"RX,977619,R35,TXA,N01,383,385626,H,1,0.32,0.30,5,F,-38,9.75"
2026-07-11T14:04:28.145+00:00,/dev/cu.usbserial-576B0005451,"RX,977762,R35,TXK,N151,192,385762,A,1,0.75,0.72,5,U,-48,10.25"
2026-07-11T14:04:28.498+00:00,/dev/cu.usbserial-576B0005451,"RX,978117,R35,TXF,N76,95,386130,G,1,0.93,0.90,5,U,-46,9.75"
2026-07-11T14:04:28.656+00:00,/dev/cu.usbserial-576B0005451,"RX,978275,R35,TXJ,N136,46,386279,G,1,0.93,0.90,5,U,-41,9.50"
2026-07-11T14:04:28.752+00:00,/dev/cu.usbserial-576B0005451,"RX,978371,R35,TXC,N31,94,386381,E,1,0.87,0.84,5,U,-44,9.25"
2026-07-11T14:04:29.001+00:00,/dev/cu.usbserial-576B0005451,"RX,978619,R35,TXA,N01,384,386626,A,1,0.75,0.72,5,F,-39,9.50"
2026-07-11T14:04:29.268+00:00,/dev/cu.usbserial-576B0005451,"RX,978886,R35,TXB,N16,191,386892,G,1,0.93,0.90,5,U,-50,9.75"
2026-07-11T14:04:29.750+00:00,/dev/cu.usbserial-576B0005451,"RX,979369,R35,TXE,N61,189,387381,C,0,0.81,0.78,5,U,-56,9.50"
2026-07-11T14:04:29.855+00:00,/dev/cu.usbserial-576B0005451,"RX,979475,R35,TXI,N121,94,387480,E,1,0.87,0.84,5,U,-44,9.50"
2026-07-11T14:04:30.000+00:00,/dev/cu.usbserial-576B0005451,"RX,979619,R35,TXA,N01,385,387626,B,0,0.20,0.18,5,F,-39,9.50"
2026-07-11T14:04:30.143+00:00,/dev/cu.usbserial-576B0005451,"RX,979762,R35,TXK,N151,193,387762,C,1,0.81,0.78,5,U,-49,9.50"
2026-07-11T14:04:30.751+00:00,/dev/cu.usbserial-576B0005451,"RX,980371,R35,TXC,N31,95,388381,G,1,0.93,0.90,5,U,-45,9.75"
2026-07-11T14:04:30.999+00:00,/dev/cu.usbserial-576B0005451,"RX,980619,R35,TXA,N01,386,388626,C,1,0.81,0.78,5,F,-39,9.75"
2026-07-11T14:04:31.266+00:00,/dev/cu.usbserial-576B0005451,"RX,980886,R35,TXB,N16,192,388892,A,1,0.75,0.72,5,U,-50,11.75"
2026-07-11T14:04:31.748+00:00,/dev/cu.usbserial-576B0005451,"RX,981369,R35,TXE,N61,190,389381,E,1,0.87,0.84,5,U,-57,9.75"
2026-07-11T14:04:31.854+00:00,/dev/cu.usbserial-576B0005451,"RX,981475,R35,TXI,N121,95,389480,G,1,0.93,0.90,5,U,-44,9.75"
2026-07-11T14:04:31.998+00:00,/dev/cu.usbserial-576B0005451,"RX,981619,R35,TXA,N01,387,389626,D,1,0.24,0.22,5,F,-39,9.50"
2026-07-11T14:04:32.141+00:00,/dev/cu.usbserial-576B0005451,"RX,981762,R35,TXK,N151,194,389762,E,0,0.87,0.84,5,U,-48,9.25"
2026-07-11T14:04:32.997+00:00,/dev/cu.usbserial-576B0005451,"RX,982619,R35,TXA,N01,388,390626,E,0,0.87,0.84,5,F,-39,9.75"
2026-07-11T14:04:33.264+00:00,/dev/cu.usbserial-576B0005451,"RX,982886,R35,TXB,N16,193,390892,C,1,0.81,0.78,5,U,-50,9.50"
2026-07-11T14:04:33.746+00:00,/dev/cu.usbserial-576B0005451,"RX,983369,R35,TXE,N61,191,391381,G,1,0.93,0.90,5,U,-57,9.75"
2026-07-11T14:04:33.996+00:00,/dev/cu.usbserial-576B0005451,"RX,983619,R35,TXA,N01,389,391626,F,1,0.28,0.26,5,F,-38,9.75"
2026-07-11T14:04:34.287+00:00,/dev/cu.usbserial-576B0005451,"RX,983911,R35,TXL,N166,24,391916,G,1,0.93,0.90,5,U,-48,9.25"
2026-07-11T14:04:34.493+00:00,/dev/cu.usbserial-576B0005451,"RX,984117,R35,TXF,N76,96,392130,E,0,0.87,0.84,5,U,-46,10.00"
2026-07-11T14:04:34.798+00:00,/dev/cu.usbserial-576B0005451,"RX,984422,R35,TXD,N46,48,392430,G,1,0.93,0.90,5,U,-45,9.50"
2026-07-11T14:04:34.996+00:00,/dev/cu.usbserial-576B0005451,"RX,984619,R35,TXA,N01,390,392626,G,1,0.93,0.90,5,F,-39,9.75"
2026-07-11T14:04:35.262+00:00,/dev/cu.usbserial-576B0005451,"RX,984886,R35,TXB,N16,194,392892,E,0,0.87,0.84,5,U,-50,9.75"
2026-07-11T14:04:35.443+00:00,/dev/cu.usbserial-576B0005451,"RX,985067,R35,TXG,N91,47,393079,G,1,0.93,0.90,5,U,-49,9.75"
2026-07-11T14:04:35.745+00:00,/dev/cu.usbserial-576B0005451,"RX,985369,R35,TXE,N61,192,393381,A,1,0.75,0.72,5,U,-56,9.75"
2026-07-11T14:04:35.995+00:00,/dev/cu.usbserial-576B0005451,"RX,985619,R35,TXA,N01,391,393626,H,0,0.32,0.30,5,F,-39,9.50"
2026-07-11T14:04:36.138+00:00,/dev/cu.usbserial-576B0005451,"RX,985762,R35,TXK,N151,196,393762,A,1,0.75,0.72,5,U,-48,9.75"
2026-07-11T14:04:36.492+00:00,/dev/cu.usbserial-576B0005451,"RX,986117,R35,TXF,N76,97,394130,G,1,0.93,0.90,5,U,-46,10.00"
2026-07-11T14:04:36.650+00:00,/dev/cu.usbserial-576B0005451,"RX,986275,R35,TXJ,N136,47,394279,G,1,0.93,0.90,5,U,-44,9.50"
2026-07-11T14:04:36.746+00:00,/dev/cu.usbserial-576B0005451,"RX,986371,R35,TXC,N31,96,394381,E,0,0.87,0.84,5,U,-44,9.25"
2026-07-11T14:04:36.995+00:00,/dev/cu.usbserial-576B0005451,"RX,986619,R35,TXA,N01,392,394626,A,1,0.75,0.72,5,F,-39,9.75"
2026-07-11T14:04:37.261+00:00,/dev/cu.usbserial-576B0005451,"RX,986886,R35,TXB,N16,195,394892,G,1,0.93,0.90,5,U,-50,9.75"
2026-07-11T14:04:37.744+00:00,/dev/cu.usbserial-576B0005451,"RX,987369,R35,TXE,N61,193,395381,C,1,0.81,0.78,5,U,-57,9.50"
2026-07-11T14:04:37.850+00:00,/dev/cu.usbserial-576B0005451,"RX,987475,R35,TXI,N121,96,395480,E,0,0.87,0.84,5,U,-44,9.50"
2026-07-11T14:04:37.994+00:00,/dev/cu.usbserial-576B0005451,"RX,987619,R35,TXA,N01,393,395626,B,1,0.20,0.18,5,F,-39,9.50"
2026-07-11T14:04:38.137+00:00,/dev/cu.usbserial-576B0005451,"RX,987762,R35,TXK,N151,197,395762,C,0,0.81,0.78,5,U,-48,10.00"
2026-07-11T14:04:38.745+00:00,/dev/cu.usbserial-576B0005451,"RX,988371,R35,TXC,N31,97,396381,G,1,0.93,0.90,5,U,-44,9.50"
2026-07-11T14:04:38.993+00:00,/dev/cu.usbserial-576B0005451,"RX,988619,R35,TXA,N01,394,396626,C,0,0.81,0.78,5,F,-39,9.50"
2026-07-11T14:04:39.261+00:00,/dev/cu.usbserial-576B0005451,"RX,988886,R35,TXB,N16,196,396892,A,1,0.75,0.72,5,U,-51,9.50"
2026-07-11T14:04:39.743+00:00,/dev/cu.usbserial-576B0005451,"RX,989369,R35,TXE,N61,194,397381,E,0,0.87,0.84,5,U,-56,9.50"
2026-07-11T14:04:39.848+00:00,/dev/cu.usbserial-576B0005451,"RX,989475,R35,TXI,N121,97,397480,G,1,0.93,0.90,5,U,-44,9.75"
2026-07-11T14:04:39.994+00:00,/dev/cu.usbserial-576B0005451,"RX,989619,R35,TXA,N01,395,397626,D,1,0.24,0.22,5,F,-38,9.75"
2026-07-11T14:04:40.136+00:00,/dev/cu.usbserial-576B0005451,"RX,989762,R35,TXK,N151,198,397762,E,1,0.87,0.84,5,U,-48,9.75"
2026-07-11T14:04:40.992+00:00,/dev/cu.usbserial-576B0005451,"RX,990619,R35,TXA,N01,396,398626,E,1,0.87,0.84,5,F,-39,10.25"
2026-07-11T14:04:41.260+00:00,/dev/cu.usbserial-576B0005451,"RX,990886,R35,TXB,N16,197,398892,C,0,0.81,0.78,5,U,-50,9.75"
2026-07-11T14:04:41.742+00:00,/dev/cu.usbserial-576B0005451,"RX,991369,R35,TXE,N61,195,399381,G,1,0.93,0.90,5,U,-56,9.50"
2026-07-11T14:04:41.992+00:00,/dev/cu.usbserial-576B0005451,"RX,991619,R35,TXA,N01,397,399626,F,0,0.28,0.26,5,F,-39,9.75"
2026-07-11T14:04:42.283+00:00,/dev/cu.usbserial-576B0005451,"RX,991911,R35,TXL,N166,25,399916,G,1,0.93,0.90,5,U,-48,9.50"
2026-07-11T14:04:42.489+00:00,/dev/cu.usbserial-576B0005451,"RX,992117,R35,TXF,N76,98,400130,E,1,0.87,0.84,5,U,-46,9.50"
2026-07-11T14:04:42.794+00:00,/dev/cu.usbserial-576B0005451,"RX,992422,R35,TXD,N46,49,400430,G,1,0.93,0.90,5,U,-45,10.25"
2026-07-11T14:04:42.991+00:00,/dev/cu.usbserial-576B0005451,"RX,992619,R35,TXA,N01,398,400626,G,1,0.93,0.90,5,F,-38,9.75"
2026-07-11T14:04:43.258+00:00,/dev/cu.usbserial-576B0005451,"RX,992886,R35,TXB,N16,198,400892,E,1,0.87,0.84,5,U,-50,9.75"
2026-07-11T14:04:43.438+00:00,/dev/cu.usbserial-576B0005451,"RX,993067,R35,TXG,N91,48,401079,G,1,0.93,0.90,5,U,-50,9.50"
2026-07-11T14:04:43.741+00:00,/dev/cu.usbserial-576B0005451,"RX,993369,R35,TXE,N61,196,401381,A,1,0.75,0.72,5,U,-56,9.75"
2026-07-11T14:04:43.991+00:00,/dev/cu.usbserial-576B0005451,"RX,993619,R35,TXA,N01,399,401626,H,1,0.32,0.30,5,F,-39,9.25"
2026-07-11T14:04:44.134+00:00,/dev/cu.usbserial-576B0005451,"RX,993762,R35,TXK,N151,200,401762,A,0,0.75,0.72,5,U,-48,9.25"
2026-07-11T14:04:44.488+00:00,/dev/cu.usbserial-576B0005451,"RX,994117,R35,TXF,N76,99,402130,G,1,0.93,0.90,5,U,-46,9.50"
2026-07-11T14:04:44.646+00:00,/dev/cu.usbserial-576B0005451,"RX,994275,R35,TXJ,N136,48,402279,G,1,0.93,0.90,5,U,-43,9.25"
2026-07-11T14:04:44.742+00:00,/dev/cu.usbserial-576B0005451,"RX,994371,R35,TXC,N31,98,402381,E,1,0.87,0.84,5,U,-45,9.50"
2026-07-11T14:04:44.991+00:00,/dev/cu.usbserial-576B0005451,"RX,994619,R35,TXA,N01,400,402626,A,0,0.75,0.72,5,F,-38,10.00"
2026-07-11T14:04:45.258+00:00,/dev/cu.usbserial-576B0005451,"RX,994886,R35,TXB,N16,199,402892,G,1,0.93,0.90,5,U,-50,10.00"
2026-07-11T14:04:45.740+00:00,/dev/cu.usbserial-576B0005451,"RX,995369,R35,TXE,N61,197,403381,C,0,0.81,0.78,5,U,-56,9.50"
2026-07-11T14:04:45.846+00:00,/dev/cu.usbserial-576B0005451,"RX,995475,R35,TXI,N121,98,403480,E,1,0.87,0.84,5,U,-44,9.75"
2026-07-11T14:04:45.991+00:00,/dev/cu.usbserial-576B0005451,"RX,995619,R35,TXA,N01,401,403626,B,1,0.20,0.18,5,F,-39,9.75"
2026-07-11T14:04:46.134+00:00,/dev/cu.usbserial-576B0005451,"RX,995762,R35,TXK,N151,201,403762,C,1,0.81,0.78,5,U,-48,9.50"
2026-07-11T14:04:46.742+00:00,/dev/cu.usbserial-576B0005451,"RX,996371,R35,TXC,N31,99,404381,G,1,0.93,0.90,5,U,-44,9.75"
2026-07-11T14:04:46.990+00:00,/dev/cu.usbserial-576B0005451,"RX,996619,R35,TXA,N01,402,404626,C,1,0.81,0.78,5,F,-39,9.50"
2026-07-11T14:04:47.258+00:00,/dev/cu.usbserial-576B0005451,"RX,996886,R35,TXB,N16,200,404892,A,0,0.75,0.72,5,U,-50,10.25"
2026-07-11T14:04:47.740+00:00,/dev/cu.usbserial-576B0005451,"RX,997369,R35,TXE,N61,198,405381,E,1,0.87,0.84,5,U,-57,9.75"
2026-07-11T14:04:47.845+00:00,/dev/cu.usbserial-576B0005451,"RX,997475,R35,TXI,N121,99,405480,G,1,0.93,0.90,5,U,-44,9.75"
2026-07-11T14:04:47.990+00:00,/dev/cu.usbserial-576B0005451,"RX,997619,R35,TXA,N01,403,405626,D,0,0.24,0.22,5,F,-39,9.75"
2026-07-11T14:04:48.133+00:00,/dev/cu.usbserial-576B0005451,"RX,997762,R35,TXK,N151,202,405762,E,1,0.87,0.84,5,U,-48,9.75"
2026-07-11T14:04:48.990+00:00,/dev/cu.usbserial-576B0005451,"RX,998619,R35,TXA,N01,404,406626,E,1,0.87,0.84,5,F,-39,9.50"
2026-07-11T14:04:49.256+00:00,/dev/cu.usbserial-576B0005451,"RX,998886,R35,TXB,N16,201,406892,C,1,0.81,0.78,5,U,-50,10.00"
2026-07-11T14:04:49.739+00:00,/dev/cu.usbserial-576B0005451,"RX,999369,R35,TXE,N61,199,407381,G,1,0.93,0.90,5,U,-57,9.50"
2026-07-11T14:04:49.990+00:00,/dev/cu.usbserial-576B0005451,"RX,999619,R35,TXA,N01,405,407626,F,1,0.28,0.26,5,F,-39,10.25"
2026-07-11T14:04:50.280+00:00,/dev/cu.usbserial-576B0005451,"RX,999911,R35,TXL,N166,26,407916,G,0,0.93,0.90,5,U,-48,9.25"
2026-07-11T14:04:50.487+00:00,/dev/cu.usbserial-576B0005451,"RX,1000117,R35,TXF,N76,100,408130,E,1,0.87,0.84,5,U,-46,10.00"
2026-07-11T14:04:50.791+00:00,/dev/cu.usbserial-576B0005451,"RX,1000422,R35,TXD,N46,50,408430,G,0,0.93,0.90,5,U,-45,9.25"
2026-07-11T14:04:50.990+00:00,/dev/cu.usbserial-576B0005451,"RX,1000619,R35,TXA,N01,406,408626,G,0,0.93,0.90,5,F,-39,9.50"
2026-07-11T14:04:51.257+00:00,/dev/cu.usbserial-576B0005451,"RX,1000886,R35,TXB,N16,202,408892,E,1,0.87,0.84,5,U,-50,10.00"
2026-07-11T14:04:51.436+00:00,/dev/cu.usbserial-576B0005451,"RX,1001067,R35,TXG,N91,49,409079,G,1,0.93,0.90,5,U,-49,9.50"
2026-07-11T14:04:51.739+00:00,/dev/cu.usbserial-576B0005451,"RX,1001369,R35,TXE,N61,200,409381,A,0,0.75,0.72,5,U,-57,9.75"
2026-07-11T14:04:51.989+00:00,/dev/cu.usbserial-576B0005451,"RX,1001619,R35,TXA,N01,407,409626,H,1,0.32,0.30,5,F,-39,9.50"
2026-07-11T14:04:52.132+00:00,/dev/cu.usbserial-576B0005451,"RX,1001762,R35,TXK,N151,204,409762,A,1,0.75,0.72,5,U,-48,9.50"
2026-07-11T14:04:52.486+00:00,/dev/cu.usbserial-576B0005451,"RX,1002117,R35,TXF,N76,101,410130,G,0,0.93,0.90,5,U,-46,10.00"
2026-07-11T14:04:52.644+00:00,/dev/cu.usbserial-576B0005451,"RX,1002275,R35,TXJ,N136,49,410279,G,1,0.93,0.90,5,U,-44,9.75"
2026-07-11T14:04:52.740+00:00,/dev/cu.usbserial-576B0005451,"RX,1002371,R35,TXC,N31,100,410381,E,1,0.87,0.84,5,U,-44,9.75"
2026-07-11T14:04:52.989+00:00,/dev/cu.usbserial-576B0005451,"RX,1002619,R35,TXA,N01,408,410626,A,1,0.75,0.72,5,F,-39,10.00"
2026-07-11T14:04:53.256+00:00,/dev/cu.usbserial-576B0005451,"RX,1002886,R35,TXB,N16,203,410892,G,0,0.93,0.90,5,U,-50,9.75"
2026-07-11T14:04:53.738+00:00,/dev/cu.usbserial-576B0005451,"RX,1003369,R35,TXE,N61,201,411381,C,1,0.81,0.78,5,U,-57,9.50"
2026-07-11T14:04:53.849+00:00,/dev/cu.usbserial-576B0005451,"RX,1003480,R35,TXI,N121,100,411480,E,1,0.87,0.84,5,U,-44,9.50"
2026-07-11T14:04:53.989+00:00,/dev/cu.usbserial-576B0005451,"RX,1003619,R35,TXA,N01,409,411626,B,0,0.20,0.18,5,F,-39,9.50"
2026-07-11T14:04:54.131+00:00,/dev/cu.usbserial-576B0005451,"RX,1003762,R35,TXK,N151,205,411762,C,1,0.81,0.78,5,U,-49,9.50"
2026-07-11T14:04:54.740+00:00,/dev/cu.usbserial-576B0005451,"RX,1004371,R35,TXC,N31,101,412381,G,0,0.93,0.90,5,U,-44,9.50"
2026-07-11T14:04:54.989+00:00,/dev/cu.usbserial-576B0005451,"RX,1004619,R35,TXA,N01,410,412626,C,1,0.81,0.78,5,F,-38,9.75"
2026-07-11T14:04:55.255+00:00,/dev/cu.usbserial-576B0005451,"RX,1004886,R35,TXB,N16,204,412892,A,1,0.75,0.72,5,U,-50,9.50"
2026-07-11T14:04:55.738+00:00,/dev/cu.usbserial-576B0005451,"RX,1005369,R35,TXE,N61,202,413381,E,1,0.87,0.84,5,U,-56,9.75"
2026-07-11T14:04:55.848+00:00,/dev/cu.usbserial-576B0005451,"RX,1005480,R35,TXI,N121,101,413480,G,0,0.93,0.90,5,U,-44,10.25"
2026-07-11T14:04:55.988+00:00,/dev/cu.usbserial-576B0005451,"RX,1005619,R35,TXA,N01,411,413626,D,1,0.24,0.22,5,F,-38,10.25"
2026-07-11T14:04:56.131+00:00,/dev/cu.usbserial-576B0005451,"RX,1005762,R35,TXK,N151,206,413762,E,0,0.87,0.84,5,U,-48,9.50"
2026-07-11T14:04:56.988+00:00,/dev/cu.usbserial-576B0005451,"RX,1006619,R35,TXA,N01,412,414626,E,0,0.87,0.84,5,F,-39,10.00"
2026-07-11T14:04:57.255+00:00,/dev/cu.usbserial-576B0005451,"RX,1006886,R35,TXB,N16,205,414892,C,1,0.81,0.78,5,U,-50,9.50"
2026-07-11T14:04:57.737+00:00,/dev/cu.usbserial-576B0005451,"RX,1007369,R35,TXE,N61,203,415381,G,0,0.93,0.90,5,U,-56,9.75"
2026-07-11T14:04:57.988+00:00,/dev/cu.usbserial-576B0005451,"RX,1007619,R35,TXA,N01,413,415626,F,1,0.28,0.26,5,F,-39,9.50"
2026-07-11T14:04:58.279+00:00,/dev/cu.usbserial-576B0005451,"RX,1007911,R35,TXL,N166,27,415916,G,1,0.93,0.90,5,U,-48,9.25"
2026-07-11T14:04:58.485+00:00,/dev/cu.usbserial-576B0005451,"RX,1008117,R35,TXF,N76,102,416130,E,0,0.87,0.84,5,U,-46,9.75"
2026-07-11T14:04:58.790+00:00,/dev/cu.usbserial-576B0005451,"RX,1008422,R35,TXD,N46,51,416430,G,1,0.93,0.90,5,U,-45,9.50"
2026-07-11T14:04:58.988+00:00,/dev/cu.usbserial-576B0005451,"RX,1008619,R35,TXA,N01,414,416626,G,1,0.93,0.90,5,F,-39,10.00"
2026-07-11T14:04:59.255+00:00,/dev/cu.usbserial-576B0005451,"RX,1008886,R35,TXB,N16,206,416892,E,0,0.87,0.84,5,U,-50,9.75"
2026-07-11T14:04:59.435+00:00,/dev/cu.usbserial-576B0005451,"RX,1009067,R35,TXG,N91,50,417079,G,0,0.93,0.90,5,U,-50,9.25"
2026-07-11T14:04:59.737+00:00,/dev/cu.usbserial-576B0005451,"RX,1009369,R35,TXE,N61,204,417381,A,1,0.75,0.72,5,U,-56,9.75"
2026-07-11T14:04:59.988+00:00,/dev/cu.usbserial-576B0005451,"RX,1009619,R35,TXA,N01,415,417626,H,0,0.32,0.30,5,F,-39,9.75"
2026-07-11T14:05:00.130+00:00,/dev/cu.usbserial-576B0005451,"RX,1009762,R35,TXK,N151,208,417762,A,1,0.75,0.72,5,U,-48,9.75"
2026-07-11T14:05:00.484+00:00,/dev/cu.usbserial-576B0005451,"RX,1010117,R35,TXF,N76,103,418130,G,1,0.93,0.90,5,U,-46,9.75"
2026-07-11T14:05:00.643+00:00,/dev/cu.usbserial-576B0005451,"RX,1010275,R35,TXJ,N136,50,418279,G,0,0.93,0.90,5,U,-44,10.00"
2026-07-11T14:05:00.739+00:00,/dev/cu.usbserial-576B0005451,"RX,1010371,R35,TXC,N31,102,418381,E,0,0.87,0.84,5,U,-44,9.75"
2026-07-11T14:05:00.988+00:00,/dev/cu.usbserial-576B0005451,"RX,1010619,R35,TXA,N01,416,418626,A,1,0.75,0.72,5,F,-39,9.50"
2026-07-11T14:05:01.254+00:00,/dev/cu.usbserial-576B0005451,"RX,1010886,R35,TXB,N16,207,418892,G,1,0.93,0.90,5,U,-50,10.25"
2026-07-11T14:05:01.737+00:00,/dev/cu.usbserial-576B0005451,"RX,1011369,R35,TXE,N61,205,419381,C,1,0.81,0.78,5,U,-56,10.00"
2026-07-11T14:05:01.847+00:00,/dev/cu.usbserial-576B0005451,"RX,1011480,R35,TXI,N121,102,419480,E,0,0.87,0.84,5,U,-43,10.00"
2026-07-11T14:05:01.987+00:00,/dev/cu.usbserial-576B0005451,"RX,1011619,R35,TXA,N01,417,419626,B,1,0.20,0.18,5,F,-39,9.75"
2026-07-11T14:05:02.130+00:00,/dev/cu.usbserial-576B0005451,"RX,1011762,R35,TXK,N151,209,419762,C,0,0.81,0.78,5,U,-48,10.00"
2026-07-11T14:05:02.739+00:00,/dev/cu.usbserial-576B0005451,"RX,1012371,R35,TXC,N31,103,420381,G,1,0.93,0.90,5,U,-44,9.50"
2026-07-11T14:05:02.987+00:00,/dev/cu.usbserial-576B0005451,"RX,1012619,R35,TXA,N01,418,420626,C,0,0.81,0.78,5,F,-39,9.25"
2026-07-11T14:05:03.254+00:00,/dev/cu.usbserial-576B0005451,"RX,1012886,R35,TXB,N16,208,420892,A,1,0.75,0.72,5,U,-50,10.25"
2026-07-11T14:05:03.737+00:00,/dev/cu.usbserial-576B0005451,"RX,1013369,R35,TXE,N61,206,421381,E,0,0.87,0.84,5,U,-56,9.75"
2026-07-11T14:05:03.847+00:00,/dev/cu.usbserial-576B0005451,"RX,1013480,R35,TXI,N121,103,421480,G,1,0.93,0.90,5,U,-44,10.00"
2026-07-11T14:05:03.987+00:00,/dev/cu.usbserial-576B0005451,"RX,1013619,R35,TXA,N01,419,421626,D,1,0.24,0.22,5,F,-39,9.75"
2026-07-11T14:05:04.130+00:00,/dev/cu.usbserial-576B0005451,"RX,1013762,R35,TXK,N151,210,421762,E,1,0.87,0.84,5,U,-48,9.75"
2026-07-11T14:05:04.987+00:00,/dev/cu.usbserial-576B0005451,"RX,1014619,R35,TXA,N01,420,422626,E,1,0.87,0.84,5,F,-39,9.25"
2026-07-11T14:05:05.254+00:00,/dev/cu.usbserial-576B0005451,"RX,1014886,R35,TXB,N16,209,422892,C,0,0.81,0.78,5,U,-50,9.75"
2026-07-11T14:05:05.737+00:00,/dev/cu.usbserial-576B0005451,"RX,1015369,R35,TXE,N61,207,423381,G,1,0.93,0.90,5,U,-56,9.75"
2026-07-11T14:05:05.987+00:00,/dev/cu.usbserial-576B0005451,"RX,1015619,R35,TXA,N01,421,423626,F,0,0.28,0.26,5,F,-39,9.75"
2026-07-11T14:05:06.129+00:00,/dev/cu.usbserial-576B0005451,"RX,1015762,R35,TXK,N151,211,423762,G,1,0.93,0.90,5,U,-48,10.00"
2026-07-11T14:05:06.484+00:00,/dev/cu.usbserial-576B0005451,"RX,1016117,R35,TXF,N76,104,424130,E,1,0.87,0.84,5,U,-46,10.00"
2026-07-11T14:05:06.789+00:00,/dev/cu.usbserial-576B0005451,"RX,1016422,R35,TXD,N46,52,424430,G,1,0.93,0.90,5,U,-45,9.50"
2026-07-11T14:05:06.987+00:00,/dev/cu.usbserial-576B0005451,"RX,1016619,R35,TXA,N01,422,424626,G,1,0.93,0.90,5,F,-39,9.50"
2026-07-11T14:05:07.254+00:00,/dev/cu.usbserial-576B0005451,"RX,1016886,R35,TXB,N16,210,424892,E,1,0.87,0.84,5,U,-50,9.75"
2026-07-11T14:05:07.434+00:00,/dev/cu.usbserial-576B0005451,"RX,1017067,R35,TXG,N91,51,425079,G,1,0.93,0.90,5,U,-49,9.75"
2026-07-11T14:05:07.736+00:00,/dev/cu.usbserial-576B0005451,"RX,1017369,R35,TXE,N61,208,425381,A,1,0.75,0.72,5,U,-56,9.50"
2026-07-11T14:05:07.986+00:00,/dev/cu.usbserial-576B0005451,"RX,1017619,R35,TXA,N01,423,425626,H,1,0.32,0.30,5,F,-38,9.50"
2026-07-11T14:05:08.129+00:00,/dev/cu.usbserial-576B0005451,"RX,1017762,R35,TXK,N151,212,425762,A,0,0.75,0.72,5,U,-48,9.50"
2026-07-11T14:05:08.484+00:00,/dev/cu.usbserial-576B0005451,"RX,1018117,R35,TXF,N76,105,426130,G,1,0.93,0.90,5,U,-46,10.25"
2026-07-11T14:05:08.642+00:00,/dev/cu.usbserial-576B0005451,"RX,1018275,R35,TXJ,N136,51,426279,G,1,0.93,0.90,5,U,-44,11.75"
2026-07-11T14:05:08.738+00:00,/dev/cu.usbserial-576B0005451,"RX,1018371,R35,TXC,N31,104,426381,E,1,0.87,0.84,5,U,-45,9.50"
2026-07-11T14:05:08.987+00:00,/dev/cu.usbserial-576B0005451,"RX,1018619,R35,TXA,N01,424,426626,A,0,0.75,0.72,5,F,-39,9.75"
2026-07-11T14:05:09.253+00:00,/dev/cu.usbserial-576B0005451,"RX,1018886,R35,TXB,N16,211,426892,G,1,0.93,0.90,5,U,-50,10.25"
2026-07-11T14:05:09.736+00:00,/dev/cu.usbserial-576B0005451,"RX,1019369,R35,TXE,N61,209,427381,C,0,0.81,0.78,5,U,-57,9.75"
2026-07-11T14:05:09.847+00:00,/dev/cu.usbserial-576B0005451,"RX,1019480,R35,TXI,N121,104,427480,E,1,0.87,0.84,5,U,-44,9.75"
2026-07-11T14:05:09.987+00:00,/dev/cu.usbserial-576B0005451,"RX,1019619,R35,TXA,N01,425,427626,B,1,0.20,0.18,5,F,-38,10.25"
2026-07-11T14:05:10.130+00:00,/dev/cu.usbserial-576B0005451,"RX,1019762,R35,TXK,N151,213,427762,C,1,0.81,0.78,5,U,-48,9.50"
2026-07-11T14:05:10.738+00:00,/dev/cu.usbserial-576B0005451,"RX,1020371,R35,TXC,N31,105,428381,G,1,0.93,0.90,5,U,-44,9.50"
2026-07-11T14:05:10.986+00:00,/dev/cu.usbserial-576B0005451,"RX,1020619,R35,TXA,N01,426,428626,C,1,0.81,0.78,5,F,-38,9.50"
2026-07-11T14:05:11.253+00:00,/dev/cu.usbserial-576B0005451,"RX,1020886,R35,TXB,N16,212,428892,A,0,0.75,0.72,5,U,-50,9.50"
2026-07-11T14:05:11.736+00:00,/dev/cu.usbserial-576B0005451,"RX,1021369,R35,TXE,N61,210,429381,E,1,0.87,0.84,5,U,-57,9.75"
2026-07-11T14:05:11.847+00:00,/dev/cu.usbserial-576B0005451,"RX,1021480,R35,TXI,N121,105,429480,G,1,0.93,0.90,5,U,-44,9.50"
2026-07-11T14:05:11.986+00:00,/dev/cu.usbserial-576B0005451,"RX,1021619,R35,TXA,N01,427,429626,D,0,0.24,0.22,5,F,-39,10.00"
2026-07-11T14:05:12.129+00:00,/dev/cu.usbserial-576B0005451,"RX,1021762,R35,TXK,N151,214,429762,E,1,0.87,0.84,5,U,-48,9.75"
2026-07-11T14:05:12.987+00:00,/dev/cu.usbserial-576B0005451,"RX,1022619,R35,TXA,N01,428,430626,E,1,0.87,0.84,5,F,-39,9.75"
2026-07-11T14:05:13.253+00:00,/dev/cu.usbserial-576B0005451,"RX,1022886,R35,TXB,N16,213,430892,C,1,0.81,0.78,5,U,-50,9.50"
2026-07-11T14:05:13.736+00:00,/dev/cu.usbserial-576B0005451,"RX,1023369,R35,TXE,N61,211,431381,G,1,0.93,0.90,5,U,-57,9.50"
2026-07-11T14:05:13.986+00:00,/dev/cu.usbserial-576B0005451,"RX,1023619,R35,TXA,N01,429,431626,F,1,0.28,0.26,5,F,-38,10.00"
2026-07-11T14:05:14.129+00:00,/dev/cu.usbserial-576B0005451,"RX,1023762,R35,TXK,N151,215,431762,G,0,0.93,0.90,5,U,-48,10.00"
2026-07-11T14:05:14.483+00:00,/dev/cu.usbserial-576B0005451,"RX,1024117,R35,TXF,N76,106,432130,E,1,0.87,0.84,5,U,-46,10.00"
2026-07-11T14:05:14.788+00:00,/dev/cu.usbserial-576B0005451,"RX,1024422,R35,TXD,N46,53,432430,G,0,0.93,0.90,5,U,-45,10.00"
2026-07-11T14:05:14.986+00:00,/dev/cu.usbserial-576B0005451,"RX,1024619,R35,TXA,N01,430,432626,G,0,0.93,0.90,5,F,-39,9.75"
2026-07-11T14:05:15.253+00:00,/dev/cu.usbserial-576B0005451,"RX,1024886,R35,TXB,N16,214,432892,E,1,0.87,0.84,5,U,-50,9.75"
2026-07-11T14:05:15.433+00:00,/dev/cu.usbserial-576B0005451,"RX,1025067,R35,TXG,N91,52,433079,G,1,0.93,0.90,5,U,-49,9.75"
2026-07-11T14:05:15.736+00:00,/dev/cu.usbserial-576B0005451,"RX,1025369,R35,TXE,N61,212,433381,A,0,0.75,0.72,5,U,-57,9.75"
2026-07-11T14:05:15.986+00:00,/dev/cu.usbserial-576B0005451,"RX,1025619,R35,TXA,N01,431,433626,H,1,0.32,0.30,5,F,-39,9.25"
2026-07-11T14:05:16.129+00:00,/dev/cu.usbserial-576B0005451,"RX,1025762,R35,TXK,N151,216,433762,A,1,0.75,0.72,5,U,-48,9.75"
2026-07-11T14:05:16.483+00:00,/dev/cu.usbserial-576B0005451,"RX,1026117,R35,TXF,N76,107,434130,G,0,0.93,0.90,5,U,-46,9.50"
2026-07-11T14:05:16.641+00:00,/dev/cu.usbserial-576B0005451,"RX,1026275,R35,TXJ,N136,52,434279,G,1,0.93,0.90,5,U,-43,10.00"
2026-07-11T14:05:16.738+00:00,/dev/cu.usbserial-576B0005451,"RX,1026371,R35,TXC,N31,106,434381,E,1,0.87,0.84,5,U,-45,9.25"
2026-07-11T14:05:16.986+00:00,/dev/cu.usbserial-576B0005451,"RX,1026619,R35,TXA,N01,432,434626,A,1,0.75,0.72,5,F,-39,9.75"
2026-07-11T14:05:17.253+00:00,/dev/cu.usbserial-576B0005451,"RX,1026886,R35,TXB,N16,215,434892,G,0,0.93,0.90,5,U,-50,10.00"
2026-07-11T14:05:17.736+00:00,/dev/cu.usbserial-576B0005451,"RX,1027369,R35,TXE,N61,213,435381,C,1,0.81,0.78,5,U,-56,9.75"
2026-07-11T14:05:17.846+00:00,/dev/cu.usbserial-576B0005451,"RX,1027480,R35,TXI,N121,106,435480,E,1,0.87,0.84,5,U,-44,9.75"
2026-07-11T14:05:17.986+00:00,/dev/cu.usbserial-576B0005451,"RX,1027619,R35,TXA,N01,433,435626,B,0,0.20,0.18,5,F,-38,9.50"
2026-07-11T14:05:18.128+00:00,/dev/cu.usbserial-576B0005451,"RX,1027762,R35,TXK,N151,217,435762,C,1,0.81,0.78,5,U,-48,10.00"
2026-07-11T14:05:18.737+00:00,/dev/cu.usbserial-576B0005451,"RX,1028371,R35,TXC,N31,107,436381,G,0,0.93,0.90,5,U,-45,9.50"
2026-07-11T14:05:18.986+00:00,/dev/cu.usbserial-576B0005451,"RX,1028619,R35,TXA,N01,434,436626,C,1,0.81,0.78,5,F,-39,9.50"
2026-07-11T14:05:19.253+00:00,/dev/cu.usbserial-576B0005451,"RX,1028886,R35,TXB,N16,216,436892,A,1,0.75,0.72,5,U,-51,10.00"
2026-07-11T14:05:19.736+00:00,/dev/cu.usbserial-576B0005451,"RX,1029369,R35,TXE,N61,214,437381,E,1,0.87,0.84,5,U,-56,9.75"
2026-07-11T14:05:19.846+00:00,/dev/cu.usbserial-576B0005451,"RX,1029480,R35,TXI,N121,107,437480,G,0,0.93,0.90,5,U,-44,9.75"
2026-07-11T14:05:19.986+00:00,/dev/cu.usbserial-576B0005451,"RX,1029619,R35,TXA,N01,435,437626,D,1,0.24,0.22,5,F,-38,10.00"
2026-07-11T14:05:20.129+00:00,/dev/cu.usbserial-576B0005451,"RX,1029762,R35,TXK,N151,218,437762,E,0,0.87,0.84,5,U,-48,9.50"
2026-07-11T14:05:20.986+00:00,/dev/cu.usbserial-576B0005451,"RX,1030619,R35,TXA,N01,436,438626,E,0,0.87,0.84,5,F,-39,9.75"
2026-07-11T14:05:21.253+00:00,/dev/cu.usbserial-576B0005451,"RX,1030886,R35,TXB,N16,217,438892,C,1,0.81,0.78,5,U,-51,9.75"
2026-07-11T14:05:21.735+00:00,/dev/cu.usbserial-576B0005451,"RX,1031369,R35,TXE,N61,215,439381,G,0,0.93,0.90,5,U,-56,9.50"
2026-07-11T14:05:21.986+00:00,/dev/cu.usbserial-576B0005451,"RX,1031619,R35,TXA,N01,437,439626,F,1,0.28,0.26,5,F,-39,9.50"
2026-07-11T14:05:22.128+00:00,/dev/cu.usbserial-576B0005451,"RX,1031762,R35,TXK,N151,219,439762,G,1,0.93,0.90,5,U,-48,9.75"
2026-07-11T14:05:22.483+00:00,/dev/cu.usbserial-576B0005451,"RX,1032117,R35,TXF,N76,108,440130,E,0,0.87,0.84,5,U,-45,10.25"
2026-07-11T14:05:22.788+00:00,/dev/cu.usbserial-576B0005451,"RX,1032422,R35,TXD,N46,54,440430,G,1,0.93,0.90,5,U,-45,9.50"
2026-07-11T14:05:22.986+00:00,/dev/cu.usbserial-576B0005451,"RX,1032619,R35,TXA,N01,438,440626,G,1,0.93,0.90,5,F,-38,10.50"
2026-07-11T14:05:23.253+00:00,/dev/cu.usbserial-576B0005451,"RX,1032886,R35,TXB,N16,218,440892,E,0,0.87,0.84,5,U,-50,9.75"
2026-07-11T14:05:23.433+00:00,/dev/cu.usbserial-576B0005451,"RX,1033067,R35,TXG,N91,53,441079,G,0,0.93,0.90,5,U,-50,9.75"
2026-07-11T14:05:23.735+00:00,/dev/cu.usbserial-576B0005451,"RX,1033369,R35,TXE,N61,216,441381,A,1,0.75,0.72,5,U,-56,9.75"
2026-07-11T14:05:23.986+00:00,/dev/cu.usbserial-576B0005451,"RX,1033619,R35,TXA,N01,439,441626,H,0,0.32,0.30,5,F,-39,9.50"
2026-07-11T14:05:24.129+00:00,/dev/cu.usbserial-576B0005451,"RX,1033762,R35,TXK,N151,220,441762,A,1,0.75,0.72,5,U,-49,9.75"
2026-07-11T14:05:24.483+00:00,/dev/cu.usbserial-576B0005451,"RX,1034117,R35,TXF,N76,109,442130,G,1,0.93,0.90,5,U,-46,9.50"
2026-07-11T14:05:24.641+00:00,/dev/cu.usbserial-576B0005451,"RX,1034275,R35,TXJ,N136,53,442279,G,0,0.93,0.90,5,U,-44,9.75"
2026-07-11T14:05:24.737+00:00,/dev/cu.usbserial-576B0005451,"RX,1034371,R35,TXC,N31,108,442381,E,0,0.87,0.84,5,U,-44,10.00"
2026-07-11T14:05:24.986+00:00,/dev/cu.usbserial-576B0005451,"RX,1034619,R35,TXA,N01,440,442626,A,1,0.75,0.72,5,F,-39,10.00"
2026-07-11T14:05:25.253+00:00,/dev/cu.usbserial-576B0005451,"RX,1034886,R35,TXB,N16,219,442892,G,1,0.93,0.90,5,U,-51,10.25"
2026-07-11T14:05:25.735+00:00,/dev/cu.usbserial-576B0005451,"RX,1035369,R35,TXE,N61,217,443381,C,1,0.81,0.78,5,U,-56,9.50"
2026-07-11T14:05:25.846+00:00,/dev/cu.usbserial-576B0005451,"RX,1035480,R35,TXI,N121,108,443480,E,0,0.87,0.84,5,U,-44,10.00"
2026-07-11T14:05:25.986+00:00,/dev/cu.usbserial-576B0005451,"RX,1035619,R35,TXA,N01,441,443626,B,1,0.20,0.18,5,F,-39,10.00"
2026-07-11T14:05:26.129+00:00,/dev/cu.usbserial-576B0005451,"RX,1035762,R35,TXK,N151,221,443762,C,0,0.81,0.78,5,U,-48,9.75"
2026-07-11T14:05:26.737+00:00,/dev/cu.usbserial-576B0005451,"RX,1036371,R35,TXC,N31,109,444381,G,1,0.93,0.90,5,U,-44,9.25"
2026-07-11T14:05:26.985+00:00,/dev/cu.usbserial-576B0005451,"RX,1036619,R35,TXA,N01,442,444626,C,0,0.81,0.78,5,F,-39,9.25"
2026-07-11T14:05:27.252+00:00,/dev/cu.usbserial-576B0005451,"RX,1036886,R35,TXB,N16,220,444892,A,1,0.75,0.72,5,U,-50,9.75"
2026-07-11T14:05:27.735+00:00,/dev/cu.usbserial-576B0005451,"RX,1037369,R35,TXE,N61,218,445381,E,0,0.87,0.84,5,U,-56,9.25"
2026-07-11T14:05:27.846+00:00,/dev/cu.usbserial-576B0005451,"RX,1037480,R35,TXI,N121,109,445480,G,1,0.93,0.90,5,U,-44,9.75"
2026-07-11T14:05:27.986+00:00,/dev/cu.usbserial-576B0005451,"RX,1037619,R35,TXA,N01,443,445626,D,1,0.24,0.22,5,F,-38,10.00"
2026-07-11T14:05:28.128+00:00,/dev/cu.usbserial-576B0005451,"RX,1037762,R35,TXK,N151,222,445762,E,1,0.87,0.84,5,U,-49,9.50"
2026-07-11T14:05:28.986+00:00,/dev/cu.usbserial-576B0005451,"RX,1038619,R35,TXA,N01,444,446626,E,1,0.87,0.84,5,F,-39,9.75"
2026-07-11T14:05:29.252+00:00,/dev/cu.usbserial-576B0005451,"RX,1038886,R35,TXB,N16,221,446892,C,0,0.81,0.78,5,U,-50,9.75"
2026-07-11T14:05:29.735+00:00,/dev/cu.usbserial-576B0005451,"RX,1039369,R35,TXE,N61,219,447381,G,1,0.93,0.90,5,U,-57,9.50"
2026-07-11T14:05:29.985+00:00,/dev/cu.usbserial-576B0005451,"RX,1039619,R35,TXA,N01,445,447626,F,0,0.28,0.26,5,F,-38,10.00"
2026-07-11T14:05:30.128+00:00,/dev/cu.usbserial-576B0005451,"RX,1039762,R35,TXK,N151,223,447762,G,1,0.93,0.90,5,U,-48,9.75"
2026-07-11T14:05:30.483+00:00,/dev/cu.usbserial-576B0005451,"RX,1040117,R35,TXF,N76,110,448130,E,1,0.87,0.84,5,U,-46,9.75"
2026-07-11T14:05:30.787+00:00,/dev/cu.usbserial-576B0005451,"RX,1040422,R35,TXD,N46,55,448430,G,1,0.93,0.90,5,U,-45,9.75"
2026-07-11T14:05:30.986+00:00,/dev/cu.usbserial-576B0005451,"RX,1040619,R35,TXA,N01,446,448626,G,1,0.93,0.90,5,F,-39,9.50"
2026-07-11T14:05:31.252+00:00,/dev/cu.usbserial-576B0005451,"RX,1040886,R35,TXB,N16,222,448892,E,1,0.87,0.84,5,U,-50,10.00"
2026-07-11T14:05:31.432+00:00,/dev/cu.usbserial-576B0005451,"RX,1041067,R35,TXG,N91,54,449079,G,1,0.93,0.90,5,U,-50,9.25"
2026-07-11T14:05:31.735+00:00,/dev/cu.usbserial-576B0005451,"RX,1041369,R35,TXE,N61,220,449381,A,1,0.75,0.72,5,U,-56,10.00"
2026-07-11T14:05:31.986+00:00,/dev/cu.usbserial-576B0005451,"RX,1041619,R35,TXA,N01,447,449626,H,1,0.32,0.30,5,F,-39,10.00"
2026-07-11T14:05:32.128+00:00,/dev/cu.usbserial-576B0005451,"RX,1041762,R35,TXK,N151,224,449762,A,1,0.75,0.72,5,U,-48,9.75"
2026-07-11T14:05:32.483+00:00,/dev/cu.usbserial-576B0005451,"RX,1042117,R35,TXF,N76,111,450130,G,1,0.93,0.90,5,U,-46,9.75"
2026-07-11T14:05:32.641+00:00,/dev/cu.usbserial-576B0005451,"RX,1042275,R35,TXJ,N136,54,450279,G,1,0.93,0.90,5,U,-44,9.75"
2026-07-11T14:05:32.737+00:00,/dev/cu.usbserial-576B0005451,"RX,1042371,R35,TXC,N31,110,450381,E,1,0.87,0.84,5,U,-44,10.25"
2026-07-11T14:05:32.986+00:00,/dev/cu.usbserial-576B0005451,"RX,1042619,R35,TXA,N01,448,450626,A,1,0.75,0.72,5,F,-38,9.75"
2026-07-11T14:05:33.253+00:00,/dev/cu.usbserial-576B0005451,"RX,1042886,R35,TXB,N16,223,450892,G,1,0.93,0.90,5,U,-50,10.00"
2026-07-11T14:05:33.735+00:00,/dev/cu.usbserial-576B0005451,"RX,1043369,R35,TXE,N61,221,451381,C,0,0.81,0.78,5,U,-56,10.00"
2026-07-11T14:05:33.846+00:00,/dev/cu.usbserial-576B0005451,"RX,1043480,R35,TXI,N121,110,451480,E,1,0.87,0.84,5,U,-44,9.50"
2026-07-11T14:05:33.986+00:00,/dev/cu.usbserial-576B0005451,"RX,1043619,R35,TXA,N01,449,451626,B,0,0.20,0.18,5,F,-38,10.25"
2026-07-11T14:05:34.128+00:00,/dev/cu.usbserial-576B0005451,"RX,1043762,R35,TXK,N151,225,451762,C,1,0.81,0.78,5,U,-49,10.25"
2026-07-11T14:05:34.737+00:00,/dev/cu.usbserial-576B0005451,"RX,1044371,R35,TXC,N31,111,452381,G,1,0.93,0.90,5,U,-44,9.75"
2026-07-11T14:05:34.986+00:00,/dev/cu.usbserial-576B0005451,"RX,1044619,R35,TXA,N01,450,452626,C,1,0.81,0.78,5,F,-39,9.50"
2026-07-11T14:05:35.252+00:00,/dev/cu.usbserial-576B0005451,"RX,1044886,R35,TXB,N16,224,452892,A,1,0.75,0.72,5,U,-50,9.75"
2026-07-11T14:05:35.735+00:00,/dev/cu.usbserial-576B0005451,"RX,1045369,R35,TXE,N61,222,453381,E,1,0.87,0.84,5,U,-57,9.75"
2026-07-11T14:05:35.846+00:00,/dev/cu.usbserial-576B0005451,"RX,1045480,R35,TXI,N121,111,453480,G,1,0.93,0.90,5,U,-44,10.25"
2026-07-11T14:05:35.985+00:00,/dev/cu.usbserial-576B0005451,"RX,1045619,R35,TXA,N01,451,453626,D,1,0.24,0.22,5,F,-39,10.00"
2026-07-11T14:05:36.128+00:00,/dev/cu.usbserial-576B0005451,"RX,1045762,R35,TXK,N151,226,453762,E,0,0.87,0.84,5,U,-48,9.75"
2026-07-11T14:05:36.986+00:00,/dev/cu.usbserial-576B0005451,"RX,1046619,R35,TXA,N01,452,454626,E,0,0.87,0.84,5,F,-38,10.25"
2026-07-11T14:05:37.253+00:00,/dev/cu.usbserial-576B0005451,"RX,1046886,R35,TXB,N16,225,454892,C,1,0.81,0.78,5,U,-50,10.00"
2026-07-11T14:05:37.735+00:00,/dev/cu.usbserial-576B0005451,"RX,1047369,R35,TXE,N61,223,455381,G,1,0.93,0.90,5,U,-57,9.25"
2026-07-11T14:05:37.985+00:00,/dev/cu.usbserial-576B0005451,"RX,1047619,R35,TXA,N01,453,455626,F,1,0.28,0.26,5,F,-39,9.50"
2026-07-11T14:05:38.276+00:00,/dev/cu.usbserial-576B0005451,"RX,1047910,R35,TXL,N166,28,455916,G,1,0.93,0.90,5,U,-48,9.75"
2026-07-11T14:05:38.483+00:00,/dev/cu.usbserial-576B0005451,"RX,1048117,R35,TXF,N76,112,456130,E,0,0.87,0.84,5,U,-46,9.75"
2026-07-11T14:05:38.787+00:00,/dev/cu.usbserial-576B0005451,"RX,1048422,R35,TXD,N46,56,456430,G,1,0.93,0.90,5,U,-44,9.50"
2026-07-11T14:05:38.985+00:00,/dev/cu.usbserial-576B0005451,"RX,1048619,R35,TXA,N01,454,456626,G,1,0.93,0.90,5,F,-39,9.75"
2026-07-11T14:05:39.253+00:00,/dev/cu.usbserial-576B0005451,"RX,1048886,R35,TXB,N16,226,456892,E,0,0.87,0.84,5,U,-51,10.25"
2026-07-11T14:05:39.432+00:00,/dev/cu.usbserial-576B0005451,"RX,1049067,R35,TXG,N91,55,457079,G,1,0.93,0.90,5,U,-50,9.50"
2026-07-11T14:05:39.735+00:00,/dev/cu.usbserial-576B0005451,"RX,1049369,R35,TXE,N61,224,457381,A,1,0.75,0.72,5,U,-56,9.75"
2026-07-11T14:05:39.985+00:00,/dev/cu.usbserial-576B0005451,"RX,1049619,R35,TXA,N01,455,457626,H,0,0.32,0.30,5,F,-39,9.25"
2026-07-11T14:05:40.128+00:00,/dev/cu.usbserial-576B0005451,"RX,1049762,R35,TXK,N151,228,457762,A,1,0.75,0.72,5,U,-48,9.75"
2026-07-11T14:05:40.482+00:00,/dev/cu.usbserial-576B0005451,"RX,1050117,R35,TXF,N76,113,458130,G,1,0.93,0.90,5,U,-46,9.25"
2026-07-11T14:05:40.641+00:00,/dev/cu.usbserial-576B0005451,"RX,1050275,R35,TXJ,N136,55,458279,G,1,0.93,0.90,5,U,-44,9.50"
2026-07-11T14:05:40.737+00:00,/dev/cu.usbserial-576B0005451,"RX,1050371,R35,TXC,N31,112,458381,E,0,0.87,0.84,5,U,-44,9.75"
2026-07-11T14:05:40.985+00:00,/dev/cu.usbserial-576B0005451,"RX,1050619,R35,TXA,N01,456,458626,A,1,0.75,0.72,5,F,-38,10.00"
2026-07-11T14:05:41.253+00:00,/dev/cu.usbserial-576B0005451,"RX,1050886,R35,TXB,N16,227,458892,G,1,0.93,0.90,5,U,-51,9.75"
2026-07-11T14:05:41.735+00:00,/dev/cu.usbserial-576B0005451,"RX,1051369,R35,TXE,N61,225,459381,C,1,0.81,0.78,5,U,-56,9.75"
2026-07-11T14:05:41.986+00:00,/dev/cu.usbserial-576B0005451,"RX,1051619,R35,TXA,N01,457,459626,B,1,0.20,0.18,5,F,-38,9.75"
2026-07-11T14:05:42.128+00:00,/dev/cu.usbserial-576B0005451,"RX,1051762,R35,TXK,N151,229,459762,C,0,0.81,0.78,5,U,-48,9.50"
2026-07-11T14:05:42.737+00:00,/dev/cu.usbserial-576B0005451,"RX,1052371,R35,TXC,N31,113,460381,G,1,0.93,0.90,5,U,-44,9.75"
2026-07-11T14:05:42.985+00:00,/dev/cu.usbserial-576B0005451,"RX,1052620,R35,TXA,N01,458,460626,C,0,0.81,0.78,5,F,-39,10.25"
2026-07-11T14:05:43.252+00:00,/dev/cu.usbserial-576B0005451,"RX,1052886,R35,TXB,N16,228,460892,A,1,0.75,0.72,5,U,-50,10.00"
2026-07-11T14:05:43.735+00:00,/dev/cu.usbserial-576B0005451,"RX,1053369,R35,TXE,N61,226,461381,E,0,0.87,0.84,5,U,-56,9.25"
2026-07-11T14:05:43.845+00:00,/dev/cu.usbserial-576B0005451,"RX,1053480,R35,TXI,N121,113,461480,G,1,0.93,0.90,5,U,-44,10.25"
2026-07-11T14:05:43.985+00:00,/dev/cu.usbserial-576B0005451,"RX,1053619,R35,TXA,N01,459,461626,D,1,0.24,0.22,5,F,-39,9.75"
2026-07-11T14:05:44.128+00:00,/dev/cu.usbserial-576B0005451,"RX,1053762,R35,TXK,N151,230,461762,E,1,0.87,0.84,5,U,-48,9.75"
2026-07-11T14:05:44.986+00:00,/dev/cu.usbserial-576B0005451,"RX,1054620,R35,TXA,N01,460,462626,E,1,0.87,0.84,5,F,-39,9.75"
2026-07-11T14:05:45.252+00:00,/dev/cu.usbserial-576B0005451,"RX,1054886,R35,TXB,N16,229,462892,C,0,0.81,0.78,5,U,-51,9.75"
2026-07-11T14:05:45.735+00:00,/dev/cu.usbserial-576B0005451,"RX,1055369,R35,TXE,N61,227,463381,G,1,0.93,0.90,5,U,-57,9.50"
2026-07-11T14:05:45.985+00:00,/dev/cu.usbserial-576B0005451,"RX,1055619,R35,TXA,N01,461,463626,F,0,0.28,0.26,5,F,-39,9.75"
2026-07-11T14:05:46.276+00:00,/dev/cu.usbserial-576B0005451,"RX,1055911,R35,TXL,N166,29,463916,G,1,0.93,0.90,5,U,-48,9.25"
2026-07-11T14:05:46.482+00:00,/dev/cu.usbserial-576B0005451,"RX,1056117,R35,TXF,N76,114,464130,E,1,0.87,0.84,5,U,-46,9.50"
2026-07-11T14:05:46.787+00:00,/dev/cu.usbserial-576B0005451,"RX,1056422,R35,TXD,N46,57,464430,G,1,0.93,0.90,5,U,-45,9.25"
2026-07-11T14:05:46.985+00:00,/dev/cu.usbserial-576B0005451,"RX,1056619,R35,TXA,N01,462,464626,G,1,0.93,0.90,5,F,-39,9.25"
2026-07-11T14:05:47.253+00:00,/dev/cu.usbserial-576B0005451,"RX,1056886,R35,TXB,N16,230,464892,E,1,0.87,0.84,5,U,-51,9.50"
2026-07-11T14:05:47.432+00:00,/dev/cu.usbserial-576B0005451,"RX,1057067,R35,TXG,N91,56,465079,G,1,0.93,0.90,5,U,-50,12.25"
2026-07-11T14:05:47.735+00:00,/dev/cu.usbserial-576B0005451,"RX,1057369,R35,TXE,N61,228,465381,A,1,0.75,0.72,5,U,-57,10.00"
2026-07-11T14:05:47.985+00:00,/dev/cu.usbserial-576B0005451,"RX,1057620,R35,TXA,N01,463,465626,H,1,0.32,0.30,5,F,-39,9.75"
2026-07-11T14:05:48.128+00:00,/dev/cu.usbserial-576B0005451,"RX,1057762,R35,TXK,N151,232,465762,A,0,0.75,0.72,5,U,-48,9.75"
2026-07-11T14:05:48.482+00:00,/dev/cu.usbserial-576B0005451,"RX,1058117,R35,TXF,N76,115,466130,G,1,0.93,0.90,5,U,-46,10.00"
2026-07-11T14:05:48.640+00:00,/dev/cu.usbserial-576B0005451,"RX,1058275,R35,TXJ,N136,56,466279,G,1,0.93,0.90,5,U,-44,10.00"
2026-07-11T14:05:48.736+00:00,/dev/cu.usbserial-576B0005451,"RX,1058371,R35,TXC,N31,114,466381,E,1,0.87,0.84,5,U,-44,9.75"
2026-07-11T14:05:48.986+00:00,/dev/cu.usbserial-576B0005451,"RX,1058619,R35,TXA,N01,464,466626,A,0,0.75,0.72,5,F,-38,10.00"
2026-07-11T14:05:49.252+00:00,/dev/cu.usbserial-576B0005451,"RX,1058886,R35,TXB,N16,231,466892,G,1,0.93,0.90,5,U,-50,9.75"
2026-07-11T14:05:49.735+00:00,/dev/cu.usbserial-576B0005451,"RX,1059369,R35,TXE,N61,229,467381,C,0,0.81,0.78,5,U,-57,9.50"
2026-07-11T14:05:49.845+00:00,/dev/cu.usbserial-576B0005451,"RX,1059480,R35,TXI,N121,114,467480,E,1,0.87,0.84,5,U,-44,9.50"
2026-07-11T14:05:49.985+00:00,/dev/cu.usbserial-576B0005451,"RX,1059620,R35,TXA,N01,465,467626,B,1,0.20,0.18,5,F,-39,9.75"
2026-07-11T14:05:50.128+00:00,/dev/cu.usbserial-576B0005451,"RX,1059762,R35,TXK,N151,233,467762,C,1,0.81,0.78,5,U,-48,9.75"
2026-07-11T14:05:50.736+00:00,/dev/cu.usbserial-576B0005451,"RX,1060371,R35,TXC,N31,115,468381,G,1,0.93,0.90,5,U,-45,9.25"
2026-07-11T14:05:50.985+00:00,/dev/cu.usbserial-576B0005451,"RX,1060619,R35,TXA,N01,466,468626,C,1,0.81,0.78,5,F,-39,9.50"
2026-07-11T14:05:51.252+00:00,/dev/cu.usbserial-576B0005451,"RX,1060886,R35,TXB,N16,232,468892,A,0,0.75,0.72,5,U,-50,10.00"
2026-07-11T14:05:51.735+00:00,/dev/cu.usbserial-576B0005451,"RX,1061370,R35,TXE,N61,230,469381,E,1,0.87,0.84,5,U,-56,9.75"
2026-07-11T14:05:51.845+00:00,/dev/cu.usbserial-576B0005451,"RX,1061480,R35,TXI,N121,115,469480,G,1,0.93,0.90,5,U,-44,10.00"
2026-07-11T14:05:51.985+00:00,/dev/cu.usbserial-576B0005451,"RX,1061620,R35,TXA,N01,467,469626,D,0,0.24,0.22,5,F,-39,10.00"
2026-07-11T14:05:52.128+00:00,/dev/cu.usbserial-576B0005451,"RX,1061762,R35,TXK,N151,234,469762,E,1,0.87,0.84,5,U,-49,10.00"
2026-07-11T14:05:52.986+00:00,/dev/cu.usbserial-576B0005451,"RX,1062619,R35,TXA,N01,468,470626,E,1,0.87,0.84,5,F,-39,9.75"
2026-07-11T14:05:53.735+00:00,/dev/cu.usbserial-576B0005451,"RX,1063369,R35,TXE,N61,231,471381,G,1,0.93,0.90,5,U,-55,9.50"
2026-07-11T14:05:53.985+00:00,/dev/cu.usbserial-576B0005451,"RX,1063620,R35,TXA,N01,469,471626,F,1,0.28,0.26,5,F,-39,9.50"
2026-07-11T14:05:54.276+00:00,/dev/cu.usbserial-576B0005451,"RX,1063910,R35,TXL,N166,30,471916,G,0,0.93,0.90,5,U,-48,9.75"
2026-07-11T14:05:54.482+00:00,/dev/cu.usbserial-576B0005451,"RX,1064117,R35,TXF,N76,116,472130,E,1,0.87,0.84,5,U,-46,10.00"
2026-07-11T14:05:54.787+00:00,/dev/cu.usbserial-576B0005451,"RX,1064422,R35,TXD,N46,58,472430,G,0,0.93,0.90,5,U,-45,9.50"
2026-07-11T14:05:54.985+00:00,/dev/cu.usbserial-576B0005451,"RX,1064620,R35,TXA,N01,470,472626,G,0,0.93,0.90,5,F,-39,10.25"
2026-07-11T14:05:55.252+00:00,/dev/cu.usbserial-576B0005451,"RX,1064886,R35,TXB,N16,234,472892,E,1,0.87,0.84,5,U,-51,10.25"
2026-07-11T14:05:55.432+00:00,/dev/cu.usbserial-576B0005451,"RX,1065067,R35,TXG,N91,57,473079,G,1,0.93,0.90,5,U,-50,9.50"
2026-07-11T14:05:55.735+00:00,/dev/cu.usbserial-576B0005451,"RX,1065369,R35,TXE,N61,232,473381,A,0,0.75,0.72,5,U,-55,9.75"
2026-07-11T14:05:55.985+00:00,/dev/cu.usbserial-576B0005451,"RX,1065620,R35,TXA,N01,471,473626,H,1,0.32,0.30,5,F,-39,9.50"
2026-07-11T14:05:56.128+00:00,/dev/cu.usbserial-576B0005451,"RX,1065762,R35,TXK,N151,236,473762,A,1,0.75,0.72,5,U,-48,10.00"
2026-07-11T14:05:56.640+00:00,/dev/cu.usbserial-576B0005451,"RX,1066275,R35,TXJ,N136,57,474279,G,1,0.93,0.90,5,U,-44,10.25"
2026-07-11T14:05:56.736+00:00,/dev/cu.usbserial-576B0005451,"RX,1066371,R35,TXC,N31,116,474381,E,1,0.87,0.84,5,U,-44,9.75"
2026-07-11T14:05:56.985+00:00,/dev/cu.usbserial-576B0005451,"RX,1066619,R35,TXA,N01,472,474626,A,1,0.75,0.72,5,F,-39,9.75"
2026-07-11T14:05:57.252+00:00,/dev/cu.usbserial-576B0005451,"RX,1066886,R35,TXB,N16,235,474892,G,0,0.93,0.90,5,U,-50,9.75"
2026-07-11T14:05:57.735+00:00,/dev/cu.usbserial-576B0005451,"RX,1067369,R35,TXE,N61,233,475381,C,1,0.81,0.78,5,U,-55,9.75"
2026-07-11T14:05:57.845+00:00,/dev/cu.usbserial-576B0005451,"RX,1067480,R35,TXI,N121,116,475480,E,1,0.87,0.84,5,U,-43,9.75"
2026-07-11T14:05:57.985+00:00,/dev/cu.usbserial-576B0005451,"RX,1067620,R35,TXA,N01,473,475626,B,0,0.20,0.18,5,F,-39,9.75"
2026-07-11T14:05:58.128+00:00,/dev/cu.usbserial-576B0005451,"RX,1067762,R35,TXK,N151,237,475762,C,1,0.81,0.78,5,U,-49,9.50"
2026-07-11T14:05:58.736+00:00,/dev/cu.usbserial-576B0005451,"RX,1068371,R35,TXC,N31,117,476381,G,0,0.93,0.90,5,U,-44,9.75"
2026-07-11T14:05:58.985+00:00,/dev/cu.usbserial-576B0005451,"RX,1068619,R35,TXA,N01,474,476626,C,1,0.81,0.78,5,F,-39,9.75"
2026-07-11T14:05:59.253+00:00,/dev/cu.usbserial-576B0005451,"RX,1068886,R35,TXB,N16,236,476892,A,1,0.75,0.72,5,U,-51,9.50"
2026-07-11T14:05:59.735+00:00,/dev/cu.usbserial-576B0005451,"RX,1069369,R35,TXE,N61,234,477381,E,1,0.87,0.84,5,U,-54,9.75"
2026-07-11T14:05:59.845+00:00,/dev/cu.usbserial-576B0005451,"RX,1069480,R35,TXI,N121,117,477480,G,0,0.93,0.90,5,U,-44,9.75"
2026-07-11T14:05:59.985+00:00,/dev/cu.usbserial-576B0005451,"RX,1069620,R35,TXA,N01,475,477626,D,1,0.24,0.22,5,F,-39,10.00"
2026-07-11T14:06:00.128+00:00,/dev/cu.usbserial-576B0005451,"RX,1069762,R35,TXK,N151,238,477762,E,0,0.87,0.84,5,U,-48,9.75"
2026-07-11T14:06:00.985+00:00,/dev/cu.usbserial-576B0005451,"RX,1070619,R35,TXA,N01,476,478626,E,0,0.87,0.84,5,F,-39,9.75"
2026-07-11T14:06:01.252+00:00,/dev/cu.usbserial-576B0005451,"RX,1070886,R35,TXB,N16,237,478892,C,1,0.81,0.78,5,U,-51,9.75"
2026-07-11T14:06:01.735+00:00,/dev/cu.usbserial-576B0005451,"RX,1071370,R35,TXE,N61,235,479381,G,0,0.93,0.90,5,U,-51,10.00"
2026-07-11T14:06:01.985+00:00,/dev/cu.usbserial-576B0005451,"RX,1071619,R35,TXA,N01,477,479626,F,1,0.28,0.26,5,F,-40,9.00"
2026-07-11T14:06:02.276+00:00,/dev/cu.usbserial-576B0005451,"RX,1071910,R35,TXL,N166,31,479916,G,1,0.93,0.90,5,U,-48,9.50"
2026-07-11T14:06:02.482+00:00,/dev/cu.usbserial-576B0005451,"RX,1072117,R35,TXF,N76,118,480130,E,0,0.87,0.84,5,U,-46,9.50"
2026-07-11T14:06:02.787+00:00,/dev/cu.usbserial-576B0005451,"RX,1072422,R35,TXD,N46,59,480430,G,1,0.93,0.90,5,U,-45,9.25"
2026-07-11T14:06:02.986+00:00,/dev/cu.usbserial-576B0005451,"RX,1072620,R35,TXA,N01,478,480626,G,1,0.93,0.90,5,F,-39,9.75"
2026-07-11T14:06:03.252+00:00,/dev/cu.usbserial-576B0005451,"RX,1072886,R35,TXB,N16,238,480892,E,0,0.87,0.84,5,U,-49,9.50"
2026-07-11T14:06:03.432+00:00,/dev/cu.usbserial-576B0005451,"RX,1073067,R35,TXG,N91,58,481079,G,0,0.93,0.90,5,U,-48,12.00"
2026-07-11T14:06:03.735+00:00,/dev/cu.usbserial-576B0005451,"RX,1073369,R35,TXE,N61,236,481381,A,1,0.75,0.72,5,U,-48,9.25"
2026-07-11T14:06:03.985+00:00,/dev/cu.usbserial-576B0005451,"RX,1073620,R35,TXA,N01,479,481626,H,0,0.32,0.30,5,F,-39,9.50"
2026-07-11T14:06:04.128+00:00,/dev/cu.usbserial-576B0005451,"RX,1073762,R35,TXK,N151,240,481762,A,1,0.75,0.72,5,U,-49,10.50"
2026-07-11T14:06:04.482+00:00,/dev/cu.usbserial-576B0005451,"RX,1074117,R35,TXF,N76,119,482130,G,1,0.93,0.90,5,U,-46,9.75"
2026-07-11T14:06:04.640+00:00,/dev/cu.usbserial-576B0005451,"RX,1074275,R35,TXJ,N136,58,482279,G,0,0.93,0.90,5,U,-44,9.75"
2026-07-11T14:06:04.736+00:00,/dev/cu.usbserial-576B0005451,"RX,1074371,R35,TXC,N31,118,482381,E,0,0.87,0.84,5,U,-51,9.50"
2026-07-11T14:06:04.985+00:00,/dev/cu.usbserial-576B0005451,"RX,1074620,R35,TXA,N01,480,482626,A,1,0.75,0.72,5,F,-42,9.50"
2026-07-11T14:06:05.252+00:00,/dev/cu.usbserial-576B0005451,"RX,1074886,R35,TXB,N16,239,482892,G,1,0.93,0.90,5,U,-53,9.75"
2026-07-11T14:06:05.735+00:00,/dev/cu.usbserial-576B0005451,"RX,1075369,R35,TXE,N61,237,483381,C,1,0.81,0.78,5,U,-47,9.50"
2026-07-11T14:06:05.845+00:00,/dev/cu.usbserial-576B0005451,"RX,1075480,R35,TXI,N121,118,483480,E,0,0.87,0.84,5,U,-44,9.75"
2026-07-11T14:06:05.985+00:00,/dev/cu.usbserial-576B0005451,"RX,1075620,R35,TXA,N01,481,483626,B,1,0.20,0.18,5,F,-41,9.75"
2026-07-11T14:06:06.128+00:00,/dev/cu.usbserial-576B0005451,"RX,1075762,R35,TXK,N151,241,483762,C,0,0.81,0.78,5,U,-49,10.25"
2026-07-11T14:06:06.736+00:00,/dev/cu.usbserial-576B0005451,"RX,1076371,R35,TXC,N31,119,484381,G,1,0.93,0.90,5,U,-52,9.50"
2026-07-11T14:06:06.985+00:00,/dev/cu.usbserial-576B0005451,"RX,1076620,R35,TXA,N01,482,484626,C,0,0.81,0.78,5,F,-41,10.25"
2026-07-11T14:06:07.252+00:00,/dev/cu.usbserial-576B0005451,"RX,1076886,R35,TXB,N16,240,484892,A,1,0.75,0.72,5,U,-53,9.50"
